# generated by a generate_*.py
mtllib gnome.mtl
o gnome_body
g part0
usemtl coat
v 0.00000 0.19000 0.10000
v 0.03827 0.19000 0.09239
v 0.07071 0.19000 0.07071
v 0.09239 0.19000 0.03827
v 0.10000 0.19000 0.00000
v 0.09239 0.19000 -0.03827
v 0.07071 0.19000 -0.07071
v 0.03827 0.19000 -0.09239
v 0.00000 0.19000 -0.10000
v -0.03827 0.19000 -0.09239
v -0.07071 0.19000 -0.07071
v -0.09239 0.19000 -0.03827
v -0.10000 0.19000 -0.00000
v -0.09239 0.19000 0.03827
v -0.07071 0.19000 0.07071
v -0.03827 0.19000 0.09239
v 0.00000 0.21584 0.10226
v 0.03913 0.21584 0.09447
v 0.07231 0.21584 0.07231
v 0.09447 0.21584 0.03913
v 0.10226 0.21584 0.00000
v 0.09447 0.21584 -0.03913
v 0.07231 0.21584 -0.07231
v 0.03913 0.21584 -0.09447
v 0.00000 0.21584 -0.10226
v -0.03913 0.21584 -0.09447
v -0.07231 0.21584 -0.07231
v -0.09447 0.21584 -0.03913
v -0.10226 0.21584 -0.00000
v -0.09447 0.21584 0.03913
v -0.07231 0.21584 0.07231
v -0.03913 0.21584 0.09447
v 0.00000 0.24152 0.10517
v 0.04025 0.24152 0.09716
v 0.07437 0.24152 0.07437
v 0.09716 0.24152 0.04025
v 0.10517 0.24152 0.00000
v 0.09716 0.24152 -0.04025
v 0.07437 0.24152 -0.07437
v 0.04025 0.24152 -0.09716
v 0.00000 0.24152 -0.10517
v -0.04025 0.24152 -0.09716
v -0.07437 0.24152 -0.07437
v -0.09716 0.24152 -0.04025
v -0.10517 0.24152 -0.00000
v -0.09716 0.24152 0.04025
v -0.07437 0.24152 0.07437
v -0.04025 0.24152 0.09716
v 0.00000 0.26728 0.10775
v 0.04123 0.26728 0.09955
v 0.07619 0.26728 0.07619
v 0.09955 0.26728 0.04123
v 0.10775 0.26728 0.00000
v 0.09955 0.26728 -0.04123
v 0.07619 0.26728 -0.07619
v 0.04123 0.26728 -0.09955
v 0.00000 0.26728 -0.10775
v -0.04123 0.26728 -0.09955
v -0.07619 0.26728 -0.07619
v -0.09955 0.26728 -0.04123
v -0.10775 0.26728 -0.00000
v -0.09955 0.26728 0.04123
v -0.07619 0.26728 0.07619
v -0.04123 0.26728 0.09955
v 0.00000 0.29336 0.10902
v 0.04172 0.29336 0.10073
v 0.07709 0.29336 0.07709
v 0.10073 0.29336 0.04172
v 0.10902 0.29336 0.00000
v 0.10073 0.29336 -0.04172
v 0.07709 0.29336 -0.07709
v 0.04172 0.29336 -0.10073
v 0.00000 0.29336 -0.10902
v -0.04172 0.29336 -0.10073
v -0.07709 0.29336 -0.07709
v -0.10073 0.29336 -0.04172
v -0.10902 0.29336 -0.00000
v -0.10073 0.29336 0.04172
v -0.07709 0.29336 0.07709
v -0.04172 0.29336 0.10073
v 0.00000 0.32000 0.10800
v 0.04133 0.32000 0.09978
v 0.07637 0.32000 0.07637
v 0.09978 0.32000 0.04133
v 0.10800 0.32000 0.00000
v 0.09978 0.32000 -0.04133
v 0.07637 0.32000 -0.07637
v 0.04133 0.32000 -0.09978
v 0.00000 0.32000 -0.10800
v -0.04133 0.32000 -0.09978
v -0.07637 0.32000 -0.07637
v -0.09978 0.32000 -0.04133
v -0.10800 0.32000 -0.00000
v -0.09978 0.32000 0.04133
v -0.07637 0.32000 0.07637
v -0.04133 0.32000 0.09978
v 0.00000 0.34736 0.10402
v 0.03981 0.34736 0.09611
v 0.07356 0.34736 0.07356
v 0.09611 0.34736 0.03981
v 0.10402 0.34736 0.00000
v 0.09611 0.34736 -0.03981
v 0.07356 0.34736 -0.07356
v 0.03981 0.34736 -0.09611
v 0.00000 0.34736 -0.10402
v -0.03981 0.34736 -0.09611
v -0.07356 0.34736 -0.07356
v -0.09611 0.34736 -0.03981
v -0.10402 0.34736 -0.00000
v -0.09611 0.34736 0.03981
v -0.07356 0.34736 0.07356
v -0.03981 0.34736 0.09611
v 0.00000 0.37528 0.09775
v 0.03741 0.37528 0.09031
v 0.06912 0.37528 0.06912
v 0.09031 0.37528 0.03741
v 0.09775 0.37528 0.00000
v 0.09031 0.37528 -0.03741
v 0.06912 0.37528 -0.06912
v 0.03741 0.37528 -0.09031
v 0.00000 0.37528 -0.09775
v -0.03741 0.37528 -0.09031
v -0.06912 0.37528 -0.06912
v -0.09031 0.37528 -0.03741
v -0.09775 0.37528 -0.00000
v -0.09031 0.37528 0.03741
v -0.06912 0.37528 0.06912
v -0.03741 0.37528 0.09031
v 0.00000 0.40352 0.09017
v 0.03451 0.40352 0.08330
v 0.06376 0.40352 0.06376
v 0.08330 0.40352 0.03451
v 0.09017 0.40352 0.00000
v 0.08330 0.40352 -0.03451
v 0.06376 0.40352 -0.06376
v 0.03451 0.40352 -0.08330
v 0.00000 0.40352 -0.09017
v -0.03451 0.40352 -0.08330
v -0.06376 0.40352 -0.06376
v -0.08330 0.40352 -0.03451
v -0.09017 0.40352 -0.00000
v -0.08330 0.40352 0.03451
v -0.06376 0.40352 0.06376
v -0.03451 0.40352 0.08330
v 0.00000 0.43184 0.08226
v 0.03148 0.43184 0.07599
v 0.05816 0.43184 0.05816
v 0.07599 0.43184 0.03148
v 0.08226 0.43184 0.00000
v 0.07599 0.43184 -0.03148
v 0.05816 0.43184 -0.05816
v 0.03148 0.43184 -0.07599
v 0.00000 0.43184 -0.08226
v -0.03148 0.43184 -0.07599
v -0.05816 0.43184 -0.05816
v -0.07599 0.43184 -0.03148
v -0.08226 0.43184 -0.00000
v -0.07599 0.43184 0.03148
v -0.05816 0.43184 0.05816
v -0.03148 0.43184 0.07599
v 0.00000 0.46000 0.07500
v 0.02870 0.46000 0.06929
v 0.05303 0.46000 0.05303
v 0.06929 0.46000 0.02870
v 0.07500 0.46000 0.00000
v 0.06929 0.46000 -0.02870
v 0.05303 0.46000 -0.05303
v 0.02870 0.46000 -0.06929
v 0.00000 0.46000 -0.07500
v -0.02870 0.46000 -0.06929
v -0.05303 0.46000 -0.05303
v -0.06929 0.46000 -0.02870
v -0.07500 0.46000 -0.00000
v -0.06929 0.46000 0.02870
v -0.05303 0.46000 0.05303
v -0.02870 0.46000 0.06929
v 0.00000 0.19000 0.10000
v 0.03827 0.19000 0.09239
v 0.07071 0.19000 0.07071
v 0.09239 0.19000 0.03827
v 0.10000 0.19000 0.00000
v 0.09239 0.19000 -0.03827
v 0.07071 0.19000 -0.07071
v 0.03827 0.19000 -0.09239
v 0.00000 0.19000 -0.10000
v -0.03827 0.19000 -0.09239
v -0.07071 0.19000 -0.07071
v -0.09239 0.19000 -0.03827
v -0.10000 0.19000 -0.00000
v -0.09239 0.19000 0.03827
v -0.07071 0.19000 0.07071
v -0.03827 0.19000 0.09239
v 0.00000 0.19000 0.00000
v 0.00000 0.46000 0.07500
v 0.02870 0.46000 0.06929
v 0.05303 0.46000 0.05303
v 0.06929 0.46000 0.02870
v 0.07500 0.46000 0.00000
v 0.06929 0.46000 -0.02870
v 0.05303 0.46000 -0.05303
v 0.02870 0.46000 -0.06929
v 0.00000 0.46000 -0.07500
v -0.02870 0.46000 -0.06929
v -0.05303 0.46000 -0.05303
v -0.06929 0.46000 -0.02870
v -0.07500 0.46000 -0.00000
v -0.06929 0.46000 0.02870
v -0.05303 0.46000 0.05303
v -0.02870 0.46000 0.06929
v 0.00000 0.46000 0.00000
vn -0.0000 -0.0870 0.9962
vn 0.3812 -0.0870 0.9204
vn 0.7044 -0.0870 0.7044
vn 0.9204 -0.0870 0.3812
vn 0.9962 -0.0870 0.0000
vn 0.9204 -0.0870 -0.3812
vn 0.7044 -0.0870 -0.7044
vn 0.3812 -0.0870 -0.9204
vn 0.0000 -0.0870 -0.9962
vn -0.3812 -0.0870 -0.9204
vn -0.7044 -0.0870 -0.7044
vn -0.9204 -0.0870 -0.3812
vn -0.9962 -0.0870 -0.0000
vn -0.9204 -0.0870 0.3812
vn -0.7044 -0.0870 0.7044
vn -0.3812 -0.0870 0.9204
vn -0.0000 -0.0998 0.9950
vn 0.3808 -0.0998 0.9193
vn 0.7036 -0.0998 0.7036
vn 0.9193 -0.0998 0.3808
vn 0.9950 -0.0998 0.0000
vn 0.9193 -0.0998 -0.3808
vn 0.7036 -0.0998 -0.7036
vn 0.3808 -0.0998 -0.9193
vn 0.0000 -0.0998 -0.9950
vn -0.3808 -0.0998 -0.9193
vn -0.7036 -0.0998 -0.7036
vn -0.9193 -0.0998 -0.3808
vn -0.9950 -0.0998 -0.0000
vn -0.9193 -0.0998 0.3808
vn -0.7036 -0.0998 0.7036
vn -0.3808 -0.0998 0.9193
vn -0.0000 -0.1062 0.9943
vn 0.3805 -0.1062 0.9187
vn 0.7031 -0.1062 0.7031
vn 0.9187 -0.1062 0.3805
vn 0.9943 -0.1062 0.0000
vn 0.9187 -0.1062 -0.3805
vn 0.7031 -0.1062 -0.7031
vn 0.3805 -0.1062 -0.9187
vn 0.0000 -0.1062 -0.9943
vn -0.3805 -0.1062 -0.9187
vn -0.7031 -0.1062 -0.7031
vn -0.9187 -0.1062 -0.3805
vn -0.9943 -0.1062 -0.0000
vn -0.9187 -0.1062 0.3805
vn -0.7031 -0.1062 0.7031
vn -0.3805 -0.1062 0.9187
vn -0.0000 -0.0742 0.9972
vn 0.3816 -0.0742 0.9213
vn 0.7052 -0.0742 0.7052
vn 0.9213 -0.0742 0.3816
vn 0.9972 -0.0742 0.0000
vn 0.9213 -0.0742 -0.3816
vn 0.7052 -0.0742 -0.7052
vn 0.3816 -0.0742 -0.9213
vn 0.0000 -0.0742 -0.9972
vn -0.3816 -0.0742 -0.9213
vn -0.7052 -0.0742 -0.7052
vn -0.9213 -0.0742 -0.3816
vn -0.9972 -0.0742 -0.0000
vn -0.9213 -0.0742 0.3816
vn -0.7052 -0.0742 0.7052
vn -0.3816 -0.0742 0.9213
vn -0.0000 -0.0047 1.0000
vn 0.3827 -0.0047 0.9239
vn 0.7071 -0.0047 0.7071
vn 0.9239 -0.0047 0.3827
vn 1.0000 -0.0047 0.0000
vn 0.9239 -0.0047 -0.3827
vn 0.7071 -0.0047 -0.7071
vn 0.3827 -0.0047 -0.9239
vn 0.0000 -0.0047 -1.0000
vn -0.3827 -0.0047 -0.9239
vn -0.7071 -0.0047 -0.7071
vn -0.9239 -0.0047 -0.3827
vn -1.0000 -0.0047 -0.0000
vn -0.9239 -0.0047 0.3827
vn -0.7071 -0.0047 0.7071
vn -0.3827 -0.0047 0.9239
vn -0.0000 0.0922 0.9957
vn 0.3811 0.0922 0.9199
vn 0.7041 0.0922 0.7041
vn 0.9199 0.0922 0.3811
vn 0.9957 0.0922 0.0000
vn 0.9199 0.0922 -0.3811
vn 0.7041 0.0922 -0.7041
vn 0.3811 0.0922 -0.9199
vn 0.0000 0.0922 -0.9957
vn -0.3811 0.0922 -0.9199
vn -0.7041 0.0922 -0.7041
vn -0.9199 0.0922 -0.3811
vn -0.9957 0.0922 -0.0000
vn -0.9199 0.0922 0.3811
vn -0.7041 0.0922 0.7041
vn -0.3811 0.0922 0.9199
vn -0.0000 0.1823 0.9832
vn 0.3763 0.1823 0.9084
vn 0.6953 0.1823 0.6953
vn 0.9084 0.1823 0.3763
vn 0.9832 0.1823 0.0000
vn 0.9084 0.1823 -0.3763
vn 0.6953 0.1823 -0.6953
vn 0.3763 0.1823 -0.9084
vn 0.0000 0.1823 -0.9832
vn -0.3763 0.1823 -0.9084
vn -0.6953 0.1823 -0.6953
vn -0.9084 0.1823 -0.3763
vn -0.9832 0.1823 0.0000
vn -0.9084 0.1823 0.3763
vn -0.6953 0.1823 0.6953
vn -0.3763 0.1823 0.9084
vn -0.0000 0.2395 0.9709
vn 0.3715 0.2395 0.8970
vn 0.6865 0.2395 0.6865
vn 0.8970 0.2395 0.3715
vn 0.9709 0.2395 0.0000
vn 0.8970 0.2395 -0.3715
vn 0.6865 0.2395 -0.6865
vn 0.3715 0.2395 -0.8970
vn 0.0000 0.2395 -0.9709
vn -0.3715 0.2395 -0.8970
vn -0.6865 0.2395 -0.6865
vn -0.8970 0.2395 -0.3715
vn -0.9709 0.2395 -0.0000
vn -0.8970 0.2395 0.3715
vn -0.6865 0.2395 0.6865
vn -0.3715 0.2395 0.8970
vn -0.0000 0.2642 0.9645
vn 0.3691 0.2642 0.8910
vn 0.6820 0.2642 0.6820
vn 0.8910 0.2642 0.3691
vn 0.9645 0.2642 0.0000
vn 0.8910 0.2642 -0.3691
vn 0.6820 0.2642 -0.6820
vn 0.3691 0.2642 -0.8910
vn 0.0000 0.2642 -0.9645
vn -0.3691 0.2642 -0.8910
vn -0.6820 0.2642 -0.6820
vn -0.8910 0.2642 -0.3691
vn -0.9645 0.2642 -0.0000
vn -0.8910 0.2642 0.3691
vn -0.6820 0.2642 0.6820
vn -0.3691 0.2642 0.8910
vn -0.0000 0.2594 0.9658
vn 0.3696 0.2594 0.8923
vn 0.6829 0.2594 0.6829
vn 0.8923 0.2594 0.3696
vn 0.9658 0.2594 0.0000
vn 0.8923 0.2594 -0.3696
vn 0.6829 0.2594 -0.6829
vn 0.3696 0.2594 -0.8923
vn 0.0000 0.2594 -0.9658
vn -0.3696 0.2594 -0.8923
vn -0.6829 0.2594 -0.6829
vn -0.8923 0.2594 -0.3696
vn -0.9658 0.2594 -0.0000
vn -0.8923 0.2594 0.3696
vn -0.6829 0.2594 0.6829
vn -0.3696 0.2594 0.8923
vn -0.0000 0.2495 0.9684
vn 0.3706 0.2495 0.8947
vn 0.6847 0.2495 0.6847
vn 0.8947 0.2495 0.3706
vn 0.9684 0.2495 0.0000
vn 0.8947 0.2495 -0.3706
vn 0.6847 0.2495 -0.6847
vn 0.3706 0.2495 -0.8947
vn 0.0000 0.2495 -0.9684
vn -0.3706 0.2495 -0.8947
vn -0.6847 0.2495 -0.6847
vn -0.8947 0.2495 -0.3706
vn -0.9684 0.2495 -0.0000
vn -0.8947 0.2495 0.3706
vn -0.6847 0.2495 0.6847
vn -0.3706 0.2495 0.8947
vn -0.0000 -1.0000 -0.0000
vn -0.0000 -1.0000 -0.0000
vn -0.0000 -1.0000 -0.0000
vn -0.0000 -1.0000 -0.0000
vn -0.0000 -1.0000 -0.0000
vn -0.0000 -1.0000 -0.0000
vn -0.0000 -1.0000 -0.0000
vn -0.0000 -1.0000 -0.0000
vn -0.0000 -1.0000 -0.0000
vn -0.0000 -1.0000 -0.0000
vn -0.0000 -1.0000 -0.0000
vn -0.0000 -1.0000 -0.0000
vn -0.0000 -1.0000 -0.0000
vn -0.0000 -1.0000 -0.0000
vn -0.0000 -1.0000 -0.0000
vn -0.0000 -1.0000 -0.0000
vn -0.0000 -1.0000 -0.0000
vn 0.0000 1.0000 0.0000
vn 0.0000 1.0000 0.0000
vn 0.0000 1.0000 0.0000
vn 0.0000 1.0000 0.0000
vn 0.0000 1.0000 0.0000
vn 0.0000 1.0000 0.0000
vn 0.0000 1.0000 0.0000
vn 0.0000 1.0000 0.0000
vn 0.0000 1.0000 0.0000
vn 0.0000 1.0000 0.0000
vn 0.0000 1.0000 0.0000
vn 0.0000 1.0000 0.0000
vn 0.0000 1.0000 0.0000
vn 0.0000 1.0000 0.0000
vn 0.0000 1.0000 0.0000
vn 0.0000 1.0000 0.0000
vn 0.0000 1.0000 0.0000
f 1//1 2//2 18//18 17//17
f 2//2 3//3 19//19 18//18
f 3//3 4//4 20//20 19//19
f 4//4 5//5 21//21 20//20
f 5//5 6//6 22//22 21//21
f 6//6 7//7 23//23 22//22
f 7//7 8//8 24//24 23//23
f 8//8 9//9 25//25 24//24
f 9//9 10//10 26//26 25//25
f 10//10 11//11 27//27 26//26
f 11//11 12//12 28//28 27//27
f 12//12 13//13 29//29 28//28
f 13//13 14//14 30//30 29//29
f 14//14 15//15 31//31 30//30
f 15//15 16//16 32//32 31//31
f 16//16 1//1 17//17 32//32
f 17//17 18//18 34//34 33//33
f 18//18 19//19 35//35 34//34
f 19//19 20//20 36//36 35//35
f 20//20 21//21 37//37 36//36
f 21//21 22//22 38//38 37//37
f 22//22 23//23 39//39 38//38
f 23//23 24//24 40//40 39//39
f 24//24 25//25 41//41 40//40
f 25//25 26//26 42//42 41//41
f 26//26 27//27 43//43 42//42
f 27//27 28//28 44//44 43//43
f 28//28 29//29 45//45 44//44
f 29//29 30//30 46//46 45//45
f 30//30 31//31 47//47 46//46
f 31//31 32//32 48//48 47//47
f 32//32 17//17 33//33 48//48
f 33//33 34//34 50//50 49//49
f 34//34 35//35 51//51 50//50
f 35//35 36//36 52//52 51//51
f 36//36 37//37 53//53 52//52
f 37//37 38//38 54//54 53//53
f 38//38 39//39 55//55 54//54
f 39//39 40//40 56//56 55//55
f 40//40 41//41 57//57 56//56
f 41//41 42//42 58//58 57//57
f 42//42 43//43 59//59 58//58
f 43//43 44//44 60//60 59//59
f 44//44 45//45 61//61 60//60
f 45//45 46//46 62//62 61//61
f 46//46 47//47 63//63 62//62
f 47//47 48//48 64//64 63//63
f 48//48 33//33 49//49 64//64
f 49//49 50//50 66//66 65//65
f 50//50 51//51 67//67 66//66
f 51//51 52//52 68//68 67//67
f 52//52 53//53 69//69 68//68
f 53//53 54//54 70//70 69//69
f 54//54 55//55 71//71 70//70
f 55//55 56//56 72//72 71//71
f 56//56 57//57 73//73 72//72
f 57//57 58//58 74//74 73//73
f 58//58 59//59 75//75 74//74
f 59//59 60//60 76//76 75//75
f 60//60 61//61 77//77 76//76
f 61//61 62//62 78//78 77//77
f 62//62 63//63 79//79 78//78
f 63//63 64//64 80//80 79//79
f 64//64 49//49 65//65 80//80
f 65//65 66//66 82//82 81//81
f 66//66 67//67 83//83 82//82
f 67//67 68//68 84//84 83//83
f 68//68 69//69 85//85 84//84
f 69//69 70//70 86//86 85//85
f 70//70 71//71 87//87 86//86
f 71//71 72//72 88//88 87//87
f 72//72 73//73 89//89 88//88
f 73//73 74//74 90//90 89//89
f 74//74 75//75 91//91 90//90
f 75//75 76//76 92//92 91//91
f 76//76 77//77 93//93 92//92
f 77//77 78//78 94//94 93//93
f 78//78 79//79 95//95 94//94
f 79//79 80//80 96//96 95//95
f 80//80 65//65 81//81 96//96
f 81//81 82//82 98//98 97//97
f 82//82 83//83 99//99 98//98
f 83//83 84//84 100//100 99//99
f 84//84 85//85 101//101 100//100
f 85//85 86//86 102//102 101//101
f 86//86 87//87 103//103 102//102
f 87//87 88//88 104//104 103//103
f 88//88 89//89 105//105 104//104
f 89//89 90//90 106//106 105//105
f 90//90 91//91 107//107 106//106
f 91//91 92//92 108//108 107//107
f 92//92 93//93 109//109 108//108
f 93//93 94//94 110//110 109//109
f 94//94 95//95 111//111 110//110
f 95//95 96//96 112//112 111//111
f 96//96 81//81 97//97 112//112
f 97//97 98//98 114//114 113//113
f 98//98 99//99 115//115 114//114
f 99//99 100//100 116//116 115//115
f 100//100 101//101 117//117 116//116
f 101//101 102//102 118//118 117//117
f 102//102 103//103 119//119 118//118
f 103//103 104//104 120//120 119//119
f 104//104 105//105 121//121 120//120
f 105//105 106//106 122//122 121//121
f 106//106 107//107 123//123 122//122
f 107//107 108//108 124//124 123//123
f 108//108 109//109 125//125 124//124
f 109//109 110//110 126//126 125//125
f 110//110 111//111 127//127 126//126
f 111//111 112//112 128//128 127//127
f 112//112 97//97 113//113 128//128
f 113//113 114//114 130//130 129//129
f 114//114 115//115 131//131 130//130
f 115//115 116//116 132//132 131//131
f 116//116 117//117 133//133 132//132
f 117//117 118//118 134//134 133//133
f 118//118 119//119 135//135 134//134
f 119//119 120//120 136//136 135//135
f 120//120 121//121 137//137 136//136
f 121//121 122//122 138//138 137//137
f 122//122 123//123 139//139 138//138
f 123//123 124//124 140//140 139//139
f 124//124 125//125 141//141 140//140
f 125//125 126//126 142//142 141//141
f 126//126 127//127 143//143 142//142
f 127//127 128//128 144//144 143//143
f 128//128 113//113 129//129 144//144
f 129//129 130//130 146//146 145//145
f 130//130 131//131 147//147 146//146
f 131//131 132//132 148//148 147//147
f 132//132 133//133 149//149 148//148
f 133//133 134//134 150//150 149//149
f 134//134 135//135 151//151 150//150
f 135//135 136//136 152//152 151//151
f 136//136 137//137 153//153 152//152
f 137//137 138//138 154//154 153//153
f 138//138 139//139 155//155 154//154
f 139//139 140//140 156//156 155//155
f 140//140 141//141 157//157 156//156
f 141//141 142//142 158//158 157//157
f 142//142 143//143 159//159 158//158
f 143//143 144//144 160//160 159//159
f 144//144 129//129 145//145 160//160
f 145//145 146//146 162//162 161//161
f 146//146 147//147 163//163 162//162
f 147//147 148//148 164//164 163//163
f 148//148 149//149 165//165 164//164
f 149//149 150//150 166//166 165//165
f 150//150 151//151 167//167 166//166
f 151//151 152//152 168//168 167//167
f 152//152 153//153 169//169 168//168
f 153//153 154//154 170//170 169//169
f 154//154 155//155 171//171 170//170
f 155//155 156//156 172//172 171//171
f 156//156 157//157 173//173 172//172
f 157//157 158//158 174//174 173//173
f 158//158 159//159 175//175 174//174
f 159//159 160//160 176//176 175//175
f 160//160 145//145 161//161 176//176
f 178//178 193//193 177//177
f 179//179 193//193 178//178
f 180//180 193//193 179//179
f 181//181 193//193 180//180
f 182//182 193//193 181//181
f 183//183 193//193 182//182
f 184//184 193//193 183//183
f 185//185 193//193 184//184
f 186//186 193//193 185//185
f 187//187 193//193 186//186
f 188//188 193//193 187//187
f 189//189 193//193 188//188
f 190//190 193//193 189//189
f 191//191 193//193 190//190
f 192//192 193//193 191//191
f 177//177 193//193 192//192
f 195//195 210//210 194//194
f 196//196 210//210 195//195
f 197//197 210//210 196//196
f 198//198 210//210 197//197
f 199//199 210//210 198//198
f 200//200 210//210 199//199
f 201//201 210//210 200//200
f 202//202 210//210 201//201
f 203//203 210//210 202//202
f 204//204 210//210 203//203
f 205//205 210//210 204//204
f 206//206 210//210 205//205
f 207//207 210//210 206//206
f 208//208 210//210 207//207
f 209//209 210//210 208//208
f 194//194 210//210 209//209
g part1
usemtl belt
v 0.00000 0.28600 0.00000
v 0.00000 0.28600 0.00000
v 0.00000 0.28600 0.00000
v 0.00000 0.28600 0.00000
v 0.00000 0.28600 0.00000
v 0.00000 0.28600 0.00000
v 0.00000 0.28600 0.00000
v 0.00000 0.28600 0.00000
v 0.00000 0.28600 0.00000
v 0.00000 0.28600 0.00000
v 0.00000 0.28600 0.00000
v 0.00000 0.28600 0.00000
v 0.00000 0.28600 0.00000
v 0.00000 0.28600 0.00000
v 0.00000 0.28600 0.00000
v 0.00000 0.28600 0.00000
v 0.00000 0.28386 0.05550
v 0.02124 0.28386 0.05128
v 0.03924 0.28386 0.03924
v 0.05128 0.28386 0.02124
v 0.05550 0.28386 0.00000
v 0.05128 0.28386 -0.02124
v 0.03924 0.28386 -0.03924
v 0.02124 0.28386 -0.05128
v 0.00000 0.28386 -0.05550
v -0.02124 0.28386 -0.05128
v -0.03924 0.28386 -0.03924
v -0.05128 0.28386 -0.02124
v -0.05550 0.28386 -0.00000
v -0.05128 0.28386 0.02124
v -0.03924 0.28386 0.03924
v -0.02124 0.28386 0.05128
v 0.00000 0.27800 0.09613
v 0.03679 0.27800 0.08881
v 0.06797 0.27800 0.06797
v 0.08881 0.27800 0.03679
v 0.09613 0.27800 0.00000
v 0.08881 0.27800 -0.03679
v 0.06797 0.27800 -0.06797
v 0.03679 0.27800 -0.08881
v 0.00000 0.27800 -0.09613
v -0.03679 0.27800 -0.08881
v -0.06797 0.27800 -0.06797
v -0.08881 0.27800 -0.03679
v -0.09613 0.27800 -0.00000
v -0.08881 0.27800 0.03679
v -0.06797 0.27800 0.06797
v -0.03679 0.27800 0.08881
v 0.00000 0.27000 0.11100
v 0.04248 0.27000 0.10255
v 0.07849 0.27000 0.07849
v 0.10255 0.27000 0.04248
v 0.11100 0.27000 0.00000
v 0.10255 0.27000 -0.04248
v 0.07849 0.27000 -0.07849
v 0.04248 0.27000 -0.10255
v 0.00000 0.27000 -0.11100
v -0.04248 0.27000 -0.10255
v -0.07849 0.27000 -0.07849
v -0.10255 0.27000 -0.04248
v -0.11100 0.27000 -0.00000
v -0.10255 0.27000 0.04248
v -0.07849 0.27000 0.07849
v -0.04248 0.27000 0.10255
v 0.00000 0.26200 0.09613
v 0.03679 0.26200 0.08881
v 0.06797 0.26200 0.06797
v 0.08881 0.26200 0.03679
v 0.09613 0.26200 0.00000
v 0.08881 0.26200 -0.03679
v 0.06797 0.26200 -0.06797
v 0.03679 0.26200 -0.08881
v 0.00000 0.26200 -0.09613
v -0.03679 0.26200 -0.08881
v -0.06797 0.26200 -0.06797
v -0.08881 0.26200 -0.03679
v -0.09613 0.26200 -0.00000
v -0.08881 0.26200 0.03679
v -0.06797 0.26200 0.06797
v -0.03679 0.26200 0.08881
v 0.00000 0.25614 0.05550
v 0.02124 0.25614 0.05128
v 0.03924 0.25614 0.03924
v 0.05128 0.25614 0.02124
v 0.05550 0.25614 0.00000
v 0.05128 0.25614 -0.02124
v 0.03924 0.25614 -0.03924
v 0.02124 0.25614 -0.05128
v 0.00000 0.25614 -0.05550
v -0.02124 0.25614 -0.05128
v -0.03924 0.25614 -0.03924
v -0.05128 0.25614 -0.02124
v -0.05550 0.25614 -0.00000
v -0.05128 0.25614 0.02124
v -0.03924 0.25614 0.03924
v -0.02124 0.25614 0.05128
v 0.00000 0.25400 0.00000
v 0.00000 0.25400 0.00000
v 0.00000 0.25400 0.00000
v 0.00000 0.25400 0.00000
v 0.00000 0.25400 0.00000
v 0.00000 0.25400 -0.00000
v 0.00000 0.25400 -0.00000
v 0.00000 0.25400 -0.00000
v 0.00000 0.25400 -0.00000
v -0.00000 0.25400 -0.00000
v -0.00000 0.25400 -0.00000
v -0.00000 0.25400 -0.00000
v -0.00000 0.25400 -0.00000
v -0.00000 0.25400 0.00000
v -0.00000 0.25400 0.00000
v -0.00000 0.25400 0.00000
vn 0.0000 1.0000 0.0000
vn 0.0000 1.0000 0.0000
vn 0.0000 1.0000 0.0000
vn 0.0000 1.0000 0.0000
vn 0.0000 1.0000 0.0000
vn 0.0000 1.0000 -0.0000
vn 0.0000 1.0000 -0.0000
vn 0.0000 1.0000 -0.0000
vn 0.0000 1.0000 -0.0000
vn -0.0000 1.0000 -0.0000
vn -0.0000 1.0000 -0.0000
vn -0.0000 1.0000 -0.0000
vn -0.0000 1.0000 -0.0000
vn -0.0000 1.0000 0.0000
vn -0.0000 1.0000 0.0000
vn -0.0000 1.0000 0.0000
vn 0.0000 0.9966 0.0829
vn 0.0317 0.9966 0.0766
vn 0.0586 0.9966 0.0586
vn 0.0766 0.9966 0.0317
vn 0.0829 0.9966 0.0000
vn 0.0766 0.9966 -0.0317
vn 0.0586 0.9966 -0.0586
vn 0.0317 0.9966 -0.0766
vn 0.0000 0.9966 -0.0829
vn -0.0317 0.9966 -0.0766
vn -0.0586 0.9966 -0.0586
vn -0.0766 0.9966 -0.0317
vn -0.0829 0.9966 -0.0000
vn -0.0766 0.9966 0.0317
vn -0.0586 0.9966 0.0586
vn -0.0317 0.9966 0.0766
vn 0.0000 0.9702 0.2422
vn 0.0927 0.9702 0.2238
vn 0.1713 0.9702 0.1713
vn 0.2238 0.9702 0.0927
vn 0.2422 0.9702 0.0000
vn 0.2238 0.9702 -0.0927
vn 0.1713 0.9702 -0.1713
vn 0.0927 0.9702 -0.2238
vn 0.0000 0.9702 -0.2422
vn -0.0927 0.9702 -0.2238
vn -0.1713 0.9702 -0.1713
vn -0.2238 0.9702 -0.0927
vn -0.2422 0.9702 -0.0000
vn -0.2238 0.9702 0.0927
vn -0.1713 0.9702 0.1713
vn -0.0927 0.9702 0.2238
vn 0.0000 0.0000 1.0000
vn 0.3827 0.0000 0.9239
vn 0.7071 0.0000 0.7071
vn 0.9239 0.0000 0.3827
vn 1.0000 0.0000 0.0000
vn 0.9239 0.0000 -0.3827
vn 0.7071 0.0000 -0.7071
vn 0.3827 0.0000 -0.9239
vn 0.0000 0.0000 -1.0000
vn -0.3827 0.0000 -0.9239
vn -0.7071 0.0000 -0.7071
vn -0.9239 0.0000 -0.3827
vn -1.0000 0.0000 -0.0000
vn -0.9239 0.0000 0.3827
vn -0.7071 0.0000 0.7071
vn -0.3827 0.0000 0.9239
vn 0.0000 -0.9702 0.2422
vn 0.0927 -0.9702 0.2238
vn 0.1713 -0.9702 0.1713
vn 0.2238 -0.9702 0.0927
vn 0.2422 -0.9702 0.0000
vn 0.2238 -0.9702 -0.0927
vn 0.1713 -0.9702 -0.1713
vn 0.0927 -0.9702 -0.2238
vn 0.0000 -0.9702 -0.2422
vn -0.0927 -0.9702 -0.2238
vn -0.1713 -0.9702 -0.1713
vn -0.2238 -0.9702 -0.0927
vn -0.2422 -0.9702 -0.0000
vn -0.2238 -0.9702 0.0927
vn -0.1713 -0.9702 0.1713
vn -0.0927 -0.9702 0.2238
vn 0.0000 -0.9966 0.0829
vn 0.0317 -0.9966 0.0766
vn 0.0586 -0.9966 0.0586
vn 0.0766 -0.9966 0.0317
vn 0.0829 -0.9966 0.0000
vn 0.0766 -0.9966 -0.0317
vn 0.0586 -0.9966 -0.0586
vn 0.0317 -0.9966 -0.0766
vn 0.0000 -0.9966 -0.0829
vn -0.0317 -0.9966 -0.0766
vn -0.0586 -0.9966 -0.0586
vn -0.0766 -0.9966 -0.0317
vn -0.0829 -0.9966 -0.0000
vn -0.0766 -0.9966 0.0317
vn -0.0586 -0.9966 0.0586
vn -0.0317 -0.9966 0.0766
vn 0.0000 -1.0000 0.0000
vn 0.0000 -1.0000 0.0000
vn 0.0000 -1.0000 0.0000
vn 0.0000 -1.0000 0.0000
vn 0.0000 -1.0000 0.0000
vn 0.0000 -1.0000 -0.0000
vn 0.0000 -1.0000 -0.0000
vn 0.0000 -1.0000 -0.0000
vn 0.0000 -1.0000 -0.0000
vn -0.0000 -1.0000 -0.0000
vn -0.0000 -1.0000 -0.0000
vn -0.0000 -1.0000 -0.0000
vn -0.0000 -1.0000 -0.0000
vn -0.0000 -1.0000 0.0000
vn -0.0000 -1.0000 0.0000
vn -0.0000 -1.0000 0.0000
f 227//227 228//228 212//212 211//211
f 228//228 229//229 213//213 212//212
f 229//229 230//230 214//214 213//213
f 230//230 231//231 215//215 214//214
f 231//231 232//232 216//216 215//215
f 232//232 233//233 217//217 216//216
f 233//233 234//234 218//218 217//217
f 234//234 235//235 219//219 218//218
f 235//235 236//236 220//220 219//219
f 236//236 237//237 221//221 220//220
f 237//237 238//238 222//222 221//221
f 238//238 239//239 223//223 222//222
f 239//239 240//240 224//224 223//223
f 240//240 241//241 225//225 224//224
f 241//241 242//242 226//226 225//225
f 242//242 227//227 211//211 226//226
f 243//243 244//244 228//228 227//227
f 244//244 245//245 229//229 228//228
f 245//245 246//246 230//230 229//229
f 246//246 247//247 231//231 230//230
f 247//247 248//248 232//232 231//231
f 248//248 249//249 233//233 232//232
f 249//249 250//250 234//234 233//233
f 250//250 251//251 235//235 234//234
f 251//251 252//252 236//236 235//235
f 252//252 253//253 237//237 236//236
f 253//253 254//254 238//238 237//237
f 254//254 255//255 239//239 238//238
f 255//255 256//256 240//240 239//239
f 256//256 257//257 241//241 240//240
f 257//257 258//258 242//242 241//241
f 258//258 243//243 227//227 242//242
f 259//259 260//260 244//244 243//243
f 260//260 261//261 245//245 244//244
f 261//261 262//262 246//246 245//245
f 262//262 263//263 247//247 246//246
f 263//263 264//264 248//248 247//247
f 264//264 265//265 249//249 248//248
f 265//265 266//266 250//250 249//249
f 266//266 267//267 251//251 250//250
f 267//267 268//268 252//252 251//251
f 268//268 269//269 253//253 252//252
f 269//269 270//270 254//254 253//253
f 270//270 271//271 255//255 254//254
f 271//271 272//272 256//256 255//255
f 272//272 273//273 257//257 256//256
f 273//273 274//274 258//258 257//257
f 274//274 259//259 243//243 258//258
f 275//275 276//276 260//260 259//259
f 276//276 277//277 261//261 260//260
f 277//277 278//278 262//262 261//261
f 278//278 279//279 263//263 262//262
f 279//279 280//280 264//264 263//263
f 280//280 281//281 265//265 264//264
f 281//281 282//282 266//266 265//265
f 282//282 283//283 267//267 266//266
f 283//283 284//284 268//268 267//267
f 284//284 285//285 269//269 268//268
f 285//285 286//286 270//270 269//269
f 286//286 287//287 271//271 270//270
f 287//287 288//288 272//272 271//271
f 288//288 289//289 273//273 272//272
f 289//289 290//290 274//274 273//273
f 290//290 275//275 259//259 274//274
f 291//291 292//292 276//276 275//275
f 292//292 293//293 277//277 276//276
f 293//293 294//294 278//278 277//277
f 294//294 295//295 279//279 278//278
f 295//295 296//296 280//280 279//279
f 296//296 297//297 281//281 280//280
f 297//297 298//298 282//282 281//281
f 298//298 299//299 283//283 282//282
f 299//299 300//300 284//284 283//283
f 300//300 301//301 285//285 284//284
f 301//301 302//302 286//286 285//285
f 302//302 303//303 287//287 286//286
f 303//303 304//304 288//288 287//287
f 304//304 305//305 289//289 288//288
f 305//305 306//306 290//290 289//289
f 306//306 291//291 275//275 290//290
f 307//307 308//308 292//292 291//291
f 308//308 309//309 293//293 292//292
f 309//309 310//310 294//294 293//293
f 310//310 311//311 295//295 294//294
f 311//311 312//312 296//296 295//295
f 312//312 313//313 297//297 296//296
f 313//313 314//314 298//298 297//297
f 314//314 315//315 299//299 298//298
f 315//315 316//316 300//300 299//299
f 316//316 317//317 301//301 300//300
f 317//317 318//318 302//302 301//301
f 318//318 319//319 303//303 302//302
f 319//319 320//320 304//304 303//303
f 320//320 321//321 305//305 304//304
f 321//321 322//322 306//306 305//305
f 322//322 307//307 291//291 306//306
g part2
usemtl buckle
v 0.00000 0.28800 0.10800
v 0.00000 0.28800 0.10800
v 0.00000 0.28800 0.10800
v 0.00000 0.28800 0.10800
v 0.00000 0.28800 0.10800
v 0.00000 0.28800 0.10800
v 0.00000 0.28800 0.10800
v 0.00000 0.28800 0.10800
v 0.00000 0.28559 0.11200
v 0.00778 0.28559 0.11083
v 0.01100 0.28559 0.10800
v 0.00778 0.28559 0.10517
v 0.00000 0.28559 0.10400
v -0.00778 0.28559 0.10517
v -0.01100 0.28559 0.10800
v -0.00778 0.28559 0.11083
v 0.00000 0.27900 0.11493
v 0.01347 0.27900 0.11290
v 0.01905 0.27900 0.10800
v 0.01347 0.27900 0.10310
v 0.00000 0.27900 0.10107
v -0.01347 0.27900 0.10310
v -0.01905 0.27900 0.10800
v -0.01347 0.27900 0.11290
v 0.00000 0.27000 0.11600
v 0.01556 0.27000 0.11366
v 0.02200 0.27000 0.10800
v 0.01556 0.27000 0.10234
v 0.00000 0.27000 0.10000
v -0.01556 0.27000 0.10234
v -0.02200 0.27000 0.10800
v -0.01556 0.27000 0.11366
v 0.00000 0.26100 0.11493
v 0.01347 0.26100 0.11290
v 0.01905 0.26100 0.10800
v 0.01347 0.26100 0.10310
v 0.00000 0.26100 0.10107
v -0.01347 0.26100 0.10310
v -0.01905 0.26100 0.10800
v -0.01347 0.26100 0.11290
v 0.00000 0.25441 0.11200
v 0.00778 0.25441 0.11083
v 0.01100 0.25441 0.10800
v 0.00778 0.25441 0.10517
v 0.00000 0.25441 0.10400
v -0.00778 0.25441 0.10517
v -0.01100 0.25441 0.10800
v -0.00778 0.25441 0.11083
v 0.00000 0.25200 0.10800
v 0.00000 0.25200 0.10800
v 0.00000 0.25200 0.10800
v 0.00000 0.25200 0.10800
v 0.00000 0.25200 0.10800
v -0.00000 0.25200 0.10800
v -0.00000 0.25200 0.10800
v -0.00000 0.25200 0.10800
vn 0.0000 1.0000 0.0000
vn 0.0000 1.0000 0.0000
vn 0.0000 1.0000 0.0000
vn 0.0000 1.0000 -0.0000
vn 0.0000 1.0000 -0.0000
vn -0.0000 1.0000 -0.0000
vn -0.0000 1.0000 -0.0000
vn -0.0000 1.0000 0.0000
vn 0.0000 0.6100 0.7924
vn 0.2389 0.7151 0.6569
vn 0.4271 0.9042 0.0000
vn 0.2389 0.7151 -0.6569
vn 0.0000 0.6100 -0.7924
vn -0.2389 0.7151 -0.6569
vn -0.4271 0.9042 -0.0000
vn -0.2389 0.7151 0.6569
vn 0.0000 0.2485 0.9686
vn 0.3235 0.3228 0.8895
vn 0.8171 0.5766 0.0000
vn 0.3235 0.3228 -0.8895
vn 0.0000 0.2485 -0.9686
vn -0.3235 0.3228 -0.8895
vn -0.8171 0.5766 -0.0000
vn -0.3235 0.3228 0.8895
vn 0.0000 0.0000 1.0000
vn 0.3417 0.0000 0.9398
vn 1.0000 0.0000 0.0000
vn 0.3417 0.0000 -0.9398
vn 0.0000 0.0000 -1.0000
vn -0.3417 0.0000 -0.9398
vn -1.0000 0.0000 -0.0000
vn -0.3417 0.0000 0.9398
vn 0.0000 -0.2485 0.9686
vn 0.3235 -0.3228 0.8895
vn 0.8171 -0.5766 0.0000
vn 0.3235 -0.3228 -0.8895
vn 0.0000 -0.2485 -0.9686
vn -0.3235 -0.3228 -0.8895
vn -0.8171 -0.5766 -0.0000
vn -0.3235 -0.3228 0.8895
vn 0.0000 -0.6100 0.7924
vn 0.2389 -0.7151 0.6569
vn 0.4271 -0.9042 0.0000
vn 0.2389 -0.7151 -0.6569
vn 0.0000 -0.6100 -0.7924
vn -0.2389 -0.7151 -0.6569
vn -0.4271 -0.9042 -0.0000
vn -0.2389 -0.7151 0.6569
vn 0.0000 -1.0000 0.0000
vn 0.0000 -1.0000 0.0000
vn 0.0000 -1.0000 0.0000
vn 0.0000 -1.0000 -0.0000
vn 0.0000 -1.0000 -0.0000
vn -0.0000 -1.0000 -0.0000
vn -0.0000 -1.0000 -0.0000
vn -0.0000 -1.0000 0.0000
f 331//331 332//332 324//324 323//323
f 332//332 333//333 325//325 324//324
f 333//333 334//334 326//326 325//325
f 334//334 335//335 327//327 326//326
f 335//335 336//336 328//328 327//327
f 336//336 337//337 329//329 328//328
f 337//337 338//338 330//330 329//329
f 338//338 331//331 323//323 330//330
f 339//339 340//340 332//332 331//331
f 340//340 341//341 333//333 332//332
f 341//341 342//342 334//334 333//333
f 342//342 343//343 335//335 334//334
f 343//343 344//344 336//336 335//335
f 344//344 345//345 337//337 336//336
f 345//345 346//346 338//338 337//337
f 346//346 339//339 331//331 338//338
f 347//347 348//348 340//340 339//339
f 348//348 349//349 341//341 340//340
f 349//349 350//350 342//342 341//341
f 350//350 351//351 343//343 342//342
f 351//351 352//352 344//344 343//343
f 352//352 353//353 345//345 344//344
f 353//353 354//354 346//346 345//345
f 354//354 347//347 339//339 346//346
f 355//355 356//356 348//348 347//347
f 356//356 357//357 349//349 348//348
f 357//357 358//358 350//350 349//349
f 358//358 359//359 351//351 350//350
f 359//359 360//360 352//352 351//351
f 360//360 361//361 353//353 352//352
f 361//361 362//362 354//354 353//353
f 362//362 355//355 347//347 354//354
f 363//363 364//364 356//356 355//355
f 364//364 365//365 357//357 356//356
f 365//365 366//366 358//358 357//357
f 366//366 367//367 359//359 358//358
f 367//367 368//368 360//360 359//359
f 368//368 369//369 361//361 360//360
f 369//369 370//370 362//362 361//361
f 370//370 363//363 355//355 362//362
f 371//371 372//372 364//364 363//363
f 372//372 373//373 365//365 364//364
f 373//373 374//374 366//366 365//365
f 374//374 375//375 367//367 366//366
f 375//375 376//376 368//368 367//367
f 376//376 377//377 369//369 368//368
f 377//377 378//378 370//370 369//369
f 378//378 371//371 363//363 370//370
g part3
usemtl coat
v 0.08920 0.43277 0.02986
v 0.07242 0.42732 0.02416
v 0.06235 0.42290 0.00923
v 0.06285 0.42119 -0.00923
v 0.07372 0.42284 -0.02416
v 0.09080 0.42723 -0.02986
v 0.10758 0.43268 -0.02416
v 0.11765 0.43710 -0.00923
v 0.11715 0.43881 0.00923
v 0.10628 0.43716 0.02416
v 0.09458 0.41425 0.03110
v 0.07816 0.40885 0.02552
v 0.06830 0.40453 0.01090
v 0.06876 0.40294 -0.00719
v 0.07936 0.40469 -0.02182
v 0.09606 0.40911 -0.02742
v 0.11248 0.41451 -0.02184
v 0.12234 0.41883 -0.00722
v 0.12188 0.42042 0.01087
v 0.11128 0.41867 0.02550
v 0.10025 0.39548 0.03216
v 0.08420 0.39017 0.02670
v 0.07455 0.38595 0.01239
v 0.07498 0.38444 -0.00531
v 0.08534 0.38622 -0.01964
v 0.10167 0.39060 -0.02512
v 0.11772 0.39591 -0.01966
v 0.12737 0.40013 -0.00535
v 0.12694 0.40164 0.01235
v 0.11658 0.39986 0.02668
v 0.10565 0.37729 0.03326
v 0.08990 0.37225 0.02791
v 0.08046 0.36809 0.01392
v 0.08095 0.36640 -0.00338
v 0.09118 0.36783 -0.01737
v 0.10723 0.37183 -0.02270
v 0.12298 0.37687 -0.01735
v 0.13242 0.38103 -0.00336
v 0.13193 0.38272 0.01394
v 0.12170 0.38129 0.02793
v 0.11031 0.36021 0.03466
v 0.09478 0.35564 0.02938
v 0.08556 0.35149 0.01569
v 0.08616 0.34933 -0.00118
v 0.09636 0.35000 -0.01479
v 0.11225 0.35323 -0.01994
v 0.12778 0.35780 -0.01466
v 0.13700 0.36195 -0.00097
v 0.13640 0.36411 0.01590
v 0.12620 0.36344 0.02951
v 0.11379 0.34475 0.03655
v 0.09843 0.34089 0.03130
v 0.08940 0.33668 0.01792
v 0.09015 0.33375 0.00151
v 0.10038 0.33320 -0.01166
v 0.11621 0.33525 -0.01655
v 0.13157 0.33911 -0.01130
v 0.14060 0.34332 0.00208
v 0.13985 0.34625 0.01849
v 0.12962 0.34680 0.03166
v 0.11591 0.33093 0.03912
v 0.10070 0.32785 0.03384
v 0.09182 0.32357 0.02073
v 0.09266 0.31973 0.00481
v 0.10291 0.31780 -0.00785
v 0.11865 0.31851 -0.01240
v 0.13386 0.32159 -0.00712
v 0.14274 0.32587 0.00599
v 0.14190 0.32971 0.02191
v 0.13165 0.33164 0.03457
v 0.11702 0.31786 0.04233
v 0.10198 0.31537 0.03700
v 0.09323 0.31105 0.02413
v 0.09411 0.30654 0.00865
v 0.10428 0.30356 -0.00353
v 0.11986 0.30326 -0.00777
v 0.13490 0.30575 -0.00244
v 0.14365 0.31007 0.01043
v 0.14277 0.31458 0.02591
v 0.13260 0.31756 0.03809
v 0.11754 0.30480 0.04603
v 0.10271 0.30262 0.04070
v 0.09408 0.29830 0.02804
v 0.09496 0.29351 0.01289
v 0.10500 0.29006 0.00104
v 0.12038 0.28928 -0.00299
v 0.13521 0.29146 0.00234
v 0.14384 0.29578 0.01500
v 0.14296 0.30057 0.03015
v 0.13292 0.30402 0.04200
v 0.11793 0.29122 0.05004
v 0.10331 0.28901 0.04480
v 0.09480 0.28477 0.03232
v 0.09566 0.28011 0.01736
v 0.10556 0.27682 0.00564
v 0.12071 0.27614 0.00164
v 0.13533 0.27835 0.00688
v 0.14384 0.28259 0.01936
v 0.14298 0.28725 0.03432
v 0.13308 0.29054 0.04604
v 0.11864 0.27720 0.05390
v 0.10424 0.27493 0.04877
v 0.09587 0.27077 0.03648
v 0.09671 0.26632 0.02170
v 0.10644 0.26327 0.01010
v 0.12136 0.26280 0.00610
v 0.13576 0.26507 0.01123
v 0.14413 0.26923 0.02352
v 0.14329 0.27368 0.03830
v 0.13356 0.27673 0.04990
v 0.08920 0.43277 0.02986
v 0.07242 0.42732 0.02416
v 0.06235 0.42290 0.00923
v 0.06285 0.42119 -0.00923
v 0.07372 0.42284 -0.02416
v 0.09080 0.42723 -0.02986
v 0.10758 0.43268 -0.02416
v 0.11765 0.43710 -0.00923
v 0.11715 0.43881 0.00923
v 0.10628 0.43716 0.02416
v 0.09000 0.43000 0.00000
v 0.11864 0.27720 0.05390
v 0.10424 0.27493 0.04877
v 0.09587 0.27077 0.03648
v 0.09671 0.26632 0.02170
v 0.10644 0.26327 0.01010
v 0.12136 0.26280 0.00610
v 0.13576 0.26507 0.01123
v 0.14413 0.26923 0.02352
v 0.14329 0.27368 0.03830
v 0.13356 0.27673 0.04990
v 0.12000 0.27000 0.03000
vn -0.0179 0.0617 0.9979
vn -0.5770 -0.1197 0.8079
vn -0.9123 -0.2670 0.3105
vn -0.8957 -0.3241 -0.3044
vn -0.5336 -0.2691 -0.8018
vn 0.0358 -0.1231 -0.9917
vn 0.5948 0.0582 -0.8017
vn 0.9301 0.2055 -0.3043
vn 0.9136 0.2627 0.3105
vn 0.5514 0.2077 0.8079
vn -0.0162 0.0567 0.9983
vn -0.5747 -0.1269 0.8085
vn -0.9101 -0.2737 0.3110
vn -0.8944 -0.3278 -0.3041
vn -0.5336 -0.2684 -0.8020
vn 0.0345 -0.1182 -0.9924
vn 0.5929 0.0654 -0.8026
vn 0.9284 0.2122 -0.3051
vn 0.9127 0.2663 0.3100
vn 0.5519 0.2069 0.8079
vn -0.0153 0.0538 0.9984
vn -0.5733 -0.1311 0.8088
vn -0.9088 -0.2777 0.3113
vn -0.8937 -0.3299 -0.3040
vn -0.5337 -0.2680 -0.8021
vn 0.0338 -0.1155 -0.9927
vn 0.5918 0.0693 -0.8031
vn 0.9274 0.2159 -0.3056
vn 0.9122 0.2683 0.3097
vn 0.5521 0.2064 0.8078
vn -0.0190 0.0652 0.9977
vn -0.5785 -0.1147 0.8076
vn -0.9137 -0.2624 0.3103
vn -0.8967 -0.3214 -0.3044
vn -0.5337 -0.2697 -0.8015
vn 0.0366 -0.1271 -0.9912
vn 0.5963 0.0522 -0.8011
vn 0.9315 0.2000 -0.3037
vn 0.9142 0.2598 0.3109
vn 0.5511 0.2084 0.8080
vn -0.0272 0.0937 0.9952
vn -0.5901 -0.0737 0.8039
vn -0.9249 -0.2241 0.3071
vn -0.9037 -0.3001 -0.3055
vn -0.5342 -0.2739 -0.7998
vn 0.0426 -0.1556 -0.9869
vn 0.6060 0.0103 -0.7954
vn 0.9407 0.1611 -0.2986
vn 0.9189 0.2389 0.3139
vn 0.5491 0.2134 0.8080
vn -0.0386 0.1435 0.9889
vn -0.6067 -0.0016 0.7949
vn -0.9412 -0.1567 0.2994
vn -0.9141 -0.2630 -0.3085
vn -0.5357 -0.2806 -0.7964
vn 0.0497 -0.2030 -0.9779
vn 0.6183 -0.0593 -0.7837
vn 0.9528 0.0962 -0.2881
vn 0.9253 0.2040 0.3196
vn 0.5466 0.2222 0.8074
vn -0.0480 0.2043 0.9777
vn -0.6211 0.0874 0.7789
vn -0.9556 -0.0737 0.2852
vn -0.9240 -0.2172 -0.3148
vn -0.5382 -0.2879 -0.7921
vn 0.0544 -0.2586 -0.9644
vn 0.6274 -0.1409 -0.7658
vn 0.9621 0.0200 -0.2720
vn 0.9305 0.1626 0.3283
vn 0.5446 0.2329 0.8057
vn -0.0526 0.2523 0.9662
vn -0.6280 0.1573 0.7622
vn -0.9628 -0.0082 0.2701
vn -0.9293 -0.1806 -0.3222
vn -0.5403 -0.2933 -0.7887
vn 0.0557 -0.3029 -0.9514
vn 0.6310 -0.2065 -0.7478
vn 0.9659 -0.0414 -0.2555
vn 0.9325 0.1294 0.3373
vn 0.5434 0.2414 0.8040
vn -0.0542 0.2759 0.9597
vn -0.6301 0.1912 0.7526
vn -0.9650 0.0237 0.2612
vn -0.9310 -0.1625 -0.3269
vn -0.5411 -0.2960 -0.7872
vn 0.0558 -0.3257 -0.9438
vn 0.6317 -0.2405 -0.7370
vn 0.9666 -0.0731 -0.2455
vn 0.9326 0.1125 0.3428
vn 0.5427 0.2458 0.8031
vn -0.0539 0.2718 0.9609
vn -0.6297 0.1850 0.7545
vn -0.9646 0.0180 0.2629
vn -0.9308 -0.1656 -0.3260
vn -0.5410 -0.2956 -0.7874
vn 0.0558 -0.3224 -0.9450
vn 0.6316 -0.2357 -0.7386
vn 0.9666 -0.0686 -0.2470
vn 0.9327 0.1150 0.3419
vn 0.5429 0.2450 0.8032
vn -0.0531 0.2628 0.9634
vn -0.6288 0.1721 0.7583
vn -0.9638 0.0058 0.2665
vn -0.9302 -0.1725 -0.3241
vn -0.5408 -0.2946 -0.7879
vn 0.0557 -0.3139 -0.9478
vn 0.6313 -0.2231 -0.7427
vn 0.9663 -0.0568 -0.2510
vn 0.9327 0.1213 0.3396
vn 0.5433 0.2434 0.8035
vn -0.2776 0.9559 -0.0960
vn -0.2776 0.9559 -0.0960
vn -0.2776 0.9559 -0.0960
vn -0.2776 0.9559 -0.0960
vn -0.2776 0.9559 -0.0960
vn -0.2776 0.9559 -0.0960
vn -0.2776 0.9559 -0.0960
vn -0.2776 0.9559 -0.0960
vn -0.2776 0.9559 -0.0960
vn -0.2776 0.9559 -0.0960
vn -0.2776 0.9559 -0.0960
vn 0.0475 -0.9557 0.2906
vn 0.0475 -0.9557 0.2906
vn 0.0475 -0.9557 0.2906
vn 0.0475 -0.9557 0.2906
vn 0.0475 -0.9557 0.2906
vn 0.0475 -0.9557 0.2906
vn 0.0475 -0.9557 0.2906
vn 0.0475 -0.9557 0.2906
vn 0.0475 -0.9557 0.2906
vn 0.0475 -0.9557 0.2906
vn 0.0475 -0.9557 0.2906
f 379//379 380//380 390//390 389//389
f 380//380 381//381 391//391 390//390
f 381//381 382//382 392//392 391//391
f 382//382 383//383 393//393 392//392
f 383//383 384//384 394//394 393//393
f 384//384 385//385 395//395 394//394
f 385//385 386//386 396//396 395//395
f 386//386 387//387 397//397 396//396
f 387//387 388//388 398//398 397//397
f 388//388 379//379 389//389 398//398
f 389//389 390//390 400//400 399//399
f 390//390 391//391 401//401 400//400
f 391//391 392//392 402//402 401//401
f 392//392 393//393 403//403 402//402
f 393//393 394//394 404//404 403//403
f 394//394 395//395 405//405 404//404
f 395//395 396//396 406//406 405//405
f 396//396 397//397 407//407 406//406
f 397//397 398//398 408//408 407//407
f 398//398 389//389 399//399 408//408
f 399//399 400//400 410//410 409//409
f 400//400 401//401 411//411 410//410
f 401//401 402//402 412//412 411//411
f 402//402 403//403 413//413 412//412
f 403//403 404//404 414//414 413//413
f 404//404 405//405 415//415 414//414
f 405//405 406//406 416//416 415//415
f 406//406 407//407 417//417 416//416
f 407//407 408//408 418//418 417//417
f 408//408 399//399 409//409 418//418
f 409//409 410//410 420//420 419//419
f 410//410 411//411 421//421 420//420
f 411//411 412//412 422//422 421//421
f 412//412 413//413 423//423 422//422
f 413//413 414//414 424//424 423//423
f 414//414 415//415 425//425 424//424
f 415//415 416//416 426//426 425//425
f 416//416 417//417 427//427 426//426
f 417//417 418//418 428//428 427//427
f 418//418 409//409 419//419 428//428
f 419//419 420//420 430//430 429//429
f 420//420 421//421 431//431 430//430
f 421//421 422//422 432//432 431//431
f 422//422 423//423 433//433 432//432
f 423//423 424//424 434//434 433//433
f 424//424 425//425 435//435 434//434
f 425//425 426//426 436//436 435//435
f 426//426 427//427 437//437 436//436
f 427//427 428//428 438//438 437//437
f 428//428 419//419 429//429 438//438
f 429//429 430//430 440//440 439//439
f 430//430 431//431 441//441 440//440
f 431//431 432//432 442//442 441//441
f 432//432 433//433 443//443 442//442
f 433//433 434//434 444//444 443//443
f 434//434 435//435 445//445 444//444
f 435//435 436//436 446//446 445//445
f 436//436 437//437 447//447 446//446
f 437//437 438//438 448//448 447//447
f 438//438 429//429 439//439 448//448
f 439//439 440//440 450//450 449//449
f 440//440 441//441 451//451 450//450
f 441//441 442//442 452//452 451//451
f 442//442 443//443 453//453 452//452
f 443//443 444//444 454//454 453//453
f 444//444 445//445 455//455 454//454
f 445//445 446//446 456//456 455//455
f 446//446 447//447 457//457 456//456
f 447//447 448//448 458//458 457//457
f 448//448 439//439 449//449 458//458
f 449//449 450//450 460//460 459//459
f 450//450 451//451 461//461 460//460
f 451//451 452//452 462//462 461//461
f 452//452 453//453 463//463 462//462
f 453//453 454//454 464//464 463//463
f 454//454 455//455 465//465 464//464
f 455//455 456//456 466//466 465//465
f 456//456 457//457 467//467 466//466
f 457//457 458//458 468//468 467//467
f 458//458 449//449 459//459 468//468
f 459//459 460//460 470//470 469//469
f 460//460 461//461 471//471 470//470
f 461//461 462//462 472//472 471//471
f 462//462 463//463 473//473 472//472
f 463//463 464//464 474//474 473//473
f 464//464 465//465 475//475 474//474
f 465//465 466//466 476//476 475//475
f 466//466 467//467 477//477 476//476
f 467//467 468//468 478//478 477//477
f 468//468 459//459 469//469 478//478
f 469//469 470//470 480//480 479//479
f 470//470 471//471 481//481 480//480
f 471//471 472//472 482//482 481//481
f 472//472 473//473 483//483 482//482
f 473//473 474//474 484//484 483//483
f 474//474 475//475 485//485 484//484
f 475//475 476//476 486//486 485//485
f 476//476 477//477 487//487 486//486
f 477//477 478//478 488//488 487//487
f 478//478 469//469 479//479 488//488
f 490//490 499//499 489//489
f 491//491 499//499 490//490
f 492//492 499//499 491//491
f 493//493 499//499 492//492
f 494//494 499//499 493//493
f 495//495 499//499 494//494
f 496//496 499//499 495//495
f 497//497 499//499 496//496
f 498//498 499//499 497//497
f 489//489 499//499 498//498
f 501//501 510//510 500//500
f 502//502 510//510 501//501
f 503//503 510//510 502//502
f 504//504 510//510 503//503
f 505//505 510//510 504//504
f 506//506 510//510 505//505
f 507//507 510//510 506//506
f 508//508 510//510 507//507
f 509//509 510//510 508//508
f 500//500 510//510 509//509
g part4
usemtl glove
v 0.12000 0.27600 0.03500
v 0.12000 0.27600 0.03500
v 0.12000 0.27600 0.03500
v 0.12000 0.27600 0.03500
v 0.12000 0.27600 0.03500
v 0.12000 0.27600 0.03500
v 0.12000 0.27600 0.03500
v 0.12000 0.27600 0.03500
v 0.12000 0.27252 0.04700
v 0.12849 0.27252 0.04349
v 0.13200 0.27252 0.03500
v 0.12849 0.27252 0.02651
v 0.12000 0.27252 0.02300
v 0.11151 0.27252 0.02651
v 0.10800 0.27252 0.03500
v 0.11151 0.27252 0.04349
v 0.12000 0.26300 0.05578
v 0.13470 0.26300 0.04970
v 0.14078 0.26300 0.03500
v 0.13470 0.26300 0.02030
v 0.12000 0.26300 0.01422
v 0.10530 0.26300 0.02030
v 0.09922 0.26300 0.03500
v 0.10530 0.26300 0.04970
v 0.12000 0.25000 0.05900
v 0.13697 0.25000 0.05197
v 0.14400 0.25000 0.03500
v 0.13697 0.25000 0.01803
v 0.12000 0.25000 0.01100
v 0.10303 0.25000 0.01803
v 0.09600 0.25000 0.03500
v 0.10303 0.25000 0.05197
v 0.12000 0.23700 0.05578
v 0.13470 0.23700 0.04970
v 0.14078 0.23700 0.03500
v 0.13470 0.23700 0.02030
v 0.12000 0.23700 0.01422
v 0.10530 0.23700 0.02030
v 0.09922 0.23700 0.03500
v 0.10530 0.23700 0.04970
v 0.12000 0.22748 0.04700
v 0.12849 0.22748 0.04349
v 0.13200 0.22748 0.03500
v 0.12849 0.22748 0.02651
v 0.12000 0.22748 0.02300
v 0.11151 0.22748 0.02651
v 0.10800 0.22748 0.03500
v 0.11151 0.22748 0.04349
v 0.12000 0.22400 0.03500
v 0.12000 0.22400 0.03500
v 0.12000 0.22400 0.03500
v 0.12000 0.22400 0.03500
v 0.12000 0.22400 0.03500
v 0.12000 0.22400 0.03500
v 0.12000 0.22400 0.03500
v 0.12000 0.22400 0.03500
vn 0.0000 1.0000 0.0000
vn 0.0000 1.0000 0.0000
vn 0.0000 1.0000 0.0000
vn 0.0000 1.0000 -0.0000
vn 0.0000 1.0000 -0.0000
vn -0.0000 1.0000 -0.0000
vn -0.0000 1.0000 -0.0000
vn -0.0000 1.0000 0.0000
vn 0.0000 0.8478 0.5303
vn 0.3750 0.8478 0.3750
vn 0.5303 0.8478 0.0000
vn 0.3750 0.8478 -0.3750
vn 0.0000 0.8478 -0.5303
vn -0.3750 0.8478 -0.3750
vn -0.5303 0.8478 -0.0000
vn -0.3750 0.8478 0.3750
vn 0.0000 0.4703 0.8825
vn 0.6240 0.4703 0.6240
vn 0.8825 0.4703 0.0000
vn 0.6240 0.4703 -0.6240
vn 0.0000 0.4703 -0.8825
vn -0.6240 0.4703 -0.6240
vn -0.8825 0.4703 -0.0000
vn -0.6240 0.4703 0.6240
vn 0.0000 0.0000 1.0000
vn 0.7071 0.0000 0.7071
vn 1.0000 0.0000 0.0000
vn 0.7071 0.0000 -0.7071
vn 0.0000 0.0000 -1.0000
vn -0.7071 0.0000 -0.7071
vn -1.0000 0.0000 -0.0000
vn -0.7071 0.0000 0.7071
vn 0.0000 -0.4703 0.8825
vn 0.6240 -0.4703 0.6240
vn 0.8825 -0.4703 0.0000
vn 0.6240 -0.4703 -0.6240
vn 0.0000 -0.4703 -0.8825
vn -0.6240 -0.4703 -0.6240
vn -0.8825 -0.4703 -0.0000
vn -0.6240 -0.4703 0.6240
vn 0.0000 -0.8478 0.5303
vn 0.3750 -0.8478 0.3750
vn 0.5303 -0.8478 0.0000
vn 0.3750 -0.8478 -0.3750
vn 0.0000 -0.8478 -0.5303
vn -0.3750 -0.8478 -0.3750
vn -0.5303 -0.8478 -0.0000
vn -0.3750 -0.8478 0.3750
vn 0.0000 -1.0000 0.0000
vn 0.0000 -1.0000 0.0000
vn 0.0000 -1.0000 0.0000
vn 0.0000 -1.0000 -0.0000
vn 0.0000 -1.0000 -0.0000
vn -0.0000 -1.0000 -0.0000
vn -0.0000 -1.0000 -0.0000
vn -0.0000 -1.0000 0.0000
f 519//519 520//520 512//512 511//511
f 520//520 521//521 513//513 512//512
f 521//521 522//522 514//514 513//513
f 522//522 523//523 515//515 514//514
f 523//523 524//524 516//516 515//515
f 524//524 525//525 517//517 516//516
f 525//525 526//526 518//518 517//517
f 526//526 519//519 511//511 518//518
f 527//527 528//528 520//520 519//519
f 528//528 529//529 521//521 520//520
f 529//529 530//530 522//522 521//521
f 530//530 531//531 523//523 522//522
f 531//531 532//532 524//524 523//523
f 532//532 533//533 525//525 524//524
f 533//533 534//534 526//526 525//525
f 534//534 527//527 519//519 526//526
f 535//535 536//536 528//528 527//527
f 536//536 537//537 529//529 528//528
f 537//537 538//538 530//530 529//529
f 538//538 539//539 531//531 530//530
f 539//539 540//540 532//532 531//531
f 540//540 541//541 533//533 532//532
f 541//541 542//542 534//534 533//533
f 542//542 535//535 527//527 534//534
f 543//543 544//544 536//536 535//535
f 544//544 545//545 537//537 536//536
f 545//545 546//546 538//538 537//537
f 546//546 547//547 539//539 538//538
f 547//547 548//548 540//540 539//539
f 548//548 549//549 541//541 540//540
f 549//549 550//550 542//542 541//541
f 550//550 543//543 535//535 542//542
f 551//551 552//552 544//544 543//543
f 552//552 553//553 545//545 544//544
f 553//553 554//554 546//546 545//545
f 554//554 555//555 547//547 546//546
f 555//555 556//556 548//548 547//547
f 556//556 557//557 549//549 548//548
f 557//557 558//558 550//550 549//549
f 558//558 551//551 543//543 550//550
f 559//559 560//560 552//552 551//551
f 560//560 561//561 553//553 552//552
f 561//561 562//562 554//554 553//553
f 562//562 563//563 555//555 554//554
f 563//563 564//564 556//556 555//555
f 564//564 565//565 557//557 556//556
f 565//565 566//566 558//558 557//557
f 566//566 559//559 551//551 558//558
g part5
usemtl skin
v 0.00000 0.65000 0.02000
v 0.00000 0.65000 0.02000
v 0.00000 0.65000 0.02000
v 0.00000 0.65000 0.02000
v 0.00000 0.65000 0.02000
v 0.00000 0.65000 0.02000
v 0.00000 0.65000 0.02000
v 0.00000 0.65000 0.02000
v 0.00000 0.65000 0.02000
v 0.00000 0.65000 0.02000
v 0.00000 0.65000 0.02000
v 0.00000 0.65000 0.02000
v 0.00000 0.65000 0.02000
v 0.00000 0.65000 0.02000
v 0.00000 0.65000 0.02000
v 0.00000 0.65000 0.02000
v 0.00000 0.65000 0.02000
v 0.00000 0.65000 0.02000
v 0.00000 0.65000 0.02000
v 0.00000 0.65000 0.02000
v 0.00000 0.64749 0.04003
v 0.00653 0.64749 0.03905
v 0.01243 0.64749 0.03620
v 0.01710 0.64749 0.03177
v 0.02010 0.64749 0.02619
v 0.02114 0.64749 0.02000
v 0.02010 0.64749 0.01381
v 0.01710 0.64749 0.00823
v 0.01243 0.64749 0.00380
v 0.00653 0.64749 0.00095
v 0.00000 0.64749 -0.00003
v -0.00653 0.64749 0.00095
v -0.01243 0.64749 0.00380
v -0.01710 0.64749 0.00823
v -0.02010 0.64749 0.01381
v -0.02114 0.64749 0.02000
v -0.02010 0.64749 0.02619
v -0.01710 0.64749 0.03177
v -0.01243 0.64749 0.03620
v -0.00653 0.64749 0.03905
v 0.00000 0.64010 0.05905
v 0.01274 0.64010 0.05714
v 0.02423 0.64010 0.05159
v 0.03335 0.64010 0.04295
v 0.03920 0.64010 0.03207
v 0.04122 0.64010 0.02000
v 0.03920 0.64010 0.00793
v 0.03335 0.64010 -0.00295
v 0.02423 0.64010 -0.01159
v 0.01274 0.64010 -0.01714
v 0.00000 0.64010 -0.01905
v -0.01274 0.64010 -0.01714
v -0.02423 0.64010 -0.01159
v -0.03335 0.64010 -0.00295
v -0.03920 0.64010 0.00793
v -0.04122 0.64010 0.02000
v -0.03920 0.64010 0.03207
v -0.03335 0.64010 0.04295
v -0.02423 0.64010 0.05159
v -0.01274 0.64010 0.05714
v 0.00000 0.62818 0.07611
v 0.01830 0.62818 0.07337
v 0.03482 0.62818 0.06540
v 0.04792 0.62818 0.05298
v 0.05633 0.62818 0.03734
v 0.05923 0.62818 0.02000
v 0.05633 0.62818 0.00266
v 0.04792 0.62818 -0.01298
v 0.03482 0.62818 -0.02540
v 0.01830 0.62818 -0.03337
v 0.00000 0.62818 -0.03611
v -0.01830 0.62818 -0.03337
v -0.03482 0.62818 -0.02540
v -0.04792 0.62818 -0.01298
v -0.05633 0.62818 0.00266
v -0.05923 0.62818 0.02000
v -0.05633 0.62818 0.03734
v -0.04792 0.62818 0.05298
v -0.03482 0.62818 0.06540
v -0.01830 0.62818 0.07337
v 0.00000 0.61235 0.09036
v 0.02295 0.61235 0.08692
v 0.04366 0.61235 0.07693
v 0.06009 0.61235 0.06136
v 0.07064 0.61235 0.04174
v 0.07427 0.61235 0.02000
v 0.07064 0.61235 -0.00174
v 0.06009 0.61235 -0.02136
v 0.04366 0.61235 -0.03693
v 0.02295 0.61235 -0.04692
v 0.00000 0.61235 -0.05036
v -0.02295 0.61235 -0.04692
v -0.04366 0.61235 -0.03693
v -0.06009 0.61235 -0.02136
v -0.07064 0.61235 -0.00174
v -0.07427 0.61235 0.02000
v -0.07064 0.61235 0.04174
v -0.06009 0.61235 0.06136
v -0.04366 0.61235 0.07693
v -0.02295 0.61235 0.08692
v 0.00000 0.59339 0.10109
v 0.02645 0.59339 0.09712
v 0.05031 0.59339 0.08560
v 0.06925 0.59339 0.06766
v 0.08140 0.59339 0.04506
v 0.08559 0.59339 0.02000
v 0.08140 0.59339 -0.00506
v 0.06925 0.59339 -0.02766
v 0.05031 0.59339 -0.04560
v 0.02645 0.59339 -0.05712
v 0.00000 0.59339 -0.06109
v -0.02645 0.59339 -0.05712
v -0.05031 0.59339 -0.04560
v -0.06925 0.59339 -0.02766
v -0.08140 0.59339 -0.00506
v -0.08559 0.59339 0.02000
v -0.08140 0.59339 0.04506
v -0.06925 0.59339 0.06766
v -0.05031 0.59339 0.08560
v -0.02645 0.59339 0.09712
v 0.00000 0.57225 0.10774
v 0.02862 0.57225 0.10345
v 0.05444 0.57225 0.09099
v 0.07493 0.57225 0.07157
v 0.08809 0.57225 0.04711
v 0.09262 0.57225 0.02000
v 0.08809 0.57225 -0.00711
v 0.07493 0.57225 -0.03157
v 0.05444 0.57225 -0.05099
v 0.02862 0.57225 -0.06345
v 0.00000 0.57225 -0.06774
v -0.02862 0.57225 -0.06345
v -0.05444 0.57225 -0.05099
v -0.07493 0.57225 -0.03157
v -0.08809 0.57225 -0.00711
v -0.09262 0.57225 0.02000
v -0.08809 0.57225 0.04711
v -0.07493 0.57225 0.07157
v -0.05444 0.57225 0.09099
v -0.02862 0.57225 0.10345
v 0.00000 0.55000 0.11000
v 0.02936 0.55000 0.10560
v 0.05584 0.55000 0.09281
v 0.07686 0.55000 0.07290
v 0.09035 0.55000 0.04781
v 0.09500 0.55000 0.02000
v 0.09035 0.55000 -0.00781
v 0.07686 0.55000 -0.03290
v 0.05584 0.55000 -0.05281
v 0.02936 0.55000 -0.06560
v 0.00000 0.55000 -0.07000
v -0.02936 0.55000 -0.06560
v -0.05584 0.55000 -0.05281
v -0.07686 0.55000 -0.03290
v -0.09035 0.55000 -0.00781
v -0.09500 0.55000 0.02000
v -0.09035 0.55000 0.04781
v -0.07686 0.55000 0.07290
v -0.05584 0.55000 0.09281
v -0.02936 0.55000 0.10560
v 0.00000 0.52775 0.10774
v 0.02862 0.52775 0.10345
v 0.05444 0.52775 0.09099
v 0.07493 0.52775 0.07157
v 0.08809 0.52775 0.04711
v 0.09262 0.52775 0.02000
v 0.08809 0.52775 -0.00711
v 0.07493 0.52775 -0.03157
v 0.05444 0.52775 -0.05099
v 0.02862 0.52775 -0.06345
v 0.00000 0.52775 -0.06774
v -0.02862 0.52775 -0.06345
v -0.05444 0.52775 -0.05099
v -0.07493 0.52775 -0.03157
v -0.08809 0.52775 -0.00711
v -0.09262 0.52775 0.02000
v -0.08809 0.52775 0.04711
v -0.07493 0.52775 0.07157
v -0.05444 0.52775 0.09099
v -0.02862 0.52775 0.10345
v 0.00000 0.50661 0.10109
v 0.02645 0.50661 0.09712
v 0.05031 0.50661 0.08560
v 0.06925 0.50661 0.06766
v 0.08140 0.50661 0.04506
v 0.08559 0.50661 0.02000
v 0.08140 0.50661 -0.00506
v 0.06925 0.50661 -0.02766
v 0.05031 0.50661 -0.04560
v 0.02645 0.50661 -0.05712
v 0.00000 0.50661 -0.06109
v -0.02645 0.50661 -0.05712
v -0.05031 0.50661 -0.04560
v -0.06925 0.50661 -0.02766
v -0.08140 0.50661 -0.00506
v -0.08559 0.50661 0.02000
v -0.08140 0.50661 0.04506
v -0.06925 0.50661 0.06766
v -0.05031 0.50661 0.08560
v -0.02645 0.50661 0.09712
v 0.00000 0.48765 0.09036
v 0.02295 0.48765 0.08692
v 0.04366 0.48765 0.07693
v 0.06009 0.48765 0.06136
v 0.07064 0.48765 0.04174
v 0.07427 0.48765 0.02000
v 0.07064 0.48765 -0.00174
v 0.06009 0.48765 -0.02136
v 0.04366 0.48765 -0.03693
v 0.02295 0.48765 -0.04692
v 0.00000 0.48765 -0.05036
v -0.02295 0.48765 -0.04692
v -0.04366 0.48765 -0.03693
v -0.06009 0.48765 -0.02136
v -0.07064 0.48765 -0.00174
v -0.07427 0.48765 0.02000
v -0.07064 0.48765 0.04174
v -0.06009 0.48765 0.06136
v -0.04366 0.48765 0.07693
v -0.02295 0.48765 0.08692
v 0.00000 0.47182 0.07611
v 0.01830 0.47182 0.07337
v 0.03482 0.47182 0.06540
v 0.04792 0.47182 0.05298
v 0.05633 0.47182 0.03734
v 0.05923 0.47182 0.02000
v 0.05633 0.47182 0.00266
v 0.04792 0.47182 -0.01298
v 0.03482 0.47182 -0.02540
v 0.01830 0.47182 -0.03337
v 0.00000 0.47182 -0.03611
v -0.01830 0.47182 -0.03337
v -0.03482 0.47182 -0.02540
v -0.04792 0.47182 -0.01298
v -0.05633 0.47182 0.00266
v -0.05923 0.47182 0.02000
v -0.05633 0.47182 0.03734
v -0.04792 0.47182 0.05298
v -0.03482 0.47182 0.06540
v -0.01830 0.47182 0.07337
v 0.00000 0.45990 0.05905
v 0.01274 0.45990 0.05714
v 0.02423 0.45990 0.05159
v 0.03335 0.45990 0.04295
v 0.03920 0.45990 0.03207
v 0.04122 0.45990 0.02000
v 0.03920 0.45990 0.00793
v 0.03335 0.45990 -0.00295
v 0.02423 0.45990 -0.01159
v 0.01274 0.45990 -0.01714
v 0.00000 0.45990 -0.01905
v -0.01274 0.45990 -0.01714
v -0.02423 0.45990 -0.01159
v -0.03335 0.45990 -0.00295
v -0.03920 0.45990 0.00793
v -0.04122 0.45990 0.02000
v -0.03920 0.45990 0.03207
v -0.03335 0.45990 0.04295
v -0.02423 0.45990 0.05159
v -0.01274 0.45990 0.05714
v 0.00000 0.45251 0.04003
v 0.00653 0.45251 0.03905
v 0.01243 0.45251 0.03620
v 0.01710 0.45251 0.03177
v 0.02010 0.45251 0.02619
v 0.02114 0.45251 0.02000
v 0.02010 0.45251 0.01381
v 0.01710 0.45251 0.00823
v 0.01243 0.45251 0.00380
v 0.00653 0.45251 0.00095
v 0.00000 0.45251 -0.00003
v -0.00653 0.45251 0.00095
v -0.01243 0.45251 0.00380
v -0.01710 0.45251 0.00823
v -0.02010 0.45251 0.01381
v -0.02114 0.45251 0.02000
v -0.02010 0.45251 0.02619
v -0.01710 0.45251 0.03177
v -0.01243 0.45251 0.03620
v -0.00653 0.45251 0.03905
v 0.00000 0.45000 0.02000
v 0.00000 0.45000 0.02000
v 0.00000 0.45000 0.02000
v 0.00000 0.45000 0.02000
v 0.00000 0.45000 0.02000
v 0.00000 0.45000 0.02000
v 0.00000 0.45000 0.02000
v 0.00000 0.45000 0.02000
v 0.00000 0.45000 0.02000
v 0.00000 0.45000 0.02000
v 0.00000 0.45000 0.02000
v -0.00000 0.45000 0.02000
v -0.00000 0.45000 0.02000
v -0.00000 0.45000 0.02000
v -0.00000 0.45000 0.02000
v -0.00000 0.45000 0.02000
v -0.00000 0.45000 0.02000
v -0.00000 0.45000 0.02000
v -0.00000 0.45000 0.02000
v -0.00000 0.45000 0.02000
vn 0.0000 1.0000 0.0000
vn 0.0000 1.0000 0.0000
vn 0.0000 1.0000 0.0000
vn 0.0000 1.0000 0.0000
vn 0.0000 1.0000 0.0000
vn 0.0000 1.0000 0.0000
vn 0.0000 1.0000 -0.0000
vn 0.0000 1.0000 -0.0000
vn 0.0000 1.0000 -0.0000
vn 0.0000 1.0000 -0.0000
vn 0.0000 1.0000 -0.0000
vn -0.0000 1.0000 -0.0000
vn -0.0000 1.0000 -0.0000
vn -0.0000 1.0000 -0.0000
vn -0.0000 1.0000 -0.0000
vn -0.0000 1.0000 -0.0000
vn -0.0000 1.0000 0.0000
vn -0.0000 1.0000 0.0000
vn -0.0000 1.0000 0.0000
vn -0.0000 1.0000 0.0000
vn 0.0000 0.9693 0.2458
vn 0.0720 0.9696 0.2339
vn 0.1370 0.9704 0.1991
vn 0.1888 0.9713 0.1448
vn 0.2221 0.9720 0.0762
vn 0.2336 0.9723 0.0000
vn 0.2221 0.9720 -0.0762
vn 0.1888 0.9713 -0.1448
vn 0.1370 0.9704 -0.1991
vn 0.0720 0.9696 -0.2339
vn 0.0000 0.9693 -0.2458
vn -0.0720 0.9696 -0.2339
vn -0.1370 0.9704 -0.1991
vn -0.1888 0.9713 -0.1448
vn -0.2221 0.9720 -0.0762
vn -0.2336 0.9723 -0.0000
vn -0.2221 0.9720 0.0762
vn -0.1888 0.9713 0.1448
vn -0.1370 0.9704 0.1991
vn -0.0720 0.9696 0.2339
vn 0.0000 0.8817 0.4718
vn 0.1383 0.8827 0.4492
vn 0.2638 0.8852 0.3832
vn 0.3643 0.8884 0.2794
vn 0.4295 0.8910 0.1473
vn 0.4521 0.8919 0.0000
vn 0.4295 0.8910 -0.1473
vn 0.3643 0.8884 -0.2794
vn 0.2638 0.8852 -0.3832
vn 0.1383 0.8827 -0.4492
vn 0.0000 0.8817 -0.4718
vn -0.1383 0.8827 -0.4492
vn -0.2638 0.8852 -0.3832
vn -0.3643 0.8884 -0.2794
vn -0.4295 0.8910 -0.1473
vn -0.4521 0.8919 -0.0000
vn -0.4295 0.8910 0.1473
vn -0.3643 0.8884 0.2794
vn -0.2638 0.8852 0.3832
vn -0.1383 0.8827 0.4492
vn 0.0000 0.7485 0.6632
vn 0.1946 0.7501 0.6321
vn 0.3722 0.7543 0.5408
vn 0.5160 0.7597 0.3957
vn 0.6101 0.7642 0.2092
vn 0.6429 0.7659 0.0000
vn 0.6101 0.7642 -0.2092
vn 0.5160 0.7597 -0.3957
vn 0.3722 0.7543 -0.5408
vn 0.1946 0.7501 -0.6321
vn 0.0000 0.7485 -0.6632
vn -0.1946 0.7501 -0.6321
vn -0.3722 0.7543 -0.5408
vn -0.5160 0.7597 -0.3957
vn -0.6101 0.7642 -0.2092
vn -0.6429 0.7659 -0.0000
vn -0.6101 0.7642 0.2092
vn -0.5160 0.7597 0.3957
vn -0.3722 0.7543 0.5408
vn -0.1946 0.7501 0.6321
vn 0.0000 0.5831 0.8124
vn 0.2386 0.5850 0.7752
vn 0.4578 0.5900 0.6651
vn 0.6369 0.5964 0.4885
vn 0.7555 0.6018 0.2591
vn 0.7971 0.6039 0.0000
vn 0.7555 0.6018 -0.2591
vn 0.6369 0.5964 -0.4885
vn 0.4578 0.5900 -0.6651
vn 0.2386 0.5850 -0.7752
vn 0.0000 0.5831 -0.8124
vn -0.2386 0.5850 -0.7752
vn -0.4578 0.5900 -0.6651
vn -0.6369 0.5964 -0.4885
vn -0.7555 0.6018 -0.2591
vn -0.7971 0.6039 -0.0000
vn -0.7555 0.6018 0.2591
vn -0.6369 0.5964 0.4885
vn -0.4578 0.5900 0.6651
vn -0.2386 0.5850 0.7752
vn 0.0000 0.3977 0.9175
vn 0.2697 0.3993 0.8762
vn 0.5187 0.4037 0.7536
vn 0.7240 0.4094 0.5552
vn 0.8610 0.4142 0.2953
vn 0.9094 0.4160 0.0000
vn 0.8610 0.4142 -0.2953
vn 0.7240 0.4094 -0.5552
vn 0.5187 0.4037 -0.7536
vn 0.2697 0.3993 -0.8762
vn 0.0000 0.3977 -0.9175
vn -0.2697 0.3993 -0.8762
vn -0.5187 0.4037 -0.7536
vn -0.7240 0.4094 -0.5552
vn -0.8610 0.4142 -0.2953
vn -0.9094 0.4160 -0.0000
vn -0.8610 0.4142 0.2953
vn -0.7240 0.4094 0.5552
vn -0.5187 0.4037 0.7536
vn -0.2697 0.3993 0.8762
vn 0.0000 0.2012 0.9795
vn 0.2881 0.2022 0.9360
vn 0.5550 0.2047 0.8063
vn 0.7762 0.2080 0.5952
vn 0.9247 0.2108 0.3171
vn 0.9773 0.2119 0.0000
vn 0.9247 0.2108 -0.3171
vn 0.7762 0.2080 -0.5952
vn 0.5550 0.2047 -0.8063
vn 0.2881 0.2022 -0.9360
vn 0.0000 0.2012 -0.9795
vn -0.2881 0.2022 -0.9360
vn -0.5550 0.2047 -0.8063
vn -0.7762 0.2080 -0.5952
vn -0.9247 0.2108 -0.3171
vn -0.9773 0.2119 -0.0000
vn -0.9247 0.2108 0.3171
vn -0.7762 0.2080 0.5952
vn -0.5550 0.2047 0.8063
vn -0.2881 0.2022 0.9360
vn 0.0000 0.0000 1.0000
vn 0.2942 0.0000 0.9557
vn 0.5670 0.0000 0.8237
vn 0.7935 0.0000 0.6086
vn 0.9459 0.0000 0.3244
vn 1.0000 0.0000 0.0000
vn 0.9459 0.0000 -0.3244
vn 0.7935 0.0000 -0.6086
vn 0.5670 0.0000 -0.8237
vn 0.2942 0.0000 -0.9557
vn 0.0000 0.0000 -1.0000
vn -0.2942 0.0000 -0.9557
vn -0.5670 0.0000 -0.8237
vn -0.7935 0.0000 -0.6086
vn -0.9459 0.0000 -0.3244
vn -1.0000 0.0000 -0.0000
vn -0.9459 0.0000 0.3244
vn -0.7935 0.0000 0.6086
vn -0.5670 0.0000 0.8237
vn -0.2942 0.0000 0.9557
vn 0.0000 -0.2012 0.9795
vn 0.2881 -0.2022 0.9360
vn 0.5550 -0.2047 0.8063
vn 0.7762 -0.2080 0.5952
vn 0.9247 -0.2108 0.3171
vn 0.9773 -0.2119 0.0000
vn 0.9247 -0.2108 -0.3171
vn 0.7762 -0.2080 -0.5952
vn 0.5550 -0.2047 -0.8063
vn 0.2881 -0.2022 -0.9360
vn 0.0000 -0.2012 -0.9795
vn -0.2881 -0.2022 -0.9360
vn -0.5550 -0.2047 -0.8063
vn -0.7762 -0.2080 -0.5952
vn -0.9247 -0.2108 -0.3171
vn -0.9773 -0.2119 -0.0000
vn -0.9247 -0.2108 0.3171
vn -0.7762 -0.2080 0.5952
vn -0.5550 -0.2047 0.8063
vn -0.2881 -0.2022 0.9360
vn 0.0000 -0.3977 0.9175
vn 0.2697 -0.3993 0.8762
vn 0.5187 -0.4037 0.7536
vn 0.7240 -0.4094 0.5552
vn 0.8610 -0.4142 0.2953
vn 0.9094 -0.4160 0.0000
vn 0.8610 -0.4142 -0.2953
vn 0.7240 -0.4094 -0.5552
vn 0.5187 -0.4037 -0.7536
vn 0.2697 -0.3993 -0.8762
vn 0.0000 -0.3977 -0.9175
vn -0.2697 -0.3993 -0.8762
vn -0.5187 -0.4037 -0.7536
vn -0.7240 -0.4094 -0.5552
vn -0.8610 -0.4142 -0.2953
vn -0.9094 -0.4160 -0.0000
vn -0.8610 -0.4142 0.2953
vn -0.7240 -0.4094 0.5552
vn -0.5187 -0.4037 0.7536
vn -0.2697 -0.3993 0.8762
vn 0.0000 -0.5831 0.8124
vn 0.2386 -0.5850 0.7752
vn 0.4578 -0.5900 0.6651
vn 0.6369 -0.5964 0.4885
vn 0.7555 -0.6018 0.2591
vn 0.7971 -0.6039 0.0000
vn 0.7555 -0.6018 -0.2591
vn 0.6369 -0.5964 -0.4885
vn 0.4578 -0.5900 -0.6651
vn 0.2386 -0.5850 -0.7752
vn 0.0000 -0.5831 -0.8124
vn -0.2386 -0.5850 -0.7752
vn -0.4578 -0.5900 -0.6651
vn -0.6369 -0.5964 -0.4885
vn -0.7555 -0.6018 -0.2591
vn -0.7971 -0.6039 -0.0000
vn -0.7555 -0.6018 0.2591
vn -0.6369 -0.5964 0.4885
vn -0.4578 -0.5900 0.6651
vn -0.2386 -0.5850 0.7752
vn 0.0000 -0.7485 0.6632
vn 0.1946 -0.7501 0.6321
vn 0.3722 -0.7543 0.5408
vn 0.5160 -0.7597 0.3957
vn 0.6101 -0.7642 0.2092
vn 0.6429 -0.7659 0.0000
vn 0.6101 -0.7642 -0.2092
vn 0.5160 -0.7597 -0.3957
vn 0.3722 -0.7543 -0.5408
vn 0.1946 -0.7501 -0.6321
vn 0.0000 -0.7485 -0.6632
vn -0.1946 -0.7501 -0.6321
vn -0.3722 -0.7543 -0.5408
vn -0.5160 -0.7597 -0.3957
vn -0.6101 -0.7642 -0.2092
vn -0.6429 -0.7659 -0.0000
vn -0.6101 -0.7642 0.2092
vn -0.5160 -0.7597 0.3957
vn -0.3722 -0.7543 0.5408
vn -0.1946 -0.7501 0.6321
vn 0.0000 -0.8817 0.4718
vn 0.1383 -0.8827 0.4492
vn 0.2638 -0.8852 0.3832
vn 0.3643 -0.8884 0.2794
vn 0.4295 -0.8910 0.1473
vn 0.4521 -0.8919 0.0000
vn 0.4295 -0.8910 -0.1473
vn 0.3643 -0.8884 -0.2794
vn 0.2638 -0.8852 -0.3832
vn 0.1383 -0.8827 -0.4492
vn 0.0000 -0.8817 -0.4718
vn -0.1383 -0.8827 -0.4492
vn -0.2638 -0.8852 -0.3832
vn -0.3643 -0.8884 -0.2794
vn -0.4295 -0.8910 -0.1473
vn -0.4521 -0.8919 -0.0000
vn -0.4295 -0.8910 0.1473
vn -0.3643 -0.8884 0.2794
vn -0.2638 -0.8852 0.3832
vn -0.1383 -0.8827 0.4492
vn 0.0000 -0.9693 0.2458
vn 0.0720 -0.9696 0.2339
vn 0.1370 -0.9704 0.1991
vn 0.1888 -0.9713 0.1448
vn 0.2221 -0.9720 0.0762
vn 0.2336 -0.9723 0.0000
vn 0.2221 -0.9720 -0.0762
vn 0.1888 -0.9713 -0.1448
vn 0.1370 -0.9704 -0.1991
vn 0.0720 -0.9696 -0.2339
vn 0.0000 -0.9693 -0.2458
vn -0.0720 -0.9696 -0.2339
vn -0.1370 -0.9704 -0.1991
vn -0.1888 -0.9713 -0.1448
vn -0.2221 -0.9720 -0.0762
vn -0.2336 -0.9723 -0.0000
vn -0.2221 -0.9720 0.0762
vn -0.1888 -0.9713 0.1448
vn -0.1370 -0.9704 0.1991
vn -0.0720 -0.9696 0.2339
vn 0.0000 -1.0000 0.0000
vn 0.0000 -1.0000 0.0000
vn 0.0000 -1.0000 0.0000
vn 0.0000 -1.0000 0.0000
vn 0.0000 -1.0000 0.0000
vn 0.0000 -1.0000 0.0000
vn 0.0000 -1.0000 -0.0000
vn 0.0000 -1.0000 -0.0000
vn 0.0000 -1.0000 -0.0000
vn 0.0000 -1.0000 -0.0000
vn 0.0000 -1.0000 -0.0000
vn -0.0000 -1.0000 -0.0000
vn -0.0000 -1.0000 -0.0000
vn -0.0000 -1.0000 -0.0000
vn -0.0000 -1.0000 -0.0000
vn -0.0000 -1.0000 -0.0000
vn -0.0000 -1.0000 0.0000
vn -0.0000 -1.0000 0.0000
vn -0.0000 -1.0000 0.0000
vn -0.0000 -1.0000 0.0000
f 587//587 588//588 568//568 567//567
f 588//588 589//589 569//569 568//568
f 589//589 590//590 570//570 569//569
f 590//590 591//591 571//571 570//570
f 591//591 592//592 572//572 571//571
f 592//592 593//593 573//573 572//572
f 593//593 594//594 574//574 573//573
f 594//594 595//595 575//575 574//574
f 595//595 596//596 576//576 575//575
f 596//596 597//597 577//577 576//576
f 597//597 598//598 578//578 577//577
f 598//598 599//599 579//579 578//578
f 599//599 600//600 580//580 579//579
f 600//600 601//601 581//581 580//580
f 601//601 602//602 582//582 581//581
f 602//602 603//603 583//583 582//582
f 603//603 604//604 584//584 583//583
f 604//604 605//605 585//585 584//584
f 605//605 606//606 586//586 585//585
f 606//606 587//587 567//567 586//586
f 607//607 608//608 588//588 587//587
f 608//608 609//609 589//589 588//588
f 609//609 610//610 590//590 589//589
f 610//610 611//611 591//591 590//590
f 611//611 612//612 592//592 591//591
f 612//612 613//613 593//593 592//592
f 613//613 614//614 594//594 593//593
f 614//614 615//615 595//595 594//594
f 615//615 616//616 596//596 595//595
f 616//616 617//617 597//597 596//596
f 617//617 618//618 598//598 597//597
f 618//618 619//619 599//599 598//598
f 619//619 620//620 600//600 599//599
f 620//620 621//621 601//601 600//600
f 621//621 622//622 602//602 601//601
f 622//622 623//623 603//603 602//602
f 623//623 624//624 604//604 603//603
f 624//624 625//625 605//605 604//604
f 625//625 626//626 606//606 605//605
f 626//626 607//607 587//587 606//606
f 627//627 628//628 608//608 607//607
f 628//628 629//629 609//609 608//608
f 629//629 630//630 610//610 609//609
f 630//630 631//631 611//611 610//610
f 631//631 632//632 612//612 611//611
f 632//632 633//633 613//613 612//612
f 633//633 634//634 614//614 613//613
f 634//634 635//635 615//615 614//614
f 635//635 636//636 616//616 615//615
f 636//636 637//637 617//617 616//616
f 637//637 638//638 618//618 617//617
f 638//638 639//639 619//619 618//618
f 639//639 640//640 620//620 619//619
f 640//640 641//641 621//621 620//620
f 641//641 642//642 622//622 621//621
f 642//642 643//643 623//623 622//622
f 643//643 644//644 624//624 623//623
f 644//644 645//645 625//625 624//624
f 645//645 646//646 626//626 625//625
f 646//646 627//627 607//607 626//626
f 647//647 648//648 628//628 627//627
f 648//648 649//649 629//629 628//628
f 649//649 650//650 630//630 629//629
f 650//650 651//651 631//631 630//630
f 651//651 652//652 632//632 631//631
f 652//652 653//653 633//633 632//632
f 653//653 654//654 634//634 633//633
f 654//654 655//655 635//635 634//634
f 655//655 656//656 636//636 635//635
f 656//656 657//657 637//637 636//636
f 657//657 658//658 638//638 637//637
f 658//658 659//659 639//639 638//638
f 659//659 660//660 640//640 639//639
f 660//660 661//661 641//641 640//640
f 661//661 662//662 642//642 641//641
f 662//662 663//663 643//643 642//642
f 663//663 664//664 644//644 643//643
f 664//664 665//665 645//645 644//644
f 665//665 666//666 646//646 645//645
f 666//666 647//647 627//627 646//646
f 667//667 668//668 648//648 647//647
f 668//668 669//669 649//649 648//648
f 669//669 670//670 650//650 649//649
f 670//670 671//671 651//651 650//650
f 671//671 672//672 652//652 651//651
f 672//672 673//673 653//653 652//652
f 673//673 674//674 654//654 653//653
f 674//674 675//675 655//655 654//654
f 675//675 676//676 656//656 655//655
f 676//676 677//677 657//657 656//656
f 677//677 678//678 658//658 657//657
f 678//678 679//679 659//659 658//658
f 679//679 680//680 660//660 659//659
f 680//680 681//681 661//661 660//660
f 681//681 682//682 662//662 661//661
f 682//682 683//683 663//663 662//662
f 683//683 684//684 664//664 663//663
f 684//684 685//685 665//665 664//664
f 685//685 686//686 666//666 665//665
f 686//686 667//667 647//647 666//666
f 687//687 688//688 668//668 667//667
f 688//688 689//689 669//669 668//668
f 689//689 690//690 670//670 669//669
f 690//690 691//691 671//671 670//670
f 691//691 692//692 672//672 671//671
f 692//692 693//693 673//673 672//672
f 693//693 694//694 674//674 673//673
f 694//694 695//695 675//675 674//674
f 695//695 696//696 676//676 675//675
f 696//696 697//697 677//677 676//676
f 697//697 698//698 678//678 677//677
f 698//698 699//699 679//679 678//678
f 699//699 700//700 680//680 679//679
f 700//700 701//701 681//681 680//680
f 701//701 702//702 682//682 681//681
f 702//702 703//703 683//683 682//682
f 703//703 704//704 684//684 683//683
f 704//704 705//705 685//685 684//684
f 705//705 706//706 686//686 685//685
f 706//706 687//687 667//667 686//686
f 707//707 708//708 688//688 687//687
f 708//708 709//709 689//689 688//688
f 709//709 710//710 690//690 689//689
f 710//710 711//711 691//691 690//690
f 711//711 712//712 692//692 691//691
f 712//712 713//713 693//693 692//692
f 713//713 714//714 694//694 693//693
f 714//714 715//715 695//695 694//694
f 715//715 716//716 696//696 695//695
f 716//716 717//717 697//697 696//696
f 717//717 718//718 698//698 697//697
f 718//718 719//719 699//699 698//698
f 719//719 720//720 700//700 699//699
f 720//720 721//721 701//701 700//700
f 721//721 722//722 702//702 701//701
f 722//722 723//723 703//703 702//702
f 723//723 724//724 704//704 703//703
f 724//724 725//725 705//705 704//704
f 725//725 726//726 706//706 705//705
f 726//726 707//707 687//687 706//706
f 727//727 728//728 708//708 707//707
f 728//728 729//729 709//709 708//708
f 729//729 730//730 710//710 709//709
f 730//730 731//731 711//711 710//710
f 731//731 732//732 712//712 711//711
f 732//732 733//733 713//713 712//712
f 733//733 734//734 714//714 713//713
f 734//734 735//735 715//715 714//714
f 735//735 736//736 716//716 715//715
f 736//736 737//737 717//717 716//716
f 737//737 738//738 718//718 717//717
f 738//738 739//739 719//719 718//718
f 739//739 740//740 720//720 719//719
f 740//740 741//741 721//721 720//720
f 741//741 742//742 722//722 721//721
f 742//742 743//743 723//723 722//722
f 743//743 744//744 724//724 723//723
f 744//744 745//745 725//725 724//724
f 745//745 746//746 726//726 725//725
f 746//746 727//727 707//707 726//726
f 747//747 748//748 728//728 727//727
f 748//748 749//749 729//729 728//728
f 749//749 750//750 730//730 729//729
f 750//750 751//751 731//731 730//730
f 751//751 752//752 732//732 731//731
f 752//752 753//753 733//733 732//732
f 753//753 754//754 734//734 733//733
f 754//754 755//755 735//735 734//734
f 755//755 756//756 736//736 735//735
f 756//756 757//757 737//737 736//736
f 757//757 758//758 738//738 737//737
f 758//758 759//759 739//739 738//738
f 759//759 760//760 740//740 739//739
f 760//760 761//761 741//741 740//740
f 761//761 762//762 742//742 741//741
f 762//762 763//763 743//743 742//742
f 763//763 764//764 744//744 743//743
f 764//764 765//765 745//745 744//744
f 765//765 766//766 746//746 745//745
f 766//766 747//747 727//727 746//746
f 767//767 768//768 748//748 747//747
f 768//768 769//769 749//749 748//748
f 769//769 770//770 750//750 749//749
f 770//770 771//771 751//751 750//750
f 771//771 772//772 752//752 751//751
f 772//772 773//773 753//753 752//752
f 773//773 774//774 754//754 753//753
f 774//774 775//775 755//755 754//754
f 775//775 776//776 756//756 755//755
f 776//776 777//777 757//757 756//756
f 777//777 778//778 758//758 757//757
f 778//778 779//779 759//759 758//758
f 779//779 780//780 760//760 759//759
f 780//780 781//781 761//761 760//760
f 781//781 782//782 762//762 761//761
f 782//782 783//783 763//763 762//762
f 783//783 784//784 764//764 763//763
f 784//784 785//785 765//765 764//764
f 785//785 786//786 766//766 765//765
f 786//786 767//767 747//747 766//766
f 787//787 788//788 768//768 767//767
f 788//788 789//789 769//769 768//768
f 789//789 790//790 770//770 769//769
f 790//790 791//791 771//771 770//770
f 791//791 792//792 772//772 771//771
f 792//792 793//793 773//773 772//772
f 793//793 794//794 774//774 773//773
f 794//794 795//795 775//775 774//774
f 795//795 796//796 776//776 775//775
f 796//796 797//797 777//777 776//776
f 797//797 798//798 778//778 777//777
f 798//798 799//799 779//779 778//778
f 799//799 800//800 780//780 779//779
f 800//800 801//801 781//781 780//780
f 801//801 802//802 782//782 781//781
f 802//802 803//803 783//783 782//782
f 803//803 804//804 784//784 783//783
f 804//804 805//805 785//785 784//784
f 805//805 806//806 786//786 785//785
f 806//806 787//787 767//767 786//786
f 807//807 808//808 788//788 787//787
f 808//808 809//809 789//789 788//788
f 809//809 810//810 790//790 789//789
f 810//810 811//811 791//791 790//790
f 811//811 812//812 792//792 791//791
f 812//812 813//813 793//793 792//792
f 813//813 814//814 794//794 793//793
f 814//814 815//815 795//795 794//794
f 815//815 816//816 796//796 795//795
f 816//816 817//817 797//797 796//796
f 817//817 818//818 798//798 797//797
f 818//818 819//819 799//799 798//798
f 819//819 820//820 800//800 799//799
f 820//820 821//821 801//801 800//800
f 821//821 822//822 802//802 801//801
f 822//822 823//823 803//803 802//802
f 823//823 824//824 804//804 803//803
f 824//824 825//825 805//805 804//804
f 825//825 826//826 806//806 805//805
f 826//826 807//807 787//787 806//806
f 827//827 828//828 808//808 807//807
f 828//828 829//829 809//809 808//808
f 829//829 830//830 810//810 809//809
f 830//830 831//831 811//811 810//810
f 831//831 832//832 812//812 811//811
f 832//832 833//833 813//813 812//812
f 833//833 834//834 814//814 813//813
f 834//834 835//835 815//815 814//814
f 835//835 836//836 816//816 815//815
f 836//836 837//837 817//817 816//816
f 837//837 838//838 818//818 817//817
f 838//838 839//839 819//819 818//818
f 839//839 840//840 820//820 819//819
f 840//840 841//841 821//821 820//820
f 841//841 842//842 822//822 821//821
f 842//842 843//843 823//823 822//822
f 843//843 844//844 824//824 823//823
f 844//844 845//845 825//825 824//824
f 845//845 846//846 826//826 825//825
f 846//846 827//827 807//807 826//826
f 847//847 848//848 828//828 827//827
f 848//848 849//849 829//829 828//828
f 849//849 850//850 830//830 829//829
f 850//850 851//851 831//831 830//830
f 851//851 852//852 832//832 831//831
f 852//852 853//853 833//833 832//832
f 853//853 854//854 834//834 833//833
f 854//854 855//855 835//835 834//834
f 855//855 856//856 836//836 835//835
f 856//856 857//857 837//837 836//836
f 857//857 858//858 838//838 837//837
f 858//858 859//859 839//839 838//838
f 859//859 860//860 840//840 839//839
f 860//860 861//861 841//841 840//840
f 861//861 862//862 842//842 841//841
f 862//862 863//863 843//843 842//842
f 863//863 864//864 844//844 843//843
f 864//864 865//865 845//845 844//844
f 865//865 866//866 846//846 845//845
f 866//866 847//847 827//827 846//846
g part6
usemtl skin
v 0.09200 0.57500 0.01000
v 0.09200 0.57500 0.01000
v 0.09200 0.57500 0.01000
v 0.09200 0.57500 0.01000
v 0.09200 0.57500 0.01000
v 0.09200 0.57500 0.01000
v 0.09200 0.57500 0.01000
v 0.09200 0.57500 0.01000
v 0.09200 0.57098 0.02000
v 0.09695 0.57098 0.01707
v 0.09900 0.57098 0.01000
v 0.09695 0.57098 0.00293
v 0.09200 0.57098 0.00000
v 0.08705 0.57098 0.00293
v 0.08500 0.57098 0.01000
v 0.08705 0.57098 0.01707
v 0.09200 0.56000 0.02732
v 0.10057 0.56000 0.02225
v 0.10412 0.56000 0.01000
v 0.10057 0.56000 -0.00225
v 0.09200 0.56000 -0.00732
v 0.08343 0.56000 -0.00225
v 0.07988 0.56000 0.01000
v 0.08343 0.56000 0.02225
v 0.09200 0.54500 0.03000
v 0.10190 0.54500 0.02414
v 0.10600 0.54500 0.01000
v 0.10190 0.54500 -0.00414
v 0.09200 0.54500 -0.01000
v 0.08210 0.54500 -0.00414
v 0.07800 0.54500 0.01000
v 0.08210 0.54500 0.02414
v 0.09200 0.53000 0.02732
v 0.10057 0.53000 0.02225
v 0.10412 0.53000 0.01000
v 0.10057 0.53000 -0.00225
v 0.09200 0.53000 -0.00732
v 0.08343 0.53000 -0.00225
v 0.07988 0.53000 0.01000
v 0.08343 0.53000 0.02225
v 0.09200 0.51902 0.02000
v 0.09695 0.51902 0.01707
v 0.09900 0.51902 0.01000
v 0.09695 0.51902 0.00293
v 0.09200 0.51902 0.00000
v 0.08705 0.51902 0.00293
v 0.08500 0.51902 0.01000
v 0.08705 0.51902 0.01707
v 0.09200 0.51500 0.01000
v 0.09200 0.51500 0.01000
v 0.09200 0.51500 0.01000
v 0.09200 0.51500 0.01000
v 0.09200 0.51500 0.01000
v 0.09200 0.51500 0.01000
v 0.09200 0.51500 0.01000
v 0.09200 0.51500 0.01000
vn 0.0000 1.0000 0.0000
vn 0.0000 1.0000 0.0000
vn 0.0000 1.0000 0.0000
vn 0.0000 1.0000 -0.0000
vn 0.0000 1.0000 -0.0000
vn -0.0000 1.0000 -0.0000
vn -0.0000 1.0000 -0.0000
vn -0.0000 1.0000 0.0000
vn 0.0000 0.7559 0.6547
vn 0.5980 0.6835 0.4186
vn 0.7777 0.6286 0.0000
vn 0.5980 0.6835 -0.4186
vn 0.0000 0.7559 -0.6547
vn -0.5980 0.6835 -0.4186
vn -0.7777 0.6286 -0.0000
vn -0.5980 0.6835 0.4186
vn 0.0000 0.3592 0.9333
vn 0.7820 0.2980 0.5474
vn 0.9656 0.2602 0.0000
vn 0.7820 0.2980 -0.5474
vn 0.0000 0.3592 -0.9333
vn -0.7820 0.2980 -0.5474
vn -0.9656 0.2602 -0.0000
vn -0.7820 0.2980 0.5474
vn 0.0000 0.0000 1.0000
vn 0.8192 0.0000 0.5735
vn 1.0000 0.0000 0.0000
vn 0.8192 0.0000 -0.5735
vn 0.0000 0.0000 -1.0000
vn -0.8192 0.0000 -0.5735
vn -1.0000 0.0000 -0.0000
vn -0.8192 0.0000 0.5735
vn 0.0000 -0.3592 0.9333
vn 0.7820 -0.2980 0.5474
vn 0.9656 -0.2602 0.0000
vn 0.7820 -0.2980 -0.5474
vn 0.0000 -0.3592 -0.9333
vn -0.7820 -0.2980 -0.5474
vn -0.9656 -0.2602 -0.0000
vn -0.7820 -0.2980 0.5474
vn 0.0000 -0.7559 0.6547
vn 0.5980 -0.6835 0.4186
vn 0.7777 -0.6286 0.0000
vn 0.5980 -0.6835 -0.4186
vn 0.0000 -0.7559 -0.6547
vn -0.5980 -0.6835 -0.4186
vn -0.7777 -0.6286 -0.0000
vn -0.5980 -0.6835 0.4186
vn 0.0000 -1.0000 0.0000
vn 0.0000 -1.0000 0.0000
vn 0.0000 -1.0000 0.0000
vn 0.0000 -1.0000 -0.0000
vn 0.0000 -1.0000 -0.0000
vn -0.0000 -1.0000 -0.0000
vn -0.0000 -1.0000 -0.0000
vn -0.0000 -1.0000 0.0000
f 875//875 876//876 868//868 867//867
f 876//876 877//877 869//869 868//868
f 877//877 878//878 870//870 869//869
f 878//878 879//879 871//871 870//870
f 879//879 880//880 872//872 871//871
f 880//880 881//881 873//873 872//872
f 881//881 882//882 874//874 873//873
f 882//882 875//875 867//867 874//874
f 883//883 884//884 876//876 875//875
f 884//884 885//885 877//877 876//876
f 885//885 886//886 878//878 877//877
f 886//886 887//887 879//879 878//878
f 887//887 888//888 880//880 879//879
f 888//888 889//889 881//881 880//880
f 889//889 890//890 882//882 881//881
f 890//890 883//883 875//875 882//882
f 891//891 892//892 884//884 883//883
f 892//892 893//893 885//885 884//884
f 893//893 894//894 886//886 885//885
f 894//894 895//895 887//887 886//886
f 895//895 896//896 888//888 887//887
f 896//896 897//897 889//889 888//888
f 897//897 898//898 890//890 889//889
f 898//898 891//891 883//883 890//890
f 899//899 900//900 892//892 891//891
f 900//900 901//901 893//893 892//892
f 901//901 902//902 894//894 893//893
f 902//902 903//903 895//895 894//894
f 903//903 904//904 896//896 895//895
f 904//904 905//905 897//897 896//896
f 905//905 906//906 898//898 897//897
f 906//906 899//899 891//891 898//898
f 907//907 908//908 900//900 899//899
f 908//908 909//909 901//901 900//900
f 909//909 910//910 902//902 901//901
f 910//910 911//911 903//903 902//902
f 911//911 912//912 904//904 903//903
f 912//912 913//913 905//905 904//904
f 913//913 914//914 906//906 905//905
f 914//914 907//907 899//899 906//906
f 915//915 916//916 908//908 907//907
f 916//916 917//917 909//909 908//908
f 917//917 918//918 910//910 909//909
f 918//918 919//919 911//911 910//910
f 919//919 920//920 912//912 911//911
f 920//920 921//921 913//913 912//912
f 921//921 922//922 914//914 913//913
f 922//922 915//915 907//907 914//914
g part7
usemtl skin
v -0.09200 0.57500 0.01000
v -0.09200 0.57500 0.01000
v -0.09200 0.57500 0.01000
v -0.09200 0.57500 0.01000
v -0.09200 0.57500 0.01000
v -0.09200 0.57500 0.01000
v -0.09200 0.57500 0.01000
v -0.09200 0.57500 0.01000
v -0.09200 0.57098 0.02000
v -0.08705 0.57098 0.01707
v -0.08500 0.57098 0.01000
v -0.08705 0.57098 0.00293
v -0.09200 0.57098 0.00000
v -0.09695 0.57098 0.00293
v -0.09900 0.57098 0.01000
v -0.09695 0.57098 0.01707
v -0.09200 0.56000 0.02732
v -0.08343 0.56000 0.02225
v -0.07988 0.56000 0.01000
v -0.08343 0.56000 -0.00225
v -0.09200 0.56000 -0.00732
v -0.10057 0.56000 -0.00225
v -0.10412 0.56000 0.01000
v -0.10057 0.56000 0.02225
v -0.09200 0.54500 0.03000
v -0.08210 0.54500 0.02414
v -0.07800 0.54500 0.01000
v -0.08210 0.54500 -0.00414
v -0.09200 0.54500 -0.01000
v -0.10190 0.54500 -0.00414
v -0.10600 0.54500 0.01000
v -0.10190 0.54500 0.02414
v -0.09200 0.53000 0.02732
v -0.08343 0.53000 0.02225
v -0.07988 0.53000 0.01000
v -0.08343 0.53000 -0.00225
v -0.09200 0.53000 -0.00732
v -0.10057 0.53000 -0.00225
v -0.10412 0.53000 0.01000
v -0.10057 0.53000 0.02225
v -0.09200 0.51902 0.02000
v -0.08705 0.51902 0.01707
v -0.08500 0.51902 0.01000
v -0.08705 0.51902 0.00293
v -0.09200 0.51902 0.00000
v -0.09695 0.51902 0.00293
v -0.09900 0.51902 0.01000
v -0.09695 0.51902 0.01707
v -0.09200 0.51500 0.01000
v -0.09200 0.51500 0.01000
v -0.09200 0.51500 0.01000
v -0.09200 0.51500 0.01000
v -0.09200 0.51500 0.01000
v -0.09200 0.51500 0.01000
v -0.09200 0.51500 0.01000
v -0.09200 0.51500 0.01000
vn 0.0000 1.0000 0.0000
vn 0.0000 1.0000 0.0000
vn 0.0000 1.0000 0.0000
vn 0.0000 1.0000 -0.0000
vn 0.0000 1.0000 -0.0000
vn -0.0000 1.0000 -0.0000
vn -0.0000 1.0000 -0.0000
vn -0.0000 1.0000 0.0000
vn 0.0000 0.7559 0.6547
vn 0.5980 0.6835 0.4186
vn 0.7777 0.6286 0.0000
vn 0.5980 0.6835 -0.4186
vn 0.0000 0.7559 -0.6547
vn -0.5980 0.6835 -0.4186
vn -0.7777 0.6286 -0.0000
vn -0.5980 0.6835 0.4186
vn 0.0000 0.3592 0.9333
vn 0.7820 0.2980 0.5474
vn 0.9656 0.2602 0.0000
vn 0.7820 0.2980 -0.5474
vn 0.0000 0.3592 -0.9333
vn -0.7820 0.2980 -0.5474
vn -0.9656 0.2602 -0.0000
vn -0.7820 0.2980 0.5474
vn 0.0000 0.0000 1.0000
vn 0.8192 0.0000 0.5735
vn 1.0000 0.0000 0.0000
vn 0.8192 0.0000 -0.5735
vn 0.0000 0.0000 -1.0000
vn -0.8192 0.0000 -0.5735
vn -1.0000 0.0000 -0.0000
vn -0.8192 0.0000 0.5735
vn 0.0000 -0.3592 0.9333
vn 0.7820 -0.2980 0.5474
vn 0.9656 -0.2602 0.0000
vn 0.7820 -0.2980 -0.5474
vn 0.0000 -0.3592 -0.9333
vn -0.7820 -0.2980 -0.5474
vn -0.9656 -0.2602 -0.0000
vn -0.7820 -0.2980 0.5474
vn 0.0000 -0.7559 0.6547
vn 0.5980 -0.6835 0.4186
vn 0.7777 -0.6286 0.0000
vn 0.5980 -0.6835 -0.4186
vn 0.0000 -0.7559 -0.6547
vn -0.5980 -0.6835 -0.4186
vn -0.7777 -0.6286 -0.0000
vn -0.5980 -0.6835 0.4186
vn 0.0000 -1.0000 0.0000
vn 0.0000 -1.0000 0.0000
vn 0.0000 -1.0000 0.0000
vn 0.0000 -1.0000 -0.0000
vn 0.0000 -1.0000 -0.0000
vn -0.0000 -1.0000 -0.0000
vn -0.0000 -1.0000 -0.0000
vn -0.0000 -1.0000 0.0000
f 931//931 932//932 924//924 923//923
f 932//932 933//933 925//925 924//924
f 933//933 934//934 926//926 925//925
f 934//934 935//935 927//927 926//926
f 935//935 936//936 928//928 927//927
f 936//936 937//937 929//929 928//928
f 937//937 938//938 930//930 929//929
f 938//938 931//931 923//923 930//930
f 939//939 940//940 932//932 931//931
f 940//940 941//941 933//933 932//932
f 941//941 942//942 934//934 933//933
f 942//942 943//943 935//935 934//934
f 943//943 944//944 936//936 935//935
f 944//944 945//945 937//937 936//936
f 945//945 946//946 938//938 937//937
f 946//946 939//939 931//931 938//938
f 947//947 948//948 940//940 939//939
f 948//948 949//949 941//941 940//940
f 949//949 950//950 942//942 941//941
f 950//950 951//951 943//943 942//942
f 951//951 952//952 944//944 943//943
f 952//952 953//953 945//945 944//944
f 953//953 954//954 946//946 945//945
f 954//954 947//947 939//939 946//946
f 955//955 956//956 948//948 947//947
f 956//956 957//957 949//949 948//948
f 957//957 958//958 950//950 949//949
f 958//958 959//959 951//951 950//950
f 959//959 960//960 952//952 951//951
f 960//960 961//961 953//953 952//952
f 961//961 962//962 954//954 953//953
f 962//962 955//955 947//947 954//954
f 963//963 964//964 956//956 955//955
f 964//964 965//965 957//957 956//956
f 965//965 966//966 958//958 957//957
f 966//966 967//967 959//959 958//958
f 967//967 968//968 960//960 959//959
f 968//968 969//969 961//961 960//960
f 969//969 970//970 962//962 961//961
f 970//970 963//963 955//955 962//962
f 971//971 972//972 964//964 963//963
f 972//972 973//973 965//965 964//964
f 973//973 974//974 966//966 965//965
f 974//974 975//975 967//967 966//966
f 975//975 976//976 968//968 967//967
f 976//976 977//977 969//969 968//968
f 977//977 978//978 970//970 969//969
f 978//978 971//971 963//963 970//970
g part8
usemtl nose
v 0.00000 0.56400 0.12135
v 0.00000 0.56400 0.12135
v 0.00000 0.56400 0.12135
v 0.00000 0.56400 0.12135
v 0.00000 0.56400 0.12135
v 0.00000 0.56400 0.12135
v 0.00000 0.56400 0.12135
v 0.00000 0.56400 0.12135
v 0.00000 0.56400 0.12135
v 0.00000 0.56400 0.12135
v 0.00000 0.56400 0.12135
v 0.00000 0.56400 0.12135
v 0.00000 0.56202 0.13053
v 0.00459 0.56202 0.12930
v 0.00795 0.56202 0.12594
v 0.00918 0.56202 0.12135
v 0.00795 0.56202 0.11676
v 0.00459 0.56202 0.11340
v 0.00000 0.56202 0.11217
v -0.00459 0.56202 0.11340
v -0.00795 0.56202 0.11676
v -0.00918 0.56202 0.12135
v -0.00795 0.56202 0.12594
v -0.00459 0.56202 0.12930
v 0.00000 0.55638 0.13832
v 0.00849 0.55638 0.13605
v 0.01470 0.55638 0.12983
v 0.01697 0.55638 0.12135
v 0.01470 0.55638 0.11286
v 0.00849 0.55638 0.10665
v 0.00000 0.55638 0.10438
v -0.00849 0.55638 0.10665
v -0.01470 0.55638 0.11286
v -0.01697 0.55638 0.12135
v -0.01470 0.55638 0.12983
v -0.00849 0.55638 0.13605
v 0.00000 0.54795 0.14352
v 0.01109 0.54795 0.14055
v 0.01920 0.54795 0.13244
v 0.02217 0.54795 0.12135
v 0.01920 0.54795 0.11026
v 0.01109 0.54795 0.10215
v 0.00000 0.54795 0.09918
v -0.01109 0.54795 0.10215
v -0.01920 0.54795 0.11026
v -0.02217 0.54795 0.12135
v -0.01920 0.54795 0.13244
v -0.01109 0.54795 0.14055
v 0.00000 0.53800 0.14535
v 0.01200 0.53800 0.14213
v 0.02078 0.53800 0.13335
v 0.02400 0.53800 0.12135
v 0.02078 0.53800 0.10935
v 0.01200 0.53800 0.10057
v 0.00000 0.53800 0.09735
v -0.01200 0.53800 0.10057
v -0.02078 0.53800 0.10935
v -0.02400 0.53800 0.12135
v -0.02078 0.53800 0.13335
v -0.01200 0.53800 0.14213
v 0.00000 0.52805 0.14352
v 0.01109 0.52805 0.14055
v 0.01920 0.52805 0.13244
v 0.02217 0.52805 0.12135
v 0.01920 0.52805 0.11026
v 0.01109 0.52805 0.10215
v 0.00000 0.52805 0.09918
v -0.01109 0.52805 0.10215
v -0.01920 0.52805 0.11026
v -0.02217 0.52805 0.12135
v -0.01920 0.52805 0.13244
v -0.01109 0.52805 0.14055
v 0.00000 0.51962 0.13832
v 0.00849 0.51962 0.13605
v 0.01470 0.51962 0.12983
v 0.01697 0.51962 0.12135
v 0.01470 0.51962 0.11286
v 0.00849 0.51962 0.10665
v 0.00000 0.51962 0.10438
v -0.00849 0.51962 0.10665
v -0.01470 0.51962 0.11286
v -0.01697 0.51962 0.12135
v -0.01470 0.51962 0.12983
v -0.00849 0.51962 0.13605
v 0.00000 0.51398 0.13053
v 0.00459 0.51398 0.12930
v 0.00795 0.51398 0.12594
v 0.00918 0.51398 0.12135
v 0.00795 0.51398 0.11676
v 0.00459 0.51398 0.11340
v 0.00000 0.51398 0.11217
v -0.00459 0.51398 0.11340
v -0.00795 0.51398 0.11676
v -0.00918 0.51398 0.12135
v -0.00795 0.51398 0.12594
v -0.00459 0.51398 0.12930
v 0.00000 0.51200 0.12135
v 0.00000 0.51200 0.12135
v 0.00000 0.51200 0.12135
v 0.00000 0.51200 0.12135
v 0.00000 0.51200 0.12135
v 0.00000 0.51200 0.12135
v 0.00000 0.51200 0.12135
v -0.00000 0.51200 0.12135
v -0.00000 0.51200 0.12135
v -0.00000 0.51200 0.12135
v -0.00000 0.51200 0.12135
v -0.00000 0.51200 0.12135
vn 0.0000 1.0000 0.0000
vn 0.0000 1.0000 0.0000
vn 0.0000 1.0000 0.0000
vn 0.0000 1.0000 0.0000
vn 0.0000 1.0000 -0.0000
vn 0.0000 1.0000 -0.0000
vn 0.0000 1.0000 -0.0000
vn -0.0000 1.0000 -0.0000
vn -0.0000 1.0000 -0.0000
vn -0.0000 1.0000 -0.0000
vn -0.0000 1.0000 0.0000
vn -0.0000 1.0000 0.0000
vn 0.0000 0.9124 0.4094
vn 0.2047 0.9124 0.3546
vn 0.3546 0.9124 0.2047
vn 0.4094 0.9124 0.0000
vn 0.3546 0.9124 -0.2047
vn 0.2047 0.9124 -0.3546
vn 0.0000 0.9124 -0.4094
vn -0.2047 0.9124 -0.3546
vn -0.3546 0.9124 -0.2047
vn -0.4094 0.9124 -0.0000
vn -0.3546 0.9124 0.2047
vn -0.2047 0.9124 0.3546
vn 0.0000 0.6783 0.7348
vn 0.3674 0.6783 0.6364
vn 0.6364 0.6783 0.3674
vn 0.7348 0.6783 0.0000
vn 0.6364 0.6783 -0.3674
vn 0.3674 0.6783 -0.6364
vn 0.0000 0.6783 -0.7348
vn -0.3674 0.6783 -0.6364
vn -0.6364 0.6783 -0.3674
vn -0.7348 0.6783 -0.0000
vn -0.6364 0.6783 0.3674
vn -0.3674 0.6783 0.6364
vn 0.0000 0.3571 0.9341
vn 0.4670 0.3571 0.8089
vn 0.8089 0.3571 0.4670
vn 0.9341 0.3571 0.0000
vn 0.8089 0.3571 -0.4670
vn 0.4670 0.3571 -0.8089
vn 0.0000 0.3571 -0.9341
vn -0.4670 0.3571 -0.8089
vn -0.8089 0.3571 -0.4670
vn -0.9341 0.3571 -0.0000
vn -0.8089 0.3571 0.4670
vn -0.4670 0.3571 0.8089
vn 0.0000 0.0000 1.0000
vn 0.5000 0.0000 0.8660
vn 0.8660 0.0000 0.5000
vn 1.0000 0.0000 0.0000
vn 0.8660 0.0000 -0.5000
vn 0.5000 0.0000 -0.8660
vn 0.0000 0.0000 -1.0000
vn -0.5000 0.0000 -0.8660
vn -0.8660 0.0000 -0.5000
vn -1.0000 0.0000 -0.0000
vn -0.8660 0.0000 0.5000
vn -0.5000 0.0000 0.8660
vn 0.0000 -0.3571 0.9341
vn 0.4670 -0.3571 0.8089
vn 0.8089 -0.3571 0.4670
vn 0.9341 -0.3571 0.0000
vn 0.8089 -0.3571 -0.4670
vn 0.4670 -0.3571 -0.8089
vn 0.0000 -0.3571 -0.9341
vn -0.4670 -0.3571 -0.8089
vn -0.8089 -0.3571 -0.4670
vn -0.9341 -0.3571 -0.0000
vn -0.8089 -0.3571 0.4670
vn -0.4670 -0.3571 0.8089
vn 0.0000 -0.6783 0.7348
vn 0.3674 -0.6783 0.6364
vn 0.6364 -0.6783 0.3674
vn 0.7348 -0.6783 0.0000
vn 0.6364 -0.6783 -0.3674
vn 0.3674 -0.6783 -0.6364
vn 0.0000 -0.6783 -0.7348
vn -0.3674 -0.6783 -0.6364
vn -0.6364 -0.6783 -0.3674
vn -0.7348 -0.6783 -0.0000
vn -0.6364 -0.6783 0.3674
vn -0.3674 -0.6783 0.6364
vn 0.0000 -0.9124 0.4094
vn 0.2047 -0.9124 0.3546
vn 0.3546 -0.9124 0.2047
vn 0.4094 -0.9124 0.0000
vn 0.3546 -0.9124 -0.2047
vn 0.2047 -0.9124 -0.3546
vn 0.0000 -0.9124 -0.4094
vn -0.2047 -0.9124 -0.3546
vn -0.3546 -0.9124 -0.2047
vn -0.4094 -0.9124 -0.0000
vn -0.3546 -0.9124 0.2047
vn -0.2047 -0.9124 0.3546
vn 0.0000 -1.0000 0.0000
vn 0.0000 -1.0000 0.0000
vn 0.0000 -1.0000 0.0000
vn 0.0000 -1.0000 0.0000
vn 0.0000 -1.0000 -0.0000
vn 0.0000 -1.0000 -0.0000
vn 0.0000 -1.0000 -0.0000
vn -0.0000 -1.0000 -0.0000
vn -0.0000 -1.0000 -0.0000
vn -0.0000 -1.0000 -0.0000
vn -0.0000 -1.0000 0.0000
vn -0.0000 -1.0000 0.0000
f 991//991 992//992 980//980 979//979
f 992//992 993//993 981//981 980//980
f 993//993 994//994 982//982 981//981
f 994//994 995//995 983//983 982//982
f 995//995 996//996 984//984 983//983
f 996//996 997//997 985//985 984//984
f 997//997 998//998 986//986 985//985
f 998//998 999//999 987//987 986//986
f 999//999 1000//1000 988//988 987//987
f 1000//1000 1001//1001 989//989 988//988
f 1001//1001 1002//1002 990//990 989//989
f 1002//1002 991//991 979//979 990//990
f 1003//1003 1004//1004 992//992 991//991
f 1004//1004 1005//1005 993//993 992//992
f 1005//1005 1006//1006 994//994 993//993
f 1006//1006 1007//1007 995//995 994//994
f 1007//1007 1008//1008 996//996 995//995
f 1008//1008 1009//1009 997//997 996//996
f 1009//1009 1010//1010 998//998 997//997
f 1010//1010 1011//1011 999//999 998//998
f 1011//1011 1012//1012 1000//1000 999//999
f 1012//1012 1013//1013 1001//1001 1000//1000
f 1013//1013 1014//1014 1002//1002 1001//1001
f 1014//1014 1003//1003 991//991 1002//1002
f 1015//1015 1016//1016 1004//1004 1003//1003
f 1016//1016 1017//1017 1005//1005 1004//1004
f 1017//1017 1018//1018 1006//1006 1005//1005
f 1018//1018 1019//1019 1007//1007 1006//1006
f 1019//1019 1020//1020 1008//1008 1007//1007
f 1020//1020 1021//1021 1009//1009 1008//1008
f 1021//1021 1022//1022 1010//1010 1009//1009
f 1022//1022 1023//1023 1011//1011 1010//1010
f 1023//1023 1024//1024 1012//1012 1011//1011
f 1024//1024 1025//1025 1013//1013 1012//1012
f 1025//1025 1026//1026 1014//1014 1013//1013
f 1026//1026 1015//1015 1003//1003 1014//1014
f 1027//1027 1028//1028 1016//1016 1015//1015
f 1028//1028 1029//1029 1017//1017 1016//1016
f 1029//1029 1030//1030 1018//1018 1017//1017
f 1030//1030 1031//1031 1019//1019 1018//1018
f 1031//1031 1032//1032 1020//1020 1019//1019
f 1032//1032 1033//1033 1021//1021 1020//1020
f 1033//1033 1034//1034 1022//1022 1021//1021
f 1034//1034 1035//1035 1023//1023 1022//1022
f 1035//1035 1036//1036 1024//1024 1023//1023
f 1036//1036 1037//1037 1025//1025 1024//1024
f 1037//1037 1038//1038 1026//1026 1025//1025
f 1038//1038 1027//1027 1015//1015 1026//1026
f 1039//1039 1040//1040 1028//1028 1027//1027
f 1040//1040 1041//1041 1029//1029 1028//1028
f 1041//1041 1042//1042 1030//1030 1029//1029
f 1042//1042 1043//1043 1031//1031 1030//1030
f 1043//1043 1044//1044 1032//1032 1031//1031
f 1044//1044 1045//1045 1033//1033 1032//1032
f 1045//1045 1046//1046 1034//1034 1033//1033
f 1046//1046 1047//1047 1035//1035 1034//1034
f 1047//1047 1048//1048 1036//1036 1035//1035
f 1048//1048 1049//1049 1037//1037 1036//1036
f 1049//1049 1050//1050 1038//1038 1037//1037
f 1050//1050 1039//1039 1027//1027 1038//1038
f 1051//1051 1052//1052 1040//1040 1039//1039
f 1052//1052 1053//1053 1041//1041 1040//1040
f 1053//1053 1054//1054 1042//1042 1041//1041
f 1054//1054 1055//1055 1043//1043 1042//1042
f 1055//1055 1056//1056 1044//1044 1043//1043
f 1056//1056 1057//1057 1045//1045 1044//1044
f 1057//1057 1058//1058 1046//1046 1045//1045
f 1058//1058 1059//1059 1047//1047 1046//1046
f 1059//1059 1060//1060 1048//1048 1047//1047
f 1060//1060 1061//1061 1049//1049 1048//1048
f 1061//1061 1062//1062 1050//1050 1049//1049
f 1062//1062 1051//1051 1039//1039 1050//1050
f 1063//1063 1064//1064 1052//1052 1051//1051
f 1064//1064 1065//1065 1053//1053 1052//1052
f 1065//1065 1066//1066 1054//1054 1053//1053
f 1066//1066 1067//1067 1055//1055 1054//1054
f 1067//1067 1068//1068 1056//1056 1055//1055
f 1068//1068 1069//1069 1057//1057 1056//1056
f 1069//1069 1070//1070 1058//1058 1057//1057
f 1070//1070 1071//1071 1059//1059 1058//1058
f 1071//1071 1072//1072 1060//1060 1059//1059
f 1072//1072 1073//1073 1061//1061 1060//1060
f 1073//1073 1074//1074 1062//1062 1061//1061
f 1074//1074 1063//1063 1051//1051 1062//1062
f 1075//1075 1076//1076 1064//1064 1063//1063
f 1076//1076 1077//1077 1065//1065 1064//1064
f 1077//1077 1078//1078 1066//1066 1065//1065
f 1078//1078 1079//1079 1067//1067 1066//1066
f 1079//1079 1080//1080 1068//1068 1067//1067
f 1080//1080 1081//1081 1069//1069 1068//1068
f 1081//1081 1082//1082 1070//1070 1069//1069
f 1082//1082 1083//1083 1071//1071 1070//1070
f 1083//1083 1084//1084 1072//1072 1071//1071
f 1084//1084 1085//1085 1073//1073 1072//1072
f 1085//1085 1086//1086 1074//1074 1073//1073
f 1086//1086 1075//1075 1063//1063 1074//1074
g part9
usemtl beard
v 0.00000 0.48500 0.07500
v 0.00000 0.48500 0.07500
v 0.00000 0.48500 0.07500
v 0.00000 0.48500 0.07500
v 0.00000 0.48500 0.07500
v 0.00000 0.48500 0.07500
v 0.00000 0.48500 0.07500
v 0.00000 0.48500 0.07500
v 0.00000 0.48500 0.07500
v 0.00000 0.48500 0.07500
v 0.00000 0.48500 0.07500
v 0.00000 0.48500 0.07500
v 0.00000 0.48500 0.07500
v 0.00000 0.48500 0.07500
v 0.00000 0.47853 0.09337
v 0.01362 0.47853 0.09155
v 0.02453 0.47853 0.08645
v 0.03059 0.47853 0.07909
v 0.03059 0.47853 0.07091
v 0.02453 0.47853 0.06355
v 0.01362 0.47853 0.05845
v 0.00000 0.47853 0.05663
v -0.01362 0.47853 0.05845
v -0.02453 0.47853 0.06355
v -0.03059 0.47853 0.07091
v -0.03059 0.47853 0.07909
v -0.02453 0.47853 0.08645
v -0.01362 0.47853 0.09155
v 0.00000 0.46010 0.10894
v 0.02516 0.46010 0.10558
v 0.04533 0.46010 0.09616
v 0.05653 0.46010 0.08255
v 0.05653 0.46010 0.06745
v 0.04533 0.46010 0.05384
v 0.02516 0.46010 0.04442
v 0.00000 0.46010 0.04106
v -0.02516 0.46010 0.04442
v -0.04533 0.46010 0.05384
v -0.05653 0.46010 0.06745
v -0.05653 0.46010 0.08255
v -0.04533 0.46010 0.09616
v -0.02516 0.46010 0.10558
v 0.00000 0.43253 0.11935
v 0.03287 0.43253 0.11495
v 0.05923 0.43253 0.10265
v 0.07386 0.43253 0.08487
v 0.07386 0.43253 0.06513
v 0.05923 0.43253 0.04735
v 0.03287 0.43253 0.03505
v 0.00000 0.43253 0.03065
v -0.03287 0.43253 0.03505
v -0.05923 0.43253 0.04735
v -0.07386 0.43253 0.06513
v -0.07386 0.43253 0.08487
v -0.05923 0.43253 0.10265
v -0.03287 0.43253 0.11495
v 0.00000 0.40000 0.12300
v 0.03558 0.40000 0.11825
v 0.06411 0.40000 0.10493
v 0.07994 0.40000 0.08568
v 0.07994 0.40000 0.06432
v 0.06411 0.40000 0.04507
v 0.03558 0.40000 0.03175
v 0.00000 0.40000 0.02700
v -0.03558 0.40000 0.03175
v -0.06411 0.40000 0.04507
v -0.07994 0.40000 0.06432
v -0.07994 0.40000 0.08568
v -0.06411 0.40000 0.10493
v -0.03558 0.40000 0.11825
v 0.00000 0.36747 0.11935
v 0.03287 0.36747 0.11495
v 0.05923 0.36747 0.10265
v 0.07386 0.36747 0.08487
v 0.07386 0.36747 0.06513
v 0.05923 0.36747 0.04735
v 0.03287 0.36747 0.03505
v 0.00000 0.36747 0.03065
v -0.03287 0.36747 0.03505
v -0.05923 0.36747 0.04735
v -0.07386 0.36747 0.06513
v -0.07386 0.36747 0.08487
v -0.05923 0.36747 0.10265
v -0.03287 0.36747 0.11495
v 0.00000 0.33990 0.10894
v 0.02516 0.33990 0.10558
v 0.04533 0.33990 0.09616
v 0.05653 0.33990 0.08255
v 0.05653 0.33990 0.06745
v 0.04533 0.33990 0.05384
v 0.02516 0.33990 0.04442
v 0.00000 0.33990 0.04106
v -0.02516 0.33990 0.04442
v -0.04533 0.33990 0.05384
v -0.05653 0.33990 0.06745
v -0.05653 0.33990 0.08255
v -0.04533 0.33990 0.09616
v -0.02516 0.33990 0.10558
v 0.00000 0.32147 0.09337
v 0.01362 0.32147 0.09155
v 0.02453 0.32147 0.08645
v 0.03059 0.32147 0.07909
v 0.03059 0.32147 0.07091
v 0.02453 0.32147 0.06355
v 0.01362 0.32147 0.05845
v 0.00000 0.32147 0.05663
v -0.01362 0.32147 0.05845
v -0.02453 0.32147 0.06355
v -0.03059 0.32147 0.07091
v -0.03059 0.32147 0.07909
v -0.02453 0.32147 0.08645
v -0.01362 0.32147 0.09155
v 0.00000 0.31500 0.07500
v 0.00000 0.31500 0.07500
v 0.00000 0.31500 0.07500
v 0.00000 0.31500 0.07500
v 0.00000 0.31500 0.07500
v 0.00000 0.31500 0.07500
v 0.00000 0.31500 0.07500
v 0.00000 0.31500 0.07500
v -0.00000 0.31500 0.07500
v -0.00000 0.31500 0.07500
v -0.00000 0.31500 0.07500
v -0.00000 0.31500 0.07500
v -0.00000 0.31500 0.07500
v -0.00000 0.31500 0.07500
vn 0.0000 1.0000 0.0000
vn 0.0000 1.0000 0.0000
vn 0.0000 1.0000 0.0000
vn 0.0000 1.0000 0.0000
vn 0.0000 1.0000 -0.0000
vn 0.0000 1.0000 -0.0000
vn 0.0000 1.0000 -0.0000
vn 0.0000 1.0000 -0.0000
vn -0.0000 1.0000 -0.0000
vn -0.0000 1.0000 -0.0000
vn -0.0000 1.0000 -0.0000
vn -0.0000 1.0000 0.0000
vn -0.0000 1.0000 0.0000
vn -0.0000 1.0000 0.0000
vn 0.0000 0.8063 0.5915
vn 0.1536 0.8244 0.5448
vn 0.2920 0.8698 0.3978
vn 0.3818 0.9122 0.1489
vn 0.3818 0.9122 -0.1489
vn 0.2920 0.8698 -0.3978
vn 0.1536 0.8244 -0.5448
vn 0.0000 0.8063 -0.5915
vn -0.1536 0.8244 -0.5448
vn -0.2920 0.8698 -0.3978
vn -0.3818 0.9122 -0.1489
vn -0.3818 0.9122 0.1489
vn -0.2920 0.8698 0.3978
vn -0.1536 0.8244 0.5448
vn 0.0000 0.4917 0.8708
vn 0.2323 0.5165 0.8241
vn 0.4779 0.5897 0.6511
vn 0.6850 0.6778 0.2671
vn 0.6850 0.6778 -0.2671
vn 0.4779 0.5897 -0.6511
vn 0.2323 0.5165 -0.8241
vn 0.0000 0.4917 -0.8708
vn -0.2323 0.5165 -0.8241
vn -0.4779 0.5897 -0.6511
vn -0.6850 0.6778 -0.2671
vn -0.6850 0.6778 0.2671
vn -0.4779 0.5897 0.6511
vn -0.2323 0.5165 0.8241
vn 0.0000 0.2278 0.9737
vn 0.2632 0.2424 0.9338
vn 0.5664 0.2895 0.7716
vn 0.8704 0.3567 0.3394
vn 0.8704 0.3567 -0.3394
vn 0.5664 0.2895 -0.7716
vn 0.2632 0.2424 -0.9338
vn 0.0000 0.2278 -0.9737
vn -0.2632 0.2424 -0.9338
vn -0.5664 0.2895 -0.7716
vn -0.8704 0.3567 -0.3394
vn -0.8704 0.3567 0.3394
vn -0.5664 0.2895 0.7716
vn -0.2632 0.2424 0.9338
vn 0.0000 0.0000 1.0000
vn 0.2713 0.0000 0.9625
vn 0.5917 0.0000 0.8061
vn 0.9317 0.0000 0.3633
vn 0.9317 0.0000 -0.3633
vn 0.5917 0.0000 -0.8061
vn 0.2713 0.0000 -0.9625
vn 0.0000 0.0000 -1.0000
vn -0.2713 0.0000 -0.9625
vn -0.5917 0.0000 -0.8061
vn -0.9317 0.0000 -0.3633
vn -0.9317 0.0000 0.3633
vn -0.5917 0.0000 0.8061
vn -0.2713 0.0000 0.9625
vn 0.0000 -0.2278 0.9737
vn 0.2632 -0.2424 0.9338
vn 0.5664 -0.2895 0.7716
vn 0.8704 -0.3567 0.3394
vn 0.8704 -0.3567 -0.3394
vn 0.5664 -0.2895 -0.7716
vn 0.2632 -0.2424 -0.9338
vn 0.0000 -0.2278 -0.9737
vn -0.2632 -0.2424 -0.9338
vn -0.5664 -0.2895 -0.7716
vn -0.8704 -0.3567 -0.3394
vn -0.8704 -0.3567 0.3394
vn -0.5664 -0.2895 0.7716
vn -0.2632 -0.2424 0.9338
vn 0.0000 -0.4917 0.8708
vn 0.2323 -0.5165 0.8241
vn 0.4779 -0.5897 0.6511
vn 0.6850 -0.6778 0.2671
vn 0.6850 -0.6778 -0.2671
vn 0.4779 -0.5897 -0.6511
vn 0.2323 -0.5165 -0.8241
vn 0.0000 -0.4917 -0.8708
vn -0.2323 -0.5165 -0.8241
vn -0.4779 -0.5897 -0.6511
vn -0.6850 -0.6778 -0.2671
vn -0.6850 -0.6778 0.2671
vn -0.4779 -0.5897 0.6511
vn -0.2323 -0.5165 0.8241
vn 0.0000 -0.8063 0.5915
vn 0.1536 -0.8244 0.5448
vn 0.2920 -0.8698 0.3978
vn 0.3818 -0.9122 0.1489
vn 0.3818 -0.9122 -0.1489
vn 0.2920 -0.8698 -0.3978
vn 0.1536 -0.8244 -0.5448
vn 0.0000 -0.8063 -0.5915
vn -0.1536 -0.8244 -0.5448
vn -0.2920 -0.8698 -0.3978
vn -0.3818 -0.9122 -0.1489
vn -0.3818 -0.9122 0.1489
vn -0.2920 -0.8698 0.3978
vn -0.1536 -0.8244 0.5448
vn 0.0000 -1.0000 0.0000
vn 0.0000 -1.0000 0.0000
vn 0.0000 -1.0000 0.0000
vn 0.0000 -1.0000 0.0000
vn 0.0000 -1.0000 -0.0000
vn 0.0000 -1.0000 -0.0000
vn 0.0000 -1.0000 -0.0000
vn 0.0000 -1.0000 -0.0000
vn -0.0000 -1.0000 -0.0000
vn -0.0000 -1.0000 -0.0000
vn -0.0000 -1.0000 -0.0000
vn -0.0000 -1.0000 0.0000
vn -0.0000 -1.0000 0.0000
vn -0.0000 -1.0000 0.0000
f 1101//1101 1102//1102 1088//1088 1087//1087
f 1102//1102 1103//1103 1089//1089 1088//1088
f 1103//1103 1104//1104 1090//1090 1089//1089
f 1104//1104 1105//1105 1091//1091 1090//1090
f 1105//1105 1106//1106 1092//1092 1091//1091
f 1106//1106 1107//1107 1093//1093 1092//1092
f 1107//1107 1108//1108 1094//1094 1093//1093
f 1108//1108 1109//1109 1095//1095 1094//1094
f 1109//1109 1110//1110 1096//1096 1095//1095
f 1110//1110 1111//1111 1097//1097 1096//1096
f 1111//1111 1112//1112 1098//1098 1097//1097
f 1112//1112 1113//1113 1099//1099 1098//1098
f 1113//1113 1114//1114 1100//1100 1099//1099
f 1114//1114 1101//1101 1087//1087 1100//1100
f 1115//1115 1116//1116 1102//1102 1101//1101
f 1116//1116 1117//1117 1103//1103 1102//1102
f 1117//1117 1118//1118 1104//1104 1103//1103
f 1118//1118 1119//1119 1105//1105 1104//1104
f 1119//1119 1120//1120 1106//1106 1105//1105
f 1120//1120 1121//1121 1107//1107 1106//1106
f 1121//1121 1122//1122 1108//1108 1107//1107
f 1122//1122 1123//1123 1109//1109 1108//1108
f 1123//1123 1124//1124 1110//1110 1109//1109
f 1124//1124 1125//1125 1111//1111 1110//1110
f 1125//1125 1126//1126 1112//1112 1111//1111
f 1126//1126 1127//1127 1113//1113 1112//1112
f 1127//1127 1128//1128 1114//1114 1113//1113
f 1128//1128 1115//1115 1101//1101 1114//1114
f 1129//1129 1130//1130 1116//1116 1115//1115
f 1130//1130 1131//1131 1117//1117 1116//1116
f 1131//1131 1132//1132 1118//1118 1117//1117
f 1132//1132 1133//1133 1119//1119 1118//1118
f 1133//1133 1134//1134 1120//1120 1119//1119
f 1134//1134 1135//1135 1121//1121 1120//1120
f 1135//1135 1136//1136 1122//1122 1121//1121
f 1136//1136 1137//1137 1123//1123 1122//1122
f 1137//1137 1138//1138 1124//1124 1123//1123
f 1138//1138 1139//1139 1125//1125 1124//1124
f 1139//1139 1140//1140 1126//1126 1125//1125
f 1140//1140 1141//1141 1127//1127 1126//1126
f 1141//1141 1142//1142 1128//1128 1127//1127
f 1142//1142 1129//1129 1115//1115 1128//1128
f 1143//1143 1144//1144 1130//1130 1129//1129
f 1144//1144 1145//1145 1131//1131 1130//1130
f 1145//1145 1146//1146 1132//1132 1131//1131
f 1146//1146 1147//1147 1133//1133 1132//1132
f 1147//1147 1148//1148 1134//1134 1133//1133
f 1148//1148 1149//1149 1135//1135 1134//1134
f 1149//1149 1150//1150 1136//1136 1135//1135
f 1150//1150 1151//1151 1137//1137 1136//1136
f 1151//1151 1152//1152 1138//1138 1137//1137
f 1152//1152 1153//1153 1139//1139 1138//1138
f 1153//1153 1154//1154 1140//1140 1139//1139
f 1154//1154 1155//1155 1141//1141 1140//1140
f 1155//1155 1156//1156 1142//1142 1141//1141
f 1156//1156 1143//1143 1129//1129 1142//1142
f 1157//1157 1158//1158 1144//1144 1143//1143
f 1158//1158 1159//1159 1145//1145 1144//1144
f 1159//1159 1160//1160 1146//1146 1145//1145
f 1160//1160 1161//1161 1147//1147 1146//1146
f 1161//1161 1162//1162 1148//1148 1147//1147
f 1162//1162 1163//1163 1149//1149 1148//1148
f 1163//1163 1164//1164 1150//1150 1149//1149
f 1164//1164 1165//1165 1151//1151 1150//1150
f 1165//1165 1166//1166 1152//1152 1151//1151
f 1166//1166 1167//1167 1153//1153 1152//1152
f 1167//1167 1168//1168 1154//1154 1153//1153
f 1168//1168 1169//1169 1155//1155 1154//1154
f 1169//1169 1170//1170 1156//1156 1155//1155
f 1170//1170 1157//1157 1143//1143 1156//1156
f 1171//1171 1172//1172 1158//1158 1157//1157
f 1172//1172 1173//1173 1159//1159 1158//1158
f 1173//1173 1174//1174 1160//1160 1159//1159
f 1174//1174 1175//1175 1161//1161 1160//1160
f 1175//1175 1176//1176 1162//1162 1161//1161
f 1176//1176 1177//1177 1163//1163 1162//1162
f 1177//1177 1178//1178 1164//1164 1163//1163
f 1178//1178 1179//1179 1165//1165 1164//1164
f 1179//1179 1180//1180 1166//1166 1165//1165
f 1180//1180 1181//1181 1167//1167 1166//1166
f 1181//1181 1182//1182 1168//1168 1167//1167
f 1182//1182 1183//1183 1169//1169 1168//1168
f 1183//1183 1184//1184 1170//1170 1169//1169
f 1184//1184 1171//1171 1157//1157 1170//1170
f 1185//1185 1186//1186 1172//1172 1171//1171
f 1186//1186 1187//1187 1173//1173 1172//1172
f 1187//1187 1188//1188 1174//1174 1173//1173
f 1188//1188 1189//1189 1175//1175 1174//1174
f 1189//1189 1190//1190 1176//1176 1175//1175
f 1190//1190 1191//1191 1177//1177 1176//1176
f 1191//1191 1192//1192 1178//1178 1177//1177
f 1192//1192 1193//1193 1179//1179 1178//1178
f 1193//1193 1194//1194 1180//1180 1179//1179
f 1194//1194 1195//1195 1181//1181 1180//1180
f 1195//1195 1196//1196 1182//1182 1181//1181
f 1196//1196 1197//1197 1183//1183 1182//1182
f 1197//1197 1198//1198 1184//1184 1183//1183
f 1198//1198 1185//1185 1171//1171 1184//1184
f 1199//1199 1200//1200 1186//1186 1185//1185
f 1200//1200 1201//1201 1187//1187 1186//1186
f 1201//1201 1202//1202 1188//1188 1187//1187
f 1202//1202 1203//1203 1189//1189 1188//1188
f 1203//1203 1204//1204 1190//1190 1189//1189
f 1204//1204 1205//1205 1191//1191 1190//1190
f 1205//1205 1206//1206 1192//1192 1191//1191
f 1206//1206 1207//1207 1193//1193 1192//1192
f 1207//1207 1208//1208 1194//1194 1193//1193
f 1208//1208 1209//1209 1195//1195 1194//1194
f 1209//1209 1210//1210 1196//1196 1195//1195
f 1210//1210 1211//1211 1197//1197 1196//1196
f 1211//1211 1212//1212 1198//1198 1197//1197
f 1212//1212 1199//1199 1185//1185 1198//1198
g part10
usemtl beard
v 0.00000 0.42500 0.08800
v 0.00000 0.42500 0.08800
v 0.00000 0.42500 0.08800
v 0.00000 0.42500 0.08800
v 0.00000 0.42500 0.08800
v 0.00000 0.42500 0.08800
v 0.00000 0.42500 0.08800
v 0.00000 0.42500 0.08800
v 0.00000 0.42500 0.08800
v 0.00000 0.42500 0.08800
v 0.00000 0.42500 0.08800
v 0.00000 0.42500 0.08800
v 0.00000 0.42500 0.08800
v 0.00000 0.42500 0.08800
v 0.00000 0.41853 0.10331
v 0.00996 0.41853 0.10179
v 0.01795 0.41853 0.09754
v 0.02239 0.41853 0.09141
v 0.02239 0.41853 0.08459
v 0.01795 0.41853 0.07846
v 0.00996 0.41853 0.07421
v 0.00000 0.41853 0.07269
v -0.00996 0.41853 0.07421
v -0.01795 0.41853 0.07846
v -0.02239 0.41853 0.08459
v -0.02239 0.41853 0.09141
v -0.01795 0.41853 0.09754
v -0.00996 0.41853 0.10179
v 0.00000 0.40010 0.11628
v 0.01841 0.40010 0.11348
v 0.03317 0.40010 0.10563
v 0.04136 0.40010 0.09429
v 0.04136 0.40010 0.08171
v 0.03317 0.40010 0.07037
v 0.01841 0.40010 0.06252
v 0.00000 0.40010 0.05972
v -0.01841 0.40010 0.06252
v -0.03317 0.40010 0.07037
v -0.04136 0.40010 0.08171
v -0.04136 0.40010 0.09429
v -0.03317 0.40010 0.10563
v -0.01841 0.40010 0.11348
v 0.00000 0.37253 0.12496
v 0.02405 0.37253 0.12130
v 0.04334 0.37253 0.11104
v 0.05404 0.37253 0.09622
v 0.05404 0.37253 0.07978
v 0.04334 0.37253 0.06496
v 0.02405 0.37253 0.05470
v 0.00000 0.37253 0.05104
v -0.02405 0.37253 0.05470
v -0.04334 0.37253 0.06496
v -0.05404 0.37253 0.07978
v -0.05404 0.37253 0.09622
v -0.04334 0.37253 0.11104
v -0.02405 0.37253 0.12130
v 0.00000 0.34000 0.12800
v 0.02603 0.34000 0.12404
v 0.04691 0.34000 0.11294
v 0.05850 0.34000 0.09690
v 0.05850 0.34000 0.07910
v 0.04691 0.34000 0.06306
v 0.02603 0.34000 0.05196
v 0.00000 0.34000 0.04800
v -0.02603 0.34000 0.05196
v -0.04691 0.34000 0.06306
v -0.05850 0.34000 0.07910
v -0.05850 0.34000 0.09690
v -0.04691 0.34000 0.11294
v -0.02603 0.34000 0.12404
v 0.00000 0.30747 0.12496
v 0.02405 0.30747 0.12130
v 0.04334 0.30747 0.11104
v 0.05404 0.30747 0.09622
v 0.05404 0.30747 0.07978
v 0.04334 0.30747 0.06496
v 0.02405 0.30747 0.05470
v 0.00000 0.30747 0.05104
v -0.02405 0.30747 0.05470
v -0.04334 0.30747 0.06496
v -0.05404 0.30747 0.07978
v -0.05404 0.30747 0.09622
v -0.04334 0.30747 0.11104
v -0.02405 0.30747 0.12130
v 0.00000 0.27990 0.11628
v 0.01841 0.27990 0.11348
v 0.03317 0.27990 0.10563
v 0.04136 0.27990 0.09429
v 0.04136 0.27990 0.08171
v 0.03317 0.27990 0.07037
v 0.01841 0.27990 0.06252
v 0.00000 0.27990 0.05972
v -0.01841 0.27990 0.06252
v -0.03317 0.27990 0.07037
v -0.04136 0.27990 0.08171
v -0.04136 0.27990 0.09429
v -0.03317 0.27990 0.10563
v -0.01841 0.27990 0.11348
v 0.00000 0.26147 0.10331
v 0.00996 0.26147 0.10179
v 0.01795 0.26147 0.09754
v 0.02239 0.26147 0.09141
v 0.02239 0.26147 0.08459
v 0.01795 0.26147 0.07846
v 0.00996 0.26147 0.07421
v 0.00000 0.26147 0.07269
v -0.00996 0.26147 0.07421
v -0.01795 0.26147 0.07846
v -0.02239 0.26147 0.08459
v -0.02239 0.26147 0.09141
v -0.01795 0.26147 0.09754
v -0.00996 0.26147 0.10179
v 0.00000 0.25500 0.08800
v 0.00000 0.25500 0.08800
v 0.00000 0.25500 0.08800
v 0.00000 0.25500 0.08800
v 0.00000 0.25500 0.08800
v 0.00000 0.25500 0.08800
v 0.00000 0.25500 0.08800
v 0.00000 0.25500 0.08800
v -0.00000 0.25500 0.08800
v -0.00000 0.25500 0.08800
v -0.00000 0.25500 0.08800
v -0.00000 0.25500 0.08800
v -0.00000 0.25500 0.08800
v -0.00000 0.25500 0.08800
vn 0.0000 1.0000 0.0000
vn 0.0000 1.0000 0.0000
vn 0.0000 1.0000 0.0000
vn 0.0000 1.0000 0.0000
vn 0.0000 1.0000 -0.0000
vn 0.0000 1.0000 -0.0000
vn 0.0000 1.0000 -0.0000
vn 0.0000 1.0000 -0.0000
vn -0.0000 1.0000 -0.0000
vn -0.0000 1.0000 -0.0000
vn -0.0000 1.0000 -0.0000
vn -0.0000 1.0000 0.0000
vn -0.0000 1.0000 0.0000
vn -0.0000 1.0000 0.0000
vn 0.0000 0.7506 0.6607
vn 0.1956 0.7684 0.6094
vn 0.3731 0.8133 0.4464
vn 0.4895 0.8557 0.1676
vn 0.4895 0.8557 -0.1676
vn 0.3731 0.8133 -0.4464
vn 0.1956 0.7684 -0.6094
vn 0.0000 0.7506 -0.6607
vn -0.1956 0.7684 -0.6094
vn -0.3731 0.8133 -0.4464
vn -0.4895 0.8557 -0.1676
vn -0.4895 0.8557 0.1676
vn -0.3731 0.8133 0.4464
vn -0.1956 0.7684 0.6094
vn 0.0000 0.4258 0.9048
vn 0.2737 0.4453 0.8525
vn 0.5550 0.5011 0.6639
vn 0.7805 0.5651 0.2672
vn 0.7805 0.5651 -0.2672
vn 0.5550 0.5011 -0.6639
vn 0.2737 0.4453 -0.8525
vn 0.0000 0.4258 -0.9048
vn -0.2737 0.4453 -0.8525
vn -0.5550 0.5011 -0.6639
vn -0.7805 0.5651 -0.2672
vn -0.7805 0.5651 0.2672
vn -0.5550 0.5011 0.6639
vn -0.2737 0.4453 0.8525
vn 0.0000 0.1913 0.9815
vn 0.2994 0.2018 0.9326
vn 0.6237 0.2332 0.7461
vn 0.9102 0.2730 0.3116
vn 0.9102 0.2730 -0.3116
vn 0.6237 0.2332 -0.7461
vn 0.2994 0.2018 -0.9326
vn 0.0000 0.1913 -0.9815
vn -0.2994 0.2018 -0.9326
vn -0.6237 0.2332 -0.7461
vn -0.9102 0.2730 -0.3116
vn -0.9102 0.2730 0.3116
vn -0.6237 0.2332 0.7461
vn -0.2994 0.2018 0.9326
vn 0.0000 0.0000 1.0000
vn 0.3057 0.0000 0.9521
vn 0.6414 0.0000 0.7672
vn 0.9461 0.0000 0.3239
vn 0.9461 0.0000 -0.3239
vn 0.6414 0.0000 -0.7672
vn 0.3057 0.0000 -0.9521
vn 0.0000 0.0000 -1.0000
vn -0.3057 0.0000 -0.9521
vn -0.6414 0.0000 -0.7672
vn -0.9461 0.0000 -0.3239
vn -0.9461 0.0000 0.3239
vn -0.6414 0.0000 0.7672
vn -0.3057 0.0000 0.9521
vn 0.0000 -0.1913 0.9815
vn 0.2994 -0.2018 0.9326
vn 0.6237 -0.2332 0.7461
vn 0.9102 -0.2730 0.3116
vn 0.9102 -0.2730 -0.3116
vn 0.6237 -0.2332 -0.7461
vn 0.2994 -0.2018 -0.9326
vn 0.0000 -0.1913 -0.9815
vn -0.2994 -0.2018 -0.9326
vn -0.6237 -0.2332 -0.7461
vn -0.9102 -0.2730 -0.3116
vn -0.9102 -0.2730 0.3116
vn -0.6237 -0.2332 0.7461
vn -0.2994 -0.2018 0.9326
vn 0.0000 -0.4258 0.9048
vn 0.2737 -0.4453 0.8525
vn 0.5550 -0.5011 0.6639
vn 0.7805 -0.5651 0.2672
vn 0.7805 -0.5651 -0.2672
vn 0.5550 -0.5011 -0.6639
vn 0.2737 -0.4453 -0.8525
vn 0.0000 -0.4258 -0.9048
vn -0.2737 -0.4453 -0.8525
vn -0.5550 -0.5011 -0.6639
vn -0.7805 -0.5651 -0.2672
vn -0.7805 -0.5651 0.2672
vn -0.5550 -0.5011 0.6639
vn -0.2737 -0.4453 0.8525
vn 0.0000 -0.7506 0.6607
vn 0.1956 -0.7684 0.6094
vn 0.3731 -0.8133 0.4464
vn 0.4895 -0.8557 0.1676
vn 0.4895 -0.8557 -0.1676
vn 0.3731 -0.8133 -0.4464
vn 0.1956 -0.7684 -0.6094
vn 0.0000 -0.7506 -0.6607
vn -0.1956 -0.7684 -0.6094
vn -0.3731 -0.8133 -0.4464
vn -0.4895 -0.8557 -0.1676
vn -0.4895 -0.8557 0.1676
vn -0.3731 -0.8133 0.4464
vn -0.1956 -0.7684 0.6094
vn 0.0000 -1.0000 0.0000
vn 0.0000 -1.0000 0.0000
vn 0.0000 -1.0000 0.0000
vn 0.0000 -1.0000 0.0000
vn 0.0000 -1.0000 -0.0000
vn 0.0000 -1.0000 -0.0000
vn 0.0000 -1.0000 -0.0000
vn 0.0000 -1.0000 -0.0000
vn -0.0000 -1.0000 -0.0000
vn -0.0000 -1.0000 -0.0000
vn -0.0000 -1.0000 -0.0000
vn -0.0000 -1.0000 0.0000
vn -0.0000 -1.0000 0.0000
vn -0.0000 -1.0000 0.0000
f 1227//1227 1228//1228 1214//1214 1213//1213
f 1228//1228 1229//1229 1215//1215 1214//1214
f 1229//1229 1230//1230 1216//1216 1215//1215
f 1230//1230 1231//1231 1217//1217 1216//1216
f 1231//1231 1232//1232 1218//1218 1217//1217
f 1232//1232 1233//1233 1219//1219 1218//1218
f 1233//1233 1234//1234 1220//1220 1219//1219
f 1234//1234 1235//1235 1221//1221 1220//1220
f 1235//1235 1236//1236 1222//1222 1221//1221
f 1236//1236 1237//1237 1223//1223 1222//1222
f 1237//1237 1238//1238 1224//1224 1223//1223
f 1238//1238 1239//1239 1225//1225 1224//1224
f 1239//1239 1240//1240 1226//1226 1225//1225
f 1240//1240 1227//1227 1213//1213 1226//1226
f 1241//1241 1242//1242 1228//1228 1227//1227
f 1242//1242 1243//1243 1229//1229 1228//1228
f 1243//1243 1244//1244 1230//1230 1229//1229
f 1244//1244 1245//1245 1231//1231 1230//1230
f 1245//1245 1246//1246 1232//1232 1231//1231
f 1246//1246 1247//1247 1233//1233 1232//1232
f 1247//1247 1248//1248 1234//1234 1233//1233
f 1248//1248 1249//1249 1235//1235 1234//1234
f 1249//1249 1250//1250 1236//1236 1235//1235
f 1250//1250 1251//1251 1237//1237 1236//1236
f 1251//1251 1252//1252 1238//1238 1237//1237
f 1252//1252 1253//1253 1239//1239 1238//1238
f 1253//1253 1254//1254 1240//1240 1239//1239
f 1254//1254 1241//1241 1227//1227 1240//1240
f 1255//1255 1256//1256 1242//1242 1241//1241
f 1256//1256 1257//1257 1243//1243 1242//1242
f 1257//1257 1258//1258 1244//1244 1243//1243
f 1258//1258 1259//1259 1245//1245 1244//1244
f 1259//1259 1260//1260 1246//1246 1245//1245
f 1260//1260 1261//1261 1247//1247 1246//1246
f 1261//1261 1262//1262 1248//1248 1247//1247
f 1262//1262 1263//1263 1249//1249 1248//1248
f 1263//1263 1264//1264 1250//1250 1249//1249
f 1264//1264 1265//1265 1251//1251 1250//1250
f 1265//1265 1266//1266 1252//1252 1251//1251
f 1266//1266 1267//1267 1253//1253 1252//1252
f 1267//1267 1268//1268 1254//1254 1253//1253
f 1268//1268 1255//1255 1241//1241 1254//1254
f 1269//1269 1270//1270 1256//1256 1255//1255
f 1270//1270 1271//1271 1257//1257 1256//1256
f 1271//1271 1272//1272 1258//1258 1257//1257
f 1272//1272 1273//1273 1259//1259 1258//1258
f 1273//1273 1274//1274 1260//1260 1259//1259
f 1274//1274 1275//1275 1261//1261 1260//1260
f 1275//1275 1276//1276 1262//1262 1261//1261
f 1276//1276 1277//1277 1263//1263 1262//1262
f 1277//1277 1278//1278 1264//1264 1263//1263
f 1278//1278 1279//1279 1265//1265 1264//1264
f 1279//1279 1280//1280 1266//1266 1265//1265
f 1280//1280 1281//1281 1267//1267 1266//1266
f 1281//1281 1282//1282 1268//1268 1267//1267
f 1282//1282 1269//1269 1255//1255 1268//1268
f 1283//1283 1284//1284 1270//1270 1269//1269
f 1284//1284 1285//1285 1271//1271 1270//1270
f 1285//1285 1286//1286 1272//1272 1271//1271
f 1286//1286 1287//1287 1273//1273 1272//1272
f 1287//1287 1288//1288 1274//1274 1273//1273
f 1288//1288 1289//1289 1275//1275 1274//1274
f 1289//1289 1290//1290 1276//1276 1275//1275
f 1290//1290 1291//1291 1277//1277 1276//1276
f 1291//1291 1292//1292 1278//1278 1277//1277
f 1292//1292 1293//1293 1279//1279 1278//1278
f 1293//1293 1294//1294 1280//1280 1279//1279
f 1294//1294 1295//1295 1281//1281 1280//1280
f 1295//1295 1296//1296 1282//1282 1281//1281
f 1296//1296 1283//1283 1269//1269 1282//1282
f 1297//1297 1298//1298 1284//1284 1283//1283
f 1298//1298 1299//1299 1285//1285 1284//1284
f 1299//1299 1300//1300 1286//1286 1285//1285
f 1300//1300 1301//1301 1287//1287 1286//1286
f 1301//1301 1302//1302 1288//1288 1287//1287
f 1302//1302 1303//1303 1289//1289 1288//1288
f 1303//1303 1304//1304 1290//1290 1289//1289
f 1304//1304 1305//1305 1291//1291 1290//1290
f 1305//1305 1306//1306 1292//1292 1291//1291
f 1306//1306 1307//1307 1293//1293 1292//1292
f 1307//1307 1308//1308 1294//1294 1293//1293
f 1308//1308 1309//1309 1295//1295 1294//1294
f 1309//1309 1310//1310 1296//1296 1295//1295
f 1310//1310 1297//1297 1283//1283 1296//1296
f 1311//1311 1312//1312 1298//1298 1297//1297
f 1312//1312 1313//1313 1299//1299 1298//1298
f 1313//1313 1314//1314 1300//1300 1299//1299
f 1314//1314 1315//1315 1301//1301 1300//1300
f 1315//1315 1316//1316 1302//1302 1301//1301
f 1316//1316 1317//1317 1303//1303 1302//1302
f 1317//1317 1318//1318 1304//1304 1303//1303
f 1318//1318 1319//1319 1305//1305 1304//1304
f 1319//1319 1320//1320 1306//1306 1305//1305
f 1320//1320 1321//1321 1307//1307 1306//1306
f 1321//1321 1322//1322 1308//1308 1307//1307
f 1322//1322 1323//1323 1309//1309 1308//1308
f 1323//1323 1324//1324 1310//1310 1309//1309
f 1324//1324 1311//1311 1297//1297 1310//1310
f 1325//1325 1326//1326 1312//1312 1311//1311
f 1326//1326 1327//1327 1313//1313 1312//1312
f 1327//1327 1328//1328 1314//1314 1313//1313
f 1328//1328 1329//1329 1315//1315 1314//1314
f 1329//1329 1330//1330 1316//1316 1315//1315
f 1330//1330 1331//1331 1317//1317 1316//1316
f 1331//1331 1332//1332 1318//1318 1317//1317
f 1332//1332 1333//1333 1319//1319 1318//1318
f 1333//1333 1334//1334 1320//1320 1319//1319
f 1334//1334 1335//1335 1321//1321 1320//1320
f 1335//1335 1336//1336 1322//1322 1321//1321
f 1336//1336 1337//1337 1323//1323 1322//1322
f 1337//1337 1338//1338 1324//1324 1323//1323
f 1338//1338 1325//1325 1311//1311 1324//1324
g part11
usemtl beard
v 0.00000 0.34500 0.09500
v 0.00000 0.34500 0.09500
v 0.00000 0.34500 0.09500
v 0.00000 0.34500 0.09500
v 0.00000 0.34500 0.09500
v 0.00000 0.34500 0.09500
v 0.00000 0.34500 0.09500
v 0.00000 0.34500 0.09500
v 0.00000 0.34500 0.09500
v 0.00000 0.34500 0.09500
v 0.00000 0.34500 0.09500
v 0.00000 0.34500 0.09500
v 0.00000 0.34500 0.09500
v 0.00000 0.34500 0.09500
v 0.00000 0.34005 0.10648
v 0.00598 0.34005 0.10534
v 0.01077 0.34005 0.10216
v 0.01343 0.34005 0.09755
v 0.01343 0.34005 0.09245
v 0.01077 0.34005 0.08784
v 0.00598 0.34005 0.08466
v 0.00000 0.34005 0.08352
v -0.00598 0.34005 0.08466
v -0.01077 0.34005 0.08784
v -0.01343 0.34005 0.09245
v -0.01343 0.34005 0.09755
v -0.01077 0.34005 0.10216
v -0.00598 0.34005 0.10534
v 0.00000 0.32596 0.11621
v 0.01104 0.32596 0.11411
v 0.01990 0.32596 0.10823
v 0.02482 0.32596 0.09972
v 0.02482 0.32596 0.09028
v 0.01990 0.32596 0.08177
v 0.01104 0.32596 0.07589
v 0.00000 0.32596 0.07379
v -0.01104 0.32596 0.07589
v -0.01990 0.32596 0.08177
v -0.02482 0.32596 0.09028
v -0.02482 0.32596 0.09972
v -0.01990 0.32596 0.10823
v -0.01104 0.32596 0.11411
v 0.00000 0.30487 0.12272
v 0.01443 0.30487 0.11997
v 0.02600 0.30487 0.11228
v 0.03243 0.30487 0.10117
v 0.03243 0.30487 0.08883
v 0.02600 0.30487 0.07772
v 0.01443 0.30487 0.07003
v 0.00000 0.30487 0.06728
v -0.01443 0.30487 0.07003
v -0.02600 0.30487 0.07772
v -0.03243 0.30487 0.08883
v -0.03243 0.30487 0.10117
v -0.02600 0.30487 0.11228
v -0.01443 0.30487 0.11997
v 0.00000 0.28000 0.12500
v 0.01562 0.28000 0.12203
v 0.02815 0.28000 0.11370
v 0.03510 0.28000 0.10168
v 0.03510 0.28000 0.08832
v 0.02815 0.28000 0.07630
v 0.01562 0.28000 0.06797
v 0.00000 0.28000 0.06500
v -0.01562 0.28000 0.06797
v -0.02815 0.28000 0.07630
v -0.03510 0.28000 0.08832
v -0.03510 0.28000 0.10168
v -0.02815 0.28000 0.11370
v -0.01562 0.28000 0.12203
v 0.00000 0.25513 0.12272
v 0.01443 0.25513 0.11997
v 0.02600 0.25513 0.11228
v 0.03243 0.25513 0.10117
v 0.03243 0.25513 0.08883
v 0.02600 0.25513 0.07772
v 0.01443 0.25513 0.07003
v 0.00000 0.25513 0.06728
v -0.01443 0.25513 0.07003
v -0.02600 0.25513 0.07772
v -0.03243 0.25513 0.08883
v -0.03243 0.25513 0.10117
v -0.02600 0.25513 0.11228
v -0.01443 0.25513 0.11997
v 0.00000 0.23404 0.11621
v 0.01104 0.23404 0.11411
v 0.01990 0.23404 0.10823
v 0.02482 0.23404 0.09972
v 0.02482 0.23404 0.09028
v 0.01990 0.23404 0.08177
v 0.01104 0.23404 0.07589
v 0.00000 0.23404 0.07379
v -0.01104 0.23404 0.07589
v -0.01990 0.23404 0.08177
v -0.02482 0.23404 0.09028
v -0.02482 0.23404 0.09972
v -0.01990 0.23404 0.10823
v -0.01104 0.23404 0.11411
v 0.00000 0.21995 0.10648
v 0.00598 0.21995 0.10534
v 0.01077 0.21995 0.10216
v 0.01343 0.21995 0.09755
v 0.01343 0.21995 0.09245
v 0.01077 0.21995 0.08784
v 0.00598 0.21995 0.08466
v 0.00000 0.21995 0.08352
v -0.00598 0.21995 0.08466
v -0.01077 0.21995 0.08784
v -0.01343 0.21995 0.09245
v -0.01343 0.21995 0.09755
v -0.01077 0.21995 0.10216
v -0.00598 0.21995 0.10534
v 0.00000 0.21500 0.09500
v 0.00000 0.21500 0.09500
v 0.00000 0.21500 0.09500
v 0.00000 0.21500 0.09500
v 0.00000 0.21500 0.09500
v 0.00000 0.21500 0.09500
v 0.00000 0.21500 0.09500
v 0.00000 0.21500 0.09500
v -0.00000 0.21500 0.09500
v -0.00000 0.21500 0.09500
v -0.00000 0.21500 0.09500
v -0.00000 0.21500 0.09500
v -0.00000 0.21500 0.09500
v -0.00000 0.21500 0.09500
vn 0.0000 1.0000 0.0000
vn 0.0000 1.0000 0.0000
vn 0.0000 1.0000 0.0000
vn 0.0000 1.0000 0.0000
vn 0.0000 1.0000 -0.0000
vn 0.0000 1.0000 -0.0000
vn 0.0000 1.0000 -0.0000
vn 0.0000 1.0000 -0.0000
vn -0.0000 1.0000 -0.0000
vn -0.0000 1.0000 -0.0000
vn -0.0000 1.0000 -0.0000
vn -0.0000 1.0000 0.0000
vn -0.0000 1.0000 0.0000
vn -0.0000 1.0000 0.0000
vn 0.0000 0.7442 0.6679
vn 0.2447 0.7540 0.6096
vn 0.4545 0.7773 0.4350
vn 0.5816 0.7977 0.1593
vn 0.5816 0.7977 -0.1593
vn 0.4545 0.7773 -0.4350
vn 0.2447 0.7540 -0.6096
vn 0.0000 0.7442 -0.6679
vn -0.2447 0.7540 -0.6096
vn -0.4545 0.7773 -0.4350
vn -0.5816 0.7977 -0.1593
vn -0.5816 0.7977 0.1593
vn -0.4545 0.7773 0.4350
vn -0.2447 0.7540 0.6096
vn 0.0000 0.4191 0.9080
vn 0.3364 0.4294 0.8382
vn 0.6431 0.4556 0.6155
vn 0.8458 0.4805 0.2317
vn 0.8458 0.4805 -0.2317
vn 0.6431 0.4556 -0.6155
vn 0.3364 0.4294 -0.8382
vn 0.0000 0.4191 -0.9080
vn -0.3364 0.4294 -0.8382
vn -0.6431 0.4556 -0.6155
vn -0.8458 0.4805 -0.2317
vn -0.8458 0.4805 0.2317
vn -0.6431 0.4556 0.6155
vn -0.3364 0.4294 0.8382
vn 0.0000 0.1878 0.9822
vn 0.3654 0.1932 0.9106
vn 0.7068 0.2074 0.6764
vn 0.9406 0.2213 0.2576
vn 0.9406 0.2213 -0.2576
vn 0.7068 0.2074 -0.6764
vn 0.3654 0.1932 -0.9106
vn 0.0000 0.1878 -0.9822
vn -0.3654 0.1932 -0.9106
vn -0.7068 0.2074 -0.6764
vn -0.9406 0.2213 -0.2576
vn -0.9406 0.2213 0.2576
vn -0.7068 0.2074 0.6764
vn -0.3654 0.1932 0.9106
vn 0.0000 0.0000 1.0000
vn 0.3724 0.0000 0.9281
vn 0.7225 0.0000 0.6914
vn 0.9645 0.0000 0.2642
vn 0.9645 0.0000 -0.2642
vn 0.7225 0.0000 -0.6914
vn 0.3724 0.0000 -0.9281
vn 0.0000 0.0000 -1.0000
vn -0.3724 0.0000 -0.9281
vn -0.7225 0.0000 -0.6914
vn -0.9645 0.0000 -0.2642
vn -0.9645 0.0000 0.2642
vn -0.7225 0.0000 0.6914
vn -0.3724 0.0000 0.9281
vn 0.0000 -0.1878 0.9822
vn 0.3654 -0.1932 0.9106
vn 0.7068 -0.2074 0.6764
vn 0.9406 -0.2213 0.2576
vn 0.9406 -0.2213 -0.2576
vn 0.7068 -0.2074 -0.6764
vn 0.3654 -0.1932 -0.9106
vn 0.0000 -0.1878 -0.9822
vn -0.3654 -0.1932 -0.9106
vn -0.7068 -0.2074 -0.6764
vn -0.9406 -0.2213 -0.2576
vn -0.9406 -0.2213 0.2576
vn -0.7068 -0.2074 0.6764
vn -0.3654 -0.1932 0.9106
vn 0.0000 -0.4191 0.9080
vn 0.3364 -0.4294 0.8382
vn 0.6431 -0.4556 0.6155
vn 0.8458 -0.4805 0.2317
vn 0.8458 -0.4805 -0.2317
vn 0.6431 -0.4556 -0.6155
vn 0.3364 -0.4294 -0.8382
vn 0.0000 -0.4191 -0.9080
vn -0.3364 -0.4294 -0.8382
vn -0.6431 -0.4556 -0.6155
vn -0.8458 -0.4805 -0.2317
vn -0.8458 -0.4805 0.2317
vn -0.6431 -0.4556 0.6155
vn -0.3364 -0.4294 0.8382
vn 0.0000 -0.7442 0.6679
vn 0.2447 -0.7540 0.6096
vn 0.4545 -0.7773 0.4350
vn 0.5816 -0.7977 0.1593
vn 0.5816 -0.7977 -0.1593
vn 0.4545 -0.7773 -0.4350
vn 0.2447 -0.7540 -0.6096
vn 0.0000 -0.7442 -0.6679
vn -0.2447 -0.7540 -0.6096
vn -0.4545 -0.7773 -0.4350
vn -0.5816 -0.7977 -0.1593
vn -0.5816 -0.7977 0.1593
vn -0.4545 -0.7773 0.4350
vn -0.2447 -0.7540 0.6096
vn 0.0000 -1.0000 0.0000
vn 0.0000 -1.0000 0.0000
vn 0.0000 -1.0000 0.0000
vn 0.0000 -1.0000 0.0000
vn 0.0000 -1.0000 -0.0000
vn 0.0000 -1.0000 -0.0000
vn 0.0000 -1.0000 -0.0000
vn 0.0000 -1.0000 -0.0000
vn -0.0000 -1.0000 -0.0000
vn -0.0000 -1.0000 -0.0000
vn -0.0000 -1.0000 -0.0000
vn -0.0000 -1.0000 0.0000
vn -0.0000 -1.0000 0.0000
vn -0.0000 -1.0000 0.0000
f 1353//1353 1354//1354 1340//1340 1339//1339
f 1354//1354 1355//1355 1341//1341 1340//1340
f 1355//1355 1356//1356 1342//1342 1341//1341
f 1356//1356 1357//1357 1343//1343 1342//1342
f 1357//1357 1358//1358 1344//1344 1343//1343
f 1358//1358 1359//1359 1345//1345 1344//1344
f 1359//1359 1360//1360 1346//1346 1345//1345
f 1360//1360 1361//1361 1347//1347 1346//1346
f 1361//1361 1362//1362 1348//1348 1347//1347
f 1362//1362 1363//1363 1349//1349 1348//1348
f 1363//1363 1364//1364 1350//1350 1349//1349
f 1364//1364 1365//1365 1351//1351 1350//1350
f 1365//1365 1366//1366 1352//1352 1351//1351
f 1366//1366 1353//1353 1339//1339 1352//1352
f 1367//1367 1368//1368 1354//1354 1353//1353
f 1368//1368 1369//1369 1355//1355 1354//1354
f 1369//1369 1370//1370 1356//1356 1355//1355
f 1370//1370 1371//1371 1357//1357 1356//1356
f 1371//1371 1372//1372 1358//1358 1357//1357
f 1372//1372 1373//1373 1359//1359 1358//1358
f 1373//1373 1374//1374 1360//1360 1359//1359
f 1374//1374 1375//1375 1361//1361 1360//1360
f 1375//1375 1376//1376 1362//1362 1361//1361
f 1376//1376 1377//1377 1363//1363 1362//1362
f 1377//1377 1378//1378 1364//1364 1363//1363
f 1378//1378 1379//1379 1365//1365 1364//1364
f 1379//1379 1380//1380 1366//1366 1365//1365
f 1380//1380 1367//1367 1353//1353 1366//1366
f 1381//1381 1382//1382 1368//1368 1367//1367
f 1382//1382 1383//1383 1369//1369 1368//1368
f 1383//1383 1384//1384 1370//1370 1369//1369
f 1384//1384 1385//1385 1371//1371 1370//1370
f 1385//1385 1386//1386 1372//1372 1371//1371
f 1386//1386 1387//1387 1373//1373 1372//1372
f 1387//1387 1388//1388 1374//1374 1373//1373
f 1388//1388 1389//1389 1375//1375 1374//1374
f 1389//1389 1390//1390 1376//1376 1375//1375
f 1390//1390 1391//1391 1377//1377 1376//1376
f 1391//1391 1392//1392 1378//1378 1377//1377
f 1392//1392 1393//1393 1379//1379 1378//1378
f 1393//1393 1394//1394 1380//1380 1379//1379
f 1394//1394 1381//1381 1367//1367 1380//1380
f 1395//1395 1396//1396 1382//1382 1381//1381
f 1396//1396 1397//1397 1383//1383 1382//1382
f 1397//1397 1398//1398 1384//1384 1383//1383
f 1398//1398 1399//1399 1385//1385 1384//1384
f 1399//1399 1400//1400 1386//1386 1385//1385
f 1400//1400 1401//1401 1387//1387 1386//1386
f 1401//1401 1402//1402 1388//1388 1387//1387
f 1402//1402 1403//1403 1389//1389 1388//1388
f 1403//1403 1404//1404 1390//1390 1389//1389
f 1404//1404 1405//1405 1391//1391 1390//1390
f 1405//1405 1406//1406 1392//1392 1391//1391
f 1406//1406 1407//1407 1393//1393 1392//1392
f 1407//1407 1408//1408 1394//1394 1393//1393
f 1408//1408 1395//1395 1381//1381 1394//1394
f 1409//1409 1410//1410 1396//1396 1395//1395
f 1410//1410 1411//1411 1397//1397 1396//1396
f 1411//1411 1412//1412 1398//1398 1397//1397
f 1412//1412 1413//1413 1399//1399 1398//1398
f 1413//1413 1414//1414 1400//1400 1399//1399
f 1414//1414 1415//1415 1401//1401 1400//1400
f 1415//1415 1416//1416 1402//1402 1401//1401
f 1416//1416 1417//1417 1403//1403 1402//1402
f 1417//1417 1418//1418 1404//1404 1403//1403
f 1418//1418 1419//1419 1405//1405 1404//1404
f 1419//1419 1420//1420 1406//1406 1405//1405
f 1420//1420 1421//1421 1407//1407 1406//1406
f 1421//1421 1422//1422 1408//1408 1407//1407
f 1422//1422 1409//1409 1395//1395 1408//1408
f 1423//1423 1424//1424 1410//1410 1409//1409
f 1424//1424 1425//1425 1411//1411 1410//1410
f 1425//1425 1426//1426 1412//1412 1411//1411
f 1426//1426 1427//1427 1413//1413 1412//1412
f 1427//1427 1428//1428 1414//1414 1413//1413
f 1428//1428 1429//1429 1415//1415 1414//1414
f 1429//1429 1430//1430 1416//1416 1415//1415
f 1430//1430 1431//1431 1417//1417 1416//1416
f 1431//1431 1432//1432 1418//1418 1417//1417
f 1432//1432 1433//1433 1419//1419 1418//1418
f 1433//1433 1434//1434 1420//1420 1419//1419
f 1434//1434 1435//1435 1421//1421 1420//1420
f 1435//1435 1436//1436 1422//1422 1421//1421
f 1436//1436 1423//1423 1409//1409 1422//1422
f 1437//1437 1438//1438 1424//1424 1423//1423
f 1438//1438 1439//1439 1425//1425 1424//1424
f 1439//1439 1440//1440 1426//1426 1425//1425
f 1440//1440 1441//1441 1427//1427 1426//1426
f 1441//1441 1442//1442 1428//1428 1427//1427
f 1442//1442 1443//1443 1429//1429 1428//1428
f 1443//1443 1444//1444 1430//1430 1429//1429
f 1444//1444 1445//1445 1431//1431 1430//1430
f 1445//1445 1446//1446 1432//1432 1431//1431
f 1446//1446 1447//1447 1433//1433 1432//1432
f 1447//1447 1448//1448 1434//1434 1433//1433
f 1448//1448 1449//1449 1435//1435 1434//1434
f 1449//1449 1450//1450 1436//1436 1435//1435
f 1450//1450 1437//1437 1423//1423 1436//1436
f 1451//1451 1452//1452 1438//1438 1437//1437
f 1452//1452 1453//1453 1439//1439 1438//1438
f 1453//1453 1454//1454 1440//1440 1439//1439
f 1454//1454 1455//1455 1441//1441 1440//1440
f 1455//1455 1456//1456 1442//1442 1441//1441
f 1456//1456 1457//1457 1443//1443 1442//1442
f 1457//1457 1458//1458 1444//1444 1443//1443
f 1458//1458 1459//1459 1445//1445 1444//1444
f 1459//1459 1460//1460 1446//1446 1445//1445
f 1460//1460 1461//1461 1447//1447 1446//1446
f 1461//1461 1462//1462 1448//1448 1447//1447
f 1462//1462 1463//1463 1449//1449 1448//1448
f 1463//1463 1464//1464 1450//1450 1449//1449
f 1464//1464 1451//1451 1437//1437 1450//1450
g part12
usemtl beard
v 0.07000 0.54500 0.04500
v 0.07000 0.54500 0.04500
v 0.07000 0.54500 0.04500
v 0.07000 0.54500 0.04500
v 0.07000 0.54500 0.04500
v 0.07000 0.54500 0.04500
v 0.07000 0.54500 0.04500
v 0.07000 0.54500 0.04500
v 0.07000 0.54500 0.04500
v 0.07000 0.54500 0.04500
v 0.07000 0.53763 0.06750
v 0.07823 0.53763 0.06320
v 0.08331 0.53763 0.05195
v 0.08331 0.53763 0.03805
v 0.07823 0.53763 0.02680
v 0.07000 0.53763 0.02250
v 0.06177 0.53763 0.02680
v 0.05669 0.53763 0.03805
v 0.05669 0.53763 0.05195
v 0.06177 0.53763 0.06320
v 0.07000 0.51750 0.08397
v 0.08425 0.51750 0.07653
v 0.09306 0.51750 0.05704
v 0.09306 0.51750 0.03296
v 0.08425 0.51750 0.01347
v 0.07000 0.51750 0.00603
v 0.05575 0.51750 0.01347
v 0.04694 0.51750 0.03296
v 0.04694 0.51750 0.05704
v 0.05575 0.51750 0.07653
v 0.07000 0.49000 0.09000
v 0.08646 0.49000 0.08141
v 0.09663 0.49000 0.05891
v 0.09663 0.49000 0.03109
v 0.08646 0.49000 0.00859
v 0.07000 0.49000 0.00000
v 0.05354 0.49000 0.00859
v 0.04337 0.49000 0.03109
v 0.04337 0.49000 0.05891
v 0.05354 0.49000 0.08141
v 0.07000 0.46250 0.08397
v 0.08425 0.46250 0.07653
v 0.09306 0.46250 0.05704
v 0.09306 0.46250 0.03296
v 0.08425 0.46250 0.01347
v 0.07000 0.46250 0.00603
v 0.05575 0.46250 0.01347
v 0.04694 0.46250 0.03296
v 0.04694 0.46250 0.05704
v 0.05575 0.46250 0.07653
v 0.07000 0.44237 0.06750
v 0.07823 0.44237 0.06320
v 0.08331 0.44237 0.05195
v 0.08331 0.44237 0.03805
v 0.07823 0.44237 0.02680
v 0.07000 0.44237 0.02250
v 0.06177 0.44237 0.02680
v 0.05669 0.44237 0.03805
v 0.05669 0.44237 0.05195
v 0.06177 0.44237 0.06320
v 0.07000 0.43500 0.04500
v 0.07000 0.43500 0.04500
v 0.07000 0.43500 0.04500
v 0.07000 0.43500 0.04500
v 0.07000 0.43500 0.04500
v 0.07000 0.43500 0.04500
v 0.07000 0.43500 0.04500
v 0.07000 0.43500 0.04500
v 0.07000 0.43500 0.04500
v 0.07000 0.43500 0.04500
vn 0.0000 1.0000 0.0000
vn 0.0000 1.0000 0.0000
vn 0.0000 1.0000 0.0000
vn 0.0000 1.0000 -0.0000
vn 0.0000 1.0000 -0.0000
vn 0.0000 1.0000 -0.0000
vn -0.0000 1.0000 -0.0000
vn -0.0000 1.0000 -0.0000
vn -0.0000 1.0000 0.0000
vn -0.0000 1.0000 0.0000
vn 0.0000 0.8171 0.5766
vn 0.5010 0.7516 0.4291
vn 0.7254 0.6725 0.1467
vn 0.7254 0.6725 -0.1467
vn 0.5010 0.7516 -0.4291
vn 0.0000 0.8171 -0.5766
vn -0.5010 0.7516 -0.4291
vn -0.7254 0.6725 -0.1467
vn -0.7254 0.6725 0.1467
vn -0.5010 0.7516 0.4291
vn 0.0000 0.4271 0.9042
vn 0.7100 0.3551 0.6081
vn 0.9381 0.2899 0.1897
vn 0.9381 0.2899 -0.1897
vn 0.7100 0.3551 -0.6081
vn 0.0000 0.4271 -0.9042
vn -0.7100 0.3551 -0.6081
vn -0.9381 0.2899 -0.1897
vn -0.9381 0.2899 0.1897
vn -0.7100 0.3551 0.6081
vn 0.0000 0.0000 1.0000
vn 0.7595 0.0000 0.6505
vn 0.9802 0.0000 0.1982
vn 0.9802 0.0000 -0.1982
vn 0.7595 0.0000 -0.6505
vn 0.0000 0.0000 -1.0000
vn -0.7595 0.0000 -0.6505
vn -0.9802 0.0000 -0.1982
vn -0.9802 0.0000 0.1982
vn -0.7595 0.0000 0.6505
vn 0.0000 -0.4271 0.9042
vn 0.7100 -0.3551 0.6081
vn 0.9381 -0.2899 0.1897
vn 0.9381 -0.2899 -0.1897
vn 0.7100 -0.3551 -0.6081
vn 0.0000 -0.4271 -0.9042
vn -0.7100 -0.3551 -0.6081
vn -0.9381 -0.2899 -0.1897
vn -0.9381 -0.2899 0.1897
vn -0.7100 -0.3551 0.6081
vn 0.0000 -0.8171 0.5766
vn 0.5010 -0.7516 0.4291
vn 0.7254 -0.6725 0.1467
vn 0.7254 -0.6725 -0.1467
vn 0.5010 -0.7516 -0.4291
vn 0.0000 -0.8171 -0.5766
vn -0.5010 -0.7516 -0.4291
vn -0.7254 -0.6725 -0.1467
vn -0.7254 -0.6725 0.1467
vn -0.5010 -0.7516 0.4291
vn 0.0000 -1.0000 0.0000
vn 0.0000 -1.0000 0.0000
vn 0.0000 -1.0000 0.0000
vn 0.0000 -1.0000 -0.0000
vn 0.0000 -1.0000 -0.0000
vn 0.0000 -1.0000 -0.0000
vn -0.0000 -1.0000 -0.0000
vn -0.0000 -1.0000 -0.0000
vn -0.0000 -1.0000 0.0000
vn -0.0000 -1.0000 0.0000
f 1475//1475 1476//1476 1466//1466 1465//1465
f 1476//1476 1477//1477 1467//1467 1466//1466
f 1477//1477 1478//1478 1468//1468 1467//1467
f 1478//1478 1479//1479 1469//1469 1468//1468
f 1479//1479 1480//1480 1470//1470 1469//1469
f 1480//1480 1481//1481 1471//1471 1470//1470
f 1481//1481 1482//1482 1472//1472 1471//1471
f 1482//1482 1483//1483 1473//1473 1472//1472
f 1483//1483 1484//1484 1474//1474 1473//1473
f 1484//1484 1475//1475 1465//1465 1474//1474
f 1485//1485 1486//1486 1476//1476 1475//1475
f 1486//1486 1487//1487 1477//1477 1476//1476
f 1487//1487 1488//1488 1478//1478 1477//1477
f 1488//1488 1489//1489 1479//1479 1478//1478
f 1489//1489 1490//1490 1480//1480 1479//1479
f 1490//1490 1491//1491 1481//1481 1480//1480
f 1491//1491 1492//1492 1482//1482 1481//1481
f 1492//1492 1493//1493 1483//1483 1482//1482
f 1493//1493 1494//1494 1484//1484 1483//1483
f 1494//1494 1485//1485 1475//1475 1484//1484
f 1495//1495 1496//1496 1486//1486 1485//1485
f 1496//1496 1497//1497 1487//1487 1486//1486
f 1497//1497 1498//1498 1488//1488 1487//1487
f 1498//1498 1499//1499 1489//1489 1488//1488
f 1499//1499 1500//1500 1490//1490 1489//1489
f 1500//1500 1501//1501 1491//1491 1490//1490
f 1501//1501 1502//1502 1492//1492 1491//1491
f 1502//1502 1503//1503 1493//1493 1492//1492
f 1503//1503 1504//1504 1494//1494 1493//1493
f 1504//1504 1495//1495 1485//1485 1494//1494
f 1505//1505 1506//1506 1496//1496 1495//1495
f 1506//1506 1507//1507 1497//1497 1496//1496
f 1507//1507 1508//1508 1498//1498 1497//1497
f 1508//1508 1509//1509 1499//1499 1498//1498
f 1509//1509 1510//1510 1500//1500 1499//1499
f 1510//1510 1511//1511 1501//1501 1500//1500
f 1511//1511 1512//1512 1502//1502 1501//1501
f 1512//1512 1513//1513 1503//1503 1502//1502
f 1513//1513 1514//1514 1504//1504 1503//1503
f 1514//1514 1505//1505 1495//1495 1504//1504
f 1515//1515 1516//1516 1506//1506 1505//1505
f 1516//1516 1517//1517 1507//1507 1506//1506
f 1517//1517 1518//1518 1508//1508 1507//1507
f 1518//1518 1519//1519 1509//1509 1508//1508
f 1519//1519 1520//1520 1510//1510 1509//1509
f 1520//1520 1521//1521 1511//1511 1510//1510
f 1521//1521 1522//1522 1512//1512 1511//1511
f 1522//1522 1523//1523 1513//1513 1512//1512
f 1523//1523 1524//1524 1514//1514 1513//1513
f 1524//1524 1515//1515 1505//1505 1514//1514
f 1525//1525 1526//1526 1516//1516 1515//1515
f 1526//1526 1527//1527 1517//1517 1516//1516
f 1527//1527 1528//1528 1518//1518 1517//1517
f 1528//1528 1529//1529 1519//1519 1518//1518
f 1529//1529 1530//1530 1520//1520 1519//1519
f 1530//1530 1531//1531 1521//1521 1520//1520
f 1531//1531 1532//1532 1522//1522 1521//1521
f 1532//1532 1533//1533 1523//1523 1522//1522
f 1533//1533 1534//1534 1524//1524 1523//1523
f 1534//1534 1525//1525 1515//1515 1524//1524
g part13
usemtl beard
v -0.07000 0.54500 0.04500
v -0.07000 0.54500 0.04500
v -0.07000 0.54500 0.04500
v -0.07000 0.54500 0.04500
v -0.07000 0.54500 0.04500
v -0.07000 0.54500 0.04500
v -0.07000 0.54500 0.04500
v -0.07000 0.54500 0.04500
v -0.07000 0.54500 0.04500
v -0.07000 0.54500 0.04500
v -0.07000 0.53763 0.06750
v -0.06177 0.53763 0.06320
v -0.05669 0.53763 0.05195
v -0.05669 0.53763 0.03805
v -0.06177 0.53763 0.02680
v -0.07000 0.53763 0.02250
v -0.07823 0.53763 0.02680
v -0.08331 0.53763 0.03805
v -0.08331 0.53763 0.05195
v -0.07823 0.53763 0.06320
v -0.07000 0.51750 0.08397
v -0.05575 0.51750 0.07653
v -0.04694 0.51750 0.05704
v -0.04694 0.51750 0.03296
v -0.05575 0.51750 0.01347
v -0.07000 0.51750 0.00603
v -0.08425 0.51750 0.01347
v -0.09306 0.51750 0.03296
v -0.09306 0.51750 0.05704
v -0.08425 0.51750 0.07653
v -0.07000 0.49000 0.09000
v -0.05354 0.49000 0.08141
v -0.04337 0.49000 0.05891
v -0.04337 0.49000 0.03109
v -0.05354 0.49000 0.00859
v -0.07000 0.49000 0.00000
v -0.08646 0.49000 0.00859
v -0.09663 0.49000 0.03109
v -0.09663 0.49000 0.05891
v -0.08646 0.49000 0.08141
v -0.07000 0.46250 0.08397
v -0.05575 0.46250 0.07653
v -0.04694 0.46250 0.05704
v -0.04694 0.46250 0.03296
v -0.05575 0.46250 0.01347
v -0.07000 0.46250 0.00603
v -0.08425 0.46250 0.01347
v -0.09306 0.46250 0.03296
v -0.09306 0.46250 0.05704
v -0.08425 0.46250 0.07653
v -0.07000 0.44237 0.06750
v -0.06177 0.44237 0.06320
v -0.05669 0.44237 0.05195
v -0.05669 0.44237 0.03805
v -0.06177 0.44237 0.02680
v -0.07000 0.44237 0.02250
v -0.07823 0.44237 0.02680
v -0.08331 0.44237 0.03805
v -0.08331 0.44237 0.05195
v -0.07823 0.44237 0.06320
v -0.07000 0.43500 0.04500
v -0.07000 0.43500 0.04500
v -0.07000 0.43500 0.04500
v -0.07000 0.43500 0.04500
v -0.07000 0.43500 0.04500
v -0.07000 0.43500 0.04500
v -0.07000 0.43500 0.04500
v -0.07000 0.43500 0.04500
v -0.07000 0.43500 0.04500
v -0.07000 0.43500 0.04500
vn 0.0000 1.0000 0.0000
vn 0.0000 1.0000 0.0000
vn 0.0000 1.0000 0.0000
vn 0.0000 1.0000 -0.0000
vn 0.0000 1.0000 -0.0000
vn 0.0000 1.0000 -0.0000
vn -0.0000 1.0000 -0.0000
vn -0.0000 1.0000 -0.0000
vn -0.0000 1.0000 0.0000
vn -0.0000 1.0000 0.0000
vn 0.0000 0.8171 0.5766
vn 0.5010 0.7516 0.4291
vn 0.7254 0.6725 0.1467
vn 0.7254 0.6725 -0.1467
vn 0.5010 0.7516 -0.4291
vn 0.0000 0.8171 -0.5766
vn -0.5010 0.7516 -0.4291
vn -0.7254 0.6725 -0.1467
vn -0.7254 0.6725 0.1467
vn -0.5010 0.7516 0.4291
vn 0.0000 0.4271 0.9042
vn 0.7100 0.3551 0.6081
vn 0.9381 0.2899 0.1897
vn 0.9381 0.2899 -0.1897
vn 0.7100 0.3551 -0.6081
vn 0.0000 0.4271 -0.9042
vn -0.7100 0.3551 -0.6081
vn -0.9381 0.2899 -0.1897
vn -0.9381 0.2899 0.1897
vn -0.7100 0.3551 0.6081
vn 0.0000 0.0000 1.0000
vn 0.7595 0.0000 0.6505
vn 0.9802 0.0000 0.1982
vn 0.9802 0.0000 -0.1982
vn 0.7595 0.0000 -0.6505
vn 0.0000 0.0000 -1.0000
vn -0.7595 0.0000 -0.6505
vn -0.9802 0.0000 -0.1982
vn -0.9802 0.0000 0.1982
vn -0.7595 0.0000 0.6505
vn 0.0000 -0.4271 0.9042
vn 0.7100 -0.3551 0.6081
vn 0.9381 -0.2899 0.1897
vn 0.9381 -0.2899 -0.1897
vn 0.7100 -0.3551 -0.6081
vn 0.0000 -0.4271 -0.9042
vn -0.7100 -0.3551 -0.6081
vn -0.9381 -0.2899 -0.1897
vn -0.9381 -0.2899 0.1897
vn -0.7100 -0.3551 0.6081
vn 0.0000 -0.8171 0.5766
vn 0.5010 -0.7516 0.4291
vn 0.7254 -0.6725 0.1467
vn 0.7254 -0.6725 -0.1467
vn 0.5010 -0.7516 -0.4291
vn 0.0000 -0.8171 -0.5766
vn -0.5010 -0.7516 -0.4291
vn -0.7254 -0.6725 -0.1467
vn -0.7254 -0.6725 0.1467
vn -0.5010 -0.7516 0.4291
vn 0.0000 -1.0000 0.0000
vn 0.0000 -1.0000 0.0000
vn 0.0000 -1.0000 0.0000
vn 0.0000 -1.0000 -0.0000
vn 0.0000 -1.0000 -0.0000
vn 0.0000 -1.0000 -0.0000
vn -0.0000 -1.0000 -0.0000
vn -0.0000 -1.0000 -0.0000
vn -0.0000 -1.0000 0.0000
vn -0.0000 -1.0000 0.0000
f 1545//1545 1546//1546 1536//1536 1535//1535
f 1546//1546 1547//1547 1537//1537 1536//1536
f 1547//1547 1548//1548 1538//1538 1537//1537
f 1548//1548 1549//1549 1539//1539 1538//1538
f 1549//1549 1550//1550 1540//1540 1539//1539
f 1550//1550 1551//1551 1541//1541 1540//1540
f 1551//1551 1552//1552 1542//1542 1541//1541
f 1552//1552 1553//1553 1543//1543 1542//1542
f 1553//1553 1554//1554 1544//1544 1543//1543
f 1554//1554 1545//1545 1535//1535 1544//1544
f 1555//1555 1556//1556 1546//1546 1545//1545
f 1556//1556 1557//1557 1547//1547 1546//1546
f 1557//1557 1558//1558 1548//1548 1547//1547
f 1558//1558 1559//1559 1549//1549 1548//1548
f 1559//1559 1560//1560 1550//1550 1549//1549
f 1560//1560 1561//1561 1551//1551 1550//1550
f 1561//1561 1562//1562 1552//1552 1551//1551
f 1562//1562 1563//1563 1553//1553 1552//1552
f 1563//1563 1564//1564 1554//1554 1553//1553
f 1564//1564 1555//1555 1545//1545 1554//1554
f 1565//1565 1566//1566 1556//1556 1555//1555
f 1566//1566 1567//1567 1557//1557 1556//1556
f 1567//1567 1568//1568 1558//1558 1557//1557
f 1568//1568 1569//1569 1559//1559 1558//1558
f 1569//1569 1570//1570 1560//1560 1559//1559
f 1570//1570 1571//1571 1561//1561 1560//1560
f 1571//1571 1572//1572 1562//1562 1561//1561
f 1572//1572 1573//1573 1563//1563 1562//1562
f 1573//1573 1574//1574 1564//1564 1563//1563
f 1574//1574 1565//1565 1555//1555 1564//1564
f 1575//1575 1576//1576 1566//1566 1565//1565
f 1576//1576 1577//1577 1567//1567 1566//1566
f 1577//1577 1578//1578 1568//1568 1567//1567
f 1578//1578 1579//1579 1569//1569 1568//1568
f 1579//1579 1580//1580 1570//1570 1569//1569
f 1580//1580 1581//1581 1571//1571 1570//1570
f 1581//1581 1582//1582 1572//1572 1571//1571
f 1582//1582 1583//1583 1573//1573 1572//1572
f 1583//1583 1584//1584 1574//1574 1573//1573
f 1584//1584 1575//1575 1565//1565 1574//1574
f 1585//1585 1586//1586 1576//1576 1575//1575
f 1586//1586 1587//1587 1577//1577 1576//1576
f 1587//1587 1588//1588 1578//1578 1577//1577
f 1588//1588 1589//1589 1579//1579 1578//1578
f 1589//1589 1590//1590 1580//1580 1579//1579
f 1590//1590 1591//1591 1581//1581 1580//1580
f 1591//1591 1592//1592 1582//1582 1581//1581
f 1592//1592 1593//1593 1583//1583 1582//1582
f 1593//1593 1594//1594 1584//1584 1583//1583
f 1594//1594 1585//1585 1575//1575 1584//1584
f 1595//1595 1596//1596 1586//1586 1585//1585
f 1596//1596 1597//1597 1587//1587 1586//1586
f 1597//1597 1598//1598 1588//1588 1587//1587
f 1598//1598 1599//1599 1589//1589 1588//1588
f 1599//1599 1600//1600 1590//1590 1589//1589
f 1600//1600 1601//1601 1591//1591 1590//1590
f 1601//1601 1602//1602 1592//1592 1591//1591
f 1602//1602 1603//1603 1593//1593 1592//1592
f 1603//1603 1604//1604 1594//1594 1593//1593
f 1604//1604 1595//1595 1585//1585 1594//1594
g part14
usemtl hat
v 0.00000 0.65032 0.11691
v 0.04133 0.64915 0.10877
v 0.07637 0.64583 0.08560
v 0.09978 0.64086 0.05091
v 0.10800 0.63500 0.01000
v 0.09978 0.62914 -0.03091
v 0.07637 0.62417 -0.06560
v 0.04133 0.62085 -0.08877
v 0.00000 0.61968 -0.09691
v -0.04133 0.62085 -0.08877
v -0.07637 0.62417 -0.06560
v -0.09978 0.62914 -0.03091
v -0.10800 0.63500 0.01000
v -0.09978 0.64086 0.05091
v -0.07637 0.64583 0.08560
v -0.04133 0.64915 0.10877
v 0.00000 0.66201 0.11086
v 0.03967 0.66093 0.10304
v 0.07331 0.65786 0.08078
v 0.09578 0.65326 0.04746
v 0.10367 0.64784 0.00816
v 0.09578 0.64242 -0.03114
v 0.07331 0.63782 -0.06446
v 0.03967 0.63475 -0.08672
v 0.00000 0.63367 -0.09454
v -0.03967 0.63475 -0.08672
v -0.07331 0.63782 -0.06446
v -0.09578 0.64242 -0.03114
v -0.10367 0.64784 0.00816
v -0.09578 0.65326 0.04746
v -0.07331 0.65786 0.08078
v -0.03967 0.66093 0.10304
v 0.00000 0.67387 0.10520
v 0.03812 0.67285 0.09768
v 0.07044 0.66996 0.07628
v 0.09203 0.66563 0.04426
v 0.09962 0.66052 0.00648
v 0.09203 0.65541 -0.03130
v 0.07044 0.65108 -0.06332
v 0.03812 0.64819 -0.08472
v 0.00000 0.64717 -0.09224
v -0.03812 0.64819 -0.08472
v -0.07044 0.65108 -0.06332
v -0.09203 0.65541 -0.03130
v -0.09962 0.66052 0.00648
v -0.09203 0.66563 0.04426
v -0.07044 0.66996 0.07628
v -0.03812 0.67285 0.09768
v 0.00000 0.68731 0.09911
v 0.03652 0.68624 0.09192
v 0.06747 0.68320 0.07146
v 0.08816 0.67865 0.04084
v 0.09542 0.67328 0.00472
v 0.08816 0.66791 -0.03140
v 0.06747 0.66336 -0.06202
v 0.03652 0.66032 -0.08248
v 0.00000 0.65925 -0.08967
v -0.03652 0.66032 -0.08248
v -0.06747 0.66336 -0.06202
v -0.08816 0.66791 -0.03140
v -0.09542 0.67328 0.00472
v -0.08816 0.67865 0.04084
v -0.06747 0.68320 0.07146
v -0.03652 0.68624 0.09192
v 0.00000 0.70214 0.09195
v 0.03470 0.70093 0.08515
v 0.06413 0.69751 0.06579
v 0.08378 0.69240 0.03682
v 0.09069 0.68636 0.00264
v 0.08378 0.68032 -0.03154
v 0.06413 0.67521 -0.06051
v 0.03470 0.67179 -0.07987
v 0.00000 0.67058 -0.08667
v -0.03470 0.67179 -0.07987
v -0.06413 0.67521 -0.06051
v -0.08378 0.68032 -0.03154
v -0.09069 0.68636 0.00264
v -0.08378 0.69240 0.03682
v -0.06413 0.69751 0.06579
v -0.03470 0.70093 0.08515
v 0.00000 0.71703 0.08328
v 0.03253 0.71574 0.07694
v 0.06010 0.71204 0.05888
v 0.07853 0.70652 0.03187
v 0.08500 0.70000 0.00000
v 0.07853 0.69348 -0.03187
v 0.06010 0.68796 -0.05888
v 0.03253 0.68426 -0.07694
v 0.00000 0.68297 -0.08328
v -0.03253 0.68426 -0.07694
v -0.06010 0.68796 -0.05888
v -0.07853 0.69348 -0.03187
v -0.08500 0.70000 -0.00000
v -0.07853 0.70652 0.03187
v -0.06010 0.71204 0.05888
v -0.03253 0.71574 0.07694
v 0.00000 0.73133 0.07312
v 0.02988 0.73005 0.06732
v 0.05521 0.72640 0.05079
v 0.07213 0.72095 0.02606
v 0.07807 0.71452 -0.00312
v 0.07213 0.70809 -0.03230
v 0.05521 0.70264 -0.05703
v 0.02988 0.69899 -0.07356
v 0.00000 0.69771 -0.07936
v -0.02988 0.69899 -0.07356
v -0.05521 0.70264 -0.05703
v -0.07213 0.70809 -0.03230
v -0.07807 0.71452 -0.00312
v -0.07213 0.72095 0.02606
v -0.05521 0.72640 0.05079
v -0.02988 0.73005 0.06732
v 0.00000 0.74603 0.06170
v 0.02686 0.74479 0.05651
v 0.04962 0.74126 0.04171
v 0.06483 0.73598 0.01956
v 0.07018 0.72976 -0.00656
v 0.06483 0.72354 -0.03268
v 0.04962 0.71826 -0.05483
v 0.02686 0.71473 -0.06963
v 0.00000 0.71349 -0.07482
v -0.02686 0.71473 -0.06963
v -0.04962 0.71826 -0.05483
v -0.06483 0.72354 -0.03268
v -0.07018 0.72976 -0.00656
v -0.06483 0.73598 0.01956
v -0.04962 0.74126 0.04171
v -0.02686 0.74479 0.05651
v 0.00000 0.76138 0.04916
v 0.02363 0.76015 0.04462
v 0.04366 0.75665 0.03170
v 0.05704 0.75142 0.01237
v 0.06174 0.74524 -0.01044
v 0.05704 0.73906 -0.03325
v 0.04366 0.73383 -0.05258
v 0.02363 0.73033 -0.06550
v 0.00000 0.72910 -0.07004
v -0.02363 0.73033 -0.06550
v -0.04366 0.73383 -0.05258
v -0.05704 0.73906 -0.03325
v -0.06174 0.74524 -0.01044
v -0.05704 0.75142 0.01237
v -0.04366 0.75665 0.03170
v -0.02363 0.76015 0.04462
v 0.00000 0.77675 0.03578
v 0.02036 0.77551 0.03192
v 0.03762 0.77199 0.02094
v 0.04916 0.76671 0.00451
v 0.05321 0.76048 -0.01488
v 0.04916 0.75425 -0.03427
v 0.03762 0.74897 -0.05070
v 0.02036 0.74545 -0.06168
v 0.00000 0.74421 -0.06554
v -0.02036 0.74545 -0.06168
v -0.03762 0.74897 -0.05070
v -0.04916 0.75425 -0.03427
v -0.05321 0.76048 -0.01488
v -0.04916 0.76671 0.00451
v -0.03762 0.77199 0.02094
v -0.02036 0.77551 0.03192
v 0.00000 0.79158 0.02183
v 0.01722 0.79032 0.01865
v 0.03182 0.78672 0.00958
v 0.04157 0.78134 -0.00399
v 0.04500 0.77500 -0.02000
v 0.04157 0.76866 -0.03601
v 0.03182 0.76328 -0.04958
v 0.01722 0.75968 -0.05865
v 0.00000 0.75842 -0.06183
v -0.01722 0.75968 -0.05865
v -0.03182 0.76328 -0.04958
v -0.04157 0.76866 -0.03601
v -0.04500 0.77500 -0.02000
v -0.04157 0.78134 -0.00399
v -0.03182 0.78672 0.00958
v -0.01722 0.79032 0.01865
v 0.00000 0.80481 0.00739
v 0.01421 0.80358 0.00485
v 0.02626 0.80007 -0.00240
v 0.03431 0.79483 -0.01325
v 0.03714 0.78864 -0.02604
v 0.03431 0.78245 -0.03883
v 0.02626 0.77721 -0.04968
v 0.01421 0.77370 -0.05693
v 0.00000 0.77247 -0.05947
v -0.01421 0.77370 -0.05693
v -0.02626 0.77721 -0.04968
v -0.03431 0.78245 -0.03883
v -0.03714 0.78864 -0.02604
v -0.03431 0.79483 -0.01325
v -0.02626 0.80007 -0.00240
v -0.01421 0.80358 0.00485
v 0.00000 0.81588 -0.00723
v 0.01122 0.81480 -0.00919
v 0.02074 0.81173 -0.01476
v 0.02710 0.80714 -0.02309
v 0.02933 0.80172 -0.03292
v 0.02710 0.79630 -0.04275
v 0.02074 0.79171 -0.05108
v 0.01122 0.78864 -0.05665
v 0.00000 0.78756 -0.05861
v -0.01122 0.78864 -0.05665
v -0.02074 0.79171 -0.05108
v -0.02710 0.79630 -0.04275
v -0.02933 0.80172 -0.03292
v -0.02710 0.80714 -0.02309
v -0.02074 0.81173 -0.01476
v -0.01122 0.81480 -0.00919
v 0.00000 0.82534 -0.02166
v 0.00825 0.82451 -0.02308
v 0.01524 0.82216 -0.02712
v 0.01991 0.81864 -0.03316
v 0.02155 0.81448 -0.04028
v 0.01991 0.81032 -0.04740
v 0.01524 0.80680 -0.05344
v 0.00825 0.80445 -0.05748
v 0.00000 0.80362 -0.05890
v -0.00825 0.80445 -0.05748
v -0.01524 0.80680 -0.05344
v -0.01991 0.81032 -0.04740
v -0.02155 0.81448 -0.04028
v -0.01991 0.81864 -0.03316
v -0.01524 0.82216 -0.02712
v -0.00825 0.82451 -0.02308
v 0.00000 0.83405 -0.03582
v 0.00527 0.83352 -0.03673
v 0.00975 0.83203 -0.03932
v 0.01273 0.82980 -0.04319
v 0.01378 0.82716 -0.04776
v 0.01273 0.82452 -0.05233
v 0.00975 0.82229 -0.05620
v 0.00527 0.82080 -0.05879
v 0.00000 0.82027 -0.05970
v -0.00527 0.82080 -0.05879
v -0.00975 0.82229 -0.05620
v -0.01273 0.82452 -0.05233
v -0.01378 0.82716 -0.04776
v -0.01273 0.82980 -0.04319
v -0.00975 0.83203 -0.03932
v -0.00527 0.83352 -0.03673
v 0.00000 0.84295 -0.04977
v 0.00230 0.84272 -0.05017
v 0.00424 0.84208 -0.05130
v 0.00554 0.84113 -0.05300
v 0.00600 0.84000 -0.05500
v 0.00554 0.83887 -0.05700
v 0.00424 0.83792 -0.05870
v 0.00230 0.83728 -0.05983
v 0.00000 0.83705 -0.06023
v -0.00230 0.83728 -0.05983
v -0.00424 0.83792 -0.05870
v -0.00554 0.83887 -0.05700
v -0.00600 0.84000 -0.05500
v -0.00554 0.84113 -0.05300
v -0.00424 0.84208 -0.05130
v -0.00230 0.84272 -0.05017
v 0.00000 0.65032 0.11691
v 0.04133 0.64915 0.10877
v 0.07637 0.64583 0.08560
v 0.09978 0.64086 0.05091
v 0.10800 0.63500 0.01000
v 0.09978 0.62914 -0.03091
v 0.07637 0.62417 -0.06560
v 0.04133 0.62085 -0.08877
v 0.00000 0.61968 -0.09691
v -0.04133 0.62085 -0.08877
v -0.07637 0.62417 -0.06560
v -0.09978 0.62914 -0.03091
v -0.10800 0.63500 0.01000
v -0.09978 0.64086 0.05091
v -0.07637 0.64583 0.08560
v -0.04133 0.64915 0.10877
v 0.00000 0.63500 0.01000
v 0.00000 0.84295 -0.04977
v 0.00230 0.84272 -0.05017
v 0.00424 0.84208 -0.05130
v 0.00554 0.84113 -0.05300
v 0.00600 0.84000 -0.05500
v 0.00554 0.83887 -0.05700
v 0.00424 0.83792 -0.05870
v 0.00230 0.83728 -0.05983
v 0.00000 0.83705 -0.06023
v -0.00230 0.83728 -0.05983
v -0.00424 0.83792 -0.05870
v -0.00554 0.83887 -0.05700
v -0.00600 0.84000 -0.05500
v -0.00554 0.84113 -0.05300
v -0.00424 0.84208 -0.05130
v -0.00230 0.84272 -0.05017
v 0.00000 0.84000 -0.05500
vn -0.0000 0.4597 0.8881
vn 0.3615 0.4485 0.8174
vn 0.6687 0.4168 0.6158
vn 0.8749 0.3693 0.3132
vn 0.9486 0.3133 -0.0449
vn 0.8778 0.2573 -0.4042
vn 0.6727 0.2098 -0.7096
vn 0.3643 0.1780 -0.9141
vn 0.0000 0.1668 -0.9860
vn -0.3643 0.1780 -0.9141
vn -0.6727 0.2098 -0.7096
vn -0.8778 0.2573 -0.4042
vn -0.9486 0.3133 -0.0449
vn -0.8749 0.3693 0.3132
vn -0.6687 0.4168 0.6158
vn -0.3615 0.4485 0.8174
vn -0.0000 0.4453 0.8954
vn 0.3628 0.4347 0.8242
vn 0.6709 0.4047 0.6214
vn 0.8775 0.3597 0.3173
vn 0.9509 0.3066 -0.0423
vn 0.8796 0.2534 -0.4027
vn 0.6738 0.2083 -0.7089
vn 0.3649 0.1781 -0.9139
vn 0.0000 0.1675 -0.9859
vn -0.3649 0.1781 -0.9139
vn -0.6738 0.2083 -0.7089
vn -0.8796 0.2534 -0.4027
vn -0.9509 0.3066 -0.0423
vn -0.8775 0.3597 0.3173
vn -0.6709 0.4047 0.6214
vn -0.3628 0.4347 0.8242
vn -0.0000 0.4213 0.9069
vn 0.3655 0.4122 0.8346
vn 0.6748 0.3865 0.6287
vn 0.8808 0.3481 0.3211
vn 0.9521 0.3031 -0.0410
vn 0.8784 0.2585 -0.4021
vn 0.6714 0.2209 -0.7074
vn 0.3631 0.1959 -0.9109
vn 0.0000 0.1871 -0.9823
vn -0.3631 0.1959 -0.9109
vn -0.6714 0.2209 -0.7074
vn -0.8784 0.2585 -0.4021
vn -0.9521 0.3031 -0.0410
vn -0.8808 0.3481 0.3211
vn -0.6748 0.3865 0.6287
vn -0.3655 0.4122 0.8346
vn -0.0000 0.4245 0.9054
vn 0.3663 0.4161 0.8323
vn 0.6753 0.3925 0.6244
vn 0.8789 0.3583 0.3148
vn 0.9463 0.3199 -0.0475
vn 0.8687 0.2838 -0.4060
vn 0.6607 0.2553 -0.7059
vn 0.3559 0.2375 -0.9039
vn 0.0000 0.2315 -0.9728
vn -0.3559 0.2375 -0.9039
vn -0.6607 0.2553 -0.7059
vn -0.8687 0.2838 -0.4060
vn -0.9463 0.3199 -0.0475
vn -0.8789 0.3583 0.3148
vn -0.6753 0.3925 0.6244
vn -0.3663 0.4161 0.8323
vn -0.0000 0.4701 0.8826
vn 0.3635 0.4606 0.8098
vn 0.6693 0.4340 0.6030
vn 0.8694 0.3957 0.2958
vn 0.9335 0.3532 -0.0624
vn 0.8540 0.3141 -0.4147
vn 0.6472 0.2842 -0.7074
vn 0.3476 0.2662 -0.8991
vn 0.0000 0.2603 -0.9655
vn -0.3476 0.2662 -0.8991
vn -0.6472 0.2842 -0.7074
vn -0.8540 0.3141 -0.4147
vn -0.9335 0.3532 -0.0624
vn -0.8694 0.3957 0.2958
vn -0.6693 0.4340 0.6030
vn -0.3635 0.4606 0.8098
vn -0.0000 0.5419 0.8404
vn 0.3562 0.5303 0.7694
vn 0.6559 0.4973 0.5678
vn 0.8522 0.4490 0.2685
vn 0.9157 0.3938 -0.0805
vn 0.8390 0.3406 -0.4244
vn 0.6371 0.2973 -0.7111
vn 0.3428 0.2695 -0.8999
vn 0.0000 0.2600 -0.9656
vn -0.3428 0.2695 -0.8999
vn -0.6371 0.2973 -0.7111
vn -0.8390 0.3406 -0.4244
vn -0.9157 0.3938 -0.0805
vn -0.8522 0.4490 0.2685
vn -0.6559 0.4973 0.5678
vn -0.3562 0.5303 0.7694
vn -0.0000 0.5969 0.8023
vn 0.3487 0.5837 0.7333
vn 0.6424 0.5464 0.5374
vn 0.8356 0.4912 0.2461
vn 0.8993 0.4272 -0.0942
vn 0.8257 0.3646 -0.4306
vn 0.6283 0.3127 -0.7123
vn 0.3387 0.2786 -0.8987
vn 0.0000 0.2668 -0.9638
vn -0.3387 0.2786 -0.8987
vn -0.6283 0.3127 -0.7123
vn -0.8257 0.3646 -0.4306
vn -0.8993 0.4272 -0.0942
vn -0.8356 0.4912 0.2461
vn -0.6424 0.5464 0.5374
vn -0.3487 0.5837 0.7333
vn -0.0000 0.6234 0.7819
vn 0.3459 0.6096 0.7133
vn 0.6368 0.5704 0.5187
vn 0.8271 0.5129 0.2300
vn 0.8883 0.4468 -0.1065
vn 0.8136 0.3828 -0.4376
vn 0.6176 0.3304 -0.7137
vn 0.3323 0.2965 -0.8954
vn 0.0000 0.2848 -0.9586
vn -0.3323 0.2965 -0.8954
vn -0.6176 0.3304 -0.7137
vn -0.8136 0.3828 -0.4376
vn -0.8883 0.4468 -0.1065
vn -0.8271 0.5129 0.2300
vn -0.6368 0.5704 0.5187
vn -0.3459 0.6096 0.7133
vn -0.0000 0.6449 0.7643
vn 0.3462 0.6296 0.6955
vn 0.6365 0.5869 0.5005
vn 0.8246 0.5246 0.2118
vn 0.8824 0.4541 -0.1230
vn 0.8045 0.3874 -0.4502
vn 0.6078 0.3343 -0.7203
vn 0.3258 0.3008 -0.8963
vn 0.0000 0.2894 -0.9572
vn -0.3258 0.3008 -0.8963
vn -0.6078 0.3343 -0.7203
vn -0.8045 0.3874 -0.4502
vn -0.8824 0.4541 -0.1230
vn -0.8246 0.5246 0.2118
vn -0.6365 0.5869 0.5005
vn -0.3462 0.6296 0.6955
vn -0.0000 0.6709 0.7415
vn 0.3480 0.6530 0.6726
vn 0.6391 0.6029 0.4776
vn 0.8263 0.5305 0.1891
vn 0.8815 0.4496 -0.1444
vn 0.8002 0.3746 -0.4684
vn 0.6015 0.3165 -0.7335
vn 0.3210 0.2811 -0.9044
vn 0.0000 0.2694 -0.9630
vn -0.3210 0.2811 -0.9044
vn -0.6015 0.3165 -0.7335
vn -0.8002 0.3746 -0.4684
vn -0.8815 0.4496 -0.1444
vn -0.8263 0.5305 0.1891
vn -0.6391 0.6029 0.4776
vn -0.3480 0.6530 0.6726
vn -0.0000 0.7113 0.7029
vn 0.3496 0.6891 0.6348
vn 0.6417 0.6269 0.4418
vn 0.8291 0.5367 0.1567
vn 0.8834 0.4357 -0.1727
vn 0.8006 0.3418 -0.4922
vn 0.6008 0.2690 -0.7528
vn 0.3202 0.2245 -0.9204
vn 0.0000 0.2098 -0.9777
vn -0.3202 0.2245 -0.9204
vn -0.6008 0.2690 -0.7528
vn -0.8006 0.3418 -0.4922
vn -0.8834 0.4357 -0.1727
vn -0.8291 0.5367 0.1567
vn -0.6417 0.6269 0.4418
vn -0.3496 0.6891 0.6348
vn -0.0000 0.7673 0.6413
vn 0.3481 0.7399 0.5756
vn 0.6394 0.6627 0.3898
vn 0.8275 0.5496 0.1149
vn 0.8843 0.4204 -0.2033
vn 0.8051 0.2964 -0.5137
vn 0.6075 0.1961 -0.7697
vn 0.3254 0.1320 -0.9363
vn 0.0000 0.1101 -0.9939
vn -0.3254 0.1320 -0.9363
vn -0.6075 0.1961 -0.7697
vn -0.8051 0.2964 -0.5137
vn -0.8843 0.4204 -0.2033
vn -0.8275 0.5496 0.1149
vn -0.6394 0.6627 0.3898
vn -0.3481 0.7399 0.5756
vn -0.0000 0.8167 0.5771
vn 0.3438 0.7851 0.5152
vn 0.6331 0.6957 0.3395
vn 0.8226 0.5632 0.0787
vn 0.8842 0.4091 -0.2254
vn 0.8110 0.2574 -0.5254
vn 0.6167 0.1309 -0.7763
vn 0.3322 0.0476 -0.9420
vn 0.0000 0.0185 -0.9998
vn -0.3322 0.0476 -0.9420
vn -0.6167 0.1309 -0.7763
vn -0.8110 0.2574 -0.5254
vn -0.8842 0.4091 -0.2254
vn -0.8226 0.5632 0.0787
vn -0.6331 0.6957 0.3395
vn -0.3438 0.7851 0.5152
vn -0.0000 0.8439 0.5365
vn 0.3399 0.8102 0.4775
vn 0.6275 0.7144 0.3097
vn 0.8186 0.5714 0.0592
vn 0.8844 0.4032 -0.2352
vn 0.8156 0.2356 -0.5285
vn 0.6232 0.0940 -0.7764
vn 0.3369 -0.0003 -0.9415
vn 0.0000 -0.0334 -0.9994
vn -0.3369 -0.0003 -0.9415
vn -0.6232 0.0940 -0.7764
vn -0.8156 0.2356 -0.5285
vn -0.8844 0.4032 -0.2352
vn -0.8186 0.5714 0.0592
vn -0.6275 0.7144 0.3097
vn -0.3399 0.8102 0.4775
vn -0.0000 0.8475 0.5308
vn 0.3380 0.8138 0.4727
vn 0.6248 0.7178 0.3072
vn 0.8166 0.5741 0.0594
vn 0.8843 0.4044 -0.2333
vn 0.8174 0.2345 -0.5262
vn 0.6259 0.0904 -0.7747
vn 0.3388 -0.0059 -0.9408
vn 0.0000 -0.0398 -0.9992
vn -0.3388 -0.0059 -0.9408
vn -0.6259 0.0904 -0.7747
vn -0.8174 0.2345 -0.5262
vn -0.8843 0.4044 -0.2333
vn -0.8166 0.5741 0.0594
vn -0.6248 0.7178 0.3072
vn -0.3380 0.8138 0.4727
vn -0.0000 0.8431 0.5377
vn 0.3378 0.8100 0.4795
vn 0.6244 0.7155 0.3134
vn 0.8163 0.5739 0.0646
vn 0.8843 0.4068 -0.2294
vn 0.8176 0.2393 -0.5237
vn 0.6262 0.0971 -0.7736
vn 0.3390 0.0021 -0.9408
vn -0.0000 -0.0313 -0.9995
vn -0.3390 0.0021 -0.9408
vn -0.6262 0.0971 -0.7736
vn -0.8176 0.2393 -0.5237
vn -0.8843 0.4068 -0.2294
vn -0.8163 0.5739 0.0646
vn -0.6244 0.7155 0.3134
vn -0.3378 0.8100 0.4795
vn -0.0000 -0.9899 0.1419
vn -0.0000 -0.9899 0.1419
vn -0.0000 -0.9899 0.1419
vn -0.0000 -0.9899 0.1419
vn -0.0000 -0.9899 0.1419
vn -0.0000 -0.9899 0.1419
vn -0.0000 -0.9899 0.1419
vn -0.0000 -0.9899 0.1419
vn -0.0000 -0.9899 0.1419
vn -0.0000 -0.9899 0.1419
vn -0.0000 -0.9899 0.1419
vn -0.0000 -0.9899 0.1419
vn -0.0000 -0.9899 0.1419
vn -0.0000 -0.9899 0.1419
vn -0.0000 -0.9899 0.1419
vn -0.0000 -0.9899 0.1419
vn -0.0000 -0.9899 0.1419
vn 0.0000 0.8711 -0.4912
vn 0.0000 0.8711 -0.4912
vn 0.0000 0.8711 -0.4912
vn 0.0000 0.8711 -0.4912
vn 0.0000 0.8711 -0.4912
vn 0.0000 0.8711 -0.4912
vn 0.0000 0.8711 -0.4912
vn 0.0000 0.8711 -0.4912
vn 0.0000 0.8711 -0.4912
vn 0.0000 0.8711 -0.4912
vn 0.0000 0.8711 -0.4912
vn 0.0000 0.8711 -0.4912
vn 0.0000 0.8711 -0.4912
vn 0.0000 0.8711 -0.4912
vn 0.0000 0.8711 -0.4912
vn 0.0000 0.8711 -0.4912
vn 0.0000 0.8711 -0.4912
f 1605//1605 1606//1606 1622//1622 1621//1621
f 1606//1606 1607//1607 1623//1623 1622//1622
f 1607//1607 1608//1608 1624//1624 1623//1623
f 1608//1608 1609//1609 1625//1625 1624//1624
f 1609//1609 1610//1610 1626//1626 1625//1625
f 1610//1610 1611//1611 1627//1627 1626//1626
f 1611//1611 1612//1612 1628//1628 1627//1627
f 1612//1612 1613//1613 1629//1629 1628//1628
f 1613//1613 1614//1614 1630//1630 1629//1629
f 1614//1614 1615//1615 1631//1631 1630//1630
f 1615//1615 1616//1616 1632//1632 1631//1631
f 1616//1616 1617//1617 1633//1633 1632//1632
f 1617//1617 1618//1618 1634//1634 1633//1633
f 1618//1618 1619//1619 1635//1635 1634//1634
f 1619//1619 1620//1620 1636//1636 1635//1635
f 1620//1620 1605//1605 1621//1621 1636//1636
f 1621//1621 1622//1622 1638//1638 1637//1637
f 1622//1622 1623//1623 1639//1639 1638//1638
f 1623//1623 1624//1624 1640//1640 1639//1639
f 1624//1624 1625//1625 1641//1641 1640//1640
f 1625//1625 1626//1626 1642//1642 1641//1641
f 1626//1626 1627//1627 1643//1643 1642//1642
f 1627//1627 1628//1628 1644//1644 1643//1643
f 1628//1628 1629//1629 1645//1645 1644//1644
f 1629//1629 1630//1630 1646//1646 1645//1645
f 1630//1630 1631//1631 1647//1647 1646//1646
f 1631//1631 1632//1632 1648//1648 1647//1647
f 1632//1632 1633//1633 1649//1649 1648//1648
f 1633//1633 1634//1634 1650//1650 1649//1649
f 1634//1634 1635//1635 1651//1651 1650//1650
f 1635//1635 1636//1636 1652//1652 1651//1651
f 1636//1636 1621//1621 1637//1637 1652//1652
f 1637//1637 1638//1638 1654//1654 1653//1653
f 1638//1638 1639//1639 1655//1655 1654//1654
f 1639//1639 1640//1640 1656//1656 1655//1655
f 1640//1640 1641//1641 1657//1657 1656//1656
f 1641//1641 1642//1642 1658//1658 1657//1657
f 1642//1642 1643//1643 1659//1659 1658//1658
f 1643//1643 1644//1644 1660//1660 1659//1659
f 1644//1644 1645//1645 1661//1661 1660//1660
f 1645//1645 1646//1646 1662//1662 1661//1661
f 1646//1646 1647//1647 1663//1663 1662//1662
f 1647//1647 1648//1648 1664//1664 1663//1663
f 1648//1648 1649//1649 1665//1665 1664//1664
f 1649//1649 1650//1650 1666//1666 1665//1665
f 1650//1650 1651//1651 1667//1667 1666//1666
f 1651//1651 1652//1652 1668//1668 1667//1667
f 1652//1652 1637//1637 1653//1653 1668//1668
f 1653//1653 1654//1654 1670//1670 1669//1669
f 1654//1654 1655//1655 1671//1671 1670//1670
f 1655//1655 1656//1656 1672//1672 1671//1671
f 1656//1656 1657//1657 1673//1673 1672//1672
f 1657//1657 1658//1658 1674//1674 1673//1673
f 1658//1658 1659//1659 1675//1675 1674//1674
f 1659//1659 1660//1660 1676//1676 1675//1675
f 1660//1660 1661//1661 1677//1677 1676//1676
f 1661//1661 1662//1662 1678//1678 1677//1677
f 1662//1662 1663//1663 1679//1679 1678//1678
f 1663//1663 1664//1664 1680//1680 1679//1679
f 1664//1664 1665//1665 1681//1681 1680//1680
f 1665//1665 1666//1666 1682//1682 1681//1681
f 1666//1666 1667//1667 1683//1683 1682//1682
f 1667//1667 1668//1668 1684//1684 1683//1683
f 1668//1668 1653//1653 1669//1669 1684//1684
f 1669//1669 1670//1670 1686//1686 1685//1685
f 1670//1670 1671//1671 1687//1687 1686//1686
f 1671//1671 1672//1672 1688//1688 1687//1687
f 1672//1672 1673//1673 1689//1689 1688//1688
f 1673//1673 1674//1674 1690//1690 1689//1689
f 1674//1674 1675//1675 1691//1691 1690//1690
f 1675//1675 1676//1676 1692//1692 1691//1691
f 1676//1676 1677//1677 1693//1693 1692//1692
f 1677//1677 1678//1678 1694//1694 1693//1693
f 1678//1678 1679//1679 1695//1695 1694//1694
f 1679//1679 1680//1680 1696//1696 1695//1695
f 1680//1680 1681//1681 1697//1697 1696//1696
f 1681//1681 1682//1682 1698//1698 1697//1697
f 1682//1682 1683//1683 1699//1699 1698//1698
f 1683//1683 1684//1684 1700//1700 1699//1699
f 1684//1684 1669//1669 1685//1685 1700//1700
f 1685//1685 1686//1686 1702//1702 1701//1701
f 1686//1686 1687//1687 1703//1703 1702//1702
f 1687//1687 1688//1688 1704//1704 1703//1703
f 1688//1688 1689//1689 1705//1705 1704//1704
f 1689//1689 1690//1690 1706//1706 1705//1705
f 1690//1690 1691//1691 1707//1707 1706//1706
f 1691//1691 1692//1692 1708//1708 1707//1707
f 1692//1692 1693//1693 1709//1709 1708//1708
f 1693//1693 1694//1694 1710//1710 1709//1709
f 1694//1694 1695//1695 1711//1711 1710//1710
f 1695//1695 1696//1696 1712//1712 1711//1711
f 1696//1696 1697//1697 1713//1713 1712//1712
f 1697//1697 1698//1698 1714//1714 1713//1713
f 1698//1698 1699//1699 1715//1715 1714//1714
f 1699//1699 1700//1700 1716//1716 1715//1715
f 1700//1700 1685//1685 1701//1701 1716//1716
f 1701//1701 1702//1702 1718//1718 1717//1717
f 1702//1702 1703//1703 1719//1719 1718//1718
f 1703//1703 1704//1704 1720//1720 1719//1719
f 1704//1704 1705//1705 1721//1721 1720//1720
f 1705//1705 1706//1706 1722//1722 1721//1721
f 1706//1706 1707//1707 1723//1723 1722//1722
f 1707//1707 1708//1708 1724//1724 1723//1723
f 1708//1708 1709//1709 1725//1725 1724//1724
f 1709//1709 1710//1710 1726//1726 1725//1725
f 1710//1710 1711//1711 1727//1727 1726//1726
f 1711//1711 1712//1712 1728//1728 1727//1727
f 1712//1712 1713//1713 1729//1729 1728//1728
f 1713//1713 1714//1714 1730//1730 1729//1729
f 1714//1714 1715//1715 1731//1731 1730//1730
f 1715//1715 1716//1716 1732//1732 1731//1731
f 1716//1716 1701//1701 1717//1717 1732//1732
f 1717//1717 1718//1718 1734//1734 1733//1733
f 1718//1718 1719//1719 1735//1735 1734//1734
f 1719//1719 1720//1720 1736//1736 1735//1735
f 1720//1720 1721//1721 1737//1737 1736//1736
f 1721//1721 1722//1722 1738//1738 1737//1737
f 1722//1722 1723//1723 1739//1739 1738//1738
f 1723//1723 1724//1724 1740//1740 1739//1739
f 1724//1724 1725//1725 1741//1741 1740//1740
f 1725//1725 1726//1726 1742//1742 1741//1741
f 1726//1726 1727//1727 1743//1743 1742//1742
f 1727//1727 1728//1728 1744//1744 1743//1743
f 1728//1728 1729//1729 1745//1745 1744//1744
f 1729//1729 1730//1730 1746//1746 1745//1745
f 1730//1730 1731//1731 1747//1747 1746//1746
f 1731//1731 1732//1732 1748//1748 1747//1747
f 1732//1732 1717//1717 1733//1733 1748//1748
f 1733//1733 1734//1734 1750//1750 1749//1749
f 1734//1734 1735//1735 1751//1751 1750//1750
f 1735//1735 1736//1736 1752//1752 1751//1751
f 1736//1736 1737//1737 1753//1753 1752//1752
f 1737//1737 1738//1738 1754//1754 1753//1753
f 1738//1738 1739//1739 1755//1755 1754//1754
f 1739//1739 1740//1740 1756//1756 1755//1755
f 1740//1740 1741//1741 1757//1757 1756//1756
f 1741//1741 1742//1742 1758//1758 1757//1757
f 1742//1742 1743//1743 1759//1759 1758//1758
f 1743//1743 1744//1744 1760//1760 1759//1759
f 1744//1744 1745//1745 1761//1761 1760//1760
f 1745//1745 1746//1746 1762//1762 1761//1761
f 1746//1746 1747//1747 1763//1763 1762//1762
f 1747//1747 1748//1748 1764//1764 1763//1763
f 1748//1748 1733//1733 1749//1749 1764//1764
f 1749//1749 1750//1750 1766//1766 1765//1765
f 1750//1750 1751//1751 1767//1767 1766//1766
f 1751//1751 1752//1752 1768//1768 1767//1767
f 1752//1752 1753//1753 1769//1769 1768//1768
f 1753//1753 1754//1754 1770//1770 1769//1769
f 1754//1754 1755//1755 1771//1771 1770//1770
f 1755//1755 1756//1756 1772//1772 1771//1771
f 1756//1756 1757//1757 1773//1773 1772//1772
f 1757//1757 1758//1758 1774//1774 1773//1773
f 1758//1758 1759//1759 1775//1775 1774//1774
f 1759//1759 1760//1760 1776//1776 1775//1775
f 1760//1760 1761//1761 1777//1777 1776//1776
f 1761//1761 1762//1762 1778//1778 1777//1777
f 1762//1762 1763//1763 1779//1779 1778//1778
f 1763//1763 1764//1764 1780//1780 1779//1779
f 1764//1764 1749//1749 1765//1765 1780//1780
f 1765//1765 1766//1766 1782//1782 1781//1781
f 1766//1766 1767//1767 1783//1783 1782//1782
f 1767//1767 1768//1768 1784//1784 1783//1783
f 1768//1768 1769//1769 1785//1785 1784//1784
f 1769//1769 1770//1770 1786//1786 1785//1785
f 1770//1770 1771//1771 1787//1787 1786//1786
f 1771//1771 1772//1772 1788//1788 1787//1787
f 1772//1772 1773//1773 1789//1789 1788//1788
f 1773//1773 1774//1774 1790//1790 1789//1789
f 1774//1774 1775//1775 1791//1791 1790//1790
f 1775//1775 1776//1776 1792//1792 1791//1791
f 1776//1776 1777//1777 1793//1793 1792//1792
f 1777//1777 1778//1778 1794//1794 1793//1793
f 1778//1778 1779//1779 1795//1795 1794//1794
f 1779//1779 1780//1780 1796//1796 1795//1795
f 1780//1780 1765//1765 1781//1781 1796//1796
f 1781//1781 1782//1782 1798//1798 1797//1797
f 1782//1782 1783//1783 1799//1799 1798//1798
f 1783//1783 1784//1784 1800//1800 1799//1799
f 1784//1784 1785//1785 1801//1801 1800//1800
f 1785//1785 1786//1786 1802//1802 1801//1801
f 1786//1786 1787//1787 1803//1803 1802//1802
f 1787//1787 1788//1788 1804//1804 1803//1803
f 1788//1788 1789//1789 1805//1805 1804//1804
f 1789//1789 1790//1790 1806//1806 1805//1805
f 1790//1790 1791//1791 1807//1807 1806//1806
f 1791//1791 1792//1792 1808//1808 1807//1807
f 1792//1792 1793//1793 1809//1809 1808//1808
f 1793//1793 1794//1794 1810//1810 1809//1809
f 1794//1794 1795//1795 1811//1811 1810//1810
f 1795//1795 1796//1796 1812//1812 1811//1811
f 1796//1796 1781//1781 1797//1797 1812//1812
f 1797//1797 1798//1798 1814//1814 1813//1813
f 1798//1798 1799//1799 1815//1815 1814//1814
f 1799//1799 1800//1800 1816//1816 1815//1815
f 1800//1800 1801//1801 1817//1817 1816//1816
f 1801//1801 1802//1802 1818//1818 1817//1817
f 1802//1802 1803//1803 1819//1819 1818//1818
f 1803//1803 1804//1804 1820//1820 1819//1819
f 1804//1804 1805//1805 1821//1821 1820//1820
f 1805//1805 1806//1806 1822//1822 1821//1821
f 1806//1806 1807//1807 1823//1823 1822//1822
f 1807//1807 1808//1808 1824//1824 1823//1823
f 1808//1808 1809//1809 1825//1825 1824//1824
f 1809//1809 1810//1810 1826//1826 1825//1825
f 1810//1810 1811//1811 1827//1827 1826//1826
f 1811//1811 1812//1812 1828//1828 1827//1827
f 1812//1812 1797//1797 1813//1813 1828//1828
f 1813//1813 1814//1814 1830//1830 1829//1829
f 1814//1814 1815//1815 1831//1831 1830//1830
f 1815//1815 1816//1816 1832//1832 1831//1831
f 1816//1816 1817//1817 1833//1833 1832//1832
f 1817//1817 1818//1818 1834//1834 1833//1833
f 1818//1818 1819//1819 1835//1835 1834//1834
f 1819//1819 1820//1820 1836//1836 1835//1835
f 1820//1820 1821//1821 1837//1837 1836//1836
f 1821//1821 1822//1822 1838//1838 1837//1837
f 1822//1822 1823//1823 1839//1839 1838//1838
f 1823//1823 1824//1824 1840//1840 1839//1839
f 1824//1824 1825//1825 1841//1841 1840//1840
f 1825//1825 1826//1826 1842//1842 1841//1841
f 1826//1826 1827//1827 1843//1843 1842//1842
f 1827//1827 1828//1828 1844//1844 1843//1843
f 1828//1828 1813//1813 1829//1829 1844//1844
f 1829//1829 1830//1830 1846//1846 1845//1845
f 1830//1830 1831//1831 1847//1847 1846//1846
f 1831//1831 1832//1832 1848//1848 1847//1847
f 1832//1832 1833//1833 1849//1849 1848//1848
f 1833//1833 1834//1834 1850//1850 1849//1849
f 1834//1834 1835//1835 1851//1851 1850//1850
f 1835//1835 1836//1836 1852//1852 1851//1851
f 1836//1836 1837//1837 1853//1853 1852//1852
f 1837//1837 1838//1838 1854//1854 1853//1853
f 1838//1838 1839//1839 1855//1855 1854//1854
f 1839//1839 1840//1840 1856//1856 1855//1855
f 1840//1840 1841//1841 1857//1857 1856//1856
f 1841//1841 1842//1842 1858//1858 1857//1857
f 1842//1842 1843//1843 1859//1859 1858//1858
f 1843//1843 1844//1844 1860//1860 1859//1859
f 1844//1844 1829//1829 1845//1845 1860//1860
f 1862//1862 1877//1877 1861//1861
f 1863//1863 1877//1877 1862//1862
f 1864//1864 1877//1877 1863//1863
f 1865//1865 1877//1877 1864//1864
f 1866//1866 1877//1877 1865//1865
f 1867//1867 1877//1877 1866//1866
f 1868//1868 1877//1877 1867//1867
f 1869//1869 1877//1877 1868//1868
f 1870//1870 1877//1877 1869//1869
f 1871//1871 1877//1877 1870//1870
f 1872//1872 1877//1877 1871//1871
f 1873//1873 1877//1877 1872//1872
f 1874//1874 1877//1877 1873//1873
f 1875//1875 1877//1877 1874//1874
f 1876//1876 1877//1877 1875//1875
f 1861//1861 1877//1877 1876//1876
f 1879//1879 1894//1894 1878//1878
f 1880//1880 1894//1894 1879//1879
f 1881//1881 1894//1894 1880//1880
f 1882//1882 1894//1894 1881//1881
f 1883//1883 1894//1894 1882//1882
f 1884//1884 1894//1894 1883//1883
f 1885//1885 1894//1894 1884//1884
f 1886//1886 1894//1894 1885//1885
f 1887//1887 1894//1894 1886//1886
f 1888//1888 1894//1894 1887//1887
f 1889//1889 1894//1894 1888//1888
f 1890//1890 1894//1894 1889//1889
f 1891//1891 1894//1894 1890//1890
f 1892//1892 1894//1894 1891//1891
f 1893//1893 1894//1894 1892//1892
f 1878//1878 1894//1894 1893//1893
g part15
usemtl hat
v 0.00000 0.64700 0.01200
v 0.00000 0.64700 0.01200
v 0.00000 0.64700 0.01200
v 0.00000 0.64700 0.01200
v 0.00000 0.64700 0.01200
v 0.00000 0.64700 0.01200
v 0.00000 0.64700 0.01200
v 0.00000 0.64700 0.01200
v 0.00000 0.64700 0.01200
v 0.00000 0.64700 0.01200
v 0.00000 0.64700 0.01200
v 0.00000 0.64700 0.01200
v 0.00000 0.64700 0.01200
v 0.00000 0.64700 0.01200
v 0.00000 0.64700 0.01200
v 0.00000 0.64700 0.01200
v 0.00000 0.64349 0.08837
v 0.03031 0.64349 0.08255
v 0.05600 0.64349 0.06600
v 0.07317 0.64349 0.04122
v 0.07920 0.64349 0.01200
v 0.07317 0.64349 -0.01722
v 0.05600 0.64349 -0.04200
v 0.03031 0.64349 -0.05855
v 0.00000 0.64349 -0.06437
v -0.03031 0.64349 -0.05855
v -0.05600 0.64349 -0.04200
v -0.07317 0.64349 -0.01722
v -0.07920 0.64349 0.01200
v -0.07317 0.64349 0.04122
v -0.05600 0.64349 0.06600
v -0.03031 0.64349 0.08255
v 0.00000 0.63500 0.12000
v 0.04286 0.63500 0.11178
v 0.07920 0.63500 0.08837
v 0.10347 0.63500 0.05333
v 0.11200 0.63500 0.01200
v 0.10347 0.63500 -0.02933
v 0.07920 0.63500 -0.06437
v 0.04286 0.63500 -0.08778
v 0.00000 0.63500 -0.09600
v -0.04286 0.63500 -0.08778
v -0.07920 0.63500 -0.06437
v -0.10347 0.63500 -0.02933
v -0.11200 0.63500 0.01200
v -0.10347 0.63500 0.05333
v -0.07920 0.63500 0.08837
v -0.04286 0.63500 0.11178
v 0.00000 0.62651 0.08837
v 0.03031 0.62651 0.08255
v 0.05600 0.62651 0.06600
v 0.07317 0.62651 0.04122
v 0.07920 0.62651 0.01200
v 0.07317 0.62651 -0.01722
v 0.05600 0.62651 -0.04200
v 0.03031 0.62651 -0.05855
v 0.00000 0.62651 -0.06437
v -0.03031 0.62651 -0.05855
v -0.05600 0.62651 -0.04200
v -0.07317 0.62651 -0.01722
v -0.07920 0.62651 0.01200
v -0.07317 0.62651 0.04122
v -0.05600 0.62651 0.06600
v -0.03031 0.62651 0.08255
v 0.00000 0.62300 0.01200
v 0.00000 0.62300 0.01200
v 0.00000 0.62300 0.01200
v 0.00000 0.62300 0.01200
v 0.00000 0.62300 0.01200
v 0.00000 0.62300 0.01200
v 0.00000 0.62300 0.01200
v 0.00000 0.62300 0.01200
v 0.00000 0.62300 0.01200
v -0.00000 0.62300 0.01200
v -0.00000 0.62300 0.01200
v -0.00000 0.62300 0.01200
v -0.00000 0.62300 0.01200
v -0.00000 0.62300 0.01200
v -0.00000 0.62300 0.01200
v -0.00000 0.62300 0.01200
vn 0.0000 1.0000 0.0000
vn 0.0000 1.0000 0.0000
vn 0.0000 1.0000 0.0000
vn 0.0000 1.0000 0.0000
vn 0.0000 1.0000 0.0000
vn 0.0000 1.0000 -0.0000
vn 0.0000 1.0000 -0.0000
vn 0.0000 1.0000 -0.0000
vn 0.0000 1.0000 -0.0000
vn -0.0000 1.0000 -0.0000
vn -0.0000 1.0000 -0.0000
vn -0.0000 1.0000 -0.0000
vn -0.0000 1.0000 -0.0000
vn -0.0000 1.0000 0.0000
vn -0.0000 1.0000 0.0000
vn -0.0000 1.0000 0.0000
vn 0.0000 0.9939 0.1104
vn 0.0408 0.9939 0.1020
vn 0.0753 0.9941 0.0781
vn 0.0984 0.9942 0.0423
vn 0.1065 0.9943 0.0000
vn 0.0984 0.9942 -0.0423
vn 0.0753 0.9941 -0.0781
vn 0.0408 0.9939 -0.1020
vn 0.0000 0.9939 -0.1104
vn -0.0408 0.9939 -0.1020
vn -0.0753 0.9941 -0.0781
vn -0.0984 0.9942 -0.0423
vn -0.1065 0.9943 -0.0000
vn -0.0984 0.9942 0.0423
vn -0.0753 0.9941 0.0781
vn -0.0408 0.9939 0.1020
vn 0.0000 0.0000 1.0000
vn 0.3709 0.0000 0.9287
vn 0.6941 0.0000 0.7198
vn 0.9188 0.0000 0.3947
vn 1.0000 0.0000 0.0000
vn 0.9188 0.0000 -0.3947
vn 0.6941 0.0000 -0.7198
vn 0.3709 0.0000 -0.9287
vn 0.0000 0.0000 -1.0000
vn -0.3709 0.0000 -0.9287
vn -0.6941 0.0000 -0.7198
vn -0.9188 0.0000 -0.3947
vn -1.0000 0.0000 -0.0000
vn -0.9188 0.0000 0.3947
vn -0.6941 0.0000 0.7198
vn -0.3709 0.0000 0.9287
vn 0.0000 -0.9939 0.1104
vn 0.0408 -0.9939 0.1020
vn 0.0753 -0.9941 0.0781
vn 0.0984 -0.9942 0.0423
vn 0.1065 -0.9943 0.0000
vn 0.0984 -0.9942 -0.0423
vn 0.0753 -0.9941 -0.0781
vn 0.0408 -0.9939 -0.1020
vn 0.0000 -0.9939 -0.1104
vn -0.0408 -0.9939 -0.1020
vn -0.0753 -0.9941 -0.0781
vn -0.0984 -0.9942 -0.0423
vn -0.1065 -0.9943 -0.0000
vn -0.0984 -0.9942 0.0423
vn -0.0753 -0.9941 0.0781
vn -0.0408 -0.9939 0.1020
vn 0.0000 -1.0000 0.0000
vn 0.0000 -1.0000 0.0000
vn 0.0000 -1.0000 0.0000
vn 0.0000 -1.0000 0.0000
vn 0.0000 -1.0000 0.0000
vn 0.0000 -1.0000 -0.0000
vn 0.0000 -1.0000 -0.0000
vn 0.0000 -1.0000 -0.0000
vn 0.0000 -1.0000 -0.0000
vn -0.0000 -1.0000 -0.0000
vn -0.0000 -1.0000 -0.0000
vn -0.0000 -1.0000 -0.0000
vn -0.0000 -1.0000 -0.0000
vn -0.0000 -1.0000 0.0000
vn -0.0000 -1.0000 0.0000
vn -0.0000 -1.0000 0.0000
f 1911//1911 1912//1912 1896//1896 1895//1895
f 1912//1912 1913//1913 1897//1897 1896//1896
f 1913//1913 1914//1914 1898//1898 1897//1897
f 1914//1914 1915//1915 1899//1899 1898//1898
f 1915//1915 1916//1916 1900//1900 1899//1899
f 1916//1916 1917//1917 1901//1901 1900//1900
f 1917//1917 1918//1918 1902//1902 1901//1901
f 1918//1918 1919//1919 1903//1903 1902//1902
f 1919//1919 1920//1920 1904//1904 1903//1903
f 1920//1920 1921//1921 1905//1905 1904//1904
f 1921//1921 1922//1922 1906//1906 1905//1905
f 1922//1922 1923//1923 1907//1907 1906//1906
f 1923//1923 1924//1924 1908//1908 1907//1907
f 1924//1924 1925//1925 1909//1909 1908//1908
f 1925//1925 1926//1926 1910//1910 1909//1909
f 1926//1926 1911//1911 1895//1895 1910//1910
f 1927//1927 1928//1928 1912//1912 1911//1911
f 1928//1928 1929//1929 1913//1913 1912//1912
f 1929//1929 1930//1930 1914//1914 1913//1913
f 1930//1930 1931//1931 1915//1915 1914//1914
f 1931//1931 1932//1932 1916//1916 1915//1915
f 1932//1932 1933//1933 1917//1917 1916//1916
f 1933//1933 1934//1934 1918//1918 1917//1917
f 1934//1934 1935//1935 1919//1919 1918//1918
f 1935//1935 1936//1936 1920//1920 1919//1919
f 1936//1936 1937//1937 1921//1921 1920//1920
f 1937//1937 1938//1938 1922//1922 1921//1921
f 1938//1938 1939//1939 1923//1923 1922//1922
f 1939//1939 1940//1940 1924//1924 1923//1923
f 1940//1940 1941//1941 1925//1925 1924//1924
f 1941//1941 1942//1942 1926//1926 1925//1925
f 1942//1942 1927//1927 1911//1911 1926//1926
f 1943//1943 1944//1944 1928//1928 1927//1927
f 1944//1944 1945//1945 1929//1929 1928//1928
f 1945//1945 1946//1946 1930//1930 1929//1929
f 1946//1946 1947//1947 1931//1931 1930//1930
f 1947//1947 1948//1948 1932//1932 1931//1931
f 1948//1948 1949//1949 1933//1933 1932//1932
f 1949//1949 1950//1950 1934//1934 1933//1933
f 1950//1950 1951//1951 1935//1935 1934//1934
f 1951//1951 1952//1952 1936//1936 1935//1935
f 1952//1952 1953//1953 1937//1937 1936//1936
f 1953//1953 1954//1954 1938//1938 1937//1937
f 1954//1954 1955//1955 1939//1939 1938//1938
f 1955//1955 1956//1956 1940//1940 1939//1939
f 1956//1956 1957//1957 1941//1941 1940//1940
f 1957//1957 1958//1958 1942//1942 1941//1941
f 1958//1958 1943//1943 1927//1927 1942//1942
f 1959//1959 1960//1960 1944//1944 1943//1943
f 1960//1960 1961//1961 1945//1945 1944//1944
f 1961//1961 1962//1962 1946//1946 1945//1945
f 1962//1962 1963//1963 1947//1947 1946//1946
f 1963//1963 1964//1964 1948//1948 1947//1947
f 1964//1964 1965//1965 1949//1949 1948//1948
f 1965//1965 1966//1966 1950//1950 1949//1949
f 1966//1966 1967//1967 1951//1951 1950//1950
f 1967//1967 1968//1968 1952//1952 1951//1951
f 1968//1968 1969//1969 1953//1953 1952//1952
f 1969//1969 1970//1970 1954//1954 1953//1953
f 1970//1970 1971//1971 1955//1955 1954//1954
f 1971//1971 1972//1972 1956//1956 1955//1955
f 1972//1972 1973//1973 1957//1957 1956//1956
f 1973//1973 1974//1974 1958//1958 1957//1957
f 1974//1974 1959//1959 1943//1943 1958//1958
