# generated by generate_steering_wheel.py
mtllib steering_wheel.mtl
o steering_wheel
g part0
usemtl rubber
v 0.27000 0.00000 0.01550
v 0.27673 0.00000 0.01397
v 0.28212 0.00000 0.00966
v 0.28511 0.00000 0.00345
v 0.28511 0.00000 -0.00345
v 0.28212 0.00000 -0.00966
v 0.27673 0.00000 -0.01397
v 0.27000 0.00000 -0.01550
v 0.26327 0.00000 -0.01397
v 0.25788 0.00000 -0.00966
v 0.25489 0.00000 -0.00345
v 0.25489 0.00000 0.00345
v 0.25788 0.00000 0.00966
v 0.26327 0.00000 0.01397
v 0.26897 0.02353 0.01550
v 0.27567 0.02412 0.01397
v 0.28104 0.02459 0.00966
v 0.28403 0.02485 0.00345
v 0.28403 0.02485 -0.00345
v 0.28104 0.02459 -0.00966
v 0.27567 0.02412 -0.01397
v 0.26897 0.02353 -0.01550
v 0.26227 0.02295 -0.01397
v 0.25690 0.02248 -0.00966
v 0.25392 0.02222 -0.00345
v 0.25392 0.02222 0.00345
v 0.25690 0.02248 0.00966
v 0.26227 0.02295 0.01397
v 0.26590 0.04689 0.01550
v 0.27252 0.04805 0.01397
v 0.27783 0.04899 0.00966
v 0.28078 0.04951 0.00345
v 0.28078 0.04951 -0.00345
v 0.27783 0.04899 -0.00966
v 0.27252 0.04805 -0.01397
v 0.26590 0.04689 -0.01550
v 0.25928 0.04572 -0.01397
v 0.25396 0.04478 -0.00966
v 0.25102 0.04426 -0.00345
v 0.25102 0.04426 0.00345
v 0.25396 0.04478 0.00966
v 0.25928 0.04572 0.01397
v 0.26080 0.06988 0.01550
v 0.26730 0.07162 0.01397
v 0.27251 0.07302 0.00966
v 0.27540 0.07379 0.00345
v 0.27540 0.07379 -0.00345
v 0.27251 0.07302 -0.00966
v 0.26730 0.07162 -0.01397
v 0.26080 0.06988 -0.01550
v 0.25430 0.06814 -0.01397
v 0.24909 0.06674 -0.00966
v 0.24620 0.06597 -0.00345
v 0.24620 0.06597 0.00345
v 0.24909 0.06674 0.00966
v 0.25430 0.06814 0.01397
v 0.25372 0.09235 0.01550
v 0.26004 0.09465 0.01397
v 0.26510 0.09649 0.00966
v 0.26792 0.09751 0.00345
v 0.26792 0.09751 -0.00345
v 0.26510 0.09649 -0.00966
v 0.26004 0.09465 -0.01397
v 0.25372 0.09235 -0.01550
v 0.24740 0.09005 -0.01397
v 0.24233 0.08820 -0.00966
v 0.23952 0.08718 -0.00345
v 0.23952 0.08718 0.00345
v 0.24233 0.08820 0.00966
v 0.24740 0.09005 0.01397
v 0.24470 0.11411 0.01550
v 0.25080 0.11695 0.01397
v 0.25569 0.11923 0.00966
v 0.25840 0.12049 0.00345
v 0.25840 0.12049 -0.00345
v 0.25569 0.11923 -0.00966
v 0.25080 0.11695 -0.01397
v 0.24470 0.11411 -0.01550
v 0.23861 0.11126 -0.01397
v 0.23372 0.10899 -0.00966
v 0.23101 0.10772 -0.00345
v 0.23101 0.10772 0.00345
v 0.23372 0.10899 0.00966
v 0.23861 0.11126 0.01397
v 0.23383 0.13500 0.01550
v 0.23965 0.13836 0.01397
v 0.24432 0.14106 0.00966
v 0.24691 0.14256 0.00345
v 0.24691 0.14256 -0.00345
v 0.24432 0.14106 -0.00966
v 0.23965 0.13836 -0.01397
v 0.23383 0.13500 -0.01550
v 0.22800 0.13164 -0.01397
v 0.22333 0.12894 -0.00966
v 0.22074 0.12744 -0.00345
v 0.22074 0.12744 0.00345
v 0.22333 0.12894 0.00966
v 0.22800 0.13164 0.01397
v 0.22117 0.15487 0.01550
v 0.22668 0.15872 0.01397
v 0.23110 0.16182 0.00966
v 0.23355 0.16353 0.00345
v 0.23355 0.16353 -0.00345
v 0.23110 0.16182 -0.00966
v 0.22668 0.15872 -0.01397
v 0.22117 0.15487 -0.01550
v 0.21566 0.15101 -0.01397
v 0.21124 0.14791 -0.00966
v 0.20879 0.14620 -0.00345
v 0.20879 0.14620 0.00345
v 0.21124 0.14791 0.00966
v 0.21566 0.15101 0.01397
v 0.20683 0.17355 0.01550
v 0.21198 0.17788 0.01397
v 0.21612 0.18134 0.00966
v 0.21841 0.18327 0.00345
v 0.21841 0.18327 -0.00345
v 0.21612 0.18134 -0.00966
v 0.21198 0.17788 -0.01397
v 0.20683 0.17355 -0.01550
v 0.20168 0.16923 -0.01397
v 0.19755 0.16576 -0.00966
v 0.19526 0.16384 -0.00345
v 0.19526 0.16384 0.00345
v 0.19755 0.16576 0.00966
v 0.20168 0.16923 0.01397
v 0.19092 0.19092 0.01550
v 0.19567 0.19567 0.01397
v 0.19949 0.19949 0.00966
v 0.20160 0.20160 0.00345
v 0.20160 0.20160 -0.00345
v 0.19949 0.19949 -0.00966
v 0.19567 0.19567 -0.01397
v 0.19092 0.19092 -0.01550
v 0.18616 0.18616 -0.01397
v 0.18235 0.18235 -0.00966
v 0.18023 0.18023 -0.00345
v 0.18023 0.18023 0.00345
v 0.18235 0.18235 0.00966
v 0.18616 0.18616 0.01397
v 0.17355 0.20683 0.01550
v 0.17788 0.21198 0.01397
v 0.18134 0.21612 0.00966
v 0.18327 0.21841 0.00345
v 0.18327 0.21841 -0.00345
v 0.18134 0.21612 -0.00966
v 0.17788 0.21198 -0.01397
v 0.17355 0.20683 -0.01550
v 0.16923 0.20168 -0.01397
v 0.16576 0.19755 -0.00966
v 0.16384 0.19526 -0.00345
v 0.16384 0.19526 0.00345
v 0.16576 0.19755 0.00966
v 0.16923 0.20168 0.01397
v 0.15487 0.22117 0.01550
v 0.15872 0.22668 0.01397
v 0.16182 0.23110 0.00966
v 0.16353 0.23355 0.00345
v 0.16353 0.23355 -0.00345
v 0.16182 0.23110 -0.00966
v 0.15872 0.22668 -0.01397
v 0.15487 0.22117 -0.01550
v 0.15101 0.21566 -0.01397
v 0.14791 0.21124 -0.00966
v 0.14620 0.20879 -0.00345
v 0.14620 0.20879 0.00345
v 0.14791 0.21124 0.00966
v 0.15101 0.21566 0.01397
v 0.13500 0.23383 0.01550
v 0.13836 0.23965 0.01397
v 0.14106 0.24432 0.00966
v 0.14256 0.24691 0.00345
v 0.14256 0.24691 -0.00345
v 0.14106 0.24432 -0.00966
v 0.13836 0.23965 -0.01397
v 0.13500 0.23383 -0.01550
v 0.13164 0.22800 -0.01397
v 0.12894 0.22333 -0.00966
v 0.12744 0.22074 -0.00345
v 0.12744 0.22074 0.00345
v 0.12894 0.22333 0.00966
v 0.13164 0.22800 0.01397
v 0.11411 0.24470 0.01550
v 0.11695 0.25080 0.01397
v 0.11923 0.25569 0.00966
v 0.12049 0.25840 0.00345
v 0.12049 0.25840 -0.00345
v 0.11923 0.25569 -0.00966
v 0.11695 0.25080 -0.01397
v 0.11411 0.24470 -0.01550
v 0.11126 0.23861 -0.01397
v 0.10899 0.23372 -0.00966
v 0.10772 0.23101 -0.00345
v 0.10772 0.23101 0.00345
v 0.10899 0.23372 0.00966
v 0.11126 0.23861 0.01397
v 0.09235 0.25372 0.01550
v 0.09465 0.26004 0.01397
v 0.09649 0.26510 0.00966
v 0.09751 0.26792 0.00345
v 0.09751 0.26792 -0.00345
v 0.09649 0.26510 -0.00966
v 0.09465 0.26004 -0.01397
v 0.09235 0.25372 -0.01550
v 0.09005 0.24740 -0.01397
v 0.08820 0.24233 -0.00966
v 0.08718 0.23952 -0.00345
v 0.08718 0.23952 0.00345
v 0.08820 0.24233 0.00966
v 0.09005 0.24740 0.01397
v 0.06988 0.26080 0.01550
v 0.07162 0.26730 0.01397
v 0.07302 0.27251 0.00966
v 0.07379 0.27540 0.00345
v 0.07379 0.27540 -0.00345
v 0.07302 0.27251 -0.00966
v 0.07162 0.26730 -0.01397
v 0.06988 0.26080 -0.01550
v 0.06814 0.25430 -0.01397
v 0.06674 0.24909 -0.00966
v 0.06597 0.24620 -0.00345
v 0.06597 0.24620 0.00345
v 0.06674 0.24909 0.00966
v 0.06814 0.25430 0.01397
v 0.04689 0.26590 0.01550
v 0.04805 0.27252 0.01397
v 0.04899 0.27783 0.00966
v 0.04951 0.28078 0.00345
v 0.04951 0.28078 -0.00345
v 0.04899 0.27783 -0.00966
v 0.04805 0.27252 -0.01397
v 0.04689 0.26590 -0.01550
v 0.04572 0.25928 -0.01397
v 0.04478 0.25396 -0.00966
v 0.04426 0.25102 -0.00345
v 0.04426 0.25102 0.00345
v 0.04478 0.25396 0.00966
v 0.04572 0.25928 0.01397
v 0.02353 0.26897 0.01550
v 0.02412 0.27567 0.01397
v 0.02459 0.28104 0.00966
v 0.02485 0.28403 0.00345
v 0.02485 0.28403 -0.00345
v 0.02459 0.28104 -0.00966
v 0.02412 0.27567 -0.01397
v 0.02353 0.26897 -0.01550
v 0.02295 0.26227 -0.01397
v 0.02248 0.25690 -0.00966
v 0.02222 0.25392 -0.00345
v 0.02222 0.25392 0.00345
v 0.02248 0.25690 0.00966
v 0.02295 0.26227 0.01397
v 0.00000 0.27000 0.01550
v 0.00000 0.27673 0.01397
v 0.00000 0.28212 0.00966
v 0.00000 0.28511 0.00345
v 0.00000 0.28511 -0.00345
v 0.00000 0.28212 -0.00966
v 0.00000 0.27673 -0.01397
v 0.00000 0.27000 -0.01550
v 0.00000 0.26327 -0.01397
v 0.00000 0.25788 -0.00966
v 0.00000 0.25489 -0.00345
v 0.00000 0.25489 0.00345
v 0.00000 0.25788 0.00966
v 0.00000 0.26327 0.01397
v -0.02353 0.26897 0.01550
v -0.02412 0.27567 0.01397
v -0.02459 0.28104 0.00966
v -0.02485 0.28403 0.00345
v -0.02485 0.28403 -0.00345
v -0.02459 0.28104 -0.00966
v -0.02412 0.27567 -0.01397
v -0.02353 0.26897 -0.01550
v -0.02295 0.26227 -0.01397
v -0.02248 0.25690 -0.00966
v -0.02222 0.25392 -0.00345
v -0.02222 0.25392 0.00345
v -0.02248 0.25690 0.00966
v -0.02295 0.26227 0.01397
v -0.04689 0.26590 0.01550
v -0.04805 0.27252 0.01397
v -0.04899 0.27783 0.00966
v -0.04951 0.28078 0.00345
v -0.04951 0.28078 -0.00345
v -0.04899 0.27783 -0.00966
v -0.04805 0.27252 -0.01397
v -0.04689 0.26590 -0.01550
v -0.04572 0.25928 -0.01397
v -0.04478 0.25396 -0.00966
v -0.04426 0.25102 -0.00345
v -0.04426 0.25102 0.00345
v -0.04478 0.25396 0.00966
v -0.04572 0.25928 0.01397
v -0.06988 0.26080 0.01550
v -0.07162 0.26730 0.01397
v -0.07302 0.27251 0.00966
v -0.07379 0.27540 0.00345
v -0.07379 0.27540 -0.00345
v -0.07302 0.27251 -0.00966
v -0.07162 0.26730 -0.01397
v -0.06988 0.26080 -0.01550
v -0.06814 0.25430 -0.01397
v -0.06674 0.24909 -0.00966
v -0.06597 0.24620 -0.00345
v -0.06597 0.24620 0.00345
v -0.06674 0.24909 0.00966
v -0.06814 0.25430 0.01397
v -0.09235 0.25372 0.01550
v -0.09465 0.26004 0.01397
v -0.09649 0.26510 0.00966
v -0.09751 0.26792 0.00345
v -0.09751 0.26792 -0.00345
v -0.09649 0.26510 -0.00966
v -0.09465 0.26004 -0.01397
v -0.09235 0.25372 -0.01550
v -0.09005 0.24740 -0.01397
v -0.08820 0.24233 -0.00966
v -0.08718 0.23952 -0.00345
v -0.08718 0.23952 0.00345
v -0.08820 0.24233 0.00966
v -0.09005 0.24740 0.01397
v -0.11411 0.24470 0.01550
v -0.11695 0.25080 0.01397
v -0.11923 0.25569 0.00966
v -0.12049 0.25840 0.00345
v -0.12049 0.25840 -0.00345
v -0.11923 0.25569 -0.00966
v -0.11695 0.25080 -0.01397
v -0.11411 0.24470 -0.01550
v -0.11126 0.23861 -0.01397
v -0.10899 0.23372 -0.00966
v -0.10772 0.23101 -0.00345
v -0.10772 0.23101 0.00345
v -0.10899 0.23372 0.00966
v -0.11126 0.23861 0.01397
v -0.13500 0.23383 0.01550
v -0.13836 0.23965 0.01397
v -0.14106 0.24432 0.00966
v -0.14256 0.24691 0.00345
v -0.14256 0.24691 -0.00345
v -0.14106 0.24432 -0.00966
v -0.13836 0.23965 -0.01397
v -0.13500 0.23383 -0.01550
v -0.13164 0.22800 -0.01397
v -0.12894 0.22333 -0.00966
v -0.12744 0.22074 -0.00345
v -0.12744 0.22074 0.00345
v -0.12894 0.22333 0.00966
v -0.13164 0.22800 0.01397
v -0.15487 0.22117 0.01550
v -0.15872 0.22668 0.01397
v -0.16182 0.23110 0.00966
v -0.16353 0.23355 0.00345
v -0.16353 0.23355 -0.00345
v -0.16182 0.23110 -0.00966
v -0.15872 0.22668 -0.01397
v -0.15487 0.22117 -0.01550
v -0.15101 0.21566 -0.01397
v -0.14791 0.21124 -0.00966
v -0.14620 0.20879 -0.00345
v -0.14620 0.20879 0.00345
v -0.14791 0.21124 0.00966
v -0.15101 0.21566 0.01397
v -0.17355 0.20683 0.01550
v -0.17788 0.21198 0.01397
v -0.18134 0.21612 0.00966
v -0.18327 0.21841 0.00345
v -0.18327 0.21841 -0.00345
v -0.18134 0.21612 -0.00966
v -0.17788 0.21198 -0.01397
v -0.17355 0.20683 -0.01550
v -0.16923 0.20168 -0.01397
v -0.16576 0.19755 -0.00966
v -0.16384 0.19526 -0.00345
v -0.16384 0.19526 0.00345
v -0.16576 0.19755 0.00966
v -0.16923 0.20168 0.01397
v -0.19092 0.19092 0.01550
v -0.19567 0.19567 0.01397
v -0.19949 0.19949 0.00966
v -0.20160 0.20160 0.00345
v -0.20160 0.20160 -0.00345
v -0.19949 0.19949 -0.00966
v -0.19567 0.19567 -0.01397
v -0.19092 0.19092 -0.01550
v -0.18616 0.18616 -0.01397
v -0.18235 0.18235 -0.00966
v -0.18023 0.18023 -0.00345
v -0.18023 0.18023 0.00345
v -0.18235 0.18235 0.00966
v -0.18616 0.18616 0.01397
v -0.20683 0.17355 0.01550
v -0.21198 0.17788 0.01397
v -0.21612 0.18134 0.00966
v -0.21841 0.18327 0.00345
v -0.21841 0.18327 -0.00345
v -0.21612 0.18134 -0.00966
v -0.21198 0.17788 -0.01397
v -0.20683 0.17355 -0.01550
v -0.20168 0.16923 -0.01397
v -0.19755 0.16576 -0.00966
v -0.19526 0.16384 -0.00345
v -0.19526 0.16384 0.00345
v -0.19755 0.16576 0.00966
v -0.20168 0.16923 0.01397
v -0.22117 0.15487 0.01550
v -0.22668 0.15872 0.01397
v -0.23110 0.16182 0.00966
v -0.23355 0.16353 0.00345
v -0.23355 0.16353 -0.00345
v -0.23110 0.16182 -0.00966
v -0.22668 0.15872 -0.01397
v -0.22117 0.15487 -0.01550
v -0.21566 0.15101 -0.01397
v -0.21124 0.14791 -0.00966
v -0.20879 0.14620 -0.00345
v -0.20879 0.14620 0.00345
v -0.21124 0.14791 0.00966
v -0.21566 0.15101 0.01397
v -0.23383 0.13500 0.01550
v -0.23965 0.13836 0.01397
v -0.24432 0.14106 0.00966
v -0.24691 0.14256 0.00345
v -0.24691 0.14256 -0.00345
v -0.24432 0.14106 -0.00966
v -0.23965 0.13836 -0.01397
v -0.23383 0.13500 -0.01550
v -0.22800 0.13164 -0.01397
v -0.22333 0.12894 -0.00966
v -0.22074 0.12744 -0.00345
v -0.22074 0.12744 0.00345
v -0.22333 0.12894 0.00966
v -0.22800 0.13164 0.01397
v -0.24470 0.11411 0.01550
v -0.25080 0.11695 0.01397
v -0.25569 0.11923 0.00966
v -0.25840 0.12049 0.00345
v -0.25840 0.12049 -0.00345
v -0.25569 0.11923 -0.00966
v -0.25080 0.11695 -0.01397
v -0.24470 0.11411 -0.01550
v -0.23861 0.11126 -0.01397
v -0.23372 0.10899 -0.00966
v -0.23101 0.10772 -0.00345
v -0.23101 0.10772 0.00345
v -0.23372 0.10899 0.00966
v -0.23861 0.11126 0.01397
v -0.25372 0.09235 0.01550
v -0.26004 0.09465 0.01397
v -0.26510 0.09649 0.00966
v -0.26792 0.09751 0.00345
v -0.26792 0.09751 -0.00345
v -0.26510 0.09649 -0.00966
v -0.26004 0.09465 -0.01397
v -0.25372 0.09235 -0.01550
v -0.24740 0.09005 -0.01397
v -0.24233 0.08820 -0.00966
v -0.23952 0.08718 -0.00345
v -0.23952 0.08718 0.00345
v -0.24233 0.08820 0.00966
v -0.24740 0.09005 0.01397
v -0.26080 0.06988 0.01550
v -0.26730 0.07162 0.01397
v -0.27251 0.07302 0.00966
v -0.27540 0.07379 0.00345
v -0.27540 0.07379 -0.00345
v -0.27251 0.07302 -0.00966
v -0.26730 0.07162 -0.01397
v -0.26080 0.06988 -0.01550
v -0.25430 0.06814 -0.01397
v -0.24909 0.06674 -0.00966
v -0.24620 0.06597 -0.00345
v -0.24620 0.06597 0.00345
v -0.24909 0.06674 0.00966
v -0.25430 0.06814 0.01397
v -0.26590 0.04689 0.01550
v -0.27252 0.04805 0.01397
v -0.27783 0.04899 0.00966
v -0.28078 0.04951 0.00345
v -0.28078 0.04951 -0.00345
v -0.27783 0.04899 -0.00966
v -0.27252 0.04805 -0.01397
v -0.26590 0.04689 -0.01550
v -0.25928 0.04572 -0.01397
v -0.25396 0.04478 -0.00966
v -0.25102 0.04426 -0.00345
v -0.25102 0.04426 0.00345
v -0.25396 0.04478 0.00966
v -0.25928 0.04572 0.01397
v -0.26897 0.02353 0.01550
v -0.27567 0.02412 0.01397
v -0.28104 0.02459 0.00966
v -0.28403 0.02485 0.00345
v -0.28403 0.02485 -0.00345
v -0.28104 0.02459 -0.00966
v -0.27567 0.02412 -0.01397
v -0.26897 0.02353 -0.01550
v -0.26227 0.02295 -0.01397
v -0.25690 0.02248 -0.00966
v -0.25392 0.02222 -0.00345
v -0.25392 0.02222 0.00345
v -0.25690 0.02248 0.00966
v -0.26227 0.02295 0.01397
v -0.27000 0.00000 0.01550
v -0.27673 0.00000 0.01397
v -0.28212 0.00000 0.00966
v -0.28511 0.00000 0.00345
v -0.28511 0.00000 -0.00345
v -0.28212 0.00000 -0.00966
v -0.27673 0.00000 -0.01397
v -0.27000 0.00000 -0.01550
v -0.26327 0.00000 -0.01397
v -0.25788 0.00000 -0.00966
v -0.25489 0.00000 -0.00345
v -0.25489 0.00000 0.00345
v -0.25788 0.00000 0.00966
v -0.26327 0.00000 0.01397
v -0.26897 -0.02353 0.01550
v -0.27567 -0.02412 0.01397
v -0.28104 -0.02459 0.00966
v -0.28403 -0.02485 0.00345
v -0.28403 -0.02485 -0.00345
v -0.28104 -0.02459 -0.00966
v -0.27567 -0.02412 -0.01397
v -0.26897 -0.02353 -0.01550
v -0.26227 -0.02295 -0.01397
v -0.25690 -0.02248 -0.00966
v -0.25392 -0.02222 -0.00345
v -0.25392 -0.02222 0.00345
v -0.25690 -0.02248 0.00966
v -0.26227 -0.02295 0.01397
v -0.26590 -0.04689 0.01550
v -0.27252 -0.04805 0.01397
v -0.27783 -0.04899 0.00966
v -0.28078 -0.04951 0.00345
v -0.28078 -0.04951 -0.00345
v -0.27783 -0.04899 -0.00966
v -0.27252 -0.04805 -0.01397
v -0.26590 -0.04689 -0.01550
v -0.25928 -0.04572 -0.01397
v -0.25396 -0.04478 -0.00966
v -0.25102 -0.04426 -0.00345
v -0.25102 -0.04426 0.00345
v -0.25396 -0.04478 0.00966
v -0.25928 -0.04572 0.01397
v -0.26080 -0.06988 0.01550
v -0.26730 -0.07162 0.01397
v -0.27251 -0.07302 0.00966
v -0.27540 -0.07379 0.00345
v -0.27540 -0.07379 -0.00345
v -0.27251 -0.07302 -0.00966
v -0.26730 -0.07162 -0.01397
v -0.26080 -0.06988 -0.01550
v -0.25430 -0.06814 -0.01397
v -0.24909 -0.06674 -0.00966
v -0.24620 -0.06597 -0.00345
v -0.24620 -0.06597 0.00345
v -0.24909 -0.06674 0.00966
v -0.25430 -0.06814 0.01397
v -0.25372 -0.09235 0.01550
v -0.26004 -0.09465 0.01397
v -0.26510 -0.09649 0.00966
v -0.26792 -0.09751 0.00345
v -0.26792 -0.09751 -0.00345
v -0.26510 -0.09649 -0.00966
v -0.26004 -0.09465 -0.01397
v -0.25372 -0.09235 -0.01550
v -0.24740 -0.09005 -0.01397
v -0.24233 -0.08820 -0.00966
v -0.23952 -0.08718 -0.00345
v -0.23952 -0.08718 0.00345
v -0.24233 -0.08820 0.00966
v -0.24740 -0.09005 0.01397
v -0.24470 -0.11411 0.01550
v -0.25080 -0.11695 0.01397
v -0.25569 -0.11923 0.00966
v -0.25840 -0.12049 0.00345
v -0.25840 -0.12049 -0.00345
v -0.25569 -0.11923 -0.00966
v -0.25080 -0.11695 -0.01397
v -0.24470 -0.11411 -0.01550
v -0.23861 -0.11126 -0.01397
v -0.23372 -0.10899 -0.00966
v -0.23101 -0.10772 -0.00345
v -0.23101 -0.10772 0.00345
v -0.23372 -0.10899 0.00966
v -0.23861 -0.11126 0.01397
v -0.23383 -0.13500 0.01550
v -0.23965 -0.13836 0.01397
v -0.24432 -0.14106 0.00966
v -0.24691 -0.14256 0.00345
v -0.24691 -0.14256 -0.00345
v -0.24432 -0.14106 -0.00966
v -0.23965 -0.13836 -0.01397
v -0.23383 -0.13500 -0.01550
v -0.22800 -0.13164 -0.01397
v -0.22333 -0.12894 -0.00966
v -0.22074 -0.12744 -0.00345
v -0.22074 -0.12744 0.00345
v -0.22333 -0.12894 0.00966
v -0.22800 -0.13164 0.01397
v -0.22117 -0.15487 0.01550
v -0.22668 -0.15872 0.01397
v -0.23110 -0.16182 0.00966
v -0.23355 -0.16353 0.00345
v -0.23355 -0.16353 -0.00345
v -0.23110 -0.16182 -0.00966
v -0.22668 -0.15872 -0.01397
v -0.22117 -0.15487 -0.01550
v -0.21566 -0.15101 -0.01397
v -0.21124 -0.14791 -0.00966
v -0.20879 -0.14620 -0.00345
v -0.20879 -0.14620 0.00345
v -0.21124 -0.14791 0.00966
v -0.21566 -0.15101 0.01397
v -0.20683 -0.17355 0.01550
v -0.21198 -0.17788 0.01397
v -0.21612 -0.18134 0.00966
v -0.21841 -0.18327 0.00345
v -0.21841 -0.18327 -0.00345
v -0.21612 -0.18134 -0.00966
v -0.21198 -0.17788 -0.01397
v -0.20683 -0.17355 -0.01550
v -0.20168 -0.16923 -0.01397
v -0.19755 -0.16576 -0.00966
v -0.19526 -0.16384 -0.00345
v -0.19526 -0.16384 0.00345
v -0.19755 -0.16576 0.00966
v -0.20168 -0.16923 0.01397
v -0.19092 -0.19092 0.01550
v -0.19567 -0.19567 0.01397
v -0.19949 -0.19949 0.00966
v -0.20160 -0.20160 0.00345
v -0.20160 -0.20160 -0.00345
v -0.19949 -0.19949 -0.00966
v -0.19567 -0.19567 -0.01397
v -0.19092 -0.19092 -0.01550
v -0.18616 -0.18616 -0.01397
v -0.18235 -0.18235 -0.00966
v -0.18023 -0.18023 -0.00345
v -0.18023 -0.18023 0.00345
v -0.18235 -0.18235 0.00966
v -0.18616 -0.18616 0.01397
v -0.17355 -0.20683 0.01550
v -0.17788 -0.21198 0.01397
v -0.18134 -0.21612 0.00966
v -0.18327 -0.21841 0.00345
v -0.18327 -0.21841 -0.00345
v -0.18134 -0.21612 -0.00966
v -0.17788 -0.21198 -0.01397
v -0.17355 -0.20683 -0.01550
v -0.16923 -0.20168 -0.01397
v -0.16576 -0.19755 -0.00966
v -0.16384 -0.19526 -0.00345
v -0.16384 -0.19526 0.00345
v -0.16576 -0.19755 0.00966
v -0.16923 -0.20168 0.01397
v -0.15487 -0.22117 0.01550
v -0.15872 -0.22668 0.01397
v -0.16182 -0.23110 0.00966
v -0.16353 -0.23355 0.00345
v -0.16353 -0.23355 -0.00345
v -0.16182 -0.23110 -0.00966
v -0.15872 -0.22668 -0.01397
v -0.15487 -0.22117 -0.01550
v -0.15101 -0.21566 -0.01397
v -0.14791 -0.21124 -0.00966
v -0.14620 -0.20879 -0.00345
v -0.14620 -0.20879 0.00345
v -0.14791 -0.21124 0.00966
v -0.15101 -0.21566 0.01397
v -0.13500 -0.23383 0.01550
v -0.13836 -0.23965 0.01397
v -0.14106 -0.24432 0.00966
v -0.14256 -0.24691 0.00345
v -0.14256 -0.24691 -0.00345
v -0.14106 -0.24432 -0.00966
v -0.13836 -0.23965 -0.01397
v -0.13500 -0.23383 -0.01550
v -0.13164 -0.22800 -0.01397
v -0.12894 -0.22333 -0.00966
v -0.12744 -0.22074 -0.00345
v -0.12744 -0.22074 0.00345
v -0.12894 -0.22333 0.00966
v -0.13164 -0.22800 0.01397
v -0.11411 -0.24470 0.01550
v -0.11695 -0.25080 0.01397
v -0.11923 -0.25569 0.00966
v -0.12049 -0.25840 0.00345
v -0.12049 -0.25840 -0.00345
v -0.11923 -0.25569 -0.00966
v -0.11695 -0.25080 -0.01397
v -0.11411 -0.24470 -0.01550
v -0.11126 -0.23861 -0.01397
v -0.10899 -0.23372 -0.00966
v -0.10772 -0.23101 -0.00345
v -0.10772 -0.23101 0.00345
v -0.10899 -0.23372 0.00966
v -0.11126 -0.23861 0.01397
v -0.09235 -0.25372 0.01550
v -0.09465 -0.26004 0.01397
v -0.09649 -0.26510 0.00966
v -0.09751 -0.26792 0.00345
v -0.09751 -0.26792 -0.00345
v -0.09649 -0.26510 -0.00966
v -0.09465 -0.26004 -0.01397
v -0.09235 -0.25372 -0.01550
v -0.09005 -0.24740 -0.01397
v -0.08820 -0.24233 -0.00966
v -0.08718 -0.23952 -0.00345
v -0.08718 -0.23952 0.00345
v -0.08820 -0.24233 0.00966
v -0.09005 -0.24740 0.01397
v -0.06988 -0.26080 0.01550
v -0.07162 -0.26730 0.01397
v -0.07302 -0.27251 0.00966
v -0.07379 -0.27540 0.00345
v -0.07379 -0.27540 -0.00345
v -0.07302 -0.27251 -0.00966
v -0.07162 -0.26730 -0.01397
v -0.06988 -0.26080 -0.01550
v -0.06814 -0.25430 -0.01397
v -0.06674 -0.24909 -0.00966
v -0.06597 -0.24620 -0.00345
v -0.06597 -0.24620 0.00345
v -0.06674 -0.24909 0.00966
v -0.06814 -0.25430 0.01397
v -0.04689 -0.26590 0.01550
v -0.04805 -0.27252 0.01397
v -0.04899 -0.27783 0.00966
v -0.04951 -0.28078 0.00345
v -0.04951 -0.28078 -0.00345
v -0.04899 -0.27783 -0.00966
v -0.04805 -0.27252 -0.01397
v -0.04689 -0.26590 -0.01550
v -0.04572 -0.25928 -0.01397
v -0.04478 -0.25396 -0.00966
v -0.04426 -0.25102 -0.00345
v -0.04426 -0.25102 0.00345
v -0.04478 -0.25396 0.00966
v -0.04572 -0.25928 0.01397
v -0.02353 -0.26897 0.01550
v -0.02412 -0.27567 0.01397
v -0.02459 -0.28104 0.00966
v -0.02485 -0.28403 0.00345
v -0.02485 -0.28403 -0.00345
v -0.02459 -0.28104 -0.00966
v -0.02412 -0.27567 -0.01397
v -0.02353 -0.26897 -0.01550
v -0.02295 -0.26227 -0.01397
v -0.02248 -0.25690 -0.00966
v -0.02222 -0.25392 -0.00345
v -0.02222 -0.25392 0.00345
v -0.02248 -0.25690 0.00966
v -0.02295 -0.26227 0.01397
v -0.00000 -0.27000 0.01550
v -0.00000 -0.27673 0.01397
v -0.00000 -0.28212 0.00966
v -0.00000 -0.28511 0.00345
v -0.00000 -0.28511 -0.00345
v -0.00000 -0.28212 -0.00966
v -0.00000 -0.27673 -0.01397
v -0.00000 -0.27000 -0.01550
v -0.00000 -0.26327 -0.01397
v -0.00000 -0.25788 -0.00966
v -0.00000 -0.25489 -0.00345
v -0.00000 -0.25489 0.00345
v -0.00000 -0.25788 0.00966
v -0.00000 -0.26327 0.01397
v 0.02353 -0.26897 0.01550
v 0.02412 -0.27567 0.01397
v 0.02459 -0.28104 0.00966
v 0.02485 -0.28403 0.00345
v 0.02485 -0.28403 -0.00345
v 0.02459 -0.28104 -0.00966
v 0.02412 -0.27567 -0.01397
v 0.02353 -0.26897 -0.01550
v 0.02295 -0.26227 -0.01397
v 0.02248 -0.25690 -0.00966
v 0.02222 -0.25392 -0.00345
v 0.02222 -0.25392 0.00345
v 0.02248 -0.25690 0.00966
v 0.02295 -0.26227 0.01397
v 0.04689 -0.26590 0.01550
v 0.04805 -0.27252 0.01397
v 0.04899 -0.27783 0.00966
v 0.04951 -0.28078 0.00345
v 0.04951 -0.28078 -0.00345
v 0.04899 -0.27783 -0.00966
v 0.04805 -0.27252 -0.01397
v 0.04689 -0.26590 -0.01550
v 0.04572 -0.25928 -0.01397
v 0.04478 -0.25396 -0.00966
v 0.04426 -0.25102 -0.00345
v 0.04426 -0.25102 0.00345
v 0.04478 -0.25396 0.00966
v 0.04572 -0.25928 0.01397
v 0.06988 -0.26080 0.01550
v 0.07162 -0.26730 0.01397
v 0.07302 -0.27251 0.00966
v 0.07379 -0.27540 0.00345
v 0.07379 -0.27540 -0.00345
v 0.07302 -0.27251 -0.00966
v 0.07162 -0.26730 -0.01397
v 0.06988 -0.26080 -0.01550
v 0.06814 -0.25430 -0.01397
v 0.06674 -0.24909 -0.00966
v 0.06597 -0.24620 -0.00345
v 0.06597 -0.24620 0.00345
v 0.06674 -0.24909 0.00966
v 0.06814 -0.25430 0.01397
v 0.09235 -0.25372 0.01550
v 0.09465 -0.26004 0.01397
v 0.09649 -0.26510 0.00966
v 0.09751 -0.26792 0.00345
v 0.09751 -0.26792 -0.00345
v 0.09649 -0.26510 -0.00966
v 0.09465 -0.26004 -0.01397
v 0.09235 -0.25372 -0.01550
v 0.09005 -0.24740 -0.01397
v 0.08820 -0.24233 -0.00966
v 0.08718 -0.23952 -0.00345
v 0.08718 -0.23952 0.00345
v 0.08820 -0.24233 0.00966
v 0.09005 -0.24740 0.01397
v 0.11411 -0.24470 0.01550
v 0.11695 -0.25080 0.01397
v 0.11923 -0.25569 0.00966
v 0.12049 -0.25840 0.00345
v 0.12049 -0.25840 -0.00345
v 0.11923 -0.25569 -0.00966
v 0.11695 -0.25080 -0.01397
v 0.11411 -0.24470 -0.01550
v 0.11126 -0.23861 -0.01397
v 0.10899 -0.23372 -0.00966
v 0.10772 -0.23101 -0.00345
v 0.10772 -0.23101 0.00345
v 0.10899 -0.23372 0.00966
v 0.11126 -0.23861 0.01397
v 0.13500 -0.23383 0.01550
v 0.13836 -0.23965 0.01397
v 0.14106 -0.24432 0.00966
v 0.14256 -0.24691 0.00345
v 0.14256 -0.24691 -0.00345
v 0.14106 -0.24432 -0.00966
v 0.13836 -0.23965 -0.01397
v 0.13500 -0.23383 -0.01550
v 0.13164 -0.22800 -0.01397
v 0.12894 -0.22333 -0.00966
v 0.12744 -0.22074 -0.00345
v 0.12744 -0.22074 0.00345
v 0.12894 -0.22333 0.00966
v 0.13164 -0.22800 0.01397
v 0.15487 -0.22117 0.01550
v 0.15872 -0.22668 0.01397
v 0.16182 -0.23110 0.00966
v 0.16353 -0.23355 0.00345
v 0.16353 -0.23355 -0.00345
v 0.16182 -0.23110 -0.00966
v 0.15872 -0.22668 -0.01397
v 0.15487 -0.22117 -0.01550
v 0.15101 -0.21566 -0.01397
v 0.14791 -0.21124 -0.00966
v 0.14620 -0.20879 -0.00345
v 0.14620 -0.20879 0.00345
v 0.14791 -0.21124 0.00966
v 0.15101 -0.21566 0.01397
v 0.17355 -0.20683 0.01550
v 0.17788 -0.21198 0.01397
v 0.18134 -0.21612 0.00966
v 0.18327 -0.21841 0.00345
v 0.18327 -0.21841 -0.00345
v 0.18134 -0.21612 -0.00966
v 0.17788 -0.21198 -0.01397
v 0.17355 -0.20683 -0.01550
v 0.16923 -0.20168 -0.01397
v 0.16576 -0.19755 -0.00966
v 0.16384 -0.19526 -0.00345
v 0.16384 -0.19526 0.00345
v 0.16576 -0.19755 0.00966
v 0.16923 -0.20168 0.01397
v 0.19092 -0.19092 0.01550
v 0.19567 -0.19567 0.01397
v 0.19949 -0.19949 0.00966
v 0.20160 -0.20160 0.00345
v 0.20160 -0.20160 -0.00345
v 0.19949 -0.19949 -0.00966
v 0.19567 -0.19567 -0.01397
v 0.19092 -0.19092 -0.01550
v 0.18616 -0.18616 -0.01397
v 0.18235 -0.18235 -0.00966
v 0.18023 -0.18023 -0.00345
v 0.18023 -0.18023 0.00345
v 0.18235 -0.18235 0.00966
v 0.18616 -0.18616 0.01397
v 0.20683 -0.17355 0.01550
v 0.21198 -0.17788 0.01397
v 0.21612 -0.18134 0.00966
v 0.21841 -0.18327 0.00345
v 0.21841 -0.18327 -0.00345
v 0.21612 -0.18134 -0.00966
v 0.21198 -0.17788 -0.01397
v 0.20683 -0.17355 -0.01550
v 0.20168 -0.16923 -0.01397
v 0.19755 -0.16576 -0.00966
v 0.19526 -0.16384 -0.00345
v 0.19526 -0.16384 0.00345
v 0.19755 -0.16576 0.00966
v 0.20168 -0.16923 0.01397
v 0.22117 -0.15487 0.01550
v 0.22668 -0.15872 0.01397
v 0.23110 -0.16182 0.00966
v 0.23355 -0.16353 0.00345
v 0.23355 -0.16353 -0.00345
v 0.23110 -0.16182 -0.00966
v 0.22668 -0.15872 -0.01397
v 0.22117 -0.15487 -0.01550
v 0.21566 -0.15101 -0.01397
v 0.21124 -0.14791 -0.00966
v 0.20879 -0.14620 -0.00345
v 0.20879 -0.14620 0.00345
v 0.21124 -0.14791 0.00966
v 0.21566 -0.15101 0.01397
v 0.23383 -0.13500 0.01550
v 0.23965 -0.13836 0.01397
v 0.24432 -0.14106 0.00966
v 0.24691 -0.14256 0.00345
v 0.24691 -0.14256 -0.00345
v 0.24432 -0.14106 -0.00966
v 0.23965 -0.13836 -0.01397
v 0.23383 -0.13500 -0.01550
v 0.22800 -0.13164 -0.01397
v 0.22333 -0.12894 -0.00966
v 0.22074 -0.12744 -0.00345
v 0.22074 -0.12744 0.00345
v 0.22333 -0.12894 0.00966
v 0.22800 -0.13164 0.01397
v 0.24470 -0.11411 0.01550
v 0.25080 -0.11695 0.01397
v 0.25569 -0.11923 0.00966
v 0.25840 -0.12049 0.00345
v 0.25840 -0.12049 -0.00345
v 0.25569 -0.11923 -0.00966
v 0.25080 -0.11695 -0.01397
v 0.24470 -0.11411 -0.01550
v 0.23861 -0.11126 -0.01397
v 0.23372 -0.10899 -0.00966
v 0.23101 -0.10772 -0.00345
v 0.23101 -0.10772 0.00345
v 0.23372 -0.10899 0.00966
v 0.23861 -0.11126 0.01397
v 0.25372 -0.09235 0.01550
v 0.26004 -0.09465 0.01397
v 0.26510 -0.09649 0.00966
v 0.26792 -0.09751 0.00345
v 0.26792 -0.09751 -0.00345
v 0.26510 -0.09649 -0.00966
v 0.26004 -0.09465 -0.01397
v 0.25372 -0.09235 -0.01550
v 0.24740 -0.09005 -0.01397
v 0.24233 -0.08820 -0.00966
v 0.23952 -0.08718 -0.00345
v 0.23952 -0.08718 0.00345
v 0.24233 -0.08820 0.00966
v 0.24740 -0.09005 0.01397
v 0.26080 -0.06988 0.01550
v 0.26730 -0.07162 0.01397
v 0.27251 -0.07302 0.00966
v 0.27540 -0.07379 0.00345
v 0.27540 -0.07379 -0.00345
v 0.27251 -0.07302 -0.00966
v 0.26730 -0.07162 -0.01397
v 0.26080 -0.06988 -0.01550
v 0.25430 -0.06814 -0.01397
v 0.24909 -0.06674 -0.00966
v 0.24620 -0.06597 -0.00345
v 0.24620 -0.06597 0.00345
v 0.24909 -0.06674 0.00966
v 0.25430 -0.06814 0.01397
v 0.26590 -0.04689 0.01550
v 0.27252 -0.04805 0.01397
v 0.27783 -0.04899 0.00966
v 0.28078 -0.04951 0.00345
v 0.28078 -0.04951 -0.00345
v 0.27783 -0.04899 -0.00966
v 0.27252 -0.04805 -0.01397
v 0.26590 -0.04689 -0.01550
v 0.25928 -0.04572 -0.01397
v 0.25396 -0.04478 -0.00966
v 0.25102 -0.04426 -0.00345
v 0.25102 -0.04426 0.00345
v 0.25396 -0.04478 0.00966
v 0.25928 -0.04572 0.01397
v 0.26897 -0.02353 0.01550
v 0.27567 -0.02412 0.01397
v 0.28104 -0.02459 0.00966
v 0.28403 -0.02485 0.00345
v 0.28403 -0.02485 -0.00345
v 0.28104 -0.02459 -0.00966
v 0.27567 -0.02412 -0.01397
v 0.26897 -0.02353 -0.01550
v 0.26227 -0.02295 -0.01397
v 0.25690 -0.02248 -0.00966
v 0.25392 -0.02222 -0.00345
v 0.25392 -0.02222 0.00345
v 0.25690 -0.02248 0.00966
v 0.26227 -0.02295 0.01397
f 2 16 15 1
f 3 17 16 2
f 4 18 17 3
f 5 19 18 4
f 6 20 19 5
f 7 21 20 6
f 8 22 21 7
f 9 23 22 8
f 10 24 23 9
f 11 25 24 10
f 12 26 25 11
f 13 27 26 12
f 14 28 27 13
f 1 15 28 14
f 16 30 29 15
f 17 31 30 16
f 18 32 31 17
f 19 33 32 18
f 20 34 33 19
f 21 35 34 20
f 22 36 35 21
f 23 37 36 22
f 24 38 37 23
f 25 39 38 24
f 26 40 39 25
f 27 41 40 26
f 28 42 41 27
f 15 29 42 28
f 30 44 43 29
f 31 45 44 30
f 32 46 45 31
f 33 47 46 32
f 34 48 47 33
f 35 49 48 34
f 36 50 49 35
f 37 51 50 36
f 38 52 51 37
f 39 53 52 38
f 40 54 53 39
f 41 55 54 40
f 42 56 55 41
f 29 43 56 42
f 44 58 57 43
f 45 59 58 44
f 46 60 59 45
f 47 61 60 46
f 48 62 61 47
f 49 63 62 48
f 50 64 63 49
f 51 65 64 50
f 52 66 65 51
f 53 67 66 52
f 54 68 67 53
f 55 69 68 54
f 56 70 69 55
f 43 57 70 56
f 58 72 71 57
f 59 73 72 58
f 60 74 73 59
f 61 75 74 60
f 62 76 75 61
f 63 77 76 62
f 64 78 77 63
f 65 79 78 64
f 66 80 79 65
f 67 81 80 66
f 68 82 81 67
f 69 83 82 68
f 70 84 83 69
f 57 71 84 70
f 72 86 85 71
f 73 87 86 72
f 74 88 87 73
f 75 89 88 74
f 76 90 89 75
f 77 91 90 76
f 78 92 91 77
f 79 93 92 78
f 80 94 93 79
f 81 95 94 80
f 82 96 95 81
f 83 97 96 82
f 84 98 97 83
f 71 85 98 84
f 86 100 99 85
f 87 101 100 86
f 88 102 101 87
f 89 103 102 88
f 90 104 103 89
f 91 105 104 90
f 92 106 105 91
f 93 107 106 92
f 94 108 107 93
f 95 109 108 94
f 96 110 109 95
f 97 111 110 96
f 98 112 111 97
f 85 99 112 98
f 100 114 113 99
f 101 115 114 100
f 102 116 115 101
f 103 117 116 102
f 104 118 117 103
f 105 119 118 104
f 106 120 119 105
f 107 121 120 106
f 108 122 121 107
f 109 123 122 108
f 110 124 123 109
f 111 125 124 110
f 112 126 125 111
f 99 113 126 112
f 114 128 127 113
f 115 129 128 114
f 116 130 129 115
f 117 131 130 116
f 118 132 131 117
f 119 133 132 118
f 120 134 133 119
f 121 135 134 120
f 122 136 135 121
f 123 137 136 122
f 124 138 137 123
f 125 139 138 124
f 126 140 139 125
f 113 127 140 126
f 128 142 141 127
f 129 143 142 128
f 130 144 143 129
f 131 145 144 130
f 132 146 145 131
f 133 147 146 132
f 134 148 147 133
f 135 149 148 134
f 136 150 149 135
f 137 151 150 136
f 138 152 151 137
f 139 153 152 138
f 140 154 153 139
f 127 141 154 140
f 142 156 155 141
f 143 157 156 142
f 144 158 157 143
f 145 159 158 144
f 146 160 159 145
f 147 161 160 146
f 148 162 161 147
f 149 163 162 148
f 150 164 163 149
f 151 165 164 150
f 152 166 165 151
f 153 167 166 152
f 154 168 167 153
f 141 155 168 154
f 156 170 169 155
f 157 171 170 156
f 158 172 171 157
f 159 173 172 158
f 160 174 173 159
f 161 175 174 160
f 162 176 175 161
f 163 177 176 162
f 164 178 177 163
f 165 179 178 164
f 166 180 179 165
f 167 181 180 166
f 168 182 181 167
f 155 169 182 168
f 170 184 183 169
f 171 185 184 170
f 172 186 185 171
f 173 187 186 172
f 174 188 187 173
f 175 189 188 174
f 176 190 189 175
f 177 191 190 176
f 178 192 191 177
f 179 193 192 178
f 180 194 193 179
f 181 195 194 180
f 182 196 195 181
f 169 183 196 182
f 184 198 197 183
f 185 199 198 184
f 186 200 199 185
f 187 201 200 186
f 188 202 201 187
f 189 203 202 188
f 190 204 203 189
f 191 205 204 190
f 192 206 205 191
f 193 207 206 192
f 194 208 207 193
f 195 209 208 194
f 196 210 209 195
f 183 197 210 196
f 198 212 211 197
f 199 213 212 198
f 200 214 213 199
f 201 215 214 200
f 202 216 215 201
f 203 217 216 202
f 204 218 217 203
f 205 219 218 204
f 206 220 219 205
f 207 221 220 206
f 208 222 221 207
f 209 223 222 208
f 210 224 223 209
f 197 211 224 210
f 212 226 225 211
f 213 227 226 212
f 214 228 227 213
f 215 229 228 214
f 216 230 229 215
f 217 231 230 216
f 218 232 231 217
f 219 233 232 218
f 220 234 233 219
f 221 235 234 220
f 222 236 235 221
f 223 237 236 222
f 224 238 237 223
f 211 225 238 224
f 226 240 239 225
f 227 241 240 226
f 228 242 241 227
f 229 243 242 228
f 230 244 243 229
f 231 245 244 230
f 232 246 245 231
f 233 247 246 232
f 234 248 247 233
f 235 249 248 234
f 236 250 249 235
f 237 251 250 236
f 238 252 251 237
f 225 239 252 238
f 240 254 253 239
f 241 255 254 240
f 242 256 255 241
f 243 257 256 242
f 244 258 257 243
f 245 259 258 244
f 246 260 259 245
f 247 261 260 246
f 248 262 261 247
f 249 263 262 248
f 250 264 263 249
f 251 265 264 250
f 252 266 265 251
f 239 253 266 252
f 254 268 267 253
f 255 269 268 254
f 256 270 269 255
f 257 271 270 256
f 258 272 271 257
f 259 273 272 258
f 260 274 273 259
f 261 275 274 260
f 262 276 275 261
f 263 277 276 262
f 264 278 277 263
f 265 279 278 264
f 266 280 279 265
f 253 267 280 266
f 268 282 281 267
f 269 283 282 268
f 270 284 283 269
f 271 285 284 270
f 272 286 285 271
f 273 287 286 272
f 274 288 287 273
f 275 289 288 274
f 276 290 289 275
f 277 291 290 276
f 278 292 291 277
f 279 293 292 278
f 280 294 293 279
f 267 281 294 280
f 282 296 295 281
f 283 297 296 282
f 284 298 297 283
f 285 299 298 284
f 286 300 299 285
f 287 301 300 286
f 288 302 301 287
f 289 303 302 288
f 290 304 303 289
f 291 305 304 290
f 292 306 305 291
f 293 307 306 292
f 294 308 307 293
f 281 295 308 294
f 296 310 309 295
f 297 311 310 296
f 298 312 311 297
f 299 313 312 298
f 300 314 313 299
f 301 315 314 300
f 302 316 315 301
f 303 317 316 302
f 304 318 317 303
f 305 319 318 304
f 306 320 319 305
f 307 321 320 306
f 308 322 321 307
f 295 309 322 308
f 310 324 323 309
f 311 325 324 310
f 312 326 325 311
f 313 327 326 312
f 314 328 327 313
f 315 329 328 314
f 316 330 329 315
f 317 331 330 316
f 318 332 331 317
f 319 333 332 318
f 320 334 333 319
f 321 335 334 320
f 322 336 335 321
f 309 323 336 322
f 324 338 337 323
f 325 339 338 324
f 326 340 339 325
f 327 341 340 326
f 328 342 341 327
f 329 343 342 328
f 330 344 343 329
f 331 345 344 330
f 332 346 345 331
f 333 347 346 332
f 334 348 347 333
f 335 349 348 334
f 336 350 349 335
f 323 337 350 336
f 338 352 351 337
f 339 353 352 338
f 340 354 353 339
f 341 355 354 340
f 342 356 355 341
f 343 357 356 342
f 344 358 357 343
f 345 359 358 344
f 346 360 359 345
f 347 361 360 346
f 348 362 361 347
f 349 363 362 348
f 350 364 363 349
f 337 351 364 350
f 352 366 365 351
f 353 367 366 352
f 354 368 367 353
f 355 369 368 354
f 356 370 369 355
f 357 371 370 356
f 358 372 371 357
f 359 373 372 358
f 360 374 373 359
f 361 375 374 360
f 362 376 375 361
f 363 377 376 362
f 364 378 377 363
f 351 365 378 364
f 366 380 379 365
f 367 381 380 366
f 368 382 381 367
f 369 383 382 368
f 370 384 383 369
f 371 385 384 370
f 372 386 385 371
f 373 387 386 372
f 374 388 387 373
f 375 389 388 374
f 376 390 389 375
f 377 391 390 376
f 378 392 391 377
f 365 379 392 378
f 380 394 393 379
f 381 395 394 380
f 382 396 395 381
f 383 397 396 382
f 384 398 397 383
f 385 399 398 384
f 386 400 399 385
f 387 401 400 386
f 388 402 401 387
f 389 403 402 388
f 390 404 403 389
f 391 405 404 390
f 392 406 405 391
f 379 393 406 392
f 394 408 407 393
f 395 409 408 394
f 396 410 409 395
f 397 411 410 396
f 398 412 411 397
f 399 413 412 398
f 400 414 413 399
f 401 415 414 400
f 402 416 415 401
f 403 417 416 402
f 404 418 417 403
f 405 419 418 404
f 406 420 419 405
f 393 407 420 406
f 408 422 421 407
f 409 423 422 408
f 410 424 423 409
f 411 425 424 410
f 412 426 425 411
f 413 427 426 412
f 414 428 427 413
f 415 429 428 414
f 416 430 429 415
f 417 431 430 416
f 418 432 431 417
f 419 433 432 418
f 420 434 433 419
f 407 421 434 420
f 422 436 435 421
f 423 437 436 422
f 424 438 437 423
f 425 439 438 424
f 426 440 439 425
f 427 441 440 426
f 428 442 441 427
f 429 443 442 428
f 430 444 443 429
f 431 445 444 430
f 432 446 445 431
f 433 447 446 432
f 434 448 447 433
f 421 435 448 434
f 436 450 449 435
f 437 451 450 436
f 438 452 451 437
f 439 453 452 438
f 440 454 453 439
f 441 455 454 440
f 442 456 455 441
f 443 457 456 442
f 444 458 457 443
f 445 459 458 444
f 446 460 459 445
f 447 461 460 446
f 448 462 461 447
f 435 449 462 448
f 450 464 463 449
f 451 465 464 450
f 452 466 465 451
f 453 467 466 452
f 454 468 467 453
f 455 469 468 454
f 456 470 469 455
f 457 471 470 456
f 458 472 471 457
f 459 473 472 458
f 460 474 473 459
f 461 475 474 460
f 462 476 475 461
f 449 463 476 462
f 464 478 477 463
f 465 479 478 464
f 466 480 479 465
f 467 481 480 466
f 468 482 481 467
f 469 483 482 468
f 470 484 483 469
f 471 485 484 470
f 472 486 485 471
f 473 487 486 472
f 474 488 487 473
f 475 489 488 474
f 476 490 489 475
f 463 477 490 476
f 478 492 491 477
f 479 493 492 478
f 480 494 493 479
f 481 495 494 480
f 482 496 495 481
f 483 497 496 482
f 484 498 497 483
f 485 499 498 484
f 486 500 499 485
f 487 501 500 486
f 488 502 501 487
f 489 503 502 488
f 490 504 503 489
f 477 491 504 490
f 492 506 505 491
f 493 507 506 492
f 494 508 507 493
f 495 509 508 494
f 496 510 509 495
f 497 511 510 496
f 498 512 511 497
f 499 513 512 498
f 500 514 513 499
f 501 515 514 500
f 502 516 515 501
f 503 517 516 502
f 504 518 517 503
f 491 505 518 504
f 506 520 519 505
f 507 521 520 506
f 508 522 521 507
f 509 523 522 508
f 510 524 523 509
f 511 525 524 510
f 512 526 525 511
f 513 527 526 512
f 514 528 527 513
f 515 529 528 514
f 516 530 529 515
f 517 531 530 516
f 518 532 531 517
f 505 519 532 518
f 520 534 533 519
f 521 535 534 520
f 522 536 535 521
f 523 537 536 522
f 524 538 537 523
f 525 539 538 524
f 526 540 539 525
f 527 541 540 526
f 528 542 541 527
f 529 543 542 528
f 530 544 543 529
f 531 545 544 530
f 532 546 545 531
f 519 533 546 532
f 534 548 547 533
f 535 549 548 534
f 536 550 549 535
f 537 551 550 536
f 538 552 551 537
f 539 553 552 538
f 540 554 553 539
f 541 555 554 540
f 542 556 555 541
f 543 557 556 542
f 544 558 557 543
f 545 559 558 544
f 546 560 559 545
f 533 547 560 546
f 548 562 561 547
f 549 563 562 548
f 550 564 563 549
f 551 565 564 550
f 552 566 565 551
f 553 567 566 552
f 554 568 567 553
f 555 569 568 554
f 556 570 569 555
f 557 571 570 556
f 558 572 571 557
f 559 573 572 558
f 560 574 573 559
f 547 561 574 560
f 562 576 575 561
f 563 577 576 562
f 564 578 577 563
f 565 579 578 564
f 566 580 579 565
f 567 581 580 566
f 568 582 581 567
f 569 583 582 568
f 570 584 583 569
f 571 585 584 570
f 572 586 585 571
f 573 587 586 572
f 574 588 587 573
f 561 575 588 574
f 576 590 589 575
f 577 591 590 576
f 578 592 591 577
f 579 593 592 578
f 580 594 593 579
f 581 595 594 580
f 582 596 595 581
f 583 597 596 582
f 584 598 597 583
f 585 599 598 584
f 586 600 599 585
f 587 601 600 586
f 588 602 601 587
f 575 589 602 588
f 590 604 603 589
f 591 605 604 590
f 592 606 605 591
f 593 607 606 592
f 594 608 607 593
f 595 609 608 594
f 596 610 609 595
f 597 611 610 596
f 598 612 611 597
f 599 613 612 598
f 600 614 613 599
f 601 615 614 600
f 602 616 615 601
f 589 603 616 602
f 604 618 617 603
f 605 619 618 604
f 606 620 619 605
f 607 621 620 606
f 608 622 621 607
f 609 623 622 608
f 610 624 623 609
f 611 625 624 610
f 612 626 625 611
f 613 627 626 612
f 614 628 627 613
f 615 629 628 614
f 616 630 629 615
f 603 617 630 616
f 618 632 631 617
f 619 633 632 618
f 620 634 633 619
f 621 635 634 620
f 622 636 635 621
f 623 637 636 622
f 624 638 637 623
f 625 639 638 624
f 626 640 639 625
f 627 641 640 626
f 628 642 641 627
f 629 643 642 628
f 630 644 643 629
f 617 631 644 630
f 632 646 645 631
f 633 647 646 632
f 634 648 647 633
f 635 649 648 634
f 636 650 649 635
f 637 651 650 636
f 638 652 651 637
f 639 653 652 638
f 640 654 653 639
f 641 655 654 640
f 642 656 655 641
f 643 657 656 642
f 644 658 657 643
f 631 645 658 644
f 646 660 659 645
f 647 661 660 646
f 648 662 661 647
f 649 663 662 648
f 650 664 663 649
f 651 665 664 650
f 652 666 665 651
f 653 667 666 652
f 654 668 667 653
f 655 669 668 654
f 656 670 669 655
f 657 671 670 656
f 658 672 671 657
f 645 659 672 658
f 660 674 673 659
f 661 675 674 660
f 662 676 675 661
f 663 677 676 662
f 664 678 677 663
f 665 679 678 664
f 666 680 679 665
f 667 681 680 666
f 668 682 681 667
f 669 683 682 668
f 670 684 683 669
f 671 685 684 670
f 672 686 685 671
f 659 673 686 672
f 674 688 687 673
f 675 689 688 674
f 676 690 689 675
f 677 691 690 676
f 678 692 691 677
f 679 693 692 678
f 680 694 693 679
f 681 695 694 680
f 682 696 695 681
f 683 697 696 682
f 684 698 697 683
f 685 699 698 684
f 686 700 699 685
f 673 687 700 686
f 688 702 701 687
f 689 703 702 688
f 690 704 703 689
f 691 705 704 690
f 692 706 705 691
f 693 707 706 692
f 694 708 707 693
f 695 709 708 694
f 696 710 709 695
f 697 711 710 696
f 698 712 711 697
f 699 713 712 698
f 700 714 713 699
f 687 701 714 700
f 702 716 715 701
f 703 717 716 702
f 704 718 717 703
f 705 719 718 704
f 706 720 719 705
f 707 721 720 706
f 708 722 721 707
f 709 723 722 708
f 710 724 723 709
f 711 725 724 710
f 712 726 725 711
f 713 727 726 712
f 714 728 727 713
f 701 715 728 714
f 716 730 729 715
f 717 731 730 716
f 718 732 731 717
f 719 733 732 718
f 720 734 733 719
f 721 735 734 720
f 722 736 735 721
f 723 737 736 722
f 724 738 737 723
f 725 739 738 724
f 726 740 739 725
f 727 741 740 726
f 728 742 741 727
f 715 729 742 728
f 730 744 743 729
f 731 745 744 730
f 732 746 745 731
f 733 747 746 732
f 734 748 747 733
f 735 749 748 734
f 736 750 749 735
f 737 751 750 736
f 738 752 751 737
f 739 753 752 738
f 740 754 753 739
f 741 755 754 740
f 742 756 755 741
f 729 743 756 742
f 744 758 757 743
f 745 759 758 744
f 746 760 759 745
f 747 761 760 746
f 748 762 761 747
f 749 763 762 748
f 750 764 763 749
f 751 765 764 750
f 752 766 765 751
f 753 767 766 752
f 754 768 767 753
f 755 769 768 754
f 756 770 769 755
f 743 757 770 756
f 758 772 771 757
f 759 773 772 758
f 760 774 773 759
f 761 775 774 760
f 762 776 775 761
f 763 777 776 762
f 764 778 777 763
f 765 779 778 764
f 766 780 779 765
f 767 781 780 766
f 768 782 781 767
f 769 783 782 768
f 770 784 783 769
f 757 771 784 770
f 772 786 785 771
f 773 787 786 772
f 774 788 787 773
f 775 789 788 774
f 776 790 789 775
f 777 791 790 776
f 778 792 791 777
f 779 793 792 778
f 780 794 793 779
f 781 795 794 780
f 782 796 795 781
f 783 797 796 782
f 784 798 797 783
f 771 785 798 784
f 786 800 799 785
f 787 801 800 786
f 788 802 801 787
f 789 803 802 788
f 790 804 803 789
f 791 805 804 790
f 792 806 805 791
f 793 807 806 792
f 794 808 807 793
f 795 809 808 794
f 796 810 809 795
f 797 811 810 796
f 798 812 811 797
f 785 799 812 798
f 800 814 813 799
f 801 815 814 800
f 802 816 815 801
f 803 817 816 802
f 804 818 817 803
f 805 819 818 804
f 806 820 819 805
f 807 821 820 806
f 808 822 821 807
f 809 823 822 808
f 810 824 823 809
f 811 825 824 810
f 812 826 825 811
f 799 813 826 812
f 814 828 827 813
f 815 829 828 814
f 816 830 829 815
f 817 831 830 816
f 818 832 831 817
f 819 833 832 818
f 820 834 833 819
f 821 835 834 820
f 822 836 835 821
f 823 837 836 822
f 824 838 837 823
f 825 839 838 824
f 826 840 839 825
f 813 827 840 826
f 828 842 841 827
f 829 843 842 828
f 830 844 843 829
f 831 845 844 830
f 832 846 845 831
f 833 847 846 832
f 834 848 847 833
f 835 849 848 834
f 836 850 849 835
f 837 851 850 836
f 838 852 851 837
f 839 853 852 838
f 840 854 853 839
f 827 841 854 840
f 842 856 855 841
f 843 857 856 842
f 844 858 857 843
f 845 859 858 844
f 846 860 859 845
f 847 861 860 846
f 848 862 861 847
f 849 863 862 848
f 850 864 863 849
f 851 865 864 850
f 852 866 865 851
f 853 867 866 852
f 854 868 867 853
f 841 855 868 854
f 856 870 869 855
f 857 871 870 856
f 858 872 871 857
f 859 873 872 858
f 860 874 873 859
f 861 875 874 860
f 862 876 875 861
f 863 877 876 862
f 864 878 877 863
f 865 879 878 864
f 866 880 879 865
f 867 881 880 866
f 868 882 881 867
f 855 869 882 868
f 870 884 883 869
f 871 885 884 870
f 872 886 885 871
f 873 887 886 872
f 874 888 887 873
f 875 889 888 874
f 876 890 889 875
f 877 891 890 876
f 878 892 891 877
f 879 893 892 878
f 880 894 893 879
f 881 895 894 880
f 882 896 895 881
f 869 883 896 882
f 884 898 897 883
f 885 899 898 884
f 886 900 899 885
f 887 901 900 886
f 888 902 901 887
f 889 903 902 888
f 890 904 903 889
f 891 905 904 890
f 892 906 905 891
f 893 907 906 892
f 894 908 907 893
f 895 909 908 894
f 896 910 909 895
f 883 897 910 896
f 898 912 911 897
f 899 913 912 898
f 900 914 913 899
f 901 915 914 900
f 902 916 915 901
f 903 917 916 902
f 904 918 917 903
f 905 919 918 904
f 906 920 919 905
f 907 921 920 906
f 908 922 921 907
f 909 923 922 908
f 910 924 923 909
f 897 911 924 910
f 912 926 925 911
f 913 927 926 912
f 914 928 927 913
f 915 929 928 914
f 916 930 929 915
f 917 931 930 916
f 918 932 931 917
f 919 933 932 918
f 920 934 933 919
f 921 935 934 920
f 922 936 935 921
f 923 937 936 922
f 924 938 937 923
f 911 925 938 924
f 926 940 939 925
f 927 941 940 926
f 928 942 941 927
f 929 943 942 928
f 930 944 943 929
f 931 945 944 930
f 932 946 945 931
f 933 947 946 932
f 934 948 947 933
f 935 949 948 934
f 936 950 949 935
f 937 951 950 936
f 938 952 951 937
f 925 939 952 938
f 940 954 953 939
f 941 955 954 940
f 942 956 955 941
f 943 957 956 942
f 944 958 957 943
f 945 959 958 944
f 946 960 959 945
f 947 961 960 946
f 948 962 961 947
f 949 963 962 948
f 950 964 963 949
f 951 965 964 950
f 952 966 965 951
f 939 953 966 952
f 954 968 967 953
f 955 969 968 954
f 956 970 969 955
f 957 971 970 956
f 958 972 971 957
f 959 973 972 958
f 960 974 973 959
f 961 975 974 960
f 962 976 975 961
f 963 977 976 962
f 964 978 977 963
f 965 979 978 964
f 966 980 979 965
f 953 967 980 966
f 968 982 981 967
f 969 983 982 968
f 970 984 983 969
f 971 985 984 970
f 972 986 985 971
f 973 987 986 972
f 974 988 987 973
f 975 989 988 974
f 976 990 989 975
f 977 991 990 976
f 978 992 991 977
f 979 993 992 978
f 980 994 993 979
f 967 981 994 980
f 982 996 995 981
f 983 997 996 982
f 984 998 997 983
f 985 999 998 984
f 986 1000 999 985
f 987 1001 1000 986
f 988 1002 1001 987
f 989 1003 1002 988
f 990 1004 1003 989
f 991 1005 1004 990
f 992 1006 1005 991
f 993 1007 1006 992
f 994 1008 1007 993
f 981 995 1008 994
f 996 2 1 995
f 997 3 2 996
f 998 4 3 997
f 999 5 4 998
f 1000 6 5 999
f 1001 7 6 1000
f 1002 8 7 1001
f 1003 9 8 1002
f 1004 10 9 1003
f 1005 11 10 1004
f 1006 12 11 1005
f 1007 13 12 1006
f 1008 14 13 1007
f 995 1 14 1008
g part1
usemtl rubber
v -0.04732 0.00000 0.05266
v -0.04701 0.01000 0.05163
v -0.04616 0.01732 0.04883
v -0.04500 0.02000 0.04500
v -0.04384 0.01732 0.04117
v -0.04299 0.01000 0.03837
v -0.04268 0.00000 0.03734
v -0.04299 -0.01000 0.03837
v -0.04384 -0.01732 0.04117
v -0.04500 -0.02000 0.04500
v -0.04616 -0.01732 0.04883
v -0.04701 -0.01000 0.05163
v -0.07578 0.00000 0.04379
v -0.07549 0.00969 0.04279
v -0.07470 0.01678 0.04007
v -0.07362 0.01938 0.03634
v -0.07255 0.01678 0.03262
v -0.07176 0.00969 0.02990
v -0.07147 0.00000 0.02890
v -0.07176 -0.00969 0.02990
v -0.07255 -0.01678 0.03262
v -0.07362 -0.01937 0.03634
v -0.07470 -0.01678 0.04007
v -0.07549 -0.00969 0.04279
v -0.10417 0.00000 0.03565
v -0.10391 0.00938 0.03468
v -0.10321 0.01624 0.03203
v -0.10225 0.01875 0.02840
v -0.10129 0.01624 0.02477
v -0.10059 0.00938 0.02212
v -0.10033 0.00000 0.02115
v -0.10059 -0.00937 0.02212
v -0.10129 -0.01624 0.02477
v -0.10225 -0.01875 0.02840
v -0.10321 -0.01624 0.03203
v -0.10391 -0.00937 0.03468
v -0.13255 0.00000 0.02827
v -0.13232 0.00906 0.02732
v -0.13171 0.01570 0.02474
v -0.13088 0.01813 0.02121
v -0.13004 0.01570 0.01769
v -0.12943 0.00906 0.01510
v -0.12920 0.00000 0.01416
v -0.12943 -0.00906 0.01510
v -0.13004 -0.01570 0.01769
v -0.13088 -0.01812 0.02121
v -0.13171 -0.01570 0.02474
v -0.13232 -0.00906 0.02732
v -0.16092 0.00000 0.02170
v -0.16073 0.00875 0.02078
v -0.16021 0.01516 0.01827
v -0.15950 0.01750 0.01484
v -0.15879 0.01516 0.01142
v -0.15827 0.00875 0.00891
v -0.15808 0.00000 0.00799
v -0.15827 -0.00875 0.00891
v -0.15879 -0.01516 0.01142
v -0.15950 -0.01750 0.01484
v -0.16021 -0.01516 0.01827
v -0.16073 -0.00875 0.02078
v -0.18928 0.00000 0.01602
v -0.18913 0.00844 0.01513
v -0.18870 0.01461 0.01269
v -0.18813 0.01688 0.00937
v -0.18755 0.01461 0.00604
v -0.18712 0.00844 0.00361
v -0.18697 0.00000 0.00272
v -0.18712 -0.00844 0.00361
v -0.18755 -0.01461 0.00604
v -0.18813 -0.01687 0.00937
v -0.18870 -0.01461 0.01269
v -0.18913 -0.00844 0.01513
v -0.21762 0.00000 0.01134
v -0.21751 0.00813 0.01048
v -0.21719 0.01407 0.00812
v -0.21675 0.01625 0.00490
v -0.21631 0.01407 0.00168
v -0.21599 0.00813 -0.00068
v -0.21588 0.00000 -0.00154
v -0.21599 -0.00812 -0.00068
v -0.21631 -0.01407 0.00168
v -0.21675 -0.01625 0.00490
v -0.21719 -0.01407 0.00812
v -0.21751 -0.00812 0.01048
v -0.24591 0.00000 0.00784
v -0.24584 0.00781 0.00701
v -0.24564 0.01353 0.00473
v -0.24538 0.01563 0.00162
v -0.24511 0.01353 -0.00150
v -0.24491 0.00781 -0.00378
v -0.24484 0.00000 -0.00461
v -0.24491 -0.00781 -0.00378
v -0.24511 -0.01353 -0.00150
v -0.24538 -0.01562 0.00162
v -0.24564 -0.01353 0.00473
v -0.24584 -0.00781 0.00701
v -0.27434 0.00000 0.00599
v -0.27429 0.00750 0.00519
v -0.27417 0.01299 0.00300
v -0.27400 0.01500 0.00000
v -0.27383 0.01299 -0.00300
v -0.27371 0.00750 -0.00519
v -0.27366 0.00000 -0.00599
v -0.27371 -0.00750 -0.00519
v -0.27383 -0.01299 -0.00300
v -0.27400 -0.01500 -0.00000
v -0.27417 -0.01299 0.00300
v -0.27429 -0.00750 0.00519
f 1010 1022 1021 1009
f 1011 1023 1022 1010
f 1012 1024 1023 1011
f 1013 1025 1024 1012
f 1014 1026 1025 1013
f 1015 1027 1026 1014
f 1016 1028 1027 1015
f 1017 1029 1028 1016
f 1018 1030 1029 1017
f 1019 1031 1030 1018
f 1020 1032 1031 1019
f 1009 1021 1032 1020
f 1022 1034 1033 1021
f 1023 1035 1034 1022
f 1024 1036 1035 1023
f 1025 1037 1036 1024
f 1026 1038 1037 1025
f 1027 1039 1038 1026
f 1028 1040 1039 1027
f 1029 1041 1040 1028
f 1030 1042 1041 1029
f 1031 1043 1042 1030
f 1032 1044 1043 1031
f 1021 1033 1044 1032
f 1034 1046 1045 1033
f 1035 1047 1046 1034
f 1036 1048 1047 1035
f 1037 1049 1048 1036
f 1038 1050 1049 1037
f 1039 1051 1050 1038
f 1040 1052 1051 1039
f 1041 1053 1052 1040
f 1042 1054 1053 1041
f 1043 1055 1054 1042
f 1044 1056 1055 1043
f 1033 1045 1056 1044
f 1046 1058 1057 1045
f 1047 1059 1058 1046
f 1048 1060 1059 1047
f 1049 1061 1060 1048
f 1050 1062 1061 1049
f 1051 1063 1062 1050
f 1052 1064 1063 1051
f 1053 1065 1064 1052
f 1054 1066 1065 1053
f 1055 1067 1066 1054
f 1056 1068 1067 1055
f 1045 1057 1068 1056
f 1058 1070 1069 1057
f 1059 1071 1070 1058
f 1060 1072 1071 1059
f 1061 1073 1072 1060
f 1062 1074 1073 1061
f 1063 1075 1074 1062
f 1064 1076 1075 1063
f 1065 1077 1076 1064
f 1066 1078 1077 1065
f 1067 1079 1078 1066
f 1068 1080 1079 1067
f 1057 1069 1080 1068
f 1070 1082 1081 1069
f 1071 1083 1082 1070
f 1072 1084 1083 1071
f 1073 1085 1084 1072
f 1074 1086 1085 1073
f 1075 1087 1086 1074
f 1076 1088 1087 1075
f 1077 1089 1088 1076
f 1078 1090 1089 1077
f 1079 1091 1090 1078
f 1080 1092 1091 1079
f 1069 1081 1092 1080
f 1082 1094 1093 1081
f 1083 1095 1094 1082
f 1084 1096 1095 1083
f 1085 1097 1096 1084
f 1086 1098 1097 1085
f 1087 1099 1098 1086
f 1088 1100 1099 1087
f 1089 1101 1100 1088
f 1090 1102 1101 1089
f 1091 1103 1102 1090
f 1092 1104 1103 1091
f 1081 1093 1104 1092
f 1094 1106 1105 1093
f 1095 1107 1106 1094
f 1096 1108 1107 1095
f 1097 1109 1108 1096
f 1098 1110 1109 1097
f 1099 1111 1110 1098
f 1100 1112 1111 1099
f 1101 1113 1112 1100
f 1102 1114 1113 1101
f 1103 1115 1114 1102
f 1104 1116 1115 1103
f 1093 1105 1116 1104
f 1020 1019 1018 1017 1016 1015 1014 1013 1012 1011 1010 1009
f 1105 1106 1107 1108 1109 1110 1111 1112 1113 1114 1115 1116
g part2
usemtl rubber
v 0.04732 0.00000 0.05266
v 0.04701 -0.01000 0.05163
v 0.04616 -0.01732 0.04883
v 0.04500 -0.02000 0.04500
v 0.04384 -0.01732 0.04117
v 0.04299 -0.01000 0.03837
v 0.04268 -0.00000 0.03734
v 0.04299 0.01000 0.03837
v 0.04384 0.01732 0.04117
v 0.04500 0.02000 0.04500
v 0.04616 0.01732 0.04883
v 0.04701 0.01000 0.05163
v 0.07578 0.00000 0.04379
v 0.07549 -0.00969 0.04279
v 0.07470 -0.01678 0.04007
v 0.07362 -0.01937 0.03634
v 0.07255 -0.01678 0.03262
v 0.07176 -0.00969 0.02990
v 0.07147 -0.00000 0.02890
v 0.07176 0.00969 0.02990
v 0.07255 0.01678 0.03262
v 0.07362 0.01937 0.03634
v 0.07470 0.01678 0.04007
v 0.07549 0.00969 0.04279
v 0.10417 0.00000 0.03565
v 0.10391 -0.00937 0.03468
v 0.10321 -0.01624 0.03203
v 0.10225 -0.01875 0.02840
v 0.10129 -0.01624 0.02477
v 0.10059 -0.00937 0.02212
v 0.10033 -0.00000 0.02115
v 0.10059 0.00937 0.02212
v 0.10129 0.01624 0.02477
v 0.10225 0.01875 0.02840
v 0.10321 0.01624 0.03203
v 0.10391 0.00938 0.03468
v 0.13255 0.00000 0.02827
v 0.13232 -0.00906 0.02732
v 0.13171 -0.01570 0.02474
v 0.13088 -0.01812 0.02121
v 0.13004 -0.01570 0.01769
v 0.12943 -0.00906 0.01510
v 0.12920 -0.00000 0.01416
v 0.12943 0.00906 0.01510
v 0.13004 0.01570 0.01769
v 0.13088 0.01812 0.02121
v 0.13171 0.01570 0.02474
v 0.13232 0.00906 0.02732
v 0.16092 0.00000 0.02170
v 0.16073 -0.00875 0.02078
v 0.16021 -0.01516 0.01827
v 0.15950 -0.01750 0.01484
v 0.15879 -0.01516 0.01142
v 0.15827 -0.00875 0.00891
v 0.15808 -0.00000 0.00799
v 0.15827 0.00875 0.00891
v 0.15879 0.01516 0.01142
v 0.15950 0.01750 0.01484
v 0.16021 0.01516 0.01827
v 0.16073 0.00875 0.02078
v 0.18928 0.00000 0.01602
v 0.18913 -0.00844 0.01513
v 0.18870 -0.01461 0.01269
v 0.18813 -0.01688 0.00937
v 0.18755 -0.01461 0.00604
v 0.18712 -0.00844 0.00361
v 0.18697 -0.00000 0.00272
v 0.18712 0.00844 0.00361
v 0.18755 0.01461 0.00604
v 0.18813 0.01688 0.00937
v 0.18870 0.01461 0.01269
v 0.18913 0.00844 0.01513
v 0.21762 0.00000 0.01134
v 0.21751 -0.00812 0.01048
v 0.21719 -0.01407 0.00812
v 0.21675 -0.01625 0.00490
v 0.21631 -0.01407 0.00168
v 0.21599 -0.00812 -0.00068
v 0.21588 -0.00000 -0.00154
v 0.21599 0.00812 -0.00068
v 0.21631 0.01407 0.00168
v 0.21675 0.01625 0.00490
v 0.21719 0.01407 0.00812
v 0.21751 0.00813 0.01048
v 0.24591 0.00000 0.00784
v 0.24584 -0.00781 0.00701
v 0.24564 -0.01353 0.00473
v 0.24538 -0.01562 0.00162
v 0.24511 -0.01353 -0.00150
v 0.24491 -0.00781 -0.00378
v 0.24484 -0.00000 -0.00461
v 0.24491 0.00781 -0.00378
v 0.24511 0.01353 -0.00150
v 0.24538 0.01562 0.00162
v 0.24564 0.01353 0.00473
v 0.24584 0.00781 0.00701
v 0.27434 0.00000 0.00599
v 0.27429 -0.00750 0.00519
v 0.27417 -0.01299 0.00300
v 0.27400 -0.01500 0.00000
v 0.27383 -0.01299 -0.00300
v 0.27371 -0.00750 -0.00519
v 0.27366 -0.00000 -0.00599
v 0.27371 0.00750 -0.00519
v 0.27383 0.01299 -0.00300
v 0.27400 0.01500 -0.00000
v 0.27417 0.01299 0.00300
v 0.27429 0.00750 0.00519
f 1118 1130 1129 1117
f 1119 1131 1130 1118
f 1120 1132 1131 1119
f 1121 1133 1132 1120
f 1122 1134 1133 1121
f 1123 1135 1134 1122
f 1124 1136 1135 1123
f 1125 1137 1136 1124
f 1126 1138 1137 1125
f 1127 1139 1138 1126
f 1128 1140 1139 1127
f 1117 1129 1140 1128
f 1130 1142 1141 1129
f 1131 1143 1142 1130
f 1132 1144 1143 1131
f 1133 1145 1144 1132
f 1134 1146 1145 1133
f 1135 1147 1146 1134
f 1136 1148 1147 1135
f 1137 1149 1148 1136
f 1138 1150 1149 1137
f 1139 1151 1150 1138
f 1140 1152 1151 1139
f 1129 1141 1152 1140
f 1142 1154 1153 1141
f 1143 1155 1154 1142
f 1144 1156 1155 1143
f 1145 1157 1156 1144
f 1146 1158 1157 1145
f 1147 1159 1158 1146
f 1148 1160 1159 1147
f 1149 1161 1160 1148
f 1150 1162 1161 1149
f 1151 1163 1162 1150
f 1152 1164 1163 1151
f 1141 1153 1164 1152
f 1154 1166 1165 1153
f 1155 1167 1166 1154
f 1156 1168 1167 1155
f 1157 1169 1168 1156
f 1158 1170 1169 1157
f 1159 1171 1170 1158
f 1160 1172 1171 1159
f 1161 1173 1172 1160
f 1162 1174 1173 1161
f 1163 1175 1174 1162
f 1164 1176 1175 1163
f 1153 1165 1176 1164
f 1166 1178 1177 1165
f 1167 1179 1178 1166
f 1168 1180 1179 1167
f 1169 1181 1180 1168
f 1170 1182 1181 1169
f 1171 1183 1182 1170
f 1172 1184 1183 1171
f 1173 1185 1184 1172
f 1174 1186 1185 1173
f 1175 1187 1186 1174
f 1176 1188 1187 1175
f 1165 1177 1188 1176
f 1178 1190 1189 1177
f 1179 1191 1190 1178
f 1180 1192 1191 1179
f 1181 1193 1192 1180
f 1182 1194 1193 1181
f 1183 1195 1194 1182
f 1184 1196 1195 1183
f 1185 1197 1196 1184
f 1186 1198 1197 1185
f 1187 1199 1198 1186
f 1188 1200 1199 1187
f 1177 1189 1200 1188
f 1190 1202 1201 1189
f 1191 1203 1202 1190
f 1192 1204 1203 1191
f 1193 1205 1204 1192
f 1194 1206 1205 1193
f 1195 1207 1206 1194
f 1196 1208 1207 1195
f 1197 1209 1208 1196
f 1198 1210 1209 1197
f 1199 1211 1210 1198
f 1200 1212 1211 1199
f 1189 1201 1212 1200
f 1202 1214 1213 1201
f 1203 1215 1214 1202
f 1204 1216 1215 1203
f 1205 1217 1216 1204
f 1206 1218 1217 1205
f 1207 1219 1218 1206
f 1208 1220 1219 1207
f 1209 1221 1220 1208
f 1210 1222 1221 1209
f 1211 1223 1222 1210
f 1212 1224 1223 1211
f 1201 1213 1224 1212
f 1128 1127 1126 1125 1124 1123 1122 1121 1120 1119 1118 1117
f 1213 1214 1215 1216 1217 1218 1219 1220 1221 1222 1223 1224
g part3
usemtl rubber
v -0.00000 -0.04732 0.05266
v -0.01000 -0.04701 0.05163
v -0.01732 -0.04616 0.04883
v -0.02000 -0.04500 0.04500
v -0.01732 -0.04384 0.04117
v -0.01000 -0.04299 0.03837
v -0.00000 -0.04268 0.03734
v 0.01000 -0.04299 0.03837
v 0.01732 -0.04384 0.04117
v 0.02000 -0.04500 0.04500
v 0.01732 -0.04616 0.04883
v 0.01000 -0.04701 0.05163
v -0.00000 -0.07578 0.04379
v -0.00969 -0.07549 0.04279
v -0.01678 -0.07470 0.04007
v -0.01938 -0.07362 0.03634
v -0.01678 -0.07255 0.03262
v -0.00969 -0.07176 0.02990
v -0.00000 -0.07147 0.02890
v 0.00969 -0.07176 0.02990
v 0.01678 -0.07255 0.03262
v 0.01937 -0.07362 0.03634
v 0.01678 -0.07470 0.04007
v 0.00969 -0.07549 0.04279
v -0.00000 -0.10417 0.03565
v -0.00938 -0.10391 0.03468
v -0.01624 -0.10321 0.03203
v -0.01875 -0.10225 0.02840
v -0.01624 -0.10129 0.02477
v -0.00938 -0.10059 0.02212
v -0.00000 -0.10033 0.02115
v 0.00937 -0.10059 0.02212
v 0.01624 -0.10129 0.02477
v 0.01875 -0.10225 0.02840
v 0.01624 -0.10321 0.03203
v 0.00937 -0.10391 0.03468
v -0.00000 -0.13255 0.02827
v -0.00906 -0.13232 0.02732
v -0.01570 -0.13171 0.02474
v -0.01813 -0.13088 0.02121
v -0.01570 -0.13004 0.01769
v -0.00906 -0.12943 0.01510
v -0.00000 -0.12920 0.01416
v 0.00906 -0.12943 0.01510
v 0.01570 -0.13004 0.01769
v 0.01812 -0.13088 0.02121
v 0.01570 -0.13171 0.02474
v 0.00906 -0.13232 0.02732
v -0.00000 -0.16092 0.02170
v -0.00875 -0.16073 0.02078
v -0.01516 -0.16021 0.01827
v -0.01750 -0.15950 0.01484
v -0.01516 -0.15879 0.01142
v -0.00875 -0.15827 0.00891
v -0.00000 -0.15808 0.00799
v 0.00875 -0.15827 0.00891
v 0.01516 -0.15879 0.01142
v 0.01750 -0.15950 0.01484
v 0.01516 -0.16021 0.01827
v 0.00875 -0.16073 0.02078
v -0.00000 -0.18928 0.01602
v -0.00844 -0.18913 0.01513
v -0.01461 -0.18870 0.01269
v -0.01688 -0.18813 0.00937
v -0.01461 -0.18755 0.00604
v -0.00844 -0.18712 0.00361
v -0.00000 -0.18697 0.00272
v 0.00844 -0.18712 0.00361
v 0.01461 -0.18755 0.00604
v 0.01687 -0.18813 0.00937
v 0.01461 -0.18870 0.01269
v 0.00844 -0.18913 0.01513
v -0.00000 -0.21762 0.01134
v -0.00813 -0.21751 0.01048
v -0.01407 -0.21719 0.00812
v -0.01625 -0.21675 0.00490
v -0.01407 -0.21631 0.00168
v -0.00813 -0.21599 -0.00068
v -0.00000 -0.21588 -0.00154
v 0.00812 -0.21599 -0.00068
v 0.01407 -0.21631 0.00168
v 0.01625 -0.21675 0.00490
v 0.01407 -0.21719 0.00812
v 0.00812 -0.21751 0.01048
v -0.00000 -0.24591 0.00784
v -0.00781 -0.24584 0.00701
v -0.01353 -0.24564 0.00473
v -0.01563 -0.24538 0.00162
v -0.01353 -0.24511 -0.00150
v -0.00781 -0.24491 -0.00378
v -0.00000 -0.24484 -0.00461
v 0.00781 -0.24491 -0.00378
v 0.01353 -0.24511 -0.00150
v 0.01562 -0.24538 0.00162
v 0.01353 -0.24564 0.00473
v 0.00781 -0.24584 0.00701
v -0.00000 -0.27434 0.00599
v -0.00750 -0.27429 0.00519
v -0.01299 -0.27417 0.00300
v -0.01500 -0.27400 0.00000
v -0.01299 -0.27383 -0.00300
v -0.00750 -0.27371 -0.00519
v -0.00000 -0.27366 -0.00599
v 0.00750 -0.27371 -0.00519
v 0.01299 -0.27383 -0.00300
v 0.01500 -0.27400 -0.00000
v 0.01299 -0.27417 0.00300
v 0.00750 -0.27429 0.00519
f 1226 1238 1237 1225
f 1227 1239 1238 1226
f 1228 1240 1239 1227
f 1229 1241 1240 1228
f 1230 1242 1241 1229
f 1231 1243 1242 1230
f 1232 1244 1243 1231
f 1233 1245 1244 1232
f 1234 1246 1245 1233
f 1235 1247 1246 1234
f 1236 1248 1247 1235
f 1225 1237 1248 1236
f 1238 1250 1249 1237
f 1239 1251 1250 1238
f 1240 1252 1251 1239
f 1241 1253 1252 1240
f 1242 1254 1253 1241
f 1243 1255 1254 1242
f 1244 1256 1255 1243
f 1245 1257 1256 1244
f 1246 1258 1257 1245
f 1247 1259 1258 1246
f 1248 1260 1259 1247
f 1237 1249 1260 1248
f 1250 1262 1261 1249
f 1251 1263 1262 1250
f 1252 1264 1263 1251
f 1253 1265 1264 1252
f 1254 1266 1265 1253
f 1255 1267 1266 1254
f 1256 1268 1267 1255
f 1257 1269 1268 1256
f 1258 1270 1269 1257
f 1259 1271 1270 1258
f 1260 1272 1271 1259
f 1249 1261 1272 1260
f 1262 1274 1273 1261
f 1263 1275 1274 1262
f 1264 1276 1275 1263
f 1265 1277 1276 1264
f 1266 1278 1277 1265
f 1267 1279 1278 1266
f 1268 1280 1279 1267
f 1269 1281 1280 1268
f 1270 1282 1281 1269
f 1271 1283 1282 1270
f 1272 1284 1283 1271
f 1261 1273 1284 1272
f 1274 1286 1285 1273
f 1275 1287 1286 1274
f 1276 1288 1287 1275
f 1277 1289 1288 1276
f 1278 1290 1289 1277
f 1279 1291 1290 1278
f 1280 1292 1291 1279
f 1281 1293 1292 1280
f 1282 1294 1293 1281
f 1283 1295 1294 1282
f 1284 1296 1295 1283
f 1273 1285 1296 1284
f 1286 1298 1297 1285
f 1287 1299 1298 1286
f 1288 1300 1299 1287
f 1289 1301 1300 1288
f 1290 1302 1301 1289
f 1291 1303 1302 1290
f 1292 1304 1303 1291
f 1293 1305 1304 1292
f 1294 1306 1305 1293
f 1295 1307 1306 1294
f 1296 1308 1307 1295
f 1285 1297 1308 1296
f 1298 1310 1309 1297
f 1299 1311 1310 1298
f 1300 1312 1311 1299
f 1301 1313 1312 1300
f 1302 1314 1313 1301
f 1303 1315 1314 1302
f 1304 1316 1315 1303
f 1305 1317 1316 1304
f 1306 1318 1317 1305
f 1307 1319 1318 1306
f 1308 1320 1319 1307
f 1297 1309 1320 1308
f 1310 1322 1321 1309
f 1311 1323 1322 1310
f 1312 1324 1323 1311
f 1313 1325 1324 1312
f 1314 1326 1325 1313
f 1315 1327 1326 1314
f 1316 1328 1327 1315
f 1317 1329 1328 1316
f 1318 1330 1329 1317
f 1319 1331 1330 1318
f 1320 1332 1331 1319
f 1309 1321 1332 1320
f 1236 1235 1234 1233 1232 1231 1230 1229 1228 1227 1226 1225
f 1321 1322 1323 1324 1325 1326 1327 1328 1329 1330 1331 1332
g part4
usemtl rubber
v 0.00000 0.00000 0.07100
v 0.00000 0.00000 0.07100
v 0.00000 0.00000 0.07100
v 0.00000 0.00000 0.07100
v 0.00000 0.00000 0.07100
v 0.00000 0.00000 0.07100
v 0.00000 0.00000 0.07100
v 0.00000 0.00000 0.07100
v 0.00000 0.00000 0.07100
v 0.00000 0.00000 0.07100
v -0.00000 0.00000 0.07100
v -0.00000 0.00000 0.07100
v -0.00000 0.00000 0.07100
v -0.00000 0.00000 0.07100
v -0.00000 0.00000 0.07100
v -0.00000 0.00000 0.07100
v -0.00000 0.00000 0.07100
v -0.00000 0.00000 0.07100
v -0.00000 0.00000 0.07100
v -0.00000 -0.00000 0.07100
v -0.00000 -0.00000 0.07100
v -0.00000 -0.00000 0.07100
v -0.00000 -0.00000 0.07100
v -0.00000 -0.00000 0.07100
v -0.00000 -0.00000 0.07100
v -0.00000 -0.00000 0.07100
v -0.00000 -0.00000 0.07100
v -0.00000 -0.00000 0.07100
v 0.00000 -0.00000 0.07100
v 0.00000 -0.00000 0.07100
v 0.00000 -0.00000 0.07100
v 0.00000 -0.00000 0.07100
v 0.00000 -0.00000 0.07100
v 0.00000 -0.00000 0.07100
v 0.00000 -0.00000 0.07100
v 0.00000 -0.00000 0.07100
v 0.03000 0.00000 0.06700
v 0.02954 0.00521 0.06700
v 0.02819 0.01026 0.06700
v 0.02598 0.01500 0.06700
v 0.02298 0.01928 0.06700
v 0.01928 0.02298 0.06700
v 0.01500 0.02598 0.06700
v 0.01026 0.02819 0.06700
v 0.00521 0.02954 0.06700
v 0.00000 0.03000 0.06700
v -0.00521 0.02954 0.06700
v -0.01026 0.02819 0.06700
v -0.01500 0.02598 0.06700
v -0.01928 0.02298 0.06700
v -0.02298 0.01928 0.06700
v -0.02598 0.01500 0.06700
v -0.02819 0.01026 0.06700
v -0.02954 0.00521 0.06700
v -0.03000 0.00000 0.06700
v -0.02954 -0.00521 0.06700
v -0.02819 -0.01026 0.06700
v -0.02598 -0.01500 0.06700
v -0.02298 -0.01928 0.06700
v -0.01928 -0.02298 0.06700
v -0.01500 -0.02598 0.06700
v -0.01026 -0.02819 0.06700
v -0.00521 -0.02954 0.06700
v -0.00000 -0.03000 0.06700
v 0.00521 -0.02954 0.06700
v 0.01026 -0.02819 0.06700
v 0.01500 -0.02598 0.06700
v 0.01928 -0.02298 0.06700
v 0.02298 -0.01928 0.06700
v 0.02598 -0.01500 0.06700
v 0.02819 -0.01026 0.06700
v 0.02954 -0.00521 0.06700
v 0.05200 0.00000 0.05500
v 0.05121 0.00903 0.05500
v 0.04886 0.01779 0.05500
v 0.04503 0.02600 0.05500
v 0.03983 0.03342 0.05500
v 0.03342 0.03983 0.05500
v 0.02600 0.04503 0.05500
v 0.01779 0.04886 0.05500
v 0.00903 0.05121 0.05500
v 0.00000 0.05200 0.05500
v -0.00903 0.05121 0.05500
v -0.01779 0.04886 0.05500
v -0.02600 0.04503 0.05500
v -0.03342 0.03983 0.05500
v -0.03983 0.03342 0.05500
v -0.04503 0.02600 0.05500
v -0.04886 0.01779 0.05500
v -0.05121 0.00903 0.05500
v -0.05200 0.00000 0.05500
v -0.05121 -0.00903 0.05500
v -0.04886 -0.01779 0.05500
v -0.04503 -0.02600 0.05500
v -0.03983 -0.03342 0.05500
v -0.03342 -0.03983 0.05500
v -0.02600 -0.04503 0.05500
v -0.01779 -0.04886 0.05500
v -0.00903 -0.05121 0.05500
v -0.00000 -0.05200 0.05500
v 0.00903 -0.05121 0.05500
v 0.01779 -0.04886 0.05500
v 0.02600 -0.04503 0.05500
v 0.03342 -0.03983 0.05500
v 0.03983 -0.03342 0.05500
v 0.04503 -0.02600 0.05500
v 0.04886 -0.01779 0.05500
v 0.05121 -0.00903 0.05500
v 0.05800 0.00000 0.04100
v 0.05712 0.01007 0.04100
v 0.05450 0.01984 0.04100
v 0.05023 0.02900 0.04100
v 0.04443 0.03728 0.04100
v 0.03728 0.04443 0.04100
v 0.02900 0.05023 0.04100
v 0.01984 0.05450 0.04100
v 0.01007 0.05712 0.04100
v 0.00000 0.05800 0.04100
v -0.01007 0.05712 0.04100
v -0.01984 0.05450 0.04100
v -0.02900 0.05023 0.04100
v -0.03728 0.04443 0.04100
v -0.04443 0.03728 0.04100
v -0.05023 0.02900 0.04100
v -0.05450 0.01984 0.04100
v -0.05712 0.01007 0.04100
v -0.05800 0.00000 0.04100
v -0.05712 -0.01007 0.04100
v -0.05450 -0.01984 0.04100
v -0.05023 -0.02900 0.04100
v -0.04443 -0.03728 0.04100
v -0.03728 -0.04443 0.04100
v -0.02900 -0.05023 0.04100
v -0.01984 -0.05450 0.04100
v -0.01007 -0.05712 0.04100
v -0.00000 -0.05800 0.04100
v 0.01007 -0.05712 0.04100
v 0.01984 -0.05450 0.04100
v 0.02900 -0.05023 0.04100
v 0.03728 -0.04443 0.04100
v 0.04443 -0.03728 0.04100
v 0.05023 -0.02900 0.04100
v 0.05450 -0.01984 0.04100
v 0.05712 -0.01007 0.04100
v 0.05000 0.00000 0.02500
v 0.04924 0.00868 0.02500
v 0.04698 0.01710 0.02500
v 0.04330 0.02500 0.02500
v 0.03830 0.03214 0.02500
v 0.03214 0.03830 0.02500
v 0.02500 0.04330 0.02500
v 0.01710 0.04698 0.02500
v 0.00868 0.04924 0.02500
v 0.00000 0.05000 0.02500
v -0.00868 0.04924 0.02500
v -0.01710 0.04698 0.02500
v -0.02500 0.04330 0.02500
v -0.03214 0.03830 0.02500
v -0.03830 0.03214 0.02500
v -0.04330 0.02500 0.02500
v -0.04698 0.01710 0.02500
v -0.04924 0.00868 0.02500
v -0.05000 0.00000 0.02500
v -0.04924 -0.00868 0.02500
v -0.04698 -0.01710 0.02500
v -0.04330 -0.02500 0.02500
v -0.03830 -0.03214 0.02500
v -0.03214 -0.03830 0.02500
v -0.02500 -0.04330 0.02500
v -0.01710 -0.04698 0.02500
v -0.00868 -0.04924 0.02500
v -0.00000 -0.05000 0.02500
v 0.00868 -0.04924 0.02500
v 0.01710 -0.04698 0.02500
v 0.02500 -0.04330 0.02500
v 0.03214 -0.03830 0.02500
v 0.03830 -0.03214 0.02500
v 0.04330 -0.02500 0.02500
v 0.04698 -0.01710 0.02500
v 0.04924 -0.00868 0.02500
v 0.00000 0.00000 0.02500
v 0.00000 0.00000 0.02500
v 0.00000 0.00000 0.02500
v 0.00000 0.00000 0.02500
v 0.00000 0.00000 0.02500
v 0.00000 0.00000 0.02500
v 0.00000 0.00000 0.02500
v 0.00000 0.00000 0.02500
v 0.00000 0.00000 0.02500
v 0.00000 0.00000 0.02500
v -0.00000 0.00000 0.02500
v -0.00000 0.00000 0.02500
v -0.00000 0.00000 0.02500
v -0.00000 0.00000 0.02500
v -0.00000 0.00000 0.02500
v -0.00000 0.00000 0.02500
v -0.00000 0.00000 0.02500
v -0.00000 0.00000 0.02500
v -0.00000 0.00000 0.02500
v -0.00000 -0.00000 0.02500
v -0.00000 -0.00000 0.02500
v -0.00000 -0.00000 0.02500
v -0.00000 -0.00000 0.02500
v -0.00000 -0.00000 0.02500
v -0.00000 -0.00000 0.02500
v -0.00000 -0.00000 0.02500
v -0.00000 -0.00000 0.02500
v -0.00000 -0.00000 0.02500
v 0.00000 -0.00000 0.02500
v 0.00000 -0.00000 0.02500
v 0.00000 -0.00000 0.02500
v 0.00000 -0.00000 0.02500
v 0.00000 -0.00000 0.02500
v 0.00000 -0.00000 0.02500
v 0.00000 -0.00000 0.02500
v 0.00000 -0.00000 0.02500
f 1369 1370 1333
f 1370 1371 1333
f 1371 1372 1333
f 1372 1373 1333
f 1373 1374 1333
f 1374 1375 1333
f 1375 1376 1333
f 1376 1377 1333
f 1377 1378 1333
f 1378 1379 1333
f 1379 1380 1333
f 1380 1381 1333
f 1381 1382 1333
f 1382 1383 1333
f 1383 1384 1333
f 1384 1385 1333
f 1385 1386 1333
f 1386 1387 1333
f 1387 1388 1333
f 1388 1389 1333
f 1389 1390 1333
f 1390 1391 1333
f 1391 1392 1333
f 1392 1393 1333
f 1393 1394 1333
f 1394 1395 1333
f 1395 1396 1333
f 1396 1397 1333
f 1397 1398 1333
f 1398 1399 1333
f 1399 1400 1333
f 1400 1401 1333
f 1401 1402 1333
f 1402 1403 1333
f 1403 1404 1333
f 1404 1369 1333
f 1405 1406 1370 1369
f 1406 1407 1371 1370
f 1407 1408 1372 1371
f 1408 1409 1373 1372
f 1409 1410 1374 1373
f 1410 1411 1375 1374
f 1411 1412 1376 1375
f 1412 1413 1377 1376
f 1413 1414 1378 1377
f 1414 1415 1379 1378
f 1415 1416 1380 1379
f 1416 1417 1381 1380
f 1417 1418 1382 1381
f 1418 1419 1383 1382
f 1419 1420 1384 1383
f 1420 1421 1385 1384
f 1421 1422 1386 1385
f 1422 1423 1387 1386
f 1423 1424 1388 1387
f 1424 1425 1389 1388
f 1425 1426 1390 1389
f 1426 1427 1391 1390
f 1427 1428 1392 1391
f 1428 1429 1393 1392
f 1429 1430 1394 1393
f 1430 1431 1395 1394
f 1431 1432 1396 1395
f 1432 1433 1397 1396
f 1433 1434 1398 1397
f 1434 1435 1399 1398
f 1435 1436 1400 1399
f 1436 1437 1401 1400
f 1437 1438 1402 1401
f 1438 1439 1403 1402
f 1439 1440 1404 1403
f 1440 1405 1369 1404
f 1441 1442 1406 1405
f 1442 1443 1407 1406
f 1443 1444 1408 1407
f 1444 1445 1409 1408
f 1445 1446 1410 1409
f 1446 1447 1411 1410
f 1447 1448 1412 1411
f 1448 1449 1413 1412
f 1449 1450 1414 1413
f 1450 1451 1415 1414
f 1451 1452 1416 1415
f 1452 1453 1417 1416
f 1453 1454 1418 1417
f 1454 1455 1419 1418
f 1455 1456 1420 1419
f 1456 1457 1421 1420
f 1457 1458 1422 1421
f 1458 1459 1423 1422
f 1459 1460 1424 1423
f 1460 1461 1425 1424
f 1461 1462 1426 1425
f 1462 1463 1427 1426
f 1463 1464 1428 1427
f 1464 1465 1429 1428
f 1465 1466 1430 1429
f 1466 1467 1431 1430
f 1467 1468 1432 1431
f 1468 1469 1433 1432
f 1469 1470 1434 1433
f 1470 1471 1435 1434
f 1471 1472 1436 1435
f 1472 1473 1437 1436
f 1473 1474 1438 1437
f 1474 1475 1439 1438
f 1475 1476 1440 1439
f 1476 1441 1405 1440
f 1477 1478 1442 1441
f 1478 1479 1443 1442
f 1479 1480 1444 1443
f 1480 1481 1445 1444
f 1481 1482 1446 1445
f 1482 1483 1447 1446
f 1483 1484 1448 1447
f 1484 1485 1449 1448
f 1485 1486 1450 1449
f 1486 1487 1451 1450
f 1487 1488 1452 1451
f 1488 1489 1453 1452
f 1489 1490 1454 1453
f 1490 1491 1455 1454
f 1491 1492 1456 1455
f 1492 1493 1457 1456
f 1493 1494 1458 1457
f 1494 1495 1459 1458
f 1495 1496 1460 1459
f 1496 1497 1461 1460
f 1497 1498 1462 1461
f 1498 1499 1463 1462
f 1499 1500 1464 1463
f 1500 1501 1465 1464
f 1501 1502 1466 1465
f 1502 1503 1467 1466
f 1503 1504 1468 1467
f 1504 1505 1469 1468
f 1505 1506 1470 1469
f 1506 1507 1471 1470
f 1507 1508 1472 1471
f 1508 1509 1473 1472
f 1509 1510 1474 1473
f 1510 1511 1475 1474
f 1511 1512 1476 1475
f 1512 1477 1441 1476
f 1513 1478 1477
f 1513 1479 1478
f 1513 1480 1479
f 1513 1481 1480
f 1513 1482 1481
f 1513 1483 1482
f 1513 1484 1483
f 1513 1485 1484
f 1513 1486 1485
f 1513 1487 1486
f 1513 1488 1487
f 1513 1489 1488
f 1513 1490 1489
f 1513 1491 1490
f 1513 1492 1491
f 1513 1493 1492
f 1513 1494 1493
f 1513 1495 1494
f 1513 1496 1495
f 1513 1497 1496
f 1513 1498 1497
f 1513 1499 1498
f 1513 1500 1499
f 1513 1501 1500
f 1513 1502 1501
f 1513 1503 1502
f 1513 1504 1503
f 1513 1505 1504
f 1513 1506 1505
f 1513 1507 1506
f 1513 1508 1507
f 1513 1509 1508
f 1513 1510 1509
f 1513 1511 1510
f 1513 1512 1511
f 1513 1477 1512
g part5
usemtl chrome
v 0.00000 0.00000 0.07250
v 0.00000 0.00000 0.07250
v 0.00000 0.00000 0.07250
v 0.00000 0.00000 0.07250
v 0.00000 0.00000 0.07250
v 0.00000 0.00000 0.07250
v 0.00000 0.00000 0.07250
v 0.00000 0.00000 0.07250
v 0.00000 0.00000 0.07250
v 0.00000 0.00000 0.07250
v -0.00000 0.00000 0.07250
v -0.00000 0.00000 0.07250
v -0.00000 0.00000 0.07250
v -0.00000 0.00000 0.07250
v -0.00000 0.00000 0.07250
v -0.00000 0.00000 0.07250
v -0.00000 0.00000 0.07250
v -0.00000 0.00000 0.07250
v -0.00000 0.00000 0.07250
v -0.00000 -0.00000 0.07250
v -0.00000 -0.00000 0.07250
v -0.00000 -0.00000 0.07250
v -0.00000 -0.00000 0.07250
v -0.00000 -0.00000 0.07250
v -0.00000 -0.00000 0.07250
v -0.00000 -0.00000 0.07250
v -0.00000 -0.00000 0.07250
v -0.00000 -0.00000 0.07250
v 0.00000 -0.00000 0.07250
v 0.00000 -0.00000 0.07250
v 0.00000 -0.00000 0.07250
v 0.00000 -0.00000 0.07250
v 0.00000 -0.00000 0.07250
v 0.00000 -0.00000 0.07250
v 0.00000 -0.00000 0.07250
v 0.00000 -0.00000 0.07250
v 0.02200 0.00000 0.06900
v 0.02167 0.00382 0.06900
v 0.02067 0.00752 0.06900
v 0.01905 0.01100 0.06900
v 0.01685 0.01414 0.06900
v 0.01414 0.01685 0.06900
v 0.01100 0.01905 0.06900
v 0.00752 0.02067 0.06900
v 0.00382 0.02167 0.06900
v 0.00000 0.02200 0.06900
v -0.00382 0.02167 0.06900
v -0.00752 0.02067 0.06900
v -0.01100 0.01905 0.06900
v -0.01414 0.01685 0.06900
v -0.01685 0.01414 0.06900
v -0.01905 0.01100 0.06900
v -0.02067 0.00752 0.06900
v -0.02167 0.00382 0.06900
v -0.02200 0.00000 0.06900
v -0.02167 -0.00382 0.06900
v -0.02067 -0.00752 0.06900
v -0.01905 -0.01100 0.06900
v -0.01685 -0.01414 0.06900
v -0.01414 -0.01685 0.06900
v -0.01100 -0.01905 0.06900
v -0.00752 -0.02067 0.06900
v -0.00382 -0.02167 0.06900
v -0.00000 -0.02200 0.06900
v 0.00382 -0.02167 0.06900
v 0.00752 -0.02067 0.06900
v 0.01100 -0.01905 0.06900
v 0.01414 -0.01685 0.06900
v 0.01685 -0.01414 0.06900
v 0.01905 -0.01100 0.06900
v 0.02067 -0.00752 0.06900
v 0.02167 -0.00382 0.06900
v 0.02600 0.00000 0.06500
v 0.02561 0.00451 0.06500
v 0.02443 0.00889 0.06500
v 0.02252 0.01300 0.06500
v 0.01992 0.01671 0.06500
v 0.01671 0.01992 0.06500
v 0.01300 0.02252 0.06500
v 0.00889 0.02443 0.06500
v 0.00451 0.02561 0.06500
v 0.00000 0.02600 0.06500
v -0.00451 0.02561 0.06500
v -0.00889 0.02443 0.06500
v -0.01300 0.02252 0.06500
v -0.01671 0.01992 0.06500
v -0.01992 0.01671 0.06500
v -0.02252 0.01300 0.06500
v -0.02443 0.00889 0.06500
v -0.02561 0.00451 0.06500
v -0.02600 0.00000 0.06500
v -0.02561 -0.00451 0.06500
v -0.02443 -0.00889 0.06500
v -0.02252 -0.01300 0.06500
v -0.01992 -0.01671 0.06500
v -0.01671 -0.01992 0.06500
v -0.01300 -0.02252 0.06500
v -0.00889 -0.02443 0.06500
v -0.00451 -0.02561 0.06500
v -0.00000 -0.02600 0.06500
v 0.00451 -0.02561 0.06500
v 0.00889 -0.02443 0.06500
v 0.01300 -0.02252 0.06500
v 0.01671 -0.01992 0.06500
v 0.01992 -0.01671 0.06500
v 0.02252 -0.01300 0.06500
v 0.02443 -0.00889 0.06500
v 0.02561 -0.00451 0.06500
v 0.00000 0.00000 0.06500
v 0.00000 0.00000 0.06500
v 0.00000 0.00000 0.06500
v 0.00000 0.00000 0.06500
v 0.00000 0.00000 0.06500
v 0.00000 0.00000 0.06500
v 0.00000 0.00000 0.06500
v 0.00000 0.00000 0.06500
v 0.00000 0.00000 0.06500
v 0.00000 0.00000 0.06500
v -0.00000 0.00000 0.06500
v -0.00000 0.00000 0.06500
v -0.00000 0.00000 0.06500
v -0.00000 0.00000 0.06500
v -0.00000 0.00000 0.06500
v -0.00000 0.00000 0.06500
v -0.00000 0.00000 0.06500
v -0.00000 0.00000 0.06500
v -0.00000 0.00000 0.06500
v -0.00000 -0.00000 0.06500
v -0.00000 -0.00000 0.06500
v -0.00000 -0.00000 0.06500
v -0.00000 -0.00000 0.06500
v -0.00000 -0.00000 0.06500
v -0.00000 -0.00000 0.06500
v -0.00000 -0.00000 0.06500
v -0.00000 -0.00000 0.06500
v -0.00000 -0.00000 0.06500
v 0.00000 -0.00000 0.06500
v 0.00000 -0.00000 0.06500
v 0.00000 -0.00000 0.06500
v 0.00000 -0.00000 0.06500
v 0.00000 -0.00000 0.06500
v 0.00000 -0.00000 0.06500
v 0.00000 -0.00000 0.06500
v 0.00000 -0.00000 0.06500
f 1585 1586 1549
f 1586 1587 1549
f 1587 1588 1549
f 1588 1589 1549
f 1589 1590 1549
f 1590 1591 1549
f 1591 1592 1549
f 1592 1593 1549
f 1593 1594 1549
f 1594 1595 1549
f 1595 1596 1549
f 1596 1597 1549
f 1597 1598 1549
f 1598 1599 1549
f 1599 1600 1549
f 1600 1601 1549
f 1601 1602 1549
f 1602 1603 1549
f 1603 1604 1549
f 1604 1605 1549
f 1605 1606 1549
f 1606 1607 1549
f 1607 1608 1549
f 1608 1609 1549
f 1609 1610 1549
f 1610 1611 1549
f 1611 1612 1549
f 1612 1613 1549
f 1613 1614 1549
f 1614 1615 1549
f 1615 1616 1549
f 1616 1617 1549
f 1617 1618 1549
f 1618 1619 1549
f 1619 1620 1549
f 1620 1585 1549
f 1621 1622 1586 1585
f 1622 1623 1587 1586
f 1623 1624 1588 1587
f 1624 1625 1589 1588
f 1625 1626 1590 1589
f 1626 1627 1591 1590
f 1627 1628 1592 1591
f 1628 1629 1593 1592
f 1629 1630 1594 1593
f 1630 1631 1595 1594
f 1631 1632 1596 1595
f 1632 1633 1597 1596
f 1633 1634 1598 1597
f 1634 1635 1599 1598
f 1635 1636 1600 1599
f 1636 1637 1601 1600
f 1637 1638 1602 1601
f 1638 1639 1603 1602
f 1639 1640 1604 1603
f 1640 1641 1605 1604
f 1641 1642 1606 1605
f 1642 1643 1607 1606
f 1643 1644 1608 1607
f 1644 1645 1609 1608
f 1645 1646 1610 1609
f 1646 1647 1611 1610
f 1647 1648 1612 1611
f 1648 1649 1613 1612
f 1649 1650 1614 1613
f 1650 1651 1615 1614
f 1651 1652 1616 1615
f 1652 1653 1617 1616
f 1653 1654 1618 1617
f 1654 1655 1619 1618
f 1655 1656 1620 1619
f 1656 1621 1585 1620
f 1657 1622 1621
f 1657 1623 1622
f 1657 1624 1623
f 1657 1625 1624
f 1657 1626 1625
f 1657 1627 1626
f 1657 1628 1627
f 1657 1629 1628
f 1657 1630 1629
f 1657 1631 1630
f 1657 1632 1631
f 1657 1633 1632
f 1657 1634 1633
f 1657 1635 1634
f 1657 1636 1635
f 1657 1637 1636
f 1657 1638 1637
f 1657 1639 1638
f 1657 1640 1639
f 1657 1641 1640
f 1657 1642 1641
f 1657 1643 1642
f 1657 1644 1643
f 1657 1645 1644
f 1657 1646 1645
f 1657 1647 1646
f 1657 1648 1647
f 1657 1649 1648
f 1657 1650 1649
f 1657 1651 1650
f 1657 1652 1651
f 1657 1653 1652
f 1657 1654 1653
f 1657 1655 1654
f 1657 1656 1655
f 1657 1621 1656
g part6
usemtl column
v 0.00000 0.00000 0.02500
v 0.00000 0.00000 0.02500
v 0.00000 0.00000 0.02500
v 0.00000 0.00000 0.02500
v 0.00000 0.00000 0.02500
v 0.00000 0.00000 0.02500
v 0.00000 0.00000 0.02500
v 0.00000 0.00000 0.02500
v 0.00000 0.00000 0.02500
v 0.00000 0.00000 0.02500
v -0.00000 0.00000 0.02500
v -0.00000 0.00000 0.02500
v -0.00000 0.00000 0.02500
v -0.00000 0.00000 0.02500
v -0.00000 0.00000 0.02500
v -0.00000 0.00000 0.02500
v -0.00000 0.00000 0.02500
v -0.00000 0.00000 0.02500
v -0.00000 0.00000 0.02500
v -0.00000 -0.00000 0.02500
v -0.00000 -0.00000 0.02500
v -0.00000 -0.00000 0.02500
v -0.00000 -0.00000 0.02500
v -0.00000 -0.00000 0.02500
v -0.00000 -0.00000 0.02500
v -0.00000 -0.00000 0.02500
v -0.00000 -0.00000 0.02500
v -0.00000 -0.00000 0.02500
v 0.00000 -0.00000 0.02500
v 0.00000 -0.00000 0.02500
v 0.00000 -0.00000 0.02500
v 0.00000 -0.00000 0.02500
v 0.00000 -0.00000 0.02500
v 0.00000 -0.00000 0.02500
v 0.00000 -0.00000 0.02500
v 0.00000 -0.00000 0.02500
v 0.04000 0.00000 0.02500
v 0.03939 0.00695 0.02500
v 0.03759 0.01368 0.02500
v 0.03464 0.02000 0.02500
v 0.03064 0.02571 0.02500
v 0.02571 0.03064 0.02500
v 0.02000 0.03464 0.02500
v 0.01368 0.03759 0.02500
v 0.00695 0.03939 0.02500
v 0.00000 0.04000 0.02500
v -0.00695 0.03939 0.02500
v -0.01368 0.03759 0.02500
v -0.02000 0.03464 0.02500
v -0.02571 0.03064 0.02500
v -0.03064 0.02571 0.02500
v -0.03464 0.02000 0.02500
v -0.03759 0.01368 0.02500
v -0.03939 0.00695 0.02500
v -0.04000 0.00000 0.02500
v -0.03939 -0.00695 0.02500
v -0.03759 -0.01368 0.02500
v -0.03464 -0.02000 0.02500
v -0.03064 -0.02571 0.02500
v -0.02571 -0.03064 0.02500
v -0.02000 -0.03464 0.02500
v -0.01368 -0.03759 0.02500
v -0.00695 -0.03939 0.02500
v -0.00000 -0.04000 0.02500
v 0.00695 -0.03939 0.02500
v 0.01368 -0.03759 0.02500
v 0.02000 -0.03464 0.02500
v 0.02571 -0.03064 0.02500
v 0.03064 -0.02571 0.02500
v 0.03464 -0.02000 0.02500
v 0.03759 -0.01368 0.02500
v 0.03939 -0.00695 0.02500
v 0.03600 0.00000 -0.01500
v 0.03545 0.00625 -0.01500
v 0.03383 0.01231 -0.01500
v 0.03118 0.01800 -0.01500
v 0.02758 0.02314 -0.01500
v 0.02314 0.02758 -0.01500
v 0.01800 0.03118 -0.01500
v 0.01231 0.03383 -0.01500
v 0.00625 0.03545 -0.01500
v 0.00000 0.03600 -0.01500
v -0.00625 0.03545 -0.01500
v -0.01231 0.03383 -0.01500
v -0.01800 0.03118 -0.01500
v -0.02314 0.02758 -0.01500
v -0.02758 0.02314 -0.01500
v -0.03118 0.01800 -0.01500
v -0.03383 0.01231 -0.01500
v -0.03545 0.00625 -0.01500
v -0.03600 0.00000 -0.01500
v -0.03545 -0.00625 -0.01500
v -0.03383 -0.01231 -0.01500
v -0.03118 -0.01800 -0.01500
v -0.02758 -0.02314 -0.01500
v -0.02314 -0.02758 -0.01500
v -0.01800 -0.03118 -0.01500
v -0.01231 -0.03383 -0.01500
v -0.00625 -0.03545 -0.01500
v -0.00000 -0.03600 -0.01500
v 0.00625 -0.03545 -0.01500
v 0.01231 -0.03383 -0.01500
v 0.01800 -0.03118 -0.01500
v 0.02314 -0.02758 -0.01500
v 0.02758 -0.02314 -0.01500
v 0.03118 -0.01800 -0.01500
v 0.03383 -0.01231 -0.01500
v 0.03545 -0.00625 -0.01500
v 0.03000 0.00000 -0.04500
v 0.02954 0.00521 -0.04500
v 0.02819 0.01026 -0.04500
v 0.02598 0.01500 -0.04500
v 0.02298 0.01928 -0.04500
v 0.01928 0.02298 -0.04500
v 0.01500 0.02598 -0.04500
v 0.01026 0.02819 -0.04500
v 0.00521 0.02954 -0.04500
v 0.00000 0.03000 -0.04500
v -0.00521 0.02954 -0.04500
v -0.01026 0.02819 -0.04500
v -0.01500 0.02598 -0.04500
v -0.01928 0.02298 -0.04500
v -0.02298 0.01928 -0.04500
v -0.02598 0.01500 -0.04500
v -0.02819 0.01026 -0.04500
v -0.02954 0.00521 -0.04500
v -0.03000 0.00000 -0.04500
v -0.02954 -0.00521 -0.04500
v -0.02819 -0.01026 -0.04500
v -0.02598 -0.01500 -0.04500
v -0.02298 -0.01928 -0.04500
v -0.01928 -0.02298 -0.04500
v -0.01500 -0.02598 -0.04500
v -0.01026 -0.02819 -0.04500
v -0.00521 -0.02954 -0.04500
v -0.00000 -0.03000 -0.04500
v 0.00521 -0.02954 -0.04500
v 0.01026 -0.02819 -0.04500
v 0.01500 -0.02598 -0.04500
v 0.01928 -0.02298 -0.04500
v 0.02298 -0.01928 -0.04500
v 0.02598 -0.01500 -0.04500
v 0.02819 -0.01026 -0.04500
v 0.02954 -0.00521 -0.04500
v 0.02700 0.00000 -0.14000
v 0.02659 0.00469 -0.14000
v 0.02537 0.00923 -0.14000
v 0.02338 0.01350 -0.14000
v 0.02068 0.01736 -0.14000
v 0.01736 0.02068 -0.14000
v 0.01350 0.02338 -0.14000
v 0.00923 0.02537 -0.14000
v 0.00469 0.02659 -0.14000
v 0.00000 0.02700 -0.14000
v -0.00469 0.02659 -0.14000
v -0.00923 0.02537 -0.14000
v -0.01350 0.02338 -0.14000
v -0.01736 0.02068 -0.14000
v -0.02068 0.01736 -0.14000
v -0.02338 0.01350 -0.14000
v -0.02537 0.00923 -0.14000
v -0.02659 0.00469 -0.14000
v -0.02700 0.00000 -0.14000
v -0.02659 -0.00469 -0.14000
v -0.02537 -0.00923 -0.14000
v -0.02338 -0.01350 -0.14000
v -0.02068 -0.01736 -0.14000
v -0.01736 -0.02068 -0.14000
v -0.01350 -0.02338 -0.14000
v -0.00923 -0.02537 -0.14000
v -0.00469 -0.02659 -0.14000
v -0.00000 -0.02700 -0.14000
v 0.00469 -0.02659 -0.14000
v 0.00923 -0.02537 -0.14000
v 0.01350 -0.02338 -0.14000
v 0.01736 -0.02068 -0.14000
v 0.02068 -0.01736 -0.14000
v 0.02338 -0.01350 -0.14000
v 0.02537 -0.00923 -0.14000
v 0.02659 -0.00469 -0.14000
v 0.00000 0.00000 -0.14000
v 0.00000 0.00000 -0.14000
v 0.00000 0.00000 -0.14000
v 0.00000 0.00000 -0.14000
v 0.00000 0.00000 -0.14000
v 0.00000 0.00000 -0.14000
v 0.00000 0.00000 -0.14000
v 0.00000 0.00000 -0.14000
v 0.00000 0.00000 -0.14000
v 0.00000 0.00000 -0.14000
v -0.00000 0.00000 -0.14000
v -0.00000 0.00000 -0.14000
v -0.00000 0.00000 -0.14000
v -0.00000 0.00000 -0.14000
v -0.00000 0.00000 -0.14000
v -0.00000 0.00000 -0.14000
v -0.00000 0.00000 -0.14000
v -0.00000 0.00000 -0.14000
v -0.00000 0.00000 -0.14000
v -0.00000 -0.00000 -0.14000
v -0.00000 -0.00000 -0.14000
v -0.00000 -0.00000 -0.14000
v -0.00000 -0.00000 -0.14000
v -0.00000 -0.00000 -0.14000
v -0.00000 -0.00000 -0.14000
v -0.00000 -0.00000 -0.14000
v -0.00000 -0.00000 -0.14000
v -0.00000 -0.00000 -0.14000
v 0.00000 -0.00000 -0.14000
v 0.00000 -0.00000 -0.14000
v 0.00000 -0.00000 -0.14000
v 0.00000 -0.00000 -0.14000
v 0.00000 -0.00000 -0.14000
v 0.00000 -0.00000 -0.14000
v 0.00000 -0.00000 -0.14000
v 0.00000 -0.00000 -0.14000
f 1729 1730 1693
f 1730 1731 1693
f 1731 1732 1693
f 1732 1733 1693
f 1733 1734 1693
f 1734 1735 1693
f 1735 1736 1693
f 1736 1737 1693
f 1737 1738 1693
f 1738 1739 1693
f 1739 1740 1693
f 1740 1741 1693
f 1741 1742 1693
f 1742 1743 1693
f 1743 1744 1693
f 1744 1745 1693
f 1745 1746 1693
f 1746 1747 1693
f 1747 1748 1693
f 1748 1749 1693
f 1749 1750 1693
f 1750 1751 1693
f 1751 1752 1693
f 1752 1753 1693
f 1753 1754 1693
f 1754 1755 1693
f 1755 1756 1693
f 1756 1757 1693
f 1757 1758 1693
f 1758 1759 1693
f 1759 1760 1693
f 1760 1761 1693
f 1761 1762 1693
f 1762 1763 1693
f 1763 1764 1693
f 1764 1729 1693
f 1765 1766 1730 1729
f 1766 1767 1731 1730
f 1767 1768 1732 1731
f 1768 1769 1733 1732
f 1769 1770 1734 1733
f 1770 1771 1735 1734
f 1771 1772 1736 1735
f 1772 1773 1737 1736
f 1773 1774 1738 1737
f 1774 1775 1739 1738
f 1775 1776 1740 1739
f 1776 1777 1741 1740
f 1777 1778 1742 1741
f 1778 1779 1743 1742
f 1779 1780 1744 1743
f 1780 1781 1745 1744
f 1781 1782 1746 1745
f 1782 1783 1747 1746
f 1783 1784 1748 1747
f 1784 1785 1749 1748
f 1785 1786 1750 1749
f 1786 1787 1751 1750
f 1787 1788 1752 1751
f 1788 1789 1753 1752
f 1789 1790 1754 1753
f 1790 1791 1755 1754
f 1791 1792 1756 1755
f 1792 1793 1757 1756
f 1793 1794 1758 1757
f 1794 1795 1759 1758
f 1795 1796 1760 1759
f 1796 1797 1761 1760
f 1797 1798 1762 1761
f 1798 1799 1763 1762
f 1799 1800 1764 1763
f 1800 1765 1729 1764
f 1801 1802 1766 1765
f 1802 1803 1767 1766
f 1803 1804 1768 1767
f 1804 1805 1769 1768
f 1805 1806 1770 1769
f 1806 1807 1771 1770
f 1807 1808 1772 1771
f 1808 1809 1773 1772
f 1809 1810 1774 1773
f 1810 1811 1775 1774
f 1811 1812 1776 1775
f 1812 1813 1777 1776
f 1813 1814 1778 1777
f 1814 1815 1779 1778
f 1815 1816 1780 1779
f 1816 1817 1781 1780
f 1817 1818 1782 1781
f 1818 1819 1783 1782
f 1819 1820 1784 1783
f 1820 1821 1785 1784
f 1821 1822 1786 1785
f 1822 1823 1787 1786
f 1823 1824 1788 1787
f 1824 1825 1789 1788
f 1825 1826 1790 1789
f 1826 1827 1791 1790
f 1827 1828 1792 1791
f 1828 1829 1793 1792
f 1829 1830 1794 1793
f 1830 1831 1795 1794
f 1831 1832 1796 1795
f 1832 1833 1797 1796
f 1833 1834 1798 1797
f 1834 1835 1799 1798
f 1835 1836 1800 1799
f 1836 1801 1765 1800
f 1837 1838 1802 1801
f 1838 1839 1803 1802
f 1839 1840 1804 1803
f 1840 1841 1805 1804
f 1841 1842 1806 1805
f 1842 1843 1807 1806
f 1843 1844 1808 1807
f 1844 1845 1809 1808
f 1845 1846 1810 1809
f 1846 1847 1811 1810
f 1847 1848 1812 1811
f 1848 1849 1813 1812
f 1849 1850 1814 1813
f 1850 1851 1815 1814
f 1851 1852 1816 1815
f 1852 1853 1817 1816
f 1853 1854 1818 1817
f 1854 1855 1819 1818
f 1855 1856 1820 1819
f 1856 1857 1821 1820
f 1857 1858 1822 1821
f 1858 1859 1823 1822
f 1859 1860 1824 1823
f 1860 1861 1825 1824
f 1861 1862 1826 1825
f 1862 1863 1827 1826
f 1863 1864 1828 1827
f 1864 1865 1829 1828
f 1865 1866 1830 1829
f 1866 1867 1831 1830
f 1867 1868 1832 1831
f 1868 1869 1833 1832
f 1869 1870 1834 1833
f 1870 1871 1835 1834
f 1871 1872 1836 1835
f 1872 1837 1801 1836
f 1873 1838 1837
f 1873 1839 1838
f 1873 1840 1839
f 1873 1841 1840
f 1873 1842 1841
f 1873 1843 1842
f 1873 1844 1843
f 1873 1845 1844
f 1873 1846 1845
f 1873 1847 1846
f 1873 1848 1847
f 1873 1849 1848
f 1873 1850 1849
f 1873 1851 1850
f 1873 1852 1851
f 1873 1853 1852
f 1873 1854 1853
f 1873 1855 1854
f 1873 1856 1855
f 1873 1857 1856
f 1873 1858 1857
f 1873 1859 1858
f 1873 1860 1859
f 1873 1861 1860
f 1873 1862 1861
f 1873 1863 1862
f 1873 1864 1863
f 1873 1865 1864
f 1873 1866 1865
f 1873 1867 1866
f 1873 1868 1867
f 1873 1869 1868
f 1873 1870 1869
f 1873 1871 1870
f 1873 1872 1871
f 1873 1837 1872
g part7
usemtl column
v 0.00000 0.00000 -0.13000
v 0.00000 0.00000 -0.13000
v 0.00000 0.00000 -0.13000
v 0.00000 0.00000 -0.13000
v 0.00000 0.00000 -0.13000
v 0.00000 0.00000 -0.13000
v 0.00000 0.00000 -0.13000
v 0.00000 0.00000 -0.13000
v 0.00000 0.00000 -0.13000
v 0.00000 0.00000 -0.13000
v -0.00000 0.00000 -0.13000
v -0.00000 0.00000 -0.13000
v -0.00000 0.00000 -0.13000
v -0.00000 0.00000 -0.13000
v -0.00000 0.00000 -0.13000
v -0.00000 0.00000 -0.13000
v -0.00000 0.00000 -0.13000
v -0.00000 0.00000 -0.13000
v -0.00000 0.00000 -0.13000
v -0.00000 -0.00000 -0.13000
v -0.00000 -0.00000 -0.13000
v -0.00000 -0.00000 -0.13000
v -0.00000 -0.00000 -0.13000
v -0.00000 -0.00000 -0.13000
v -0.00000 -0.00000 -0.13000
v -0.00000 -0.00000 -0.13000
v -0.00000 -0.00000 -0.13000
v -0.00000 -0.00000 -0.13000
v 0.00000 -0.00000 -0.13000
v 0.00000 -0.00000 -0.13000
v 0.00000 -0.00000 -0.13000
v 0.00000 -0.00000 -0.13000
v 0.00000 -0.00000 -0.13000
v 0.00000 -0.00000 -0.13000
v 0.00000 -0.00000 -0.13000
v 0.00000 -0.00000 -0.13000
v 0.02600 0.00000 -0.13000
v 0.02561 0.00451 -0.13000
v 0.02443 0.00889 -0.13000
v 0.02252 0.01300 -0.13000
v 0.01992 0.01671 -0.13000
v 0.01671 0.01992 -0.13000
v 0.01300 0.02252 -0.13000
v 0.00889 0.02443 -0.13000
v 0.00451 0.02561 -0.13000
v 0.00000 0.02600 -0.13000
v -0.00451 0.02561 -0.13000
v -0.00889 0.02443 -0.13000
v -0.01300 0.02252 -0.13000
v -0.01671 0.01992 -0.13000
v -0.01992 0.01671 -0.13000
v -0.02252 0.01300 -0.13000
v -0.02443 0.00889 -0.13000
v -0.02561 0.00451 -0.13000
v -0.02600 0.00000 -0.13000
v -0.02561 -0.00451 -0.13000
v -0.02443 -0.00889 -0.13000
v -0.02252 -0.01300 -0.13000
v -0.01992 -0.01671 -0.13000
v -0.01671 -0.01992 -0.13000
v -0.01300 -0.02252 -0.13000
v -0.00889 -0.02443 -0.13000
v -0.00451 -0.02561 -0.13000
v -0.00000 -0.02600 -0.13000
v 0.00451 -0.02561 -0.13000
v 0.00889 -0.02443 -0.13000
v 0.01300 -0.02252 -0.13000
v 0.01671 -0.01992 -0.13000
v 0.01992 -0.01671 -0.13000
v 0.02252 -0.01300 -0.13000
v 0.02443 -0.00889 -0.13000
v 0.02561 -0.00451 -0.13000
v 0.02400 0.00000 -0.45000
v 0.02364 0.00417 -0.45000
v 0.02255 0.00821 -0.45000
v 0.02078 0.01200 -0.45000
v 0.01839 0.01543 -0.45000
v 0.01543 0.01839 -0.45000
v 0.01200 0.02078 -0.45000
v 0.00821 0.02255 -0.45000
v 0.00417 0.02364 -0.45000
v 0.00000 0.02400 -0.45000
v -0.00417 0.02364 -0.45000
v -0.00821 0.02255 -0.45000
v -0.01200 0.02078 -0.45000
v -0.01543 0.01839 -0.45000
v -0.01839 0.01543 -0.45000
v -0.02078 0.01200 -0.45000
v -0.02255 0.00821 -0.45000
v -0.02364 0.00417 -0.45000
v -0.02400 0.00000 -0.45000
v -0.02364 -0.00417 -0.45000
v -0.02255 -0.00821 -0.45000
v -0.02078 -0.01200 -0.45000
v -0.01839 -0.01543 -0.45000
v -0.01543 -0.01839 -0.45000
v -0.01200 -0.02078 -0.45000
v -0.00821 -0.02255 -0.45000
v -0.00417 -0.02364 -0.45000
v -0.00000 -0.02400 -0.45000
v 0.00417 -0.02364 -0.45000
v 0.00821 -0.02255 -0.45000
v 0.01200 -0.02078 -0.45000
v 0.01543 -0.01839 -0.45000
v 0.01839 -0.01543 -0.45000
v 0.02078 -0.01200 -0.45000
v 0.02255 -0.00821 -0.45000
v 0.02364 -0.00417 -0.45000
v 0.00000 0.00000 -0.45000
v 0.00000 0.00000 -0.45000
v 0.00000 0.00000 -0.45000
v 0.00000 0.00000 -0.45000
v 0.00000 0.00000 -0.45000
v 0.00000 0.00000 -0.45000
v 0.00000 0.00000 -0.45000
v 0.00000 0.00000 -0.45000
v 0.00000 0.00000 -0.45000
v 0.00000 0.00000 -0.45000
v -0.00000 0.00000 -0.45000
v -0.00000 0.00000 -0.45000
v -0.00000 0.00000 -0.45000
v -0.00000 0.00000 -0.45000
v -0.00000 0.00000 -0.45000
v -0.00000 0.00000 -0.45000
v -0.00000 0.00000 -0.45000
v -0.00000 0.00000 -0.45000
v -0.00000 0.00000 -0.45000
v -0.00000 -0.00000 -0.45000
v -0.00000 -0.00000 -0.45000
v -0.00000 -0.00000 -0.45000
v -0.00000 -0.00000 -0.45000
v -0.00000 -0.00000 -0.45000
v -0.00000 -0.00000 -0.45000
v -0.00000 -0.00000 -0.45000
v -0.00000 -0.00000 -0.45000
v -0.00000 -0.00000 -0.45000
v 0.00000 -0.00000 -0.45000
v 0.00000 -0.00000 -0.45000
v 0.00000 -0.00000 -0.45000
v 0.00000 -0.00000 -0.45000
v 0.00000 -0.00000 -0.45000
v 0.00000 -0.00000 -0.45000
v 0.00000 -0.00000 -0.45000
v 0.00000 -0.00000 -0.45000
f 1945 1946 1909
f 1946 1947 1909
f 1947 1948 1909
f 1948 1949 1909
f 1949 1950 1909
f 1950 1951 1909
f 1951 1952 1909
f 1952 1953 1909
f 1953 1954 1909
f 1954 1955 1909
f 1955 1956 1909
f 1956 1957 1909
f 1957 1958 1909
f 1958 1959 1909
f 1959 1960 1909
f 1960 1961 1909
f 1961 1962 1909
f 1962 1963 1909
f 1963 1964 1909
f 1964 1965 1909
f 1965 1966 1909
f 1966 1967 1909
f 1967 1968 1909
f 1968 1969 1909
f 1969 1970 1909
f 1970 1971 1909
f 1971 1972 1909
f 1972 1973 1909
f 1973 1974 1909
f 1974 1975 1909
f 1975 1976 1909
f 1976 1977 1909
f 1977 1978 1909
f 1978 1979 1909
f 1979 1980 1909
f 1980 1945 1909
f 1981 1982 1946 1945
f 1982 1983 1947 1946
f 1983 1984 1948 1947
f 1984 1985 1949 1948
f 1985 1986 1950 1949
f 1986 1987 1951 1950
f 1987 1988 1952 1951
f 1988 1989 1953 1952
f 1989 1990 1954 1953
f 1990 1991 1955 1954
f 1991 1992 1956 1955
f 1992 1993 1957 1956
f 1993 1994 1958 1957
f 1994 1995 1959 1958
f 1995 1996 1960 1959
f 1996 1997 1961 1960
f 1997 1998 1962 1961
f 1998 1999 1963 1962
f 1999 2000 1964 1963
f 2000 2001 1965 1964
f 2001 2002 1966 1965
f 2002 2003 1967 1966
f 2003 2004 1968 1967
f 2004 2005 1969 1968
f 2005 2006 1970 1969
f 2006 2007 1971 1970
f 2007 2008 1972 1971
f 2008 2009 1973 1972
f 2009 2010 1974 1973
f 2010 2011 1975 1974
f 2011 2012 1976 1975
f 2012 2013 1977 1976
f 2013 2014 1978 1977
f 2014 2015 1979 1978
f 2015 2016 1980 1979
f 2016 1981 1945 1980
f 2017 1982 1981
f 2017 1983 1982
f 2017 1984 1983
f 2017 1985 1984
f 2017 1986 1985
f 2017 1987 1986
f 2017 1988 1987
f 2017 1989 1988
f 2017 1990 1989
f 2017 1991 1990
f 2017 1992 1991
f 2017 1993 1992
f 2017 1994 1993
f 2017 1995 1994
f 2017 1996 1995
f 2017 1997 1996
f 2017 1998 1997
f 2017 1999 1998
f 2017 2000 1999
f 2017 2001 2000
f 2017 2002 2001
f 2017 2003 2002
f 2017 2004 2003
f 2017 2005 2004
f 2017 2006 2005
f 2017 2007 2006
f 2017 2008 2007
f 2017 2009 2008
f 2017 2010 2009
f 2017 2011 2010
f 2017 2012 2011
f 2017 2013 2012
f 2017 2014 2013
f 2017 2015 2014
f 2017 2016 2015
f 2017 1981 2016
g part8
usemtl rubber
v 0.00000 0.00000 -0.43500
v 0.00000 0.00000 -0.43500
v 0.00000 0.00000 -0.43500
v 0.00000 0.00000 -0.43500
v 0.00000 0.00000 -0.43500
v 0.00000 0.00000 -0.43500
v 0.00000 0.00000 -0.43500
v 0.00000 0.00000 -0.43500
v 0.00000 0.00000 -0.43500
v 0.00000 0.00000 -0.43500
v -0.00000 0.00000 -0.43500
v -0.00000 0.00000 -0.43500
v -0.00000 0.00000 -0.43500
v -0.00000 0.00000 -0.43500
v -0.00000 0.00000 -0.43500
v -0.00000 0.00000 -0.43500
v -0.00000 0.00000 -0.43500
v -0.00000 0.00000 -0.43500
v -0.00000 0.00000 -0.43500
v -0.00000 -0.00000 -0.43500
v -0.00000 -0.00000 -0.43500
v -0.00000 -0.00000 -0.43500
v -0.00000 -0.00000 -0.43500
v -0.00000 -0.00000 -0.43500
v -0.00000 -0.00000 -0.43500
v -0.00000 -0.00000 -0.43500
v -0.00000 -0.00000 -0.43500
v -0.00000 -0.00000 -0.43500
v 0.00000 -0.00000 -0.43500
v 0.00000 -0.00000 -0.43500
v 0.00000 -0.00000 -0.43500
v 0.00000 -0.00000 -0.43500
v 0.00000 -0.00000 -0.43500
v 0.00000 -0.00000 -0.43500
v 0.00000 -0.00000 -0.43500
v 0.00000 -0.00000 -0.43500
v 0.02400 0.00000 -0.43500
v 0.02364 0.00417 -0.43500
v 0.02255 0.00821 -0.43500
v 0.02078 0.01200 -0.43500
v 0.01839 0.01543 -0.43500
v 0.01543 0.01839 -0.43500
v 0.01200 0.02078 -0.43500
v 0.00821 0.02255 -0.43500
v 0.00417 0.02364 -0.43500
v 0.00000 0.02400 -0.43500
v -0.00417 0.02364 -0.43500
v -0.00821 0.02255 -0.43500
v -0.01200 0.02078 -0.43500
v -0.01543 0.01839 -0.43500
v -0.01839 0.01543 -0.43500
v -0.02078 0.01200 -0.43500
v -0.02255 0.00821 -0.43500
v -0.02364 0.00417 -0.43500
v -0.02400 0.00000 -0.43500
v -0.02364 -0.00417 -0.43500
v -0.02255 -0.00821 -0.43500
v -0.02078 -0.01200 -0.43500
v -0.01839 -0.01543 -0.43500
v -0.01543 -0.01839 -0.43500
v -0.01200 -0.02078 -0.43500
v -0.00821 -0.02255 -0.43500
v -0.00417 -0.02364 -0.43500
v -0.00000 -0.02400 -0.43500
v 0.00417 -0.02364 -0.43500
v 0.00821 -0.02255 -0.43500
v 0.01200 -0.02078 -0.43500
v 0.01543 -0.01839 -0.43500
v 0.01839 -0.01543 -0.43500
v 0.02078 -0.01200 -0.43500
v 0.02255 -0.00821 -0.43500
v 0.02364 -0.00417 -0.43500
v 0.05000 0.00000 -0.46500
v 0.04924 0.00868 -0.46500
v 0.04698 0.01710 -0.46500
v 0.04330 0.02500 -0.46500
v 0.03830 0.03214 -0.46500
v 0.03214 0.03830 -0.46500
v 0.02500 0.04330 -0.46500
v 0.01710 0.04698 -0.46500
v 0.00868 0.04924 -0.46500
v 0.00000 0.05000 -0.46500
v -0.00868 0.04924 -0.46500
v -0.01710 0.04698 -0.46500
v -0.02500 0.04330 -0.46500
v -0.03214 0.03830 -0.46500
v -0.03830 0.03214 -0.46500
v -0.04330 0.02500 -0.46500
v -0.04698 0.01710 -0.46500
v -0.04924 0.00868 -0.46500
v -0.05000 0.00000 -0.46500
v -0.04924 -0.00868 -0.46500
v -0.04698 -0.01710 -0.46500
v -0.04330 -0.02500 -0.46500
v -0.03830 -0.03214 -0.46500
v -0.03214 -0.03830 -0.46500
v -0.02500 -0.04330 -0.46500
v -0.01710 -0.04698 -0.46500
v -0.00868 -0.04924 -0.46500
v -0.00000 -0.05000 -0.46500
v 0.00868 -0.04924 -0.46500
v 0.01710 -0.04698 -0.46500
v 0.02500 -0.04330 -0.46500
v 0.03214 -0.03830 -0.46500
v 0.03830 -0.03214 -0.46500
v 0.04330 -0.02500 -0.46500
v 0.04698 -0.01710 -0.46500
v 0.04924 -0.00868 -0.46500
v 0.06600 0.00000 -0.51000
v 0.06500 0.01146 -0.51000
v 0.06202 0.02257 -0.51000
v 0.05716 0.03300 -0.51000
v 0.05056 0.04242 -0.51000
v 0.04242 0.05056 -0.51000
v 0.03300 0.05716 -0.51000
v 0.02257 0.06202 -0.51000
v 0.01146 0.06500 -0.51000
v 0.00000 0.06600 -0.51000
v -0.01146 0.06500 -0.51000
v -0.02257 0.06202 -0.51000
v -0.03300 0.05716 -0.51000
v -0.04242 0.05056 -0.51000
v -0.05056 0.04242 -0.51000
v -0.05716 0.03300 -0.51000
v -0.06202 0.02257 -0.51000
v -0.06500 0.01146 -0.51000
v -0.06600 0.00000 -0.51000
v -0.06500 -0.01146 -0.51000
v -0.06202 -0.02257 -0.51000
v -0.05716 -0.03300 -0.51000
v -0.05056 -0.04242 -0.51000
v -0.04242 -0.05056 -0.51000
v -0.03300 -0.05716 -0.51000
v -0.02257 -0.06202 -0.51000
v -0.01146 -0.06500 -0.51000
v -0.00000 -0.06600 -0.51000
v 0.01146 -0.06500 -0.51000
v 0.02257 -0.06202 -0.51000
v 0.03300 -0.05716 -0.51000
v 0.04242 -0.05056 -0.51000
v 0.05056 -0.04242 -0.51000
v 0.05716 -0.03300 -0.51000
v 0.06202 -0.02257 -0.51000
v 0.06500 -0.01146 -0.51000
v 0.07000 0.00000 -0.55000
v 0.06894 0.01216 -0.55000
v 0.06578 0.02394 -0.55000
v 0.06062 0.03500 -0.55000
v 0.05362 0.04500 -0.55000
v 0.04500 0.05362 -0.55000
v 0.03500 0.06062 -0.55000
v 0.02394 0.06578 -0.55000
v 0.01216 0.06894 -0.55000
v 0.00000 0.07000 -0.55000
v -0.01216 0.06894 -0.55000
v -0.02394 0.06578 -0.55000
v -0.03500 0.06062 -0.55000
v -0.04500 0.05362 -0.55000
v -0.05362 0.04500 -0.55000
v -0.06062 0.03500 -0.55000
v -0.06578 0.02394 -0.55000
v -0.06894 0.01216 -0.55000
v -0.07000 0.00000 -0.55000
v -0.06894 -0.01216 -0.55000
v -0.06578 -0.02394 -0.55000
v -0.06062 -0.03500 -0.55000
v -0.05362 -0.04500 -0.55000
v -0.04500 -0.05362 -0.55000
v -0.03500 -0.06062 -0.55000
v -0.02394 -0.06578 -0.55000
v -0.01216 -0.06894 -0.55000
v -0.00000 -0.07000 -0.55000
v 0.01216 -0.06894 -0.55000
v 0.02394 -0.06578 -0.55000
v 0.03500 -0.06062 -0.55000
v 0.04500 -0.05362 -0.55000
v 0.05362 -0.04500 -0.55000
v 0.06062 -0.03500 -0.55000
v 0.06578 -0.02394 -0.55000
v 0.06894 -0.01216 -0.55000
v 0.00000 0.00000 -0.55000
v 0.00000 0.00000 -0.55000
v 0.00000 0.00000 -0.55000
v 0.00000 0.00000 -0.55000
v 0.00000 0.00000 -0.55000
v 0.00000 0.00000 -0.55000
v 0.00000 0.00000 -0.55000
v 0.00000 0.00000 -0.55000
v 0.00000 0.00000 -0.55000
v 0.00000 0.00000 -0.55000
v -0.00000 0.00000 -0.55000
v -0.00000 0.00000 -0.55000
v -0.00000 0.00000 -0.55000
v -0.00000 0.00000 -0.55000
v -0.00000 0.00000 -0.55000
v -0.00000 0.00000 -0.55000
v -0.00000 0.00000 -0.55000
v -0.00000 0.00000 -0.55000
v -0.00000 0.00000 -0.55000
v -0.00000 -0.00000 -0.55000
v -0.00000 -0.00000 -0.55000
v -0.00000 -0.00000 -0.55000
v -0.00000 -0.00000 -0.55000
v -0.00000 -0.00000 -0.55000
v -0.00000 -0.00000 -0.55000
v -0.00000 -0.00000 -0.55000
v -0.00000 -0.00000 -0.55000
v -0.00000 -0.00000 -0.55000
v 0.00000 -0.00000 -0.55000
v 0.00000 -0.00000 -0.55000
v 0.00000 -0.00000 -0.55000
v 0.00000 -0.00000 -0.55000
v 0.00000 -0.00000 -0.55000
v 0.00000 -0.00000 -0.55000
v 0.00000 -0.00000 -0.55000
v 0.00000 -0.00000 -0.55000
f 2089 2090 2053
f 2090 2091 2053
f 2091 2092 2053
f 2092 2093 2053
f 2093 2094 2053
f 2094 2095 2053
f 2095 2096 2053
f 2096 2097 2053
f 2097 2098 2053
f 2098 2099 2053
f 2099 2100 2053
f 2100 2101 2053
f 2101 2102 2053
f 2102 2103 2053
f 2103 2104 2053
f 2104 2105 2053
f 2105 2106 2053
f 2106 2107 2053
f 2107 2108 2053
f 2108 2109 2053
f 2109 2110 2053
f 2110 2111 2053
f 2111 2112 2053
f 2112 2113 2053
f 2113 2114 2053
f 2114 2115 2053
f 2115 2116 2053
f 2116 2117 2053
f 2117 2118 2053
f 2118 2119 2053
f 2119 2120 2053
f 2120 2121 2053
f 2121 2122 2053
f 2122 2123 2053
f 2123 2124 2053
f 2124 2089 2053
f 2125 2126 2090 2089
f 2126 2127 2091 2090
f 2127 2128 2092 2091
f 2128 2129 2093 2092
f 2129 2130 2094 2093
f 2130 2131 2095 2094
f 2131 2132 2096 2095
f 2132 2133 2097 2096
f 2133 2134 2098 2097
f 2134 2135 2099 2098
f 2135 2136 2100 2099
f 2136 2137 2101 2100
f 2137 2138 2102 2101
f 2138 2139 2103 2102
f 2139 2140 2104 2103
f 2140 2141 2105 2104
f 2141 2142 2106 2105
f 2142 2143 2107 2106
f 2143 2144 2108 2107
f 2144 2145 2109 2108
f 2145 2146 2110 2109
f 2146 2147 2111 2110
f 2147 2148 2112 2111
f 2148 2149 2113 2112
f 2149 2150 2114 2113
f 2150 2151 2115 2114
f 2151 2152 2116 2115
f 2152 2153 2117 2116
f 2153 2154 2118 2117
f 2154 2155 2119 2118
f 2155 2156 2120 2119
f 2156 2157 2121 2120
f 2157 2158 2122 2121
f 2158 2159 2123 2122
f 2159 2160 2124 2123
f 2160 2125 2089 2124
f 2161 2162 2126 2125
f 2162 2163 2127 2126
f 2163 2164 2128 2127
f 2164 2165 2129 2128
f 2165 2166 2130 2129
f 2166 2167 2131 2130
f 2167 2168 2132 2131
f 2168 2169 2133 2132
f 2169 2170 2134 2133
f 2170 2171 2135 2134
f 2171 2172 2136 2135
f 2172 2173 2137 2136
f 2173 2174 2138 2137
f 2174 2175 2139 2138
f 2175 2176 2140 2139
f 2176 2177 2141 2140
f 2177 2178 2142 2141
f 2178 2179 2143 2142
f 2179 2180 2144 2143
f 2180 2181 2145 2144
f 2181 2182 2146 2145
f 2182 2183 2147 2146
f 2183 2184 2148 2147
f 2184 2185 2149 2148
f 2185 2186 2150 2149
f 2186 2187 2151 2150
f 2187 2188 2152 2151
f 2188 2189 2153 2152
f 2189 2190 2154 2153
f 2190 2191 2155 2154
f 2191 2192 2156 2155
f 2192 2193 2157 2156
f 2193 2194 2158 2157
f 2194 2195 2159 2158
f 2195 2196 2160 2159
f 2196 2161 2125 2160
f 2197 2198 2162 2161
f 2198 2199 2163 2162
f 2199 2200 2164 2163
f 2200 2201 2165 2164
f 2201 2202 2166 2165
f 2202 2203 2167 2166
f 2203 2204 2168 2167
f 2204 2205 2169 2168
f 2205 2206 2170 2169
f 2206 2207 2171 2170
f 2207 2208 2172 2171
f 2208 2209 2173 2172
f 2209 2210 2174 2173
f 2210 2211 2175 2174
f 2211 2212 2176 2175
f 2212 2213 2177 2176
f 2213 2214 2178 2177
f 2214 2215 2179 2178
f 2215 2216 2180 2179
f 2216 2217 2181 2180
f 2217 2218 2182 2181
f 2218 2219 2183 2182
f 2219 2220 2184 2183
f 2220 2221 2185 2184
f 2221 2222 2186 2185
f 2222 2223 2187 2186
f 2223 2224 2188 2187
f 2224 2225 2189 2188
f 2225 2226 2190 2189
f 2226 2227 2191 2190
f 2227 2228 2192 2191
f 2228 2229 2193 2192
f 2229 2230 2194 2193
f 2230 2231 2195 2194
f 2231 2232 2196 2195
f 2232 2197 2161 2196
f 2233 2198 2197
f 2233 2199 2198
f 2233 2200 2199
f 2233 2201 2200
f 2233 2202 2201
f 2233 2203 2202
f 2233 2204 2203
f 2233 2205 2204
f 2233 2206 2205
f 2233 2207 2206
f 2233 2208 2207
f 2233 2209 2208
f 2233 2210 2209
f 2233 2211 2210
f 2233 2212 2211
f 2233 2213 2212
f 2233 2214 2213
f 2233 2215 2214
f 2233 2216 2215
f 2233 2217 2216
f 2233 2218 2217
f 2233 2219 2218
f 2233 2220 2219
f 2233 2221 2220
f 2233 2222 2221
f 2233 2223 2222
f 2233 2224 2223
f 2233 2225 2224
f 2233 2226 2225
f 2233 2227 2226
f 2233 2228 2227
f 2233 2229 2228
f 2233 2230 2229
f 2233 2231 2230
f 2233 2232 2231
f 2233 2197 2232
