# x z height tx tz, one point every 1 m (generate_forest.py)
0.000 -30.000 1.003 0.00000 1.00000
0.000 -29.000 1.017 0.00000 1.00000
0.000 -28.000 1.030 0.00000 1.00000
0.000 -27.000 1.044 0.00000 1.00000
0.000 -26.000 1.058 0.00000 1.00000
0.000 -25.000 1.072 0.00000 1.00000
0.000 -24.000 1.086 0.00000 1.00000
0.000 -23.000 1.100 0.00000 1.00000
0.000 -22.000 1.114 0.00000 1.00000
0.000 -21.000 1.128 0.00000 1.00000
0.000 -20.000 1.142 0.00000 1.00000
0.000 -19.000 1.156 0.00000 1.00000
0.000 -18.000 1.170 0.00000 1.00000
0.000 -17.000 1.184 0.00000 1.00000
0.000 -16.000 1.197 0.00000 1.00000
0.000 -15.000 1.211 0.00000 1.00000
0.000 -14.000 1.224 0.00000 1.00000
0.000 -13.000 1.237 0.00000 1.00000
0.000 -12.000 1.250 0.00000 1.00000
0.000 -11.000 1.263 0.00000 1.00000
0.000 -10.000 1.275 0.00000 1.00000
0.000 -9.000 1.287 0.00000 1.00000
0.000 -8.000 1.299 0.00000 1.00000
0.000 -7.000 1.310 0.00000 1.00000
0.000 -6.000 1.321 0.00000 1.00000
0.000 -5.000 1.332 0.00000 1.00000
0.000 -4.000 1.342 0.00000 1.00000
0.000 -3.000 1.352 0.00000 1.00000
0.000 -2.000 1.361 0.00000 1.00000
0.000 -1.000 1.369 0.00000 1.00000
0.000 0.000 1.377 0.00048 1.00000
0.001 1.000 1.385 0.00193 1.00000
0.004 2.000 1.391 0.00388 0.99999
0.009 3.000 1.397 0.00582 0.99998
0.016 4.000 1.403 0.00777 0.99997
0.024 5.000 1.407 0.00973 0.99995
0.035 6.000 1.411 0.01168 0.99993
0.048 7.000 1.414 0.01364 0.99991
0.062 8.000 1.417 0.01558 0.99988
0.079 9.000 1.418 0.01753 0.99985
0.097 9.999 1.418 0.01946 0.99981
0.118 10.999 1.418 0.02139 0.99977
0.140 11.999 1.416 0.02331 0.99973
0.164 12.999 1.414 0.02522 0.99968
0.191 13.998 1.411 0.02711 0.99963
0.219 14.998 1.406 0.02898 0.99958
0.248 15.997 1.400 0.03084 0.99952
0.280 16.997 1.394 0.03268 0.99947
0.314 17.996 1.386 0.03451 0.99940
0.349 18.996 1.377 0.03631 0.99934
0.386 19.995 1.367 0.03809 0.99927
0.425 20.994 1.355 0.03984 0.99921
0.466 21.993 1.343 0.04158 0.99914
0.509 22.993 1.329 0.04328 0.99906
0.553 23.992 1.313 0.04496 0.99899
0.599 24.991 1.297 0.04662 0.99891
0.646 25.989 1.279 0.04824 0.99884
0.695 26.988 1.259 0.04984 0.99876
0.746 27.987 1.239 0.05140 0.99868
0.798 28.986 1.216 0.05294 0.99860
0.851 29.984 1.193 0.05444 0.99852
0.907 30.983 1.168 0.05591 0.99844
0.963 31.981 1.141 0.05735 0.99835
1.021 32.979 1.113 0.05875 0.99827
1.081 33.978 1.083 0.06012 0.99819
1.142 34.976 1.052 0.06146 0.99811
1.204 35.974 1.019 0.06276 0.99803
1.267 36.972 0.985 0.06403 0.99795
1.332 37.970 0.949 0.06526 0.99787
1.398 38.967 0.911 0.06646 0.99779
1.465 39.965 0.872 0.06762 0.99771
1.533 40.963 0.832 0.06874 0.99763
1.602 41.960 0.789 0.06983 0.99756
1.673 42.958 0.745 0.07088 0.99748
1.744 43.955 0.700 0.07190 0.99741
1.816 44.953 0.652 0.07288 0.99734
1.890 45.950 0.604 0.07382 0.99727
1.964 46.947 0.553 0.07473 0.99720
2.039 47.945 0.501 0.07560 0.99714
2.115 48.942 0.447 0.07644 0.99707
2.192 49.939 0.392 0.07724 0.99701
2.270 50.936 0.335 0.07800 0.99695
2.348 51.933 0.276 0.07874 0.99690
2.427 52.929 0.215 0.07943 0.99684
2.507 53.926 0.153 0.08010 0.99679
2.587 54.923 0.090 0.08073 0.99674
2.668 55.920 0.025 0.08132 0.99669
2.750 56.916 -0.042 0.08188 0.99664
2.832 57.913 -0.111 0.08242 0.99660
2.915 58.910 -0.181 0.08291 0.99656
2.998 59.906 -0.252 0.08338 0.99652
3.082 60.903 -0.325 0.08382 0.99648
3.166 61.899 -0.400 0.08423 0.99645
3.250 62.896 -0.476 0.08461 0.99641
3.335 63.892 -0.553 0.08496 0.99638
3.420 64.888 -0.632 0.08528 0.99636
3.505 65.885 -0.712 0.08557 0.99633
3.591 66.881 -0.794 0.08584 0.99631
3.677 67.877 -0.877 0.08608 0.99629
3.763 68.874 -0.962 0.08630 0.99627
3.850 69.870 -1.048 0.08649 0.99625
3.936 70.866 -1.135 0.08666 0.99624
4.023 71.862 -1.223 0.08681 0.99622
4.110 72.859 -1.313 0.08694 0.99621
4.197 73.855 -1.404 0.08704 0.99620
4.284 74.851 -1.496 0.08713 0.99620
4.371 75.847 -1.589 0.08720 0.99619
4.458 76.843 -1.683 0.08724 0.99619
4.546 77.839 -1.779 0.08728 0.99618
4.633 78.836 -1.875 0.08729 0.99618
4.720 79.832 -1.972 0.08729 0.99618
4.807 80.828 -2.071 0.08728 0.99618
4.895 81.824 -2.170 0.08725 0.99619
4.982 82.820 -2.270 0.08721 0.99619
5.069 83.817 -2.371 0.08715 0.99619
5.156 84.813 -2.472 0.08709 0.99620
5.243 85.809 -2.575 0.08702 0.99621
5.330 86.805 -2.678 0.08694 0.99621
5.417 87.801 -2.782 0.08685 0.99622
5.504 88.798 -2.886 0.08675 0.99623
5.591 89.794 -2.991 0.08665 0.99624
5.677 90.790 -3.097 0.08654 0.99625
5.764 91.786 -3.203 0.08643 0.99626
5.850 92.783 -3.309 0.08631 0.99627
5.936 93.779 -3.416 0.08620 0.99628
6.023 94.775 -3.523 0.08608 0.99629
6.109 95.771 -3.631 0.08596 0.99630
6.194 96.768 -3.739 0.08584 0.99631
6.280 97.764 -3.847 0.08572 0.99632
6.366 98.760 -3.955 0.08560 0.99633
6.451 99.757 -4.063 0.08549 0.99634
6.537 100.753 -4.171 0.08538 0.99635
6.622 101.749 -4.280 0.08527 0.99636
6.707 102.746 -4.388 0.08517 0.99637
6.793 103.742 -4.496 0.08508 0.99637
6.878 104.739 -4.605 0.08499 0.99638
6.963 105.735 -4.713 0.08491 0.99639
7.047 106.731 -4.821 0.08484 0.99639
7.132 107.728 -4.928 0.08477 0.99640
7.217 108.724 -5.036 0.08472 0.99641
7.302 109.721 -5.143 0.08467 0.99641
7.386 110.717 -5.249 0.08464 0.99641
7.471 111.713 -5.356 0.08461 0.99641
7.556 112.710 -5.462 0.08460 0.99642
7.640 113.706 -5.567 0.08460 0.99642
7.725 114.703 -5.672 0.08461 0.99641
7.809 115.699 -5.776 0.08463 0.99641
7.894 116.695 -5.880 0.08467 0.99641
7.979 117.692 -5.983 0.08472 0.99640
8.063 118.688 -6.086 0.08479 0.99640
8.148 119.685 -6.188 0.08487 0.99639
8.233 120.681 -6.289 0.08497 0.99638
8.318 121.677 -6.389 0.08508 0.99637
8.403 122.674 -6.488 0.08520 0.99636
8.489 123.670 -6.587 0.08534 0.99635
8.574 124.667 -6.685 0.08550 0.99634
8.660 125.663 -6.782 0.08567 0.99632
8.745 126.659 -6.878 0.08585 0.99631
8.831 127.655 -6.973 0.08605 0.99629
8.917 128.652 -7.067 0.08627 0.99627
9.004 129.648 -7.160 0.08651 0.99625
9.090 130.644 -7.252 0.08675 0.99623
9.177 131.640 -7.343 0.08702 0.99621
9.264 132.637 -7.434 0.08730 0.99618
9.352 133.633 -7.522 0.08759 0.99616
9.440 134.629 -7.610 0.08790 0.99613
9.528 135.625 -7.697 0.08823 0.99610
9.616 136.621 -7.783 0.08856 0.99607
9.705 137.617 -7.867 0.08892 0.99604
9.794 138.613 -7.950 0.08928 0.99601
9.883 139.609 -8.033 0.08966 0.99597
9.973 140.605 -8.114 0.09005 0.99594
10.064 141.601 -8.193 0.09046 0.99590
10.154 142.597 -8.272 0.09087 0.99586
10.245 143.593 -8.349 0.09130 0.99582
10.337 144.589 -8.425 0.09174 0.99578
10.429 145.584 -8.500 0.09218 0.99574
10.521 146.580 -8.574 0.09264 0.99570
10.614 147.576 -8.646 0.09310 0.99566
10.707 148.571 -8.717 0.09358 0.99561
10.801 149.567 -8.787 0.09406 0.99557
10.895 150.563 -8.856 0.09455 0.99552
10.990 151.558 -8.923 0.09504 0.99547
11.086 152.554 -8.989 0.09554 0.99543
11.181 153.549 -9.054 0.09604 0.99538
11.278 154.544 -9.117 0.09654 0.99533
11.374 155.540 -9.180 0.09705 0.99528
11.472 156.535 -9.241 0.09755 0.99523
11.570 157.530 -9.301 0.09806 0.99518
11.668 158.525 -9.359 0.09857 0.99513
11.767 159.520 -9.417 0.09907 0.99508
11.866 160.515 -9.473 0.09957 0.99503
11.966 161.510 -9.528 0.10007 0.99498
12.066 162.505 -9.582 0.10056 0.99493
12.167 163.500 -9.634 0.10104 0.99488
12.268 164.495 -9.685 0.10152 0.99483
12.370 165.490 -9.736 0.10199 0.99479
12.472 166.485 -9.785 0.10244 0.99474
12.575 167.479 -9.832 0.10289 0.99469
12.678 168.474 -9.879 0.10332 0.99465
12.781 169.469 -9.925 0.10374 0.99460
12.885 170.463 -9.969 0.10415 0.99456
12.990 171.458 -10.012 0.10454 0.99452
13.094 172.452 -10.055 0.10491 0.99448
13.200 173.447 -10.096 0.10526 0.99445
13.305 174.441 -10.136 0.10559 0.99441
13.411 175.436 -10.175 0.10590 0.99438
13.517 176.430 -10.213 0.10618 0.99435
13.623 177.424 -10.250 0.10644 0.99432
13.730 178.419 -10.286 0.10668 0.99429
13.836 179.413 -10.321 0.10688 0.99427
13.943 180.407 -10.356 0.10706 0.99425
14.051 181.401 -10.389 0.10721 0.99424
14.158 182.396 -10.421 0.10733 0.99422
14.265 183.390 -10.452 0.10741 0.99421
14.373 184.384 -10.483 0.10746 0.99421
14.480 185.378 -10.512 0.10747 0.99421
14.588 186.372 -10.541 0.10745 0.99421
14.695 187.367 -10.569 0.10739 0.99422
14.802 188.361 -10.596 0.10728 0.99423
14.910 189.355 -10.622 0.10714 0.99424
15.017 190.349 -10.647 0.10695 0.99426
15.124 191.344 -10.672 0.10672 0.99429
15.230 192.338 -10.696 0.10644 0.99432
15.336 193.332 -10.719 0.10612 0.99435
15.442 194.327 -10.741 0.10574 0.99439
15.548 195.321 -10.763 0.10532 0.99444
15.653 196.316 -10.784 0.10484 0.99449
15.758 197.310 -10.804 0.10432 0.99454
15.862 198.305 -10.824 0.10373 0.99460
15.965 199.299 -10.843 0.10310 0.99467
16.068 200.294 -10.861 0.10240 0.99474
16.170 201.289 -10.879 0.10165 0.99482
16.271 202.284 -10.896 0.10084 0.99490
16.372 203.279 -10.912 0.09997 0.99499
16.471 204.274 -10.928 0.09904 0.99508
16.570 205.269 -10.943 0.09804 0.99518
16.667 206.264 -10.958 0.09698 0.99529
16.764 207.259 -10.972 0.09585 0.99540
16.859 208.255 -10.985 0.09466 0.99551
16.953 209.250 -10.998 0.09340 0.99563
17.046 210.246 -11.010 0.09207 0.99575
17.137 211.242 -11.022 0.09067 0.99588
17.227 212.238 -11.033 0.08920 0.99601
17.315 213.234 -11.044 0.08766 0.99615
17.402 214.230 -11.054 0.08604 0.99629
17.488 215.226 -11.064 0.08435 0.99644
17.571 216.223 -11.073 0.08259 0.99658
17.653 217.220 -11.081 0.08075 0.99673
17.732 218.216 -11.089 0.07883 0.99689
17.810 219.213 -11.096 0.07686 0.99704
17.886 220.210 -11.103 0.07557 0.99714
17.961 221.208 -11.110 0.07531 0.99716
18.037 222.205 -11.115 0.07535 0.99716
18.112 223.202 -11.121 0.07537 0.99716
18.188 224.199 -11.125 0.07535 0.99716
18.263 225.196 -11.129 0.07530 0.99716
18.338 226.193 -11.133 0.07523 0.99717
18.413 227.191 -11.136 0.07512 0.99717
18.488 228.188 -11.138 0.07498 0.99719
18.563 229.185 -11.139 0.07481 0.99720
18.638 230.182 -11.140 0.07461 0.99721
18.713 231.179 -11.141 0.07438 0.99723
18.787 232.177 -11.140 0.07412 0.99725
18.861 233.174 -11.139 0.07382 0.99727
18.934 234.171 -11.138 0.07350 0.99730
19.008 235.168 -11.135 0.07315 0.99732
19.081 236.166 -11.132 0.07276 0.99735
19.153 237.163 -11.128 0.07234 0.99738
19.225 238.161 -11.123 0.07189 0.99741
19.297 239.158 -11.118 0.07141 0.99745
19.368 240.155 -11.112 0.07090 0.99748
19.439 241.153 -11.104 0.07036 0.99752
19.509 242.150 -11.096 0.06979 0.99756
19.578 243.148 -11.087 0.06919 0.99760
19.647 244.146 -11.077 0.06855 0.99765
19.716 245.143 -11.067 0.06789 0.99769
19.783 246.141 -11.055 0.06720 0.99774
19.850 247.139 -11.042 0.06647 0.99779
19.916 248.137 -11.028 0.06572 0.99784
19.981 249.135 -11.013 0.06493 0.99789
20.046 250.132 -10.997 0.06411 0.99794
20.110 251.130 -10.979 0.06327 0.99800
20.172 252.128 -10.961 0.06239 0.99805
20.234 253.127 -10.941 0.06149 0.99811
20.295 254.125 -10.920 0.06056 0.99816
20.356 255.123 -10.898 0.05959 0.99822
20.415 256.121 -10.875 0.05860 0.99828
20.473 257.119 -10.850 0.05758 0.99834
20.530 258.118 -10.823 0.05653 0.99840
20.586 259.116 -10.796 0.05545 0.99846
20.641 260.115 -10.766 0.05435 0.99852
20.694 261.113 -10.736 0.05322 0.99858
20.747 262.112 -10.703 0.05205 0.99864
20.799 263.111 -10.669 0.05087 0.99871
20.849 264.109 -10.634 0.04965 0.99877
20.898 265.108 -10.597 0.04841 0.99883
20.946 266.107 -10.558 0.04715 0.99889
20.992 267.106 -10.517 0.04585 0.99895
21.037 268.105 -10.474 0.04453 0.99901
21.081 269.104 -10.430 0.04319 0.99907
21.124 270.103 -10.384 0.04182 0.99913
21.165 271.102 -10.336 0.04043 0.99918
21.205 272.101 -10.286 0.03901 0.99924
21.243 273.101 -10.234 0.03757 0.99929
21.280 274.100 -10.180 0.03611 0.99935
21.315 275.099 -10.124 0.03462 0.99940
21.349 276.099 -10.065 0.03311 0.99945
21.381 277.098 -10.005 0.03158 0.99950
21.412 278.098 -9.942 0.03003 0.99955
21.441 279.097 -9.877 0.02846 0.99960
21.469 280.097 -9.810 0.02686 0.99964
21.495 281.097 -9.741 0.02525 0.99968
21.520 282.096 -9.669 0.02362 0.99972
21.542 283.096 -9.595 0.02196 0.99976
21.564 284.096 -9.519 0.02029 0.99979
21.583 285.096 -9.440 0.01860 0.99983
21.601 286.095 -9.359 0.01689 0.99986
21.617 287.095 -9.275 0.01517 0.99988
21.631 288.095 -9.189 0.01343 0.99991
21.644 289.095 -9.100 0.01167 0.99993
21.654 290.095 -9.008 0.00990 0.99995
21.663 291.095 -8.914 0.00811 0.99997
21.671 292.095 -8.818 0.00631 0.99998
21.676 293.095 -8.718 0.00450 0.99999
21.680 294.095 -8.616 0.00267 1.00000
21.681 295.095 -8.512 0.00083 1.00000
21.681 296.095 -8.404 -0.00103 1.00000
21.679 297.095 -8.294 -0.00289 1.00000
21.675 298.095 -8.181 -0.00476 0.99999
21.670 299.095 -8.066 -0.00665 0.99998
21.662 300.095 -7.948 -0.00854 0.99996
21.653 301.095 -7.826 -0.01045 0.99995
21.641 302.095 -7.703 -0.01236 0.99992
21.628 303.095 -7.576 -0.01428 0.99990
21.613 304.095 -7.446 -0.01620 0.99987
21.596 305.094 -7.314 -0.01814 0.99984
21.576 306.094 -7.179 -0.02007 0.99980
21.555 307.094 -7.041 -0.02202 0.99976
21.532 308.094 -6.901 -0.02396 0.99971
21.508 309.093 -6.757 -0.02592 0.99966
21.481 310.093 -6.611 -0.02787 0.99961
21.452 311.093 -6.462 -0.02983 0.99956
21.421 312.092 -6.310 -0.03179 0.99949
21.388 313.092 -6.156 -0.03374 0.99943
21.353 314.091 -5.998 -0.03570 0.99936
21.317 315.090 -5.838 -0.03766 0.99929
21.278 316.090 -5.676 -0.03962 0.99921
21.238 317.089 -5.510 -0.04158 0.99914
21.195 318.088 -5.342 -0.04353 0.99905
21.150 319.087 -5.171 -0.04549 0.99896
21.104 320.086 -4.998 -0.04743 0.99887
21.056 321.085 -4.822 -0.04938 0.99878
21.005 322.083 -4.644 -0.05132 0.99868
20.953 323.082 -4.463 -0.05325 0.99858
20.899 324.081 -4.279 -0.05518 0.99848
20.843 325.079 -4.093 -0.05710 0.99837
20.785 326.077 -3.905 -0.05901 0.99826
20.725 327.076 -3.715 -0.06092 0.99814
20.663 328.074 -3.522 -0.06281 0.99803
20.599 329.072 -3.326 -0.06470 0.99790
20.533 330.069 -3.129 -0.06657 0.99778
20.466 331.067 -2.929 -0.06844 0.99766
20.396 332.065 -2.728 -0.07029 0.99753
20.325 333.062 -2.524 -0.07213 0.99739
20.252 334.060 -2.318 -0.07396 0.99726
20.177 335.057 -2.110 -0.07578 0.99712
20.101 336.054 -1.901 -0.07758 0.99699
20.022 337.051 -1.689 -0.07937 0.99685
19.942 338.047 -1.476 -0.08114 0.99670
19.860 339.044 -1.261 -0.08290 0.99656
19.776 340.041 -1.045 -0.08464 0.99641
19.691 341.037 -0.826 -0.08636 0.99626
19.603 342.033 -0.607 -0.08806 0.99611
19.514 343.029 -0.386 -0.08975 0.99596
19.424 344.025 -0.163 -0.09142 0.99581
19.332 345.021 0.060 -0.09307 0.99566
19.238 346.016 0.285 -0.09470 0.99551
19.142 347.012 0.511 -0.09631 0.99535
19.045 348.007 0.738 -0.09790 0.99520
18.946 349.002 0.966 -0.09947 0.99504
18.846 349.997 1.195 -0.10101 0.99488
18.744 350.992 1.424 -0.10254 0.99473
18.641 351.987 1.654 -0.10404 0.99457
18.536 352.981 1.885 -0.10552 0.99442
18.430 353.975 2.117 -0.10697 0.99426
18.322 354.970 2.349 -0.10840 0.99411
18.213 355.964 2.581 -0.10980 0.99395
18.103 356.958 2.813 -0.11118 0.99380
17.991 357.951 3.046 -0.11254 0.99365
17.878 358.945 3.279 -0.11386 0.99350
17.763 359.938 3.512 -0.11517 0.99335
17.647 360.931 3.744 -0.11644 0.99320
17.530 361.925 3.977 -0.11769 0.99305
17.412 362.918 4.209 -0.11891 0.99291
17.292 363.910 4.441 -0.12010 0.99276
17.172 364.903 4.672 -0.12126 0.99262
17.050 365.896 4.903 -0.12239 0.99248
16.927 366.888 5.133 -0.12350 0.99235
16.803 367.880 5.363 -0.12457 0.99221
16.678 368.872 5.591 -0.12561 0.99208
16.552 369.865 5.819 -0.12663 0.99195
16.425 370.856 6.046 -0.12761 0.99182
16.297 371.848 6.271 -0.12856 0.99170
16.168 372.840 6.496 -0.12948 0.99158
16.038 373.831 6.719 -0.13037 0.99147
15.907 374.823 6.940 -0.13123 0.99135
15.775 375.814 7.161 -0.13205 0.99124
15.643 376.805 7.379 -0.13284 0.99114
15.509 377.796 7.597 -0.13360 0.99103
15.375 378.787 7.812 -0.13433 0.99094
15.241 379.778 8.026 -0.13502 0.99084
15.105 380.769 8.237 -0.13568 0.99075
14.969 381.760 8.447 -0.13631 0.99067
14.833 382.750 8.655 -0.13690 0.99059
14.696 383.741 8.860 -0.13745 0.99051
14.558 384.731 9.063 -0.13798 0.99044
14.420 385.722 9.264 -0.13846 0.99037
14.281 386.712 9.463 -0.13892 0.99030
14.142 387.702 9.659 -0.13933 0.99025
14.002 388.693 9.853 -0.13972 0.99019
13.862 389.683 10.044 -0.14006 0.99014
13.722 390.673 10.233 -0.14037 0.99010
13.582 391.663 10.418 -0.14065 0.99006
13.441 392.653 10.601 -0.14089 0.99003
13.300 393.643 10.781 -0.14109 0.99000
13.159 394.633 10.958 -0.14126 0.98997
13.017 395.623 11.132 -0.14139 0.98995
12.876 396.613 11.304 -0.14148 0.98994
12.734 397.603 11.472 -0.14154 0.98993
12.593 398.593 11.636 -0.14156 0.98993
12.451 399.583 11.798 -0.14155 0.98993
12.310 400.573 11.956 -0.14150 0.98994
12.168 401.563 12.111 -0.14141 0.98995
12.027 402.552 12.263 -0.14128 0.98997
11.886 403.542 12.411 -0.14112 0.98999
11.745 404.532 12.556 -0.14092 0.99002
11.604 405.523 12.697 -0.14068 0.99005
11.463 406.513 12.835 -0.14041 0.99009
11.323 407.503 12.969 -0.14010 0.99014
11.183 408.493 13.100 -0.13975 0.99019
11.044 409.483 13.227 -0.13937 0.99024
10.904 410.473 13.350 -0.13895 0.99030
10.766 411.464 13.469 -0.13849 0.99036
10.627 412.454 13.585 -0.13799 0.99043
10.490 413.445 13.697 -0.13746 0.99051
10.352 414.435 13.806 -0.13689 0.99059
10.216 415.426 13.910 -0.13628 0.99067
10.080 416.416 14.011 -0.13564 0.99076
9.945 417.407 14.108 -0.13496 0.99085
9.810 418.398 14.201 -0.13425 0.99095
9.676 419.389 14.290 -0.13349 0.99105
9.543 420.380 14.375 -0.13270 0.99116
9.411 421.371 14.456 -0.13188 0.99127
9.279 422.363 14.534 -0.13102 0.99138
9.149 423.354 14.608 -0.13012 0.99150
9.019 424.346 14.678 -0.12919 0.99162
8.890 425.337 14.744 -0.12822 0.99175
8.763 426.329 14.806 -0.12721 0.99188
8.636 427.321 14.864 -0.12617 0.99201
8.510 428.313 14.918 -0.12510 0.99214
8.386 429.305 14.969 -0.12399 0.99228
8.262 430.298 15.015 -0.12284 0.99243
8.140 431.290 15.058 -0.12166 0.99257
8.019 432.283 15.097 -0.12045 0.99272
7.899 433.276 15.132 -0.11920 0.99287
7.781 434.269 15.164 -0.11792 0.99302
7.663 435.262 15.192 -0.11660 0.99318
7.547 436.255 15.215 -0.11525 0.99334
7.433 437.248 15.236 -0.11387 0.99350
7.320 438.242 15.252 -0.11245 0.99366
7.208 439.236 15.265 -0.11101 0.99382
7.098 440.230 15.274 -0.10953 0.99398
6.989 441.224 15.280 -0.10801 0.99415
6.882 442.218 15.282 -0.10647 0.99432
6.776 443.212 15.281 -0.10490 0.99448
6.672 444.207 15.276 -0.10329 0.99465
6.569 445.202 15.267 -0.10166 0.99482
6.468 446.197 15.255 -0.09999 0.99499
6.369 447.192 15.240 -0.09830 0.99516
6.272 448.187 15.221 -0.09657 0.99533
6.176 449.182 15.199 -0.09482 0.99549
6.082 450.178 15.174 -0.09304 0.99566
5.990 451.174 15.145 -0.09123 0.99583
5.900 452.170 15.113 -0.08939 0.99600
5.811 453.166 15.078 -0.08752 0.99616
5.725 454.162 15.040 -0.08563 0.99633
5.640 455.158 14.999 -0.08371 0.99649
5.557 456.155 14.955 -0.08177 0.99665
5.477 457.152 14.908 -0.07980 0.99681
5.398 458.148 14.857 -0.07781 0.99697
5.321 459.146 14.804 -0.07579 0.99712
5.246 460.143 14.748 -0.07375 0.99728
5.173 461.140 14.690 -0.07169 0.99743
5.103 462.138 14.628 -0.06960 0.99757
5.034 463.135 14.564 -0.06749 0.99772
4.968 464.133 14.497 -0.06537 0.99786
4.903 465.131 14.427 -0.06322 0.99800
4.841 466.129 14.355 -0.06104 0.99814
4.781 467.127 14.280 -0.05885 0.99827
4.724 468.126 14.203 -0.05665 0.99839
4.668 469.124 14.123 -0.05442 0.99852
4.615 470.123 14.041 -0.05217 0.99864
4.564 471.121 13.957 -0.04991 0.99875
4.515 472.120 13.870 -0.04763 0.99886
4.468 473.119 13.781 -0.04534 0.99897
4.424 474.118 13.690 -0.04303 0.99907
4.382 475.117 13.596 -0.04071 0.99917
4.343 476.116 13.501 -0.03837 0.99926
4.306 477.116 13.403 -0.03602 0.99935
4.271 478.115 13.304 -0.03366 0.99943
4.238 479.115 13.202 -0.03128 0.99951
4.208 480.114 13.099 -0.02890 0.99958
4.181 481.114 12.993 -0.02650 0.99965
4.155 482.113 12.886 -0.02410 0.99971
4.132 483.113 12.777 -0.02168 0.99976
4.112 484.113 12.667 -0.01926 0.99981
4.094 485.113 12.554 -0.01683 0.99986
4.078 486.113 12.440 -0.01439 0.99990
4.065 487.113 12.325 -0.01195 0.99993
4.054 488.112 12.207 -0.00951 0.99995
4.046 489.112 12.089 -0.00706 0.99998
4.040 490.112 11.968 -0.00460 0.99999
4.037 491.112 11.847 -0.00214 1.00000
4.036 492.112 11.724 0.00032 1.00000
4.037 493.112 11.599 0.00278 1.00000
4.041 494.112 11.474 0.00524 0.99999
4.048 495.112 11.347 0.00770 0.99997
4.057 496.112 11.218 0.01016 0.99995
4.068 497.112 11.089 0.01262 0.99992
4.082 498.112 10.958 0.01507 0.99989
4.098 499.112 10.827 0.01753 0.99985
4.117 500.112 10.694 0.01998 0.99980
4.138 501.112 10.560 0.02242 0.99975
4.162 502.111 10.425 0.02486 0.99969
4.188 503.111 10.289 0.02729 0.99963
4.217 504.111 10.153 0.02972 0.99956
4.248 505.110 10.015 0.03214 0.99948
4.281 506.110 9.876 0.03455 0.99940
4.317 507.109 9.737 0.03695 0.99932
4.355 508.108 9.597 0.03934 0.99923
4.395 509.107 9.456 0.04172 0.99913
4.438 510.106 9.314 0.04409 0.99903
4.483 511.105 9.172 0.04645 0.99892
4.531 512.104 9.029 0.04879 0.99881
4.581 513.103 8.885 0.05112 0.99869
4.633 514.102 8.740 0.05344 0.99857
4.688 515.100 8.596 0.05574 0.99845
4.745 516.099 8.450 0.05803 0.99831
4.804 517.097 8.304 0.06030 0.99818
4.865 518.095 8.158 0.06255 0.99804
4.929 519.093 8.011 0.06479 0.99790
4.995 520.091 7.863 0.06701 0.99775
5.063 521.088 7.715 0.06921 0.99760
5.133 522.086 7.567 0.07139 0.99745
5.206 523.083 7.419 0.07355 0.99729
5.281 524.081 7.270 0.07569 0.99713
5.357 525.078 7.120 0.07781 0.99697
5.436 526.074 6.971 0.07991 0.99680
5.517 527.071 6.821 0.08199 0.99663
5.600 528.068 6.671 0.08404 0.99646
5.685 529.064 6.521 0.08607 0.99629
5.772 530.060 6.370 0.08808 0.99611
5.861 531.056 6.220 0.09006 0.99594
5.952 532.052 6.069 0.09201 0.99576
6.045 533.048 5.918 0.09395 0.99558
6.140 534.043 5.768 0.09585 0.99540
6.237 535.039 5.617 0.09773 0.99521
6.336 536.034 5.466 0.09958 0.99503
6.436 537.029 5.315 0.10141 0.99485
6.539 538.023 5.163 0.10320 0.99466
6.643 539.018 5.012 0.10497 0.99448
6.749 540.012 4.862 0.10671 0.99429
6.856 541.007 4.711 0.10842 0.99410
6.965 542.001 4.560 0.11010 0.99392
7.076 542.994 4.409 0.11176 0.99374
7.189 543.988 4.259 0.11338 0.99355
7.303 544.982 4.108 0.11497 0.99337
7.419 545.975 3.958 0.11653 0.99319
7.536 546.968 3.808 0.11805 0.99301
7.655 547.961 3.658 0.11955 0.99283
7.775 548.954 3.509 0.12101 0.99265
7.897 549.946 3.359 0.12245 0.99248
8.020 550.939 3.210 0.12384 0.99230
8.145 551.931 3.062 0.12521 0.99213
8.271 552.923 2.913 0.12654 0.99196
8.398 553.915 2.765 0.12784 0.99179
8.526 554.906 2.617 0.12911 0.99163
8.656 555.898 2.470 0.13034 0.99147
8.787 556.889 2.323 0.13153 0.99131
8.919 557.881 2.177 0.13269 0.99116
9.052 558.872 2.031 0.13382 0.99101
9.187 559.863 1.885 0.13491 0.99086
9.322 560.853 1.740 0.13597 0.99071
9.459 561.844 1.596 0.13699 0.99057
9.596 562.834 1.452 0.13798 0.99044
9.735 563.825 1.308 0.13893 0.99030
9.874 564.815 1.165 0.13984 0.99017
10.014 565.805 1.023 0.14072 0.99005
10.155 566.795 0.881 0.14156 0.98993
10.297 567.785 0.740 0.14236 0.98981
10.440 568.775 0.600 0.14313 0.98970
10.584 569.764 0.460 0.14386 0.98960
10.728 570.754 0.321 0.14455 0.98950
10.873 571.743 0.182 0.14521 0.98940
11.018 572.733 0.045 0.14583 0.98931
11.164 573.722 -0.092 0.14642 0.98922
11.311 574.711 -0.228 0.14696 0.98914
11.458 575.700 -0.364 0.14747 0.98907
11.606 576.689 -0.498 0.14794 0.98900
11.754 577.678 -0.632 0.14838 0.98893
11.903 578.667 -0.765 0.14877 0.98887
12.052 579.656 -0.897 0.14913 0.98882
12.201 580.645 -1.028 0.14945 0.98877
12.351 581.634 -1.159 0.14974 0.98873
12.500 582.622 -1.288 0.14999 0.98869
12.651 583.611 -1.417 0.15020 0.98866
12.801 584.600 -1.544 0.15037 0.98863
12.951 585.588 -1.671 0.15050 0.98861
13.102 586.577 -1.796 0.15060 0.98859
13.253 587.565 -1.921 0.15066 0.98859
13.403 588.554 -2.044 0.15068 0.98858
13.554 589.543 -2.167 0.15067 0.98858
13.705 590.531 -2.288 0.15062 0.98859
13.855 591.520 -2.408 0.15053 0.98861
14.006 592.508 -2.528 0.15040 0.98863
14.156 593.497 -2.646 0.15024 0.98865
14.306 594.486 -2.763 0.15004 0.98868
14.456 595.474 -2.879 0.14980 0.98872
14.606 596.463 -2.994 0.14953 0.98876
14.755 597.452 -3.107 0.14922 0.98880
14.904 598.441 -3.220 0.14887 0.98886
15.053 599.430 -3.331 0.14849 0.98891
15.201 600.419 -3.441 0.14807 0.98898
15.349 601.408 -3.550 0.14762 0.98904
15.496 602.397 -3.657 0.14712 0.98912
15.643 603.386 -3.764 0.14660 0.98920
15.789 604.375 -3.869 0.14604 0.98928
15.935 605.364 -3.973 0.14544 0.98937
16.080 606.354 -4.075 0.14481 0.98946
16.225 607.343 -4.176 0.14414 0.98956
16.369 608.333 -4.276 0.14344 0.98966
16.512 609.323 -4.375 0.14270 0.98977
16.654 610.312 -4.472 0.14193 0.98988
16.796 611.302 -4.568 0.14113 0.98999
16.936 612.292 -4.662 0.14029 0.99011
17.076 613.283 -4.756 0.13942 0.99023
17.215 614.273 -4.847 0.13852 0.99036
17.353 615.263 -4.938 0.13758 0.99049
17.490 616.254 -5.027 0.13661 0.99063
17.626 617.245 -5.115 0.13561 0.99076
17.762 618.235 -5.201 0.13457 0.99090
17.896 619.226 -5.286 0.13350 0.99105
18.029 620.218 -5.369 0.13241 0.99120
18.160 621.209 -5.451 0.13128 0.99135
18.291 622.200 -5.532 0.13012 0.99150
18.421 623.192 -5.611 0.12893 0.99165
18.549 624.183 -5.689 0.12771 0.99181
18.676 625.175 -5.765 0.12646 0.99197
18.802 626.167 -5.840 0.12518 0.99213
18.926 627.160 -5.914 0.12387 0.99230
19.050 628.152 -5.986 0.12254 0.99246
19.171 629.145 -6.056 0.12117 0.99263
19.292 630.137 -6.125 0.11978 0.99280
19.411 631.130 -6.193 0.11836 0.99297
19.529 632.123 -6.259 0.11691 0.99314
19.645 633.116 -6.324 0.11544 0.99331
19.760 634.110 -6.387 0.11394 0.99349
19.873 635.103 -6.449 0.11242 0.99366
19.984 636.097 -6.510 0.11087 0.99384
20.094 637.091 -6.569 0.10929 0.99401
20.203 638.085 -6.626 0.10770 0.99418
20.310 639.079 -6.683 0.10607 0.99436
20.415 640.074 -6.737 0.10443 0.99453
20.519 641.069 -6.791 0.10276 0.99471
20.621 642.063 -6.843 0.10107 0.99488
20.721 643.058 -6.893 0.09936 0.99505
20.819 644.053 -6.942 0.09763 0.99522
20.916 645.049 -6.990 0.09588 0.99539
21.011 646.044 -7.036 0.09411 0.99556
21.104 647.040 -7.081 0.09231 0.99573
21.196 648.036 -7.125 0.09050 0.99590
21.285 649.032 -7.167 0.08867 0.99606
21.373 650.028 -7.208 0.08683 0.99622
21.459 651.024 -7.247 0.08496 0.99638
21.543 652.021 -7.286 0.08308 0.99654
21.625 653.017 -7.322 0.08119 0.99670
21.705 654.014 -7.358 0.07928 0.99685
21.784 655.011 -7.392 0.07735 0.99700
21.860 656.008 -7.425 0.07541 0.99715
21.935 657.005 -7.457 0.07346 0.99730
22.007 658.003 -7.487 0.07149 0.99744
22.078 659.000 -7.516 0.06951 0.99758
22.146 659.998 -7.544 0.06753 0.99772
22.213 660.996 -7.571 0.06552 0.99785
22.277 661.993 -7.596 0.06351 0.99798
22.340 662.991 -7.620 0.06149 0.99811
22.400 663.990 -7.643 0.05946 0.99823
22.459 664.988 -7.665 0.05743 0.99835
22.515 665.986 -7.686 0.05538 0.99847
22.569 666.985 -7.705 0.05333 0.99858
22.622 667.983 -7.723 0.05127 0.99868
22.672 668.982 -7.740 0.04921 0.99879
22.720 669.981 -7.756 0.04714 0.99889
22.766 670.980 -7.771 0.04507 0.99898
22.810 671.979 -7.785 0.04299 0.99908
22.852 672.978 -7.798 0.04091 0.99916
22.892 673.977 -7.810 0.03883 0.99925
22.930 674.977 -7.820 0.03675 0.99932
22.965 675.976 -7.830 0.03467 0.99940
22.999 676.975 -7.838 0.03258 0.99947
23.031 677.975 -7.846 0.03050 0.99953
23.060 678.975 -7.852 0.02842 0.99960
23.087 679.974 -7.858 0.02634 0.99965
23.113 680.974 -7.862 0.02426 0.99971
23.136 681.974 -7.866 0.02219 0.99975
23.157 682.973 -7.868 0.02012 0.99980
23.176 683.973 -7.870 0.01805 0.99984
23.193 684.973 -7.870 0.01599 0.99987
23.208 685.973 -7.870 0.01394 0.99990
23.221 686.973 -7.869 0.01189 0.99993
23.232 687.973 -7.867 0.00985 0.99995
23.241 688.973 -7.864 0.00782 0.99997
23.248 689.973 -7.860 0.00579 0.99998
23.252 690.973 -7.855 0.00378 0.99999
23.255 691.973 -7.850 0.00177 1.00000
23.256 692.973 -7.843 -0.00022 1.00000
23.255 693.973 -7.836 -0.00221 1.00000
23.252 694.973 -7.828 -0.00418 0.99999
23.246 695.973 -7.819 -0.00614 0.99998
23.239 696.973 -7.809 -0.00808 0.99997
23.230 697.973 -7.798 -0.01002 0.99995
23.219 698.973 -7.787 -0.01193 0.99993
23.206 699.972 -7.774 -0.01384 0.99990
23.192 700.972 -7.761 -0.01573 0.99988
23.175 701.972 -7.747 -0.01760 0.99985
23.156 702.972 -7.732 -0.01946 0.99981
23.136 703.972 -7.716 -0.02130 0.99977
23.114 704.972 -7.700 -0.02312 0.99973
23.090 705.971 -7.683 -0.02492 0.99969
23.064 706.971 -7.665 -0.02671 0.99964
23.036 707.971 -7.646 -0.02847 0.99959
23.007 708.970 -7.626 -0.03022 0.99954
22.976 709.970 -7.606 -0.03195 0.99949
22.943 710.969 -7.584 -0.03365 0.99943
22.909 711.969 -7.562 -0.03534 0.99938
22.872 712.968 -7.539 -0.03700 0.99932
22.835 713.967 -7.515 -0.03864 0.99925
22.795 714.966 -7.490 -0.04026 0.99919
22.754 715.966 -7.465 -0.04186 0.99912
22.711 716.965 -7.439 -0.04343 0.99906
22.667 717.964 -7.411 -0.04498 0.99899
22.621 718.963 -7.383 -0.04651 0.99892
22.574 719.961 -7.354 -0.04801 0.99885
22.525 720.960 -7.324 -0.04948 0.99878
22.475 721.959 -7.294 -0.05093 0.99870
22.424 722.958 -7.262 -0.05236 0.99863
22.371 723.956 -7.229 -0.05376 0.99855
22.316 724.955 -7.196 -0.05513 0.99848
22.260 725.953 -7.161 -0.05647 0.99840
22.203 726.952 -7.126 -0.05779 0.99833
22.145 727.950 -7.090 -0.05909 0.99825
22.085 728.948 -7.052 -0.06035 0.99818
22.024 729.946 -7.014 -0.06159 0.99810
21.962 730.944 -6.975 -0.06279 0.99803
21.898 731.942 -6.934 -0.06397 0.99795
21.834 732.940 -6.893 -0.06512 0.99788
21.768 733.938 -6.851 -0.06625 0.99780
21.701 734.936 -6.807 -0.06734 0.99773
21.633 735.933 -6.763 -0.06840 0.99766
21.565 736.931 -6.717 -0.06944 0.99759
21.495 737.929 -6.670 -0.07044 0.99752
21.424 738.926 -6.622 -0.07141 0.99745
21.352 739.924 -6.573 -0.07236 0.99738
21.279 740.921 -6.523 -0.07327 0.99731
21.205 741.918 -6.472 -0.07416 0.99725
21.131 742.915 -6.420 -0.07501 0.99718
21.055 743.913 -6.366 -0.07583 0.99712
20.979 744.910 -6.311 -0.07662 0.99706
20.902 745.907 -6.255 -0.07738 0.99700
20.824 746.904 -6.197 -0.07811 0.99694
20.746 747.901 -6.139 -0.07881 0.99689
20.667 748.897 -6.079 -0.07948 0.99684
20.587 749.894 -6.018 -0.08011 0.99679
20.506 750.891 -5.955 -0.08072 0.99674
20.425 751.888 -5.891 -0.08129 0.99669
20.344 752.884 -5.826 -0.08183 0.99665
20.262 753.881 -5.760 -0.08234 0.99660
20.179 754.878 -5.692 -0.08282 0.99656
20.096 755.874 -5.623 -0.08327 0.99653
20.013 756.871 -5.552 -0.08369 0.99649
19.929 757.867 -5.480 -0.08407 0.99646
19.844 758.864 -5.407 -0.08442 0.99643
19.760 759.860 -5.332 -0.08475 0.99640
19.675 760.856 -5.256 -0.08504 0.99638
19.590 761.853 -5.178 -0.08530 0.99636
19.504 762.849 -5.099 -0.08553 0.99634
19.419 763.845 -5.019 -0.08572 0.99632
19.333 764.842 -4.937 -0.08589 0.99630
19.247 765.838 -4.854 -0.08603 0.99629
19.161 766.834 -4.769 -0.08613 0.99628
19.075 767.831 -4.683 -0.08620 0.99628
18.988 768.827 -4.595 -0.08625 0.99627
18.902 769.823 -4.506 -0.08626 0.99627
18.816 770.819 -4.415 -0.08625 0.99627
18.730 771.816 -4.323 -0.08620 0.99628
18.643 772.812 -4.230 -0.08612 0.99628
18.557 773.808 -4.135 -0.08602 0.99629
18.471 774.805 -4.039 -0.08588 0.99631
18.386 775.801 -3.941 -0.08572 0.99632
18.300 776.797 -3.842 -0.08552 0.99634
18.215 777.794 -3.741 -0.08530 0.99636
18.129 778.790 -3.639 -0.08505 0.99638
18.045 779.786 -3.536 -0.08477 0.99640
17.960 780.783 -3.431 -0.08446 0.99643
17.876 781.779 -3.325 -0.08412 0.99646
17.792 782.776 -3.218 -0.08376 0.99649
17.708 783.772 -3.109 -0.08337 0.99652
17.625 784.769 -2.999 -0.08295 0.99655
17.542 785.765 -2.888 -0.08250 0.99659
17.460 786.762 -2.776 -0.08203 0.99663
17.378 787.758 -2.662 -0.08154 0.99667
17.297 788.755 -2.547 -0.08101 0.99671
17.216 789.752 -2.431 -0.08046 0.99676
17.136 790.749 -2.314 -0.07989 0.99680
17.056 791.746 -2.196 -0.07929 0.99685
16.977 792.742 -2.076 -0.07867 0.99690
16.899 793.739 -1.956 -0.07802 0.99695
16.821 794.736 -1.835 -0.07735 0.99700
16.744 795.733 -1.712 -0.07666 0.99706
16.668 796.730 -1.589 -0.07594 0.99711
16.592 797.728 -1.465 -0.07520 0.99717
16.518 798.725 -1.340 -0.07444 0.99723
16.444 799.722 -1.214 -0.07365 0.99728
16.370 800.719 -1.087 -0.07285 0.99734
16.298 801.717 -0.960 -0.07202 0.99740
16.226 802.714 -0.832 -0.07118 0.99746
16.155 803.712 -0.703 -0.07031 0.99753
16.086 804.709 -0.574 -0.06943 0.99759
16.017 805.707 -0.444 -0.06852 0.99765
15.949 806.704 -0.314 -0.06760 0.99771
15.881 807.702 -0.183 -0.06666 0.99778
15.815 808.700 -0.052 -0.06570 0.99784
15.750 809.698 0.080 -0.06472 0.99790
15.686 810.696 0.211 -0.06373 0.99797
15.623 811.694 0.343 -0.06272 0.99803
15.560 812.692 0.475 -0.06170 0.99809
15.499 813.690 0.607 -0.06066 0.99816
15.439 814.688 0.740 -0.05961 0.99822
15.380 815.686 0.872 -0.05854 0.99829
15.322 816.685 1.004 -0.05746 0.99835
15.265 817.683 1.136 -0.05637 0.99841
15.209 818.682 1.268 -0.05526 0.99847
15.155 819.680 1.399 -0.05414 0.99853
15.101 820.679 1.530 -0.05301 0.99859
15.048 821.677 1.661 -0.05187 0.99865
14.997 822.676 1.792 -0.05072 0.99871
14.947 823.675 1.921 -0.04956 0.99877
14.898 824.673 2.051 -0.04840 0.99883
14.850 825.672 2.179 -0.04722 0.99888
14.804 826.671 2.307 -0.04603 0.99894
14.758 827.670 2.434 -0.04484 0.99899
14.714 828.669 2.560 -0.04365 0.99905
14.671 829.668 2.686 -0.04244 0.99910
14.629 830.667 2.810 -0.04123 0.99915
14.588 831.667 2.933 -0.04002 0.99920
14.549 832.666 3.056 -0.03880 0.99925
14.511 833.665 3.177 -0.03758 0.99929
14.474 834.664 3.296 -0.03635 0.99934
14.438 835.664 3.415 -0.03513 0.99938
14.404 836.663 3.532 -0.03390 0.99943
14.370 837.663 3.648 -0.03267 0.99947
14.338 838.662 3.762 -0.03144 0.99951
14.307 839.662 3.874 -0.03021 0.99954
14.278 840.661 3.985 -0.02898 0.99958
14.249 841.661 4.095 -0.02775 0.99961
14.222 842.660 4.202 -0.02653 0.99965
14.196 843.660 4.308 -0.02530 0.99968
14.172 844.660 4.412 -0.02408 0.99971
14.148 845.660 4.514 -0.02287 0.99974
14.126 846.659 4.614 -0.02166 0.99977
14.105 847.659 4.712 -0.02045 0.99979
14.085 848.659 4.808 -0.01925 0.99981
14.066 849.659 4.901 -0.01806 0.99984
14.049 850.659 4.993 -0.01687 0.99986
14.033 851.658 5.082 -0.01569 0.99988
14.018 852.658 5.169 -0.01452 0.99989
14.004 853.658 5.254 -0.01336 0.99991
13.991 854.658 5.336 -0.01221 0.99993
13.979 855.658 5.416 -0.01106 0.99994
13.969 856.658 5.493 -0.00993 0.99995
13.959 857.658 5.568 -0.00881 0.99996
13.951 858.658 5.640 -0.00770 0.99997
13.944 859.658 5.709 -0.00660 0.99998
13.938 860.658 5.776 -0.00552 0.99998
13.933 861.658 5.840 -0.00445 0.99999
13.929 862.658 5.902 -0.00340 0.99999
13.926 863.658 5.960 -0.00235 1.00000
13.924 864.658 6.016 -0.00133 1.00000
13.923 865.658 6.069 -0.00032 1.00000
13.924 866.658 6.119 0.00067 1.00000
13.925 867.658 6.167 0.00165 1.00000
13.927 868.658 6.211 0.00261 1.00000
13.930 869.658 6.253 0.00355 0.99999
13.934 870.658 6.291 0.00447 0.99999
13.939 871.658 6.327 0.00538 0.99999
13.945 872.658 6.359 0.00626 0.99998
13.952 873.658 6.389 0.00713 0.99997
13.959 874.658 6.416 0.00797 0.99997
13.967 875.658 6.439 0.00879 0.99996
13.977 876.658 6.460 0.00959 0.99995
13.987 877.658 6.477 0.01037 0.99995
13.997 878.658 6.492 0.01113 0.99994
14.009 879.657 6.503 0.01186 0.99993
14.021 880.657 6.512 0.01257 0.99992
14.034 881.657 6.517 0.01326 0.99991
14.048 882.657 6.519 0.01392 0.99990
14.062 883.657 6.519 0.01455 0.99989
14.077 884.657 6.515 0.01517 0.99988
14.092 885.657 6.508 0.01575 0.99988
14.108 886.657 6.498 0.01631 0.99987
14.125 887.657 6.486 0.01685 0.99986
14.142 888.656 6.470 0.01735 0.99985
14.160 889.656 6.452 0.01783 0.99984
14.178 890.656 6.430 0.01828 0.99983
14.196 891.656 6.406 0.01871 0.99982
14.215 892.656 6.378 0.01911 0.99982
14.234 893.656 6.348 0.01947 0.99981
14.254 894.655 6.315 0.01981 0.99980
14.274 895.655 6.279 0.02012 0.99980
14.294 896.655 6.241 0.02040 0.99979
14.315 897.655 6.200 0.02065 0.99979
14.336 898.655 6.156 0.02087 0.99978
14.356 899.654 6.109 0.02106 0.99978
14.378 900.654 6.060 0.02122 0.99977
14.399 901.654 6.008 0.02135 0.99977
14.420 902.654 5.954 0.02144 0.99977
14.442 903.653 5.897 0.02151 0.99977
14.463 904.653 5.838 0.02154 0.99977
14.485 905.653 5.776 0.02155 0.99977
14.506 906.653 5.712 0.02152 0.99977
14.528 907.653 5.646 0.02145 0.99977
14.549 908.652 5.577 0.02136 0.99977
14.571 909.652 5.507 0.02123 0.99977
14.592 910.652 5.434 0.02107 0.99978
14.613 911.652 5.359 0.02088 0.99978
14.634 912.651 5.282 0.02065 0.99979
14.654 913.651 5.203 0.02039 0.99979
14.674 914.651 5.122 0.02010 0.99980
14.694 915.651 5.039 0.01977 0.99980
14.714 916.651 4.955 0.01941 0.99981
14.733 917.650 4.869 0.01902 0.99982
14.752 918.650 4.781 0.01859 0.99983
14.770 919.650 4.691 0.01813 0.99984
14.788 920.650 4.601 0.01764 0.99984
14.806 921.650 4.508 0.01711 0.99985
14.822 922.650 4.414 0.01654 0.99986
14.839 923.650 4.319 0.01595 0.99987
14.854 924.649 4.223 0.01532 0.99988
14.869 925.649 4.125 0.01465 0.99989
14.884 926.649 4.026 0.01395 0.99990
14.897 927.649 3.926 0.01322 0.99991
14.910 928.649 3.825 0.01246 0.99992
14.922 929.649 3.724 0.01166 0.99993
14.933 930.649 3.621 0.01082 0.99994
14.944 931.649 3.517 0.00996 0.99995
14.953 932.649 3.413 0.00905 0.99996
14.962 933.649 3.308 0.00812 0.99997
14.970 934.649 3.203 0.00715 0.99997
14.976 935.649 3.097 0.00615 0.99998
14.982 936.649 2.991 0.00512 0.99999
14.986 937.649 2.884 0.00405 0.99999
14.990 938.649 2.777 0.00295 1.00000
14.992 939.649 2.670 0.00182 1.00000
14.994 940.649 2.562 0.00066 1.00000
14.994 941.649 2.454 -0.00054 1.00000
14.992 942.649 2.347 -0.00177 1.00000
14.990 943.649 2.239 -0.00303 1.00000
14.986 944.649 2.132 -0.00432 0.99999
14.981 945.649 2.024 -0.00564 0.99998
14.975 946.649 1.917 -0.00699 0.99998
14.967 947.649 1.810 -0.00838 0.99996
14.958 948.649 1.704 -0.00979 0.99995
14.948 949.648 1.598 -0.01124 0.99994
14.936 950.648 1.492 -0.01271 0.99992
14.922 951.648 1.387 -0.01421 0.99990
14.907 952.648 1.282 -0.01575 0.99988
14.891 953.648 1.179 -0.01731 0.99985
14.873 954.648 1.075 -0.01890 0.99982
14.853 955.648 0.973 -0.02052 0.99979
14.832 956.647 0.871 -0.02216 0.99975
14.809 957.647 0.771 -0.02384 0.99972
14.784 958.647 0.671 -0.02553 0.99967
14.758 959.647 0.572 -0.02726 0.99963
14.730 960.646 0.474 -0.02901 0.99958
14.700 961.646 0.377 -0.03079 0.99953
14.668 962.645 0.282 -0.03259 0.99947
14.635 963.645 0.187 -0.03442 0.99941
14.599 964.644 0.094 -0.03627 0.99934
14.562 965.643 0.002 -0.03814 0.99927
14.523 966.643 -0.089 -0.04004 0.99920
14.482 967.642 -0.178 -0.04196 0.99912
14.439 968.641 -0.266 -0.04390 0.99904
14.394 969.640 -0.353 -0.04587 0.99895
14.347 970.639 -0.438 -0.04785 0.99885
14.298 971.638 -0.521 -0.04986 0.99876
14.248 972.636 -0.603 -0.05188 0.99865
14.195 973.635 -0.684 -0.05393 0.99854
14.140 974.633 -0.763 -0.05599 0.99843
14.083 975.632 -0.840 -0.05807 0.99831
14.024 976.630 -0.916 -0.06017 0.99819
13.962 977.628 -0.990 -0.06228 0.99806
13.899 978.626 -1.063 -0.06441 0.99792
13.834 979.624 -1.133 -0.06656 0.99778
13.766 980.622 -1.202 -0.06872 0.99764
13.696 981.619 -1.270 -0.07090 0.99748
13.624 982.617 -1.335 -0.07309 0.99733
13.550 983.614 -1.399 -0.07529 0.99716
13.474 984.611 -1.461 -0.07751 0.99699
13.395 985.608 -1.521 -0.07974 0.99682
13.314 986.605 -1.579 -0.08198 0.99663
13.231 987.601 -1.635 -0.08422 0.99645
13.146 988.597 -1.690 -0.08648 0.99625
13.058 989.594 -1.743 -0.08875 0.99605
12.968 990.590 -1.794 -0.09103 0.99585
12.876 991.585 -1.843 -0.09331 0.99564
12.781 992.581 -1.890 -0.09560 0.99542
12.685 993.576 -1.935 -0.09790 0.99520
12.586 994.571 -1.978 -0.10020 0.99497
12.484 995.566 -2.020 -0.10251 0.99473
12.381 996.561 -2.059 -0.10482 0.99449
12.275 997.555 -2.097 -0.10714 0.99424
12.166 998.549 -2.133 -0.10946 0.99399
12.056 999.543 -2.167 -0.11178 0.99373
11.943 1000.537 -2.200 -0.11410 0.99347
11.828 1001.530 -2.230 -0.11643 0.99320
11.710 1002.523 -2.259 -0.11875 0.99292
11.590 1003.516 -2.285 -0.12107 0.99264
11.468 1004.508 -2.310 -0.12339 0.99236
11.343 1005.500 -2.333 -0.12571 0.99207
11.216 1006.492 -2.355 -0.12803 0.99177
11.087 1007.484 -2.374 -0.13034 0.99147
10.956 1008.475 -2.392 -0.13265 0.99116
10.822 1009.466 -2.408 -0.13496 0.99085
10.686 1010.457 -2.423 -0.13725 0.99054
10.547 1011.447 -2.435 -0.13955 0.99022
10.407 1012.437 -2.446 -0.14183 0.98989
10.264 1013.427 -2.456 -0.14411 0.98956
10.118 1014.417 -2.463 -0.14638 0.98923
9.971 1015.406 -2.469 -0.14864 0.98889
9.821 1016.394 -2.474 -0.15090 0.98855
9.669 1017.383 -2.476 -0.15314 0.98820
9.515 1018.371 -2.478 -0.15537 0.98786
9.358 1019.358 -2.477 -0.15759 0.98750
9.200 1020.346 -2.476 -0.15980 0.98715
9.039 1021.333 -2.472 -0.16199 0.98679
8.876 1022.319 -2.468 -0.16418 0.98643
8.710 1023.306 -2.461 -0.16634 0.98607
8.543 1024.292 -2.454 -0.16850 0.98570
8.373 1025.277 -2.445 -0.17064 0.98533
8.202 1026.262 -2.434 -0.17276 0.98496
8.028 1027.247 -2.423 -0.17487 0.98459
7.852 1028.231 -2.410 -0.17696 0.98422
7.674 1029.215 -2.395 -0.17903 0.98384
7.494 1030.199 -2.380 -0.18109 0.98347
7.312 1031.182 -2.363 -0.18313 0.98309
7.128 1032.165 -2.345 -0.18514 0.98271
6.942 1033.148 -2.326 -0.18714 0.98233
6.753 1034.130 -2.305 -0.18912 0.98195
6.563 1035.112 -2.284 -0.19108 0.98157
6.371 1036.093 -2.261 -0.19302 0.98120
6.177 1037.074 -2.237 -0.19493 0.98082
5.981 1038.055 -2.212 -0.19683 0.98044
5.784 1039.035 -2.187 -0.19870 0.98006
5.584 1040.015 -2.160 -0.20055 0.97968
5.383 1040.994 -2.132 -0.20238 0.97931
5.179 1041.973 -2.103 -0.20418 0.97893
4.974 1042.952 -2.074 -0.20596 0.97856
4.767 1043.931 -2.043 -0.20771 0.97819
4.559 1044.909 -2.012 -0.20944 0.97782
4.348 1045.886 -1.980 -0.21114 0.97746
4.136 1046.863 -1.947 -0.21282 0.97709
3.923 1047.840 -1.913 -0.21447 0.97673
3.708 1048.817 -1.878 -0.21610 0.97637
3.491 1049.793 -1.843 -0.21770 0.97602
3.272 1050.769 -1.807 -0.21927 0.97567
3.052 1051.744 -1.770 -0.22081 0.97532
2.831 1052.720 -1.733 -0.22233 0.97497
2.607 1053.694 -1.694 -0.22381 0.97463
2.383 1054.669 -1.656 -0.22527 0.97430
2.157 1055.643 -1.617 -0.22670 0.97396
1.929 1056.617 -1.577 -0.22810 0.97364
1.701 1057.590 -1.536 -0.22947 0.97332
1.471 1058.563 -1.495 -0.23081 0.97300
1.239 1059.536 -1.454 -0.23213 0.97269
1.006 1060.509 -1.412 -0.23341 0.97238
0.772 1061.481 -1.370 -0.23466 0.97208
0.537 1062.453 -1.327 -0.23588 0.97178
0.301 1063.425 -1.284 -0.23706 0.97149
0.063 1064.396 -1.240 -0.23822 0.97121
-0.176 1065.367 -1.196 -0.23935 0.97093
-0.416 1066.338 -1.152 -0.24044 0.97066
-0.657 1067.308 -1.107 -0.24150 0.97040
-0.899 1068.279 -1.062 -0.24253 0.97014
-1.142 1069.249 -1.017 -0.24353 0.96989
-1.386 1070.218 -0.972 -0.24450 0.96965
-1.631 1071.188 -0.926 -0.24543 0.96941
-1.877 1072.157 -0.880 -0.24633 0.96919
-2.124 1073.126 -0.834 -0.24719 0.96897
-2.371 1074.095 -0.787 -0.24803 0.96875
-2.620 1075.064 -0.741 -0.24882 0.96855
-2.869 1076.032 -0.694 -0.24959 0.96835
-3.119 1077.000 -0.647 -0.25032 0.96816
-3.369 1077.969 -0.600 -0.25102 0.96798
-3.621 1078.936 -0.553 -0.25168 0.96781
-3.873 1079.904 -0.506 -0.25231 0.96765
-4.125 1080.872 -0.459 -0.25291 0.96749
-4.379 1081.839 -0.412 -0.25347 0.96734
-4.632 1082.806 -0.365 -0.25400 0.96720
-4.887 1083.774 -0.318 -0.25449 0.96708
-5.141 1084.741 -0.271 -0.25495 0.96695
-5.397 1085.707 -0.223 -0.25537 0.96684
-5.652 1086.674 -0.176 -0.25576 0.96674
-5.908 1087.641 -0.129 -0.25611 0.96665
-6.164 1088.608 -0.083 -0.25643 0.96656
-6.421 1089.574 -0.036 -0.25671 0.96649
-6.678 1090.541 0.011 -0.25696 0.96642
-6.935 1091.507 0.057 -0.25717 0.96637
-7.192 1092.473 0.104 -0.25735 0.96632
-7.449 1093.440 0.150 -0.25749 0.96628
-7.707 1094.406 0.195 -0.25760 0.96625
-7.965 1095.372 0.241 -0.25767 0.96623
-8.222 1096.338 0.286 -0.25770 0.96622
-8.480 1097.305 0.332 -0.25770 0.96622
-8.738 1098.271 0.376 -0.25767 0.96623
-8.995 1099.237 0.421 -0.25760 0.96625
-9.253 1100.203 0.465 -0.25749 0.96628
-9.510 1101.170 0.509 -0.25735 0.96632
-9.768 1102.136 0.552 -0.25717 0.96637
-10.025 1103.102 0.595 -0.25695 0.96642
-10.282 1104.069 0.638 -0.25671 0.96649
-10.538 1105.035 0.680 -0.25642 0.96657
-10.794 1106.002 0.722 -0.25610 0.96665
-11.050 1106.969 0.763 -0.25575 0.96674
-11.306 1107.935 0.804 -0.25535 0.96685
-11.561 1108.902 0.844 -0.25493 0.96696
-11.816 1109.869 0.883 -0.25447 0.96708
-12.070 1110.836 0.922 -0.25397 0.96721
-12.324 1111.804 0.961 -0.25344 0.96735
-12.577 1112.771 0.999 -0.25287 0.96750
-12.829 1113.739 1.036 -0.25227 0.96766
-13.081 1114.706 1.073 -0.25163 0.96782
-13.333 1115.674 1.109 -0.25095 0.96800
-13.583 1116.642 1.144 -0.25025 0.96818
-13.833 1117.611 1.178 -0.24950 0.96837
-14.082 1118.579 1.212 -0.24872 0.96857
-14.331 1119.548 1.245 -0.24791 0.96878
-14.578 1120.517 1.277 -0.24706 0.96900
-14.825 1121.486 1.309 -0.24618 0.96922
-15.071 1122.455 1.339 -0.24527 0.96946
-15.315 1123.425 1.369 -0.24432 0.96970
-15.559 1124.395 1.398 -0.24333 0.96994
-15.802 1125.365 1.426 -0.24231 0.97020
-16.044 1126.335 1.453 -0.24126 0.97046
-16.284 1127.306 1.479 -0.24017 0.97073
-16.524 1128.276 1.505 -0.23905 0.97101
-16.763 1129.248 1.529 -0.23790 0.97129
-17.000 1130.219 1.552 -0.23671 0.97158
-17.236 1131.191 1.574 -0.23549 0.97188
-17.471 1132.163 1.596 -0.23424 0.97218
-17.704 1133.135 1.616 -0.23296 0.97249
-17.937 1134.108 1.635 -0.23164 0.97280
-18.168 1135.081 1.653 -0.23029 0.97312
-18.397 1136.054 1.670 -0.22891 0.97345
-18.626 1137.028 1.686 -0.22749 0.97378
-18.852 1138.002 1.700 -0.22605 0.97412
-19.078 1138.976 1.714 -0.22457 0.97446
-19.302 1139.950 1.726 -0.22306 0.97480
-19.524 1140.925 1.737 -0.22153 0.97515
-19.745 1141.901 1.747 -0.21996 0.97551
-19.964 1142.876 1.756 -0.21836 0.97587
-20.181 1143.852 1.764 -0.21673 0.97623
-20.397 1144.829 1.770 -0.21507 0.97660
-20.611 1145.806 1.775 -0.21338 0.97697
-20.824 1146.783 1.779 -0.21166 0.97734
-21.035 1147.760 1.781 -0.20992 0.97772
-21.244 1148.738 1.783 -0.20814 0.97810
-21.451 1149.717 1.783 -0.20634 0.97848
-21.656 1150.695 1.781 -0.20451 0.97886
-21.860 1151.674 1.779 -0.20265 0.97925
-22.062 1152.654 1.775 -0.20077 0.97964
-22.262 1153.634 1.769 -0.19886 0.98003
-22.459 1154.614 1.763 -0.19692 0.98042
-22.655 1155.594 1.755 -0.19496 0.98081
-22.849 1156.575 1.746 -0.19297 0.98120
-23.041 1157.557 1.735 -0.19096 0.98160
-23.231 1158.539 1.723 -0.18892 0.98199
-23.419 1159.521 1.710 -0.18686 0.98239
-23.605 1160.503 1.695 -0.18478 0.98278
-23.789 1161.486 1.679 -0.18267 0.98317
-23.970 1162.470 1.662 -0.18054 0.98357
-24.150 1163.453 1.643 -0.17839 0.98396
-24.327 1164.438 1.623 -0.17621 0.98435
-24.502 1165.422 1.602 -0.17402 0.98474
-24.675 1166.407 1.580 -0.17180 0.98513
-24.846 1167.392 1.556 -0.16957 0.98552
-25.014 1168.378 1.531 -0.16731 0.98590
-25.181 1169.364 1.504 -0.16504 0.98629
-25.344 1170.351 1.477 -0.16275 0.98667
-25.506 1171.338 1.448 -0.16044 0.98705
-25.665 1172.325 1.418 -0.15811 0.98742
-25.822 1173.312 1.386 -0.15577 0.98779
-25.977 1174.300 1.354 -0.15341 0.98816
-26.129 1175.289 1.320 -0.15103 0.98853
-26.279 1176.277 1.285 -0.14864 0.98889
-26.426 1177.267 1.249 -0.14624 0.98925
-26.571 1178.256 1.212 -0.14382 0.98960
-26.714 1179.246 1.174 -0.14139 0.98995
-26.854 1180.236 1.134 -0.13895 0.99030
-26.992 1181.226 1.094 -0.13649 0.99064
-27.127 1182.217 1.052 -0.13403 0.99098
-27.260 1183.208 1.010 -0.13155 0.99131
-27.390 1184.200 0.966 -0.12907 0.99164
-27.518 1185.192 0.921 -0.12657 0.99196
-27.643 1186.184 0.876 -0.12407 0.99227
-27.766 1187.176 0.830 -0.12156 0.99258
-27.887 1188.169 0.782 -0.11904 0.99289
-28.004 1189.162 0.734 -0.11652 0.99319
-28.120 1190.155 0.685 -0.11399 0.99348
-28.232 1191.149 0.636 -0.11146 0.99377
-28.342 1192.143 0.585 -0.10892 0.99405
-28.450 1193.137 0.534 -0.10638 0.99433
-28.555 1194.131 0.482 -0.10384 0.99459
-28.658 1195.126 0.429 -0.10129 0.99486
-28.758 1196.121 0.376 -0.09874 0.99511
-28.855 1197.116 0.322 -0.09620 0.99536
-28.950 1198.112 0.268 -0.09365 0.99561
-29.043 1199.108 0.213 -0.09111 0.99584
-29.132 1200.104 0.158 -0.08856 0.99607
-29.220 1201.100 0.102 -0.08602 0.99629
-29.304 1202.096 0.046 -0.08348 0.99651
-29.387 1203.093 -0.011 -0.08095 0.99672
-29.466 1204.090 -0.068 -0.07842 0.99692
-29.544 1205.087 -0.125 -0.07589 0.99712
-29.618 1206.084 -0.182 -0.07338 0.99730
-29.690 1207.081 -0.240 -0.07087 0.99749
-29.760 1208.079 -0.298 -0.06836 0.99766
-29.827 1209.076 -0.356 -0.06587 0.99783
-29.892 1210.074 -0.414 -0.06338 0.99799
-29.954 1211.072 -0.472 -0.06090 0.99814
-30.013 1212.071 -0.530 -0.05844 0.99829
-30.071 1213.069 -0.588 -0.05598 0.99843
-30.125 1214.068 -0.646 -0.05354 0.99857
-30.178 1215.066 -0.704 -0.05111 0.99869
-30.228 1216.065 -0.762 -0.04869 0.99881
-30.275 1217.064 -0.819 -0.04628 0.99893
-30.320 1218.063 -0.877 -0.04389 0.99904
-30.363 1219.062 -0.934 -0.04152 0.99914
-30.403 1220.061 -0.991 -0.03916 0.99923
-30.441 1221.060 -1.047 -0.03682 0.99932
-30.477 1222.060 -1.103 -0.03449 0.99940
-30.510 1223.059 -1.159 -0.03218 0.99948
-30.541 1224.059 -1.214 -0.02989 0.99955
-30.570 1225.058 -1.269 -0.02762 0.99962
-30.596 1226.058 -1.323 -0.02537 0.99968
-30.621 1227.058 -1.377 -0.02314 0.99973
-30.643 1228.057 -1.430 -0.02093 0.99978
-30.663 1229.057 -1.483 -0.01874 0.99982
-30.680 1230.057 -1.535 -0.01657 0.99986
-30.696 1231.057 -1.586 -0.01443 0.99990
-30.709 1232.057 -1.637 -0.01231 0.99992
-30.720 1233.057 -1.686 -0.01021 0.99995
-30.729 1234.057 -1.736 -0.00813 0.99997
-30.737 1235.057 -1.784 -0.00608 0.99998
-30.742 1236.057 -1.831 -0.00406 0.99999
-30.745 1237.057 -1.878 -0.00206 1.00000
-30.746 1238.057 -1.924 -0.00008 1.00000
-30.745 1239.057 -1.969 0.00187 1.00000
-30.742 1240.057 -2.013 0.00379 0.99999
-30.737 1241.057 -2.056 0.00568 0.99998
-30.731 1242.057 -2.098 0.00755 0.99997
-30.722 1243.057 -2.139 0.00939 0.99996
-30.712 1244.057 -2.180 0.01120 0.99994
-30.700 1245.056 -2.219 0.01298 0.99992
-30.686 1246.056 -2.257 0.01473 0.99989
-30.670 1247.056 -2.294 0.01645 0.99986
-30.653 1248.056 -2.330 0.01815 0.99984
-30.634 1249.056 -2.366 0.01981 0.99980
-30.613 1250.056 -2.400 0.02144 0.99977
-30.591 1251.055 -2.433 0.02304 0.99973
-30.567 1252.055 -2.465 0.02461 0.99970
-30.542 1253.055 -2.495 0.02615 0.99966
-30.515 1254.054 -2.525 0.02766 0.99962
-30.487 1255.054 -2.554 0.02913 0.99958
-30.457 1256.054 -2.581 0.03057 0.99953
-30.425 1257.053 -2.608 0.03198 0.99949
-30.393 1258.053 -2.633 0.03336 0.99944
-30.359 1259.052 -2.657 0.03471 0.99940
-30.323 1260.051 -2.680 0.03602 0.99935
-30.287 1261.051 -2.702 0.03729 0.99930
-30.249 1262.050 -2.723 0.03854 0.99926
-30.210 1263.049 -2.743 0.03975 0.99921
-30.169 1264.048 -2.762 0.04093 0.99916
-30.128 1265.048 -2.780 0.04207 0.99911
-30.085 1266.047 -2.797 0.04318 0.99907
-30.041 1267.046 -2.812 0.04426 0.99902
-29.997 1268.045 -2.827 0.04530 0.99897
-29.951 1269.044 -2.840 0.04631 0.99893
-29.904 1270.043 -2.853 0.04728 0.99888
-29.856 1271.041 -2.864 0.04822 0.99884
-29.808 1272.040 -2.875 0.04912 0.99879
-29.758 1273.039 -2.884 0.04999 0.99875
-29.708 1274.038 -2.893 0.05083 0.99871
-29.656 1275.036 -2.901 0.05163 0.99867
-29.604 1276.035 -2.908 0.05240 0.99863
-29.552 1277.034 -2.913 0.05313 0.99859
-29.498 1278.032 -2.918 0.05383 0.99855
-29.444 1279.031 -2.923 0.05449 0.99851
-29.389 1280.029 -2.926 0.05512 0.99848
-29.334 1281.028 -2.928 0.05571 0.99845
-29.278 1282.026 -2.930 0.05627 0.99842
-29.221 1283.025 -2.931 0.05680 0.99839
-29.164 1284.023 -2.931 0.05729 0.99836
-29.107 1285.021 -2.931 0.05775 0.99833
-29.049 1286.020 -2.929 0.05818 0.99831
-28.990 1287.018 -2.928 0.05857 0.99828
-28.931 1288.016 -2.925 0.05892 0.99826
-28.872 1289.014 -2.922 0.05925 0.99824
-28.813 1290.013 -2.918 0.05954 0.99823
-28.753 1291.011 -2.914 0.05979 0.99821
-28.693 1292.009 -2.909 0.06002 0.99820
-28.633 1293.007 -2.904 0.06021 0.99819
-28.573 1294.005 -2.898 0.06037 0.99818
-28.513 1295.004 -2.892 0.06049 0.99817
-28.452 1296.002 -2.886 0.06059 0.99816
-28.391 1297.000 -2.879 0.06065 0.99816
-28.331 1297.998 -2.871 0.06068 0.99816
-28.270 1298.996 -2.864 0.06068 0.99816
-28.209 1299.994 -2.856 0.06065 0.99816
-28.149 1300.993 -2.847 0.06058 0.99816
-28.088 1301.991 -2.839 0.06049 0.99817
-28.028 1302.989 -2.830 0.06037 0.99818
-27.967 1303.987 -2.821 0.06021 0.99819
-27.907 1304.985 -2.812 0.06003 0.99820
-27.847 1305.983 -2.803 0.05981 0.99821
-27.788 1306.982 -2.794 0.05957 0.99822
-27.728 1307.980 -2.784 0.05930 0.99824
-27.669 1308.978 -2.775 0.05900 0.99826
-27.610 1309.976 -2.765 0.05867 0.99828
-27.552 1310.975 -2.755 0.05831 0.99830
-27.494 1311.973 -2.746 0.05793 0.99832
-27.436 1312.971 -2.736 0.05752 0.99834
-27.379 1313.970 -2.727 0.05708 0.99837
-27.322 1314.968 -2.717 0.05662 0.99840
-27.265 1315.966 -2.708 0.05613 0.99842
-27.209 1316.965 -2.699 0.05561 0.99845
-27.154 1317.963 -2.690 0.05507 0.99848
-27.099 1318.962 -2.681 0.05451 0.99851
-27.045 1319.960 -2.672 0.05392 0.99855
-26.991 1320.959 -2.663 0.05331 0.99858
-26.938 1321.958 -2.655 0.05267 0.99861
-26.886 1322.956 -2.647 0.05201 0.99865
-26.834 1323.955 -2.639 0.05133 0.99868
-26.783 1324.954 -2.631 0.05063 0.99872
-26.733 1325.952 -2.623 0.04990 0.99875
-26.684 1326.951 -2.616 0.04915 0.99879
-26.635 1327.950 -2.609 0.04839 0.99883
-26.587 1328.949 -2.602 0.04760 0.99887
-26.540 1329.948 -2.595 0.04680 0.99890
-26.493 1330.947 -2.589 0.04597 0.99894
-26.448 1331.946 -2.583 0.04513 0.99898
-26.403 1332.945 -2.577 0.04427 0.99902
-26.359 1333.944 -2.572 0.04339 0.99906
-26.316 1334.943 -2.566 0.04249 0.99910
-26.274 1335.942 -2.561 0.04158 0.99914
-26.233 1336.941 -2.556 0.04065 0.99917
-26.193 1337.940 -2.552 0.03971 0.99921
-26.154 1338.939 -2.548 0.03875 0.99925
-26.115 1339.939 -2.544 0.03778 0.99929
-26.078 1340.938 -2.540 0.03679 0.99932
-26.042 1341.937 -2.536 0.03579 0.99936
-26.007 1342.937 -2.533 0.03478 0.99939
-25.972 1343.936 -2.529 0.03376 0.99943
-25.939 1344.935 -2.526 0.03273 0.99946
-25.907 1345.935 -2.524 0.03168 0.99950
-25.876 1346.934 -2.521 0.03063 0.99953
-25.846 1347.934 -2.518 0.02956 0.99956
-25.817 1348.934 -2.516 0.02849 0.99959
-25.789 1349.933 -2.513 0.02741 0.99962
-25.762 1350.933 -2.511 0.02632 0.99965
-25.736 1351.933 -2.508 0.02523 0.99968
-25.711 1352.932 -2.506 0.02412 0.99971
-25.688 1353.932 -2.504 0.02301 0.99974
-25.665 1354.932 -2.501 0.02190 0.99976
-25.644 1355.931 -2.499 0.02078 0.99978
-25.624 1356.931 -2.496 0.01966 0.99981
-25.605 1357.931 -2.494 0.01854 0.99983
-25.587 1358.931 -2.491 0.01741 0.99985
-25.570 1359.931 -2.488 0.01628 0.99987
-25.554 1360.931 -2.484 0.01515 0.99989
-25.539 1361.931 -2.481 0.01402 0.99990
-25.526 1362.930 -2.477 0.01288 0.99992
-25.514 1363.930 -2.473 0.01175 0.99993
-25.502 1364.930 -2.468 0.01062 0.99994
-25.492 1365.930 -2.463 0.00949 0.99995
-25.484 1366.930 -2.458 0.00836 0.99997
-25.476 1367.930 -2.452 0.00724 0.99997
-25.469 1368.930 -2.446 0.00612 0.99998
-25.463 1369.930 -2.439 0.00500 0.99999
-25.459 1370.930 -2.432 0.00389 0.99999
-25.456 1371.930 -2.423 0.00278 1.00000
-25.453 1372.930 -2.415 0.00168 1.00000
-25.452 1373.930 -2.405 0.00058 1.00000
-25.452 1374.930 -2.395 -0.00050 1.00000
-25.453 1375.930 -2.384 -0.00158 1.00000
-25.455 1376.930 -2.372 -0.00265 1.00000
-25.459 1377.930 -2.359 -0.00372 0.99999
-25.463 1378.930 -2.345 -0.00477 0.99999
-25.468 1379.930 -2.331 -0.00581 0.99998
-25.475 1380.930 -2.315 -0.00685 0.99998
-25.482 1381.930 -2.298 -0.00787 0.99997
-25.490 1382.930 -2.281 -0.00888 0.99996
-25.500 1383.930 -2.262 -0.00987 0.99995
-25.510 1384.930 -2.242 -0.01086 0.99994
-25.521 1385.930 -2.220 -0.01183 0.99993
-25.534 1386.930 -2.198 -0.01279 0.99992
-25.547 1387.930 -2.174 -0.01373 0.99991
-25.561 1388.930 -2.149 -0.01466 0.99989
-25.576 1389.929 -2.122 -0.01557 0.99988
-25.592 1390.929 -2.094 -0.01646 0.99986
-25.609 1391.929 -2.065 -0.01734 0.99985
-25.627 1392.929 -2.034 -0.01820 0.99983
-25.646 1393.929 -2.001 -0.01905 0.99982
-25.665 1394.929 -1.968 -0.01987 0.99980
-25.685 1395.928 -1.932 -0.02068 0.99979
-25.706 1396.928 -1.895 -0.02147 0.99977
-25.728 1397.928 -1.856 -0.02224 0.99975
-25.751 1398.928 -1.816 -0.02299 0.99974
-25.774 1399.927 -1.773 -0.02372 0.99972
-25.798 1400.927 -1.730 -0.02442 0.99970
-25.823 1401.927 -1.684 -0.02511 0.99968
-25.849 1402.927 -1.636 -0.02578 0.99967
-25.875 1403.926 -1.587 -0.02642 0.99965
-25.901 1404.926 -1.536 -0.02704 0.99963
-25.929 1405.925 -1.483 -0.02763 0.99962
-25.957 1406.925 -1.428 -0.02821 0.99960
-25.985 1407.925 -1.371 -0.02876 0.99959
-26.014 1408.924 -1.313 -0.02928 0.99957
-26.044 1409.924 -1.252 -0.02978 0.99956
-26.074 1410.923 -1.189 -0.03026 0.99954
-26.104 1411.923 -1.125 -0.03071 0.99953
-26.135 1412.922 -1.058 -0.03113 0.99952
-26.166 1413.922 -0.990 -0.03153 0.99950
-26.198 1414.921 -0.919 -0.03190 0.99949
-26.230 1415.921 -0.846 -0.03225 0.99948
-26.263 1416.920 -0.772 -0.03257 0.99947
-26.295 1417.920 -0.695 -0.03286 0.99946
-26.328 1418.919 -0.616 -0.03312 0.99945
-26.362 1419.919 -0.536 -0.03336 0.99944
-26.395 1420.918 -0.453 -0.03357 0.99944
-26.429 1421.918 -0.368 -0.03375 0.99943
-26.463 1422.917 -0.281 -0.03390 0.99943
-26.497 1423.916 -0.193 -0.03402 0.99942
-26.531 1424.916 -0.102 -0.03412 0.99942
-26.565 1425.915 -0.009 -0.03418 0.99942
-26.599 1426.915 0.086 -0.03422 0.99941
-26.633 1427.914 0.182 -0.03422 0.99941
-26.668 1428.914 0.281 -0.03420 0.99941
-26.702 1429.913 0.382 -0.03415 0.99942
-26.736 1430.912 0.484 -0.03406 0.99942
-26.770 1431.912 0.589 -0.03395 0.99942
-26.804 1432.911 0.695 -0.03381 0.99943
-26.837 1433.911 0.803 -0.03363 0.99943
-26.871 1434.910 0.913 -0.03342 0.99944
-26.904 1435.910 1.025 -0.03319 0.99945
-26.937 1436.909 1.139 -0.03292 0.99946
-26.970 1437.908 1.254 -0.03262 0.99947
-27.003 1438.908 1.371 -0.03229 0.99948
-27.035 1439.907 1.490 -0.03194 0.99949
-27.066 1440.907 1.610 -0.03154 0.99950
-27.098 1441.906 1.732 -0.03112 0.99952
-27.129 1442.906 1.856 -0.03067 0.99953
-27.159 1443.906 1.981 -0.03018 0.99954
-27.189 1444.905 2.108 -0.02967 0.99956
-27.218 1445.905 2.236 -0.02912 0.99958
-27.247 1446.904 2.365 -0.02855 0.99959
-27.276 1447.904 2.496 -0.02794 0.99961
-27.303 1448.903 2.628 -0.02730 0.99963
-27.330 1449.903 2.762 -0.02663 0.99965
-27.356 1450.903 2.897 -0.02592 0.99966
-27.382 1451.902 3.032 -0.02519 0.99968
-27.407 1452.902 3.169 -0.02443 0.99970
-27.431 1453.902 3.307 -0.02363 0.99972
-27.454 1454.902 3.447 -0.02281 0.99974
-27.476 1455.901 3.587 -0.02195 0.99976
-27.498 1456.901 3.728 -0.02107 0.99978
-27.519 1457.901 3.869 -0.02015 0.99980
-27.538 1458.901 4.012 -0.01921 0.99982
-27.557 1459.900 4.155 -0.01823 0.99983
-27.575 1460.900 4.299 -0.01723 0.99985
-27.591 1461.900 4.444 -0.01619 0.99987
-27.607 1462.900 4.589 -0.01513 0.99989
-27.622 1463.900 4.735 -0.01403 0.99990
-27.635 1464.900 4.881 -0.01291 0.99992
-27.648 1465.900 5.027 -0.01176 0.99993
-27.659 1466.900 5.174 -0.01058 0.99994
-27.669 1467.900 5.321 -0.00938 0.99996
-27.677 1468.900 5.469 -0.00814 0.99997
-27.685 1469.900 5.616 -0.00688 0.99998
-27.691 1470.900 5.764 -0.00559 0.99998
-27.696 1471.900 5.911 -0.00428 0.99999
-27.700 1472.900 6.059 -0.00293 1.00000
-27.702 1473.900 6.206 -0.00156 1.00000
-27.703 1474.900 6.353 -0.00017 1.00000
-27.702 1475.900 6.500 0.00125 1.00000
-27.700 1476.900 6.647 0.00270 1.00000
-27.697 1477.900 6.793 0.00417 0.99999
-27.692 1478.900 6.939 0.00566 0.99998
-27.686 1479.900 7.084 0.00718 0.99997
-27.678 1480.899 7.229 0.00872 0.99996
-27.668 1481.899 7.373 0.01029 0.99995
-27.657 1482.899 7.517 0.01187 0.99993
-27.645 1483.899 7.659 0.01348 0.99991
-27.630 1484.899 7.801 0.01512 0.99989
-27.614 1485.899 7.942 0.01677 0.99986
-27.597 1486.899 8.083 0.01844 0.99983
-27.577 1487.899 8.222 0.02014 0.99980
-27.556 1488.898 8.360 0.02185 0.99976
-27.534 1489.898 8.497 0.02359 0.99972
-27.509 1490.898 8.633 0.02534 0.99968
-27.483 1491.898 8.767 0.02711 0.99963
-27.455 1492.897 8.901 0.02890 0.99958
-27.425 1493.897 9.033 0.03071 0.99953
-27.394 1494.896 9.163 0.03253 0.99947
-27.360 1495.896 9.293 0.03437 0.99941
-27.325 1496.895 9.420 0.03623 0.99934
-27.288 1497.894 9.547 0.03810 0.99927
-27.249 1498.894 9.671 0.03998 0.99920
-27.208 1499.893 9.794 0.04188 0.99912
-27.165 1500.892 9.915 0.04380 0.99904
-27.120 1501.891 10.035 0.04572 0.99895
-27.073 1502.890 10.153 0.04766 0.99886
-27.025 1503.889 10.268 0.04961 0.99877
-26.974 1504.887 10.382 0.05157 0.99867
-26.922 1505.886 10.495 0.05354 0.99857
-26.867 1506.884 10.605 0.05552 0.99846
-26.811 1507.883 10.713 0.05751 0.99835
-26.752 1508.881 10.819 0.05950 0.99823
-26.692 1509.879 10.923 0.06151 0.99811
-26.629 1510.877 11.025 0.06352 0.99798
-26.565 1511.875 11.124 0.06554 0.99785
-26.498 1512.873 11.222 0.06757 0.99771
-26.429 1513.871 11.317 0.06960 0.99758
-26.359 1514.868 11.410 0.07163 0.99743
-26.286 1515.866 11.500 0.07367 0.99728
-26.211 1516.863 11.589 0.07571 0.99713
-26.135 1517.860 11.675 0.07776 0.99697
-26.056 1518.857 11.758 0.07980 0.99681
-25.975 1519.853 11.839 0.08185 0.99664
-25.892 1520.850 11.918 0.08390 0.99647
-25.807 1521.846 11.994 0.08594 0.99630
-25.720 1522.843 12.068 0.08799 0.99612
-25.631 1523.839 12.139 0.09004 0.99594
-25.540 1524.834 12.207 0.09208 0.99575
-25.447 1525.830 12.273 0.09412 0.99556
-25.352 1526.826 12.336 0.09616 0.99537
-25.255 1527.821 12.397 0.09819 0.99517
-25.156 1528.816 12.455 0.10022 0.99496
-25.054 1529.811 12.511 0.10225 0.99476
-24.951 1530.805 12.564 0.10426 0.99455
-24.846 1531.800 12.614 0.10628 0.99434
-24.739 1532.794 12.661 0.10828 0.99412
-24.629 1533.788 12.706 0.11028 0.99390
-24.518 1534.782 12.748 0.11226 0.99368
-24.405 1535.775 12.787 0.11424 0.99345
-24.290 1536.769 12.824 0.11621 0.99322
-24.172 1537.762 12.858 0.11817 0.99299
-24.053 1538.755 12.889 0.12011 0.99276
-23.932 1539.747 12.917 0.12205 0.99252
-23.809 1540.740 12.943 0.12397 0.99229
-23.684 1541.732 12.965 0.12588 0.99205
-23.557 1542.724 12.985 0.12778 0.99180
-23.429 1543.716 13.003 0.12966 0.99156
-23.298 1544.707 13.017 0.13153 0.99131
-23.166 1545.698 13.029 0.13338 0.99106
-23.031 1546.689 13.038 0.13522 0.99082
-22.895 1547.680 13.044 0.13704 0.99057
-22.757 1548.670 13.047 0.13884 0.99031
-22.618 1549.660 13.048 0.14063 0.99006
-22.476 1550.650 13.046 0.14239 0.98981
-22.333 1551.640 13.041 0.14414 0.98956
-22.188 1552.630 13.033 0.14587 0.98930
-22.041 1553.619 13.023 0.14758 0.98905
-21.893 1554.608 13.010 0.14927 0.98880
-21.742 1555.596 12.994 0.15094 0.98854
-21.591 1556.585 12.975 0.15259 0.98829
-21.437 1557.573 12.954 0.15422 0.98804
-21.282 1558.561 12.930 0.15583 0.98778
-21.126 1559.548 12.903 0.15741 0.98753
-20.967 1560.536 12.874 0.15897 0.98728
-20.808 1561.523 12.842 0.16050 0.98704
-20.646 1562.510 12.807 0.16202 0.98679
-20.484 1563.497 12.770 0.16350 0.98654
-20.319 1564.483 12.730 0.16497 0.98630
-20.154 1565.469 12.688 0.16641 0.98606
-19.987 1566.455 12.643 0.16782 0.98582
-19.818 1567.441 12.595 0.16920 0.98558
-19.648 1568.426 12.545 0.17056 0.98535
-19.477 1569.412 12.492 0.17190 0.98512
-19.304 1570.397 12.437 0.17320 0.98489
-19.131 1571.381 12.379 0.17448 0.98466
-18.955 1572.366 12.318 0.17573 0.98444
-18.779 1573.350 12.256 0.17695 0.98422
-18.602 1574.334 12.190 0.17815 0.98400
-18.423 1575.318 12.123 0.17931 0.98379
-18.243 1576.302 12.053 0.18045 0.98358
-18.062 1577.285 11.980 0.18155 0.98338
-17.880 1578.269 11.905 0.18263 0.98318
-17.697 1579.252 11.828 0.18367 0.98299
-17.512 1580.235 11.749 0.18469 0.98280
-17.327 1581.217 11.667 0.18567 0.98261
-17.141 1582.200 11.583 0.18662 0.98243
-16.954 1583.182 11.496 0.18755 0.98226
-16.766 1584.164 11.408 0.18844 0.98209
-16.577 1585.146 11.317 0.18929 0.98192
-16.387 1586.128 11.224 0.19012 0.98176
-16.197 1587.110 11.128 0.19091 0.98161
-16.006 1588.091 11.031 0.19168 0.98146
-15.814 1589.073 10.932 0.19240 0.98132
-15.621 1590.054 10.830 0.19310 0.98118
-15.427 1591.035 10.726 0.19376 0.98105
-15.233 1592.016 10.621 0.19439 0.98092
-15.039 1592.997 10.513 0.19498 0.98081
-14.843 1593.978 10.403 0.19555 0.98069
-14.647 1594.958 10.291 0.19607 0.98059
-14.451 1595.939 10.178 0.19657 0.98049
-14.254 1596.919 10.062 0.19703 0.98040
-14.057 1597.900 9.945 0.19745 0.98031
-13.859 1598.880 9.825 0.19784 0.98023
-13.661 1599.860 9.704 0.19819 0.98016
-13.463 1600.840 9.581 0.19851 0.98010
-13.264 1601.820 9.456 0.19880 0.98004
-13.065 1602.800 9.330 0.19905 0.97999
-12.866 1603.780 9.202 0.19926 0.97995
-12.667 1604.760 9.072 0.19944 0.97991
-12.467 1605.740 8.940 0.19958 0.97988
-12.268 1606.720 8.806 0.19969 0.97986
-12.068 1607.700 8.672 0.19976 0.97984
-11.868 1608.680 8.535 0.19980 0.97984
-11.668 1609.660 8.397 0.19980 0.97984
-11.469 1610.639 8.257 0.19977 0.97984
-11.269 1611.619 8.116 0.19970 0.97986
-11.069 1612.599 7.973 0.19959 0.97988
-10.870 1613.579 7.829 0.19944 0.97991
-10.670 1614.559 7.683 0.19927 0.97995
-10.471 1615.539 7.536 0.19905 0.97999
-10.272 1616.519 7.388 0.19880 0.98004
-10.074 1617.499 7.238 0.19851 0.98010
-9.875 1618.479 7.087 0.19819 0.98016
-9.677 1619.459 6.935 0.19783 0.98024
-9.480 1620.440 6.781 0.19743 0.98032
-9.282 1621.420 6.627 0.19700 0.98040
-9.086 1622.400 6.471 0.19653 0.98050
-8.889 1623.381 6.314 0.19602 0.98060
-8.694 1624.362 6.155 0.19548 0.98071
-8.498 1625.342 5.996 0.19491 0.98082
-8.304 1626.323 5.835 0.19429 0.98094
-8.110 1627.304 5.674 0.19364 0.98107
-7.916 1628.285 5.511 0.19296 0.98121
-7.724 1629.267 5.348 0.19224 0.98135
-7.532 1630.248 5.183 0.19148 0.98150
-7.341 1631.230 5.018 0.19069 0.98165
-7.151 1632.211 4.851 0.18986 0.98181
-6.961 1633.193 4.684 0.18900 0.98198
-6.773 1634.175 4.516 0.18810 0.98215
-6.585 1635.158 4.347 0.18717 0.98233
-6.398 1636.140 4.178 0.18620 0.98251
-6.213 1637.123 4.007 0.18520 0.98270
-6.028 1638.105 3.836 0.18416 0.98290
-5.844 1639.088 3.664 0.18309 0.98310
-5.662 1640.072 3.492 0.18198 0.98330
-5.480 1641.055 3.319 0.18084 0.98351
-5.300 1642.039 3.145 0.17966 0.98373
-5.121 1643.022 2.971 0.17845 0.98395
-4.943 1644.006 2.796 0.17721 0.98417
-4.766 1644.991 2.621 0.17593 0.98440
-4.591 1645.975 2.446 0.17462 0.98464
-4.417 1646.960 2.269 0.17328 0.98487
-4.245 1647.945 2.093 0.17190 0.98511
-4.073 1648.930 1.916 0.17049 0.98536
-3.904 1649.916 1.739 0.16905 0.98561
-3.735 1650.901 1.562 0.16758 0.98586
-3.569 1651.887 1.384 0.16607 0.98611
-3.403 1652.874 1.206 0.16454 0.98637
-3.239 1653.860 1.028 0.16297 0.98663
-3.077 1654.847 0.850 0.16137 0.98689
-2.917 1655.834 0.671 0.15974 0.98716
-2.758 1656.821 0.493 0.15808 0.98743
-2.601 1657.809 0.314 0.15639 0.98770
-2.445 1658.797 0.136 0.15467 0.98797
-2.291 1659.785 -0.043 0.15293 0.98824
-2.139 1660.773 -0.221 0.15115 0.98851
-1.989 1661.762 -0.400 0.14934 0.98879
-1.840 1662.751 -0.578 0.14751 0.98906
-1.694 1663.740 -0.756 0.14565 0.98934
-1.549 1664.729 -0.934 0.14376 0.98961
-1.406 1665.719 -1.112 0.14185 0.98989
-1.265 1666.709 -1.289 0.13990 0.99017
-1.127 1667.699 -1.466 0.13794 0.99044
-0.990 1668.690 -1.643 0.13594 0.99072
-0.855 1669.681 -1.819 0.13393 0.99099
-0.722 1670.672 -1.995 0.13189 0.99127
-0.591 1671.663 -2.171 0.12982 0.99154
-0.462 1672.655 -2.346 0.12773 0.99181
-0.335 1673.647 -2.521 0.12562 0.99208
-0.211 1674.639 -2.695 0.12348 0.99235
-0.088 1675.632 -2.868 0.12133 0.99261
0.032 1676.624 -3.041 0.11915 0.99288
0.150 1677.618 -3.213 0.11695 0.99314
0.266 1678.611 -3.385 0.11473 0.99340
0.379 1679.604 -3.555 0.11249 0.99365
0.491 1680.598 -3.725 0.11023 0.99391
0.600 1681.592 -3.894 0.10796 0.99416
0.707 1682.586 -4.063 0.10566 0.99440
0.811 1683.581 -4.230 0.10335 0.99464
0.913 1684.576 -4.397 0.10102 0.99488
1.013 1685.571 -4.562 0.09868 0.99512
1.111 1686.566 -4.727 0.09632 0.99535
1.206 1687.561 -4.891 0.09395 0.99558
1.299 1688.557 -5.053 0.09156 0.99580
1.389 1689.553 -5.215 0.08916 0.99602
1.477 1690.549 -5.375 0.08674 0.99623
1.562 1691.545 -5.534 0.08432 0.99644
1.645 1692.542 -5.692 0.08188 0.99664
1.726 1693.539 -5.849 0.07943 0.99684
1.804 1694.536 -6.005 0.07697 0.99703
1.880 1695.533 -6.159 0.07451 0.99722
1.953 1696.530 -6.312 0.07203 0.99740
2.024 1697.528 -6.463 0.06955 0.99758
2.092 1698.525 -6.614 0.06706 0.99775
2.158 1699.523 -6.762 0.06456 0.99791
2.222 1700.521 -6.910 0.06206 0.99807
2.282 1701.519 -7.056 0.05955 0.99823
2.341 1702.518 -7.200 0.05704 0.99837
2.396 1703.516 -7.343 0.05453 0.99851
2.450 1704.515 -7.484 0.05201 0.99865
2.501 1705.513 -7.623 0.04949 0.99877
2.549 1706.512 -7.761 0.04698 0.99890
2.594 1707.511 -7.898 0.04446 0.99901
2.638 1708.510 -8.032 0.04194 0.99912
2.678 1709.509 -8.165 0.03942 0.99922
2.716 1710.509 -8.296 0.03690 0.99932
2.752 1711.508 -8.426 0.03439 0.99941
2.785 1712.507 -8.553 0.03188 0.99949
2.816 1713.507 -8.679 0.02937 0.99957
2.844 1714.506 -8.803 0.02687 0.99964
2.870 1715.506 -8.925 0.02438 0.99970
2.893 1716.506 -9.046 0.02189 0.99976
2.913 1717.506 -9.164 0.01941 0.99981
2.932 1718.506 -9.280 0.01693 0.99986
2.947 1719.505 -9.395 0.01447 0.99990
2.961 1720.505 -9.507 0.01201 0.99993
2.971 1721.505 -9.618 0.00957 0.99995
2.980 1722.505 -9.726 0.00713 0.99997
2.986 1723.505 -9.833 0.00471 0.99999
2.989 1724.505 -9.937 0.00230 1.00000
2.990 1725.505 -10.040 -0.00010 1.00000
2.989 1726.505 -10.140 -0.00248 1.00000
2.985 1727.505 -10.238 -0.00485 0.99999
2.979 1728.505 -10.335 -0.00720 0.99997
2.971 1729.505 -10.429 -0.00954 0.99995
2.960 1730.505 -10.521 -0.01186 0.99993
2.947 1731.505 -10.611 -0.01417 0.99990
2.932 1732.505 -10.699 -0.01645 0.99986
2.914 1733.505 -10.784 -0.01872 0.99982
2.894 1734.505 -10.868 -0.02097 0.99978
2.872 1735.504 -10.950 -0.02320 0.99973
2.848 1736.504 -11.029 -0.02541 0.99968
2.821 1737.504 -11.106 -0.02760 0.99962
2.793 1738.503 -11.181 -0.02976 0.99956
2.762 1739.503 -11.254 -0.03190 0.99949
2.729 1740.502 -11.325 -0.03403 0.99942
2.694 1741.502 -11.394 -0.03612 0.99935
2.657 1742.501 -11.460 -0.03820 0.99927
2.617 1743.500 -11.525 -0.04025 0.99919
2.576 1744.499 -11.587 -0.04227 0.99911
2.533 1745.498 -11.648 -0.04427 0.99902
2.488 1746.497 -11.706 -0.04624 0.99893
2.440 1747.496 -11.762 -0.04819 0.99884
2.391 1748.495 -11.816 -0.05010 0.99874
2.340 1749.494 -11.868 -0.05199 0.99865
2.287 1750.492 -11.918 -0.05386 0.99855
2.232 1751.491 -11.966 -0.05569 0.99845
2.176 1752.489 -12.011 -0.05750 0.99835
2.117 1753.487 -12.055 -0.05927 0.99824
2.057 1754.486 -12.097 -0.06102 0.99814
1.995 1755.484 -12.137 -0.06273 0.99803
1.932 1756.482 -12.175 -0.06442 0.99792
1.867 1757.480 -12.211 -0.06607 0.99781
1.800 1758.477 -12.245 -0.06769 0.99771
1.731 1759.475 -12.277 -0.06929 0.99760
1.661 1760.473 -12.307 -0.07084 0.99749
1.590 1761.470 -12.336 -0.07237 0.99738
1.516 1762.467 -12.362 -0.07386 0.99727
1.442 1763.465 -12.387 -0.07532 0.99716
1.366 1764.462 -12.410 -0.07675 0.99705
1.288 1765.459 -12.431 -0.07814 0.99694
1.210 1766.455 -12.451 -0.07950 0.99684
1.129 1767.452 -12.468 -0.08082 0.99673
1.048 1768.449 -12.485 -0.08211 0.99662
0.965 1769.446 -12.499 -0.08336 0.99652
0.881 1770.442 -12.512 -0.08458 0.99642
0.796 1771.438 -12.523 -0.08576 0.99632
0.710 1772.435 -12.533 -0.08691 0.99622
0.622 1773.431 -12.541 -0.08802 0.99612
0.534 1774.427 -12.548 -0.08910 0.99602
0.444 1775.423 -12.553 -0.09014 0.99593
0.353 1776.419 -12.557 -0.09114 0.99584
0.262 1777.415 -12.559 -0.09211 0.99575
0.169 1778.410 -12.560 -0.09304 0.99566
0.076 1779.406 -12.559 -0.09393 0.99558
-0.019 1780.401 -12.558 -0.09479 0.99550
-0.114 1781.397 -12.555 -0.09560 0.99542
-0.210 1782.392 -12.550 -0.09639 0.99534
-0.307 1783.388 -12.545 -0.09713 0.99527
-0.404 1784.383 -12.538 -0.09784 0.99520
-0.502 1785.378 -12.530 -0.09851 0.99514
-0.601 1786.373 -12.521 -0.09914 0.99507
-0.701 1787.368 -12.511 -0.09973 0.99501
-0.801 1788.363 -12.500 -0.10029 0.99496
-0.901 1789.358 -12.488 -0.10081 0.99491
-1.002 1790.353 -12.474 -0.10129 0.99486
-1.104 1791.348 -12.460 -0.10173 0.99481
-1.206 1792.342 -12.445 -0.10214 0.99477
-1.308 1793.337 -12.429 -0.10250 0.99473
-1.411 1794.332 -12.412 -0.10283 0.99470
-1.514 1795.327 -12.394 -0.10312 0.99467
-1.617 1796.321 -12.375 -0.10338 0.99464
-1.721 1797.316 -12.356 -0.10360 0.99462
-1.824 1798.311 -12.336 -0.10377 0.99460
-1.928 1799.305 -12.314 -0.10392 0.99459
-2.032 1800.300 -12.293 -0.10402 0.99458
-2.136 1801.294 -12.270 -0.10409 0.99457
-2.240 1802.289 -12.247 -0.10412 0.99457
-2.344 1803.283 -12.223 -0.10411 0.99457
-2.448 1804.278 -12.199 -0.10406 0.99457
-2.552 1805.273 -12.173 -0.10398 0.99458
-2.656 1806.267 -12.148 -0.10386 0.99459
-2.760 1807.262 -12.121 -0.10371 0.99461
-2.864 1808.256 -12.095 -0.10352 0.99463
-2.967 1809.251 -12.067 -0.10329 0.99465
-3.070 1810.246 -12.039 -0.10302 0.99468
-3.173 1811.240 -12.011 -0.10272 0.99471
-3.276 1812.235 -11.982 -0.10239 0.99474
-3.378 1813.230 -11.952 -0.10201 0.99478
-3.480 1814.225 -11.922 -0.10161 0.99482
-3.581 1815.219 -11.892 -0.10116 0.99487
-3.682 1816.214 -11.861 -0.10069 0.99492
-3.783 1817.209 -11.829 -0.10017 0.99497
-3.883 1818.204 -11.798 -0.09963 0.99503
-3.982 1819.199 -11.765 -0.09904 0.99508
-4.081 1820.194 -11.733 -0.09843 0.99514
-4.179 1821.190 -11.700 -0.09778 0.99521
-4.276 1822.185 -11.666 -0.09710 0.99528
-4.373 1823.180 -11.632 -0.09638 0.99534
-4.469 1824.176 -11.598 -0.09563 0.99542
-4.564 1825.171 -11.563 -0.09485 0.99549
-4.659 1826.167 -11.528 -0.09403 0.99557
-4.752 1827.162 -11.492 -0.09319 0.99565
-4.845 1828.158 -11.456 -0.09231 0.99573
-4.937 1829.154 -11.419 -0.09140 0.99581
-5.028 1830.149 -11.382 -0.09046 0.99590
-5.118 1831.145 -11.345 -0.08949 0.99599
-5.207 1832.141 -11.307 -0.08849 0.99608
-5.295 1833.138 -11.269 -0.08746 0.99617
-5.382 1834.134 -11.230 -0.08640 0.99626
-5.468 1835.130 -11.191 -0.08531 0.99635
-5.552 1836.127 -11.151 -0.08419 0.99645
-5.636 1837.123 -11.111 -0.08305 0.99655
-5.718 1838.120 -11.070 -0.08187 0.99664
-5.800 1839.116 -11.028 -0.08067 0.99674
-5.880 1840.113 -10.986 -0.07944 0.99684
-5.959 1841.110 -10.944 -0.07819 0.99694
-6.036 1842.107 -10.901 -0.07691 0.99704
-6.112 1843.104 -10.857 -0.07560 0.99714
-6.187 1844.101 -10.813 -0.07427 0.99724
-6.261 1845.099 -10.768 -0.07291 0.99734
-6.333 1846.096 -10.722 -0.07153 0.99744
-6.404 1847.093 -10.676 -0.07013 0.99754
-6.473 1848.091 -10.629 -0.06870 0.99764
-6.541 1849.089 -10.581 -0.06725 0.99774
-6.608 1850.086 -10.533 -0.06578 0.99783
-6.673 1851.084 -10.484 -0.06429 0.99793
-6.737 1852.082 -10.433 -0.06278 0.99803
-6.799 1853.080 -10.383 -0.06124 0.99812
-6.859 1854.079 -10.331 -0.05969 0.99822
-6.918 1855.077 -10.278 -0.05812 0.99831
-6.975 1856.075 -10.225 -0.05652 0.99840
-7.031 1857.074 -10.170 -0.05491 0.99849
-7.085 1858.072 -10.115 -0.05329 0.99858
-7.138 1859.071 -10.059 -0.05164 0.99867
-7.188 1860.069 -10.002 -0.04998 0.99875
-7.238 1861.068 -9.943 -0.04830 0.99883
-7.285 1862.067 -9.884 -0.04661 0.99891
-7.331 1863.066 -9.824 -0.04491 0.99899
-7.375 1864.065 -9.762 -0.04319 0.99907
-7.417 1865.064 -9.700 -0.04145 0.99914
-7.458 1866.063 -9.636 -0.03971 0.99921
-7.497 1867.063 -9.571 -0.03795 0.99928
-7.534 1868.062 -9.505 -0.03618 0.99935
-7.569 1869.061 -9.438 -0.03440 0.99941
-7.602 1870.061 -9.369 -0.03261 0.99947
-7.634 1871.060 -9.300 -0.03081 0.99953
-7.664 1872.060 -9.229 -0.02900 0.99958
-7.692 1873.059 -9.157 -0.02719 0.99963
-7.718 1874.059 -9.083 -0.02536 0.99968
-7.743 1875.059 -9.008 -0.02353 0.99972
-7.765 1876.059 -8.932 -0.02169 0.99976
-7.786 1877.058 -8.854 -0.01985 0.99980
-7.805 1878.058 -8.775 -0.01800 0.99984
-7.822 1879.058 -8.695 -0.01615 0.99987
-7.837 1880.058 -8.613 -0.01430 0.99990
-7.851 1881.058 -8.530 -0.01244 0.99992
-7.862 1882.058 -8.445 -0.01058 0.99994
-7.872 1883.058 -8.359 -0.00872 0.99996
-7.880 1884.058 -8.272 -0.00686 0.99998
-7.886 1885.058 -8.183 -0.00500 0.99999
-7.890 1886.058 -8.092 -0.00313 1.00000
-7.892 1887.058 -8.000 -0.00127 1.00000
-7.892 1888.058 -7.907 0.00059 1.00000
-7.891 1889.058 -7.812 0.00244 1.00000
-7.887 1890.058 -7.716 0.00429 0.99999
-7.882 1891.058 -7.618 0.00614 0.99998
-7.875 1892.058 -7.518 0.00799 0.99997
-7.866 1893.058 -7.417 0.00983 0.99995
-7.855 1894.057 -7.315 0.01166 0.99993
-7.843 1895.057 -7.211 0.01349 0.99991
-7.829 1896.057 -7.105 0.01531 0.99988
-7.812 1897.057 -6.998 0.01712 0.99985
-7.794 1898.057 -6.890 0.01892 0.99982
-7.774 1899.057 -6.780 0.02072 0.99979
-7.753 1900.057 -6.668 0.02251 0.99975
-7.729 1901.056 -6.556 0.02428 0.99971
-7.704 1902.056 -6.441 0.02604 0.99966
-7.677 1903.056 -6.325 0.02780 0.99961
-7.649 1904.055 -6.208 0.02954 0.99956
-7.618 1905.055 -6.090 0.03127 0.99951
-7.586 1906.054 -5.970 0.03298 0.99946
-7.552 1907.054 -5.848 0.03468 0.99940
-7.517 1908.053 -5.725 0.03637 0.99934
-7.480 1909.052 -5.601 0.03804 0.99928
-7.441 1910.052 -5.476 0.03970 0.99921
-7.400 1911.051 -5.349 0.04134 0.99915
-7.358 1912.050 -5.222 0.04296 0.99908
-7.314 1913.049 -5.092 0.04457 0.99901
-7.269 1914.048 -4.962 0.04616 0.99893
-7.222 1915.047 -4.831 0.04773 0.99886
-7.173 1916.046 -4.698 0.04929 0.99878
-7.123 1917.044 -4.564 0.05082 0.99871
-7.072 1918.043 -4.430 0.05233 0.99863
-7.019 1919.042 -4.294 0.05383 0.99855
-6.964 1920.040 -4.157 0.05530 0.99847
-6.908 1921.039 -4.019 0.05675 0.99839
-6.851 1922.037 -3.880 0.05818 0.99831
-6.792 1923.035 -3.741 0.05959 0.99822
-6.731 1924.033 -3.601 0.06098 0.99814
-6.670 1925.031 -3.459 0.06234 0.99805
-6.607 1926.029 -3.317 0.06369 0.99797
-6.542 1927.027 -3.175 0.06500 0.99789
-6.477 1928.025 -3.032 0.06630 0.99780
-6.410 1929.023 -2.888 0.06757 0.99771
-6.342 1930.021 -2.743 0.06881 0.99763
-6.272 1931.018 -2.598 0.07003 0.99754
-6.202 1932.016 -2.453 0.07122 0.99746
-6.130 1933.013 -2.307 0.07239 0.99738
-6.057 1934.010 -2.161 0.07353 0.99729
-5.983 1935.008 -2.014 0.07465 0.99721
-5.907 1936.005 -1.868 0.07574 0.99713
-5.831 1937.002 -1.721 0.07680 0.99705
-5.754 1937.999 -1.573 0.07783 0.99697
-5.676 1938.996 -1.426 0.07884 0.99689
-5.596 1939.993 -1.279 0.07982 0.99681
-5.516 1940.990 -1.132 0.08077 0.99673
-5.435 1941.986 -0.985 0.08170 0.99666
-5.352 1942.983 -0.838 0.08259 0.99658
-5.269 1943.979 -0.691 0.08346 0.99651
-5.186 1944.976 -0.544 0.08429 0.99644
-5.101 1945.972 -0.398 0.08510 0.99637
-5.015 1946.969 -0.252 0.08588 0.99631
-4.929 1947.965 -0.107 0.08663 0.99624
-4.842 1948.961 0.038 0.08735 0.99618
-4.754 1949.957 0.182 0.08803 0.99612
-4.666 1950.953 0.326 0.08869 0.99606
-4.577 1951.949 0.469 0.08932 0.99600
-4.487 1952.945 0.612 0.08992 0.99595
-4.397 1953.941 0.753 0.09049 0.99590
-4.306 1954.937 0.894 0.09102 0.99585
-4.215 1955.933 1.034 0.09153 0.99580
-4.123 1956.929 1.173 0.09201 0.99576
-4.031 1957.924 1.311 0.09245 0.99572
-3.938 1958.920 1.448 0.09287 0.99568
-3.845 1959.916 1.583 0.09325 0.99564
-3.752 1960.911 1.718 0.09360 0.99561
-3.658 1961.907 1.851 0.09392 0.99558
-3.564 1962.903 1.983 0.09421 0.99555
-3.470 1963.898 2.114 0.09447 0.99553
-3.375 1964.894 2.243 0.09470 0.99551
-3.280 1965.889 2.371 0.09490 0.99549
-3.185 1966.885 2.497 0.09506 0.99547
-3.090 1967.880 2.621 0.09520 0.99546
-2.995 1968.876 2.744 0.09530 0.99545
-2.900 1969.871 2.866 0.09537 0.99544
-2.804 1970.866 2.985 0.09541 0.99544
-2.709 1971.862 3.103 0.09542 0.99544
-2.613 1972.857 3.219 0.09541 0.99544
-2.518 1973.853 3.333 0.09535 0.99544
-2.423 1974.848 3.446 0.09527 0.99545
-2.327 1975.844 3.556 0.09516 0.99546
-2.232 1976.839 3.664 0.09502 0.99548
-2.137 1977.835 3.770 0.09485 0.99549
-2.043 1978.830 3.875 0.09465 0.99551
-1.948 1979.826 3.977 0.09441 0.99553
-1.854 1980.821 4.076 0.09415 0.99556
-1.760 1981.817 4.174 0.09386 0.99559
-1.666 1982.812 4.269 0.09354 0.99562
-1.573 1983.808 4.363 0.09319 0.99565
-1.480 1984.804 4.453 0.09281 0.99568
-1.387 1985.799 4.542 0.09240 0.99572
-1.295 1986.795 4.628 0.09196 0.99576
-1.203 1987.791 4.711 0.09150 0.99581
-1.112 1988.787 4.793 0.09100 0.99585
-1.021 1989.783 4.871 0.09048 0.99590
-0.931 1990.779 4.948 0.08993 0.99595
-0.841 1991.774 5.021 0.08935 0.99600
-0.752 1992.771 5.093 0.08875 0.99605
-0.664 1993.767 5.161 0.08812 0.99611
-0.576 1994.763 5.227 0.08746 0.99617
-0.489 1995.759 5.291 0.08677 0.99623
-0.403 1996.755 5.352 0.08606 0.99629
-0.317 1997.752 5.410 0.08533 0.99635
-0.232 1998.748 5.465 0.08457 0.99642
-0.148 1999.744 5.518 0.08378 0.99648
-0.064 2000.741 5.568 0.08297 0.99655
0.018 2001.737 5.616 0.08213 0.99662
0.100 2002.734 5.661 0.08127 0.99669
0.181 2003.731 5.703 0.08039 0.99676
0.261 2004.728 5.743 0.07948 0.99684
0.340 2005.725 5.780 0.07855 0.99691
0.418 2006.721 5.814 0.07760 0.99698
0.495 2007.718 5.845 0.07663 0.99706
0.571 2008.716 5.874 0.07563 0.99714
0.646 2009.713 5.900 0.07461 0.99721
0.720 2010.710 5.923 0.07358 0.99729
0.793 2011.707 5.944 0.07252 0.99737
0.865 2012.705 5.962 0.07144 0.99744
0.936 2013.702 5.978 0.07034 0.99752
1.006 2014.700 5.991 0.06922 0.99760
1.075 2015.697 6.001 0.06809 0.99768
1.142 2016.695 6.008 0.06694 0.99776
1.209 2017.693 6.013 0.06577 0.99784
1.274 2018.691 6.016 0.06458 0.99791
1.338 2019.689 6.016 0.06337 0.99799
1.400 2020.687 6.013 0.06215 0.99807
1.462 2021.685 6.008 0.06092 0.99814
1.522 2022.683 6.000 0.05967 0.99822
1.581 2023.681 5.990 0.05840 0.99829
1.639 2024.680 5.977 0.05712 0.99837
1.696 2025.678 5.962 0.05583 0.99844
1.751 2026.677 5.945 0.05452 0.99851
1.805 2027.675 5.925 0.05321 0.99858
1.857 2028.674 5.903 0.05188 0.99865
1.908 2029.672 5.879 0.05054 0.99872
1.958 2030.671 5.852 0.04919 0.99879
2.007 2031.670 5.823 0.04782 0.99886
2.054 2032.669 5.792 0.04645 0.99892
2.100 2033.668 5.759 0.04507 0.99898
2.144 2034.667 5.724 0.04369 0.99905
2.187 2035.666 5.686 0.04229 0.99911
2.229 2036.665 5.647 0.04089 0.99916
2.269 2037.664 5.606 0.03948 0.99922
2.308 2038.663 5.562 0.03807 0.99928
2.345 2039.663 5.517 0.03665 0.99933
2.381 2040.662 5.470 0.03522 0.99938
2.415 2041.662 5.421 0.03379 0.99943
2.448 2042.661 5.370 0.03236 0.99948
2.480 2043.660 5.318 0.03093 0.99952
2.510 2044.660 5.263 0.02949 0.99957
2.539 2045.660 5.208 0.02805 0.99961
2.566 2046.659 5.150 0.02661 0.99965
2.592 2047.659 5.091 0.02518 0.99968
2.617 2048.659 5.031 0.02374 0.99972
2.640 2049.658 4.969 0.02230 0.99975
2.661 2050.658 4.905 0.02086 0.99978
2.682 2051.658 4.840 0.01943 0.99981
2.700 2052.658 4.774 0.01800 0.99984
2.718 2053.658 4.707 0.01657 0.99986
2.733 2054.657 4.638 0.01515 0.99989
2.748 2055.657 4.569 0.01373 0.99991
2.761 2056.657 4.498 0.01232 0.99992
2.772 2057.657 4.426 0.01091 0.99994
2.783 2058.657 4.353 0.00951 0.99995
2.792 2059.657 4.279 0.00812 0.99997
2.799 2060.657 4.204 0.00673 0.99998
2.805 2061.657 4.128 0.00536 0.99999
2.810 2062.657 4.051 0.00399 0.99999
2.813 2063.657 3.974 0.00263 1.00000
2.815 2064.657 3.895 0.00129 1.00000
2.816 2065.657 3.817 -0.00005 1.00000
2.815 2066.657 3.737 -0.00137 1.00000
2.813 2067.657 3.657 -0.00268 1.00000
2.809 2068.657 3.576 -0.00398 0.99999
2.805 2069.657 3.495 -0.00527 0.99999
2.799 2070.657 3.413 -0.00654 0.99998
2.792 2071.657 3.331 -0.00780 0.99997
2.783 2072.657 3.249 -0.00904 0.99996
2.774 2073.657 3.166 -0.01027 0.99995
2.763 2074.657 3.083 -0.01148 0.99993
2.751 2075.657 3.000 -0.01267 0.99992
2.737 2076.657 2.916 -0.01384 0.99990
2.723 2077.657 2.832 -0.01500 0.99989
2.707 2078.656 2.749 -0.01614 0.99987
2.691 2079.656 2.665 -0.01726 0.99985
2.673 2080.656 2.581 -0.01836 0.99983
2.654 2081.656 2.497 -0.01944 0.99981
2.634 2082.656 2.413 -0.02050 0.99979
2.613 2083.656 2.329 -0.02154 0.99977
2.591 2084.655 2.246 -0.02256 0.99975
2.568 2085.655 2.162 -0.02356 0.99972
2.544 2086.655 2.079 -0.02453 0.99970
2.519 2087.654 1.996 -0.02548 0.99968
2.493 2088.654 1.913 -0.02641 0.99965
2.466 2089.654 1.831 -0.02731 0.99963
2.438 2090.653 1.749 -0.02819 0.99960
2.410 2091.653 1.667 -0.02904 0.99958
2.380 2092.653 1.586 -0.02987 0.99955
2.350 2093.652 1.505 -0.03067 0.99953
2.319 2094.652 1.424 -0.03145 0.99951
2.287 2095.651 1.345 -0.03220 0.99948
2.254 2096.651 1.265 -0.03292 0.99946
2.221 2097.650 1.186 -0.03362 0.99943
2.187 2098.649 1.108 -0.03429 0.99941
2.153 2099.649 1.030 -0.03493 0.99939
2.117 2100.648 0.953 -0.03554 0.99937
2.081 2101.648 0.877 -0.03612 0.99935
2.045 2102.647 0.801 -0.03668 0.99933
2.008 2103.646 0.726 -0.03720 0.99931
1.971 2104.645 0.651 -0.03770 0.99929
1.933 2105.645 0.578 -0.03816 0.99927
1.894 2106.644 0.505 -0.03860 0.99925
1.856 2107.643 0.433 -0.03900 0.99924
1.816 2108.643 0.362 -0.03937 0.99922
1.777 2109.642 0.291 -0.03972 0.99921
1.737 2110.641 0.222 -0.04003 0.99920
1.697 2111.640 0.153 -0.04030 0.99919
1.656 2112.639 0.085 -0.04055 0.99918
1.616 2113.638 0.018 -0.04077 0.99917
1.575 2114.638 -0.048 -0.04095 0.99916
1.534 2115.637 -0.113 -0.04110 0.99916
1.493 2116.636 -0.178 -0.04121 0.99915
1.451 2117.635 -0.241 -0.04130 0.99915
1.410 2118.634 -0.303 -0.04135 0.99914
1.369 2119.633 -0.365 -0.04137 0.99914
1.327 2120.633 -0.425 -0.04135 0.99914
1.286 2121.632 -0.485 -0.04130 0.99915
1.245 2122.631 -0.543 -0.04122 0.99915
1.204 2123.630 -0.601 -0.04110 0.99916
1.162 2124.629 -0.657 -0.04095 0.99916
1.122 2125.628 -0.713 -0.04076 0.99917
1.081 2126.627 -0.767 -0.04054 0.99918
1.041 2127.627 -0.820 -0.04029 0.99919
1.000 2128.626 -0.873 -0.04000 0.99920
0.961 2129.625 -0.924 -0.03967 0.99921
0.921 2130.624 -0.974 -0.03932 0.99923
0.882 2131.624 -1.023 -0.03892 0.99924
0.843 2132.623 -1.072 -0.03850 0.99926
0.805 2133.622 -1.119 -0.03803 0.99928
0.767 2134.621 -1.165 -0.03754 0.99930
0.730 2135.621 -1.209 -0.03701 0.99931
0.693 2136.620 -1.253 -0.03644 0.99934
0.657 2137.619 -1.296 -0.03584 0.99936
0.621 2138.619 -1.338 -0.03521 0.99938
0.587 2139.618 -1.378 -0.03454 0.99940
0.552 2140.617 -1.417 -0.03384 0.99943
0.519 2141.617 -1.456 -0.03310 0.99945
0.486 2142.616 -1.493 -0.03233 0.99948
0.454 2143.616 -1.529 -0.03152 0.99950
0.423 2144.615 -1.564 -0.03068 0.99953
0.393 2145.615 -1.598 -0.02981 0.99956
0.363 2146.614 -1.631 -0.02890 0.99958
0.335 2147.614 -1.663 -0.02796 0.99961
0.308 2148.614 -1.693 -0.02699 0.99964
0.281 2149.613 -1.723 -0.02598 0.99966
0.256 2150.613 -1.751 -0.02494 0.99969
0.231 2151.613 -1.779 -0.02386 0.99972
0.208 2152.612 -1.805 -0.02276 0.99974
0.186 2153.612 -1.830 -0.02162 0.99977
0.165 2154.612 -1.854 -0.02045 0.99979
0.145 2155.612 -1.877 -0.01924 0.99981
0.126 2156.612 -1.899 -0.01801 0.99984
0.109 2157.611 -1.919 -0.01674 0.99986
0.093 2158.611 -1.939 -0.01545 0.99988
0.078 2159.611 -1.957 -0.01412 0.99990
0.064 2160.611 -1.975 -0.01276 0.99992
0.052 2161.611 -1.991 -0.01137 0.99994
0.042 2162.611 -2.007 -0.00995 0.99995
0.032 2163.611 -2.021 -0.00850 0.99996
0.025 2164.611 -2.034 -0.00702 0.99998
0.018 2165.611 -2.046 -0.00552 0.99998
0.014 2166.611 -2.057 -0.00398 0.99999
0.010 2167.611 -2.067 -0.00242 1.00000
0.009 2168.611 -2.075 -0.00083 1.00000
0.009 2169.611 -2.083 0.00079 1.00000
0.010 2170.611 -2.090 0.00243 1.00000
0.014 2171.611 -2.095 0.00411 0.99999
0.019 2172.611 -2.100 0.00580 0.99998
0.025 2173.611 -2.103 0.00753 0.99997
0.034 2174.611 -2.106 0.00928 0.99996
0.044 2175.611 -2.107 0.01105 0.99994
0.056 2176.611 -2.108 0.01285 0.99992
0.070 2177.611 -2.107 0.01467 0.99989
0.085 2178.610 -2.105 0.01651 0.99986
0.103 2179.610 -2.103 0.01838 0.99983
0.122 2180.610 -2.099 0.02026 0.99979
0.143 2181.610 -2.094 0.02217 0.99975
0.166 2182.610 -2.089 0.02410 0.99971
0.191 2183.609 -2.082 0.02606 0.99966
0.218 2184.609 -2.074 0.02803 0.99961
0.247 2185.609 -2.066 0.03002 0.99955
0.278 2186.608 -2.056 0.03202 0.99949
0.311 2187.608 -2.046 0.03405 0.99942
0.346 2188.607 -2.034 0.03610 0.99935
0.384 2189.606 -2.022 0.03816 0.99927
0.423 2190.605 -2.008 0.04023 0.99919
0.464 2191.605 -1.994 0.04233 0.99910
0.507 2192.604 -1.979 0.04443 0.99901
0.553 2193.603 -1.963 0.04656 0.99892
0.601 2194.601 -1.946 0.04869 0.99881
0.650 2195.600 -1.928 0.05084 0.99871
0.702 2196.599 -1.909 0.05300 0.99859
0.756 2197.597 -1.890 0.05518 0.99848
0.813 2198.596 -1.870 0.05736 0.99835
0.871 2199.594 -1.848 0.05955 0.99823
0.932 2200.592 -1.826 0.06176 0.99809
0.995 2201.590 -1.804 0.06397 0.99795
1.060 2202.588 -1.780 0.06619 0.99781
1.127 2203.586 -1.756 0.06842 0.99766
1.196 2204.584 -1.731 0.07065 0.99750
1.268 2205.581 -1.705 0.07290 0.99734
1.342 2206.578 -1.678 0.07514 0.99717
1.419 2207.575 -1.651 0.07740 0.99700
1.497 2208.572 -1.623 0.07965 0.99682
1.578 2209.569 -1.594 0.08191 0.99664
1.661 2210.565 -1.565 0.08417 0.99645
1.746 2211.562 -1.535 0.08644 0.99626
1.834 2212.558 -1.505 0.08870 0.99606
1.924 2213.554 -1.473 0.09097 0.99585
2.016 2214.550 -1.442 0.09323 0.99564
2.110 2215.545 -1.410 0.09550 0.99543
2.207 2216.541 -1.377 0.09776 0.99521
2.306 2217.536 -1.343 0.10002 0.99499
2.407 2218.531 -1.310 0.10228 0.99476
2.510 2219.525 -1.275 0.10453 0.99452
2.616 2220.520 -1.241 0.10678 0.99428
2.724 2221.514 -1.206 0.10902 0.99404
2.834 2222.508 -1.170 0.11126 0.99379
2.946 2223.501 -1.134 0.11350 0.99354
3.061 2224.495 -1.098 0.11572 0.99328
3.178 2225.488 -1.061 0.11794 0.99302
3.297 2226.481 -1.024 0.12015 0.99276
3.418 2227.473 -0.987 0.12234 0.99249
3.541 2228.466 -0.950 0.12453 0.99222
3.667 2229.458 -0.912 0.12671 0.99194
3.795 2230.450 -0.874 0.12888 0.99166
3.925 2231.441 -0.836 0.13104 0.99138
4.057 2232.432 -0.798 0.13318 0.99109
4.191 2233.423 -0.759 0.13531 0.99080
4.327 2234.414 -0.721 0.13743 0.99051
4.466 2235.404 -0.682 0.13953 0.99022
4.607 2236.394 -0.644 0.14162 0.98992
4.749 2237.384 -0.605 0.14369 0.98962
4.894 2238.374 -0.566 0.14574 0.98932
5.041 2239.363 -0.528 0.14778 0.98902
5.189 2240.352 -0.489 0.14981 0.98872
5.340 2241.340 -0.450 0.15181 0.98841
5.493 2242.328 -0.412 0.15379 0.98810
5.648 2243.316 -0.374 0.15576 0.98779
5.805 2244.304 -0.336 0.15771 0.98749
5.963 2245.291 -0.298 0.15963 0.98718
6.124 2246.278 -0.260 0.16154 0.98687
6.286 2247.265 -0.223 0.16342 0.98656
6.451 2248.252 -0.185 0.16529 0.98625
6.617 2249.238 -0.148 0.16713 0.98594
6.785 2250.223 -0.112 0.16895 0.98563
6.955 2251.209 -0.076 0.17074 0.98532
7.126 2252.194 -0.040 0.17251 0.98501
7.300 2253.179 -0.004 0.17426 0.98470
7.475 2254.163 0.031 0.17598 0.98439
7.652 2255.148 0.065 0.17768 0.98409
7.830 2256.132 0.099 0.17935 0.98378
8.011 2257.115 0.133 0.18100 0.98348
8.192 2258.099 0.166 0.18262 0.98318
8.376 2259.082 0.199 0.18422 0.98289
8.561 2260.064 0.231 0.18578 0.98259
8.747 2261.047 0.262 0.18732 0.98230
8.935 2262.029 0.293 0.18883 0.98201
9.125 2263.011 0.323 0.19032 0.98172
9.316 2263.992 0.352 0.19177 0.98144
9.509 2264.974 0.381 0.19320 0.98116
9.702 2265.955 0.409 0.19459 0.98088
9.898 2266.935 0.436 0.19596 0.98061
10.094 2267.916 0.462 0.19730 0.98034
10.292 2268.896 0.488 0.19860 0.98008
10.492 2269.876 0.513 0.19988 0.97982
10.692 2270.856 0.537 0.20112 0.97957
10.894 2271.835 0.560 0.20234 0.97932
11.097 2272.814 0.582 0.20352 0.97907
11.301 2273.793 0.604 0.20467 0.97883
11.506 2274.772 0.625 0.20579 0.97860
11.712 2275.751 0.644 0.20687 0.97837
11.920 2276.729 0.663 0.20793 0.97814
12.128 2277.707 0.681 0.20895 0.97793
12.338 2278.685 0.698 0.20994 0.97771
12.548 2279.662 0.713 0.21089 0.97751
12.760 2280.640 0.728 0.21181 0.97731
12.972 2281.617 0.742 0.21270 0.97712
13.185 2282.594 0.755 0.21356 0.97693
13.399 2283.571 0.767 0.21438 0.97675
13.614 2284.547 0.778 0.21516 0.97658
13.829 2285.524 0.788 0.21591 0.97641
14.046 2286.500 0.797 0.21663 0.97625
14.262 2287.476 0.804 0.21731 0.97610
14.480 2288.452 0.811 0.21796 0.97596
14.698 2289.428 0.817 0.21857 0.97582
14.917 2290.404 0.821 0.21915 0.97569
15.137 2291.380 0.825 0.21969 0.97557
15.357 2292.355 0.827 0.22019 0.97546
15.577 2293.331 0.828 0.22066 0.97535
15.798 2294.306 0.828 0.22110 0.97525
16.019 2295.281 0.828 0.22150 0.97516
16.241 2296.256 0.826 0.22186 0.97508
16.463 2297.231 0.823 0.22219 0.97500
16.685 2298.206 0.819 0.22248 0.97494
16.908 2299.181 0.813 0.22273 0.97488
17.131 2300.156 0.807 0.22295 0.97483
17.354 2301.131 0.800 0.22313 0.97479
17.577 2302.106 0.792 0.22327 0.97476
17.800 2303.080 0.782 0.22338 0.97473
18.024 2304.055 0.772 0.22346 0.97471
18.247 2305.030 0.760 0.22349 0.97471
18.471 2306.004 0.748 0.22349 0.97471
18.694 2306.979 0.734 0.22345 0.97472
18.918 2307.954 0.719 0.22338 0.97473
19.141 2308.929 0.704 0.22326 0.97476
19.364 2309.903 0.687 0.22312 0.97479
19.587 2310.878 0.670 0.22293 0.97483
19.810 2311.853 0.651 0.22271 0.97488
20.033 2312.828 0.632 0.22245 0.97494
20.255 2313.803 0.611 0.22215 0.97501
20.477 2314.778 0.590 0.22182 0.97509
20.699 2315.753 0.568 0.22145 0.97517
20.920 2316.728 0.545 0.22105 0.97526
21.141 2317.704 0.521 0.22060 0.97536
21.361 2318.679 0.496 0.22012 0.97547
21.581 2319.655 0.470 0.21961 0.97559
21.800 2320.630 0.444 0.21906 0.97571
22.019 2321.606 0.417 0.21847 0.97584
22.237 2322.582 0.389 0.21784 0.97598
22.455 2323.558 0.360 0.21718 0.97613
22.672 2324.534 0.330 0.21648 0.97629
22.888 2325.511 0.300 0.21575 0.97645
23.103 2326.487 0.270 0.21497 0.97662
23.318 2327.464 0.238 0.21417 0.97680
23.531 2328.441 0.206 0.21332 0.97698
23.744 2329.418 0.173 0.21245 0.97717
23.956 2330.395 0.140 0.21153 0.97737
24.167 2331.373 0.107 0.21058 0.97758
24.377 2332.350 0.072 0.20960 0.97779
24.587 2333.328 0.038 0.20857 0.97801
24.795 2334.306 0.002 0.20752 0.97823
25.002 2335.285 -0.033 0.20643 0.97846
25.208 2336.263 -0.069 0.20530 0.97870
25.412 2337.242 -0.105 0.20414 0.97894
25.616 2338.221 -0.142 0.20295 0.97919
25.818 2339.200 -0.179 0.20172 0.97944
26.019 2340.180 -0.216 0.20045 0.97970
26.219 2341.160 -0.254 0.19916 0.97997
26.418 2342.140 -0.292 0.19782 0.98024
26.615 2343.120 -0.329 0.19646 0.98051
26.810 2344.101 -0.367 0.19506 0.98079
27.005 2345.082 -0.406 0.19363 0.98107
27.198 2346.063 -0.444 0.19217 0.98136
27.389 2347.045 -0.482 0.19067 0.98165
27.579 2348.026 -0.520 0.18914 0.98195
27.767 2349.008 -0.559 0.18758 0.98225
27.954 2349.991 -0.597 0.18599 0.98255
28.139 2350.974 -0.635 0.18437 0.98286
28.323 2351.957 -0.673 0.18271 0.98317
28.505 2352.940 -0.711 0.18103 0.98348
28.685 2353.924 -0.749 0.17931 0.98379
28.863 2354.907 -0.786 0.17757 0.98411
29.040 2355.892 -0.824 0.17579 0.98443
29.215 2356.876 -0.861 0.17399 0.98475
29.388 2357.861 -0.897 0.17216 0.98507
29.559 2358.846 -0.934 0.17029 0.98539
29.729 2359.832 -0.970 0.16840 0.98572
29.896 2360.818 -1.005 0.16649 0.98604
30.062 2361.804 -1.041 0.16454 0.98637
30.225 2362.791 -1.075 0.16257 0.98670
30.387 2363.777 -1.110 0.16057 0.98702
30.546 2364.765 -1.143 0.15855 0.98735
30.704 2365.752 -1.177 0.15650 0.98768
30.859 2366.740 -1.209 0.15442 0.98801
31.013 2367.728 -1.241 0.15232 0.98833
31.164 2368.717 -1.273 0.15020 0.98866
31.313 2369.706 -1.304 0.14805 0.98898
31.460 2370.695 -1.334 0.14588 0.98930
31.605 2371.684 -1.363 0.14369 0.98962
31.747 2372.674 -1.392 0.14147 0.98994
31.888 2373.664 -1.420 0.13923 0.99026
32.026 2374.654 -1.448 0.13697 0.99057
32.162 2375.645 -1.474 0.13470 0.99089
32.295 2376.636 -1.500 0.13240 0.99120
32.427 2377.628 -1.525 0.13008 0.99150
32.555 2378.619 -1.549 0.12774 0.99181
32.682 2379.611 -1.572 0.12539 0.99211
32.806 2380.603 -1.594 0.12302 0.99240
32.928 2381.596 -1.616 0.12063 0.99270
33.048 2382.589 -1.636 0.11822 0.99299
33.165 2383.582 -1.656 0.11580 0.99327
33.279 2384.575 -1.675 0.11337 0.99355
33.391 2385.569 -1.692 0.11092 0.99383
33.501 2386.563 -1.709 0.10845 0.99410
33.608 2387.557 -1.725 0.10598 0.99437
33.713 2388.552 -1.740 0.10349 0.99463
33.815 2389.546 -1.754 0.10099 0.99489
33.915 2390.542 -1.767 0.09847 0.99514
34.012 2391.537 -1.779 0.09595 0.99539
34.107 2392.532 -1.790 0.09342 0.99563
34.199 2393.528 -1.800 0.09088 0.99586
34.289 2394.524 -1.809 0.08833 0.99609
34.376 2395.520 -1.817 0.08577 0.99631
34.460 2396.517 -1.823 0.08321 0.99653
34.542 2397.513 -1.829 0.08064 0.99674
34.621 2398.510 -1.834 0.07807 0.99695
34.698 2399.507 -1.838 0.07549 0.99715
34.772 2400.504 -1.841 0.07290 0.99734
34.844 2401.502 -1.843 0.07032 0.99752
34.913 2402.499 -1.844 0.06773 0.99770
34.979 2403.497 -1.844 0.06514 0.99788
35.043 2404.495 -1.844 0.06255 0.99804
35.105 2405.493 -1.842 0.05996 0.99820
35.163 2406.492 -1.839 0.05736 0.99835
35.219 2407.490 -1.835 0.05477 0.99850
35.273 2408.489 -1.831 0.05219 0.99864
35.324 2409.487 -1.825 0.04960 0.99877
35.372 2410.486 -1.819 0.04702 0.99889
35.418 2411.485 -1.812 0.04444 0.99901
35.461 2412.484 -1.804 0.04187 0.99912
35.501 2413.483 -1.795 0.03930 0.99923
35.539 2414.483 -1.785 0.03674 0.99932
35.575 2415.482 -1.775 0.03419 0.99942
35.608 2416.481 -1.764 0.03164 0.99950
35.638 2417.481 -1.752 0.02911 0.99958
35.666 2418.481 -1.739 0.02658 0.99965
35.691 2419.480 -1.726 0.02406 0.99971
35.714 2420.480 -1.712 0.02155 0.99977
35.734 2421.480 -1.698 0.01906 0.99982
35.752 2422.480 -1.683 0.01658 0.99986
35.768 2423.480 -1.667 0.01410 0.99990
35.780 2424.479 -1.651 0.01165 0.99993
35.791 2425.479 -1.635 0.00920 0.99996
35.799 2426.479 -1.618 0.00678 0.99998
35.804 2427.479 -1.600 0.00436 0.99999
35.808 2428.479 -1.583 0.00196 1.00000
35.808 2429.479 -1.565 -0.00042 1.00000
35.807 2430.479 -1.546 -0.00278 1.00000
35.803 2431.479 -1.527 -0.00512 0.99999
35.797 2432.479 -1.508 -0.00745 0.99997
35.788 2433.479 -1.489 -0.00976 0.99995
35.777 2434.479 -1.470 -0.01205 0.99993
35.764 2435.479 -1.451 -0.01432 0.99990
35.748 2436.479 -1.431 -0.01656 0.99986
35.731 2437.479 -1.412 -0.01879 0.99982
35.711 2438.479 -1.392 -0.02099 0.99978
35.689 2439.478 -1.372 -0.02317 0.99973
35.664 2440.478 -1.353 -0.02533 0.99968
35.638 2441.478 -1.334 -0.02747 0.99962
35.610 2442.477 -1.315 -0.02958 0.99956
35.579 2443.477 -1.296 -0.03166 0.99950
35.546 2444.476 -1.277 -0.03373 0.99943
35.511 2445.476 -1.258 -0.03576 0.99936
35.475 2446.475 -1.240 -0.03777 0.99929
35.436 2447.474 -1.222 -0.03976 0.99921
35.395 2448.473 -1.205 -0.04171 0.99913
35.352 2449.473 -1.188 -0.04364 0.99905
35.308 2450.472 -1.172 -0.04554 0.99896
35.261 2451.470 -1.156 -0.04742 0.99888
35.213 2452.469 -1.140 -0.04926 0.99879
35.163 2453.468 -1.126 -0.05108 0.99869
35.111 2454.467 -1.112 -0.05287 0.99860
35.057 2455.465 -1.098 -0.05463 0.99851
35.002 2456.464 -1.085 -0.05636 0.99841
34.944 2457.462 -1.073 -0.05806 0.99831
34.885 2458.460 -1.062 -0.05973 0.99821
34.825 2459.459 -1.052 -0.06136 0.99812
34.763 2460.457 -1.042 -0.06297 0.99802
34.699 2461.455 -1.033 -0.06455 0.99791
34.634 2462.452 -1.026 -0.06609 0.99781
34.567 2463.450 -1.019 -0.06761 0.99771
34.498 2464.448 -1.013 -0.06909 0.99761
34.429 2465.445 -1.008 -0.07053 0.99751
34.357 2466.443 -1.004 -0.07195 0.99741
34.285 2467.440 -1.002 -0.07334 0.99731
34.211 2468.437 -1.000 -0.07469 0.99721
34.135 2469.435 -1.000 -0.07601 0.99711
34.059 2470.432 -1.000 -0.07729 0.99701
33.981 2471.429 -1.002 -0.07854 0.99691
33.902 2472.425 -1.005 -0.07976 0.99681
33.821 2473.422 -1.009 -0.08095 0.99672
33.740 2474.419 -1.014 -0.08210 0.99662
33.657 2475.416 -1.021 -0.08322 0.99653
33.573 2476.412 -1.029 -0.08430 0.99644
33.488 2477.408 -1.038 -0.08535 0.99635
33.403 2478.405 -1.048 -0.08637 0.99626
33.316 2479.401 -1.060 -0.08735 0.99618
33.228 2480.397 -1.073 -0.08830 0.99609
33.139 2481.393 -1.088 -0.08922 0.99601
33.049 2482.389 -1.103 -0.09010 0.99593
32.959 2483.385 -1.120 -0.09095 0.99586
32.868 2484.381 -1.139 -0.09176 0.99578
32.775 2485.377 -1.158 -0.09254 0.99571
32.682 2486.372 -1.179 -0.09328 0.99564
32.589 2487.368 -1.201 -0.09399 0.99557
32.494 2488.363 -1.225 -0.09467 0.99551
32.399 2489.359 -1.250 -0.09532 0.99545
32.304 2490.354 -1.276 -0.09593 0.99539
32.208 2491.350 -1.304 -0.09650 0.99533
32.111 2492.345 -1.333 -0.09704 0.99528
32.014 2493.340 -1.363 -0.09755 0.99523
31.916 2494.335 -1.394 -0.09803 0.99518
31.817 2495.331 -1.427 -0.09847 0.99514
31.719 2496.326 -1.461 -0.09888 0.99510
31.620 2497.321 -1.496 -0.09926 0.99506
31.520 2498.316 -1.533 -0.09960 0.99503
31.421 2499.311 -1.571 -0.09991 0.99500
31.320 2500.306 -1.609 -0.10019 0.99497
31.220 2501.301 -1.649 -0.10043 0.99494
31.120 2502.296 -1.690 -0.10065 0.99492
31.019 2503.291 -1.733 -0.10083 0.99490
30.918 2504.285 -1.776 -0.10098 0.99489
30.817 2505.280 -1.820 -0.10110 0.99488
30.716 2506.275 -1.866 -0.10118 0.99487
30.615 2507.270 -1.912 -0.10124 0.99486
30.513 2508.265 -1.959 -0.10126 0.99486
30.412 2509.260 -2.008 -0.10126 0.99486
30.311 2510.255 -2.057 -0.10122 0.99486
30.210 2511.250 -2.107 -0.10115 0.99487
30.108 2512.244 -2.158 -0.10106 0.99488
30.007 2513.239 -2.209 -0.10093 0.99489
29.907 2514.234 -2.262 -0.10078 0.99491
29.806 2515.229 -2.315 -0.10059 0.99493
29.705 2516.224 -2.368 -0.10038 0.99495
29.605 2517.219 -2.423 -0.10014 0.99497
29.505 2518.214 -2.478 -0.09987 0.99500
29.405 2519.209 -2.533 -0.09957 0.99503
29.306 2520.204 -2.589 -0.09925 0.99506
29.207 2521.199 -2.646 -0.09890 0.99510
29.108 2522.194 -2.702 -0.09852 0.99514
29.010 2523.189 -2.760 -0.09811 0.99518
28.912 2524.185 -2.817 -0.09768 0.99522
28.815 2525.180 -2.875 -0.09723 0.99526
28.718 2526.175 -2.933 -0.09675 0.99531
28.621 2527.170 -2.991 -0.09624 0.99536
28.525 2528.166 -3.049 -0.09571 0.99541
28.430 2529.161 -3.107 -0.09516 0.99546
28.335 2530.157 -3.166 -0.09458 0.99552
28.240 2531.152 -3.224 -0.09398 0.99557
28.147 2532.148 -3.282 -0.09335 0.99563
28.054 2533.144 -3.340 -0.09271 0.99569
27.961 2534.139 -3.398 -0.09204 0.99576
27.870 2535.135 -3.456 -0.09135 0.99582
27.779 2536.131 -3.513 -0.09064 0.99588
27.688 2537.127 -3.571 -0.08992 0.99595
27.599 2538.123 -3.627 -0.08917 0.99602
27.510 2539.119 -3.684 -0.08840 0.99609
27.422 2540.115 -3.740 -0.08761 0.99615
27.335 2541.111 -3.795 -0.08680 0.99623
27.248 2542.107 -3.850 -0.08598 0.99630
27.163 2543.104 -3.904 -0.08514 0.99637
27.078 2544.100 -3.958 -0.08428 0.99644
26.994 2545.097 -4.011 -0.08340 0.99652
26.911 2546.093 -4.063 -0.08251 0.99659
26.829 2547.090 -4.114 -0.08161 0.99666
26.748 2548.087 -4.165 -0.08069 0.99674
26.668 2549.083 -4.214 -0.07975 0.99681
26.589 2550.080 -4.263 -0.07881 0.99689
26.510 2551.077 -4.311 -0.07784 0.99697
26.433 2552.074 -4.358 -0.07687 0.99704
26.357 2553.071 -4.404 -0.07588 0.99712
26.281 2554.068 -4.449 -0.07489 0.99719
26.207 2555.066 -4.493 -0.07388 0.99727
26.133 2556.063 -4.535 -0.07286 0.99734
26.061 2557.060 -4.577 -0.07183 0.99742
25.990 2558.058 -4.617 -0.07080 0.99749
25.919 2559.055 -4.656 -0.06975 0.99756
25.850 2560.053 -4.694 -0.06870 0.99764
25.782 2561.051 -4.730 -0.06764 0.99771
25.715 2562.048 -4.766 -0.06657 0.99778
25.649 2563.046 -4.800 -0.06550 0.99785
25.584 2564.044 -4.832 -0.06442 0.99792
25.520 2565.042 -4.863 -0.06333 0.99799
25.457 2566.040 -4.893 -0.06224 0.99806
25.396 2567.038 -4.921 -0.06115 0.99813
25.335 2568.036 -4.948 -0.06006 0.99819
25.275 2569.034 -4.974 -0.05896 0.99826
25.217 2570.033 -4.998 -0.05786 0.99832
25.160 2571.031 -5.020 -0.05676 0.99839
25.104 2572.029 -5.041 -0.05566 0.99845
25.048 2573.028 -5.061 -0.05456 0.99851
24.994 2574.027 -5.079 -0.05346 0.99857
24.942 2575.025 -5.095 -0.05236 0.99863
24.890 2576.024 -5.110 -0.05126 0.99869
24.839 2577.022 -5.123 -0.05016 0.99874
24.789 2578.021 -5.135 -0.04907 0.99880
24.741 2579.020 -5.146 -0.04798 0.99885
24.693 2580.019 -5.154 -0.04690 0.99890
24.647 2581.018 -5.161 -0.04582 0.99895
24.602 2582.017 -5.167 -0.04474 0.99900
24.558 2583.016 -5.171 -0.04368 0.99905
24.514 2584.015 -5.174 -0.04261 0.99909
24.472 2585.014 -5.175 -0.04156 0.99914
24.431 2586.013 -5.174 -0.04051 0.99918
24.391 2587.012 -5.172 -0.03947 0.99922
24.352 2588.012 -5.169 -0.03845 0.99926
24.314 2589.011 -5.164 -0.03743 0.99930
24.278 2590.010 -5.157 -0.03642 0.99934
24.242 2591.010 -5.149 -0.03542 0.99937
24.207 2592.009 -5.140 -0.03443 0.99941
24.173 2593.008 -5.129 -0.03346 0.99944
24.140 2594.008 -5.117 -0.03249 0.99947
24.108 2595.007 -5.103 -0.03154 0.99950
24.077 2596.007 -5.088 -0.03061 0.99953
24.047 2597.006 -5.072 -0.02969 0.99956
24.017 2598.006 -5.054 -0.02878 0.99959
23.989 2599.006 -5.035 -0.02789 0.99961
23.962 2600.005 -5.015 -0.02701 0.99964
23.935 2601.005 -4.993 -0.02615 0.99966
23.909 2602.005 -4.970 -0.02531 0.99968
23.884 2603.004 -4.946 -0.02448 0.99970
23.860 2604.004 -4.921 -0.02367 0.99972
23.837 2605.004 -4.895 -0.02288 0.99974
23.815 2606.003 -4.868 -0.02211 0.99976
23.793 2607.003 -4.839 -0.02136 0.99977
23.772 2608.003 -4.810 -0.02062 0.99979
23.752 2609.003 -4.779 -0.01991 0.99980
23.732 2610.003 -4.748 -0.01922 0.99982
23.713 2611.002 -4.715 -0.01855 0.99983
23.695 2612.002 -4.682 -0.01790 0.99984
23.677 2613.002 -4.648 -0.01727 0.99985
23.660 2614.002 -4.613 -0.01667 0.99986
23.644 2615.002 -4.577 -0.01608 0.99987
23.628 2616.002 -4.540 -0.01552 0.99988
23.613 2617.002 -4.503 -0.01499 0.99989
23.598 2618.001 -4.465 -0.01448 0.99990
23.584 2619.001 -4.426 -0.01399 0.99990
23.570 2620.001 -4.387 -0.01353 0.99991
23.557 2621.001 -4.347 -0.01309 0.99991
23.544 2622.001 -4.307 -0.01268 0.99992
23.532 2623.001 -4.266 -0.01229 0.99992
23.519 2624.001 -4.225 -0.01193 0.99993
23.508 2625.001 -4.183 -0.01160 0.99993
23.496 2626.001 -4.141 -0.01129 0.99994
23.485 2627.001 -4.099 -0.01101 0.99994
23.474 2628.001 -4.056 -0.01076 0.99994
23.464 2629.001 -4.013 -0.01053 0.99994
23.453 2630.001 -3.970 -0.01033 0.99995
23.443 2631.000 -3.927 -0.01016 0.99995
23.433 2632.000 -3.883 -0.01002 0.99995
23.423 2633.000 -3.839 -0.00991 0.99995
23.413 2634.000 -3.796 -0.00983 0.99995
23.403 2635.000 -3.752 -0.00977 0.99995
23.393 2636.000 -3.709 -0.00975 0.99995
23.384 2637.000 -3.665 -0.00975 0.99995
23.374 2638.000 -3.621 -0.00979 0.99995
23.364 2639.000 -3.578 -0.00985 0.99995
23.354 2640.000 -3.535 -0.00994 0.99995
23.344 2641.000 -3.492 -0.01007 0.99995
23.334 2642.000 -3.449 -0.01022 0.99995
23.324 2643.000 -3.406 -0.01040 0.99995
23.313 2644.000 -3.364 -0.01062 0.99994
23.303 2645.000 -3.322 -0.01086 0.99994
23.292 2646.000 -3.281 -0.01114 0.99994
23.280 2647.000 -3.240 -0.01145 0.99993
23.269 2648.000 -3.199 -0.01178 0.99993
23.257 2649.000 -3.159 -0.01215 0.99993
23.244 2649.999 -3.119 -0.01255 0.99992
23.232 2650.999 -3.080 -0.01298 0.99992
23.218 2651.999 -3.041 -0.01344 0.99991
23.205 2652.999 -3.003 -0.01394 0.99990
23.191 2653.999 -2.966 -0.01446 0.99990
23.176 2654.999 -2.929 -0.01501 0.99989
23.161 2655.999 -2.893 -0.01560 0.99988
23.145 2656.999 -2.857 -0.01621 0.99987
23.128 2657.999 -2.823 -0.01686 0.99986
23.111 2658.998 -2.789 -0.01754 0.99985
23.093 2659.998 -2.755 -0.01825 0.99983
23.074 2660.998 -2.723 -0.01899 0.99982
23.055 2661.998 -2.691 -0.01975 0.99980
23.035 2662.998 -2.661 -0.02055 0.99979
23.014 2663.998 -2.631 -0.02138 0.99977
22.992 2664.997 -2.602 -0.02225 0.99975
22.969 2665.997 -2.574 -0.02314 0.99973
22.946 2666.997 -2.546 -0.02406 0.99971
22.921 2667.996 -2.520 -0.02501 0.99969
22.896 2668.996 -2.495 -0.02598 0.99966
22.869 2669.996 -2.470 -0.02699 0.99964
22.842 2670.995 -2.447 -0.02803 0.99961
22.813 2671.995 -2.425 -0.02910 0.99958
22.784 2672.995 -2.403 -0.03019 0.99954
22.753 2673.994 -2.383 -0.03132 0.99951
22.721 2674.994 -2.364 -0.03247 0.99947
22.688 2675.993 -2.345 -0.03365 0.99943
22.654 2676.992 -2.328 -0.03485 0.99939
22.618 2677.992 -2.312 -0.03609 0.99935
22.582 2678.991 -2.297 -0.03735 0.99930
22.544 2679.990 -2.283 -0.03864 0.99925
22.504 2680.990 -2.270 -0.03995 0.99920
22.464 2681.989 -2.259 -0.04129 0.99915
22.422 2682.988 -2.248 -0.04266 0.99909
22.378 2683.987 -2.239 -0.04405 0.99903
22.334 2684.986 -2.230 -0.04546 0.99897
22.287 2685.985 -2.223 -0.04690 0.99890
22.240 2686.984 -2.217 -0.04837 0.99883
22.191 2687.983 -2.212 -0.04986 0.99876
22.140 2688.981 -2.208 -0.05137 0.99868
22.088 2689.980 -2.206 -0.05290 0.99860
22.034 2690.978 -2.205 -0.05446 0.99852
21.979 2691.977 -2.204 -0.05604 0.99843
21.922 2692.975 -2.205 -0.05764 0.99834
21.864 2693.974 -2.208 -0.05926 0.99824
21.804 2694.972 -2.211 -0.06090 0.99814
21.742 2695.970 -2.215 -0.06256 0.99804
21.679 2696.968 -2.221 -0.06425 0.99793
21.614 2697.966 -2.228 -0.06595 0.99782
21.547 2698.964 -2.236 -0.06767 0.99771
21.478 2699.961 -2.246 -0.06940 0.99759
21.408 2700.959 -2.256 -0.07116 0.99747
21.336 2701.956 -2.268 -0.07293 0.99734
21.262 2702.953 -2.281 -0.07472 0.99720
21.186 2703.951 -2.295 -0.07652 0.99707
21.109 2704.948 -2.310 -0.07834 0.99693
21.030 2705.944 -2.326 -0.08018 0.99678
20.949 2706.941 -2.344 -0.08202 0.99663
20.866 2707.938 -2.363 -0.08389 0.99648
20.781 2708.934 -2.383 -0.08576 0.99632
20.694 2709.930 -2.404 -0.08765 0.99615
20.606 2710.926 -2.426 -0.08955 0.99598
20.515 2711.922 -2.450 -0.09146 0.99581
20.423 2712.918 -2.475 -0.09338 0.99563
20.328 2713.914 -2.501 -0.09531 0.99545
20.232 2714.909 -2.528 -0.09725 0.99526
20.134 2715.904 -2.556 -0.09920 0.99507
20.034 2716.899 -2.585 -0.10116 0.99487
19.932 2717.894 -2.616 -0.10312 0.99467
19.827 2718.888 -2.648 -0.10509 0.99446
19.721 2719.883 -2.681 -0.10707 0.99425
19.613 2720.877 -2.715 -0.10905 0.99404
19.503 2721.871 -2.750 -0.11104 0.99382
19.391 2722.864 -2.786 -0.11303 0.99359
19.277 2723.858 -2.824 -0.11503 0.99336
19.161 2724.851 -2.862 -0.11703 0.99313
19.043 2725.844 -2.902 -0.11903 0.99289
18.923 2726.837 -2.943 -0.12103 0.99265
18.801 2727.829 -2.985 -0.12304 0.99240
18.677 2728.822 -3.028 -0.12504 0.99215
18.551 2729.814 -3.072 -0.12704 0.99190
18.423 2730.806 -3.118 -0.12905 0.99164
18.293 2731.797 -3.164 -0.13105 0.99138
18.161 2732.788 -3.212 -0.13305 0.99111
18.027 2733.779 -3.260 -0.13505 0.99084
17.891 2734.770 -3.310 -0.13704 0.99057
17.753 2735.760 -3.361 -0.13903 0.99029
17.613 2736.751 -3.412 -0.14101 0.99001
17.471 2737.740 -3.465 -0.14299 0.98972
17.327 2738.730 -3.519 -0.14496 0.98944
17.181 2739.719 -3.574 -0.14693 0.98915
17.033 2740.708 -3.630 -0.14889 0.98885
16.883 2741.697 -3.687 -0.15084 0.98856
16.731 2742.685 -3.745 -0.15278 0.98826
16.577 2743.674 -3.804 -0.15472 0.98796
16.422 2744.661 -3.864 -0.15664 0.98766
16.264 2745.649 -3.925 -0.15855 0.98735
16.105 2746.636 -3.987 -0.16046 0.98704
15.943 2747.623 -4.050 -0.16235 0.98673
15.780 2748.609 -4.114 -0.16423 0.98642
15.615 2749.596 -4.179 -0.16609 0.98611
15.448 2750.582 -4.245 -0.16795 0.98580
15.279 2751.567 -4.311 -0.16979 0.98548
15.108 2752.553 -4.379 -0.17161 0.98516
14.936 2753.538 -4.447 -0.17342 0.98485
14.761 2754.522 -4.517 -0.17522 0.98453
14.585 2755.507 -4.587 -0.17700 0.98421
14.407 2756.491 -4.658 -0.17876 0.98389
14.228 2757.475 -4.729 -0.18050 0.98357
14.046 2758.458 -4.802 -0.18223 0.98326
13.863 2759.441 -4.875 -0.18394 0.98294
13.678 2760.424 -4.950 -0.18563 0.98262
13.492 2761.406 -5.024 -0.18730 0.98230
13.304 2762.388 -5.100 -0.18896 0.98199
13.114 2763.370 -5.176 -0.19059 0.98167
12.923 2764.352 -5.253 -0.19220 0.98136
12.730 2765.333 -5.331 -0.19379 0.98104
12.535 2766.314 -5.409 -0.19536 0.98073
12.339 2767.294 -5.488 -0.19691 0.98042
12.141 2768.275 -5.567 -0.19844 0.98011
11.942 2769.255 -5.647 -0.19994 0.97981
11.741 2770.234 -5.727 -0.20142 0.97951
11.539 2771.214 -5.808 -0.20287 0.97920
11.336 2772.193 -5.890 -0.20431 0.97891
11.131 2773.171 -5.972 -0.20571 0.97861
10.924 2774.150 -6.054 -0.20710 0.97832
10.716 2775.128 -6.136 -0.20846 0.97803
10.507 2776.106 -6.219 -0.20979 0.97775
10.297 2777.084 -6.303 -0.21109 0.97747
10.085 2778.061 -6.386 -0.21238 0.97719
9.872 2779.038 -6.470 -0.21363 0.97691
9.658 2780.015 -6.554 -0.21486 0.97665
9.442 2780.991 -6.638 -0.21606 0.97638
9.226 2781.968 -6.722 -0.21723 0.97612
9.008 2782.944 -6.807 -0.21837 0.97587
8.789 2783.919 -6.891 -0.21949 0.97562
8.569 2784.895 -6.976 -0.22057 0.97537
8.348 2785.870 -7.060 -0.22163 0.97513
8.126 2786.845 -7.145 -0.22266 0.97490
7.902 2787.820 -7.229 -0.22366 0.97467
7.678 2788.794 -7.313 -0.22463 0.97444
7.453 2789.769 -7.397 -0.22557 0.97423
7.227 2790.743 -7.481 -0.22648 0.97402
7.000 2791.717 -7.564 -0.22736 0.97381
6.772 2792.690 -7.648 -0.22821 0.97361
6.544 2793.664 -7.730 -0.22903 0.97342
6.314 2794.637 -7.813 -0.22982 0.97323
6.084 2795.610 -7.895 -0.23057 0.97306
5.853 2796.583 -7.976 -0.23130 0.97288
5.622 2797.556 -8.057 -0.23199 0.97272
5.389 2798.529 -8.138 -0.23265 0.97256
5.156 2799.501 -8.217 -0.23328 0.97241
4.923 2800.474 -8.296 -0.23387 0.97227
4.689 2801.446 -8.375 -0.23443 0.97213
4.454 2802.418 -8.452 -0.23496 0.97200
4.219 2803.390 -8.529 -0.23546 0.97188
3.983 2804.362 -8.605 -0.23592 0.97177
3.747 2805.333 -8.680 -0.23635 0.97167
3.510 2806.305 -8.754 -0.23675 0.97157
3.273 2807.277 -8.827 -0.23711 0.97148
3.036 2808.248 -8.898 -0.23744 0.97140
2.798 2809.219 -8.969 -0.23774 0.97133
2.561 2810.191 -9.039 -0.23800 0.97126
2.322 2811.162 -9.107 -0.23823 0.97121
2.084 2812.133 -9.174 -0.23842 0.97116
1.846 2813.104 -9.240 -0.23858 0.97112
1.607 2814.075 -9.305 -0.23870 0.97109
1.368 2815.046 -9.368 -0.23879 0.97107
1.129 2816.017 -9.429 -0.23885 0.97106
0.890 2816.988 -9.489 -0.23887 0.97105
0.652 2817.960 -9.548 -0.23886 0.97106
0.413 2818.931 -9.605 -0.23881 0.97107
0.174 2819.902 -9.660 -0.23872 0.97109
-0.065 2820.873 -9.714 -0.23860 0.97112
-0.303 2821.844 -9.766 -0.23845 0.97116
-0.542 2822.815 -9.816 -0.23826 0.97120
-0.780 2823.786 -9.865 -0.23803 0.97126
-1.018 2824.758 -9.911 -0.23777 0.97132
-1.255 2825.729 -9.956 -0.23748 0.97139
-1.493 2826.700 -9.999 -0.23715 0.97147
-1.730 2827.672 -10.040 -0.23678 0.97156
-1.966 2828.643 -10.079 -0.23638 0.97166
-2.202 2829.615 -10.116 -0.23594 0.97177
-2.438 2830.587 -10.151 -0.23547 0.97188
-2.673 2831.559 -10.183 -0.23496 0.97201
-2.908 2832.531 -10.214 -0.23442 0.97214
-3.142 2833.503 -10.243 -0.23384 0.97228
-3.376 2834.476 -10.269 -0.23322 0.97242
-3.609 2835.448 -10.293 -0.23257 0.97258
-3.841 2836.421 -10.315 -0.23189 0.97274
-4.072 2837.394 -10.335 -0.23117 0.97291
-4.303 2838.367 -10.352 -0.23041 0.97309
-4.533 2839.340 -10.367 -0.22962 0.97328
-4.762 2840.313 -10.380 -0.22880 0.97347
-4.991 2841.287 -10.390 -0.22793 0.97368
-5.218 2842.260 -10.398 -0.22704 0.97389
-5.445 2843.234 -10.404 -0.22611 0.97410
-5.670 2844.209 -10.407 -0.22514 0.97433
-5.895 2845.183 -10.408 -0.22414 0.97456
-6.119 2846.158 -10.407 -0.22311 0.97479
-6.341 2847.133 -10.403 -0.22204 0.97504
-6.563 2848.108 -10.396 -0.22093 0.97529
-6.783 2849.083 -10.388 -0.21979 0.97555
-7.002 2850.059 -10.376 -0.21862 0.97581
-7.220 2851.035 -10.363 -0.21741 0.97608
-7.437 2852.011 -10.347 -0.21617 0.97636
-7.653 2852.988 -10.328 -0.21490 0.97664
-7.867 2853.964 -10.308 -0.21359 0.97692
-8.080 2854.941 -10.284 -0.21225 0.97722
-8.291 2855.919 -10.259 -0.21087 0.97751
-8.502 2856.896 -10.231 -0.20947 0.97782
-8.710 2857.874 -10.200 -0.20802 0.97812
-8.918 2858.853 -10.167 -0.20655 0.97844
-9.124 2859.831 -10.132 -0.20505 0.97875
-9.328 2860.810 -10.095 -0.20351 0.97907
-9.531 2861.789 -10.055 -0.20194 0.97940
-9.732 2862.769 -10.013 -0.20034 0.97973
-9.931 2863.749 -9.968 -0.19870 0.98006
-10.129 2864.729 -9.922 -0.19704 0.98040
-10.325 2865.710 -9.873 -0.19535 0.98073
-10.520 2866.691 -9.822 -0.19362 0.98108
-10.713 2867.672 -9.768 -0.19186 0.98142
-10.904 2868.653 -9.713 -0.19008 0.98177
-11.093 2869.635 -9.656 -0.18826 0.98212
-11.280 2870.618 -9.596 -0.18642 0.98247
-11.466 2871.600 -9.534 -0.18454 0.98282
-11.649 2872.583 -9.471 -0.18264 0.98318
-11.831 2873.567 -9.405 -0.18071 0.98354
-12.011 2874.550 -9.338 -0.17875 0.98389
-12.188 2875.534 -9.268 -0.17677 0.98425
-12.364 2876.519 -9.197 -0.17475 0.98461
-12.538 2877.504 -9.124 -0.17272 0.98497
-12.710 2878.489 -9.050 -0.17065 0.98533
-12.879 2879.474 -8.973 -0.16856 0.98569
-13.047 2880.460 -8.895 -0.16644 0.98605
-13.212 2881.446 -8.815 -0.16430 0.98641
-13.375 2882.433 -8.734 -0.16213 0.98677
-13.536 2883.420 -8.651 -0.15994 0.98713
-13.695 2884.407 -8.567 -0.15773 0.98748
-13.852 2885.395 -8.481 -0.15549 0.98784
-14.006 2886.383 -8.394 -0.15323 0.98819
-14.158 2887.371 -8.306 -0.15095 0.98854
-14.308 2888.360 -8.217 -0.14865 0.98889
-14.455 2889.349 -8.126 -0.14632 0.98924
-14.601 2890.339 -8.034 -0.14398 0.98958
-14.743 2891.328 -7.941 -0.14161 0.98992
-14.884 2892.318 -7.847 -0.13923 0.99026
-15.022 2893.309 -7.753 -0.13683 0.99059
-15.158 2894.300 -7.657 -0.13441 0.99093
-15.291 2895.291 -7.560 -0.13197 0.99125
-15.421 2896.282 -7.463 -0.12952 0.99158
-15.550 2897.274 -7.365 -0.12705 0.99190
-15.676 2898.266 -7.266 -0.12456 0.99221
-15.799 2899.258 -7.167 -0.12206 0.99252
-15.920 2900.251 -7.067 -0.11955 0.99283
-16.038 2901.244 -6.966 -0.11702 0.99313
-16.154 2902.237 -6.865 -0.11448 0.99343
-16.267 2903.231 -6.764 -0.11192 0.99372
-16.378 2904.225 -6.663 -0.10936 0.99400
-16.486 2905.219 -6.561 -0.10678 0.99428
-16.591 2906.213 -6.459 -0.10420 0.99456
-16.694 2907.208 -6.357 -0.10160 0.99483
-16.794 2908.203 -6.255 -0.09900 0.99509
-16.892 2909.198 -6.152 -0.09639 0.99534
-16.987 2910.193 -6.050 -0.09377 0.99559
-17.080 2911.189 -5.948 -0.09114 0.99584
-17.169 2912.185 -5.846 -0.08851 0.99608
-17.257 2913.181 -5.744 -0.08587 0.99631
-17.341 2914.178 -5.643 -0.08323 0.99653
-17.423 2915.174 -5.541 -0.08058 0.99675
-17.502 2916.171 -5.440 -0.07794 0.99696
-17.579 2917.168 -5.340 -0.07529 0.99716
-17.653 2918.166 -5.240 -0.07263 0.99736
-17.724 2919.163 -5.140 -0.06998 0.99755
-17.793 2920.161 -5.041 -0.06733 0.99773
-17.859 2921.159 -4.943 -0.06468 0.99791
-17.922 2922.157 -4.845 -0.06203 0.99807
-17.983 2923.155 -4.748 -0.05939 0.99824
-18.041 2924.153 -4.651 -0.05674 0.99839
-18.096 2925.151 -4.556 -0.05410 0.99854
-18.149 2926.150 -4.461 -0.05147 0.99867
-18.199 2927.149 -4.367 -0.04884 0.99881
-18.247 2928.148 -4.274 -0.04622 0.99893
-18.292 2929.147 -4.181 -0.04360 0.99905
-18.334 2930.146 -4.090 -0.04099 0.99916
-18.374 2931.145 -4.000 -0.03839 0.99926
-18.411 2932.144 -3.910 -0.03580 0.99936
-18.445 2933.144 -3.822 -0.03322 0.99945
-18.477 2934.143 -3.735 -0.03066 0.99953
-18.507 2935.143 -3.649 -0.02810 0.99961
-18.533 2936.142 -3.564 -0.02555 0.99967
-18.558 2937.142 -3.480 -0.02302 0.99973
-18.580 2938.142 -3.397 -0.02050 0.99979
-18.599 2939.142 -3.316 -0.01800 0.99984
-18.616 2940.142 -3.235 -0.01551 0.99988
-18.630 2941.141 -3.156 -0.01304 0.99992
-18.642 2942.141 -3.078 -0.01058 0.99994
-18.651 2943.141 -3.002 -0.00814 0.99997
-18.658 2944.141 -2.927 -0.00572 0.99998
-18.662 2945.141 -2.853 -0.00331 0.99999
-18.665 2946.141 -2.780 -0.00093 1.00000
-18.664 2947.141 -2.709 0.00143 1.00000
-18.662 2948.141 -2.639 0.00378 0.99999
-18.657 2949.141 -2.570 0.00610 0.99998
-18.649 2950.141 -2.503 0.00840 0.99996
-18.640 2951.141 -2.437 0.01068 0.99994
-18.628 2952.141 -2.372 0.01294 0.99992
-18.614 2953.141 -2.309 0.01517 0.99988
-18.598 2954.141 -2.247 0.01738 0.99985
-18.579 2955.141 -2.186 0.01956 0.99981
-18.559 2956.140 -2.127 0.02172 0.99976
-18.536 2957.140 -2.069 0.02385 0.99972
-18.511 2958.140 -2.012 0.02596 0.99966
-18.484 2959.140 -1.957 0.02804 0.99961
-18.455 2960.139 -1.903 0.03009 0.99955
-18.424 2961.139 -1.850 0.03212 0.99948
-18.391 2962.138 -1.799 0.03412 0.99942
-18.355 2963.137 -1.749 0.03608 0.99935
-18.318 2964.137 -1.700 0.03802 0.99928
-18.279 2965.136 -1.653 0.03993 0.99920
-18.239 2966.135 -1.607 0.04181 0.99913
-18.196 2967.134 -1.562 0.04366 0.99905
-18.151 2968.133 -1.518 0.04548 0.99897
-18.105 2969.132 -1.476 0.04726 0.99888
-18.057 2970.131 -1.435 0.04902 0.99880
-18.007 2971.130 -1.395 0.05074 0.99871
-17.955 2972.128 -1.356 0.05243 0.99862
-17.902 2973.127 -1.319 0.05409 0.99854
-17.847 2974.126 -1.282 0.05572 0.99845
-17.791 2975.124 -1.247 0.05731 0.99836
-17.732 2976.122 -1.213 0.05886 0.99827
-17.673 2977.120 -1.180 0.06039 0.99817
-17.612 2978.119 -1.148 0.06188 0.99808
-17.549 2979.117 -1.117 0.06333 0.99799
-17.485 2980.115 -1.087 0.06475 0.99790
-17.420 2981.112 -1.058 0.06614 0.99781
-17.353 2982.110 -1.030 0.06749 0.99772
-17.285 2983.108 -1.003 0.06880 0.99763
-17.215 2984.105 -0.977 0.07008 0.99754
-17.144 2985.103 -0.952 0.07132 0.99745
-17.072 2986.100 -0.928 0.07253 0.99737
-16.999 2987.098 -0.905 0.07370 0.99728
-16.925 2988.095 -0.882 0.07483 0.99720
-16.850 2989.092 -0.861 0.07593 0.99711
-16.773 2990.089 -0.840 0.07699 0.99703
-16.696 2991.086 -0.820 0.07801 0.99695
-16.617 2992.083 -0.801 0.07900 0.99687
-16.538 2993.080 -0.783 0.07995 0.99680
-16.457 2994.077 -0.765 0.08086 0.99673
-16.376 2995.073 -0.749 0.08174 0.99665
-16.294 2996.070 -0.732 0.08258 0.99658
-16.211 2997.067 -0.717 0.08338 0.99652
-16.127 2998.063 -0.702 0.08377 0.99649
