# generated by generate_trees.py
mtllib hero.mtl
o hero_birch_b_lod1
usemtl bark_birch
s 1
v 0.135 -0.132 0.173
v 0.205 -0.127 -0.076
v -0.008 -0.153 -0.220
v -0.210 -0.175 -0.060
v -0.122 -0.163 0.183
v 0.135 -0.132 0.173
v 0.049 0.557 0.161
v 0.118 0.558 -0.080
v -0.090 0.550 -0.220
v -0.287 0.543 -0.066
v -0.202 0.547 0.170
v 0.049 0.557 0.161
v 0.071 1.251 0.155
v 0.138 1.252 -0.074
v -0.060 1.259 -0.208
v -0.248 1.263 -0.061
v -0.167 1.258 0.163
v 0.071 1.251 0.155
v 0.076 1.966 0.161
v 0.139 1.965 -0.056
v -0.048 1.960 -0.183
v -0.226 1.958 -0.044
v -0.150 1.961 0.168
v 0.076 1.966 0.161
v 0.029 2.688 0.124
v 0.089 2.676 -0.080
v -0.086 2.650 -0.199
v -0.255 2.647 -0.068
v -0.183 2.670 0.132
v 0.029 2.688 0.124
v -0.062 3.390 0.019
v -0.005 3.368 -0.173
v -0.169 3.336 -0.283
v -0.328 3.338 -0.160
v -0.262 3.371 0.026
v -0.062 3.390 0.019
v -0.121 4.072 -0.092
v -0.068 4.059 -0.273
v -0.223 4.043 -0.378
v -0.372 4.045 -0.263
v -0.309 4.063 -0.086
v -0.121 4.072 -0.092
v -0.143 4.768 -0.113
v -0.093 4.762 -0.282
v -0.239 4.757 -0.381
v -0.378 4.759 -0.274
v -0.319 4.766 -0.108
v -0.143 4.768 -0.113
v -0.153 5.466 -0.159
v -0.107 5.455 -0.316
v -0.242 5.461 -0.409
v -0.371 5.475 -0.309
v -0.316 5.478 -0.155
v -0.153 5.466 -0.159
v -0.054 6.162 -0.195
v -0.012 6.147 -0.339
v -0.136 6.156 -0.425
v -0.255 6.176 -0.334
v -0.204 6.180 -0.192
v -0.054 6.162 -0.195
v 0.002 6.870 -0.274
v 0.040 6.850 -0.406
v -0.075 6.850 -0.484
v -0.184 6.869 -0.400
v -0.136 6.882 -0.271
v 0.002 6.870 -0.274
v 0.051 7.568 -0.391
v 0.085 7.546 -0.511
v -0.019 7.543 -0.581
v -0.118 7.563 -0.505
v -0.075 7.578 -0.388
v 0.051 7.568 -0.391
v 0.101 8.257 -0.517
v 0.132 8.244 -0.625
v 0.038 8.244 -0.689
v -0.051 8.256 -0.620
v -0.012 8.264 -0.514
v 0.101 8.257 -0.517
v 0.123 8.964 -0.549
v 0.151 8.954 -0.646
v 0.067 8.950 -0.702
v -0.013 8.957 -0.640
v 0.022 8.966 -0.546
v 0.123 8.964 -0.549
v 0.108 9.664 -0.672
v 0.132 9.654 -0.757
v 0.059 9.645 -0.806
v -0.011 9.649 -0.751
v 0.019 9.661 -0.669
v 0.108 9.664 -0.672
v 0.046 10.365 -0.752
v 0.067 10.357 -0.825
v 0.004 10.345 -0.866
v -0.056 10.347 -0.819
v -0.030 10.359 -0.749
v 0.046 10.365 -0.752
v -0.025 11.056 -0.896
v -0.007 11.047 -0.956
v -0.059 11.035 -0.990
v -0.109 11.036 -0.951
v -0.088 11.049 -0.893
v -0.025 11.056 -0.896
v -0.134 11.743 -1.022
v -0.119 11.736 -1.071
v -0.161 11.725 -1.099
v -0.201 11.725 -1.067
v -0.184 11.735 -1.020
v -0.134 11.743 -1.022
v -0.169 11.797 -1.067
v -0.119 6.876 -0.398
v -0.104 6.843 -0.323
v -0.022 6.852 -0.336
v -0.037 6.885 -0.411
v -0.119 6.876 -0.398
v -0.143 7.564 -0.087
v -0.129 7.534 -0.017
v -0.053 7.543 -0.029
v -0.067 7.574 -0.099
v -0.143 7.564 -0.087
v -0.186 8.248 0.225
v -0.174 8.225 0.286
v -0.110 8.236 0.277
v -0.122 8.260 0.217
v -0.186 8.248 0.225
v -0.302 8.946 0.488
v -0.293 8.930 0.539
v -0.239 8.938 0.532
v -0.248 8.955 0.481
v -0.302 8.946 0.488
v -0.330 9.671 0.711
v -0.323 9.659 0.752
v -0.280 9.661 0.745
v -0.287 9.673 0.703
v -0.330 9.671 0.711
v -0.289 10.395 0.926
v -0.283 10.386 0.956
v -0.252 10.388 0.951
v -0.257 10.397 0.921
v -0.289 10.395 0.926
v -0.343 11.109 1.168
v -0.339 11.103 1.187
v -0.319 11.105 1.184
v -0.322 11.111 1.165
v -0.343 11.109 1.168
v -0.333 11.128 1.183
v -0.279 10.393 0.932
v -0.277 10.394 0.947
v -0.262 10.389 0.945
v -0.264 10.388 0.929
v -0.279 10.393 0.932
v -0.163 10.767 0.887
v -0.160 10.768 0.906
v -0.143 10.763 0.903
v -0.145 10.762 0.885
v -0.163 10.767 0.887
v -0.064 11.147 0.858
v -0.062 11.148 0.873
v -0.048 11.144 0.871
v -0.050 11.143 0.856
v -0.064 11.147 0.858
v 0.057 11.520 0.818
v 0.058 11.521 0.830
v 0.069 11.516 0.828
v 0.068 11.516 0.816
v 0.057 11.520 0.818
v 0.217 11.880 0.798
v 0.219 11.880 0.807
v 0.226 11.876 0.806
v 0.225 11.876 0.797
v 0.217 11.880 0.798
v 0.226 11.886 0.802
v -0.271 10.390 0.950
v -0.262 10.399 0.940
v -0.270 10.393 0.927
v -0.279 10.384 0.937
v -0.271 10.390 0.950
v -0.591 10.761 0.993
v -0.580 10.771 0.982
v -0.589 10.764 0.967
v -0.600 10.755 0.978
v -0.591 10.761 0.993
v -0.902 11.144 0.989
v -0.893 11.151 0.980
v -0.899 11.145 0.968
v -0.909 11.138 0.977
v -0.902 11.144 0.989
v -1.200 11.534 0.946
v -1.192 11.539 0.939
v -1.197 11.534 0.929
v -1.205 11.529 0.936
v -1.200 11.534 0.946
v -1.481 11.932 0.875
v -1.475 11.935 0.870
v -1.478 11.932 0.864
v -1.484 11.928 0.869
v -1.481 11.932 0.875
v -1.485 11.939 0.868
v -0.127 8.233 0.252
v -0.144 8.251 0.230
v -0.169 8.252 0.250
v -0.152 8.234 0.273
v -0.127 8.233 0.252
v 0.067 8.669 0.461
v 0.050 8.686 0.440
v 0.026 8.688 0.460
v 0.042 8.671 0.482
v 0.067 8.669 0.461
v 0.255 9.116 0.655
v 0.241 9.129 0.638
v 0.222 9.130 0.654
v 0.235 9.118 0.671
v 0.255 9.116 0.655
v 0.444 9.566 0.838
v 0.434 9.575 0.825
v 0.420 9.576 0.837
v 0.430 9.568 0.850
v 0.444 9.566 0.838
v 0.598 10.047 0.971
v 0.591 10.052 0.963
v 0.582 10.053 0.970
v 0.589 10.048 0.979
v 0.598 10.047 0.971
v 0.594 10.061 0.974
v -0.287 8.950 0.516
v -0.268 8.935 0.528
v -0.254 8.934 0.504
v -0.273 8.949 0.492
v -0.287 8.950 0.516
v -0.040 9.380 0.644
v -0.020 9.365 0.657
v -0.006 9.364 0.633
v -0.026 9.379 0.621
v -0.040 9.380 0.644
v 0.218 9.807 0.767
v 0.233 9.795 0.776
v 0.243 9.793 0.757
v 0.228 9.805 0.747
v 0.218 9.807 0.767
v 0.502 10.229 0.828
v 0.513 10.220 0.835
v 0.521 10.218 0.820
v 0.509 10.227 0.813
v 0.502 10.229 0.828
v 0.772 10.652 0.929
v 0.779 10.646 0.933
v 0.784 10.645 0.924
v 0.777 10.651 0.919
v 0.772 10.652 0.929
v 0.784 10.658 0.929
v -0.273 8.943 0.529
v -0.253 8.935 0.512
v -0.268 8.942 0.491
v -0.288 8.950 0.508
v -0.273 8.943 0.529
v -0.128 9.302 0.543
v -0.107 9.296 0.526
v -0.122 9.303 0.504
v -0.143 9.310 0.521
v -0.128 9.302 0.543
v -0.001 9.669 0.577
v 0.015 9.664 0.563
v 0.003 9.669 0.546
v -0.014 9.674 0.560
v -0.001 9.669 0.577
v 0.127 10.037 0.571
v 0.139 10.032 0.561
v 0.129 10.035 0.548
v 0.118 10.040 0.558
v 0.127 10.037 0.571
v 0.302 10.381 0.513
v 0.309 10.376 0.506
v 0.303 10.378 0.498
v 0.296 10.382 0.504
v 0.302 10.381 0.513
v 0.308 10.389 0.504
v -0.275 10.391 0.949
v -0.260 10.393 0.943
v -0.266 10.392 0.928
v -0.281 10.390 0.934
v -0.275 10.391 0.949
v -0.334 10.783 0.960
v -0.317 10.786 0.953
v -0.324 10.786 0.936
v -0.341 10.783 0.943
v -0.334 10.783 0.960
v -0.392 11.175 0.986
v -0.378 11.178 0.981
v -0.383 11.179 0.966
v -0.397 11.176 0.972
v -0.392 11.175 0.986
v -0.448 11.564 1.045
v -0.437 11.567 1.040
v -0.441 11.567 1.029
v -0.452 11.565 1.034
v -0.448 11.564 1.045
v -0.522 11.952 1.087
v -0.515 11.954 1.084
v -0.518 11.955 1.076
v -0.525 11.953 1.079
v -0.522 11.952 1.087
v -0.522 11.962 1.082
v -0.176 4.043 -0.152
v -0.157 4.097 -0.250
v -0.262 4.070 -0.285
v -0.280 4.016 -0.187
v -0.176 4.043 -0.152
v -0.450 4.704 0.154
v -0.431 4.750 0.061
v -0.529 4.727 0.029
v -0.548 4.680 0.123
v -0.450 4.704 0.154
v -0.685 5.398 0.411
v -0.668 5.437 0.329
v -0.755 5.418 0.302
v -0.772 5.379 0.384
v -0.685 5.398 0.411
v -0.935 6.079 0.687
v -0.922 6.116 0.618
v -0.995 6.097 0.594
v -1.009 6.061 0.663
v -0.935 6.079 0.687
v -1.221 6.728 1.004
v -1.209 6.756 0.945
v -1.270 6.743 0.926
v -1.282 6.715 0.985
v -1.221 6.728 1.004
v -1.420 7.447 1.227
v -1.409 7.465 1.179
v -1.459 7.457 1.164
v -1.470 7.438 1.212
v -1.420 7.447 1.227
v -1.622 8.157 1.466
v -1.614 8.172 1.430
v -1.651 8.165 1.419
v -1.659 8.150 1.455
v -1.622 8.157 1.466
v -1.832 8.866 1.704
v -1.827 8.876 1.681
v -1.852 8.871 1.673
v -1.857 8.861 1.697
v -1.832 8.866 1.704
v -1.849 8.894 1.698
v -1.433 7.440 1.208
v -1.423 7.450 1.186
v -1.446 7.463 1.183
v -1.455 7.453 1.205
v -1.433 7.440 1.208
v -1.226 7.871 1.501
v -1.217 7.881 1.478
v -1.239 7.895 1.475
v -1.249 7.885 1.497
v -1.226 7.871 1.501
v -0.986 8.305 1.762
v -0.979 8.313 1.743
v -0.996 8.325 1.741
v -1.004 8.318 1.760
v -0.986 8.305 1.762
v -0.709 8.708 2.036
v -0.704 8.713 2.022
v -0.716 8.722 2.021
v -0.721 8.718 2.035
v -0.709 8.708 2.036
v -0.400 9.128 2.245
v -0.397 9.130 2.235
v -0.405 9.137 2.235
v -0.408 9.134 2.244
v -0.400 9.128 2.245
v -0.397 9.140 2.244
v -1.646 8.151 1.441
v -1.633 8.156 1.455
v -1.627 8.171 1.444
v -1.640 8.166 1.430
v -1.646 8.151 1.441
v -2.041 8.484 1.702
v -2.027 8.490 1.718
v -2.020 8.506 1.705
v -2.034 8.500 1.690
v -2.041 8.484 1.702
v -2.444 8.854 1.892
v -2.433 8.859 1.904
v -2.427 8.871 1.894
v -2.437 8.866 1.882
v -2.444 8.854 1.892
v -2.846 9.217 2.093
v -2.838 9.221 2.103
v -2.834 9.231 2.095
v -2.842 9.227 2.085
v -2.846 9.217 2.093
v -3.278 9.555 2.277
v -3.273 9.558 2.284
v -3.270 9.565 2.279
v -3.275 9.562 2.272
v -3.278 9.555 2.277
v -3.281 9.565 2.281
v -1.450 7.440 1.185
v -1.443 7.441 1.210
v -1.429 7.463 1.206
v -1.436 7.462 1.180
v -1.450 7.440 1.185
v -1.804 7.674 1.274
v -1.797 7.675 1.299
v -1.784 7.697 1.295
v -1.791 7.696 1.269
v -1.804 7.674 1.274
v -2.160 7.902 1.372
v -2.154 7.903 1.393
v -2.143 7.920 1.389
v -2.149 7.920 1.369
v -2.160 7.902 1.372
v -2.501 8.149 1.480
v -2.496 8.149 1.495
v -2.487 8.162 1.492
v -2.492 8.162 1.477
v -2.501 8.149 1.480
v -2.822 8.422 1.588
v -2.818 8.422 1.598
v -2.812 8.430 1.596
v -2.815 8.430 1.586
v -2.822 8.422 1.588
v -2.825 8.433 1.595
v -1.642 8.168 1.431
v -1.649 8.156 1.445
v -1.631 8.154 1.453
v -1.624 8.166 1.439
v -1.642 8.168 1.431
v -1.720 8.482 1.656
v -1.728 8.470 1.671
v -1.709 8.469 1.680
v -1.701 8.481 1.665
v -1.720 8.482 1.656
v -1.811 8.808 1.857
v -1.817 8.798 1.870
v -1.802 8.798 1.878
v -1.796 8.808 1.865
v -1.811 8.808 1.857
v -1.953 9.118 2.056
v -1.957 9.109 2.065
v -1.946 9.110 2.072
v -1.941 9.119 2.062
v -1.953 9.118 2.056
v -2.106 9.409 2.274
v -2.109 9.403 2.280
v -2.101 9.404 2.285
v -2.098 9.410 2.278
v -2.106 9.409 2.274
v -2.107 9.414 2.285
v -1.232 6.746 0.981
v -1.228 6.736 0.949
v -1.259 6.725 0.950
v -1.263 6.735 0.981
v -1.232 6.746 0.981
v -1.455 7.359 0.771
v -1.453 7.352 0.740
v -1.483 7.341 0.740
v -1.485 7.347 0.771
v -1.455 7.359 0.771
v -1.703 7.989 0.673
v -1.702 7.986 0.648
v -1.726 7.979 0.649
v -1.726 7.981 0.674
v -1.703 7.989 0.673
v -1.893 8.644 0.606
v -1.893 8.643 0.588
v -1.911 8.638 0.588
v -1.911 8.639 0.606
v -1.893 8.644 0.606
v -2.093 9.300 0.630
v -2.093 9.300 0.619
v -2.104 9.297 0.619
v -2.104 9.296 0.631
v -2.093 9.300 0.630
v -2.102 9.310 0.625
v -1.423 7.455 1.204
v -1.431 7.455 1.179
v -1.455 7.448 1.187
v -1.447 7.448 1.212
v -1.423 7.455 1.204
v -1.563 7.955 1.250
v -1.571 7.955 1.225
v -1.595 7.947 1.233
v -1.587 7.947 1.258
v -1.563 7.955 1.250
v -1.736 8.443 1.314
v -1.742 8.442 1.294
v -1.761 8.435 1.300
v -1.754 8.435 1.320
v -1.736 8.443 1.314
v -1.924 8.927 1.352
v -1.928 8.926 1.337
v -1.942 8.920 1.342
v -1.938 8.921 1.357
v -1.924 8.927 1.352
v -2.129 9.406 1.365
v -2.132 9.405 1.355
v -2.141 9.401 1.358
v -2.139 9.402 1.368
v -2.129 9.406 1.365
v -2.140 9.413 1.362
v -1.629 8.163 1.454
v -1.630 8.171 1.436
v -1.645 8.159 1.431
v -1.643 8.151 1.449
v -1.629 8.163 1.454
v -1.970 8.497 1.641
v -1.971 8.506 1.621
v -1.986 8.493 1.616
v -1.985 8.484 1.635
v -1.970 8.497 1.641
v -2.343 8.813 1.796
v -2.343 8.820 1.780
v -2.355 8.808 1.776
v -2.355 8.802 1.792
v -2.343 8.813 1.796
v -2.727 9.131 1.918
v -2.727 9.136 1.906
v -2.735 9.127 1.902
v -2.735 9.122 1.914
v -2.727 9.131 1.918
v -3.129 9.428 2.032
v -3.129 9.431 2.023
v -3.135 9.424 2.021
v -3.135 9.421 2.029
v -3.129 9.428 2.032
v -3.140 9.432 2.028
v -0.979 6.106 0.624
v -0.989 6.081 0.653
v -0.951 6.071 0.657
v -0.941 6.095 0.628
v -0.979 6.106 0.624
v -0.897 6.568 1.047
v -0.906 6.545 1.075
v -0.871 6.535 1.079
v -0.861 6.558 1.051
v -0.897 6.568 1.047
v -0.792 7.034 1.462
v -0.799 7.016 1.484
v -0.771 7.008 1.486
v -0.764 7.025 1.464
v -0.792 7.034 1.462
v -0.661 7.492 1.879
v -0.666 7.479 1.895
v -0.647 7.473 1.896
v -0.641 7.485 1.880
v -0.661 7.492 1.879
v -0.521 7.945 2.298
v -0.525 7.937 2.308
v -0.513 7.933 2.309
v -0.509 7.941 2.299
v -0.521 7.945 2.298
v -0.514 7.949 2.312
v -0.241 4.032 -0.291
v -0.295 4.074 -0.202
v -0.197 4.082 -0.145
v -0.142 4.039 -0.235
v -0.241 4.032 -0.291
v -0.140 4.733 -0.556
v -0.191 4.772 -0.472
v -0.101 4.774 -0.417
v -0.050 4.734 -0.501
v -0.140 4.733 -0.556
v 0.039 5.441 -0.768
v -0.007 5.470 -0.694
v 0.070 5.463 -0.643
v 0.116 5.434 -0.718
v 0.039 5.441 -0.768
v 0.224 6.167 -0.881
v 0.183 6.185 -0.816
v 0.249 6.178 -0.772
v 0.290 6.160 -0.838
v 0.224 6.167 -0.881
v 0.352 6.903 -0.971
v 0.318 6.917 -0.916
v 0.373 6.913 -0.880
v 0.407 6.900 -0.935
v 0.352 6.903 -0.971
v 0.456 7.640 -1.077
v 0.428 7.651 -1.034
v 0.473 7.650 -1.006
v 0.500 7.639 -1.049
v 0.456 7.640 -1.077
v 0.543 8.378 -1.205
v 0.522 8.384 -1.172
v 0.555 8.384 -1.151
v 0.576 8.378 -1.184
v 0.543 8.378 -1.205
v 0.573 9.130 -1.251
v 0.559 9.132 -1.229
v 0.582 9.132 -1.215
v 0.595 9.130 -1.237
v 0.573 9.130 -1.251
v 0.578 9.159 -1.235
v 0.465 7.637 -1.025
v 0.482 7.642 -1.045
v 0.463 7.653 -1.058
v 0.446 7.649 -1.039
v 0.465 7.637 -1.025
v 0.564 8.005 -0.855
v 0.581 8.009 -0.876
v 0.561 8.020 -0.890
v 0.545 8.017 -0.869
v 0.564 8.005 -0.855
v 0.691 8.384 -0.731
v 0.704 8.385 -0.748
v 0.688 8.393 -0.760
v 0.675 8.392 -0.743
v 0.691 8.384 -0.731
v 0.792 8.777 -0.634
v 0.802 8.778 -0.647
v 0.789 8.783 -0.655
v 0.780 8.782 -0.643
v 0.792 8.777 -0.634
v 0.881 9.174 -0.544
v 0.888 9.174 -0.552
v 0.880 9.177 -0.558
v 0.873 9.177 -0.550
v 0.881 9.174 -0.544
v 0.883 9.186 -0.548
v 0.474 7.638 -1.028
v 0.477 7.641 -1.054
v 0.454 7.653 -1.055
v 0.451 7.649 -1.029
v 0.474 7.638 -1.028
v 0.647 8.004 -0.955
v 0.650 8.007 -0.982
v 0.626 8.018 -0.983
v 0.623 8.015 -0.957
v 0.647 8.004 -0.955
v 0.801 8.381 -0.904
v 0.804 8.383 -0.925
v 0.784 8.392 -0.926
v 0.782 8.389 -0.905
v 0.801 8.381 -0.904
v 0.963 8.754 -0.844
v 0.965 8.756 -0.860
v 0.950 8.761 -0.861
v 0.948 8.760 -0.845
v 0.963 8.754 -0.844
v 1.094 9.142 -0.806
v 1.095 9.143 -0.817
v 1.085 9.146 -0.817
v 1.084 9.145 -0.807
v 1.094 9.142 -0.806
v 1.093 9.154 -0.811
v 0.221 6.153 -0.839
v 0.213 6.183 -0.816
v 0.252 6.192 -0.814
v 0.260 6.162 -0.838
v 0.221 6.153 -0.839
v 0.145 6.595 -1.425
v 0.137 6.623 -1.402
v 0.173 6.631 -1.400
v 0.181 6.602 -1.423
v 0.145 6.595 -1.425
v 0.105 7.071 -1.988
v 0.099 7.091 -1.968
v 0.128 7.097 -1.966
v 0.133 7.076 -1.986
v 0.105 7.071 -1.988
v 0.031 7.598 -2.498
v 0.028 7.612 -2.483
v 0.048 7.617 -2.482
v 0.052 7.602 -2.497
v 0.031 7.598 -2.498
v -0.061 8.093 -3.034
v -0.064 8.102 -3.026
v -0.051 8.105 -3.025
v -0.049 8.096 -3.034
v -0.061 8.093 -3.034
v -0.058 8.108 -3.040
v 0.557 8.379 -1.189
v 0.539 8.374 -1.184
v 0.541 8.382 -1.166
v 0.560 8.387 -1.171
v 0.557 8.379 -1.189
v 0.435 8.699 -1.318
v 0.416 8.693 -1.312
v 0.419 8.703 -1.293
v 0.438 8.708 -1.299
v 0.435 8.699 -1.318
v 0.298 9.005 -1.463
v 0.282 9.000 -1.458
v 0.284 9.009 -1.443
v 0.300 9.013 -1.448
v 0.298 9.005 -1.463
v 0.181 9.309 -1.626
v 0.168 9.306 -1.623
v 0.170 9.313 -1.612
v 0.182 9.316 -1.615
v 0.181 9.309 -1.626
v 0.079 9.611 -1.804
v 0.070 9.610 -1.802
v 0.071 9.615 -1.794
v 0.079 9.616 -1.797
v 0.079 9.611 -1.804
v 0.072 9.621 -1.804
v 0.536 8.384 -1.179
v 0.548 8.382 -1.164
v 0.563 8.377 -1.176
v 0.550 8.379 -1.191
v 0.536 8.384 -1.179
v 0.635 8.773 -1.216
v 0.649 8.771 -1.200
v 0.664 8.766 -1.214
v 0.650 8.768 -1.230
v 0.635 8.773 -1.216
v 0.725 9.163 -1.268
v 0.736 9.162 -1.255
v 0.748 9.157 -1.266
v 0.737 9.158 -1.279
v 0.725 9.163 -1.268
v 0.827 9.550 -1.317
v 0.835 9.549 -1.307
v 0.845 9.545 -1.315
v 0.836 9.546 -1.325
v 0.827 9.550 -1.317
v 0.945 9.931 -1.378
v 0.951 9.930 -1.371
v 0.958 9.927 -1.377
v 0.952 9.928 -1.384
v 0.945 9.931 -1.378
v 0.954 9.938 -1.379
v 0.482 7.645 -1.045
v 0.461 7.637 -1.058
v 0.446 7.646 -1.038
v 0.467 7.653 -1.025
v 0.482 7.645 -1.045
v 0.451 8.204 -1.304
v 0.430 8.196 -1.317
v 0.414 8.205 -1.298
v 0.436 8.213 -1.284
v 0.451 8.204 -1.304
v 0.396 8.745 -1.596
v 0.379 8.738 -1.606
v 0.367 8.745 -1.591
v 0.384 8.753 -1.581
v 0.396 8.745 -1.596
v 0.335 9.283 -1.893
v 0.322 9.278 -1.900
v 0.313 9.283 -1.888
v 0.326 9.289 -1.881
v 0.335 9.283 -1.893
v 0.237 9.813 -2.194
v 0.229 9.809 -2.199
v 0.223 9.812 -2.191
v 0.231 9.816 -2.187
v 0.237 9.813 -2.194
v 0.228 9.822 -2.198
v 0.457 7.646 -1.059
v 0.449 7.636 -1.036
v 0.471 7.644 -1.024
v 0.479 7.654 -1.047
v 0.457 7.646 -1.059
v 0.187 8.176 -0.911
v 0.179 8.166 -0.888
v 0.200 8.175 -0.876
v 0.209 8.185 -0.899
v 0.187 8.176 -0.911
v -0.105 8.703 -0.798
v -0.112 8.695 -0.780
v -0.095 8.702 -0.770
v -0.088 8.710 -0.788
v -0.105 8.703 -0.798
v -0.381 9.234 -0.659
v -0.386 9.228 -0.646
v -0.373 9.233 -0.639
v -0.368 9.239 -0.652
v -0.381 9.234 -0.659
v -0.650 9.770 -0.528
v -0.653 9.766 -0.519
v -0.645 9.769 -0.514
v -0.641 9.773 -0.523
v -0.650 9.770 -0.528
v -0.652 9.779 -0.519
v 0.080 8.242 -0.620
v 0.022 8.277 -0.631
v 0.003 8.264 -0.566
v 0.061 8.229 -0.556
v 0.080 8.242 -0.620
v 0.411 8.856 -0.402
v 0.357 8.892 -0.411
v 0.337 8.878 -0.350
v 0.392 8.842 -0.340
v 0.411 8.856 -0.402
v 0.773 9.423 -0.121
v 0.728 9.459 -0.127
v 0.711 9.446 -0.073
v 0.756 9.411 -0.067
v 0.773 9.423 -0.121
v 1.201 9.967 0.112
v 1.163 10.000 0.108
v 1.148 9.989 0.154
v 1.186 9.956 0.159
v 1.201 9.967 0.112
v 1.624 10.482 0.417
v 1.594 10.511 0.414
v 1.578 10.498 0.451
v 1.609 10.470 0.455
v 1.624 10.482 0.417
v 2.050 10.950 0.787
v 2.025 10.973 0.785
v 2.011 10.961 0.813
v 2.036 10.938 0.816
v 2.050 10.950 0.787
v 2.408 11.440 1.200
v 2.388 11.456 1.196
v 2.377 11.446 1.218
v 2.397 11.430 1.221
v 2.408 11.440 1.200
v 2.723 11.954 1.615
v 2.709 11.965 1.612
v 2.701 11.958 1.627
v 2.715 11.947 1.629
v 2.723 11.954 1.615
v 2.720 11.969 1.631
v 2.394 11.436 1.214
v 2.401 11.444 1.206
v 2.390 11.450 1.203
v 2.384 11.443 1.211
v 2.394 11.436 1.214
v 2.457 11.685 1.500
v 2.466 11.694 1.490
v 2.452 11.702 1.486
v 2.444 11.693 1.496
v 2.457 11.685 1.500
v 2.531 11.935 1.780
v 2.538 11.943 1.772
v 2.527 11.950 1.769
v 2.520 11.942 1.777
v 2.531 11.935 1.780
v 2.605 12.143 2.093
v 2.610 12.150 2.087
v 2.602 12.156 2.085
v 2.596 12.149 2.091
v 2.605 12.143 2.093
v 2.697 12.365 2.392
v 2.701 12.370 2.388
v 2.695 12.374 2.386
v 2.690 12.369 2.391
v 2.697 12.365 2.392
v 2.698 12.374 2.396
v 2.039 10.950 0.806
v 2.039 10.959 0.793
v 2.022 10.962 0.794
v 2.022 10.952 0.808
v 2.039 10.950 0.806
v 2.133 11.434 1.146
v 2.133 11.445 1.131
v 2.114 11.448 1.133
v 2.114 11.436 1.148
v 2.133 11.434 1.146
v 2.198 11.904 1.512
v 2.198 11.914 1.499
v 2.182 11.916 1.501
v 2.182 11.906 1.513
v 2.198 11.904 1.512
v 2.306 12.366 1.877
v 2.307 12.374 1.868
v 2.295 12.376 1.869
v 2.295 12.368 1.879
v 2.306 12.366 1.877
v 2.461 12.818 2.238
v 2.461 12.823 2.231
v 2.453 12.825 2.233
v 2.453 12.820 2.240
v 2.461 12.818 2.238
v 2.459 12.829 2.241
v 0.753 9.422 -0.108
v 0.747 9.450 -0.110
v 0.731 9.448 -0.086
v 0.737 9.419 -0.084
v 0.753 9.422 -0.108
v 1.302 9.563 0.268
v 1.295 9.591 0.265
v 1.278 9.588 0.288
v 1.285 9.560 0.290
v 1.302 9.563 0.268
v 1.764 9.750 0.732
v 1.757 9.772 0.730
v 1.742 9.769 0.746
v 1.748 9.748 0.749
v 1.764 9.750 0.732
v 2.208 9.952 1.205
v 2.202 9.968 1.203
v 2.191 9.966 1.215
v 2.196 9.950 1.217
v 2.208 9.952 1.205
v 2.634 10.190 1.677
v 2.631 10.200 1.675
v 2.623 10.199 1.683
v 2.627 10.189 1.684
v 2.634 10.190 1.677
v 2.636 10.198 1.688
v 1.612 10.482 0.427
v 1.605 10.502 0.427
v 1.591 10.498 0.442
v 1.597 10.478 0.442
v 1.612 10.482 0.427
v 1.945 10.591 0.787
v 1.938 10.612 0.787
v 1.923 10.607 0.803
v 1.930 10.586 0.803
v 1.945 10.591 0.787
v 2.292 10.690 1.137
v 2.287 10.707 1.137
v 2.275 10.704 1.150
v 2.280 10.686 1.150
v 2.292 10.690 1.137
v 2.653 10.765 1.478
v 2.650 10.779 1.479
v 2.640 10.776 1.489
v 2.644 10.762 1.488
v 2.653 10.765 1.478
v 3.007 10.810 1.832
v 3.005 10.819 1.833
v 2.999 10.817 1.839
v 3.001 10.808 1.839
v 3.007 10.810 1.832
v 3.010 10.814 1.843
v 1.173 9.964 0.144
v 1.185 9.969 0.123
v 1.176 9.992 0.122
v 1.163 9.988 0.143
v 1.173 9.964 0.144
v 1.587 10.136 0.433
v 1.601 10.141 0.411
v 1.590 10.164 0.410
v 1.577 10.160 0.431
v 1.587 10.136 0.433
v 1.980 10.348 0.727
v 1.989 10.350 0.709
v 1.981 10.369 0.708
v 1.972 10.366 0.726
v 1.980 10.348 0.727
v 2.444 10.539 0.910
v 2.450 10.540 0.895
v 2.444 10.555 0.895
v 2.439 10.553 0.909
v 2.444 10.539 0.910
v 2.907 10.720 1.103
v 2.911 10.721 1.093
v 2.907 10.730 1.093
v 2.904 10.729 1.103
v 2.907 10.720 1.103
v 2.917 10.729 1.102
v 2.036 10.955 0.789
v 2.024 10.965 0.797
v 2.026 10.956 0.811
v 2.037 10.946 0.804
v 2.036 10.955 0.789
v 2.407 11.249 0.947
v 2.394 11.261 0.956
v 2.396 11.250 0.972
v 2.408 11.239 0.963
v 2.407 11.249 0.947
v 2.788 11.532 1.098
v 2.778 11.542 1.105
v 2.779 11.533 1.118
v 2.789 11.524 1.111
v 2.788 11.532 1.098
v 3.166 11.805 1.276
v 3.158 11.813 1.282
v 3.159 11.806 1.292
v 3.166 11.799 1.286
v 3.166 11.805 1.276
v 3.561 12.073 1.418
v 3.556 12.079 1.422
v 3.557 12.074 1.430
v 3.562 12.068 1.425
v 3.561 12.073 1.418
v 3.567 12.078 1.426
v 0.746 9.434 -0.077
v 0.761 9.428 -0.101
v 0.738 9.436 -0.117
v 0.723 9.442 -0.093
v 0.746 9.434 -0.077
v 0.972 10.042 -0.083
v 0.987 10.037 -0.106
v 0.965 10.046 -0.123
v 0.950 10.051 -0.099
v 0.972 10.042 -0.083
v 1.233 10.636 -0.054
v 1.245 10.631 -0.072
v 1.228 10.640 -0.085
v 1.217 10.645 -0.066
v 1.233 10.636 -0.054
v 1.546 11.207 -0.052
v 1.554 11.202 -0.066
v 1.542 11.208 -0.075
v 1.533 11.213 -0.061
v 1.546 11.207 -0.052
v 1.841 11.784 -0.100
v 1.846 11.781 -0.109
v 1.838 11.785 -0.115
v 1.833 11.788 -0.106
v 1.841 11.784 -0.100
v 1.845 11.795 -0.108
v -0.072 6.169 -0.275
v -0.110 6.140 -0.352
v -0.192 6.159 -0.319
v -0.154 6.189 -0.242
v -0.072 6.169 -0.275
v -0.028 6.854 -0.560
v -0.065 6.824 -0.633
v -0.144 6.846 -0.602
v -0.107 6.876 -0.529
v -0.028 6.854 -0.560
v 0.056 7.509 -0.901
v 0.022 7.479 -0.964
v -0.048 7.501 -0.938
v -0.014 7.532 -0.875
v 0.056 7.509 -0.901
v 0.110 8.151 -1.277
v 0.080 8.123 -1.332
v 0.018 8.140 -1.308
v 0.048 8.168 -1.252
v 0.110 8.151 -1.277
v 0.134 8.815 -1.612
v 0.109 8.794 -1.661
v 0.055 8.803 -1.638
v 0.080 8.825 -1.589
v 0.134 8.815 -1.612
v 0.085 9.509 -1.878
v 0.064 9.492 -1.920
v 0.018 9.497 -1.899
v 0.040 9.514 -1.857
v 0.085 9.509 -1.878
v 0.047 10.201 -2.149
v 0.030 10.186 -2.183
v -0.007 10.190 -2.166
v 0.010 10.204 -2.132
v 0.047 10.201 -2.149
v -0.031 10.892 -2.411
v -0.044 10.882 -2.438
v -0.072 10.883 -2.424
v -0.059 10.894 -2.398
v -0.031 10.892 -2.411
v -0.128 11.595 -2.633
v -0.138 11.588 -2.651
v -0.157 11.589 -2.642
v -0.148 11.596 -2.623
v -0.128 11.595 -2.633
v -0.146 11.614 -2.644
v 0.031 10.197 -2.166
v 0.012 10.193 -2.169
v 0.009 10.194 -2.149
v 0.028 10.198 -2.146
v 0.031 10.197 -2.166
v -0.093 10.854 -2.222
v -0.115 10.850 -2.225
v -0.118 10.851 -2.203
v -0.097 10.855 -2.200
v -0.093 10.854 -2.222
v -0.216 11.514 -2.243
v -0.233 11.511 -2.246
v -0.235 11.511 -2.228
v -0.218 11.514 -2.226
v -0.216 11.514 -2.243
v -0.336 12.174 -2.199
v -0.350 12.171 -2.201
v -0.351 12.170 -2.187
v -0.338 12.172 -2.185
v -0.336 12.174 -2.199
v -0.474 12.826 -2.118
v -0.483 12.824 -2.119
v -0.485 12.823 -2.110
v -0.475 12.825 -2.109
v -0.474 12.826 -2.118
v -0.481 12.834 -2.113
v 0.101 8.817 -1.607
v 0.111 8.817 -1.634
v 0.088 8.802 -1.644
v 0.077 8.801 -1.616
v 0.101 8.817 -1.607
v -0.177 9.297 -1.711
v -0.167 9.296 -1.738
v -0.190 9.282 -1.747
v -0.201 9.282 -1.720
v -0.177 9.297 -1.711
v -0.432 9.785 -1.831
v -0.424 9.785 -1.853
v -0.442 9.774 -1.860
v -0.451 9.774 -1.839
v -0.432 9.785 -1.831
v -0.701 10.275 -1.903
v -0.695 10.276 -1.919
v -0.709 10.267 -1.924
v -0.715 10.267 -1.908
v -0.701 10.275 -1.903
v -0.975 10.762 -1.978
v -0.971 10.763 -1.988
v -0.980 10.757 -1.992
v -0.984 10.757 -1.981
v -0.975 10.762 -1.978
v -0.983 10.770 -1.986
v 0.017 10.188 -2.169
v 0.006 10.199 -2.156
v 0.023 10.203 -2.145
v 0.034 10.191 -2.158
v 0.017 10.188 -2.169
v 0.098 10.551 -2.415
v 0.086 10.563 -2.401
v 0.105 10.567 -2.389
v 0.116 10.554 -2.403
v 0.098 10.551 -2.415
v 0.206 10.912 -2.653
v 0.197 10.923 -2.642
v 0.212 10.925 -2.632
v 0.220 10.914 -2.643
v 0.206 10.912 -2.653
v 0.340 11.257 -2.901
v 0.334 11.266 -2.893
v 0.345 11.268 -2.886
v 0.351 11.259 -2.893
v 0.340 11.257 -2.901
v 0.462 11.571 -3.192
v 0.458 11.578 -3.187
v 0.465 11.579 -3.182
v 0.470 11.573 -3.187
v 0.462 11.571 -3.192
v 0.466 11.582 -3.193
v 0.054 8.127 -1.304
v 0.042 8.156 -1.289
v 0.074 8.164 -1.280
v 0.086 8.135 -1.295
v 0.054 8.127 -1.304
v 0.137 8.523 -1.989
v 0.126 8.551 -1.976
v 0.157 8.559 -1.967
v 0.168 8.531 -1.980
v 0.137 8.523 -1.989
v 0.288 8.880 -2.684
v 0.280 8.903 -2.675
v 0.304 8.909 -2.667
v 0.312 8.886 -2.676
v 0.288 8.880 -2.684
v 0.445 9.217 -3.387
v 0.439 9.234 -3.381
v 0.457 9.238 -3.376
v 0.463 9.221 -3.382
v 0.445 9.217 -3.387
v 0.582 9.499 -4.118
v 0.579 9.510 -4.115
v 0.590 9.513 -4.112
v 0.593 9.502 -4.115
v 0.582 9.499 -4.118
v 0.588 9.510 -4.127
v 0.060 9.512 -1.876
v 0.066 9.505 -1.899
v 0.043 9.494 -1.901
v 0.038 9.501 -1.878
v 0.060 9.512 -1.876
v -0.159 9.962 -2.071
v -0.153 9.956 -2.095
v -0.176 9.943 -2.097
v -0.181 9.950 -2.073
v -0.159 9.962 -2.071
v -0.413 10.411 -2.220
v -0.409 10.406 -2.239
v -0.426 10.395 -2.241
v -0.431 10.400 -2.221
v -0.413 10.411 -2.220
v -0.672 10.841 -2.412
v -0.669 10.837 -2.426
v -0.681 10.829 -2.427
v -0.685 10.833 -2.413
v -0.672 10.841 -2.412
v -0.958 11.255 -2.599
v -0.956 11.253 -2.609
v -0.964 11.247 -2.609
v -0.966 11.250 -2.600
v -0.958 11.255 -2.599
v -0.967 11.260 -2.608
v 0.041 9.505 -1.875
v 0.063 9.515 -1.882
v 0.062 9.501 -1.903
v 0.040 9.491 -1.896
v 0.041 9.505 -1.875
v -0.255 9.954 -2.145
v -0.233 9.964 -2.153
v -0.234 9.950 -2.175
v -0.256 9.940 -2.167
v -0.255 9.954 -2.145
v -0.537 10.413 -2.417
v -0.518 10.420 -2.422
v -0.520 10.409 -2.440
v -0.538 10.402 -2.434
v -0.537 10.413 -2.417
v -0.788 10.892 -2.682
v -0.774 10.897 -2.686
v -0.775 10.889 -2.699
v -0.788 10.884 -2.695
v -0.788 10.892 -2.682
v -1.030 11.350 -2.990
v -1.020 11.354 -2.993
v -1.021 11.348 -3.001
v -1.030 11.345 -2.999
v -1.030 11.350 -2.990
v -1.030 11.357 -3.001
v 0.085 8.149 -1.304
v 0.052 8.146 -1.313
v 0.043 8.142 -1.280
v 0.076 8.145 -1.271
v 0.085 8.149 -1.304
v 0.017 8.704 -1.255
v -0.015 8.703 -1.263
v -0.023 8.698 -1.232
v 0.008 8.699 -1.223
v 0.017 8.704 -1.255
v 0.006 9.254 -1.147
v -0.019 9.256 -1.153
v -0.025 9.251 -1.129
v -0.000 9.250 -1.122
v 0.006 9.254 -1.147
v 0.006 9.804 -1.031
v -0.012 9.804 -1.036
v -0.017 9.801 -1.018
v 0.001 9.801 -1.013
v 0.006 9.804 -1.031
v -0.019 10.361 -0.961
v -0.030 10.361 -0.964
v -0.033 10.359 -0.953
v -0.022 10.359 -0.950
v -0.019 10.361 -0.961
v -0.026 10.372 -0.956
v 0.083 8.158 -1.284
v 0.079 8.129 -1.302
v 0.045 8.133 -1.300
v 0.049 8.162 -1.282
v 0.083 8.158 -1.284
v 0.094 8.517 -1.839
v 0.090 8.489 -1.857
v 0.057 8.493 -1.855
v 0.061 8.521 -1.837
v 0.094 8.517 -1.839
v 0.106 8.879 -2.392
v 0.103 8.857 -2.405
v 0.077 8.860 -2.404
v 0.081 8.883 -2.391
v 0.106 8.879 -2.392
v 0.136 9.167 -2.986
v 0.133 9.151 -2.995
v 0.114 9.154 -2.995
v 0.117 9.170 -2.986
v 0.136 9.167 -2.986
v 0.183 9.499 -3.556
v 0.181 9.489 -3.562
v 0.170 9.490 -3.562
v 0.171 9.500 -3.556
v 0.183 9.499 -3.556
v 0.177 9.501 -3.570
v -0.143 4.051 -0.195
v -0.194 4.084 -0.290
v -0.295 4.062 -0.242
v -0.243 4.029 -0.147
v -0.143 4.051 -0.195
v -0.177 4.736 0.058
v -0.226 4.768 -0.030
v -0.320 4.752 0.015
v -0.271 4.720 0.104
v -0.177 4.736 0.058
v -0.156 5.426 0.301
v -0.198 5.459 0.226
v -0.281 5.444 0.265
v -0.238 5.410 0.340
v -0.156 5.426 0.301
v -0.167 6.075 0.635
v -0.203 6.109 0.573
v -0.273 6.097 0.607
v -0.237 6.063 0.669
v -0.167 6.075 0.635
v -0.083 6.725 0.955
v -0.112 6.756 0.905
v -0.170 6.750 0.935
v -0.141 6.720 0.986
v -0.083 6.725 0.955
v 0.028 7.373 1.284
v 0.005 7.399 1.244
v -0.042 7.391 1.267
v -0.019 7.365 1.306
v 0.028 7.373 1.284
v 0.048 7.988 1.687
v 0.031 8.008 1.658
v -0.004 7.999 1.673
v 0.013 7.979 1.702
v 0.048 7.988 1.687
v 0.074 8.608 2.079
v 0.062 8.621 2.060
v 0.039 8.615 2.070
v 0.051 8.602 2.089
v 0.074 8.608 2.079
v 0.058 8.635 2.089
v -0.023 7.390 1.280
v -0.002 7.380 1.293
v 0.009 7.375 1.270
v -0.012 7.384 1.257
v -0.023 7.390 1.280
v 0.217 7.907 1.270
v 0.238 7.897 1.283
v 0.250 7.891 1.260
v 0.229 7.901 1.247
v 0.217 7.907 1.270
v 0.469 8.419 1.246
v 0.486 8.410 1.257
v 0.495 8.404 1.239
v 0.478 8.413 1.228
v 0.469 8.419 1.246
v 0.769 8.901 1.195
v 0.781 8.894 1.203
v 0.788 8.890 1.189
v 0.776 8.897 1.181
v 0.769 8.901 1.195
v 1.077 9.380 1.226
v 1.085 9.375 1.231
v 1.089 9.373 1.222
v 1.082 9.378 1.217
v 1.077 9.380 1.226
v 1.089 9.386 1.225
v -0.003 7.394 1.261
v -0.023 7.391 1.278
v -0.011 7.370 1.289
v 0.009 7.374 1.272
v -0.003 7.394 1.261
v 0.200 7.677 1.549
v 0.180 7.674 1.567
v 0.193 7.654 1.579
v 0.213 7.656 1.560
v 0.200 7.677 1.549
v 0.437 7.965 1.803
v 0.423 7.965 1.819
v 0.433 7.948 1.828
v 0.447 7.949 1.812
v 0.437 7.965 1.803
v 0.710 8.246 2.029
v 0.700 8.246 2.040
v 0.707 8.234 2.047
v 0.718 8.234 2.035
v 0.710 8.246 2.029
v 0.931 8.545 2.288
v 0.924 8.544 2.295
v 0.929 8.536 2.300
v 0.937 8.537 2.293
v 0.931 8.545 2.288
v 0.936 8.548 2.300
v -0.020 7.392 1.266
v -0.019 7.368 1.279
v 0.006 7.373 1.284
v 0.005 7.396 1.272
v -0.020 7.392 1.266
v -0.142 7.605 1.673
v -0.140 7.582 1.686
v -0.115 7.587 1.692
v -0.116 7.610 1.679
v -0.142 7.605 1.673
v -0.296 7.818 2.069
v -0.295 7.800 2.080
v -0.275 7.804 2.084
v -0.276 7.822 2.074
v -0.296 7.818 2.069
v -0.408 8.042 2.474
v -0.407 8.028 2.482
v -0.392 8.031 2.485
v -0.393 8.045 2.477
v -0.408 8.042 2.474
v -0.518 8.250 2.888
v -0.518 8.241 2.893
v -0.508 8.242 2.895
v -0.508 8.252 2.890
v -0.518 8.250 2.888
v -0.516 8.251 2.901
v -0.214 6.106 0.603
v -0.247 6.087 0.614
v -0.226 6.066 0.639
v -0.193 6.085 0.628
v -0.214 6.106 0.603
v -0.287 6.432 0.943
v -0.318 6.415 0.954
v -0.299 6.395 0.978
v -0.268 6.412 0.967
v -0.287 6.432 0.943
v -0.341 6.775 1.267
v -0.366 6.764 1.277
v -0.350 6.750 1.297
v -0.326 6.761 1.287
v -0.341 6.775 1.267
v -0.364 7.161 1.547
v -0.382 7.153 1.555
v -0.371 7.142 1.569
v -0.353 7.150 1.561
v -0.364 7.161 1.547
v -0.390 7.510 1.872
v -0.400 7.505 1.877
v -0.394 7.498 1.885
v -0.383 7.503 1.881
v -0.390 7.510 1.872
v -0.392 7.514 1.888
v -0.001 7.366 1.282
v 0.010 7.388 1.273
v -0.013 7.398 1.268
v -0.024 7.376 1.278
v -0.001 7.366 1.282
v -0.006 7.587 1.806
v 0.006 7.609 1.796
v -0.019 7.619 1.791
v -0.030 7.597 1.801
v -0.006 7.587 1.806
v -0.021 7.838 2.316
v -0.012 7.855 2.308
v -0.031 7.863 2.304
v -0.040 7.846 2.313
v -0.021 7.838 2.316
v 0.014 8.066 2.835
v 0.020 8.079 2.828
v 0.006 8.085 2.827
v -0.001 8.072 2.833
v 0.014 8.066 2.835
v 0.076 8.299 3.349
v 0.080 8.307 3.345
v 0.071 8.311 3.344
v 0.067 8.303 3.349
v 0.076 8.299 3.349
v 0.075 8.310 3.357
v -0.023 7.383 1.285
v 0.003 7.378 1.291
v 0.009 7.382 1.265
v -0.017 7.386 1.260
v -0.023 7.383 1.285
v 0.044 7.824 1.363
v 0.070 7.818 1.368
v 0.076 7.821 1.343
v 0.050 7.827 1.338
v 0.044 7.824 1.363
v 0.151 8.260 1.426
v 0.171 8.255 1.430
v 0.176 8.257 1.409
v 0.156 8.263 1.406
v 0.151 8.260 1.426
v 0.251 8.692 1.515
v 0.266 8.688 1.517
v 0.269 8.690 1.502
v 0.254 8.695 1.499
v 0.251 8.692 1.515
v 0.370 9.117 1.615
v 0.380 9.114 1.617
v 0.382 9.116 1.607
v 0.373 9.119 1.605
v 0.370 9.117 1.615
v 0.379 9.127 1.613
v -0.126 6.739 0.969
v -0.105 6.730 0.945
v -0.127 6.737 0.922
v -0.149 6.745 0.945
v -0.126 6.739 0.969
v 0.044 7.221 0.945
v 0.066 7.215 0.923
v 0.044 7.221 0.900
v 0.023 7.228 0.923
v 0.044 7.221 0.945
v 0.175 7.717 0.960
v 0.192 7.714 0.942
v 0.175 7.718 0.925
v 0.157 7.721 0.942
v 0.175 7.717 0.960
v 0.265 8.221 0.979
v 0.278 8.220 0.966
v 0.266 8.223 0.953
v 0.253 8.224 0.966
v 0.265 8.221 0.979
v 0.349 8.723 1.043
v 0.358 8.722 1.035
v 0.350 8.725 1.027
v 0.341 8.725 1.035
v 0.349 8.723 1.043
v 0.351 8.736 1.037
v 0.002 8.266 -0.568
v 0.055 8.224 -0.557
v 0.081 8.240 -0.618
v 0.027 8.282 -0.629
v 0.002 8.266 -0.568
v 0.369 8.812 -0.276
v 0.421 8.772 -0.265
v 0.443 8.784 -0.326
v 0.391 8.823 -0.337
v 0.369 8.812 -0.276
v 0.765 9.386 -0.093
v 0.810 9.350 -0.083
v 0.826 9.356 -0.139
v 0.782 9.392 -0.148
v 0.765 9.386 -0.093
v 1.202 9.927 0.085
v 1.240 9.896 0.093
v 1.254 9.900 0.045
v 1.216 9.932 0.038
v 1.202 9.927 0.085
v 1.618 10.486 0.255
v 1.650 10.461 0.262
v 1.662 10.465 0.221
v 1.629 10.490 0.215
v 1.618 10.486 0.255
v 2.016 11.061 0.417
v 2.043 11.041 0.422
v 2.051 11.043 0.389
v 2.024 11.063 0.384
v 2.016 11.061 0.417
v 2.443 11.628 0.523
v 2.464 11.613 0.527
v 2.470 11.614 0.502
v 2.449 11.629 0.498
v 2.443 11.628 0.523
v 2.823 12.224 0.639
v 2.838 12.215 0.642
v 2.842 12.215 0.625
v 2.828 12.225 0.621
v 2.823 12.224 0.639
v 2.843 12.236 0.635
v 2.464 11.618 0.509
v 2.452 11.618 0.505
v 2.448 11.624 0.516
v 2.461 11.624 0.520
v 2.464 11.618 0.509
v 2.555 12.080 0.303
v 2.540 12.081 0.297
v 2.535 12.087 0.311
v 2.550 12.086 0.317
v 2.555 12.080 0.303
v 2.671 12.548 0.128
v 2.658 12.550 0.123
v 2.655 12.555 0.135
v 2.667 12.554 0.139
v 2.671 12.548 0.128
v 2.793 13.009 -0.063
v 2.783 13.011 -0.067
v 2.780 13.016 -0.058
v 2.790 13.014 -0.054
v 2.793 13.009 -0.063
v 2.968 13.450 -0.260
v 2.961 13.451 -0.263
v 2.958 13.455 -0.256
v 2.966 13.454 -0.253
v 2.968 13.450 -0.260
v 2.966 13.460 -0.261
v 1.647 10.482 0.227
v 1.627 10.481 0.233
v 1.632 10.468 0.249
v 1.653 10.470 0.243
v 1.647 10.482 0.227
v 1.688 10.827 0.481
v 1.667 10.825 0.487
v 1.673 10.812 0.504
v 1.694 10.814 0.498
v 1.688 10.827 0.481
v 1.731 11.180 0.721
v 1.714 11.179 0.727
v 1.719 11.168 0.740
v 1.736 11.169 0.735
v 1.731 11.180 0.721
v 1.796 11.525 0.969
v 1.783 11.524 0.973
v 1.786 11.516 0.983
v 1.799 11.517 0.980
v 1.796 11.525 0.969
v 1.816 11.854 1.246
v 1.807 11.853 1.248
v 1.809 11.847 1.255
v 1.819 11.848 1.253
v 1.816 11.854 1.246
v 1.813 11.859 1.257
v 2.448 11.623 0.515
v 2.459 11.621 0.521
v 2.465 11.619 0.510
v 2.453 11.621 0.504
v 2.448 11.623 0.515
v 2.530 12.103 0.462
v 2.544 12.100 0.469
v 2.551 12.097 0.455
v 2.537 12.099 0.448
v 2.530 12.103 0.462
v 2.669 12.567 0.394
v 2.681 12.565 0.400
v 2.686 12.562 0.388
v 2.675 12.564 0.382
v 2.669 12.567 0.394
v 2.758 13.042 0.323
v 2.767 13.041 0.328
v 2.772 13.039 0.319
v 2.762 13.040 0.314
v 2.758 13.042 0.323
v 2.848 13.522 0.302
v 2.855 13.521 0.306
v 2.859 13.520 0.299
v 2.852 13.521 0.295
v 2.848 13.522 0.302
v 2.855 13.529 0.300
v 2.034 11.051 0.391
v 2.028 11.062 0.402
v 2.034 11.053 0.415
v 2.039 11.041 0.404
v 2.034 11.051 0.391
v 2.475 11.273 0.370
v 2.468 11.286 0.382
v 2.474 11.276 0.397
v 2.482 11.263 0.385
v 2.475 11.273 0.370
v 2.876 11.562 0.374
v 2.869 11.572 0.384
v 2.875 11.564 0.396
v 2.882 11.555 0.386
v 2.876 11.562 0.374
v 3.253 11.880 0.349
v 3.248 11.887 0.356
v 3.254 11.882 0.366
v 3.259 11.874 0.358
v 3.253 11.880 0.349
v 3.626 12.199 0.292
v 3.622 12.205 0.298
v 3.627 12.201 0.304
v 3.630 12.195 0.299
v 3.626 12.199 0.292
v 3.633 12.206 0.297
v 2.036 11.046 0.393
v 2.031 11.061 0.397
v 2.031 11.058 0.413
v 2.037 11.042 0.410
v 2.036 11.046 0.393
v 2.454 11.191 0.412
v 2.447 11.209 0.416
v 2.449 11.205 0.435
v 2.456 11.188 0.431
v 2.454 11.191 0.412
v 2.853 11.377 0.364
v 2.846 11.391 0.368
v 2.849 11.389 0.383
v 2.856 11.375 0.380
v 2.853 11.377 0.364
v 3.243 11.582 0.319
v 3.238 11.593 0.321
v 3.240 11.591 0.333
v 3.245 11.580 0.331
v 3.243 11.582 0.319
v 3.631 11.797 0.304
v 3.627 11.805 0.306
v 3.628 11.803 0.315
v 3.632 11.796 0.313
v 3.631 11.797 0.304
v 3.638 11.805 0.309
v 2.459 11.617 0.505
v 2.453 11.628 0.508
v 2.454 11.625 0.520
v 2.460 11.614 0.517
v 2.459 11.617 0.505
v 2.852 11.811 0.528
v 2.845 11.825 0.532
v 2.846 11.821 0.547
v 2.853 11.807 0.543
v 2.852 11.811 0.528
v 3.253 11.988 0.544
v 3.248 11.999 0.547
v 3.249 11.996 0.560
v 3.254 11.985 0.557
v 3.253 11.988 0.544
v 3.656 12.160 0.535
v 3.652 12.170 0.537
v 3.654 12.168 0.548
v 3.657 12.158 0.545
v 3.656 12.160 0.535
v 4.072 12.298 0.508
v 4.069 12.306 0.510
v 4.070 12.304 0.517
v 4.073 12.297 0.515
v 4.072 12.298 0.508
v 4.079 12.304 0.512
v 1.646 10.462 0.240
v 1.649 10.478 0.227
v 1.633 10.489 0.236
v 1.630 10.472 0.249
v 1.646 10.462 0.240
v 2.055 10.715 0.653
v 2.058 10.732 0.638
v 2.041 10.743 0.648
v 2.038 10.726 0.662
v 2.055 10.715 0.653
v 2.456 11.027 1.032
v 2.458 11.040 1.020
v 2.444 11.049 1.028
v 2.443 11.035 1.040
v 2.456 11.027 1.032
v 2.864 11.303 1.428
v 2.866 11.314 1.420
v 2.856 11.321 1.426
v 2.854 11.310 1.434
v 2.864 11.303 1.428
v 3.281 11.524 1.850
v 3.283 11.531 1.845
v 3.276 11.536 1.849
v 3.274 11.529 1.855
v 3.281 11.524 1.850
v 3.285 11.534 1.856
v -0.160 4.015 -0.184
v -0.176 4.062 -0.286
v -0.278 4.098 -0.253
v -0.262 4.051 -0.151
v -0.160 4.015 -0.184
v 0.137 4.643 0.059
v 0.123 4.691 -0.037
v 0.024 4.724 -0.006
v 0.038 4.676 0.090
v 0.137 4.643 0.059
v 0.414 5.267 0.342
v 0.402 5.313 0.255
v 0.310 5.337 0.281
v 0.322 5.291 0.367
v 0.414 5.267 0.342
v 0.623 5.903 0.652
v 0.612 5.944 0.574
v 0.529 5.964 0.596
v 0.540 5.923 0.674
v 0.623 5.903 0.652
v 0.864 6.542 0.932
v 0.853 6.575 0.862
v 0.780 6.593 0.882
v 0.791 6.561 0.951
v 0.864 6.542 0.932
v 1.085 7.203 1.177
v 1.075 7.228 1.116
v 1.011 7.243 1.133
v 1.022 7.218 1.194
v 1.085 7.203 1.177
v 1.293 7.876 1.396
v 1.285 7.897 1.344
v 1.231 7.909 1.358
v 1.240 7.888 1.410
v 1.293 7.876 1.396
v 1.498 8.541 1.639
v 1.491 8.558 1.596
v 1.446 8.567 1.608
v 1.454 8.550 1.651
v 1.498 8.541 1.639
v 1.690 9.221 1.851
v 1.684 9.233 1.817
v 1.649 9.240 1.825
v 1.655 9.228 1.859
v 1.690 9.221 1.851
v 1.839 9.914 2.053
v 1.834 9.923 2.029
v 1.809 9.927 2.035
v 1.814 9.918 2.059
v 1.839 9.914 2.053
v 1.830 9.946 2.052
v 1.059 7.236 1.138
v 1.030 7.239 1.155
v 1.037 7.211 1.172
v 1.066 7.208 1.156
v 1.059 7.236 1.138
v 1.314 7.554 1.534
v 1.285 7.556 1.549
v 1.292 7.529 1.565
v 1.320 7.527 1.550
v 1.314 7.554 1.534
v 1.543 7.844 1.965
v 1.520 7.845 1.976
v 1.526 7.823 1.989
v 1.549 7.823 1.978
v 1.543 7.844 1.965
v 1.739 8.182 2.374
v 1.722 8.183 2.383
v 1.727 8.168 2.393
v 1.744 8.167 2.385
v 1.739 8.182 2.374
v 1.963 8.541 2.751
v 1.952 8.542 2.756
v 1.955 8.533 2.763
v 1.966 8.533 2.758
v 1.963 8.541 2.751
v 1.964 8.545 2.765
v 1.062 7.233 1.139
v 1.032 7.240 1.151
v 1.034 7.213 1.171
v 1.065 7.206 1.159
v 1.062 7.233 1.139
v 1.322 7.602 1.607
v 1.292 7.608 1.619
v 1.294 7.583 1.639
v 1.324 7.576 1.627
v 1.322 7.602 1.607
v 1.579 7.995 2.055
v 1.556 8.001 2.064
v 1.558 7.981 2.080
v 1.581 7.976 2.071
v 1.579 7.995 2.055
v 1.852 8.398 2.483
v 1.836 8.403 2.490
v 1.838 8.390 2.503
v 1.854 8.385 2.496
v 1.852 8.398 2.483
v 2.153 8.862 2.823
v 2.142 8.865 2.828
v 2.144 8.858 2.837
v 2.155 8.855 2.832
v 2.153 8.862 2.823
v 2.154 8.869 2.836
v 1.281 7.889 1.370
v 1.261 7.908 1.365
v 1.243 7.896 1.384
v 1.263 7.876 1.389
v 1.281 7.889 1.370
v 1.497 8.219 1.800
v 1.477 8.238 1.795
v 1.460 8.226 1.814
v 1.480 8.206 1.819
v 1.497 8.219 1.800
v 1.724 8.573 2.205
v 1.708 8.589 2.201
v 1.695 8.579 2.216
v 1.710 8.563 2.220
v 1.724 8.573 2.205
v 1.928 8.878 2.659
v 1.917 8.890 2.657
v 1.906 8.882 2.667
v 1.917 8.870 2.669
v 1.928 8.878 2.659
v 2.154 9.149 3.124
v 2.147 9.157 3.123
v 2.140 9.152 3.129
v 2.147 9.144 3.130
v 2.154 9.149 3.124
v 2.151 9.155 3.136
v 0.574 5.941 0.594
v 0.546 5.925 0.624
v 0.578 5.927 0.654
v 0.606 5.942 0.624
v 0.574 5.941 0.594
v 0.370 6.683 0.780
v 0.344 6.670 0.808
v 0.373 6.672 0.837
v 0.399 6.686 0.809
v 0.370 6.683 0.780
v 0.129 7.426 0.912
v 0.109 7.416 0.933
v 0.131 7.420 0.956
v 0.151 7.431 0.934
v 0.129 7.426 0.912
v -0.156 8.158 1.029
v -0.171 8.149 1.045
v -0.155 8.152 1.061
v -0.141 8.160 1.045
v -0.156 8.158 1.029
v -0.417 8.887 1.204
v -0.425 8.882 1.213
v -0.416 8.883 1.223
v -0.407 8.888 1.213
v -0.417 8.887 1.204
v -0.421 8.899 1.216
v 1.065 7.208 1.162
v 1.051 7.217 1.132
v 1.031 7.239 1.148
v 1.045 7.230 1.178
v 1.065 7.208 1.162
v 1.560 7.704 1.083
v 1.547 7.713 1.055
v 1.527 7.734 1.070
v 1.541 7.725 1.098
v 1.560 7.704 1.083
v 2.041 8.213 1.008
v 2.032 8.221 0.986
v 2.016 8.237 0.998
v 2.026 8.229 1.020
v 2.041 8.213 1.008
v 2.552 8.698 1.006
v 2.546 8.704 0.989
v 2.535 8.716 0.998
v 2.541 8.709 1.014
v 2.552 8.698 1.006
v 3.055 9.192 0.995
v 3.051 9.196 0.984
v 3.044 9.204 0.990
v 3.048 9.200 1.000
v 3.055 9.192 0.995
v 3.058 9.206 0.992
v 1.271 7.899 1.360
v 1.248 7.907 1.375
v 1.253 7.886 1.394
v 1.276 7.878 1.379
v 1.271 7.899 1.360
v 1.570 8.229 1.640
v 1.546 8.237 1.655
v 1.552 8.216 1.674
v 1.575 8.209 1.659
v 1.570 8.229 1.640
v 1.836 8.580 1.929
v 1.818 8.585 1.940
v 1.822 8.569 1.956
v 1.841 8.564 1.944
v 1.836 8.580 1.929
v 2.110 8.919 2.224
v 2.096 8.923 2.233
v 2.099 8.911 2.244
v 2.113 8.907 2.235
v 2.110 8.919 2.224
v 2.412 9.242 2.508
v 2.404 9.245 2.514
v 2.406 9.237 2.521
v 2.414 9.234 2.516
v 2.412 9.242 2.508
v 2.416 9.246 2.521
v 1.070 7.216 1.149
v 1.041 7.220 1.132
v 1.026 7.231 1.161
v 1.055 7.226 1.178
v 1.070 7.216 1.149
v 1.288 8.002 0.970
v 1.261 8.006 0.954
v 1.246 8.014 0.981
v 1.274 8.010 0.998
v 1.288 8.002 0.970
v 1.470 8.809 0.870
v 1.449 8.815 0.857
v 1.437 8.820 0.878
v 1.458 8.815 0.891
v 1.470 8.809 0.870
v 1.758 9.591 0.839
v 1.743 9.596 0.830
v 1.734 9.600 0.846
v 1.750 9.595 0.855
v 1.758 9.591 0.839
v 2.006 10.387 0.797
v 1.996 10.390 0.791
v 1.990 10.392 0.801
v 2.000 10.389 0.807
v 2.006 10.387 0.797
v 2.002 10.401 0.798
v 0.809 6.581 0.887
v 0.804 6.577 0.925
v 0.836 6.555 0.927
v 0.840 6.558 0.888
v 0.809 6.581 0.887
v 1.239 7.175 0.986
v 1.235 7.172 1.023
v 1.264 7.148 1.025
v 1.268 7.151 0.987
v 1.239 7.175 0.986
v 1.715 7.734 1.069
v 1.712 7.733 1.101
v 1.737 7.712 1.102
v 1.739 7.713 1.070
v 1.715 7.734 1.069
v 2.192 8.294 1.125
v 2.191 8.294 1.150
v 2.212 8.279 1.151
v 2.212 8.278 1.126
v 2.192 8.294 1.125
v 2.606 8.899 1.053
v 2.606 8.901 1.072
v 2.623 8.891 1.073
v 2.622 8.890 1.054
v 2.606 8.899 1.053
v 2.963 9.544 0.993
v 2.964 9.545 1.005
v 2.975 9.539 1.006
v 2.975 9.537 0.993
v 2.963 9.544 0.993
v 2.976 9.553 0.998
v 0.586 5.918 0.599
v 0.550 5.941 0.609
v 0.566 5.949 0.649
v 0.602 5.926 0.639
v 0.586 5.918 0.599
v 0.907 6.529 0.354
v 0.872 6.551 0.365
v 0.887 6.556 0.404
v 0.922 6.535 0.394
v 0.907 6.529 0.354
v 1.226 7.169 0.195
v 1.196 7.186 0.204
v 1.208 7.189 0.237
v 1.238 7.172 0.228
v 1.226 7.169 0.195
v 1.538 7.800 0.004
v 1.515 7.814 0.011
v 1.525 7.818 0.037
v 1.548 7.804 0.030
v 1.538 7.800 0.004
v 1.843 8.429 -0.208
v 1.826 8.439 -0.203
v 1.834 8.444 -0.184
v 1.851 8.433 -0.189
v 1.843 8.429 -0.208
v 2.123 9.026 -0.520
v 2.112 9.033 -0.516
v 2.117 9.037 -0.505
v 2.129 9.030 -0.508
v 2.123 9.026 -0.520
v 2.126 9.044 -0.518
v 0.004 8.246 -0.564
v 0.070 8.229 -0.563
v 0.079 8.260 -0.622
v 0.013 8.278 -0.624
v 0.004 8.246 -0.564
v 0.166 8.869 -0.212
v 0.231 8.854 -0.209
v 0.240 8.886 -0.266
v 0.176 8.901 -0.269
v 0.166 8.869 -0.212
v 0.261 9.488 0.171
v 0.319 9.479 0.175
v 0.327 9.507 0.125
v 0.270 9.515 0.120
v 0.261 9.488 0.171
v 0.305 10.145 0.494
v 0.355 10.142 0.500
v 0.362 10.165 0.457
v 0.312 10.168 0.451
v 0.305 10.145 0.494
v 0.283 10.789 0.851
v 0.325 10.787 0.857
v 0.330 10.804 0.819
v 0.289 10.806 0.814
v 0.283 10.789 0.851
v 0.308 11.481 1.107
v 0.341 11.479 1.111
v 0.346 11.490 1.079
v 0.313 11.492 1.075
v 0.308 11.481 1.107
v 0.304 12.185 1.321
v 0.330 12.185 1.325
v 0.333 12.192 1.300
v 0.308 12.192 1.297
v 0.304 12.185 1.321
v 0.272 12.903 1.482
v 0.289 12.903 1.485
v 0.292 12.907 1.467
v 0.274 12.907 1.465
v 0.272 12.903 1.482
v 0.281 12.923 1.479
v 0.342 10.164 0.463
v 0.321 10.167 0.475
v 0.325 10.146 0.488
v 0.347 10.143 0.477
v 0.342 10.164 0.463
v 0.622 10.505 0.891
v 0.599 10.508 0.902
v 0.604 10.487 0.917
v 0.626 10.484 0.905
v 0.622 10.505 0.891
v 0.864 10.875 1.317
v 0.846 10.878 1.326
v 0.849 10.862 1.338
v 0.867 10.859 1.328
v 0.864 10.875 1.317
v 1.158 11.224 1.729
v 1.144 11.225 1.736
v 1.147 11.213 1.744
v 1.161 11.211 1.738
v 1.158 11.224 1.729
v 1.365 11.594 2.174
v 1.356 11.595 2.178
v 1.358 11.587 2.184
v 1.367 11.586 2.180
v 1.365 11.594 2.174
v 1.365 11.597 2.186
v 0.295 10.805 0.832
v 0.301 10.795 0.849
v 0.318 10.788 0.838
v 0.312 10.798 0.821
v 0.295 10.805 0.832
v 0.572 11.235 1.004
v 0.578 11.224 1.023
v 0.597 11.217 1.012
v 0.590 11.228 0.994
v 0.572 11.235 1.004
v 0.789 11.694 1.183
v 0.795 11.686 1.199
v 0.811 11.682 1.190
v 0.805 11.690 1.175
v 0.789 11.694 1.183
v 1.000 12.166 1.335
v 1.005 12.161 1.347
v 1.017 12.158 1.341
v 1.012 12.164 1.329
v 1.000 12.166 1.335
v 1.180 12.658 1.467
v 1.184 12.655 1.475
v 1.192 12.653 1.471
v 1.188 12.656 1.463
v 1.180 12.658 1.467
v 1.189 12.664 1.471
v 0.311 10.809 0.828
v 0.293 10.799 0.830
v 0.302 10.784 0.842
v 0.321 10.794 0.840
v 0.311 10.809 0.828
v 0.218 11.086 1.251
v 0.199 11.075 1.252
v 0.209 11.059 1.264
v 0.228 11.070 1.263
v 0.218 11.086 1.251
v 0.099 11.327 1.687
v 0.083 11.318 1.688
v 0.091 11.306 1.698
v 0.107 11.315 1.697
v 0.099 11.327 1.687
v -0.021 11.620 2.090
v -0.033 11.613 2.091
v -0.027 11.604 2.100
v -0.015 11.611 2.098
v -0.021 11.620 2.090
v -0.109 11.924 2.493
v -0.118 11.920 2.494
v -0.114 11.914 2.500
v -0.105 11.918 2.498
v -0.109 11.924 2.493
v -0.113 11.925 2.504
v 0.327 12.191 1.314
v 0.320 12.193 1.303
v 0.310 12.186 1.308
v 0.317 12.184 1.319
v 0.327 12.191 1.314
v 0.121 12.642 1.513
v 0.112 12.644 1.500
v 0.101 12.635 1.506
v 0.109 12.633 1.520
v 0.121 12.642 1.513
v -0.108 13.078 1.719
v -0.115 13.080 1.708
v -0.125 13.072 1.713
v -0.118 13.071 1.724
v -0.108 13.078 1.719
v -0.316 13.531 1.911
v -0.322 13.532 1.902
v -0.330 13.527 1.907
v -0.324 13.525 1.915
v -0.316 13.531 1.911
v -0.502 13.990 2.110
v -0.507 13.991 2.103
v -0.513 13.987 2.107
v -0.508 13.986 2.113
v -0.502 13.990 2.110
v -0.511 13.996 2.111
v 0.330 11.485 1.081
v 0.317 11.480 1.091
v 0.324 11.486 1.105
v 0.337 11.491 1.095
v 0.330 11.485 1.081
v 0.053 12.003 1.004
v 0.039 11.997 1.014
v 0.047 12.003 1.030
v 0.062 12.010 1.020
v 0.053 12.003 1.004
v -0.236 12.516 0.946
v -0.248 12.510 0.955
v -0.242 12.517 0.968
v -0.230 12.523 0.959
v -0.236 12.516 0.946
v -0.592 12.954 0.772
v -0.601 12.949 0.778
v -0.598 12.956 0.788
v -0.589 12.961 0.781
v -0.592 12.954 0.772
v -0.964 13.374 0.582
v -0.970 13.371 0.587
v -0.968 13.376 0.593
v -0.962 13.380 0.589
v -0.964 13.374 0.582
v -0.972 13.382 0.585
v 0.311 12.192 1.307
v 0.313 12.185 1.317
v 0.326 12.185 1.315
v 0.324 12.192 1.304
v 0.311 12.192 1.307
v 0.344 12.549 1.540
v 0.347 12.540 1.553
v 0.363 12.540 1.550
v 0.360 12.549 1.537
v 0.344 12.549 1.540
v 0.393 12.909 1.765
v 0.395 12.902 1.776
v 0.408 12.901 1.773
v 0.406 12.908 1.762
v 0.393 12.909 1.765
v 0.471 13.268 1.984
v 0.473 13.262 1.992
v 0.483 13.262 1.990
v 0.481 13.268 1.981
v 0.471 13.268 1.984
v 0.550 13.607 2.233
v 0.551 13.602 2.239
v 0.559 13.601 2.237
v 0.558 13.606 2.231
v 0.550 13.607 2.233
v 0.556 13.611 2.240
v 0.326 12.193 1.307
v 0.314 12.192 1.304
v 0.311 12.184 1.314
v 0.324 12.185 1.318
v 0.326 12.193 1.307
v 0.221 12.614 1.602
v 0.206 12.613 1.598
v 0.203 12.604 1.610
v 0.218 12.605 1.614
v 0.221 12.614 1.602
v 0.128 13.036 1.899
v 0.115 13.036 1.896
v 0.113 13.028 1.907
v 0.126 13.028 1.910
v 0.128 13.036 1.899
v 0.059 13.440 2.228
v 0.049 13.440 2.226
v 0.047 13.433 2.233
v 0.058 13.433 2.235
v 0.059 13.440 2.228
v 0.024 13.819 2.589
v 0.016 13.819 2.588
v 0.015 13.814 2.593
v 0.022 13.813 2.595
v 0.024 13.819 2.589
v 0.019 13.822 2.597
v -0.248 4.110 -0.167
v -0.162 4.036 -0.166
v -0.190 4.003 -0.270
v -0.276 4.077 -0.271
v -0.248 4.110 -0.167
v 0.191 4.611 -0.449
v 0.273 4.539 -0.448
v 0.245 4.506 -0.547
v 0.163 4.577 -0.548
v 0.191 4.611 -0.449
v 0.632 5.093 -0.757
v 0.704 5.026 -0.754
v 0.680 4.997 -0.845
v 0.608 5.064 -0.847
v 0.632 5.093 -0.757
v 1.112 5.565 -1.016
v 1.174 5.502 -1.012
v 1.155 5.479 -1.095
v 1.093 5.542 -1.098
v 1.112 5.565 -1.016
v 1.615 6.026 -1.250
v 1.671 5.972 -1.248
v 1.653 5.950 -1.320
v 1.598 6.005 -1.322
v 1.615 6.026 -1.250
v 2.065 6.512 -1.536
v 2.114 6.466 -1.535
v 2.098 6.446 -1.597
v 2.049 6.492 -1.599
v 2.065 6.512 -1.536
v 2.550 6.977 -1.801
v 2.591 6.937 -1.800
v 2.577 6.921 -1.853
v 2.536 6.960 -1.854
v 2.550 6.977 -1.801
v 3.001 7.457 -2.091
v 3.036 7.426 -2.090
v 3.026 7.413 -2.134
v 2.991 7.445 -2.135
v 3.001 7.457 -2.091
v 3.476 7.960 -2.295
v 3.502 7.935 -2.294
v 3.495 7.926 -2.329
v 3.469 7.951 -2.330
v 3.476 7.960 -2.295
v 3.950 8.446 -2.541
v 3.968 8.429 -2.540
v 3.963 8.422 -2.564
v 3.944 8.440 -2.565
v 3.950 8.446 -2.541
v 3.974 8.453 -2.562
v 2.065 6.485 -1.582
v 2.078 6.499 -1.555
v 2.099 6.472 -1.551
v 2.085 6.459 -1.579
v 2.065 6.485 -1.582
v 2.498 6.769 -1.935
v 2.511 6.782 -1.909
v 2.531 6.757 -1.906
v 2.518 6.744 -1.933
v 2.498 6.769 -1.935
v 2.912 7.071 -2.293
v 2.923 7.082 -2.273
v 2.940 7.063 -2.272
v 2.929 7.052 -2.292
v 2.912 7.071 -2.293
v 3.269 7.404 -2.686
v 3.277 7.413 -2.671
v 3.290 7.399 -2.671
v 3.282 7.391 -2.686
v 3.269 7.404 -2.686
v 3.621 7.743 -3.079
v 3.626 7.748 -3.070
v 3.634 7.739 -3.070
v 3.629 7.734 -3.079
v 3.621 7.743 -3.079
v 3.634 7.748 -3.083
v 2.544 6.954 -1.828
v 2.566 6.959 -1.810
v 2.583 6.944 -1.827
v 2.561 6.938 -1.844
v 2.544 6.954 -1.828
v 2.717 7.584 -2.245
v 2.739 7.590 -2.227
v 2.756 7.575 -2.244
v 2.734 7.569 -2.261
v 2.717 7.584 -2.245
v 2.879 8.210 -2.673
v 2.896 8.216 -2.660
v 2.910 8.202 -2.672
v 2.892 8.197 -2.685
v 2.879 8.210 -2.673
v 3.066 8.776 -3.169
v 3.079 8.781 -3.160
v 3.089 8.771 -3.169
v 3.076 8.766 -3.178
v 3.066 8.776 -3.169
v 3.190 9.341 -3.685
v 3.198 9.345 -3.680
v 3.204 9.338 -3.685
v 3.196 9.335 -3.691
v 3.190 9.341 -3.685
v 3.199 9.348 -3.693
v 3.013 7.451 -2.107
v 3.019 7.431 -2.098
v 3.013 7.420 -2.118
v 3.007 7.440 -2.127
v 3.013 7.451 -2.107
v 3.712 7.531 -2.359
v 3.717 7.510 -2.349
v 3.711 7.499 -2.369
v 3.705 7.520 -2.379
v 3.712 7.531 -2.359
v 4.420 7.553 -2.596
v 4.423 7.536 -2.588
v 4.417 7.527 -2.604
v 4.414 7.544 -2.612
v 4.420 7.553 -2.596
v 5.110 7.508 -2.879
v 5.111 7.495 -2.872
v 5.106 7.489 -2.884
v 5.105 7.501 -2.891
v 5.110 7.508 -2.879
v 5.820 7.438 -3.096
v 5.821 7.429 -3.091
v 5.818 7.425 -3.099
v 5.817 7.433 -3.104
v 5.820 7.438 -3.096
v 5.829 7.431 -3.101
v 3.489 7.939 -2.300
v 3.496 7.938 -2.317
v 3.482 7.948 -2.323
v 3.475 7.948 -2.307
v 3.489 7.939 -2.300
v 3.773 8.452 -2.188
v 3.780 8.451 -2.207
v 3.765 8.461 -2.214
v 3.757 8.462 -2.195
v 3.773 8.452 -2.188
v 4.074 8.961 -2.112
v 4.081 8.960 -2.127
v 4.068 8.969 -2.133
v 4.061 8.969 -2.118
v 4.074 8.961 -2.112
v 4.350 9.475 -1.990
v 4.355 9.475 -2.001
v 4.345 9.482 -2.006
v 4.340 9.482 -1.994
v 4.350 9.475 -1.990
v 4.665 9.970 -1.881
v 4.668 9.970 -1.889
v 4.661 9.975 -1.892
v 4.658 9.975 -1.884
v 4.665 9.970 -1.881
v 4.668 9.980 -1.884
v 2.061 6.479 -1.578
v 2.072 6.492 -1.549
v 2.103 6.479 -1.556
v 2.091 6.466 -1.584
v 2.061 6.479 -1.578
v 2.219 7.014 -1.887
v 2.230 7.025 -1.859
v 2.259 7.012 -1.865
v 2.248 7.001 -1.893
v 2.219 7.014 -1.887
v 2.431 7.566 -2.129
v 2.439 7.572 -2.105
v 2.461 7.561 -2.110
v 2.453 7.555 -2.133
v 2.431 7.566 -2.129
v 2.672 8.113 -2.347
v 2.678 8.118 -2.330
v 2.695 8.110 -2.333
v 2.689 8.105 -2.350
v 2.672 8.113 -2.347
v 2.878 8.665 -2.588
v 2.882 8.668 -2.577
v 2.892 8.663 -2.579
v 2.889 8.660 -2.590
v 2.878 8.665 -2.588
v 2.889 8.675 -2.588
v 1.143 5.496 -1.070
v 1.105 5.518 -1.068
v 1.124 5.548 -1.041
v 1.162 5.525 -1.043
v 1.143 5.496 -1.070
v 1.350 5.893 -1.650
v 1.314 5.915 -1.649
v 1.332 5.945 -1.625
v 1.369 5.923 -1.626
v 1.350 5.893 -1.650
v 1.544 6.232 -2.271
v 1.514 6.251 -2.271
v 1.530 6.276 -2.252
v 1.560 6.257 -2.252
v 1.544 6.232 -2.271
v 1.755 6.574 -2.885
v 1.731 6.590 -2.885
v 1.744 6.610 -2.871
v 1.768 6.595 -2.870
v 1.755 6.574 -2.885
v 1.978 6.846 -3.529
v 1.961 6.858 -3.529
v 1.970 6.873 -3.519
v 1.988 6.861 -3.519
v 1.978 6.846 -3.529
v 2.153 7.206 -4.147
v 2.141 7.213 -4.146
v 2.147 7.223 -4.139
v 2.159 7.216 -4.139
v 2.153 7.206 -4.147
v 2.154 7.222 -4.155
v 1.620 5.998 -1.264
v 1.650 5.973 -1.268
v 1.648 5.978 -1.306
v 1.619 6.003 -1.302
v 1.620 5.998 -1.264
v 2.136 6.597 -1.209
v 2.164 6.573 -1.213
v 2.161 6.576 -1.249
v 2.134 6.600 -1.245
v 2.136 6.597 -1.209
v 2.643 7.205 -1.247
v 2.665 7.187 -1.250
v 2.661 7.188 -1.279
v 2.639 7.206 -1.276
v 2.643 7.205 -1.247
v 3.141 7.819 -1.277
v 3.157 7.806 -1.280
v 3.154 7.806 -1.300
v 3.139 7.819 -1.298
v 3.141 7.819 -1.277
v 3.638 8.429 -1.367
v 3.648 8.421 -1.369
v 3.646 8.420 -1.381
v 3.637 8.428 -1.380
v 3.638 8.429 -1.367
v 3.651 8.435 -1.376
v 2.099 6.473 -1.582
v 2.067 6.485 -1.585
v 2.065 6.485 -1.551
v 2.096 6.473 -1.549
v 2.099 6.473 -1.582
v 2.372 7.158 -1.565
v 2.342 7.168 -1.567
v 2.339 7.166 -1.535
v 2.370 7.156 -1.532
v 2.372 7.158 -1.565
v 2.532 7.873 -1.471
v 2.507 7.878 -1.473
v 2.505 7.875 -1.448
v 2.530 7.870 -1.446
v 2.532 7.873 -1.471
v 2.668 8.589 -1.375
v 2.650 8.594 -1.376
v 2.648 8.592 -1.357
v 2.666 8.587 -1.356
v 2.668 8.589 -1.375
v 2.890 9.285 -1.294
v 2.879 9.289 -1.295
v 2.877 9.288 -1.283
v 2.889 9.284 -1.283
v 2.890 9.285 -1.294
v 2.887 9.298 -1.288
v 1.624 6.005 -1.266
v 1.659 5.990 -1.273
v 1.645 5.972 -1.304
v 1.609 5.986 -1.297
v 1.624 6.005 -1.266
v 1.741 6.480 -1.606
v 1.775 6.467 -1.613
v 1.762 6.451 -1.644
v 1.728 6.464 -1.636
v 1.741 6.480 -1.606
v 1.868 6.988 -1.893
v 1.894 6.978 -1.899
v 1.884 6.966 -1.923
v 1.858 6.976 -1.917
v 1.868 6.988 -1.893
v 1.985 7.458 -2.247
v 2.003 7.450 -2.250
v 1.995 7.440 -2.266
v 1.977 7.448 -2.263
v 1.985 7.458 -2.247
v 2.152 7.902 -2.611
v 2.163 7.897 -2.612
v 2.159 7.890 -2.622
v 2.148 7.896 -2.621
v 2.152 7.902 -2.611
v 2.159 7.906 -2.625
v -0.176 5.443 -0.247
v -0.207 5.491 -0.328
v -0.299 5.491 -0.292
v -0.268 5.443 -0.212
v -0.176 5.443 -0.247
v -0.053 6.062 0.069
v -0.082 6.107 -0.008
v -0.170 6.105 0.025
v -0.141 6.060 0.101
v -0.053 6.062 0.069
v 0.030 6.685 0.402
v 0.003 6.721 0.331
v -0.076 6.712 0.356
v -0.050 6.675 0.427
v 0.030 6.685 0.402
v -0.017 7.328 0.700
v -0.040 7.354 0.635
v -0.110 7.341 0.655
v -0.086 7.316 0.720
v -0.017 7.328 0.700
v -0.059 7.990 0.937
v -0.079 8.009 0.880
v -0.139 8.002 0.899
v -0.119 7.982 0.956
v -0.059 7.990 0.937
v -0.041 8.656 1.160
v -0.058 8.672 1.112
v -0.109 8.668 1.129
v -0.092 8.652 1.177
v -0.041 8.656 1.160
v -0.044 9.330 1.372
v -0.058 9.340 1.332
v -0.100 9.336 1.345
v -0.086 9.326 1.386
v -0.044 9.330 1.372
v -0.078 10.025 1.488
v -0.089 10.031 1.457
v -0.120 10.028 1.467
v -0.110 10.022 1.498
v -0.078 10.025 1.488
v -0.107 10.714 1.632
v -0.114 10.718 1.611
v -0.136 10.716 1.618
v -0.129 10.712 1.640
v -0.107 10.714 1.632
v -0.122 10.739 1.630
v -0.058 9.327 1.361
v -0.071 9.329 1.344
v -0.086 9.339 1.356
v -0.073 9.337 1.374
v -0.058 9.327 1.361
v 0.143 9.741 1.257
v 0.130 9.744 1.239
v 0.114 9.755 1.252
v 0.128 9.752 1.270
v 0.143 9.741 1.257
v 0.378 10.143 1.187
v 0.368 10.147 1.172
v 0.356 10.156 1.183
v 0.366 10.152 1.198
v 0.378 10.143 1.187
v 0.617 10.546 1.126
v 0.610 10.549 1.114
v 0.600 10.556 1.122
v 0.607 10.552 1.134
v 0.617 10.546 1.126
v 0.873 10.942 1.110
v 0.868 10.944 1.102
v 0.862 10.949 1.108
v 0.867 10.946 1.115
v 0.873 10.942 1.110
v 0.873 10.954 1.108
v -0.058 9.331 1.365
v -0.067 9.327 1.346
v -0.086 9.335 1.353
v -0.077 9.339 1.372
v -0.058 9.331 1.365
v 0.088 9.858 1.177
v 0.078 9.853 1.156
v 0.058 9.862 1.163
v 0.068 9.867 1.184
v 0.088 9.858 1.177
v 0.249 10.370 0.958
v 0.241 10.365 0.942
v 0.225 10.372 0.948
v 0.233 10.376 0.964
v 0.249 10.370 0.958
v 0.360 10.906 0.772
v 0.354 10.903 0.760
v 0.341 10.908 0.764
v 0.347 10.911 0.777
v 0.360 10.906 0.772
v 0.480 11.435 0.571
v 0.476 11.433 0.562
v 0.467 11.436 0.566
v 0.471 11.438 0.574
v 0.480 11.435 0.571
v 0.476 11.445 0.565
v -0.073 9.327 1.373
v -0.060 9.342 1.364
v -0.071 9.340 1.345
v -0.084 9.324 1.354
v -0.073 9.327 1.373
v -0.445 9.731 1.538
v -0.432 9.747 1.528
v -0.443 9.744 1.508
v -0.456 9.728 1.517
v -0.445 9.731 1.538
v -0.836 10.132 1.659
v -0.826 10.146 1.652
v -0.834 10.143 1.636
v -0.844 10.129 1.643
v -0.836 10.132 1.659
v -1.266 10.484 1.802
v -1.259 10.495 1.796
v -1.265 10.492 1.784
v -1.272 10.482 1.789
v -1.266 10.484 1.802
v -1.691 10.847 1.932
v -1.686 10.854 1.928
v -1.690 10.852 1.919
v -1.695 10.845 1.923
v -1.691 10.847 1.932
v -1.698 10.856 1.928
v -0.041 7.343 0.688
v -0.057 7.347 0.655
v -0.086 7.327 0.667
v -0.069 7.323 0.700
v -0.041 7.343 0.688
v -0.323 7.863 0.893
v -0.339 7.866 0.861
v -0.366 7.848 0.873
v -0.350 7.844 0.904
v -0.323 7.863 0.893
v -0.606 8.392 1.076
v -0.618 8.394 1.051
v -0.639 8.379 1.060
v -0.627 8.377 1.085
v -0.606 8.392 1.076
v -0.928 8.897 1.265
v -0.936 8.897 1.247
v -0.951 8.886 1.253
v -0.943 8.885 1.271
v -0.928 8.897 1.265
v -1.268 9.408 1.389
v -1.273 9.408 1.378
v -1.282 9.401 1.382
v -1.278 9.401 1.393
v -1.268 9.408 1.389
v -1.282 9.415 1.388
v -0.066 7.344 0.653
v -0.087 7.343 0.683
v -0.060 7.325 0.701
v -0.039 7.327 0.671
v -0.066 7.344 0.653
v 0.143 7.846 0.827
v 0.123 7.845 0.855
v 0.149 7.829 0.873
v 0.169 7.830 0.844
v 0.143 7.846 0.827
v 0.335 8.357 0.991
v 0.320 8.357 1.014
v 0.341 8.345 1.027
v 0.356 8.345 1.004
v 0.335 8.357 0.991
v 0.556 8.866 1.124
v 0.545 8.867 1.140
v 0.560 8.858 1.151
v 0.571 8.858 1.134
v 0.556 8.866 1.124
v 0.737 9.395 1.240
v 0.730 9.395 1.250
v 0.740 9.390 1.257
v 0.747 9.390 1.246
v 0.737 9.395 1.240
v 0.743 9.405 1.251
v -0.086 7.980 0.927
v -0.081 8.004 0.907
v -0.112 8.012 0.908
v -0.117 7.988 0.929
v -0.086 7.980 0.927
v 0.027 8.355 1.392
v 0.032 8.379 1.374
v 0.002 8.386 1.374
v -0.004 8.361 1.392
v 0.027 8.355 1.392
v 0.067 8.671 1.909
v 0.072 8.692 1.897
v 0.048 8.696 1.896
v 0.043 8.675 1.908
v 0.067 8.671 1.909
v 0.090 8.951 2.448
v 0.093 8.966 2.439
v 0.076 8.970 2.439
v 0.073 8.955 2.448
v 0.090 8.951 2.448
v 0.201 9.243 2.969
v 0.203 9.253 2.963
v 0.192 9.256 2.964
v 0.190 9.246 2.970
v 0.201 9.243 2.969
v 0.199 9.255 2.977
v -0.040 7.347 0.679
v -0.069 7.349 0.656
v -0.086 7.323 0.676
v -0.057 7.321 0.698
v -0.040 7.347 0.679
v -0.263 7.749 1.011
v -0.291 7.752 0.990
v -0.307 7.727 1.009
v -0.279 7.725 1.030
v -0.263 7.749 1.011
v -0.479 8.144 1.357
v -0.501 8.147 1.342
v -0.514 8.127 1.356
v -0.491 8.124 1.371
v -0.479 8.144 1.357
v -0.680 8.514 1.737
v -0.696 8.516 1.726
v -0.706 8.503 1.737
v -0.689 8.501 1.748
v -0.680 8.514 1.737
v -0.885 8.947 2.042
v -0.895 8.948 2.034
v -0.901 8.940 2.042
v -0.891 8.939 2.049
v -0.885 8.947 2.042
v -0.898 8.954 2.049
v -0.094 10.024 1.488
v -0.090 10.033 1.474
v -0.105 10.030 1.468
v -0.109 10.020 1.481
v -0.094 10.024 1.488
v -0.274 10.388 1.705
v -0.269 10.399 1.690
v -0.287 10.396 1.682
v -0.291 10.385 1.697
v -0.274 10.388 1.705
v -0.444 10.754 1.928
v -0.441 10.763 1.916
v -0.455 10.760 1.910
v -0.458 10.751 1.922
v -0.444 10.754 1.928
v -0.618 11.135 2.122
v -0.615 11.141 2.112
v -0.626 11.139 2.107
v -0.629 11.133 2.117
v -0.618 11.135 2.122
v -0.784 11.539 2.273
v -0.781 11.542 2.266
v -0.789 11.541 2.263
v -0.792 11.537 2.270
v -0.784 11.539 2.273
v -0.790 11.548 2.271
v -0.230 4.785 -0.303
v -0.299 4.728 -0.247
v -0.238 4.739 -0.161
v -0.170 4.797 -0.217
v -0.230 4.785 -0.303
v -0.600 5.397 -0.117
v -0.664 5.342 -0.065
v -0.608 5.353 0.016
v -0.544 5.409 -0.036
v -0.600 5.397 -0.117
v -0.992 5.996 0.067
v -1.048 5.949 0.113
v -0.997 5.957 0.182
v -0.941 6.004 0.136
v -0.992 5.996 0.067
v -1.317 6.620 0.282
v -1.368 6.585 0.323
v -1.324 6.591 0.383
v -1.273 6.626 0.342
v -1.317 6.620 0.282
v -1.617 7.279 0.414
v -1.661 7.252 0.449
v -1.625 7.258 0.499
v -1.581 7.285 0.464
v -1.617 7.279 0.414
v -1.901 7.942 0.566
v -1.937 7.923 0.594
v -1.908 7.927 0.634
v -1.872 7.947 0.606
v -1.901 7.942 0.566
v -2.168 8.619 0.678
v -2.195 8.606 0.700
v -2.174 8.612 0.730
v -2.147 8.625 0.709
v -2.168 8.619 0.678
v -2.462 9.294 0.720
v -2.480 9.286 0.734
v -2.467 9.290 0.754
v -2.448 9.299 0.740
v -2.462 9.294 0.720
v -2.475 9.316 0.738
v -1.604 7.277 0.468
v -1.620 7.285 0.442
v -1.638 7.260 0.446
v -1.622 7.252 0.471
v -1.604 7.277 0.468
v -1.984 7.606 0.795
v -1.999 7.613 0.770
v -2.017 7.589 0.774
v -2.001 7.581 0.799
v -1.984 7.606 0.795
v -2.380 7.904 1.131
v -2.393 7.911 1.111
v -2.407 7.891 1.114
v -2.394 7.885 1.133
v -2.380 7.904 1.131
v -2.738 8.231 1.482
v -2.748 8.236 1.468
v -2.758 8.222 1.471
v -2.749 8.217 1.484
v -2.738 8.231 1.482
v -3.073 8.561 1.853
v -3.080 8.564 1.845
v -3.086 8.555 1.846
v -3.080 8.552 1.855
v -3.073 8.561 1.853
v -3.086 8.565 1.857
v -1.635 7.253 0.451
v -1.624 7.263 0.478
v -1.607 7.284 0.463
v -1.618 7.274 0.436
v -1.635 7.253 0.451
v -2.118 7.659 0.473
v -2.107 7.670 0.500
v -2.091 7.691 0.485
v -2.101 7.680 0.459
v -2.118 7.659 0.473
v -2.599 8.064 0.528
v -2.591 8.072 0.549
v -2.579 8.089 0.537
v -2.587 8.081 0.516
v -2.599 8.064 0.528
v -3.113 8.427 0.571
v -3.108 8.433 0.587
v -3.099 8.446 0.578
v -3.105 8.440 0.563
v -3.113 8.427 0.571
v -3.623 8.800 0.592
v -3.620 8.804 0.602
v -3.614 8.812 0.597
v -3.617 8.808 0.587
v -3.623 8.800 0.592
v -3.628 8.813 0.595
v -1.640 7.259 0.463
v -1.619 7.278 0.477
v -1.602 7.278 0.450
v -1.623 7.259 0.437
v -1.640 7.259 0.463
v -1.970 7.775 0.258
v -1.950 7.795 0.270
v -1.934 7.795 0.245
v -1.953 7.776 0.232
v -1.970 7.775 0.258
v -2.324 8.259 0.015
v -2.309 8.275 0.025
v -2.296 8.275 0.005
v -2.310 8.259 -0.005
v -2.324 8.259 0.015
v -2.693 8.725 -0.239
v -2.683 8.738 -0.232
v -2.673 8.737 -0.246
v -2.683 8.725 -0.253
v -2.693 8.725 -0.239
v -3.052 9.155 -0.564
v -3.045 9.163 -0.560
v -3.038 9.162 -0.569
v -3.045 9.154 -0.573
v -3.052 9.155 -0.564
v -3.052 9.167 -0.572
v -2.169 8.620 0.716
v -2.160 8.621 0.700
v -2.174 8.611 0.692
v -2.183 8.610 0.709
v -2.169 8.620 0.716
v -2.386 8.999 0.609
v -2.376 9.000 0.591
v -2.391 8.988 0.582
v -2.401 8.987 0.600
v -2.386 8.999 0.609
v -2.622 9.369 0.514
v -2.614 9.370 0.499
v -2.626 9.361 0.492
v -2.634 9.359 0.507
v -2.622 9.369 0.514
v -2.873 9.729 0.417
v -2.867 9.730 0.406
v -2.876 9.722 0.401
v -2.882 9.721 0.412
v -2.873 9.729 0.417
v -3.118 10.085 0.294
v -3.114 10.086 0.286
v -3.120 10.080 0.283
v -3.124 10.080 0.291
v -3.118 10.085 0.294
v -3.124 10.090 0.286
v -1.307 6.617 0.313
v -1.332 6.590 0.316
v -1.333 6.594 0.353
v -1.308 6.621 0.350
v -1.307 6.617 0.313
v -1.771 7.041 0.251
v -1.795 7.015 0.254
v -1.796 7.020 0.289
v -1.773 7.046 0.286
v -1.771 7.041 0.251
v -2.259 7.437 0.178
v -2.277 7.416 0.180
v -2.278 7.420 0.207
v -2.260 7.440 0.205
v -2.259 7.437 0.178
v -2.736 7.847 0.117
v -2.749 7.833 0.119
v -2.749 7.835 0.139
v -2.736 7.849 0.137
v -2.736 7.847 0.117
v -3.193 8.283 0.103
v -3.201 8.275 0.104
v -3.201 8.275 0.116
v -3.192 8.284 0.115
v -3.193 8.283 0.103
v -3.206 8.288 0.109
v -1.317 6.624 0.314
v -1.343 6.598 0.322
v -1.323 6.588 0.352
v -1.297 6.613 0.343
v -1.317 6.624 0.314
v -1.624 7.057 0.677
v -1.649 7.034 0.685
v -1.632 7.025 0.714
v -1.607 7.049 0.706
v -1.624 7.057 0.677
v -1.956 7.519 0.977
v -1.975 7.501 0.983
v -1.964 7.497 1.008
v -1.944 7.515 1.002
v -1.956 7.519 0.977
v -2.344 7.990 1.179
v -2.359 7.978 1.183
v -2.352 7.977 1.202
v -2.337 7.989 1.197
v -2.344 7.990 1.179
v -2.708 8.502 1.323
v -2.718 8.494 1.326
v -2.714 8.494 1.338
v -2.704 8.501 1.335
v -2.708 8.502 1.323
v -2.718 8.508 1.334
v -1.901 7.939 0.583
v -1.922 7.938 0.598
v -1.908 7.931 0.617
v -1.888 7.931 0.603
v -1.901 7.939 0.583
v -1.832 8.353 0.687
v -1.853 8.352 0.702
v -1.839 8.344 0.722
v -1.818 8.345 0.707
v -1.832 8.353 0.687
v -1.753 8.760 0.812
v -1.770 8.759 0.823
v -1.759 8.751 0.838
v -1.742 8.752 0.827
v -1.753 8.760 0.812
v -1.672 9.137 1.010
v -1.684 9.135 1.019
v -1.676 9.128 1.030
v -1.664 9.130 1.021
v -1.672 9.137 1.010
v -1.577 9.522 1.180
v -1.585 9.522 1.186
v -1.580 9.517 1.193
v -1.572 9.518 1.187
v -1.577 9.522 1.180
v -1.576 9.529 1.191
v 0.034 7.568 -0.455
v 0.002 7.575 -0.524
v -0.064 7.550 -0.496
v -0.033 7.544 -0.427
v 0.034 7.568 -0.455
v -0.161 8.258 -0.297
v -0.191 8.266 -0.364
v -0.256 8.244 -0.337
v -0.226 8.236 -0.270
v -0.161 8.258 -0.297
v -0.302 8.959 -0.144
v -0.331 8.970 -0.203
v -0.389 8.953 -0.178
v -0.361 8.943 -0.119
v -0.302 8.959 -0.144
v -0.405 9.653 0.067
v -0.430 9.668 0.017
v -0.482 9.653 0.039
v -0.456 9.639 0.089
v -0.405 9.653 0.067
v -0.486 10.331 0.337
v -0.508 10.347 0.294
v -0.553 10.333 0.313
v -0.530 10.318 0.356
v -0.486 10.331 0.337
v -0.585 10.995 0.635
v -0.605 11.009 0.600
v -0.642 10.998 0.616
v -0.623 10.984 0.651
v -0.585 10.995 0.635
v -0.626 11.658 0.948
v -0.642 11.672 0.920
v -0.673 11.662 0.933
v -0.657 11.648 0.960
v -0.626 11.658 0.948
v -0.704 12.260 1.361
v -0.717 12.273 1.341
v -0.741 12.265 1.350
v -0.728 12.252 1.370
v -0.704 12.260 1.361
v -0.736 12.860 1.784
v -0.745 12.870 1.770
v -0.762 12.864 1.777
v -0.753 12.854 1.791
v -0.736 12.860 1.784
v -0.750 12.879 1.793
v -0.428 9.665 0.047
v -0.455 9.661 0.039
v -0.459 9.641 0.059
v -0.431 9.645 0.067
v -0.428 9.665 0.047
v -0.659 10.215 0.565
v -0.686 10.211 0.556
v -0.689 10.191 0.577
v -0.662 10.195 0.585
v -0.659 10.215 0.565
v -0.930 10.791 1.033
v -0.951 10.787 1.026
v -0.953 10.771 1.042
v -0.932 10.774 1.049
v -0.930 10.791 1.033
v -1.182 11.291 1.591
v -1.198 11.288 1.586
v -1.199 11.275 1.596
v -1.184 11.278 1.602
v -1.182 11.291 1.591
v -1.481 11.778 2.137
v -1.491 11.776 2.133
v -1.492 11.767 2.140
v -1.482 11.769 2.144
v -1.481 11.778 2.137
v -1.491 11.780 2.146
v -0.622 10.994 0.637
v -0.602 11.000 0.634
v -0.605 11.000 0.613
v -0.625 10.993 0.616
v -0.622 10.994 0.637
v -0.816 11.633 0.654
v -0.795 11.640 0.651
v -0.798 11.640 0.629
v -0.819 11.633 0.632
v -0.816 11.633 0.654
v -1.038 12.257 0.736
v -1.021 12.264 0.734
v -1.024 12.264 0.716
v -1.041 12.258 0.718
v -1.038 12.257 0.736
v -1.261 12.887 0.768
v -1.248 12.892 0.766
v -1.250 12.892 0.753
v -1.263 12.887 0.754
v -1.261 12.887 0.768
v -1.511 13.505 0.813
v -1.502 13.509 0.811
v -1.503 13.509 0.802
v -1.512 13.506 0.803
v -1.511 13.505 0.813
v -1.511 13.517 0.808
v -0.450 9.648 0.034
v -0.462 9.650 0.060
v -0.437 9.658 0.072
v -0.424 9.656 0.046
v -0.450 9.648 0.034
v -0.605 10.330 -0.084
v -0.617 10.332 -0.058
v -0.592 10.339 -0.047
v -0.580 10.337 -0.073
v -0.605 10.330 -0.084
v -0.730 11.018 -0.202
v -0.739 11.020 -0.181
v -0.719 11.025 -0.172
v -0.709 11.023 -0.192
v -0.730 11.018 -0.202
v -0.843 11.707 -0.322
v -0.851 11.709 -0.306
v -0.835 11.712 -0.300
v -0.828 11.710 -0.315
v -0.843 11.707 -0.322
v -0.889 12.407 -0.428
v -0.894 12.408 -0.419
v -0.884 12.409 -0.414
v -0.880 12.408 -0.424
v -0.889 12.407 -0.428
v -0.888 12.419 -0.423
v -0.332 8.955 -0.180
v -0.362 8.967 -0.174
v -0.360 8.957 -0.142
v -0.329 8.946 -0.148
v -0.332 8.955 -0.180
v -0.082 9.560 -0.023
v -0.111 9.572 -0.017
v -0.109 9.563 0.013
v -0.080 9.551 0.007
v -0.082 9.560 -0.023
v 0.217 10.142 0.136
v 0.195 10.153 0.141
v 0.196 10.145 0.165
v 0.218 10.134 0.160
v 0.217 10.142 0.136
v 0.536 10.710 0.308
v 0.519 10.718 0.311
v 0.520 10.712 0.329
v 0.537 10.705 0.325
v 0.536 10.710 0.308
v 0.817 11.296 0.488
v 0.807 11.300 0.490
v 0.807 11.296 0.501
v 0.818 11.292 0.499
v 0.817 11.296 0.488
v 0.817 11.307 0.498
v -0.461 9.642 0.052
v -0.442 9.649 0.073
v -0.426 9.664 0.054
v -0.445 9.657 0.033
v -0.461 9.642 0.052
v -0.782 10.157 0.172
v -0.762 10.164 0.193
v -0.747 10.179 0.174
v -0.766 10.172 0.153
v -0.782 10.157 0.172
v -1.094 10.671 0.322
v -1.078 10.674 0.338
v -1.066 10.686 0.323
v -1.082 10.683 0.307
v -1.094 10.671 0.322
v -1.361 11.192 0.522
v -1.349 11.194 0.534
v -1.340 11.203 0.522
v -1.352 11.201 0.511
v -1.361 11.192 0.522
v -1.599 11.710 0.765
v -1.591 11.710 0.772
v -1.585 11.716 0.765
v -1.593 11.716 0.758
v -1.599 11.710 0.765
v -1.597 11.723 0.769
v -0.325 8.948 -0.154
v -0.341 8.952 -0.183
v -0.367 8.965 -0.168
v -0.351 8.961 -0.139
v -0.325 8.948 -0.154
v -0.019 9.667 -0.236
v -0.035 9.669 -0.263
v -0.059 9.683 -0.248
v -0.043 9.682 -0.221
v -0.019 9.667 -0.236
v 0.316 10.352 -0.433
v 0.303 10.351 -0.454
v 0.283 10.362 -0.442
v 0.297 10.363 -0.421
v 0.316 10.352 -0.433
v 0.543 11.077 -0.643
v 0.533 11.075 -0.658
v 0.518 11.081 -0.649
v 0.529 11.083 -0.634
v 0.543 11.077 -0.643
v 0.665 11.825 -0.853
v 0.658 11.824 -0.862
v 0.649 11.827 -0.856
v 0.655 11.829 -0.847
v 0.665 11.825 -0.853
v 0.659 11.838 -0.858
v -0.642 11.669 0.936
v -0.659 11.664 0.933
v -0.657 11.651 0.944
v -0.641 11.656 0.948
v -0.642 11.669 0.936
v -0.861 12.057 1.379
v -0.879 12.050 1.373
v -0.877 12.036 1.386
v -0.860 12.042 1.391
v -0.861 12.057 1.379
v -1.159 12.365 1.837
v -1.173 12.359 1.832
v -1.171 12.347 1.843
v -1.157 12.353 1.847
v -1.159 12.365 1.837
v -1.438 12.733 2.260
v -1.448 12.728 2.256
v -1.447 12.719 2.264
v -1.437 12.724 2.268
v -1.438 12.733 2.260
v -1.785 13.057 2.669
v -1.792 13.053 2.666
v -1.792 13.046 2.672
v -1.784 13.050 2.675
v -1.785 13.057 2.669
v -1.794 13.056 2.677
v -0.457 9.658 0.039
v -0.457 9.656 0.068
v -0.429 9.648 0.067
v -0.429 9.650 0.038
v -0.457 9.658 0.039
v -0.266 10.315 0.082
v -0.266 10.313 0.111
v -0.238 10.307 0.110
v -0.238 10.309 0.082
v -0.266 10.315 0.082
v -0.169 10.993 0.120
v -0.169 10.991 0.142
v -0.146 10.987 0.142
v -0.146 10.989 0.119
v -0.169 10.993 0.120
v -0.023 11.662 0.173
v -0.023 11.661 0.190
v -0.006 11.658 0.189
v -0.007 11.658 0.172
v -0.023 11.662 0.173
v 0.122 12.332 0.163
v 0.122 12.332 0.174
v 0.133 12.330 0.174
v 0.133 12.330 0.163
v 0.122 12.332 0.163
v 0.130 12.342 0.168
v 0.005 8.267 -0.621
v 0.017 8.267 -0.554
v 0.078 8.240 -0.565
v 0.066 8.239 -0.632
v 0.005 8.267 -0.621
v 0.324 8.999 -0.685
v 0.335 8.999 -0.621
v 0.392 8.971 -0.631
v 0.381 8.971 -0.695
v 0.324 8.999 -0.685
v 0.704 9.701 -0.738
v 0.713 9.701 -0.684
v 0.762 9.677 -0.692
v 0.753 9.677 -0.747
v 0.704 9.701 -0.738
v 1.016 10.433 -0.790
v 1.026 10.436 -0.745
v 1.066 10.417 -0.753
v 1.057 10.413 -0.797
v 1.016 10.433 -0.790
v 1.368 11.125 -0.976
v 1.378 11.132 -0.941
v 1.409 11.115 -0.946
v 1.400 11.108 -0.981
v 1.368 11.125 -0.976
v 1.699 11.803 -1.235
v 1.707 11.810 -1.209
v 1.732 11.798 -1.214
v 1.724 11.792 -1.239
v 1.699 11.803 -1.235
v 1.951 12.513 -1.503
v 1.957 12.517 -1.486
v 1.973 12.510 -1.489
v 1.968 12.506 -1.506
v 1.951 12.513 -1.503
v 1.968 12.528 -1.503
v 1.399 11.116 -0.967
v 1.382 11.117 -0.972
v 1.378 11.123 -0.955
v 1.396 11.122 -0.950
v 1.399 11.116 -0.967
v 1.452 11.503 -1.090
v 1.432 11.504 -1.095
v 1.428 11.511 -1.076
v 1.448 11.509 -1.071
v 1.452 11.503 -1.090
v 1.511 11.890 -1.209
v 1.495 11.891 -1.212
v 1.492 11.896 -1.197
v 1.508 11.895 -1.194
v 1.511 11.890 -1.209
v 1.513 12.281 -1.333
v 1.500 12.280 -1.335
v 1.498 12.284 -1.324
v 1.510 12.285 -1.321
v 1.513 12.281 -1.333
v 1.525 12.668 -1.463
v 1.517 12.668 -1.465
v 1.515 12.670 -1.457
v 1.524 12.671 -1.455
v 1.525 12.668 -1.463
v 1.521 12.678 -1.463
v 1.717 11.805 -1.216
v 1.725 11.801 -1.226
v 1.714 11.796 -1.233
v 1.706 11.800 -1.222
v 1.717 11.805 -1.216
v 1.658 12.280 -1.448
v 1.667 12.275 -1.460
v 1.654 12.270 -1.468
v 1.644 12.274 -1.456
v 1.658 12.280 -1.448
v 1.629 12.764 -1.663
v 1.637 12.761 -1.673
v 1.626 12.757 -1.680
v 1.618 12.761 -1.670
v 1.629 12.764 -1.663
v 1.598 13.253 -1.870
v 1.604 13.250 -1.878
v 1.595 13.247 -1.884
v 1.589 13.250 -1.876
v 1.598 13.253 -1.870
v 1.615 13.751 -2.053
v 1.619 13.749 -2.059
v 1.613 13.748 -2.064
v 1.608 13.750 -2.058
v 1.615 13.751 -2.053
v 1.614 13.758 -2.061
v 1.714 11.800 -1.234
v 1.711 11.809 -1.224
v 1.717 11.802 -1.215
v 1.720 11.792 -1.224
v 1.714 11.800 -1.234
v 2.138 12.020 -1.339
v 2.135 12.032 -1.327
v 2.142 12.023 -1.316
v 2.146 12.011 -1.327
v 2.138 12.020 -1.339
v 2.564 12.235 -1.449
v 2.561 12.245 -1.440
v 2.568 12.237 -1.430
v 2.570 12.227 -1.440
v 2.564 12.235 -1.449
v 2.993 12.452 -1.543
v 2.991 12.460 -1.535
v 2.996 12.454 -1.528
v 2.998 12.446 -1.535
v 2.993 12.452 -1.543
v 3.421 12.659 -1.660
v 3.419 12.665 -1.655
v 3.423 12.660 -1.649
v 3.424 12.655 -1.655
v 3.421 12.659 -1.660
v 3.429 12.663 -1.657
v 0.744 9.675 -0.723
v 0.720 9.687 -0.730
v 0.722 9.703 -0.707
v 0.746 9.691 -0.700
v 0.744 9.675 -0.723
v 0.978 10.007 -0.978
v 0.953 10.018 -0.984
v 0.955 10.034 -0.962
v 0.980 10.023 -0.955
v 0.978 10.007 -0.978
v 1.187 10.344 -1.247
v 1.167 10.353 -1.251
v 1.168 10.365 -1.233
v 1.188 10.357 -1.229
v 1.187 10.344 -1.247
v 1.385 10.703 -1.493
v 1.371 10.709 -1.497
v 1.372 10.719 -1.484
v 1.386 10.713 -1.480
v 1.385 10.703 -1.493
v 1.600 11.019 -1.781
v 1.590 11.023 -1.783
v 1.591 11.030 -1.775
v 1.601 11.026 -1.772
v 1.600 11.019 -1.781
v 1.601 11.032 -1.785
v 1.397 11.110 -0.961
v 1.387 11.118 -0.974
v 1.380 11.129 -0.961
v 1.390 11.122 -0.948
v 1.397 11.110 -0.961
v 1.706 11.389 -1.042
v 1.694 11.398 -1.056
v 1.687 11.411 -1.042
v 1.698 11.402 -1.028
v 1.706 11.389 -1.042
v 2.011 11.664 -1.147
v 2.001 11.670 -1.159
v 1.995 11.681 -1.148
v 2.005 11.675 -1.136
v 2.011 11.664 -1.147
v 2.300 11.952 -1.262
v 2.292 11.957 -1.271
v 2.288 11.966 -1.262
v 2.296 11.961 -1.254
v 2.300 11.952 -1.262
v 2.601 12.219 -1.397
v 2.595 12.223 -1.403
v 2.592 12.229 -1.397
v 2.598 12.226 -1.391
v 2.601 12.219 -1.397
v 2.603 12.230 -1.400
v 1.720 11.796 -1.232
v 1.711 11.807 -1.230
v 1.711 11.805 -1.217
v 1.720 11.795 -1.218
v 1.720 11.796 -1.232
v 2.042 12.052 -1.208
v 2.032 12.064 -1.206
v 2.032 12.062 -1.190
v 2.042 12.050 -1.192
v 2.042 12.052 -1.208
v 2.364 12.306 -1.188
v 2.356 12.317 -1.186
v 2.357 12.316 -1.173
v 2.365 12.305 -1.174
v 2.364 12.306 -1.188
v 2.708 12.533 -1.190
v 2.702 12.542 -1.188
v 2.703 12.540 -1.178
v 2.709 12.531 -1.179
v 2.708 12.533 -1.190
v 3.053 12.757 -1.174
v 3.049 12.764 -1.173
v 3.049 12.763 -1.165
v 3.053 12.756 -1.166
v 3.053 12.757 -1.174
v 3.058 12.765 -1.169
v 1.041 10.431 -0.756
v 1.057 10.423 -0.771
v 1.041 10.418 -0.786
v 1.025 10.426 -0.772
v 1.041 10.431 -0.756
v 1.093 10.921 -0.967
v 1.110 10.913 -0.981
v 1.093 10.907 -0.997
v 1.076 10.915 -0.982
v 1.093 10.921 -0.967
v 1.135 11.399 -1.203
v 1.149 11.392 -1.215
v 1.135 11.388 -1.228
v 1.121 11.394 -1.216
v 1.135 11.399 -1.203
v 1.172 11.887 -1.417
v 1.182 11.883 -1.427
v 1.172 11.880 -1.437
v 1.162 11.884 -1.427
v 1.172 11.887 -1.417
v 1.185 12.406 -1.542
v 1.191 12.404 -1.549
v 1.185 12.403 -1.556
v 1.178 12.404 -1.549
v 1.185 12.406 -1.542
v 1.185 12.414 -1.552
v -0.084 6.171 -0.339
v -0.173 6.189 -0.340
v -0.180 6.158 -0.255
v -0.091 6.140 -0.254
v -0.084 6.171 -0.339
v 0.045 6.845 -0.084
v -0.041 6.862 -0.085
v -0.048 6.832 -0.003
v 0.038 6.815 -0.002
v 0.045 6.845 -0.084
v 0.170 7.519 0.179
v 0.093 7.531 0.177
v 0.086 7.504 0.250
v 0.163 7.492 0.252
v 0.170 7.519 0.179
v 0.230 8.198 0.443
v 0.162 8.208 0.442
v 0.157 8.187 0.506
v 0.224 8.176 0.508
v 0.230 8.198 0.443
v 0.356 8.880 0.658
v 0.298 8.892 0.657
v 0.294 8.880 0.715
v 0.352 8.869 0.716
v 0.356 8.880 0.658
v 0.482 9.595 0.749
v 0.432 9.602 0.747
v 0.430 9.595 0.796
v 0.479 9.589 0.798
v 0.482 9.595 0.749
v 0.530 10.319 0.857
v 0.490 10.322 0.855
v 0.488 10.317 0.896
v 0.528 10.313 0.897
v 0.530 10.319 0.857
v 0.586 11.039 0.975
v 0.554 11.043 0.974
v 0.553 11.038 1.005
v 0.584 11.034 1.006
v 0.586 11.039 0.975
v 0.689 11.754 1.088
v 0.668 11.757 1.087
v 0.666 11.754 1.109
v 0.688 11.751 1.110
v 0.689 11.754 1.088
v 0.681 11.777 1.102
v 0.209 8.198 0.458
v 0.176 8.203 0.462
v 0.177 8.186 0.492
v 0.210 8.181 0.488
v 0.209 8.198 0.458
v 0.335 8.764 0.787
v 0.303 8.770 0.792
v 0.304 8.754 0.820
v 0.336 8.748 0.816
v 0.335 8.764 0.787
v 0.512 9.342 1.069
v 0.487 9.347 1.073
v 0.488 9.335 1.096
v 0.513 9.330 1.092
v 0.512 9.342 1.069
v 0.655 9.914 1.383
v 0.636 9.917 1.386
v 0.637 9.909 1.403
v 0.656 9.905 1.400
v 0.655 9.914 1.383
v 0.803 10.511 1.641
v 0.791 10.513 1.643
v 0.792 10.508 1.653
v 0.803 10.506 1.652
v 0.803 10.511 1.641
v 0.800 10.521 1.652
v 0.454 9.592 0.790
v 0.472 9.601 0.775
v 0.458 9.599 0.755
v 0.439 9.590 0.770
v 0.454 9.592 0.790
v 0.210 10.251 0.900
v 0.229 10.262 0.886
v 0.213 10.260 0.865
v 0.195 10.249 0.880
v 0.210 10.251 0.900
v -0.090 10.879 1.054
v -0.076 10.888 1.042
v -0.088 10.886 1.026
v -0.102 10.877 1.037
v -0.090 10.879 1.054
v -0.380 11.516 1.190
v -0.369 11.522 1.181
v -0.378 11.520 1.169
v -0.389 11.515 1.177
v -0.380 11.516 1.190
v -0.600 12.186 1.292
v -0.592 12.190 1.286
v -0.599 12.189 1.278
v -0.606 12.185 1.284
v -0.600 12.186 1.292
v -0.603 12.198 1.287
v 0.470 9.600 0.781
v 0.466 9.588 0.760
v 0.441 9.591 0.764
v 0.446 9.602 0.785
v 0.470 9.600 0.781
v 0.477 10.159 0.477
v 0.472 10.147 0.456
v 0.447 10.149 0.460
v 0.452 10.161 0.482
v 0.477 10.159 0.477
v 0.470 10.712 0.164
v 0.466 10.703 0.147
v 0.446 10.704 0.150
v 0.450 10.714 0.168
v 0.470 10.712 0.164
v 0.467 11.274 -0.135
v 0.464 11.266 -0.148
v 0.449 11.267 -0.145
v 0.452 11.275 -0.133
v 0.467 11.274 -0.135
v 0.421 11.798 -0.494
v 0.420 11.792 -0.502
v 0.410 11.792 -0.500
v 0.412 11.798 -0.492
v 0.421 11.798 -0.494
v 0.415 11.804 -0.503
v 0.458 9.598 0.790
v 0.473 9.593 0.771
v 0.454 9.592 0.755
v 0.438 9.597 0.774
v 0.458 9.598 0.790
v 0.514 10.186 0.675
v 0.530 10.181 0.656
v 0.510 10.179 0.640
v 0.494 10.184 0.659
v 0.514 10.186 0.675
v 0.548 10.776 0.561
v 0.561 10.771 0.546
v 0.545 10.769 0.533
v 0.532 10.774 0.548
v 0.548 10.776 0.561
v 0.596 11.352 0.396
v 0.605 11.348 0.385
v 0.593 11.347 0.376
v 0.584 11.351 0.387
v 0.596 11.352 0.396
v 0.665 11.935 0.270
v 0.672 11.933 0.262
v 0.664 11.932 0.256
v 0.657 11.935 0.263
v 0.665 11.935 0.270
v 0.666 11.944 0.261
v 0.522 10.320 0.871
v 0.506 10.310 0.865
v 0.496 10.316 0.882
v 0.513 10.326 0.888
v 0.522 10.320 0.871
v 0.302 10.864 0.567
v 0.284 10.854 0.560
v 0.274 10.859 0.579
v 0.292 10.869 0.585
v 0.302 10.864 0.567
v 0.101 11.452 0.341
v 0.086 11.444 0.336
v 0.078 11.448 0.351
v 0.093 11.456 0.356
v 0.101 11.452 0.341
v -0.117 12.006 0.054
v -0.128 12.000 0.050
v -0.135 12.003 0.061
v -0.124 12.010 0.065
v -0.117 12.006 0.054
v -0.353 12.529 -0.275
v -0.361 12.524 -0.278
v -0.365 12.527 -0.270
v -0.358 12.532 -0.267
v -0.353 12.529 -0.275
v -0.363 12.536 -0.277
v 0.206 8.184 0.494
v 0.210 8.184 0.460
v 0.180 8.200 0.456
v 0.176 8.200 0.490
v 0.206 8.184 0.494
v 0.469 8.694 0.516
v 0.472 8.693 0.484
v 0.444 8.709 0.480
v 0.441 8.711 0.513
v 0.469 8.694 0.516
v 0.775 9.180 0.501
v 0.777 9.179 0.475
v 0.755 9.192 0.473
v 0.752 9.193 0.498
v 0.775 9.180 0.501
v 1.023 9.697 0.521
v 1.026 9.698 0.503
v 1.009 9.707 0.501
v 1.007 9.706 0.520
v 1.023 9.697 0.521
v 1.312 10.183 0.614
v 1.314 10.184 0.602
v 1.304 10.190 0.601
v 1.302 10.189 0.613
v 1.312 10.183 0.614
v 1.315 10.197 0.610
v 0.564 11.045 0.984
v 0.563 11.041 0.999
v 0.575 11.031 0.996
v 0.575 11.036 0.981
v 0.564 11.045 0.984
v 0.971 11.505 1.122
v 0.971 11.500 1.139
v 0.984 11.488 1.136
v 0.985 11.493 1.119
v 0.971 11.505 1.122
v 1.418 11.925 1.264
v 1.417 11.921 1.278
v 1.428 11.911 1.276
v 1.428 11.915 1.261
v 1.418 11.925 1.264
v 1.852 12.363 1.386
v 1.852 12.361 1.397
v 1.860 12.352 1.396
v 1.860 12.355 1.384
v 1.852 12.363 1.386
v 2.312 12.783 1.482
v 2.312 12.781 1.490
v 2.317 12.775 1.488
v 2.317 12.777 1.480
v 2.312 12.783 1.482
v 2.321 12.785 1.486
v 0.108 7.530 0.216
v 0.119 7.499 0.238
v 0.148 7.492 0.213
v 0.137 7.523 0.191
v 0.108 7.530 0.216
v 0.488 7.904 0.556
v 0.497 7.874 0.575
v 0.525 7.868 0.552
v 0.515 7.897 0.533
v 0.488 7.904 0.556
v 0.876 8.221 0.941
v 0.882 8.196 0.955
v 0.904 8.192 0.937
v 0.898 8.217 0.924
v 0.876 8.221 0.941
v 1.261 8.501 1.357
v 1.265 8.483 1.367
v 1.281 8.480 1.354
v 1.277 8.497 1.344
v 1.261 8.501 1.357
v 1.642 8.823 1.744
v 1.644 8.812 1.750
v 1.654 8.810 1.742
v 1.651 8.821 1.736
v 1.642 8.823 1.744
v 1.656 8.823 1.751
vt 0.0000 0.0000
vt 0.4000 0.0000
vt 0.8000 0.0000
vt 1.2000 0.0000
vt 1.6000 0.0000
vt 2.0000 0.0000
vt 0.0000 0.2118
vt 0.4000 0.2118
vt 0.8000 0.2118
vt 1.2000 0.2118
vt 1.6000 0.2118
vt 2.0000 0.2118
vt 0.0000 0.4235
vt 0.4000 0.4235
vt 0.8000 0.4235
vt 1.2000 0.4235
vt 1.6000 0.4235
vt 2.0000 0.4235
vt 0.0000 0.6353
vt 0.4000 0.6353
vt 0.8000 0.6353
vt 1.2000 0.6353
vt 1.6000 0.6353
vt 2.0000 0.6353
vt 0.0000 0.8471
vt 0.4000 0.8471
vt 0.8000 0.8471
vt 1.2000 0.8471
vt 1.6000 0.8471
vt 2.0000 0.8471
vt 0.0000 1.0588
vt 0.4000 1.0588
vt 0.8000 1.0588
vt 1.2000 1.0588
vt 1.6000 1.0588
vt 2.0000 1.0588
vt 0.0000 1.2706
vt 0.4000 1.2706
vt 0.8000 1.2706
vt 1.2000 1.2706
vt 1.6000 1.2706
vt 2.0000 1.2706
vt 0.0000 1.4824
vt 0.4000 1.4824
vt 0.8000 1.4824
vt 1.2000 1.4824
vt 1.6000 1.4824
vt 2.0000 1.4824
vt 0.0000 1.6941
vt 0.4000 1.6941
vt 0.8000 1.6941
vt 1.2000 1.6941
vt 1.6000 1.6941
vt 2.0000 1.6941
vt 0.0000 1.9059
vt 0.4000 1.9059
vt 0.8000 1.9059
vt 1.2000 1.9059
vt 1.6000 1.9059
vt 2.0000 1.9059
vt 0.0000 2.1176
vt 0.4000 2.1176
vt 0.8000 2.1176
vt 1.2000 2.1176
vt 1.6000 2.1176
vt 2.0000 2.1176
vt 0.0000 2.3294
vt 0.4000 2.3294
vt 0.8000 2.3294
vt 1.2000 2.3294
vt 1.6000 2.3294
vt 2.0000 2.3294
vt 0.0000 2.5412
vt 0.4000 2.5412
vt 0.8000 2.5412
vt 1.2000 2.5412
vt 1.6000 2.5412
vt 2.0000 2.5412
vt 0.0000 2.7529
vt 0.4000 2.7529
vt 0.8000 2.7529
vt 1.2000 2.7529
vt 1.6000 2.7529
vt 2.0000 2.7529
vt 0.0000 2.9647
vt 0.4000 2.9647
vt 0.8000 2.9647
vt 1.2000 2.9647
vt 1.6000 2.9647
vt 2.0000 2.9647
vt 0.0000 3.1765
vt 0.4000 3.1765
vt 0.8000 3.1765
vt 1.2000 3.1765
vt 1.6000 3.1765
vt 2.0000 3.1765
vt 0.0000 3.3882
vt 0.4000 3.3882
vt 0.8000 3.3882
vt 1.2000 3.3882
vt 1.6000 3.3882
vt 2.0000 3.3882
vt 0.0000 3.6000
vt 0.4000 3.6000
vt 0.8000 3.6000
vt 1.2000 3.6000
vt 1.6000 3.6000
vt 2.0000 3.6000
vt 0.5000 3.6131
vt 0.0000 0.0000
vt 0.2500 0.0000
vt 0.5000 0.0000
vt 0.7500 0.0000
vt 1.0000 0.0000
vt 0.0000 0.2269
vt 0.2500 0.2269
vt 0.5000 0.2269
vt 0.7500 0.2269
vt 1.0000 0.2269
vt 0.0000 0.4538
vt 0.2500 0.4538
vt 0.5000 0.4538
vt 0.7500 0.4538
vt 1.0000 0.4538
vt 0.0000 0.6807
vt 0.2500 0.6807
vt 0.5000 0.6807
vt 0.7500 0.6807
vt 1.0000 0.6807
vt 0.0000 0.9076
vt 0.2500 0.9076
vt 0.5000 0.9076
vt 0.7500 0.9076
vt 1.0000 0.9076
vt 0.0000 1.1345
vt 0.2500 1.1345
vt 0.5000 1.1345
vt 0.7500 1.1345
vt 1.0000 1.1345
vt 0.0000 1.3614
vt 0.2500 1.3614
vt 0.5000 1.3614
vt 0.7500 1.3614
vt 1.0000 1.3614
vt 0.5000 1.3658
vt 0.0000 0.0000
vt 0.2500 0.0000
vt 0.5000 0.0000
vt 0.7500 0.0000
vt 1.0000 0.0000
vt 0.0000 0.1181
vt 0.2500 0.1181
vt 0.5000 0.1181
vt 0.7500 0.1181
vt 1.0000 0.1181
vt 0.0000 0.2363
vt 0.2500 0.2363
vt 0.5000 0.2363
vt 0.7500 0.2363
vt 1.0000 0.2363
vt 0.0000 0.3544
vt 0.2500 0.3544
vt 0.5000 0.3544
vt 0.7500 0.3544
vt 1.0000 0.3544
vt 0.0000 0.4726
vt 0.2500 0.4726
vt 0.5000 0.4726
vt 0.7500 0.4726
vt 1.0000 0.4726
vt 0.5000 0.4744
vt 0.0000 0.0000
vt 0.2500 0.0000
vt 0.5000 0.0000
vt 0.7500 0.0000
vt 1.0000 0.0000
vt 0.0000 0.1476
vt 0.2500 0.1476
vt 0.5000 0.1476
vt 0.7500 0.1476
vt 1.0000 0.1476
vt 0.0000 0.2951
vt 0.2500 0.2951
vt 0.5000 0.2951
vt 0.7500 0.2951
vt 1.0000 0.2951
vt 0.0000 0.4427
vt 0.2500 0.4427
vt 0.5000 0.4427
vt 0.7500 0.4427
vt 1.0000 0.4427
vt 0.0000 0.5903
vt 0.2500 0.5903
vt 0.5000 0.5903
vt 0.7500 0.5903
vt 1.0000 0.5903
vt 0.5000 0.5921
vt 0.0000 0.0000
vt 0.2500 0.0000
vt 0.5000 0.0000
vt 0.7500 0.0000
vt 1.0000 0.0000
vt 0.0000 0.1565
vt 0.2500 0.1565
vt 0.5000 0.1565
vt 0.7500 0.1565
vt 1.0000 0.1565
vt 0.0000 0.3129
vt 0.2500 0.3129
vt 0.5000 0.3129
vt 0.7500 0.3129
vt 1.0000 0.3129
vt 0.0000 0.4694
vt 0.2500 0.4694
vt 0.5000 0.4694
vt 0.7500 0.4694
vt 1.0000 0.4694
vt 0.0000 0.6258
vt 0.2500 0.6258
vt 0.5000 0.6258
vt 0.7500 0.6258
vt 1.0000 0.6258
vt 0.5000 0.6283
vt 0.0000 0.0000
vt 0.2500 0.0000
vt 0.5000 0.0000
vt 0.7500 0.0000
vt 1.0000 0.0000
vt 0.0000 0.1537
vt 0.2500 0.1537
vt 0.5000 0.1537
vt 0.7500 0.1537
vt 1.0000 0.1537
vt 0.0000 0.3073
vt 0.2500 0.3073
vt 0.5000 0.3073
vt 0.7500 0.3073
vt 1.0000 0.3073
vt 0.0000 0.4610
vt 0.2500 0.4610
vt 0.5000 0.4610
vt 0.7500 0.4610
vt 1.0000 0.4610
vt 0.0000 0.6147
vt 0.2500 0.6147
vt 0.5000 0.6147
vt 0.7500 0.6147
vt 1.0000 0.6147
vt 0.5000 0.6169
vt 0.0000 0.0000
vt 0.2500 0.0000
vt 0.5000 0.0000
vt 0.7500 0.0000
vt 1.0000 0.0000
vt 0.0000 0.1166
vt 0.2500 0.1166
vt 0.5000 0.1166
vt 0.7500 0.1166
vt 1.0000 0.1166
vt 0.0000 0.2333
vt 0.2500 0.2333
vt 0.5000 0.2333
vt 0.7500 0.2333
vt 1.0000 0.2333
vt 0.0000 0.3499
vt 0.2500 0.3499
vt 0.5000 0.3499
vt 0.7500 0.3499
vt 1.0000 0.3499
vt 0.0000 0.4666
vt 0.2500 0.4666
vt 0.5000 0.4666
vt 0.7500 0.4666
vt 1.0000 0.4666
vt 0.5000 0.4688
vt 0.0000 0.0000
vt 0.2500 0.0000
vt 0.5000 0.0000
vt 0.7500 0.0000
vt 1.0000 0.0000
vt 0.0000 0.1193
vt 0.2500 0.1193
vt 0.5000 0.1193
vt 0.7500 0.1193
vt 1.0000 0.1193
vt 0.0000 0.2386
vt 0.2500 0.2386
vt 0.5000 0.2386
vt 0.7500 0.2386
vt 1.0000 0.2386
vt 0.0000 0.3579
vt 0.2500 0.3579
vt 0.5000 0.3579
vt 0.7500 0.3579
vt 1.0000 0.3579
vt 0.0000 0.4772
vt 0.2500 0.4772
vt 0.5000 0.4772
vt 0.7500 0.4772
vt 1.0000 0.4772
vt 0.5000 0.4790
vt 0.0000 0.0000
vt 0.2500 0.0000
vt 0.5000 0.0000
vt 0.7500 0.0000
vt 1.0000 0.0000
vt 0.0000 0.2330
vt 0.2500 0.2330
vt 0.5000 0.2330
vt 0.7500 0.2330
vt 1.0000 0.2330
vt 0.0000 0.4660
vt 0.2500 0.4660
vt 0.5000 0.4660
vt 0.7500 0.4660
vt 1.0000 0.4660
vt 0.0000 0.6990
vt 0.2500 0.6990
vt 0.5000 0.6990
vt 0.7500 0.6990
vt 1.0000 0.6990
vt 0.0000 0.9320
vt 0.2500 0.9320
vt 0.5000 0.9320
vt 0.7500 0.9320
vt 1.0000 0.9320
vt 0.0000 1.1650
vt 0.2500 1.1650
vt 0.5000 1.1650
vt 0.7500 1.1650
vt 1.0000 1.1650
vt 0.0000 1.3980
vt 0.2500 1.3980
vt 0.5000 1.3980
vt 0.7500 1.3980
vt 1.0000 1.3980
vt 0.0000 1.6311
vt 0.2500 1.6311
vt 0.5000 1.6311
vt 0.7500 1.6311
vt 1.0000 1.6311
vt 0.5000 1.6366
vt 0.0000 0.0000
vt 0.2500 0.0000
vt 0.5000 0.0000
vt 0.7500 0.0000
vt 1.0000 0.0000
vt 0.0000 0.1682
vt 0.2500 0.1682
vt 0.5000 0.1682
vt 0.7500 0.1682
vt 1.0000 0.1682
vt 0.0000 0.3365
vt 0.2500 0.3365
vt 0.5000 0.3365
vt 0.7500 0.3365
vt 1.0000 0.3365
vt 0.0000 0.5047
vt 0.2500 0.5047
vt 0.5000 0.5047
vt 0.7500 0.5047
vt 1.0000 0.5047
vt 0.0000 0.6729
vt 0.2500 0.6729
vt 0.5000 0.6729
vt 0.7500 0.6729
vt 1.0000 0.6729
vt 0.5000 0.6751
vt 0.0000 0.0000
vt 0.2500 0.0000
vt 0.5000 0.0000
vt 0.7500 0.0000
vt 1.0000 0.0000
vt 0.0000 0.1736
vt 0.2500 0.1736
vt 0.5000 0.1736
vt 0.7500 0.1736
vt 1.0000 0.1736
vt 0.0000 0.3472
vt 0.2500 0.3472
vt 0.5000 0.3472
vt 0.7500 0.3472
vt 1.0000 0.3472
vt 0.0000 0.5208
vt 0.2500 0.5208
vt 0.5000 0.5208
vt 0.7500 0.5208
vt 1.0000 0.5208
vt 0.0000 0.6944
vt 0.2500 0.6944
vt 0.5000 0.6944
vt 0.7500 0.6944
vt 1.0000 0.6944
vt 0.5000 0.6964
vt 0.0000 0.0000
vt 0.2500 0.0000
vt 0.5000 0.0000
vt 0.7500 0.0000
vt 1.0000 0.0000
vt 0.0000 0.1302
vt 0.2500 0.1302
vt 0.5000 0.1302
vt 0.7500 0.1302
vt 1.0000 0.1302
vt 0.0000 0.2603
vt 0.2500 0.2603
vt 0.5000 0.2603
vt 0.7500 0.2603
vt 1.0000 0.2603
vt 0.0000 0.3905
vt 0.2500 0.3905
vt 0.5000 0.3905
vt 0.7500 0.3905
vt 1.0000 0.3905
vt 0.0000 0.5207
vt 0.2500 0.5207
vt 0.5000 0.5207
vt 0.7500 0.5207
vt 1.0000 0.5207
vt 0.5000 0.5229
vt 0.0000 0.0000
vt 0.2500 0.0000
vt 0.5000 0.0000
vt 0.7500 0.0000
vt 1.0000 0.0000
vt 0.0000 0.1184
vt 0.2500 0.1184
vt 0.5000 0.1184
vt 0.7500 0.1184
vt 1.0000 0.1184
vt 0.0000 0.2367
vt 0.2500 0.2367
vt 0.5000 0.2367
vt 0.7500 0.2367
vt 1.0000 0.2367
vt 0.0000 0.3551
vt 0.2500 0.3551
vt 0.5000 0.3551
vt 0.7500 0.3551
vt 1.0000 0.3551
vt 0.0000 0.4735
vt 0.2500 0.4735
vt 0.5000 0.4735
vt 0.7500 0.4735
vt 1.0000 0.4735
vt 0.5000 0.4754
vt 0.0000 0.0000
vt 0.2500 0.0000
vt 0.5000 0.0000
vt 0.7500 0.0000
vt 1.0000 0.0000
vt 0.0000 0.2059
vt 0.2500 0.2059
vt 0.5000 0.2059
vt 0.7500 0.2059
vt 1.0000 0.2059
vt 0.0000 0.4119
vt 0.2500 0.4119
vt 0.5000 0.4119
vt 0.7500 0.4119
vt 1.0000 0.4119
vt 0.0000 0.6178
vt 0.2500 0.6178
vt 0.5000 0.6178
vt 0.7500 0.6178
vt 1.0000 0.6178
vt 0.0000 0.8237
vt 0.2500 0.8237
vt 0.5000 0.8237
vt 0.7500 0.8237
vt 1.0000 0.8237
vt 0.5000 0.8262
vt 0.0000 0.0000
vt 0.2500 0.0000
vt 0.5000 0.0000
vt 0.7500 0.0000
vt 1.0000 0.0000
vt 0.0000 0.1562
vt 0.2500 0.1562
vt 0.5000 0.1562
vt 0.7500 0.1562
vt 1.0000 0.1562
vt 0.0000 0.3123
vt 0.2500 0.3123
vt 0.5000 0.3123
vt 0.7500 0.3123
vt 1.0000 0.3123
vt 0.0000 0.4685
vt 0.2500 0.4685
vt 0.5000 0.4685
vt 0.7500 0.4685
vt 1.0000 0.4685
vt 0.0000 0.6246
vt 0.2500 0.6246
vt 0.5000 0.6246
vt 0.7500 0.6246
vt 1.0000 0.6246
vt 0.5000 0.6268
vt 0.0000 0.0000
vt 0.2500 0.0000
vt 0.5000 0.0000
vt 0.7500 0.0000
vt 1.0000 0.0000
vt 0.0000 0.1537
vt 0.2500 0.1537
vt 0.5000 0.1537
vt 0.7500 0.1537
vt 1.0000 0.1537
vt 0.0000 0.3074
vt 0.2500 0.3074
vt 0.5000 0.3074
vt 0.7500 0.3074
vt 1.0000 0.3074
vt 0.0000 0.4611
vt 0.2500 0.4611
vt 0.5000 0.4611
vt 0.7500 0.4611
vt 1.0000 0.4611
vt 0.0000 0.6148
vt 0.2500 0.6148
vt 0.5000 0.6148
vt 0.7500 0.6148
vt 1.0000 0.6148
vt 0.5000 0.6167
vt 0.0000 0.0000
vt 0.2500 0.0000
vt 0.5000 0.0000
vt 0.7500 0.0000
vt 1.0000 0.0000
vt 0.0000 0.1897
vt 0.2500 0.1897
vt 0.5000 0.1897
vt 0.7500 0.1897
vt 1.0000 0.1897
vt 0.0000 0.3795
vt 0.2500 0.3795
vt 0.5000 0.3795
vt 0.7500 0.3795
vt 1.0000 0.3795
vt 0.0000 0.5692
vt 0.2500 0.5692
vt 0.5000 0.5692
vt 0.7500 0.5692
vt 1.0000 0.5692
vt 0.0000 0.7590
vt 0.2500 0.7590
vt 0.5000 0.7590
vt 0.7500 0.7590
vt 1.0000 0.7590
vt 0.5000 0.7617
vt 0.0000 0.0000
vt 0.2500 0.0000
vt 0.5000 0.0000
vt 0.7500 0.0000
vt 1.0000 0.0000
vt 0.0000 0.2259
vt 0.2500 0.2259
vt 0.5000 0.2259
vt 0.7500 0.2259
vt 1.0000 0.2259
vt 0.0000 0.4517
vt 0.2500 0.4517
vt 0.5000 0.4517
vt 0.7500 0.4517
vt 1.0000 0.4517
vt 0.0000 0.6776
vt 0.2500 0.6776
vt 0.5000 0.6776
vt 0.7500 0.6776
vt 1.0000 0.6776
vt 0.0000 0.9035
vt 0.2500 0.9035
vt 0.5000 0.9035
vt 0.7500 0.9035
vt 1.0000 0.9035
vt 0.0000 1.1294
vt 0.2500 1.1294
vt 0.5000 1.1294
vt 0.7500 1.1294
vt 1.0000 1.1294
vt 0.0000 1.3552
vt 0.2500 1.3552
vt 0.5000 1.3552
vt 0.7500 1.3552
vt 1.0000 1.3552
vt 0.0000 1.5811
vt 0.2500 1.5811
vt 0.5000 1.5811
vt 0.7500 1.5811
vt 1.0000 1.5811
vt 0.5000 1.5867
vt 0.0000 0.0000
vt 0.2500 0.0000
vt 0.5000 0.0000
vt 0.7500 0.0000
vt 1.0000 0.0000
vt 0.0000 0.1249
vt 0.2500 0.1249
vt 0.5000 0.1249
vt 0.7500 0.1249
vt 1.0000 0.1249
vt 0.0000 0.2499
vt 0.2500 0.2499
vt 0.5000 0.2499
vt 0.7500 0.2499
vt 1.0000 0.2499
vt 0.0000 0.3748
vt 0.2500 0.3748
vt 0.5000 0.3748
vt 0.7500 0.3748
vt 1.0000 0.3748
vt 0.0000 0.4998
vt 0.2500 0.4998
vt 0.5000 0.4998
vt 0.7500 0.4998
vt 1.0000 0.4998
vt 0.5000 0.5020
vt 0.0000 0.0000
vt 0.2500 0.0000
vt 0.5000 0.0000
vt 0.7500 0.0000
vt 1.0000 0.0000
vt 0.0000 0.1232
vt 0.2500 0.1232
vt 0.5000 0.1232
vt 0.7500 0.1232
vt 1.0000 0.1232
vt 0.0000 0.2464
vt 0.2500 0.2464
vt 0.5000 0.2464
vt 0.7500 0.2464
vt 1.0000 0.2464
vt 0.0000 0.3695
vt 0.2500 0.3695
vt 0.5000 0.3695
vt 0.7500 0.3695
vt 1.0000 0.3695
vt 0.0000 0.4927
vt 0.2500 0.4927
vt 0.5000 0.4927
vt 0.7500 0.4927
vt 1.0000 0.4927
vt 0.5000 0.4949
vt 0.0000 0.0000
vt 0.2500 0.0000
vt 0.5000 0.0000
vt 0.7500 0.0000
vt 1.0000 0.0000
vt 0.0000 0.2210
vt 0.2500 0.2210
vt 0.5000 0.2210
vt 0.7500 0.2210
vt 1.0000 0.2210
vt 0.0000 0.4420
vt 0.2500 0.4420
vt 0.5000 0.4420
vt 0.7500 0.4420
vt 1.0000 0.4420
vt 0.0000 0.6630
vt 0.2500 0.6630
vt 0.5000 0.6630
vt 0.7500 0.6630
vt 1.0000 0.6630
vt 0.0000 0.8840
vt 0.2500 0.8840
vt 0.5000 0.8840
vt 0.7500 0.8840
vt 1.0000 0.8840
vt 0.5000 0.8867
vt 0.0000 0.0000
vt 0.2500 0.0000
vt 0.5000 0.0000
vt 0.7500 0.0000
vt 1.0000 0.0000
vt 0.0000 0.1097
vt 0.2500 0.1097
vt 0.5000 0.1097
vt 0.7500 0.1097
vt 1.0000 0.1097
vt 0.0000 0.2194
vt 0.2500 0.2194
vt 0.5000 0.2194
vt 0.7500 0.2194
vt 1.0000 0.2194
vt 0.0000 0.3291
vt 0.2500 0.3291
vt 0.5000 0.3291
vt 0.7500 0.3291
vt 1.0000 0.3291
vt 0.0000 0.4388
vt 0.2500 0.4388
vt 0.5000 0.4388
vt 0.7500 0.4388
vt 1.0000 0.4388
vt 0.5000 0.4408
vt 0.0000 0.0000
vt 0.2500 0.0000
vt 0.5000 0.0000
vt 0.7500 0.0000
vt 1.0000 0.0000
vt 0.0000 0.1210
vt 0.2500 0.1210
vt 0.5000 0.1210
vt 0.7500 0.1210
vt 1.0000 0.1210
vt 0.0000 0.2420
vt 0.2500 0.2420
vt 0.5000 0.2420
vt 0.7500 0.2420
vt 1.0000 0.2420
vt 0.0000 0.3630
vt 0.2500 0.3630
vt 0.5000 0.3630
vt 0.7500 0.3630
vt 1.0000 0.3630
vt 0.0000 0.4839
vt 0.2500 0.4839
vt 0.5000 0.4839
vt 0.7500 0.4839
vt 1.0000 0.4839
vt 0.5000 0.4859
vt 0.0000 0.0000
vt 0.2500 0.0000
vt 0.5000 0.0000
vt 0.7500 0.0000
vt 1.0000 0.0000
vt 0.0000 0.1851
vt 0.2500 0.1851
vt 0.5000 0.1851
vt 0.7500 0.1851
vt 1.0000 0.1851
vt 0.0000 0.3703
vt 0.2500 0.3703
vt 0.5000 0.3703
vt 0.7500 0.3703
vt 1.0000 0.3703
vt 0.0000 0.5554
vt 0.2500 0.5554
vt 0.5000 0.5554
vt 0.7500 0.5554
vt 1.0000 0.5554
vt 0.0000 0.7406
vt 0.2500 0.7406
vt 0.5000 0.7406
vt 0.7500 0.7406
vt 1.0000 0.7406
vt 0.5000 0.7428
vt 0.0000 0.0000
vt 0.2500 0.0000
vt 0.5000 0.0000
vt 0.7500 0.0000
vt 1.0000 0.0000
vt 0.0000 0.1841
vt 0.2500 0.1841
vt 0.5000 0.1841
vt 0.7500 0.1841
vt 1.0000 0.1841
vt 0.0000 0.3681
vt 0.2500 0.3681
vt 0.5000 0.3681
vt 0.7500 0.3681
vt 1.0000 0.3681
vt 0.0000 0.5522
vt 0.2500 0.5522
vt 0.5000 0.5522
vt 0.7500 0.5522
vt 1.0000 0.5522
vt 0.0000 0.7362
vt 0.2500 0.7362
vt 0.5000 0.7362
vt 0.7500 0.7362
vt 1.0000 0.7362
vt 0.5000 0.7384
vt 0.0000 0.0000
vt 0.2500 0.0000
vt 0.5000 0.0000
vt 0.7500 0.0000
vt 1.0000 0.0000
vt 0.0000 0.2195
vt 0.2500 0.2195
vt 0.5000 0.2195
vt 0.7500 0.2195
vt 1.0000 0.2195
vt 0.0000 0.4389
vt 0.2500 0.4389
vt 0.5000 0.4389
vt 0.7500 0.4389
vt 1.0000 0.4389
vt 0.0000 0.6584
vt 0.2500 0.6584
vt 0.5000 0.6584
vt 0.7500 0.6584
vt 1.0000 0.6584
vt 0.0000 0.8778
vt 0.2500 0.8778
vt 0.5000 0.8778
vt 0.7500 0.8778
vt 1.0000 0.8778
vt 0.0000 1.0973
vt 0.2500 1.0973
vt 0.5000 1.0973
vt 0.7500 1.0973
vt 1.0000 1.0973
vt 0.0000 1.3167
vt 0.2500 1.3167
vt 0.5000 1.3167
vt 0.7500 1.3167
vt 1.0000 1.3167
vt 0.0000 1.5362
vt 0.2500 1.5362
vt 0.5000 1.5362
vt 0.7500 1.5362
vt 1.0000 1.5362
vt 0.5000 1.5400
vt 0.0000 0.0000
vt 0.2500 0.0000
vt 0.5000 0.0000
vt 0.7500 0.0000
vt 1.0000 0.0000
vt 0.0000 0.1151
vt 0.2500 0.1151
vt 0.5000 0.1151
vt 0.7500 0.1151
vt 1.0000 0.1151
vt 0.0000 0.2302
vt 0.2500 0.2302
vt 0.5000 0.2302
vt 0.7500 0.2302
vt 1.0000 0.2302
vt 0.0000 0.3453
vt 0.2500 0.3453
vt 0.5000 0.3453
vt 0.7500 0.3453
vt 1.0000 0.3453
vt 0.0000 0.4604
vt 0.2500 0.4604
vt 0.5000 0.4604
vt 0.7500 0.4604
vt 1.0000 0.4604
vt 0.5000 0.4620
vt 0.0000 0.0000
vt 0.2500 0.0000
vt 0.5000 0.0000
vt 0.7500 0.0000
vt 1.0000 0.0000
vt 0.0000 0.1798
vt 0.2500 0.1798
vt 0.5000 0.1798
vt 0.7500 0.1798
vt 1.0000 0.1798
vt 0.0000 0.3595
vt 0.2500 0.3595
vt 0.5000 0.3595
vt 0.7500 0.3595
vt 1.0000 0.3595
vt 0.0000 0.5393
vt 0.2500 0.5393
vt 0.5000 0.5393
vt 0.7500 0.5393
vt 1.0000 0.5393
vt 0.0000 0.7191
vt 0.2500 0.7191
vt 0.5000 0.7191
vt 0.7500 0.7191
vt 1.0000 0.7191
vt 0.5000 0.7209
vt 0.0000 0.0000
vt 0.2500 0.0000
vt 0.5000 0.0000
vt 0.7500 0.0000
vt 1.0000 0.0000
vt 0.0000 0.2036
vt 0.2500 0.2036
vt 0.5000 0.2036
vt 0.7500 0.2036
vt 1.0000 0.2036
vt 0.0000 0.4072
vt 0.2500 0.4072
vt 0.5000 0.4072
vt 0.7500 0.4072
vt 1.0000 0.4072
vt 0.0000 0.6109
vt 0.2500 0.6109
vt 0.5000 0.6109
vt 0.7500 0.6109
vt 1.0000 0.6109
vt 0.0000 0.8145
vt 0.2500 0.8145
vt 0.5000 0.8145
vt 0.7500 0.8145
vt 1.0000 0.8145
vt 0.5000 0.8168
vt 0.0000 0.0000
vt 0.2500 0.0000
vt 0.5000 0.0000
vt 0.7500 0.0000
vt 1.0000 0.0000
vt 0.0000 0.1509
vt 0.2500 0.1509
vt 0.5000 0.1509
vt 0.7500 0.1509
vt 1.0000 0.1509
vt 0.0000 0.3017
vt 0.2500 0.3017
vt 0.5000 0.3017
vt 0.7500 0.3017
vt 1.0000 0.3017
vt 0.0000 0.4526
vt 0.2500 0.4526
vt 0.5000 0.4526
vt 0.7500 0.4526
vt 1.0000 0.4526
vt 0.0000 0.6035
vt 0.2500 0.6035
vt 0.5000 0.6035
vt 0.7500 0.6035
vt 1.0000 0.6035
vt 0.5000 0.6055
vt 0.0000 0.0000
vt 0.2500 0.0000
vt 0.5000 0.0000
vt 0.7500 0.0000
vt 1.0000 0.0000
vt 0.0000 0.1600
vt 0.2500 0.1600
vt 0.5000 0.1600
vt 0.7500 0.1600
vt 1.0000 0.1600
vt 0.0000 0.3200
vt 0.2500 0.3200
vt 0.5000 0.3200
vt 0.7500 0.3200
vt 1.0000 0.3200
vt 0.0000 0.4800
vt 0.2500 0.4800
vt 0.5000 0.4800
vt 0.7500 0.4800
vt 1.0000 0.4800
vt 0.0000 0.6401
vt 0.2500 0.6401
vt 0.5000 0.6401
vt 0.7500 0.6401
vt 1.0000 0.6401
vt 0.5000 0.6422
vt 0.0000 0.0000
vt 0.2500 0.0000
vt 0.5000 0.0000
vt 0.7500 0.0000
vt 1.0000 0.0000
vt 0.0000 0.1496
vt 0.2500 0.1496
vt 0.5000 0.1496
vt 0.7500 0.1496
vt 1.0000 0.1496
vt 0.0000 0.2993
vt 0.2500 0.2993
vt 0.5000 0.2993
vt 0.7500 0.2993
vt 1.0000 0.2993
vt 0.0000 0.4489
vt 0.2500 0.4489
vt 0.5000 0.4489
vt 0.7500 0.4489
vt 1.0000 0.4489
vt 0.0000 0.5985
vt 0.2500 0.5985
vt 0.5000 0.5985
vt 0.7500 0.5985
vt 1.0000 0.5985
vt 0.5000 0.6004
vt 0.0000 0.0000
vt 0.2500 0.0000
vt 0.5000 0.0000
vt 0.7500 0.0000
vt 1.0000 0.0000
vt 0.0000 0.1950
vt 0.2500 0.1950
vt 0.5000 0.1950
vt 0.7500 0.1950
vt 1.0000 0.1950
vt 0.0000 0.3900
vt 0.2500 0.3900
vt 0.5000 0.3900
vt 0.7500 0.3900
vt 1.0000 0.3900
vt 0.0000 0.5850
vt 0.2500 0.5850
vt 0.5000 0.5850
vt 0.7500 0.5850
vt 1.0000 0.5850
vt 0.0000 0.7800
vt 0.2500 0.7800
vt 0.5000 0.7800
vt 0.7500 0.7800
vt 1.0000 0.7800
vt 0.5000 0.7823
vt 0.0000 0.0000
vt 0.2500 0.0000
vt 0.5000 0.0000
vt 0.7500 0.0000
vt 1.0000 0.0000
vt 0.0000 0.2230
vt 0.2500 0.2230
vt 0.5000 0.2230
vt 0.7500 0.2230
vt 1.0000 0.2230
vt 0.0000 0.4460
vt 0.2500 0.4460
vt 0.5000 0.4460
vt 0.7500 0.4460
vt 1.0000 0.4460
vt 0.0000 0.6689
vt 0.2500 0.6689
vt 0.5000 0.6689
vt 0.7500 0.6689
vt 1.0000 0.6689
vt 0.0000 0.8919
vt 0.2500 0.8919
vt 0.5000 0.8919
vt 0.7500 0.8919
vt 1.0000 0.8919
vt 0.0000 1.1149
vt 0.2500 1.1149
vt 0.5000 1.1149
vt 0.7500 1.1149
vt 1.0000 1.1149
vt 0.0000 1.3379
vt 0.2500 1.3379
vt 0.5000 1.3379
vt 0.7500 1.3379
vt 1.0000 1.3379
vt 0.0000 1.5609
vt 0.2500 1.5609
vt 0.5000 1.5609
vt 0.7500 1.5609
vt 1.0000 1.5609
vt 0.0000 1.7839
vt 0.2500 1.7839
vt 0.5000 1.7839
vt 0.7500 1.7839
vt 1.0000 1.7839
vt 0.5000 1.7885
vt 0.0000 0.0000
vt 0.2500 0.0000
vt 0.5000 0.0000
vt 0.7500 0.0000
vt 1.0000 0.0000
vt 0.0000 0.2014
vt 0.2500 0.2014
vt 0.5000 0.2014
vt 0.7500 0.2014
vt 1.0000 0.2014
vt 0.0000 0.4027
vt 0.2500 0.4027
vt 0.5000 0.4027
vt 0.7500 0.4027
vt 1.0000 0.4027
vt 0.0000 0.6041
vt 0.2500 0.6041
vt 0.5000 0.6041
vt 0.7500 0.6041
vt 1.0000 0.6041
vt 0.0000 0.8055
vt 0.2500 0.8055
vt 0.5000 0.8055
vt 0.7500 0.8055
vt 1.0000 0.8055
vt 0.5000 0.8075
vt 0.0000 0.0000
vt 0.2500 0.0000
vt 0.5000 0.0000
vt 0.7500 0.0000
vt 1.0000 0.0000
vt 0.0000 0.1692
vt 0.2500 0.1692
vt 0.5000 0.1692
vt 0.7500 0.1692
vt 1.0000 0.1692
vt 0.0000 0.3385
vt 0.2500 0.3385
vt 0.5000 0.3385
vt 0.7500 0.3385
vt 1.0000 0.3385
vt 0.0000 0.5077
vt 0.2500 0.5077
vt 0.5000 0.5077
vt 0.7500 0.5077
vt 1.0000 0.5077
vt 0.0000 0.6770
vt 0.2500 0.6770
vt 0.5000 0.6770
vt 0.7500 0.6770
vt 1.0000 0.6770
vt 0.5000 0.6793
vt 0.0000 0.0000
vt 0.2500 0.0000
vt 0.5000 0.0000
vt 0.7500 0.0000
vt 1.0000 0.0000
vt 0.0000 0.1338
vt 0.2500 0.1338
vt 0.5000 0.1338
vt 0.7500 0.1338
vt 1.0000 0.1338
vt 0.0000 0.2675
vt 0.2500 0.2675
vt 0.5000 0.2675
vt 0.7500 0.2675
vt 1.0000 0.2675
vt 0.0000 0.4013
vt 0.2500 0.4013
vt 0.5000 0.4013
vt 0.7500 0.4013
vt 1.0000 0.4013
vt 0.0000 0.5350
vt 0.2500 0.5350
vt 0.5000 0.5350
vt 0.7500 0.5350
vt 1.0000 0.5350
vt 0.5000 0.5370
vt 0.0000 0.0000
vt 0.2500 0.0000
vt 0.5000 0.0000
vt 0.7500 0.0000
vt 1.0000 0.0000
vt 0.0000 0.2388
vt 0.2500 0.2388
vt 0.5000 0.2388
vt 0.7500 0.2388
vt 1.0000 0.2388
vt 0.0000 0.4776
vt 0.2500 0.4776
vt 0.5000 0.4776
vt 0.7500 0.4776
vt 1.0000 0.4776
vt 0.0000 0.7164
vt 0.2500 0.7164
vt 0.5000 0.7164
vt 0.7500 0.7164
vt 1.0000 0.7164
vt 0.0000 0.9552
vt 0.2500 0.9552
vt 0.5000 0.9552
vt 0.7500 0.9552
vt 1.0000 0.9552
vt 0.5000 0.9577
vt 0.0000 0.0000
vt 0.2500 0.0000
vt 0.5000 0.0000
vt 0.7500 0.0000
vt 1.0000 0.0000
vt 0.0000 0.1611
vt 0.2500 0.1611
vt 0.5000 0.1611
vt 0.7500 0.1611
vt 1.0000 0.1611
vt 0.0000 0.3221
vt 0.2500 0.3221
vt 0.5000 0.3221
vt 0.7500 0.3221
vt 1.0000 0.3221
vt 0.0000 0.4832
vt 0.2500 0.4832
vt 0.5000 0.4832
vt 0.7500 0.4832
vt 1.0000 0.4832
vt 0.0000 0.6442
vt 0.2500 0.6442
vt 0.5000 0.6442
vt 0.7500 0.6442
vt 1.0000 0.6442
vt 0.5000 0.6464
vt 0.0000 0.0000
vt 0.2500 0.0000
vt 0.5000 0.0000
vt 0.7500 0.0000
vt 1.0000 0.0000
vt 0.0000 0.1807
vt 0.2500 0.1807
vt 0.5000 0.1807
vt 0.7500 0.1807
vt 1.0000 0.1807
vt 0.0000 0.3615
vt 0.2500 0.3615
vt 0.5000 0.3615
vt 0.7500 0.3615
vt 1.0000 0.3615
vt 0.0000 0.5422
vt 0.2500 0.5422
vt 0.5000 0.5422
vt 0.7500 0.5422
vt 1.0000 0.5422
vt 0.0000 0.7229
vt 0.2500 0.7229
vt 0.5000 0.7229
vt 0.7500 0.7229
vt 1.0000 0.7229
vt 0.5000 0.7251
vt 0.0000 0.0000
vt 0.2500 0.0000
vt 0.5000 0.0000
vt 0.7500 0.0000
vt 1.0000 0.0000
vt 0.0000 0.1685
vt 0.2500 0.1685
vt 0.5000 0.1685
vt 0.7500 0.1685
vt 1.0000 0.1685
vt 0.0000 0.3370
vt 0.2500 0.3370
vt 0.5000 0.3370
vt 0.7500 0.3370
vt 1.0000 0.3370
vt 0.0000 0.5055
vt 0.2500 0.5055
vt 0.5000 0.5055
vt 0.7500 0.5055
vt 1.0000 0.5055
vt 0.0000 0.6739
vt 0.2500 0.6739
vt 0.5000 0.6739
vt 0.7500 0.6739
vt 1.0000 0.6739
vt 0.5000 0.6764
vt 0.0000 0.0000
vt 0.2500 0.0000
vt 0.5000 0.0000
vt 0.7500 0.0000
vt 1.0000 0.0000
vt 0.0000 0.1983
vt 0.2500 0.1983
vt 0.5000 0.1983
vt 0.7500 0.1983
vt 1.0000 0.1983
vt 0.0000 0.3967
vt 0.2500 0.3967
vt 0.5000 0.3967
vt 0.7500 0.3967
vt 1.0000 0.3967
vt 0.0000 0.5950
vt 0.2500 0.5950
vt 0.5000 0.5950
vt 0.7500 0.5950
vt 1.0000 0.5950
vt 0.0000 0.7933
vt 0.2500 0.7933
vt 0.5000 0.7933
vt 0.7500 0.7933
vt 1.0000 0.7933
vt 0.5000 0.7958
vt 0.0000 0.0000
vt 0.2500 0.0000
vt 0.5000 0.0000
vt 0.7500 0.0000
vt 1.0000 0.0000
vt 0.0000 0.2202
vt 0.2500 0.2202
vt 0.5000 0.2202
vt 0.7500 0.2202
vt 1.0000 0.2202
vt 0.0000 0.4403
vt 0.2500 0.4403
vt 0.5000 0.4403
vt 0.7500 0.4403
vt 1.0000 0.4403
vt 0.0000 0.6605
vt 0.2500 0.6605
vt 0.5000 0.6605
vt 0.7500 0.6605
vt 1.0000 0.6605
vt 0.0000 0.8806
vt 0.2500 0.8806
vt 0.5000 0.8806
vt 0.7500 0.8806
vt 1.0000 0.8806
vt 0.0000 1.1008
vt 0.2500 1.1008
vt 0.5000 1.1008
vt 0.7500 1.1008
vt 1.0000 1.1008
vt 0.0000 1.3210
vt 0.2500 1.3210
vt 0.5000 1.3210
vt 0.7500 1.3210
vt 1.0000 1.3210
vt 0.0000 1.5411
vt 0.2500 1.5411
vt 0.5000 1.5411
vt 0.7500 1.5411
vt 1.0000 1.5411
vt 0.5000 1.5466
vt 0.0000 0.0000
vt 0.2500 0.0000
vt 0.5000 0.0000
vt 0.7500 0.0000
vt 1.0000 0.0000
vt 0.0000 0.1710
vt 0.2500 0.1710
vt 0.5000 0.1710
vt 0.7500 0.1710
vt 1.0000 0.1710
vt 0.0000 0.3420
vt 0.2500 0.3420
vt 0.5000 0.3420
vt 0.7500 0.3420
vt 1.0000 0.3420
vt 0.0000 0.5131
vt 0.2500 0.5131
vt 0.5000 0.5131
vt 0.7500 0.5131
vt 1.0000 0.5131
vt 0.0000 0.6841
vt 0.2500 0.6841
vt 0.5000 0.6841
vt 0.7500 0.6841
vt 1.0000 0.6841
vt 0.5000 0.6863
vt 0.0000 0.0000
vt 0.2500 0.0000
vt 0.5000 0.0000
vt 0.7500 0.0000
vt 1.0000 0.0000
vt 0.0000 0.1358
vt 0.2500 0.1358
vt 0.5000 0.1358
vt 0.7500 0.1358
vt 1.0000 0.1358
vt 0.0000 0.2716
vt 0.2500 0.2716
vt 0.5000 0.2716
vt 0.7500 0.2716
vt 1.0000 0.2716
vt 0.0000 0.4074
vt 0.2500 0.4074
vt 0.5000 0.4074
vt 0.7500 0.4074
vt 1.0000 0.4074
vt 0.0000 0.5432
vt 0.2500 0.5432
vt 0.5000 0.5432
vt 0.7500 0.5432
vt 1.0000 0.5432
vt 0.5000 0.5454
vt 0.0000 0.0000
vt 0.2500 0.0000
vt 0.5000 0.0000
vt 0.7500 0.0000
vt 1.0000 0.0000
vt 0.0000 0.1427
vt 0.2500 0.1427
vt 0.5000 0.1427
vt 0.7500 0.1427
vt 1.0000 0.1427
vt 0.0000 0.2854
vt 0.2500 0.2854
vt 0.5000 0.2854
vt 0.7500 0.2854
vt 1.0000 0.2854
vt 0.0000 0.4281
vt 0.2500 0.4281
vt 0.5000 0.4281
vt 0.7500 0.4281
vt 1.0000 0.4281
vt 0.0000 0.5708
vt 0.2500 0.5708
vt 0.5000 0.5708
vt 0.7500 0.5708
vt 1.0000 0.5708
vt 0.5000 0.5730
vt 0.0000 0.0000
vt 0.2500 0.0000
vt 0.5000 0.0000
vt 0.7500 0.0000
vt 1.0000 0.0000
vt 0.0000 0.1432
vt 0.2500 0.1432
vt 0.5000 0.1432
vt 0.7500 0.1432
vt 1.0000 0.1432
vt 0.0000 0.2865
vt 0.2500 0.2865
vt 0.5000 0.2865
vt 0.7500 0.2865
vt 1.0000 0.2865
vt 0.0000 0.4297
vt 0.2500 0.4297
vt 0.5000 0.4297
vt 0.7500 0.4297
vt 1.0000 0.4297
vt 0.0000 0.5729
vt 0.2500 0.5729
vt 0.5000 0.5729
vt 0.7500 0.5729
vt 1.0000 0.5729
vt 0.5000 0.5756
vt 0.0000 0.0000
vt 0.2500 0.0000
vt 0.5000 0.0000
vt 0.7500 0.0000
vt 1.0000 0.0000
vt 0.0000 0.1705
vt 0.2500 0.1705
vt 0.5000 0.1705
vt 0.7500 0.1705
vt 1.0000 0.1705
vt 0.0000 0.3410
vt 0.2500 0.3410
vt 0.5000 0.3410
vt 0.7500 0.3410
vt 1.0000 0.3410
vt 0.0000 0.5115
vt 0.2500 0.5115
vt 0.5000 0.5115
vt 0.7500 0.5115
vt 1.0000 0.5115
vt 0.0000 0.6819
vt 0.2500 0.6819
vt 0.5000 0.6819
vt 0.7500 0.6819
vt 1.0000 0.6819
vt 0.5000 0.6841
vt 0.0000 0.0000
vt 0.2500 0.0000
vt 0.5000 0.0000
vt 0.7500 0.0000
vt 1.0000 0.0000
vt 0.0000 0.1357
vt 0.2500 0.1357
vt 0.5000 0.1357
vt 0.7500 0.1357
vt 1.0000 0.1357
vt 0.0000 0.2715
vt 0.2500 0.2715
vt 0.5000 0.2715
vt 0.7500 0.2715
vt 1.0000 0.2715
vt 0.0000 0.4072
vt 0.2500 0.4072
vt 0.5000 0.4072
vt 0.7500 0.4072
vt 1.0000 0.4072
vt 0.0000 0.5429
vt 0.2500 0.5429
vt 0.5000 0.5429
vt 0.7500 0.5429
vt 1.0000 0.5429
vt 0.5000 0.5452
vt 0.0000 0.0000
vt 0.2500 0.0000
vt 0.5000 0.0000
vt 0.7500 0.0000
vt 1.0000 0.0000
vt 0.0000 0.1540
vt 0.2500 0.1540
vt 0.5000 0.1540
vt 0.7500 0.1540
vt 1.0000 0.1540
vt 0.0000 0.3080
vt 0.2500 0.3080
vt 0.5000 0.3080
vt 0.7500 0.3080
vt 1.0000 0.3080
vt 0.0000 0.4620
vt 0.2500 0.4620
vt 0.5000 0.4620
vt 0.7500 0.4620
vt 1.0000 0.4620
vt 0.0000 0.6160
vt 0.2500 0.6160
vt 0.5000 0.6160
vt 0.7500 0.6160
vt 1.0000 0.6160
vt 0.5000 0.6185
vt 0.0000 0.0000
vt 0.2500 0.0000
vt 0.5000 0.0000
vt 0.7500 0.0000
vt 1.0000 0.0000
vt 0.0000 0.2152
vt 0.2500 0.2152
vt 0.5000 0.2152
vt 0.7500 0.2152
vt 1.0000 0.2152
vt 0.0000 0.4304
vt 0.2500 0.4304
vt 0.5000 0.4304
vt 0.7500 0.4304
vt 1.0000 0.4304
vt 0.0000 0.6457
vt 0.2500 0.6457
vt 0.5000 0.6457
vt 0.7500 0.6457
vt 1.0000 0.6457
vt 0.0000 0.8609
vt 0.2500 0.8609
vt 0.5000 0.8609
vt 0.7500 0.8609
vt 1.0000 0.8609
vt 0.0000 1.0761
vt 0.2500 1.0761
vt 0.5000 1.0761
vt 0.7500 1.0761
vt 1.0000 1.0761
vt 0.0000 1.2913
vt 0.2500 1.2913
vt 0.5000 1.2913
vt 0.7500 1.2913
vt 1.0000 1.2913
vt 0.0000 1.5065
vt 0.2500 1.5065
vt 0.5000 1.5065
vt 0.7500 1.5065
vt 1.0000 1.5065
vt 0.5000 1.5103
vt 0.0000 0.0000
vt 0.2500 0.0000
vt 0.5000 0.0000
vt 0.7500 0.0000
vt 1.0000 0.0000
vt 0.0000 0.1542
vt 0.2500 0.1542
vt 0.5000 0.1542
vt 0.7500 0.1542
vt 1.0000 0.1542
vt 0.0000 0.3084
vt 0.2500 0.3084
vt 0.5000 0.3084
vt 0.7500 0.3084
vt 1.0000 0.3084
vt 0.0000 0.4625
vt 0.2500 0.4625
vt 0.5000 0.4625
vt 0.7500 0.4625
vt 1.0000 0.4625
vt 0.0000 0.6167
vt 0.2500 0.6167
vt 0.5000 0.6167
vt 0.7500 0.6167
vt 1.0000 0.6167
vt 0.5000 0.6184
vt 0.0000 0.0000
vt 0.2500 0.0000
vt 0.5000 0.0000
vt 0.7500 0.0000
vt 1.0000 0.0000
vt 0.0000 0.1289
vt 0.2500 0.1289
vt 0.5000 0.1289
vt 0.7500 0.1289
vt 1.0000 0.1289
vt 0.0000 0.2578
vt 0.2500 0.2578
vt 0.5000 0.2578
vt 0.7500 0.2578
vt 1.0000 0.2578
vt 0.0000 0.3867
vt 0.2500 0.3867
vt 0.5000 0.3867
vt 0.7500 0.3867
vt 1.0000 0.3867
vt 0.0000 0.5156
vt 0.2500 0.5156
vt 0.5000 0.5156
vt 0.7500 0.5156
vt 1.0000 0.5156
vt 0.5000 0.5176
vt 0.0000 0.0000
vt 0.2500 0.0000
vt 0.5000 0.0000
vt 0.7500 0.0000
vt 1.0000 0.0000
vt 0.0000 0.1467
vt 0.2500 0.1467
vt 0.5000 0.1467
vt 0.7500 0.1467
vt 1.0000 0.1467
vt 0.0000 0.2935
vt 0.2500 0.2935
vt 0.5000 0.2935
vt 0.7500 0.2935
vt 1.0000 0.2935
vt 0.0000 0.4402
vt 0.2500 0.4402
vt 0.5000 0.4402
vt 0.7500 0.4402
vt 1.0000 0.4402
vt 0.0000 0.5870
vt 0.2500 0.5870
vt 0.5000 0.5870
vt 0.7500 0.5870
vt 1.0000 0.5870
vt 0.5000 0.5887
vt 0.0000 0.0000
vt 0.2500 0.0000
vt 0.5000 0.0000
vt 0.7500 0.0000
vt 1.0000 0.0000
vt 0.0000 0.1483
vt 0.2500 0.1483
vt 0.5000 0.1483
vt 0.7500 0.1483
vt 1.0000 0.1483
vt 0.0000 0.2966
vt 0.2500 0.2966
vt 0.5000 0.2966
vt 0.7500 0.2966
vt 1.0000 0.2966
vt 0.0000 0.4449
vt 0.2500 0.4449
vt 0.5000 0.4449
vt 0.7500 0.4449
vt 1.0000 0.4449
vt 0.0000 0.5932
vt 0.2500 0.5932
vt 0.5000 0.5932
vt 0.7500 0.5932
vt 1.0000 0.5932
vt 0.5000 0.5950
vt 0.0000 0.0000
vt 0.2500 0.0000
vt 0.5000 0.0000
vt 0.7500 0.0000
vt 1.0000 0.0000
vt 0.0000 0.1329
vt 0.2500 0.1329
vt 0.5000 0.1329
vt 0.7500 0.1329
vt 1.0000 0.1329
vt 0.0000 0.2659
vt 0.2500 0.2659
vt 0.5000 0.2659
vt 0.7500 0.2659
vt 1.0000 0.2659
vt 0.0000 0.3988
vt 0.2500 0.3988
vt 0.5000 0.3988
vt 0.7500 0.3988
vt 1.0000 0.3988
vt 0.0000 0.5317
vt 0.2500 0.5317
vt 0.5000 0.5317
vt 0.7500 0.5317
vt 1.0000 0.5317
vt 0.5000 0.5336
vt 0.0000 0.0000
vt 0.2500 0.0000
vt 0.5000 0.0000
vt 0.7500 0.0000
vt 1.0000 0.0000
vt 0.0000 0.1317
vt 0.2500 0.1317
vt 0.5000 0.1317
vt 0.7500 0.1317
vt 1.0000 0.1317
vt 0.0000 0.2635
vt 0.2500 0.2635
vt 0.5000 0.2635
vt 0.7500 0.2635
vt 1.0000 0.2635
vt 0.0000 0.3952
vt 0.2500 0.3952
vt 0.5000 0.3952
vt 0.7500 0.3952
vt 1.0000 0.3952
vt 0.0000 0.5269
vt 0.2500 0.5269
vt 0.5000 0.5269
vt 0.7500 0.5269
vt 1.0000 0.5269
vt 0.5000 0.5286
vt 0.0000 0.0000
vt 0.2500 0.0000
vt 0.5000 0.0000
vt 0.7500 0.0000
vt 1.0000 0.0000
vt 0.0000 0.1900
vt 0.2500 0.1900
vt 0.5000 0.1900
vt 0.7500 0.1900
vt 1.0000 0.1900
vt 0.0000 0.3800
vt 0.2500 0.3800
vt 0.5000 0.3800
vt 0.7500 0.3800
vt 1.0000 0.3800
vt 0.0000 0.5700
vt 0.2500 0.5700
vt 0.5000 0.5700
vt 0.7500 0.5700
vt 1.0000 0.5700
vt 0.0000 0.7600
vt 0.2500 0.7600
vt 0.5000 0.7600
vt 0.7500 0.7600
vt 1.0000 0.7600
vt 0.5000 0.7620
vt 0.0000 0.0000
vt 0.2500 0.0000
vt 0.5000 0.0000
vt 0.7500 0.0000
vt 1.0000 0.0000
vt 0.0000 0.2210
vt 0.2500 0.2210
vt 0.5000 0.2210
vt 0.7500 0.2210
vt 1.0000 0.2210
vt 0.0000 0.4420
vt 0.2500 0.4420
vt 0.5000 0.4420
vt 0.7500 0.4420
vt 1.0000 0.4420
vt 0.0000 0.6630
vt 0.2500 0.6630
vt 0.5000 0.6630
vt 0.7500 0.6630
vt 1.0000 0.6630
vt 0.0000 0.8840
vt 0.2500 0.8840
vt 0.5000 0.8840
vt 0.7500 0.8840
vt 1.0000 0.8840
vt 0.0000 1.1049
vt 0.2500 1.1049
vt 0.5000 1.1049
vt 0.7500 1.1049
vt 1.0000 1.1049
vt 0.0000 1.3259
vt 0.2500 1.3259
vt 0.5000 1.3259
vt 0.7500 1.3259
vt 1.0000 1.3259
vt 0.0000 1.5469
vt 0.2500 1.5469
vt 0.5000 1.5469
vt 0.7500 1.5469
vt 1.0000 1.5469
vt 0.0000 1.7679
vt 0.2500 1.7679
vt 0.5000 1.7679
vt 0.7500 1.7679
vt 1.0000 1.7679
vt 0.0000 1.9889
vt 0.2500 1.9889
vt 0.5000 1.9889
vt 0.7500 1.9889
vt 1.0000 1.9889
vt 0.5000 1.9944
vt 0.0000 0.0000
vt 0.2500 0.0000
vt 0.5000 0.0000
vt 0.7500 0.0000
vt 1.0000 0.0000
vt 0.0000 0.1701
vt 0.2500 0.1701
vt 0.5000 0.1701
vt 0.7500 0.1701
vt 1.0000 0.1701
vt 0.0000 0.3403
vt 0.2500 0.3403
vt 0.5000 0.3403
vt 0.7500 0.3403
vt 1.0000 0.3403
vt 0.0000 0.5104
vt 0.2500 0.5104
vt 0.5000 0.5104
vt 0.7500 0.5104
vt 1.0000 0.5104
vt 0.0000 0.6805
vt 0.2500 0.6805
vt 0.5000 0.6805
vt 0.7500 0.6805
vt 1.0000 0.6805
vt 0.5000 0.6830
vt 0.0000 0.0000
vt 0.2500 0.0000
vt 0.5000 0.0000
vt 0.7500 0.0000
vt 1.0000 0.0000
vt 0.0000 0.1950
vt 0.2500 0.1950
vt 0.5000 0.1950
vt 0.7500 0.1950
vt 1.0000 0.1950
vt 0.0000 0.3900
vt 0.2500 0.3900
vt 0.5000 0.3900
vt 0.7500 0.3900
vt 1.0000 0.3900
vt 0.0000 0.5850
vt 0.2500 0.5850
vt 0.5000 0.5850
vt 0.7500 0.5850
vt 1.0000 0.5850
vt 0.0000 0.7800
vt 0.2500 0.7800
vt 0.5000 0.7800
vt 0.7500 0.7800
vt 1.0000 0.7800
vt 0.5000 0.7824
vt 0.0000 0.0000
vt 0.2500 0.0000
vt 0.5000 0.0000
vt 0.7500 0.0000
vt 1.0000 0.0000
vt 0.0000 0.1751
vt 0.2500 0.1751
vt 0.5000 0.1751
vt 0.7500 0.1751
vt 1.0000 0.1751
vt 0.0000 0.3502
vt 0.2500 0.3502
vt 0.5000 0.3502
vt 0.7500 0.3502
vt 1.0000 0.3502
vt 0.0000 0.5253
vt 0.2500 0.5253
vt 0.5000 0.5253
vt 0.7500 0.5253
vt 1.0000 0.5253
vt 0.0000 0.7005
vt 0.2500 0.7005
vt 0.5000 0.7005
vt 0.7500 0.7005
vt 1.0000 0.7005
vt 0.5000 0.7027
vt 0.0000 0.0000
vt 0.2500 0.0000
vt 0.5000 0.0000
vt 0.7500 0.0000
vt 1.0000 0.0000
vt 0.0000 0.2380
vt 0.2500 0.2380
vt 0.5000 0.2380
vt 0.7500 0.2380
vt 1.0000 0.2380
vt 0.0000 0.4761
vt 0.2500 0.4761
vt 0.5000 0.4761
vt 0.7500 0.4761
vt 1.0000 0.4761
vt 0.0000 0.7141
vt 0.2500 0.7141
vt 0.5000 0.7141
vt 0.7500 0.7141
vt 1.0000 0.7141
vt 0.0000 0.9522
vt 0.2500 0.9522
vt 0.5000 0.9522
vt 0.7500 0.9522
vt 1.0000 0.9522
vt 0.5000 0.9551
vt 0.0000 0.0000
vt 0.2500 0.0000
vt 0.5000 0.0000
vt 0.7500 0.0000
vt 1.0000 0.0000
vt 0.0000 0.2115
vt 0.2500 0.2115
vt 0.5000 0.2115
vt 0.7500 0.2115
vt 1.0000 0.2115
vt 0.0000 0.4231
vt 0.2500 0.4231
vt 0.5000 0.4231
vt 0.7500 0.4231
vt 1.0000 0.4231
vt 0.0000 0.6346
vt 0.2500 0.6346
vt 0.5000 0.6346
vt 0.7500 0.6346
vt 1.0000 0.6346
vt 0.0000 0.8461
vt 0.2500 0.8461
vt 0.5000 0.8461
vt 0.7500 0.8461
vt 1.0000 0.8461
vt 0.5000 0.8486
vt 0.0000 0.0000
vt 0.2500 0.0000
vt 0.5000 0.0000
vt 0.7500 0.0000
vt 1.0000 0.0000
vt 0.0000 0.1579
vt 0.2500 0.1579
vt 0.5000 0.1579
vt 0.7500 0.1579
vt 1.0000 0.1579
vt 0.0000 0.3157
vt 0.2500 0.3157
vt 0.5000 0.3157
vt 0.7500 0.3157
vt 1.0000 0.3157
vt 0.0000 0.4736
vt 0.2500 0.4736
vt 0.5000 0.4736
vt 0.7500 0.4736
vt 1.0000 0.4736
vt 0.0000 0.6315
vt 0.2500 0.6315
vt 0.5000 0.6315
vt 0.7500 0.6315
vt 1.0000 0.6315
vt 0.5000 0.6338
vt 0.0000 0.0000
vt 0.2500 0.0000
vt 0.5000 0.0000
vt 0.7500 0.0000
vt 1.0000 0.0000
vt 0.0000 0.2503
vt 0.2500 0.2503
vt 0.5000 0.2503
vt 0.7500 0.2503
vt 1.0000 0.2503
vt 0.0000 0.5006
vt 0.2500 0.5006
vt 0.5000 0.5006
vt 0.7500 0.5006
vt 1.0000 0.5006
vt 0.0000 0.7509
vt 0.2500 0.7509
vt 0.5000 0.7509
vt 0.7500 0.7509
vt 1.0000 0.7509
vt 0.0000 1.0012
vt 0.2500 1.0012
vt 0.5000 1.0012
vt 0.7500 1.0012
vt 1.0000 1.0012
vt 0.5000 1.0036
vt 0.0000 0.0000
vt 0.2500 0.0000
vt 0.5000 0.0000
vt 0.7500 0.0000
vt 1.0000 0.0000
vt 0.0000 0.2218
vt 0.2500 0.2218
vt 0.5000 0.2218
vt 0.7500 0.2218
vt 1.0000 0.2218
vt 0.0000 0.4437
vt 0.2500 0.4437
vt 0.5000 0.4437
vt 0.7500 0.4437
vt 1.0000 0.4437
vt 0.0000 0.6655
vt 0.2500 0.6655
vt 0.5000 0.6655
vt 0.7500 0.6655
vt 1.0000 0.6655
vt 0.0000 0.8873
vt 0.2500 0.8873
vt 0.5000 0.8873
vt 0.7500 0.8873
vt 1.0000 0.8873
vt 0.0000 1.1091
vt 0.2500 1.1091
vt 0.5000 1.1091
vt 0.7500 1.1091
vt 1.0000 1.1091
vt 0.5000 1.1118
vt 0.0000 0.0000
vt 0.2500 0.0000
vt 0.5000 0.0000
vt 0.7500 0.0000
vt 1.0000 0.0000
vt 0.0000 0.2192
vt 0.2500 0.2192
vt 0.5000 0.2192
vt 0.7500 0.2192
vt 1.0000 0.2192
vt 0.0000 0.4385
vt 0.2500 0.4385
vt 0.5000 0.4385
vt 0.7500 0.4385
vt 1.0000 0.4385
vt 0.0000 0.6577
vt 0.2500 0.6577
vt 0.5000 0.6577
vt 0.7500 0.6577
vt 1.0000 0.6577
vt 0.0000 0.8770
vt 0.2500 0.8770
vt 0.5000 0.8770
vt 0.7500 0.8770
vt 1.0000 0.8770
vt 0.0000 1.0962
vt 0.2500 1.0962
vt 0.5000 1.0962
vt 0.7500 1.0962
vt 1.0000 1.0962
vt 0.5000 1.0991
vt 0.0000 0.0000
vt 0.2500 0.0000
vt 0.5000 0.0000
vt 0.7500 0.0000
vt 1.0000 0.0000
vt 0.0000 0.2208
vt 0.2500 0.2208
vt 0.5000 0.2208
vt 0.7500 0.2208
vt 1.0000 0.2208
vt 0.0000 0.4416
vt 0.2500 0.4416
vt 0.5000 0.4416
vt 0.7500 0.4416
vt 1.0000 0.4416
vt 0.0000 0.6623
vt 0.2500 0.6623
vt 0.5000 0.6623
vt 0.7500 0.6623
vt 1.0000 0.6623
vt 0.0000 0.8831
vt 0.2500 0.8831
vt 0.5000 0.8831
vt 0.7500 0.8831
vt 1.0000 0.8831
vt 0.0000 1.1039
vt 0.2500 1.1039
vt 0.5000 1.1039
vt 0.7500 1.1039
vt 1.0000 1.1039
vt 0.0000 1.3247
vt 0.2500 1.3247
vt 0.5000 1.3247
vt 0.7500 1.3247
vt 1.0000 1.3247
vt 0.0000 1.5455
vt 0.2500 1.5455
vt 0.5000 1.5455
vt 0.7500 1.5455
vt 1.0000 1.5455
vt 0.5000 1.5493
vt 0.0000 0.0000
vt 0.2500 0.0000
vt 0.5000 0.0000
vt 0.7500 0.0000
vt 1.0000 0.0000
vt 0.0000 0.1843
vt 0.2500 0.1843
vt 0.5000 0.1843
vt 0.7500 0.1843
vt 1.0000 0.1843
vt 0.0000 0.3687
vt 0.2500 0.3687
vt 0.5000 0.3687
vt 0.7500 0.3687
vt 1.0000 0.3687
vt 0.0000 0.5530
vt 0.2500 0.5530
vt 0.5000 0.5530
vt 0.7500 0.5530
vt 1.0000 0.5530
vt 0.0000 0.7374
vt 0.2500 0.7374
vt 0.5000 0.7374
vt 0.7500 0.7374
vt 1.0000 0.7374
vt 0.5000 0.7395
vt 0.0000 0.0000
vt 0.2500 0.0000
vt 0.5000 0.0000
vt 0.7500 0.0000
vt 1.0000 0.0000
vt 0.0000 0.1620
vt 0.2500 0.1620
vt 0.5000 0.1620
vt 0.7500 0.1620
vt 1.0000 0.1620
vt 0.0000 0.3240
vt 0.2500 0.3240
vt 0.5000 0.3240
vt 0.7500 0.3240
vt 1.0000 0.3240
vt 0.0000 0.4860
vt 0.2500 0.4860
vt 0.5000 0.4860
vt 0.7500 0.4860
vt 1.0000 0.4860
vt 0.0000 0.6480
vt 0.2500 0.6480
vt 0.5000 0.6480
vt 0.7500 0.6480
vt 1.0000 0.6480
vt 0.5000 0.6500
vt 0.0000 0.0000
vt 0.2500 0.0000
vt 0.5000 0.0000
vt 0.7500 0.0000
vt 1.0000 0.0000
vt 0.0000 0.1539
vt 0.2500 0.1539
vt 0.5000 0.1539
vt 0.7500 0.1539
vt 1.0000 0.1539
vt 0.0000 0.3078
vt 0.2500 0.3078
vt 0.5000 0.3078
vt 0.7500 0.3078
vt 1.0000 0.3078
vt 0.0000 0.4616
vt 0.2500 0.4616
vt 0.5000 0.4616
vt 0.7500 0.4616
vt 1.0000 0.4616
vt 0.0000 0.6155
vt 0.2500 0.6155
vt 0.5000 0.6155
vt 0.7500 0.6155
vt 1.0000 0.6155
vt 0.5000 0.6175
vt 0.0000 0.0000
vt 0.2500 0.0000
vt 0.5000 0.0000
vt 0.7500 0.0000
vt 1.0000 0.0000
vt 0.0000 0.1602
vt 0.2500 0.1602
vt 0.5000 0.1602
vt 0.7500 0.1602
vt 1.0000 0.1602
vt 0.0000 0.3204
vt 0.2500 0.3204
vt 0.5000 0.3204
vt 0.7500 0.3204
vt 1.0000 0.3204
vt 0.0000 0.4806
vt 0.2500 0.4806
vt 0.5000 0.4806
vt 0.7500 0.4806
vt 1.0000 0.4806
vt 0.0000 0.6409
vt 0.2500 0.6409
vt 0.5000 0.6409
vt 0.7500 0.6409
vt 1.0000 0.6409
vt 0.5000 0.6426
vt 0.0000 0.0000
vt 0.2500 0.0000
vt 0.5000 0.0000
vt 0.7500 0.0000
vt 1.0000 0.0000
vt 0.0000 0.1777
vt 0.2500 0.1777
vt 0.5000 0.1777
vt 0.7500 0.1777
vt 1.0000 0.1777
vt 0.0000 0.3553
vt 0.2500 0.3553
vt 0.5000 0.3553
vt 0.7500 0.3553
vt 1.0000 0.3553
vt 0.0000 0.5330
vt 0.2500 0.5330
vt 0.5000 0.5330
vt 0.7500 0.5330
vt 1.0000 0.5330
vt 0.0000 0.7106
vt 0.2500 0.7106
vt 0.5000 0.7106
vt 0.7500 0.7106
vt 1.0000 0.7106
vt 0.5000 0.7125
vt 0.0000 0.0000
vt 0.2500 0.0000
vt 0.5000 0.0000
vt 0.7500 0.0000
vt 1.0000 0.0000
vt 0.0000 0.1282
vt 0.2500 0.1282
vt 0.5000 0.1282
vt 0.7500 0.1282
vt 1.0000 0.1282
vt 0.0000 0.2564
vt 0.2500 0.2564
vt 0.5000 0.2564
vt 0.7500 0.2564
vt 1.0000 0.2564
vt 0.0000 0.3847
vt 0.2500 0.3847
vt 0.5000 0.3847
vt 0.7500 0.3847
vt 1.0000 0.3847
vt 0.0000 0.5129
vt 0.2500 0.5129
vt 0.5000 0.5129
vt 0.7500 0.5129
vt 1.0000 0.5129
vt 0.5000 0.5146
vt 0.0000 0.0000
vt 0.2500 0.0000
vt 0.5000 0.0000
vt 0.7500 0.0000
vt 1.0000 0.0000
vt 0.0000 0.1575
vt 0.2500 0.1575
vt 0.5000 0.1575
vt 0.7500 0.1575
vt 1.0000 0.1575
vt 0.0000 0.3149
vt 0.2500 0.3149
vt 0.5000 0.3149
vt 0.7500 0.3149
vt 1.0000 0.3149
vt 0.0000 0.4724
vt 0.2500 0.4724
vt 0.5000 0.4724
vt 0.7500 0.4724
vt 1.0000 0.4724
vt 0.0000 0.6298
vt 0.2500 0.6298
vt 0.5000 0.6298
vt 0.7500 0.6298
vt 1.0000 0.6298
vt 0.5000 0.6315
vt 0.0000 0.0000
vt 0.2500 0.0000
vt 0.5000 0.0000
vt 0.7500 0.0000
vt 1.0000 0.0000
vt 0.0000 0.2164
vt 0.2500 0.2164
vt 0.5000 0.2164
vt 0.7500 0.2164
vt 1.0000 0.2164
vt 0.0000 0.4329
vt 0.2500 0.4329
vt 0.5000 0.4329
vt 0.7500 0.4329
vt 1.0000 0.4329
vt 0.0000 0.6493
vt 0.2500 0.6493
vt 0.5000 0.6493
vt 0.7500 0.6493
vt 1.0000 0.6493
vt 0.0000 0.8658
vt 0.2500 0.8658
vt 0.5000 0.8658
vt 0.7500 0.8658
vt 1.0000 0.8658
vt 0.0000 1.0822
vt 0.2500 1.0822
vt 0.5000 1.0822
vt 0.7500 1.0822
vt 1.0000 1.0822
vt 0.0000 1.2987
vt 0.2500 1.2987
vt 0.5000 1.2987
vt 0.7500 1.2987
vt 1.0000 1.2987
vt 0.0000 1.5151
vt 0.2500 1.5151
vt 0.5000 1.5151
vt 0.7500 1.5151
vt 1.0000 1.5151
vt 0.0000 1.7316
vt 0.2500 1.7316
vt 0.5000 1.7316
vt 0.7500 1.7316
vt 1.0000 1.7316
vt 0.0000 1.9480
vt 0.2500 1.9480
vt 0.5000 1.9480
vt 0.7500 1.9480
vt 1.0000 1.9480
vt 0.5000 1.9536
vt 0.0000 0.0000
vt 0.2500 0.0000
vt 0.5000 0.0000
vt 0.7500 0.0000
vt 1.0000 0.0000
vt 0.0000 0.1881
vt 0.2500 0.1881
vt 0.5000 0.1881
vt 0.7500 0.1881
vt 1.0000 0.1881
vt 0.0000 0.3762
vt 0.2500 0.3762
vt 0.5000 0.3762
vt 0.7500 0.3762
vt 1.0000 0.3762
vt 0.0000 0.5644
vt 0.2500 0.5644
vt 0.5000 0.5644
vt 0.7500 0.5644
vt 1.0000 0.5644
vt 0.0000 0.7525
vt 0.2500 0.7525
vt 0.5000 0.7525
vt 0.7500 0.7525
vt 1.0000 0.7525
vt 0.5000 0.7550
vt 0.0000 0.0000
vt 0.2500 0.0000
vt 0.5000 0.0000
vt 0.7500 0.0000
vt 1.0000 0.0000
vt 0.0000 0.2327
vt 0.2500 0.2327
vt 0.5000 0.2327
vt 0.7500 0.2327
vt 1.0000 0.2327
vt 0.0000 0.4654
vt 0.2500 0.4654
vt 0.5000 0.4654
vt 0.7500 0.4654
vt 1.0000 0.4654
vt 0.0000 0.6981
vt 0.2500 0.6981
vt 0.5000 0.6981
vt 0.7500 0.6981
vt 1.0000 0.6981
vt 0.0000 0.9308
vt 0.2500 0.9308
vt 0.5000 0.9308
vt 0.7500 0.9308
vt 1.0000 0.9308
vt 0.5000 0.9330
vt 0.0000 0.0000
vt 0.2500 0.0000
vt 0.5000 0.0000
vt 0.7500 0.0000
vt 1.0000 0.0000
vt 0.0000 0.2238
vt 0.2500 0.2238
vt 0.5000 0.2238
vt 0.7500 0.2238
vt 1.0000 0.2238
vt 0.0000 0.4476
vt 0.2500 0.4476
vt 0.5000 0.4476
vt 0.7500 0.4476
vt 1.0000 0.4476
vt 0.0000 0.6714
vt 0.2500 0.6714
vt 0.5000 0.6714
vt 0.7500 0.6714
vt 1.0000 0.6714
vt 0.0000 0.8952
vt 0.2500 0.8952
vt 0.5000 0.8952
vt 0.7500 0.8952
vt 1.0000 0.8952
vt 0.5000 0.8973
vt 0.0000 0.0000
vt 0.2500 0.0000
vt 0.5000 0.0000
vt 0.7500 0.0000
vt 1.0000 0.0000
vt 0.0000 0.1790
vt 0.2500 0.1790
vt 0.5000 0.1790
vt 0.7500 0.1790
vt 1.0000 0.1790
vt 0.0000 0.3579
vt 0.2500 0.3579
vt 0.5000 0.3579
vt 0.7500 0.3579
vt 1.0000 0.3579
vt 0.0000 0.5369
vt 0.2500 0.5369
vt 0.5000 0.5369
vt 0.7500 0.5369
vt 1.0000 0.5369
vt 0.0000 0.7159
vt 0.2500 0.7159
vt 0.5000 0.7159
vt 0.7500 0.7159
vt 1.0000 0.7159
vt 0.5000 0.7178
vt 0.0000 0.0000
vt 0.2500 0.0000
vt 0.5000 0.0000
vt 0.7500 0.0000
vt 1.0000 0.0000
vt 0.0000 0.1910
vt 0.2500 0.1910
vt 0.5000 0.1910
vt 0.7500 0.1910
vt 1.0000 0.1910
vt 0.0000 0.3820
vt 0.2500 0.3820
vt 0.5000 0.3820
vt 0.7500 0.3820
vt 1.0000 0.3820
vt 0.0000 0.5730
vt 0.2500 0.5730
vt 0.5000 0.5730
vt 0.7500 0.5730
vt 1.0000 0.5730
vt 0.0000 0.7640
vt 0.2500 0.7640
vt 0.5000 0.7640
vt 0.7500 0.7640
vt 1.0000 0.7640
vt 0.5000 0.7665
vt 0.0000 0.0000
vt 0.2500 0.0000
vt 0.5000 0.0000
vt 0.7500 0.0000
vt 1.0000 0.0000
vt 0.0000 0.2204
vt 0.2500 0.2204
vt 0.5000 0.2204
vt 0.7500 0.2204
vt 1.0000 0.2204
vt 0.0000 0.4407
vt 0.2500 0.4407
vt 0.5000 0.4407
vt 0.7500 0.4407
vt 1.0000 0.4407
vt 0.0000 0.6611
vt 0.2500 0.6611
vt 0.5000 0.6611
vt 0.7500 0.6611
vt 1.0000 0.6611
vt 0.0000 0.8815
vt 0.2500 0.8815
vt 0.5000 0.8815
vt 0.7500 0.8815
vt 1.0000 0.8815
vt 0.0000 1.1019
vt 0.2500 1.1019
vt 0.5000 1.1019
vt 0.7500 1.1019
vt 1.0000 1.1019
vt 0.5000 1.1047
vt 0.0000 0.0000
vt 0.2500 0.0000
vt 0.5000 0.0000
vt 0.7500 0.0000
vt 1.0000 0.0000
vt 0.0000 0.2374
vt 0.2500 0.2374
vt 0.5000 0.2374
vt 0.7500 0.2374
vt 1.0000 0.2374
vt 0.0000 0.4748
vt 0.2500 0.4748
vt 0.5000 0.4748
vt 0.7500 0.4748
vt 1.0000 0.4748
vt 0.0000 0.7122
vt 0.2500 0.7122
vt 0.5000 0.7122
vt 0.7500 0.7122
vt 1.0000 0.7122
vt 0.0000 0.9496
vt 0.2500 0.9496
vt 0.5000 0.9496
vt 0.7500 0.9496
vt 1.0000 0.9496
vt 0.5000 0.9523
vt 0.0000 0.0000
vt 0.2500 0.0000
vt 0.5000 0.0000
vt 0.7500 0.0000
vt 1.0000 0.0000
vt 0.0000 0.2208
vt 0.2500 0.2208
vt 0.5000 0.2208
vt 0.7500 0.2208
vt 1.0000 0.2208
vt 0.0000 0.4416
vt 0.2500 0.4416
vt 0.5000 0.4416
vt 0.7500 0.4416
vt 1.0000 0.4416
vt 0.0000 0.6624
vt 0.2500 0.6624
vt 0.5000 0.6624
vt 0.7500 0.6624
vt 1.0000 0.6624
vt 0.0000 0.8832
vt 0.2500 0.8832
vt 0.5000 0.8832
vt 0.7500 0.8832
vt 1.0000 0.8832
vt 0.5000 0.8856
vt 0.0000 0.0000
vt 0.2500 0.0000
vt 0.5000 0.0000
vt 0.7500 0.0000
vt 1.0000 0.0000
vt 0.0000 0.1793
vt 0.2500 0.1793
vt 0.5000 0.1793
vt 0.7500 0.1793
vt 1.0000 0.1793
vt 0.0000 0.3586
vt 0.2500 0.3586
vt 0.5000 0.3586
vt 0.7500 0.3586
vt 1.0000 0.3586
vt 0.0000 0.5379
vt 0.2500 0.5379
vt 0.5000 0.5379
vt 0.7500 0.5379
vt 1.0000 0.5379
vt 0.0000 0.7171
vt 0.2500 0.7171
vt 0.5000 0.7171
vt 0.7500 0.7171
vt 1.0000 0.7171
vt 0.5000 0.7198
vt 0.0000 0.0000
vt 0.2500 0.0000
vt 0.5000 0.0000
vt 0.7500 0.0000
vt 1.0000 0.0000
vt 0.0000 0.2113
vt 0.2500 0.2113
vt 0.5000 0.2113
vt 0.7500 0.2113
vt 1.0000 0.2113
vt 0.0000 0.4226
vt 0.2500 0.4226
vt 0.5000 0.4226
vt 0.7500 0.4226
vt 1.0000 0.4226
vt 0.0000 0.6338
vt 0.2500 0.6338
vt 0.5000 0.6338
vt 0.7500 0.6338
vt 1.0000 0.6338
vt 0.0000 0.8451
vt 0.2500 0.8451
vt 0.5000 0.8451
vt 0.7500 0.8451
vt 1.0000 0.8451
vt 0.0000 1.0564
vt 0.2500 1.0564
vt 0.5000 1.0564
vt 0.7500 1.0564
vt 1.0000 1.0564
vt 0.0000 1.2677
vt 0.2500 1.2677
vt 0.5000 1.2677
vt 0.7500 1.2677
vt 1.0000 1.2677
vt 0.0000 1.4790
vt 0.2500 1.4790
vt 0.5000 1.4790
vt 0.7500 1.4790
vt 1.0000 1.4790
vt 0.0000 1.6902
vt 0.2500 1.6902
vt 0.5000 1.6902
vt 0.7500 1.6902
vt 1.0000 1.6902
vt 0.5000 1.6952
vt 0.0000 0.0000
vt 0.2500 0.0000
vt 0.5000 0.0000
vt 0.7500 0.0000
vt 1.0000 0.0000
vt 0.0000 0.1417
vt 0.2500 0.1417
vt 0.5000 0.1417
vt 0.7500 0.1417
vt 1.0000 0.1417
vt 0.0000 0.2834
vt 0.2500 0.2834
vt 0.5000 0.2834
vt 0.7500 0.2834
vt 1.0000 0.2834
vt 0.0000 0.4251
vt 0.2500 0.4251
vt 0.5000 0.4251
vt 0.7500 0.4251
vt 1.0000 0.4251
vt 0.0000 0.5667
vt 0.2500 0.5667
vt 0.5000 0.5667
vt 0.7500 0.5667
vt 1.0000 0.5667
vt 0.5000 0.5688
vt 0.0000 0.0000
vt 0.2500 0.0000
vt 0.5000 0.0000
vt 0.7500 0.0000
vt 1.0000 0.0000
vt 0.0000 0.1735
vt 0.2500 0.1735
vt 0.5000 0.1735
vt 0.7500 0.1735
vt 1.0000 0.1735
vt 0.0000 0.3471
vt 0.2500 0.3471
vt 0.5000 0.3471
vt 0.7500 0.3471
vt 1.0000 0.3471
vt 0.0000 0.5206
vt 0.2500 0.5206
vt 0.5000 0.5206
vt 0.7500 0.5206
vt 1.0000 0.5206
vt 0.0000 0.6941
vt 0.2500 0.6941
vt 0.5000 0.6941
vt 0.7500 0.6941
vt 1.0000 0.6941
vt 0.5000 0.6961
vt 0.0000 0.0000
vt 0.2500 0.0000
vt 0.5000 0.0000
vt 0.7500 0.0000
vt 1.0000 0.0000
vt 0.0000 0.1720
vt 0.2500 0.1720
vt 0.5000 0.1720
vt 0.7500 0.1720
vt 1.0000 0.1720
vt 0.0000 0.3441
vt 0.2500 0.3441
vt 0.5000 0.3441
vt 0.7500 0.3441
vt 1.0000 0.3441
vt 0.0000 0.5161
vt 0.2500 0.5161
vt 0.5000 0.5161
vt 0.7500 0.5161
vt 1.0000 0.5161
vt 0.0000 0.6881
vt 0.2500 0.6881
vt 0.5000 0.6881
vt 0.7500 0.6881
vt 1.0000 0.6881
vt 0.5000 0.6902
vt 0.0000 0.0000
vt 0.2500 0.0000
vt 0.5000 0.0000
vt 0.7500 0.0000
vt 1.0000 0.0000
vt 0.0000 0.1879
vt 0.2500 0.1879
vt 0.5000 0.1879
vt 0.7500 0.1879
vt 1.0000 0.1879
vt 0.0000 0.3759
vt 0.2500 0.3759
vt 0.5000 0.3759
vt 0.7500 0.3759
vt 1.0000 0.3759
vt 0.0000 0.5638
vt 0.2500 0.5638
vt 0.5000 0.5638
vt 0.7500 0.5638
vt 1.0000 0.5638
vt 0.0000 0.7517
vt 0.2500 0.7517
vt 0.5000 0.7517
vt 0.7500 0.7517
vt 1.0000 0.7517
vt 0.5000 0.7543
vt 0.0000 0.0000
vt 0.2500 0.0000
vt 0.5000 0.0000
vt 0.7500 0.0000
vt 1.0000 0.0000
vt 0.0000 0.1713
vt 0.2500 0.1713
vt 0.5000 0.1713
vt 0.7500 0.1713
vt 1.0000 0.1713
vt 0.0000 0.3426
vt 0.2500 0.3426
vt 0.5000 0.3426
vt 0.7500 0.3426
vt 1.0000 0.3426
vt 0.0000 0.5140
vt 0.2500 0.5140
vt 0.5000 0.5140
vt 0.7500 0.5140
vt 1.0000 0.5140
vt 0.0000 0.6853
vt 0.2500 0.6853
vt 0.5000 0.6853
vt 0.7500 0.6853
vt 1.0000 0.6853
vt 0.5000 0.6879
vt 0.0000 0.0000
vt 0.2500 0.0000
vt 0.5000 0.0000
vt 0.7500 0.0000
vt 1.0000 0.0000
vt 0.0000 0.1824
vt 0.2500 0.1824
vt 0.5000 0.1824
vt 0.7500 0.1824
vt 1.0000 0.1824
vt 0.0000 0.3649
vt 0.2500 0.3649
vt 0.5000 0.3649
vt 0.7500 0.3649
vt 1.0000 0.3649
vt 0.0000 0.5473
vt 0.2500 0.5473
vt 0.5000 0.5473
vt 0.7500 0.5473
vt 1.0000 0.5473
vt 0.0000 0.7298
vt 0.2500 0.7298
vt 0.5000 0.7298
vt 0.7500 0.7298
vt 1.0000 0.7298
vt 0.5000 0.7322
vt 0.0000 0.0000
vt 0.2500 0.0000
vt 0.5000 0.0000
vt 0.7500 0.0000
vt 1.0000 0.0000
vt 0.0000 0.1704
vt 0.2500 0.1704
vt 0.5000 0.1704
vt 0.7500 0.1704
vt 1.0000 0.1704
vt 0.0000 0.3407
vt 0.2500 0.3407
vt 0.5000 0.3407
vt 0.7500 0.3407
vt 1.0000 0.3407
vt 0.0000 0.5111
vt 0.2500 0.5111
vt 0.5000 0.5111
vt 0.7500 0.5111
vt 1.0000 0.5111
vt 0.0000 0.6815
vt 0.2500 0.6815
vt 0.5000 0.6815
vt 0.7500 0.6815
vt 1.0000 0.6815
vt 0.5000 0.6841
vt 0.0000 0.0000
vt 0.2500 0.0000
vt 0.5000 0.0000
vt 0.7500 0.0000
vt 1.0000 0.0000
vt 0.0000 0.1383
vt 0.2500 0.1383
vt 0.5000 0.1383
vt 0.7500 0.1383
vt 1.0000 0.1383
vt 0.0000 0.2767
vt 0.2500 0.2767
vt 0.5000 0.2767
vt 0.7500 0.2767
vt 1.0000 0.2767
vt 0.0000 0.4150
vt 0.2500 0.4150
vt 0.5000 0.4150
vt 0.7500 0.4150
vt 1.0000 0.4150
vt 0.0000 0.5534
vt 0.2500 0.5534
vt 0.5000 0.5534
vt 0.7500 0.5534
vt 1.0000 0.5534
vt 0.5000 0.5552
vt 0.0000 0.0000
vt 0.2500 0.0000
vt 0.5000 0.0000
vt 0.7500 0.0000
vt 1.0000 0.0000
vt 0.0000 0.2215
vt 0.2500 0.2215
vt 0.5000 0.2215
vt 0.7500 0.2215
vt 1.0000 0.2215
vt 0.0000 0.4430
vt 0.2500 0.4430
vt 0.5000 0.4430
vt 0.7500 0.4430
vt 1.0000 0.4430
vt 0.0000 0.6645
vt 0.2500 0.6645
vt 0.5000 0.6645
vt 0.7500 0.6645
vt 1.0000 0.6645
vt 0.0000 0.8860
vt 0.2500 0.8860
vt 0.5000 0.8860
vt 0.7500 0.8860
vt 1.0000 0.8860
vt 0.0000 1.1075
vt 0.2500 1.1075
vt 0.5000 1.1075
vt 0.7500 1.1075
vt 1.0000 1.1075
vt 0.0000 1.3290
vt 0.2500 1.3290
vt 0.5000 1.3290
vt 0.7500 1.3290
vt 1.0000 1.3290
vt 0.0000 1.5505
vt 0.2500 1.5505
vt 0.5000 1.5505
vt 0.7500 1.5505
vt 1.0000 1.5505
vt 0.5000 1.5557
vt 0.0000 0.0000
vt 0.2500 0.0000
vt 0.5000 0.0000
vt 0.7500 0.0000
vt 1.0000 0.0000
vt 0.0000 0.1798
vt 0.2500 0.1798
vt 0.5000 0.1798
vt 0.7500 0.1798
vt 1.0000 0.1798
vt 0.0000 0.3596
vt 0.2500 0.3596
vt 0.5000 0.3596
vt 0.7500 0.3596
vt 1.0000 0.3596
vt 0.0000 0.5395
vt 0.2500 0.5395
vt 0.5000 0.5395
vt 0.7500 0.5395
vt 1.0000 0.5395
vt 0.0000 0.7193
vt 0.2500 0.7193
vt 0.5000 0.7193
vt 0.7500 0.7193
vt 1.0000 0.7193
vt 0.5000 0.7216
vt 0.0000 0.0000
vt 0.2500 0.0000
vt 0.5000 0.0000
vt 0.7500 0.0000
vt 1.0000 0.0000
vt 0.0000 0.1895
vt 0.2500 0.1895
vt 0.5000 0.1895
vt 0.7500 0.1895
vt 1.0000 0.1895
vt 0.0000 0.3791
vt 0.2500 0.3791
vt 0.5000 0.3791
vt 0.7500 0.3791
vt 1.0000 0.3791
vt 0.0000 0.5686
vt 0.2500 0.5686
vt 0.5000 0.5686
vt 0.7500 0.5686
vt 1.0000 0.5686
vt 0.0000 0.7581
vt 0.2500 0.7581
vt 0.5000 0.7581
vt 0.7500 0.7581
vt 1.0000 0.7581
vt 0.5000 0.7605
vt 0.0000 0.0000
vt 0.2500 0.0000
vt 0.5000 0.0000
vt 0.7500 0.0000
vt 1.0000 0.0000
vt 0.0000 0.1941
vt 0.2500 0.1941
vt 0.5000 0.1941
vt 0.7500 0.1941
vt 1.0000 0.1941
vt 0.0000 0.3882
vt 0.2500 0.3882
vt 0.5000 0.3882
vt 0.7500 0.3882
vt 1.0000 0.3882
vt 0.0000 0.5823
vt 0.2500 0.5823
vt 0.5000 0.5823
vt 0.7500 0.5823
vt 1.0000 0.5823
vt 0.0000 0.7764
vt 0.2500 0.7764
vt 0.5000 0.7764
vt 0.7500 0.7764
vt 1.0000 0.7764
vt 0.5000 0.7788
vt 0.0000 0.0000
vt 0.2500 0.0000
vt 0.5000 0.0000
vt 0.7500 0.0000
vt 1.0000 0.0000
vt 0.0000 0.1348
vt 0.2500 0.1348
vt 0.5000 0.1348
vt 0.7500 0.1348
vt 1.0000 0.1348
vt 0.0000 0.2696
vt 0.2500 0.2696
vt 0.5000 0.2696
vt 0.7500 0.2696
vt 1.0000 0.2696
vt 0.0000 0.4044
vt 0.2500 0.4044
vt 0.5000 0.4044
vt 0.7500 0.4044
vt 1.0000 0.4044
vt 0.0000 0.5392
vt 0.2500 0.5392
vt 0.5000 0.5392
vt 0.7500 0.5392
vt 1.0000 0.5392
vt 0.5000 0.5411
vt 0.0000 0.0000
vt 0.2500 0.0000
vt 0.5000 0.0000
vt 0.7500 0.0000
vt 1.0000 0.0000
vt 0.0000 0.1895
vt 0.2500 0.1895
vt 0.5000 0.1895
vt 0.7500 0.1895
vt 1.0000 0.1895
vt 0.0000 0.3791
vt 0.2500 0.3791
vt 0.5000 0.3791
vt 0.7500 0.3791
vt 1.0000 0.3791
vt 0.0000 0.5686
vt 0.2500 0.5686
vt 0.5000 0.5686
vt 0.7500 0.5686
vt 1.0000 0.5686
vt 0.0000 0.7582
vt 0.2500 0.7582
vt 0.5000 0.7582
vt 0.7500 0.7582
vt 1.0000 0.7582
vt 0.5000 0.7608
vt 0.0000 0.0000
vt 0.2500 0.0000
vt 0.5000 0.0000
vt 0.7500 0.0000
vt 1.0000 0.0000
vt 0.0000 0.1935
vt 0.2500 0.1935
vt 0.5000 0.1935
vt 0.7500 0.1935
vt 1.0000 0.1935
vt 0.0000 0.3870
vt 0.2500 0.3870
vt 0.5000 0.3870
vt 0.7500 0.3870
vt 1.0000 0.3870
vt 0.0000 0.5805
vt 0.2500 0.5805
vt 0.5000 0.5805
vt 0.7500 0.5805
vt 1.0000 0.5805
vt 0.0000 0.7740
vt 0.2500 0.7740
vt 0.5000 0.7740
vt 0.7500 0.7740
vt 1.0000 0.7740
vt 0.5000 0.7766
vt 0.0000 0.0000
vt 0.2500 0.0000
vt 0.5000 0.0000
vt 0.7500 0.0000
vt 1.0000 0.0000
vt 0.0000 0.1296
vt 0.2500 0.1296
vt 0.5000 0.1296
vt 0.7500 0.1296
vt 1.0000 0.1296
vt 0.0000 0.2593
vt 0.2500 0.2593
vt 0.5000 0.2593
vt 0.7500 0.2593
vt 1.0000 0.2593
vt 0.0000 0.3889
vt 0.2500 0.3889
vt 0.5000 0.3889
vt 0.7500 0.3889
vt 1.0000 0.3889
vt 0.0000 0.5185
vt 0.2500 0.5185
vt 0.5000 0.5185
vt 0.7500 0.5185
vt 1.0000 0.5185
vt 0.5000 0.5207
vt 0.0000 0.0000
vt 0.2500 0.0000
vt 0.5000 0.0000
vt 0.7500 0.0000
vt 1.0000 0.0000
vt 0.0000 0.2206
vt 0.2500 0.2206
vt 0.5000 0.2206
vt 0.7500 0.2206
vt 1.0000 0.2206
vt 0.0000 0.4412
vt 0.2500 0.4412
vt 0.5000 0.4412
vt 0.7500 0.4412
vt 1.0000 0.4412
vt 0.0000 0.6618
vt 0.2500 0.6618
vt 0.5000 0.6618
vt 0.7500 0.6618
vt 1.0000 0.6618
vt 0.0000 0.8824
vt 0.2500 0.8824
vt 0.5000 0.8824
vt 0.7500 0.8824
vt 1.0000 0.8824
vt 0.0000 1.1030
vt 0.2500 1.1030
vt 0.5000 1.1030
vt 0.7500 1.1030
vt 1.0000 1.1030
vt 0.0000 1.3237
vt 0.2500 1.3237
vt 0.5000 1.3237
vt 0.7500 1.3237
vt 1.0000 1.3237
vt 0.0000 1.5443
vt 0.2500 1.5443
vt 0.5000 1.5443
vt 0.7500 1.5443
vt 1.0000 1.5443
vt 0.0000 1.7649
vt 0.2500 1.7649
vt 0.5000 1.7649
vt 0.7500 1.7649
vt 1.0000 1.7649
vt 0.5000 1.7690
vt 0.0000 0.0000
vt 0.2500 0.0000
vt 0.5000 0.0000
vt 0.7500 0.0000
vt 1.0000 0.0000
vt 0.0000 0.2369
vt 0.2500 0.2369
vt 0.5000 0.2369
vt 0.7500 0.2369
vt 1.0000 0.2369
vt 0.0000 0.4738
vt 0.2500 0.4738
vt 0.5000 0.4738
vt 0.7500 0.4738
vt 1.0000 0.4738
vt 0.0000 0.7107
vt 0.2500 0.7107
vt 0.5000 0.7107
vt 0.7500 0.7107
vt 1.0000 0.7107
vt 0.0000 0.9476
vt 0.2500 0.9476
vt 0.5000 0.9476
vt 0.7500 0.9476
vt 1.0000 0.9476
vt 0.5000 0.9499
vt 0.0000 0.0000
vt 0.2500 0.0000
vt 0.5000 0.0000
vt 0.7500 0.0000
vt 1.0000 0.0000
vt 0.0000 0.2006
vt 0.2500 0.2006
vt 0.5000 0.2006
vt 0.7500 0.2006
vt 1.0000 0.2006
vt 0.0000 0.4012
vt 0.2500 0.4012
vt 0.5000 0.4012
vt 0.7500 0.4012
vt 1.0000 0.4012
vt 0.0000 0.6018
vt 0.2500 0.6018
vt 0.5000 0.6018
vt 0.7500 0.6018
vt 1.0000 0.6018
vt 0.0000 0.8023
vt 0.2500 0.8023
vt 0.5000 0.8023
vt 0.7500 0.8023
vt 1.0000 0.8023
vt 0.5000 0.8044
vt 0.0000 0.0000
vt 0.2500 0.0000
vt 0.5000 0.0000
vt 0.7500 0.0000
vt 1.0000 0.0000
vt 0.0000 0.2126
vt 0.2500 0.2126
vt 0.5000 0.2126
vt 0.7500 0.2126
vt 1.0000 0.2126
vt 0.0000 0.4252
vt 0.2500 0.4252
vt 0.5000 0.4252
vt 0.7500 0.4252
vt 1.0000 0.4252
vt 0.0000 0.6378
vt 0.2500 0.6378
vt 0.5000 0.6378
vt 0.7500 0.6378
vt 1.0000 0.6378
vt 0.0000 0.8504
vt 0.2500 0.8504
vt 0.5000 0.8504
vt 0.7500 0.8504
vt 1.0000 0.8504
vt 0.5000 0.8528
vt 0.0000 0.0000
vt 0.2500 0.0000
vt 0.5000 0.0000
vt 0.7500 0.0000
vt 1.0000 0.0000
vt 0.0000 0.2021
vt 0.2500 0.2021
vt 0.5000 0.2021
vt 0.7500 0.2021
vt 1.0000 0.2021
vt 0.0000 0.4042
vt 0.2500 0.4042
vt 0.5000 0.4042
vt 0.7500 0.4042
vt 1.0000 0.4042
vt 0.0000 0.6062
vt 0.2500 0.6062
vt 0.5000 0.6062
vt 0.7500 0.6062
vt 1.0000 0.6062
vt 0.0000 0.8083
vt 0.2500 0.8083
vt 0.5000 0.8083
vt 0.7500 0.8083
vt 1.0000 0.8083
vt 0.5000 0.8108
vt 0.0000 0.0000
vt 0.2500 0.0000
vt 0.5000 0.0000
vt 0.7500 0.0000
vt 1.0000 0.0000
vt 0.0000 0.1856
vt 0.2500 0.1856
vt 0.5000 0.1856
vt 0.7500 0.1856
vt 1.0000 0.1856
vt 0.0000 0.3711
vt 0.2500 0.3711
vt 0.5000 0.3711
vt 0.7500 0.3711
vt 1.0000 0.3711
vt 0.0000 0.5567
vt 0.2500 0.5567
vt 0.5000 0.5567
vt 0.7500 0.5567
vt 1.0000 0.5567
vt 0.0000 0.7422
vt 0.2500 0.7422
vt 0.5000 0.7422
vt 0.7500 0.7422
vt 1.0000 0.7422
vt 0.5000 0.7446
vt 0.0000 0.0000
vt 0.2500 0.0000
vt 0.5000 0.0000
vt 0.7500 0.0000
vt 1.0000 0.0000
vt 0.0000 0.2358
vt 0.2500 0.2358
vt 0.5000 0.2358
vt 0.7500 0.2358
vt 1.0000 0.2358
vt 0.0000 0.4716
vt 0.2500 0.4716
vt 0.5000 0.4716
vt 0.7500 0.4716
vt 1.0000 0.4716
vt 0.0000 0.7074
vt 0.2500 0.7074
vt 0.5000 0.7074
vt 0.7500 0.7074
vt 1.0000 0.7074
vt 0.0000 0.9432
vt 0.2500 0.9432
vt 0.5000 0.9432
vt 0.7500 0.9432
vt 1.0000 0.9432
vt 0.5000 0.9457
vt 0.0000 0.0000
vt 0.2500 0.0000
vt 0.5000 0.0000
vt 0.7500 0.0000
vt 1.0000 0.0000
vt 0.0000 0.1880
vt 0.2500 0.1880
vt 0.5000 0.1880
vt 0.7500 0.1880
vt 1.0000 0.1880
vt 0.0000 0.3759
vt 0.2500 0.3759
vt 0.5000 0.3759
vt 0.7500 0.3759
vt 1.0000 0.3759
vt 0.0000 0.5639
vt 0.2500 0.5639
vt 0.5000 0.5639
vt 0.7500 0.5639
vt 1.0000 0.5639
vt 0.0000 0.7518
vt 0.2500 0.7518
vt 0.5000 0.7518
vt 0.7500 0.7518
vt 1.0000 0.7518
vt 0.5000 0.7537
vt 0.0000 0.0000
vt 0.2500 0.0000
vt 0.5000 0.0000
vt 0.7500 0.0000
vt 1.0000 0.0000
vt 0.0000 0.2059
vt 0.2500 0.2059
vt 0.5000 0.2059
vt 0.7500 0.2059
vt 1.0000 0.2059
vt 0.0000 0.4119
vt 0.2500 0.4119
vt 0.5000 0.4119
vt 0.7500 0.4119
vt 1.0000 0.4119
vt 0.0000 0.6178
vt 0.2500 0.6178
vt 0.5000 0.6178
vt 0.7500 0.6178
vt 1.0000 0.6178
vt 0.0000 0.8238
vt 0.2500 0.8238
vt 0.5000 0.8238
vt 0.7500 0.8238
vt 1.0000 0.8238
vt 0.5000 0.8261
vt 0.0000 0.0000
vt 0.2500 0.0000
vt 0.5000 0.0000
vt 0.7500 0.0000
vt 1.0000 0.0000
vt 0.0000 0.2400
vt 0.2500 0.2400
vt 0.5000 0.2400
vt 0.7500 0.2400
vt 1.0000 0.2400
vt 0.0000 0.4799
vt 0.2500 0.4799
vt 0.5000 0.4799
vt 0.7500 0.4799
vt 1.0000 0.4799
vt 0.0000 0.7199
vt 0.2500 0.7199
vt 0.5000 0.7199
vt 0.7500 0.7199
vt 1.0000 0.7199
vt 0.0000 0.9598
vt 0.2500 0.9598
vt 0.5000 0.9598
vt 0.7500 0.9598
vt 1.0000 0.9598
vt 0.0000 1.1998
vt 0.2500 1.1998
vt 0.5000 1.1998
vt 0.7500 1.1998
vt 1.0000 1.1998
vt 0.0000 1.4397
vt 0.2500 1.4397
vt 0.5000 1.4397
vt 0.7500 1.4397
vt 1.0000 1.4397
vt 0.5000 1.4435
vt 0.0000 0.0000
vt 0.2500 0.0000
vt 0.5000 0.0000
vt 0.7500 0.0000
vt 1.0000 0.0000
vt 0.0000 0.1227
vt 0.2500 0.1227
vt 0.5000 0.1227
vt 0.7500 0.1227
vt 1.0000 0.1227
vt 0.0000 0.2454
vt 0.2500 0.2454
vt 0.5000 0.2454
vt 0.7500 0.2454
vt 1.0000 0.2454
vt 0.0000 0.3681
vt 0.2500 0.3681
vt 0.5000 0.3681
vt 0.7500 0.3681
vt 1.0000 0.3681
vt 0.0000 0.4908
vt 0.2500 0.4908
vt 0.5000 0.4908
vt 0.7500 0.4908
vt 1.0000 0.4908
vt 0.5000 0.4927
vt 0.0000 0.0000
vt 0.2500 0.0000
vt 0.5000 0.0000
vt 0.7500 0.0000
vt 1.0000 0.0000
vt 0.0000 0.1595
vt 0.2500 0.1595
vt 0.5000 0.1595
vt 0.7500 0.1595
vt 1.0000 0.1595
vt 0.0000 0.3190
vt 0.2500 0.3190
vt 0.5000 0.3190
vt 0.7500 0.3190
vt 1.0000 0.3190
vt 0.0000 0.4785
vt 0.2500 0.4785
vt 0.5000 0.4785
vt 0.7500 0.4785
vt 1.0000 0.4785
vt 0.0000 0.6380
vt 0.2500 0.6380
vt 0.5000 0.6380
vt 0.7500 0.6380
vt 1.0000 0.6380
vt 0.5000 0.6397
vt 0.0000 0.0000
vt 0.2500 0.0000
vt 0.5000 0.0000
vt 0.7500 0.0000
vt 1.0000 0.0000
vt 0.0000 0.1469
vt 0.2500 0.1469
vt 0.5000 0.1469
vt 0.7500 0.1469
vt 1.0000 0.1469
vt 0.0000 0.2938
vt 0.2500 0.2938
vt 0.5000 0.2938
vt 0.7500 0.2938
vt 1.0000 0.2938
vt 0.0000 0.4407
vt 0.2500 0.4407
vt 0.5000 0.4407
vt 0.7500 0.4407
vt 1.0000 0.4407
vt 0.0000 0.5876
vt 0.2500 0.5876
vt 0.5000 0.5876
vt 0.7500 0.5876
vt 1.0000 0.5876
vt 0.5000 0.5893
vt 0.0000 0.0000
vt 0.2500 0.0000
vt 0.5000 0.0000
vt 0.7500 0.0000
vt 1.0000 0.0000
vt 0.0000 0.1436
vt 0.2500 0.1436
vt 0.5000 0.1436
vt 0.7500 0.1436
vt 1.0000 0.1436
vt 0.0000 0.2873
vt 0.2500 0.2873
vt 0.5000 0.2873
vt 0.7500 0.2873
vt 1.0000 0.2873
vt 0.0000 0.4309
vt 0.2500 0.4309
vt 0.5000 0.4309
vt 0.7500 0.4309
vt 1.0000 0.4309
vt 0.0000 0.5745
vt 0.2500 0.5745
vt 0.5000 0.5745
vt 0.7500 0.5745
vt 1.0000 0.5745
vt 0.5000 0.5768
vt 0.0000 0.0000
vt 0.2500 0.0000
vt 0.5000 0.0000
vt 0.7500 0.0000
vt 1.0000 0.0000
vt 0.0000 0.1272
vt 0.2500 0.1272
vt 0.5000 0.1272
vt 0.7500 0.1272
vt 1.0000 0.1272
vt 0.0000 0.2544
vt 0.2500 0.2544
vt 0.5000 0.2544
vt 0.7500 0.2544
vt 1.0000 0.2544
vt 0.0000 0.3816
vt 0.2500 0.3816
vt 0.5000 0.3816
vt 0.7500 0.3816
vt 1.0000 0.3816
vt 0.0000 0.5087
vt 0.2500 0.5087
vt 0.5000 0.5087
vt 0.7500 0.5087
vt 1.0000 0.5087
vt 0.5000 0.5106
vt 0.0000 0.0000
vt 0.2500 0.0000
vt 0.5000 0.0000
vt 0.7500 0.0000
vt 1.0000 0.0000
vt 0.0000 0.1236
vt 0.2500 0.1236
vt 0.5000 0.1236
vt 0.7500 0.1236
vt 1.0000 0.1236
vt 0.0000 0.2471
vt 0.2500 0.2471
vt 0.5000 0.2471
vt 0.7500 0.2471
vt 1.0000 0.2471
vt 0.0000 0.3707
vt 0.2500 0.3707
vt 0.5000 0.3707
vt 0.7500 0.3707
vt 1.0000 0.3707
vt 0.0000 0.4943
vt 0.2500 0.4943
vt 0.5000 0.4943
vt 0.7500 0.4943
vt 1.0000 0.4943
vt 0.5000 0.4960
vt 0.0000 0.0000
vt 0.2500 0.0000
vt 0.5000 0.0000
vt 0.7500 0.0000
vt 1.0000 0.0000
vt 0.0000 0.1605
vt 0.2500 0.1605
vt 0.5000 0.1605
vt 0.7500 0.1605
vt 1.0000 0.1605
vt 0.0000 0.3210
vt 0.2500 0.3210
vt 0.5000 0.3210
vt 0.7500 0.3210
vt 1.0000 0.3210
vt 0.0000 0.4815
vt 0.2500 0.4815
vt 0.5000 0.4815
vt 0.7500 0.4815
vt 1.0000 0.4815
vt 0.0000 0.6420
vt 0.2500 0.6420
vt 0.5000 0.6420
vt 0.7500 0.6420
vt 1.0000 0.6420
vt 0.5000 0.6441
vt 0.0000 0.0000
vt 0.2500 0.0000
vt 0.5000 0.0000
vt 0.7500 0.0000
vt 1.0000 0.0000
vt 0.0000 0.2196
vt 0.2500 0.2196
vt 0.5000 0.2196
vt 0.7500 0.2196
vt 1.0000 0.2196
vt 0.0000 0.4392
vt 0.2500 0.4392
vt 0.5000 0.4392
vt 0.7500 0.4392
vt 1.0000 0.4392
vt 0.0000 0.6587
vt 0.2500 0.6587
vt 0.5000 0.6587
vt 0.7500 0.6587
vt 1.0000 0.6587
vt 0.0000 0.8783
vt 0.2500 0.8783
vt 0.5000 0.8783
vt 0.7500 0.8783
vt 1.0000 0.8783
vt 0.0000 1.0979
vt 0.2500 1.0979
vt 0.5000 1.0979
vt 0.7500 1.0979
vt 1.0000 1.0979
vt 0.0000 1.3175
vt 0.2500 1.3175
vt 0.5000 1.3175
vt 0.7500 1.3175
vt 1.0000 1.3175
vt 0.0000 1.5371
vt 0.2500 1.5371
vt 0.5000 1.5371
vt 0.7500 1.5371
vt 1.0000 1.5371
vt 0.0000 1.7567
vt 0.2500 1.7567
vt 0.5000 1.7567
vt 0.7500 1.7567
vt 1.0000 1.7567
vt 0.5000 1.7613
vt 0.0000 0.0000
vt 0.2500 0.0000
vt 0.5000 0.0000
vt 0.7500 0.0000
vt 1.0000 0.0000
vt 0.0000 0.2003
vt 0.2500 0.2003
vt 0.5000 0.2003
vt 0.7500 0.2003
vt 1.0000 0.2003
vt 0.0000 0.4005
vt 0.2500 0.4005
vt 0.5000 0.4005
vt 0.7500 0.4005
vt 1.0000 0.4005
vt 0.0000 0.6008
vt 0.2500 0.6008
vt 0.5000 0.6008
vt 0.7500 0.6008
vt 1.0000 0.6008
vt 0.0000 0.8011
vt 0.2500 0.8011
vt 0.5000 0.8011
vt 0.7500 0.8011
vt 1.0000 0.8011
vt 0.5000 0.8036
vt 0.0000 0.0000
vt 0.2500 0.0000
vt 0.5000 0.0000
vt 0.7500 0.0000
vt 1.0000 0.0000
vt 0.0000 0.2138
vt 0.2500 0.2138
vt 0.5000 0.2138
vt 0.7500 0.2138
vt 1.0000 0.2138
vt 0.0000 0.4276
vt 0.2500 0.4276
vt 0.5000 0.4276
vt 0.7500 0.4276
vt 1.0000 0.4276
vt 0.0000 0.6414
vt 0.2500 0.6414
vt 0.5000 0.6414
vt 0.7500 0.6414
vt 1.0000 0.6414
vt 0.0000 0.8552
vt 0.2500 0.8552
vt 0.5000 0.8552
vt 0.7500 0.8552
vt 1.0000 0.8552
vt 0.5000 0.8573
vt 0.0000 0.0000
vt 0.2500 0.0000
vt 0.5000 0.0000
vt 0.7500 0.0000
vt 1.0000 0.0000
vt 0.0000 0.1908
vt 0.2500 0.1908
vt 0.5000 0.1908
vt 0.7500 0.1908
vt 1.0000 0.1908
vt 0.0000 0.3815
vt 0.2500 0.3815
vt 0.5000 0.3815
vt 0.7500 0.3815
vt 1.0000 0.3815
vt 0.0000 0.5723
vt 0.2500 0.5723
vt 0.5000 0.5723
vt 0.7500 0.5723
vt 1.0000 0.5723
vt 0.0000 0.7630
vt 0.2500 0.7630
vt 0.5000 0.7630
vt 0.7500 0.7630
vt 1.0000 0.7630
vt 0.5000 0.7652
vt 0.0000 0.0000
vt 0.2500 0.0000
vt 0.5000 0.0000
vt 0.7500 0.0000
vt 1.0000 0.0000
vt 0.0000 0.1803
vt 0.2500 0.1803
vt 0.5000 0.1803
vt 0.7500 0.1803
vt 1.0000 0.1803
vt 0.0000 0.3607
vt 0.2500 0.3607
vt 0.5000 0.3607
vt 0.7500 0.3607
vt 1.0000 0.3607
vt 0.0000 0.5410
vt 0.2500 0.5410
vt 0.5000 0.5410
vt 0.7500 0.5410
vt 1.0000 0.5410
vt 0.0000 0.7213
vt 0.2500 0.7213
vt 0.5000 0.7213
vt 0.7500 0.7213
vt 1.0000 0.7213
vt 0.5000 0.7235
vt 0.0000 0.0000
vt 0.2500 0.0000
vt 0.5000 0.0000
vt 0.7500 0.0000
vt 1.0000 0.0000
vt 0.0000 0.1983
vt 0.2500 0.1983
vt 0.5000 0.1983
vt 0.7500 0.1983
vt 1.0000 0.1983
vt 0.0000 0.3967
vt 0.2500 0.3967
vt 0.5000 0.3967
vt 0.7500 0.3967
vt 1.0000 0.3967
vt 0.0000 0.5950
vt 0.2500 0.5950
vt 0.5000 0.5950
vt 0.7500 0.5950
vt 1.0000 0.5950
vt 0.0000 0.7933
vt 0.2500 0.7933
vt 0.5000 0.7933
vt 0.7500 0.7933
vt 1.0000 0.7933
vt 0.5000 0.7953
vt 0.0000 0.0000
vt 0.2500 0.0000
vt 0.5000 0.0000
vt 0.7500 0.0000
vt 1.0000 0.0000
vt 0.0000 0.1723
vt 0.2500 0.1723
vt 0.5000 0.1723
vt 0.7500 0.1723
vt 1.0000 0.1723
vt 0.0000 0.3445
vt 0.2500 0.3445
vt 0.5000 0.3445
vt 0.7500 0.3445
vt 1.0000 0.3445
vt 0.0000 0.5168
vt 0.2500 0.5168
vt 0.5000 0.5168
vt 0.7500 0.5168
vt 1.0000 0.5168
vt 0.0000 0.6890
vt 0.2500 0.6890
vt 0.5000 0.6890
vt 0.7500 0.6890
vt 1.0000 0.6890
vt 0.5000 0.6915
vt 0.0000 0.0000
vt 0.2500 0.0000
vt 0.5000 0.0000
vt 0.7500 0.0000
vt 1.0000 0.0000
vt 0.0000 0.1888
vt 0.2500 0.1888
vt 0.5000 0.1888
vt 0.7500 0.1888
vt 1.0000 0.1888
vt 0.0000 0.3775
vt 0.2500 0.3775
vt 0.5000 0.3775
vt 0.7500 0.3775
vt 1.0000 0.3775
vt 0.0000 0.5663
vt 0.2500 0.5663
vt 0.5000 0.5663
vt 0.7500 0.5663
vt 1.0000 0.5663
vt 0.0000 0.7551
vt 0.2500 0.7551
vt 0.5000 0.7551
vt 0.7500 0.7551
vt 1.0000 0.7551
vt 0.5000 0.7569
vt 0.0000 0.0000
vt 0.2500 0.0000
vt 0.5000 0.0000
vt 0.7500 0.0000
vt 1.0000 0.0000
vt 0.0000 0.1894
vt 0.2500 0.1894
vt 0.5000 0.1894
vt 0.7500 0.1894
vt 1.0000 0.1894
vt 0.0000 0.3788
vt 0.2500 0.3788
vt 0.5000 0.3788
vt 0.7500 0.3788
vt 1.0000 0.3788
vt 0.0000 0.5682
vt 0.2500 0.5682
vt 0.5000 0.5682
vt 0.7500 0.5682
vt 1.0000 0.5682
vt 0.0000 0.7576
vt 0.2500 0.7576
vt 0.5000 0.7576
vt 0.7500 0.7576
vt 1.0000 0.7576
vt 0.5000 0.7603
vn 0.612 0.080 0.787
vn 0.933 0.106 -0.343
vn -0.035 -0.014 -0.999
vn -0.955 -0.115 -0.274
vn -0.555 -0.057 0.830
vn 0.612 0.080 0.787
vn 0.615 0.026 0.788
vn 0.939 0.034 -0.342
vn -0.034 -0.005 -0.999
vn -0.960 -0.037 -0.276
vn -0.559 -0.018 0.829
vn 0.615 0.026 0.788
vn 0.614 -0.027 0.789
vn 0.940 -0.023 -0.341
vn -0.033 0.012 -0.999
vn -0.960 0.031 -0.277
vn -0.560 0.007 0.828
vn 0.614 -0.027 0.789
vn 0.614 0.020 0.789
vn 0.940 0.016 -0.340
vn -0.033 -0.010 -0.999
vn -0.960 -0.022 -0.278
vn -0.561 -0.003 0.828
vn 0.614 0.020 0.789
vn 0.608 0.123 0.784
vn 0.938 0.053 -0.342
vn -0.028 -0.090 -0.996
vn -0.956 -0.108 -0.274
vn -0.563 0.023 0.826
vn 0.608 0.123 0.784
vn 0.604 0.172 0.778
vn 0.939 0.044 -0.341
vn -0.024 -0.145 -0.989
vn -0.954 -0.133 -0.270
vn -0.566 0.062 0.822
vn 0.604 0.172 0.778
vn 0.609 0.096 0.787
vn 0.941 0.018 -0.338
vn -0.028 -0.085 -0.996
vn -0.958 -0.071 -0.277
vn -0.564 0.041 0.825
vn 0.609 0.096 0.787
vn 0.611 0.037 0.791
vn 0.941 0.000 -0.337
vn -0.029 -0.037 -0.999
vn -0.960 -0.023 -0.280
vn -0.564 0.022 0.826
vn 0.611 0.037 0.791
vn 0.609 -0.008 0.793
vn 0.940 -0.084 -0.332
vn -0.028 -0.044 -0.999
vn -0.957 0.056 -0.285
vn -0.563 0.079 0.822
vn 0.609 -0.008 0.793
vn 0.608 -0.017 0.794
vn 0.935 -0.135 -0.329
vn -0.030 -0.066 -0.997
vn -0.953 0.094 -0.288
vn -0.559 0.124 0.820
vn 0.608 -0.017 0.794
vn 0.614 0.049 0.787
vn 0.936 -0.121 -0.330
vn -0.036 -0.124 -0.992
vn -0.958 0.044 -0.282
vn -0.556 0.151 0.817
vn 0.614 0.049 0.787
vn 0.617 0.078 0.783
vn 0.935 -0.129 -0.330
vn -0.039 -0.157 -0.987
vn -0.959 0.032 -0.280
vn -0.554 0.177 0.814
vn 0.617 0.078 0.783
vn 0.615 0.042 0.787
vn 0.938 -0.091 -0.335
vn -0.036 -0.098 -0.995
vn -0.960 0.030 -0.279
vn -0.557 0.117 0.822
vn 0.615 0.042 0.787
vn 0.616 0.068 0.785
vn 0.939 -0.047 -0.339
vn -0.035 -0.097 -0.995
vn -0.961 -0.013 -0.275
vn -0.559 0.089 0.824
vn 0.616 0.068 0.785
vn 0.614 0.131 0.778
vn 0.939 -0.003 -0.344
vn -0.034 -0.133 -0.991
vn -0.960 -0.080 -0.268
vn -0.559 0.084 0.825
vn 0.614 0.131 0.778
vn 0.612 0.167 0.773
vn 0.937 0.029 -0.348
vn -0.032 -0.149 -0.988
vn -0.957 -0.121 -0.263
vn -0.559 0.074 0.826
vn 0.612 0.167 0.773
vn 0.607 0.214 0.766
vn 0.935 0.048 -0.351
vn -0.029 -0.184 -0.982
vn -0.953 -0.162 -0.256
vn -0.560 0.084 0.824
vn 0.607 0.214 0.766
vn 0.606 0.221 0.764
vn 0.931 0.077 -0.356
vn -0.030 -0.174 -0.984
vn -0.950 -0.184 -0.252
vn -0.557 0.060 0.828
vn 0.606 0.221 0.764
vn -0.145 0.975 -0.168
vn -0.824 0.204 -0.528
vn -0.565 -0.356 0.744
vn 0.824 -0.204 0.528
vn 0.565 0.356 -0.744
vn -0.824 0.204 -0.528
vn -0.824 0.193 -0.533
vn -0.565 -0.364 0.741
vn 0.824 -0.193 0.533
vn 0.565 0.364 -0.741
vn -0.824 0.193 -0.533
vn -0.818 0.128 -0.561
vn -0.564 -0.372 0.737
vn 0.818 -0.128 0.561
vn 0.564 0.372 -0.737
vn -0.818 0.128 -0.561
vn -0.815 0.101 -0.571
vn -0.570 -0.317 0.758
vn 0.815 -0.101 0.571
vn 0.570 0.317 -0.758
vn -0.815 0.101 -0.571
vn -0.817 0.164 -0.553
vn -0.577 -0.232 0.783
vn 0.817 -0.164 0.553
vn 0.577 0.232 -0.783
vn -0.817 0.164 -0.553
vn -0.817 0.158 -0.555
vn -0.577 -0.252 0.777
vn 0.817 -0.158 0.555
vn 0.577 0.252 -0.777
vn -0.817 0.158 -0.555
vn -0.814 0.120 -0.568
vn -0.575 -0.301 0.760
vn 0.814 -0.120 0.568
vn 0.575 0.301 -0.760
vn -0.814 0.120 -0.568
vn -0.080 0.946 0.314
vn -0.776 0.174 -0.607
vn -0.556 0.266 0.788
vn 0.776 -0.174 0.607
vn 0.556 -0.266 -0.788
vn -0.776 0.174 -0.607
vn -0.779 0.162 -0.605
vn -0.565 0.238 0.790
vn 0.779 -0.162 0.605
vn 0.565 -0.238 -0.790
vn -0.779 0.162 -0.605
vn -0.778 0.165 -0.606
vn -0.565 0.238 0.790
vn 0.778 -0.165 0.606
vn 0.565 -0.238 -0.790
vn -0.778 0.165 -0.606
vn -0.755 0.234 -0.613
vn -0.553 0.277 0.786
vn 0.755 -0.234 0.613
vn 0.553 -0.277 -0.786
vn -0.755 0.234 -0.613
vn -0.732 0.288 -0.617
vn -0.549 0.288 0.785
vn 0.732 -0.288 0.617
vn 0.549 -0.288 -0.785
vn -0.732 0.288 -0.617
vn 0.403 0.914 -0.053
vn -0.057 -0.159 0.986
vn 0.757 0.636 0.147
vn 0.057 0.159 -0.986
vn -0.757 -0.636 -0.147
vn -0.057 -0.159 0.986
vn -0.086 -0.125 0.988
vn 0.762 0.631 0.146
vn 0.086 0.125 -0.988
vn -0.762 -0.631 -0.146
vn -0.086 -0.125 0.988
vn -0.141 -0.057 0.988
vn 0.773 0.617 0.146
vn 0.141 0.057 -0.988
vn -0.773 -0.617 -0.146
vn -0.141 -0.057 0.988
vn -0.183 0.001 0.983
vn 0.788 0.599 0.146
vn 0.183 -0.001 -0.983
vn -0.788 -0.599 -0.146
vn -0.183 0.001 0.983
vn -0.201 0.026 0.979
vn 0.796 0.588 0.148
vn 0.201 -0.026 -0.979
vn -0.796 -0.588 -0.148
vn -0.201 0.026 0.979
vn -0.572 0.809 -0.139
vn 0.909 -0.417 0.026
vn 0.190 0.355 -0.915
vn -0.909 0.417 -0.026
vn -0.190 -0.355 0.915
vn 0.909 -0.417 0.026
vn 0.911 -0.412 0.028
vn 0.183 0.341 -0.922
vn -0.911 0.412 -0.028
vn -0.183 -0.341 0.922
vn 0.911 -0.412 0.028
vn 0.913 -0.407 0.031
vn 0.173 0.319 -0.932
vn -0.913 0.407 -0.031
vn -0.173 -0.319 0.932
vn 0.913 -0.407 0.031
vn 0.929 -0.368 0.044
vn 0.151 0.268 -0.952
vn -0.929 0.368 -0.044
vn -0.151 -0.268 0.952
vn 0.929 -0.368 0.044
vn 0.943 -0.327 0.056
vn 0.135 0.224 -0.965
vn -0.943 0.327 -0.056
vn -0.135 -0.224 0.965
vn 0.943 -0.327 0.056
vn 0.303 0.918 0.255
vn -0.864 0.409 0.294
vn 0.144 -0.359 0.922
vn 0.864 -0.409 -0.294
vn -0.144 0.359 -0.922
vn -0.864 0.409 0.294
vn -0.860 0.415 0.296
vn 0.146 -0.356 0.923
vn 0.860 -0.415 -0.296
vn -0.146 0.356 -0.923
vn -0.860 0.415 0.296
vn -0.835 0.457 0.306
vn 0.172 -0.311 0.935
vn 0.835 -0.457 -0.306
vn -0.172 0.311 -0.935
vn -0.835 0.457 0.306
vn -0.826 0.473 0.309
vn 0.180 -0.298 0.938
vn 0.826 -0.473 -0.309
vn -0.180 0.298 -0.938
vn -0.826 0.473 0.309
vn -0.838 0.453 0.304
vn 0.162 -0.326 0.932
vn 0.838 -0.453 -0.304
vn -0.162 0.326 -0.932
vn -0.838 0.453 0.304
vn 0.521 0.830 0.200
vn -0.126 0.013 0.992
vn 0.919 -0.376 0.122
vn 0.126 -0.013 -0.992
vn -0.919 0.376 -0.122
vn -0.126 0.013 0.992
vn -0.138 -0.019 0.990
vn 0.927 -0.355 0.122
vn 0.138 0.019 -0.990
vn -0.927 0.355 -0.122
vn -0.138 -0.019 0.990
vn -0.132 -0.003 0.991
vn 0.936 -0.329 0.124
vn 0.132 0.003 -0.991
vn -0.936 0.329 -0.124
vn -0.132 -0.003 0.991
vn -0.084 0.114 0.990
vn 0.917 -0.380 0.121
vn 0.084 -0.114 -0.990
vn -0.917 0.380 -0.121
vn -0.084 0.114 0.990
vn -0.050 0.181 0.982
vn 0.893 -0.433 0.125
vn 0.050 -0.181 -0.982
vn -0.893 0.433 -0.125
vn -0.050 0.181 0.982
vn 0.448 0.883 -0.140
vn -0.404 -0.083 0.911
vn 0.903 0.125 0.411
vn 0.404 0.083 -0.911
vn -0.903 -0.125 -0.411
vn -0.404 -0.083 0.911
vn -0.401 -0.103 0.910
vn 0.904 0.115 0.411
vn 0.401 0.103 -0.910
vn -0.904 -0.115 -0.411
vn -0.401 -0.103 0.910
vn -0.393 -0.161 0.905
vn 0.908 0.088 0.409
vn 0.393 0.161 -0.905
vn -0.908 -0.088 -0.409
vn -0.393 -0.161 0.905
vn -0.388 -0.189 0.902
vn 0.906 0.099 0.411
vn 0.388 0.189 -0.902
vn -0.906 -0.099 -0.411
vn -0.388 -0.189 0.902
vn -0.390 -0.179 0.903
vn 0.901 0.128 0.414
vn 0.390 0.179 -0.903
vn -0.901 -0.128 -0.414
vn -0.390 -0.179 0.903
vn -0.189 0.976 0.112
vn 0.538 -0.168 0.826
vn 0.768 0.503 -0.398
vn -0.538 0.168 -0.826
vn -0.768 -0.503 0.398
vn 0.538 -0.168 0.826
vn 0.533 -0.156 0.831
vn 0.782 0.466 -0.414
vn -0.533 0.156 -0.831
vn -0.782 -0.466 0.414
vn 0.533 -0.156 0.831
vn 0.531 -0.149 0.834
vn 0.790 0.443 -0.424
vn -0.531 0.149 -0.834
vn -0.790 -0.443 0.424
vn 0.531 -0.149 0.834
vn 0.538 -0.166 0.826
vn 0.772 0.491 -0.404
vn -0.538 0.166 -0.826
vn -0.772 -0.491 0.404
vn 0.538 -0.166 0.826
vn 0.533 -0.153 0.832
vn 0.788 0.446 -0.423
vn -0.533 0.153 -0.832
vn -0.788 -0.446 0.423
vn 0.533 -0.153 0.832
vn 0.529 -0.135 0.838
vn 0.811 0.373 -0.451
vn -0.529 0.135 -0.838
vn -0.811 -0.373 0.451
vn 0.529 -0.135 0.838
vn 0.530 -0.141 0.836
vn 0.807 0.385 -0.447
vn -0.530 0.141 -0.836
vn -0.807 -0.385 0.447
vn 0.530 -0.141 0.836
vn 0.529 -0.138 0.837
vn 0.806 0.389 -0.446
vn -0.529 0.138 -0.837
vn -0.806 -0.389 0.446
vn 0.529 -0.138 0.837
vn -0.264 0.911 0.317
vn 0.347 -0.634 0.691
vn 0.862 -0.074 -0.501
vn -0.347 0.634 -0.691
vn -0.862 0.074 0.501
vn 0.347 -0.634 0.691
vn 0.350 -0.629 0.695
vn 0.847 -0.104 -0.521
vn -0.350 0.629 -0.695
vn -0.847 0.104 0.521
vn 0.350 -0.629 0.695
vn 0.336 -0.652 0.680
vn 0.820 -0.154 -0.552
vn -0.336 0.652 -0.680
vn -0.820 0.154 0.552
vn 0.336 -0.652 0.680
vn 0.337 -0.650 0.681
vn 0.781 -0.211 -0.588
vn -0.337 0.650 -0.681
vn -0.781 0.211 0.588
vn 0.337 -0.650 0.681
vn 0.360 -0.620 0.697
vn 0.752 -0.249 -0.610
vn -0.360 0.620 -0.697
vn -0.752 0.249 0.610
vn 0.360 -0.620 0.697
vn 0.552 0.744 0.377
vn -0.680 -0.727 -0.096
vn 0.273 -0.373 0.887
vn 0.680 0.727 0.096
vn -0.273 0.373 -0.887
vn -0.680 -0.727 -0.096
vn -0.686 -0.721 -0.093
vn 0.225 -0.332 0.916
vn 0.686 0.721 0.093
vn -0.225 0.332 -0.916
vn -0.686 -0.721 -0.093
vn -0.691 -0.718 -0.090
vn 0.185 -0.296 0.937
vn 0.691 0.718 0.090
vn -0.185 0.296 -0.937
vn -0.691 -0.718 -0.090
vn -0.663 -0.741 -0.103
vn 0.184 -0.296 0.937
vn 0.663 0.741 0.103
vn -0.184 0.296 -0.937
vn -0.663 -0.741 -0.103
vn -0.637 -0.762 -0.115
vn 0.176 -0.288 0.941
vn 0.637 0.762 0.115
vn -0.176 0.288 -0.941
vn -0.637 -0.762 -0.115
vn -0.751 0.580 0.317
vn -0.551 -0.624 -0.555
vn -0.171 -0.566 0.806
vn 0.551 0.624 0.555
vn 0.171 0.566 -0.806
vn -0.551 -0.624 -0.555
vn -0.548 -0.625 -0.555
vn -0.161 -0.573 0.804
vn 0.548 0.625 0.555
vn 0.161 0.573 -0.804
vn -0.548 -0.625 -0.555
vn -0.569 -0.612 -0.550
vn -0.156 -0.576 0.802
vn 0.569 0.612 0.550
vn 0.156 0.576 -0.802
vn -0.569 -0.612 -0.550
vn -0.616 -0.577 -0.536
vn -0.178 -0.561 0.808
vn 0.616 0.577 0.536
vn 0.178 0.561 -0.808
vn -0.616 -0.577 -0.536
vn -0.640 -0.558 -0.529
vn -0.194 -0.549 0.813
vn 0.640 0.558 0.529
vn 0.194 0.549 -0.813
vn -0.640 -0.558 -0.529
vn -0.743 0.623 0.243
vn -0.386 0.473 -0.792
vn -0.901 -0.377 0.214
vn 0.386 -0.473 0.792
vn 0.901 0.377 -0.214
vn -0.386 0.473 -0.792
vn -0.377 0.440 -0.815
vn -0.901 -0.379 0.212
vn 0.377 -0.440 0.815
vn 0.901 0.379 -0.212
vn -0.377 0.440 -0.815
vn -0.360 0.392 -0.847
vn -0.884 -0.433 0.175
vn 0.360 -0.392 0.847
vn 0.884 0.433 -0.175
vn -0.360 0.392 -0.847
vn -0.362 0.397 -0.843
vn -0.853 -0.507 0.128
vn 0.362 -0.397 0.843
vn 0.853 0.507 -0.128
vn -0.362 0.397 -0.843
vn -0.372 0.416 -0.830
vn -0.842 -0.528 0.113
vn 0.372 -0.416 0.830
vn 0.842 0.528 -0.113
vn -0.372 0.416 -0.830
vn -0.391 0.741 0.546
vn 0.595 0.446 0.669
vn 0.734 0.036 -0.678
vn -0.595 -0.446 -0.669
vn -0.734 -0.036 0.678
vn 0.595 0.446 0.669
vn 0.615 0.397 0.682
vn 0.711 0.097 -0.697
vn -0.615 -0.397 -0.682
vn -0.711 -0.097 0.697
vn 0.615 0.397 0.682
vn 0.650 0.303 0.697
vn 0.692 0.145 -0.708
vn -0.650 -0.303 -0.697
vn -0.692 -0.145 0.708
vn 0.650 0.303 0.697
vn 0.678 0.218 0.702
vn 0.680 0.179 -0.711
vn -0.678 -0.218 -0.702
vn -0.680 -0.179 0.711
vn 0.678 0.218 0.702
vn 0.691 0.177 0.701
vn 0.664 0.229 -0.712
vn -0.691 -0.177 -0.701
vn -0.664 -0.229 0.712
vn 0.691 0.177 0.701
vn -0.287 0.957 0.041
vn 0.864 0.199 0.463
vn 0.427 0.201 -0.882
vn -0.864 -0.199 -0.463
vn -0.427 -0.201 0.882
vn 0.864 0.199 0.463
vn 0.859 0.216 0.465
vn 0.418 0.230 -0.879
vn -0.859 -0.216 -0.465
vn -0.418 -0.230 0.879
vn 0.859 0.216 0.465
vn 0.845 0.257 0.470
vn 0.413 0.245 -0.877
vn -0.845 -0.257 -0.470
vn -0.413 -0.245 0.877
vn 0.845 0.257 0.470
vn 0.826 0.305 0.473
vn 0.423 0.219 -0.879
vn -0.826 -0.305 -0.473
vn -0.423 -0.219 0.879
vn 0.826 0.305 0.473
vn 0.816 0.330 0.474
vn 0.427 0.208 -0.880
vn -0.816 -0.330 -0.474
vn -0.427 -0.208 0.880
vn 0.816 0.330 0.474
vn -0.389 0.921 0.028
vn 0.574 0.137 0.807
vn 0.477 0.746 -0.465
vn -0.574 -0.137 -0.807
vn -0.477 -0.746 0.465
vn 0.574 0.137 0.807
vn 0.546 0.164 0.822
vn 0.467 0.755 -0.460
vn -0.546 -0.164 -0.822
vn -0.467 -0.755 0.460
vn 0.546 0.164 0.822
vn 0.493 0.210 0.845
vn 0.465 0.757 -0.459
vn -0.493 -0.210 -0.845
vn -0.465 -0.757 0.459
vn 0.493 0.210 0.845
vn 0.453 0.242 0.858
vn 0.459 0.762 -0.457
vn -0.453 -0.242 -0.858
vn -0.459 -0.762 0.457
vn 0.453 0.242 0.858
vn 0.437 0.253 0.863
vn 0.443 0.774 -0.452
vn -0.437 -0.253 -0.863
vn -0.443 -0.774 0.452
vn 0.437 0.253 0.863
vn -0.783 0.580 0.226
vn -0.500 0.630 -0.594
vn -0.856 -0.258 0.448
vn 0.500 -0.630 0.594
vn 0.856 0.258 -0.448
vn -0.500 0.630 -0.594
vn -0.500 0.630 -0.594
vn -0.853 -0.244 0.461
vn 0.500 -0.630 0.594
vn 0.853 0.244 -0.461
vn -0.500 0.630 -0.594
vn -0.498 0.641 -0.585
vn -0.848 -0.218 0.483
vn 0.498 -0.641 0.585
vn 0.848 0.218 -0.483
vn -0.498 0.641 -0.585
vn -0.493 0.657 -0.570
vn -0.844 -0.204 0.495
vn 0.493 -0.657 0.570
vn 0.844 0.204 -0.495
vn -0.493 0.657 -0.570
vn -0.492 0.663 -0.565
vn -0.843 -0.201 0.498
vn 0.492 -0.663 0.565
vn 0.843 0.201 -0.498
vn -0.492 0.663 -0.565
vn 0.216 0.722 0.658
vn -0.271 -0.312 -0.911
vn -0.954 0.216 0.210
vn 0.271 0.312 0.911
vn 0.954 -0.216 -0.210
vn -0.271 -0.312 -0.911
vn -0.264 -0.272 -0.926
vn -0.947 0.254 0.195
vn 0.264 0.272 0.926
vn 0.947 -0.254 -0.195
vn -0.264 -0.272 -0.926
vn -0.239 -0.169 -0.956
vn -0.942 0.281 0.186
vn 0.239 0.169 0.956
vn 0.942 -0.281 -0.186
vn -0.239 -0.169 -0.956
vn -0.225 -0.099 -0.969
vn -0.953 0.231 0.197
vn 0.225 0.099 0.969
vn 0.953 -0.231 -0.197
vn -0.225 -0.099 -0.969
vn -0.226 -0.106 -0.968
vn -0.962 0.179 0.205
vn 0.226 0.106 0.968
vn 0.962 -0.179 -0.205
vn -0.226 -0.106 -0.968
vn -0.230 -0.136 -0.964
vn -0.965 0.158 0.208
vn 0.230 0.136 0.964
vn 0.965 -0.158 -0.208
vn -0.230 -0.136 -0.964
vn -0.228 -0.107 -0.968
vn -0.971 0.102 0.217
vn 0.228 0.107 0.968
vn 0.971 -0.102 -0.217
vn -0.228 -0.107 -0.968
vn -0.226 -0.063 -0.972
vn -0.973 0.053 0.223
vn 0.226 0.063 0.972
vn 0.973 -0.053 -0.223
vn -0.226 -0.063 -0.972
vn 0.038 0.997 -0.073
vn 0.063 -0.431 0.900
vn 0.969 -0.188 -0.158
vn -0.063 0.431 -0.900
vn -0.969 0.188 0.158
vn 0.063 -0.431 0.900
vn 0.076 -0.389 0.918
vn 0.959 -0.222 -0.173
vn -0.076 0.389 -0.918
vn -0.959 0.222 0.173
vn 0.076 -0.389 0.918
vn 0.100 -0.311 0.945
vn 0.957 -0.232 -0.177
vn -0.100 0.311 -0.945
vn -0.957 0.232 0.177
vn 0.100 -0.311 0.945
vn 0.111 -0.264 0.958
vn 0.967 -0.193 -0.166
vn -0.111 0.264 -0.958
vn -0.967 0.193 0.166
vn 0.111 -0.264 0.958
vn 0.114 -0.254 0.961
vn 0.970 -0.181 -0.163
vn -0.114 0.254 -0.961
vn -0.970 0.181 0.163
vn 0.114 -0.254 0.961
vn 0.215 0.950 0.225
vn 0.551 -0.404 0.730
vn 0.721 -0.210 -0.660
vn -0.551 0.404 -0.730
vn -0.721 0.210 0.660
vn 0.551 -0.404 0.730
vn 0.564 -0.376 0.736
vn 0.722 -0.208 -0.660
vn -0.564 0.376 -0.736
vn -0.722 0.208 0.660
vn 0.564 -0.376 0.736
vn 0.571 -0.360 0.738
vn 0.723 -0.207 -0.659
vn -0.571 0.360 -0.738
vn -0.723 0.207 0.659
vn 0.571 -0.360 0.738
vn 0.583 -0.329 0.743
vn 0.727 -0.196 -0.658
vn -0.583 0.329 -0.743
vn -0.727 0.196 0.658
vn 0.583 -0.329 0.743
vn 0.599 -0.286 0.748
vn 0.732 -0.183 -0.656
vn -0.599 0.286 -0.748
vn -0.732 0.183 0.656
vn 0.599 -0.286 0.748
vn 0.324 0.941 0.100
vn -0.546 -0.703 -0.456
vn -0.831 0.386 0.400
vn 0.546 0.703 0.456
vn 0.831 -0.386 -0.400
vn -0.546 -0.703 -0.456
vn -0.549 -0.682 -0.483
vn -0.832 0.390 0.395
vn 0.549 0.682 0.483
vn 0.832 -0.390 -0.395
vn -0.549 -0.682 -0.483
vn -0.555 -0.641 -0.530
vn -0.828 0.364 0.427
vn 0.555 0.641 0.530
vn 0.828 -0.364 -0.427
vn -0.555 -0.641 -0.530
vn -0.555 -0.642 -0.528
vn -0.823 0.335 0.458
vn 0.555 0.642 0.528
vn 0.823 -0.335 -0.458
vn -0.555 -0.642 -0.528
vn -0.551 -0.663 -0.506
vn -0.824 0.338 0.455
vn 0.551 0.663 0.506
vn 0.824 -0.338 -0.455
vn -0.551 -0.663 -0.506
vn -0.130 0.668 -0.733
vn 0.554 -0.119 -0.824
vn -0.763 -0.469 -0.445
vn -0.554 0.119 0.824
vn 0.763 0.469 0.445
vn 0.554 -0.119 -0.824
vn 0.558 -0.130 -0.819
vn -0.751 -0.499 -0.432
vn -0.558 0.130 0.819
vn 0.751 0.499 0.432
vn 0.558 -0.130 -0.819
vn 0.576 -0.172 -0.799
vn -0.741 -0.522 -0.422
vn -0.576 0.172 0.799
vn 0.741 0.522 0.422
vn 0.576 -0.172 -0.799
vn 0.597 -0.227 -0.770
vn -0.746 -0.511 -0.428
vn -0.597 0.227 0.770
vn 0.746 0.511 0.428
vn 0.597 -0.227 -0.770
vn 0.605 -0.250 -0.756
vn -0.747 -0.507 -0.430
vn -0.605 0.250 0.756
vn 0.747 0.507 0.430
vn 0.605 -0.250 -0.756
vn -0.276 0.825 -0.493
vn -0.966 0.241 -0.089
vn -0.064 0.112 0.992
vn 0.966 -0.241 0.089
vn 0.064 -0.112 -0.992
vn -0.966 0.241 -0.089
vn -0.971 0.224 -0.087
vn -0.060 0.128 0.990
vn 0.971 -0.224 0.087
vn 0.060 -0.128 -0.990
vn -0.971 0.224 -0.087
vn -0.971 0.221 -0.087
vn -0.056 0.141 0.988
vn 0.971 -0.221 0.087
vn 0.056 -0.141 -0.988
vn -0.971 0.221 -0.087
vn -0.962 0.256 -0.092
vn -0.053 0.157 0.986
vn 0.962 -0.256 0.092
vn 0.053 -0.157 -0.986
vn -0.962 0.256 -0.092
vn -0.956 0.276 -0.095
vn -0.048 0.175 0.983
vn 0.956 -0.276 0.095
vn 0.048 -0.175 -0.983
vn -0.956 0.276 -0.095
vn 0.288 0.945 -0.154
vn 0.984 -0.027 -0.177
vn -0.171 -0.422 -0.890
vn -0.984 0.027 0.177
vn 0.171 0.422 0.890
vn 0.984 -0.027 -0.177
vn 0.983 -0.017 -0.182
vn -0.170 -0.452 -0.876
vn -0.983 0.017 0.182
vn 0.170 0.452 0.876
vn 0.983 -0.017 -0.182
vn 0.982 -0.004 -0.189
vn -0.167 -0.486 -0.858
vn -0.982 0.004 0.189
vn 0.167 0.486 0.858
vn 0.982 -0.004 -0.189
vn 0.979 0.024 -0.205
vn -0.165 -0.501 -0.850
vn -0.979 -0.024 0.205
vn 0.165 0.501 0.850
vn 0.979 0.024 -0.205
vn 0.975 0.049 -0.219
vn -0.164 -0.511 -0.844
vn -0.975 -0.049 0.219
vn 0.164 0.511 0.844
vn 0.975 0.049 -0.219
vn -0.153 0.858 -0.490
vn -0.369 0.071 -0.927
vn -0.819 -0.497 0.287
vn 0.369 -0.071 0.927
vn 0.819 0.497 -0.287
vn -0.369 0.071 -0.927
vn -0.352 0.040 -0.935
vn -0.815 -0.504 0.285
vn 0.352 -0.040 0.935
vn 0.815 0.504 -0.285
vn -0.352 0.040 -0.935
vn -0.347 0.030 -0.938
vn -0.814 -0.505 0.285
vn 0.347 -0.030 0.938
vn 0.814 0.505 -0.285
vn -0.347 0.030 -0.938
vn -0.356 0.047 -0.933
vn -0.821 -0.492 0.288
vn 0.356 -0.047 0.933
vn 0.821 0.492 -0.288
vn -0.356 0.047 -0.933
vn -0.354 0.044 -0.934
vn -0.825 -0.485 0.290
vn 0.354 -0.044 0.934
vn 0.825 0.485 -0.290
vn -0.354 0.044 -0.934
vn -0.441 0.873 0.208
vn 0.796 -0.234 -0.558
vn -0.398 0.490 -0.775
vn -0.796 0.234 0.558
vn 0.398 -0.490 0.775
vn 0.796 -0.234 -0.558
vn 0.795 -0.237 -0.559
vn -0.372 0.538 -0.757
vn -0.795 0.237 0.559
vn 0.372 -0.538 0.757
vn 0.795 -0.237 -0.559
vn 0.763 -0.284 -0.581
vn -0.343 0.584 -0.736
vn -0.763 0.284 0.581
vn 0.343 -0.584 0.736
vn 0.763 -0.284 -0.581
vn 0.744 -0.307 -0.593
vn -0.317 0.619 -0.718
vn -0.744 0.307 0.593
vn 0.317 -0.619 0.718
vn 0.744 -0.307 -0.593
vn 0.768 -0.281 -0.575
vn -0.257 0.688 -0.679
vn -0.768 0.281 0.575
vn 0.257 -0.688 0.679
vn 0.768 -0.281 -0.575
vn 0.809 -0.234 -0.539
vn -0.227 0.721 -0.655
vn -0.809 0.234 0.539
vn 0.227 -0.721 0.655
vn 0.809 -0.234 -0.539
vn 0.852 -0.177 -0.492
vn -0.238 0.708 -0.665
vn -0.852 0.177 0.492
vn 0.238 -0.708 0.665
vn 0.852 -0.177 -0.492
vn 0.865 -0.157 -0.476
vn -0.246 0.696 -0.675
vn -0.865 0.157 0.476
vn 0.246 -0.696 0.675
vn 0.865 -0.157 -0.476
vn 0.437 0.701 0.563
vn 0.215 -0.756 0.619
vn 0.963 0.059 -0.263
vn -0.215 0.756 -0.619
vn -0.963 -0.059 0.263
vn 0.215 -0.756 0.619
vn 0.214 -0.757 0.617
vn 0.960 0.049 -0.274
vn -0.214 0.757 -0.617
vn -0.960 -0.049 0.274
vn 0.214 -0.757 0.617
vn 0.201 -0.801 0.563
vn 0.960 0.048 -0.275
vn -0.201 0.801 -0.563
vn -0.960 -0.048 0.275
vn 0.201 -0.801 0.563
vn 0.191 -0.830 0.525
vn 0.957 0.039 -0.287
vn -0.191 0.830 -0.525
vn -0.957 -0.039 0.287
vn 0.191 -0.830 0.525
vn 0.195 -0.819 0.539
vn 0.950 0.023 -0.310
vn -0.195 0.819 -0.539
vn -0.950 -0.023 0.310
vn 0.195 -0.819 0.539
vn 0.242 0.573 0.783
vn 0.700 -0.494 0.515
vn 0.697 0.317 -0.644
vn -0.700 0.494 -0.515
vn -0.697 -0.317 0.644
vn 0.700 -0.494 0.515
vn 0.700 -0.496 0.513
vn 0.702 0.344 -0.624
vn -0.700 0.496 -0.513
vn -0.702 -0.344 0.624
vn 0.700 -0.496 0.513
vn 0.696 -0.522 0.494
vn 0.703 0.353 -0.617
vn -0.696 0.522 -0.494
vn -0.703 -0.353 0.617
vn 0.696 -0.522 0.494
vn 0.684 -0.567 0.459
vn 0.695 0.314 -0.647
vn -0.684 0.567 -0.459
vn -0.695 -0.314 0.647
vn 0.684 -0.567 0.459
vn 0.676 -0.590 0.441
vn 0.689 0.294 -0.663
vn -0.676 0.590 -0.441
vn -0.689 -0.294 0.663
vn 0.676 -0.590 0.441
vn 0.261 0.752 0.605
vn 0.541 -0.635 -0.552
vn 0.236 0.744 -0.625
vn -0.541 0.635 0.552
vn -0.236 -0.744 0.625
vn 0.541 -0.635 -0.552
vn 0.610 -0.616 -0.498
vn 0.261 0.750 -0.607
vn -0.610 0.616 0.498
vn -0.261 -0.750 0.607
vn 0.610 -0.616 -0.498
vn 0.686 -0.589 -0.427
vn 0.284 0.757 -0.588
vn -0.686 0.589 0.427
vn -0.284 -0.757 0.588
vn 0.686 -0.589 -0.427
vn 0.714 -0.576 -0.399
vn 0.272 0.752 -0.600
vn -0.714 0.576 0.399
vn -0.272 -0.752 0.600
vn 0.714 -0.576 -0.399
vn 0.729 -0.568 -0.382
vn 0.260 0.747 -0.612
vn -0.729 0.568 0.382
vn -0.260 -0.747 0.612
vn 0.729 -0.568 -0.382
vn 0.633 0.347 0.692
vn 0.701 -0.518 -0.490
vn 0.265 0.827 -0.495
vn -0.701 0.518 0.490
vn -0.265 -0.827 0.495
vn 0.701 -0.518 -0.490
vn 0.685 -0.523 -0.507
vn 0.265 0.827 -0.496
vn -0.685 0.523 0.507
vn -0.265 -0.827 0.496
vn 0.685 -0.523 -0.507
vn 0.651 -0.532 -0.541
vn 0.272 0.829 -0.488
vn -0.651 0.532 0.541
vn -0.272 -0.829 0.488
vn 0.651 -0.532 -0.541
vn 0.629 -0.536 -0.563
vn 0.304 0.836 -0.457
vn -0.629 0.536 0.563
vn -0.304 -0.836 0.457
vn 0.629 -0.536 -0.563
vn 0.625 -0.537 -0.567
vn 0.327 0.840 -0.434
vn -0.625 0.537 0.567
vn -0.327 -0.840 0.434
vn 0.625 -0.537 -0.567
vn 0.709 0.085 0.700
vn -0.106 -0.779 0.618
vn 0.621 -0.537 -0.571
vn 0.106 0.779 -0.618
vn -0.621 0.537 0.571
vn -0.106 -0.779 0.618
vn -0.091 -0.772 0.629
vn 0.647 -0.525 -0.552
vn 0.091 0.772 -0.629
vn -0.647 0.525 0.552
vn -0.091 -0.772 0.629
vn -0.029 -0.746 0.666
vn 0.588 -0.551 -0.592
vn 0.029 0.746 -0.666
vn -0.588 0.551 0.592
vn -0.029 -0.746 0.666
vn 0.009 -0.731 0.682
vn 0.495 -0.589 -0.639
vn -0.009 0.731 -0.682
vn -0.495 0.589 0.639
vn 0.009 -0.731 0.682
vn -0.003 -0.736 0.677
vn 0.496 -0.589 -0.638
vn 0.003 0.736 -0.677
vn -0.496 0.589 0.638
vn -0.003 -0.736 0.677
vn 0.868 0.334 0.367
vn 0.418 -0.036 -0.908
vn -0.523 0.807 -0.274
vn -0.418 0.036 0.908
vn 0.523 -0.807 0.274
vn 0.418 -0.036 -0.908
vn 0.407 -0.045 -0.912
vn -0.514 0.814 -0.269
vn -0.407 0.045 0.912
vn 0.514 -0.814 0.269
vn 0.407 -0.045 -0.912
vn 0.416 -0.038 -0.909
vn -0.494 0.829 -0.261
vn -0.416 0.038 0.909
vn 0.494 -0.829 0.261
vn 0.416 -0.038 -0.909
vn 0.405 -0.046 -0.913
vn -0.481 0.839 -0.256
vn -0.405 0.046 0.913
vn 0.481 -0.839 0.256
vn 0.405 -0.046 -0.913
vn 0.372 -0.069 -0.926
vn -0.478 0.841 -0.254
vn -0.372 0.069 0.926
vn 0.478 -0.841 0.254
vn 0.372 -0.069 -0.926
vn 0.796 0.537 0.280
vn 0.176 -0.056 0.983
vn 0.921 -0.344 -0.184
vn -0.176 0.056 -0.983
vn -0.921 0.344 0.184
vn 0.176 -0.056 0.983
vn 0.163 -0.089 0.983
vn 0.912 -0.366 -0.184
vn -0.163 0.089 -0.983
vn -0.912 0.366 0.184
vn 0.163 -0.089 0.983
vn 0.153 -0.109 0.982
vn 0.883 -0.431 -0.185
vn -0.153 0.109 -0.982
vn -0.883 0.431 0.185
vn 0.153 -0.109 0.982
vn 0.178 -0.062 0.982
vn 0.865 -0.466 -0.186
vn -0.178 0.062 -0.982
vn -0.865 0.466 0.186
vn 0.178 -0.062 0.982
vn 0.196 -0.026 0.980
vn 0.868 -0.460 -0.186
vn -0.196 0.026 -0.980
vn -0.868 0.460 0.186
vn 0.196 -0.026 0.980
vn 0.455 0.888 -0.067
vn 0.938 0.077 0.338
vn 0.341 -0.379 -0.860
vn -0.938 -0.077 -0.338
vn -0.341 0.379 0.860
vn 0.938 0.077 0.338
vn 0.937 0.065 0.344
vn 0.338 -0.424 -0.840
vn -0.937 -0.065 -0.344
vn -0.338 0.424 0.840
vn 0.937 0.065 0.344
vn 0.938 0.077 0.337
vn 0.331 -0.483 -0.811
vn -0.938 -0.077 -0.337
vn -0.331 0.483 0.811
vn 0.938 0.077 0.337
vn 0.941 0.108 0.321
vn 0.333 -0.466 -0.820
vn -0.941 -0.108 -0.321
vn -0.333 0.466 0.820
vn 0.941 0.108 0.321
vn 0.941 0.143 0.306
vn 0.337 -0.376 -0.863
vn -0.941 -0.143 -0.306
vn -0.337 0.376 0.863
vn 0.941 0.143 0.306
vn 0.940 0.165 0.297
vn 0.336 -0.322 -0.885
vn -0.940 -0.165 -0.297
vn -0.336 0.322 0.885
vn 0.940 0.165 0.297
vn 0.939 0.181 0.291
vn 0.336 -0.314 -0.888
vn -0.939 -0.181 -0.291
vn -0.336 0.314 0.888
vn 0.939 0.181 0.291
vn 0.937 0.206 0.283
vn 0.332 -0.272 -0.903
vn -0.937 -0.206 -0.283
vn -0.332 0.272 0.903
vn 0.937 0.206 0.283
vn 0.936 0.209 0.282
vn 0.329 -0.242 -0.913
vn -0.936 -0.209 -0.282
vn -0.329 0.242 0.913
vn 0.936 0.209 0.282
vn -0.123 0.947 -0.295
vn 0.796 0.102 -0.596
vn -0.575 -0.177 -0.798
vn -0.796 -0.102 0.596
vn 0.575 0.177 0.798
vn 0.796 0.102 -0.596
vn 0.794 0.112 -0.597
vn -0.579 -0.156 -0.800
vn -0.794 -0.112 0.597
vn 0.579 0.156 0.800
vn 0.794 0.112 -0.597
vn 0.788 0.151 -0.597
vn -0.590 -0.094 -0.802
vn -0.788 -0.151 0.597
vn 0.590 0.094 0.802
vn 0.788 0.151 -0.597
vn 0.779 0.206 -0.593
vn -0.598 -0.041 -0.800
vn -0.779 -0.206 0.593
vn 0.598 0.041 0.800
vn 0.779 0.206 -0.593
vn 0.773 0.232 -0.590
vn -0.601 -0.028 -0.799
vn -0.773 -0.232 0.590
vn 0.601 0.028 0.799
vn 0.773 0.232 -0.590
vn -0.202 0.972 0.118
vn 0.309 0.368 0.877
vn 0.813 0.375 -0.445
vn -0.309 -0.368 -0.877
vn -0.813 -0.375 0.445
vn 0.309 0.368 0.877
vn 0.309 0.369 0.877
vn 0.826 0.353 -0.440
vn -0.309 -0.369 -0.877
vn -0.826 -0.353 0.440
vn 0.309 0.369 0.877
vn 0.325 0.339 0.883
vn 0.825 0.355 -0.440
vn -0.325 -0.339 -0.883
vn -0.825 -0.355 0.440
vn 0.325 0.339 0.883
vn 0.340 0.313 0.887
vn 0.809 0.383 -0.445
vn -0.340 -0.313 -0.887
vn -0.809 -0.383 0.445
vn 0.340 0.313 0.887
vn 0.337 0.318 0.886
vn 0.808 0.386 -0.446
vn -0.337 -0.318 -0.886
vn -0.808 -0.386 0.446
vn 0.337 0.318 0.886
vn -0.484 0.866 -0.126
vn -0.225 -0.510 -0.830
vn -0.957 0.275 0.090
vn 0.225 0.510 0.830
vn 0.957 -0.275 -0.090
vn -0.225 -0.510 -0.830
vn -0.223 -0.503 -0.835
vn -0.952 0.298 0.074
vn 0.223 0.503 0.835
vn 0.952 -0.298 -0.074
vn -0.223 -0.503 -0.835
vn -0.224 -0.505 -0.834
vn -0.936 0.349 0.040
vn 0.224 0.505 0.834
vn 0.936 -0.349 -0.040
vn -0.224 -0.505 -0.834
vn -0.245 -0.560 -0.791
vn -0.926 0.376 0.020
vn 0.245 0.560 0.791
vn 0.926 -0.376 -0.020
vn -0.245 -0.560 -0.791
vn -0.262 -0.604 -0.753
vn -0.926 0.377 0.020
vn 0.262 0.604 0.753
vn 0.926 -0.377 -0.020
vn -0.262 -0.604 -0.753
vn 0.272 0.702 -0.658
vn -0.428 -0.760 -0.490
vn -0.898 0.420 0.133
vn 0.428 0.760 0.490
vn 0.898 -0.420 -0.133
vn -0.428 -0.760 -0.490
vn -0.429 -0.762 -0.485
vn -0.892 0.444 0.090
vn 0.429 0.762 0.485
vn 0.892 -0.444 -0.090
vn -0.429 -0.762 -0.485
vn -0.432 -0.770 -0.470
vn -0.882 0.471 0.039
vn 0.432 0.770 0.470
vn 0.882 -0.471 -0.039
vn -0.432 -0.770 -0.470
vn -0.442 -0.790 -0.425
vn -0.879 0.477 0.026
vn 0.442 0.790 0.425
vn 0.879 -0.477 -0.026
vn -0.442 -0.790 -0.425
vn -0.449 -0.805 -0.388
vn -0.877 0.479 0.020
vn 0.449 0.805 0.388
vn 0.877 -0.479 -0.020
vn -0.449 -0.805 -0.388
vn 0.170 0.349 -0.922
vn 0.462 0.532 0.709
vn 0.788 0.121 -0.604
vn -0.462 -0.532 -0.709
vn -0.788 -0.121 0.604
vn 0.462 0.532 0.709
vn 0.470 0.517 0.715
vn 0.765 0.165 -0.622
vn -0.470 -0.517 -0.715
vn -0.765 -0.165 0.622
vn 0.470 0.517 0.715
vn 0.460 0.535 0.709
vn 0.750 0.193 -0.632
vn -0.460 -0.535 -0.709
vn -0.750 -0.193 0.632
vn 0.460 0.535 0.709
vn 0.432 0.580 0.690
vn 0.748 0.198 -0.634
vn -0.432 -0.580 -0.690
vn -0.748 -0.198 0.634
vn 0.432 0.580 0.690
vn 0.423 0.593 0.685
vn 0.735 0.217 -0.643
vn -0.423 -0.593 -0.685
vn -0.735 -0.217 0.643
vn 0.423 0.593 0.685
vn -0.530 0.775 -0.344
vn -0.582 0.103 0.807
vn 0.648 0.659 0.383
vn 0.582 -0.103 -0.807
vn -0.648 -0.659 -0.383
vn -0.582 0.103 0.807
vn -0.584 0.106 0.805
vn 0.654 0.649 0.389
vn 0.584 -0.106 -0.805
vn -0.654 -0.649 -0.389
vn -0.584 0.106 0.805
vn -0.589 0.115 0.800
vn 0.674 0.616 0.408
vn 0.589 -0.115 -0.800
vn -0.674 -0.616 -0.408
vn -0.589 0.115 0.800
vn -0.608 0.150 0.780
vn 0.678 0.609 0.412
vn 0.608 -0.150 -0.780
vn -0.678 -0.609 -0.412
vn -0.608 0.150 0.780
vn -0.623 0.177 0.762
vn 0.670 0.625 0.402
vn 0.623 -0.177 -0.762
vn -0.670 -0.625 -0.402
vn -0.623 0.177 0.762
vn -0.405 0.761 -0.507
vn 0.860 0.147 -0.489
vn -0.496 0.016 -0.868
vn -0.860 -0.147 0.489
vn 0.496 -0.016 0.868
vn 0.860 0.147 -0.489
vn 0.861 0.126 -0.492
vn -0.504 0.086 -0.860
vn -0.861 -0.126 0.492
vn 0.504 -0.086 0.860
vn 0.861 0.126 -0.492
vn 0.862 0.100 -0.497
vn -0.507 0.167 -0.846
vn -0.862 -0.100 0.497
vn 0.507 -0.167 0.846
vn 0.862 0.100 -0.497
vn 0.862 0.094 -0.498
vn -0.507 0.131 -0.852
vn -0.862 -0.094 0.498
vn 0.507 -0.131 0.852
vn 0.862 0.094 -0.498
vn 0.862 0.092 -0.499
vn -0.506 0.086 -0.858
vn -0.862 -0.092 0.499
vn 0.506 -0.086 0.858
vn 0.862 0.092 -0.499
vn -0.036 0.992 0.120
vn 0.794 0.503 0.342
vn 0.608 -0.672 -0.423
vn -0.794 -0.503 -0.342
vn -0.608 0.672 0.423
vn 0.794 0.503 0.342
vn 0.794 0.500 0.347
vn 0.608 -0.671 -0.424
vn -0.794 -0.500 -0.347
vn -0.608 0.671 0.424
vn 0.794 0.500 0.347
vn 0.795 0.511 0.328
vn 0.606 -0.701 -0.376
vn -0.795 -0.511 -0.328
vn -0.606 0.701 0.376
vn 0.795 0.511 0.328
vn 0.794 0.509 0.332
vn 0.604 -0.719 -0.343
vn -0.794 -0.509 -0.332
vn -0.604 0.719 0.343
vn 0.794 0.509 0.332
vn 0.792 0.492 0.361
vn 0.605 -0.709 -0.362
vn -0.792 -0.492 -0.361
vn -0.605 0.709 0.362
vn 0.792 0.492 0.361
vn 0.077 0.505 -0.860
vn 0.952 -0.070 0.299
vn 0.304 0.343 -0.889
vn -0.952 0.070 -0.299
vn -0.304 -0.343 0.889
vn 0.952 -0.070 0.299
vn 0.952 -0.104 0.286
vn 0.305 0.325 -0.895
vn -0.952 0.104 -0.286
vn -0.305 -0.325 0.895
vn 0.952 -0.104 0.286
vn 0.952 -0.138 0.272
vn 0.304 0.375 -0.876
vn -0.952 0.138 -0.272
vn -0.304 -0.375 0.876
vn 0.952 -0.138 0.272
vn 0.950 -0.192 0.245
vn 0.305 0.414 -0.857
vn -0.950 0.192 -0.245
vn -0.305 -0.414 0.857
vn 0.950 -0.192 0.245
vn 0.942 -0.261 0.211
vn 0.303 0.389 -0.870
vn -0.942 0.261 -0.211
vn -0.303 -0.389 0.870
vn 0.942 -0.261 0.211
vn 0.944 -0.242 0.223
vn 0.313 0.452 -0.835
vn -0.944 0.242 -0.223
vn -0.313 -0.452 0.835
vn 0.944 -0.242 0.223
vn 0.947 -0.208 0.245
vn 0.318 0.505 -0.802
vn -0.947 0.208 -0.245
vn -0.318 -0.505 0.802
vn 0.947 -0.208 0.245
vn 0.947 -0.209 0.244
vn 0.318 0.497 -0.807
vn -0.947 0.209 -0.244
vn -0.318 -0.497 0.807
vn 0.947 -0.209 0.244
vn 0.047 0.842 0.537
vn -0.872 0.411 0.267
vn 0.250 -0.097 0.964
vn 0.872 -0.411 -0.267
vn -0.250 0.097 -0.964
vn -0.872 0.411 0.267
vn -0.867 0.420 0.267
vn 0.253 -0.089 0.963
vn 0.867 -0.420 -0.267
vn -0.253 0.089 -0.963
vn -0.867 0.420 0.267
vn -0.838 0.478 0.263
vn 0.261 -0.072 0.963
vn 0.838 -0.478 -0.263
vn -0.261 0.072 -0.963
vn -0.838 0.478 0.263
vn -0.817 0.514 0.263
vn 0.231 -0.126 0.965
vn 0.817 -0.514 -0.263
vn -0.231 0.126 -0.965
vn -0.817 0.514 0.263
vn -0.823 0.504 0.262
vn 0.192 -0.187 0.963
vn 0.823 -0.504 -0.262
vn -0.192 0.187 -0.963
vn -0.823 0.504 0.262
vn 0.535 0.843 0.057
vn 0.190 0.630 -0.753
vn -0.873 0.460 0.164
vn -0.190 -0.630 0.753
vn 0.873 -0.460 -0.164
vn 0.190 0.630 -0.753
vn 0.169 0.603 -0.780
vn -0.856 0.482 0.187
vn -0.169 -0.603 0.780
vn 0.856 -0.482 -0.187
vn 0.169 0.603 -0.780
vn 0.129 0.560 -0.819
vn -0.814 0.532 0.235
vn -0.129 -0.560 0.819
vn 0.814 -0.532 -0.235
vn 0.129 0.560 -0.819
vn 0.130 0.560 -0.818
vn -0.826 0.518 0.224
vn -0.130 -0.560 0.818
vn 0.826 -0.518 -0.224
vn 0.130 0.560 -0.818
vn 0.144 0.579 -0.803
vn -0.860 0.474 0.188
vn -0.144 -0.579 0.803
vn 0.860 -0.474 -0.188
vn 0.144 0.579 -0.803
vn 0.490 0.663 0.566
vn -0.719 0.503 -0.479
vn -0.646 -0.738 0.195
vn 0.719 -0.503 0.479
vn 0.646 0.738 -0.195
vn -0.719 0.503 -0.479
vn -0.710 0.488 -0.508
vn -0.641 -0.747 0.177
vn 0.710 -0.488 0.508
vn 0.641 0.747 -0.177
vn -0.710 0.488 -0.508
vn -0.709 0.487 -0.510
vn -0.645 -0.741 0.189
vn 0.709 -0.487 0.510
vn 0.645 0.741 -0.189
vn -0.709 0.487 -0.510
vn -0.720 0.508 -0.472
vn -0.651 -0.730 0.208
vn 0.720 -0.508 0.472
vn 0.651 0.730 -0.208
vn -0.720 0.508 -0.472
vn -0.724 0.514 -0.461
vn -0.648 -0.736 0.197
vn 0.724 -0.514 0.461
vn 0.648 0.736 -0.197
vn -0.724 0.514 -0.461
vn -0.238 0.441 0.866
vn 0.209 0.726 -0.655
vn -0.966 0.049 -0.254
vn -0.209 -0.726 0.655
vn 0.966 -0.049 0.254
vn 0.209 0.726 -0.655
vn 0.214 0.703 -0.679
vn -0.968 0.058 -0.244
vn -0.214 -0.703 0.679
vn 0.968 -0.058 0.244
vn 0.214 0.703 -0.679
vn 0.223 0.627 -0.746
vn -0.972 0.081 -0.222
vn -0.223 -0.627 0.746
vn 0.972 -0.081 0.222
vn 0.223 0.627 -0.746
vn 0.223 0.620 -0.753
vn -0.974 0.104 -0.203
vn -0.223 -0.620 0.753
vn 0.974 -0.104 0.203
vn 0.223 0.620 -0.753
vn 0.221 0.665 -0.714
vn -0.974 0.112 -0.196
vn -0.221 -0.665 0.714
vn 0.974 -0.112 0.196
vn 0.221 0.665 -0.714
vn -0.050 0.739 0.672
vn 0.344 -0.864 0.368
vn 0.939 0.320 -0.126
vn -0.344 0.864 -0.368
vn -0.939 -0.320 0.126
vn 0.344 -0.864 0.368
vn 0.344 -0.853 0.392
vn 0.939 0.320 -0.127
vn -0.344 0.853 -0.392
vn -0.939 -0.320 0.127
vn 0.344 -0.853 0.392
vn 0.343 -0.857 0.385
vn 0.939 0.305 -0.159
vn -0.343 0.857 -0.385
vn -0.939 -0.305 0.159
vn 0.343 -0.857 0.385
vn 0.340 -0.873 0.350
vn 0.936 0.280 -0.213
vn -0.340 0.873 -0.350
vn -0.936 -0.280 0.213
vn 0.340 -0.873 0.350
vn 0.340 -0.874 0.347
vn 0.934 0.270 -0.235
vn -0.340 0.874 -0.347
vn -0.934 -0.270 0.235
vn 0.340 -0.874 0.347
vn 0.112 0.404 0.908
vn -0.837 0.031 0.547
vn 0.527 -0.225 0.819
vn 0.837 -0.031 -0.547
vn -0.527 0.225 -0.819
vn -0.837 0.031 0.547
vn -0.829 0.071 0.554
vn 0.526 -0.235 0.817
vn 0.829 -0.071 -0.554
vn -0.526 0.235 -0.817
vn -0.829 0.071 0.554
vn -0.825 0.090 0.558
vn 0.520 -0.265 0.812
vn 0.825 -0.090 -0.558
vn -0.520 0.265 -0.812
vn -0.825 0.090 0.558
vn -0.828 0.080 0.555
vn 0.509 -0.307 0.804
vn 0.828 -0.080 -0.555
vn -0.509 0.307 -0.804
vn -0.828 0.080 0.555
vn -0.825 0.091 0.558
vn 0.504 -0.330 0.798
vn 0.825 -0.091 -0.558
vn -0.504 0.330 -0.798
vn -0.825 0.091 0.558
vn 0.257 0.940 0.226
vn 0.014 0.042 0.999
vn 0.943 -0.333 0.001
vn -0.014 -0.042 -0.999
vn -0.943 0.333 -0.001
vn 0.014 0.042 0.999
vn 0.002 0.003 1.000
vn 0.956 -0.294 -0.001
vn -0.002 -0.003 -1.000
vn -0.956 0.294 0.001
vn 0.002 0.003 1.000
vn -0.008 -0.042 0.999
vn 0.976 -0.216 -0.001
vn 0.008 0.042 -0.999
vn -0.976 0.216 0.001
vn -0.008 -0.042 0.999
vn -0.016 -0.089 0.996
vn 0.985 -0.171 0.001
vn 0.016 0.089 -0.996
vn -0.985 0.171 -0.001
vn -0.016 -0.089 0.996
vn -0.023 -0.132 0.991
vn 0.986 -0.165 0.001
vn 0.023 0.132 -0.991
vn -0.986 0.165 -0.001
vn -0.023 -0.132 0.991
vn 0.163 0.977 0.134
vn -0.811 0.263 0.523
vn 0.290 -0.596 0.749
vn 0.811 -0.263 -0.523
vn -0.290 0.596 -0.749
vn -0.811 0.263 0.523
vn -0.786 0.300 0.540
vn 0.322 -0.547 0.773
vn 0.786 -0.300 -0.540
vn -0.322 0.547 -0.773
vn -0.786 0.300 0.540
vn -0.743 0.363 0.562
vn 0.345 -0.512 0.787
vn 0.743 -0.363 -0.562
vn -0.345 0.512 -0.787
vn -0.743 0.363 0.562
vn -0.732 0.378 0.567
vn 0.343 -0.514 0.786
vn 0.732 -0.378 -0.567
vn -0.343 0.514 -0.786
vn -0.732 0.378 0.567
vn -0.745 0.360 0.562
vn 0.361 -0.491 0.793
vn 0.745 -0.360 -0.562
vn -0.361 0.491 -0.793
vn -0.745 0.360 0.562
vn -0.729 0.384 0.567
vn 0.380 -0.463 0.801
vn 0.729 -0.384 -0.567
vn -0.380 0.463 -0.801
vn -0.729 0.384 0.567
vn -0.727 0.386 0.568
vn 0.401 -0.432 0.808
vn 0.727 -0.386 -0.568
vn -0.401 0.432 -0.808
vn -0.727 0.386 0.568
vn -0.746 0.357 0.562
vn 0.410 -0.419 0.810
vn 0.746 -0.357 -0.562
vn -0.410 0.419 -0.810
vn -0.746 0.357 0.562
vn 0.525 0.835 0.166
vn 0.867 -0.331 -0.373
vn -0.468 -0.282 -0.837
vn -0.867 0.331 0.373
vn 0.468 0.282 0.837
vn 0.867 -0.331 -0.373
vn 0.864 -0.342 -0.368
vn -0.461 -0.247 -0.852
vn -0.864 0.342 0.368
vn 0.461 0.247 0.852
vn 0.864 -0.342 -0.368
vn 0.859 -0.366 -0.359
vn -0.456 -0.223 -0.862
vn -0.859 0.366 0.359
vn 0.456 0.223 0.862
vn 0.859 -0.366 -0.359
vn 0.841 -0.425 -0.335
vn -0.455 -0.221 -0.863
vn -0.841 0.425 0.335
vn 0.455 0.221 0.863
vn 0.841 -0.425 -0.335
vn 0.824 -0.472 -0.315
vn -0.451 -0.208 -0.868
vn -0.824 0.472 0.315
vn 0.451 0.208 0.868
vn 0.824 -0.472 -0.315
vn 0.344 0.857 -0.384
vn 0.493 0.478 -0.727
vn -0.865 0.361 -0.350
vn -0.493 -0.478 0.727
vn 0.865 -0.361 0.350
vn 0.493 0.478 -0.727
vn 0.491 0.461 -0.739
vn -0.865 0.355 -0.354
vn -0.491 -0.461 0.739
vn 0.865 -0.355 0.354
vn 0.491 0.461 -0.739
vn 0.489 0.442 -0.752
vn -0.863 0.372 -0.342
vn -0.489 -0.442 0.752
vn 0.863 -0.372 0.342
vn 0.489 0.442 -0.752
vn 0.495 0.488 -0.719
vn -0.863 0.373 -0.341
vn -0.495 -0.488 0.719
vn 0.863 -0.373 0.341
vn 0.495 0.488 -0.719
vn 0.499 0.534 -0.683
vn -0.865 0.353 -0.357
vn -0.499 -0.534 0.683
vn 0.865 -0.353 0.357
vn 0.499 0.534 -0.683
vn 0.051 0.769 0.638
vn -0.932 0.198 0.302
vn 0.318 0.051 0.947
vn 0.932 -0.198 -0.302
vn -0.318 -0.051 -0.947
vn -0.932 0.198 0.302
vn -0.921 0.254 0.296
vn 0.317 0.048 0.947
vn 0.921 -0.254 -0.296
vn -0.317 -0.048 -0.947
vn -0.921 0.254 0.296
vn -0.919 0.262 0.295
vn 0.321 0.062 0.945
vn 0.919 -0.262 -0.295
vn -0.321 -0.062 -0.945
vn -0.919 0.262 0.295
vn -0.932 0.200 0.301
vn 0.313 0.032 0.949
vn 0.932 -0.200 -0.301
vn -0.313 -0.032 -0.949
vn -0.932 0.200 0.301
vn -0.935 0.186 0.302
vn 0.304 -0.015 0.952
vn 0.935 -0.186 -0.302
vn -0.304 0.015 -0.952
vn -0.935 0.186 0.302
vn 0.182 0.982 -0.042
vn 0.009 -0.104 -0.995
vn -0.452 0.887 -0.097
vn -0.009 0.104 0.995
vn 0.452 -0.887 0.097
vn 0.009 -0.104 -0.995
vn 0.033 -0.089 -0.995
vn -0.518 0.850 -0.093
vn -0.033 0.089 0.995
vn 0.518 -0.850 0.093
vn 0.033 -0.089 -0.995
vn 0.034 -0.088 -0.996
vn -0.614 0.784 -0.091
vn -0.034 0.088 0.996
vn 0.614 -0.784 0.091
vn 0.034 -0.088 -0.996
vn -0.009 -0.125 -0.992
vn -0.650 0.754 -0.089
vn 0.009 0.125 0.992
vn 0.650 -0.754 0.089
vn -0.009 -0.125 -0.992
vn -0.032 -0.145 -0.989
vn -0.656 0.750 -0.088
vn 0.032 0.145 0.989
vn 0.656 -0.750 0.088
vn -0.032 -0.145 -0.989
vn 0.754 0.646 -0.119
vn 0.218 -0.504 -0.835
vn -0.253 0.798 -0.548
vn -0.218 0.504 0.835
vn 0.253 -0.798 0.548
vn 0.218 -0.504 -0.835
vn 0.180 -0.520 -0.835
vn -0.330 0.767 -0.550
vn -0.180 0.520 0.835
vn 0.330 -0.767 0.550
vn 0.180 -0.520 -0.835
vn 0.158 -0.531 -0.832
vn -0.423 0.725 -0.543
vn -0.158 0.531 0.832
vn 0.423 -0.725 0.543
vn 0.158 -0.531 -0.832
vn 0.203 -0.508 -0.837
vn -0.431 0.721 -0.542
vn -0.203 0.508 0.837
vn 0.431 -0.721 0.542
vn 0.203 -0.508 -0.837
vn 0.235 -0.491 -0.839
vn -0.422 0.726 -0.543
vn -0.235 0.491 0.839
vn 0.422 -0.726 0.543
vn 0.235 -0.491 -0.839
vn 0.875 0.482 -0.037
vn 0.272 -0.439 -0.856
vn -0.355 0.781 -0.513
vn -0.272 0.439 0.856
vn 0.355 -0.781 0.513
vn 0.272 -0.439 -0.856
vn 0.252 -0.448 -0.858
vn -0.342 0.788 -0.512
vn -0.252 0.448 0.858
vn 0.342 -0.788 0.512
vn 0.252 -0.448 -0.858
vn 0.206 -0.469 -0.859
vn -0.339 0.789 -0.512
vn -0.206 0.469 0.859
vn 0.339 -0.789 0.512
vn 0.206 -0.469 -0.859
vn 0.144 -0.493 -0.858
vn -0.325 0.795 -0.512
vn -0.144 0.493 0.858
vn 0.325 -0.795 0.512
vn 0.144 -0.493 -0.858
vn 0.108 -0.506 -0.856
vn -0.300 0.804 -0.513
vn -0.108 0.506 0.856
vn 0.300 -0.804 0.513
vn 0.108 -0.506 -0.856
vn 0.948 0.312 -0.065
vn 0.427 -0.895 0.128
vn 0.634 0.195 -0.748
vn -0.427 0.895 -0.128
vn -0.634 -0.195 0.748
vn 0.427 -0.895 0.128
vn 0.456 -0.876 0.156
vn 0.618 0.185 -0.764
vn -0.456 0.876 -0.156
vn -0.618 -0.185 0.764
vn 0.456 -0.876 0.156
vn 0.466 -0.869 0.166
vn 0.610 0.180 -0.772
vn -0.466 0.869 -0.166
vn -0.610 -0.180 0.772
vn 0.466 -0.869 0.166
vn 0.418 -0.901 0.118
vn 0.630 0.194 -0.752
vn -0.418 0.901 -0.118
vn -0.630 -0.194 0.752
vn 0.418 -0.901 0.118
vn 0.389 -0.917 0.088
vn 0.642 0.201 -0.740
vn -0.389 0.917 -0.088
vn -0.642 -0.201 0.740
vn 0.389 -0.917 0.088
vn 0.661 0.344 0.667
vn 0.739 -0.520 0.428
vn 0.538 0.072 -0.840
vn -0.739 0.520 -0.428
vn -0.538 -0.072 0.840
vn 0.739 -0.520 0.428
vn 0.737 -0.525 0.426
vn 0.549 0.097 -0.830
vn -0.737 0.525 -0.426
vn -0.549 -0.097 0.830
vn 0.737 -0.525 0.426
vn 0.745 -0.504 0.437
vn 0.576 0.156 -0.803
vn -0.745 0.504 -0.437
vn -0.576 -0.156 0.803
vn 0.745 -0.504 0.437
vn 0.753 -0.484 0.446
vn 0.579 0.165 -0.798
vn -0.753 0.484 -0.446
vn -0.579 -0.165 0.798
vn 0.753 -0.484 0.446
vn 0.760 -0.465 0.454
vn 0.566 0.128 -0.815
vn -0.760 0.465 -0.454
vn -0.566 -0.128 0.815
vn 0.760 -0.465 0.454
vn 0.775 -0.424 0.469
vn 0.558 0.107 -0.823
vn -0.775 0.424 -0.469
vn -0.558 -0.107 0.823
vn 0.775 -0.424 0.469
vn 0.778 -0.414 0.473
vn 0.559 0.111 -0.822
vn -0.778 0.414 -0.473
vn -0.559 -0.111 0.822
vn 0.778 -0.414 0.473
vn 0.781 -0.402 0.477
vn 0.559 0.113 -0.821
vn -0.781 0.402 -0.477
vn -0.559 -0.113 0.821
vn 0.781 -0.402 0.477
vn 0.794 -0.356 0.492
vn 0.558 0.109 -0.822
vn -0.794 0.356 -0.492
vn -0.558 -0.109 0.822
vn 0.794 -0.356 0.492
vn 0.801 -0.329 0.500
vn 0.561 0.119 -0.819
vn -0.801 0.329 -0.500
vn -0.561 -0.119 0.819
vn 0.801 -0.329 0.500
vn 0.210 0.937 0.280
vn 0.457 0.524 -0.718
vn -0.767 0.641 -0.021
vn -0.457 -0.524 0.718
vn 0.767 -0.641 0.021
vn 0.457 0.524 -0.718
vn 0.476 0.547 -0.688
vn -0.768 0.640 -0.021
vn -0.476 -0.547 0.688
vn 0.768 -0.640 0.021
vn 0.476 0.547 -0.688
vn 0.484 0.559 -0.674
vn -0.789 0.612 -0.058
vn -0.484 -0.559 0.674
vn 0.789 -0.612 0.058
vn 0.484 0.559 -0.674
vn 0.460 0.520 -0.720
vn -0.805 0.587 -0.091
vn -0.460 -0.520 0.720
vn 0.805 -0.587 0.091
vn 0.460 0.520 -0.720
vn 0.444 0.493 -0.748
vn -0.803 0.590 -0.087
vn -0.444 -0.493 0.748
vn 0.803 -0.590 0.087
vn 0.444 0.493 -0.748
vn 0.399 0.639 0.658
vn 0.603 0.429 -0.673
vn -0.691 0.703 -0.171
vn -0.603 -0.429 0.673
vn 0.691 -0.703 0.171
vn 0.603 0.429 -0.673
vn 0.594 0.416 -0.688
vn -0.698 0.693 -0.183
vn -0.594 -0.416 0.688
vn 0.698 -0.693 0.183
vn 0.594 0.416 -0.688
vn 0.578 0.391 -0.717
vn -0.704 0.683 -0.195
vn -0.578 -0.391 0.717
vn 0.704 -0.683 0.195
vn 0.578 0.391 -0.717
vn 0.535 0.325 -0.780
vn -0.716 0.664 -0.215
vn -0.535 -0.325 0.780
vn 0.716 -0.664 0.215
vn 0.535 0.325 -0.780
vn 0.500 0.269 -0.823
vn -0.730 0.643 -0.233
vn -0.500 -0.269 0.823
vn 0.730 -0.643 0.233
vn 0.500 0.269 -0.823
vn 0.467 0.717 0.518
vn 0.927 -0.175 -0.333
vn -0.059 0.806 -0.589
vn -0.927 0.175 0.333
vn 0.059 -0.806 0.589
vn 0.927 -0.175 -0.333
vn 0.921 -0.184 -0.344
vn -0.070 0.789 -0.610
vn -0.921 0.184 0.344
vn 0.070 -0.789 0.610
vn 0.921 -0.184 -0.344
vn 0.925 -0.178 -0.337
vn -0.059 0.806 -0.589
vn -0.925 0.178 0.337
vn 0.059 -0.806 0.589
vn 0.925 -0.178 -0.337
vn 0.927 -0.176 -0.332
vn -0.026 0.853 -0.522
vn -0.927 0.176 0.332
vn 0.026 -0.853 0.522
vn 0.927 -0.176 -0.332
vn 0.919 -0.185 -0.348
vn -0.014 0.867 -0.498
vn -0.919 0.185 0.348
vn 0.014 -0.867 0.498
vn 0.919 -0.185 -0.348
vn 0.394 0.463 0.794
vn -0.063 0.224 -0.973
vn -0.964 -0.265 0.001
vn 0.063 -0.224 0.973
vn 0.964 0.265 -0.001
vn -0.063 0.224 -0.973
vn -0.052 0.188 -0.981
vn -0.958 -0.286 -0.004
vn 0.052 -0.188 0.981
vn 0.958 0.286 0.004
vn -0.052 0.188 -0.981
vn -0.036 0.145 -0.989
vn -0.942 -0.334 -0.014
vn 0.036 -0.145 0.989
vn 0.942 0.334 0.014
vn -0.036 0.145 -0.989
vn -0.046 0.171 -0.984
vn -0.938 -0.347 -0.016
vn 0.046 -0.171 0.984
vn 0.938 0.347 0.016
vn -0.046 0.171 -0.984
vn -0.058 0.204 -0.977
vn -0.943 -0.333 -0.014
vn 0.058 -0.204 0.977
vn 0.943 0.333 0.014
vn -0.058 0.204 -0.977
vn -0.328 0.920 0.212
vn 0.701 -0.657 0.278
vn 0.122 -0.274 -0.954
vn -0.701 0.657 -0.278
vn -0.122 0.274 0.954
vn 0.701 -0.657 0.278
vn 0.707 -0.650 0.277
vn 0.127 -0.269 -0.955
vn -0.707 0.650 -0.277
vn -0.127 0.269 0.955
vn 0.707 -0.650 0.277
vn 0.685 -0.673 0.279
vn 0.160 -0.235 -0.959
vn -0.685 0.673 -0.279
vn -0.160 0.235 0.959
vn 0.685 -0.673 0.279
vn 0.664 -0.694 0.279
vn 0.187 -0.207 -0.960
vn -0.664 0.694 -0.279
vn -0.187 0.207 0.960
vn 0.664 -0.694 0.279
vn 0.672 -0.686 0.279
vn 0.185 -0.209 -0.960
vn -0.672 0.686 -0.279
vn -0.185 0.209 0.960
vn 0.672 -0.686 0.279
vn 0.717 0.697 -0.014
vn 0.440 0.315 -0.841
vn -0.696 0.711 -0.097
vn -0.440 -0.315 0.841
vn 0.696 -0.711 0.097
vn 0.440 0.315 -0.841
vn 0.445 0.322 -0.835
vn -0.715 0.690 -0.115
vn -0.445 -0.322 0.835
vn 0.715 -0.690 0.115
vn 0.445 0.322 -0.835
vn 0.454 0.333 -0.827
vn -0.726 0.676 -0.127
vn -0.454 -0.333 0.827
vn 0.726 -0.676 0.127
vn 0.454 0.333 -0.827
vn 0.448 0.326 -0.833
vn -0.704 0.703 -0.103
vn -0.448 -0.326 0.833
vn 0.704 -0.703 0.103
vn 0.448 0.326 -0.833
vn 0.439 0.317 -0.841
vn -0.687 0.721 -0.087
vn -0.439 -0.317 0.841
vn 0.687 -0.721 0.087
vn 0.439 0.317 -0.841
vn 0.579 0.616 0.534
vn 0.920 -0.311 -0.238
vn -0.291 -0.135 -0.947
vn -0.920 0.311 0.238
vn 0.291 0.135 0.947
vn 0.920 -0.311 -0.238
vn 0.929 -0.280 -0.244
vn -0.280 -0.097 -0.955
vn -0.929 0.280 0.244
vn 0.280 0.097 0.955
vn 0.929 -0.280 -0.244
vn 0.923 -0.299 -0.242
vn -0.255 -0.004 -0.967
vn -0.923 0.299 0.242
vn 0.255 0.004 0.967
vn 0.923 -0.299 -0.242
vn 0.914 -0.327 -0.241
vn -0.242 0.037 -0.969
vn -0.914 0.327 0.241
vn 0.242 -0.037 0.969
vn 0.914 -0.327 -0.241
vn 0.921 -0.305 -0.242
vn -0.247 0.025 -0.969
vn -0.921 0.305 0.242
vn 0.247 -0.025 0.969
vn 0.921 -0.305 -0.242
vn 0.302 0.952 -0.053
vn -0.491 0.476 -0.730
vn -0.650 0.359 0.670
vn 0.491 -0.476 0.730
vn 0.650 -0.359 -0.670
vn -0.491 0.476 -0.730
vn -0.481 0.489 -0.728
vn -0.628 0.387 0.675
vn 0.481 -0.489 0.728
vn 0.628 -0.387 -0.675
vn -0.481 0.489 -0.728
vn -0.479 0.491 -0.728
vn -0.598 0.425 0.680
vn 0.479 -0.491 0.728
vn 0.598 -0.425 -0.680
vn -0.479 0.491 -0.728
vn -0.551 0.403 -0.731
vn -0.576 0.450 0.682
vn 0.551 -0.403 0.731
vn 0.576 -0.450 -0.682
vn -0.551 0.403 -0.731
vn -0.621 0.299 -0.725
vn -0.587 0.435 0.683
vn 0.621 -0.299 0.725
vn 0.587 -0.435 -0.683
vn -0.621 0.299 -0.725
vn -0.633 0.277 -0.723
vn -0.607 0.402 0.686
vn 0.633 -0.277 0.723
vn 0.607 -0.402 -0.686
vn -0.633 0.277 -0.723
vn 0.480 0.873 -0.086
vn 0.315 -0.492 -0.812
vn -0.841 0.251 -0.479
vn -0.315 0.492 0.812
vn 0.841 -0.251 0.479
vn 0.315 -0.492 -0.812
vn 0.339 -0.446 -0.828
vn -0.832 0.269 -0.486
vn -0.339 0.446 0.828
vn 0.832 -0.269 0.486
vn 0.339 -0.446 -0.828
vn 0.355 -0.416 -0.837
vn -0.828 0.277 -0.488
vn -0.355 0.416 0.837
vn 0.828 -0.277 0.488
vn 0.355 -0.416 -0.837
vn 0.343 -0.441 -0.829
vn -0.838 0.256 -0.482
vn -0.343 0.441 0.829
vn 0.838 -0.256 0.482
vn 0.343 -0.441 -0.829
vn 0.315 -0.502 -0.805
vn -0.859 0.210 -0.467
vn -0.315 0.502 0.805
vn 0.859 -0.210 0.467
vn 0.315 -0.502 -0.805
vn 0.292 -0.552 -0.781
vn -0.875 0.175 -0.451
vn -0.292 0.552 0.781
vn 0.875 -0.175 0.451
vn 0.292 -0.552 -0.781
vn 0.386 0.815 -0.433
vn -0.782 -0.142 0.607
vn 0.584 -0.509 0.632
vn 0.782 0.142 -0.607
vn -0.584 0.509 -0.632
vn -0.782 -0.142 0.607
vn -0.792 -0.186 0.582
vn 0.586 -0.499 0.638
vn 0.792 0.186 -0.582
vn -0.586 0.499 -0.638
vn -0.792 -0.186 0.582
vn -0.797 -0.231 0.558
vn 0.597 -0.437 0.672
vn 0.797 0.231 -0.558
vn -0.597 0.437 -0.672
vn -0.797 -0.231 0.558
vn -0.799 -0.275 0.535
vn 0.602 -0.378 0.703
vn 0.799 0.275 -0.535
vn -0.602 0.378 -0.703
vn -0.799 -0.275 0.535
vn -0.799 -0.256 0.544
vn 0.602 -0.334 0.726
vn 0.799 0.256 -0.544
vn -0.602 0.334 -0.726
vn -0.799 -0.256 0.544
vn -0.800 -0.188 0.569
vn 0.599 -0.263 0.756
vn 0.800 0.188 -0.569
vn -0.599 0.263 -0.756
vn -0.800 -0.188 0.569
vn -0.801 -0.179 0.572
vn 0.598 -0.190 0.778
vn 0.801 0.179 -0.572
vn -0.598 0.190 -0.778
vn -0.801 -0.179 0.572
vn -0.801 -0.172 0.573
vn 0.597 -0.150 0.789
vn 0.801 0.172 -0.573
vn -0.597 0.150 -0.789
vn -0.801 -0.172 0.573
vn -0.050 0.974 0.223
vn 0.500 0.488 -0.715
vn -0.737 0.674 -0.056
vn -0.500 -0.488 0.715
vn 0.737 -0.674 0.056
vn 0.500 0.488 -0.715
vn 0.500 0.488 -0.716
vn -0.754 0.652 -0.083
vn -0.500 -0.488 0.716
vn 0.754 -0.652 0.083
vn 0.500 0.488 -0.716
vn 0.491 0.475 -0.730
vn -0.752 0.654 -0.080
vn -0.491 -0.475 0.730
vn 0.752 -0.654 0.080
vn 0.491 0.475 -0.730
vn 0.501 0.490 -0.713
vn -0.761 0.642 -0.094
vn -0.501 -0.490 0.713
vn 0.761 -0.642 0.094
vn 0.501 0.490 -0.713
vn 0.517 0.518 -0.681
vn -0.785 0.604 -0.137
vn -0.517 -0.518 0.681
vn 0.785 -0.604 0.137
vn 0.517 0.518 -0.681
vn 0.340 0.606 0.719
vn -0.775 0.591 -0.224
vn -0.368 -0.133 0.920
vn 0.775 -0.591 0.224
vn 0.368 0.133 -0.920
vn -0.775 0.591 -0.224
vn -0.804 0.542 -0.245
vn -0.379 -0.150 0.913
vn 0.804 -0.542 0.245
vn 0.379 0.150 -0.913
vn -0.804 0.542 -0.245
vn -0.838 0.475 -0.270
vn -0.379 -0.150 0.913
vn 0.838 -0.475 0.270
vn 0.379 0.150 -0.913
vn -0.838 0.475 -0.270
vn -0.859 0.426 -0.285
vn -0.367 -0.123 0.922
vn 0.859 -0.426 0.285
vn 0.367 0.123 -0.922
vn -0.859 0.426 -0.285
vn -0.872 0.392 -0.294
vn -0.363 -0.115 0.925
vn 0.872 -0.392 0.294
vn 0.363 0.115 -0.925
vn -0.872 0.392 -0.294
vn 0.328 0.913 0.242
vn 0.308 0.826 -0.471
vn -0.934 0.168 -0.316
vn -0.308 -0.826 0.471
vn 0.934 -0.168 0.316
vn 0.308 0.826 -0.471
vn 0.300 0.847 -0.439
vn -0.931 0.161 -0.327
vn -0.300 -0.847 0.439
vn 0.931 -0.161 0.327
vn 0.300 0.847 -0.439
vn 0.305 0.837 -0.454
vn -0.924 0.144 -0.355
vn -0.305 -0.837 0.454
vn 0.924 -0.144 0.355
vn 0.305 0.837 -0.454
vn 0.321 0.796 -0.514
vn -0.926 0.148 -0.349
vn -0.321 -0.796 0.514
vn 0.926 -0.148 0.349
vn 0.321 0.796 -0.514
vn 0.324 0.785 -0.529
vn -0.930 0.163 -0.328
vn -0.324 -0.785 0.529
vn 0.930 -0.163 0.328
vn 0.324 0.785 -0.529
vn -0.171 0.598 0.783
vn 0.910 0.289 0.296
vn 0.142 0.454 -0.879
vn -0.910 -0.289 -0.296
vn -0.142 -0.454 0.879
vn 0.910 0.289 0.296
vn 0.903 0.304 0.303
vn 0.137 0.466 -0.874
vn -0.903 -0.304 -0.303
vn -0.137 -0.466 0.874
vn 0.903 0.304 0.303
vn 0.903 0.304 0.303
vn 0.139 0.461 -0.877
vn -0.903 -0.304 -0.303
vn -0.139 -0.461 0.877
vn 0.903 0.304 0.303
vn 0.919 0.270 0.289
vn 0.148 0.443 -0.884
vn -0.919 -0.270 -0.289
vn -0.148 -0.443 0.884
vn 0.919 0.270 0.289
vn 0.927 0.251 0.280
vn 0.148 0.443 -0.884
vn -0.927 -0.251 -0.280
vn -0.148 -0.443 0.884
vn 0.927 0.251 0.280
vn -0.346 0.861 0.373
vn 0.230 -0.020 -0.973
vn -0.853 -0.485 -0.192
vn -0.230 0.020 0.973
vn 0.853 0.485 0.192
vn 0.230 -0.020 -0.973
vn 0.223 -0.006 -0.975
vn -0.850 -0.492 -0.191
vn -0.223 0.006 0.975
vn 0.850 0.492 0.191
vn 0.223 -0.006 -0.975
vn 0.262 -0.062 -0.963
vn -0.793 -0.582 -0.178
vn -0.262 0.062 0.963
vn 0.793 0.582 0.178
vn 0.262 -0.062 -0.963
vn 0.321 -0.131 -0.938
vn -0.721 -0.676 -0.152
vn -0.321 0.131 0.938
vn 0.721 0.676 0.152
vn 0.321 -0.131 -0.938
vn 0.327 -0.138 -0.935
vn -0.708 -0.691 -0.145
vn -0.327 0.138 0.935
vn 0.708 0.691 0.145
vn 0.327 -0.138 -0.935
vn -0.626 0.709 -0.324
vn -0.815 0.372 -0.444
vn -0.573 -0.410 0.709
vn 0.815 -0.372 0.444
vn 0.573 0.410 -0.709
vn -0.815 0.372 -0.444
vn -0.815 0.376 -0.442
vn -0.572 -0.395 0.719
vn 0.815 -0.376 0.442
vn 0.572 0.395 -0.719
vn -0.815 0.376 -0.442
vn -0.811 0.401 -0.426
vn -0.567 -0.358 0.742
vn 0.811 -0.401 0.426
vn 0.567 0.358 -0.742
vn -0.811 0.401 -0.426
vn -0.803 0.443 -0.399
vn -0.568 -0.366 0.737
vn 0.803 -0.443 0.399
vn 0.568 0.366 -0.737
vn -0.803 0.443 -0.399
vn -0.798 0.464 -0.384
vn -0.574 -0.394 0.718
vn 0.798 -0.464 0.384
vn 0.574 0.394 -0.718
vn -0.798 0.464 -0.384
vn 0.182 0.794 0.581
vn 0.806 0.463 -0.369
vn -0.556 0.378 -0.740
vn -0.806 -0.463 0.369
vn 0.556 -0.378 0.740
vn 0.806 0.463 -0.369
vn 0.808 0.454 -0.375
vn -0.558 0.385 -0.735
vn -0.808 -0.454 0.375
vn 0.558 -0.385 0.735
vn 0.808 0.454 -0.375
vn 0.810 0.444 -0.383
vn -0.566 0.425 -0.706
vn -0.810 -0.444 0.383
vn 0.566 -0.425 0.706
vn 0.810 0.444 -0.383
vn 0.810 0.442 -0.385
vn -0.578 0.495 -0.649
vn -0.810 -0.442 0.385
vn 0.578 -0.495 0.649
vn 0.810 0.442 -0.385
vn 0.811 0.440 -0.386
vn -0.582 0.532 -0.615
vn -0.811 -0.440 0.386
vn 0.582 -0.532 0.615
vn 0.811 0.440 -0.386
vn -0.065 0.724 0.687
vn -0.358 0.673 0.648
vn 0.711 -0.254 0.656
vn 0.358 -0.673 -0.648
vn -0.711 0.254 -0.656
vn -0.358 0.673 0.648
vn -0.347 0.685 0.641
vn 0.715 -0.248 0.653
vn 0.347 -0.685 -0.641
vn -0.715 0.248 -0.653
vn -0.347 0.685 0.641
vn -0.340 0.692 0.637
vn 0.693 -0.273 0.667
vn 0.340 -0.692 -0.637
vn -0.693 0.273 -0.667
vn -0.340 0.692 0.637
vn -0.346 0.687 0.639
vn 0.649 -0.317 0.692
vn 0.346 -0.687 -0.639
vn -0.649 0.317 -0.692
vn -0.346 0.687 0.639
vn -0.347 0.686 0.640
vn 0.668 -0.298 0.682
vn 0.347 -0.686 -0.640
vn -0.668 0.298 -0.682
vn -0.347 0.686 0.640
vn -0.342 0.691 0.637
vn 0.684 -0.282 0.673
vn 0.342 -0.691 -0.637
vn -0.684 0.282 -0.673
vn -0.342 0.691 0.637
vn -0.339 0.693 0.636
vn 0.684 -0.282 0.673
vn 0.339 -0.693 -0.636
vn -0.684 0.282 -0.673
vn -0.339 0.693 0.636
vn -0.370 0.661 0.652
vn 0.673 -0.293 0.679
vn 0.370 -0.661 -0.652
vn -0.673 0.293 -0.679
vn -0.370 0.661 0.652
vn -0.381 0.650 0.658
vn 0.654 -0.314 0.689
vn 0.381 -0.650 -0.658
vn -0.654 0.314 -0.689
vn -0.381 0.650 0.658
vn -0.365 0.668 0.649
vn 0.664 -0.302 0.684
vn 0.365 -0.668 -0.649
vn -0.664 0.302 -0.684
vn -0.365 0.668 0.649
vn 0.652 0.681 -0.334
vn -0.710 0.272 -0.649
vn -0.140 0.849 0.510
vn 0.710 -0.272 0.649
vn 0.140 -0.849 -0.510
vn -0.710 0.272 -0.649
vn -0.724 0.263 -0.638
vn -0.149 0.843 0.517
vn 0.724 -0.263 0.638
vn 0.149 -0.843 -0.517
vn -0.724 0.263 -0.638
vn -0.774 0.224 -0.592
vn -0.167 0.830 0.532
vn 0.774 -0.224 0.592
vn 0.167 -0.830 -0.532
vn -0.774 0.224 -0.592
vn -0.810 0.191 -0.554
vn -0.177 0.822 0.542
vn 0.810 -0.191 0.554
vn 0.177 -0.822 -0.542
vn -0.810 0.191 -0.554
vn -0.812 0.189 -0.552
vn -0.179 0.820 0.544
vn 0.812 -0.189 0.552
vn 0.179 -0.820 -0.544
vn -0.812 0.189 -0.552
vn 0.555 0.541 -0.632
vn -0.969 0.247 -0.028
vn 0.109 0.527 0.843
vn 0.969 -0.247 0.028
vn -0.109 -0.527 -0.843
vn -0.969 0.247 -0.028
vn -0.971 0.239 -0.024
vn 0.111 0.534 0.838
vn 0.971 -0.239 0.024
vn -0.111 -0.534 -0.838
vn -0.971 0.239 -0.024
vn -0.967 0.251 -0.033
vn 0.125 0.585 0.801
vn 0.967 -0.251 0.033
vn -0.125 -0.585 -0.801
vn -0.967 0.251 -0.033
vn -0.971 0.239 -0.022
vn 0.140 0.639 0.757
vn 0.971 -0.239 0.022
vn -0.140 -0.639 -0.757
vn -0.971 0.239 -0.022
vn -0.978 0.210 0.005
vn 0.143 0.650 0.746
vn 0.978 -0.210 -0.005
vn -0.143 -0.650 -0.746
vn -0.978 0.210 0.005
vn 0.154 0.730 -0.666
vn 0.003 0.950 0.311
vn 0.354 -0.292 0.889
vn -0.003 -0.950 -0.311
vn -0.354 0.292 -0.889
vn 0.003 0.950 0.311
vn 0.033 0.953 0.301
vn 0.333 -0.294 0.896
vn -0.033 -0.953 -0.301
vn -0.333 0.294 -0.896
vn 0.033 0.953 0.301
vn 0.112 0.956 0.273
vn 0.329 -0.295 0.897
vn -0.112 -0.956 -0.273
vn -0.329 0.295 -0.897
vn 0.112 0.956 0.273
vn 0.164 0.953 0.255
vn 0.300 -0.294 0.908
vn -0.164 -0.953 -0.255
vn -0.300 0.294 -0.908
vn 0.164 0.953 0.255
vn 0.167 0.953 0.254
vn 0.253 -0.290 0.923
vn -0.167 -0.953 -0.254
vn -0.253 0.290 -0.923
vn 0.167 0.953 0.254
vn 0.953 -0.090 -0.290
vn 0.274 -0.345 0.898
vn 0.836 -0.375 -0.400
vn -0.274 0.345 -0.898
vn -0.836 0.375 0.400
vn 0.274 -0.345 0.898
vn 0.283 -0.329 0.901
vn 0.824 -0.397 -0.404
vn -0.283 0.329 -0.901
vn -0.824 0.397 0.404
vn 0.283 -0.329 0.901
vn 0.279 -0.337 0.899
vn 0.829 -0.389 -0.403
vn -0.279 0.337 -0.899
vn -0.829 0.389 0.403
vn 0.279 -0.337 0.899
vn 0.263 -0.364 0.893
vn 0.827 -0.391 -0.403
vn -0.263 0.364 -0.893
vn -0.827 0.391 0.403
vn 0.263 -0.364 0.893
vn 0.261 -0.368 0.893
vn 0.808 -0.423 -0.410
vn -0.261 0.368 -0.893
vn -0.808 0.423 0.410
vn 0.261 -0.368 0.893
vn 0.529 0.828 0.187
vn -0.887 -0.005 -0.461
vn -0.389 0.545 0.743
vn 0.887 0.005 0.461
vn 0.389 -0.545 -0.743
vn -0.887 -0.005 -0.461
vn -0.872 0.045 -0.487
vn -0.397 0.519 0.757
vn 0.872 -0.045 0.487
vn 0.397 -0.519 -0.757
vn -0.872 0.045 -0.487
vn -0.845 0.121 -0.521
vn -0.406 0.490 0.772
vn 0.845 -0.121 0.521
vn 0.406 -0.490 -0.772
vn -0.845 0.121 -0.521
vn -0.846 0.118 -0.520
vn -0.407 0.488 0.772
vn 0.846 -0.118 0.520
vn 0.407 -0.488 -0.772
vn -0.846 0.118 -0.520
vn -0.857 0.089 -0.508
vn -0.406 0.489 0.772
vn 0.857 -0.089 0.508
vn 0.406 -0.489 -0.772
vn -0.857 0.089 -0.508
vn 0.317 0.868 -0.383
vn 0.304 -0.834 -0.460
vn -0.910 -0.111 -0.400
vn -0.304 0.834 0.460
vn 0.910 0.111 0.400
vn 0.304 -0.834 -0.460
vn 0.292 -0.858 -0.423
vn -0.916 -0.124 -0.381
vn -0.292 0.858 0.423
vn 0.916 0.124 0.381
vn 0.292 -0.858 -0.423
vn 0.280 -0.879 -0.385
vn -0.919 -0.129 -0.373
vn -0.280 0.879 0.385
vn 0.919 0.129 0.373
vn 0.280 -0.879 -0.385
vn 0.265 -0.902 -0.341
vn -0.917 -0.126 -0.378
vn -0.265 0.902 0.341
vn 0.917 0.126 0.378
vn 0.265 -0.902 -0.341
vn 0.269 -0.895 -0.355
vn -0.923 -0.135 -0.359
vn -0.269 0.895 0.355
vn 0.923 0.135 0.359
vn 0.269 -0.895 -0.355
vn 0.286 -0.864 -0.414
vn -0.928 -0.142 -0.346
vn -0.286 0.864 0.414
vn 0.928 0.142 0.346
vn 0.286 -0.864 -0.414
vn 0.240 0.483 -0.842
vn -0.508 0.364 0.781
vn 0.565 -0.544 0.621
vn 0.508 -0.364 -0.781
vn -0.565 0.544 -0.621
vn -0.508 0.364 0.781
vn -0.484 0.393 0.782
vn 0.592 -0.510 0.623
vn 0.484 -0.393 -0.782
vn -0.592 0.510 -0.623
vn -0.484 0.393 0.782
vn -0.465 0.417 0.781
vn 0.621 -0.475 0.623
vn 0.465 -0.417 -0.781
vn -0.621 0.475 -0.623
vn -0.465 0.417 0.781
vn -0.451 0.434 0.780
vn 0.636 -0.456 0.622
vn 0.451 -0.434 -0.780
vn -0.636 0.456 -0.622
vn -0.451 0.434 0.780
vn -0.432 0.458 0.777
vn 0.650 -0.439 0.621
vn 0.432 -0.458 -0.777
vn -0.650 0.439 -0.621
vn -0.432 0.458 0.777
vn 0.625 0.773 -0.108
vn 0.704 -0.266 -0.659
vn -0.605 0.261 -0.752
vn -0.704 0.266 0.659
vn 0.605 -0.261 0.752
vn 0.704 -0.266 -0.659
vn 0.734 -0.180 -0.655
vn -0.610 0.249 -0.752
vn -0.734 0.180 0.655
vn 0.610 -0.249 0.752
vn 0.734 -0.180 -0.655
vn 0.760 -0.078 -0.646
vn -0.617 0.227 -0.753
vn -0.760 0.078 0.646
vn 0.617 -0.227 0.753
vn 0.760 -0.078 -0.646
vn 0.751 -0.115 -0.651
vn -0.612 0.249 -0.750
vn -0.751 0.115 0.651
vn 0.612 -0.249 0.750
vn 0.751 -0.115 -0.651
vn 0.735 -0.166 -0.657
vn -0.604 0.279 -0.746
vn -0.735 0.166 0.657
vn 0.604 -0.279 0.746
vn 0.735 -0.166 -0.657
vn 0.307 0.946 0.105
vn -0.382 0.596 0.706
vn 0.903 0.078 0.422
vn 0.382 -0.596 -0.706
vn -0.903 -0.078 -0.422
vn -0.382 0.596 0.706
vn -0.392 0.557 0.732
vn 0.897 0.056 0.438
vn 0.392 -0.557 -0.732
vn -0.897 -0.056 -0.438
vn -0.392 0.557 0.732
vn -0.390 0.563 0.728
vn 0.899 0.061 0.434
vn 0.390 -0.563 -0.728
vn -0.899 -0.061 -0.434
vn -0.390 0.563 0.728
vn -0.371 0.635 0.678
vn 0.899 0.062 0.434
vn 0.371 -0.635 -0.678
vn -0.899 -0.062 -0.434
vn -0.371 0.635 0.678
vn -0.361 0.662 0.657
vn 0.890 0.036 0.454
vn 0.361 -0.662 -0.657
vn -0.890 -0.036 -0.454
vn -0.361 0.662 0.657
vn 0.277 0.749 -0.602
vn 0.883 -0.345 0.319
vn 0.434 0.339 -0.834
vn -0.883 0.345 -0.319
vn -0.434 -0.339 0.834
vn 0.883 -0.345 0.319
vn 0.886 -0.327 0.329
vn 0.438 0.358 -0.825
vn -0.886 0.327 -0.329
vn -0.438 -0.358 0.825
vn 0.886 -0.327 0.329
vn 0.896 -0.227 0.382
vn 0.443 0.390 -0.807
vn -0.896 0.227 -0.382
vn -0.443 -0.390 0.807
vn 0.896 -0.227 0.382
vn 0.895 -0.125 0.427
vn 0.442 0.366 -0.819
vn -0.895 0.125 -0.427
vn -0.442 -0.366 0.819
vn 0.895 -0.125 0.427
vn 0.896 -0.141 0.422
vn 0.445 0.301 -0.843
vn -0.896 0.141 -0.422
vn -0.445 -0.301 0.843
vn 0.896 -0.141 0.422
vn 0.895 -0.156 0.417
vn 0.445 0.272 -0.853
vn -0.895 0.156 -0.417
vn -0.445 -0.272 0.853
vn 0.895 -0.156 0.417
vn 0.896 -0.090 0.434
vn 0.443 0.220 -0.869
vn -0.896 0.090 -0.434
vn -0.443 -0.220 0.869
vn 0.896 -0.090 0.434
vn 0.896 -0.053 0.442
vn 0.444 0.185 -0.877
vn -0.896 0.053 -0.442
vn -0.444 -0.185 0.877
vn 0.896 -0.053 0.442
vn 0.896 -0.065 0.439
vn 0.443 0.201 -0.874
vn -0.896 0.065 -0.439
vn -0.443 -0.201 0.874
vn 0.896 -0.065 0.439
vn -0.031 0.977 0.209
vn 0.904 -0.398 0.156
vn 0.049 -0.265 -0.963
vn -0.904 0.398 -0.156
vn -0.049 0.265 0.963
vn 0.904 -0.398 0.156
vn 0.883 -0.440 0.165
vn 0.062 -0.239 -0.969
vn -0.883 0.440 -0.165
vn -0.062 0.239 0.969
vn 0.883 -0.440 0.165
vn 0.858 -0.484 0.172
vn 0.079 -0.206 -0.975
vn -0.858 0.484 -0.172
vn -0.079 0.206 0.975
vn 0.858 -0.484 0.172
vn 0.841 -0.512 0.175
vn 0.106 -0.161 -0.981
vn -0.841 0.512 -0.175
vn -0.106 0.161 0.981
vn 0.841 -0.512 0.175
vn 0.826 -0.535 0.176
vn 0.130 -0.123 -0.984
vn -0.826 0.535 -0.176
vn -0.130 0.123 0.984
vn 0.826 -0.535 0.176
vn 0.548 0.836 -0.032
vn 0.910 -0.107 0.400
vn 0.330 -0.398 -0.856
vn -0.910 0.107 -0.400
vn -0.330 0.398 0.856
vn 0.910 -0.107 0.400
vn 0.908 -0.113 0.403
vn 0.322 -0.426 -0.845
vn -0.908 0.113 -0.403
vn -0.322 0.426 0.845
vn 0.908 -0.113 0.403
vn 0.914 -0.091 0.394
vn 0.326 -0.413 -0.851
vn -0.914 0.091 -0.394
vn -0.326 0.413 0.851
vn 0.914 -0.091 0.394
vn 0.920 -0.065 0.385
vn 0.333 -0.385 -0.861
vn -0.920 0.065 -0.385
vn -0.333 0.385 0.861
vn 0.920 -0.065 0.385
vn 0.920 -0.068 0.386
vn 0.329 -0.400 -0.855
vn -0.920 0.068 -0.386
vn -0.329 0.400 0.855
vn 0.920 -0.068 0.386
vn 0.213 0.914 -0.346
vn -0.059 -0.421 0.905
vn 0.759 0.570 0.315
vn 0.059 0.421 -0.905
vn -0.759 -0.570 -0.315
vn -0.059 -0.421 0.905
vn -0.078 -0.401 0.913
vn 0.742 0.588 0.322
vn 0.078 0.401 -0.913
vn -0.742 -0.588 -0.322
vn -0.078 -0.401 0.913
vn -0.072 -0.407 0.911
vn 0.693 0.636 0.339
vn 0.072 0.407 -0.911
vn -0.693 -0.636 -0.339
vn -0.072 -0.407 0.911
vn -0.056 -0.420 0.906
vn 0.664 0.662 0.348
vn 0.056 0.420 -0.906
vn -0.664 -0.662 -0.348
vn -0.056 -0.420 0.906
vn -0.066 -0.411 0.909
vn 0.668 0.658 0.347
vn 0.066 0.411 -0.909
vn -0.668 -0.658 -0.347
vn -0.066 -0.411 0.909
vn -0.741 0.630 0.231
vn 0.864 0.311 0.396
vn 0.227 0.461 -0.858
vn -0.864 -0.311 -0.396
vn -0.227 -0.461 0.858
vn 0.864 0.311 0.396
vn 0.863 0.312 0.396
vn 0.235 0.446 -0.864
vn -0.863 -0.312 -0.396
vn -0.235 -0.446 0.864
vn 0.863 0.312 0.396
vn 0.848 0.339 0.406
vn 0.234 0.448 -0.863
vn -0.848 -0.339 -0.406
vn -0.234 -0.448 0.863
vn 0.848 0.339 0.406
vn 0.817 0.392 0.424
vn 0.245 0.428 -0.870
vn -0.817 -0.392 -0.424
vn -0.245 -0.428 0.870
vn 0.817 0.392 0.424
vn 0.800 0.418 0.430
vn 0.268 0.392 -0.880
vn -0.800 -0.418 -0.430
vn -0.268 -0.392 0.880
vn 0.800 0.418 0.430
vn -0.537 0.819 0.202
vn -0.113 0.364 -0.925
vn -0.923 0.305 0.233
vn 0.113 -0.364 0.925
vn 0.923 -0.305 -0.233
vn -0.113 0.364 -0.925
vn -0.118 0.350 -0.929
vn -0.929 0.292 0.228
vn 0.118 -0.350 0.929
vn 0.929 -0.292 -0.228
vn -0.118 0.350 -0.929
vn -0.132 0.317 -0.939
vn -0.923 0.306 0.233
vn 0.132 -0.317 0.939
vn 0.923 -0.306 -0.233
vn -0.132 0.317 -0.939
vn -0.148 0.275 -0.950
vn -0.925 0.302 0.232
vn 0.148 -0.275 0.950
vn 0.925 -0.302 -0.232
vn -0.148 0.275 -0.950
vn -0.156 0.253 -0.955
vn -0.936 0.272 0.225
vn 0.156 -0.253 0.955
vn 0.936 -0.272 -0.225
vn -0.156 0.253 -0.955
vn 0.316 0.928 0.195
vn 0.570 -0.702 0.427
vn 0.800 0.357 -0.482
vn -0.570 0.702 -0.427
vn -0.800 -0.357 0.482
vn 0.570 -0.702 0.427
vn 0.567 -0.715 0.409
vn 0.813 0.408 -0.414
vn -0.567 0.715 -0.409
vn -0.813 -0.408 0.414
vn 0.567 -0.715 0.409
vn 0.565 -0.736 0.373
vn 0.823 0.472 -0.316
vn -0.565 0.736 -0.373
vn -0.823 -0.472 0.316
vn 0.565 -0.736 0.373
vn 0.560 -0.759 0.331
vn 0.820 0.454 -0.349
vn -0.560 0.759 -0.331
vn -0.820 -0.454 0.349
vn 0.560 -0.759 0.331
vn 0.555 -0.773 0.307
vn 0.810 0.420 -0.408
vn -0.555 0.773 -0.307
vn -0.810 -0.420 0.408
vn 0.555 -0.773 0.307
vn 0.186 0.475 0.860
vn 0.891 0.452 0.045
vn -0.233 0.540 -0.809
vn -0.891 -0.452 -0.045
vn 0.233 -0.540 0.809
vn 0.891 0.452 0.045
vn 0.893 0.448 0.042
vn -0.239 0.550 -0.800
vn -0.893 -0.448 -0.042
vn 0.239 -0.550 0.800
vn 0.893 0.448 0.042
vn 0.896 0.442 0.035
vn -0.259 0.587 -0.767
vn -0.896 -0.442 -0.035
vn 0.259 -0.587 0.767
vn 0.896 0.442 0.035
vn 0.905 0.426 0.022
vn -0.242 0.555 -0.796
vn -0.905 -0.426 -0.022
vn 0.242 -0.555 0.796
vn 0.905 0.426 0.022
vn 0.911 0.411 0.012
vn -0.212 0.493 -0.844
vn -0.911 -0.411 -0.012
vn 0.212 -0.493 0.844
vn 0.911 0.411 0.012
vn -0.353 0.766 0.537
vn 0.480 -0.258 0.838
vn 0.785 0.553 -0.279
vn -0.480 0.258 -0.838
vn -0.785 -0.553 0.279
vn 0.480 -0.258 0.838
vn 0.486 -0.269 0.832
vn 0.787 0.548 -0.282
vn -0.486 0.269 -0.832
vn -0.787 -0.548 0.282
vn 0.486 -0.269 0.832
vn 0.479 -0.255 0.840
vn 0.795 0.531 -0.293
vn -0.479 0.255 -0.840
vn -0.795 -0.531 0.293
vn 0.479 -0.255 0.840
vn 0.453 -0.193 0.870
vn 0.813 0.491 -0.315
vn -0.453 0.193 -0.870
vn -0.813 -0.491 0.315
vn 0.453 -0.193 0.870
vn 0.439 -0.157 0.884
vn 0.825 0.461 -0.327
vn -0.439 0.157 -0.884
vn -0.825 -0.461 0.327
vn 0.439 -0.157 0.884
vn -0.356 0.873 0.332
vn 0.052 0.312 -0.949
vn -0.864 -0.462 -0.199
vn -0.052 -0.312 0.949
vn 0.864 0.462 0.199
vn 0.052 0.312 -0.949
vn 0.052 0.311 -0.949
vn -0.856 -0.476 -0.203
vn -0.052 -0.311 0.949
vn 0.856 0.476 0.203
vn 0.052 0.311 -0.949
vn 0.046 0.322 -0.946
vn -0.873 -0.447 -0.195
vn -0.046 -0.322 0.946
vn 0.873 0.447 0.195
vn 0.046 0.322 -0.946
vn 0.067 0.279 -0.958
vn -0.903 -0.392 -0.177
vn -0.067 -0.279 0.958
vn 0.903 0.392 0.177
vn 0.067 0.279 -0.958
vn 0.087 0.233 -0.968
vn -0.914 -0.367 -0.171
vn -0.087 -0.233 0.968
vn 0.914 0.367 0.171
vn 0.087 0.233 -0.968
vn 0.094 0.217 -0.972
vn -0.923 -0.346 -0.167
vn -0.094 -0.217 0.972
vn 0.923 0.346 0.167
vn 0.094 0.217 -0.972
vn 0.123 0.149 -0.981
vn -0.917 -0.361 -0.169
vn -0.123 -0.149 0.981
vn 0.917 0.361 0.169
vn 0.123 0.149 -0.981
vn 0.140 0.108 -0.984
vn -0.907 -0.384 -0.172
vn -0.140 -0.108 0.984
vn 0.907 0.384 0.172
vn 0.140 0.108 -0.984
vn -0.397 0.917 0.044
vn 0.772 0.393 0.499
vn 0.059 0.738 -0.672
vn -0.772 -0.393 -0.499
vn -0.059 -0.738 0.672
vn 0.772 0.393 0.499
vn 0.763 0.400 0.507
vn 0.044 0.751 -0.659
vn -0.763 -0.400 -0.507
vn -0.044 -0.751 0.659
vn 0.763 0.400 0.507
vn 0.780 0.386 0.492
vn 0.035 0.758 -0.651
vn -0.780 -0.386 -0.492
vn -0.035 -0.758 0.651
vn 0.780 0.386 0.492
vn 0.819 0.351 0.454
vn 0.037 0.757 -0.652
vn -0.819 -0.351 -0.454
vn -0.037 -0.757 0.652
vn 0.819 0.351 0.454
vn 0.832 0.338 0.439
vn 0.032 0.761 -0.648
vn -0.832 -0.338 -0.439
vn -0.032 -0.761 0.648
vn 0.832 0.338 0.439
vn -0.553 0.553 0.623
vn -0.625 -0.727 -0.283
vn -0.156 -0.239 0.959
vn 0.625 0.727 0.283
vn 0.156 0.239 -0.959
vn -0.625 -0.727 -0.283
vn -0.627 -0.726 -0.283
vn -0.137 -0.254 0.957
vn 0.627 0.726 0.283
vn 0.137 0.254 -0.957
vn -0.627 -0.726 -0.283
vn -0.597 -0.750 -0.286
vn -0.116 -0.272 0.955
vn 0.597 0.750 0.286
vn 0.116 0.272 -0.955
vn -0.597 -0.750 -0.286
vn -0.565 -0.773 -0.288
vn -0.129 -0.262 0.956
vn 0.565 0.773 0.288
vn 0.129 0.262 -0.956
vn -0.565 -0.773 -0.288
vn -0.567 -0.771 -0.288
vn -0.145 -0.251 0.957
vn 0.567 0.771 0.288
vn 0.145 0.251 -0.957
vn -0.567 -0.771 -0.288
vn -0.811 0.585 0.031
vn -0.855 -0.434 0.285
vn 0.090 0.417 0.904
vn 0.855 0.434 -0.285
vn -0.090 -0.417 -0.904
vn -0.855 -0.434 0.285
vn -0.843 -0.451 0.293
vn 0.070 0.447 0.892
vn 0.843 0.451 -0.293
vn -0.070 -0.447 -0.892
vn -0.843 -0.451 0.293
vn -0.824 -0.477 0.306
vn 0.042 0.488 0.872
vn 0.824 0.477 -0.306
vn -0.042 -0.488 -0.872
vn -0.824 -0.477 0.306
vn -0.822 -0.479 0.308
vn -0.001 0.542 0.840
vn 0.822 0.479 -0.308
vn 0.001 -0.542 -0.840
vn -0.822 -0.479 0.308
vn -0.828 -0.472 0.302
vn -0.037 0.584 0.811
vn 0.828 0.472 -0.302
vn 0.037 -0.584 -0.811
vn -0.828 -0.472 0.302
vn -0.559 0.661 -0.501
vn 0.185 0.368 0.911
vn 0.856 0.396 -0.333
vn -0.185 -0.368 -0.911
vn -0.856 -0.396 0.333
vn 0.185 0.368 0.911
vn 0.190 0.360 0.913
vn 0.843 0.418 -0.340
vn -0.190 -0.360 -0.913
vn -0.843 -0.418 0.340
vn 0.190 0.360 0.913
vn 0.190 0.359 0.914
vn 0.819 0.455 -0.350
vn -0.190 -0.359 -0.914
vn -0.819 -0.455 0.350
vn 0.190 0.359 0.914
vn 0.171 0.388 0.906
vn 0.817 0.459 -0.350
vn -0.171 -0.388 -0.906
vn -0.817 -0.459 0.350
vn 0.171 0.388 0.906
vn 0.156 0.410 0.899
vn 0.825 0.447 -0.347
vn -0.156 -0.410 -0.899
vn -0.825 -0.447 0.347
vn 0.156 0.410 0.899
vn -0.544 0.795 -0.269
vn 0.498 0.432 -0.752
vn -0.463 -0.601 -0.651
vn -0.498 -0.432 0.752
vn 0.463 0.601 0.651
vn 0.498 0.432 -0.752
vn 0.491 0.438 -0.753
vn -0.442 -0.620 -0.648
vn -0.491 -0.438 0.753
vn 0.442 0.620 0.648
vn 0.491 0.438 -0.753
vn 0.486 0.442 -0.754
vn -0.434 -0.627 -0.647
vn -0.486 -0.442 0.754
vn 0.434 0.627 0.647
vn 0.486 0.442 -0.754
vn 0.479 0.449 -0.755
vn -0.479 -0.587 -0.653
vn -0.479 -0.449 0.755
vn 0.479 0.587 0.653
vn 0.479 0.449 -0.755
vn 0.471 0.456 -0.755
vn -0.510 -0.557 -0.655
vn -0.471 -0.456 0.755
vn 0.510 0.557 0.655
vn 0.471 0.456 -0.755
vn -0.720 0.694 -0.030
vn 0.119 0.684 -0.720
vn -0.871 -0.277 -0.406
vn -0.119 -0.684 0.720
vn 0.871 0.277 0.406
vn 0.119 0.684 -0.720
vn 0.144 0.649 -0.747
vn -0.856 -0.297 -0.423
vn -0.144 -0.649 0.747
vn 0.856 0.297 0.423
vn 0.144 0.649 -0.747
vn 0.205 0.573 -0.793
vn -0.802 -0.365 -0.472
vn -0.205 -0.573 0.793
vn 0.802 0.365 0.472
vn 0.205 0.573 -0.793
vn 0.273 0.490 -0.828
vn -0.765 -0.412 -0.495
vn -0.273 -0.490 0.828
vn 0.765 0.412 0.495
vn 0.273 0.490 -0.828
vn 0.305 0.445 -0.842
vn -0.768 -0.407 -0.494
vn -0.305 -0.445 0.842
vn 0.768 0.407 0.494
vn 0.305 0.445 -0.842
vn -0.563 0.797 0.217
vn 0.180 0.212 -0.960
vn -0.971 0.197 -0.139
vn -0.180 -0.212 0.960
vn 0.971 -0.197 0.139
vn 0.180 0.212 -0.960
vn 0.183 0.229 -0.956
vn -0.968 0.212 -0.135
vn -0.183 -0.229 0.956
vn 0.968 -0.212 0.135
vn 0.183 0.229 -0.956
vn 0.205 0.329 -0.922
vn -0.961 0.248 -0.125
vn -0.205 -0.329 0.922
vn 0.961 -0.248 0.125
vn 0.205 0.329 -0.922
vn 0.216 0.376 -0.901
vn -0.954 0.276 -0.114
vn -0.216 -0.376 0.901
vn 0.954 -0.276 0.114
vn 0.216 0.376 -0.901
vn 0.208 0.343 -0.916
vn -0.953 0.282 -0.111
vn -0.208 -0.343 0.916
vn 0.953 -0.282 0.111
vn 0.208 0.343 -0.916
vn 0.221 0.896 0.385
vn 0.909 0.167 0.382
vn 0.324 0.296 -0.899
vn -0.909 -0.167 -0.382
vn -0.324 -0.296 0.899
vn 0.909 0.167 0.382
vn 0.917 0.133 0.375
vn 0.328 0.281 -0.902
vn -0.917 -0.133 -0.375
vn -0.328 -0.281 0.902
vn 0.917 0.133 0.375
vn 0.932 0.062 0.357
vn 0.325 0.292 -0.899
vn -0.932 -0.062 -0.357
vn -0.325 -0.292 0.899
vn 0.932 0.062 0.357
vn 0.942 -0.000 0.336
vn 0.315 0.351 -0.882
vn -0.942 0.000 -0.336
vn -0.315 -0.351 0.882
vn 0.942 -0.000 0.336
vn 0.945 -0.020 0.328
vn 0.307 0.406 -0.861
vn -0.945 0.020 -0.328
vn -0.307 -0.406 0.861
vn 0.945 -0.020 0.328
vn 0.948 -0.052 0.313
vn 0.305 0.425 -0.852
vn -0.948 0.052 -0.313
vn -0.305 -0.425 0.852
vn 0.948 -0.052 0.313
vn 0.952 -0.087 0.293
vn 0.296 0.496 -0.816
vn -0.952 0.087 -0.293
vn -0.296 -0.496 0.816
vn 0.952 -0.087 0.293
vn 0.955 -0.113 0.275
vn 0.289 0.564 -0.773
vn -0.955 0.113 -0.275
vn -0.289 -0.564 0.773
vn 0.955 -0.113 0.275
vn 0.956 -0.140 0.256
vn 0.290 0.562 -0.775
vn -0.956 0.140 -0.256
vn -0.290 -0.562 0.775
vn 0.956 -0.140 0.256
vn -0.036 0.815 0.578
vn 0.750 0.592 -0.295
vn -0.594 0.406 -0.695
vn -0.750 -0.592 0.295
vn 0.594 -0.406 0.695
vn 0.750 0.592 -0.295
vn 0.751 0.591 -0.296
vn -0.580 0.375 -0.723
vn -0.751 -0.591 0.296
vn 0.580 -0.375 0.723
vn 0.751 0.591 -0.296
vn 0.740 0.614 -0.274
vn -0.587 0.391 -0.709
vn -0.740 -0.614 0.274
vn 0.587 -0.391 0.709
vn 0.740 0.614 -0.274
vn 0.720 0.654 -0.232
vn -0.602 0.422 -0.678
vn -0.720 -0.654 0.232
vn 0.602 -0.422 0.678
vn 0.720 0.654 -0.232
vn 0.711 0.669 -0.215
vn -0.595 0.410 -0.691
vn -0.711 -0.669 0.215
vn 0.595 -0.410 0.691
vn 0.711 0.669 -0.215
vn -0.374 0.620 0.690
vn -0.571 -0.193 0.798
vn 0.768 0.217 0.603
vn 0.571 0.193 -0.798
vn -0.768 -0.217 -0.603
vn -0.571 -0.193 0.798
vn -0.555 -0.246 0.795
vn 0.771 0.207 0.602
vn 0.555 0.246 -0.795
vn -0.771 -0.207 -0.602
vn -0.555 -0.246 0.795
vn -0.546 -0.271 0.793
vn 0.767 0.218 0.603
vn 0.546 0.271 -0.793
vn -0.767 -0.218 -0.603
vn -0.546 -0.271 0.793
vn -0.550 -0.262 0.793
vn 0.756 0.249 0.606
vn 0.550 0.262 -0.793
vn -0.756 -0.249 -0.606
vn -0.550 -0.262 0.793
vn -0.542 -0.281 0.792
vn 0.751 0.260 0.606
vn 0.542 0.281 -0.792
vn -0.751 -0.260 -0.606
vn -0.542 -0.281 0.792
vn -0.376 0.924 0.070
vn -0.322 -0.233 -0.918
vn -0.921 -0.147 0.360
vn 0.322 0.233 0.918
vn 0.921 0.147 -0.360
vn -0.322 -0.233 -0.918
vn -0.323 -0.227 -0.919
vn -0.925 -0.128 0.357
vn 0.323 0.227 0.919
vn 0.925 0.128 -0.357
vn -0.323 -0.227 -0.919
vn -0.324 -0.221 -0.920
vn -0.931 -0.100 0.352
vn 0.324 0.221 0.920
vn 0.931 0.100 -0.352
vn -0.324 -0.221 -0.920
vn -0.327 -0.195 -0.925
vn -0.938 -0.052 0.343
vn 0.327 0.195 0.925
vn 0.938 0.052 -0.343
vn -0.327 -0.195 -0.925
vn -0.329 -0.170 -0.929
vn -0.942 -0.011 0.336
vn 0.329 0.170 0.929
vn 0.942 0.011 -0.336
vn -0.329 -0.170 -0.929
vn -0.067 0.985 -0.156
vn 0.601 -0.043 -0.798
vn -0.707 0.436 -0.557
vn -0.601 0.043 0.798
vn 0.707 -0.436 0.557
vn 0.601 -0.043 -0.798
vn 0.592 -0.064 -0.804
vn -0.694 0.467 -0.548
vn -0.592 0.064 0.804
vn 0.694 -0.467 0.548
vn 0.592 -0.064 -0.804
vn 0.580 -0.087 -0.810
vn -0.671 0.514 -0.535
vn -0.580 0.087 0.810
vn 0.671 -0.514 0.535
vn 0.580 -0.087 -0.810
vn 0.589 -0.069 -0.805
vn -0.671 0.513 -0.535
vn -0.589 0.069 0.805
vn 0.671 -0.513 0.535
vn 0.589 -0.069 -0.805
vn 0.599 -0.050 -0.799
vn -0.681 0.494 -0.541
vn -0.599 0.050 0.799
vn 0.681 -0.494 0.541
vn 0.599 -0.050 -0.799
vn 0.422 0.868 0.262
vn -0.851 -0.524 -0.028
vn 0.078 -0.180 0.981
vn 0.851 0.524 0.028
vn -0.078 0.180 -0.981
vn -0.851 -0.524 -0.028
vn -0.853 -0.522 -0.028
vn 0.091 -0.200 0.976
vn 0.853 0.522 0.028
vn -0.091 0.200 -0.976
vn -0.853 -0.522 -0.028
vn -0.871 -0.490 -0.017
vn 0.125 -0.254 0.959
vn 0.871 0.490 0.017
vn -0.125 0.254 -0.959
vn -0.871 -0.490 -0.017
vn -0.896 -0.445 0.003
vn 0.162 -0.319 0.934
vn 0.896 0.445 -0.003
vn -0.162 0.319 -0.934
vn -0.896 -0.445 0.003
vn -0.903 -0.429 0.011
vn 0.177 -0.350 0.920
vn 0.903 0.429 -0.011
vn -0.177 0.350 -0.920
vn -0.903 -0.429 0.011
vn -0.391 0.833 0.392
vn 0.893 -0.349 0.283
vn 0.223 -0.202 -0.954
vn -0.893 0.349 -0.283
vn -0.223 0.202 0.954
vn 0.893 -0.349 0.283
vn 0.891 -0.355 0.284
vn 0.191 -0.274 -0.942
vn -0.891 0.355 -0.284
vn -0.191 0.274 0.942
vn 0.891 -0.355 0.284
vn 0.917 -0.295 0.267
vn 0.163 -0.334 -0.928
vn -0.917 0.295 -0.267
vn -0.163 0.334 0.928
vn 0.917 -0.295 0.267
vn 0.958 -0.167 0.233
vn 0.174 -0.308 -0.935
vn -0.958 0.167 -0.233
vn -0.174 0.308 0.935
vn 0.958 -0.167 0.233
vn 0.971 -0.103 0.215
vn 0.177 -0.292 -0.940
vn -0.971 0.103 -0.215
vn -0.177 0.292 0.940
vn 0.971 -0.103 0.215
vn 0.160 0.951 -0.265
vn 0.608 0.722 -0.329
vn -0.712 0.314 -0.628
vn -0.608 -0.722 0.329
vn 0.712 -0.314 0.628
vn 0.608 0.722 -0.329
vn 0.575 0.773 -0.268
vn -0.706 0.304 -0.639
vn -0.575 -0.773 0.268
vn 0.706 -0.304 0.639
vn 0.575 0.773 -0.268
vn 0.561 0.791 -0.246
vn -0.690 0.282 -0.667
vn -0.561 -0.791 0.246
vn 0.690 -0.282 0.667
vn 0.561 0.791 -0.246
vn 0.559 0.792 -0.244
vn -0.662 0.250 -0.706
vn -0.559 -0.792 0.244
vn 0.662 -0.250 0.706
vn 0.559 0.792 -0.244
vn 0.529 0.823 -0.208
vn -0.644 0.230 -0.729
vn -0.529 -0.823 0.208
vn 0.644 -0.230 0.729
vn 0.529 0.823 -0.208
vn -0.552 0.520 0.652
vn -0.688 0.245 -0.684
vn -0.671 0.147 0.727
vn 0.688 -0.245 0.684
vn 0.671 -0.147 -0.727
vn -0.688 0.245 -0.684
vn -0.701 0.190 -0.688
vn -0.682 0.104 0.724
vn 0.701 -0.190 0.688
vn 0.682 -0.104 -0.724
vn -0.701 0.190 -0.688
vn -0.705 0.167 -0.689
vn -0.688 0.076 0.722
vn 0.705 -0.167 0.689
vn 0.688 -0.076 -0.722
vn -0.705 0.167 -0.689
vn -0.704 0.169 -0.689
vn -0.679 0.124 0.724
vn 0.704 -0.169 0.689
vn 0.679 -0.124 -0.724
vn -0.704 0.169 -0.689
vn -0.712 0.137 -0.689
vn -0.672 0.156 0.724
vn 0.712 -0.137 0.689
vn 0.672 -0.156 -0.724
vn -0.712 0.137 -0.689
vn 0.207 0.978 -0.019
vn -0.763 0.278 -0.583
vn -0.511 0.293 0.808
vn 0.763 -0.278 0.583
vn 0.511 -0.293 -0.808
vn -0.763 0.278 -0.583
vn -0.748 0.311 -0.586
vn -0.503 0.311 0.807
vn 0.748 -0.311 0.586
vn 0.503 -0.311 -0.807
vn -0.748 0.311 -0.586
vn -0.749 0.309 -0.586
vn -0.506 0.304 0.807
vn 0.749 -0.309 0.586
vn 0.506 -0.304 -0.807
vn -0.749 0.309 -0.586
vn -0.775 0.256 -0.578
vn -0.480 0.357 0.801
vn 0.775 -0.256 0.578
vn 0.480 -0.357 -0.801
vn -0.775 0.256 -0.578
vn -0.800 0.207 -0.563
vn -0.426 0.464 0.777
vn 0.800 -0.207 0.563
vn 0.426 -0.464 -0.777
vn -0.800 0.207 -0.563
vn -0.832 0.136 -0.537
vn -0.422 0.472 0.774
vn 0.832 -0.136 0.537
vn 0.422 -0.472 -0.774
vn -0.832 0.136 -0.537
vn -0.848 0.095 -0.522
vn -0.431 0.449 0.782
vn 0.848 -0.095 0.522
vn 0.431 -0.449 -0.782
vn -0.848 0.095 -0.522
vn 0.308 0.888 -0.340
vn 0.827 -0.266 -0.495
vn -0.548 -0.184 -0.816
vn -0.827 0.266 0.495
vn 0.548 0.184 0.816
vn 0.827 -0.266 -0.495
vn 0.826 -0.275 -0.492
vn -0.547 -0.176 -0.819
vn -0.826 0.275 0.492
vn 0.547 0.176 0.819
vn 0.826 -0.275 -0.492
vn 0.831 -0.230 -0.507
vn -0.551 -0.209 -0.808
vn -0.831 0.230 0.507
vn 0.551 0.209 0.808
vn 0.831 -0.230 -0.507
vn 0.832 -0.192 -0.520
vn -0.554 -0.250 -0.794
vn -0.832 0.192 0.520
vn 0.554 0.250 0.794
vn 0.832 -0.192 -0.520
vn 0.832 -0.207 -0.515
vn -0.554 -0.249 -0.794
vn -0.832 0.207 0.515
vn 0.554 0.249 0.794
vn 0.832 -0.207 -0.515
vn 0.036 0.946 -0.322
vn 0.149 0.453 0.879
vn 0.982 0.033 -0.184
vn -0.149 -0.453 -0.879
vn -0.982 -0.033 0.184
vn 0.149 0.453 0.879
vn 0.152 0.429 0.890
vn 0.985 0.010 -0.173
vn -0.152 -0.429 -0.890
vn -0.985 -0.010 0.173
vn 0.152 0.429 0.890
vn 0.154 0.398 0.904
vn 0.987 -0.010 -0.163
vn -0.154 -0.398 -0.904
vn -0.987 0.010 0.163
vn 0.154 0.398 0.904
vn 0.154 0.362 0.919
vn 0.988 -0.044 -0.148
vn -0.154 -0.362 -0.919
vn -0.988 0.044 0.148
vn 0.154 0.362 0.919
vn 0.153 0.332 0.931
vn 0.988 -0.083 -0.133
vn -0.153 -0.332 -0.931
vn -0.988 0.083 0.133
vn 0.153 0.332 0.931
vn 0.033 0.940 -0.341
vn -0.180 -0.110 -0.978
vn -0.464 0.886 -0.014
vn 0.180 0.110 0.978
vn 0.464 -0.886 0.014
vn -0.180 -0.110 -0.978
vn -0.188 -0.115 -0.975
vn -0.459 0.888 -0.016
vn 0.188 0.115 0.975
vn 0.459 -0.888 0.016
vn -0.188 -0.115 -0.975
vn -0.182 -0.111 -0.977
vn -0.454 0.891 -0.017
vn 0.182 0.111 0.977
vn 0.454 -0.891 0.017
vn -0.182 -0.111 -0.977
vn -0.189 -0.115 -0.975
vn -0.447 0.894 -0.019
vn 0.189 0.115 0.975
vn 0.447 -0.894 0.019
vn -0.189 -0.115 -0.975
vn -0.211 -0.126 -0.969
vn -0.440 0.898 -0.020
vn 0.211 0.126 0.969
vn 0.440 -0.898 0.020
vn -0.211 -0.126 -0.969
vn 0.873 0.422 -0.245
vn 0.575 -0.713 -0.402
vn -0.657 -0.110 -0.746
vn -0.575 0.713 0.402
vn 0.657 0.110 0.746
vn 0.575 -0.713 -0.402
vn 0.579 -0.707 -0.407
vn -0.670 -0.129 -0.731
vn -0.579 0.707 0.407
vn 0.670 0.129 0.731
vn 0.579 -0.707 -0.407
vn 0.597 -0.678 -0.429
vn -0.677 -0.139 -0.723
vn -0.597 0.678 0.429
vn 0.677 0.139 0.723
vn 0.597 -0.678 -0.429
vn 0.585 -0.697 -0.414
vn -0.683 -0.148 -0.715
vn -0.585 0.697 0.414
vn 0.683 0.148 0.715
vn 0.585 -0.697 -0.414
vn 0.560 -0.737 -0.379
vn -0.694 -0.167 -0.701
vn -0.560 0.737 0.379
vn 0.694 0.167 0.701
vn 0.560 -0.737 -0.379
vn 0.453 0.655 -0.605
vn 0.676 -0.737 0.019
vn -0.128 -0.143 -0.981
vn -0.676 0.737 -0.019
vn 0.128 0.143 0.981
vn 0.676 -0.737 0.019
vn 0.672 -0.740 0.021
vn -0.149 -0.163 -0.975
vn -0.672 0.740 -0.021
vn 0.149 0.163 0.975
vn 0.672 -0.740 0.021
vn 0.686 -0.728 0.016
vn -0.179 -0.189 -0.966
vn -0.686 0.728 -0.016
vn 0.179 0.189 0.966
vn 0.686 -0.728 0.016
vn 0.684 -0.729 0.016
vn -0.204 -0.213 -0.956
vn -0.684 0.729 -0.016
vn 0.204 0.213 0.956
vn 0.684 -0.729 0.016
vn 0.665 -0.746 0.025
vn -0.221 -0.229 -0.948
vn -0.665 0.746 -0.025
vn 0.221 0.229 0.948
vn 0.665 -0.746 0.025
vn 0.713 0.625 -0.317
vn 0.423 -0.454 -0.784
vn -0.460 0.638 -0.618
vn -0.423 0.454 0.784
vn 0.460 -0.638 0.618
vn 0.423 -0.454 -0.784
vn 0.416 -0.459 -0.785
vn -0.462 0.637 -0.618
vn -0.416 0.459 0.785
vn 0.462 -0.637 0.618
vn 0.416 -0.459 -0.785
vn 0.372 -0.493 -0.787
vn -0.449 0.646 -0.617
vn -0.372 0.493 0.787
vn 0.449 -0.646 0.617
vn 0.372 -0.493 -0.787
vn 0.345 -0.510 -0.788
vn -0.423 0.665 -0.616
vn -0.345 0.510 0.788
vn 0.423 -0.665 0.616
vn 0.345 -0.510 -0.788
vn 0.358 -0.502 -0.787
vn -0.410 0.673 -0.616
vn -0.358 0.502 0.787
vn 0.410 -0.673 0.616
vn 0.358 -0.502 -0.787
vn 0.839 0.543 0.036
vn 0.005 0.395 0.919
vn 0.995 -0.091 0.034
vn -0.005 -0.395 -0.919
vn -0.995 0.091 -0.034
vn 0.005 0.395 0.919
vn 0.007 0.416 0.909
vn 0.996 -0.082 0.030
vn -0.007 -0.416 -0.909
vn -0.996 0.082 -0.030
vn 0.007 0.416 0.909
vn 0.007 0.417 0.909
vn 0.997 -0.070 0.025
vn -0.007 -0.417 -0.909
vn -0.997 0.070 -0.025
vn 0.007 0.417 0.909
vn 0.002 0.313 0.950
vn 0.999 -0.045 0.013
vn -0.002 -0.313 -0.950
vn -0.999 0.045 -0.013
vn 0.002 0.313 0.950
vn -0.001 0.228 0.974
vn 1.000 -0.023 0.006
vn 0.001 -0.228 -0.974
vn -1.000 0.023 -0.006
vn -0.001 0.228 0.974
vn 0.023 0.973 -0.228
vn 0.749 0.101 -0.655
vn -0.638 0.376 -0.672
vn -0.749 -0.101 0.655
vn 0.638 -0.376 0.672
vn 0.749 0.101 -0.655
vn 0.749 0.104 -0.654
vn -0.638 0.378 -0.671
vn -0.749 -0.104 0.654
vn 0.638 -0.378 0.671
vn 0.749 0.104 -0.654
vn 0.755 0.137 -0.642
vn -0.642 0.353 -0.680
vn -0.755 -0.137 0.642
vn 0.642 -0.353 0.680
vn 0.755 0.137 -0.642
vn 0.752 0.116 -0.649
vn -0.645 0.330 -0.689
vn -0.752 -0.116 0.649
vn 0.645 -0.330 0.689
vn 0.752 0.116 -0.649
vn 0.736 0.006 -0.677
vn -0.653 0.272 -0.707
vn -0.736 -0.006 0.677
vn 0.653 -0.272 0.707
vn 0.736 0.006 -0.677
vn 0.735 -0.005 -0.678
vn -0.667 0.181 -0.723
vn -0.735 0.005 0.678
vn 0.667 -0.181 0.723
vn 0.735 -0.005 -0.678
vn 0.739 0.043 -0.672
vn -0.669 0.162 -0.726
vn -0.739 -0.043 0.672
vn 0.669 -0.162 0.726
vn 0.739 0.043 -0.672
vn 0.737 0.018 -0.676
vn -0.666 0.190 -0.721
vn -0.737 -0.018 0.676
vn 0.666 -0.190 0.721
vn 0.737 0.018 -0.676
vn 0.733 -0.008 -0.680
vn -0.664 0.210 -0.718
vn -0.733 0.008 0.680
vn 0.664 -0.210 0.718
vn 0.733 -0.008 -0.680
vn 0.148 0.978 0.148
vn 0.673 0.252 -0.695
vn -0.715 0.463 -0.524
vn -0.673 -0.252 0.695
vn 0.715 -0.463 0.524
vn 0.673 0.252 -0.695
vn 0.661 0.205 -0.721
vn -0.714 0.467 -0.521
vn -0.661 -0.205 0.721
vn 0.714 -0.467 0.521
vn 0.661 0.205 -0.721
vn 0.657 0.188 -0.731
vn -0.714 0.468 -0.521
vn -0.657 -0.188 0.731
vn 0.714 -0.468 0.521
vn 0.657 0.188 -0.731
vn 0.656 0.186 -0.731
vn -0.721 0.441 -0.535
vn -0.656 -0.186 0.731
vn 0.721 -0.441 0.535
vn 0.656 0.186 -0.731
vn 0.648 0.153 -0.746
vn -0.727 0.416 -0.546
vn -0.648 -0.153 0.746
vn 0.727 -0.416 0.546
vn 0.648 0.153 -0.746
vn 0.227 0.896 0.381
vn -0.100 -0.199 0.975
vn 0.934 0.318 0.161
vn 0.100 0.199 -0.975
vn -0.934 -0.318 -0.161
vn -0.100 -0.199 0.975
vn -0.084 -0.237 0.968
vn 0.920 0.354 0.167
vn 0.084 0.237 -0.968
vn -0.920 -0.354 -0.167
vn -0.084 -0.237 0.968
vn -0.073 -0.261 0.963
vn 0.907 0.384 0.173
vn 0.073 0.261 -0.963
vn -0.907 -0.384 -0.173
vn -0.073 -0.261 0.963
vn -0.090 -0.218 0.972
vn 0.929 0.333 0.161
vn 0.090 0.218 -0.972
vn -0.929 -0.333 -0.161
vn -0.090 -0.218 0.972
vn -0.100 -0.188 0.977
vn 0.946 0.287 0.152
vn 0.100 0.188 -0.977
vn -0.946 -0.287 -0.152
vn -0.100 -0.188 0.977
vn -0.309 0.939 0.149
vn 0.826 0.262 0.499
vn 0.564 -0.400 -0.723
vn -0.826 -0.262 -0.499
vn -0.564 0.400 0.723
vn 0.826 0.262 0.499
vn 0.826 0.271 0.494
vn 0.563 -0.400 -0.723
vn -0.826 -0.271 -0.494
vn -0.563 0.400 0.723
vn 0.826 0.271 0.494
vn 0.826 0.272 0.493
vn 0.563 -0.394 -0.726
vn -0.826 -0.272 -0.493
vn -0.563 0.394 0.726
vn 0.826 0.272 0.493
vn 0.825 0.314 0.469
vn 0.563 -0.410 -0.717
vn -0.825 -0.314 -0.469
vn -0.563 0.410 0.717
vn 0.825 0.314 0.469
vn 0.823 0.363 0.437
vn 0.564 -0.432 -0.703
vn -0.823 -0.363 -0.437
vn -0.564 0.432 0.703
vn 0.823 0.363 0.437
vn -0.066 0.825 -0.561
vn 0.108 0.181 0.978
vn 0.990 -0.112 -0.089
vn -0.108 -0.181 -0.978
vn -0.990 0.112 0.089
vn 0.108 0.181 0.978
vn 0.108 0.179 0.978
vn 0.991 -0.094 -0.092
vn -0.108 -0.179 -0.978
vn -0.991 0.094 0.092
vn 0.108 0.179 0.978
vn 0.111 0.218 0.970
vn 0.991 -0.092 -0.093
vn -0.111 -0.218 -0.970
vn -0.991 0.092 0.093
vn 0.111 0.218 0.970
vn 0.112 0.226 0.968
vn 0.989 -0.121 -0.086
vn -0.112 -0.226 -0.968
vn -0.989 0.121 0.086
vn 0.112 0.226 0.968
vn 0.108 0.193 0.975
vn 0.987 -0.136 -0.082
vn -0.108 -0.193 -0.975
vn -0.987 0.136 0.082
vn 0.108 0.193 0.975
vn 0.117 0.972 -0.205
vn 0.911 0.158 -0.381
vn -0.241 -0.546 -0.802
vn -0.911 -0.158 0.381
vn 0.241 0.546 0.802
vn 0.911 0.158 -0.381
vn 0.911 0.159 -0.381
vn -0.264 -0.488 -0.832
vn -0.911 -0.159 0.381
vn 0.264 0.488 0.832
vn 0.911 0.159 -0.381
vn 0.911 0.158 -0.381
vn -0.268 -0.475 -0.838
vn -0.911 -0.158 0.381
vn 0.268 0.475 0.838
vn 0.911 0.158 -0.381
vn 0.910 0.160 -0.382
vn -0.237 -0.556 -0.797
vn -0.910 -0.160 0.382
vn 0.237 0.556 0.797
vn 0.910 0.160 -0.382
vn 0.909 0.163 -0.384
vn -0.223 -0.589 -0.777
vn -0.909 -0.163 0.384
vn 0.223 0.589 0.777
vn 0.909 0.163 -0.384
vn -0.353 0.792 -0.499
vn 0.542 -0.316 0.779
vn 0.704 -0.335 -0.626
vn -0.542 0.316 -0.779
vn -0.704 0.335 0.626
vn 0.542 -0.316 0.779
vn 0.540 -0.320 0.779
vn 0.678 -0.382 -0.627
vn -0.540 0.320 -0.779
vn -0.678 0.382 0.627
vn 0.540 -0.320 0.779
vn 0.543 -0.314 0.779
vn 0.683 -0.374 -0.627
vn -0.543 0.314 -0.779
vn -0.683 0.374 0.627
vn 0.543 -0.314 0.779
vn 0.513 -0.372 0.773
vn 0.715 -0.313 -0.625
vn -0.513 0.372 -0.773
vn -0.715 0.313 0.625
vn 0.513 -0.372 0.773
vn 0.475 -0.438 0.763
vn 0.718 -0.308 -0.624
vn -0.475 0.438 -0.763
vn -0.718 0.308 0.624
vn 0.475 -0.438 0.763
vn 0.509 0.844 0.168
vn -0.516 0.634 -0.576
vn -0.559 0.260 0.787
vn 0.516 -0.634 0.576
vn 0.559 -0.260 -0.787
vn -0.516 0.634 -0.576
vn -0.493 0.659 -0.568
vn -0.544 0.276 0.792
vn 0.493 -0.659 0.568
vn 0.544 -0.276 -0.792
vn -0.493 0.659 -0.568
vn -0.485 0.667 -0.566
vn -0.526 0.294 0.798
vn 0.485 -0.667 0.566
vn 0.526 -0.294 -0.798
vn -0.485 0.667 -0.566
vn -0.496 0.656 -0.569
vn -0.501 0.318 0.805
vn 0.496 -0.656 0.569
vn 0.501 -0.318 -0.805
vn -0.496 0.656 -0.569
vn -0.490 0.661 -0.568
vn -0.479 0.340 0.810
vn 0.490 -0.661 0.568
vn 0.479 -0.340 -0.810
vn -0.490 0.661 -0.568
vn 0.728 0.669 0.150
vn -0.729 0.682 0.060
vn -0.331 -0.429 0.841
vn 0.729 -0.682 -0.060
vn 0.331 0.429 -0.841
vn -0.729 0.682 0.060
vn -0.711 0.699 0.078
vn -0.359 -0.456 0.815
vn 0.711 -0.699 -0.078
vn 0.359 0.456 -0.815
vn -0.711 0.699 0.078
vn -0.684 0.722 0.108
vn -0.407 -0.499 0.765
vn 0.684 -0.722 -0.108
vn 0.407 0.499 -0.765
vn -0.684 0.722 0.108
vn -0.688 0.718 0.103
vn -0.408 -0.500 0.764
vn 0.688 -0.718 -0.103
vn 0.408 0.500 -0.764
vn -0.688 0.718 0.103
vn -0.702 0.706 0.089
vn -0.387 -0.484 0.785
vn 0.702 -0.706 -0.089
vn 0.387 0.484 -0.785
vn -0.702 0.706 0.089
vn 0.597 0.517 0.613
f 1/1/1 7/7/7 2/2/2
f 2/2/2 7/7/7 8/8/8
f 2/2/2 8/8/8 3/3/3
f 3/3/3 8/8/8 9/9/9
f 3/3/3 9/9/9 4/4/4
f 4/4/4 9/9/9 10/10/10
f 4/4/4 10/10/10 5/5/5
f 5/5/5 10/10/10 11/11/11
f 5/5/5 11/11/11 6/6/6
f 6/6/6 11/11/11 12/12/12
f 7/7/7 13/13/13 8/8/8
f 8/8/8 13/13/13 14/14/14
f 8/8/8 14/14/14 9/9/9
f 9/9/9 14/14/14 15/15/15
f 9/9/9 15/15/15 10/10/10
f 10/10/10 15/15/15 16/16/16
f 10/10/10 16/16/16 11/11/11
f 11/11/11 16/16/16 17/17/17
f 11/11/11 17/17/17 12/12/12
f 12/12/12 17/17/17 18/18/18
f 13/13/13 19/19/19 14/14/14
f 14/14/14 19/19/19 20/20/20
f 14/14/14 20/20/20 15/15/15
f 15/15/15 20/20/20 21/21/21
f 15/15/15 21/21/21 16/16/16
f 16/16/16 21/21/21 22/22/22
f 16/16/16 22/22/22 17/17/17
f 17/17/17 22/22/22 23/23/23
f 17/17/17 23/23/23 18/18/18
f 18/18/18 23/23/23 24/24/24
f 19/19/19 25/25/25 20/20/20
f 20/20/20 25/25/25 26/26/26
f 20/20/20 26/26/26 21/21/21
f 21/21/21 26/26/26 27/27/27
f 21/21/21 27/27/27 22/22/22
f 22/22/22 27/27/27 28/28/28
f 22/22/22 28/28/28 23/23/23
f 23/23/23 28/28/28 29/29/29
f 23/23/23 29/29/29 24/24/24
f 24/24/24 29/29/29 30/30/30
f 25/25/25 31/31/31 26/26/26
f 26/26/26 31/31/31 32/32/32
f 26/26/26 32/32/32 27/27/27
f 27/27/27 32/32/32 33/33/33
f 27/27/27 33/33/33 28/28/28
f 28/28/28 33/33/33 34/34/34
f 28/28/28 34/34/34 29/29/29
f 29/29/29 34/34/34 35/35/35
f 29/29/29 35/35/35 30/30/30
f 30/30/30 35/35/35 36/36/36
f 31/31/31 37/37/37 32/32/32
f 32/32/32 37/37/37 38/38/38
f 32/32/32 38/38/38 33/33/33
f 33/33/33 38/38/38 39/39/39
f 33/33/33 39/39/39 34/34/34
f 34/34/34 39/39/39 40/40/40
f 34/34/34 40/40/40 35/35/35
f 35/35/35 40/40/40 41/41/41
f 35/35/35 41/41/41 36/36/36
f 36/36/36 41/41/41 42/42/42
f 37/37/37 43/43/43 38/38/38
f 38/38/38 43/43/43 44/44/44
f 38/38/38 44/44/44 39/39/39
f 39/39/39 44/44/44 45/45/45
f 39/39/39 45/45/45 40/40/40
f 40/40/40 45/45/45 46/46/46
f 40/40/40 46/46/46 41/41/41
f 41/41/41 46/46/46 47/47/47
f 41/41/41 47/47/47 42/42/42
f 42/42/42 47/47/47 48/48/48
f 43/43/43 49/49/49 44/44/44
f 44/44/44 49/49/49 50/50/50
f 44/44/44 50/50/50 45/45/45
f 45/45/45 50/50/50 51/51/51
f 45/45/45 51/51/51 46/46/46
f 46/46/46 51/51/51 52/52/52
f 46/46/46 52/52/52 47/47/47
f 47/47/47 52/52/52 53/53/53
f 47/47/47 53/53/53 48/48/48
f 48/48/48 53/53/53 54/54/54
f 49/49/49 55/55/55 50/50/50
f 50/50/50 55/55/55 56/56/56
f 50/50/50 56/56/56 51/51/51
f 51/51/51 56/56/56 57/57/57
f 51/51/51 57/57/57 52/52/52
f 52/52/52 57/57/57 58/58/58
f 52/52/52 58/58/58 53/53/53
f 53/53/53 58/58/58 59/59/59
f 53/53/53 59/59/59 54/54/54
f 54/54/54 59/59/59 60/60/60
f 55/55/55 61/61/61 56/56/56
f 56/56/56 61/61/61 62/62/62
f 56/56/56 62/62/62 57/57/57
f 57/57/57 62/62/62 63/63/63
f 57/57/57 63/63/63 58/58/58
f 58/58/58 63/63/63 64/64/64
f 58/58/58 64/64/64 59/59/59
f 59/59/59 64/64/64 65/65/65
f 59/59/59 65/65/65 60/60/60
f 60/60/60 65/65/65 66/66/66
f 61/61/61 67/67/67 62/62/62
f 62/62/62 67/67/67 68/68/68
f 62/62/62 68/68/68 63/63/63
f 63/63/63 68/68/68 69/69/69
f 63/63/63 69/69/69 64/64/64
f 64/64/64 69/69/69 70/70/70
f 64/64/64 70/70/70 65/65/65
f 65/65/65 70/70/70 71/71/71
f 65/65/65 71/71/71 66/66/66
f 66/66/66 71/71/71 72/72/72
f 67/67/67 73/73/73 68/68/68
f 68/68/68 73/73/73 74/74/74
f 68/68/68 74/74/74 69/69/69
f 69/69/69 74/74/74 75/75/75
f 69/69/69 75/75/75 70/70/70
f 70/70/70 75/75/75 76/76/76
f 70/70/70 76/76/76 71/71/71
f 71/71/71 76/76/76 77/77/77
f 71/71/71 77/77/77 72/72/72
f 72/72/72 77/77/77 78/78/78
f 73/73/73 79/79/79 74/74/74
f 74/74/74 79/79/79 80/80/80
f 74/74/74 80/80/80 75/75/75
f 75/75/75 80/80/80 81/81/81
f 75/75/75 81/81/81 76/76/76
f 76/76/76 81/81/81 82/82/82
f 76/76/76 82/82/82 77/77/77
f 77/77/77 82/82/82 83/83/83
f 77/77/77 83/83/83 78/78/78
f 78/78/78 83/83/83 84/84/84
f 79/79/79 85/85/85 80/80/80
f 80/80/80 85/85/85 86/86/86
f 80/80/80 86/86/86 81/81/81
f 81/81/81 86/86/86 87/87/87
f 81/81/81 87/87/87 82/82/82
f 82/82/82 87/87/87 88/88/88
f 82/82/82 88/88/88 83/83/83
f 83/83/83 88/88/88 89/89/89
f 83/83/83 89/89/89 84/84/84
f 84/84/84 89/89/89 90/90/90
f 85/85/85 91/91/91 86/86/86
f 86/86/86 91/91/91 92/92/92
f 86/86/86 92/92/92 87/87/87
f 87/87/87 92/92/92 93/93/93
f 87/87/87 93/93/93 88/88/88
f 88/88/88 93/93/93 94/94/94
f 88/88/88 94/94/94 89/89/89
f 89/89/89 94/94/94 95/95/95
f 89/89/89 95/95/95 90/90/90
f 90/90/90 95/95/95 96/96/96
f 91/91/91 97/97/97 92/92/92
f 92/92/92 97/97/97 98/98/98
f 92/92/92 98/98/98 93/93/93
f 93/93/93 98/98/98 99/99/99
f 93/93/93 99/99/99 94/94/94
f 94/94/94 99/99/99 100/100/100
f 94/94/94 100/100/100 95/95/95
f 95/95/95 100/100/100 101/101/101
f 95/95/95 101/101/101 96/96/96
f 96/96/96 101/101/101 102/102/102
f 97/97/97 103/103/103 98/98/98
f 98/98/98 103/103/103 104/104/104
f 98/98/98 104/104/104 99/99/99
f 99/99/99 104/104/104 105/105/105
f 99/99/99 105/105/105 100/100/100
f 100/100/100 105/105/105 106/106/106
f 100/100/100 106/106/106 101/101/101
f 101/101/101 106/106/106 107/107/107
f 101/101/101 107/107/107 102/102/102
f 102/102/102 107/107/107 108/108/108
f 103/103/103 104/104/104 109/109/109
f 104/104/104 105/105/105 109/109/109
f 105/105/105 106/106/106 109/109/109
f 106/106/106 107/107/107 109/109/109
f 107/107/107 108/108/108 109/109/109
f 110/110/110 115/115/115 111/111/111
f 111/111/111 115/115/115 116/116/116
f 111/111/111 116/116/116 112/112/112
f 112/112/112 116/116/116 117/117/117
f 112/112/112 117/117/117 113/113/113
f 113/113/113 117/117/117 118/118/118
f 113/113/113 118/118/118 114/114/114
f 114/114/114 118/118/118 119/119/119
f 115/115/115 120/120/120 116/116/116
f 116/116/116 120/120/120 121/121/121
f 116/116/116 121/121/121 117/117/117
f 117/117/117 121/121/121 122/122/122
f 117/117/117 122/122/122 118/118/118
f 118/118/118 122/122/122 123/123/123
f 118/118/118 123/123/123 119/119/119
f 119/119/119 123/123/123 124/124/124
f 120/120/120 125/125/125 121/121/121
f 121/121/121 125/125/125 126/126/126
f 121/121/121 126/126/126 122/122/122
f 122/122/122 126/126/126 127/127/127
f 122/122/122 127/127/127 123/123/123
f 123/123/123 127/127/127 128/128/128
f 123/123/123 128/128/128 124/124/124
f 124/124/124 128/128/128 129/129/129
f 125/125/125 130/130/130 126/126/126
f 126/126/126 130/130/130 131/131/131
f 126/126/126 131/131/131 127/127/127
f 127/127/127 131/131/131 132/132/132
f 127/127/127 132/132/132 128/128/128
f 128/128/128 132/132/132 133/133/133
f 128/128/128 133/133/133 129/129/129
f 129/129/129 133/133/133 134/134/134
f 130/130/130 135/135/135 131/131/131
f 131/131/131 135/135/135 136/136/136
f 131/131/131 136/136/136 132/132/132
f 132/132/132 136/136/136 137/137/137
f 132/132/132 137/137/137 133/133/133
f 133/133/133 137/137/137 138/138/138
f 133/133/133 138/138/138 134/134/134
f 134/134/134 138/138/138 139/139/139
f 135/135/135 140/140/140 136/136/136
f 136/136/136 140/140/140 141/141/141
f 136/136/136 141/141/141 137/137/137
f 137/137/137 141/141/141 142/142/142
f 137/137/137 142/142/142 138/138/138
f 138/138/138 142/142/142 143/143/143
f 138/138/138 143/143/143 139/139/139
f 139/139/139 143/143/143 144/144/144
f 140/140/140 141/141/141 145/145/145
f 141/141/141 142/142/142 145/145/145
f 142/142/142 143/143/143 145/145/145
f 143/143/143 144/144/144 145/145/145
f 146/146/146 151/151/151 147/147/147
f 147/147/147 151/151/151 152/152/152
f 147/147/147 152/152/152 148/148/148
f 148/148/148 152/152/152 153/153/153
f 148/148/148 153/153/153 149/149/149
f 149/149/149 153/153/153 154/154/154
f 149/149/149 154/154/154 150/150/150
f 150/150/150 154/154/154 155/155/155
f 151/151/151 156/156/156 152/152/152
f 152/152/152 156/156/156 157/157/157
f 152/152/152 157/157/157 153/153/153
f 153/153/153 157/157/157 158/158/158
f 153/153/153 158/158/158 154/154/154
f 154/154/154 158/158/158 159/159/159
f 154/154/154 159/159/159 155/155/155
f 155/155/155 159/159/159 160/160/160
f 156/156/156 161/161/161 157/157/157
f 157/157/157 161/161/161 162/162/162
f 157/157/157 162/162/162 158/158/158
f 158/158/158 162/162/162 163/163/163
f 158/158/158 163/163/163 159/159/159
f 159/159/159 163/163/163 164/164/164
f 159/159/159 164/164/164 160/160/160
f 160/160/160 164/164/164 165/165/165
f 161/161/161 166/166/166 162/162/162
f 162/162/162 166/166/166 167/167/167
f 162/162/162 167/167/167 163/163/163
f 163/163/163 167/167/167 168/168/168
f 163/163/163 168/168/168 164/164/164
f 164/164/164 168/168/168 169/169/169
f 164/164/164 169/169/169 165/165/165
f 165/165/165 169/169/169 170/170/170
f 166/166/166 167/167/167 171/171/171
f 167/167/167 168/168/168 171/171/171
f 168/168/168 169/169/169 171/171/171
f 169/169/169 170/170/170 171/171/171
f 172/172/172 177/177/177 173/173/173
f 173/173/173 177/177/177 178/178/178
f 173/173/173 178/178/178 174/174/174
f 174/174/174 178/178/178 179/179/179
f 174/174/174 179/179/179 175/175/175
f 175/175/175 179/179/179 180/180/180
f 175/175/175 180/180/180 176/176/176
f 176/176/176 180/180/180 181/181/181
f 177/177/177 182/182/182 178/178/178
f 178/178/178 182/182/182 183/183/183
f 178/178/178 183/183/183 179/179/179
f 179/179/179 183/183/183 184/184/184
f 179/179/179 184/184/184 180/180/180
f 180/180/180 184/184/184 185/185/185
f 180/180/180 185/185/185 181/181/181
f 181/181/181 185/185/185 186/186/186
f 182/182/182 187/187/187 183/183/183
f 183/183/183 187/187/187 188/188/188
f 183/183/183 188/188/188 184/184/184
f 184/184/184 188/188/188 189/189/189
f 184/184/184 189/189/189 185/185/185
f 185/185/185 189/189/189 190/190/190
f 185/185/185 190/190/190 186/186/186
f 186/186/186 190/190/190 191/191/191
f 187/187/187 192/192/192 188/188/188
f 188/188/188 192/192/192 193/193/193
f 188/188/188 193/193/193 189/189/189
f 189/189/189 193/193/193 194/194/194
f 189/189/189 194/194/194 190/190/190
f 190/190/190 194/194/194 195/195/195
f 190/190/190 195/195/195 191/191/191
f 191/191/191 195/195/195 196/196/196
f 192/192/192 193/193/193 197/197/197
f 193/193/193 194/194/194 197/197/197
f 194/194/194 195/195/195 197/197/197
f 195/195/195 196/196/196 197/197/197
f 198/198/198 203/203/203 199/199/199
f 199/199/199 203/203/203 204/204/204
f 199/199/199 204/204/204 200/200/200
f 200/200/200 204/204/204 205/205/205
f 200/200/200 205/205/205 201/201/201
f 201/201/201 205/205/205 206/206/206
f 201/201/201 206/206/206 202/202/202
f 202/202/202 206/206/206 207/207/207
f 203/203/203 208/208/208 204/204/204
f 204/204/204 208/208/208 209/209/209
f 204/204/204 209/209/209 205/205/205
f 205/205/205 209/209/209 210/210/210
f 205/205/205 210/210/210 206/206/206
f 206/206/206 210/210/210 211/211/211
f 206/206/206 211/211/211 207/207/207
f 207/207/207 211/211/211 212/212/212
f 208/208/208 213/213/213 209/209/209
f 209/209/209 213/213/213 214/214/214
f 209/209/209 214/214/214 210/210/210
f 210/210/210 214/214/214 215/215/215
f 210/210/210 215/215/215 211/211/211
f 211/211/211 215/215/215 216/216/216
f 211/211/211 216/216/216 212/212/212
f 212/212/212 216/216/216 217/217/217
f 213/213/213 218/218/218 214/214/214
f 214/214/214 218/218/218 219/219/219
f 214/214/214 219/219/219 215/215/215
f 215/215/215 219/219/219 220/220/220
f 215/215/215 220/220/220 216/216/216
f 216/216/216 220/220/220 221/221/221
f 216/216/216 221/221/221 217/217/217
f 217/217/217 221/221/221 222/222/222
f 218/218/218 219/219/219 223/223/223
f 219/219/219 220/220/220 223/223/223
f 220/220/220 221/221/221 223/223/223
f 221/221/221 222/222/222 223/223/223
f 224/224/224 229/229/229 225/225/225
f 225/225/225 229/229/229 230/230/230
f 225/225/225 230/230/230 226/226/226
f 226/226/226 230/230/230 231/231/231
f 226/226/226 231/231/231 227/227/227
f 227/227/227 231/231/231 232/232/232
f 227/227/227 232/232/232 228/228/228
f 228/228/228 232/232/232 233/233/233
f 229/229/229 234/234/234 230/230/230
f 230/230/230 234/234/234 235/235/235
f 230/230/230 235/235/235 231/231/231
f 231/231/231 235/235/235 236/236/236
f 231/231/231 236/236/236 232/232/232
f 232/232/232 236/236/236 237/237/237
f 232/232/232 237/237/237 233/233/233
f 233/233/233 237/237/237 238/238/238
f 234/234/234 239/239/239 235/235/235
f 235/235/235 239/239/239 240/240/240
f 235/235/235 240/240/240 236/236/236
f 236/236/236 240/240/240 241/241/241
f 236/236/236 241/241/241 237/237/237
f 237/237/237 241/241/241 242/242/242
f 237/237/237 242/242/242 238/238/238
f 238/238/238 242/242/242 243/243/243
f 239/239/239 244/244/244 240/240/240
f 240/240/240 244/244/244 245/245/245
f 240/240/240 245/245/245 241/241/241
f 241/241/241 245/245/245 246/246/246
f 241/241/241 246/246/246 242/242/242
f 242/242/242 246/246/246 247/247/247
f 242/242/242 247/247/247 243/243/243
f 243/243/243 247/247/247 248/248/248
f 244/244/244 245/245/245 249/249/249
f 245/245/245 246/246/246 249/249/249
f 246/246/246 247/247/247 249/249/249
f 247/247/247 248/248/248 249/249/249
f 250/250/250 255/255/255 251/251/251
f 251/251/251 255/255/255 256/256/256
f 251/251/251 256/256/256 252/252/252
f 252/252/252 256/256/256 257/257/257
f 252/252/252 257/257/257 253/253/253
f 253/253/253 257/257/257 258/258/258
f 253/253/253 258/258/258 254/254/254
f 254/254/254 258/258/258 259/259/259
f 255/255/255 260/260/260 256/256/256
f 256/256/256 260/260/260 261/261/261
f 256/256/256 261/261/261 257/257/257
f 257/257/257 261/261/261 262/262/262
f 257/257/257 262/262/262 258/258/258
f 258/258/258 262/262/262 263/263/263
f 258/258/258 263/263/263 259/259/259
f 259/259/259 263/263/263 264/264/264
f 260/260/260 265/265/265 261/261/261
f 261/261/261 265/265/265 266/266/266
f 261/261/261 266/266/266 262/262/262
f 262/262/262 266/266/266 267/267/267
f 262/262/262 267/267/267 263/263/263
f 263/263/263 267/267/267 268/268/268
f 263/263/263 268/268/268 264/264/264
f 264/264/264 268/268/268 269/269/269
f 265/265/265 270/270/270 266/266/266
f 266/266/266 270/270/270 271/271/271
f 266/266/266 271/271/271 267/267/267
f 267/267/267 271/271/271 272/272/272
f 267/267/267 272/272/272 268/268/268
f 268/268/268 272/272/272 273/273/273
f 268/268/268 273/273/273 269/269/269
f 269/269/269 273/273/273 274/274/274
f 270/270/270 271/271/271 275/275/275
f 271/271/271 272/272/272 275/275/275
f 272/272/272 273/273/273 275/275/275
f 273/273/273 274/274/274 275/275/275
f 276/276/276 281/281/281 277/277/277
f 277/277/277 281/281/281 282/282/282
f 277/277/277 282/282/282 278/278/278
f 278/278/278 282/282/282 283/283/283
f 278/278/278 283/283/283 279/279/279
f 279/279/279 283/283/283 284/284/284
f 279/279/279 284/284/284 280/280/280
f 280/280/280 284/284/284 285/285/285
f 281/281/281 286/286/286 282/282/282
f 282/282/282 286/286/286 287/287/287
f 282/282/282 287/287/287 283/283/283
f 283/283/283 287/287/287 288/288/288
f 283/283/283 288/288/288 284/284/284
f 284/284/284 288/288/288 289/289/289
f 284/284/284 289/289/289 285/285/285
f 285/285/285 289/289/289 290/290/290
f 286/286/286 291/291/291 287/287/287
f 287/287/287 291/291/291 292/292/292
f 287/287/287 292/292/292 288/288/288
f 288/288/288 292/292/292 293/293/293
f 288/288/288 293/293/293 289/289/289
f 289/289/289 293/293/293 294/294/294
f 289/289/289 294/294/294 290/290/290
f 290/290/290 294/294/294 295/295/295
f 291/291/291 296/296/296 292/292/292
f 292/292/292 296/296/296 297/297/297
f 292/292/292 297/297/297 293/293/293
f 293/293/293 297/297/297 298/298/298
f 293/293/293 298/298/298 294/294/294
f 294/294/294 298/298/298 299/299/299
f 294/294/294 299/299/299 295/295/295
f 295/295/295 299/299/299 300/300/300
f 296/296/296 297/297/297 301/301/301
f 297/297/297 298/298/298 301/301/301
f 298/298/298 299/299/299 301/301/301
f 299/299/299 300/300/300 301/301/301
f 302/302/302 307/307/307 303/303/303
f 303/303/303 307/307/307 308/308/308
f 303/303/303 308/308/308 304/304/304
f 304/304/304 308/308/308 309/309/309
f 304/304/304 309/309/309 305/305/305
f 305/305/305 309/309/309 310/310/310
f 305/305/305 310/310/310 306/306/306
f 306/306/306 310/310/310 311/311/311
f 307/307/307 312/312/312 308/308/308
f 308/308/308 312/312/312 313/313/313
f 308/308/308 313/313/313 309/309/309
f 309/309/309 313/313/313 314/314/314
f 309/309/309 314/314/314 310/310/310
f 310/310/310 314/314/314 315/315/315
f 310/310/310 315/315/315 311/311/311
f 311/311/311 315/315/315 316/316/316
f 312/312/312 317/317/317 313/313/313
f 313/313/313 317/317/317 318/318/318
f 313/313/313 318/318/318 314/314/314
f 314/314/314 318/318/318 319/319/319
f 314/314/314 319/319/319 315/315/315
f 315/315/315 319/319/319 320/320/320
f 315/315/315 320/320/320 316/316/316
f 316/316/316 320/320/320 321/321/321
f 317/317/317 322/322/322 318/318/318
f 318/318/318 322/322/322 323/323/323
f 318/318/318 323/323/323 319/319/319
f 319/319/319 323/323/323 324/324/324
f 319/319/319 324/324/324 320/320/320
f 320/320/320 324/324/324 325/325/325
f 320/320/320 325/325/325 321/321/321
f 321/321/321 325/325/325 326/326/326
f 322/322/322 327/327/327 323/323/323
f 323/323/323 327/327/327 328/328/328
f 323/323/323 328/328/328 324/324/324
f 324/324/324 328/328/328 329/329/329
f 324/324/324 329/329/329 325/325/325
f 325/325/325 329/329/329 330/330/330
f 325/325/325 330/330/330 326/326/326
f 326/326/326 330/330/330 331/331/331
f 327/327/327 332/332/332 328/328/328
f 328/328/328 332/332/332 333/333/333
f 328/328/328 333/333/333 329/329/329
f 329/329/329 333/333/333 334/334/334
f 329/329/329 334/334/334 330/330/330
f 330/330/330 334/334/334 335/335/335
f 330/330/330 335/335/335 331/331/331
f 331/331/331 335/335/335 336/336/336
f 332/332/332 337/337/337 333/333/333
f 333/333/333 337/337/337 338/338/338
f 333/333/333 338/338/338 334/334/334
f 334/334/334 338/338/338 339/339/339
f 334/334/334 339/339/339 335/335/335
f 335/335/335 339/339/339 340/340/340
f 335/335/335 340/340/340 336/336/336
f 336/336/336 340/340/340 341/341/341
f 337/337/337 338/338/338 342/342/342
f 338/338/338 339/339/339 342/342/342
f 339/339/339 340/340/340 342/342/342
f 340/340/340 341/341/341 342/342/342
f 343/343/343 348/348/348 344/344/344
f 344/344/344 348/348/348 349/349/349
f 344/344/344 349/349/349 345/345/345
f 345/345/345 349/349/349 350/350/350
f 345/345/345 350/350/350 346/346/346
f 346/346/346 350/350/350 351/351/351
f 346/346/346 351/351/351 347/347/347
f 347/347/347 351/351/351 352/352/352
f 348/348/348 353/353/353 349/349/349
f 349/349/349 353/353/353 354/354/354
f 349/349/349 354/354/354 350/350/350
f 350/350/350 354/354/354 355/355/355
f 350/350/350 355/355/355 351/351/351
f 351/351/351 355/355/355 356/356/356
f 351/351/351 356/356/356 352/352/352
f 352/352/352 356/356/356 357/357/357
f 353/353/353 358/358/358 354/354/354
f 354/354/354 358/358/358 359/359/359
f 354/354/354 359/359/359 355/355/355
f 355/355/355 359/359/359 360/360/360
f 355/355/355 360/360/360 356/356/356
f 356/356/356 360/360/360 361/361/361
f 356/356/356 361/361/361 357/357/357
f 357/357/357 361/361/361 362/362/362
f 358/358/358 363/363/363 359/359/359
f 359/359/359 363/363/363 364/364/364
f 359/359/359 364/364/364 360/360/360
f 360/360/360 364/364/364 365/365/365
f 360/360/360 365/365/365 361/361/361
f 361/361/361 365/365/365 366/366/366
f 361/361/361 366/366/366 362/362/362
f 362/362/362 366/366/366 367/367/367
f 363/363/363 364/364/364 368/368/368
f 364/364/364 365/365/365 368/368/368
f 365/365/365 366/366/366 368/368/368
f 366/366/366 367/367/367 368/368/368
f 369/369/369 374/374/374 370/370/370
f 370/370/370 374/374/374 375/375/375
f 370/370/370 375/375/375 371/371/371
f 371/371/371 375/375/375 376/376/376
f 371/371/371 376/376/376 372/372/372
f 372/372/372 376/376/376 377/377/377
f 372/372/372 377/377/377 373/373/373
f 373/373/373 377/377/377 378/378/378
f 374/374/374 379/379/379 375/375/375
f 375/375/375 379/379/379 380/380/380
f 375/375/375 380/380/380 376/376/376
f 376/376/376 380/380/380 381/381/381
f 376/376/376 381/381/381 377/377/377
f 377/377/377 381/381/381 382/382/382
f 377/377/377 382/382/382 378/378/378
f 378/378/378 382/382/382 383/383/383
f 379/379/379 384/384/384 380/380/380
f 380/380/380 384/384/384 385/385/385
f 380/380/380 385/385/385 381/381/381
f 381/381/381 385/385/385 386/386/386
f 381/381/381 386/386/386 382/382/382
f 382/382/382 386/386/386 387/387/387
f 382/382/382 387/387/387 383/383/383
f 383/383/383 387/387/387 388/388/388
f 384/384/384 389/389/389 385/385/385
f 385/385/385 389/389/389 390/390/390
f 385/385/385 390/390/390 386/386/386
f 386/386/386 390/390/390 391/391/391
f 386/386/386 391/391/391 387/387/387
f 387/387/387 391/391/391 392/392/392
f 387/387/387 392/392/392 388/388/388
f 388/388/388 392/392/392 393/393/393
f 389/389/389 390/390/390 394/394/394
f 390/390/390 391/391/391 394/394/394
f 391/391/391 392/392/392 394/394/394
f 392/392/392 393/393/393 394/394/394
f 395/395/395 400/400/400 396/396/396
f 396/396/396 400/400/400 401/401/401
f 396/396/396 401/401/401 397/397/397
f 397/397/397 401/401/401 402/402/402
f 397/397/397 402/402/402 398/398/398
f 398/398/398 402/402/402 403/403/403
f 398/398/398 403/403/403 399/399/399
f 399/399/399 403/403/403 404/404/404
f 400/400/400 405/405/405 401/401/401
f 401/401/401 405/405/405 406/406/406
f 401/401/401 406/406/406 402/402/402
f 402/402/402 406/406/406 407/407/407
f 402/402/402 407/407/407 403/403/403
f 403/403/403 407/407/407 408/408/408
f 403/403/403 408/408/408 404/404/404
f 404/404/404 408/408/408 409/409/409
f 405/405/405 410/410/410 406/406/406
f 406/406/406 410/410/410 411/411/411
f 406/406/406 411/411/411 407/407/407
f 407/407/407 411/411/411 412/412/412
f 407/407/407 412/412/412 408/408/408
f 408/408/408 412/412/412 413/413/413
f 408/408/408 413/413/413 409/409/409
f 409/409/409 413/413/413 414/414/414
f 410/410/410 415/415/415 411/411/411
f 411/411/411 415/415/415 416/416/416
f 411/411/411 416/416/416 412/412/412
f 412/412/412 416/416/416 417/417/417
f 412/412/412 417/417/417 413/413/413
f 413/413/413 417/417/417 418/418/418
f 413/413/413 418/418/418 414/414/414
f 414/414/414 418/418/418 419/419/419
f 415/415/415 416/416/416 420/420/420
f 416/416/416 417/417/417 420/420/420
f 417/417/417 418/418/418 420/420/420
f 418/418/418 419/419/419 420/420/420
f 421/421/421 426/426/426 422/422/422
f 422/422/422 426/426/426 427/427/427
f 422/422/422 427/427/427 423/423/423
f 423/423/423 427/427/427 428/428/428
f 423/423/423 428/428/428 424/424/424
f 424/424/424 428/428/428 429/429/429
f 424/424/424 429/429/429 425/425/425
f 425/425/425 429/429/429 430/430/430
f 426/426/426 431/431/431 427/427/427
f 427/427/427 431/431/431 432/432/432
f 427/427/427 432/432/432 428/428/428
f 428/428/428 432/432/432 433/433/433
f 428/428/428 433/433/433 429/429/429
f 429/429/429 433/433/433 434/434/434
f 429/429/429 434/434/434 430/430/430
f 430/430/430 434/434/434 435/435/435
f 431/431/431 436/436/436 432/432/432
f 432/432/432 436/436/436 437/437/437
f 432/432/432 437/437/437 433/433/433
f 433/433/433 437/437/437 438/438/438
f 433/433/433 438/438/438 434/434/434
f 434/434/434 438/438/438 439/439/439
f 434/434/434 439/439/439 435/435/435
f 435/435/435 439/439/439 440/440/440
f 436/436/436 441/441/441 437/437/437
f 437/437/437 441/441/441 442/442/442
f 437/437/437 442/442/442 438/438/438
f 438/438/438 442/442/442 443/443/443
f 438/438/438 443/443/443 439/439/439
f 439/439/439 443/443/443 444/444/444
f 439/439/439 444/444/444 440/440/440
f 440/440/440 444/444/444 445/445/445
f 441/441/441 442/442/442 446/446/446
f 442/442/442 443/443/443 446/446/446
f 443/443/443 444/444/444 446/446/446
f 444/444/444 445/445/445 446/446/446
f 447/447/447 452/452/452 448/448/448
f 448/448/448 452/452/452 453/453/453
f 448/448/448 453/453/453 449/449/449
f 449/449/449 453/453/453 454/454/454
f 449/449/449 454/454/454 450/450/450
f 450/450/450 454/454/454 455/455/455
f 450/450/450 455/455/455 451/451/451
f 451/451/451 455/455/455 456/456/456
f 452/452/452 457/457/457 453/453/453
f 453/453/453 457/457/457 458/458/458
f 453/453/453 458/458/458 454/454/454
f 454/454/454 458/458/458 459/459/459
f 454/454/454 459/459/459 455/455/455
f 455/455/455 459/459/459 460/460/460
f 455/455/455 460/460/460 456/456/456
f 456/456/456 460/460/460 461/461/461
f 457/457/457 462/462/462 458/458/458
f 458/458/458 462/462/462 463/463/463
f 458/458/458 463/463/463 459/459/459
f 459/459/459 463/463/463 464/464/464
f 459/459/459 464/464/464 460/460/460
f 460/460/460 464/464/464 465/465/465
f 460/460/460 465/465/465 461/461/461
f 461/461/461 465/465/465 466/466/466
f 462/462/462 467/467/467 463/463/463
f 463/463/463 467/467/467 468/468/468
f 463/463/463 468/468/468 464/464/464
f 464/464/464 468/468/468 469/469/469
f 464/464/464 469/469/469 465/465/465
f 465/465/465 469/469/469 470/470/470
f 465/465/465 470/470/470 466/466/466
f 466/466/466 470/470/470 471/471/471
f 467/467/467 468/468/468 472/472/472
f 468/468/468 469/469/469 472/472/472
f 469/469/469 470/470/470 472/472/472
f 470/470/470 471/471/471 472/472/472
f 473/473/473 478/478/478 474/474/474
f 474/474/474 478/478/478 479/479/479
f 474/474/474 479/479/479 475/475/475
f 475/475/475 479/479/479 480/480/480
f 475/475/475 480/480/480 476/476/476
f 476/476/476 480/480/480 481/481/481
f 476/476/476 481/481/481 477/477/477
f 477/477/477 481/481/481 482/482/482
f 478/478/478 483/483/483 479/479/479
f 479/479/479 483/483/483 484/484/484
f 479/479/479 484/484/484 480/480/480
f 480/480/480 484/484/484 485/485/485
f 480/480/480 485/485/485 481/481/481
f 481/481/481 485/485/485 486/486/486
f 481/481/481 486/486/486 482/482/482
f 482/482/482 486/486/486 487/487/487
f 483/483/483 488/488/488 484/484/484
f 484/484/484 488/488/488 489/489/489
f 484/484/484 489/489/489 485/485/485
f 485/485/485 489/489/489 490/490/490
f 485/485/485 490/490/490 486/486/486
f 486/486/486 490/490/490 491/491/491
f 486/486/486 491/491/491 487/487/487
f 487/487/487 491/491/491 492/492/492
f 488/488/488 493/493/493 489/489/489
f 489/489/489 493/493/493 494/494/494
f 489/489/489 494/494/494 490/490/490
f 490/490/490 494/494/494 495/495/495
f 490/490/490 495/495/495 491/491/491
f 491/491/491 495/495/495 496/496/496
f 491/491/491 496/496/496 492/492/492
f 492/492/492 496/496/496 497/497/497
f 493/493/493 494/494/494 498/498/498
f 494/494/494 495/495/495 498/498/498
f 495/495/495 496/496/496 498/498/498
f 496/496/496 497/497/497 498/498/498
f 499/499/499 504/504/504 500/500/500
f 500/500/500 504/504/504 505/505/505
f 500/500/500 505/505/505 501/501/501
f 501/501/501 505/505/505 506/506/506
f 501/501/501 506/506/506 502/502/502
f 502/502/502 506/506/506 507/507/507
f 502/502/502 507/507/507 503/503/503
f 503/503/503 507/507/507 508/508/508
f 504/504/504 509/509/509 505/505/505
f 505/505/505 509/509/509 510/510/510
f 505/505/505 510/510/510 506/506/506
f 506/506/506 510/510/510 511/511/511
f 506/506/506 511/511/511 507/507/507
f 507/507/507 511/511/511 512/512/512
f 507/507/507 512/512/512 508/508/508
f 508/508/508 512/512/512 513/513/513
f 509/509/509 514/514/514 510/510/510
f 510/510/510 514/514/514 515/515/515
f 510/510/510 515/515/515 511/511/511
f 511/511/511 515/515/515 516/516/516
f 511/511/511 516/516/516 512/512/512
f 512/512/512 516/516/516 517/517/517
f 512/512/512 517/517/517 513/513/513
f 513/513/513 517/517/517 518/518/518
f 514/514/514 519/519/519 515/515/515
f 515/515/515 519/519/519 520/520/520
f 515/515/515 520/520/520 516/516/516
f 516/516/516 520/520/520 521/521/521
f 516/516/516 521/521/521 517/517/517
f 517/517/517 521/521/521 522/522/522
f 517/517/517 522/522/522 518/518/518
f 518/518/518 522/522/522 523/523/523
f 519/519/519 520/520/520 524/524/524
f 520/520/520 521/521/521 524/524/524
f 521/521/521 522/522/522 524/524/524
f 522/522/522 523/523/523 524/524/524
f 525/525/525 530/530/530 526/526/526
f 526/526/526 530/530/530 531/531/531
f 526/526/526 531/531/531 527/527/527
f 527/527/527 531/531/531 532/532/532
f 527/527/527 532/532/532 528/528/528
f 528/528/528 532/532/532 533/533/533
f 528/528/528 533/533/533 529/529/529
f 529/529/529 533/533/533 534/534/534
f 530/530/530 535/535/535 531/531/531
f 531/531/531 535/535/535 536/536/536
f 531/531/531 536/536/536 532/532/532
f 532/532/532 536/536/536 537/537/537
f 532/532/532 537/537/537 533/533/533
f 533/533/533 537/537/537 538/538/538
f 533/533/533 538/538/538 534/534/534
f 534/534/534 538/538/538 539/539/539
f 535/535/535 540/540/540 536/536/536
f 536/536/536 540/540/540 541/541/541
f 536/536/536 541/541/541 537/537/537
f 537/537/537 541/541/541 542/542/542
f 537/537/537 542/542/542 538/538/538
f 538/538/538 542/542/542 543/543/543
f 538/538/538 543/543/543 539/539/539
f 539/539/539 543/543/543 544/544/544
f 540/540/540 545/545/545 541/541/541
f 541/541/541 545/545/545 546/546/546
f 541/541/541 546/546/546 542/542/542
f 542/542/542 546/546/546 547/547/547
f 542/542/542 547/547/547 543/543/543
f 543/543/543 547/547/547 548/548/548
f 543/543/543 548/548/548 544/544/544
f 544/544/544 548/548/548 549/549/549
f 545/545/545 546/546/546 550/550/550
f 546/546/546 547/547/547 550/550/550
f 547/547/547 548/548/548 550/550/550
f 548/548/548 549/549/549 550/550/550
f 551/551/551 556/556/556 552/552/552
f 552/552/552 556/556/556 557/557/557
f 552/552/552 557/557/557 553/553/553
f 553/553/553 557/557/557 558/558/558
f 553/553/553 558/558/558 554/554/554
f 554/554/554 558/558/558 559/559/559
f 554/554/554 559/559/559 555/555/555
f 555/555/555 559/559/559 560/560/560
f 556/556/556 561/561/561 557/557/557
f 557/557/557 561/561/561 562/562/562
f 557/557/557 562/562/562 558/558/558
f 558/558/558 562/562/562 563/563/563
f 558/558/558 563/563/563 559/559/559
f 559/559/559 563/563/563 564/564/564
f 559/559/559 564/564/564 560/560/560
f 560/560/560 564/564/564 565/565/565
f 561/561/561 566/566/566 562/562/562
f 562/562/562 566/566/566 567/567/567
f 562/562/562 567/567/567 563/563/563
f 563/563/563 567/567/567 568/568/568
f 563/563/563 568/568/568 564/564/564
f 564/564/564 568/568/568 569/569/569
f 564/564/564 569/569/569 565/565/565
f 565/565/565 569/569/569 570/570/570
f 566/566/566 571/571/571 567/567/567
f 567/567/567 571/571/571 572/572/572
f 567/567/567 572/572/572 568/568/568
f 568/568/568 572/572/572 573/573/573
f 568/568/568 573/573/573 569/569/569
f 569/569/569 573/573/573 574/574/574
f 569/569/569 574/574/574 570/570/570
f 570/570/570 574/574/574 575/575/575
f 571/571/571 576/576/576 572/572/572
f 572/572/572 576/576/576 577/577/577
f 572/572/572 577/577/577 573/573/573
f 573/573/573 577/577/577 578/578/578
f 573/573/573 578/578/578 574/574/574
f 574/574/574 578/578/578 579/579/579
f 574/574/574 579/579/579 575/575/575
f 575/575/575 579/579/579 580/580/580
f 576/576/576 581/581/581 577/577/577
f 577/577/577 581/581/581 582/582/582
f 577/577/577 582/582/582 578/578/578
f 578/578/578 582/582/582 583/583/583
f 578/578/578 583/583/583 579/579/579
f 579/579/579 583/583/583 584/584/584
f 579/579/579 584/584/584 580/580/580
f 580/580/580 584/584/584 585/585/585
f 581/581/581 586/586/586 582/582/582
f 582/582/582 586/586/586 587/587/587
f 582/582/582 587/587/587 583/583/583
f 583/583/583 587/587/587 588/588/588
f 583/583/583 588/588/588 584/584/584
f 584/584/584 588/588/588 589/589/589
f 584/584/584 589/589/589 585/585/585
f 585/585/585 589/589/589 590/590/590
f 586/586/586 587/587/587 591/591/591
f 587/587/587 588/588/588 591/591/591
f 588/588/588 589/589/589 591/591/591
f 589/589/589 590/590/590 591/591/591
f 592/592/592 597/597/597 593/593/593
f 593/593/593 597/597/597 598/598/598
f 593/593/593 598/598/598 594/594/594
f 594/594/594 598/598/598 599/599/599
f 594/594/594 599/599/599 595/595/595
f 595/595/595 599/599/599 600/600/600
f 595/595/595 600/600/600 596/596/596
f 596/596/596 600/600/600 601/601/601
f 597/597/597 602/602/602 598/598/598
f 598/598/598 602/602/602 603/603/603
f 598/598/598 603/603/603 599/599/599
f 599/599/599 603/603/603 604/604/604
f 599/599/599 604/604/604 600/600/600
f 600/600/600 604/604/604 605/605/605
f 600/600/600 605/605/605 601/601/601
f 601/601/601 605/605/605 606/606/606
f 602/602/602 607/607/607 603/603/603
f 603/603/603 607/607/607 608/608/608
f 603/603/603 608/608/608 604/604/604
f 604/604/604 608/608/608 609/609/609
f 604/604/604 609/609/609 605/605/605
f 605/605/605 609/609/609 610/610/610
f 605/605/605 610/610/610 606/606/606
f 606/606/606 610/610/610 611/611/611
f 607/607/607 612/612/612 608/608/608
f 608/608/608 612/612/612 613/613/613
f 608/608/608 613/613/613 609/609/609
f 609/609/609 613/613/613 614/614/614
f 609/609/609 614/614/614 610/610/610
f 610/610/610 614/614/614 615/615/615
f 610/610/610 615/615/615 611/611/611
f 611/611/611 615/615/615 616/616/616
f 612/612/612 613/613/613 617/617/617
f 613/613/613 614/614/614 617/617/617
f 614/614/614 615/615/615 617/617/617
f 615/615/615 616/616/616 617/617/617
f 618/618/618 623/623/623 619/619/619
f 619/619/619 623/623/623 624/624/624
f 619/619/619 624/624/624 620/620/620
f 620/620/620 624/624/624 625/625/625
f 620/620/620 625/625/625 621/621/621
f 621/621/621 625/625/625 626/626/626
f 621/621/621 626/626/626 622/622/622
f 622/622/622 626/626/626 627/627/627
f 623/623/623 628/628/628 624/624/624
f 624/624/624 628/628/628 629/629/629
f 624/624/624 629/629/629 625/625/625
f 625/625/625 629/629/629 630/630/630
f 625/625/625 630/630/630 626/626/626
f 626/626/626 630/630/630 631/631/631
f 626/626/626 631/631/631 627/627/627
f 627/627/627 631/631/631 632/632/632
f 628/628/628 633/633/633 629/629/629
f 629/629/629 633/633/633 634/634/634
f 629/629/629 634/634/634 630/630/630
f 630/630/630 634/634/634 635/635/635
f 630/630/630 635/635/635 631/631/631
f 631/631/631 635/635/635 636/636/636
f 631/631/631 636/636/636 632/632/632
f 632/632/632 636/636/636 637/637/637
f 633/633/633 638/638/638 634/634/634
f 634/634/634 638/638/638 639/639/639
f 634/634/634 639/639/639 635/635/635
f 635/635/635 639/639/639 640/640/640
f 635/635/635 640/640/640 636/636/636
f 636/636/636 640/640/640 641/641/641
f 636/636/636 641/641/641 637/637/637
f 637/637/637 641/641/641 642/642/642
f 638/638/638 639/639/639 643/643/643
f 639/639/639 640/640/640 643/643/643
f 640/640/640 641/641/641 643/643/643
f 641/641/641 642/642/642 643/643/643
f 644/644/644 649/649/649 645/645/645
f 645/645/645 649/649/649 650/650/650
f 645/645/645 650/650/650 646/646/646
f 646/646/646 650/650/650 651/651/651
f 646/646/646 651/651/651 647/647/647
f 647/647/647 651/651/651 652/652/652
f 647/647/647 652/652/652 648/648/648
f 648/648/648 652/652/652 653/653/653
f 649/649/649 654/654/654 650/650/650
f 650/650/650 654/654/654 655/655/655
f 650/650/650 655/655/655 651/651/651
f 651/651/651 655/655/655 656/656/656
f 651/651/651 656/656/656 652/652/652
f 652/652/652 656/656/656 657/657/657
f 652/652/652 657/657/657 653/653/653
f 653/653/653 657/657/657 658/658/658
f 654/654/654 659/659/659 655/655/655
f 655/655/655 659/659/659 660/660/660
f 655/655/655 660/660/660 656/656/656
f 656/656/656 660/660/660 661/661/661
f 656/656/656 661/661/661 657/657/657
f 657/657/657 661/661/661 662/662/662
f 657/657/657 662/662/662 658/658/658
f 658/658/658 662/662/662 663/663/663
f 659/659/659 664/664/664 660/660/660
f 660/660/660 664/664/664 665/665/665
f 660/660/660 665/665/665 661/661/661
f 661/661/661 665/665/665 666/666/666
f 661/661/661 666/666/666 662/662/662
f 662/662/662 666/666/666 667/667/667
f 662/662/662 667/667/667 663/663/663
f 663/663/663 667/667/667 668/668/668
f 664/664/664 665/665/665 669/669/669
f 665/665/665 666/666/666 669/669/669
f 666/666/666 667/667/667 669/669/669
f 667/667/667 668/668/668 669/669/669
f 670/670/670 675/675/675 671/671/671
f 671/671/671 675/675/675 676/676/676
f 671/671/671 676/676/676 672/672/672
f 672/672/672 676/676/676 677/677/677
f 672/672/672 677/677/677 673/673/673
f 673/673/673 677/677/677 678/678/678
f 673/673/673 678/678/678 674/674/674
f 674/674/674 678/678/678 679/679/679
f 675/675/675 680/680/680 676/676/676
f 676/676/676 680/680/680 681/681/681
f 676/676/676 681/681/681 677/677/677
f 677/677/677 681/681/681 682/682/682
f 677/677/677 682/682/682 678/678/678
f 678/678/678 682/682/682 683/683/683
f 678/678/678 683/683/683 679/679/679
f 679/679/679 683/683/683 684/684/684
f 680/680/680 685/685/685 681/681/681
f 681/681/681 685/685/685 686/686/686
f 681/681/681 686/686/686 682/682/682
f 682/682/682 686/686/686 687/687/687
f 682/682/682 687/687/687 683/683/683
f 683/683/683 687/687/687 688/688/688
f 683/683/683 688/688/688 684/684/684
f 684/684/684 688/688/688 689/689/689
f 685/685/685 690/690/690 686/686/686
f 686/686/686 690/690/690 691/691/691
f 686/686/686 691/691/691 687/687/687
f 687/687/687 691/691/691 692/692/692
f 687/687/687 692/692/692 688/688/688
f 688/688/688 692/692/692 693/693/693
f 688/688/688 693/693/693 689/689/689
f 689/689/689 693/693/693 694/694/694
f 690/690/690 691/691/691 695/695/695
f 691/691/691 692/692/692 695/695/695
f 692/692/692 693/693/693 695/695/695
f 693/693/693 694/694/694 695/695/695
f 696/696/696 701/701/701 697/697/697
f 697/697/697 701/701/701 702/702/702
f 697/697/697 702/702/702 698/698/698
f 698/698/698 702/702/702 703/703/703
f 698/698/698 703/703/703 699/699/699
f 699/699/699 703/703/703 704/704/704
f 699/699/699 704/704/704 700/700/700
f 700/700/700 704/704/704 705/705/705
f 701/701/701 706/706/706 702/702/702
f 702/702/702 706/706/706 707/707/707
f 702/702/702 707/707/707 703/703/703
f 703/703/703 707/707/707 708/708/708
f 703/703/703 708/708/708 704/704/704
f 704/704/704 708/708/708 709/709/709
f 704/704/704 709/709/709 705/705/705
f 705/705/705 709/709/709 710/710/710
f 706/706/706 711/711/711 707/707/707
f 707/707/707 711/711/711 712/712/712
f 707/707/707 712/712/712 708/708/708
f 708/708/708 712/712/712 713/713/713
f 708/708/708 713/713/713 709/709/709
f 709/709/709 713/713/713 714/714/714
f 709/709/709 714/714/714 710/710/710
f 710/710/710 714/714/714 715/715/715
f 711/711/711 716/716/716 712/712/712
f 712/712/712 716/716/716 717/717/717
f 712/712/712 717/717/717 713/713/713
f 713/713/713 717/717/717 718/718/718
f 713/713/713 718/718/718 714/714/714
f 714/714/714 718/718/718 719/719/719
f 714/714/714 719/719/719 715/715/715
f 715/715/715 719/719/719 720/720/720
f 716/716/716 717/717/717 721/721/721
f 717/717/717 718/718/718 721/721/721
f 718/718/718 719/719/719 721/721/721
f 719/719/719 720/720/720 721/721/721
f 722/722/722 727/727/727 723/723/723
f 723/723/723 727/727/727 728/728/728
f 723/723/723 728/728/728 724/724/724
f 724/724/724 728/728/728 729/729/729
f 724/724/724 729/729/729 725/725/725
f 725/725/725 729/729/729 730/730/730
f 725/725/725 730/730/730 726/726/726
f 726/726/726 730/730/730 731/731/731
f 727/727/727 732/732/732 728/728/728
f 728/728/728 732/732/732 733/733/733
f 728/728/728 733/733/733 729/729/729
f 729/729/729 733/733/733 734/734/734
f 729/729/729 734/734/734 730/730/730
f 730/730/730 734/734/734 735/735/735
f 730/730/730 735/735/735 731/731/731
f 731/731/731 735/735/735 736/736/736
f 732/732/732 737/737/737 733/733/733
f 733/733/733 737/737/737 738/738/738
f 733/733/733 738/738/738 734/734/734
f 734/734/734 738/738/738 739/739/739
f 734/734/734 739/739/739 735/735/735
f 735/735/735 739/739/739 740/740/740
f 735/735/735 740/740/740 736/736/736
f 736/736/736 740/740/740 741/741/741
f 737/737/737 742/742/742 738/738/738
f 738/738/738 742/742/742 743/743/743
f 738/738/738 743/743/743 739/739/739
f 739/739/739 743/743/743 744/744/744
f 739/739/739 744/744/744 740/740/740
f 740/740/740 744/744/744 745/745/745
f 740/740/740 745/745/745 741/741/741
f 741/741/741 745/745/745 746/746/746
f 742/742/742 743/743/743 747/747/747
f 743/743/743 744/744/744 747/747/747
f 744/744/744 745/745/745 747/747/747
f 745/745/745 746/746/746 747/747/747
f 748/748/748 753/753/753 749/749/749
f 749/749/749 753/753/753 754/754/754
f 749/749/749 754/754/754 750/750/750
f 750/750/750 754/754/754 755/755/755
f 750/750/750 755/755/755 751/751/751
f 751/751/751 755/755/755 756/756/756
f 751/751/751 756/756/756 752/752/752
f 752/752/752 756/756/756 757/757/757
f 753/753/753 758/758/758 754/754/754
f 754/754/754 758/758/758 759/759/759
f 754/754/754 759/759/759 755/755/755
f 755/755/755 759/759/759 760/760/760
f 755/755/755 760/760/760 756/756/756
f 756/756/756 760/760/760 761/761/761
f 756/756/756 761/761/761 757/757/757
f 757/757/757 761/761/761 762/762/762
f 758/758/758 763/763/763 759/759/759
f 759/759/759 763/763/763 764/764/764
f 759/759/759 764/764/764 760/760/760
f 760/760/760 764/764/764 765/765/765
f 760/760/760 765/765/765 761/761/761
f 761/761/761 765/765/765 766/766/766
f 761/761/761 766/766/766 762/762/762
f 762/762/762 766/766/766 767/767/767
f 763/763/763 768/768/768 764/764/764
f 764/764/764 768/768/768 769/769/769
f 764/764/764 769/769/769 765/765/765
f 765/765/765 769/769/769 770/770/770
f 765/765/765 770/770/770 766/766/766
f 766/766/766 770/770/770 771/771/771
f 766/766/766 771/771/771 767/767/767
f 767/767/767 771/771/771 772/772/772
f 768/768/768 769/769/769 773/773/773
f 769/769/769 770/770/770 773/773/773
f 770/770/770 771/771/771 773/773/773
f 771/771/771 772/772/772 773/773/773
f 774/774/774 779/779/779 775/775/775
f 775/775/775 779/779/779 780/780/780
f 775/775/775 780/780/780 776/776/776
f 776/776/776 780/780/780 781/781/781
f 776/776/776 781/781/781 777/777/777
f 777/777/777 781/781/781 782/782/782
f 777/777/777 782/782/782 778/778/778
f 778/778/778 782/782/782 783/783/783
f 779/779/779 784/784/784 780/780/780
f 780/780/780 784/784/784 785/785/785
f 780/780/780 785/785/785 781/781/781
f 781/781/781 785/785/785 786/786/786
f 781/781/781 786/786/786 782/782/782
f 782/782/782 786/786/786 787/787/787
f 782/782/782 787/787/787 783/783/783
f 783/783/783 787/787/787 788/788/788
f 784/784/784 789/789/789 785/785/785
f 785/785/785 789/789/789 790/790/790
f 785/785/785 790/790/790 786/786/786
f 786/786/786 790/790/790 791/791/791
f 786/786/786 791/791/791 787/787/787
f 787/787/787 791/791/791 792/792/792
f 787/787/787 792/792/792 788/788/788
f 788/788/788 792/792/792 793/793/793
f 789/789/789 794/794/794 790/790/790
f 790/790/790 794/794/794 795/795/795
f 790/790/790 795/795/795 791/791/791
f 791/791/791 795/795/795 796/796/796
f 791/791/791 796/796/796 792/792/792
f 792/792/792 796/796/796 797/797/797
f 792/792/792 797/797/797 793/793/793
f 793/793/793 797/797/797 798/798/798
f 794/794/794 799/799/799 795/795/795
f 795/795/795 799/799/799 800/800/800
f 795/795/795 800/800/800 796/796/796
f 796/796/796 800/800/800 801/801/801
f 796/796/796 801/801/801 797/797/797
f 797/797/797 801/801/801 802/802/802
f 797/797/797 802/802/802 798/798/798
f 798/798/798 802/802/802 803/803/803
f 799/799/799 804/804/804 800/800/800
f 800/800/800 804/804/804 805/805/805
f 800/800/800 805/805/805 801/801/801
f 801/801/801 805/805/805 806/806/806
f 801/801/801 806/806/806 802/802/802
f 802/802/802 806/806/806 807/807/807
f 802/802/802 807/807/807 803/803/803
f 803/803/803 807/807/807 808/808/808
f 804/804/804 809/809/809 805/805/805
f 805/805/805 809/809/809 810/810/810
f 805/805/805 810/810/810 806/806/806
f 806/806/806 810/810/810 811/811/811
f 806/806/806 811/811/811 807/807/807
f 807/807/807 811/811/811 812/812/812
f 807/807/807 812/812/812 808/808/808
f 808/808/808 812/812/812 813/813/813
f 809/809/809 810/810/810 814/814/814
f 810/810/810 811/811/811 814/814/814
f 811/811/811 812/812/812 814/814/814
f 812/812/812 813/813/813 814/814/814
f 815/815/815 820/820/820 816/816/816
f 816/816/816 820/820/820 821/821/821
f 816/816/816 821/821/821 817/817/817
f 817/817/817 821/821/821 822/822/822
f 817/817/817 822/822/822 818/818/818
f 818/818/818 822/822/822 823/823/823
f 818/818/818 823/823/823 819/819/819
f 819/819/819 823/823/823 824/824/824
f 820/820/820 825/825/825 821/821/821
f 821/821/821 825/825/825 826/826/826
f 821/821/821 826/826/826 822/822/822
f 822/822/822 826/826/826 827/827/827
f 822/822/822 827/827/827 823/823/823
f 823/823/823 827/827/827 828/828/828
f 823/823/823 828/828/828 824/824/824
f 824/824/824 828/828/828 829/829/829
f 825/825/825 830/830/830 826/826/826
f 826/826/826 830/830/830 831/831/831
f 826/826/826 831/831/831 827/827/827
f 827/827/827 831/831/831 832/832/832
f 827/827/827 832/832/832 828/828/828
f 828/828/828 832/832/832 833/833/833
f 828/828/828 833/833/833 829/829/829
f 829/829/829 833/833/833 834/834/834
f 830/830/830 835/835/835 831/831/831
f 831/831/831 835/835/835 836/836/836
f 831/831/831 836/836/836 832/832/832
f 832/832/832 836/836/836 837/837/837
f 832/832/832 837/837/837 833/833/833
f 833/833/833 837/837/837 838/838/838
f 833/833/833 838/838/838 834/834/834
f 834/834/834 838/838/838 839/839/839
f 835/835/835 836/836/836 840/840/840
f 836/836/836 837/837/837 840/840/840
f 837/837/837 838/838/838 840/840/840
f 838/838/838 839/839/839 840/840/840
f 841/841/841 846/846/846 842/842/842
f 842/842/842 846/846/846 847/847/847
f 842/842/842 847/847/847 843/843/843
f 843/843/843 847/847/847 848/848/848
f 843/843/843 848/848/848 844/844/844
f 844/844/844 848/848/848 849/849/849
f 844/844/844 849/849/849 845/845/845
f 845/845/845 849/849/849 850/850/850
f 846/846/846 851/851/851 847/847/847
f 847/847/847 851/851/851 852/852/852
f 847/847/847 852/852/852 848/848/848
f 848/848/848 852/852/852 853/853/853
f 848/848/848 853/853/853 849/849/849
f 849/849/849 853/853/853 854/854/854
f 849/849/849 854/854/854 850/850/850
f 850/850/850 854/854/854 855/855/855
f 851/851/851 856/856/856 852/852/852
f 852/852/852 856/856/856 857/857/857
f 852/852/852 857/857/857 853/853/853
f 853/853/853 857/857/857 858/858/858
f 853/853/853 858/858/858 854/854/854
f 854/854/854 858/858/858 859/859/859
f 854/854/854 859/859/859 855/855/855
f 855/855/855 859/859/859 860/860/860
f 856/856/856 861/861/861 857/857/857
f 857/857/857 861/861/861 862/862/862
f 857/857/857 862/862/862 858/858/858
f 858/858/858 862/862/862 863/863/863
f 858/858/858 863/863/863 859/859/859
f 859/859/859 863/863/863 864/864/864
f 859/859/859 864/864/864 860/860/860
f 860/860/860 864/864/864 865/865/865
f 861/861/861 862/862/862 866/866/866
f 862/862/862 863/863/863 866/866/866
f 863/863/863 864/864/864 866/866/866
f 864/864/864 865/865/865 866/866/866
f 867/867/867 872/872/872 868/868/868
f 868/868/868 872/872/872 873/873/873
f 868/868/868 873/873/873 869/869/869
f 869/869/869 873/873/873 874/874/874
f 869/869/869 874/874/874 870/870/870
f 870/870/870 874/874/874 875/875/875
f 870/870/870 875/875/875 871/871/871
f 871/871/871 875/875/875 876/876/876
f 872/872/872 877/877/877 873/873/873
f 873/873/873 877/877/877 878/878/878
f 873/873/873 878/878/878 874/874/874
f 874/874/874 878/878/878 879/879/879
f 874/874/874 879/879/879 875/875/875
f 875/875/875 879/879/879 880/880/880
f 875/875/875 880/880/880 876/876/876
f 876/876/876 880/880/880 881/881/881
f 877/877/877 882/882/882 878/878/878
f 878/878/878 882/882/882 883/883/883
f 878/878/878 883/883/883 879/879/879
f 879/879/879 883/883/883 884/884/884
f 879/879/879 884/884/884 880/880/880
f 880/880/880 884/884/884 885/885/885
f 880/880/880 885/885/885 881/881/881
f 881/881/881 885/885/885 886/886/886
f 882/882/882 887/887/887 883/883/883
f 883/883/883 887/887/887 888/888/888
f 883/883/883 888/888/888 884/884/884
f 884/884/884 888/888/888 889/889/889
f 884/884/884 889/889/889 885/885/885
f 885/885/885 889/889/889 890/890/890
f 885/885/885 890/890/890 886/886/886
f 886/886/886 890/890/890 891/891/891
f 887/887/887 888/888/888 892/892/892
f 888/888/888 889/889/889 892/892/892
f 889/889/889 890/890/890 892/892/892
f 890/890/890 891/891/891 892/892/892
f 893/893/893 898/898/898 894/894/894
f 894/894/894 898/898/898 899/899/899
f 894/894/894 899/899/899 895/895/895
f 895/895/895 899/899/899 900/900/900
f 895/895/895 900/900/900 896/896/896
f 896/896/896 900/900/900 901/901/901
f 896/896/896 901/901/901 897/897/897
f 897/897/897 901/901/901 902/902/902
f 898/898/898 903/903/903 899/899/899
f 899/899/899 903/903/903 904/904/904
f 899/899/899 904/904/904 900/900/900
f 900/900/900 904/904/904 905/905/905
f 900/900/900 905/905/905 901/901/901
f 901/901/901 905/905/905 906/906/906
f 901/901/901 906/906/906 902/902/902
f 902/902/902 906/906/906 907/907/907
f 903/903/903 908/908/908 904/904/904
f 904/904/904 908/908/908 909/909/909
f 904/904/904 909/909/909 905/905/905
f 905/905/905 909/909/909 910/910/910
f 905/905/905 910/910/910 906/906/906
f 906/906/906 910/910/910 911/911/911
f 906/906/906 911/911/911 907/907/907
f 907/907/907 911/911/911 912/912/912
f 908/908/908 913/913/913 909/909/909
f 909/909/909 913/913/913 914/914/914
f 909/909/909 914/914/914 910/910/910
f 910/910/910 914/914/914 915/915/915
f 910/910/910 915/915/915 911/911/911
f 911/911/911 915/915/915 916/916/916
f 911/911/911 916/916/916 912/912/912
f 912/912/912 916/916/916 917/917/917
f 913/913/913 914/914/914 918/918/918
f 914/914/914 915/915/915 918/918/918
f 915/915/915 916/916/916 918/918/918
f 916/916/916 917/917/917 918/918/918
f 919/919/919 924/924/924 920/920/920
f 920/920/920 924/924/924 925/925/925
f 920/920/920 925/925/925 921/921/921
f 921/921/921 925/925/925 926/926/926
f 921/921/921 926/926/926 922/922/922
f 922/922/922 926/926/926 927/927/927
f 922/922/922 927/927/927 923/923/923
f 923/923/923 927/927/927 928/928/928
f 924/924/924 929/929/929 925/925/925
f 925/925/925 929/929/929 930/930/930
f 925/925/925 930/930/930 926/926/926
f 926/926/926 930/930/930 931/931/931
f 926/926/926 931/931/931 927/927/927
f 927/927/927 931/931/931 932/932/932
f 927/927/927 932/932/932 928/928/928
f 928/928/928 932/932/932 933/933/933
f 929/929/929 934/934/934 930/930/930
f 930/930/930 934/934/934 935/935/935
f 930/930/930 935/935/935 931/931/931
f 931/931/931 935/935/935 936/936/936
f 931/931/931 936/936/936 932/932/932
f 932/932/932 936/936/936 937/937/937
f 932/932/932 937/937/937 933/933/933
f 933/933/933 937/937/937 938/938/938
f 934/934/934 939/939/939 935/935/935
f 935/935/935 939/939/939 940/940/940
f 935/935/935 940/940/940 936/936/936
f 936/936/936 940/940/940 941/941/941
f 936/936/936 941/941/941 937/937/937
f 937/937/937 941/941/941 942/942/942
f 937/937/937 942/942/942 938/938/938
f 938/938/938 942/942/942 943/943/943
f 939/939/939 940/940/940 944/944/944
f 940/940/940 941/941/941 944/944/944
f 941/941/941 942/942/942 944/944/944
f 942/942/942 943/943/943 944/944/944
f 945/945/945 950/950/950 946/946/946
f 946/946/946 950/950/950 951/951/951
f 946/946/946 951/951/951 947/947/947
f 947/947/947 951/951/951 952/952/952
f 947/947/947 952/952/952 948/948/948
f 948/948/948 952/952/952 953/953/953
f 948/948/948 953/953/953 949/949/949
f 949/949/949 953/953/953 954/954/954
f 950/950/950 955/955/955 951/951/951
f 951/951/951 955/955/955 956/956/956
f 951/951/951 956/956/956 952/952/952
f 952/952/952 956/956/956 957/957/957
f 952/952/952 957/957/957 953/953/953
f 953/953/953 957/957/957 958/958/958
f 953/953/953 958/958/958 954/954/954
f 954/954/954 958/958/958 959/959/959
f 955/955/955 960/960/960 956/956/956
f 956/956/956 960/960/960 961/961/961
f 956/956/956 961/961/961 957/957/957
f 957/957/957 961/961/961 962/962/962
f 957/957/957 962/962/962 958/958/958
f 958/958/958 962/962/962 963/963/963
f 958/958/958 963/963/963 959/959/959
f 959/959/959 963/963/963 964/964/964
f 960/960/960 965/965/965 961/961/961
f 961/961/961 965/965/965 966/966/966
f 961/961/961 966/966/966 962/962/962
f 962/962/962 966/966/966 967/967/967
f 962/962/962 967/967/967 963/963/963
f 963/963/963 967/967/967 968/968/968
f 963/963/963 968/968/968 964/964/964
f 964/964/964 968/968/968 969/969/969
f 965/965/965 966/966/966 970/970/970
f 966/966/966 967/967/967 970/970/970
f 967/967/967 968/968/968 970/970/970
f 968/968/968 969/969/969 970/970/970
f 971/971/971 976/976/976 972/972/972
f 972/972/972 976/976/976 977/977/977
f 972/972/972 977/977/977 973/973/973
f 973/973/973 977/977/977 978/978/978
f 973/973/973 978/978/978 974/974/974
f 974/974/974 978/978/978 979/979/979
f 974/974/974 979/979/979 975/975/975
f 975/975/975 979/979/979 980/980/980
f 976/976/976 981/981/981 977/977/977
f 977/977/977 981/981/981 982/982/982
f 977/977/977 982/982/982 978/978/978
f 978/978/978 982/982/982 983/983/983
f 978/978/978 983/983/983 979/979/979
f 979/979/979 983/983/983 984/984/984
f 979/979/979 984/984/984 980/980/980
f 980/980/980 984/984/984 985/985/985
f 981/981/981 986/986/986 982/982/982
f 982/982/982 986/986/986 987/987/987
f 982/982/982 987/987/987 983/983/983
f 983/983/983 987/987/987 988/988/988
f 983/983/983 988/988/988 984/984/984
f 984/984/984 988/988/988 989/989/989
f 984/984/984 989/989/989 985/985/985
f 985/985/985 989/989/989 990/990/990
f 986/986/986 991/991/991 987/987/987
f 987/987/987 991/991/991 992/992/992
f 987/987/987 992/992/992 988/988/988
f 988/988/988 992/992/992 993/993/993
f 988/988/988 993/993/993 989/989/989
f 989/989/989 993/993/993 994/994/994
f 989/989/989 994/994/994 990/990/990
f 990/990/990 994/994/994 995/995/995
f 991/991/991 992/992/992 996/996/996
f 992/992/992 993/993/993 996/996/996
f 993/993/993 994/994/994 996/996/996
f 994/994/994 995/995/995 996/996/996
f 997/997/997 1002/1002/1002 998/998/998
f 998/998/998 1002/1002/1002 1003/1003/1003
f 998/998/998 1003/1003/1003 999/999/999
f 999/999/999 1003/1003/1003 1004/1004/1004
f 999/999/999 1004/1004/1004 1000/1000/1000
f 1000/1000/1000 1004/1004/1004 1005/1005/1005
f 1000/1000/1000 1005/1005/1005 1001/1001/1001
f 1001/1001/1001 1005/1005/1005 1006/1006/1006
f 1002/1002/1002 1007/1007/1007 1003/1003/1003
f 1003/1003/1003 1007/1007/1007 1008/1008/1008
f 1003/1003/1003 1008/1008/1008 1004/1004/1004
f 1004/1004/1004 1008/1008/1008 1009/1009/1009
f 1004/1004/1004 1009/1009/1009 1005/1005/1005
f 1005/1005/1005 1009/1009/1009 1010/1010/1010
f 1005/1005/1005 1010/1010/1010 1006/1006/1006
f 1006/1006/1006 1010/1010/1010 1011/1011/1011
f 1007/1007/1007 1012/1012/1012 1008/1008/1008
f 1008/1008/1008 1012/1012/1012 1013/1013/1013
f 1008/1008/1008 1013/1013/1013 1009/1009/1009
f 1009/1009/1009 1013/1013/1013 1014/1014/1014
f 1009/1009/1009 1014/1014/1014 1010/1010/1010
f 1010/1010/1010 1014/1014/1014 1015/1015/1015
f 1010/1010/1010 1015/1015/1015 1011/1011/1011
f 1011/1011/1011 1015/1015/1015 1016/1016/1016
f 1012/1012/1012 1017/1017/1017 1013/1013/1013
f 1013/1013/1013 1017/1017/1017 1018/1018/1018
f 1013/1013/1013 1018/1018/1018 1014/1014/1014
f 1014/1014/1014 1018/1018/1018 1019/1019/1019
f 1014/1014/1014 1019/1019/1019 1015/1015/1015
f 1015/1015/1015 1019/1019/1019 1020/1020/1020
f 1015/1015/1015 1020/1020/1020 1016/1016/1016
f 1016/1016/1016 1020/1020/1020 1021/1021/1021
f 1017/1017/1017 1022/1022/1022 1018/1018/1018
f 1018/1018/1018 1022/1022/1022 1023/1023/1023
f 1018/1018/1018 1023/1023/1023 1019/1019/1019
f 1019/1019/1019 1023/1023/1023 1024/1024/1024
f 1019/1019/1019 1024/1024/1024 1020/1020/1020
f 1020/1020/1020 1024/1024/1024 1025/1025/1025
f 1020/1020/1020 1025/1025/1025 1021/1021/1021
f 1021/1021/1021 1025/1025/1025 1026/1026/1026
f 1022/1022/1022 1027/1027/1027 1023/1023/1023
f 1023/1023/1023 1027/1027/1027 1028/1028/1028
f 1023/1023/1023 1028/1028/1028 1024/1024/1024
f 1024/1024/1024 1028/1028/1028 1029/1029/1029
f 1024/1024/1024 1029/1029/1029 1025/1025/1025
f 1025/1025/1025 1029/1029/1029 1030/1030/1030
f 1025/1025/1025 1030/1030/1030 1026/1026/1026
f 1026/1026/1026 1030/1030/1030 1031/1031/1031
f 1027/1027/1027 1032/1032/1032 1028/1028/1028
f 1028/1028/1028 1032/1032/1032 1033/1033/1033
f 1028/1028/1028 1033/1033/1033 1029/1029/1029
f 1029/1029/1029 1033/1033/1033 1034/1034/1034
f 1029/1029/1029 1034/1034/1034 1030/1030/1030
f 1030/1030/1030 1034/1034/1034 1035/1035/1035
f 1030/1030/1030 1035/1035/1035 1031/1031/1031
f 1031/1031/1031 1035/1035/1035 1036/1036/1036
f 1032/1032/1032 1037/1037/1037 1033/1033/1033
f 1033/1033/1033 1037/1037/1037 1038/1038/1038
f 1033/1033/1033 1038/1038/1038 1034/1034/1034
f 1034/1034/1034 1038/1038/1038 1039/1039/1039
f 1034/1034/1034 1039/1039/1039 1035/1035/1035
f 1035/1035/1035 1039/1039/1039 1040/1040/1040
f 1035/1035/1035 1040/1040/1040 1036/1036/1036
f 1036/1036/1036 1040/1040/1040 1041/1041/1041
f 1037/1037/1037 1038/1038/1038 1042/1042/1042
f 1038/1038/1038 1039/1039/1039 1042/1042/1042
f 1039/1039/1039 1040/1040/1040 1042/1042/1042
f 1040/1040/1040 1041/1041/1041 1042/1042/1042
f 1043/1043/1043 1048/1048/1048 1044/1044/1044
f 1044/1044/1044 1048/1048/1048 1049/1049/1049
f 1044/1044/1044 1049/1049/1049 1045/1045/1045
f 1045/1045/1045 1049/1049/1049 1050/1050/1050
f 1045/1045/1045 1050/1050/1050 1046/1046/1046
f 1046/1046/1046 1050/1050/1050 1051/1051/1051
f 1046/1046/1046 1051/1051/1051 1047/1047/1047
f 1047/1047/1047 1051/1051/1051 1052/1052/1052
f 1048/1048/1048 1053/1053/1053 1049/1049/1049
f 1049/1049/1049 1053/1053/1053 1054/1054/1054
f 1049/1049/1049 1054/1054/1054 1050/1050/1050
f 1050/1050/1050 1054/1054/1054 1055/1055/1055
f 1050/1050/1050 1055/1055/1055 1051/1051/1051
f 1051/1051/1051 1055/1055/1055 1056/1056/1056
f 1051/1051/1051 1056/1056/1056 1052/1052/1052
f 1052/1052/1052 1056/1056/1056 1057/1057/1057
f 1053/1053/1053 1058/1058/1058 1054/1054/1054
f 1054/1054/1054 1058/1058/1058 1059/1059/1059
f 1054/1054/1054 1059/1059/1059 1055/1055/1055
f 1055/1055/1055 1059/1059/1059 1060/1060/1060
f 1055/1055/1055 1060/1060/1060 1056/1056/1056
f 1056/1056/1056 1060/1060/1060 1061/1061/1061
f 1056/1056/1056 1061/1061/1061 1057/1057/1057
f 1057/1057/1057 1061/1061/1061 1062/1062/1062
f 1058/1058/1058 1063/1063/1063 1059/1059/1059
f 1059/1059/1059 1063/1063/1063 1064/1064/1064
f 1059/1059/1059 1064/1064/1064 1060/1060/1060
f 1060/1060/1060 1064/1064/1064 1065/1065/1065
f 1060/1060/1060 1065/1065/1065 1061/1061/1061
f 1061/1061/1061 1065/1065/1065 1066/1066/1066
f 1061/1061/1061 1066/1066/1066 1062/1062/1062
f 1062/1062/1062 1066/1066/1066 1067/1067/1067
f 1063/1063/1063 1064/1064/1064 1068/1068/1068
f 1064/1064/1064 1065/1065/1065 1068/1068/1068
f 1065/1065/1065 1066/1066/1066 1068/1068/1068
f 1066/1066/1066 1067/1067/1067 1068/1068/1068
f 1069/1069/1069 1074/1074/1074 1070/1070/1070
f 1070/1070/1070 1074/1074/1074 1075/1075/1075
f 1070/1070/1070 1075/1075/1075 1071/1071/1071
f 1071/1071/1071 1075/1075/1075 1076/1076/1076
f 1071/1071/1071 1076/1076/1076 1072/1072/1072
f 1072/1072/1072 1076/1076/1076 1077/1077/1077
f 1072/1072/1072 1077/1077/1077 1073/1073/1073
f 1073/1073/1073 1077/1077/1077 1078/1078/1078
f 1074/1074/1074 1079/1079/1079 1075/1075/1075
f 1075/1075/1075 1079/1079/1079 1080/1080/1080
f 1075/1075/1075 1080/1080/1080 1076/1076/1076
f 1076/1076/1076 1080/1080/1080 1081/1081/1081
f 1076/1076/1076 1081/1081/1081 1077/1077/1077
f 1077/1077/1077 1081/1081/1081 1082/1082/1082
f 1077/1077/1077 1082/1082/1082 1078/1078/1078
f 1078/1078/1078 1082/1082/1082 1083/1083/1083
f 1079/1079/1079 1084/1084/1084 1080/1080/1080
f 1080/1080/1080 1084/1084/1084 1085/1085/1085
f 1080/1080/1080 1085/1085/1085 1081/1081/1081
f 1081/1081/1081 1085/1085/1085 1086/1086/1086
f 1081/1081/1081 1086/1086/1086 1082/1082/1082
f 1082/1082/1082 1086/1086/1086 1087/1087/1087
f 1082/1082/1082 1087/1087/1087 1083/1083/1083
f 1083/1083/1083 1087/1087/1087 1088/1088/1088
f 1084/1084/1084 1089/1089/1089 1085/1085/1085
f 1085/1085/1085 1089/1089/1089 1090/1090/1090
f 1085/1085/1085 1090/1090/1090 1086/1086/1086
f 1086/1086/1086 1090/1090/1090 1091/1091/1091
f 1086/1086/1086 1091/1091/1091 1087/1087/1087
f 1087/1087/1087 1091/1091/1091 1092/1092/1092
f 1087/1087/1087 1092/1092/1092 1088/1088/1088
f 1088/1088/1088 1092/1092/1092 1093/1093/1093
f 1089/1089/1089 1090/1090/1090 1094/1094/1094
f 1090/1090/1090 1091/1091/1091 1094/1094/1094
f 1091/1091/1091 1092/1092/1092 1094/1094/1094
f 1092/1092/1092 1093/1093/1093 1094/1094/1094
f 1095/1095/1095 1100/1100/1100 1096/1096/1096
f 1096/1096/1096 1100/1100/1100 1101/1101/1101
f 1096/1096/1096 1101/1101/1101 1097/1097/1097
f 1097/1097/1097 1101/1101/1101 1102/1102/1102
f 1097/1097/1097 1102/1102/1102 1098/1098/1098
f 1098/1098/1098 1102/1102/1102 1103/1103/1103
f 1098/1098/1098 1103/1103/1103 1099/1099/1099
f 1099/1099/1099 1103/1103/1103 1104/1104/1104
f 1100/1100/1100 1105/1105/1105 1101/1101/1101
f 1101/1101/1101 1105/1105/1105 1106/1106/1106
f 1101/1101/1101 1106/1106/1106 1102/1102/1102
f 1102/1102/1102 1106/1106/1106 1107/1107/1107
f 1102/1102/1102 1107/1107/1107 1103/1103/1103
f 1103/1103/1103 1107/1107/1107 1108/1108/1108
f 1103/1103/1103 1108/1108/1108 1104/1104/1104
f 1104/1104/1104 1108/1108/1108 1109/1109/1109
f 1105/1105/1105 1110/1110/1110 1106/1106/1106
f 1106/1106/1106 1110/1110/1110 1111/1111/1111
f 1106/1106/1106 1111/1111/1111 1107/1107/1107
f 1107/1107/1107 1111/1111/1111 1112/1112/1112
f 1107/1107/1107 1112/1112/1112 1108/1108/1108
f 1108/1108/1108 1112/1112/1112 1113/1113/1113
f 1108/1108/1108 1113/1113/1113 1109/1109/1109
f 1109/1109/1109 1113/1113/1113 1114/1114/1114
f 1110/1110/1110 1115/1115/1115 1111/1111/1111
f 1111/1111/1111 1115/1115/1115 1116/1116/1116
f 1111/1111/1111 1116/1116/1116 1112/1112/1112
f 1112/1112/1112 1116/1116/1116 1117/1117/1117
f 1112/1112/1112 1117/1117/1117 1113/1113/1113
f 1113/1113/1113 1117/1117/1117 1118/1118/1118
f 1113/1113/1113 1118/1118/1118 1114/1114/1114
f 1114/1114/1114 1118/1118/1118 1119/1119/1119
f 1115/1115/1115 1116/1116/1116 1120/1120/1120
f 1116/1116/1116 1117/1117/1117 1120/1120/1120
f 1117/1117/1117 1118/1118/1118 1120/1120/1120
f 1118/1118/1118 1119/1119/1119 1120/1120/1120
f 1121/1121/1121 1126/1126/1126 1122/1122/1122
f 1122/1122/1122 1126/1126/1126 1127/1127/1127
f 1122/1122/1122 1127/1127/1127 1123/1123/1123
f 1123/1123/1123 1127/1127/1127 1128/1128/1128
f 1123/1123/1123 1128/1128/1128 1124/1124/1124
f 1124/1124/1124 1128/1128/1128 1129/1129/1129
f 1124/1124/1124 1129/1129/1129 1125/1125/1125
f 1125/1125/1125 1129/1129/1129 1130/1130/1130
f 1126/1126/1126 1131/1131/1131 1127/1127/1127
f 1127/1127/1127 1131/1131/1131 1132/1132/1132
f 1127/1127/1127 1132/1132/1132 1128/1128/1128
f 1128/1128/1128 1132/1132/1132 1133/1133/1133
f 1128/1128/1128 1133/1133/1133 1129/1129/1129
f 1129/1129/1129 1133/1133/1133 1134/1134/1134
f 1129/1129/1129 1134/1134/1134 1130/1130/1130
f 1130/1130/1130 1134/1134/1134 1135/1135/1135
f 1131/1131/1131 1136/1136/1136 1132/1132/1132
f 1132/1132/1132 1136/1136/1136 1137/1137/1137
f 1132/1132/1132 1137/1137/1137 1133/1133/1133
f 1133/1133/1133 1137/1137/1137 1138/1138/1138
f 1133/1133/1133 1138/1138/1138 1134/1134/1134
f 1134/1134/1134 1138/1138/1138 1139/1139/1139
f 1134/1134/1134 1139/1139/1139 1135/1135/1135
f 1135/1135/1135 1139/1139/1139 1140/1140/1140
f 1136/1136/1136 1141/1141/1141 1137/1137/1137
f 1137/1137/1137 1141/1141/1141 1142/1142/1142
f 1137/1137/1137 1142/1142/1142 1138/1138/1138
f 1138/1138/1138 1142/1142/1142 1143/1143/1143
f 1138/1138/1138 1143/1143/1143 1139/1139/1139
f 1139/1139/1139 1143/1143/1143 1144/1144/1144
f 1139/1139/1139 1144/1144/1144 1140/1140/1140
f 1140/1140/1140 1144/1144/1144 1145/1145/1145
f 1141/1141/1141 1142/1142/1142 1146/1146/1146
f 1142/1142/1142 1143/1143/1143 1146/1146/1146
f 1143/1143/1143 1144/1144/1144 1146/1146/1146
f 1144/1144/1144 1145/1145/1145 1146/1146/1146
f 1147/1147/1147 1152/1152/1152 1148/1148/1148
f 1148/1148/1148 1152/1152/1152 1153/1153/1153
f 1148/1148/1148 1153/1153/1153 1149/1149/1149
f 1149/1149/1149 1153/1153/1153 1154/1154/1154
f 1149/1149/1149 1154/1154/1154 1150/1150/1150
f 1150/1150/1150 1154/1154/1154 1155/1155/1155
f 1150/1150/1150 1155/1155/1155 1151/1151/1151
f 1151/1151/1151 1155/1155/1155 1156/1156/1156
f 1152/1152/1152 1157/1157/1157 1153/1153/1153
f 1153/1153/1153 1157/1157/1157 1158/1158/1158
f 1153/1153/1153 1158/1158/1158 1154/1154/1154
f 1154/1154/1154 1158/1158/1158 1159/1159/1159
f 1154/1154/1154 1159/1159/1159 1155/1155/1155
f 1155/1155/1155 1159/1159/1159 1160/1160/1160
f 1155/1155/1155 1160/1160/1160 1156/1156/1156
f 1156/1156/1156 1160/1160/1160 1161/1161/1161
f 1157/1157/1157 1162/1162/1162 1158/1158/1158
f 1158/1158/1158 1162/1162/1162 1163/1163/1163
f 1158/1158/1158 1163/1163/1163 1159/1159/1159
f 1159/1159/1159 1163/1163/1163 1164/1164/1164
f 1159/1159/1159 1164/1164/1164 1160/1160/1160
f 1160/1160/1160 1164/1164/1164 1165/1165/1165
f 1160/1160/1160 1165/1165/1165 1161/1161/1161
f 1161/1161/1161 1165/1165/1165 1166/1166/1166
f 1162/1162/1162 1167/1167/1167 1163/1163/1163
f 1163/1163/1163 1167/1167/1167 1168/1168/1168
f 1163/1163/1163 1168/1168/1168 1164/1164/1164
f 1164/1164/1164 1168/1168/1168 1169/1169/1169
f 1164/1164/1164 1169/1169/1169 1165/1165/1165
f 1165/1165/1165 1169/1169/1169 1170/1170/1170
f 1165/1165/1165 1170/1170/1170 1166/1166/1166
f 1166/1166/1166 1170/1170/1170 1171/1171/1171
f 1167/1167/1167 1168/1168/1168 1172/1172/1172
f 1168/1168/1168 1169/1169/1169 1172/1172/1172
f 1169/1169/1169 1170/1170/1170 1172/1172/1172
f 1170/1170/1170 1171/1171/1171 1172/1172/1172
f 1173/1173/1173 1178/1178/1178 1174/1174/1174
f 1174/1174/1174 1178/1178/1178 1179/1179/1179
f 1174/1174/1174 1179/1179/1179 1175/1175/1175
f 1175/1175/1175 1179/1179/1179 1180/1180/1180
f 1175/1175/1175 1180/1180/1180 1176/1176/1176
f 1176/1176/1176 1180/1180/1180 1181/1181/1181
f 1176/1176/1176 1181/1181/1181 1177/1177/1177
f 1177/1177/1177 1181/1181/1181 1182/1182/1182
f 1178/1178/1178 1183/1183/1183 1179/1179/1179
f 1179/1179/1179 1183/1183/1183 1184/1184/1184
f 1179/1179/1179 1184/1184/1184 1180/1180/1180
f 1180/1180/1180 1184/1184/1184 1185/1185/1185
f 1180/1180/1180 1185/1185/1185 1181/1181/1181
f 1181/1181/1181 1185/1185/1185 1186/1186/1186
f 1181/1181/1181 1186/1186/1186 1182/1182/1182
f 1182/1182/1182 1186/1186/1186 1187/1187/1187
f 1183/1183/1183 1188/1188/1188 1184/1184/1184
f 1184/1184/1184 1188/1188/1188 1189/1189/1189
f 1184/1184/1184 1189/1189/1189 1185/1185/1185
f 1185/1185/1185 1189/1189/1189 1190/1190/1190
f 1185/1185/1185 1190/1190/1190 1186/1186/1186
f 1186/1186/1186 1190/1190/1190 1191/1191/1191
f 1186/1186/1186 1191/1191/1191 1187/1187/1187
f 1187/1187/1187 1191/1191/1191 1192/1192/1192
f 1188/1188/1188 1193/1193/1193 1189/1189/1189
f 1189/1189/1189 1193/1193/1193 1194/1194/1194
f 1189/1189/1189 1194/1194/1194 1190/1190/1190
f 1190/1190/1190 1194/1194/1194 1195/1195/1195
f 1190/1190/1190 1195/1195/1195 1191/1191/1191
f 1191/1191/1191 1195/1195/1195 1196/1196/1196
f 1191/1191/1191 1196/1196/1196 1192/1192/1192
f 1192/1192/1192 1196/1196/1196 1197/1197/1197
f 1193/1193/1193 1194/1194/1194 1198/1198/1198
f 1194/1194/1194 1195/1195/1195 1198/1198/1198
f 1195/1195/1195 1196/1196/1196 1198/1198/1198
f 1196/1196/1196 1197/1197/1197 1198/1198/1198
f 1199/1199/1199 1204/1204/1204 1200/1200/1200
f 1200/1200/1200 1204/1204/1204 1205/1205/1205
f 1200/1200/1200 1205/1205/1205 1201/1201/1201
f 1201/1201/1201 1205/1205/1205 1206/1206/1206
f 1201/1201/1201 1206/1206/1206 1202/1202/1202
f 1202/1202/1202 1206/1206/1206 1207/1207/1207
f 1202/1202/1202 1207/1207/1207 1203/1203/1203
f 1203/1203/1203 1207/1207/1207 1208/1208/1208
f 1204/1204/1204 1209/1209/1209 1205/1205/1205
f 1205/1205/1205 1209/1209/1209 1210/1210/1210
f 1205/1205/1205 1210/1210/1210 1206/1206/1206
f 1206/1206/1206 1210/1210/1210 1211/1211/1211
f 1206/1206/1206 1211/1211/1211 1207/1207/1207
f 1207/1207/1207 1211/1211/1211 1212/1212/1212
f 1207/1207/1207 1212/1212/1212 1208/1208/1208
f 1208/1208/1208 1212/1212/1212 1213/1213/1213
f 1209/1209/1209 1214/1214/1214 1210/1210/1210
f 1210/1210/1210 1214/1214/1214 1215/1215/1215
f 1210/1210/1210 1215/1215/1215 1211/1211/1211
f 1211/1211/1211 1215/1215/1215 1216/1216/1216
f 1211/1211/1211 1216/1216/1216 1212/1212/1212
f 1212/1212/1212 1216/1216/1216 1217/1217/1217
f 1212/1212/1212 1217/1217/1217 1213/1213/1213
f 1213/1213/1213 1217/1217/1217 1218/1218/1218
f 1214/1214/1214 1219/1219/1219 1215/1215/1215
f 1215/1215/1215 1219/1219/1219 1220/1220/1220
f 1215/1215/1215 1220/1220/1220 1216/1216/1216
f 1216/1216/1216 1220/1220/1220 1221/1221/1221
f 1216/1216/1216 1221/1221/1221 1217/1217/1217
f 1217/1217/1217 1221/1221/1221 1222/1222/1222
f 1217/1217/1217 1222/1222/1222 1218/1218/1218
f 1218/1218/1218 1222/1222/1222 1223/1223/1223
f 1219/1219/1219 1220/1220/1220 1224/1224/1224
f 1220/1220/1220 1221/1221/1221 1224/1224/1224
f 1221/1221/1221 1222/1222/1222 1224/1224/1224
f 1222/1222/1222 1223/1223/1223 1224/1224/1224
f 1225/1225/1225 1230/1230/1230 1226/1226/1226
f 1226/1226/1226 1230/1230/1230 1231/1231/1231
f 1226/1226/1226 1231/1231/1231 1227/1227/1227
f 1227/1227/1227 1231/1231/1231 1232/1232/1232
f 1227/1227/1227 1232/1232/1232 1228/1228/1228
f 1228/1228/1228 1232/1232/1232 1233/1233/1233
f 1228/1228/1228 1233/1233/1233 1229/1229/1229
f 1229/1229/1229 1233/1233/1233 1234/1234/1234
f 1230/1230/1230 1235/1235/1235 1231/1231/1231
f 1231/1231/1231 1235/1235/1235 1236/1236/1236
f 1231/1231/1231 1236/1236/1236 1232/1232/1232
f 1232/1232/1232 1236/1236/1236 1237/1237/1237
f 1232/1232/1232 1237/1237/1237 1233/1233/1233
f 1233/1233/1233 1237/1237/1237 1238/1238/1238
f 1233/1233/1233 1238/1238/1238 1234/1234/1234
f 1234/1234/1234 1238/1238/1238 1239/1239/1239
f 1235/1235/1235 1240/1240/1240 1236/1236/1236
f 1236/1236/1236 1240/1240/1240 1241/1241/1241
f 1236/1236/1236 1241/1241/1241 1237/1237/1237
f 1237/1237/1237 1241/1241/1241 1242/1242/1242
f 1237/1237/1237 1242/1242/1242 1238/1238/1238
f 1238/1238/1238 1242/1242/1242 1243/1243/1243
f 1238/1238/1238 1243/1243/1243 1239/1239/1239
f 1239/1239/1239 1243/1243/1243 1244/1244/1244
f 1240/1240/1240 1245/1245/1245 1241/1241/1241
f 1241/1241/1241 1245/1245/1245 1246/1246/1246
f 1241/1241/1241 1246/1246/1246 1242/1242/1242
f 1242/1242/1242 1246/1246/1246 1247/1247/1247
f 1242/1242/1242 1247/1247/1247 1243/1243/1243
f 1243/1243/1243 1247/1247/1247 1248/1248/1248
f 1243/1243/1243 1248/1248/1248 1244/1244/1244
f 1244/1244/1244 1248/1248/1248 1249/1249/1249
f 1245/1245/1245 1246/1246/1246 1250/1250/1250
f 1246/1246/1246 1247/1247/1247 1250/1250/1250
f 1247/1247/1247 1248/1248/1248 1250/1250/1250
f 1248/1248/1248 1249/1249/1249 1250/1250/1250
f 1251/1251/1251 1256/1256/1256 1252/1252/1252
f 1252/1252/1252 1256/1256/1256 1257/1257/1257
f 1252/1252/1252 1257/1257/1257 1253/1253/1253
f 1253/1253/1253 1257/1257/1257 1258/1258/1258
f 1253/1253/1253 1258/1258/1258 1254/1254/1254
f 1254/1254/1254 1258/1258/1258 1259/1259/1259
f 1254/1254/1254 1259/1259/1259 1255/1255/1255
f 1255/1255/1255 1259/1259/1259 1260/1260/1260
f 1256/1256/1256 1261/1261/1261 1257/1257/1257
f 1257/1257/1257 1261/1261/1261 1262/1262/1262
f 1257/1257/1257 1262/1262/1262 1258/1258/1258
f 1258/1258/1258 1262/1262/1262 1263/1263/1263
f 1258/1258/1258 1263/1263/1263 1259/1259/1259
f 1259/1259/1259 1263/1263/1263 1264/1264/1264
f 1259/1259/1259 1264/1264/1264 1260/1260/1260
f 1260/1260/1260 1264/1264/1264 1265/1265/1265
f 1261/1261/1261 1266/1266/1266 1262/1262/1262
f 1262/1262/1262 1266/1266/1266 1267/1267/1267
f 1262/1262/1262 1267/1267/1267 1263/1263/1263
f 1263/1263/1263 1267/1267/1267 1268/1268/1268
f 1263/1263/1263 1268/1268/1268 1264/1264/1264
f 1264/1264/1264 1268/1268/1268 1269/1269/1269
f 1264/1264/1264 1269/1269/1269 1265/1265/1265
f 1265/1265/1265 1269/1269/1269 1270/1270/1270
f 1266/1266/1266 1271/1271/1271 1267/1267/1267
f 1267/1267/1267 1271/1271/1271 1272/1272/1272
f 1267/1267/1267 1272/1272/1272 1268/1268/1268
f 1268/1268/1268 1272/1272/1272 1273/1273/1273
f 1268/1268/1268 1273/1273/1273 1269/1269/1269
f 1269/1269/1269 1273/1273/1273 1274/1274/1274
f 1269/1269/1269 1274/1274/1274 1270/1270/1270
f 1270/1270/1270 1274/1274/1274 1275/1275/1275
f 1271/1271/1271 1276/1276/1276 1272/1272/1272
f 1272/1272/1272 1276/1276/1276 1277/1277/1277
f 1272/1272/1272 1277/1277/1277 1273/1273/1273
f 1273/1273/1273 1277/1277/1277 1278/1278/1278
f 1273/1273/1273 1278/1278/1278 1274/1274/1274
f 1274/1274/1274 1278/1278/1278 1279/1279/1279
f 1274/1274/1274 1279/1279/1279 1275/1275/1275
f 1275/1275/1275 1279/1279/1279 1280/1280/1280
f 1276/1276/1276 1281/1281/1281 1277/1277/1277
f 1277/1277/1277 1281/1281/1281 1282/1282/1282
f 1277/1277/1277 1282/1282/1282 1278/1278/1278
f 1278/1278/1278 1282/1282/1282 1283/1283/1283
f 1278/1278/1278 1283/1283/1283 1279/1279/1279
f 1279/1279/1279 1283/1283/1283 1284/1284/1284
f 1279/1279/1279 1284/1284/1284 1280/1280/1280
f 1280/1280/1280 1284/1284/1284 1285/1285/1285
f 1281/1281/1281 1286/1286/1286 1282/1282/1282
f 1282/1282/1282 1286/1286/1286 1287/1287/1287
f 1282/1282/1282 1287/1287/1287 1283/1283/1283
f 1283/1283/1283 1287/1287/1287 1288/1288/1288
f 1283/1283/1283 1288/1288/1288 1284/1284/1284
f 1284/1284/1284 1288/1288/1288 1289/1289/1289
f 1284/1284/1284 1289/1289/1289 1285/1285/1285
f 1285/1285/1285 1289/1289/1289 1290/1290/1290
f 1286/1286/1286 1287/1287/1287 1291/1291/1291
f 1287/1287/1287 1288/1288/1288 1291/1291/1291
f 1288/1288/1288 1289/1289/1289 1291/1291/1291
f 1289/1289/1289 1290/1290/1290 1291/1291/1291
f 1292/1292/1292 1297/1297/1297 1293/1293/1293
f 1293/1293/1293 1297/1297/1297 1298/1298/1298
f 1293/1293/1293 1298/1298/1298 1294/1294/1294
f 1294/1294/1294 1298/1298/1298 1299/1299/1299
f 1294/1294/1294 1299/1299/1299 1295/1295/1295
f 1295/1295/1295 1299/1299/1299 1300/1300/1300
f 1295/1295/1295 1300/1300/1300 1296/1296/1296
f 1296/1296/1296 1300/1300/1300 1301/1301/1301
f 1297/1297/1297 1302/1302/1302 1298/1298/1298
f 1298/1298/1298 1302/1302/1302 1303/1303/1303
f 1298/1298/1298 1303/1303/1303 1299/1299/1299
f 1299/1299/1299 1303/1303/1303 1304/1304/1304
f 1299/1299/1299 1304/1304/1304 1300/1300/1300
f 1300/1300/1300 1304/1304/1304 1305/1305/1305
f 1300/1300/1300 1305/1305/1305 1301/1301/1301
f 1301/1301/1301 1305/1305/1305 1306/1306/1306
f 1302/1302/1302 1307/1307/1307 1303/1303/1303
f 1303/1303/1303 1307/1307/1307 1308/1308/1308
f 1303/1303/1303 1308/1308/1308 1304/1304/1304
f 1304/1304/1304 1308/1308/1308 1309/1309/1309
f 1304/1304/1304 1309/1309/1309 1305/1305/1305
f 1305/1305/1305 1309/1309/1309 1310/1310/1310
f 1305/1305/1305 1310/1310/1310 1306/1306/1306
f 1306/1306/1306 1310/1310/1310 1311/1311/1311
f 1307/1307/1307 1312/1312/1312 1308/1308/1308
f 1308/1308/1308 1312/1312/1312 1313/1313/1313
f 1308/1308/1308 1313/1313/1313 1309/1309/1309
f 1309/1309/1309 1313/1313/1313 1314/1314/1314
f 1309/1309/1309 1314/1314/1314 1310/1310/1310
f 1310/1310/1310 1314/1314/1314 1315/1315/1315
f 1310/1310/1310 1315/1315/1315 1311/1311/1311
f 1311/1311/1311 1315/1315/1315 1316/1316/1316
f 1312/1312/1312 1313/1313/1313 1317/1317/1317
f 1313/1313/1313 1314/1314/1314 1317/1317/1317
f 1314/1314/1314 1315/1315/1315 1317/1317/1317
f 1315/1315/1315 1316/1316/1316 1317/1317/1317
f 1318/1318/1318 1323/1323/1323 1319/1319/1319
f 1319/1319/1319 1323/1323/1323 1324/1324/1324
f 1319/1319/1319 1324/1324/1324 1320/1320/1320
f 1320/1320/1320 1324/1324/1324 1325/1325/1325
f 1320/1320/1320 1325/1325/1325 1321/1321/1321
f 1321/1321/1321 1325/1325/1325 1326/1326/1326
f 1321/1321/1321 1326/1326/1326 1322/1322/1322
f 1322/1322/1322 1326/1326/1326 1327/1327/1327
f 1323/1323/1323 1328/1328/1328 1324/1324/1324
f 1324/1324/1324 1328/1328/1328 1329/1329/1329
f 1324/1324/1324 1329/1329/1329 1325/1325/1325
f 1325/1325/1325 1329/1329/1329 1330/1330/1330
f 1325/1325/1325 1330/1330/1330 1326/1326/1326
f 1326/1326/1326 1330/1330/1330 1331/1331/1331
f 1326/1326/1326 1331/1331/1331 1327/1327/1327
f 1327/1327/1327 1331/1331/1331 1332/1332/1332
f 1328/1328/1328 1333/1333/1333 1329/1329/1329
f 1329/1329/1329 1333/1333/1333 1334/1334/1334
f 1329/1329/1329 1334/1334/1334 1330/1330/1330
f 1330/1330/1330 1334/1334/1334 1335/1335/1335
f 1330/1330/1330 1335/1335/1335 1331/1331/1331
f 1331/1331/1331 1335/1335/1335 1336/1336/1336
f 1331/1331/1331 1336/1336/1336 1332/1332/1332
f 1332/1332/1332 1336/1336/1336 1337/1337/1337
f 1333/1333/1333 1338/1338/1338 1334/1334/1334
f 1334/1334/1334 1338/1338/1338 1339/1339/1339
f 1334/1334/1334 1339/1339/1339 1335/1335/1335
f 1335/1335/1335 1339/1339/1339 1340/1340/1340
f 1335/1335/1335 1340/1340/1340 1336/1336/1336
f 1336/1336/1336 1340/1340/1340 1341/1341/1341
f 1336/1336/1336 1341/1341/1341 1337/1337/1337
f 1337/1337/1337 1341/1341/1341 1342/1342/1342
f 1338/1338/1338 1339/1339/1339 1343/1343/1343
f 1339/1339/1339 1340/1340/1340 1343/1343/1343
f 1340/1340/1340 1341/1341/1341 1343/1343/1343
f 1341/1341/1341 1342/1342/1342 1343/1343/1343
f 1344/1344/1344 1349/1349/1349 1345/1345/1345
f 1345/1345/1345 1349/1349/1349 1350/1350/1350
f 1345/1345/1345 1350/1350/1350 1346/1346/1346
f 1346/1346/1346 1350/1350/1350 1351/1351/1351
f 1346/1346/1346 1351/1351/1351 1347/1347/1347
f 1347/1347/1347 1351/1351/1351 1352/1352/1352
f 1347/1347/1347 1352/1352/1352 1348/1348/1348
f 1348/1348/1348 1352/1352/1352 1353/1353/1353
f 1349/1349/1349 1354/1354/1354 1350/1350/1350
f 1350/1350/1350 1354/1354/1354 1355/1355/1355
f 1350/1350/1350 1355/1355/1355 1351/1351/1351
f 1351/1351/1351 1355/1355/1355 1356/1356/1356
f 1351/1351/1351 1356/1356/1356 1352/1352/1352
f 1352/1352/1352 1356/1356/1356 1357/1357/1357
f 1352/1352/1352 1357/1357/1357 1353/1353/1353
f 1353/1353/1353 1357/1357/1357 1358/1358/1358
f 1354/1354/1354 1359/1359/1359 1355/1355/1355
f 1355/1355/1355 1359/1359/1359 1360/1360/1360
f 1355/1355/1355 1360/1360/1360 1356/1356/1356
f 1356/1356/1356 1360/1360/1360 1361/1361/1361
f 1356/1356/1356 1361/1361/1361 1357/1357/1357
f 1357/1357/1357 1361/1361/1361 1362/1362/1362
f 1357/1357/1357 1362/1362/1362 1358/1358/1358
f 1358/1358/1358 1362/1362/1362 1363/1363/1363
f 1359/1359/1359 1364/1364/1364 1360/1360/1360
f 1360/1360/1360 1364/1364/1364 1365/1365/1365
f 1360/1360/1360 1365/1365/1365 1361/1361/1361
f 1361/1361/1361 1365/1365/1365 1366/1366/1366
f 1361/1361/1361 1366/1366/1366 1362/1362/1362
f 1362/1362/1362 1366/1366/1366 1367/1367/1367
f 1362/1362/1362 1367/1367/1367 1363/1363/1363
f 1363/1363/1363 1367/1367/1367 1368/1368/1368
f 1364/1364/1364 1365/1365/1365 1369/1369/1369
f 1365/1365/1365 1366/1366/1366 1369/1369/1369
f 1366/1366/1366 1367/1367/1367 1369/1369/1369
f 1367/1367/1367 1368/1368/1368 1369/1369/1369
f 1370/1370/1370 1375/1375/1375 1371/1371/1371
f 1371/1371/1371 1375/1375/1375 1376/1376/1376
f 1371/1371/1371 1376/1376/1376 1372/1372/1372
f 1372/1372/1372 1376/1376/1376 1377/1377/1377
f 1372/1372/1372 1377/1377/1377 1373/1373/1373
f 1373/1373/1373 1377/1377/1377 1378/1378/1378
f 1373/1373/1373 1378/1378/1378 1374/1374/1374
f 1374/1374/1374 1378/1378/1378 1379/1379/1379
f 1375/1375/1375 1380/1380/1380 1376/1376/1376
f 1376/1376/1376 1380/1380/1380 1381/1381/1381
f 1376/1376/1376 1381/1381/1381 1377/1377/1377
f 1377/1377/1377 1381/1381/1381 1382/1382/1382
f 1377/1377/1377 1382/1382/1382 1378/1378/1378
f 1378/1378/1378 1382/1382/1382 1383/1383/1383
f 1378/1378/1378 1383/1383/1383 1379/1379/1379
f 1379/1379/1379 1383/1383/1383 1384/1384/1384
f 1380/1380/1380 1385/1385/1385 1381/1381/1381
f 1381/1381/1381 1385/1385/1385 1386/1386/1386
f 1381/1381/1381 1386/1386/1386 1382/1382/1382
f 1382/1382/1382 1386/1386/1386 1387/1387/1387
f 1382/1382/1382 1387/1387/1387 1383/1383/1383
f 1383/1383/1383 1387/1387/1387 1388/1388/1388
f 1383/1383/1383 1388/1388/1388 1384/1384/1384
f 1384/1384/1384 1388/1388/1388 1389/1389/1389
f 1385/1385/1385 1390/1390/1390 1386/1386/1386
f 1386/1386/1386 1390/1390/1390 1391/1391/1391
f 1386/1386/1386 1391/1391/1391 1387/1387/1387
f 1387/1387/1387 1391/1391/1391 1392/1392/1392
f 1387/1387/1387 1392/1392/1392 1388/1388/1388
f 1388/1388/1388 1392/1392/1392 1393/1393/1393
f 1388/1388/1388 1393/1393/1393 1389/1389/1389
f 1389/1389/1389 1393/1393/1393 1394/1394/1394
f 1390/1390/1390 1391/1391/1391 1395/1395/1395
f 1391/1391/1391 1392/1392/1392 1395/1395/1395
f 1392/1392/1392 1393/1393/1393 1395/1395/1395
f 1393/1393/1393 1394/1394/1394 1395/1395/1395
f 1396/1396/1396 1401/1401/1401 1397/1397/1397
f 1397/1397/1397 1401/1401/1401 1402/1402/1402
f 1397/1397/1397 1402/1402/1402 1398/1398/1398
f 1398/1398/1398 1402/1402/1402 1403/1403/1403
f 1398/1398/1398 1403/1403/1403 1399/1399/1399
f 1399/1399/1399 1403/1403/1403 1404/1404/1404
f 1399/1399/1399 1404/1404/1404 1400/1400/1400
f 1400/1400/1400 1404/1404/1404 1405/1405/1405
f 1401/1401/1401 1406/1406/1406 1402/1402/1402
f 1402/1402/1402 1406/1406/1406 1407/1407/1407
f 1402/1402/1402 1407/1407/1407 1403/1403/1403
f 1403/1403/1403 1407/1407/1407 1408/1408/1408
f 1403/1403/1403 1408/1408/1408 1404/1404/1404
f 1404/1404/1404 1408/1408/1408 1409/1409/1409
f 1404/1404/1404 1409/1409/1409 1405/1405/1405
f 1405/1405/1405 1409/1409/1409 1410/1410/1410
f 1406/1406/1406 1411/1411/1411 1407/1407/1407
f 1407/1407/1407 1411/1411/1411 1412/1412/1412
f 1407/1407/1407 1412/1412/1412 1408/1408/1408
f 1408/1408/1408 1412/1412/1412 1413/1413/1413
f 1408/1408/1408 1413/1413/1413 1409/1409/1409
f 1409/1409/1409 1413/1413/1413 1414/1414/1414
f 1409/1409/1409 1414/1414/1414 1410/1410/1410
f 1410/1410/1410 1414/1414/1414 1415/1415/1415
f 1411/1411/1411 1416/1416/1416 1412/1412/1412
f 1412/1412/1412 1416/1416/1416 1417/1417/1417
f 1412/1412/1412 1417/1417/1417 1413/1413/1413
f 1413/1413/1413 1417/1417/1417 1418/1418/1418
f 1413/1413/1413 1418/1418/1418 1414/1414/1414
f 1414/1414/1414 1418/1418/1418 1419/1419/1419
f 1414/1414/1414 1419/1419/1419 1415/1415/1415
f 1415/1415/1415 1419/1419/1419 1420/1420/1420
f 1416/1416/1416 1417/1417/1417 1421/1421/1421
f 1417/1417/1417 1418/1418/1418 1421/1421/1421
f 1418/1418/1418 1419/1419/1419 1421/1421/1421
f 1419/1419/1419 1420/1420/1420 1421/1421/1421
f 1422/1422/1422 1427/1427/1427 1423/1423/1423
f 1423/1423/1423 1427/1427/1427 1428/1428/1428
f 1423/1423/1423 1428/1428/1428 1424/1424/1424
f 1424/1424/1424 1428/1428/1428 1429/1429/1429
f 1424/1424/1424 1429/1429/1429 1425/1425/1425
f 1425/1425/1425 1429/1429/1429 1430/1430/1430
f 1425/1425/1425 1430/1430/1430 1426/1426/1426
f 1426/1426/1426 1430/1430/1430 1431/1431/1431
f 1427/1427/1427 1432/1432/1432 1428/1428/1428
f 1428/1428/1428 1432/1432/1432 1433/1433/1433
f 1428/1428/1428 1433/1433/1433 1429/1429/1429
f 1429/1429/1429 1433/1433/1433 1434/1434/1434
f 1429/1429/1429 1434/1434/1434 1430/1430/1430
f 1430/1430/1430 1434/1434/1434 1435/1435/1435
f 1430/1430/1430 1435/1435/1435 1431/1431/1431
f 1431/1431/1431 1435/1435/1435 1436/1436/1436
f 1432/1432/1432 1437/1437/1437 1433/1433/1433
f 1433/1433/1433 1437/1437/1437 1438/1438/1438
f 1433/1433/1433 1438/1438/1438 1434/1434/1434
f 1434/1434/1434 1438/1438/1438 1439/1439/1439
f 1434/1434/1434 1439/1439/1439 1435/1435/1435
f 1435/1435/1435 1439/1439/1439 1440/1440/1440
f 1435/1435/1435 1440/1440/1440 1436/1436/1436
f 1436/1436/1436 1440/1440/1440 1441/1441/1441
f 1437/1437/1437 1442/1442/1442 1438/1438/1438
f 1438/1438/1438 1442/1442/1442 1443/1443/1443
f 1438/1438/1438 1443/1443/1443 1439/1439/1439
f 1439/1439/1439 1443/1443/1443 1444/1444/1444
f 1439/1439/1439 1444/1444/1444 1440/1440/1440
f 1440/1440/1440 1444/1444/1444 1445/1445/1445
f 1440/1440/1440 1445/1445/1445 1441/1441/1441
f 1441/1441/1441 1445/1445/1445 1446/1446/1446
f 1442/1442/1442 1443/1443/1443 1447/1447/1447
f 1443/1443/1443 1444/1444/1444 1447/1447/1447
f 1444/1444/1444 1445/1445/1445 1447/1447/1447
f 1445/1445/1445 1446/1446/1446 1447/1447/1447
f 1448/1448/1448 1453/1453/1453 1449/1449/1449
f 1449/1449/1449 1453/1453/1453 1454/1454/1454
f 1449/1449/1449 1454/1454/1454 1450/1450/1450
f 1450/1450/1450 1454/1454/1454 1455/1455/1455
f 1450/1450/1450 1455/1455/1455 1451/1451/1451
f 1451/1451/1451 1455/1455/1455 1456/1456/1456
f 1451/1451/1451 1456/1456/1456 1452/1452/1452
f 1452/1452/1452 1456/1456/1456 1457/1457/1457
f 1453/1453/1453 1458/1458/1458 1454/1454/1454
f 1454/1454/1454 1458/1458/1458 1459/1459/1459
f 1454/1454/1454 1459/1459/1459 1455/1455/1455
f 1455/1455/1455 1459/1459/1459 1460/1460/1460
f 1455/1455/1455 1460/1460/1460 1456/1456/1456
f 1456/1456/1456 1460/1460/1460 1461/1461/1461
f 1456/1456/1456 1461/1461/1461 1457/1457/1457
f 1457/1457/1457 1461/1461/1461 1462/1462/1462
f 1458/1458/1458 1463/1463/1463 1459/1459/1459
f 1459/1459/1459 1463/1463/1463 1464/1464/1464
f 1459/1459/1459 1464/1464/1464 1460/1460/1460
f 1460/1460/1460 1464/1464/1464 1465/1465/1465
f 1460/1460/1460 1465/1465/1465 1461/1461/1461
f 1461/1461/1461 1465/1465/1465 1466/1466/1466
f 1461/1461/1461 1466/1466/1466 1462/1462/1462
f 1462/1462/1462 1466/1466/1466 1467/1467/1467
f 1463/1463/1463 1468/1468/1468 1464/1464/1464
f 1464/1464/1464 1468/1468/1468 1469/1469/1469
f 1464/1464/1464 1469/1469/1469 1465/1465/1465
f 1465/1465/1465 1469/1469/1469 1470/1470/1470
f 1465/1465/1465 1470/1470/1470 1466/1466/1466
f 1466/1466/1466 1470/1470/1470 1471/1471/1471
f 1466/1466/1466 1471/1471/1471 1467/1467/1467
f 1467/1467/1467 1471/1471/1471 1472/1472/1472
f 1468/1468/1468 1469/1469/1469 1473/1473/1473
f 1469/1469/1469 1470/1470/1470 1473/1473/1473
f 1470/1470/1470 1471/1471/1471 1473/1473/1473
f 1471/1471/1471 1472/1472/1472 1473/1473/1473
f 1474/1474/1474 1479/1479/1479 1475/1475/1475
f 1475/1475/1475 1479/1479/1479 1480/1480/1480
f 1475/1475/1475 1480/1480/1480 1476/1476/1476
f 1476/1476/1476 1480/1480/1480 1481/1481/1481
f 1476/1476/1476 1481/1481/1481 1477/1477/1477
f 1477/1477/1477 1481/1481/1481 1482/1482/1482
f 1477/1477/1477 1482/1482/1482 1478/1478/1478
f 1478/1478/1478 1482/1482/1482 1483/1483/1483
f 1479/1479/1479 1484/1484/1484 1480/1480/1480
f 1480/1480/1480 1484/1484/1484 1485/1485/1485
f 1480/1480/1480 1485/1485/1485 1481/1481/1481
f 1481/1481/1481 1485/1485/1485 1486/1486/1486
f 1481/1481/1481 1486/1486/1486 1482/1482/1482
f 1482/1482/1482 1486/1486/1486 1487/1487/1487
f 1482/1482/1482 1487/1487/1487 1483/1483/1483
f 1483/1483/1483 1487/1487/1487 1488/1488/1488
f 1484/1484/1484 1489/1489/1489 1485/1485/1485
f 1485/1485/1485 1489/1489/1489 1490/1490/1490
f 1485/1485/1485 1490/1490/1490 1486/1486/1486
f 1486/1486/1486 1490/1490/1490 1491/1491/1491
f 1486/1486/1486 1491/1491/1491 1487/1487/1487
f 1487/1487/1487 1491/1491/1491 1492/1492/1492
f 1487/1487/1487 1492/1492/1492 1488/1488/1488
f 1488/1488/1488 1492/1492/1492 1493/1493/1493
f 1489/1489/1489 1494/1494/1494 1490/1490/1490
f 1490/1490/1490 1494/1494/1494 1495/1495/1495
f 1490/1490/1490 1495/1495/1495 1491/1491/1491
f 1491/1491/1491 1495/1495/1495 1496/1496/1496
f 1491/1491/1491 1496/1496/1496 1492/1492/1492
f 1492/1492/1492 1496/1496/1496 1497/1497/1497
f 1492/1492/1492 1497/1497/1497 1493/1493/1493
f 1493/1493/1493 1497/1497/1497 1498/1498/1498
f 1494/1494/1494 1499/1499/1499 1495/1495/1495
f 1495/1495/1495 1499/1499/1499 1500/1500/1500
f 1495/1495/1495 1500/1500/1500 1496/1496/1496
f 1496/1496/1496 1500/1500/1500 1501/1501/1501
f 1496/1496/1496 1501/1501/1501 1497/1497/1497
f 1497/1497/1497 1501/1501/1501 1502/1502/1502
f 1497/1497/1497 1502/1502/1502 1498/1498/1498
f 1498/1498/1498 1502/1502/1502 1503/1503/1503
f 1499/1499/1499 1504/1504/1504 1500/1500/1500
f 1500/1500/1500 1504/1504/1504 1505/1505/1505
f 1500/1500/1500 1505/1505/1505 1501/1501/1501
f 1501/1501/1501 1505/1505/1505 1506/1506/1506
f 1501/1501/1501 1506/1506/1506 1502/1502/1502
f 1502/1502/1502 1506/1506/1506 1507/1507/1507
f 1502/1502/1502 1507/1507/1507 1503/1503/1503
f 1503/1503/1503 1507/1507/1507 1508/1508/1508
f 1504/1504/1504 1509/1509/1509 1505/1505/1505
f 1505/1505/1505 1509/1509/1509 1510/1510/1510
f 1505/1505/1505 1510/1510/1510 1506/1506/1506
f 1506/1506/1506 1510/1510/1510 1511/1511/1511
f 1506/1506/1506 1511/1511/1511 1507/1507/1507
f 1507/1507/1507 1511/1511/1511 1512/1512/1512
f 1507/1507/1507 1512/1512/1512 1508/1508/1508
f 1508/1508/1508 1512/1512/1512 1513/1513/1513
f 1509/1509/1509 1510/1510/1510 1514/1514/1514
f 1510/1510/1510 1511/1511/1511 1514/1514/1514
f 1511/1511/1511 1512/1512/1512 1514/1514/1514
f 1512/1512/1512 1513/1513/1513 1514/1514/1514
f 1515/1515/1515 1520/1520/1520 1516/1516/1516
f 1516/1516/1516 1520/1520/1520 1521/1521/1521
f 1516/1516/1516 1521/1521/1521 1517/1517/1517
f 1517/1517/1517 1521/1521/1521 1522/1522/1522
f 1517/1517/1517 1522/1522/1522 1518/1518/1518
f 1518/1518/1518 1522/1522/1522 1523/1523/1523
f 1518/1518/1518 1523/1523/1523 1519/1519/1519
f 1519/1519/1519 1523/1523/1523 1524/1524/1524
f 1520/1520/1520 1525/1525/1525 1521/1521/1521
f 1521/1521/1521 1525/1525/1525 1526/1526/1526
f 1521/1521/1521 1526/1526/1526 1522/1522/1522
f 1522/1522/1522 1526/1526/1526 1527/1527/1527
f 1522/1522/1522 1527/1527/1527 1523/1523/1523
f 1523/1523/1523 1527/1527/1527 1528/1528/1528
f 1523/1523/1523 1528/1528/1528 1524/1524/1524
f 1524/1524/1524 1528/1528/1528 1529/1529/1529
f 1525/1525/1525 1530/1530/1530 1526/1526/1526
f 1526/1526/1526 1530/1530/1530 1531/1531/1531
f 1526/1526/1526 1531/1531/1531 1527/1527/1527
f 1527/1527/1527 1531/1531/1531 1532/1532/1532
f 1527/1527/1527 1532/1532/1532 1528/1528/1528
f 1528/1528/1528 1532/1532/1532 1533/1533/1533
f 1528/1528/1528 1533/1533/1533 1529/1529/1529
f 1529/1529/1529 1533/1533/1533 1534/1534/1534
f 1530/1530/1530 1535/1535/1535 1531/1531/1531
f 1531/1531/1531 1535/1535/1535 1536/1536/1536
f 1531/1531/1531 1536/1536/1536 1532/1532/1532
f 1532/1532/1532 1536/1536/1536 1537/1537/1537
f 1532/1532/1532 1537/1537/1537 1533/1533/1533
f 1533/1533/1533 1537/1537/1537 1538/1538/1538
f 1533/1533/1533 1538/1538/1538 1534/1534/1534
f 1534/1534/1534 1538/1538/1538 1539/1539/1539
f 1535/1535/1535 1536/1536/1536 1540/1540/1540
f 1536/1536/1536 1537/1537/1537 1540/1540/1540
f 1537/1537/1537 1538/1538/1538 1540/1540/1540
f 1538/1538/1538 1539/1539/1539 1540/1540/1540
f 1541/1541/1541 1546/1546/1546 1542/1542/1542
f 1542/1542/1542 1546/1546/1546 1547/1547/1547
f 1542/1542/1542 1547/1547/1547 1543/1543/1543
f 1543/1543/1543 1547/1547/1547 1548/1548/1548
f 1543/1543/1543 1548/1548/1548 1544/1544/1544
f 1544/1544/1544 1548/1548/1548 1549/1549/1549
f 1544/1544/1544 1549/1549/1549 1545/1545/1545
f 1545/1545/1545 1549/1549/1549 1550/1550/1550
f 1546/1546/1546 1551/1551/1551 1547/1547/1547
f 1547/1547/1547 1551/1551/1551 1552/1552/1552
f 1547/1547/1547 1552/1552/1552 1548/1548/1548
f 1548/1548/1548 1552/1552/1552 1553/1553/1553
f 1548/1548/1548 1553/1553/1553 1549/1549/1549
f 1549/1549/1549 1553/1553/1553 1554/1554/1554
f 1549/1549/1549 1554/1554/1554 1550/1550/1550
f 1550/1550/1550 1554/1554/1554 1555/1555/1555
f 1551/1551/1551 1556/1556/1556 1552/1552/1552
f 1552/1552/1552 1556/1556/1556 1557/1557/1557
f 1552/1552/1552 1557/1557/1557 1553/1553/1553
f 1553/1553/1553 1557/1557/1557 1558/1558/1558
f 1553/1553/1553 1558/1558/1558 1554/1554/1554
f 1554/1554/1554 1558/1558/1558 1559/1559/1559
f 1554/1554/1554 1559/1559/1559 1555/1555/1555
f 1555/1555/1555 1559/1559/1559 1560/1560/1560
f 1556/1556/1556 1561/1561/1561 1557/1557/1557
f 1557/1557/1557 1561/1561/1561 1562/1562/1562
f 1557/1557/1557 1562/1562/1562 1558/1558/1558
f 1558/1558/1558 1562/1562/1562 1563/1563/1563
f 1558/1558/1558 1563/1563/1563 1559/1559/1559
f 1559/1559/1559 1563/1563/1563 1564/1564/1564
f 1559/1559/1559 1564/1564/1564 1560/1560/1560
f 1560/1560/1560 1564/1564/1564 1565/1565/1565
f 1561/1561/1561 1562/1562/1562 1566/1566/1566
f 1562/1562/1562 1563/1563/1563 1566/1566/1566
f 1563/1563/1563 1564/1564/1564 1566/1566/1566
f 1564/1564/1564 1565/1565/1565 1566/1566/1566
f 1567/1567/1567 1572/1572/1572 1568/1568/1568
f 1568/1568/1568 1572/1572/1572 1573/1573/1573
f 1568/1568/1568 1573/1573/1573 1569/1569/1569
f 1569/1569/1569 1573/1573/1573 1574/1574/1574
f 1569/1569/1569 1574/1574/1574 1570/1570/1570
f 1570/1570/1570 1574/1574/1574 1575/1575/1575
f 1570/1570/1570 1575/1575/1575 1571/1571/1571
f 1571/1571/1571 1575/1575/1575 1576/1576/1576
f 1572/1572/1572 1577/1577/1577 1573/1573/1573
f 1573/1573/1573 1577/1577/1577 1578/1578/1578
f 1573/1573/1573 1578/1578/1578 1574/1574/1574
f 1574/1574/1574 1578/1578/1578 1579/1579/1579
f 1574/1574/1574 1579/1579/1579 1575/1575/1575
f 1575/1575/1575 1579/1579/1579 1580/1580/1580
f 1575/1575/1575 1580/1580/1580 1576/1576/1576
f 1576/1576/1576 1580/1580/1580 1581/1581/1581
f 1577/1577/1577 1582/1582/1582 1578/1578/1578
f 1578/1578/1578 1582/1582/1582 1583/1583/1583
f 1578/1578/1578 1583/1583/1583 1579/1579/1579
f 1579/1579/1579 1583/1583/1583 1584/1584/1584
f 1579/1579/1579 1584/1584/1584 1580/1580/1580
f 1580/1580/1580 1584/1584/1584 1585/1585/1585
f 1580/1580/1580 1585/1585/1585 1581/1581/1581
f 1581/1581/1581 1585/1585/1585 1586/1586/1586
f 1582/1582/1582 1587/1587/1587 1583/1583/1583
f 1583/1583/1583 1587/1587/1587 1588/1588/1588
f 1583/1583/1583 1588/1588/1588 1584/1584/1584
f 1584/1584/1584 1588/1588/1588 1589/1589/1589
f 1584/1584/1584 1589/1589/1589 1585/1585/1585
f 1585/1585/1585 1589/1589/1589 1590/1590/1590
f 1585/1585/1585 1590/1590/1590 1586/1586/1586
f 1586/1586/1586 1590/1590/1590 1591/1591/1591
f 1587/1587/1587 1588/1588/1588 1592/1592/1592
f 1588/1588/1588 1589/1589/1589 1592/1592/1592
f 1589/1589/1589 1590/1590/1590 1592/1592/1592
f 1590/1590/1590 1591/1591/1591 1592/1592/1592
f 1593/1593/1593 1598/1598/1598 1594/1594/1594
f 1594/1594/1594 1598/1598/1598 1599/1599/1599
f 1594/1594/1594 1599/1599/1599 1595/1595/1595
f 1595/1595/1595 1599/1599/1599 1600/1600/1600
f 1595/1595/1595 1600/1600/1600 1596/1596/1596
f 1596/1596/1596 1600/1600/1600 1601/1601/1601
f 1596/1596/1596 1601/1601/1601 1597/1597/1597
f 1597/1597/1597 1601/1601/1601 1602/1602/1602
f 1598/1598/1598 1603/1603/1603 1599/1599/1599
f 1599/1599/1599 1603/1603/1603 1604/1604/1604
f 1599/1599/1599 1604/1604/1604 1600/1600/1600
f 1600/1600/1600 1604/1604/1604 1605/1605/1605
f 1600/1600/1600 1605/1605/1605 1601/1601/1601
f 1601/1601/1601 1605/1605/1605 1606/1606/1606
f 1601/1601/1601 1606/1606/1606 1602/1602/1602
f 1602/1602/1602 1606/1606/1606 1607/1607/1607
f 1603/1603/1603 1608/1608/1608 1604/1604/1604
f 1604/1604/1604 1608/1608/1608 1609/1609/1609
f 1604/1604/1604 1609/1609/1609 1605/1605/1605
f 1605/1605/1605 1609/1609/1609 1610/1610/1610
f 1605/1605/1605 1610/1610/1610 1606/1606/1606
f 1606/1606/1606 1610/1610/1610 1611/1611/1611
f 1606/1606/1606 1611/1611/1611 1607/1607/1607
f 1607/1607/1607 1611/1611/1611 1612/1612/1612
f 1608/1608/1608 1613/1613/1613 1609/1609/1609
f 1609/1609/1609 1613/1613/1613 1614/1614/1614
f 1609/1609/1609 1614/1614/1614 1610/1610/1610
f 1610/1610/1610 1614/1614/1614 1615/1615/1615
f 1610/1610/1610 1615/1615/1615 1611/1611/1611
f 1611/1611/1611 1615/1615/1615 1616/1616/1616
f 1611/1611/1611 1616/1616/1616 1612/1612/1612
f 1612/1612/1612 1616/1616/1616 1617/1617/1617
f 1613/1613/1613 1614/1614/1614 1618/1618/1618
f 1614/1614/1614 1615/1615/1615 1618/1618/1618
f 1615/1615/1615 1616/1616/1616 1618/1618/1618
f 1616/1616/1616 1617/1617/1617 1618/1618/1618
f 1619/1619/1619 1624/1624/1624 1620/1620/1620
f 1620/1620/1620 1624/1624/1624 1625/1625/1625
f 1620/1620/1620 1625/1625/1625 1621/1621/1621
f 1621/1621/1621 1625/1625/1625 1626/1626/1626
f 1621/1621/1621 1626/1626/1626 1622/1622/1622
f 1622/1622/1622 1626/1626/1626 1627/1627/1627
f 1622/1622/1622 1627/1627/1627 1623/1623/1623
f 1623/1623/1623 1627/1627/1627 1628/1628/1628
f 1624/1624/1624 1629/1629/1629 1625/1625/1625
f 1625/1625/1625 1629/1629/1629 1630/1630/1630
f 1625/1625/1625 1630/1630/1630 1626/1626/1626
f 1626/1626/1626 1630/1630/1630 1631/1631/1631
f 1626/1626/1626 1631/1631/1631 1627/1627/1627
f 1627/1627/1627 1631/1631/1631 1632/1632/1632
f 1627/1627/1627 1632/1632/1632 1628/1628/1628
f 1628/1628/1628 1632/1632/1632 1633/1633/1633
f 1629/1629/1629 1634/1634/1634 1630/1630/1630
f 1630/1630/1630 1634/1634/1634 1635/1635/1635
f 1630/1630/1630 1635/1635/1635 1631/1631/1631
f 1631/1631/1631 1635/1635/1635 1636/1636/1636
f 1631/1631/1631 1636/1636/1636 1632/1632/1632
f 1632/1632/1632 1636/1636/1636 1637/1637/1637
f 1632/1632/1632 1637/1637/1637 1633/1633/1633
f 1633/1633/1633 1637/1637/1637 1638/1638/1638
f 1634/1634/1634 1639/1639/1639 1635/1635/1635
f 1635/1635/1635 1639/1639/1639 1640/1640/1640
f 1635/1635/1635 1640/1640/1640 1636/1636/1636
f 1636/1636/1636 1640/1640/1640 1641/1641/1641
f 1636/1636/1636 1641/1641/1641 1637/1637/1637
f 1637/1637/1637 1641/1641/1641 1642/1642/1642
f 1637/1637/1637 1642/1642/1642 1638/1638/1638
f 1638/1638/1638 1642/1642/1642 1643/1643/1643
f 1639/1639/1639 1640/1640/1640 1644/1644/1644
f 1640/1640/1640 1641/1641/1641 1644/1644/1644
f 1641/1641/1641 1642/1642/1642 1644/1644/1644
f 1642/1642/1642 1643/1643/1643 1644/1644/1644
f 1645/1645/1645 1650/1650/1650 1646/1646/1646
f 1646/1646/1646 1650/1650/1650 1651/1651/1651
f 1646/1646/1646 1651/1651/1651 1647/1647/1647
f 1647/1647/1647 1651/1651/1651 1652/1652/1652
f 1647/1647/1647 1652/1652/1652 1648/1648/1648
f 1648/1648/1648 1652/1652/1652 1653/1653/1653
f 1648/1648/1648 1653/1653/1653 1649/1649/1649
f 1649/1649/1649 1653/1653/1653 1654/1654/1654
f 1650/1650/1650 1655/1655/1655 1651/1651/1651
f 1651/1651/1651 1655/1655/1655 1656/1656/1656
f 1651/1651/1651 1656/1656/1656 1652/1652/1652
f 1652/1652/1652 1656/1656/1656 1657/1657/1657
f 1652/1652/1652 1657/1657/1657 1653/1653/1653
f 1653/1653/1653 1657/1657/1657 1658/1658/1658
f 1653/1653/1653 1658/1658/1658 1654/1654/1654
f 1654/1654/1654 1658/1658/1658 1659/1659/1659
f 1655/1655/1655 1660/1660/1660 1656/1656/1656
f 1656/1656/1656 1660/1660/1660 1661/1661/1661
f 1656/1656/1656 1661/1661/1661 1657/1657/1657
f 1657/1657/1657 1661/1661/1661 1662/1662/1662
f 1657/1657/1657 1662/1662/1662 1658/1658/1658
f 1658/1658/1658 1662/1662/1662 1663/1663/1663
f 1658/1658/1658 1663/1663/1663 1659/1659/1659
f 1659/1659/1659 1663/1663/1663 1664/1664/1664
f 1660/1660/1660 1665/1665/1665 1661/1661/1661
f 1661/1661/1661 1665/1665/1665 1666/1666/1666
f 1661/1661/1661 1666/1666/1666 1662/1662/1662
f 1662/1662/1662 1666/1666/1666 1667/1667/1667
f 1662/1662/1662 1667/1667/1667 1663/1663/1663
f 1663/1663/1663 1667/1667/1667 1668/1668/1668
f 1663/1663/1663 1668/1668/1668 1664/1664/1664
f 1664/1664/1664 1668/1668/1668 1669/1669/1669
f 1665/1665/1665 1666/1666/1666 1670/1670/1670
f 1666/1666/1666 1667/1667/1667 1670/1670/1670
f 1667/1667/1667 1668/1668/1668 1670/1670/1670
f 1668/1668/1668 1669/1669/1669 1670/1670/1670
f 1671/1671/1671 1676/1676/1676 1672/1672/1672
f 1672/1672/1672 1676/1676/1676 1677/1677/1677
f 1672/1672/1672 1677/1677/1677 1673/1673/1673
f 1673/1673/1673 1677/1677/1677 1678/1678/1678
f 1673/1673/1673 1678/1678/1678 1674/1674/1674
f 1674/1674/1674 1678/1678/1678 1679/1679/1679
f 1674/1674/1674 1679/1679/1679 1675/1675/1675
f 1675/1675/1675 1679/1679/1679 1680/1680/1680
f 1676/1676/1676 1681/1681/1681 1677/1677/1677
f 1677/1677/1677 1681/1681/1681 1682/1682/1682
f 1677/1677/1677 1682/1682/1682 1678/1678/1678
f 1678/1678/1678 1682/1682/1682 1683/1683/1683
f 1678/1678/1678 1683/1683/1683 1679/1679/1679
f 1679/1679/1679 1683/1683/1683 1684/1684/1684
f 1679/1679/1679 1684/1684/1684 1680/1680/1680
f 1680/1680/1680 1684/1684/1684 1685/1685/1685
f 1681/1681/1681 1686/1686/1686 1682/1682/1682
f 1682/1682/1682 1686/1686/1686 1687/1687/1687
f 1682/1682/1682 1687/1687/1687 1683/1683/1683
f 1683/1683/1683 1687/1687/1687 1688/1688/1688
f 1683/1683/1683 1688/1688/1688 1684/1684/1684
f 1684/1684/1684 1688/1688/1688 1689/1689/1689
f 1684/1684/1684 1689/1689/1689 1685/1685/1685
f 1685/1685/1685 1689/1689/1689 1690/1690/1690
f 1686/1686/1686 1691/1691/1691 1687/1687/1687
f 1687/1687/1687 1691/1691/1691 1692/1692/1692
f 1687/1687/1687 1692/1692/1692 1688/1688/1688
f 1688/1688/1688 1692/1692/1692 1693/1693/1693
f 1688/1688/1688 1693/1693/1693 1689/1689/1689
f 1689/1689/1689 1693/1693/1693 1694/1694/1694
f 1689/1689/1689 1694/1694/1694 1690/1690/1690
f 1690/1690/1690 1694/1694/1694 1695/1695/1695
f 1691/1691/1691 1692/1692/1692 1696/1696/1696
f 1692/1692/1692 1693/1693/1693 1696/1696/1696
f 1693/1693/1693 1694/1694/1694 1696/1696/1696
f 1694/1694/1694 1695/1695/1695 1696/1696/1696
f 1697/1697/1697 1702/1702/1702 1698/1698/1698
f 1698/1698/1698 1702/1702/1702 1703/1703/1703
f 1698/1698/1698 1703/1703/1703 1699/1699/1699
f 1699/1699/1699 1703/1703/1703 1704/1704/1704
f 1699/1699/1699 1704/1704/1704 1700/1700/1700
f 1700/1700/1700 1704/1704/1704 1705/1705/1705
f 1700/1700/1700 1705/1705/1705 1701/1701/1701
f 1701/1701/1701 1705/1705/1705 1706/1706/1706
f 1702/1702/1702 1707/1707/1707 1703/1703/1703
f 1703/1703/1703 1707/1707/1707 1708/1708/1708
f 1703/1703/1703 1708/1708/1708 1704/1704/1704
f 1704/1704/1704 1708/1708/1708 1709/1709/1709
f 1704/1704/1704 1709/1709/1709 1705/1705/1705
f 1705/1705/1705 1709/1709/1709 1710/1710/1710
f 1705/1705/1705 1710/1710/1710 1706/1706/1706
f 1706/1706/1706 1710/1710/1710 1711/1711/1711
f 1707/1707/1707 1712/1712/1712 1708/1708/1708
f 1708/1708/1708 1712/1712/1712 1713/1713/1713
f 1708/1708/1708 1713/1713/1713 1709/1709/1709
f 1709/1709/1709 1713/1713/1713 1714/1714/1714
f 1709/1709/1709 1714/1714/1714 1710/1710/1710
f 1710/1710/1710 1714/1714/1714 1715/1715/1715
f 1710/1710/1710 1715/1715/1715 1711/1711/1711
f 1711/1711/1711 1715/1715/1715 1716/1716/1716
f 1712/1712/1712 1717/1717/1717 1713/1713/1713
f 1713/1713/1713 1717/1717/1717 1718/1718/1718
f 1713/1713/1713 1718/1718/1718 1714/1714/1714
f 1714/1714/1714 1718/1718/1718 1719/1719/1719
f 1714/1714/1714 1719/1719/1719 1715/1715/1715
f 1715/1715/1715 1719/1719/1719 1720/1720/1720
f 1715/1715/1715 1720/1720/1720 1716/1716/1716
f 1716/1716/1716 1720/1720/1720 1721/1721/1721
f 1717/1717/1717 1722/1722/1722 1718/1718/1718
f 1718/1718/1718 1722/1722/1722 1723/1723/1723
f 1718/1718/1718 1723/1723/1723 1719/1719/1719
f 1719/1719/1719 1723/1723/1723 1724/1724/1724
f 1719/1719/1719 1724/1724/1724 1720/1720/1720
f 1720/1720/1720 1724/1724/1724 1725/1725/1725
f 1720/1720/1720 1725/1725/1725 1721/1721/1721
f 1721/1721/1721 1725/1725/1725 1726/1726/1726
f 1722/1722/1722 1727/1727/1727 1723/1723/1723
f 1723/1723/1723 1727/1727/1727 1728/1728/1728
f 1723/1723/1723 1728/1728/1728 1724/1724/1724
f 1724/1724/1724 1728/1728/1728 1729/1729/1729
f 1724/1724/1724 1729/1729/1729 1725/1725/1725
f 1725/1725/1725 1729/1729/1729 1730/1730/1730
f 1725/1725/1725 1730/1730/1730 1726/1726/1726
f 1726/1726/1726 1730/1730/1730 1731/1731/1731
f 1727/1727/1727 1732/1732/1732 1728/1728/1728
f 1728/1728/1728 1732/1732/1732 1733/1733/1733
f 1728/1728/1728 1733/1733/1733 1729/1729/1729
f 1729/1729/1729 1733/1733/1733 1734/1734/1734
f 1729/1729/1729 1734/1734/1734 1730/1730/1730
f 1730/1730/1730 1734/1734/1734 1735/1735/1735
f 1730/1730/1730 1735/1735/1735 1731/1731/1731
f 1731/1731/1731 1735/1735/1735 1736/1736/1736
f 1732/1732/1732 1737/1737/1737 1733/1733/1733
f 1733/1733/1733 1737/1737/1737 1738/1738/1738
f 1733/1733/1733 1738/1738/1738 1734/1734/1734
f 1734/1734/1734 1738/1738/1738 1739/1739/1739
f 1734/1734/1734 1739/1739/1739 1735/1735/1735
f 1735/1735/1735 1739/1739/1739 1740/1740/1740
f 1735/1735/1735 1740/1740/1740 1736/1736/1736
f 1736/1736/1736 1740/1740/1740 1741/1741/1741
f 1737/1737/1737 1742/1742/1742 1738/1738/1738
f 1738/1738/1738 1742/1742/1742 1743/1743/1743
f 1738/1738/1738 1743/1743/1743 1739/1739/1739
f 1739/1739/1739 1743/1743/1743 1744/1744/1744
f 1739/1739/1739 1744/1744/1744 1740/1740/1740
f 1740/1740/1740 1744/1744/1744 1745/1745/1745
f 1740/1740/1740 1745/1745/1745 1741/1741/1741
f 1741/1741/1741 1745/1745/1745 1746/1746/1746
f 1742/1742/1742 1743/1743/1743 1747/1747/1747
f 1743/1743/1743 1744/1744/1744 1747/1747/1747
f 1744/1744/1744 1745/1745/1745 1747/1747/1747
f 1745/1745/1745 1746/1746/1746 1747/1747/1747
f 1748/1748/1748 1753/1753/1753 1749/1749/1749
f 1749/1749/1749 1753/1753/1753 1754/1754/1754
f 1749/1749/1749 1754/1754/1754 1750/1750/1750
f 1750/1750/1750 1754/1754/1754 1755/1755/1755
f 1750/1750/1750 1755/1755/1755 1751/1751/1751
f 1751/1751/1751 1755/1755/1755 1756/1756/1756
f 1751/1751/1751 1756/1756/1756 1752/1752/1752
f 1752/1752/1752 1756/1756/1756 1757/1757/1757
f 1753/1753/1753 1758/1758/1758 1754/1754/1754
f 1754/1754/1754 1758/1758/1758 1759/1759/1759
f 1754/1754/1754 1759/1759/1759 1755/1755/1755
f 1755/1755/1755 1759/1759/1759 1760/1760/1760
f 1755/1755/1755 1760/1760/1760 1756/1756/1756
f 1756/1756/1756 1760/1760/1760 1761/1761/1761
f 1756/1756/1756 1761/1761/1761 1757/1757/1757
f 1757/1757/1757 1761/1761/1761 1762/1762/1762
f 1758/1758/1758 1763/1763/1763 1759/1759/1759
f 1759/1759/1759 1763/1763/1763 1764/1764/1764
f 1759/1759/1759 1764/1764/1764 1760/1760/1760
f 1760/1760/1760 1764/1764/1764 1765/1765/1765
f 1760/1760/1760 1765/1765/1765 1761/1761/1761
f 1761/1761/1761 1765/1765/1765 1766/1766/1766
f 1761/1761/1761 1766/1766/1766 1762/1762/1762
f 1762/1762/1762 1766/1766/1766 1767/1767/1767
f 1763/1763/1763 1768/1768/1768 1764/1764/1764
f 1764/1764/1764 1768/1768/1768 1769/1769/1769
f 1764/1764/1764 1769/1769/1769 1765/1765/1765
f 1765/1765/1765 1769/1769/1769 1770/1770/1770
f 1765/1765/1765 1770/1770/1770 1766/1766/1766
f 1766/1766/1766 1770/1770/1770 1771/1771/1771
f 1766/1766/1766 1771/1771/1771 1767/1767/1767
f 1767/1767/1767 1771/1771/1771 1772/1772/1772
f 1768/1768/1768 1769/1769/1769 1773/1773/1773
f 1769/1769/1769 1770/1770/1770 1773/1773/1773
f 1770/1770/1770 1771/1771/1771 1773/1773/1773
f 1771/1771/1771 1772/1772/1772 1773/1773/1773
f 1774/1774/1774 1779/1779/1779 1775/1775/1775
f 1775/1775/1775 1779/1779/1779 1780/1780/1780
f 1775/1775/1775 1780/1780/1780 1776/1776/1776
f 1776/1776/1776 1780/1780/1780 1781/1781/1781
f 1776/1776/1776 1781/1781/1781 1777/1777/1777
f 1777/1777/1777 1781/1781/1781 1782/1782/1782
f 1777/1777/1777 1782/1782/1782 1778/1778/1778
f 1778/1778/1778 1782/1782/1782 1783/1783/1783
f 1779/1779/1779 1784/1784/1784 1780/1780/1780
f 1780/1780/1780 1784/1784/1784 1785/1785/1785
f 1780/1780/1780 1785/1785/1785 1781/1781/1781
f 1781/1781/1781 1785/1785/1785 1786/1786/1786
f 1781/1781/1781 1786/1786/1786 1782/1782/1782
f 1782/1782/1782 1786/1786/1786 1787/1787/1787
f 1782/1782/1782 1787/1787/1787 1783/1783/1783
f 1783/1783/1783 1787/1787/1787 1788/1788/1788
f 1784/1784/1784 1789/1789/1789 1785/1785/1785
f 1785/1785/1785 1789/1789/1789 1790/1790/1790
f 1785/1785/1785 1790/1790/1790 1786/1786/1786
f 1786/1786/1786 1790/1790/1790 1791/1791/1791
f 1786/1786/1786 1791/1791/1791 1787/1787/1787
f 1787/1787/1787 1791/1791/1791 1792/1792/1792
f 1787/1787/1787 1792/1792/1792 1788/1788/1788
f 1788/1788/1788 1792/1792/1792 1793/1793/1793
f 1789/1789/1789 1794/1794/1794 1790/1790/1790
f 1790/1790/1790 1794/1794/1794 1795/1795/1795
f 1790/1790/1790 1795/1795/1795 1791/1791/1791
f 1791/1791/1791 1795/1795/1795 1796/1796/1796
f 1791/1791/1791 1796/1796/1796 1792/1792/1792
f 1792/1792/1792 1796/1796/1796 1797/1797/1797
f 1792/1792/1792 1797/1797/1797 1793/1793/1793
f 1793/1793/1793 1797/1797/1797 1798/1798/1798
f 1794/1794/1794 1795/1795/1795 1799/1799/1799
f 1795/1795/1795 1796/1796/1796 1799/1799/1799
f 1796/1796/1796 1797/1797/1797 1799/1799/1799
f 1797/1797/1797 1798/1798/1798 1799/1799/1799
f 1800/1800/1800 1805/1805/1805 1801/1801/1801
f 1801/1801/1801 1805/1805/1805 1806/1806/1806
f 1801/1801/1801 1806/1806/1806 1802/1802/1802
f 1802/1802/1802 1806/1806/1806 1807/1807/1807
f 1802/1802/1802 1807/1807/1807 1803/1803/1803
f 1803/1803/1803 1807/1807/1807 1808/1808/1808
f 1803/1803/1803 1808/1808/1808 1804/1804/1804
f 1804/1804/1804 1808/1808/1808 1809/1809/1809
f 1805/1805/1805 1810/1810/1810 1806/1806/1806
f 1806/1806/1806 1810/1810/1810 1811/1811/1811
f 1806/1806/1806 1811/1811/1811 1807/1807/1807
f 1807/1807/1807 1811/1811/1811 1812/1812/1812
f 1807/1807/1807 1812/1812/1812 1808/1808/1808
f 1808/1808/1808 1812/1812/1812 1813/1813/1813
f 1808/1808/1808 1813/1813/1813 1809/1809/1809
f 1809/1809/1809 1813/1813/1813 1814/1814/1814
f 1810/1810/1810 1815/1815/1815 1811/1811/1811
f 1811/1811/1811 1815/1815/1815 1816/1816/1816
f 1811/1811/1811 1816/1816/1816 1812/1812/1812
f 1812/1812/1812 1816/1816/1816 1817/1817/1817
f 1812/1812/1812 1817/1817/1817 1813/1813/1813
f 1813/1813/1813 1817/1817/1817 1818/1818/1818
f 1813/1813/1813 1818/1818/1818 1814/1814/1814
f 1814/1814/1814 1818/1818/1818 1819/1819/1819
f 1815/1815/1815 1820/1820/1820 1816/1816/1816
f 1816/1816/1816 1820/1820/1820 1821/1821/1821
f 1816/1816/1816 1821/1821/1821 1817/1817/1817
f 1817/1817/1817 1821/1821/1821 1822/1822/1822
f 1817/1817/1817 1822/1822/1822 1818/1818/1818
f 1818/1818/1818 1822/1822/1822 1823/1823/1823
f 1818/1818/1818 1823/1823/1823 1819/1819/1819
f 1819/1819/1819 1823/1823/1823 1824/1824/1824
f 1820/1820/1820 1821/1821/1821 1825/1825/1825
f 1821/1821/1821 1822/1822/1822 1825/1825/1825
f 1822/1822/1822 1823/1823/1823 1825/1825/1825
f 1823/1823/1823 1824/1824/1824 1825/1825/1825
f 1826/1826/1826 1831/1831/1831 1827/1827/1827
f 1827/1827/1827 1831/1831/1831 1832/1832/1832
f 1827/1827/1827 1832/1832/1832 1828/1828/1828
f 1828/1828/1828 1832/1832/1832 1833/1833/1833
f 1828/1828/1828 1833/1833/1833 1829/1829/1829
f 1829/1829/1829 1833/1833/1833 1834/1834/1834
f 1829/1829/1829 1834/1834/1834 1830/1830/1830
f 1830/1830/1830 1834/1834/1834 1835/1835/1835
f 1831/1831/1831 1836/1836/1836 1832/1832/1832
f 1832/1832/1832 1836/1836/1836 1837/1837/1837
f 1832/1832/1832 1837/1837/1837 1833/1833/1833
f 1833/1833/1833 1837/1837/1837 1838/1838/1838
f 1833/1833/1833 1838/1838/1838 1834/1834/1834
f 1834/1834/1834 1838/1838/1838 1839/1839/1839
f 1834/1834/1834 1839/1839/1839 1835/1835/1835
f 1835/1835/1835 1839/1839/1839 1840/1840/1840
f 1836/1836/1836 1841/1841/1841 1837/1837/1837
f 1837/1837/1837 1841/1841/1841 1842/1842/1842
f 1837/1837/1837 1842/1842/1842 1838/1838/1838
f 1838/1838/1838 1842/1842/1842 1843/1843/1843
f 1838/1838/1838 1843/1843/1843 1839/1839/1839
f 1839/1839/1839 1843/1843/1843 1844/1844/1844
f 1839/1839/1839 1844/1844/1844 1840/1840/1840
f 1840/1840/1840 1844/1844/1844 1845/1845/1845
f 1841/1841/1841 1846/1846/1846 1842/1842/1842
f 1842/1842/1842 1846/1846/1846 1847/1847/1847
f 1842/1842/1842 1847/1847/1847 1843/1843/1843
f 1843/1843/1843 1847/1847/1847 1848/1848/1848
f 1843/1843/1843 1848/1848/1848 1844/1844/1844
f 1844/1844/1844 1848/1848/1848 1849/1849/1849
f 1844/1844/1844 1849/1849/1849 1845/1845/1845
f 1845/1845/1845 1849/1849/1849 1850/1850/1850
f 1846/1846/1846 1847/1847/1847 1851/1851/1851
f 1847/1847/1847 1848/1848/1848 1851/1851/1851
f 1848/1848/1848 1849/1849/1849 1851/1851/1851
f 1849/1849/1849 1850/1850/1850 1851/1851/1851
f 1852/1852/1852 1857/1857/1857 1853/1853/1853
f 1853/1853/1853 1857/1857/1857 1858/1858/1858
f 1853/1853/1853 1858/1858/1858 1854/1854/1854
f 1854/1854/1854 1858/1858/1858 1859/1859/1859
f 1854/1854/1854 1859/1859/1859 1855/1855/1855
f 1855/1855/1855 1859/1859/1859 1860/1860/1860
f 1855/1855/1855 1860/1860/1860 1856/1856/1856
f 1856/1856/1856 1860/1860/1860 1861/1861/1861
f 1857/1857/1857 1862/1862/1862 1858/1858/1858
f 1858/1858/1858 1862/1862/1862 1863/1863/1863
f 1858/1858/1858 1863/1863/1863 1859/1859/1859
f 1859/1859/1859 1863/1863/1863 1864/1864/1864
f 1859/1859/1859 1864/1864/1864 1860/1860/1860
f 1860/1860/1860 1864/1864/1864 1865/1865/1865
f 1860/1860/1860 1865/1865/1865 1861/1861/1861
f 1861/1861/1861 1865/1865/1865 1866/1866/1866
f 1862/1862/1862 1867/1867/1867 1863/1863/1863
f 1863/1863/1863 1867/1867/1867 1868/1868/1868
f 1863/1863/1863 1868/1868/1868 1864/1864/1864
f 1864/1864/1864 1868/1868/1868 1869/1869/1869
f 1864/1864/1864 1869/1869/1869 1865/1865/1865
f 1865/1865/1865 1869/1869/1869 1870/1870/1870
f 1865/1865/1865 1870/1870/1870 1866/1866/1866
f 1866/1866/1866 1870/1870/1870 1871/1871/1871
f 1867/1867/1867 1872/1872/1872 1868/1868/1868
f 1868/1868/1868 1872/1872/1872 1873/1873/1873
f 1868/1868/1868 1873/1873/1873 1869/1869/1869
f 1869/1869/1869 1873/1873/1873 1874/1874/1874
f 1869/1869/1869 1874/1874/1874 1870/1870/1870
f 1870/1870/1870 1874/1874/1874 1875/1875/1875
f 1870/1870/1870 1875/1875/1875 1871/1871/1871
f 1871/1871/1871 1875/1875/1875 1876/1876/1876
f 1872/1872/1872 1873/1873/1873 1877/1877/1877
f 1873/1873/1873 1874/1874/1874 1877/1877/1877
f 1874/1874/1874 1875/1875/1875 1877/1877/1877
f 1875/1875/1875 1876/1876/1876 1877/1877/1877
f 1878/1878/1878 1883/1883/1883 1879/1879/1879
f 1879/1879/1879 1883/1883/1883 1884/1884/1884
f 1879/1879/1879 1884/1884/1884 1880/1880/1880
f 1880/1880/1880 1884/1884/1884 1885/1885/1885
f 1880/1880/1880 1885/1885/1885 1881/1881/1881
f 1881/1881/1881 1885/1885/1885 1886/1886/1886
f 1881/1881/1881 1886/1886/1886 1882/1882/1882
f 1882/1882/1882 1886/1886/1886 1887/1887/1887
f 1883/1883/1883 1888/1888/1888 1884/1884/1884
f 1884/1884/1884 1888/1888/1888 1889/1889/1889
f 1884/1884/1884 1889/1889/1889 1885/1885/1885
f 1885/1885/1885 1889/1889/1889 1890/1890/1890
f 1885/1885/1885 1890/1890/1890 1886/1886/1886
f 1886/1886/1886 1890/1890/1890 1891/1891/1891
f 1886/1886/1886 1891/1891/1891 1887/1887/1887
f 1887/1887/1887 1891/1891/1891 1892/1892/1892
f 1888/1888/1888 1893/1893/1893 1889/1889/1889
f 1889/1889/1889 1893/1893/1893 1894/1894/1894
f 1889/1889/1889 1894/1894/1894 1890/1890/1890
f 1890/1890/1890 1894/1894/1894 1895/1895/1895
f 1890/1890/1890 1895/1895/1895 1891/1891/1891
f 1891/1891/1891 1895/1895/1895 1896/1896/1896
f 1891/1891/1891 1896/1896/1896 1892/1892/1892
f 1892/1892/1892 1896/1896/1896 1897/1897/1897
f 1893/1893/1893 1898/1898/1898 1894/1894/1894
f 1894/1894/1894 1898/1898/1898 1899/1899/1899
f 1894/1894/1894 1899/1899/1899 1895/1895/1895
f 1895/1895/1895 1899/1899/1899 1900/1900/1900
f 1895/1895/1895 1900/1900/1900 1896/1896/1896
f 1896/1896/1896 1900/1900/1900 1901/1901/1901
f 1896/1896/1896 1901/1901/1901 1897/1897/1897
f 1897/1897/1897 1901/1901/1901 1902/1902/1902
f 1898/1898/1898 1899/1899/1899 1903/1903/1903
f 1899/1899/1899 1900/1900/1900 1903/1903/1903
f 1900/1900/1900 1901/1901/1901 1903/1903/1903
f 1901/1901/1901 1902/1902/1902 1903/1903/1903
f 1904/1904/1904 1909/1909/1909 1905/1905/1905
f 1905/1905/1905 1909/1909/1909 1910/1910/1910
f 1905/1905/1905 1910/1910/1910 1906/1906/1906
f 1906/1906/1906 1910/1910/1910 1911/1911/1911
f 1906/1906/1906 1911/1911/1911 1907/1907/1907
f 1907/1907/1907 1911/1911/1911 1912/1912/1912
f 1907/1907/1907 1912/1912/1912 1908/1908/1908
f 1908/1908/1908 1912/1912/1912 1913/1913/1913
f 1909/1909/1909 1914/1914/1914 1910/1910/1910
f 1910/1910/1910 1914/1914/1914 1915/1915/1915
f 1910/1910/1910 1915/1915/1915 1911/1911/1911
f 1911/1911/1911 1915/1915/1915 1916/1916/1916
f 1911/1911/1911 1916/1916/1916 1912/1912/1912
f 1912/1912/1912 1916/1916/1916 1917/1917/1917
f 1912/1912/1912 1917/1917/1917 1913/1913/1913
f 1913/1913/1913 1917/1917/1917 1918/1918/1918
f 1914/1914/1914 1919/1919/1919 1915/1915/1915
f 1915/1915/1915 1919/1919/1919 1920/1920/1920
f 1915/1915/1915 1920/1920/1920 1916/1916/1916
f 1916/1916/1916 1920/1920/1920 1921/1921/1921
f 1916/1916/1916 1921/1921/1921 1917/1917/1917
f 1917/1917/1917 1921/1921/1921 1922/1922/1922
f 1917/1917/1917 1922/1922/1922 1918/1918/1918
f 1918/1918/1918 1922/1922/1922 1923/1923/1923
f 1919/1919/1919 1924/1924/1924 1920/1920/1920
f 1920/1920/1920 1924/1924/1924 1925/1925/1925
f 1920/1920/1920 1925/1925/1925 1921/1921/1921
f 1921/1921/1921 1925/1925/1925 1926/1926/1926
f 1921/1921/1921 1926/1926/1926 1922/1922/1922
f 1922/1922/1922 1926/1926/1926 1927/1927/1927
f 1922/1922/1922 1927/1927/1927 1923/1923/1923
f 1923/1923/1923 1927/1927/1927 1928/1928/1928
f 1924/1924/1924 1925/1925/1925 1929/1929/1929
f 1925/1925/1925 1926/1926/1926 1929/1929/1929
f 1926/1926/1926 1927/1927/1927 1929/1929/1929
f 1927/1927/1927 1928/1928/1928 1929/1929/1929
f 1930/1930/1930 1935/1935/1935 1931/1931/1931
f 1931/1931/1931 1935/1935/1935 1936/1936/1936
f 1931/1931/1931 1936/1936/1936 1932/1932/1932
f 1932/1932/1932 1936/1936/1936 1937/1937/1937
f 1932/1932/1932 1937/1937/1937 1933/1933/1933
f 1933/1933/1933 1937/1937/1937 1938/1938/1938
f 1933/1933/1933 1938/1938/1938 1934/1934/1934
f 1934/1934/1934 1938/1938/1938 1939/1939/1939
f 1935/1935/1935 1940/1940/1940 1936/1936/1936
f 1936/1936/1936 1940/1940/1940 1941/1941/1941
f 1936/1936/1936 1941/1941/1941 1937/1937/1937
f 1937/1937/1937 1941/1941/1941 1942/1942/1942
f 1937/1937/1937 1942/1942/1942 1938/1938/1938
f 1938/1938/1938 1942/1942/1942 1943/1943/1943
f 1938/1938/1938 1943/1943/1943 1939/1939/1939
f 1939/1939/1939 1943/1943/1943 1944/1944/1944
f 1940/1940/1940 1945/1945/1945 1941/1941/1941
f 1941/1941/1941 1945/1945/1945 1946/1946/1946
f 1941/1941/1941 1946/1946/1946 1942/1942/1942
f 1942/1942/1942 1946/1946/1946 1947/1947/1947
f 1942/1942/1942 1947/1947/1947 1943/1943/1943
f 1943/1943/1943 1947/1947/1947 1948/1948/1948
f 1943/1943/1943 1948/1948/1948 1944/1944/1944
f 1944/1944/1944 1948/1948/1948 1949/1949/1949
f 1945/1945/1945 1950/1950/1950 1946/1946/1946
f 1946/1946/1946 1950/1950/1950 1951/1951/1951
f 1946/1946/1946 1951/1951/1951 1947/1947/1947
f 1947/1947/1947 1951/1951/1951 1952/1952/1952
f 1947/1947/1947 1952/1952/1952 1948/1948/1948
f 1948/1948/1948 1952/1952/1952 1953/1953/1953
f 1948/1948/1948 1953/1953/1953 1949/1949/1949
f 1949/1949/1949 1953/1953/1953 1954/1954/1954
f 1950/1950/1950 1955/1955/1955 1951/1951/1951
f 1951/1951/1951 1955/1955/1955 1956/1956/1956
f 1951/1951/1951 1956/1956/1956 1952/1952/1952
f 1952/1952/1952 1956/1956/1956 1957/1957/1957
f 1952/1952/1952 1957/1957/1957 1953/1953/1953
f 1953/1953/1953 1957/1957/1957 1958/1958/1958
f 1953/1953/1953 1958/1958/1958 1954/1954/1954
f 1954/1954/1954 1958/1958/1958 1959/1959/1959
f 1955/1955/1955 1956/1956/1956 1960/1960/1960
f 1956/1956/1956 1957/1957/1957 1960/1960/1960
f 1957/1957/1957 1958/1958/1958 1960/1960/1960
f 1958/1958/1958 1959/1959/1959 1960/1960/1960
f 1961/1961/1961 1966/1966/1966 1962/1962/1962
f 1962/1962/1962 1966/1966/1966 1967/1967/1967
f 1962/1962/1962 1967/1967/1967 1963/1963/1963
f 1963/1963/1963 1967/1967/1967 1968/1968/1968
f 1963/1963/1963 1968/1968/1968 1964/1964/1964
f 1964/1964/1964 1968/1968/1968 1969/1969/1969
f 1964/1964/1964 1969/1969/1969 1965/1965/1965
f 1965/1965/1965 1969/1969/1969 1970/1970/1970
f 1966/1966/1966 1971/1971/1971 1967/1967/1967
f 1967/1967/1967 1971/1971/1971 1972/1972/1972
f 1967/1967/1967 1972/1972/1972 1968/1968/1968
f 1968/1968/1968 1972/1972/1972 1973/1973/1973
f 1968/1968/1968 1973/1973/1973 1969/1969/1969
f 1969/1969/1969 1973/1973/1973 1974/1974/1974
f 1969/1969/1969 1974/1974/1974 1970/1970/1970
f 1970/1970/1970 1974/1974/1974 1975/1975/1975
f 1971/1971/1971 1976/1976/1976 1972/1972/1972
f 1972/1972/1972 1976/1976/1976 1977/1977/1977
f 1972/1972/1972 1977/1977/1977 1973/1973/1973
f 1973/1973/1973 1977/1977/1977 1978/1978/1978
f 1973/1973/1973 1978/1978/1978 1974/1974/1974
f 1974/1974/1974 1978/1978/1978 1979/1979/1979
f 1974/1974/1974 1979/1979/1979 1975/1975/1975
f 1975/1975/1975 1979/1979/1979 1980/1980/1980
f 1976/1976/1976 1981/1981/1981 1977/1977/1977
f 1977/1977/1977 1981/1981/1981 1982/1982/1982
f 1977/1977/1977 1982/1982/1982 1978/1978/1978
f 1978/1978/1978 1982/1982/1982 1983/1983/1983
f 1978/1978/1978 1983/1983/1983 1979/1979/1979
f 1979/1979/1979 1983/1983/1983 1984/1984/1984
f 1979/1979/1979 1984/1984/1984 1980/1980/1980
f 1980/1980/1980 1984/1984/1984 1985/1985/1985
f 1981/1981/1981 1986/1986/1986 1982/1982/1982
f 1982/1982/1982 1986/1986/1986 1987/1987/1987
f 1982/1982/1982 1987/1987/1987 1983/1983/1983
f 1983/1983/1983 1987/1987/1987 1988/1988/1988
f 1983/1983/1983 1988/1988/1988 1984/1984/1984
f 1984/1984/1984 1988/1988/1988 1989/1989/1989
f 1984/1984/1984 1989/1989/1989 1985/1985/1985
f 1985/1985/1985 1989/1989/1989 1990/1990/1990
f 1986/1986/1986 1987/1987/1987 1991/1991/1991
f 1987/1987/1987 1988/1988/1988 1991/1991/1991
f 1988/1988/1988 1989/1989/1989 1991/1991/1991
f 1989/1989/1989 1990/1990/1990 1991/1991/1991
f 1992/1992/1992 1997/1997/1997 1993/1993/1993
f 1993/1993/1993 1997/1997/1997 1998/1998/1998
f 1993/1993/1993 1998/1998/1998 1994/1994/1994
f 1994/1994/1994 1998/1998/1998 1999/1999/1999
f 1994/1994/1994 1999/1999/1999 1995/1995/1995
f 1995/1995/1995 1999/1999/1999 2000/2000/2000
f 1995/1995/1995 2000/2000/2000 1996/1996/1996
f 1996/1996/1996 2000/2000/2000 2001/2001/2001
f 1997/1997/1997 2002/2002/2002 1998/1998/1998
f 1998/1998/1998 2002/2002/2002 2003/2003/2003
f 1998/1998/1998 2003/2003/2003 1999/1999/1999
f 1999/1999/1999 2003/2003/2003 2004/2004/2004
f 1999/1999/1999 2004/2004/2004 2000/2000/2000
f 2000/2000/2000 2004/2004/2004 2005/2005/2005
f 2000/2000/2000 2005/2005/2005 2001/2001/2001
f 2001/2001/2001 2005/2005/2005 2006/2006/2006
f 2002/2002/2002 2007/2007/2007 2003/2003/2003
f 2003/2003/2003 2007/2007/2007 2008/2008/2008
f 2003/2003/2003 2008/2008/2008 2004/2004/2004
f 2004/2004/2004 2008/2008/2008 2009/2009/2009
f 2004/2004/2004 2009/2009/2009 2005/2005/2005
f 2005/2005/2005 2009/2009/2009 2010/2010/2010
f 2005/2005/2005 2010/2010/2010 2006/2006/2006
f 2006/2006/2006 2010/2010/2010 2011/2011/2011
f 2007/2007/2007 2012/2012/2012 2008/2008/2008
f 2008/2008/2008 2012/2012/2012 2013/2013/2013
f 2008/2008/2008 2013/2013/2013 2009/2009/2009
f 2009/2009/2009 2013/2013/2013 2014/2014/2014
f 2009/2009/2009 2014/2014/2014 2010/2010/2010
f 2010/2010/2010 2014/2014/2014 2015/2015/2015
f 2010/2010/2010 2015/2015/2015 2011/2011/2011
f 2011/2011/2011 2015/2015/2015 2016/2016/2016
f 2012/2012/2012 2017/2017/2017 2013/2013/2013
f 2013/2013/2013 2017/2017/2017 2018/2018/2018
f 2013/2013/2013 2018/2018/2018 2014/2014/2014
f 2014/2014/2014 2018/2018/2018 2019/2019/2019
f 2014/2014/2014 2019/2019/2019 2015/2015/2015
f 2015/2015/2015 2019/2019/2019 2020/2020/2020
f 2015/2015/2015 2020/2020/2020 2016/2016/2016
f 2016/2016/2016 2020/2020/2020 2021/2021/2021
f 2017/2017/2017 2022/2022/2022 2018/2018/2018
f 2018/2018/2018 2022/2022/2022 2023/2023/2023
f 2018/2018/2018 2023/2023/2023 2019/2019/2019
f 2019/2019/2019 2023/2023/2023 2024/2024/2024
f 2019/2019/2019 2024/2024/2024 2020/2020/2020
f 2020/2020/2020 2024/2024/2024 2025/2025/2025
f 2020/2020/2020 2025/2025/2025 2021/2021/2021
f 2021/2021/2021 2025/2025/2025 2026/2026/2026
f 2022/2022/2022 2027/2027/2027 2023/2023/2023
f 2023/2023/2023 2027/2027/2027 2028/2028/2028
f 2023/2023/2023 2028/2028/2028 2024/2024/2024
f 2024/2024/2024 2028/2028/2028 2029/2029/2029
f 2024/2024/2024 2029/2029/2029 2025/2025/2025
f 2025/2025/2025 2029/2029/2029 2030/2030/2030
f 2025/2025/2025 2030/2030/2030 2026/2026/2026
f 2026/2026/2026 2030/2030/2030 2031/2031/2031
f 2027/2027/2027 2028/2028/2028 2032/2032/2032
f 2028/2028/2028 2029/2029/2029 2032/2032/2032
f 2029/2029/2029 2030/2030/2030 2032/2032/2032
f 2030/2030/2030 2031/2031/2031 2032/2032/2032
f 2033/2033/2033 2038/2038/2038 2034/2034/2034
f 2034/2034/2034 2038/2038/2038 2039/2039/2039
f 2034/2034/2034 2039/2039/2039 2035/2035/2035
f 2035/2035/2035 2039/2039/2039 2040/2040/2040
f 2035/2035/2035 2040/2040/2040 2036/2036/2036
f 2036/2036/2036 2040/2040/2040 2041/2041/2041
f 2036/2036/2036 2041/2041/2041 2037/2037/2037
f 2037/2037/2037 2041/2041/2041 2042/2042/2042
f 2038/2038/2038 2043/2043/2043 2039/2039/2039
f 2039/2039/2039 2043/2043/2043 2044/2044/2044
f 2039/2039/2039 2044/2044/2044 2040/2040/2040
f 2040/2040/2040 2044/2044/2044 2045/2045/2045
f 2040/2040/2040 2045/2045/2045 2041/2041/2041
f 2041/2041/2041 2045/2045/2045 2046/2046/2046
f 2041/2041/2041 2046/2046/2046 2042/2042/2042
f 2042/2042/2042 2046/2046/2046 2047/2047/2047
f 2043/2043/2043 2048/2048/2048 2044/2044/2044
f 2044/2044/2044 2048/2048/2048 2049/2049/2049
f 2044/2044/2044 2049/2049/2049 2045/2045/2045
f 2045/2045/2045 2049/2049/2049 2050/2050/2050
f 2045/2045/2045 2050/2050/2050 2046/2046/2046
f 2046/2046/2046 2050/2050/2050 2051/2051/2051
f 2046/2046/2046 2051/2051/2051 2047/2047/2047
f 2047/2047/2047 2051/2051/2051 2052/2052/2052
f 2048/2048/2048 2053/2053/2053 2049/2049/2049
f 2049/2049/2049 2053/2053/2053 2054/2054/2054
f 2049/2049/2049 2054/2054/2054 2050/2050/2050
f 2050/2050/2050 2054/2054/2054 2055/2055/2055
f 2050/2050/2050 2055/2055/2055 2051/2051/2051
f 2051/2051/2051 2055/2055/2055 2056/2056/2056
f 2051/2051/2051 2056/2056/2056 2052/2052/2052
f 2052/2052/2052 2056/2056/2056 2057/2057/2057
f 2053/2053/2053 2054/2054/2054 2058/2058/2058
f 2054/2054/2054 2055/2055/2055 2058/2058/2058
f 2055/2055/2055 2056/2056/2056 2058/2058/2058
f 2056/2056/2056 2057/2057/2057 2058/2058/2058
f 2059/2059/2059 2064/2064/2064 2060/2060/2060
f 2060/2060/2060 2064/2064/2064 2065/2065/2065
f 2060/2060/2060 2065/2065/2065 2061/2061/2061
f 2061/2061/2061 2065/2065/2065 2066/2066/2066
f 2061/2061/2061 2066/2066/2066 2062/2062/2062
f 2062/2062/2062 2066/2066/2066 2067/2067/2067
f 2062/2062/2062 2067/2067/2067 2063/2063/2063
f 2063/2063/2063 2067/2067/2067 2068/2068/2068
f 2064/2064/2064 2069/2069/2069 2065/2065/2065
f 2065/2065/2065 2069/2069/2069 2070/2070/2070
f 2065/2065/2065 2070/2070/2070 2066/2066/2066
f 2066/2066/2066 2070/2070/2070 2071/2071/2071
f 2066/2066/2066 2071/2071/2071 2067/2067/2067
f 2067/2067/2067 2071/2071/2071 2072/2072/2072
f 2067/2067/2067 2072/2072/2072 2068/2068/2068
f 2068/2068/2068 2072/2072/2072 2073/2073/2073
f 2069/2069/2069 2074/2074/2074 2070/2070/2070
f 2070/2070/2070 2074/2074/2074 2075/2075/2075
f 2070/2070/2070 2075/2075/2075 2071/2071/2071
f 2071/2071/2071 2075/2075/2075 2076/2076/2076
f 2071/2071/2071 2076/2076/2076 2072/2072/2072
f 2072/2072/2072 2076/2076/2076 2077/2077/2077
f 2072/2072/2072 2077/2077/2077 2073/2073/2073
f 2073/2073/2073 2077/2077/2077 2078/2078/2078
f 2074/2074/2074 2079/2079/2079 2075/2075/2075
f 2075/2075/2075 2079/2079/2079 2080/2080/2080
f 2075/2075/2075 2080/2080/2080 2076/2076/2076
f 2076/2076/2076 2080/2080/2080 2081/2081/2081
f 2076/2076/2076 2081/2081/2081 2077/2077/2077
f 2077/2077/2077 2081/2081/2081 2082/2082/2082
f 2077/2077/2077 2082/2082/2082 2078/2078/2078
f 2078/2078/2078 2082/2082/2082 2083/2083/2083
f 2079/2079/2079 2080/2080/2080 2084/2084/2084
f 2080/2080/2080 2081/2081/2081 2084/2084/2084
f 2081/2081/2081 2082/2082/2082 2084/2084/2084
f 2082/2082/2082 2083/2083/2083 2084/2084/2084
f 2085/2085/2085 2090/2090/2090 2086/2086/2086
f 2086/2086/2086 2090/2090/2090 2091/2091/2091
f 2086/2086/2086 2091/2091/2091 2087/2087/2087
f 2087/2087/2087 2091/2091/2091 2092/2092/2092
f 2087/2087/2087 2092/2092/2092 2088/2088/2088
f 2088/2088/2088 2092/2092/2092 2093/2093/2093
f 2088/2088/2088 2093/2093/2093 2089/2089/2089
f 2089/2089/2089 2093/2093/2093 2094/2094/2094
f 2090/2090/2090 2095/2095/2095 2091/2091/2091
f 2091/2091/2091 2095/2095/2095 2096/2096/2096
f 2091/2091/2091 2096/2096/2096 2092/2092/2092
f 2092/2092/2092 2096/2096/2096 2097/2097/2097
f 2092/2092/2092 2097/2097/2097 2093/2093/2093
f 2093/2093/2093 2097/2097/2097 2098/2098/2098
f 2093/2093/2093 2098/2098/2098 2094/2094/2094
f 2094/2094/2094 2098/2098/2098 2099/2099/2099
f 2095/2095/2095 2100/2100/2100 2096/2096/2096
f 2096/2096/2096 2100/2100/2100 2101/2101/2101
f 2096/2096/2096 2101/2101/2101 2097/2097/2097
f 2097/2097/2097 2101/2101/2101 2102/2102/2102
f 2097/2097/2097 2102/2102/2102 2098/2098/2098
f 2098/2098/2098 2102/2102/2102 2103/2103/2103
f 2098/2098/2098 2103/2103/2103 2099/2099/2099
f 2099/2099/2099 2103/2103/2103 2104/2104/2104
f 2100/2100/2100 2105/2105/2105 2101/2101/2101
f 2101/2101/2101 2105/2105/2105 2106/2106/2106
f 2101/2101/2101 2106/2106/2106 2102/2102/2102
f 2102/2102/2102 2106/2106/2106 2107/2107/2107
f 2102/2102/2102 2107/2107/2107 2103/2103/2103
f 2103/2103/2103 2107/2107/2107 2108/2108/2108
f 2103/2103/2103 2108/2108/2108 2104/2104/2104
f 2104/2104/2104 2108/2108/2108 2109/2109/2109
f 2105/2105/2105 2106/2106/2106 2110/2110/2110
f 2106/2106/2106 2107/2107/2107 2110/2110/2110
f 2107/2107/2107 2108/2108/2108 2110/2110/2110
f 2108/2108/2108 2109/2109/2109 2110/2110/2110
f 2111/2111/2111 2116/2116/2116 2112/2112/2112
f 2112/2112/2112 2116/2116/2116 2117/2117/2117
f 2112/2112/2112 2117/2117/2117 2113/2113/2113
f 2113/2113/2113 2117/2117/2117 2118/2118/2118
f 2113/2113/2113 2118/2118/2118 2114/2114/2114
f 2114/2114/2114 2118/2118/2118 2119/2119/2119
f 2114/2114/2114 2119/2119/2119 2115/2115/2115
f 2115/2115/2115 2119/2119/2119 2120/2120/2120
f 2116/2116/2116 2121/2121/2121 2117/2117/2117
f 2117/2117/2117 2121/2121/2121 2122/2122/2122
f 2117/2117/2117 2122/2122/2122 2118/2118/2118
f 2118/2118/2118 2122/2122/2122 2123/2123/2123
f 2118/2118/2118 2123/2123/2123 2119/2119/2119
f 2119/2119/2119 2123/2123/2123 2124/2124/2124
f 2119/2119/2119 2124/2124/2124 2120/2120/2120
f 2120/2120/2120 2124/2124/2124 2125/2125/2125
f 2121/2121/2121 2126/2126/2126 2122/2122/2122
f 2122/2122/2122 2126/2126/2126 2127/2127/2127
f 2122/2122/2122 2127/2127/2127 2123/2123/2123
f 2123/2123/2123 2127/2127/2127 2128/2128/2128
f 2123/2123/2123 2128/2128/2128 2124/2124/2124
f 2124/2124/2124 2128/2128/2128 2129/2129/2129
f 2124/2124/2124 2129/2129/2129 2125/2125/2125
f 2125/2125/2125 2129/2129/2129 2130/2130/2130
f 2126/2126/2126 2131/2131/2131 2127/2127/2127
f 2127/2127/2127 2131/2131/2131 2132/2132/2132
f 2127/2127/2127 2132/2132/2132 2128/2128/2128
f 2128/2128/2128 2132/2132/2132 2133/2133/2133
f 2128/2128/2128 2133/2133/2133 2129/2129/2129
f 2129/2129/2129 2133/2133/2133 2134/2134/2134
f 2129/2129/2129 2134/2134/2134 2130/2130/2130
f 2130/2130/2130 2134/2134/2134 2135/2135/2135
f 2131/2131/2131 2132/2132/2132 2136/2136/2136
f 2132/2132/2132 2133/2133/2133 2136/2136/2136
f 2133/2133/2133 2134/2134/2134 2136/2136/2136
f 2134/2134/2134 2135/2135/2135 2136/2136/2136
f 2137/2137/2137 2142/2142/2142 2138/2138/2138
f 2138/2138/2138 2142/2142/2142 2143/2143/2143
f 2138/2138/2138 2143/2143/2143 2139/2139/2139
f 2139/2139/2139 2143/2143/2143 2144/2144/2144
f 2139/2139/2139 2144/2144/2144 2140/2140/2140
f 2140/2140/2140 2144/2144/2144 2145/2145/2145
f 2140/2140/2140 2145/2145/2145 2141/2141/2141
f 2141/2141/2141 2145/2145/2145 2146/2146/2146
f 2142/2142/2142 2147/2147/2147 2143/2143/2143
f 2143/2143/2143 2147/2147/2147 2148/2148/2148
f 2143/2143/2143 2148/2148/2148 2144/2144/2144
f 2144/2144/2144 2148/2148/2148 2149/2149/2149
f 2144/2144/2144 2149/2149/2149 2145/2145/2145
f 2145/2145/2145 2149/2149/2149 2150/2150/2150
f 2145/2145/2145 2150/2150/2150 2146/2146/2146
f 2146/2146/2146 2150/2150/2150 2151/2151/2151
f 2147/2147/2147 2152/2152/2152 2148/2148/2148
f 2148/2148/2148 2152/2152/2152 2153/2153/2153
f 2148/2148/2148 2153/2153/2153 2149/2149/2149
f 2149/2149/2149 2153/2153/2153 2154/2154/2154
f 2149/2149/2149 2154/2154/2154 2150/2150/2150
f 2150/2150/2150 2154/2154/2154 2155/2155/2155
f 2150/2150/2150 2155/2155/2155 2151/2151/2151
f 2151/2151/2151 2155/2155/2155 2156/2156/2156
f 2152/2152/2152 2157/2157/2157 2153/2153/2153
f 2153/2153/2153 2157/2157/2157 2158/2158/2158
f 2153/2153/2153 2158/2158/2158 2154/2154/2154
f 2154/2154/2154 2158/2158/2158 2159/2159/2159
f 2154/2154/2154 2159/2159/2159 2155/2155/2155
f 2155/2155/2155 2159/2159/2159 2160/2160/2160
f 2155/2155/2155 2160/2160/2160 2156/2156/2156
f 2156/2156/2156 2160/2160/2160 2161/2161/2161
f 2157/2157/2157 2158/2158/2158 2162/2162/2162
f 2158/2158/2158 2159/2159/2159 2162/2162/2162
f 2159/2159/2159 2160/2160/2160 2162/2162/2162
f 2160/2160/2160 2161/2161/2161 2162/2162/2162
f 2163/2163/2163 2168/2168/2168 2164/2164/2164
f 2164/2164/2164 2168/2168/2168 2169/2169/2169
f 2164/2164/2164 2169/2169/2169 2165/2165/2165
f 2165/2165/2165 2169/2169/2169 2170/2170/2170
f 2165/2165/2165 2170/2170/2170 2166/2166/2166
f 2166/2166/2166 2170/2170/2170 2171/2171/2171
f 2166/2166/2166 2171/2171/2171 2167/2167/2167
f 2167/2167/2167 2171/2171/2171 2172/2172/2172
f 2168/2168/2168 2173/2173/2173 2169/2169/2169
f 2169/2169/2169 2173/2173/2173 2174/2174/2174
f 2169/2169/2169 2174/2174/2174 2170/2170/2170
f 2170/2170/2170 2174/2174/2174 2175/2175/2175
f 2170/2170/2170 2175/2175/2175 2171/2171/2171
f 2171/2171/2171 2175/2175/2175 2176/2176/2176
f 2171/2171/2171 2176/2176/2176 2172/2172/2172
f 2172/2172/2172 2176/2176/2176 2177/2177/2177
f 2173/2173/2173 2178/2178/2178 2174/2174/2174
f 2174/2174/2174 2178/2178/2178 2179/2179/2179
f 2174/2174/2174 2179/2179/2179 2175/2175/2175
f 2175/2175/2175 2179/2179/2179 2180/2180/2180
f 2175/2175/2175 2180/2180/2180 2176/2176/2176
f 2176/2176/2176 2180/2180/2180 2181/2181/2181
f 2176/2176/2176 2181/2181/2181 2177/2177/2177
f 2177/2177/2177 2181/2181/2181 2182/2182/2182
f 2178/2178/2178 2183/2183/2183 2179/2179/2179
f 2179/2179/2179 2183/2183/2183 2184/2184/2184
f 2179/2179/2179 2184/2184/2184 2180/2180/2180
f 2180/2180/2180 2184/2184/2184 2185/2185/2185
f 2180/2180/2180 2185/2185/2185 2181/2181/2181
f 2181/2181/2181 2185/2185/2185 2186/2186/2186
f 2181/2181/2181 2186/2186/2186 2182/2182/2182
f 2182/2182/2182 2186/2186/2186 2187/2187/2187
f 2183/2183/2183 2184/2184/2184 2188/2188/2188
f 2184/2184/2184 2185/2185/2185 2188/2188/2188
f 2185/2185/2185 2186/2186/2186 2188/2188/2188
f 2186/2186/2186 2187/2187/2187 2188/2188/2188
f 2189/2189/2189 2194/2194/2194 2190/2190/2190
f 2190/2190/2190 2194/2194/2194 2195/2195/2195
f 2190/2190/2190 2195/2195/2195 2191/2191/2191
f 2191/2191/2191 2195/2195/2195 2196/2196/2196
f 2191/2191/2191 2196/2196/2196 2192/2192/2192
f 2192/2192/2192 2196/2196/2196 2197/2197/2197
f 2192/2192/2192 2197/2197/2197 2193/2193/2193
f 2193/2193/2193 2197/2197/2197 2198/2198/2198
f 2194/2194/2194 2199/2199/2199 2195/2195/2195
f 2195/2195/2195 2199/2199/2199 2200/2200/2200
f 2195/2195/2195 2200/2200/2200 2196/2196/2196
f 2196/2196/2196 2200/2200/2200 2201/2201/2201
f 2196/2196/2196 2201/2201/2201 2197/2197/2197
f 2197/2197/2197 2201/2201/2201 2202/2202/2202
f 2197/2197/2197 2202/2202/2202 2198/2198/2198
f 2198/2198/2198 2202/2202/2202 2203/2203/2203
f 2199/2199/2199 2204/2204/2204 2200/2200/2200
f 2200/2200/2200 2204/2204/2204 2205/2205/2205
f 2200/2200/2200 2205/2205/2205 2201/2201/2201
f 2201/2201/2201 2205/2205/2205 2206/2206/2206
f 2201/2201/2201 2206/2206/2206 2202/2202/2202
f 2202/2202/2202 2206/2206/2206 2207/2207/2207
f 2202/2202/2202 2207/2207/2207 2203/2203/2203
f 2203/2203/2203 2207/2207/2207 2208/2208/2208
f 2204/2204/2204 2209/2209/2209 2205/2205/2205
f 2205/2205/2205 2209/2209/2209 2210/2210/2210
f 2205/2205/2205 2210/2210/2210 2206/2206/2206
f 2206/2206/2206 2210/2210/2210 2211/2211/2211
f 2206/2206/2206 2211/2211/2211 2207/2207/2207
f 2207/2207/2207 2211/2211/2211 2212/2212/2212
f 2207/2207/2207 2212/2212/2212 2208/2208/2208
f 2208/2208/2208 2212/2212/2212 2213/2213/2213
f 2209/2209/2209 2210/2210/2210 2214/2214/2214
f 2210/2210/2210 2211/2211/2211 2214/2214/2214
f 2211/2211/2211 2212/2212/2212 2214/2214/2214
f 2212/2212/2212 2213/2213/2213 2214/2214/2214
f 2215/2215/2215 2220/2220/2220 2216/2216/2216
f 2216/2216/2216 2220/2220/2220 2221/2221/2221
f 2216/2216/2216 2221/2221/2221 2217/2217/2217
f 2217/2217/2217 2221/2221/2221 2222/2222/2222
f 2217/2217/2217 2222/2222/2222 2218/2218/2218
f 2218/2218/2218 2222/2222/2222 2223/2223/2223
f 2218/2218/2218 2223/2223/2223 2219/2219/2219
f 2219/2219/2219 2223/2223/2223 2224/2224/2224
f 2220/2220/2220 2225/2225/2225 2221/2221/2221
f 2221/2221/2221 2225/2225/2225 2226/2226/2226
f 2221/2221/2221 2226/2226/2226 2222/2222/2222
f 2222/2222/2222 2226/2226/2226 2227/2227/2227
f 2222/2222/2222 2227/2227/2227 2223/2223/2223
f 2223/2223/2223 2227/2227/2227 2228/2228/2228
f 2223/2223/2223 2228/2228/2228 2224/2224/2224
f 2224/2224/2224 2228/2228/2228 2229/2229/2229
f 2225/2225/2225 2230/2230/2230 2226/2226/2226
f 2226/2226/2226 2230/2230/2230 2231/2231/2231
f 2226/2226/2226 2231/2231/2231 2227/2227/2227
f 2227/2227/2227 2231/2231/2231 2232/2232/2232
f 2227/2227/2227 2232/2232/2232 2228/2228/2228
f 2228/2228/2228 2232/2232/2232 2233/2233/2233
f 2228/2228/2228 2233/2233/2233 2229/2229/2229
f 2229/2229/2229 2233/2233/2233 2234/2234/2234
f 2230/2230/2230 2235/2235/2235 2231/2231/2231
f 2231/2231/2231 2235/2235/2235 2236/2236/2236
f 2231/2231/2231 2236/2236/2236 2232/2232/2232
f 2232/2232/2232 2236/2236/2236 2237/2237/2237
f 2232/2232/2232 2237/2237/2237 2233/2233/2233
f 2233/2233/2233 2237/2237/2237 2238/2238/2238
f 2233/2233/2233 2238/2238/2238 2234/2234/2234
f 2234/2234/2234 2238/2238/2238 2239/2239/2239
f 2235/2235/2235 2240/2240/2240 2236/2236/2236
f 2236/2236/2236 2240/2240/2240 2241/2241/2241
f 2236/2236/2236 2241/2241/2241 2237/2237/2237
f 2237/2237/2237 2241/2241/2241 2242/2242/2242
f 2237/2237/2237 2242/2242/2242 2238/2238/2238
f 2238/2238/2238 2242/2242/2242 2243/2243/2243
f 2238/2238/2238 2243/2243/2243 2239/2239/2239
f 2239/2239/2239 2243/2243/2243 2244/2244/2244
f 2240/2240/2240 2245/2245/2245 2241/2241/2241
f 2241/2241/2241 2245/2245/2245 2246/2246/2246
f 2241/2241/2241 2246/2246/2246 2242/2242/2242
f 2242/2242/2242 2246/2246/2246 2247/2247/2247
f 2242/2242/2242 2247/2247/2247 2243/2243/2243
f 2243/2243/2243 2247/2247/2247 2248/2248/2248
f 2243/2243/2243 2248/2248/2248 2244/2244/2244
f 2244/2244/2244 2248/2248/2248 2249/2249/2249
f 2245/2245/2245 2250/2250/2250 2246/2246/2246
f 2246/2246/2246 2250/2250/2250 2251/2251/2251
f 2246/2246/2246 2251/2251/2251 2247/2247/2247
f 2247/2247/2247 2251/2251/2251 2252/2252/2252
f 2247/2247/2247 2252/2252/2252 2248/2248/2248
f 2248/2248/2248 2252/2252/2252 2253/2253/2253
f 2248/2248/2248 2253/2253/2253 2249/2249/2249
f 2249/2249/2249 2253/2253/2253 2254/2254/2254
f 2250/2250/2250 2255/2255/2255 2251/2251/2251
f 2251/2251/2251 2255/2255/2255 2256/2256/2256
f 2251/2251/2251 2256/2256/2256 2252/2252/2252
f 2252/2252/2252 2256/2256/2256 2257/2257/2257
f 2252/2252/2252 2257/2257/2257 2253/2253/2253
f 2253/2253/2253 2257/2257/2257 2258/2258/2258
f 2253/2253/2253 2258/2258/2258 2254/2254/2254
f 2254/2254/2254 2258/2258/2258 2259/2259/2259
f 2255/2255/2255 2260/2260/2260 2256/2256/2256
f 2256/2256/2256 2260/2260/2260 2261/2261/2261
f 2256/2256/2256 2261/2261/2261 2257/2257/2257
f 2257/2257/2257 2261/2261/2261 2262/2262/2262
f 2257/2257/2257 2262/2262/2262 2258/2258/2258
f 2258/2258/2258 2262/2262/2262 2263/2263/2263
f 2258/2258/2258 2263/2263/2263 2259/2259/2259
f 2259/2259/2259 2263/2263/2263 2264/2264/2264
f 2260/2260/2260 2261/2261/2261 2265/2265/2265
f 2261/2261/2261 2262/2262/2262 2265/2265/2265
f 2262/2262/2262 2263/2263/2263 2265/2265/2265
f 2263/2263/2263 2264/2264/2264 2265/2265/2265
f 2266/2266/2266 2271/2271/2271 2267/2267/2267
f 2267/2267/2267 2271/2271/2271 2272/2272/2272
f 2267/2267/2267 2272/2272/2272 2268/2268/2268
f 2268/2268/2268 2272/2272/2272 2273/2273/2273
f 2268/2268/2268 2273/2273/2273 2269/2269/2269
f 2269/2269/2269 2273/2273/2273 2274/2274/2274
f 2269/2269/2269 2274/2274/2274 2270/2270/2270
f 2270/2270/2270 2274/2274/2274 2275/2275/2275
f 2271/2271/2271 2276/2276/2276 2272/2272/2272
f 2272/2272/2272 2276/2276/2276 2277/2277/2277
f 2272/2272/2272 2277/2277/2277 2273/2273/2273
f 2273/2273/2273 2277/2277/2277 2278/2278/2278
f 2273/2273/2273 2278/2278/2278 2274/2274/2274
f 2274/2274/2274 2278/2278/2278 2279/2279/2279
f 2274/2274/2274 2279/2279/2279 2275/2275/2275
f 2275/2275/2275 2279/2279/2279 2280/2280/2280
f 2276/2276/2276 2281/2281/2281 2277/2277/2277
f 2277/2277/2277 2281/2281/2281 2282/2282/2282
f 2277/2277/2277 2282/2282/2282 2278/2278/2278
f 2278/2278/2278 2282/2282/2282 2283/2283/2283
f 2278/2278/2278 2283/2283/2283 2279/2279/2279
f 2279/2279/2279 2283/2283/2283 2284/2284/2284
f 2279/2279/2279 2284/2284/2284 2280/2280/2280
f 2280/2280/2280 2284/2284/2284 2285/2285/2285
f 2281/2281/2281 2286/2286/2286 2282/2282/2282
f 2282/2282/2282 2286/2286/2286 2287/2287/2287
f 2282/2282/2282 2287/2287/2287 2283/2283/2283
f 2283/2283/2283 2287/2287/2287 2288/2288/2288
f 2283/2283/2283 2288/2288/2288 2284/2284/2284
f 2284/2284/2284 2288/2288/2288 2289/2289/2289
f 2284/2284/2284 2289/2289/2289 2285/2285/2285
f 2285/2285/2285 2289/2289/2289 2290/2290/2290
f 2286/2286/2286 2287/2287/2287 2291/2291/2291
f 2287/2287/2287 2288/2288/2288 2291/2291/2291
f 2288/2288/2288 2289/2289/2289 2291/2291/2291
f 2289/2289/2289 2290/2290/2290 2291/2291/2291
f 2292/2292/2292 2297/2297/2297 2293/2293/2293
f 2293/2293/2293 2297/2297/2297 2298/2298/2298
f 2293/2293/2293 2298/2298/2298 2294/2294/2294
f 2294/2294/2294 2298/2298/2298 2299/2299/2299
f 2294/2294/2294 2299/2299/2299 2295/2295/2295
f 2295/2295/2295 2299/2299/2299 2300/2300/2300
f 2295/2295/2295 2300/2300/2300 2296/2296/2296
f 2296/2296/2296 2300/2300/2300 2301/2301/2301
f 2297/2297/2297 2302/2302/2302 2298/2298/2298
f 2298/2298/2298 2302/2302/2302 2303/2303/2303
f 2298/2298/2298 2303/2303/2303 2299/2299/2299
f 2299/2299/2299 2303/2303/2303 2304/2304/2304
f 2299/2299/2299 2304/2304/2304 2300/2300/2300
f 2300/2300/2300 2304/2304/2304 2305/2305/2305
f 2300/2300/2300 2305/2305/2305 2301/2301/2301
f 2301/2301/2301 2305/2305/2305 2306/2306/2306
f 2302/2302/2302 2307/2307/2307 2303/2303/2303
f 2303/2303/2303 2307/2307/2307 2308/2308/2308
f 2303/2303/2303 2308/2308/2308 2304/2304/2304
f 2304/2304/2304 2308/2308/2308 2309/2309/2309
f 2304/2304/2304 2309/2309/2309 2305/2305/2305
f 2305/2305/2305 2309/2309/2309 2310/2310/2310
f 2305/2305/2305 2310/2310/2310 2306/2306/2306
f 2306/2306/2306 2310/2310/2310 2311/2311/2311
f 2307/2307/2307 2312/2312/2312 2308/2308/2308
f 2308/2308/2308 2312/2312/2312 2313/2313/2313
f 2308/2308/2308 2313/2313/2313 2309/2309/2309
f 2309/2309/2309 2313/2313/2313 2314/2314/2314
f 2309/2309/2309 2314/2314/2314 2310/2310/2310
f 2310/2310/2310 2314/2314/2314 2315/2315/2315
f 2310/2310/2310 2315/2315/2315 2311/2311/2311
f 2311/2311/2311 2315/2315/2315 2316/2316/2316
f 2312/2312/2312 2313/2313/2313 2317/2317/2317
f 2313/2313/2313 2314/2314/2314 2317/2317/2317
f 2314/2314/2314 2315/2315/2315 2317/2317/2317
f 2315/2315/2315 2316/2316/2316 2317/2317/2317
f 2318/2318/2318 2323/2323/2323 2319/2319/2319
f 2319/2319/2319 2323/2323/2323 2324/2324/2324
f 2319/2319/2319 2324/2324/2324 2320/2320/2320
f 2320/2320/2320 2324/2324/2324 2325/2325/2325
f 2320/2320/2320 2325/2325/2325 2321/2321/2321
f 2321/2321/2321 2325/2325/2325 2326/2326/2326
f 2321/2321/2321 2326/2326/2326 2322/2322/2322
f 2322/2322/2322 2326/2326/2326 2327/2327/2327
f 2323/2323/2323 2328/2328/2328 2324/2324/2324
f 2324/2324/2324 2328/2328/2328 2329/2329/2329
f 2324/2324/2324 2329/2329/2329 2325/2325/2325
f 2325/2325/2325 2329/2329/2329 2330/2330/2330
f 2325/2325/2325 2330/2330/2330 2326/2326/2326
f 2326/2326/2326 2330/2330/2330 2331/2331/2331
f 2326/2326/2326 2331/2331/2331 2327/2327/2327
f 2327/2327/2327 2331/2331/2331 2332/2332/2332
f 2328/2328/2328 2333/2333/2333 2329/2329/2329
f 2329/2329/2329 2333/2333/2333 2334/2334/2334
f 2329/2329/2329 2334/2334/2334 2330/2330/2330
f 2330/2330/2330 2334/2334/2334 2335/2335/2335
f 2330/2330/2330 2335/2335/2335 2331/2331/2331
f 2331/2331/2331 2335/2335/2335 2336/2336/2336
f 2331/2331/2331 2336/2336/2336 2332/2332/2332
f 2332/2332/2332 2336/2336/2336 2337/2337/2337
f 2333/2333/2333 2338/2338/2338 2334/2334/2334
f 2334/2334/2334 2338/2338/2338 2339/2339/2339
f 2334/2334/2334 2339/2339/2339 2335/2335/2335
f 2335/2335/2335 2339/2339/2339 2340/2340/2340
f 2335/2335/2335 2340/2340/2340 2336/2336/2336
f 2336/2336/2336 2340/2340/2340 2341/2341/2341
f 2336/2336/2336 2341/2341/2341 2337/2337/2337
f 2337/2337/2337 2341/2341/2341 2342/2342/2342
f 2338/2338/2338 2339/2339/2339 2343/2343/2343
f 2339/2339/2339 2340/2340/2340 2343/2343/2343
f 2340/2340/2340 2341/2341/2341 2343/2343/2343
f 2341/2341/2341 2342/2342/2342 2343/2343/2343
f 2344/2344/2344 2349/2349/2349 2345/2345/2345
f 2345/2345/2345 2349/2349/2349 2350/2350/2350
f 2345/2345/2345 2350/2350/2350 2346/2346/2346
f 2346/2346/2346 2350/2350/2350 2351/2351/2351
f 2346/2346/2346 2351/2351/2351 2347/2347/2347
f 2347/2347/2347 2351/2351/2351 2352/2352/2352
f 2347/2347/2347 2352/2352/2352 2348/2348/2348
f 2348/2348/2348 2352/2352/2352 2353/2353/2353
f 2349/2349/2349 2354/2354/2354 2350/2350/2350
f 2350/2350/2350 2354/2354/2354 2355/2355/2355
f 2350/2350/2350 2355/2355/2355 2351/2351/2351
f 2351/2351/2351 2355/2355/2355 2356/2356/2356
f 2351/2351/2351 2356/2356/2356 2352/2352/2352
f 2352/2352/2352 2356/2356/2356 2357/2357/2357
f 2352/2352/2352 2357/2357/2357 2353/2353/2353
f 2353/2353/2353 2357/2357/2357 2358/2358/2358
f 2354/2354/2354 2359/2359/2359 2355/2355/2355
f 2355/2355/2355 2359/2359/2359 2360/2360/2360
f 2355/2355/2355 2360/2360/2360 2356/2356/2356
f 2356/2356/2356 2360/2360/2360 2361/2361/2361
f 2356/2356/2356 2361/2361/2361 2357/2357/2357
f 2357/2357/2357 2361/2361/2361 2362/2362/2362
f 2357/2357/2357 2362/2362/2362 2358/2358/2358
f 2358/2358/2358 2362/2362/2362 2363/2363/2363
f 2359/2359/2359 2364/2364/2364 2360/2360/2360
f 2360/2360/2360 2364/2364/2364 2365/2365/2365
f 2360/2360/2360 2365/2365/2365 2361/2361/2361
f 2361/2361/2361 2365/2365/2365 2366/2366/2366
f 2361/2361/2361 2366/2366/2366 2362/2362/2362
f 2362/2362/2362 2366/2366/2366 2367/2367/2367
f 2362/2362/2362 2367/2367/2367 2363/2363/2363
f 2363/2363/2363 2367/2367/2367 2368/2368/2368
f 2364/2364/2364 2365/2365/2365 2369/2369/2369
f 2365/2365/2365 2366/2366/2366 2369/2369/2369
f 2366/2366/2366 2367/2367/2367 2369/2369/2369
f 2367/2367/2367 2368/2368/2368 2369/2369/2369
f 2370/2370/2370 2375/2375/2375 2371/2371/2371
f 2371/2371/2371 2375/2375/2375 2376/2376/2376
f 2371/2371/2371 2376/2376/2376 2372/2372/2372
f 2372/2372/2372 2376/2376/2376 2377/2377/2377
f 2372/2372/2372 2377/2377/2377 2373/2373/2373
f 2373/2373/2373 2377/2377/2377 2378/2378/2378
f 2373/2373/2373 2378/2378/2378 2374/2374/2374
f 2374/2374/2374 2378/2378/2378 2379/2379/2379
f 2375/2375/2375 2380/2380/2380 2376/2376/2376
f 2376/2376/2376 2380/2380/2380 2381/2381/2381
f 2376/2376/2376 2381/2381/2381 2377/2377/2377
f 2377/2377/2377 2381/2381/2381 2382/2382/2382
f 2377/2377/2377 2382/2382/2382 2378/2378/2378
f 2378/2378/2378 2382/2382/2382 2383/2383/2383
f 2378/2378/2378 2383/2383/2383 2379/2379/2379
f 2379/2379/2379 2383/2383/2383 2384/2384/2384
f 2380/2380/2380 2385/2385/2385 2381/2381/2381
f 2381/2381/2381 2385/2385/2385 2386/2386/2386
f 2381/2381/2381 2386/2386/2386 2382/2382/2382
f 2382/2382/2382 2386/2386/2386 2387/2387/2387
f 2382/2382/2382 2387/2387/2387 2383/2383/2383
f 2383/2383/2383 2387/2387/2387 2388/2388/2388
f 2383/2383/2383 2388/2388/2388 2384/2384/2384
f 2384/2384/2384 2388/2388/2388 2389/2389/2389
f 2385/2385/2385 2390/2390/2390 2386/2386/2386
f 2386/2386/2386 2390/2390/2390 2391/2391/2391
f 2386/2386/2386 2391/2391/2391 2387/2387/2387
f 2387/2387/2387 2391/2391/2391 2392/2392/2392
f 2387/2387/2387 2392/2392/2392 2388/2388/2388
f 2388/2388/2388 2392/2392/2392 2393/2393/2393
f 2388/2388/2388 2393/2393/2393 2389/2389/2389
f 2389/2389/2389 2393/2393/2393 2394/2394/2394
f 2390/2390/2390 2391/2391/2391 2395/2395/2395
f 2391/2391/2391 2392/2392/2392 2395/2395/2395
f 2392/2392/2392 2393/2393/2393 2395/2395/2395
f 2393/2393/2393 2394/2394/2394 2395/2395/2395
f 2396/2396/2396 2401/2401/2401 2397/2397/2397
f 2397/2397/2397 2401/2401/2401 2402/2402/2402
f 2397/2397/2397 2402/2402/2402 2398/2398/2398
f 2398/2398/2398 2402/2402/2402 2403/2403/2403
f 2398/2398/2398 2403/2403/2403 2399/2399/2399
f 2399/2399/2399 2403/2403/2403 2404/2404/2404
f 2399/2399/2399 2404/2404/2404 2400/2400/2400
f 2400/2400/2400 2404/2404/2404 2405/2405/2405
f 2401/2401/2401 2406/2406/2406 2402/2402/2402
f 2402/2402/2402 2406/2406/2406 2407/2407/2407
f 2402/2402/2402 2407/2407/2407 2403/2403/2403
f 2403/2403/2403 2407/2407/2407 2408/2408/2408
f 2403/2403/2403 2408/2408/2408 2404/2404/2404
f 2404/2404/2404 2408/2408/2408 2409/2409/2409
f 2404/2404/2404 2409/2409/2409 2405/2405/2405
f 2405/2405/2405 2409/2409/2409 2410/2410/2410
f 2406/2406/2406 2411/2411/2411 2407/2407/2407
f 2407/2407/2407 2411/2411/2411 2412/2412/2412
f 2407/2407/2407 2412/2412/2412 2408/2408/2408
f 2408/2408/2408 2412/2412/2412 2413/2413/2413
f 2408/2408/2408 2413/2413/2413 2409/2409/2409
f 2409/2409/2409 2413/2413/2413 2414/2414/2414
f 2409/2409/2409 2414/2414/2414 2410/2410/2410
f 2410/2410/2410 2414/2414/2414 2415/2415/2415
f 2411/2411/2411 2416/2416/2416 2412/2412/2412
f 2412/2412/2412 2416/2416/2416 2417/2417/2417
f 2412/2412/2412 2417/2417/2417 2413/2413/2413
f 2413/2413/2413 2417/2417/2417 2418/2418/2418
f 2413/2413/2413 2418/2418/2418 2414/2414/2414
f 2414/2414/2414 2418/2418/2418 2419/2419/2419
f 2414/2414/2414 2419/2419/2419 2415/2415/2415
f 2415/2415/2415 2419/2419/2419 2420/2420/2420
f 2416/2416/2416 2421/2421/2421 2417/2417/2417
f 2417/2417/2417 2421/2421/2421 2422/2422/2422
f 2417/2417/2417 2422/2422/2422 2418/2418/2418
f 2418/2418/2418 2422/2422/2422 2423/2423/2423
f 2418/2418/2418 2423/2423/2423 2419/2419/2419
f 2419/2419/2419 2423/2423/2423 2424/2424/2424
f 2419/2419/2419 2424/2424/2424 2420/2420/2420
f 2420/2420/2420 2424/2424/2424 2425/2425/2425
f 2421/2421/2421 2422/2422/2422 2426/2426/2426
f 2422/2422/2422 2423/2423/2423 2426/2426/2426
f 2423/2423/2423 2424/2424/2424 2426/2426/2426
f 2424/2424/2424 2425/2425/2425 2426/2426/2426
f 2427/2427/2427 2432/2432/2432 2428/2428/2428
f 2428/2428/2428 2432/2432/2432 2433/2433/2433
f 2428/2428/2428 2433/2433/2433 2429/2429/2429
f 2429/2429/2429 2433/2433/2433 2434/2434/2434
f 2429/2429/2429 2434/2434/2434 2430/2430/2430
f 2430/2430/2430 2434/2434/2434 2435/2435/2435
f 2430/2430/2430 2435/2435/2435 2431/2431/2431
f 2431/2431/2431 2435/2435/2435 2436/2436/2436
f 2432/2432/2432 2437/2437/2437 2433/2433/2433
f 2433/2433/2433 2437/2437/2437 2438/2438/2438
f 2433/2433/2433 2438/2438/2438 2434/2434/2434
f 2434/2434/2434 2438/2438/2438 2439/2439/2439
f 2434/2434/2434 2439/2439/2439 2435/2435/2435
f 2435/2435/2435 2439/2439/2439 2440/2440/2440
f 2435/2435/2435 2440/2440/2440 2436/2436/2436
f 2436/2436/2436 2440/2440/2440 2441/2441/2441
f 2437/2437/2437 2442/2442/2442 2438/2438/2438
f 2438/2438/2438 2442/2442/2442 2443/2443/2443
f 2438/2438/2438 2443/2443/2443 2439/2439/2439
f 2439/2439/2439 2443/2443/2443 2444/2444/2444
f 2439/2439/2439 2444/2444/2444 2440/2440/2440
f 2440/2440/2440 2444/2444/2444 2445/2445/2445
f 2440/2440/2440 2445/2445/2445 2441/2441/2441
f 2441/2441/2441 2445/2445/2445 2446/2446/2446
f 2442/2442/2442 2447/2447/2447 2443/2443/2443
f 2443/2443/2443 2447/2447/2447 2448/2448/2448
f 2443/2443/2443 2448/2448/2448 2444/2444/2444
f 2444/2444/2444 2448/2448/2448 2449/2449/2449
f 2444/2444/2444 2449/2449/2449 2445/2445/2445
f 2445/2445/2445 2449/2449/2449 2450/2450/2450
f 2445/2445/2445 2450/2450/2450 2446/2446/2446
f 2446/2446/2446 2450/2450/2450 2451/2451/2451
f 2447/2447/2447 2448/2448/2448 2452/2452/2452
f 2448/2448/2448 2449/2449/2449 2452/2452/2452
f 2449/2449/2449 2450/2450/2450 2452/2452/2452
f 2450/2450/2450 2451/2451/2451 2452/2452/2452
f 2453/2453/2453 2458/2458/2458 2454/2454/2454
f 2454/2454/2454 2458/2458/2458 2459/2459/2459
f 2454/2454/2454 2459/2459/2459 2455/2455/2455
f 2455/2455/2455 2459/2459/2459 2460/2460/2460
f 2455/2455/2455 2460/2460/2460 2456/2456/2456
f 2456/2456/2456 2460/2460/2460 2461/2461/2461
f 2456/2456/2456 2461/2461/2461 2457/2457/2457
f 2457/2457/2457 2461/2461/2461 2462/2462/2462
f 2458/2458/2458 2463/2463/2463 2459/2459/2459
f 2459/2459/2459 2463/2463/2463 2464/2464/2464
f 2459/2459/2459 2464/2464/2464 2460/2460/2460
f 2460/2460/2460 2464/2464/2464 2465/2465/2465
f 2460/2460/2460 2465/2465/2465 2461/2461/2461
f 2461/2461/2461 2465/2465/2465 2466/2466/2466
f 2461/2461/2461 2466/2466/2466 2462/2462/2462
f 2462/2462/2462 2466/2466/2466 2467/2467/2467
f 2463/2463/2463 2468/2468/2468 2464/2464/2464
f 2464/2464/2464 2468/2468/2468 2469/2469/2469
f 2464/2464/2464 2469/2469/2469 2465/2465/2465
f 2465/2465/2465 2469/2469/2469 2470/2470/2470
f 2465/2465/2465 2470/2470/2470 2466/2466/2466
f 2466/2466/2466 2470/2470/2470 2471/2471/2471
f 2466/2466/2466 2471/2471/2471 2467/2467/2467
f 2467/2467/2467 2471/2471/2471 2472/2472/2472
f 2468/2468/2468 2473/2473/2473 2469/2469/2469
f 2469/2469/2469 2473/2473/2473 2474/2474/2474
f 2469/2469/2469 2474/2474/2474 2470/2470/2470
f 2470/2470/2470 2474/2474/2474 2475/2475/2475
f 2470/2470/2470 2475/2475/2475 2471/2471/2471
f 2471/2471/2471 2475/2475/2475 2476/2476/2476
f 2471/2471/2471 2476/2476/2476 2472/2472/2472
f 2472/2472/2472 2476/2476/2476 2477/2477/2477
f 2473/2473/2473 2474/2474/2474 2478/2478/2478
f 2474/2474/2474 2475/2475/2475 2478/2478/2478
f 2475/2475/2475 2476/2476/2476 2478/2478/2478
f 2476/2476/2476 2477/2477/2477 2478/2478/2478
f 2479/2479/2479 2484/2484/2484 2480/2480/2480
f 2480/2480/2480 2484/2484/2484 2485/2485/2485
f 2480/2480/2480 2485/2485/2485 2481/2481/2481
f 2481/2481/2481 2485/2485/2485 2486/2486/2486
f 2481/2481/2481 2486/2486/2486 2482/2482/2482
f 2482/2482/2482 2486/2486/2486 2487/2487/2487
f 2482/2482/2482 2487/2487/2487 2483/2483/2483
f 2483/2483/2483 2487/2487/2487 2488/2488/2488
f 2484/2484/2484 2489/2489/2489 2485/2485/2485
f 2485/2485/2485 2489/2489/2489 2490/2490/2490
f 2485/2485/2485 2490/2490/2490 2486/2486/2486
f 2486/2486/2486 2490/2490/2490 2491/2491/2491
f 2486/2486/2486 2491/2491/2491 2487/2487/2487
f 2487/2487/2487 2491/2491/2491 2492/2492/2492
f 2487/2487/2487 2492/2492/2492 2488/2488/2488
f 2488/2488/2488 2492/2492/2492 2493/2493/2493
f 2489/2489/2489 2494/2494/2494 2490/2490/2490
f 2490/2490/2490 2494/2494/2494 2495/2495/2495
f 2490/2490/2490 2495/2495/2495 2491/2491/2491
f 2491/2491/2491 2495/2495/2495 2496/2496/2496
f 2491/2491/2491 2496/2496/2496 2492/2492/2492
f 2492/2492/2492 2496/2496/2496 2497/2497/2497
f 2492/2492/2492 2497/2497/2497 2493/2493/2493
f 2493/2493/2493 2497/2497/2497 2498/2498/2498
f 2494/2494/2494 2499/2499/2499 2495/2495/2495
f 2495/2495/2495 2499/2499/2499 2500/2500/2500
f 2495/2495/2495 2500/2500/2500 2496/2496/2496
f 2496/2496/2496 2500/2500/2500 2501/2501/2501
f 2496/2496/2496 2501/2501/2501 2497/2497/2497
f 2497/2497/2497 2501/2501/2501 2502/2502/2502
f 2497/2497/2497 2502/2502/2502 2498/2498/2498
f 2498/2498/2498 2502/2502/2502 2503/2503/2503
f 2499/2499/2499 2500/2500/2500 2504/2504/2504
f 2500/2500/2500 2501/2501/2501 2504/2504/2504
f 2501/2501/2501 2502/2502/2502 2504/2504/2504
f 2502/2502/2502 2503/2503/2503 2504/2504/2504
f 2505/2505/2505 2510/2510/2510 2506/2506/2506
f 2506/2506/2506 2510/2510/2510 2511/2511/2511
f 2506/2506/2506 2511/2511/2511 2507/2507/2507
f 2507/2507/2507 2511/2511/2511 2512/2512/2512
f 2507/2507/2507 2512/2512/2512 2508/2508/2508
f 2508/2508/2508 2512/2512/2512 2513/2513/2513
f 2508/2508/2508 2513/2513/2513 2509/2509/2509
f 2509/2509/2509 2513/2513/2513 2514/2514/2514
f 2510/2510/2510 2515/2515/2515 2511/2511/2511
f 2511/2511/2511 2515/2515/2515 2516/2516/2516
f 2511/2511/2511 2516/2516/2516 2512/2512/2512
f 2512/2512/2512 2516/2516/2516 2517/2517/2517
f 2512/2512/2512 2517/2517/2517 2513/2513/2513
f 2513/2513/2513 2517/2517/2517 2518/2518/2518
f 2513/2513/2513 2518/2518/2518 2514/2514/2514
f 2514/2514/2514 2518/2518/2518 2519/2519/2519
f 2515/2515/2515 2520/2520/2520 2516/2516/2516
f 2516/2516/2516 2520/2520/2520 2521/2521/2521
f 2516/2516/2516 2521/2521/2521 2517/2517/2517
f 2517/2517/2517 2521/2521/2521 2522/2522/2522
f 2517/2517/2517 2522/2522/2522 2518/2518/2518
f 2518/2518/2518 2522/2522/2522 2523/2523/2523
f 2518/2518/2518 2523/2523/2523 2519/2519/2519
f 2519/2519/2519 2523/2523/2523 2524/2524/2524
f 2520/2520/2520 2525/2525/2525 2521/2521/2521
f 2521/2521/2521 2525/2525/2525 2526/2526/2526
f 2521/2521/2521 2526/2526/2526 2522/2522/2522
f 2522/2522/2522 2526/2526/2526 2527/2527/2527
f 2522/2522/2522 2527/2527/2527 2523/2523/2523
f 2523/2523/2523 2527/2527/2527 2528/2528/2528
f 2523/2523/2523 2528/2528/2528 2524/2524/2524
f 2524/2524/2524 2528/2528/2528 2529/2529/2529
f 2525/2525/2525 2530/2530/2530 2526/2526/2526
f 2526/2526/2526 2530/2530/2530 2531/2531/2531
f 2526/2526/2526 2531/2531/2531 2527/2527/2527
f 2527/2527/2527 2531/2531/2531 2532/2532/2532
f 2527/2527/2527 2532/2532/2532 2528/2528/2528
f 2528/2528/2528 2532/2532/2532 2533/2533/2533
f 2528/2528/2528 2533/2533/2533 2529/2529/2529
f 2529/2529/2529 2533/2533/2533 2534/2534/2534
f 2530/2530/2530 2535/2535/2535 2531/2531/2531
f 2531/2531/2531 2535/2535/2535 2536/2536/2536
f 2531/2531/2531 2536/2536/2536 2532/2532/2532
f 2532/2532/2532 2536/2536/2536 2537/2537/2537
f 2532/2532/2532 2537/2537/2537 2533/2533/2533
f 2533/2533/2533 2537/2537/2537 2538/2538/2538
f 2533/2533/2533 2538/2538/2538 2534/2534/2534
f 2534/2534/2534 2538/2538/2538 2539/2539/2539
f 2535/2535/2535 2540/2540/2540 2536/2536/2536
f 2536/2536/2536 2540/2540/2540 2541/2541/2541
f 2536/2536/2536 2541/2541/2541 2537/2537/2537
f 2537/2537/2537 2541/2541/2541 2542/2542/2542
f 2537/2537/2537 2542/2542/2542 2538/2538/2538
f 2538/2538/2538 2542/2542/2542 2543/2543/2543
f 2538/2538/2538 2543/2543/2543 2539/2539/2539
f 2539/2539/2539 2543/2543/2543 2544/2544/2544
f 2540/2540/2540 2545/2545/2545 2541/2541/2541
f 2541/2541/2541 2545/2545/2545 2546/2546/2546
f 2541/2541/2541 2546/2546/2546 2542/2542/2542
f 2542/2542/2542 2546/2546/2546 2547/2547/2547
f 2542/2542/2542 2547/2547/2547 2543/2543/2543
f 2543/2543/2543 2547/2547/2547 2548/2548/2548
f 2543/2543/2543 2548/2548/2548 2544/2544/2544
f 2544/2544/2544 2548/2548/2548 2549/2549/2549
f 2545/2545/2545 2546/2546/2546 2550/2550/2550
f 2546/2546/2546 2547/2547/2547 2550/2550/2550
f 2547/2547/2547 2548/2548/2548 2550/2550/2550
f 2548/2548/2548 2549/2549/2549 2550/2550/2550
f 2551/2551/2551 2556/2556/2556 2552/2552/2552
f 2552/2552/2552 2556/2556/2556 2557/2557/2557
f 2552/2552/2552 2557/2557/2557 2553/2553/2553
f 2553/2553/2553 2557/2557/2557 2558/2558/2558
f 2553/2553/2553 2558/2558/2558 2554/2554/2554
f 2554/2554/2554 2558/2558/2558 2559/2559/2559
f 2554/2554/2554 2559/2559/2559 2555/2555/2555
f 2555/2555/2555 2559/2559/2559 2560/2560/2560
f 2556/2556/2556 2561/2561/2561 2557/2557/2557
f 2557/2557/2557 2561/2561/2561 2562/2562/2562
f 2557/2557/2557 2562/2562/2562 2558/2558/2558
f 2558/2558/2558 2562/2562/2562 2563/2563/2563
f 2558/2558/2558 2563/2563/2563 2559/2559/2559
f 2559/2559/2559 2563/2563/2563 2564/2564/2564
f 2559/2559/2559 2564/2564/2564 2560/2560/2560
f 2560/2560/2560 2564/2564/2564 2565/2565/2565
f 2561/2561/2561 2566/2566/2566 2562/2562/2562
f 2562/2562/2562 2566/2566/2566 2567/2567/2567
f 2562/2562/2562 2567/2567/2567 2563/2563/2563
f 2563/2563/2563 2567/2567/2567 2568/2568/2568
f 2563/2563/2563 2568/2568/2568 2564/2564/2564
f 2564/2564/2564 2568/2568/2568 2569/2569/2569
f 2564/2564/2564 2569/2569/2569 2565/2565/2565
f 2565/2565/2565 2569/2569/2569 2570/2570/2570
f 2566/2566/2566 2571/2571/2571 2567/2567/2567
f 2567/2567/2567 2571/2571/2571 2572/2572/2572
f 2567/2567/2567 2572/2572/2572 2568/2568/2568
f 2568/2568/2568 2572/2572/2572 2573/2573/2573
f 2568/2568/2568 2573/2573/2573 2569/2569/2569
f 2569/2569/2569 2573/2573/2573 2574/2574/2574
f 2569/2569/2569 2574/2574/2574 2570/2570/2570
f 2570/2570/2570 2574/2574/2574 2575/2575/2575
f 2571/2571/2571 2572/2572/2572 2576/2576/2576
f 2572/2572/2572 2573/2573/2573 2576/2576/2576
f 2573/2573/2573 2574/2574/2574 2576/2576/2576
f 2574/2574/2574 2575/2575/2575 2576/2576/2576
f 2577/2577/2577 2582/2582/2582 2578/2578/2578
f 2578/2578/2578 2582/2582/2582 2583/2583/2583
f 2578/2578/2578 2583/2583/2583 2579/2579/2579
f 2579/2579/2579 2583/2583/2583 2584/2584/2584
f 2579/2579/2579 2584/2584/2584 2580/2580/2580
f 2580/2580/2580 2584/2584/2584 2585/2585/2585
f 2580/2580/2580 2585/2585/2585 2581/2581/2581
f 2581/2581/2581 2585/2585/2585 2586/2586/2586
f 2582/2582/2582 2587/2587/2587 2583/2583/2583
f 2583/2583/2583 2587/2587/2587 2588/2588/2588
f 2583/2583/2583 2588/2588/2588 2584/2584/2584
f 2584/2584/2584 2588/2588/2588 2589/2589/2589
f 2584/2584/2584 2589/2589/2589 2585/2585/2585
f 2585/2585/2585 2589/2589/2589 2590/2590/2590
f 2585/2585/2585 2590/2590/2590 2586/2586/2586
f 2586/2586/2586 2590/2590/2590 2591/2591/2591
f 2587/2587/2587 2592/2592/2592 2588/2588/2588
f 2588/2588/2588 2592/2592/2592 2593/2593/2593
f 2588/2588/2588 2593/2593/2593 2589/2589/2589
f 2589/2589/2589 2593/2593/2593 2594/2594/2594
f 2589/2589/2589 2594/2594/2594 2590/2590/2590
f 2590/2590/2590 2594/2594/2594 2595/2595/2595
f 2590/2590/2590 2595/2595/2595 2591/2591/2591
f 2591/2591/2591 2595/2595/2595 2596/2596/2596
f 2592/2592/2592 2597/2597/2597 2593/2593/2593
f 2593/2593/2593 2597/2597/2597 2598/2598/2598
f 2593/2593/2593 2598/2598/2598 2594/2594/2594
f 2594/2594/2594 2598/2598/2598 2599/2599/2599
f 2594/2594/2594 2599/2599/2599 2595/2595/2595
f 2595/2595/2595 2599/2599/2599 2600/2600/2600
f 2595/2595/2595 2600/2600/2600 2596/2596/2596
f 2596/2596/2596 2600/2600/2600 2601/2601/2601
f 2597/2597/2597 2598/2598/2598 2602/2602/2602
f 2598/2598/2598 2599/2599/2599 2602/2602/2602
f 2599/2599/2599 2600/2600/2600 2602/2602/2602
f 2600/2600/2600 2601/2601/2601 2602/2602/2602
f 2603/2603/2603 2608/2608/2608 2604/2604/2604
f 2604/2604/2604 2608/2608/2608 2609/2609/2609
f 2604/2604/2604 2609/2609/2609 2605/2605/2605
f 2605/2605/2605 2609/2609/2609 2610/2610/2610
f 2605/2605/2605 2610/2610/2610 2606/2606/2606
f 2606/2606/2606 2610/2610/2610 2611/2611/2611
f 2606/2606/2606 2611/2611/2611 2607/2607/2607
f 2607/2607/2607 2611/2611/2611 2612/2612/2612
f 2608/2608/2608 2613/2613/2613 2609/2609/2609
f 2609/2609/2609 2613/2613/2613 2614/2614/2614
f 2609/2609/2609 2614/2614/2614 2610/2610/2610
f 2610/2610/2610 2614/2614/2614 2615/2615/2615
f 2610/2610/2610 2615/2615/2615 2611/2611/2611
f 2611/2611/2611 2615/2615/2615 2616/2616/2616
f 2611/2611/2611 2616/2616/2616 2612/2612/2612
f 2612/2612/2612 2616/2616/2616 2617/2617/2617
f 2613/2613/2613 2618/2618/2618 2614/2614/2614
f 2614/2614/2614 2618/2618/2618 2619/2619/2619
f 2614/2614/2614 2619/2619/2619 2615/2615/2615
f 2615/2615/2615 2619/2619/2619 2620/2620/2620
f 2615/2615/2615 2620/2620/2620 2616/2616/2616
f 2616/2616/2616 2620/2620/2620 2621/2621/2621
f 2616/2616/2616 2621/2621/2621 2617/2617/2617
f 2617/2617/2617 2621/2621/2621 2622/2622/2622
f 2618/2618/2618 2623/2623/2623 2619/2619/2619
f 2619/2619/2619 2623/2623/2623 2624/2624/2624
f 2619/2619/2619 2624/2624/2624 2620/2620/2620
f 2620/2620/2620 2624/2624/2624 2625/2625/2625
f 2620/2620/2620 2625/2625/2625 2621/2621/2621
f 2621/2621/2621 2625/2625/2625 2626/2626/2626
f 2621/2621/2621 2626/2626/2626 2622/2622/2622
f 2622/2622/2622 2626/2626/2626 2627/2627/2627
f 2623/2623/2623 2624/2624/2624 2628/2628/2628
f 2624/2624/2624 2625/2625/2625 2628/2628/2628
f 2625/2625/2625 2626/2626/2626 2628/2628/2628
f 2626/2626/2626 2627/2627/2627 2628/2628/2628
f 2629/2629/2629 2634/2634/2634 2630/2630/2630
f 2630/2630/2630 2634/2634/2634 2635/2635/2635
f 2630/2630/2630 2635/2635/2635 2631/2631/2631
f 2631/2631/2631 2635/2635/2635 2636/2636/2636
f 2631/2631/2631 2636/2636/2636 2632/2632/2632
f 2632/2632/2632 2636/2636/2636 2637/2637/2637
f 2632/2632/2632 2637/2637/2637 2633/2633/2633
f 2633/2633/2633 2637/2637/2637 2638/2638/2638
f 2634/2634/2634 2639/2639/2639 2635/2635/2635
f 2635/2635/2635 2639/2639/2639 2640/2640/2640
f 2635/2635/2635 2640/2640/2640 2636/2636/2636
f 2636/2636/2636 2640/2640/2640 2641/2641/2641
f 2636/2636/2636 2641/2641/2641 2637/2637/2637
f 2637/2637/2637 2641/2641/2641 2642/2642/2642
f 2637/2637/2637 2642/2642/2642 2638/2638/2638
f 2638/2638/2638 2642/2642/2642 2643/2643/2643
f 2639/2639/2639 2644/2644/2644 2640/2640/2640
f 2640/2640/2640 2644/2644/2644 2645/2645/2645
f 2640/2640/2640 2645/2645/2645 2641/2641/2641
f 2641/2641/2641 2645/2645/2645 2646/2646/2646
f 2641/2641/2641 2646/2646/2646 2642/2642/2642
f 2642/2642/2642 2646/2646/2646 2647/2647/2647
f 2642/2642/2642 2647/2647/2647 2643/2643/2643
f 2643/2643/2643 2647/2647/2647 2648/2648/2648
f 2644/2644/2644 2649/2649/2649 2645/2645/2645
f 2645/2645/2645 2649/2649/2649 2650/2650/2650
f 2645/2645/2645 2650/2650/2650 2646/2646/2646
f 2646/2646/2646 2650/2650/2650 2651/2651/2651
f 2646/2646/2646 2651/2651/2651 2647/2647/2647
f 2647/2647/2647 2651/2651/2651 2652/2652/2652
f 2647/2647/2647 2652/2652/2652 2648/2648/2648
f 2648/2648/2648 2652/2652/2652 2653/2653/2653
f 2649/2649/2649 2650/2650/2650 2654/2654/2654
f 2650/2650/2650 2651/2651/2651 2654/2654/2654
f 2651/2651/2651 2652/2652/2652 2654/2654/2654
f 2652/2652/2652 2653/2653/2653 2654/2654/2654
f 2655/2655/2655 2660/2660/2660 2656/2656/2656
f 2656/2656/2656 2660/2660/2660 2661/2661/2661
f 2656/2656/2656 2661/2661/2661 2657/2657/2657
f 2657/2657/2657 2661/2661/2661 2662/2662/2662
f 2657/2657/2657 2662/2662/2662 2658/2658/2658
f 2658/2658/2658 2662/2662/2662 2663/2663/2663
f 2658/2658/2658 2663/2663/2663 2659/2659/2659
f 2659/2659/2659 2663/2663/2663 2664/2664/2664
f 2660/2660/2660 2665/2665/2665 2661/2661/2661
f 2661/2661/2661 2665/2665/2665 2666/2666/2666
f 2661/2661/2661 2666/2666/2666 2662/2662/2662
f 2662/2662/2662 2666/2666/2666 2667/2667/2667
f 2662/2662/2662 2667/2667/2667 2663/2663/2663
f 2663/2663/2663 2667/2667/2667 2668/2668/2668
f 2663/2663/2663 2668/2668/2668 2664/2664/2664
f 2664/2664/2664 2668/2668/2668 2669/2669/2669
f 2665/2665/2665 2670/2670/2670 2666/2666/2666
f 2666/2666/2666 2670/2670/2670 2671/2671/2671
f 2666/2666/2666 2671/2671/2671 2667/2667/2667
f 2667/2667/2667 2671/2671/2671 2672/2672/2672
f 2667/2667/2667 2672/2672/2672 2668/2668/2668
f 2668/2668/2668 2672/2672/2672 2673/2673/2673
f 2668/2668/2668 2673/2673/2673 2669/2669/2669
f 2669/2669/2669 2673/2673/2673 2674/2674/2674
f 2670/2670/2670 2675/2675/2675 2671/2671/2671
f 2671/2671/2671 2675/2675/2675 2676/2676/2676
f 2671/2671/2671 2676/2676/2676 2672/2672/2672
f 2672/2672/2672 2676/2676/2676 2677/2677/2677
f 2672/2672/2672 2677/2677/2677 2673/2673/2673
f 2673/2673/2673 2677/2677/2677 2678/2678/2678
f 2673/2673/2673 2678/2678/2678 2674/2674/2674
f 2674/2674/2674 2678/2678/2678 2679/2679/2679
f 2675/2675/2675 2676/2676/2676 2680/2680/2680
f 2676/2676/2676 2677/2677/2677 2680/2680/2680
f 2677/2677/2677 2678/2678/2678 2680/2680/2680
f 2678/2678/2678 2679/2679/2679 2680/2680/2680
f 2681/2681/2681 2686/2686/2686 2682/2682/2682
f 2682/2682/2682 2686/2686/2686 2687/2687/2687
f 2682/2682/2682 2687/2687/2687 2683/2683/2683
f 2683/2683/2683 2687/2687/2687 2688/2688/2688
f 2683/2683/2683 2688/2688/2688 2684/2684/2684
f 2684/2684/2684 2688/2688/2688 2689/2689/2689
f 2684/2684/2684 2689/2689/2689 2685/2685/2685
f 2685/2685/2685 2689/2689/2689 2690/2690/2690
f 2686/2686/2686 2691/2691/2691 2687/2687/2687
f 2687/2687/2687 2691/2691/2691 2692/2692/2692
f 2687/2687/2687 2692/2692/2692 2688/2688/2688
f 2688/2688/2688 2692/2692/2692 2693/2693/2693
f 2688/2688/2688 2693/2693/2693 2689/2689/2689
f 2689/2689/2689 2693/2693/2693 2694/2694/2694
f 2689/2689/2689 2694/2694/2694 2690/2690/2690
f 2690/2690/2690 2694/2694/2694 2695/2695/2695
f 2691/2691/2691 2696/2696/2696 2692/2692/2692
f 2692/2692/2692 2696/2696/2696 2697/2697/2697
f 2692/2692/2692 2697/2697/2697 2693/2693/2693
f 2693/2693/2693 2697/2697/2697 2698/2698/2698
f 2693/2693/2693 2698/2698/2698 2694/2694/2694
f 2694/2694/2694 2698/2698/2698 2699/2699/2699
f 2694/2694/2694 2699/2699/2699 2695/2695/2695
f 2695/2695/2695 2699/2699/2699 2700/2700/2700
f 2696/2696/2696 2701/2701/2701 2697/2697/2697
f 2697/2697/2697 2701/2701/2701 2702/2702/2702
f 2697/2697/2697 2702/2702/2702 2698/2698/2698
f 2698/2698/2698 2702/2702/2702 2703/2703/2703
f 2698/2698/2698 2703/2703/2703 2699/2699/2699
f 2699/2699/2699 2703/2703/2703 2704/2704/2704
f 2699/2699/2699 2704/2704/2704 2700/2700/2700
f 2700/2700/2700 2704/2704/2704 2705/2705/2705
f 2701/2701/2701 2702/2702/2702 2706/2706/2706
f 2702/2702/2702 2703/2703/2703 2706/2706/2706
f 2703/2703/2703 2704/2704/2704 2706/2706/2706
f 2704/2704/2704 2705/2705/2705 2706/2706/2706
f 2707/2707/2707 2712/2712/2712 2708/2708/2708
f 2708/2708/2708 2712/2712/2712 2713/2713/2713
f 2708/2708/2708 2713/2713/2713 2709/2709/2709
f 2709/2709/2709 2713/2713/2713 2714/2714/2714
f 2709/2709/2709 2714/2714/2714 2710/2710/2710
f 2710/2710/2710 2714/2714/2714 2715/2715/2715
f 2710/2710/2710 2715/2715/2715 2711/2711/2711
f 2711/2711/2711 2715/2715/2715 2716/2716/2716
f 2712/2712/2712 2717/2717/2717 2713/2713/2713
f 2713/2713/2713 2717/2717/2717 2718/2718/2718
f 2713/2713/2713 2718/2718/2718 2714/2714/2714
f 2714/2714/2714 2718/2718/2718 2719/2719/2719
f 2714/2714/2714 2719/2719/2719 2715/2715/2715
f 2715/2715/2715 2719/2719/2719 2720/2720/2720
f 2715/2715/2715 2720/2720/2720 2716/2716/2716
f 2716/2716/2716 2720/2720/2720 2721/2721/2721
f 2717/2717/2717 2722/2722/2722 2718/2718/2718
f 2718/2718/2718 2722/2722/2722 2723/2723/2723
f 2718/2718/2718 2723/2723/2723 2719/2719/2719
f 2719/2719/2719 2723/2723/2723 2724/2724/2724
f 2719/2719/2719 2724/2724/2724 2720/2720/2720
f 2720/2720/2720 2724/2724/2724 2725/2725/2725
f 2720/2720/2720 2725/2725/2725 2721/2721/2721
f 2721/2721/2721 2725/2725/2725 2726/2726/2726
f 2722/2722/2722 2727/2727/2727 2723/2723/2723
f 2723/2723/2723 2727/2727/2727 2728/2728/2728
f 2723/2723/2723 2728/2728/2728 2724/2724/2724
f 2724/2724/2724 2728/2728/2728 2729/2729/2729
f 2724/2724/2724 2729/2729/2729 2725/2725/2725
f 2725/2725/2725 2729/2729/2729 2730/2730/2730
f 2725/2725/2725 2730/2730/2730 2726/2726/2726
f 2726/2726/2726 2730/2730/2730 2731/2731/2731
f 2727/2727/2727 2728/2728/2728 2732/2732/2732
f 2728/2728/2728 2729/2729/2729 2732/2732/2732
f 2729/2729/2729 2730/2730/2730 2732/2732/2732
f 2730/2730/2730 2731/2731/2731 2732/2732/2732
f 2733/2733/2733 2738/2738/2738 2734/2734/2734
f 2734/2734/2734 2738/2738/2738 2739/2739/2739
f 2734/2734/2734 2739/2739/2739 2735/2735/2735
f 2735/2735/2735 2739/2739/2739 2740/2740/2740
f 2735/2735/2735 2740/2740/2740 2736/2736/2736
f 2736/2736/2736 2740/2740/2740 2741/2741/2741
f 2736/2736/2736 2741/2741/2741 2737/2737/2737
f 2737/2737/2737 2741/2741/2741 2742/2742/2742
f 2738/2738/2738 2743/2743/2743 2739/2739/2739
f 2739/2739/2739 2743/2743/2743 2744/2744/2744
f 2739/2739/2739 2744/2744/2744 2740/2740/2740
f 2740/2740/2740 2744/2744/2744 2745/2745/2745
f 2740/2740/2740 2745/2745/2745 2741/2741/2741
f 2741/2741/2741 2745/2745/2745 2746/2746/2746
f 2741/2741/2741 2746/2746/2746 2742/2742/2742
f 2742/2742/2742 2746/2746/2746 2747/2747/2747
f 2743/2743/2743 2748/2748/2748 2744/2744/2744
f 2744/2744/2744 2748/2748/2748 2749/2749/2749
f 2744/2744/2744 2749/2749/2749 2745/2745/2745
f 2745/2745/2745 2749/2749/2749 2750/2750/2750
f 2745/2745/2745 2750/2750/2750 2746/2746/2746
f 2746/2746/2746 2750/2750/2750 2751/2751/2751
f 2746/2746/2746 2751/2751/2751 2747/2747/2747
f 2747/2747/2747 2751/2751/2751 2752/2752/2752
f 2748/2748/2748 2753/2753/2753 2749/2749/2749
f 2749/2749/2749 2753/2753/2753 2754/2754/2754
f 2749/2749/2749 2754/2754/2754 2750/2750/2750
f 2750/2750/2750 2754/2754/2754 2755/2755/2755
f 2750/2750/2750 2755/2755/2755 2751/2751/2751
f 2751/2751/2751 2755/2755/2755 2756/2756/2756
f 2751/2751/2751 2756/2756/2756 2752/2752/2752
f 2752/2752/2752 2756/2756/2756 2757/2757/2757
f 2753/2753/2753 2754/2754/2754 2758/2758/2758
f 2754/2754/2754 2755/2755/2755 2758/2758/2758
f 2755/2755/2755 2756/2756/2756 2758/2758/2758
f 2756/2756/2756 2757/2757/2757 2758/2758/2758
f 2759/2759/2759 2764/2764/2764 2760/2760/2760
f 2760/2760/2760 2764/2764/2764 2765/2765/2765
f 2760/2760/2760 2765/2765/2765 2761/2761/2761
f 2761/2761/2761 2765/2765/2765 2766/2766/2766
f 2761/2761/2761 2766/2766/2766 2762/2762/2762
f 2762/2762/2762 2766/2766/2766 2767/2767/2767
f 2762/2762/2762 2767/2767/2767 2763/2763/2763
f 2763/2763/2763 2767/2767/2767 2768/2768/2768
f 2764/2764/2764 2769/2769/2769 2765/2765/2765
f 2765/2765/2765 2769/2769/2769 2770/2770/2770
f 2765/2765/2765 2770/2770/2770 2766/2766/2766
f 2766/2766/2766 2770/2770/2770 2771/2771/2771
f 2766/2766/2766 2771/2771/2771 2767/2767/2767
f 2767/2767/2767 2771/2771/2771 2772/2772/2772
f 2767/2767/2767 2772/2772/2772 2768/2768/2768
f 2768/2768/2768 2772/2772/2772 2773/2773/2773
f 2769/2769/2769 2774/2774/2774 2770/2770/2770
f 2770/2770/2770 2774/2774/2774 2775/2775/2775
f 2770/2770/2770 2775/2775/2775 2771/2771/2771
f 2771/2771/2771 2775/2775/2775 2776/2776/2776
f 2771/2771/2771 2776/2776/2776 2772/2772/2772
f 2772/2772/2772 2776/2776/2776 2777/2777/2777
f 2772/2772/2772 2777/2777/2777 2773/2773/2773
f 2773/2773/2773 2777/2777/2777 2778/2778/2778
f 2774/2774/2774 2779/2779/2779 2775/2775/2775
f 2775/2775/2775 2779/2779/2779 2780/2780/2780
f 2775/2775/2775 2780/2780/2780 2776/2776/2776
f 2776/2776/2776 2780/2780/2780 2781/2781/2781
f 2776/2776/2776 2781/2781/2781 2777/2777/2777
f 2777/2777/2777 2781/2781/2781 2782/2782/2782
f 2777/2777/2777 2782/2782/2782 2778/2778/2778
f 2778/2778/2778 2782/2782/2782 2783/2783/2783
f 2779/2779/2779 2784/2784/2784 2780/2780/2780
f 2780/2780/2780 2784/2784/2784 2785/2785/2785
f 2780/2780/2780 2785/2785/2785 2781/2781/2781
f 2781/2781/2781 2785/2785/2785 2786/2786/2786
f 2781/2781/2781 2786/2786/2786 2782/2782/2782
f 2782/2782/2782 2786/2786/2786 2787/2787/2787
f 2782/2782/2782 2787/2787/2787 2783/2783/2783
f 2783/2783/2783 2787/2787/2787 2788/2788/2788
f 2784/2784/2784 2789/2789/2789 2785/2785/2785
f 2785/2785/2785 2789/2789/2789 2790/2790/2790
f 2785/2785/2785 2790/2790/2790 2786/2786/2786
f 2786/2786/2786 2790/2790/2790 2791/2791/2791
f 2786/2786/2786 2791/2791/2791 2787/2787/2787
f 2787/2787/2787 2791/2791/2791 2792/2792/2792
f 2787/2787/2787 2792/2792/2792 2788/2788/2788
f 2788/2788/2788 2792/2792/2792 2793/2793/2793
f 2789/2789/2789 2794/2794/2794 2790/2790/2790
f 2790/2790/2790 2794/2794/2794 2795/2795/2795
f 2790/2790/2790 2795/2795/2795 2791/2791/2791
f 2791/2791/2791 2795/2795/2795 2796/2796/2796
f 2791/2791/2791 2796/2796/2796 2792/2792/2792
f 2792/2792/2792 2796/2796/2796 2797/2797/2797
f 2792/2792/2792 2797/2797/2797 2793/2793/2793
f 2793/2793/2793 2797/2797/2797 2798/2798/2798
f 2794/2794/2794 2795/2795/2795 2799/2799/2799
f 2795/2795/2795 2796/2796/2796 2799/2799/2799
f 2796/2796/2796 2797/2797/2797 2799/2799/2799
f 2797/2797/2797 2798/2798/2798 2799/2799/2799
f 2800/2800/2800 2805/2805/2805 2801/2801/2801
f 2801/2801/2801 2805/2805/2805 2806/2806/2806
f 2801/2801/2801 2806/2806/2806 2802/2802/2802
f 2802/2802/2802 2806/2806/2806 2807/2807/2807
f 2802/2802/2802 2807/2807/2807 2803/2803/2803
f 2803/2803/2803 2807/2807/2807 2808/2808/2808
f 2803/2803/2803 2808/2808/2808 2804/2804/2804
f 2804/2804/2804 2808/2808/2808 2809/2809/2809
f 2805/2805/2805 2810/2810/2810 2806/2806/2806
f 2806/2806/2806 2810/2810/2810 2811/2811/2811
f 2806/2806/2806 2811/2811/2811 2807/2807/2807
f 2807/2807/2807 2811/2811/2811 2812/2812/2812
f 2807/2807/2807 2812/2812/2812 2808/2808/2808
f 2808/2808/2808 2812/2812/2812 2813/2813/2813
f 2808/2808/2808 2813/2813/2813 2809/2809/2809
f 2809/2809/2809 2813/2813/2813 2814/2814/2814
f 2810/2810/2810 2815/2815/2815 2811/2811/2811
f 2811/2811/2811 2815/2815/2815 2816/2816/2816
f 2811/2811/2811 2816/2816/2816 2812/2812/2812
f 2812/2812/2812 2816/2816/2816 2817/2817/2817
f 2812/2812/2812 2817/2817/2817 2813/2813/2813
f 2813/2813/2813 2817/2817/2817 2818/2818/2818
f 2813/2813/2813 2818/2818/2818 2814/2814/2814
f 2814/2814/2814 2818/2818/2818 2819/2819/2819
f 2815/2815/2815 2820/2820/2820 2816/2816/2816
f 2816/2816/2816 2820/2820/2820 2821/2821/2821
f 2816/2816/2816 2821/2821/2821 2817/2817/2817
f 2817/2817/2817 2821/2821/2821 2822/2822/2822
f 2817/2817/2817 2822/2822/2822 2818/2818/2818
f 2818/2818/2818 2822/2822/2822 2823/2823/2823
f 2818/2818/2818 2823/2823/2823 2819/2819/2819
f 2819/2819/2819 2823/2823/2823 2824/2824/2824
f 2820/2820/2820 2821/2821/2821 2825/2825/2825
f 2821/2821/2821 2822/2822/2822 2825/2825/2825
f 2822/2822/2822 2823/2823/2823 2825/2825/2825
f 2823/2823/2823 2824/2824/2824 2825/2825/2825
f 2826/2826/2826 2831/2831/2831 2827/2827/2827
f 2827/2827/2827 2831/2831/2831 2832/2832/2832
f 2827/2827/2827 2832/2832/2832 2828/2828/2828
f 2828/2828/2828 2832/2832/2832 2833/2833/2833
f 2828/2828/2828 2833/2833/2833 2829/2829/2829
f 2829/2829/2829 2833/2833/2833 2834/2834/2834
f 2829/2829/2829 2834/2834/2834 2830/2830/2830
f 2830/2830/2830 2834/2834/2834 2835/2835/2835
f 2831/2831/2831 2836/2836/2836 2832/2832/2832
f 2832/2832/2832 2836/2836/2836 2837/2837/2837
f 2832/2832/2832 2837/2837/2837 2833/2833/2833
f 2833/2833/2833 2837/2837/2837 2838/2838/2838
f 2833/2833/2833 2838/2838/2838 2834/2834/2834
f 2834/2834/2834 2838/2838/2838 2839/2839/2839
f 2834/2834/2834 2839/2839/2839 2835/2835/2835
f 2835/2835/2835 2839/2839/2839 2840/2840/2840
f 2836/2836/2836 2841/2841/2841 2837/2837/2837
f 2837/2837/2837 2841/2841/2841 2842/2842/2842
f 2837/2837/2837 2842/2842/2842 2838/2838/2838
f 2838/2838/2838 2842/2842/2842 2843/2843/2843
f 2838/2838/2838 2843/2843/2843 2839/2839/2839
f 2839/2839/2839 2843/2843/2843 2844/2844/2844
f 2839/2839/2839 2844/2844/2844 2840/2840/2840
f 2840/2840/2840 2844/2844/2844 2845/2845/2845
f 2841/2841/2841 2846/2846/2846 2842/2842/2842
f 2842/2842/2842 2846/2846/2846 2847/2847/2847
f 2842/2842/2842 2847/2847/2847 2843/2843/2843
f 2843/2843/2843 2847/2847/2847 2848/2848/2848
f 2843/2843/2843 2848/2848/2848 2844/2844/2844
f 2844/2844/2844 2848/2848/2848 2849/2849/2849
f 2844/2844/2844 2849/2849/2849 2845/2845/2845
f 2845/2845/2845 2849/2849/2849 2850/2850/2850
f 2846/2846/2846 2847/2847/2847 2851/2851/2851
f 2847/2847/2847 2848/2848/2848 2851/2851/2851
f 2848/2848/2848 2849/2849/2849 2851/2851/2851
f 2849/2849/2849 2850/2850/2850 2851/2851/2851
f 2852/2852/2852 2857/2857/2857 2853/2853/2853
f 2853/2853/2853 2857/2857/2857 2858/2858/2858
f 2853/2853/2853 2858/2858/2858 2854/2854/2854
f 2854/2854/2854 2858/2858/2858 2859/2859/2859
f 2854/2854/2854 2859/2859/2859 2855/2855/2855
f 2855/2855/2855 2859/2859/2859 2860/2860/2860
f 2855/2855/2855 2860/2860/2860 2856/2856/2856
f 2856/2856/2856 2860/2860/2860 2861/2861/2861
f 2857/2857/2857 2862/2862/2862 2858/2858/2858
f 2858/2858/2858 2862/2862/2862 2863/2863/2863
f 2858/2858/2858 2863/2863/2863 2859/2859/2859
f 2859/2859/2859 2863/2863/2863 2864/2864/2864
f 2859/2859/2859 2864/2864/2864 2860/2860/2860
f 2860/2860/2860 2864/2864/2864 2865/2865/2865
f 2860/2860/2860 2865/2865/2865 2861/2861/2861
f 2861/2861/2861 2865/2865/2865 2866/2866/2866
f 2862/2862/2862 2867/2867/2867 2863/2863/2863
f 2863/2863/2863 2867/2867/2867 2868/2868/2868
f 2863/2863/2863 2868/2868/2868 2864/2864/2864
f 2864/2864/2864 2868/2868/2868 2869/2869/2869
f 2864/2864/2864 2869/2869/2869 2865/2865/2865
f 2865/2865/2865 2869/2869/2869 2870/2870/2870
f 2865/2865/2865 2870/2870/2870 2866/2866/2866
f 2866/2866/2866 2870/2870/2870 2871/2871/2871
f 2867/2867/2867 2872/2872/2872 2868/2868/2868
f 2868/2868/2868 2872/2872/2872 2873/2873/2873
f 2868/2868/2868 2873/2873/2873 2869/2869/2869
f 2869/2869/2869 2873/2873/2873 2874/2874/2874
f 2869/2869/2869 2874/2874/2874 2870/2870/2870
f 2870/2870/2870 2874/2874/2874 2875/2875/2875
f 2870/2870/2870 2875/2875/2875 2871/2871/2871
f 2871/2871/2871 2875/2875/2875 2876/2876/2876
f 2872/2872/2872 2873/2873/2873 2877/2877/2877
f 2873/2873/2873 2874/2874/2874 2877/2877/2877
f 2874/2874/2874 2875/2875/2875 2877/2877/2877
f 2875/2875/2875 2876/2876/2876 2877/2877/2877
f 2878/2878/2878 2883/2883/2883 2879/2879/2879
f 2879/2879/2879 2883/2883/2883 2884/2884/2884
f 2879/2879/2879 2884/2884/2884 2880/2880/2880
f 2880/2880/2880 2884/2884/2884 2885/2885/2885
f 2880/2880/2880 2885/2885/2885 2881/2881/2881
f 2881/2881/2881 2885/2885/2885 2886/2886/2886
f 2881/2881/2881 2886/2886/2886 2882/2882/2882
f 2882/2882/2882 2886/2886/2886 2887/2887/2887
f 2883/2883/2883 2888/2888/2888 2884/2884/2884
f 2884/2884/2884 2888/2888/2888 2889/2889/2889
f 2884/2884/2884 2889/2889/2889 2885/2885/2885
f 2885/2885/2885 2889/2889/2889 2890/2890/2890
f 2885/2885/2885 2890/2890/2890 2886/2886/2886
f 2886/2886/2886 2890/2890/2890 2891/2891/2891
f 2886/2886/2886 2891/2891/2891 2887/2887/2887
f 2887/2887/2887 2891/2891/2891 2892/2892/2892
f 2888/2888/2888 2893/2893/2893 2889/2889/2889
f 2889/2889/2889 2893/2893/2893 2894/2894/2894
f 2889/2889/2889 2894/2894/2894 2890/2890/2890
f 2890/2890/2890 2894/2894/2894 2895/2895/2895
f 2890/2890/2890 2895/2895/2895 2891/2891/2891
f 2891/2891/2891 2895/2895/2895 2896/2896/2896
f 2891/2891/2891 2896/2896/2896 2892/2892/2892
f 2892/2892/2892 2896/2896/2896 2897/2897/2897
f 2893/2893/2893 2898/2898/2898 2894/2894/2894
f 2894/2894/2894 2898/2898/2898 2899/2899/2899
f 2894/2894/2894 2899/2899/2899 2895/2895/2895
f 2895/2895/2895 2899/2899/2899 2900/2900/2900
f 2895/2895/2895 2900/2900/2900 2896/2896/2896
f 2896/2896/2896 2900/2900/2900 2901/2901/2901
f 2896/2896/2896 2901/2901/2901 2897/2897/2897
f 2897/2897/2897 2901/2901/2901 2902/2902/2902
f 2898/2898/2898 2899/2899/2899 2903/2903/2903
f 2899/2899/2899 2900/2900/2900 2903/2903/2903
f 2900/2900/2900 2901/2901/2901 2903/2903/2903
f 2901/2901/2901 2902/2902/2902 2903/2903/2903
f 2904/2904/2904 2909/2909/2909 2905/2905/2905
f 2905/2905/2905 2909/2909/2909 2910/2910/2910
f 2905/2905/2905 2910/2910/2910 2906/2906/2906
f 2906/2906/2906 2910/2910/2910 2911/2911/2911
f 2906/2906/2906 2911/2911/2911 2907/2907/2907
f 2907/2907/2907 2911/2911/2911 2912/2912/2912
f 2907/2907/2907 2912/2912/2912 2908/2908/2908
f 2908/2908/2908 2912/2912/2912 2913/2913/2913
f 2909/2909/2909 2914/2914/2914 2910/2910/2910
f 2910/2910/2910 2914/2914/2914 2915/2915/2915
f 2910/2910/2910 2915/2915/2915 2911/2911/2911
f 2911/2911/2911 2915/2915/2915 2916/2916/2916
f 2911/2911/2911 2916/2916/2916 2912/2912/2912
f 2912/2912/2912 2916/2916/2916 2917/2917/2917
f 2912/2912/2912 2917/2917/2917 2913/2913/2913
f 2913/2913/2913 2917/2917/2917 2918/2918/2918
f 2914/2914/2914 2919/2919/2919 2915/2915/2915
f 2915/2915/2915 2919/2919/2919 2920/2920/2920
f 2915/2915/2915 2920/2920/2920 2916/2916/2916
f 2916/2916/2916 2920/2920/2920 2921/2921/2921
f 2916/2916/2916 2921/2921/2921 2917/2917/2917
f 2917/2917/2917 2921/2921/2921 2922/2922/2922
f 2917/2917/2917 2922/2922/2922 2918/2918/2918
f 2918/2918/2918 2922/2922/2922 2923/2923/2923
f 2919/2919/2919 2924/2924/2924 2920/2920/2920
f 2920/2920/2920 2924/2924/2924 2925/2925/2925
f 2920/2920/2920 2925/2925/2925 2921/2921/2921
f 2921/2921/2921 2925/2925/2925 2926/2926/2926
f 2921/2921/2921 2926/2926/2926 2922/2922/2922
f 2922/2922/2922 2926/2926/2926 2927/2927/2927
f 2922/2922/2922 2927/2927/2927 2923/2923/2923
f 2923/2923/2923 2927/2927/2927 2928/2928/2928
f 2924/2924/2924 2925/2925/2925 2929/2929/2929
f 2925/2925/2925 2926/2926/2926 2929/2929/2929
f 2926/2926/2926 2927/2927/2927 2929/2929/2929
f 2927/2927/2927 2928/2928/2928 2929/2929/2929
f 2930/2930/2930 2935/2935/2935 2931/2931/2931
f 2931/2931/2931 2935/2935/2935 2936/2936/2936
f 2931/2931/2931 2936/2936/2936 2932/2932/2932
f 2932/2932/2932 2936/2936/2936 2937/2937/2937
f 2932/2932/2932 2937/2937/2937 2933/2933/2933
f 2933/2933/2933 2937/2937/2937 2938/2938/2938
f 2933/2933/2933 2938/2938/2938 2934/2934/2934
f 2934/2934/2934 2938/2938/2938 2939/2939/2939
f 2935/2935/2935 2940/2940/2940 2936/2936/2936
f 2936/2936/2936 2940/2940/2940 2941/2941/2941
f 2936/2936/2936 2941/2941/2941 2937/2937/2937
f 2937/2937/2937 2941/2941/2941 2942/2942/2942
f 2937/2937/2937 2942/2942/2942 2938/2938/2938
f 2938/2938/2938 2942/2942/2942 2943/2943/2943
f 2938/2938/2938 2943/2943/2943 2939/2939/2939
f 2939/2939/2939 2943/2943/2943 2944/2944/2944
f 2940/2940/2940 2945/2945/2945 2941/2941/2941
f 2941/2941/2941 2945/2945/2945 2946/2946/2946
f 2941/2941/2941 2946/2946/2946 2942/2942/2942
f 2942/2942/2942 2946/2946/2946 2947/2947/2947
f 2942/2942/2942 2947/2947/2947 2943/2943/2943
f 2943/2943/2943 2947/2947/2947 2948/2948/2948
f 2943/2943/2943 2948/2948/2948 2944/2944/2944
f 2944/2944/2944 2948/2948/2948 2949/2949/2949
f 2945/2945/2945 2950/2950/2950 2946/2946/2946
f 2946/2946/2946 2950/2950/2950 2951/2951/2951
f 2946/2946/2946 2951/2951/2951 2947/2947/2947
f 2947/2947/2947 2951/2951/2951 2952/2952/2952
f 2947/2947/2947 2952/2952/2952 2948/2948/2948
f 2948/2948/2948 2952/2952/2952 2953/2953/2953
f 2948/2948/2948 2953/2953/2953 2949/2949/2949
f 2949/2949/2949 2953/2953/2953 2954/2954/2954
f 2950/2950/2950 2951/2951/2951 2955/2955/2955
f 2951/2951/2951 2952/2952/2952 2955/2955/2955
f 2952/2952/2952 2953/2953/2953 2955/2955/2955
f 2953/2953/2953 2954/2954/2954 2955/2955/2955
f 2956/2956/2956 2961/2961/2961 2957/2957/2957
f 2957/2957/2957 2961/2961/2961 2962/2962/2962
f 2957/2957/2957 2962/2962/2962 2958/2958/2958
f 2958/2958/2958 2962/2962/2962 2963/2963/2963
f 2958/2958/2958 2963/2963/2963 2959/2959/2959
f 2959/2959/2959 2963/2963/2963 2964/2964/2964
f 2959/2959/2959 2964/2964/2964 2960/2960/2960
f 2960/2960/2960 2964/2964/2964 2965/2965/2965
f 2961/2961/2961 2966/2966/2966 2962/2962/2962
f 2962/2962/2962 2966/2966/2966 2967/2967/2967
f 2962/2962/2962 2967/2967/2967 2963/2963/2963
f 2963/2963/2963 2967/2967/2967 2968/2968/2968
f 2963/2963/2963 2968/2968/2968 2964/2964/2964
f 2964/2964/2964 2968/2968/2968 2969/2969/2969
f 2964/2964/2964 2969/2969/2969 2965/2965/2965
f 2965/2965/2965 2969/2969/2969 2970/2970/2970
f 2966/2966/2966 2971/2971/2971 2967/2967/2967
f 2967/2967/2967 2971/2971/2971 2972/2972/2972
f 2967/2967/2967 2972/2972/2972 2968/2968/2968
f 2968/2968/2968 2972/2972/2972 2973/2973/2973
f 2968/2968/2968 2973/2973/2973 2969/2969/2969
f 2969/2969/2969 2973/2973/2973 2974/2974/2974
f 2969/2969/2969 2974/2974/2974 2970/2970/2970
f 2970/2970/2970 2974/2974/2974 2975/2975/2975
f 2971/2971/2971 2976/2976/2976 2972/2972/2972
f 2972/2972/2972 2976/2976/2976 2977/2977/2977
f 2972/2972/2972 2977/2977/2977 2973/2973/2973
f 2973/2973/2973 2977/2977/2977 2978/2978/2978
f 2973/2973/2973 2978/2978/2978 2974/2974/2974
f 2974/2974/2974 2978/2978/2978 2979/2979/2979
f 2974/2974/2974 2979/2979/2979 2975/2975/2975
f 2975/2975/2975 2979/2979/2979 2980/2980/2980
f 2976/2976/2976 2977/2977/2977 2981/2981/2981
f 2977/2977/2977 2978/2978/2978 2981/2981/2981
f 2978/2978/2978 2979/2979/2979 2981/2981/2981
f 2979/2979/2979 2980/2980/2980 2981/2981/2981
f 2982/2982/2982 2987/2987/2987 2983/2983/2983
f 2983/2983/2983 2987/2987/2987 2988/2988/2988
f 2983/2983/2983 2988/2988/2988 2984/2984/2984
f 2984/2984/2984 2988/2988/2988 2989/2989/2989
f 2984/2984/2984 2989/2989/2989 2985/2985/2985
f 2985/2985/2985 2989/2989/2989 2990/2990/2990
f 2985/2985/2985 2990/2990/2990 2986/2986/2986
f 2986/2986/2986 2990/2990/2990 2991/2991/2991
f 2987/2987/2987 2992/2992/2992 2988/2988/2988
f 2988/2988/2988 2992/2992/2992 2993/2993/2993
f 2988/2988/2988 2993/2993/2993 2989/2989/2989
f 2989/2989/2989 2993/2993/2993 2994/2994/2994
f 2989/2989/2989 2994/2994/2994 2990/2990/2990
f 2990/2990/2990 2994/2994/2994 2995/2995/2995
f 2990/2990/2990 2995/2995/2995 2991/2991/2991
f 2991/2991/2991 2995/2995/2995 2996/2996/2996
f 2992/2992/2992 2997/2997/2997 2993/2993/2993
f 2993/2993/2993 2997/2997/2997 2998/2998/2998
f 2993/2993/2993 2998/2998/2998 2994/2994/2994
f 2994/2994/2994 2998/2998/2998 2999/2999/2999
f 2994/2994/2994 2999/2999/2999 2995/2995/2995
f 2995/2995/2995 2999/2999/2999 3000/3000/3000
f 2995/2995/2995 3000/3000/3000 2996/2996/2996
f 2996/2996/2996 3000/3000/3000 3001/3001/3001
f 2997/2997/2997 3002/3002/3002 2998/2998/2998
f 2998/2998/2998 3002/3002/3002 3003/3003/3003
f 2998/2998/2998 3003/3003/3003 2999/2999/2999
f 2999/2999/2999 3003/3003/3003 3004/3004/3004
f 2999/2999/2999 3004/3004/3004 3000/3000/3000
f 3000/3000/3000 3004/3004/3004 3005/3005/3005
f 3000/3000/3000 3005/3005/3005 3001/3001/3001
f 3001/3001/3001 3005/3005/3005 3006/3006/3006
f 3002/3002/3002 3007/3007/3007 3003/3003/3003
f 3003/3003/3003 3007/3007/3007 3008/3008/3008
f 3003/3003/3003 3008/3008/3008 3004/3004/3004
f 3004/3004/3004 3008/3008/3008 3009/3009/3009
f 3004/3004/3004 3009/3009/3009 3005/3005/3005
f 3005/3005/3005 3009/3009/3009 3010/3010/3010
f 3005/3005/3005 3010/3010/3010 3006/3006/3006
f 3006/3006/3006 3010/3010/3010 3011/3011/3011
f 3007/3007/3007 3012/3012/3012 3008/3008/3008
f 3008/3008/3008 3012/3012/3012 3013/3013/3013
f 3008/3008/3008 3013/3013/3013 3009/3009/3009
f 3009/3009/3009 3013/3013/3013 3014/3014/3014
f 3009/3009/3009 3014/3014/3014 3010/3010/3010
f 3010/3010/3010 3014/3014/3014 3015/3015/3015
f 3010/3010/3010 3015/3015/3015 3011/3011/3011
f 3011/3011/3011 3015/3015/3015 3016/3016/3016
f 3012/3012/3012 3017/3017/3017 3013/3013/3013
f 3013/3013/3013 3017/3017/3017 3018/3018/3018
f 3013/3013/3013 3018/3018/3018 3014/3014/3014
f 3014/3014/3014 3018/3018/3018 3019/3019/3019
f 3014/3014/3014 3019/3019/3019 3015/3015/3015
f 3015/3015/3015 3019/3019/3019 3020/3020/3020
f 3015/3015/3015 3020/3020/3020 3016/3016/3016
f 3016/3016/3016 3020/3020/3020 3021/3021/3021
f 3017/3017/3017 3022/3022/3022 3018/3018/3018
f 3018/3018/3018 3022/3022/3022 3023/3023/3023
f 3018/3018/3018 3023/3023/3023 3019/3019/3019
f 3019/3019/3019 3023/3023/3023 3024/3024/3024
f 3019/3019/3019 3024/3024/3024 3020/3020/3020
f 3020/3020/3020 3024/3024/3024 3025/3025/3025
f 3020/3020/3020 3025/3025/3025 3021/3021/3021
f 3021/3021/3021 3025/3025/3025 3026/3026/3026
f 3022/3022/3022 3023/3023/3023 3027/3027/3027
f 3023/3023/3023 3024/3024/3024 3027/3027/3027
f 3024/3024/3024 3025/3025/3025 3027/3027/3027
f 3025/3025/3025 3026/3026/3026 3027/3027/3027
f 3028/3028/3028 3033/3033/3033 3029/3029/3029
f 3029/3029/3029 3033/3033/3033 3034/3034/3034
f 3029/3029/3029 3034/3034/3034 3030/3030/3030
f 3030/3030/3030 3034/3034/3034 3035/3035/3035
f 3030/3030/3030 3035/3035/3035 3031/3031/3031
f 3031/3031/3031 3035/3035/3035 3036/3036/3036
f 3031/3031/3031 3036/3036/3036 3032/3032/3032
f 3032/3032/3032 3036/3036/3036 3037/3037/3037
f 3033/3033/3033 3038/3038/3038 3034/3034/3034
f 3034/3034/3034 3038/3038/3038 3039/3039/3039
f 3034/3034/3034 3039/3039/3039 3035/3035/3035
f 3035/3035/3035 3039/3039/3039 3040/3040/3040
f 3035/3035/3035 3040/3040/3040 3036/3036/3036
f 3036/3036/3036 3040/3040/3040 3041/3041/3041
f 3036/3036/3036 3041/3041/3041 3037/3037/3037
f 3037/3037/3037 3041/3041/3041 3042/3042/3042
f 3038/3038/3038 3043/3043/3043 3039/3039/3039
f 3039/3039/3039 3043/3043/3043 3044/3044/3044
f 3039/3039/3039 3044/3044/3044 3040/3040/3040
f 3040/3040/3040 3044/3044/3044 3045/3045/3045
f 3040/3040/3040 3045/3045/3045 3041/3041/3041
f 3041/3041/3041 3045/3045/3045 3046/3046/3046
f 3041/3041/3041 3046/3046/3046 3042/3042/3042
f 3042/3042/3042 3046/3046/3046 3047/3047/3047
f 3043/3043/3043 3048/3048/3048 3044/3044/3044
f 3044/3044/3044 3048/3048/3048 3049/3049/3049
f 3044/3044/3044 3049/3049/3049 3045/3045/3045
f 3045/3045/3045 3049/3049/3049 3050/3050/3050
f 3045/3045/3045 3050/3050/3050 3046/3046/3046
f 3046/3046/3046 3050/3050/3050 3051/3051/3051
f 3046/3046/3046 3051/3051/3051 3047/3047/3047
f 3047/3047/3047 3051/3051/3051 3052/3052/3052
f 3048/3048/3048 3049/3049/3049 3053/3053/3053
f 3049/3049/3049 3050/3050/3050 3053/3053/3053
f 3050/3050/3050 3051/3051/3051 3053/3053/3053
f 3051/3051/3051 3052/3052/3052 3053/3053/3053
f 3054/3054/3054 3059/3059/3059 3055/3055/3055
f 3055/3055/3055 3059/3059/3059 3060/3060/3060
f 3055/3055/3055 3060/3060/3060 3056/3056/3056
f 3056/3056/3056 3060/3060/3060 3061/3061/3061
f 3056/3056/3056 3061/3061/3061 3057/3057/3057
f 3057/3057/3057 3061/3061/3061 3062/3062/3062
f 3057/3057/3057 3062/3062/3062 3058/3058/3058
f 3058/3058/3058 3062/3062/3062 3063/3063/3063
f 3059/3059/3059 3064/3064/3064 3060/3060/3060
f 3060/3060/3060 3064/3064/3064 3065/3065/3065
f 3060/3060/3060 3065/3065/3065 3061/3061/3061
f 3061/3061/3061 3065/3065/3065 3066/3066/3066
f 3061/3061/3061 3066/3066/3066 3062/3062/3062
f 3062/3062/3062 3066/3066/3066 3067/3067/3067
f 3062/3062/3062 3067/3067/3067 3063/3063/3063
f 3063/3063/3063 3067/3067/3067 3068/3068/3068
f 3064/3064/3064 3069/3069/3069 3065/3065/3065
f 3065/3065/3065 3069/3069/3069 3070/3070/3070
f 3065/3065/3065 3070/3070/3070 3066/3066/3066
f 3066/3066/3066 3070/3070/3070 3071/3071/3071
f 3066/3066/3066 3071/3071/3071 3067/3067/3067
f 3067/3067/3067 3071/3071/3071 3072/3072/3072
f 3067/3067/3067 3072/3072/3072 3068/3068/3068
f 3068/3068/3068 3072/3072/3072 3073/3073/3073
f 3069/3069/3069 3074/3074/3074 3070/3070/3070
f 3070/3070/3070 3074/3074/3074 3075/3075/3075
f 3070/3070/3070 3075/3075/3075 3071/3071/3071
f 3071/3071/3071 3075/3075/3075 3076/3076/3076
f 3071/3071/3071 3076/3076/3076 3072/3072/3072
f 3072/3072/3072 3076/3076/3076 3077/3077/3077
f 3072/3072/3072 3077/3077/3077 3073/3073/3073
f 3073/3073/3073 3077/3077/3077 3078/3078/3078
f 3074/3074/3074 3075/3075/3075 3079/3079/3079
f 3075/3075/3075 3076/3076/3076 3079/3079/3079
f 3076/3076/3076 3077/3077/3077 3079/3079/3079
f 3077/3077/3077 3078/3078/3078 3079/3079/3079
f 3080/3080/3080 3085/3085/3085 3081/3081/3081
f 3081/3081/3081 3085/3085/3085 3086/3086/3086
f 3081/3081/3081 3086/3086/3086 3082/3082/3082
f 3082/3082/3082 3086/3086/3086 3087/3087/3087
f 3082/3082/3082 3087/3087/3087 3083/3083/3083
f 3083/3083/3083 3087/3087/3087 3088/3088/3088
f 3083/3083/3083 3088/3088/3088 3084/3084/3084
f 3084/3084/3084 3088/3088/3088 3089/3089/3089
f 3085/3085/3085 3090/3090/3090 3086/3086/3086
f 3086/3086/3086 3090/3090/3090 3091/3091/3091
f 3086/3086/3086 3091/3091/3091 3087/3087/3087
f 3087/3087/3087 3091/3091/3091 3092/3092/3092
f 3087/3087/3087 3092/3092/3092 3088/3088/3088
f 3088/3088/3088 3092/3092/3092 3093/3093/3093
f 3088/3088/3088 3093/3093/3093 3089/3089/3089
f 3089/3089/3089 3093/3093/3093 3094/3094/3094
f 3090/3090/3090 3095/3095/3095 3091/3091/3091
f 3091/3091/3091 3095/3095/3095 3096/3096/3096
f 3091/3091/3091 3096/3096/3096 3092/3092/3092
f 3092/3092/3092 3096/3096/3096 3097/3097/3097
f 3092/3092/3092 3097/3097/3097 3093/3093/3093
f 3093/3093/3093 3097/3097/3097 3098/3098/3098
f 3093/3093/3093 3098/3098/3098 3094/3094/3094
f 3094/3094/3094 3098/3098/3098 3099/3099/3099
f 3095/3095/3095 3100/3100/3100 3096/3096/3096
f 3096/3096/3096 3100/3100/3100 3101/3101/3101
f 3096/3096/3096 3101/3101/3101 3097/3097/3097
f 3097/3097/3097 3101/3101/3101 3102/3102/3102
f 3097/3097/3097 3102/3102/3102 3098/3098/3098
f 3098/3098/3098 3102/3102/3102 3103/3103/3103
f 3098/3098/3098 3103/3103/3103 3099/3099/3099
f 3099/3099/3099 3103/3103/3103 3104/3104/3104
f 3100/3100/3100 3101/3101/3101 3105/3105/3105
f 3101/3101/3101 3102/3102/3102 3105/3105/3105
f 3102/3102/3102 3103/3103/3103 3105/3105/3105
f 3103/3103/3103 3104/3104/3104 3105/3105/3105
f 3106/3106/3106 3111/3111/3111 3107/3107/3107
f 3107/3107/3107 3111/3111/3111 3112/3112/3112
f 3107/3107/3107 3112/3112/3112 3108/3108/3108
f 3108/3108/3108 3112/3112/3112 3113/3113/3113
f 3108/3108/3108 3113/3113/3113 3109/3109/3109
f 3109/3109/3109 3113/3113/3113 3114/3114/3114
f 3109/3109/3109 3114/3114/3114 3110/3110/3110
f 3110/3110/3110 3114/3114/3114 3115/3115/3115
f 3111/3111/3111 3116/3116/3116 3112/3112/3112
f 3112/3112/3112 3116/3116/3116 3117/3117/3117
f 3112/3112/3112 3117/3117/3117 3113/3113/3113
f 3113/3113/3113 3117/3117/3117 3118/3118/3118
f 3113/3113/3113 3118/3118/3118 3114/3114/3114
f 3114/3114/3114 3118/3118/3118 3119/3119/3119
f 3114/3114/3114 3119/3119/3119 3115/3115/3115
f 3115/3115/3115 3119/3119/3119 3120/3120/3120
f 3116/3116/3116 3121/3121/3121 3117/3117/3117
f 3117/3117/3117 3121/3121/3121 3122/3122/3122
f 3117/3117/3117 3122/3122/3122 3118/3118/3118
f 3118/3118/3118 3122/3122/3122 3123/3123/3123
f 3118/3118/3118 3123/3123/3123 3119/3119/3119
f 3119/3119/3119 3123/3123/3123 3124/3124/3124
f 3119/3119/3119 3124/3124/3124 3120/3120/3120
f 3120/3120/3120 3124/3124/3124 3125/3125/3125
f 3121/3121/3121 3126/3126/3126 3122/3122/3122
f 3122/3122/3122 3126/3126/3126 3127/3127/3127
f 3122/3122/3122 3127/3127/3127 3123/3123/3123
f 3123/3123/3123 3127/3127/3127 3128/3128/3128
f 3123/3123/3123 3128/3128/3128 3124/3124/3124
f 3124/3124/3124 3128/3128/3128 3129/3129/3129
f 3124/3124/3124 3129/3129/3129 3125/3125/3125
f 3125/3125/3125 3129/3129/3129 3130/3130/3130
f 3126/3126/3126 3127/3127/3127 3131/3131/3131
f 3127/3127/3127 3128/3128/3128 3131/3131/3131
f 3128/3128/3128 3129/3129/3129 3131/3131/3131
f 3129/3129/3129 3130/3130/3130 3131/3131/3131
f 3132/3132/3132 3137/3137/3137 3133/3133/3133
f 3133/3133/3133 3137/3137/3137 3138/3138/3138
f 3133/3133/3133 3138/3138/3138 3134/3134/3134
f 3134/3134/3134 3138/3138/3138 3139/3139/3139
f 3134/3134/3134 3139/3139/3139 3135/3135/3135
f 3135/3135/3135 3139/3139/3139 3140/3140/3140
f 3135/3135/3135 3140/3140/3140 3136/3136/3136
f 3136/3136/3136 3140/3140/3140 3141/3141/3141
f 3137/3137/3137 3142/3142/3142 3138/3138/3138
f 3138/3138/3138 3142/3142/3142 3143/3143/3143
f 3138/3138/3138 3143/3143/3143 3139/3139/3139
f 3139/3139/3139 3143/3143/3143 3144/3144/3144
f 3139/3139/3139 3144/3144/3144 3140/3140/3140
f 3140/3140/3140 3144/3144/3144 3145/3145/3145
f 3140/3140/3140 3145/3145/3145 3141/3141/3141
f 3141/3141/3141 3145/3145/3145 3146/3146/3146
f 3142/3142/3142 3147/3147/3147 3143/3143/3143
f 3143/3143/3143 3147/3147/3147 3148/3148/3148
f 3143/3143/3143 3148/3148/3148 3144/3144/3144
f 3144/3144/3144 3148/3148/3148 3149/3149/3149
f 3144/3144/3144 3149/3149/3149 3145/3145/3145
f 3145/3145/3145 3149/3149/3149 3150/3150/3150
f 3145/3145/3145 3150/3150/3150 3146/3146/3146
f 3146/3146/3146 3150/3150/3150 3151/3151/3151
f 3147/3147/3147 3152/3152/3152 3148/3148/3148
f 3148/3148/3148 3152/3152/3152 3153/3153/3153
f 3148/3148/3148 3153/3153/3153 3149/3149/3149
f 3149/3149/3149 3153/3153/3153 3154/3154/3154
f 3149/3149/3149 3154/3154/3154 3150/3150/3150
f 3150/3150/3150 3154/3154/3154 3155/3155/3155
f 3150/3150/3150 3155/3155/3155 3151/3151/3151
f 3151/3151/3151 3155/3155/3155 3156/3156/3156
f 3152/3152/3152 3153/3153/3153 3157/3157/3157
f 3153/3153/3153 3154/3154/3154 3157/3157/3157
f 3154/3154/3154 3155/3155/3155 3157/3157/3157
f 3155/3155/3155 3156/3156/3156 3157/3157/3157
f 3158/3158/3158 3163/3163/3163 3159/3159/3159
f 3159/3159/3159 3163/3163/3163 3164/3164/3164
f 3159/3159/3159 3164/3164/3164 3160/3160/3160
f 3160/3160/3160 3164/3164/3164 3165/3165/3165
f 3160/3160/3160 3165/3165/3165 3161/3161/3161
f 3161/3161/3161 3165/3165/3165 3166/3166/3166
f 3161/3161/3161 3166/3166/3166 3162/3162/3162
f 3162/3162/3162 3166/3166/3166 3167/3167/3167
f 3163/3163/3163 3168/3168/3168 3164/3164/3164
f 3164/3164/3164 3168/3168/3168 3169/3169/3169
f 3164/3164/3164 3169/3169/3169 3165/3165/3165
f 3165/3165/3165 3169/3169/3169 3170/3170/3170
f 3165/3165/3165 3170/3170/3170 3166/3166/3166
f 3166/3166/3166 3170/3170/3170 3171/3171/3171
f 3166/3166/3166 3171/3171/3171 3167/3167/3167
f 3167/3167/3167 3171/3171/3171 3172/3172/3172
f 3168/3168/3168 3173/3173/3173 3169/3169/3169
f 3169/3169/3169 3173/3173/3173 3174/3174/3174
f 3169/3169/3169 3174/3174/3174 3170/3170/3170
f 3170/3170/3170 3174/3174/3174 3175/3175/3175
f 3170/3170/3170 3175/3175/3175 3171/3171/3171
f 3171/3171/3171 3175/3175/3175 3176/3176/3176
f 3171/3171/3171 3176/3176/3176 3172/3172/3172
f 3172/3172/3172 3176/3176/3176 3177/3177/3177
f 3173/3173/3173 3178/3178/3178 3174/3174/3174
f 3174/3174/3174 3178/3178/3178 3179/3179/3179
f 3174/3174/3174 3179/3179/3179 3175/3175/3175
f 3175/3175/3175 3179/3179/3179 3180/3180/3180
f 3175/3175/3175 3180/3180/3180 3176/3176/3176
f 3176/3176/3176 3180/3180/3180 3181/3181/3181
f 3176/3176/3176 3181/3181/3181 3177/3177/3177
f 3177/3177/3177 3181/3181/3181 3182/3182/3182
f 3178/3178/3178 3179/3179/3179 3183/3183/3183
f 3179/3179/3179 3180/3180/3180 3183/3183/3183
f 3180/3180/3180 3181/3181/3181 3183/3183/3183
f 3181/3181/3181 3182/3182/3182 3183/3183/3183
f 3184/3184/3184 3189/3189/3189 3185/3185/3185
f 3185/3185/3185 3189/3189/3189 3190/3190/3190
f 3185/3185/3185 3190/3190/3190 3186/3186/3186
f 3186/3186/3186 3190/3190/3190 3191/3191/3191
f 3186/3186/3186 3191/3191/3191 3187/3187/3187
f 3187/3187/3187 3191/3191/3191 3192/3192/3192
f 3187/3187/3187 3192/3192/3192 3188/3188/3188
f 3188/3188/3188 3192/3192/3192 3193/3193/3193
f 3189/3189/3189 3194/3194/3194 3190/3190/3190
f 3190/3190/3190 3194/3194/3194 3195/3195/3195
f 3190/3190/3190 3195/3195/3195 3191/3191/3191
f 3191/3191/3191 3195/3195/3195 3196/3196/3196
f 3191/3191/3191 3196/3196/3196 3192/3192/3192
f 3192/3192/3192 3196/3196/3196 3197/3197/3197
f 3192/3192/3192 3197/3197/3197 3193/3193/3193
f 3193/3193/3193 3197/3197/3197 3198/3198/3198
f 3194/3194/3194 3199/3199/3199 3195/3195/3195
f 3195/3195/3195 3199/3199/3199 3200/3200/3200
f 3195/3195/3195 3200/3200/3200 3196/3196/3196
f 3196/3196/3196 3200/3200/3200 3201/3201/3201
f 3196/3196/3196 3201/3201/3201 3197/3197/3197
f 3197/3197/3197 3201/3201/3201 3202/3202/3202
f 3197/3197/3197 3202/3202/3202 3198/3198/3198
f 3198/3198/3198 3202/3202/3202 3203/3203/3203
f 3199/3199/3199 3204/3204/3204 3200/3200/3200
f 3200/3200/3200 3204/3204/3204 3205/3205/3205
f 3200/3200/3200 3205/3205/3205 3201/3201/3201
f 3201/3201/3201 3205/3205/3205 3206/3206/3206
f 3201/3201/3201 3206/3206/3206 3202/3202/3202
f 3202/3202/3202 3206/3206/3206 3207/3207/3207
f 3202/3202/3202 3207/3207/3207 3203/3203/3203
f 3203/3203/3203 3207/3207/3207 3208/3208/3208
f 3204/3204/3204 3205/3205/3205 3209/3209/3209
f 3205/3205/3205 3206/3206/3206 3209/3209/3209
f 3206/3206/3206 3207/3207/3207 3209/3209/3209
f 3207/3207/3207 3208/3208/3208 3209/3209/3209
f 3210/3210/3210 3215/3215/3215 3211/3211/3211
f 3211/3211/3211 3215/3215/3215 3216/3216/3216
f 3211/3211/3211 3216/3216/3216 3212/3212/3212
f 3212/3212/3212 3216/3216/3216 3217/3217/3217
f 3212/3212/3212 3217/3217/3217 3213/3213/3213
f 3213/3213/3213 3217/3217/3217 3218/3218/3218
f 3213/3213/3213 3218/3218/3218 3214/3214/3214
f 3214/3214/3214 3218/3218/3218 3219/3219/3219
f 3215/3215/3215 3220/3220/3220 3216/3216/3216
f 3216/3216/3216 3220/3220/3220 3221/3221/3221
f 3216/3216/3216 3221/3221/3221 3217/3217/3217
f 3217/3217/3217 3221/3221/3221 3222/3222/3222
f 3217/3217/3217 3222/3222/3222 3218/3218/3218
f 3218/3218/3218 3222/3222/3222 3223/3223/3223
f 3218/3218/3218 3223/3223/3223 3219/3219/3219
f 3219/3219/3219 3223/3223/3223 3224/3224/3224
f 3220/3220/3220 3225/3225/3225 3221/3221/3221
f 3221/3221/3221 3225/3225/3225 3226/3226/3226
f 3221/3221/3221 3226/3226/3226 3222/3222/3222
f 3222/3222/3222 3226/3226/3226 3227/3227/3227
f 3222/3222/3222 3227/3227/3227 3223/3223/3223
f 3223/3223/3223 3227/3227/3227 3228/3228/3228
f 3223/3223/3223 3228/3228/3228 3224/3224/3224
f 3224/3224/3224 3228/3228/3228 3229/3229/3229
f 3225/3225/3225 3230/3230/3230 3226/3226/3226
f 3226/3226/3226 3230/3230/3230 3231/3231/3231
f 3226/3226/3226 3231/3231/3231 3227/3227/3227
f 3227/3227/3227 3231/3231/3231 3232/3232/3232
f 3227/3227/3227 3232/3232/3232 3228/3228/3228
f 3228/3228/3228 3232/3232/3232 3233/3233/3233
f 3228/3228/3228 3233/3233/3233 3229/3229/3229
f 3229/3229/3229 3233/3233/3233 3234/3234/3234
f 3230/3230/3230 3231/3231/3231 3235/3235/3235
f 3231/3231/3231 3232/3232/3232 3235/3235/3235
f 3232/3232/3232 3233/3233/3233 3235/3235/3235
f 3233/3233/3233 3234/3234/3234 3235/3235/3235
f 3236/3236/3236 3241/3241/3241 3237/3237/3237
f 3237/3237/3237 3241/3241/3241 3242/3242/3242
f 3237/3237/3237 3242/3242/3242 3238/3238/3238
f 3238/3238/3238 3242/3242/3242 3243/3243/3243
f 3238/3238/3238 3243/3243/3243 3239/3239/3239
f 3239/3239/3239 3243/3243/3243 3244/3244/3244
f 3239/3239/3239 3244/3244/3244 3240/3240/3240
f 3240/3240/3240 3244/3244/3244 3245/3245/3245
f 3241/3241/3241 3246/3246/3246 3242/3242/3242
f 3242/3242/3242 3246/3246/3246 3247/3247/3247
f 3242/3242/3242 3247/3247/3247 3243/3243/3243
f 3243/3243/3243 3247/3247/3247 3248/3248/3248
f 3243/3243/3243 3248/3248/3248 3244/3244/3244
f 3244/3244/3244 3248/3248/3248 3249/3249/3249
f 3244/3244/3244 3249/3249/3249 3245/3245/3245
f 3245/3245/3245 3249/3249/3249 3250/3250/3250
f 3246/3246/3246 3251/3251/3251 3247/3247/3247
f 3247/3247/3247 3251/3251/3251 3252/3252/3252
f 3247/3247/3247 3252/3252/3252 3248/3248/3248
f 3248/3248/3248 3252/3252/3252 3253/3253/3253
f 3248/3248/3248 3253/3253/3253 3249/3249/3249
f 3249/3249/3249 3253/3253/3253 3254/3254/3254
f 3249/3249/3249 3254/3254/3254 3250/3250/3250
f 3250/3250/3250 3254/3254/3254 3255/3255/3255
f 3251/3251/3251 3256/3256/3256 3252/3252/3252
f 3252/3252/3252 3256/3256/3256 3257/3257/3257
f 3252/3252/3252 3257/3257/3257 3253/3253/3253
f 3253/3253/3253 3257/3257/3257 3258/3258/3258
f 3253/3253/3253 3258/3258/3258 3254/3254/3254
f 3254/3254/3254 3258/3258/3258 3259/3259/3259
f 3254/3254/3254 3259/3259/3259 3255/3255/3255
f 3255/3255/3255 3259/3259/3259 3260/3260/3260
f 3256/3256/3256 3261/3261/3261 3257/3257/3257
f 3257/3257/3257 3261/3261/3261 3262/3262/3262
f 3257/3257/3257 3262/3262/3262 3258/3258/3258
f 3258/3258/3258 3262/3262/3262 3263/3263/3263
f 3258/3258/3258 3263/3263/3263 3259/3259/3259
f 3259/3259/3259 3263/3263/3263 3264/3264/3264
f 3259/3259/3259 3264/3264/3264 3260/3260/3260
f 3260/3260/3260 3264/3264/3264 3265/3265/3265
f 3261/3261/3261 3266/3266/3266 3262/3262/3262
f 3262/3262/3262 3266/3266/3266 3267/3267/3267
f 3262/3262/3262 3267/3267/3267 3263/3263/3263
f 3263/3263/3263 3267/3267/3267 3268/3268/3268
f 3263/3263/3263 3268/3268/3268 3264/3264/3264
f 3264/3264/3264 3268/3268/3268 3269/3269/3269
f 3264/3264/3264 3269/3269/3269 3265/3265/3265
f 3265/3265/3265 3269/3269/3269 3270/3270/3270
f 3266/3266/3266 3267/3267/3267 3271/3271/3271
f 3267/3267/3267 3268/3268/3268 3271/3271/3271
f 3268/3268/3268 3269/3269/3269 3271/3271/3271
f 3269/3269/3269 3270/3270/3270 3271/3271/3271
f 3272/3272/3272 3277/3277/3277 3273/3273/3273
f 3273/3273/3273 3277/3277/3277 3278/3278/3278
f 3273/3273/3273 3278/3278/3278 3274/3274/3274
f 3274/3274/3274 3278/3278/3278 3279/3279/3279
f 3274/3274/3274 3279/3279/3279 3275/3275/3275
f 3275/3275/3275 3279/3279/3279 3280/3280/3280
f 3275/3275/3275 3280/3280/3280 3276/3276/3276
f 3276/3276/3276 3280/3280/3280 3281/3281/3281
f 3277/3277/3277 3282/3282/3282 3278/3278/3278
f 3278/3278/3278 3282/3282/3282 3283/3283/3283
f 3278/3278/3278 3283/3283/3283 3279/3279/3279
f 3279/3279/3279 3283/3283/3283 3284/3284/3284
f 3279/3279/3279 3284/3284/3284 3280/3280/3280
f 3280/3280/3280 3284/3284/3284 3285/3285/3285
f 3280/3280/3280 3285/3285/3285 3281/3281/3281
f 3281/3281/3281 3285/3285/3285 3286/3286/3286
f 3282/3282/3282 3287/3287/3287 3283/3283/3283
f 3283/3283/3283 3287/3287/3287 3288/3288/3288
f 3283/3283/3283 3288/3288/3288 3284/3284/3284
f 3284/3284/3284 3288/3288/3288 3289/3289/3289
f 3284/3284/3284 3289/3289/3289 3285/3285/3285
f 3285/3285/3285 3289/3289/3289 3290/3290/3290
f 3285/3285/3285 3290/3290/3290 3286/3286/3286
f 3286/3286/3286 3290/3290/3290 3291/3291/3291
f 3287/3287/3287 3292/3292/3292 3288/3288/3288
f 3288/3288/3288 3292/3292/3292 3293/3293/3293
f 3288/3288/3288 3293/3293/3293 3289/3289/3289
f 3289/3289/3289 3293/3293/3293 3294/3294/3294
f 3289/3289/3289 3294/3294/3294 3290/3290/3290
f 3290/3290/3290 3294/3294/3294 3295/3295/3295
f 3290/3290/3290 3295/3295/3295 3291/3291/3291
f 3291/3291/3291 3295/3295/3295 3296/3296/3296
f 3292/3292/3292 3293/3293/3293 3297/3297/3297
f 3293/3293/3293 3294/3294/3294 3297/3297/3297
f 3294/3294/3294 3295/3295/3295 3297/3297/3297
f 3295/3295/3295 3296/3296/3296 3297/3297/3297
f 3298/3298/3298 3303/3303/3303 3299/3299/3299
f 3299/3299/3299 3303/3303/3303 3304/3304/3304
f 3299/3299/3299 3304/3304/3304 3300/3300/3300
f 3300/3300/3300 3304/3304/3304 3305/3305/3305
f 3300/3300/3300 3305/3305/3305 3301/3301/3301
f 3301/3301/3301 3305/3305/3305 3306/3306/3306
f 3301/3301/3301 3306/3306/3306 3302/3302/3302
f 3302/3302/3302 3306/3306/3306 3307/3307/3307
f 3303/3303/3303 3308/3308/3308 3304/3304/3304
f 3304/3304/3304 3308/3308/3308 3309/3309/3309
f 3304/3304/3304 3309/3309/3309 3305/3305/3305
f 3305/3305/3305 3309/3309/3309 3310/3310/3310
f 3305/3305/3305 3310/3310/3310 3306/3306/3306
f 3306/3306/3306 3310/3310/3310 3311/3311/3311
f 3306/3306/3306 3311/3311/3311 3307/3307/3307
f 3307/3307/3307 3311/3311/3311 3312/3312/3312
f 3308/3308/3308 3313/3313/3313 3309/3309/3309
f 3309/3309/3309 3313/3313/3313 3314/3314/3314
f 3309/3309/3309 3314/3314/3314 3310/3310/3310
f 3310/3310/3310 3314/3314/3314 3315/3315/3315
f 3310/3310/3310 3315/3315/3315 3311/3311/3311
f 3311/3311/3311 3315/3315/3315 3316/3316/3316
f 3311/3311/3311 3316/3316/3316 3312/3312/3312
f 3312/3312/3312 3316/3316/3316 3317/3317/3317
f 3313/3313/3313 3318/3318/3318 3314/3314/3314
f 3314/3314/3314 3318/3318/3318 3319/3319/3319
f 3314/3314/3314 3319/3319/3319 3315/3315/3315
f 3315/3315/3315 3319/3319/3319 3320/3320/3320
f 3315/3315/3315 3320/3320/3320 3316/3316/3316
f 3316/3316/3316 3320/3320/3320 3321/3321/3321
f 3316/3316/3316 3321/3321/3321 3317/3317/3317
f 3317/3317/3317 3321/3321/3321 3322/3322/3322
f 3318/3318/3318 3319/3319/3319 3323/3323/3323
f 3319/3319/3319 3320/3320/3320 3323/3323/3323
f 3320/3320/3320 3321/3321/3321 3323/3323/3323
f 3321/3321/3321 3322/3322/3322 3323/3323/3323
f 3324/3324/3324 3329/3329/3329 3325/3325/3325
f 3325/3325/3325 3329/3329/3329 3330/3330/3330
f 3325/3325/3325 3330/3330/3330 3326/3326/3326
f 3326/3326/3326 3330/3330/3330 3331/3331/3331
f 3326/3326/3326 3331/3331/3331 3327/3327/3327
f 3327/3327/3327 3331/3331/3331 3332/3332/3332
f 3327/3327/3327 3332/3332/3332 3328/3328/3328
f 3328/3328/3328 3332/3332/3332 3333/3333/3333
f 3329/3329/3329 3334/3334/3334 3330/3330/3330
f 3330/3330/3330 3334/3334/3334 3335/3335/3335
f 3330/3330/3330 3335/3335/3335 3331/3331/3331
f 3331/3331/3331 3335/3335/3335 3336/3336/3336
f 3331/3331/3331 3336/3336/3336 3332/3332/3332
f 3332/3332/3332 3336/3336/3336 3337/3337/3337
f 3332/3332/3332 3337/3337/3337 3333/3333/3333
f 3333/3333/3333 3337/3337/3337 3338/3338/3338
f 3334/3334/3334 3339/3339/3339 3335/3335/3335
f 3335/3335/3335 3339/3339/3339 3340/3340/3340
f 3335/3335/3335 3340/3340/3340 3336/3336/3336
f 3336/3336/3336 3340/3340/3340 3341/3341/3341
f 3336/3336/3336 3341/3341/3341 3337/3337/3337
f 3337/3337/3337 3341/3341/3341 3342/3342/3342
f 3337/3337/3337 3342/3342/3342 3338/3338/3338
f 3338/3338/3338 3342/3342/3342 3343/3343/3343
f 3339/3339/3339 3344/3344/3344 3340/3340/3340
f 3340/3340/3340 3344/3344/3344 3345/3345/3345
f 3340/3340/3340 3345/3345/3345 3341/3341/3341
f 3341/3341/3341 3345/3345/3345 3346/3346/3346
f 3341/3341/3341 3346/3346/3346 3342/3342/3342
f 3342/3342/3342 3346/3346/3346 3347/3347/3347
f 3342/3342/3342 3347/3347/3347 3343/3343/3343
f 3343/3343/3343 3347/3347/3347 3348/3348/3348
f 3344/3344/3344 3345/3345/3345 3349/3349/3349
f 3345/3345/3345 3346/3346/3346 3349/3349/3349
f 3346/3346/3346 3347/3347/3347 3349/3349/3349
f 3347/3347/3347 3348/3348/3348 3349/3349/3349
f 3350/3350/3350 3355/3355/3355 3351/3351/3351
f 3351/3351/3351 3355/3355/3355 3356/3356/3356
f 3351/3351/3351 3356/3356/3356 3352/3352/3352
f 3352/3352/3352 3356/3356/3356 3357/3357/3357
f 3352/3352/3352 3357/3357/3357 3353/3353/3353
f 3353/3353/3353 3357/3357/3357 3358/3358/3358
f 3353/3353/3353 3358/3358/3358 3354/3354/3354
f 3354/3354/3354 3358/3358/3358 3359/3359/3359
f 3355/3355/3355 3360/3360/3360 3356/3356/3356
f 3356/3356/3356 3360/3360/3360 3361/3361/3361
f 3356/3356/3356 3361/3361/3361 3357/3357/3357
f 3357/3357/3357 3361/3361/3361 3362/3362/3362
f 3357/3357/3357 3362/3362/3362 3358/3358/3358
f 3358/3358/3358 3362/3362/3362 3363/3363/3363
f 3358/3358/3358 3363/3363/3363 3359/3359/3359
f 3359/3359/3359 3363/3363/3363 3364/3364/3364
f 3360/3360/3360 3365/3365/3365 3361/3361/3361
f 3361/3361/3361 3365/3365/3365 3366/3366/3366
f 3361/3361/3361 3366/3366/3366 3362/3362/3362
f 3362/3362/3362 3366/3366/3366 3367/3367/3367
f 3362/3362/3362 3367/3367/3367 3363/3363/3363
f 3363/3363/3363 3367/3367/3367 3368/3368/3368
f 3363/3363/3363 3368/3368/3368 3364/3364/3364
f 3364/3364/3364 3368/3368/3368 3369/3369/3369
f 3365/3365/3365 3370/3370/3370 3366/3366/3366
f 3366/3366/3366 3370/3370/3370 3371/3371/3371
f 3366/3366/3366 3371/3371/3371 3367/3367/3367
f 3367/3367/3367 3371/3371/3371 3372/3372/3372
f 3367/3367/3367 3372/3372/3372 3368/3368/3368
f 3368/3368/3368 3372/3372/3372 3373/3373/3373
f 3368/3368/3368 3373/3373/3373 3369/3369/3369
f 3369/3369/3369 3373/3373/3373 3374/3374/3374
f 3370/3370/3370 3371/3371/3371 3375/3375/3375
f 3371/3371/3371 3372/3372/3372 3375/3375/3375
f 3372/3372/3372 3373/3373/3373 3375/3375/3375
f 3373/3373/3373 3374/3374/3374 3375/3375/3375
f 3376/3376/3376 3381/3381/3381 3377/3377/3377
f 3377/3377/3377 3381/3381/3381 3382/3382/3382
f 3377/3377/3377 3382/3382/3382 3378/3378/3378
f 3378/3378/3378 3382/3382/3382 3383/3383/3383
f 3378/3378/3378 3383/3383/3383 3379/3379/3379
f 3379/3379/3379 3383/3383/3383 3384/3384/3384
f 3379/3379/3379 3384/3384/3384 3380/3380/3380
f 3380/3380/3380 3384/3384/3384 3385/3385/3385
f 3381/3381/3381 3386/3386/3386 3382/3382/3382
f 3382/3382/3382 3386/3386/3386 3387/3387/3387
f 3382/3382/3382 3387/3387/3387 3383/3383/3383
f 3383/3383/3383 3387/3387/3387 3388/3388/3388
f 3383/3383/3383 3388/3388/3388 3384/3384/3384
f 3384/3384/3384 3388/3388/3388 3389/3389/3389
f 3384/3384/3384 3389/3389/3389 3385/3385/3385
f 3385/3385/3385 3389/3389/3389 3390/3390/3390
f 3386/3386/3386 3391/3391/3391 3387/3387/3387
f 3387/3387/3387 3391/3391/3391 3392/3392/3392
f 3387/3387/3387 3392/3392/3392 3388/3388/3388
f 3388/3388/3388 3392/3392/3392 3393/3393/3393
f 3388/3388/3388 3393/3393/3393 3389/3389/3389
f 3389/3389/3389 3393/3393/3393 3394/3394/3394
f 3389/3389/3389 3394/3394/3394 3390/3390/3390
f 3390/3390/3390 3394/3394/3394 3395/3395/3395
f 3391/3391/3391 3396/3396/3396 3392/3392/3392
f 3392/3392/3392 3396/3396/3396 3397/3397/3397
f 3392/3392/3392 3397/3397/3397 3393/3393/3393
f 3393/3393/3393 3397/3397/3397 3398/3398/3398
f 3393/3393/3393 3398/3398/3398 3394/3394/3394
f 3394/3394/3394 3398/3398/3398 3399/3399/3399
f 3394/3394/3394 3399/3399/3399 3395/3395/3395
f 3395/3395/3395 3399/3399/3399 3400/3400/3400
f 3396/3396/3396 3397/3397/3397 3401/3401/3401
f 3397/3397/3397 3398/3398/3398 3401/3401/3401
f 3398/3398/3398 3399/3399/3399 3401/3401/3401
f 3399/3399/3399 3400/3400/3400 3401/3401/3401
f 3402/3402/3402 3407/3407/3407 3403/3403/3403
f 3403/3403/3403 3407/3407/3407 3408/3408/3408
f 3403/3403/3403 3408/3408/3408 3404/3404/3404
f 3404/3404/3404 3408/3408/3408 3409/3409/3409
f 3404/3404/3404 3409/3409/3409 3405/3405/3405
f 3405/3405/3405 3409/3409/3409 3410/3410/3410
f 3405/3405/3405 3410/3410/3410 3406/3406/3406
f 3406/3406/3406 3410/3410/3410 3411/3411/3411
f 3407/3407/3407 3412/3412/3412 3408/3408/3408
f 3408/3408/3408 3412/3412/3412 3413/3413/3413
f 3408/3408/3408 3413/3413/3413 3409/3409/3409
f 3409/3409/3409 3413/3413/3413 3414/3414/3414
f 3409/3409/3409 3414/3414/3414 3410/3410/3410
f 3410/3410/3410 3414/3414/3414 3415/3415/3415
f 3410/3410/3410 3415/3415/3415 3411/3411/3411
f 3411/3411/3411 3415/3415/3415 3416/3416/3416
f 3412/3412/3412 3417/3417/3417 3413/3413/3413
f 3413/3413/3413 3417/3417/3417 3418/3418/3418
f 3413/3413/3413 3418/3418/3418 3414/3414/3414
f 3414/3414/3414 3418/3418/3418 3419/3419/3419
f 3414/3414/3414 3419/3419/3419 3415/3415/3415
f 3415/3415/3415 3419/3419/3419 3420/3420/3420
f 3415/3415/3415 3420/3420/3420 3416/3416/3416
f 3416/3416/3416 3420/3420/3420 3421/3421/3421
f 3417/3417/3417 3422/3422/3422 3418/3418/3418
f 3418/3418/3418 3422/3422/3422 3423/3423/3423
f 3418/3418/3418 3423/3423/3423 3419/3419/3419
f 3419/3419/3419 3423/3423/3423 3424/3424/3424
f 3419/3419/3419 3424/3424/3424 3420/3420/3420
f 3420/3420/3420 3424/3424/3424 3425/3425/3425
f 3420/3420/3420 3425/3425/3425 3421/3421/3421
f 3421/3421/3421 3425/3425/3425 3426/3426/3426
f 3422/3422/3422 3423/3423/3423 3427/3427/3427
f 3423/3423/3423 3424/3424/3424 3427/3427/3427
f 3424/3424/3424 3425/3425/3425 3427/3427/3427
f 3425/3425/3425 3426/3426/3426 3427/3427/3427
f 3428/3428/3428 3433/3433/3433 3429/3429/3429
f 3429/3429/3429 3433/3433/3433 3434/3434/3434
f 3429/3429/3429 3434/3434/3434 3430/3430/3430
f 3430/3430/3430 3434/3434/3434 3435/3435/3435
f 3430/3430/3430 3435/3435/3435 3431/3431/3431
f 3431/3431/3431 3435/3435/3435 3436/3436/3436
f 3431/3431/3431 3436/3436/3436 3432/3432/3432
f 3432/3432/3432 3436/3436/3436 3437/3437/3437
f 3433/3433/3433 3438/3438/3438 3434/3434/3434
f 3434/3434/3434 3438/3438/3438 3439/3439/3439
f 3434/3434/3434 3439/3439/3439 3435/3435/3435
f 3435/3435/3435 3439/3439/3439 3440/3440/3440
f 3435/3435/3435 3440/3440/3440 3436/3436/3436
f 3436/3436/3436 3440/3440/3440 3441/3441/3441
f 3436/3436/3436 3441/3441/3441 3437/3437/3437
f 3437/3437/3437 3441/3441/3441 3442/3442/3442
f 3438/3438/3438 3443/3443/3443 3439/3439/3439
f 3439/3439/3439 3443/3443/3443 3444/3444/3444
f 3439/3439/3439 3444/3444/3444 3440/3440/3440
f 3440/3440/3440 3444/3444/3444 3445/3445/3445
f 3440/3440/3440 3445/3445/3445 3441/3441/3441
f 3441/3441/3441 3445/3445/3445 3446/3446/3446
f 3441/3441/3441 3446/3446/3446 3442/3442/3442
f 3442/3442/3442 3446/3446/3446 3447/3447/3447
f 3443/3443/3443 3448/3448/3448 3444/3444/3444
f 3444/3444/3444 3448/3448/3448 3449/3449/3449
f 3444/3444/3444 3449/3449/3449 3445/3445/3445
f 3445/3445/3445 3449/3449/3449 3450/3450/3450
f 3445/3445/3445 3450/3450/3450 3446/3446/3446
f 3446/3446/3446 3450/3450/3450 3451/3451/3451
f 3446/3446/3446 3451/3451/3451 3447/3447/3447
f 3447/3447/3447 3451/3451/3451 3452/3452/3452
f 3448/3448/3448 3449/3449/3449 3453/3453/3453
f 3449/3449/3449 3450/3450/3450 3453/3453/3453
f 3450/3450/3450 3451/3451/3451 3453/3453/3453
f 3451/3451/3451 3452/3452/3452 3453/3453/3453
f 3454/3454/3454 3459/3459/3459 3455/3455/3455
f 3455/3455/3455 3459/3459/3459 3460/3460/3460
f 3455/3455/3455 3460/3460/3460 3456/3456/3456
f 3456/3456/3456 3460/3460/3460 3461/3461/3461
f 3456/3456/3456 3461/3461/3461 3457/3457/3457
f 3457/3457/3457 3461/3461/3461 3462/3462/3462
f 3457/3457/3457 3462/3462/3462 3458/3458/3458
f 3458/3458/3458 3462/3462/3462 3463/3463/3463
f 3459/3459/3459 3464/3464/3464 3460/3460/3460
f 3460/3460/3460 3464/3464/3464 3465/3465/3465
f 3460/3460/3460 3465/3465/3465 3461/3461/3461
f 3461/3461/3461 3465/3465/3465 3466/3466/3466
f 3461/3461/3461 3466/3466/3466 3462/3462/3462
f 3462/3462/3462 3466/3466/3466 3467/3467/3467
f 3462/3462/3462 3467/3467/3467 3463/3463/3463
f 3463/3463/3463 3467/3467/3467 3468/3468/3468
f 3464/3464/3464 3469/3469/3469 3465/3465/3465
f 3465/3465/3465 3469/3469/3469 3470/3470/3470
f 3465/3465/3465 3470/3470/3470 3466/3466/3466
f 3466/3466/3466 3470/3470/3470 3471/3471/3471
f 3466/3466/3466 3471/3471/3471 3467/3467/3467
f 3467/3467/3467 3471/3471/3471 3472/3472/3472
f 3467/3467/3467 3472/3472/3472 3468/3468/3468
f 3468/3468/3468 3472/3472/3472 3473/3473/3473
f 3469/3469/3469 3474/3474/3474 3470/3470/3470
f 3470/3470/3470 3474/3474/3474 3475/3475/3475
f 3470/3470/3470 3475/3475/3475 3471/3471/3471
f 3471/3471/3471 3475/3475/3475 3476/3476/3476
f 3471/3471/3471 3476/3476/3476 3472/3472/3472
f 3472/3472/3472 3476/3476/3476 3477/3477/3477
f 3472/3472/3472 3477/3477/3477 3473/3473/3473
f 3473/3473/3473 3477/3477/3477 3478/3478/3478
f 3474/3474/3474 3479/3479/3479 3475/3475/3475
f 3475/3475/3475 3479/3479/3479 3480/3480/3480
f 3475/3475/3475 3480/3480/3480 3476/3476/3476
f 3476/3476/3476 3480/3480/3480 3481/3481/3481
f 3476/3476/3476 3481/3481/3481 3477/3477/3477
f 3477/3477/3477 3481/3481/3481 3482/3482/3482
f 3477/3477/3477 3482/3482/3482 3478/3478/3478
f 3478/3478/3478 3482/3482/3482 3483/3483/3483
f 3479/3479/3479 3484/3484/3484 3480/3480/3480
f 3480/3480/3480 3484/3484/3484 3485/3485/3485
f 3480/3480/3480 3485/3485/3485 3481/3481/3481
f 3481/3481/3481 3485/3485/3485 3486/3486/3486
f 3481/3481/3481 3486/3486/3486 3482/3482/3482
f 3482/3482/3482 3486/3486/3486 3487/3487/3487
f 3482/3482/3482 3487/3487/3487 3483/3483/3483
f 3483/3483/3483 3487/3487/3487 3488/3488/3488
f 3484/3484/3484 3489/3489/3489 3485/3485/3485
f 3485/3485/3485 3489/3489/3489 3490/3490/3490
f 3485/3485/3485 3490/3490/3490 3486/3486/3486
f 3486/3486/3486 3490/3490/3490 3491/3491/3491
f 3486/3486/3486 3491/3491/3491 3487/3487/3487
f 3487/3487/3487 3491/3491/3491 3492/3492/3492
f 3487/3487/3487 3492/3492/3492 3488/3488/3488
f 3488/3488/3488 3492/3492/3492 3493/3493/3493
f 3489/3489/3489 3494/3494/3494 3490/3490/3490
f 3490/3490/3490 3494/3494/3494 3495/3495/3495
f 3490/3490/3490 3495/3495/3495 3491/3491/3491
f 3491/3491/3491 3495/3495/3495 3496/3496/3496
f 3491/3491/3491 3496/3496/3496 3492/3492/3492
f 3492/3492/3492 3496/3496/3496 3497/3497/3497
f 3492/3492/3492 3497/3497/3497 3493/3493/3493
f 3493/3493/3493 3497/3497/3497 3498/3498/3498
f 3494/3494/3494 3495/3495/3495 3499/3499/3499
f 3495/3495/3495 3496/3496/3496 3499/3499/3499
f 3496/3496/3496 3497/3497/3497 3499/3499/3499
f 3497/3497/3497 3498/3498/3498 3499/3499/3499
f 3500/3500/3500 3505/3505/3505 3501/3501/3501
f 3501/3501/3501 3505/3505/3505 3506/3506/3506
f 3501/3501/3501 3506/3506/3506 3502/3502/3502
f 3502/3502/3502 3506/3506/3506 3507/3507/3507
f 3502/3502/3502 3507/3507/3507 3503/3503/3503
f 3503/3503/3503 3507/3507/3507 3508/3508/3508
f 3503/3503/3503 3508/3508/3508 3504/3504/3504
f 3504/3504/3504 3508/3508/3508 3509/3509/3509
f 3505/3505/3505 3510/3510/3510 3506/3506/3506
f 3506/3506/3506 3510/3510/3510 3511/3511/3511
f 3506/3506/3506 3511/3511/3511 3507/3507/3507
f 3507/3507/3507 3511/3511/3511 3512/3512/3512
f 3507/3507/3507 3512/3512/3512 3508/3508/3508
f 3508/3508/3508 3512/3512/3512 3513/3513/3513
f 3508/3508/3508 3513/3513/3513 3509/3509/3509
f 3509/3509/3509 3513/3513/3513 3514/3514/3514
f 3510/3510/3510 3515/3515/3515 3511/3511/3511
f 3511/3511/3511 3515/3515/3515 3516/3516/3516
f 3511/3511/3511 3516/3516/3516 3512/3512/3512
f 3512/3512/3512 3516/3516/3516 3517/3517/3517
f 3512/3512/3512 3517/3517/3517 3513/3513/3513
f 3513/3513/3513 3517/3517/3517 3518/3518/3518
f 3513/3513/3513 3518/3518/3518 3514/3514/3514
f 3514/3514/3514 3518/3518/3518 3519/3519/3519
f 3515/3515/3515 3520/3520/3520 3516/3516/3516
f 3516/3516/3516 3520/3520/3520 3521/3521/3521
f 3516/3516/3516 3521/3521/3521 3517/3517/3517
f 3517/3517/3517 3521/3521/3521 3522/3522/3522
f 3517/3517/3517 3522/3522/3522 3518/3518/3518
f 3518/3518/3518 3522/3522/3522 3523/3523/3523
f 3518/3518/3518 3523/3523/3523 3519/3519/3519
f 3519/3519/3519 3523/3523/3523 3524/3524/3524
f 3520/3520/3520 3521/3521/3521 3525/3525/3525
f 3521/3521/3521 3522/3522/3522 3525/3525/3525
f 3522/3522/3522 3523/3523/3523 3525/3525/3525
f 3523/3523/3523 3524/3524/3524 3525/3525/3525
f 3526/3526/3526 3531/3531/3531 3527/3527/3527
f 3527/3527/3527 3531/3531/3531 3532/3532/3532
f 3527/3527/3527 3532/3532/3532 3528/3528/3528
f 3528/3528/3528 3532/3532/3532 3533/3533/3533
f 3528/3528/3528 3533/3533/3533 3529/3529/3529
f 3529/3529/3529 3533/3533/3533 3534/3534/3534
f 3529/3529/3529 3534/3534/3534 3530/3530/3530
f 3530/3530/3530 3534/3534/3534 3535/3535/3535
f 3531/3531/3531 3536/3536/3536 3532/3532/3532
f 3532/3532/3532 3536/3536/3536 3537/3537/3537
f 3532/3532/3532 3537/3537/3537 3533/3533/3533
f 3533/3533/3533 3537/3537/3537 3538/3538/3538
f 3533/3533/3533 3538/3538/3538 3534/3534/3534
f 3534/3534/3534 3538/3538/3538 3539/3539/3539
f 3534/3534/3534 3539/3539/3539 3535/3535/3535
f 3535/3535/3535 3539/3539/3539 3540/3540/3540
f 3536/3536/3536 3541/3541/3541 3537/3537/3537
f 3537/3537/3537 3541/3541/3541 3542/3542/3542
f 3537/3537/3537 3542/3542/3542 3538/3538/3538
f 3538/3538/3538 3542/3542/3542 3543/3543/3543
f 3538/3538/3538 3543/3543/3543 3539/3539/3539
f 3539/3539/3539 3543/3543/3543 3544/3544/3544
f 3539/3539/3539 3544/3544/3544 3540/3540/3540
f 3540/3540/3540 3544/3544/3544 3545/3545/3545
f 3541/3541/3541 3546/3546/3546 3542/3542/3542
f 3542/3542/3542 3546/3546/3546 3547/3547/3547
f 3542/3542/3542 3547/3547/3547 3543/3543/3543
f 3543/3543/3543 3547/3547/3547 3548/3548/3548
f 3543/3543/3543 3548/3548/3548 3544/3544/3544
f 3544/3544/3544 3548/3548/3548 3549/3549/3549
f 3544/3544/3544 3549/3549/3549 3545/3545/3545
f 3545/3545/3545 3549/3549/3549 3550/3550/3550
f 3546/3546/3546 3547/3547/3547 3551/3551/3551
f 3547/3547/3547 3548/3548/3548 3551/3551/3551
f 3548/3548/3548 3549/3549/3549 3551/3551/3551
f 3549/3549/3549 3550/3550/3550 3551/3551/3551
f 3552/3552/3552 3557/3557/3557 3553/3553/3553
f 3553/3553/3553 3557/3557/3557 3558/3558/3558
f 3553/3553/3553 3558/3558/3558 3554/3554/3554
f 3554/3554/3554 3558/3558/3558 3559/3559/3559
f 3554/3554/3554 3559/3559/3559 3555/3555/3555
f 3555/3555/3555 3559/3559/3559 3560/3560/3560
f 3555/3555/3555 3560/3560/3560 3556/3556/3556
f 3556/3556/3556 3560/3560/3560 3561/3561/3561
f 3557/3557/3557 3562/3562/3562 3558/3558/3558
f 3558/3558/3558 3562/3562/3562 3563/3563/3563
f 3558/3558/3558 3563/3563/3563 3559/3559/3559
f 3559/3559/3559 3563/3563/3563 3564/3564/3564
f 3559/3559/3559 3564/3564/3564 3560/3560/3560
f 3560/3560/3560 3564/3564/3564 3565/3565/3565
f 3560/3560/3560 3565/3565/3565 3561/3561/3561
f 3561/3561/3561 3565/3565/3565 3566/3566/3566
f 3562/3562/3562 3567/3567/3567 3563/3563/3563
f 3563/3563/3563 3567/3567/3567 3568/3568/3568
f 3563/3563/3563 3568/3568/3568 3564/3564/3564
f 3564/3564/3564 3568/3568/3568 3569/3569/3569
f 3564/3564/3564 3569/3569/3569 3565/3565/3565
f 3565/3565/3565 3569/3569/3569 3570/3570/3570
f 3565/3565/3565 3570/3570/3570 3566/3566/3566
f 3566/3566/3566 3570/3570/3570 3571/3571/3571
f 3567/3567/3567 3572/3572/3572 3568/3568/3568
f 3568/3568/3568 3572/3572/3572 3573/3573/3573
f 3568/3568/3568 3573/3573/3573 3569/3569/3569
f 3569/3569/3569 3573/3573/3573 3574/3574/3574
f 3569/3569/3569 3574/3574/3574 3570/3570/3570
f 3570/3570/3570 3574/3574/3574 3575/3575/3575
f 3570/3570/3570 3575/3575/3575 3571/3571/3571
f 3571/3571/3571 3575/3575/3575 3576/3576/3576
f 3572/3572/3572 3573/3573/3573 3577/3577/3577
f 3573/3573/3573 3574/3574/3574 3577/3577/3577
f 3574/3574/3574 3575/3575/3575 3577/3577/3577
f 3575/3575/3575 3576/3576/3576 3577/3577/3577
f 3578/3578/3578 3583/3583/3583 3579/3579/3579
f 3579/3579/3579 3583/3583/3583 3584/3584/3584
f 3579/3579/3579 3584/3584/3584 3580/3580/3580
f 3580/3580/3580 3584/3584/3584 3585/3585/3585
f 3580/3580/3580 3585/3585/3585 3581/3581/3581
f 3581/3581/3581 3585/3585/3585 3586/3586/3586
f 3581/3581/3581 3586/3586/3586 3582/3582/3582
f 3582/3582/3582 3586/3586/3586 3587/3587/3587
f 3583/3583/3583 3588/3588/3588 3584/3584/3584
f 3584/3584/3584 3588/3588/3588 3589/3589/3589
f 3584/3584/3584 3589/3589/3589 3585/3585/3585
f 3585/3585/3585 3589/3589/3589 3590/3590/3590
f 3585/3585/3585 3590/3590/3590 3586/3586/3586
f 3586/3586/3586 3590/3590/3590 3591/3591/3591
f 3586/3586/3586 3591/3591/3591 3587/3587/3587
f 3587/3587/3587 3591/3591/3591 3592/3592/3592
f 3588/3588/3588 3593/3593/3593 3589/3589/3589
f 3589/3589/3589 3593/3593/3593 3594/3594/3594
f 3589/3589/3589 3594/3594/3594 3590/3590/3590
f 3590/3590/3590 3594/3594/3594 3595/3595/3595
f 3590/3590/3590 3595/3595/3595 3591/3591/3591
f 3591/3591/3591 3595/3595/3595 3596/3596/3596
f 3591/3591/3591 3596/3596/3596 3592/3592/3592
f 3592/3592/3592 3596/3596/3596 3597/3597/3597
f 3593/3593/3593 3598/3598/3598 3594/3594/3594
f 3594/3594/3594 3598/3598/3598 3599/3599/3599
f 3594/3594/3594 3599/3599/3599 3595/3595/3595
f 3595/3595/3595 3599/3599/3599 3600/3600/3600
f 3595/3595/3595 3600/3600/3600 3596/3596/3596
f 3596/3596/3596 3600/3600/3600 3601/3601/3601
f 3596/3596/3596 3601/3601/3601 3597/3597/3597
f 3597/3597/3597 3601/3601/3601 3602/3602/3602
f 3598/3598/3598 3599/3599/3599 3603/3603/3603
f 3599/3599/3599 3600/3600/3600 3603/3603/3603
f 3600/3600/3600 3601/3601/3601 3603/3603/3603
f 3601/3601/3601 3602/3602/3602 3603/3603/3603
f 3604/3604/3604 3609/3609/3609 3605/3605/3605
f 3605/3605/3605 3609/3609/3609 3610/3610/3610
f 3605/3605/3605 3610/3610/3610 3606/3606/3606
f 3606/3606/3606 3610/3610/3610 3611/3611/3611
f 3606/3606/3606 3611/3611/3611 3607/3607/3607
f 3607/3607/3607 3611/3611/3611 3612/3612/3612
f 3607/3607/3607 3612/3612/3612 3608/3608/3608
f 3608/3608/3608 3612/3612/3612 3613/3613/3613
f 3609/3609/3609 3614/3614/3614 3610/3610/3610
f 3610/3610/3610 3614/3614/3614 3615/3615/3615
f 3610/3610/3610 3615/3615/3615 3611/3611/3611
f 3611/3611/3611 3615/3615/3615 3616/3616/3616
f 3611/3611/3611 3616/3616/3616 3612/3612/3612
f 3612/3612/3612 3616/3616/3616 3617/3617/3617
f 3612/3612/3612 3617/3617/3617 3613/3613/3613
f 3613/3613/3613 3617/3617/3617 3618/3618/3618
f 3614/3614/3614 3619/3619/3619 3615/3615/3615
f 3615/3615/3615 3619/3619/3619 3620/3620/3620
f 3615/3615/3615 3620/3620/3620 3616/3616/3616
f 3616/3616/3616 3620/3620/3620 3621/3621/3621
f 3616/3616/3616 3621/3621/3621 3617/3617/3617
f 3617/3617/3617 3621/3621/3621 3622/3622/3622
f 3617/3617/3617 3622/3622/3622 3618/3618/3618
f 3618/3618/3618 3622/3622/3622 3623/3623/3623
f 3619/3619/3619 3624/3624/3624 3620/3620/3620
f 3620/3620/3620 3624/3624/3624 3625/3625/3625
f 3620/3620/3620 3625/3625/3625 3621/3621/3621
f 3621/3621/3621 3625/3625/3625 3626/3626/3626
f 3621/3621/3621 3626/3626/3626 3622/3622/3622
f 3622/3622/3622 3626/3626/3626 3627/3627/3627
f 3622/3622/3622 3627/3627/3627 3623/3623/3623
f 3623/3623/3623 3627/3627/3627 3628/3628/3628
f 3624/3624/3624 3625/3625/3625 3629/3629/3629
f 3625/3625/3625 3626/3626/3626 3629/3629/3629
f 3626/3626/3626 3627/3627/3627 3629/3629/3629
f 3627/3627/3627 3628/3628/3628 3629/3629/3629
f 3630/3630/3630 3635/3635/3635 3631/3631/3631
f 3631/3631/3631 3635/3635/3635 3636/3636/3636
f 3631/3631/3631 3636/3636/3636 3632/3632/3632
f 3632/3632/3632 3636/3636/3636 3637/3637/3637
f 3632/3632/3632 3637/3637/3637 3633/3633/3633
f 3633/3633/3633 3637/3637/3637 3638/3638/3638
f 3633/3633/3633 3638/3638/3638 3634/3634/3634
f 3634/3634/3634 3638/3638/3638 3639/3639/3639
f 3635/3635/3635 3640/3640/3640 3636/3636/3636
f 3636/3636/3636 3640/3640/3640 3641/3641/3641
f 3636/3636/3636 3641/3641/3641 3637/3637/3637
f 3637/3637/3637 3641/3641/3641 3642/3642/3642
f 3637/3637/3637 3642/3642/3642 3638/3638/3638
f 3638/3638/3638 3642/3642/3642 3643/3643/3643
f 3638/3638/3638 3643/3643/3643 3639/3639/3639
f 3639/3639/3639 3643/3643/3643 3644/3644/3644
f 3640/3640/3640 3645/3645/3645 3641/3641/3641
f 3641/3641/3641 3645/3645/3645 3646/3646/3646
f 3641/3641/3641 3646/3646/3646 3642/3642/3642
f 3642/3642/3642 3646/3646/3646 3647/3647/3647
f 3642/3642/3642 3647/3647/3647 3643/3643/3643
f 3643/3643/3643 3647/3647/3647 3648/3648/3648
f 3643/3643/3643 3648/3648/3648 3644/3644/3644
f 3644/3644/3644 3648/3648/3648 3649/3649/3649
f 3645/3645/3645 3650/3650/3650 3646/3646/3646
f 3646/3646/3646 3650/3650/3650 3651/3651/3651
f 3646/3646/3646 3651/3651/3651 3647/3647/3647
f 3647/3647/3647 3651/3651/3651 3652/3652/3652
f 3647/3647/3647 3652/3652/3652 3648/3648/3648
f 3648/3648/3648 3652/3652/3652 3653/3653/3653
f 3648/3648/3648 3653/3653/3653 3649/3649/3649
f 3649/3649/3649 3653/3653/3653 3654/3654/3654
f 3650/3650/3650 3651/3651/3651 3655/3655/3655
f 3651/3651/3651 3652/3652/3652 3655/3655/3655
f 3652/3652/3652 3653/3653/3653 3655/3655/3655
f 3653/3653/3653 3654/3654/3654 3655/3655/3655
f 3656/3656/3656 3661/3661/3661 3657/3657/3657
f 3657/3657/3657 3661/3661/3661 3662/3662/3662
f 3657/3657/3657 3662/3662/3662 3658/3658/3658
f 3658/3658/3658 3662/3662/3662 3663/3663/3663
f 3658/3658/3658 3663/3663/3663 3659/3659/3659
f 3659/3659/3659 3663/3663/3663 3664/3664/3664
f 3659/3659/3659 3664/3664/3664 3660/3660/3660
f 3660/3660/3660 3664/3664/3664 3665/3665/3665
f 3661/3661/3661 3666/3666/3666 3662/3662/3662
f 3662/3662/3662 3666/3666/3666 3667/3667/3667
f 3662/3662/3662 3667/3667/3667 3663/3663/3663
f 3663/3663/3663 3667/3667/3667 3668/3668/3668
f 3663/3663/3663 3668/3668/3668 3664/3664/3664
f 3664/3664/3664 3668/3668/3668 3669/3669/3669
f 3664/3664/3664 3669/3669/3669 3665/3665/3665
f 3665/3665/3665 3669/3669/3669 3670/3670/3670
f 3666/3666/3666 3671/3671/3671 3667/3667/3667
f 3667/3667/3667 3671/3671/3671 3672/3672/3672
f 3667/3667/3667 3672/3672/3672 3668/3668/3668
f 3668/3668/3668 3672/3672/3672 3673/3673/3673
f 3668/3668/3668 3673/3673/3673 3669/3669/3669
f 3669/3669/3669 3673/3673/3673 3674/3674/3674
f 3669/3669/3669 3674/3674/3674 3670/3670/3670
f 3670/3670/3670 3674/3674/3674 3675/3675/3675
f 3671/3671/3671 3676/3676/3676 3672/3672/3672
f 3672/3672/3672 3676/3676/3676 3677/3677/3677
f 3672/3672/3672 3677/3677/3677 3673/3673/3673
f 3673/3673/3673 3677/3677/3677 3678/3678/3678
f 3673/3673/3673 3678/3678/3678 3674/3674/3674
f 3674/3674/3674 3678/3678/3678 3679/3679/3679
f 3674/3674/3674 3679/3679/3679 3675/3675/3675
f 3675/3675/3675 3679/3679/3679 3680/3680/3680
f 3676/3676/3676 3677/3677/3677 3681/3681/3681
f 3677/3677/3677 3678/3678/3678 3681/3681/3681
f 3678/3678/3678 3679/3679/3679 3681/3681/3681
f 3679/3679/3679 3680/3680/3680 3681/3681/3681
f 3682/3682/3682 3687/3687/3687 3683/3683/3683
f 3683/3683/3683 3687/3687/3687 3688/3688/3688
f 3683/3683/3683 3688/3688/3688 3684/3684/3684
f 3684/3684/3684 3688/3688/3688 3689/3689/3689
f 3684/3684/3684 3689/3689/3689 3685/3685/3685
f 3685/3685/3685 3689/3689/3689 3690/3690/3690
f 3685/3685/3685 3690/3690/3690 3686/3686/3686
f 3686/3686/3686 3690/3690/3690 3691/3691/3691
f 3687/3687/3687 3692/3692/3692 3688/3688/3688
f 3688/3688/3688 3692/3692/3692 3693/3693/3693
f 3688/3688/3688 3693/3693/3693 3689/3689/3689
f 3689/3689/3689 3693/3693/3693 3694/3694/3694
f 3689/3689/3689 3694/3694/3694 3690/3690/3690
f 3690/3690/3690 3694/3694/3694 3695/3695/3695
f 3690/3690/3690 3695/3695/3695 3691/3691/3691
f 3691/3691/3691 3695/3695/3695 3696/3696/3696
f 3692/3692/3692 3697/3697/3697 3693/3693/3693
f 3693/3693/3693 3697/3697/3697 3698/3698/3698
f 3693/3693/3693 3698/3698/3698 3694/3694/3694
f 3694/3694/3694 3698/3698/3698 3699/3699/3699
f 3694/3694/3694 3699/3699/3699 3695/3695/3695
f 3695/3695/3695 3699/3699/3699 3700/3700/3700
f 3695/3695/3695 3700/3700/3700 3696/3696/3696
f 3696/3696/3696 3700/3700/3700 3701/3701/3701
f 3697/3697/3697 3702/3702/3702 3698/3698/3698
f 3698/3698/3698 3702/3702/3702 3703/3703/3703
f 3698/3698/3698 3703/3703/3703 3699/3699/3699
f 3699/3699/3699 3703/3703/3703 3704/3704/3704
f 3699/3699/3699 3704/3704/3704 3700/3700/3700
f 3700/3700/3700 3704/3704/3704 3705/3705/3705
f 3700/3700/3700 3705/3705/3705 3701/3701/3701
f 3701/3701/3701 3705/3705/3705 3706/3706/3706
f 3702/3702/3702 3703/3703/3703 3707/3707/3707
f 3703/3703/3703 3704/3704/3704 3707/3707/3707
f 3704/3704/3704 3705/3705/3705 3707/3707/3707
f 3705/3705/3705 3706/3706/3706 3707/3707/3707
usemtl leaves_birch
s 1
v -0.252 11.086 0.840
v 0.720 10.987 0.184
v 0.811 12.160 0.140
v -0.161 12.259 0.796
v -0.588 10.144 0.478
v 0.505 10.085 0.579
v 0.512 11.064 1.080
v -0.582 11.123 0.979
v -1.320 11.224 1.602
v -1.700 11.799 1.161
v -1.850 11.249 0.574
v -1.470 10.675 1.015
v -1.487 10.669 0.093
v -0.412 10.737 0.133
v -0.490 11.720 0.569
v -1.565 11.652 0.529
v -0.890 10.851 0.370
v -0.365 10.470 0.933
v -0.757 10.882 1.577
v -1.282 11.263 1.014
v 0.667 9.418 -0.295
v -0.052 9.382 0.654
v -0.112 8.195 0.564
v 0.608 8.232 -0.385
v 0.469 10.499 0.310
v 0.189 9.496 -0.144
v -0.076 9.103 0.888
v 0.205 10.105 1.342
v 0.550 8.826 0.273
v -0.075 9.491 0.243
v -0.246 9.370 1.131
v 0.378 8.706 1.161
v -0.582 8.788 0.459
v -0.102 8.243 0.807
v 0.544 8.664 0.576
v 0.064 9.209 0.227
v 0.595 10.581 0.362
v 0.326 9.921 0.997
v 1.148 9.456 0.862
v 1.417 10.116 0.228
v -0.252 9.872 1.112
v 0.219 9.439 0.531
v 0.605 10.176 0.295
v 0.134 10.608 0.877
v 0.409 10.866 1.195
v 0.918 9.886 1.444
v 0.482 9.422 0.509
v -0.027 10.402 0.260
v 0.439 9.746 0.548
v -0.410 9.621 0.438
v -0.566 10.010 1.196
v 0.284 10.135 1.306
v 0.291 10.204 0.148
v 0.871 9.684 0.719
v 0.126 9.495 1.303
v -0.454 10.015 0.732
v -0.622 12.210 0.529
v 0.256 11.953 0.801
v -0.117 11.296 1.383
v -0.995 11.552 1.111
v -0.750 12.243 1.396
v -0.659 11.493 1.250
v -0.210 11.426 1.871
v -0.301 12.176 2.017
v -0.128 11.425 1.762
v -0.784 10.840 1.416
v -0.144 10.468 0.830
v 0.512 11.053 1.176
v -1.133 7.615 1.791
v -0.353 8.094 1.342
v -0.732 8.992 1.641
v -1.513 8.513 2.090
v -0.228 8.690 1.486
v -0.778 9.514 1.398
v -1.188 9.336 2.287
v -0.638 8.512 2.375
v -0.603 8.790 1.675
v -0.763 8.390 2.365
v -0.017 8.564 2.638
v 0.142 8.965 1.949
v -1.233 7.895 1.049
v -0.732 7.840 1.767
v -0.969 8.654 1.995
v -1.470 8.710 1.277
v -2.344 8.425 2.656
v -2.850 9.269 2.437
v -2.658 9.132 1.457
v -2.151 8.287 1.675
v -2.827 8.870 2.178
v -3.180 8.173 1.968
v -2.597 7.763 2.350
v -2.244 8.460 2.560
v -2.703 9.022 1.584
v -1.627 9.413 1.656
v -1.283 8.391 2.048
v -2.359 8.000 1.975
v -2.543 8.508 1.093
v -1.863 8.594 2.036
v -2.753 9.050 2.635
v -3.432 8.964 1.692
v -2.537 8.239 2.079
v -2.455 7.612 1.321
v -2.560 8.363 0.689
v -2.641 8.990 1.447
v -1.390 7.455 0.948
v -1.414 8.185 1.284
v -2.094 7.987 1.663
v -2.070 7.258 1.327
v -1.775 8.960 2.108
v -2.132 9.577 1.883
v -2.752 9.346 2.230
v -2.395 8.729 2.456
v -2.598 8.921 2.293
v -2.002 9.812 2.251
v -1.131 9.241 2.511
v -1.727 8.350 2.553
v -1.476 9.390 1.019
v -1.985 8.511 1.650
v -2.779 8.340 0.772
v -2.269 9.219 0.141
v -1.593 8.159 1.062
v -1.298 8.944 0.371
v -2.336 9.245 0.270
v -2.631 8.461 0.961
v -1.758 7.421 1.363
v -1.240 7.690 0.789
v -1.576 8.435 0.834
v -2.094 8.166 1.409
v -1.479 7.775 0.622
v -2.434 7.627 0.839
v -2.652 8.531 0.499
v -1.697 8.679 0.282
v -2.523 9.098 1.411
v -1.964 9.613 1.421
v -1.475 9.086 1.176
v -2.034 8.571 1.167
v -1.830 8.221 1.618
v -1.957 8.664 0.848
v -1.074 8.811 0.786
v -0.947 8.368 1.556
v -3.439 9.100 1.728
v -2.732 9.362 1.798
v -2.987 9.938 2.217
v -3.694 9.677 2.147
v -1.471 8.654 2.300
v -2.435 9.233 2.659
v -3.107 8.519 2.002
v -2.143 7.940 1.643
v -2.789 9.587 2.366
v -3.382 9.078 2.166
v -2.867 8.459 2.214
v -2.274 8.968 2.414
v -2.533 8.183 2.045
v -2.577 8.991 2.444
v -2.649 9.386 1.636
v -2.605 8.578 1.236
v -0.545 8.228 1.894
v -1.047 7.872 0.954
v -0.564 6.865 1.077
v -0.062 7.221 2.018
v -0.715 7.998 1.570
v -0.332 7.301 2.046
v -0.370 7.808 2.822
v -0.753 8.506 2.345
v -0.302 6.463 1.394
v -0.943 6.921 0.956
v -0.902 7.573 1.577
v -0.261 7.114 2.016
v -0.587 6.754 1.439
v -0.500 7.367 1.835
v -1.172 7.589 1.640
v -1.260 6.977 1.244
v 0.589 8.249 -1.728
v 1.497 7.987 -1.115
v 0.915 8.179 -0.170
v 0.006 8.441 -0.783
v -0.141 8.684 -0.702
v 0.451 9.663 -0.753
v 1.274 9.199 -0.107
v 0.683 8.220 -0.055
v 1.264 8.833 -0.693
v 0.379 8.832 -1.267
v 0.330 7.781 -1.189
v 1.215 7.782 -0.616
v 0.465 8.842 -0.696
v 0.493 8.292 -0.046
v 1.149 7.890 -0.415
v 1.120 8.441 -1.065
v 1.405 8.778 -1.278
v 0.875 8.366 -0.941
v 0.347 8.834 -1.198
v 0.877 9.246 -1.535
v 0.210 8.567 -0.621
v 0.726 9.022 -0.878
v 1.209 8.468 -0.889
v 0.693 8.013 -0.631
v 0.380 6.675 -2.074
v 0.534 7.753 -1.700
v -0.553 8.008 -1.986
v -0.707 6.929 -2.360
v 0.178 6.617 -1.398
v 0.468 7.067 -1.896
v 0.251 7.643 -1.502
v -0.039 7.194 -1.004
v 0.110 7.277 -1.846
v -0.991 7.393 -1.862
v -0.900 8.137 -2.678
v 0.201 8.021 -2.661
v -0.647 6.966 -1.271
v 0.275 7.392 -1.022
v -0.087 8.335 -1.293
v -1.009 7.908 -1.542
v -0.189 6.292 -1.493
v -0.649 7.189 -1.885
v 0.323 7.660 -1.946
v 0.782 6.764 -1.554
v -0.713 8.474 -1.526
v 0.189 8.341 -1.390
v 0.359 9.197 -1.686
v -0.543 9.330 -1.821
v 0.106 9.751 -1.068
v 0.983 9.095 -1.279
v 0.303 8.216 -1.373
v -0.574 8.871 -1.162
v 1.536 9.709 -1.597
v 1.307 8.935 -1.727
v 0.668 9.198 -2.164
v 0.897 9.972 -2.034
v -0.013 8.917 -1.242
v 0.842 9.448 -0.660
v 0.734 10.378 -1.351
v -0.121 9.846 -1.933
v 0.604 8.576 -1.621
v 1.097 9.491 -1.669
v 0.884 9.659 -0.663
v 0.391 8.743 -0.615
v 0.522 9.175 -1.998
v 1.097 9.234 -1.421
v 0.603 9.710 -0.977
v 0.028 9.651 -1.554
v -0.515 9.365 -1.895
v -0.328 8.491 -2.135
v 0.380 8.478 -1.538
v 0.193 9.352 -1.298
v 0.641 9.514 -0.627
v 0.203 8.560 -0.610
v 0.280 8.506 -1.656
v 0.718 9.460 -1.673
v 0.808 8.221 -2.272
v 0.520 8.559 -1.191
v 0.307 9.638 -1.586
v 0.595 9.300 -2.667
v -0.576 8.659 -0.955
v 0.004 8.672 -0.523
v -0.183 9.331 -0.291
v -0.764 9.318 -0.723
v 0.088 8.918 0.029
v -0.389 7.952 -0.151
v 0.121 7.881 -1.114
v 0.597 8.847 -0.934
v 0.997 9.053 -0.541
v 0.641 9.488 -1.343
v -0.235 9.089 -1.169
v 0.121 8.654 -0.368
v -1.092 8.899 -0.705
v -0.504 8.660 -1.065
v -0.215 9.330 -1.038
v -0.803 9.569 -0.678
v 3.314 11.898 2.437
v 2.540 11.643 3.014
v 2.034 11.347 2.206
v 2.808 11.602 1.629
v 2.323 11.181 1.954
v 2.067 11.762 2.922
v 2.625 12.689 2.513
v 2.880 12.109 1.545
v 2.563 11.863 1.712
v 2.199 12.466 1.984
v 1.975 12.062 2.581
v 2.339 11.459 2.309
v 1.694 13.049 2.520
v 2.134 12.474 2.844
v 2.773 12.747 2.462
v 2.334 13.323 2.139
v 2.748 12.860 1.527
v 2.465 11.867 1.375
v 1.616 12.019 1.963
v 1.899 13.012 2.115
v 2.086 11.072 1.714
v 2.128 11.938 1.512
v 2.654 11.751 0.818
v 2.611 10.884 1.020
v 2.643 12.633 2.130
v 2.015 12.741 1.671
v 2.045 11.988 1.452
v 2.672 11.879 1.911
v 2.308 12.875 2.566
v 2.592 11.977 2.356
v 1.828 11.871 1.777
v 1.544 12.769 1.987
v 1.689 9.828 1.236
v 2.098 10.186 0.619
v 2.811 10.005 0.987
v 2.401 9.646 1.603
v 1.193 9.013 0.741
v 0.683 10.026 0.618
v 1.688 10.549 0.759
v 2.198 9.535 0.882
v 0.995 9.566 1.474
v 1.890 9.241 0.816
v 1.843 10.251 0.254
v 0.948 10.576 0.911
v 2.073 10.133 0.126
v 2.405 9.964 0.977
v 1.676 9.416 1.152
v 1.344 9.585 0.301
v 1.715 10.091 1.428
v 2.404 9.713 1.267
v 2.740 10.413 1.063
v 2.051 10.791 1.225
v 1.484 10.576 1.088
v 2.290 10.532 0.913
v 2.408 11.266 1.273
v 1.602 11.310 1.448
v 2.988 10.904 1.833
v 2.839 10.119 1.774
v 2.823 10.062 2.572
v 2.972 10.846 2.631
v 3.219 11.026 1.107
v 2.513 10.237 1.420
v 1.687 10.782 0.933
v 2.392 11.571 0.619
v 2.127 10.970 1.500
v 3.140 10.472 1.277
v 2.855 10.392 0.165
v 1.842 10.889 0.388
v 2.470 11.064 1.381
v 1.951 10.942 0.715
v 2.084 10.100 0.765
v 2.603 10.222 1.432
v 3.215 11.155 0.688
v 2.705 11.316 1.486
v 1.894 11.303 0.970
v 2.405 11.143 0.172
v 2.645 11.122 1.090
v 2.839 11.930 0.561
v 2.989 12.437 1.392
v 2.795 11.629 1.920
v 2.306 10.938 0.456
v 2.021 11.544 -0.235
v 1.907 10.803 -0.838
v 2.192 10.197 -0.147
v 1.617 10.074 -0.554
v 1.607 10.890 -0.679
v 0.811 10.913 -0.464
v 0.820 10.097 -0.339
v 0.986 10.179 0.324
v 0.752 10.831 0.962
v 0.525 11.427 0.269
v 0.759 10.775 -0.369
v 1.108 10.608 -0.529
v 1.965 11.052 -0.023
v 1.343 11.886 0.300
v 0.486 11.442 -0.205
v -0.623 11.340 -1.452
v -0.021 10.607 -1.858
v -0.036 11.097 -2.766
v -0.638 11.830 -2.360
v -0.779 13.151 -1.617
v -0.106 13.196 -2.280
v -0.691 12.788 -2.902
v -1.364 12.743 -2.238
v -0.521 11.247 -1.824
v 0.501 11.036 -2.242
v 0.706 12.139 -2.298
v -0.316 12.351 -1.880
v -0.754 12.390 -2.346
v -0.124 12.520 -1.640
v 0.380 11.771 -1.952
v -0.250 11.641 -2.658
v -0.036 12.536 -1.982
v -0.561 11.932 -2.381
v -1.249 12.501 -2.336
v -0.724 13.104 -1.937
v -1.252 10.317 -1.262
v -0.394 9.606 -1.224
v 0.184 10.267 -1.910
v -0.674 10.978 -1.948
v -0.308 10.304 -1.422
v -0.587 10.925 -2.024
v 0.059 10.652 -2.603
v 0.337 10.031 -2.001
v -0.540 10.246 -1.845
v -1.001 9.245 -1.441
v 0.078 8.837 -1.223
v 0.538 9.838 -1.626
v -0.627 11.621 -2.615
v -0.282 11.640 -3.353
v 0.136 10.964 -3.175
v -0.208 10.945 -2.438
v 0.917 11.050 -3.483
v 0.329 10.307 -3.595
v -0.417 10.901 -3.613
v 0.170 11.644 -3.501
v -0.283 10.797 -2.826
v 0.429 11.312 -3.112
v 0.604 11.554 -2.238
v -0.107 11.040 -1.952
v -0.134 9.527 -3.469
v 0.784 9.367 -2.888
v 0.549 8.296 -2.811
v -0.369 8.456 -3.393
v 0.978 9.742 -3.898
v 0.366 9.263 -3.159
v 1.005 8.402 -3.188
v 1.617 8.881 -3.928
v 0.214 9.009 -3.745
v -0.125 9.866 -3.523
v 0.494 9.926 -2.808
v 0.834 9.069 -3.030
v 0.789 8.551 -2.792
v 0.668 9.271 -3.650
v 0.288 10.057 -2.937
v 0.409 9.336 -2.079
v 0.542 9.667 -3.929
v -0.279 9.814 -3.769
v -0.108 10.637 -3.647
v 0.713 10.490 -3.807
v 0.253 9.582 -3.523
v 1.261 9.648 -2.984
v 0.929 8.823 -2.263
v -0.079 8.758 -2.802
v 0.486 7.642 -1.838
v 0.598 8.826 -1.932
v -0.506 8.964 -1.501
v -0.618 7.780 -1.408
v 0.120 9.769 -2.290
v 0.889 10.632 -2.059
v 0.143 11.419 -2.520
v -0.625 10.556 -2.751
v -0.813 10.070 -2.378
v -1.297 10.585 -2.670
v -1.494 10.801 -1.963
v -1.010 10.285 -1.671
v -0.990 10.180 -3.165
v -0.441 10.387 -2.366
v -0.907 11.256 -2.271
v -1.456 11.050 -3.070
v -0.656 11.510 -2.150
v -1.383 11.346 -2.059
v -1.207 10.625 -1.954
v -0.480 10.788 -2.045
v -0.192 9.332 -2.545
v -0.113 10.087 -1.650
v -1.072 10.644 -2.034
v -1.151 9.889 -2.930
v -1.406 10.480 -3.239
v -0.997 11.441 -2.722
v -1.037 10.902 -1.688
v -1.447 9.941 -2.206
v -1.683 11.099 -2.415
v -0.602 10.872 -2.488
v -0.736 10.575 -3.546
v -1.817 10.802 -3.473
v -0.378 11.750 -2.639
v -1.053 11.403 -3.063
v -1.557 11.535 -2.367
v -0.882 11.882 -1.943
v -1.108 11.100 -2.127
v -1.397 10.428 -2.514
v -0.829 10.526 -3.108
v -0.540 11.198 -2.721
v -0.577 11.363 -2.880
v -1.297 11.342 -2.135
v -1.503 10.352 -2.360
v -0.783 10.373 -3.106
v -0.474 10.347 -1.139
v -0.508 9.681 -1.563
v 0.272 9.584 -1.472
v 0.305 10.250 -1.048
v -0.494 11.139 -1.181
v -1.028 10.726 -0.926
v -0.793 10.175 -1.328
v -0.259 10.588 -1.582
v -0.225 10.188 -1.839
v 0.338 9.675 -0.958
v 0.022 10.544 -0.251
v -0.540 11.057 -1.131
v -0.171 10.404 -0.866
v -0.188 9.873 -0.158
v 0.075 9.194 -0.661
v 0.092 9.725 -1.369
v 1.044 8.863 -0.827
v 0.477 8.216 -0.853
v -0.149 8.754 -0.607
v 0.418 9.401 -0.582
v -0.125 9.354 -2.864
v 0.311 8.865 -3.708
v -0.392 9.348 -4.352
v -0.828 9.838 -3.507
v 0.449 8.365 -2.855
v -0.602 8.705 -3.201
v -0.127 9.251 -4.104
v 0.923 8.912 -3.758
v -0.428 8.677 -1.303
v 0.627 8.402 -1.280
v 0.578 8.126 -2.334
v -0.477 8.401 -2.357
v 1.101 9.002 -2.386
v 1.111 8.518 -3.338
v 0.044 8.519 -3.350
v 0.033 9.003 -2.399
v 0.407 9.119 1.719
v 0.409 9.463 0.716
v 0.981 8.617 0.426
v 0.978 8.273 1.430
v 0.694 7.744 1.449
v 0.995 8.585 1.026
v 0.070 8.932 1.056
v -0.232 8.091 1.479
v 0.209 8.601 2.460
v 0.187 9.190 1.910
v 0.688 8.769 1.440
v 0.710 8.181 1.991
v 0.399 8.814 1.637
v 0.702 7.977 1.967
v 1.594 8.302 1.968
v 1.291 9.138 1.638
v 1.348 8.315 1.592
v 0.318 7.838 1.323
v 0.205 7.464 2.422
v 1.235 7.941 2.691
v 0.151 9.180 2.244
v -0.531 8.569 2.061
v -0.534 8.303 2.956
v 0.148 8.915 3.140
v -0.027 7.753 2.762
v -0.101 8.323 3.482
v -0.507 8.950 2.944
v -0.433 8.380 2.224
v -0.515 8.538 3.014
v -1.133 8.518 2.019
v -1.197 7.350 2.082
v -0.579 7.370 3.077
v -0.655 7.356 1.512
v -0.692 6.735 2.114
v 0.172 6.703 2.133
v 0.209 7.323 1.531
v 0.240 6.724 1.837
v -0.850 6.722 2.327
v -0.970 7.883 2.064
v 0.120 7.885 1.574
v -0.340 7.039 1.774
v -0.832 6.507 1.335
v -0.233 6.444 0.739
v 0.259 6.976 1.178
v 0.492 8.110 2.420
v 0.740 8.198 3.196
v -0.037 8.303 3.432
v -0.285 8.215 2.657
v 0.640 9.263 2.933
v 1.074 8.489 3.290
v 0.251 8.211 3.689
v -0.184 8.985 3.333
v -0.561 8.274 1.612
v 0.144 8.644 2.044
v 0.562 7.840 2.048
v -0.143 7.471 1.616
v 0.500 9.046 2.727
v -0.028 8.361 2.002
v -0.077 7.560 2.795
v 0.451 8.244 3.520
v 0.682 8.202 1.447
v 0.464 8.451 0.646
v -0.344 8.611 0.916
v -0.126 8.362 1.716
v 0.511 7.568 1.004
v -0.387 8.264 1.017
v -0.138 8.563 2.084
v 0.759 7.867 2.071
v 0.990 6.964 0.891
v 0.198 7.079 0.078
v 0.026 8.160 0.399
v 0.818 8.045 1.211
v 0.370 6.878 0.441
v 0.012 7.966 0.304
v -0.091 8.076 1.448
v 0.267 6.988 1.586
v 0.140 8.940 0.866
v 0.382 8.021 0.323
v -0.276 7.454 0.990
v -0.517 8.373 1.534
v -0.407 8.560 1.041
v 0.430 8.706 0.919
v 0.614 7.948 1.277
v -0.223 7.803 1.399
v 3.059 13.537 0.131
v 2.741 12.879 0.102
v 3.380 12.579 -0.093
v 3.698 13.237 -0.063
v 2.802 12.790 0.139
v 3.078 12.090 0.644
v 2.454 11.561 0.253
v 2.178 12.261 -0.253
v 2.813 13.605 -0.368
v 2.634 13.173 0.288
v 3.156 12.605 0.057
v 3.335 13.037 -0.599
v 1.365 11.434 1.179
v 1.504 12.269 1.284
v 1.462 12.170 2.130
v 1.322 11.335 2.025
v 1.700 10.912 0.737
v 1.791 11.404 1.257
v 1.099 11.598 1.196
v 1.007 11.105 0.676
v 2.074 11.222 0.698
v 1.257 11.156 0.510
v 1.076 11.736 1.091
v 1.893 11.802 1.280
v 2.666 13.495 0.369
v 2.756 12.498 0.535
v 2.477 12.314 -0.424
v 2.387 13.311 -0.589
v 2.923 12.808 0.079
v 3.182 13.300 -0.416
v 2.681 13.799 -0.182
v 2.422 13.307 0.313
v 3.457 12.230 0.278
v 3.432 13.399 0.308
v 2.269 13.377 0.177
v 2.295 12.208 0.147
v 2.952 12.371 0.178
v 3.431 13.255 0.221
v 2.635 13.664 0.680
v 2.156 12.780 0.638
v 2.591 11.814 -0.094
v 3.105 11.289 0.493
v 3.892 11.653 0.129
v 3.378 12.178 -0.458
v 2.604 11.988 -0.194
v 2.621 11.141 -0.283
v 3.089 11.076 0.426
v 3.072 11.923 0.515
v 2.523 11.927 -0.160
v 2.938 11.519 0.376
v 3.094 12.188 0.766
v 2.680 12.597 0.230
v 2.883 12.594 0.232
v 2.695 11.751 0.154
v 3.340 11.557 0.701
v 3.528 12.401 0.778
v 3.741 11.321 0.112
v 3.567 12.443 -0.171
v 2.530 12.418 0.371
v 2.705 11.297 0.654
v 3.976 11.686 1.025
v 3.553 12.153 0.180
v 2.635 11.670 0.373
v 3.059 11.203 1.219
v 3.056 10.709 0.541
v 2.440 11.600 0.866
v 3.206 12.295 0.410
v 3.821 11.405 0.085
v 3.163 12.739 0.286
v 3.208 13.463 0.869
v 3.881 13.034 1.349
v 3.836 12.310 0.765
v 4.188 12.218 0.703
v 4.139 11.433 0.666
v 3.372 11.489 0.498
v 3.421 12.274 0.534
v 3.075 12.236 1.792
v 2.467 12.373 0.936
v 3.324 12.308 0.317
v 3.932 12.171 1.172
v 3.561 11.990 0.352
v 3.353 12.672 0.778
v 2.977 12.200 1.350
v 3.185 11.518 0.924
v 2.193 11.325 2.200
v 3.031 11.753 2.034
v 2.976 11.505 1.113
v 2.137 11.077 1.279
v 2.450 10.749 1.336
v 2.245 10.469 2.001
v 2.927 10.622 2.275
v 3.132 10.902 1.610
v 2.226 11.520 1.821
v 1.838 11.933 0.932
v 1.887 10.987 0.471
v 2.274 10.574 1.360
v 2.963 11.120 0.752
v 2.457 10.668 1.139
v 1.862 11.046 0.802
v 2.368 11.498 0.415
v 1.003 8.212 2.561
v 1.825 8.526 2.329
v 1.799 8.029 1.568
v 0.977 7.715 1.800
v 1.581 8.649 2.607
v 2.466 8.457 2.076
v 2.186 7.452 1.973
v 1.302 7.643 2.504
v 2.112 7.692 1.705
v 2.290 7.133 2.332
v 1.514 6.776 2.234
v 1.337 7.336 1.606
v 0.762 8.210 1.649
v 1.036 7.402 2.295
v 1.681 8.058 2.842
v 1.408 8.866 2.196
v 1.122 7.920 1.680
v 1.786 8.630 1.813
v 2.055 8.219 2.663
v 1.390 7.510 2.530
v 1.400 7.619 2.650
v 1.921 8.170 3.315
v 1.923 8.946 2.670
v 1.403 8.394 2.005
v 1.825 8.754 2.512
v 1.673 8.042 2.979
v 0.830 8.101 2.796
v 0.982 8.813 2.328
v 1.449 8.441 1.615
v 1.436 7.964 2.665
v 1.696 6.939 2.203
v 1.709 7.416 1.153
v 0.806 6.542 1.953
v 0.693 7.390 1.976
v 1.487 7.504 1.680
v 1.601 6.656 1.658
v 1.081 7.907 2.415
v 1.807 7.346 2.445
v 1.981 7.524 1.561
v 1.255 8.085 1.531
v 2.291 7.758 2.421
v 1.568 7.920 1.881
v 2.044 8.566 1.436
v 2.767 8.404 1.977
v 2.502 8.497 2.414
v 1.905 8.202 1.461
v 1.199 9.111 1.622
v 1.795 9.406 2.575
v 0.950 8.893 2.289
v 1.862 8.962 1.919
v 2.238 8.784 2.813
v 1.327 8.715 3.183
v 2.297 9.011 1.984
v 1.698 9.318 2.442
v 2.242 9.530 3.010
v 2.840 9.224 2.551
v 1.638 7.984 2.502
v 1.725 8.704 1.897
v 2.360 9.107 2.468
v 2.274 8.387 3.072
v -0.180 7.370 1.846
v -0.842 7.975 1.560
v -0.258 8.300 0.897
v 0.404 7.695 1.183
v 0.432 8.769 1.728
v 0.566 8.426 1.069
v -0.123 8.619 0.828
v -0.256 8.962 1.487
v -0.272 8.147 1.127
v 0.860 8.342 1.296
v 0.988 7.256 1.688
v -0.144 7.062 1.519
v 0.964 6.494 1.083
v 0.586 5.988 0.533
v 0.034 6.592 0.356
v 0.411 7.098 0.906
v 0.584 8.524 0.942
v 0.487 7.927 1.405
v -0.264 8.052 1.410
v -0.167 8.649 0.947
v 2.366 8.086 0.023
v 3.271 8.254 0.234
v 3.009 8.634 1.058
v 2.103 8.467 0.847
v 1.963 8.478 0.552
v 1.690 9.109 1.381
v 2.608 8.849 1.880
v 2.880 8.218 1.051
v 2.780 9.272 1.187
v 2.298 8.771 0.984
v 2.436 8.393 1.586
v 2.918 8.894 1.790
v 2.379 7.807 1.028
v 1.836 6.871 1.418
v 0.861 7.230 0.923
v 1.405 8.167 0.533
v 1.733 7.349 1.355
v 1.286 7.751 0.947
v 1.342 7.266 0.409
v 1.789 6.865 0.817
v 1.649 8.444 2.342
v 1.682 9.582 2.150
v 2.812 9.511 1.924
v 2.779 8.373 2.115
v 2.235 8.754 2.541
v 1.463 8.297 2.205
v 1.811 8.364 1.315
v 2.583 8.822 1.651
v 1.283 7.607 1.893
v 1.865 8.263 2.512
v 2.405 8.599 1.647
v 1.823 7.943 1.028
v 2.389 8.455 2.094
v 2.178 9.201 1.917
v 1.415 9.014 2.039
v 1.626 8.268 2.216
v 1.331 10.256 -0.770
v 1.845 10.541 0.256
v 1.403 9.562 0.749
v 0.889 9.277 -0.277
v 2.128 9.509 0.670
v 1.564 10.378 0.216
v 0.647 9.725 0.105
v 1.211 8.856 0.559
v 2.149 8.573 0.536
v 1.111 8.834 -0.003
v 0.736 9.392 0.989
v 1.775 9.132 1.528
v 2.431 8.911 0.362
v 1.670 9.575 0.707
v 1.634 9.051 1.637
v 2.395 8.387 1.291
v 1.361 8.611 0.731
v 0.876 8.625 1.736
v 1.561 9.447 2.055
v 2.046 9.432 1.050
v 2.173 9.019 1.642
v 2.497 9.427 0.702
v 1.673 10.117 0.717
v 1.349 9.709 1.657
v 1.943 8.984 1.469
v 0.848 9.106 1.205
v 1.139 9.598 0.227
v 2.234 9.477 0.491
v 1.674 8.383 1.691
v 1.120 8.552 0.724
v 2.095 8.766 0.202
v 2.650 8.597 1.169
v 3.937 9.600 0.486
v 3.059 9.008 0.294
v 2.835 8.997 1.347
v 3.714 9.589 1.539
v 2.708 9.591 0.611
v 3.126 9.357 1.162
v 3.370 10.037 1.266
v 2.953 10.271 0.715
v 2.098 8.998 1.026
v 2.970 9.393 1.691
v 3.162 10.254 0.929
v 2.290 9.859 0.264
v 2.667 10.117 1.719
v 2.126 9.897 1.239
v 2.530 9.281 1.066
v 3.071 9.501 1.546
v 3.297 9.541 1.128
v 2.413 9.721 0.947
v 2.544 9.479 0.069
v 3.427 9.300 0.250
v 1.028 7.027 1.300
v 0.977 7.245 0.513
v 1.764 7.470 0.525
v 1.814 7.252 1.312
v 1.852 8.111 0.798
v 2.212 8.846 1.331
v 3.087 8.716 0.917
v 2.727 7.981 0.384
v 1.774 9.505 -0.241
v 1.490 8.630 0.220
v 1.603 8.124 -0.669
v 1.887 8.999 -1.130
v 1.191 7.793 1.324
v 1.128 6.780 1.308
v 1.482 6.772 0.356
v 1.545 7.785 0.371
v 1.268 7.458 0.687
v 2.016 7.977 -0.025
v 1.433 8.969 0.086
v 0.685 8.449 0.798
v 1.642 9.144 -1.924
v 2.393 9.444 -1.617
v 2.068 9.440 -0.816
v 1.316 9.140 -1.123
v 2.024 8.744 -0.078
v 1.537 8.907 -1.099
v 2.423 9.556 -1.418
v 2.910 9.393 -0.397
v 2.359 8.132 -0.077
v 1.652 7.613 -0.800
v 0.998 8.542 -0.826
v 1.705 9.061 -0.103
v 1.072 7.012 0.892
v 0.893 6.198 0.583
v 0.265 6.538 0.053
v 0.444 7.352 0.362
v 1.599 7.310 -0.238
v 2.346 8.008 -0.378
v 1.871 8.648 0.278
v 1.124 7.950 0.419
v 2.024 12.097 2.112
v 1.958 11.140 1.572
v 1.096 11.519 1.003
v 1.162 12.476 1.543
v 2.120 11.479 1.941
v 1.548 10.550 1.864
v 0.624 11.127 1.771
v 1.196 12.056 1.847
v 1.251 10.749 1.302
v 0.811 11.354 1.769
v 0.305 10.720 2.115
v 0.745 10.115 1.648
v 1.236 10.542 0.444
v 0.881 10.076 1.359
v 0.551 11.044 1.724
v 0.905 11.510 0.809
v 1.647 10.723 1.952
v 0.957 10.616 1.148
v 0.699 11.646 1.231
v 1.389 11.754 2.036
v 0.430 12.339 0.852
v 0.965 12.467 1.413
v 1.293 11.769 1.260
v 0.758 11.641 0.698
v 0.792 12.147 2.113
v 0.876 11.341 2.062
v 1.582 11.440 1.674
v 1.498 12.245 1.725
v 0.654 11.929 1.930
v 1.003 11.165 1.335
v 0.759 11.708 0.495
v 0.410 12.472 1.090
v 0.749 11.599 1.689
v 0.140 11.863 2.133
v -0.339 11.316 1.801
v 0.270 11.052 1.357
v 0.383 11.648 1.731
v -0.404 11.460 1.797
v -0.230 10.942 2.396
v 0.557 11.130 2.330
v -0.262 11.804 2.637
v 0.249 12.186 2.047
v 0.325 11.431 1.624
v -0.187 11.049 2.213
v -0.310 12.806 2.010
v -0.548 13.505 1.635
v -0.268 13.945 2.278
v -0.030 13.246 2.653
v -0.219 13.651 1.842
v -0.428 14.035 2.546
v -1.113 14.329 2.183
v -0.904 13.945 1.478
v -0.264 13.986 1.635
v -0.082 13.335 2.207
v -0.402 12.741 1.633
v -0.584 13.392 1.061
v -1.100 13.411 1.239
v -0.501 14.017 1.701
v 0.232 13.400 1.560
v -0.366 12.794 1.098
v -0.491 12.527 0.665
v -0.360 12.798 -0.073
v -1.138 12.745 -0.230
v -1.269 12.474 0.507
v 0.566 12.948 0.968
v -0.136 13.343 0.623
v -0.649 12.704 0.933
v 0.053 12.309 1.278
v -0.735 12.723 0.336
v -0.789 12.242 1.020
v 0.033 12.081 0.972
v 0.087 12.562 0.288
v 0.386 12.963 1.372
v 0.611 12.799 2.296
v 1.526 13.048 2.118
v 1.302 13.212 1.194
v 0.331 12.496 1.563
v 1.175 11.832 2.084
v 1.574 12.794 2.665
v 0.730 13.459 2.145
v 0.434 12.602 1.784
v 0.363 11.970 1.394
v 0.840 12.231 0.883
v 0.910 12.863 1.273
v -0.239 14.243 2.074
v -0.209 13.333 2.359
v 0.704 13.442 2.613
v 0.675 14.352 2.329
v 0.729 12.995 1.981
v 0.720 13.424 2.911
v -0.091 13.990 2.642
v -0.082 13.560 1.712
v -0.636 13.141 1.448
v -0.042 12.712 1.358
v 0.380 13.311 1.279
v -0.213 13.741 1.368
v 3.717 8.316 -2.840
v 3.706 7.593 -3.609
v 3.358 6.869 -2.924
v 3.369 7.592 -2.155
v 2.387 6.878 -2.270
v 2.439 6.453 -3.358
v 3.450 7.015 -3.529
v 3.398 7.440 -2.441
v 2.562 5.990 -2.060
v 1.863 6.814 -2.314
v 2.657 7.557 -2.089
v 3.356 6.733 -1.835
v 2.915 7.450 -2.705
v 2.397 6.916 -2.386
v 2.896 6.807 -1.758
v 3.414 7.341 -2.077
v 2.755 6.414 -2.144
v 3.030 6.854 -2.844
v 3.637 7.249 -2.358
v 3.362 6.808 -1.657
v 2.190 7.502 -1.675
v 2.627 7.037 -2.314
v 2.728 7.795 -2.797
v 2.290 8.259 -2.157
v 2.705 9.308 -2.959
v 3.402 9.027 -2.503
v 2.867 8.689 -1.892
v 2.170 8.970 -2.349
v 3.744 9.075 -3.712
v 2.949 8.789 -4.003
v 2.607 8.905 -3.185
v 3.403 9.192 -2.894
v 3.411 8.478 -3.467
v 2.834 8.652 -2.974
v 3.083 8.097 -2.487
v 3.660 7.923 -2.981
v 2.094 8.289 -2.495
v 2.797 7.946 -2.643
v 3.154 8.655 -2.590
v 2.452 8.998 -2.442
v 2.662 8.779 -2.697
v 2.640 8.057 -2.983
v 3.411 8.005 -2.909
v 3.433 8.726 -2.623
v 5.844 7.887 -2.621
v 6.082 7.107 -2.911
v 5.425 7.117 -3.474
v 5.188 7.896 -3.184
v 4.032 8.038 -3.235
v 4.647 7.499 -2.778
v 4.942 7.145 -3.593
v 4.327 7.684 -4.050
v 6.275 7.771 -2.367
v 6.142 8.451 -2.679
v 5.998 8.117 -3.346
v 6.131 7.437 -3.034
v 4.843 7.176 -2.428
v 4.848 7.641 -3.484
v 5.198 8.646 -3.040
v 5.193 8.181 -1.984
v 4.354 7.003 -2.189
v 4.619 7.866 -2.133
v 4.462 7.971 -3.018
v 4.197 7.108 -3.073
v 4.949 8.451 -3.457
v 4.157 8.033 -2.814
v 4.782 7.145 -2.620
v 5.574 7.563 -3.264
v 4.093 8.560 -2.534
v 3.998 8.511 -1.688
v 4.833 8.649 -1.586
v 4.929 8.697 -2.432
v 5.359 9.919 -2.251
v 4.927 8.903 -1.812
v 3.992 9.491 -1.371
v 4.425 10.507 -1.810
v 4.728 9.421 -1.222
v 5.080 9.519 -2.026
v 4.735 10.329 -2.078
v 4.383 10.231 -1.275
v 4.079 9.269 -2.358
v 4.637 8.886 -1.487
v 4.780 9.917 -1.125
v 4.222 10.301 -1.995
v 2.756 7.905 -1.332
v 2.925 7.223 -1.001
v 3.432 7.074 -1.569
v 3.263 7.755 -1.900
v 1.768 7.729 -2.402
v 2.536 6.969 -2.225
v 3.316 7.706 -2.444
v 2.547 8.466 -2.621
v 2.543 8.360 -2.130
v 1.868 7.502 -1.743
v 2.198 6.841 -2.634
v 2.873 7.699 -3.022
v 2.874 7.781 -1.957
v 2.477 7.239 -2.349
v 2.137 7.009 -1.688
v 2.533 7.552 -1.295
v 1.523 6.433 -2.818
v 2.186 7.395 -2.700
v 1.248 8.067 -2.917
v 0.586 7.106 -3.034
v 1.972 6.866 -2.281
v 1.598 6.017 -2.740
v 2.037 6.306 -3.632
v 2.411 7.154 -3.173
v 2.054 6.441 -3.290
v 1.332 6.214 -2.470
v 0.619 6.962 -2.891
v 1.341 7.189 -3.710
v 1.237 6.255 -2.087
v 1.874 6.782 -1.726
v 1.548 7.489 -2.184
v 0.911 6.962 -2.545
v 1.616 7.395 -3.804
v 1.418 8.116 -3.786
v 1.991 8.284 -4.236
v 2.189 7.563 -4.255
v 1.627 5.671 -1.980
v 1.507 6.142 -2.875
v 1.790 7.023 -2.449
v 1.911 6.551 -1.554
v 1.391 6.914 -3.195
v 1.059 6.635 -2.529
v 1.731 6.783 -2.132
v 2.063 7.061 -2.797
v 3.214 7.811 -1.042
v 3.482 7.720 -2.105
v 3.653 8.806 -2.155
v 3.386 8.897 -1.092
v 3.903 7.404 -1.574
v 4.854 7.759 -1.504
v 4.611 8.238 -0.640
v 3.660 7.882 -0.710
v 3.738 7.686 -1.936
v 3.664 6.812 -1.514
v 2.731 6.760 -1.785
v 2.804 7.634 -2.207
v 3.568 8.267 -1.624
v 3.116 8.452 -0.851
v 2.856 7.577 -0.794
v 3.308 7.392 -1.567
v 3.133 7.081 -0.681
v 2.295 7.765 -0.244
v 1.750 7.757 -1.276
v 2.588 7.073 -1.713
v 3.450 7.419 -0.967
v 2.799 7.750 -0.867
v 2.922 8.173 -1.458
v 3.574 7.842 -1.558
v 2.904 7.305 -0.948
v 2.426 7.762 -0.412
v 2.738 8.480 -0.746
v 3.216 8.024 -1.282
v 3.273 7.812 -1.170
v 2.692 7.356 -1.080
v 2.246 7.866 -1.386
v 2.827 8.321 -1.476
v 2.144 8.107 -1.911
v 1.689 8.770 -1.636
v 1.968 8.633 -0.845
v 2.422 7.970 -1.120
v 2.643 9.071 -0.976
v 2.155 8.125 -1.183
v 2.270 8.298 -2.247
v 2.759 9.244 -2.041
v 1.989 7.250 -1.890
v 2.264 6.491 -2.065
v 3.017 6.704 -1.801
v 2.742 7.463 -1.626
v 1.822 7.830 -1.799
v 1.995 8.583 -1.609
v 2.618 8.332 -1.181
v 2.445 7.578 -1.371
v 2.851 8.033 -2.467
v 2.781 7.045 -2.072
v 1.776 7.237 -1.773
v 1.846 8.224 -2.168
v 1.814 8.345 -1.930
v 2.165 7.660 -2.171
v 1.449 7.291 -2.164
v 1.098 7.975 -1.923
v 1.998 6.458 -1.486
v 2.510 6.915 -1.830
v 2.172 6.785 -2.507
v 1.660 6.328 -2.164
v 0.993 11.359 0.678
v 0.559 11.297 1.421
v -0.103 10.937 1.003
v 0.330 10.999 0.261
v 0.909 10.314 1.325
v 0.785 9.452 0.809
v -0.180 9.699 0.629
v -0.056 10.561 1.145
v 0.957 10.936 1.086
v 1.472 11.038 0.507
v 1.189 11.755 0.381
v 0.673 11.653 0.960
v -0.277 10.757 1.116
v 0.393 11.206 1.234
v 0.687 10.635 1.736
v 0.017 10.186 1.618
v 0.290 10.493 0.845
v 0.920 10.899 1.059
v 0.462 11.436 1.389
v -0.168 11.031 1.174
v -0.923 10.407 1.661
v -1.413 11.084 2.100
v -1.683 11.430 1.264
v -1.193 10.753 0.825
v -1.133 10.174 2.428
v -0.744 11.126 2.371
v -0.663 11.032 1.349
v -1.052 10.080 1.406
v -1.772 10.289 1.923
v -1.148 9.928 2.087
v -0.759 10.424 1.702
v -1.383 10.786 1.538
v -0.565 9.743 1.893
v -0.651 8.984 1.861
v -0.312 8.975 1.176
v -0.227 9.734 1.208
v -0.813 8.919 1.656
v -0.747 8.342 1.039
v -1.589 8.346 0.945
v -1.655 8.923 1.562
v -1.301 7.960 1.167
v -0.680 7.892 0.341
v -0.333 8.850 0.522
v -0.954 8.918 1.348
v -1.211 9.592 1.041
v -1.152 8.769 1.714
v -0.160 8.570 1.383
v -0.220 9.393 0.710
v -1.011 8.023 0.427
v -0.639 7.390 1.008
v -0.529 8.054 1.660
v -0.901 8.687 1.078
v -0.429 8.144 0.371
v -0.267 8.942 0.179
v 0.490 8.872 0.527
v 0.329 8.074 0.719
v 1.403 9.017 0.642
v 1.434 9.444 1.440
v 0.731 8.952 1.731
v 0.700 8.525 0.933
v 0.307 9.097 1.257
v 1.281 9.031 1.719
v 1.312 10.107 1.808
v 0.338 10.173 1.346
v 0.088 9.318 0.727
v 0.702 9.006 1.492
v 1.056 8.243 0.898
v 0.441 8.555 0.133
v 0.770 9.188 2.679
v 0.648 9.068 1.654
v -0.336 8.770 1.806
v -0.214 8.890 2.831
v 0.242 9.401 4.115
v 0.941 9.139 3.524
v 0.306 9.021 2.825
v -0.393 9.283 3.415
v 0.249 9.019 2.449
v -0.110 7.994 2.645
v -0.114 7.788 1.560
v 0.245 8.813 1.365
v -1.066 8.531 1.630
v -0.457 8.393 0.736
v 0.446 8.410 1.348
v -0.164 8.548 2.243
v -0.990 7.376 2.168
v -1.396 7.457 1.539
v -0.817 7.814 1.212
v -0.411 7.732 1.842
v -1.685 8.026 1.232
v -0.705 7.664 1.807
v -0.127 8.639 1.436
v -1.107 9.001 0.861
v -0.576 8.477 1.670
v -0.991 8.189 1.016
v -0.375 8.429 0.520
v 0.039 8.718 1.174
v -0.402 12.006 1.143
v 0.361 11.511 1.633
v -0.312 10.801 1.964
v -1.075 11.296 1.474
v -0.435 10.581 1.677
v -0.836 11.203 1.704
v -0.274 11.578 1.401
v 0.126 10.956 1.374
v -0.637 10.481 1.260
v -1.243 10.248 1.862
v -0.628 10.290 2.497
v -0.022 10.523 1.895
v -2.740 7.531 1.502
v -3.516 7.694 1.421
v -3.471 8.207 2.029
v -2.695 8.044 2.110
v -2.852 7.514 1.092
v -2.640 7.665 1.987
v -3.035 8.508 1.938
v -3.247 8.357 1.043
v -2.009 8.886 2.180
v -2.598 9.154 1.444
v -2.926 9.907 1.979
v -2.337 9.639 2.716
v -2.278 8.210 0.605
v -3.025 7.508 0.306
v -2.325 6.711 0.427
v -1.578 7.413 0.726
v -3.315 8.886 0.401
v -2.671 8.701 0.858
v -3.145 8.676 1.515
v -3.788 8.862 1.059
v -2.640 8.539 0.568
v -3.116 7.961 1.300
v -2.326 7.272 1.269
v -1.851 7.851 0.536
v -3.604 8.393 -0.557
v -2.958 7.482 -0.242
v -2.413 8.140 0.542
v -3.058 9.050 0.227
v -2.367 8.836 0.229
v -2.760 8.492 1.096
v -3.397 7.904 0.573
v -3.004 8.248 -0.293
v -2.190 9.127 -0.970
v -3.150 8.981 -0.889
v -3.103 9.201 0.059
v -2.143 9.348 -0.022
v -2.456 8.004 -0.540
v -2.517 7.599 0.237
v -3.136 8.170 0.486
v -3.075 8.575 -0.291
v -2.929 8.023 0.484
v -2.337 8.141 -0.534
v -2.129 6.977 -0.548
v -2.720 6.858 0.470
v -2.241 9.340 -0.960
v -2.938 8.631 -0.451
v -2.109 7.890 -0.346
v -1.412 8.599 -0.856
v -2.026 8.842 -0.670
v -2.096 8.090 -0.084
v -2.978 8.365 0.162
v -2.908 9.116 -0.424
v -3.024 9.726 1.150
v -2.872 10.515 0.630
v -3.458 10.181 -0.048
v -3.610 9.393 0.472
v -2.873 8.906 0.111
v -3.785 8.894 0.885
v -3.597 10.051 1.124
v -2.684 10.063 0.351
v -2.706 9.990 -0.104
v -3.374 9.545 -0.164
v -3.030 8.968 0.278
v -2.362 9.412 0.338
v -3.766 8.072 -0.240
v -3.667 8.858 -0.841
v -2.865 9.148 -0.330
v -2.964 8.362 0.271
v -1.827 7.704 -1.011
v -1.305 7.011 -1.075
v -1.144 7.053 -0.222
v -1.665 7.746 -0.158
v -2.759 7.979 -0.142
v -3.272 7.331 0.715
v -3.049 8.196 1.502
v -2.537 8.845 0.645
v -2.552 6.892 0.629
v -1.856 7.854 0.800
v -1.612 7.886 -0.374
v -2.308 6.925 -0.545
v -3.632 7.769 -0.064
v -2.637 7.229 0.083
v -2.176 7.848 -0.757
v -3.171 8.389 -0.905
v -1.996 8.244 1.482
v -2.467 8.128 0.926
v -2.394 8.831 0.717
v -1.923 8.948 1.273
v -2.342 8.119 1.605
v -1.687 7.693 1.818
v -2.053 7.011 1.578
v -2.708 7.437 1.365
v -2.432 6.822 1.095
v -3.087 7.225 1.174
v -2.939 7.318 1.927
v -2.285 6.915 1.848
v -2.479 7.924 1.379
v -2.180 7.514 0.728
v -1.472 7.390 1.132
v -1.771 7.800 1.782
v -2.282 8.916 0.618
v -2.384 9.728 1.301
v -2.443 9.038 2.112
v -2.341 8.227 1.429
v -2.021 7.881 0.355
v -1.730 8.854 0.060
v -0.716 8.553 0.068
v -1.008 7.580 0.362
v -1.142 8.542 1.173
v -1.747 7.915 0.495
v -2.031 8.813 -0.082
v -1.425 9.439 0.596
v -0.379 11.371 2.646
v -0.523 12.355 2.144
v -1.513 12.014 1.760
v -1.368 11.030 2.262
v -1.193 11.235 1.940
v -1.319 11.815 1.139
v -2.009 11.184 0.790
v -1.882 10.604 1.592
v -1.807 11.715 1.246
v -1.875 11.146 0.761
v -1.208 10.879 0.979
v -1.139 11.448 1.464
v -0.980 10.699 2.420
v -1.173 11.380 1.785
v -2.101 11.291 1.972
v -1.908 10.610 2.606
v -1.852 11.945 1.673
v -0.677 11.983 1.690
v -0.644 10.836 1.949
v -1.819 10.798 1.932
v -0.630 11.010 1.143
v -1.353 10.994 0.986
v -1.463 11.567 1.441
v -0.741 11.582 1.597
v -0.224 12.398 0.468
v -1.298 12.653 0.394
v -1.494 12.097 1.330
v -0.420 11.842 1.403
v -1.209 12.436 0.973
v -1.956 12.036 1.041
v -2.182 12.328 0.275
v -1.435 12.728 0.206
v -1.224 12.940 0.797
v -0.594 13.000 1.448
v -0.707 13.900 1.476
v -1.338 13.840 0.825
v -1.850 12.659 1.200
v -1.836 12.977 0.227
v -0.814 13.027 0.259
v -0.828 12.710 1.232
v -2.005 13.157 1.099
v -1.372 13.653 0.431
v -0.996 12.733 0.105
v -1.629 12.238 0.773
v -0.993 11.487 -0.228
v -0.732 12.264 -0.376
v -0.509 12.043 -1.147
v -0.770 11.266 -1.000
v -1.231 11.862 -0.147
v -1.542 11.208 -0.543
v -0.785 11.009 -0.806
v -0.475 11.662 -0.410
v -1.126 12.458 -0.339
v -0.685 11.596 -0.557
v -1.508 11.290 -1.017
v -1.950 12.152 -0.800
v -0.367 10.562 0.524
v 0.475 11.278 0.180
v -0.318 12.062 -0.130
v -1.160 11.347 0.214
v -0.856 12.791 0.104
v -1.796 12.107 -0.060
v -1.093 11.197 -0.295
v -0.153 11.881 -0.131
v -1.176 12.335 0.087
v -1.909 11.699 0.381
v -1.676 11.076 -0.385
v -0.943 11.712 -0.679
v 0.590 10.951 0.156
v -0.160 10.228 -0.086
v -0.645 10.417 0.849
v 0.106 11.140 1.091
v -0.238 9.507 0.456
v 0.724 9.618 0.807
v 0.740 10.586 0.456
v -0.222 10.475 0.105
v -0.700 10.162 -0.167
v 0.041 10.197 -0.768
v 0.594 9.776 -0.112
v -0.148 9.740 0.490
v -0.306 9.348 0.453
v -0.139 9.607 -0.313
v 0.663 9.449 -0.192
v 0.496 9.189 0.575
v -1.395 11.536 -0.382
v -1.596 11.606 0.612
v -0.912 10.878 0.801
v -0.711 10.809 -0.193
v -1.631 10.983 0.242
v -2.280 11.233 0.488
v -2.146 11.887 0.176
v -1.497 11.638 -0.070
v -0.891 10.770 0.537
v -1.176 11.576 0.231
v -0.327 11.897 0.288
v -0.043 11.090 0.593
v -0.969 11.312 0.510
v -0.417 10.706 1.069
v -0.538 9.981 0.402
v -1.090 10.587 -0.157
v -1.433 11.148 0.481
v -1.329 10.098 1.034
v -0.925 9.607 0.027
v -1.029 10.657 -0.527
v 0.345 11.635 0.021
v 0.960 12.138 -0.637
v 0.608 11.553 -1.411
v -0.006 11.050 -0.753
v 1.057 11.341 -0.331
v 0.840 10.434 -0.332
v 1.409 10.300 -1.060
v 1.625 11.207 -1.058
v 1.228 11.511 -1.529
v 0.792 10.594 -0.922
v 0.822 11.237 0.071
v 1.258 12.154 -0.536
v 0.564 9.846 -0.427
v 1.480 10.262 -0.940
v 1.162 11.308 -0.661
v 0.246 10.893 -0.148
v -1.009 12.765 1.204
v -1.740 12.276 1.227
v -1.251 11.547 1.288
v -0.520 12.036 1.264
v -1.863 12.562 2.501
v -1.439 11.672 2.108
v -0.707 12.246 1.597
v -1.131 13.137 1.990
v -1.348 13.281 2.079
v -1.181 12.406 1.906
v -1.956 12.351 1.437
v -2.123 13.226 1.610
v -1.288 13.328 1.208
v -2.028 12.526 1.623
v -1.267 12.259 2.467
v -0.526 13.061 2.051
v 0.758 11.950 -0.350
v 0.808 12.044 0.660
v -0.194 12.204 0.694
v -0.244 12.110 -0.316
v -0.683 11.443 -0.070
v -0.915 10.904 0.705
v -0.289 10.218 0.415
v -0.057 10.757 -0.360
v -0.264 10.125 -0.419
v 0.619 9.950 0.124
v 0.620 10.952 0.445
v -0.264 11.127 -0.098
v 1.197 11.496 -0.804
v 1.101 11.307 -1.738
v 1.987 11.635 -1.896
v 2.083 11.824 -0.962
v 1.892 11.971 -1.257
v 2.363 12.953 -1.406
v 1.391 13.443 -1.250
v 0.920 12.461 -1.101
v 1.692 12.266 -2.279
v 1.400 11.625 -1.565
v 0.790 12.325 -1.186
v 1.082 12.966 -1.900
v 1.763 12.107 -1.632
v 1.957 12.962 -0.829
v 0.904 13.446 -1.090
v 0.710 12.591 -1.892
v 1.225 12.930 -2.000
v 1.669 13.231 -1.293
v 2.063 13.843 -1.801
v 1.619 13.542 -2.508
v 1.017 13.132 -1.168
v 1.579 13.525 -1.714
v 1.501 12.857 -2.276
v 0.939 12.464 -1.730
v 3.390 12.900 -2.205
v 3.714 12.242 -1.872
v 2.978 11.923 -1.785
v 2.654 12.582 -2.119
v 2.968 12.414 -0.587
v 3.088 12.927 -1.570
v 3.178 11.937 -2.076
v 3.058 11.424 -1.094
v 3.427 12.660 -1.539
v 2.633 12.537 -1.831
v 2.897 12.712 -2.625
v 3.692 12.836 -2.333
v 2.019 11.144 -2.043
v 1.208 10.625 -1.518
v 0.474 11.112 -2.172
v 1.285 11.631 -2.696
v 0.554 10.347 -1.307
v 1.140 9.671 -1.115
v 1.720 10.277 -0.749
v 1.134 10.953 -0.941
v 2.296 12.199 -0.554
v 1.910 11.730 -1.195
v 2.662 11.742 -1.657
v 3.048 12.210 -1.016
v 1.220 11.487 -1.401
v 1.658 12.198 -0.910
v 2.494 11.711 -0.951
v 2.056 11.001 -1.442
v 1.803 12.174 -1.334
v 2.382 11.654 -0.940
v 3.030 12.055 -1.365
v 2.450 12.574 -1.758
v 2.637 12.035 -0.571
v 3.460 12.594 -0.843
v 3.174 12.535 -1.832
v 2.351 11.975 -1.561
v 1.715 11.944 -0.955
v 2.207 12.028 -1.531
v 2.555 12.590 -1.152
v 2.063 12.506 -0.575
v 2.820 12.902 0.188
v 2.343 12.040 -0.483
v 3.049 12.356 -1.391
v 3.526 13.219 -0.720
v 2.288 12.898 -1.796
v 1.877 12.728 -0.906
v 2.688 12.225 -0.627
v 3.099 12.394 -1.517
v 0.384 12.249 -1.457
v 0.674 11.445 -1.757
v 1.502 11.790 -1.879
v 1.212 12.594 -1.580
v 2.055 12.110 -1.085
v 1.985 11.177 -1.638
v 0.921 11.131 -1.427
v 0.990 12.064 -0.874
v 1.384 11.176 -1.272
v 0.827 11.455 -1.851
v 0.207 11.427 -1.269
v 0.764 11.148 -0.690
v 0.407 11.163 -1.928
v 1.274 10.726 -1.835
v 1.474 11.286 -1.062
v 0.607 11.723 -1.155
v 0.770 11.300 1.424
v 0.605 10.125 1.526
v 0.937 10.178 2.669
v 1.102 11.353 2.567
v 1.381 9.446 0.972
v 0.450 9.383 0.993
v 0.506 8.806 1.724
v 1.436 8.868 1.703
v 0.933 9.726 1.649
v 0.507 10.115 2.186
v 0.117 10.484 1.610
v 0.542 10.095 1.072
v -0.008 9.445 2.365
v 0.346 8.652 1.557
v 0.270 9.480 0.711
v -0.084 10.273 1.519
v 0.275 9.667 1.071
v 0.376 9.863 0.272
v 0.969 9.289 0.205
v 0.869 9.092 1.004
v 0.312 11.823 1.216
v -0.379 12.302 0.885
v -0.950 11.843 1.413
v -0.259 11.364 1.744
v -1.766 10.574 1.113
v -0.867 11.128 0.739
v -0.400 11.058 1.755
v -1.300 10.503 2.129
v -0.215 11.648 1.240
v -0.991 11.040 0.846
v -1.005 11.631 -0.036
v -0.229 12.238 0.358
v -0.785 12.018 0.636
v -0.649 10.962 0.410
v 0.256 10.948 1.015
v 0.120 12.005 1.241
v 0.612 11.313 0.491
v 0.129 12.009 -0.307
v -0.230 11.076 -0.903
v 0.253 10.380 -0.105
v -0.003 11.067 0.037
v 0.421 11.666 0.486
v 0.266 12.241 -0.134
v -0.158 11.643 -0.583
v 0.801 9.804 0.288
v 0.432 9.871 0.923
v 0.305 10.582 0.774
v 0.675 10.515 0.139
v -0.203 11.196 0.130
v -0.308 11.909 0.473
v 0.243 11.728 1.019
v 0.349 11.015 0.677
v 0.067 10.863 0.192
v 0.855 10.852 -0.263
v 1.175 11.513 0.274
v 0.387 11.524 0.730
v 1.340 10.804 -0.075
v 0.916 11.482 0.715
v -0.007 11.632 0.090
v 0.417 10.953 -0.700
v 0.993 11.643 0.408
v 0.123 11.072 0.735
v -0.079 10.786 -0.298
v 0.791 11.357 -0.626
v -1.049 11.796 -0.267
v -0.216 11.382 0.345
v 0.453 12.196 -0.014
v -0.379 12.610 -0.627
v -0.713 12.441 -0.909
v -1.096 12.293 -0.291
v -0.774 12.870 0.046
v -0.391 13.018 -0.572
v -0.103 11.113 -0.506
v 0.576 11.544 -0.015
v 0.361 12.359 -0.435
v -0.318 11.928 -0.925
v 1.595 9.548 0.081
v 0.710 9.245 -0.078
v 0.438 9.596 0.760
v 1.323 9.899 0.920
v 1.614 9.207 0.497
v 1.205 8.792 -0.242
v 0.363 8.898 0.164
v 0.772 9.313 0.903
v 1.183 9.733 0.859
v 0.314 9.111 0.958
v -0.018 9.420 -0.015
v 0.851 10.042 -0.114
v 0.986 8.058 0.087
v 0.526 8.278 0.891
v 0.803 9.184 0.802
v 1.263 8.965 -0.002
v 2.230 13.256 2.192
v 1.962 12.382 2.249
v 1.908 12.338 1.336
v 2.177 13.212 1.279
v 2.345 11.043 1.734
v 1.903 11.843 1.638
v 1.688 11.620 0.773
v 2.130 10.820 0.869
v 1.469 11.790 1.870
v 1.656 12.586 1.868
v 2.137 12.471 1.218
v 1.950 11.676 1.220
v 1.364 11.543 1.806
v 0.583 11.908 1.389
v 1.136 12.373 0.759
v 1.917 12.007 1.176
v 2.482 11.622 1.511
v 2.215 11.510 0.650
v 2.055 12.402 0.584
v 2.322 12.513 1.445
v 0.975 8.502 0.782
v 1.473 7.830 0.368
v 2.135 7.918 1.020
v 1.636 8.590 1.435
v 2.638 7.726 1.672
v 2.168 8.314 2.425
v 1.846 9.007 1.684
v 2.316 8.419 0.930
v 0.391 8.982 1.887
v 1.141 9.415 1.436
v 1.467 8.543 1.141
v 0.717 8.111 1.592
vt 0.5040 0.5040
vt 0.9960 0.5040
vt 0.9960 0.9960
vt 0.5040 0.9960
vt 0.0040 0.5040
vt 0.4960 0.5040
vt 0.4960 0.9960
vt 0.0040 0.9960
vt 0.0040 0.5040
vt 0.4960 0.5040
vt 0.4960 0.9960
vt 0.0040 0.9960
vt 0.0040 0.5040
vt 0.4960 0.5040
vt 0.4960 0.9960
vt 0.0040 0.9960
vt 0.5040 0.0040
vt 0.9960 0.0040
vt 0.9960 0.4960
vt 0.5040 0.4960
vt 0.5040 0.5040
vt 0.9960 0.5040
vt 0.9960 0.9960
vt 0.5040 0.9960
vt 0.5040 0.0040
vt 0.9960 0.0040
vt 0.9960 0.4960
vt 0.5040 0.4960
vt 0.5040 0.5040
vt 0.9960 0.5040
vt 0.9960 0.9960
vt 0.5040 0.9960
vt 0.0040 0.0040
vt 0.4960 0.0040
vt 0.4960 0.4960
vt 0.0040 0.4960
vt 0.5040 0.0040
vt 0.9960 0.0040
vt 0.9960 0.4960
vt 0.5040 0.4960
vt 0.0040 0.0040
vt 0.4960 0.0040
vt 0.4960 0.4960
vt 0.0040 0.4960
vt 0.0040 0.5040
vt 0.4960 0.5040
vt 0.4960 0.9960
vt 0.0040 0.9960
vt 0.0040 0.0040
vt 0.4960 0.0040
vt 0.4960 0.4960
vt 0.0040 0.4960
vt 0.0040 0.0040
vt 0.4960 0.0040
vt 0.4960 0.4960
vt 0.0040 0.4960
vt 0.0040 0.5040
vt 0.4960 0.5040
vt 0.4960 0.9960
vt 0.0040 0.9960
vt 0.5040 0.5040
vt 0.9960 0.5040
vt 0.9960 0.9960
vt 0.5040 0.9960
vt 0.0040 0.5040
vt 0.4960 0.5040
vt 0.4960 0.9960
vt 0.0040 0.9960
vt 0.0040 0.5040
vt 0.4960 0.5040
vt 0.4960 0.9960
vt 0.0040 0.9960
vt 0.0040 0.0040
vt 0.4960 0.0040
vt 0.4960 0.4960
vt 0.0040 0.4960
vt 0.0040 0.0040
vt 0.4960 0.0040
vt 0.4960 0.4960
vt 0.0040 0.4960
vt 0.0040 0.0040
vt 0.4960 0.0040
vt 0.4960 0.4960
vt 0.0040 0.4960
vt 0.5040 0.5040
vt 0.9960 0.5040
vt 0.9960 0.9960
vt 0.5040 0.9960
vt 0.0040 0.0040
vt 0.4960 0.0040
vt 0.4960 0.4960
vt 0.0040 0.4960
vt 0.0040 0.5040
vt 0.4960 0.5040
vt 0.4960 0.9960
vt 0.0040 0.9960
vt 0.5040 0.0040
vt 0.9960 0.0040
vt 0.9960 0.4960
vt 0.5040 0.4960
vt 0.5040 0.0040
vt 0.9960 0.0040
vt 0.9960 0.4960
vt 0.5040 0.4960
vt 0.0040 0.0040
vt 0.4960 0.0040
vt 0.4960 0.4960
vt 0.0040 0.4960
vt 0.5040 0.0040
vt 0.9960 0.0040
vt 0.9960 0.4960
vt 0.5040 0.4960
vt 0.5040 0.0040
vt 0.9960 0.0040
vt 0.9960 0.4960
vt 0.5040 0.4960
vt 0.5040 0.5040
vt 0.9960 0.5040
vt 0.9960 0.9960
vt 0.5040 0.9960
vt 0.5040 0.0040
vt 0.9960 0.0040
vt 0.9960 0.4960
vt 0.5040 0.4960
vt 0.5040 0.5040
vt 0.9960 0.5040
vt 0.9960 0.9960
vt 0.5040 0.9960
vt 0.0040 0.0040
vt 0.4960 0.0040
vt 0.4960 0.4960
vt 0.0040 0.4960
vt 0.0040 0.0040
vt 0.4960 0.0040
vt 0.4960 0.4960
vt 0.0040 0.4960
vt 0.5040 0.5040
vt 0.9960 0.5040
vt 0.9960 0.9960
vt 0.5040 0.9960
vt 0.5040 0.0040
vt 0.9960 0.0040
vt 0.9960 0.4960
vt 0.5040 0.4960
vt 0.0040 0.5040
vt 0.4960 0.5040
vt 0.4960 0.9960
vt 0.0040 0.9960
vt 0.5040 0.5040
vt 0.9960 0.5040
vt 0.9960 0.9960
vt 0.5040 0.9960
vt 0.5040 0.0040
vt 0.9960 0.0040
vt 0.9960 0.4960
vt 0.5040 0.4960
vt 0.0040 0.0040
vt 0.4960 0.0040
vt 0.4960 0.4960
vt 0.0040 0.4960
vt 0.0040 0.5040
vt 0.4960 0.5040
vt 0.4960 0.9960
vt 0.0040 0.9960
vt 0.0040 0.0040
vt 0.4960 0.0040
vt 0.4960 0.4960
vt 0.0040 0.4960
vt 0.0040 0.5040
vt 0.4960 0.5040
vt 0.4960 0.9960
vt 0.0040 0.9960
vt 0.0040 0.0040
vt 0.4960 0.0040
vt 0.4960 0.4960
vt 0.0040 0.4960
vt 0.5040 0.5040
vt 0.9960 0.5040
vt 0.9960 0.9960
vt 0.5040 0.9960
vt 0.5040 0.0040
vt 0.9960 0.0040
vt 0.9960 0.4960
vt 0.5040 0.4960
vt 0.5040 0.0040
vt 0.9960 0.0040
vt 0.9960 0.4960
vt 0.5040 0.4960
vt 0.5040 0.0040
vt 0.9960 0.0040
vt 0.9960 0.4960
vt 0.5040 0.4960
vt 0.5040 0.5040
vt 0.9960 0.5040
vt 0.9960 0.9960
vt 0.5040 0.9960
vt 0.0040 0.5040
vt 0.4960 0.5040
vt 0.4960 0.9960
vt 0.0040 0.9960
vt 0.5040 0.5040
vt 0.9960 0.5040
vt 0.9960 0.9960
vt 0.5040 0.9960
vt 0.0040 0.0040
vt 0.4960 0.0040
vt 0.4960 0.4960
vt 0.0040 0.4960
vt 0.0040 0.5040
vt 0.4960 0.5040
vt 0.4960 0.9960
vt 0.0040 0.9960
vt 0.0040 0.5040
vt 0.4960 0.5040
vt 0.4960 0.9960
vt 0.0040 0.9960
vt 0.0040 0.5040
vt 0.4960 0.5040
vt 0.4960 0.9960
vt 0.0040 0.9960
vt 0.5040 0.5040
vt 0.9960 0.5040
vt 0.9960 0.9960
vt 0.5040 0.9960
vt 0.5040 0.0040
vt 0.9960 0.0040
vt 0.9960 0.4960
vt 0.5040 0.4960
vt 0.5040 0.5040
vt 0.9960 0.5040
vt 0.9960 0.9960
vt 0.5040 0.9960
vt 0.5040 0.0040
vt 0.9960 0.0040
vt 0.9960 0.4960
vt 0.5040 0.4960
vt 0.0040 0.5040
vt 0.4960 0.5040
vt 0.4960 0.9960
vt 0.0040 0.9960
vt 0.0040 0.0040
vt 0.4960 0.0040
vt 0.4960 0.4960
vt 0.0040 0.4960
vt 0.0040 0.0040
vt 0.4960 0.0040
vt 0.4960 0.4960
vt 0.0040 0.4960
vt 0.5040 0.0040
vt 0.9960 0.0040
vt 0.9960 0.4960
vt 0.5040 0.4960
vt 0.0040 0.0040
vt 0.4960 0.0040
vt 0.4960 0.4960
vt 0.0040 0.4960
vt 0.0040 0.0040
vt 0.4960 0.0040
vt 0.4960 0.4960
vt 0.0040 0.4960
vt 0.5040 0.0040
vt 0.9960 0.0040
vt 0.9960 0.4960
vt 0.5040 0.4960
vt 0.5040 0.5040
vt 0.9960 0.5040
vt 0.9960 0.9960
vt 0.5040 0.9960
vt 0.5040 0.0040
vt 0.9960 0.0040
vt 0.9960 0.4960
vt 0.5040 0.4960
vt 0.5040 0.0040
vt 0.9960 0.0040
vt 0.9960 0.4960
vt 0.5040 0.4960
vt 0.5040 0.0040
vt 0.9960 0.0040
vt 0.9960 0.4960
vt 0.5040 0.4960
vt 0.5040 0.0040
vt 0.9960 0.0040
vt 0.9960 0.4960
vt 0.5040 0.4960
vt 0.0040 0.0040
vt 0.4960 0.0040
vt 0.4960 0.4960
vt 0.0040 0.4960
vt 0.0040 0.0040
vt 0.4960 0.0040
vt 0.4960 0.4960
vt 0.0040 0.4960
vt 0.0040 0.0040
vt 0.4960 0.0040
vt 0.4960 0.4960
vt 0.0040 0.4960
vt 0.0040 0.5040
vt 0.4960 0.5040
vt 0.4960 0.9960
vt 0.0040 0.9960
vt 0.5040 0.0040
vt 0.9960 0.0040
vt 0.9960 0.4960
vt 0.5040 0.4960
vt 0.5040 0.5040
vt 0.9960 0.5040
vt 0.9960 0.9960
vt 0.5040 0.9960
vt 0.5040 0.0040
vt 0.9960 0.0040
vt 0.9960 0.4960
vt 0.5040 0.4960
vt 0.5040 0.0040
vt 0.9960 0.0040
vt 0.9960 0.4960
vt 0.5040 0.4960
vt 0.5040 0.5040
vt 0.9960 0.5040
vt 0.9960 0.9960
vt 0.5040 0.9960
vt 0.0040 0.5040
vt 0.4960 0.5040
vt 0.4960 0.9960
vt 0.0040 0.9960
vt 0.0040 0.0040
vt 0.4960 0.0040
vt 0.4960 0.4960
vt 0.0040 0.4960
vt 0.5040 0.5040
vt 0.9960 0.5040
vt 0.9960 0.9960
vt 0.5040 0.9960
vt 0.5040 0.5040
vt 0.9960 0.5040
vt 0.9960 0.9960
vt 0.5040 0.9960
vt 0.5040 0.5040
vt 0.9960 0.5040
vt 0.9960 0.9960
vt 0.5040 0.9960
vt 0.0040 0.0040
vt 0.4960 0.0040
vt 0.4960 0.4960
vt 0.0040 0.4960
vt 0.5040 0.5040
vt 0.9960 0.5040
vt 0.9960 0.9960
vt 0.5040 0.9960
vt 0.5040 0.5040
vt 0.9960 0.5040
vt 0.9960 0.9960
vt 0.5040 0.9960
vt 0.0040 0.0040
vt 0.4960 0.0040
vt 0.4960 0.4960
vt 0.0040 0.4960
vt 0.5040 0.5040
vt 0.9960 0.5040
vt 0.9960 0.9960
vt 0.5040 0.9960
vt 0.5040 0.0040
vt 0.9960 0.0040
vt 0.9960 0.4960
vt 0.5040 0.4960
vt 0.0040 0.0040
vt 0.4960 0.0040
vt 0.4960 0.4960
vt 0.0040 0.4960
vt 0.5040 0.0040
vt 0.9960 0.0040
vt 0.9960 0.4960
vt 0.5040 0.4960
vt 0.5040 0.0040
vt 0.9960 0.0040
vt 0.9960 0.4960
vt 0.5040 0.4960
vt 0.5040 0.5040
vt 0.9960 0.5040
vt 0.9960 0.9960
vt 0.5040 0.9960
vt 0.5040 0.0040
vt 0.9960 0.0040
vt 0.9960 0.4960
vt 0.5040 0.4960
vt 0.5040 0.0040
vt 0.9960 0.0040
vt 0.9960 0.4960
vt 0.5040 0.4960
vt 0.5040 0.5040
vt 0.9960 0.5040
vt 0.9960 0.9960
vt 0.5040 0.9960
vt 0.5040 0.0040
vt 0.9960 0.0040
vt 0.9960 0.4960
vt 0.5040 0.4960
vt 0.5040 0.5040
vt 0.9960 0.5040
vt 0.9960 0.9960
vt 0.5040 0.9960
vt 0.0040 0.0040
vt 0.4960 0.0040
vt 0.4960 0.4960
vt 0.0040 0.4960
vt 0.0040 0.5040
vt 0.4960 0.5040
vt 0.4960 0.9960
vt 0.0040 0.9960
vt 0.5040 0.0040
vt 0.9960 0.0040
vt 0.9960 0.4960
vt 0.5040 0.4960
vt 0.0040 0.0040
vt 0.4960 0.0040
vt 0.4960 0.4960
vt 0.0040 0.4960
vt 0.5040 0.5040
vt 0.9960 0.5040
vt 0.9960 0.9960
vt 0.5040 0.9960
vt 0.0040 0.5040
vt 0.4960 0.5040
vt 0.4960 0.9960
vt 0.0040 0.9960
vt 0.5040 0.5040
vt 0.9960 0.5040
vt 0.9960 0.9960
vt 0.5040 0.9960
vt 0.0040 0.0040
vt 0.4960 0.0040
vt 0.4960 0.4960
vt 0.0040 0.4960
vt 0.5040 0.5040
vt 0.9960 0.5040
vt 0.9960 0.9960
vt 0.5040 0.9960
vt 0.5040 0.5040
vt 0.9960 0.5040
vt 0.9960 0.9960
vt 0.5040 0.9960
vt 0.5040 0.5040
vt 0.9960 0.5040
vt 0.9960 0.9960
vt 0.5040 0.9960
vt 0.0040 0.0040
vt 0.4960 0.0040
vt 0.4960 0.4960
vt 0.0040 0.4960
vt 0.0040 0.5040
vt 0.4960 0.5040
vt 0.4960 0.9960
vt 0.0040 0.9960
vt 0.5040 0.5040
vt 0.9960 0.5040
vt 0.9960 0.9960
vt 0.5040 0.9960
vt 0.0040 0.0040
vt 0.4960 0.0040
vt 0.4960 0.4960
vt 0.0040 0.4960
vt 0.0040 0.5040
vt 0.4960 0.5040
vt 0.4960 0.9960
vt 0.0040 0.9960
vt 0.5040 0.0040
vt 0.9960 0.0040
vt 0.9960 0.4960
vt 0.5040 0.4960
vt 0.5040 0.0040
vt 0.9960 0.0040
vt 0.9960 0.4960
vt 0.5040 0.4960
vt 0.5040 0.5040
vt 0.9960 0.5040
vt 0.9960 0.9960
vt 0.5040 0.9960
vt 0.0040 0.0040
vt 0.4960 0.0040
vt 0.4960 0.4960
vt 0.0040 0.4960
vt 0.0040 0.5040
vt 0.4960 0.5040
vt 0.4960 0.9960
vt 0.0040 0.9960
vt 0.0040 0.0040
vt 0.4960 0.0040
vt 0.4960 0.4960
vt 0.0040 0.4960
vt 0.0040 0.5040
vt 0.4960 0.5040
vt 0.4960 0.9960
vt 0.0040 0.9960
vt 0.0040 0.0040
vt 0.4960 0.0040
vt 0.4960 0.4960
vt 0.0040 0.4960
vt 0.0040 0.0040
vt 0.4960 0.0040
vt 0.4960 0.4960
vt 0.0040 0.4960
vt 0.5040 0.5040
vt 0.9960 0.5040
vt 0.9960 0.9960
vt 0.5040 0.9960
vt 0.5040 0.5040
vt 0.9960 0.5040
vt 0.9960 0.9960
vt 0.5040 0.9960
vt 0.0040 0.5040
vt 0.4960 0.5040
vt 0.4960 0.9960
vt 0.0040 0.9960
vt 0.5040 0.0040
vt 0.9960 0.0040
vt 0.9960 0.4960
vt 0.5040 0.4960
vt 0.5040 0.0040
vt 0.9960 0.0040
vt 0.9960 0.4960
vt 0.5040 0.4960
vt 0.0040 0.5040
vt 0.4960 0.5040
vt 0.4960 0.9960
vt 0.0040 0.9960
vt 0.0040 0.5040
vt 0.4960 0.5040
vt 0.4960 0.9960
vt 0.0040 0.9960
vt 0.0040 0.0040
vt 0.4960 0.0040
vt 0.4960 0.4960
vt 0.0040 0.4960
vt 0.0040 0.5040
vt 0.4960 0.5040
vt 0.4960 0.9960
vt 0.0040 0.9960
vt 0.5040 0.5040
vt 0.9960 0.5040
vt 0.9960 0.9960
vt 0.5040 0.9960
vt 0.5040 0.0040
vt 0.9960 0.0040
vt 0.9960 0.4960
vt 0.5040 0.4960
vt 0.0040 0.5040
vt 0.4960 0.5040
vt 0.4960 0.9960
vt 0.0040 0.9960
vt 0.0040 0.5040
vt 0.4960 0.5040
vt 0.4960 0.9960
vt 0.0040 0.9960
vt 0.5040 0.0040
vt 0.9960 0.0040
vt 0.9960 0.4960
vt 0.5040 0.4960
vt 0.0040 0.0040
vt 0.4960 0.0040
vt 0.4960 0.4960
vt 0.0040 0.4960
vt 0.5040 0.5040
vt 0.9960 0.5040
vt 0.9960 0.9960
vt 0.5040 0.9960
vt 0.5040 0.5040
vt 0.9960 0.5040
vt 0.9960 0.9960
vt 0.5040 0.9960
vt 0.5040 0.5040
vt 0.9960 0.5040
vt 0.9960 0.9960
vt 0.5040 0.9960
vt 0.5040 0.5040
vt 0.9960 0.5040
vt 0.9960 0.9960
vt 0.5040 0.9960
vt 0.0040 0.5040
vt 0.4960 0.5040
vt 0.4960 0.9960
vt 0.0040 0.9960
vt 0.0040 0.0040
vt 0.4960 0.0040
vt 0.4960 0.4960
vt 0.0040 0.4960
vt 0.5040 0.0040
vt 0.9960 0.0040
vt 0.9960 0.4960
vt 0.5040 0.4960
vt 0.0040 0.5040
vt 0.4960 0.5040
vt 0.4960 0.9960
vt 0.0040 0.9960
vt 0.5040 0.5040
vt 0.9960 0.5040
vt 0.9960 0.9960
vt 0.5040 0.9960
vt 0.5040 0.5040
vt 0.9960 0.5040
vt 0.9960 0.9960
vt 0.5040 0.9960
vt 0.5040 0.0040
vt 0.9960 0.0040
vt 0.9960 0.4960
vt 0.5040 0.4960
vt 0.5040 0.0040
vt 0.9960 0.0040
vt 0.9960 0.4960
vt 0.5040 0.4960
vt 0.5040 0.0040
vt 0.9960 0.0040
vt 0.9960 0.4960
vt 0.5040 0.4960
vt 0.0040 0.0040
vt 0.4960 0.0040
vt 0.4960 0.4960
vt 0.0040 0.4960
vt 0.0040 0.0040
vt 0.4960 0.0040
vt 0.4960 0.4960
vt 0.0040 0.4960
vt 0.5040 0.5040
vt 0.9960 0.5040
vt 0.9960 0.9960
vt 0.5040 0.9960
vt 0.0040 0.0040
vt 0.4960 0.0040
vt 0.4960 0.4960
vt 0.0040 0.4960
vt 0.5040 0.5040
vt 0.9960 0.5040
vt 0.9960 0.9960
vt 0.5040 0.9960
vt 0.0040 0.0040
vt 0.4960 0.0040
vt 0.4960 0.4960
vt 0.0040 0.4960
vt 0.0040 0.5040
vt 0.4960 0.5040
vt 0.4960 0.9960
vt 0.0040 0.9960
vt 0.5040 0.0040
vt 0.9960 0.0040
vt 0.9960 0.4960
vt 0.5040 0.4960
vt 0.5040 0.0040
vt 0.9960 0.0040
vt 0.9960 0.4960
vt 0.5040 0.4960
vt 0.0040 0.0040
vt 0.4960 0.0040
vt 0.4960 0.4960
vt 0.0040 0.4960
vt 0.0040 0.0040
vt 0.4960 0.0040
vt 0.4960 0.4960
vt 0.0040 0.4960
vt 0.0040 0.0040
vt 0.4960 0.0040
vt 0.4960 0.4960
vt 0.0040 0.4960
vt 0.0040 0.0040
vt 0.4960 0.0040
vt 0.4960 0.4960
vt 0.0040 0.4960
vt 0.0040 0.5040
vt 0.4960 0.5040
vt 0.4960 0.9960
vt 0.0040 0.9960
vt 0.5040 0.0040
vt 0.9960 0.0040
vt 0.9960 0.4960
vt 0.5040 0.4960
vt 0.5040 0.0040
vt 0.9960 0.0040
vt 0.9960 0.4960
vt 0.5040 0.4960
vt 0.0040 0.5040
vt 0.4960 0.5040
vt 0.4960 0.9960
vt 0.0040 0.9960
vt 0.0040 0.0040
vt 0.4960 0.0040
vt 0.4960 0.4960
vt 0.0040 0.4960
vt 0.5040 0.5040
vt 0.9960 0.5040
vt 0.9960 0.9960
vt 0.5040 0.9960
vt 0.5040 0.0040
vt 0.9960 0.0040
vt 0.9960 0.4960
vt 0.5040 0.4960
vt 0.0040 0.0040
vt 0.4960 0.0040
vt 0.4960 0.4960
vt 0.0040 0.4960
vt 0.0040 0.5040
vt 0.4960 0.5040
vt 0.4960 0.9960
vt 0.0040 0.9960
vt 0.5040 0.5040
vt 0.9960 0.5040
vt 0.9960 0.9960
vt 0.5040 0.9960
vt 0.5040 0.5040
vt 0.9960 0.5040
vt 0.9960 0.9960
vt 0.5040 0.9960
vt 0.0040 0.0040
vt 0.4960 0.0040
vt 0.4960 0.4960
vt 0.0040 0.4960
vt 0.0040 0.5040
vt 0.4960 0.5040
vt 0.4960 0.9960
vt 0.0040 0.9960
vt 0.5040 0.0040
vt 0.9960 0.0040
vt 0.9960 0.4960
vt 0.5040 0.4960
vt 0.0040 0.0040
vt 0.4960 0.0040
vt 0.4960 0.4960
vt 0.0040 0.4960
vt 0.5040 0.5040
vt 0.9960 0.5040
vt 0.9960 0.9960
vt 0.5040 0.9960
vt 0.5040 0.5040
vt 0.9960 0.5040
vt 0.9960 0.9960
vt 0.5040 0.9960
vt 0.5040 0.5040
vt 0.9960 0.5040
vt 0.9960 0.9960
vt 0.5040 0.9960
vt 0.5040 0.5040
vt 0.9960 0.5040
vt 0.9960 0.9960
vt 0.5040 0.9960
vt 0.5040 0.0040
vt 0.9960 0.0040
vt 0.9960 0.4960
vt 0.5040 0.4960
vt 0.0040 0.5040
vt 0.4960 0.5040
vt 0.4960 0.9960
vt 0.0040 0.9960
vt 0.0040 0.5040
vt 0.4960 0.5040
vt 0.4960 0.9960
vt 0.0040 0.9960
vt 0.5040 0.0040
vt 0.9960 0.0040
vt 0.9960 0.4960
vt 0.5040 0.4960
vt 0.5040 0.5040
vt 0.9960 0.5040
vt 0.9960 0.9960
vt 0.5040 0.9960
vt 0.5040 0.5040
vt 0.9960 0.5040
vt 0.9960 0.9960
vt 0.5040 0.9960
vt 0.0040 0.5040
vt 0.4960 0.5040
vt 0.4960 0.9960
vt 0.0040 0.9960
vt 0.0040 0.0040
vt 0.4960 0.0040
vt 0.4960 0.4960
vt 0.0040 0.4960
vt 0.0040 0.5040
vt 0.4960 0.5040
vt 0.4960 0.9960
vt 0.0040 0.9960
vt 0.0040 0.5040
vt 0.4960 0.5040
vt 0.4960 0.9960
vt 0.0040 0.9960
vt 0.5040 0.0040
vt 0.9960 0.0040
vt 0.9960 0.4960
vt 0.5040 0.4960
vt 0.5040 0.5040
vt 0.9960 0.5040
vt 0.9960 0.9960
vt 0.5040 0.9960
vt 0.0040 0.5040
vt 0.4960 0.5040
vt 0.4960 0.9960
vt 0.0040 0.9960
vt 0.0040 0.5040
vt 0.4960 0.5040
vt 0.4960 0.9960
vt 0.0040 0.9960
vt 0.0040 0.5040
vt 0.4960 0.5040
vt 0.4960 0.9960
vt 0.0040 0.9960
vt 0.5040 0.5040
vt 0.9960 0.5040
vt 0.9960 0.9960
vt 0.5040 0.9960
vt 0.0040 0.5040
vt 0.4960 0.5040
vt 0.4960 0.9960
vt 0.0040 0.9960
vt 0.0040 0.0040
vt 0.4960 0.0040
vt 0.4960 0.4960
vt 0.0040 0.4960
vt 0.5040 0.0040
vt 0.9960 0.0040
vt 0.9960 0.4960
vt 0.5040 0.4960
vt 0.5040 0.0040
vt 0.9960 0.0040
vt 0.9960 0.4960
vt 0.5040 0.4960
vt 0.5040 0.5040
vt 0.9960 0.5040
vt 0.9960 0.9960
vt 0.5040 0.9960
vt 0.5040 0.5040
vt 0.9960 0.5040
vt 0.9960 0.9960
vt 0.5040 0.9960
vt 0.0040 0.5040
vt 0.4960 0.5040
vt 0.4960 0.9960
vt 0.0040 0.9960
vt 0.5040 0.5040
vt 0.9960 0.5040
vt 0.9960 0.9960
vt 0.5040 0.9960
vt 0.0040 0.5040
vt 0.4960 0.5040
vt 0.4960 0.9960
vt 0.0040 0.9960
vt 0.0040 0.0040
vt 0.4960 0.0040
vt 0.4960 0.4960
vt 0.0040 0.4960
vt 0.0040 0.5040
vt 0.4960 0.5040
vt 0.4960 0.9960
vt 0.0040 0.9960
vt 0.0040 0.0040
vt 0.4960 0.0040
vt 0.4960 0.4960
vt 0.0040 0.4960
vt 0.5040 0.5040
vt 0.9960 0.5040
vt 0.9960 0.9960
vt 0.5040 0.9960
vt 0.5040 0.5040
vt 0.9960 0.5040
vt 0.9960 0.9960
vt 0.5040 0.9960
vt 0.0040 0.5040
vt 0.4960 0.5040
vt 0.4960 0.9960
vt 0.0040 0.9960
vt 0.5040 0.5040
vt 0.9960 0.5040
vt 0.9960 0.9960
vt 0.5040 0.9960
vt 0.0040 0.0040
vt 0.4960 0.0040
vt 0.4960 0.4960
vt 0.0040 0.4960
vt 0.5040 0.5040
vt 0.9960 0.5040
vt 0.9960 0.9960
vt 0.5040 0.9960
vt 0.5040 0.0040
vt 0.9960 0.0040
vt 0.9960 0.4960
vt 0.5040 0.4960
vt 0.0040 0.5040
vt 0.4960 0.5040
vt 0.4960 0.9960
vt 0.0040 0.9960
vt 0.5040 0.5040
vt 0.9960 0.5040
vt 0.9960 0.9960
vt 0.5040 0.9960
vt 0.0040 0.5040
vt 0.4960 0.5040
vt 0.4960 0.9960
vt 0.0040 0.9960
vt 0.5040 0.5040
vt 0.9960 0.5040
vt 0.9960 0.9960
vt 0.5040 0.9960
vt 0.5040 0.0040
vt 0.9960 0.0040
vt 0.9960 0.4960
vt 0.5040 0.4960
vt 0.5040 0.5040
vt 0.9960 0.5040
vt 0.9960 0.9960
vt 0.5040 0.9960
vt 0.0040 0.0040
vt 0.4960 0.0040
vt 0.4960 0.4960
vt 0.0040 0.4960
vt 0.0040 0.5040
vt 0.4960 0.5040
vt 0.4960 0.9960
vt 0.0040 0.9960
vt 0.5040 0.0040
vt 0.9960 0.0040
vt 0.9960 0.4960
vt 0.5040 0.4960
vt 0.0040 0.0040
vt 0.4960 0.0040
vt 0.4960 0.4960
vt 0.0040 0.4960
vt 0.0040 0.0040
vt 0.4960 0.0040
vt 0.4960 0.4960
vt 0.0040 0.4960
vt 0.5040 0.0040
vt 0.9960 0.0040
vt 0.9960 0.4960
vt 0.5040 0.4960
vt 0.0040 0.0040
vt 0.4960 0.0040
vt 0.4960 0.4960
vt 0.0040 0.4960
vt 0.5040 0.5040
vt 0.9960 0.5040
vt 0.9960 0.9960
vt 0.5040 0.9960
vt 0.0040 0.5040
vt 0.4960 0.5040
vt 0.4960 0.9960
vt 0.0040 0.9960
vt 0.5040 0.0040
vt 0.9960 0.0040
vt 0.9960 0.4960
vt 0.5040 0.4960
vt 0.0040 0.5040
vt 0.4960 0.5040
vt 0.4960 0.9960
vt 0.0040 0.9960
vt 0.5040 0.0040
vt 0.9960 0.0040
vt 0.9960 0.4960
vt 0.5040 0.4960
vt 0.5040 0.5040
vt 0.9960 0.5040
vt 0.9960 0.9960
vt 0.5040 0.9960
vt 0.5040 0.5040
vt 0.9960 0.5040
vt 0.9960 0.9960
vt 0.5040 0.9960
vt 0.5040 0.5040
vt 0.9960 0.5040
vt 0.9960 0.9960
vt 0.5040 0.9960
vt 0.0040 0.0040
vt 0.4960 0.0040
vt 0.4960 0.4960
vt 0.0040 0.4960
vt 0.0040 0.0040
vt 0.4960 0.0040
vt 0.4960 0.4960
vt 0.0040 0.4960
vt 0.5040 0.0040
vt 0.9960 0.0040
vt 0.9960 0.4960
vt 0.5040 0.4960
vt 0.5040 0.5040
vt 0.9960 0.5040
vt 0.9960 0.9960
vt 0.5040 0.9960
vt 0.0040 0.5040
vt 0.4960 0.5040
vt 0.4960 0.9960
vt 0.0040 0.9960
vt 0.0040 0.0040
vt 0.4960 0.0040
vt 0.4960 0.4960
vt 0.0040 0.4960
vt 0.0040 0.5040
vt 0.4960 0.5040
vt 0.4960 0.9960
vt 0.0040 0.9960
vt 0.5040 0.0040
vt 0.9960 0.0040
vt 0.9960 0.4960
vt 0.5040 0.4960
vt 0.5040 0.0040
vt 0.9960 0.0040
vt 0.9960 0.4960
vt 0.5040 0.4960
vt 0.5040 0.5040
vt 0.9960 0.5040
vt 0.9960 0.9960
vt 0.5040 0.9960
vt 0.0040 0.0040
vt 0.4960 0.0040
vt 0.4960 0.4960
vt 0.0040 0.4960
vt 0.5040 0.5040
vt 0.9960 0.5040
vt 0.9960 0.9960
vt 0.5040 0.9960
vt 0.5040 0.0040
vt 0.9960 0.0040
vt 0.9960 0.4960
vt 0.5040 0.4960
vt 0.0040 0.5040
vt 0.4960 0.5040
vt 0.4960 0.9960
vt 0.0040 0.9960
vt 0.0040 0.5040
vt 0.4960 0.5040
vt 0.4960 0.9960
vt 0.0040 0.9960
vt 0.5040 0.0040
vt 0.9960 0.0040
vt 0.9960 0.4960
vt 0.5040 0.4960
vt 0.5040 0.5040
vt 0.9960 0.5040
vt 0.9960 0.9960
vt 0.5040 0.9960
vt 0.0040 0.0040
vt 0.4960 0.0040
vt 0.4960 0.4960
vt 0.0040 0.4960
vt 0.5040 0.0040
vt 0.9960 0.0040
vt 0.9960 0.4960
vt 0.5040 0.4960
vt 0.5040 0.0040
vt 0.9960 0.0040
vt 0.9960 0.4960
vt 0.5040 0.4960
vt 0.0040 0.0040
vt 0.4960 0.0040
vt 0.4960 0.4960
vt 0.0040 0.4960
vt 0.5040 0.5040
vt 0.9960 0.5040
vt 0.9960 0.9960
vt 0.5040 0.9960
vt 0.0040 0.5040
vt 0.4960 0.5040
vt 0.4960 0.9960
vt 0.0040 0.9960
vt 0.0040 0.5040
vt 0.4960 0.5040
vt 0.4960 0.9960
vt 0.0040 0.9960
vt 0.0040 0.0040
vt 0.4960 0.0040
vt 0.4960 0.4960
vt 0.0040 0.4960
vt 0.5040 0.5040
vt 0.9960 0.5040
vt 0.9960 0.9960
vt 0.5040 0.9960
vt 0.0040 0.0040
vt 0.4960 0.0040
vt 0.4960 0.4960
vt 0.0040 0.4960
vt 0.0040 0.0040
vt 0.4960 0.0040
vt 0.4960 0.4960
vt 0.0040 0.4960
vt 0.5040 0.0040
vt 0.9960 0.0040
vt 0.9960 0.4960
vt 0.5040 0.4960
vt 0.5040 0.5040
vt 0.9960 0.5040
vt 0.9960 0.9960
vt 0.5040 0.9960
vt 0.5040 0.0040
vt 0.9960 0.0040
vt 0.9960 0.4960
vt 0.5040 0.4960
vt 0.5040 0.5040
vt 0.9960 0.5040
vt 0.9960 0.9960
vt 0.5040 0.9960
vt 0.5040 0.5040
vt 0.9960 0.5040
vt 0.9960 0.9960
vt 0.5040 0.9960
vt 0.5040 0.0040
vt 0.9960 0.0040
vt 0.9960 0.4960
vt 0.5040 0.4960
vt 0.0040 0.0040
vt 0.4960 0.0040
vt 0.4960 0.4960
vt 0.0040 0.4960
vt 0.0040 0.5040
vt 0.4960 0.5040
vt 0.4960 0.9960
vt 0.0040 0.9960
vt 0.0040 0.0040
vt 0.4960 0.0040
vt 0.4960 0.4960
vt 0.0040 0.4960
vt 0.0040 0.5040
vt 0.4960 0.5040
vt 0.4960 0.9960
vt 0.0040 0.9960
vt 0.5040 0.0040
vt 0.9960 0.0040
vt 0.9960 0.4960
vt 0.5040 0.4960
vt 0.0040 0.5040
vt 0.4960 0.5040
vt 0.4960 0.9960
vt 0.0040 0.9960
vt 0.5040 0.5040
vt 0.9960 0.5040
vt 0.9960 0.9960
vt 0.5040 0.9960
vt 0.0040 0.0040
vt 0.4960 0.0040
vt 0.4960 0.4960
vt 0.0040 0.4960
vt 0.0040 0.5040
vt 0.4960 0.5040
vt 0.4960 0.9960
vt 0.0040 0.9960
vt 0.0040 0.5040
vt 0.4960 0.5040
vt 0.4960 0.9960
vt 0.0040 0.9960
vt 0.5040 0.0040
vt 0.9960 0.0040
vt 0.9960 0.4960
vt 0.5040 0.4960
vt 0.5040 0.5040
vt 0.9960 0.5040
vt 0.9960 0.9960
vt 0.5040 0.9960
vt 0.0040 0.0040
vt 0.4960 0.0040
vt 0.4960 0.4960
vt 0.0040 0.4960
vt 0.5040 0.5040
vt 0.9960 0.5040
vt 0.9960 0.9960
vt 0.5040 0.9960
vt 0.0040 0.5040
vt 0.4960 0.5040
vt 0.4960 0.9960
vt 0.0040 0.9960
vt 0.5040 0.5040
vt 0.9960 0.5040
vt 0.9960 0.9960
vt 0.5040 0.9960
vt 0.0040 0.0040
vt 0.4960 0.0040
vt 0.4960 0.4960
vt 0.0040 0.4960
vt 0.5040 0.5040
vt 0.9960 0.5040
vt 0.9960 0.9960
vt 0.5040 0.9960
vt 0.5040 0.5040
vt 0.9960 0.5040
vt 0.9960 0.9960
vt 0.5040 0.9960
vt 0.5040 0.0040
vt 0.9960 0.0040
vt 0.9960 0.4960
vt 0.5040 0.4960
vt 0.5040 0.0040
vt 0.9960 0.0040
vt 0.9960 0.4960
vt 0.5040 0.4960
vt 0.0040 0.5040
vt 0.4960 0.5040
vt 0.4960 0.9960
vt 0.0040 0.9960
vt 0.5040 0.5040
vt 0.9960 0.5040
vt 0.9960 0.9960
vt 0.5040 0.9960
vt 0.0040 0.0040
vt 0.4960 0.0040
vt 0.4960 0.4960
vt 0.0040 0.4960
vt 0.5040 0.0040
vt 0.9960 0.0040
vt 0.9960 0.4960
vt 0.5040 0.4960
vt 0.5040 0.0040
vt 0.9960 0.0040
vt 0.9960 0.4960
vt 0.5040 0.4960
vt 0.0040 0.0040
vt 0.4960 0.0040
vt 0.4960 0.4960
vt 0.0040 0.4960
vt 0.0040 0.5040
vt 0.4960 0.5040
vt 0.4960 0.9960
vt 0.0040 0.9960
vt 0.5040 0.5040
vt 0.9960 0.5040
vt 0.9960 0.9960
vt 0.5040 0.9960
vt 0.5040 0.0040
vt 0.9960 0.0040
vt 0.9960 0.4960
vt 0.5040 0.4960
vt 0.0040 0.5040
vt 0.4960 0.5040
vt 0.4960 0.9960
vt 0.0040 0.9960
vt 0.0040 0.5040
vt 0.4960 0.5040
vt 0.4960 0.9960
vt 0.0040 0.9960
vt 0.0040 0.5040
vt 0.4960 0.5040
vt 0.4960 0.9960
vt 0.0040 0.9960
vt 0.0040 0.0040
vt 0.4960 0.0040
vt 0.4960 0.4960
vt 0.0040 0.4960
vt 0.5040 0.0040
vt 0.9960 0.0040
vt 0.9960 0.4960
vt 0.5040 0.4960
vt 0.0040 0.5040
vt 0.4960 0.5040
vt 0.4960 0.9960
vt 0.0040 0.9960
vt 0.5040 0.5040
vt 0.9960 0.5040
vt 0.9960 0.9960
vt 0.5040 0.9960
vt 0.5040 0.5040
vt 0.9960 0.5040
vt 0.9960 0.9960
vt 0.5040 0.9960
vt 0.0040 0.0040
vt 0.4960 0.0040
vt 0.4960 0.4960
vt 0.0040 0.4960
vt 0.0040 0.5040
vt 0.4960 0.5040
vt 0.4960 0.9960
vt 0.0040 0.9960
vt 0.5040 0.0040
vt 0.9960 0.0040
vt 0.9960 0.4960
vt 0.5040 0.4960
vt 0.5040 0.0040
vt 0.9960 0.0040
vt 0.9960 0.4960
vt 0.5040 0.4960
vt 0.5040 0.5040
vt 0.9960 0.5040
vt 0.9960 0.9960
vt 0.5040 0.9960
vt 0.5040 0.5040
vt 0.9960 0.5040
vt 0.9960 0.9960
vt 0.5040 0.9960
vt 0.0040 0.5040
vt 0.4960 0.5040
vt 0.4960 0.9960
vt 0.0040 0.9960
vt 0.5040 0.5040
vt 0.9960 0.5040
vt 0.9960 0.9960
vt 0.5040 0.9960
vt 0.0040 0.0040
vt 0.4960 0.0040
vt 0.4960 0.4960
vt 0.0040 0.4960
vt 0.5040 0.5040
vt 0.9960 0.5040
vt 0.9960 0.9960
vt 0.5040 0.9960
vt 0.5040 0.5040
vt 0.9960 0.5040
vt 0.9960 0.9960
vt 0.5040 0.9960
vt 0.5040 0.0040
vt 0.9960 0.0040
vt 0.9960 0.4960
vt 0.5040 0.4960
vt 0.5040 0.5040
vt 0.9960 0.5040
vt 0.9960 0.9960
vt 0.5040 0.9960
vt 0.5040 0.0040
vt 0.9960 0.0040
vt 0.9960 0.4960
vt 0.5040 0.4960
vt 0.0040 0.5040
vt 0.4960 0.5040
vt 0.4960 0.9960
vt 0.0040 0.9960
vt 0.0040 0.5040
vt 0.4960 0.5040
vt 0.4960 0.9960
vt 0.0040 0.9960
vt 0.5040 0.0040
vt 0.9960 0.0040
vt 0.9960 0.4960
vt 0.5040 0.4960
vt 0.5040 0.5040
vt 0.9960 0.5040
vt 0.9960 0.9960
vt 0.5040 0.9960
vt 0.0040 0.5040
vt 0.4960 0.5040
vt 0.4960 0.9960
vt 0.0040 0.9960
vt 0.5040 0.5040
vt 0.9960 0.5040
vt 0.9960 0.9960
vt 0.5040 0.9960
vt 0.5040 0.0040
vt 0.9960 0.0040
vt 0.9960 0.4960
vt 0.5040 0.4960
vt 0.0040 0.0040
vt 0.4960 0.0040
vt 0.4960 0.4960
vt 0.0040 0.4960
vt 0.0040 0.5040
vt 0.4960 0.5040
vt 0.4960 0.9960
vt 0.0040 0.9960
vt 0.5040 0.0040
vt 0.9960 0.0040
vt 0.9960 0.4960
vt 0.5040 0.4960
vt 0.0040 0.5040
vt 0.4960 0.5040
vt 0.4960 0.9960
vt 0.0040 0.9960
vt 0.0040 0.0040
vt 0.4960 0.0040
vt 0.4960 0.4960
vt 0.0040 0.4960
vt 0.5040 0.5040
vt 0.9960 0.5040
vt 0.9960 0.9960
vt 0.5040 0.9960
vt 0.5040 0.5040
vt 0.9960 0.5040
vt 0.9960 0.9960
vt 0.5040 0.9960
vt 0.0040 0.0040
vt 0.4960 0.0040
vt 0.4960 0.4960
vt 0.0040 0.4960
vt 0.0040 0.0040
vt 0.4960 0.0040
vt 0.4960 0.4960
vt 0.0040 0.4960
vt 0.5040 0.0040
vt 0.9960 0.0040
vt 0.9960 0.4960
vt 0.5040 0.4960
vt 0.5040 0.5040
vt 0.9960 0.5040
vt 0.9960 0.9960
vt 0.5040 0.9960
vt 0.0040 0.5040
vt 0.4960 0.5040
vt 0.4960 0.9960
vt 0.0040 0.9960
vt 0.0040 0.5040
vt 0.4960 0.5040
vt 0.4960 0.9960
vt 0.0040 0.9960
vt 0.5040 0.5040
vt 0.9960 0.5040
vt 0.9960 0.9960
vt 0.5040 0.9960
vt 0.0040 0.5040
vt 0.4960 0.5040
vt 0.4960 0.9960
vt 0.0040 0.9960
vt 0.0040 0.5040
vt 0.4960 0.5040
vt 0.4960 0.9960
vt 0.0040 0.9960
vt 0.5040 0.5040
vt 0.9960 0.5040
vt 0.9960 0.9960
vt 0.5040 0.9960
vt 0.0040 0.5040
vt 0.4960 0.5040
vt 0.4960 0.9960
vt 0.0040 0.9960
vt 0.5040 0.0040
vt 0.9960 0.0040
vt 0.9960 0.4960
vt 0.5040 0.4960
vt 0.5040 0.5040
vt 0.9960 0.5040
vt 0.9960 0.9960
vt 0.5040 0.9960
vt 0.5040 0.5040
vt 0.9960 0.5040
vt 0.9960 0.9960
vt 0.5040 0.9960
vt 0.0040 0.0040
vt 0.4960 0.0040
vt 0.4960 0.4960
vt 0.0040 0.4960
vt 0.5040 0.0040
vt 0.9960 0.0040
vt 0.9960 0.4960
vt 0.5040 0.4960
vt 0.0040 0.5040
vt 0.4960 0.5040
vt 0.4960 0.9960
vt 0.0040 0.9960
vt 0.5040 0.5040
vt 0.9960 0.5040
vt 0.9960 0.9960
vt 0.5040 0.9960
vt 0.0040 0.5040
vt 0.4960 0.5040
vt 0.4960 0.9960
vt 0.0040 0.9960
vt 0.0040 0.5040
vt 0.4960 0.5040
vt 0.4960 0.9960
vt 0.0040 0.9960
vt 0.0040 0.5040
vt 0.4960 0.5040
vt 0.4960 0.9960
vt 0.0040 0.9960
vt 0.5040 0.5040
vt 0.9960 0.5040
vt 0.9960 0.9960
vt 0.5040 0.9960
vt 0.0040 0.0040
vt 0.4960 0.0040
vt 0.4960 0.4960
vt 0.0040 0.4960
vt 0.0040 0.0040
vt 0.4960 0.0040
vt 0.4960 0.4960
vt 0.0040 0.4960
vt 0.5040 0.0040
vt 0.9960 0.0040
vt 0.9960 0.4960
vt 0.5040 0.4960
vt 0.0040 0.5040
vt 0.4960 0.5040
vt 0.4960 0.9960
vt 0.0040 0.9960
vt 0.0040 0.0040
vt 0.4960 0.0040
vt 0.4960 0.4960
vt 0.0040 0.4960
vt 0.5040 0.5040
vt 0.9960 0.5040
vt 0.9960 0.9960
vt 0.5040 0.9960
vt 0.0040 0.0040
vt 0.4960 0.0040
vt 0.4960 0.4960
vt 0.0040 0.4960
vt 0.0040 0.5040
vt 0.4960 0.5040
vt 0.4960 0.9960
vt 0.0040 0.9960
vt 0.0040 0.5040
vt 0.4960 0.5040
vt 0.4960 0.9960
vt 0.0040 0.9960
vt 0.5040 0.0040
vt 0.9960 0.0040
vt 0.9960 0.4960
vt 0.5040 0.4960
vt 0.0040 0.5040
vt 0.4960 0.5040
vt 0.4960 0.9960
vt 0.0040 0.9960
vt 0.5040 0.0040
vt 0.9960 0.0040
vt 0.9960 0.4960
vt 0.5040 0.4960
vt 0.5040 0.5040
vt 0.9960 0.5040
vt 0.9960 0.9960
vt 0.5040 0.9960
vt 0.0040 0.5040
vt 0.4960 0.5040
vt 0.4960 0.9960
vt 0.0040 0.9960
vt 0.5040 0.0040
vt 0.9960 0.0040
vt 0.9960 0.4960
vt 0.5040 0.4960
vt 0.0040 0.0040
vt 0.4960 0.0040
vt 0.4960 0.4960
vt 0.0040 0.4960
vt 0.0040 0.5040
vt 0.4960 0.5040
vt 0.4960 0.9960
vt 0.0040 0.9960
vt 0.5040 0.5040
vt 0.9960 0.5040
vt 0.9960 0.9960
vt 0.5040 0.9960
vt 0.5040 0.5040
vt 0.9960 0.5040
vt 0.9960 0.9960
vt 0.5040 0.9960
vt 0.0040 0.5040
vt 0.4960 0.5040
vt 0.4960 0.9960
vt 0.0040 0.9960
vt 0.5040 0.5040
vt 0.9960 0.5040
vt 0.9960 0.9960
vt 0.5040 0.9960
vt 0.0040 0.5040
vt 0.4960 0.5040
vt 0.4960 0.9960
vt 0.0040 0.9960
vt 0.5040 0.0040
vt 0.9960 0.0040
vt 0.9960 0.4960
vt 0.5040 0.4960
vt 0.5040 0.5040
vt 0.9960 0.5040
vt 0.9960 0.9960
vt 0.5040 0.9960
vt 0.5040 0.0040
vt 0.9960 0.0040
vt 0.9960 0.4960
vt 0.5040 0.4960
vt 0.5040 0.5040
vt 0.9960 0.5040
vt 0.9960 0.9960
vt 0.5040 0.9960
vt 0.0040 0.5040
vt 0.4960 0.5040
vt 0.4960 0.9960
vt 0.0040 0.9960
vt 0.5040 0.0040
vt 0.9960 0.0040
vt 0.9960 0.4960
vt 0.5040 0.4960
vt 0.0040 0.5040
vt 0.4960 0.5040
vt 0.4960 0.9960
vt 0.0040 0.9960
vt 0.5040 0.0040
vt 0.9960 0.0040
vt 0.9960 0.4960
vt 0.5040 0.4960
vt 0.0040 0.5040
vt 0.4960 0.5040
vt 0.4960 0.9960
vt 0.0040 0.9960
vt 0.0040 0.5040
vt 0.4960 0.5040
vt 0.4960 0.9960
vt 0.0040 0.9960
vt 0.5040 0.0040
vt 0.9960 0.0040
vt 0.9960 0.4960
vt 0.5040 0.4960
vt 0.5040 0.0040
vt 0.9960 0.0040
vt 0.9960 0.4960
vt 0.5040 0.4960
vt 0.0040 0.5040
vt 0.4960 0.5040
vt 0.4960 0.9960
vt 0.0040 0.9960
vt 0.0040 0.0040
vt 0.4960 0.0040
vt 0.4960 0.4960
vt 0.0040 0.4960
vt 0.5040 0.5040
vt 0.9960 0.5040
vt 0.9960 0.9960
vt 0.5040 0.9960
vt 0.0040 0.0040
vt 0.4960 0.0040
vt 0.4960 0.4960
vt 0.0040 0.4960
vt 0.0040 0.0040
vt 0.4960 0.0040
vt 0.4960 0.4960
vt 0.0040 0.4960
vt 0.5040 0.5040
vt 0.9960 0.5040
vt 0.9960 0.9960
vt 0.5040 0.9960
vt 0.0040 0.0040
vt 0.4960 0.0040
vt 0.4960 0.4960
vt 0.0040 0.4960
vt 0.5040 0.0040
vt 0.9960 0.0040
vt 0.9960 0.4960
vt 0.5040 0.4960
vt 0.5040 0.5040
vt 0.9960 0.5040
vt 0.9960 0.9960
vt 0.5040 0.9960
vt 0.5040 0.5040
vt 0.9960 0.5040
vt 0.9960 0.9960
vt 0.5040 0.9960
vt 0.0040 0.5040
vt 0.4960 0.5040
vt 0.4960 0.9960
vt 0.0040 0.9960
vt 0.5040 0.0040
vt 0.9960 0.0040
vt 0.9960 0.4960
vt 0.5040 0.4960
vt 0.0040 0.5040
vt 0.4960 0.5040
vt 0.4960 0.9960
vt 0.0040 0.9960
vt 0.5040 0.5040
vt 0.9960 0.5040
vt 0.9960 0.9960
vt 0.5040 0.9960
vt 0.5040 0.5040
vt 0.9960 0.5040
vt 0.9960 0.9960
vt 0.5040 0.9960
vt 0.5040 0.0040
vt 0.9960 0.0040
vt 0.9960 0.4960
vt 0.5040 0.4960
vt 0.5040 0.0040
vt 0.9960 0.0040
vt 0.9960 0.4960
vt 0.5040 0.4960
vt 0.0040 0.0040
vt 0.4960 0.0040
vt 0.4960 0.4960
vt 0.0040 0.4960
vt 0.0040 0.5040
vt 0.4960 0.5040
vt 0.4960 0.9960
vt 0.0040 0.9960
vt 0.5040 0.0040
vt 0.9960 0.0040
vt 0.9960 0.4960
vt 0.5040 0.4960
vt 0.0040 0.5040
vt 0.4960 0.5040
vt 0.4960 0.9960
vt 0.0040 0.9960
vt 0.5040 0.0040
vt 0.9960 0.0040
vt 0.9960 0.4960
vt 0.5040 0.4960
vt 0.5040 0.5040
vt 0.9960 0.5040
vt 0.9960 0.9960
vt 0.5040 0.9960
vt 0.0040 0.0040
vt 0.4960 0.0040
vt 0.4960 0.4960
vt 0.0040 0.4960
vt 0.0040 0.0040
vt 0.4960 0.0040
vt 0.4960 0.4960
vt 0.0040 0.4960
vt 0.5040 0.5040
vt 0.9960 0.5040
vt 0.9960 0.9960
vt 0.5040 0.9960
vt 0.0040 0.0040
vt 0.4960 0.0040
vt 0.4960 0.4960
vt 0.0040 0.4960
vt 0.5040 0.0040
vt 0.9960 0.0040
vt 0.9960 0.4960
vt 0.5040 0.4960
vt 0.5040 0.0040
vt 0.9960 0.0040
vt 0.9960 0.4960
vt 0.5040 0.4960
vt 0.5040 0.0040
vt 0.9960 0.0040
vt 0.9960 0.4960
vt 0.5040 0.4960
vt 0.0040 0.0040
vt 0.4960 0.0040
vt 0.4960 0.4960
vt 0.0040 0.4960
vt 0.5040 0.5040
vt 0.9960 0.5040
vt 0.9960 0.9960
vt 0.5040 0.9960
vt 0.0040 0.5040
vt 0.4960 0.5040
vt 0.4960 0.9960
vt 0.0040 0.9960
vt 0.0040 0.5040
vt 0.4960 0.5040
vt 0.4960 0.9960
vt 0.0040 0.9960
vt 0.5040 0.0040
vt 0.9960 0.0040
vt 0.9960 0.4960
vt 0.5040 0.4960
vt 0.0040 0.5040
vt 0.4960 0.5040
vt 0.4960 0.9960
vt 0.0040 0.9960
vt 0.5040 0.0040
vt 0.9960 0.0040
vt 0.9960 0.4960
vt 0.5040 0.4960
vt 0.5040 0.0040
vt 0.9960 0.0040
vt 0.9960 0.4960
vt 0.5040 0.4960
vt 0.5040 0.5040
vt 0.9960 0.5040
vt 0.9960 0.9960
vt 0.5040 0.9960
vt 0.0040 0.0040
vt 0.4960 0.0040
vt 0.4960 0.4960
vt 0.0040 0.4960
vt 0.0040 0.5040
vt 0.4960 0.5040
vt 0.4960 0.9960
vt 0.0040 0.9960
vt 0.5040 0.5040
vt 0.9960 0.5040
vt 0.9960 0.9960
vt 0.5040 0.9960
vt 0.5040 0.5040
vt 0.9960 0.5040
vt 0.9960 0.9960
vt 0.5040 0.9960
vt 0.5040 0.5040
vt 0.9960 0.5040
vt 0.9960 0.9960
vt 0.5040 0.9960
vt 0.0040 0.5040
vt 0.4960 0.5040
vt 0.4960 0.9960
vt 0.0040 0.9960
vn -0.116 0.988 0.103
vn -0.116 0.988 0.103
vn -0.116 0.988 0.103
vn -0.116 0.988 0.103
vn -0.361 0.875 0.324
vn -0.361 0.875 0.324
vn -0.361 0.875 0.324
vn -0.361 0.875 0.324
vn -0.605 0.757 0.246
vn -0.605 0.757 0.246
vn -0.605 0.757 0.246
vn -0.605 0.757 0.246
vn -0.539 0.841 0.047
vn -0.539 0.841 0.047
vn -0.539 0.841 0.047
vn -0.539 0.841 0.047
vn -0.540 0.789 0.294
vn -0.540 0.789 0.294
vn -0.540 0.789 0.294
vn -0.540 0.789 0.294
vn -0.617 -0.780 -0.102
vn -0.617 -0.780 -0.102
vn -0.617 -0.780 -0.102
vn -0.617 -0.780 -0.102
vn -0.535 0.665 0.521
vn -0.535 0.665 0.521
vn -0.535 0.665 0.521
vn -0.535 0.665 0.521
vn -0.661 -0.183 0.728
vn -0.661 -0.183 0.728
vn -0.661 -0.183 0.728
vn -0.661 -0.183 0.728
vn -0.771 -0.499 0.396
vn -0.771 -0.499 0.396
vn -0.771 -0.499 0.396
vn -0.771 -0.499 0.396
vn 0.282 0.839 0.466
vn 0.282 0.839 0.466
vn 0.282 0.839 0.466
vn 0.282 0.839 0.466
vn -0.416 0.769 0.485
vn -0.416 0.769 0.485
vn -0.416 0.769 0.485
vn -0.416 0.769 0.485
vn -0.145 0.815 0.560
vn -0.145 0.815 0.560
vn -0.145 0.815 0.560
vn -0.145 0.815 0.560
vn -0.563 0.605 0.564
vn -0.563 0.605 0.564
vn -0.563 0.605 0.564
vn -0.563 0.605 0.564
vn -0.451 0.669 0.591
vn -0.451 0.669 0.591
vn -0.451 0.669 0.591
vn -0.451 0.669 0.591
vn -0.292 0.929 0.226
vn -0.292 0.929 0.226
vn -0.292 0.929 0.226
vn -0.292 0.929 0.226
vn -0.287 0.880 0.378
vn -0.287 0.880 0.378
vn -0.287 0.880 0.378
vn -0.287 0.880 0.378
vn -0.300 0.846 0.440
vn -0.300 0.846 0.440
vn -0.300 0.846 0.440
vn -0.300 0.846 0.440
vn -0.704 -0.152 0.693
vn -0.704 -0.152 0.693
vn -0.704 -0.152 0.693
vn -0.704 -0.152 0.693
vn -0.611 0.128 0.782
vn -0.611 0.128 0.782
vn -0.611 0.128 0.782
vn -0.611 0.128 0.782
vn -0.426 -0.008 0.904
vn -0.426 -0.008 0.904
vn -0.426 -0.008 0.904
vn -0.426 -0.008 0.904
vn -0.780 -0.163 0.604
vn -0.780 -0.163 0.604
vn -0.780 -0.163 0.604
vn -0.780 -0.163 0.604
vn -0.848 0.154 0.507
vn -0.848 0.154 0.507
vn -0.848 0.154 0.507
vn -0.848 0.154 0.507
vn -0.847 0.062 0.528
vn -0.847 0.062 0.528
vn -0.847 0.062 0.528
vn -0.847 0.062 0.528
vn -0.845 0.100 0.526
vn -0.845 0.100 0.526
vn -0.845 0.100 0.526
vn -0.845 0.100 0.526
vn -0.879 0.156 0.451
vn -0.879 0.156 0.451
vn -0.879 0.156 0.451
vn -0.879 0.156 0.451
vn -0.936 0.015 0.353
vn -0.936 0.015 0.353
vn -0.936 0.015 0.353
vn -0.936 0.015 0.353
vn -0.875 -0.252 0.413
vn -0.875 -0.252 0.413
vn -0.875 -0.252 0.413
vn -0.875 -0.252 0.413
vn -0.800 0.243 0.549
vn -0.800 0.243 0.549
vn -0.800 0.243 0.549
vn -0.800 0.243 0.549
vn -0.728 0.219 0.649
vn -0.728 0.219 0.649
vn -0.728 0.219 0.649
vn -0.728 0.219 0.649
vn -0.960 0.131 0.247
vn -0.960 0.131 0.247
vn -0.960 0.131 0.247
vn -0.960 0.131 0.247
vn -0.982 0.059 0.181
vn -0.982 0.059 0.181
vn -0.982 0.059 0.181
vn -0.982 0.059 0.181
vn -0.906 -0.221 0.360
vn -0.906 -0.221 0.360
vn -0.906 -0.221 0.360
vn -0.906 -0.221 0.360
vn -0.985 -0.108 0.136
vn -0.985 -0.108 0.136
vn -0.985 -0.108 0.136
vn -0.985 -0.108 0.136
vn -0.902 0.203 0.380
vn -0.902 0.203 0.380
vn -0.902 0.203 0.380
vn -0.902 0.203 0.380
vn -0.897 -0.050 0.439
vn -0.897 -0.050 0.439
vn -0.897 -0.050 0.439
vn -0.897 -0.050 0.439
vn -0.855 0.333 0.398
vn -0.855 0.333 0.398
vn -0.855 0.333 0.398
vn -0.855 0.333 0.398
vn -0.825 0.098 0.557
vn -0.825 0.098 0.557
vn -0.825 0.098 0.557
vn -0.825 0.098 0.557
vn -0.832 0.226 0.507
vn -0.832 0.226 0.507
vn -0.832 0.226 0.507
vn -0.832 0.226 0.507
vn -0.879 0.154 0.452
vn -0.879 0.154 0.452
vn -0.879 0.154 0.452
vn -0.879 0.154 0.452
vn -0.576 -0.513 0.637
vn -0.576 -0.513 0.637
vn -0.576 -0.513 0.637
vn -0.576 -0.513 0.637
vn -0.484 -0.258 0.836
vn -0.484 -0.258 0.836
vn -0.484 -0.258 0.836
vn -0.484 -0.258 0.836
vn -0.536 -0.624 0.569
vn -0.536 -0.624 0.569
vn -0.536 -0.624 0.569
vn -0.536 -0.624 0.569
vn -0.630 -0.529 0.568
vn -0.630 -0.529 0.568
vn -0.630 -0.529 0.568
vn -0.630 -0.529 0.568
vn 0.101 -0.515 -0.851
vn 0.101 -0.515 -0.851
vn 0.101 -0.515 -0.851
vn 0.101 -0.515 -0.851
vn -0.076 -0.423 -0.903
vn -0.076 -0.423 -0.903
vn -0.076 -0.423 -0.903
vn -0.076 -0.423 -0.903
vn 0.138 -0.476 -0.869
vn 0.138 -0.476 -0.869
vn 0.138 -0.476 -0.869
vn 0.138 -0.476 -0.869
vn 0.188 -0.651 -0.736
vn 0.188 -0.651 -0.736
vn 0.188 -0.651 -0.736
vn 0.188 -0.651 -0.736
vn 0.178 -0.095 -0.980
vn 0.178 -0.095 -0.980
vn 0.178 -0.095 -0.980
vn 0.178 -0.095 -0.980
vn 0.086 -0.473 -0.877
vn 0.086 -0.473 -0.877
vn 0.086 -0.473 -0.877
vn 0.086 -0.473 -0.877
vn -0.275 -0.412 -0.869
vn -0.275 -0.412 -0.869
vn -0.275 -0.412 -0.869
vn -0.275 -0.412 -0.869
vn -0.186 -0.626 -0.757
vn -0.186 -0.626 -0.757
vn -0.186 -0.626 -0.757
vn -0.186 -0.626 -0.757
vn -0.369 -0.248 -0.896
vn -0.369 -0.248 -0.896
vn -0.369 -0.248 -0.896
vn -0.369 -0.248 -0.896
vn -0.488 -0.477 -0.731
vn -0.488 -0.477 -0.731
vn -0.488 -0.477 -0.731
vn -0.488 -0.477 -0.731
vn -0.226 -0.577 -0.785
vn -0.226 -0.577 -0.785
vn -0.226 -0.577 -0.785
vn -0.226 -0.577 -0.785
vn -0.404 0.027 -0.914
vn -0.404 0.027 -0.914
vn -0.404 0.027 -0.914
vn -0.404 0.027 -0.914
vn -0.280 0.015 -0.960
vn -0.280 0.015 -0.960
vn -0.280 0.015 -0.960
vn -0.280 0.015 -0.960
vn 0.217 0.309 -0.926
vn 0.217 0.309 -0.926
vn 0.217 0.309 -0.926
vn 0.217 0.309 -0.926
vn -0.155 0.405 -0.901
vn -0.155 0.405 -0.901
vn -0.155 0.405 -0.901
vn -0.155 0.405 -0.901
vn 0.095 0.072 -0.993
vn 0.095 0.072 -0.993
vn 0.095 0.072 -0.993
vn 0.095 0.072 -0.993
vn -0.031 0.297 -0.954
vn -0.031 0.297 -0.954
vn -0.031 0.297 -0.954
vn -0.031 0.297 -0.954
vn -0.337 0.075 -0.939
vn -0.337 0.075 -0.939
vn -0.337 0.075 -0.939
vn -0.337 0.075 -0.939
vn -0.116 0.002 -0.993
vn -0.116 0.002 -0.993
vn -0.116 0.002 -0.993
vn -0.116 0.002 -0.993
vn -0.028 0.090 -0.996
vn -0.028 0.090 -0.996
vn -0.028 0.090 -0.996
vn -0.028 0.090 -0.996
vn -0.774 -0.022 -0.632
vn -0.774 -0.022 -0.632
vn -0.774 -0.022 -0.632
vn -0.774 -0.022 -0.632
vn -0.473 -0.564 -0.677
vn -0.473 -0.564 -0.677
vn -0.473 -0.564 -0.677
vn -0.473 -0.564 -0.677
vn -0.220 -0.030 -0.975
vn -0.220 -0.030 -0.975
vn -0.220 -0.030 -0.975
vn -0.220 -0.030 -0.975
vn -0.761 0.121 -0.637
vn -0.761 0.121 -0.637
vn -0.761 0.121 -0.637
vn -0.761 0.121 -0.637
vn 0.457 0.753 0.474
vn 0.457 0.753 0.474
vn 0.457 0.753 0.474
vn 0.457 0.753 0.474
vn 0.401 0.803 0.441
vn 0.401 0.803 0.441
vn 0.401 0.803 0.441
vn 0.401 0.803 0.441
vn 0.368 0.822 0.435
vn 0.368 0.822 0.435
vn 0.368 0.822 0.435
vn 0.368 0.822 0.435
vn 0.285 0.869 0.405
vn 0.285 0.869 0.405
vn 0.285 0.869 0.405
vn 0.285 0.869 0.405
vn 0.329 0.886 0.327
vn 0.329 0.886 0.327
vn 0.329 0.886 0.327
vn 0.329 0.886 0.327
vn 0.495 0.814 0.304
vn 0.495 0.814 0.304
vn 0.495 0.814 0.304
vn 0.495 0.814 0.304
vn 0.366 0.866 0.340
vn 0.366 0.866 0.340
vn 0.366 0.866 0.340
vn 0.366 0.866 0.340
vn 0.299 0.863 0.408
vn 0.299 0.863 0.408
vn 0.299 0.863 0.408
vn 0.299 0.863 0.408
vn 0.755 0.499 0.426
vn 0.755 0.499 0.426
vn 0.755 0.499 0.426
vn 0.755 0.499 0.426
vn 0.698 0.537 0.474
vn 0.698 0.537 0.474
vn 0.698 0.537 0.474
vn 0.698 0.537 0.474
vn 0.611 0.604 0.512
vn 0.611 0.604 0.512
vn 0.611 0.604 0.512
vn 0.611 0.604 0.512
vn 0.823 0.486 0.293
vn 0.823 0.486 0.293
vn 0.823 0.486 0.293
vn 0.823 0.486 0.293
vn 0.666 0.606 0.436
vn 0.666 0.606 0.436
vn 0.666 0.606 0.436
vn 0.666 0.606 0.436
vn 0.486 0.795 0.362
vn 0.486 0.795 0.362
vn 0.486 0.795 0.362
vn 0.486 0.795 0.362
vn 0.619 0.566 0.544
vn 0.619 0.566 0.544
vn 0.619 0.566 0.544
vn 0.619 0.566 0.544
vn 0.607 0.746 0.274
vn 0.607 0.746 0.274
vn 0.607 0.746 0.274
vn 0.607 0.746 0.274
vn 0.669 0.707 0.229
vn 0.669 0.707 0.229
vn 0.669 0.707 0.229
vn 0.669 0.707 0.229
vn 0.632 0.698 0.336
vn 0.632 0.698 0.336
vn 0.632 0.698 0.336
vn 0.632 0.698 0.336
vn 0.579 0.793 0.191
vn 0.579 0.793 0.191
vn 0.579 0.793 0.191
vn 0.579 0.793 0.191
vn 0.522 0.816 0.249
vn 0.522 0.816 0.249
vn 0.522 0.816 0.249
vn 0.522 0.816 0.249
vn 0.576 0.804 -0.148
vn 0.576 0.804 -0.148
vn 0.576 0.804 -0.148
vn 0.576 0.804 -0.148
vn 0.347 0.846 -0.406
vn 0.347 0.846 -0.406
vn 0.347 0.846 -0.406
vn 0.347 0.846 -0.406
vn 0.079 0.995 0.060
vn 0.079 0.995 0.060
vn 0.079 0.995 0.060
vn 0.079 0.995 0.060
vn 0.245 0.962 -0.122
vn 0.245 0.962 -0.122
vn 0.245 0.962 -0.122
vn 0.245 0.962 -0.122
vn -0.254 0.744 -0.618
vn -0.254 0.744 -0.618
vn -0.254 0.744 -0.618
vn -0.254 0.744 -0.618
vn -0.235 0.873 -0.426
vn -0.235 0.873 -0.426
vn -0.235 0.873 -0.426
vn -0.235 0.873 -0.426
vn -0.130 0.819 -0.559
vn -0.130 0.819 -0.559
vn -0.130 0.819 -0.559
vn -0.130 0.819 -0.559
vn -0.176 0.839 -0.514
vn -0.176 0.839 -0.514
vn -0.176 0.839 -0.514
vn -0.176 0.839 -0.514
vn -0.244 0.856 -0.455
vn -0.244 0.856 -0.455
vn -0.244 0.856 -0.455
vn -0.244 0.856 -0.455
vn -0.436 0.597 -0.674
vn -0.436 0.597 -0.674
vn -0.436 0.597 -0.674
vn -0.436 0.597 -0.674
vn -0.249 0.623 -0.741
vn -0.249 0.623 -0.741
vn -0.249 0.623 -0.741
vn -0.249 0.623 -0.741
vn -0.414 0.345 -0.842
vn -0.414 0.345 -0.842
vn -0.414 0.345 -0.842
vn -0.414 0.345 -0.842
vn -0.194 0.692 -0.696
vn -0.194 0.692 -0.696
vn -0.194 0.692 -0.696
vn -0.194 0.692 -0.696
vn -0.078 0.608 -0.790
vn -0.078 0.608 -0.790
vn -0.078 0.608 -0.790
vn -0.078 0.608 -0.790
vn -0.116 0.712 -0.693
vn -0.116 0.712 -0.693
vn -0.116 0.712 -0.693
vn -0.116 0.712 -0.693
vn -0.120 0.175 -0.977
vn -0.120 0.175 -0.977
vn -0.120 0.175 -0.977
vn -0.120 0.175 -0.977
vn 0.097 0.230 -0.968
vn 0.097 0.230 -0.968
vn 0.097 0.230 -0.968
vn 0.097 0.230 -0.968
vn -0.072 0.321 -0.945
vn -0.072 0.321 -0.945
vn -0.072 0.321 -0.945
vn -0.072 0.321 -0.945
vn -0.025 0.273 -0.962
vn -0.025 0.273 -0.962
vn -0.025 0.273 -0.962
vn -0.025 0.273 -0.962
vn -0.089 0.458 -0.884
vn -0.089 0.458 -0.884
vn -0.089 0.458 -0.884
vn -0.089 0.458 -0.884
vn -0.008 0.245 -0.970
vn -0.008 0.245 -0.970
vn -0.008 0.245 -0.970
vn -0.008 0.245 -0.970
vn -0.313 -0.199 -0.929
vn -0.313 -0.199 -0.929
vn -0.313 -0.199 -0.929
vn -0.313 -0.199 -0.929
vn -0.144 0.620 -0.771
vn -0.144 0.620 -0.771
vn -0.144 0.620 -0.771
vn -0.144 0.620 -0.771
vn -0.496 0.563 -0.661
vn -0.496 0.563 -0.661
vn -0.496 0.563 -0.661
vn -0.496 0.563 -0.661
vn -0.381 0.594 -0.708
vn -0.381 0.594 -0.708
vn -0.381 0.594 -0.708
vn -0.381 0.594 -0.708
vn -0.407 0.698 -0.589
vn -0.407 0.698 -0.589
vn -0.407 0.698 -0.589
vn -0.407 0.698 -0.589
vn -0.398 0.467 -0.790
vn -0.398 0.467 -0.790
vn -0.398 0.467 -0.790
vn -0.398 0.467 -0.790
vn -0.458 0.594 -0.661
vn -0.458 0.594 -0.661
vn -0.458 0.594 -0.661
vn -0.458 0.594 -0.661
vn -0.402 0.592 -0.698
vn -0.402 0.592 -0.698
vn -0.402 0.592 -0.698
vn -0.402 0.592 -0.698
vn -0.340 0.742 -0.578
vn -0.340 0.742 -0.578
vn -0.340 0.742 -0.578
vn -0.340 0.742 -0.578
vn -0.387 0.616 -0.686
vn -0.387 0.616 -0.686
vn -0.387 0.616 -0.686
vn -0.387 0.616 -0.686
vn -0.398 0.621 -0.675
vn -0.398 0.621 -0.675
vn -0.398 0.621 -0.675
vn -0.398 0.621 -0.675
vn -0.365 0.538 -0.760
vn -0.365 0.538 -0.760
vn -0.365 0.538 -0.760
vn -0.365 0.538 -0.760
vn -0.463 0.710 -0.531
vn -0.463 0.710 -0.531
vn -0.463 0.710 -0.531
vn -0.463 0.710 -0.531
vn -0.354 0.710 -0.609
vn -0.354 0.710 -0.609
vn -0.354 0.710 -0.609
vn -0.354 0.710 -0.609
vn -0.488 0.521 -0.700
vn -0.488 0.521 -0.700
vn -0.488 0.521 -0.700
vn -0.488 0.521 -0.700
vn -0.175 -0.304 -0.937
vn -0.175 -0.304 -0.937
vn -0.175 -0.304 -0.937
vn -0.175 -0.304 -0.937
vn -0.214 0.296 -0.931
vn -0.214 0.296 -0.931
vn -0.214 0.296 -0.931
vn -0.214 0.296 -0.931
vn -0.122 0.165 -0.979
vn -0.122 0.165 -0.979
vn -0.122 0.165 -0.979
vn -0.122 0.165 -0.979
vn -0.258 -0.134 -0.957
vn -0.258 -0.134 -0.957
vn -0.258 -0.134 -0.957
vn -0.258 -0.134 -0.957
vn -0.014 0.115 -0.993
vn -0.014 0.115 -0.993
vn -0.014 0.115 -0.993
vn -0.014 0.115 -0.993
vn 0.084 -0.279 0.957
vn 0.084 -0.279 0.957
vn 0.084 -0.279 0.957
vn 0.084 -0.279 0.957
vn -0.188 -0.490 0.851
vn -0.188 -0.490 0.851
vn -0.188 -0.490 0.851
vn -0.188 -0.490 0.851
vn -0.095 -0.079 0.992
vn -0.095 -0.079 0.992
vn -0.095 -0.079 0.992
vn -0.095 -0.079 0.992
vn 0.226 -0.168 0.959
vn 0.226 -0.168 0.959
vn 0.226 -0.168 0.959
vn 0.226 -0.168 0.959
vn 0.081 -0.387 0.919
vn 0.081 -0.387 0.919
vn 0.081 -0.387 0.919
vn 0.081 -0.387 0.919
vn -0.317 0.064 0.946
vn -0.317 0.064 0.946
vn -0.317 0.064 0.946
vn -0.317 0.064 0.946
vn -0.315 -0.034 0.949
vn -0.315 -0.034 0.949
vn -0.315 -0.034 0.949
vn -0.315 -0.034 0.949
vn -0.523 -0.159 0.837
vn -0.523 -0.159 0.837
vn -0.523 -0.159 0.837
vn -0.523 -0.159 0.837
vn -0.371 -0.604 0.705
vn -0.371 -0.604 0.705
vn -0.371 -0.604 0.705
vn -0.371 -0.604 0.705
vn -0.422 -0.499 0.757
vn -0.422 -0.499 0.757
vn -0.422 -0.499 0.757
vn -0.422 -0.499 0.757
vn -0.413 -0.769 0.488
vn -0.413 -0.769 0.488
vn -0.413 -0.769 0.488
vn -0.413 -0.769 0.488
vn -0.140 -0.084 0.987
vn -0.140 -0.084 0.987
vn -0.140 -0.084 0.987
vn -0.140 -0.084 0.987
vn -0.055 0.113 0.992
vn -0.055 0.113 0.992
vn -0.055 0.113 0.992
vn -0.055 0.113 0.992
vn -0.330 -0.350 0.877
vn -0.330 -0.350 0.877
vn -0.330 -0.350 0.877
vn -0.330 -0.350 0.877
vn -0.155 -0.077 0.985
vn -0.155 -0.077 0.985
vn -0.155 -0.077 0.985
vn -0.155 -0.077 0.985
vn -0.366 -0.458 0.810
vn -0.366 -0.458 0.810
vn -0.366 -0.458 0.810
vn -0.366 -0.458 0.810
vn -0.269 -0.459 0.847
vn -0.269 -0.459 0.847
vn -0.269 -0.459 0.847
vn -0.269 -0.459 0.847
vn -0.082 -0.936 0.341
vn -0.082 -0.936 0.341
vn -0.082 -0.936 0.341
vn -0.082 -0.936 0.341
vn -0.310 -0.815 0.490
vn -0.310 -0.815 0.490
vn -0.310 -0.815 0.490
vn -0.310 -0.815 0.490
vn -0.550 -0.589 0.593
vn -0.550 -0.589 0.593
vn -0.550 -0.589 0.593
vn -0.550 -0.589 0.593
vn -0.399 -0.522 0.754
vn -0.399 -0.522 0.754
vn -0.399 -0.522 0.754
vn -0.399 -0.522 0.754
vn 0.455 0.890 -0.030
vn 0.455 0.890 -0.030
vn 0.455 0.890 -0.030
vn 0.455 0.890 -0.030
vn 0.464 0.886 0.001
vn 0.464 0.886 0.001
vn 0.464 0.886 0.001
vn 0.464 0.886 0.001
vn 0.420 0.906 -0.061
vn 0.420 0.906 -0.061
vn 0.420 0.906 -0.061
vn 0.420 0.906 -0.061
vn 0.216 0.892 0.397
vn 0.216 0.892 0.397
vn 0.216 0.892 0.397
vn 0.216 0.892 0.397
vn 0.289 0.913 0.287
vn 0.289 0.913 0.287
vn 0.289 0.913 0.287
vn 0.289 0.913 0.287
vn 0.317 0.919 0.233
vn 0.317 0.919 0.233
vn 0.317 0.919 0.233
vn 0.317 0.919 0.233
vn 0.379 0.924 -0.042
vn 0.379 0.924 -0.042
vn 0.379 0.924 -0.042
vn 0.379 0.924 -0.042
vn 0.379 0.924 -0.042
vn 0.379 0.924 -0.042
vn 0.379 0.924 -0.042
vn 0.379 0.924 -0.042
vn 0.432 0.902 0.007
vn 0.432 0.902 0.007
vn 0.432 0.902 0.007
vn 0.432 0.902 0.007
vn 0.402 0.915 0.044
vn 0.402 0.915 0.044
vn 0.402 0.915 0.044
vn 0.402 0.915 0.044
vn 0.607 0.794 -0.040
vn 0.607 0.794 -0.040
vn 0.607 0.794 -0.040
vn 0.607 0.794 -0.040
vn 0.587 0.810 -0.020
vn 0.587 0.810 -0.020
vn 0.587 0.810 -0.020
vn 0.587 0.810 -0.020
vn 0.507 0.862 0.026
vn 0.507 0.862 0.026
vn 0.507 0.862 0.026
vn 0.507 0.862 0.026
vn 0.545 0.836 0.060
vn 0.545 0.836 0.060
vn 0.545 0.836 0.060
vn 0.545 0.836 0.060
vn 0.577 0.817 0.012
vn 0.577 0.817 0.012
vn 0.577 0.817 0.012
vn 0.577 0.817 0.012
vn 0.617 0.778 0.117
vn 0.617 0.778 0.117
vn 0.617 0.778 0.117
vn 0.617 0.778 0.117
vn 0.626 0.777 0.071
vn 0.626 0.777 0.071
vn 0.626 0.777 0.071
vn 0.626 0.777 0.071
vn 0.503 0.857 0.109
vn 0.503 0.857 0.109
vn 0.503 0.857 0.109
vn 0.503 0.857 0.109
vn 0.645 0.760 0.083
vn 0.645 0.760 0.083
vn 0.645 0.760 0.083
vn 0.645 0.760 0.083
vn 0.523 0.834 0.175
vn 0.523 0.834 0.175
vn 0.523 0.834 0.175
vn 0.523 0.834 0.175
vn 0.557 0.819 0.139
vn 0.557 0.819 0.139
vn 0.557 0.819 0.139
vn 0.557 0.819 0.139
vn 0.508 0.773 0.379
vn 0.508 0.773 0.379
vn 0.508 0.773 0.379
vn 0.508 0.773 0.379
vn 0.606 0.639 0.473
vn 0.606 0.639 0.473
vn 0.606 0.639 0.473
vn 0.606 0.639 0.473
vn 0.461 0.833 0.306
vn 0.461 0.833 0.306
vn 0.461 0.833 0.306
vn 0.461 0.833 0.306
vn 0.583 0.790 0.190
vn 0.583 0.790 0.190
vn 0.583 0.790 0.190
vn 0.583 0.790 0.190
vn 0.374 -0.251 0.893
vn 0.374 -0.251 0.893
vn 0.374 -0.251 0.893
vn 0.374 -0.251 0.893
vn 0.508 -0.184 0.841
vn 0.508 -0.184 0.841
vn 0.508 -0.184 0.841
vn 0.508 -0.184 0.841
vn 0.489 -0.482 0.727
vn 0.489 -0.482 0.727
vn 0.489 -0.482 0.727
vn 0.489 -0.482 0.727
vn 0.276 -0.220 0.936
vn 0.276 -0.220 0.936
vn 0.276 -0.220 0.936
vn 0.276 -0.220 0.936
vn 0.429 -0.228 0.874
vn 0.429 -0.228 0.874
vn 0.429 -0.228 0.874
vn 0.429 -0.228 0.874
vn 0.389 -0.072 0.919
vn 0.389 -0.072 0.919
vn 0.389 -0.072 0.919
vn 0.389 -0.072 0.919
vn 0.277 -0.042 0.960
vn 0.277 -0.042 0.960
vn 0.277 -0.042 0.960
vn 0.277 -0.042 0.960
vn 0.444 -0.409 0.797
vn 0.444 -0.409 0.797
vn 0.444 -0.409 0.797
vn 0.444 -0.409 0.797
vn 0.238 -0.641 0.730
vn 0.238 -0.641 0.730
vn 0.238 -0.641 0.730
vn 0.238 -0.641 0.730
vn 0.418 -0.388 0.822
vn 0.418 -0.388 0.822
vn 0.418 -0.388 0.822
vn 0.418 -0.388 0.822
vn 0.656 -0.171 0.735
vn 0.656 -0.171 0.735
vn 0.656 -0.171 0.735
vn 0.656 -0.171 0.735
vn 0.559 0.048 0.828
vn 0.559 0.048 0.828
vn 0.559 0.048 0.828
vn 0.559 0.048 0.828
vn 0.381 0.099 0.919
vn 0.381 0.099 0.919
vn 0.381 0.099 0.919
vn 0.381 0.099 0.919
vn 0.563 0.258 0.785
vn 0.563 0.258 0.785
vn 0.563 0.258 0.785
vn 0.563 0.258 0.785
vn 0.516 0.012 0.856
vn 0.516 0.012 0.856
vn 0.516 0.012 0.856
vn 0.516 0.012 0.856
vn -0.491 -0.528 0.693
vn -0.491 -0.528 0.693
vn -0.491 -0.528 0.693
vn -0.491 -0.528 0.693
vn -0.378 -0.256 0.890
vn -0.378 -0.256 0.890
vn -0.378 -0.256 0.890
vn -0.378 -0.256 0.890
vn -0.160 -0.641 0.751
vn -0.160 -0.641 0.751
vn -0.160 -0.641 0.751
vn -0.160 -0.641 0.751
vn -0.059 -0.962 0.266
vn -0.059 -0.962 0.266
vn -0.059 -0.962 0.266
vn -0.059 -0.962 0.266
vn -0.361 -0.513 0.779
vn -0.361 -0.513 0.779
vn -0.361 -0.513 0.779
vn -0.361 -0.513 0.779
vn 0.975 -0.146 0.165
vn 0.975 -0.146 0.165
vn 0.975 -0.146 0.165
vn 0.975 -0.146 0.165
vn 0.851 -0.050 0.523
vn 0.851 -0.050 0.523
vn 0.851 -0.050 0.523
vn 0.851 -0.050 0.523
vn 0.855 0.073 0.514
vn 0.855 0.073 0.514
vn 0.855 0.073 0.514
vn 0.855 0.073 0.514
vn 0.582 -0.674 0.455
vn 0.582 -0.674 0.455
vn 0.582 -0.674 0.455
vn 0.582 -0.674 0.455
vn 0.523 -0.756 0.393
vn 0.523 -0.756 0.393
vn 0.523 -0.756 0.393
vn 0.523 -0.756 0.393
vn 0.632 0.146 0.761
vn 0.632 0.146 0.761
vn 0.632 0.146 0.761
vn 0.632 0.146 0.761
vn 0.629 -0.044 0.777
vn 0.629 -0.044 0.777
vn 0.629 -0.044 0.777
vn 0.629 -0.044 0.777
vn 0.592 -0.265 0.761
vn 0.592 -0.265 0.761
vn 0.592 -0.265 0.761
vn 0.592 -0.265 0.761
vn 0.565 0.029 0.825
vn 0.565 0.029 0.825
vn 0.565 0.029 0.825
vn 0.565 0.029 0.825
vn 0.714 0.673 -0.192
vn 0.714 0.673 -0.192
vn 0.714 0.673 -0.192
vn 0.714 0.673 -0.192
vn 0.870 0.440 0.222
vn 0.870 0.440 0.222
vn 0.870 0.440 0.222
vn 0.870 0.440 0.222
vn 0.816 -0.127 0.565
vn 0.816 -0.127 0.565
vn 0.816 -0.127 0.565
vn 0.816 -0.127 0.565
vn 0.868 0.044 0.495
vn 0.868 0.044 0.495
vn 0.868 0.044 0.495
vn 0.868 0.044 0.495
vn 0.574 0.042 0.818
vn 0.574 0.042 0.818
vn 0.574 0.042 0.818
vn 0.574 0.042 0.818
vn 0.744 0.361 0.563
vn 0.744 0.361 0.563
vn 0.744 0.361 0.563
vn 0.744 0.361 0.563
vn 0.804 0.163 0.572
vn 0.804 0.163 0.572
vn 0.804 0.163 0.572
vn 0.804 0.163 0.572
vn 0.839 -0.213 0.500
vn 0.839 -0.213 0.500
vn 0.839 -0.213 0.500
vn 0.839 -0.213 0.500
vn 0.932 0.268 0.244
vn 0.932 0.268 0.244
vn 0.932 0.268 0.244
vn 0.932 0.268 0.244
vn 0.864 0.428 0.267
vn 0.864 0.428 0.267
vn 0.864 0.428 0.267
vn 0.864 0.428 0.267
vn 0.863 0.375 0.337
vn 0.863 0.375 0.337
vn 0.863 0.375 0.337
vn 0.863 0.375 0.337
vn 0.784 0.398 0.476
vn 0.784 0.398 0.476
vn 0.784 0.398 0.476
vn 0.784 0.398 0.476
vn 0.929 0.331 0.164
vn 0.929 0.331 0.164
vn 0.929 0.331 0.164
vn 0.929 0.331 0.164
vn 0.446 -0.794 0.414
vn 0.446 -0.794 0.414
vn 0.446 -0.794 0.414
vn 0.446 -0.794 0.414
vn 0.930 -0.154 0.335
vn 0.930 -0.154 0.335
vn 0.930 -0.154 0.335
vn 0.930 -0.154 0.335
vn 0.847 -0.152 -0.510
vn 0.847 -0.152 -0.510
vn 0.847 -0.152 -0.510
vn 0.847 -0.152 -0.510
vn 0.428 -0.818 0.386
vn 0.428 -0.818 0.386
vn 0.428 -0.818 0.386
vn 0.428 -0.818 0.386
vn 0.679 -0.712 0.181
vn 0.679 -0.712 0.181
vn 0.679 -0.712 0.181
vn 0.679 -0.712 0.181
vn 0.604 0.237 -0.761
vn 0.604 0.237 -0.761
vn 0.604 0.237 -0.761
vn 0.604 0.237 -0.761
vn 0.852 0.162 -0.498
vn 0.852 0.162 -0.498
vn 0.852 0.162 -0.498
vn 0.852 0.162 -0.498
vn 0.777 -0.420 -0.470
vn 0.777 -0.420 -0.470
vn 0.777 -0.420 -0.470
vn 0.777 -0.420 -0.470
vn 0.029 -0.987 0.157
vn 0.029 -0.987 0.157
vn 0.029 -0.987 0.157
vn 0.029 -0.987 0.157
vn 0.786 -0.607 -0.120
vn 0.786 -0.607 -0.120
vn 0.786 -0.607 -0.120
vn 0.786 -0.607 -0.120
vn 0.256 0.893 0.371
vn 0.256 0.893 0.371
vn 0.256 0.893 0.371
vn 0.256 0.893 0.371
vn 0.232 0.827 0.512
vn 0.232 0.827 0.512
vn 0.232 0.827 0.512
vn 0.232 0.827 0.512
vn 0.066 0.781 0.621
vn 0.066 0.781 0.621
vn 0.066 0.781 0.621
vn 0.066 0.781 0.621
vn 0.134 0.892 0.433
vn 0.134 0.892 0.433
vn 0.134 0.892 0.433
vn 0.134 0.892 0.433
vn 0.193 0.853 0.485
vn 0.193 0.853 0.485
vn 0.193 0.853 0.485
vn 0.193 0.853 0.485
vn 0.068 0.968 0.240
vn 0.068 0.968 0.240
vn 0.068 0.968 0.240
vn 0.068 0.968 0.240
vn 0.152 0.878 0.453
vn 0.152 0.878 0.453
vn 0.152 0.878 0.453
vn 0.152 0.878 0.453
vn 0.027 0.952 0.305
vn 0.027 0.952 0.305
vn 0.027 0.952 0.305
vn 0.027 0.952 0.305
vn -0.126 0.870 0.477
vn -0.126 0.870 0.477
vn -0.126 0.870 0.477
vn -0.126 0.870 0.477
vn -0.162 0.812 0.561
vn -0.162 0.812 0.561
vn -0.162 0.812 0.561
vn -0.162 0.812 0.561
vn -0.157 0.840 0.520
vn -0.157 0.840 0.520
vn -0.157 0.840 0.520
vn -0.157 0.840 0.520
vn -0.155 0.929 0.335
vn -0.155 0.929 0.335
vn -0.155 0.929 0.335
vn -0.155 0.929 0.335
vn -0.194 0.942 0.275
vn -0.194 0.942 0.275
vn -0.194 0.942 0.275
vn -0.194 0.942 0.275
vn -0.169 0.951 0.257
vn -0.169 0.951 0.257
vn -0.169 0.951 0.257
vn -0.169 0.951 0.257
vn -0.187 0.958 0.216
vn -0.187 0.958 0.216
vn -0.187 0.958 0.216
vn -0.187 0.958 0.216
vn -0.314 0.949 0.006
vn -0.314 0.949 0.006
vn -0.314 0.949 0.006
vn -0.314 0.949 0.006
vn -0.142 0.976 0.164
vn -0.142 0.976 0.164
vn -0.142 0.976 0.164
vn -0.142 0.976 0.164
vn -0.235 0.965 0.113
vn -0.235 0.965 0.113
vn -0.235 0.965 0.113
vn -0.235 0.965 0.113
vn 0.067 0.950 0.305
vn 0.067 0.950 0.305
vn 0.067 0.950 0.305
vn 0.067 0.950 0.305
vn 0.069 0.915 0.397
vn 0.069 0.915 0.397
vn 0.069 0.915 0.397
vn 0.069 0.915 0.397
vn 0.005 0.962 0.275
vn 0.005 0.962 0.275
vn 0.005 0.962 0.275
vn 0.005 0.962 0.275
vn -0.060 0.940 0.336
vn -0.060 0.940 0.336
vn -0.060 0.940 0.336
vn -0.060 0.940 0.336
vn -0.050 0.933 0.356
vn -0.050 0.933 0.356
vn -0.050 0.933 0.356
vn -0.050 0.933 0.356
vn -0.141 0.965 0.222
vn -0.141 0.965 0.222
vn -0.141 0.965 0.222
vn -0.141 0.965 0.222
vn 0.687 -0.068 -0.723
vn 0.687 -0.068 -0.723
vn 0.687 -0.068 -0.723
vn 0.687 -0.068 -0.723
vn 0.580 -0.238 -0.779
vn 0.580 -0.238 -0.779
vn 0.580 -0.238 -0.779
vn 0.580 -0.238 -0.779
vn 0.606 -0.398 -0.689
vn 0.606 -0.398 -0.689
vn 0.606 -0.398 -0.689
vn 0.606 -0.398 -0.689
vn 0.661 -0.273 -0.699
vn 0.661 -0.273 -0.699
vn 0.661 -0.273 -0.699
vn 0.661 -0.273 -0.699
vn 0.693 -0.301 -0.656
vn 0.693 -0.301 -0.656
vn 0.693 -0.301 -0.656
vn 0.693 -0.301 -0.656
vn 0.593 -0.197 -0.781
vn 0.593 -0.197 -0.781
vn 0.593 -0.197 -0.781
vn 0.593 -0.197 -0.781
vn 0.625 0.200 -0.754
vn 0.625 0.200 -0.754
vn 0.625 0.200 -0.754
vn 0.625 0.200 -0.754
vn 0.560 0.230 -0.796
vn 0.560 0.230 -0.796
vn 0.560 0.230 -0.796
vn 0.560 0.230 -0.796
vn 0.637 0.068 -0.768
vn 0.637 0.068 -0.768
vn 0.637 0.068 -0.768
vn 0.637 0.068 -0.768
vn 0.591 0.060 -0.804
vn 0.591 0.060 -0.804
vn 0.591 0.060 -0.804
vn 0.591 0.060 -0.804
vn 0.627 0.074 -0.776
vn 0.627 0.074 -0.776
vn 0.627 0.074 -0.776
vn 0.627 0.074 -0.776
vn 0.840 0.033 -0.542
vn 0.840 0.033 -0.542
vn 0.840 0.033 -0.542
vn 0.840 0.033 -0.542
vn 0.732 0.010 -0.681
vn 0.732 0.010 -0.681
vn 0.732 0.010 -0.681
vn 0.732 0.010 -0.681
vn 0.870 0.112 -0.480
vn 0.870 0.112 -0.480
vn 0.870 0.112 -0.480
vn 0.870 0.112 -0.480
vn 0.831 0.063 -0.552
vn 0.831 0.063 -0.552
vn 0.831 0.063 -0.552
vn 0.831 0.063 -0.552
vn 0.804 -0.048 -0.593
vn 0.804 -0.048 -0.593
vn 0.804 -0.048 -0.593
vn 0.804 -0.048 -0.593
vn 0.795 0.047 -0.604
vn 0.795 0.047 -0.604
vn 0.795 0.047 -0.604
vn 0.795 0.047 -0.604
vn 0.853 0.152 -0.499
vn 0.853 0.152 -0.499
vn 0.853 0.152 -0.499
vn 0.853 0.152 -0.499
vn 0.835 0.366 -0.412
vn 0.835 0.366 -0.412
vn 0.835 0.366 -0.412
vn 0.835 0.366 -0.412
vn 0.838 0.397 -0.375
vn 0.838 0.397 -0.375
vn 0.838 0.397 -0.375
vn 0.838 0.397 -0.375
vn 0.837 0.347 -0.424
vn 0.837 0.347 -0.424
vn 0.837 0.347 -0.424
vn 0.837 0.347 -0.424
vn 0.808 -0.248 -0.535
vn 0.808 -0.248 -0.535
vn 0.808 -0.248 -0.535
vn 0.808 -0.248 -0.535
vn 0.586 -0.150 -0.796
vn 0.586 -0.150 -0.796
vn 0.586 -0.150 -0.796
vn 0.586 -0.150 -0.796
vn 0.552 -0.198 -0.810
vn 0.552 -0.198 -0.810
vn 0.552 -0.198 -0.810
vn 0.552 -0.198 -0.810
vn 0.651 -0.309 -0.694
vn 0.651 -0.309 -0.694
vn 0.651 -0.309 -0.694
vn 0.651 -0.309 -0.694
vn 0.235 -0.275 -0.933
vn 0.235 -0.275 -0.933
vn 0.235 -0.275 -0.933
vn 0.235 -0.275 -0.933
vn 0.376 -0.364 -0.852
vn 0.376 -0.364 -0.852
vn 0.376 -0.364 -0.852
vn 0.376 -0.364 -0.852
vn 0.200 -0.355 -0.913
vn 0.200 -0.355 -0.913
vn 0.200 -0.355 -0.913
vn 0.200 -0.355 -0.913
vn 0.276 -0.489 -0.827
vn 0.276 -0.489 -0.827
vn 0.276 -0.489 -0.827
vn 0.276 -0.489 -0.827
vn 0.271 -0.007 -0.962
vn 0.271 -0.007 -0.962
vn 0.271 -0.007 -0.962
vn 0.271 -0.007 -0.962
vn 0.347 -0.546 -0.763
vn 0.347 -0.546 -0.763
vn 0.347 -0.546 -0.763
vn 0.347 -0.546 -0.763
vn 0.290 -0.385 -0.876
vn 0.290 -0.385 -0.876
vn 0.290 -0.385 -0.876
vn 0.290 -0.385 -0.876
vn 0.844 0.012 -0.536
vn 0.844 0.012 -0.536
vn 0.844 0.012 -0.536
vn 0.844 0.012 -0.536
vn 0.941 -0.055 -0.335
vn 0.941 -0.055 -0.335
vn 0.941 -0.055 -0.335
vn 0.941 -0.055 -0.335
vn 0.761 -0.254 -0.597
vn 0.761 -0.254 -0.597
vn 0.761 -0.254 -0.597
vn 0.761 -0.254 -0.597
vn 0.872 -0.139 -0.470
vn 0.872 -0.139 -0.470
vn 0.872 -0.139 -0.470
vn 0.872 -0.139 -0.470
vn 0.760 -0.431 -0.487
vn 0.760 -0.431 -0.487
vn 0.760 -0.431 -0.487
vn 0.760 -0.431 -0.487
vn 0.864 -0.177 -0.472
vn 0.864 -0.177 -0.472
vn 0.864 -0.177 -0.472
vn 0.864 -0.177 -0.472
vn 0.879 -0.236 -0.414
vn 0.879 -0.236 -0.414
vn 0.879 -0.236 -0.414
vn 0.879 -0.236 -0.414
vn 0.804 -0.221 -0.551
vn 0.804 -0.221 -0.551
vn 0.804 -0.221 -0.551
vn 0.804 -0.221 -0.551
vn 0.670 -0.137 -0.730
vn 0.670 -0.137 -0.730
vn 0.670 -0.137 -0.730
vn 0.670 -0.137 -0.730
vn 0.714 0.048 -0.699
vn 0.714 0.048 -0.699
vn 0.714 0.048 -0.699
vn 0.714 0.048 -0.699
vn 0.622 -0.401 -0.672
vn 0.622 -0.401 -0.672
vn 0.622 -0.401 -0.672
vn 0.622 -0.401 -0.672
vn 0.676 -0.200 -0.709
vn 0.676 -0.200 -0.709
vn 0.676 -0.200 -0.709
vn 0.676 -0.200 -0.709
vn 0.576 -0.229 -0.785
vn 0.576 -0.229 -0.785
vn 0.576 -0.229 -0.785
vn 0.576 -0.229 -0.785
vn 0.399 -0.255 -0.881
vn 0.399 -0.255 -0.881
vn 0.399 -0.255 -0.881
vn 0.399 -0.255 -0.881
vn 0.483 -0.499 -0.719
vn 0.483 -0.499 -0.719
vn 0.483 -0.499 -0.719
vn 0.483 -0.499 -0.719
vn -0.073 0.958 0.276
vn -0.073 0.958 0.276
vn -0.073 0.958 0.276
vn -0.073 0.958 0.276
vn -0.215 0.711 0.669
vn -0.215 0.711 0.669
vn -0.215 0.711 0.669
vn -0.215 0.711 0.669
vn 0.174 0.963 0.207
vn 0.174 0.963 0.207
vn 0.174 0.963 0.207
vn 0.174 0.963 0.207
vn -0.185 0.811 0.555
vn -0.185 0.811 0.555
vn -0.185 0.811 0.555
vn -0.185 0.811 0.555
vn -0.106 0.907 0.407
vn -0.106 0.907 0.407
vn -0.106 0.907 0.407
vn -0.106 0.907 0.407
vn -0.583 0.715 0.386
vn -0.583 0.715 0.386
vn -0.583 0.715 0.386
vn -0.583 0.715 0.386
vn -0.502 0.656 0.563
vn -0.502 0.656 0.563
vn -0.502 0.656 0.563
vn -0.502 0.656 0.563
vn -0.617 0.580 0.532
vn -0.617 0.580 0.532
vn -0.617 0.580 0.532
vn -0.617 0.580 0.532
vn -0.597 0.255 0.760
vn -0.597 0.255 0.760
vn -0.597 0.255 0.760
vn -0.597 0.255 0.760
vn -0.853 -0.033 0.521
vn -0.853 -0.033 0.521
vn -0.853 -0.033 0.521
vn -0.853 -0.033 0.521
vn -0.878 -0.263 0.400
vn -0.878 -0.263 0.400
vn -0.878 -0.263 0.400
vn -0.878 -0.263 0.400
vn -0.783 0.103 0.614
vn -0.783 0.103 0.614
vn -0.783 0.103 0.614
vn -0.783 0.103 0.614
vn -0.782 -0.396 0.481
vn -0.782 -0.396 0.481
vn -0.782 -0.396 0.481
vn -0.782 -0.396 0.481
vn -0.676 -0.674 0.298
vn -0.676 -0.674 0.298
vn -0.676 -0.674 0.298
vn -0.676 -0.674 0.298
vn 0.410 -0.091 0.907
vn 0.410 -0.091 0.907
vn 0.410 -0.091 0.907
vn 0.410 -0.091 0.907
vn 0.131 0.387 0.913
vn 0.131 0.387 0.913
vn 0.131 0.387 0.913
vn 0.131 0.387 0.913
vn -0.061 -0.532 0.844
vn -0.061 -0.532 0.844
vn -0.061 -0.532 0.844
vn -0.061 -0.532 0.844
vn -0.190 0.107 0.976
vn -0.190 0.107 0.976
vn -0.190 0.107 0.976
vn -0.190 0.107 0.976
vn -0.101 0.253 0.962
vn -0.101 0.253 0.962
vn -0.101 0.253 0.962
vn -0.101 0.253 0.962
vn -0.285 -0.175 0.942
vn -0.285 -0.175 0.942
vn -0.285 -0.175 0.942
vn -0.285 -0.175 0.942
vn -0.566 -0.227 0.793
vn -0.566 -0.227 0.793
vn -0.566 -0.227 0.793
vn -0.566 -0.227 0.793
vn -0.655 -0.392 0.646
vn -0.655 -0.392 0.646
vn -0.655 -0.392 0.646
vn -0.655 -0.392 0.646
vn -0.783 -0.202 0.588
vn -0.783 -0.202 0.588
vn -0.783 -0.202 0.588
vn -0.783 -0.202 0.588
vn -0.736 -0.294 0.609
vn -0.736 -0.294 0.609
vn -0.736 -0.294 0.609
vn -0.736 -0.294 0.609
vn -0.300 0.857 0.420
vn -0.300 0.857 0.420
vn -0.300 0.857 0.420
vn -0.300 0.857 0.420
vn -0.335 0.819 0.466
vn -0.335 0.819 0.466
vn -0.335 0.819 0.466
vn -0.335 0.819 0.466
vn -0.465 0.623 0.629
vn -0.465 0.623 0.629
vn -0.465 0.623 0.629
vn -0.465 0.623 0.629
vn -0.921 -0.028 0.389
vn -0.921 -0.028 0.389
vn -0.921 -0.028 0.389
vn -0.921 -0.028 0.389
vn -0.937 -0.018 0.349
vn -0.937 -0.018 0.349
vn -0.937 -0.018 0.349
vn -0.937 -0.018 0.349
vn -0.812 0.304 0.498
vn -0.812 0.304 0.498
vn -0.812 0.304 0.498
vn -0.812 0.304 0.498
vn -0.959 -0.261 0.107
vn -0.959 -0.261 0.107
vn -0.959 -0.261 0.107
vn -0.959 -0.261 0.107
vn -0.967 0.168 0.193
vn -0.967 0.168 0.193
vn -0.967 0.168 0.193
vn -0.967 0.168 0.193
vn -0.968 -0.111 0.227
vn -0.968 -0.111 0.227
vn -0.968 -0.111 0.227
vn -0.968 -0.111 0.227
vn -0.998 0.028 -0.054
vn -0.998 0.028 -0.054
vn -0.998 0.028 -0.054
vn -0.998 0.028 -0.054
vn -0.997 0.043 0.060
vn -0.997 0.043 0.060
vn -0.997 0.043 0.060
vn -0.997 0.043 0.060
vn -0.952 0.241 -0.189
vn -0.952 0.241 -0.189
vn -0.952 0.241 -0.189
vn -0.952 0.241 -0.189
vn -0.997 -0.037 -0.064
vn -0.997 -0.037 -0.064
vn -0.997 -0.037 -0.064
vn -0.997 -0.037 -0.064
vn -0.974 -0.217 -0.069
vn -0.974 -0.217 -0.069
vn -0.974 -0.217 -0.069
vn -0.974 -0.217 -0.069
vn -0.956 0.060 -0.289
vn -0.956 0.060 -0.289
vn -0.956 0.060 -0.289
vn -0.956 0.060 -0.289
vn -0.987 0.077 -0.141
vn -0.987 0.077 -0.141
vn -0.987 0.077 -0.141
vn -0.987 0.077 -0.141
vn -0.902 0.423 0.084
vn -0.902 0.423 0.084
vn -0.902 0.423 0.084
vn -0.902 0.423 0.084
vn -0.940 0.324 0.104
vn -0.940 0.324 0.104
vn -0.940 0.324 0.104
vn -0.940 0.324 0.104
vn -0.946 0.323 -0.028
vn -0.946 0.323 -0.028
vn -0.946 0.323 -0.028
vn -0.946 0.323 -0.028
vn -0.984 0.131 -0.119
vn -0.984 0.131 -0.119
vn -0.984 0.131 -0.119
vn -0.984 0.131 -0.119
vn -0.847 -0.421 -0.325
vn -0.847 -0.421 -0.325
vn -0.847 -0.421 -0.325
vn -0.847 -0.421 -0.325
vn -0.990 -0.023 0.138
vn -0.990 -0.023 0.138
vn -0.990 -0.023 0.138
vn -0.990 -0.023 0.138
vn -0.946 -0.322 -0.022
vn -0.946 -0.322 -0.022
vn -0.946 -0.322 -0.022
vn -0.946 -0.322 -0.022
vn -0.982 -0.088 -0.168
vn -0.982 -0.088 -0.168
vn -0.982 -0.088 -0.168
vn -0.982 -0.088 -0.168
vn -0.951 0.040 0.307
vn -0.951 0.040 0.307
vn -0.951 0.040 0.307
vn -0.951 0.040 0.307
vn -0.877 -0.202 0.436
vn -0.877 -0.202 0.436
vn -0.877 -0.202 0.436
vn -0.877 -0.202 0.436
vn -0.898 -0.253 0.359
vn -0.898 -0.253 0.359
vn -0.898 -0.253 0.359
vn -0.898 -0.253 0.359
vn -0.899 -0.234 0.369
vn -0.899 -0.234 0.369
vn -0.899 -0.234 0.369
vn -0.899 -0.234 0.369
vn -0.914 0.186 0.360
vn -0.914 0.186 0.360
vn -0.914 0.186 0.360
vn -0.914 0.186 0.360
vn -0.974 -0.227 0.010
vn -0.974 -0.227 0.010
vn -0.974 -0.227 0.010
vn -0.974 -0.227 0.010
vn -0.987 0.001 0.159
vn -0.987 0.001 0.159
vn -0.987 0.001 0.159
vn -0.987 0.001 0.159
vn -0.371 0.797 0.477
vn -0.371 0.797 0.477
vn -0.371 0.797 0.477
vn -0.371 0.797 0.477
vn -0.594 0.740 0.315
vn -0.594 0.740 0.315
vn -0.594 0.740 0.315
vn -0.594 0.740 0.315
vn -0.583 0.772 0.253
vn -0.583 0.772 0.253
vn -0.583 0.772 0.253
vn -0.583 0.772 0.253
vn -0.545 0.668 0.507
vn -0.545 0.668 0.507
vn -0.545 0.668 0.507
vn -0.545 0.668 0.507
vn -0.483 0.769 0.419
vn -0.483 0.769 0.419
vn -0.483 0.769 0.419
vn -0.483 0.769 0.419
vn -0.494 0.806 0.327
vn -0.494 0.806 0.327
vn -0.494 0.806 0.327
vn -0.494 0.806 0.327
vn -0.352 0.920 0.169
vn -0.352 0.920 0.169
vn -0.352 0.920 0.169
vn -0.352 0.920 0.169
vn -0.483 0.871 0.090
vn -0.483 0.871 0.090
vn -0.483 0.871 0.090
vn -0.483 0.871 0.090
vn -0.276 0.947 0.165
vn -0.276 0.947 0.165
vn -0.276 0.947 0.165
vn -0.276 0.947 0.165
vn -0.381 0.919 0.105
vn -0.381 0.919 0.105
vn -0.381 0.919 0.105
vn -0.381 0.919 0.105
vn -0.398 0.914 0.077
vn -0.398 0.914 0.077
vn -0.398 0.914 0.077
vn -0.398 0.914 0.077
vn -0.378 0.893 -0.243
vn -0.378 0.893 -0.243
vn -0.378 0.893 -0.243
vn -0.378 0.893 -0.243
vn -0.487 0.850 -0.200
vn -0.487 0.850 -0.200
vn -0.487 0.850 -0.200
vn -0.487 0.850 -0.200
vn -0.475 0.854 -0.213
vn -0.475 0.854 -0.213
vn -0.475 0.854 -0.213
vn -0.475 0.854 -0.213
vn -0.356 0.935 0.002
vn -0.356 0.935 0.002
vn -0.356 0.935 0.002
vn -0.356 0.935 0.002
vn -0.410 0.909 -0.074
vn -0.410 0.909 -0.074
vn -0.410 0.909 -0.074
vn -0.410 0.909 -0.074
vn -0.530 0.844 -0.088
vn -0.530 0.844 -0.088
vn -0.530 0.844 -0.088
vn -0.530 0.844 -0.088
vn -0.357 0.918 0.173
vn -0.357 0.918 0.173
vn -0.357 0.918 0.173
vn -0.357 0.918 0.173
vn -0.404 0.866 0.293
vn -0.404 0.866 0.293
vn -0.404 0.866 0.293
vn -0.404 0.866 0.293
vn -0.626 0.717 -0.308
vn -0.626 0.717 -0.308
vn -0.626 0.717 -0.308
vn -0.626 0.717 -0.308
vn -0.985 0.112 -0.134
vn -0.985 0.112 -0.134
vn -0.985 0.112 -0.134
vn -0.985 0.112 -0.134
vn -0.569 0.822 0.006
vn -0.569 0.822 0.006
vn -0.569 0.822 0.006
vn -0.569 0.822 0.006
vn -0.637 0.771 0.005
vn -0.637 0.771 0.005
vn -0.637 0.771 0.005
vn -0.637 0.771 0.005
vn -0.425 0.902 0.077
vn -0.425 0.902 0.077
vn -0.425 0.902 0.077
vn -0.425 0.902 0.077
vn -0.608 0.785 0.118
vn -0.608 0.785 0.118
vn -0.608 0.785 0.118
vn -0.608 0.785 0.118
vn -0.753 0.657 0.026
vn -0.753 0.657 0.026
vn -0.753 0.657 0.026
vn -0.753 0.657 0.026
vn -0.046 0.955 -0.294
vn -0.046 0.955 -0.294
vn -0.046 0.955 -0.294
vn -0.046 0.955 -0.294
vn 0.281 0.870 -0.404
vn 0.281 0.870 -0.404
vn 0.281 0.870 -0.404
vn 0.281 0.870 -0.404
vn 0.146 0.933 -0.329
vn 0.146 0.933 -0.329
vn 0.146 0.933 -0.329
vn 0.146 0.933 -0.329
vn 0.144 0.892 -0.428
vn 0.144 0.892 -0.428
vn 0.144 0.892 -0.428
vn 0.144 0.892 -0.428
vn -0.403 0.882 0.244
vn -0.403 0.882 0.244
vn -0.403 0.882 0.244
vn -0.403 0.882 0.244
vn -0.378 0.849 0.369
vn -0.378 0.849 0.369
vn -0.378 0.849 0.369
vn -0.378 0.849 0.369
vn -0.409 0.868 0.282
vn -0.409 0.868 0.282
vn -0.409 0.868 0.282
vn -0.409 0.868 0.282
vn -0.354 0.883 0.307
vn -0.354 0.883 0.307
vn -0.354 0.883 0.307
vn -0.354 0.883 0.307
vn -0.096 0.995 -0.005
vn -0.096 0.995 -0.005
vn -0.096 0.995 -0.005
vn -0.096 0.995 -0.005
vn -0.497 0.868 -0.008
vn -0.497 0.868 -0.008
vn -0.497 0.868 -0.008
vn -0.497 0.868 -0.008
vn -0.292 0.949 -0.118
vn -0.292 0.949 -0.118
vn -0.292 0.949 -0.118
vn -0.292 0.949 -0.118
vn 0.276 0.856 -0.437
vn 0.276 0.856 -0.437
vn 0.276 0.856 -0.437
vn 0.276 0.856 -0.437
vn 0.213 0.930 -0.300
vn 0.213 0.930 -0.300
vn 0.213 0.930 -0.300
vn 0.213 0.930 -0.300
vn 0.140 0.892 -0.430
vn 0.140 0.892 -0.430
vn 0.140 0.892 -0.430
vn 0.140 0.892 -0.430
vn 0.147 0.936 -0.319
vn 0.147 0.936 -0.319
vn 0.147 0.936 -0.319
vn 0.147 0.936 -0.319
vn 0.173 0.920 -0.352
vn 0.173 0.920 -0.352
vn 0.173 0.920 -0.352
vn 0.173 0.920 -0.352
vn 0.121 0.925 -0.361
vn 0.121 0.925 -0.361
vn 0.121 0.925 -0.361
vn 0.121 0.925 -0.361
vn 0.459 0.798 -0.391
vn 0.459 0.798 -0.391
vn 0.459 0.798 -0.391
vn 0.459 0.798 -0.391
vn 0.494 0.814 -0.306
vn 0.494 0.814 -0.306
vn 0.494 0.814 -0.306
vn 0.494 0.814 -0.306
vn 0.432 0.816 -0.385
vn 0.432 0.816 -0.385
vn 0.432 0.816 -0.385
vn 0.432 0.816 -0.385
vn 0.178 0.741 -0.648
vn 0.178 0.741 -0.648
vn 0.178 0.741 -0.648
vn 0.178 0.741 -0.648
vn 0.275 0.713 -0.645
vn 0.275 0.713 -0.645
vn 0.275 0.713 -0.645
vn 0.275 0.713 -0.645
vn 0.435 0.848 -0.303
vn 0.435 0.848 -0.303
vn 0.435 0.848 -0.303
vn 0.435 0.848 -0.303
vn 0.346 0.857 -0.382
vn 0.346 0.857 -0.382
vn 0.346 0.857 -0.382
vn 0.346 0.857 -0.382
vn 0.399 0.851 -0.341
vn 0.399 0.851 -0.341
vn 0.399 0.851 -0.341
vn 0.399 0.851 -0.341
vn 0.465 0.839 -0.283
vn 0.465 0.839 -0.283
vn 0.465 0.839 -0.283
vn 0.465 0.839 -0.283
vn 0.345 0.895 -0.282
vn 0.345 0.895 -0.282
vn 0.345 0.895 -0.282
vn 0.345 0.895 -0.282
vn 0.452 0.879 -0.154
vn 0.452 0.879 -0.154
vn 0.452 0.879 -0.154
vn 0.452 0.879 -0.154
vn 0.376 0.883 -0.281
vn 0.376 0.883 -0.281
vn 0.376 0.883 -0.281
vn 0.376 0.883 -0.281
vn 0.080 0.886 -0.456
vn 0.080 0.886 -0.456
vn 0.080 0.886 -0.456
vn 0.080 0.886 -0.456
vn 0.249 0.875 -0.414
vn 0.249 0.875 -0.414
vn 0.249 0.875 -0.414
vn 0.249 0.875 -0.414
vn 0.060 0.871 -0.488
vn 0.060 0.871 -0.488
vn 0.060 0.871 -0.488
vn 0.060 0.871 -0.488
vn 0.105 0.831 -0.546
vn 0.105 0.831 -0.546
vn 0.105 0.831 -0.546
vn 0.105 0.831 -0.546
vn 0.086 0.733 0.675
vn 0.086 0.733 0.675
vn 0.086 0.733 0.675
vn 0.086 0.733 0.675
vn 0.271 0.049 0.961
vn 0.271 0.049 0.961
vn 0.271 0.049 0.961
vn 0.271 0.049 0.961
vn -0.050 0.621 0.782
vn -0.050 0.621 0.782
vn -0.050 0.621 0.782
vn -0.050 0.621 0.782
vn -0.323 0.303 0.896
vn -0.323 0.303 0.896
vn -0.323 0.303 0.896
vn -0.323 0.303 0.896
vn 0.012 0.272 0.962
vn 0.012 0.272 0.962
vn 0.012 0.272 0.962
vn 0.012 0.272 0.962
vn -0.260 0.914 0.312
vn -0.260 0.914 0.312
vn -0.260 0.914 0.312
vn -0.260 0.914 0.312
vn -0.561 0.718 0.411
vn -0.561 0.718 0.411
vn -0.561 0.718 0.411
vn -0.561 0.718 0.411
vn -0.375 0.918 0.126
vn -0.375 0.918 0.126
vn -0.375 0.918 0.126
vn -0.375 0.918 0.126
vn -0.297 0.931 0.214
vn -0.297 0.931 0.214
vn -0.297 0.931 0.214
vn -0.297 0.931 0.214
vn -0.179 0.970 -0.166
vn -0.179 0.970 -0.166
vn -0.179 0.970 -0.166
vn -0.179 0.970 -0.166
vn -0.163 0.983 -0.081
vn -0.163 0.983 -0.081
vn -0.163 0.983 -0.081
vn -0.163 0.983 -0.081
vn -0.063 0.940 0.336
vn -0.063 0.940 0.336
vn -0.063 0.940 0.336
vn -0.063 0.940 0.336
vn -0.215 0.967 0.139
vn -0.215 0.967 0.139
vn -0.215 0.967 0.139
vn -0.215 0.967 0.139
vn 0.002 1.000 0.019
vn 0.002 1.000 0.019
vn 0.002 1.000 0.019
vn 0.002 1.000 0.019
vn 0.021 0.997 -0.079
vn 0.021 0.997 -0.079
vn 0.021 0.997 -0.079
vn 0.021 0.997 -0.079
vn -0.069 0.996 -0.059
vn -0.069 0.996 -0.059
vn -0.069 0.996 -0.059
vn -0.069 0.996 -0.059
vn -0.257 0.962 -0.093
vn -0.257 0.962 -0.093
vn -0.257 0.962 -0.093
vn -0.257 0.962 -0.093
vn -0.295 0.946 -0.135
vn -0.295 0.946 -0.135
vn -0.295 0.946 -0.135
vn -0.295 0.946 -0.135
vn -0.154 0.966 -0.209
vn -0.154 0.966 -0.209
vn -0.154 0.966 -0.209
vn -0.154 0.966 -0.209
vn 0.778 0.441 0.448
vn 0.778 0.441 0.448
vn 0.778 0.441 0.448
vn 0.778 0.441 0.448
vn 0.798 -0.523 0.299
vn 0.798 -0.523 0.299
vn 0.798 -0.523 0.299
vn 0.798 -0.523 0.299
vn -0.123 0.549 0.827
vn -0.123 0.549 0.827
vn -0.123 0.549 0.827
vn -0.123 0.549 0.827
vn 0.417 -0.825 0.381
vn 0.417 -0.825 0.381
vn 0.417 -0.825 0.381
vn 0.417 -0.825 0.381
vn 0.283 0.909 0.307
vn 0.283 0.909 0.307
vn 0.283 0.909 0.307
vn 0.283 0.909 0.307
vn 0.433 0.839 0.329
vn 0.433 0.839 0.329
vn 0.433 0.839 0.329
vn 0.433 0.839 0.329
vn 0.286 0.901 0.326
vn 0.286 0.901 0.326
vn 0.286 0.901 0.326
vn 0.286 0.901 0.326
vn 0.174 0.938 0.300
vn 0.174 0.938 0.300
vn 0.174 0.938 0.300
vn 0.174 0.938 0.300
vn 0.408 0.888 0.212
vn 0.408 0.888 0.212
vn 0.408 0.888 0.212
vn 0.408 0.888 0.212
vn 0.689 -0.503 0.522
vn 0.689 -0.503 0.522
vn 0.689 -0.503 0.522
vn 0.689 -0.503 0.522
vn 0.732 -0.123 0.670
vn 0.732 -0.123 0.670
vn 0.732 -0.123 0.670
vn 0.732 -0.123 0.670
vn 0.227 -0.147 0.963
vn 0.227 -0.147 0.963
vn 0.227 -0.147 0.963
vn 0.227 -0.147 0.963
f 3708/3708/3708 3709/3709/3709 3710/3710/3710
f 3708/3708/3708 3710/3710/3710 3711/3711/3711
f 3712/3712/3712 3713/3713/3713 3714/3714/3714
f 3712/3712/3712 3714/3714/3714 3715/3715/3715
f 3716/3716/3716 3717/3717/3717 3718/3718/3718
f 3716/3716/3716 3718/3718/3718 3719/3719/3719
f 3720/3720/3720 3721/3721/3721 3722/3722/3722
f 3720/3720/3720 3722/3722/3722 3723/3723/3723
f 3724/3724/3724 3725/3725/3725 3726/3726/3726
f 3724/3724/3724 3726/3726/3726 3727/3727/3727
f 3728/3728/3728 3729/3729/3729 3730/3730/3730
f 3728/3728/3728 3730/3730/3730 3731/3731/3731
f 3732/3732/3732 3733/3733/3733 3734/3734/3734
f 3732/3732/3732 3734/3734/3734 3735/3735/3735
f 3736/3736/3736 3737/3737/3737 3738/3738/3738
f 3736/3736/3736 3738/3738/3738 3739/3739/3739
f 3740/3740/3740 3741/3741/3741 3742/3742/3742
f 3740/3740/3740 3742/3742/3742 3743/3743/3743
f 3744/3744/3744 3745/3745/3745 3746/3746/3746
f 3744/3744/3744 3746/3746/3746 3747/3747/3747
f 3748/3748/3748 3749/3749/3749 3750/3750/3750
f 3748/3748/3748 3750/3750/3750 3751/3751/3751
f 3752/3752/3752 3753/3753/3753 3754/3754/3754
f 3752/3752/3752 3754/3754/3754 3755/3755/3755
f 3756/3756/3756 3757/3757/3757 3758/3758/3758
f 3756/3756/3756 3758/3758/3758 3759/3759/3759
f 3760/3760/3760 3761/3761/3761 3762/3762/3762
f 3760/3760/3760 3762/3762/3762 3763/3763/3763
f 3764/3764/3764 3765/3765/3765 3766/3766/3766
f 3764/3764/3764 3766/3766/3766 3767/3767/3767
f 3768/3768/3768 3769/3769/3769 3770/3770/3770
f 3768/3768/3768 3770/3770/3770 3771/3771/3771
f 3772/3772/3772 3773/3773/3773 3774/3774/3774
f 3772/3772/3772 3774/3774/3774 3775/3775/3775
f 3776/3776/3776 3777/3777/3777 3778/3778/3778
f 3776/3776/3776 3778/3778/3778 3779/3779/3779
f 3780/3780/3780 3781/3781/3781 3782/3782/3782
f 3780/3780/3780 3782/3782/3782 3783/3783/3783
f 3784/3784/3784 3785/3785/3785 3786/3786/3786
f 3784/3784/3784 3786/3786/3786 3787/3787/3787
f 3788/3788/3788 3789/3789/3789 3790/3790/3790
f 3788/3788/3788 3790/3790/3790 3791/3791/3791
f 3792/3792/3792 3793/3793/3793 3794/3794/3794
f 3792/3792/3792 3794/3794/3794 3795/3795/3795
f 3796/3796/3796 3797/3797/3797 3798/3798/3798
f 3796/3796/3796 3798/3798/3798 3799/3799/3799
f 3800/3800/3800 3801/3801/3801 3802/3802/3802
f 3800/3800/3800 3802/3802/3802 3803/3803/3803
f 3804/3804/3804 3805/3805/3805 3806/3806/3806
f 3804/3804/3804 3806/3806/3806 3807/3807/3807
f 3808/3808/3808 3809/3809/3809 3810/3810/3810
f 3808/3808/3808 3810/3810/3810 3811/3811/3811
f 3812/3812/3812 3813/3813/3813 3814/3814/3814
f 3812/3812/3812 3814/3814/3814 3815/3815/3815
f 3816/3816/3816 3817/3817/3817 3818/3818/3818
f 3816/3816/3816 3818/3818/3818 3819/3819/3819
f 3820/3820/3820 3821/3821/3821 3822/3822/3822
f 3820/3820/3820 3822/3822/3822 3823/3823/3823
f 3824/3824/3824 3825/3825/3825 3826/3826/3826
f 3824/3824/3824 3826/3826/3826 3827/3827/3827
f 3828/3828/3828 3829/3829/3829 3830/3830/3830
f 3828/3828/3828 3830/3830/3830 3831/3831/3831
f 3832/3832/3832 3833/3833/3833 3834/3834/3834
f 3832/3832/3832 3834/3834/3834 3835/3835/3835
f 3836/3836/3836 3837/3837/3837 3838/3838/3838
f 3836/3836/3836 3838/3838/3838 3839/3839/3839
f 3840/3840/3840 3841/3841/3841 3842/3842/3842
f 3840/3840/3840 3842/3842/3842 3843/3843/3843
f 3844/3844/3844 3845/3845/3845 3846/3846/3846
f 3844/3844/3844 3846/3846/3846 3847/3847/3847
f 3848/3848/3848 3849/3849/3849 3850/3850/3850
f 3848/3848/3848 3850/3850/3850 3851/3851/3851
f 3852/3852/3852 3853/3853/3853 3854/3854/3854
f 3852/3852/3852 3854/3854/3854 3855/3855/3855
f 3856/3856/3856 3857/3857/3857 3858/3858/3858
f 3856/3856/3856 3858/3858/3858 3859/3859/3859
f 3860/3860/3860 3861/3861/3861 3862/3862/3862
f 3860/3860/3860 3862/3862/3862 3863/3863/3863
f 3864/3864/3864 3865/3865/3865 3866/3866/3866
f 3864/3864/3864 3866/3866/3866 3867/3867/3867
f 3868/3868/3868 3869/3869/3869 3870/3870/3870
f 3868/3868/3868 3870/3870/3870 3871/3871/3871
f 3872/3872/3872 3873/3873/3873 3874/3874/3874
f 3872/3872/3872 3874/3874/3874 3875/3875/3875
f 3876/3876/3876 3877/3877/3877 3878/3878/3878
f 3876/3876/3876 3878/3878/3878 3879/3879/3879
f 3880/3880/3880 3881/3881/3881 3882/3882/3882
f 3880/3880/3880 3882/3882/3882 3883/3883/3883
f 3884/3884/3884 3885/3885/3885 3886/3886/3886
f 3884/3884/3884 3886/3886/3886 3887/3887/3887
f 3888/3888/3888 3889/3889/3889 3890/3890/3890
f 3888/3888/3888 3890/3890/3890 3891/3891/3891
f 3892/3892/3892 3893/3893/3893 3894/3894/3894
f 3892/3892/3892 3894/3894/3894 3895/3895/3895
f 3896/3896/3896 3897/3897/3897 3898/3898/3898
f 3896/3896/3896 3898/3898/3898 3899/3899/3899
f 3900/3900/3900 3901/3901/3901 3902/3902/3902
f 3900/3900/3900 3902/3902/3902 3903/3903/3903
f 3904/3904/3904 3905/3905/3905 3906/3906/3906
f 3904/3904/3904 3906/3906/3906 3907/3907/3907
f 3908/3908/3908 3909/3909/3909 3910/3910/3910
f 3908/3908/3908 3910/3910/3910 3911/3911/3911
f 3912/3912/3912 3913/3913/3913 3914/3914/3914
f 3912/3912/3912 3914/3914/3914 3915/3915/3915
f 3916/3916/3916 3917/3917/3917 3918/3918/3918
f 3916/3916/3916 3918/3918/3918 3919/3919/3919
f 3920/3920/3920 3921/3921/3921 3922/3922/3922
f 3920/3920/3920 3922/3922/3922 3923/3923/3923
f 3924/3924/3924 3925/3925/3925 3926/3926/3926
f 3924/3924/3924 3926/3926/3926 3927/3927/3927
f 3928/3928/3928 3929/3929/3929 3930/3930/3930
f 3928/3928/3928 3930/3930/3930 3931/3931/3931
f 3932/3932/3932 3933/3933/3933 3934/3934/3934
f 3932/3932/3932 3934/3934/3934 3935/3935/3935
f 3936/3936/3936 3937/3937/3937 3938/3938/3938
f 3936/3936/3936 3938/3938/3938 3939/3939/3939
f 3940/3940/3940 3941/3941/3941 3942/3942/3942
f 3940/3940/3940 3942/3942/3942 3943/3943/3943
f 3944/3944/3944 3945/3945/3945 3946/3946/3946
f 3944/3944/3944 3946/3946/3946 3947/3947/3947
f 3948/3948/3948 3949/3949/3949 3950/3950/3950
f 3948/3948/3948 3950/3950/3950 3951/3951/3951
f 3952/3952/3952 3953/3953/3953 3954/3954/3954
f 3952/3952/3952 3954/3954/3954 3955/3955/3955
f 3956/3956/3956 3957/3957/3957 3958/3958/3958
f 3956/3956/3956 3958/3958/3958 3959/3959/3959
f 3960/3960/3960 3961/3961/3961 3962/3962/3962
f 3960/3960/3960 3962/3962/3962 3963/3963/3963
f 3964/3964/3964 3965/3965/3965 3966/3966/3966
f 3964/3964/3964 3966/3966/3966 3967/3967/3967
f 3968/3968/3968 3969/3969/3969 3970/3970/3970
f 3968/3968/3968 3970/3970/3970 3971/3971/3971
f 3972/3972/3972 3973/3973/3973 3974/3974/3974
f 3972/3972/3972 3974/3974/3974 3975/3975/3975
f 3976/3976/3976 3977/3977/3977 3978/3978/3978
f 3976/3976/3976 3978/3978/3978 3979/3979/3979
f 3980/3980/3980 3981/3981/3981 3982/3982/3982
f 3980/3980/3980 3982/3982/3982 3983/3983/3983
f 3984/3984/3984 3985/3985/3985 3986/3986/3986
f 3984/3984/3984 3986/3986/3986 3987/3987/3987
f 3988/3988/3988 3989/3989/3989 3990/3990/3990
f 3988/3988/3988 3990/3990/3990 3991/3991/3991
f 3992/3992/3992 3993/3993/3993 3994/3994/3994
f 3992/3992/3992 3994/3994/3994 3995/3995/3995
f 3996/3996/3996 3997/3997/3997 3998/3998/3998
f 3996/3996/3996 3998/3998/3998 3999/3999/3999
f 4000/4000/4000 4001/4001/4001 4002/4002/4002
f 4000/4000/4000 4002/4002/4002 4003/4003/4003
f 4004/4004/4004 4005/4005/4005 4006/4006/4006
f 4004/4004/4004 4006/4006/4006 4007/4007/4007
f 4008/4008/4008 4009/4009/4009 4010/4010/4010
f 4008/4008/4008 4010/4010/4010 4011/4011/4011
f 4012/4012/4012 4013/4013/4013 4014/4014/4014
f 4012/4012/4012 4014/4014/4014 4015/4015/4015
f 4016/4016/4016 4017/4017/4017 4018/4018/4018
f 4016/4016/4016 4018/4018/4018 4019/4019/4019
f 4020/4020/4020 4021/4021/4021 4022/4022/4022
f 4020/4020/4020 4022/4022/4022 4023/4023/4023
f 4024/4024/4024 4025/4025/4025 4026/4026/4026
f 4024/4024/4024 4026/4026/4026 4027/4027/4027
f 4028/4028/4028 4029/4029/4029 4030/4030/4030
f 4028/4028/4028 4030/4030/4030 4031/4031/4031
f 4032/4032/4032 4033/4033/4033 4034/4034/4034
f 4032/4032/4032 4034/4034/4034 4035/4035/4035
f 4036/4036/4036 4037/4037/4037 4038/4038/4038
f 4036/4036/4036 4038/4038/4038 4039/4039/4039
f 4040/4040/4040 4041/4041/4041 4042/4042/4042
f 4040/4040/4040 4042/4042/4042 4043/4043/4043
f 4044/4044/4044 4045/4045/4045 4046/4046/4046
f 4044/4044/4044 4046/4046/4046 4047/4047/4047
f 4048/4048/4048 4049/4049/4049 4050/4050/4050
f 4048/4048/4048 4050/4050/4050 4051/4051/4051
f 4052/4052/4052 4053/4053/4053 4054/4054/4054
f 4052/4052/4052 4054/4054/4054 4055/4055/4055
f 4056/4056/4056 4057/4057/4057 4058/4058/4058
f 4056/4056/4056 4058/4058/4058 4059/4059/4059
f 4060/4060/4060 4061/4061/4061 4062/4062/4062
f 4060/4060/4060 4062/4062/4062 4063/4063/4063
f 4064/4064/4064 4065/4065/4065 4066/4066/4066
f 4064/4064/4064 4066/4066/4066 4067/4067/4067
f 4068/4068/4068 4069/4069/4069 4070/4070/4070
f 4068/4068/4068 4070/4070/4070 4071/4071/4071
f 4072/4072/4072 4073/4073/4073 4074/4074/4074
f 4072/4072/4072 4074/4074/4074 4075/4075/4075
f 4076/4076/4076 4077/4077/4077 4078/4078/4078
f 4076/4076/4076 4078/4078/4078 4079/4079/4079
f 4080/4080/4080 4081/4081/4081 4082/4082/4082
f 4080/4080/4080 4082/4082/4082 4083/4083/4083
f 4084/4084/4084 4085/4085/4085 4086/4086/4086
f 4084/4084/4084 4086/4086/4086 4087/4087/4087
f 4088/4088/4088 4089/4089/4089 4090/4090/4090
f 4088/4088/4088 4090/4090/4090 4091/4091/4091
f 4092/4092/4092 4093/4093/4093 4094/4094/4094
f 4092/4092/4092 4094/4094/4094 4095/4095/4095
f 4096/4096/4096 4097/4097/4097 4098/4098/4098
f 4096/4096/4096 4098/4098/4098 4099/4099/4099
f 4100/4100/4100 4101/4101/4101 4102/4102/4102
f 4100/4100/4100 4102/4102/4102 4103/4103/4103
f 4104/4104/4104 4105/4105/4105 4106/4106/4106
f 4104/4104/4104 4106/4106/4106 4107/4107/4107
f 4108/4108/4108 4109/4109/4109 4110/4110/4110
f 4108/4108/4108 4110/4110/4110 4111/4111/4111
f 4112/4112/4112 4113/4113/4113 4114/4114/4114
f 4112/4112/4112 4114/4114/4114 4115/4115/4115
f 4116/4116/4116 4117/4117/4117 4118/4118/4118
f 4116/4116/4116 4118/4118/4118 4119/4119/4119
f 4120/4120/4120 4121/4121/4121 4122/4122/4122
f 4120/4120/4120 4122/4122/4122 4123/4123/4123
f 4124/4124/4124 4125/4125/4125 4126/4126/4126
f 4124/4124/4124 4126/4126/4126 4127/4127/4127
f 4128/4128/4128 4129/4129/4129 4130/4130/4130
f 4128/4128/4128 4130/4130/4130 4131/4131/4131
f 4132/4132/4132 4133/4133/4133 4134/4134/4134
f 4132/4132/4132 4134/4134/4134 4135/4135/4135
f 4136/4136/4136 4137/4137/4137 4138/4138/4138
f 4136/4136/4136 4138/4138/4138 4139/4139/4139
f 4140/4140/4140 4141/4141/4141 4142/4142/4142
f 4140/4140/4140 4142/4142/4142 4143/4143/4143
f 4144/4144/4144 4145/4145/4145 4146/4146/4146
f 4144/4144/4144 4146/4146/4146 4147/4147/4147
f 4148/4148/4148 4149/4149/4149 4150/4150/4150
f 4148/4148/4148 4150/4150/4150 4151/4151/4151
f 4152/4152/4152 4153/4153/4153 4154/4154/4154
f 4152/4152/4152 4154/4154/4154 4155/4155/4155
f 4156/4156/4156 4157/4157/4157 4158/4158/4158
f 4156/4156/4156 4158/4158/4158 4159/4159/4159
f 4160/4160/4160 4161/4161/4161 4162/4162/4162
f 4160/4160/4160 4162/4162/4162 4163/4163/4163
f 4164/4164/4164 4165/4165/4165 4166/4166/4166
f 4164/4164/4164 4166/4166/4166 4167/4167/4167
f 4168/4168/4168 4169/4169/4169 4170/4170/4170
f 4168/4168/4168 4170/4170/4170 4171/4171/4171
f 4172/4172/4172 4173/4173/4173 4174/4174/4174
f 4172/4172/4172 4174/4174/4174 4175/4175/4175
f 4176/4176/4176 4177/4177/4177 4178/4178/4178
f 4176/4176/4176 4178/4178/4178 4179/4179/4179
f 4180/4180/4180 4181/4181/4181 4182/4182/4182
f 4180/4180/4180 4182/4182/4182 4183/4183/4183
f 4184/4184/4184 4185/4185/4185 4186/4186/4186
f 4184/4184/4184 4186/4186/4186 4187/4187/4187
f 4188/4188/4188 4189/4189/4189 4190/4190/4190
f 4188/4188/4188 4190/4190/4190 4191/4191/4191
f 4192/4192/4192 4193/4193/4193 4194/4194/4194
f 4192/4192/4192 4194/4194/4194 4195/4195/4195
f 4196/4196/4196 4197/4197/4197 4198/4198/4198
f 4196/4196/4196 4198/4198/4198 4199/4199/4199
f 4200/4200/4200 4201/4201/4201 4202/4202/4202
f 4200/4200/4200 4202/4202/4202 4203/4203/4203
f 4204/4204/4204 4205/4205/4205 4206/4206/4206
f 4204/4204/4204 4206/4206/4206 4207/4207/4207
f 4208/4208/4208 4209/4209/4209 4210/4210/4210
f 4208/4208/4208 4210/4210/4210 4211/4211/4211
f 4212/4212/4212 4213/4213/4213 4214/4214/4214
f 4212/4212/4212 4214/4214/4214 4215/4215/4215
f 4216/4216/4216 4217/4217/4217 4218/4218/4218
f 4216/4216/4216 4218/4218/4218 4219/4219/4219
f 4220/4220/4220 4221/4221/4221 4222/4222/4222
f 4220/4220/4220 4222/4222/4222 4223/4223/4223
f 4224/4224/4224 4225/4225/4225 4226/4226/4226
f 4224/4224/4224 4226/4226/4226 4227/4227/4227
f 4228/4228/4228 4229/4229/4229 4230/4230/4230
f 4228/4228/4228 4230/4230/4230 4231/4231/4231
f 4232/4232/4232 4233/4233/4233 4234/4234/4234
f 4232/4232/4232 4234/4234/4234 4235/4235/4235
f 4236/4236/4236 4237/4237/4237 4238/4238/4238
f 4236/4236/4236 4238/4238/4238 4239/4239/4239
f 4240/4240/4240 4241/4241/4241 4242/4242/4242
f 4240/4240/4240 4242/4242/4242 4243/4243/4243
f 4244/4244/4244 4245/4245/4245 4246/4246/4246
f 4244/4244/4244 4246/4246/4246 4247/4247/4247
f 4248/4248/4248 4249/4249/4249 4250/4250/4250
f 4248/4248/4248 4250/4250/4250 4251/4251/4251
f 4252/4252/4252 4253/4253/4253 4254/4254/4254
f 4252/4252/4252 4254/4254/4254 4255/4255/4255
f 4256/4256/4256 4257/4257/4257 4258/4258/4258
f 4256/4256/4256 4258/4258/4258 4259/4259/4259
f 4260/4260/4260 4261/4261/4261 4262/4262/4262
f 4260/4260/4260 4262/4262/4262 4263/4263/4263
f 4264/4264/4264 4265/4265/4265 4266/4266/4266
f 4264/4264/4264 4266/4266/4266 4267/4267/4267
f 4268/4268/4268 4269/4269/4269 4270/4270/4270
f 4268/4268/4268 4270/4270/4270 4271/4271/4271
f 4272/4272/4272 4273/4273/4273 4274/4274/4274
f 4272/4272/4272 4274/4274/4274 4275/4275/4275
f 4276/4276/4276 4277/4277/4277 4278/4278/4278
f 4276/4276/4276 4278/4278/4278 4279/4279/4279
f 4280/4280/4280 4281/4281/4281 4282/4282/4282
f 4280/4280/4280 4282/4282/4282 4283/4283/4283
f 4284/4284/4284 4285/4285/4285 4286/4286/4286
f 4284/4284/4284 4286/4286/4286 4287/4287/4287
f 4288/4288/4288 4289/4289/4289 4290/4290/4290
f 4288/4288/4288 4290/4290/4290 4291/4291/4291
f 4292/4292/4292 4293/4293/4293 4294/4294/4294
f 4292/4292/4292 4294/4294/4294 4295/4295/4295
f 4296/4296/4296 4297/4297/4297 4298/4298/4298
f 4296/4296/4296 4298/4298/4298 4299/4299/4299
f 4300/4300/4300 4301/4301/4301 4302/4302/4302
f 4300/4300/4300 4302/4302/4302 4303/4303/4303
f 4304/4304/4304 4305/4305/4305 4306/4306/4306
f 4304/4304/4304 4306/4306/4306 4307/4307/4307
f 4308/4308/4308 4309/4309/4309 4310/4310/4310
f 4308/4308/4308 4310/4310/4310 4311/4311/4311
f 4312/4312/4312 4313/4313/4313 4314/4314/4314
f 4312/4312/4312 4314/4314/4314 4315/4315/4315
f 4316/4316/4316 4317/4317/4317 4318/4318/4318
f 4316/4316/4316 4318/4318/4318 4319/4319/4319
f 4320/4320/4320 4321/4321/4321 4322/4322/4322
f 4320/4320/4320 4322/4322/4322 4323/4323/4323
f 4324/4324/4324 4325/4325/4325 4326/4326/4326
f 4324/4324/4324 4326/4326/4326 4327/4327/4327
f 4328/4328/4328 4329/4329/4329 4330/4330/4330
f 4328/4328/4328 4330/4330/4330 4331/4331/4331
f 4332/4332/4332 4333/4333/4333 4334/4334/4334
f 4332/4332/4332 4334/4334/4334 4335/4335/4335
f 4336/4336/4336 4337/4337/4337 4338/4338/4338
f 4336/4336/4336 4338/4338/4338 4339/4339/4339
f 4340/4340/4340 4341/4341/4341 4342/4342/4342
f 4340/4340/4340 4342/4342/4342 4343/4343/4343
f 4344/4344/4344 4345/4345/4345 4346/4346/4346
f 4344/4344/4344 4346/4346/4346 4347/4347/4347
f 4348/4348/4348 4349/4349/4349 4350/4350/4350
f 4348/4348/4348 4350/4350/4350 4351/4351/4351
f 4352/4352/4352 4353/4353/4353 4354/4354/4354
f 4352/4352/4352 4354/4354/4354 4355/4355/4355
f 4356/4356/4356 4357/4357/4357 4358/4358/4358
f 4356/4356/4356 4358/4358/4358 4359/4359/4359
f 4360/4360/4360 4361/4361/4361 4362/4362/4362
f 4360/4360/4360 4362/4362/4362 4363/4363/4363
f 4364/4364/4364 4365/4365/4365 4366/4366/4366
f 4364/4364/4364 4366/4366/4366 4367/4367/4367
f 4368/4368/4368 4369/4369/4369 4370/4370/4370
f 4368/4368/4368 4370/4370/4370 4371/4371/4371
f 4372/4372/4372 4373/4373/4373 4374/4374/4374
f 4372/4372/4372 4374/4374/4374 4375/4375/4375
f 4376/4376/4376 4377/4377/4377 4378/4378/4378
f 4376/4376/4376 4378/4378/4378 4379/4379/4379
f 4380/4380/4380 4381/4381/4381 4382/4382/4382
f 4380/4380/4380 4382/4382/4382 4383/4383/4383
f 4384/4384/4384 4385/4385/4385 4386/4386/4386
f 4384/4384/4384 4386/4386/4386 4387/4387/4387
f 4388/4388/4388 4389/4389/4389 4390/4390/4390
f 4388/4388/4388 4390/4390/4390 4391/4391/4391
f 4392/4392/4392 4393/4393/4393 4394/4394/4394
f 4392/4392/4392 4394/4394/4394 4395/4395/4395
f 4396/4396/4396 4397/4397/4397 4398/4398/4398
f 4396/4396/4396 4398/4398/4398 4399/4399/4399
f 4400/4400/4400 4401/4401/4401 4402/4402/4402
f 4400/4400/4400 4402/4402/4402 4403/4403/4403
f 4404/4404/4404 4405/4405/4405 4406/4406/4406
f 4404/4404/4404 4406/4406/4406 4407/4407/4407
f 4408/4408/4408 4409/4409/4409 4410/4410/4410
f 4408/4408/4408 4410/4410/4410 4411/4411/4411
f 4412/4412/4412 4413/4413/4413 4414/4414/4414
f 4412/4412/4412 4414/4414/4414 4415/4415/4415
f 4416/4416/4416 4417/4417/4417 4418/4418/4418
f 4416/4416/4416 4418/4418/4418 4419/4419/4419
f 4420/4420/4420 4421/4421/4421 4422/4422/4422
f 4420/4420/4420 4422/4422/4422 4423/4423/4423
f 4424/4424/4424 4425/4425/4425 4426/4426/4426
f 4424/4424/4424 4426/4426/4426 4427/4427/4427
f 4428/4428/4428 4429/4429/4429 4430/4430/4430
f 4428/4428/4428 4430/4430/4430 4431/4431/4431
f 4432/4432/4432 4433/4433/4433 4434/4434/4434
f 4432/4432/4432 4434/4434/4434 4435/4435/4435
f 4436/4436/4436 4437/4437/4437 4438/4438/4438
f 4436/4436/4436 4438/4438/4438 4439/4439/4439
f 4440/4440/4440 4441/4441/4441 4442/4442/4442
f 4440/4440/4440 4442/4442/4442 4443/4443/4443
f 4444/4444/4444 4445/4445/4445 4446/4446/4446
f 4444/4444/4444 4446/4446/4446 4447/4447/4447
f 4448/4448/4448 4449/4449/4449 4450/4450/4450
f 4448/4448/4448 4450/4450/4450 4451/4451/4451
f 4452/4452/4452 4453/4453/4453 4454/4454/4454
f 4452/4452/4452 4454/4454/4454 4455/4455/4455
f 4456/4456/4456 4457/4457/4457 4458/4458/4458
f 4456/4456/4456 4458/4458/4458 4459/4459/4459
f 4460/4460/4460 4461/4461/4461 4462/4462/4462
f 4460/4460/4460 4462/4462/4462 4463/4463/4463
f 4464/4464/4464 4465/4465/4465 4466/4466/4466
f 4464/4464/4464 4466/4466/4466 4467/4467/4467
f 4468/4468/4468 4469/4469/4469 4470/4470/4470
f 4468/4468/4468 4470/4470/4470 4471/4471/4471
f 4472/4472/4472 4473/4473/4473 4474/4474/4474
f 4472/4472/4472 4474/4474/4474 4475/4475/4475
f 4476/4476/4476 4477/4477/4477 4478/4478/4478
f 4476/4476/4476 4478/4478/4478 4479/4479/4479
f 4480/4480/4480 4481/4481/4481 4482/4482/4482
f 4480/4480/4480 4482/4482/4482 4483/4483/4483
f 4484/4484/4484 4485/4485/4485 4486/4486/4486
f 4484/4484/4484 4486/4486/4486 4487/4487/4487
f 4488/4488/4488 4489/4489/4489 4490/4490/4490
f 4488/4488/4488 4490/4490/4490 4491/4491/4491
f 4492/4492/4492 4493/4493/4493 4494/4494/4494
f 4492/4492/4492 4494/4494/4494 4495/4495/4495
f 4496/4496/4496 4497/4497/4497 4498/4498/4498
f 4496/4496/4496 4498/4498/4498 4499/4499/4499
f 4500/4500/4500 4501/4501/4501 4502/4502/4502
f 4500/4500/4500 4502/4502/4502 4503/4503/4503
f 4504/4504/4504 4505/4505/4505 4506/4506/4506
f 4504/4504/4504 4506/4506/4506 4507/4507/4507
f 4508/4508/4508 4509/4509/4509 4510/4510/4510
f 4508/4508/4508 4510/4510/4510 4511/4511/4511
f 4512/4512/4512 4513/4513/4513 4514/4514/4514
f 4512/4512/4512 4514/4514/4514 4515/4515/4515
f 4516/4516/4516 4517/4517/4517 4518/4518/4518
f 4516/4516/4516 4518/4518/4518 4519/4519/4519
f 4520/4520/4520 4521/4521/4521 4522/4522/4522
f 4520/4520/4520 4522/4522/4522 4523/4523/4523
f 4524/4524/4524 4525/4525/4525 4526/4526/4526
f 4524/4524/4524 4526/4526/4526 4527/4527/4527
f 4528/4528/4528 4529/4529/4529 4530/4530/4530
f 4528/4528/4528 4530/4530/4530 4531/4531/4531
f 4532/4532/4532 4533/4533/4533 4534/4534/4534
f 4532/4532/4532 4534/4534/4534 4535/4535/4535
f 4536/4536/4536 4537/4537/4537 4538/4538/4538
f 4536/4536/4536 4538/4538/4538 4539/4539/4539
f 4540/4540/4540 4541/4541/4541 4542/4542/4542
f 4540/4540/4540 4542/4542/4542 4543/4543/4543
f 4544/4544/4544 4545/4545/4545 4546/4546/4546
f 4544/4544/4544 4546/4546/4546 4547/4547/4547
f 4548/4548/4548 4549/4549/4549 4550/4550/4550
f 4548/4548/4548 4550/4550/4550 4551/4551/4551
f 4552/4552/4552 4553/4553/4553 4554/4554/4554
f 4552/4552/4552 4554/4554/4554 4555/4555/4555
f 4556/4556/4556 4557/4557/4557 4558/4558/4558
f 4556/4556/4556 4558/4558/4558 4559/4559/4559
f 4560/4560/4560 4561/4561/4561 4562/4562/4562
f 4560/4560/4560 4562/4562/4562 4563/4563/4563
f 4564/4564/4564 4565/4565/4565 4566/4566/4566
f 4564/4564/4564 4566/4566/4566 4567/4567/4567
f 4568/4568/4568 4569/4569/4569 4570/4570/4570
f 4568/4568/4568 4570/4570/4570 4571/4571/4571
f 4572/4572/4572 4573/4573/4573 4574/4574/4574
f 4572/4572/4572 4574/4574/4574 4575/4575/4575
f 4576/4576/4576 4577/4577/4577 4578/4578/4578
f 4576/4576/4576 4578/4578/4578 4579/4579/4579
f 4580/4580/4580 4581/4581/4581 4582/4582/4582
f 4580/4580/4580 4582/4582/4582 4583/4583/4583
f 4584/4584/4584 4585/4585/4585 4586/4586/4586
f 4584/4584/4584 4586/4586/4586 4587/4587/4587
f 4588/4588/4588 4589/4589/4589 4590/4590/4590
f 4588/4588/4588 4590/4590/4590 4591/4591/4591
f 4592/4592/4592 4593/4593/4593 4594/4594/4594
f 4592/4592/4592 4594/4594/4594 4595/4595/4595
f 4596/4596/4596 4597/4597/4597 4598/4598/4598
f 4596/4596/4596 4598/4598/4598 4599/4599/4599
f 4600/4600/4600 4601/4601/4601 4602/4602/4602
f 4600/4600/4600 4602/4602/4602 4603/4603/4603
f 4604/4604/4604 4605/4605/4605 4606/4606/4606
f 4604/4604/4604 4606/4606/4606 4607/4607/4607
f 4608/4608/4608 4609/4609/4609 4610/4610/4610
f 4608/4608/4608 4610/4610/4610 4611/4611/4611
f 4612/4612/4612 4613/4613/4613 4614/4614/4614
f 4612/4612/4612 4614/4614/4614 4615/4615/4615
f 4616/4616/4616 4617/4617/4617 4618/4618/4618
f 4616/4616/4616 4618/4618/4618 4619/4619/4619
f 4620/4620/4620 4621/4621/4621 4622/4622/4622
f 4620/4620/4620 4622/4622/4622 4623/4623/4623
f 4624/4624/4624 4625/4625/4625 4626/4626/4626
f 4624/4624/4624 4626/4626/4626 4627/4627/4627
f 4628/4628/4628 4629/4629/4629 4630/4630/4630
f 4628/4628/4628 4630/4630/4630 4631/4631/4631
f 4632/4632/4632 4633/4633/4633 4634/4634/4634
f 4632/4632/4632 4634/4634/4634 4635/4635/4635
f 4636/4636/4636 4637/4637/4637 4638/4638/4638
f 4636/4636/4636 4638/4638/4638 4639/4639/4639
f 4640/4640/4640 4641/4641/4641 4642/4642/4642
f 4640/4640/4640 4642/4642/4642 4643/4643/4643
f 4644/4644/4644 4645/4645/4645 4646/4646/4646
f 4644/4644/4644 4646/4646/4646 4647/4647/4647
f 4648/4648/4648 4649/4649/4649 4650/4650/4650
f 4648/4648/4648 4650/4650/4650 4651/4651/4651
f 4652/4652/4652 4653/4653/4653 4654/4654/4654
f 4652/4652/4652 4654/4654/4654 4655/4655/4655
f 4656/4656/4656 4657/4657/4657 4658/4658/4658
f 4656/4656/4656 4658/4658/4658 4659/4659/4659
f 4660/4660/4660 4661/4661/4661 4662/4662/4662
f 4660/4660/4660 4662/4662/4662 4663/4663/4663
f 4664/4664/4664 4665/4665/4665 4666/4666/4666
f 4664/4664/4664 4666/4666/4666 4667/4667/4667
f 4668/4668/4668 4669/4669/4669 4670/4670/4670
f 4668/4668/4668 4670/4670/4670 4671/4671/4671
f 4672/4672/4672 4673/4673/4673 4674/4674/4674
f 4672/4672/4672 4674/4674/4674 4675/4675/4675
f 4676/4676/4676 4677/4677/4677 4678/4678/4678
f 4676/4676/4676 4678/4678/4678 4679/4679/4679
f 4680/4680/4680 4681/4681/4681 4682/4682/4682
f 4680/4680/4680 4682/4682/4682 4683/4683/4683
f 4684/4684/4684 4685/4685/4685 4686/4686/4686
f 4684/4684/4684 4686/4686/4686 4687/4687/4687
f 4688/4688/4688 4689/4689/4689 4690/4690/4690
f 4688/4688/4688 4690/4690/4690 4691/4691/4691
f 4692/4692/4692 4693/4693/4693 4694/4694/4694
f 4692/4692/4692 4694/4694/4694 4695/4695/4695
f 4696/4696/4696 4697/4697/4697 4698/4698/4698
f 4696/4696/4696 4698/4698/4698 4699/4699/4699
f 4700/4700/4700 4701/4701/4701 4702/4702/4702
f 4700/4700/4700 4702/4702/4702 4703/4703/4703
f 4704/4704/4704 4705/4705/4705 4706/4706/4706
f 4704/4704/4704 4706/4706/4706 4707/4707/4707
f 4708/4708/4708 4709/4709/4709 4710/4710/4710
f 4708/4708/4708 4710/4710/4710 4711/4711/4711
f 4712/4712/4712 4713/4713/4713 4714/4714/4714
f 4712/4712/4712 4714/4714/4714 4715/4715/4715
f 4716/4716/4716 4717/4717/4717 4718/4718/4718
f 4716/4716/4716 4718/4718/4718 4719/4719/4719
f 4720/4720/4720 4721/4721/4721 4722/4722/4722
f 4720/4720/4720 4722/4722/4722 4723/4723/4723
f 4724/4724/4724 4725/4725/4725 4726/4726/4726
f 4724/4724/4724 4726/4726/4726 4727/4727/4727
f 4728/4728/4728 4729/4729/4729 4730/4730/4730
f 4728/4728/4728 4730/4730/4730 4731/4731/4731
f 4732/4732/4732 4733/4733/4733 4734/4734/4734
f 4732/4732/4732 4734/4734/4734 4735/4735/4735
f 4736/4736/4736 4737/4737/4737 4738/4738/4738
f 4736/4736/4736 4738/4738/4738 4739/4739/4739
f 4740/4740/4740 4741/4741/4741 4742/4742/4742
f 4740/4740/4740 4742/4742/4742 4743/4743/4743
f 4744/4744/4744 4745/4745/4745 4746/4746/4746
f 4744/4744/4744 4746/4746/4746 4747/4747/4747
f 4748/4748/4748 4749/4749/4749 4750/4750/4750
f 4748/4748/4748 4750/4750/4750 4751/4751/4751
f 4752/4752/4752 4753/4753/4753 4754/4754/4754
f 4752/4752/4752 4754/4754/4754 4755/4755/4755
f 4756/4756/4756 4757/4757/4757 4758/4758/4758
f 4756/4756/4756 4758/4758/4758 4759/4759/4759
f 4760/4760/4760 4761/4761/4761 4762/4762/4762
f 4760/4760/4760 4762/4762/4762 4763/4763/4763
f 4764/4764/4764 4765/4765/4765 4766/4766/4766
f 4764/4764/4764 4766/4766/4766 4767/4767/4767
f 4768/4768/4768 4769/4769/4769 4770/4770/4770
f 4768/4768/4768 4770/4770/4770 4771/4771/4771
f 4772/4772/4772 4773/4773/4773 4774/4774/4774
f 4772/4772/4772 4774/4774/4774 4775/4775/4775
f 4776/4776/4776 4777/4777/4777 4778/4778/4778
f 4776/4776/4776 4778/4778/4778 4779/4779/4779
f 4780/4780/4780 4781/4781/4781 4782/4782/4782
f 4780/4780/4780 4782/4782/4782 4783/4783/4783
f 4784/4784/4784 4785/4785/4785 4786/4786/4786
f 4784/4784/4784 4786/4786/4786 4787/4787/4787
f 4788/4788/4788 4789/4789/4789 4790/4790/4790
f 4788/4788/4788 4790/4790/4790 4791/4791/4791
f 4792/4792/4792 4793/4793/4793 4794/4794/4794
f 4792/4792/4792 4794/4794/4794 4795/4795/4795
f 4796/4796/4796 4797/4797/4797 4798/4798/4798
f 4796/4796/4796 4798/4798/4798 4799/4799/4799
f 4800/4800/4800 4801/4801/4801 4802/4802/4802
f 4800/4800/4800 4802/4802/4802 4803/4803/4803
f 4804/4804/4804 4805/4805/4805 4806/4806/4806
f 4804/4804/4804 4806/4806/4806 4807/4807/4807
f 4808/4808/4808 4809/4809/4809 4810/4810/4810
f 4808/4808/4808 4810/4810/4810 4811/4811/4811
f 4812/4812/4812 4813/4813/4813 4814/4814/4814
f 4812/4812/4812 4814/4814/4814 4815/4815/4815
f 4816/4816/4816 4817/4817/4817 4818/4818/4818
f 4816/4816/4816 4818/4818/4818 4819/4819/4819
f 4820/4820/4820 4821/4821/4821 4822/4822/4822
f 4820/4820/4820 4822/4822/4822 4823/4823/4823
f 4824/4824/4824 4825/4825/4825 4826/4826/4826
f 4824/4824/4824 4826/4826/4826 4827/4827/4827
f 4828/4828/4828 4829/4829/4829 4830/4830/4830
f 4828/4828/4828 4830/4830/4830 4831/4831/4831
f 4832/4832/4832 4833/4833/4833 4834/4834/4834
f 4832/4832/4832 4834/4834/4834 4835/4835/4835
f 4836/4836/4836 4837/4837/4837 4838/4838/4838
f 4836/4836/4836 4838/4838/4838 4839/4839/4839
f 4840/4840/4840 4841/4841/4841 4842/4842/4842
f 4840/4840/4840 4842/4842/4842 4843/4843/4843
f 4844/4844/4844 4845/4845/4845 4846/4846/4846
f 4844/4844/4844 4846/4846/4846 4847/4847/4847
f 4848/4848/4848 4849/4849/4849 4850/4850/4850
f 4848/4848/4848 4850/4850/4850 4851/4851/4851
f 4852/4852/4852 4853/4853/4853 4854/4854/4854
f 4852/4852/4852 4854/4854/4854 4855/4855/4855
f 4856/4856/4856 4857/4857/4857 4858/4858/4858
f 4856/4856/4856 4858/4858/4858 4859/4859/4859
f 4860/4860/4860 4861/4861/4861 4862/4862/4862
f 4860/4860/4860 4862/4862/4862 4863/4863/4863
f 4864/4864/4864 4865/4865/4865 4866/4866/4866
f 4864/4864/4864 4866/4866/4866 4867/4867/4867
f 4868/4868/4868 4869/4869/4869 4870/4870/4870
f 4868/4868/4868 4870/4870/4870 4871/4871/4871
f 4872/4872/4872 4873/4873/4873 4874/4874/4874
f 4872/4872/4872 4874/4874/4874 4875/4875/4875
f 4876/4876/4876 4877/4877/4877 4878/4878/4878
f 4876/4876/4876 4878/4878/4878 4879/4879/4879
f 4880/4880/4880 4881/4881/4881 4882/4882/4882
f 4880/4880/4880 4882/4882/4882 4883/4883/4883
f 4884/4884/4884 4885/4885/4885 4886/4886/4886
f 4884/4884/4884 4886/4886/4886 4887/4887/4887
f 4888/4888/4888 4889/4889/4889 4890/4890/4890
f 4888/4888/4888 4890/4890/4890 4891/4891/4891
f 4892/4892/4892 4893/4893/4893 4894/4894/4894
f 4892/4892/4892 4894/4894/4894 4895/4895/4895
f 4896/4896/4896 4897/4897/4897 4898/4898/4898
f 4896/4896/4896 4898/4898/4898 4899/4899/4899
f 4900/4900/4900 4901/4901/4901 4902/4902/4902
f 4900/4900/4900 4902/4902/4902 4903/4903/4903
f 4904/4904/4904 4905/4905/4905 4906/4906/4906
f 4904/4904/4904 4906/4906/4906 4907/4907/4907
f 4908/4908/4908 4909/4909/4909 4910/4910/4910
f 4908/4908/4908 4910/4910/4910 4911/4911/4911
f 4912/4912/4912 4913/4913/4913 4914/4914/4914
f 4912/4912/4912 4914/4914/4914 4915/4915/4915
f 4916/4916/4916 4917/4917/4917 4918/4918/4918
f 4916/4916/4916 4918/4918/4918 4919/4919/4919
f 4920/4920/4920 4921/4921/4921 4922/4922/4922
f 4920/4920/4920 4922/4922/4922 4923/4923/4923
f 4924/4924/4924 4925/4925/4925 4926/4926/4926
f 4924/4924/4924 4926/4926/4926 4927/4927/4927
f 4928/4928/4928 4929/4929/4929 4930/4930/4930
f 4928/4928/4928 4930/4930/4930 4931/4931/4931
f 4932/4932/4932 4933/4933/4933 4934/4934/4934
f 4932/4932/4932 4934/4934/4934 4935/4935/4935
f 4936/4936/4936 4937/4937/4937 4938/4938/4938
f 4936/4936/4936 4938/4938/4938 4939/4939/4939
f 4940/4940/4940 4941/4941/4941 4942/4942/4942
f 4940/4940/4940 4942/4942/4942 4943/4943/4943
f 4944/4944/4944 4945/4945/4945 4946/4946/4946
f 4944/4944/4944 4946/4946/4946 4947/4947/4947
f 4948/4948/4948 4949/4949/4949 4950/4950/4950
f 4948/4948/4948 4950/4950/4950 4951/4951/4951
f 4952/4952/4952 4953/4953/4953 4954/4954/4954
f 4952/4952/4952 4954/4954/4954 4955/4955/4955
f 4956/4956/4956 4957/4957/4957 4958/4958/4958
f 4956/4956/4956 4958/4958/4958 4959/4959/4959
f 4960/4960/4960 4961/4961/4961 4962/4962/4962
f 4960/4960/4960 4962/4962/4962 4963/4963/4963
f 4964/4964/4964 4965/4965/4965 4966/4966/4966
f 4964/4964/4964 4966/4966/4966 4967/4967/4967
f 4968/4968/4968 4969/4969/4969 4970/4970/4970
f 4968/4968/4968 4970/4970/4970 4971/4971/4971
f 4972/4972/4972 4973/4973/4973 4974/4974/4974
f 4972/4972/4972 4974/4974/4974 4975/4975/4975
f 4976/4976/4976 4977/4977/4977 4978/4978/4978
f 4976/4976/4976 4978/4978/4978 4979/4979/4979
f 4980/4980/4980 4981/4981/4981 4982/4982/4982
f 4980/4980/4980 4982/4982/4982 4983/4983/4983
f 4984/4984/4984 4985/4985/4985 4986/4986/4986
f 4984/4984/4984 4986/4986/4986 4987/4987/4987
f 4988/4988/4988 4989/4989/4989 4990/4990/4990
f 4988/4988/4988 4990/4990/4990 4991/4991/4991
f 4992/4992/4992 4993/4993/4993 4994/4994/4994
f 4992/4992/4992 4994/4994/4994 4995/4995/4995
f 4996/4996/4996 4997/4997/4997 4998/4998/4998
f 4996/4996/4996 4998/4998/4998 4999/4999/4999
f 5000/5000/5000 5001/5001/5001 5002/5002/5002
f 5000/5000/5000 5002/5002/5002 5003/5003/5003
f 5004/5004/5004 5005/5005/5005 5006/5006/5006
f 5004/5004/5004 5006/5006/5006 5007/5007/5007
f 5008/5008/5008 5009/5009/5009 5010/5010/5010
f 5008/5008/5008 5010/5010/5010 5011/5011/5011
f 5012/5012/5012 5013/5013/5013 5014/5014/5014
f 5012/5012/5012 5014/5014/5014 5015/5015/5015
f 5016/5016/5016 5017/5017/5017 5018/5018/5018
f 5016/5016/5016 5018/5018/5018 5019/5019/5019
f 5020/5020/5020 5021/5021/5021 5022/5022/5022
f 5020/5020/5020 5022/5022/5022 5023/5023/5023
f 5024/5024/5024 5025/5025/5025 5026/5026/5026
f 5024/5024/5024 5026/5026/5026 5027/5027/5027
f 5028/5028/5028 5029/5029/5029 5030/5030/5030
f 5028/5028/5028 5030/5030/5030 5031/5031/5031
f 5032/5032/5032 5033/5033/5033 5034/5034/5034
f 5032/5032/5032 5034/5034/5034 5035/5035/5035
f 5036/5036/5036 5037/5037/5037 5038/5038/5038
f 5036/5036/5036 5038/5038/5038 5039/5039/5039
f 5040/5040/5040 5041/5041/5041 5042/5042/5042
f 5040/5040/5040 5042/5042/5042 5043/5043/5043
f 5044/5044/5044 5045/5045/5045 5046/5046/5046
f 5044/5044/5044 5046/5046/5046 5047/5047/5047
f 5048/5048/5048 5049/5049/5049 5050/5050/5050
f 5048/5048/5048 5050/5050/5050 5051/5051/5051
f 5052/5052/5052 5053/5053/5053 5054/5054/5054
f 5052/5052/5052 5054/5054/5054 5055/5055/5055
f 5056/5056/5056 5057/5057/5057 5058/5058/5058
f 5056/5056/5056 5058/5058/5058 5059/5059/5059
f 5060/5060/5060 5061/5061/5061 5062/5062/5062
f 5060/5060/5060 5062/5062/5062 5063/5063/5063
f 5064/5064/5064 5065/5065/5065 5066/5066/5066
f 5064/5064/5064 5066/5066/5066 5067/5067/5067
f 5068/5068/5068 5069/5069/5069 5070/5070/5070
f 5068/5068/5068 5070/5070/5070 5071/5071/5071
f 5072/5072/5072 5073/5073/5073 5074/5074/5074
f 5072/5072/5072 5074/5074/5074 5075/5075/5075
f 5076/5076/5076 5077/5077/5077 5078/5078/5078
f 5076/5076/5076 5078/5078/5078 5079/5079/5079
f 5080/5080/5080 5081/5081/5081 5082/5082/5082
f 5080/5080/5080 5082/5082/5082 5083/5083/5083
f 5084/5084/5084 5085/5085/5085 5086/5086/5086
f 5084/5084/5084 5086/5086/5086 5087/5087/5087
f 5088/5088/5088 5089/5089/5089 5090/5090/5090
f 5088/5088/5088 5090/5090/5090 5091/5091/5091
f 5092/5092/5092 5093/5093/5093 5094/5094/5094
f 5092/5092/5092 5094/5094/5094 5095/5095/5095
f 5096/5096/5096 5097/5097/5097 5098/5098/5098
f 5096/5096/5096 5098/5098/5098 5099/5099/5099
f 5100/5100/5100 5101/5101/5101 5102/5102/5102
f 5100/5100/5100 5102/5102/5102 5103/5103/5103
f 5104/5104/5104 5105/5105/5105 5106/5106/5106
f 5104/5104/5104 5106/5106/5106 5107/5107/5107
f 5108/5108/5108 5109/5109/5109 5110/5110/5110
f 5108/5108/5108 5110/5110/5110 5111/5111/5111
f 5112/5112/5112 5113/5113/5113 5114/5114/5114
f 5112/5112/5112 5114/5114/5114 5115/5115/5115
f 5116/5116/5116 5117/5117/5117 5118/5118/5118
f 5116/5116/5116 5118/5118/5118 5119/5119/5119
f 5120/5120/5120 5121/5121/5121 5122/5122/5122
f 5120/5120/5120 5122/5122/5122 5123/5123/5123
f 5124/5124/5124 5125/5125/5125 5126/5126/5126
f 5124/5124/5124 5126/5126/5126 5127/5127/5127
f 5128/5128/5128 5129/5129/5129 5130/5130/5130
f 5128/5128/5128 5130/5130/5130 5131/5131/5131
f 5132/5132/5132 5133/5133/5133 5134/5134/5134
f 5132/5132/5132 5134/5134/5134 5135/5135/5135
f 5136/5136/5136 5137/5137/5137 5138/5138/5138
f 5136/5136/5136 5138/5138/5138 5139/5139/5139
f 5140/5140/5140 5141/5141/5141 5142/5142/5142
f 5140/5140/5140 5142/5142/5142 5143/5143/5143
f 5144/5144/5144 5145/5145/5145 5146/5146/5146
f 5144/5144/5144 5146/5146/5146 5147/5147/5147
f 5148/5148/5148 5149/5149/5149 5150/5150/5150
f 5148/5148/5148 5150/5150/5150 5151/5151/5151
f 5152/5152/5152 5153/5153/5153 5154/5154/5154
f 5152/5152/5152 5154/5154/5154 5155/5155/5155
f 5156/5156/5156 5157/5157/5157 5158/5158/5158
f 5156/5156/5156 5158/5158/5158 5159/5159/5159
f 5160/5160/5160 5161/5161/5161 5162/5162/5162
f 5160/5160/5160 5162/5162/5162 5163/5163/5163
f 5164/5164/5164 5165/5165/5165 5166/5166/5166
f 5164/5164/5164 5166/5166/5166 5167/5167/5167
f 5168/5168/5168 5169/5169/5169 5170/5170/5170
f 5168/5168/5168 5170/5170/5170 5171/5171/5171
f 5172/5172/5172 5173/5173/5173 5174/5174/5174
f 5172/5172/5172 5174/5174/5174 5175/5175/5175
f 5176/5176/5176 5177/5177/5177 5178/5178/5178
f 5176/5176/5176 5178/5178/5178 5179/5179/5179
f 5180/5180/5180 5181/5181/5181 5182/5182/5182
f 5180/5180/5180 5182/5182/5182 5183/5183/5183
f 5184/5184/5184 5185/5185/5185 5186/5186/5186
f 5184/5184/5184 5186/5186/5186 5187/5187/5187
f 5188/5188/5188 5189/5189/5189 5190/5190/5190
f 5188/5188/5188 5190/5190/5190 5191/5191/5191
f 5192/5192/5192 5193/5193/5193 5194/5194/5194
f 5192/5192/5192 5194/5194/5194 5195/5195/5195
f 5196/5196/5196 5197/5197/5197 5198/5198/5198
f 5196/5196/5196 5198/5198/5198 5199/5199/5199
f 5200/5200/5200 5201/5201/5201 5202/5202/5202
f 5200/5200/5200 5202/5202/5202 5203/5203/5203
f 5204/5204/5204 5205/5205/5205 5206/5206/5206
f 5204/5204/5204 5206/5206/5206 5207/5207/5207
f 5208/5208/5208 5209/5209/5209 5210/5210/5210
f 5208/5208/5208 5210/5210/5210 5211/5211/5211
f 5212/5212/5212 5213/5213/5213 5214/5214/5214
f 5212/5212/5212 5214/5214/5214 5215/5215/5215
f 5216/5216/5216 5217/5217/5217 5218/5218/5218
f 5216/5216/5216 5218/5218/5218 5219/5219/5219
f 5220/5220/5220 5221/5221/5221 5222/5222/5222
f 5220/5220/5220 5222/5222/5222 5223/5223/5223
f 5224/5224/5224 5225/5225/5225 5226/5226/5226
f 5224/5224/5224 5226/5226/5226 5227/5227/5227
f 5228/5228/5228 5229/5229/5229 5230/5230/5230
f 5228/5228/5228 5230/5230/5230 5231/5231/5231
f 5232/5232/5232 5233/5233/5233 5234/5234/5234
f 5232/5232/5232 5234/5234/5234 5235/5235/5235
f 5236/5236/5236 5237/5237/5237 5238/5238/5238
f 5236/5236/5236 5238/5238/5238 5239/5239/5239
f 5240/5240/5240 5241/5241/5241 5242/5242/5242
f 5240/5240/5240 5242/5242/5242 5243/5243/5243
f 5244/5244/5244 5245/5245/5245 5246/5246/5246
f 5244/5244/5244 5246/5246/5246 5247/5247/5247
f 5248/5248/5248 5249/5249/5249 5250/5250/5250
f 5248/5248/5248 5250/5250/5250 5251/5251/5251
f 5252/5252/5252 5253/5253/5253 5254/5254/5254
f 5252/5252/5252 5254/5254/5254 5255/5255/5255
f 5256/5256/5256 5257/5257/5257 5258/5258/5258
f 5256/5256/5256 5258/5258/5258 5259/5259/5259
f 5260/5260/5260 5261/5261/5261 5262/5262/5262
f 5260/5260/5260 5262/5262/5262 5263/5263/5263
f 5264/5264/5264 5265/5265/5265 5266/5266/5266
f 5264/5264/5264 5266/5266/5266 5267/5267/5267
f 5268/5268/5268 5269/5269/5269 5270/5270/5270
f 5268/5268/5268 5270/5270/5270 5271/5271/5271
f 5272/5272/5272 5273/5273/5273 5274/5274/5274
f 5272/5272/5272 5274/5274/5274 5275/5275/5275
f 5276/5276/5276 5277/5277/5277 5278/5278/5278
f 5276/5276/5276 5278/5278/5278 5279/5279/5279
f 5280/5280/5280 5281/5281/5281 5282/5282/5282
f 5280/5280/5280 5282/5282/5282 5283/5283/5283
f 5284/5284/5284 5285/5285/5285 5286/5286/5286
f 5284/5284/5284 5286/5286/5286 5287/5287/5287
f 5288/5288/5288 5289/5289/5289 5290/5290/5290
f 5288/5288/5288 5290/5290/5290 5291/5291/5291
f 5292/5292/5292 5293/5293/5293 5294/5294/5294
f 5292/5292/5292 5294/5294/5294 5295/5295/5295
f 5296/5296/5296 5297/5297/5297 5298/5298/5298
f 5296/5296/5296 5298/5298/5298 5299/5299/5299
f 5300/5300/5300 5301/5301/5301 5302/5302/5302
f 5300/5300/5300 5302/5302/5302 5303/5303/5303
f 5304/5304/5304 5305/5305/5305 5306/5306/5306
f 5304/5304/5304 5306/5306/5306 5307/5307/5307
f 5308/5308/5308 5309/5309/5309 5310/5310/5310
f 5308/5308/5308 5310/5310/5310 5311/5311/5311
f 5312/5312/5312 5313/5313/5313 5314/5314/5314
f 5312/5312/5312 5314/5314/5314 5315/5315/5315
f 5316/5316/5316 5317/5317/5317 5318/5318/5318
f 5316/5316/5316 5318/5318/5318 5319/5319/5319
f 5320/5320/5320 5321/5321/5321 5322/5322/5322
f 5320/5320/5320 5322/5322/5322 5323/5323/5323
f 5324/5324/5324 5325/5325/5325 5326/5326/5326
f 5324/5324/5324 5326/5326/5326 5327/5327/5327
f 5328/5328/5328 5329/5329/5329 5330/5330/5330
f 5328/5328/5328 5330/5330/5330 5331/5331/5331
f 5332/5332/5332 5333/5333/5333 5334/5334/5334
f 5332/5332/5332 5334/5334/5334 5335/5335/5335
f 5336/5336/5336 5337/5337/5337 5338/5338/5338
f 5336/5336/5336 5338/5338/5338 5339/5339/5339
f 5340/5340/5340 5341/5341/5341 5342/5342/5342
f 5340/5340/5340 5342/5342/5342 5343/5343/5343
f 5344/5344/5344 5345/5345/5345 5346/5346/5346
f 5344/5344/5344 5346/5346/5346 5347/5347/5347
f 5348/5348/5348 5349/5349/5349 5350/5350/5350
f 5348/5348/5348 5350/5350/5350 5351/5351/5351
f 5352/5352/5352 5353/5353/5353 5354/5354/5354
f 5352/5352/5352 5354/5354/5354 5355/5355/5355
f 5356/5356/5356 5357/5357/5357 5358/5358/5358
f 5356/5356/5356 5358/5358/5358 5359/5359/5359
f 5360/5360/5360 5361/5361/5361 5362/5362/5362
f 5360/5360/5360 5362/5362/5362 5363/5363/5363
f 5364/5364/5364 5365/5365/5365 5366/5366/5366
f 5364/5364/5364 5366/5366/5366 5367/5367/5367
f 5368/5368/5368 5369/5369/5369 5370/5370/5370
f 5368/5368/5368 5370/5370/5370 5371/5371/5371
f 5372/5372/5372 5373/5373/5373 5374/5374/5374
f 5372/5372/5372 5374/5374/5374 5375/5375/5375
f 5376/5376/5376 5377/5377/5377 5378/5378/5378
f 5376/5376/5376 5378/5378/5378 5379/5379/5379
f 5380/5380/5380 5381/5381/5381 5382/5382/5382
f 5380/5380/5380 5382/5382/5382 5383/5383/5383
f 5384/5384/5384 5385/5385/5385 5386/5386/5386
f 5384/5384/5384 5386/5386/5386 5387/5387/5387
f 5388/5388/5388 5389/5389/5389 5390/5390/5390
f 5388/5388/5388 5390/5390/5390 5391/5391/5391
f 5392/5392/5392 5393/5393/5393 5394/5394/5394
f 5392/5392/5392 5394/5394/5394 5395/5395/5395
f 5396/5396/5396 5397/5397/5397 5398/5398/5398
f 5396/5396/5396 5398/5398/5398 5399/5399/5399
f 5400/5400/5400 5401/5401/5401 5402/5402/5402
f 5400/5400/5400 5402/5402/5402 5403/5403/5403
f 5404/5404/5404 5405/5405/5405 5406/5406/5406
f 5404/5404/5404 5406/5406/5406 5407/5407/5407
f 5408/5408/5408 5409/5409/5409 5410/5410/5410
f 5408/5408/5408 5410/5410/5410 5411/5411/5411
f 5412/5412/5412 5413/5413/5413 5414/5414/5414
f 5412/5412/5412 5414/5414/5414 5415/5415/5415
f 5416/5416/5416 5417/5417/5417 5418/5418/5418
f 5416/5416/5416 5418/5418/5418 5419/5419/5419
f 5420/5420/5420 5421/5421/5421 5422/5422/5422
f 5420/5420/5420 5422/5422/5422 5423/5423/5423
f 5424/5424/5424 5425/5425/5425 5426/5426/5426
f 5424/5424/5424 5426/5426/5426 5427/5427/5427
f 5428/5428/5428 5429/5429/5429 5430/5430/5430
f 5428/5428/5428 5430/5430/5430 5431/5431/5431
f 5432/5432/5432 5433/5433/5433 5434/5434/5434
f 5432/5432/5432 5434/5434/5434 5435/5435/5435
f 5436/5436/5436 5437/5437/5437 5438/5438/5438
f 5436/5436/5436 5438/5438/5438 5439/5439/5439
f 5440/5440/5440 5441/5441/5441 5442/5442/5442
f 5440/5440/5440 5442/5442/5442 5443/5443/5443
f 5444/5444/5444 5445/5445/5445 5446/5446/5446
f 5444/5444/5444 5446/5446/5446 5447/5447/5447
f 5448/5448/5448 5449/5449/5449 5450/5450/5450
f 5448/5448/5448 5450/5450/5450 5451/5451/5451
f 5452/5452/5452 5453/5453/5453 5454/5454/5454
f 5452/5452/5452 5454/5454/5454 5455/5455/5455
f 5456/5456/5456 5457/5457/5457 5458/5458/5458
f 5456/5456/5456 5458/5458/5458 5459/5459/5459
f 5460/5460/5460 5461/5461/5461 5462/5462/5462
f 5460/5460/5460 5462/5462/5462 5463/5463/5463
f 5464/5464/5464 5465/5465/5465 5466/5466/5466
f 5464/5464/5464 5466/5466/5466 5467/5467/5467
f 5468/5468/5468 5469/5469/5469 5470/5470/5470
f 5468/5468/5468 5470/5470/5470 5471/5471/5471
f 5472/5472/5472 5473/5473/5473 5474/5474/5474
f 5472/5472/5472 5474/5474/5474 5475/5475/5475
