# generated by generate_trees.py
mtllib hero.mtl
o hero_spruce_c_lod1
usemtl bark_spruce
s 1
v -0.195 -0.142 -0.404
v -0.430 -0.151 -0.114
v -0.350 -0.158 0.250
v -0.016 -0.160 0.415
v 0.322 -0.154 0.256
v 0.408 -0.145 -0.107
v 0.178 -0.140 -0.400
v -0.195 -0.142 -0.404
v -0.193 0.487 -0.376
v -0.421 0.491 -0.096
v -0.343 0.493 0.256
v -0.020 0.492 0.415
v 0.306 0.488 0.262
v 0.390 0.484 -0.089
v 0.167 0.483 -0.373
v -0.193 0.487 -0.376
v -0.171 1.120 -0.387
v -0.389 1.130 -0.118
v -0.315 1.137 0.220
v -0.004 1.136 0.373
v 0.309 1.128 0.225
v 0.389 1.119 -0.112
v 0.175 1.116 -0.384
v -0.171 1.120 -0.387
v -0.162 1.766 -0.378
v -0.372 1.769 -0.119
v -0.301 1.769 0.206
v -0.002 1.766 0.353
v 0.300 1.762 0.211
v 0.377 1.761 -0.113
v 0.171 1.763 -0.375
v -0.162 1.766 -0.378
v -0.145 2.409 -0.363
v -0.347 2.409 -0.114
v -0.278 2.405 0.199
v 0.009 2.400 0.341
v 0.299 2.397 0.204
v 0.373 2.399 -0.108
v 0.175 2.404 -0.360
v -0.145 2.409 -0.363
v -0.132 3.049 -0.339
v -0.326 3.043 -0.100
v -0.260 3.036 0.201
v 0.017 3.033 0.337
v 0.295 3.036 0.205
v 0.366 3.044 -0.094
v 0.176 3.050 -0.337
v -0.132 3.049 -0.339
v -0.133 3.688 -0.305
v -0.320 3.682 -0.076
v -0.256 3.674 0.213
v 0.009 3.671 0.344
v 0.277 3.675 0.218
v 0.345 3.682 -0.070
v 0.162 3.688 -0.303
v -0.133 3.688 -0.305
v -0.121 4.321 -0.281
v -0.300 4.320 -0.061
v -0.239 4.318 0.217
v 0.016 4.316 0.342
v 0.272 4.316 0.221
v 0.338 4.318 -0.055
v 0.163 4.320 -0.279
v -0.121 4.321 -0.281
v -0.119 4.957 -0.272
v -0.290 4.955 -0.061
v -0.232 4.954 0.205
v 0.012 4.955 0.325
v 0.258 4.957 0.209
v 0.321 4.959 -0.056
v 0.153 4.959 -0.270
v -0.119 4.957 -0.272
v -0.117 5.593 -0.251
v -0.281 5.594 -0.049
v -0.225 5.595 0.205
v 0.008 5.596 0.320
v 0.244 5.596 0.209
v 0.304 5.595 -0.044
v 0.143 5.594 -0.249
v -0.117 5.593 -0.251
v -0.110 6.232 -0.254
v -0.267 6.230 -0.061
v -0.214 6.230 0.182
v 0.009 6.233 0.292
v 0.235 6.236 0.186
v 0.292 6.237 -0.057
v 0.138 6.235 -0.252
v -0.110 6.232 -0.254
v -0.123 6.874 -0.225
v -0.273 6.872 -0.041
v -0.222 6.869 0.191
v -0.009 6.868 0.296
v 0.206 6.870 0.194
v 0.261 6.873 -0.037
v 0.114 6.875 -0.223
v -0.123 6.874 -0.225
v -0.103 7.509 -0.216
v -0.246 7.511 -0.040
v -0.197 7.512 0.181
v 0.006 7.512 0.281
v 0.210 7.510 0.184
v 0.262 7.508 -0.036
v 0.123 7.508 -0.214
v -0.103 7.509 -0.216
v -0.106 8.146 -0.212
v -0.241 8.148 -0.045
v -0.195 8.151 0.165
v -0.002 8.151 0.260
v 0.192 8.150 0.168
v 0.242 8.147 -0.041
v 0.109 8.145 -0.210
v -0.106 8.146 -0.212
v -0.088 8.786 -0.208
v -0.217 8.789 -0.050
v -0.173 8.790 0.149
v 0.010 8.788 0.239
v 0.194 8.786 0.152
v 0.241 8.784 -0.046
v 0.115 8.784 -0.206
v -0.088 8.786 -0.208
v -0.081 9.426 -0.197
v -0.203 9.428 -0.048
v -0.161 9.428 0.141
v 0.012 9.426 0.226
v 0.186 9.423 0.144
v 0.230 9.421 -0.044
v 0.111 9.423 -0.196
v -0.081 9.426 -0.197
v -0.058 10.067 -0.191
v -0.172 10.066 -0.049
v -0.133 10.062 0.128
v 0.030 10.060 0.208
v 0.195 10.060 0.131
v 0.236 10.062 -0.046
v 0.124 10.066 -0.189
v -0.058 10.067 -0.191
v -0.060 10.704 -0.152
v -0.168 10.701 -0.019
v -0.131 10.698 0.148
v 0.022 10.699 0.223
v 0.177 10.701 0.151
v 0.216 10.704 -0.016
v 0.111 10.705 -0.150
v -0.060 10.704 -0.152
v -0.059 11.339 -0.149
v -0.159 11.340 -0.025
v -0.125 11.341 0.132
v 0.019 11.341 0.202
v 0.163 11.341 0.134
v 0.200 11.340 -0.022
v 0.102 11.339 -0.148
v -0.059 11.339 -0.149
v -0.049 11.977 -0.137
v -0.143 11.975 -0.021
v -0.111 11.976 0.124
v 0.023 11.978 0.190
v 0.158 11.981 0.127
v 0.192 11.981 -0.019
v 0.100 11.980 -0.136
v -0.049 11.977 -0.137
v -0.070 12.616 -0.126
v -0.158 12.615 -0.018
v -0.128 12.615 0.117
v -0.004 12.617 0.178
v 0.122 12.618 0.119
v 0.154 12.619 -0.016
v 0.068 12.618 -0.125
v -0.070 12.616 -0.126
v -0.055 13.257 -0.115
v -0.136 13.258 -0.015
v -0.108 13.258 0.110
v 0.006 13.255 0.166
v 0.122 13.252 0.112
v 0.152 13.252 -0.013
v 0.073 13.254 -0.113
v -0.055 13.257 -0.115
v -0.032 13.894 -0.103
v -0.105 13.897 -0.012
v -0.080 13.896 0.103
v 0.025 13.894 0.155
v 0.131 13.891 0.105
v 0.158 13.890 -0.009
v 0.086 13.891 -0.102
v -0.032 13.894 -0.103
v -0.013 14.531 -0.098
v -0.080 14.534 -0.015
v -0.057 14.534 0.090
v 0.039 14.533 0.137
v 0.135 14.531 0.091
v 0.160 14.529 -0.013
v 0.094 14.530 -0.097
v -0.013 14.531 -0.098
v 0.001 15.169 -0.094
v -0.059 15.170 -0.019
v -0.039 15.171 0.075
v 0.048 15.172 0.118
v 0.135 15.170 0.077
v 0.157 15.169 -0.017
v 0.098 15.168 -0.093
v 0.001 15.169 -0.094
v 0.005 15.807 -0.093
v -0.049 15.809 -0.026
v -0.031 15.811 0.057
v 0.046 15.811 0.095
v 0.124 15.809 0.059
v 0.144 15.807 -0.025
v 0.091 15.806 -0.092
v 0.005 15.807 -0.093
v 0.025 16.447 -0.100
v -0.022 16.448 -0.041
v -0.006 16.449 0.032
v 0.062 16.448 0.066
v 0.130 16.446 0.033
v 0.147 16.445 -0.040
v 0.101 16.445 -0.099
v 0.025 16.447 -0.100
v 0.043 17.086 -0.087
v 0.002 17.086 -0.036
v 0.016 17.085 0.027
v 0.075 17.084 0.056
v 0.133 17.084 0.028
v 0.149 17.084 -0.035
v 0.108 17.085 -0.086
v 0.043 17.086 -0.087
v 0.053 17.724 -0.064
v 0.019 17.724 -0.022
v 0.030 17.723 0.032
v 0.079 17.723 0.056
v 0.129 17.723 0.033
v 0.142 17.723 -0.021
v 0.108 17.723 -0.064
v 0.053 17.724 -0.064
v 0.058 18.361 -0.060
v 0.030 18.361 -0.025
v 0.040 18.362 0.018
v 0.080 18.362 0.038
v 0.120 18.362 0.019
v 0.130 18.362 -0.024
v 0.103 18.361 -0.059
v 0.058 18.361 -0.060
v 0.059 19.000 -0.056
v 0.037 19.000 -0.029
v 0.045 19.000 0.004
v 0.075 19.000 0.019
v 0.106 19.000 0.005
v 0.114 19.000 -0.029
v 0.093 19.000 -0.056
v 0.059 19.000 -0.056
v 0.075 19.059 -0.021
vt 0.0000 0.0000
vt 0.4286 0.0000
vt 0.8571 0.0000
vt 1.2857 0.0000
vt 1.7143 0.0000
vt 2.1429 0.0000
vt 2.5714 0.0000
vt 3.0000 0.0000
vt 0.0000 0.1916
vt 0.4286 0.1916
vt 0.8571 0.1916
vt 1.2857 0.1916
vt 1.7143 0.1916
vt 2.1429 0.1916
vt 2.5714 0.1916
vt 3.0000 0.1916
vt 0.0000 0.3833
vt 0.4286 0.3833
vt 0.8571 0.3833
vt 1.2857 0.3833
vt 1.7143 0.3833
vt 2.1429 0.3833
vt 2.5714 0.3833
vt 3.0000 0.3833
vt 0.0000 0.5748
vt 0.4286 0.5748
vt 0.8571 0.5748
vt 1.2857 0.5748
vt 1.7143 0.5748
vt 2.1429 0.5748
vt 2.5714 0.5748
vt 3.0000 0.5748
vt 0.0000 0.7663
vt 0.4286 0.7663
vt 0.8571 0.7663
vt 1.2857 0.7663
vt 1.7143 0.7663
vt 2.1429 0.7663
vt 2.5714 0.7663
vt 3.0000 0.7663
vt 0.0000 0.9578
vt 0.4286 0.9578
vt 0.8571 0.9578
vt 1.2857 0.9578
vt 1.7143 0.9578
vt 2.1429 0.9578
vt 2.5714 0.9578
vt 3.0000 0.9578
vt 0.0000 1.1495
vt 0.4286 1.1495
vt 0.8571 1.1495
vt 1.2857 1.1495
vt 1.7143 1.1495
vt 2.1429 1.1495
vt 2.5714 1.1495
vt 3.0000 1.1495
vt 0.0000 1.3410
vt 0.4286 1.3410
vt 0.8571 1.3410
vt 1.2857 1.3410
vt 1.7143 1.3410
vt 2.1429 1.3410
vt 2.5714 1.3410
vt 3.0000 1.3410
vt 0.0000 1.5325
vt 0.4286 1.5325
vt 0.8571 1.5325
vt 1.2857 1.5325
vt 1.7143 1.5325
vt 2.1429 1.5325
vt 2.5714 1.5325
vt 3.0000 1.5325
vt 0.0000 1.7240
vt 0.4286 1.7240
vt 0.8571 1.7240
vt 1.2857 1.7240
vt 1.7143 1.7240
vt 2.1429 1.7240
vt 2.5714 1.7240
vt 3.0000 1.7240
vt 0.0000 1.9156
vt 0.4286 1.9156
vt 0.8571 1.9156
vt 1.2857 1.9156
vt 1.7143 1.9156
vt 2.1429 1.9156
vt 2.5714 1.9156
vt 3.0000 1.9156
vt 0.0000 2.1072
vt 0.4286 2.1072
vt 0.8571 2.1072
vt 1.2857 2.1072
vt 1.7143 2.1072
vt 2.1429 2.1072
vt 2.5714 2.1072
vt 3.0000 2.1072
vt 0.0000 2.2988
vt 0.4286 2.2988
vt 0.8571 2.2988
vt 1.2857 2.2988
vt 1.7143 2.2988
vt 2.1429 2.2988
vt 2.5714 2.2988
vt 3.0000 2.2988
vt 0.0000 2.4903
vt 0.4286 2.4903
vt 0.8571 2.4903
vt 1.2857 2.4903
vt 1.7143 2.4903
vt 2.1429 2.4903
vt 2.5714 2.4903
vt 3.0000 2.4903
vt 0.0000 2.6819
vt 0.4286 2.6819
vt 0.8571 2.6819
vt 1.2857 2.6819
vt 1.7143 2.6819
vt 2.1429 2.6819
vt 2.5714 2.6819
vt 3.0000 2.6819
vt 0.0000 2.8734
vt 0.4286 2.8734
vt 0.8571 2.8734
vt 1.2857 2.8734
vt 1.7143 2.8734
vt 2.1429 2.8734
vt 2.5714 2.8734
vt 3.0000 2.8734
vt 0.0000 3.0649
vt 0.4286 3.0649
vt 0.8571 3.0649
vt 1.2857 3.0649
vt 1.7143 3.0649
vt 2.1429 3.0649
vt 2.5714 3.0649
vt 3.0000 3.0649
vt 0.0000 3.2566
vt 0.4286 3.2566
vt 0.8571 3.2566
vt 1.2857 3.2566
vt 1.7143 3.2566
vt 2.1429 3.2566
vt 2.5714 3.2566
vt 3.0000 3.2566
vt 0.0000 3.4482
vt 0.4286 3.4482
vt 0.8571 3.4482
vt 1.2857 3.4482
vt 1.7143 3.4482
vt 2.1429 3.4482
vt 2.5714 3.4482
vt 3.0000 3.4482
vt 0.0000 3.6397
vt 0.4286 3.6397
vt 0.8571 3.6397
vt 1.2857 3.6397
vt 1.7143 3.6397
vt 2.1429 3.6397
vt 2.5714 3.6397
vt 3.0000 3.6397
vt 0.0000 3.8313
vt 0.4286 3.8313
vt 0.8571 3.8313
vt 1.2857 3.8313
vt 1.7143 3.8313
vt 2.1429 3.8313
vt 2.5714 3.8313
vt 3.0000 3.8313
vt 0.0000 4.0229
vt 0.4286 4.0229
vt 0.8571 4.0229
vt 1.2857 4.0229
vt 1.7143 4.0229
vt 2.1429 4.0229
vt 2.5714 4.0229
vt 3.0000 4.0229
vt 0.0000 4.2144
vt 0.4286 4.2144
vt 0.8571 4.2144
vt 1.2857 4.2144
vt 1.7143 4.2144
vt 2.1429 4.2144
vt 2.5714 4.2144
vt 3.0000 4.2144
vt 0.0000 4.4060
vt 0.4286 4.4060
vt 0.8571 4.4060
vt 1.2857 4.4060
vt 1.7143 4.4060
vt 2.1429 4.4060
vt 2.5714 4.4060
vt 3.0000 4.4060
vt 0.0000 4.5975
vt 0.4286 4.5975
vt 0.8571 4.5975
vt 1.2857 4.5975
vt 1.7143 4.5975
vt 2.1429 4.5975
vt 2.5714 4.5975
vt 3.0000 4.5975
vt 0.0000 4.7890
vt 0.4286 4.7890
vt 0.8571 4.7890
vt 1.2857 4.7890
vt 1.7143 4.7890
vt 2.1429 4.7890
vt 2.5714 4.7890
vt 3.0000 4.7890
vt 0.0000 4.9807
vt 0.4286 4.9807
vt 0.8571 4.9807
vt 1.2857 4.9807
vt 1.7143 4.9807
vt 2.1429 4.9807
vt 2.5714 4.9807
vt 3.0000 4.9807
vt 0.0000 5.1722
vt 0.4286 5.1722
vt 0.8571 5.1722
vt 1.2857 5.1722
vt 1.7143 5.1722
vt 2.1429 5.1722
vt 2.5714 5.1722
vt 3.0000 5.1722
vt 0.0000 5.3637
vt 0.4286 5.3637
vt 0.8571 5.3637
vt 1.2857 5.3637
vt 1.7143 5.3637
vt 2.1429 5.3637
vt 2.5714 5.3637
vt 3.0000 5.3637
vt 0.0000 5.5553
vt 0.4286 5.5553
vt 0.8571 5.5553
vt 1.2857 5.5553
vt 1.7143 5.5553
vt 2.1429 5.5553
vt 2.5714 5.5553
vt 3.0000 5.5553
vt 0.0000 5.7468
vt 0.4286 5.7468
vt 0.8571 5.7468
vt 1.2857 5.7468
vt 1.7143 5.7468
vt 2.1429 5.7468
vt 2.5714 5.7468
vt 3.0000 5.7468
vt 0.5000 5.7586
vn -0.426 0.018 -0.904
vn -0.973 -0.001 -0.231
vn -0.787 -0.020 0.616
vn -0.009 -0.023 1.000
vn 0.776 -0.009 0.630
vn 0.977 0.012 -0.214
vn 0.442 0.024 -0.897
vn -0.426 0.018 -0.904
vn -0.426 -0.004 -0.905
vn -0.973 0.006 -0.231
vn -0.787 0.012 0.617
vn -0.008 0.009 1.000
vn 0.777 -0.001 0.630
vn 0.977 -0.010 -0.214
vn 0.441 -0.012 -0.897
vn -0.426 -0.004 -0.905
vn -0.427 -0.016 -0.904
vn -0.973 0.008 -0.231
vn -0.787 0.026 0.617
vn -0.008 0.024 1.000
vn 0.777 0.004 0.630
vn 0.977 -0.019 -0.214
vn 0.441 -0.028 -0.897
vn -0.427 -0.016 -0.904
vn -0.426 0.003 -0.904
vn -0.973 0.010 -0.231
vn -0.787 0.009 0.617
vn -0.008 0.002 1.000
vn 0.777 -0.007 0.630
vn 0.977 -0.011 -0.215
vn 0.441 -0.006 -0.897
vn -0.426 0.003 -0.904
vn -0.426 0.015 -0.904
vn -0.973 0.016 -0.230
vn -0.787 0.005 0.617
vn -0.008 -0.010 1.000
vn 0.777 -0.017 0.630
vn 0.977 -0.012 -0.215
vn 0.441 0.002 -0.897
vn -0.426 0.015 -0.904
vn -0.426 0.022 -0.904
vn -0.973 0.005 -0.231
vn -0.787 -0.016 0.617
vn -0.008 -0.025 1.000
vn 0.777 -0.015 0.630
vn 0.977 0.006 -0.214
vn 0.441 0.022 -0.897
vn -0.426 0.022 -0.904
vn -0.426 0.023 -0.904
vn -0.973 0.005 -0.231
vn -0.787 -0.017 0.617
vn -0.008 -0.026 1.000
vn 0.777 -0.016 0.630
vn 0.977 0.006 -0.214
vn 0.441 0.024 -0.897
vn -0.426 0.023 -0.904
vn -0.426 0.007 -0.904
vn -0.973 0.004 -0.231
vn -0.787 -0.002 0.617
vn -0.008 -0.007 1.000
vn 0.777 -0.006 0.630
vn 0.977 -0.001 -0.214
vn 0.441 0.005 -0.897
vn -0.426 0.007 -0.904
vn -0.426 0.001 -0.905
vn -0.973 -0.005 -0.231
vn -0.787 -0.007 0.617
vn -0.008 -0.004 1.000
vn 0.777 0.002 0.630
vn 0.977 0.007 -0.214
vn 0.441 0.006 -0.897
vn -0.426 0.001 -0.905
vn -0.426 -0.005 -0.905
vn -0.973 -0.003 -0.231
vn -0.787 0.001 0.617
vn -0.008 0.005 1.000
vn 0.777 0.005 0.630
vn 0.977 0.001 -0.214
vn 0.441 -0.004 -0.897
vn -0.426 -0.005 -0.905
vn -0.426 -0.004 -0.905
vn -0.973 -0.013 -0.231
vn -0.787 -0.012 0.617
vn -0.008 -0.002 1.000
vn 0.777 0.009 0.630
vn 0.977 0.013 -0.214
vn 0.441 0.007 -0.897
vn -0.426 -0.004 -0.905
vn -0.427 0.009 -0.904
vn -0.973 -0.000 -0.230
vn -0.787 -0.010 0.617
vn -0.008 -0.012 1.000
vn 0.777 -0.005 0.630
vn 0.977 0.006 -0.215
vn 0.441 0.012 -0.897
vn -0.427 0.009 -0.904
vn -0.427 -0.005 -0.904
vn -0.973 0.003 -0.230
vn -0.787 0.009 0.617
vn -0.008 0.008 1.000
vn 0.777 0.001 0.630
vn 0.977 -0.006 -0.215
vn 0.441 -0.009 -0.897
vn -0.427 -0.005 -0.904
vn -0.427 -0.010 -0.904
vn -0.973 0.000 -0.230
vn -0.787 0.010 0.617
vn -0.008 0.012 1.000
vn 0.777 0.005 0.630
vn 0.977 -0.006 -0.215
vn 0.441 -0.012 -0.897
vn -0.427 -0.010 -0.904
vn -0.427 -0.001 -0.904
vn -0.973 0.009 -0.230
vn -0.787 0.012 0.617
vn -0.008 0.007 1.000
vn 0.777 -0.004 0.630
vn 0.977 -0.012 -0.215
vn 0.441 -0.011 -0.897
vn -0.427 -0.001 -0.904
vn -0.427 0.003 -0.904
vn -0.973 0.014 -0.230
vn -0.787 0.015 0.617
vn -0.008 0.004 1.000
vn 0.777 -0.009 0.630
vn 0.977 -0.016 -0.215
vn 0.441 -0.011 -0.897
vn -0.427 0.003 -0.904
vn -0.426 0.020 -0.904
vn -0.973 0.012 -0.230
vn -0.787 -0.005 0.617
vn -0.008 -0.018 1.000
vn 0.777 -0.018 0.630
vn 0.977 -0.004 -0.215
vn 0.441 0.012 -0.897
vn -0.426 0.020 -0.904
vn -0.426 0.009 -0.905
vn -0.973 -0.005 -0.231
vn -0.787 -0.016 0.617
vn -0.008 -0.015 1.000
vn 0.777 -0.002 0.630
vn 0.977 0.012 -0.214
vn 0.441 0.017 -0.897
vn -0.426 0.009 -0.905
vn -0.426 -0.006 -0.905
vn -0.973 -0.001 -0.231
vn -0.787 0.004 0.617
vn -0.008 0.006 1.000
vn 0.777 0.004 0.630
vn 0.977 -0.002 -0.214
vn 0.441 -0.006 -0.897
vn -0.426 -0.006 -0.905
vn -0.426 -0.007 -0.905
vn -0.973 -0.017 -0.231
vn -0.787 -0.014 0.617
vn -0.008 -0.001 1.000
vn 0.777 0.013 0.630
vn 0.977 0.017 -0.214
vn 0.441 0.008 -0.897
vn -0.426 -0.007 -0.905
vn -0.426 -0.005 -0.905
vn -0.973 -0.012 -0.231
vn -0.787 -0.011 0.617
vn -0.008 -0.001 1.000
vn 0.777 0.010 0.630
vn 0.977 0.013 -0.214
vn 0.441 0.006 -0.897
vn -0.426 -0.005 -0.905
vn -0.426 0.010 -0.905
vn -0.973 0.022 -0.231
vn -0.787 0.017 0.617
vn -0.008 -0.001 1.000
vn 0.776 -0.018 0.630
vn 0.977 -0.022 -0.214
vn 0.441 -0.009 -0.897
vn -0.426 0.010 -0.905
vn -0.426 0.007 -0.905
vn -0.973 0.023 -0.231
vn -0.787 0.022 0.617
vn -0.008 0.004 1.000
vn 0.776 -0.017 0.630
vn 0.976 -0.025 -0.214
vn 0.441 -0.015 -0.897
vn -0.426 0.007 -0.905
vn -0.426 -0.002 -0.905
vn -0.973 0.015 -0.231
vn -0.787 0.020 0.617
vn -0.008 0.010 1.000
vn 0.777 -0.007 0.630
vn 0.977 -0.019 -0.214
vn 0.441 -0.017 -0.897
vn -0.426 -0.002 -0.905
vn -0.426 -0.010 -0.904
vn -0.973 0.002 -0.231
vn -0.787 0.013 0.617
vn -0.008 0.014 1.000
vn 0.777 0.004 0.630
vn 0.977 -0.009 -0.214
vn 0.441 -0.015 -0.897
vn -0.426 -0.010 -0.904
vn -0.427 -0.015 -0.904
vn -0.973 0.005 -0.231
vn -0.787 0.022 0.617
vn -0.008 0.022 1.000
vn 0.777 0.006 0.630
vn 0.977 -0.015 -0.214
vn 0.441 -0.025 -0.897
vn -0.427 -0.015 -0.904
vn -0.426 -0.001 -0.905
vn -0.973 0.019 -0.231
vn -0.787 0.025 0.617
vn -0.008 0.012 1.000
vn 0.776 -0.010 0.630
vn 0.977 -0.024 -0.214
vn 0.441 -0.020 -0.897
vn -0.426 -0.001 -0.905
vn -0.426 0.016 -0.905
vn -0.973 0.016 -0.231
vn -0.787 0.004 0.617
vn -0.009 -0.011 1.000
vn 0.776 -0.018 0.630
vn 0.977 -0.011 -0.214
vn 0.442 0.004 -0.897
vn -0.426 0.016 -0.905
vn -0.426 0.005 -0.905
vn -0.973 0.005 -0.231
vn -0.787 0.000 0.617
vn -0.009 -0.004 1.000
vn 0.776 -0.006 0.630
vn 0.977 -0.003 -0.214
vn 0.442 0.002 -0.897
vn -0.426 0.005 -0.905
vn -0.426 -0.011 -0.905
vn -0.973 -0.006 -0.231
vn -0.787 0.004 0.617
vn -0.009 0.010 1.000
vn 0.776 0.009 0.630
vn 0.977 0.001 -0.214
vn 0.442 -0.008 -0.897
vn -0.426 -0.011 -0.905
vn -0.426 -0.012 -0.905
vn -0.973 -0.009 -0.231
vn -0.787 0.001 0.617
vn -0.009 0.010 1.000
vn 0.776 0.012 0.630
vn 0.977 0.004 -0.214
vn 0.442 -0.006 -0.897
vn -0.426 -0.012 -0.905
vn -0.007 1.000 -0.011
f 1/1/1 9/9/9 2/2/2
f 2/2/2 9/9/9 10/10/10
f 2/2/2 10/10/10 3/3/3
f 3/3/3 10/10/10 11/11/11
f 3/3/3 11/11/11 4/4/4
f 4/4/4 11/11/11 12/12/12
f 4/4/4 12/12/12 5/5/5
f 5/5/5 12/12/12 13/13/13
f 5/5/5 13/13/13 6/6/6
f 6/6/6 13/13/13 14/14/14
f 6/6/6 14/14/14 7/7/7
f 7/7/7 14/14/14 15/15/15
f 7/7/7 15/15/15 8/8/8
f 8/8/8 15/15/15 16/16/16
f 9/9/9 17/17/17 10/10/10
f 10/10/10 17/17/17 18/18/18
f 10/10/10 18/18/18 11/11/11
f 11/11/11 18/18/18 19/19/19
f 11/11/11 19/19/19 12/12/12
f 12/12/12 19/19/19 20/20/20
f 12/12/12 20/20/20 13/13/13
f 13/13/13 20/20/20 21/21/21
f 13/13/13 21/21/21 14/14/14
f 14/14/14 21/21/21 22/22/22
f 14/14/14 22/22/22 15/15/15
f 15/15/15 22/22/22 23/23/23
f 15/15/15 23/23/23 16/16/16
f 16/16/16 23/23/23 24/24/24
f 17/17/17 25/25/25 18/18/18
f 18/18/18 25/25/25 26/26/26
f 18/18/18 26/26/26 19/19/19
f 19/19/19 26/26/26 27/27/27
f 19/19/19 27/27/27 20/20/20
f 20/20/20 27/27/27 28/28/28
f 20/20/20 28/28/28 21/21/21
f 21/21/21 28/28/28 29/29/29
f 21/21/21 29/29/29 22/22/22
f 22/22/22 29/29/29 30/30/30
f 22/22/22 30/30/30 23/23/23
f 23/23/23 30/30/30 31/31/31
f 23/23/23 31/31/31 24/24/24
f 24/24/24 31/31/31 32/32/32
f 25/25/25 33/33/33 26/26/26
f 26/26/26 33/33/33 34/34/34
f 26/26/26 34/34/34 27/27/27
f 27/27/27 34/34/34 35/35/35
f 27/27/27 35/35/35 28/28/28
f 28/28/28 35/35/35 36/36/36
f 28/28/28 36/36/36 29/29/29
f 29/29/29 36/36/36 37/37/37
f 29/29/29 37/37/37 30/30/30
f 30/30/30 37/37/37 38/38/38
f 30/30/30 38/38/38 31/31/31
f 31/31/31 38/38/38 39/39/39
f 31/31/31 39/39/39 32/32/32
f 32/32/32 39/39/39 40/40/40
f 33/33/33 41/41/41 34/34/34
f 34/34/34 41/41/41 42/42/42
f 34/34/34 42/42/42 35/35/35
f 35/35/35 42/42/42 43/43/43
f 35/35/35 43/43/43 36/36/36
f 36/36/36 43/43/43 44/44/44
f 36/36/36 44/44/44 37/37/37
f 37/37/37 44/44/44 45/45/45
f 37/37/37 45/45/45 38/38/38
f 38/38/38 45/45/45 46/46/46
f 38/38/38 46/46/46 39/39/39
f 39/39/39 46/46/46 47/47/47
f 39/39/39 47/47/47 40/40/40
f 40/40/40 47/47/47 48/48/48
f 41/41/41 49/49/49 42/42/42
f 42/42/42 49/49/49 50/50/50
f 42/42/42 50/50/50 43/43/43
f 43/43/43 50/50/50 51/51/51
f 43/43/43 51/51/51 44/44/44
f 44/44/44 51/51/51 52/52/52
f 44/44/44 52/52/52 45/45/45
f 45/45/45 52/52/52 53/53/53
f 45/45/45 53/53/53 46/46/46
f 46/46/46 53/53/53 54/54/54
f 46/46/46 54/54/54 47/47/47
f 47/47/47 54/54/54 55/55/55
f 47/47/47 55/55/55 48/48/48
f 48/48/48 55/55/55 56/56/56
f 49/49/49 57/57/57 50/50/50
f 50/50/50 57/57/57 58/58/58
f 50/50/50 58/58/58 51/51/51
f 51/51/51 58/58/58 59/59/59
f 51/51/51 59/59/59 52/52/52
f 52/52/52 59/59/59 60/60/60
f 52/52/52 60/60/60 53/53/53
f 53/53/53 60/60/60 61/61/61
f 53/53/53 61/61/61 54/54/54
f 54/54/54 61/61/61 62/62/62
f 54/54/54 62/62/62 55/55/55
f 55/55/55 62/62/62 63/63/63
f 55/55/55 63/63/63 56/56/56
f 56/56/56 63/63/63 64/64/64
f 57/57/57 65/65/65 58/58/58
f 58/58/58 65/65/65 66/66/66
f 58/58/58 66/66/66 59/59/59
f 59/59/59 66/66/66 67/67/67
f 59/59/59 67/67/67 60/60/60
f 60/60/60 67/67/67 68/68/68
f 60/60/60 68/68/68 61/61/61
f 61/61/61 68/68/68 69/69/69
f 61/61/61 69/69/69 62/62/62
f 62/62/62 69/69/69 70/70/70
f 62/62/62 70/70/70 63/63/63
f 63/63/63 70/70/70 71/71/71
f 63/63/63 71/71/71 64/64/64
f 64/64/64 71/71/71 72/72/72
f 65/65/65 73/73/73 66/66/66
f 66/66/66 73/73/73 74/74/74
f 66/66/66 74/74/74 67/67/67
f 67/67/67 74/74/74 75/75/75
f 67/67/67 75/75/75 68/68/68
f 68/68/68 75/75/75 76/76/76
f 68/68/68 76/76/76 69/69/69
f 69/69/69 76/76/76 77/77/77
f 69/69/69 77/77/77 70/70/70
f 70/70/70 77/77/77 78/78/78
f 70/70/70 78/78/78 71/71/71
f 71/71/71 78/78/78 79/79/79
f 71/71/71 79/79/79 72/72/72
f 72/72/72 79/79/79 80/80/80
f 73/73/73 81/81/81 74/74/74
f 74/74/74 81/81/81 82/82/82
f 74/74/74 82/82/82 75/75/75
f 75/75/75 82/82/82 83/83/83
f 75/75/75 83/83/83 76/76/76
f 76/76/76 83/83/83 84/84/84
f 76/76/76 84/84/84 77/77/77
f 77/77/77 84/84/84 85/85/85
f 77/77/77 85/85/85 78/78/78
f 78/78/78 85/85/85 86/86/86
f 78/78/78 86/86/86 79/79/79
f 79/79/79 86/86/86 87/87/87
f 79/79/79 87/87/87 80/80/80
f 80/80/80 87/87/87 88/88/88
f 81/81/81 89/89/89 82/82/82
f 82/82/82 89/89/89 90/90/90
f 82/82/82 90/90/90 83/83/83
f 83/83/83 90/90/90 91/91/91
f 83/83/83 91/91/91 84/84/84
f 84/84/84 91/91/91 92/92/92
f 84/84/84 92/92/92 85/85/85
f 85/85/85 92/92/92 93/93/93
f 85/85/85 93/93/93 86/86/86
f 86/86/86 93/93/93 94/94/94
f 86/86/86 94/94/94 87/87/87
f 87/87/87 94/94/94 95/95/95
f 87/87/87 95/95/95 88/88/88
f 88/88/88 95/95/95 96/96/96
f 89/89/89 97/97/97 90/90/90
f 90/90/90 97/97/97 98/98/98
f 90/90/90 98/98/98 91/91/91
f 91/91/91 98/98/98 99/99/99
f 91/91/91 99/99/99 92/92/92
f 92/92/92 99/99/99 100/100/100
f 92/92/92 100/100/100 93/93/93
f 93/93/93 100/100/100 101/101/101
f 93/93/93 101/101/101 94/94/94
f 94/94/94 101/101/101 102/102/102
f 94/94/94 102/102/102 95/95/95
f 95/95/95 102/102/102 103/103/103
f 95/95/95 103/103/103 96/96/96
f 96/96/96 103/103/103 104/104/104
f 97/97/97 105/105/105 98/98/98
f 98/98/98 105/105/105 106/106/106
f 98/98/98 106/106/106 99/99/99
f 99/99/99 106/106/106 107/107/107
f 99/99/99 107/107/107 100/100/100
f 100/100/100 107/107/107 108/108/108
f 100/100/100 108/108/108 101/101/101
f 101/101/101 108/108/108 109/109/109
f 101/101/101 109/109/109 102/102/102
f 102/102/102 109/109/109 110/110/110
f 102/102/102 110/110/110 103/103/103
f 103/103/103 110/110/110 111/111/111
f 103/103/103 111/111/111 104/104/104
f 104/104/104 111/111/111 112/112/112
f 105/105/105 113/113/113 106/106/106
f 106/106/106 113/113/113 114/114/114
f 106/106/106 114/114/114 107/107/107
f 107/107/107 114/114/114 115/115/115
f 107/107/107 115/115/115 108/108/108
f 108/108/108 115/115/115 116/116/116
f 108/108/108 116/116/116 109/109/109
f 109/109/109 116/116/116 117/117/117
f 109/109/109 117/117/117 110/110/110
f 110/110/110 117/117/117 118/118/118
f 110/110/110 118/118/118 111/111/111
f 111/111/111 118/118/118 119/119/119
f 111/111/111 119/119/119 112/112/112
f 112/112/112 119/119/119 120/120/120
f 113/113/113 121/121/121 114/114/114
f 114/114/114 121/121/121 122/122/122
f 114/114/114 122/122/122 115/115/115
f 115/115/115 122/122/122 123/123/123
f 115/115/115 123/123/123 116/116/116
f 116/116/116 123/123/123 124/124/124
f 116/116/116 124/124/124 117/117/117
f 117/117/117 124/124/124 125/125/125
f 117/117/117 125/125/125 118/118/118
f 118/118/118 125/125/125 126/126/126
f 118/118/118 126/126/126 119/119/119
f 119/119/119 126/126/126 127/127/127
f 119/119/119 127/127/127 120/120/120
f 120/120/120 127/127/127 128/128/128
f 121/121/121 129/129/129 122/122/122
f 122/122/122 129/129/129 130/130/130
f 122/122/122 130/130/130 123/123/123
f 123/123/123 130/130/130 131/131/131
f 123/123/123 131/131/131 124/124/124
f 124/124/124 131/131/131 132/132/132
f 124/124/124 132/132/132 125/125/125
f 125/125/125 132/132/132 133/133/133
f 125/125/125 133/133/133 126/126/126
f 126/126/126 133/133/133 134/134/134
f 126/126/126 134/134/134 127/127/127
f 127/127/127 134/134/134 135/135/135
f 127/127/127 135/135/135 128/128/128
f 128/128/128 135/135/135 136/136/136
f 129/129/129 137/137/137 130/130/130
f 130/130/130 137/137/137 138/138/138
f 130/130/130 138/138/138 131/131/131
f 131/131/131 138/138/138 139/139/139
f 131/131/131 139/139/139 132/132/132
f 132/132/132 139/139/139 140/140/140
f 132/132/132 140/140/140 133/133/133
f 133/133/133 140/140/140 141/141/141
f 133/133/133 141/141/141 134/134/134
f 134/134/134 141/141/141 142/142/142
f 134/134/134 142/142/142 135/135/135
f 135/135/135 142/142/142 143/143/143
f 135/135/135 143/143/143 136/136/136
f 136/136/136 143/143/143 144/144/144
f 137/137/137 145/145/145 138/138/138
f 138/138/138 145/145/145 146/146/146
f 138/138/138 146/146/146 139/139/139
f 139/139/139 146/146/146 147/147/147
f 139/139/139 147/147/147 140/140/140
f 140/140/140 147/147/147 148/148/148
f 140/140/140 148/148/148 141/141/141
f 141/141/141 148/148/148 149/149/149
f 141/141/141 149/149/149 142/142/142
f 142/142/142 149/149/149 150/150/150
f 142/142/142 150/150/150 143/143/143
f 143/143/143 150/150/150 151/151/151
f 143/143/143 151/151/151 144/144/144
f 144/144/144 151/151/151 152/152/152
f 145/145/145 153/153/153 146/146/146
f 146/146/146 153/153/153 154/154/154
f 146/146/146 154/154/154 147/147/147
f 147/147/147 154/154/154 155/155/155
f 147/147/147 155/155/155 148/148/148
f 148/148/148 155/155/155 156/156/156
f 148/148/148 156/156/156 149/149/149
f 149/149/149 156/156/156 157/157/157
f 149/149/149 157/157/157 150/150/150
f 150/150/150 157/157/157 158/158/158
f 150/150/150 158/158/158 151/151/151
f 151/151/151 158/158/158 159/159/159
f 151/151/151 159/159/159 152/152/152
f 152/152/152 159/159/159 160/160/160
f 153/153/153 161/161/161 154/154/154
f 154/154/154 161/161/161 162/162/162
f 154/154/154 162/162/162 155/155/155
f 155/155/155 162/162/162 163/163/163
f 155/155/155 163/163/163 156/156/156
f 156/156/156 163/163/163 164/164/164
f 156/156/156 164/164/164 157/157/157
f 157/157/157 164/164/164 165/165/165
f 157/157/157 165/165/165 158/158/158
f 158/158/158 165/165/165 166/166/166
f 158/158/158 166/166/166 159/159/159
f 159/159/159 166/166/166 167/167/167
f 159/159/159 167/167/167 160/160/160
f 160/160/160 167/167/167 168/168/168
f 161/161/161 169/169/169 162/162/162
f 162/162/162 169/169/169 170/170/170
f 162/162/162 170/170/170 163/163/163
f 163/163/163 170/170/170 171/171/171
f 163/163/163 171/171/171 164/164/164
f 164/164/164 171/171/171 172/172/172
f 164/164/164 172/172/172 165/165/165
f 165/165/165 172/172/172 173/173/173
f 165/165/165 173/173/173 166/166/166
f 166/166/166 173/173/173 174/174/174
f 166/166/166 174/174/174 167/167/167
f 167/167/167 174/174/174 175/175/175
f 167/167/167 175/175/175 168/168/168
f 168/168/168 175/175/175 176/176/176
f 169/169/169 177/177/177 170/170/170
f 170/170/170 177/177/177 178/178/178
f 170/170/170 178/178/178 171/171/171
f 171/171/171 178/178/178 179/179/179
f 171/171/171 179/179/179 172/172/172
f 172/172/172 179/179/179 180/180/180
f 172/172/172 180/180/180 173/173/173
f 173/173/173 180/180/180 181/181/181
f 173/173/173 181/181/181 174/174/174
f 174/174/174 181/181/181 182/182/182
f 174/174/174 182/182/182 175/175/175
f 175/175/175 182/182/182 183/183/183
f 175/175/175 183/183/183 176/176/176
f 176/176/176 183/183/183 184/184/184
f 177/177/177 185/185/185 178/178/178
f 178/178/178 185/185/185 186/186/186
f 178/178/178 186/186/186 179/179/179
f 179/179/179 186/186/186 187/187/187
f 179/179/179 187/187/187 180/180/180
f 180/180/180 187/187/187 188/188/188
f 180/180/180 188/188/188 181/181/181
f 181/181/181 188/188/188 189/189/189
f 181/181/181 189/189/189 182/182/182
f 182/182/182 189/189/189 190/190/190
f 182/182/182 190/190/190 183/183/183
f 183/183/183 190/190/190 191/191/191
f 183/183/183 191/191/191 184/184/184
f 184/184/184 191/191/191 192/192/192
f 185/185/185 193/193/193 186/186/186
f 186/186/186 193/193/193 194/194/194
f 186/186/186 194/194/194 187/187/187
f 187/187/187 194/194/194 195/195/195
f 187/187/187 195/195/195 188/188/188
f 188/188/188 195/195/195 196/196/196
f 188/188/188 196/196/196 189/189/189
f 189/189/189 196/196/196 197/197/197
f 189/189/189 197/197/197 190/190/190
f 190/190/190 197/197/197 198/198/198
f 190/190/190 198/198/198 191/191/191
f 191/191/191 198/198/198 199/199/199
f 191/191/191 199/199/199 192/192/192
f 192/192/192 199/199/199 200/200/200
f 193/193/193 201/201/201 194/194/194
f 194/194/194 201/201/201 202/202/202
f 194/194/194 202/202/202 195/195/195
f 195/195/195 202/202/202 203/203/203
f 195/195/195 203/203/203 196/196/196
f 196/196/196 203/203/203 204/204/204
f 196/196/196 204/204/204 197/197/197
f 197/197/197 204/204/204 205/205/205
f 197/197/197 205/205/205 198/198/198
f 198/198/198 205/205/205 206/206/206
f 198/198/198 206/206/206 199/199/199
f 199/199/199 206/206/206 207/207/207
f 199/199/199 207/207/207 200/200/200
f 200/200/200 207/207/207 208/208/208
f 201/201/201 209/209/209 202/202/202
f 202/202/202 209/209/209 210/210/210
f 202/202/202 210/210/210 203/203/203
f 203/203/203 210/210/210 211/211/211
f 203/203/203 211/211/211 204/204/204
f 204/204/204 211/211/211 212/212/212
f 204/204/204 212/212/212 205/205/205
f 205/205/205 212/212/212 213/213/213
f 205/205/205 213/213/213 206/206/206
f 206/206/206 213/213/213 214/214/214
f 206/206/206 214/214/214 207/207/207
f 207/207/207 214/214/214 215/215/215
f 207/207/207 215/215/215 208/208/208
f 208/208/208 215/215/215 216/216/216
f 209/209/209 217/217/217 210/210/210
f 210/210/210 217/217/217 218/218/218
f 210/210/210 218/218/218 211/211/211
f 211/211/211 218/218/218 219/219/219
f 211/211/211 219/219/219 212/212/212
f 212/212/212 219/219/219 220/220/220
f 212/212/212 220/220/220 213/213/213
f 213/213/213 220/220/220 221/221/221
f 213/213/213 221/221/221 214/214/214
f 214/214/214 221/221/221 222/222/222
f 214/214/214 222/222/222 215/215/215
f 215/215/215 222/222/222 223/223/223
f 215/215/215 223/223/223 216/216/216
f 216/216/216 223/223/223 224/224/224
f 217/217/217 225/225/225 218/218/218
f 218/218/218 225/225/225 226/226/226
f 218/218/218 226/226/226 219/219/219
f 219/219/219 226/226/226 227/227/227
f 219/219/219 227/227/227 220/220/220
f 220/220/220 227/227/227 228/228/228
f 220/220/220 228/228/228 221/221/221
f 221/221/221 228/228/228 229/229/229
f 221/221/221 229/229/229 222/222/222
f 222/222/222 229/229/229 230/230/230
f 222/222/222 230/230/230 223/223/223
f 223/223/223 230/230/230 231/231/231
f 223/223/223 231/231/231 224/224/224
f 224/224/224 231/231/231 232/232/232
f 225/225/225 233/233/233 226/226/226
f 226/226/226 233/233/233 234/234/234
f 226/226/226 234/234/234 227/227/227
f 227/227/227 234/234/234 235/235/235
f 227/227/227 235/235/235 228/228/228
f 228/228/228 235/235/235 236/236/236
f 228/228/228 236/236/236 229/229/229
f 229/229/229 236/236/236 237/237/237
f 229/229/229 237/237/237 230/230/230
f 230/230/230 237/237/237 238/238/238
f 230/230/230 238/238/238 231/231/231
f 231/231/231 238/238/238 239/239/239
f 231/231/231 239/239/239 232/232/232
f 232/232/232 239/239/239 240/240/240
f 233/233/233 241/241/241 234/234/234
f 234/234/234 241/241/241 242/242/242
f 234/234/234 242/242/242 235/235/235
f 235/235/235 242/242/242 243/243/243
f 235/235/235 243/243/243 236/236/236
f 236/236/236 243/243/243 244/244/244
f 236/236/236 244/244/244 237/237/237
f 237/237/237 244/244/244 245/245/245
f 237/237/237 245/245/245 238/238/238
f 238/238/238 245/245/245 246/246/246
f 238/238/238 246/246/246 239/239/239
f 239/239/239 246/246/246 247/247/247
f 239/239/239 247/247/247 240/240/240
f 240/240/240 247/247/247 248/248/248
f 241/241/241 242/242/242 249/249/249
f 242/242/242 243/243/243 249/249/249
f 243/243/243 244/244/244 249/249/249
f 244/244/244 245/245/245 249/249/249
f 245/245/245 246/246/246 249/249/249
f 246/246/246 247/247/247 249/249/249
f 247/247/247 248/248/248 249/249/249
usemtl leaves_spruce
s 1
v 0.642 1.480 0.080
v -0.485 1.455 1.379
v -1.459 1.455 0.534
v -0.332 1.480 -0.765
v 0.793 1.480 0.212
v -0.334 1.455 1.510
v -1.308 1.455 0.665
v -0.181 1.480 -0.634
v 0.226 1.050 -0.289
v -0.901 1.025 1.010
v -0.892 1.885 1.034
v 0.235 1.909 -0.264
v -0.046 1.547 0.852
v -1.108 1.367 2.172
v -2.104 1.367 1.371
v -1.041 1.547 0.050
v 0.110 1.547 0.977
v -0.952 1.367 2.297
v -1.948 1.367 1.496
v -0.886 1.547 0.176
v -0.500 1.131 0.430
v -1.562 0.951 1.750
v -1.494 1.783 1.918
v -0.432 1.963 0.598
v -0.344 1.517 1.310
v -1.488 1.287 2.576
v -2.447 1.287 1.710
v -1.302 1.517 0.444
v -0.196 1.517 1.444
v -1.340 1.287 2.710
v -2.298 1.287 1.844
v -1.154 1.517 0.578
v -0.694 1.091 0.916
v -1.838 0.861 2.182
v -1.948 1.713 2.238
v -0.804 1.943 0.972
v -0.862 1.399 1.689
v -1.789 1.266 2.800
v -2.625 1.266 2.102
v -1.699 1.399 0.991
v -0.708 1.399 1.817
v -1.635 1.266 2.928
v -2.472 1.266 2.230
v -1.545 1.399 1.119
v -1.197 1.038 1.366
v -2.124 0.905 2.477
v -2.137 1.627 2.553
v -1.210 1.760 1.442
v -0.863 1.399 1.689
v -1.789 1.266 2.799
v -2.625 1.266 2.102
v -1.699 1.399 0.992
v -0.709 1.399 1.817
v -1.635 1.266 2.927
v -2.471 1.266 2.230
v -1.545 1.399 1.120
v -1.221 1.041 1.348
v -2.147 0.908 2.458
v -2.113 1.624 2.571
v -1.187 1.757 1.462
v 0.377 1.422 0.799
v -0.908 1.438 -0.054
v -0.268 1.438 -1.018
v 1.017 1.422 -0.165
v 0.266 1.422 0.966
v -1.019 1.438 0.112
v -0.379 1.438 -0.851
v 0.906 1.422 0.002
v 0.588 1.048 0.475
v -0.697 1.063 -0.378
v -0.589 1.812 -0.527
v 0.695 1.797 0.326
v -1.125 1.552 -0.053
v -2.508 1.257 -1.050
v -1.750 1.257 -2.103
v -0.366 1.552 -1.107
v -1.241 1.552 0.109
v -2.625 1.257 -0.887
v -1.867 1.257 -1.941
v -0.483 1.552 -0.944
v -0.754 1.126 -0.442
v -2.138 0.831 -1.438
v -2.238 1.683 -1.552
v -0.854 1.978 -0.556
v -1.130 1.550 -0.073
v -2.488 1.260 -1.050
v -1.744 1.260 -2.084
v -0.387 1.550 -1.106
v -1.247 1.550 0.089
v -2.605 1.260 -0.888
v -1.861 1.260 -1.921
v -0.503 1.550 -0.944
v -0.800 1.137 -0.410
v -2.157 0.847 -1.388
v -2.192 1.672 -1.584
v -0.834 1.962 -0.607
v -1.578 1.379 -0.603
v -2.805 1.227 -1.323
v -2.262 1.227 -2.248
v -1.036 1.379 -1.529
v -1.680 1.379 -0.431
v -2.906 1.227 -1.150
v -2.364 1.227 -2.075
v -1.137 1.379 -1.356
v -1.291 1.030 -1.019
v -2.518 0.878 -1.738
v -2.651 1.576 -1.659
v -1.424 1.729 -0.940
v -0.392 1.433 0.388
v -0.833 1.422 -1.131
v 0.306 1.422 -1.461
v 0.746 1.433 0.057
v -0.584 1.433 0.443
v -1.025 1.422 -1.075
v 0.114 1.422 -1.405
v 0.554 1.433 0.113
v 0.078 1.037 0.254
v -0.363 1.027 -1.264
v -0.356 1.817 -1.272
v 0.084 1.828 0.247
v -0.417 1.433 0.452
v -0.888 1.422 -1.172
v 0.330 1.422 -1.525
v 0.801 1.433 0.098
v -0.609 1.433 0.507
v -1.080 1.422 -1.116
v 0.138 1.422 -1.469
v 0.609 1.433 0.154
v 0.119 1.011 0.299
v -0.352 1.000 -1.324
v -0.397 1.844 -1.317
v 0.074 1.855 0.306
v -0.581 1.401 -0.052
v -0.996 1.447 -1.668
v 0.216 1.447 -1.980
v 0.631 1.401 -0.364
v -0.775 1.401 -0.003
v -1.190 1.447 -1.618
v 0.022 1.447 -1.930
v 0.438 1.401 -0.314
v -0.162 0.994 -0.172
v -0.578 1.040 -1.787
v -0.396 1.854 -1.811
v 0.019 1.808 -0.195
v -0.652 1.514 -0.545
v -1.139 1.362 -2.103
v 0.035 1.362 -2.470
v 0.521 1.514 -0.912
v -0.843 1.514 -0.485
v -1.330 1.362 -2.043
v -0.156 1.362 -2.410
v 0.331 1.514 -0.852
v -0.163 1.106 -0.658
v -0.649 0.954 -2.216
v -0.646 1.769 -2.297
v -0.159 1.922 -0.739
v -0.780 1.456 -1.123
v -1.195 1.326 -2.531
v -0.135 1.326 -2.843
v 0.280 1.456 -1.435
v -0.972 1.456 -1.067
v -1.387 1.326 -2.475
v -0.326 1.326 -2.787
v 0.088 1.456 -1.379
v -0.277 1.094 -1.238
v -0.692 0.964 -2.646
v -0.830 1.688 -2.672
v -0.415 1.818 -1.264
v -0.931 1.442 -1.533
v -1.405 1.252 -3.039
v -0.267 1.252 -3.397
v 0.206 1.442 -1.891
v -1.122 1.442 -1.473
v -1.595 1.252 -2.979
v -0.458 1.252 -3.337
v 0.015 1.442 -1.831
v -0.496 1.051 -1.621
v -0.969 0.861 -3.126
v -0.893 1.643 -3.249
v -0.420 1.833 -1.743
v -0.103 1.515 -0.632
v 1.023 1.407 -1.700
v 1.826 1.407 -0.853
v 0.699 1.515 0.215
v -0.241 1.515 -0.777
v 0.885 1.407 -1.845
v 1.688 1.407 -0.998
v 0.562 1.515 0.070
v 0.166 1.132 -0.309
v 1.293 1.024 -1.377
v 1.419 1.790 -1.321
v 0.292 1.897 -0.253
v -0.141 1.517 -0.628
v 1.029 1.405 -1.737
v 1.864 1.405 -0.857
v 0.693 1.517 0.252
v -0.279 1.517 -0.773
v 0.892 1.405 -1.883
v 1.726 1.405 -1.002
v 0.555 1.517 0.107
v 0.164 1.115 -0.265
v 1.335 1.003 -1.375
v 1.421 1.807 -1.365
v 0.250 1.919 -0.255
v 0.376 1.526 -1.070
v 1.451 1.318 -1.992
v 2.149 1.318 -1.177
v 1.075 1.526 -0.255
v 0.246 1.526 -1.222
v 1.321 1.318 -2.143
v 2.019 1.318 -1.329
v 0.945 1.526 -0.407
v 0.643 1.174 -0.679
v 1.718 0.966 -1.600
v 1.752 1.670 -1.720
v 0.677 1.879 -0.798
v 0.803 1.443 -1.369
v 1.813 1.239 -2.374
v 2.575 1.239 -1.609
v 1.564 1.443 -0.604
v 0.662 1.443 -1.511
v 1.672 1.239 -2.516
v 2.434 1.239 -1.751
v 1.423 1.443 -0.745
v 1.093 1.087 -1.005
v 2.103 0.883 -2.010
v 2.143 1.594 -2.115
v 1.133 1.799 -1.109
v 0.679 1.457 -1.352
v 1.830 1.224 -2.498
v 2.698 1.224 -1.626
v 1.547 1.457 -0.480
v 0.538 1.457 -1.494
v 1.689 1.224 -2.640
v 2.557 1.224 -1.767
v 1.406 1.457 -0.622
v 0.935 1.062 -1.015
v 2.087 0.829 -2.160
v 2.301 1.619 -2.105
v 1.149 1.852 -0.960
v -0.692 1.400 -0.734
v 0.936 1.460 -0.346
v 0.644 1.460 0.877
v -0.984 1.400 0.488
v -0.646 1.400 -0.929
v 0.983 1.460 -0.540
v 0.691 1.460 0.682
v -0.938 1.400 0.293
v -0.804 0.982 -0.202
v 0.824 1.041 0.186
v 0.803 1.878 0.150
v -0.826 1.819 -0.239
v -0.134 1.459 -0.531
v 1.320 1.436 -0.185
v 1.060 1.436 0.906
v -0.394 1.459 0.560
v -0.088 1.459 -0.726
v 1.366 1.436 -0.379
v 1.106 1.436 0.711
v -0.348 1.459 0.365
v -0.244 1.086 -0.097
v 1.210 1.063 0.249
v 1.216 1.810 0.277
v -0.238 1.833 -0.069
v 0.329 1.458 -0.496
v 1.886 1.422 -0.067
v 1.564 1.422 1.101
v 0.008 1.458 0.672
v 0.382 1.458 -0.688
v 1.939 1.422 -0.260
v 1.617 1.422 0.908
v 0.061 1.458 0.479
v 0.197 1.056 -0.049
v 1.753 1.020 0.380
v 1.749 1.824 0.461
v 0.193 1.860 0.032
v 0.768 1.490 -0.344
v 2.368 1.367 0.013
v 2.100 1.367 1.217
v 0.500 1.490 0.860
v 0.812 1.490 -0.539
v 2.412 1.367 -0.182
v 2.144 1.367 1.022
v 0.543 1.490 0.665
v 0.621 1.081 0.176
v 2.221 0.958 0.533
v 2.291 1.777 0.502
v 0.691 1.900 0.145
v 0.787 1.489 -0.321
v 2.342 1.369 0.025
v 2.081 1.369 1.195
v 0.526 1.489 0.848
v 0.830 1.489 -0.517
v 2.385 1.369 -0.170
v 2.125 1.369 0.999
v 0.570 1.489 0.653
v 0.642 1.092 0.194
v 2.197 0.972 0.540
v 2.270 1.766 0.485
v 0.715 1.885 0.138
v 1.799 1.442 -0.055
v 3.256 1.188 0.275
v 3.004 1.188 1.384
v 1.548 1.442 1.053
v 1.843 1.442 -0.250
v 3.300 1.188 0.080
v 3.049 1.188 1.188
v 1.592 1.442 0.858
v 1.637 1.069 0.371
v 3.094 0.815 0.701
v 3.210 1.561 0.762
v 1.754 1.815 0.432
v 2.311 1.303 0.103
v 3.686 1.159 0.407
v 3.456 1.159 1.444
v 2.082 1.303 1.140
v 2.354 1.303 -0.092
v 3.729 1.159 0.212
v 3.500 1.159 1.248
v 2.125 1.303 0.944
v 2.174 0.954 0.559
v 3.548 0.810 0.864
v 3.637 1.508 0.792
v 2.263 1.653 0.488
v 0.311 1.392 -0.982
v 0.730 1.468 0.665
v -0.507 1.468 0.979
v -0.925 1.392 -0.668
v 0.505 1.392 -1.031
v 0.924 1.468 0.616
v -0.313 1.468 0.930
v -0.732 1.392 -0.717
v -0.173 0.969 -0.840
v 0.246 1.044 0.807
v 0.171 1.891 0.788
v -0.248 1.816 -0.859
v 0.314 1.392 -0.989
v 0.736 1.468 0.669
v -0.509 1.468 0.986
v -0.931 1.392 -0.672
v 0.508 1.392 -1.038
v 0.929 1.468 0.620
v -0.316 1.468 0.937
v -0.737 1.392 -0.722
v -0.249 0.967 -0.826
v 0.172 1.042 0.832
v 0.248 1.893 0.774
v -0.174 1.818 -0.884
v 0.346 1.446 -0.325
v 0.804 1.464 1.091
v -0.258 1.464 1.435
v -0.716 1.446 0.019
v 0.536 1.446 -0.386
v 0.994 1.464 1.029
v -0.067 1.464 1.373
v -0.526 1.446 -0.042
v -0.035 1.079 -0.197
v 0.423 1.096 1.219
v 0.314 1.832 1.245
v -0.145 1.814 -0.170
v 0.715 1.502 0.716
v 1.135 1.381 2.259
v -0.026 1.381 2.574
v -0.445 1.502 1.032
v 0.908 1.502 0.663
v 1.328 1.381 2.206
v 0.167 1.381 2.522
v -0.252 1.502 0.979
v 0.269 1.105 0.806
v 0.688 0.985 2.349
v 0.614 1.778 2.431
v 0.194 1.899 0.889
v -0.356 1.926 0.772
v -0.555 1.954 -0.711
v 0.558 1.954 -0.859
v 0.756 1.926 0.623
v -0.555 1.926 0.798
v -0.753 1.954 -0.684
v 0.359 1.954 -0.833
v 0.558 1.926 0.650
v 0.165 1.558 0.695
v -0.033 1.586 -0.787
v -0.162 2.322 -0.756
v 0.036 2.294 0.726
v -0.358 1.926 0.775
v -0.557 1.954 -0.713
v 0.559 1.954 -0.863
v 0.758 1.926 0.626
v -0.556 1.926 0.802
v -0.755 1.954 -0.687
v 0.361 1.954 -0.836
v 0.560 1.926 0.652
v 0.023 1.559 0.717
v -0.176 1.587 -0.771
v -0.020 2.321 -0.778
v 0.179 2.293 0.710
v -0.572 1.966 -0.383
v -0.635 1.912 -1.939
v 0.533 1.912 -1.986
v 0.596 1.966 -0.430
v -0.772 1.966 -0.375
v -0.834 1.912 -1.931
v 0.333 1.912 -1.978
v 0.396 1.966 -0.422
v 0.002 1.587 -0.392
v -0.061 1.533 -1.948
v -0.240 2.291 -1.968
v -0.177 2.345 -0.412
v -0.664 2.008 -1.483
v -0.771 1.699 -3.107
v 0.469 1.699 -3.190
v 0.576 2.008 -1.565
v -0.863 2.008 -1.470
v -0.971 1.699 -3.094
v 0.269 1.699 -3.176
v 0.377 2.008 -1.552
v -0.131 1.601 -1.441
v -0.239 1.292 -3.065
v -0.264 2.106 -3.218
v -0.156 2.415 -1.594
v -1.007 1.910 -0.110
v 0.504 1.970 -0.909
v 1.104 1.970 0.225
v -0.407 1.910 1.025
v -1.101 1.910 -0.286
v 0.410 1.970 -1.086
v 1.010 1.970 0.048
v -0.501 1.910 0.848
v -0.699 1.492 0.443
v 0.813 1.552 -0.357
v 0.702 2.388 -0.504
v -0.810 2.328 0.296
v -0.456 1.911 -0.416
v 1.034 2.010 -1.124
v 1.566 2.010 -0.004
v 0.076 1.911 0.704
v -0.542 1.911 -0.597
v 0.948 2.010 -1.305
v 1.480 2.010 -0.185
v -0.010 1.911 0.523
v -0.241 1.504 -0.019
v 1.249 1.603 -0.727
v 1.264 2.417 -0.582
v -0.226 2.317 0.126
v 0.057 2.124 -0.661
v 1.545 1.866 -1.385
v 2.095 1.866 -0.255
v 0.607 2.124 0.469
v -0.030 2.124 -0.841
v 1.458 1.866 -1.565
v 2.008 1.866 -0.435
v 0.519 2.124 0.289
v 0.266 1.718 -0.086
v 1.755 1.460 -0.810
v 1.798 2.272 -1.010
v 0.310 2.530 -0.286
v 1.232 1.932 -1.102
v 2.491 1.774 -1.763
v 2.989 1.774 -0.813
v 1.730 1.932 -0.152
v 1.139 1.932 -1.279
v 2.398 1.774 -1.940
v 2.896 1.774 -0.990
v 1.637 1.932 -0.329
v 1.365 1.585 -0.766
v 2.624 1.427 -1.427
v 2.763 2.121 -1.326
v 1.504 2.279 -0.666
v 1.150 1.939 -1.116
v 2.526 1.767 -1.838
v 3.071 1.767 -0.800
v 1.695 1.939 -0.077
v 1.057 1.939 -1.293
v 2.433 1.767 -2.015
v 2.978 1.767 -0.977
v 1.602 1.939 -0.254
v 1.350 1.552 -0.641
v 2.727 1.379 -1.363
v 2.778 2.155 -1.451
v 1.401 2.327 -0.729
v -0.349 1.959 -0.818
v 0.863 1.921 0.013
v 0.239 1.921 0.922
v -0.973 1.959 0.091
v -0.236 1.959 -0.983
v 0.976 1.921 -0.152
v 0.352 1.921 0.757
v -0.860 1.959 -0.074
v -0.628 1.593 -0.428
v 0.583 1.555 0.404
v 0.631 2.287 0.367
v -0.580 2.325 -0.465
v 0.040 1.909 -0.606
v 1.387 1.945 0.292
v 0.714 1.945 1.303
v -0.634 1.909 0.405
v 0.151 1.909 -0.772
v 1.498 1.945 0.125
v 0.825 1.945 1.136
v -0.523 1.909 0.239
v -0.187 1.513 -0.250
v 1.161 1.549 0.648
v 1.052 2.340 0.780
v -0.296 2.304 -0.117
v 0.402 2.005 -0.308
v 1.847 1.872 0.505
v 1.235 1.872 1.592
v -0.210 2.005 0.779
v 0.500 2.005 -0.482
v 1.945 1.872 0.331
v 1.333 1.872 1.418
v -0.112 2.005 0.604
v 0.079 1.597 0.199
v 1.524 1.464 1.013
v 1.656 2.279 0.911
v 0.211 2.412 0.097
v 0.432 2.000 -0.239
v 1.772 1.877 0.515
v 1.204 1.877 1.523
v -0.135 2.000 0.769
v 0.531 2.000 -0.413
v 1.870 1.877 0.341
v 1.302 1.877 1.349
v -0.037 2.000 0.595
v 0.189 1.617 0.131
v 1.528 1.494 0.885
v 1.546 2.259 0.979
v 0.207 2.382 0.225
v 0.971 1.985 0.052
v 2.156 1.808 0.840
v 1.561 1.808 1.736
v 0.376 1.985 0.948
v 1.082 1.985 -0.114
v 2.267 1.808 0.673
v 1.672 1.808 1.569
v 0.487 1.985 0.782
v 0.729 1.635 0.338
v 1.914 1.458 1.126
v 1.914 2.158 1.283
v 0.729 2.335 0.496
v 0.535 1.894 -0.781
v 0.440 1.986 0.779
v -0.732 1.986 0.707
v -0.637 1.894 -0.852
v 0.735 1.894 -0.769
v 0.640 1.986 0.791
v -0.532 1.986 0.720
v -0.437 1.894 -0.840
v 0.130 1.512 -0.783
v 0.035 1.604 0.777
v -0.127 2.368 0.722
v -0.032 2.276 -0.838
v 0.494 2.040 -0.214
v 0.402 1.906 1.329
v -0.759 1.906 1.260
v -0.668 2.040 -0.282
v 0.694 2.040 -0.202
v 0.602 1.906 1.341
v -0.559 1.906 1.272
v -0.468 2.040 -0.271
v 0.087 1.660 -0.271
v -0.004 1.527 1.272
v -0.153 2.286 1.329
v -0.061 2.419 -0.214
v 0.352 1.974 0.423
v 0.328 1.875 1.768
v -0.684 1.875 1.750
v -0.660 1.974 0.404
v 0.552 1.974 0.426
v 0.528 1.875 1.772
v -0.484 1.875 1.754
v -0.460 1.974 0.408
v -0.079 1.638 0.390
v -0.103 1.540 1.736
v -0.053 2.211 1.786
v -0.029 2.309 0.440
v 0.456 1.984 0.289
v 0.428 1.866 1.905
v -0.788 1.866 1.884
v -0.759 1.984 0.267
v 0.656 1.984 0.293
v 0.627 1.866 1.909
v -0.588 1.866 1.887
v -0.559 1.984 0.271
v -0.111 1.584 0.250
v -0.139 1.466 1.866
v -0.021 2.265 1.927
v 0.008 2.383 0.310
v 0.392 1.973 2.048
v 0.256 1.618 3.570
v -0.917 1.618 3.465
v -0.780 1.973 1.943
v 0.592 1.973 2.066
v 0.455 1.618 3.588
v -0.717 1.618 3.483
v -0.581 1.973 1.960
v -0.006 1.599 1.925
v -0.143 1.244 3.447
v -0.319 1.992 3.606
v -0.182 2.347 2.084
v 0.903 1.851 -0.016
v -0.407 2.029 0.773
v -1.003 2.029 -0.216
v 0.307 1.851 -1.006
v 1.006 1.851 0.155
v -0.304 2.029 0.945
v -0.900 2.029 -0.045
v 0.410 1.851 -0.834
v 0.609 1.469 -0.418
v -0.701 1.647 0.372
v -0.606 2.411 0.357
v 0.704 2.233 -0.433
v 0.493 2.051 0.218
v -0.869 1.962 1.169
v -1.583 1.962 0.146
v -0.221 2.051 -0.805
v 0.607 2.051 0.382
v -0.755 1.962 1.333
v -1.469 1.962 0.310
v -0.106 2.051 -0.641
v 0.164 1.644 -0.291
v -1.198 1.555 0.659
v -1.139 2.369 0.820
v 0.223 2.458 -0.131
v -0.120 1.947 0.545
v -1.299 2.005 1.360
v -1.911 2.005 0.476
v -0.732 1.947 -0.339
v -0.007 1.947 0.710
v -1.185 2.005 1.525
v -1.797 2.005 0.640
v -0.618 1.947 -0.175
v -0.383 1.589 0.191
v -1.561 1.647 1.006
v -1.534 2.363 0.994
v -0.356 2.305 0.179
v -0.911 2.055 1.228
v -2.325 1.865 2.145
v -3.017 1.865 1.077
v -1.602 2.055 0.160
v -0.802 2.055 1.396
v -2.216 1.865 2.312
v -2.908 1.865 1.245
v -1.494 2.055 0.328
v -1.120 1.641 0.820
v -2.534 1.452 1.737
v -2.699 2.279 1.653
v -1.285 2.469 0.736
v -1.533 1.984 1.472
v -2.703 1.808 2.347
v -3.365 1.808 1.463
v -2.194 1.984 0.587
v -1.413 1.984 1.632
v -2.584 1.808 2.507
v -3.245 1.808 1.623
v -2.074 1.984 0.747
v -1.800 1.623 1.041
v -2.970 1.446 1.917
v -2.978 2.169 2.053
v -1.807 2.346 1.177
v 0.458 1.914 0.748
v -0.899 1.966 0.033
v -0.362 1.966 -0.986
v 0.995 1.914 -0.271
v 0.365 1.914 0.925
v -0.992 1.966 0.210
v -0.455 1.966 -0.809
v 0.902 1.914 -0.094
v 0.635 1.538 0.386
v -0.722 1.589 -0.329
v -0.632 2.342 -0.447
v 0.725 2.291 0.268
v -0.065 1.969 0.373
v -1.274 1.949 -0.224
v -0.826 1.949 -1.131
v 0.383 1.969 -0.534
v -0.154 1.969 0.552
v -1.362 1.949 -0.045
v -0.914 1.949 -0.952
v 0.294 1.969 -0.354
v 0.089 1.638 0.072
v -1.120 1.618 -0.525
v -1.068 2.279 -0.651
v 0.140 2.299 -0.054
v -0.511 1.997 0.286
v -1.934 1.903 -0.464
v -1.371 1.903 -1.533
v 0.052 1.997 -0.784
v -0.604 1.997 0.463
v -2.028 1.903 -0.287
v -1.465 1.903 -1.356
v -0.041 1.997 -0.607
v -0.273 1.597 -0.115
v -1.697 1.503 -0.865
v -1.702 2.304 -0.956
v -0.278 2.398 -0.206
v -0.972 2.013 0.056
v -2.462 1.823 -0.697
v -1.894 1.823 -1.821
v -0.404 2.013 -1.069
v -1.062 2.013 0.234
v -2.552 1.823 -0.518
v -1.984 1.823 -1.643
v -0.495 2.013 -0.891
v -0.704 1.596 -0.371
v -2.194 1.407 -1.123
v -2.253 2.240 -1.216
v -0.763 2.429 -0.464
v -0.968 2.013 0.064
v -2.472 1.822 -0.695
v -1.899 1.822 -1.830
v -0.395 2.013 -1.071
v -1.058 2.013 0.243
v -2.562 1.822 -0.516
v -1.989 1.822 -1.651
v -0.485 2.013 -0.892
v -0.701 1.594 -0.359
v -2.205 1.403 -1.118
v -2.256 2.242 -1.228
v -0.752 2.433 -0.469
v -1.416 2.003 -0.259
v -2.915 1.707 -0.868
v -2.451 1.707 -2.011
v -0.951 2.003 -1.402
v -1.491 2.003 -0.073
v -2.991 1.707 -0.683
v -2.526 1.707 -1.826
v -1.027 2.003 -1.217
v -1.141 1.600 -0.739
v -2.640 1.304 -1.349
v -2.801 2.111 -1.345
v -1.302 2.407 -0.736
v -1.891 1.831 -0.437
v -3.461 1.680 -1.063
v -2.990 1.680 -2.245
v -1.420 1.831 -1.620
v -1.965 1.831 -0.251
v -3.535 1.680 -0.877
v -3.064 1.680 -2.059
v -1.494 1.831 -1.434
v -1.663 1.409 -0.907
v -3.233 1.258 -1.532
v -3.291 2.102 -1.590
v -1.721 2.253 -0.964
v 0.919 2.487 -0.261
v -0.174 2.606 0.888
v -1.039 2.606 0.066
v 0.055 2.487 -1.083
v 1.064 2.487 -0.123
v -0.030 2.606 1.026
v -0.894 2.606 0.204
v 0.200 2.487 -0.945
v 0.585 2.096 -0.538
v -0.508 2.214 0.611
v -0.560 2.997 0.481
v 0.533 2.878 -0.668
v 0.429 2.594 0.153
v -0.540 2.581 1.179
v -1.310 2.581 0.452
v -0.341 2.594 -0.574
v 0.574 2.594 0.290
v -0.395 2.581 1.316
v -1.164 2.581 0.589
v -0.195 2.594 -0.436
v 0.157 2.245 -0.108
v -0.812 2.232 0.917
v -0.892 2.930 0.851
v 0.077 2.943 -0.175
v 0.085 2.626 0.479
v -0.857 2.539 1.650
v -1.736 2.539 0.942
v -0.795 2.626 -0.228
v 0.241 2.626 0.604
v -0.701 2.539 1.775
v -1.580 2.539 1.068
v -0.639 2.626 -0.103
v -0.206 2.258 0.217
v -1.148 2.171 1.388
v -1.289 2.907 1.329
v -0.348 2.994 0.158
v 0.190 2.631 0.452
v -0.860 2.534 1.758
v -1.841 2.534 0.969
v -0.791 2.631 -0.336
v 0.345 2.631 0.578
v -0.704 2.534 1.883
v -1.685 2.534 1.094
v -0.635 2.631 -0.211
v -0.270 2.220 0.052
v -1.319 2.123 1.358
v -1.226 2.945 1.494
v -0.176 3.042 0.189
v -0.580 2.613 1.295
v -1.572 2.388 2.543
v -2.518 2.388 1.792
v -1.526 2.613 0.543
v -0.424 2.613 1.419
v -1.416 2.388 2.668
v -2.361 2.388 1.916
v -1.369 2.613 0.668
v -0.918 2.215 0.955
v -1.910 1.990 2.203
v -2.024 2.785 2.256
v -1.032 3.010 1.008
v -0.644 2.605 1.311
v -1.571 2.395 2.478
v -2.454 2.395 1.776
v -1.527 2.605 0.609
v -0.487 2.605 1.436
v -1.414 2.395 2.602
v -2.298 2.395 1.900
v -1.371 2.605 0.734
v -1.010 2.235 0.954
v -1.937 2.025 2.120
v -1.932 2.765 2.257
v -1.005 2.975 1.091
v 0.538 2.518 0.771
v -0.936 2.575 0.096
v -0.429 2.575 -1.010
v 1.044 2.518 -0.335
v 0.454 2.518 0.953
v -1.019 2.575 0.278
v -0.512 2.575 -0.828
v 0.961 2.518 -0.153
v 0.716 2.116 0.348
v -0.758 2.173 -0.328
v -0.691 2.977 -0.405
v 0.783 2.920 0.271
v -0.543 2.576 0.191
v -1.831 2.524 -0.349
v -1.426 2.524 -1.315
v -0.138 2.576 -0.776
v -0.620 2.576 0.375
v -1.908 2.524 -0.164
v -1.503 2.524 -1.131
v -0.215 2.576 -0.592
v -0.383 2.229 -0.157
v -1.671 2.177 -0.696
v -1.663 2.871 -0.783
v -0.375 2.923 -0.244
v -1.149 2.633 -0.000
v -2.333 2.425 -0.652
v -1.838 2.425 -1.550
v -0.655 2.633 -0.898
v -1.246 2.633 0.175
v -2.429 2.425 -0.477
v -1.935 2.425 -1.375
v -0.751 2.633 -0.723
v -0.921 2.297 -0.308
v -2.104 2.089 -0.960
v -2.163 2.761 -1.067
v -0.980 2.969 -0.415
v -1.533 2.549 -0.204
v -2.923 2.337 -0.838
v -2.443 2.337 -1.890
v -1.053 2.549 -1.256
v -1.616 2.549 -0.022
v -3.006 2.337 -0.656
v -2.526 2.337 -1.708
v -1.136 2.549 -1.074
v -1.299 2.168 -0.590
v -2.689 1.956 -1.224
v -2.760 2.718 -1.323
v -1.370 2.930 -0.688
v -2.114 2.463 -0.388
v -3.441 2.269 -1.157
v -2.860 2.269 -2.161
v -1.533 2.463 -1.391
v -2.214 2.463 -0.215
v -3.542 2.269 -0.984
v -2.960 2.269 -1.988
v -1.633 2.463 -1.218
v -1.857 2.082 -0.735
v -3.184 1.888 -1.505
v -3.217 2.649 -1.640
v -1.890 2.843 -0.871
v -0.203 2.519 0.806
v -0.635 2.573 -0.598
v 0.419 2.573 -0.922
v 0.851 2.519 0.482
v -0.394 2.519 0.865
v -0.826 2.573 -0.540
v 0.228 2.573 -0.864
v 0.660 2.519 0.541
v 0.154 2.159 0.683
v -0.277 2.213 -0.722
v -0.129 2.934 -0.740
v 0.302 2.879 0.665
v -0.229 2.517 0.878
v -0.696 2.576 -0.643
v 0.445 2.576 -0.993
v 0.912 2.517 0.527
v -0.420 2.517 0.936
v -0.887 2.576 -0.584
v 0.254 2.576 -0.935
v 0.721 2.517 0.586
v 0.304 2.125 0.699
v -0.164 2.183 -0.822
v -0.279 2.968 -0.756
v 0.189 2.909 0.764
v -0.467 2.527 0.312
v -0.807 2.607 -1.236
v 0.356 2.607 -1.491
v 0.695 2.527 0.057
v -0.662 2.527 0.355
v -1.002 2.607 -1.193
v 0.160 2.607 -1.449
v 0.500 2.527 0.099
v 0.088 2.139 0.170
v -0.252 2.218 -1.378
v -0.395 2.996 -1.307
v -0.055 2.916 0.241
v -0.588 2.663 -0.202
v -0.968 2.528 -1.798
v 0.233 2.528 -2.084
v 0.613 2.663 -0.488
v -0.782 2.663 -0.156
v -1.162 2.528 -1.752
v 0.039 2.528 -2.037
v 0.419 2.663 -0.441
v -0.007 2.259 -0.306
v -0.387 2.124 -1.902
v -0.542 2.932 -1.933
v -0.162 3.067 -0.337
v -0.594 2.582 -0.822
v -1.074 2.517 -2.218
v -0.027 2.517 -2.578
v 0.453 2.582 -1.183
v -0.783 2.582 -0.757
v -1.263 2.517 -2.152
v -0.216 2.517 -2.513
v 0.264 2.582 -1.118
v -0.098 2.219 -0.976
v -0.578 2.153 -2.371
v -0.712 2.880 -2.359
v -0.232 2.945 -0.964
v -0.600 2.583 -0.803
v -1.091 2.516 -2.229
v -0.020 2.516 -2.597
v 0.470 2.583 -1.171
v -0.789 2.583 -0.738
v -1.280 2.516 -2.164
v -0.210 2.516 -2.532
v 0.281 2.583 -1.106
v -0.074 2.215 -0.967
v -0.564 2.149 -2.393
v -0.736 2.883 -2.368
v -0.246 2.950 -0.942
v -0.967 2.559 -1.924
v -1.379 2.379 -3.303
v -0.337 2.379 -3.615
v 0.076 2.559 -2.236
v -1.158 2.559 -1.867
v -1.571 2.379 -3.246
v -0.528 2.379 -3.558
v -0.116 2.559 -2.178
v -0.539 2.199 -2.005
v -0.952 2.019 -3.384
v -0.956 2.739 -3.477
v -0.543 2.918 -2.098
v -0.842 2.497 0.216
v 0.175 2.595 -0.903
v 1.015 2.595 -0.138
v -0.002 2.497 0.980
v -0.990 2.497 0.081
v 0.027 2.595 -1.037
v 0.867 2.595 -0.273
v -0.150 2.497 0.845
v -0.466 2.120 0.524
v 0.550 2.218 -0.594
v 0.491 2.973 -0.582
v -0.525 2.875 0.537
v -0.059 2.593 -0.634
v 0.916 2.506 -1.650
v 1.679 2.506 -0.918
v 0.705 2.593 0.098
v -0.203 2.593 -0.772
v 0.771 2.506 -1.788
v 1.535 2.506 -1.056
v 0.560 2.593 -0.040
v 0.226 2.241 -0.330
v 1.201 2.154 -1.346
v 1.250 2.857 -1.360
v 0.275 2.944 -0.344
v 0.284 2.553 -0.975
v 1.254 2.477 -2.102
v 2.100 2.477 -1.373
v 1.130 2.553 -0.246
v 0.132 2.553 -1.106
v 1.103 2.477 -2.232
v 1.949 2.477 -1.503
v 0.978 2.553 -0.377
v 0.666 2.187 -0.622
v 1.636 2.111 -1.748
v 1.567 2.844 -1.857
v 0.596 2.920 -0.730
v 0.559 2.585 -1.414
v 1.651 2.390 -2.581
v 2.533 2.390 -1.756
v 1.441 2.585 -0.589
v 0.413 2.585 -1.551
v 1.505 2.390 -2.718
v 2.387 2.390 -1.893
v 1.295 2.585 -0.726
v 0.831 2.195 -1.095
v 1.923 2.000 -2.262
v 2.115 2.780 -2.212
v 1.023 2.975 -1.045
v 0.618 2.579 -1.424
v 1.645 2.396 -2.521
v 2.474 2.396 -1.746
v 1.447 2.579 -0.649
v 0.472 2.579 -1.561
v 1.499 2.396 -2.658
v 2.328 2.396 -1.882
v 1.301 2.579 -0.785
v 0.932 2.203 -1.068
v 1.958 2.020 -2.165
v 2.014 2.771 -2.239
v 0.987 2.955 -1.142
v -0.138 2.582 -0.522
v 1.451 2.566 -0.325
v 1.303 2.566 0.866
v -0.286 2.582 0.670
v -0.114 2.582 -0.720
v 1.475 2.566 -0.524
v 1.328 2.566 0.668
v -0.261 2.582 0.472
v -0.200 2.183 -0.056
v 1.389 2.167 0.140
v 1.389 2.965 0.202
v -0.200 2.981 0.006
v 0.484 2.662 -0.373
v 1.956 2.474 -0.250
v 1.863 2.474 0.863
v 0.391 2.662 0.740
v 0.501 2.662 -0.572
v 1.973 2.474 -0.449
v 1.880 2.474 0.664
v 0.408 2.662 0.541
v 0.400 2.293 0.064
v 1.872 2.105 0.187
v 1.964 2.843 0.227
v 0.492 3.031 0.104
v 1.057 2.549 -0.312
v 2.537 2.437 -0.213
v 2.464 2.437 0.900
v 0.983 2.549 0.802
v 1.070 2.549 -0.511
v 2.551 2.437 -0.413
v 2.477 2.437 0.701
v 0.996 2.549 0.603
v 0.999 2.179 0.139
v 2.479 2.066 0.237
v 2.535 2.808 0.250
v 1.054 2.920 0.152
v 1.035 2.551 -0.331
v 2.562 2.435 -0.229
v 2.485 2.435 0.919
v 0.959 2.551 0.818
v 1.048 2.551 -0.530
v 2.575 2.435 -0.429
v 2.499 2.435 0.720
v 0.972 2.551 0.618
v 0.973 2.169 0.162
v 2.500 2.053 0.263
v 2.560 2.817 0.228
v 1.034 2.933 0.126
v 1.608 2.551 -0.403
v 3.250 2.345 -0.172
v 3.074 2.345 1.069
v 1.433 2.551 0.837
v 1.636 2.551 -0.601
v 3.277 2.345 -0.370
v 3.102 2.345 0.871
v 1.461 2.551 0.639
v 1.483 2.137 0.114
v 3.125 1.931 0.346
v 3.227 2.760 0.353
v 1.586 2.965 0.122
v 0.228 2.490 -0.792
v 0.589 2.603 0.516
v -0.396 2.603 0.788
v -0.756 2.490 -0.520
v 0.421 2.490 -0.845
v 0.781 2.603 0.463
v -0.203 2.603 0.735
v -0.564 2.490 -0.574
v -0.185 2.151 -0.648
v 0.175 2.265 0.660
v 0.210 2.942 0.591
v -0.150 2.828 -0.717
v 0.505 2.546 0.123
v 1.148 2.541 1.618
v 0.027 2.541 2.100
v -0.616 2.546 0.606
v 0.689 2.546 0.044
v 1.332 2.541 1.539
v 0.211 2.541 2.021
v -0.432 2.546 0.527
v -0.055 2.151 0.363
v 0.589 2.146 1.858
v 0.771 2.936 1.782
v 0.127 2.940 0.287
v 0.765 2.627 0.714
v 1.309 2.457 2.155
v 0.222 2.457 2.566
v -0.322 2.627 1.125
v 0.952 2.627 0.644
v 1.496 2.457 2.084
v 0.409 2.457 2.495
v -0.135 2.627 1.054
v 0.381 2.252 0.815
v 0.926 2.082 2.255
v 0.793 2.832 2.394
v 0.248 3.002 0.954
v 0.928 2.604 1.300
v 1.487 2.352 2.638
v 0.469 2.352 3.063
v -0.090 2.604 1.726
v 1.113 2.604 1.223
v 1.672 2.352 2.561
v 0.653 2.352 2.986
v 0.094 2.604 1.649
v 0.560 2.250 1.387
v 1.119 1.998 2.725
v 1.021 2.706 2.899
v 0.462 2.958 1.562
v -0.283 3.192 -0.312
v 0.952 3.159 -0.821
v 1.334 3.159 0.106
v 0.098 3.192 0.615
v -0.360 3.192 -0.497
v 0.876 3.159 -1.006
v 1.258 3.159 -0.079
v 0.022 3.192 0.430
v -0.134 2.858 0.072
v 1.102 2.825 -0.437
v 1.108 3.493 -0.464
v -0.127 3.526 0.045
v 0.660 3.199 -0.680
v 1.900 3.090 -1.167
v 2.267 3.090 -0.233
v 1.026 3.199 0.253
v 0.587 3.199 -0.866
v 1.827 3.090 -1.353
v 2.193 3.090 -0.419
v 0.953 3.199 0.067
v 0.809 2.874 -0.228
v 2.049 2.765 -0.715
v 2.045 3.415 -0.871
v 0.804 3.524 -0.384
v 0.205 3.185 -0.366
v 1.114 3.160 0.633
v 0.365 3.160 1.315
v -0.544 3.185 0.316
v 0.353 3.185 -0.500
v 1.262 3.160 0.499
v 0.513 3.160 1.180
v -0.396 3.185 0.182
v -0.135 2.851 -0.064
v 0.774 2.826 0.935
v 0.854 3.494 0.879
v -0.056 3.519 -0.120
v 0.618 3.214 -0.102
v 1.595 3.111 1.115
v 0.680 3.111 1.850
v -0.297 3.214 0.632
v 0.774 3.214 -0.227
v 1.751 3.111 0.990
v 0.836 3.111 1.725
v -0.141 3.214 0.507
v 0.167 2.831 0.227
v 1.145 2.727 1.444
v 1.286 3.495 1.396
v 0.309 3.598 0.179
v 0.613 3.083 -0.595
v 0.261 3.176 0.774
v -0.768 3.176 0.509
v -0.416 3.083 -0.860
v 0.807 3.083 -0.546
v 0.455 3.176 0.824
v -0.574 3.176 0.559
v -0.222 3.083 -0.810
v 0.136 2.734 -0.695
v -0.217 2.827 0.675
v -0.097 3.525 0.658
v 0.256 3.432 -0.711
v 0.551 3.163 -0.080
v 0.104 3.167 1.351
v -0.969 3.167 1.016
v -0.522 3.163 -0.415
v 0.742 3.163 -0.020
v 0.295 3.167 1.411
v -0.778 3.167 1.076
v -0.331 3.163 -0.355
v 0.027 2.798 -0.242
v -0.419 2.803 1.189
v -0.254 3.532 1.238
v 0.193 3.527 -0.193
v 0.163 3.228 0.922
v -0.093 3.016 2.293
v -1.133 3.016 2.098
v -0.877 3.228 0.727
v 0.360 3.228 0.958
v 0.104 3.016 2.329
v -0.936 3.016 2.135
v -0.680 3.228 0.764
v -0.174 2.888 0.806
v -0.430 2.675 2.177
v -0.599 3.356 2.251
v -0.343 3.568 0.880
v 0.187 3.232 0.900
v -0.078 3.012 2.321
v -1.156 3.012 2.120
v -0.891 3.232 0.699
v 0.383 3.232 0.937
v 0.118 3.012 2.358
v -0.960 3.012 2.157
v -0.694 3.232 0.736
v -0.193 2.874 0.774
v -0.458 2.654 2.195
v -0.580 3.370 2.283
v -0.314 3.590 0.862
v -0.096 3.165 0.500
v -1.441 3.131 1.061
v -1.862 3.131 0.052
v -0.516 3.165 -0.509
v -0.019 3.165 0.685
v -1.364 3.131 1.246
v -1.785 3.131 0.236
v -0.440 3.165 -0.324
v -0.266 2.801 0.070
v -1.611 2.767 0.630
v -1.614 3.495 0.667
v -0.269 3.529 0.106
v -0.566 3.255 0.673
v -1.889 3.017 1.286
v -2.355 3.017 0.280
v -1.032 3.255 -0.332
v -0.482 3.255 0.855
v -1.805 3.017 1.467
v -2.271 3.017 0.462
v -0.947 3.255 -0.151
v -0.689 2.892 0.265
v -2.012 2.654 0.878
v -2.147 3.380 0.870
v -0.824 3.618 0.257
v -0.921 3.189 0.946
v -2.435 2.915 1.585
v -2.920 2.915 0.434
v -1.407 3.189 -0.204
v -0.844 3.189 1.130
v -2.357 2.915 1.769
v -2.842 2.915 0.619
v -1.329 3.189 -0.020
v -1.073 2.779 0.413
v -2.586 2.506 1.051
v -2.691 3.325 1.152
v -1.178 3.599 0.513
v -1.528 3.059 1.091
v -2.823 2.875 1.667
v -3.258 2.875 0.688
v -1.963 3.059 0.112
v -1.447 3.059 1.274
v -2.742 2.875 1.850
v -3.177 2.875 0.871
v -1.882 3.059 0.295
v -1.676 2.706 0.647
v -2.970 2.522 1.223
v -3.030 3.228 1.315
v -1.735 3.412 0.739
v -0.007 3.189 0.524
v -1.392 3.127 -0.361
v -0.728 3.127 -1.400
v 0.657 3.189 -0.516
v -0.114 3.189 0.693
v -1.500 3.127 -0.192
v -0.836 3.127 -1.232
v 0.550 3.189 -0.347
v 0.288 2.778 0.092
v -1.098 2.716 -0.792
v -1.130 3.538 -0.800
v 0.255 3.600 0.085
v -0.921 3.248 -0.220
v -2.196 3.035 -0.989
v -1.614 3.035 -1.955
v -0.338 3.248 -1.187
v -1.024 3.248 -0.049
v -2.299 3.035 -0.818
v -1.717 3.035 -1.784
v -0.442 3.248 -1.016
v -0.617 2.878 -0.622
v -1.892 2.664 -1.391
v -2.021 3.405 -1.383
v -0.746 3.619 -0.614
v -1.446 3.166 -0.444
v -2.696 2.959 -1.344
v -2.015 2.959 -2.289
v -0.766 3.166 -1.390
v -1.563 3.166 -0.282
v -2.813 2.959 -1.181
v -2.132 2.959 -2.127
v -0.883 3.166 -1.228
v -1.142 2.783 -0.779
v -2.392 2.576 -1.678
v -2.436 3.343 -1.793
v -1.187 3.550 -0.893
v -0.769 3.063 0.525
v -0.129 3.197 -0.964
v 0.992 3.197 -0.483
v 0.352 3.063 1.007
v -0.953 3.063 0.447
v -0.313 3.197 -1.043
v 0.808 3.197 -0.562
v 0.168 3.063 0.928
v -0.201 2.669 0.734
v 0.439 2.802 -0.756
v 0.240 3.591 -0.771
v -0.400 3.458 0.719
v -0.711 3.068 0.492
v -0.113 3.192 -0.899
v 0.933 3.192 -0.450
v 0.336 3.068 0.941
v -0.894 3.068 0.413
v -0.297 3.192 -0.978
v 0.750 3.192 -0.528
v 0.152 3.068 0.862
v -0.231 2.691 0.664
v 0.366 2.816 -0.727
v 0.270 3.569 -0.701
v -0.327 3.444 0.690
v -0.562 3.150 -0.007
v 0.120 3.200 -1.470
v 1.217 3.200 -0.958
v 0.536 3.150 0.504
v -0.743 3.150 -0.092
v -0.061 3.200 -1.555
v 1.036 3.200 -1.043
v 0.354 3.150 0.420
v -0.176 2.756 0.159
v 0.506 2.806 -1.304
v 0.651 3.595 -1.209
v -0.031 3.544 0.253
v -0.304 3.260 -0.500
v 0.334 3.125 -1.953
v 1.429 3.125 -1.473
v 0.791 3.260 -0.020
v -0.487 3.260 -0.580
v 0.151 3.125 -2.034
v 1.245 3.125 -1.554
v 0.607 3.260 -0.100
v 0.126 2.863 -0.275
v 0.764 2.728 -1.728
v 0.816 3.522 -1.779
v 0.178 3.657 -0.325
v -0.160 3.249 -0.581
v 0.372 3.136 -1.793
v 1.284 3.136 -1.392
v 0.753 3.249 -0.180
v -0.343 3.249 -0.661
v 0.189 3.136 -1.873
v 1.101 3.136 -1.473
v 0.570 3.249 -0.261
v 0.164 2.920 -0.408
v 0.695 2.807 -1.620
v 0.778 3.465 -1.645
v 0.246 3.578 -0.433
v 0.188 3.172 -1.536
v 0.743 2.890 -2.885
v 1.773 2.890 -2.461
v 1.218 3.172 -1.112
v 0.003 3.172 -1.612
v 0.558 2.890 -2.961
v 1.588 2.890 -2.537
v 1.033 3.172 -1.188
v 0.547 2.809 -1.313
v 1.102 2.528 -2.662
v 1.229 3.253 -2.760
v 0.674 3.534 -1.412
v 0.560 3.665 -0.649
v 0.333 3.713 0.752
v -0.719 3.713 0.581
v -0.491 3.665 -0.820
v 0.758 3.665 -0.617
v 0.530 3.713 0.784
v -0.521 3.713 0.613
v -0.294 3.665 -0.788
v 0.057 3.318 -0.719
v -0.171 3.366 0.682
v -0.018 4.060 0.683
v 0.210 4.012 -0.718
v 0.461 3.812 0.377
v 0.212 3.594 1.897
v -0.939 3.594 1.708
v -0.690 3.812 0.189
v 0.658 3.812 0.409
v 0.409 3.594 1.929
v -0.742 3.594 1.741
v -0.493 3.812 0.221
v -0.099 3.438 0.232
v -0.348 3.221 1.752
v -0.182 3.968 1.886
v 0.067 4.186 0.366
v 0.294 3.744 0.965
v 0.098 3.510 2.339
v -0.947 3.510 2.189
v -0.751 3.744 0.815
v 0.492 3.744 0.993
v 0.296 3.510 2.367
v -0.749 3.510 2.218
v -0.553 3.744 0.843
v -0.178 3.402 0.839
v -0.375 3.167 2.213
v -0.277 3.852 2.344
v -0.080 4.086 0.969
v 0.445 3.698 0.180
v -0.626 3.767 1.090
v -1.309 3.767 0.286
v -0.238 3.698 -0.624
v 0.574 3.698 0.333
v -0.497 3.767 1.242
v -1.179 3.767 0.438
v -0.108 3.698 -0.471
v 0.162 3.347 -0.126
v -0.909 3.416 0.783
v -0.896 4.118 0.744
v 0.175 4.049 -0.165
v 0.153 3.775 0.513
v -1.044 3.740 1.507
v -1.790 3.740 0.609
v -0.593 3.775 -0.385
v 0.281 3.775 0.667
v -0.916 3.740 1.661
v -1.662 3.740 0.763
v -0.465 3.775 -0.231
v -0.123 3.388 0.167
v -1.320 3.353 1.161
v -1.385 4.127 1.109
v -0.189 4.162 0.115
v -0.721 3.858 1.224
v -1.843 3.616 2.047
v -2.469 3.616 1.193
v -1.347 3.858 0.370
v -0.602 3.858 1.385
v -1.724 3.616 2.208
v -2.351 3.616 1.354
v -1.229 3.858 0.531
v -0.912 3.511 0.861
v -2.034 3.269 1.684
v -2.159 3.963 1.717
v -1.037 4.205 0.894
v -1.196 3.719 1.462
v -2.181 3.581 2.299
v -2.813 3.581 1.556
v -1.828 3.719 0.719
v -1.067 3.719 1.615
v -2.052 3.581 2.452
v -2.683 3.581 1.709
v -1.698 3.719 0.872
v -1.430 3.397 1.133
v -2.415 3.258 1.970
v -2.449 3.904 2.037
v -1.464 4.042 1.200
v -1.075 3.730 1.455
v -2.208 3.570 2.418
v -2.934 3.570 1.563
v -1.801 3.730 0.600
v -0.945 3.730 1.608
v -2.078 3.570 2.571
v -2.805 3.570 1.716
v -1.672 3.730 0.753
v -1.315 3.360 1.111
v -2.449 3.201 2.074
v -2.564 3.940 2.060
v -1.431 4.099 1.097
v 0.552 3.644 0.717
v -0.876 3.734 0.134
v -0.438 3.734 -0.939
v 0.990 3.644 -0.356
v 0.477 3.644 0.902
v -0.951 3.734 0.319
v -0.513 3.734 -0.753
v 0.915 3.644 -0.171
v 0.701 3.259 0.292
v -0.727 3.350 -0.291
v -0.663 4.119 -0.328
v 0.765 4.028 0.255
v 0.579 3.641 0.761
v -0.926 3.737 0.147
v -0.464 3.737 -0.983
v 1.040 3.641 -0.369
v 0.503 3.641 0.947
v -1.001 3.737 0.333
v -0.540 3.737 -0.798
v 0.965 3.641 -0.184
v 0.784 3.245 0.198
v -0.721 3.340 -0.416
v -0.745 4.133 -0.234
v 0.760 4.038 0.380
v -0.033 3.709 0.369
v -1.333 3.741 -0.081
v -0.996 3.741 -1.056
v 0.305 3.709 -0.607
v -0.098 3.709 0.558
v -1.398 3.741 0.108
v -1.061 3.741 -0.867
v 0.239 3.709 -0.418
v 0.084 3.367 0.007
v -1.216 3.399 -0.443
v -1.178 4.083 -0.506
v 0.123 4.051 -0.056
v -0.549 3.827 0.276
v -2.030 3.651 -0.246
v -1.636 3.651 -1.364
v -0.155 3.827 -0.842
v -0.615 3.827 0.465
v -2.096 3.651 -0.057
v -1.703 3.651 -1.175
v -0.222 3.827 -0.653
v -0.355 3.436 -0.142
v -1.836 3.260 -0.664
v -1.897 4.042 -0.757
v -0.415 4.218 -0.235
v -0.639 3.813 0.140
v -1.874 3.666 -0.295
v -1.546 3.666 -1.227
v -0.311 3.813 -0.792
v -0.706 3.813 0.328
v -1.941 3.666 -0.107
v -1.612 3.666 -1.039
v -0.377 3.813 -0.604
v -0.456 3.490 -0.273
v -1.691 3.343 -0.708
v -1.796 3.988 -0.626
v -0.561 4.135 -0.191
v -0.357 3.682 0.834
v -0.580 3.696 -0.732
v 0.594 3.696 -0.899
v 0.817 3.682 0.667
v -0.555 3.682 0.862
v -0.778 3.696 -0.703
v 0.396 3.696 -0.871
v 0.619 3.682 0.695
v 0.163 3.288 0.757
v -0.060 3.302 -0.809
v -0.124 4.090 -0.793
v 0.099 4.076 0.772
v -0.408 3.742 -0.383
v -0.705 3.628 -1.828
v 0.382 3.628 -2.052
v 0.679 3.742 -0.607
v -0.604 3.742 -0.343
v -0.901 3.628 -1.788
v 0.186 3.628 -2.012
v 0.483 3.742 -0.567
v -0.018 3.378 -0.435
v -0.315 3.264 -1.880
v -0.204 3.991 -1.960
v 0.093 4.105 -0.515
v -0.786 3.625 -0.167
v 0.520 3.753 -0.666
v 0.896 3.753 0.317
v -0.409 3.625 0.816
v -0.857 3.625 -0.353
v 0.448 3.753 -0.853
v 0.824 3.753 0.130
v -0.481 3.625 0.630
v -0.626 3.281 0.164
v 0.680 3.408 -0.336
v 0.664 4.097 -0.200
v -0.641 3.970 0.299
v 0.325 3.704 -0.571
v 1.625 3.623 -1.122
v 2.039 3.623 -0.145
v 0.739 3.704 0.405
v 0.247 3.704 -0.756
v 1.547 3.623 -1.306
v 1.961 3.623 -0.330
v 0.661 3.704 0.221
v 0.469 3.351 -0.179
v 1.769 3.271 -0.730
v 1.817 3.976 -0.722
v 0.517 4.057 -0.171
v -0.005 3.612 -0.497
v 1.453 3.714 -0.005
v 1.083 3.714 1.090
v -0.375 3.612 0.598
v 0.059 3.612 -0.687
v 1.517 3.714 -0.195
v 1.147 3.714 0.901
v -0.311 3.612 0.409
v -0.110 3.235 -0.107
v 1.347 3.337 0.385
v 1.252 4.091 0.510
v -0.205 3.990 0.018
v -0.034 3.610 -0.539
v 1.501 3.717 -0.021
v 1.112 3.717 1.132
v -0.423 3.610 0.614
v 0.030 3.610 -0.728
v 1.565 3.717 -0.211
v 1.176 3.717 0.943
v -0.359 3.610 0.425
v -0.157 3.207 -0.089
v 1.377 3.314 0.429
v 1.299 4.119 0.492
v -0.235 4.012 -0.025
v 1.137 3.743 -0.143
v 2.587 3.594 0.384
v 2.191 3.594 1.477
v 0.740 3.743 0.951
v 1.205 3.743 -0.331
v 2.656 3.594 0.196
v 2.259 3.594 1.289
v 0.808 3.743 0.763
v 0.950 3.359 0.264
v 2.401 3.210 0.791
v 2.446 3.979 0.882
v 0.995 4.127 0.356
v 1.124 3.745 -0.163
v 2.611 3.592 0.377
v 2.204 3.592 1.497
v 0.717 3.745 0.958
v 1.192 3.745 -0.351
v 2.679 3.592 0.189
v 2.272 3.592 1.309
v 0.785 3.745 0.770
v 0.889 3.359 0.374
v 2.376 3.207 0.913
v 2.506 3.978 0.773
v 1.019 4.130 0.233
v 1.684 3.712 0.058
v 3.147 3.511 0.574
v 2.757 3.511 1.681
v 1.294 3.712 1.165
v 1.751 3.712 -0.130
v 3.214 3.511 0.385
v 2.824 3.511 1.492
v 1.361 3.712 0.976
v 1.449 3.333 0.578
v 2.912 3.132 1.094
v 3.059 3.891 0.973
v 1.596 4.091 0.457
v -0.672 4.215 0.564
v -0.184 4.310 -0.860
v 0.885 4.310 -0.493
v 0.397 4.215 0.930
v -0.862 4.215 0.499
v -0.374 4.310 -0.925
v 0.696 4.310 -0.558
v 0.208 4.215 0.865
v -0.267 3.841 0.677
v 0.221 3.937 -0.746
v 0.291 4.684 -0.672
v -0.197 4.588 0.752
v -0.667 4.215 0.560
v -0.182 4.310 -0.854
v 0.880 4.310 -0.489
v 0.395 4.215 0.924
v -0.856 4.215 0.495
v -0.372 4.310 -0.919
v 0.691 4.310 -0.554
v 0.206 4.215 0.859
v -0.216 3.841 0.689
v 0.268 3.936 -0.724
v 0.240 4.684 -0.684
v -0.245 4.589 0.730
v -0.348 4.394 -0.431
v 0.124 4.166 -1.874
v 1.219 4.166 -1.516
v 0.746 4.394 -0.073
v -0.538 4.394 -0.493
v -0.066 4.166 -1.937
v 1.029 4.166 -1.578
v 0.556 4.394 -0.135
v 0.047 4.017 -0.242
v 0.520 3.789 -1.685
v 0.633 4.544 -1.767
v 0.161 4.772 -0.324
v -0.372 4.398 -0.415
v 0.115 4.163 -1.901
v 1.242 4.163 -1.532
v 0.756 4.398 -0.046
v -0.562 4.398 -0.477
v -0.075 4.163 -1.964
v 1.052 4.163 -1.595
v 0.565 4.398 -0.108
v 0.114 4.008 -0.195
v 0.601 3.774 -1.681
v 0.566 4.552 -1.815
v 0.080 4.787 -0.329
v -0.149 4.274 -0.885
v 0.236 4.129 -2.362
v 1.349 4.129 -2.072
v 0.964 4.274 -0.595
v -0.342 4.274 -0.935
v 0.043 4.129 -2.412
v 1.155 4.129 -2.122
v 0.771 4.274 -0.645
v 0.320 3.893 -0.725
v 0.705 3.748 -2.202
v 0.687 4.510 -2.282
v 0.302 4.655 -0.805
v 0.095 4.203 -1.502
v 0.443 4.099 -2.735
v 1.371 4.099 -2.474
v 1.023 4.203 -1.240
v -0.098 4.203 -1.556
v 0.250 4.099 -2.790
v 1.179 4.099 -2.528
v 0.831 4.203 -1.294
v 0.472 3.883 -1.368
v 0.820 3.779 -2.602
v 0.801 4.419 -2.661
v 0.453 4.523 -1.427
v -0.695 4.205 -0.193
v 0.521 4.320 -0.525
v 0.772 4.320 0.391
v -0.445 4.205 0.724
v -0.748 4.205 -0.386
v 0.469 4.320 -0.718
v 0.719 4.320 0.199
v -0.498 4.205 0.531
v -0.554 3.895 0.218
v 0.663 4.011 -0.114
v 0.577 4.630 -0.213
v -0.639 4.514 0.120
v -0.729 4.202 -0.206
v 0.543 4.323 -0.553
v 0.805 4.323 0.405
v -0.467 4.202 0.752
v -0.781 4.202 -0.399
v 0.491 4.323 -0.746
v 0.752 4.323 0.212
v -0.520 4.202 0.559
v -0.600 3.873 0.151
v 0.672 3.994 -0.196
v 0.624 4.652 -0.145
v -0.649 4.531 0.202
v 0.268 4.365 -0.433
v 1.515 4.252 -0.801
v 1.792 4.252 0.138
v 0.545 4.365 0.506
v 0.211 4.365 -0.624
v 1.458 4.252 -0.993
v 1.735 4.252 -0.054
v 0.488 4.365 0.314
v 0.364 4.043 -0.009
v 1.611 3.930 -0.377
v 1.639 4.574 -0.478
v 0.392 4.687 -0.110
v 0.117 4.376 -0.489
v 1.610 4.241 -0.930
v 1.942 4.241 0.194
v 0.449 4.376 0.635
v 0.061 4.376 -0.681
v 1.554 4.241 -1.122
v 1.886 4.241 0.002
v 0.393 4.376 0.443
v 0.218 3.987 -0.028
v 1.711 3.852 -0.469
v 1.785 4.630 -0.458
v 0.292 4.765 -0.017
v 1.253 4.298 -0.709
v 2.487 4.033 -1.059
v 2.755 4.033 -0.115
v 1.521 4.298 0.236
v 1.199 4.298 -0.901
v 2.432 4.033 -1.251
v 2.700 4.033 -0.307
v 1.467 4.298 0.043
v 1.300 3.978 -0.300
v 2.534 3.713 -0.651
v 2.653 4.353 -0.715
v 1.419 4.618 -0.365
v -0.422 4.218 -0.678
v 0.816 4.307 -0.067
v 0.357 4.307 0.863
v -0.881 4.218 0.252
v -0.333 4.218 -0.857
v 0.904 4.307 -0.247
v 0.445 4.307 0.683
v -0.792 4.218 0.073
v -0.592 3.873 -0.281
v 0.645 3.963 0.330
v 0.616 4.652 0.287
v -0.621 4.562 -0.324
v -0.419 4.218 -0.671
v 0.809 4.307 -0.066
v 0.354 4.307 0.857
v -0.874 4.218 0.251
v -0.330 4.218 -0.851
v 0.897 4.307 -0.245
v 0.442 4.307 0.677
v -0.785 4.218 0.072
v -0.618 3.885 -0.219
v 0.610 3.974 0.387
v 0.641 4.640 0.224
v -0.586 4.551 -0.381
v 0.628 4.352 -0.130
v 1.876 4.288 0.428
v 1.457 4.288 1.365
v 0.209 4.352 0.807
v 0.710 4.352 -0.312
v 1.958 4.288 0.246
v 1.539 4.288 1.183
v 0.291 4.352 0.625
v 0.454 4.011 0.222
v 1.701 3.947 0.780
v 1.714 4.629 0.831
v 0.466 4.693 0.273
v 0.547 4.239 -0.558
v 0.255 4.287 0.739
v -0.718 4.287 0.520
v -0.426 4.239 -0.777
v 0.742 4.239 -0.514
v 0.450 4.287 0.783
v -0.523 4.287 0.564
v -0.231 4.239 -0.733
v 0.152 3.906 -0.634
v -0.140 3.954 0.662
v -0.128 4.619 0.640
v 0.163 4.571 -0.656
v 0.360 4.307 -0.105
v 0.251 4.258 1.272
v -0.782 4.258 1.190
v -0.674 4.307 -0.186
v 0.559 4.307 -0.090
v 0.451 4.258 1.287
v -0.582 4.258 1.206
v -0.474 4.307 -0.171
v -0.020 3.964 -0.147
v -0.128 3.915 1.230
v -0.203 4.602 1.248
v -0.095 4.651 -0.129
v 0.334 4.336 0.472
v 0.187 4.190 1.838
v -0.843 4.190 1.727
v -0.696 4.336 0.361
v 0.533 4.336 0.493
v 0.386 4.190 1.859
v -0.645 4.190 1.748
v -0.498 4.336 0.382
v -0.070 3.992 0.391
v -0.217 3.847 1.758
v -0.240 4.534 1.828
v -0.093 4.679 0.462
v 0.354 4.325 0.917
v 0.217 4.082 2.500
v -0.984 4.082 2.396
v -0.846 4.325 0.813
v 0.554 4.325 0.935
v 0.416 4.082 2.517
v -0.784 4.082 2.413
v -0.647 4.325 0.831
v -0.143 3.928 0.813
v -0.281 3.685 2.396
v -0.287 4.479 2.517
v -0.149 4.722 0.935
v 0.212 4.208 1.627
v 0.038 4.029 2.914
v -0.937 4.029 2.783
v -0.762 4.208 1.495
v 0.410 4.208 1.654
v 0.236 4.029 2.941
v -0.738 4.029 2.809
v -0.564 4.208 1.522
v -0.226 3.889 1.523
v -0.400 3.710 2.811
v -0.300 4.349 2.913
v -0.126 4.528 1.626
v 0.246 4.214 1.593
v 0.062 4.024 2.957
v -0.971 4.024 2.817
v -0.786 4.214 1.453
v 0.445 4.214 1.620
v 0.260 4.024 2.983
v -0.772 4.024 2.844
v -0.588 4.214 1.480
v -0.161 3.870 1.490
v -0.346 3.680 2.854
v -0.365 4.368 2.947
v -0.180 4.558 1.583
v 0.914 4.245 0.167
v -0.535 4.280 0.740
v -0.964 4.280 -0.348
v 0.485 4.245 -0.920
v 0.988 4.245 0.353
v -0.461 4.280 0.926
v -0.891 4.280 -0.162
v 0.558 4.245 -0.734
v 0.702 3.863 -0.348
v -0.747 3.897 0.224
v -0.678 4.662 0.354
v 0.771 4.628 -0.218
v 0.353 4.308 0.382
v -1.047 4.242 0.895
v -1.433 4.242 -0.156
v -0.032 4.308 -0.669
v 0.422 4.308 0.570
v -0.978 4.242 1.083
v -1.364 4.242 0.032
v 0.037 4.308 -0.481
v 0.230 3.939 -0.002
v -1.171 3.873 0.512
v -1.240 4.610 0.416
v 0.160 4.676 -0.098
v -0.282 4.278 0.551
v -1.514 4.222 0.982
v -1.838 4.222 0.057
v -0.605 4.278 -0.374
v -0.216 4.278 0.740
v -1.448 4.222 1.170
v -1.772 4.222 0.245
v -0.539 4.278 -0.185
v -0.411 3.955 0.139
v -1.644 3.899 0.570
v -1.642 4.546 0.658
v -0.410 4.602 0.227
v -0.727 4.298 0.744
v -2.069 4.155 1.243
v -2.445 4.155 0.232
v -1.104 4.298 -0.268
v -0.657 4.298 0.931
v -1.999 4.155 1.431
v -2.376 4.155 0.419
v -1.034 4.298 -0.080
v -0.847 3.940 0.319
v -2.189 3.797 0.818
v -2.256 4.513 0.844
v -0.914 4.656 0.345
v -1.164 4.318 0.968
v -2.630 4.024 1.512
v -3.045 4.024 0.394
v -1.580 4.318 -0.150
v -1.095 4.318 1.155
v -2.560 4.024 1.700
v -2.975 4.024 0.581
v -1.510 4.318 0.037
v -1.294 3.933 0.411
v -2.759 3.640 0.956
v -2.846 4.409 1.138
v -1.380 4.702 0.594
v 0.471 4.253 0.828
v -0.931 4.272 0.054
v -0.351 4.272 -0.998
v 1.052 4.253 -0.224
v 0.374 4.253 1.003
v -1.028 4.272 0.229
v -0.447 4.272 -0.823
v 0.955 4.253 -0.048
v 0.668 3.862 0.462
v -0.734 3.880 -0.312
v -0.644 4.663 -0.456
v 0.758 4.645 0.318
v -0.145 4.272 0.364
v -1.275 4.267 -0.272
v -0.798 4.267 -1.120
v 0.332 4.272 -0.484
v -0.243 4.272 0.538
v -1.373 4.267 -0.098
v -0.896 4.267 -0.946
v 0.234 4.272 -0.310
v 0.032 3.949 0.053
v -1.099 3.944 -0.584
v -1.073 4.590 -0.635
v 0.058 4.595 0.002
v -0.662 4.336 0.152
v -1.887 4.199 -0.579
v -1.336 4.199 -1.502
v -0.111 4.336 -0.771
v -0.765 4.336 0.324
v -1.990 4.199 -0.408
v -1.438 4.199 -1.330
v -0.214 4.336 -0.599
v -0.411 3.979 -0.202
v -1.636 3.843 -0.934
v -1.690 4.556 -0.976
v -0.465 4.692 -0.245
v -0.645 4.339 0.194
v -1.932 4.196 -0.575
v -1.353 4.196 -1.544
v -0.066 4.339 -0.776
v -0.748 4.339 0.366
v -2.035 4.196 -0.403
v -1.456 4.196 -1.373
v -0.168 4.339 -0.604
v -0.373 3.964 -0.191
v -1.661 3.821 -0.960
v -1.727 4.571 -0.988
v -0.440 4.714 -0.219
v -1.237 4.336 -0.160
v -2.380 4.084 -0.933
v -1.791 4.084 -1.805
v -0.648 4.336 -1.032
v -1.349 4.336 0.006
v -2.492 4.084 -0.767
v -1.903 4.084 -1.639
v -0.760 4.336 -0.866
v -0.912 3.996 -0.529
v -2.056 3.744 -1.302
v -2.228 4.424 -1.270
v -1.084 4.675 -0.497
v -1.260 4.325 -0.227
v -2.309 4.094 -0.937
v -1.768 4.094 -1.737
v -0.719 4.325 -1.028
v -1.372 4.325 -0.062
v -2.421 4.094 -0.771
v -1.880 4.094 -1.572
v -0.831 4.325 -0.862
v -0.962 4.015 -0.568
v -2.011 3.784 -1.277
v -2.179 4.404 -1.232
v -1.129 4.635 -0.522
v -0.715 4.844 -0.006
v 0.388 4.918 -0.619
v 0.849 4.918 0.210
v -0.255 4.844 0.823
v -0.812 4.844 -0.181
v 0.291 4.918 -0.793
v 0.752 4.918 0.035
v -0.352 4.844 0.648
v -0.499 4.531 0.344
v 0.604 4.605 -0.269
v 0.536 5.232 -0.315
v -0.567 5.158 0.298
v -0.745 4.843 -0.010
v 0.401 4.920 -0.646
v 0.879 4.920 0.214
v -0.267 4.843 0.851
v -0.842 4.843 -0.185
v 0.304 4.920 -0.821
v 0.782 4.920 0.040
v -0.364 4.843 0.676
v -0.547 4.516 0.307
v 0.598 4.593 -0.330
v 0.584 5.247 -0.277
v -0.562 5.170 0.359
v -0.335 4.969 -0.375
v 1.020 4.863 -1.013
v 1.500 4.863 0.007
v 0.144 4.969 0.644
v -0.421 4.969 -0.556
v 0.935 4.863 -1.194
v 1.414 4.863 -0.174
v 0.059 4.969 0.463
v -0.164 4.595 0.052
v 1.191 4.488 -0.586
v 1.243 5.237 -0.601
v -0.112 5.344 0.037
v 0.314 4.965 -0.565
v 1.466 4.782 -1.188
v 1.938 4.782 -0.315
v 0.786 4.965 0.307
v 0.219 4.965 -0.741
v 1.371 4.782 -1.364
v 1.843 4.782 -0.491
v 0.691 4.965 0.131
v 0.449 4.639 -0.219
v 1.601 4.456 -0.842
v 1.708 5.108 -0.837
v 0.556 5.292 -0.215
v 0.698 4.899 -0.839
v 2.018 4.684 -1.608
v 2.601 4.684 -0.608
v 1.280 4.899 0.161
v 0.597 4.899 -1.011
v 1.917 4.684 -1.780
v 2.500 4.684 -0.780
v 1.180 4.899 -0.011
v 0.912 4.518 -0.365
v 2.232 4.304 -1.134
v 2.286 5.064 -1.254
v 0.966 5.279 -0.485
v 0.833 4.883 -0.822
v 1.966 4.699 -1.481
v 2.465 4.699 -0.624
v 1.333 4.883 0.035
v 0.733 4.883 -0.995
v 1.865 4.699 -1.654
v 2.364 4.699 -0.797
v 1.232 4.883 -0.137
v 1.018 4.559 -0.415
v 2.150 4.375 -1.074
v 2.180 5.023 -1.204
v 1.048 5.207 -0.544
v -0.219 4.859 -0.749
v 0.805 4.903 0.159
v 0.123 4.903 0.928
v -0.901 4.859 0.020
v -0.087 4.859 -0.898
v 0.938 4.903 0.010
v 0.256 4.903 0.778
v -0.768 4.859 -0.130
v -0.533 4.525 -0.379
v 0.491 4.568 0.530
v 0.570 5.237 0.408
v -0.454 5.194 -0.500
v 0.887 4.911 0.150
v 2.082 4.808 1.084
v 1.380 4.808 1.982
v 0.185 4.911 1.048
v 1.010 4.911 -0.008
v 2.205 4.808 0.926
v 1.503 4.808 1.825
v 0.308 4.911 0.891
v 0.551 4.534 0.538
v 1.746 4.431 1.472
v 1.838 5.185 1.437
v 0.643 5.288 0.503
v 1.356 4.926 0.448
v 2.466 4.724 1.461
v 1.699 4.724 2.300
v 0.589 4.926 1.287
v 1.491 4.926 0.300
v 2.601 4.724 1.313
v 1.834 4.724 2.153
v 0.724 4.926 1.140
v 1.040 4.555 0.719
v 2.150 4.352 1.732
v 2.150 5.095 1.881
v 1.040 5.298 0.868
v 0.613 4.854 -0.644
v 0.341 4.909 0.841
v -0.773 4.909 0.637
v -0.501 4.854 -0.848
v 0.810 4.854 -0.608
v 0.538 4.909 0.877
v -0.576 4.909 0.673
v -0.305 4.854 -0.812
v 0.098 4.480 -0.724
v -0.174 4.535 0.761
v -0.061 5.282 0.754
v 0.210 5.227 -0.731
v 0.648 4.852 -0.676
v 0.363 4.910 0.884
v -0.808 4.910 0.670
v -0.523 4.852 -0.890
v 0.845 4.852 -0.640
v 0.559 4.910 0.920
v -0.611 4.910 0.706
v -0.326 4.852 -0.854
v 0.240 4.465 -0.736
v -0.045 4.523 0.823
v -0.203 5.298 0.766
v 0.082 5.240 -0.794
v 0.357 4.933 0.501
v 0.047 4.915 1.924
v -1.021 4.915 1.692
v -0.711 4.933 0.268
v 0.552 4.933 0.543
v 0.242 4.915 1.967
v -0.825 4.915 1.734
v -0.516 4.933 0.311
v -0.004 4.577 0.418
v -0.314 4.559 1.841
v -0.465 5.271 1.817
v -0.155 5.289 0.394
v 0.811 4.787 0.256
v -0.554 4.976 0.613
v -0.825 4.976 -0.420
v 0.540 4.787 -0.777
v 0.861 4.787 0.449
v -0.504 4.976 0.807
v -0.774 4.976 -0.226
v 0.591 4.787 -0.583
v 0.654 4.434 -0.157
v -0.711 4.623 0.200
v -0.617 5.328 0.187
v 0.748 5.139 -0.171
v 0.842 4.783 0.269
v -0.575 4.979 0.640
v -0.856 4.979 -0.433
v 0.561 4.783 -0.804
v 0.893 4.783 0.462
v -0.525 4.979 0.833
v -0.805 4.979 -0.239
v 0.612 4.783 -0.610
v 0.680 4.417 -0.157
v -0.737 4.613 0.214
v -0.643 5.346 0.186
v 0.774 5.149 -0.185
v 0.186 4.974 0.349
v -1.082 4.951 0.748
v -1.381 4.951 -0.204
v -0.113 4.974 -0.602
v 0.246 4.974 0.540
v -1.022 4.951 0.938
v -1.321 4.951 -0.013
v -0.053 4.974 -0.411
v 0.065 4.643 -0.055
v -1.203 4.619 0.344
v -1.200 5.282 0.391
v 0.068 5.306 -0.007
v -0.287 4.996 0.496
v -1.667 4.907 1.057
v -2.089 4.907 0.021
v -0.709 4.996 -0.540
v -0.212 4.996 0.682
v -1.592 4.907 1.243
v -2.013 4.907 0.206
v -0.633 4.996 -0.355
v -0.432 4.624 0.081
v -1.812 4.535 0.642
v -1.868 5.279 0.621
v -0.489 5.368 0.060
v -0.265 4.997 0.502
v -1.679 4.906 1.077
v -2.111 4.906 0.015
v -0.697 4.997 -0.560
v -0.190 4.997 0.688
v -1.604 4.906 1.263
v -2.036 4.906 0.200
v -0.622 4.997 -0.375
v -0.440 4.619 0.012
v -1.854 4.527 0.587
v -1.861 5.285 0.690
v -0.447 5.376 0.115
v -0.520 4.958 0.197
v -1.666 4.899 -0.565
v -1.094 4.899 -1.426
v 0.052 4.958 -0.663
v -0.631 4.958 0.364
v -1.777 4.899 -0.399
v -1.204 4.899 -1.259
v -0.058 4.958 -0.497
v -0.307 4.618 -0.097
v -1.453 4.559 -0.860
v -1.417 5.239 -0.965
v -0.271 5.298 -0.203
v -0.517 4.958 0.205
v -1.674 4.899 -0.565
v -1.096 4.899 -1.434
v 0.061 4.958 -0.664
v -0.628 4.958 0.372
v -1.785 4.899 -0.398
v -1.207 4.899 -1.267
v -0.050 4.958 -0.497
v -0.273 4.611 -0.135
v -1.430 4.551 -0.905
v -1.451 5.247 -0.927
v -0.294 5.306 -0.157
v -0.893 5.000 -0.080
v -2.134 4.813 -0.792
v -1.595 4.813 -1.730
v -0.355 5.000 -1.018
v -0.993 5.000 0.093
v -2.233 4.813 -0.619
v -1.695 4.813 -1.557
v -0.454 5.000 -0.845
v -0.610 4.646 -0.481
v -1.850 4.458 -1.193
v -1.978 5.167 -1.156
v -0.738 5.355 -0.444
v -0.367 4.853 0.701
v -0.408 4.909 -0.646
v 0.603 4.909 -0.677
v 0.644 4.853 0.670
v -0.567 4.853 0.707
v -0.608 4.909 -0.640
v 0.404 4.909 -0.671
v 0.445 4.853 0.676
v -0.028 4.523 0.677
v -0.069 4.579 -0.671
v 0.065 5.240 -0.647
v 0.106 5.184 0.700
v -0.404 4.851 0.753
v -0.448 4.911 -0.697
v 0.640 4.911 -0.730
v 0.685 4.851 0.720
v -0.604 4.851 0.759
v -0.648 4.911 -0.691
v 0.441 4.911 -0.724
v 0.485 4.851 0.726
v 0.033 4.488 0.725
v -0.011 4.549 -0.725
v 0.004 5.274 -0.695
v 0.048 5.214 0.755
v -0.372 4.932 0.249
v -0.579 4.880 -1.283
v 0.571 4.880 -1.438
v 0.777 4.932 0.093
v -0.570 4.932 0.275
v -0.777 4.880 -1.257
v 0.372 4.880 -1.412
v 0.579 4.932 0.120
v 0.039 4.551 0.206
v -0.168 4.500 -1.326
v -0.038 5.261 -1.369
v 0.168 5.312 0.163
v -0.551 4.927 -0.945
v -0.666 4.784 -2.520
v 0.520 4.784 -2.606
v 0.635 4.927 -1.031
v -0.750 4.927 -0.930
v -0.865 4.784 -2.505
v 0.321 4.784 -2.592
v 0.435 4.927 -1.017
v -0.042 4.532 -0.946
v -0.157 4.389 -2.521
v -0.188 5.178 -2.590
v -0.073 5.321 -1.016
v 0.825 5.350 0.436
v -0.722 5.529 0.555
v -0.812 5.529 -0.613
v 0.736 5.350 -0.732
v 0.841 5.350 0.636
v -0.707 5.529 0.754
v -0.796 5.529 -0.414
v 0.751 5.350 -0.532
v 0.739 4.967 -0.108
v -0.808 5.146 0.011
v -0.710 5.912 0.130
v 0.837 5.733 0.012
v 0.698 5.364 0.355
v -0.609 5.515 0.455
v -0.685 5.515 -0.532
v 0.623 5.364 -0.632
v 0.714 5.364 0.554
v -0.594 5.515 0.655
v -0.669 5.515 -0.332
v 0.638 5.364 -0.433
v 0.633 5.037 -0.002
v -0.674 5.189 0.098
v -0.604 5.841 0.025
v 0.703 5.690 -0.075
v -0.245 5.510 0.420
v -1.686 5.382 0.602
v -1.822 5.382 -0.483
v -0.381 5.510 -0.665
v -0.220 5.510 0.619
v -1.661 5.382 0.800
v -1.797 5.382 -0.285
v -0.356 5.510 -0.466
v -0.274 5.149 -0.065
v -1.715 5.021 0.117
v -1.768 5.743 0.200
v -0.327 5.872 0.019
v -1.232 5.425 0.560
v -2.775 5.278 0.726
v -2.900 5.278 -0.437
v -1.357 5.425 -0.603
v -1.211 5.425 0.759
v -2.754 5.278 0.925
v -2.879 5.278 -0.238
v -1.335 5.425 -0.404
v -1.257 5.045 -0.005
v -2.800 4.898 0.161
v -2.854 5.658 0.327
v -1.311 5.804 0.161
v -0.050 5.382 0.736
v -0.591 5.497 -0.392
v 0.259 5.497 -0.800
v 0.800 5.382 0.329
v -0.230 5.382 0.822
v -0.771 5.497 -0.306
v 0.079 5.497 -0.713
v 0.620 5.382 0.415
v 0.292 5.070 0.540
v -0.249 5.184 -0.588
v -0.263 5.809 -0.518
v 0.278 5.694 0.611
v -0.302 5.528 0.424
v -1.005 5.451 -0.958
v 0.033 5.451 -1.486
v 0.736 5.528 -0.103
v -0.480 5.528 0.515
v -1.183 5.451 -0.867
v -0.145 5.451 -1.395
v 0.557 5.528 -0.013
v 0.213 5.150 0.183
v -0.489 5.074 -1.199
v -0.660 5.829 -1.154
v 0.042 5.906 0.228
v -0.570 5.547 -0.244
v -1.075 5.378 -1.409
v -0.194 5.378 -1.791
v 0.311 5.547 -0.627
v -0.754 5.547 -0.165
v -1.259 5.378 -1.330
v -0.378 5.378 -1.712
v 0.127 5.547 -0.547
v -0.223 5.230 -0.349
v -0.728 5.061 -1.514
v -0.725 5.695 -1.607
v -0.220 5.864 -0.442
v -0.590 5.433 0.414
v -0.045 5.445 -0.713
v 0.799 5.445 -0.304
v 0.254 5.433 0.822
v -0.770 5.433 0.326
v -0.225 5.445 -0.800
v 0.619 5.445 -0.391
v 0.074 5.433 0.735
v -0.245 5.120 0.577
v 0.300 5.133 -0.549
v 0.274 5.758 -0.555
v -0.271 5.746 0.572
v -0.611 5.433 0.424
v -0.050 5.446 -0.736
v 0.820 5.446 -0.315
v 0.259 5.433 0.846
v -0.791 5.433 0.337
v -0.230 5.446 -0.823
v 0.640 5.446 -0.402
v 0.079 5.433 0.758
v -0.321 5.117 0.562
v 0.241 5.129 -0.599
v 0.350 5.762 -0.539
v -0.212 5.749 0.621
v -0.463 5.447 -0.071
v 0.207 5.443 -1.365
v 1.177 5.443 -0.862
v 0.507 5.447 0.431
v -0.641 5.447 -0.163
v 0.029 5.443 -1.457
v 0.999 5.443 -0.954
v 0.329 5.447 0.339
v -0.121 5.088 0.107
v 0.549 5.083 -1.187
v 0.658 5.802 -1.133
v -0.012 5.806 0.161
v -0.114 5.484 -0.603
v 0.463 5.402 -1.804
v 1.366 5.402 -1.370
v 0.789 5.484 -0.169
v -0.294 5.484 -0.690
v 0.283 5.402 -1.891
v 1.186 5.402 -1.457
v 0.609 5.484 -0.256
v 0.169 5.160 -0.445
v 0.746 5.078 -1.646
v 0.903 5.726 -1.615
v 0.326 5.808 -0.414
v 0.076 5.495 -1.137
v 0.739 5.319 -2.377
v 1.676 5.319 -1.876
v 1.013 5.495 -0.636
v -0.101 5.495 -1.232
v 0.562 5.319 -2.472
v 1.500 5.319 -1.971
v 0.837 5.495 -0.730
v 0.402 5.145 -0.913
v 1.065 4.969 -2.153
v 1.174 5.668 -2.194
v 0.511 5.844 -0.954
v -0.722 5.382 -0.425
v 0.736 5.497 -0.450
v 0.755 5.497 0.647
v -0.704 5.382 0.672
v -0.726 5.382 -0.625
v 0.733 5.497 -0.650
v 0.751 5.497 0.448
v -0.707 5.382 0.472
v -0.685 5.026 0.102
v 0.773 5.140 0.077
v 0.714 5.853 -0.079
v -0.744 5.738 -0.055
v 0.287 5.483 -0.482
v 1.822 5.452 -0.514
v 1.846 5.452 0.638
v 0.310 5.483 0.669
v 0.283 5.483 -0.682
v 1.818 5.452 -0.714
v 1.842 5.452 0.438
v 0.306 5.483 0.469
v 0.288 5.103 -0.059
v 1.823 5.071 -0.091
v 1.841 5.832 0.015
v 0.305 5.863 0.046
v 0.301 5.483 -0.472
v 1.809 5.452 -0.503
v 1.832 5.452 0.628
v 0.324 5.483 0.659
v 0.297 5.483 -0.672
v 1.805 5.452 -0.703
v 1.828 5.452 0.428
v 0.320 5.483 0.459
v 0.304 5.112 0.065
v 1.812 5.082 0.034
v 1.824 5.822 -0.109
v 0.316 5.853 -0.078
v 1.468 5.472 -0.341
v 2.718 5.264 -0.387
v 2.753 5.264 0.563
v 1.503 5.472 0.609
v 1.461 5.472 -0.541
v 2.710 5.264 -0.587
v 2.745 5.264 0.363
v 1.496 5.472 0.410
v 1.432 5.162 0.075
v 2.682 4.954 0.029
v 2.782 5.574 -0.053
v 1.532 5.782 -0.007
v 1.323 5.495 -0.443
v 2.855 5.240 -0.500
v 2.898 5.240 0.666
v 1.366 5.495 0.722
v 1.315 5.495 -0.643
v 2.848 5.240 -0.699
v 2.891 5.240 0.466
v 1.358 5.495 0.522
v 1.278 5.113 0.076
v 2.811 4.858 0.020
v 2.935 5.622 -0.053
v 1.403 5.877 0.003
v 0.001 5.404 -0.902
v 0.840 5.474 0.403
v -0.140 5.474 1.033
v -0.979 5.404 -0.273
v 0.169 5.404 -1.010
v 1.008 5.474 0.295
v 0.028 5.474 0.925
v -0.810 5.404 -0.381
v -0.360 5.018 -0.649
v 0.478 5.089 0.656
v 0.389 5.860 0.672
v -0.449 5.790 -0.634
v 0.575 5.546 -0.043
v 1.422 5.426 1.184
v 0.499 5.426 1.822
v -0.349 5.546 0.595
v 0.739 5.546 -0.157
v 1.587 5.426 1.070
v 0.663 5.426 1.708
v -0.184 5.546 0.481
v 0.112 5.182 0.241
v 0.959 5.062 1.468
v 1.126 5.790 1.424
v 0.279 5.910 0.197
v 0.820 5.499 0.495
v 1.618 5.391 1.531
v 0.839 5.391 2.131
v 0.041 5.499 1.095
v 0.979 5.499 0.373
v 1.777 5.391 1.409
v 0.997 5.391 2.009
v 0.199 5.499 0.973
v 0.510 5.173 0.700
v 1.308 5.065 1.736
v 1.307 5.717 1.804
v 0.510 5.825 0.768
v 1.180 5.527 0.869
v 1.939 5.279 1.977
v 1.094 5.279 2.555
v 0.335 5.527 1.448
v 1.345 5.527 0.756
v 2.104 5.279 1.864
v 1.259 5.279 2.442
v 0.500 5.527 1.335
v 0.845 5.195 1.024
v 1.604 4.947 2.132
v 1.594 5.611 2.287
v 0.835 5.860 1.180
v 1.177 5.518 0.933
v 1.878 5.288 1.957
v 1.097 5.288 2.491
v 0.396 5.518 1.468
v 1.342 5.518 0.820
v 2.043 5.288 1.844
v 1.262 5.288 2.378
v 0.561 5.518 1.355
v 0.812 5.209 1.114
v 1.513 4.980 2.138
v 1.628 5.597 2.197
v 0.927 5.827 1.174
v 0.494 5.425 -0.094
v 0.179 5.487 1.427
v -0.963 5.487 1.190
v -0.647 5.425 -0.331
v 0.690 5.425 -0.053
v 0.375 5.487 1.468
v -0.767 5.487 1.231
v -0.451 5.425 -0.290
v 0.101 5.046 -0.160
v -0.215 5.108 1.361
v -0.373 5.866 1.297
v -0.058 5.804 -0.224
v 0.310 5.541 0.528
v 0.028 5.417 1.911
v -1.013 5.417 1.700
v -0.732 5.541 0.317
v 0.506 5.541 0.568
v 0.224 5.417 1.951
v -0.817 5.417 1.740
v -0.536 5.541 0.356
v -0.067 5.190 0.420
v -0.348 5.067 1.804
v -0.441 5.768 1.847
v -0.159 5.891 0.464
v 0.209 5.446 1.088
v -0.090 5.412 2.490
v -1.141 5.412 2.266
v -0.843 5.446 0.865
v 0.404 5.446 1.130
v 0.106 5.412 2.531
v -0.945 5.412 2.307
v -0.647 5.446 0.906
v -0.300 5.098 0.972
v -0.599 5.064 2.373
v -0.436 5.760 2.424
v -0.138 5.794 1.023
v -0.257 6.095 0.545
v -1.744 5.972 0.816
v -1.948 5.972 -0.302
v -0.462 6.095 -0.574
v -0.221 6.095 0.742
v -1.708 5.972 1.013
v -1.912 5.972 -0.106
v -0.426 6.095 -0.377
v -0.324 5.723 0.013
v -1.810 5.600 0.284
v -1.846 6.344 0.426
v -0.359 6.467 0.155
v -0.594 6.091 -0.041
v -1.499 5.950 -1.025
v -0.757 5.950 -1.708
v 0.148 6.091 -0.724
v -0.741 6.091 0.095
v -1.646 5.950 -0.889
v -0.904 5.950 -1.572
v 0.001 6.091 -0.588
v -0.317 5.762 -0.249
v -1.222 5.621 -1.233
v -1.181 6.279 -1.364
v -0.276 6.420 -0.380
v -0.591 6.093 -0.010
v -1.530 5.948 -1.030
v -0.760 5.948 -1.738
v 0.179 6.093 -0.718
v -0.738 6.093 0.125
v -1.677 5.948 -0.895
v -0.907 5.948 -1.603
v 0.031 6.093 -0.583
v -0.312 5.755 -0.218
v -1.251 5.610 -1.238
v -1.186 6.286 -1.395
v -0.247 6.431 -0.375
v -0.704 5.965 0.497
v -0.091 6.007 -0.833
v 0.907 6.007 -0.373
v 0.294 5.965 0.957
v -0.886 5.965 0.413
v -0.272 6.007 -0.917
v 0.725 6.007 -0.457
v 0.112 5.965 0.873
v -0.319 5.600 0.663
v 0.294 5.642 -0.667
v 0.340 6.372 -0.623
v -0.273 6.329 0.707
v -0.386 6.022 -0.045
v 0.159 5.981 -1.225
v 1.044 5.981 -0.816
v 0.499 6.022 0.364
v -0.568 6.022 -0.129
v -0.023 5.981 -1.309
v 0.862 5.981 -0.900
v 0.317 6.022 0.280
v -0.009 5.699 0.140
v 0.536 5.657 -1.040
v 0.485 6.304 -1.086
v -0.060 6.346 0.094
v -0.136 5.992 -0.597
v 0.439 5.976 -1.670
v 1.243 5.976 -1.239
v 0.669 5.992 -0.166
v -0.312 5.992 -0.692
v 0.263 5.976 -1.765
v 1.067 5.976 -1.333
v 0.492 5.992 -0.261
v 0.207 5.689 -0.410
v 0.782 5.674 -1.482
v 0.724 6.279 -1.521
v 0.150 6.294 -0.449
v 0.301 6.023 -1.517
v 0.876 5.817 -2.701
v 1.775 5.817 -2.264
v 1.200 6.023 -1.080
v 0.121 6.023 -1.604
v 0.696 5.817 -2.788
v 1.595 5.817 -2.352
v 1.020 6.023 -1.168
v 0.588 5.698 -1.321
v 1.163 5.492 -2.505
v 1.308 6.141 -2.548
v 0.734 6.347 -1.363
v -0.100 5.932 -0.333
v 1.100 6.025 -0.480
v 1.210 6.025 0.423
v 0.011 5.932 0.570
v -0.124 5.932 -0.531
v 1.076 6.025 -0.678
v 1.186 6.025 0.224
v -0.014 5.932 0.371
v -0.034 5.630 0.012
v 1.166 5.723 -0.135
v 1.121 6.327 -0.120
v -0.079 6.234 0.027
v 1.320 6.085 -0.656
v 2.816 5.908 -0.870
v 2.978 5.908 0.260
v 1.482 6.085 0.474
v 1.292 6.085 -0.854
v 2.788 5.908 -1.068
v 2.950 5.908 0.062
v 1.453 6.085 0.276
v 1.340 5.708 -0.206
v 2.836 5.531 -0.420
v 2.930 6.285 -0.389
v 1.433 6.462 -0.175
v -0.077 5.969 -0.825
v 0.803 6.002 0.326
v -0.061 6.002 0.986
v -0.940 5.969 -0.165
v 0.082 5.969 -0.946
v 0.962 6.002 0.205
v 0.098 6.002 0.865
v -0.781 5.969 -0.286
v -0.409 5.608 -0.560
v 0.470 5.641 0.591
v 0.431 6.364 0.600
v -0.449 6.331 -0.550
v 0.585 6.033 0.061
v 1.406 5.938 1.175
v 0.568 5.938 1.793
v -0.253 6.033 0.679
v 0.746 6.033 -0.058
v 1.567 5.938 1.057
v 0.729 5.938 1.674
v -0.092 6.033 0.560
v 0.280 5.692 0.256
v 1.102 5.597 1.370
v 1.034 6.279 1.479
v 0.212 6.374 0.365
v 0.915 6.082 0.432
v 1.774 5.815 1.621
v 0.868 5.815 2.276
v 0.009 6.082 1.087
v 1.077 6.082 0.315
v 1.936 5.815 1.504
v 1.030 5.815 2.159
v 0.171 6.082 0.970
v 0.569 5.724 0.602
v 1.428 5.457 1.791
v 1.376 6.173 1.990
v 0.517 6.441 0.801
v 0.379 6.107 0.193
v -0.198 5.935 1.308
v -1.042 5.935 0.872
v -0.466 6.107 -0.243
v 0.556 6.107 0.285
v -0.020 5.935 1.400
v -0.864 5.935 0.964
v -0.288 6.107 -0.151
v 0.057 5.793 -0.021
v -0.519 5.621 1.094
v -0.542 6.248 1.178
v 0.034 6.420 0.063
v 0.205 5.967 0.652
v -0.434 5.908 1.979
v -1.430 5.908 1.499
v -0.791 5.967 0.173
v 0.385 5.967 0.739
v -0.254 5.908 2.066
v -1.249 5.908 1.586
v -0.610 5.967 0.259
v -0.118 5.609 0.481
v -0.757 5.550 1.808
v -0.926 6.265 1.758
v -0.287 6.324 0.431
v 0.240 5.968 0.635
v -0.426 5.907 2.017
v -1.464 5.907 1.517
v -0.798 5.968 0.135
v 0.420 5.968 0.721
v -0.246 5.907 2.104
v -1.284 5.907 1.604
v -0.618 5.968 0.222
v -0.257 5.593 0.379
v -0.923 5.532 1.761
v -0.787 6.281 1.860
v -0.121 6.343 0.477
v -0.071 6.020 1.232
v -0.715 5.805 2.511
v -1.685 5.805 2.023
v -1.041 6.020 0.744
v 0.108 6.020 1.322
v -0.536 5.805 2.601
v -1.506 5.805 2.113
v -0.862 6.020 0.834
v -0.402 5.665 1.006
v -1.045 5.450 2.285
v -1.175 6.160 2.339
v -0.532 6.375 1.060
v 0.200 6.451 0.732
v -0.718 6.569 -0.173
v -0.036 6.569 -0.865
v 0.882 6.451 0.040
v 0.060 6.451 0.875
v -0.859 6.569 -0.031
v -0.177 6.569 -0.722
v 0.742 6.451 0.183
v 0.487 6.132 0.400
v -0.432 6.251 -0.505
v -0.463 6.887 -0.390
v 0.455 6.769 0.515
v 0.215 6.443 0.831
v -0.818 6.576 -0.186
v -0.051 6.576 -0.964
v 0.982 6.443 0.054
v 0.075 6.443 0.974
v -0.958 6.576 -0.044
v -0.191 6.576 -0.822
v 0.841 6.443 0.196
v 0.518 6.081 0.477
v -0.515 6.214 -0.541
v -0.494 6.938 -0.467
v 0.539 6.805 0.550
v -0.129 6.542 0.297
v -1.068 6.575 -0.486
v -0.480 6.575 -1.190
v 0.459 6.542 -0.407
v -0.257 6.542 0.451
v -1.196 6.575 -0.333
v -0.608 6.575 -1.037
v 0.331 6.542 -0.253
v 0.075 6.238 0.041
v -0.864 6.271 -0.743
v -0.812 6.879 -0.780
v 0.127 6.847 0.003
v -0.501 6.629 0.116
v -1.647 6.517 -0.835
v -0.931 6.517 -1.697
v 0.215 6.629 -0.745
v -0.628 6.629 0.270
v -1.774 6.517 -0.681
v -1.059 6.517 -1.543
v 0.087 6.629 -0.592
v -0.198 6.257 -0.204
v -1.344 6.145 -1.156
v -1.361 6.889 -1.222
v -0.215 7.001 -0.271
v -0.707 6.495 0.522
v -0.128 6.525 -0.869
v 0.915 6.525 -0.435
v 0.336 6.495 0.956
v -0.892 6.495 0.445
v -0.313 6.525 -0.946
v 0.731 6.525 -0.512
v 0.152 6.495 0.879
v -0.226 6.122 0.714
v 0.353 6.152 -0.677
v 0.249 6.898 -0.704
v -0.330 6.867 0.687
v -0.591 6.497 0.453
v -0.095 6.523 -0.738
v 0.799 6.523 -0.366
v 0.303 6.497 0.825
v -0.775 6.497 0.376
v -0.279 6.523 -0.815
v 0.614 6.523 -0.443
v 0.118 6.497 0.748
v -0.277 6.177 0.577
v 0.219 6.203 -0.615
v 0.300 6.842 -0.567
v -0.196 6.816 0.625
v -0.114 6.486 -0.538
v 0.283 6.443 -1.743
v 1.188 6.443 -1.445
v 0.791 6.486 -0.239
v -0.304 6.486 -0.600
v 0.093 6.443 -1.806
v 0.998 6.443 -1.508
v 0.601 6.486 -0.302
v 0.211 6.170 -0.419
v 0.609 6.127 -1.625
v 0.673 6.759 -1.626
v 0.275 6.802 -0.421
v -0.637 6.488 -0.332
v 0.620 6.531 -0.402
v 0.672 6.531 0.542
v -0.585 6.488 0.611
v -0.648 6.488 -0.532
v 0.609 6.531 -0.601
v 0.661 6.531 0.342
v -0.596 6.488 0.411
v -0.603 6.180 0.104
v 0.654 6.223 0.035
v 0.626 6.839 -0.094
v -0.631 6.796 -0.025
v -0.087 6.542 -0.498
v 1.347 6.519 -0.434
v 1.299 6.519 0.642
v -0.136 6.542 0.578
v -0.078 6.542 -0.698
v 1.356 6.519 -0.634
v 1.308 6.519 0.442
v -0.127 6.542 0.378
v -0.113 6.183 -0.048
v 1.321 6.160 0.017
v 1.334 6.877 -0.009
v -0.101 6.900 -0.073
v 0.468 6.560 -0.398
v 1.900 6.482 -0.481
v 1.962 6.482 0.595
v 0.530 6.560 0.678
v 0.456 6.560 -0.598
v 1.889 6.482 -0.681
v 1.951 6.482 0.395
v 0.518 6.560 0.478
v 0.475 6.202 0.064
v 1.907 6.124 -0.019
v 1.944 6.840 -0.067
v 0.511 6.918 0.016
v 1.100 6.626 -0.467
v 2.506 6.350 -0.479
v 2.515 6.350 0.595
v 1.110 6.626 0.607
v 1.099 6.626 -0.667
v 2.504 6.350 -0.679
v 2.514 6.350 0.395
v 1.108 6.626 0.407
v 1.035 6.276 -0.008
v 2.441 5.999 -0.020
v 2.579 6.700 -0.064
v 1.173 6.977 -0.052
v 0.286 6.554 -0.404
v 1.085 6.499 0.846
v 0.147 6.499 1.446
v -0.652 6.554 0.196
v 0.454 6.554 -0.512
v 1.253 6.499 0.738
v 0.315 6.499 1.338
v -0.484 6.554 0.088
v -0.106 6.183 -0.170
v 0.693 6.128 1.080
v 0.707 6.870 1.104
v -0.092 6.925 -0.146
v 0.502 6.532 0.135
v 1.336 6.480 1.213
v 0.528 6.480 1.839
v -0.306 6.532 0.762
v 0.660 6.532 0.013
v 1.494 6.480 1.090
v 0.686 6.480 1.716
v -0.148 6.532 0.639
v 0.224 6.199 0.335
v 1.058 6.147 1.412
v 0.964 6.814 1.517
v 0.130 6.866 0.440
v 0.860 6.583 0.643
v 1.588 6.388 1.635
v 0.834 6.388 2.188
v 0.106 6.583 1.196
v 1.021 6.583 0.525
v 1.749 6.388 1.517
v 0.995 6.388 2.070
v 0.268 6.583 1.078
v 0.486 6.281 0.859
v 1.213 6.087 1.851
v 1.370 6.690 1.854
v 0.642 6.884 0.862
v 0.703 6.469 -0.467
v 0.116 6.550 0.835
v -0.862 6.550 0.394
v -0.275 6.469 -0.908
v 0.885 6.469 -0.385
v 0.299 6.550 0.917
v -0.679 6.550 0.477
v -0.093 6.469 -0.825
v 0.258 6.115 -0.645
v -0.329 6.196 0.657
v -0.234 6.905 0.655
v 0.352 6.824 -0.647
v 0.652 6.472 -0.439
v 0.104 6.547 0.779
v -0.811 6.547 0.367
v -0.262 6.472 -0.851
v 0.835 6.472 -0.357
v 0.286 6.547 0.861
v -0.629 6.547 0.449
v -0.080 6.472 -0.769
v 0.268 6.138 -0.591
v -0.280 6.214 0.626
v -0.245 6.881 0.601
v 0.304 6.806 -0.617
v 0.530 6.542 -0.057
v -0.053 6.535 1.349
v -1.106 6.535 0.912
v -0.524 6.542 -0.494
v 0.715 6.542 0.020
v 0.132 6.535 1.425
v -0.922 6.535 0.988
v -0.339 6.542 -0.417
v 0.110 6.162 -0.232
v -0.472 6.155 1.173
v -0.502 6.915 1.164
v 0.080 6.922 -0.241
v 0.277 6.544 0.504
v -0.321 6.528 1.724
v -1.236 6.528 1.275
v -0.638 6.544 0.055
v 0.457 6.544 0.592
v -0.142 6.528 1.812
v -1.057 6.528 1.363
v -0.458 6.544 0.143
v -0.087 6.204 0.321
v -0.685 6.189 1.541
v -0.693 6.868 1.546
v -0.094 6.884 0.326
v -0.040 6.627 0.994
v -0.543 6.434 2.079
v -1.367 6.434 1.698
v -0.865 6.627 0.613
v 0.141 6.627 1.078
v -0.361 6.434 2.163
v -1.185 6.434 1.782
v -0.683 6.627 0.697
v -0.298 6.332 0.823
v -0.800 6.139 1.908
v -0.928 6.729 1.953
v -0.426 6.922 0.868
v 0.631 6.455 0.392
v -0.625 6.564 0.363
v -0.603 6.564 -0.582
v 0.653 6.455 -0.553
v 0.627 6.455 0.592
v -0.629 6.564 0.563
v -0.607 6.564 -0.382
v 0.648 6.455 -0.353
v 0.615 6.149 -0.051
v -0.641 6.258 -0.080
v -0.591 6.871 0.061
v 0.665 6.761 0.090
v 0.067 6.535 0.334
v -1.183 6.587 0.387
v -1.223 6.587 -0.551
v 0.027 6.535 -0.604
v 0.076 6.535 0.533
v -1.174 6.587 0.587
v -1.214 6.587 -0.351
v 0.035 6.535 -0.404
v 0.041 6.229 0.030
v -1.208 6.281 0.084
v -1.189 6.892 -0.047
v 0.061 6.841 -0.101
v -0.515 6.637 0.334
v -1.750 6.533 0.429
v -1.821 6.533 -0.500
v -0.586 6.637 -0.595
v -0.499 6.637 0.534
v -1.735 6.533 0.629
v -1.806 6.533 -0.301
v -0.571 6.637 -0.396
v -0.522 6.335 -0.099
v -1.758 6.230 -0.004
v -1.798 6.835 0.133
v -0.563 6.940 0.038
v -0.406 6.646 0.404
v -1.847 6.524 0.515
v -1.930 6.524 -0.570
v -0.489 6.646 -0.681
v -0.390 6.646 0.603
v -1.831 6.524 0.714
v -1.915 6.524 -0.370
v -0.474 6.646 -0.481
v -0.413 6.287 -0.082
v -1.854 6.165 0.029
v -1.908 6.883 0.115
v -0.467 7.005 0.004
v -1.031 6.660 0.543
v -2.490 6.411 0.491
v -2.451 6.411 -0.619
v -0.991 6.660 -0.567
v -1.038 6.660 0.743
v -2.497 6.411 0.691
v -2.458 6.411 -0.419
v -0.999 6.660 -0.368
v -0.955 6.299 0.144
v -2.414 6.050 0.092
v -2.533 6.772 -0.021
v -1.074 7.021 0.031
v 0.444 7.227 0.423
v 0.666 7.051 1.787
v -0.365 7.051 1.955
v -0.587 7.227 0.591
v 0.642 7.227 0.391
v 0.864 7.051 1.755
v -0.167 7.051 1.923
v -0.389 7.227 0.559
v 0.050 6.883 0.443
v 0.272 6.707 1.807
v 0.227 7.395 1.903
v 0.005 7.571 0.539
v 0.460 7.230 0.393
v 0.691 7.048 1.811
v -0.381 7.048 1.985
v -0.611 7.230 0.567
v 0.658 7.230 0.361
v 0.888 7.048 1.779
v -0.183 7.048 1.953
v -0.414 7.230 0.535
v 0.101 6.881 0.407
v 0.331 6.699 1.824
v 0.176 7.396 1.939
v -0.054 7.579 0.522
v 0.554 7.147 1.041
v 0.700 6.984 2.352
v -0.291 6.984 2.463
v -0.437 7.147 1.152
v 0.752 7.147 1.019
v 0.899 6.984 2.330
v -0.092 6.984 2.441
v -0.238 7.147 1.130
v 0.205 6.822 1.040
v 0.352 6.659 2.351
v 0.257 7.310 2.442
v 0.110 7.473 1.131
v 0.800 7.104 -0.253
v -0.127 7.154 0.865
v -0.967 7.154 0.170
v -0.040 7.104 -0.949
v 0.954 7.104 -0.126
v 0.027 7.154 0.993
v -0.813 7.154 0.297
v 0.114 7.104 -0.821
v 0.415 6.744 -0.556
v -0.512 6.793 0.562
v -0.428 7.514 0.601
v 0.500 7.464 -0.518
v -0.382 7.172 1.079
v -1.070 6.858 2.107
v -1.866 6.858 1.575
v -1.178 7.172 0.547
v -0.216 7.172 1.190
v -0.904 6.858 2.218
v -1.699 6.858 1.686
v -1.012 7.172 0.658
v -0.662 6.863 0.797
v -1.350 6.549 1.825
v -1.419 7.167 1.968
v -0.732 7.481 0.940
v -0.515 7.221 0.350
v -1.774 7.076 0.300
v -1.736 7.076 -0.651
v -0.477 7.221 -0.601
v -0.523 7.221 0.550
v -1.782 7.076 0.500
v -1.744 7.076 -0.451
v -0.485 7.221 -0.401
v -0.467 6.914 0.047
v -1.727 6.769 -0.003
v -1.792 7.383 -0.148
v -0.532 7.528 -0.098
v -1.090 7.207 0.339
v -2.332 6.960 0.265
v -2.276 6.960 -0.684
v -1.034 7.207 -0.611
v -1.102 7.207 0.538
v -2.344 6.960 0.465
v -2.288 6.960 -0.485
v -1.046 7.207 -0.411
v -1.008 6.897 -0.008
v -2.250 6.650 -0.081
v -2.370 7.271 -0.138
v -1.128 7.517 -0.065
v -0.247 7.078 0.684
v -0.467 7.180 -0.510
v 0.431 7.180 -0.676
v 0.651 7.078 0.518
v -0.444 7.078 0.720
v -0.664 7.180 -0.474
v 0.234 7.180 -0.639
v 0.454 7.078 0.554
v 0.167 6.782 0.582
v -0.053 6.884 -0.612
v -0.180 7.475 -0.538
v 0.040 7.373 0.656
v -0.368 7.171 0.292
v -0.664 7.174 -1.079
v 0.364 7.174 -1.301
v 0.660 7.171 0.070
v -0.563 7.171 0.334
v -0.859 7.174 -1.037
v 0.169 7.174 -1.259
v 0.465 7.171 0.112
v 0.093 6.823 0.192
v -0.204 6.826 -1.179
v -0.292 7.521 -1.158
v 0.004 7.518 0.212
v -0.443 7.183 -0.316
v -0.680 7.164 -1.520
v 0.222 7.164 -1.698
v 0.460 7.183 -0.494
v -0.639 7.183 -0.277
v -0.877 7.164 -1.481
v 0.026 7.164 -1.659
v 0.263 7.183 -0.455
v -0.050 6.879 -0.389
v -0.287 6.859 -1.592
v -0.367 7.468 -1.586
v -0.130 7.487 -0.383
v -0.543 7.212 -0.751
v -0.854 7.118 -2.048
v 0.121 7.118 -2.282
v 0.432 7.212 -0.986
v -0.737 7.212 -0.705
v -1.049 7.118 -2.001
v -0.074 7.118 -2.235
v 0.238 7.212 -0.939
v -0.219 6.887 -0.806
v -0.530 6.793 -2.102
v -0.398 7.443 -2.181
v -0.086 7.537 -0.885
v -0.653 7.092 0.251
v 0.113 7.166 -0.653
v 0.793 7.166 -0.078
v 0.027 7.092 0.827
v -0.806 7.092 0.122
v -0.040 7.166 -0.783
v 0.640 7.166 -0.207
v -0.126 7.092 0.697
v -0.430 6.803 0.416
v 0.336 6.878 -0.488
v 0.417 7.454 -0.372
v -0.349 7.380 0.533
v 0.199 7.243 -0.899
v 1.103 6.985 -1.866
v 1.841 6.985 -1.175
v 0.937 7.243 -0.208
v 0.053 7.243 -1.036
v 0.957 6.985 -2.002
v 1.695 6.985 -1.312
v 0.791 7.243 -0.345
v 0.410 6.917 -0.614
v 1.314 6.658 -1.581
v 1.484 7.311 -1.597
v 0.580 7.569 -0.630
v 0.275 7.231 -0.912
v 1.095 6.997 -1.788
v 1.765 6.997 -1.162
v 0.945 7.231 -0.286
v 0.129 7.231 -1.049
v 0.949 6.997 -1.925
v 1.619 6.997 -1.299
v 0.799 7.231 -0.422
v 0.508 6.931 -0.615
v 1.327 6.697 -1.491
v 1.386 7.296 -1.596
v 0.567 7.531 -0.720
v -0.047 7.167 -0.384
v 1.147 7.107 -0.240
v 1.039 7.107 0.657
v -0.155 7.167 0.512
v -0.023 7.167 -0.583
v 1.171 7.107 -0.438
v 1.063 7.107 0.458
v -0.131 7.167 0.314
v -0.105 6.866 -0.029
v 1.089 6.807 0.116
v 1.121 7.408 0.103
v -0.073 7.467 -0.042
v -0.568 7.769 0.247
v -1.780 7.566 -0.029
v -1.570 7.566 -0.950
v -0.358 7.769 -0.674
v -0.612 7.769 0.442
v -1.824 7.566 0.166
v -1.614 7.566 -0.755
v -0.402 7.769 -0.479
v -0.431 7.459 -0.124
v -1.643 7.255 -0.400
v -1.751 7.876 -0.384
v -0.539 8.079 -0.108
v -1.039 7.702 0.204
v -2.424 7.450 -0.101
v -2.191 7.450 -1.156
v -0.806 7.702 -0.851
v -1.082 7.702 0.399
v -2.467 7.450 0.094
v -2.234 7.450 -0.961
v -0.850 7.702 -0.656
v -0.901 7.355 -0.138
v -2.285 7.103 -0.443
v -2.373 7.796 -0.619
v -0.988 8.048 -0.314
v -0.110 7.654 0.738
v -0.564 7.710 -0.430
v 0.313 7.710 -0.770
v 0.766 7.654 0.398
v -0.297 7.654 0.811
v -0.751 7.710 -0.357
v 0.126 7.710 -0.698
v 0.580 7.654 0.470
v 0.277 7.344 0.573
v -0.177 7.401 -0.595
v -0.261 8.019 -0.533
v 0.193 7.963 0.635
v -0.284 7.718 0.128
v -0.766 7.700 -0.947
v 0.040 7.700 -1.308
v 0.522 7.718 -0.234
v -0.467 7.718 0.210
v -0.949 7.700 -0.865
v -0.143 7.700 -1.227
v 0.340 7.718 -0.152
v 0.074 7.427 -0.028
v -0.408 7.410 -1.103
v -0.501 7.991 -1.070
v -0.019 8.008 0.004
v -0.799 7.679 -0.963
v -1.277 7.577 -2.081
v -0.435 7.577 -2.440
v 0.042 7.679 -1.322
v -0.983 7.679 -0.885
v -1.461 7.577 -2.002
v -0.619 7.577 -2.362
v -0.142 7.679 -1.244
v -0.499 7.378 -1.064
v -0.976 7.276 -2.182
v -0.920 7.878 -2.261
v -0.442 7.980 -1.143
v -0.758 7.657 0.151
v 0.252 7.707 -0.717
v 0.904 7.707 0.041
v -0.106 7.657 0.909
v -0.888 7.657 -0.000
v 0.122 7.707 -0.869
v 0.774 7.707 -0.111
v -0.236 7.657 0.758
v -0.447 7.330 0.494
v 0.563 7.380 -0.374
v 0.462 8.034 -0.454
v -0.547 7.984 0.415
v -0.268 7.696 -0.186
v 0.625 7.708 -0.996
v 1.232 7.708 -0.326
v 0.340 7.696 0.483
v -0.402 7.696 -0.334
v 0.490 7.708 -1.144
v 1.098 7.708 -0.475
v 0.205 7.696 0.335
v -0.044 7.395 0.056
v 0.848 7.407 -0.754
v 0.874 8.008 -0.716
v -0.018 7.996 0.093
v 0.051 7.780 -0.497
v 0.994 7.634 -1.457
v 1.718 7.634 -0.746
v 0.775 7.780 0.214
v -0.092 7.780 -0.637
v 0.851 7.634 -1.597
v 1.576 7.634 -0.886
v 0.632 7.780 0.074
v 0.323 7.444 -0.179
v 1.266 7.298 -1.139
v 1.304 7.971 -1.204
v 0.360 8.116 -0.244
v 0.466 7.759 -0.952
v 1.419 7.540 -1.767
v 2.039 7.540 -1.042
v 1.087 7.759 -0.227
v 0.336 7.759 -1.104
v 1.289 7.540 -1.919
v 1.909 7.540 -1.194
v 0.957 7.759 -0.379
v 0.623 7.454 -0.687
v 1.576 7.235 -1.502
v 1.752 7.845 -1.459
v 0.800 8.064 -0.644
v -0.542 7.578 -0.589
v 0.800 7.785 -0.195
v 0.501 7.785 0.822
v -0.840 7.578 0.428
v -0.485 7.578 -0.781
v 0.856 7.785 -0.387
v 0.557 7.785 0.630
v -0.784 7.578 0.236
v -0.624 7.231 -0.126
v 0.717 7.438 0.268
v 0.640 8.133 0.166
v -0.701 7.926 -0.228
v 0.011 7.807 -0.418
v 1.209 7.701 0.021
v 0.880 7.701 0.923
v -0.319 7.807 0.485
v 0.079 7.807 -0.606
v 1.278 7.701 -0.167
v 0.948 7.701 0.735
v -0.251 7.807 0.297
v -0.144 7.488 -0.073
v 1.055 7.382 0.365
v 1.102 8.021 0.391
v -0.097 8.126 -0.048
v 0.812 7.775 -0.141
v 2.226 7.561 0.165
v 1.994 7.561 1.237
v 0.580 7.775 0.931
v 0.854 7.775 -0.337
v 2.268 7.561 -0.031
v 2.036 7.561 1.041
v 0.622 7.775 0.735
v 0.656 7.416 0.329
v 2.070 7.202 0.635
v 2.192 7.920 0.571
v 0.778 8.134 0.265
v 0.151 7.623 -0.791
v 0.664 7.740 0.519
v -0.322 7.740 0.904
v -0.834 7.623 -0.406
v 0.338 7.623 -0.864
v 0.850 7.740 0.446
v -0.136 7.740 0.831
v -0.648 7.623 -0.478
v -0.218 7.272 -0.615
v 0.295 7.389 0.694
v 0.233 8.091 0.656
v -0.279 7.974 -0.654
v 0.331 7.694 -0.265
v 0.758 7.749 0.949
v -0.153 7.749 1.269
v -0.580 7.694 0.056
v 0.520 7.694 -0.331
v 0.947 7.749 0.882
v 0.036 7.749 1.203
v -0.392 7.694 -0.011
v 0.036 7.379 -0.147
v 0.464 7.434 1.067
v 0.330 8.064 1.085
v -0.097 8.009 -0.129
v 0.313 7.696 -0.207
v 0.707 7.747 0.915
v -0.135 7.747 1.211
v -0.529 7.696 0.090
v 0.501 7.696 -0.273
v 0.896 7.747 0.848
v 0.054 7.747 1.145
v -0.341 7.696 0.023
v -0.034 7.400 -0.071
v 0.360 7.451 1.050
v 0.401 8.043 1.009
v 0.006 7.992 -0.112
v 0.704 7.853 0.538
v 1.218 7.566 1.866
v 0.202 7.566 2.260
v -0.312 7.853 0.932
v 0.890 7.853 0.466
v 1.405 7.566 1.794
v 0.388 7.566 2.187
v -0.126 7.853 0.859
v 0.338 7.505 0.604
v 0.853 7.218 1.933
v 0.754 7.913 2.121
v 0.240 8.200 0.793
v 0.718 7.658 -0.090
v -0.240 7.705 0.695
v -0.829 7.705 -0.025
v 0.129 7.658 -0.809
v 0.845 7.658 0.065
v -0.114 7.705 0.850
v -0.703 7.705 0.130
v 0.256 7.658 -0.655
v 0.447 7.352 -0.403
v -0.512 7.399 0.382
v -0.431 8.011 0.444
v 0.528 7.964 -0.341
v -0.203 7.710 0.639
v -1.106 7.625 1.443
v -1.711 7.625 0.764
v -0.808 7.710 -0.040
v -0.070 7.710 0.788
v -0.973 7.625 1.593
v -1.578 7.625 0.914
v -0.675 7.710 0.110
v -0.439 7.409 0.342
v -1.342 7.324 1.146
v -1.341 7.926 1.211
v -0.439 8.012 0.407
v -0.583 7.719 1.054
v -1.577 7.534 1.878
v -2.202 7.534 1.124
v -1.207 7.719 0.301
v -0.455 7.719 1.208
v -1.450 7.534 2.032
v -2.074 7.534 1.279
v -1.079 7.719 0.455
v -0.834 7.402 0.679
v -1.829 7.216 1.503
v -1.823 7.851 1.654
v -0.828 8.037 0.830
v 0.081 8.233 -0.437
v 1.146 8.285 0.373
v 0.538 8.285 1.172
v -0.527 8.233 0.362
v 0.202 8.233 -0.597
v 1.267 8.285 0.213
v 0.659 8.285 1.013
v -0.406 8.233 0.203
v -0.161 7.899 -0.098
v 0.904 7.951 0.712
v 0.901 8.619 0.673
v -0.164 8.568 -0.137
v 0.407 8.351 -0.073
v 1.457 8.203 0.584
v 0.961 8.203 1.377
v -0.089 8.351 0.720
v 0.513 8.351 -0.242
v 1.563 8.203 0.414
v 1.067 8.203 1.207
v 0.017 8.351 0.550
v 0.160 8.044 0.254
v 1.209 7.896 0.910
v 1.315 8.510 0.880
v 0.265 8.658 0.224
v 0.825 8.291 0.059
v 1.931 8.154 0.888
v 1.307 8.154 1.722
v 0.201 8.291 0.893
v 0.945 8.291 -0.101
v 2.051 8.154 0.728
v 1.427 8.154 1.562
v 0.321 8.291 0.733
v 0.534 7.946 0.391
v 1.640 7.809 1.220
v 1.718 8.499 1.229
v 0.612 8.636 0.400
v 0.865 8.280 0.195
v 1.790 8.165 0.888
v 1.267 8.165 1.586
v 0.342 8.280 0.892
v 0.985 8.280 0.035
v 1.910 8.165 0.728
v 1.387 8.165 1.426
v 0.462 8.280 0.732
v 0.680 7.998 0.395
v 1.605 7.883 1.089
v 1.572 8.447 1.225
v 0.647 8.562 0.532
v 0.485 8.298 -0.185
v 0.349 8.269 1.198
v -0.688 8.269 1.096
v -0.552 8.298 -0.287
v 0.684 8.298 -0.166
v 0.548 8.269 1.218
v -0.489 8.269 1.116
v -0.353 8.298 -0.268
v 0.076 7.951 -0.233
v -0.060 7.921 1.150
v -0.080 8.616 1.163
v 0.056 8.645 -0.220
v 0.428 8.320 0.264
v 0.315 8.227 1.642
v -0.721 8.227 1.556
v -0.607 8.320 0.179
v 0.627 8.320 0.281
v 0.514 8.227 1.658
v -0.521 8.227 1.573
v -0.408 8.320 0.195
v -0.037 7.978 0.203
v -0.150 7.885 1.580
v -0.056 8.569 1.634
v 0.057 8.662 0.257
v 0.320 8.314 0.725
v 0.297 8.173 2.031
v -0.688 8.173 2.014
v -0.665 8.314 0.708
v 0.520 8.314 0.729
v 0.497 8.173 2.035
v -0.488 8.173 2.018
v -0.465 8.314 0.712
v -0.085 7.988 0.683
v -0.108 7.846 1.989
v -0.083 8.499 2.060
v -0.060 8.640 0.754
v 0.260 8.306 0.802
v 0.240 8.181 1.953
v -0.628 8.181 1.938
v -0.608 8.306 0.787
v 0.460 8.306 0.805
v 0.440 8.181 1.957
v -0.428 8.181 1.941
v -0.408 8.306 0.790
v -0.129 8.023 0.764
v -0.149 7.898 1.916
v -0.039 8.463 1.979
v -0.019 8.588 0.827
v 0.728 8.168 0.290
v -0.585 8.305 0.527
v -0.763 8.305 -0.463
v 0.549 8.168 -0.699
v 0.763 8.168 0.487
v -0.550 8.305 0.724
v -0.728 8.305 -0.266
v 0.585 8.168 -0.503
v 0.629 7.836 -0.065
v -0.684 7.973 0.172
v -0.629 8.636 0.089
v 0.683 8.499 -0.147
v 0.260 8.277 0.366
v -1.059 8.295 0.623
v -1.253 8.295 -0.366
v 0.066 8.277 -0.624
v 0.298 8.277 0.562
v -1.021 8.295 0.820
v -1.214 8.295 -0.170
v 0.105 8.277 -0.427
v 0.193 7.950 0.047
v -1.126 7.969 0.305
v -1.147 8.622 0.149
v 0.172 8.603 -0.109
v -0.666 8.347 0.543
v -2.004 8.138 0.854
v -2.239 8.138 -0.161
v -0.901 8.347 -0.472
v -0.621 8.347 0.738
v -1.959 8.138 1.049
v -2.194 8.138 0.034
v -0.856 8.347 -0.277
v -0.706 8.004 0.138
v -2.044 7.795 0.449
v -2.154 8.481 0.439
v -0.816 8.690 0.128
v -0.786 8.331 0.490
v -1.920 8.154 0.753
v -2.120 8.154 -0.108
v -0.985 8.331 -0.371
v -0.741 8.331 0.684
v -1.875 8.154 0.948
v -2.074 8.154 0.087
v -0.940 8.331 -0.176
v -0.824 8.041 0.129
v -1.958 7.863 0.393
v -2.036 8.444 0.447
v -0.902 8.622 0.184
v 0.333 8.195 0.691
v -0.756 8.278 -0.016
v -0.224 8.278 -0.834
v 0.864 8.195 -0.127
v 0.224 8.195 0.859
v -0.865 8.278 0.151
v -0.333 8.278 -0.667
v 0.755 8.195 0.040
v 0.568 7.879 0.292
v -0.521 7.962 -0.415
v -0.568 8.594 -0.268
v 0.520 8.510 0.439
v -0.638 8.374 0.121
v -1.595 8.142 -0.562
v -1.073 8.142 -1.293
v -0.116 8.374 -0.610
v -0.754 8.374 0.284
v -1.711 8.142 -0.399
v -1.189 8.142 -1.130
v -0.232 8.374 -0.448
v -0.425 8.086 -0.080
v -1.382 7.854 -0.762
v -1.402 8.429 -0.929
v -0.446 8.661 -0.247
v -0.990 8.262 -0.133
v -2.089 8.049 -0.811
v -1.573 8.049 -1.646
v -0.474 8.262 -0.968
v -1.095 8.262 0.037
v -2.194 8.049 -0.641
v -1.678 8.049 -1.476
v -0.579 8.262 -0.798
v -0.739 7.940 -0.439
v -1.837 7.726 -1.117
v -1.929 8.372 -1.170
v -0.831 8.585 -0.492
v -0.503 8.246 0.562
v -0.243 8.226 -0.692
v 0.698 8.226 -0.498
v 0.439 8.246 0.757
v -0.699 8.246 0.522
v -0.439 8.226 -0.733
v 0.502 8.226 -0.538
v 0.243 8.246 0.717
v -0.147 7.926 0.641
v 0.113 7.906 -0.614
v 0.146 8.546 -0.617
v -0.113 8.566 0.638
v -0.362 8.281 -0.209
v 0.768 8.197 -0.900
v 1.288 8.197 -0.050
v 0.157 8.281 0.641
v -0.467 8.281 -0.380
v 0.664 8.197 -1.071
v 1.183 8.197 -0.221
v 0.053 8.281 0.470
v -0.207 7.956 0.084
v 0.924 7.873 -0.607
v 1.028 8.522 -0.514
v -0.103 8.605 0.177
v 0.493 8.268 -0.681
v 1.568 8.062 -1.321
v 2.055 8.062 -0.504
v 0.979 8.268 0.136
v 0.390 8.268 -0.853
v 1.466 8.062 -1.493
v 1.952 8.062 -0.676
v 0.877 8.268 -0.036
v 0.621 7.957 -0.366
v 1.697 7.752 -1.006
v 1.824 8.373 -0.991
v 0.749 8.578 -0.351
v 0.398 8.280 -0.692
v 1.604 8.050 -1.409
v 2.149 8.050 -0.493
v 0.943 8.280 0.224
v 0.296 8.280 -0.864
v 1.502 8.050 -1.581
v 2.047 8.050 -0.665
v 0.841 8.280 0.052
v 0.549 7.932 -0.326
v 1.755 7.702 -1.044
v 1.896 8.398 -1.031
v 0.690 8.629 -0.313
v 0.716 8.818 0.390
v -0.656 8.888 0.450
v -0.701 8.888 -0.581
v 0.671 8.818 -0.641
v 0.725 8.818 0.589
v -0.647 8.888 0.650
v -0.692 8.888 -0.381
v 0.680 8.818 -0.441
v 0.680 8.475 -0.023
v -0.692 8.545 0.037
v -0.657 9.231 0.032
v 0.715 9.161 -0.029
v -0.459 8.906 0.325
v -1.638 8.887 0.430
v -1.717 8.887 -0.455
v -0.537 8.906 -0.560
v -0.441 8.906 0.524
v -1.621 8.887 0.629
v -1.699 8.887 -0.256
v -0.520 8.906 -0.361
v -0.481 8.612 0.020
v -1.661 8.593 0.125
v -1.677 9.180 0.048
v -0.497 9.200 -0.057
v -0.433 8.906 0.340
v -1.660 8.886 0.450
v -1.742 8.886 -0.471
v -0.515 8.906 -0.580
v -0.415 8.906 0.540
v -1.643 8.886 0.649
v -1.725 8.886 -0.272
v -0.497 8.906 -0.381
v -0.460 8.598 -0.023
v -1.688 8.578 0.087
v -1.697 9.194 0.092
v -0.470 9.214 -0.018
v -0.992 9.028 0.420
v -2.214 8.747 0.486
v -2.265 8.747 -0.454
v -1.043 9.028 -0.520
v -0.981 9.028 0.620
v -2.203 8.747 0.686
v -2.254 8.747 -0.254
v -1.032 9.028 -0.321
v -0.942 8.722 0.038
v -2.164 8.441 0.104
v -2.303 9.053 0.128
v -1.081 9.334 0.061
v -0.088 8.965 0.494
v -1.087 8.877 -0.475
v -0.359 8.877 -1.225
v 0.640 8.965 -0.256
v -0.227 8.965 0.638
v -1.226 8.877 -0.331
v -0.498 8.877 -1.082
v 0.501 8.965 -0.113
v 0.273 8.624 0.153
v -0.726 8.537 -0.816
v -0.859 9.217 -0.741
v 0.140 9.305 0.228
v -0.459 8.955 0.058
v -1.240 8.833 -0.792
v -0.598 8.833 -1.381
v 0.182 8.955 -0.530
v -0.607 8.955 0.193
v -1.387 8.833 -0.657
v -0.745 8.833 -1.246
v 0.035 8.955 -0.395
v -0.157 8.670 -0.178
v -0.937 8.548 -1.029
v -1.048 9.118 -1.009
v -0.267 9.239 -0.158
v -0.714 8.932 -0.247
v -1.559 8.765 -1.076
v -0.932 8.765 -1.716
v -0.086 8.932 -0.887
v -0.854 8.932 -0.104
v -1.699 8.765 -0.933
v -1.072 8.765 -1.573
v -0.226 8.932 -0.744
v -0.475 8.640 -0.432
v -1.321 8.473 -1.261
v -1.310 9.058 -1.388
v -0.465 9.224 -0.559
v -0.693 8.947 -0.110
v -1.697 8.750 -1.093
v -0.952 8.750 -1.853
v 0.051 8.947 -0.870
v -0.833 8.947 0.033
v -1.837 8.750 -0.950
v -1.092 8.750 -1.710
v -0.089 8.947 -0.727
v -0.360 8.596 -0.380
v -1.363 8.399 -1.363
v -1.425 9.101 -1.440
v -0.422 9.299 -0.457
v -0.635 8.775 0.451
v -0.085 8.930 -0.776
v 0.841 8.930 -0.361
v 0.291 8.775 0.866
v -0.817 8.775 0.369
v -0.268 8.930 -0.857
v 0.659 8.930 -0.442
v 0.109 8.775 0.785
v -0.187 8.446 0.610
v 0.363 8.601 -0.617
v 0.211 9.260 -0.601
v -0.339 9.105 0.626
v -0.587 8.780 0.425
v -0.073 8.925 -0.723
v 0.793 8.925 -0.334
v 0.279 8.780 0.813
v -0.770 8.780 0.343
v -0.256 8.925 -0.804
v 0.611 8.925 -0.416
v 0.097 8.780 0.732
v -0.198 8.468 0.560
v 0.316 8.613 -0.588
v 0.222 9.238 -0.551
v -0.292 9.093 0.597
v -0.420 8.905 -0.044
v 0.144 8.925 -1.275
v 1.068 8.925 -0.851
v 0.503 8.905 0.379
v -0.602 8.905 -0.127
v -0.037 8.925 -1.358
v 0.886 8.925 -0.935
v 0.322 8.905 0.296
v -0.042 8.567 0.124
v 0.522 8.587 -1.107
v 0.508 9.264 -1.102
v -0.056 9.244 0.129
v -0.073 8.943 -0.573
v 0.369 8.904 -1.651
v 1.177 8.904 -1.320
v 0.736 8.943 -0.242
v -0.258 8.943 -0.649
v 0.184 8.904 -1.727
v 0.992 8.904 -1.395
v 0.551 8.943 -0.318
v 0.254 8.653 -0.429
v 0.695 8.613 -1.507
v 0.666 9.194 -1.540
v 0.225 9.234 -0.462
v 0.151 9.016 -1.108
v 0.588 8.794 -2.123
v 1.365 8.794 -1.788
v 0.927 9.016 -0.774
v -0.032 9.016 -1.188
v 0.405 8.794 -2.202
v 1.181 8.794 -1.868
v 0.744 9.016 -0.853
v 0.456 8.742 -0.917
v 0.893 8.520 -1.932
v 0.876 9.068 -2.059
v 0.439 9.290 -1.044
v 0.252 8.913 -0.396
v 1.494 8.847 -0.841
v 1.828 8.847 0.091
v 0.586 8.913 0.536
v 0.185 8.913 -0.584
v 1.426 8.847 -1.029
v 1.760 8.847 -0.097
v 0.519 8.913 0.348
v 0.388 8.587 0.032
v 1.630 8.522 -0.413
v 1.624 9.172 -0.525
v 0.382 9.238 -0.080
v 0.832 9.006 -0.580
v 1.939 8.703 -0.926
v 2.206 8.703 -0.068
v 1.100 9.006 0.277
v 0.773 9.006 -0.771
v 1.879 8.703 -1.117
v 2.147 8.703 -0.259
v 1.040 9.006 0.086
v 0.858 8.717 -0.244
v 1.965 8.414 -0.589
v 2.121 8.992 -0.595
v 1.014 9.295 -0.250
v -0.016 8.818 -0.690
v 0.631 8.887 0.321
v -0.129 8.887 0.807
v -0.776 8.818 -0.204
v 0.152 8.818 -0.798
v 0.799 8.887 0.213
v 0.040 8.887 0.699
v -0.607 8.818 -0.312
v -0.338 8.521 -0.464
v 0.309 8.590 0.547
v 0.361 9.185 0.473
v -0.286 9.116 -0.538
v 0.473 8.909 0.089
v 1.077 8.846 1.033
v 0.368 8.846 1.486
v -0.236 8.909 0.542
v 0.642 8.909 -0.019
v 1.245 8.846 0.925
v 0.536 8.846 1.379
v -0.067 8.909 0.435
v 0.153 8.634 0.275
v 0.756 8.570 1.219
v 0.856 9.122 1.193
v 0.253 9.185 0.248
v 0.715 8.821 -0.328
v -0.025 8.885 0.781
v -0.858 8.885 0.226
v -0.118 8.821 -0.884
v 0.881 8.821 -0.217
v 0.141 8.885 0.892
v -0.691 8.885 0.337
v 0.049 8.821 -0.773
v 0.406 8.490 -0.515
v -0.334 8.554 0.594
v -0.383 9.216 0.524
v 0.357 9.152 -0.586
v 0.343 8.898 0.034
v -0.215 8.861 1.244
v -1.124 8.861 0.826
v -0.566 8.898 -0.385
v 0.524 8.898 0.117
v -0.034 8.861 1.328
v -0.942 8.861 0.909
v -0.384 8.898 -0.301
v -0.005 8.565 -0.137
v -0.563 8.528 1.074
v -0.595 9.194 1.080
v -0.037 9.231 -0.131
v 0.048 8.945 0.617
v -0.499 8.783 1.669
v -1.295 8.783 1.255
v -0.749 8.945 0.203
v 0.225 8.945 0.709
v -0.321 8.783 1.761
v -1.118 8.783 1.347
v -0.571 8.945 0.295
v -0.299 8.655 0.392
v -0.845 8.493 1.444
v -0.771 9.073 1.572
v -0.225 9.235 0.520
v 0.085 8.949 0.599
v -0.492 8.779 1.709
v -1.332 8.779 1.273
v -0.756 8.949 0.162
v 0.262 8.949 0.691
v -0.315 8.779 1.801
v -1.155 8.779 1.365
v -0.578 8.949 0.254
v -0.239 8.637 0.382
v -0.816 8.466 1.493
v -0.831 9.091 1.581
v -0.254 9.262 0.471
v -0.205 8.887 1.138
v -0.780 8.689 2.154
v -1.553 8.689 1.716
v -0.978 8.887 0.700
v -0.031 8.887 1.236
v -0.606 8.689 2.252
v -1.379 8.689 1.815
v -0.804 8.887 0.799
v -0.439 8.599 0.949
v -1.014 8.401 1.965
v -1.144 8.978 2.003
v -0.569 9.175 0.987
v -0.260 9.504 -0.478
v 0.197 9.394 -1.610
v 1.049 9.394 -1.266
v 0.592 9.504 -0.134
v -0.446 9.504 -0.553
v 0.012 9.394 -1.685
v 0.864 9.394 -1.341
v 0.407 9.504 -0.209
v 0.002 9.206 -0.343
v 0.459 9.096 -1.475
v 0.602 9.692 -1.476
v 0.145 9.802 -0.343
v 0.011 9.480 -0.921
v 0.343 9.332 -1.978
v 1.142 9.332 -1.727
v 0.811 9.480 -0.670
v -0.180 9.480 -0.981
v 0.152 9.332 -2.037
v 0.952 9.332 -1.787
v 0.620 9.480 -0.730
v 0.334 9.204 -0.781
v 0.666 9.057 -1.838
v 0.629 9.608 -1.926
v 0.297 9.755 -0.869
v -0.724 9.350 -0.339
v 0.657 9.467 -0.493
v 0.773 9.467 0.546
v -0.608 9.350 0.700
v -0.746 9.350 -0.538
v 0.635 9.467 -0.692
v 0.751 9.467 0.347
v -0.630 9.350 0.501
v -0.652 9.005 0.043
v 0.729 9.121 -0.111
v 0.679 9.812 -0.035
v -0.702 9.696 0.119
v -0.183 9.491 -0.291
v 0.990 9.402 -0.486
v 1.136 9.402 0.396
v -0.036 9.491 0.591
v -0.216 9.491 -0.488
v 0.957 9.402 -0.683
v 1.104 9.402 0.199
v -0.069 9.491 0.394
v -0.151 9.194 0.036
v 1.022 9.105 -0.159
v 1.072 9.698 -0.128
v -0.101 9.787 0.067
v -0.177 9.490 -0.288
v 0.985 9.402 -0.481
v 1.130 9.402 0.393
v -0.031 9.490 0.586
v -0.209 9.490 -0.485
v 0.952 9.402 -0.678
v 1.097 9.402 0.195
v -0.064 9.490 0.389
v -0.152 9.204 -0.012
v 1.009 9.115 -0.205
v 1.073 9.689 -0.080
v -0.088 9.777 0.113
v 0.206 9.456 -0.421
v 1.500 9.369 -0.593
v 1.629 9.369 0.379
v 0.335 9.456 0.551
v 0.180 9.456 -0.619
v 1.474 9.369 -0.791
v 1.603 9.369 0.181
v 0.309 9.456 0.353
v 0.235 9.130 -0.039
v 1.529 9.043 -0.211
v 1.574 9.695 -0.201
v 0.280 9.782 -0.029
v 0.599 9.526 -0.422
v 1.904 9.239 -0.743
v 2.150 9.239 0.258
v 0.845 9.526 0.579
v 0.551 9.526 -0.617
v 1.857 9.239 -0.937
v 2.103 9.239 0.064
v 0.797 9.526 0.385
v 0.613 9.197 -0.069
v 1.919 8.910 -0.390
v 2.088 9.568 -0.290
v 0.783 9.855 0.031
v 0.617 9.522 -0.415
v 1.892 9.242 -0.728
v 2.133 9.242 0.250
v 0.857 9.522 0.564
v 0.569 9.522 -0.609
v 1.845 9.242 -0.922
v 2.085 9.242 0.056
v 0.809 9.522 0.369
v 0.646 9.194 -0.003
v 1.921 8.914 -0.316
v 2.056 9.570 -0.356
v 0.780 9.851 -0.042
v 0.064 9.355 -0.702
v 0.607 9.461 0.390
v -0.216 9.461 0.799
v -0.759 9.355 -0.294
v 0.243 9.355 -0.791
v 0.786 9.461 0.301
v -0.037 9.461 0.710
v -0.580 9.355 -0.383
v -0.250 9.051 -0.517
v 0.293 9.157 0.576
v 0.277 9.766 0.524
v -0.266 9.660 -0.568
v 0.764 9.453 0.749
v 1.139 9.308 1.775
v 0.363 9.308 2.059
v -0.012 9.453 1.033
v 0.952 9.453 0.680
v 1.327 9.308 1.707
v 0.551 9.308 1.990
v 0.176 9.453 0.964
v 0.483 9.182 0.813
v 0.858 9.036 1.839
v 0.832 9.580 1.926
v 0.457 9.725 0.900
v 0.690 9.336 -0.354
v 0.013 9.481 0.769
v -0.835 9.481 0.258
v -0.157 9.336 -0.865
v 0.861 9.336 -0.251
v 0.184 9.481 0.872
v -0.663 9.481 0.361
v 0.014 9.336 -0.762
v 0.321 9.008 -0.534
v -0.357 9.154 0.589
v -0.294 9.809 0.542
v 0.384 9.663 -0.581
v 0.357 9.517 0.133
v -0.284 9.410 1.093
v -1.007 9.410 0.610
v -0.366 9.517 -0.350
v 0.523 9.517 0.244
v -0.118 9.410 1.204
v -0.841 9.410 0.721
v -0.199 9.517 -0.239
v 0.107 9.229 -0.066
v -0.534 9.122 0.894
v -0.591 9.698 0.920
v 0.050 9.805 -0.040
v 0.620 9.407 0.299
v -0.545 9.410 0.383
v -0.608 9.410 -0.491
v 0.557 9.407 -0.575
v 0.635 9.407 0.498
v -0.530 9.410 0.582
v -0.593 9.410 -0.291
v 0.571 9.407 -0.375
v 0.594 9.115 -0.049
v -0.570 9.118 0.035
v -0.567 9.702 0.057
v 0.597 9.699 -0.027
v 0.729 9.407 0.368
v -0.642 9.410 0.467
v -0.716 9.410 -0.560
v 0.654 9.407 -0.660
v 0.743 9.407 0.568
v -0.627 9.410 0.667
v -0.702 9.410 -0.361
v 0.669 9.407 -0.460
v 0.696 9.064 -0.067
v -0.674 9.067 0.032
v -0.669 9.753 0.075
v 0.701 9.750 -0.025
v 0.165 9.425 0.354
v -1.110 9.395 0.487
v -1.209 9.395 -0.469
v 0.065 9.425 -0.602
v 0.186 9.425 0.553
v -1.089 9.395 0.686
v -1.189 9.395 -0.270
v 0.086 9.425 -0.403
v 0.138 9.109 0.029
v -1.136 9.079 0.161
v -1.162 9.710 0.055
v 0.112 9.741 -0.078
v -0.354 9.462 0.448
v -1.666 9.332 0.534
v -1.730 9.332 -0.455
v -0.418 9.462 -0.541
v -0.341 9.462 0.648
v -1.653 9.332 0.733
v -1.717 9.332 -0.256
v -0.405 9.462 -0.341
v -0.343 9.143 0.131
v -1.655 9.013 0.216
v -1.728 9.651 0.062
v -0.416 9.781 -0.023
v -0.333 9.464 0.462
v -1.685 9.330 0.550
v -1.751 9.330 -0.469
v -0.399 9.464 -0.557
v -0.320 9.464 0.662
v -1.672 9.330 0.749
v -1.738 9.330 -0.270
v -0.386 9.464 -0.357
v -0.330 9.129 0.001
v -1.682 8.995 0.089
v -1.742 9.665 0.192
v -0.390 9.799 0.104
v 0.143 9.386 0.771
v -0.725 9.431 -0.243
v 0.036 9.431 -0.894
v 0.904 9.386 0.120
v -0.009 9.386 0.901
v -0.877 9.431 -0.112
v -0.116 9.431 -0.764
v 0.752 9.386 0.250
v 0.425 9.053 0.515
v -0.443 9.098 -0.499
v -0.398 9.764 -0.508
v 0.470 9.719 0.506
v -0.401 9.476 0.074
v -1.171 9.407 -0.809
v -0.507 9.407 -1.387
v 0.262 9.476 -0.504
v -0.552 9.476 0.206
v -1.322 9.407 -0.677
v -0.658 9.407 -1.255
v 0.111 9.476 -0.372
v -0.096 9.187 -0.170
v -0.865 9.119 -1.053
v -0.964 9.695 -1.011
v -0.194 9.764 -0.128
v -0.404 9.474 0.035
v -1.132 9.409 -0.800
v -0.504 9.409 -1.347
v 0.223 9.474 -0.512
v -0.555 9.474 0.166
v -1.283 9.409 -0.669
v -0.655 9.409 -1.215
v 0.072 9.474 -0.381
v -0.186 9.200 -0.134
v -0.914 9.135 -0.969
v -0.873 9.683 -1.047
v -0.146 9.748 -0.212
v 0.251 10.073 0.359
v -0.998 9.947 0.239
v -0.908 9.947 -0.702
v 0.341 10.073 -0.583
v 0.232 10.073 0.558
v -1.017 9.947 0.438
v -0.927 9.947 -0.503
v 0.322 10.073 -0.384
v 0.316 9.759 0.004
v -0.933 9.634 -0.115
v -0.993 10.260 -0.149
v 0.256 10.386 -0.030
v -0.142 10.012 0.294
v -1.341 9.932 0.192
v -1.264 9.932 -0.709
v -0.066 10.012 -0.607
v -0.159 10.012 0.493
v -1.358 9.932 0.391
v -1.281 9.932 -0.510
v -0.083 10.012 -0.408
v -0.090 9.713 -0.082
v -1.289 9.633 -0.184
v -1.333 10.232 -0.134
v -0.134 10.312 -0.032
v -0.255 10.027 0.181
v -0.520 10.012 -0.869
v 0.268 10.012 -1.068
v 0.533 10.027 -0.017
v -0.449 10.027 0.230
v -0.714 10.012 -0.820
v 0.074 10.012 -1.019
v 0.339 10.027 0.032
v 0.014 9.757 0.117
v -0.251 9.743 -0.933
v -0.194 10.281 -0.955
v 0.070 10.296 0.096
v -0.422 10.066 -0.646
v -0.785 9.877 -1.661
v -0.012 9.877 -1.937
v 0.350 10.066 -0.922
v -0.611 10.066 -0.579
v -0.973 9.877 -1.594
v -0.200 9.877 -1.870
v 0.162 10.066 -0.855
v -0.150 9.799 -0.694
v -0.512 9.610 -1.709
v -0.473 10.143 -1.822
v -0.110 10.332 -0.807
v -0.002 10.171 -0.342
v 0.599 9.968 -1.232
v 1.278 9.968 -0.773
v 0.677 10.171 0.116
v -0.168 10.171 -0.454
v 0.433 9.968 -1.344
v 1.112 9.968 -0.885
v 0.511 10.171 0.004
v 0.215 9.903 -0.134
v 0.816 9.700 -1.024
v 0.894 10.236 -1.093
v 0.294 10.439 -0.203
v -0.414 10.041 -0.568
v 0.744 9.993 -0.117
v 0.405 9.993 0.752
v -0.753 10.041 0.301
v -0.342 10.041 -0.754
v 0.816 9.993 -0.303
v 0.478 9.993 0.566
v -0.680 10.041 0.115
v -0.578 9.735 -0.180
v 0.580 9.687 0.271
v 0.642 10.299 0.178
v -0.516 10.347 -0.273
v 0.019 10.009 -0.437
v 1.128 9.993 0.087
v 0.734 9.993 0.918
v -0.374 10.009 0.394
v 0.105 10.009 -0.618
v 1.213 9.993 -0.094
v 0.820 9.993 0.737
v -0.288 10.009 0.213
v -0.129 9.703 -0.134
v 0.980 9.687 0.390
v 0.968 10.299 0.435
v -0.141 10.315 -0.090
v 0.411 10.051 -0.150
v 1.404 9.940 0.243
v 1.108 9.940 0.992
v 0.114 10.051 0.599
v 0.484 10.051 -0.336
v 1.478 9.940 0.057
v 1.181 9.940 0.806
v 0.188 10.051 0.413
v 0.297 9.792 0.063
v 1.291 9.680 0.455
v 1.295 10.199 0.594
v 0.301 10.311 0.201
v 0.785 10.054 -0.099
v 1.880 9.851 0.409
v 1.493 9.851 1.242
v 0.399 10.054 0.733
v 0.869 10.054 -0.281
v 1.964 9.851 0.227
v 1.578 9.851 1.060
v 0.483 10.054 0.552
v 0.558 9.761 0.272
v 1.653 9.558 0.780
v 1.804 10.144 0.689
v 0.709 10.347 0.181
v 0.137 9.944 -0.657
v 0.550 10.090 0.414
v -0.260 10.090 0.727
v -0.673 9.944 -0.344
v 0.323 9.944 -0.729
v 0.737 10.090 0.342
v -0.073 10.090 0.655
v -0.486 9.944 -0.416
v -0.107 9.663 -0.524
v 0.306 9.809 0.547
v 0.171 10.371 0.522
v -0.243 10.225 -0.549
v 0.410 10.153 0.130
v 0.959 10.003 1.218
v 0.137 10.003 1.633
v -0.412 10.153 0.545
v 0.589 10.153 0.040
v 1.137 10.003 1.128
v 0.315 10.003 1.543
v -0.234 10.153 0.455
v 0.074 9.848 0.258
v 0.623 9.698 1.346
v 0.651 10.307 1.415
v 0.103 10.458 0.327
v 0.642 10.094 0.616
v 1.061 9.952 1.619
v 0.302 9.952 1.936
v -0.116 10.094 0.933
v 0.827 10.094 0.539
v 1.246 9.952 1.542
v 0.487 9.952 1.858
v 0.068 10.094 0.855
v 0.387 9.826 0.684
v 0.806 9.684 1.687
v 0.742 10.219 1.790
v 0.323 10.361 0.787
v 0.682 10.016 -0.149
v -0.165 10.018 0.636
v -0.754 10.018 0.000
v 0.093 10.016 -0.784
v 0.818 10.016 -0.002
v -0.030 10.018 0.782
v -0.618 10.018 0.147
v 0.229 10.016 -0.638
v 0.458 9.728 -0.390
v -0.389 9.729 0.395
v -0.395 10.307 0.388
v 0.452 10.305 -0.397
v 0.327 10.030 0.153
v -0.485 10.005 0.919
v -1.060 10.005 0.310
v -0.247 10.030 -0.456
v 0.464 10.030 0.299
v -0.348 10.005 1.065
v -0.923 10.005 0.455
v -0.110 10.030 -0.311
v 0.141 9.754 -0.053
v -0.671 9.729 0.713
v -0.737 10.281 0.661
v 0.076 10.307 -0.104
v 0.144 10.078 0.441
v -0.829 9.938 1.373
v -1.532 9.938 0.639
v -0.558 10.078 -0.293
v 0.283 10.078 0.586
v -0.691 9.938 1.517
v -1.394 9.938 0.783
v -0.420 10.078 -0.148
v -0.076 9.745 0.161
v -1.049 9.605 1.093
v -1.173 10.270 1.063
v -0.200 10.410 0.132
v -0.207 10.022 0.745
v -1.140 9.900 1.657
v -1.827 9.900 0.954
v -0.894 10.022 0.042
v -0.068 10.022 0.888
v -1.001 9.900 1.800
v -1.687 9.900 1.097
v -0.754 10.022 0.185
v -0.487 9.698 0.416
v -1.420 9.577 1.327
v -1.408 10.224 1.426
v -0.475 10.346 0.515
v 0.265 10.653 0.274
v -0.781 10.632 0.571
v -1.003 10.632 -0.213
v 0.042 10.653 -0.510
v 0.319 10.653 0.467
v -0.726 10.632 0.763
v -0.949 10.632 -0.021
v 0.097 10.653 -0.318
v 0.175 10.384 -0.062
v -0.871 10.363 0.235
v -0.859 10.900 0.315
v 0.187 10.922 0.018
v -0.013 10.671 0.351
v -1.151 10.599 0.778
v -1.472 10.599 -0.077
v -0.334 10.671 -0.505
v 0.058 10.671 0.538
v -1.081 10.599 0.965
v -1.402 10.599 0.110
v -0.264 10.671 -0.317
v -0.111 10.368 0.038
v -1.249 10.297 0.466
v -1.304 10.902 0.422
v -0.165 10.973 -0.005
v 0.053 10.674 0.370
v -1.188 10.596 0.836
v -1.538 10.596 -0.097
v -0.297 10.674 -0.563
v 0.124 10.674 0.557
v -1.118 10.596 1.023
v -1.468 10.596 0.091
v -0.227 10.674 -0.375
v -0.044 10.350 0.056
v -1.286 10.272 0.522
v -1.370 10.920 0.405
v -0.129 10.998 -0.061
v 0.223 10.609 0.604
v -0.573 10.634 -0.103
v -0.043 10.634 -0.701
v 0.754 10.609 0.006
v 0.091 10.609 0.754
v -0.706 10.634 0.047
v -0.176 10.634 -0.551
v 0.621 10.609 0.156
v 0.426 10.343 0.366
v -0.371 10.368 -0.341
v -0.378 10.900 -0.313
v 0.418 10.875 0.394
v 0.015 10.574 0.348
v -0.861 10.686 -0.275
v -0.390 10.686 -0.936
v 0.486 10.574 -0.312
v -0.101 10.574 0.511
v -0.977 10.686 -0.113
v -0.506 10.686 -0.773
v 0.370 10.574 -0.150
v 0.208 10.313 0.031
v -0.669 10.425 -0.592
v -0.698 10.948 -0.456
v 0.178 10.835 0.167
v -0.286 10.716 0.259
v -1.254 10.619 -0.527
v -0.663 10.619 -1.255
v 0.305 10.716 -0.469
v -0.412 10.716 0.414
v -1.380 10.619 -0.371
v -0.789 10.619 -1.099
v 0.179 10.716 -0.314
v -0.016 10.406 -0.035
v -0.984 10.309 -0.821
v -1.059 10.930 -0.805
v -0.091 11.026 -0.020
v -0.314 10.709 0.146
v -1.137 10.627 -0.522
v -0.635 10.627 -1.142
v 0.189 10.709 -0.474
v -0.440 10.709 0.301
v -1.263 10.627 -0.367
v -0.761 10.627 -0.987
v 0.063 10.709 -0.318
v -0.129 10.445 -0.049
v -0.953 10.363 -0.717
v -0.945 10.890 -0.792
v -0.122 10.972 -0.123
v -0.550 10.741 -0.030
v -1.484 10.538 -0.713
v -0.964 10.538 -1.425
v -0.030 10.741 -0.741
v -0.668 10.741 0.132
v -1.602 10.538 -0.552
v -1.082 10.538 -1.263
v -0.148 10.741 -0.580
v -0.295 10.453 -0.292
v -1.229 10.250 -0.976
v -1.337 10.827 -1.001
v -0.403 11.030 -0.317
v -0.507 10.577 0.381
v -0.013 10.667 -0.610
v 0.733 10.667 -0.239
v 0.239 10.577 0.753
v -0.686 10.577 0.292
v -0.192 10.667 -0.700
v 0.554 10.667 -0.328
v 0.060 10.577 0.663
v -0.184 10.302 0.517
v 0.310 10.392 -0.475
v 0.232 10.942 -0.464
v -0.262 10.852 0.528
v -0.379 10.692 0.013
v 0.165 10.630 -1.152
v 1.041 10.630 -0.744
v 0.496 10.692 0.422
v -0.560 10.692 -0.072
v -0.016 10.630 -1.237
v 0.859 10.630 -0.828
v 0.315 10.692 0.337
v -0.054 10.371 0.182
v 0.491 10.309 -0.984
v 0.534 10.951 -0.997
v -0.010 11.013 0.168
v -0.152 10.736 -0.476
v 0.405 10.539 -1.551
v 1.221 10.539 -1.128
v 0.664 10.736 -0.053
v -0.330 10.736 -0.568
v 0.227 10.539 -1.643
v 1.044 10.539 -1.220
v 0.487 10.736 -0.145
v 0.099 10.438 -0.292
v 0.656 10.241 -1.366
v 0.793 10.838 -1.404
v 0.236 11.034 -0.330
v 0.124 10.625 -0.862
v 0.573 10.495 -1.949
v 1.394 10.495 -1.611
v 0.945 10.625 -0.523
v -0.060 10.625 -0.938
v 0.388 10.495 -2.026
v 1.209 10.495 -1.687
v 0.761 10.625 -0.599
v 0.407 10.332 -0.710
v 0.855 10.201 -1.798
v 0.927 10.788 -1.839
v 0.478 10.918 -0.751
v -0.576 10.623 -0.132
v 0.470 10.621 -0.405
v 0.674 10.621 0.379
v -0.371 10.623 0.652
v -0.627 10.623 -0.326
v 0.419 10.621 -0.599
v 0.624 10.621 0.185
v -0.422 10.623 0.458
v -0.509 10.355 0.127
v 0.537 10.353 -0.146
v 0.557 10.888 -0.074
v -0.489 10.891 0.199
v -0.116 10.633 -0.261
v 0.919 10.609 -0.499
v 1.098 10.609 0.277
v 0.063 10.633 0.515
v -0.160 10.633 -0.456
v 0.874 10.609 -0.694
v 1.053 10.609 0.082
v 0.018 10.633 0.320
v -0.050 10.368 0.052
v 0.985 10.344 -0.186
v 0.987 10.873 -0.231
v -0.048 10.897 0.007
v 0.751 10.737 -0.484
v 1.793 10.457 -0.773
v 2.017 10.457 0.035
v 0.975 10.737 0.324
v 0.698 10.737 -0.677
v 1.740 10.457 -0.966
v 1.964 10.457 -0.158
v 0.922 10.737 0.131
v 0.756 10.471 -0.209
v 1.798 10.192 -0.498
v 1.959 10.723 -0.433
v 0.917 11.003 -0.144
v -0.027 10.626 -0.693
v 0.678 10.617 0.331
v -0.090 10.617 0.860
v -0.795 10.626 -0.164
v 0.138 10.626 -0.807
v 0.843 10.617 0.217
v 0.075 10.617 0.746
v -0.630 10.626 -0.278
v -0.309 10.317 -0.502
v 0.396 10.307 0.522
v 0.357 10.927 0.555
v -0.348 10.936 -0.469
v 0.245 10.621 -0.208
v 0.840 10.616 0.693
v 0.165 10.616 1.139
v -0.430 10.621 0.239
v 0.412 10.621 -0.318
v 1.007 10.616 0.583
v 0.332 10.616 1.029
v -0.263 10.621 0.129
v -0.062 10.358 -0.007
v 0.534 10.353 0.894
v 0.638 10.878 0.828
v 0.043 10.884 -0.073
v 0.254 10.622 -0.353
v 0.977 10.615 0.742
v 0.156 10.615 1.284
v -0.567 10.622 0.190
v 0.421 10.622 -0.463
v 1.144 10.615 0.631
v 0.323 10.615 1.174
v -0.400 10.622 0.080
v -0.070 10.294 -0.140
v 0.653 10.287 0.954
v 0.647 10.943 0.962
v -0.076 10.950 -0.133
v 0.467 10.647 0.192
v 1.107 10.584 1.047
v 0.464 10.584 1.528
v -0.176 10.647 0.673
v 0.627 10.647 0.072
v 1.267 10.584 0.927
v 0.625 10.584 1.408
v -0.015 10.647 0.553
v 0.245 10.383 0.339
v 0.885 10.320 1.194
v 0.847 10.849 1.261
v 0.207 10.912 0.406
v 0.726 10.674 0.506
v 1.455 10.503 1.412
v 0.768 10.503 1.965
v 0.039 10.674 1.059
v 0.881 10.674 0.381
v 1.611 10.503 1.286
v 0.924 10.503 1.839
v 0.195 10.674 0.934
v 0.404 10.385 0.710
v 1.134 10.215 1.616
v 1.245 10.792 1.635
v 0.516 10.962 0.729
v 0.723 10.685 0.408
v 1.550 10.492 1.436
v 0.771 10.492 2.063
v -0.056 10.685 1.035
v 0.878 10.685 0.282
v 1.706 10.492 1.310
v 0.927 10.492 1.938
v 0.099 10.685 0.910
v 0.394 10.356 0.610
v 1.222 10.162 1.638
v 1.255 10.821 1.735
v 0.428 11.015 0.708
v 0.289 10.682 0.346
v -0.181 10.604 1.418
v -0.986 10.604 1.064
v -0.516 10.682 -0.007
v 0.473 10.682 0.427
v 0.003 10.604 1.498
v -0.803 10.604 1.145
v -0.333 10.682 0.073
v 0.026 10.392 0.210
v -0.444 10.315 1.281
v -0.539 10.894 1.281
v -0.069 10.971 0.210
v 0.097 10.699 0.759
v -0.378 10.536 1.711
v -1.100 10.536 1.350
v -0.625 10.699 0.398
v 0.276 10.699 0.848
v -0.199 10.536 1.800
v -0.921 10.536 1.439
v -0.446 10.699 0.488
v -0.151 10.433 0.589
v -0.626 10.270 1.541
v -0.673 10.801 1.609
v -0.198 10.965 0.657
v 0.107 11.193 -0.382
v 0.978 11.234 0.454
v 0.351 11.234 1.108
v -0.521 11.193 0.272
v 0.245 11.193 -0.527
v 1.117 11.234 0.310
v 0.489 11.234 0.964
v -0.382 11.193 0.127
v -0.098 10.894 -0.154
v 0.773 10.935 0.682
v 0.695 11.532 0.735
v -0.177 11.491 -0.101
v 0.411 11.287 -0.157
v 1.290 11.166 0.754
v 0.604 11.166 1.416
v -0.275 11.287 0.505
v 0.555 11.287 -0.296
v 1.434 11.166 0.615
v 0.747 11.166 1.277
v -0.132 11.287 0.366
v 0.146 10.973 0.057
v 1.025 10.851 0.968
v 1.013 11.480 1.063
v 0.134 11.601 0.152
v 0.467 11.210 0.086
v -0.269 11.215 1.148
v -1.066 11.215 0.596
v -0.329 11.210 -0.466
v 0.631 11.210 0.200
v -0.105 11.215 1.262
v -0.901 11.215 0.710
v -0.165 11.210 -0.352
v 0.188 10.891 -0.106
v -0.549 10.896 0.956
v -0.622 11.535 0.902
v 0.114 11.530 -0.160
v -0.075 11.310 0.819
v -0.678 11.049 1.859
v -1.477 11.049 1.397
v -0.874 11.310 0.356
v 0.098 11.310 0.919
v -0.505 11.049 1.960
v -1.304 11.049 1.497
v -0.701 11.310 0.456
v -0.330 11.011 0.596
v -0.933 10.750 1.637
v -1.049 11.349 1.720
v -0.446 11.610 0.679
v -0.046 11.316 0.807
v -0.674 11.044 1.891
v -1.506 11.044 1.409
v -0.878 11.316 0.324
v 0.127 11.316 0.907
v -0.501 11.044 1.991
v -1.333 11.044 1.509
v -0.705 11.316 0.425
v -0.383 11.006 0.533
v -1.012 10.734 1.617
v -0.995 11.353 1.782
v -0.367 11.626 0.698
v 0.581 11.197 0.307
v -0.516 11.200 0.351
v -0.549 11.200 -0.472
v 0.548 11.197 -0.516
v 0.589 11.197 0.507
v -0.508 11.200 0.551
v -0.541 11.200 -0.272
v 0.556 11.197 -0.316
v 0.568 10.923 -0.010
v -0.530 10.926 0.034
v -0.527 11.475 0.046
v 0.570 11.472 0.002
v -0.022 11.228 0.348
v -1.223 11.137 0.441
v -1.293 11.137 -0.462
v -0.092 11.228 -0.555
v -0.007 11.228 0.547
v -1.207 11.137 0.640
v -1.277 11.137 -0.263
v -0.077 11.228 -0.356
v -0.032 10.933 -0.067
v -1.233 10.842 0.026
v -1.268 11.432 0.152
v -0.067 11.523 0.059
v 0.163 11.208 0.618
v -0.568 11.189 -0.170
v 0.023 11.189 -0.718
v 0.755 11.208 0.070
v 0.017 11.208 0.754
v -0.714 11.189 -0.034
v -0.123 11.189 -0.582
v 0.608 11.208 0.206
v 0.377 10.940 0.426
v -0.354 10.921 -0.362
v -0.337 11.457 -0.391
v 0.394 11.477 0.397
v -0.054 11.163 0.441
v -0.923 11.222 -0.434
v -0.266 11.222 -1.087
v 0.604 11.163 -0.212
v -0.195 11.163 0.582
v -1.065 11.222 -0.293
v -0.408 11.222 -0.946
v 0.462 11.163 -0.071
v 0.207 10.855 0.162
v -0.663 10.914 -0.713
v -0.668 11.530 -0.667
v 0.202 11.471 0.209
v -0.307 11.274 0.157
v -1.165 11.146 -0.680
v -0.534 11.146 -1.327
v 0.325 11.274 -0.491
v -0.446 11.274 0.300
v -1.305 11.146 -0.537
v -0.673 11.146 -1.184
v 0.185 11.274 -0.347
v -0.023 10.975 -0.089
v -0.881 10.847 -0.926
v -0.957 11.445 -0.938
v -0.099 11.573 -0.102
v -0.315 11.269 0.102
v -1.110 11.151 -0.673
v -0.525 11.151 -1.273
v 0.270 11.269 -0.498
v -0.455 11.269 0.245
v -1.250 11.151 -0.530
v -0.665 11.151 -1.129
v 0.130 11.269 -0.354
v -0.097 10.994 -0.080
v -0.892 10.875 -0.855
v -0.883 11.426 -0.948
v -0.088 11.544 -0.172
v -0.606 11.278 -0.153
v -1.360 11.064 -0.947
v -0.754 11.064 -1.524
v 0.000 11.278 -0.730
v -0.751 11.278 -0.015
v -1.505 11.064 -0.809
v -0.899 11.064 -1.386
v -0.145 11.278 -0.592
v -0.338 11.004 -0.335
v -1.092 10.790 -1.129
v -1.167 11.338 -1.204
v -0.413 11.551 -0.410
v -0.090 11.291 -0.470
v 0.516 11.112 -1.412
v 1.232 11.112 -0.952
v 0.626 11.291 -0.009
v -0.258 11.291 -0.578
v 0.348 11.112 -1.520
v 1.064 11.112 -1.060
v 0.458 11.291 -0.117
v 0.158 11.011 -0.257
v 0.765 10.832 -1.199
v 0.816 11.392 -1.273
v 0.209 11.571 -0.330
v 0.186 11.223 -0.877
v 0.777 11.036 -1.751
v 1.443 11.036 -1.301
v 0.852 11.223 -0.427
v 0.020 11.223 -0.989
v 0.611 11.036 -1.863
v 1.277 11.036 -1.413
v 0.686 11.223 -0.539
v 0.372 10.963 -0.696
v 0.962 10.776 -1.570
v 1.091 11.295 -1.594
v 0.501 11.483 -0.720
v 0.231 11.277 -0.384
v 1.523 11.196 -0.348
v 1.496 11.196 0.622
v 0.204 11.277 0.586
v 0.237 11.277 -0.584
v 1.528 11.196 -0.548
v 1.501 11.196 0.422
v 0.210 11.277 0.386
v 0.200 10.954 0.006
v 1.492 10.873 0.041
v 1.532 11.519 0.033
v 0.241 11.600 -0.003
v 0.728 11.293 -0.416
v 1.950 11.127 -0.249
v 1.823 11.127 0.676
v 0.601 11.293 0.508
v 0.755 11.293 -0.614
v 1.977 11.127 -0.447
v 1.850 11.127 0.478
v 0.628 11.293 0.310
v 0.628 10.992 0.011
v 1.850 10.827 0.178
v 1.949 11.428 0.051
v 0.727 11.594 -0.117
v -0.588 11.714 0.221
v 0.159 11.780 -0.613
v 0.785 11.780 -0.051
v 0.038 11.714 0.783
v -0.737 11.714 0.088
v 0.010 11.780 -0.746
v 0.637 11.780 -0.185
v -0.111 11.714 0.649
v -0.299 11.439 0.458
v 0.448 11.505 -0.375
v 0.348 12.055 -0.422
v -0.400 11.988 0.412
v -0.416 11.772 -0.106
v 0.480 11.769 -0.982
v 1.137 11.769 -0.310
v 0.241 11.772 0.566
v -0.556 11.772 -0.249
v 0.341 11.769 -1.125
v 0.998 11.769 -0.453
v 0.101 11.772 0.423
v -0.154 11.458 0.163
v 0.742 11.456 -0.713
v 0.736 12.082 -0.721
v -0.160 12.085 0.155
v -0.280 11.727 -0.636
v 0.744 11.766 0.069
v 0.215 11.766 0.837
v -0.809 11.727 0.132
v -0.167 11.727 -0.800
v 0.857 11.766 -0.096
v 0.328 11.766 0.672
v -0.695 11.727 -0.032
v -0.468 11.417 -0.345
v 0.555 11.456 0.360
v 0.517 12.076 0.381
v -0.507 12.037 -0.323
v 0.032 11.770 -0.369
v 0.997 11.746 0.270
v 0.517 11.746 0.993
v -0.447 11.770 0.354
v 0.143 11.770 -0.536
v 1.107 11.746 0.103
v 0.628 11.746 0.827
v -0.337 11.770 0.188
v -0.127 11.486 -0.139
v 0.837 11.462 0.500
v 0.787 12.030 0.597
v -0.177 12.054 -0.042
v 0.383 11.822 -0.120
v 1.247 11.679 0.497
v 0.780 11.679 1.151
v -0.084 11.822 0.534
v 0.499 11.822 -0.283
v 1.363 11.679 0.334
v 0.896 11.679 0.988
v 0.032 11.822 0.371
v 0.153 11.560 0.141
v 1.017 11.418 0.759
v 1.126 11.941 0.726
v 0.262 12.084 0.109
v 0.375 11.825 -0.146
v 1.274 11.677 0.496
v 0.788 11.677 1.177
v -0.111 11.825 0.534
v 0.491 11.825 -0.309
v 1.390 11.677 0.334
v 0.904 11.677 1.014
v 0.005 11.825 0.372
v 0.139 11.551 0.121
v 1.038 11.403 0.763
v 1.140 11.951 0.747
v 0.241 12.099 0.105
v 0.690 11.778 0.046
v 1.585 11.624 0.731
v 1.066 11.624 1.409
v 0.171 11.778 0.723
v 0.812 11.778 -0.113
v 1.707 11.624 0.573
v 1.188 11.624 1.250
v 0.293 11.778 0.564
v 0.426 11.503 0.328
v 1.321 11.348 1.014
v 1.452 11.900 0.968
v 0.557 12.054 0.282
v 0.460 11.794 0.027
v -0.041 11.766 1.087
v -0.836 11.766 0.711
v -0.335 11.794 -0.349
v 0.641 11.794 0.113
v 0.139 11.766 1.173
v -0.656 11.766 0.797
v -0.154 11.794 -0.263
v 0.199 11.505 -0.103
v -0.302 11.477 0.956
v -0.395 12.055 0.927
v 0.106 12.083 -0.132
v 0.703 11.702 0.255
v -0.511 11.791 0.498
v -0.694 11.791 -0.415
v 0.520 11.702 -0.658
v 0.742 11.702 0.451
v -0.472 11.791 0.694
v -0.655 11.791 -0.218
v 0.559 11.702 -0.462
v 0.621 11.398 -0.042
v -0.593 11.487 0.201
v -0.573 12.095 0.078
v 0.641 12.006 -0.165
v 0.290 11.754 0.273
v -0.851 11.796 0.585
v -1.085 11.796 -0.271
v 0.056 11.754 -0.583
v 0.343 11.754 0.466
v -0.798 11.796 0.778
v -1.032 11.796 -0.078
v 0.109 11.754 -0.390
v 0.192 11.459 -0.045
v -0.949 11.501 0.267
v -0.934 12.092 0.240
v 0.207 12.050 -0.072
v -0.587 11.829 0.516
v -1.636 11.667 0.662
v -1.747 11.667 -0.134
v -0.698 11.829 -0.280
v -0.560 11.829 0.714
v -1.608 11.667 0.860
v -1.719 11.667 0.064
v -0.671 11.829 -0.082
v -0.596 11.569 0.163
v -1.645 11.407 0.310
v -1.710 11.927 0.417
v -0.662 12.090 0.270
v -0.281 11.771 0.256
v -0.521 11.800 -0.858
v 0.314 11.800 -1.038
v 0.554 11.771 0.076
v -0.477 11.771 0.298
v -0.717 11.800 -0.816
v 0.119 11.800 -0.996
v 0.359 11.771 0.118
v -0.021 11.492 0.192
v -0.260 11.521 -0.922
v -0.142 12.079 -0.933
v 0.098 12.050 0.181
v -0.717 12.337 0.030
v 0.335 12.350 -0.612
v 0.817 12.350 0.177
v -0.235 12.337 0.820
v -0.821 12.337 -0.140
v 0.231 12.350 -0.782
v 0.712 12.350 0.007
v -0.340 12.337 0.649
v -0.509 12.031 0.365
v 0.543 12.044 -0.277
v 0.505 12.657 -0.327
v -0.547 12.644 0.315
v -0.300 12.369 -0.176
v 0.641 12.327 -0.717
v 1.046 12.327 -0.010
v 0.105 12.369 0.530
v -0.400 12.369 -0.350
v 0.541 12.327 -0.890
v 0.947 12.327 -0.184
v 0.006 12.369 0.356
v -0.178 12.101 0.057
v 0.763 12.059 -0.483
v 0.824 12.595 -0.418
v -0.117 12.636 0.123
v 0.047 12.414 -0.372
v 0.966 12.252 -0.890
v 1.359 12.252 -0.193
v 0.440 12.414 0.325
v -0.052 12.414 -0.547
v 0.867 12.252 -1.065
v 1.261 12.252 -0.367
v 0.342 12.414 0.151
v 0.139 12.154 -0.126
v 1.058 11.991 -0.644
v 1.168 12.512 -0.614
v 0.249 12.675 -0.095
v -0.063 12.428 -0.387
v 1.009 12.238 -0.992
v 1.468 12.238 -0.178
v 0.396 12.428 0.426
v -0.161 12.428 -0.561
v 0.911 12.238 -1.166
v 1.370 12.238 -0.352
v 0.298 12.428 0.252
v 0.090 12.121 -0.020
v 1.162 11.932 -0.624
v 1.217 12.545 -0.720
v 0.145 12.734 -0.115
v 0.004 12.307 -0.598
v 0.523 12.380 0.342
v -0.183 12.380 0.732
v -0.703 12.307 -0.208
v 0.179 12.307 -0.695
v 0.698 12.380 0.245
v -0.008 12.380 0.635
v -0.528 12.307 -0.304
v -0.292 12.042 -0.414
v 0.228 12.116 0.525
v 0.287 12.645 0.451
v -0.232 12.572 -0.488
v 0.234 12.371 -0.407
v 0.751 12.362 0.724
v -0.097 12.362 1.112
v -0.614 12.371 -0.019
v 0.416 12.371 -0.490
v 0.933 12.362 0.641
v 0.085 12.362 1.029
v -0.433 12.371 -0.102
v -0.072 12.062 -0.270
v 0.445 12.053 0.861
v 0.390 12.671 0.892
v -0.127 12.680 -0.240
v 0.315 12.377 -0.067
v 0.883 12.351 0.967
v 0.107 12.351 1.393
v -0.461 12.377 0.359
v 0.490 12.377 -0.163
v 1.058 12.351 0.871
v 0.282 12.351 1.297
v -0.286 12.377 0.263
v 0.030 12.083 0.083
v 0.598 12.057 1.117
v 0.567 12.645 1.148
v -0.001 12.671 0.114
v -0.037 12.377 0.530
v -0.608 12.284 1.389
v -1.255 12.284 0.960
v -0.684 12.377 0.101
v 0.129 12.377 0.641
v -0.441 12.284 1.500
v -1.088 12.284 1.070
v -0.518 12.377 0.211
v -0.260 12.120 0.354
v -0.831 12.027 1.213
v -0.865 12.542 1.246
v -0.295 12.635 0.387
v 0.470 12.285 0.550
v -0.696 12.402 0.175
v -0.414 12.402 -0.704
v 0.753 12.285 -0.329
v 0.409 12.285 0.741
v -0.757 12.402 0.366
v -0.475 12.402 -0.513
v 0.692 12.285 -0.138
v 0.549 11.979 0.209
v -0.617 12.096 -0.166
v -0.554 12.708 -0.171
v 0.613 12.591 0.203
v -0.187 12.413 0.327
v -1.343 12.285 -0.021
v -1.081 12.285 -0.893
v 0.076 12.413 -0.545
v -0.245 12.413 0.518
v -1.401 12.285 0.170
v -1.138 12.285 -0.702
v 0.018 12.413 -0.354
v -0.058 12.112 0.008
v -1.214 11.983 -0.340
v -1.268 12.586 -0.383
v -0.112 12.715 -0.035
v -0.251 12.404 0.240
v -1.242 12.294 -0.059
v -1.017 12.294 -0.806
v -0.026 12.404 -0.508
v -0.308 12.404 0.431
v -1.300 12.294 0.133
v -1.075 12.294 -0.615
v -0.083 12.404 -0.316
v -0.140 12.145 -0.034
v -1.131 12.035 -0.332
v -1.186 12.553 -0.341
v -0.194 12.663 -0.043
v -0.538 12.395 0.137
v -1.589 12.229 -0.108
v -1.403 12.229 -0.906
v -0.352 12.395 -0.661
v -0.583 12.395 0.332
v -1.634 12.229 0.087
v -1.449 12.229 -0.711
v -0.397 12.395 -0.466
v -0.424 12.126 -0.169
v -1.475 11.960 -0.413
v -1.562 12.499 -0.405
v -0.511 12.665 -0.161
v -0.338 12.370 0.285
v -0.325 12.344 -0.879
v 0.549 12.344 -0.869
v 0.536 12.370 0.295
v -0.538 12.370 0.283
v -0.525 12.344 -0.882
v 0.349 12.344 -0.872
v 0.336 12.370 0.293
v -0.062 12.085 0.294
v -0.048 12.059 -0.870
v 0.073 12.629 -0.881
v 0.059 12.655 0.283
v -0.264 12.387 -0.016
v -0.363 12.313 -1.139
v 0.481 12.313 -1.213
v 0.580 12.387 -0.090
v -0.463 12.387 0.002
v -0.562 12.313 -1.121
v 0.282 12.313 -1.195
v 0.381 12.387 -0.072
v 0.106 12.108 -0.030
v 0.007 12.035 -1.153
v -0.088 12.591 -1.181
v 0.011 12.665 -0.058
v 0.332 12.839 0.609
v -0.681 12.914 0.017
v -0.236 12.914 -0.745
v 0.778 12.839 -0.152
v 0.231 12.839 0.782
v -0.782 12.914 0.189
v -0.337 12.914 -0.572
v 0.677 12.839 0.020
v 0.523 12.553 0.247
v -0.490 12.628 -0.346
v -0.528 13.199 -0.210
v 0.486 13.124 0.383
v -0.223 12.949 0.209
v -1.150 12.826 -0.284
v -0.778 12.826 -0.985
v 0.150 12.949 -0.491
v -0.317 12.949 0.386
v -1.244 12.826 -0.108
v -0.872 12.826 -0.808
v 0.056 12.949 -0.314
v -0.070 12.688 -0.012
v -0.998 12.565 -0.506
v -1.024 13.087 -0.587
v -0.097 13.210 -0.093
v -0.188 12.957 0.286
v -1.233 12.818 -0.271
v -0.813 12.818 -1.061
v 0.233 12.957 -0.504
v -0.282 12.957 0.462
v -1.327 12.818 -0.095
v -0.907 12.818 -0.884
v 0.139 12.957 -0.328
v 0.037 12.669 -0.065
v -1.008 12.529 -0.622
v -1.132 13.106 -0.534
v -0.086 13.246 0.023
v -0.471 12.958 0.135
v -1.504 12.743 -0.417
v -1.083 12.743 -1.205
v -0.050 12.958 -0.653
v -0.565 12.958 0.312
v -1.599 12.743 -0.241
v -1.177 12.743 -1.029
v -0.144 12.958 -0.476
v -0.245 12.667 -0.175
v -1.278 12.452 -0.727
v -1.403 13.034 -0.719
v -0.370 13.249 -0.166
v -0.253 12.857 -0.213
v -0.121 12.828 -1.229
v 0.642 12.828 -1.130
v 0.510 12.857 -0.114
v -0.451 12.857 -0.239
v -0.319 12.828 -1.255
v 0.443 12.828 -1.156
v 0.311 12.857 -0.140
v -0.032 12.608 -0.177
v 0.100 12.579 -1.193
v 0.223 13.076 -1.192
v 0.091 13.106 -0.176
v -0.607 12.842 0.012
v 0.318 12.911 -0.494
v 0.698 12.911 0.201
v -0.227 12.842 0.707
v -0.703 12.842 -0.164
v 0.222 12.911 -0.670
v 0.602 12.911 0.026
v -0.323 12.842 0.531
v -0.452 12.578 0.259
v 0.473 12.647 -0.247
v 0.448 13.175 -0.222
v -0.478 13.105 0.284
v -0.395 12.922 -0.115
v 0.603 12.874 -0.743
v 1.075 12.874 0.006
v 0.076 12.922 0.634
v -0.501 12.922 -0.285
v 0.497 12.874 -0.913
v 0.968 12.874 -0.163
v -0.030 12.922 0.465
v -0.190 12.634 0.233
v 0.808 12.585 -0.395
v 0.763 13.162 -0.512
v -0.235 13.211 0.116
v 0.140 12.899 -0.291
v 0.646 12.898 0.600
v -0.022 12.898 0.980
v -0.529 12.899 0.089
v 0.314 12.899 -0.390
v 0.820 12.898 0.501
v 0.152 12.898 0.881
v -0.355 12.899 -0.010
v -0.153 12.648 -0.125
v 0.354 12.647 0.766
v 0.444 13.149 0.715
v -0.063 13.150 -0.176
v 0.463 12.924 0.243
v 0.955 12.837 1.170
v 0.258 12.837 1.540
v -0.234 12.924 0.614
v 0.640 12.924 0.149
v 1.132 12.837 1.076
v 0.435 12.837 1.446
v -0.058 12.924 0.520
v 0.154 12.666 0.383
v 0.646 12.579 1.310
v 0.744 13.096 1.306
v 0.251 13.183 0.380
v 0.669 12.846 -0.130
v -0.204 12.907 0.675
v -0.809 12.907 0.020
v 0.063 12.846 -0.785
v 0.804 12.846 0.017
v -0.068 12.907 0.822
v -0.673 12.907 0.167
v 0.199 12.846 -0.638
v 0.445 12.551 -0.349
v -0.427 12.612 0.456
v -0.450 13.202 0.387
v 0.422 13.141 -0.419
v -0.077 12.987 0.481
v -0.872 12.772 1.191
v -1.415 12.772 0.583
v -0.620 12.987 -0.127
v 0.056 12.987 0.630
v -0.738 12.772 1.340
v -1.282 12.772 0.732
v -0.487 12.987 0.022
v -0.235 12.721 0.224
v -1.030 12.506 0.934
v -1.124 13.039 0.990
v -0.329 13.253 0.279
v 0.664 13.413 -0.140
v -0.178 13.522 0.668
v -0.787 13.522 0.034
v 0.055 13.413 -0.774
v 0.802 13.413 0.004
v -0.040 13.522 0.812
v -0.648 13.522 0.178
v 0.194 13.413 -0.630
v 0.453 13.128 -0.321
v -0.389 13.238 0.487
v -0.437 13.807 0.359
v 0.404 13.698 -0.449
v 0.383 13.529 0.032
v -0.336 13.456 0.778
v -0.898 13.456 0.237
v -0.178 13.529 -0.509
v 0.527 13.529 0.171
v -0.192 13.456 0.917
v -0.754 13.456 0.376
v -0.034 13.529 -0.371
v 0.179 13.270 -0.190
v -0.541 13.197 0.556
v -0.550 13.715 0.598
v 0.170 13.788 -0.148
v 0.092 13.552 0.459
v -0.738 13.340 1.223
v -1.321 13.340 0.589
v -0.490 13.552 -0.174
v 0.228 13.552 0.607
v -0.603 13.340 1.370
v -1.185 13.340 0.736
v -0.355 13.552 -0.027
v -0.118 13.272 0.153
v -0.948 13.061 0.916
v -0.975 13.620 1.043
v -0.144 13.832 0.279
v -0.207 13.503 0.220
v -1.115 13.444 -0.247
v -0.764 13.444 -0.929
v 0.143 13.503 -0.462
v -0.299 13.503 0.398
v -1.207 13.444 -0.069
v -0.856 13.444 -0.751
v 0.052 13.503 -0.284
v -0.038 13.254 -0.077
v -0.946 13.196 -0.544
v -1.025 13.693 -0.453
v -0.117 13.751 0.014
v -0.562 13.418 0.417
v -0.061 13.517 -0.673
v 0.759 13.517 -0.296
v 0.258 13.418 0.794
v -0.744 13.418 0.334
v -0.243 13.517 -0.756
v 0.577 13.517 -0.379
v 0.076 13.418 0.710
v -0.202 13.120 0.555
v 0.298 13.219 -0.535
v 0.218 13.815 -0.517
v -0.283 13.716 0.572
v -0.141 13.514 -0.210
v 0.235 13.431 -1.099
v 0.905 13.431 -0.815
v 0.528 13.514 0.074
v -0.326 13.514 -0.288
v 0.051 13.431 -1.177
v 0.720 13.431 -0.893
v 0.344 13.514 -0.004
v 0.107 13.273 -0.082
v 0.484 13.190 -0.971
v 0.472 13.672 -1.021
v 0.095 13.755 -0.132
v 0.102 13.480 -0.321
v 1.210 13.458 -0.335
v 1.221 13.458 0.497
v 0.112 13.480 0.511
v 0.099 13.480 -0.521
v 1.207 13.458 -0.535
v 1.218 13.458 0.297
v 0.110 13.480 0.311
v 0.100 13.207 -0.051
v 1.208 13.185 -0.065
v 1.220 13.731 0.027
v 0.112 13.753 0.041
v 0.106 13.470 -0.607
v 0.495 13.466 0.424
v -0.278 13.466 0.715
v -0.666 13.470 -0.315
v 0.293 13.470 -0.677
v 0.682 13.466 0.353
v -0.091 13.466 0.644
v -0.479 13.470 -0.386
v -0.188 13.194 -0.497
v 0.200 13.190 0.534
v 0.204 13.741 0.534
v -0.185 13.745 -0.496
v 0.191 13.494 -0.304
v 0.546 13.439 0.652
v -0.172 13.439 0.918
v -0.527 13.494 -0.038
v 0.379 13.494 -0.373
v 0.733 13.439 0.582
v 0.015 13.439 0.849
v -0.339 13.494 -0.107
v -0.129 13.245 -0.200
v 0.226 13.190 0.756
v 0.335 13.688 0.745
v -0.020 13.744 -0.211
v 0.238 13.496 -0.069
v 0.684 13.408 0.872
v -0.024 13.408 1.207
v -0.470 13.496 0.266
v 0.419 13.496 -0.155
v 0.865 13.408 0.786
v 0.156 13.408 1.122
v -0.289 13.496 0.181
v -0.035 13.236 0.036
v 0.411 13.148 0.977
v 0.429 13.668 1.017
v -0.016 13.756 0.076
v 0.397 13.530 0.147
v 0.811 13.328 1.154
v 0.044 13.328 1.470
v -0.371 13.530 0.463
v 0.582 13.530 0.071
v 0.996 13.328 1.078
v 0.229 13.328 1.393
v -0.186 13.530 0.387
v 0.054 13.260 0.234
v 0.468 13.058 1.241
v 0.572 13.598 1.306
v 0.158 13.800 0.300
v 0.465 14.094 -0.105
v -0.037 14.000 0.934
v -0.819 14.000 0.557
v -0.317 14.094 -0.483
v 0.645 14.094 -0.018
v 0.143 14.000 1.021
v -0.639 14.000 0.644
v -0.137 14.094 -0.396
v 0.236 13.814 -0.241
v -0.266 13.720 0.799
v -0.410 14.281 0.780
v 0.092 14.375 -0.260
v 0.210 14.092 0.416
v -0.269 13.921 1.398
v -1.015 13.921 1.034
v -0.536 14.092 0.051
v 0.390 14.092 0.503
v -0.090 13.921 1.486
v -0.836 13.921 1.122
v -0.356 14.092 0.139
v -0.080 13.820 0.226
v -0.560 13.649 1.209
v -0.545 14.192 1.311
v -0.065 14.363 0.328
v 0.529 13.993 0.247
v -0.437 14.060 0.320
v -0.492 14.060 -0.407
v 0.475 13.993 -0.480
v 0.544 13.993 0.446
v -0.422 14.060 0.519
v -0.477 14.060 -0.208
v 0.490 13.993 -0.280
v 0.489 13.757 -0.070
v -0.478 13.824 0.003
v -0.437 14.296 0.109
v 0.530 14.229 0.037
v 0.357 14.021 0.328
v -0.816 14.072 0.437
v -0.899 14.072 -0.444
v 0.275 14.021 -0.554
v 0.376 14.021 0.527
v -0.798 14.072 0.636
v -0.880 14.072 -0.245
v 0.294 14.021 -0.355
v 0.314 13.727 0.001
v -0.860 13.778 0.110
v -0.837 14.367 0.082
v 0.337 14.315 -0.028
v -0.118 14.002 0.594
v -0.387 14.051 -0.405
v 0.363 14.051 -0.607
v 0.633 14.002 0.392
v -0.311 14.002 0.647
v -0.580 14.051 -0.353
v 0.170 14.051 -0.555
v 0.440 14.002 0.444
v 0.193 13.746 0.498
v -0.077 13.795 -0.501
v -0.141 14.307 -0.459
v 0.129 14.258 0.541
v -0.253 14.057 0.303
v -0.437 14.025 -0.740
v 0.345 14.025 -0.878
v 0.530 14.057 0.165
v -0.450 14.057 0.338
v -0.634 14.025 -0.705
v 0.148 14.025 -0.844
v 0.333 14.057 0.199
v 0.073 13.794 0.253
v -0.111 13.762 -0.790
v -0.178 14.288 -0.794
v 0.007 14.320 0.249
v -0.268 14.063 -0.015
v -0.484 14.001 -0.998
v 0.255 14.001 -1.160
v 0.471 14.063 -0.177
v -0.464 14.063 0.028
v -0.679 14.001 -0.955
v 0.060 14.001 -1.117
v 0.275 14.063 -0.134
v -0.028 13.814 -0.052
v -0.244 13.752 -1.035
v -0.181 14.250 -1.080
v 0.035 14.312 -0.097
v -0.412 14.121 -0.264
v -0.567 13.905 -1.363
v 0.272 13.905 -1.482
v 0.428 14.121 -0.383
v -0.610 14.121 -0.236
v -0.765 13.905 -1.335
v 0.074 13.905 -1.454
v 0.230 14.121 -0.355
v -0.021 13.851 -0.266
v -0.177 13.635 -1.365
v -0.316 14.176 -1.452
v -0.161 14.392 -0.353
v 0.016 14.004 -0.405
v 0.816 14.052 0.280
v 0.302 14.052 0.881
v -0.498 14.004 0.195
v 0.147 14.004 -0.557
v 0.947 14.052 0.128
v 0.432 14.052 0.729
v -0.368 14.004 0.044
v -0.152 13.742 -0.190
v 0.648 13.790 0.495
v 0.601 14.315 0.514
v -0.199 14.267 -0.172
v 0.571 14.602 -0.182
v -0.080 14.644 0.567
v -0.643 14.644 0.079
v 0.008 14.602 -0.671
v 0.722 14.602 -0.051
v 0.071 14.644 0.699
v -0.492 14.644 0.210
v 0.159 14.602 -0.540
v 0.343 14.355 -0.366
v -0.308 14.397 0.383
v -0.264 14.892 0.394
v 0.387 14.850 -0.356
v 0.522 14.600 0.398
v -0.538 14.647 0.228
v -0.411 14.647 -0.568
v 0.649 14.600 -0.398
v 0.490 14.600 0.595
v -0.570 14.647 0.425
v -0.442 14.647 -0.370
v 0.617 14.600 -0.200
v 0.550 14.336 0.148
v -0.510 14.384 -0.022
v -0.470 14.910 -0.120
v 0.589 14.863 0.050
v 0.230 14.611 0.330
v -0.762 14.658 0.162
v -0.636 14.658 -0.583
v 0.356 14.611 -0.415
v 0.196 14.611 0.527
v -0.796 14.658 0.359
v -0.670 14.658 -0.386
v 0.322 14.611 -0.218
v 0.270 14.362 0.019
v -0.722 14.409 -0.149
v -0.711 14.908 -0.075
v 0.282 14.860 0.093
v -0.318 14.615 0.465
v -0.151 14.632 -0.529
v 0.594 14.632 -0.404
v 0.428 14.615 0.590
v -0.515 14.615 0.431
v -0.348 14.632 -0.562
v 0.397 14.632 -0.437
v 0.230 14.615 0.556
v -0.038 14.363 0.507
v 0.129 14.380 -0.486
v 0.117 14.884 -0.480
v -0.049 14.867 0.514
v -0.313 14.636 0.282
v -0.139 14.618 -0.787
v 0.662 14.618 -0.656
v 0.489 14.636 0.412
v -0.510 14.636 0.250
v -0.336 14.618 -0.819
v 0.465 14.618 -0.688
v 0.291 14.636 0.380
v 0.041 14.371 0.344
v 0.215 14.353 -0.725
v 0.111 14.883 -0.751
v -0.063 14.901 0.318
v -0.258 14.639 0.052
v -0.098 14.608 -0.983
v 0.678 14.608 -0.863
v 0.518 14.639 0.172
v -0.455 14.639 0.021
v -0.295 14.608 -1.013
v 0.480 14.608 -0.893
v 0.321 14.639 0.141
v 0.011 14.378 0.101
v 0.171 14.347 -0.933
v 0.212 14.869 -0.942
v 0.052 14.899 0.092
v -0.202 14.737 -0.180
v -0.073 14.497 -1.171
v 0.691 14.497 -1.071
v 0.562 14.737 -0.080
v -0.401 14.737 -0.206
v -0.272 14.497 -1.196
v 0.492 14.497 -1.097
v 0.363 14.737 -0.106
v 0.016 14.493 -0.092
v 0.145 14.253 -1.083
v 0.274 14.740 -1.184
v 0.145 14.980 -0.194
v -0.125 14.709 -0.257
v 0.868 14.607 -0.802
v 1.278 14.607 -0.054
v 0.285 14.709 0.491
v -0.221 14.709 -0.433
v 0.772 14.607 -0.977
v 1.182 14.607 -0.229
v 0.189 14.709 0.315
v 0.000 14.426 0.025
v 0.994 14.325 -0.520
v 1.056 14.890 -0.511
v 0.063 14.991 0.033
v 0.234 14.714 -0.450
v 1.119 14.552 -0.789
v 1.377 14.552 -0.115
v 0.492 14.714 0.224
v 0.163 14.714 -0.636
v 1.048 14.552 -0.975
v 1.306 14.552 -0.302
v 0.421 14.714 0.037
v 0.278 14.480 -0.225
v 1.163 14.318 -0.564
v 1.262 14.787 -0.527
v 0.377 14.948 -0.188
v -0.316 15.341 -0.052
v -0.658 15.092 -1.087
v 0.138 15.092 -1.350
v 0.480 15.341 -0.315
v -0.506 15.341 0.011
v -0.848 15.092 -1.024
v -0.052 15.092 -1.288
v 0.291 15.341 -0.253
v -0.037 15.072 -0.080
v -0.379 14.824 -1.115
v -0.331 15.361 -1.260
v 0.012 15.610 -0.225
v -0.568 15.215 -0.079
v 0.440 15.228 -0.478
v 0.739 15.228 0.278
v -0.269 15.215 0.677
v -0.642 15.215 -0.264
v 0.366 15.228 -0.664
v 0.665 15.228 0.092
v -0.342 15.215 0.491
v -0.435 14.948 0.249
v 0.573 14.961 -0.151
v 0.532 15.495 -0.235
v -0.475 15.482 0.164
v -0.332 15.252 -0.118
v 0.634 15.197 -0.607
v 1.002 15.197 0.119
v 0.036 15.252 0.608
v -0.422 15.252 -0.296
v 0.544 15.197 -0.785
v 0.911 15.197 -0.060
v -0.055 15.252 0.429
v -0.208 14.981 0.156
v 0.758 14.927 -0.333
v 0.788 15.468 -0.334
v -0.178 15.522 0.156
v -0.057 15.282 -0.212
v 0.829 15.141 -0.695
v 1.194 15.141 -0.024
v 0.309 15.282 0.459
v -0.153 15.282 -0.388
v 0.733 15.141 -0.870
v 1.099 15.141 -0.200
v 0.213 15.282 0.283
v 0.044 15.030 0.047
v 0.930 14.889 -0.436
v 0.997 15.393 -0.459
v 0.112 15.534 0.024
v -0.055 15.197 -0.537
v 0.562 15.245 0.214
v -0.002 15.245 0.677
v -0.619 15.197 -0.074
v 0.100 15.197 -0.664
v 0.716 15.245 0.088
v 0.152 15.245 0.550
v -0.464 15.197 -0.201
v -0.294 14.960 -0.326
v 0.323 15.008 0.426
v 0.391 15.482 0.339
v -0.225 15.434 -0.412
v 0.045 15.286 -0.451
v 0.821 15.180 0.374
v 0.200 15.180 0.959
v -0.577 15.286 0.134
v 0.190 15.286 -0.588
v 0.967 15.180 0.237
v 0.345 15.180 0.822
v -0.431 15.286 -0.003
v -0.217 15.003 -0.241
v 0.559 14.897 0.584
v 0.607 15.463 0.611
v -0.169 15.569 -0.214
v 0.660 15.214 -0.192
v -0.091 15.229 0.634
v -0.710 15.229 0.071
v 0.040 15.214 -0.755
v 0.808 15.214 -0.058
v 0.057 15.229 0.769
v -0.562 15.229 0.206
v 0.188 15.214 -0.621
v 0.376 14.941 -0.445
v -0.374 14.957 0.382
v -0.279 15.501 0.458
v 0.472 15.486 -0.368
v 0.273 15.258 0.122
v -0.346 15.177 0.858
v -0.900 15.177 0.392
v -0.281 15.258 -0.343
v 0.426 15.258 0.251
v -0.193 15.177 0.987
v -0.747 15.177 0.521
v -0.128 15.258 -0.215
v 0.106 15.019 -0.044
v -0.513 14.939 0.691
v -0.580 15.416 0.687
v 0.039 15.497 -0.048
v 0.466 15.203 0.377
v -0.488 15.240 0.158
v -0.324 15.240 -0.558
v 0.630 15.203 -0.339
v 0.421 15.203 0.572
v -0.533 15.240 0.353
v -0.368 15.240 -0.363
v 0.585 15.203 -0.144
v 0.527 14.963 0.068
v -0.426 15.000 -0.151
v -0.430 15.480 -0.054
v 0.524 15.443 0.165
v 0.124 15.261 0.346
v -0.951 15.184 0.102
v -0.769 15.184 -0.707
v 0.307 15.261 -0.463
v 0.080 15.261 0.541
v -0.996 15.184 0.297
v -0.813 15.184 -0.511
v 0.263 15.261 -0.268
v 0.223 14.990 -0.006
v -0.852 14.913 -0.249
v -0.912 15.455 -0.160
v 0.164 15.532 0.083
v -0.143 15.282 0.223
v -1.050 15.135 0.016
v -0.893 15.135 -0.673
v 0.014 15.282 -0.466
v -0.187 15.282 0.418
v -1.095 15.135 0.211
v -0.938 15.135 -0.478
v -0.030 15.282 -0.271
v -0.059 15.052 0.019
v -0.967 14.905 -0.188
v -1.021 15.365 -0.274
v -0.114 15.512 -0.066
v -0.429 15.784 -0.075
v 0.486 15.794 -0.722
v 0.972 15.794 -0.036
v 0.057 15.784 0.611
v -0.544 15.784 -0.239
v 0.371 15.794 -0.885
v 0.856 15.794 -0.199
v -0.059 15.784 0.448
v -0.212 15.509 0.227
v 0.703 15.519 -0.420
v 0.639 16.069 -0.502
v -0.276 16.059 0.145
v -0.273 15.734 -0.481
v 0.621 15.833 -0.022
v 0.275 15.833 0.652
v -0.618 15.734 0.193
v -0.181 15.734 -0.659
v 0.712 15.833 -0.200
v 0.366 15.833 0.474
v -0.527 15.734 0.015
v -0.399 15.487 -0.181
v 0.494 15.586 0.278
v 0.493 16.080 0.174
v -0.400 15.981 -0.285
v -0.026 15.812 -0.331
v 0.736 15.797 0.120
v 0.398 15.797 0.691
v -0.364 15.812 0.240
v 0.076 15.812 -0.503
v 0.838 15.797 -0.052
v 0.500 15.797 0.519
v -0.262 15.812 0.068
v -0.126 15.594 -0.170
v 0.636 15.580 0.281
v 0.599 16.014 0.358
v -0.163 16.029 -0.093
v 0.280 15.808 0.054
v -0.226 15.760 0.781
v -0.772 15.760 0.402
v -0.267 15.808 -0.326
v 0.444 15.808 0.168
v -0.062 15.760 0.896
v -0.608 15.760 0.516
v -0.102 15.808 -0.211
v 0.086 15.587 -0.095
v -0.420 15.539 0.632
v -0.414 15.981 0.665
v 0.092 16.029 -0.062
v 0.540 15.753 0.220
v -0.410 15.814 0.287
v -0.460 15.814 -0.427
v 0.490 15.753 -0.493
v 0.554 15.753 0.420
v -0.396 15.814 0.486
v -0.446 15.814 -0.227
v 0.504 15.753 -0.294
v 0.507 15.515 -0.029
v -0.442 15.576 0.038
v -0.413 16.052 0.021
v 0.536 15.991 -0.045
v 0.169 15.830 0.301
v -0.878 15.735 0.313
v -0.887 15.735 -0.475
v 0.160 15.830 -0.487
v 0.171 15.830 0.501
v -0.875 15.735 0.513
v -0.885 15.735 -0.275
v 0.162 15.830 -0.287
v 0.189 15.569 -0.018
v -0.858 15.475 -0.006
v -0.904 15.996 0.044
v 0.142 16.090 0.032
v -0.202 15.763 0.496
v -0.239 15.804 -0.483
v 0.496 15.804 -0.511
v 0.533 15.763 0.468
v -0.402 15.763 0.504
v -0.439 15.804 -0.476
v 0.296 15.804 -0.504
v 0.333 15.763 0.476
v 0.062 15.518 0.476
v 0.025 15.559 -0.503
v 0.032 16.049 -0.483
v 0.069 16.008 0.496
v -0.124 16.308 -0.473
v 0.539 16.325 0.086
v 0.120 16.325 0.583
v -0.543 16.308 0.024
v 0.005 16.308 -0.626
v 0.668 16.325 -0.067
v 0.249 16.325 0.430
v -0.414 16.308 -0.129
v -0.265 16.091 -0.299
v 0.398 16.109 0.260
v 0.389 16.542 0.256
v -0.273 16.525 -0.302
v 0.185 16.383 -0.336
v 0.950 16.242 0.360
v 0.423 16.242 0.940
v -0.342 16.383 0.244
v 0.319 16.383 -0.484
v 1.085 16.242 0.212
v 0.558 16.242 0.792
v -0.208 16.383 0.096
v -0.071 16.129 -0.106
v 0.695 15.988 0.590
v 0.813 16.496 0.562
v 0.047 16.636 -0.134
v 0.457 16.300 -0.348
v 0.110 16.333 0.488
v -0.517 16.333 0.228
v -0.170 16.300 -0.608
v 0.642 16.300 -0.271
v 0.295 16.333 0.565
v -0.332 16.333 0.305
v 0.014 16.300 -0.531
v 0.210 16.075 -0.441
v -0.137 16.108 0.394
v -0.085 16.558 0.399
v 0.262 16.525 -0.437
v 0.321 16.365 0.039
v -0.088 16.279 0.863
v -0.709 16.279 0.554
v -0.299 16.365 -0.269
v 0.500 16.365 0.128
v 0.091 16.279 0.952
v -0.530 16.279 0.643
v -0.120 16.365 -0.180
v 0.140 16.138 -0.075
v -0.269 16.051 0.749
v -0.348 16.506 0.757
v 0.061 16.593 -0.066
v 0.196 16.395 0.270
v -0.883 16.278 0.252
v -0.869 16.278 -0.562
v 0.209 16.395 -0.544
v 0.192 16.395 0.470
v -0.886 16.278 0.452
v -0.873 16.278 -0.362
v 0.206 16.395 -0.344
v 0.230 16.129 -0.084
v -0.848 16.012 -0.102
v -0.907 16.543 -0.008
v 0.171 16.661 0.010
v -0.008 16.397 0.252
v -1.068 16.233 0.254
v -1.070 16.233 -0.551
v -0.009 16.397 -0.552
v -0.008 16.397 0.452
v -1.068 16.233 0.454
v -1.069 16.233 -0.351
v -0.009 16.397 -0.352
v 0.033 16.132 -0.048
v -1.028 15.967 -0.046
v -1.110 16.498 -0.051
v -0.050 16.662 -0.052
v -0.077 16.373 0.145
v -0.606 16.255 -0.560
v -0.072 16.255 -0.961
v 0.458 16.373 -0.255
v -0.237 16.373 0.266
v -0.766 16.255 -0.440
v -0.232 16.255 -0.841
v 0.298 16.373 -0.135
v 0.111 16.154 0.041
v -0.418 16.035 -0.664
v -0.420 16.474 -0.737
v 0.110 16.593 -0.031
v -0.096 16.373 -0.229
v 0.717 16.296 -0.589
v 0.987 16.296 0.023
v 0.175 16.373 0.382
v -0.177 16.373 -0.412
v 0.636 16.296 -0.772
v 0.906 16.296 -0.160
v 0.094 16.373 0.199
v -0.019 16.151 -0.007
v 0.794 16.074 -0.367
v 0.829 16.518 -0.382
v 0.017 16.595 -0.023
v 0.146 16.956 0.220
v -0.713 16.901 0.145
v -0.657 16.901 -0.501
v 0.202 16.956 -0.426
v 0.129 16.956 0.419
v -0.731 16.901 0.344
v -0.675 16.901 -0.301
v 0.185 16.956 -0.227
v 0.177 16.742 0.021
v -0.682 16.687 -0.054
v -0.706 17.116 -0.102
v 0.154 17.171 -0.027
v -0.116 16.917 0.523
v -0.281 16.940 -0.470
v 0.464 16.940 -0.593
v 0.629 16.917 0.399
v -0.313 16.917 0.556
v -0.478 16.940 -0.437
v 0.266 16.940 -0.561
v 0.431 16.917 0.432
v 0.112 16.669 0.479
v -0.053 16.692 -0.513
v 0.039 17.187 -0.517
v 0.204 17.164 0.476
v -0.202 16.995 -0.021
v -0.345 16.799 -0.914
v 0.341 16.799 -1.024
v 0.484 16.995 -0.131
v -0.399 16.995 0.011
v -0.543 16.799 -0.882
v 0.143 16.799 -0.992
v 0.287 16.995 -0.099
v 0.051 16.769 -0.011
v -0.093 16.572 -0.905
v -0.109 17.025 -1.002
v 0.034 17.221 -0.108
v 0.140 16.982 -0.381
v 0.789 16.885 0.427
v 0.181 16.885 0.915
v -0.468 16.982 0.108
v 0.296 16.982 -0.506
v 0.945 16.885 0.302
v 0.337 16.885 0.790
v -0.312 16.982 -0.017
v -0.131 16.725 -0.194
v 0.518 16.629 0.614
v 0.607 17.141 0.603
v -0.041 17.238 -0.204
v 0.554 16.904 -0.297
v 0.050 16.952 0.534
v -0.574 16.952 0.156
v -0.070 16.904 -0.675
v 0.725 16.904 -0.193
v 0.221 16.952 0.638
v -0.403 16.952 0.259
v 0.101 16.904 -0.572
v 0.311 16.662 -0.430
v -0.193 16.709 0.401
v -0.160 17.195 0.393
v 0.343 17.147 -0.438
v -0.186 17.504 0.268
v -0.233 17.403 -0.754
v 0.537 17.403 -0.790
v 0.584 17.504 0.232
v -0.386 17.504 0.277
v -0.433 17.403 -0.745
v 0.337 17.403 -0.780
v 0.384 17.504 0.241
v 0.130 17.250 0.278
v 0.082 17.149 -0.744
v 0.022 17.657 -0.791
v 0.069 17.758 0.231
v -0.435 17.431 -0.095
v 0.440 17.474 -0.386
v 0.658 17.474 0.271
v -0.217 17.431 0.562
v -0.499 17.431 -0.285
v 0.376 17.474 -0.576
v 0.595 17.474 0.081
v -0.280 17.431 0.372
v -0.334 17.204 0.175
v 0.541 17.247 -0.117
v 0.494 17.701 -0.189
v -0.381 17.657 0.103
v 0.026 17.439 -0.575
v 0.588 17.465 0.252
v -0.032 17.465 0.673
v -0.594 17.439 -0.153
v 0.192 17.439 -0.687
v 0.754 17.465 0.139
v 0.134 17.465 0.561
v -0.428 17.439 -0.266
v -0.189 17.190 -0.421
v 0.373 17.216 0.406
v 0.349 17.715 0.407
v -0.213 17.689 -0.420
v 0.262 17.493 -0.133
v 0.767 17.364 0.548
v 0.250 17.364 0.931
v -0.255 17.493 0.250
v 0.422 17.493 -0.252
v 0.927 17.364 0.429
v 0.410 17.364 0.812
v -0.095 17.493 0.131
v 0.066 17.281 -0.029
v 0.571 17.152 0.653
v 0.606 17.576 0.708
v 0.101 17.705 0.027
v 0.491 17.436 -0.294
v 0.083 17.469 0.494
v -0.509 17.469 0.189
v -0.101 17.436 -0.600
v 0.669 17.436 -0.203
v 0.261 17.469 0.586
v -0.331 17.469 0.280
v 0.076 17.436 -0.508
v 0.288 17.214 -0.390
v -0.119 17.247 0.399
v -0.128 17.691 0.376
v 0.279 17.658 -0.413
v 0.425 17.522 -0.094
v -0.031 17.385 0.772
v -0.687 17.385 0.427
v -0.232 17.522 -0.439
v 0.602 17.522 -0.001
v 0.146 17.385 0.865
v -0.510 17.385 0.520
v -0.055 17.522 -0.346
v 0.164 17.280 -0.269
v -0.291 17.144 0.597
v -0.250 17.627 0.695
v 0.206 17.763 -0.171
v 0.331 17.525 -0.033
v -0.024 17.347 0.878
v -0.719 17.347 0.608
v -0.364 17.525 -0.303
v 0.517 17.525 0.040
v 0.162 17.347 0.951
v -0.533 17.347 0.680
v -0.178 17.525 -0.231
v 0.047 17.286 -0.190
v -0.308 17.107 0.721
v -0.249 17.586 0.838
v 0.106 17.765 -0.073
v 0.187 17.492 0.335
v -0.725 17.403 -0.080
v -0.413 17.403 -0.767
v 0.500 17.492 -0.352
v 0.105 17.492 0.517
v -0.808 17.403 0.102
v -0.495 17.403 -0.585
v 0.417 17.492 -0.170
v 0.314 17.243 0.110
v -0.599 17.154 -0.304
v -0.622 17.653 -0.361
v 0.291 17.742 0.054
v 0.214 17.996 0.500
v -0.422 17.976 -0.186
v 0.093 17.976 -0.663
v 0.729 17.996 0.023
v 0.067 17.996 0.636
v -0.569 17.976 -0.050
v -0.054 17.976 -0.527
v 0.582 17.996 0.159
v 0.396 17.762 0.339
v -0.240 17.742 -0.347
v -0.236 18.209 -0.366
v 0.401 18.230 0.320
v 0.020 17.994 0.313
v -0.519 17.961 -0.388
v 0.008 17.961 -0.792
v 0.546 17.994 -0.091
v -0.139 17.994 0.435
v -0.677 17.961 -0.266
v -0.151 17.961 -0.670
v 0.388 17.994 0.031
v 0.176 17.777 0.204
v -0.363 17.744 -0.497
v -0.307 18.178 -0.561
v 0.232 18.211 0.140
v -0.047 18.043 0.173
v -0.538 17.904 -0.454
v -0.061 17.904 -0.828
v 0.431 18.043 -0.201
v -0.204 18.043 0.297
v -0.696 17.904 -0.330
v -0.218 17.904 -0.705
v 0.273 18.043 -0.078
v 0.172 17.849 0.045
v -0.320 17.710 -0.582
v -0.437 18.097 -0.576
v 0.055 18.236 0.051
v -0.323 18.052 0.064
v 0.268 17.925 -0.767
v 0.896 17.925 -0.320
v 0.305 18.052 0.511
v -0.486 18.052 -0.052
v 0.105 17.925 -0.883
v 0.733 17.925 -0.436
v 0.142 18.052 0.395
v -0.069 17.802 0.283
v 0.523 17.675 -0.547
v 0.478 18.175 -0.655
v -0.113 18.302 0.175
v -0.253 18.056 -0.009
v 0.311 17.894 -0.853
v 0.952 17.894 -0.424
v 0.388 18.056 0.420
v -0.419 18.056 -0.120
v 0.145 17.894 -0.964
v 0.786 17.894 -0.535
v 0.221 18.056 0.308
v -0.072 17.806 0.160
v 0.492 17.644 -0.683
v 0.605 18.145 -0.705
v 0.040 18.307 0.139
v 0.023 18.011 -0.371
v 0.844 17.968 0.159
v 0.446 17.968 0.775
v -0.375 18.011 0.245
v 0.132 18.011 -0.539
v 0.952 17.968 -0.009
v 0.554 17.968 0.607
v -0.266 18.011 0.077
v -0.138 17.767 -0.141
v 0.682 17.724 0.389
v 0.715 18.212 0.377
v -0.105 18.254 -0.153
v 0.364 17.968 -0.382
v 0.211 18.003 0.433
v -0.401 18.003 0.317
v -0.247 17.968 -0.497
v 0.561 17.968 -0.345
v 0.407 18.003 0.470
v -0.204 18.003 0.355
v -0.051 17.968 -0.460
v 0.201 17.766 -0.404
v 0.047 17.802 0.411
v -0.041 18.205 0.377
v 0.113 18.170 -0.438
v 0.366 18.009 -0.113
v 0.166 17.935 0.810
v -0.528 17.935 0.660
v -0.328 18.009 -0.263
v 0.562 18.009 -0.070
v 0.361 17.935 0.853
v -0.333 17.935 0.702
v -0.133 18.009 -0.221
v 0.146 17.775 -0.179
v -0.055 17.700 0.744
v -0.112 18.170 0.769
v 0.088 18.244 -0.154
v 0.545 17.992 0.077
v -0.265 17.979 0.311
v -0.440 17.979 -0.296
v 0.369 17.992 -0.530
v 0.600 17.992 0.269
v -0.209 17.979 0.503
v -0.385 17.979 -0.104
v 0.425 17.992 -0.338
v 0.474 17.788 -0.179
v -0.335 17.774 0.055
v -0.314 18.184 0.152
v 0.495 18.197 -0.082
v 0.384 18.005 0.231
v -0.592 17.956 0.412
v -0.728 17.956 -0.321
v 0.248 18.005 -0.502
v 0.421 18.005 0.428
v -0.556 17.956 0.609
v -0.692 17.956 -0.124
v 0.285 18.005 -0.305
v 0.344 17.757 -0.055
v -0.633 17.708 0.127
v -0.651 18.204 0.161
v 0.326 18.253 -0.020
v 0.292 18.032 0.224
v -0.696 17.916 0.479
v -0.888 17.916 -0.267
v 0.100 18.032 -0.521
v 0.342 18.032 0.418
v -0.646 17.916 0.672
v -0.838 17.916 -0.073
v 0.150 18.032 -0.328
v 0.254 17.778 -0.040
v -0.734 17.662 0.215
v -0.800 18.171 0.191
v 0.188 18.287 -0.063
v -0.120 18.596 -0.477
v 0.710 18.489 0.072
v 0.296 18.489 0.698
v -0.534 18.596 0.150
v -0.010 18.596 -0.643
v 0.820 18.489 -0.095
v 0.407 18.489 0.531
v -0.424 18.596 -0.017
v -0.319 18.352 -0.223
v 0.511 18.245 0.325
v 0.605 18.734 0.278
v -0.225 18.841 -0.270
v 0.003 18.616 -0.356
v 0.830 18.441 0.128
v 0.461 18.441 0.759
v -0.366 18.616 0.275
v 0.104 18.616 -0.529
v 0.931 18.441 -0.044
v 0.562 18.441 0.586
v -0.265 18.616 0.102
v -0.166 18.376 -0.154
v 0.662 18.202 0.330
v 0.731 18.681 0.384
v -0.097 18.856 -0.100
v 0.384 18.601 -0.138
v 0.077 18.465 0.745
v -0.592 18.465 0.512
v -0.285 18.601 -0.371
v 0.573 18.601 -0.072
v 0.266 18.465 0.811
v -0.404 18.465 0.578
v -0.096 18.601 -0.305
v 0.107 18.373 -0.269
v -0.201 18.237 0.613
v -0.126 18.693 0.710
v 0.181 18.829 -0.173
v 0.291 18.598 0.178
v -0.559 18.466 0.372
v -0.706 18.466 -0.273
v 0.144 18.598 -0.467
v 0.336 18.598 0.373
v -0.514 18.466 0.567
v -0.661 18.466 -0.078
v 0.189 18.598 -0.272
v 0.264 18.383 -0.087
v -0.586 18.251 0.107
v -0.634 18.682 0.187
v 0.216 18.814 -0.007
v -0.095 18.631 0.247
v -0.410 18.454 -0.587
v 0.228 18.454 -0.828
v 0.543 18.631 0.006
v -0.282 18.631 0.318
v -0.597 18.454 -0.516
v 0.041 18.454 -0.757
v 0.356 18.631 0.077
v 0.145 18.408 0.204
v -0.170 18.232 -0.630
v -0.199 18.677 -0.714
v 0.116 18.854 0.120
vt 0.5040 0.0040
vt 0.9960 0.0040
vt 0.9960 0.4960
vt 0.5040 0.4960
vt 0.0040 0.0040
vt 0.4960 0.0040
vt 0.4960 0.4960
vt 0.0040 0.4960
vt 0.0040 0.0040
vt 0.4960 0.0040
vt 0.4960 0.4960
vt 0.0040 0.4960
vt 0.0040 0.0040
vt 0.4960 0.0040
vt 0.4960 0.4960
vt 0.0040 0.4960
vt 0.5040 0.5040
vt 0.9960 0.5040
vt 0.9960 0.9960
vt 0.5040 0.9960
vt 0.0040 0.5040
vt 0.4960 0.5040
vt 0.4960 0.9960
vt 0.0040 0.9960
vt 0.0040 0.0040
vt 0.4960 0.0040
vt 0.4960 0.4960
vt 0.0040 0.4960
vt 0.5040 0.5040
vt 0.9960 0.5040
vt 0.9960 0.9960
vt 0.5040 0.9960
vt 0.5040 0.0040
vt 0.9960 0.0040
vt 0.9960 0.4960
vt 0.5040 0.4960
vt 0.5040 0.0040
vt 0.9960 0.0040
vt 0.9960 0.4960
vt 0.5040 0.4960
vt 0.5040 0.0040
vt 0.9960 0.0040
vt 0.9960 0.4960
vt 0.5040 0.4960
vt 0.5040 0.0040
vt 0.9960 0.0040
vt 0.9960 0.4960
vt 0.5040 0.4960
vt 0.5040 0.0040
vt 0.9960 0.0040
vt 0.9960 0.4960
vt 0.5040 0.4960
vt 0.0040 0.5040
vt 0.4960 0.5040
vt 0.4960 0.9960
vt 0.0040 0.9960
vt 0.5040 0.0040
vt 0.9960 0.0040
vt 0.9960 0.4960
vt 0.5040 0.4960
vt 0.5040 0.0040
vt 0.9960 0.0040
vt 0.9960 0.4960
vt 0.5040 0.4960
vt 0.5040 0.0040
vt 0.9960 0.0040
vt 0.9960 0.4960
vt 0.5040 0.4960
vt 0.5040 0.0040
vt 0.9960 0.0040
vt 0.9960 0.4960
vt 0.5040 0.4960
vt 0.0040 0.5040
vt 0.4960 0.5040
vt 0.4960 0.9960
vt 0.0040 0.9960
vt 0.5040 0.0040
vt 0.9960 0.0040
vt 0.9960 0.4960
vt 0.5040 0.4960
vt 0.0040 0.0040
vt 0.4960 0.0040
vt 0.4960 0.4960
vt 0.0040 0.4960
vt 0.0040 0.0040
vt 0.4960 0.0040
vt 0.4960 0.4960
vt 0.0040 0.4960
vt 0.5040 0.0040
vt 0.9960 0.0040
vt 0.9960 0.4960
vt 0.5040 0.4960
vt 0.5040 0.0040
vt 0.9960 0.0040
vt 0.9960 0.4960
vt 0.5040 0.4960
vt 0.0040 0.0040
vt 0.4960 0.0040
vt 0.4960 0.4960
vt 0.0040 0.4960
vt 0.0040 0.0040
vt 0.4960 0.0040
vt 0.4960 0.4960
vt 0.0040 0.4960
vt 0.5040 0.5040
vt 0.9960 0.5040
vt 0.9960 0.9960
vt 0.5040 0.9960
vt 0.0040 0.5040
vt 0.4960 0.5040
vt 0.4960 0.9960
vt 0.0040 0.9960
vt 0.0040 0.5040
vt 0.4960 0.5040
vt 0.4960 0.9960
vt 0.0040 0.9960
vt 0.0040 0.5040
vt 0.4960 0.5040
vt 0.4960 0.9960
vt 0.0040 0.9960
vt 0.0040 0.5040
vt 0.4960 0.5040
vt 0.4960 0.9960
vt 0.0040 0.9960
vt 0.5040 0.0040
vt 0.9960 0.0040
vt 0.9960 0.4960
vt 0.5040 0.4960
vt 0.0040 0.0040
vt 0.4960 0.0040
vt 0.4960 0.4960
vt 0.0040 0.4960
vt 0.5040 0.5040
vt 0.9960 0.5040
vt 0.9960 0.9960
vt 0.5040 0.9960
vt 0.0040 0.5040
vt 0.4960 0.5040
vt 0.4960 0.9960
vt 0.0040 0.9960
vt 0.0040 0.0040
vt 0.4960 0.0040
vt 0.4960 0.4960
vt 0.0040 0.4960
vt 0.0040 0.5040
vt 0.4960 0.5040
vt 0.4960 0.9960
vt 0.0040 0.9960
vt 0.5040 0.5040
vt 0.9960 0.5040
vt 0.9960 0.9960
vt 0.5040 0.9960
vt 0.0040 0.5040
vt 0.4960 0.5040
vt 0.4960 0.9960
vt 0.0040 0.9960
vt 0.0040 0.5040
vt 0.4960 0.5040
vt 0.4960 0.9960
vt 0.0040 0.9960
vt 0.0040 0.0040
vt 0.4960 0.0040
vt 0.4960 0.4960
vt 0.0040 0.4960
vt 0.5040 0.0040
vt 0.9960 0.0040
vt 0.9960 0.4960
vt 0.5040 0.4960
vt 0.0040 0.5040
vt 0.4960 0.5040
vt 0.4960 0.9960
vt 0.0040 0.9960
vt 0.5040 0.0040
vt 0.9960 0.0040
vt 0.9960 0.4960
vt 0.5040 0.4960
vt 0.0040 0.0040
vt 0.4960 0.0040
vt 0.4960 0.4960
vt 0.0040 0.4960
vt 0.0040 0.5040
vt 0.4960 0.5040
vt 0.4960 0.9960
vt 0.0040 0.9960
vt 0.0040 0.0040
vt 0.4960 0.0040
vt 0.4960 0.4960
vt 0.0040 0.4960
vt 0.0040 0.5040
vt 0.4960 0.5040
vt 0.4960 0.9960
vt 0.0040 0.9960
vt 0.0040 0.5040
vt 0.4960 0.5040
vt 0.4960 0.9960
vt 0.0040 0.9960
vt 0.0040 0.5040
vt 0.4960 0.5040
vt 0.4960 0.9960
vt 0.0040 0.9960
vt 0.5040 0.5040
vt 0.9960 0.5040
vt 0.9960 0.9960
vt 0.5040 0.9960
vt 0.0040 0.5040
vt 0.4960 0.5040
vt 0.4960 0.9960
vt 0.0040 0.9960
vt 0.0040 0.5040
vt 0.4960 0.5040
vt 0.4960 0.9960
vt 0.0040 0.9960
vt 0.0040 0.5040
vt 0.4960 0.5040
vt 0.4960 0.9960
vt 0.0040 0.9960
vt 0.5040 0.5040
vt 0.9960 0.5040
vt 0.9960 0.9960
vt 0.5040 0.9960
vt 0.5040 0.0040
vt 0.9960 0.0040
vt 0.9960 0.4960
vt 0.5040 0.4960
vt 0.0040 0.0040
vt 0.4960 0.0040
vt 0.4960 0.4960
vt 0.0040 0.4960
vt 0.5040 0.5040
vt 0.9960 0.5040
vt 0.9960 0.9960
vt 0.5040 0.9960
vt 0.5040 0.5040
vt 0.9960 0.5040
vt 0.9960 0.9960
vt 0.5040 0.9960
vt 0.0040 0.0040
vt 0.4960 0.0040
vt 0.4960 0.4960
vt 0.0040 0.4960
vt 0.5040 0.0040
vt 0.9960 0.0040
vt 0.9960 0.4960
vt 0.5040 0.4960
vt 0.5040 0.0040
vt 0.9960 0.0040
vt 0.9960 0.4960
vt 0.5040 0.4960
vt 0.0040 0.5040
vt 0.4960 0.5040
vt 0.4960 0.9960
vt 0.0040 0.9960
vt 0.5040 0.0040
vt 0.9960 0.0040
vt 0.9960 0.4960
vt 0.5040 0.4960
vt 0.0040 0.5040
vt 0.4960 0.5040
vt 0.4960 0.9960
vt 0.0040 0.9960
vt 0.5040 0.0040
vt 0.9960 0.0040
vt 0.9960 0.4960
vt 0.5040 0.4960
vt 0.5040 0.5040
vt 0.9960 0.5040
vt 0.9960 0.9960
vt 0.5040 0.9960
vt 0.0040 0.0040
vt 0.4960 0.0040
vt 0.4960 0.4960
vt 0.0040 0.4960
vt 0.0040 0.5040
vt 0.4960 0.5040
vt 0.4960 0.9960
vt 0.0040 0.9960
vt 0.0040 0.5040
vt 0.4960 0.5040
vt 0.4960 0.9960
vt 0.0040 0.9960
vt 0.5040 0.5040
vt 0.9960 0.5040
vt 0.9960 0.9960
vt 0.5040 0.9960
vt 0.5040 0.5040
vt 0.9960 0.5040
vt 0.9960 0.9960
vt 0.5040 0.9960
vt 0.5040 0.5040
vt 0.9960 0.5040
vt 0.9960 0.9960
vt 0.5040 0.9960
vt 0.0040 0.5040
vt 0.4960 0.5040
vt 0.4960 0.9960
vt 0.0040 0.9960
vt 0.0040 0.0040
vt 0.4960 0.0040
vt 0.4960 0.4960
vt 0.0040 0.4960
vt 0.0040 0.5040
vt 0.4960 0.5040
vt 0.4960 0.9960
vt 0.0040 0.9960
vt 0.0040 0.0040
vt 0.4960 0.0040
vt 0.4960 0.4960
vt 0.0040 0.4960
vt 0.5040 0.5040
vt 0.9960 0.5040
vt 0.9960 0.9960
vt 0.5040 0.9960
vt 0.0040 0.0040
vt 0.4960 0.0040
vt 0.4960 0.4960
vt 0.0040 0.4960
vt 0.5040 0.5040
vt 0.9960 0.5040
vt 0.9960 0.9960
vt 0.5040 0.9960
vt 0.0040 0.5040
vt 0.4960 0.5040
vt 0.4960 0.9960
vt 0.0040 0.9960
vt 0.0040 0.0040
vt 0.4960 0.0040
vt 0.4960 0.4960
vt 0.0040 0.4960
vt 0.5040 0.0040
vt 0.9960 0.0040
vt 0.9960 0.4960
vt 0.5040 0.4960
vt 0.5040 0.5040
vt 0.9960 0.5040
vt 0.9960 0.9960
vt 0.5040 0.9960
vt 0.5040 0.0040
vt 0.9960 0.0040
vt 0.9960 0.4960
vt 0.5040 0.4960
vt 0.0040 0.5040
vt 0.4960 0.5040
vt 0.4960 0.9960
vt 0.0040 0.9960
vt 0.5040 0.0040
vt 0.9960 0.0040
vt 0.9960 0.4960
vt 0.5040 0.4960
vt 0.5040 0.0040
vt 0.9960 0.0040
vt 0.9960 0.4960
vt 0.5040 0.4960
vt 0.5040 0.5040
vt 0.9960 0.5040
vt 0.9960 0.9960
vt 0.5040 0.9960
vt 0.0040 0.0040
vt 0.4960 0.0040
vt 0.4960 0.4960
vt 0.0040 0.4960
vt 0.5040 0.0040
vt 0.9960 0.0040
vt 0.9960 0.4960
vt 0.5040 0.4960
vt 0.0040 0.5040
vt 0.4960 0.5040
vt 0.4960 0.9960
vt 0.0040 0.9960
vt 0.0040 0.0040
vt 0.4960 0.0040
vt 0.4960 0.4960
vt 0.0040 0.4960
vt 0.0040 0.0040
vt 0.4960 0.0040
vt 0.4960 0.4960
vt 0.0040 0.4960
vt 0.0040 0.5040
vt 0.4960 0.5040
vt 0.4960 0.9960
vt 0.0040 0.9960
vt 0.0040 0.0040
vt 0.4960 0.0040
vt 0.4960 0.4960
vt 0.0040 0.4960
vt 0.5040 0.5040
vt 0.9960 0.5040
vt 0.9960 0.9960
vt 0.5040 0.9960
vt 0.5040 0.5040
vt 0.9960 0.5040
vt 0.9960 0.9960
vt 0.5040 0.9960
vt 0.0040 0.5040
vt 0.4960 0.5040
vt 0.4960 0.9960
vt 0.0040 0.9960
vt 0.5040 0.0040
vt 0.9960 0.0040
vt 0.9960 0.4960
vt 0.5040 0.4960
vt 0.5040 0.0040
vt 0.9960 0.0040
vt 0.9960 0.4960
vt 0.5040 0.4960
vt 0.5040 0.0040
vt 0.9960 0.0040
vt 0.9960 0.4960
vt 0.5040 0.4960
vt 0.0040 0.5040
vt 0.4960 0.5040
vt 0.4960 0.9960
vt 0.0040 0.9960
vt 0.0040 0.0040
vt 0.4960 0.0040
vt 0.4960 0.4960
vt 0.0040 0.4960
vt 0.0040 0.5040
vt 0.4960 0.5040
vt 0.4960 0.9960
vt 0.0040 0.9960
vt 0.5040 0.0040
vt 0.9960 0.0040
vt 0.9960 0.4960
vt 0.5040 0.4960
vt 0.5040 0.5040
vt 0.9960 0.5040
vt 0.9960 0.9960
vt 0.5040 0.9960
vt 0.0040 0.0040
vt 0.4960 0.0040
vt 0.4960 0.4960
vt 0.0040 0.4960
vt 0.0040 0.0040
vt 0.4960 0.0040
vt 0.4960 0.4960
vt 0.0040 0.4960
vt 0.0040 0.0040
vt 0.4960 0.0040
vt 0.4960 0.4960
vt 0.0040 0.4960
vt 0.0040 0.5040
vt 0.4960 0.5040
vt 0.4960 0.9960
vt 0.0040 0.9960
vt 0.5040 0.5040
vt 0.9960 0.5040
vt 0.9960 0.9960
vt 0.5040 0.9960
vt 0.5040 0.5040
vt 0.9960 0.5040
vt 0.9960 0.9960
vt 0.5040 0.9960
vt 0.5040 0.5040
vt 0.9960 0.5040
vt 0.9960 0.9960
vt 0.5040 0.9960
vt 0.0040 0.0040
vt 0.4960 0.0040
vt 0.4960 0.4960
vt 0.0040 0.4960
vt 0.5040 0.0040
vt 0.9960 0.0040
vt 0.9960 0.4960
vt 0.5040 0.4960
vt 0.0040 0.5040
vt 0.4960 0.5040
vt 0.4960 0.9960
vt 0.0040 0.9960
vt 0.0040 0.0040
vt 0.4960 0.0040
vt 0.4960 0.4960
vt 0.0040 0.4960
vt 0.0040 0.0040
vt 0.4960 0.0040
vt 0.4960 0.4960
vt 0.0040 0.4960
vt 0.5040 0.5040
vt 0.9960 0.5040
vt 0.9960 0.9960
vt 0.5040 0.9960
vt 0.5040 0.5040
vt 0.9960 0.5040
vt 0.9960 0.9960
vt 0.5040 0.9960
vt 0.0040 0.0040
vt 0.4960 0.0040
vt 0.4960 0.4960
vt 0.0040 0.4960
vt 0.0040 0.0040
vt 0.4960 0.0040
vt 0.4960 0.4960
vt 0.0040 0.4960
vt 0.5040 0.0040
vt 0.9960 0.0040
vt 0.9960 0.4960
vt 0.5040 0.4960
vt 0.5040 0.0040
vt 0.9960 0.0040
vt 0.9960 0.4960
vt 0.5040 0.4960
vt 0.5040 0.0040
vt 0.9960 0.0040
vt 0.9960 0.4960
vt 0.5040 0.4960
vt 0.0040 0.0040
vt 0.4960 0.0040
vt 0.4960 0.4960
vt 0.0040 0.4960
vt 0.0040 0.5040
vt 0.4960 0.5040
vt 0.4960 0.9960
vt 0.0040 0.9960
vt 0.5040 0.5040
vt 0.9960 0.5040
vt 0.9960 0.9960
vt 0.5040 0.9960
vt 0.5040 0.0040
vt 0.9960 0.0040
vt 0.9960 0.4960
vt 0.5040 0.4960
vt 0.0040 0.0040
vt 0.4960 0.0040
vt 0.4960 0.4960
vt 0.0040 0.4960
vt 0.5040 0.0040
vt 0.9960 0.0040
vt 0.9960 0.4960
vt 0.5040 0.4960
vt 0.0040 0.0040
vt 0.4960 0.0040
vt 0.4960 0.4960
vt 0.0040 0.4960
vt 0.5040 0.0040
vt 0.9960 0.0040
vt 0.9960 0.4960
vt 0.5040 0.4960
vt 0.5040 0.5040
vt 0.9960 0.5040
vt 0.9960 0.9960
vt 0.5040 0.9960
vt 0.5040 0.0040
vt 0.9960 0.0040
vt 0.9960 0.4960
vt 0.5040 0.4960
vt 0.5040 0.0040
vt 0.9960 0.0040
vt 0.9960 0.4960
vt 0.5040 0.4960
vt 0.0040 0.0040
vt 0.4960 0.0040
vt 0.4960 0.4960
vt 0.0040 0.4960
vt 0.5040 0.0040
vt 0.9960 0.0040
vt 0.9960 0.4960
vt 0.5040 0.4960
vt 0.5040 0.0040
vt 0.9960 0.0040
vt 0.9960 0.4960
vt 0.5040 0.4960
vt 0.0040 0.5040
vt 0.4960 0.5040
vt 0.4960 0.9960
vt 0.0040 0.9960
vt 0.0040 0.5040
vt 0.4960 0.5040
vt 0.4960 0.9960
vt 0.0040 0.9960
vt 0.0040 0.0040
vt 0.4960 0.0040
vt 0.4960 0.4960
vt 0.0040 0.4960
vt 0.0040 0.0040
vt 0.4960 0.0040
vt 0.4960 0.4960
vt 0.0040 0.4960
vt 0.5040 0.0040
vt 0.9960 0.0040
vt 0.9960 0.4960
vt 0.5040 0.4960
vt 0.0040 0.0040
vt 0.4960 0.0040
vt 0.4960 0.4960
vt 0.0040 0.4960
vt 0.5040 0.0040
vt 0.9960 0.0040
vt 0.9960 0.4960
vt 0.5040 0.4960
vt 0.5040 0.5040
vt 0.9960 0.5040
vt 0.9960 0.9960
vt 0.5040 0.9960
vt 0.0040 0.5040
vt 0.4960 0.5040
vt 0.4960 0.9960
vt 0.0040 0.9960
vt 0.5040 0.5040
vt 0.9960 0.5040
vt 0.9960 0.9960
vt 0.5040 0.9960
vt 0.0040 0.0040
vt 0.4960 0.0040
vt 0.4960 0.4960
vt 0.0040 0.4960
vt 0.5040 0.0040
vt 0.9960 0.0040
vt 0.9960 0.4960
vt 0.5040 0.4960
vt 0.0040 0.5040
vt 0.4960 0.5040
vt 0.4960 0.9960
vt 0.0040 0.9960
vt 0.5040 0.0040
vt 0.9960 0.0040
vt 0.9960 0.4960
vt 0.5040 0.4960
vt 0.5040 0.5040
vt 0.9960 0.5040
vt 0.9960 0.9960
vt 0.5040 0.9960
vt 0.5040 0.0040
vt 0.9960 0.0040
vt 0.9960 0.4960
vt 0.5040 0.4960
vt 0.0040 0.0040
vt 0.4960 0.0040
vt 0.4960 0.4960
vt 0.0040 0.4960
vt 0.0040 0.5040
vt 0.4960 0.5040
vt 0.4960 0.9960
vt 0.0040 0.9960
vt 0.5040 0.0040
vt 0.9960 0.0040
vt 0.9960 0.4960
vt 0.5040 0.4960
vt 0.0040 0.5040
vt 0.4960 0.5040
vt 0.4960 0.9960
vt 0.0040 0.9960
vt 0.0040 0.0040
vt 0.4960 0.0040
vt 0.4960 0.4960
vt 0.0040 0.4960
vt 0.5040 0.0040
vt 0.9960 0.0040
vt 0.9960 0.4960
vt 0.5040 0.4960
vt 0.5040 0.5040
vt 0.9960 0.5040
vt 0.9960 0.9960
vt 0.5040 0.9960
vt 0.0040 0.5040
vt 0.4960 0.5040
vt 0.4960 0.9960
vt 0.0040 0.9960
vt 0.0040 0.5040
vt 0.4960 0.5040
vt 0.4960 0.9960
vt 0.0040 0.9960
vt 0.0040 0.0040
vt 0.4960 0.0040
vt 0.4960 0.4960
vt 0.0040 0.4960
vt 0.5040 0.0040
vt 0.9960 0.0040
vt 0.9960 0.4960
vt 0.5040 0.4960
vt 0.5040 0.5040
vt 0.9960 0.5040
vt 0.9960 0.9960
vt 0.5040 0.9960
vt 0.0040 0.0040
vt 0.4960 0.0040
vt 0.4960 0.4960
vt 0.0040 0.4960
vt 0.5040 0.5040
vt 0.9960 0.5040
vt 0.9960 0.9960
vt 0.5040 0.9960
vt 0.0040 0.0040
vt 0.4960 0.0040
vt 0.4960 0.4960
vt 0.0040 0.4960
vt 0.5040 0.0040
vt 0.9960 0.0040
vt 0.9960 0.4960
vt 0.5040 0.4960
vt 0.5040 0.0040
vt 0.9960 0.0040
vt 0.9960 0.4960
vt 0.5040 0.4960
vt 0.5040 0.5040
vt 0.9960 0.5040
vt 0.9960 0.9960
vt 0.5040 0.9960
vt 0.5040 0.0040
vt 0.9960 0.0040
vt 0.9960 0.4960
vt 0.5040 0.4960
vt 0.0040 0.0040
vt 0.4960 0.0040
vt 0.4960 0.4960
vt 0.0040 0.4960
vt 0.0040 0.5040
vt 0.4960 0.5040
vt 0.4960 0.9960
vt 0.0040 0.9960
vt 0.5040 0.0040
vt 0.9960 0.0040
vt 0.9960 0.4960
vt 0.5040 0.4960
vt 0.5040 0.0040
vt 0.9960 0.0040
vt 0.9960 0.4960
vt 0.5040 0.4960
vt 0.0040 0.5040
vt 0.4960 0.5040
vt 0.4960 0.9960
vt 0.0040 0.9960
vt 0.0040 0.0040
vt 0.4960 0.0040
vt 0.4960 0.4960
vt 0.0040 0.4960
vt 0.5040 0.5040
vt 0.9960 0.5040
vt 0.9960 0.9960
vt 0.5040 0.9960
vt 0.5040 0.0040
vt 0.9960 0.0040
vt 0.9960 0.4960
vt 0.5040 0.4960
vt 0.0040 0.0040
vt 0.4960 0.0040
vt 0.4960 0.4960
vt 0.0040 0.4960
vt 0.5040 0.5040
vt 0.9960 0.5040
vt 0.9960 0.9960
vt 0.5040 0.9960
vt 0.5040 0.5040
vt 0.9960 0.5040
vt 0.9960 0.9960
vt 0.5040 0.9960
vt 0.5040 0.0040
vt 0.9960 0.0040
vt 0.9960 0.4960
vt 0.5040 0.4960
vt 0.0040 0.0040
vt 0.4960 0.0040
vt 0.4960 0.4960
vt 0.0040 0.4960
vt 0.0040 0.0040
vt 0.4960 0.0040
vt 0.4960 0.4960
vt 0.0040 0.4960
vt 0.0040 0.5040
vt 0.4960 0.5040
vt 0.4960 0.9960
vt 0.0040 0.9960
vt 0.5040 0.5040
vt 0.9960 0.5040
vt 0.9960 0.9960
vt 0.5040 0.9960
vt 0.0040 0.0040
vt 0.4960 0.0040
vt 0.4960 0.4960
vt 0.0040 0.4960
vt 0.0040 0.0040
vt 0.4960 0.0040
vt 0.4960 0.4960
vt 0.0040 0.4960
vt 0.5040 0.0040
vt 0.9960 0.0040
vt 0.9960 0.4960
vt 0.5040 0.4960
vt 0.0040 0.5040
vt 0.4960 0.5040
vt 0.4960 0.9960
vt 0.0040 0.9960
vt 0.5040 0.0040
vt 0.9960 0.0040
vt 0.9960 0.4960
vt 0.5040 0.4960
vt 0.0040 0.0040
vt 0.4960 0.0040
vt 0.4960 0.4960
vt 0.0040 0.4960
vt 0.5040 0.5040
vt 0.9960 0.5040
vt 0.9960 0.9960
vt 0.5040 0.9960
vt 0.0040 0.0040
vt 0.4960 0.0040
vt 0.4960 0.4960
vt 0.0040 0.4960
vt 0.5040 0.5040
vt 0.9960 0.5040
vt 0.9960 0.9960
vt 0.5040 0.9960
vt 0.0040 0.5040
vt 0.4960 0.5040
vt 0.4960 0.9960
vt 0.0040 0.9960
vt 0.5040 0.0040
vt 0.9960 0.0040
vt 0.9960 0.4960
vt 0.5040 0.4960
vt 0.0040 0.5040
vt 0.4960 0.5040
vt 0.4960 0.9960
vt 0.0040 0.9960
vt 0.0040 0.5040
vt 0.4960 0.5040
vt 0.4960 0.9960
vt 0.0040 0.9960
vt 0.0040 0.5040
vt 0.4960 0.5040
vt 0.4960 0.9960
vt 0.0040 0.9960
vt 0.0040 0.0040
vt 0.4960 0.0040
vt 0.4960 0.4960
vt 0.0040 0.4960
vt 0.0040 0.5040
vt 0.4960 0.5040
vt 0.4960 0.9960
vt 0.0040 0.9960
vt 0.0040 0.5040
vt 0.4960 0.5040
vt 0.4960 0.9960
vt 0.0040 0.9960
vt 0.5040 0.5040
vt 0.9960 0.5040
vt 0.9960 0.9960
vt 0.5040 0.9960
vt 0.5040 0.0040
vt 0.9960 0.0040
vt 0.9960 0.4960
vt 0.5040 0.4960
vt 0.5040 0.0040
vt 0.9960 0.0040
vt 0.9960 0.4960
vt 0.5040 0.4960
vt 0.5040 0.0040
vt 0.9960 0.0040
vt 0.9960 0.4960
vt 0.5040 0.4960
vt 0.5040 0.0040
vt 0.9960 0.0040
vt 0.9960 0.4960
vt 0.5040 0.4960
vt 0.5040 0.5040
vt 0.9960 0.5040
vt 0.9960 0.9960
vt 0.5040 0.9960
vt 0.0040 0.0040
vt 0.4960 0.0040
vt 0.4960 0.4960
vt 0.0040 0.4960
vt 0.0040 0.0040
vt 0.4960 0.0040
vt 0.4960 0.4960
vt 0.0040 0.4960
vt 0.0040 0.0040
vt 0.4960 0.0040
vt 0.4960 0.4960
vt 0.0040 0.4960
vt 0.0040 0.0040
vt 0.4960 0.0040
vt 0.4960 0.4960
vt 0.0040 0.4960
vt 0.5040 0.0040
vt 0.9960 0.0040
vt 0.9960 0.4960
vt 0.5040 0.4960
vt 0.5040 0.5040
vt 0.9960 0.5040
vt 0.9960 0.9960
vt 0.5040 0.9960
vt 0.0040 0.0040
vt 0.4960 0.0040
vt 0.4960 0.4960
vt 0.0040 0.4960
vt 0.0040 0.5040
vt 0.4960 0.5040
vt 0.4960 0.9960
vt 0.0040 0.9960
vt 0.0040 0.0040
vt 0.4960 0.0040
vt 0.4960 0.4960
vt 0.0040 0.4960
vt 0.5040 0.0040
vt 0.9960 0.0040
vt 0.9960 0.4960
vt 0.5040 0.4960
vt 0.5040 0.0040
vt 0.9960 0.0040
vt 0.9960 0.4960
vt 0.5040 0.4960
vt 0.0040 0.0040
vt 0.4960 0.0040
vt 0.4960 0.4960
vt 0.0040 0.4960
vt 0.5040 0.5040
vt 0.9960 0.5040
vt 0.9960 0.9960
vt 0.5040 0.9960
vt 0.0040 0.5040
vt 0.4960 0.5040
vt 0.4960 0.9960
vt 0.0040 0.9960
vt 0.5040 0.0040
vt 0.9960 0.0040
vt 0.9960 0.4960
vt 0.5040 0.4960
vt 0.0040 0.0040
vt 0.4960 0.0040
vt 0.4960 0.4960
vt 0.0040 0.4960
vt 0.0040 0.0040
vt 0.4960 0.0040
vt 0.4960 0.4960
vt 0.0040 0.4960
vt 0.5040 0.0040
vt 0.9960 0.0040
vt 0.9960 0.4960
vt 0.5040 0.4960
vt 0.0040 0.5040
vt 0.4960 0.5040
vt 0.4960 0.9960
vt 0.0040 0.9960
vt 0.0040 0.5040
vt 0.4960 0.5040
vt 0.4960 0.9960
vt 0.0040 0.9960
vt 0.5040 0.0040
vt 0.9960 0.0040
vt 0.9960 0.4960
vt 0.5040 0.4960
vt 0.5040 0.0040
vt 0.9960 0.0040
vt 0.9960 0.4960
vt 0.5040 0.4960
vt 0.0040 0.5040
vt 0.4960 0.5040
vt 0.4960 0.9960
vt 0.0040 0.9960
vt 0.0040 0.5040
vt 0.4960 0.5040
vt 0.4960 0.9960
vt 0.0040 0.9960
vt 0.0040 0.5040
vt 0.4960 0.5040
vt 0.4960 0.9960
vt 0.0040 0.9960
vt 0.0040 0.5040
vt 0.4960 0.5040
vt 0.4960 0.9960
vt 0.0040 0.9960
vt 0.0040 0.5040
vt 0.4960 0.5040
vt 0.4960 0.9960
vt 0.0040 0.9960
vt 0.5040 0.0040
vt 0.9960 0.0040
vt 0.9960 0.4960
vt 0.5040 0.4960
vt 0.0040 0.5040
vt 0.4960 0.5040
vt 0.4960 0.9960
vt 0.0040 0.9960
vt 0.0040 0.0040
vt 0.4960 0.0040
vt 0.4960 0.4960
vt 0.0040 0.4960
vt 0.0040 0.5040
vt 0.4960 0.5040
vt 0.4960 0.9960
vt 0.0040 0.9960
vt 0.5040 0.0040
vt 0.9960 0.0040
vt 0.9960 0.4960
vt 0.5040 0.4960
vt 0.0040 0.5040
vt 0.4960 0.5040
vt 0.4960 0.9960
vt 0.0040 0.9960
vt 0.0040 0.5040
vt 0.4960 0.5040
vt 0.4960 0.9960
vt 0.0040 0.9960
vt 0.0040 0.5040
vt 0.4960 0.5040
vt 0.4960 0.9960
vt 0.0040 0.9960
vt 0.0040 0.0040
vt 0.4960 0.0040
vt 0.4960 0.4960
vt 0.0040 0.4960
vt 0.5040 0.0040
vt 0.9960 0.0040
vt 0.9960 0.4960
vt 0.5040 0.4960
vt 0.5040 0.5040
vt 0.9960 0.5040
vt 0.9960 0.9960
vt 0.5040 0.9960
vt 0.5040 0.5040
vt 0.9960 0.5040
vt 0.9960 0.9960
vt 0.5040 0.9960
vt 0.5040 0.0040
vt 0.9960 0.0040
vt 0.9960 0.4960
vt 0.5040 0.4960
vt 0.0040 0.0040
vt 0.4960 0.0040
vt 0.4960 0.4960
vt 0.0040 0.4960
vt 0.0040 0.0040
vt 0.4960 0.0040
vt 0.4960 0.4960
vt 0.0040 0.4960
vt 0.5040 0.5040
vt 0.9960 0.5040
vt 0.9960 0.9960
vt 0.5040 0.9960
vt 0.5040 0.5040
vt 0.9960 0.5040
vt 0.9960 0.9960
vt 0.5040 0.9960
vt 0.5040 0.5040
vt 0.9960 0.5040
vt 0.9960 0.9960
vt 0.5040 0.9960
vt 0.5040 0.0040
vt 0.9960 0.0040
vt 0.9960 0.4960
vt 0.5040 0.4960
vt 0.0040 0.5040
vt 0.4960 0.5040
vt 0.4960 0.9960
vt 0.0040 0.9960
vt 0.0040 0.5040
vt 0.4960 0.5040
vt 0.4960 0.9960
vt 0.0040 0.9960
vt 0.0040 0.5040
vt 0.4960 0.5040
vt 0.4960 0.9960
vt 0.0040 0.9960
vt 0.0040 0.5040
vt 0.4960 0.5040
vt 0.4960 0.9960
vt 0.0040 0.9960
vt 0.0040 0.0040
vt 0.4960 0.0040
vt 0.4960 0.4960
vt 0.0040 0.4960
vt 0.5040 0.5040
vt 0.9960 0.5040
vt 0.9960 0.9960
vt 0.5040 0.9960
vt 0.5040 0.0040
vt 0.9960 0.0040
vt 0.9960 0.4960
vt 0.5040 0.4960
vt 0.5040 0.5040
vt 0.9960 0.5040
vt 0.9960 0.9960
vt 0.5040 0.9960
vt 0.0040 0.0040
vt 0.4960 0.0040
vt 0.4960 0.4960
vt 0.0040 0.4960
vt 0.5040 0.0040
vt 0.9960 0.0040
vt 0.9960 0.4960
vt 0.5040 0.4960
vt 0.0040 0.0040
vt 0.4960 0.0040
vt 0.4960 0.4960
vt 0.0040 0.4960
vt 0.0040 0.5040
vt 0.4960 0.5040
vt 0.4960 0.9960
vt 0.0040 0.9960
vt 0.0040 0.0040
vt 0.4960 0.0040
vt 0.4960 0.4960
vt 0.0040 0.4960
vt 0.0040 0.0040
vt 0.4960 0.0040
vt 0.4960 0.4960
vt 0.0040 0.4960
vt 0.5040 0.0040
vt 0.9960 0.0040
vt 0.9960 0.4960
vt 0.5040 0.4960
vt 0.0040 0.5040
vt 0.4960 0.5040
vt 0.4960 0.9960
vt 0.0040 0.9960
vt 0.5040 0.5040
vt 0.9960 0.5040
vt 0.9960 0.9960
vt 0.5040 0.9960
vt 0.0040 0.0040
vt 0.4960 0.0040
vt 0.4960 0.4960
vt 0.0040 0.4960
vt 0.0040 0.0040
vt 0.4960 0.0040
vt 0.4960 0.4960
vt 0.0040 0.4960
vt 0.0040 0.0040
vt 0.4960 0.0040
vt 0.4960 0.4960
vt 0.0040 0.4960
vt 0.5040 0.5040
vt 0.9960 0.5040
vt 0.9960 0.9960
vt 0.5040 0.9960
vt 0.5040 0.0040
vt 0.9960 0.0040
vt 0.9960 0.4960
vt 0.5040 0.4960
vt 0.0040 0.5040
vt 0.4960 0.5040
vt 0.4960 0.9960
vt 0.0040 0.9960
vt 0.0040 0.0040
vt 0.4960 0.0040
vt 0.4960 0.4960
vt 0.0040 0.4960
vt 0.5040 0.5040
vt 0.9960 0.5040
vt 0.9960 0.9960
vt 0.5040 0.9960
vt 0.0040 0.5040
vt 0.4960 0.5040
vt 0.4960 0.9960
vt 0.0040 0.9960
vt 0.0040 0.5040
vt 0.4960 0.5040
vt 0.4960 0.9960
vt 0.0040 0.9960
vt 0.5040 0.0040
vt 0.9960 0.0040
vt 0.9960 0.4960
vt 0.5040 0.4960
vt 0.0040 0.0040
vt 0.4960 0.0040
vt 0.4960 0.4960
vt 0.0040 0.4960
vt 0.5040 0.0040
vt 0.9960 0.0040
vt 0.9960 0.4960
vt 0.5040 0.4960
vt 0.5040 0.0040
vt 0.9960 0.0040
vt 0.9960 0.4960
vt 0.5040 0.4960
vt 0.5040 0.0040
vt 0.9960 0.0040
vt 0.9960 0.4960
vt 0.5040 0.4960
vt 0.0040 0.5040
vt 0.4960 0.5040
vt 0.4960 0.9960
vt 0.0040 0.9960
vt 0.5040 0.0040
vt 0.9960 0.0040
vt 0.9960 0.4960
vt 0.5040 0.4960
vt 0.0040 0.0040
vt 0.4960 0.0040
vt 0.4960 0.4960
vt 0.0040 0.4960
vt 0.5040 0.0040
vt 0.9960 0.0040
vt 0.9960 0.4960
vt 0.5040 0.4960
vt 0.5040 0.0040
vt 0.9960 0.0040
vt 0.9960 0.4960
vt 0.5040 0.4960
vt 0.0040 0.5040
vt 0.4960 0.5040
vt 0.4960 0.9960
vt 0.0040 0.9960
vt 0.5040 0.5040
vt 0.9960 0.5040
vt 0.9960 0.9960
vt 0.5040 0.9960
vt 0.5040 0.5040
vt 0.9960 0.5040
vt 0.9960 0.9960
vt 0.5040 0.9960
vt 0.0040 0.5040
vt 0.4960 0.5040
vt 0.4960 0.9960
vt 0.0040 0.9960
vt 0.0040 0.5040
vt 0.4960 0.5040
vt 0.4960 0.9960
vt 0.0040 0.9960
vt 0.5040 0.0040
vt 0.9960 0.0040
vt 0.9960 0.4960
vt 0.5040 0.4960
vt 0.0040 0.5040
vt 0.4960 0.5040
vt 0.4960 0.9960
vt 0.0040 0.9960
vt 0.0040 0.0040
vt 0.4960 0.0040
vt 0.4960 0.4960
vt 0.0040 0.4960
vt 0.0040 0.0040
vt 0.4960 0.0040
vt 0.4960 0.4960
vt 0.0040 0.4960
vt 0.0040 0.5040
vt 0.4960 0.5040
vt 0.4960 0.9960
vt 0.0040 0.9960
vt 0.0040 0.5040
vt 0.4960 0.5040
vt 0.4960 0.9960
vt 0.0040 0.9960
vt 0.5040 0.5040
vt 0.9960 0.5040
vt 0.9960 0.9960
vt 0.5040 0.9960
vt 0.0040 0.5040
vt 0.4960 0.5040
vt 0.4960 0.9960
vt 0.0040 0.9960
vt 0.5040 0.5040
vt 0.9960 0.5040
vt 0.9960 0.9960
vt 0.5040 0.9960
vt 0.5040 0.0040
vt 0.9960 0.0040
vt 0.9960 0.4960
vt 0.5040 0.4960
vt 0.0040 0.5040
vt 0.4960 0.5040
vt 0.4960 0.9960
vt 0.0040 0.9960
vt 0.0040 0.0040
vt 0.4960 0.0040
vt 0.4960 0.4960
vt 0.0040 0.4960
vt 0.0040 0.5040
vt 0.4960 0.5040
vt 0.4960 0.9960
vt 0.0040 0.9960
vt 0.0040 0.0040
vt 0.4960 0.0040
vt 0.4960 0.4960
vt 0.0040 0.4960
vt 0.0040 0.5040
vt 0.4960 0.5040
vt 0.4960 0.9960
vt 0.0040 0.9960
vt 0.0040 0.5040
vt 0.4960 0.5040
vt 0.4960 0.9960
vt 0.0040 0.9960
vt 0.5040 0.5040
vt 0.9960 0.5040
vt 0.9960 0.9960
vt 0.5040 0.9960
vt 0.5040 0.0040
vt 0.9960 0.0040
vt 0.9960 0.4960
vt 0.5040 0.4960
vt 0.5040 0.0040
vt 0.9960 0.0040
vt 0.9960 0.4960
vt 0.5040 0.4960
vt 0.0040 0.0040
vt 0.4960 0.0040
vt 0.4960 0.4960
vt 0.0040 0.4960
vt 0.0040 0.0040
vt 0.4960 0.0040
vt 0.4960 0.4960
vt 0.0040 0.4960
vt 0.0040 0.5040
vt 0.4960 0.5040
vt 0.4960 0.9960
vt 0.0040 0.9960
vt 0.0040 0.5040
vt 0.4960 0.5040
vt 0.4960 0.9960
vt 0.0040 0.9960
vt 0.0040 0.0040
vt 0.4960 0.0040
vt 0.4960 0.4960
vt 0.0040 0.4960
vt 0.5040 0.5040
vt 0.9960 0.5040
vt 0.9960 0.9960
vt 0.5040 0.9960
vt 0.5040 0.0040
vt 0.9960 0.0040
vt 0.9960 0.4960
vt 0.5040 0.4960
vt 0.0040 0.5040
vt 0.4960 0.5040
vt 0.4960 0.9960
vt 0.0040 0.9960
vt 0.0040 0.5040
vt 0.4960 0.5040
vt 0.4960 0.9960
vt 0.0040 0.9960
vt 0.0040 0.5040
vt 0.4960 0.5040
vt 0.4960 0.9960
vt 0.0040 0.9960
vt 0.5040 0.5040
vt 0.9960 0.5040
vt 0.9960 0.9960
vt 0.5040 0.9960
vt 0.0040 0.0040
vt 0.4960 0.0040
vt 0.4960 0.4960
vt 0.0040 0.4960
vt 0.5040 0.5040
vt 0.9960 0.5040
vt 0.9960 0.9960
vt 0.5040 0.9960
vt 0.0040 0.5040
vt 0.4960 0.5040
vt 0.4960 0.9960
vt 0.0040 0.9960
vt 0.5040 0.0040
vt 0.9960 0.0040
vt 0.9960 0.4960
vt 0.5040 0.4960
vt 0.0040 0.5040
vt 0.4960 0.5040
vt 0.4960 0.9960
vt 0.0040 0.9960
vt 0.5040 0.0040
vt 0.9960 0.0040
vt 0.9960 0.4960
vt 0.5040 0.4960
vt 0.5040 0.0040
vt 0.9960 0.0040
vt 0.9960 0.4960
vt 0.5040 0.4960
vt 0.0040 0.5040
vt 0.4960 0.5040
vt 0.4960 0.9960
vt 0.0040 0.9960
vt 0.0040 0.5040
vt 0.4960 0.5040
vt 0.4960 0.9960
vt 0.0040 0.9960
vt 0.0040 0.0040
vt 0.4960 0.0040
vt 0.4960 0.4960
vt 0.0040 0.4960
vt 0.5040 0.0040
vt 0.9960 0.0040
vt 0.9960 0.4960
vt 0.5040 0.4960
vt 0.5040 0.5040
vt 0.9960 0.5040
vt 0.9960 0.9960
vt 0.5040 0.9960
vt 0.5040 0.0040
vt 0.9960 0.0040
vt 0.9960 0.4960
vt 0.5040 0.4960
vt 0.5040 0.0040
vt 0.9960 0.0040
vt 0.9960 0.4960
vt 0.5040 0.4960
vt 0.0040 0.0040
vt 0.4960 0.0040
vt 0.4960 0.4960
vt 0.0040 0.4960
vt 0.5040 0.0040
vt 0.9960 0.0040
vt 0.9960 0.4960
vt 0.5040 0.4960
vt 0.0040 0.5040
vt 0.4960 0.5040
vt 0.4960 0.9960
vt 0.0040 0.9960
vt 0.5040 0.0040
vt 0.9960 0.0040
vt 0.9960 0.4960
vt 0.5040 0.4960
vt 0.5040 0.0040
vt 0.9960 0.0040
vt 0.9960 0.4960
vt 0.5040 0.4960
vt 0.0040 0.0040
vt 0.4960 0.0040
vt 0.4960 0.4960
vt 0.0040 0.4960
vt 0.0040 0.0040
vt 0.4960 0.0040
vt 0.4960 0.4960
vt 0.0040 0.4960
vt 0.0040 0.0040
vt 0.4960 0.0040
vt 0.4960 0.4960
vt 0.0040 0.4960
vt 0.5040 0.0040
vt 0.9960 0.0040
vt 0.9960 0.4960
vt 0.5040 0.4960
vt 0.5040 0.0040
vt 0.9960 0.0040
vt 0.9960 0.4960
vt 0.5040 0.4960
vt 0.0040 0.0040
vt 0.4960 0.0040
vt 0.4960 0.4960
vt 0.0040 0.4960
vt 0.0040 0.0040
vt 0.4960 0.0040
vt 0.4960 0.4960
vt 0.0040 0.4960
vt 0.5040 0.0040
vt 0.9960 0.0040
vt 0.9960 0.4960
vt 0.5040 0.4960
vt 0.0040 0.5040
vt 0.4960 0.5040
vt 0.4960 0.9960
vt 0.0040 0.9960
vt 0.0040 0.5040
vt 0.4960 0.5040
vt 0.4960 0.9960
vt 0.0040 0.9960
vt 0.0040 0.5040
vt 0.4960 0.5040
vt 0.4960 0.9960
vt 0.0040 0.9960
vt 0.5040 0.0040
vt 0.9960 0.0040
vt 0.9960 0.4960
vt 0.5040 0.4960
vt 0.0040 0.0040
vt 0.4960 0.0040
vt 0.4960 0.4960
vt 0.0040 0.4960
vt 0.0040 0.0040
vt 0.4960 0.0040
vt 0.4960 0.4960
vt 0.0040 0.4960
vt 0.5040 0.5040
vt 0.9960 0.5040
vt 0.9960 0.9960
vt 0.5040 0.9960
vt 0.0040 0.5040
vt 0.4960 0.5040
vt 0.4960 0.9960
vt 0.0040 0.9960
vt 0.0040 0.0040
vt 0.4960 0.0040
vt 0.4960 0.4960
vt 0.0040 0.4960
vt 0.5040 0.5040
vt 0.9960 0.5040
vt 0.9960 0.9960
vt 0.5040 0.9960
vt 0.0040 0.5040
vt 0.4960 0.5040
vt 0.4960 0.9960
vt 0.0040 0.9960
vt 0.0040 0.0040
vt 0.4960 0.0040
vt 0.4960 0.4960
vt 0.0040 0.4960
vt 0.5040 0.0040
vt 0.9960 0.0040
vt 0.9960 0.4960
vt 0.5040 0.4960
vt 0.5040 0.5040
vt 0.9960 0.5040
vt 0.9960 0.9960
vt 0.5040 0.9960
vt 0.0040 0.0040
vt 0.4960 0.0040
vt 0.4960 0.4960
vt 0.0040 0.4960
vt 0.0040 0.0040
vt 0.4960 0.0040
vt 0.4960 0.4960
vt 0.0040 0.4960
vt 0.5040 0.0040
vt 0.9960 0.0040
vt 0.9960 0.4960
vt 0.5040 0.4960
vt 0.0040 0.0040
vt 0.4960 0.0040
vt 0.4960 0.4960
vt 0.0040 0.4960
vt 0.5040 0.0040
vt 0.9960 0.0040
vt 0.9960 0.4960
vt 0.5040 0.4960
vt 0.5040 0.5040
vt 0.9960 0.5040
vt 0.9960 0.9960
vt 0.5040 0.9960
vt 0.0040 0.5040
vt 0.4960 0.5040
vt 0.4960 0.9960
vt 0.0040 0.9960
vt 0.0040 0.0040
vt 0.4960 0.0040
vt 0.4960 0.4960
vt 0.0040 0.4960
vt 0.0040 0.0040
vt 0.4960 0.0040
vt 0.4960 0.4960
vt 0.0040 0.4960
vt 0.5040 0.0040
vt 0.9960 0.0040
vt 0.9960 0.4960
vt 0.5040 0.4960
vt 0.5040 0.0040
vt 0.9960 0.0040
vt 0.9960 0.4960
vt 0.5040 0.4960
vt 0.5040 0.5040
vt 0.9960 0.5040
vt 0.9960 0.9960
vt 0.5040 0.9960
vt 0.0040 0.0040
vt 0.4960 0.0040
vt 0.4960 0.4960
vt 0.0040 0.4960
vt 0.5040 0.5040
vt 0.9960 0.5040
vt 0.9960 0.9960
vt 0.5040 0.9960
vt 0.5040 0.5040
vt 0.9960 0.5040
vt 0.9960 0.9960
vt 0.5040 0.9960
vt 0.5040 0.5040
vt 0.9960 0.5040
vt 0.9960 0.9960
vt 0.5040 0.9960
vt 0.5040 0.0040
vt 0.9960 0.0040
vt 0.9960 0.4960
vt 0.5040 0.4960
vt 0.5040 0.0040
vt 0.9960 0.0040
vt 0.9960 0.4960
vt 0.5040 0.4960
vt 0.0040 0.0040
vt 0.4960 0.0040
vt 0.4960 0.4960
vt 0.0040 0.4960
vt 0.5040 0.0040
vt 0.9960 0.0040
vt 0.9960 0.4960
vt 0.5040 0.4960
vt 0.5040 0.5040
vt 0.9960 0.5040
vt 0.9960 0.9960
vt 0.5040 0.9960
vt 0.5040 0.0040
vt 0.9960 0.0040
vt 0.9960 0.4960
vt 0.5040 0.4960
vt 0.0040 0.0040
vt 0.4960 0.0040
vt 0.4960 0.4960
vt 0.0040 0.4960
vt 0.5040 0.5040
vt 0.9960 0.5040
vt 0.9960 0.9960
vt 0.5040 0.9960
vt 0.0040 0.5040
vt 0.4960 0.5040
vt 0.4960 0.9960
vt 0.0040 0.9960
vt 0.0040 0.0040
vt 0.4960 0.0040
vt 0.4960 0.4960
vt 0.0040 0.4960
vt 0.0040 0.0040
vt 0.4960 0.0040
vt 0.4960 0.4960
vt 0.0040 0.4960
vt 0.5040 0.0040
vt 0.9960 0.0040
vt 0.9960 0.4960
vt 0.5040 0.4960
vt 0.5040 0.5040
vt 0.9960 0.5040
vt 0.9960 0.9960
vt 0.5040 0.9960
vt 0.5040 0.5040
vt 0.9960 0.5040
vt 0.9960 0.9960
vt 0.5040 0.9960
vt 0.0040 0.5040
vt 0.4960 0.5040
vt 0.4960 0.9960
vt 0.0040 0.9960
vt 0.0040 0.0040
vt 0.4960 0.0040
vt 0.4960 0.4960
vt 0.0040 0.4960
vt 0.0040 0.5040
vt 0.4960 0.5040
vt 0.4960 0.9960
vt 0.0040 0.9960
vt 0.0040 0.5040
vt 0.4960 0.5040
vt 0.4960 0.9960
vt 0.0040 0.9960
vt 0.5040 0.5040
vt 0.9960 0.5040
vt 0.9960 0.9960
vt 0.5040 0.9960
vt 0.0040 0.5040
vt 0.4960 0.5040
vt 0.4960 0.9960
vt 0.0040 0.9960
vt 0.5040 0.5040
vt 0.9960 0.5040
vt 0.9960 0.9960
vt 0.5040 0.9960
vt 0.5040 0.5040
vt 0.9960 0.5040
vt 0.9960 0.9960
vt 0.5040 0.9960
vt 0.0040 0.0040
vt 0.4960 0.0040
vt 0.4960 0.4960
vt 0.0040 0.4960
vt 0.5040 0.5040
vt 0.9960 0.5040
vt 0.9960 0.9960
vt 0.5040 0.9960
vt 0.0040 0.0040
vt 0.4960 0.0040
vt 0.4960 0.4960
vt 0.0040 0.4960
vt 0.5040 0.5040
vt 0.9960 0.5040
vt 0.9960 0.9960
vt 0.5040 0.9960
vt 0.5040 0.5040
vt 0.9960 0.5040
vt 0.9960 0.9960
vt 0.5040 0.9960
vt 0.0040 0.0040
vt 0.4960 0.0040
vt 0.4960 0.4960
vt 0.0040 0.4960
vt 0.5040 0.0040
vt 0.9960 0.0040
vt 0.9960 0.4960
vt 0.5040 0.4960
vt 0.5040 0.5040
vt 0.9960 0.5040
vt 0.9960 0.9960
vt 0.5040 0.9960
vt 0.0040 0.5040
vt 0.4960 0.5040
vt 0.4960 0.9960
vt 0.0040 0.9960
vt 0.5040 0.0040
vt 0.9960 0.0040
vt 0.9960 0.4960
vt 0.5040 0.4960
vt 0.5040 0.5040
vt 0.9960 0.5040
vt 0.9960 0.9960
vt 0.5040 0.9960
vt 0.0040 0.0040
vt 0.4960 0.0040
vt 0.4960 0.4960
vt 0.0040 0.4960
vt 0.5040 0.0040
vt 0.9960 0.0040
vt 0.9960 0.4960
vt 0.5040 0.4960
vt 0.5040 0.0040
vt 0.9960 0.0040
vt 0.9960 0.4960
vt 0.5040 0.4960
vt 0.0040 0.0040
vt 0.4960 0.0040
vt 0.4960 0.4960
vt 0.0040 0.4960
vt 0.5040 0.0040
vt 0.9960 0.0040
vt 0.9960 0.4960
vt 0.5040 0.4960
vt 0.0040 0.5040
vt 0.4960 0.5040
vt 0.4960 0.9960
vt 0.0040 0.9960
vt 0.0040 0.0040
vt 0.4960 0.0040
vt 0.4960 0.4960
vt 0.0040 0.4960
vt 0.5040 0.0040
vt 0.9960 0.0040
vt 0.9960 0.4960
vt 0.5040 0.4960
vt 0.0040 0.5040
vt 0.4960 0.5040
vt 0.4960 0.9960
vt 0.0040 0.9960
vt 0.5040 0.5040
vt 0.9960 0.5040
vt 0.9960 0.9960
vt 0.5040 0.9960
vt 0.0040 0.0040
vt 0.4960 0.0040
vt 0.4960 0.4960
vt 0.0040 0.4960
vt 0.0040 0.5040
vt 0.4960 0.5040
vt 0.4960 0.9960
vt 0.0040 0.9960
vt 0.0040 0.0040
vt 0.4960 0.0040
vt 0.4960 0.4960
vt 0.0040 0.4960
vt 0.0040 0.0040
vt 0.4960 0.0040
vt 0.4960 0.4960
vt 0.0040 0.4960
vt 0.5040 0.5040
vt 0.9960 0.5040
vt 0.9960 0.9960
vt 0.5040 0.9960
vt 0.0040 0.0040
vt 0.4960 0.0040
vt 0.4960 0.4960
vt 0.0040 0.4960
vt 0.0040 0.5040
vt 0.4960 0.5040
vt 0.4960 0.9960
vt 0.0040 0.9960
vt 0.0040 0.0040
vt 0.4960 0.0040
vt 0.4960 0.4960
vt 0.0040 0.4960
vt 0.5040 0.5040
vt 0.9960 0.5040
vt 0.9960 0.9960
vt 0.5040 0.9960
vt 0.0040 0.0040
vt 0.4960 0.0040
vt 0.4960 0.4960
vt 0.0040 0.4960
vt 0.0040 0.5040
vt 0.4960 0.5040
vt 0.4960 0.9960
vt 0.0040 0.9960
vt 0.5040 0.5040
vt 0.9960 0.5040
vt 0.9960 0.9960
vt 0.5040 0.9960
vt 0.0040 0.0040
vt 0.4960 0.0040
vt 0.4960 0.4960
vt 0.0040 0.4960
vt 0.5040 0.5040
vt 0.9960 0.5040
vt 0.9960 0.9960
vt 0.5040 0.9960
vt 0.5040 0.5040
vt 0.9960 0.5040
vt 0.9960 0.9960
vt 0.5040 0.9960
vt 0.5040 0.0040
vt 0.9960 0.0040
vt 0.9960 0.4960
vt 0.5040 0.4960
vt 0.5040 0.0040
vt 0.9960 0.0040
vt 0.9960 0.4960
vt 0.5040 0.4960
vt 0.5040 0.0040
vt 0.9960 0.0040
vt 0.9960 0.4960
vt 0.5040 0.4960
vt 0.0040 0.0040
vt 0.4960 0.0040
vt 0.4960 0.4960
vt 0.0040 0.4960
vt 0.5040 0.0040
vt 0.9960 0.0040
vt 0.9960 0.4960
vt 0.5040 0.4960
vt 0.0040 0.5040
vt 0.4960 0.5040
vt 0.4960 0.9960
vt 0.0040 0.9960
vt 0.0040 0.5040
vt 0.4960 0.5040
vt 0.4960 0.9960
vt 0.0040 0.9960
vt 0.0040 0.0040
vt 0.4960 0.0040
vt 0.4960 0.4960
vt 0.0040 0.4960
vt 0.5040 0.5040
vt 0.9960 0.5040
vt 0.9960 0.9960
vt 0.5040 0.9960
vt 0.0040 0.0040
vt 0.4960 0.0040
vt 0.4960 0.4960
vt 0.0040 0.4960
vt 0.5040 0.0040
vt 0.9960 0.0040
vt 0.9960 0.4960
vt 0.5040 0.4960
vt 0.0040 0.0040
vt 0.4960 0.0040
vt 0.4960 0.4960
vt 0.0040 0.4960
vt 0.5040 0.0040
vt 0.9960 0.0040
vt 0.9960 0.4960
vt 0.5040 0.4960
vt 0.5040 0.5040
vt 0.9960 0.5040
vt 0.9960 0.9960
vt 0.5040 0.9960
vt 0.5040 0.5040
vt 0.9960 0.5040
vt 0.9960 0.9960
vt 0.5040 0.9960
vt 0.0040 0.0040
vt 0.4960 0.0040
vt 0.4960 0.4960
vt 0.0040 0.4960
vt 0.5040 0.0040
vt 0.9960 0.0040
vt 0.9960 0.4960
vt 0.5040 0.4960
vt 0.5040 0.5040
vt 0.9960 0.5040
vt 0.9960 0.9960
vt 0.5040 0.9960
vt 0.5040 0.0040
vt 0.9960 0.0040
vt 0.9960 0.4960
vt 0.5040 0.4960
vt 0.5040 0.0040
vt 0.9960 0.0040
vt 0.9960 0.4960
vt 0.5040 0.4960
vt 0.5040 0.0040
vt 0.9960 0.0040
vt 0.9960 0.4960
vt 0.5040 0.4960
vt 0.0040 0.0040
vt 0.4960 0.0040
vt 0.4960 0.4960
vt 0.0040 0.4960
vt 0.5040 0.5040
vt 0.9960 0.5040
vt 0.9960 0.9960
vt 0.5040 0.9960
vt 0.5040 0.0040
vt 0.9960 0.0040
vt 0.9960 0.4960
vt 0.5040 0.4960
vt 0.0040 0.5040
vt 0.4960 0.5040
vt 0.4960 0.9960
vt 0.0040 0.9960
vt 0.5040 0.0040
vt 0.9960 0.0040
vt 0.9960 0.4960
vt 0.5040 0.4960
vt 0.5040 0.5040
vt 0.9960 0.5040
vt 0.9960 0.9960
vt 0.5040 0.9960
vt 0.0040 0.0040
vt 0.4960 0.0040
vt 0.4960 0.4960
vt 0.0040 0.4960
vt 0.0040 0.5040
vt 0.4960 0.5040
vt 0.4960 0.9960
vt 0.0040 0.9960
vt 0.5040 0.0040
vt 0.9960 0.0040
vt 0.9960 0.4960
vt 0.5040 0.4960
vt 0.5040 0.5040
vt 0.9960 0.5040
vt 0.9960 0.9960
vt 0.5040 0.9960
vt 0.0040 0.5040
vt 0.4960 0.5040
vt 0.4960 0.9960
vt 0.0040 0.9960
vt 0.5040 0.0040
vt 0.9960 0.0040
vt 0.9960 0.4960
vt 0.5040 0.4960
vt 0.0040 0.0040
vt 0.4960 0.0040
vt 0.4960 0.4960
vt 0.0040 0.4960
vt 0.5040 0.5040
vt 0.9960 0.5040
vt 0.9960 0.9960
vt 0.5040 0.9960
vt 0.0040 0.5040
vt 0.4960 0.5040
vt 0.4960 0.9960
vt 0.0040 0.9960
vt 0.0040 0.0040
vt 0.4960 0.0040
vt 0.4960 0.4960
vt 0.0040 0.4960
vt 0.5040 0.0040
vt 0.9960 0.0040
vt 0.9960 0.4960
vt 0.5040 0.4960
vt 0.0040 0.5040
vt 0.4960 0.5040
vt 0.4960 0.9960
vt 0.0040 0.9960
vt 0.5040 0.5040
vt 0.9960 0.5040
vt 0.9960 0.9960
vt 0.5040 0.9960
vt 0.0040 0.0040
vt 0.4960 0.0040
vt 0.4960 0.4960
vt 0.0040 0.4960
vt 0.5040 0.0040
vt 0.9960 0.0040
vt 0.9960 0.4960
vt 0.5040 0.4960
vt 0.5040 0.5040
vt 0.9960 0.5040
vt 0.9960 0.9960
vt 0.5040 0.9960
vt 0.0040 0.5040
vt 0.4960 0.5040
vt 0.4960 0.9960
vt 0.0040 0.9960
vt 0.0040 0.5040
vt 0.4960 0.5040
vt 0.4960 0.9960
vt 0.0040 0.9960
vt 0.5040 0.5040
vt 0.9960 0.5040
vt 0.9960 0.9960
vt 0.5040 0.9960
vt 0.0040 0.5040
vt 0.4960 0.5040
vt 0.4960 0.9960
vt 0.0040 0.9960
vt 0.5040 0.5040
vt 0.9960 0.5040
vt 0.9960 0.9960
vt 0.5040 0.9960
vt 0.0040 0.0040
vt 0.4960 0.0040
vt 0.4960 0.4960
vt 0.0040 0.4960
vt 0.5040 0.0040
vt 0.9960 0.0040
vt 0.9960 0.4960
vt 0.5040 0.4960
vt 0.0040 0.0040
vt 0.4960 0.0040
vt 0.4960 0.4960
vt 0.0040 0.4960
vt 0.5040 0.0040
vt 0.9960 0.0040
vt 0.9960 0.4960
vt 0.5040 0.4960
vt 0.0040 0.5040
vt 0.4960 0.5040
vt 0.4960 0.9960
vt 0.0040 0.9960
vt 0.5040 0.0040
vt 0.9960 0.0040
vt 0.9960 0.4960
vt 0.5040 0.4960
vt 0.0040 0.0040
vt 0.4960 0.0040
vt 0.4960 0.4960
vt 0.0040 0.4960
vt 0.5040 0.0040
vt 0.9960 0.0040
vt 0.9960 0.4960
vt 0.5040 0.4960
vt 0.5040 0.0040
vt 0.9960 0.0040
vt 0.9960 0.4960
vt 0.5040 0.4960
vt 0.5040 0.0040
vt 0.9960 0.0040
vt 0.9960 0.4960
vt 0.5040 0.4960
vt 0.0040 0.0040
vt 0.4960 0.0040
vt 0.4960 0.4960
vt 0.0040 0.4960
vt 0.5040 0.0040
vt 0.9960 0.0040
vt 0.9960 0.4960
vt 0.5040 0.4960
vt 0.5040 0.0040
vt 0.9960 0.0040
vt 0.9960 0.4960
vt 0.5040 0.4960
vt 0.5040 0.0040
vt 0.9960 0.0040
vt 0.9960 0.4960
vt 0.5040 0.4960
vt 0.5040 0.0040
vt 0.9960 0.0040
vt 0.9960 0.4960
vt 0.5040 0.4960
vt 0.0040 0.5040
vt 0.4960 0.5040
vt 0.4960 0.9960
vt 0.0040 0.9960
vt 0.0040 0.0040
vt 0.4960 0.0040
vt 0.4960 0.4960
vt 0.0040 0.4960
vt 0.5040 0.0040
vt 0.9960 0.0040
vt 0.9960 0.4960
vt 0.5040 0.4960
vt 0.5040 0.5040
vt 0.9960 0.5040
vt 0.9960 0.9960
vt 0.5040 0.9960
vt 0.0040 0.0040
vt 0.4960 0.0040
vt 0.4960 0.4960
vt 0.0040 0.4960
vt 0.5040 0.5040
vt 0.9960 0.5040
vt 0.9960 0.9960
vt 0.5040 0.9960
vt 0.5040 0.0040
vt 0.9960 0.0040
vt 0.9960 0.4960
vt 0.5040 0.4960
vt 0.0040 0.5040
vt 0.4960 0.5040
vt 0.4960 0.9960
vt 0.0040 0.9960
vt 0.5040 0.0040
vt 0.9960 0.0040
vt 0.9960 0.4960
vt 0.5040 0.4960
vt 0.5040 0.5040
vt 0.9960 0.5040
vt 0.9960 0.9960
vt 0.5040 0.9960
vt 0.0040 0.0040
vt 0.4960 0.0040
vt 0.4960 0.4960
vt 0.0040 0.4960
vt 0.5040 0.5040
vt 0.9960 0.5040
vt 0.9960 0.9960
vt 0.5040 0.9960
vt 0.0040 0.0040
vt 0.4960 0.0040
vt 0.4960 0.4960
vt 0.0040 0.4960
vt 0.5040 0.0040
vt 0.9960 0.0040
vt 0.9960 0.4960
vt 0.5040 0.4960
vt 0.0040 0.0040
vt 0.4960 0.0040
vt 0.4960 0.4960
vt 0.0040 0.4960
vt 0.0040 0.5040
vt 0.4960 0.5040
vt 0.4960 0.9960
vt 0.0040 0.9960
vt 0.5040 0.0040
vt 0.9960 0.0040
vt 0.9960 0.4960
vt 0.5040 0.4960
vt 0.0040 0.5040
vt 0.4960 0.5040
vt 0.4960 0.9960
vt 0.0040 0.9960
vt 0.0040 0.0040
vt 0.4960 0.0040
vt 0.4960 0.4960
vt 0.0040 0.4960
vt 0.0040 0.5040
vt 0.4960 0.5040
vt 0.4960 0.9960
vt 0.0040 0.9960
vt 0.5040 0.0040
vt 0.9960 0.0040
vt 0.9960 0.4960
vt 0.5040 0.4960
vt 0.5040 0.5040
vt 0.9960 0.5040
vt 0.9960 0.9960
vt 0.5040 0.9960
vt 0.5040 0.5040
vt 0.9960 0.5040
vt 0.9960 0.9960
vt 0.5040 0.9960
vt 0.5040 0.0040
vt 0.9960 0.0040
vt 0.9960 0.4960
vt 0.5040 0.4960
vt 0.0040 0.0040
vt 0.4960 0.0040
vt 0.4960 0.4960
vt 0.0040 0.4960
vt 0.5040 0.0040
vt 0.9960 0.0040
vt 0.9960 0.4960
vt 0.5040 0.4960
vt 0.0040 0.5040
vt 0.4960 0.5040
vt 0.4960 0.9960
vt 0.0040 0.9960
vt 0.0040 0.0040
vt 0.4960 0.0040
vt 0.4960 0.4960
vt 0.0040 0.4960
vt 0.0040 0.0040
vt 0.4960 0.0040
vt 0.4960 0.4960
vt 0.0040 0.4960
vt 0.5040 0.5040
vt 0.9960 0.5040
vt 0.9960 0.9960
vt 0.5040 0.9960
vt 0.5040 0.5040
vt 0.9960 0.5040
vt 0.9960 0.9960
vt 0.5040 0.9960
vt 0.5040 0.0040
vt 0.9960 0.0040
vt 0.9960 0.4960
vt 0.5040 0.4960
vt 0.0040 0.0040
vt 0.4960 0.0040
vt 0.4960 0.4960
vt 0.0040 0.4960
vt 0.0040 0.5040
vt 0.4960 0.5040
vt 0.4960 0.9960
vt 0.0040 0.9960
vt 0.5040 0.5040
vt 0.9960 0.5040
vt 0.9960 0.9960
vt 0.5040 0.9960
vt 0.5040 0.0040
vt 0.9960 0.0040
vt 0.9960 0.4960
vt 0.5040 0.4960
vt 0.5040 0.5040
vt 0.9960 0.5040
vt 0.9960 0.9960
vt 0.5040 0.9960
vt 0.0040 0.5040
vt 0.4960 0.5040
vt 0.4960 0.9960
vt 0.0040 0.9960
vt 0.0040 0.5040
vt 0.4960 0.5040
vt 0.4960 0.9960
vt 0.0040 0.9960
vt 0.5040 0.5040
vt 0.9960 0.5040
vt 0.9960 0.9960
vt 0.5040 0.9960
vt 0.0040 0.5040
vt 0.4960 0.5040
vt 0.4960 0.9960
vt 0.0040 0.9960
vt 0.0040 0.0040
vt 0.4960 0.0040
vt 0.4960 0.4960
vt 0.0040 0.4960
vt 0.0040 0.0040
vt 0.4960 0.0040
vt 0.4960 0.4960
vt 0.0040 0.4960
vt 0.5040 0.5040
vt 0.9960 0.5040
vt 0.9960 0.9960
vt 0.5040 0.9960
vt 0.0040 0.0040
vt 0.4960 0.0040
vt 0.4960 0.4960
vt 0.0040 0.4960
vt 0.0040 0.0040
vt 0.4960 0.0040
vt 0.4960 0.4960
vt 0.0040 0.4960
vt 0.0040 0.0040
vt 0.4960 0.0040
vt 0.4960 0.4960
vt 0.0040 0.4960
vt 0.5040 0.0040
vt 0.9960 0.0040
vt 0.9960 0.4960
vt 0.5040 0.4960
vt 0.5040 0.5040
vt 0.9960 0.5040
vt 0.9960 0.9960
vt 0.5040 0.9960
vt 0.0040 0.5040
vt 0.4960 0.5040
vt 0.4960 0.9960
vt 0.0040 0.9960
vt 0.5040 0.5040
vt 0.9960 0.5040
vt 0.9960 0.9960
vt 0.5040 0.9960
vt 0.0040 0.5040
vt 0.4960 0.5040
vt 0.4960 0.9960
vt 0.0040 0.9960
vt 0.5040 0.5040
vt 0.9960 0.5040
vt 0.9960 0.9960
vt 0.5040 0.9960
vt 0.5040 0.5040
vt 0.9960 0.5040
vt 0.9960 0.9960
vt 0.5040 0.9960
vt 0.0040 0.5040
vt 0.4960 0.5040
vt 0.4960 0.9960
vt 0.0040 0.9960
vt 0.0040 0.0040
vt 0.4960 0.0040
vt 0.4960 0.4960
vt 0.0040 0.4960
vt 0.0040 0.5040
vt 0.4960 0.5040
vt 0.4960 0.9960
vt 0.0040 0.9960
vt 0.0040 0.0040
vt 0.4960 0.0040
vt 0.4960 0.4960
vt 0.0040 0.4960
vt 0.0040 0.5040
vt 0.4960 0.5040
vt 0.4960 0.9960
vt 0.0040 0.9960
vt 0.5040 0.0040
vt 0.9960 0.0040
vt 0.9960 0.4960
vt 0.5040 0.4960
vt 0.0040 0.0040
vt 0.4960 0.0040
vt 0.4960 0.4960
vt 0.0040 0.4960
vt 0.5040 0.5040
vt 0.9960 0.5040
vt 0.9960 0.9960
vt 0.5040 0.9960
vt 0.0040 0.0040
vt 0.4960 0.0040
vt 0.4960 0.4960
vt 0.0040 0.4960
vt 0.5040 0.5040
vt 0.9960 0.5040
vt 0.9960 0.9960
vt 0.5040 0.9960
vt 0.0040 0.0040
vt 0.4960 0.0040
vt 0.4960 0.4960
vt 0.0040 0.4960
vt 0.0040 0.5040
vt 0.4960 0.5040
vt 0.4960 0.9960
vt 0.0040 0.9960
vt 0.0040 0.0040
vt 0.4960 0.0040
vt 0.4960 0.4960
vt 0.0040 0.4960
vt 0.5040 0.5040
vt 0.9960 0.5040
vt 0.9960 0.9960
vt 0.5040 0.9960
vt 0.0040 0.0040
vt 0.4960 0.0040
vt 0.4960 0.4960
vt 0.0040 0.4960
vt 0.0040 0.5040
vt 0.4960 0.5040
vt 0.4960 0.9960
vt 0.0040 0.9960
vt 0.0040 0.5040
vt 0.4960 0.5040
vt 0.4960 0.9960
vt 0.0040 0.9960
vt 0.5040 0.0040
vt 0.9960 0.0040
vt 0.9960 0.4960
vt 0.5040 0.4960
vt 0.5040 0.0040
vt 0.9960 0.0040
vt 0.9960 0.4960
vt 0.5040 0.4960
vt 0.0040 0.0040
vt 0.4960 0.0040
vt 0.4960 0.4960
vt 0.0040 0.4960
vt 0.0040 0.5040
vt 0.4960 0.5040
vt 0.4960 0.9960
vt 0.0040 0.9960
vt 0.0040 0.0040
vt 0.4960 0.0040
vt 0.4960 0.4960
vt 0.0040 0.4960
vt 0.5040 0.5040
vt 0.9960 0.5040
vt 0.9960 0.9960
vt 0.5040 0.9960
vt 0.5040 0.5040
vt 0.9960 0.5040
vt 0.9960 0.9960
vt 0.5040 0.9960
vt 0.0040 0.0040
vt 0.4960 0.0040
vt 0.4960 0.4960
vt 0.0040 0.4960
vt 0.5040 0.5040
vt 0.9960 0.5040
vt 0.9960 0.9960
vt 0.5040 0.9960
vt 0.0040 0.0040
vt 0.4960 0.0040
vt 0.4960 0.4960
vt 0.0040 0.4960
vt 0.5040 0.5040
vt 0.9960 0.5040
vt 0.9960 0.9960
vt 0.5040 0.9960
vt 0.0040 0.5040
vt 0.4960 0.5040
vt 0.4960 0.9960
vt 0.0040 0.9960
vt 0.5040 0.0040
vt 0.9960 0.0040
vt 0.9960 0.4960
vt 0.5040 0.4960
vt 0.0040 0.5040
vt 0.4960 0.5040
vt 0.4960 0.9960
vt 0.0040 0.9960
vt 0.0040 0.5040
vt 0.4960 0.5040
vt 0.4960 0.9960
vt 0.0040 0.9960
vt 0.5040 0.0040
vt 0.9960 0.0040
vt 0.9960 0.4960
vt 0.5040 0.4960
vt 0.0040 0.0040
vt 0.4960 0.0040
vt 0.4960 0.4960
vt 0.0040 0.4960
vt 0.5040 0.5040
vt 0.9960 0.5040
vt 0.9960 0.9960
vt 0.5040 0.9960
vt 0.5040 0.5040
vt 0.9960 0.5040
vt 0.9960 0.9960
vt 0.5040 0.9960
vt 0.0040 0.0040
vt 0.4960 0.0040
vt 0.4960 0.4960
vt 0.0040 0.4960
vt 0.0040 0.5040
vt 0.4960 0.5040
vt 0.4960 0.9960
vt 0.0040 0.9960
vt 0.0040 0.0040
vt 0.4960 0.0040
vt 0.4960 0.4960
vt 0.0040 0.4960
vt 0.5040 0.5040
vt 0.9960 0.5040
vt 0.9960 0.9960
vt 0.5040 0.9960
vt 0.0040 0.5040
vt 0.4960 0.5040
vt 0.4960 0.9960
vt 0.0040 0.9960
vt 0.0040 0.5040
vt 0.4960 0.5040
vt 0.4960 0.9960
vt 0.0040 0.9960
vt 0.0040 0.0040
vt 0.4960 0.0040
vt 0.4960 0.4960
vt 0.0040 0.4960
vt 0.5040 0.5040
vt 0.9960 0.5040
vt 0.9960 0.9960
vt 0.5040 0.9960
vt 0.0040 0.0040
vt 0.4960 0.0040
vt 0.4960 0.4960
vt 0.0040 0.4960
vt 0.0040 0.0040
vt 0.4960 0.0040
vt 0.4960 0.4960
vt 0.0040 0.4960
vt 0.5040 0.0040
vt 0.9960 0.0040
vt 0.9960 0.4960
vt 0.5040 0.4960
vt 0.5040 0.5040
vt 0.9960 0.5040
vt 0.9960 0.9960
vt 0.5040 0.9960
vt 0.0040 0.5040
vt 0.4960 0.5040
vt 0.4960 0.9960
vt 0.0040 0.9960
vt 0.0040 0.5040
vt 0.4960 0.5040
vt 0.4960 0.9960
vt 0.0040 0.9960
vt 0.0040 0.5040
vt 0.4960 0.5040
vt 0.4960 0.9960
vt 0.0040 0.9960
vt 0.5040 0.0040
vt 0.9960 0.0040
vt 0.9960 0.4960
vt 0.5040 0.4960
vt 0.0040 0.0040
vt 0.4960 0.0040
vt 0.4960 0.4960
vt 0.0040 0.4960
vt 0.0040 0.0040
vt 0.4960 0.0040
vt 0.4960 0.4960
vt 0.0040 0.4960
vt 0.0040 0.5040
vt 0.4960 0.5040
vt 0.4960 0.9960
vt 0.0040 0.9960
vt 0.0040 0.5040
vt 0.4960 0.5040
vt 0.4960 0.9960
vt 0.0040 0.9960
vt 0.5040 0.5040
vt 0.9960 0.5040
vt 0.9960 0.9960
vt 0.5040 0.9960
vt 0.5040 0.0040
vt 0.9960 0.0040
vt 0.9960 0.4960
vt 0.5040 0.4960
vt 0.5040 0.0040
vt 0.9960 0.0040
vt 0.9960 0.4960
vt 0.5040 0.4960
vt 0.5040 0.0040
vt 0.9960 0.0040
vt 0.9960 0.4960
vt 0.5040 0.4960
vt 0.5040 0.0040
vt 0.9960 0.0040
vt 0.9960 0.4960
vt 0.5040 0.4960
vt 0.0040 0.0040
vt 0.4960 0.0040
vt 0.4960 0.4960
vt 0.0040 0.4960
vt 0.0040 0.0040
vt 0.4960 0.0040
vt 0.4960 0.4960
vt 0.0040 0.4960
vt 0.5040 0.0040
vt 0.9960 0.0040
vt 0.9960 0.4960
vt 0.5040 0.4960
vt 0.0040 0.5040
vt 0.4960 0.5040
vt 0.4960 0.9960
vt 0.0040 0.9960
vt 0.0040 0.5040
vt 0.4960 0.5040
vt 0.4960 0.9960
vt 0.0040 0.9960
vt 0.5040 0.5040
vt 0.9960 0.5040
vt 0.9960 0.9960
vt 0.5040 0.9960
vt 0.0040 0.0040
vt 0.4960 0.0040
vt 0.4960 0.4960
vt 0.0040 0.4960
vt 0.5040 0.5040
vt 0.9960 0.5040
vt 0.9960 0.9960
vt 0.5040 0.9960
vt 0.0040 0.5040
vt 0.4960 0.5040
vt 0.4960 0.9960
vt 0.0040 0.9960
vt 0.0040 0.0040
vt 0.4960 0.0040
vt 0.4960 0.4960
vt 0.0040 0.4960
vt 0.0040 0.5040
vt 0.4960 0.5040
vt 0.4960 0.9960
vt 0.0040 0.9960
vt 0.0040 0.5040
vt 0.4960 0.5040
vt 0.4960 0.9960
vt 0.0040 0.9960
vt 0.0040 0.0040
vt 0.4960 0.0040
vt 0.4960 0.4960
vt 0.0040 0.4960
vt 0.5040 0.5040
vt 0.9960 0.5040
vt 0.9960 0.9960
vt 0.5040 0.9960
vt 0.0040 0.0040
vt 0.4960 0.0040
vt 0.4960 0.4960
vt 0.0040 0.4960
vt 0.5040 0.0040
vt 0.9960 0.0040
vt 0.9960 0.4960
vt 0.5040 0.4960
vt 0.5040 0.0040
vt 0.9960 0.0040
vt 0.9960 0.4960
vt 0.5040 0.4960
vt 0.0040 0.5040
vt 0.4960 0.5040
vt 0.4960 0.9960
vt 0.0040 0.9960
vt 0.5040 0.5040
vt 0.9960 0.5040
vt 0.9960 0.9960
vt 0.5040 0.9960
vt 0.5040 0.0040
vt 0.9960 0.0040
vt 0.9960 0.4960
vt 0.5040 0.4960
vt 0.5040 0.0040
vt 0.9960 0.0040
vt 0.9960 0.4960
vt 0.5040 0.4960
vt 0.5040 0.5040
vt 0.9960 0.5040
vt 0.9960 0.9960
vt 0.5040 0.9960
vt 0.0040 0.0040
vt 0.4960 0.0040
vt 0.4960 0.4960
vt 0.0040 0.4960
vt 0.5040 0.0040
vt 0.9960 0.0040
vt 0.9960 0.4960
vt 0.5040 0.4960
vt 0.0040 0.5040
vt 0.4960 0.5040
vt 0.4960 0.9960
vt 0.0040 0.9960
vt 0.0040 0.5040
vt 0.4960 0.5040
vt 0.4960 0.9960
vt 0.0040 0.9960
vt 0.0040 0.5040
vt 0.4960 0.5040
vt 0.4960 0.9960
vt 0.0040 0.9960
vt 0.0040 0.5040
vt 0.4960 0.5040
vt 0.4960 0.9960
vt 0.0040 0.9960
vt 0.5040 0.5040
vt 0.9960 0.5040
vt 0.9960 0.9960
vt 0.5040 0.9960
vt 0.5040 0.0040
vt 0.9960 0.0040
vt 0.9960 0.4960
vt 0.5040 0.4960
vt 0.5040 0.0040
vt 0.9960 0.0040
vt 0.9960 0.4960
vt 0.5040 0.4960
vt 0.5040 0.0040
vt 0.9960 0.0040
vt 0.9960 0.4960
vt 0.5040 0.4960
vt 0.0040 0.0040
vt 0.4960 0.0040
vt 0.4960 0.4960
vt 0.0040 0.4960
vt 0.0040 0.5040
vt 0.4960 0.5040
vt 0.4960 0.9960
vt 0.0040 0.9960
vt 0.0040 0.5040
vt 0.4960 0.5040
vt 0.4960 0.9960
vt 0.0040 0.9960
vt 0.0040 0.0040
vt 0.4960 0.0040
vt 0.4960 0.4960
vt 0.0040 0.4960
vt 0.0040 0.5040
vt 0.4960 0.5040
vt 0.4960 0.9960
vt 0.0040 0.9960
vt 0.5040 0.0040
vt 0.9960 0.0040
vt 0.9960 0.4960
vt 0.5040 0.4960
vt 0.0040 0.0040
vt 0.4960 0.0040
vt 0.4960 0.4960
vt 0.0040 0.4960
vt 0.5040 0.5040
vt 0.9960 0.5040
vt 0.9960 0.9960
vt 0.5040 0.9960
vt 0.0040 0.0040
vt 0.4960 0.0040
vt 0.4960 0.4960
vt 0.0040 0.4960
vt 0.5040 0.5040
vt 0.9960 0.5040
vt 0.9960 0.9960
vt 0.5040 0.9960
vt 0.0040 0.0040
vt 0.4960 0.0040
vt 0.4960 0.4960
vt 0.0040 0.4960
vt 0.5040 0.5040
vt 0.9960 0.5040
vt 0.9960 0.9960
vt 0.5040 0.9960
vt 0.5040 0.5040
vt 0.9960 0.5040
vt 0.9960 0.9960
vt 0.5040 0.9960
vt 0.0040 0.0040
vt 0.4960 0.0040
vt 0.4960 0.4960
vt 0.0040 0.4960
vt 0.0040 0.0040
vt 0.4960 0.0040
vt 0.4960 0.4960
vt 0.0040 0.4960
vt 0.0040 0.0040
vt 0.4960 0.0040
vt 0.4960 0.4960
vt 0.0040 0.4960
vt 0.0040 0.5040
vt 0.4960 0.5040
vt 0.4960 0.9960
vt 0.0040 0.9960
vt 0.0040 0.0040
vt 0.4960 0.0040
vt 0.4960 0.4960
vt 0.0040 0.4960
vt 0.0040 0.5040
vt 0.4960 0.5040
vt 0.4960 0.9960
vt 0.0040 0.9960
vt 0.0040 0.0040
vt 0.4960 0.0040
vt 0.4960 0.4960
vt 0.0040 0.4960
vt 0.5040 0.0040
vt 0.9960 0.0040
vt 0.9960 0.4960
vt 0.5040 0.4960
vt 0.5040 0.0040
vt 0.9960 0.0040
vt 0.9960 0.4960
vt 0.5040 0.4960
vt 0.5040 0.0040
vt 0.9960 0.0040
vt 0.9960 0.4960
vt 0.5040 0.4960
vt 0.0040 0.5040
vt 0.4960 0.5040
vt 0.4960 0.9960
vt 0.0040 0.9960
vt 0.0040 0.0040
vt 0.4960 0.0040
vt 0.4960 0.4960
vt 0.0040 0.4960
vt 0.5040 0.5040
vt 0.9960 0.5040
vt 0.9960 0.9960
vt 0.5040 0.9960
vt 0.5040 0.0040
vt 0.9960 0.0040
vt 0.9960 0.4960
vt 0.5040 0.4960
vt 0.0040 0.0040
vt 0.4960 0.0040
vt 0.4960 0.4960
vt 0.0040 0.4960
vt 0.5040 0.5040
vt 0.9960 0.5040
vt 0.9960 0.9960
vt 0.5040 0.9960
vt 0.5040 0.5040
vt 0.9960 0.5040
vt 0.9960 0.9960
vt 0.5040 0.9960
vt 0.5040 0.0040
vt 0.9960 0.0040
vt 0.9960 0.4960
vt 0.5040 0.4960
vt 0.0040 0.0040
vt 0.4960 0.0040
vt 0.4960 0.4960
vt 0.0040 0.4960
vt 0.5040 0.0040
vt 0.9960 0.0040
vt 0.9960 0.4960
vt 0.5040 0.4960
vt 0.0040 0.0040
vt 0.4960 0.0040
vt 0.4960 0.4960
vt 0.0040 0.4960
vt 0.0040 0.5040
vt 0.4960 0.5040
vt 0.4960 0.9960
vt 0.0040 0.9960
vt 0.5040 0.5040
vt 0.9960 0.5040
vt 0.9960 0.9960
vt 0.5040 0.9960
vt 0.0040 0.5040
vt 0.4960 0.5040
vt 0.4960 0.9960
vt 0.0040 0.9960
vt 0.5040 0.0040
vt 0.9960 0.0040
vt 0.9960 0.4960
vt 0.5040 0.4960
vt 0.5040 0.5040
vt 0.9960 0.5040
vt 0.9960 0.9960
vt 0.5040 0.9960
vt 0.0040 0.0040
vt 0.4960 0.0040
vt 0.4960 0.4960
vt 0.0040 0.4960
vt 0.0040 0.0040
vt 0.4960 0.0040
vt 0.4960 0.4960
vt 0.0040 0.4960
vt 0.0040 0.5040
vt 0.4960 0.5040
vt 0.4960 0.9960
vt 0.0040 0.9960
vt 0.0040 0.5040
vt 0.4960 0.5040
vt 0.4960 0.9960
vt 0.0040 0.9960
vt 0.0040 0.0040
vt 0.4960 0.0040
vt 0.4960 0.4960
vt 0.0040 0.4960
vt 0.5040 0.5040
vt 0.9960 0.5040
vt 0.9960 0.9960
vt 0.5040 0.9960
vt 0.0040 0.0040
vt 0.4960 0.0040
vt 0.4960 0.4960
vt 0.0040 0.4960
vt 0.5040 0.0040
vt 0.9960 0.0040
vt 0.9960 0.4960
vt 0.5040 0.4960
vt 0.0040 0.0040
vt 0.4960 0.0040
vt 0.4960 0.4960
vt 0.0040 0.4960
vt 0.0040 0.5040
vt 0.4960 0.5040
vt 0.4960 0.9960
vt 0.0040 0.9960
vt 0.0040 0.5040
vt 0.4960 0.5040
vt 0.4960 0.9960
vt 0.0040 0.9960
vt 0.0040 0.5040
vt 0.4960 0.5040
vt 0.4960 0.9960
vt 0.0040 0.9960
vt 0.5040 0.0040
vt 0.9960 0.0040
vt 0.9960 0.4960
vt 0.5040 0.4960
vt 0.5040 0.5040
vt 0.9960 0.5040
vt 0.9960 0.9960
vt 0.5040 0.9960
vt 0.5040 0.0040
vt 0.9960 0.0040
vt 0.9960 0.4960
vt 0.5040 0.4960
vt 0.0040 0.5040
vt 0.4960 0.5040
vt 0.4960 0.9960
vt 0.0040 0.9960
vt 0.5040 0.5040
vt 0.9960 0.5040
vt 0.9960 0.9960
vt 0.5040 0.9960
vt 0.0040 0.5040
vt 0.4960 0.5040
vt 0.4960 0.9960
vt 0.0040 0.9960
vt 0.5040 0.0040
vt 0.9960 0.0040
vt 0.9960 0.4960
vt 0.5040 0.4960
vt 0.5040 0.5040
vt 0.9960 0.5040
vt 0.9960 0.9960
vt 0.5040 0.9960
vt 0.5040 0.0040
vt 0.9960 0.0040
vt 0.9960 0.4960
vt 0.5040 0.4960
vt 0.0040 0.5040
vt 0.4960 0.5040
vt 0.4960 0.9960
vt 0.0040 0.9960
vt 0.5040 0.5040
vt 0.9960 0.5040
vt 0.9960 0.9960
vt 0.5040 0.9960
vt 0.5040 0.5040
vt 0.9960 0.5040
vt 0.9960 0.9960
vt 0.5040 0.9960
vt 0.5040 0.5040
vt 0.9960 0.5040
vt 0.9960 0.9960
vt 0.5040 0.9960
vt 0.0040 0.0040
vt 0.4960 0.0040
vt 0.4960 0.4960
vt 0.0040 0.4960
vt 0.5040 0.5040
vt 0.9960 0.5040
vt 0.9960 0.9960
vt 0.5040 0.9960
vt 0.0040 0.5040
vt 0.4960 0.5040
vt 0.4960 0.9960
vt 0.0040 0.9960
vt 0.0040 0.0040
vt 0.4960 0.0040
vt 0.4960 0.4960
vt 0.0040 0.4960
vt 0.5040 0.0040
vt 0.9960 0.0040
vt 0.9960 0.4960
vt 0.5040 0.4960
vt 0.0040 0.0040
vt 0.4960 0.0040
vt 0.4960 0.4960
vt 0.0040 0.4960
vt 0.5040 0.5040
vt 0.9960 0.5040
vt 0.9960 0.9960
vt 0.5040 0.9960
vt 0.0040 0.0040
vt 0.4960 0.0040
vt 0.4960 0.4960
vt 0.0040 0.4960
vt 0.0040 0.5040
vt 0.4960 0.5040
vt 0.4960 0.9960
vt 0.0040 0.9960
vt 0.5040 0.5040
vt 0.9960 0.5040
vt 0.9960 0.9960
vt 0.5040 0.9960
vt 0.0040 0.5040
vt 0.4960 0.5040
vt 0.4960 0.9960
vt 0.0040 0.9960
vt 0.5040 0.5040
vt 0.9960 0.5040
vt 0.9960 0.9960
vt 0.5040 0.9960
vt 0.0040 0.5040
vt 0.4960 0.5040
vt 0.4960 0.9960
vt 0.0040 0.9960
vt 0.0040 0.5040
vt 0.4960 0.5040
vt 0.4960 0.9960
vt 0.0040 0.9960
vt 0.0040 0.5040
vt 0.4960 0.5040
vt 0.4960 0.9960
vt 0.0040 0.9960
vt 0.0040 0.5040
vt 0.4960 0.5040
vt 0.4960 0.9960
vt 0.0040 0.9960
vt 0.5040 0.5040
vt 0.9960 0.5040
vt 0.9960 0.9960
vt 0.5040 0.9960
vt 0.0040 0.0040
vt 0.4960 0.0040
vt 0.4960 0.4960
vt 0.0040 0.4960
vt 0.0040 0.0040
vt 0.4960 0.0040
vt 0.4960 0.4960
vt 0.0040 0.4960
vt 0.0040 0.0040
vt 0.4960 0.0040
vt 0.4960 0.4960
vt 0.0040 0.4960
vt 0.0040 0.5040
vt 0.4960 0.5040
vt 0.4960 0.9960
vt 0.0040 0.9960
vt 0.0040 0.0040
vt 0.4960 0.0040
vt 0.4960 0.4960
vt 0.0040 0.4960
vt 0.5040 0.0040
vt 0.9960 0.0040
vt 0.9960 0.4960
vt 0.5040 0.4960
vt 0.5040 0.0040
vt 0.9960 0.0040
vt 0.9960 0.4960
vt 0.5040 0.4960
vt 0.0040 0.0040
vt 0.4960 0.0040
vt 0.4960 0.4960
vt 0.0040 0.4960
vt 0.5040 0.5040
vt 0.9960 0.5040
vt 0.9960 0.9960
vt 0.5040 0.9960
vt 0.5040 0.0040
vt 0.9960 0.0040
vt 0.9960 0.4960
vt 0.5040 0.4960
vt 0.5040 0.0040
vt 0.9960 0.0040
vt 0.9960 0.4960
vt 0.5040 0.4960
vt 0.5040 0.0040
vt 0.9960 0.0040
vt 0.9960 0.4960
vt 0.5040 0.4960
vt 0.0040 0.0040
vt 0.4960 0.0040
vt 0.4960 0.4960
vt 0.0040 0.4960
vt 0.0040 0.0040
vt 0.4960 0.0040
vt 0.4960 0.4960
vt 0.0040 0.4960
vt 0.5040 0.5040
vt 0.9960 0.5040
vt 0.9960 0.9960
vt 0.5040 0.9960
vt 0.0040 0.5040
vt 0.4960 0.5040
vt 0.4960 0.9960
vt 0.0040 0.9960
vt 0.0040 0.0040
vt 0.4960 0.0040
vt 0.4960 0.4960
vt 0.0040 0.4960
vt 0.5040 0.0040
vt 0.9960 0.0040
vt 0.9960 0.4960
vt 0.5040 0.4960
vt 0.0040 0.5040
vt 0.4960 0.5040
vt 0.4960 0.9960
vt 0.0040 0.9960
vt 0.5040 0.0040
vt 0.9960 0.0040
vt 0.9960 0.4960
vt 0.5040 0.4960
vt 0.0040 0.5040
vt 0.4960 0.5040
vt 0.4960 0.9960
vt 0.0040 0.9960
vt 0.0040 0.5040
vt 0.4960 0.5040
vt 0.4960 0.9960
vt 0.0040 0.9960
vt 0.5040 0.5040
vt 0.9960 0.5040
vt 0.9960 0.9960
vt 0.5040 0.9960
vt 0.5040 0.0040
vt 0.9960 0.0040
vt 0.9960 0.4960
vt 0.5040 0.4960
vt 0.0040 0.0040
vt 0.4960 0.0040
vt 0.4960 0.4960
vt 0.0040 0.4960
vt 0.0040 0.0040
vt 0.4960 0.0040
vt 0.4960 0.4960
vt 0.0040 0.4960
vt 0.5040 0.5040
vt 0.9960 0.5040
vt 0.9960 0.9960
vt 0.5040 0.9960
vt 0.0040 0.5040
vt 0.4960 0.5040
vt 0.4960 0.9960
vt 0.0040 0.9960
vt 0.0040 0.0040
vt 0.4960 0.0040
vt 0.4960 0.4960
vt 0.0040 0.4960
vt 0.0040 0.5040
vt 0.4960 0.5040
vt 0.4960 0.9960
vt 0.0040 0.9960
vt 0.0040 0.0040
vt 0.4960 0.0040
vt 0.4960 0.4960
vt 0.0040 0.4960
vt 0.5040 0.0040
vt 0.9960 0.0040
vt 0.9960 0.4960
vt 0.5040 0.4960
vt 0.0040 0.0040
vt 0.4960 0.0040
vt 0.4960 0.4960
vt 0.0040 0.4960
vt 0.0040 0.0040
vt 0.4960 0.0040
vt 0.4960 0.4960
vt 0.0040 0.4960
vt 0.0040 0.0040
vt 0.4960 0.0040
vt 0.4960 0.4960
vt 0.0040 0.4960
vt 0.5040 0.5040
vt 0.9960 0.5040
vt 0.9960 0.9960
vt 0.5040 0.9960
vt 0.0040 0.5040
vt 0.4960 0.5040
vt 0.4960 0.9960
vt 0.0040 0.9960
vt 0.5040 0.0040
vt 0.9960 0.0040
vt 0.9960 0.4960
vt 0.5040 0.4960
vt 0.0040 0.5040
vt 0.4960 0.5040
vt 0.4960 0.9960
vt 0.0040 0.9960
vt 0.0040 0.5040
vt 0.4960 0.5040
vt 0.4960 0.9960
vt 0.0040 0.9960
vt 0.0040 0.5040
vt 0.4960 0.5040
vt 0.4960 0.9960
vt 0.0040 0.9960
vt 0.5040 0.5040
vt 0.9960 0.5040
vt 0.9960 0.9960
vt 0.5040 0.9960
vt 0.0040 0.5040
vt 0.4960 0.5040
vt 0.4960 0.9960
vt 0.0040 0.9960
vt 0.0040 0.0040
vt 0.4960 0.0040
vt 0.4960 0.4960
vt 0.0040 0.4960
vt 0.0040 0.5040
vt 0.4960 0.5040
vt 0.4960 0.9960
vt 0.0040 0.9960
vt 0.5040 0.5040
vt 0.9960 0.5040
vt 0.9960 0.9960
vt 0.5040 0.9960
vt 0.0040 0.0040
vt 0.4960 0.0040
vt 0.4960 0.4960
vt 0.0040 0.4960
vt 0.5040 0.5040
vt 0.9960 0.5040
vt 0.9960 0.9960
vt 0.5040 0.9960
vt 0.0040 0.0040
vt 0.4960 0.0040
vt 0.4960 0.4960
vt 0.0040 0.4960
vt 0.5040 0.0040
vt 0.9960 0.0040
vt 0.9960 0.4960
vt 0.5040 0.4960
vt 0.0040 0.0040
vt 0.4960 0.0040
vt 0.4960 0.4960
vt 0.0040 0.4960
vt 0.5040 0.0040
vt 0.9960 0.0040
vt 0.9960 0.4960
vt 0.5040 0.4960
vt 0.5040 0.0040
vt 0.9960 0.0040
vt 0.9960 0.4960
vt 0.5040 0.4960
vt 0.5040 0.0040
vt 0.9960 0.0040
vt 0.9960 0.4960
vt 0.5040 0.4960
vt 0.5040 0.0040
vt 0.9960 0.0040
vt 0.9960 0.4960
vt 0.5040 0.4960
vt 0.5040 0.0040
vt 0.9960 0.0040
vt 0.9960 0.4960
vt 0.5040 0.4960
vt 0.0040 0.5040
vt 0.4960 0.5040
vt 0.4960 0.9960
vt 0.0040 0.9960
vt 0.0040 0.5040
vt 0.4960 0.5040
vt 0.4960 0.9960
vt 0.0040 0.9960
vt 0.0040 0.0040
vt 0.4960 0.0040
vt 0.4960 0.4960
vt 0.0040 0.4960
vt 0.5040 0.0040
vt 0.9960 0.0040
vt 0.9960 0.4960
vt 0.5040 0.4960
vt 0.0040 0.5040
vt 0.4960 0.5040
vt 0.4960 0.9960
vt 0.0040 0.9960
vt 0.5040 0.0040
vt 0.9960 0.0040
vt 0.9960 0.4960
vt 0.5040 0.4960
vt 0.5040 0.0040
vt 0.9960 0.0040
vt 0.9960 0.4960
vt 0.5040 0.4960
vt 0.5040 0.5040
vt 0.9960 0.5040
vt 0.9960 0.9960
vt 0.5040 0.9960
vt 0.5040 0.5040
vt 0.9960 0.5040
vt 0.9960 0.9960
vt 0.5040 0.9960
vt 0.5040 0.0040
vt 0.9960 0.0040
vt 0.9960 0.4960
vt 0.5040 0.4960
vt 0.5040 0.0040
vt 0.9960 0.0040
vt 0.9960 0.4960
vt 0.5040 0.4960
vt 0.5040 0.5040
vt 0.9960 0.5040
vt 0.9960 0.9960
vt 0.5040 0.9960
vt 0.5040 0.5040
vt 0.9960 0.5040
vt 0.9960 0.9960
vt 0.5040 0.9960
vt 0.5040 0.0040
vt 0.9960 0.0040
vt 0.9960 0.4960
vt 0.5040 0.4960
vt 0.5040 0.5040
vt 0.9960 0.5040
vt 0.9960 0.9960
vt 0.5040 0.9960
vt 0.5040 0.5040
vt 0.9960 0.5040
vt 0.9960 0.9960
vt 0.5040 0.9960
vt 0.5040 0.5040
vt 0.9960 0.5040
vt 0.9960 0.9960
vt 0.5040 0.9960
vt 0.0040 0.5040
vt 0.4960 0.5040
vt 0.4960 0.9960
vt 0.0040 0.9960
vt 0.5040 0.0040
vt 0.9960 0.0040
vt 0.9960 0.4960
vt 0.5040 0.4960
vt 0.5040 0.5040
vt 0.9960 0.5040
vt 0.9960 0.9960
vt 0.5040 0.9960
vt 0.5040 0.0040
vt 0.9960 0.0040
vt 0.9960 0.4960
vt 0.5040 0.4960
vt 0.0040 0.5040
vt 0.4960 0.5040
vt 0.4960 0.9960
vt 0.0040 0.9960
vt 0.5040 0.5040
vt 0.9960 0.5040
vt 0.9960 0.9960
vt 0.5040 0.9960
vt 0.5040 0.5040
vt 0.9960 0.5040
vt 0.9960 0.9960
vt 0.5040 0.9960
vt 0.0040 0.0040
vt 0.4960 0.0040
vt 0.4960 0.4960
vt 0.0040 0.4960
vt 0.5040 0.5040
vt 0.9960 0.5040
vt 0.9960 0.9960
vt 0.5040 0.9960
vt 0.0040 0.0040
vt 0.4960 0.0040
vt 0.4960 0.4960
vt 0.0040 0.4960
vt 0.0040 0.0040
vt 0.4960 0.0040
vt 0.4960 0.4960
vt 0.0040 0.4960
vt 0.5040 0.0040
vt 0.9960 0.0040
vt 0.9960 0.4960
vt 0.5040 0.4960
vt 0.0040 0.0040
vt 0.4960 0.0040
vt 0.4960 0.4960
vt 0.0040 0.4960
vt 0.5040 0.0040
vt 0.9960 0.0040
vt 0.9960 0.4960
vt 0.5040 0.4960
vt 0.0040 0.5040
vt 0.4960 0.5040
vt 0.4960 0.9960
vt 0.0040 0.9960
vt 0.0040 0.5040
vt 0.4960 0.5040
vt 0.4960 0.9960
vt 0.0040 0.9960
vt 0.5040 0.5040
vt 0.9960 0.5040
vt 0.9960 0.9960
vt 0.5040 0.9960
vt 0.0040 0.5040
vt 0.4960 0.5040
vt 0.4960 0.9960
vt 0.0040 0.9960
vt 0.5040 0.0040
vt 0.9960 0.0040
vt 0.9960 0.4960
vt 0.5040 0.4960
vt 0.5040 0.5040
vt 0.9960 0.5040
vt 0.9960 0.9960
vt 0.5040 0.9960
vt 0.5040 0.0040
vt 0.9960 0.0040
vt 0.9960 0.4960
vt 0.5040 0.4960
vt 0.0040 0.5040
vt 0.4960 0.5040
vt 0.4960 0.9960
vt 0.0040 0.9960
vt 0.5040 0.0040
vt 0.9960 0.0040
vt 0.9960 0.4960
vt 0.5040 0.4960
vt 0.0040 0.5040
vt 0.4960 0.5040
vt 0.4960 0.9960
vt 0.0040 0.9960
vt 0.0040 0.5040
vt 0.4960 0.5040
vt 0.4960 0.9960
vt 0.0040 0.9960
vt 0.5040 0.5040
vt 0.9960 0.5040
vt 0.9960 0.9960
vt 0.5040 0.9960
vt 0.5040 0.0040
vt 0.9960 0.0040
vt 0.9960 0.4960
vt 0.5040 0.4960
vt 0.0040 0.0040
vt 0.4960 0.0040
vt 0.4960 0.4960
vt 0.0040 0.4960
vt 0.5040 0.0040
vt 0.9960 0.0040
vt 0.9960 0.4960
vt 0.5040 0.4960
vt 0.5040 0.5040
vt 0.9960 0.5040
vt 0.9960 0.9960
vt 0.5040 0.9960
vt 0.0040 0.0040
vt 0.4960 0.0040
vt 0.4960 0.4960
vt 0.0040 0.4960
vt 0.5040 0.0040
vt 0.9960 0.0040
vt 0.9960 0.4960
vt 0.5040 0.4960
vt 0.5040 0.0040
vt 0.9960 0.0040
vt 0.9960 0.4960
vt 0.5040 0.4960
vt 0.5040 0.5040
vt 0.9960 0.5040
vt 0.9960 0.9960
vt 0.5040 0.9960
vt 0.0040 0.5040
vt 0.4960 0.5040
vt 0.4960 0.9960
vt 0.0040 0.9960
vt 0.5040 0.5040
vt 0.9960 0.5040
vt 0.9960 0.9960
vt 0.5040 0.9960
vt 0.5040 0.5040
vt 0.9960 0.5040
vt 0.9960 0.9960
vt 0.5040 0.9960
vt 0.5040 0.5040
vt 0.9960 0.5040
vt 0.9960 0.9960
vt 0.5040 0.9960
vt 0.0040 0.0040
vt 0.4960 0.0040
vt 0.4960 0.4960
vt 0.0040 0.4960
vt 0.0040 0.0040
vt 0.4960 0.0040
vt 0.4960 0.4960
vt 0.0040 0.4960
vt 0.5040 0.5040
vt 0.9960 0.5040
vt 0.9960 0.9960
vt 0.5040 0.9960
vt 0.5040 0.5040
vt 0.9960 0.5040
vt 0.9960 0.9960
vt 0.5040 0.9960
vt 0.0040 0.5040
vt 0.4960 0.5040
vt 0.4960 0.9960
vt 0.0040 0.9960
vt 0.0040 0.5040
vt 0.4960 0.5040
vt 0.4960 0.9960
vt 0.0040 0.9960
vt 0.0040 0.5040
vt 0.4960 0.5040
vt 0.4960 0.9960
vt 0.0040 0.9960
vt 0.0040 0.5040
vt 0.4960 0.5040
vt 0.4960 0.9960
vt 0.0040 0.9960
vt 0.0040 0.5040
vt 0.4960 0.5040
vt 0.4960 0.9960
vt 0.0040 0.9960
vt 0.0040 0.0040
vt 0.4960 0.0040
vt 0.4960 0.4960
vt 0.0040 0.4960
vt 0.0040 0.5040
vt 0.4960 0.5040
vt 0.4960 0.9960
vt 0.0040 0.9960
vt 0.5040 0.0040
vt 0.9960 0.0040
vt 0.9960 0.4960
vt 0.5040 0.4960
vt 0.5040 0.0040
vt 0.9960 0.0040
vt 0.9960 0.4960
vt 0.5040 0.4960
vt 0.5040 0.0040
vt 0.9960 0.0040
vt 0.9960 0.4960
vt 0.5040 0.4960
vt 0.0040 0.0040
vt 0.4960 0.0040
vt 0.4960 0.4960
vt 0.0040 0.4960
vt 0.5040 0.0040
vt 0.9960 0.0040
vt 0.9960 0.4960
vt 0.5040 0.4960
vt 0.5040 0.0040
vt 0.9960 0.0040
vt 0.9960 0.4960
vt 0.5040 0.4960
vt 0.0040 0.0040
vt 0.4960 0.0040
vt 0.4960 0.4960
vt 0.0040 0.4960
vt 0.5040 0.0040
vt 0.9960 0.0040
vt 0.9960 0.4960
vt 0.5040 0.4960
vt 0.0040 0.5040
vt 0.4960 0.5040
vt 0.4960 0.9960
vt 0.0040 0.9960
vt 0.5040 0.5040
vt 0.9960 0.5040
vt 0.9960 0.9960
vt 0.5040 0.9960
vt 0.5040 0.0040
vt 0.9960 0.0040
vt 0.9960 0.4960
vt 0.5040 0.4960
vt 0.0040 0.0040
vt 0.4960 0.0040
vt 0.4960 0.4960
vt 0.0040 0.4960
vt 0.0040 0.0040
vt 0.4960 0.0040
vt 0.4960 0.4960
vt 0.0040 0.4960
vt 0.5040 0.5040
vt 0.9960 0.5040
vt 0.9960 0.9960
vt 0.5040 0.9960
vt 0.5040 0.5040
vt 0.9960 0.5040
vt 0.9960 0.9960
vt 0.5040 0.9960
vt 0.5040 0.5040
vt 0.9960 0.5040
vt 0.9960 0.9960
vt 0.5040 0.9960
vt 0.5040 0.0040
vt 0.9960 0.0040
vt 0.9960 0.4960
vt 0.5040 0.4960
vt 0.5040 0.5040
vt 0.9960 0.5040
vt 0.9960 0.9960
vt 0.5040 0.9960
vt 0.5040 0.0040
vt 0.9960 0.0040
vt 0.9960 0.4960
vt 0.5040 0.4960
vt 0.5040 0.0040
vt 0.9960 0.0040
vt 0.9960 0.4960
vt 0.5040 0.4960
vt 0.0040 0.0040
vt 0.4960 0.0040
vt 0.4960 0.4960
vt 0.0040 0.4960
vt 0.0040 0.0040
vt 0.4960 0.0040
vt 0.4960 0.4960
vt 0.0040 0.4960
vt 0.0040 0.0040
vt 0.4960 0.0040
vt 0.4960 0.4960
vt 0.0040 0.4960
vt 0.5040 0.5040
vt 0.9960 0.5040
vt 0.9960 0.9960
vt 0.5040 0.9960
vt 0.5040 0.0040
vt 0.9960 0.0040
vt 0.9960 0.4960
vt 0.5040 0.4960
vt 0.5040 0.0040
vt 0.9960 0.0040
vt 0.9960 0.4960
vt 0.5040 0.4960
vt 0.5040 0.0040
vt 0.9960 0.0040
vt 0.9960 0.4960
vt 0.5040 0.4960
vt 0.0040 0.5040
vt 0.4960 0.5040
vt 0.4960 0.9960
vt 0.0040 0.9960
vt 0.5040 0.5040
vt 0.9960 0.5040
vt 0.9960 0.9960
vt 0.5040 0.9960
vt 0.5040 0.5040
vt 0.9960 0.5040
vt 0.9960 0.9960
vt 0.5040 0.9960
vt 0.0040 0.5040
vt 0.4960 0.5040
vt 0.4960 0.9960
vt 0.0040 0.9960
vt 0.0040 0.5040
vt 0.4960 0.5040
vt 0.4960 0.9960
vt 0.0040 0.9960
vt 0.5040 0.0040
vt 0.9960 0.0040
vt 0.9960 0.4960
vt 0.5040 0.4960
vt 0.0040 0.5040
vt 0.4960 0.5040
vt 0.4960 0.9960
vt 0.0040 0.9960
vt 0.5040 0.5040
vt 0.9960 0.5040
vt 0.9960 0.9960
vt 0.5040 0.9960
vt 0.5040 0.0040
vt 0.9960 0.0040
vt 0.9960 0.4960
vt 0.5040 0.4960
vt 0.5040 0.5040
vt 0.9960 0.5040
vt 0.9960 0.9960
vt 0.5040 0.9960
vt 0.5040 0.0040
vt 0.9960 0.0040
vt 0.9960 0.4960
vt 0.5040 0.4960
vt 0.5040 0.0040
vt 0.9960 0.0040
vt 0.9960 0.4960
vt 0.5040 0.4960
vt 0.5040 0.0040
vt 0.9960 0.0040
vt 0.9960 0.4960
vt 0.5040 0.4960
vt 0.5040 0.0040
vt 0.9960 0.0040
vt 0.9960 0.4960
vt 0.5040 0.4960
vt 0.0040 0.0040
vt 0.4960 0.0040
vt 0.4960 0.4960
vt 0.0040 0.4960
vt 0.5040 0.5040
vt 0.9960 0.5040
vt 0.9960 0.9960
vt 0.5040 0.9960
vt 0.5040 0.0040
vt 0.9960 0.0040
vt 0.9960 0.4960
vt 0.5040 0.4960
vt 0.0040 0.0040
vt 0.4960 0.0040
vt 0.4960 0.4960
vt 0.0040 0.4960
vt 0.5040 0.5040
vt 0.9960 0.5040
vt 0.9960 0.9960
vt 0.5040 0.9960
vt 0.5040 0.0040
vt 0.9960 0.0040
vt 0.9960 0.4960
vt 0.5040 0.4960
vt 0.5040 0.5040
vt 0.9960 0.5040
vt 0.9960 0.9960
vt 0.5040 0.9960
vt 0.5040 0.5040
vt 0.9960 0.5040
vt 0.9960 0.9960
vt 0.5040 0.9960
vt 0.5040 0.5040
vt 0.9960 0.5040
vt 0.9960 0.9960
vt 0.5040 0.9960
vt 0.5040 0.5040
vt 0.9960 0.5040
vt 0.9960 0.9960
vt 0.5040 0.9960
vt 0.5040 0.5040
vt 0.9960 0.5040
vt 0.9960 0.9960
vt 0.5040 0.9960
vt 0.0040 0.0040
vt 0.4960 0.0040
vt 0.4960 0.4960
vt 0.0040 0.4960
vt 0.5040 0.0040
vt 0.9960 0.0040
vt 0.9960 0.4960
vt 0.5040 0.4960
vt 0.0040 0.0040
vt 0.4960 0.0040
vt 0.4960 0.4960
vt 0.0040 0.4960
vt 0.0040 0.0040
vt 0.4960 0.0040
vt 0.4960 0.4960
vt 0.0040 0.4960
vt 0.0040 0.5040
vt 0.4960 0.5040
vt 0.4960 0.9960
vt 0.0040 0.9960
vt 0.0040 0.0040
vt 0.4960 0.0040
vt 0.4960 0.4960
vt 0.0040 0.4960
vt 0.0040 0.0040
vt 0.4960 0.0040
vt 0.4960 0.4960
vt 0.0040 0.4960
vt 0.5040 0.0040
vt 0.9960 0.0040
vt 0.9960 0.4960
vt 0.5040 0.4960
vt 0.0040 0.5040
vt 0.4960 0.5040
vt 0.4960 0.9960
vt 0.0040 0.9960
vt 0.5040 0.5040
vt 0.9960 0.5040
vt 0.9960 0.9960
vt 0.5040 0.9960
vt 0.0040 0.0040
vt 0.4960 0.0040
vt 0.4960 0.4960
vt 0.0040 0.4960
vt 0.0040 0.5040
vt 0.4960 0.5040
vt 0.4960 0.9960
vt 0.0040 0.9960
vt 0.5040 0.0040
vt 0.9960 0.0040
vt 0.9960 0.4960
vt 0.5040 0.4960
vt 0.5040 0.5040
vt 0.9960 0.5040
vt 0.9960 0.9960
vt 0.5040 0.9960
vt 0.0040 0.0040
vt 0.4960 0.0040
vt 0.4960 0.4960
vt 0.0040 0.4960
vt 0.0040 0.5040
vt 0.4960 0.5040
vt 0.4960 0.9960
vt 0.0040 0.9960
vt 0.0040 0.5040
vt 0.4960 0.5040
vt 0.4960 0.9960
vt 0.0040 0.9960
vt 0.5040 0.0040
vt 0.9960 0.0040
vt 0.9960 0.4960
vt 0.5040 0.4960
vt 0.5040 0.5040
vt 0.9960 0.5040
vt 0.9960 0.9960
vt 0.5040 0.9960
vt 0.0040 0.5040
vt 0.4960 0.5040
vt 0.4960 0.9960
vt 0.0040 0.9960
vt 0.0040 0.0040
vt 0.4960 0.0040
vt 0.4960 0.4960
vt 0.0040 0.4960
vt 0.0040 0.5040
vt 0.4960 0.5040
vt 0.4960 0.9960
vt 0.0040 0.9960
vt 0.5040 0.5040
vt 0.9960 0.5040
vt 0.9960 0.9960
vt 0.5040 0.9960
vt 0.0040 0.5040
vt 0.4960 0.5040
vt 0.4960 0.9960
vt 0.0040 0.9960
vt 0.5040 0.5040
vt 0.9960 0.5040
vt 0.9960 0.9960
vt 0.5040 0.9960
vt 0.0040 0.5040
vt 0.4960 0.5040
vt 0.4960 0.9960
vt 0.0040 0.9960
vt 0.0040 0.0040
vt 0.4960 0.0040
vt 0.4960 0.4960
vt 0.0040 0.4960
vt 0.5040 0.0040
vt 0.9960 0.0040
vt 0.9960 0.4960
vt 0.5040 0.4960
vt 0.5040 0.5040
vt 0.9960 0.5040
vt 0.9960 0.9960
vt 0.5040 0.9960
vt 0.5040 0.0040
vt 0.9960 0.0040
vt 0.9960 0.4960
vt 0.5040 0.4960
vt 0.5040 0.5040
vt 0.9960 0.5040
vt 0.9960 0.9960
vt 0.5040 0.9960
vt 0.5040 0.0040
vt 0.9960 0.0040
vt 0.9960 0.4960
vt 0.5040 0.4960
vt 0.5040 0.5040
vt 0.9960 0.5040
vt 0.9960 0.9960
vt 0.5040 0.9960
vt 0.0040 0.5040
vt 0.4960 0.5040
vt 0.4960 0.9960
vt 0.0040 0.9960
vt 0.0040 0.0040
vt 0.4960 0.0040
vt 0.4960 0.4960
vt 0.0040 0.4960
vt 0.5040 0.5040
vt 0.9960 0.5040
vt 0.9960 0.9960
vt 0.5040 0.9960
vt 0.5040 0.5040
vt 0.9960 0.5040
vt 0.9960 0.9960
vt 0.5040 0.9960
vt 0.5040 0.0040
vt 0.9960 0.0040
vt 0.9960 0.4960
vt 0.5040 0.4960
vt 0.5040 0.0040
vt 0.9960 0.0040
vt 0.9960 0.4960
vt 0.5040 0.4960
vt 0.5040 0.5040
vt 0.9960 0.5040
vt 0.9960 0.9960
vt 0.5040 0.9960
vt 0.5040 0.5040
vt 0.9960 0.5040
vt 0.9960 0.9960
vt 0.5040 0.9960
vt 0.5040 0.0040
vt 0.9960 0.0040
vt 0.9960 0.4960
vt 0.5040 0.4960
vt 0.0040 0.0040
vt 0.4960 0.0040
vt 0.4960 0.4960
vt 0.0040 0.4960
vt 0.0040 0.5040
vt 0.4960 0.5040
vt 0.4960 0.9960
vt 0.0040 0.9960
vt 0.0040 0.0040
vt 0.4960 0.0040
vt 0.4960 0.4960
vt 0.0040 0.4960
vt 0.5040 0.0040
vt 0.9960 0.0040
vt 0.9960 0.4960
vt 0.5040 0.4960
vt 0.0040 0.0040
vt 0.4960 0.0040
vt 0.4960 0.4960
vt 0.0040 0.4960
vt 0.5040 0.0040
vt 0.9960 0.0040
vt 0.9960 0.4960
vt 0.5040 0.4960
vt 0.5040 0.0040
vt 0.9960 0.0040
vt 0.9960 0.4960
vt 0.5040 0.4960
vt 0.5040 0.0040
vt 0.9960 0.0040
vt 0.9960 0.4960
vt 0.5040 0.4960
vt 0.5040 0.0040
vt 0.9960 0.0040
vt 0.9960 0.4960
vt 0.5040 0.4960
vt 0.5040 0.5040
vt 0.9960 0.5040
vt 0.9960 0.9960
vt 0.5040 0.9960
vt 0.5040 0.5040
vt 0.9960 0.5040
vt 0.9960 0.9960
vt 0.5040 0.9960
vt 0.0040 0.5040
vt 0.4960 0.5040
vt 0.4960 0.9960
vt 0.0040 0.9960
vt 0.0040 0.5040
vt 0.4960 0.5040
vt 0.4960 0.9960
vt 0.0040 0.9960
vt 0.0040 0.0040
vt 0.4960 0.0040
vt 0.4960 0.4960
vt 0.0040 0.4960
vt 0.5040 0.0040
vt 0.9960 0.0040
vt 0.9960 0.4960
vt 0.5040 0.4960
vt 0.0040 0.5040
vt 0.4960 0.5040
vt 0.4960 0.9960
vt 0.0040 0.9960
vt 0.5040 0.0040
vt 0.9960 0.0040
vt 0.9960 0.4960
vt 0.5040 0.4960
vt 0.5040 0.5040
vt 0.9960 0.5040
vt 0.9960 0.9960
vt 0.5040 0.9960
vt 0.0040 0.0040
vt 0.4960 0.0040
vt 0.4960 0.4960
vt 0.0040 0.4960
vt 0.0040 0.5040
vt 0.4960 0.5040
vt 0.4960 0.9960
vt 0.0040 0.9960
vt 0.0040 0.5040
vt 0.4960 0.5040
vt 0.4960 0.9960
vt 0.0040 0.9960
vt 0.0040 0.0040
vt 0.4960 0.0040
vt 0.4960 0.4960
vt 0.0040 0.4960
vt 0.5040 0.5040
vt 0.9960 0.5040
vt 0.9960 0.9960
vt 0.5040 0.9960
vt 0.5040 0.0040
vt 0.9960 0.0040
vt 0.9960 0.4960
vt 0.5040 0.4960
vt 0.5040 0.0040
vt 0.9960 0.0040
vt 0.9960 0.4960
vt 0.5040 0.4960
vt 0.5040 0.0040
vt 0.9960 0.0040
vt 0.9960 0.4960
vt 0.5040 0.4960
vt 0.5040 0.0040
vt 0.9960 0.0040
vt 0.9960 0.4960
vt 0.5040 0.4960
vt 0.0040 0.5040
vt 0.4960 0.5040
vt 0.4960 0.9960
vt 0.0040 0.9960
vt 0.5040 0.5040
vt 0.9960 0.5040
vt 0.9960 0.9960
vt 0.5040 0.9960
vt 0.0040 0.5040
vt 0.4960 0.5040
vt 0.4960 0.9960
vt 0.0040 0.9960
vt 0.5040 0.5040
vt 0.9960 0.5040
vt 0.9960 0.9960
vt 0.5040 0.9960
vt 0.5040 0.0040
vt 0.9960 0.0040
vt 0.9960 0.4960
vt 0.5040 0.4960
vt 0.0040 0.5040
vt 0.4960 0.5040
vt 0.4960 0.9960
vt 0.0040 0.9960
vt 0.5040 0.5040
vt 0.9960 0.5040
vt 0.9960 0.9960
vt 0.5040 0.9960
vt 0.0040 0.5040
vt 0.4960 0.5040
vt 0.4960 0.9960
vt 0.0040 0.9960
vt 0.5040 0.0040
vt 0.9960 0.0040
vt 0.9960 0.4960
vt 0.5040 0.4960
vt 0.5040 0.0040
vt 0.9960 0.0040
vt 0.9960 0.4960
vt 0.5040 0.4960
vt 0.0040 0.0040
vt 0.4960 0.0040
vt 0.4960 0.4960
vt 0.0040 0.4960
vt 0.5040 0.0040
vt 0.9960 0.0040
vt 0.9960 0.4960
vt 0.5040 0.4960
vt 0.0040 0.0040
vt 0.4960 0.0040
vt 0.4960 0.4960
vt 0.0040 0.4960
vt 0.0040 0.5040
vt 0.4960 0.5040
vt 0.4960 0.9960
vt 0.0040 0.9960
vt 0.5040 0.0040
vt 0.9960 0.0040
vt 0.9960 0.4960
vt 0.5040 0.4960
vt 0.5040 0.5040
vt 0.9960 0.5040
vt 0.9960 0.9960
vt 0.5040 0.9960
vt 0.0040 0.0040
vt 0.4960 0.0040
vt 0.4960 0.4960
vt 0.0040 0.4960
vt 0.5040 0.0040
vt 0.9960 0.0040
vt 0.9960 0.4960
vt 0.5040 0.4960
vt 0.5040 0.5040
vt 0.9960 0.5040
vt 0.9960 0.9960
vt 0.5040 0.9960
vt 0.0040 0.5040
vt 0.4960 0.5040
vt 0.4960 0.9960
vt 0.0040 0.9960
vt 0.0040 0.5040
vt 0.4960 0.5040
vt 0.4960 0.9960
vt 0.0040 0.9960
vt 0.5040 0.5040
vt 0.9960 0.5040
vt 0.9960 0.9960
vt 0.5040 0.9960
vt 0.5040 0.0040
vt 0.9960 0.0040
vt 0.9960 0.4960
vt 0.5040 0.4960
vt 0.5040 0.0040
vt 0.9960 0.0040
vt 0.9960 0.4960
vt 0.5040 0.4960
vt 0.5040 0.5040
vt 0.9960 0.5040
vt 0.9960 0.9960
vt 0.5040 0.9960
vt 0.5040 0.5040
vt 0.9960 0.5040
vt 0.9960 0.9960
vt 0.5040 0.9960
vt 0.0040 0.0040
vt 0.4960 0.0040
vt 0.4960 0.4960
vt 0.0040 0.4960
vt 0.5040 0.0040
vt 0.9960 0.0040
vt 0.9960 0.4960
vt 0.5040 0.4960
vt 0.5040 0.0040
vt 0.9960 0.0040
vt 0.9960 0.4960
vt 0.5040 0.4960
vt 0.0040 0.0040
vt 0.4960 0.0040
vt 0.4960 0.4960
vt 0.0040 0.4960
vt 0.5040 0.0040
vt 0.9960 0.0040
vt 0.9960 0.4960
vt 0.5040 0.4960
vt 0.5040 0.5040
vt 0.9960 0.5040
vt 0.9960 0.9960
vt 0.5040 0.9960
vt 0.5040 0.5040
vt 0.9960 0.5040
vt 0.9960 0.9960
vt 0.5040 0.9960
vt 0.5040 0.0040
vt 0.9960 0.0040
vt 0.9960 0.4960
vt 0.5040 0.4960
vt 0.5040 0.0040
vt 0.9960 0.0040
vt 0.9960 0.4960
vt 0.5040 0.4960
vt 0.0040 0.5040
vt 0.4960 0.5040
vt 0.4960 0.9960
vt 0.0040 0.9960
vt 0.0040 0.5040
vt 0.4960 0.5040
vt 0.4960 0.9960
vt 0.0040 0.9960
vt 0.5040 0.5040
vt 0.9960 0.5040
vt 0.9960 0.9960
vt 0.5040 0.9960
vt 0.5040 0.5040
vt 0.9960 0.5040
vt 0.9960 0.9960
vt 0.5040 0.9960
vt 0.0040 0.5040
vt 0.4960 0.5040
vt 0.4960 0.9960
vt 0.0040 0.9960
vt 0.0040 0.0040
vt 0.4960 0.0040
vt 0.4960 0.4960
vt 0.0040 0.4960
vt 0.0040 0.5040
vt 0.4960 0.5040
vt 0.4960 0.9960
vt 0.0040 0.9960
vt 0.0040 0.5040
vt 0.4960 0.5040
vt 0.4960 0.9960
vt 0.0040 0.9960
vt 0.0040 0.0040
vt 0.4960 0.0040
vt 0.4960 0.4960
vt 0.0040 0.4960
vt 0.0040 0.5040
vt 0.4960 0.5040
vt 0.4960 0.9960
vt 0.0040 0.9960
vt 0.0040 0.5040
vt 0.4960 0.5040
vt 0.4960 0.9960
vt 0.0040 0.9960
vt 0.5040 0.0040
vt 0.9960 0.0040
vt 0.9960 0.4960
vt 0.5040 0.4960
vt 0.0040 0.5040
vt 0.4960 0.5040
vt 0.4960 0.9960
vt 0.0040 0.9960
vt 0.5040 0.5040
vt 0.9960 0.5040
vt 0.9960 0.9960
vt 0.5040 0.9960
vt 0.0040 0.5040
vt 0.4960 0.5040
vt 0.4960 0.9960
vt 0.0040 0.9960
vt 0.0040 0.0040
vt 0.4960 0.0040
vt 0.4960 0.4960
vt 0.0040 0.4960
vt 0.5040 0.0040
vt 0.9960 0.0040
vt 0.9960 0.4960
vt 0.5040 0.4960
vt 0.5040 0.0040
vt 0.9960 0.0040
vt 0.9960 0.4960
vt 0.5040 0.4960
vt 0.5040 0.0040
vt 0.9960 0.0040
vt 0.9960 0.4960
vt 0.5040 0.4960
vt 0.0040 0.0040
vt 0.4960 0.0040
vt 0.4960 0.4960
vt 0.0040 0.4960
vt 0.0040 0.0040
vt 0.4960 0.0040
vt 0.4960 0.4960
vt 0.0040 0.4960
vt 0.0040 0.0040
vt 0.4960 0.0040
vt 0.4960 0.4960
vt 0.0040 0.4960
vt 0.5040 0.0040
vt 0.9960 0.0040
vt 0.9960 0.4960
vt 0.5040 0.4960
vt 0.5040 0.0040
vt 0.9960 0.0040
vt 0.9960 0.4960
vt 0.5040 0.4960
vt 0.0040 0.5040
vt 0.4960 0.5040
vt 0.4960 0.9960
vt 0.0040 0.9960
vt 0.5040 0.5040
vt 0.9960 0.5040
vt 0.9960 0.9960
vt 0.5040 0.9960
vt 0.5040 0.5040
vt 0.9960 0.5040
vt 0.9960 0.9960
vt 0.5040 0.9960
vt 0.5040 0.5040
vt 0.9960 0.5040
vt 0.9960 0.9960
vt 0.5040 0.9960
vt 0.5040 0.0040
vt 0.9960 0.0040
vt 0.9960 0.4960
vt 0.5040 0.4960
vt 0.0040 0.5040
vt 0.4960 0.5040
vt 0.4960 0.9960
vt 0.0040 0.9960
vt 0.5040 0.0040
vt 0.9960 0.0040
vt 0.9960 0.4960
vt 0.5040 0.4960
vt 0.0040 0.5040
vt 0.4960 0.5040
vt 0.4960 0.9960
vt 0.0040 0.9960
vt 0.5040 0.5040
vt 0.9960 0.5040
vt 0.9960 0.9960
vt 0.5040 0.9960
vt 0.5040 0.0040
vt 0.9960 0.0040
vt 0.9960 0.4960
vt 0.5040 0.4960
vt 0.5040 0.0040
vt 0.9960 0.0040
vt 0.9960 0.4960
vt 0.5040 0.4960
vt 0.0040 0.5040
vt 0.4960 0.5040
vt 0.4960 0.9960
vt 0.0040 0.9960
vt 0.0040 0.5040
vt 0.4960 0.5040
vt 0.4960 0.9960
vt 0.0040 0.9960
vt 0.0040 0.0040
vt 0.4960 0.0040
vt 0.4960 0.4960
vt 0.0040 0.4960
vt 0.5040 0.5040
vt 0.9960 0.5040
vt 0.9960 0.9960
vt 0.5040 0.9960
vt 0.0040 0.0040
vt 0.4960 0.0040
vt 0.4960 0.4960
vt 0.0040 0.4960
vt 0.5040 0.0040
vt 0.9960 0.0040
vt 0.9960 0.4960
vt 0.5040 0.4960
vt 0.5040 0.0040
vt 0.9960 0.0040
vt 0.9960 0.4960
vt 0.5040 0.4960
vt 0.5040 0.0040
vt 0.9960 0.0040
vt 0.9960 0.4960
vt 0.5040 0.4960
vt 0.0040 0.5040
vt 0.4960 0.5040
vt 0.4960 0.9960
vt 0.0040 0.9960
vt 0.0040 0.5040
vt 0.4960 0.5040
vt 0.4960 0.9960
vt 0.0040 0.9960
vt 0.5040 0.0040
vt 0.9960 0.0040
vt 0.9960 0.4960
vt 0.5040 0.4960
vt 0.0040 0.0040
vt 0.4960 0.0040
vt 0.4960 0.4960
vt 0.0040 0.4960
vt 0.5040 0.5040
vt 0.9960 0.5040
vt 0.9960 0.9960
vt 0.5040 0.9960
vt 0.5040 0.0040
vt 0.9960 0.0040
vt 0.9960 0.4960
vt 0.5040 0.4960
vt 0.5040 0.0040
vt 0.9960 0.0040
vt 0.9960 0.4960
vt 0.5040 0.4960
vt 0.5040 0.0040
vt 0.9960 0.0040
vt 0.9960 0.4960
vt 0.5040 0.4960
vt 0.5040 0.0040
vt 0.9960 0.0040
vt 0.9960 0.4960
vt 0.5040 0.4960
vt 0.0040 0.0040
vt 0.4960 0.0040
vt 0.4960 0.4960
vt 0.0040 0.4960
vt 0.5040 0.0040
vt 0.9960 0.0040
vt 0.9960 0.4960
vt 0.5040 0.4960
vt 0.0040 0.5040
vt 0.4960 0.5040
vt 0.4960 0.9960
vt 0.0040 0.9960
vt 0.0040 0.5040
vt 0.4960 0.5040
vt 0.4960 0.9960
vt 0.0040 0.9960
vt 0.5040 0.5040
vt 0.9960 0.5040
vt 0.9960 0.9960
vt 0.5040 0.9960
vt 0.5040 0.0040
vt 0.9960 0.0040
vt 0.9960 0.4960
vt 0.5040 0.4960
vt 0.5040 0.0040
vt 0.9960 0.0040
vt 0.9960 0.4960
vt 0.5040 0.4960
vt 0.5040 0.0040
vt 0.9960 0.0040
vt 0.9960 0.4960
vt 0.5040 0.4960
vt 0.0040 0.0040
vt 0.4960 0.0040
vt 0.4960 0.4960
vt 0.0040 0.4960
vt 0.5040 0.0040
vt 0.9960 0.0040
vt 0.9960 0.4960
vt 0.5040 0.4960
vt 0.5040 0.5040
vt 0.9960 0.5040
vt 0.9960 0.9960
vt 0.5040 0.9960
vt 0.0040 0.0040
vt 0.4960 0.0040
vt 0.4960 0.4960
vt 0.0040 0.4960
vt 0.0040 0.0040
vt 0.4960 0.0040
vt 0.4960 0.4960
vt 0.0040 0.4960
vt 0.0040 0.0040
vt 0.4960 0.0040
vt 0.4960 0.4960
vt 0.0040 0.4960
vt 0.0040 0.0040
vt 0.4960 0.0040
vt 0.4960 0.4960
vt 0.0040 0.4960
vt 0.0040 0.5040
vt 0.4960 0.5040
vt 0.4960 0.9960
vt 0.0040 0.9960
vt 0.5040 0.0040
vt 0.9960 0.0040
vt 0.9960 0.4960
vt 0.5040 0.4960
vt 0.0040 0.0040
vt 0.4960 0.0040
vt 0.4960 0.4960
vt 0.0040 0.4960
vt 0.0040 0.0040
vt 0.4960 0.0040
vt 0.4960 0.4960
vt 0.0040 0.4960
vt 0.5040 0.5040
vt 0.9960 0.5040
vt 0.9960 0.9960
vt 0.5040 0.9960
vt 0.0040 0.0040
vt 0.4960 0.0040
vt 0.4960 0.4960
vt 0.0040 0.4960
vt 0.0040 0.5040
vt 0.4960 0.5040
vt 0.4960 0.9960
vt 0.0040 0.9960
vt 0.0040 0.0040
vt 0.4960 0.0040
vt 0.4960 0.4960
vt 0.0040 0.4960
vt 0.0040 0.0040
vt 0.4960 0.0040
vt 0.4960 0.4960
vt 0.0040 0.4960
vt 0.5040 0.5040
vt 0.9960 0.5040
vt 0.9960 0.9960
vt 0.5040 0.9960
vt 0.0040 0.0040
vt 0.4960 0.0040
vt 0.4960 0.4960
vt 0.0040 0.4960
vt 0.0040 0.0040
vt 0.4960 0.0040
vt 0.4960 0.4960
vt 0.0040 0.4960
vt 0.5040 0.5040
vt 0.9960 0.5040
vt 0.9960 0.9960
vt 0.5040 0.9960
vt 0.5040 0.0040
vt 0.9960 0.0040
vt 0.9960 0.4960
vt 0.5040 0.4960
vt 0.0040 0.0040
vt 0.4960 0.0040
vt 0.4960 0.4960
vt 0.0040 0.4960
vt 0.0040 0.5040
vt 0.4960 0.5040
vt 0.4960 0.9960
vt 0.0040 0.9960
vt 0.5040 0.5040
vt 0.9960 0.5040
vt 0.9960 0.9960
vt 0.5040 0.9960
vt 0.0040 0.5040
vt 0.4960 0.5040
vt 0.4960 0.9960
vt 0.0040 0.9960
vt 0.0040 0.0040
vt 0.4960 0.0040
vt 0.4960 0.4960
vt 0.0040 0.4960
vt 0.5040 0.5040
vt 0.9960 0.5040
vt 0.9960 0.9960
vt 0.5040 0.9960
vt 0.5040 0.5040
vt 0.9960 0.5040
vt 0.9960 0.9960
vt 0.5040 0.9960
vt 0.0040 0.0040
vt 0.4960 0.0040
vt 0.4960 0.4960
vt 0.0040 0.4960
vt 0.0040 0.5040
vt 0.4960 0.5040
vt 0.4960 0.9960
vt 0.0040 0.9960
vt 0.5040 0.5040
vt 0.9960 0.5040
vt 0.9960 0.9960
vt 0.5040 0.9960
vt 0.0040 0.5040
vt 0.4960 0.5040
vt 0.4960 0.9960
vt 0.0040 0.9960
vt 0.5040 0.0040
vt 0.9960 0.0040
vt 0.9960 0.4960
vt 0.5040 0.4960
vt 0.5040 0.5040
vt 0.9960 0.5040
vt 0.9960 0.9960
vt 0.5040 0.9960
vt 0.0040 0.5040
vt 0.4960 0.5040
vt 0.4960 0.9960
vt 0.0040 0.9960
vt 0.5040 0.0040
vt 0.9960 0.0040
vt 0.9960 0.4960
vt 0.5040 0.4960
vt 0.0040 0.0040
vt 0.4960 0.0040
vt 0.4960 0.4960
vt 0.0040 0.4960
vt 0.0040 0.0040
vt 0.4960 0.0040
vt 0.4960 0.4960
vt 0.0040 0.4960
vt 0.0040 0.0040
vt 0.4960 0.0040
vt 0.4960 0.4960
vt 0.0040 0.4960
vt 0.5040 0.5040
vt 0.9960 0.5040
vt 0.9960 0.9960
vt 0.5040 0.9960
vt 0.0040 0.5040
vt 0.4960 0.5040
vt 0.4960 0.9960
vt 0.0040 0.9960
vt 0.0040 0.5040
vt 0.4960 0.5040
vt 0.4960 0.9960
vt 0.0040 0.9960
vt 0.0040 0.5040
vt 0.4960 0.5040
vt 0.4960 0.9960
vt 0.0040 0.9960
vt 0.0040 0.0040
vt 0.4960 0.0040
vt 0.4960 0.4960
vt 0.0040 0.4960
vt 0.0040 0.5040
vt 0.4960 0.5040
vt 0.4960 0.9960
vt 0.0040 0.9960
vt 0.0040 0.0040
vt 0.4960 0.0040
vt 0.4960 0.4960
vt 0.0040 0.4960
vt 0.5040 0.0040
vt 0.9960 0.0040
vt 0.9960 0.4960
vt 0.5040 0.4960
vt 0.0040 0.5040
vt 0.4960 0.5040
vt 0.4960 0.9960
vt 0.0040 0.9960
vt 0.5040 0.5040
vt 0.9960 0.5040
vt 0.9960 0.9960
vt 0.5040 0.9960
vt 0.5040 0.5040
vt 0.9960 0.5040
vt 0.9960 0.9960
vt 0.5040 0.9960
vt 0.5040 0.5040
vt 0.9960 0.5040
vt 0.9960 0.9960
vt 0.5040 0.9960
vt 0.0040 0.0040
vt 0.4960 0.0040
vt 0.4960 0.4960
vt 0.0040 0.4960
vt 0.5040 0.5040
vt 0.9960 0.5040
vt 0.9960 0.9960
vt 0.5040 0.9960
vt 0.0040 0.5040
vt 0.4960 0.5040
vt 0.4960 0.9960
vt 0.0040 0.9960
vt 0.5040 0.5040
vt 0.9960 0.5040
vt 0.9960 0.9960
vt 0.5040 0.9960
vt 0.5040 0.5040
vt 0.9960 0.5040
vt 0.9960 0.9960
vt 0.5040 0.9960
vt 0.0040 0.5040
vt 0.4960 0.5040
vt 0.4960 0.9960
vt 0.0040 0.9960
vt 0.0040 0.0040
vt 0.4960 0.0040
vt 0.4960 0.4960
vt 0.0040 0.4960
vt 0.5040 0.0040
vt 0.9960 0.0040
vt 0.9960 0.4960
vt 0.5040 0.4960
vt 0.5040 0.5040
vt 0.9960 0.5040
vt 0.9960 0.9960
vt 0.5040 0.9960
vt 0.0040 0.0040
vt 0.4960 0.0040
vt 0.4960 0.4960
vt 0.0040 0.4960
vt 0.5040 0.5040
vt 0.9960 0.5040
vt 0.9960 0.9960
vt 0.5040 0.9960
vt 0.5040 0.0040
vt 0.9960 0.0040
vt 0.9960 0.4960
vt 0.5040 0.4960
vt 0.0040 0.5040
vt 0.4960 0.5040
vt 0.4960 0.9960
vt 0.0040 0.9960
vt 0.5040 0.5040
vt 0.9960 0.5040
vt 0.9960 0.9960
vt 0.5040 0.9960
vt 0.0040 0.5040
vt 0.4960 0.5040
vt 0.4960 0.9960
vt 0.0040 0.9960
vt 0.0040 0.0040
vt 0.4960 0.0040
vt 0.4960 0.4960
vt 0.0040 0.4960
vt 0.5040 0.5040
vt 0.9960 0.5040
vt 0.9960 0.9960
vt 0.5040 0.9960
vt 0.0040 0.5040
vt 0.4960 0.5040
vt 0.4960 0.9960
vt 0.0040 0.9960
vt 0.5040 0.5040
vt 0.9960 0.5040
vt 0.9960 0.9960
vt 0.5040 0.9960
vt 0.0040 0.0040
vt 0.4960 0.0040
vt 0.4960 0.4960
vt 0.0040 0.4960
vt 0.5040 0.5040
vt 0.9960 0.5040
vt 0.9960 0.9960
vt 0.5040 0.9960
vt 0.5040 0.5040
vt 0.9960 0.5040
vt 0.9960 0.9960
vt 0.5040 0.9960
vt 0.5040 0.5040
vt 0.9960 0.5040
vt 0.9960 0.9960
vt 0.5040 0.9960
vt 0.5040 0.0040
vt 0.9960 0.0040
vt 0.9960 0.4960
vt 0.5040 0.4960
vt 0.0040 0.5040
vt 0.4960 0.5040
vt 0.4960 0.9960
vt 0.0040 0.9960
vt 0.0040 0.5040
vt 0.4960 0.5040
vt 0.4960 0.9960
vt 0.0040 0.9960
vt 0.0040 0.0040
vt 0.4960 0.0040
vt 0.4960 0.4960
vt 0.0040 0.4960
vt 0.0040 0.5040
vt 0.4960 0.5040
vt 0.4960 0.9960
vt 0.0040 0.9960
vt 0.0040 0.5040
vt 0.4960 0.5040
vt 0.4960 0.9960
vt 0.0040 0.9960
vt 0.0040 0.5040
vt 0.4960 0.5040
vt 0.4960 0.9960
vt 0.0040 0.9960
vt 0.0040 0.0040
vt 0.4960 0.0040
vt 0.4960 0.4960
vt 0.0040 0.4960
vt 0.0040 0.0040
vt 0.4960 0.0040
vt 0.4960 0.4960
vt 0.0040 0.4960
vt 0.0040 0.0040
vt 0.4960 0.0040
vt 0.4960 0.4960
vt 0.0040 0.4960
vt 0.0040 0.0040
vt 0.4960 0.0040
vt 0.4960 0.4960
vt 0.0040 0.4960
vt 0.5040 0.0040
vt 0.9960 0.0040
vt 0.9960 0.4960
vt 0.5040 0.4960
vt 0.5040 0.5040
vt 0.9960 0.5040
vt 0.9960 0.9960
vt 0.5040 0.9960
vt 0.0040 0.5040
vt 0.4960 0.5040
vt 0.4960 0.9960
vt 0.0040 0.9960
vt 0.5040 0.5040
vt 0.9960 0.5040
vt 0.9960 0.9960
vt 0.5040 0.9960
vt 0.0040 0.0040
vt 0.4960 0.0040
vt 0.4960 0.4960
vt 0.0040 0.4960
vt 0.5040 0.0040
vt 0.9960 0.0040
vt 0.9960 0.4960
vt 0.5040 0.4960
vt 0.0040 0.5040
vt 0.4960 0.5040
vt 0.4960 0.9960
vt 0.0040 0.9960
vt 0.5040 0.0040
vt 0.9960 0.0040
vt 0.9960 0.4960
vt 0.5040 0.4960
vt 0.0040 0.5040
vt 0.4960 0.5040
vt 0.4960 0.9960
vt 0.0040 0.9960
vt 0.5040 0.0040
vt 0.9960 0.0040
vt 0.9960 0.4960
vt 0.5040 0.4960
vt 0.5040 0.5040
vt 0.9960 0.5040
vt 0.9960 0.9960
vt 0.5040 0.9960
vt 0.5040 0.0040
vt 0.9960 0.0040
vt 0.9960 0.4960
vt 0.5040 0.4960
vt 0.0040 0.5040
vt 0.4960 0.5040
vt 0.4960 0.9960
vt 0.0040 0.9960
vt 0.0040 0.0040
vt 0.4960 0.0040
vt 0.4960 0.4960
vt 0.0040 0.4960
vt 0.5040 0.5040
vt 0.9960 0.5040
vt 0.9960 0.9960
vt 0.5040 0.9960
vt 0.5040 0.5040
vt 0.9960 0.5040
vt 0.9960 0.9960
vt 0.5040 0.9960
vt 0.0040 0.5040
vt 0.4960 0.5040
vt 0.4960 0.9960
vt 0.0040 0.9960
vt 0.0040 0.0040
vt 0.4960 0.0040
vt 0.4960 0.4960
vt 0.0040 0.4960
vt 0.5040 0.0040
vt 0.9960 0.0040
vt 0.9960 0.4960
vt 0.5040 0.4960
vt 0.5040 0.0040
vt 0.9960 0.0040
vt 0.9960 0.4960
vt 0.5040 0.4960
vt 0.0040 0.0040
vt 0.4960 0.0040
vt 0.4960 0.4960
vt 0.0040 0.4960
vt 0.0040 0.0040
vt 0.4960 0.0040
vt 0.4960 0.4960
vt 0.0040 0.4960
vt 0.0040 0.5040
vt 0.4960 0.5040
vt 0.4960 0.9960
vt 0.0040 0.9960
vt 0.5040 0.5040
vt 0.9960 0.5040
vt 0.9960 0.9960
vt 0.5040 0.9960
vt 0.0040 0.0040
vt 0.4960 0.0040
vt 0.4960 0.4960
vt 0.0040 0.4960
vt 0.0040 0.0040
vt 0.4960 0.0040
vt 0.4960 0.4960
vt 0.0040 0.4960
vt 0.0040 0.0040
vt 0.4960 0.0040
vt 0.4960 0.4960
vt 0.0040 0.4960
vt 0.0040 0.5040
vt 0.4960 0.5040
vt 0.4960 0.9960
vt 0.0040 0.9960
vt 0.5040 0.0040
vt 0.9960 0.0040
vt 0.9960 0.4960
vt 0.5040 0.4960
vt 0.5040 0.0040
vt 0.9960 0.0040
vt 0.9960 0.4960
vt 0.5040 0.4960
vt 0.5040 0.0040
vt 0.9960 0.0040
vt 0.9960 0.4960
vt 0.5040 0.4960
vt 0.0040 0.0040
vt 0.4960 0.0040
vt 0.4960 0.4960
vt 0.0040 0.4960
vt 0.0040 0.0040
vt 0.4960 0.0040
vt 0.4960 0.4960
vt 0.0040 0.4960
vt 0.0040 0.0040
vt 0.4960 0.0040
vt 0.4960 0.4960
vt 0.0040 0.4960
vt 0.0040 0.5040
vt 0.4960 0.5040
vt 0.4960 0.9960
vt 0.0040 0.9960
vt 0.5040 0.0040
vt 0.9960 0.0040
vt 0.9960 0.4960
vt 0.5040 0.4960
vt 0.0040 0.5040
vt 0.4960 0.5040
vt 0.4960 0.9960
vt 0.0040 0.9960
vt 0.5040 0.5040
vt 0.9960 0.5040
vt 0.9960 0.9960
vt 0.5040 0.9960
vt 0.0040 0.5040
vt 0.4960 0.5040
vt 0.4960 0.9960
vt 0.0040 0.9960
vt 0.0040 0.5040
vt 0.4960 0.5040
vt 0.4960 0.9960
vt 0.0040 0.9960
vt 0.5040 0.0040
vt 0.9960 0.0040
vt 0.9960 0.4960
vt 0.5040 0.4960
vt 0.5040 0.0040
vt 0.9960 0.0040
vt 0.9960 0.4960
vt 0.5040 0.4960
vt 0.5040 0.0040
vt 0.9960 0.0040
vt 0.9960 0.4960
vt 0.5040 0.4960
vt 0.0040 0.5040
vt 0.4960 0.5040
vt 0.4960 0.9960
vt 0.0040 0.9960
vt 0.5040 0.0040
vt 0.9960 0.0040
vt 0.9960 0.4960
vt 0.5040 0.4960
vt 0.5040 0.0040
vt 0.9960 0.0040
vt 0.9960 0.4960
vt 0.5040 0.4960
vt 0.0040 0.5040
vt 0.4960 0.5040
vt 0.4960 0.9960
vt 0.0040 0.9960
vt 0.5040 0.5040
vt 0.9960 0.5040
vt 0.9960 0.9960
vt 0.5040 0.9960
vt 0.5040 0.0040
vt 0.9960 0.0040
vt 0.9960 0.4960
vt 0.5040 0.4960
vt 0.5040 0.0040
vt 0.9960 0.0040
vt 0.9960 0.4960
vt 0.5040 0.4960
vt 0.0040 0.5040
vt 0.4960 0.5040
vt 0.4960 0.9960
vt 0.0040 0.9960
vt 0.5040 0.5040
vt 0.9960 0.5040
vt 0.9960 0.9960
vt 0.5040 0.9960
vt 0.5040 0.5040
vt 0.9960 0.5040
vt 0.9960 0.9960
vt 0.5040 0.9960
vt 0.5040 0.0040
vt 0.9960 0.0040
vt 0.9960 0.4960
vt 0.5040 0.4960
vt 0.5040 0.5040
vt 0.9960 0.5040
vt 0.9960 0.9960
vt 0.5040 0.9960
vt 0.0040 0.0040
vt 0.4960 0.0040
vt 0.4960 0.4960
vt 0.0040 0.4960
vt 0.5040 0.0040
vt 0.9960 0.0040
vt 0.9960 0.4960
vt 0.5040 0.4960
vt 0.5040 0.0040
vt 0.9960 0.0040
vt 0.9960 0.4960
vt 0.5040 0.4960
vt 0.5040 0.5040
vt 0.9960 0.5040
vt 0.9960 0.9960
vt 0.5040 0.9960
vt 0.5040 0.0040
vt 0.9960 0.0040
vt 0.9960 0.4960
vt 0.5040 0.4960
vt 0.0040 0.5040
vt 0.4960 0.5040
vt 0.4960 0.9960
vt 0.0040 0.9960
vt 0.5040 0.5040
vt 0.9960 0.5040
vt 0.9960 0.9960
vt 0.5040 0.9960
vt 0.0040 0.0040
vt 0.4960 0.0040
vt 0.4960 0.4960
vt 0.0040 0.4960
vt 0.0040 0.0040
vt 0.4960 0.0040
vt 0.4960 0.4960
vt 0.0040 0.4960
vt 0.0040 0.0040
vt 0.4960 0.0040
vt 0.4960 0.4960
vt 0.0040 0.4960
vt 0.5040 0.0040
vt 0.9960 0.0040
vt 0.9960 0.4960
vt 0.5040 0.4960
vt 0.0040 0.0040
vt 0.4960 0.0040
vt 0.4960 0.4960
vt 0.0040 0.4960
vt 0.5040 0.5040
vt 0.9960 0.5040
vt 0.9960 0.9960
vt 0.5040 0.9960
vt 0.0040 0.5040
vt 0.4960 0.5040
vt 0.4960 0.9960
vt 0.0040 0.9960
vt 0.5040 0.5040
vt 0.9960 0.5040
vt 0.9960 0.9960
vt 0.5040 0.9960
vt 0.0040 0.5040
vt 0.4960 0.5040
vt 0.4960 0.9960
vt 0.0040 0.9960
vt 0.0040 0.5040
vt 0.4960 0.5040
vt 0.4960 0.9960
vt 0.0040 0.9960
vt 0.5040 0.0040
vt 0.9960 0.0040
vt 0.9960 0.4960
vt 0.5040 0.4960
vt 0.5040 0.5040
vt 0.9960 0.5040
vt 0.9960 0.9960
vt 0.5040 0.9960
vt 0.5040 0.5040
vt 0.9960 0.5040
vt 0.9960 0.9960
vt 0.5040 0.9960
vt 0.0040 0.5040
vt 0.4960 0.5040
vt 0.4960 0.9960
vt 0.0040 0.9960
vt 0.0040 0.5040
vt 0.4960 0.5040
vt 0.4960 0.9960
vt 0.0040 0.9960
vt 0.0040 0.5040
vt 0.4960 0.5040
vt 0.4960 0.9960
vt 0.0040 0.9960
vt 0.5040 0.0040
vt 0.9960 0.0040
vt 0.9960 0.4960
vt 0.5040 0.4960
vt 0.5040 0.0040
vt 0.9960 0.0040
vt 0.9960 0.4960
vt 0.5040 0.4960
vt 0.5040 0.0040
vt 0.9960 0.0040
vt 0.9960 0.4960
vt 0.5040 0.4960
vt 0.0040 0.5040
vt 0.4960 0.5040
vt 0.4960 0.9960
vt 0.0040 0.9960
vt 0.5040 0.0040
vt 0.9960 0.0040
vt 0.9960 0.4960
vt 0.5040 0.4960
vt 0.0040 0.5040
vt 0.4960 0.5040
vt 0.4960 0.9960
vt 0.0040 0.9960
vt 0.5040 0.5040
vt 0.9960 0.5040
vt 0.9960 0.9960
vt 0.5040 0.9960
vt 0.0040 0.5040
vt 0.4960 0.5040
vt 0.4960 0.9960
vt 0.0040 0.9960
vt 0.5040 0.5040
vt 0.9960 0.5040
vt 0.9960 0.9960
vt 0.5040 0.9960
vt 0.0040 0.5040
vt 0.4960 0.5040
vt 0.4960 0.9960
vt 0.0040 0.9960
vt 0.5040 0.0040
vt 0.9960 0.0040
vt 0.9960 0.4960
vt 0.5040 0.4960
vt 0.5040 0.5040
vt 0.9960 0.5040
vt 0.9960 0.9960
vt 0.5040 0.9960
vt 0.5040 0.0040
vt 0.9960 0.0040
vt 0.9960 0.4960
vt 0.5040 0.4960
vt 0.5040 0.5040
vt 0.9960 0.5040
vt 0.9960 0.9960
vt 0.5040 0.9960
vt 0.0040 0.0040
vt 0.4960 0.0040
vt 0.4960 0.4960
vt 0.0040 0.4960
vt 0.0040 0.5040
vt 0.4960 0.5040
vt 0.4960 0.9960
vt 0.0040 0.9960
vt 0.5040 0.5040
vt 0.9960 0.5040
vt 0.9960 0.9960
vt 0.5040 0.9960
vt 0.0040 0.0040
vt 0.4960 0.0040
vt 0.4960 0.4960
vt 0.0040 0.4960
vt 0.0040 0.0040
vt 0.4960 0.0040
vt 0.4960 0.4960
vt 0.0040 0.4960
vt 0.0040 0.5040
vt 0.4960 0.5040
vt 0.4960 0.9960
vt 0.0040 0.9960
vt 0.0040 0.5040
vt 0.4960 0.5040
vt 0.4960 0.9960
vt 0.0040 0.9960
vt 0.5040 0.0040
vt 0.9960 0.0040
vt 0.9960 0.4960
vt 0.5040 0.4960
vt 0.5040 0.0040
vt 0.9960 0.0040
vt 0.9960 0.4960
vt 0.5040 0.4960
vt 0.0040 0.0040
vt 0.4960 0.0040
vt 0.4960 0.4960
vt 0.0040 0.4960
vt 0.5040 0.5040
vt 0.9960 0.5040
vt 0.9960 0.9960
vt 0.5040 0.9960
vt 0.5040 0.5040
vt 0.9960 0.5040
vt 0.9960 0.9960
vt 0.5040 0.9960
vt 0.0040 0.0040
vt 0.4960 0.0040
vt 0.4960 0.4960
vt 0.0040 0.4960
vt 0.0040 0.5040
vt 0.4960 0.5040
vt 0.4960 0.9960
vt 0.0040 0.9960
vt 0.0040 0.0040
vt 0.4960 0.0040
vt 0.4960 0.4960
vt 0.0040 0.4960
vt 0.5040 0.0040
vt 0.9960 0.0040
vt 0.9960 0.4960
vt 0.5040 0.4960
vt 0.0040 0.0040
vt 0.4960 0.0040
vt 0.4960 0.4960
vt 0.0040 0.4960
vt 0.5040 0.0040
vt 0.9960 0.0040
vt 0.9960 0.4960
vt 0.5040 0.4960
vt 0.0040 0.0040
vt 0.4960 0.0040
vt 0.4960 0.4960
vt 0.0040 0.4960
vt 0.5040 0.0040
vt 0.9960 0.0040
vt 0.9960 0.4960
vt 0.5040 0.4960
vt 0.0040 0.0040
vt 0.4960 0.0040
vt 0.4960 0.4960
vt 0.0040 0.4960
vt 0.5040 0.5040
vt 0.9960 0.5040
vt 0.9960 0.9960
vt 0.5040 0.9960
vt 0.5040 0.5040
vt 0.9960 0.5040
vt 0.9960 0.9960
vt 0.5040 0.9960
vt 0.0040 0.5040
vt 0.4960 0.5040
vt 0.4960 0.9960
vt 0.0040 0.9960
vt 0.0040 0.5040
vt 0.4960 0.5040
vt 0.4960 0.9960
vt 0.0040 0.9960
vt 0.5040 0.5040
vt 0.9960 0.5040
vt 0.9960 0.9960
vt 0.5040 0.9960
vt 0.0040 0.0040
vt 0.4960 0.0040
vt 0.4960 0.4960
vt 0.0040 0.4960
vt 0.0040 0.5040
vt 0.4960 0.5040
vt 0.4960 0.9960
vt 0.0040 0.9960
vt 0.0040 0.0040
vt 0.4960 0.0040
vt 0.4960 0.4960
vt 0.0040 0.4960
vt 0.5040 0.5040
vt 0.9960 0.5040
vt 0.9960 0.9960
vt 0.5040 0.9960
vt 0.5040 0.0040
vt 0.9960 0.0040
vt 0.9960 0.4960
vt 0.5040 0.4960
vt 0.5040 0.0040
vt 0.9960 0.0040
vt 0.9960 0.4960
vt 0.5040 0.4960
vt 0.0040 0.5040
vt 0.4960 0.5040
vt 0.4960 0.9960
vt 0.0040 0.9960
vt 0.5040 0.0040
vt 0.9960 0.0040
vt 0.9960 0.4960
vt 0.5040 0.4960
vt 0.0040 0.0040
vt 0.4960 0.0040
vt 0.4960 0.4960
vt 0.0040 0.4960
vt 0.5040 0.0040
vt 0.9960 0.0040
vt 0.9960 0.4960
vt 0.5040 0.4960
vt 0.0040 0.0040
vt 0.4960 0.0040
vt 0.4960 0.4960
vt 0.0040 0.4960
vt 0.5040 0.0040
vt 0.9960 0.0040
vt 0.9960 0.4960
vt 0.5040 0.4960
vt 0.5040 0.0040
vt 0.9960 0.0040
vt 0.9960 0.4960
vt 0.5040 0.4960
vt 0.5040 0.0040
vt 0.9960 0.0040
vt 0.9960 0.4960
vt 0.5040 0.4960
vt 0.5040 0.5040
vt 0.9960 0.5040
vt 0.9960 0.9960
vt 0.5040 0.9960
vt 0.0040 0.0040
vt 0.4960 0.0040
vt 0.4960 0.4960
vt 0.0040 0.4960
vt 0.0040 0.0040
vt 0.4960 0.0040
vt 0.4960 0.4960
vt 0.0040 0.4960
vt 0.0040 0.5040
vt 0.4960 0.5040
vt 0.4960 0.9960
vt 0.0040 0.9960
vt 0.5040 0.5040
vt 0.9960 0.5040
vt 0.9960 0.9960
vt 0.5040 0.9960
vt 0.0040 0.0040
vt 0.4960 0.0040
vt 0.4960 0.4960
vt 0.0040 0.4960
vt 0.0040 0.0040
vt 0.4960 0.0040
vt 0.4960 0.4960
vt 0.0040 0.4960
vt 0.0040 0.0040
vt 0.4960 0.0040
vt 0.4960 0.4960
vt 0.0040 0.4960
vt 0.0040 0.5040
vt 0.4960 0.5040
vt 0.4960 0.9960
vt 0.0040 0.9960
vt 0.0040 0.5040
vt 0.4960 0.5040
vt 0.4960 0.9960
vt 0.0040 0.9960
vt 0.0040 0.0040
vt 0.4960 0.0040
vt 0.4960 0.4960
vt 0.0040 0.4960
vt 0.0040 0.0040
vt 0.4960 0.0040
vt 0.4960 0.4960
vt 0.0040 0.4960
vt 0.5040 0.0040
vt 0.9960 0.0040
vt 0.9960 0.4960
vt 0.5040 0.4960
vt 0.0040 0.0040
vt 0.4960 0.0040
vt 0.4960 0.4960
vt 0.0040 0.4960
vt 0.0040 0.5040
vt 0.4960 0.5040
vt 0.4960 0.9960
vt 0.0040 0.9960
vt 0.5040 0.0040
vt 0.9960 0.0040
vt 0.9960 0.4960
vt 0.5040 0.4960
vt 0.5040 0.0040
vt 0.9960 0.0040
vt 0.9960 0.4960
vt 0.5040 0.4960
vt 0.0040 0.5040
vt 0.4960 0.5040
vt 0.4960 0.9960
vt 0.0040 0.9960
vt 0.5040 0.5040
vt 0.9960 0.5040
vt 0.9960 0.9960
vt 0.5040 0.9960
vt 0.5040 0.5040
vt 0.9960 0.5040
vt 0.9960 0.9960
vt 0.5040 0.9960
vt 0.0040 0.0040
vt 0.4960 0.0040
vt 0.4960 0.4960
vt 0.0040 0.4960
vt 0.0040 0.5040
vt 0.4960 0.5040
vt 0.4960 0.9960
vt 0.0040 0.9960
vt 0.0040 0.5040
vt 0.4960 0.5040
vt 0.4960 0.9960
vt 0.0040 0.9960
vt 0.5040 0.5040
vt 0.9960 0.5040
vt 0.9960 0.9960
vt 0.5040 0.9960
vt 0.0040 0.5040
vt 0.4960 0.5040
vt 0.4960 0.9960
vt 0.0040 0.9960
vt 0.0040 0.5040
vt 0.4960 0.5040
vt 0.4960 0.9960
vt 0.0040 0.9960
vt 0.0040 0.0040
vt 0.4960 0.0040
vt 0.4960 0.4960
vt 0.0040 0.4960
vt 0.5040 0.5040
vt 0.9960 0.5040
vt 0.9960 0.9960
vt 0.5040 0.9960
vt 0.5040 0.0040
vt 0.9960 0.0040
vt 0.9960 0.4960
vt 0.5040 0.4960
vt 0.0040 0.0040
vt 0.4960 0.0040
vt 0.4960 0.4960
vt 0.0040 0.4960
vt 0.5040 0.0040
vt 0.9960 0.0040
vt 0.9960 0.4960
vt 0.5040 0.4960
vt 0.5040 0.5040
vt 0.9960 0.5040
vt 0.9960 0.9960
vt 0.5040 0.9960
vt 0.0040 0.0040
vt 0.4960 0.0040
vt 0.4960 0.4960
vt 0.0040 0.4960
vt 0.5040 0.5040
vt 0.9960 0.5040
vt 0.9960 0.9960
vt 0.5040 0.9960
vt 0.5040 0.0040
vt 0.9960 0.0040
vt 0.9960 0.4960
vt 0.5040 0.4960
vt 0.0040 0.0040
vt 0.4960 0.0040
vt 0.4960 0.4960
vt 0.0040 0.4960
vt 0.0040 0.5040
vt 0.4960 0.5040
vt 0.4960 0.9960
vt 0.0040 0.9960
vt 0.0040 0.5040
vt 0.4960 0.5040
vt 0.4960 0.9960
vt 0.0040 0.9960
vt 0.0040 0.5040
vt 0.4960 0.5040
vt 0.4960 0.9960
vt 0.0040 0.9960
vt 0.0040 0.0040
vt 0.4960 0.0040
vt 0.4960 0.4960
vt 0.0040 0.4960
vt 0.0040 0.0040
vt 0.4960 0.0040
vt 0.4960 0.4960
vt 0.0040 0.4960
vt 0.0040 0.5040
vt 0.4960 0.5040
vt 0.4960 0.9960
vt 0.0040 0.9960
vt 0.0040 0.0040
vt 0.4960 0.0040
vt 0.4960 0.4960
vt 0.0040 0.4960
vt 0.0040 0.0040
vt 0.4960 0.0040
vt 0.4960 0.4960
vt 0.0040 0.4960
vt 0.5040 0.0040
vt 0.9960 0.0040
vt 0.9960 0.4960
vt 0.5040 0.4960
vt 0.0040 0.0040
vt 0.4960 0.0040
vt 0.4960 0.4960
vt 0.0040 0.4960
vt 0.5040 0.5040
vt 0.9960 0.5040
vt 0.9960 0.9960
vt 0.5040 0.9960
vt 0.5040 0.5040
vt 0.9960 0.5040
vt 0.9960 0.9960
vt 0.5040 0.9960
vt 0.5040 0.0040
vt 0.9960 0.0040
vt 0.9960 0.4960
vt 0.5040 0.4960
vt 0.0040 0.5040
vt 0.4960 0.5040
vt 0.4960 0.9960
vt 0.0040 0.9960
vt 0.0040 0.0040
vt 0.4960 0.0040
vt 0.4960 0.4960
vt 0.0040 0.4960
vt 0.0040 0.0040
vt 0.4960 0.0040
vt 0.4960 0.4960
vt 0.0040 0.4960
vt 0.0040 0.0040
vt 0.4960 0.0040
vt 0.4960 0.4960
vt 0.0040 0.4960
vt 0.0040 0.5040
vt 0.4960 0.5040
vt 0.4960 0.9960
vt 0.0040 0.9960
vt 0.0040 0.5040
vt 0.4960 0.5040
vt 0.4960 0.9960
vt 0.0040 0.9960
vt 0.0040 0.5040
vt 0.4960 0.5040
vt 0.4960 0.9960
vt 0.0040 0.9960
vt 0.5040 0.5040
vt 0.9960 0.5040
vt 0.9960 0.9960
vt 0.5040 0.9960
vt 0.0040 0.0040
vt 0.4960 0.0040
vt 0.4960 0.4960
vt 0.0040 0.4960
vt 0.5040 0.5040
vt 0.9960 0.5040
vt 0.9960 0.9960
vt 0.5040 0.9960
vt 0.5040 0.0040
vt 0.9960 0.0040
vt 0.9960 0.4960
vt 0.5040 0.4960
vt 0.0040 0.5040
vt 0.4960 0.5040
vt 0.4960 0.9960
vt 0.0040 0.9960
vt 0.0040 0.5040
vt 0.4960 0.5040
vt 0.4960 0.9960
vt 0.0040 0.9960
vt 0.5040 0.0040
vt 0.9960 0.0040
vt 0.9960 0.4960
vt 0.5040 0.4960
vt 0.0040 0.5040
vt 0.4960 0.5040
vt 0.4960 0.9960
vt 0.0040 0.9960
vt 0.0040 0.0040
vt 0.4960 0.0040
vt 0.4960 0.4960
vt 0.0040 0.4960
vt 0.0040 0.5040
vt 0.4960 0.5040
vt 0.4960 0.9960
vt 0.0040 0.9960
vt 0.0040 0.5040
vt 0.4960 0.5040
vt 0.4960 0.9960
vt 0.0040 0.9960
vt 0.5040 0.0040
vt 0.9960 0.0040
vt 0.9960 0.4960
vt 0.5040 0.4960
vt 0.0040 0.0040
vt 0.4960 0.0040
vt 0.4960 0.4960
vt 0.0040 0.4960
vt 0.5040 0.0040
vt 0.9960 0.0040
vt 0.9960 0.4960
vt 0.5040 0.4960
vt 0.5040 0.5040
vt 0.9960 0.5040
vt 0.9960 0.9960
vt 0.5040 0.9960
vt 0.0040 0.0040
vt 0.4960 0.0040
vt 0.4960 0.4960
vt 0.0040 0.4960
vt 0.5040 0.0040
vt 0.9960 0.0040
vt 0.9960 0.4960
vt 0.5040 0.4960
vt 0.0040 0.5040
vt 0.4960 0.5040
vt 0.4960 0.9960
vt 0.0040 0.9960
vt 0.5040 0.5040
vt 0.9960 0.5040
vt 0.9960 0.9960
vt 0.5040 0.9960
vt 0.0040 0.0040
vt 0.4960 0.0040
vt 0.4960 0.4960
vt 0.0040 0.4960
vt 0.5040 0.5040
vt 0.9960 0.5040
vt 0.9960 0.9960
vt 0.5040 0.9960
vt 0.0040 0.5040
vt 0.4960 0.5040
vt 0.4960 0.9960
vt 0.0040 0.9960
vt 0.0040 0.5040
vt 0.4960 0.5040
vt 0.4960 0.9960
vt 0.0040 0.9960
vt 0.5040 0.0040
vt 0.9960 0.0040
vt 0.9960 0.4960
vt 0.5040 0.4960
vt 0.0040 0.5040
vt 0.4960 0.5040
vt 0.4960 0.9960
vt 0.0040 0.9960
vt 0.0040 0.5040
vt 0.4960 0.5040
vt 0.4960 0.9960
vt 0.0040 0.9960
vt 0.0040 0.5040
vt 0.4960 0.5040
vt 0.4960 0.9960
vt 0.0040 0.9960
vt 0.0040 0.0040
vt 0.4960 0.0040
vt 0.4960 0.4960
vt 0.0040 0.4960
vt 0.5040 0.5040
vt 0.9960 0.5040
vt 0.9960 0.9960
vt 0.5040 0.9960
vt 0.0040 0.0040
vt 0.4960 0.0040
vt 0.4960 0.4960
vt 0.0040 0.4960
vt 0.5040 0.0040
vt 0.9960 0.0040
vt 0.9960 0.4960
vt 0.5040 0.4960
vt 0.5040 0.0040
vt 0.9960 0.0040
vt 0.9960 0.4960
vt 0.5040 0.4960
vt 0.5040 0.0040
vt 0.9960 0.0040
vt 0.9960 0.4960
vt 0.5040 0.4960
vt 0.0040 0.5040
vt 0.4960 0.5040
vt 0.4960 0.9960
vt 0.0040 0.9960
vt 0.5040 0.0040
vt 0.9960 0.0040
vt 0.9960 0.4960
vt 0.5040 0.4960
vt 0.0040 0.5040
vt 0.4960 0.5040
vt 0.4960 0.9960
vt 0.0040 0.9960
vt 0.0040 0.5040
vt 0.4960 0.5040
vt 0.4960 0.9960
vt 0.0040 0.9960
vt 0.0040 0.0040
vt 0.4960 0.0040
vt 0.4960 0.4960
vt 0.0040 0.4960
vt 0.5040 0.5040
vt 0.9960 0.5040
vt 0.9960 0.9960
vt 0.5040 0.9960
vt 0.0040 0.0040
vt 0.4960 0.0040
vt 0.4960 0.4960
vt 0.0040 0.4960
vt 0.5040 0.0040
vt 0.9960 0.0040
vt 0.9960 0.4960
vt 0.5040 0.4960
vt 0.0040 0.5040
vt 0.4960 0.5040
vt 0.4960 0.9960
vt 0.0040 0.9960
vt 0.5040 0.5040
vt 0.9960 0.5040
vt 0.9960 0.9960
vt 0.5040 0.9960
vt 0.0040 0.0040
vt 0.4960 0.0040
vt 0.4960 0.4960
vt 0.0040 0.4960
vt 0.5040 0.0040
vt 0.9960 0.0040
vt 0.9960 0.4960
vt 0.5040 0.4960
vt 0.0040 0.5040
vt 0.4960 0.5040
vt 0.4960 0.9960
vt 0.0040 0.9960
vt 0.5040 0.0040
vt 0.9960 0.0040
vt 0.9960 0.4960
vt 0.5040 0.4960
vt 0.5040 0.5040
vt 0.9960 0.5040
vt 0.9960 0.9960
vt 0.5040 0.9960
vt 0.0040 0.5040
vt 0.4960 0.5040
vt 0.4960 0.9960
vt 0.0040 0.9960
vt 0.5040 0.5040
vt 0.9960 0.5040
vt 0.9960 0.9960
vt 0.5040 0.9960
vt 0.5040 0.5040
vt 0.9960 0.5040
vt 0.9960 0.9960
vt 0.5040 0.9960
vt 0.0040 0.5040
vt 0.4960 0.5040
vt 0.4960 0.9960
vt 0.0040 0.9960
vt 0.5040 0.5040
vt 0.9960 0.5040
vt 0.9960 0.9960
vt 0.5040 0.9960
vt 0.0040 0.0040
vt 0.4960 0.0040
vt 0.4960 0.4960
vt 0.0040 0.4960
vt 0.5040 0.5040
vt 0.9960 0.5040
vt 0.9960 0.9960
vt 0.5040 0.9960
vt 0.0040 0.5040
vt 0.4960 0.5040
vt 0.4960 0.9960
vt 0.0040 0.9960
vt 0.5040 0.0040
vt 0.9960 0.0040
vt 0.9960 0.4960
vt 0.5040 0.4960
vt 0.0040 0.0040
vt 0.4960 0.0040
vt 0.4960 0.4960
vt 0.0040 0.4960
vt 0.0040 0.0040
vt 0.4960 0.0040
vt 0.4960 0.4960
vt 0.0040 0.4960
vt 0.0040 0.5040
vt 0.4960 0.5040
vt 0.4960 0.9960
vt 0.0040 0.9960
vt 0.0040 0.0040
vt 0.4960 0.0040
vt 0.4960 0.4960
vt 0.0040 0.4960
vt 0.5040 0.0040
vt 0.9960 0.0040
vt 0.9960 0.4960
vt 0.5040 0.4960
vt 0.0040 0.0040
vt 0.4960 0.0040
vt 0.4960 0.4960
vt 0.0040 0.4960
vt 0.0040 0.5040
vt 0.4960 0.5040
vt 0.4960 0.9960
vt 0.0040 0.9960
vt 0.5040 0.0040
vt 0.9960 0.0040
vt 0.9960 0.4960
vt 0.5040 0.4960
vt 0.5040 0.5040
vt 0.9960 0.5040
vt 0.9960 0.9960
vt 0.5040 0.9960
vt 0.5040 0.0040
vt 0.9960 0.0040
vt 0.9960 0.4960
vt 0.5040 0.4960
vt 0.5040 0.0040
vt 0.9960 0.0040
vt 0.9960 0.4960
vt 0.5040 0.4960
vt 0.0040 0.0040
vt 0.4960 0.0040
vt 0.4960 0.4960
vt 0.0040 0.4960
vt 0.0040 0.0040
vt 0.4960 0.0040
vt 0.4960 0.4960
vt 0.0040 0.4960
vt 0.5040 0.5040
vt 0.9960 0.5040
vt 0.9960 0.9960
vt 0.5040 0.9960
vt 0.5040 0.0040
vt 0.9960 0.0040
vt 0.9960 0.4960
vt 0.5040 0.4960
vt 0.0040 0.0040
vt 0.4960 0.0040
vt 0.4960 0.4960
vt 0.0040 0.4960
vt 0.5040 0.0040
vt 0.9960 0.0040
vt 0.9960 0.4960
vt 0.5040 0.4960
vt 0.5040 0.5040
vt 0.9960 0.5040
vt 0.9960 0.9960
vt 0.5040 0.9960
vt 0.5040 0.5040
vt 0.9960 0.5040
vt 0.9960 0.9960
vt 0.5040 0.9960
vt 0.0040 0.0040
vt 0.4960 0.0040
vt 0.4960 0.4960
vt 0.0040 0.4960
vt 0.5040 0.5040
vt 0.9960 0.5040
vt 0.9960 0.9960
vt 0.5040 0.9960
vt 0.5040 0.0040
vt 0.9960 0.0040
vt 0.9960 0.4960
vt 0.5040 0.4960
vt 0.5040 0.5040
vt 0.9960 0.5040
vt 0.9960 0.9960
vt 0.5040 0.9960
vt 0.5040 0.5040
vt 0.9960 0.5040
vt 0.9960 0.9960
vt 0.5040 0.9960
vt 0.5040 0.0040
vt 0.9960 0.0040
vt 0.9960 0.4960
vt 0.5040 0.4960
vt 0.5040 0.5040
vt 0.9960 0.5040
vt 0.9960 0.9960
vt 0.5040 0.9960
vt 0.5040 0.5040
vt 0.9960 0.5040
vt 0.9960 0.9960
vt 0.5040 0.9960
vt 0.0040 0.5040
vt 0.4960 0.5040
vt 0.4960 0.9960
vt 0.0040 0.9960
vt 0.5040 0.5040
vt 0.9960 0.5040
vt 0.9960 0.9960
vt 0.5040 0.9960
vt 0.5040 0.5040
vt 0.9960 0.5040
vt 0.9960 0.9960
vt 0.5040 0.9960
vt 0.0040 0.0040
vt 0.4960 0.0040
vt 0.4960 0.4960
vt 0.0040 0.4960
vt 0.0040 0.0040
vt 0.4960 0.0040
vt 0.4960 0.4960
vt 0.0040 0.4960
vt 0.0040 0.5040
vt 0.4960 0.5040
vt 0.4960 0.9960
vt 0.0040 0.9960
vt 0.0040 0.5040
vt 0.4960 0.5040
vt 0.4960 0.9960
vt 0.0040 0.9960
vt 0.5040 0.0040
vt 0.9960 0.0040
vt 0.9960 0.4960
vt 0.5040 0.4960
vt 0.5040 0.5040
vt 0.9960 0.5040
vt 0.9960 0.9960
vt 0.5040 0.9960
vt 0.5040 0.0040
vt 0.9960 0.0040
vt 0.9960 0.4960
vt 0.5040 0.4960
vt 0.0040 0.5040
vt 0.4960 0.5040
vt 0.4960 0.9960
vt 0.0040 0.9960
vt 0.0040 0.0040
vt 0.4960 0.0040
vt 0.4960 0.4960
vt 0.0040 0.4960
vt 0.0040 0.5040
vt 0.4960 0.5040
vt 0.4960 0.9960
vt 0.0040 0.9960
vt 0.0040 0.5040
vt 0.4960 0.5040
vt 0.4960 0.9960
vt 0.0040 0.9960
vt 0.5040 0.0040
vt 0.9960 0.0040
vt 0.9960 0.4960
vt 0.5040 0.4960
vt 0.0040 0.5040
vt 0.4960 0.5040
vt 0.4960 0.9960
vt 0.0040 0.9960
vt 0.0040 0.0040
vt 0.4960 0.0040
vt 0.4960 0.4960
vt 0.0040 0.4960
vt 0.5040 0.5040
vt 0.9960 0.5040
vt 0.9960 0.9960
vt 0.5040 0.9960
vt 0.0040 0.5040
vt 0.4960 0.5040
vt 0.4960 0.9960
vt 0.0040 0.9960
vt 0.0040 0.5040
vt 0.4960 0.5040
vt 0.4960 0.9960
vt 0.0040 0.9960
vt 0.0040 0.0040
vt 0.4960 0.0040
vt 0.4960 0.4960
vt 0.0040 0.4960
vt 0.5040 0.0040
vt 0.9960 0.0040
vt 0.9960 0.4960
vt 0.5040 0.4960
vt 0.0040 0.5040
vt 0.4960 0.5040
vt 0.4960 0.9960
vt 0.0040 0.9960
vt 0.0040 0.0040
vt 0.4960 0.0040
vt 0.4960 0.4960
vt 0.0040 0.4960
vt 0.0040 0.0040
vt 0.4960 0.0040
vt 0.4960 0.4960
vt 0.0040 0.4960
vt 0.5040 0.5040
vt 0.9960 0.5040
vt 0.9960 0.9960
vt 0.5040 0.9960
vt 0.0040 0.5040
vt 0.4960 0.5040
vt 0.4960 0.9960
vt 0.0040 0.9960
vt 0.5040 0.0040
vt 0.9960 0.0040
vt 0.9960 0.4960
vt 0.5040 0.4960
vt 0.0040 0.5040
vt 0.4960 0.5040
vt 0.4960 0.9960
vt 0.0040 0.9960
vt 0.5040 0.5040
vt 0.9960 0.5040
vt 0.9960 0.9960
vt 0.5040 0.9960
vt 0.0040 0.5040
vt 0.4960 0.5040
vt 0.4960 0.9960
vt 0.0040 0.9960
vt 0.5040 0.5040
vt 0.9960 0.5040
vt 0.9960 0.9960
vt 0.5040 0.9960
vt 0.0040 0.5040
vt 0.4960 0.5040
vt 0.4960 0.9960
vt 0.0040 0.9960
vt 0.5040 0.5040
vt 0.9960 0.5040
vt 0.9960 0.9960
vt 0.5040 0.9960
vt 0.0040 0.0040
vt 0.4960 0.0040
vt 0.4960 0.4960
vt 0.0040 0.4960
vt 0.0040 0.5040
vt 0.4960 0.5040
vt 0.4960 0.9960
vt 0.0040 0.9960
vt 0.5040 0.5040
vt 0.9960 0.5040
vt 0.9960 0.9960
vt 0.5040 0.9960
vt 0.5040 0.5040
vt 0.9960 0.5040
vt 0.9960 0.9960
vt 0.5040 0.9960
vt 0.5040 0.0040
vt 0.9960 0.0040
vt 0.9960 0.4960
vt 0.5040 0.4960
vt 0.0040 0.0040
vt 0.4960 0.0040
vt 0.4960 0.4960
vt 0.0040 0.4960
vt 0.5040 0.0040
vt 0.9960 0.0040
vt 0.9960 0.4960
vt 0.5040 0.4960
vt 0.5040 0.5040
vt 0.9960 0.5040
vt 0.9960 0.9960
vt 0.5040 0.9960
vt 0.0040 0.5040
vt 0.4960 0.5040
vt 0.4960 0.9960
vt 0.0040 0.9960
vt 0.5040 0.0040
vt 0.9960 0.0040
vt 0.9960 0.4960
vt 0.5040 0.4960
vt 0.0040 0.5040
vt 0.4960 0.5040
vt 0.4960 0.9960
vt 0.0040 0.9960
vt 0.5040 0.0040
vt 0.9960 0.0040
vt 0.9960 0.4960
vt 0.5040 0.4960
vt 0.5040 0.0040
vt 0.9960 0.0040
vt 0.9960 0.4960
vt 0.5040 0.4960
vt 0.0040 0.0040
vt 0.4960 0.0040
vt 0.4960 0.4960
vt 0.0040 0.4960
vt 0.5040 0.0040
vt 0.9960 0.0040
vt 0.9960 0.4960
vt 0.5040 0.4960
vt 0.0040 0.0040
vt 0.4960 0.0040
vt 0.4960 0.4960
vt 0.0040 0.4960
vt 0.0040 0.5040
vt 0.4960 0.5040
vt 0.4960 0.9960
vt 0.0040 0.9960
vt 0.5040 0.5040
vt 0.9960 0.5040
vt 0.9960 0.9960
vt 0.5040 0.9960
vt 0.5040 0.5040
vt 0.9960 0.5040
vt 0.9960 0.9960
vt 0.5040 0.9960
vt 0.0040 0.0040
vt 0.4960 0.0040
vt 0.4960 0.4960
vt 0.0040 0.4960
vt 0.5040 0.5040
vt 0.9960 0.5040
vt 0.9960 0.9960
vt 0.5040 0.9960
vt 0.5040 0.0040
vt 0.9960 0.0040
vt 0.9960 0.4960
vt 0.5040 0.4960
vt 0.5040 0.5040
vt 0.9960 0.5040
vt 0.9960 0.9960
vt 0.5040 0.9960
vt 0.0040 0.0040
vt 0.4960 0.0040
vt 0.4960 0.4960
vt 0.0040 0.4960
vt 0.0040 0.5040
vt 0.4960 0.5040
vt 0.4960 0.9960
vt 0.0040 0.9960
vt 0.5040 0.5040
vt 0.9960 0.5040
vt 0.9960 0.9960
vt 0.5040 0.9960
vt 0.5040 0.0040
vt 0.9960 0.0040
vt 0.9960 0.4960
vt 0.5040 0.4960
vt 0.0040 0.5040
vt 0.4960 0.5040
vt 0.4960 0.9960
vt 0.0040 0.9960
vt 0.5040 0.0040
vt 0.9960 0.0040
vt 0.9960 0.4960
vt 0.5040 0.4960
vt 0.5040 0.0040
vt 0.9960 0.0040
vt 0.9960 0.4960
vt 0.5040 0.4960
vt 0.5040 0.5040
vt 0.9960 0.5040
vt 0.9960 0.9960
vt 0.5040 0.9960
vt 0.0040 0.5040
vt 0.4960 0.5040
vt 0.4960 0.9960
vt 0.0040 0.9960
vt 0.5040 0.0040
vt 0.9960 0.0040
vt 0.9960 0.4960
vt 0.5040 0.4960
vt 0.0040 0.0040
vt 0.4960 0.0040
vt 0.4960 0.4960
vt 0.0040 0.4960
vt 0.0040 0.0040
vt 0.4960 0.0040
vt 0.4960 0.4960
vt 0.0040 0.4960
vt 0.0040 0.0040
vt 0.4960 0.0040
vt 0.4960 0.4960
vt 0.0040 0.4960
vt 0.0040 0.5040
vt 0.4960 0.5040
vt 0.4960 0.9960
vt 0.0040 0.9960
vt 0.0040 0.0040
vt 0.4960 0.0040
vt 0.4960 0.4960
vt 0.0040 0.4960
vt 0.5040 0.5040
vt 0.9960 0.5040
vt 0.9960 0.9960
vt 0.5040 0.9960
vt 0.0040 0.5040
vt 0.4960 0.5040
vt 0.4960 0.9960
vt 0.0040 0.9960
vt 0.5040 0.5040
vt 0.9960 0.5040
vt 0.9960 0.9960
vt 0.5040 0.9960
vt 0.0040 0.5040
vt 0.4960 0.5040
vt 0.4960 0.9960
vt 0.0040 0.9960
vt 0.5040 0.0040
vt 0.9960 0.0040
vt 0.9960 0.4960
vt 0.5040 0.4960
vt 0.5040 0.5040
vt 0.9960 0.5040
vt 0.9960 0.9960
vt 0.5040 0.9960
vt 0.5040 0.0040
vt 0.9960 0.0040
vt 0.9960 0.4960
vt 0.5040 0.4960
vt 0.5040 0.5040
vt 0.9960 0.5040
vt 0.9960 0.9960
vt 0.5040 0.9960
vt 0.0040 0.0040
vt 0.4960 0.0040
vt 0.4960 0.4960
vt 0.0040 0.4960
vt 0.0040 0.5040
vt 0.4960 0.5040
vt 0.4960 0.9960
vt 0.0040 0.9960
vt 0.5040 0.0040
vt 0.9960 0.0040
vt 0.9960 0.4960
vt 0.5040 0.4960
vt 0.5040 0.5040
vt 0.9960 0.5040
vt 0.9960 0.9960
vt 0.5040 0.9960
vt 0.0040 0.0040
vt 0.4960 0.0040
vt 0.4960 0.4960
vt 0.0040 0.4960
vt 0.5040 0.0040
vt 0.9960 0.0040
vt 0.9960 0.4960
vt 0.5040 0.4960
vt 0.0040 0.0040
vt 0.4960 0.0040
vt 0.4960 0.4960
vt 0.0040 0.4960
vt 0.5040 0.0040
vt 0.9960 0.0040
vt 0.9960 0.4960
vt 0.5040 0.4960
vt 0.0040 0.0040
vt 0.4960 0.0040
vt 0.4960 0.4960
vt 0.0040 0.4960
vt 0.5040 0.5040
vt 0.9960 0.5040
vt 0.9960 0.9960
vt 0.5040 0.9960
vt 0.5040 0.0040
vt 0.9960 0.0040
vt 0.9960 0.4960
vt 0.5040 0.4960
vt 0.0040 0.0040
vt 0.4960 0.0040
vt 0.4960 0.4960
vt 0.0040 0.4960
vt 0.0040 0.0040
vt 0.4960 0.0040
vt 0.4960 0.4960
vt 0.0040 0.4960
vt 0.0040 0.5040
vt 0.4960 0.5040
vt 0.4960 0.9960
vt 0.0040 0.9960
vt 0.0040 0.0040
vt 0.4960 0.0040
vt 0.4960 0.4960
vt 0.0040 0.4960
vt 0.0040 0.5040
vt 0.4960 0.5040
vt 0.4960 0.9960
vt 0.0040 0.9960
vt 0.5040 0.5040
vt 0.9960 0.5040
vt 0.9960 0.9960
vt 0.5040 0.9960
vt 0.0040 0.0040
vt 0.4960 0.0040
vt 0.4960 0.4960
vt 0.0040 0.4960
vt 0.0040 0.5040
vt 0.4960 0.5040
vt 0.4960 0.9960
vt 0.0040 0.9960
vt 0.5040 0.0040
vt 0.9960 0.0040
vt 0.9960 0.4960
vt 0.5040 0.4960
vt 0.5040 0.5040
vt 0.9960 0.5040
vt 0.9960 0.9960
vt 0.5040 0.9960
vt 0.0040 0.0040
vt 0.4960 0.0040
vt 0.4960 0.4960
vt 0.0040 0.4960
vt 0.5040 0.0040
vt 0.9960 0.0040
vt 0.9960 0.4960
vt 0.5040 0.4960
vt 0.0040 0.5040
vt 0.4960 0.5040
vt 0.4960 0.9960
vt 0.0040 0.9960
vt 0.0040 0.0040
vt 0.4960 0.0040
vt 0.4960 0.4960
vt 0.0040 0.4960
vt 0.5040 0.5040
vt 0.9960 0.5040
vt 0.9960 0.9960
vt 0.5040 0.9960
vt 0.5040 0.0040
vt 0.9960 0.0040
vt 0.9960 0.4960
vt 0.5040 0.4960
vt 0.5040 0.0040
vt 0.9960 0.0040
vt 0.9960 0.4960
vt 0.5040 0.4960
vt 0.0040 0.5040
vt 0.4960 0.5040
vt 0.4960 0.9960
vt 0.0040 0.9960
vt 0.5040 0.0040
vt 0.9960 0.0040
vt 0.9960 0.4960
vt 0.5040 0.4960
vt 0.5040 0.0040
vt 0.9960 0.0040
vt 0.9960 0.4960
vt 0.5040 0.4960
vt 0.5040 0.5040
vt 0.9960 0.5040
vt 0.9960 0.9960
vt 0.5040 0.9960
vt 0.0040 0.0040
vt 0.4960 0.0040
vt 0.4960 0.4960
vt 0.0040 0.4960
vt 0.5040 0.5040
vt 0.9960 0.5040
vt 0.9960 0.9960
vt 0.5040 0.9960
vt 0.5040 0.0040
vt 0.9960 0.0040
vt 0.9960 0.4960
vt 0.5040 0.4960
vt 0.5040 0.0040
vt 0.9960 0.0040
vt 0.9960 0.4960
vt 0.5040 0.4960
vt 0.0040 0.5040
vt 0.4960 0.5040
vt 0.4960 0.9960
vt 0.0040 0.9960
vt 0.5040 0.5040
vt 0.9960 0.5040
vt 0.9960 0.9960
vt 0.5040 0.9960
vt 0.0040 0.5040
vt 0.4960 0.5040
vt 0.4960 0.9960
vt 0.0040 0.9960
vt 0.0040 0.5040
vt 0.4960 0.5040
vt 0.4960 0.9960
vt 0.0040 0.9960
vt 0.5040 0.0040
vt 0.9960 0.0040
vt 0.9960 0.4960
vt 0.5040 0.4960
vt 0.0040 0.0040
vt 0.4960 0.0040
vt 0.4960 0.4960
vt 0.0040 0.4960
vt 0.5040 0.5040
vt 0.9960 0.5040
vt 0.9960 0.9960
vt 0.5040 0.9960
vt 0.5040 0.5040
vt 0.9960 0.5040
vt 0.9960 0.9960
vt 0.5040 0.9960
vt 0.0040 0.5040
vt 0.4960 0.5040
vt 0.4960 0.9960
vt 0.0040 0.9960
vt 0.0040 0.0040
vt 0.4960 0.0040
vt 0.4960 0.4960
vt 0.0040 0.4960
vt 0.0040 0.0040
vt 0.4960 0.0040
vt 0.4960 0.4960
vt 0.0040 0.4960
vt 0.0040 0.0040
vt 0.4960 0.0040
vt 0.4960 0.4960
vt 0.0040 0.4960
vt 0.5040 0.5040
vt 0.9960 0.5040
vt 0.9960 0.9960
vt 0.5040 0.9960
vt 0.5040 0.5040
vt 0.9960 0.5040
vt 0.9960 0.9960
vt 0.5040 0.9960
vt 0.0040 0.0040
vt 0.4960 0.0040
vt 0.4960 0.4960
vt 0.0040 0.4960
vt 0.5040 0.0040
vt 0.9960 0.0040
vt 0.9960 0.4960
vt 0.5040 0.4960
vt 0.0040 0.0040
vt 0.4960 0.0040
vt 0.4960 0.4960
vt 0.0040 0.4960
vt 0.0040 0.5040
vt 0.4960 0.5040
vt 0.4960 0.9960
vt 0.0040 0.9960
vt 0.5040 0.0040
vt 0.9960 0.0040
vt 0.9960 0.4960
vt 0.5040 0.4960
vt 0.0040 0.0040
vt 0.4960 0.0040
vt 0.4960 0.4960
vt 0.0040 0.4960
vt 0.5040 0.5040
vt 0.9960 0.5040
vt 0.9960 0.9960
vt 0.5040 0.9960
vt 0.0040 0.5040
vt 0.4960 0.5040
vt 0.4960 0.9960
vt 0.0040 0.9960
vt 0.0040 0.5040
vt 0.4960 0.5040
vt 0.4960 0.9960
vt 0.0040 0.9960
vt 0.0040 0.0040
vt 0.4960 0.0040
vt 0.4960 0.4960
vt 0.0040 0.4960
vt 0.0040 0.0040
vt 0.4960 0.0040
vt 0.4960 0.4960
vt 0.0040 0.4960
vt 0.5040 0.5040
vt 0.9960 0.5040
vt 0.9960 0.9960
vt 0.5040 0.9960
vt 0.5040 0.5040
vt 0.9960 0.5040
vt 0.9960 0.9960
vt 0.5040 0.9960
vt 0.5040 0.5040
vt 0.9960 0.5040
vt 0.9960 0.9960
vt 0.5040 0.9960
vt 0.0040 0.5040
vt 0.4960 0.5040
vt 0.4960 0.9960
vt 0.0040 0.9960
vt 0.0040 0.5040
vt 0.4960 0.5040
vt 0.4960 0.9960
vt 0.0040 0.9960
vt 0.0040 0.0040
vt 0.4960 0.0040
vt 0.4960 0.4960
vt 0.0040 0.4960
vt 0.0040 0.5040
vt 0.4960 0.5040
vt 0.4960 0.9960
vt 0.0040 0.9960
vt 0.5040 0.5040
vt 0.9960 0.5040
vt 0.9960 0.9960
vt 0.5040 0.9960
vt 0.0040 0.0040
vt 0.4960 0.0040
vt 0.4960 0.4960
vt 0.0040 0.4960
vt 0.5040 0.5040
vt 0.9960 0.5040
vt 0.9960 0.9960
vt 0.5040 0.9960
vn -0.060 -0.997 0.045
vn -0.060 -0.997 0.045
vn -0.060 -0.997 0.045
vn -0.060 -0.997 0.045
vn -0.038 -0.997 0.064
vn -0.038 -0.997 0.064
vn -0.038 -0.997 0.064
vn -0.038 -0.997 0.064
vn -0.049 -0.997 0.054
vn -0.049 -0.997 0.054
vn -0.049 -0.997 0.054
vn -0.049 -0.997 0.054
vn -0.154 -0.975 0.159
vn -0.154 -0.975 0.159
vn -0.154 -0.975 0.159
vn -0.154 -0.975 0.159
vn -0.132 -0.975 0.177
vn -0.132 -0.975 0.177
vn -0.132 -0.975 0.177
vn -0.132 -0.975 0.177
vn -0.143 -0.975 0.168
vn -0.143 -0.975 0.168
vn -0.143 -0.975 0.168
vn -0.143 -0.975 0.168
vn -0.195 -0.958 0.211
vn -0.195 -0.958 0.211
vn -0.195 -0.958 0.211
vn -0.195 -0.958 0.211
vn -0.174 -0.957 0.230
vn -0.174 -0.957 0.230
vn -0.174 -0.957 0.230
vn -0.174 -0.957 0.230
vn -0.185 -0.958 0.221
vn -0.185 -0.958 0.221
vn -0.185 -0.958 0.221
vn -0.185 -0.958 0.221
vn -0.237 -0.937 0.258
vn -0.237 -0.937 0.258
vn -0.237 -0.937 0.258
vn -0.237 -0.937 0.258
vn -0.216 -0.937 0.275
vn -0.216 -0.937 0.275
vn -0.216 -0.937 0.275
vn -0.216 -0.937 0.275
vn -0.227 -0.937 0.267
vn -0.227 -0.937 0.267
vn -0.227 -0.937 0.267
vn -0.227 -0.937 0.267
vn -0.237 -0.937 0.258
vn -0.237 -0.937 0.258
vn -0.237 -0.937 0.258
vn -0.237 -0.937 0.258
vn -0.216 -0.937 0.275
vn -0.216 -0.937 0.275
vn -0.216 -0.937 0.275
vn -0.216 -0.937 0.275
vn -0.227 -0.937 0.267
vn -0.227 -0.937 0.267
vn -0.227 -0.937 0.267
vn -0.227 -0.937 0.267
vn 0.008 -1.000 -0.016
vn 0.008 -1.000 -0.016
vn 0.008 -1.000 -0.016
vn 0.008 -1.000 -0.016
vn -0.008 -1.000 0.008
vn -0.008 -1.000 0.008
vn -0.008 -1.000 0.008
vn -0.008 -1.000 0.008
vn -0.000 -1.000 -0.004
vn -0.000 -1.000 -0.004
vn -0.000 -1.000 -0.004
vn -0.000 -1.000 -0.004
vn -0.203 -0.967 -0.152
vn -0.203 -0.967 -0.152
vn -0.203 -0.967 -0.152
vn -0.203 -0.967 -0.152
vn -0.219 -0.967 -0.129
vn -0.219 -0.967 -0.129
vn -0.219 -0.967 -0.129
vn -0.219 -0.967 -0.129
vn -0.211 -0.967 -0.141
vn -0.211 -0.967 -0.141
vn -0.211 -0.967 -0.141
vn -0.211 -0.967 -0.141
vn -0.203 -0.967 -0.152
vn -0.203 -0.967 -0.152
vn -0.203 -0.967 -0.152
vn -0.203 -0.967 -0.152
vn -0.219 -0.967 -0.129
vn -0.219 -0.967 -0.129
vn -0.219 -0.967 -0.129
vn -0.219 -0.967 -0.129
vn -0.211 -0.967 -0.141
vn -0.211 -0.967 -0.141
vn -0.211 -0.967 -0.141
vn -0.211 -0.967 -0.141
vn -0.262 -0.945 -0.195
vn -0.262 -0.945 -0.195
vn -0.262 -0.945 -0.195
vn -0.262 -0.945 -0.195
vn -0.276 -0.946 -0.171
vn -0.276 -0.946 -0.171
vn -0.276 -0.946 -0.171
vn -0.276 -0.946 -0.171
vn -0.269 -0.945 -0.183
vn -0.269 -0.945 -0.183
vn -0.269 -0.945 -0.183
vn -0.269 -0.945 -0.183
vn -0.006 -0.997 -0.078
vn -0.006 -0.997 -0.078
vn -0.006 -0.997 -0.078
vn -0.006 -0.997 -0.078
vn -0.034 -0.997 -0.070
vn -0.034 -0.997 -0.070
vn -0.034 -0.997 -0.070
vn -0.034 -0.997 -0.070
vn -0.020 -0.997 -0.074
vn -0.020 -0.997 -0.074
vn -0.020 -0.997 -0.074
vn -0.020 -0.997 -0.074
vn -0.006 -0.997 -0.078
vn -0.006 -0.997 -0.078
vn -0.006 -0.997 -0.078
vn -0.006 -0.997 -0.078
vn -0.034 -0.997 -0.070
vn -0.034 -0.997 -0.070
vn -0.034 -0.997 -0.070
vn -0.034 -0.997 -0.070
vn -0.020 -0.997 -0.074
vn -0.020 -0.997 -0.074
vn -0.020 -0.997 -0.074
vn -0.020 -0.997 -0.074
vn -0.026 -0.989 -0.147
vn -0.026 -0.989 -0.147
vn -0.026 -0.989 -0.147
vn -0.026 -0.989 -0.147
vn -0.054 -0.989 -0.139
vn -0.054 -0.989 -0.139
vn -0.054 -0.989 -0.139
vn -0.054 -0.989 -0.139
vn -0.040 -0.989 -0.143
vn -0.040 -0.989 -0.143
vn -0.040 -0.989 -0.143
vn -0.040 -0.989 -0.143
vn -0.044 -0.976 -0.215
vn -0.044 -0.976 -0.215
vn -0.044 -0.976 -0.215
vn -0.044 -0.976 -0.215
vn -0.071 -0.976 -0.207
vn -0.071 -0.976 -0.207
vn -0.071 -0.976 -0.207
vn -0.071 -0.976 -0.207
vn -0.058 -0.976 -0.211
vn -0.058 -0.976 -0.211
vn -0.058 -0.976 -0.211
vn -0.058 -0.976 -0.211
vn -0.064 -0.959 -0.277
vn -0.064 -0.959 -0.277
vn -0.064 -0.959 -0.277
vn -0.064 -0.959 -0.277
vn -0.091 -0.959 -0.269
vn -0.091 -0.959 -0.269
vn -0.091 -0.959 -0.269
vn -0.091 -0.959 -0.269
vn -0.077 -0.959 -0.273
vn -0.077 -0.959 -0.273
vn -0.077 -0.959 -0.273
vn -0.077 -0.959 -0.273
vn -0.082 -0.938 -0.336
vn -0.082 -0.938 -0.336
vn -0.082 -0.938 -0.336
vn -0.082 -0.938 -0.336
vn -0.108 -0.938 -0.328
vn -0.108 -0.938 -0.328
vn -0.108 -0.938 -0.328
vn -0.108 -0.938 -0.328
vn -0.095 -0.938 -0.332
vn -0.095 -0.938 -0.332
vn -0.095 -0.938 -0.332
vn -0.095 -0.938 -0.332
vn 0.125 -0.986 -0.107
vn 0.125 -0.986 -0.107
vn 0.125 -0.986 -0.107
vn 0.125 -0.986 -0.107
vn 0.105 -0.986 -0.128
vn 0.105 -0.986 -0.128
vn 0.105 -0.986 -0.128
vn 0.105 -0.986 -0.128
vn 0.115 -0.986 -0.118
vn 0.115 -0.986 -0.118
vn 0.115 -0.986 -0.118
vn 0.115 -0.986 -0.118
vn 0.125 -0.986 -0.107
vn 0.125 -0.986 -0.107
vn 0.125 -0.986 -0.107
vn 0.125 -0.986 -0.107
vn 0.105 -0.986 -0.128
vn 0.105 -0.986 -0.128
vn 0.105 -0.986 -0.128
vn 0.105 -0.986 -0.128
vn 0.115 -0.986 -0.118
vn 0.115 -0.986 -0.118
vn 0.115 -0.986 -0.118
vn 0.115 -0.986 -0.118
vn 0.179 -0.971 -0.159
vn 0.179 -0.971 -0.159
vn 0.179 -0.971 -0.159
vn 0.179 -0.971 -0.159
vn 0.161 -0.970 -0.181
vn 0.161 -0.970 -0.181
vn 0.161 -0.970 -0.181
vn 0.161 -0.970 -0.181
vn 0.170 -0.971 -0.170
vn 0.170 -0.971 -0.170
vn 0.170 -0.971 -0.170
vn 0.170 -0.971 -0.170
vn 0.233 -0.951 -0.205
vn 0.233 -0.951 -0.205
vn 0.233 -0.951 -0.205
vn 0.233 -0.951 -0.205
vn 0.214 -0.951 -0.225
vn 0.214 -0.951 -0.225
vn 0.214 -0.951 -0.225
vn 0.214 -0.951 -0.225
vn 0.223 -0.951 -0.215
vn 0.223 -0.951 -0.215
vn 0.223 -0.951 -0.215
vn 0.223 -0.951 -0.215
vn 0.233 -0.951 -0.205
vn 0.233 -0.951 -0.205
vn 0.233 -0.951 -0.205
vn 0.233 -0.951 -0.205
vn 0.214 -0.951 -0.225
vn 0.214 -0.951 -0.225
vn 0.214 -0.951 -0.225
vn 0.214 -0.951 -0.225
vn 0.223 -0.951 -0.215
vn 0.223 -0.951 -0.215
vn 0.223 -0.951 -0.215
vn 0.223 -0.951 -0.215
vn -0.004 -1.000 0.010
vn -0.004 -1.000 0.010
vn -0.004 -1.000 0.010
vn -0.004 -1.000 0.010
vn 0.003 -1.000 -0.018
vn 0.003 -1.000 -0.018
vn 0.003 -1.000 -0.018
vn 0.003 -1.000 -0.018
vn -0.000 -1.000 -0.004
vn -0.000 -1.000 -0.004
vn -0.000 -1.000 -0.004
vn -0.000 -1.000 -0.004
vn 0.067 -0.997 0.027
vn 0.067 -0.997 0.027
vn 0.067 -0.997 0.027
vn 0.067 -0.997 0.027
vn 0.074 -0.997 -0.001
vn 0.074 -0.997 -0.001
vn 0.074 -0.997 -0.001
vn 0.074 -0.997 -0.001
vn 0.071 -0.997 0.013
vn 0.071 -0.997 0.013
vn 0.071 -0.997 0.013
vn 0.071 -0.997 0.013
vn 0.137 -0.990 0.044
vn 0.137 -0.990 0.044
vn 0.137 -0.990 0.044
vn 0.137 -0.990 0.044
vn 0.145 -0.989 0.016
vn 0.145 -0.989 0.016
vn 0.145 -0.989 0.016
vn 0.145 -0.989 0.016
vn 0.141 -0.990 0.030
vn 0.141 -0.990 0.030
vn 0.141 -0.990 0.030
vn 0.141 -0.990 0.030
vn 0.205 -0.977 0.062
vn 0.205 -0.977 0.062
vn 0.205 -0.977 0.062
vn 0.205 -0.977 0.062
vn 0.211 -0.977 0.034
vn 0.211 -0.977 0.034
vn 0.211 -0.977 0.034
vn 0.211 -0.977 0.034
vn 0.208 -0.977 0.048
vn 0.208 -0.977 0.048
vn 0.208 -0.977 0.048
vn 0.208 -0.977 0.048
vn 0.205 -0.977 0.062
vn 0.205 -0.977 0.062
vn 0.205 -0.977 0.062
vn 0.205 -0.977 0.062
vn 0.211 -0.977 0.034
vn 0.211 -0.977 0.034
vn 0.211 -0.977 0.034
vn 0.211 -0.977 0.034
vn 0.208 -0.977 0.048
vn 0.208 -0.977 0.048
vn 0.208 -0.977 0.048
vn 0.208 -0.977 0.048
vn 0.327 -0.941 0.091
vn 0.327 -0.941 0.091
vn 0.327 -0.941 0.091
vn 0.327 -0.941 0.091
vn 0.333 -0.941 0.064
vn 0.333 -0.941 0.064
vn 0.333 -0.941 0.064
vn 0.333 -0.941 0.064
vn 0.330 -0.941 0.077
vn 0.330 -0.941 0.077
vn 0.330 -0.941 0.077
vn 0.330 -0.941 0.077
vn 0.381 -0.919 0.102
vn 0.381 -0.919 0.102
vn 0.381 -0.919 0.102
vn 0.381 -0.919 0.102
vn 0.387 -0.919 0.076
vn 0.387 -0.919 0.076
vn 0.387 -0.919 0.076
vn 0.387 -0.919 0.076
vn 0.384 -0.919 0.089
vn 0.384 -0.919 0.089
vn 0.384 -0.919 0.089
vn 0.384 -0.919 0.089
vn -0.014 -1.000 -0.000
vn -0.014 -1.000 -0.000
vn -0.014 -1.000 -0.000
vn -0.014 -1.000 -0.000
vn 0.014 -1.000 -0.007
vn 0.014 -1.000 -0.007
vn 0.014 -1.000 -0.007
vn 0.014 -1.000 -0.007
vn -0.000 -1.000 -0.004
vn -0.000 -1.000 -0.004
vn -0.000 -1.000 -0.004
vn -0.000 -1.000 -0.004
vn -0.014 -1.000 -0.000
vn -0.014 -1.000 -0.000
vn -0.014 -1.000 -0.000
vn -0.014 -1.000 -0.000
vn 0.014 -1.000 -0.007
vn 0.014 -1.000 -0.007
vn 0.014 -1.000 -0.007
vn 0.014 -1.000 -0.007
vn -0.000 -1.000 -0.004
vn -0.000 -1.000 -0.004
vn -0.000 -1.000 -0.004
vn -0.000 -1.000 -0.004
vn 0.006 -0.997 0.081
vn 0.006 -0.997 0.081
vn 0.006 -0.997 0.081
vn 0.006 -0.997 0.081
vn 0.034 -0.997 0.072
vn 0.034 -0.997 0.072
vn 0.034 -0.997 0.072
vn 0.034 -0.997 0.072
vn 0.020 -0.997 0.076
vn 0.020 -0.997 0.076
vn 0.020 -0.997 0.076
vn 0.020 -0.997 0.076
vn 0.049 -0.971 0.234
vn 0.049 -0.971 0.234
vn 0.049 -0.971 0.234
vn 0.049 -0.971 0.234
vn 0.077 -0.971 0.227
vn 0.077 -0.971 0.227
vn 0.077 -0.971 0.227
vn 0.077 -0.971 0.227
vn 0.063 -0.971 0.230
vn 0.063 -0.971 0.230
vn 0.063 -0.971 0.230
vn 0.063 -0.971 0.230
vn 0.016 -1.000 -0.007
vn 0.016 -1.000 -0.007
vn 0.016 -1.000 -0.007
vn 0.016 -1.000 -0.007
vn -0.015 -1.000 -0.003
vn -0.015 -1.000 -0.003
vn -0.015 -1.000 -0.003
vn -0.015 -1.000 -0.003
vn 0.000 -1.000 -0.005
vn 0.000 -1.000 -0.005
vn 0.000 -1.000 -0.005
vn 0.000 -1.000 -0.005
vn 0.016 -1.000 -0.007
vn 0.016 -1.000 -0.007
vn 0.016 -1.000 -0.007
vn 0.016 -1.000 -0.007
vn -0.015 -1.000 -0.003
vn -0.015 -1.000 -0.003
vn -0.015 -1.000 -0.003
vn -0.015 -1.000 -0.003
vn 0.000 -1.000 -0.005
vn 0.000 -1.000 -0.005
vn 0.000 -1.000 -0.005
vn 0.000 -1.000 -0.005
vn -0.003 -0.983 -0.182
vn -0.003 -0.983 -0.182
vn -0.003 -0.983 -0.182
vn -0.003 -0.983 -0.182
vn -0.034 -0.983 -0.180
vn -0.034 -0.983 -0.180
vn -0.034 -0.983 -0.180
vn -0.034 -0.983 -0.180
vn -0.018 -0.983 -0.181
vn -0.018 -0.983 -0.181
vn -0.018 -0.983 -0.181
vn -0.018 -0.983 -0.181
vn -0.014 -0.940 -0.341
vn -0.014 -0.940 -0.341
vn -0.014 -0.940 -0.341
vn -0.014 -0.940 -0.341
vn -0.043 -0.940 -0.339
vn -0.043 -0.940 -0.339
vn -0.043 -0.940 -0.339
vn -0.043 -0.940 -0.339
vn -0.029 -0.940 -0.340
vn -0.029 -0.940 -0.340
vn -0.029 -0.940 -0.340
vn -0.029 -0.940 -0.340
vn 0.008 -1.000 0.009
vn 0.008 -1.000 0.009
vn 0.008 -1.000 0.009
vn 0.008 -1.000 0.009
vn -0.007 -1.000 -0.019
vn -0.007 -1.000 -0.019
vn -0.007 -1.000 -0.019
vn -0.007 -1.000 -0.019
vn 0.000 -1.000 -0.005
vn 0.000 -1.000 -0.005
vn 0.000 -1.000 -0.005
vn 0.000 -1.000 -0.005
vn 0.086 -0.996 -0.033
vn 0.086 -0.996 -0.033
vn 0.086 -0.996 -0.033
vn 0.086 -0.996 -0.033
vn 0.073 -0.995 -0.061
vn 0.073 -0.995 -0.061
vn 0.073 -0.995 -0.061
vn 0.073 -0.995 -0.061
vn 0.080 -0.996 -0.047
vn 0.080 -0.996 -0.047
vn 0.080 -0.996 -0.047
vn 0.080 -0.996 -0.047
vn 0.166 -0.984 -0.071
vn 0.166 -0.984 -0.071
vn 0.166 -0.984 -0.071
vn 0.166 -0.984 -0.071
vn 0.153 -0.983 -0.099
vn 0.153 -0.983 -0.099
vn 0.153 -0.983 -0.099
vn 0.153 -0.983 -0.099
vn 0.160 -0.984 -0.085
vn 0.160 -0.984 -0.085
vn 0.160 -0.984 -0.085
vn 0.160 -0.984 -0.085
vn 0.308 -0.941 -0.140
vn 0.308 -0.941 -0.140
vn 0.308 -0.941 -0.140
vn 0.308 -0.941 -0.140
vn 0.294 -0.941 -0.166
vn 0.294 -0.941 -0.166
vn 0.294 -0.941 -0.166
vn 0.294 -0.941 -0.166
vn 0.301 -0.941 -0.153
vn 0.301 -0.941 -0.153
vn 0.301 -0.941 -0.153
vn 0.301 -0.941 -0.153
vn 0.308 -0.941 -0.140
vn 0.308 -0.941 -0.140
vn 0.308 -0.941 -0.140
vn 0.308 -0.941 -0.140
vn 0.294 -0.941 -0.166
vn 0.294 -0.941 -0.166
vn 0.294 -0.941 -0.166
vn 0.294 -0.941 -0.166
vn 0.301 -0.941 -0.153
vn 0.301 -0.941 -0.153
vn 0.301 -0.941 -0.153
vn 0.301 -0.941 -0.153
vn -0.009 -1.000 0.008
vn -0.009 -1.000 0.008
vn -0.009 -1.000 0.008
vn -0.009 -1.000 0.008
vn 0.009 -1.000 -0.018
vn 0.009 -1.000 -0.018
vn 0.009 -1.000 -0.018
vn 0.009 -1.000 -0.018
vn 0.000 -1.000 -0.005
vn 0.000 -1.000 -0.005
vn 0.000 -1.000 -0.005
vn 0.000 -1.000 -0.005
vn 0.058 -0.997 0.054
vn 0.058 -0.997 0.054
vn 0.058 -0.997 0.054
vn 0.058 -0.997 0.054
vn 0.076 -0.997 0.028
vn 0.076 -0.997 0.028
vn 0.076 -0.997 0.028
vn 0.076 -0.997 0.028
vn 0.067 -0.997 0.041
vn 0.067 -0.997 0.041
vn 0.067 -0.997 0.041
vn 0.067 -0.997 0.041
vn 0.126 -0.987 0.099
vn 0.126 -0.987 0.099
vn 0.126 -0.987 0.099
vn 0.126 -0.987 0.099
vn 0.141 -0.987 0.072
vn 0.141 -0.987 0.072
vn 0.141 -0.987 0.072
vn 0.141 -0.987 0.072
vn 0.133 -0.987 0.085
vn 0.133 -0.987 0.085
vn 0.133 -0.987 0.085
vn 0.133 -0.987 0.085
vn 0.126 -0.987 0.099
vn 0.126 -0.987 0.099
vn 0.126 -0.987 0.099
vn 0.126 -0.987 0.099
vn 0.141 -0.987 0.072
vn 0.141 -0.987 0.072
vn 0.141 -0.987 0.072
vn 0.141 -0.987 0.072
vn 0.133 -0.987 0.085
vn 0.133 -0.987 0.085
vn 0.133 -0.987 0.085
vn 0.133 -0.987 0.085
vn 0.191 -0.972 0.135
vn 0.191 -0.972 0.135
vn 0.191 -0.972 0.135
vn 0.191 -0.972 0.135
vn 0.208 -0.972 0.110
vn 0.208 -0.972 0.110
vn 0.208 -0.972 0.110
vn 0.208 -0.972 0.110
vn 0.200 -0.972 0.122
vn 0.200 -0.972 0.122
vn 0.200 -0.972 0.122
vn 0.200 -0.972 0.122
vn -0.015 -1.000 -0.006
vn -0.015 -1.000 -0.006
vn -0.015 -1.000 -0.006
vn -0.015 -1.000 -0.006
vn 0.016 -1.000 -0.004
vn 0.016 -1.000 -0.004
vn 0.016 -1.000 -0.004
vn 0.016 -1.000 -0.004
vn 0.000 -1.000 -0.005
vn 0.000 -1.000 -0.005
vn 0.000 -1.000 -0.005
vn 0.000 -1.000 -0.005
vn -0.021 -0.996 0.082
vn -0.021 -0.996 0.082
vn -0.021 -0.996 0.082
vn -0.021 -0.996 0.082
vn 0.010 -0.996 0.083
vn 0.010 -0.996 0.083
vn 0.010 -0.996 0.083
vn 0.010 -0.996 0.083
vn -0.005 -0.997 0.082
vn -0.005 -0.997 0.082
vn -0.005 -0.997 0.082
vn -0.005 -0.997 0.082
vn -0.025 -0.986 0.167
vn -0.025 -0.986 0.167
vn -0.025 -0.986 0.167
vn -0.025 -0.986 0.167
vn 0.005 -0.986 0.167
vn 0.005 -0.986 0.167
vn 0.005 -0.986 0.167
vn 0.005 -0.986 0.167
vn -0.010 -0.986 0.167
vn -0.010 -0.986 0.167
vn -0.010 -0.986 0.167
vn -0.010 -0.986 0.167
vn -0.025 -0.986 0.167
vn -0.025 -0.986 0.167
vn -0.025 -0.986 0.167
vn -0.025 -0.986 0.167
vn 0.005 -0.986 0.167
vn 0.005 -0.986 0.167
vn 0.005 -0.986 0.167
vn 0.005 -0.986 0.167
vn -0.010 -0.986 0.167
vn -0.010 -0.986 0.167
vn -0.010 -0.986 0.167
vn -0.010 -0.986 0.167
vn -0.037 -0.919 0.391
vn -0.037 -0.919 0.391
vn -0.037 -0.919 0.391
vn -0.037 -0.919 0.391
vn -0.009 -0.919 0.394
vn -0.009 -0.919 0.394
vn -0.009 -0.919 0.394
vn -0.009 -0.919 0.394
vn -0.023 -0.919 0.393
vn -0.023 -0.919 0.393
vn -0.023 -0.919 0.393
vn -0.023 -0.919 0.393
vn -0.008 -1.000 -0.018
vn -0.008 -1.000 -0.018
vn -0.008 -1.000 -0.018
vn -0.008 -1.000 -0.018
vn 0.008 -1.000 0.009
vn 0.008 -1.000 0.009
vn 0.008 -1.000 0.009
vn 0.008 -1.000 0.009
vn 0.000 -1.000 -0.005
vn 0.000 -1.000 -0.005
vn 0.000 -1.000 -0.005
vn 0.000 -1.000 -0.005
vn -0.085 -0.996 0.028
vn -0.085 -0.996 0.028
vn -0.085 -0.996 0.028
vn -0.085 -0.996 0.028
vn -0.067 -0.996 0.054
vn -0.067 -0.996 0.054
vn -0.067 -0.996 0.054
vn -0.067 -0.996 0.054
vn -0.076 -0.996 0.041
vn -0.076 -0.996 0.041
vn -0.076 -0.996 0.041
vn -0.076 -0.996 0.041
vn -0.157 -0.985 0.079
vn -0.157 -0.985 0.079
vn -0.157 -0.985 0.079
vn -0.157 -0.985 0.079
vn -0.139 -0.985 0.104
vn -0.139 -0.985 0.104
vn -0.139 -0.985 0.104
vn -0.139 -0.985 0.104
vn -0.148 -0.985 0.091
vn -0.148 -0.985 0.091
vn -0.148 -0.985 0.091
vn -0.148 -0.985 0.091
vn -0.291 -0.941 0.171
vn -0.291 -0.941 0.171
vn -0.291 -0.941 0.171
vn -0.291 -0.941 0.171
vn -0.275 -0.941 0.195
vn -0.275 -0.941 0.195
vn -0.275 -0.941 0.195
vn -0.275 -0.941 0.195
vn -0.283 -0.942 0.183
vn -0.283 -0.942 0.183
vn -0.283 -0.942 0.183
vn -0.283 -0.942 0.183
vn -0.350 -0.913 0.210
vn -0.350 -0.913 0.210
vn -0.350 -0.913 0.210
vn -0.350 -0.913 0.210
vn -0.333 -0.914 0.233
vn -0.333 -0.914 0.233
vn -0.333 -0.914 0.233
vn -0.333 -0.914 0.233
vn -0.342 -0.913 0.221
vn -0.342 -0.913 0.221
vn -0.342 -0.913 0.221
vn -0.342 -0.913 0.221
vn 0.007 -1.000 -0.019
vn 0.007 -1.000 -0.019
vn 0.007 -1.000 -0.019
vn 0.007 -1.000 -0.019
vn -0.007 -1.000 0.009
vn -0.007 -1.000 0.009
vn -0.007 -1.000 0.009
vn -0.007 -1.000 0.009
vn 0.000 -1.000 -0.005
vn 0.000 -1.000 -0.005
vn 0.000 -1.000 -0.005
vn 0.000 -1.000 -0.005
vn -0.069 -0.996 -0.059
vn -0.069 -0.996 -0.059
vn -0.069 -0.996 -0.059
vn -0.069 -0.996 -0.059
vn -0.083 -0.996 -0.031
vn -0.083 -0.996 -0.031
vn -0.083 -0.996 -0.031
vn -0.083 -0.996 -0.031
vn -0.076 -0.996 -0.045
vn -0.076 -0.996 -0.045
vn -0.076 -0.996 -0.045
vn -0.076 -0.996 -0.045
vn -0.145 -0.985 -0.096
vn -0.145 -0.985 -0.096
vn -0.145 -0.985 -0.096
vn -0.145 -0.985 -0.096
vn -0.159 -0.985 -0.069
vn -0.159 -0.985 -0.069
vn -0.159 -0.985 -0.069
vn -0.159 -0.985 -0.069
vn -0.152 -0.985 -0.082
vn -0.152 -0.985 -0.082
vn -0.152 -0.985 -0.082
vn -0.152 -0.985 -0.082
vn -0.216 -0.967 -0.133
vn -0.216 -0.967 -0.133
vn -0.216 -0.967 -0.133
vn -0.216 -0.967 -0.133
vn -0.230 -0.967 -0.106
vn -0.230 -0.967 -0.106
vn -0.230 -0.967 -0.106
vn -0.230 -0.967 -0.106
vn -0.223 -0.967 -0.120
vn -0.223 -0.967 -0.120
vn -0.223 -0.967 -0.120
vn -0.223 -0.967 -0.120
vn -0.216 -0.967 -0.133
vn -0.216 -0.967 -0.133
vn -0.216 -0.967 -0.133
vn -0.216 -0.967 -0.133
vn -0.230 -0.967 -0.106
vn -0.230 -0.967 -0.106
vn -0.230 -0.967 -0.106
vn -0.230 -0.967 -0.106
vn -0.223 -0.967 -0.120
vn -0.223 -0.967 -0.120
vn -0.223 -0.967 -0.120
vn -0.223 -0.967 -0.120
vn -0.283 -0.945 -0.166
vn -0.283 -0.945 -0.166
vn -0.283 -0.945 -0.166
vn -0.283 -0.945 -0.166
vn -0.294 -0.945 -0.139
vn -0.294 -0.945 -0.139
vn -0.294 -0.945 -0.139
vn -0.294 -0.945 -0.139
vn -0.289 -0.945 -0.153
vn -0.289 -0.945 -0.153
vn -0.289 -0.945 -0.153
vn -0.289 -0.945 -0.153
vn -0.345 -0.919 -0.189
vn -0.345 -0.919 -0.189
vn -0.345 -0.919 -0.189
vn -0.345 -0.919 -0.189
vn -0.355 -0.920 -0.163
vn -0.355 -0.920 -0.163
vn -0.355 -0.920 -0.163
vn -0.355 -0.920 -0.163
vn -0.350 -0.920 -0.176
vn -0.350 -0.920 -0.176
vn -0.350 -0.920 -0.176
vn -0.350 -0.920 -0.176
vn -0.010 -1.000 -0.016
vn -0.010 -1.000 -0.016
vn -0.010 -1.000 -0.016
vn -0.010 -1.000 -0.016
vn 0.014 -1.000 0.007
vn 0.014 -1.000 0.007
vn 0.014 -1.000 0.007
vn 0.014 -1.000 0.007
vn 0.002 -1.000 -0.005
vn 0.002 -1.000 -0.005
vn 0.002 -1.000 -0.005
vn 0.002 -1.000 -0.005
vn -0.075 -0.996 0.051
vn -0.075 -0.996 0.051
vn -0.075 -0.996 0.051
vn -0.075 -0.996 0.051
vn -0.050 -0.996 0.075
vn -0.050 -0.996 0.075
vn -0.050 -0.996 0.075
vn -0.050 -0.996 0.075
vn -0.062 -0.996 0.063
vn -0.062 -0.996 0.063
vn -0.062 -0.996 0.063
vn -0.062 -0.996 0.063
vn -0.138 -0.983 0.119
vn -0.138 -0.983 0.119
vn -0.138 -0.983 0.119
vn -0.138 -0.983 0.119
vn -0.112 -0.984 0.140
vn -0.112 -0.984 0.140
vn -0.112 -0.984 0.140
vn -0.112 -0.984 0.140
vn -0.125 -0.984 0.130
vn -0.125 -0.984 0.130
vn -0.125 -0.984 0.130
vn -0.125 -0.984 0.130
vn -0.138 -0.983 0.119
vn -0.138 -0.983 0.119
vn -0.138 -0.983 0.119
vn -0.138 -0.983 0.119
vn -0.112 -0.984 0.140
vn -0.112 -0.984 0.140
vn -0.112 -0.984 0.140
vn -0.112 -0.984 0.140
vn -0.125 -0.984 0.130
vn -0.125 -0.984 0.130
vn -0.125 -0.984 0.130
vn -0.125 -0.984 0.130
vn -0.246 -0.938 0.245
vn -0.246 -0.938 0.245
vn -0.246 -0.938 0.245
vn -0.246 -0.938 0.245
vn -0.221 -0.938 0.265
vn -0.221 -0.938 0.265
vn -0.221 -0.938 0.265
vn -0.221 -0.938 0.265
vn -0.234 -0.938 0.255
vn -0.234 -0.938 0.255
vn -0.234 -0.938 0.255
vn -0.234 -0.938 0.255
vn -0.246 -0.938 0.245
vn -0.246 -0.938 0.245
vn -0.246 -0.938 0.245
vn -0.246 -0.938 0.245
vn -0.221 -0.938 0.265
vn -0.221 -0.938 0.265
vn -0.221 -0.938 0.265
vn -0.221 -0.938 0.265
vn -0.234 -0.938 0.255
vn -0.234 -0.938 0.255
vn -0.234 -0.938 0.255
vn -0.234 -0.938 0.255
vn 0.009 -1.000 -0.020
vn 0.009 -1.000 -0.020
vn 0.009 -1.000 -0.020
vn 0.009 -1.000 -0.020
vn -0.005 -1.000 0.011
vn -0.005 -1.000 0.011
vn -0.005 -1.000 0.011
vn -0.005 -1.000 0.011
vn 0.002 -1.000 -0.005
vn 0.002 -1.000 -0.005
vn 0.002 -1.000 -0.005
vn 0.002 -1.000 -0.005
vn -0.164 -0.982 -0.094
vn -0.164 -0.982 -0.094
vn -0.164 -0.982 -0.094
vn -0.164 -0.982 -0.094
vn -0.177 -0.982 -0.063
vn -0.177 -0.982 -0.063
vn -0.177 -0.982 -0.063
vn -0.177 -0.982 -0.063
vn -0.170 -0.982 -0.078
vn -0.170 -0.982 -0.078
vn -0.170 -0.982 -0.078
vn -0.170 -0.982 -0.078
vn -0.244 -0.962 -0.126
vn -0.244 -0.962 -0.126
vn -0.244 -0.962 -0.126
vn -0.244 -0.962 -0.126
vn -0.259 -0.961 -0.098
vn -0.259 -0.961 -0.098
vn -0.259 -0.961 -0.098
vn -0.259 -0.961 -0.098
vn -0.251 -0.961 -0.112
vn -0.251 -0.961 -0.112
vn -0.251 -0.961 -0.112
vn -0.251 -0.961 -0.112
vn -0.313 -0.935 -0.165
vn -0.313 -0.935 -0.165
vn -0.313 -0.935 -0.165
vn -0.313 -0.935 -0.165
vn -0.326 -0.936 -0.136
vn -0.326 -0.936 -0.136
vn -0.326 -0.936 -0.136
vn -0.326 -0.936 -0.136
vn -0.319 -0.936 -0.150
vn -0.319 -0.936 -0.150
vn -0.319 -0.936 -0.150
vn -0.319 -0.936 -0.150
vn -0.377 -0.906 -0.193
vn -0.377 -0.906 -0.193
vn -0.377 -0.906 -0.193
vn -0.377 -0.906 -0.193
vn -0.391 -0.905 -0.167
vn -0.391 -0.905 -0.167
vn -0.391 -0.905 -0.167
vn -0.391 -0.905 -0.167
vn -0.384 -0.906 -0.180
vn -0.384 -0.906 -0.180
vn -0.384 -0.906 -0.180
vn -0.384 -0.906 -0.180
vn 0.018 -1.000 -0.010
vn 0.018 -1.000 -0.010
vn 0.018 -1.000 -0.010
vn 0.018 -1.000 -0.010
vn -0.014 -1.000 0.000
vn -0.014 -1.000 0.000
vn -0.014 -1.000 0.000
vn -0.014 -1.000 0.000
vn 0.002 -1.000 -0.005
vn 0.002 -1.000 -0.005
vn 0.002 -1.000 -0.005
vn 0.002 -1.000 -0.005
vn 0.018 -1.000 -0.010
vn 0.018 -1.000 -0.010
vn 0.018 -1.000 -0.010
vn 0.018 -1.000 -0.010
vn -0.014 -1.000 0.000
vn -0.014 -1.000 0.000
vn -0.014 -1.000 0.000
vn -0.014 -1.000 0.000
vn 0.002 -1.000 -0.005
vn 0.002 -1.000 -0.005
vn 0.002 -1.000 -0.005
vn 0.002 -1.000 -0.005
vn -0.009 -0.995 -0.100
vn -0.009 -0.995 -0.100
vn -0.009 -0.995 -0.100
vn -0.009 -0.995 -0.100
vn -0.042 -0.995 -0.092
vn -0.042 -0.995 -0.092
vn -0.042 -0.995 -0.092
vn -0.042 -0.995 -0.092
vn -0.026 -0.995 -0.096
vn -0.026 -0.995 -0.096
vn -0.026 -0.995 -0.096
vn -0.026 -0.995 -0.096
vn -0.030 -0.981 -0.192
vn -0.030 -0.981 -0.192
vn -0.030 -0.981 -0.192
vn -0.030 -0.981 -0.192
vn -0.062 -0.981 -0.184
vn -0.062 -0.981 -0.184
vn -0.062 -0.981 -0.184
vn -0.062 -0.981 -0.184
vn -0.046 -0.981 -0.188
vn -0.046 -0.981 -0.188
vn -0.046 -0.981 -0.188
vn -0.046 -0.981 -0.188
vn -0.051 -0.959 -0.278
vn -0.051 -0.959 -0.278
vn -0.051 -0.959 -0.278
vn -0.051 -0.959 -0.278
vn -0.082 -0.960 -0.267
vn -0.082 -0.960 -0.267
vn -0.082 -0.960 -0.267
vn -0.082 -0.960 -0.267
vn -0.066 -0.960 -0.272
vn -0.066 -0.960 -0.272
vn -0.066 -0.960 -0.272
vn -0.066 -0.960 -0.272
vn -0.051 -0.959 -0.278
vn -0.051 -0.959 -0.278
vn -0.051 -0.959 -0.278
vn -0.051 -0.959 -0.278
vn -0.082 -0.960 -0.267
vn -0.082 -0.960 -0.267
vn -0.082 -0.960 -0.267
vn -0.082 -0.960 -0.267
vn -0.066 -0.960 -0.272
vn -0.066 -0.960 -0.272
vn -0.066 -0.960 -0.272
vn -0.066 -0.960 -0.272
vn -0.100 -0.901 -0.423
vn -0.100 -0.901 -0.423
vn -0.100 -0.901 -0.423
vn -0.100 -0.901 -0.423
vn -0.129 -0.901 -0.415
vn -0.129 -0.901 -0.415
vn -0.129 -0.901 -0.415
vn -0.129 -0.901 -0.415
vn -0.114 -0.901 -0.419
vn -0.114 -0.901 -0.419
vn -0.114 -0.901 -0.419
vn -0.114 -0.901 -0.419
vn 0.015 -1.000 0.007
vn 0.015 -1.000 0.007
vn 0.015 -1.000 0.007
vn 0.015 -1.000 0.007
vn -0.010 -1.000 -0.016
vn -0.010 -1.000 -0.016
vn -0.010 -1.000 -0.016
vn -0.010 -1.000 -0.016
vn 0.002 -1.000 -0.005
vn 0.002 -1.000 -0.005
vn 0.002 -1.000 -0.005
vn 0.002 -1.000 -0.005
vn 0.135 -0.982 -0.129
vn 0.135 -0.982 -0.129
vn 0.135 -0.982 -0.129
vn 0.135 -0.982 -0.129
vn 0.111 -0.982 -0.152
vn 0.111 -0.982 -0.152
vn 0.111 -0.982 -0.152
vn 0.111 -0.982 -0.152
vn 0.123 -0.982 -0.141
vn 0.123 -0.982 -0.141
vn 0.123 -0.982 -0.141
vn 0.123 -0.982 -0.141
vn 0.194 -0.962 -0.191
vn 0.194 -0.962 -0.191
vn 0.194 -0.962 -0.191
vn 0.194 -0.962 -0.191
vn 0.169 -0.962 -0.213
vn 0.169 -0.962 -0.213
vn 0.169 -0.962 -0.213
vn 0.169 -0.962 -0.213
vn 0.182 -0.962 -0.202
vn 0.182 -0.962 -0.202
vn 0.182 -0.962 -0.202
vn 0.182 -0.962 -0.202
vn 0.245 -0.936 -0.251
vn 0.245 -0.936 -0.251
vn 0.245 -0.936 -0.251
vn 0.245 -0.936 -0.251
vn 0.222 -0.936 -0.273
vn 0.222 -0.936 -0.273
vn 0.222 -0.936 -0.273
vn 0.222 -0.936 -0.273
vn 0.233 -0.936 -0.262
vn 0.233 -0.936 -0.262
vn 0.233 -0.936 -0.262
vn 0.233 -0.936 -0.262
vn 0.245 -0.936 -0.251
vn 0.245 -0.936 -0.251
vn 0.245 -0.936 -0.251
vn 0.245 -0.936 -0.251
vn 0.222 -0.936 -0.273
vn 0.222 -0.936 -0.273
vn 0.222 -0.936 -0.273
vn 0.222 -0.936 -0.273
vn 0.233 -0.936 -0.262
vn 0.233 -0.936 -0.262
vn 0.233 -0.936 -0.262
vn 0.233 -0.936 -0.262
vn 0.098 -0.995 0.029
vn 0.098 -0.995 0.029
vn 0.098 -0.995 0.029
vn 0.098 -0.995 0.029
vn 0.103 -0.995 -0.004
vn 0.103 -0.995 -0.004
vn 0.103 -0.995 -0.004
vn 0.103 -0.995 -0.004
vn 0.101 -0.995 0.012
vn 0.101 -0.995 0.012
vn 0.101 -0.995 0.012
vn 0.101 -0.995 0.012
vn 0.196 -0.980 0.041
vn 0.196 -0.980 0.041
vn 0.196 -0.980 0.041
vn 0.196 -0.980 0.041
vn 0.199 -0.980 0.008
vn 0.199 -0.980 0.008
vn 0.199 -0.980 0.008
vn 0.199 -0.980 0.008
vn 0.197 -0.980 0.024
vn 0.197 -0.980 0.024
vn 0.197 -0.980 0.024
vn 0.197 -0.980 0.024
vn 0.285 -0.957 0.048
vn 0.285 -0.957 0.048
vn 0.285 -0.957 0.048
vn 0.285 -0.957 0.048
vn 0.287 -0.958 0.015
vn 0.287 -0.958 0.015
vn 0.287 -0.958 0.015
vn 0.287 -0.958 0.015
vn 0.286 -0.958 0.031
vn 0.286 -0.958 0.031
vn 0.286 -0.958 0.031
vn 0.286 -0.958 0.031
vn 0.285 -0.957 0.048
vn 0.285 -0.957 0.048
vn 0.285 -0.957 0.048
vn 0.285 -0.957 0.048
vn 0.287 -0.958 0.015
vn 0.287 -0.958 0.015
vn 0.287 -0.958 0.015
vn 0.287 -0.958 0.015
vn 0.286 -0.958 0.031
vn 0.286 -0.958 0.031
vn 0.286 -0.958 0.031
vn 0.286 -0.958 0.031
vn 0.366 -0.929 0.052
vn 0.366 -0.929 0.052
vn 0.366 -0.929 0.052
vn 0.366 -0.929 0.052
vn 0.371 -0.929 0.021
vn 0.371 -0.929 0.021
vn 0.371 -0.929 0.021
vn 0.371 -0.929 0.021
vn 0.369 -0.929 0.037
vn 0.369 -0.929 0.037
vn 0.369 -0.929 0.037
vn 0.369 -0.929 0.037
vn -0.014 -1.000 -0.000
vn -0.014 -1.000 -0.000
vn -0.014 -1.000 -0.000
vn -0.014 -1.000 -0.000
vn 0.018 -1.000 -0.009
vn 0.018 -1.000 -0.009
vn 0.018 -1.000 -0.009
vn 0.018 -1.000 -0.009
vn 0.002 -1.000 -0.005
vn 0.002 -1.000 -0.005
vn 0.002 -1.000 -0.005
vn 0.002 -1.000 -0.005
vn 0.044 -0.982 0.185
vn 0.044 -0.982 0.185
vn 0.044 -0.982 0.185
vn 0.044 -0.982 0.185
vn 0.075 -0.982 0.172
vn 0.075 -0.982 0.172
vn 0.075 -0.982 0.172
vn 0.075 -0.982 0.172
vn 0.060 -0.982 0.179
vn 0.060 -0.982 0.179
vn 0.060 -0.982 0.179
vn 0.060 -0.982 0.179
vn 0.081 -0.960 0.268
vn 0.081 -0.960 0.268
vn 0.081 -0.960 0.268
vn 0.081 -0.960 0.268
vn 0.111 -0.960 0.256
vn 0.111 -0.960 0.256
vn 0.111 -0.960 0.256
vn 0.111 -0.960 0.256
vn 0.096 -0.960 0.262
vn 0.096 -0.960 0.262
vn 0.096 -0.960 0.262
vn 0.096 -0.960 0.262
vn 0.110 -0.932 0.344
vn 0.110 -0.932 0.344
vn 0.110 -0.932 0.344
vn 0.110 -0.932 0.344
vn 0.139 -0.933 0.332
vn 0.139 -0.933 0.332
vn 0.139 -0.933 0.332
vn 0.139 -0.933 0.332
vn 0.125 -0.933 0.338
vn 0.125 -0.933 0.338
vn 0.125 -0.933 0.338
vn 0.125 -0.933 0.338
vn 0.097 -0.995 -0.019
vn 0.097 -0.995 -0.019
vn 0.097 -0.995 -0.019
vn 0.097 -0.995 -0.019
vn 0.083 -0.995 -0.053
vn 0.083 -0.995 -0.053
vn 0.083 -0.995 -0.053
vn 0.083 -0.995 -0.053
vn 0.090 -0.995 -0.036
vn 0.090 -0.995 -0.036
vn 0.090 -0.995 -0.036
vn 0.090 -0.995 -0.036
vn 0.262 -0.962 -0.082
vn 0.262 -0.962 -0.082
vn 0.262 -0.962 -0.082
vn 0.262 -0.962 -0.082
vn 0.249 -0.962 -0.115
vn 0.249 -0.962 -0.115
vn 0.249 -0.962 -0.115
vn 0.249 -0.962 -0.115
vn 0.255 -0.962 -0.098
vn 0.255 -0.962 -0.098
vn 0.255 -0.962 -0.098
vn 0.255 -0.962 -0.098
vn 0.053 -0.995 0.088
vn 0.053 -0.995 0.088
vn 0.053 -0.995 0.088
vn 0.053 -0.995 0.088
vn 0.080 -0.995 0.063
vn 0.080 -0.995 0.063
vn 0.080 -0.995 0.063
vn 0.080 -0.995 0.063
vn 0.066 -0.995 0.075
vn 0.066 -0.995 0.075
vn 0.066 -0.995 0.075
vn 0.066 -0.995 0.075
vn 0.118 -0.980 0.159
vn 0.118 -0.980 0.159
vn 0.118 -0.980 0.159
vn 0.118 -0.980 0.159
vn 0.147 -0.980 0.137
vn 0.147 -0.980 0.137
vn 0.147 -0.980 0.137
vn 0.147 -0.980 0.137
vn 0.133 -0.980 0.148
vn 0.133 -0.980 0.148
vn 0.133 -0.980 0.148
vn 0.133 -0.980 0.148
vn -0.014 -1.000 -0.008
vn -0.014 -1.000 -0.008
vn -0.014 -1.000 -0.008
vn -0.014 -1.000 -0.008
vn 0.021 -1.000 0.001
vn 0.021 -1.000 0.001
vn 0.021 -1.000 0.001
vn 0.021 -1.000 0.001
vn 0.004 -1.000 -0.003
vn 0.004 -1.000 -0.003
vn 0.004 -1.000 -0.003
vn 0.004 -1.000 -0.003
vn -0.039 -0.995 0.087
vn -0.039 -0.995 0.087
vn -0.039 -0.995 0.087
vn -0.039 -0.995 0.087
vn -0.003 -0.995 0.098
vn -0.003 -0.995 0.098
vn -0.003 -0.995 0.098
vn -0.003 -0.995 0.098
vn -0.021 -0.996 0.092
vn -0.021 -0.996 0.092
vn -0.021 -0.996 0.092
vn -0.021 -0.996 0.092
vn -0.086 -0.959 0.269
vn -0.086 -0.959 0.269
vn -0.086 -0.959 0.269
vn -0.086 -0.959 0.269
vn -0.051 -0.960 0.275
vn -0.051 -0.960 0.275
vn -0.051 -0.960 0.275
vn -0.051 -0.960 0.275
vn -0.069 -0.960 0.272
vn -0.069 -0.960 0.272
vn -0.069 -0.960 0.272
vn -0.069 -0.960 0.272
vn -0.086 -0.959 0.269
vn -0.086 -0.959 0.269
vn -0.086 -0.959 0.269
vn -0.086 -0.959 0.269
vn -0.051 -0.960 0.275
vn -0.051 -0.960 0.275
vn -0.051 -0.960 0.275
vn -0.051 -0.960 0.275
vn -0.069 -0.960 0.272
vn -0.069 -0.960 0.272
vn -0.069 -0.960 0.272
vn -0.069 -0.960 0.272
vn -0.179 -0.983 0.050
vn -0.179 -0.983 0.050
vn -0.179 -0.983 0.050
vn -0.179 -0.983 0.050
vn -0.165 -0.983 0.084
vn -0.165 -0.983 0.084
vn -0.165 -0.983 0.084
vn -0.165 -0.983 0.084
vn -0.172 -0.983 0.067
vn -0.172 -0.983 0.067
vn -0.172 -0.983 0.067
vn -0.172 -0.983 0.067
vn -0.261 -0.962 0.085
vn -0.261 -0.962 0.085
vn -0.261 -0.962 0.085
vn -0.261 -0.962 0.085
vn -0.246 -0.962 0.118
vn -0.246 -0.962 0.118
vn -0.246 -0.962 0.118
vn -0.246 -0.962 0.118
vn -0.253 -0.962 0.101
vn -0.253 -0.962 0.101
vn -0.253 -0.962 0.101
vn -0.253 -0.962 0.101
vn -0.331 -0.936 0.119
vn -0.331 -0.936 0.119
vn -0.331 -0.936 0.119
vn -0.331 -0.936 0.119
vn -0.318 -0.936 0.151
vn -0.318 -0.936 0.151
vn -0.318 -0.936 0.151
vn -0.318 -0.936 0.151
vn -0.324 -0.936 0.135
vn -0.324 -0.936 0.135
vn -0.324 -0.936 0.135
vn -0.324 -0.936 0.135
vn -0.396 -0.906 0.147
vn -0.396 -0.906 0.147
vn -0.396 -0.906 0.147
vn -0.396 -0.906 0.147
vn -0.382 -0.907 0.177
vn -0.382 -0.907 0.177
vn -0.382 -0.907 0.177
vn -0.382 -0.907 0.177
vn -0.389 -0.907 0.162
vn -0.389 -0.907 0.162
vn -0.389 -0.907 0.162
vn -0.389 -0.907 0.162
vn -0.068 -0.994 -0.081
vn -0.068 -0.994 -0.081
vn -0.068 -0.994 -0.081
vn -0.068 -0.994 -0.081
vn -0.088 -0.995 -0.050
vn -0.088 -0.995 -0.050
vn -0.088 -0.995 -0.050
vn -0.088 -0.995 -0.050
vn -0.078 -0.995 -0.065
vn -0.078 -0.995 -0.065
vn -0.078 -0.995 -0.065
vn -0.078 -0.995 -0.065
vn -0.225 -0.955 -0.193
vn -0.225 -0.955 -0.193
vn -0.225 -0.955 -0.193
vn -0.225 -0.955 -0.193
vn -0.244 -0.956 -0.163
vn -0.244 -0.956 -0.163
vn -0.244 -0.956 -0.163
vn -0.244 -0.956 -0.163
vn -0.235 -0.956 -0.178
vn -0.235 -0.956 -0.178
vn -0.235 -0.956 -0.178
vn -0.235 -0.956 -0.178
vn -0.296 -0.926 -0.234
vn -0.296 -0.926 -0.234
vn -0.296 -0.926 -0.234
vn -0.296 -0.926 -0.234
vn -0.316 -0.926 -0.206
vn -0.316 -0.926 -0.206
vn -0.316 -0.926 -0.206
vn -0.316 -0.926 -0.206
vn -0.306 -0.926 -0.220
vn -0.306 -0.926 -0.220
vn -0.306 -0.926 -0.220
vn -0.306 -0.926 -0.220
vn 0.021 -1.000 0.004
vn 0.021 -1.000 0.004
vn 0.021 -1.000 0.004
vn 0.021 -1.000 0.004
vn -0.013 -1.000 -0.011
vn -0.013 -1.000 -0.011
vn -0.013 -1.000 -0.011
vn -0.013 -1.000 -0.011
vn 0.004 -1.000 -0.003
vn 0.004 -1.000 -0.003
vn 0.004 -1.000 -0.003
vn 0.004 -1.000 -0.003
vn 0.021 -1.000 0.004
vn 0.021 -1.000 0.004
vn 0.021 -1.000 0.004
vn 0.021 -1.000 0.004
vn -0.013 -1.000 -0.011
vn -0.013 -1.000 -0.011
vn -0.013 -1.000 -0.011
vn -0.013 -1.000 -0.011
vn 0.004 -1.000 -0.003
vn 0.004 -1.000 -0.003
vn 0.004 -1.000 -0.003
vn 0.004 -1.000 -0.003
vn 0.061 -0.994 -0.089
vn 0.061 -0.994 -0.089
vn 0.061 -0.994 -0.089
vn 0.061 -0.994 -0.089
vn 0.027 -0.994 -0.105
vn 0.027 -0.994 -0.105
vn 0.027 -0.994 -0.105
vn 0.027 -0.994 -0.105
vn 0.044 -0.994 -0.097
vn 0.044 -0.994 -0.097
vn 0.044 -0.994 -0.097
vn 0.044 -0.994 -0.097
vn 0.103 -0.978 -0.180
vn 0.103 -0.978 -0.180
vn 0.103 -0.978 -0.180
vn 0.103 -0.978 -0.180
vn 0.069 -0.978 -0.195
vn 0.069 -0.978 -0.195
vn 0.069 -0.978 -0.195
vn 0.069 -0.978 -0.195
vn 0.086 -0.978 -0.188
vn 0.086 -0.978 -0.188
vn 0.086 -0.978 -0.188
vn 0.086 -0.978 -0.188
vn 0.103 -0.978 -0.180
vn 0.103 -0.978 -0.180
vn 0.103 -0.978 -0.180
vn 0.103 -0.978 -0.180
vn 0.069 -0.978 -0.195
vn 0.069 -0.978 -0.195
vn 0.069 -0.978 -0.195
vn 0.069 -0.978 -0.195
vn 0.086 -0.978 -0.188
vn 0.086 -0.978 -0.188
vn 0.086 -0.978 -0.188
vn 0.086 -0.978 -0.188
vn 0.167 -0.926 -0.340
vn 0.167 -0.926 -0.340
vn 0.167 -0.926 -0.340
vn 0.167 -0.926 -0.340
vn 0.135 -0.926 -0.353
vn 0.135 -0.926 -0.353
vn 0.135 -0.926 -0.353
vn 0.135 -0.926 -0.353
vn 0.151 -0.926 -0.346
vn 0.151 -0.926 -0.346
vn 0.151 -0.926 -0.346
vn 0.151 -0.926 -0.346
vn -0.016 -1.000 -0.007
vn -0.016 -1.000 -0.007
vn -0.016 -1.000 -0.007
vn -0.016 -1.000 -0.007
vn 0.024 -1.000 -0.000
vn 0.024 -1.000 -0.000
vn 0.024 -1.000 -0.000
vn 0.024 -1.000 -0.000
vn 0.004 -1.000 -0.004
vn 0.004 -1.000 -0.004
vn 0.004 -1.000 -0.004
vn 0.004 -1.000 -0.004
vn -0.048 -0.977 0.207
vn -0.048 -0.977 0.207
vn -0.048 -0.977 0.207
vn -0.048 -0.977 0.207
vn -0.008 -0.977 0.214
vn -0.008 -0.977 0.214
vn -0.008 -0.977 0.214
vn -0.008 -0.977 0.214
vn -0.028 -0.977 0.211
vn -0.028 -0.977 0.211
vn -0.028 -0.977 0.211
vn -0.028 -0.977 0.211
vn -0.063 -0.951 0.302
vn -0.063 -0.951 0.302
vn -0.063 -0.951 0.302
vn -0.063 -0.951 0.302
vn -0.025 -0.951 0.308
vn -0.025 -0.951 0.308
vn -0.025 -0.951 0.308
vn -0.025 -0.951 0.308
vn -0.044 -0.951 0.305
vn -0.044 -0.951 0.305
vn -0.044 -0.951 0.305
vn -0.044 -0.951 0.305
vn -0.088 -0.995 0.047
vn -0.088 -0.995 0.047
vn -0.088 -0.995 0.047
vn -0.088 -0.995 0.047
vn -0.061 -0.995 0.078
vn -0.061 -0.995 0.078
vn -0.061 -0.995 0.078
vn -0.061 -0.995 0.078
vn -0.075 -0.995 0.063
vn -0.075 -0.995 0.063
vn -0.075 -0.995 0.063
vn -0.075 -0.995 0.063
vn -0.165 -0.980 0.113
vn -0.165 -0.980 0.113
vn -0.165 -0.980 0.113
vn -0.165 -0.980 0.113
vn -0.139 -0.980 0.144
vn -0.139 -0.980 0.144
vn -0.139 -0.980 0.144
vn -0.139 -0.980 0.144
vn -0.152 -0.980 0.128
vn -0.152 -0.980 0.128
vn -0.152 -0.980 0.128
vn -0.152 -0.980 0.128
vn -0.304 -0.924 0.230
vn -0.304 -0.924 0.230
vn -0.304 -0.924 0.230
vn -0.304 -0.924 0.230
vn -0.281 -0.923 0.261
vn -0.281 -0.923 0.261
vn -0.281 -0.923 0.261
vn -0.281 -0.923 0.261
vn -0.293 -0.924 0.246
vn -0.293 -0.924 0.246
vn -0.293 -0.924 0.246
vn -0.293 -0.924 0.246
vn -0.364 -0.890 0.274
vn -0.364 -0.890 0.274
vn -0.364 -0.890 0.274
vn -0.364 -0.890 0.274
vn -0.341 -0.890 0.302
vn -0.341 -0.890 0.302
vn -0.341 -0.890 0.302
vn -0.341 -0.890 0.302
vn -0.353 -0.890 0.288
vn -0.353 -0.890 0.288
vn -0.353 -0.890 0.288
vn -0.353 -0.890 0.288
vn -0.364 -0.890 0.274
vn -0.364 -0.890 0.274
vn -0.364 -0.890 0.274
vn -0.364 -0.890 0.274
vn -0.341 -0.890 0.302
vn -0.341 -0.890 0.302
vn -0.341 -0.890 0.302
vn -0.341 -0.890 0.302
vn -0.353 -0.890 0.288
vn -0.353 -0.890 0.288
vn -0.353 -0.890 0.288
vn -0.353 -0.890 0.288
vn 0.012 -1.000 -0.022
vn 0.012 -1.000 -0.022
vn 0.012 -1.000 -0.022
vn 0.012 -1.000 -0.022
vn -0.004 -1.000 0.015
vn -0.004 -1.000 0.015
vn -0.004 -1.000 0.015
vn -0.004 -1.000 0.015
vn 0.004 -1.000 -0.004
vn 0.004 -1.000 -0.004
vn 0.004 -1.000 -0.004
vn 0.004 -1.000 -0.004
vn 0.012 -1.000 -0.022
vn 0.012 -1.000 -0.022
vn 0.012 -1.000 -0.022
vn 0.012 -1.000 -0.022
vn -0.004 -1.000 0.015
vn -0.004 -1.000 0.015
vn -0.004 -1.000 0.015
vn -0.004 -1.000 0.015
vn 0.004 -1.000 -0.004
vn 0.004 -1.000 -0.004
vn 0.004 -1.000 -0.004
vn 0.004 -1.000 -0.004
vn -0.104 -0.992 -0.070
vn -0.104 -0.992 -0.070
vn -0.104 -0.992 -0.070
vn -0.104 -0.992 -0.070
vn -0.117 -0.993 -0.031
vn -0.117 -0.993 -0.031
vn -0.117 -0.993 -0.031
vn -0.117 -0.993 -0.031
vn -0.111 -0.993 -0.050
vn -0.111 -0.993 -0.050
vn -0.111 -0.993 -0.050
vn -0.111 -0.993 -0.050
vn -0.217 -0.970 -0.108
vn -0.217 -0.970 -0.108
vn -0.217 -0.970 -0.108
vn -0.217 -0.970 -0.108
vn -0.231 -0.970 -0.071
vn -0.231 -0.970 -0.071
vn -0.231 -0.970 -0.071
vn -0.231 -0.970 -0.071
vn -0.224 -0.970 -0.089
vn -0.224 -0.970 -0.089
vn -0.224 -0.970 -0.089
vn -0.224 -0.970 -0.089
vn -0.217 -0.970 -0.108
vn -0.217 -0.970 -0.108
vn -0.217 -0.970 -0.108
vn -0.217 -0.970 -0.108
vn -0.231 -0.970 -0.071
vn -0.231 -0.970 -0.071
vn -0.231 -0.970 -0.071
vn -0.231 -0.970 -0.071
vn -0.224 -0.970 -0.089
vn -0.224 -0.970 -0.089
vn -0.224 -0.970 -0.089
vn -0.224 -0.970 -0.089
vn 0.024 -1.000 -0.007
vn 0.024 -1.000 -0.007
vn 0.024 -1.000 -0.007
vn 0.024 -1.000 -0.007
vn -0.016 -1.000 -0.001
vn -0.016 -1.000 -0.001
vn -0.016 -1.000 -0.001
vn -0.016 -1.000 -0.001
vn 0.004 -1.000 -0.004
vn 0.004 -1.000 -0.004
vn 0.004 -1.000 -0.004
vn 0.004 -1.000 -0.004
vn -0.003 -0.971 -0.240
vn -0.003 -0.971 -0.240
vn -0.003 -0.971 -0.240
vn -0.003 -0.971 -0.240
vn -0.041 -0.972 -0.232
vn -0.041 -0.972 -0.232
vn -0.041 -0.972 -0.232
vn -0.041 -0.972 -0.232
vn -0.022 -0.971 -0.236
vn -0.022 -0.971 -0.236
vn -0.022 -0.971 -0.236
vn -0.022 -0.971 -0.236
vn 0.011 -1.000 0.015
vn 0.011 -1.000 0.015
vn 0.011 -1.000 0.015
vn 0.011 -1.000 0.015
vn -0.003 -1.000 -0.023
vn -0.003 -1.000 -0.023
vn -0.003 -1.000 -0.023
vn -0.003 -1.000 -0.023
vn 0.004 -1.000 -0.004
vn 0.004 -1.000 -0.004
vn 0.004 -1.000 -0.004
vn 0.004 -1.000 -0.004
vn 0.232 -0.970 -0.070
vn 0.232 -0.970 -0.070
vn 0.232 -0.970 -0.070
vn 0.232 -0.970 -0.070
vn 0.217 -0.970 -0.107
vn 0.217 -0.970 -0.107
vn 0.217 -0.970 -0.107
vn 0.217 -0.970 -0.107
vn 0.224 -0.970 -0.088
vn 0.224 -0.970 -0.088
vn 0.224 -0.970 -0.088
vn 0.224 -0.970 -0.088
vn 0.108 -0.992 0.059
vn 0.108 -0.992 0.059
vn 0.108 -0.992 0.059
vn 0.108 -0.992 0.059
vn 0.121 -0.992 0.021
vn 0.121 -0.992 0.021
vn 0.121 -0.992 0.021
vn 0.121 -0.992 0.021
vn 0.114 -0.993 0.040
vn 0.114 -0.993 0.040
vn 0.114 -0.993 0.040
vn 0.114 -0.993 0.040
vn 0.108 -0.992 0.059
vn 0.108 -0.992 0.059
vn 0.108 -0.992 0.059
vn 0.108 -0.992 0.059
vn 0.121 -0.992 0.021
vn 0.121 -0.992 0.021
vn 0.121 -0.992 0.021
vn 0.121 -0.992 0.021
vn 0.114 -0.993 0.040
vn 0.114 -0.993 0.040
vn 0.114 -0.993 0.040
vn 0.114 -0.993 0.040
vn 0.318 -0.939 0.128
vn 0.318 -0.939 0.128
vn 0.318 -0.939 0.128
vn 0.318 -0.939 0.128
vn 0.331 -0.939 0.092
vn 0.331 -0.939 0.092
vn 0.331 -0.939 0.092
vn 0.331 -0.939 0.092
vn 0.324 -0.940 0.110
vn 0.324 -0.940 0.110
vn 0.324 -0.940 0.110
vn 0.324 -0.940 0.110
vn 0.318 -0.939 0.128
vn 0.318 -0.939 0.128
vn 0.318 -0.939 0.128
vn 0.318 -0.939 0.128
vn 0.331 -0.939 0.092
vn 0.331 -0.939 0.092
vn 0.331 -0.939 0.092
vn 0.331 -0.939 0.092
vn 0.324 -0.940 0.110
vn 0.324 -0.940 0.110
vn 0.324 -0.940 0.110
vn 0.324 -0.940 0.110
vn 0.405 -0.900 0.159
vn 0.405 -0.900 0.159
vn 0.405 -0.900 0.159
vn 0.405 -0.900 0.159
vn 0.417 -0.900 0.124
vn 0.417 -0.900 0.124
vn 0.417 -0.900 0.124
vn 0.417 -0.900 0.124
vn 0.411 -0.900 0.141
vn 0.411 -0.900 0.141
vn 0.411 -0.900 0.141
vn 0.411 -0.900 0.141
vn 0.024 -1.000 0.008
vn 0.024 -1.000 0.008
vn 0.024 -1.000 0.008
vn 0.024 -1.000 0.008
vn -0.019 -1.000 -0.007
vn -0.019 -1.000 -0.007
vn -0.019 -1.000 -0.007
vn -0.019 -1.000 -0.007
vn 0.003 -1.000 0.001
vn 0.003 -1.000 0.001
vn 0.003 -1.000 0.001
vn 0.003 -1.000 0.001
vn 0.024 -1.000 0.008
vn 0.024 -1.000 0.008
vn 0.024 -1.000 0.008
vn 0.024 -1.000 0.008
vn -0.019 -1.000 -0.007
vn -0.019 -1.000 -0.007
vn -0.019 -1.000 -0.007
vn -0.019 -1.000 -0.007
vn 0.003 -1.000 0.001
vn 0.003 -1.000 0.001
vn 0.003 -1.000 0.001
vn 0.003 -1.000 0.001
vn 0.096 -0.972 -0.214
vn 0.096 -0.972 -0.214
vn 0.096 -0.972 -0.214
vn 0.096 -0.972 -0.214
vn 0.054 -0.972 -0.228
vn 0.054 -0.972 -0.228
vn 0.054 -0.972 -0.228
vn 0.054 -0.972 -0.228
vn 0.075 -0.972 -0.221
vn 0.075 -0.972 -0.221
vn 0.075 -0.972 -0.221
vn 0.075 -0.972 -0.221
vn 0.096 -0.972 -0.214
vn 0.096 -0.972 -0.214
vn 0.096 -0.972 -0.214
vn 0.096 -0.972 -0.214
vn 0.054 -0.972 -0.228
vn 0.054 -0.972 -0.228
vn 0.054 -0.972 -0.228
vn 0.054 -0.972 -0.228
vn 0.075 -0.972 -0.221
vn 0.075 -0.972 -0.221
vn 0.075 -0.972 -0.221
vn 0.075 -0.972 -0.221
vn 0.126 -0.942 -0.312
vn 0.126 -0.942 -0.312
vn 0.126 -0.942 -0.312
vn 0.126 -0.942 -0.312
vn 0.086 -0.943 -0.322
vn 0.086 -0.943 -0.322
vn 0.086 -0.943 -0.322
vn 0.086 -0.943 -0.322
vn 0.106 -0.942 -0.317
vn 0.106 -0.942 -0.317
vn 0.106 -0.942 -0.317
vn 0.106 -0.942 -0.317
vn 0.148 -0.904 -0.401
vn 0.148 -0.904 -0.401
vn 0.148 -0.904 -0.401
vn 0.148 -0.904 -0.401
vn 0.109 -0.905 -0.412
vn 0.109 -0.905 -0.412
vn 0.109 -0.905 -0.412
vn 0.109 -0.905 -0.412
vn 0.128 -0.905 -0.406
vn 0.128 -0.905 -0.406
vn 0.128 -0.905 -0.406
vn 0.128 -0.905 -0.406
vn 0.009 -1.000 0.022
vn 0.009 -1.000 0.022
vn 0.009 -1.000 0.022
vn 0.009 -1.000 0.022
vn -0.003 -1.000 -0.021
vn -0.003 -1.000 -0.021
vn -0.003 -1.000 -0.021
vn -0.003 -1.000 -0.021
vn 0.003 -1.000 0.001
vn 0.003 -1.000 0.001
vn 0.003 -1.000 0.001
vn 0.003 -1.000 0.001
vn 0.009 -1.000 0.022
vn 0.009 -1.000 0.022
vn 0.009 -1.000 0.022
vn 0.009 -1.000 0.022
vn -0.003 -1.000 -0.021
vn -0.003 -1.000 -0.021
vn -0.003 -1.000 -0.021
vn -0.003 -1.000 -0.021
vn 0.003 -1.000 0.001
vn 0.003 -1.000 0.001
vn 0.003 -1.000 0.001
vn 0.003 -1.000 0.001
vn 0.228 -0.973 -0.033
vn 0.228 -0.973 -0.033
vn 0.228 -0.973 -0.033
vn 0.228 -0.973 -0.033
vn 0.215 -0.974 -0.075
vn 0.215 -0.974 -0.075
vn 0.215 -0.974 -0.075
vn 0.215 -0.974 -0.075
vn 0.222 -0.974 -0.054
vn 0.222 -0.974 -0.054
vn 0.222 -0.974 -0.054
vn 0.222 -0.974 -0.054
vn 0.228 -0.973 -0.033
vn 0.228 -0.973 -0.033
vn 0.228 -0.973 -0.033
vn 0.228 -0.973 -0.033
vn 0.215 -0.974 -0.075
vn 0.215 -0.974 -0.075
vn 0.215 -0.974 -0.075
vn 0.215 -0.974 -0.075
vn 0.222 -0.974 -0.054
vn 0.222 -0.974 -0.054
vn 0.222 -0.974 -0.054
vn 0.222 -0.974 -0.054
vn 0.407 -0.910 -0.084
vn 0.407 -0.910 -0.084
vn 0.407 -0.910 -0.084
vn 0.407 -0.910 -0.084
vn 0.396 -0.910 -0.123
vn 0.396 -0.910 -0.123
vn 0.396 -0.910 -0.123
vn 0.396 -0.910 -0.123
vn 0.402 -0.910 -0.103
vn 0.402 -0.910 -0.103
vn 0.402 -0.910 -0.103
vn 0.402 -0.910 -0.103
vn -0.007 -1.000 0.021
vn -0.007 -1.000 0.021
vn -0.007 -1.000 0.021
vn -0.007 -1.000 0.021
vn 0.013 -1.000 -0.019
vn 0.013 -1.000 -0.019
vn 0.013 -1.000 -0.019
vn 0.013 -1.000 -0.019
vn 0.003 -1.000 0.001
vn 0.003 -1.000 0.001
vn 0.003 -1.000 0.001
vn 0.003 -1.000 0.001
vn -0.007 -1.000 0.021
vn -0.007 -1.000 0.021
vn -0.007 -1.000 0.021
vn -0.007 -1.000 0.021
vn 0.013 -1.000 -0.019
vn 0.013 -1.000 -0.019
vn 0.013 -1.000 -0.019
vn 0.013 -1.000 -0.019
vn 0.003 -1.000 0.001
vn 0.003 -1.000 0.001
vn 0.003 -1.000 0.001
vn 0.003 -1.000 0.001
vn 0.229 -0.964 0.136
vn 0.229 -0.964 0.136
vn 0.229 -0.964 0.136
vn 0.229 -0.964 0.136
vn 0.247 -0.964 0.096
vn 0.247 -0.964 0.096
vn 0.247 -0.964 0.096
vn 0.247 -0.964 0.096
vn 0.238 -0.964 0.116
vn 0.238 -0.964 0.116
vn 0.238 -0.964 0.116
vn 0.238 -0.964 0.116
vn -0.019 -1.000 -0.004
vn -0.019 -1.000 -0.004
vn -0.019 -1.000 -0.004
vn -0.019 -1.000 -0.004
vn 0.025 -1.000 0.006
vn 0.025 -1.000 0.006
vn 0.025 -1.000 0.006
vn 0.025 -1.000 0.006
vn 0.003 -1.000 0.001
vn 0.003 -1.000 0.001
vn 0.003 -1.000 0.001
vn 0.003 -1.000 0.001
vn -0.047 -0.991 0.121
vn -0.047 -0.991 0.121
vn -0.047 -0.991 0.121
vn -0.047 -0.991 0.121
vn -0.003 -0.992 0.125
vn -0.003 -0.992 0.125
vn -0.003 -0.992 0.125
vn -0.003 -0.992 0.125
vn -0.025 -0.992 0.123
vn -0.025 -0.992 0.123
vn -0.025 -0.992 0.123
vn -0.025 -0.992 0.123
vn -0.056 -0.969 0.240
vn -0.056 -0.969 0.240
vn -0.056 -0.969 0.240
vn -0.056 -0.969 0.240
vn -0.012 -0.969 0.245
vn -0.012 -0.969 0.245
vn -0.012 -0.969 0.245
vn -0.012 -0.969 0.245
vn -0.034 -0.970 0.243
vn -0.034 -0.970 0.243
vn -0.034 -0.970 0.243
vn -0.034 -0.970 0.243
vn -0.066 -0.935 0.347
vn -0.066 -0.935 0.347
vn -0.066 -0.935 0.347
vn -0.066 -0.935 0.347
vn -0.024 -0.936 0.351
vn -0.024 -0.936 0.351
vn -0.024 -0.936 0.351
vn -0.024 -0.936 0.351
vn -0.045 -0.936 0.349
vn -0.045 -0.936 0.349
vn -0.045 -0.936 0.349
vn -0.045 -0.936 0.349
vn -0.072 -0.896 0.438
vn -0.072 -0.896 0.438
vn -0.072 -0.896 0.438
vn -0.072 -0.896 0.438
vn -0.033 -0.896 0.444
vn -0.033 -0.896 0.444
vn -0.033 -0.896 0.444
vn -0.033 -0.896 0.444
vn -0.052 -0.896 0.441
vn -0.052 -0.896 0.441
vn -0.052 -0.896 0.441
vn -0.052 -0.896 0.441
vn -0.072 -0.896 0.438
vn -0.072 -0.896 0.438
vn -0.072 -0.896 0.438
vn -0.072 -0.896 0.438
vn -0.033 -0.896 0.444
vn -0.033 -0.896 0.444
vn -0.033 -0.896 0.444
vn -0.033 -0.896 0.444
vn -0.052 -0.896 0.441
vn -0.052 -0.896 0.441
vn -0.052 -0.896 0.441
vn -0.052 -0.896 0.441
vn -0.006 -1.000 -0.020
vn -0.006 -1.000 -0.020
vn -0.006 -1.000 -0.020
vn -0.006 -1.000 -0.020
vn 0.011 -1.000 0.022
vn 0.011 -1.000 0.022
vn 0.011 -1.000 0.022
vn 0.011 -1.000 0.022
vn 0.003 -1.000 0.001
vn 0.003 -1.000 0.001
vn 0.003 -1.000 0.001
vn 0.003 -1.000 0.001
vn -0.121 -0.992 0.025
vn -0.121 -0.992 0.025
vn -0.121 -0.992 0.025
vn -0.121 -0.992 0.025
vn -0.105 -0.992 0.067
vn -0.105 -0.992 0.067
vn -0.105 -0.992 0.067
vn -0.105 -0.992 0.067
vn -0.113 -0.993 0.046
vn -0.113 -0.993 0.046
vn -0.113 -0.993 0.046
vn -0.113 -0.993 0.046
vn -0.231 -0.971 0.066
vn -0.231 -0.971 0.066
vn -0.231 -0.971 0.066
vn -0.231 -0.971 0.066
vn -0.217 -0.970 0.108
vn -0.217 -0.970 0.108
vn -0.217 -0.970 0.108
vn -0.217 -0.970 0.108
vn -0.224 -0.971 0.087
vn -0.224 -0.971 0.087
vn -0.224 -0.971 0.087
vn -0.224 -0.971 0.087
vn -0.334 -0.937 0.103
vn -0.334 -0.937 0.103
vn -0.334 -0.937 0.103
vn -0.334 -0.937 0.103
vn -0.320 -0.937 0.142
vn -0.320 -0.937 0.142
vn -0.320 -0.937 0.142
vn -0.320 -0.937 0.142
vn -0.327 -0.937 0.123
vn -0.327 -0.937 0.123
vn -0.327 -0.937 0.123
vn -0.327 -0.937 0.123
vn -0.423 -0.896 0.137
vn -0.423 -0.896 0.137
vn -0.423 -0.896 0.137
vn -0.423 -0.896 0.137
vn -0.409 -0.896 0.174
vn -0.409 -0.896 0.174
vn -0.409 -0.896 0.174
vn -0.409 -0.896 0.174
vn -0.416 -0.896 0.156
vn -0.416 -0.896 0.156
vn -0.416 -0.896 0.156
vn -0.416 -0.896 0.156
vn 0.014 -1.000 -0.019
vn 0.014 -1.000 -0.019
vn 0.014 -1.000 -0.019
vn 0.014 -1.000 -0.019
vn -0.008 -1.000 0.020
vn -0.008 -1.000 0.020
vn -0.008 -1.000 0.020
vn -0.008 -1.000 0.020
vn 0.003 -1.000 0.001
vn 0.003 -1.000 0.001
vn 0.003 -1.000 0.001
vn 0.003 -1.000 0.001
vn -0.105 -0.991 -0.084
vn -0.105 -0.991 -0.084
vn -0.105 -0.991 -0.084
vn -0.105 -0.991 -0.084
vn -0.127 -0.991 -0.045
vn -0.127 -0.991 -0.045
vn -0.127 -0.991 -0.045
vn -0.127 -0.991 -0.045
vn -0.116 -0.991 -0.065
vn -0.116 -0.991 -0.065
vn -0.116 -0.991 -0.065
vn -0.116 -0.991 -0.065
vn -0.218 -0.965 -0.147
vn -0.218 -0.965 -0.147
vn -0.218 -0.965 -0.147
vn -0.218 -0.965 -0.147
vn -0.240 -0.965 -0.110
vn -0.240 -0.965 -0.110
vn -0.240 -0.965 -0.110
vn -0.240 -0.965 -0.110
vn -0.229 -0.965 -0.128
vn -0.229 -0.965 -0.128
vn -0.229 -0.965 -0.128
vn -0.229 -0.965 -0.128
vn -0.218 -0.965 -0.147
vn -0.218 -0.965 -0.147
vn -0.218 -0.965 -0.147
vn -0.218 -0.965 -0.147
vn -0.240 -0.965 -0.110
vn -0.240 -0.965 -0.110
vn -0.240 -0.965 -0.110
vn -0.240 -0.965 -0.110
vn -0.229 -0.965 -0.128
vn -0.229 -0.965 -0.128
vn -0.229 -0.965 -0.128
vn -0.229 -0.965 -0.128
vn -0.315 -0.927 -0.205
vn -0.315 -0.927 -0.205
vn -0.315 -0.927 -0.205
vn -0.315 -0.927 -0.205
vn -0.338 -0.926 -0.170
vn -0.338 -0.926 -0.170
vn -0.338 -0.926 -0.170
vn -0.338 -0.926 -0.170
vn -0.327 -0.926 -0.187
vn -0.327 -0.926 -0.187
vn -0.327 -0.926 -0.187
vn -0.327 -0.926 -0.187
vn -0.315 -0.927 -0.205
vn -0.315 -0.927 -0.205
vn -0.315 -0.927 -0.205
vn -0.315 -0.927 -0.205
vn -0.338 -0.926 -0.170
vn -0.338 -0.926 -0.170
vn -0.338 -0.926 -0.170
vn -0.338 -0.926 -0.170
vn -0.327 -0.926 -0.187
vn -0.327 -0.926 -0.187
vn -0.327 -0.926 -0.187
vn -0.327 -0.926 -0.187
vn 0.017 -1.000 0.026
vn 0.017 -1.000 0.026
vn 0.017 -1.000 0.026
vn 0.017 -1.000 0.026
vn -0.008 -1.000 -0.018
vn -0.008 -1.000 -0.018
vn -0.008 -1.000 -0.018
vn -0.008 -1.000 -0.018
vn 0.005 -1.000 0.004
vn 0.005 -1.000 0.004
vn 0.005 -1.000 0.004
vn 0.005 -1.000 0.004
vn 0.017 -1.000 0.026
vn 0.017 -1.000 0.026
vn 0.017 -1.000 0.026
vn 0.017 -1.000 0.026
vn -0.008 -1.000 -0.018
vn -0.008 -1.000 -0.018
vn -0.008 -1.000 -0.018
vn -0.008 -1.000 -0.018
vn 0.005 -1.000 0.004
vn 0.005 -1.000 0.004
vn 0.005 -1.000 0.004
vn 0.005 -1.000 0.004
vn 0.148 -0.988 -0.047
vn 0.148 -0.988 -0.047
vn 0.148 -0.988 -0.047
vn 0.148 -0.988 -0.047
vn 0.126 -0.988 -0.093
vn 0.126 -0.988 -0.093
vn 0.126 -0.988 -0.093
vn 0.126 -0.988 -0.093
vn 0.137 -0.988 -0.070
vn 0.137 -0.988 -0.070
vn 0.137 -0.988 -0.070
vn 0.137 -0.988 -0.070
vn 0.275 -0.955 -0.108
vn 0.275 -0.955 -0.108
vn 0.275 -0.955 -0.108
vn 0.275 -0.955 -0.108
vn 0.252 -0.956 -0.151
vn 0.252 -0.956 -0.151
vn 0.252 -0.956 -0.151
vn 0.252 -0.956 -0.151
vn 0.264 -0.956 -0.129
vn 0.264 -0.956 -0.129
vn 0.264 -0.956 -0.129
vn 0.264 -0.956 -0.129
vn 0.380 -0.910 -0.166
vn 0.380 -0.910 -0.166
vn 0.380 -0.910 -0.166
vn 0.380 -0.910 -0.166
vn 0.357 -0.911 -0.206
vn 0.357 -0.911 -0.206
vn 0.357 -0.911 -0.206
vn 0.357 -0.911 -0.206
vn 0.368 -0.911 -0.186
vn 0.368 -0.911 -0.186
vn 0.368 -0.911 -0.186
vn 0.368 -0.911 -0.186
vn 0.380 -0.910 -0.166
vn 0.380 -0.910 -0.166
vn 0.380 -0.910 -0.166
vn 0.380 -0.910 -0.166
vn 0.357 -0.911 -0.206
vn 0.357 -0.911 -0.206
vn 0.357 -0.911 -0.206
vn 0.357 -0.911 -0.206
vn 0.368 -0.911 -0.186
vn 0.368 -0.911 -0.186
vn 0.368 -0.911 -0.186
vn 0.368 -0.911 -0.186
vn -0.012 -1.000 0.023
vn -0.012 -1.000 0.023
vn -0.012 -1.000 0.023
vn -0.012 -1.000 0.023
vn 0.022 -1.000 -0.015
vn 0.022 -1.000 -0.015
vn 0.022 -1.000 -0.015
vn 0.022 -1.000 -0.015
vn 0.005 -1.000 0.004
vn 0.005 -1.000 0.004
vn 0.005 -1.000 0.004
vn 0.005 -1.000 0.004
vn 0.269 -0.929 0.254
vn 0.269 -0.929 0.254
vn 0.269 -0.929 0.254
vn 0.269 -0.929 0.254
vn 0.299 -0.929 0.216
vn 0.299 -0.929 0.216
vn 0.299 -0.929 0.216
vn 0.299 -0.929 0.216
vn 0.284 -0.930 0.235
vn 0.284 -0.930 0.235
vn 0.284 -0.930 0.235
vn 0.284 -0.930 0.235
vn 0.346 -0.885 0.311
vn 0.346 -0.885 0.311
vn 0.346 -0.885 0.311
vn 0.346 -0.885 0.311
vn 0.376 -0.884 0.277
vn 0.376 -0.884 0.277
vn 0.376 -0.884 0.277
vn 0.376 -0.884 0.277
vn 0.361 -0.885 0.294
vn 0.361 -0.885 0.294
vn 0.361 -0.885 0.294
vn 0.361 -0.885 0.294
vn -0.020 -1.000 -0.001
vn -0.020 -1.000 -0.001
vn -0.020 -1.000 -0.001
vn -0.020 -1.000 -0.001
vn 0.030 -1.000 0.008
vn 0.030 -1.000 0.008
vn 0.030 -1.000 0.008
vn 0.030 -1.000 0.008
vn 0.005 -1.000 0.004
vn 0.005 -1.000 0.004
vn 0.005 -1.000 0.004
vn 0.005 -1.000 0.004
vn -0.020 -1.000 -0.001
vn -0.020 -1.000 -0.001
vn -0.020 -1.000 -0.001
vn -0.020 -1.000 -0.001
vn 0.030 -1.000 0.008
vn 0.030 -1.000 0.008
vn 0.030 -1.000 0.008
vn 0.030 -1.000 0.008
vn 0.005 -1.000 0.004
vn 0.005 -1.000 0.004
vn 0.005 -1.000 0.004
vn 0.005 -1.000 0.004
vn -0.082 -0.959 0.272
vn -0.082 -0.959 0.272
vn -0.082 -0.959 0.272
vn -0.082 -0.959 0.272
vn -0.034 -0.959 0.282
vn -0.034 -0.959 0.282
vn -0.034 -0.959 0.282
vn -0.034 -0.959 0.282
vn -0.058 -0.959 0.277
vn -0.058 -0.959 0.277
vn -0.058 -0.959 0.277
vn -0.058 -0.959 0.277
vn -0.002 -1.000 -0.021
vn -0.002 -1.000 -0.021
vn -0.002 -1.000 -0.021
vn -0.002 -1.000 -0.021
vn 0.011 -1.000 0.028
vn 0.011 -1.000 0.028
vn 0.011 -1.000 0.028
vn 0.011 -1.000 0.028
vn 0.005 -1.000 0.004
vn 0.005 -1.000 0.004
vn 0.005 -1.000 0.004
vn 0.005 -1.000 0.004
vn -0.002 -1.000 -0.021
vn -0.002 -1.000 -0.021
vn -0.002 -1.000 -0.021
vn -0.002 -1.000 -0.021
vn 0.011 -1.000 0.028
vn 0.011 -1.000 0.028
vn 0.011 -1.000 0.028
vn 0.011 -1.000 0.028
vn 0.005 -1.000 0.004
vn 0.005 -1.000 0.004
vn 0.005 -1.000 0.004
vn 0.005 -1.000 0.004
vn -0.153 -0.988 0.019
vn -0.153 -0.988 0.019
vn -0.153 -0.988 0.019
vn -0.153 -0.988 0.019
vn -0.138 -0.988 0.068
vn -0.138 -0.988 0.068
vn -0.138 -0.988 0.068
vn -0.138 -0.988 0.068
vn -0.146 -0.988 0.043
vn -0.146 -0.988 0.043
vn -0.146 -0.988 0.043
vn -0.146 -0.988 0.043
vn -0.295 -0.953 0.064
vn -0.295 -0.953 0.064
vn -0.295 -0.953 0.064
vn -0.295 -0.953 0.064
vn -0.276 -0.955 0.110
vn -0.276 -0.955 0.110
vn -0.276 -0.955 0.110
vn -0.276 -0.955 0.110
vn -0.286 -0.954 0.087
vn -0.286 -0.954 0.087
vn -0.286 -0.954 0.087
vn -0.286 -0.954 0.087
vn -0.295 -0.953 0.064
vn -0.295 -0.953 0.064
vn -0.295 -0.953 0.064
vn -0.295 -0.953 0.064
vn -0.276 -0.955 0.110
vn -0.276 -0.955 0.110
vn -0.276 -0.955 0.110
vn -0.276 -0.955 0.110
vn -0.286 -0.954 0.087
vn -0.286 -0.954 0.087
vn -0.286 -0.954 0.087
vn -0.286 -0.954 0.087
vn -0.202 -0.967 -0.154
vn -0.202 -0.967 -0.154
vn -0.202 -0.967 -0.154
vn -0.202 -0.967 -0.154
vn -0.229 -0.967 -0.112
vn -0.229 -0.967 -0.112
vn -0.229 -0.967 -0.112
vn -0.229 -0.967 -0.112
vn -0.216 -0.967 -0.133
vn -0.216 -0.967 -0.133
vn -0.216 -0.967 -0.133
vn -0.216 -0.967 -0.133
vn -0.202 -0.967 -0.154
vn -0.202 -0.967 -0.154
vn -0.202 -0.967 -0.154
vn -0.202 -0.967 -0.154
vn -0.229 -0.967 -0.112
vn -0.229 -0.967 -0.112
vn -0.229 -0.967 -0.112
vn -0.229 -0.967 -0.112
vn -0.216 -0.967 -0.133
vn -0.216 -0.967 -0.133
vn -0.216 -0.967 -0.133
vn -0.216 -0.967 -0.133
vn -0.299 -0.929 -0.218
vn -0.299 -0.929 -0.218
vn -0.299 -0.929 -0.218
vn -0.299 -0.929 -0.218
vn -0.323 -0.930 -0.176
vn -0.323 -0.930 -0.176
vn -0.323 -0.930 -0.176
vn -0.323 -0.930 -0.176
vn -0.311 -0.930 -0.197
vn -0.311 -0.930 -0.197
vn -0.311 -0.930 -0.197
vn -0.311 -0.930 -0.197
vn 0.030 -1.000 0.003
vn 0.030 -1.000 0.003
vn 0.030 -1.000 0.003
vn 0.030 -1.000 0.003
vn -0.021 -1.000 0.005
vn -0.021 -1.000 0.005
vn -0.021 -1.000 0.005
vn -0.021 -1.000 0.005
vn 0.005 -1.000 0.004
vn 0.005 -1.000 0.004
vn 0.005 -1.000 0.004
vn 0.005 -1.000 0.004
vn 0.030 -1.000 0.003
vn 0.030 -1.000 0.003
vn 0.030 -1.000 0.003
vn 0.030 -1.000 0.003
vn -0.021 -1.000 0.005
vn -0.021 -1.000 0.005
vn -0.021 -1.000 0.005
vn -0.021 -1.000 0.005
vn 0.005 -1.000 0.004
vn 0.005 -1.000 0.004
vn 0.005 -1.000 0.004
vn 0.005 -1.000 0.004
vn 0.025 -0.988 -0.151
vn 0.025 -0.988 -0.151
vn 0.025 -0.988 -0.151
vn 0.025 -0.988 -0.151
vn -0.025 -0.989 -0.144
vn -0.025 -0.989 -0.144
vn -0.025 -0.989 -0.144
vn -0.025 -0.989 -0.144
vn 0.000 -0.989 -0.148
vn 0.000 -0.989 -0.148
vn 0.000 -0.989 -0.148
vn 0.000 -0.989 -0.148
vn -0.004 -0.910 -0.414
vn -0.004 -0.910 -0.414
vn -0.004 -0.910 -0.414
vn -0.004 -0.910 -0.414
vn -0.050 -0.910 -0.411
vn -0.050 -0.910 -0.411
vn -0.050 -0.910 -0.411
vn -0.050 -0.910 -0.411
vn -0.027 -0.910 -0.413
vn -0.027 -0.910 -0.413
vn -0.027 -0.910 -0.413
vn -0.027 -0.910 -0.413
vn 0.002 -1.000 -0.026
vn 0.002 -1.000 -0.026
vn 0.002 -1.000 -0.026
vn 0.002 -1.000 -0.026
vn 0.006 -0.999 0.032
vn 0.006 -0.999 0.032
vn 0.006 -0.999 0.032
vn 0.006 -0.999 0.032
vn 0.004 -1.000 0.003
vn 0.004 -1.000 0.003
vn 0.004 -1.000 0.003
vn 0.004 -1.000 0.003
vn 0.002 -1.000 -0.026
vn 0.002 -1.000 -0.026
vn 0.002 -1.000 -0.026
vn 0.002 -1.000 -0.026
vn 0.006 -0.999 0.032
vn 0.006 -0.999 0.032
vn 0.006 -0.999 0.032
vn 0.006 -0.999 0.032
vn 0.004 -1.000 0.003
vn 0.004 -1.000 0.003
vn 0.004 -1.000 0.003
vn 0.004 -1.000 0.003
vn -0.289 -0.957 -0.009
vn -0.289 -0.957 -0.009
vn -0.289 -0.957 -0.009
vn -0.289 -0.957 -0.009
vn -0.282 -0.958 0.047
vn -0.282 -0.958 0.047
vn -0.282 -0.958 0.047
vn -0.282 -0.958 0.047
vn -0.286 -0.958 0.019
vn -0.286 -0.958 0.019
vn -0.286 -0.958 0.019
vn -0.286 -0.958 0.019
vn -0.513 -0.858 0.015
vn -0.513 -0.858 0.015
vn -0.513 -0.858 0.015
vn -0.513 -0.858 0.015
vn -0.508 -0.859 0.065
vn -0.508 -0.859 0.065
vn -0.508 -0.859 0.065
vn -0.508 -0.859 0.065
vn -0.511 -0.859 0.040
vn -0.511 -0.859 0.040
vn -0.511 -0.859 0.040
vn -0.511 -0.859 0.040
vn 0.030 -0.999 -0.009
vn 0.030 -0.999 -0.009
vn 0.030 -0.999 -0.009
vn 0.030 -0.999 -0.009
vn -0.022 -1.000 0.016
vn -0.022 -1.000 0.016
vn -0.022 -1.000 0.016
vn -0.022 -1.000 0.016
vn 0.004 -1.000 0.003
vn 0.004 -1.000 0.003
vn 0.004 -1.000 0.003
vn 0.004 -1.000 0.003
vn -0.039 -0.987 -0.154
vn -0.039 -0.987 -0.154
vn -0.039 -0.987 -0.154
vn -0.039 -0.987 -0.154
vn -0.091 -0.988 -0.128
vn -0.091 -0.988 -0.128
vn -0.091 -0.988 -0.128
vn -0.091 -0.988 -0.128
vn -0.065 -0.988 -0.141
vn -0.065 -0.988 -0.141
vn -0.065 -0.988 -0.141
vn -0.065 -0.988 -0.141
vn -0.107 -0.953 -0.284
vn -0.107 -0.953 -0.284
vn -0.107 -0.953 -0.284
vn -0.107 -0.953 -0.284
vn -0.158 -0.952 -0.262
vn -0.158 -0.952 -0.262
vn -0.158 -0.952 -0.262
vn -0.158 -0.952 -0.262
vn -0.132 -0.953 -0.273
vn -0.132 -0.953 -0.273
vn -0.132 -0.953 -0.273
vn -0.132 -0.953 -0.273
vn 0.030 -0.999 0.016
vn 0.030 -0.999 0.016
vn 0.030 -0.999 0.016
vn 0.030 -0.999 0.016
vn -0.022 -1.000 -0.009
vn -0.022 -1.000 -0.009
vn -0.022 -1.000 -0.009
vn -0.022 -1.000 -0.009
vn 0.004 -1.000 0.003
vn 0.004 -1.000 0.003
vn 0.004 -1.000 0.003
vn 0.004 -1.000 0.003
vn 0.030 -0.999 0.016
vn 0.030 -0.999 0.016
vn 0.030 -0.999 0.016
vn 0.030 -0.999 0.016
vn -0.022 -1.000 -0.009
vn -0.022 -1.000 -0.009
vn -0.022 -1.000 -0.009
vn -0.022 -1.000 -0.009
vn 0.004 -1.000 0.003
vn 0.004 -1.000 0.003
vn 0.004 -1.000 0.003
vn 0.004 -1.000 0.003
vn 0.102 -0.986 -0.134
vn 0.102 -0.986 -0.134
vn 0.102 -0.986 -0.134
vn 0.102 -0.986 -0.134
vn 0.051 -0.986 -0.160
vn 0.051 -0.986 -0.160
vn 0.051 -0.986 -0.160
vn 0.051 -0.986 -0.160
vn 0.077 -0.986 -0.147
vn 0.077 -0.986 -0.147
vn 0.077 -0.986 -0.147
vn 0.077 -0.986 -0.147
vn 0.173 -0.946 -0.273
vn 0.173 -0.946 -0.273
vn 0.173 -0.946 -0.273
vn 0.173 -0.946 -0.273
vn 0.123 -0.947 -0.297
vn 0.123 -0.947 -0.297
vn 0.123 -0.947 -0.297
vn 0.123 -0.947 -0.297
vn 0.148 -0.947 -0.285
vn 0.148 -0.947 -0.285
vn 0.148 -0.947 -0.285
vn 0.148 -0.947 -0.285
vn 0.228 -0.891 -0.392
vn 0.228 -0.891 -0.392
vn 0.228 -0.891 -0.392
vn 0.228 -0.891 -0.392
vn 0.182 -0.891 -0.416
vn 0.182 -0.891 -0.416
vn 0.182 -0.891 -0.416
vn 0.182 -0.891 -0.416
vn 0.205 -0.891 -0.404
vn 0.205 -0.891 -0.404
vn 0.205 -0.891 -0.404
vn 0.205 -0.891 -0.404
vn 0.005 -0.999 0.032
vn 0.005 -0.999 0.032
vn 0.005 -0.999 0.032
vn 0.005 -0.999 0.032
vn 0.004 -1.000 -0.026
vn 0.004 -1.000 -0.026
vn 0.004 -1.000 -0.026
vn 0.004 -1.000 -0.026
vn 0.004 -1.000 0.003
vn 0.004 -1.000 0.003
vn 0.004 -1.000 0.003
vn 0.004 -1.000 0.003
vn 0.299 -0.954 0.022
vn 0.299 -0.954 0.022
vn 0.299 -0.954 0.022
vn 0.299 -0.954 0.022
vn 0.297 -0.954 -0.034
vn 0.297 -0.954 -0.034
vn 0.297 -0.954 -0.034
vn 0.297 -0.954 -0.034
vn 0.298 -0.954 -0.006
vn 0.298 -0.954 -0.006
vn 0.298 -0.954 -0.006
vn 0.298 -0.954 -0.006
vn 0.299 -0.954 0.022
vn 0.299 -0.954 0.022
vn 0.299 -0.954 0.022
vn 0.299 -0.954 0.022
vn 0.297 -0.954 -0.034
vn 0.297 -0.954 -0.034
vn 0.297 -0.954 -0.034
vn 0.297 -0.954 -0.034
vn 0.298 -0.954 -0.006
vn 0.298 -0.954 -0.006
vn 0.298 -0.954 -0.006
vn 0.298 -0.954 -0.006
vn 0.523 -0.852 0.028
vn 0.523 -0.852 0.028
vn 0.523 -0.852 0.028
vn 0.523 -0.852 0.028
vn 0.522 -0.853 -0.022
vn 0.522 -0.853 -0.022
vn 0.522 -0.853 -0.022
vn 0.522 -0.853 -0.022
vn 0.523 -0.853 0.003
vn 0.523 -0.853 0.003
vn 0.523 -0.853 0.003
vn 0.523 -0.853 0.003
vn 0.523 -0.852 0.028
vn 0.523 -0.852 0.028
vn 0.523 -0.852 0.028
vn 0.523 -0.852 0.028
vn 0.522 -0.853 -0.022
vn 0.522 -0.853 -0.022
vn 0.522 -0.853 -0.022
vn 0.522 -0.853 -0.022
vn 0.523 -0.853 0.003
vn 0.523 -0.853 0.003
vn 0.523 -0.853 0.003
vn 0.523 -0.853 0.003
vn -0.020 -1.000 0.019
vn -0.020 -1.000 0.019
vn -0.020 -1.000 0.019
vn -0.020 -1.000 0.019
vn 0.029 -1.000 -0.012
vn 0.029 -1.000 -0.012
vn 0.029 -1.000 -0.012
vn 0.029 -1.000 -0.012
vn 0.004 -1.000 0.003
vn 0.004 -1.000 0.003
vn 0.004 -1.000 0.003
vn 0.004 -1.000 0.003
vn 0.151 -0.956 0.251
vn 0.151 -0.956 0.251
vn 0.151 -0.956 0.251
vn 0.151 -0.956 0.251
vn 0.198 -0.956 0.219
vn 0.198 -0.956 0.219
vn 0.198 -0.956 0.219
vn 0.198 -0.956 0.219
vn 0.175 -0.956 0.235
vn 0.175 -0.956 0.235
vn 0.175 -0.956 0.235
vn 0.175 -0.956 0.235
vn 0.222 -0.910 0.351
vn 0.222 -0.910 0.351
vn 0.222 -0.910 0.351
vn 0.222 -0.910 0.351
vn 0.264 -0.910 0.318
vn 0.264 -0.910 0.318
vn 0.264 -0.910 0.318
vn 0.264 -0.910 0.318
vn 0.243 -0.910 0.335
vn 0.243 -0.910 0.335
vn 0.243 -0.910 0.335
vn 0.243 -0.910 0.335
vn 0.286 -0.856 0.430
vn 0.286 -0.856 0.430
vn 0.286 -0.856 0.430
vn 0.286 -0.856 0.430
vn 0.327 -0.856 0.401
vn 0.327 -0.856 0.401
vn 0.327 -0.856 0.401
vn 0.327 -0.856 0.401
vn 0.306 -0.856 0.416
vn 0.306 -0.856 0.416
vn 0.306 -0.856 0.416
vn 0.306 -0.856 0.416
vn 0.286 -0.856 0.430
vn 0.286 -0.856 0.430
vn 0.286 -0.856 0.430
vn 0.286 -0.856 0.430
vn 0.327 -0.856 0.401
vn 0.327 -0.856 0.401
vn 0.327 -0.856 0.401
vn 0.327 -0.856 0.401
vn 0.306 -0.856 0.416
vn 0.306 -0.856 0.416
vn 0.306 -0.856 0.416
vn 0.306 -0.856 0.416
vn -0.067 -0.985 0.157
vn -0.067 -0.985 0.157
vn -0.067 -0.985 0.157
vn -0.067 -0.985 0.157
vn -0.011 -0.986 0.169
vn -0.011 -0.986 0.169
vn -0.011 -0.986 0.169
vn -0.011 -0.986 0.169
vn -0.039 -0.986 0.163
vn -0.039 -0.986 0.163
vn -0.039 -0.986 0.163
vn -0.039 -0.986 0.163
vn -0.098 -0.946 0.310
vn -0.098 -0.946 0.310
vn -0.098 -0.946 0.310
vn -0.098 -0.946 0.310
vn -0.043 -0.946 0.322
vn -0.043 -0.946 0.322
vn -0.043 -0.946 0.322
vn -0.043 -0.946 0.322
vn -0.071 -0.946 0.316
vn -0.071 -0.946 0.316
vn -0.071 -0.946 0.316
vn -0.071 -0.946 0.316
vn -0.122 -0.891 0.438
vn -0.122 -0.891 0.438
vn -0.122 -0.891 0.438
vn -0.122 -0.891 0.438
vn -0.071 -0.891 0.449
vn -0.071 -0.891 0.449
vn -0.071 -0.891 0.449
vn -0.071 -0.891 0.449
vn -0.096 -0.891 0.444
vn -0.096 -0.891 0.444
vn -0.096 -0.891 0.444
vn -0.096 -0.891 0.444
vn -0.353 -0.935 0.039
vn -0.353 -0.935 0.039
vn -0.353 -0.935 0.039
vn -0.353 -0.935 0.039
vn -0.341 -0.934 0.102
vn -0.341 -0.934 0.102
vn -0.341 -0.934 0.102
vn -0.341 -0.934 0.102
vn -0.347 -0.935 0.070
vn -0.347 -0.935 0.070
vn -0.347 -0.935 0.070
vn -0.347 -0.935 0.070
vn -0.216 -0.936 -0.279
vn -0.216 -0.936 -0.279
vn -0.216 -0.936 -0.279
vn -0.216 -0.936 -0.279
vn -0.263 -0.936 -0.236
vn -0.263 -0.936 -0.236
vn -0.263 -0.936 -0.236
vn -0.263 -0.936 -0.236
vn -0.239 -0.936 -0.258
vn -0.239 -0.936 -0.258
vn -0.239 -0.936 -0.258
vn -0.239 -0.936 -0.258
vn -0.216 -0.936 -0.279
vn -0.216 -0.936 -0.279
vn -0.216 -0.936 -0.279
vn -0.216 -0.936 -0.279
vn -0.263 -0.936 -0.236
vn -0.263 -0.936 -0.236
vn -0.263 -0.936 -0.236
vn -0.263 -0.936 -0.236
vn -0.239 -0.936 -0.258
vn -0.239 -0.936 -0.258
vn -0.239 -0.936 -0.258
vn -0.239 -0.936 -0.258
vn 0.034 -0.999 0.021
vn 0.034 -0.999 0.021
vn 0.034 -0.999 0.021
vn 0.034 -0.999 0.021
vn -0.027 -1.000 -0.007
vn -0.027 -1.000 -0.007
vn -0.027 -1.000 -0.007
vn -0.027 -1.000 -0.007
vn 0.004 -1.000 0.007
vn 0.004 -1.000 0.007
vn 0.004 -1.000 0.007
vn 0.004 -1.000 0.007
vn 0.109 -0.984 -0.143
vn 0.109 -0.984 -0.143
vn 0.109 -0.984 -0.143
vn 0.109 -0.984 -0.143
vn 0.049 -0.984 -0.171
vn 0.049 -0.984 -0.171
vn 0.049 -0.984 -0.171
vn 0.049 -0.984 -0.171
vn 0.079 -0.984 -0.157
vn 0.079 -0.984 -0.157
vn 0.079 -0.984 -0.157
vn 0.079 -0.984 -0.157
vn 0.176 -0.940 -0.291
vn 0.176 -0.940 -0.291
vn 0.176 -0.940 -0.291
vn 0.176 -0.940 -0.291
vn 0.120 -0.940 -0.321
vn 0.120 -0.940 -0.321
vn 0.120 -0.940 -0.321
vn 0.120 -0.940 -0.321
vn 0.148 -0.940 -0.306
vn 0.148 -0.940 -0.306
vn 0.148 -0.940 -0.306
vn 0.148 -0.940 -0.306
vn 0.284 -0.808 -0.517
vn 0.284 -0.808 -0.517
vn 0.284 -0.808 -0.517
vn 0.284 -0.808 -0.517
vn 0.235 -0.808 -0.541
vn 0.235 -0.808 -0.541
vn 0.235 -0.808 -0.541
vn 0.235 -0.808 -0.541
vn 0.259 -0.808 -0.529
vn 0.259 -0.808 -0.529
vn 0.259 -0.808 -0.529
vn 0.259 -0.808 -0.529
vn 0.183 -0.983 0.015
vn 0.183 -0.983 0.015
vn 0.183 -0.983 0.015
vn 0.183 -0.983 0.015
vn 0.175 -0.983 -0.051
vn 0.175 -0.983 -0.051
vn 0.175 -0.983 -0.051
vn 0.175 -0.983 -0.051
vn 0.179 -0.984 -0.018
vn 0.179 -0.984 -0.018
vn 0.179 -0.984 -0.018
vn 0.179 -0.984 -0.018
vn 0.596 -0.801 -0.055
vn 0.596 -0.801 -0.055
vn 0.596 -0.801 -0.055
vn 0.596 -0.801 -0.055
vn 0.588 -0.801 -0.110
vn 0.588 -0.801 -0.110
vn 0.588 -0.801 -0.110
vn 0.588 -0.801 -0.110
vn 0.593 -0.801 -0.083
vn 0.593 -0.801 -0.083
vn 0.593 -0.801 -0.083
vn 0.593 -0.801 -0.083
vn -0.023 -0.999 0.027
vn -0.023 -0.999 0.027
vn -0.023 -0.999 0.027
vn -0.023 -0.999 0.027
vn 0.030 -0.999 -0.014
vn 0.030 -0.999 -0.014
vn 0.030 -0.999 -0.014
vn 0.030 -0.999 -0.014
vn 0.004 -1.000 0.007
vn 0.004 -1.000 0.007
vn 0.004 -1.000 0.007
vn 0.004 -1.000 0.007
vn 0.183 -0.938 0.294
vn 0.183 -0.938 0.294
vn 0.183 -0.938 0.294
vn 0.183 -0.938 0.294
vn 0.234 -0.938 0.256
vn 0.234 -0.938 0.256
vn 0.234 -0.938 0.256
vn 0.234 -0.938 0.256
vn 0.208 -0.939 0.275
vn 0.208 -0.939 0.275
vn 0.208 -0.939 0.275
vn 0.208 -0.939 0.275
vn 0.264 -0.877 0.401
vn 0.264 -0.877 0.401
vn 0.264 -0.877 0.401
vn 0.264 -0.877 0.401
vn 0.312 -0.877 0.366
vn 0.312 -0.877 0.366
vn 0.312 -0.877 0.366
vn 0.312 -0.877 0.366
vn 0.288 -0.878 0.383
vn 0.288 -0.878 0.383
vn 0.288 -0.878 0.383
vn 0.288 -0.878 0.383
vn -0.110 -0.978 0.177
vn -0.110 -0.978 0.177
vn -0.110 -0.978 0.177
vn -0.110 -0.978 0.177
vn -0.051 -0.977 0.207
vn -0.051 -0.977 0.207
vn -0.051 -0.977 0.207
vn -0.051 -0.977 0.207
vn -0.081 -0.978 0.192
vn -0.081 -0.978 0.192
vn -0.081 -0.978 0.192
vn -0.081 -0.978 0.192
vn -0.189 -0.924 0.332
vn -0.189 -0.924 0.332
vn -0.189 -0.924 0.332
vn -0.189 -0.924 0.332
vn -0.133 -0.924 0.358
vn -0.133 -0.924 0.358
vn -0.133 -0.924 0.358
vn -0.133 -0.924 0.358
vn -0.161 -0.925 0.345
vn -0.161 -0.925 0.345
vn -0.161 -0.925 0.345
vn -0.161 -0.925 0.345
vn -0.189 -0.924 0.332
vn -0.189 -0.924 0.332
vn -0.189 -0.924 0.332
vn -0.189 -0.924 0.332
vn -0.133 -0.924 0.358
vn -0.133 -0.924 0.358
vn -0.133 -0.924 0.358
vn -0.133 -0.924 0.358
vn -0.161 -0.925 0.345
vn -0.161 -0.925 0.345
vn -0.161 -0.925 0.345
vn -0.161 -0.925 0.345
vn -0.250 -0.850 0.464
vn -0.250 -0.850 0.464
vn -0.250 -0.850 0.464
vn -0.250 -0.850 0.464
vn -0.199 -0.849 0.489
vn -0.199 -0.849 0.489
vn -0.199 -0.849 0.489
vn -0.199 -0.849 0.489
vn -0.225 -0.850 0.477
vn -0.225 -0.850 0.477
vn -0.225 -0.850 0.477
vn -0.225 -0.850 0.477
vn 0.032 -0.999 -0.026
vn 0.032 -0.999 -0.026
vn 0.032 -0.999 -0.026
vn 0.032 -0.999 -0.026
vn -0.023 -0.999 0.030
vn -0.023 -0.999 0.030
vn -0.023 -0.999 0.030
vn -0.023 -0.999 0.030
vn 0.005 -1.000 0.002
vn 0.005 -1.000 0.002
vn 0.005 -1.000 0.002
vn 0.005 -1.000 0.002
vn 0.032 -0.999 -0.026
vn 0.032 -0.999 -0.026
vn 0.032 -0.999 -0.026
vn 0.032 -0.999 -0.026
vn -0.023 -0.999 0.030
vn -0.023 -0.999 0.030
vn -0.023 -0.999 0.030
vn -0.023 -0.999 0.030
vn 0.005 -1.000 0.002
vn 0.005 -1.000 0.002
vn 0.005 -1.000 0.002
vn 0.005 -1.000 0.002
vn -0.119 -0.977 -0.175
vn -0.119 -0.977 -0.175
vn -0.119 -0.977 -0.175
vn -0.119 -0.977 -0.175
vn -0.170 -0.979 -0.115
vn -0.170 -0.979 -0.115
vn -0.170 -0.979 -0.115
vn -0.170 -0.979 -0.115
vn -0.145 -0.979 -0.145
vn -0.145 -0.979 -0.145
vn -0.145 -0.979 -0.145
vn -0.145 -0.979 -0.145
vn -0.267 -0.918 -0.295
vn -0.267 -0.918 -0.295
vn -0.267 -0.918 -0.295
vn -0.267 -0.918 -0.295
vn -0.315 -0.919 -0.238
vn -0.315 -0.919 -0.238
vn -0.315 -0.919 -0.238
vn -0.315 -0.919 -0.238
vn -0.291 -0.919 -0.266
vn -0.291 -0.919 -0.266
vn -0.291 -0.919 -0.266
vn -0.291 -0.919 -0.266
vn 0.041 -0.999 0.017
vn 0.041 -0.999 0.017
vn 0.041 -0.999 0.017
vn 0.041 -0.999 0.017
vn -0.032 -0.999 -0.013
vn -0.032 -0.999 -0.013
vn -0.032 -0.999 -0.013
vn -0.032 -0.999 -0.013
vn 0.005 -1.000 0.002
vn 0.005 -1.000 0.002
vn 0.005 -1.000 0.002
vn 0.005 -1.000 0.002
vn 0.041 -0.999 0.017
vn 0.041 -0.999 0.017
vn 0.041 -0.999 0.017
vn 0.041 -0.999 0.017
vn -0.032 -0.999 -0.013
vn -0.032 -0.999 -0.013
vn -0.032 -0.999 -0.013
vn -0.032 -0.999 -0.013
vn 0.005 -1.000 0.002
vn 0.005 -1.000 0.002
vn 0.005 -1.000 0.002
vn 0.005 -1.000 0.002
vn 0.193 -0.915 -0.356
vn 0.193 -0.915 -0.356
vn 0.193 -0.915 -0.356
vn 0.193 -0.915 -0.356
vn 0.125 -0.917 -0.379
vn 0.125 -0.917 -0.379
vn 0.125 -0.917 -0.379
vn 0.125 -0.917 -0.379
vn 0.159 -0.916 -0.367
vn 0.159 -0.916 -0.367
vn 0.159 -0.916 -0.367
vn 0.159 -0.916 -0.367
vn 0.007 -0.999 0.041
vn 0.007 -0.999 0.041
vn 0.007 -0.999 0.041
vn 0.007 -0.999 0.041
vn 0.002 -0.999 -0.037
vn 0.002 -0.999 -0.037
vn 0.002 -0.999 -0.037
vn 0.002 -0.999 -0.037
vn 0.005 -1.000 0.002
vn 0.005 -1.000 0.002
vn 0.005 -1.000 0.002
vn 0.005 -1.000 0.002
vn 0.234 -0.972 0.028
vn 0.234 -0.972 0.028
vn 0.234 -0.972 0.028
vn 0.234 -0.972 0.028
vn 0.237 -0.970 -0.049
vn 0.237 -0.970 -0.049
vn 0.237 -0.970 -0.049
vn 0.237 -0.970 -0.049
vn 0.236 -0.972 -0.011
vn 0.236 -0.972 -0.011
vn 0.236 -0.972 -0.011
vn 0.236 -0.972 -0.011
vn 0.437 -0.899 0.035
vn 0.437 -0.899 0.035
vn 0.437 -0.899 0.035
vn 0.437 -0.899 0.035
vn 0.434 -0.900 -0.036
vn 0.434 -0.900 -0.036
vn 0.434 -0.900 -0.036
vn 0.434 -0.900 -0.036
vn 0.436 -0.900 -0.000
vn 0.436 -0.900 -0.000
vn 0.436 -0.900 -0.000
vn 0.436 -0.900 -0.000
vn 0.588 -0.808 0.021
vn 0.588 -0.808 0.021
vn 0.588 -0.808 0.021
vn 0.588 -0.808 0.021
vn 0.587 -0.808 -0.044
vn 0.587 -0.808 -0.044
vn 0.587 -0.808 -0.044
vn 0.587 -0.808 -0.044
vn 0.588 -0.809 -0.012
vn 0.588 -0.809 -0.012
vn 0.588 -0.809 -0.012
vn 0.588 -0.809 -0.012
vn 0.084 -0.976 0.202
vn 0.084 -0.976 0.202
vn 0.084 -0.976 0.202
vn 0.084 -0.976 0.202
vn 0.149 -0.976 0.160
vn 0.149 -0.976 0.160
vn 0.149 -0.976 0.160
vn 0.149 -0.976 0.160
vn 0.116 -0.977 0.181
vn 0.116 -0.977 0.181
vn 0.116 -0.977 0.181
vn 0.116 -0.977 0.181
vn 0.187 -0.914 0.359
vn 0.187 -0.914 0.359
vn 0.187 -0.914 0.359
vn 0.187 -0.914 0.359
vn 0.245 -0.917 0.315
vn 0.245 -0.917 0.315
vn 0.245 -0.917 0.315
vn 0.245 -0.917 0.315
vn 0.216 -0.916 0.337
vn 0.216 -0.916 0.337
vn 0.216 -0.916 0.337
vn 0.216 -0.916 0.337
vn 0.283 -0.835 0.473
vn 0.283 -0.835 0.473
vn 0.283 -0.835 0.473
vn 0.283 -0.835 0.473
vn 0.337 -0.836 0.434
vn 0.337 -0.836 0.434
vn 0.337 -0.836 0.434
vn 0.337 -0.836 0.434
vn 0.310 -0.836 0.453
vn 0.310 -0.836 0.453
vn 0.310 -0.836 0.453
vn 0.310 -0.836 0.453
vn -0.031 -0.999 -0.014
vn -0.031 -0.999 -0.014
vn -0.031 -0.999 -0.014
vn -0.031 -0.999 -0.014
vn 0.040 -0.999 0.018
vn 0.040 -0.999 0.018
vn 0.040 -0.999 0.018
vn 0.040 -0.999 0.018
vn 0.005 -1.000 0.002
vn 0.005 -1.000 0.002
vn 0.005 -1.000 0.002
vn 0.005 -1.000 0.002
vn -0.031 -0.999 -0.014
vn -0.031 -0.999 -0.014
vn -0.031 -0.999 -0.014
vn -0.031 -0.999 -0.014
vn 0.040 -0.999 0.018
vn 0.040 -0.999 0.018
vn 0.040 -0.999 0.018
vn 0.040 -0.999 0.018
vn 0.005 -1.000 0.002
vn 0.005 -1.000 0.002
vn 0.005 -1.000 0.002
vn 0.005 -1.000 0.002
vn -0.112 -0.980 0.167
vn -0.112 -0.980 0.167
vn -0.112 -0.980 0.167
vn -0.112 -0.980 0.167
vn -0.040 -0.980 0.197
vn -0.040 -0.980 0.197
vn -0.040 -0.980 0.197
vn -0.040 -0.980 0.197
vn -0.076 -0.980 0.182
vn -0.076 -0.980 0.182
vn -0.076 -0.980 0.182
vn -0.076 -0.980 0.182
vn -0.178 -0.927 0.331
vn -0.178 -0.927 0.331
vn -0.178 -0.927 0.331
vn -0.178 -0.927 0.331
vn -0.111 -0.925 0.363
vn -0.111 -0.925 0.363
vn -0.111 -0.925 0.363
vn -0.111 -0.925 0.363
vn -0.145 -0.927 0.347
vn -0.145 -0.927 0.347
vn -0.145 -0.927 0.347
vn -0.145 -0.927 0.347
vn -0.243 -0.852 0.464
vn -0.243 -0.852 0.464
vn -0.243 -0.852 0.464
vn -0.243 -0.852 0.464
vn -0.180 -0.851 0.493
vn -0.180 -0.851 0.493
vn -0.180 -0.851 0.493
vn -0.180 -0.851 0.493
vn -0.211 -0.852 0.479
vn -0.211 -0.852 0.479
vn -0.211 -0.852 0.479
vn -0.211 -0.852 0.479
vn 0.006 -0.999 -0.037
vn 0.006 -0.999 -0.037
vn 0.006 -0.999 -0.037
vn 0.006 -0.999 -0.037
vn 0.004 -0.999 0.041
vn 0.004 -0.999 0.041
vn 0.004 -0.999 0.041
vn 0.004 -0.999 0.041
vn 0.005 -1.000 0.002
vn 0.005 -1.000 0.002
vn 0.005 -1.000 0.002
vn 0.005 -1.000 0.002
vn -0.226 -0.973 -0.042
vn -0.226 -0.973 -0.042
vn -0.226 -0.973 -0.042
vn -0.226 -0.973 -0.042
vn -0.223 -0.974 0.036
vn -0.223 -0.974 0.036
vn -0.223 -0.974 0.036
vn -0.223 -0.974 0.036
vn -0.224 -0.974 -0.003
vn -0.224 -0.974 -0.003
vn -0.224 -0.974 -0.003
vn -0.224 -0.974 -0.003
vn -0.431 -0.902 -0.031
vn -0.431 -0.902 -0.031
vn -0.431 -0.902 -0.031
vn -0.431 -0.902 -0.031
vn -0.426 -0.904 0.043
vn -0.426 -0.904 0.043
vn -0.426 -0.904 0.043
vn -0.426 -0.904 0.043
vn -0.429 -0.903 0.006
vn -0.429 -0.903 0.006
vn -0.429 -0.903 0.006
vn -0.429 -0.903 0.006
vn -0.431 -0.902 -0.031
vn -0.431 -0.902 -0.031
vn -0.431 -0.902 -0.031
vn -0.431 -0.902 -0.031
vn -0.426 -0.904 0.043
vn -0.426 -0.904 0.043
vn -0.426 -0.904 0.043
vn -0.426 -0.904 0.043
vn -0.429 -0.903 0.006
vn -0.429 -0.903 0.006
vn -0.429 -0.903 0.006
vn -0.429 -0.903 0.006
vn -0.579 -0.815 -0.013
vn -0.579 -0.815 -0.013
vn -0.579 -0.815 -0.013
vn -0.579 -0.815 -0.013
vn -0.580 -0.813 0.054
vn -0.580 -0.813 0.054
vn -0.580 -0.813 0.054
vn -0.580 -0.813 0.054
vn -0.580 -0.814 0.020
vn -0.580 -0.814 0.020
vn -0.580 -0.814 0.020
vn -0.580 -0.814 0.020
vn 0.017 -0.855 0.518
vn 0.017 -0.855 0.518
vn 0.017 -0.855 0.518
vn 0.017 -0.855 0.518
vn 0.103 -0.857 0.505
vn 0.103 -0.857 0.505
vn 0.103 -0.857 0.505
vn 0.103 -0.857 0.505
vn 0.060 -0.857 0.512
vn 0.060 -0.857 0.512
vn 0.060 -0.857 0.512
vn 0.060 -0.857 0.512
vn 0.017 -0.855 0.518
vn 0.017 -0.855 0.518
vn 0.017 -0.855 0.518
vn 0.017 -0.855 0.518
vn 0.103 -0.857 0.505
vn 0.103 -0.857 0.505
vn 0.103 -0.857 0.505
vn 0.103 -0.857 0.505
vn 0.060 -0.857 0.512
vn 0.060 -0.857 0.512
vn 0.060 -0.857 0.512
vn 0.060 -0.857 0.512
vn 0.050 -0.749 0.661
vn 0.050 -0.749 0.661
vn 0.050 -0.749 0.661
vn 0.050 -0.749 0.661
vn 0.125 -0.748 0.652
vn 0.125 -0.748 0.652
vn 0.125 -0.748 0.652
vn 0.125 -0.748 0.652
vn 0.087 -0.749 0.657
vn 0.087 -0.749 0.657
vn 0.087 -0.749 0.657
vn 0.087 -0.749 0.657
vn -0.041 -0.999 -0.021
vn -0.041 -0.999 -0.021
vn -0.041 -0.999 -0.021
vn -0.041 -0.999 -0.021
vn 0.035 -0.998 0.043
vn 0.035 -0.998 0.043
vn 0.035 -0.998 0.043
vn 0.035 -0.998 0.043
vn -0.003 -1.000 0.011
vn -0.003 -1.000 0.011
vn -0.003 -1.000 0.011
vn -0.003 -1.000 0.011
vn -0.421 -0.759 0.496
vn -0.421 -0.759 0.496
vn -0.421 -0.759 0.496
vn -0.421 -0.759 0.496
vn -0.359 -0.762 0.539
vn -0.359 -0.762 0.539
vn -0.359 -0.762 0.539
vn -0.359 -0.762 0.539
vn -0.390 -0.761 0.518
vn -0.390 -0.761 0.518
vn -0.390 -0.761 0.518
vn -0.390 -0.761 0.518
vn -0.497 -0.865 -0.066
vn -0.497 -0.865 -0.066
vn -0.497 -0.865 -0.066
vn -0.497 -0.865 -0.066
vn -0.501 -0.865 0.022
vn -0.501 -0.865 0.022
vn -0.501 -0.865 0.022
vn -0.501 -0.865 0.022
vn -0.499 -0.866 -0.022
vn -0.499 -0.866 -0.022
vn -0.499 -0.866 -0.022
vn -0.499 -0.866 -0.022
vn -0.647 -0.759 -0.066
vn -0.647 -0.759 -0.066
vn -0.647 -0.759 -0.066
vn -0.647 -0.759 -0.066
vn -0.651 -0.759 0.010
vn -0.651 -0.759 0.010
vn -0.651 -0.759 0.010
vn -0.651 -0.759 0.010
vn -0.650 -0.760 -0.028
vn -0.650 -0.760 -0.028
vn -0.650 -0.760 -0.028
vn -0.650 -0.760 -0.028
vn 0.046 -0.999 0.002
vn 0.046 -0.999 0.002
vn 0.046 -0.999 0.002
vn 0.046 -0.999 0.002
vn -0.052 -0.998 0.020
vn -0.052 -0.998 0.020
vn -0.052 -0.998 0.020
vn -0.052 -0.998 0.020
vn -0.003 -1.000 0.011
vn -0.003 -1.000 0.011
vn -0.003 -1.000 0.011
vn -0.003 -1.000 0.011
vn -0.001 -0.969 -0.248
vn -0.001 -0.969 -0.248
vn -0.001 -0.969 -0.248
vn -0.001 -0.969 -0.248
vn -0.097 -0.969 -0.227
vn -0.097 -0.969 -0.227
vn -0.097 -0.969 -0.227
vn -0.097 -0.969 -0.227
vn -0.049 -0.970 -0.238
vn -0.049 -0.970 -0.238
vn -0.049 -0.970 -0.238
vn -0.049 -0.970 -0.238
vn -0.050 -0.887 -0.459
vn -0.050 -0.887 -0.459
vn -0.050 -0.887 -0.459
vn -0.050 -0.887 -0.459
vn -0.140 -0.887 -0.441
vn -0.140 -0.887 -0.441
vn -0.140 -0.887 -0.441
vn -0.140 -0.887 -0.441
vn -0.095 -0.888 -0.450
vn -0.095 -0.888 -0.450
vn -0.095 -0.888 -0.450
vn -0.095 -0.888 -0.450
vn -0.086 -0.781 -0.618
vn -0.086 -0.781 -0.618
vn -0.086 -0.781 -0.618
vn -0.086 -0.781 -0.618
vn -0.166 -0.783 -0.600
vn -0.166 -0.783 -0.600
vn -0.166 -0.783 -0.600
vn -0.166 -0.783 -0.600
vn -0.126 -0.783 -0.610
vn -0.126 -0.783 -0.610
vn -0.126 -0.783 -0.610
vn -0.126 -0.783 -0.610
vn 0.035 -0.998 0.043
vn 0.035 -0.998 0.043
vn 0.035 -0.998 0.043
vn 0.035 -0.998 0.043
vn -0.041 -0.999 -0.021
vn -0.041 -0.999 -0.021
vn -0.041 -0.999 -0.021
vn -0.041 -0.999 -0.021
vn -0.003 -1.000 0.011
vn -0.003 -1.000 0.011
vn -0.003 -1.000 0.011
vn -0.003 -1.000 0.011
vn 0.417 -0.804 -0.424
vn 0.417 -0.804 -0.424
vn 0.417 -0.804 -0.424
vn 0.417 -0.804 -0.424
vn 0.357 -0.802 -0.479
vn 0.357 -0.802 -0.479
vn 0.357 -0.802 -0.479
vn 0.357 -0.802 -0.479
vn 0.387 -0.804 -0.452
vn 0.387 -0.804 -0.452
vn 0.387 -0.804 -0.452
vn 0.387 -0.804 -0.452
vn 0.417 -0.804 -0.424
vn 0.417 -0.804 -0.424
vn 0.417 -0.804 -0.424
vn 0.417 -0.804 -0.424
vn 0.357 -0.802 -0.479
vn 0.357 -0.802 -0.479
vn 0.357 -0.802 -0.479
vn 0.357 -0.802 -0.479
vn 0.387 -0.804 -0.452
vn 0.387 -0.804 -0.452
vn 0.387 -0.804 -0.452
vn 0.387 -0.804 -0.452
vn 0.240 -0.969 0.066
vn 0.240 -0.969 0.066
vn 0.240 -0.969 0.066
vn 0.240 -0.969 0.066
vn 0.252 -0.967 -0.030
vn 0.252 -0.967 -0.030
vn 0.252 -0.967 -0.030
vn 0.252 -0.967 -0.030
vn 0.246 -0.969 0.018
vn 0.246 -0.969 0.018
vn 0.246 -0.969 0.018
vn 0.246 -0.969 0.018
vn -0.568 -0.802 -0.187
vn -0.568 -0.802 -0.187
vn -0.568 -0.802 -0.187
vn -0.568 -0.802 -0.187
vn -0.591 -0.802 -0.083
vn -0.591 -0.802 -0.083
vn -0.591 -0.802 -0.083
vn -0.591 -0.802 -0.083
vn -0.580 -0.803 -0.135
vn -0.580 -0.803 -0.135
vn -0.580 -0.803 -0.135
vn -0.580 -0.803 -0.135
vn -0.708 -0.675 -0.209
vn -0.708 -0.675 -0.209
vn -0.708 -0.675 -0.209
vn -0.708 -0.675 -0.209
vn -0.727 -0.676 -0.123
vn -0.727 -0.676 -0.123
vn -0.727 -0.676 -0.123
vn -0.727 -0.676 -0.123
vn -0.718 -0.676 -0.166
vn -0.718 -0.676 -0.166
vn -0.718 -0.676 -0.166
vn -0.718 -0.676 -0.166
vn 0.065 -0.998 -0.010
vn 0.065 -0.998 -0.010
vn 0.065 -0.998 -0.010
vn 0.065 -0.998 -0.010
vn -0.055 -0.998 0.036
vn -0.055 -0.998 0.036
vn -0.055 -0.998 0.036
vn -0.055 -0.998 0.036
vn 0.005 -1.000 0.013
vn 0.005 -1.000 0.013
vn 0.005 -1.000 0.013
vn 0.005 -1.000 0.013
vn -0.075 -0.929 -0.364
vn -0.075 -0.929 -0.364
vn -0.075 -0.929 -0.364
vn -0.075 -0.929 -0.364
vn -0.188 -0.931 -0.314
vn -0.188 -0.931 -0.314
vn -0.188 -0.931 -0.314
vn -0.188 -0.931 -0.314
vn -0.132 -0.931 -0.339
vn -0.132 -0.931 -0.339
vn -0.132 -0.931 -0.339
vn -0.132 -0.931 -0.339
vn -0.264 -0.633 -0.728
vn -0.264 -0.633 -0.728
vn -0.264 -0.633 -0.728
vn -0.264 -0.633 -0.728
vn -0.343 -0.633 -0.694
vn -0.343 -0.633 -0.694
vn -0.343 -0.633 -0.694
vn -0.343 -0.633 -0.694
vn -0.304 -0.634 -0.711
vn -0.304 -0.634 -0.711
vn -0.304 -0.634 -0.711
vn -0.304 -0.634 -0.711
vn 0.047 -0.997 0.062
vn 0.047 -0.997 0.062
vn 0.047 -0.997 0.062
vn 0.047 -0.997 0.062
vn -0.037 -0.999 -0.036
vn -0.037 -0.999 -0.036
vn -0.037 -0.999 -0.036
vn -0.037 -0.999 -0.036
vn 0.005 -1.000 0.013
vn 0.005 -1.000 0.013
vn 0.005 -1.000 0.013
vn 0.005 -1.000 0.013
vn 0.299 -0.941 -0.159
vn 0.299 -0.941 -0.159
vn 0.299 -0.941 -0.159
vn 0.299 -0.941 -0.159
vn 0.216 -0.943 -0.251
vn 0.216 -0.943 -0.251
vn 0.216 -0.943 -0.251
vn 0.216 -0.943 -0.251
vn 0.258 -0.944 -0.205
vn 0.258 -0.944 -0.205
vn 0.258 -0.944 -0.205
vn 0.258 -0.944 -0.205
vn 0.483 -0.807 -0.339
vn 0.483 -0.807 -0.339
vn 0.483 -0.807 -0.339
vn 0.483 -0.807 -0.339
vn 0.407 -0.812 -0.418
vn 0.407 -0.812 -0.418
vn 0.407 -0.812 -0.418
vn 0.407 -0.812 -0.418
vn 0.446 -0.811 -0.379
vn 0.446 -0.811 -0.379
vn 0.446 -0.811 -0.379
vn 0.446 -0.811 -0.379
vn 0.574 -0.680 -0.457
vn 0.574 -0.680 -0.457
vn 0.574 -0.680 -0.457
vn 0.574 -0.680 -0.457
vn 0.514 -0.678 -0.525
vn 0.514 -0.678 -0.525
vn 0.514 -0.678 -0.525
vn 0.514 -0.678 -0.525
vn 0.544 -0.680 -0.492
vn 0.544 -0.680 -0.492
vn 0.544 -0.680 -0.492
vn 0.544 -0.680 -0.492
vn -0.013 -0.997 0.075
vn -0.013 -0.997 0.075
vn -0.013 -0.997 0.075
vn -0.013 -0.997 0.075
vn 0.023 -0.999 -0.049
vn 0.023 -0.999 -0.049
vn 0.023 -0.999 -0.049
vn 0.023 -0.999 -0.049
vn 0.005 -1.000 0.013
vn 0.005 -1.000 0.013
vn 0.005 -1.000 0.013
vn 0.005 -1.000 0.013
vn 0.285 -0.945 0.162
vn 0.285 -0.945 0.162
vn 0.285 -0.945 0.162
vn 0.285 -0.945 0.162
vn 0.329 -0.943 0.041
vn 0.329 -0.943 0.041
vn 0.329 -0.943 0.041
vn 0.329 -0.943 0.041
vn 0.308 -0.946 0.102
vn 0.308 -0.946 0.102
vn 0.308 -0.946 0.102
vn 0.308 -0.946 0.102
vn 0.665 -0.700 0.260
vn 0.665 -0.700 0.260
vn 0.665 -0.700 0.260
vn 0.665 -0.700 0.260
vn 0.689 -0.705 0.168
vn 0.689 -0.705 0.168
vn 0.689 -0.705 0.168
vn 0.689 -0.705 0.168
vn 0.678 -0.703 0.214
vn 0.678 -0.703 0.214
vn 0.678 -0.703 0.214
vn 0.678 -0.703 0.214
vn -0.055 -0.998 0.037
vn -0.055 -0.998 0.037
vn -0.055 -0.998 0.037
vn -0.055 -0.998 0.037
vn 0.065 -0.998 -0.010
vn 0.065 -0.998 -0.010
vn 0.065 -0.998 -0.010
vn 0.065 -0.998 -0.010
vn 0.005 -1.000 0.013
vn 0.005 -1.000 0.013
vn 0.005 -1.000 0.013
vn 0.005 -1.000 0.013
vn 0.056 -0.947 0.317
vn 0.056 -0.947 0.317
vn 0.056 -0.947 0.317
vn 0.056 -0.947 0.317
vn 0.175 -0.946 0.275
vn 0.175 -0.946 0.275
vn 0.175 -0.946 0.275
vn 0.175 -0.946 0.275
vn 0.116 -0.948 0.296
vn 0.116 -0.948 0.296
vn 0.116 -0.948 0.296
vn 0.116 -0.948 0.296
vn 0.056 -0.947 0.317
vn 0.056 -0.947 0.317
vn 0.056 -0.947 0.317
vn 0.056 -0.947 0.317
vn 0.175 -0.946 0.275
vn 0.175 -0.946 0.275
vn 0.175 -0.946 0.275
vn 0.175 -0.946 0.275
vn 0.116 -0.948 0.296
vn 0.116 -0.948 0.296
vn 0.116 -0.948 0.296
vn 0.116 -0.948 0.296
vn 0.220 -0.701 0.679
vn 0.220 -0.701 0.679
vn 0.220 -0.701 0.679
vn 0.220 -0.701 0.679
vn 0.310 -0.700 0.643
vn 0.310 -0.700 0.643
vn 0.310 -0.700 0.643
vn 0.310 -0.700 0.643
vn 0.265 -0.701 0.662
vn 0.265 -0.701 0.662
vn 0.265 -0.701 0.662
vn 0.265 -0.701 0.662
vn -0.036 -0.999 -0.037
vn -0.036 -0.999 -0.037
vn -0.036 -0.999 -0.037
vn -0.036 -0.999 -0.037
vn 0.046 -0.997 0.063
vn 0.046 -0.997 0.063
vn 0.046 -0.997 0.063
vn 0.046 -0.997 0.063
vn 0.005 -1.000 0.013
vn 0.005 -1.000 0.013
vn 0.005 -1.000 0.013
vn 0.005 -1.000 0.013
vn -0.499 -0.785 0.366
vn -0.499 -0.785 0.366
vn -0.499 -0.785 0.366
vn -0.499 -0.785 0.366
vn -0.430 -0.786 0.444
vn -0.430 -0.786 0.444
vn -0.430 -0.786 0.444
vn -0.430 -0.786 0.444
vn -0.465 -0.787 0.406
vn -0.465 -0.787 0.406
vn -0.465 -0.787 0.406
vn -0.465 -0.787 0.406
vn -0.603 -0.644 0.472
vn -0.603 -0.644 0.472
vn -0.603 -0.644 0.472
vn -0.603 -0.644 0.472
vn -0.546 -0.642 0.537
vn -0.546 -0.642 0.537
vn -0.546 -0.642 0.537
vn -0.546 -0.642 0.537
vn -0.575 -0.644 0.505
vn -0.575 -0.644 0.505
vn -0.575 -0.644 0.505
vn -0.575 -0.644 0.505
vn 0.270 -0.908 0.320
vn 0.270 -0.908 0.320
vn 0.270 -0.908 0.320
vn 0.270 -0.908 0.320
vn 0.376 -0.909 0.182
vn 0.376 -0.909 0.182
vn 0.376 -0.909 0.182
vn 0.376 -0.909 0.182
vn 0.324 -0.912 0.252
vn 0.324 -0.912 0.252
vn 0.324 -0.912 0.252
vn 0.324 -0.912 0.252
vn 0.500 -0.724 0.476
vn 0.500 -0.724 0.476
vn 0.500 -0.724 0.476
vn 0.500 -0.724 0.476
vn 0.582 -0.731 0.355
vn 0.582 -0.731 0.355
vn 0.582 -0.731 0.355
vn 0.582 -0.731 0.355
vn 0.542 -0.730 0.417
vn 0.542 -0.730 0.417
vn 0.542 -0.730 0.417
vn 0.542 -0.730 0.417
vn 0.624 -0.582 0.521
vn 0.624 -0.582 0.521
vn 0.624 -0.582 0.521
vn 0.624 -0.582 0.521
vn 0.693 -0.581 0.427
vn 0.693 -0.581 0.427
vn 0.693 -0.581 0.427
vn 0.693 -0.581 0.427
vn 0.660 -0.583 0.475
vn 0.660 -0.583 0.475
vn 0.660 -0.583 0.475
vn 0.660 -0.583 0.475
vn 0.624 -0.582 0.521
vn 0.624 -0.582 0.521
vn 0.624 -0.582 0.521
vn 0.624 -0.582 0.521
vn 0.693 -0.581 0.427
vn 0.693 -0.581 0.427
vn 0.693 -0.581 0.427
vn 0.693 -0.581 0.427
vn 0.660 -0.583 0.475
vn 0.660 -0.583 0.475
vn 0.660 -0.583 0.475
vn 0.660 -0.583 0.475
vn -0.091 -0.910 0.406
vn -0.091 -0.910 0.406
vn -0.091 -0.910 0.406
vn -0.091 -0.910 0.406
vn 0.086 -0.903 0.421
vn 0.086 -0.903 0.421
vn 0.086 -0.903 0.421
vn 0.086 -0.903 0.421
vn -0.002 -0.910 0.415
vn -0.002 -0.910 0.415
vn -0.002 -0.910 0.415
vn -0.002 -0.910 0.415
vn -0.108 -0.734 0.671
vn -0.108 -0.734 0.671
vn -0.108 -0.734 0.671
vn -0.108 -0.734 0.671
vn 0.039 -0.731 0.681
vn 0.039 -0.731 0.681
vn 0.039 -0.731 0.681
vn 0.039 -0.731 0.681
vn -0.034 -0.735 0.677
vn -0.034 -0.735 0.677
vn -0.034 -0.735 0.677
vn -0.034 -0.735 0.677
vn -0.109 -0.577 0.809
vn -0.109 -0.577 0.809
vn -0.109 -0.577 0.809
vn -0.109 -0.577 0.809
vn 0.009 -0.580 0.815
vn 0.009 -0.580 0.815
vn 0.009 -0.580 0.815
vn 0.009 -0.580 0.815
vn -0.050 -0.580 0.813
vn -0.050 -0.580 0.813
vn -0.050 -0.580 0.813
vn -0.050 -0.580 0.813
vn -0.109 -0.577 0.809
vn -0.109 -0.577 0.809
vn -0.109 -0.577 0.809
vn -0.109 -0.577 0.809
vn 0.009 -0.580 0.815
vn 0.009 -0.580 0.815
vn 0.009 -0.580 0.815
vn 0.009 -0.580 0.815
vn -0.050 -0.580 0.813
vn -0.050 -0.580 0.813
vn -0.050 -0.580 0.813
vn -0.050 -0.580 0.813
vn -0.017 -0.997 -0.080
vn -0.017 -0.997 -0.080
vn -0.017 -0.997 -0.080
vn -0.017 -0.997 -0.080
vn 0.016 -0.995 0.102
vn 0.016 -0.995 0.102
vn 0.016 -0.995 0.102
vn 0.016 -0.995 0.102
vn -0.000 -1.000 0.011
vn -0.000 -1.000 0.011
vn -0.000 -1.000 0.011
vn -0.000 -1.000 0.011
vn -0.438 -0.899 -0.000
vn -0.438 -0.899 -0.000
vn -0.438 -0.899 -0.000
vn -0.438 -0.899 -0.000
vn -0.404 -0.898 0.173
vn -0.404 -0.898 0.173
vn -0.404 -0.898 0.173
vn -0.404 -0.898 0.173
vn -0.423 -0.902 0.087
vn -0.423 -0.902 0.087
vn -0.423 -0.902 0.087
vn -0.423 -0.902 0.087
vn -0.827 -0.551 0.109
vn -0.827 -0.551 0.109
vn -0.827 -0.551 0.109
vn -0.827 -0.551 0.109
vn -0.804 -0.553 0.220
vn -0.804 -0.553 0.220
vn -0.804 -0.553 0.220
vn -0.804 -0.553 0.220
vn -0.817 -0.553 0.165
vn -0.817 -0.553 0.165
vn -0.817 -0.553 0.165
vn -0.817 -0.553 0.165
vn -0.827 -0.551 0.109
vn -0.827 -0.551 0.109
vn -0.827 -0.551 0.109
vn -0.827 -0.551 0.109
vn -0.804 -0.553 0.220
vn -0.804 -0.553 0.220
vn -0.804 -0.553 0.220
vn -0.804 -0.553 0.220
vn -0.817 -0.553 0.165
vn -0.817 -0.553 0.165
vn -0.817 -0.553 0.165
vn -0.817 -0.553 0.165
vn 0.050 -0.997 -0.067
vn 0.050 -0.997 -0.067
vn 0.050 -0.997 -0.067
vn 0.050 -0.997 -0.067
vn -0.051 -0.995 0.089
vn -0.051 -0.995 0.089
vn -0.051 -0.995 0.089
vn -0.051 -0.995 0.089
vn -0.000 -1.000 0.011
vn -0.000 -1.000 0.011
vn -0.000 -1.000 0.011
vn -0.000 -1.000 0.011
vn -0.594 -0.694 -0.407
vn -0.594 -0.694 -0.407
vn -0.594 -0.694 -0.407
vn -0.594 -0.694 -0.407
vn -0.668 -0.685 -0.291
vn -0.668 -0.685 -0.291
vn -0.668 -0.685 -0.291
vn -0.668 -0.685 -0.291
vn -0.632 -0.691 -0.349
vn -0.632 -0.691 -0.349
vn -0.632 -0.691 -0.349
vn -0.632 -0.691 -0.349
vn -0.684 -0.553 -0.475
vn -0.684 -0.553 -0.475
vn -0.684 -0.553 -0.475
vn -0.684 -0.553 -0.475
vn -0.740 -0.552 -0.384
vn -0.740 -0.552 -0.384
vn -0.740 -0.552 -0.384
vn -0.740 -0.552 -0.384
vn -0.713 -0.554 -0.430
vn -0.713 -0.554 -0.430
vn -0.713 -0.554 -0.430
vn -0.713 -0.554 -0.430
vn 0.091 -0.995 0.030
vn 0.091 -0.995 0.030
vn 0.091 -0.995 0.030
vn 0.091 -0.995 0.030
vn -0.091 -0.996 -0.008
vn -0.091 -0.996 -0.008
vn -0.091 -0.996 -0.008
vn -0.091 -0.996 -0.008
vn -0.000 -1.000 0.011
vn -0.000 -1.000 0.011
vn -0.000 -1.000 0.011
vn -0.000 -1.000 0.011
vn 0.398 -0.911 -0.111
vn 0.398 -0.911 -0.111
vn 0.398 -0.911 -0.111
vn 0.398 -0.911 -0.111
vn 0.310 -0.915 -0.259
vn 0.310 -0.915 -0.259
vn 0.310 -0.915 -0.259
vn 0.310 -0.915 -0.259
vn 0.355 -0.916 -0.186
vn 0.355 -0.916 -0.186
vn 0.355 -0.916 -0.186
vn 0.355 -0.916 -0.186
vn 0.728 -0.597 -0.339
vn 0.728 -0.597 -0.339
vn 0.728 -0.597 -0.339
vn 0.728 -0.597 -0.339
vn 0.671 -0.598 -0.438
vn 0.671 -0.598 -0.438
vn 0.671 -0.598 -0.438
vn 0.671 -0.598 -0.438
vn 0.700 -0.599 -0.389
vn 0.700 -0.599 -0.389
vn 0.700 -0.599 -0.389
vn 0.700 -0.599 -0.389
vn 0.728 -0.597 -0.339
vn 0.728 -0.597 -0.339
vn 0.728 -0.597 -0.339
vn 0.728 -0.597 -0.339
vn 0.671 -0.598 -0.438
vn 0.671 -0.598 -0.438
vn 0.671 -0.598 -0.438
vn 0.671 -0.598 -0.438
vn 0.700 -0.599 -0.389
vn 0.700 -0.599 -0.389
vn 0.700 -0.599 -0.389
vn 0.700 -0.599 -0.389
vn 0.013 -0.985 -0.171
vn 0.013 -0.985 -0.171
vn 0.013 -0.985 -0.171
vn 0.013 -0.985 -0.171
vn 0.029 -0.982 0.187
vn 0.029 -0.982 0.187
vn 0.029 -0.982 0.187
vn 0.029 -0.982 0.187
vn 0.021 -1.000 0.008
vn 0.021 -1.000 0.008
vn 0.021 -1.000 0.008
vn 0.021 -1.000 0.008
vn -0.932 -0.357 -0.056
vn -0.932 -0.357 -0.056
vn -0.932 -0.357 -0.056
vn -0.932 -0.357 -0.056
vn -0.925 -0.362 0.116
vn -0.925 -0.362 0.116
vn -0.925 -0.362 0.116
vn -0.925 -0.362 0.116
vn -0.932 -0.361 0.030
vn -0.932 -0.361 0.030
vn -0.932 -0.361 0.030
vn -0.932 -0.361 0.030
vn -0.932 -0.357 -0.056
vn -0.932 -0.357 -0.056
vn -0.932 -0.357 -0.056
vn -0.932 -0.357 -0.056
vn -0.925 -0.362 0.116
vn -0.925 -0.362 0.116
vn -0.925 -0.362 0.116
vn -0.925 -0.362 0.116
vn -0.932 -0.361 0.030
vn -0.932 -0.361 0.030
vn -0.932 -0.361 0.030
vn -0.932 -0.361 0.030
vn -0.977 -0.211 -0.010
vn -0.977 -0.211 -0.010
vn -0.977 -0.211 -0.010
vn -0.977 -0.211 -0.010
vn -0.971 -0.211 0.110
vn -0.971 -0.211 0.110
vn -0.971 -0.211 0.110
vn -0.971 -0.211 0.110
vn -0.976 -0.212 0.050
vn -0.976 -0.212 0.050
vn -0.976 -0.212 0.050
vn -0.976 -0.212 0.050
vn -0.351 -0.740 -0.574
vn -0.351 -0.740 -0.574
vn -0.351 -0.740 -0.574
vn -0.351 -0.740 -0.574
vn -0.571 -0.743 -0.350
vn -0.571 -0.743 -0.350
vn -0.571 -0.743 -0.350
vn -0.571 -0.743 -0.350
vn -0.466 -0.751 -0.467
vn -0.466 -0.751 -0.467
vn -0.466 -0.751 -0.467
vn -0.466 -0.751 -0.467
vn -0.551 -0.469 -0.690
vn -0.551 -0.469 -0.690
vn -0.551 -0.469 -0.690
vn -0.551 -0.469 -0.690
vn -0.699 -0.464 -0.544
vn -0.699 -0.464 -0.544
vn -0.699 -0.464 -0.544
vn -0.699 -0.464 -0.544
vn -0.629 -0.470 -0.620
vn -0.629 -0.470 -0.620
vn -0.629 -0.470 -0.620
vn -0.629 -0.470 -0.620
vn -0.608 -0.322 -0.726
vn -0.608 -0.322 -0.726
vn -0.608 -0.322 -0.726
vn -0.608 -0.322 -0.726
vn -0.713 -0.323 -0.622
vn -0.713 -0.323 -0.622
vn -0.713 -0.323 -0.622
vn -0.713 -0.323 -0.622
vn -0.662 -0.324 -0.675
vn -0.662 -0.324 -0.675
vn -0.662 -0.324 -0.675
vn -0.662 -0.324 -0.675
vn -0.608 -0.322 -0.726
vn -0.608 -0.322 -0.726
vn -0.608 -0.322 -0.726
vn -0.608 -0.322 -0.726
vn -0.713 -0.323 -0.622
vn -0.713 -0.323 -0.622
vn -0.713 -0.323 -0.622
vn -0.713 -0.323 -0.622
vn -0.662 -0.324 -0.675
vn -0.662 -0.324 -0.675
vn -0.662 -0.324 -0.675
vn -0.662 -0.324 -0.675
vn 0.184 -0.980 0.081
vn 0.184 -0.980 0.081
vn 0.184 -0.980 0.081
vn 0.184 -0.980 0.081
vn -0.143 -0.988 -0.066
vn -0.143 -0.988 -0.066
vn -0.143 -0.988 -0.066
vn -0.143 -0.988 -0.066
vn 0.021 -1.000 0.008
vn 0.021 -1.000 0.008
vn 0.021 -1.000 0.008
vn 0.021 -1.000 0.008
vn 0.184 -0.980 0.081
vn 0.184 -0.980 0.081
vn 0.184 -0.980 0.081
vn 0.184 -0.980 0.081
vn -0.143 -0.988 -0.066
vn -0.143 -0.988 -0.066
vn -0.143 -0.988 -0.066
vn -0.143 -0.988 -0.066
vn 0.021 -1.000 0.008
vn 0.021 -1.000 0.008
vn 0.021 -1.000 0.008
vn 0.021 -1.000 0.008
vn 0.449 -0.643 -0.620
vn 0.449 -0.643 -0.620
vn 0.449 -0.643 -0.620
vn 0.449 -0.643 -0.620
vn 0.197 -0.645 -0.738
vn 0.197 -0.645 -0.738
vn 0.197 -0.645 -0.738
vn 0.197 -0.645 -0.738
vn 0.326 -0.651 -0.685
vn 0.326 -0.651 -0.685
vn 0.326 -0.651 -0.685
vn 0.326 -0.651 -0.685
vn 0.475 -0.336 -0.813
vn 0.475 -0.336 -0.813
vn 0.475 -0.336 -0.813
vn 0.475 -0.336 -0.813
vn 0.318 -0.339 -0.885
vn 0.318 -0.339 -0.885
vn 0.318 -0.339 -0.885
vn 0.318 -0.339 -0.885
vn 0.398 -0.339 -0.852
vn 0.398 -0.339 -0.852
vn 0.398 -0.339 -0.852
vn 0.398 -0.339 -0.852
vn 0.454 -0.200 -0.868
vn 0.454 -0.200 -0.868
vn 0.454 -0.200 -0.868
vn 0.454 -0.200 -0.868
vn 0.345 -0.201 -0.917
vn 0.345 -0.201 -0.917
vn 0.345 -0.201 -0.917
vn 0.345 -0.201 -0.917
vn 0.400 -0.201 -0.894
vn 0.400 -0.201 -0.894
vn 0.400 -0.201 -0.894
vn 0.400 -0.201 -0.894
vn 0.914 -0.384 -0.134
vn 0.914 -0.384 -0.134
vn 0.914 -0.384 -0.134
vn 0.914 -0.384 -0.134
vn 0.868 -0.393 -0.304
vn 0.868 -0.393 -0.304
vn 0.868 -0.393 -0.304
vn 0.868 -0.393 -0.304
vn 0.894 -0.390 -0.219
vn 0.894 -0.390 -0.219
vn 0.894 -0.390 -0.219
vn 0.894 -0.390 -0.219
vn 0.948 -0.245 -0.202
vn 0.948 -0.245 -0.202
vn 0.948 -0.245 -0.202
vn 0.948 -0.245 -0.202
vn 0.914 -0.247 -0.322
vn 0.914 -0.247 -0.322
vn 0.914 -0.247 -0.322
vn 0.914 -0.247 -0.322
vn 0.933 -0.247 -0.263
vn 0.933 -0.247 -0.263
vn 0.933 -0.247 -0.263
vn 0.933 -0.247 -0.263
vn -0.130 -0.986 0.105
vn -0.130 -0.986 0.105
vn -0.130 -0.986 0.105
vn -0.130 -0.986 0.105
vn 0.172 -0.981 -0.088
vn 0.172 -0.981 -0.088
vn 0.172 -0.981 -0.088
vn 0.172 -0.981 -0.088
vn 0.021 -1.000 0.008
vn 0.021 -1.000 0.008
vn 0.021 -1.000 0.008
vn 0.021 -1.000 0.008
vn 0.419 -0.457 0.785
vn 0.419 -0.457 0.785
vn 0.419 -0.457 0.785
vn 0.419 -0.457 0.785
vn 0.583 -0.454 0.674
vn 0.583 -0.454 0.674
vn 0.583 -0.454 0.674
vn 0.583 -0.454 0.674
vn 0.504 -0.458 0.732
vn 0.504 -0.458 0.732
vn 0.504 -0.458 0.732
vn 0.504 -0.458 0.732
vn -0.128 -0.987 -0.092
vn -0.128 -0.987 -0.092
vn -0.128 -0.987 -0.092
vn -0.128 -0.987 -0.092
vn 0.170 -0.980 0.107
vn 0.170 -0.980 0.107
vn 0.170 -0.980 0.107
vn 0.170 -0.980 0.107
vn 0.021 -1.000 0.008
vn 0.021 -1.000 0.008
vn 0.021 -1.000 0.008
vn 0.021 -1.000 0.008
vn -0.513 -0.647 0.564
vn -0.513 -0.647 0.564
vn -0.513 -0.647 0.564
vn -0.513 -0.647 0.564
vn -0.281 -0.667 0.690
vn -0.281 -0.667 0.690
vn -0.281 -0.667 0.690
vn -0.281 -0.667 0.690
vn -0.402 -0.663 0.632
vn -0.402 -0.663 0.632
vn -0.402 -0.663 0.632
vn -0.402 -0.663 0.632
vn -0.516 -0.366 0.774
vn -0.516 -0.366 0.774
vn -0.516 -0.366 0.774
vn -0.516 -0.366 0.774
vn -0.370 -0.367 0.853
vn -0.370 -0.367 0.853
vn -0.370 -0.367 0.853
vn -0.370 -0.367 0.853
vn -0.445 -0.368 0.816
vn -0.445 -0.368 0.816
vn -0.445 -0.368 0.816
vn -0.445 -0.368 0.816
vn -0.516 -0.366 0.774
vn -0.516 -0.366 0.774
vn -0.516 -0.366 0.774
vn -0.516 -0.366 0.774
vn -0.370 -0.367 0.853
vn -0.370 -0.367 0.853
vn -0.370 -0.367 0.853
vn -0.370 -0.367 0.853
vn -0.445 -0.368 0.816
vn -0.445 -0.368 0.816
vn -0.445 -0.368 0.816
vn -0.445 -0.368 0.816
vn -0.507 -0.253 0.824
vn -0.507 -0.253 0.824
vn -0.507 -0.253 0.824
vn -0.507 -0.253 0.824
vn -0.406 -0.252 0.878
vn -0.406 -0.252 0.878
vn -0.406 -0.252 0.878
vn -0.406 -0.252 0.878
vn -0.457 -0.253 0.852
vn -0.457 -0.253 0.852
vn -0.457 -0.253 0.852
vn -0.457 -0.253 0.852
vn 0.410 0.097 -0.907
vn 0.410 0.097 -0.907
vn 0.410 0.097 -0.907
vn 0.410 0.097 -0.907
vn 0.215 0.097 -0.972
vn 0.215 0.097 -0.972
vn 0.215 0.097 -0.972
vn 0.215 0.097 -0.972
vn 0.314 0.097 -0.945
vn 0.314 0.097 -0.945
vn 0.314 0.097 -0.945
vn 0.314 0.097 -0.945
vn 0.398 0.085 -0.913
vn 0.398 0.085 -0.913
vn 0.398 0.085 -0.913
vn 0.398 0.085 -0.913
vn 0.268 0.085 -0.960
vn 0.268 0.085 -0.960
vn 0.268 0.085 -0.960
vn 0.268 0.085 -0.960
vn 0.334 0.085 -0.939
vn 0.334 0.085 -0.939
vn 0.334 0.085 -0.939
vn 0.334 0.085 -0.939
vn 0.193 -0.554 0.810
vn 0.193 -0.554 0.810
vn 0.193 -0.554 0.810
vn 0.193 -0.554 0.810
vn 0.019 -0.599 -0.800
vn 0.019 -0.599 -0.800
vn 0.019 -0.599 -0.800
vn 0.019 -0.599 -0.800
vn 0.170 -0.984 0.047
vn 0.170 -0.984 0.047
vn 0.170 -0.984 0.047
vn 0.170 -0.984 0.047
vn 0.993 0.039 0.109
vn 0.993 0.039 0.109
vn 0.993 0.039 0.109
vn 0.993 0.039 0.109
vn 0.950 0.036 -0.310
vn 0.950 0.036 -0.310
vn 0.950 0.036 -0.310
vn 0.950 0.036 -0.310
vn 0.994 0.035 -0.100
vn 0.994 0.035 -0.100
vn 0.994 0.035 -0.100
vn 0.994 0.035 -0.100
vn 0.993 0.039 0.109
vn 0.993 0.039 0.109
vn 0.993 0.039 0.109
vn 0.993 0.039 0.109
vn 0.950 0.036 -0.310
vn 0.950 0.036 -0.310
vn 0.950 0.036 -0.310
vn 0.950 0.036 -0.310
vn 0.994 0.035 -0.100
vn 0.994 0.035 -0.100
vn 0.994 0.035 -0.100
vn 0.994 0.035 -0.100
vn 0.998 0.055 -0.023
vn 0.998 0.055 -0.023
vn 0.998 0.055 -0.023
vn 0.998 0.055 -0.023
vn 0.970 0.055 -0.238
vn 0.970 0.055 -0.238
vn 0.970 0.055 -0.238
vn 0.970 0.055 -0.238
vn 0.990 0.055 -0.131
vn 0.990 0.055 -0.131
vn 0.990 0.055 -0.131
vn 0.990 0.055 -0.131
vn 0.996 0.065 -0.060
vn 0.996 0.065 -0.060
vn 0.996 0.065 -0.060
vn 0.996 0.065 -0.060
vn 0.977 0.064 -0.204
vn 0.977 0.064 -0.204
vn 0.977 0.064 -0.204
vn 0.977 0.064 -0.204
vn 0.989 0.064 -0.131
vn 0.989 0.064 -0.131
vn 0.989 0.064 -0.131
vn 0.989 0.064 -0.131
vn 0.996 0.065 -0.060
vn 0.996 0.065 -0.060
vn 0.996 0.065 -0.060
vn 0.996 0.065 -0.060
vn 0.977 0.064 -0.204
vn 0.977 0.064 -0.204
vn 0.977 0.064 -0.204
vn 0.977 0.064 -0.204
vn 0.989 0.064 -0.131
vn 0.989 0.064 -0.131
vn 0.989 0.064 -0.131
vn 0.989 0.064 -0.131
vn -0.659 -0.626 0.417
vn -0.659 -0.626 0.417
vn -0.659 -0.626 0.417
vn -0.659 -0.626 0.417
vn 0.786 -0.534 -0.312
vn 0.786 -0.534 -0.312
vn 0.786 -0.534 -0.312
vn 0.786 -0.534 -0.312
vn 0.170 -0.984 0.047
vn 0.170 -0.984 0.047
vn 0.170 -0.984 0.047
vn 0.170 -0.984 0.047
vn 0.371 0.071 0.926
vn 0.371 0.071 0.926
vn 0.371 0.071 0.926
vn 0.371 0.071 0.926
vn 0.489 0.072 0.869
vn 0.489 0.072 0.869
vn 0.489 0.072 0.869
vn 0.489 0.072 0.869
vn 0.432 0.072 0.899
vn 0.432 0.072 0.899
vn 0.432 0.072 0.899
vn 0.432 0.072 0.899
vn -0.639 -0.642 -0.424
vn -0.639 -0.642 -0.424
vn -0.639 -0.642 -0.424
vn -0.639 -0.642 -0.424
vn 0.744 -0.523 0.416
vn 0.744 -0.523 0.416
vn 0.744 -0.523 0.416
vn 0.744 -0.523 0.416
vn 0.170 -0.984 0.047
vn 0.170 -0.984 0.047
vn 0.170 -0.984 0.047
vn 0.170 -0.984 0.047
vn -0.657 0.076 0.750
vn -0.657 0.076 0.750
vn -0.657 0.076 0.750
vn -0.657 0.076 0.750
vn -0.312 0.078 0.947
vn -0.312 0.078 0.947
vn -0.312 0.078 0.947
vn -0.312 0.078 0.947
vn -0.492 0.075 0.868
vn -0.492 0.075 0.868
vn -0.492 0.075 0.868
vn -0.492 0.075 0.868
vn 0.052 -0.597 -0.801
vn 0.052 -0.597 -0.801
vn 0.052 -0.597 -0.801
vn 0.052 -0.597 -0.801
vn 0.163 -0.556 0.815
vn 0.163 -0.556 0.815
vn 0.163 -0.556 0.815
vn 0.163 -0.556 0.815
vn 0.170 -0.984 0.047
vn 0.170 -0.984 0.047
vn 0.170 -0.984 0.047
vn 0.170 -0.984 0.047
vn 0.052 -0.597 -0.801
vn 0.052 -0.597 -0.801
vn 0.052 -0.597 -0.801
vn 0.052 -0.597 -0.801
vn 0.163 -0.556 0.815
vn 0.163 -0.556 0.815
vn 0.163 -0.556 0.815
vn 0.163 -0.556 0.815
vn 0.170 -0.984 0.047
vn 0.170 -0.984 0.047
vn 0.170 -0.984 0.047
vn 0.170 -0.984 0.047
vn -0.994 -0.020 -0.110
vn -0.994 -0.020 -0.110
vn -0.994 -0.020 -0.110
vn -0.994 -0.020 -0.110
vn -0.962 -0.021 0.271
vn -0.962 -0.021 0.271
vn -0.962 -0.021 0.271
vn -0.962 -0.021 0.271
vn -0.996 -0.023 0.081
vn -0.996 -0.023 0.081
vn -0.996 -0.023 0.081
vn -0.996 -0.023 0.081
vn -0.999 0.052 -0.003
vn -0.999 0.052 -0.003
vn -0.999 0.052 -0.003
vn -0.999 0.052 -0.003
vn -0.981 0.053 0.187
vn -0.981 0.053 0.187
vn -0.981 0.053 0.187
vn -0.981 0.053 0.187
vn -0.994 0.052 0.092
vn -0.994 0.052 0.092
vn -0.994 0.052 0.092
vn -0.994 0.052 0.092
vn -0.999 0.052 -0.003
vn -0.999 0.052 -0.003
vn -0.999 0.052 -0.003
vn -0.999 0.052 -0.003
vn -0.981 0.053 0.187
vn -0.981 0.053 0.187
vn -0.981 0.053 0.187
vn -0.981 0.053 0.187
vn -0.994 0.052 0.092
vn -0.994 0.052 0.092
vn -0.994 0.052 0.092
vn -0.994 0.052 0.092
vn 0.692 -0.544 -0.475
vn 0.692 -0.544 -0.475
vn 0.692 -0.544 -0.475
vn 0.692 -0.544 -0.475
vn -0.532 -0.612 0.585
vn -0.532 -0.612 0.585
vn -0.532 -0.612 0.585
vn -0.532 -0.612 0.585
vn 0.170 -0.984 0.047
vn 0.170 -0.984 0.047
vn 0.170 -0.984 0.047
vn 0.170 -0.984 0.047
vn -0.568 0.077 -0.820
vn -0.568 0.077 -0.820
vn -0.568 0.077 -0.820
vn -0.568 0.077 -0.820
vn -0.753 0.077 -0.653
vn -0.753 0.077 -0.653
vn -0.753 0.077 -0.653
vn -0.753 0.077 -0.653
vn -0.666 0.076 -0.742
vn -0.666 0.076 -0.742
vn -0.666 0.076 -0.742
vn -0.666 0.076 -0.742
vn -0.568 0.077 -0.820
vn -0.568 0.077 -0.820
vn -0.568 0.077 -0.820
vn -0.568 0.077 -0.820
vn -0.753 0.077 -0.653
vn -0.753 0.077 -0.653
vn -0.753 0.077 -0.653
vn -0.753 0.077 -0.653
vn -0.666 0.076 -0.742
vn -0.666 0.076 -0.742
vn -0.666 0.076 -0.742
vn -0.666 0.076 -0.742
vn -0.463 0.852 -0.242
vn -0.463 0.852 -0.242
vn -0.463 0.852 -0.242
vn -0.463 0.852 -0.242
vn -0.499 0.865 0.039
vn -0.499 0.865 0.039
vn -0.499 0.865 0.039
vn -0.499 0.865 0.039
vn -0.487 0.867 -0.104
vn -0.487 0.867 -0.104
vn -0.487 0.867 -0.104
vn -0.487 0.867 -0.104
vn -0.741 0.635 -0.219
vn -0.741 0.635 -0.219
vn -0.741 0.635 -0.219
vn -0.741 0.635 -0.219
vn -0.767 0.641 -0.009
vn -0.767 0.641 -0.009
vn -0.767 0.641 -0.009
vn -0.767 0.641 -0.009
vn -0.759 0.641 -0.115
vn -0.759 0.641 -0.115
vn -0.759 0.641 -0.115
vn -0.759 0.641 -0.115
vn 0.009 0.814 -0.580
vn 0.009 0.814 -0.580
vn 0.009 0.814 -0.580
vn 0.009 0.814 -0.580
vn -0.247 0.818 -0.519
vn -0.247 0.818 -0.519
vn -0.247 0.818 -0.519
vn -0.247 0.818 -0.519
vn -0.120 0.823 -0.555
vn -0.120 0.823 -0.555
vn -0.120 0.823 -0.555
vn -0.120 0.823 -0.555
vn -0.147 0.461 -0.875
vn -0.147 0.461 -0.875
vn -0.147 0.461 -0.875
vn -0.147 0.461 -0.875
vn -0.278 0.465 -0.841
vn -0.278 0.465 -0.841
vn -0.278 0.465 -0.841
vn -0.278 0.465 -0.841
vn -0.213 0.464 -0.860
vn -0.213 0.464 -0.860
vn -0.213 0.464 -0.860
vn -0.213 0.464 -0.860
vn 0.573 0.649 -0.501
vn 0.573 0.649 -0.501
vn 0.573 0.649 -0.501
vn 0.573 0.649 -0.501
vn 0.433 0.660 -0.614
vn 0.433 0.660 -0.614
vn 0.433 0.660 -0.614
vn 0.433 0.660 -0.614
vn 0.506 0.657 -0.559
vn 0.506 0.657 -0.559
vn 0.506 0.657 -0.559
vn 0.506 0.657 -0.559
vn -0.007 0.988 0.153
vn -0.007 0.988 0.153
vn -0.007 0.988 0.153
vn -0.007 0.988 0.153
vn 0.112 0.982 -0.155
vn 0.112 0.982 -0.155
vn 0.112 0.982 -0.155
vn 0.112 0.982 -0.155
vn 0.053 0.999 -0.002
vn 0.053 0.999 -0.002
vn 0.053 0.999 -0.002
vn 0.053 0.999 -0.002
vn 0.503 0.803 0.321
vn 0.503 0.803 0.321
vn 0.503 0.803 0.321
vn 0.503 0.803 0.321
vn 0.606 0.792 0.078
vn 0.606 0.792 0.078
vn 0.606 0.792 0.078
vn 0.606 0.792 0.078
vn 0.560 0.804 0.200
vn 0.560 0.804 0.200
vn 0.560 0.804 0.200
vn 0.560 0.804 0.200
vn 0.702 0.597 0.389
vn 0.702 0.597 0.389
vn 0.702 0.597 0.389
vn 0.702 0.597 0.389
vn 0.772 0.598 0.218
vn 0.772 0.598 0.218
vn 0.772 0.598 0.218
vn 0.772 0.598 0.218
vn 0.740 0.599 0.305
vn 0.740 0.599 0.305
vn 0.740 0.599 0.305
vn 0.740 0.599 0.305
vn 0.795 0.457 0.399
vn 0.795 0.457 0.399
vn 0.795 0.457 0.399
vn 0.795 0.457 0.399
vn 0.848 0.455 0.270
vn 0.848 0.455 0.270
vn 0.848 0.455 0.270
vn 0.848 0.455 0.270
vn 0.824 0.457 0.335
vn 0.824 0.457 0.335
vn 0.824 0.457 0.335
vn 0.824 0.457 0.335
vn -0.103 0.993 0.058
vn -0.103 0.993 0.058
vn -0.103 0.993 0.058
vn -0.103 0.993 0.058
vn 0.205 0.977 -0.061
vn 0.205 0.977 -0.061
vn 0.205 0.977 -0.061
vn 0.205 0.977 -0.061
vn 0.053 0.999 -0.002
vn 0.053 0.999 -0.002
vn 0.053 0.999 -0.002
vn 0.053 0.999 -0.002
vn 0.231 0.626 0.745
vn 0.231 0.626 0.745
vn 0.231 0.626 0.745
vn 0.231 0.626 0.745
vn 0.385 0.630 0.674
vn 0.385 0.630 0.674
vn 0.385 0.630 0.674
vn 0.385 0.630 0.674
vn 0.309 0.630 0.712
vn 0.309 0.630 0.712
vn 0.309 0.630 0.712
vn 0.309 0.630 0.712
vn 0.305 0.478 0.823
vn 0.305 0.478 0.823
vn 0.305 0.478 0.823
vn 0.305 0.478 0.823
vn 0.422 0.477 0.771
vn 0.422 0.477 0.771
vn 0.422 0.477 0.771
vn 0.422 0.477 0.771
vn 0.365 0.479 0.799
vn 0.365 0.479 0.799
vn 0.365 0.479 0.799
vn 0.365 0.479 0.799
vn -0.060 0.991 -0.124
vn -0.060 0.991 -0.124
vn -0.060 0.991 -0.124
vn -0.060 0.991 -0.124
vn 0.164 0.979 0.119
vn 0.164 0.979 0.119
vn 0.164 0.979 0.119
vn 0.164 0.979 0.119
vn 0.053 0.999 -0.002
vn 0.053 0.999 -0.002
vn 0.053 0.999 -0.002
vn 0.053 0.999 -0.002
vn -0.485 0.819 0.306
vn -0.485 0.819 0.306
vn -0.485 0.819 0.306
vn -0.485 0.819 0.306
vn -0.301 0.815 0.495
vn -0.301 0.815 0.495
vn -0.301 0.815 0.495
vn -0.301 0.815 0.495
vn -0.397 0.824 0.405
vn -0.397 0.824 0.405
vn -0.397 0.824 0.405
vn -0.397 0.824 0.405
vn -0.631 0.600 0.491
vn -0.631 0.600 0.491
vn -0.631 0.600 0.491
vn -0.631 0.600 0.491
vn -0.504 0.599 0.622
vn -0.504 0.599 0.622
vn -0.504 0.599 0.622
vn -0.504 0.599 0.622
vn -0.570 0.602 0.559
vn -0.570 0.602 0.559
vn -0.570 0.602 0.559
vn -0.570 0.602 0.559
vn -0.685 0.452 0.572
vn -0.685 0.452 0.572
vn -0.685 0.452 0.572
vn -0.685 0.452 0.572
vn -0.591 0.452 0.668
vn -0.591 0.452 0.668
vn -0.591 0.452 0.668
vn -0.591 0.452 0.668
vn -0.639 0.453 0.622
vn -0.639 0.453 0.622
vn -0.639 0.453 0.622
vn -0.639 0.453 0.622
vn -0.269 0.963 0.022
vn -0.269 0.963 0.022
vn -0.269 0.963 0.022
vn -0.269 0.963 0.022
vn -0.228 0.960 0.162
vn -0.228 0.960 0.162
vn -0.228 0.960 0.162
vn -0.228 0.960 0.162
vn -0.249 0.964 0.092
vn -0.249 0.964 0.092
vn -0.249 0.964 0.092
vn -0.249 0.964 0.092
vn -0.483 0.871 0.089
vn -0.483 0.871 0.089
vn -0.483 0.871 0.089
vn -0.483 0.871 0.089
vn -0.439 0.873 0.211
vn -0.439 0.873 0.211
vn -0.439 0.873 0.211
vn -0.439 0.873 0.211
vn -0.462 0.874 0.150
vn -0.462 0.874 0.150
vn -0.462 0.874 0.150
vn -0.462 0.874 0.150
vn -0.483 0.871 0.089
vn -0.483 0.871 0.089
vn -0.483 0.871 0.089
vn -0.483 0.871 0.089
vn -0.439 0.873 0.211
vn -0.439 0.873 0.211
vn -0.439 0.873 0.211
vn -0.439 0.873 0.211
vn -0.462 0.874 0.150
vn -0.462 0.874 0.150
vn -0.462 0.874 0.150
vn -0.462 0.874 0.150
vn 0.070 0.997 -0.037
vn 0.070 0.997 -0.037
vn 0.070 0.997 -0.037
vn 0.070 0.997 -0.037
vn -0.033 0.996 0.078
vn -0.033 0.996 0.078
vn -0.033 0.996 0.078
vn -0.033 0.996 0.078
vn 0.019 1.000 0.020
vn 0.019 1.000 0.020
vn 0.019 1.000 0.020
vn 0.019 1.000 0.020
vn -0.138 0.966 -0.217
vn -0.138 0.966 -0.217
vn -0.138 0.966 -0.217
vn -0.138 0.966 -0.217
vn -0.225 0.969 -0.097
vn -0.225 0.969 -0.097
vn -0.225 0.969 -0.097
vn -0.225 0.969 -0.097
vn -0.182 0.970 -0.158
vn -0.182 0.970 -0.158
vn -0.182 0.970 -0.158
vn -0.182 0.970 -0.158
vn -0.309 0.894 -0.325
vn -0.309 0.894 -0.325
vn -0.309 0.894 -0.325
vn -0.309 0.894 -0.325
vn -0.391 0.893 -0.223
vn -0.391 0.893 -0.223
vn -0.391 0.893 -0.223
vn -0.391 0.893 -0.223
vn -0.351 0.895 -0.275
vn -0.351 0.895 -0.275
vn -0.351 0.895 -0.275
vn -0.351 0.895 -0.275
vn -0.309 0.894 -0.325
vn -0.309 0.894 -0.325
vn -0.309 0.894 -0.325
vn -0.309 0.894 -0.325
vn -0.391 0.893 -0.223
vn -0.391 0.893 -0.223
vn -0.391 0.893 -0.223
vn -0.391 0.893 -0.223
vn -0.351 0.895 -0.275
vn -0.351 0.895 -0.275
vn -0.351 0.895 -0.275
vn -0.351 0.895 -0.275
vn -0.438 0.794 -0.421
vn -0.438 0.794 -0.421
vn -0.438 0.794 -0.421
vn -0.438 0.794 -0.421
vn -0.508 0.796 -0.328
vn -0.508 0.796 -0.328
vn -0.508 0.796 -0.328
vn -0.508 0.796 -0.328
vn -0.474 0.796 -0.375
vn -0.474 0.796 -0.375
vn -0.474 0.796 -0.375
vn -0.474 0.796 -0.375
vn 0.087 0.995 0.055
vn 0.087 0.995 0.055
vn 0.087 0.995 0.055
vn 0.087 0.995 0.055
vn -0.051 0.999 -0.014
vn -0.051 0.999 -0.014
vn -0.051 0.999 -0.014
vn -0.051 0.999 -0.014
vn 0.019 1.000 0.020
vn 0.019 1.000 0.020
vn 0.019 1.000 0.020
vn 0.019 1.000 0.020
vn 0.230 0.939 -0.254
vn 0.230 0.939 -0.254
vn 0.230 0.939 -0.254
vn 0.230 0.939 -0.254
vn 0.105 0.943 -0.315
vn 0.105 0.943 -0.315
vn 0.105 0.943 -0.315
vn 0.105 0.943 -0.315
vn 0.168 0.944 -0.285
vn 0.168 0.944 -0.285
vn 0.168 0.944 -0.285
vn 0.168 0.944 -0.285
vn 0.321 0.816 -0.481
vn 0.321 0.816 -0.481
vn 0.321 0.816 -0.481
vn 0.321 0.816 -0.481
vn 0.214 0.816 -0.536
vn 0.214 0.816 -0.536
vn 0.214 0.816 -0.536
vn 0.214 0.816 -0.536
vn 0.268 0.818 -0.510
vn 0.268 0.818 -0.510
vn 0.268 0.818 -0.510
vn 0.268 0.818 -0.510
vn 0.386 0.676 -0.628
vn 0.386 0.676 -0.628
vn 0.386 0.676 -0.628
vn 0.386 0.676 -0.628
vn 0.294 0.680 -0.672
vn 0.294 0.680 -0.672
vn 0.294 0.680 -0.672
vn 0.294 0.680 -0.672
vn 0.341 0.678 -0.651
vn 0.341 0.678 -0.651
vn 0.341 0.678 -0.651
vn 0.341 0.678 -0.651
vn 0.038 0.995 0.095
vn 0.038 0.995 0.095
vn 0.038 0.995 0.095
vn 0.038 0.995 0.095
vn -0.001 0.999 -0.054
vn -0.001 0.999 -0.054
vn -0.001 0.999 -0.054
vn -0.001 0.999 -0.054
vn 0.019 1.000 0.020
vn 0.019 1.000 0.020
vn 0.019 1.000 0.020
vn 0.019 1.000 0.020
vn 0.352 0.936 0.006
vn 0.352 0.936 0.006
vn 0.352 0.936 0.006
vn 0.352 0.936 0.006
vn 0.321 0.938 -0.135
vn 0.321 0.938 -0.135
vn 0.321 0.938 -0.135
vn 0.321 0.938 -0.135
vn 0.338 0.939 -0.065
vn 0.338 0.939 -0.065
vn 0.338 0.939 -0.065
vn 0.338 0.939 -0.065
vn 0.708 0.697 -0.115
vn 0.708 0.697 -0.115
vn 0.708 0.697 -0.115
vn 0.708 0.697 -0.115
vn 0.682 0.699 -0.214
vn 0.682 0.699 -0.214
vn 0.682 0.699 -0.214
vn 0.682 0.699 -0.214
vn 0.696 0.699 -0.165
vn 0.696 0.699 -0.165
vn 0.696 0.699 -0.165
vn 0.696 0.699 -0.165
vn -0.045 0.997 0.064
vn -0.045 0.997 0.064
vn -0.045 0.997 0.064
vn -0.045 0.997 0.064
vn 0.082 0.996 -0.023
vn 0.082 0.996 -0.023
vn 0.082 0.996 -0.023
vn 0.082 0.996 -0.023
vn 0.019 1.000 0.020
vn 0.019 1.000 0.020
vn 0.019 1.000 0.020
vn 0.019 1.000 0.020
vn 0.147 0.931 0.333
vn 0.147 0.931 0.333
vn 0.147 0.931 0.333
vn 0.147 0.931 0.333
vn 0.265 0.930 0.254
vn 0.265 0.930 0.254
vn 0.265 0.930 0.254
vn 0.265 0.930 0.254
vn 0.207 0.933 0.294
vn 0.207 0.933 0.294
vn 0.207 0.933 0.294
vn 0.207 0.933 0.294
vn 0.147 0.931 0.333
vn 0.147 0.931 0.333
vn 0.147 0.931 0.333
vn 0.147 0.931 0.333
vn 0.265 0.930 0.254
vn 0.265 0.930 0.254
vn 0.265 0.930 0.254
vn 0.265 0.930 0.254
vn 0.207 0.933 0.294
vn 0.207 0.933 0.294
vn 0.207 0.933 0.294
vn 0.207 0.933 0.294
vn 0.281 0.807 0.519
vn 0.281 0.807 0.519
vn 0.281 0.807 0.519
vn 0.281 0.807 0.519
vn 0.379 0.810 0.448
vn 0.379 0.810 0.448
vn 0.379 0.810 0.448
vn 0.379 0.810 0.448
vn 0.330 0.810 0.484
vn 0.330 0.810 0.484
vn 0.330 0.810 0.484
vn 0.330 0.810 0.484
vn 0.377 0.686 0.623
vn 0.377 0.686 0.623
vn 0.377 0.686 0.623
vn 0.377 0.686 0.623
vn 0.458 0.688 0.563
vn 0.458 0.688 0.563
vn 0.458 0.688 0.563
vn 0.458 0.688 0.563
vn 0.418 0.688 0.594
vn 0.418 0.688 0.594
vn 0.418 0.688 0.594
vn 0.418 0.688 0.594
vn 0.377 0.686 0.623
vn 0.377 0.686 0.623
vn 0.377 0.686 0.623
vn 0.377 0.686 0.623
vn 0.458 0.688 0.563
vn 0.458 0.688 0.563
vn 0.458 0.688 0.563
vn 0.458 0.688 0.563
vn 0.418 0.688 0.594
vn 0.418 0.688 0.594
vn 0.418 0.688 0.594
vn 0.418 0.688 0.594
vn -0.223 0.864 0.451
vn -0.223 0.864 0.451
vn -0.223 0.864 0.451
vn -0.223 0.864 0.451
vn -0.105 0.860 0.500
vn -0.105 0.860 0.500
vn -0.105 0.860 0.500
vn -0.105 0.860 0.500
vn -0.164 0.864 0.477
vn -0.164 0.864 0.477
vn -0.164 0.864 0.477
vn -0.164 0.864 0.477
vn -0.280 0.759 0.588
vn -0.280 0.759 0.588
vn -0.280 0.759 0.588
vn -0.280 0.759 0.588
vn -0.178 0.754 0.633
vn -0.178 0.754 0.633
vn -0.178 0.754 0.633
vn -0.178 0.754 0.633
vn -0.229 0.757 0.612
vn -0.229 0.757 0.612
vn -0.229 0.757 0.612
vn -0.229 0.757 0.612
vn 0.113 0.977 0.179
vn 0.113 0.977 0.179
vn 0.113 0.977 0.179
vn 0.113 0.977 0.179
vn 0.182 0.977 0.108
vn 0.182 0.977 0.108
vn 0.182 0.977 0.108
vn 0.182 0.977 0.108
vn 0.148 0.979 0.144
vn 0.148 0.979 0.144
vn 0.148 0.979 0.144
vn 0.148 0.979 0.144
vn 0.234 0.928 0.290
vn 0.234 0.928 0.290
vn 0.234 0.928 0.290
vn 0.234 0.928 0.290
vn 0.300 0.927 0.226
vn 0.300 0.927 0.226
vn 0.300 0.927 0.226
vn 0.300 0.927 0.226
vn 0.267 0.928 0.258
vn 0.267 0.928 0.258
vn 0.267 0.928 0.258
vn 0.267 0.928 0.258
vn -0.147 0.975 0.168
vn -0.147 0.975 0.168
vn -0.147 0.975 0.168
vn -0.147 0.975 0.168
vn -0.066 0.972 0.224
vn -0.066 0.972 0.224
vn -0.066 0.972 0.224
vn -0.066 0.972 0.224
vn -0.107 0.975 0.196
vn -0.107 0.975 0.196
vn -0.107 0.975 0.196
vn -0.107 0.975 0.196
vn -0.321 0.829 0.458
vn -0.321 0.829 0.458
vn -0.321 0.829 0.458
vn -0.321 0.829 0.458
vn -0.250 0.829 0.500
vn -0.250 0.829 0.500
vn -0.250 0.829 0.500
vn -0.250 0.829 0.500
vn -0.286 0.830 0.480
vn -0.286 0.830 0.480
vn -0.286 0.830 0.480
vn -0.286 0.830 0.480
vn -0.321 0.829 0.458
vn -0.321 0.829 0.458
vn -0.321 0.829 0.458
vn -0.321 0.829 0.458
vn -0.250 0.829 0.500
vn -0.250 0.829 0.500
vn -0.250 0.829 0.500
vn -0.250 0.829 0.500
vn -0.286 0.830 0.480
vn -0.286 0.830 0.480
vn -0.286 0.830 0.480
vn -0.286 0.830 0.480
vn 0.008 0.999 -0.042
vn 0.008 0.999 -0.042
vn 0.008 0.999 -0.042
vn 0.008 0.999 -0.042
vn 0.012 0.998 0.060
vn 0.012 0.998 0.060
vn 0.012 0.998 0.060
vn 0.012 0.998 0.060
vn 0.010 1.000 0.009
vn 0.010 1.000 0.009
vn 0.010 1.000 0.009
vn 0.010 1.000 0.009
vn -0.319 0.947 -0.028
vn -0.319 0.947 -0.028
vn -0.319 0.947 -0.028
vn -0.319 0.947 -0.028
vn -0.311 0.948 0.069
vn -0.311 0.948 0.069
vn -0.311 0.948 0.069
vn -0.311 0.948 0.069
vn -0.316 0.949 0.021
vn -0.316 0.949 0.021
vn -0.316 0.949 0.021
vn -0.316 0.949 0.021
vn 0.048 0.999 -0.026
vn 0.048 0.999 -0.026
vn 0.048 0.999 -0.026
vn 0.048 0.999 -0.026
vn -0.027 0.999 0.044
vn -0.027 0.999 0.044
vn -0.027 0.999 0.044
vn -0.027 0.999 0.044
vn 0.010 1.000 0.009
vn 0.010 1.000 0.009
vn 0.010 1.000 0.009
vn 0.010 1.000 0.009
vn -0.080 0.983 -0.163
vn -0.080 0.983 -0.163
vn -0.080 0.983 -0.163
vn -0.080 0.983 -0.163
vn -0.152 0.984 -0.092
vn -0.152 0.984 -0.092
vn -0.152 0.984 -0.092
vn -0.152 0.984 -0.092
vn -0.116 0.985 -0.127
vn -0.116 0.985 -0.127
vn -0.116 0.985 -0.127
vn -0.116 0.985 -0.127
vn -0.199 0.940 -0.277
vn -0.199 0.940 -0.277
vn -0.199 0.940 -0.277
vn -0.199 0.940 -0.277
vn -0.265 0.941 -0.209
vn -0.265 0.941 -0.209
vn -0.265 0.941 -0.209
vn -0.265 0.941 -0.209
vn -0.232 0.942 -0.243
vn -0.232 0.942 -0.243
vn -0.232 0.942 -0.243
vn -0.232 0.942 -0.243
vn -0.199 0.940 -0.277
vn -0.199 0.940 -0.277
vn -0.199 0.940 -0.277
vn -0.199 0.940 -0.277
vn -0.265 0.941 -0.209
vn -0.265 0.941 -0.209
vn -0.265 0.941 -0.209
vn -0.265 0.941 -0.209
vn -0.232 0.942 -0.243
vn -0.232 0.942 -0.243
vn -0.232 0.942 -0.243
vn -0.232 0.942 -0.243
vn -0.303 0.877 -0.373
vn -0.303 0.877 -0.373
vn -0.303 0.877 -0.373
vn -0.303 0.877 -0.373
vn -0.367 0.876 -0.312
vn -0.367 0.876 -0.312
vn -0.367 0.876 -0.312
vn -0.367 0.876 -0.312
vn -0.335 0.877 -0.343
vn -0.335 0.877 -0.343
vn -0.335 0.877 -0.343
vn -0.335 0.877 -0.343
vn 0.261 0.909 -0.324
vn 0.261 0.909 -0.324
vn 0.261 0.909 -0.324
vn 0.261 0.909 -0.324
vn 0.184 0.909 -0.374
vn 0.184 0.909 -0.374
vn 0.184 0.909 -0.374
vn 0.184 0.909 -0.374
vn 0.223 0.910 -0.350
vn 0.223 0.910 -0.350
vn 0.223 0.910 -0.350
vn 0.223 0.910 -0.350
vn 0.343 0.820 -0.458
vn 0.343 0.820 -0.458
vn 0.343 0.820 -0.458
vn 0.343 0.820 -0.458
vn 0.273 0.819 -0.505
vn 0.273 0.819 -0.505
vn 0.273 0.819 -0.505
vn 0.273 0.819 -0.505
vn 0.308 0.820 -0.482
vn 0.308 0.820 -0.482
vn 0.308 0.820 -0.482
vn 0.308 0.820 -0.482
vn 0.391 0.919 0.054
vn 0.391 0.919 0.054
vn 0.391 0.919 0.054
vn 0.391 0.919 0.054
vn 0.394 0.919 -0.037
vn 0.394 0.919 -0.037
vn 0.394 0.919 -0.037
vn 0.394 0.919 -0.037
vn 0.393 0.920 0.009
vn 0.393 0.920 0.009
vn 0.393 0.920 0.009
vn 0.393 0.920 0.009
vn 0.531 0.846 0.054
vn 0.531 0.846 0.054
vn 0.531 0.846 0.054
vn 0.531 0.846 0.054
vn 0.539 0.842 -0.028
vn 0.539 0.842 -0.028
vn 0.539 0.842 -0.028
vn 0.539 0.842 -0.028
vn 0.536 0.844 0.013
vn 0.536 0.844 0.013
vn 0.536 0.844 0.013
vn 0.536 0.844 0.013
vn 0.038 0.999 0.033
vn 0.038 0.999 0.033
vn 0.038 0.999 0.033
vn 0.038 0.999 0.033
vn -0.019 1.000 -0.019
vn -0.019 1.000 -0.019
vn -0.019 1.000 -0.019
vn -0.019 1.000 -0.019
vn 0.009 1.000 0.007
vn 0.009 1.000 0.007
vn 0.009 1.000 0.007
vn 0.009 1.000 0.007
vn 0.136 0.988 -0.078
vn 0.136 0.988 -0.078
vn 0.136 0.988 -0.078
vn 0.136 0.988 -0.078
vn 0.083 0.988 -0.132
vn 0.083 0.988 -0.132
vn 0.083 0.988 -0.132
vn 0.083 0.988 -0.132
vn 0.110 0.988 -0.106
vn 0.110 0.988 -0.106
vn 0.110 0.988 -0.106
vn 0.110 0.988 -0.106
vn -0.013 0.999 0.039
vn -0.013 0.999 0.039
vn -0.013 0.999 0.039
vn -0.013 0.999 0.039
vn 0.031 0.999 -0.025
vn 0.031 0.999 -0.025
vn 0.031 0.999 -0.025
vn 0.031 0.999 -0.025
vn 0.009 1.000 0.007
vn 0.009 1.000 0.007
vn 0.009 1.000 0.007
vn 0.009 1.000 0.007
vn 0.104 0.987 0.118
vn 0.104 0.987 0.118
vn 0.104 0.987 0.118
vn 0.104 0.987 0.118
vn 0.146 0.988 0.055
vn 0.146 0.988 0.055
vn 0.146 0.988 0.055
vn 0.146 0.988 0.055
vn 0.125 0.988 0.087
vn 0.125 0.988 0.087
vn 0.125 0.988 0.087
vn 0.125 0.988 0.087
vn 0.214 0.958 0.189
vn 0.214 0.958 0.189
vn 0.214 0.958 0.189
vn 0.214 0.958 0.189
vn 0.256 0.958 0.129
vn 0.256 0.958 0.129
vn 0.256 0.958 0.129
vn 0.256 0.958 0.129
vn 0.235 0.959 0.160
vn 0.235 0.959 0.160
vn 0.235 0.959 0.160
vn 0.235 0.959 0.160
vn 0.214 0.958 0.189
vn 0.214 0.958 0.189
vn 0.214 0.958 0.189
vn 0.214 0.958 0.189
vn 0.256 0.958 0.129
vn 0.256 0.958 0.129
vn 0.256 0.958 0.129
vn 0.256 0.958 0.129
vn 0.235 0.959 0.160
vn 0.235 0.959 0.160
vn 0.235 0.959 0.160
vn 0.235 0.959 0.160
vn 0.312 0.914 0.258
vn 0.312 0.914 0.258
vn 0.312 0.914 0.258
vn 0.312 0.914 0.258
vn 0.355 0.913 0.202
vn 0.355 0.913 0.202
vn 0.355 0.913 0.202
vn 0.355 0.913 0.202
vn 0.334 0.914 0.230
vn 0.334 0.914 0.230
vn 0.334 0.914 0.230
vn 0.334 0.914 0.230
vn -0.071 0.988 0.139
vn -0.071 0.988 0.139
vn -0.071 0.988 0.139
vn -0.071 0.988 0.139
vn -0.003 0.985 0.170
vn -0.003 0.985 0.170
vn -0.003 0.985 0.170
vn -0.003 0.985 0.170
vn -0.037 0.987 0.155
vn -0.037 0.987 0.155
vn -0.037 0.987 0.155
vn -0.037 0.987 0.155
vn 0.002 1.000 -0.031
vn 0.002 1.000 -0.031
vn 0.002 1.000 -0.031
vn 0.002 1.000 -0.031
vn 0.017 0.999 0.045
vn 0.017 0.999 0.045
vn 0.017 0.999 0.045
vn 0.017 0.999 0.045
vn 0.009 1.000 0.007
vn 0.009 1.000 0.007
vn 0.009 1.000 0.007
vn 0.009 1.000 0.007
vn -0.150 0.989 0.000
vn -0.150 0.989 0.000
vn -0.150 0.989 0.000
vn -0.150 0.989 0.000
vn -0.130 0.989 0.073
vn -0.130 0.989 0.073
vn -0.130 0.989 0.073
vn -0.130 0.989 0.073
vn -0.140 0.989 0.037
vn -0.140 0.989 0.037
vn -0.140 0.989 0.037
vn -0.140 0.989 0.037
vn -0.405 0.912 0.066
vn -0.405 0.912 0.066
vn -0.405 0.912 0.066
vn -0.405 0.912 0.066
vn -0.394 0.909 0.134
vn -0.394 0.909 0.134
vn -0.394 0.909 0.134
vn -0.394 0.909 0.134
vn -0.400 0.911 0.100
vn -0.400 0.911 0.100
vn -0.400 0.911 0.100
vn -0.400 0.911 0.100
vn 0.006 0.989 -0.147
vn 0.006 0.989 -0.147
vn 0.006 0.989 -0.147
vn 0.006 0.989 -0.147
vn -0.067 0.989 -0.131
vn -0.067 0.989 -0.131
vn -0.067 0.989 -0.131
vn -0.067 0.989 -0.131
vn -0.031 0.990 -0.139
vn -0.031 0.990 -0.139
vn -0.031 0.990 -0.139
vn -0.031 0.990 -0.139
vn 0.015 0.999 0.032
vn 0.015 0.999 0.032
vn 0.015 0.999 0.032
vn 0.015 0.999 0.032
vn -0.017 1.000 -0.020
vn -0.017 1.000 -0.020
vn -0.017 1.000 -0.020
vn -0.017 1.000 -0.020
vn -0.001 1.000 0.006
vn -0.001 1.000 0.006
vn -0.001 1.000 0.006
vn -0.001 1.000 0.006
vn 0.113 0.993 -0.028
vn 0.113 0.993 -0.028
vn 0.113 0.993 -0.028
vn 0.113 0.993 -0.028
vn 0.083 0.993 -0.081
vn 0.083 0.993 -0.081
vn 0.083 0.993 -0.081
vn 0.083 0.993 -0.081
vn 0.098 0.994 -0.055
vn 0.098 0.994 -0.055
vn 0.098 0.994 -0.055
vn 0.098 0.994 -0.055
vn 0.209 0.974 -0.084
vn 0.209 0.974 -0.084
vn 0.209 0.974 -0.084
vn 0.209 0.974 -0.084
vn 0.180 0.974 -0.136
vn 0.180 0.974 -0.136
vn 0.180 0.974 -0.136
vn 0.180 0.974 -0.136
vn 0.195 0.975 -0.110
vn 0.195 0.975 -0.110
vn 0.195 0.975 -0.110
vn 0.195 0.975 -0.110
vn 0.209 0.974 -0.084
vn 0.209 0.974 -0.084
vn 0.209 0.974 -0.084
vn 0.209 0.974 -0.084
vn 0.180 0.974 -0.136
vn 0.180 0.974 -0.136
vn 0.180 0.974 -0.136
vn 0.180 0.974 -0.136
vn 0.195 0.975 -0.110
vn 0.195 0.975 -0.110
vn 0.195 0.975 -0.110
vn 0.195 0.975 -0.110
vn -0.027 0.999 0.020
vn -0.027 0.999 0.020
vn -0.027 0.999 0.020
vn -0.027 0.999 0.020
vn 0.026 1.000 -0.009
vn 0.026 1.000 -0.009
vn 0.026 1.000 -0.009
vn 0.026 1.000 -0.009
vn -0.001 1.000 0.006
vn -0.001 1.000 0.006
vn -0.001 1.000 0.006
vn -0.001 1.000 0.006
vn 0.021 0.994 0.106
vn 0.021 0.994 0.106
vn 0.021 0.994 0.106
vn 0.021 0.994 0.106
vn 0.075 0.994 0.081
vn 0.075 0.994 0.081
vn 0.075 0.994 0.081
vn 0.075 0.994 0.081
vn 0.048 0.994 0.094
vn 0.048 0.994 0.094
vn 0.048 0.994 0.094
vn 0.048 0.994 0.094
vn 0.062 0.979 0.196
vn 0.062 0.979 0.196
vn 0.062 0.979 0.196
vn 0.062 0.979 0.196
vn 0.114 0.979 0.168
vn 0.114 0.979 0.168
vn 0.114 0.979 0.168
vn 0.114 0.979 0.168
vn 0.088 0.979 0.182
vn 0.088 0.979 0.182
vn 0.088 0.979 0.182
vn 0.088 0.979 0.182
vn -0.189 0.958 0.217
vn -0.189 0.958 0.217
vn -0.189 0.958 0.217
vn -0.189 0.958 0.217
vn -0.140 0.958 0.250
vn -0.140 0.958 0.250
vn -0.140 0.958 0.250
vn -0.140 0.958 0.250
vn -0.164 0.958 0.234
vn -0.164 0.958 0.234
vn -0.164 0.958 0.234
vn -0.164 0.958 0.234
vn 0.009 1.000 -0.023
vn 0.009 1.000 -0.023
vn 0.009 1.000 -0.023
vn 0.009 1.000 -0.023
vn -0.010 0.999 0.035
vn -0.010 0.999 0.035
vn -0.010 0.999 0.035
vn -0.010 0.999 0.035
vn -0.001 1.000 0.006
vn -0.001 1.000 0.006
vn -0.001 1.000 0.006
vn -0.001 1.000 0.006
vn -0.189 0.978 -0.084
vn -0.189 0.978 -0.084
vn -0.189 0.978 -0.084
vn -0.189 0.978 -0.084
vn -0.206 0.978 -0.027
vn -0.206 0.978 -0.027
vn -0.206 0.978 -0.027
vn -0.206 0.978 -0.027
vn -0.197 0.979 -0.056
vn -0.197 0.979 -0.056
vn -0.197 0.979 -0.056
vn -0.197 0.979 -0.056
vn -0.189 0.978 -0.084
vn -0.189 0.978 -0.084
vn -0.189 0.978 -0.084
vn -0.189 0.978 -0.084
vn -0.206 0.978 -0.027
vn -0.206 0.978 -0.027
vn -0.206 0.978 -0.027
vn -0.206 0.978 -0.027
vn -0.197 0.979 -0.056
vn -0.197 0.979 -0.056
vn -0.197 0.979 -0.056
vn -0.197 0.979 -0.056
vn -0.283 0.952 -0.112
vn -0.283 0.952 -0.112
vn -0.283 0.952 -0.112
vn -0.283 0.952 -0.112
vn -0.297 0.953 -0.055
vn -0.297 0.953 -0.055
vn -0.297 0.953 -0.055
vn -0.297 0.953 -0.055
vn -0.290 0.953 -0.084
vn -0.290 0.953 -0.084
vn -0.290 0.953 -0.084
vn -0.290 0.953 -0.084
vn 0.032 0.996 -0.088
vn 0.032 0.996 -0.088
vn 0.032 0.996 -0.088
vn 0.032 0.996 -0.088
vn -0.029 0.996 -0.089
vn -0.029 0.996 -0.089
vn -0.029 0.996 -0.089
vn -0.029 0.996 -0.089
vn 0.002 0.996 -0.089
vn 0.002 0.996 -0.089
vn 0.002 0.996 -0.089
vn 0.002 0.996 -0.089
vn 0.032 0.982 -0.184
vn 0.032 0.982 -0.184
vn 0.032 0.982 -0.184
vn 0.032 0.982 -0.184
vn -0.027 0.984 -0.179
vn -0.027 0.984 -0.179
vn -0.027 0.984 -0.179
vn -0.027 0.984 -0.179
vn 0.003 0.983 -0.181
vn 0.003 0.983 -0.181
vn 0.003 0.983 -0.181
vn 0.003 0.983 -0.181
vn 0.012 1.000 -0.017
vn 0.012 1.000 -0.017
vn 0.012 1.000 -0.017
vn 0.012 1.000 -0.017
vn -0.014 1.000 0.027
vn -0.014 1.000 0.027
vn -0.014 1.000 0.027
vn -0.014 1.000 0.027
vn -0.001 1.000 0.005
vn -0.001 1.000 0.005
vn -0.001 1.000 0.005
vn -0.001 1.000 0.005
vn -0.126 0.987 -0.098
vn -0.126 0.987 -0.098
vn -0.126 0.987 -0.098
vn -0.126 0.987 -0.098
vn -0.150 0.987 -0.053
vn -0.150 0.987 -0.053
vn -0.150 0.987 -0.053
vn -0.150 0.987 -0.053
vn -0.138 0.987 -0.076
vn -0.138 0.987 -0.076
vn -0.138 0.987 -0.076
vn -0.138 0.987 -0.076
vn -0.126 0.987 -0.098
vn -0.126 0.987 -0.098
vn -0.126 0.987 -0.098
vn -0.126 0.987 -0.098
vn -0.150 0.987 -0.053
vn -0.150 0.987 -0.053
vn -0.150 0.987 -0.053
vn -0.150 0.987 -0.053
vn -0.138 0.987 -0.076
vn -0.138 0.987 -0.076
vn -0.138 0.987 -0.076
vn -0.138 0.987 -0.076
vn -0.195 0.972 -0.134
vn -0.195 0.972 -0.134
vn -0.195 0.972 -0.134
vn -0.195 0.972 -0.134
vn -0.219 0.972 -0.090
vn -0.219 0.972 -0.090
vn -0.219 0.972 -0.090
vn -0.219 0.972 -0.090
vn -0.207 0.972 -0.112
vn -0.207 0.972 -0.112
vn -0.207 0.972 -0.112
vn -0.207 0.972 -0.112
vn 0.050 0.984 -0.171
vn 0.050 0.984 -0.171
vn 0.050 0.984 -0.171
vn 0.050 0.984 -0.171
vn -0.001 0.984 -0.178
vn -0.001 0.984 -0.178
vn -0.001 0.984 -0.178
vn -0.001 0.984 -0.178
vn 0.024 0.984 -0.175
vn 0.024 0.984 -0.175
vn 0.024 0.984 -0.175
vn 0.024 0.984 -0.175
vn 0.012 1.000 0.027
vn 0.012 1.000 0.027
vn 0.012 1.000 0.027
vn 0.012 1.000 0.027
vn -0.013 1.000 -0.018
vn -0.013 1.000 -0.018
vn -0.013 1.000 -0.018
vn -0.013 1.000 -0.018
vn -0.001 1.000 0.005
vn -0.001 1.000 0.005
vn -0.001 1.000 0.005
vn -0.001 1.000 0.005
vn 0.087 0.996 -0.014
vn 0.087 0.996 -0.014
vn 0.087 0.996 -0.014
vn 0.087 0.996 -0.014
vn 0.059 0.997 -0.057
vn 0.059 0.997 -0.057
vn 0.059 0.997 -0.057
vn 0.059 0.997 -0.057
vn 0.073 0.997 -0.036
vn 0.073 0.997 -0.036
vn 0.073 0.997 -0.036
vn 0.073 0.997 -0.036
vn 0.015 0.996 0.088
vn 0.015 0.996 0.088
vn 0.015 0.996 0.088
vn 0.015 0.996 0.088
vn 0.059 0.996 0.063
vn 0.059 0.996 0.063
vn 0.059 0.996 0.063
vn 0.059 0.996 0.063
vn 0.037 0.996 0.075
vn 0.037 0.996 0.075
vn 0.037 0.996 0.075
vn 0.037 0.996 0.075
vn 0.090 0.971 0.222
vn 0.090 0.971 0.222
vn 0.090 0.971 0.222
vn 0.090 0.971 0.222
vn 0.133 0.971 0.198
vn 0.133 0.971 0.198
vn 0.133 0.971 0.198
vn 0.133 0.971 0.198
vn 0.112 0.971 0.210
vn 0.112 0.971 0.210
vn 0.112 0.971 0.210
vn 0.112 0.971 0.210
vn -0.018 1.000 -0.014
vn -0.018 1.000 -0.014
vn -0.018 1.000 -0.014
vn -0.018 1.000 -0.014
vn 0.017 1.000 0.024
vn 0.017 1.000 0.024
vn 0.017 1.000 0.024
vn 0.017 1.000 0.024
vn -0.001 1.000 0.005
vn -0.001 1.000 0.005
vn -0.001 1.000 0.005
vn -0.001 1.000 0.005
vn -0.186 0.974 0.133
vn -0.186 0.974 0.133
vn -0.186 0.974 0.133
vn -0.186 0.974 0.133
vn -0.153 0.974 0.170
vn -0.153 0.974 0.170
vn -0.153 0.974 0.170
vn -0.153 0.974 0.170
vn -0.169 0.974 0.151
vn -0.169 0.974 0.151
vn -0.169 0.974 0.151
vn -0.169 0.974 0.151
vn -0.013 1.000 -0.012
vn -0.013 1.000 -0.012
vn -0.013 1.000 -0.012
vn -0.013 1.000 -0.012
vn 0.017 1.000 0.020
vn 0.017 1.000 0.020
vn 0.017 1.000 0.020
vn 0.017 1.000 0.020
vn 0.002 1.000 0.004
vn 0.002 1.000 0.004
vn 0.002 1.000 0.004
vn 0.002 1.000 0.004
vn -0.056 0.998 0.029
vn -0.056 0.998 0.029
vn -0.056 0.998 0.029
vn -0.056 0.998 0.029
vn -0.025 0.998 0.059
vn -0.025 0.998 0.059
vn -0.025 0.998 0.059
vn -0.025 0.998 0.059
vn -0.040 0.998 0.044
vn -0.040 0.998 0.044
vn -0.040 0.998 0.044
vn -0.040 0.998 0.044
vn -0.133 0.985 0.113
vn -0.133 0.985 0.113
vn -0.133 0.985 0.113
vn -0.133 0.985 0.113
vn -0.104 0.984 0.145
vn -0.104 0.984 0.145
vn -0.104 0.984 0.145
vn -0.104 0.984 0.145
vn -0.118 0.985 0.129
vn -0.118 0.985 0.129
vn -0.118 0.985 0.129
vn -0.118 0.985 0.129
vn -0.105 0.991 -0.077
vn -0.105 0.991 -0.077
vn -0.105 0.991 -0.077
vn -0.105 0.991 -0.077
vn -0.125 0.991 -0.038
vn -0.125 0.991 -0.038
vn -0.125 0.991 -0.038
vn -0.125 0.991 -0.038
vn -0.115 0.992 -0.057
vn -0.115 0.992 -0.057
vn -0.115 0.992 -0.057
vn -0.115 0.992 -0.057
vn 0.022 1.000 0.013
vn 0.022 1.000 0.013
vn 0.022 1.000 0.013
vn 0.022 1.000 0.013
vn -0.018 1.000 -0.005
vn -0.018 1.000 -0.005
vn -0.018 1.000 -0.005
vn -0.018 1.000 -0.005
vn 0.002 1.000 0.004
vn 0.002 1.000 0.004
vn 0.002 1.000 0.004
vn 0.002 1.000 0.004
vn 0.083 0.990 -0.111
vn 0.083 0.990 -0.111
vn 0.083 0.990 -0.111
vn 0.083 0.990 -0.111
vn 0.043 0.991 -0.128
vn 0.043 0.991 -0.128
vn 0.043 0.991 -0.128
vn 0.043 0.991 -0.128
vn 0.063 0.991 -0.119
vn 0.063 0.991 -0.119
vn 0.063 0.991 -0.119
vn 0.063 0.991 -0.119
vn 0.143 0.990 0.019
vn 0.143 0.990 0.019
vn 0.143 0.990 0.019
vn 0.143 0.990 0.019
vn 0.142 0.989 -0.024
vn 0.142 0.989 -0.024
vn 0.142 0.989 -0.024
vn 0.142 0.989 -0.024
vn 0.143 0.990 -0.003
vn 0.143 0.990 -0.003
vn 0.143 0.990 -0.003
vn 0.143 0.990 -0.003
vn -0.019 1.000 0.012
vn -0.019 1.000 0.012
vn -0.019 1.000 0.012
vn -0.019 1.000 0.012
vn 0.022 1.000 -0.004
vn 0.022 1.000 -0.004
vn 0.022 1.000 -0.004
vn 0.022 1.000 -0.004
vn 0.002 1.000 0.004
vn 0.002 1.000 0.004
vn 0.002 1.000 0.004
vn 0.002 1.000 0.004
vn 0.002 0.998 0.067
vn 0.002 0.998 0.067
vn 0.002 0.998 0.067
vn 0.002 0.998 0.067
vn 0.043 0.998 0.052
vn 0.043 0.998 0.052
vn 0.043 0.998 0.052
vn 0.043 0.998 0.052
vn 0.023 0.998 0.060
vn 0.023 0.998 0.060
vn 0.023 0.998 0.060
vn 0.023 0.998 0.060
vn 0.023 0.992 0.124
vn 0.023 0.992 0.124
vn 0.023 0.992 0.124
vn 0.023 0.992 0.124
vn 0.063 0.992 0.105
vn 0.063 0.992 0.105
vn 0.063 0.992 0.105
vn 0.063 0.992 0.105
vn 0.043 0.992 0.115
vn 0.043 0.992 0.115
vn 0.043 0.992 0.115
vn 0.043 0.992 0.115
vn 0.048 0.983 0.175
vn 0.048 0.983 0.175
vn 0.048 0.983 0.175
vn 0.048 0.983 0.175
vn 0.088 0.983 0.159
vn 0.088 0.983 0.159
vn 0.088 0.983 0.159
vn 0.088 0.983 0.159
vn 0.068 0.984 0.167
vn 0.068 0.984 0.167
vn 0.068 0.984 0.167
vn 0.068 0.984 0.167
vn -0.034 0.998 0.043
vn -0.034 0.998 0.043
vn -0.034 0.998 0.043
vn -0.034 0.998 0.043
vn 0.001 0.998 0.060
vn 0.001 0.998 0.060
vn 0.001 0.998 0.060
vn 0.001 0.998 0.060
vn -0.017 0.999 0.051
vn -0.017 0.999 0.051
vn -0.017 0.999 0.051
vn -0.017 0.999 0.051
vn -0.077 0.987 0.138
vn -0.077 0.987 0.138
vn -0.077 0.987 0.138
vn -0.077 0.987 0.138
vn -0.042 0.987 0.154
vn -0.042 0.987 0.154
vn -0.042 0.987 0.154
vn -0.042 0.987 0.154
vn -0.059 0.987 0.146
vn -0.059 0.987 0.146
vn -0.059 0.987 0.146
vn -0.059 0.987 0.146
vn 0.004 1.000 -0.015
vn 0.004 1.000 -0.015
vn 0.004 1.000 -0.015
vn 0.004 1.000 -0.015
vn 0.006 1.000 0.023
vn 0.006 1.000 0.023
vn 0.006 1.000 0.023
vn 0.006 1.000 0.023
vn 0.005 1.000 0.004
vn 0.005 1.000 0.004
vn 0.005 1.000 0.004
vn 0.005 1.000 0.004
vn -0.052 0.999 -0.011
vn -0.052 0.999 -0.011
vn -0.052 0.999 -0.011
vn -0.052 0.999 -0.011
vn -0.048 0.998 0.027
vn -0.048 0.998 0.027
vn -0.048 0.998 0.027
vn -0.048 0.998 0.027
vn -0.050 0.999 0.008
vn -0.050 0.999 0.008
vn -0.050 0.999 0.008
vn -0.050 0.999 0.008
vn 0.024 1.000 -0.001
vn 0.024 1.000 -0.001
vn 0.024 1.000 -0.001
vn 0.024 1.000 -0.001
vn -0.014 1.000 0.009
vn -0.014 1.000 0.009
vn -0.014 1.000 0.009
vn -0.014 1.000 0.009
vn 0.005 1.000 0.004
vn 0.005 1.000 0.004
vn 0.005 1.000 0.004
vn 0.005 1.000 0.004
vn 0.009 0.998 -0.055
vn 0.009 0.998 -0.055
vn 0.009 0.998 -0.055
vn 0.009 0.998 -0.055
vn -0.029 0.998 -0.048
vn -0.029 0.998 -0.048
vn -0.029 0.998 -0.048
vn -0.029 0.998 -0.048
vn -0.010 0.999 -0.052
vn -0.010 0.999 -0.052
vn -0.010 0.999 -0.052
vn -0.010 0.999 -0.052
vn -0.001 0.994 -0.112
vn -0.001 0.994 -0.112
vn -0.001 0.994 -0.112
vn -0.001 0.994 -0.112
vn -0.039 0.994 -0.104
vn -0.039 0.994 -0.104
vn -0.039 0.994 -0.104
vn -0.039 0.994 -0.104
vn -0.020 0.994 -0.108
vn -0.020 0.994 -0.108
vn -0.020 0.994 -0.108
vn -0.020 0.994 -0.108
vn -0.013 0.986 -0.165
vn -0.013 0.986 -0.165
vn -0.013 0.986 -0.165
vn -0.013 0.986 -0.165
vn -0.051 0.986 -0.160
vn -0.051 0.986 -0.160
vn -0.051 0.986 -0.160
vn -0.051 0.986 -0.160
vn -0.032 0.986 -0.163
vn -0.032 0.986 -0.163
vn -0.032 0.986 -0.163
vn -0.032 0.986 -0.163
vn 0.031 0.998 0.046
vn 0.031 0.998 0.046
vn 0.031 0.998 0.046
vn 0.031 0.998 0.046
vn 0.055 0.998 0.016
vn 0.055 0.998 0.016
vn 0.055 0.998 0.016
vn 0.055 0.998 0.016
vn 0.043 0.999 0.031
vn 0.043 0.999 0.031
vn 0.043 0.999 0.031
vn 0.043 0.999 0.031
vn -0.006 1.000 -0.009
vn -0.006 1.000 -0.009
vn -0.006 1.000 -0.009
vn -0.006 1.000 -0.009
vn 0.020 1.000 0.013
vn 0.020 1.000 0.013
vn 0.020 1.000 0.013
vn 0.020 1.000 0.013
vn 0.007 1.000 0.002
vn 0.007 1.000 0.002
vn 0.007 1.000 0.002
vn 0.007 1.000 0.002
vn 0.009 1.000 -0.014
vn 0.009 1.000 -0.014
vn 0.009 1.000 -0.014
vn 0.009 1.000 -0.014
vn 0.004 1.000 0.019
vn 0.004 1.000 0.019
vn 0.004 1.000 0.019
vn 0.004 1.000 0.019
vn 0.007 1.000 0.002
vn 0.007 1.000 0.002
vn 0.007 1.000 0.002
vn 0.007 1.000 0.002
vn -0.034 0.999 -0.021
vn -0.034 0.999 -0.021
vn -0.034 0.999 -0.021
vn -0.034 0.999 -0.021
vn -0.040 0.999 0.012
vn -0.040 0.999 0.012
vn -0.040 0.999 0.012
vn -0.040 0.999 0.012
vn -0.037 0.999 -0.005
vn -0.037 0.999 -0.005
vn -0.037 0.999 -0.005
vn -0.037 0.999 -0.005
vn 0.023 1.000 0.005
vn 0.023 1.000 0.005
vn 0.023 1.000 0.005
vn 0.023 1.000 0.005
vn -0.010 1.000 -0.000
vn -0.010 1.000 -0.000
vn -0.010 1.000 -0.000
vn -0.010 1.000 -0.000
vn 0.007 1.000 0.002
vn 0.007 1.000 0.002
vn 0.007 1.000 0.002
vn 0.007 1.000 0.002
vn 0.030 0.999 -0.032
vn 0.030 0.999 -0.032
vn 0.030 0.999 -0.032
vn 0.030 0.999 -0.032
vn -0.004 0.999 -0.037
vn -0.004 0.999 -0.037
vn -0.004 0.999 -0.037
vn -0.004 0.999 -0.037
vn 0.013 0.999 -0.034
vn 0.013 0.999 -0.034
vn 0.013 0.999 -0.034
vn 0.013 0.999 -0.034
vn 0.036 0.997 -0.069
vn 0.036 0.997 -0.069
vn 0.036 0.997 -0.069
vn 0.036 0.997 -0.069
vn 0.002 0.997 -0.074
vn 0.002 0.997 -0.074
vn 0.002 0.997 -0.074
vn 0.002 0.997 -0.074
vn 0.019 0.997 -0.071
vn 0.019 0.997 -0.071
vn 0.019 0.997 -0.071
vn 0.019 0.997 -0.071
vn 0.041 0.994 -0.105
vn 0.041 0.994 -0.105
vn 0.041 0.994 -0.105
vn 0.041 0.994 -0.105
vn 0.008 0.994 -0.110
vn 0.008 0.994 -0.110
vn 0.008 0.994 -0.110
vn 0.008 0.994 -0.110
vn 0.024 0.994 -0.108
vn 0.024 0.994 -0.108
vn 0.024 0.994 -0.108
vn 0.024 0.994 -0.108
vn 0.097 0.995 -0.026
vn 0.097 0.995 -0.026
vn 0.097 0.995 -0.026
vn 0.097 0.995 -0.026
vn 0.081 0.995 -0.055
vn 0.081 0.995 -0.055
vn 0.081 0.995 -0.055
vn 0.081 0.995 -0.055
vn 0.089 0.995 -0.041
vn 0.089 0.995 -0.041
vn 0.089 0.995 -0.041
vn 0.089 0.995 -0.041
vn 0.135 0.990 -0.047
vn 0.135 0.990 -0.047
vn 0.135 0.990 -0.047
vn 0.135 0.990 -0.047
vn 0.123 0.989 -0.078
vn 0.123 0.989 -0.078
vn 0.123 0.989 -0.078
vn 0.123 0.989 -0.078
vn 0.129 0.990 -0.063
vn 0.129 0.990 -0.063
vn 0.129 0.990 -0.063
vn 0.129 0.990 -0.063
vn -0.013 0.994 -0.106
vn -0.013 0.994 -0.106
vn -0.013 0.994 -0.106
vn -0.013 0.994 -0.106
vn -0.042 0.994 -0.096
vn -0.042 0.994 -0.096
vn -0.042 0.994 -0.096
vn -0.042 0.994 -0.096
vn -0.028 0.994 -0.101
vn -0.028 0.994 -0.101
vn -0.028 0.994 -0.101
vn -0.028 0.994 -0.101
vn 0.013 1.000 0.015
vn 0.013 1.000 0.015
vn 0.013 1.000 0.015
vn 0.013 1.000 0.015
vn 0.002 1.000 -0.013
vn 0.002 1.000 -0.013
vn 0.002 1.000 -0.013
vn 0.002 1.000 -0.013
vn 0.007 1.000 0.001
vn 0.007 1.000 0.001
vn 0.007 1.000 0.001
vn 0.007 1.000 0.001
vn 0.051 0.999 0.000
vn 0.051 0.999 0.000
vn 0.051 0.999 0.000
vn 0.051 0.999 0.000
vn 0.037 0.999 -0.027
vn 0.037 0.999 -0.027
vn 0.037 0.999 -0.027
vn 0.037 0.999 -0.027
vn 0.044 0.999 -0.013
vn 0.044 0.999 -0.013
vn 0.044 0.999 -0.013
vn 0.044 0.999 -0.013
vn 0.086 0.996 -0.018
vn 0.086 0.996 -0.018
vn 0.086 0.996 -0.018
vn 0.086 0.996 -0.018
vn 0.072 0.996 -0.045
vn 0.072 0.996 -0.045
vn 0.072 0.996 -0.045
vn 0.072 0.996 -0.045
vn 0.079 0.996 -0.031
vn 0.079 0.996 -0.031
vn 0.079 0.996 -0.031
vn 0.079 0.996 -0.031
vn -0.004 1.000 0.011
vn -0.004 1.000 0.011
vn -0.004 1.000 0.011
vn -0.004 1.000 0.011
vn 0.019 1.000 -0.009
vn 0.019 1.000 -0.009
vn 0.019 1.000 -0.009
vn 0.019 1.000 -0.009
vn 0.007 1.000 0.001
vn 0.007 1.000 0.001
vn 0.007 1.000 0.001
vn 0.007 1.000 0.001
vn 0.019 0.999 0.038
vn 0.019 0.999 0.038
vn 0.019 0.999 0.038
vn 0.019 0.999 0.038
vn 0.041 0.999 0.018
vn 0.041 0.999 0.018
vn 0.041 0.999 0.018
vn 0.041 0.999 0.018
vn 0.030 0.999 0.028
vn 0.030 0.999 0.028
vn 0.030 0.999 0.028
vn 0.030 0.999 0.028
vn -0.004 1.000 -0.009
vn -0.004 1.000 -0.009
vn -0.004 1.000 -0.009
vn -0.004 1.000 -0.009
vn 0.019 1.000 0.011
vn 0.019 1.000 0.011
vn 0.019 1.000 0.011
vn 0.019 1.000 0.011
vn 0.007 1.000 0.001
vn 0.007 1.000 0.001
vn 0.007 1.000 0.001
vn 0.007 1.000 0.001
vn -0.048 0.998 0.039
vn -0.048 0.998 0.039
vn -0.048 0.998 0.039
vn -0.048 0.998 0.039
vn -0.024 0.998 0.059
vn -0.024 0.998 0.059
vn -0.024 0.998 0.059
vn -0.024 0.998 0.059
vn -0.036 0.998 0.049
vn -0.036 0.998 0.049
vn -0.036 0.998 0.049
vn -0.036 0.998 0.049
vn 0.011 1.000 -0.014
vn 0.011 1.000 -0.014
vn 0.011 1.000 -0.014
vn 0.011 1.000 -0.014
vn 0.004 1.000 0.016
vn 0.004 1.000 0.016
vn 0.004 1.000 0.016
vn 0.004 1.000 0.016
vn 0.007 1.000 0.001
vn 0.007 1.000 0.001
vn 0.007 1.000 0.001
vn 0.007 1.000 0.001
vn -0.049 0.998 -0.027
vn -0.049 0.998 -0.027
vn -0.049 0.998 -0.027
vn -0.049 0.998 -0.027
vn -0.056 0.998 0.002
vn -0.056 0.998 0.002
vn -0.056 0.998 0.002
vn -0.056 0.998 0.002
vn -0.052 0.999 -0.013
vn -0.052 0.999 -0.013
vn -0.052 0.999 -0.013
vn -0.052 0.999 -0.013
vn -0.079 0.996 -0.034
vn -0.079 0.996 -0.034
vn -0.079 0.996 -0.034
vn -0.079 0.996 -0.034
vn -0.085 0.996 -0.005
vn -0.085 0.996 -0.005
vn -0.085 0.996 -0.005
vn -0.085 0.996 -0.005
vn -0.082 0.996 -0.019
vn -0.082 0.996 -0.019
vn -0.082 0.996 -0.019
vn -0.082 0.996 -0.019
vn 0.038 0.999 -0.008
vn 0.038 0.999 -0.008
vn 0.038 0.999 -0.008
vn 0.038 0.999 -0.008
vn 0.022 0.999 -0.030
vn 0.022 0.999 -0.030
vn 0.022 0.999 -0.030
vn 0.022 0.999 -0.030
vn 0.030 0.999 -0.019
vn 0.030 0.999 -0.019
vn 0.030 0.999 -0.019
vn 0.030 0.999 -0.019
vn 0.000 1.000 0.012
vn 0.000 1.000 0.012
vn 0.000 1.000 0.012
vn 0.000 1.000 0.012
vn 0.013 1.000 -0.013
vn 0.013 1.000 -0.013
vn 0.013 1.000 -0.013
vn 0.013 1.000 -0.013
vn 0.006 1.000 -0.000
vn 0.006 1.000 -0.000
vn 0.006 1.000 -0.000
vn 0.006 1.000 -0.000
vn 0.026 0.999 0.025
vn 0.026 0.999 0.025
vn 0.026 0.999 0.025
vn 0.026 0.999 0.025
vn 0.040 0.999 0.001
vn 0.040 0.999 0.001
vn 0.040 0.999 0.001
vn 0.040 0.999 0.001
vn 0.033 0.999 0.013
vn 0.033 0.999 0.013
vn 0.033 0.999 0.013
vn 0.033 0.999 0.013
vn -0.034 0.999 0.032
vn -0.034 0.999 0.032
vn -0.034 0.999 0.032
vn -0.034 0.999 0.032
vn -0.011 0.999 0.047
vn -0.011 0.999 0.047
vn -0.011 0.999 0.047
vn -0.011 0.999 0.047
vn -0.023 0.999 0.039
vn -0.023 0.999 0.039
vn -0.023 0.999 0.039
vn -0.023 0.999 0.039
vn 0.006 1.000 -0.014
vn 0.006 1.000 -0.014
vn 0.006 1.000 -0.014
vn 0.006 1.000 -0.014
vn 0.007 1.000 0.013
vn 0.007 1.000 0.013
vn 0.007 1.000 0.013
vn 0.007 1.000 0.013
vn 0.006 1.000 -0.000
vn 0.006 1.000 -0.000
vn 0.006 1.000 -0.000
vn 0.006 1.000 -0.000
vn -0.050 0.999 -0.012
vn -0.050 0.999 -0.012
vn -0.050 0.999 -0.012
vn -0.050 0.999 -0.012
vn -0.049 0.999 0.016
vn -0.049 0.999 0.016
vn -0.049 0.999 0.016
vn -0.049 0.999 0.016
vn -0.049 0.999 0.002
vn -0.049 0.999 0.002
vn -0.049 0.999 0.002
vn -0.049 0.999 0.002
vn 0.020 1.000 -0.001
vn 0.020 1.000 -0.001
vn 0.020 1.000 -0.001
vn 0.020 1.000 -0.001
vn -0.007 1.000 0.000
vn -0.007 1.000 0.000
vn -0.007 1.000 0.000
vn -0.007 1.000 0.000
vn 0.006 1.000 -0.000
vn 0.006 1.000 -0.000
vn 0.006 1.000 -0.000
vn 0.006 1.000 -0.000
vn -0.000 1.000 0.007
vn -0.000 1.000 0.007
vn -0.000 1.000 0.007
vn -0.000 1.000 0.007
vn 0.016 1.000 -0.012
vn 0.016 1.000 -0.012
vn 0.016 1.000 -0.012
vn 0.016 1.000 -0.012
vn 0.008 1.000 -0.003
vn 0.008 1.000 -0.003
vn 0.008 1.000 -0.003
vn 0.008 1.000 -0.003
vn 0.039 0.999 0.038
vn 0.039 0.999 0.038
vn 0.039 0.999 0.038
vn 0.039 0.999 0.038
vn 0.056 0.998 0.020
vn 0.056 0.998 0.020
vn 0.056 0.998 0.020
vn 0.056 0.998 0.020
vn 0.047 0.998 0.029
vn 0.047 0.998 0.029
vn 0.047 0.998 0.029
vn 0.047 0.998 0.029
vn -0.004 1.000 -0.008
vn -0.004 1.000 -0.008
vn -0.004 1.000 -0.008
vn -0.004 1.000 -0.008
vn 0.020 1.000 0.002
vn 0.020 1.000 0.002
vn 0.020 1.000 0.002
vn 0.020 1.000 0.002
vn 0.008 1.000 -0.003
vn 0.008 1.000 -0.003
vn 0.008 1.000 -0.003
vn 0.008 1.000 -0.003
vn -0.025 0.999 0.038
vn -0.025 0.999 0.038
vn -0.025 0.999 0.038
vn -0.025 0.999 0.038
vn -0.002 0.999 0.049
vn -0.002 0.999 0.049
vn -0.002 0.999 0.049
vn -0.002 0.999 0.049
vn -0.013 0.999 0.043
vn -0.013 0.999 0.043
vn -0.013 0.999 0.043
vn -0.013 0.999 0.043
vn -0.043 0.999 -0.019
vn -0.043 0.999 -0.019
vn -0.043 0.999 -0.019
vn -0.043 0.999 -0.019
vn -0.043 0.999 0.007
vn -0.043 0.999 0.007
vn -0.043 0.999 0.007
vn -0.043 0.999 0.007
vn -0.043 0.999 -0.006
vn -0.043 0.999 -0.006
vn -0.043 0.999 -0.006
vn -0.043 0.999 -0.006
vn -0.069 0.997 -0.019
vn -0.069 0.997 -0.019
vn -0.069 0.997 -0.019
vn -0.069 0.997 -0.019
vn -0.069 0.998 0.006
vn -0.069 0.998 0.006
vn -0.069 0.998 0.006
vn -0.069 0.998 0.006
vn -0.069 0.998 -0.006
vn -0.069 0.998 -0.006
vn -0.069 0.998 -0.006
vn -0.069 0.998 -0.006
vn -0.009 0.999 -0.052
vn -0.009 0.999 -0.052
vn -0.009 0.999 -0.052
vn -0.009 0.999 -0.052
vn -0.030 0.999 -0.037
vn -0.030 0.999 -0.037
vn -0.030 0.999 -0.037
vn -0.030 0.999 -0.037
vn -0.020 0.999 -0.044
vn -0.020 0.999 -0.044
vn -0.020 0.999 -0.044
vn -0.020 0.999 -0.044
vn 0.057 0.998 -0.013
vn 0.057 0.998 -0.013
vn 0.057 0.998 -0.013
vn 0.057 0.998 -0.013
vn 0.046 0.998 -0.036
vn 0.046 0.998 -0.036
vn 0.046 0.998 -0.036
vn 0.046 0.998 -0.036
vn 0.051 0.998 -0.025
vn 0.051 0.998 -0.025
vn 0.051 0.998 -0.025
vn 0.051 0.998 -0.025
vn -0.030 0.999 -0.016
vn -0.030 0.999 -0.016
vn -0.030 0.999 -0.016
vn -0.030 0.999 -0.016
vn -0.032 0.999 0.007
vn -0.032 0.999 0.007
vn -0.032 0.999 0.007
vn -0.032 0.999 0.007
vn -0.031 1.000 -0.005
vn -0.031 1.000 -0.005
vn -0.031 1.000 -0.005
vn -0.031 1.000 -0.005
vn 0.020 1.000 -0.004
vn 0.020 1.000 -0.004
vn 0.020 1.000 -0.004
vn 0.020 1.000 -0.004
vn -0.003 1.000 -0.000
vn -0.003 1.000 -0.000
vn -0.003 1.000 -0.000
vn -0.003 1.000 -0.000
vn 0.009 1.000 -0.002
vn 0.009 1.000 -0.002
vn 0.009 1.000 -0.002
vn 0.009 1.000 -0.002
vn 0.008 0.998 -0.061
vn 0.008 0.998 -0.061
vn 0.008 0.998 -0.061
vn 0.008 0.998 -0.061
vn -0.015 0.998 -0.058
vn -0.015 0.998 -0.058
vn -0.015 0.998 -0.058
vn -0.015 0.998 -0.058
vn -0.003 0.998 -0.059
vn -0.003 0.998 -0.059
vn -0.003 0.998 -0.059
vn -0.003 0.998 -0.059
vn 0.019 0.999 0.031
vn 0.019 0.999 0.031
vn 0.019 0.999 0.031
vn 0.019 0.999 0.031
vn 0.037 0.999 0.017
vn 0.037 0.999 0.017
vn 0.037 0.999 0.017
vn 0.037 0.999 0.017
vn 0.028 0.999 0.024
vn 0.028 0.999 0.024
vn 0.028 0.999 0.024
vn 0.028 0.999 0.024
vn -0.001 1.000 -0.008
vn -0.001 1.000 -0.008
vn -0.001 1.000 -0.008
vn -0.001 1.000 -0.008
vn 0.019 1.000 0.004
vn 0.019 1.000 0.004
vn 0.019 1.000 0.004
vn 0.019 1.000 0.004
vn 0.009 1.000 -0.002
vn 0.009 1.000 -0.002
vn 0.009 1.000 -0.002
vn 0.009 1.000 -0.002
vn 0.019 0.999 -0.029
vn 0.019 0.999 -0.029
vn 0.019 0.999 -0.029
vn 0.019 0.999 -0.029
vn -0.003 1.000 -0.027
vn -0.003 1.000 -0.027
vn -0.003 1.000 -0.027
vn -0.003 1.000 -0.027
vn 0.008 1.000 -0.028
vn 0.008 1.000 -0.028
vn 0.008 1.000 -0.028
vn 0.008 1.000 -0.028
vn 0.012 1.000 0.010
vn 0.012 1.000 0.010
vn 0.012 1.000 0.010
vn 0.012 1.000 0.010
vn 0.005 1.000 -0.011
vn 0.005 1.000 -0.011
vn 0.005 1.000 -0.011
vn 0.005 1.000 -0.011
vn 0.009 1.000 -0.001
vn 0.009 1.000 -0.001
vn 0.009 1.000 -0.001
vn 0.009 1.000 -0.001
vn -0.000 1.000 0.005
vn -0.000 1.000 0.005
vn -0.000 1.000 0.005
vn -0.000 1.000 0.005
vn 0.018 1.000 -0.007
vn 0.018 1.000 -0.007
vn 0.018 1.000 -0.007
vn 0.018 1.000 -0.007
vn 0.009 1.000 -0.001
vn 0.009 1.000 -0.001
vn 0.009 1.000 -0.001
vn 0.009 1.000 -0.001
vn 0.028 0.999 0.044
vn 0.028 0.999 0.044
vn 0.028 0.999 0.044
vn 0.028 0.999 0.044
vn 0.046 0.998 0.031
vn 0.046 0.998 0.031
vn 0.046 0.998 0.031
vn 0.046 0.998 0.031
vn 0.037 0.999 0.037
vn 0.037 0.999 0.037
vn 0.037 0.999 0.037
vn 0.037 0.999 0.037
vn -0.001 1.000 -0.006
vn -0.001 1.000 -0.006
vn -0.001 1.000 -0.006
vn -0.001 1.000 -0.006
vn 0.018 1.000 0.004
vn 0.018 1.000 0.004
vn 0.018 1.000 0.004
vn 0.018 1.000 0.004
vn 0.009 1.000 -0.001
vn 0.009 1.000 -0.001
vn 0.009 1.000 -0.001
vn 0.009 1.000 -0.001
vn -0.014 1.000 0.018
vn -0.014 1.000 0.018
vn -0.014 1.000 0.018
vn -0.014 1.000 0.018
vn 0.005 1.000 0.028
vn 0.005 1.000 0.028
vn 0.005 1.000 0.028
vn 0.005 1.000 0.028
vn -0.005 1.000 0.023
vn -0.005 1.000 0.023
vn -0.005 1.000 0.023
vn -0.005 1.000 0.023
vn -0.021 0.999 0.031
vn -0.021 0.999 0.031
vn -0.021 0.999 0.031
vn -0.021 0.999 0.031
vn -0.001 0.999 0.039
vn -0.001 0.999 0.039
vn -0.001 0.999 0.039
vn -0.001 0.999 0.039
vn -0.011 0.999 0.035
vn -0.011 0.999 0.035
vn -0.011 0.999 0.035
vn -0.011 0.999 0.035
vn -0.012 1.000 -0.024
vn -0.012 1.000 -0.024
vn -0.012 1.000 -0.024
vn -0.012 1.000 -0.024
vn -0.021 1.000 -0.004
vn -0.021 1.000 -0.004
vn -0.021 1.000 -0.004
vn -0.021 1.000 -0.004
vn -0.017 1.000 -0.014
vn -0.017 1.000 -0.014
vn -0.017 1.000 -0.014
vn -0.017 1.000 -0.014
vn 0.016 1.000 -0.008
vn 0.016 1.000 -0.008
vn 0.016 1.000 -0.008
vn 0.016 1.000 -0.008
vn 0.001 1.000 0.006
vn 0.001 1.000 0.006
vn 0.001 1.000 0.006
vn 0.001 1.000 0.006
vn 0.008 1.000 -0.001
vn 0.008 1.000 -0.001
vn 0.008 1.000 -0.001
vn 0.008 1.000 -0.001
vn 0.001 1.000 -0.025
vn 0.001 1.000 -0.025
vn 0.001 1.000 -0.025
vn 0.001 1.000 -0.025
vn -0.015 1.000 -0.012
vn -0.015 1.000 -0.012
vn -0.015 1.000 -0.012
vn -0.015 1.000 -0.012
vn -0.007 1.000 -0.018
vn -0.007 1.000 -0.018
vn -0.007 1.000 -0.018
vn -0.007 1.000 -0.018
vn -0.006 0.999 -0.034
vn -0.006 0.999 -0.034
vn -0.006 0.999 -0.034
vn -0.006 0.999 -0.034
vn -0.022 1.000 -0.021
vn -0.022 1.000 -0.021
vn -0.022 1.000 -0.021
vn -0.022 1.000 -0.021
vn -0.014 1.000 -0.027
vn -0.014 1.000 -0.027
vn -0.014 1.000 -0.027
vn -0.014 1.000 -0.027
vn 0.029 0.999 -0.013
vn 0.029 0.999 -0.013
vn 0.029 0.999 -0.013
vn 0.029 0.999 -0.013
vn 0.013 1.000 -0.025
vn 0.013 1.000 -0.025
vn 0.013 1.000 -0.025
vn 0.013 1.000 -0.025
vn 0.021 1.000 -0.019
vn 0.021 1.000 -0.019
vn 0.021 1.000 -0.019
vn 0.021 1.000 -0.019
vn 0.036 0.999 -0.022
vn 0.036 0.999 -0.022
vn 0.036 0.999 -0.022
vn 0.036 0.999 -0.022
vn 0.019 0.999 -0.034
vn 0.019 0.999 -0.034
vn 0.019 0.999 -0.034
vn 0.019 0.999 -0.034
vn 0.027 0.999 -0.028
vn 0.027 0.999 -0.028
vn 0.027 0.999 -0.028
vn 0.027 0.999 -0.028
vn 0.024 0.999 0.021
vn 0.024 0.999 0.021
vn 0.024 0.999 0.021
vn 0.024 0.999 0.021
vn 0.035 0.999 0.004
vn 0.035 0.999 0.004
vn 0.035 0.999 0.004
vn 0.035 0.999 0.004
vn 0.030 0.999 0.012
vn 0.030 0.999 0.012
vn 0.030 0.999 0.012
vn 0.030 0.999 0.012
vn -0.002 1.000 -0.003
vn -0.002 1.000 -0.003
vn -0.002 1.000 -0.003
vn -0.002 1.000 -0.003
vn 0.018 1.000 0.001
vn 0.018 1.000 0.001
vn 0.018 1.000 0.001
vn 0.018 1.000 0.001
vn 0.008 1.000 -0.001
vn 0.008 1.000 -0.001
vn 0.008 1.000 -0.001
vn 0.008 1.000 -0.001
vn -0.008 1.000 0.028
vn -0.008 1.000 0.028
vn -0.008 1.000 0.028
vn -0.008 1.000 0.028
vn 0.012 0.999 0.032
vn 0.012 0.999 0.032
vn 0.012 0.999 0.032
vn 0.012 0.999 0.032
vn 0.002 1.000 0.030
vn 0.002 1.000 0.030
vn 0.002 1.000 0.030
vn 0.002 1.000 0.030
vn 0.005 1.000 -0.011
vn 0.005 1.000 -0.011
vn 0.005 1.000 -0.011
vn 0.005 1.000 -0.011
vn 0.011 1.000 0.008
vn 0.011 1.000 0.008
vn 0.011 1.000 0.008
vn 0.011 1.000 0.008
vn 0.008 1.000 -0.001
vn 0.008 1.000 -0.001
vn 0.008 1.000 -0.001
vn 0.008 1.000 -0.001
vn -0.018 1.000 -0.005
vn -0.018 1.000 -0.005
vn -0.018 1.000 -0.005
vn -0.018 1.000 -0.005
vn -0.014 1.000 0.016
vn -0.014 1.000 0.016
vn -0.014 1.000 0.016
vn -0.014 1.000 0.016
vn -0.016 1.000 0.005
vn -0.016 1.000 0.005
vn -0.016 1.000 0.005
vn -0.016 1.000 0.005
vn -0.031 1.000 -0.002
vn -0.031 1.000 -0.002
vn -0.031 1.000 -0.002
vn -0.031 1.000 -0.002
vn -0.025 1.000 0.018
vn -0.025 1.000 0.018
vn -0.025 1.000 0.018
vn -0.025 1.000 0.018
vn -0.028 1.000 0.008
vn -0.028 1.000 0.008
vn -0.028 1.000 0.008
vn -0.028 1.000 0.008
vn 0.008 1.000 0.011
vn 0.008 1.000 0.011
vn 0.008 1.000 0.011
vn 0.008 1.000 0.011
vn 0.019 1.000 -0.005
vn 0.019 1.000 -0.005
vn 0.019 1.000 -0.005
vn 0.019 1.000 -0.005
vn 0.014 1.000 0.003
vn 0.014 1.000 0.003
vn 0.014 1.000 0.003
vn 0.014 1.000 0.003
vn 0.022 1.000 0.019
vn 0.022 1.000 0.019
vn 0.022 1.000 0.019
vn 0.022 1.000 0.019
vn 0.032 0.999 0.003
vn 0.032 0.999 0.003
vn 0.032 0.999 0.003
vn 0.032 0.999 0.003
vn 0.027 1.000 0.011
vn 0.027 1.000 0.011
vn 0.027 1.000 0.011
vn 0.027 1.000 0.011
vn -0.010 1.000 0.018
vn -0.010 1.000 0.018
vn -0.010 1.000 0.018
vn -0.010 1.000 0.018
vn 0.008 1.000 0.024
vn 0.008 1.000 0.024
vn 0.008 1.000 0.024
vn 0.008 1.000 0.024
vn -0.001 1.000 0.021
vn -0.001 1.000 0.021
vn -0.001 1.000 0.021
vn -0.001 1.000 0.021
vn -0.020 1.000 -0.005
vn -0.020 1.000 -0.005
vn -0.020 1.000 -0.005
vn -0.020 1.000 -0.005
vn -0.016 1.000 0.014
vn -0.016 1.000 0.014
vn -0.016 1.000 0.014
vn -0.016 1.000 0.014
vn -0.018 1.000 0.005
vn -0.018 1.000 0.005
vn -0.018 1.000 0.005
vn -0.018 1.000 0.005
vn 0.006 1.000 -0.028
vn 0.006 1.000 -0.028
vn 0.006 1.000 -0.028
vn 0.006 1.000 -0.028
vn -0.012 1.000 -0.021
vn -0.012 1.000 -0.021
vn -0.012 1.000 -0.021
vn -0.012 1.000 -0.021
vn -0.003 1.000 -0.025
vn -0.003 1.000 -0.025
vn -0.003 1.000 -0.025
vn -0.003 1.000 -0.025
f 250/250/250 251/251/251 252/252/252
f 250/250/250 252/252/252 253/253/253
f 254/254/254 255/255/255 256/256/256
f 254/254/254 256/256/256 257/257/257
f 258/258/258 259/259/259 260/260/260
f 258/258/258 260/260/260 261/261/261
f 262/262/262 263/263/263 264/264/264
f 262/262/262 264/264/264 265/265/265
f 266/266/266 267/267/267 268/268/268
f 266/266/266 268/268/268 269/269/269
f 270/270/270 271/271/271 272/272/272
f 270/270/270 272/272/272 273/273/273
f 274/274/274 275/275/275 276/276/276
f 274/274/274 276/276/276 277/277/277
f 278/278/278 279/279/279 280/280/280
f 278/278/278 280/280/280 281/281/281
f 282/282/282 283/283/283 284/284/284
f 282/282/282 284/284/284 285/285/285
f 286/286/286 287/287/287 288/288/288
f 286/286/286 288/288/288 289/289/289
f 290/290/290 291/291/291 292/292/292
f 290/290/290 292/292/292 293/293/293
f 294/294/294 295/295/295 296/296/296
f 294/294/294 296/296/296 297/297/297
f 298/298/298 299/299/299 300/300/300
f 298/298/298 300/300/300 301/301/301
f 302/302/302 303/303/303 304/304/304
f 302/302/302 304/304/304 305/305/305
f 306/306/306 307/307/307 308/308/308
f 306/306/306 308/308/308 309/309/309
f 310/310/310 311/311/311 312/312/312
f 310/310/310 312/312/312 313/313/313
f 314/314/314 315/315/315 316/316/316
f 314/314/314 316/316/316 317/317/317
f 318/318/318 319/319/319 320/320/320
f 318/318/318 320/320/320 321/321/321
f 322/322/322 323/323/323 324/324/324
f 322/322/322 324/324/324 325/325/325
f 326/326/326 327/327/327 328/328/328
f 326/326/326 328/328/328 329/329/329
f 330/330/330 331/331/331 332/332/332
f 330/330/330 332/332/332 333/333/333
f 334/334/334 335/335/335 336/336/336
f 334/334/334 336/336/336 337/337/337
f 338/338/338 339/339/339 340/340/340
f 338/338/338 340/340/340 341/341/341
f 342/342/342 343/343/343 344/344/344
f 342/342/342 344/344/344 345/345/345
f 346/346/346 347/347/347 348/348/348
f 346/346/346 348/348/348 349/349/349
f 350/350/350 351/351/351 352/352/352
f 350/350/350 352/352/352 353/353/353
f 354/354/354 355/355/355 356/356/356
f 354/354/354 356/356/356 357/357/357
f 358/358/358 359/359/359 360/360/360
f 358/358/358 360/360/360 361/361/361
f 362/362/362 363/363/363 364/364/364
f 362/362/362 364/364/364 365/365/365
f 366/366/366 367/367/367 368/368/368
f 366/366/366 368/368/368 369/369/369
f 370/370/370 371/371/371 372/372/372
f 370/370/370 372/372/372 373/373/373
f 374/374/374 375/375/375 376/376/376
f 374/374/374 376/376/376 377/377/377
f 378/378/378 379/379/379 380/380/380
f 378/378/378 380/380/380 381/381/381
f 382/382/382 383/383/383 384/384/384
f 382/382/382 384/384/384 385/385/385
f 386/386/386 387/387/387 388/388/388
f 386/386/386 388/388/388 389/389/389
f 390/390/390 391/391/391 392/392/392
f 390/390/390 392/392/392 393/393/393
f 394/394/394 395/395/395 396/396/396
f 394/394/394 396/396/396 397/397/397
f 398/398/398 399/399/399 400/400/400
f 398/398/398 400/400/400 401/401/401
f 402/402/402 403/403/403 404/404/404
f 402/402/402 404/404/404 405/405/405
f 406/406/406 407/407/407 408/408/408
f 406/406/406 408/408/408 409/409/409
f 410/410/410 411/411/411 412/412/412
f 410/410/410 412/412/412 413/413/413
f 414/414/414 415/415/415 416/416/416
f 414/414/414 416/416/416 417/417/417
f 418/418/418 419/419/419 420/420/420
f 418/418/418 420/420/420 421/421/421
f 422/422/422 423/423/423 424/424/424
f 422/422/422 424/424/424 425/425/425
f 426/426/426 427/427/427 428/428/428
f 426/426/426 428/428/428 429/429/429
f 430/430/430 431/431/431 432/432/432
f 430/430/430 432/432/432 433/433/433
f 434/434/434 435/435/435 436/436/436
f 434/434/434 436/436/436 437/437/437
f 438/438/438 439/439/439 440/440/440
f 438/438/438 440/440/440 441/441/441
f 442/442/442 443/443/443 444/444/444
f 442/442/442 444/444/444 445/445/445
f 446/446/446 447/447/447 448/448/448
f 446/446/446 448/448/448 449/449/449
f 450/450/450 451/451/451 452/452/452
f 450/450/450 452/452/452 453/453/453
f 454/454/454 455/455/455 456/456/456
f 454/454/454 456/456/456 457/457/457
f 458/458/458 459/459/459 460/460/460
f 458/458/458 460/460/460 461/461/461
f 462/462/462 463/463/463 464/464/464
f 462/462/462 464/464/464 465/465/465
f 466/466/466 467/467/467 468/468/468
f 466/466/466 468/468/468 469/469/469
f 470/470/470 471/471/471 472/472/472
f 470/470/470 472/472/472 473/473/473
f 474/474/474 475/475/475 476/476/476
f 474/474/474 476/476/476 477/477/477
f 478/478/478 479/479/479 480/480/480
f 478/478/478 480/480/480 481/481/481
f 482/482/482 483/483/483 484/484/484
f 482/482/482 484/484/484 485/485/485
f 486/486/486 487/487/487 488/488/488
f 486/486/486 488/488/488 489/489/489
f 490/490/490 491/491/491 492/492/492
f 490/490/490 492/492/492 493/493/493
f 494/494/494 495/495/495 496/496/496
f 494/494/494 496/496/496 497/497/497
f 498/498/498 499/499/499 500/500/500
f 498/498/498 500/500/500 501/501/501
f 502/502/502 503/503/503 504/504/504
f 502/502/502 504/504/504 505/505/505
f 506/506/506 507/507/507 508/508/508
f 506/506/506 508/508/508 509/509/509
f 510/510/510 511/511/511 512/512/512
f 510/510/510 512/512/512 513/513/513
f 514/514/514 515/515/515 516/516/516
f 514/514/514 516/516/516 517/517/517
f 518/518/518 519/519/519 520/520/520
f 518/518/518 520/520/520 521/521/521
f 522/522/522 523/523/523 524/524/524
f 522/522/522 524/524/524 525/525/525
f 526/526/526 527/527/527 528/528/528
f 526/526/526 528/528/528 529/529/529
f 530/530/530 531/531/531 532/532/532
f 530/530/530 532/532/532 533/533/533
f 534/534/534 535/535/535 536/536/536
f 534/534/534 536/536/536 537/537/537
f 538/538/538 539/539/539 540/540/540
f 538/538/538 540/540/540 541/541/541
f 542/542/542 543/543/543 544/544/544
f 542/542/542 544/544/544 545/545/545
f 546/546/546 547/547/547 548/548/548
f 546/546/546 548/548/548 549/549/549
f 550/550/550 551/551/551 552/552/552
f 550/550/550 552/552/552 553/553/553
f 554/554/554 555/555/555 556/556/556
f 554/554/554 556/556/556 557/557/557
f 558/558/558 559/559/559 560/560/560
f 558/558/558 560/560/560 561/561/561
f 562/562/562 563/563/563 564/564/564
f 562/562/562 564/564/564 565/565/565
f 566/566/566 567/567/567 568/568/568
f 566/566/566 568/568/568 569/569/569
f 570/570/570 571/571/571 572/572/572
f 570/570/570 572/572/572 573/573/573
f 574/574/574 575/575/575 576/576/576
f 574/574/574 576/576/576 577/577/577
f 578/578/578 579/579/579 580/580/580
f 578/578/578 580/580/580 581/581/581
f 582/582/582 583/583/583 584/584/584
f 582/582/582 584/584/584 585/585/585
f 586/586/586 587/587/587 588/588/588
f 586/586/586 588/588/588 589/589/589
f 590/590/590 591/591/591 592/592/592
f 590/590/590 592/592/592 593/593/593
f 594/594/594 595/595/595 596/596/596
f 594/594/594 596/596/596 597/597/597
f 598/598/598 599/599/599 600/600/600
f 598/598/598 600/600/600 601/601/601
f 602/602/602 603/603/603 604/604/604
f 602/602/602 604/604/604 605/605/605
f 606/606/606 607/607/607 608/608/608
f 606/606/606 608/608/608 609/609/609
f 610/610/610 611/611/611 612/612/612
f 610/610/610 612/612/612 613/613/613
f 614/614/614 615/615/615 616/616/616
f 614/614/614 616/616/616 617/617/617
f 618/618/618 619/619/619 620/620/620
f 618/618/618 620/620/620 621/621/621
f 622/622/622 623/623/623 624/624/624
f 622/622/622 624/624/624 625/625/625
f 626/626/626 627/627/627 628/628/628
f 626/626/626 628/628/628 629/629/629
f 630/630/630 631/631/631 632/632/632
f 630/630/630 632/632/632 633/633/633
f 634/634/634 635/635/635 636/636/636
f 634/634/634 636/636/636 637/637/637
f 638/638/638 639/639/639 640/640/640
f 638/638/638 640/640/640 641/641/641
f 642/642/642 643/643/643 644/644/644
f 642/642/642 644/644/644 645/645/645
f 646/646/646 647/647/647 648/648/648
f 646/646/646 648/648/648 649/649/649
f 650/650/650 651/651/651 652/652/652
f 650/650/650 652/652/652 653/653/653
f 654/654/654 655/655/655 656/656/656
f 654/654/654 656/656/656 657/657/657
f 658/658/658 659/659/659 660/660/660
f 658/658/658 660/660/660 661/661/661
f 662/662/662 663/663/663 664/664/664
f 662/662/662 664/664/664 665/665/665
f 666/666/666 667/667/667 668/668/668
f 666/666/666 668/668/668 669/669/669
f 670/670/670 671/671/671 672/672/672
f 670/670/670 672/672/672 673/673/673
f 674/674/674 675/675/675 676/676/676
f 674/674/674 676/676/676 677/677/677
f 678/678/678 679/679/679 680/680/680
f 678/678/678 680/680/680 681/681/681
f 682/682/682 683/683/683 684/684/684
f 682/682/682 684/684/684 685/685/685
f 686/686/686 687/687/687 688/688/688
f 686/686/686 688/688/688 689/689/689
f 690/690/690 691/691/691 692/692/692
f 690/690/690 692/692/692 693/693/693
f 694/694/694 695/695/695 696/696/696
f 694/694/694 696/696/696 697/697/697
f 698/698/698 699/699/699 700/700/700
f 698/698/698 700/700/700 701/701/701
f 702/702/702 703/703/703 704/704/704
f 702/702/702 704/704/704 705/705/705
f 706/706/706 707/707/707 708/708/708
f 706/706/706 708/708/708 709/709/709
f 710/710/710 711/711/711 712/712/712
f 710/710/710 712/712/712 713/713/713
f 714/714/714 715/715/715 716/716/716
f 714/714/714 716/716/716 717/717/717
f 718/718/718 719/719/719 720/720/720
f 718/718/718 720/720/720 721/721/721
f 722/722/722 723/723/723 724/724/724
f 722/722/722 724/724/724 725/725/725
f 726/726/726 727/727/727 728/728/728
f 726/726/726 728/728/728 729/729/729
f 730/730/730 731/731/731 732/732/732
f 730/730/730 732/732/732 733/733/733
f 734/734/734 735/735/735 736/736/736
f 734/734/734 736/736/736 737/737/737
f 738/738/738 739/739/739 740/740/740
f 738/738/738 740/740/740 741/741/741
f 742/742/742 743/743/743 744/744/744
f 742/742/742 744/744/744 745/745/745
f 746/746/746 747/747/747 748/748/748
f 746/746/746 748/748/748 749/749/749
f 750/750/750 751/751/751 752/752/752
f 750/750/750 752/752/752 753/753/753
f 754/754/754 755/755/755 756/756/756
f 754/754/754 756/756/756 757/757/757
f 758/758/758 759/759/759 760/760/760
f 758/758/758 760/760/760 761/761/761
f 762/762/762 763/763/763 764/764/764
f 762/762/762 764/764/764 765/765/765
f 766/766/766 767/767/767 768/768/768
f 766/766/766 768/768/768 769/769/769
f 770/770/770 771/771/771 772/772/772
f 770/770/770 772/772/772 773/773/773
f 774/774/774 775/775/775 776/776/776
f 774/774/774 776/776/776 777/777/777
f 778/778/778 779/779/779 780/780/780
f 778/778/778 780/780/780 781/781/781
f 782/782/782 783/783/783 784/784/784
f 782/782/782 784/784/784 785/785/785
f 786/786/786 787/787/787 788/788/788
f 786/786/786 788/788/788 789/789/789
f 790/790/790 791/791/791 792/792/792
f 790/790/790 792/792/792 793/793/793
f 794/794/794 795/795/795 796/796/796
f 794/794/794 796/796/796 797/797/797
f 798/798/798 799/799/799 800/800/800
f 798/798/798 800/800/800 801/801/801
f 802/802/802 803/803/803 804/804/804
f 802/802/802 804/804/804 805/805/805
f 806/806/806 807/807/807 808/808/808
f 806/806/806 808/808/808 809/809/809
f 810/810/810 811/811/811 812/812/812
f 810/810/810 812/812/812 813/813/813
f 814/814/814 815/815/815 816/816/816
f 814/814/814 816/816/816 817/817/817
f 818/818/818 819/819/819 820/820/820
f 818/818/818 820/820/820 821/821/821
f 822/822/822 823/823/823 824/824/824
f 822/822/822 824/824/824 825/825/825
f 826/826/826 827/827/827 828/828/828
f 826/826/826 828/828/828 829/829/829
f 830/830/830 831/831/831 832/832/832
f 830/830/830 832/832/832 833/833/833
f 834/834/834 835/835/835 836/836/836
f 834/834/834 836/836/836 837/837/837
f 838/838/838 839/839/839 840/840/840
f 838/838/838 840/840/840 841/841/841
f 842/842/842 843/843/843 844/844/844
f 842/842/842 844/844/844 845/845/845
f 846/846/846 847/847/847 848/848/848
f 846/846/846 848/848/848 849/849/849
f 850/850/850 851/851/851 852/852/852
f 850/850/850 852/852/852 853/853/853
f 854/854/854 855/855/855 856/856/856
f 854/854/854 856/856/856 857/857/857
f 858/858/858 859/859/859 860/860/860
f 858/858/858 860/860/860 861/861/861
f 862/862/862 863/863/863 864/864/864
f 862/862/862 864/864/864 865/865/865
f 866/866/866 867/867/867 868/868/868
f 866/866/866 868/868/868 869/869/869
f 870/870/870 871/871/871 872/872/872
f 870/870/870 872/872/872 873/873/873
f 874/874/874 875/875/875 876/876/876
f 874/874/874 876/876/876 877/877/877
f 878/878/878 879/879/879 880/880/880
f 878/878/878 880/880/880 881/881/881
f 882/882/882 883/883/883 884/884/884
f 882/882/882 884/884/884 885/885/885
f 886/886/886 887/887/887 888/888/888
f 886/886/886 888/888/888 889/889/889
f 890/890/890 891/891/891 892/892/892
f 890/890/890 892/892/892 893/893/893
f 894/894/894 895/895/895 896/896/896
f 894/894/894 896/896/896 897/897/897
f 898/898/898 899/899/899 900/900/900
f 898/898/898 900/900/900 901/901/901
f 902/902/902 903/903/903 904/904/904
f 902/902/902 904/904/904 905/905/905
f 906/906/906 907/907/907 908/908/908
f 906/906/906 908/908/908 909/909/909
f 910/910/910 911/911/911 912/912/912
f 910/910/910 912/912/912 913/913/913
f 914/914/914 915/915/915 916/916/916
f 914/914/914 916/916/916 917/917/917
f 918/918/918 919/919/919 920/920/920
f 918/918/918 920/920/920 921/921/921
f 922/922/922 923/923/923 924/924/924
f 922/922/922 924/924/924 925/925/925
f 926/926/926 927/927/927 928/928/928
f 926/926/926 928/928/928 929/929/929
f 930/930/930 931/931/931 932/932/932
f 930/930/930 932/932/932 933/933/933
f 934/934/934 935/935/935 936/936/936
f 934/934/934 936/936/936 937/937/937
f 938/938/938 939/939/939 940/940/940
f 938/938/938 940/940/940 941/941/941
f 942/942/942 943/943/943 944/944/944
f 942/942/942 944/944/944 945/945/945
f 946/946/946 947/947/947 948/948/948
f 946/946/946 948/948/948 949/949/949
f 950/950/950 951/951/951 952/952/952
f 950/950/950 952/952/952 953/953/953
f 954/954/954 955/955/955 956/956/956
f 954/954/954 956/956/956 957/957/957
f 958/958/958 959/959/959 960/960/960
f 958/958/958 960/960/960 961/961/961
f 962/962/962 963/963/963 964/964/964
f 962/962/962 964/964/964 965/965/965
f 966/966/966 967/967/967 968/968/968
f 966/966/966 968/968/968 969/969/969
f 970/970/970 971/971/971 972/972/972
f 970/970/970 972/972/972 973/973/973
f 974/974/974 975/975/975 976/976/976
f 974/974/974 976/976/976 977/977/977
f 978/978/978 979/979/979 980/980/980
f 978/978/978 980/980/980 981/981/981
f 982/982/982 983/983/983 984/984/984
f 982/982/982 984/984/984 985/985/985
f 986/986/986 987/987/987 988/988/988
f 986/986/986 988/988/988 989/989/989
f 990/990/990 991/991/991 992/992/992
f 990/990/990 992/992/992 993/993/993
f 994/994/994 995/995/995 996/996/996
f 994/994/994 996/996/996 997/997/997
f 998/998/998 999/999/999 1000/1000/1000
f 998/998/998 1000/1000/1000 1001/1001/1001
f 1002/1002/1002 1003/1003/1003 1004/1004/1004
f 1002/1002/1002 1004/1004/1004 1005/1005/1005
f 1006/1006/1006 1007/1007/1007 1008/1008/1008
f 1006/1006/1006 1008/1008/1008 1009/1009/1009
f 1010/1010/1010 1011/1011/1011 1012/1012/1012
f 1010/1010/1010 1012/1012/1012 1013/1013/1013
f 1014/1014/1014 1015/1015/1015 1016/1016/1016
f 1014/1014/1014 1016/1016/1016 1017/1017/1017
f 1018/1018/1018 1019/1019/1019 1020/1020/1020
f 1018/1018/1018 1020/1020/1020 1021/1021/1021
f 1022/1022/1022 1023/1023/1023 1024/1024/1024
f 1022/1022/1022 1024/1024/1024 1025/1025/1025
f 1026/1026/1026 1027/1027/1027 1028/1028/1028
f 1026/1026/1026 1028/1028/1028 1029/1029/1029
f 1030/1030/1030 1031/1031/1031 1032/1032/1032
f 1030/1030/1030 1032/1032/1032 1033/1033/1033
f 1034/1034/1034 1035/1035/1035 1036/1036/1036
f 1034/1034/1034 1036/1036/1036 1037/1037/1037
f 1038/1038/1038 1039/1039/1039 1040/1040/1040
f 1038/1038/1038 1040/1040/1040 1041/1041/1041
f 1042/1042/1042 1043/1043/1043 1044/1044/1044
f 1042/1042/1042 1044/1044/1044 1045/1045/1045
f 1046/1046/1046 1047/1047/1047 1048/1048/1048
f 1046/1046/1046 1048/1048/1048 1049/1049/1049
f 1050/1050/1050 1051/1051/1051 1052/1052/1052
f 1050/1050/1050 1052/1052/1052 1053/1053/1053
f 1054/1054/1054 1055/1055/1055 1056/1056/1056
f 1054/1054/1054 1056/1056/1056 1057/1057/1057
f 1058/1058/1058 1059/1059/1059 1060/1060/1060
f 1058/1058/1058 1060/1060/1060 1061/1061/1061
f 1062/1062/1062 1063/1063/1063 1064/1064/1064
f 1062/1062/1062 1064/1064/1064 1065/1065/1065
f 1066/1066/1066 1067/1067/1067 1068/1068/1068
f 1066/1066/1066 1068/1068/1068 1069/1069/1069
f 1070/1070/1070 1071/1071/1071 1072/1072/1072
f 1070/1070/1070 1072/1072/1072 1073/1073/1073
f 1074/1074/1074 1075/1075/1075 1076/1076/1076
f 1074/1074/1074 1076/1076/1076 1077/1077/1077
f 1078/1078/1078 1079/1079/1079 1080/1080/1080
f 1078/1078/1078 1080/1080/1080 1081/1081/1081
f 1082/1082/1082 1083/1083/1083 1084/1084/1084
f 1082/1082/1082 1084/1084/1084 1085/1085/1085
f 1086/1086/1086 1087/1087/1087 1088/1088/1088
f 1086/1086/1086 1088/1088/1088 1089/1089/1089
f 1090/1090/1090 1091/1091/1091 1092/1092/1092
f 1090/1090/1090 1092/1092/1092 1093/1093/1093
f 1094/1094/1094 1095/1095/1095 1096/1096/1096
f 1094/1094/1094 1096/1096/1096 1097/1097/1097
f 1098/1098/1098 1099/1099/1099 1100/1100/1100
f 1098/1098/1098 1100/1100/1100 1101/1101/1101
f 1102/1102/1102 1103/1103/1103 1104/1104/1104
f 1102/1102/1102 1104/1104/1104 1105/1105/1105
f 1106/1106/1106 1107/1107/1107 1108/1108/1108
f 1106/1106/1106 1108/1108/1108 1109/1109/1109
f 1110/1110/1110 1111/1111/1111 1112/1112/1112
f 1110/1110/1110 1112/1112/1112 1113/1113/1113
f 1114/1114/1114 1115/1115/1115 1116/1116/1116
f 1114/1114/1114 1116/1116/1116 1117/1117/1117
f 1118/1118/1118 1119/1119/1119 1120/1120/1120
f 1118/1118/1118 1120/1120/1120 1121/1121/1121
f 1122/1122/1122 1123/1123/1123 1124/1124/1124
f 1122/1122/1122 1124/1124/1124 1125/1125/1125
f 1126/1126/1126 1127/1127/1127 1128/1128/1128
f 1126/1126/1126 1128/1128/1128 1129/1129/1129
f 1130/1130/1130 1131/1131/1131 1132/1132/1132
f 1130/1130/1130 1132/1132/1132 1133/1133/1133
f 1134/1134/1134 1135/1135/1135 1136/1136/1136
f 1134/1134/1134 1136/1136/1136 1137/1137/1137
f 1138/1138/1138 1139/1139/1139 1140/1140/1140
f 1138/1138/1138 1140/1140/1140 1141/1141/1141
f 1142/1142/1142 1143/1143/1143 1144/1144/1144
f 1142/1142/1142 1144/1144/1144 1145/1145/1145
f 1146/1146/1146 1147/1147/1147 1148/1148/1148
f 1146/1146/1146 1148/1148/1148 1149/1149/1149
f 1150/1150/1150 1151/1151/1151 1152/1152/1152
f 1150/1150/1150 1152/1152/1152 1153/1153/1153
f 1154/1154/1154 1155/1155/1155 1156/1156/1156
f 1154/1154/1154 1156/1156/1156 1157/1157/1157
f 1158/1158/1158 1159/1159/1159 1160/1160/1160
f 1158/1158/1158 1160/1160/1160 1161/1161/1161
f 1162/1162/1162 1163/1163/1163 1164/1164/1164
f 1162/1162/1162 1164/1164/1164 1165/1165/1165
f 1166/1166/1166 1167/1167/1167 1168/1168/1168
f 1166/1166/1166 1168/1168/1168 1169/1169/1169
f 1170/1170/1170 1171/1171/1171 1172/1172/1172
f 1170/1170/1170 1172/1172/1172 1173/1173/1173
f 1174/1174/1174 1175/1175/1175 1176/1176/1176
f 1174/1174/1174 1176/1176/1176 1177/1177/1177
f 1178/1178/1178 1179/1179/1179 1180/1180/1180
f 1178/1178/1178 1180/1180/1180 1181/1181/1181
f 1182/1182/1182 1183/1183/1183 1184/1184/1184
f 1182/1182/1182 1184/1184/1184 1185/1185/1185
f 1186/1186/1186 1187/1187/1187 1188/1188/1188
f 1186/1186/1186 1188/1188/1188 1189/1189/1189
f 1190/1190/1190 1191/1191/1191 1192/1192/1192
f 1190/1190/1190 1192/1192/1192 1193/1193/1193
f 1194/1194/1194 1195/1195/1195 1196/1196/1196
f 1194/1194/1194 1196/1196/1196 1197/1197/1197
f 1198/1198/1198 1199/1199/1199 1200/1200/1200
f 1198/1198/1198 1200/1200/1200 1201/1201/1201
f 1202/1202/1202 1203/1203/1203 1204/1204/1204
f 1202/1202/1202 1204/1204/1204 1205/1205/1205
f 1206/1206/1206 1207/1207/1207 1208/1208/1208
f 1206/1206/1206 1208/1208/1208 1209/1209/1209
f 1210/1210/1210 1211/1211/1211 1212/1212/1212
f 1210/1210/1210 1212/1212/1212 1213/1213/1213
f 1214/1214/1214 1215/1215/1215 1216/1216/1216
f 1214/1214/1214 1216/1216/1216 1217/1217/1217
f 1218/1218/1218 1219/1219/1219 1220/1220/1220
f 1218/1218/1218 1220/1220/1220 1221/1221/1221
f 1222/1222/1222 1223/1223/1223 1224/1224/1224
f 1222/1222/1222 1224/1224/1224 1225/1225/1225
f 1226/1226/1226 1227/1227/1227 1228/1228/1228
f 1226/1226/1226 1228/1228/1228 1229/1229/1229
f 1230/1230/1230 1231/1231/1231 1232/1232/1232
f 1230/1230/1230 1232/1232/1232 1233/1233/1233
f 1234/1234/1234 1235/1235/1235 1236/1236/1236
f 1234/1234/1234 1236/1236/1236 1237/1237/1237
f 1238/1238/1238 1239/1239/1239 1240/1240/1240
f 1238/1238/1238 1240/1240/1240 1241/1241/1241
f 1242/1242/1242 1243/1243/1243 1244/1244/1244
f 1242/1242/1242 1244/1244/1244 1245/1245/1245
f 1246/1246/1246 1247/1247/1247 1248/1248/1248
f 1246/1246/1246 1248/1248/1248 1249/1249/1249
f 1250/1250/1250 1251/1251/1251 1252/1252/1252
f 1250/1250/1250 1252/1252/1252 1253/1253/1253
f 1254/1254/1254 1255/1255/1255 1256/1256/1256
f 1254/1254/1254 1256/1256/1256 1257/1257/1257
f 1258/1258/1258 1259/1259/1259 1260/1260/1260
f 1258/1258/1258 1260/1260/1260 1261/1261/1261
f 1262/1262/1262 1263/1263/1263 1264/1264/1264
f 1262/1262/1262 1264/1264/1264 1265/1265/1265
f 1266/1266/1266 1267/1267/1267 1268/1268/1268
f 1266/1266/1266 1268/1268/1268 1269/1269/1269
f 1270/1270/1270 1271/1271/1271 1272/1272/1272
f 1270/1270/1270 1272/1272/1272 1273/1273/1273
f 1274/1274/1274 1275/1275/1275 1276/1276/1276
f 1274/1274/1274 1276/1276/1276 1277/1277/1277
f 1278/1278/1278 1279/1279/1279 1280/1280/1280
f 1278/1278/1278 1280/1280/1280 1281/1281/1281
f 1282/1282/1282 1283/1283/1283 1284/1284/1284
f 1282/1282/1282 1284/1284/1284 1285/1285/1285
f 1286/1286/1286 1287/1287/1287 1288/1288/1288
f 1286/1286/1286 1288/1288/1288 1289/1289/1289
f 1290/1290/1290 1291/1291/1291 1292/1292/1292
f 1290/1290/1290 1292/1292/1292 1293/1293/1293
f 1294/1294/1294 1295/1295/1295 1296/1296/1296
f 1294/1294/1294 1296/1296/1296 1297/1297/1297
f 1298/1298/1298 1299/1299/1299 1300/1300/1300
f 1298/1298/1298 1300/1300/1300 1301/1301/1301
f 1302/1302/1302 1303/1303/1303 1304/1304/1304
f 1302/1302/1302 1304/1304/1304 1305/1305/1305
f 1306/1306/1306 1307/1307/1307 1308/1308/1308
f 1306/1306/1306 1308/1308/1308 1309/1309/1309
f 1310/1310/1310 1311/1311/1311 1312/1312/1312
f 1310/1310/1310 1312/1312/1312 1313/1313/1313
f 1314/1314/1314 1315/1315/1315 1316/1316/1316
f 1314/1314/1314 1316/1316/1316 1317/1317/1317
f 1318/1318/1318 1319/1319/1319 1320/1320/1320
f 1318/1318/1318 1320/1320/1320 1321/1321/1321
f 1322/1322/1322 1323/1323/1323 1324/1324/1324
f 1322/1322/1322 1324/1324/1324 1325/1325/1325
f 1326/1326/1326 1327/1327/1327 1328/1328/1328
f 1326/1326/1326 1328/1328/1328 1329/1329/1329
f 1330/1330/1330 1331/1331/1331 1332/1332/1332
f 1330/1330/1330 1332/1332/1332 1333/1333/1333
f 1334/1334/1334 1335/1335/1335 1336/1336/1336
f 1334/1334/1334 1336/1336/1336 1337/1337/1337
f 1338/1338/1338 1339/1339/1339 1340/1340/1340
f 1338/1338/1338 1340/1340/1340 1341/1341/1341
f 1342/1342/1342 1343/1343/1343 1344/1344/1344
f 1342/1342/1342 1344/1344/1344 1345/1345/1345
f 1346/1346/1346 1347/1347/1347 1348/1348/1348
f 1346/1346/1346 1348/1348/1348 1349/1349/1349
f 1350/1350/1350 1351/1351/1351 1352/1352/1352
f 1350/1350/1350 1352/1352/1352 1353/1353/1353
f 1354/1354/1354 1355/1355/1355 1356/1356/1356
f 1354/1354/1354 1356/1356/1356 1357/1357/1357
f 1358/1358/1358 1359/1359/1359 1360/1360/1360
f 1358/1358/1358 1360/1360/1360 1361/1361/1361
f 1362/1362/1362 1363/1363/1363 1364/1364/1364
f 1362/1362/1362 1364/1364/1364 1365/1365/1365
f 1366/1366/1366 1367/1367/1367 1368/1368/1368
f 1366/1366/1366 1368/1368/1368 1369/1369/1369
f 1370/1370/1370 1371/1371/1371 1372/1372/1372
f 1370/1370/1370 1372/1372/1372 1373/1373/1373
f 1374/1374/1374 1375/1375/1375 1376/1376/1376
f 1374/1374/1374 1376/1376/1376 1377/1377/1377
f 1378/1378/1378 1379/1379/1379 1380/1380/1380
f 1378/1378/1378 1380/1380/1380 1381/1381/1381
f 1382/1382/1382 1383/1383/1383 1384/1384/1384
f 1382/1382/1382 1384/1384/1384 1385/1385/1385
f 1386/1386/1386 1387/1387/1387 1388/1388/1388
f 1386/1386/1386 1388/1388/1388 1389/1389/1389
f 1390/1390/1390 1391/1391/1391 1392/1392/1392
f 1390/1390/1390 1392/1392/1392 1393/1393/1393
f 1394/1394/1394 1395/1395/1395 1396/1396/1396
f 1394/1394/1394 1396/1396/1396 1397/1397/1397
f 1398/1398/1398 1399/1399/1399 1400/1400/1400
f 1398/1398/1398 1400/1400/1400 1401/1401/1401
f 1402/1402/1402 1403/1403/1403 1404/1404/1404
f 1402/1402/1402 1404/1404/1404 1405/1405/1405
f 1406/1406/1406 1407/1407/1407 1408/1408/1408
f 1406/1406/1406 1408/1408/1408 1409/1409/1409
f 1410/1410/1410 1411/1411/1411 1412/1412/1412
f 1410/1410/1410 1412/1412/1412 1413/1413/1413
f 1414/1414/1414 1415/1415/1415 1416/1416/1416
f 1414/1414/1414 1416/1416/1416 1417/1417/1417
f 1418/1418/1418 1419/1419/1419 1420/1420/1420
f 1418/1418/1418 1420/1420/1420 1421/1421/1421
f 1422/1422/1422 1423/1423/1423 1424/1424/1424
f 1422/1422/1422 1424/1424/1424 1425/1425/1425
f 1426/1426/1426 1427/1427/1427 1428/1428/1428
f 1426/1426/1426 1428/1428/1428 1429/1429/1429
f 1430/1430/1430 1431/1431/1431 1432/1432/1432
f 1430/1430/1430 1432/1432/1432 1433/1433/1433
f 1434/1434/1434 1435/1435/1435 1436/1436/1436
f 1434/1434/1434 1436/1436/1436 1437/1437/1437
f 1438/1438/1438 1439/1439/1439 1440/1440/1440
f 1438/1438/1438 1440/1440/1440 1441/1441/1441
f 1442/1442/1442 1443/1443/1443 1444/1444/1444
f 1442/1442/1442 1444/1444/1444 1445/1445/1445
f 1446/1446/1446 1447/1447/1447 1448/1448/1448
f 1446/1446/1446 1448/1448/1448 1449/1449/1449
f 1450/1450/1450 1451/1451/1451 1452/1452/1452
f 1450/1450/1450 1452/1452/1452 1453/1453/1453
f 1454/1454/1454 1455/1455/1455 1456/1456/1456
f 1454/1454/1454 1456/1456/1456 1457/1457/1457
f 1458/1458/1458 1459/1459/1459 1460/1460/1460
f 1458/1458/1458 1460/1460/1460 1461/1461/1461
f 1462/1462/1462 1463/1463/1463 1464/1464/1464
f 1462/1462/1462 1464/1464/1464 1465/1465/1465
f 1466/1466/1466 1467/1467/1467 1468/1468/1468
f 1466/1466/1466 1468/1468/1468 1469/1469/1469
f 1470/1470/1470 1471/1471/1471 1472/1472/1472
f 1470/1470/1470 1472/1472/1472 1473/1473/1473
f 1474/1474/1474 1475/1475/1475 1476/1476/1476
f 1474/1474/1474 1476/1476/1476 1477/1477/1477
f 1478/1478/1478 1479/1479/1479 1480/1480/1480
f 1478/1478/1478 1480/1480/1480 1481/1481/1481
f 1482/1482/1482 1483/1483/1483 1484/1484/1484
f 1482/1482/1482 1484/1484/1484 1485/1485/1485
f 1486/1486/1486 1487/1487/1487 1488/1488/1488
f 1486/1486/1486 1488/1488/1488 1489/1489/1489
f 1490/1490/1490 1491/1491/1491 1492/1492/1492
f 1490/1490/1490 1492/1492/1492 1493/1493/1493
f 1494/1494/1494 1495/1495/1495 1496/1496/1496
f 1494/1494/1494 1496/1496/1496 1497/1497/1497
f 1498/1498/1498 1499/1499/1499 1500/1500/1500
f 1498/1498/1498 1500/1500/1500 1501/1501/1501
f 1502/1502/1502 1503/1503/1503 1504/1504/1504
f 1502/1502/1502 1504/1504/1504 1505/1505/1505
f 1506/1506/1506 1507/1507/1507 1508/1508/1508
f 1506/1506/1506 1508/1508/1508 1509/1509/1509
f 1510/1510/1510 1511/1511/1511 1512/1512/1512
f 1510/1510/1510 1512/1512/1512 1513/1513/1513
f 1514/1514/1514 1515/1515/1515 1516/1516/1516
f 1514/1514/1514 1516/1516/1516 1517/1517/1517
f 1518/1518/1518 1519/1519/1519 1520/1520/1520
f 1518/1518/1518 1520/1520/1520 1521/1521/1521
f 1522/1522/1522 1523/1523/1523 1524/1524/1524
f 1522/1522/1522 1524/1524/1524 1525/1525/1525
f 1526/1526/1526 1527/1527/1527 1528/1528/1528
f 1526/1526/1526 1528/1528/1528 1529/1529/1529
f 1530/1530/1530 1531/1531/1531 1532/1532/1532
f 1530/1530/1530 1532/1532/1532 1533/1533/1533
f 1534/1534/1534 1535/1535/1535 1536/1536/1536
f 1534/1534/1534 1536/1536/1536 1537/1537/1537
f 1538/1538/1538 1539/1539/1539 1540/1540/1540
f 1538/1538/1538 1540/1540/1540 1541/1541/1541
f 1542/1542/1542 1543/1543/1543 1544/1544/1544
f 1542/1542/1542 1544/1544/1544 1545/1545/1545
f 1546/1546/1546 1547/1547/1547 1548/1548/1548
f 1546/1546/1546 1548/1548/1548 1549/1549/1549
f 1550/1550/1550 1551/1551/1551 1552/1552/1552
f 1550/1550/1550 1552/1552/1552 1553/1553/1553
f 1554/1554/1554 1555/1555/1555 1556/1556/1556
f 1554/1554/1554 1556/1556/1556 1557/1557/1557
f 1558/1558/1558 1559/1559/1559 1560/1560/1560
f 1558/1558/1558 1560/1560/1560 1561/1561/1561
f 1562/1562/1562 1563/1563/1563 1564/1564/1564
f 1562/1562/1562 1564/1564/1564 1565/1565/1565
f 1566/1566/1566 1567/1567/1567 1568/1568/1568
f 1566/1566/1566 1568/1568/1568 1569/1569/1569
f 1570/1570/1570 1571/1571/1571 1572/1572/1572
f 1570/1570/1570 1572/1572/1572 1573/1573/1573
f 1574/1574/1574 1575/1575/1575 1576/1576/1576
f 1574/1574/1574 1576/1576/1576 1577/1577/1577
f 1578/1578/1578 1579/1579/1579 1580/1580/1580
f 1578/1578/1578 1580/1580/1580 1581/1581/1581
f 1582/1582/1582 1583/1583/1583 1584/1584/1584
f 1582/1582/1582 1584/1584/1584 1585/1585/1585
f 1586/1586/1586 1587/1587/1587 1588/1588/1588
f 1586/1586/1586 1588/1588/1588 1589/1589/1589
f 1590/1590/1590 1591/1591/1591 1592/1592/1592
f 1590/1590/1590 1592/1592/1592 1593/1593/1593
f 1594/1594/1594 1595/1595/1595 1596/1596/1596
f 1594/1594/1594 1596/1596/1596 1597/1597/1597
f 1598/1598/1598 1599/1599/1599 1600/1600/1600
f 1598/1598/1598 1600/1600/1600 1601/1601/1601
f 1602/1602/1602 1603/1603/1603 1604/1604/1604
f 1602/1602/1602 1604/1604/1604 1605/1605/1605
f 1606/1606/1606 1607/1607/1607 1608/1608/1608
f 1606/1606/1606 1608/1608/1608 1609/1609/1609
f 1610/1610/1610 1611/1611/1611 1612/1612/1612
f 1610/1610/1610 1612/1612/1612 1613/1613/1613
f 1614/1614/1614 1615/1615/1615 1616/1616/1616
f 1614/1614/1614 1616/1616/1616 1617/1617/1617
f 1618/1618/1618 1619/1619/1619 1620/1620/1620
f 1618/1618/1618 1620/1620/1620 1621/1621/1621
f 1622/1622/1622 1623/1623/1623 1624/1624/1624
f 1622/1622/1622 1624/1624/1624 1625/1625/1625
f 1626/1626/1626 1627/1627/1627 1628/1628/1628
f 1626/1626/1626 1628/1628/1628 1629/1629/1629
f 1630/1630/1630 1631/1631/1631 1632/1632/1632
f 1630/1630/1630 1632/1632/1632 1633/1633/1633
f 1634/1634/1634 1635/1635/1635 1636/1636/1636
f 1634/1634/1634 1636/1636/1636 1637/1637/1637
f 1638/1638/1638 1639/1639/1639 1640/1640/1640
f 1638/1638/1638 1640/1640/1640 1641/1641/1641
f 1642/1642/1642 1643/1643/1643 1644/1644/1644
f 1642/1642/1642 1644/1644/1644 1645/1645/1645
f 1646/1646/1646 1647/1647/1647 1648/1648/1648
f 1646/1646/1646 1648/1648/1648 1649/1649/1649
f 1650/1650/1650 1651/1651/1651 1652/1652/1652
f 1650/1650/1650 1652/1652/1652 1653/1653/1653
f 1654/1654/1654 1655/1655/1655 1656/1656/1656
f 1654/1654/1654 1656/1656/1656 1657/1657/1657
f 1658/1658/1658 1659/1659/1659 1660/1660/1660
f 1658/1658/1658 1660/1660/1660 1661/1661/1661
f 1662/1662/1662 1663/1663/1663 1664/1664/1664
f 1662/1662/1662 1664/1664/1664 1665/1665/1665
f 1666/1666/1666 1667/1667/1667 1668/1668/1668
f 1666/1666/1666 1668/1668/1668 1669/1669/1669
f 1670/1670/1670 1671/1671/1671 1672/1672/1672
f 1670/1670/1670 1672/1672/1672 1673/1673/1673
f 1674/1674/1674 1675/1675/1675 1676/1676/1676
f 1674/1674/1674 1676/1676/1676 1677/1677/1677
f 1678/1678/1678 1679/1679/1679 1680/1680/1680
f 1678/1678/1678 1680/1680/1680 1681/1681/1681
f 1682/1682/1682 1683/1683/1683 1684/1684/1684
f 1682/1682/1682 1684/1684/1684 1685/1685/1685
f 1686/1686/1686 1687/1687/1687 1688/1688/1688
f 1686/1686/1686 1688/1688/1688 1689/1689/1689
f 1690/1690/1690 1691/1691/1691 1692/1692/1692
f 1690/1690/1690 1692/1692/1692 1693/1693/1693
f 1694/1694/1694 1695/1695/1695 1696/1696/1696
f 1694/1694/1694 1696/1696/1696 1697/1697/1697
f 1698/1698/1698 1699/1699/1699 1700/1700/1700
f 1698/1698/1698 1700/1700/1700 1701/1701/1701
f 1702/1702/1702 1703/1703/1703 1704/1704/1704
f 1702/1702/1702 1704/1704/1704 1705/1705/1705
f 1706/1706/1706 1707/1707/1707 1708/1708/1708
f 1706/1706/1706 1708/1708/1708 1709/1709/1709
f 1710/1710/1710 1711/1711/1711 1712/1712/1712
f 1710/1710/1710 1712/1712/1712 1713/1713/1713
f 1714/1714/1714 1715/1715/1715 1716/1716/1716
f 1714/1714/1714 1716/1716/1716 1717/1717/1717
f 1718/1718/1718 1719/1719/1719 1720/1720/1720
f 1718/1718/1718 1720/1720/1720 1721/1721/1721
f 1722/1722/1722 1723/1723/1723 1724/1724/1724
f 1722/1722/1722 1724/1724/1724 1725/1725/1725
f 1726/1726/1726 1727/1727/1727 1728/1728/1728
f 1726/1726/1726 1728/1728/1728 1729/1729/1729
f 1730/1730/1730 1731/1731/1731 1732/1732/1732
f 1730/1730/1730 1732/1732/1732 1733/1733/1733
f 1734/1734/1734 1735/1735/1735 1736/1736/1736
f 1734/1734/1734 1736/1736/1736 1737/1737/1737
f 1738/1738/1738 1739/1739/1739 1740/1740/1740
f 1738/1738/1738 1740/1740/1740 1741/1741/1741
f 1742/1742/1742 1743/1743/1743 1744/1744/1744
f 1742/1742/1742 1744/1744/1744 1745/1745/1745
f 1746/1746/1746 1747/1747/1747 1748/1748/1748
f 1746/1746/1746 1748/1748/1748 1749/1749/1749
f 1750/1750/1750 1751/1751/1751 1752/1752/1752
f 1750/1750/1750 1752/1752/1752 1753/1753/1753
f 1754/1754/1754 1755/1755/1755 1756/1756/1756
f 1754/1754/1754 1756/1756/1756 1757/1757/1757
f 1758/1758/1758 1759/1759/1759 1760/1760/1760
f 1758/1758/1758 1760/1760/1760 1761/1761/1761
f 1762/1762/1762 1763/1763/1763 1764/1764/1764
f 1762/1762/1762 1764/1764/1764 1765/1765/1765
f 1766/1766/1766 1767/1767/1767 1768/1768/1768
f 1766/1766/1766 1768/1768/1768 1769/1769/1769
f 1770/1770/1770 1771/1771/1771 1772/1772/1772
f 1770/1770/1770 1772/1772/1772 1773/1773/1773
f 1774/1774/1774 1775/1775/1775 1776/1776/1776
f 1774/1774/1774 1776/1776/1776 1777/1777/1777
f 1778/1778/1778 1779/1779/1779 1780/1780/1780
f 1778/1778/1778 1780/1780/1780 1781/1781/1781
f 1782/1782/1782 1783/1783/1783 1784/1784/1784
f 1782/1782/1782 1784/1784/1784 1785/1785/1785
f 1786/1786/1786 1787/1787/1787 1788/1788/1788
f 1786/1786/1786 1788/1788/1788 1789/1789/1789
f 1790/1790/1790 1791/1791/1791 1792/1792/1792
f 1790/1790/1790 1792/1792/1792 1793/1793/1793
f 1794/1794/1794 1795/1795/1795 1796/1796/1796
f 1794/1794/1794 1796/1796/1796 1797/1797/1797
f 1798/1798/1798 1799/1799/1799 1800/1800/1800
f 1798/1798/1798 1800/1800/1800 1801/1801/1801
f 1802/1802/1802 1803/1803/1803 1804/1804/1804
f 1802/1802/1802 1804/1804/1804 1805/1805/1805
f 1806/1806/1806 1807/1807/1807 1808/1808/1808
f 1806/1806/1806 1808/1808/1808 1809/1809/1809
f 1810/1810/1810 1811/1811/1811 1812/1812/1812
f 1810/1810/1810 1812/1812/1812 1813/1813/1813
f 1814/1814/1814 1815/1815/1815 1816/1816/1816
f 1814/1814/1814 1816/1816/1816 1817/1817/1817
f 1818/1818/1818 1819/1819/1819 1820/1820/1820
f 1818/1818/1818 1820/1820/1820 1821/1821/1821
f 1822/1822/1822 1823/1823/1823 1824/1824/1824
f 1822/1822/1822 1824/1824/1824 1825/1825/1825
f 1826/1826/1826 1827/1827/1827 1828/1828/1828
f 1826/1826/1826 1828/1828/1828 1829/1829/1829
f 1830/1830/1830 1831/1831/1831 1832/1832/1832
f 1830/1830/1830 1832/1832/1832 1833/1833/1833
f 1834/1834/1834 1835/1835/1835 1836/1836/1836
f 1834/1834/1834 1836/1836/1836 1837/1837/1837
f 1838/1838/1838 1839/1839/1839 1840/1840/1840
f 1838/1838/1838 1840/1840/1840 1841/1841/1841
f 1842/1842/1842 1843/1843/1843 1844/1844/1844
f 1842/1842/1842 1844/1844/1844 1845/1845/1845
f 1846/1846/1846 1847/1847/1847 1848/1848/1848
f 1846/1846/1846 1848/1848/1848 1849/1849/1849
f 1850/1850/1850 1851/1851/1851 1852/1852/1852
f 1850/1850/1850 1852/1852/1852 1853/1853/1853
f 1854/1854/1854 1855/1855/1855 1856/1856/1856
f 1854/1854/1854 1856/1856/1856 1857/1857/1857
f 1858/1858/1858 1859/1859/1859 1860/1860/1860
f 1858/1858/1858 1860/1860/1860 1861/1861/1861
f 1862/1862/1862 1863/1863/1863 1864/1864/1864
f 1862/1862/1862 1864/1864/1864 1865/1865/1865
f 1866/1866/1866 1867/1867/1867 1868/1868/1868
f 1866/1866/1866 1868/1868/1868 1869/1869/1869
f 1870/1870/1870 1871/1871/1871 1872/1872/1872
f 1870/1870/1870 1872/1872/1872 1873/1873/1873
f 1874/1874/1874 1875/1875/1875 1876/1876/1876
f 1874/1874/1874 1876/1876/1876 1877/1877/1877
f 1878/1878/1878 1879/1879/1879 1880/1880/1880
f 1878/1878/1878 1880/1880/1880 1881/1881/1881
f 1882/1882/1882 1883/1883/1883 1884/1884/1884
f 1882/1882/1882 1884/1884/1884 1885/1885/1885
f 1886/1886/1886 1887/1887/1887 1888/1888/1888
f 1886/1886/1886 1888/1888/1888 1889/1889/1889
f 1890/1890/1890 1891/1891/1891 1892/1892/1892
f 1890/1890/1890 1892/1892/1892 1893/1893/1893
f 1894/1894/1894 1895/1895/1895 1896/1896/1896
f 1894/1894/1894 1896/1896/1896 1897/1897/1897
f 1898/1898/1898 1899/1899/1899 1900/1900/1900
f 1898/1898/1898 1900/1900/1900 1901/1901/1901
f 1902/1902/1902 1903/1903/1903 1904/1904/1904
f 1902/1902/1902 1904/1904/1904 1905/1905/1905
f 1906/1906/1906 1907/1907/1907 1908/1908/1908
f 1906/1906/1906 1908/1908/1908 1909/1909/1909
f 1910/1910/1910 1911/1911/1911 1912/1912/1912
f 1910/1910/1910 1912/1912/1912 1913/1913/1913
f 1914/1914/1914 1915/1915/1915 1916/1916/1916
f 1914/1914/1914 1916/1916/1916 1917/1917/1917
f 1918/1918/1918 1919/1919/1919 1920/1920/1920
f 1918/1918/1918 1920/1920/1920 1921/1921/1921
f 1922/1922/1922 1923/1923/1923 1924/1924/1924
f 1922/1922/1922 1924/1924/1924 1925/1925/1925
f 1926/1926/1926 1927/1927/1927 1928/1928/1928
f 1926/1926/1926 1928/1928/1928 1929/1929/1929
f 1930/1930/1930 1931/1931/1931 1932/1932/1932
f 1930/1930/1930 1932/1932/1932 1933/1933/1933
f 1934/1934/1934 1935/1935/1935 1936/1936/1936
f 1934/1934/1934 1936/1936/1936 1937/1937/1937
f 1938/1938/1938 1939/1939/1939 1940/1940/1940
f 1938/1938/1938 1940/1940/1940 1941/1941/1941
f 1942/1942/1942 1943/1943/1943 1944/1944/1944
f 1942/1942/1942 1944/1944/1944 1945/1945/1945
f 1946/1946/1946 1947/1947/1947 1948/1948/1948
f 1946/1946/1946 1948/1948/1948 1949/1949/1949
f 1950/1950/1950 1951/1951/1951 1952/1952/1952
f 1950/1950/1950 1952/1952/1952 1953/1953/1953
f 1954/1954/1954 1955/1955/1955 1956/1956/1956
f 1954/1954/1954 1956/1956/1956 1957/1957/1957
f 1958/1958/1958 1959/1959/1959 1960/1960/1960
f 1958/1958/1958 1960/1960/1960 1961/1961/1961
f 1962/1962/1962 1963/1963/1963 1964/1964/1964
f 1962/1962/1962 1964/1964/1964 1965/1965/1965
f 1966/1966/1966 1967/1967/1967 1968/1968/1968
f 1966/1966/1966 1968/1968/1968 1969/1969/1969
f 1970/1970/1970 1971/1971/1971 1972/1972/1972
f 1970/1970/1970 1972/1972/1972 1973/1973/1973
f 1974/1974/1974 1975/1975/1975 1976/1976/1976
f 1974/1974/1974 1976/1976/1976 1977/1977/1977
f 1978/1978/1978 1979/1979/1979 1980/1980/1980
f 1978/1978/1978 1980/1980/1980 1981/1981/1981
f 1982/1982/1982 1983/1983/1983 1984/1984/1984
f 1982/1982/1982 1984/1984/1984 1985/1985/1985
f 1986/1986/1986 1987/1987/1987 1988/1988/1988
f 1986/1986/1986 1988/1988/1988 1989/1989/1989
f 1990/1990/1990 1991/1991/1991 1992/1992/1992
f 1990/1990/1990 1992/1992/1992 1993/1993/1993
f 1994/1994/1994 1995/1995/1995 1996/1996/1996
f 1994/1994/1994 1996/1996/1996 1997/1997/1997
f 1998/1998/1998 1999/1999/1999 2000/2000/2000
f 1998/1998/1998 2000/2000/2000 2001/2001/2001
f 2002/2002/2002 2003/2003/2003 2004/2004/2004
f 2002/2002/2002 2004/2004/2004 2005/2005/2005
f 2006/2006/2006 2007/2007/2007 2008/2008/2008
f 2006/2006/2006 2008/2008/2008 2009/2009/2009
f 2010/2010/2010 2011/2011/2011 2012/2012/2012
f 2010/2010/2010 2012/2012/2012 2013/2013/2013
f 2014/2014/2014 2015/2015/2015 2016/2016/2016
f 2014/2014/2014 2016/2016/2016 2017/2017/2017
f 2018/2018/2018 2019/2019/2019 2020/2020/2020
f 2018/2018/2018 2020/2020/2020 2021/2021/2021
f 2022/2022/2022 2023/2023/2023 2024/2024/2024
f 2022/2022/2022 2024/2024/2024 2025/2025/2025
f 2026/2026/2026 2027/2027/2027 2028/2028/2028
f 2026/2026/2026 2028/2028/2028 2029/2029/2029
f 2030/2030/2030 2031/2031/2031 2032/2032/2032
f 2030/2030/2030 2032/2032/2032 2033/2033/2033
f 2034/2034/2034 2035/2035/2035 2036/2036/2036
f 2034/2034/2034 2036/2036/2036 2037/2037/2037
f 2038/2038/2038 2039/2039/2039 2040/2040/2040
f 2038/2038/2038 2040/2040/2040 2041/2041/2041
f 2042/2042/2042 2043/2043/2043 2044/2044/2044
f 2042/2042/2042 2044/2044/2044 2045/2045/2045
f 2046/2046/2046 2047/2047/2047 2048/2048/2048
f 2046/2046/2046 2048/2048/2048 2049/2049/2049
f 2050/2050/2050 2051/2051/2051 2052/2052/2052
f 2050/2050/2050 2052/2052/2052 2053/2053/2053
f 2054/2054/2054 2055/2055/2055 2056/2056/2056
f 2054/2054/2054 2056/2056/2056 2057/2057/2057
f 2058/2058/2058 2059/2059/2059 2060/2060/2060
f 2058/2058/2058 2060/2060/2060 2061/2061/2061
f 2062/2062/2062 2063/2063/2063 2064/2064/2064
f 2062/2062/2062 2064/2064/2064 2065/2065/2065
f 2066/2066/2066 2067/2067/2067 2068/2068/2068
f 2066/2066/2066 2068/2068/2068 2069/2069/2069
f 2070/2070/2070 2071/2071/2071 2072/2072/2072
f 2070/2070/2070 2072/2072/2072 2073/2073/2073
f 2074/2074/2074 2075/2075/2075 2076/2076/2076
f 2074/2074/2074 2076/2076/2076 2077/2077/2077
f 2078/2078/2078 2079/2079/2079 2080/2080/2080
f 2078/2078/2078 2080/2080/2080 2081/2081/2081
f 2082/2082/2082 2083/2083/2083 2084/2084/2084
f 2082/2082/2082 2084/2084/2084 2085/2085/2085
f 2086/2086/2086 2087/2087/2087 2088/2088/2088
f 2086/2086/2086 2088/2088/2088 2089/2089/2089
f 2090/2090/2090 2091/2091/2091 2092/2092/2092
f 2090/2090/2090 2092/2092/2092 2093/2093/2093
f 2094/2094/2094 2095/2095/2095 2096/2096/2096
f 2094/2094/2094 2096/2096/2096 2097/2097/2097
f 2098/2098/2098 2099/2099/2099 2100/2100/2100
f 2098/2098/2098 2100/2100/2100 2101/2101/2101
f 2102/2102/2102 2103/2103/2103 2104/2104/2104
f 2102/2102/2102 2104/2104/2104 2105/2105/2105
f 2106/2106/2106 2107/2107/2107 2108/2108/2108
f 2106/2106/2106 2108/2108/2108 2109/2109/2109
f 2110/2110/2110 2111/2111/2111 2112/2112/2112
f 2110/2110/2110 2112/2112/2112 2113/2113/2113
f 2114/2114/2114 2115/2115/2115 2116/2116/2116
f 2114/2114/2114 2116/2116/2116 2117/2117/2117
f 2118/2118/2118 2119/2119/2119 2120/2120/2120
f 2118/2118/2118 2120/2120/2120 2121/2121/2121
f 2122/2122/2122 2123/2123/2123 2124/2124/2124
f 2122/2122/2122 2124/2124/2124 2125/2125/2125
f 2126/2126/2126 2127/2127/2127 2128/2128/2128
f 2126/2126/2126 2128/2128/2128 2129/2129/2129
f 2130/2130/2130 2131/2131/2131 2132/2132/2132
f 2130/2130/2130 2132/2132/2132 2133/2133/2133
f 2134/2134/2134 2135/2135/2135 2136/2136/2136
f 2134/2134/2134 2136/2136/2136 2137/2137/2137
f 2138/2138/2138 2139/2139/2139 2140/2140/2140
f 2138/2138/2138 2140/2140/2140 2141/2141/2141
f 2142/2142/2142 2143/2143/2143 2144/2144/2144
f 2142/2142/2142 2144/2144/2144 2145/2145/2145
f 2146/2146/2146 2147/2147/2147 2148/2148/2148
f 2146/2146/2146 2148/2148/2148 2149/2149/2149
f 2150/2150/2150 2151/2151/2151 2152/2152/2152
f 2150/2150/2150 2152/2152/2152 2153/2153/2153
f 2154/2154/2154 2155/2155/2155 2156/2156/2156
f 2154/2154/2154 2156/2156/2156 2157/2157/2157
f 2158/2158/2158 2159/2159/2159 2160/2160/2160
f 2158/2158/2158 2160/2160/2160 2161/2161/2161
f 2162/2162/2162 2163/2163/2163 2164/2164/2164
f 2162/2162/2162 2164/2164/2164 2165/2165/2165
f 2166/2166/2166 2167/2167/2167 2168/2168/2168
f 2166/2166/2166 2168/2168/2168 2169/2169/2169
f 2170/2170/2170 2171/2171/2171 2172/2172/2172
f 2170/2170/2170 2172/2172/2172 2173/2173/2173
f 2174/2174/2174 2175/2175/2175 2176/2176/2176
f 2174/2174/2174 2176/2176/2176 2177/2177/2177
f 2178/2178/2178 2179/2179/2179 2180/2180/2180
f 2178/2178/2178 2180/2180/2180 2181/2181/2181
f 2182/2182/2182 2183/2183/2183 2184/2184/2184
f 2182/2182/2182 2184/2184/2184 2185/2185/2185
f 2186/2186/2186 2187/2187/2187 2188/2188/2188
f 2186/2186/2186 2188/2188/2188 2189/2189/2189
f 2190/2190/2190 2191/2191/2191 2192/2192/2192
f 2190/2190/2190 2192/2192/2192 2193/2193/2193
f 2194/2194/2194 2195/2195/2195 2196/2196/2196
f 2194/2194/2194 2196/2196/2196 2197/2197/2197
f 2198/2198/2198 2199/2199/2199 2200/2200/2200
f 2198/2198/2198 2200/2200/2200 2201/2201/2201
f 2202/2202/2202 2203/2203/2203 2204/2204/2204
f 2202/2202/2202 2204/2204/2204 2205/2205/2205
f 2206/2206/2206 2207/2207/2207 2208/2208/2208
f 2206/2206/2206 2208/2208/2208 2209/2209/2209
f 2210/2210/2210 2211/2211/2211 2212/2212/2212
f 2210/2210/2210 2212/2212/2212 2213/2213/2213
f 2214/2214/2214 2215/2215/2215 2216/2216/2216
f 2214/2214/2214 2216/2216/2216 2217/2217/2217
f 2218/2218/2218 2219/2219/2219 2220/2220/2220
f 2218/2218/2218 2220/2220/2220 2221/2221/2221
f 2222/2222/2222 2223/2223/2223 2224/2224/2224
f 2222/2222/2222 2224/2224/2224 2225/2225/2225
f 2226/2226/2226 2227/2227/2227 2228/2228/2228
f 2226/2226/2226 2228/2228/2228 2229/2229/2229
f 2230/2230/2230 2231/2231/2231 2232/2232/2232
f 2230/2230/2230 2232/2232/2232 2233/2233/2233
f 2234/2234/2234 2235/2235/2235 2236/2236/2236
f 2234/2234/2234 2236/2236/2236 2237/2237/2237
f 2238/2238/2238 2239/2239/2239 2240/2240/2240
f 2238/2238/2238 2240/2240/2240 2241/2241/2241
f 2242/2242/2242 2243/2243/2243 2244/2244/2244
f 2242/2242/2242 2244/2244/2244 2245/2245/2245
f 2246/2246/2246 2247/2247/2247 2248/2248/2248
f 2246/2246/2246 2248/2248/2248 2249/2249/2249
f 2250/2250/2250 2251/2251/2251 2252/2252/2252
f 2250/2250/2250 2252/2252/2252 2253/2253/2253
f 2254/2254/2254 2255/2255/2255 2256/2256/2256
f 2254/2254/2254 2256/2256/2256 2257/2257/2257
f 2258/2258/2258 2259/2259/2259 2260/2260/2260
f 2258/2258/2258 2260/2260/2260 2261/2261/2261
f 2262/2262/2262 2263/2263/2263 2264/2264/2264
f 2262/2262/2262 2264/2264/2264 2265/2265/2265
f 2266/2266/2266 2267/2267/2267 2268/2268/2268
f 2266/2266/2266 2268/2268/2268 2269/2269/2269
f 2270/2270/2270 2271/2271/2271 2272/2272/2272
f 2270/2270/2270 2272/2272/2272 2273/2273/2273
f 2274/2274/2274 2275/2275/2275 2276/2276/2276
f 2274/2274/2274 2276/2276/2276 2277/2277/2277
f 2278/2278/2278 2279/2279/2279 2280/2280/2280
f 2278/2278/2278 2280/2280/2280 2281/2281/2281
f 2282/2282/2282 2283/2283/2283 2284/2284/2284
f 2282/2282/2282 2284/2284/2284 2285/2285/2285
f 2286/2286/2286 2287/2287/2287 2288/2288/2288
f 2286/2286/2286 2288/2288/2288 2289/2289/2289
f 2290/2290/2290 2291/2291/2291 2292/2292/2292
f 2290/2290/2290 2292/2292/2292 2293/2293/2293
f 2294/2294/2294 2295/2295/2295 2296/2296/2296
f 2294/2294/2294 2296/2296/2296 2297/2297/2297
f 2298/2298/2298 2299/2299/2299 2300/2300/2300
f 2298/2298/2298 2300/2300/2300 2301/2301/2301
f 2302/2302/2302 2303/2303/2303 2304/2304/2304
f 2302/2302/2302 2304/2304/2304 2305/2305/2305
f 2306/2306/2306 2307/2307/2307 2308/2308/2308
f 2306/2306/2306 2308/2308/2308 2309/2309/2309
f 2310/2310/2310 2311/2311/2311 2312/2312/2312
f 2310/2310/2310 2312/2312/2312 2313/2313/2313
f 2314/2314/2314 2315/2315/2315 2316/2316/2316
f 2314/2314/2314 2316/2316/2316 2317/2317/2317
f 2318/2318/2318 2319/2319/2319 2320/2320/2320
f 2318/2318/2318 2320/2320/2320 2321/2321/2321
f 2322/2322/2322 2323/2323/2323 2324/2324/2324
f 2322/2322/2322 2324/2324/2324 2325/2325/2325
f 2326/2326/2326 2327/2327/2327 2328/2328/2328
f 2326/2326/2326 2328/2328/2328 2329/2329/2329
f 2330/2330/2330 2331/2331/2331 2332/2332/2332
f 2330/2330/2330 2332/2332/2332 2333/2333/2333
f 2334/2334/2334 2335/2335/2335 2336/2336/2336
f 2334/2334/2334 2336/2336/2336 2337/2337/2337
f 2338/2338/2338 2339/2339/2339 2340/2340/2340
f 2338/2338/2338 2340/2340/2340 2341/2341/2341
f 2342/2342/2342 2343/2343/2343 2344/2344/2344
f 2342/2342/2342 2344/2344/2344 2345/2345/2345
f 2346/2346/2346 2347/2347/2347 2348/2348/2348
f 2346/2346/2346 2348/2348/2348 2349/2349/2349
f 2350/2350/2350 2351/2351/2351 2352/2352/2352
f 2350/2350/2350 2352/2352/2352 2353/2353/2353
f 2354/2354/2354 2355/2355/2355 2356/2356/2356
f 2354/2354/2354 2356/2356/2356 2357/2357/2357
f 2358/2358/2358 2359/2359/2359 2360/2360/2360
f 2358/2358/2358 2360/2360/2360 2361/2361/2361
f 2362/2362/2362 2363/2363/2363 2364/2364/2364
f 2362/2362/2362 2364/2364/2364 2365/2365/2365
f 2366/2366/2366 2367/2367/2367 2368/2368/2368
f 2366/2366/2366 2368/2368/2368 2369/2369/2369
f 2370/2370/2370 2371/2371/2371 2372/2372/2372
f 2370/2370/2370 2372/2372/2372 2373/2373/2373
f 2374/2374/2374 2375/2375/2375 2376/2376/2376
f 2374/2374/2374 2376/2376/2376 2377/2377/2377
f 2378/2378/2378 2379/2379/2379 2380/2380/2380
f 2378/2378/2378 2380/2380/2380 2381/2381/2381
f 2382/2382/2382 2383/2383/2383 2384/2384/2384
f 2382/2382/2382 2384/2384/2384 2385/2385/2385
f 2386/2386/2386 2387/2387/2387 2388/2388/2388
f 2386/2386/2386 2388/2388/2388 2389/2389/2389
f 2390/2390/2390 2391/2391/2391 2392/2392/2392
f 2390/2390/2390 2392/2392/2392 2393/2393/2393
f 2394/2394/2394 2395/2395/2395 2396/2396/2396
f 2394/2394/2394 2396/2396/2396 2397/2397/2397
f 2398/2398/2398 2399/2399/2399 2400/2400/2400
f 2398/2398/2398 2400/2400/2400 2401/2401/2401
f 2402/2402/2402 2403/2403/2403 2404/2404/2404
f 2402/2402/2402 2404/2404/2404 2405/2405/2405
f 2406/2406/2406 2407/2407/2407 2408/2408/2408
f 2406/2406/2406 2408/2408/2408 2409/2409/2409
f 2410/2410/2410 2411/2411/2411 2412/2412/2412
f 2410/2410/2410 2412/2412/2412 2413/2413/2413
f 2414/2414/2414 2415/2415/2415 2416/2416/2416
f 2414/2414/2414 2416/2416/2416 2417/2417/2417
f 2418/2418/2418 2419/2419/2419 2420/2420/2420
f 2418/2418/2418 2420/2420/2420 2421/2421/2421
f 2422/2422/2422 2423/2423/2423 2424/2424/2424
f 2422/2422/2422 2424/2424/2424 2425/2425/2425
f 2426/2426/2426 2427/2427/2427 2428/2428/2428
f 2426/2426/2426 2428/2428/2428 2429/2429/2429
f 2430/2430/2430 2431/2431/2431 2432/2432/2432
f 2430/2430/2430 2432/2432/2432 2433/2433/2433
f 2434/2434/2434 2435/2435/2435 2436/2436/2436
f 2434/2434/2434 2436/2436/2436 2437/2437/2437
f 2438/2438/2438 2439/2439/2439 2440/2440/2440
f 2438/2438/2438 2440/2440/2440 2441/2441/2441
f 2442/2442/2442 2443/2443/2443 2444/2444/2444
f 2442/2442/2442 2444/2444/2444 2445/2445/2445
f 2446/2446/2446 2447/2447/2447 2448/2448/2448
f 2446/2446/2446 2448/2448/2448 2449/2449/2449
f 2450/2450/2450 2451/2451/2451 2452/2452/2452
f 2450/2450/2450 2452/2452/2452 2453/2453/2453
f 2454/2454/2454 2455/2455/2455 2456/2456/2456
f 2454/2454/2454 2456/2456/2456 2457/2457/2457
f 2458/2458/2458 2459/2459/2459 2460/2460/2460
f 2458/2458/2458 2460/2460/2460 2461/2461/2461
f 2462/2462/2462 2463/2463/2463 2464/2464/2464
f 2462/2462/2462 2464/2464/2464 2465/2465/2465
f 2466/2466/2466 2467/2467/2467 2468/2468/2468
f 2466/2466/2466 2468/2468/2468 2469/2469/2469
f 2470/2470/2470 2471/2471/2471 2472/2472/2472
f 2470/2470/2470 2472/2472/2472 2473/2473/2473
f 2474/2474/2474 2475/2475/2475 2476/2476/2476
f 2474/2474/2474 2476/2476/2476 2477/2477/2477
f 2478/2478/2478 2479/2479/2479 2480/2480/2480
f 2478/2478/2478 2480/2480/2480 2481/2481/2481
f 2482/2482/2482 2483/2483/2483 2484/2484/2484
f 2482/2482/2482 2484/2484/2484 2485/2485/2485
f 2486/2486/2486 2487/2487/2487 2488/2488/2488
f 2486/2486/2486 2488/2488/2488 2489/2489/2489
f 2490/2490/2490 2491/2491/2491 2492/2492/2492
f 2490/2490/2490 2492/2492/2492 2493/2493/2493
f 2494/2494/2494 2495/2495/2495 2496/2496/2496
f 2494/2494/2494 2496/2496/2496 2497/2497/2497
f 2498/2498/2498 2499/2499/2499 2500/2500/2500
f 2498/2498/2498 2500/2500/2500 2501/2501/2501
f 2502/2502/2502 2503/2503/2503 2504/2504/2504
f 2502/2502/2502 2504/2504/2504 2505/2505/2505
f 2506/2506/2506 2507/2507/2507 2508/2508/2508
f 2506/2506/2506 2508/2508/2508 2509/2509/2509
f 2510/2510/2510 2511/2511/2511 2512/2512/2512
f 2510/2510/2510 2512/2512/2512 2513/2513/2513
f 2514/2514/2514 2515/2515/2515 2516/2516/2516
f 2514/2514/2514 2516/2516/2516 2517/2517/2517
f 2518/2518/2518 2519/2519/2519 2520/2520/2520
f 2518/2518/2518 2520/2520/2520 2521/2521/2521
f 2522/2522/2522 2523/2523/2523 2524/2524/2524
f 2522/2522/2522 2524/2524/2524 2525/2525/2525
f 2526/2526/2526 2527/2527/2527 2528/2528/2528
f 2526/2526/2526 2528/2528/2528 2529/2529/2529
f 2530/2530/2530 2531/2531/2531 2532/2532/2532
f 2530/2530/2530 2532/2532/2532 2533/2533/2533
f 2534/2534/2534 2535/2535/2535 2536/2536/2536
f 2534/2534/2534 2536/2536/2536 2537/2537/2537
f 2538/2538/2538 2539/2539/2539 2540/2540/2540
f 2538/2538/2538 2540/2540/2540 2541/2541/2541
f 2542/2542/2542 2543/2543/2543 2544/2544/2544
f 2542/2542/2542 2544/2544/2544 2545/2545/2545
f 2546/2546/2546 2547/2547/2547 2548/2548/2548
f 2546/2546/2546 2548/2548/2548 2549/2549/2549
f 2550/2550/2550 2551/2551/2551 2552/2552/2552
f 2550/2550/2550 2552/2552/2552 2553/2553/2553
f 2554/2554/2554 2555/2555/2555 2556/2556/2556
f 2554/2554/2554 2556/2556/2556 2557/2557/2557
f 2558/2558/2558 2559/2559/2559 2560/2560/2560
f 2558/2558/2558 2560/2560/2560 2561/2561/2561
f 2562/2562/2562 2563/2563/2563 2564/2564/2564
f 2562/2562/2562 2564/2564/2564 2565/2565/2565
f 2566/2566/2566 2567/2567/2567 2568/2568/2568
f 2566/2566/2566 2568/2568/2568 2569/2569/2569
f 2570/2570/2570 2571/2571/2571 2572/2572/2572
f 2570/2570/2570 2572/2572/2572 2573/2573/2573
f 2574/2574/2574 2575/2575/2575 2576/2576/2576
f 2574/2574/2574 2576/2576/2576 2577/2577/2577
f 2578/2578/2578 2579/2579/2579 2580/2580/2580
f 2578/2578/2578 2580/2580/2580 2581/2581/2581
f 2582/2582/2582 2583/2583/2583 2584/2584/2584
f 2582/2582/2582 2584/2584/2584 2585/2585/2585
f 2586/2586/2586 2587/2587/2587 2588/2588/2588
f 2586/2586/2586 2588/2588/2588 2589/2589/2589
f 2590/2590/2590 2591/2591/2591 2592/2592/2592
f 2590/2590/2590 2592/2592/2592 2593/2593/2593
f 2594/2594/2594 2595/2595/2595 2596/2596/2596
f 2594/2594/2594 2596/2596/2596 2597/2597/2597
f 2598/2598/2598 2599/2599/2599 2600/2600/2600
f 2598/2598/2598 2600/2600/2600 2601/2601/2601
f 2602/2602/2602 2603/2603/2603 2604/2604/2604
f 2602/2602/2602 2604/2604/2604 2605/2605/2605
f 2606/2606/2606 2607/2607/2607 2608/2608/2608
f 2606/2606/2606 2608/2608/2608 2609/2609/2609
f 2610/2610/2610 2611/2611/2611 2612/2612/2612
f 2610/2610/2610 2612/2612/2612 2613/2613/2613
f 2614/2614/2614 2615/2615/2615 2616/2616/2616
f 2614/2614/2614 2616/2616/2616 2617/2617/2617
f 2618/2618/2618 2619/2619/2619 2620/2620/2620
f 2618/2618/2618 2620/2620/2620 2621/2621/2621
f 2622/2622/2622 2623/2623/2623 2624/2624/2624
f 2622/2622/2622 2624/2624/2624 2625/2625/2625
f 2626/2626/2626 2627/2627/2627 2628/2628/2628
f 2626/2626/2626 2628/2628/2628 2629/2629/2629
f 2630/2630/2630 2631/2631/2631 2632/2632/2632
f 2630/2630/2630 2632/2632/2632 2633/2633/2633
f 2634/2634/2634 2635/2635/2635 2636/2636/2636
f 2634/2634/2634 2636/2636/2636 2637/2637/2637
f 2638/2638/2638 2639/2639/2639 2640/2640/2640
f 2638/2638/2638 2640/2640/2640 2641/2641/2641
f 2642/2642/2642 2643/2643/2643 2644/2644/2644
f 2642/2642/2642 2644/2644/2644 2645/2645/2645
f 2646/2646/2646 2647/2647/2647 2648/2648/2648
f 2646/2646/2646 2648/2648/2648 2649/2649/2649
f 2650/2650/2650 2651/2651/2651 2652/2652/2652
f 2650/2650/2650 2652/2652/2652 2653/2653/2653
f 2654/2654/2654 2655/2655/2655 2656/2656/2656
f 2654/2654/2654 2656/2656/2656 2657/2657/2657
f 2658/2658/2658 2659/2659/2659 2660/2660/2660
f 2658/2658/2658 2660/2660/2660 2661/2661/2661
f 2662/2662/2662 2663/2663/2663 2664/2664/2664
f 2662/2662/2662 2664/2664/2664 2665/2665/2665
f 2666/2666/2666 2667/2667/2667 2668/2668/2668
f 2666/2666/2666 2668/2668/2668 2669/2669/2669
f 2670/2670/2670 2671/2671/2671 2672/2672/2672
f 2670/2670/2670 2672/2672/2672 2673/2673/2673
f 2674/2674/2674 2675/2675/2675 2676/2676/2676
f 2674/2674/2674 2676/2676/2676 2677/2677/2677
f 2678/2678/2678 2679/2679/2679 2680/2680/2680
f 2678/2678/2678 2680/2680/2680 2681/2681/2681
f 2682/2682/2682 2683/2683/2683 2684/2684/2684
f 2682/2682/2682 2684/2684/2684 2685/2685/2685
f 2686/2686/2686 2687/2687/2687 2688/2688/2688
f 2686/2686/2686 2688/2688/2688 2689/2689/2689
f 2690/2690/2690 2691/2691/2691 2692/2692/2692
f 2690/2690/2690 2692/2692/2692 2693/2693/2693
f 2694/2694/2694 2695/2695/2695 2696/2696/2696
f 2694/2694/2694 2696/2696/2696 2697/2697/2697
f 2698/2698/2698 2699/2699/2699 2700/2700/2700
f 2698/2698/2698 2700/2700/2700 2701/2701/2701
f 2702/2702/2702 2703/2703/2703 2704/2704/2704
f 2702/2702/2702 2704/2704/2704 2705/2705/2705
f 2706/2706/2706 2707/2707/2707 2708/2708/2708
f 2706/2706/2706 2708/2708/2708 2709/2709/2709
f 2710/2710/2710 2711/2711/2711 2712/2712/2712
f 2710/2710/2710 2712/2712/2712 2713/2713/2713
f 2714/2714/2714 2715/2715/2715 2716/2716/2716
f 2714/2714/2714 2716/2716/2716 2717/2717/2717
f 2718/2718/2718 2719/2719/2719 2720/2720/2720
f 2718/2718/2718 2720/2720/2720 2721/2721/2721
f 2722/2722/2722 2723/2723/2723 2724/2724/2724
f 2722/2722/2722 2724/2724/2724 2725/2725/2725
f 2726/2726/2726 2727/2727/2727 2728/2728/2728
f 2726/2726/2726 2728/2728/2728 2729/2729/2729
f 2730/2730/2730 2731/2731/2731 2732/2732/2732
f 2730/2730/2730 2732/2732/2732 2733/2733/2733
f 2734/2734/2734 2735/2735/2735 2736/2736/2736
f 2734/2734/2734 2736/2736/2736 2737/2737/2737
f 2738/2738/2738 2739/2739/2739 2740/2740/2740
f 2738/2738/2738 2740/2740/2740 2741/2741/2741
f 2742/2742/2742 2743/2743/2743 2744/2744/2744
f 2742/2742/2742 2744/2744/2744 2745/2745/2745
f 2746/2746/2746 2747/2747/2747 2748/2748/2748
f 2746/2746/2746 2748/2748/2748 2749/2749/2749
f 2750/2750/2750 2751/2751/2751 2752/2752/2752
f 2750/2750/2750 2752/2752/2752 2753/2753/2753
f 2754/2754/2754 2755/2755/2755 2756/2756/2756
f 2754/2754/2754 2756/2756/2756 2757/2757/2757
f 2758/2758/2758 2759/2759/2759 2760/2760/2760
f 2758/2758/2758 2760/2760/2760 2761/2761/2761
f 2762/2762/2762 2763/2763/2763 2764/2764/2764
f 2762/2762/2762 2764/2764/2764 2765/2765/2765
f 2766/2766/2766 2767/2767/2767 2768/2768/2768
f 2766/2766/2766 2768/2768/2768 2769/2769/2769
f 2770/2770/2770 2771/2771/2771 2772/2772/2772
f 2770/2770/2770 2772/2772/2772 2773/2773/2773
f 2774/2774/2774 2775/2775/2775 2776/2776/2776
f 2774/2774/2774 2776/2776/2776 2777/2777/2777
f 2778/2778/2778 2779/2779/2779 2780/2780/2780
f 2778/2778/2778 2780/2780/2780 2781/2781/2781
f 2782/2782/2782 2783/2783/2783 2784/2784/2784
f 2782/2782/2782 2784/2784/2784 2785/2785/2785
f 2786/2786/2786 2787/2787/2787 2788/2788/2788
f 2786/2786/2786 2788/2788/2788 2789/2789/2789
f 2790/2790/2790 2791/2791/2791 2792/2792/2792
f 2790/2790/2790 2792/2792/2792 2793/2793/2793
f 2794/2794/2794 2795/2795/2795 2796/2796/2796
f 2794/2794/2794 2796/2796/2796 2797/2797/2797
f 2798/2798/2798 2799/2799/2799 2800/2800/2800
f 2798/2798/2798 2800/2800/2800 2801/2801/2801
f 2802/2802/2802 2803/2803/2803 2804/2804/2804
f 2802/2802/2802 2804/2804/2804 2805/2805/2805
f 2806/2806/2806 2807/2807/2807 2808/2808/2808
f 2806/2806/2806 2808/2808/2808 2809/2809/2809
f 2810/2810/2810 2811/2811/2811 2812/2812/2812
f 2810/2810/2810 2812/2812/2812 2813/2813/2813
f 2814/2814/2814 2815/2815/2815 2816/2816/2816
f 2814/2814/2814 2816/2816/2816 2817/2817/2817
f 2818/2818/2818 2819/2819/2819 2820/2820/2820
f 2818/2818/2818 2820/2820/2820 2821/2821/2821
f 2822/2822/2822 2823/2823/2823 2824/2824/2824
f 2822/2822/2822 2824/2824/2824 2825/2825/2825
f 2826/2826/2826 2827/2827/2827 2828/2828/2828
f 2826/2826/2826 2828/2828/2828 2829/2829/2829
f 2830/2830/2830 2831/2831/2831 2832/2832/2832
f 2830/2830/2830 2832/2832/2832 2833/2833/2833
f 2834/2834/2834 2835/2835/2835 2836/2836/2836
f 2834/2834/2834 2836/2836/2836 2837/2837/2837
f 2838/2838/2838 2839/2839/2839 2840/2840/2840
f 2838/2838/2838 2840/2840/2840 2841/2841/2841
f 2842/2842/2842 2843/2843/2843 2844/2844/2844
f 2842/2842/2842 2844/2844/2844 2845/2845/2845
f 2846/2846/2846 2847/2847/2847 2848/2848/2848
f 2846/2846/2846 2848/2848/2848 2849/2849/2849
f 2850/2850/2850 2851/2851/2851 2852/2852/2852
f 2850/2850/2850 2852/2852/2852 2853/2853/2853
f 2854/2854/2854 2855/2855/2855 2856/2856/2856
f 2854/2854/2854 2856/2856/2856 2857/2857/2857
f 2858/2858/2858 2859/2859/2859 2860/2860/2860
f 2858/2858/2858 2860/2860/2860 2861/2861/2861
f 2862/2862/2862 2863/2863/2863 2864/2864/2864
f 2862/2862/2862 2864/2864/2864 2865/2865/2865
f 2866/2866/2866 2867/2867/2867 2868/2868/2868
f 2866/2866/2866 2868/2868/2868 2869/2869/2869
f 2870/2870/2870 2871/2871/2871 2872/2872/2872
f 2870/2870/2870 2872/2872/2872 2873/2873/2873
f 2874/2874/2874 2875/2875/2875 2876/2876/2876
f 2874/2874/2874 2876/2876/2876 2877/2877/2877
f 2878/2878/2878 2879/2879/2879 2880/2880/2880
f 2878/2878/2878 2880/2880/2880 2881/2881/2881
f 2882/2882/2882 2883/2883/2883 2884/2884/2884
f 2882/2882/2882 2884/2884/2884 2885/2885/2885
f 2886/2886/2886 2887/2887/2887 2888/2888/2888
f 2886/2886/2886 2888/2888/2888 2889/2889/2889
f 2890/2890/2890 2891/2891/2891 2892/2892/2892
f 2890/2890/2890 2892/2892/2892 2893/2893/2893
f 2894/2894/2894 2895/2895/2895 2896/2896/2896
f 2894/2894/2894 2896/2896/2896 2897/2897/2897
f 2898/2898/2898 2899/2899/2899 2900/2900/2900
f 2898/2898/2898 2900/2900/2900 2901/2901/2901
f 2902/2902/2902 2903/2903/2903 2904/2904/2904
f 2902/2902/2902 2904/2904/2904 2905/2905/2905
f 2906/2906/2906 2907/2907/2907 2908/2908/2908
f 2906/2906/2906 2908/2908/2908 2909/2909/2909
f 2910/2910/2910 2911/2911/2911 2912/2912/2912
f 2910/2910/2910 2912/2912/2912 2913/2913/2913
f 2914/2914/2914 2915/2915/2915 2916/2916/2916
f 2914/2914/2914 2916/2916/2916 2917/2917/2917
f 2918/2918/2918 2919/2919/2919 2920/2920/2920
f 2918/2918/2918 2920/2920/2920 2921/2921/2921
f 2922/2922/2922 2923/2923/2923 2924/2924/2924
f 2922/2922/2922 2924/2924/2924 2925/2925/2925
f 2926/2926/2926 2927/2927/2927 2928/2928/2928
f 2926/2926/2926 2928/2928/2928 2929/2929/2929
f 2930/2930/2930 2931/2931/2931 2932/2932/2932
f 2930/2930/2930 2932/2932/2932 2933/2933/2933
f 2934/2934/2934 2935/2935/2935 2936/2936/2936
f 2934/2934/2934 2936/2936/2936 2937/2937/2937
f 2938/2938/2938 2939/2939/2939 2940/2940/2940
f 2938/2938/2938 2940/2940/2940 2941/2941/2941
f 2942/2942/2942 2943/2943/2943 2944/2944/2944
f 2942/2942/2942 2944/2944/2944 2945/2945/2945
f 2946/2946/2946 2947/2947/2947 2948/2948/2948
f 2946/2946/2946 2948/2948/2948 2949/2949/2949
f 2950/2950/2950 2951/2951/2951 2952/2952/2952
f 2950/2950/2950 2952/2952/2952 2953/2953/2953
f 2954/2954/2954 2955/2955/2955 2956/2956/2956
f 2954/2954/2954 2956/2956/2956 2957/2957/2957
f 2958/2958/2958 2959/2959/2959 2960/2960/2960
f 2958/2958/2958 2960/2960/2960 2961/2961/2961
f 2962/2962/2962 2963/2963/2963 2964/2964/2964
f 2962/2962/2962 2964/2964/2964 2965/2965/2965
f 2966/2966/2966 2967/2967/2967 2968/2968/2968
f 2966/2966/2966 2968/2968/2968 2969/2969/2969
f 2970/2970/2970 2971/2971/2971 2972/2972/2972
f 2970/2970/2970 2972/2972/2972 2973/2973/2973
f 2974/2974/2974 2975/2975/2975 2976/2976/2976
f 2974/2974/2974 2976/2976/2976 2977/2977/2977
f 2978/2978/2978 2979/2979/2979 2980/2980/2980
f 2978/2978/2978 2980/2980/2980 2981/2981/2981
f 2982/2982/2982 2983/2983/2983 2984/2984/2984
f 2982/2982/2982 2984/2984/2984 2985/2985/2985
f 2986/2986/2986 2987/2987/2987 2988/2988/2988
f 2986/2986/2986 2988/2988/2988 2989/2989/2989
f 2990/2990/2990 2991/2991/2991 2992/2992/2992
f 2990/2990/2990 2992/2992/2992 2993/2993/2993
f 2994/2994/2994 2995/2995/2995 2996/2996/2996
f 2994/2994/2994 2996/2996/2996 2997/2997/2997
f 2998/2998/2998 2999/2999/2999 3000/3000/3000
f 2998/2998/2998 3000/3000/3000 3001/3001/3001
f 3002/3002/3002 3003/3003/3003 3004/3004/3004
f 3002/3002/3002 3004/3004/3004 3005/3005/3005
f 3006/3006/3006 3007/3007/3007 3008/3008/3008
f 3006/3006/3006 3008/3008/3008 3009/3009/3009
f 3010/3010/3010 3011/3011/3011 3012/3012/3012
f 3010/3010/3010 3012/3012/3012 3013/3013/3013
f 3014/3014/3014 3015/3015/3015 3016/3016/3016
f 3014/3014/3014 3016/3016/3016 3017/3017/3017
f 3018/3018/3018 3019/3019/3019 3020/3020/3020
f 3018/3018/3018 3020/3020/3020 3021/3021/3021
f 3022/3022/3022 3023/3023/3023 3024/3024/3024
f 3022/3022/3022 3024/3024/3024 3025/3025/3025
f 3026/3026/3026 3027/3027/3027 3028/3028/3028
f 3026/3026/3026 3028/3028/3028 3029/3029/3029
f 3030/3030/3030 3031/3031/3031 3032/3032/3032
f 3030/3030/3030 3032/3032/3032 3033/3033/3033
f 3034/3034/3034 3035/3035/3035 3036/3036/3036
f 3034/3034/3034 3036/3036/3036 3037/3037/3037
f 3038/3038/3038 3039/3039/3039 3040/3040/3040
f 3038/3038/3038 3040/3040/3040 3041/3041/3041
f 3042/3042/3042 3043/3043/3043 3044/3044/3044
f 3042/3042/3042 3044/3044/3044 3045/3045/3045
f 3046/3046/3046 3047/3047/3047 3048/3048/3048
f 3046/3046/3046 3048/3048/3048 3049/3049/3049
f 3050/3050/3050 3051/3051/3051 3052/3052/3052
f 3050/3050/3050 3052/3052/3052 3053/3053/3053
f 3054/3054/3054 3055/3055/3055 3056/3056/3056
f 3054/3054/3054 3056/3056/3056 3057/3057/3057
f 3058/3058/3058 3059/3059/3059 3060/3060/3060
f 3058/3058/3058 3060/3060/3060 3061/3061/3061
f 3062/3062/3062 3063/3063/3063 3064/3064/3064
f 3062/3062/3062 3064/3064/3064 3065/3065/3065
f 3066/3066/3066 3067/3067/3067 3068/3068/3068
f 3066/3066/3066 3068/3068/3068 3069/3069/3069
f 3070/3070/3070 3071/3071/3071 3072/3072/3072
f 3070/3070/3070 3072/3072/3072 3073/3073/3073
f 3074/3074/3074 3075/3075/3075 3076/3076/3076
f 3074/3074/3074 3076/3076/3076 3077/3077/3077
f 3078/3078/3078 3079/3079/3079 3080/3080/3080
f 3078/3078/3078 3080/3080/3080 3081/3081/3081
f 3082/3082/3082 3083/3083/3083 3084/3084/3084
f 3082/3082/3082 3084/3084/3084 3085/3085/3085
f 3086/3086/3086 3087/3087/3087 3088/3088/3088
f 3086/3086/3086 3088/3088/3088 3089/3089/3089
f 3090/3090/3090 3091/3091/3091 3092/3092/3092
f 3090/3090/3090 3092/3092/3092 3093/3093/3093
f 3094/3094/3094 3095/3095/3095 3096/3096/3096
f 3094/3094/3094 3096/3096/3096 3097/3097/3097
f 3098/3098/3098 3099/3099/3099 3100/3100/3100
f 3098/3098/3098 3100/3100/3100 3101/3101/3101
f 3102/3102/3102 3103/3103/3103 3104/3104/3104
f 3102/3102/3102 3104/3104/3104 3105/3105/3105
f 3106/3106/3106 3107/3107/3107 3108/3108/3108
f 3106/3106/3106 3108/3108/3108 3109/3109/3109
f 3110/3110/3110 3111/3111/3111 3112/3112/3112
f 3110/3110/3110 3112/3112/3112 3113/3113/3113
f 3114/3114/3114 3115/3115/3115 3116/3116/3116
f 3114/3114/3114 3116/3116/3116 3117/3117/3117
f 3118/3118/3118 3119/3119/3119 3120/3120/3120
f 3118/3118/3118 3120/3120/3120 3121/3121/3121
f 3122/3122/3122 3123/3123/3123 3124/3124/3124
f 3122/3122/3122 3124/3124/3124 3125/3125/3125
f 3126/3126/3126 3127/3127/3127 3128/3128/3128
f 3126/3126/3126 3128/3128/3128 3129/3129/3129
f 3130/3130/3130 3131/3131/3131 3132/3132/3132
f 3130/3130/3130 3132/3132/3132 3133/3133/3133
f 3134/3134/3134 3135/3135/3135 3136/3136/3136
f 3134/3134/3134 3136/3136/3136 3137/3137/3137
f 3138/3138/3138 3139/3139/3139 3140/3140/3140
f 3138/3138/3138 3140/3140/3140 3141/3141/3141
f 3142/3142/3142 3143/3143/3143 3144/3144/3144
f 3142/3142/3142 3144/3144/3144 3145/3145/3145
f 3146/3146/3146 3147/3147/3147 3148/3148/3148
f 3146/3146/3146 3148/3148/3148 3149/3149/3149
f 3150/3150/3150 3151/3151/3151 3152/3152/3152
f 3150/3150/3150 3152/3152/3152 3153/3153/3153
f 3154/3154/3154 3155/3155/3155 3156/3156/3156
f 3154/3154/3154 3156/3156/3156 3157/3157/3157
f 3158/3158/3158 3159/3159/3159 3160/3160/3160
f 3158/3158/3158 3160/3160/3160 3161/3161/3161
f 3162/3162/3162 3163/3163/3163 3164/3164/3164
f 3162/3162/3162 3164/3164/3164 3165/3165/3165
f 3166/3166/3166 3167/3167/3167 3168/3168/3168
f 3166/3166/3166 3168/3168/3168 3169/3169/3169
f 3170/3170/3170 3171/3171/3171 3172/3172/3172
f 3170/3170/3170 3172/3172/3172 3173/3173/3173
f 3174/3174/3174 3175/3175/3175 3176/3176/3176
f 3174/3174/3174 3176/3176/3176 3177/3177/3177
f 3178/3178/3178 3179/3179/3179 3180/3180/3180
f 3178/3178/3178 3180/3180/3180 3181/3181/3181
f 3182/3182/3182 3183/3183/3183 3184/3184/3184
f 3182/3182/3182 3184/3184/3184 3185/3185/3185
f 3186/3186/3186 3187/3187/3187 3188/3188/3188
f 3186/3186/3186 3188/3188/3188 3189/3189/3189
f 3190/3190/3190 3191/3191/3191 3192/3192/3192
f 3190/3190/3190 3192/3192/3192 3193/3193/3193
f 3194/3194/3194 3195/3195/3195 3196/3196/3196
f 3194/3194/3194 3196/3196/3196 3197/3197/3197
f 3198/3198/3198 3199/3199/3199 3200/3200/3200
f 3198/3198/3198 3200/3200/3200 3201/3201/3201
f 3202/3202/3202 3203/3203/3203 3204/3204/3204
f 3202/3202/3202 3204/3204/3204 3205/3205/3205
f 3206/3206/3206 3207/3207/3207 3208/3208/3208
f 3206/3206/3206 3208/3208/3208 3209/3209/3209
f 3210/3210/3210 3211/3211/3211 3212/3212/3212
f 3210/3210/3210 3212/3212/3212 3213/3213/3213
f 3214/3214/3214 3215/3215/3215 3216/3216/3216
f 3214/3214/3214 3216/3216/3216 3217/3217/3217
f 3218/3218/3218 3219/3219/3219 3220/3220/3220
f 3218/3218/3218 3220/3220/3220 3221/3221/3221
f 3222/3222/3222 3223/3223/3223 3224/3224/3224
f 3222/3222/3222 3224/3224/3224 3225/3225/3225
f 3226/3226/3226 3227/3227/3227 3228/3228/3228
f 3226/3226/3226 3228/3228/3228 3229/3229/3229
f 3230/3230/3230 3231/3231/3231 3232/3232/3232
f 3230/3230/3230 3232/3232/3232 3233/3233/3233
f 3234/3234/3234 3235/3235/3235 3236/3236/3236
f 3234/3234/3234 3236/3236/3236 3237/3237/3237
f 3238/3238/3238 3239/3239/3239 3240/3240/3240
f 3238/3238/3238 3240/3240/3240 3241/3241/3241
f 3242/3242/3242 3243/3243/3243 3244/3244/3244
f 3242/3242/3242 3244/3244/3244 3245/3245/3245
f 3246/3246/3246 3247/3247/3247 3248/3248/3248
f 3246/3246/3246 3248/3248/3248 3249/3249/3249
f 3250/3250/3250 3251/3251/3251 3252/3252/3252
f 3250/3250/3250 3252/3252/3252 3253/3253/3253
f 3254/3254/3254 3255/3255/3255 3256/3256/3256
f 3254/3254/3254 3256/3256/3256 3257/3257/3257
f 3258/3258/3258 3259/3259/3259 3260/3260/3260
f 3258/3258/3258 3260/3260/3260 3261/3261/3261
f 3262/3262/3262 3263/3263/3263 3264/3264/3264
f 3262/3262/3262 3264/3264/3264 3265/3265/3265
f 3266/3266/3266 3267/3267/3267 3268/3268/3268
f 3266/3266/3266 3268/3268/3268 3269/3269/3269
f 3270/3270/3270 3271/3271/3271 3272/3272/3272
f 3270/3270/3270 3272/3272/3272 3273/3273/3273
f 3274/3274/3274 3275/3275/3275 3276/3276/3276
f 3274/3274/3274 3276/3276/3276 3277/3277/3277
f 3278/3278/3278 3279/3279/3279 3280/3280/3280
f 3278/3278/3278 3280/3280/3280 3281/3281/3281
f 3282/3282/3282 3283/3283/3283 3284/3284/3284
f 3282/3282/3282 3284/3284/3284 3285/3285/3285
f 3286/3286/3286 3287/3287/3287 3288/3288/3288
f 3286/3286/3286 3288/3288/3288 3289/3289/3289
f 3290/3290/3290 3291/3291/3291 3292/3292/3292
f 3290/3290/3290 3292/3292/3292 3293/3293/3293
f 3294/3294/3294 3295/3295/3295 3296/3296/3296
f 3294/3294/3294 3296/3296/3296 3297/3297/3297
f 3298/3298/3298 3299/3299/3299 3300/3300/3300
f 3298/3298/3298 3300/3300/3300 3301/3301/3301
f 3302/3302/3302 3303/3303/3303 3304/3304/3304
f 3302/3302/3302 3304/3304/3304 3305/3305/3305
f 3306/3306/3306 3307/3307/3307 3308/3308/3308
f 3306/3306/3306 3308/3308/3308 3309/3309/3309
f 3310/3310/3310 3311/3311/3311 3312/3312/3312
f 3310/3310/3310 3312/3312/3312 3313/3313/3313
f 3314/3314/3314 3315/3315/3315 3316/3316/3316
f 3314/3314/3314 3316/3316/3316 3317/3317/3317
f 3318/3318/3318 3319/3319/3319 3320/3320/3320
f 3318/3318/3318 3320/3320/3320 3321/3321/3321
f 3322/3322/3322 3323/3323/3323 3324/3324/3324
f 3322/3322/3322 3324/3324/3324 3325/3325/3325
f 3326/3326/3326 3327/3327/3327 3328/3328/3328
f 3326/3326/3326 3328/3328/3328 3329/3329/3329
f 3330/3330/3330 3331/3331/3331 3332/3332/3332
f 3330/3330/3330 3332/3332/3332 3333/3333/3333
f 3334/3334/3334 3335/3335/3335 3336/3336/3336
f 3334/3334/3334 3336/3336/3336 3337/3337/3337
f 3338/3338/3338 3339/3339/3339 3340/3340/3340
f 3338/3338/3338 3340/3340/3340 3341/3341/3341
f 3342/3342/3342 3343/3343/3343 3344/3344/3344
f 3342/3342/3342 3344/3344/3344 3345/3345/3345
f 3346/3346/3346 3347/3347/3347 3348/3348/3348
f 3346/3346/3346 3348/3348/3348 3349/3349/3349
f 3350/3350/3350 3351/3351/3351 3352/3352/3352
f 3350/3350/3350 3352/3352/3352 3353/3353/3353
f 3354/3354/3354 3355/3355/3355 3356/3356/3356
f 3354/3354/3354 3356/3356/3356 3357/3357/3357
f 3358/3358/3358 3359/3359/3359 3360/3360/3360
f 3358/3358/3358 3360/3360/3360 3361/3361/3361
f 3362/3362/3362 3363/3363/3363 3364/3364/3364
f 3362/3362/3362 3364/3364/3364 3365/3365/3365
f 3366/3366/3366 3367/3367/3367 3368/3368/3368
f 3366/3366/3366 3368/3368/3368 3369/3369/3369
f 3370/3370/3370 3371/3371/3371 3372/3372/3372
f 3370/3370/3370 3372/3372/3372 3373/3373/3373
f 3374/3374/3374 3375/3375/3375 3376/3376/3376
f 3374/3374/3374 3376/3376/3376 3377/3377/3377
f 3378/3378/3378 3379/3379/3379 3380/3380/3380
f 3378/3378/3378 3380/3380/3380 3381/3381/3381
f 3382/3382/3382 3383/3383/3383 3384/3384/3384
f 3382/3382/3382 3384/3384/3384 3385/3385/3385
f 3386/3386/3386 3387/3387/3387 3388/3388/3388
f 3386/3386/3386 3388/3388/3388 3389/3389/3389
f 3390/3390/3390 3391/3391/3391 3392/3392/3392
f 3390/3390/3390 3392/3392/3392 3393/3393/3393
f 3394/3394/3394 3395/3395/3395 3396/3396/3396
f 3394/3394/3394 3396/3396/3396 3397/3397/3397
f 3398/3398/3398 3399/3399/3399 3400/3400/3400
f 3398/3398/3398 3400/3400/3400 3401/3401/3401
f 3402/3402/3402 3403/3403/3403 3404/3404/3404
f 3402/3402/3402 3404/3404/3404 3405/3405/3405
f 3406/3406/3406 3407/3407/3407 3408/3408/3408
f 3406/3406/3406 3408/3408/3408 3409/3409/3409
f 3410/3410/3410 3411/3411/3411 3412/3412/3412
f 3410/3410/3410 3412/3412/3412 3413/3413/3413
f 3414/3414/3414 3415/3415/3415 3416/3416/3416
f 3414/3414/3414 3416/3416/3416 3417/3417/3417
f 3418/3418/3418 3419/3419/3419 3420/3420/3420
f 3418/3418/3418 3420/3420/3420 3421/3421/3421
f 3422/3422/3422 3423/3423/3423 3424/3424/3424
f 3422/3422/3422 3424/3424/3424 3425/3425/3425
f 3426/3426/3426 3427/3427/3427 3428/3428/3428
f 3426/3426/3426 3428/3428/3428 3429/3429/3429
f 3430/3430/3430 3431/3431/3431 3432/3432/3432
f 3430/3430/3430 3432/3432/3432 3433/3433/3433
f 3434/3434/3434 3435/3435/3435 3436/3436/3436
f 3434/3434/3434 3436/3436/3436 3437/3437/3437
f 3438/3438/3438 3439/3439/3439 3440/3440/3440
f 3438/3438/3438 3440/3440/3440 3441/3441/3441
f 3442/3442/3442 3443/3443/3443 3444/3444/3444
f 3442/3442/3442 3444/3444/3444 3445/3445/3445
f 3446/3446/3446 3447/3447/3447 3448/3448/3448
f 3446/3446/3446 3448/3448/3448 3449/3449/3449
f 3450/3450/3450 3451/3451/3451 3452/3452/3452
f 3450/3450/3450 3452/3452/3452 3453/3453/3453
f 3454/3454/3454 3455/3455/3455 3456/3456/3456
f 3454/3454/3454 3456/3456/3456 3457/3457/3457
f 3458/3458/3458 3459/3459/3459 3460/3460/3460
f 3458/3458/3458 3460/3460/3460 3461/3461/3461
f 3462/3462/3462 3463/3463/3463 3464/3464/3464
f 3462/3462/3462 3464/3464/3464 3465/3465/3465
f 3466/3466/3466 3467/3467/3467 3468/3468/3468
f 3466/3466/3466 3468/3468/3468 3469/3469/3469
f 3470/3470/3470 3471/3471/3471 3472/3472/3472
f 3470/3470/3470 3472/3472/3472 3473/3473/3473
f 3474/3474/3474 3475/3475/3475 3476/3476/3476
f 3474/3474/3474 3476/3476/3476 3477/3477/3477
f 3478/3478/3478 3479/3479/3479 3480/3480/3480
f 3478/3478/3478 3480/3480/3480 3481/3481/3481
f 3482/3482/3482 3483/3483/3483 3484/3484/3484
f 3482/3482/3482 3484/3484/3484 3485/3485/3485
f 3486/3486/3486 3487/3487/3487 3488/3488/3488
f 3486/3486/3486 3488/3488/3488 3489/3489/3489
f 3490/3490/3490 3491/3491/3491 3492/3492/3492
f 3490/3490/3490 3492/3492/3492 3493/3493/3493
f 3494/3494/3494 3495/3495/3495 3496/3496/3496
f 3494/3494/3494 3496/3496/3496 3497/3497/3497
f 3498/3498/3498 3499/3499/3499 3500/3500/3500
f 3498/3498/3498 3500/3500/3500 3501/3501/3501
f 3502/3502/3502 3503/3503/3503 3504/3504/3504
f 3502/3502/3502 3504/3504/3504 3505/3505/3505
f 3506/3506/3506 3507/3507/3507 3508/3508/3508
f 3506/3506/3506 3508/3508/3508 3509/3509/3509
f 3510/3510/3510 3511/3511/3511 3512/3512/3512
f 3510/3510/3510 3512/3512/3512 3513/3513/3513
f 3514/3514/3514 3515/3515/3515 3516/3516/3516
f 3514/3514/3514 3516/3516/3516 3517/3517/3517
f 3518/3518/3518 3519/3519/3519 3520/3520/3520
f 3518/3518/3518 3520/3520/3520 3521/3521/3521
f 3522/3522/3522 3523/3523/3523 3524/3524/3524
f 3522/3522/3522 3524/3524/3524 3525/3525/3525
f 3526/3526/3526 3527/3527/3527 3528/3528/3528
f 3526/3526/3526 3528/3528/3528 3529/3529/3529
f 3530/3530/3530 3531/3531/3531 3532/3532/3532
f 3530/3530/3530 3532/3532/3532 3533/3533/3533
f 3534/3534/3534 3535/3535/3535 3536/3536/3536
f 3534/3534/3534 3536/3536/3536 3537/3537/3537
f 3538/3538/3538 3539/3539/3539 3540/3540/3540
f 3538/3538/3538 3540/3540/3540 3541/3541/3541
f 3542/3542/3542 3543/3543/3543 3544/3544/3544
f 3542/3542/3542 3544/3544/3544 3545/3545/3545
f 3546/3546/3546 3547/3547/3547 3548/3548/3548
f 3546/3546/3546 3548/3548/3548 3549/3549/3549
f 3550/3550/3550 3551/3551/3551 3552/3552/3552
f 3550/3550/3550 3552/3552/3552 3553/3553/3553
f 3554/3554/3554 3555/3555/3555 3556/3556/3556
f 3554/3554/3554 3556/3556/3556 3557/3557/3557
f 3558/3558/3558 3559/3559/3559 3560/3560/3560
f 3558/3558/3558 3560/3560/3560 3561/3561/3561
f 3562/3562/3562 3563/3563/3563 3564/3564/3564
f 3562/3562/3562 3564/3564/3564 3565/3565/3565
f 3566/3566/3566 3567/3567/3567 3568/3568/3568
f 3566/3566/3566 3568/3568/3568 3569/3569/3569
f 3570/3570/3570 3571/3571/3571 3572/3572/3572
f 3570/3570/3570 3572/3572/3572 3573/3573/3573
f 3574/3574/3574 3575/3575/3575 3576/3576/3576
f 3574/3574/3574 3576/3576/3576 3577/3577/3577
f 3578/3578/3578 3579/3579/3579 3580/3580/3580
f 3578/3578/3578 3580/3580/3580 3581/3581/3581
f 3582/3582/3582 3583/3583/3583 3584/3584/3584
f 3582/3582/3582 3584/3584/3584 3585/3585/3585
f 3586/3586/3586 3587/3587/3587 3588/3588/3588
f 3586/3586/3586 3588/3588/3588 3589/3589/3589
f 3590/3590/3590 3591/3591/3591 3592/3592/3592
f 3590/3590/3590 3592/3592/3592 3593/3593/3593
f 3594/3594/3594 3595/3595/3595 3596/3596/3596
f 3594/3594/3594 3596/3596/3596 3597/3597/3597
f 3598/3598/3598 3599/3599/3599 3600/3600/3600
f 3598/3598/3598 3600/3600/3600 3601/3601/3601
f 3602/3602/3602 3603/3603/3603 3604/3604/3604
f 3602/3602/3602 3604/3604/3604 3605/3605/3605
f 3606/3606/3606 3607/3607/3607 3608/3608/3608
f 3606/3606/3606 3608/3608/3608 3609/3609/3609
f 3610/3610/3610 3611/3611/3611 3612/3612/3612
f 3610/3610/3610 3612/3612/3612 3613/3613/3613
f 3614/3614/3614 3615/3615/3615 3616/3616/3616
f 3614/3614/3614 3616/3616/3616 3617/3617/3617
f 3618/3618/3618 3619/3619/3619 3620/3620/3620
f 3618/3618/3618 3620/3620/3620 3621/3621/3621
f 3622/3622/3622 3623/3623/3623 3624/3624/3624
f 3622/3622/3622 3624/3624/3624 3625/3625/3625
f 3626/3626/3626 3627/3627/3627 3628/3628/3628
f 3626/3626/3626 3628/3628/3628 3629/3629/3629
f 3630/3630/3630 3631/3631/3631 3632/3632/3632
f 3630/3630/3630 3632/3632/3632 3633/3633/3633
f 3634/3634/3634 3635/3635/3635 3636/3636/3636
f 3634/3634/3634 3636/3636/3636 3637/3637/3637
f 3638/3638/3638 3639/3639/3639 3640/3640/3640
f 3638/3638/3638 3640/3640/3640 3641/3641/3641
f 3642/3642/3642 3643/3643/3643 3644/3644/3644
f 3642/3642/3642 3644/3644/3644 3645/3645/3645
f 3646/3646/3646 3647/3647/3647 3648/3648/3648
f 3646/3646/3646 3648/3648/3648 3649/3649/3649
f 3650/3650/3650 3651/3651/3651 3652/3652/3652
f 3650/3650/3650 3652/3652/3652 3653/3653/3653
f 3654/3654/3654 3655/3655/3655 3656/3656/3656
f 3654/3654/3654 3656/3656/3656 3657/3657/3657
f 3658/3658/3658 3659/3659/3659 3660/3660/3660
f 3658/3658/3658 3660/3660/3660 3661/3661/3661
f 3662/3662/3662 3663/3663/3663 3664/3664/3664
f 3662/3662/3662 3664/3664/3664 3665/3665/3665
f 3666/3666/3666 3667/3667/3667 3668/3668/3668
f 3666/3666/3666 3668/3668/3668 3669/3669/3669
f 3670/3670/3670 3671/3671/3671 3672/3672/3672
f 3670/3670/3670 3672/3672/3672 3673/3673/3673
f 3674/3674/3674 3675/3675/3675 3676/3676/3676
f 3674/3674/3674 3676/3676/3676 3677/3677/3677
f 3678/3678/3678 3679/3679/3679 3680/3680/3680
f 3678/3678/3678 3680/3680/3680 3681/3681/3681
f 3682/3682/3682 3683/3683/3683 3684/3684/3684
f 3682/3682/3682 3684/3684/3684 3685/3685/3685
f 3686/3686/3686 3687/3687/3687 3688/3688/3688
f 3686/3686/3686 3688/3688/3688 3689/3689/3689
f 3690/3690/3690 3691/3691/3691 3692/3692/3692
f 3690/3690/3690 3692/3692/3692 3693/3693/3693
f 3694/3694/3694 3695/3695/3695 3696/3696/3696
f 3694/3694/3694 3696/3696/3696 3697/3697/3697
f 3698/3698/3698 3699/3699/3699 3700/3700/3700
f 3698/3698/3698 3700/3700/3700 3701/3701/3701
f 3702/3702/3702 3703/3703/3703 3704/3704/3704
f 3702/3702/3702 3704/3704/3704 3705/3705/3705
f 3706/3706/3706 3707/3707/3707 3708/3708/3708
f 3706/3706/3706 3708/3708/3708 3709/3709/3709
f 3710/3710/3710 3711/3711/3711 3712/3712/3712
f 3710/3710/3710 3712/3712/3712 3713/3713/3713
f 3714/3714/3714 3715/3715/3715 3716/3716/3716
f 3714/3714/3714 3716/3716/3716 3717/3717/3717
f 3718/3718/3718 3719/3719/3719 3720/3720/3720
f 3718/3718/3718 3720/3720/3720 3721/3721/3721
f 3722/3722/3722 3723/3723/3723 3724/3724/3724
f 3722/3722/3722 3724/3724/3724 3725/3725/3725
f 3726/3726/3726 3727/3727/3727 3728/3728/3728
f 3726/3726/3726 3728/3728/3728 3729/3729/3729
f 3730/3730/3730 3731/3731/3731 3732/3732/3732
f 3730/3730/3730 3732/3732/3732 3733/3733/3733
f 3734/3734/3734 3735/3735/3735 3736/3736/3736
f 3734/3734/3734 3736/3736/3736 3737/3737/3737
f 3738/3738/3738 3739/3739/3739 3740/3740/3740
f 3738/3738/3738 3740/3740/3740 3741/3741/3741
f 3742/3742/3742 3743/3743/3743 3744/3744/3744
f 3742/3742/3742 3744/3744/3744 3745/3745/3745
f 3746/3746/3746 3747/3747/3747 3748/3748/3748
f 3746/3746/3746 3748/3748/3748 3749/3749/3749
f 3750/3750/3750 3751/3751/3751 3752/3752/3752
f 3750/3750/3750 3752/3752/3752 3753/3753/3753
f 3754/3754/3754 3755/3755/3755 3756/3756/3756
f 3754/3754/3754 3756/3756/3756 3757/3757/3757
f 3758/3758/3758 3759/3759/3759 3760/3760/3760
f 3758/3758/3758 3760/3760/3760 3761/3761/3761
f 3762/3762/3762 3763/3763/3763 3764/3764/3764
f 3762/3762/3762 3764/3764/3764 3765/3765/3765
f 3766/3766/3766 3767/3767/3767 3768/3768/3768
f 3766/3766/3766 3768/3768/3768 3769/3769/3769
f 3770/3770/3770 3771/3771/3771 3772/3772/3772
f 3770/3770/3770 3772/3772/3772 3773/3773/3773
f 3774/3774/3774 3775/3775/3775 3776/3776/3776
f 3774/3774/3774 3776/3776/3776 3777/3777/3777
f 3778/3778/3778 3779/3779/3779 3780/3780/3780
f 3778/3778/3778 3780/3780/3780 3781/3781/3781
f 3782/3782/3782 3783/3783/3783 3784/3784/3784
f 3782/3782/3782 3784/3784/3784 3785/3785/3785
f 3786/3786/3786 3787/3787/3787 3788/3788/3788
f 3786/3786/3786 3788/3788/3788 3789/3789/3789
f 3790/3790/3790 3791/3791/3791 3792/3792/3792
f 3790/3790/3790 3792/3792/3792 3793/3793/3793
f 3794/3794/3794 3795/3795/3795 3796/3796/3796
f 3794/3794/3794 3796/3796/3796 3797/3797/3797
f 3798/3798/3798 3799/3799/3799 3800/3800/3800
f 3798/3798/3798 3800/3800/3800 3801/3801/3801
f 3802/3802/3802 3803/3803/3803 3804/3804/3804
f 3802/3802/3802 3804/3804/3804 3805/3805/3805
f 3806/3806/3806 3807/3807/3807 3808/3808/3808
f 3806/3806/3806 3808/3808/3808 3809/3809/3809
f 3810/3810/3810 3811/3811/3811 3812/3812/3812
f 3810/3810/3810 3812/3812/3812 3813/3813/3813
f 3814/3814/3814 3815/3815/3815 3816/3816/3816
f 3814/3814/3814 3816/3816/3816 3817/3817/3817
f 3818/3818/3818 3819/3819/3819 3820/3820/3820
f 3818/3818/3818 3820/3820/3820 3821/3821/3821
f 3822/3822/3822 3823/3823/3823 3824/3824/3824
f 3822/3822/3822 3824/3824/3824 3825/3825/3825
f 3826/3826/3826 3827/3827/3827 3828/3828/3828
f 3826/3826/3826 3828/3828/3828 3829/3829/3829
f 3830/3830/3830 3831/3831/3831 3832/3832/3832
f 3830/3830/3830 3832/3832/3832 3833/3833/3833
f 3834/3834/3834 3835/3835/3835 3836/3836/3836
f 3834/3834/3834 3836/3836/3836 3837/3837/3837
f 3838/3838/3838 3839/3839/3839 3840/3840/3840
f 3838/3838/3838 3840/3840/3840 3841/3841/3841
f 3842/3842/3842 3843/3843/3843 3844/3844/3844
f 3842/3842/3842 3844/3844/3844 3845/3845/3845
f 3846/3846/3846 3847/3847/3847 3848/3848/3848
f 3846/3846/3846 3848/3848/3848 3849/3849/3849
f 3850/3850/3850 3851/3851/3851 3852/3852/3852
f 3850/3850/3850 3852/3852/3852 3853/3853/3853
f 3854/3854/3854 3855/3855/3855 3856/3856/3856
f 3854/3854/3854 3856/3856/3856 3857/3857/3857
f 3858/3858/3858 3859/3859/3859 3860/3860/3860
f 3858/3858/3858 3860/3860/3860 3861/3861/3861
f 3862/3862/3862 3863/3863/3863 3864/3864/3864
f 3862/3862/3862 3864/3864/3864 3865/3865/3865
f 3866/3866/3866 3867/3867/3867 3868/3868/3868
f 3866/3866/3866 3868/3868/3868 3869/3869/3869
f 3870/3870/3870 3871/3871/3871 3872/3872/3872
f 3870/3870/3870 3872/3872/3872 3873/3873/3873
f 3874/3874/3874 3875/3875/3875 3876/3876/3876
f 3874/3874/3874 3876/3876/3876 3877/3877/3877
f 3878/3878/3878 3879/3879/3879 3880/3880/3880
f 3878/3878/3878 3880/3880/3880 3881/3881/3881
f 3882/3882/3882 3883/3883/3883 3884/3884/3884
f 3882/3882/3882 3884/3884/3884 3885/3885/3885
f 3886/3886/3886 3887/3887/3887 3888/3888/3888
f 3886/3886/3886 3888/3888/3888 3889/3889/3889
f 3890/3890/3890 3891/3891/3891 3892/3892/3892
f 3890/3890/3890 3892/3892/3892 3893/3893/3893
f 3894/3894/3894 3895/3895/3895 3896/3896/3896
f 3894/3894/3894 3896/3896/3896 3897/3897/3897
f 3898/3898/3898 3899/3899/3899 3900/3900/3900
f 3898/3898/3898 3900/3900/3900 3901/3901/3901
f 3902/3902/3902 3903/3903/3903 3904/3904/3904
f 3902/3902/3902 3904/3904/3904 3905/3905/3905
f 3906/3906/3906 3907/3907/3907 3908/3908/3908
f 3906/3906/3906 3908/3908/3908 3909/3909/3909
f 3910/3910/3910 3911/3911/3911 3912/3912/3912
f 3910/3910/3910 3912/3912/3912 3913/3913/3913
f 3914/3914/3914 3915/3915/3915 3916/3916/3916
f 3914/3914/3914 3916/3916/3916 3917/3917/3917
f 3918/3918/3918 3919/3919/3919 3920/3920/3920
f 3918/3918/3918 3920/3920/3920 3921/3921/3921
f 3922/3922/3922 3923/3923/3923 3924/3924/3924
f 3922/3922/3922 3924/3924/3924 3925/3925/3925
f 3926/3926/3926 3927/3927/3927 3928/3928/3928
f 3926/3926/3926 3928/3928/3928 3929/3929/3929
f 3930/3930/3930 3931/3931/3931 3932/3932/3932
f 3930/3930/3930 3932/3932/3932 3933/3933/3933
f 3934/3934/3934 3935/3935/3935 3936/3936/3936
f 3934/3934/3934 3936/3936/3936 3937/3937/3937
f 3938/3938/3938 3939/3939/3939 3940/3940/3940
f 3938/3938/3938 3940/3940/3940 3941/3941/3941
f 3942/3942/3942 3943/3943/3943 3944/3944/3944
f 3942/3942/3942 3944/3944/3944 3945/3945/3945
f 3946/3946/3946 3947/3947/3947 3948/3948/3948
f 3946/3946/3946 3948/3948/3948 3949/3949/3949
f 3950/3950/3950 3951/3951/3951 3952/3952/3952
f 3950/3950/3950 3952/3952/3952 3953/3953/3953
f 3954/3954/3954 3955/3955/3955 3956/3956/3956
f 3954/3954/3954 3956/3956/3956 3957/3957/3957
f 3958/3958/3958 3959/3959/3959 3960/3960/3960
f 3958/3958/3958 3960/3960/3960 3961/3961/3961
f 3962/3962/3962 3963/3963/3963 3964/3964/3964
f 3962/3962/3962 3964/3964/3964 3965/3965/3965
f 3966/3966/3966 3967/3967/3967 3968/3968/3968
f 3966/3966/3966 3968/3968/3968 3969/3969/3969
f 3970/3970/3970 3971/3971/3971 3972/3972/3972
f 3970/3970/3970 3972/3972/3972 3973/3973/3973
f 3974/3974/3974 3975/3975/3975 3976/3976/3976
f 3974/3974/3974 3976/3976/3976 3977/3977/3977
f 3978/3978/3978 3979/3979/3979 3980/3980/3980
f 3978/3978/3978 3980/3980/3980 3981/3981/3981
f 3982/3982/3982 3983/3983/3983 3984/3984/3984
f 3982/3982/3982 3984/3984/3984 3985/3985/3985
f 3986/3986/3986 3987/3987/3987 3988/3988/3988
f 3986/3986/3986 3988/3988/3988 3989/3989/3989
f 3990/3990/3990 3991/3991/3991 3992/3992/3992
f 3990/3990/3990 3992/3992/3992 3993/3993/3993
f 3994/3994/3994 3995/3995/3995 3996/3996/3996
f 3994/3994/3994 3996/3996/3996 3997/3997/3997
f 3998/3998/3998 3999/3999/3999 4000/4000/4000
f 3998/3998/3998 4000/4000/4000 4001/4001/4001
f 4002/4002/4002 4003/4003/4003 4004/4004/4004
f 4002/4002/4002 4004/4004/4004 4005/4005/4005
f 4006/4006/4006 4007/4007/4007 4008/4008/4008
f 4006/4006/4006 4008/4008/4008 4009/4009/4009
f 4010/4010/4010 4011/4011/4011 4012/4012/4012
f 4010/4010/4010 4012/4012/4012 4013/4013/4013
f 4014/4014/4014 4015/4015/4015 4016/4016/4016
f 4014/4014/4014 4016/4016/4016 4017/4017/4017
f 4018/4018/4018 4019/4019/4019 4020/4020/4020
f 4018/4018/4018 4020/4020/4020 4021/4021/4021
f 4022/4022/4022 4023/4023/4023 4024/4024/4024
f 4022/4022/4022 4024/4024/4024 4025/4025/4025
f 4026/4026/4026 4027/4027/4027 4028/4028/4028
f 4026/4026/4026 4028/4028/4028 4029/4029/4029
f 4030/4030/4030 4031/4031/4031 4032/4032/4032
f 4030/4030/4030 4032/4032/4032 4033/4033/4033
f 4034/4034/4034 4035/4035/4035 4036/4036/4036
f 4034/4034/4034 4036/4036/4036 4037/4037/4037
f 4038/4038/4038 4039/4039/4039 4040/4040/4040
f 4038/4038/4038 4040/4040/4040 4041/4041/4041
f 4042/4042/4042 4043/4043/4043 4044/4044/4044
f 4042/4042/4042 4044/4044/4044 4045/4045/4045
f 4046/4046/4046 4047/4047/4047 4048/4048/4048
f 4046/4046/4046 4048/4048/4048 4049/4049/4049
f 4050/4050/4050 4051/4051/4051 4052/4052/4052
f 4050/4050/4050 4052/4052/4052 4053/4053/4053
f 4054/4054/4054 4055/4055/4055 4056/4056/4056
f 4054/4054/4054 4056/4056/4056 4057/4057/4057
f 4058/4058/4058 4059/4059/4059 4060/4060/4060
f 4058/4058/4058 4060/4060/4060 4061/4061/4061
f 4062/4062/4062 4063/4063/4063 4064/4064/4064
f 4062/4062/4062 4064/4064/4064 4065/4065/4065
f 4066/4066/4066 4067/4067/4067 4068/4068/4068
f 4066/4066/4066 4068/4068/4068 4069/4069/4069
f 4070/4070/4070 4071/4071/4071 4072/4072/4072
f 4070/4070/4070 4072/4072/4072 4073/4073/4073
f 4074/4074/4074 4075/4075/4075 4076/4076/4076
f 4074/4074/4074 4076/4076/4076 4077/4077/4077
f 4078/4078/4078 4079/4079/4079 4080/4080/4080
f 4078/4078/4078 4080/4080/4080 4081/4081/4081
f 4082/4082/4082 4083/4083/4083 4084/4084/4084
f 4082/4082/4082 4084/4084/4084 4085/4085/4085
f 4086/4086/4086 4087/4087/4087 4088/4088/4088
f 4086/4086/4086 4088/4088/4088 4089/4089/4089
f 4090/4090/4090 4091/4091/4091 4092/4092/4092
f 4090/4090/4090 4092/4092/4092 4093/4093/4093
f 4094/4094/4094 4095/4095/4095 4096/4096/4096
f 4094/4094/4094 4096/4096/4096 4097/4097/4097
f 4098/4098/4098 4099/4099/4099 4100/4100/4100
f 4098/4098/4098 4100/4100/4100 4101/4101/4101
f 4102/4102/4102 4103/4103/4103 4104/4104/4104
f 4102/4102/4102 4104/4104/4104 4105/4105/4105
f 4106/4106/4106 4107/4107/4107 4108/4108/4108
f 4106/4106/4106 4108/4108/4108 4109/4109/4109
f 4110/4110/4110 4111/4111/4111 4112/4112/4112
f 4110/4110/4110 4112/4112/4112 4113/4113/4113
f 4114/4114/4114 4115/4115/4115 4116/4116/4116
f 4114/4114/4114 4116/4116/4116 4117/4117/4117
f 4118/4118/4118 4119/4119/4119 4120/4120/4120
f 4118/4118/4118 4120/4120/4120 4121/4121/4121
f 4122/4122/4122 4123/4123/4123 4124/4124/4124
f 4122/4122/4122 4124/4124/4124 4125/4125/4125
f 4126/4126/4126 4127/4127/4127 4128/4128/4128
f 4126/4126/4126 4128/4128/4128 4129/4129/4129
f 4130/4130/4130 4131/4131/4131 4132/4132/4132
f 4130/4130/4130 4132/4132/4132 4133/4133/4133
f 4134/4134/4134 4135/4135/4135 4136/4136/4136
f 4134/4134/4134 4136/4136/4136 4137/4137/4137
f 4138/4138/4138 4139/4139/4139 4140/4140/4140
f 4138/4138/4138 4140/4140/4140 4141/4141/4141
f 4142/4142/4142 4143/4143/4143 4144/4144/4144
f 4142/4142/4142 4144/4144/4144 4145/4145/4145
f 4146/4146/4146 4147/4147/4147 4148/4148/4148
f 4146/4146/4146 4148/4148/4148 4149/4149/4149
f 4150/4150/4150 4151/4151/4151 4152/4152/4152
f 4150/4150/4150 4152/4152/4152 4153/4153/4153
f 4154/4154/4154 4155/4155/4155 4156/4156/4156
f 4154/4154/4154 4156/4156/4156 4157/4157/4157
f 4158/4158/4158 4159/4159/4159 4160/4160/4160
f 4158/4158/4158 4160/4160/4160 4161/4161/4161
f 4162/4162/4162 4163/4163/4163 4164/4164/4164
f 4162/4162/4162 4164/4164/4164 4165/4165/4165
f 4166/4166/4166 4167/4167/4167 4168/4168/4168
f 4166/4166/4166 4168/4168/4168 4169/4169/4169
f 4170/4170/4170 4171/4171/4171 4172/4172/4172
f 4170/4170/4170 4172/4172/4172 4173/4173/4173
f 4174/4174/4174 4175/4175/4175 4176/4176/4176
f 4174/4174/4174 4176/4176/4176 4177/4177/4177
f 4178/4178/4178 4179/4179/4179 4180/4180/4180
f 4178/4178/4178 4180/4180/4180 4181/4181/4181
f 4182/4182/4182 4183/4183/4183 4184/4184/4184
f 4182/4182/4182 4184/4184/4184 4185/4185/4185
f 4186/4186/4186 4187/4187/4187 4188/4188/4188
f 4186/4186/4186 4188/4188/4188 4189/4189/4189
f 4190/4190/4190 4191/4191/4191 4192/4192/4192
f 4190/4190/4190 4192/4192/4192 4193/4193/4193
f 4194/4194/4194 4195/4195/4195 4196/4196/4196
f 4194/4194/4194 4196/4196/4196 4197/4197/4197
f 4198/4198/4198 4199/4199/4199 4200/4200/4200
f 4198/4198/4198 4200/4200/4200 4201/4201/4201
f 4202/4202/4202 4203/4203/4203 4204/4204/4204
f 4202/4202/4202 4204/4204/4204 4205/4205/4205
f 4206/4206/4206 4207/4207/4207 4208/4208/4208
f 4206/4206/4206 4208/4208/4208 4209/4209/4209
f 4210/4210/4210 4211/4211/4211 4212/4212/4212
f 4210/4210/4210 4212/4212/4212 4213/4213/4213
f 4214/4214/4214 4215/4215/4215 4216/4216/4216
f 4214/4214/4214 4216/4216/4216 4217/4217/4217
f 4218/4218/4218 4219/4219/4219 4220/4220/4220
f 4218/4218/4218 4220/4220/4220 4221/4221/4221
f 4222/4222/4222 4223/4223/4223 4224/4224/4224
f 4222/4222/4222 4224/4224/4224 4225/4225/4225
f 4226/4226/4226 4227/4227/4227 4228/4228/4228
f 4226/4226/4226 4228/4228/4228 4229/4229/4229
f 4230/4230/4230 4231/4231/4231 4232/4232/4232
f 4230/4230/4230 4232/4232/4232 4233/4233/4233
f 4234/4234/4234 4235/4235/4235 4236/4236/4236
f 4234/4234/4234 4236/4236/4236 4237/4237/4237
f 4238/4238/4238 4239/4239/4239 4240/4240/4240
f 4238/4238/4238 4240/4240/4240 4241/4241/4241
f 4242/4242/4242 4243/4243/4243 4244/4244/4244
f 4242/4242/4242 4244/4244/4244 4245/4245/4245
f 4246/4246/4246 4247/4247/4247 4248/4248/4248
f 4246/4246/4246 4248/4248/4248 4249/4249/4249
f 4250/4250/4250 4251/4251/4251 4252/4252/4252
f 4250/4250/4250 4252/4252/4252 4253/4253/4253
f 4254/4254/4254 4255/4255/4255 4256/4256/4256
f 4254/4254/4254 4256/4256/4256 4257/4257/4257
f 4258/4258/4258 4259/4259/4259 4260/4260/4260
f 4258/4258/4258 4260/4260/4260 4261/4261/4261
f 4262/4262/4262 4263/4263/4263 4264/4264/4264
f 4262/4262/4262 4264/4264/4264 4265/4265/4265
f 4266/4266/4266 4267/4267/4267 4268/4268/4268
f 4266/4266/4266 4268/4268/4268 4269/4269/4269
f 4270/4270/4270 4271/4271/4271 4272/4272/4272
f 4270/4270/4270 4272/4272/4272 4273/4273/4273
f 4274/4274/4274 4275/4275/4275 4276/4276/4276
f 4274/4274/4274 4276/4276/4276 4277/4277/4277
f 4278/4278/4278 4279/4279/4279 4280/4280/4280
f 4278/4278/4278 4280/4280/4280 4281/4281/4281
f 4282/4282/4282 4283/4283/4283 4284/4284/4284
f 4282/4282/4282 4284/4284/4284 4285/4285/4285
f 4286/4286/4286 4287/4287/4287 4288/4288/4288
f 4286/4286/4286 4288/4288/4288 4289/4289/4289
f 4290/4290/4290 4291/4291/4291 4292/4292/4292
f 4290/4290/4290 4292/4292/4292 4293/4293/4293
f 4294/4294/4294 4295/4295/4295 4296/4296/4296
f 4294/4294/4294 4296/4296/4296 4297/4297/4297
f 4298/4298/4298 4299/4299/4299 4300/4300/4300
f 4298/4298/4298 4300/4300/4300 4301/4301/4301
f 4302/4302/4302 4303/4303/4303 4304/4304/4304
f 4302/4302/4302 4304/4304/4304 4305/4305/4305
f 4306/4306/4306 4307/4307/4307 4308/4308/4308
f 4306/4306/4306 4308/4308/4308 4309/4309/4309
f 4310/4310/4310 4311/4311/4311 4312/4312/4312
f 4310/4310/4310 4312/4312/4312 4313/4313/4313
f 4314/4314/4314 4315/4315/4315 4316/4316/4316
f 4314/4314/4314 4316/4316/4316 4317/4317/4317
f 4318/4318/4318 4319/4319/4319 4320/4320/4320
f 4318/4318/4318 4320/4320/4320 4321/4321/4321
f 4322/4322/4322 4323/4323/4323 4324/4324/4324
f 4322/4322/4322 4324/4324/4324 4325/4325/4325
f 4326/4326/4326 4327/4327/4327 4328/4328/4328
f 4326/4326/4326 4328/4328/4328 4329/4329/4329
f 4330/4330/4330 4331/4331/4331 4332/4332/4332
f 4330/4330/4330 4332/4332/4332 4333/4333/4333
f 4334/4334/4334 4335/4335/4335 4336/4336/4336
f 4334/4334/4334 4336/4336/4336 4337/4337/4337
f 4338/4338/4338 4339/4339/4339 4340/4340/4340
f 4338/4338/4338 4340/4340/4340 4341/4341/4341
f 4342/4342/4342 4343/4343/4343 4344/4344/4344
f 4342/4342/4342 4344/4344/4344 4345/4345/4345
f 4346/4346/4346 4347/4347/4347 4348/4348/4348
f 4346/4346/4346 4348/4348/4348 4349/4349/4349
f 4350/4350/4350 4351/4351/4351 4352/4352/4352
f 4350/4350/4350 4352/4352/4352 4353/4353/4353
f 4354/4354/4354 4355/4355/4355 4356/4356/4356
f 4354/4354/4354 4356/4356/4356 4357/4357/4357
f 4358/4358/4358 4359/4359/4359 4360/4360/4360
f 4358/4358/4358 4360/4360/4360 4361/4361/4361
f 4362/4362/4362 4363/4363/4363 4364/4364/4364
f 4362/4362/4362 4364/4364/4364 4365/4365/4365
f 4366/4366/4366 4367/4367/4367 4368/4368/4368
f 4366/4366/4366 4368/4368/4368 4369/4369/4369
f 4370/4370/4370 4371/4371/4371 4372/4372/4372
f 4370/4370/4370 4372/4372/4372 4373/4373/4373
f 4374/4374/4374 4375/4375/4375 4376/4376/4376
f 4374/4374/4374 4376/4376/4376 4377/4377/4377
f 4378/4378/4378 4379/4379/4379 4380/4380/4380
f 4378/4378/4378 4380/4380/4380 4381/4381/4381
f 4382/4382/4382 4383/4383/4383 4384/4384/4384
f 4382/4382/4382 4384/4384/4384 4385/4385/4385
f 4386/4386/4386 4387/4387/4387 4388/4388/4388
f 4386/4386/4386 4388/4388/4388 4389/4389/4389
f 4390/4390/4390 4391/4391/4391 4392/4392/4392
f 4390/4390/4390 4392/4392/4392 4393/4393/4393
f 4394/4394/4394 4395/4395/4395 4396/4396/4396
f 4394/4394/4394 4396/4396/4396 4397/4397/4397
f 4398/4398/4398 4399/4399/4399 4400/4400/4400
f 4398/4398/4398 4400/4400/4400 4401/4401/4401
f 4402/4402/4402 4403/4403/4403 4404/4404/4404
f 4402/4402/4402 4404/4404/4404 4405/4405/4405
f 4406/4406/4406 4407/4407/4407 4408/4408/4408
f 4406/4406/4406 4408/4408/4408 4409/4409/4409
f 4410/4410/4410 4411/4411/4411 4412/4412/4412
f 4410/4410/4410 4412/4412/4412 4413/4413/4413
f 4414/4414/4414 4415/4415/4415 4416/4416/4416
f 4414/4414/4414 4416/4416/4416 4417/4417/4417
f 4418/4418/4418 4419/4419/4419 4420/4420/4420
f 4418/4418/4418 4420/4420/4420 4421/4421/4421
f 4422/4422/4422 4423/4423/4423 4424/4424/4424
f 4422/4422/4422 4424/4424/4424 4425/4425/4425
f 4426/4426/4426 4427/4427/4427 4428/4428/4428
f 4426/4426/4426 4428/4428/4428 4429/4429/4429
f 4430/4430/4430 4431/4431/4431 4432/4432/4432
f 4430/4430/4430 4432/4432/4432 4433/4433/4433
f 4434/4434/4434 4435/4435/4435 4436/4436/4436
f 4434/4434/4434 4436/4436/4436 4437/4437/4437
f 4438/4438/4438 4439/4439/4439 4440/4440/4440
f 4438/4438/4438 4440/4440/4440 4441/4441/4441
f 4442/4442/4442 4443/4443/4443 4444/4444/4444
f 4442/4442/4442 4444/4444/4444 4445/4445/4445
f 4446/4446/4446 4447/4447/4447 4448/4448/4448
f 4446/4446/4446 4448/4448/4448 4449/4449/4449
f 4450/4450/4450 4451/4451/4451 4452/4452/4452
f 4450/4450/4450 4452/4452/4452 4453/4453/4453
f 4454/4454/4454 4455/4455/4455 4456/4456/4456
f 4454/4454/4454 4456/4456/4456 4457/4457/4457
f 4458/4458/4458 4459/4459/4459 4460/4460/4460
f 4458/4458/4458 4460/4460/4460 4461/4461/4461
f 4462/4462/4462 4463/4463/4463 4464/4464/4464
f 4462/4462/4462 4464/4464/4464 4465/4465/4465
f 4466/4466/4466 4467/4467/4467 4468/4468/4468
f 4466/4466/4466 4468/4468/4468 4469/4469/4469
f 4470/4470/4470 4471/4471/4471 4472/4472/4472
f 4470/4470/4470 4472/4472/4472 4473/4473/4473
f 4474/4474/4474 4475/4475/4475 4476/4476/4476
f 4474/4474/4474 4476/4476/4476 4477/4477/4477
f 4478/4478/4478 4479/4479/4479 4480/4480/4480
f 4478/4478/4478 4480/4480/4480 4481/4481/4481
f 4482/4482/4482 4483/4483/4483 4484/4484/4484
f 4482/4482/4482 4484/4484/4484 4485/4485/4485
f 4486/4486/4486 4487/4487/4487 4488/4488/4488
f 4486/4486/4486 4488/4488/4488 4489/4489/4489
f 4490/4490/4490 4491/4491/4491 4492/4492/4492
f 4490/4490/4490 4492/4492/4492 4493/4493/4493
f 4494/4494/4494 4495/4495/4495 4496/4496/4496
f 4494/4494/4494 4496/4496/4496 4497/4497/4497
f 4498/4498/4498 4499/4499/4499 4500/4500/4500
f 4498/4498/4498 4500/4500/4500 4501/4501/4501
f 4502/4502/4502 4503/4503/4503 4504/4504/4504
f 4502/4502/4502 4504/4504/4504 4505/4505/4505
f 4506/4506/4506 4507/4507/4507 4508/4508/4508
f 4506/4506/4506 4508/4508/4508 4509/4509/4509
f 4510/4510/4510 4511/4511/4511 4512/4512/4512
f 4510/4510/4510 4512/4512/4512 4513/4513/4513
f 4514/4514/4514 4515/4515/4515 4516/4516/4516
f 4514/4514/4514 4516/4516/4516 4517/4517/4517
f 4518/4518/4518 4519/4519/4519 4520/4520/4520
f 4518/4518/4518 4520/4520/4520 4521/4521/4521
f 4522/4522/4522 4523/4523/4523 4524/4524/4524
f 4522/4522/4522 4524/4524/4524 4525/4525/4525
f 4526/4526/4526 4527/4527/4527 4528/4528/4528
f 4526/4526/4526 4528/4528/4528 4529/4529/4529
f 4530/4530/4530 4531/4531/4531 4532/4532/4532
f 4530/4530/4530 4532/4532/4532 4533/4533/4533
f 4534/4534/4534 4535/4535/4535 4536/4536/4536
f 4534/4534/4534 4536/4536/4536 4537/4537/4537
f 4538/4538/4538 4539/4539/4539 4540/4540/4540
f 4538/4538/4538 4540/4540/4540 4541/4541/4541
f 4542/4542/4542 4543/4543/4543 4544/4544/4544
f 4542/4542/4542 4544/4544/4544 4545/4545/4545
f 4546/4546/4546 4547/4547/4547 4548/4548/4548
f 4546/4546/4546 4548/4548/4548 4549/4549/4549
f 4550/4550/4550 4551/4551/4551 4552/4552/4552
f 4550/4550/4550 4552/4552/4552 4553/4553/4553
f 4554/4554/4554 4555/4555/4555 4556/4556/4556
f 4554/4554/4554 4556/4556/4556 4557/4557/4557
f 4558/4558/4558 4559/4559/4559 4560/4560/4560
f 4558/4558/4558 4560/4560/4560 4561/4561/4561
f 4562/4562/4562 4563/4563/4563 4564/4564/4564
f 4562/4562/4562 4564/4564/4564 4565/4565/4565
f 4566/4566/4566 4567/4567/4567 4568/4568/4568
f 4566/4566/4566 4568/4568/4568 4569/4569/4569
f 4570/4570/4570 4571/4571/4571 4572/4572/4572
f 4570/4570/4570 4572/4572/4572 4573/4573/4573
f 4574/4574/4574 4575/4575/4575 4576/4576/4576
f 4574/4574/4574 4576/4576/4576 4577/4577/4577
f 4578/4578/4578 4579/4579/4579 4580/4580/4580
f 4578/4578/4578 4580/4580/4580 4581/4581/4581
f 4582/4582/4582 4583/4583/4583 4584/4584/4584
f 4582/4582/4582 4584/4584/4584 4585/4585/4585
f 4586/4586/4586 4587/4587/4587 4588/4588/4588
f 4586/4586/4586 4588/4588/4588 4589/4589/4589
f 4590/4590/4590 4591/4591/4591 4592/4592/4592
f 4590/4590/4590 4592/4592/4592 4593/4593/4593
f 4594/4594/4594 4595/4595/4595 4596/4596/4596
f 4594/4594/4594 4596/4596/4596 4597/4597/4597
f 4598/4598/4598 4599/4599/4599 4600/4600/4600
f 4598/4598/4598 4600/4600/4600 4601/4601/4601
f 4602/4602/4602 4603/4603/4603 4604/4604/4604
f 4602/4602/4602 4604/4604/4604 4605/4605/4605
f 4606/4606/4606 4607/4607/4607 4608/4608/4608
f 4606/4606/4606 4608/4608/4608 4609/4609/4609
f 4610/4610/4610 4611/4611/4611 4612/4612/4612
f 4610/4610/4610 4612/4612/4612 4613/4613/4613
f 4614/4614/4614 4615/4615/4615 4616/4616/4616
f 4614/4614/4614 4616/4616/4616 4617/4617/4617
f 4618/4618/4618 4619/4619/4619 4620/4620/4620
f 4618/4618/4618 4620/4620/4620 4621/4621/4621
f 4622/4622/4622 4623/4623/4623 4624/4624/4624
f 4622/4622/4622 4624/4624/4624 4625/4625/4625
f 4626/4626/4626 4627/4627/4627 4628/4628/4628
f 4626/4626/4626 4628/4628/4628 4629/4629/4629
f 4630/4630/4630 4631/4631/4631 4632/4632/4632
f 4630/4630/4630 4632/4632/4632 4633/4633/4633
f 4634/4634/4634 4635/4635/4635 4636/4636/4636
f 4634/4634/4634 4636/4636/4636 4637/4637/4637
f 4638/4638/4638 4639/4639/4639 4640/4640/4640
f 4638/4638/4638 4640/4640/4640 4641/4641/4641
f 4642/4642/4642 4643/4643/4643 4644/4644/4644
f 4642/4642/4642 4644/4644/4644 4645/4645/4645
f 4646/4646/4646 4647/4647/4647 4648/4648/4648
f 4646/4646/4646 4648/4648/4648 4649/4649/4649
f 4650/4650/4650 4651/4651/4651 4652/4652/4652
f 4650/4650/4650 4652/4652/4652 4653/4653/4653
f 4654/4654/4654 4655/4655/4655 4656/4656/4656
f 4654/4654/4654 4656/4656/4656 4657/4657/4657
f 4658/4658/4658 4659/4659/4659 4660/4660/4660
f 4658/4658/4658 4660/4660/4660 4661/4661/4661
f 4662/4662/4662 4663/4663/4663 4664/4664/4664
f 4662/4662/4662 4664/4664/4664 4665/4665/4665
f 4666/4666/4666 4667/4667/4667 4668/4668/4668
f 4666/4666/4666 4668/4668/4668 4669/4669/4669
f 4670/4670/4670 4671/4671/4671 4672/4672/4672
f 4670/4670/4670 4672/4672/4672 4673/4673/4673
f 4674/4674/4674 4675/4675/4675 4676/4676/4676
f 4674/4674/4674 4676/4676/4676 4677/4677/4677
f 4678/4678/4678 4679/4679/4679 4680/4680/4680
f 4678/4678/4678 4680/4680/4680 4681/4681/4681
f 4682/4682/4682 4683/4683/4683 4684/4684/4684
f 4682/4682/4682 4684/4684/4684 4685/4685/4685
f 4686/4686/4686 4687/4687/4687 4688/4688/4688
f 4686/4686/4686 4688/4688/4688 4689/4689/4689
f 4690/4690/4690 4691/4691/4691 4692/4692/4692
f 4690/4690/4690 4692/4692/4692 4693/4693/4693
f 4694/4694/4694 4695/4695/4695 4696/4696/4696
f 4694/4694/4694 4696/4696/4696 4697/4697/4697
f 4698/4698/4698 4699/4699/4699 4700/4700/4700
f 4698/4698/4698 4700/4700/4700 4701/4701/4701
f 4702/4702/4702 4703/4703/4703 4704/4704/4704
f 4702/4702/4702 4704/4704/4704 4705/4705/4705
f 4706/4706/4706 4707/4707/4707 4708/4708/4708
f 4706/4706/4706 4708/4708/4708 4709/4709/4709
f 4710/4710/4710 4711/4711/4711 4712/4712/4712
f 4710/4710/4710 4712/4712/4712 4713/4713/4713
f 4714/4714/4714 4715/4715/4715 4716/4716/4716
f 4714/4714/4714 4716/4716/4716 4717/4717/4717
f 4718/4718/4718 4719/4719/4719 4720/4720/4720
f 4718/4718/4718 4720/4720/4720 4721/4721/4721
f 4722/4722/4722 4723/4723/4723 4724/4724/4724
f 4722/4722/4722 4724/4724/4724 4725/4725/4725
f 4726/4726/4726 4727/4727/4727 4728/4728/4728
f 4726/4726/4726 4728/4728/4728 4729/4729/4729
f 4730/4730/4730 4731/4731/4731 4732/4732/4732
f 4730/4730/4730 4732/4732/4732 4733/4733/4733
f 4734/4734/4734 4735/4735/4735 4736/4736/4736
f 4734/4734/4734 4736/4736/4736 4737/4737/4737
f 4738/4738/4738 4739/4739/4739 4740/4740/4740
f 4738/4738/4738 4740/4740/4740 4741/4741/4741
f 4742/4742/4742 4743/4743/4743 4744/4744/4744
f 4742/4742/4742 4744/4744/4744 4745/4745/4745
f 4746/4746/4746 4747/4747/4747 4748/4748/4748
f 4746/4746/4746 4748/4748/4748 4749/4749/4749
f 4750/4750/4750 4751/4751/4751 4752/4752/4752
f 4750/4750/4750 4752/4752/4752 4753/4753/4753
f 4754/4754/4754 4755/4755/4755 4756/4756/4756
f 4754/4754/4754 4756/4756/4756 4757/4757/4757
f 4758/4758/4758 4759/4759/4759 4760/4760/4760
f 4758/4758/4758 4760/4760/4760 4761/4761/4761
f 4762/4762/4762 4763/4763/4763 4764/4764/4764
f 4762/4762/4762 4764/4764/4764 4765/4765/4765
f 4766/4766/4766 4767/4767/4767 4768/4768/4768
f 4766/4766/4766 4768/4768/4768 4769/4769/4769
f 4770/4770/4770 4771/4771/4771 4772/4772/4772
f 4770/4770/4770 4772/4772/4772 4773/4773/4773
f 4774/4774/4774 4775/4775/4775 4776/4776/4776
f 4774/4774/4774 4776/4776/4776 4777/4777/4777
f 4778/4778/4778 4779/4779/4779 4780/4780/4780
f 4778/4778/4778 4780/4780/4780 4781/4781/4781
f 4782/4782/4782 4783/4783/4783 4784/4784/4784
f 4782/4782/4782 4784/4784/4784 4785/4785/4785
f 4786/4786/4786 4787/4787/4787 4788/4788/4788
f 4786/4786/4786 4788/4788/4788 4789/4789/4789
f 4790/4790/4790 4791/4791/4791 4792/4792/4792
f 4790/4790/4790 4792/4792/4792 4793/4793/4793
f 4794/4794/4794 4795/4795/4795 4796/4796/4796
f 4794/4794/4794 4796/4796/4796 4797/4797/4797
f 4798/4798/4798 4799/4799/4799 4800/4800/4800
f 4798/4798/4798 4800/4800/4800 4801/4801/4801
f 4802/4802/4802 4803/4803/4803 4804/4804/4804
f 4802/4802/4802 4804/4804/4804 4805/4805/4805
f 4806/4806/4806 4807/4807/4807 4808/4808/4808
f 4806/4806/4806 4808/4808/4808 4809/4809/4809
f 4810/4810/4810 4811/4811/4811 4812/4812/4812
f 4810/4810/4810 4812/4812/4812 4813/4813/4813
f 4814/4814/4814 4815/4815/4815 4816/4816/4816
f 4814/4814/4814 4816/4816/4816 4817/4817/4817
f 4818/4818/4818 4819/4819/4819 4820/4820/4820
f 4818/4818/4818 4820/4820/4820 4821/4821/4821
f 4822/4822/4822 4823/4823/4823 4824/4824/4824
f 4822/4822/4822 4824/4824/4824 4825/4825/4825
f 4826/4826/4826 4827/4827/4827 4828/4828/4828
f 4826/4826/4826 4828/4828/4828 4829/4829/4829
f 4830/4830/4830 4831/4831/4831 4832/4832/4832
f 4830/4830/4830 4832/4832/4832 4833/4833/4833
f 4834/4834/4834 4835/4835/4835 4836/4836/4836
f 4834/4834/4834 4836/4836/4836 4837/4837/4837
f 4838/4838/4838 4839/4839/4839 4840/4840/4840
f 4838/4838/4838 4840/4840/4840 4841/4841/4841
f 4842/4842/4842 4843/4843/4843 4844/4844/4844
f 4842/4842/4842 4844/4844/4844 4845/4845/4845
f 4846/4846/4846 4847/4847/4847 4848/4848/4848
f 4846/4846/4846 4848/4848/4848 4849/4849/4849
f 4850/4850/4850 4851/4851/4851 4852/4852/4852
f 4850/4850/4850 4852/4852/4852 4853/4853/4853
f 4854/4854/4854 4855/4855/4855 4856/4856/4856
f 4854/4854/4854 4856/4856/4856 4857/4857/4857
f 4858/4858/4858 4859/4859/4859 4860/4860/4860
f 4858/4858/4858 4860/4860/4860 4861/4861/4861
f 4862/4862/4862 4863/4863/4863 4864/4864/4864
f 4862/4862/4862 4864/4864/4864 4865/4865/4865
f 4866/4866/4866 4867/4867/4867 4868/4868/4868
f 4866/4866/4866 4868/4868/4868 4869/4869/4869
f 4870/4870/4870 4871/4871/4871 4872/4872/4872
f 4870/4870/4870 4872/4872/4872 4873/4873/4873
f 4874/4874/4874 4875/4875/4875 4876/4876/4876
f 4874/4874/4874 4876/4876/4876 4877/4877/4877
f 4878/4878/4878 4879/4879/4879 4880/4880/4880
f 4878/4878/4878 4880/4880/4880 4881/4881/4881
f 4882/4882/4882 4883/4883/4883 4884/4884/4884
f 4882/4882/4882 4884/4884/4884 4885/4885/4885
f 4886/4886/4886 4887/4887/4887 4888/4888/4888
f 4886/4886/4886 4888/4888/4888 4889/4889/4889
f 4890/4890/4890 4891/4891/4891 4892/4892/4892
f 4890/4890/4890 4892/4892/4892 4893/4893/4893
f 4894/4894/4894 4895/4895/4895 4896/4896/4896
f 4894/4894/4894 4896/4896/4896 4897/4897/4897
f 4898/4898/4898 4899/4899/4899 4900/4900/4900
f 4898/4898/4898 4900/4900/4900 4901/4901/4901
f 4902/4902/4902 4903/4903/4903 4904/4904/4904
f 4902/4902/4902 4904/4904/4904 4905/4905/4905
f 4906/4906/4906 4907/4907/4907 4908/4908/4908
f 4906/4906/4906 4908/4908/4908 4909/4909/4909
f 4910/4910/4910 4911/4911/4911 4912/4912/4912
f 4910/4910/4910 4912/4912/4912 4913/4913/4913
f 4914/4914/4914 4915/4915/4915 4916/4916/4916
f 4914/4914/4914 4916/4916/4916 4917/4917/4917
f 4918/4918/4918 4919/4919/4919 4920/4920/4920
f 4918/4918/4918 4920/4920/4920 4921/4921/4921
f 4922/4922/4922 4923/4923/4923 4924/4924/4924
f 4922/4922/4922 4924/4924/4924 4925/4925/4925
f 4926/4926/4926 4927/4927/4927 4928/4928/4928
f 4926/4926/4926 4928/4928/4928 4929/4929/4929
f 4930/4930/4930 4931/4931/4931 4932/4932/4932
f 4930/4930/4930 4932/4932/4932 4933/4933/4933
f 4934/4934/4934 4935/4935/4935 4936/4936/4936
f 4934/4934/4934 4936/4936/4936 4937/4937/4937
f 4938/4938/4938 4939/4939/4939 4940/4940/4940
f 4938/4938/4938 4940/4940/4940 4941/4941/4941
f 4942/4942/4942 4943/4943/4943 4944/4944/4944
f 4942/4942/4942 4944/4944/4944 4945/4945/4945
f 4946/4946/4946 4947/4947/4947 4948/4948/4948
f 4946/4946/4946 4948/4948/4948 4949/4949/4949
f 4950/4950/4950 4951/4951/4951 4952/4952/4952
f 4950/4950/4950 4952/4952/4952 4953/4953/4953
f 4954/4954/4954 4955/4955/4955 4956/4956/4956
f 4954/4954/4954 4956/4956/4956 4957/4957/4957
f 4958/4958/4958 4959/4959/4959 4960/4960/4960
f 4958/4958/4958 4960/4960/4960 4961/4961/4961
f 4962/4962/4962 4963/4963/4963 4964/4964/4964
f 4962/4962/4962 4964/4964/4964 4965/4965/4965
f 4966/4966/4966 4967/4967/4967 4968/4968/4968
f 4966/4966/4966 4968/4968/4968 4969/4969/4969
f 4970/4970/4970 4971/4971/4971 4972/4972/4972
f 4970/4970/4970 4972/4972/4972 4973/4973/4973
f 4974/4974/4974 4975/4975/4975 4976/4976/4976
f 4974/4974/4974 4976/4976/4976 4977/4977/4977
f 4978/4978/4978 4979/4979/4979 4980/4980/4980
f 4978/4978/4978 4980/4980/4980 4981/4981/4981
f 4982/4982/4982 4983/4983/4983 4984/4984/4984
f 4982/4982/4982 4984/4984/4984 4985/4985/4985
f 4986/4986/4986 4987/4987/4987 4988/4988/4988
f 4986/4986/4986 4988/4988/4988 4989/4989/4989
f 4990/4990/4990 4991/4991/4991 4992/4992/4992
f 4990/4990/4990 4992/4992/4992 4993/4993/4993
f 4994/4994/4994 4995/4995/4995 4996/4996/4996
f 4994/4994/4994 4996/4996/4996 4997/4997/4997
f 4998/4998/4998 4999/4999/4999 5000/5000/5000
f 4998/4998/4998 5000/5000/5000 5001/5001/5001
f 5002/5002/5002 5003/5003/5003 5004/5004/5004
f 5002/5002/5002 5004/5004/5004 5005/5005/5005
f 5006/5006/5006 5007/5007/5007 5008/5008/5008
f 5006/5006/5006 5008/5008/5008 5009/5009/5009
f 5010/5010/5010 5011/5011/5011 5012/5012/5012
f 5010/5010/5010 5012/5012/5012 5013/5013/5013
f 5014/5014/5014 5015/5015/5015 5016/5016/5016
f 5014/5014/5014 5016/5016/5016 5017/5017/5017
f 5018/5018/5018 5019/5019/5019 5020/5020/5020
f 5018/5018/5018 5020/5020/5020 5021/5021/5021
f 5022/5022/5022 5023/5023/5023 5024/5024/5024
f 5022/5022/5022 5024/5024/5024 5025/5025/5025
f 5026/5026/5026 5027/5027/5027 5028/5028/5028
f 5026/5026/5026 5028/5028/5028 5029/5029/5029
f 5030/5030/5030 5031/5031/5031 5032/5032/5032
f 5030/5030/5030 5032/5032/5032 5033/5033/5033
f 5034/5034/5034 5035/5035/5035 5036/5036/5036
f 5034/5034/5034 5036/5036/5036 5037/5037/5037
f 5038/5038/5038 5039/5039/5039 5040/5040/5040
f 5038/5038/5038 5040/5040/5040 5041/5041/5041
f 5042/5042/5042 5043/5043/5043 5044/5044/5044
f 5042/5042/5042 5044/5044/5044 5045/5045/5045
f 5046/5046/5046 5047/5047/5047 5048/5048/5048
f 5046/5046/5046 5048/5048/5048 5049/5049/5049
f 5050/5050/5050 5051/5051/5051 5052/5052/5052
f 5050/5050/5050 5052/5052/5052 5053/5053/5053
f 5054/5054/5054 5055/5055/5055 5056/5056/5056
f 5054/5054/5054 5056/5056/5056 5057/5057/5057
f 5058/5058/5058 5059/5059/5059 5060/5060/5060
f 5058/5058/5058 5060/5060/5060 5061/5061/5061
f 5062/5062/5062 5063/5063/5063 5064/5064/5064
f 5062/5062/5062 5064/5064/5064 5065/5065/5065
f 5066/5066/5066 5067/5067/5067 5068/5068/5068
f 5066/5066/5066 5068/5068/5068 5069/5069/5069
f 5070/5070/5070 5071/5071/5071 5072/5072/5072
f 5070/5070/5070 5072/5072/5072 5073/5073/5073
f 5074/5074/5074 5075/5075/5075 5076/5076/5076
f 5074/5074/5074 5076/5076/5076 5077/5077/5077
f 5078/5078/5078 5079/5079/5079 5080/5080/5080
f 5078/5078/5078 5080/5080/5080 5081/5081/5081
f 5082/5082/5082 5083/5083/5083 5084/5084/5084
f 5082/5082/5082 5084/5084/5084 5085/5085/5085
f 5086/5086/5086 5087/5087/5087 5088/5088/5088
f 5086/5086/5086 5088/5088/5088 5089/5089/5089
f 5090/5090/5090 5091/5091/5091 5092/5092/5092
f 5090/5090/5090 5092/5092/5092 5093/5093/5093
f 5094/5094/5094 5095/5095/5095 5096/5096/5096
f 5094/5094/5094 5096/5096/5096 5097/5097/5097
f 5098/5098/5098 5099/5099/5099 5100/5100/5100
f 5098/5098/5098 5100/5100/5100 5101/5101/5101
f 5102/5102/5102 5103/5103/5103 5104/5104/5104
f 5102/5102/5102 5104/5104/5104 5105/5105/5105
f 5106/5106/5106 5107/5107/5107 5108/5108/5108
f 5106/5106/5106 5108/5108/5108 5109/5109/5109
f 5110/5110/5110 5111/5111/5111 5112/5112/5112
f 5110/5110/5110 5112/5112/5112 5113/5113/5113
f 5114/5114/5114 5115/5115/5115 5116/5116/5116
f 5114/5114/5114 5116/5116/5116 5117/5117/5117
f 5118/5118/5118 5119/5119/5119 5120/5120/5120
f 5118/5118/5118 5120/5120/5120 5121/5121/5121
f 5122/5122/5122 5123/5123/5123 5124/5124/5124
f 5122/5122/5122 5124/5124/5124 5125/5125/5125
f 5126/5126/5126 5127/5127/5127 5128/5128/5128
f 5126/5126/5126 5128/5128/5128 5129/5129/5129
f 5130/5130/5130 5131/5131/5131 5132/5132/5132
f 5130/5130/5130 5132/5132/5132 5133/5133/5133
f 5134/5134/5134 5135/5135/5135 5136/5136/5136
f 5134/5134/5134 5136/5136/5136 5137/5137/5137
f 5138/5138/5138 5139/5139/5139 5140/5140/5140
f 5138/5138/5138 5140/5140/5140 5141/5141/5141
f 5142/5142/5142 5143/5143/5143 5144/5144/5144
f 5142/5142/5142 5144/5144/5144 5145/5145/5145
f 5146/5146/5146 5147/5147/5147 5148/5148/5148
f 5146/5146/5146 5148/5148/5148 5149/5149/5149
f 5150/5150/5150 5151/5151/5151 5152/5152/5152
f 5150/5150/5150 5152/5152/5152 5153/5153/5153
f 5154/5154/5154 5155/5155/5155 5156/5156/5156
f 5154/5154/5154 5156/5156/5156 5157/5157/5157
f 5158/5158/5158 5159/5159/5159 5160/5160/5160
f 5158/5158/5158 5160/5160/5160 5161/5161/5161
f 5162/5162/5162 5163/5163/5163 5164/5164/5164
f 5162/5162/5162 5164/5164/5164 5165/5165/5165
f 5166/5166/5166 5167/5167/5167 5168/5168/5168
f 5166/5166/5166 5168/5168/5168 5169/5169/5169
f 5170/5170/5170 5171/5171/5171 5172/5172/5172
f 5170/5170/5170 5172/5172/5172 5173/5173/5173
f 5174/5174/5174 5175/5175/5175 5176/5176/5176
f 5174/5174/5174 5176/5176/5176 5177/5177/5177
f 5178/5178/5178 5179/5179/5179 5180/5180/5180
f 5178/5178/5178 5180/5180/5180 5181/5181/5181
f 5182/5182/5182 5183/5183/5183 5184/5184/5184
f 5182/5182/5182 5184/5184/5184 5185/5185/5185
f 5186/5186/5186 5187/5187/5187 5188/5188/5188
f 5186/5186/5186 5188/5188/5188 5189/5189/5189
f 5190/5190/5190 5191/5191/5191 5192/5192/5192
f 5190/5190/5190 5192/5192/5192 5193/5193/5193
f 5194/5194/5194 5195/5195/5195 5196/5196/5196
f 5194/5194/5194 5196/5196/5196 5197/5197/5197
f 5198/5198/5198 5199/5199/5199 5200/5200/5200
f 5198/5198/5198 5200/5200/5200 5201/5201/5201
f 5202/5202/5202 5203/5203/5203 5204/5204/5204
f 5202/5202/5202 5204/5204/5204 5205/5205/5205
f 5206/5206/5206 5207/5207/5207 5208/5208/5208
f 5206/5206/5206 5208/5208/5208 5209/5209/5209
f 5210/5210/5210 5211/5211/5211 5212/5212/5212
f 5210/5210/5210 5212/5212/5212 5213/5213/5213
f 5214/5214/5214 5215/5215/5215 5216/5216/5216
f 5214/5214/5214 5216/5216/5216 5217/5217/5217
f 5218/5218/5218 5219/5219/5219 5220/5220/5220
f 5218/5218/5218 5220/5220/5220 5221/5221/5221
f 5222/5222/5222 5223/5223/5223 5224/5224/5224
f 5222/5222/5222 5224/5224/5224 5225/5225/5225
f 5226/5226/5226 5227/5227/5227 5228/5228/5228
f 5226/5226/5226 5228/5228/5228 5229/5229/5229
f 5230/5230/5230 5231/5231/5231 5232/5232/5232
f 5230/5230/5230 5232/5232/5232 5233/5233/5233
f 5234/5234/5234 5235/5235/5235 5236/5236/5236
f 5234/5234/5234 5236/5236/5236 5237/5237/5237
f 5238/5238/5238 5239/5239/5239 5240/5240/5240
f 5238/5238/5238 5240/5240/5240 5241/5241/5241
f 5242/5242/5242 5243/5243/5243 5244/5244/5244
f 5242/5242/5242 5244/5244/5244 5245/5245/5245
f 5246/5246/5246 5247/5247/5247 5248/5248/5248
f 5246/5246/5246 5248/5248/5248 5249/5249/5249
f 5250/5250/5250 5251/5251/5251 5252/5252/5252
f 5250/5250/5250 5252/5252/5252 5253/5253/5253
f 5254/5254/5254 5255/5255/5255 5256/5256/5256
f 5254/5254/5254 5256/5256/5256 5257/5257/5257
f 5258/5258/5258 5259/5259/5259 5260/5260/5260
f 5258/5258/5258 5260/5260/5260 5261/5261/5261
f 5262/5262/5262 5263/5263/5263 5264/5264/5264
f 5262/5262/5262 5264/5264/5264 5265/5265/5265
f 5266/5266/5266 5267/5267/5267 5268/5268/5268
f 5266/5266/5266 5268/5268/5268 5269/5269/5269
f 5270/5270/5270 5271/5271/5271 5272/5272/5272
f 5270/5270/5270 5272/5272/5272 5273/5273/5273
f 5274/5274/5274 5275/5275/5275 5276/5276/5276
f 5274/5274/5274 5276/5276/5276 5277/5277/5277
f 5278/5278/5278 5279/5279/5279 5280/5280/5280
f 5278/5278/5278 5280/5280/5280 5281/5281/5281
f 5282/5282/5282 5283/5283/5283 5284/5284/5284
f 5282/5282/5282 5284/5284/5284 5285/5285/5285
f 5286/5286/5286 5287/5287/5287 5288/5288/5288
f 5286/5286/5286 5288/5288/5288 5289/5289/5289
f 5290/5290/5290 5291/5291/5291 5292/5292/5292
f 5290/5290/5290 5292/5292/5292 5293/5293/5293
f 5294/5294/5294 5295/5295/5295 5296/5296/5296
f 5294/5294/5294 5296/5296/5296 5297/5297/5297
f 5298/5298/5298 5299/5299/5299 5300/5300/5300
f 5298/5298/5298 5300/5300/5300 5301/5301/5301
f 5302/5302/5302 5303/5303/5303 5304/5304/5304
f 5302/5302/5302 5304/5304/5304 5305/5305/5305
f 5306/5306/5306 5307/5307/5307 5308/5308/5308
f 5306/5306/5306 5308/5308/5308 5309/5309/5309
f 5310/5310/5310 5311/5311/5311 5312/5312/5312
f 5310/5310/5310 5312/5312/5312 5313/5313/5313
f 5314/5314/5314 5315/5315/5315 5316/5316/5316
f 5314/5314/5314 5316/5316/5316 5317/5317/5317
f 5318/5318/5318 5319/5319/5319 5320/5320/5320
f 5318/5318/5318 5320/5320/5320 5321/5321/5321
f 5322/5322/5322 5323/5323/5323 5324/5324/5324
f 5322/5322/5322 5324/5324/5324 5325/5325/5325
f 5326/5326/5326 5327/5327/5327 5328/5328/5328
f 5326/5326/5326 5328/5328/5328 5329/5329/5329
f 5330/5330/5330 5331/5331/5331 5332/5332/5332
f 5330/5330/5330 5332/5332/5332 5333/5333/5333
f 5334/5334/5334 5335/5335/5335 5336/5336/5336
f 5334/5334/5334 5336/5336/5336 5337/5337/5337
f 5338/5338/5338 5339/5339/5339 5340/5340/5340
f 5338/5338/5338 5340/5340/5340 5341/5341/5341
f 5342/5342/5342 5343/5343/5343 5344/5344/5344
f 5342/5342/5342 5344/5344/5344 5345/5345/5345
f 5346/5346/5346 5347/5347/5347 5348/5348/5348
f 5346/5346/5346 5348/5348/5348 5349/5349/5349
f 5350/5350/5350 5351/5351/5351 5352/5352/5352
f 5350/5350/5350 5352/5352/5352 5353/5353/5353
f 5354/5354/5354 5355/5355/5355 5356/5356/5356
f 5354/5354/5354 5356/5356/5356 5357/5357/5357
f 5358/5358/5358 5359/5359/5359 5360/5360/5360
f 5358/5358/5358 5360/5360/5360 5361/5361/5361
f 5362/5362/5362 5363/5363/5363 5364/5364/5364
f 5362/5362/5362 5364/5364/5364 5365/5365/5365
f 5366/5366/5366 5367/5367/5367 5368/5368/5368
f 5366/5366/5366 5368/5368/5368 5369/5369/5369
f 5370/5370/5370 5371/5371/5371 5372/5372/5372
f 5370/5370/5370 5372/5372/5372 5373/5373/5373
f 5374/5374/5374 5375/5375/5375 5376/5376/5376
f 5374/5374/5374 5376/5376/5376 5377/5377/5377
f 5378/5378/5378 5379/5379/5379 5380/5380/5380
f 5378/5378/5378 5380/5380/5380 5381/5381/5381
f 5382/5382/5382 5383/5383/5383 5384/5384/5384
f 5382/5382/5382 5384/5384/5384 5385/5385/5385
f 5386/5386/5386 5387/5387/5387 5388/5388/5388
f 5386/5386/5386 5388/5388/5388 5389/5389/5389
f 5390/5390/5390 5391/5391/5391 5392/5392/5392
f 5390/5390/5390 5392/5392/5392 5393/5393/5393
f 5394/5394/5394 5395/5395/5395 5396/5396/5396
f 5394/5394/5394 5396/5396/5396 5397/5397/5397
f 5398/5398/5398 5399/5399/5399 5400/5400/5400
f 5398/5398/5398 5400/5400/5400 5401/5401/5401
f 5402/5402/5402 5403/5403/5403 5404/5404/5404
f 5402/5402/5402 5404/5404/5404 5405/5405/5405
f 5406/5406/5406 5407/5407/5407 5408/5408/5408
f 5406/5406/5406 5408/5408/5408 5409/5409/5409
f 5410/5410/5410 5411/5411/5411 5412/5412/5412
f 5410/5410/5410 5412/5412/5412 5413/5413/5413
f 5414/5414/5414 5415/5415/5415 5416/5416/5416
f 5414/5414/5414 5416/5416/5416 5417/5417/5417
f 5418/5418/5418 5419/5419/5419 5420/5420/5420
f 5418/5418/5418 5420/5420/5420 5421/5421/5421
f 5422/5422/5422 5423/5423/5423 5424/5424/5424
f 5422/5422/5422 5424/5424/5424 5425/5425/5425
f 5426/5426/5426 5427/5427/5427 5428/5428/5428
f 5426/5426/5426 5428/5428/5428 5429/5429/5429
f 5430/5430/5430 5431/5431/5431 5432/5432/5432
f 5430/5430/5430 5432/5432/5432 5433/5433/5433
f 5434/5434/5434 5435/5435/5435 5436/5436/5436
f 5434/5434/5434 5436/5436/5436 5437/5437/5437
f 5438/5438/5438 5439/5439/5439 5440/5440/5440
f 5438/5438/5438 5440/5440/5440 5441/5441/5441
f 5442/5442/5442 5443/5443/5443 5444/5444/5444
f 5442/5442/5442 5444/5444/5444 5445/5445/5445
f 5446/5446/5446 5447/5447/5447 5448/5448/5448
f 5446/5446/5446 5448/5448/5448 5449/5449/5449
f 5450/5450/5450 5451/5451/5451 5452/5452/5452
f 5450/5450/5450 5452/5452/5452 5453/5453/5453
f 5454/5454/5454 5455/5455/5455 5456/5456/5456
f 5454/5454/5454 5456/5456/5456 5457/5457/5457
f 5458/5458/5458 5459/5459/5459 5460/5460/5460
f 5458/5458/5458 5460/5460/5460 5461/5461/5461
f 5462/5462/5462 5463/5463/5463 5464/5464/5464
f 5462/5462/5462 5464/5464/5464 5465/5465/5465
f 5466/5466/5466 5467/5467/5467 5468/5468/5468
f 5466/5466/5466 5468/5468/5468 5469/5469/5469
f 5470/5470/5470 5471/5471/5471 5472/5472/5472
f 5470/5470/5470 5472/5472/5472 5473/5473/5473
f 5474/5474/5474 5475/5475/5475 5476/5476/5476
f 5474/5474/5474 5476/5476/5476 5477/5477/5477
f 5478/5478/5478 5479/5479/5479 5480/5480/5480
f 5478/5478/5478 5480/5480/5480 5481/5481/5481
f 5482/5482/5482 5483/5483/5483 5484/5484/5484
f 5482/5482/5482 5484/5484/5484 5485/5485/5485
f 5486/5486/5486 5487/5487/5487 5488/5488/5488
f 5486/5486/5486 5488/5488/5488 5489/5489/5489
f 5490/5490/5490 5491/5491/5491 5492/5492/5492
f 5490/5490/5490 5492/5492/5492 5493/5493/5493
f 5494/5494/5494 5495/5495/5495 5496/5496/5496
f 5494/5494/5494 5496/5496/5496 5497/5497/5497
f 5498/5498/5498 5499/5499/5499 5500/5500/5500
f 5498/5498/5498 5500/5500/5500 5501/5501/5501
f 5502/5502/5502 5503/5503/5503 5504/5504/5504
f 5502/5502/5502 5504/5504/5504 5505/5505/5505
f 5506/5506/5506 5507/5507/5507 5508/5508/5508
f 5506/5506/5506 5508/5508/5508 5509/5509/5509
f 5510/5510/5510 5511/5511/5511 5512/5512/5512
f 5510/5510/5510 5512/5512/5512 5513/5513/5513
f 5514/5514/5514 5515/5515/5515 5516/5516/5516
f 5514/5514/5514 5516/5516/5516 5517/5517/5517
f 5518/5518/5518 5519/5519/5519 5520/5520/5520
f 5518/5518/5518 5520/5520/5520 5521/5521/5521
f 5522/5522/5522 5523/5523/5523 5524/5524/5524
f 5522/5522/5522 5524/5524/5524 5525/5525/5525
f 5526/5526/5526 5527/5527/5527 5528/5528/5528
f 5526/5526/5526 5528/5528/5528 5529/5529/5529
f 5530/5530/5530 5531/5531/5531 5532/5532/5532
f 5530/5530/5530 5532/5532/5532 5533/5533/5533
f 5534/5534/5534 5535/5535/5535 5536/5536/5536
f 5534/5534/5534 5536/5536/5536 5537/5537/5537
f 5538/5538/5538 5539/5539/5539 5540/5540/5540
f 5538/5538/5538 5540/5540/5540 5541/5541/5541
f 5542/5542/5542 5543/5543/5543 5544/5544/5544
f 5542/5542/5542 5544/5544/5544 5545/5545/5545
f 5546/5546/5546 5547/5547/5547 5548/5548/5548
f 5546/5546/5546 5548/5548/5548 5549/5549/5549
f 5550/5550/5550 5551/5551/5551 5552/5552/5552
f 5550/5550/5550 5552/5552/5552 5553/5553/5553
f 5554/5554/5554 5555/5555/5555 5556/5556/5556
f 5554/5554/5554 5556/5556/5556 5557/5557/5557
f 5558/5558/5558 5559/5559/5559 5560/5560/5560
f 5558/5558/5558 5560/5560/5560 5561/5561/5561
f 5562/5562/5562 5563/5563/5563 5564/5564/5564
f 5562/5562/5562 5564/5564/5564 5565/5565/5565
f 5566/5566/5566 5567/5567/5567 5568/5568/5568
f 5566/5566/5566 5568/5568/5568 5569/5569/5569
f 5570/5570/5570 5571/5571/5571 5572/5572/5572
f 5570/5570/5570 5572/5572/5572 5573/5573/5573
f 5574/5574/5574 5575/5575/5575 5576/5576/5576
f 5574/5574/5574 5576/5576/5576 5577/5577/5577
f 5578/5578/5578 5579/5579/5579 5580/5580/5580
f 5578/5578/5578 5580/5580/5580 5581/5581/5581
f 5582/5582/5582 5583/5583/5583 5584/5584/5584
f 5582/5582/5582 5584/5584/5584 5585/5585/5585
f 5586/5586/5586 5587/5587/5587 5588/5588/5588
f 5586/5586/5586 5588/5588/5588 5589/5589/5589
f 5590/5590/5590 5591/5591/5591 5592/5592/5592
f 5590/5590/5590 5592/5592/5592 5593/5593/5593
f 5594/5594/5594 5595/5595/5595 5596/5596/5596
f 5594/5594/5594 5596/5596/5596 5597/5597/5597
f 5598/5598/5598 5599/5599/5599 5600/5600/5600
f 5598/5598/5598 5600/5600/5600 5601/5601/5601
f 5602/5602/5602 5603/5603/5603 5604/5604/5604
f 5602/5602/5602 5604/5604/5604 5605/5605/5605
f 5606/5606/5606 5607/5607/5607 5608/5608/5608
f 5606/5606/5606 5608/5608/5608 5609/5609/5609
f 5610/5610/5610 5611/5611/5611 5612/5612/5612
f 5610/5610/5610 5612/5612/5612 5613/5613/5613
f 5614/5614/5614 5615/5615/5615 5616/5616/5616
f 5614/5614/5614 5616/5616/5616 5617/5617/5617
f 5618/5618/5618 5619/5619/5619 5620/5620/5620
f 5618/5618/5618 5620/5620/5620 5621/5621/5621
f 5622/5622/5622 5623/5623/5623 5624/5624/5624
f 5622/5622/5622 5624/5624/5624 5625/5625/5625
f 5626/5626/5626 5627/5627/5627 5628/5628/5628
f 5626/5626/5626 5628/5628/5628 5629/5629/5629
f 5630/5630/5630 5631/5631/5631 5632/5632/5632
f 5630/5630/5630 5632/5632/5632 5633/5633/5633
f 5634/5634/5634 5635/5635/5635 5636/5636/5636
f 5634/5634/5634 5636/5636/5636 5637/5637/5637
f 5638/5638/5638 5639/5639/5639 5640/5640/5640
f 5638/5638/5638 5640/5640/5640 5641/5641/5641
f 5642/5642/5642 5643/5643/5643 5644/5644/5644
f 5642/5642/5642 5644/5644/5644 5645/5645/5645
f 5646/5646/5646 5647/5647/5647 5648/5648/5648
f 5646/5646/5646 5648/5648/5648 5649/5649/5649
f 5650/5650/5650 5651/5651/5651 5652/5652/5652
f 5650/5650/5650 5652/5652/5652 5653/5653/5653
f 5654/5654/5654 5655/5655/5655 5656/5656/5656
f 5654/5654/5654 5656/5656/5656 5657/5657/5657
f 5658/5658/5658 5659/5659/5659 5660/5660/5660
f 5658/5658/5658 5660/5660/5660 5661/5661/5661
f 5662/5662/5662 5663/5663/5663 5664/5664/5664
f 5662/5662/5662 5664/5664/5664 5665/5665/5665
f 5666/5666/5666 5667/5667/5667 5668/5668/5668
f 5666/5666/5666 5668/5668/5668 5669/5669/5669
f 5670/5670/5670 5671/5671/5671 5672/5672/5672
f 5670/5670/5670 5672/5672/5672 5673/5673/5673
f 5674/5674/5674 5675/5675/5675 5676/5676/5676
f 5674/5674/5674 5676/5676/5676 5677/5677/5677
f 5678/5678/5678 5679/5679/5679 5680/5680/5680
f 5678/5678/5678 5680/5680/5680 5681/5681/5681
f 5682/5682/5682 5683/5683/5683 5684/5684/5684
f 5682/5682/5682 5684/5684/5684 5685/5685/5685
f 5686/5686/5686 5687/5687/5687 5688/5688/5688
f 5686/5686/5686 5688/5688/5688 5689/5689/5689
f 5690/5690/5690 5691/5691/5691 5692/5692/5692
f 5690/5690/5690 5692/5692/5692 5693/5693/5693
f 5694/5694/5694 5695/5695/5695 5696/5696/5696
f 5694/5694/5694 5696/5696/5696 5697/5697/5697
f 5698/5698/5698 5699/5699/5699 5700/5700/5700
f 5698/5698/5698 5700/5700/5700 5701/5701/5701
f 5702/5702/5702 5703/5703/5703 5704/5704/5704
f 5702/5702/5702 5704/5704/5704 5705/5705/5705
f 5706/5706/5706 5707/5707/5707 5708/5708/5708
f 5706/5706/5706 5708/5708/5708 5709/5709/5709
f 5710/5710/5710 5711/5711/5711 5712/5712/5712
f 5710/5710/5710 5712/5712/5712 5713/5713/5713
f 5714/5714/5714 5715/5715/5715 5716/5716/5716
f 5714/5714/5714 5716/5716/5716 5717/5717/5717
f 5718/5718/5718 5719/5719/5719 5720/5720/5720
f 5718/5718/5718 5720/5720/5720 5721/5721/5721
f 5722/5722/5722 5723/5723/5723 5724/5724/5724
f 5722/5722/5722 5724/5724/5724 5725/5725/5725
f 5726/5726/5726 5727/5727/5727 5728/5728/5728
f 5726/5726/5726 5728/5728/5728 5729/5729/5729
f 5730/5730/5730 5731/5731/5731 5732/5732/5732
f 5730/5730/5730 5732/5732/5732 5733/5733/5733
f 5734/5734/5734 5735/5735/5735 5736/5736/5736
f 5734/5734/5734 5736/5736/5736 5737/5737/5737
f 5738/5738/5738 5739/5739/5739 5740/5740/5740
f 5738/5738/5738 5740/5740/5740 5741/5741/5741
f 5742/5742/5742 5743/5743/5743 5744/5744/5744
f 5742/5742/5742 5744/5744/5744 5745/5745/5745
f 5746/5746/5746 5747/5747/5747 5748/5748/5748
f 5746/5746/5746 5748/5748/5748 5749/5749/5749
f 5750/5750/5750 5751/5751/5751 5752/5752/5752
f 5750/5750/5750 5752/5752/5752 5753/5753/5753
f 5754/5754/5754 5755/5755/5755 5756/5756/5756
f 5754/5754/5754 5756/5756/5756 5757/5757/5757
f 5758/5758/5758 5759/5759/5759 5760/5760/5760
f 5758/5758/5758 5760/5760/5760 5761/5761/5761
f 5762/5762/5762 5763/5763/5763 5764/5764/5764
f 5762/5762/5762 5764/5764/5764 5765/5765/5765
f 5766/5766/5766 5767/5767/5767 5768/5768/5768
f 5766/5766/5766 5768/5768/5768 5769/5769/5769
f 5770/5770/5770 5771/5771/5771 5772/5772/5772
f 5770/5770/5770 5772/5772/5772 5773/5773/5773
f 5774/5774/5774 5775/5775/5775 5776/5776/5776
f 5774/5774/5774 5776/5776/5776 5777/5777/5777
f 5778/5778/5778 5779/5779/5779 5780/5780/5780
f 5778/5778/5778 5780/5780/5780 5781/5781/5781
f 5782/5782/5782 5783/5783/5783 5784/5784/5784
f 5782/5782/5782 5784/5784/5784 5785/5785/5785
f 5786/5786/5786 5787/5787/5787 5788/5788/5788
f 5786/5786/5786 5788/5788/5788 5789/5789/5789
f 5790/5790/5790 5791/5791/5791 5792/5792/5792
f 5790/5790/5790 5792/5792/5792 5793/5793/5793
f 5794/5794/5794 5795/5795/5795 5796/5796/5796
f 5794/5794/5794 5796/5796/5796 5797/5797/5797
f 5798/5798/5798 5799/5799/5799 5800/5800/5800
f 5798/5798/5798 5800/5800/5800 5801/5801/5801
f 5802/5802/5802 5803/5803/5803 5804/5804/5804
f 5802/5802/5802 5804/5804/5804 5805/5805/5805
f 5806/5806/5806 5807/5807/5807 5808/5808/5808
f 5806/5806/5806 5808/5808/5808 5809/5809/5809
f 5810/5810/5810 5811/5811/5811 5812/5812/5812
f 5810/5810/5810 5812/5812/5812 5813/5813/5813
f 5814/5814/5814 5815/5815/5815 5816/5816/5816
f 5814/5814/5814 5816/5816/5816 5817/5817/5817
f 5818/5818/5818 5819/5819/5819 5820/5820/5820
f 5818/5818/5818 5820/5820/5820 5821/5821/5821
f 5822/5822/5822 5823/5823/5823 5824/5824/5824
f 5822/5822/5822 5824/5824/5824 5825/5825/5825
f 5826/5826/5826 5827/5827/5827 5828/5828/5828
f 5826/5826/5826 5828/5828/5828 5829/5829/5829
f 5830/5830/5830 5831/5831/5831 5832/5832/5832
f 5830/5830/5830 5832/5832/5832 5833/5833/5833
f 5834/5834/5834 5835/5835/5835 5836/5836/5836
f 5834/5834/5834 5836/5836/5836 5837/5837/5837
f 5838/5838/5838 5839/5839/5839 5840/5840/5840
f 5838/5838/5838 5840/5840/5840 5841/5841/5841
f 5842/5842/5842 5843/5843/5843 5844/5844/5844
f 5842/5842/5842 5844/5844/5844 5845/5845/5845
f 5846/5846/5846 5847/5847/5847 5848/5848/5848
f 5846/5846/5846 5848/5848/5848 5849/5849/5849
f 5850/5850/5850 5851/5851/5851 5852/5852/5852
f 5850/5850/5850 5852/5852/5852 5853/5853/5853
f 5854/5854/5854 5855/5855/5855 5856/5856/5856
f 5854/5854/5854 5856/5856/5856 5857/5857/5857
f 5858/5858/5858 5859/5859/5859 5860/5860/5860
f 5858/5858/5858 5860/5860/5860 5861/5861/5861
f 5862/5862/5862 5863/5863/5863 5864/5864/5864
f 5862/5862/5862 5864/5864/5864 5865/5865/5865
f 5866/5866/5866 5867/5867/5867 5868/5868/5868
f 5866/5866/5866 5868/5868/5868 5869/5869/5869
f 5870/5870/5870 5871/5871/5871 5872/5872/5872
f 5870/5870/5870 5872/5872/5872 5873/5873/5873
f 5874/5874/5874 5875/5875/5875 5876/5876/5876
f 5874/5874/5874 5876/5876/5876 5877/5877/5877
f 5878/5878/5878 5879/5879/5879 5880/5880/5880
f 5878/5878/5878 5880/5880/5880 5881/5881/5881
f 5882/5882/5882 5883/5883/5883 5884/5884/5884
f 5882/5882/5882 5884/5884/5884 5885/5885/5885
f 5886/5886/5886 5887/5887/5887 5888/5888/5888
f 5886/5886/5886 5888/5888/5888 5889/5889/5889
f 5890/5890/5890 5891/5891/5891 5892/5892/5892
f 5890/5890/5890 5892/5892/5892 5893/5893/5893
f 5894/5894/5894 5895/5895/5895 5896/5896/5896
f 5894/5894/5894 5896/5896/5896 5897/5897/5897
f 5898/5898/5898 5899/5899/5899 5900/5900/5900
f 5898/5898/5898 5900/5900/5900 5901/5901/5901
f 5902/5902/5902 5903/5903/5903 5904/5904/5904
f 5902/5902/5902 5904/5904/5904 5905/5905/5905
f 5906/5906/5906 5907/5907/5907 5908/5908/5908
f 5906/5906/5906 5908/5908/5908 5909/5909/5909
f 5910/5910/5910 5911/5911/5911 5912/5912/5912
f 5910/5910/5910 5912/5912/5912 5913/5913/5913
f 5914/5914/5914 5915/5915/5915 5916/5916/5916
f 5914/5914/5914 5916/5916/5916 5917/5917/5917
f 5918/5918/5918 5919/5919/5919 5920/5920/5920
f 5918/5918/5918 5920/5920/5920 5921/5921/5921
f 5922/5922/5922 5923/5923/5923 5924/5924/5924
f 5922/5922/5922 5924/5924/5924 5925/5925/5925
f 5926/5926/5926 5927/5927/5927 5928/5928/5928
f 5926/5926/5926 5928/5928/5928 5929/5929/5929
f 5930/5930/5930 5931/5931/5931 5932/5932/5932
f 5930/5930/5930 5932/5932/5932 5933/5933/5933
f 5934/5934/5934 5935/5935/5935 5936/5936/5936
f 5934/5934/5934 5936/5936/5936 5937/5937/5937
f 5938/5938/5938 5939/5939/5939 5940/5940/5940
f 5938/5938/5938 5940/5940/5940 5941/5941/5941
f 5942/5942/5942 5943/5943/5943 5944/5944/5944
f 5942/5942/5942 5944/5944/5944 5945/5945/5945
f 5946/5946/5946 5947/5947/5947 5948/5948/5948
f 5946/5946/5946 5948/5948/5948 5949/5949/5949
f 5950/5950/5950 5951/5951/5951 5952/5952/5952
f 5950/5950/5950 5952/5952/5952 5953/5953/5953
f 5954/5954/5954 5955/5955/5955 5956/5956/5956
f 5954/5954/5954 5956/5956/5956 5957/5957/5957
f 5958/5958/5958 5959/5959/5959 5960/5960/5960
f 5958/5958/5958 5960/5960/5960 5961/5961/5961
f 5962/5962/5962 5963/5963/5963 5964/5964/5964
f 5962/5962/5962 5964/5964/5964 5965/5965/5965
f 5966/5966/5966 5967/5967/5967 5968/5968/5968
f 5966/5966/5966 5968/5968/5968 5969/5969/5969
f 5970/5970/5970 5971/5971/5971 5972/5972/5972
f 5970/5970/5970 5972/5972/5972 5973/5973/5973
f 5974/5974/5974 5975/5975/5975 5976/5976/5976
f 5974/5974/5974 5976/5976/5976 5977/5977/5977
f 5978/5978/5978 5979/5979/5979 5980/5980/5980
f 5978/5978/5978 5980/5980/5980 5981/5981/5981
f 5982/5982/5982 5983/5983/5983 5984/5984/5984
f 5982/5982/5982 5984/5984/5984 5985/5985/5985
f 5986/5986/5986 5987/5987/5987 5988/5988/5988
f 5986/5986/5986 5988/5988/5988 5989/5989/5989
f 5990/5990/5990 5991/5991/5991 5992/5992/5992
f 5990/5990/5990 5992/5992/5992 5993/5993/5993
f 5994/5994/5994 5995/5995/5995 5996/5996/5996
f 5994/5994/5994 5996/5996/5996 5997/5997/5997
f 5998/5998/5998 5999/5999/5999 6000/6000/6000
f 5998/5998/5998 6000/6000/6000 6001/6001/6001
f 6002/6002/6002 6003/6003/6003 6004/6004/6004
f 6002/6002/6002 6004/6004/6004 6005/6005/6005
f 6006/6006/6006 6007/6007/6007 6008/6008/6008
f 6006/6006/6006 6008/6008/6008 6009/6009/6009
f 6010/6010/6010 6011/6011/6011 6012/6012/6012
f 6010/6010/6010 6012/6012/6012 6013/6013/6013
f 6014/6014/6014 6015/6015/6015 6016/6016/6016
f 6014/6014/6014 6016/6016/6016 6017/6017/6017
f 6018/6018/6018 6019/6019/6019 6020/6020/6020
f 6018/6018/6018 6020/6020/6020 6021/6021/6021
f 6022/6022/6022 6023/6023/6023 6024/6024/6024
f 6022/6022/6022 6024/6024/6024 6025/6025/6025
f 6026/6026/6026 6027/6027/6027 6028/6028/6028
f 6026/6026/6026 6028/6028/6028 6029/6029/6029
f 6030/6030/6030 6031/6031/6031 6032/6032/6032
f 6030/6030/6030 6032/6032/6032 6033/6033/6033
f 6034/6034/6034 6035/6035/6035 6036/6036/6036
f 6034/6034/6034 6036/6036/6036 6037/6037/6037
f 6038/6038/6038 6039/6039/6039 6040/6040/6040
f 6038/6038/6038 6040/6040/6040 6041/6041/6041
f 6042/6042/6042 6043/6043/6043 6044/6044/6044
f 6042/6042/6042 6044/6044/6044 6045/6045/6045
f 6046/6046/6046 6047/6047/6047 6048/6048/6048
f 6046/6046/6046 6048/6048/6048 6049/6049/6049
f 6050/6050/6050 6051/6051/6051 6052/6052/6052
f 6050/6050/6050 6052/6052/6052 6053/6053/6053
f 6054/6054/6054 6055/6055/6055 6056/6056/6056
f 6054/6054/6054 6056/6056/6056 6057/6057/6057
f 6058/6058/6058 6059/6059/6059 6060/6060/6060
f 6058/6058/6058 6060/6060/6060 6061/6061/6061
f 6062/6062/6062 6063/6063/6063 6064/6064/6064
f 6062/6062/6062 6064/6064/6064 6065/6065/6065
f 6066/6066/6066 6067/6067/6067 6068/6068/6068
f 6066/6066/6066 6068/6068/6068 6069/6069/6069
f 6070/6070/6070 6071/6071/6071 6072/6072/6072
f 6070/6070/6070 6072/6072/6072 6073/6073/6073
f 6074/6074/6074 6075/6075/6075 6076/6076/6076
f 6074/6074/6074 6076/6076/6076 6077/6077/6077
f 6078/6078/6078 6079/6079/6079 6080/6080/6080
f 6078/6078/6078 6080/6080/6080 6081/6081/6081
f 6082/6082/6082 6083/6083/6083 6084/6084/6084
f 6082/6082/6082 6084/6084/6084 6085/6085/6085
f 6086/6086/6086 6087/6087/6087 6088/6088/6088
f 6086/6086/6086 6088/6088/6088 6089/6089/6089
f 6090/6090/6090 6091/6091/6091 6092/6092/6092
f 6090/6090/6090 6092/6092/6092 6093/6093/6093
f 6094/6094/6094 6095/6095/6095 6096/6096/6096
f 6094/6094/6094 6096/6096/6096 6097/6097/6097
f 6098/6098/6098 6099/6099/6099 6100/6100/6100
f 6098/6098/6098 6100/6100/6100 6101/6101/6101
f 6102/6102/6102 6103/6103/6103 6104/6104/6104
f 6102/6102/6102 6104/6104/6104 6105/6105/6105
f 6106/6106/6106 6107/6107/6107 6108/6108/6108
f 6106/6106/6106 6108/6108/6108 6109/6109/6109
f 6110/6110/6110 6111/6111/6111 6112/6112/6112
f 6110/6110/6110 6112/6112/6112 6113/6113/6113
f 6114/6114/6114 6115/6115/6115 6116/6116/6116
f 6114/6114/6114 6116/6116/6116 6117/6117/6117
f 6118/6118/6118 6119/6119/6119 6120/6120/6120
f 6118/6118/6118 6120/6120/6120 6121/6121/6121
f 6122/6122/6122 6123/6123/6123 6124/6124/6124
f 6122/6122/6122 6124/6124/6124 6125/6125/6125
f 6126/6126/6126 6127/6127/6127 6128/6128/6128
f 6126/6126/6126 6128/6128/6128 6129/6129/6129
f 6130/6130/6130 6131/6131/6131 6132/6132/6132
f 6130/6130/6130 6132/6132/6132 6133/6133/6133
f 6134/6134/6134 6135/6135/6135 6136/6136/6136
f 6134/6134/6134 6136/6136/6136 6137/6137/6137
f 6138/6138/6138 6139/6139/6139 6140/6140/6140
f 6138/6138/6138 6140/6140/6140 6141/6141/6141
f 6142/6142/6142 6143/6143/6143 6144/6144/6144
f 6142/6142/6142 6144/6144/6144 6145/6145/6145
f 6146/6146/6146 6147/6147/6147 6148/6148/6148
f 6146/6146/6146 6148/6148/6148 6149/6149/6149
f 6150/6150/6150 6151/6151/6151 6152/6152/6152
f 6150/6150/6150 6152/6152/6152 6153/6153/6153
f 6154/6154/6154 6155/6155/6155 6156/6156/6156
f 6154/6154/6154 6156/6156/6156 6157/6157/6157
f 6158/6158/6158 6159/6159/6159 6160/6160/6160
f 6158/6158/6158 6160/6160/6160 6161/6161/6161
f 6162/6162/6162 6163/6163/6163 6164/6164/6164
f 6162/6162/6162 6164/6164/6164 6165/6165/6165
f 6166/6166/6166 6167/6167/6167 6168/6168/6168
f 6166/6166/6166 6168/6168/6168 6169/6169/6169
f 6170/6170/6170 6171/6171/6171 6172/6172/6172
f 6170/6170/6170 6172/6172/6172 6173/6173/6173
f 6174/6174/6174 6175/6175/6175 6176/6176/6176
f 6174/6174/6174 6176/6176/6176 6177/6177/6177
f 6178/6178/6178 6179/6179/6179 6180/6180/6180
f 6178/6178/6178 6180/6180/6180 6181/6181/6181
f 6182/6182/6182 6183/6183/6183 6184/6184/6184
f 6182/6182/6182 6184/6184/6184 6185/6185/6185
f 6186/6186/6186 6187/6187/6187 6188/6188/6188
f 6186/6186/6186 6188/6188/6188 6189/6189/6189
f 6190/6190/6190 6191/6191/6191 6192/6192/6192
f 6190/6190/6190 6192/6192/6192 6193/6193/6193
f 6194/6194/6194 6195/6195/6195 6196/6196/6196
f 6194/6194/6194 6196/6196/6196 6197/6197/6197
f 6198/6198/6198 6199/6199/6199 6200/6200/6200
f 6198/6198/6198 6200/6200/6200 6201/6201/6201
f 6202/6202/6202 6203/6203/6203 6204/6204/6204
f 6202/6202/6202 6204/6204/6204 6205/6205/6205
f 6206/6206/6206 6207/6207/6207 6208/6208/6208
f 6206/6206/6206 6208/6208/6208 6209/6209/6209
f 6210/6210/6210 6211/6211/6211 6212/6212/6212
f 6210/6210/6210 6212/6212/6212 6213/6213/6213
f 6214/6214/6214 6215/6215/6215 6216/6216/6216
f 6214/6214/6214 6216/6216/6216 6217/6217/6217
f 6218/6218/6218 6219/6219/6219 6220/6220/6220
f 6218/6218/6218 6220/6220/6220 6221/6221/6221
f 6222/6222/6222 6223/6223/6223 6224/6224/6224
f 6222/6222/6222 6224/6224/6224 6225/6225/6225
f 6226/6226/6226 6227/6227/6227 6228/6228/6228
f 6226/6226/6226 6228/6228/6228 6229/6229/6229
f 6230/6230/6230 6231/6231/6231 6232/6232/6232
f 6230/6230/6230 6232/6232/6232 6233/6233/6233
f 6234/6234/6234 6235/6235/6235 6236/6236/6236
f 6234/6234/6234 6236/6236/6236 6237/6237/6237
f 6238/6238/6238 6239/6239/6239 6240/6240/6240
f 6238/6238/6238 6240/6240/6240 6241/6241/6241
f 6242/6242/6242 6243/6243/6243 6244/6244/6244
f 6242/6242/6242 6244/6244/6244 6245/6245/6245
f 6246/6246/6246 6247/6247/6247 6248/6248/6248
f 6246/6246/6246 6248/6248/6248 6249/6249/6249
f 6250/6250/6250 6251/6251/6251 6252/6252/6252
f 6250/6250/6250 6252/6252/6252 6253/6253/6253
f 6254/6254/6254 6255/6255/6255 6256/6256/6256
f 6254/6254/6254 6256/6256/6256 6257/6257/6257
f 6258/6258/6258 6259/6259/6259 6260/6260/6260
f 6258/6258/6258 6260/6260/6260 6261/6261/6261
f 6262/6262/6262 6263/6263/6263 6264/6264/6264
f 6262/6262/6262 6264/6264/6264 6265/6265/6265
f 6266/6266/6266 6267/6267/6267 6268/6268/6268
f 6266/6266/6266 6268/6268/6268 6269/6269/6269
f 6270/6270/6270 6271/6271/6271 6272/6272/6272
f 6270/6270/6270 6272/6272/6272 6273/6273/6273
f 6274/6274/6274 6275/6275/6275 6276/6276/6276
f 6274/6274/6274 6276/6276/6276 6277/6277/6277
f 6278/6278/6278 6279/6279/6279 6280/6280/6280
f 6278/6278/6278 6280/6280/6280 6281/6281/6281
f 6282/6282/6282 6283/6283/6283 6284/6284/6284
f 6282/6282/6282 6284/6284/6284 6285/6285/6285
f 6286/6286/6286 6287/6287/6287 6288/6288/6288
f 6286/6286/6286 6288/6288/6288 6289/6289/6289
f 6290/6290/6290 6291/6291/6291 6292/6292/6292
f 6290/6290/6290 6292/6292/6292 6293/6293/6293
f 6294/6294/6294 6295/6295/6295 6296/6296/6296
f 6294/6294/6294 6296/6296/6296 6297/6297/6297
f 6298/6298/6298 6299/6299/6299 6300/6300/6300
f 6298/6298/6298 6300/6300/6300 6301/6301/6301
f 6302/6302/6302 6303/6303/6303 6304/6304/6304
f 6302/6302/6302 6304/6304/6304 6305/6305/6305
f 6306/6306/6306 6307/6307/6307 6308/6308/6308
f 6306/6306/6306 6308/6308/6308 6309/6309/6309
f 6310/6310/6310 6311/6311/6311 6312/6312/6312
f 6310/6310/6310 6312/6312/6312 6313/6313/6313
f 6314/6314/6314 6315/6315/6315 6316/6316/6316
f 6314/6314/6314 6316/6316/6316 6317/6317/6317
f 6318/6318/6318 6319/6319/6319 6320/6320/6320
f 6318/6318/6318 6320/6320/6320 6321/6321/6321
f 6322/6322/6322 6323/6323/6323 6324/6324/6324
f 6322/6322/6322 6324/6324/6324 6325/6325/6325
f 6326/6326/6326 6327/6327/6327 6328/6328/6328
f 6326/6326/6326 6328/6328/6328 6329/6329/6329
f 6330/6330/6330 6331/6331/6331 6332/6332/6332
f 6330/6330/6330 6332/6332/6332 6333/6333/6333
f 6334/6334/6334 6335/6335/6335 6336/6336/6336
f 6334/6334/6334 6336/6336/6336 6337/6337/6337
f 6338/6338/6338 6339/6339/6339 6340/6340/6340
f 6338/6338/6338 6340/6340/6340 6341/6341/6341
f 6342/6342/6342 6343/6343/6343 6344/6344/6344
f 6342/6342/6342 6344/6344/6344 6345/6345/6345
f 6346/6346/6346 6347/6347/6347 6348/6348/6348
f 6346/6346/6346 6348/6348/6348 6349/6349/6349
f 6350/6350/6350 6351/6351/6351 6352/6352/6352
f 6350/6350/6350 6352/6352/6352 6353/6353/6353
f 6354/6354/6354 6355/6355/6355 6356/6356/6356
f 6354/6354/6354 6356/6356/6356 6357/6357/6357
f 6358/6358/6358 6359/6359/6359 6360/6360/6360
f 6358/6358/6358 6360/6360/6360 6361/6361/6361
f 6362/6362/6362 6363/6363/6363 6364/6364/6364
f 6362/6362/6362 6364/6364/6364 6365/6365/6365
f 6366/6366/6366 6367/6367/6367 6368/6368/6368
f 6366/6366/6366 6368/6368/6368 6369/6369/6369
f 6370/6370/6370 6371/6371/6371 6372/6372/6372
f 6370/6370/6370 6372/6372/6372 6373/6373/6373
f 6374/6374/6374 6375/6375/6375 6376/6376/6376
f 6374/6374/6374 6376/6376/6376 6377/6377/6377
f 6378/6378/6378 6379/6379/6379 6380/6380/6380
f 6378/6378/6378 6380/6380/6380 6381/6381/6381
f 6382/6382/6382 6383/6383/6383 6384/6384/6384
f 6382/6382/6382 6384/6384/6384 6385/6385/6385
f 6386/6386/6386 6387/6387/6387 6388/6388/6388
f 6386/6386/6386 6388/6388/6388 6389/6389/6389
f 6390/6390/6390 6391/6391/6391 6392/6392/6392
f 6390/6390/6390 6392/6392/6392 6393/6393/6393
f 6394/6394/6394 6395/6395/6395 6396/6396/6396
f 6394/6394/6394 6396/6396/6396 6397/6397/6397
f 6398/6398/6398 6399/6399/6399 6400/6400/6400
f 6398/6398/6398 6400/6400/6400 6401/6401/6401
f 6402/6402/6402 6403/6403/6403 6404/6404/6404
f 6402/6402/6402 6404/6404/6404 6405/6405/6405
f 6406/6406/6406 6407/6407/6407 6408/6408/6408
f 6406/6406/6406 6408/6408/6408 6409/6409/6409
f 6410/6410/6410 6411/6411/6411 6412/6412/6412
f 6410/6410/6410 6412/6412/6412 6413/6413/6413
f 6414/6414/6414 6415/6415/6415 6416/6416/6416
f 6414/6414/6414 6416/6416/6416 6417/6417/6417
f 6418/6418/6418 6419/6419/6419 6420/6420/6420
f 6418/6418/6418 6420/6420/6420 6421/6421/6421
f 6422/6422/6422 6423/6423/6423 6424/6424/6424
f 6422/6422/6422 6424/6424/6424 6425/6425/6425
f 6426/6426/6426 6427/6427/6427 6428/6428/6428
f 6426/6426/6426 6428/6428/6428 6429/6429/6429
f 6430/6430/6430 6431/6431/6431 6432/6432/6432
f 6430/6430/6430 6432/6432/6432 6433/6433/6433
f 6434/6434/6434 6435/6435/6435 6436/6436/6436
f 6434/6434/6434 6436/6436/6436 6437/6437/6437
f 6438/6438/6438 6439/6439/6439 6440/6440/6440
f 6438/6438/6438 6440/6440/6440 6441/6441/6441
f 6442/6442/6442 6443/6443/6443 6444/6444/6444
f 6442/6442/6442 6444/6444/6444 6445/6445/6445
f 6446/6446/6446 6447/6447/6447 6448/6448/6448
f 6446/6446/6446 6448/6448/6448 6449/6449/6449
f 6450/6450/6450 6451/6451/6451 6452/6452/6452
f 6450/6450/6450 6452/6452/6452 6453/6453/6453
f 6454/6454/6454 6455/6455/6455 6456/6456/6456
f 6454/6454/6454 6456/6456/6456 6457/6457/6457
f 6458/6458/6458 6459/6459/6459 6460/6460/6460
f 6458/6458/6458 6460/6460/6460 6461/6461/6461
f 6462/6462/6462 6463/6463/6463 6464/6464/6464
f 6462/6462/6462 6464/6464/6464 6465/6465/6465
f 6466/6466/6466 6467/6467/6467 6468/6468/6468
f 6466/6466/6466 6468/6468/6468 6469/6469/6469
f 6470/6470/6470 6471/6471/6471 6472/6472/6472
f 6470/6470/6470 6472/6472/6472 6473/6473/6473
f 6474/6474/6474 6475/6475/6475 6476/6476/6476
f 6474/6474/6474 6476/6476/6476 6477/6477/6477
f 6478/6478/6478 6479/6479/6479 6480/6480/6480
f 6478/6478/6478 6480/6480/6480 6481/6481/6481
f 6482/6482/6482 6483/6483/6483 6484/6484/6484
f 6482/6482/6482 6484/6484/6484 6485/6485/6485
f 6486/6486/6486 6487/6487/6487 6488/6488/6488
f 6486/6486/6486 6488/6488/6488 6489/6489/6489
f 6490/6490/6490 6491/6491/6491 6492/6492/6492
f 6490/6490/6490 6492/6492/6492 6493/6493/6493
f 6494/6494/6494 6495/6495/6495 6496/6496/6496
f 6494/6494/6494 6496/6496/6496 6497/6497/6497
f 6498/6498/6498 6499/6499/6499 6500/6500/6500
f 6498/6498/6498 6500/6500/6500 6501/6501/6501
f 6502/6502/6502 6503/6503/6503 6504/6504/6504
f 6502/6502/6502 6504/6504/6504 6505/6505/6505
f 6506/6506/6506 6507/6507/6507 6508/6508/6508
f 6506/6506/6506 6508/6508/6508 6509/6509/6509
f 6510/6510/6510 6511/6511/6511 6512/6512/6512
f 6510/6510/6510 6512/6512/6512 6513/6513/6513
f 6514/6514/6514 6515/6515/6515 6516/6516/6516
f 6514/6514/6514 6516/6516/6516 6517/6517/6517
f 6518/6518/6518 6519/6519/6519 6520/6520/6520
f 6518/6518/6518 6520/6520/6520 6521/6521/6521
f 6522/6522/6522 6523/6523/6523 6524/6524/6524
f 6522/6522/6522 6524/6524/6524 6525/6525/6525
f 6526/6526/6526 6527/6527/6527 6528/6528/6528
f 6526/6526/6526 6528/6528/6528 6529/6529/6529
f 6530/6530/6530 6531/6531/6531 6532/6532/6532
f 6530/6530/6530 6532/6532/6532 6533/6533/6533
f 6534/6534/6534 6535/6535/6535 6536/6536/6536
f 6534/6534/6534 6536/6536/6536 6537/6537/6537
f 6538/6538/6538 6539/6539/6539 6540/6540/6540
f 6538/6538/6538 6540/6540/6540 6541/6541/6541
f 6542/6542/6542 6543/6543/6543 6544/6544/6544
f 6542/6542/6542 6544/6544/6544 6545/6545/6545
f 6546/6546/6546 6547/6547/6547 6548/6548/6548
f 6546/6546/6546 6548/6548/6548 6549/6549/6549
f 6550/6550/6550 6551/6551/6551 6552/6552/6552
f 6550/6550/6550 6552/6552/6552 6553/6553/6553
f 6554/6554/6554 6555/6555/6555 6556/6556/6556
f 6554/6554/6554 6556/6556/6556 6557/6557/6557
f 6558/6558/6558 6559/6559/6559 6560/6560/6560
f 6558/6558/6558 6560/6560/6560 6561/6561/6561
f 6562/6562/6562 6563/6563/6563 6564/6564/6564
f 6562/6562/6562 6564/6564/6564 6565/6565/6565
f 6566/6566/6566 6567/6567/6567 6568/6568/6568
f 6566/6566/6566 6568/6568/6568 6569/6569/6569
f 6570/6570/6570 6571/6571/6571 6572/6572/6572
f 6570/6570/6570 6572/6572/6572 6573/6573/6573
f 6574/6574/6574 6575/6575/6575 6576/6576/6576
f 6574/6574/6574 6576/6576/6576 6577/6577/6577
f 6578/6578/6578 6579/6579/6579 6580/6580/6580
f 6578/6578/6578 6580/6580/6580 6581/6581/6581
f 6582/6582/6582 6583/6583/6583 6584/6584/6584
f 6582/6582/6582 6584/6584/6584 6585/6585/6585
