# generated by generate_trees.py
mtllib hero.mtl
o hero_spruce_a_lod1
usemtl bark_spruce
s 1
v 0.350 -0.147 0.163
v 0.347 -0.146 -0.175
v 0.081 -0.148 -0.384
v -0.249 -0.152 -0.306
v -0.393 -0.154 -0.000
v -0.244 -0.153 0.304
v 0.087 -0.150 0.376
v 0.350 -0.147 0.163
v 0.329 0.496 0.158
v 0.326 0.498 -0.167
v 0.071 0.499 -0.368
v -0.246 0.498 -0.293
v -0.384 0.495 0.001
v -0.241 0.493 0.293
v 0.076 0.493 0.363
v 0.329 0.496 0.158
v 0.316 1.145 0.160
v 0.314 1.144 -0.150
v 0.070 1.142 -0.341
v -0.232 1.140 -0.270
v -0.364 1.139 0.011
v -0.227 1.141 0.289
v 0.076 1.143 0.355
v 0.316 1.145 0.160
v 0.289 1.788 0.142
v 0.286 1.785 -0.154
v 0.054 1.785 -0.336
v -0.234 1.786 -0.268
v -0.360 1.789 -0.001
v -0.230 1.791 0.265
v 0.059 1.791 0.328
v 0.289 1.788 0.142
v 0.292 2.429 0.135
v 0.290 2.428 -0.147
v 0.068 2.431 -0.322
v -0.207 2.437 -0.257
v -0.327 2.440 -0.001
v -0.203 2.439 0.252
v 0.073 2.434 0.312
v 0.292 2.429 0.135
v 0.285 3.077 0.122
v 0.283 3.075 -0.146
v 0.072 3.078 -0.312
v -0.190 3.082 -0.250
v -0.305 3.084 -0.007
v -0.186 3.084 0.234
v 0.076 3.080 0.292
v 0.285 3.077 0.122
v 0.283 3.724 0.116
v 0.281 3.724 -0.140
v 0.080 3.726 -0.298
v -0.169 3.728 -0.239
v -0.278 3.728 -0.007
v -0.165 3.727 0.222
v 0.085 3.725 0.277
v 0.283 3.724 0.116
v 0.267 4.366 0.112
v 0.265 4.368 -0.131
v 0.074 4.373 -0.281
v -0.163 4.377 -0.225
v -0.266 4.377 -0.005
v -0.159 4.374 0.213
v 0.078 4.369 0.265
v 0.267 4.366 0.112
v 0.282 5.014 0.113
v 0.280 5.013 -0.117
v 0.099 5.016 -0.260
v -0.125 5.021 -0.207
v -0.223 5.023 0.002
v -0.122 5.021 0.209
v 0.103 5.017 0.258
v 0.282 5.014 0.113
v 0.265 5.668 0.097
v 0.263 5.664 -0.121
v 0.092 5.660 -0.256
v -0.121 5.659 -0.205
v -0.214 5.662 -0.008
v -0.117 5.666 0.187
v 0.095 5.669 0.234
v 0.265 5.668 0.097
v 0.245 6.311 0.080
v 0.243 6.308 -0.126
v 0.081 6.307 -0.253
v -0.119 6.308 -0.206
v -0.206 6.310 -0.020
v -0.116 6.313 0.165
v 0.085 6.313 0.209
v 0.245 6.311 0.080
v 0.242 6.958 0.067
v 0.240 6.957 -0.126
v 0.088 6.956 -0.246
v -0.100 6.954 -0.201
v -0.183 6.954 -0.026
v -0.098 6.956 0.148
v 0.091 6.957 0.189
v 0.242 6.958 0.067
v 0.210 7.607 0.063
v 0.209 7.606 -0.119
v 0.066 7.603 -0.231
v -0.111 7.599 -0.189
v -0.188 7.597 -0.025
v -0.108 7.599 0.138
v 0.069 7.604 0.177
v 0.210 7.607 0.063
v 0.187 8.249 0.053
v 0.186 8.248 -0.117
v 0.053 8.247 -0.222
v -0.112 8.247 -0.183
v -0.185 8.248 -0.029
v -0.110 8.249 0.123
v 0.055 8.250 0.159
v 0.187 8.249 0.053
v 0.183 8.894 0.041
v 0.182 8.895 -0.117
v 0.058 8.896 -0.214
v -0.096 8.895 -0.178
v -0.163 8.894 -0.035
v -0.093 8.892 0.106
v 0.061 8.892 0.140
v 0.183 8.894 0.041
v 0.159 9.544 0.055
v 0.158 9.545 -0.090
v 0.044 9.542 -0.180
v -0.098 9.537 -0.147
v -0.161 9.535 -0.015
v -0.096 9.537 0.116
v 0.046 9.541 0.147
v 0.159 9.544 0.055
v 0.121 10.189 0.033
v 0.119 10.189 -0.101
v 0.014 10.187 -0.184
v -0.117 10.184 -0.153
v -0.174 10.183 -0.032
v -0.115 10.184 0.089
v 0.016 10.187 0.118
v 0.121 10.189 0.033
v 0.107 10.830 0.043
v 0.106 10.832 -0.079
v 0.010 10.833 -0.155
v -0.109 10.834 -0.127
v -0.162 10.833 -0.016
v -0.108 10.831 0.094
v 0.012 10.830 0.120
v 0.107 10.830 0.043
v 0.106 11.477 0.037
v 0.105 11.477 -0.074
v 0.018 11.477 -0.142
v -0.090 11.478 -0.117
v -0.137 11.479 -0.016
v -0.088 11.479 0.083
v 0.020 11.478 0.107
v 0.106 11.477 0.037
v 0.093 12.123 0.028
v 0.092 12.123 -0.071
v 0.014 12.124 -0.133
v -0.083 12.124 -0.110
v -0.126 12.125 -0.020
v -0.082 12.125 0.070
v 0.015 12.124 0.091
v 0.093 12.123 0.028
v 0.094 12.769 0.024
v 0.093 12.771 -0.064
v 0.024 12.772 -0.119
v -0.062 12.772 -0.099
v -0.100 12.770 -0.019
v -0.061 12.769 0.060
v 0.025 12.768 0.079
v 0.094 12.769 0.024
v 0.075 13.417 0.044
v 0.074 13.418 -0.032
v 0.014 13.417 -0.080
v -0.061 13.415 -0.062
v -0.094 13.414 0.007
v -0.060 13.414 0.076
v 0.015 13.416 0.093
v 0.075 13.417 0.044
v 0.043 14.064 0.022
v 0.042 14.063 -0.043
v -0.009 14.061 -0.083
v -0.073 14.060 -0.068
v -0.101 14.060 -0.009
v -0.072 14.062 0.050
v -0.008 14.063 0.064
v 0.043 14.064 0.022
v 0.023 14.708 0.014
v 0.023 14.708 -0.040
v -0.020 14.708 -0.073
v -0.072 14.708 -0.061
v -0.095 14.708 -0.012
v -0.071 14.708 0.037
v -0.019 14.708 0.048
v 0.023 14.708 0.014
v 0.012 15.354 0.005
v 0.011 15.354 -0.038
v -0.023 15.354 -0.064
v -0.064 15.354 -0.054
v -0.083 15.354 -0.016
v -0.064 15.354 0.023
v -0.022 15.354 0.032
v 0.012 15.354 0.005
v -0.004 16.000 0.004
v -0.005 16.000 -0.028
v -0.029 16.000 -0.047
v -0.060 16.000 -0.040
v -0.074 16.000 -0.011
v -0.060 16.000 0.017
v -0.029 16.000 0.024
v -0.004 16.000 0.004
v -0.038 16.055 -0.011
vt 0.0000 0.0000
vt 0.4286 0.0000
vt 0.8571 0.0000
vt 1.2857 0.0000
vt 1.7143 0.0000
vt 2.1429 0.0000
vt 2.5714 0.0000
vt 3.0000 0.0000
vt 0.0000 0.1938
vt 0.4286 0.1938
vt 0.8571 0.1938
vt 1.2857 0.1938
vt 1.7143 0.1938
vt 2.1429 0.1938
vt 2.5714 0.1938
vt 3.0000 0.1938
vt 0.0000 0.3876
vt 0.4286 0.3876
vt 0.8571 0.3876
vt 1.2857 0.3876
vt 1.7143 0.3876
vt 2.1429 0.3876
vt 2.5714 0.3876
vt 3.0000 0.3876
vt 0.0000 0.5815
vt 0.4286 0.5815
vt 0.8571 0.5815
vt 1.2857 0.5815
vt 1.7143 0.5815
vt 2.1429 0.5815
vt 2.5714 0.5815
vt 3.0000 0.5815
vt 0.0000 0.7754
vt 0.4286 0.7754
vt 0.8571 0.7754
vt 1.2857 0.7754
vt 1.7143 0.7754
vt 2.1429 0.7754
vt 2.5714 0.7754
vt 3.0000 0.7754
vt 0.0000 0.9692
vt 0.4286 0.9692
vt 0.8571 0.9692
vt 1.2857 0.9692
vt 1.7143 0.9692
vt 2.1429 0.9692
vt 2.5714 0.9692
vt 3.0000 0.9692
vt 0.0000 1.1630
vt 0.4286 1.1630
vt 0.8571 1.1630
vt 1.2857 1.1630
vt 1.7143 1.1630
vt 2.1429 1.1630
vt 2.5714 1.1630
vt 3.0000 1.1630
vt 0.0000 1.3568
vt 0.4286 1.3568
vt 0.8571 1.3568
vt 1.2857 1.3568
vt 1.7143 1.3568
vt 2.1429 1.3568
vt 2.5714 1.3568
vt 3.0000 1.3568
vt 0.0000 1.5508
vt 0.4286 1.5508
vt 0.8571 1.5508
vt 1.2857 1.5508
vt 1.7143 1.5508
vt 2.1429 1.5508
vt 2.5714 1.5508
vt 3.0000 1.5508
vt 0.0000 1.7447
vt 0.4286 1.7447
vt 0.8571 1.7447
vt 1.2857 1.7447
vt 1.7143 1.7447
vt 2.1429 1.7447
vt 2.5714 1.7447
vt 3.0000 1.7447
vt 0.0000 1.9385
vt 0.4286 1.9385
vt 0.8571 1.9385
vt 1.2857 1.9385
vt 1.7143 1.9385
vt 2.1429 1.9385
vt 2.5714 1.9385
vt 3.0000 1.9385
vt 0.0000 2.1323
vt 0.4286 2.1323
vt 0.8571 2.1323
vt 1.2857 2.1323
vt 1.7143 2.1323
vt 2.1429 2.1323
vt 2.5714 2.1323
vt 3.0000 2.1323
vt 0.0000 2.3262
vt 0.4286 2.3262
vt 0.8571 2.3262
vt 1.2857 2.3262
vt 1.7143 2.3262
vt 2.1429 2.3262
vt 2.5714 2.3262
vt 3.0000 2.3262
vt 0.0000 2.5200
vt 0.4286 2.5200
vt 0.8571 2.5200
vt 1.2857 2.5200
vt 1.7143 2.5200
vt 2.1429 2.5200
vt 2.5714 2.5200
vt 3.0000 2.5200
vt 0.0000 2.7139
vt 0.4286 2.7139
vt 0.8571 2.7139
vt 1.2857 2.7139
vt 1.7143 2.7139
vt 2.1429 2.7139
vt 2.5714 2.7139
vt 3.0000 2.7139
vt 0.0000 2.9078
vt 0.4286 2.9078
vt 0.8571 2.9078
vt 1.2857 2.9078
vt 1.7143 2.9078
vt 2.1429 2.9078
vt 2.5714 2.9078
vt 3.0000 2.9078
vt 0.0000 3.1018
vt 0.4286 3.1018
vt 0.8571 3.1018
vt 1.2857 3.1018
vt 1.7143 3.1018
vt 2.1429 3.1018
vt 2.5714 3.1018
vt 3.0000 3.1018
vt 0.0000 3.2957
vt 0.4286 3.2957
vt 0.8571 3.2957
vt 1.2857 3.2957
vt 1.7143 3.2957
vt 2.1429 3.2957
vt 2.5714 3.2957
vt 3.0000 3.2957
vt 0.0000 3.4895
vt 0.4286 3.4895
vt 0.8571 3.4895
vt 1.2857 3.4895
vt 1.7143 3.4895
vt 2.1429 3.4895
vt 2.5714 3.4895
vt 3.0000 3.4895
vt 0.0000 3.6833
vt 0.4286 3.6833
vt 0.8571 3.6833
vt 1.2857 3.6833
vt 1.7143 3.6833
vt 2.1429 3.6833
vt 2.5714 3.6833
vt 3.0000 3.6833
vt 0.0000 3.8772
vt 0.4286 3.8772
vt 0.8571 3.8772
vt 1.2857 3.8772
vt 1.7143 3.8772
vt 2.1429 3.8772
vt 2.5714 3.8772
vt 3.0000 3.8772
vt 0.0000 4.0711
vt 0.4286 4.0711
vt 0.8571 4.0711
vt 1.2857 4.0711
vt 1.7143 4.0711
vt 2.1429 4.0711
vt 2.5714 4.0711
vt 3.0000 4.0711
vt 0.0000 4.2651
vt 0.4286 4.2651
vt 0.8571 4.2651
vt 1.2857 4.2651
vt 1.7143 4.2651
vt 2.1429 4.2651
vt 2.5714 4.2651
vt 3.0000 4.2651
vt 0.0000 4.4589
vt 0.4286 4.4589
vt 0.8571 4.4589
vt 1.2857 4.4589
vt 1.7143 4.4589
vt 2.1429 4.4589
vt 2.5714 4.4589
vt 3.0000 4.4589
vt 0.0000 4.6527
vt 0.4286 4.6527
vt 0.8571 4.6527
vt 1.2857 4.6527
vt 1.7143 4.6527
vt 2.1429 4.6527
vt 2.5714 4.6527
vt 3.0000 4.6527
vt 0.0000 4.8465
vt 0.4286 4.8465
vt 0.8571 4.8465
vt 1.2857 4.8465
vt 1.7143 4.8465
vt 2.1429 4.8465
vt 2.5714 4.8465
vt 3.0000 4.8465
vt 0.5000 4.8575
vn 0.904 0.009 0.427
vn 0.897 0.011 -0.441
vn 0.215 0.005 -0.977
vn -0.630 -0.005 -0.777
vn -1.000 -0.011 0.008
vn -0.617 -0.008 0.787
vn 0.230 0.000 0.973
vn 0.904 0.009 0.427
vn 0.904 -0.001 0.427
vn 0.897 0.006 -0.441
vn 0.215 0.009 -0.977
vn -0.630 0.005 -0.777
vn -1.000 -0.003 0.008
vn -0.617 -0.009 0.787
vn 0.230 -0.008 0.973
vn 0.904 -0.001 0.427
vn 0.904 0.007 0.427
vn 0.897 0.006 -0.441
vn 0.215 0.000 -0.977
vn -0.630 -0.006 -0.777
vn -1.000 -0.008 0.008
vn -0.617 -0.004 0.787
vn 0.230 0.003 0.973
vn 0.904 0.007 0.427
vn 0.904 0.001 0.427
vn 0.897 -0.007 -0.441
vn 0.215 -0.010 -0.977
vn -0.630 -0.005 -0.777
vn -1.000 0.004 0.008
vn -0.617 0.010 0.787
vn 0.230 0.008 0.973
vn 0.904 0.001 0.427
vn 0.904 -0.015 0.427
vn 0.897 -0.019 -0.441
vn 0.215 -0.009 -0.977
vn -0.630 0.008 -0.777
vn -1.000 0.019 0.008
vn -0.617 0.016 0.787
vn 0.230 0.000 0.973
vn 0.904 -0.015 0.427
vn 0.904 -0.011 0.427
vn 0.897 -0.015 -0.441
vn 0.215 -0.007 -0.977
vn -0.630 0.006 -0.777
vn -1.000 0.015 0.008
vn -0.617 0.012 0.787
vn 0.230 0.001 0.973
vn 0.904 -0.011 0.427
vn 0.904 -0.007 0.427
vn 0.898 -0.005 -0.441
vn 0.215 0.000 -0.977
vn -0.630 0.006 -0.777
vn -1.000 0.007 0.008
vn -0.617 0.003 0.787
vn 0.230 -0.003 0.973
vn 0.904 -0.007 0.427
vn 0.904 -0.021 0.427
vn 0.897 -0.014 -0.441
vn 0.215 0.003 -0.977
vn -0.629 0.018 -0.777
vn -1.000 0.020 0.008
vn -0.617 0.006 0.787
vn 0.230 -0.012 0.973
vn 0.904 -0.021 0.427
vn 0.904 -0.016 0.427
vn 0.897 -0.018 -0.441
vn 0.215 -0.006 -0.977
vn -0.630 0.010 -0.777
vn -1.000 0.019 0.008
vn -0.617 0.013 0.787
vn 0.230 -0.002 0.973
vn 0.904 -0.016 0.427
vn 0.904 0.015 0.426
vn 0.897 0.001 -0.441
vn 0.215 -0.014 -0.977
vn -0.630 -0.018 -0.777
vn -1.000 -0.009 0.008
vn -0.617 0.007 0.787
vn 0.230 0.018 0.973
vn 0.904 0.015 0.426
vn 0.904 0.004 0.427
vn 0.897 -0.008 -0.441
vn 0.215 -0.014 -0.977
vn -0.630 -0.009 -0.777
vn -1.000 0.002 0.008
vn -0.617 0.012 0.787
vn 0.230 0.013 0.973
vn 0.904 0.004 0.427
vn 0.904 0.008 0.427
vn 0.897 0.005 -0.441
vn 0.215 -0.002 -0.977
vn -0.630 -0.008 -0.777
vn -1.000 -0.007 0.008
vn -0.617 -0.002 0.787
vn 0.230 0.005 0.973
vn 0.904 0.008 0.427
vn 0.904 0.022 0.427
vn 0.897 0.019 -0.441
vn 0.215 0.003 -0.977
vn -0.630 -0.016 -0.777
vn -1.000 -0.023 0.008
vn -0.617 -0.012 0.787
vn 0.230 0.007 0.973
vn 0.904 0.022 0.427
vn 0.904 0.005 0.427
vn 0.898 -0.002 -0.441
vn 0.215 -0.008 -0.977
vn -0.630 -0.007 -0.777
vn -1.000 -0.002 0.008
vn -0.617 0.005 0.787
vn 0.230 0.008 0.973
vn 0.904 0.005 0.427
vn 0.904 -0.003 0.427
vn 0.898 0.007 -0.441
vn 0.215 0.011 -0.977
vn -0.630 0.007 -0.777
vn -1.000 -0.002 0.008
vn -0.617 -0.010 0.787
vn 0.230 -0.010 0.973
vn 0.904 -0.003 0.427
vn 0.904 0.025 0.427
vn 0.897 0.028 -0.441
vn 0.215 0.009 -0.977
vn -0.629 -0.016 -0.777
vn -1.000 -0.029 0.008
vn -0.617 -0.021 0.787
vn 0.230 0.004 0.973
vn 0.904 0.025 0.427
vn 0.904 0.020 0.427
vn 0.897 0.019 -0.441
vn 0.215 0.004 -0.977
vn -0.629 -0.014 -0.777
vn -1.000 -0.022 0.008
vn -0.617 -0.013 0.787
vn 0.230 0.005 0.973
vn 0.904 0.020 0.427
vn 0.904 -0.012 0.427
vn 0.898 -0.002 -0.441
vn 0.215 0.010 -0.977
vn -0.629 0.014 -0.777
vn -1.000 0.008 0.008
vn -0.617 -0.005 0.787
vn 0.230 -0.013 0.973
vn 0.904 -0.012 0.427
vn 0.904 -0.005 0.427
vn 0.898 -0.008 -0.441
vn 0.215 -0.004 -0.977
vn -0.630 0.002 -0.777
vn -1.000 0.007 0.008
vn -0.617 0.007 0.787
vn 0.230 0.001 0.973
vn 0.904 -0.005 0.427
vn 0.904 -0.007 0.427
vn 0.898 -0.009 -0.441
vn 0.215 -0.004 -0.977
vn -0.630 0.004 -0.777
vn -1.000 0.009 0.008
vn -0.617 0.007 0.787
vn 0.230 -0.000 0.973
vn 0.904 -0.007 0.427
vn 0.904 -0.013 0.427
vn 0.898 0.005 -0.441
vn 0.215 0.020 -0.976
vn -0.630 0.019 -0.777
vn -1.000 0.004 0.008
vn -0.617 -0.014 0.787
vn 0.230 -0.022 0.973
vn 0.904 -0.013 0.427
vn 0.904 0.016 0.427
vn 0.897 0.022 -0.441
vn 0.215 0.012 -0.977
vn -0.629 -0.007 -0.777
vn -1.000 -0.021 0.007
vn -0.617 -0.019 0.786
vn 0.230 -0.003 0.973
vn 0.904 0.016 0.427
vn 0.904 0.026 0.427
vn 0.898 0.013 -0.441
vn 0.215 -0.010 -0.976
vn -0.629 -0.025 -0.777
vn -1.000 -0.021 0.008
vn -0.618 -0.002 0.786
vn 0.230 0.019 0.973
vn 0.904 0.026 0.427
vn 0.904 0.008 0.427
vn 0.898 0.003 -0.441
vn 0.215 -0.003 -0.977
vn -0.629 -0.008 -0.777
vn -1.000 -0.006 0.007
vn -0.618 -0.000 0.786
vn 0.230 0.006 0.973
vn 0.904 0.008 0.427
vn 0.904 0.003 0.427
vn 0.898 0.003 -0.441
vn 0.215 0.001 -0.977
vn -0.629 -0.002 -0.777
vn -1.000 -0.003 0.007
vn -0.618 -0.002 0.786
vn 0.230 0.000 0.973
vn 0.904 0.003 0.427
vn 0.904 0.003 0.427
vn 0.898 0.009 -0.441
vn 0.215 0.008 -0.977
vn -0.629 0.001 -0.777
vn -1.000 -0.006 0.007
vn -0.618 -0.009 0.786
vn 0.230 -0.005 0.973
vn 0.904 0.003 0.427
vn -0.006 1.000 0.007
f 1/1/1 9/9/9 2/2/2
f 2/2/2 9/9/9 10/10/10
f 2/2/2 10/10/10 3/3/3
f 3/3/3 10/10/10 11/11/11
f 3/3/3 11/11/11 4/4/4
f 4/4/4 11/11/11 12/12/12
f 4/4/4 12/12/12 5/5/5
f 5/5/5 12/12/12 13/13/13
f 5/5/5 13/13/13 6/6/6
f 6/6/6 13/13/13 14/14/14
f 6/6/6 14/14/14 7/7/7
f 7/7/7 14/14/14 15/15/15
f 7/7/7 15/15/15 8/8/8
f 8/8/8 15/15/15 16/16/16
f 9/9/9 17/17/17 10/10/10
f 10/10/10 17/17/17 18/18/18
f 10/10/10 18/18/18 11/11/11
f 11/11/11 18/18/18 19/19/19
f 11/11/11 19/19/19 12/12/12
f 12/12/12 19/19/19 20/20/20
f 12/12/12 20/20/20 13/13/13
f 13/13/13 20/20/20 21/21/21
f 13/13/13 21/21/21 14/14/14
f 14/14/14 21/21/21 22/22/22
f 14/14/14 22/22/22 15/15/15
f 15/15/15 22/22/22 23/23/23
f 15/15/15 23/23/23 16/16/16
f 16/16/16 23/23/23 24/24/24
f 17/17/17 25/25/25 18/18/18
f 18/18/18 25/25/25 26/26/26
f 18/18/18 26/26/26 19/19/19
f 19/19/19 26/26/26 27/27/27
f 19/19/19 27/27/27 20/20/20
f 20/20/20 27/27/27 28/28/28
f 20/20/20 28/28/28 21/21/21
f 21/21/21 28/28/28 29/29/29
f 21/21/21 29/29/29 22/22/22
f 22/22/22 29/29/29 30/30/30
f 22/22/22 30/30/30 23/23/23
f 23/23/23 30/30/30 31/31/31
f 23/23/23 31/31/31 24/24/24
f 24/24/24 31/31/31 32/32/32
f 25/25/25 33/33/33 26/26/26
f 26/26/26 33/33/33 34/34/34
f 26/26/26 34/34/34 27/27/27
f 27/27/27 34/34/34 35/35/35
f 27/27/27 35/35/35 28/28/28
f 28/28/28 35/35/35 36/36/36
f 28/28/28 36/36/36 29/29/29
f 29/29/29 36/36/36 37/37/37
f 29/29/29 37/37/37 30/30/30
f 30/30/30 37/37/37 38/38/38
f 30/30/30 38/38/38 31/31/31
f 31/31/31 38/38/38 39/39/39
f 31/31/31 39/39/39 32/32/32
f 32/32/32 39/39/39 40/40/40
f 33/33/33 41/41/41 34/34/34
f 34/34/34 41/41/41 42/42/42
f 34/34/34 42/42/42 35/35/35
f 35/35/35 42/42/42 43/43/43
f 35/35/35 43/43/43 36/36/36
f 36/36/36 43/43/43 44/44/44
f 36/36/36 44/44/44 37/37/37
f 37/37/37 44/44/44 45/45/45
f 37/37/37 45/45/45 38/38/38
f 38/38/38 45/45/45 46/46/46
f 38/38/38 46/46/46 39/39/39
f 39/39/39 46/46/46 47/47/47
f 39/39/39 47/47/47 40/40/40
f 40/40/40 47/47/47 48/48/48
f 41/41/41 49/49/49 42/42/42
f 42/42/42 49/49/49 50/50/50
f 42/42/42 50/50/50 43/43/43
f 43/43/43 50/50/50 51/51/51
f 43/43/43 51/51/51 44/44/44
f 44/44/44 51/51/51 52/52/52
f 44/44/44 52/52/52 45/45/45
f 45/45/45 52/52/52 53/53/53
f 45/45/45 53/53/53 46/46/46
f 46/46/46 53/53/53 54/54/54
f 46/46/46 54/54/54 47/47/47
f 47/47/47 54/54/54 55/55/55
f 47/47/47 55/55/55 48/48/48
f 48/48/48 55/55/55 56/56/56
f 49/49/49 57/57/57 50/50/50
f 50/50/50 57/57/57 58/58/58
f 50/50/50 58/58/58 51/51/51
f 51/51/51 58/58/58 59/59/59
f 51/51/51 59/59/59 52/52/52
f 52/52/52 59/59/59 60/60/60
f 52/52/52 60/60/60 53/53/53
f 53/53/53 60/60/60 61/61/61
f 53/53/53 61/61/61 54/54/54
f 54/54/54 61/61/61 62/62/62
f 54/54/54 62/62/62 55/55/55
f 55/55/55 62/62/62 63/63/63
f 55/55/55 63/63/63 56/56/56
f 56/56/56 63/63/63 64/64/64
f 57/57/57 65/65/65 58/58/58
f 58/58/58 65/65/65 66/66/66
f 58/58/58 66/66/66 59/59/59
f 59/59/59 66/66/66 67/67/67
f 59/59/59 67/67/67 60/60/60
f 60/60/60 67/67/67 68/68/68
f 60/60/60 68/68/68 61/61/61
f 61/61/61 68/68/68 69/69/69
f 61/61/61 69/69/69 62/62/62
f 62/62/62 69/69/69 70/70/70
f 62/62/62 70/70/70 63/63/63
f 63/63/63 70/70/70 71/71/71
f 63/63/63 71/71/71 64/64/64
f 64/64/64 71/71/71 72/72/72
f 65/65/65 73/73/73 66/66/66
f 66/66/66 73/73/73 74/74/74
f 66/66/66 74/74/74 67/67/67
f 67/67/67 74/74/74 75/75/75
f 67/67/67 75/75/75 68/68/68
f 68/68/68 75/75/75 76/76/76
f 68/68/68 76/76/76 69/69/69
f 69/69/69 76/76/76 77/77/77
f 69/69/69 77/77/77 70/70/70
f 70/70/70 77/77/77 78/78/78
f 70/70/70 78/78/78 71/71/71
f 71/71/71 78/78/78 79/79/79
f 71/71/71 79/79/79 72/72/72
f 72/72/72 79/79/79 80/80/80
f 73/73/73 81/81/81 74/74/74
f 74/74/74 81/81/81 82/82/82
f 74/74/74 82/82/82 75/75/75
f 75/75/75 82/82/82 83/83/83
f 75/75/75 83/83/83 76/76/76
f 76/76/76 83/83/83 84/84/84
f 76/76/76 84/84/84 77/77/77
f 77/77/77 84/84/84 85/85/85
f 77/77/77 85/85/85 78/78/78
f 78/78/78 85/85/85 86/86/86
f 78/78/78 86/86/86 79/79/79
f 79/79/79 86/86/86 87/87/87
f 79/79/79 87/87/87 80/80/80
f 80/80/80 87/87/87 88/88/88
f 81/81/81 89/89/89 82/82/82
f 82/82/82 89/89/89 90/90/90
f 82/82/82 90/90/90 83/83/83
f 83/83/83 90/90/90 91/91/91
f 83/83/83 91/91/91 84/84/84
f 84/84/84 91/91/91 92/92/92
f 84/84/84 92/92/92 85/85/85
f 85/85/85 92/92/92 93/93/93
f 85/85/85 93/93/93 86/86/86
f 86/86/86 93/93/93 94/94/94
f 86/86/86 94/94/94 87/87/87
f 87/87/87 94/94/94 95/95/95
f 87/87/87 95/95/95 88/88/88
f 88/88/88 95/95/95 96/96/96
f 89/89/89 97/97/97 90/90/90
f 90/90/90 97/97/97 98/98/98
f 90/90/90 98/98/98 91/91/91
f 91/91/91 98/98/98 99/99/99
f 91/91/91 99/99/99 92/92/92
f 92/92/92 99/99/99 100/100/100
f 92/92/92 100/100/100 93/93/93
f 93/93/93 100/100/100 101/101/101
f 93/93/93 101/101/101 94/94/94
f 94/94/94 101/101/101 102/102/102
f 94/94/94 102/102/102 95/95/95
f 95/95/95 102/102/102 103/103/103
f 95/95/95 103/103/103 96/96/96
f 96/96/96 103/103/103 104/104/104
f 97/97/97 105/105/105 98/98/98
f 98/98/98 105/105/105 106/106/106
f 98/98/98 106/106/106 99/99/99
f 99/99/99 106/106/106 107/107/107
f 99/99/99 107/107/107 100/100/100
f 100/100/100 107/107/107 108/108/108
f 100/100/100 108/108/108 101/101/101
f 101/101/101 108/108/108 109/109/109
f 101/101/101 109/109/109 102/102/102
f 102/102/102 109/109/109 110/110/110
f 102/102/102 110/110/110 103/103/103
f 103/103/103 110/110/110 111/111/111
f 103/103/103 111/111/111 104/104/104
f 104/104/104 111/111/111 112/112/112
f 105/105/105 113/113/113 106/106/106
f 106/106/106 113/113/113 114/114/114
f 106/106/106 114/114/114 107/107/107
f 107/107/107 114/114/114 115/115/115
f 107/107/107 115/115/115 108/108/108
f 108/108/108 115/115/115 116/116/116
f 108/108/108 116/116/116 109/109/109
f 109/109/109 116/116/116 117/117/117
f 109/109/109 117/117/117 110/110/110
f 110/110/110 117/117/117 118/118/118
f 110/110/110 118/118/118 111/111/111
f 111/111/111 118/118/118 119/119/119
f 111/111/111 119/119/119 112/112/112
f 112/112/112 119/119/119 120/120/120
f 113/113/113 121/121/121 114/114/114
f 114/114/114 121/121/121 122/122/122
f 114/114/114 122/122/122 115/115/115
f 115/115/115 122/122/122 123/123/123
f 115/115/115 123/123/123 116/116/116
f 116/116/116 123/123/123 124/124/124
f 116/116/116 124/124/124 117/117/117
f 117/117/117 124/124/124 125/125/125
f 117/117/117 125/125/125 118/118/118
f 118/118/118 125/125/125 126/126/126
f 118/118/118 126/126/126 119/119/119
f 119/119/119 126/126/126 127/127/127
f 119/119/119 127/127/127 120/120/120
f 120/120/120 127/127/127 128/128/128
f 121/121/121 129/129/129 122/122/122
f 122/122/122 129/129/129 130/130/130
f 122/122/122 130/130/130 123/123/123
f 123/123/123 130/130/130 131/131/131
f 123/123/123 131/131/131 124/124/124
f 124/124/124 131/131/131 132/132/132
f 124/124/124 132/132/132 125/125/125
f 125/125/125 132/132/132 133/133/133
f 125/125/125 133/133/133 126/126/126
f 126/126/126 133/133/133 134/134/134
f 126/126/126 134/134/134 127/127/127
f 127/127/127 134/134/134 135/135/135
f 127/127/127 135/135/135 128/128/128
f 128/128/128 135/135/135 136/136/136
f 129/129/129 137/137/137 130/130/130
f 130/130/130 137/137/137 138/138/138
f 130/130/130 138/138/138 131/131/131
f 131/131/131 138/138/138 139/139/139
f 131/131/131 139/139/139 132/132/132
f 132/132/132 139/139/139 140/140/140
f 132/132/132 140/140/140 133/133/133
f 133/133/133 140/140/140 141/141/141
f 133/133/133 141/141/141 134/134/134
f 134/134/134 141/141/141 142/142/142
f 134/134/134 142/142/142 135/135/135
f 135/135/135 142/142/142 143/143/143
f 135/135/135 143/143/143 136/136/136
f 136/136/136 143/143/143 144/144/144
f 137/137/137 145/145/145 138/138/138
f 138/138/138 145/145/145 146/146/146
f 138/138/138 146/146/146 139/139/139
f 139/139/139 146/146/146 147/147/147
f 139/139/139 147/147/147 140/140/140
f 140/140/140 147/147/147 148/148/148
f 140/140/140 148/148/148 141/141/141
f 141/141/141 148/148/148 149/149/149
f 141/141/141 149/149/149 142/142/142
f 142/142/142 149/149/149 150/150/150
f 142/142/142 150/150/150 143/143/143
f 143/143/143 150/150/150 151/151/151
f 143/143/143 151/151/151 144/144/144
f 144/144/144 151/151/151 152/152/152
f 145/145/145 153/153/153 146/146/146
f 146/146/146 153/153/153 154/154/154
f 146/146/146 154/154/154 147/147/147
f 147/147/147 154/154/154 155/155/155
f 147/147/147 155/155/155 148/148/148
f 148/148/148 155/155/155 156/156/156
f 148/148/148 156/156/156 149/149/149
f 149/149/149 156/156/156 157/157/157
f 149/149/149 157/157/157 150/150/150
f 150/150/150 157/157/157 158/158/158
f 150/150/150 158/158/158 151/151/151
f 151/151/151 158/158/158 159/159/159
f 151/151/151 159/159/159 152/152/152
f 152/152/152 159/159/159 160/160/160
f 153/153/153 161/161/161 154/154/154
f 154/154/154 161/161/161 162/162/162
f 154/154/154 162/162/162 155/155/155
f 155/155/155 162/162/162 163/163/163
f 155/155/155 163/163/163 156/156/156
f 156/156/156 163/163/163 164/164/164
f 156/156/156 164/164/164 157/157/157
f 157/157/157 164/164/164 165/165/165
f 157/157/157 165/165/165 158/158/158
f 158/158/158 165/165/165 166/166/166
f 158/158/158 166/166/166 159/159/159
f 159/159/159 166/166/166 167/167/167
f 159/159/159 167/167/167 160/160/160
f 160/160/160 167/167/167 168/168/168
f 161/161/161 169/169/169 162/162/162
f 162/162/162 169/169/169 170/170/170
f 162/162/162 170/170/170 163/163/163
f 163/163/163 170/170/170 171/171/171
f 163/163/163 171/171/171 164/164/164
f 164/164/164 171/171/171 172/172/172
f 164/164/164 172/172/172 165/165/165
f 165/165/165 172/172/172 173/173/173
f 165/165/165 173/173/173 166/166/166
f 166/166/166 173/173/173 174/174/174
f 166/166/166 174/174/174 167/167/167
f 167/167/167 174/174/174 175/175/175
f 167/167/167 175/175/175 168/168/168
f 168/168/168 175/175/175 176/176/176
f 169/169/169 177/177/177 170/170/170
f 170/170/170 177/177/177 178/178/178
f 170/170/170 178/178/178 171/171/171
f 171/171/171 178/178/178 179/179/179
f 171/171/171 179/179/179 172/172/172
f 172/172/172 179/179/179 180/180/180
f 172/172/172 180/180/180 173/173/173
f 173/173/173 180/180/180 181/181/181
f 173/173/173 181/181/181 174/174/174
f 174/174/174 181/181/181 182/182/182
f 174/174/174 182/182/182 175/175/175
f 175/175/175 182/182/182 183/183/183
f 175/175/175 183/183/183 176/176/176
f 176/176/176 183/183/183 184/184/184
f 177/177/177 185/185/185 178/178/178
f 178/178/178 185/185/185 186/186/186
f 178/178/178 186/186/186 179/179/179
f 179/179/179 186/186/186 187/187/187
f 179/179/179 187/187/187 180/180/180
f 180/180/180 187/187/187 188/188/188
f 180/180/180 188/188/188 181/181/181
f 181/181/181 188/188/188 189/189/189
f 181/181/181 189/189/189 182/182/182
f 182/182/182 189/189/189 190/190/190
f 182/182/182 190/190/190 183/183/183
f 183/183/183 190/190/190 191/191/191
f 183/183/183 191/191/191 184/184/184
f 184/184/184 191/191/191 192/192/192
f 185/185/185 193/193/193 186/186/186
f 186/186/186 193/193/193 194/194/194
f 186/186/186 194/194/194 187/187/187
f 187/187/187 194/194/194 195/195/195
f 187/187/187 195/195/195 188/188/188
f 188/188/188 195/195/195 196/196/196
f 188/188/188 196/196/196 189/189/189
f 189/189/189 196/196/196 197/197/197
f 189/189/189 197/197/197 190/190/190
f 190/190/190 197/197/197 198/198/198
f 190/190/190 198/198/198 191/191/191
f 191/191/191 198/198/198 199/199/199
f 191/191/191 199/199/199 192/192/192
f 192/192/192 199/199/199 200/200/200
f 193/193/193 201/201/201 194/194/194
f 194/194/194 201/201/201 202/202/202
f 194/194/194 202/202/202 195/195/195
f 195/195/195 202/202/202 203/203/203
f 195/195/195 203/203/203 196/196/196
f 196/196/196 203/203/203 204/204/204
f 196/196/196 204/204/204 197/197/197
f 197/197/197 204/204/204 205/205/205
f 197/197/197 205/205/205 198/198/198
f 198/198/198 205/205/205 206/206/206
f 198/198/198 206/206/206 199/199/199
f 199/199/199 206/206/206 207/207/207
f 199/199/199 207/207/207 200/200/200
f 200/200/200 207/207/207 208/208/208
f 201/201/201 202/202/202 209/209/209
f 202/202/202 203/203/203 209/209/209
f 203/203/203 204/204/204 209/209/209
f 204/204/204 205/205/205 209/209/209
f 205/205/205 206/206/206 209/209/209
f 206/206/206 207/207/207 209/209/209
f 207/207/207 208/208/208 209/209/209
usemtl leaves_spruce
s 1
v -0.473 1.408 -0.637
v 0.781 1.452 -0.104
v 0.381 1.452 0.837
v -0.873 1.408 0.303
v -0.394 1.408 -0.821
v 0.860 1.452 -0.288
v 0.459 1.452 0.653
v -0.795 1.408 0.119
v -0.625 1.067 -0.250
v 0.628 1.111 0.283
v 0.612 1.793 0.266
v -0.642 1.749 -0.268
v -0.577 1.403 -0.819
v 0.985 1.457 -0.154
v 0.486 1.457 1.018
v -1.076 1.403 0.353
v -0.499 1.403 -1.003
v 1.063 1.457 -0.338
v 0.564 1.457 0.834
v -0.998 1.403 0.169
v -0.752 0.982 -0.374
v 0.810 1.037 0.291
v 0.738 1.878 0.390
v -0.824 1.823 -0.275
v 1.192 1.479 -0.096
v 2.525 1.282 0.755
v 1.882 1.282 1.762
v 0.549 1.479 0.911
v 1.300 1.479 -0.264
v 2.632 1.282 0.587
v 1.989 1.282 1.594
v 0.657 1.479 0.743
v 0.873 1.084 0.313
v 2.205 0.888 1.164
v 2.309 1.677 1.185
v 0.976 1.874 0.333
v 1.197 1.478 -0.084
v 2.512 1.284 0.756
v 1.877 1.284 1.751
v 0.561 1.478 0.910
v 1.304 1.478 -0.253
v 2.620 1.284 0.588
v 1.985 1.284 1.582
v 0.669 1.478 0.742
v 0.935 1.095 0.237
v 2.251 0.901 1.078
v 2.247 1.666 1.261
v 0.931 1.860 0.420
v 1.608 1.409 0.350
v 2.933 1.208 0.955
v 2.476 1.208 1.959
v 1.150 1.409 1.354
v 1.691 1.409 0.168
v 3.016 1.208 0.773
v 2.559 1.208 1.777
v 1.233 1.409 1.172
v 1.353 1.048 0.788
v 2.679 0.847 1.393
v 2.813 1.568 1.339
v 1.487 1.769 0.734
v 0.513 1.448 -0.700
v 0.392 1.412 0.790
v -0.726 1.412 0.699
v -0.604 1.448 -0.791
v 0.713 1.448 -0.683
v 0.591 1.412 0.807
v -0.527 1.412 0.715
v -0.405 1.448 -0.775
v 0.048 1.074 -0.746
v -0.074 1.039 0.743
v -0.061 1.786 0.762
v 0.061 1.821 -0.728
v 0.536 1.448 -0.725
v 0.410 1.412 0.820
v -0.749 1.412 0.725
v -0.623 1.448 -0.820
v 0.736 1.448 -0.709
v 0.609 1.412 0.836
v -0.550 1.412 0.741
v -0.424 1.448 -0.804
v 0.107 1.064 -0.770
v -0.019 1.027 0.776
v -0.120 1.796 0.786
v 0.006 1.833 -0.760
v 0.513 1.419 -0.158
v 0.370 1.413 1.431
v -0.821 1.413 1.323
v -0.678 1.419 -0.266
v 0.713 1.419 -0.140
v 0.569 1.413 1.449
v -0.622 1.413 1.341
v -0.479 1.419 -0.248
v -0.077 1.032 -0.213
v -0.220 1.026 1.376
v -0.032 1.800 1.396
v 0.112 1.806 -0.193
v 0.310 1.427 1.677
v 0.200 1.155 3.066
v -0.862 1.155 2.982
v -0.751 1.427 1.593
v 0.509 1.427 1.693
v 0.399 1.155 3.082
v -0.662 1.155 2.998
v -0.552 1.427 1.609
v -0.194 1.087 1.571
v -0.304 0.815 2.959
v -0.158 1.495 3.104
v -0.048 1.767 1.715
v -0.133 1.548 0.581
v -1.305 1.368 1.339
v -1.878 1.368 0.452
v -0.706 1.548 -0.306
v -0.024 1.548 0.749
v -1.197 1.368 1.506
v -1.770 1.368 0.620
v -0.598 1.548 -0.138
v -0.350 1.201 0.163
v -1.522 1.021 0.921
v -1.553 1.714 1.038
v -0.381 1.894 0.280
v -1.011 1.462 1.248
v -2.296 1.237 1.972
v -2.846 1.237 0.997
v -1.560 1.462 0.273
v -0.913 1.462 1.423
v -2.198 1.237 2.147
v -2.747 1.237 1.171
v -1.462 1.462 0.447
v -1.200 1.094 0.799
v -2.485 0.869 1.523
v -2.559 1.605 1.621
v -1.274 1.830 0.897
v 0.213 1.418 0.934
v -0.936 1.442 -0.199
v -0.086 1.442 -1.061
v 1.063 1.418 0.073
v 0.072 1.418 1.077
v -1.077 1.442 -0.057
v -0.226 1.442 -0.919
v 0.923 1.418 0.215
v 0.508 1.022 0.627
v -0.641 1.046 -0.507
v -0.522 1.838 -0.611
v 0.627 1.814 0.523
v -0.125 1.432 0.426
v -1.155 1.443 -0.490
v -0.468 1.443 -1.263
v 0.562 1.432 -0.347
v -0.258 1.432 0.576
v -1.288 1.443 -0.340
v -0.601 1.443 -1.113
v 0.430 1.432 -0.197
v 0.139 1.087 0.126
v -0.892 1.099 -0.790
v -0.864 1.787 -0.813
v 0.166 1.776 0.103
v -0.103 1.431 0.531
v -1.262 1.444 -0.499
v -0.489 1.444 -1.367
v 0.669 1.431 -0.338
v -0.236 1.431 0.680
v -1.394 1.444 -0.349
v -0.622 1.444 -1.218
v 0.536 1.431 -0.188
v 0.251 1.048 0.127
v -0.907 1.060 -0.902
v -0.977 1.827 -0.814
v 0.181 1.814 0.215
v -0.408 1.528 0.113
v -1.589 1.355 -0.735
v -0.948 1.355 -1.627
v 0.233 1.528 -0.779
v -0.525 1.528 0.276
v -1.706 1.355 -0.573
v -1.065 1.355 -1.465
v 0.116 1.528 -0.617
v -0.145 1.169 -0.180
v -1.326 0.996 -1.028
v -1.328 1.714 -1.172
v -0.147 1.887 -0.323
v -0.884 1.457 -0.199
v -1.939 1.308 -1.089
v -1.268 1.308 -1.885
v -0.212 1.457 -0.995
v -1.013 1.457 -0.046
v -2.068 1.308 -0.936
v -1.397 1.308 -1.732
v -0.341 1.457 -0.842
v -0.578 1.112 -0.504
v -1.633 0.963 -1.394
v -1.703 1.653 -1.427
v -0.647 1.802 -0.537
v -1.294 1.488 -0.440
v -2.381 1.169 -1.445
v -1.610 1.169 -2.279
v -0.524 1.488 -1.274
v -1.430 1.488 -0.294
v -2.517 1.169 -1.299
v -1.746 1.169 -2.132
v -0.659 1.488 -1.127
v -0.921 1.118 -0.727
v -2.008 0.799 -1.732
v -2.119 1.539 -1.846
v -1.033 1.858 -0.841
v -0.580 1.406 0.583
v -0.252 1.454 -0.766
v 0.761 1.454 -0.520
v 0.432 1.406 0.829
v -0.774 1.406 0.535
v -0.446 1.454 -0.813
v 0.566 1.454 -0.567
v 0.238 1.406 0.782
v -0.127 1.061 0.680
v 0.201 1.110 -0.668
v 0.114 1.799 -0.665
v -0.215 1.750 0.684
v -0.738 1.400 0.713
v -0.332 1.460 -0.954
v 0.919 1.460 -0.650
v 0.513 1.400 1.017
v -0.932 1.400 0.665
v -0.527 1.460 -1.001
v 0.724 1.460 -0.697
v 0.319 1.400 0.970
v -0.182 0.972 0.833
v 0.224 1.032 -0.834
v 0.169 1.888 -0.817
v -0.237 1.828 0.850
v -0.524 1.436 0.183
v -0.253 1.465 -1.464
v 0.982 1.465 -1.261
v 0.711 1.436 0.386
v -0.722 1.436 0.150
v -0.450 1.465 -1.497
v 0.785 1.465 -1.293
v 0.514 1.436 0.354
v -0.017 1.019 0.259
v 0.254 1.048 -1.388
v 0.278 1.882 -1.369
v 0.006 1.853 0.278
v -0.428 1.480 -0.491
v -0.057 1.441 -1.994
v 1.071 1.441 -1.716
v 0.700 1.480 -0.212
v -0.622 1.480 -0.539
v -0.251 1.441 -2.042
v 0.877 1.441 -1.764
v 0.506 1.480 -0.260
v 0.010 1.094 -0.372
v 0.382 1.055 -1.876
v 0.439 1.827 -1.882
v 0.068 1.866 -0.378
v -0.443 1.480 -0.479
v -0.064 1.441 -2.012
v 1.086 1.441 -1.728
v 0.708 1.480 -0.195
v -0.637 1.480 -0.527
v -0.258 1.441 -2.060
v 0.892 1.441 -1.776
v 0.513 1.480 -0.243
v 0.006 1.086 -0.358
v 0.384 1.047 -1.891
v 0.443 1.834 -1.897
v 0.065 1.874 -0.364
v -0.245 1.523 -1.089
v 0.100 1.369 -2.503
v 1.166 1.369 -2.244
v 0.822 1.523 -0.830
v -0.439 1.523 -1.137
v -0.095 1.369 -2.551
v 0.972 1.369 -2.291
v 0.627 1.523 -0.877
v 0.110 1.166 -0.964
v 0.455 1.013 -2.378
v 0.617 1.725 -2.416
v 0.272 1.879 -1.002
v -0.173 1.544 -1.540
v 0.133 1.226 -3.158
v 1.370 1.226 -2.924
v 1.063 1.544 -1.305
v -0.370 1.544 -1.577
v -0.063 1.226 -3.195
v 1.173 1.226 -2.961
v 0.866 1.544 -1.343
v 0.357 1.133 -1.358
v 0.664 0.815 -2.977
v 0.642 1.637 -3.142
v 0.336 1.955 -1.524
v -0.924 1.386 -0.067
v 0.465 1.474 -0.783
v 1.002 1.474 0.261
v -0.387 1.386 0.976
v -1.016 1.386 -0.245
v 0.373 1.474 -0.961
v 0.911 1.474 0.083
v -0.478 1.386 0.799
v -0.711 1.000 0.299
v 0.678 1.089 -0.417
v 0.697 1.860 -0.283
v -0.692 1.771 0.432
v 0.202 1.530 -0.509
v 1.512 1.384 -1.153
v 1.997 1.384 -0.166
v 0.688 1.530 0.478
v 0.114 1.530 -0.688
v 1.424 1.384 -1.332
v 1.909 1.384 -0.345
v 0.600 1.530 0.299
v 0.358 1.166 -0.110
v 1.667 1.020 -0.755
v 1.754 1.748 -0.744
v 0.444 1.894 -0.100
v 0.187 1.531 -0.512
v 1.519 1.383 -1.167
v 2.013 1.383 -0.163
v 0.681 1.531 0.492
v 0.099 1.531 -0.691
v 1.431 1.383 -1.346
v 1.925 1.383 -0.342
v 0.593 1.531 0.313
v 0.377 1.163 -0.041
v 1.710 1.014 -0.696
v 1.734 1.751 -0.813
v 0.402 1.900 -0.158
v 0.604 1.539 -0.815
v 2.099 1.260 -1.501
v 2.621 1.260 -0.364
v 1.126 1.539 0.322
v 0.521 1.539 -0.997
v 2.015 1.260 -1.683
v 2.537 1.260 -0.546
v 1.043 1.539 0.140
v 0.743 1.130 -0.346
v 2.237 0.851 -1.032
v 2.398 1.669 -1.015
v 0.904 1.948 -0.329
v 0.864 2.035 -0.029
v -0.392 2.055 0.798
v -1.013 2.055 -0.144
v 0.243 2.035 -0.972
v 0.974 2.035 0.138
v -0.282 2.055 0.965
v -0.903 2.055 0.023
v 0.353 2.035 -0.805
v 0.567 1.666 -0.472
v -0.689 1.685 0.356
v -0.606 2.424 0.465
v 0.650 2.405 -0.363
v 0.384 2.052 0.346
v -0.915 2.052 1.059
v -1.450 2.052 0.085
v -0.151 2.052 -0.628
v 0.480 2.052 0.521
v -0.819 2.052 1.235
v -1.354 2.052 0.261
v -0.055 2.052 -0.453
v 0.168 1.682 -0.047
v -1.131 1.681 0.667
v -1.138 2.422 0.653
v 0.160 2.423 -0.060
v -0.067 2.154 0.613
v -1.406 1.950 1.369
v -1.978 1.950 0.357
v -0.640 2.154 -0.400
v 0.031 2.154 0.787
v -1.308 1.950 1.543
v -1.880 1.950 0.531
v -0.541 2.154 -0.226
v -0.253 1.769 0.180
v -1.592 1.566 0.937
v -1.694 2.334 0.963
v -0.355 2.538 0.206
v -0.518 2.078 0.880
v -1.892 1.880 1.673
v -2.492 1.880 0.634
v -1.117 2.078 -0.159
v -0.418 2.078 1.053
v -1.792 1.880 1.846
v -2.392 1.880 0.807
v -1.017 2.078 0.015
v -0.763 1.688 0.359
v -2.137 1.490 1.151
v -2.147 2.270 1.329
v -0.773 2.467 0.536
v -0.518 2.168 0.077
v -1.695 2.058 -0.732
v -1.087 2.058 -1.617
v 0.090 2.168 -0.809
v -0.631 2.168 0.241
v -1.808 2.058 -0.567
v -1.200 2.058 -1.452
v -0.023 2.168 -0.644
v -0.291 1.819 -0.206
v -1.468 1.709 -1.014
v -1.427 2.407 -1.169
v -0.250 2.517 -0.361
v -0.991 2.116 -0.066
v -2.279 2.026 -1.111
v -1.494 2.026 -2.078
v -0.207 2.116 -1.033
v -1.117 2.116 0.089
v -2.405 2.026 -0.956
v -1.620 2.026 -1.923
v -0.333 2.116 -0.878
v -0.645 1.702 -0.457
v -1.932 1.611 -1.502
v -1.966 2.440 -1.532
v -0.679 2.531 -0.487
v -1.434 2.190 -0.509
v -2.599 1.893 -1.429
v -1.896 1.893 -2.320
v -0.731 2.190 -1.400
v -1.558 2.190 -0.352
v -2.723 1.893 -1.272
v -2.020 1.893 -2.163
v -0.855 2.190 -1.244
v -1.056 1.822 -0.870
v -2.221 1.525 -1.790
v -2.398 2.261 -1.803
v -1.233 2.558 -0.883
v -1.771 2.088 -0.833
v -3.059 1.782 -1.683
v -2.409 1.782 -2.667
v -1.121 2.088 -1.818
v -1.881 2.088 -0.666
v -3.169 1.782 -1.516
v -2.519 1.782 -2.501
v -1.231 2.088 -1.651
v -1.480 1.710 -1.137
v -2.769 1.404 -1.987
v -2.810 2.160 -2.196
v -1.522 2.467 -1.347
v -0.676 2.002 0.642
v -0.310 2.088 -0.877
v 0.832 2.088 -0.602
v 0.465 2.002 0.918
v -0.871 2.002 0.595
v -0.504 2.088 -0.924
v 0.637 2.088 -0.649
v 0.270 2.002 0.871
v -0.287 1.622 0.715
v 0.079 1.708 -0.805
v 0.248 2.468 -0.721
v -0.119 2.382 0.798
v -0.726 1.999 0.683
v -0.335 2.091 -0.936
v 0.881 2.091 -0.643
v 0.490 1.999 0.976
v -0.920 1.999 0.636
v -0.530 2.091 -0.983
v 0.687 2.091 -0.689
v 0.296 1.999 0.930
v -0.147 1.588 0.799
v 0.244 1.679 -0.820
v 0.108 2.502 -0.806
v -0.283 2.411 0.813
v -0.349 2.090 -0.539
v -0.068 2.020 -1.898
v 0.952 2.020 -1.687
v 0.672 2.090 -0.329
v -0.545 2.090 -0.580
v -0.264 2.020 -1.938
v 0.756 2.020 -1.728
v 0.476 2.090 -0.369
v 0.139 1.753 -0.421
v 0.419 1.683 -1.780
v 0.269 2.358 -1.846
v -0.012 2.428 -0.487
v -0.201 2.121 -1.106
v 0.034 1.931 -2.432
v 1.038 1.931 -2.254
v 0.803 2.121 -0.929
v -0.398 2.121 -1.141
v -0.163 1.931 -2.467
v 0.841 1.931 -2.289
v 0.606 2.121 -0.963
v 0.153 1.787 -0.996
v 0.388 1.597 -2.322
v 0.487 2.265 -2.400
v 0.252 2.455 -1.074
v -0.135 2.076 -1.704
v 0.174 1.816 -3.007
v 1.169 1.816 -2.771
v 0.860 2.076 -1.468
v -0.329 2.076 -1.750
v -0.021 1.816 -3.053
v 0.974 1.816 -2.817
v 0.666 2.076 -1.515
v 0.217 1.743 -1.554
v 0.526 1.483 -2.857
v 0.622 2.148 -2.967
v 0.314 2.409 -1.665
v 0.474 2.117 -0.831
v 1.865 1.914 -1.467
v 2.346 1.914 -0.414
v 0.955 2.117 0.222
v 0.391 2.117 -1.013
v 1.782 1.914 -1.648
v 2.263 1.914 -0.596
v 0.872 2.117 0.040
v 0.642 1.736 -0.341
v 2.033 1.534 -0.977
v 2.094 2.295 -1.086
v 0.703 2.497 -0.450
v 0.465 2.118 -0.833
v 1.869 1.913 -1.474
v 2.355 1.913 -0.412
v 0.951 2.118 0.229
v 0.382 2.118 -1.014
v 1.786 1.913 -1.656
v 2.271 1.913 -0.594
v 0.868 2.118 0.047
v 0.644 1.736 -0.321
v 2.047 1.531 -0.963
v 2.093 2.295 -1.106
v 0.689 2.499 -0.464
v 0.886 2.098 -1.022
v 2.323 1.796 -1.752
v 2.880 1.796 -0.656
v 1.443 2.098 0.074
v 0.796 2.098 -1.200
v 2.232 1.796 -1.930
v 2.789 1.796 -0.834
v 1.353 2.098 -0.104
v 1.015 1.704 -0.605
v 2.452 1.402 -1.336
v 2.660 2.190 -1.251
v 1.224 2.492 -0.521
v 1.454 1.983 -1.265
v 2.758 1.720 -1.867
v 3.217 1.720 -0.873
v 1.913 1.983 -0.271
v 1.371 1.983 -1.447
v 2.674 1.720 -2.049
v 3.134 1.720 -1.055
v 1.830 1.983 -0.453
v 1.584 1.624 -0.827
v 2.888 1.361 -1.429
v 3.004 2.079 -1.493
v 1.700 2.342 -0.891
v -0.494 2.017 -0.643
v 0.767 2.073 -0.126
v 0.379 2.073 0.821
v -0.882 2.017 0.304
v -0.418 2.017 -0.828
v 0.843 2.073 -0.311
v 0.455 2.073 0.636
v -0.807 2.017 0.119
v -0.622 1.679 -0.296
v 0.640 1.735 0.221
v 0.582 2.411 0.289
v -0.679 2.356 -0.228
v 0.491 2.121 -0.288
v 1.842 1.972 0.205
v 1.471 1.972 1.224
v 0.119 2.121 0.731
v 0.559 2.121 -0.476
v 1.911 1.972 0.017
v 1.539 1.972 1.036
v 0.187 2.121 0.544
v 0.282 1.767 0.177
v 1.634 1.619 0.670
v 1.747 2.326 0.572
v 0.396 2.475 0.079
v 0.418 2.132 -0.400
v 1.970 1.961 0.166
v 1.543 1.961 1.337
v -0.009 2.132 0.771
v 0.486 2.132 -0.588
v 2.039 1.961 -0.022
v 1.612 1.961 1.149
v 0.059 2.132 0.583
v 0.180 1.722 0.127
v 1.733 1.552 0.694
v 1.849 2.371 0.621
v 0.297 2.542 0.055
v 1.061 2.103 -0.052
v 2.291 1.877 0.427
v 1.926 1.877 1.363
v 0.697 2.103 0.884
v 1.134 2.103 -0.238
v 2.363 1.877 0.241
v 1.999 1.877 1.176
v 0.770 2.103 0.698
v 0.850 1.775 0.336
v 2.079 1.549 0.815
v 2.210 2.205 0.789
v 0.981 2.431 0.310
v 1.494 2.102 -0.043
v 2.991 1.691 0.589
v 2.502 1.691 1.747
v 1.005 2.102 1.115
v 1.571 2.102 -0.228
v 3.069 1.691 0.404
v 2.580 1.691 1.562
v 1.083 2.102 0.930
v 1.221 1.701 0.341
v 2.718 1.291 0.973
v 2.852 2.092 1.178
v 1.355 2.503 0.546
v 0.449 2.042 -0.704
v 0.390 2.048 0.733
v -0.688 2.048 0.689
v -0.629 2.042 -0.748
v 0.649 2.042 -0.696
v 0.590 2.048 0.741
v -0.488 2.048 0.698
v -0.430 2.042 -0.740
v -0.049 1.687 -0.723
v -0.107 1.693 0.715
v 0.009 2.403 0.716
v 0.068 2.397 -0.721
v 0.468 2.042 -0.728
v 0.408 2.048 0.758
v -0.707 2.048 0.713
v -0.647 2.042 -0.773
v 0.668 2.042 -0.720
v 0.607 2.048 0.767
v -0.507 2.048 0.721
v -0.447 2.042 -0.765
v 0.073 1.675 -0.742
v 0.013 1.682 0.744
v -0.112 2.415 0.736
v -0.052 2.408 -0.750
v 0.505 1.995 -0.187
v 0.387 2.099 1.378
v -0.790 2.099 1.289
v -0.671 1.995 -0.276
v 0.705 1.995 -0.172
v 0.586 2.099 1.393
v -0.590 2.099 1.304
v -0.472 1.995 -0.261
v -0.002 1.603 -0.200
v -0.120 1.707 1.366
v -0.083 2.492 1.316
v 0.035 2.387 -0.249
v 0.354 1.956 2.054
v 0.344 1.737 3.523
v -0.770 1.737 3.516
v -0.761 1.956 2.047
v 0.554 1.956 2.055
v 0.544 1.737 3.525
v -0.570 1.737 3.518
v -0.561 1.956 2.048
v -0.179 1.597 1.997
v -0.188 1.377 3.466
v -0.038 2.097 3.575
v -0.029 2.316 2.105
v 0.759 2.558 0.316
v -0.636 2.637 0.525
v -0.792 2.637 -0.522
v 0.602 2.558 -0.731
v 0.788 2.558 0.514
v -0.606 2.637 0.723
v -0.763 2.637 -0.325
v 0.632 2.558 -0.533
v 0.673 2.206 -0.120
v -0.721 2.284 0.089
v -0.678 2.989 0.112
v 0.717 2.910 -0.097
v 0.846 2.553 0.364
v -0.705 2.641 0.595
v -0.879 2.641 -0.569
v 0.671 2.553 -0.801
v 0.875 2.553 0.561
v -0.675 2.641 0.793
v -0.850 2.641 -0.372
v 0.701 2.553 -0.604
v 0.752 2.161 -0.116
v -0.799 2.249 0.116
v -0.756 3.033 0.108
v 0.795 2.945 -0.124
v -1.000 2.705 0.557
v -2.412 2.568 0.784
v -2.584 2.568 -0.280
v -1.171 2.705 -0.507
v -0.968 2.705 0.755
v -2.381 2.568 0.982
v -2.552 2.568 -0.082
v -1.139 2.705 -0.310
v -1.044 2.350 0.071
v -2.456 2.213 0.298
v -2.508 2.922 0.404
v -1.095 3.059 0.177
v -1.652 2.700 0.641
v -2.963 2.458 0.825
v -3.104 2.458 -0.174
v -1.793 2.700 -0.359
v -1.624 2.700 0.839
v -2.935 2.458 1.023
v -3.076 2.458 0.024
v -1.765 2.700 -0.161
v -1.651 2.369 0.210
v -2.963 2.128 0.395
v -3.076 2.789 0.454
v -1.765 3.030 0.269
v -1.638 2.702 0.648
v -2.974 2.456 0.836
v -3.117 2.456 -0.182
v -1.782 2.702 -0.370
v -1.610 2.702 0.846
v -2.946 2.456 1.034
v -3.090 2.456 0.016
v -1.754 2.702 -0.172
v -1.628 2.370 0.290
v -2.963 2.124 0.478
v -3.100 2.788 0.375
v -1.765 3.034 0.186
v 0.149 2.546 0.899
v -0.879 2.648 -0.267
v -0.003 2.648 -1.039
v 1.025 2.546 0.126
v -0.001 2.546 1.031
v -1.029 2.648 -0.134
v -0.153 2.648 -0.907
v 0.875 2.546 0.258
v 0.519 2.159 0.538
v -0.508 2.261 -0.627
v -0.523 3.035 -0.546
v 0.504 2.933 0.619
v 0.145 2.549 0.853
v -0.834 2.646 -0.257
v 0.001 2.646 -0.993
v 0.980 2.549 0.117
v -0.005 2.549 0.985
v -0.984 2.646 -0.125
v -0.149 2.646 -0.861
v 0.830 2.549 0.249
v 0.508 2.182 0.502
v -0.472 2.278 -0.609
v -0.512 3.013 -0.510
v 0.468 2.916 0.601
v -0.308 2.692 0.391
v -1.213 2.582 -0.759
v -0.348 2.582 -1.440
v 0.558 2.692 -0.289
v -0.465 2.692 0.515
v -1.370 2.582 -0.635
v -0.505 2.582 -1.316
v 0.400 2.692 -0.166
v 0.110 2.331 0.097
v -0.795 2.221 -1.053
v -0.923 2.943 -1.022
v -0.018 3.053 0.128
v -1.112 2.683 -0.621
v -1.877 2.355 -1.786
v -0.979 2.355 -2.375
v -0.214 2.683 -1.210
v -1.279 2.683 -0.511
v -2.044 2.355 -1.676
v -1.146 2.355 -2.266
v -0.381 2.683 -1.101
v -0.711 2.335 -0.786
v -1.476 2.006 -1.951
v -1.547 2.703 -2.101
v -0.782 3.032 -0.936
v -1.122 2.710 -0.479
v -2.011 2.328 -1.833
v -0.968 2.328 -2.518
v -0.079 2.710 -1.164
v -1.290 2.710 -0.369
v -2.178 2.328 -1.723
v -1.135 2.328 -2.408
v -0.246 2.710 -1.054
v -0.701 2.313 -0.643
v -1.590 1.931 -1.997
v -1.556 2.725 -2.243
v -0.667 3.107 -0.890
v -0.289 2.694 -0.483
v 0.699 2.530 -1.758
v 1.660 2.530 -1.013
v 0.672 2.694 0.262
v -0.448 2.694 -0.606
v 0.541 2.530 -1.881
v 1.502 2.530 -1.136
v 0.514 2.694 0.139
v 0.028 2.297 -0.187
v 1.016 2.133 -1.462
v 1.185 2.926 -1.432
v 0.197 3.090 -0.157
v 0.109 2.688 -0.903
v 0.995 2.434 -2.062
v 1.877 2.434 -1.388
v 0.992 2.688 -0.229
v -0.049 2.688 -1.025
v 0.836 2.434 -2.184
v 1.718 2.434 -1.509
v 0.833 2.688 -0.351
v 0.369 2.332 -0.627
v 1.255 2.078 -1.785
v 1.458 2.789 -1.786
v 0.573 3.043 -0.627
v 0.427 2.648 -1.339
v 1.319 2.300 -2.427
v 2.160 2.300 -1.737
v 1.267 2.648 -0.649
v 0.272 2.648 -1.466
v 1.165 2.300 -2.554
v 2.005 2.300 -1.864
v 1.112 2.648 -0.776
v 0.659 2.303 -1.038
v 1.552 1.955 -2.126
v 1.772 2.645 -2.165
v 0.880 2.993 -1.077
v 0.762 2.471 -1.610
v 1.533 2.234 -2.830
v 2.460 2.234 -2.244
v 1.690 2.471 -1.024
v 0.593 2.471 -1.716
v 1.364 2.234 -2.937
v 2.291 2.234 -2.351
v 1.521 2.471 -1.131
v 1.057 2.116 -1.354
v 1.828 1.878 -2.574
v 1.996 2.590 -2.607
v 1.225 2.827 -1.386
v -0.273 2.671 -0.508
v 1.277 2.589 -0.500
v 1.271 2.589 0.664
v -0.278 2.671 0.656
v -0.272 2.671 -0.708
v 1.278 2.589 -0.700
v 1.272 2.589 0.464
v -0.277 2.671 0.456
v -0.296 2.284 0.001
v 1.254 2.202 0.008
v 1.295 2.975 -0.045
v -0.255 3.057 -0.052
v 0.204 2.640 -0.584
v 1.856 2.567 -0.495
v 1.789 2.567 0.745
v 0.137 2.640 0.655
v 0.215 2.640 -0.784
v 1.867 2.567 -0.695
v 1.799 2.567 0.545
v 0.148 2.640 0.456
v 0.154 2.234 0.014
v 1.805 2.161 0.104
v 1.850 2.972 -0.054
v 0.199 3.046 -0.143
v 0.720 2.612 -0.469
v 2.278 2.550 -0.485
v 2.290 2.550 0.684
v 0.732 2.612 0.700
v 0.718 2.612 -0.669
v 2.276 2.550 -0.685
v 2.288 2.550 0.484
v 0.730 2.612 0.500
v 0.709 2.224 0.047
v 2.267 2.161 0.031
v 2.298 2.938 -0.032
v 0.740 3.001 -0.016
v 0.834 2.608 -0.386
v 2.166 2.554 -0.399
v 2.176 2.554 0.601
v 0.844 2.608 0.614
v 0.831 2.608 -0.586
v 2.164 2.554 -0.599
v 2.174 2.554 0.401
v 0.842 2.608 0.414
v 0.824 2.275 0.025
v 2.156 2.221 0.011
v 2.183 2.887 -0.010
v 0.851 2.941 0.004
v 1.261 2.681 -0.542
v 2.819 2.441 -0.436
v 2.738 2.441 0.747
v 1.180 2.681 0.640
v 1.275 2.681 -0.742
v 2.832 2.441 -0.635
v 2.752 2.441 0.547
v 1.194 2.681 0.441
v 1.171 2.293 -0.102
v 2.729 2.053 0.004
v 2.841 2.828 0.107
v 1.284 3.068 0.001
v 1.790 2.660 -0.482
v 3.274 2.309 -0.389
v 3.202 2.309 0.755
v 1.718 2.660 0.661
v 1.803 2.660 -0.682
v 3.286 2.309 -0.588
v 3.214 2.309 0.555
v 1.731 2.660 0.461
v 1.671 2.290 0.014
v 3.155 1.938 0.108
v 3.333 2.679 0.059
v 1.850 3.030 -0.035
v 1.784 2.661 -0.488
v 3.281 2.307 -0.393
v 3.208 2.307 0.760
v 1.711 2.661 0.666
v 1.797 2.661 -0.687
v 3.293 2.307 -0.593
v 3.220 2.307 0.561
v 1.724 2.661 0.466
v 1.667 2.287 -0.041
v 3.164 1.933 0.054
v 3.337 2.681 0.113
v 1.841 3.036 0.019
v -0.062 2.539 -0.863
v 0.792 2.655 0.329
v -0.105 2.655 0.971
v -0.958 2.539 -0.220
v 0.101 2.539 -0.979
v 0.954 2.655 0.212
v 0.058 2.655 0.855
v -0.796 2.539 -0.337
v -0.485 2.183 -0.525
v 0.369 2.300 0.667
v 0.481 3.011 0.517
v -0.373 2.894 -0.675
v 1.184 2.712 0.737
v 2.095 2.268 2.056
v 1.068 2.268 2.766
v 0.156 2.712 1.446
v 1.348 2.712 0.623
v 2.260 2.268 1.943
v 1.233 2.268 2.652
v 0.321 2.712 1.332
v 0.629 2.318 0.987
v 1.541 1.873 2.307
v 1.787 2.663 2.402
v 0.875 3.107 1.082
v 1.181 2.701 0.789
v 2.045 2.279 2.041
v 1.071 2.279 2.714
v 0.206 2.701 1.462
v 1.345 2.701 0.675
v 2.210 2.279 1.927
v 1.236 2.279 2.600
v 0.371 2.701 1.348
v 0.701 2.321 0.992
v 1.566 1.899 2.244
v 1.715 2.660 2.397
v 0.850 3.081 1.145
v 0.722 2.534 -0.512
v 0.131 2.661 0.871
v -0.910 2.661 0.426
v -0.319 2.534 -0.957
v 0.906 2.534 -0.434
v 0.315 2.661 0.949
v -0.726 2.661 0.504
v -0.135 2.534 -0.879
v 0.232 2.161 -0.688
v -0.359 2.288 0.695
v -0.236 3.033 0.680
v 0.355 2.906 -0.703
v 0.609 2.641 -0.079
v -0.060 2.641 1.448
v -1.205 2.641 0.946
v -0.536 2.641 -0.580
v 0.793 2.641 0.002
v 0.123 2.641 1.529
v -1.022 2.641 1.027
v -0.353 2.641 -0.500
v 0.038 2.236 -0.329
v -0.631 2.236 1.198
v -0.451 3.046 1.277
v 0.218 3.046 -0.250
v 0.216 2.698 0.486
v -0.298 2.583 1.728
v -1.232 2.583 1.341
v -0.718 2.698 0.100
v 0.401 2.698 0.563
v -0.113 2.583 1.804
v -1.047 2.583 1.417
v -0.534 2.698 0.176
v -0.140 2.363 0.308
v -0.654 2.247 1.549
v -0.691 2.919 1.596
v -0.177 3.034 0.355
v 0.066 2.682 0.920
v -0.462 2.510 2.270
v -1.482 2.510 1.871
v -0.953 2.682 0.521
v 0.253 2.682 0.993
v -0.276 2.510 2.343
v -1.296 2.510 1.944
v -0.767 2.682 0.594
v -0.275 2.326 0.741
v -0.803 2.153 2.091
v -0.954 2.867 2.123
v -0.426 3.039 0.773
v 0.016 2.677 0.951
v -0.478 2.516 2.213
v -1.431 2.516 1.840
v -0.937 2.677 0.579
v 0.202 2.677 1.024
v -0.292 2.516 2.286
v -1.245 2.516 1.913
v -0.751 2.677 0.651
v -0.394 2.341 0.748
v -0.887 2.180 2.010
v -0.836 2.852 2.116
v -0.342 3.013 0.854
v -0.350 2.569 1.923
v -0.924 2.326 3.187
v -1.886 2.326 2.750
v -1.312 2.569 1.486
v -0.168 2.569 2.006
v -0.741 2.326 3.270
v -1.704 2.326 2.833
v -1.130 2.569 1.569
v -0.700 2.222 1.697
v -1.274 1.980 2.962
v -1.354 2.673 3.058
v -0.780 2.916 1.794
v -0.329 2.572 1.912
v -0.918 2.323 3.210
v -1.907 2.323 2.762
v -1.318 2.572 1.463
v -0.147 2.572 1.994
v -0.736 2.323 3.293
v -1.725 2.323 2.844
v -1.136 2.572 1.546
v -0.732 2.217 1.661
v -1.321 1.968 2.959
v -1.322 2.679 3.095
v -0.733 2.928 1.797
v 0.136 3.279 0.400
v -1.174 3.142 0.330
v -1.121 3.142 -0.658
v 0.189 3.279 -0.587
v 0.125 3.279 0.600
v -1.185 3.142 0.529
v -1.132 3.142 -0.459
v 0.178 3.279 -0.388
v 0.194 2.954 -0.036
v -1.117 2.817 -0.107
v -1.189 3.467 -0.022
v 0.121 3.604 0.049
v -0.772 3.222 0.420
v -2.285 3.049 0.323
v -2.212 3.049 -0.819
v -0.699 3.222 -0.722
v -0.785 3.222 0.620
v -2.298 3.049 0.523
v -2.225 3.049 -0.619
v -0.712 3.222 -0.522
v -0.698 2.844 -0.067
v -2.211 2.671 -0.164
v -2.300 3.428 -0.132
v -0.787 3.601 -0.035
v -1.304 3.193 0.412
v -2.791 2.965 0.254
v -2.671 2.965 -0.874
v -1.184 3.193 -0.716
v -1.325 3.193 0.611
v -2.812 2.965 0.453
v -2.692 2.965 -0.675
v -1.205 3.193 -0.517
v -1.190 2.829 -0.132
v -2.677 2.601 -0.290
v -2.806 3.329 -0.131
v -1.319 3.557 0.027
v -0.925 3.223 -0.676
v -1.549 3.091 -1.881
v -0.641 3.091 -2.350
v -0.017 3.223 -1.145
v -1.103 3.223 -0.584
v -1.726 3.091 -1.789
v -0.818 3.091 -2.258
v -0.195 3.223 -1.053
v -0.556 2.884 -0.830
v -1.179 2.752 -2.035
v -1.188 3.430 -2.104
v -0.564 3.562 -0.899
v -0.674 3.173 0.400
v -0.042 3.260 -0.802
v 0.861 3.260 -0.326
v 0.229 3.173 0.875
v -0.851 3.173 0.307
v -0.219 3.260 -0.895
v 0.684 3.260 -0.419
v 0.052 3.173 0.782
v -0.343 2.837 0.549
v 0.289 2.924 -0.652
v 0.354 3.596 -0.569
v -0.279 3.509 0.632
v -0.796 3.166 0.458
v -0.063 3.267 -0.935
v 0.983 3.267 -0.384
v 0.250 3.166 1.009
v -0.973 3.166 0.364
v -0.240 3.267 -1.028
v 0.807 3.267 -0.477
v 0.073 3.166 0.916
v -0.396 2.776 0.640
v 0.337 2.877 -0.753
v 0.406 3.657 -0.659
v -0.327 3.556 0.733
v -0.493 3.344 -0.085
v 0.228 3.161 -1.365
v 1.195 3.161 -0.820
v 0.474 3.344 0.460
v -0.667 3.344 -0.183
v 0.054 3.161 -1.463
v 1.021 3.161 -0.918
v 0.300 3.344 0.362
v -0.118 2.976 0.178
v 0.603 2.794 -1.102
v 0.646 3.528 -1.182
v -0.074 3.711 0.098
v -0.242 3.215 -0.548
v 0.493 3.152 -1.874
v 1.488 3.152 -1.322
v 0.753 3.215 0.004
v -0.417 3.215 -0.645
v 0.318 3.152 -1.971
v 1.313 3.152 -1.419
v 0.578 3.215 -0.093
v 0.132 2.837 -0.322
v 0.868 2.775 -1.648
v 0.938 3.530 -1.645
v 0.203 3.593 -0.319
v 0.342 3.238 -1.605
v 1.049 2.920 -2.759
v 1.938 2.920 -2.214
v 1.231 3.238 -1.060
v 0.172 3.238 -1.710
v 0.879 2.920 -2.863
v 1.768 2.920 -2.318
v 1.061 3.238 -1.165
v 0.613 2.904 -1.347
v 1.320 2.586 -2.500
v 1.497 3.254 -2.577
v 0.789 3.572 -1.423
v 0.330 3.241 -1.600
v 1.048 2.917 -2.772
v 1.951 2.917 -2.219
v 1.232 3.241 -1.047
v 0.159 3.241 -1.705
v 0.877 2.917 -2.877
v 1.780 2.917 -2.323
v 1.062 3.241 -1.151
v 0.617 2.900 -1.330
v 1.335 2.576 -2.502
v 1.493 3.258 -2.593
v 0.775 3.582 -1.421
v -0.728 3.227 -0.188
v 0.511 3.206 -0.570
v 0.797 3.206 0.359
v -0.441 3.227 0.741
v -0.787 3.227 -0.379
v 0.452 3.206 -0.761
v 0.738 3.206 0.168
v -0.500 3.227 0.550
v -0.611 2.904 0.210
v 0.628 2.883 -0.172
v 0.621 3.529 -0.230
v -0.618 3.550 0.152
v -0.376 3.226 -0.578
v 1.245 3.191 -0.759
v 1.380 3.191 0.458
v -0.241 3.226 0.638
v -0.398 3.226 -0.777
v 1.223 3.191 -0.957
v 1.358 3.191 0.259
v -0.263 3.226 0.439
v -0.320 2.825 0.007
v 1.302 2.790 -0.173
v 1.302 3.591 -0.326
v -0.320 3.627 -0.146
v -0.332 3.225 -0.552
v 1.208 3.191 -0.723
v 1.336 3.191 0.432
v -0.204 3.225 0.603
v -0.354 3.225 -0.751
v 1.186 3.191 -0.922
v 1.314 3.191 0.233
v -0.226 3.225 0.404
v -0.286 2.838 -0.056
v 1.255 2.804 -0.227
v 1.267 3.578 -0.263
v -0.273 3.612 -0.092
v 0.297 3.238 -0.490
v 1.570 3.156 -0.701
v 1.728 3.156 0.256
v 0.455 3.238 0.467
v 0.264 3.238 -0.687
v 1.537 3.156 -0.898
v 1.695 3.156 0.058
v 0.423 3.238 0.269
v 0.331 2.921 -0.165
v 1.603 2.839 -0.376
v 1.662 3.474 -0.267
v 0.389 3.555 -0.056
v 0.662 3.252 -0.557
v 2.099 3.079 -0.932
v 2.383 3.079 0.153
v 0.945 3.252 0.529
v 0.611 3.252 -0.751
v 2.049 3.079 -1.126
v 2.332 3.079 -0.040
v 0.895 3.252 0.335
v 0.726 2.882 -0.139
v 2.164 2.709 -0.515
v 2.268 3.448 -0.458
v 0.830 3.621 -0.083
v 1.645 3.138 -0.817
v 3.056 2.897 -1.191
v 3.341 2.897 -0.118
v 1.929 3.138 0.256
v 1.593 3.138 -1.011
v 3.005 2.897 -1.385
v 3.289 2.897 -0.312
v 1.878 3.138 0.062
v 1.706 2.773 -0.349
v 3.118 2.533 -0.723
v 3.228 3.262 -0.780
v 1.816 3.503 -0.406
v -0.119 3.182 -0.853
v 0.812 3.251 0.262
v -0.024 3.251 0.961
v -0.956 3.182 -0.153
v 0.035 3.182 -0.981
v 0.966 3.251 0.134
v 0.129 3.251 0.833
v -0.802 3.182 -0.282
v -0.397 2.825 -0.598
v 0.535 2.895 0.516
v 0.407 3.608 0.579
v -0.525 3.538 -0.536
v 0.185 3.255 -0.460
v 1.282 3.234 0.664
v 0.439 3.234 1.486
v -0.657 3.255 0.363
v 0.328 3.255 -0.599
v 1.425 3.234 0.524
v 0.582 3.234 1.347
v -0.514 3.255 0.223
v -0.117 2.869 -0.172
v 0.980 2.848 0.952
v 0.885 3.620 1.059
v -0.212 3.641 -0.064
v 0.204 3.254 -0.318
v 1.140 3.236 0.642
v 0.421 3.236 1.344
v -0.516 3.254 0.385
v 0.347 3.254 -0.457
v 1.283 3.236 0.502
v 0.564 3.236 1.205
v -0.373 3.254 0.245
v -0.094 2.919 -0.034
v 0.843 2.900 0.926
v 0.861 3.571 0.921
v -0.075 3.589 -0.039
v 1.492 3.208 0.982
v 2.300 2.947 1.982
v 1.535 2.947 2.601
v 0.727 3.208 1.601
v 1.647 3.208 0.856
v 2.456 2.947 1.856
v 1.691 2.947 2.475
v 0.882 3.208 1.475
v 1.162 2.887 1.165
v 1.971 2.627 2.165
v 2.021 3.268 2.292
v 1.212 3.529 1.292
v 0.787 3.180 -0.425
v 0.027 3.253 0.875
v -0.949 3.253 0.304
v -0.189 3.180 -0.995
v 0.959 3.180 -0.324
v 0.199 3.253 0.976
v -0.777 3.253 0.405
v -0.016 3.180 -0.894
v 0.303 2.813 -0.687
v -0.457 2.886 0.612
v -0.293 3.619 0.668
v 0.467 3.547 -0.632
v 0.476 3.234 0.051
v -0.247 3.250 1.286
v -1.174 3.250 0.744
v -0.451 3.234 -0.492
v 0.649 3.234 0.152
v -0.075 3.250 1.387
v -1.001 3.250 0.845
v -0.278 3.234 -0.391
v 0.088 2.876 -0.172
v -0.635 2.893 1.064
v -0.613 3.608 1.067
v 0.110 3.591 -0.168
v 0.164 3.318 0.542
v -0.531 3.178 1.690
v -1.396 3.178 1.165
v -0.701 3.318 0.018
v 0.335 3.318 0.646
v -0.360 3.178 1.793
v -1.225 3.178 1.269
v -0.530 3.318 0.122
v -0.123 2.987 0.328
v -0.818 2.846 1.475
v -0.939 3.510 1.483
v -0.243 3.650 0.336
v -0.098 3.350 1.008
v -0.804 3.036 2.145
v -1.680 3.036 1.601
v -0.974 3.350 0.464
v 0.072 3.350 1.113
v -0.634 3.036 2.250
v -1.510 3.036 1.707
v -0.804 3.350 0.569
v -0.465 3.021 0.689
v -1.171 2.708 1.826
v -1.143 3.365 2.025
v -0.437 3.679 0.888
v -0.243 3.213 1.436
v -1.109 2.931 2.704
v -2.076 2.931 2.043
v -1.210 3.213 0.776
v -0.078 3.213 1.549
v -0.944 2.931 2.817
v -1.910 2.931 2.156
v -1.044 3.213 0.888
v -0.669 2.837 1.061
v -1.535 2.555 2.329
v -1.484 3.307 2.531
v -0.618 3.589 1.264
v -0.356 3.196 1.474
v -1.115 2.948 2.584
v -1.962 2.948 2.006
v -1.203 3.196 0.895
v -0.191 3.196 1.586
v -0.950 2.948 2.697
v -1.797 2.948 2.119
v -1.038 3.196 1.008
v -0.685 2.861 1.175
v -1.443 2.613 2.285
v -1.468 3.284 2.418
v -0.710 3.531 1.307
v -0.405 3.719 0.823
v -0.546 3.781 -0.755
v 0.638 3.781 -0.860
v 0.779 3.719 0.718
v -0.605 3.719 0.841
v -0.746 3.781 -0.737
v 0.439 3.781 -0.843
v 0.580 3.719 0.735
v 0.170 3.332 0.757
v 0.029 3.394 -0.821
v -0.136 4.168 -0.776
v 0.005 4.106 0.802
v -0.433 3.926 -0.251
v -0.677 3.692 -1.692
v 0.417 3.692 -1.877
v 0.662 3.926 -0.437
v -0.630 3.926 -0.218
v -0.874 3.692 -1.658
v 0.220 3.692 -1.844
v 0.464 3.926 -0.403
v 0.027 3.561 -0.270
v -0.217 3.326 -1.710
v -0.240 4.057 -1.825
v 0.005 4.292 -0.385
v -0.521 3.872 -0.700
v -0.828 3.580 -2.220
v 0.332 3.580 -2.454
v 0.639 3.872 -0.934
v -0.717 3.872 -0.660
v -1.024 3.580 -2.180
v 0.136 3.580 -2.415
v 0.443 3.872 -0.895
v 0.064 3.495 -0.745
v -0.243 3.203 -2.266
v -0.449 3.957 -2.369
v -0.142 4.249 -0.849
v -0.583 3.772 -1.356
v -0.793 3.486 -2.637
v 0.191 3.486 -2.799
v 0.401 3.772 -1.518
v -0.780 3.772 -1.324
v -0.991 3.486 -2.605
v -0.007 3.486 -2.767
v 0.204 3.772 -1.486
v -0.176 3.448 -1.351
v -0.387 3.161 -2.632
v -0.413 3.810 -2.773
v -0.203 4.097 -1.492
v -0.909 3.639 0.068
v 0.346 3.861 -0.879
v 1.063 3.861 0.072
v -0.192 3.639 1.019
v -1.030 3.639 -0.092
v 0.226 3.861 -1.038
v 0.943 3.861 -0.087
v -0.313 3.639 0.859
v -0.533 3.250 0.475
v 0.722 3.472 -0.472
v 0.567 4.250 -0.495
v -0.689 4.028 0.452
v -0.842 3.646 0.068
v 0.328 3.853 -0.813
v 0.995 3.853 0.072
v -0.174 3.646 0.954
v -0.962 3.646 -0.091
v 0.207 3.853 -0.973
v 0.875 3.853 -0.088
v -0.294 3.646 0.794
v -0.485 3.287 0.457
v 0.684 3.494 -0.424
v 0.518 4.213 -0.477
v -0.651 4.006 0.405
v -0.336 3.870 -0.345
v 0.846 3.796 -1.099
v 1.413 3.796 -0.211
v 0.230 3.870 0.543
v -0.443 3.870 -0.514
v 0.739 3.796 -1.268
v 1.305 3.796 -0.380
v 0.123 3.870 0.374
v -0.086 3.526 0.081
v 1.096 3.452 -0.673
v 1.055 4.140 -0.806
v -0.127 4.214 -0.052
v 0.254 3.855 -0.639
v 1.296 3.748 -1.340
v 1.824 3.748 -0.555
v 0.781 3.855 0.145
v 0.142 3.855 -0.805
v 1.185 3.748 -1.506
v 1.712 3.748 -0.721
v 0.670 3.855 -0.021
v 0.416 3.544 -0.351
v 1.458 3.437 -1.051
v 1.550 4.059 -1.010
v 0.508 4.167 -0.310
v 0.738 3.915 -0.982
v 1.779 3.588 -1.678
v 2.318 3.588 -0.870
v 1.277 3.915 -0.175
v 0.627 3.915 -1.148
v 1.668 3.588 -1.844
v 2.207 3.588 -1.037
v 1.166 3.915 -0.341
v 0.849 3.608 -0.671
v 1.891 3.281 -1.367
v 2.096 3.894 -1.347
v 1.054 4.221 -0.652
v 1.202 3.676 -1.332
v 2.305 3.527 -1.984
v 2.797 3.527 -1.151
v 1.695 3.676 -0.499
v 1.101 3.676 -1.504
v 2.203 3.527 -2.156
v 2.695 3.527 -1.323
v 1.593 3.676 -0.671
v 1.352 3.357 -1.005
v 2.455 3.208 -1.657
v 2.545 3.846 -1.650
v 1.443 3.995 -0.998
v 1.173 3.679 -1.335
v 2.316 3.524 -2.011
v 2.826 3.524 -1.148
v 1.683 3.679 -0.472
v 1.071 3.679 -1.507
v 2.214 3.524 -2.183
v 2.725 3.524 -1.320
v 1.582 3.679 -0.644
v 1.345 3.347 -0.968
v 2.488 3.192 -1.644
v 2.552 3.856 -1.687
v 1.409 4.011 -1.011
v -0.536 3.705 -0.532
v 0.738 3.795 -0.249
v 0.526 3.795 0.708
v -0.748 3.705 0.425
v -0.492 3.705 -0.727
v 0.781 3.795 -0.445
v 0.569 3.795 0.513
v -0.705 3.705 0.230
v -0.595 3.379 -0.161
v 0.679 3.469 0.122
v 0.628 4.121 0.142
v -0.646 4.030 -0.141
v 0.365 3.743 -0.406
v 1.856 3.755 -0.121
v 1.642 3.755 0.997
v 0.152 3.743 0.712
v 0.403 3.743 -0.602
v 1.893 3.755 -0.317
v 1.680 3.755 0.800
v 0.189 3.743 0.515
v 0.279 3.363 0.060
v 1.770 3.376 0.345
v 1.765 4.135 0.334
v 0.275 4.122 0.050
v 1.311 3.781 -0.180
v 2.846 3.478 0.022
v 2.691 3.478 1.194
v 1.157 3.781 0.992
v 1.337 3.781 -0.378
v 2.872 3.478 -0.177
v 2.717 3.478 0.996
v 1.183 3.781 0.794
v 1.176 3.395 0.268
v 2.711 3.092 0.470
v 2.852 3.864 0.548
v 1.318 4.166 0.346
v 0.427 3.778 -0.069
v 0.489 3.772 1.244
v -0.496 3.772 1.290
v -0.558 3.778 -0.023
v 0.627 3.778 -0.079
v 0.689 3.772 1.234
v -0.296 3.772 1.281
v -0.358 3.778 -0.032
v -0.019 3.454 -0.050
v 0.043 3.447 1.263
v 0.150 4.096 1.261
v 0.088 4.102 -0.052
v 0.448 3.866 0.506
v 0.571 3.678 1.866
v -0.458 3.678 1.958
v -0.581 3.866 0.599
v 0.648 3.866 0.488
v 0.770 3.678 1.848
v -0.259 3.678 1.940
v -0.382 3.866 0.581
v -0.052 3.535 0.505
v 0.070 3.346 1.865
v 0.242 4.009 1.941
v 0.119 4.197 0.582
v 0.521 3.824 1.133
v 0.609 3.551 2.479
v -0.421 3.551 2.546
v -0.509 3.824 1.200
v 0.721 3.824 1.120
v 0.808 3.551 2.466
v -0.222 3.551 2.533
v -0.309 3.824 1.187
v 0.020 3.496 1.099
v 0.108 3.224 2.445
v 0.279 3.879 2.567
v 0.192 4.151 1.221
v 0.899 3.756 -0.003
v -0.385 3.744 0.776
v -0.970 3.744 -0.187
v 0.315 3.756 -0.967
v 1.003 3.756 0.168
v -0.281 3.744 0.947
v -0.866 3.744 -0.016
v 0.418 3.756 -0.796
v 0.646 3.381 -0.426
v -0.639 3.370 0.353
v -0.613 4.119 0.407
v 0.672 4.130 -0.373
v 0.327 3.723 0.237
v -0.761 3.769 0.922
v -1.275 3.769 0.106
v -0.187 3.723 -0.579
v 0.433 3.723 0.407
v -0.655 3.769 1.092
v -1.169 3.769 0.275
v -0.081 3.723 -0.410
v 0.108 3.402 -0.089
v -0.980 3.448 0.596
v -0.950 4.090 0.601
v 0.138 4.044 -0.084
v -0.377 3.830 0.771
v -1.732 3.628 1.590
v -2.351 3.628 0.566
v -0.997 3.830 -0.253
v -0.274 3.830 0.942
v -1.628 3.628 1.761
v -2.248 3.628 0.737
v -0.893 3.830 -0.082
v -0.604 3.435 0.299
v -1.958 3.233 1.118
v -2.021 4.023 1.210
v -0.666 4.225 0.391
v -0.915 3.749 0.993
v -2.101 3.580 1.771
v -2.689 3.580 0.875
v -1.502 3.749 0.096
v -0.805 3.749 1.160
v -1.992 3.580 1.938
v -2.579 3.580 1.042
v -1.393 3.749 0.264
v -1.148 3.398 0.561
v -2.334 3.229 1.339
v -2.346 3.931 1.473
v -1.160 4.100 0.695
v -1.371 3.710 1.300
v -2.540 3.498 2.008
v -3.077 3.498 1.121
v -1.908 3.710 0.413
v -1.267 3.710 1.471
v -2.437 3.498 2.179
v -2.974 3.498 1.292
v -1.804 3.710 0.584
v -1.549 3.368 0.903
v -2.719 3.157 1.611
v -2.795 3.840 1.689
v -1.626 4.051 0.981
v 0.007 3.788 0.314
v -1.262 3.704 0.028
v -1.047 3.704 -0.926
v 0.221 3.788 -0.640
v -0.037 3.788 0.509
v -1.306 3.704 0.223
v -1.091 3.704 -0.731
v 0.178 3.788 -0.445
v 0.108 3.463 -0.039
v -1.161 3.380 -0.325
v -1.192 4.029 -0.378
v 0.077 4.112 -0.092
v -1.151 3.745 0.162
v -2.532 3.561 -0.360
v -2.137 3.561 -1.405
v -0.756 3.745 -0.882
v -1.222 3.745 0.349
v -2.603 3.561 -0.173
v -2.208 3.561 -1.218
v -0.826 3.745 -0.695
v -0.961 3.378 -0.210
v -2.342 3.194 -0.733
v -2.398 3.928 -0.845
v -1.016 4.112 -0.322
v -0.171 4.364 -0.454
v 1.284 4.355 -0.423
v 1.260 4.355 0.668
v -0.194 4.364 0.636
v -0.166 4.364 -0.654
v 1.288 4.355 -0.623
v 1.264 4.355 0.468
v -0.190 4.364 0.437
v -0.182 4.002 -0.038
v 1.272 3.992 -0.006
v 1.276 4.717 0.052
v -0.179 4.727 0.020
v 0.396 4.414 -0.465
v 1.822 4.298 -0.372
v 1.752 4.298 0.702
v 0.325 4.414 0.608
v 0.409 4.414 -0.664
v 1.835 4.298 -0.571
v 1.765 4.298 0.502
v 0.338 4.414 0.409
v 0.337 4.058 -0.009
v 1.763 3.941 0.085
v 1.824 4.654 0.046
v 0.398 4.771 -0.047
v 1.420 4.377 -0.350
v 2.839 4.134 -0.386
v 2.866 4.134 0.693
v 1.448 4.377 0.729
v 1.415 4.377 -0.550
v 2.834 4.134 -0.586
v 2.861 4.134 0.493
v 1.443 4.377 0.530
v 1.374 4.030 0.166
v 2.792 3.787 0.130
v 2.907 4.481 -0.023
v 1.489 4.724 0.013
v 0.174 4.335 -0.821
v 0.663 4.377 0.508
v -0.335 4.377 0.875
v -0.823 4.335 -0.454
v 0.362 4.335 -0.890
v 0.851 4.377 0.439
v -0.147 4.377 0.806
v -0.636 4.335 -0.523
v -0.299 3.989 -0.636
v 0.190 4.032 0.693
v 0.326 4.723 0.621
v -0.162 4.681 -0.708
v 0.808 4.435 0.745
v 1.268 4.268 2.130
v 0.223 4.268 2.477
v -0.237 4.435 1.093
v 0.998 4.435 0.682
v 1.458 4.268 2.067
v 0.412 4.268 2.414
v -0.048 4.435 1.030
v 0.414 4.074 0.833
v 0.874 3.906 2.217
v 0.806 4.629 2.327
v 0.346 4.796 0.942
v 0.787 4.314 -0.163
v -0.209 4.399 0.749
v -0.895 4.399 0.001
v 0.101 4.314 -0.911
v 0.922 4.314 -0.016
v -0.074 4.399 0.896
v -0.759 4.399 0.148
v 0.236 4.314 -0.764
v 0.483 3.977 -0.463
v -0.513 4.062 0.449
v -0.456 4.736 0.448
v 0.540 4.651 -0.464
v 0.340 4.481 0.183
v -0.578 4.302 1.115
v -1.283 4.302 0.420
v -0.365 4.481 -0.512
v 0.483 4.481 0.324
v -0.436 4.302 1.255
v -1.141 4.302 0.560
v -0.223 4.481 -0.371
v 0.110 4.155 -0.106
v -0.808 3.976 0.825
v -0.911 4.628 0.850
v 0.008 4.807 -0.082
v -0.070 4.419 0.592
v -0.972 4.212 1.489
v -1.654 4.212 0.803
v -0.752 4.419 -0.094
v 0.071 4.419 0.734
v -0.831 4.212 1.631
v -1.513 4.212 0.945
v -0.611 4.419 0.048
v -0.300 4.101 0.287
v -1.202 3.894 1.184
v -1.283 4.530 1.250
v -0.381 4.737 0.353
v 0.651 4.358 0.652
v -0.860 4.355 0.273
v -0.575 4.355 -0.861
v 0.935 4.358 -0.482
v 0.603 4.358 0.846
v -0.908 4.355 0.467
v -0.624 4.355 -0.667
v 0.887 4.358 -0.288
v 0.786 3.974 0.117
v -0.725 3.971 -0.261
v -0.759 4.738 -0.132
v 0.752 4.741 0.246
v -0.588 4.479 0.362
v -1.934 4.224 -0.108
v -1.576 4.224 -1.133
v -0.230 4.479 -0.663
v -0.654 4.479 0.551
v -2.000 4.224 0.081
v -1.642 4.224 -0.944
v -0.296 4.479 -0.475
v -0.403 4.128 0.023
v -1.749 3.873 -0.447
v -1.827 4.575 -0.605
v -0.481 4.830 -0.135
v -0.604 4.474 0.337
v -1.905 4.228 -0.117
v -1.559 4.228 -1.108
v -0.259 4.474 -0.654
v -0.670 4.474 0.526
v -1.971 4.228 0.072
v -1.625 4.228 -0.919
v -0.324 4.474 -0.465
v -0.387 4.136 -0.103
v -1.687 3.889 -0.557
v -1.843 4.567 -0.479
v -0.542 4.813 -0.025
v -1.065 4.367 0.054
v -2.398 4.131 -0.195
v -2.209 4.131 -1.210
v -0.876 4.367 -0.961
v -1.102 4.367 0.250
v -2.435 4.131 0.001
v -2.245 4.131 -1.013
v -0.913 4.367 -0.764
v -0.923 4.031 -0.387
v -2.256 3.794 -0.636
v -2.387 4.467 -0.573
v -1.055 4.704 -0.324
v -0.379 4.406 0.178
v -0.691 4.361 -1.113
v 0.278 4.361 -1.347
v 0.590 4.406 -0.056
v -0.573 4.406 0.225
v -0.885 4.361 -1.066
v 0.084 4.361 -1.300
v 0.396 4.406 -0.009
v -0.032 4.077 0.105
v -0.343 4.032 -1.186
v -0.263 4.690 -1.228
v 0.049 4.735 0.063
v -0.494 4.449 -0.246
v -0.977 4.279 -1.697
v 0.118 4.279 -2.062
v 0.601 4.449 -0.611
v -0.683 4.449 -0.183
v -1.167 4.279 -1.634
v -0.072 4.279 -1.999
v 0.412 4.449 -0.548
v -0.043 4.066 -0.351
v -0.527 3.897 -1.802
v -0.522 4.661 -1.893
v -0.039 4.831 -0.442
v -0.218 4.531 -0.655
v 0.759 4.270 -1.788
v 1.621 4.270 -1.044
v 0.644 4.531 0.089
v -0.370 4.531 -0.786
v 0.608 4.270 -1.919
v 1.470 4.270 -1.174
v 0.492 4.531 -0.042
v 0.067 4.159 -0.323
v 1.045 3.898 -1.456
v 1.184 4.642 -1.507
v 0.207 4.903 -0.374
v -0.850 4.866 -0.217
v 0.587 4.875 -0.686
v 0.940 4.875 0.392
v -0.498 4.866 0.862
v -0.912 4.866 -0.407
v 0.525 4.875 -0.877
v 0.878 4.875 0.202
v -0.560 4.866 0.671
v -0.702 4.488 0.230
v 0.735 4.497 -0.240
v 0.729 5.253 -0.245
v -0.708 5.244 0.225
v -0.841 4.866 -0.214
v 0.582 4.875 -0.679
v 0.931 4.875 0.389
v -0.492 4.866 0.854
v -0.903 4.866 -0.404
v 0.520 4.875 -0.869
v 0.868 4.875 0.199
v -0.555 4.866 0.664
v -0.685 4.494 0.259
v 0.738 4.502 -0.206
v 0.712 5.247 -0.274
v -0.711 5.239 0.191
v 0.321 4.921 -0.472
v 1.570 4.774 -0.819
v 1.832 4.774 0.125
v 0.582 4.921 0.471
v 0.267 4.921 -0.665
v 1.517 4.774 -1.011
v 1.778 4.774 -0.068
v 0.529 4.921 0.278
v 0.373 4.604 -0.149
v 1.622 4.456 -0.496
v 1.726 5.092 -0.391
v 0.477 5.239 -0.044
v 1.384 4.902 -0.766
v 2.578 4.596 -1.080
v 2.821 4.596 -0.157
v 1.627 4.902 0.157
v 1.333 4.902 -0.959
v 2.527 4.596 -1.273
v 2.770 4.596 -0.350
v 1.576 4.902 -0.036
v 1.396 4.596 -0.421
v 2.590 4.290 -0.736
v 2.758 4.902 -0.694
v 1.564 5.208 -0.380
v -0.095 4.835 -0.774
v 0.741 4.906 0.257
v -0.033 4.906 0.885
v -0.869 4.835 -0.146
v 0.060 4.835 -0.900
v 0.896 4.906 0.131
v 0.122 4.906 0.759
v -0.714 4.835 -0.272
v -0.448 4.510 -0.465
v 0.388 4.582 0.566
v 0.475 5.230 0.450
v -0.361 5.159 -0.581
v 0.543 4.965 -0.017
v 1.525 4.806 1.110
v 0.675 4.806 1.851
v -0.308 4.965 0.723
v 0.694 4.965 -0.149
v 1.676 4.806 0.979
v 0.825 4.806 1.720
v -0.157 4.965 0.592
v 0.114 4.598 0.305
v 1.096 4.439 1.432
v 1.255 5.173 1.397
v 0.273 5.332 0.270
v 1.236 4.877 0.966
v 2.061 4.602 1.920
v 1.329 4.602 2.553
v 0.504 4.877 1.599
v 1.387 4.877 0.835
v 2.213 4.602 1.789
v 1.480 4.602 2.423
v 0.655 4.877 1.468
v 0.931 4.564 1.140
v 1.756 4.289 2.094
v 1.786 4.915 2.249
v 0.960 5.190 1.294
v 1.234 4.885 0.922
v 2.105 4.595 1.929
v 1.332 4.595 2.597
v 0.461 4.885 1.590
v 1.385 4.885 0.791
v 2.256 4.595 1.798
v 1.483 4.595 2.466
v 0.612 4.885 1.460
v 0.909 4.554 1.108
v 1.780 4.264 2.115
v 1.808 4.925 2.281
v 0.937 5.215 1.274
v 0.698 4.802 -0.467
v 0.111 4.939 0.811
v -0.852 4.939 0.369
v -0.265 4.802 -0.909
v 0.879 4.802 -0.384
v 0.292 4.939 0.894
v -0.670 4.939 0.452
v -0.084 4.802 -0.826
v 0.301 4.451 -0.612
v -0.286 4.587 0.666
v -0.273 5.290 0.597
v 0.313 5.153 -0.681
v -0.186 4.963 1.148
v -0.654 4.738 2.332
v -1.556 4.738 1.976
v -1.088 4.963 0.791
v -0.000 4.963 1.222
v -0.468 4.738 2.406
v -1.370 4.738 2.049
v -0.902 4.963 0.865
v -0.502 4.646 0.963
v -0.970 4.420 2.147
v -1.055 5.056 2.234
v -0.586 5.281 1.050
v 0.856 4.838 0.338
v -0.669 4.903 0.594
v -0.862 4.903 -0.550
v 0.663 4.838 -0.807
v 0.889 4.838 0.535
v -0.636 4.903 0.792
v -0.828 4.903 -0.353
v 0.696 4.838 -0.609
v 0.776 4.463 -0.041
v -0.749 4.528 0.216
v -0.749 5.278 0.026
v 0.776 5.213 -0.231
v -0.421 4.984 0.438
v -1.613 4.785 0.687
v -1.803 4.785 -0.219
v -0.610 4.984 -0.468
v -0.380 4.984 0.634
v -1.572 4.785 0.883
v -1.762 4.785 -0.023
v -0.569 4.984 -0.272
v -0.448 4.680 0.065
v -1.640 4.481 0.314
v -1.735 5.089 0.350
v -0.542 5.289 0.101
v -0.849 4.918 0.655
v -2.282 4.670 0.880
v -2.453 4.670 -0.211
v -1.020 4.918 -0.435
v -0.818 4.918 0.853
v -2.251 4.670 1.078
v -2.422 4.670 -0.013
v -0.989 4.918 -0.238
v -0.851 4.558 0.245
v -2.284 4.310 0.469
v -2.420 5.030 0.397
v -0.987 5.277 0.173
v -0.190 4.889 0.379
v -1.050 4.908 -0.631
v -0.292 4.908 -1.277
v 0.568 4.889 -0.267
v -0.342 4.889 0.508
v -1.202 4.908 -0.502
v -0.445 4.908 -1.147
v 0.416 4.889 -0.137
v 0.104 4.557 0.122
v -0.756 4.577 -0.888
v -0.739 5.240 -0.890
v 0.122 5.221 0.120
v -1.252 4.928 -0.772
v -2.002 4.640 -1.726
v -1.267 4.640 -2.304
v -0.517 4.928 -1.351
v -1.409 4.928 -0.649
v -2.159 4.640 -1.602
v -1.425 4.640 -2.180
v -0.674 4.928 -1.227
v -0.876 4.629 -0.978
v -1.627 4.341 -1.931
v -1.800 4.939 -1.975
v -1.049 5.227 -1.022
v -0.619 4.865 0.442
v -0.085 4.876 -0.778
v 0.830 4.876 -0.377
v 0.296 4.865 0.843
v -0.803 4.865 0.362
v -0.268 4.876 -0.858
v 0.646 4.876 -0.457
v 0.112 4.865 0.763
v -0.289 4.535 0.584
v 0.245 4.545 -0.636
v 0.316 5.206 -0.599
v -0.218 5.196 0.621
v -0.141 4.901 -0.611
v 0.346 4.854 -1.772
v 1.217 4.854 -1.407
v 0.731 4.901 -0.245
v -0.325 4.901 -0.688
v 0.162 4.854 -1.849
v 1.033 4.854 -1.484
v 0.546 4.901 -0.323
v 0.235 4.588 -0.441
v 0.721 4.542 -1.602
v 0.658 5.167 -1.654
v 0.171 5.213 -0.492
v -0.130 4.900 -0.617
v 0.349 4.855 -1.760
v 1.207 4.855 -1.400
v 0.728 4.900 -0.257
v -0.315 4.900 -0.694
v 0.164 4.855 -1.837
v 1.023 4.855 -1.478
v 0.543 4.900 -0.334
v 0.166 4.593 -0.480
v 0.645 4.547 -1.624
v 0.727 5.162 -1.614
v 0.248 5.208 -0.471
v 0.271 4.869 -1.605
v 0.822 4.625 -2.839
v 1.763 4.625 -2.419
v 1.212 4.869 -1.184
v 0.088 4.869 -1.686
v 0.640 4.625 -2.921
v 1.580 4.625 -2.500
v 1.029 4.869 -1.266
v 0.637 4.532 -1.374
v 1.188 4.287 -2.608
v 1.214 4.962 -2.731
v 0.663 5.207 -1.497
v 0.274 4.869 -1.607
v 0.823 4.625 -2.835
v 1.760 4.625 -2.417
v 1.211 4.869 -1.188
v 0.091 4.869 -1.688
v 0.640 4.625 -2.917
v 1.577 4.625 -2.499
v 1.028 4.869 -1.270
v 0.669 4.536 -1.364
v 1.218 4.292 -2.593
v 1.182 4.959 -2.741
v 0.633 5.202 -1.512
v 0.457 5.467 1.415
v 0.450 5.148 2.721
v -0.558 5.148 2.715
v -0.551 5.467 1.410
v 0.657 5.467 1.416
v 0.650 5.148 2.722
v -0.358 5.148 2.716
v -0.351 5.467 1.411
v 0.015 5.143 1.333
v 0.008 4.824 2.639
v 0.084 5.472 2.798
v 0.091 5.791 1.492
v 0.142 5.460 0.305
v -0.964 5.323 0.758
v -1.306 5.323 -0.077
v -0.201 5.460 -0.530
v 0.218 5.460 0.490
v -0.888 5.323 0.943
v -1.230 5.323 0.109
v -0.125 5.460 -0.345
v 0.045 5.162 -0.021
v -1.060 5.024 0.432
v -1.133 5.621 0.435
v -0.028 5.758 -0.019
v -0.884 5.409 0.797
v -2.178 5.131 1.325
v -2.583 5.131 0.335
v -1.288 5.409 -0.193
v -0.809 5.409 0.982
v -2.103 5.131 1.510
v -2.507 5.131 0.521
v -1.213 5.409 -0.008
v -0.985 5.060 0.367
v -2.279 4.781 0.896
v -2.407 5.480 0.950
v -1.113 5.758 0.421
v 0.534 5.346 0.715
v -0.817 5.440 0.117
v -0.369 5.440 -0.898
v 0.982 5.346 -0.301
v 0.453 5.346 0.897
v -0.898 5.440 0.300
v -0.450 5.440 -0.715
v 0.901 5.346 -0.118
v 0.724 4.983 0.226
v -0.627 5.077 -0.371
v -0.640 5.803 -0.227
v 0.711 5.709 0.370
v -0.007 5.418 0.376
v -1.196 5.437 -0.111
v -0.830 5.437 -1.003
v 0.358 5.418 -0.515
v -0.083 5.418 0.561
v -1.272 5.437 0.074
v -0.906 5.437 -0.818
v 0.282 5.418 -0.330
v 0.115 5.101 0.066
v -1.073 5.119 -0.422
v -1.028 5.754 -0.507
v 0.160 5.736 -0.019
v -0.544 5.479 0.307
v -1.807 5.392 -0.390
v -1.283 5.392 -1.338
v -0.021 5.479 -0.641
v -0.641 5.479 0.482
v -1.903 5.392 -0.215
v -1.380 5.392 -1.163
v -0.118 5.479 -0.466
v -0.317 5.119 -0.060
v -1.579 5.032 -0.756
v -1.607 5.752 -0.796
v -0.345 5.839 -0.100
v -1.479 5.449 -0.165
v -2.798 5.205 -0.791
v -2.322 5.205 -1.794
v -1.003 5.449 -1.168
v -1.565 5.449 0.016
v -2.884 5.205 -0.610
v -2.408 5.205 -1.613
v -1.089 5.449 -0.987
v -1.268 5.094 -0.472
v -2.587 4.850 -1.097
v -2.619 5.560 -1.306
v -1.300 5.804 -0.680
v -1.491 5.445 -0.188
v -2.772 5.208 -0.796
v -2.310 5.208 -1.770
v -1.029 5.445 -1.163
v -1.577 5.445 -0.007
v -2.858 5.208 -0.615
v -2.396 5.208 -1.590
v -1.114 5.445 -0.982
v -1.241 5.091 -0.576
v -2.523 4.854 -1.184
v -2.645 5.562 -1.201
v -1.364 5.799 -0.594
v -0.427 5.381 0.739
v -0.408 5.404 -0.751
v 0.711 5.404 -0.737
v 0.692 5.381 0.753
v -0.626 5.381 0.737
v -0.608 5.404 -0.754
v 0.511 5.404 -0.740
v 0.492 5.381 0.751
v 0.059 5.009 0.740
v 0.078 5.033 -0.751
v 0.025 5.776 -0.740
v 0.006 5.753 0.751
v -0.357 5.383 0.649
v -0.340 5.403 -0.659
v 0.641 5.403 -0.647
v 0.624 5.383 0.661
v -0.557 5.383 0.646
v -0.540 5.403 -0.662
v 0.441 5.403 -0.649
v 0.424 5.383 0.659
v 0.011 5.056 0.649
v 0.028 5.077 -0.660
v 0.073 5.729 -0.649
v 0.056 5.709 0.659
v -0.418 5.531 0.145
v -0.407 5.273 -1.331
v 0.717 5.273 -1.323
v 0.706 5.531 0.153
v -0.618 5.531 0.143
v -0.607 5.273 -1.332
v 0.517 5.273 -1.324
v 0.506 5.531 0.151
v 0.078 5.163 0.212
v 0.089 4.906 -1.263
v 0.021 5.641 -1.392
v 0.010 5.898 0.084
v -0.399 5.369 -0.455
v -0.381 5.232 -1.897
v 0.706 5.232 -1.884
v 0.688 5.369 -0.441
v -0.599 5.369 -0.457
v -0.581 5.232 -1.900
v 0.506 5.232 -1.886
v 0.488 5.369 -0.444
v 0.081 5.010 -0.415
v 0.099 4.874 -1.857
v 0.027 5.591 -1.926
v 0.009 5.728 -0.484
v -0.390 5.421 -1.018
v -0.416 5.069 -2.481
v 0.712 5.069 -2.501
v 0.738 5.421 -1.038
v -0.590 5.421 -1.014
v -0.616 5.069 -2.477
v 0.512 5.069 -2.497
v 0.538 5.421 -1.034
v 0.048 5.056 -0.938
v 0.022 4.704 -2.401
v 0.074 5.434 -2.577
v 0.100 5.786 -1.114
v -0.828 5.346 0.051
v 0.387 5.439 -0.801
v 1.027 5.439 0.112
v -0.188 5.346 0.964
v -0.943 5.346 -0.113
v 0.272 5.439 -0.965
v 0.912 5.439 -0.052
v -0.303 5.346 0.801
v -0.515 4.979 0.459
v 0.701 5.072 -0.394
v 0.599 5.806 -0.459
v -0.617 5.713 0.393
v 0.827 5.411 -1.225
v 1.946 5.003 -2.060
v 2.599 5.003 -1.186
v 1.480 5.411 -0.351
v 0.708 5.411 -1.385
v 1.826 5.003 -2.221
v 2.479 5.003 -1.346
v 1.360 5.411 -0.511
v 1.064 5.071 -0.742
v 2.182 4.663 -1.578
v 2.243 5.343 -1.829
v 1.124 5.751 -0.993
v 0.895 5.395 -1.223
v 1.928 5.019 -1.995
v 2.531 5.019 -1.188
v 1.498 5.395 -0.416
v 0.775 5.395 -1.384
v 1.809 5.019 -2.155
v 2.412 5.019 -1.348
v 1.378 5.395 -0.576
v 1.043 5.074 -0.868
v 2.077 4.698 -1.639
v 2.263 5.340 -1.704
v 1.230 5.717 -0.932
v 0.676 5.435 0.152
v 1.697 5.242 0.871
v 1.152 5.242 1.646
v 0.130 5.435 0.927
v 0.791 5.435 -0.012
v 1.813 5.242 0.707
v 1.267 5.242 1.483
v 0.245 5.435 0.763
v 0.393 5.127 0.471
v 1.415 4.934 1.190
v 1.550 5.551 1.164
v 0.528 5.744 0.445
v 0.658 5.443 0.095
v 1.757 5.235 0.869
v 1.170 5.235 1.703
v 0.071 5.443 0.929
v 0.773 5.443 -0.068
v 1.872 5.235 0.705
v 1.285 5.235 1.539
v 0.186 5.443 0.765
v 0.424 5.115 0.340
v 1.523 4.907 1.113
v 1.519 5.563 1.294
v 0.420 5.770 0.521
v 1.232 5.367 0.496
v 2.181 5.121 1.273
v 1.587 5.121 1.999
v 0.638 5.367 1.222
v 1.359 5.367 0.341
v 2.308 5.121 1.118
v 1.714 5.121 1.844
v 0.764 5.367 1.067
v 0.963 5.061 0.728
v 1.913 4.815 1.505
v 1.982 5.428 1.613
v 1.033 5.673 0.836
v 1.238 5.363 0.522
v 2.155 5.126 1.272
v 1.581 5.126 1.974
v 0.664 5.363 1.223
v 1.365 5.363 0.367
v 2.282 5.126 1.117
v 1.708 5.126 1.819
v 0.790 5.363 1.068
v 0.948 5.068 0.783
v 1.865 4.831 1.534
v 1.998 5.420 1.557
v 1.081 5.657 0.807
v -0.772 5.947 0.141
v 0.276 5.995 -0.799
v 0.981 5.995 -0.012
v -0.067 5.947 0.927
v -0.906 5.947 -0.008
v 0.143 5.995 -0.948
v 0.848 5.995 -0.161
v -0.201 5.947 0.778
v -0.513 5.599 0.412
v 0.535 5.647 -0.528
v 0.589 6.343 -0.432
v -0.460 6.295 0.507
v -0.060 6.105 -0.607
v 1.034 5.912 -1.509
v 1.717 5.912 -0.681
v 0.623 6.105 0.221
v -0.187 6.105 -0.762
v 0.907 5.912 -1.663
v 1.589 5.912 -0.835
v 0.495 6.105 0.066
v 0.214 5.755 -0.201
v 1.308 5.562 -1.102
v 1.316 6.263 -1.242
v 0.222 6.456 -0.341
v 0.986 6.051 -0.281
v 2.263 5.791 -0.053
v 2.089 5.791 0.924
v 0.812 6.051 0.696
v 1.022 6.051 -0.478
v 2.298 5.791 -0.250
v 2.124 5.791 0.727
v 0.847 6.051 0.499
v 0.841 5.736 0.175
v 2.118 5.476 0.403
v 2.270 6.106 0.271
v 0.993 6.366 0.043
v 1.457 5.948 -0.186
v 2.765 5.693 0.008
v 2.617 5.693 1.008
v 1.308 5.948 0.813
v 1.486 5.948 -0.384
v 2.795 5.693 -0.189
v 2.646 5.693 0.810
v 1.338 5.948 0.615
v 1.340 5.619 0.168
v 2.648 5.364 0.362
v 2.763 6.021 0.456
v 1.454 6.276 0.261
v 1.510 5.936 -0.132
v 2.699 5.704 0.045
v 2.564 5.704 0.953
v 1.375 5.936 0.776
v 1.539 5.936 -0.330
v 2.728 5.704 -0.153
v 2.593 5.704 0.755
v 1.404 5.936 0.578
v 1.400 5.636 0.211
v 2.589 5.404 0.388
v 2.703 6.005 0.413
v 1.514 6.236 0.236
v 0.976 5.976 0.845
v 1.599 5.719 1.938
v 0.763 5.719 2.414
v 0.140 5.976 1.322
v 1.150 5.976 0.746
v 1.773 5.719 1.839
v 0.936 5.719 2.315
v 0.314 5.976 1.223
v 0.656 5.665 0.955
v 1.279 5.408 2.047
v 1.256 6.029 2.206
v 0.634 6.286 1.114
v 0.702 5.976 -0.262
v -0.067 5.966 0.692
v -0.782 5.966 0.116
v -0.014 5.976 -0.838
v 0.857 5.976 -0.136
v 0.089 5.966 0.818
v -0.626 5.966 0.241
v 0.142 5.976 -0.713
v 0.466 5.675 -0.455
v -0.303 5.664 0.499
v -0.390 6.267 0.435
v 0.378 6.278 -0.519
v -0.013 6.014 0.630
v -0.831 5.837 1.552
v -1.529 5.837 0.932
v -0.711 6.014 0.011
v 0.137 6.014 0.763
v -0.681 5.837 1.685
v -1.379 5.837 1.065
v -0.562 6.014 0.143
v -0.212 5.712 0.396
v -1.030 5.535 1.317
v -1.180 6.139 1.300
v -0.363 6.316 0.378
v -0.292 6.005 1.023
v -1.189 5.685 2.070
v -1.995 5.685 1.379
v -1.098 6.005 0.333
v -0.140 6.005 1.154
v -1.037 5.685 2.200
v -1.843 5.685 1.509
v -0.946 6.005 0.463
v -0.582 5.661 0.670
v -1.479 5.341 1.716
v -1.553 6.029 1.863
v -0.656 6.349 0.817
v 0.703 5.909 0.465
v -0.690 6.033 0.364
v -0.614 6.033 -0.685
v 0.779 5.909 -0.584
v 0.689 5.909 0.665
v -0.704 6.033 0.563
v -0.628 6.033 -0.485
v 0.765 5.909 -0.384
v 0.701 5.562 0.069
v -0.692 5.685 -0.032
v -0.626 6.381 -0.089
v 0.767 6.257 0.012
v -0.266 5.990 0.705
v -0.451 5.952 -0.614
v 0.539 5.952 -0.753
v 0.724 5.990 0.566
v -0.464 5.990 0.732
v -0.649 5.952 -0.587
v 0.341 5.952 -0.725
v 0.526 5.990 0.594
v 0.063 5.664 0.668
v -0.122 5.627 -0.651
v 0.012 6.278 -0.688
v 0.197 6.316 0.631
v -0.347 6.025 0.138
v -0.571 5.883 -1.219
v 0.452 5.883 -1.388
v 0.676 6.025 -0.031
v -0.544 6.025 0.170
v -0.768 5.883 -1.186
v 0.254 5.883 -1.355
v 0.479 6.025 0.001
v 0.050 5.682 0.108
v -0.174 5.540 -1.249
v -0.143 6.227 -1.326
v 0.082 6.368 0.031
v -0.388 5.977 -0.494
v -0.655 5.808 -1.750
v 0.295 5.808 -1.952
v 0.562 5.977 -0.696
v -0.583 5.977 -0.452
v -0.851 5.808 -1.708
v 0.099 5.808 -1.911
v 0.367 5.977 -0.655
v 0.074 5.665 -0.550
v -0.193 5.496 -1.807
v -0.363 6.119 -1.854
v -0.095 6.288 -0.598
v -0.359 5.970 -0.554
v -0.605 5.815 -1.706
v 0.266 5.815 -1.892
v 0.512 5.970 -0.740
v -0.555 5.970 -0.513
v -0.800 5.815 -1.665
v 0.071 5.815 -1.850
v 0.316 5.970 -0.698
v -0.047 5.677 -0.582
v -0.292 5.522 -1.734
v -0.242 6.107 -1.823
v 0.003 6.262 -0.671
v -0.564 5.935 -1.021
v -0.825 5.691 -2.396
v 0.222 5.691 -2.594
v 0.483 5.935 -1.219
v -0.761 5.935 -0.983
v -1.021 5.691 -2.359
v 0.026 5.691 -2.557
v 0.286 5.935 -1.182
v -0.164 5.587 -1.035
v -0.424 5.343 -2.410
v -0.375 6.039 -2.543
v -0.115 6.283 -1.168
v 0.761 6.452 0.362
v -0.645 6.547 0.453
v -0.713 6.547 -0.605
v 0.693 6.452 -0.695
v 0.774 6.452 0.562
v -0.632 6.547 0.652
v -0.700 6.547 -0.405
v 0.706 6.452 -0.495
v 0.706 6.107 -0.133
v -0.700 6.201 -0.043
v -0.645 6.893 0.090
v 0.761 6.798 0.000
v 0.705 6.456 0.325
v -0.594 6.543 0.409
v -0.657 6.543 -0.568
v 0.642 6.456 -0.651
v 0.718 6.456 0.525
v -0.581 6.543 0.609
v -0.644 6.543 -0.368
v 0.655 6.456 -0.452
v 0.661 6.132 -0.029
v -0.639 6.219 0.054
v -0.600 6.867 -0.014
v 0.700 6.780 -0.097
v 0.157 6.551 0.278
v -1.057 6.520 0.461
v -1.194 6.520 -0.450
v 0.020 6.551 -0.633
v 0.186 6.551 0.476
v -1.028 6.520 0.658
v -1.165 6.520 -0.252
v 0.050 6.551 -0.435
v 0.112 6.244 -0.072
v -1.102 6.213 0.110
v -1.120 6.827 0.098
v 0.094 6.858 -0.084
v -0.330 6.651 0.447
v -1.669 6.393 0.562
v -1.756 6.393 -0.461
v -0.417 6.651 -0.576
v -0.313 6.651 0.646
v -1.652 6.393 0.761
v -1.739 6.393 -0.262
v -0.400 6.651 -0.376
v -0.308 6.323 -0.043
v -1.647 6.065 0.072
v -1.761 6.721 0.228
v -0.422 6.979 0.113
v -0.402 6.638 0.401
v -1.605 6.406 0.504
v -1.684 6.406 -0.415
v -0.481 6.638 -0.518
v -0.385 6.638 0.600
v -1.588 6.406 0.703
v -1.667 6.406 -0.216
v -0.464 6.638 -0.319
v -0.372 6.341 0.090
v -1.575 6.109 0.193
v -1.697 6.703 0.095
v -0.495 6.935 -0.008
v -0.917 6.502 0.503
v -2.186 6.340 0.531
v -2.207 6.340 -0.428
v -0.938 6.502 -0.456
v -0.913 6.502 0.703
v -2.181 6.340 0.731
v -2.202 6.340 -0.228
v -0.934 6.502 -0.256
v -0.885 6.185 0.133
v -2.153 6.023 0.161
v -2.235 6.657 0.142
v -0.966 6.819 0.115
v 0.081 6.475 0.703
v -0.628 6.525 -0.327
v 0.145 6.525 -0.859
v 0.854 6.475 0.170
v -0.084 6.475 0.816
v -0.793 6.525 -0.213
v -0.020 6.525 -0.745
v 0.689 6.475 0.284
v 0.324 6.169 0.521
v -0.385 6.219 -0.509
v -0.263 6.830 -0.563
v 0.446 6.780 0.466
v -0.248 6.542 0.204
v -0.958 6.505 -0.806
v -0.200 6.505 -1.338
v 0.510 6.542 -0.328
v -0.412 6.542 0.319
v -1.121 6.505 -0.691
v -0.364 6.505 -1.223
v 0.346 6.542 -0.213
v 0.101 6.239 -0.030
v -0.609 6.202 -1.040
v -0.713 6.808 -0.989
v -0.003 6.845 0.021
v -0.538 6.593 -0.227
v -1.378 6.418 -1.254
v -0.601 6.418 -1.890
v 0.239 6.593 -0.862
v -0.693 6.593 -0.100
v -1.533 6.418 -1.128
v -0.756 6.418 -1.763
v 0.084 6.593 -0.736
v -0.149 6.268 -0.490
v -0.989 6.093 -1.518
v -1.145 6.743 -1.500
v -0.305 6.918 -0.473
v -0.604 6.482 0.345
v 0.015 6.517 -0.754
v 0.839 6.517 -0.289
v 0.220 6.482 0.809
v -0.778 6.482 0.247
v -0.159 6.517 -0.852
v 0.665 6.517 -0.388
v 0.046 6.482 0.711
v -0.209 6.176 0.557
v 0.410 6.211 -0.541
v 0.270 6.823 -0.600
v -0.349 6.788 0.498
v -0.039 6.602 -0.618
v 0.587 6.399 -1.670
v 1.387 6.399 -1.194
v 0.761 6.602 -0.142
v -0.211 6.602 -0.720
v 0.416 6.399 -1.772
v 1.215 6.399 -1.296
v 0.589 6.602 -0.244
v 0.258 6.296 -0.382
v 0.884 6.093 -1.434
v 0.919 6.705 -1.532
v 0.293 6.908 -0.480
v 0.291 6.556 -1.106
v 0.861 6.267 -2.071
v 1.608 6.267 -1.630
v 1.038 6.556 -0.665
v 0.119 6.556 -1.208
v 0.688 6.267 -2.173
v 1.435 6.267 -1.731
v 0.866 6.556 -0.767
v 0.564 6.276 -0.862
v 1.133 5.988 -1.827
v 1.163 6.546 -1.976
v 0.593 6.835 -1.011
v 0.434 6.549 -0.453
v 1.631 6.481 -0.708
v 1.823 6.481 0.191
v 0.626 6.549 0.446
v 0.393 6.549 -0.648
v 1.589 6.481 -0.904
v 1.781 6.481 -0.005
v 0.584 6.549 0.250
v 0.508 6.252 -0.026
v 1.705 6.184 -0.282
v 1.707 6.779 -0.432
v 0.510 6.846 -0.176
v 0.879 6.660 -0.546
v 2.161 6.310 -0.944
v 2.469 6.310 0.051
v 1.186 6.660 0.448
v 0.820 6.660 -0.738
v 2.102 6.310 -1.135
v 2.410 6.310 -0.140
v 1.127 6.660 0.257
v 0.901 6.331 -0.184
v 2.184 5.981 -0.581
v 2.388 6.639 -0.503
v 1.105 6.989 -0.106
v -0.138 6.383 -0.796
v 0.797 6.616 0.180
v 0.054 6.616 0.892
v -0.881 6.383 -0.085
v 0.007 6.383 -0.935
v 0.942 6.616 0.042
v 0.199 6.616 0.753
v -0.736 6.383 -0.223
v -0.413 6.046 -0.452
v 0.522 6.279 0.525
v 0.474 6.954 0.409
v -0.461 6.720 -0.567
v 0.995 6.721 0.458
v 1.756 6.391 1.425
v 1.005 6.391 2.015
v 0.245 6.721 1.049
v 1.152 6.721 0.335
v 1.913 6.391 1.301
v 1.162 6.391 1.891
v 0.402 6.721 0.925
v 0.691 6.419 0.594
v 1.451 6.088 1.560
v 1.467 6.694 1.756
v 0.706 7.024 0.789
v 0.469 6.526 -0.079
v 0.054 6.476 1.219
v -0.919 6.476 0.907
v -0.504 6.526 -0.390
v 0.660 6.526 -0.018
v 0.245 6.476 1.280
v -0.729 6.476 0.968
v -0.314 6.526 -0.329
v 0.071 6.185 -0.219
v -0.344 6.136 1.078
v -0.330 6.817 1.109
v 0.085 6.866 -0.189
v 0.309 6.566 0.440
v -0.137 6.400 1.657
v -1.057 6.400 1.319
v -0.610 6.566 0.103
v 0.497 6.566 0.509
v 0.051 6.400 1.726
v -0.869 6.400 1.388
v -0.423 6.566 0.172
v 0.003 6.246 0.284
v -0.444 6.080 1.501
v -0.562 6.721 1.544
v -0.116 6.887 0.328
v 0.085 6.530 0.960
v -0.344 6.311 2.040
v -1.168 6.311 1.712
v -0.739 6.530 0.633
v 0.271 6.530 1.034
v -0.158 6.311 2.114
v -0.982 6.311 1.786
v -0.553 6.530 0.707
v -0.160 6.245 0.805
v -0.589 6.027 1.885
v -0.737 6.596 1.941
v -0.308 6.814 0.862
v -0.284 7.123 0.165
v -0.602 7.115 -1.162
v 0.393 7.115 -1.401
v 0.711 7.123 -0.074
v -0.478 7.123 0.211
v -0.796 7.115 -1.115
v 0.199 7.115 -1.354
v 0.517 7.123 -0.027
v 0.041 6.791 0.089
v -0.277 6.782 -1.238
v -0.127 7.447 -1.278
v 0.192 7.455 0.049
v -0.533 7.157 -1.094
v -0.657 6.915 -2.284
v 0.254 6.915 -2.379
v 0.378 7.157 -1.189
v -0.732 7.157 -1.073
v -0.856 6.915 -2.264
v 0.055 6.915 -2.359
v 0.179 7.157 -1.168
v -0.239 6.865 -1.065
v -0.363 6.623 -2.256
v -0.239 7.206 -2.387
v -0.115 7.449 -1.197
v 0.217 7.160 -0.554
v 1.203 6.990 -1.224
v 1.710 6.990 -0.477
v 0.724 7.160 0.193
v 0.105 7.160 -0.720
v 1.090 6.990 -1.390
v 1.598 6.990 -0.643
v 0.612 7.160 0.027
v 0.393 6.863 -0.220
v 1.379 6.693 -0.890
v 1.422 7.287 -0.977
v 0.436 7.458 -0.307
v 0.603 7.122 -0.832
v 1.624 6.881 -1.565
v 2.185 6.881 -0.785
v 1.163 7.122 -0.051
v 0.486 7.122 -0.994
v 1.508 6.881 -1.728
v 2.068 6.881 -0.947
v 1.046 7.122 -0.214
v 0.744 6.813 -0.532
v 1.766 6.571 -1.266
v 1.926 7.191 -1.247
v 0.904 7.432 -0.513
v 0.603 7.122 -0.831
v 1.624 6.881 -1.564
v 2.184 6.881 -0.785
v 1.163 7.122 -0.052
v 0.487 7.122 -0.994
v 1.508 6.881 -1.727
v 2.067 6.881 -0.947
v 1.047 7.122 -0.214
v 0.751 6.811 -0.524
v 1.771 6.570 -1.257
v 1.920 7.192 -1.255
v 0.899 7.433 -0.522
v 0.123 7.065 -0.316
v 1.115 7.078 0.260
v 0.683 7.078 1.004
v -0.309 7.065 0.428
v 0.223 7.065 -0.489
v 1.215 7.078 0.087
v 0.783 7.078 0.831
v -0.208 7.065 0.255
v -0.053 6.780 -0.006
v 0.939 6.793 0.569
v 0.959 7.364 0.521
v -0.033 7.351 -0.054
v 1.012 7.104 0.171
v 1.979 6.887 0.746
v 1.540 6.887 1.485
v 0.572 7.104 0.910
v 1.114 7.104 -0.001
v 2.081 6.887 0.574
v 1.642 6.887 1.313
v 0.675 7.104 0.738
v 0.796 6.823 0.428
v 1.763 6.606 1.003
v 1.858 7.168 1.056
v 0.891 7.385 0.481
v 0.352 7.090 -0.304
v 0.740 7.042 0.877
v -0.146 7.042 1.168
v -0.535 7.090 -0.012
v 0.542 7.090 -0.367
v 0.930 7.042 0.814
v 0.044 7.042 1.106
v -0.345 7.090 -0.075
v 0.026 6.780 -0.209
v 0.414 6.733 0.972
v 0.369 7.352 1.011
v -0.019 7.400 -0.170
v 0.645 7.119 0.525
v 1.076 6.906 1.746
v 0.148 6.906 2.074
v -0.284 7.119 0.853
v 0.833 7.119 0.458
v 1.265 6.906 1.679
v 0.336 6.906 2.007
v -0.095 7.119 0.786
v 0.203 6.801 0.625
v 0.634 6.587 1.846
v 0.778 7.224 1.907
v 0.346 7.438 0.686
v 0.714 6.992 -0.243
v -0.100 7.090 0.666
v -0.783 7.090 0.053
v 0.031 6.992 -0.855
v 0.863 6.992 -0.109
v 0.049 7.090 0.799
v -0.634 7.090 0.187
v 0.180 6.992 -0.721
v 0.436 6.687 -0.458
v -0.377 6.786 0.450
v -0.356 7.395 0.403
v 0.457 7.297 -0.506
v 0.540 7.100 0.114
v -0.456 7.055 1.105
v -1.200 7.055 0.358
v -0.204 7.100 -0.634
v 0.681 7.100 0.255
v -0.315 7.055 1.247
v -1.059 7.055 0.500
v -0.063 7.100 -0.492
v 0.211 6.753 -0.233
v -0.785 6.707 0.759
v -0.730 7.402 0.846
v 0.266 7.448 -0.145
v 0.435 7.098 0.128
v -0.441 7.057 1.001
v -1.096 7.057 0.343
v -0.219 7.098 -0.529
v 0.576 7.098 0.270
v -0.300 7.057 1.143
v -0.955 7.057 0.485
v -0.078 7.098 -0.387
v 0.180 6.789 -0.143
v -0.697 6.748 0.730
v -0.699 7.366 0.756
v 0.177 7.407 -0.116
v 0.058 7.103 0.437
v -0.734 7.023 1.270
v -1.361 7.023 0.674
v -0.568 7.103 -0.159
v 0.203 7.103 0.575
v -0.589 7.023 1.408
v -1.216 7.023 0.812
v -0.423 7.103 -0.021
v -0.124 6.822 0.236
v -0.917 6.742 1.070
v -1.033 7.303 1.013
v -0.241 7.384 0.179
v -0.110 7.187 0.774
v -1.075 6.876 1.726
v -1.808 6.876 0.984
v -0.843 7.187 0.032
v 0.030 7.187 0.917
v -0.935 6.876 1.869
v -1.667 6.876 1.126
v -0.702 7.187 0.174
v -0.386 6.851 0.385
v -1.351 6.541 1.337
v -1.391 7.211 1.515
v -0.426 7.522 0.564
v 0.338 7.001 0.661
v -0.707 7.081 -0.093
v -0.141 7.081 -0.878
v 0.904 7.001 -0.124
v 0.220 7.001 0.823
v -0.824 7.081 0.069
v -0.258 7.081 -0.716
v 0.787 7.001 0.038
v 0.578 6.684 0.295
v -0.467 6.763 -0.459
v -0.498 7.398 -0.350
v 0.547 7.319 0.404
v 0.325 7.004 0.620
v -0.665 7.079 -0.094
v -0.128 7.079 -0.838
v 0.862 7.004 -0.124
v 0.208 7.004 0.783
v -0.782 7.079 0.068
v -0.245 7.079 -0.676
v 0.745 7.004 0.039
v 0.501 6.700 0.344
v -0.489 6.775 -0.371
v -0.422 7.382 -0.400
v 0.569 7.307 0.315
v -0.106 7.070 0.337
v -1.186 7.083 -0.414
v -0.623 7.083 -1.223
v 0.456 7.070 -0.473
v -0.221 7.070 0.501
v -1.300 7.083 -0.249
v -0.738 7.083 -1.059
v 0.342 7.070 -0.309
v 0.151 6.747 -0.039
v -0.929 6.760 -0.790
v -0.995 7.405 -0.683
v 0.085 7.392 0.067
v 0.515 7.538 0.423
v -0.615 7.562 0.177
v -0.431 7.562 -0.671
v 0.700 7.538 -0.425
v 0.472 7.538 0.618
v -0.658 7.562 0.372
v -0.473 7.562 -0.476
v 0.657 7.538 -0.230
v 0.577 7.249 0.109
v -0.553 7.273 -0.138
v -0.535 7.851 -0.162
v 0.595 7.827 0.085
v -0.469 7.637 0.282
v -1.738 7.458 -0.040
v -1.494 7.458 -1.001
v -0.225 7.637 -0.678
v -0.518 7.637 0.476
v -1.787 7.458 0.154
v -1.543 7.458 -0.807
v -0.274 7.637 -0.484
v -0.315 7.314 -0.142
v -1.584 7.135 -0.465
v -1.696 7.781 -0.382
v -0.427 7.960 -0.060
v -0.485 7.634 0.261
v -1.713 7.461 -0.050
v -1.477 7.461 -0.980
v -0.249 7.634 -0.668
v -0.535 7.634 0.455
v -1.762 7.461 0.143
v -1.526 7.461 -0.786
v -0.299 7.634 -0.474
v -0.333 7.326 -0.169
v -1.561 7.153 -0.481
v -1.679 7.769 -0.356
v -0.451 7.942 -0.044
v -0.027 7.579 0.615
v -0.507 7.521 -0.393
v 0.250 7.521 -0.753
v 0.730 7.579 0.254
v -0.208 7.579 0.701
v -0.688 7.521 -0.307
v 0.069 7.521 -0.667
v 0.549 7.579 0.340
v 0.281 7.300 0.484
v -0.199 7.242 -0.524
v -0.239 7.800 -0.537
v 0.241 7.857 0.471
v -0.274 7.520 0.289
v -0.803 7.530 -0.895
v 0.085 7.530 -1.292
v 0.614 7.520 -0.108
v -0.457 7.520 0.370
v -0.986 7.530 -0.813
v -0.098 7.530 -1.210
v 0.431 7.520 -0.026
v 0.100 7.197 0.119
v -0.429 7.207 -1.065
v -0.472 7.853 -1.040
v 0.057 7.843 0.144
v -0.620 7.598 -0.657
v -1.182 7.398 -1.668
v -0.412 7.398 -2.095
v 0.149 7.598 -1.084
v -0.795 7.598 -0.559
v -1.357 7.398 -1.571
v -0.587 7.398 -1.998
v -0.026 7.598 -0.987
v -0.249 7.314 -0.807
v -0.811 7.115 -1.818
v -0.958 7.682 -1.848
v -0.397 7.881 -0.837
v -0.630 7.608 -0.586
v -1.247 7.388 -1.696
v -0.402 7.388 -2.166
v 0.215 7.608 -1.055
v -0.805 7.608 -0.489
v -1.422 7.388 -1.599
v -0.577 7.388 -2.069
v 0.040 7.608 -0.958
v -0.208 7.298 -0.759
v -0.825 7.078 -1.870
v -0.999 7.698 -1.895
v -0.382 7.918 -0.785
v -0.551 7.527 0.417
v -0.091 7.572 -0.742
v 0.779 7.572 -0.396
v 0.319 7.527 0.763
v -0.737 7.527 0.344
v -0.277 7.572 -0.815
v 0.593 7.572 -0.470
v 0.133 7.527 0.689
v -0.253 7.220 0.524
v 0.207 7.265 -0.635
v 0.295 7.880 -0.576
v -0.165 7.835 0.583
v -0.068 7.575 -0.562
v 0.260 7.461 -1.636
v 1.069 7.461 -1.388
v 0.741 7.575 -0.315
v -0.259 7.575 -0.621
v 0.069 7.461 -1.694
v 0.878 7.461 -1.447
v 0.550 7.575 -0.373
v 0.184 7.299 -0.456
v 0.513 7.185 -1.529
v 0.626 7.737 -1.553
v 0.298 7.851 -0.480
v 0.011 7.632 -1.134
v 0.483 7.298 -2.163
v 1.288 7.298 -1.794
v 0.816 7.632 -0.765
v -0.171 7.632 -1.217
v 0.301 7.298 -2.246
v 1.106 7.298 -1.877
v 0.634 7.632 -0.848
v 0.235 7.355 -0.941
v 0.706 7.020 -1.970
v 0.882 7.575 -2.070
v 0.410 7.910 -1.041
v 0.037 7.625 -1.148
v 0.490 7.305 -2.134
v 1.261 7.305 -1.780
v 0.809 7.625 -0.794
v -0.144 7.625 -1.231
v 0.308 7.305 -2.217
v 1.079 7.305 -1.864
v 0.627 7.625 -0.877
v 0.279 7.355 -0.949
v 0.731 7.034 -1.935
v 0.838 7.575 -2.062
v 0.386 7.896 -1.076
v -0.622 7.497 -0.498
v 0.737 7.603 -0.378
v 0.646 7.603 0.645
v -0.713 7.497 0.524
v -0.604 7.497 -0.698
v 0.755 7.603 -0.577
v 0.664 7.603 0.446
v -0.695 7.497 0.325
v -0.633 7.156 -0.073
v 0.726 7.262 0.048
v 0.675 7.944 0.020
v -0.684 7.838 -0.101
v 0.419 7.694 -0.306
v 1.719 7.469 -0.340
v 1.745 7.469 0.649
v 0.445 7.694 0.684
v 0.413 7.694 -0.506
v 1.714 7.469 -0.540
v 1.740 7.469 0.450
v 0.440 7.694 0.484
v 0.374 7.370 0.119
v 1.674 7.145 0.084
v 1.785 7.793 0.025
v 0.484 8.018 0.059
v 1.020 7.584 -0.227
v 2.140 7.398 -0.309
v 2.202 7.398 0.542
v 1.082 7.584 0.625
v 1.005 7.584 -0.426
v 2.125 7.398 -0.509
v 2.188 7.398 0.343
v 1.067 7.584 0.425
v 1.002 7.308 0.155
v 2.122 7.122 0.072
v 2.205 7.674 -0.039
v 1.085 7.860 0.043
v -0.018 7.500 -0.727
v 0.652 7.600 0.281
v -0.107 7.600 0.785
v -0.777 7.500 -0.223
v 0.148 7.500 -0.838
v 0.819 7.600 0.170
v 0.060 7.600 0.675
v -0.610 7.500 -0.334
v -0.295 7.197 -0.513
v 0.375 7.298 0.495
v 0.337 7.903 0.460
v -0.333 7.802 -0.548
v 0.682 7.644 0.265
v 1.359 7.407 1.323
v 0.552 7.407 1.840
v -0.125 7.644 0.782
v 0.851 7.644 0.158
v 1.528 7.407 1.216
v 0.720 7.407 1.732
v 0.043 7.644 0.674
v 0.296 7.333 0.443
v 0.973 7.096 1.501
v 1.106 7.718 1.555
v 0.429 7.955 0.497
v 0.616 7.552 -0.265
v -0.077 7.548 0.607
v -0.731 7.548 0.088
v -0.038 7.552 -0.785
v 0.773 7.552 -0.140
v 0.080 7.548 0.732
v -0.574 7.548 0.212
v 0.119 7.552 -0.660
v 0.328 7.278 -0.495
v -0.365 7.274 0.377
v -0.286 7.822 0.442
v 0.407 7.826 -0.430
v 0.003 7.593 0.613
v -0.805 7.494 1.520
v -1.488 7.494 0.912
v -0.679 7.593 0.005
v 0.153 7.593 0.746
v -0.656 7.494 1.653
v -1.339 7.494 1.045
v -0.530 7.593 0.138
v -0.294 7.296 0.316
v -1.103 7.197 1.223
v -1.041 7.791 1.342
v -0.233 7.890 0.435
v 0.421 8.193 0.664
v 0.385 7.961 1.910
v -0.566 7.961 1.882
v -0.529 8.193 0.636
v 0.621 8.193 0.670
v 0.585 7.961 1.916
v -0.366 7.961 1.888
v -0.329 8.193 0.642
v 0.099 7.886 0.597
v 0.063 7.653 1.843
v -0.044 8.268 1.955
v -0.008 8.500 0.709
v 0.717 8.104 0.126
v -0.469 8.115 0.512
v -0.758 8.115 -0.377
v 0.428 8.104 -0.764
v 0.779 8.104 0.316
v -0.407 8.115 0.702
v -0.696 8.115 -0.187
v 0.490 8.104 -0.573
v 0.590 7.794 -0.255
v -0.595 7.805 0.131
v -0.569 8.425 0.194
v 0.616 8.414 -0.192
v 0.390 8.150 0.270
v -0.901 8.076 0.709
v -1.231 8.076 -0.261
v 0.060 8.150 -0.700
v 0.454 8.150 0.459
v -0.837 8.076 0.898
v -1.167 8.076 -0.071
v 0.124 8.150 -0.511
v 0.248 7.819 -0.203
v -1.043 7.745 0.236
v -1.025 8.407 0.401
v 0.266 8.481 -0.038
v 0.203 8.072 0.582
v -0.615 8.147 -0.175
v -0.047 8.147 -0.790
v 0.772 8.072 -0.034
v 0.068 8.072 0.729
v -0.751 8.147 -0.028
v -0.182 8.147 -0.643
v 0.636 8.072 0.113
v 0.445 7.799 0.293
v -0.373 7.874 -0.464
v -0.424 8.420 -0.354
v 0.394 8.345 0.402
v -0.434 8.184 0.161
v -1.377 8.045 -0.824
v -0.635 8.045 -1.535
v 0.309 8.184 -0.551
v -0.578 8.184 0.299
v -1.522 8.045 -0.685
v -0.779 8.045 -1.397
v 0.164 8.184 -0.412
v -0.094 7.844 -0.116
v -1.038 7.705 -1.101
v -1.119 8.385 -1.120
v -0.175 8.525 -0.135
v -0.697 8.182 -0.236
v -1.604 7.960 -1.070
v -0.968 7.960 -1.760
v -0.062 8.182 -0.926
v -0.832 8.182 -0.088
v -1.739 7.960 -0.922
v -1.103 7.960 -1.613
v -0.197 8.182 -0.779
v -0.428 7.876 -0.447
v -1.334 7.654 -1.281
v -1.373 8.267 -1.402
v -0.466 8.488 -0.568
v -0.689 8.189 -0.190
v -1.650 7.954 -1.074
v -0.976 7.954 -1.806
v -0.015 8.189 -0.922
v -0.824 8.189 -0.042
v -1.785 7.954 -0.927
v -1.112 7.954 -1.659
v -0.150 8.189 -0.775
v -0.407 7.865 -0.410
v -1.368 7.630 -1.295
v -1.394 8.277 -1.439
v -0.433 8.512 -0.554
v -0.410 8.068 0.453
v -0.193 8.151 -0.638
v 0.627 8.151 -0.475
v 0.411 8.068 0.616
v -0.606 8.068 0.414
v -0.390 8.151 -0.677
v 0.431 8.151 -0.514
v 0.214 8.068 0.577
v -0.060 7.792 0.501
v 0.156 7.875 -0.590
v 0.081 8.427 -0.563
v -0.135 8.344 0.529
v -0.380 8.198 -0.180
v -0.208 8.015 -1.537
v 0.819 8.015 -1.407
v 0.647 8.198 -0.050
v -0.578 8.198 -0.205
v -0.407 8.015 -1.562
v 0.620 8.015 -1.432
v 0.449 8.198 -0.075
v -0.010 7.859 -0.087
v 0.161 7.676 -1.444
v 0.250 8.355 -1.525
v 0.079 8.538 -0.167
v -0.297 8.186 -0.264
v -0.150 8.028 -1.434
v 0.736 8.028 -1.323
v 0.589 8.186 -0.152
v -0.496 8.186 -0.289
v -0.348 8.028 -1.460
v 0.538 8.028 -1.348
v 0.390 8.186 -0.177
v 0.039 7.891 -0.182
v 0.187 7.733 -1.352
v 0.201 8.323 -1.430
v 0.054 8.481 -0.259
v -0.251 8.218 -0.358
v 0.897 8.096 -0.754
v 1.196 8.096 0.111
v 0.048 8.218 0.507
v -0.316 8.218 -0.547
v 0.832 8.096 -0.944
v 1.130 8.096 -0.078
v -0.017 8.218 0.318
v -0.171 7.916 -0.035
v 0.977 7.793 -0.431
v 1.051 8.398 -0.402
v -0.097 8.521 -0.006
v 0.582 8.170 -0.647
v 1.711 7.899 -1.170
v 2.113 7.899 -0.303
v 0.983 8.170 0.220
v 0.497 8.170 -0.828
v 1.627 7.899 -1.352
v 2.029 7.899 -0.485
v 0.899 8.170 0.039
v 0.703 7.864 -0.226
v 1.832 7.592 -0.749
v 1.907 8.205 -0.905
v 0.778 8.477 -0.382
v -0.353 8.093 -0.702
v 0.774 8.126 -0.033
v 0.272 8.126 0.812
v -0.855 8.093 0.143
v -0.251 8.093 -0.874
v 0.876 8.126 -0.205
v 0.374 8.126 0.640
v -0.752 8.093 -0.029
v -0.563 7.767 -0.332
v 0.563 7.800 0.337
v 0.584 8.451 0.270
v -0.542 8.419 -0.399
v 0.990 8.158 0.085
v 2.033 7.895 0.756
v 1.518 7.895 1.556
v 0.476 8.158 0.884
v 1.098 8.158 -0.083
v 2.141 7.895 0.588
v 1.626 7.895 1.387
v 0.584 8.158 0.716
v 0.729 7.848 0.370
v 1.771 7.586 1.041
v 1.888 8.205 1.103
v 0.845 8.468 0.432
v 0.066 8.722 0.414
v -0.725 8.550 1.232
v -1.345 8.550 0.631
v -0.554 8.722 -0.186
v 0.210 8.722 0.553
v -0.582 8.550 1.371
v -1.202 8.550 0.770
v -0.410 8.722 -0.047
v -0.191 8.446 0.107
v -0.982 8.273 0.924
v -0.945 8.827 1.078
v -0.153 8.999 0.260
v -0.146 8.694 0.740
v -1.057 8.450 1.608
v -1.720 8.450 0.911
v -0.808 8.694 0.044
v -0.008 8.694 0.885
v -0.920 8.450 1.753
v -1.582 8.450 1.056
v -0.671 8.694 0.189
v -0.361 8.379 0.425
v -1.273 8.135 1.293
v -1.367 8.764 1.371
v -0.455 9.008 0.504
v 0.601 8.621 0.432
v -0.671 8.678 0.251
v -0.536 8.678 -0.704
v 0.737 8.621 -0.523
v 0.573 8.621 0.630
v -0.700 8.678 0.449
v -0.564 8.678 -0.506
v 0.709 8.621 -0.325
v 0.636 8.301 0.084
v -0.636 8.358 -0.097
v -0.599 8.997 -0.158
v 0.674 8.941 0.023
v 0.073 8.708 0.343
v -1.108 8.633 0.138
v -0.954 8.633 -0.749
v 0.227 8.708 -0.544
v 0.039 8.708 0.540
v -1.142 8.633 0.335
v -0.988 8.633 -0.552
v 0.192 8.708 -0.347
v 0.141 8.414 0.056
v -1.040 8.339 -0.148
v -1.057 8.927 -0.266
v 0.124 9.002 -0.061
v 0.084 8.709 0.355
v -1.123 8.632 0.146
v -0.966 8.632 -0.761
v 0.242 8.709 -0.552
v 0.050 8.709 0.552
v -1.157 8.632 0.343
v -1.000 8.632 -0.564
v 0.207 8.709 -0.355
v 0.156 8.406 0.050
v -1.051 8.330 -0.160
v -1.072 8.935 -0.259
v 0.135 9.012 -0.050
v -0.409 8.707 0.240
v -1.560 8.574 0.058
v -1.423 8.574 -0.811
v -0.272 8.707 -0.629
v -0.440 8.707 0.438
v -1.592 8.574 0.256
v -1.454 8.574 -0.614
v -0.303 8.707 -0.432
v -0.333 8.421 -0.032
v -1.485 8.289 -0.214
v -1.530 8.860 -0.342
v -0.378 8.992 -0.160
v -0.101 8.566 0.610
v -0.484 8.732 -0.460
v 0.327 8.732 -0.751
v 0.710 8.566 0.319
v -0.289 8.566 0.677
v -0.672 8.732 -0.393
v 0.138 8.732 -0.683
v 0.522 8.566 0.386
v 0.197 8.282 0.459
v -0.186 8.448 -0.611
v -0.160 9.017 -0.532
v 0.224 8.850 0.537
v -0.326 8.716 0.274
v -0.667 8.710 -0.966
v 0.263 8.710 -1.221
v 0.603 8.716 0.019
v -0.519 8.716 0.327
v -0.860 8.710 -0.912
v 0.070 8.710 -1.168
v 0.411 8.716 0.072
v 0.113 8.403 0.155
v -0.228 8.397 -1.085
v -0.370 9.023 -1.049
v -0.029 9.029 0.191
v -0.586 8.778 -0.563
v -0.914 8.466 -1.805
v 0.044 8.466 -2.058
v 0.373 8.778 -0.816
v -0.779 8.778 -0.512
v -1.108 8.466 -1.753
v -0.149 8.466 -2.007
v 0.179 8.778 -0.765
v -0.120 8.464 -0.607
v -0.448 8.151 -1.849
v -0.615 8.780 -1.963
v -0.287 9.093 -0.721
v -0.659 8.607 0.084
v 0.247 8.692 -0.687
v 0.826 8.692 -0.005
v -0.080 8.607 0.765
v -0.789 8.607 -0.068
v 0.117 8.692 -0.839
v 0.697 8.692 -0.158
v -0.209 8.607 0.613
v -0.385 8.314 0.375
v 0.521 8.399 -0.396
v 0.422 8.984 -0.448
v -0.484 8.900 0.322
v 0.370 8.815 -0.833
v 1.216 8.515 -1.680
v 1.871 8.515 -1.026
v 1.025 8.815 -0.179
v 0.229 8.815 -0.975
v 1.075 8.515 -1.821
v 1.730 8.515 -1.167
v 0.884 8.815 -0.320
v 0.528 8.522 -0.572
v 1.374 8.223 -1.418
v 1.571 8.807 -1.429
v 0.725 9.107 -0.582
v 0.016 8.752 -0.437
v 1.184 8.700 0.063
v 0.809 8.700 0.940
v -0.360 8.752 0.440
v 0.095 8.752 -0.621
v 1.263 8.700 -0.121
v 0.887 8.700 0.756
v -0.281 8.752 0.256
v -0.156 8.436 -0.069
v 1.013 8.383 0.431
v 1.059 9.016 0.389
v -0.109 9.069 -0.112
v 0.948 8.780 0.069
v 1.933 8.534 0.445
v 1.644 8.534 1.203
v 0.659 8.780 0.828
v 1.020 8.780 -0.118
v 2.005 8.534 0.258
v 1.716 8.534 1.016
v 0.731 8.780 0.641
v 0.765 8.521 0.380
v 1.750 8.274 0.755
v 1.899 8.793 0.706
v 0.914 9.039 0.331
v 0.077 8.660 -0.795
v 0.659 8.638 0.374
v -0.219 8.638 0.811
v -0.800 8.660 -0.359
v 0.256 8.660 -0.884
v 0.838 8.638 0.285
v -0.040 8.638 0.722
v -0.621 8.660 -0.448
v -0.303 8.335 -0.612
v 0.278 8.314 0.558
v 0.341 8.963 0.538
v -0.241 8.985 -0.631
v 0.281 8.673 -0.406
v 0.864 8.611 0.780
v -0.027 8.611 1.218
v -0.610 8.673 0.031
v 0.461 8.673 -0.495
v 1.044 8.611 0.692
v 0.153 8.611 1.130
v -0.430 8.673 -0.057
v -0.135 8.348 -0.219
v 0.448 8.286 0.968
v 0.569 8.936 0.942
v -0.014 8.998 -0.244
v 0.435 8.689 0.143
v 0.933 8.553 1.095
v 0.214 8.553 1.471
v -0.284 8.689 0.520
v 0.612 8.689 0.050
v 1.110 8.553 1.002
v 0.391 8.553 1.379
v -0.107 8.689 0.427
v 0.125 8.422 0.267
v 0.623 8.286 1.219
v 0.701 8.820 1.255
v 0.203 8.956 0.303
v 0.621 8.664 0.392
v 1.289 8.466 1.508
v 0.442 8.466 2.015
v -0.225 8.664 0.899
v 0.793 8.664 0.290
v 1.461 8.466 1.406
v 0.614 8.466 1.912
v -0.054 8.664 0.796
v 0.231 8.341 0.568
v 0.899 8.142 1.684
v 1.004 8.790 1.737
v 0.336 8.988 0.620
v -0.578 9.183 0.248
v 0.072 9.236 -0.696
v 0.780 9.236 -0.208
v 0.131 9.183 0.736
v -0.743 9.183 0.135
v -0.093 9.236 -0.809
v 0.616 9.236 -0.322
v -0.034 9.183 0.622
v -0.269 8.898 0.445
v 0.381 8.951 -0.499
v 0.306 9.520 -0.518
v -0.343 9.467 0.425
v -0.392 9.222 -0.082
v 0.313 9.230 -0.997
v 1.000 9.230 -0.468
v 0.294 9.222 0.448
v -0.551 9.222 -0.204
v 0.155 9.230 -1.119
v 0.841 9.230 -0.590
v 0.136 9.222 0.326
v -0.073 8.941 0.162
v 0.632 8.949 -0.753
v 0.522 9.510 -0.833
v -0.183 9.503 0.082
v -0.146 9.297 -0.349
v 0.504 9.160 -1.273
v 1.202 9.160 -0.782
v 0.552 9.297 0.142
v -0.310 9.297 -0.464
v 0.340 9.160 -1.388
v 1.038 9.160 -0.897
v 0.388 9.297 0.027
v 0.151 9.021 -0.099
v 0.801 8.884 -1.023
v 0.741 9.436 -1.147
v 0.091 9.573 -0.223
v -0.140 9.296 -0.351
v 0.504 9.160 -1.267
v 1.196 9.160 -0.780
v 0.552 9.296 0.136
v -0.304 9.296 -0.466
v 0.340 9.160 -1.382
v 1.033 9.160 -0.895
v 0.388 9.296 0.021
v 0.074 9.018 -0.159
v 0.718 8.883 -1.076
v 0.819 9.438 -1.087
v 0.174 9.573 -0.171
v -0.509 9.136 -0.322
v 0.535 9.282 -0.342
v 0.550 9.282 0.449
v -0.494 9.136 0.468
v -0.512 9.136 -0.522
v 0.531 9.282 -0.542
v 0.546 9.282 0.249
v -0.498 9.136 0.268
v -0.467 8.875 -0.034
v 0.577 9.021 -0.054
v 0.504 9.543 -0.039
v -0.540 9.397 -0.020
v 0.317 9.327 -0.433
v 1.447 9.169 -0.357
v 1.390 9.169 0.499
v 0.260 9.327 0.423
v 0.331 9.327 -0.632
v 1.461 9.169 -0.557
v 1.404 9.169 0.299
v 0.274 9.327 0.223
v 0.258 9.046 -0.141
v 1.389 8.888 -0.066
v 1.463 9.450 0.007
v 0.333 9.608 -0.068
v 0.632 9.250 -0.405
v 1.909 9.128 -0.435
v 1.931 9.128 0.527
v 0.654 9.250 0.557
v 0.627 9.250 -0.605
v 1.904 9.128 -0.634
v 1.926 9.128 0.327
v 0.649 9.250 0.357
v 0.609 8.938 -0.089
v 1.886 8.816 -0.118
v 1.949 9.441 0.011
v 0.672 9.563 0.041
v 0.678 9.246 -0.372
v 1.864 9.133 -0.400
v 1.885 9.133 0.494
v 0.698 9.246 0.522
v 0.673 9.246 -0.572
v 1.860 9.133 -0.599
v 1.880 9.133 0.295
v 0.694 9.246 0.322
v 0.657 8.949 -0.025
v 1.844 8.836 -0.052
v 1.901 9.429 -0.053
v 0.714 9.543 -0.025
v 0.063 9.146 -0.704
v 0.577 9.272 0.331
v -0.204 9.272 0.719
v -0.718 9.146 -0.316
v 0.242 9.146 -0.793
v 0.756 9.272 0.242
v -0.025 9.272 0.630
v -0.539 9.146 -0.405
v -0.271 8.862 -0.504
v 0.243 8.988 0.531
v 0.309 9.556 0.430
v -0.206 9.430 -0.605
v 0.466 9.304 0.157
v 0.946 9.125 1.177
v 0.171 9.125 1.541
v -0.309 9.304 0.520
v 0.647 9.304 0.072
v 1.127 9.125 1.092
v 0.352 9.125 1.456
v -0.127 9.304 0.435
v 0.093 9.029 0.284
v 0.572 8.850 1.304
v 0.725 9.399 1.329
v 0.246 9.579 0.308
v 0.717 9.255 0.526
v 1.167 9.027 1.652
v 0.308 9.027 1.996
v -0.143 9.255 0.869
v 0.903 9.255 0.452
v 1.353 9.027 1.578
v 0.493 9.027 1.922
v 0.043 9.255 0.795
v 0.390 8.954 0.595
v 0.841 8.725 1.722
v 0.820 9.328 1.852
v 0.370 9.557 0.726
v 0.714 9.253 0.537
v 1.158 9.029 1.647
v 0.311 9.029 1.985
v -0.133 9.253 0.875
v 0.900 9.253 0.462
v 1.343 9.029 1.572
v 0.496 9.029 1.911
v 0.053 9.253 0.801
v 0.420 8.961 0.595
v 0.863 8.736 1.705
v 0.791 9.321 1.853
v 0.347 9.546 0.743
v 0.369 9.292 -0.037
v -0.205 9.199 0.902
v -0.912 9.199 0.470
v -0.338 9.292 -0.469
v 0.539 9.292 0.068
v -0.035 9.199 1.006
v -0.741 9.199 0.574
v -0.167 9.292 -0.364
v 0.155 9.021 -0.194
v -0.419 8.929 0.744
v -0.528 9.470 0.731
v 0.046 9.562 -0.207
v 0.226 9.293 0.269
v -0.400 9.136 1.263
v -1.152 9.136 0.790
v -0.527 9.293 -0.204
v 0.395 9.293 0.376
v -0.230 9.136 1.370
v -0.983 9.136 0.897
v -0.357 9.293 -0.097
v 0.011 9.007 0.089
v -0.614 8.850 1.083
v -0.768 9.422 1.077
v -0.143 9.579 0.083
v 0.237 9.229 0.303
v -0.978 9.194 0.338
v -1.004 9.194 -0.574
v 0.211 9.229 -0.609
v 0.243 9.229 0.503
v -0.972 9.194 0.538
v -0.998 9.194 -0.374
v 0.217 9.229 -0.409
v 0.235 8.926 -0.074
v -0.980 8.891 -0.039
v -0.996 9.497 0.003
v 0.219 9.533 -0.032
v -0.178 9.305 0.325
v -1.374 9.094 0.338
v -1.383 9.094 -0.573
v -0.188 9.305 -0.586
v -0.176 9.305 0.525
v -1.372 9.094 0.538
v -1.381 9.094 -0.373
v -0.186 9.305 -0.386
v -0.129 9.010 0.014
v -1.325 8.799 0.027
v -1.430 9.390 -0.062
v -0.234 9.601 -0.075
v -0.156 9.309 0.342
v -1.395 9.091 0.354
v -1.405 9.091 -0.590
v -0.166 9.309 -0.602
v -0.154 9.309 0.542
v -1.393 9.091 0.554
v -1.403 9.091 -0.390
v -0.164 9.309 -0.402
v -0.106 9.008 0.044
v -1.346 8.790 0.057
v -1.453 9.391 -0.092
v -0.214 9.610 -0.105
v -0.587 9.231 0.274
v -1.716 9.030 0.347
v -1.772 9.030 -0.513
v -0.643 9.231 -0.587
v -0.573 9.231 0.473
v -1.703 9.030 0.547
v -1.759 9.030 -0.313
v -0.630 9.231 -0.387
v -0.564 8.956 -0.128
v -1.694 8.755 -0.054
v -1.782 9.305 0.088
v -0.652 9.506 0.014
v 0.009 9.198 0.597
v -0.521 9.220 -0.369
v 0.204 9.220 -0.767
v 0.734 9.198 0.199
v -0.166 9.198 0.693
v -0.696 9.220 -0.273
v 0.028 9.220 -0.670
v 0.558 9.198 0.296
v 0.336 8.930 0.411
v -0.194 8.952 -0.555
v -0.299 9.489 -0.485
v 0.231 9.466 0.481
v -0.374 9.274 -0.110
v -0.914 9.122 -1.045
v -0.205 9.122 -1.454
v 0.335 9.274 -0.518
v -0.547 9.274 -0.010
v -1.087 9.122 -0.945
v -0.379 9.122 -1.354
v 0.161 9.274 -0.418
v -0.109 9.005 -0.219
v -0.648 8.853 -1.155
v -0.644 9.391 -1.245
v -0.104 9.543 -0.309
v -0.597 9.257 -0.480
v -1.077 9.027 -1.394
v -0.375 9.027 -1.763
v 0.106 9.257 -0.849
v -0.774 9.257 -0.387
v -1.254 9.027 -1.301
v -0.552 9.027 -1.670
v -0.072 9.257 -0.756
v -0.329 9.000 -0.556
v -0.809 8.770 -1.470
v -0.820 9.284 -1.594
v -0.340 9.514 -0.680
v -0.161 9.807 0.239
v -0.835 9.759 -0.553
v -0.240 9.759 -1.059
v 0.434 9.807 -0.267
v -0.313 9.807 0.368
v -0.987 9.759 -0.424
v -0.392 9.759 -0.930
v 0.281 9.807 -0.137
v 0.095 9.549 0.037
v -0.579 9.501 -0.755
v -0.648 10.016 -0.728
v 0.026 10.064 0.064
v -0.435 9.835 0.035
v -1.242 9.690 -0.909
v -0.530 9.690 -1.518
v 0.278 9.835 -0.575
v -0.587 9.835 0.165
v -1.394 9.690 -0.779
v -0.682 9.690 -1.388
v 0.126 9.835 -0.445
v -0.165 9.528 -0.149
v -0.972 9.383 -1.093
v -0.951 9.998 -1.204
v -0.144 10.142 -0.261
v -0.589 9.812 0.371
v -0.041 9.788 -0.726
v 0.782 9.788 -0.315
v 0.234 9.812 0.783
v -0.768 9.812 0.282
v -0.220 9.788 -0.815
v 0.603 9.788 -0.404
v 0.056 9.812 0.693
v -0.315 9.510 0.515
v 0.233 9.485 -0.582
v 0.330 10.090 -0.547
v -0.218 10.114 0.550
v -0.198 9.845 -0.231
v 0.150 9.732 -1.244
v 0.914 9.732 -0.981
v 0.565 9.845 0.032
v -0.388 9.845 -0.296
v -0.039 9.732 -1.309
v 0.725 9.732 -1.046
v 0.376 9.845 -0.033
v 0.107 9.578 -0.096
v 0.455 9.466 -1.109
v 0.420 9.999 -1.180
v 0.071 10.111 -0.168
v -0.286 9.736 -0.619
v 0.676 9.864 0.026
v 0.190 9.864 0.752
v -0.773 9.736 0.108
v -0.175 9.736 -0.785
v 0.788 9.864 -0.140
v 0.301 9.864 0.586
v -0.662 9.736 -0.058
v -0.472 9.450 -0.284
v 0.491 9.577 0.360
v 0.487 10.150 0.252
v -0.476 10.022 -0.393
v 0.550 9.848 -0.014
v 1.413 9.669 0.520
v 1.006 9.669 1.178
v 0.143 9.848 0.644
v 0.655 9.848 -0.184
v 1.518 9.669 0.350
v 1.112 9.669 1.008
v 0.248 9.848 0.474
v 0.369 9.595 0.192
v 1.233 9.415 0.726
v 1.292 9.922 0.802
v 0.428 10.101 0.267
v 0.309 9.852 -0.253
v 0.583 9.789 0.901
v -0.284 9.789 1.106
v -0.557 9.852 -0.047
v 0.504 9.852 -0.299
v 0.777 9.789 0.855
v -0.089 9.789 1.060
v -0.362 9.852 -0.094
v 0.022 9.561 -0.201
v 0.296 9.497 0.953
v 0.198 10.080 1.008
v -0.075 10.143 -0.146
v 0.418 9.823 0.199
v 0.646 9.772 1.319
v -0.195 9.772 1.490
v -0.423 9.823 0.370
v 0.614 9.823 0.159
v 0.842 9.772 1.279
v 0.001 9.772 1.450
v -0.227 9.823 0.330
v 0.054 9.540 0.260
v 0.282 9.489 1.380
v 0.366 10.055 1.389
v 0.137 10.106 0.269
v 0.475 9.904 0.695
v 0.684 9.652 1.681
v -0.078 9.652 1.843
v -0.288 9.904 0.856
v 0.671 9.904 0.653
v 0.880 9.652 1.640
v 0.117 9.652 1.801
v -0.092 9.904 0.815
v 0.213 9.654 0.687
v 0.422 9.403 1.673
v 0.379 9.902 1.809
v 0.170 10.153 0.823
v 0.614 9.808 0.007
v -0.328 9.792 0.489
v -0.690 9.792 -0.217
v 0.252 9.808 -0.700
v 0.705 9.808 0.185
v -0.237 9.792 0.667
v -0.599 9.792 -0.039
v 0.343 9.808 -0.522
v 0.482 9.543 -0.259
v -0.460 9.527 0.224
v -0.467 10.057 0.227
v 0.475 10.073 -0.256
v 0.300 9.861 0.128
v -0.590 9.729 0.645
v -0.981 9.729 -0.028
v -0.091 9.861 -0.545
v 0.401 9.861 0.301
v -0.490 9.729 0.818
v -0.881 9.729 0.145
v 0.009 9.861 -0.372
v 0.160 9.607 -0.177
v -0.730 9.476 0.340
v -0.741 9.983 0.450
v 0.149 10.114 -0.067
v -0.163 10.421 -0.372
v 0.832 10.315 -0.152
v 0.667 10.315 0.598
v -0.328 10.421 0.379
v -0.120 10.421 -0.567
v 0.875 10.315 -0.348
v 0.710 10.315 0.403
v -0.285 10.421 0.183
v -0.249 10.167 -0.107
v 0.747 10.060 0.113
v 0.796 10.569 0.138
v -0.200 10.676 -0.082
v 0.014 10.370 -0.339
v 1.196 10.304 -0.192
v 1.085 10.304 0.696
v -0.097 10.370 0.549
v 0.039 10.370 -0.538
v 1.221 10.304 -0.390
v 1.110 10.304 0.497
v -0.072 10.370 0.350
v -0.041 10.074 -0.027
v 1.141 10.008 0.120
v 1.165 10.601 0.185
v -0.016 10.666 0.038
v 0.225 10.348 -0.328
v 0.660 10.334 0.743
v -0.144 10.334 1.069
v -0.578 10.348 -0.002
v 0.411 10.348 -0.404
v 0.845 10.334 0.668
v 0.042 10.334 0.994
v -0.393 10.348 -0.078
v -0.059 10.060 -0.217
v 0.376 10.047 0.854
v 0.326 10.622 0.882
v -0.109 10.636 -0.189
v 0.658 10.297 -0.058
v -0.332 10.408 0.569
v -0.804 10.408 -0.177
v 0.186 10.297 -0.804
v 0.765 10.297 0.111
v -0.225 10.408 0.738
v -0.697 10.408 -0.008
v 0.293 10.297 -0.635
v 0.457 10.005 -0.325
v -0.533 10.115 0.302
v -0.495 10.701 0.259
v 0.495 10.590 -0.368
v 0.054 10.482 0.336
v -0.905 10.266 0.868
v -1.312 10.266 0.135
v -0.352 10.482 -0.397
v 0.151 10.482 0.511
v -0.808 10.266 1.043
v -1.215 10.266 0.310
v -0.255 10.482 -0.222
v -0.078 10.212 -0.011
v -1.037 9.996 0.521
v -1.083 10.536 0.657
v -0.123 10.752 0.125
v -0.290 10.452 0.454
v -1.128 10.168 0.996
v -1.551 10.168 0.342
v -0.712 10.452 -0.200
v -0.181 10.452 0.622
v -1.020 10.168 1.164
v -1.442 10.168 0.510
v -0.604 10.452 -0.032
v -0.355 10.210 0.225
v -1.194 9.925 0.767
v -1.377 10.410 0.738
v -0.538 10.694 0.196
v -0.028 10.399 0.376
v -1.068 10.381 -0.310
v -0.553 10.381 -1.090
v 0.487 10.399 -0.404
v -0.138 10.399 0.543
v -1.178 10.381 -0.144
v -0.663 10.381 -0.923
v 0.376 10.399 -0.237
v 0.143 10.094 0.124
v -0.896 10.076 -0.562
v -0.835 10.686 -0.672
v 0.205 10.704 0.014
v -0.448 10.465 0.019
v -1.252 10.304 -0.567
v -0.806 10.304 -1.178
v -0.002 10.465 -0.591
v -0.565 10.465 0.181
v -1.369 10.304 -0.405
v -0.924 10.304 -1.016
v -0.120 10.465 -0.430
v -0.279 10.220 -0.145
v -1.083 10.059 -0.731
v -1.093 10.548 -0.852
v -0.289 10.709 -0.265
v -0.741 10.438 -0.225
v -1.587 10.200 -0.761
v -1.174 10.200 -1.414
v -0.328 10.438 -0.878
v -0.848 10.438 -0.056
v -1.694 10.200 -0.592
v -1.281 10.200 -1.245
v -0.434 10.438 -0.709
v -0.511 10.193 -0.479
v -1.358 9.954 -1.015
v -1.511 10.445 -0.992
v -0.664 10.684 -0.456
v -0.577 10.353 0.445
v -0.170 10.352 -0.751
v 0.727 10.352 -0.446
v 0.321 10.353 0.750
v -0.766 10.353 0.381
v -0.359 10.352 -0.816
v 0.538 10.352 -0.511
v 0.131 10.353 0.686
v -0.278 10.043 0.547
v 0.129 10.042 -0.649
v 0.239 10.663 -0.612
v -0.168 10.664 0.584
v -0.643 10.886 -0.090
v 0.362 10.942 -0.514
v 0.680 10.942 0.241
v -0.325 10.886 0.664
v -0.720 10.886 -0.274
v 0.284 10.942 -0.698
v 0.602 10.942 0.056
v -0.402 10.886 0.480
v -0.527 10.617 0.148
v 0.477 10.673 -0.276
v 0.487 11.211 -0.182
v -0.518 11.155 0.242
v -0.334 10.926 -0.168
v 0.582 10.931 -0.592
v 0.900 10.931 0.095
v -0.016 10.926 0.519
v -0.418 10.926 -0.349
v 0.498 10.931 -0.773
v 0.816 10.931 -0.087
v -0.100 10.926 0.337
v -0.216 10.674 0.082
v 0.699 10.679 -0.342
v 0.698 11.183 -0.337
v -0.217 11.178 0.087
v -0.115 11.015 -0.282
v 0.840 10.845 -0.757
v 1.201 10.845 -0.032
v 0.246 11.015 0.443
v -0.204 11.015 -0.461
v 0.751 10.845 -0.936
v 1.112 10.845 -0.211
v 0.157 11.015 0.264
v 0.004 10.751 0.050
v 0.959 10.582 -0.426
v 0.994 11.108 -0.543
v 0.039 11.278 -0.067
v 0.151 10.989 -0.393
v 1.072 10.782 -0.877
v 1.442 10.782 -0.173
v 0.521 10.989 0.311
v 0.058 10.989 -0.570
v 0.978 10.782 -1.054
v 1.348 10.782 -0.350
v 0.428 10.989 0.134
v 0.251 10.730 -0.092
v 1.171 10.522 -0.576
v 1.249 11.041 -0.651
v 0.329 11.249 -0.167
v -0.079 10.887 -0.675
v 0.578 10.941 0.262
v -0.125 10.941 0.756
v -0.783 10.887 -0.181
v 0.085 10.887 -0.790
v 0.742 10.941 0.147
v 0.038 10.941 0.641
v -0.619 10.887 -0.296
v -0.306 10.604 -0.499
v 0.351 10.658 0.438
v 0.266 11.224 0.465
v -0.392 11.170 -0.472
v 0.106 10.943 -0.341
v 0.673 10.913 0.499
v 0.042 10.913 0.925
v -0.525 10.943 0.084
v 0.272 10.943 -0.453
v 0.839 10.913 0.388
v 0.208 10.913 0.813
v -0.359 10.943 -0.028
v -0.152 10.691 -0.177
v 0.415 10.661 0.664
v 0.465 11.166 0.648
v -0.101 11.195 -0.193
v 0.275 10.959 -0.089
v 0.851 10.879 0.752
v 0.219 10.879 1.185
v -0.358 10.959 0.345
v 0.440 10.959 -0.202
v 1.016 10.879 0.639
v 0.384 10.879 1.072
v -0.193 10.959 0.232
v 0.059 10.707 0.035
v 0.635 10.627 0.876
v 0.600 11.132 0.948
v 0.024 11.212 0.108
v 0.465 11.030 0.133
v 1.057 10.760 1.012
v 0.376 10.760 1.470
v -0.215 11.030 0.591
v 0.631 11.030 0.022
v 1.222 10.760 0.900
v 0.542 10.760 1.358
v -0.049 11.030 0.480
v 0.125 10.771 0.283
v 0.716 10.501 1.161
v 0.882 11.019 1.209
v 0.291 11.289 0.330
v 0.402 10.981 -0.110
v -0.084 10.923 0.963
v -0.890 10.923 0.598
v -0.404 10.981 -0.475
v 0.584 10.981 -0.028
v 0.098 10.923 1.045
v -0.707 10.923 0.681
v -0.222 10.981 -0.392
v 0.140 10.691 -0.245
v -0.346 10.633 0.828
v -0.445 11.213 0.815
v 0.040 11.272 -0.258
v 0.228 10.976 0.160
v -0.176 10.895 1.249
v -0.994 10.895 0.945
v -0.591 10.976 -0.143
v 0.415 10.976 0.230
v 0.012 10.895 1.318
v -0.807 10.895 1.015
v -0.403 10.976 -0.074
v -0.026 10.692 0.045
v -0.429 10.611 1.134
v -0.553 11.180 1.130
v -0.150 11.260 0.041
v 0.207 10.975 0.173
v -0.183 10.897 1.225
v -0.974 10.897 0.932
v -0.584 10.975 -0.120
v 0.395 10.975 0.243
v 0.005 10.897 1.295
v -0.786 10.897 1.002
v -0.396 10.975 -0.050
v -0.096 10.694 0.040
v -0.486 10.616 1.092
v -0.483 11.177 1.135
v -0.093 11.255 0.083
v 0.425 10.861 0.440
v -0.639 10.967 0.136
v -0.411 10.967 -0.666
v 0.653 10.861 -0.362
v 0.370 10.861 0.632
v -0.694 10.967 0.328
v -0.466 10.967 -0.473
v 0.599 10.861 -0.170
v 0.475 10.588 0.169
v -0.589 10.694 -0.135
v -0.515 11.240 -0.203
v 0.549 11.134 0.101
v 0.132 10.991 0.337
v -0.933 10.897 0.065
v -0.728 10.897 -0.737
v 0.338 10.991 -0.465
v 0.083 10.991 0.531
v -0.983 10.897 0.258
v -0.777 10.897 -0.544
v 0.288 10.991 -0.271
v 0.241 10.718 0.008
v -0.825 10.624 -0.264
v -0.886 11.170 -0.215
v 0.180 11.264 0.058
v -0.227 10.975 0.202
v -1.165 10.860 -0.049
v -0.975 10.860 -0.757
v -0.037 10.975 -0.506
v -0.279 10.975 0.395
v -1.216 10.860 0.144
v -1.027 10.860 -0.564
v -0.089 10.975 -0.313
v -0.138 10.734 -0.019
v -1.076 10.619 -0.270
v -1.116 11.100 -0.343
v -0.178 11.215 -0.092
v -0.531 10.975 0.165
v -1.500 10.785 -0.140
v -1.268 10.785 -0.880
v -0.299 10.975 -0.575
v -0.591 10.975 0.355
v -1.560 10.785 0.051
v -1.328 10.785 -0.689
v -0.359 10.975 -0.384
v -0.392 10.723 -0.121
v -1.361 10.532 -0.426
v -1.467 11.037 -0.403
v -0.498 11.228 -0.098
v -0.450 11.514 0.318
v -0.052 11.536 -0.569
v 0.614 11.536 -0.270
v 0.215 11.514 0.616
v -0.632 11.514 0.236
v -0.234 11.536 -0.651
v 0.431 11.536 -0.352
v 0.033 11.514 0.534
v -0.188 11.271 0.429
v 0.210 11.294 -0.458
v 0.169 11.779 -0.464
v -0.229 11.756 0.423
v -0.555 11.472 -0.342
v 0.547 11.578 -0.323
v 0.533 11.578 0.507
v -0.569 11.472 0.488
v -0.552 11.472 -0.542
v 0.550 11.578 -0.523
v 0.536 11.578 0.307
v -0.565 11.472 0.288
v -0.533 11.203 -0.085
v 0.568 11.309 -0.067
v 0.514 11.847 0.051
v -0.587 11.741 0.032
v 0.200 11.601 -0.299
v 1.244 11.444 -0.355
v 1.286 11.444 0.437
v 0.242 11.601 0.492
v 0.189 11.601 -0.499
v 1.233 11.444 -0.555
v 1.275 11.444 0.237
v 0.231 11.601 0.293
v 0.177 11.340 0.014
v 1.221 11.183 -0.042
v 1.298 11.705 -0.077
v 0.254 11.862 -0.021
v 0.265 11.588 0.198
v 0.164 11.446 1.178
v -0.579 11.446 1.101
v -0.477 11.588 0.121
v 0.464 11.588 0.219
v 0.363 11.446 1.198
v -0.380 11.446 1.121
v -0.278 11.588 0.142
v -0.036 11.344 0.131
v -0.138 11.202 1.111
v -0.078 11.690 1.188
v 0.023 11.832 0.208
v 0.536 11.484 0.093
v -0.396 11.566 0.383
v -0.614 11.566 -0.318
v 0.317 11.484 -0.609
v 0.596 11.484 0.284
v -0.336 11.566 0.574
v -0.555 11.566 -0.127
v 0.377 11.484 -0.418
v 0.436 11.240 -0.158
v -0.495 11.322 0.132
v -0.455 11.810 0.123
v 0.477 11.728 -0.167
v 0.333 11.565 0.256
v -0.732 11.529 0.468
v -0.892 11.529 -0.331
v 0.174 11.565 -0.543
v 0.372 11.565 0.452
v -0.693 11.529 0.665
v -0.853 11.529 -0.135
v 0.213 11.565 -0.347
v 0.293 11.299 0.009
v -0.773 11.263 0.221
v -0.812 11.795 0.113
v 0.253 11.830 -0.100
v 0.190 11.507 0.523
v -0.573 11.543 -0.136
v -0.078 11.543 -0.709
v 0.685 11.507 -0.050
v 0.060 11.507 0.675
v -0.704 11.543 0.015
v -0.209 11.543 -0.558
v 0.555 11.507 0.101
v 0.361 11.255 0.312
v -0.403 11.290 -0.347
v -0.380 11.795 -0.347
v 0.384 11.759 0.312
v -0.243 11.593 0.253
v -1.049 11.417 -0.519
v -0.463 11.417 -1.132
v 0.344 11.593 -0.359
v -0.381 11.593 0.398
v -1.188 11.417 -0.375
v -0.601 11.417 -0.987
v 0.205 11.593 -0.215
v 0.050 11.319 0.011
v -0.757 11.142 -0.762
v -0.894 11.691 -0.744
v -0.087 11.867 0.028
v 0.117 12.065 0.309
v -0.219 11.900 1.190
v -0.890 11.900 0.934
v -0.554 12.065 0.053
v 0.304 12.065 0.381
v -0.033 11.900 1.261
v -0.703 11.900 1.005
v -0.367 12.065 0.125
v -0.100 11.829 0.183
v -0.436 11.665 1.063
v -0.487 12.135 1.132
v -0.150 12.300 0.251
v 0.489 11.999 0.191
v -0.461 12.058 0.283
v -0.530 12.058 -0.431
v 0.420 11.999 -0.523
v 0.508 11.999 0.390
v -0.442 12.058 0.482
v -0.511 12.058 -0.232
v 0.439 11.999 -0.324
v 0.449 11.761 -0.070
v -0.501 11.819 0.022
v -0.471 12.297 0.029
v 0.479 12.238 -0.063
v 0.218 12.073 0.249
v -0.792 12.021 0.326
v -0.850 12.021 -0.432
v 0.160 12.073 -0.509
v 0.233 12.073 0.449
v -0.777 12.021 0.526
v -0.835 12.021 -0.233
v 0.175 12.073 -0.310
v 0.211 11.821 -0.006
v -0.799 11.769 0.071
v -0.828 12.273 0.023
v 0.181 12.325 -0.054
v -0.049 12.074 0.268
v -1.099 11.989 0.386
v -1.188 11.989 -0.404
v -0.138 12.074 -0.523
v -0.026 12.074 0.466
v -1.077 11.989 0.585
v -1.166 11.989 -0.205
v -0.115 12.074 -0.324
v -0.058 11.812 -0.000
v -1.108 11.727 0.118
v -1.157 12.252 0.062
v -0.106 12.337 -0.056
v -0.319 12.127 0.311
v -1.406 11.888 0.454
v -1.515 11.888 -0.380
v -0.429 12.127 -0.523
v -0.293 12.127 0.509
v -1.379 11.888 0.652
v -1.489 11.888 -0.182
v -0.403 12.127 -0.325
v -0.297 11.856 0.027
v -1.383 11.617 0.170
v -1.511 12.159 0.103
v -0.425 12.398 -0.040
v -0.130 11.980 0.589
v -0.474 12.077 -0.435
v 0.298 12.077 -0.694
v 0.641 11.980 0.330
v -0.319 11.980 0.653
v -0.663 12.077 -0.371
v 0.108 12.077 -0.630
v 0.452 11.980 0.394
v 0.136 11.711 0.474
v -0.208 11.808 -0.550
v -0.158 12.347 -0.515
v 0.186 12.249 0.509
v -0.332 12.076 0.027
v -0.624 12.018 -1.032
v 0.171 12.018 -1.251
v 0.464 12.076 -0.192
v -0.524 12.076 0.081
v -0.817 12.018 -0.978
v -0.022 12.018 -1.198
v 0.271 12.076 -0.139
v -0.041 11.801 -0.038
v -0.334 11.744 -1.097
v -0.312 12.292 -1.133
v -0.019 12.350 -0.074
v -0.367 12.109 -0.258
v -0.725 11.953 -1.275
v 0.045 11.953 -1.547
v 0.404 12.109 -0.530
v -0.555 12.109 -0.192
v -0.914 11.953 -1.208
v -0.144 11.953 -1.480
v 0.215 12.109 -0.464
v -0.115 11.845 -0.307
v -0.474 11.689 -1.323
v -0.395 12.217 -1.432
v -0.036 12.373 -0.415
v -0.514 12.001 0.184
v 0.092 12.056 -0.553
v 0.646 12.056 -0.098
v 0.040 12.001 0.639
v -0.668 12.001 0.057
v -0.062 12.056 -0.680
v 0.492 12.056 -0.225
v -0.114 12.001 0.512
v -0.312 11.763 0.332
v 0.294 11.817 -0.405
v 0.290 12.294 -0.373
v -0.316 12.240 0.364
v 0.029 12.117 -0.542
v 0.679 11.875 -1.268
v 1.239 11.875 -0.766
v 0.590 12.117 -0.040
v -0.120 12.117 -0.675
v 0.530 11.875 -1.401
v 1.090 11.875 -0.899
v 0.441 12.117 -0.174
v 0.241 11.880 -0.274
v 0.890 11.639 -0.999
v 0.879 12.111 -1.167
v 0.229 12.353 -0.442
v -0.184 12.023 -0.661
v 0.630 12.034 0.151
v 0.021 12.034 0.762
v -0.793 12.023 -0.050
v -0.043 12.023 -0.803
v 0.771 12.034 0.009
v 0.163 12.034 0.620
v -0.652 12.023 -0.192
v -0.431 11.736 -0.410
v 0.384 11.748 0.402
v 0.409 12.321 0.368
v -0.406 12.310 -0.443
v 0.282 12.094 -0.106
v 1.083 11.866 0.571
v 0.563 11.866 1.186
v -0.238 12.094 0.508
v 0.411 12.094 -0.259
v 1.212 11.866 0.418
v 0.692 11.866 1.033
v -0.109 12.094 0.356
v 0.075 11.836 0.051
v 0.876 11.608 0.728
v 0.898 12.123 0.876
v 0.097 12.351 0.199
v 0.173 12.583 -0.511
v 0.314 12.624 0.396
v -0.367 12.624 0.502
v -0.508 12.583 -0.405
v 0.370 12.583 -0.541
v 0.511 12.624 0.365
v -0.169 12.624 0.471
v -0.310 12.583 -0.435
v -0.086 12.355 -0.460
v 0.055 12.395 0.446
v 0.090 12.852 0.421
v -0.052 12.812 -0.486
v 0.221 12.629 -0.374
v 0.421 12.597 0.650
v -0.347 12.597 0.800
v -0.547 12.629 -0.224
v 0.417 12.629 -0.412
v 0.617 12.597 0.611
v -0.151 12.597 0.761
v -0.351 12.629 -0.262
v -0.087 12.369 -0.322
v 0.112 12.337 0.702
v 0.157 12.857 0.709
v -0.042 12.889 -0.314
v 0.281 12.670 -0.147
v 0.441 12.543 0.869
v -0.326 12.543 0.990
v -0.486 12.670 -0.026
v 0.479 12.670 -0.178
v 0.639 12.543 0.838
v -0.129 12.543 0.958
v -0.289 12.670 -0.057
v -0.029 12.414 -0.130
v 0.131 12.286 0.885
v 0.182 12.799 0.942
v 0.022 12.926 -0.074
v 0.354 12.682 0.005
v 0.525 12.478 1.130
v -0.332 12.478 1.261
v -0.503 12.682 0.135
v 0.552 12.682 -0.025
v 0.723 12.478 1.100
v -0.134 12.478 1.231
v -0.306 12.682 0.105
v 0.029 12.397 0.003
v 0.200 12.193 1.128
v 0.191 12.762 1.233
v 0.019 12.966 0.107
v 0.539 12.574 0.080
v -0.374 12.633 0.377
v -0.597 12.633 -0.309
v 0.316 12.574 -0.606
v 0.601 12.574 0.270
v -0.312 12.633 0.567
v -0.535 12.633 -0.119
v 0.378 12.574 -0.416
v 0.430 12.339 -0.210
v -0.483 12.398 0.088
v -0.426 12.868 0.170
v 0.487 12.809 -0.127
v 0.324 12.644 0.203
v -0.681 12.597 0.490
v -0.897 12.597 -0.265
v 0.109 12.644 -0.552
v 0.379 12.644 0.395
v -0.626 12.597 0.682
v -0.842 12.597 -0.073
v 0.164 12.644 -0.360
v 0.262 12.383 -0.058
v -0.744 12.337 0.229
v -0.779 12.857 0.188
v 0.226 12.904 -0.099
v -0.020 12.611 0.565
v -0.483 12.596 -0.348
v 0.202 12.596 -0.695
v 0.665 12.611 0.218
v -0.199 12.611 0.656
v -0.662 12.596 -0.258
v 0.024 12.596 -0.605
v 0.487 12.611 0.309
v 0.205 12.357 0.455
v -0.258 12.343 -0.458
v -0.201 12.850 -0.495
v 0.262 12.864 0.419
v 0.064 12.643 -0.289
v 1.044 12.548 -0.063
v 0.873 12.548 0.675
v -0.107 12.643 0.449
v 0.109 12.643 -0.484
v 1.089 12.548 -0.258
v 0.918 12.548 0.480
v -0.062 12.643 0.254
v -0.028 12.393 0.005
v 0.951 12.298 0.231
v 1.010 12.798 0.186
v 0.031 12.893 -0.040
v 0.325 12.687 -0.231
v 1.275 12.457 -0.003
v 1.099 12.457 0.729
v 0.149 12.687 0.501
v 0.372 12.687 -0.425
v 1.321 12.457 -0.197
v 1.145 12.457 0.535
v 0.196 12.687 0.306
v 0.212 12.444 -0.005
v 1.161 12.214 0.224
v 1.259 12.699 0.309
v 0.309 12.929 0.080
v -0.488 13.203 -0.190
v 0.427 13.227 -0.284
v 0.498 13.227 0.403
v -0.418 13.203 0.496
v -0.508 13.203 -0.389
v 0.407 13.227 -0.483
v 0.477 13.227 0.204
v -0.438 13.203 0.297
v -0.462 12.978 0.005
v 0.453 13.002 -0.089
v 0.451 13.452 0.009
v -0.464 13.428 0.102
v -0.183 13.285 -0.247
v 0.858 13.147 -0.399
v 0.973 13.147 0.388
v -0.068 13.285 0.541
v -0.212 13.285 -0.444
v 0.829 13.147 -0.597
v 0.944 13.147 0.190
v -0.097 13.285 0.343
v -0.177 13.023 0.030
v 0.864 12.885 -0.123
v 0.938 13.409 -0.087
v -0.103 13.547 0.066
v 0.170 13.272 -0.261
v 0.690 13.176 0.650
v 0.003 13.176 1.042
v -0.516 13.272 0.130
v 0.344 13.272 -0.360
v 0.863 13.176 0.551
v 0.177 13.176 0.943
v -0.343 13.272 0.031
v -0.060 13.013 -0.157
v 0.460 12.917 0.754
v 0.407 13.435 0.839
v -0.112 13.531 -0.073
v 0.549 13.183 -0.231
v -0.091 13.247 0.603
v -0.718 13.247 0.123
v -0.079 13.183 -0.712
v 0.707 13.183 -0.110
v 0.068 13.247 0.725
v -0.559 13.247 0.245
v 0.080 13.183 -0.590
v 0.267 12.925 -0.427
v -0.372 12.988 0.408
v -0.278 13.505 0.441
v 0.361 13.442 -0.394
v 0.312 13.191 0.468
v -0.565 13.239 0.026
v -0.233 13.239 -0.633
v 0.644 13.191 -0.191
v 0.222 13.191 0.646
v -0.655 13.239 0.204
v -0.323 13.239 -0.454
v 0.554 13.191 -0.012
v 0.406 12.948 0.255
v -0.471 12.997 -0.187
v -0.417 13.482 -0.241
v 0.460 13.434 0.201
v -0.099 13.294 0.338
v -0.964 13.135 -0.230
v -0.533 13.135 -0.886
v 0.332 13.294 -0.318
v -0.209 13.294 0.505
v -1.074 13.135 -0.062
v -0.643 13.135 -0.719
v 0.222 13.294 -0.151
v 0.066 13.040 0.157
v -0.798 12.881 -0.411
v -0.808 13.389 -0.537
v 0.056 13.547 0.031
v -0.253 13.283 0.242
v -1.160 13.083 -0.326
v -0.727 13.083 -1.018
v 0.180 13.283 -0.450
v -0.359 13.283 0.412
v -1.266 13.083 -0.156
v -0.833 13.083 -0.848
v 0.074 13.283 -0.280
v -0.049 13.015 0.011
v -0.957 12.816 -0.556
v -1.036 13.351 -0.617
v -0.129 13.550 -0.050
v 0.407 13.705 0.314
v -0.533 13.768 0.175
v -0.428 13.768 -0.531
v 0.512 13.705 -0.392
v 0.378 13.705 0.512
v -0.562 13.768 0.373
v -0.457 13.768 -0.334
v 0.482 13.705 -0.194
v 0.426 13.468 0.078
v -0.514 13.531 -0.061
v -0.476 14.005 -0.097
v 0.463 13.941 0.042
v 0.034 13.859 0.297
v -0.970 13.652 0.161
v -0.866 13.652 -0.607
v 0.137 13.859 -0.471
v 0.007 13.859 0.495
v -0.997 13.652 0.360
v -0.893 13.652 -0.408
v 0.110 13.859 -0.273
v 0.118 13.608 0.051
v -0.885 13.401 -0.085
v -0.978 13.903 -0.162
v 0.026 14.110 -0.027
v -0.201 13.793 0.201
v -1.099 13.637 0.119
v -1.037 13.637 -0.565
v -0.138 13.793 -0.483
v -0.219 13.793 0.400
v -1.117 13.637 0.318
v -1.055 13.637 -0.366
v -0.156 13.793 -0.284
v -0.143 13.570 -0.005
v -1.042 13.414 -0.087
v -1.112 13.860 -0.160
v -0.214 14.016 -0.078
v -0.032 13.717 0.610
v -0.553 13.756 -0.335
v 0.157 13.756 -0.726
v 0.678 13.717 0.220
v -0.207 13.717 0.707
v -0.728 13.756 -0.239
v -0.018 13.756 -0.630
v 0.502 13.717 0.316
v 0.216 13.447 0.463
v -0.305 13.487 -0.483
v -0.266 14.025 -0.482
v 0.254 13.986 0.464
v -0.581 13.726 0.200
v 0.088 13.746 -0.593
v 0.684 13.746 -0.091
v 0.014 13.726 0.703
v -0.734 13.726 0.071
v -0.064 13.746 -0.722
v 0.531 13.746 -0.220
v -0.139 13.726 0.574
v -0.352 13.467 0.387
v 0.318 13.487 -0.406
v 0.301 14.006 -0.407
v -0.368 13.986 0.387
v -0.396 13.780 0.020
v 0.227 13.701 -0.700
v 0.769 13.701 -0.232
v 0.146 13.780 0.489
v -0.547 13.780 -0.111
v 0.076 13.701 -0.831
v 0.618 13.701 -0.362
v -0.005 13.780 0.358
v -0.245 13.545 0.176
v 0.378 13.467 -0.545
v 0.467 13.935 -0.518
v -0.156 14.014 0.202
v -0.309 13.801 -0.159
v 0.392 13.645 -0.896
v 0.952 13.645 -0.365
v 0.251 13.801 0.373
v -0.454 13.801 -0.297
v 0.247 13.645 -1.034
v 0.807 13.645 -0.502
v 0.106 13.801 0.235
v -0.160 13.551 0.035
v 0.540 13.395 -0.702
v 0.658 13.895 -0.696
v -0.043 14.051 0.041
v -0.118 13.806 -0.302
v 0.506 13.576 -1.012
v 1.054 13.576 -0.529
v 0.429 13.806 0.180
v -0.268 13.806 -0.435
v 0.356 13.576 -1.144
v 0.904 13.576 -0.662
v 0.279 13.806 0.048
v 0.046 13.570 -0.081
v 0.671 13.339 -0.790
v 0.740 13.812 -0.883
v 0.115 14.043 -0.174
v -0.351 13.714 -0.552
v 0.607 13.758 -0.013
v 0.203 13.758 0.706
v -0.755 13.714 0.168
v -0.253 13.714 -0.726
v 0.705 13.758 -0.187
v 0.301 13.758 0.532
v -0.657 13.714 -0.007
v -0.464 13.447 -0.329
v 0.495 13.491 0.209
v 0.413 14.026 0.310
v -0.545 13.981 -0.229
v 0.019 13.761 -0.242
v 0.760 13.693 0.202
v 0.426 13.693 0.759
v -0.314 13.761 0.315
v 0.122 13.761 -0.414
v 0.862 13.693 0.030
v 0.529 13.693 0.587
v -0.212 13.761 0.144
v -0.112 13.545 -0.055
v 0.628 13.478 0.389
v 0.660 13.909 0.400
v -0.080 13.976 -0.044
v 0.179 13.839 -0.257
v 0.996 13.588 0.314
v 0.555 13.588 0.946
v -0.262 13.839 0.376
v 0.293 13.839 -0.421
v 1.111 13.588 0.149
v 0.670 13.588 0.782
v -0.148 13.839 0.212
v -0.041 13.590 -0.051
v 0.777 13.339 0.519
v 0.889 13.837 0.576
v 0.072 14.088 0.006
v 0.432 13.722 -0.264
v -0.069 13.750 0.512
v -0.651 13.750 0.136
v -0.150 13.722 -0.640
v 0.600 13.722 -0.155
v 0.099 13.750 0.620
v -0.483 13.750 0.244
v 0.018 13.722 -0.531
v 0.178 13.497 -0.420
v -0.323 13.525 0.356
v -0.228 13.975 0.400
v 0.272 13.947 -0.375
v 0.378 14.292 0.231
v -0.470 14.276 0.181
v -0.432 14.276 -0.455
v 0.416 14.292 -0.405
v 0.366 14.292 0.431
v -0.482 14.276 0.381
v -0.444 14.276 -0.256
v 0.404 14.292 -0.205
v 0.394 14.082 0.041
v -0.455 14.066 -0.010
v -0.459 14.487 -0.065
v 0.389 14.503 -0.015
v 0.130 14.388 0.324
v -0.897 14.171 0.170
v -0.779 14.171 -0.617
v 0.248 14.388 -0.463
v 0.100 14.388 0.522
v -0.927 14.171 0.367
v -0.809 14.171 -0.420
v 0.218 14.388 -0.265
v 0.236 14.136 -0.027
v -0.791 13.919 -0.181
v -0.915 14.423 -0.069
v 0.112 14.640 0.085
v -0.298 14.351 0.053
v -0.487 14.165 -0.917
v 0.253 14.165 -1.062
v 0.442 14.351 -0.092
v -0.495 14.351 0.091
v -0.684 14.165 -0.879
v 0.056 14.165 -1.023
v 0.245 14.351 -0.053
v 0.001 14.105 0.041
v -0.188 13.919 -0.928
v -0.243 14.411 -1.012
v -0.054 14.597 -0.042
v -0.027 14.354 -0.244
v 0.788 14.185 -0.416
v 0.919 14.185 0.208
v 0.104 14.354 0.380
v -0.068 14.354 -0.439
v 0.747 14.185 -0.611
v 0.878 14.185 0.012
v 0.063 14.354 0.184
v -0.025 14.146 -0.027
v 0.790 13.977 -0.198
v 0.875 14.393 -0.205
v 0.060 14.562 -0.033
v 0.019 14.347 -0.293
v 0.613 14.244 0.363
v 0.118 14.244 0.811
v -0.476 14.347 0.155
v 0.168 14.347 -0.428
v 0.761 14.244 0.229
v 0.266 14.244 0.677
v -0.328 14.347 0.021
v -0.158 14.127 -0.168
v 0.436 14.024 0.488
v 0.443 14.465 0.552
v -0.151 14.568 -0.105
v 0.223 14.357 0.042
v -0.366 14.247 0.639
v -0.818 14.247 0.194
v -0.229 14.357 -0.403
v 0.365 14.357 0.182
v -0.223 14.247 0.780
v -0.675 14.247 0.335
v -0.087 14.357 -0.263
v 0.069 14.149 -0.148
v -0.520 14.039 0.450
v -0.521 14.455 0.524
v 0.067 14.565 -0.073
v 0.301 14.849 0.156
v -0.580 14.743 0.567
v -0.890 14.743 -0.098
v -0.009 14.849 -0.508
v 0.385 14.849 0.337
v -0.495 14.743 0.748
v -0.805 14.743 0.084
v 0.076 14.849 -0.327
v 0.221 14.607 -0.076
v -0.659 14.501 0.334
v -0.726 14.985 0.316
v 0.155 15.091 -0.095
v 0.006 14.861 0.278
v -0.734 14.737 -0.179
v -0.389 14.737 -0.740
v 0.352 14.861 -0.284
v -0.098 14.861 0.448
v -0.839 14.737 -0.009
v -0.494 14.737 -0.570
v 0.247 14.861 -0.113
v 0.166 14.645 0.076
v -0.574 14.521 -0.380
v -0.653 14.953 -0.369
v 0.087 15.077 0.088
v -0.334 14.851 0.113
v -0.162 14.742 -0.805
v 0.531 14.742 -0.675
v 0.359 14.851 0.243
v -0.530 14.851 0.076
v -0.358 14.742 -0.842
v 0.335 14.742 -0.712
v 0.163 14.851 0.206
v -0.128 14.621 0.179
v 0.044 14.512 -0.739
v 0.129 14.973 -0.778
v -0.043 15.081 0.140
v -0.320 14.879 -0.008
v -0.160 14.680 -0.963
v 0.571 14.680 -0.841
v 0.411 14.879 0.115
v -0.518 14.879 -0.041
v -0.357 14.680 -0.996
v 0.374 14.680 -0.874
v 0.214 14.879 0.082
v -0.045 14.638 0.089
v 0.115 14.439 -0.867
v 0.099 14.922 -0.970
v -0.062 15.121 -0.015
v -0.257 14.853 -0.251
v 0.645 14.726 -0.247
v 0.641 14.726 0.437
v -0.261 14.853 0.432
v -0.256 14.853 -0.451
v 0.646 14.726 -0.447
v 0.643 14.726 0.237
v -0.260 14.853 0.232
v -0.290 14.629 -0.039
v 0.613 14.503 -0.035
v 0.675 14.950 0.025
v -0.227 15.077 0.020
v -0.071 14.756 -0.509
v 0.397 14.827 0.238
v -0.164 14.827 0.590
v -0.633 14.756 -0.156
v 0.098 14.756 -0.615
v 0.567 14.827 0.132
v 0.005 14.827 0.484
v -0.463 14.756 -0.262
v -0.292 14.539 -0.349
v 0.176 14.610 0.397
v 0.226 15.043 0.325
v -0.242 14.972 -0.422
v 0.061 14.844 -0.345
v 0.564 14.746 0.460
v -0.043 14.746 0.839
v -0.546 14.844 0.034
v 0.231 14.844 -0.451
v 0.733 14.746 0.354
v 0.126 14.746 0.733
v -0.376 14.844 -0.072
v -0.212 14.612 -0.203
v 0.290 14.513 0.602
v 0.399 14.978 0.591
v -0.103 15.077 -0.214
v -0.226 15.337 0.317
v -0.269 15.357 -0.512
v 0.353 15.357 -0.544
v 0.396 15.337 0.285
v -0.426 15.337 0.327
v -0.468 15.357 -0.501
v 0.153 15.357 -0.533
v 0.196 15.337 0.296
v 0.004 15.131 0.301
v -0.039 15.150 -0.528
v -0.077 15.563 -0.517
v -0.034 15.544 0.312
v -0.428 15.367 0.005
v 0.271 15.328 -0.499
v 0.650 15.328 0.026
v -0.049 15.367 0.530
v -0.545 15.367 -0.157
v 0.154 15.328 -0.661
v 0.533 15.328 -0.137
v -0.166 15.367 0.368
v -0.330 15.156 0.157
v 0.369 15.117 -0.347
v 0.435 15.540 -0.289
v -0.264 15.578 0.216
v 0.345 15.427 -0.083
v -0.172 15.267 0.726
v -0.787 15.267 0.333
v -0.270 15.427 -0.476
v 0.514 15.427 0.025
v -0.004 15.267 0.834
v -0.619 15.267 0.440
v -0.101 15.427 -0.368
v 0.169 15.189 -0.243
v -0.349 15.028 0.566
v -0.442 15.505 0.600
v 0.075 15.665 -0.208
vt 0.0040 0.0040
vt 0.4960 0.0040
vt 0.4960 0.4960
vt 0.0040 0.4960
vt 0.0040 0.0040
vt 0.4960 0.0040
vt 0.4960 0.4960
vt 0.0040 0.4960
vt 0.5040 0.0040
vt 0.9960 0.0040
vt 0.9960 0.4960
vt 0.5040 0.4960
vt 0.0040 0.0040
vt 0.4960 0.0040
vt 0.4960 0.4960
vt 0.0040 0.4960
vt 0.0040 0.5040
vt 0.4960 0.5040
vt 0.4960 0.9960
vt 0.0040 0.9960
vt 0.0040 0.0040
vt 0.4960 0.0040
vt 0.4960 0.4960
vt 0.0040 0.4960
vt 0.5040 0.5040
vt 0.9960 0.5040
vt 0.9960 0.9960
vt 0.5040 0.9960
vt 0.5040 0.5040
vt 0.9960 0.5040
vt 0.9960 0.9960
vt 0.5040 0.9960
vt 0.0040 0.5040
vt 0.4960 0.5040
vt 0.4960 0.9960
vt 0.0040 0.9960
vt 0.5040 0.5040
vt 0.9960 0.5040
vt 0.9960 0.9960
vt 0.5040 0.9960
vt 0.0040 0.0040
vt 0.4960 0.0040
vt 0.4960 0.4960
vt 0.0040 0.4960
vt 0.5040 0.5040
vt 0.9960 0.5040
vt 0.9960 0.9960
vt 0.5040 0.9960
vt 0.0040 0.5040
vt 0.4960 0.5040
vt 0.4960 0.9960
vt 0.0040 0.9960
vt 0.5040 0.5040
vt 0.9960 0.5040
vt 0.9960 0.9960
vt 0.5040 0.9960
vt 0.0040 0.5040
vt 0.4960 0.5040
vt 0.4960 0.9960
vt 0.0040 0.9960
vt 0.0040 0.5040
vt 0.4960 0.5040
vt 0.4960 0.9960
vt 0.0040 0.9960
vt 0.5040 0.0040
vt 0.9960 0.0040
vt 0.9960 0.4960
vt 0.5040 0.4960
vt 0.0040 0.5040
vt 0.4960 0.5040
vt 0.4960 0.9960
vt 0.0040 0.9960
vt 0.0040 0.5040
vt 0.4960 0.5040
vt 0.4960 0.9960
vt 0.0040 0.9960
vt 0.0040 0.5040
vt 0.4960 0.5040
vt 0.4960 0.9960
vt 0.0040 0.9960
vt 0.5040 0.0040
vt 0.9960 0.0040
vt 0.9960 0.4960
vt 0.5040 0.4960
vt 0.0040 0.5040
vt 0.4960 0.5040
vt 0.4960 0.9960
vt 0.0040 0.9960
vt 0.5040 0.5040
vt 0.9960 0.5040
vt 0.9960 0.9960
vt 0.5040 0.9960
vt 0.5040 0.5040
vt 0.9960 0.5040
vt 0.9960 0.9960
vt 0.5040 0.9960
vt 0.5040 0.5040
vt 0.9960 0.5040
vt 0.9960 0.9960
vt 0.5040 0.9960
vt 0.0040 0.5040
vt 0.4960 0.5040
vt 0.4960 0.9960
vt 0.0040 0.9960
vt 0.0040 0.0040
vt 0.4960 0.0040
vt 0.4960 0.4960
vt 0.0040 0.4960
vt 0.0040 0.0040
vt 0.4960 0.0040
vt 0.4960 0.4960
vt 0.0040 0.4960
vt 0.0040 0.5040
vt 0.4960 0.5040
vt 0.4960 0.9960
vt 0.0040 0.9960
vt 0.5040 0.0040
vt 0.9960 0.0040
vt 0.9960 0.4960
vt 0.5040 0.4960
vt 0.5040 0.5040
vt 0.9960 0.5040
vt 0.9960 0.9960
vt 0.5040 0.9960
vt 0.5040 0.5040
vt 0.9960 0.5040
vt 0.9960 0.9960
vt 0.5040 0.9960
vt 0.0040 0.5040
vt 0.4960 0.5040
vt 0.4960 0.9960
vt 0.0040 0.9960
vt 0.5040 0.0040
vt 0.9960 0.0040
vt 0.9960 0.4960
vt 0.5040 0.4960
vt 0.5040 0.0040
vt 0.9960 0.0040
vt 0.9960 0.4960
vt 0.5040 0.4960
vt 0.5040 0.5040
vt 0.9960 0.5040
vt 0.9960 0.9960
vt 0.5040 0.9960
vt 0.5040 0.5040
vt 0.9960 0.5040
vt 0.9960 0.9960
vt 0.5040 0.9960
vt 0.0040 0.5040
vt 0.4960 0.5040
vt 0.4960 0.9960
vt 0.0040 0.9960
vt 0.5040 0.5040
vt 0.9960 0.5040
vt 0.9960 0.9960
vt 0.5040 0.9960
vt 0.0040 0.5040
vt 0.4960 0.5040
vt 0.4960 0.9960
vt 0.0040 0.9960
vt 0.5040 0.5040
vt 0.9960 0.5040
vt 0.9960 0.9960
vt 0.5040 0.9960
vt 0.5040 0.0040
vt 0.9960 0.0040
vt 0.9960 0.4960
vt 0.5040 0.4960
vt 0.0040 0.5040
vt 0.4960 0.5040
vt 0.4960 0.9960
vt 0.0040 0.9960
vt 0.0040 0.5040
vt 0.4960 0.5040
vt 0.4960 0.9960
vt 0.0040 0.9960
vt 0.5040 0.5040
vt 0.9960 0.5040
vt 0.9960 0.9960
vt 0.5040 0.9960
vt 0.5040 0.5040
vt 0.9960 0.5040
vt 0.9960 0.9960
vt 0.5040 0.9960
vt 0.0040 0.5040
vt 0.4960 0.5040
vt 0.4960 0.9960
vt 0.0040 0.9960
vt 0.0040 0.5040
vt 0.4960 0.5040
vt 0.4960 0.9960
vt 0.0040 0.9960
vt 0.0040 0.5040
vt 0.4960 0.5040
vt 0.4960 0.9960
vt 0.0040 0.9960
vt 0.5040 0.5040
vt 0.9960 0.5040
vt 0.9960 0.9960
vt 0.5040 0.9960
vt 0.0040 0.0040
vt 0.4960 0.0040
vt 0.4960 0.4960
vt 0.0040 0.4960
vt 0.0040 0.0040
vt 0.4960 0.0040
vt 0.4960 0.4960
vt 0.0040 0.4960
vt 0.5040 0.5040
vt 0.9960 0.5040
vt 0.9960 0.9960
vt 0.5040 0.9960
vt 0.5040 0.5040
vt 0.9960 0.5040
vt 0.9960 0.9960
vt 0.5040 0.9960
vt 0.0040 0.5040
vt 0.4960 0.5040
vt 0.4960 0.9960
vt 0.0040 0.9960
vt 0.5040 0.0040
vt 0.9960 0.0040
vt 0.9960 0.4960
vt 0.5040 0.4960
vt 0.0040 0.0040
vt 0.4960 0.0040
vt 0.4960 0.4960
vt 0.0040 0.4960
vt 0.5040 0.5040
vt 0.9960 0.5040
vt 0.9960 0.9960
vt 0.5040 0.9960
vt 0.5040 0.5040
vt 0.9960 0.5040
vt 0.9960 0.9960
vt 0.5040 0.9960
vt 0.0040 0.5040
vt 0.4960 0.5040
vt 0.4960 0.9960
vt 0.0040 0.9960
vt 0.0040 0.5040
vt 0.4960 0.5040
vt 0.4960 0.9960
vt 0.0040 0.9960
vt 0.5040 0.5040
vt 0.9960 0.5040
vt 0.9960 0.9960
vt 0.5040 0.9960
vt 0.0040 0.5040
vt 0.4960 0.5040
vt 0.4960 0.9960
vt 0.0040 0.9960
vt 0.5040 0.5040
vt 0.9960 0.5040
vt 0.9960 0.9960
vt 0.5040 0.9960
vt 0.5040 0.0040
vt 0.9960 0.0040
vt 0.9960 0.4960
vt 0.5040 0.4960
vt 0.5040 0.0040
vt 0.9960 0.0040
vt 0.9960 0.4960
vt 0.5040 0.4960
vt 0.5040 0.0040
vt 0.9960 0.0040
vt 0.9960 0.4960
vt 0.5040 0.4960
vt 0.5040 0.0040
vt 0.9960 0.0040
vt 0.9960 0.4960
vt 0.5040 0.4960
vt 0.0040 0.0040
vt 0.4960 0.0040
vt 0.4960 0.4960
vt 0.0040 0.4960
vt 0.5040 0.5040
vt 0.9960 0.5040
vt 0.9960 0.9960
vt 0.5040 0.9960
vt 0.5040 0.0040
vt 0.9960 0.0040
vt 0.9960 0.4960
vt 0.5040 0.4960
vt 0.0040 0.5040
vt 0.4960 0.5040
vt 0.4960 0.9960
vt 0.0040 0.9960
vt 0.0040 0.0040
vt 0.4960 0.0040
vt 0.4960 0.4960
vt 0.0040 0.4960
vt 0.5040 0.5040
vt 0.9960 0.5040
vt 0.9960 0.9960
vt 0.5040 0.9960
vt 0.0040 0.0040
vt 0.4960 0.0040
vt 0.4960 0.4960
vt 0.0040 0.4960
vt 0.5040 0.5040
vt 0.9960 0.5040
vt 0.9960 0.9960
vt 0.5040 0.9960
vt 0.5040 0.0040
vt 0.9960 0.0040
vt 0.9960 0.4960
vt 0.5040 0.4960
vt 0.0040 0.5040
vt 0.4960 0.5040
vt 0.4960 0.9960
vt 0.0040 0.9960
vt 0.5040 0.5040
vt 0.9960 0.5040
vt 0.9960 0.9960
vt 0.5040 0.9960
vt 0.0040 0.0040
vt 0.4960 0.0040
vt 0.4960 0.4960
vt 0.0040 0.4960
vt 0.0040 0.5040
vt 0.4960 0.5040
vt 0.4960 0.9960
vt 0.0040 0.9960
vt 0.0040 0.5040
vt 0.4960 0.5040
vt 0.4960 0.9960
vt 0.0040 0.9960
vt 0.5040 0.0040
vt 0.9960 0.0040
vt 0.9960 0.4960
vt 0.5040 0.4960
vt 0.5040 0.5040
vt 0.9960 0.5040
vt 0.9960 0.9960
vt 0.5040 0.9960
vt 0.0040 0.0040
vt 0.4960 0.0040
vt 0.4960 0.4960
vt 0.0040 0.4960
vt 0.0040 0.0040
vt 0.4960 0.0040
vt 0.4960 0.4960
vt 0.0040 0.4960
vt 0.5040 0.0040
vt 0.9960 0.0040
vt 0.9960 0.4960
vt 0.5040 0.4960
vt 0.0040 0.5040
vt 0.4960 0.5040
vt 0.4960 0.9960
vt 0.0040 0.9960
vt 0.5040 0.0040
vt 0.9960 0.0040
vt 0.9960 0.4960
vt 0.5040 0.4960
vt 0.0040 0.0040
vt 0.4960 0.0040
vt 0.4960 0.4960
vt 0.0040 0.4960
vt 0.5040 0.0040
vt 0.9960 0.0040
vt 0.9960 0.4960
vt 0.5040 0.4960
vt 0.5040 0.0040
vt 0.9960 0.0040
vt 0.9960 0.4960
vt 0.5040 0.4960
vt 0.0040 0.5040
vt 0.4960 0.5040
vt 0.4960 0.9960
vt 0.0040 0.9960
vt 0.0040 0.0040
vt 0.4960 0.0040
vt 0.4960 0.4960
vt 0.0040 0.4960
vt 0.0040 0.5040
vt 0.4960 0.5040
vt 0.4960 0.9960
vt 0.0040 0.9960
vt 0.0040 0.5040
vt 0.4960 0.5040
vt 0.4960 0.9960
vt 0.0040 0.9960
vt 0.5040 0.5040
vt 0.9960 0.5040
vt 0.9960 0.9960
vt 0.5040 0.9960
vt 0.0040 0.0040
vt 0.4960 0.0040
vt 0.4960 0.4960
vt 0.0040 0.4960
vt 0.5040 0.0040
vt 0.9960 0.0040
vt 0.9960 0.4960
vt 0.5040 0.4960
vt 0.0040 0.5040
vt 0.4960 0.5040
vt 0.4960 0.9960
vt 0.0040 0.9960
vt 0.5040 0.5040
vt 0.9960 0.5040
vt 0.9960 0.9960
vt 0.5040 0.9960
vt 0.5040 0.5040
vt 0.9960 0.5040
vt 0.9960 0.9960
vt 0.5040 0.9960
vt 0.0040 0.5040
vt 0.4960 0.5040
vt 0.4960 0.9960
vt 0.0040 0.9960
vt 0.5040 0.5040
vt 0.9960 0.5040
vt 0.9960 0.9960
vt 0.5040 0.9960
vt 0.5040 0.5040
vt 0.9960 0.5040
vt 0.9960 0.9960
vt 0.5040 0.9960
vt 0.5040 0.0040
vt 0.9960 0.0040
vt 0.9960 0.4960
vt 0.5040 0.4960
vt 0.0040 0.0040
vt 0.4960 0.0040
vt 0.4960 0.4960
vt 0.0040 0.4960
vt 0.0040 0.0040
vt 0.4960 0.0040
vt 0.4960 0.4960
vt 0.0040 0.4960
vt 0.5040 0.5040
vt 0.9960 0.5040
vt 0.9960 0.9960
vt 0.5040 0.9960
vt 0.0040 0.5040
vt 0.4960 0.5040
vt 0.4960 0.9960
vt 0.0040 0.9960
vt 0.0040 0.5040
vt 0.4960 0.5040
vt 0.4960 0.9960
vt 0.0040 0.9960
vt 0.0040 0.5040
vt 0.4960 0.5040
vt 0.4960 0.9960
vt 0.0040 0.9960
vt 0.5040 0.0040
vt 0.9960 0.0040
vt 0.9960 0.4960
vt 0.5040 0.4960
vt 0.0040 0.5040
vt 0.4960 0.5040
vt 0.4960 0.9960
vt 0.0040 0.9960
vt 0.0040 0.5040
vt 0.4960 0.5040
vt 0.4960 0.9960
vt 0.0040 0.9960
vt 0.5040 0.0040
vt 0.9960 0.0040
vt 0.9960 0.4960
vt 0.5040 0.4960
vt 0.0040 0.0040
vt 0.4960 0.0040
vt 0.4960 0.4960
vt 0.0040 0.4960
vt 0.0040 0.5040
vt 0.4960 0.5040
vt 0.4960 0.9960
vt 0.0040 0.9960
vt 0.5040 0.0040
vt 0.9960 0.0040
vt 0.9960 0.4960
vt 0.5040 0.4960
vt 0.0040 0.0040
vt 0.4960 0.0040
vt 0.4960 0.4960
vt 0.0040 0.4960
vt 0.5040 0.0040
vt 0.9960 0.0040
vt 0.9960 0.4960
vt 0.5040 0.4960
vt 0.5040 0.5040
vt 0.9960 0.5040
vt 0.9960 0.9960
vt 0.5040 0.9960
vt 0.5040 0.0040
vt 0.9960 0.0040
vt 0.9960 0.4960
vt 0.5040 0.4960
vt 0.0040 0.0040
vt 0.4960 0.0040
vt 0.4960 0.4960
vt 0.0040 0.4960
vt 0.5040 0.0040
vt 0.9960 0.0040
vt 0.9960 0.4960
vt 0.5040 0.4960
vt 0.0040 0.5040
vt 0.4960 0.5040
vt 0.4960 0.9960
vt 0.0040 0.9960
vt 0.0040 0.5040
vt 0.4960 0.5040
vt 0.4960 0.9960
vt 0.0040 0.9960
vt 0.0040 0.0040
vt 0.4960 0.0040
vt 0.4960 0.4960
vt 0.0040 0.4960
vt 0.0040 0.5040
vt 0.4960 0.5040
vt 0.4960 0.9960
vt 0.0040 0.9960
vt 0.5040 0.5040
vt 0.9960 0.5040
vt 0.9960 0.9960
vt 0.5040 0.9960
vt 0.5040 0.0040
vt 0.9960 0.0040
vt 0.9960 0.4960
vt 0.5040 0.4960
vt 0.5040 0.5040
vt 0.9960 0.5040
vt 0.9960 0.9960
vt 0.5040 0.9960
vt 0.5040 0.5040
vt 0.9960 0.5040
vt 0.9960 0.9960
vt 0.5040 0.9960
vt 0.0040 0.0040
vt 0.4960 0.0040
vt 0.4960 0.4960
vt 0.0040 0.4960
vt 0.0040 0.5040
vt 0.4960 0.5040
vt 0.4960 0.9960
vt 0.0040 0.9960
vt 0.5040 0.0040
vt 0.9960 0.0040
vt 0.9960 0.4960
vt 0.5040 0.4960
vt 0.0040 0.5040
vt 0.4960 0.5040
vt 0.4960 0.9960
vt 0.0040 0.9960
vt 0.0040 0.5040
vt 0.4960 0.5040
vt 0.4960 0.9960
vt 0.0040 0.9960
vt 0.5040 0.5040
vt 0.9960 0.5040
vt 0.9960 0.9960
vt 0.5040 0.9960
vt 0.0040 0.0040
vt 0.4960 0.0040
vt 0.4960 0.4960
vt 0.0040 0.4960
vt 0.5040 0.5040
vt 0.9960 0.5040
vt 0.9960 0.9960
vt 0.5040 0.9960
vt 0.5040 0.5040
vt 0.9960 0.5040
vt 0.9960 0.9960
vt 0.5040 0.9960
vt 0.5040 0.0040
vt 0.9960 0.0040
vt 0.9960 0.4960
vt 0.5040 0.4960
vt 0.0040 0.0040
vt 0.4960 0.0040
vt 0.4960 0.4960
vt 0.0040 0.4960
vt 0.5040 0.0040
vt 0.9960 0.0040
vt 0.9960 0.4960
vt 0.5040 0.4960
vt 0.0040 0.0040
vt 0.4960 0.0040
vt 0.4960 0.4960
vt 0.0040 0.4960
vt 0.0040 0.5040
vt 0.4960 0.5040
vt 0.4960 0.9960
vt 0.0040 0.9960
vt 0.0040 0.0040
vt 0.4960 0.0040
vt 0.4960 0.4960
vt 0.0040 0.4960
vt 0.5040 0.0040
vt 0.9960 0.0040
vt 0.9960 0.4960
vt 0.5040 0.4960
vt 0.5040 0.0040
vt 0.9960 0.0040
vt 0.9960 0.4960
vt 0.5040 0.4960
vt 0.0040 0.0040
vt 0.4960 0.0040
vt 0.4960 0.4960
vt 0.0040 0.4960
vt 0.5040 0.0040
vt 0.9960 0.0040
vt 0.9960 0.4960
vt 0.5040 0.4960
vt 0.5040 0.5040
vt 0.9960 0.5040
vt 0.9960 0.9960
vt 0.5040 0.9960
vt 0.0040 0.5040
vt 0.4960 0.5040
vt 0.4960 0.9960
vt 0.0040 0.9960
vt 0.5040 0.0040
vt 0.9960 0.0040
vt 0.9960 0.4960
vt 0.5040 0.4960
vt 0.5040 0.5040
vt 0.9960 0.5040
vt 0.9960 0.9960
vt 0.5040 0.9960
vt 0.0040 0.0040
vt 0.4960 0.0040
vt 0.4960 0.4960
vt 0.0040 0.4960
vt 0.5040 0.5040
vt 0.9960 0.5040
vt 0.9960 0.9960
vt 0.5040 0.9960
vt 0.0040 0.5040
vt 0.4960 0.5040
vt 0.4960 0.9960
vt 0.0040 0.9960
vt 0.5040 0.0040
vt 0.9960 0.0040
vt 0.9960 0.4960
vt 0.5040 0.4960
vt 0.5040 0.5040
vt 0.9960 0.5040
vt 0.9960 0.9960
vt 0.5040 0.9960
vt 0.5040 0.0040
vt 0.9960 0.0040
vt 0.9960 0.4960
vt 0.5040 0.4960
vt 0.5040 0.5040
vt 0.9960 0.5040
vt 0.9960 0.9960
vt 0.5040 0.9960
vt 0.5040 0.5040
vt 0.9960 0.5040
vt 0.9960 0.9960
vt 0.5040 0.9960
vt 0.0040 0.0040
vt 0.4960 0.0040
vt 0.4960 0.4960
vt 0.0040 0.4960
vt 0.0040 0.5040
vt 0.4960 0.5040
vt 0.4960 0.9960
vt 0.0040 0.9960
vt 0.0040 0.0040
vt 0.4960 0.0040
vt 0.4960 0.4960
vt 0.0040 0.4960
vt 0.0040 0.0040
vt 0.4960 0.0040
vt 0.4960 0.4960
vt 0.0040 0.4960
vt 0.5040 0.5040
vt 0.9960 0.5040
vt 0.9960 0.9960
vt 0.5040 0.9960
vt 0.0040 0.5040
vt 0.4960 0.5040
vt 0.4960 0.9960
vt 0.0040 0.9960
vt 0.5040 0.5040
vt 0.9960 0.5040
vt 0.9960 0.9960
vt 0.5040 0.9960
vt 0.5040 0.0040
vt 0.9960 0.0040
vt 0.9960 0.4960
vt 0.5040 0.4960
vt 0.0040 0.0040
vt 0.4960 0.0040
vt 0.4960 0.4960
vt 0.0040 0.4960
vt 0.0040 0.0040
vt 0.4960 0.0040
vt 0.4960 0.4960
vt 0.0040 0.4960
vt 0.0040 0.5040
vt 0.4960 0.5040
vt 0.4960 0.9960
vt 0.0040 0.9960
vt 0.0040 0.5040
vt 0.4960 0.5040
vt 0.4960 0.9960
vt 0.0040 0.9960
vt 0.0040 0.5040
vt 0.4960 0.5040
vt 0.4960 0.9960
vt 0.0040 0.9960
vt 0.5040 0.0040
vt 0.9960 0.0040
vt 0.9960 0.4960
vt 0.5040 0.4960
vt 0.0040 0.5040
vt 0.4960 0.5040
vt 0.4960 0.9960
vt 0.0040 0.9960
vt 0.5040 0.0040
vt 0.9960 0.0040
vt 0.9960 0.4960
vt 0.5040 0.4960
vt 0.0040 0.0040
vt 0.4960 0.0040
vt 0.4960 0.4960
vt 0.0040 0.4960
vt 0.0040 0.5040
vt 0.4960 0.5040
vt 0.4960 0.9960
vt 0.0040 0.9960
vt 0.0040 0.0040
vt 0.4960 0.0040
vt 0.4960 0.4960
vt 0.0040 0.4960
vt 0.0040 0.0040
vt 0.4960 0.0040
vt 0.4960 0.4960
vt 0.0040 0.4960
vt 0.5040 0.5040
vt 0.9960 0.5040
vt 0.9960 0.9960
vt 0.5040 0.9960
vt 0.0040 0.5040
vt 0.4960 0.5040
vt 0.4960 0.9960
vt 0.0040 0.9960
vt 0.0040 0.5040
vt 0.4960 0.5040
vt 0.4960 0.9960
vt 0.0040 0.9960
vt 0.5040 0.5040
vt 0.9960 0.5040
vt 0.9960 0.9960
vt 0.5040 0.9960
vt 0.5040 0.0040
vt 0.9960 0.0040
vt 0.9960 0.4960
vt 0.5040 0.4960
vt 0.5040 0.0040
vt 0.9960 0.0040
vt 0.9960 0.4960
vt 0.5040 0.4960
vt 0.0040 0.0040
vt 0.4960 0.0040
vt 0.4960 0.4960
vt 0.0040 0.4960
vt 0.0040 0.0040
vt 0.4960 0.0040
vt 0.4960 0.4960
vt 0.0040 0.4960
vt 0.5040 0.0040
vt 0.9960 0.0040
vt 0.9960 0.4960
vt 0.5040 0.4960
vt 0.5040 0.5040
vt 0.9960 0.5040
vt 0.9960 0.9960
vt 0.5040 0.9960
vt 0.0040 0.0040
vt 0.4960 0.0040
vt 0.4960 0.4960
vt 0.0040 0.4960
vt 0.0040 0.0040
vt 0.4960 0.0040
vt 0.4960 0.4960
vt 0.0040 0.4960
vt 0.0040 0.0040
vt 0.4960 0.0040
vt 0.4960 0.4960
vt 0.0040 0.4960
vt 0.5040 0.5040
vt 0.9960 0.5040
vt 0.9960 0.9960
vt 0.5040 0.9960
vt 0.0040 0.5040
vt 0.4960 0.5040
vt 0.4960 0.9960
vt 0.0040 0.9960
vt 0.0040 0.5040
vt 0.4960 0.5040
vt 0.4960 0.9960
vt 0.0040 0.9960
vt 0.0040 0.5040
vt 0.4960 0.5040
vt 0.4960 0.9960
vt 0.0040 0.9960
vt 0.5040 0.0040
vt 0.9960 0.0040
vt 0.9960 0.4960
vt 0.5040 0.4960
vt 0.0040 0.5040
vt 0.4960 0.5040
vt 0.4960 0.9960
vt 0.0040 0.9960
vt 0.5040 0.5040
vt 0.9960 0.5040
vt 0.9960 0.9960
vt 0.5040 0.9960
vt 0.5040 0.5040
vt 0.9960 0.5040
vt 0.9960 0.9960
vt 0.5040 0.9960
vt 0.0040 0.5040
vt 0.4960 0.5040
vt 0.4960 0.9960
vt 0.0040 0.9960
vt 0.5040 0.0040
vt 0.9960 0.0040
vt 0.9960 0.4960
vt 0.5040 0.4960
vt 0.0040 0.5040
vt 0.4960 0.5040
vt 0.4960 0.9960
vt 0.0040 0.9960
vt 0.0040 0.5040
vt 0.4960 0.5040
vt 0.4960 0.9960
vt 0.0040 0.9960
vt 0.0040 0.0040
vt 0.4960 0.0040
vt 0.4960 0.4960
vt 0.0040 0.4960
vt 0.0040 0.5040
vt 0.4960 0.5040
vt 0.4960 0.9960
vt 0.0040 0.9960
vt 0.5040 0.0040
vt 0.9960 0.0040
vt 0.9960 0.4960
vt 0.5040 0.4960
vt 0.0040 0.0040
vt 0.4960 0.0040
vt 0.4960 0.4960
vt 0.0040 0.4960
vt 0.0040 0.5040
vt 0.4960 0.5040
vt 0.4960 0.9960
vt 0.0040 0.9960
vt 0.0040 0.0040
vt 0.4960 0.0040
vt 0.4960 0.4960
vt 0.0040 0.4960
vt 0.0040 0.5040
vt 0.4960 0.5040
vt 0.4960 0.9960
vt 0.0040 0.9960
vt 0.0040 0.5040
vt 0.4960 0.5040
vt 0.4960 0.9960
vt 0.0040 0.9960
vt 0.5040 0.5040
vt 0.9960 0.5040
vt 0.9960 0.9960
vt 0.5040 0.9960
vt 0.5040 0.0040
vt 0.9960 0.0040
vt 0.9960 0.4960
vt 0.5040 0.4960
vt 0.0040 0.5040
vt 0.4960 0.5040
vt 0.4960 0.9960
vt 0.0040 0.9960
vt 0.0040 0.5040
vt 0.4960 0.5040
vt 0.4960 0.9960
vt 0.0040 0.9960
vt 0.5040 0.0040
vt 0.9960 0.0040
vt 0.9960 0.4960
vt 0.5040 0.4960
vt 0.0040 0.0040
vt 0.4960 0.0040
vt 0.4960 0.4960
vt 0.0040 0.4960
vt 0.5040 0.0040
vt 0.9960 0.0040
vt 0.9960 0.4960
vt 0.5040 0.4960
vt 0.5040 0.0040
vt 0.9960 0.0040
vt 0.9960 0.4960
vt 0.5040 0.4960
vt 0.5040 0.5040
vt 0.9960 0.5040
vt 0.9960 0.9960
vt 0.5040 0.9960
vt 0.5040 0.5040
vt 0.9960 0.5040
vt 0.9960 0.9960
vt 0.5040 0.9960
vt 0.5040 0.0040
vt 0.9960 0.0040
vt 0.9960 0.4960
vt 0.5040 0.4960
vt 0.5040 0.0040
vt 0.9960 0.0040
vt 0.9960 0.4960
vt 0.5040 0.4960
vt 0.0040 0.0040
vt 0.4960 0.0040
vt 0.4960 0.4960
vt 0.0040 0.4960
vt 0.0040 0.5040
vt 0.4960 0.5040
vt 0.4960 0.9960
vt 0.0040 0.9960
vt 0.5040 0.0040
vt 0.9960 0.0040
vt 0.9960 0.4960
vt 0.5040 0.4960
vt 0.0040 0.0040
vt 0.4960 0.0040
vt 0.4960 0.4960
vt 0.0040 0.4960
vt 0.0040 0.5040
vt 0.4960 0.5040
vt 0.4960 0.9960
vt 0.0040 0.9960
vt 0.5040 0.0040
vt 0.9960 0.0040
vt 0.9960 0.4960
vt 0.5040 0.4960
vt 0.5040 0.0040
vt 0.9960 0.0040
vt 0.9960 0.4960
vt 0.5040 0.4960
vt 0.0040 0.0040
vt 0.4960 0.0040
vt 0.4960 0.4960
vt 0.0040 0.4960
vt 0.5040 0.0040
vt 0.9960 0.0040
vt 0.9960 0.4960
vt 0.5040 0.4960
vt 0.5040 0.5040
vt 0.9960 0.5040
vt 0.9960 0.9960
vt 0.5040 0.9960
vt 0.0040 0.0040
vt 0.4960 0.0040
vt 0.4960 0.4960
vt 0.0040 0.4960
vt 0.5040 0.0040
vt 0.9960 0.0040
vt 0.9960 0.4960
vt 0.5040 0.4960
vt 0.0040 0.5040
vt 0.4960 0.5040
vt 0.4960 0.9960
vt 0.0040 0.9960
vt 0.0040 0.0040
vt 0.4960 0.0040
vt 0.4960 0.4960
vt 0.0040 0.4960
vt 0.0040 0.0040
vt 0.4960 0.0040
vt 0.4960 0.4960
vt 0.0040 0.4960
vt 0.0040 0.0040
vt 0.4960 0.0040
vt 0.4960 0.4960
vt 0.0040 0.4960
vt 0.5040 0.0040
vt 0.9960 0.0040
vt 0.9960 0.4960
vt 0.5040 0.4960
vt 0.0040 0.0040
vt 0.4960 0.0040
vt 0.4960 0.4960
vt 0.0040 0.4960
vt 0.0040 0.5040
vt 0.4960 0.5040
vt 0.4960 0.9960
vt 0.0040 0.9960
vt 0.5040 0.0040
vt 0.9960 0.0040
vt 0.9960 0.4960
vt 0.5040 0.4960
vt 0.0040 0.5040
vt 0.4960 0.5040
vt 0.4960 0.9960
vt 0.0040 0.9960
vt 0.0040 0.5040
vt 0.4960 0.5040
vt 0.4960 0.9960
vt 0.0040 0.9960
vt 0.0040 0.0040
vt 0.4960 0.0040
vt 0.4960 0.4960
vt 0.0040 0.4960
vt 0.0040 0.0040
vt 0.4960 0.0040
vt 0.4960 0.4960
vt 0.0040 0.4960
vt 0.0040 0.0040
vt 0.4960 0.0040
vt 0.4960 0.4960
vt 0.0040 0.4960
vt 0.5040 0.5040
vt 0.9960 0.5040
vt 0.9960 0.9960
vt 0.5040 0.9960
vt 0.0040 0.5040
vt 0.4960 0.5040
vt 0.4960 0.9960
vt 0.0040 0.9960
vt 0.0040 0.5040
vt 0.4960 0.5040
vt 0.4960 0.9960
vt 0.0040 0.9960
vt 0.0040 0.5040
vt 0.4960 0.5040
vt 0.4960 0.9960
vt 0.0040 0.9960
vt 0.5040 0.0040
vt 0.9960 0.0040
vt 0.9960 0.4960
vt 0.5040 0.4960
vt 0.0040 0.0040
vt 0.4960 0.0040
vt 0.4960 0.4960
vt 0.0040 0.4960
vt 0.5040 0.5040
vt 0.9960 0.5040
vt 0.9960 0.9960
vt 0.5040 0.9960
vt 0.5040 0.5040
vt 0.9960 0.5040
vt 0.9960 0.9960
vt 0.5040 0.9960
vt 0.5040 0.5040
vt 0.9960 0.5040
vt 0.9960 0.9960
vt 0.5040 0.9960
vt 0.0040 0.5040
vt 0.4960 0.5040
vt 0.4960 0.9960
vt 0.0040 0.9960
vt 0.0040 0.5040
vt 0.4960 0.5040
vt 0.4960 0.9960
vt 0.0040 0.9960
vt 0.5040 0.0040
vt 0.9960 0.0040
vt 0.9960 0.4960
vt 0.5040 0.4960
vt 0.5040 0.0040
vt 0.9960 0.0040
vt 0.9960 0.4960
vt 0.5040 0.4960
vt 0.0040 0.5040
vt 0.4960 0.5040
vt 0.4960 0.9960
vt 0.0040 0.9960
vt 0.5040 0.0040
vt 0.9960 0.0040
vt 0.9960 0.4960
vt 0.5040 0.4960
vt 0.0040 0.0040
vt 0.4960 0.0040
vt 0.4960 0.4960
vt 0.0040 0.4960
vt 0.5040 0.5040
vt 0.9960 0.5040
vt 0.9960 0.9960
vt 0.5040 0.9960
vt 0.5040 0.5040
vt 0.9960 0.5040
vt 0.9960 0.9960
vt 0.5040 0.9960
vt 0.0040 0.5040
vt 0.4960 0.5040
vt 0.4960 0.9960
vt 0.0040 0.9960
vt 0.0040 0.0040
vt 0.4960 0.0040
vt 0.4960 0.4960
vt 0.0040 0.4960
vt 0.5040 0.0040
vt 0.9960 0.0040
vt 0.9960 0.4960
vt 0.5040 0.4960
vt 0.0040 0.5040
vt 0.4960 0.5040
vt 0.4960 0.9960
vt 0.0040 0.9960
vt 0.0040 0.5040
vt 0.4960 0.5040
vt 0.4960 0.9960
vt 0.0040 0.9960
vt 0.0040 0.5040
vt 0.4960 0.5040
vt 0.4960 0.9960
vt 0.0040 0.9960
vt 0.0040 0.0040
vt 0.4960 0.0040
vt 0.4960 0.4960
vt 0.0040 0.4960
vt 0.0040 0.5040
vt 0.4960 0.5040
vt 0.4960 0.9960
vt 0.0040 0.9960
vt 0.0040 0.5040
vt 0.4960 0.5040
vt 0.4960 0.9960
vt 0.0040 0.9960
vt 0.0040 0.5040
vt 0.4960 0.5040
vt 0.4960 0.9960
vt 0.0040 0.9960
vt 0.0040 0.5040
vt 0.4960 0.5040
vt 0.4960 0.9960
vt 0.0040 0.9960
vt 0.0040 0.5040
vt 0.4960 0.5040
vt 0.4960 0.9960
vt 0.0040 0.9960
vt 0.0040 0.0040
vt 0.4960 0.0040
vt 0.4960 0.4960
vt 0.0040 0.4960
vt 0.5040 0.5040
vt 0.9960 0.5040
vt 0.9960 0.9960
vt 0.5040 0.9960
vt 0.5040 0.0040
vt 0.9960 0.0040
vt 0.9960 0.4960
vt 0.5040 0.4960
vt 0.0040 0.0040
vt 0.4960 0.0040
vt 0.4960 0.4960
vt 0.0040 0.4960
vt 0.0040 0.5040
vt 0.4960 0.5040
vt 0.4960 0.9960
vt 0.0040 0.9960
vt 0.5040 0.0040
vt 0.9960 0.0040
vt 0.9960 0.4960
vt 0.5040 0.4960
vt 0.0040 0.0040
vt 0.4960 0.0040
vt 0.4960 0.4960
vt 0.0040 0.4960
vt 0.0040 0.5040
vt 0.4960 0.5040
vt 0.4960 0.9960
vt 0.0040 0.9960
vt 0.0040 0.5040
vt 0.4960 0.5040
vt 0.4960 0.9960
vt 0.0040 0.9960
vt 0.5040 0.5040
vt 0.9960 0.5040
vt 0.9960 0.9960
vt 0.5040 0.9960
vt 0.5040 0.5040
vt 0.9960 0.5040
vt 0.9960 0.9960
vt 0.5040 0.9960
vt 0.0040 0.5040
vt 0.4960 0.5040
vt 0.4960 0.9960
vt 0.0040 0.9960
vt 0.5040 0.0040
vt 0.9960 0.0040
vt 0.9960 0.4960
vt 0.5040 0.4960
vt 0.5040 0.5040
vt 0.9960 0.5040
vt 0.9960 0.9960
vt 0.5040 0.9960
vt 0.5040 0.0040
vt 0.9960 0.0040
vt 0.9960 0.4960
vt 0.5040 0.4960
vt 0.5040 0.5040
vt 0.9960 0.5040
vt 0.9960 0.9960
vt 0.5040 0.9960
vt 0.5040 0.0040
vt 0.9960 0.0040
vt 0.9960 0.4960
vt 0.5040 0.4960
vt 0.0040 0.0040
vt 0.4960 0.0040
vt 0.4960 0.4960
vt 0.0040 0.4960
vt 0.0040 0.5040
vt 0.4960 0.5040
vt 0.4960 0.9960
vt 0.0040 0.9960
vt 0.0040 0.5040
vt 0.4960 0.5040
vt 0.4960 0.9960
vt 0.0040 0.9960
vt 0.0040 0.0040
vt 0.4960 0.0040
vt 0.4960 0.4960
vt 0.0040 0.4960
vt 0.5040 0.5040
vt 0.9960 0.5040
vt 0.9960 0.9960
vt 0.5040 0.9960
vt 0.0040 0.5040
vt 0.4960 0.5040
vt 0.4960 0.9960
vt 0.0040 0.9960
vt 0.5040 0.0040
vt 0.9960 0.0040
vt 0.9960 0.4960
vt 0.5040 0.4960
vt 0.5040 0.0040
vt 0.9960 0.0040
vt 0.9960 0.4960
vt 0.5040 0.4960
vt 0.0040 0.0040
vt 0.4960 0.0040
vt 0.4960 0.4960
vt 0.0040 0.4960
vt 0.0040 0.0040
vt 0.4960 0.0040
vt 0.4960 0.4960
vt 0.0040 0.4960
vt 0.0040 0.5040
vt 0.4960 0.5040
vt 0.4960 0.9960
vt 0.0040 0.9960
vt 0.5040 0.5040
vt 0.9960 0.5040
vt 0.9960 0.9960
vt 0.5040 0.9960
vt 0.5040 0.5040
vt 0.9960 0.5040
vt 0.9960 0.9960
vt 0.5040 0.9960
vt 0.5040 0.5040
vt 0.9960 0.5040
vt 0.9960 0.9960
vt 0.5040 0.9960
vt 0.0040 0.0040
vt 0.4960 0.0040
vt 0.4960 0.4960
vt 0.0040 0.4960
vt 0.0040 0.5040
vt 0.4960 0.5040
vt 0.4960 0.9960
vt 0.0040 0.9960
vt 0.5040 0.0040
vt 0.9960 0.0040
vt 0.9960 0.4960
vt 0.5040 0.4960
vt 0.0040 0.0040
vt 0.4960 0.0040
vt 0.4960 0.4960
vt 0.0040 0.4960
vt 0.0040 0.5040
vt 0.4960 0.5040
vt 0.4960 0.9960
vt 0.0040 0.9960
vt 0.0040 0.0040
vt 0.4960 0.0040
vt 0.4960 0.4960
vt 0.0040 0.4960
vt 0.0040 0.5040
vt 0.4960 0.5040
vt 0.4960 0.9960
vt 0.0040 0.9960
vt 0.0040 0.0040
vt 0.4960 0.0040
vt 0.4960 0.4960
vt 0.0040 0.4960
vt 0.5040 0.5040
vt 0.9960 0.5040
vt 0.9960 0.9960
vt 0.5040 0.9960
vt 0.0040 0.0040
vt 0.4960 0.0040
vt 0.4960 0.4960
vt 0.0040 0.4960
vt 0.0040 0.0040
vt 0.4960 0.0040
vt 0.4960 0.4960
vt 0.0040 0.4960
vt 0.0040 0.5040
vt 0.4960 0.5040
vt 0.4960 0.9960
vt 0.0040 0.9960
vt 0.5040 0.0040
vt 0.9960 0.0040
vt 0.9960 0.4960
vt 0.5040 0.4960
vt 0.5040 0.5040
vt 0.9960 0.5040
vt 0.9960 0.9960
vt 0.5040 0.9960
vt 0.0040 0.5040
vt 0.4960 0.5040
vt 0.4960 0.9960
vt 0.0040 0.9960
vt 0.5040 0.5040
vt 0.9960 0.5040
vt 0.9960 0.9960
vt 0.5040 0.9960
vt 0.0040 0.0040
vt 0.4960 0.0040
vt 0.4960 0.4960
vt 0.0040 0.4960
vt 0.5040 0.0040
vt 0.9960 0.0040
vt 0.9960 0.4960
vt 0.5040 0.4960
vt 0.5040 0.0040
vt 0.9960 0.0040
vt 0.9960 0.4960
vt 0.5040 0.4960
vt 0.5040 0.5040
vt 0.9960 0.5040
vt 0.9960 0.9960
vt 0.5040 0.9960
vt 0.5040 0.0040
vt 0.9960 0.0040
vt 0.9960 0.4960
vt 0.5040 0.4960
vt 0.5040 0.0040
vt 0.9960 0.0040
vt 0.9960 0.4960
vt 0.5040 0.4960
vt 0.5040 0.5040
vt 0.9960 0.5040
vt 0.9960 0.9960
vt 0.5040 0.9960
vt 0.0040 0.5040
vt 0.4960 0.5040
vt 0.4960 0.9960
vt 0.0040 0.9960
vt 0.5040 0.0040
vt 0.9960 0.0040
vt 0.9960 0.4960
vt 0.5040 0.4960
vt 0.5040 0.0040
vt 0.9960 0.0040
vt 0.9960 0.4960
vt 0.5040 0.4960
vt 0.5040 0.5040
vt 0.9960 0.5040
vt 0.9960 0.9960
vt 0.5040 0.9960
vt 0.0040 0.5040
vt 0.4960 0.5040
vt 0.4960 0.9960
vt 0.0040 0.9960
vt 0.0040 0.0040
vt 0.4960 0.0040
vt 0.4960 0.4960
vt 0.0040 0.4960
vt 0.0040 0.5040
vt 0.4960 0.5040
vt 0.4960 0.9960
vt 0.0040 0.9960
vt 0.5040 0.0040
vt 0.9960 0.0040
vt 0.9960 0.4960
vt 0.5040 0.4960
vt 0.5040 0.0040
vt 0.9960 0.0040
vt 0.9960 0.4960
vt 0.5040 0.4960
vt 0.0040 0.0040
vt 0.4960 0.0040
vt 0.4960 0.4960
vt 0.0040 0.4960
vt 0.0040 0.5040
vt 0.4960 0.5040
vt 0.4960 0.9960
vt 0.0040 0.9960
vt 0.0040 0.0040
vt 0.4960 0.0040
vt 0.4960 0.4960
vt 0.0040 0.4960
vt 0.5040 0.0040
vt 0.9960 0.0040
vt 0.9960 0.4960
vt 0.5040 0.4960
vt 0.0040 0.0040
vt 0.4960 0.0040
vt 0.4960 0.4960
vt 0.0040 0.4960
vt 0.0040 0.0040
vt 0.4960 0.0040
vt 0.4960 0.4960
vt 0.0040 0.4960
vt 0.5040 0.0040
vt 0.9960 0.0040
vt 0.9960 0.4960
vt 0.5040 0.4960
vt 0.0040 0.5040
vt 0.4960 0.5040
vt 0.4960 0.9960
vt 0.0040 0.9960
vt 0.0040 0.0040
vt 0.4960 0.0040
vt 0.4960 0.4960
vt 0.0040 0.4960
vt 0.5040 0.0040
vt 0.9960 0.0040
vt 0.9960 0.4960
vt 0.5040 0.4960
vt 0.5040 0.5040
vt 0.9960 0.5040
vt 0.9960 0.9960
vt 0.5040 0.9960
vt 0.5040 0.5040
vt 0.9960 0.5040
vt 0.9960 0.9960
vt 0.5040 0.9960
vt 0.5040 0.5040
vt 0.9960 0.5040
vt 0.9960 0.9960
vt 0.5040 0.9960
vt 0.5040 0.0040
vt 0.9960 0.0040
vt 0.9960 0.4960
vt 0.5040 0.4960
vt 0.0040 0.5040
vt 0.4960 0.5040
vt 0.4960 0.9960
vt 0.0040 0.9960
vt 0.5040 0.5040
vt 0.9960 0.5040
vt 0.9960 0.9960
vt 0.5040 0.9960
vt 0.0040 0.5040
vt 0.4960 0.5040
vt 0.4960 0.9960
vt 0.0040 0.9960
vt 0.5040 0.0040
vt 0.9960 0.0040
vt 0.9960 0.4960
vt 0.5040 0.4960
vt 0.5040 0.5040
vt 0.9960 0.5040
vt 0.9960 0.9960
vt 0.5040 0.9960
vt 0.0040 0.0040
vt 0.4960 0.0040
vt 0.4960 0.4960
vt 0.0040 0.4960
vt 0.0040 0.0040
vt 0.4960 0.0040
vt 0.4960 0.4960
vt 0.0040 0.4960
vt 0.5040 0.5040
vt 0.9960 0.5040
vt 0.9960 0.9960
vt 0.5040 0.9960
vt 0.0040 0.0040
vt 0.4960 0.0040
vt 0.4960 0.4960
vt 0.0040 0.4960
vt 0.0040 0.0040
vt 0.4960 0.0040
vt 0.4960 0.4960
vt 0.0040 0.4960
vt 0.5040 0.0040
vt 0.9960 0.0040
vt 0.9960 0.4960
vt 0.5040 0.4960
vt 0.0040 0.5040
vt 0.4960 0.5040
vt 0.4960 0.9960
vt 0.0040 0.9960
vt 0.0040 0.5040
vt 0.4960 0.5040
vt 0.4960 0.9960
vt 0.0040 0.9960
vt 0.0040 0.0040
vt 0.4960 0.0040
vt 0.4960 0.4960
vt 0.0040 0.4960
vt 0.5040 0.5040
vt 0.9960 0.5040
vt 0.9960 0.9960
vt 0.5040 0.9960
vt 0.0040 0.5040
vt 0.4960 0.5040
vt 0.4960 0.9960
vt 0.0040 0.9960
vt 0.5040 0.0040
vt 0.9960 0.0040
vt 0.9960 0.4960
vt 0.5040 0.4960
vt 0.5040 0.5040
vt 0.9960 0.5040
vt 0.9960 0.9960
vt 0.5040 0.9960
vt 0.0040 0.0040
vt 0.4960 0.0040
vt 0.4960 0.4960
vt 0.0040 0.4960
vt 0.5040 0.0040
vt 0.9960 0.0040
vt 0.9960 0.4960
vt 0.5040 0.4960
vt 0.5040 0.5040
vt 0.9960 0.5040
vt 0.9960 0.9960
vt 0.5040 0.9960
vt 0.0040 0.0040
vt 0.4960 0.0040
vt 0.4960 0.4960
vt 0.0040 0.4960
vt 0.0040 0.5040
vt 0.4960 0.5040
vt 0.4960 0.9960
vt 0.0040 0.9960
vt 0.5040 0.5040
vt 0.9960 0.5040
vt 0.9960 0.9960
vt 0.5040 0.9960
vt 0.0040 0.0040
vt 0.4960 0.0040
vt 0.4960 0.4960
vt 0.0040 0.4960
vt 0.5040 0.0040
vt 0.9960 0.0040
vt 0.9960 0.4960
vt 0.5040 0.4960
vt 0.5040 0.5040
vt 0.9960 0.5040
vt 0.9960 0.9960
vt 0.5040 0.9960
vt 0.5040 0.0040
vt 0.9960 0.0040
vt 0.9960 0.4960
vt 0.5040 0.4960
vt 0.5040 0.0040
vt 0.9960 0.0040
vt 0.9960 0.4960
vt 0.5040 0.4960
vt 0.0040 0.5040
vt 0.4960 0.5040
vt 0.4960 0.9960
vt 0.0040 0.9960
vt 0.5040 0.0040
vt 0.9960 0.0040
vt 0.9960 0.4960
vt 0.5040 0.4960
vt 0.5040 0.5040
vt 0.9960 0.5040
vt 0.9960 0.9960
vt 0.5040 0.9960
vt 0.0040 0.5040
vt 0.4960 0.5040
vt 0.4960 0.9960
vt 0.0040 0.9960
vt 0.0040 0.5040
vt 0.4960 0.5040
vt 0.4960 0.9960
vt 0.0040 0.9960
vt 0.0040 0.0040
vt 0.4960 0.0040
vt 0.4960 0.4960
vt 0.0040 0.4960
vt 0.0040 0.0040
vt 0.4960 0.0040
vt 0.4960 0.4960
vt 0.0040 0.4960
vt 0.0040 0.0040
vt 0.4960 0.0040
vt 0.4960 0.4960
vt 0.0040 0.4960
vt 0.0040 0.0040
vt 0.4960 0.0040
vt 0.4960 0.4960
vt 0.0040 0.4960
vt 0.0040 0.5040
vt 0.4960 0.5040
vt 0.4960 0.9960
vt 0.0040 0.9960
vt 0.0040 0.5040
vt 0.4960 0.5040
vt 0.4960 0.9960
vt 0.0040 0.9960
vt 0.5040 0.5040
vt 0.9960 0.5040
vt 0.9960 0.9960
vt 0.5040 0.9960
vt 0.0040 0.5040
vt 0.4960 0.5040
vt 0.4960 0.9960
vt 0.0040 0.9960
vt 0.0040 0.0040
vt 0.4960 0.0040
vt 0.4960 0.4960
vt 0.0040 0.4960
vt 0.5040 0.5040
vt 0.9960 0.5040
vt 0.9960 0.9960
vt 0.5040 0.9960
vt 0.5040 0.5040
vt 0.9960 0.5040
vt 0.9960 0.9960
vt 0.5040 0.9960
vt 0.5040 0.5040
vt 0.9960 0.5040
vt 0.9960 0.9960
vt 0.5040 0.9960
vt 0.0040 0.0040
vt 0.4960 0.0040
vt 0.4960 0.4960
vt 0.0040 0.4960
vt 0.0040 0.0040
vt 0.4960 0.0040
vt 0.4960 0.4960
vt 0.0040 0.4960
vt 0.0040 0.5040
vt 0.4960 0.5040
vt 0.4960 0.9960
vt 0.0040 0.9960
vt 0.5040 0.0040
vt 0.9960 0.0040
vt 0.9960 0.4960
vt 0.5040 0.4960
vt 0.5040 0.5040
vt 0.9960 0.5040
vt 0.9960 0.9960
vt 0.5040 0.9960
vt 0.0040 0.5040
vt 0.4960 0.5040
vt 0.4960 0.9960
vt 0.0040 0.9960
vt 0.0040 0.5040
vt 0.4960 0.5040
vt 0.4960 0.9960
vt 0.0040 0.9960
vt 0.5040 0.5040
vt 0.9960 0.5040
vt 0.9960 0.9960
vt 0.5040 0.9960
vt 0.5040 0.5040
vt 0.9960 0.5040
vt 0.9960 0.9960
vt 0.5040 0.9960
vt 0.5040 0.0040
vt 0.9960 0.0040
vt 0.9960 0.4960
vt 0.5040 0.4960
vt 0.0040 0.0040
vt 0.4960 0.0040
vt 0.4960 0.4960
vt 0.0040 0.4960
vt 0.5040 0.5040
vt 0.9960 0.5040
vt 0.9960 0.9960
vt 0.5040 0.9960
vt 0.5040 0.5040
vt 0.9960 0.5040
vt 0.9960 0.9960
vt 0.5040 0.9960
vt 0.0040 0.0040
vt 0.4960 0.0040
vt 0.4960 0.4960
vt 0.0040 0.4960
vt 0.5040 0.0040
vt 0.9960 0.0040
vt 0.9960 0.4960
vt 0.5040 0.4960
vt 0.5040 0.5040
vt 0.9960 0.5040
vt 0.9960 0.9960
vt 0.5040 0.9960
vt 0.5040 0.5040
vt 0.9960 0.5040
vt 0.9960 0.9960
vt 0.5040 0.9960
vt 0.0040 0.5040
vt 0.4960 0.5040
vt 0.4960 0.9960
vt 0.0040 0.9960
vt 0.0040 0.5040
vt 0.4960 0.5040
vt 0.4960 0.9960
vt 0.0040 0.9960
vt 0.0040 0.0040
vt 0.4960 0.0040
vt 0.4960 0.4960
vt 0.0040 0.4960
vt 0.5040 0.5040
vt 0.9960 0.5040
vt 0.9960 0.9960
vt 0.5040 0.9960
vt 0.0040 0.5040
vt 0.4960 0.5040
vt 0.4960 0.9960
vt 0.0040 0.9960
vt 0.0040 0.0040
vt 0.4960 0.0040
vt 0.4960 0.4960
vt 0.0040 0.4960
vt 0.0040 0.5040
vt 0.4960 0.5040
vt 0.4960 0.9960
vt 0.0040 0.9960
vt 0.0040 0.5040
vt 0.4960 0.5040
vt 0.4960 0.9960
vt 0.0040 0.9960
vt 0.5040 0.5040
vt 0.9960 0.5040
vt 0.9960 0.9960
vt 0.5040 0.9960
vt 0.0040 0.5040
vt 0.4960 0.5040
vt 0.4960 0.9960
vt 0.0040 0.9960
vt 0.5040 0.0040
vt 0.9960 0.0040
vt 0.9960 0.4960
vt 0.5040 0.4960
vt 0.5040 0.5040
vt 0.9960 0.5040
vt 0.9960 0.9960
vt 0.5040 0.9960
vt 0.5040 0.5040
vt 0.9960 0.5040
vt 0.9960 0.9960
vt 0.5040 0.9960
vt 0.0040 0.0040
vt 0.4960 0.0040
vt 0.4960 0.4960
vt 0.0040 0.4960
vt 0.5040 0.5040
vt 0.9960 0.5040
vt 0.9960 0.9960
vt 0.5040 0.9960
vt 0.5040 0.0040
vt 0.9960 0.0040
vt 0.9960 0.4960
vt 0.5040 0.4960
vt 0.0040 0.0040
vt 0.4960 0.0040
vt 0.4960 0.4960
vt 0.0040 0.4960
vt 0.0040 0.5040
vt 0.4960 0.5040
vt 0.4960 0.9960
vt 0.0040 0.9960
vt 0.5040 0.0040
vt 0.9960 0.0040
vt 0.9960 0.4960
vt 0.5040 0.4960
vt 0.0040 0.5040
vt 0.4960 0.5040
vt 0.4960 0.9960
vt 0.0040 0.9960
vt 0.5040 0.0040
vt 0.9960 0.0040
vt 0.9960 0.4960
vt 0.5040 0.4960
vt 0.0040 0.5040
vt 0.4960 0.5040
vt 0.4960 0.9960
vt 0.0040 0.9960
vt 0.0040 0.0040
vt 0.4960 0.0040
vt 0.4960 0.4960
vt 0.0040 0.4960
vt 0.0040 0.0040
vt 0.4960 0.0040
vt 0.4960 0.4960
vt 0.0040 0.4960
vt 0.0040 0.0040
vt 0.4960 0.0040
vt 0.4960 0.4960
vt 0.0040 0.4960
vt 0.5040 0.5040
vt 0.9960 0.5040
vt 0.9960 0.9960
vt 0.5040 0.9960
vt 0.0040 0.5040
vt 0.4960 0.5040
vt 0.4960 0.9960
vt 0.0040 0.9960
vt 0.0040 0.5040
vt 0.4960 0.5040
vt 0.4960 0.9960
vt 0.0040 0.9960
vt 0.5040 0.0040
vt 0.9960 0.0040
vt 0.9960 0.4960
vt 0.5040 0.4960
vt 0.0040 0.5040
vt 0.4960 0.5040
vt 0.4960 0.9960
vt 0.0040 0.9960
vt 0.5040 0.5040
vt 0.9960 0.5040
vt 0.9960 0.9960
vt 0.5040 0.9960
vt 0.0040 0.5040
vt 0.4960 0.5040
vt 0.4960 0.9960
vt 0.0040 0.9960
vt 0.0040 0.0040
vt 0.4960 0.0040
vt 0.4960 0.4960
vt 0.0040 0.4960
vt 0.5040 0.0040
vt 0.9960 0.0040
vt 0.9960 0.4960
vt 0.5040 0.4960
vt 0.0040 0.5040
vt 0.4960 0.5040
vt 0.4960 0.9960
vt 0.0040 0.9960
vt 0.5040 0.5040
vt 0.9960 0.5040
vt 0.9960 0.9960
vt 0.5040 0.9960
vt 0.5040 0.5040
vt 0.9960 0.5040
vt 0.9960 0.9960
vt 0.5040 0.9960
vt 0.5040 0.0040
vt 0.9960 0.0040
vt 0.9960 0.4960
vt 0.5040 0.4960
vt 0.5040 0.5040
vt 0.9960 0.5040
vt 0.9960 0.9960
vt 0.5040 0.9960
vt 0.5040 0.5040
vt 0.9960 0.5040
vt 0.9960 0.9960
vt 0.5040 0.9960
vt 0.5040 0.5040
vt 0.9960 0.5040
vt 0.9960 0.9960
vt 0.5040 0.9960
vt 0.0040 0.5040
vt 0.4960 0.5040
vt 0.4960 0.9960
vt 0.0040 0.9960
vt 0.0040 0.5040
vt 0.4960 0.5040
vt 0.4960 0.9960
vt 0.0040 0.9960
vt 0.0040 0.5040
vt 0.4960 0.5040
vt 0.4960 0.9960
vt 0.0040 0.9960
vt 0.5040 0.0040
vt 0.9960 0.0040
vt 0.9960 0.4960
vt 0.5040 0.4960
vt 0.0040 0.0040
vt 0.4960 0.0040
vt 0.4960 0.4960
vt 0.0040 0.4960
vt 0.0040 0.5040
vt 0.4960 0.5040
vt 0.4960 0.9960
vt 0.0040 0.9960
vt 0.0040 0.5040
vt 0.4960 0.5040
vt 0.4960 0.9960
vt 0.0040 0.9960
vt 0.0040 0.5040
vt 0.4960 0.5040
vt 0.4960 0.9960
vt 0.0040 0.9960
vt 0.5040 0.0040
vt 0.9960 0.0040
vt 0.9960 0.4960
vt 0.5040 0.4960
vt 0.5040 0.5040
vt 0.9960 0.5040
vt 0.9960 0.9960
vt 0.5040 0.9960
vt 0.0040 0.0040
vt 0.4960 0.0040
vt 0.4960 0.4960
vt 0.0040 0.4960
vt 0.5040 0.5040
vt 0.9960 0.5040
vt 0.9960 0.9960
vt 0.5040 0.9960
vt 0.5040 0.5040
vt 0.9960 0.5040
vt 0.9960 0.9960
vt 0.5040 0.9960
vt 0.0040 0.0040
vt 0.4960 0.0040
vt 0.4960 0.4960
vt 0.0040 0.4960
vt 0.5040 0.5040
vt 0.9960 0.5040
vt 0.9960 0.9960
vt 0.5040 0.9960
vt 0.0040 0.5040
vt 0.4960 0.5040
vt 0.4960 0.9960
vt 0.0040 0.9960
vt 0.0040 0.0040
vt 0.4960 0.0040
vt 0.4960 0.4960
vt 0.0040 0.4960
vt 0.5040 0.5040
vt 0.9960 0.5040
vt 0.9960 0.9960
vt 0.5040 0.9960
vt 0.5040 0.0040
vt 0.9960 0.0040
vt 0.9960 0.4960
vt 0.5040 0.4960
vt 0.5040 0.0040
vt 0.9960 0.0040
vt 0.9960 0.4960
vt 0.5040 0.4960
vt 0.0040 0.5040
vt 0.4960 0.5040
vt 0.4960 0.9960
vt 0.0040 0.9960
vt 0.0040 0.5040
vt 0.4960 0.5040
vt 0.4960 0.9960
vt 0.0040 0.9960
vt 0.0040 0.0040
vt 0.4960 0.0040
vt 0.4960 0.4960
vt 0.0040 0.4960
vt 0.5040 0.0040
vt 0.9960 0.0040
vt 0.9960 0.4960
vt 0.5040 0.4960
vt 0.0040 0.0040
vt 0.4960 0.0040
vt 0.4960 0.4960
vt 0.0040 0.4960
vt 0.5040 0.5040
vt 0.9960 0.5040
vt 0.9960 0.9960
vt 0.5040 0.9960
vt 0.0040 0.0040
vt 0.4960 0.0040
vt 0.4960 0.4960
vt 0.0040 0.4960
vt 0.5040 0.5040
vt 0.9960 0.5040
vt 0.9960 0.9960
vt 0.5040 0.9960
vt 0.5040 0.5040
vt 0.9960 0.5040
vt 0.9960 0.9960
vt 0.5040 0.9960
vt 0.5040 0.5040
vt 0.9960 0.5040
vt 0.9960 0.9960
vt 0.5040 0.9960
vt 0.5040 0.5040
vt 0.9960 0.5040
vt 0.9960 0.9960
vt 0.5040 0.9960
vt 0.0040 0.0040
vt 0.4960 0.0040
vt 0.4960 0.4960
vt 0.0040 0.4960
vt 0.0040 0.0040
vt 0.4960 0.0040
vt 0.4960 0.4960
vt 0.0040 0.4960
vt 0.0040 0.5040
vt 0.4960 0.5040
vt 0.4960 0.9960
vt 0.0040 0.9960
vt 0.0040 0.5040
vt 0.4960 0.5040
vt 0.4960 0.9960
vt 0.0040 0.9960
vt 0.0040 0.5040
vt 0.4960 0.5040
vt 0.4960 0.9960
vt 0.0040 0.9960
vt 0.5040 0.5040
vt 0.9960 0.5040
vt 0.9960 0.9960
vt 0.5040 0.9960
vt 0.5040 0.5040
vt 0.9960 0.5040
vt 0.9960 0.9960
vt 0.5040 0.9960
vt 0.0040 0.5040
vt 0.4960 0.5040
vt 0.4960 0.9960
vt 0.0040 0.9960
vt 0.5040 0.0040
vt 0.9960 0.0040
vt 0.9960 0.4960
vt 0.5040 0.4960
vt 0.0040 0.5040
vt 0.4960 0.5040
vt 0.4960 0.9960
vt 0.0040 0.9960
vt 0.5040 0.5040
vt 0.9960 0.5040
vt 0.9960 0.9960
vt 0.5040 0.9960
vt 0.5040 0.5040
vt 0.9960 0.5040
vt 0.9960 0.9960
vt 0.5040 0.9960
vt 0.5040 0.0040
vt 0.9960 0.0040
vt 0.9960 0.4960
vt 0.5040 0.4960
vt 0.0040 0.0040
vt 0.4960 0.0040
vt 0.4960 0.4960
vt 0.0040 0.4960
vt 0.5040 0.0040
vt 0.9960 0.0040
vt 0.9960 0.4960
vt 0.5040 0.4960
vt 0.5040 0.0040
vt 0.9960 0.0040
vt 0.9960 0.4960
vt 0.5040 0.4960
vt 0.0040 0.5040
vt 0.4960 0.5040
vt 0.4960 0.9960
vt 0.0040 0.9960
vt 0.5040 0.0040
vt 0.9960 0.0040
vt 0.9960 0.4960
vt 0.5040 0.4960
vt 0.5040 0.5040
vt 0.9960 0.5040
vt 0.9960 0.9960
vt 0.5040 0.9960
vt 0.0040 0.0040
vt 0.4960 0.0040
vt 0.4960 0.4960
vt 0.0040 0.4960
vt 0.0040 0.0040
vt 0.4960 0.0040
vt 0.4960 0.4960
vt 0.0040 0.4960
vt 0.5040 0.0040
vt 0.9960 0.0040
vt 0.9960 0.4960
vt 0.5040 0.4960
vt 0.0040 0.0040
vt 0.4960 0.0040
vt 0.4960 0.4960
vt 0.0040 0.4960
vt 0.0040 0.0040
vt 0.4960 0.0040
vt 0.4960 0.4960
vt 0.0040 0.4960
vt 0.0040 0.5040
vt 0.4960 0.5040
vt 0.4960 0.9960
vt 0.0040 0.9960
vt 0.5040 0.0040
vt 0.9960 0.0040
vt 0.9960 0.4960
vt 0.5040 0.4960
vt 0.5040 0.5040
vt 0.9960 0.5040
vt 0.9960 0.9960
vt 0.5040 0.9960
vt 0.5040 0.5040
vt 0.9960 0.5040
vt 0.9960 0.9960
vt 0.5040 0.9960
vt 0.5040 0.0040
vt 0.9960 0.0040
vt 0.9960 0.4960
vt 0.5040 0.4960
vt 0.5040 0.5040
vt 0.9960 0.5040
vt 0.9960 0.9960
vt 0.5040 0.9960
vt 0.0040 0.0040
vt 0.4960 0.0040
vt 0.4960 0.4960
vt 0.0040 0.4960
vt 0.0040 0.0040
vt 0.4960 0.0040
vt 0.4960 0.4960
vt 0.0040 0.4960
vt 0.5040 0.0040
vt 0.9960 0.0040
vt 0.9960 0.4960
vt 0.5040 0.4960
vt 0.0040 0.5040
vt 0.4960 0.5040
vt 0.4960 0.9960
vt 0.0040 0.9960
vt 0.5040 0.5040
vt 0.9960 0.5040
vt 0.9960 0.9960
vt 0.5040 0.9960
vt 0.5040 0.5040
vt 0.9960 0.5040
vt 0.9960 0.9960
vt 0.5040 0.9960
vt 0.5040 0.0040
vt 0.9960 0.0040
vt 0.9960 0.4960
vt 0.5040 0.4960
vt 0.5040 0.0040
vt 0.9960 0.0040
vt 0.9960 0.4960
vt 0.5040 0.4960
vt 0.5040 0.5040
vt 0.9960 0.5040
vt 0.9960 0.9960
vt 0.5040 0.9960
vt 0.5040 0.5040
vt 0.9960 0.5040
vt 0.9960 0.9960
vt 0.5040 0.9960
vt 0.0040 0.0040
vt 0.4960 0.0040
vt 0.4960 0.4960
vt 0.0040 0.4960
vt 0.5040 0.0040
vt 0.9960 0.0040
vt 0.9960 0.4960
vt 0.5040 0.4960
vt 0.0040 0.0040
vt 0.4960 0.0040
vt 0.4960 0.4960
vt 0.0040 0.4960
vt 0.0040 0.5040
vt 0.4960 0.5040
vt 0.4960 0.9960
vt 0.0040 0.9960
vt 0.5040 0.5040
vt 0.9960 0.5040
vt 0.9960 0.9960
vt 0.5040 0.9960
vt 0.5040 0.0040
vt 0.9960 0.0040
vt 0.9960 0.4960
vt 0.5040 0.4960
vt 0.0040 0.0040
vt 0.4960 0.0040
vt 0.4960 0.4960
vt 0.0040 0.4960
vt 0.0040 0.5040
vt 0.4960 0.5040
vt 0.4960 0.9960
vt 0.0040 0.9960
vt 0.5040 0.5040
vt 0.9960 0.5040
vt 0.9960 0.9960
vt 0.5040 0.9960
vt 0.5040 0.5040
vt 0.9960 0.5040
vt 0.9960 0.9960
vt 0.5040 0.9960
vt 0.5040 0.5040
vt 0.9960 0.5040
vt 0.9960 0.9960
vt 0.5040 0.9960
vt 0.0040 0.0040
vt 0.4960 0.0040
vt 0.4960 0.4960
vt 0.0040 0.4960
vt 0.5040 0.0040
vt 0.9960 0.0040
vt 0.9960 0.4960
vt 0.5040 0.4960
vt 0.0040 0.5040
vt 0.4960 0.5040
vt 0.4960 0.9960
vt 0.0040 0.9960
vt 0.5040 0.0040
vt 0.9960 0.0040
vt 0.9960 0.4960
vt 0.5040 0.4960
vt 0.0040 0.5040
vt 0.4960 0.5040
vt 0.4960 0.9960
vt 0.0040 0.9960
vt 0.0040 0.5040
vt 0.4960 0.5040
vt 0.4960 0.9960
vt 0.0040 0.9960
vt 0.5040 0.5040
vt 0.9960 0.5040
vt 0.9960 0.9960
vt 0.5040 0.9960
vt 0.5040 0.0040
vt 0.9960 0.0040
vt 0.9960 0.4960
vt 0.5040 0.4960
vt 0.5040 0.0040
vt 0.9960 0.0040
vt 0.9960 0.4960
vt 0.5040 0.4960
vt 0.0040 0.0040
vt 0.4960 0.0040
vt 0.4960 0.4960
vt 0.0040 0.4960
vt 0.5040 0.0040
vt 0.9960 0.0040
vt 0.9960 0.4960
vt 0.5040 0.4960
vt 0.0040 0.5040
vt 0.4960 0.5040
vt 0.4960 0.9960
vt 0.0040 0.9960
vt 0.0040 0.0040
vt 0.4960 0.0040
vt 0.4960 0.4960
vt 0.0040 0.4960
vt 0.0040 0.5040
vt 0.4960 0.5040
vt 0.4960 0.9960
vt 0.0040 0.9960
vt 0.5040 0.0040
vt 0.9960 0.0040
vt 0.9960 0.4960
vt 0.5040 0.4960
vt 0.0040 0.0040
vt 0.4960 0.0040
vt 0.4960 0.4960
vt 0.0040 0.4960
vt 0.0040 0.0040
vt 0.4960 0.0040
vt 0.4960 0.4960
vt 0.0040 0.4960
vt 0.5040 0.5040
vt 0.9960 0.5040
vt 0.9960 0.9960
vt 0.5040 0.9960
vt 0.5040 0.5040
vt 0.9960 0.5040
vt 0.9960 0.9960
vt 0.5040 0.9960
vt 0.0040 0.0040
vt 0.4960 0.0040
vt 0.4960 0.4960
vt 0.0040 0.4960
vt 0.5040 0.5040
vt 0.9960 0.5040
vt 0.9960 0.9960
vt 0.5040 0.9960
vt 0.5040 0.0040
vt 0.9960 0.0040
vt 0.9960 0.4960
vt 0.5040 0.4960
vt 0.0040 0.0040
vt 0.4960 0.0040
vt 0.4960 0.4960
vt 0.0040 0.4960
vt 0.5040 0.5040
vt 0.9960 0.5040
vt 0.9960 0.9960
vt 0.5040 0.9960
vt 0.5040 0.5040
vt 0.9960 0.5040
vt 0.9960 0.9960
vt 0.5040 0.9960
vt 0.5040 0.5040
vt 0.9960 0.5040
vt 0.9960 0.9960
vt 0.5040 0.9960
vt 0.0040 0.0040
vt 0.4960 0.0040
vt 0.4960 0.4960
vt 0.0040 0.4960
vt 0.0040 0.0040
vt 0.4960 0.0040
vt 0.4960 0.4960
vt 0.0040 0.4960
vt 0.0040 0.5040
vt 0.4960 0.5040
vt 0.4960 0.9960
vt 0.0040 0.9960
vt 0.5040 0.0040
vt 0.9960 0.0040
vt 0.9960 0.4960
vt 0.5040 0.4960
vt 0.5040 0.0040
vt 0.9960 0.0040
vt 0.9960 0.4960
vt 0.5040 0.4960
vt 0.0040 0.0040
vt 0.4960 0.0040
vt 0.4960 0.4960
vt 0.0040 0.4960
vt 0.5040 0.0040
vt 0.9960 0.0040
vt 0.9960 0.4960
vt 0.5040 0.4960
vt 0.5040 0.5040
vt 0.9960 0.5040
vt 0.9960 0.9960
vt 0.5040 0.9960
vt 0.5040 0.0040
vt 0.9960 0.0040
vt 0.9960 0.4960
vt 0.5040 0.4960
vt 0.0040 0.5040
vt 0.4960 0.5040
vt 0.4960 0.9960
vt 0.0040 0.9960
vt 0.5040 0.5040
vt 0.9960 0.5040
vt 0.9960 0.9960
vt 0.5040 0.9960
vt 0.5040 0.5040
vt 0.9960 0.5040
vt 0.9960 0.9960
vt 0.5040 0.9960
vt 0.5040 0.0040
vt 0.9960 0.0040
vt 0.9960 0.4960
vt 0.5040 0.4960
vt 0.0040 0.5040
vt 0.4960 0.5040
vt 0.4960 0.9960
vt 0.0040 0.9960
vt 0.5040 0.0040
vt 0.9960 0.0040
vt 0.9960 0.4960
vt 0.5040 0.4960
vt 0.0040 0.0040
vt 0.4960 0.0040
vt 0.4960 0.4960
vt 0.0040 0.4960
vt 0.5040 0.0040
vt 0.9960 0.0040
vt 0.9960 0.4960
vt 0.5040 0.4960
vt 0.0040 0.0040
vt 0.4960 0.0040
vt 0.4960 0.4960
vt 0.0040 0.4960
vt 0.5040 0.0040
vt 0.9960 0.0040
vt 0.9960 0.4960
vt 0.5040 0.4960
vt 0.0040 0.0040
vt 0.4960 0.0040
vt 0.4960 0.4960
vt 0.0040 0.4960
vt 0.0040 0.5040
vt 0.4960 0.5040
vt 0.4960 0.9960
vt 0.0040 0.9960
vt 0.0040 0.5040
vt 0.4960 0.5040
vt 0.4960 0.9960
vt 0.0040 0.9960
vt 0.0040 0.5040
vt 0.4960 0.5040
vt 0.4960 0.9960
vt 0.0040 0.9960
vt 0.5040 0.5040
vt 0.9960 0.5040
vt 0.9960 0.9960
vt 0.5040 0.9960
vt 0.0040 0.5040
vt 0.4960 0.5040
vt 0.4960 0.9960
vt 0.0040 0.9960
vt 0.5040 0.5040
vt 0.9960 0.5040
vt 0.9960 0.9960
vt 0.5040 0.9960
vt 0.5040 0.0040
vt 0.9960 0.0040
vt 0.9960 0.4960
vt 0.5040 0.4960
vt 0.0040 0.5040
vt 0.4960 0.5040
vt 0.4960 0.9960
vt 0.0040 0.9960
vt 0.5040 0.5040
vt 0.9960 0.5040
vt 0.9960 0.9960
vt 0.5040 0.9960
vt 0.0040 0.5040
vt 0.4960 0.5040
vt 0.4960 0.9960
vt 0.0040 0.9960
vt 0.5040 0.0040
vt 0.9960 0.0040
vt 0.9960 0.4960
vt 0.5040 0.4960
vt 0.0040 0.0040
vt 0.4960 0.0040
vt 0.4960 0.4960
vt 0.0040 0.4960
vt 0.5040 0.5040
vt 0.9960 0.5040
vt 0.9960 0.9960
vt 0.5040 0.9960
vt 0.0040 0.0040
vt 0.4960 0.0040
vt 0.4960 0.4960
vt 0.0040 0.4960
vt 0.5040 0.5040
vt 0.9960 0.5040
vt 0.9960 0.9960
vt 0.5040 0.9960
vt 0.5040 0.5040
vt 0.9960 0.5040
vt 0.9960 0.9960
vt 0.5040 0.9960
vt 0.0040 0.5040
vt 0.4960 0.5040
vt 0.4960 0.9960
vt 0.0040 0.9960
vt 0.0040 0.5040
vt 0.4960 0.5040
vt 0.4960 0.9960
vt 0.0040 0.9960
vt 0.5040 0.5040
vt 0.9960 0.5040
vt 0.9960 0.9960
vt 0.5040 0.9960
vt 0.5040 0.0040
vt 0.9960 0.0040
vt 0.9960 0.4960
vt 0.5040 0.4960
vt 0.0040 0.0040
vt 0.4960 0.0040
vt 0.4960 0.4960
vt 0.0040 0.4960
vt 0.5040 0.5040
vt 0.9960 0.5040
vt 0.9960 0.9960
vt 0.5040 0.9960
vt 0.0040 0.5040
vt 0.4960 0.5040
vt 0.4960 0.9960
vt 0.0040 0.9960
vt 0.0040 0.5040
vt 0.4960 0.5040
vt 0.4960 0.9960
vt 0.0040 0.9960
vt 0.0040 0.0040
vt 0.4960 0.0040
vt 0.4960 0.4960
vt 0.0040 0.4960
vt 0.5040 0.0040
vt 0.9960 0.0040
vt 0.9960 0.4960
vt 0.5040 0.4960
vt 0.0040 0.0040
vt 0.4960 0.0040
vt 0.4960 0.4960
vt 0.0040 0.4960
vt 0.5040 0.0040
vt 0.9960 0.0040
vt 0.9960 0.4960
vt 0.5040 0.4960
vt 0.0040 0.5040
vt 0.4960 0.5040
vt 0.4960 0.9960
vt 0.0040 0.9960
vt 0.5040 0.5040
vt 0.9960 0.5040
vt 0.9960 0.9960
vt 0.5040 0.9960
vt 0.0040 0.5040
vt 0.4960 0.5040
vt 0.4960 0.9960
vt 0.0040 0.9960
vt 0.5040 0.5040
vt 0.9960 0.5040
vt 0.9960 0.9960
vt 0.5040 0.9960
vt 0.0040 0.0040
vt 0.4960 0.0040
vt 0.4960 0.4960
vt 0.0040 0.4960
vt 0.5040 0.0040
vt 0.9960 0.0040
vt 0.9960 0.4960
vt 0.5040 0.4960
vt 0.0040 0.0040
vt 0.4960 0.0040
vt 0.4960 0.4960
vt 0.0040 0.4960
vt 0.0040 0.0040
vt 0.4960 0.0040
vt 0.4960 0.4960
vt 0.0040 0.4960
vt 0.5040 0.5040
vt 0.9960 0.5040
vt 0.9960 0.9960
vt 0.5040 0.9960
vt 0.0040 0.0040
vt 0.4960 0.0040
vt 0.4960 0.4960
vt 0.0040 0.4960
vt 0.0040 0.5040
vt 0.4960 0.5040
vt 0.4960 0.9960
vt 0.0040 0.9960
vt 0.5040 0.5040
vt 0.9960 0.5040
vt 0.9960 0.9960
vt 0.5040 0.9960
vt 0.5040 0.5040
vt 0.9960 0.5040
vt 0.9960 0.9960
vt 0.5040 0.9960
vt 0.5040 0.0040
vt 0.9960 0.0040
vt 0.9960 0.4960
vt 0.5040 0.4960
vt 0.0040 0.0040
vt 0.4960 0.0040
vt 0.4960 0.4960
vt 0.0040 0.4960
vt 0.0040 0.0040
vt 0.4960 0.0040
vt 0.4960 0.4960
vt 0.0040 0.4960
vt 0.0040 0.0040
vt 0.4960 0.0040
vt 0.4960 0.4960
vt 0.0040 0.4960
vt 0.0040 0.0040
vt 0.4960 0.0040
vt 0.4960 0.4960
vt 0.0040 0.4960
vt 0.5040 0.5040
vt 0.9960 0.5040
vt 0.9960 0.9960
vt 0.5040 0.9960
vt 0.0040 0.0040
vt 0.4960 0.0040
vt 0.4960 0.4960
vt 0.0040 0.4960
vt 0.5040 0.0040
vt 0.9960 0.0040
vt 0.9960 0.4960
vt 0.5040 0.4960
vt 0.5040 0.0040
vt 0.9960 0.0040
vt 0.9960 0.4960
vt 0.5040 0.4960
vt 0.0040 0.5040
vt 0.4960 0.5040
vt 0.4960 0.9960
vt 0.0040 0.9960
vt 0.0040 0.5040
vt 0.4960 0.5040
vt 0.4960 0.9960
vt 0.0040 0.9960
vt 0.0040 0.5040
vt 0.4960 0.5040
vt 0.4960 0.9960
vt 0.0040 0.9960
vt 0.0040 0.0040
vt 0.4960 0.0040
vt 0.4960 0.4960
vt 0.0040 0.4960
vt 0.5040 0.5040
vt 0.9960 0.5040
vt 0.9960 0.9960
vt 0.5040 0.9960
vt 0.0040 0.5040
vt 0.4960 0.5040
vt 0.4960 0.9960
vt 0.0040 0.9960
vt 0.5040 0.0040
vt 0.9960 0.0040
vt 0.9960 0.4960
vt 0.5040 0.4960
vt 0.0040 0.5040
vt 0.4960 0.5040
vt 0.4960 0.9960
vt 0.0040 0.9960
vt 0.5040 0.5040
vt 0.9960 0.5040
vt 0.9960 0.9960
vt 0.5040 0.9960
vt 0.0040 0.5040
vt 0.4960 0.5040
vt 0.4960 0.9960
vt 0.0040 0.9960
vt 0.0040 0.0040
vt 0.4960 0.0040
vt 0.4960 0.4960
vt 0.0040 0.4960
vt 0.0040 0.0040
vt 0.4960 0.0040
vt 0.4960 0.4960
vt 0.0040 0.4960
vt 0.0040 0.5040
vt 0.4960 0.5040
vt 0.4960 0.9960
vt 0.0040 0.9960
vt 0.0040 0.5040
vt 0.4960 0.5040
vt 0.4960 0.9960
vt 0.0040 0.9960
vt 0.0040 0.5040
vt 0.4960 0.5040
vt 0.4960 0.9960
vt 0.0040 0.9960
vt 0.0040 0.0040
vt 0.4960 0.0040
vt 0.4960 0.4960
vt 0.0040 0.4960
vt 0.5040 0.0040
vt 0.9960 0.0040
vt 0.9960 0.4960
vt 0.5040 0.4960
vt 0.5040 0.0040
vt 0.9960 0.0040
vt 0.9960 0.4960
vt 0.5040 0.4960
vt 0.0040 0.0040
vt 0.4960 0.0040
vt 0.4960 0.4960
vt 0.0040 0.4960
vt 0.5040 0.5040
vt 0.9960 0.5040
vt 0.9960 0.9960
vt 0.5040 0.9960
vt 0.0040 0.5040
vt 0.4960 0.5040
vt 0.4960 0.9960
vt 0.0040 0.9960
vt 0.0040 0.5040
vt 0.4960 0.5040
vt 0.4960 0.9960
vt 0.0040 0.9960
vt 0.5040 0.0040
vt 0.9960 0.0040
vt 0.9960 0.4960
vt 0.5040 0.4960
vt 0.5040 0.0040
vt 0.9960 0.0040
vt 0.9960 0.4960
vt 0.5040 0.4960
vt 0.5040 0.0040
vt 0.9960 0.0040
vt 0.9960 0.4960
vt 0.5040 0.4960
vt 0.0040 0.5040
vt 0.4960 0.5040
vt 0.4960 0.9960
vt 0.0040 0.9960
vt 0.0040 0.5040
vt 0.4960 0.5040
vt 0.4960 0.9960
vt 0.0040 0.9960
vt 0.5040 0.5040
vt 0.9960 0.5040
vt 0.9960 0.9960
vt 0.5040 0.9960
vt 0.5040 0.0040
vt 0.9960 0.0040
vt 0.9960 0.4960
vt 0.5040 0.4960
vt 0.5040 0.0040
vt 0.9960 0.0040
vt 0.9960 0.4960
vt 0.5040 0.4960
vt 0.5040 0.5040
vt 0.9960 0.5040
vt 0.9960 0.9960
vt 0.5040 0.9960
vt 0.5040 0.0040
vt 0.9960 0.0040
vt 0.9960 0.4960
vt 0.5040 0.4960
vt 0.5040 0.5040
vt 0.9960 0.5040
vt 0.9960 0.9960
vt 0.5040 0.9960
vt 0.5040 0.5040
vt 0.9960 0.5040
vt 0.9960 0.9960
vt 0.5040 0.9960
vt 0.0040 0.0040
vt 0.4960 0.0040
vt 0.4960 0.4960
vt 0.0040 0.4960
vt 0.0040 0.0040
vt 0.4960 0.0040
vt 0.4960 0.4960
vt 0.0040 0.4960
vt 0.0040 0.0040
vt 0.4960 0.0040
vt 0.4960 0.4960
vt 0.0040 0.4960
vt 0.5040 0.0040
vt 0.9960 0.0040
vt 0.9960 0.4960
vt 0.5040 0.4960
vt 0.0040 0.5040
vt 0.4960 0.5040
vt 0.4960 0.9960
vt 0.0040 0.9960
vt 0.5040 0.0040
vt 0.9960 0.0040
vt 0.9960 0.4960
vt 0.5040 0.4960
vt 0.0040 0.0040
vt 0.4960 0.0040
vt 0.4960 0.4960
vt 0.0040 0.4960
vt 0.0040 0.5040
vt 0.4960 0.5040
vt 0.4960 0.9960
vt 0.0040 0.9960
vt 0.5040 0.5040
vt 0.9960 0.5040
vt 0.9960 0.9960
vt 0.5040 0.9960
vt 0.0040 0.0040
vt 0.4960 0.0040
vt 0.4960 0.4960
vt 0.0040 0.4960
vt 0.0040 0.0040
vt 0.4960 0.0040
vt 0.4960 0.4960
vt 0.0040 0.4960
vt 0.5040 0.0040
vt 0.9960 0.0040
vt 0.9960 0.4960
vt 0.5040 0.4960
vt 0.0040 0.0040
vt 0.4960 0.0040
vt 0.4960 0.4960
vt 0.0040 0.4960
vt 0.0040 0.5040
vt 0.4960 0.5040
vt 0.4960 0.9960
vt 0.0040 0.9960
vt 0.0040 0.5040
vt 0.4960 0.5040
vt 0.4960 0.9960
vt 0.0040 0.9960
vt 0.0040 0.5040
vt 0.4960 0.5040
vt 0.4960 0.9960
vt 0.0040 0.9960
vt 0.0040 0.5040
vt 0.4960 0.5040
vt 0.4960 0.9960
vt 0.0040 0.9960
vt 0.5040 0.5040
vt 0.9960 0.5040
vt 0.9960 0.9960
vt 0.5040 0.9960
vt 0.0040 0.5040
vt 0.4960 0.5040
vt 0.4960 0.9960
vt 0.0040 0.9960
vt 0.0040 0.0040
vt 0.4960 0.0040
vt 0.4960 0.4960
vt 0.0040 0.4960
vt 0.0040 0.5040
vt 0.4960 0.5040
vt 0.4960 0.9960
vt 0.0040 0.9960
vt 0.5040 0.0040
vt 0.9960 0.0040
vt 0.9960 0.4960
vt 0.5040 0.4960
vt 0.5040 0.5040
vt 0.9960 0.5040
vt 0.9960 0.9960
vt 0.5040 0.9960
vt 0.5040 0.5040
vt 0.9960 0.5040
vt 0.9960 0.9960
vt 0.5040 0.9960
vt 0.0040 0.0040
vt 0.4960 0.0040
vt 0.4960 0.4960
vt 0.0040 0.4960
vt 0.5040 0.0040
vt 0.9960 0.0040
vt 0.9960 0.4960
vt 0.5040 0.4960
vt 0.0040 0.0040
vt 0.4960 0.0040
vt 0.4960 0.4960
vt 0.0040 0.4960
vt 0.5040 0.5040
vt 0.9960 0.5040
vt 0.9960 0.9960
vt 0.5040 0.9960
vt 0.0040 0.0040
vt 0.4960 0.0040
vt 0.4960 0.4960
vt 0.0040 0.4960
vt 0.5040 0.0040
vt 0.9960 0.0040
vt 0.9960 0.4960
vt 0.5040 0.4960
vt 0.0040 0.5040
vt 0.4960 0.5040
vt 0.4960 0.9960
vt 0.0040 0.9960
vt 0.0040 0.5040
vt 0.4960 0.5040
vt 0.4960 0.9960
vt 0.0040 0.9960
vt 0.0040 0.5040
vt 0.4960 0.5040
vt 0.4960 0.9960
vt 0.0040 0.9960
vt 0.5040 0.5040
vt 0.9960 0.5040
vt 0.9960 0.9960
vt 0.5040 0.9960
vt 0.5040 0.0040
vt 0.9960 0.0040
vt 0.9960 0.4960
vt 0.5040 0.4960
vt 0.0040 0.5040
vt 0.4960 0.5040
vt 0.4960 0.9960
vt 0.0040 0.9960
vt 0.0040 0.5040
vt 0.4960 0.5040
vt 0.4960 0.9960
vt 0.0040 0.9960
vt 0.5040 0.0040
vt 0.9960 0.0040
vt 0.9960 0.4960
vt 0.5040 0.4960
vt 0.5040 0.0040
vt 0.9960 0.0040
vt 0.9960 0.4960
vt 0.5040 0.4960
vt 0.0040 0.0040
vt 0.4960 0.0040
vt 0.4960 0.4960
vt 0.0040 0.4960
vt 0.0040 0.5040
vt 0.4960 0.5040
vt 0.4960 0.9960
vt 0.0040 0.9960
vt 0.0040 0.0040
vt 0.4960 0.0040
vt 0.4960 0.4960
vt 0.0040 0.4960
vt 0.5040 0.0040
vt 0.9960 0.0040
vt 0.9960 0.4960
vt 0.5040 0.4960
vt 0.5040 0.0040
vt 0.9960 0.0040
vt 0.9960 0.4960
vt 0.5040 0.4960
vt 0.0040 0.0040
vt 0.4960 0.0040
vt 0.4960 0.4960
vt 0.0040 0.4960
vt 0.0040 0.5040
vt 0.4960 0.5040
vt 0.4960 0.9960
vt 0.0040 0.9960
vt 0.5040 0.5040
vt 0.9960 0.5040
vt 0.9960 0.9960
vt 0.5040 0.9960
vt 0.0040 0.0040
vt 0.4960 0.0040
vt 0.4960 0.4960
vt 0.0040 0.4960
vt 0.5040 0.5040
vt 0.9960 0.5040
vt 0.9960 0.9960
vt 0.5040 0.9960
vt 0.5040 0.5040
vt 0.9960 0.5040
vt 0.9960 0.9960
vt 0.5040 0.9960
vt 0.0040 0.5040
vt 0.4960 0.5040
vt 0.4960 0.9960
vt 0.0040 0.9960
vt 0.0040 0.0040
vt 0.4960 0.0040
vt 0.4960 0.4960
vt 0.0040 0.4960
vt 0.5040 0.0040
vt 0.9960 0.0040
vt 0.9960 0.4960
vt 0.5040 0.4960
vt 0.0040 0.0040
vt 0.4960 0.0040
vt 0.4960 0.4960
vt 0.0040 0.4960
vt 0.0040 0.0040
vt 0.4960 0.0040
vt 0.4960 0.4960
vt 0.0040 0.4960
vt 0.5040 0.0040
vt 0.9960 0.0040
vt 0.9960 0.4960
vt 0.5040 0.4960
vt 0.0040 0.5040
vt 0.4960 0.5040
vt 0.4960 0.9960
vt 0.0040 0.9960
vt 0.5040 0.0040
vt 0.9960 0.0040
vt 0.9960 0.4960
vt 0.5040 0.4960
vt 0.0040 0.5040
vt 0.4960 0.5040
vt 0.4960 0.9960
vt 0.0040 0.9960
vt 0.0040 0.0040
vt 0.4960 0.0040
vt 0.4960 0.4960
vt 0.0040 0.4960
vt 0.0040 0.0040
vt 0.4960 0.0040
vt 0.4960 0.4960
vt 0.0040 0.4960
vt 0.5040 0.0040
vt 0.9960 0.0040
vt 0.9960 0.4960
vt 0.5040 0.4960
vt 0.5040 0.0040
vt 0.9960 0.0040
vt 0.9960 0.4960
vt 0.5040 0.4960
vt 0.5040 0.0040
vt 0.9960 0.0040
vt 0.9960 0.4960
vt 0.5040 0.4960
vt 0.0040 0.0040
vt 0.4960 0.0040
vt 0.4960 0.4960
vt 0.0040 0.4960
vt 0.0040 0.5040
vt 0.4960 0.5040
vt 0.4960 0.9960
vt 0.0040 0.9960
vt 0.0040 0.5040
vt 0.4960 0.5040
vt 0.4960 0.9960
vt 0.0040 0.9960
vt 0.0040 0.5040
vt 0.4960 0.5040
vt 0.4960 0.9960
vt 0.0040 0.9960
vt 0.5040 0.5040
vt 0.9960 0.5040
vt 0.9960 0.9960
vt 0.5040 0.9960
vt 0.0040 0.5040
vt 0.4960 0.5040
vt 0.4960 0.9960
vt 0.0040 0.9960
vt 0.0040 0.0040
vt 0.4960 0.0040
vt 0.4960 0.4960
vt 0.0040 0.4960
vt 0.5040 0.5040
vt 0.9960 0.5040
vt 0.9960 0.9960
vt 0.5040 0.9960
vt 0.0040 0.0040
vt 0.4960 0.0040
vt 0.4960 0.4960
vt 0.0040 0.4960
vt 0.0040 0.5040
vt 0.4960 0.5040
vt 0.4960 0.9960
vt 0.0040 0.9960
vt 0.5040 0.5040
vt 0.9960 0.5040
vt 0.9960 0.9960
vt 0.5040 0.9960
vt 0.0040 0.5040
vt 0.4960 0.5040
vt 0.4960 0.9960
vt 0.0040 0.9960
vt 0.5040 0.5040
vt 0.9960 0.5040
vt 0.9960 0.9960
vt 0.5040 0.9960
vt 0.0040 0.0040
vt 0.4960 0.0040
vt 0.4960 0.4960
vt 0.0040 0.4960
vt 0.0040 0.0040
vt 0.4960 0.0040
vt 0.4960 0.4960
vt 0.0040 0.4960
vt 0.5040 0.0040
vt 0.9960 0.0040
vt 0.9960 0.4960
vt 0.5040 0.4960
vt 0.5040 0.0040
vt 0.9960 0.0040
vt 0.9960 0.4960
vt 0.5040 0.4960
vt 0.0040 0.5040
vt 0.4960 0.5040
vt 0.4960 0.9960
vt 0.0040 0.9960
vt 0.0040 0.0040
vt 0.4960 0.0040
vt 0.4960 0.4960
vt 0.0040 0.4960
vt 0.5040 0.0040
vt 0.9960 0.0040
vt 0.9960 0.4960
vt 0.5040 0.4960
vt 0.5040 0.5040
vt 0.9960 0.5040
vt 0.9960 0.9960
vt 0.5040 0.9960
vt 0.5040 0.0040
vt 0.9960 0.0040
vt 0.9960 0.4960
vt 0.5040 0.4960
vt 0.0040 0.5040
vt 0.4960 0.5040
vt 0.4960 0.9960
vt 0.0040 0.9960
vt 0.5040 0.5040
vt 0.9960 0.5040
vt 0.9960 0.9960
vt 0.5040 0.9960
vt 0.5040 0.5040
vt 0.9960 0.5040
vt 0.9960 0.9960
vt 0.5040 0.9960
vt 0.5040 0.0040
vt 0.9960 0.0040
vt 0.9960 0.4960
vt 0.5040 0.4960
vt 0.0040 0.0040
vt 0.4960 0.0040
vt 0.4960 0.4960
vt 0.0040 0.4960
vt 0.0040 0.5040
vt 0.4960 0.5040
vt 0.4960 0.9960
vt 0.0040 0.9960
vt 0.5040 0.0040
vt 0.9960 0.0040
vt 0.9960 0.4960
vt 0.5040 0.4960
vt 0.0040 0.5040
vt 0.4960 0.5040
vt 0.4960 0.9960
vt 0.0040 0.9960
vt 0.5040 0.5040
vt 0.9960 0.5040
vt 0.9960 0.9960
vt 0.5040 0.9960
vt 0.5040 0.0040
vt 0.9960 0.0040
vt 0.9960 0.4960
vt 0.5040 0.4960
vt 0.5040 0.5040
vt 0.9960 0.5040
vt 0.9960 0.9960
vt 0.5040 0.9960
vt 0.0040 0.5040
vt 0.4960 0.5040
vt 0.4960 0.9960
vt 0.0040 0.9960
vt 0.0040 0.0040
vt 0.4960 0.0040
vt 0.4960 0.4960
vt 0.0040 0.4960
vt 0.0040 0.5040
vt 0.4960 0.5040
vt 0.4960 0.9960
vt 0.0040 0.9960
vt 0.5040 0.0040
vt 0.9960 0.0040
vt 0.9960 0.4960
vt 0.5040 0.4960
vt 0.5040 0.5040
vt 0.9960 0.5040
vt 0.9960 0.9960
vt 0.5040 0.9960
vt 0.5040 0.5040
vt 0.9960 0.5040
vt 0.9960 0.9960
vt 0.5040 0.9960
vt 0.0040 0.0040
vt 0.4960 0.0040
vt 0.4960 0.4960
vt 0.0040 0.4960
vt 0.5040 0.0040
vt 0.9960 0.0040
vt 0.9960 0.4960
vt 0.5040 0.4960
vt 0.0040 0.5040
vt 0.4960 0.5040
vt 0.4960 0.9960
vt 0.0040 0.9960
vt 0.5040 0.5040
vt 0.9960 0.5040
vt 0.9960 0.9960
vt 0.5040 0.9960
vt 0.0040 0.5040
vt 0.4960 0.5040
vt 0.4960 0.9960
vt 0.0040 0.9960
vt 0.0040 0.0040
vt 0.4960 0.0040
vt 0.4960 0.4960
vt 0.0040 0.4960
vt 0.5040 0.0040
vt 0.9960 0.0040
vt 0.9960 0.4960
vt 0.5040 0.4960
vt 0.5040 0.5040
vt 0.9960 0.5040
vt 0.9960 0.9960
vt 0.5040 0.9960
vt 0.5040 0.0040
vt 0.9960 0.0040
vt 0.9960 0.4960
vt 0.5040 0.4960
vt 0.5040 0.0040
vt 0.9960 0.0040
vt 0.9960 0.4960
vt 0.5040 0.4960
vt 0.0040 0.5040
vt 0.4960 0.5040
vt 0.4960 0.9960
vt 0.0040 0.9960
vt 0.5040 0.5040
vt 0.9960 0.5040
vt 0.9960 0.9960
vt 0.5040 0.9960
vt 0.0040 0.5040
vt 0.4960 0.5040
vt 0.4960 0.9960
vt 0.0040 0.9960
vt 0.5040 0.0040
vt 0.9960 0.0040
vt 0.9960 0.4960
vt 0.5040 0.4960
vt 0.5040 0.0040
vt 0.9960 0.0040
vt 0.9960 0.4960
vt 0.5040 0.4960
vt 0.5040 0.0040
vt 0.9960 0.0040
vt 0.9960 0.4960
vt 0.5040 0.4960
vt 0.5040 0.0040
vt 0.9960 0.0040
vt 0.9960 0.4960
vt 0.5040 0.4960
vt 0.5040 0.0040
vt 0.9960 0.0040
vt 0.9960 0.4960
vt 0.5040 0.4960
vt 0.5040 0.0040
vt 0.9960 0.0040
vt 0.9960 0.4960
vt 0.5040 0.4960
vt 0.0040 0.5040
vt 0.4960 0.5040
vt 0.4960 0.9960
vt 0.0040 0.9960
vt 0.5040 0.5040
vt 0.9960 0.5040
vt 0.9960 0.9960
vt 0.5040 0.9960
vt 0.0040 0.5040
vt 0.4960 0.5040
vt 0.4960 0.9960
vt 0.0040 0.9960
vt 0.0040 0.5040
vt 0.4960 0.5040
vt 0.4960 0.9960
vt 0.0040 0.9960
vt 0.0040 0.5040
vt 0.4960 0.5040
vt 0.4960 0.9960
vt 0.0040 0.9960
vt 0.5040 0.0040
vt 0.9960 0.0040
vt 0.9960 0.4960
vt 0.5040 0.4960
vt 0.5040 0.0040
vt 0.9960 0.0040
vt 0.9960 0.4960
vt 0.5040 0.4960
vt 0.0040 0.0040
vt 0.4960 0.0040
vt 0.4960 0.4960
vt 0.0040 0.4960
vt 0.0040 0.5040
vt 0.4960 0.5040
vt 0.4960 0.9960
vt 0.0040 0.9960
vt 0.0040 0.0040
vt 0.4960 0.0040
vt 0.4960 0.4960
vt 0.0040 0.4960
vt 0.0040 0.5040
vt 0.4960 0.5040
vt 0.4960 0.9960
vt 0.0040 0.9960
vt 0.0040 0.0040
vt 0.4960 0.0040
vt 0.4960 0.4960
vt 0.0040 0.4960
vt 0.0040 0.5040
vt 0.4960 0.5040
vt 0.4960 0.9960
vt 0.0040 0.9960
vt 0.5040 0.0040
vt 0.9960 0.0040
vt 0.9960 0.4960
vt 0.5040 0.4960
vt 0.0040 0.0040
vt 0.4960 0.0040
vt 0.4960 0.4960
vt 0.0040 0.4960
vt 0.5040 0.0040
vt 0.9960 0.0040
vt 0.9960 0.4960
vt 0.5040 0.4960
vt 0.0040 0.5040
vt 0.4960 0.5040
vt 0.4960 0.9960
vt 0.0040 0.9960
vt 0.5040 0.5040
vt 0.9960 0.5040
vt 0.9960 0.9960
vt 0.5040 0.9960
vt 0.5040 0.5040
vt 0.9960 0.5040
vt 0.9960 0.9960
vt 0.5040 0.9960
vt 0.0040 0.0040
vt 0.4960 0.0040
vt 0.4960 0.4960
vt 0.0040 0.4960
vt 0.5040 0.5040
vt 0.9960 0.5040
vt 0.9960 0.9960
vt 0.5040 0.9960
vt 0.5040 0.0040
vt 0.9960 0.0040
vt 0.9960 0.4960
vt 0.5040 0.4960
vt 0.0040 0.5040
vt 0.4960 0.5040
vt 0.4960 0.9960
vt 0.0040 0.9960
vt 0.0040 0.5040
vt 0.4960 0.5040
vt 0.4960 0.9960
vt 0.0040 0.9960
vt 0.5040 0.5040
vt 0.9960 0.5040
vt 0.9960 0.9960
vt 0.5040 0.9960
vt 0.0040 0.0040
vt 0.4960 0.0040
vt 0.4960 0.4960
vt 0.0040 0.4960
vt 0.0040 0.5040
vt 0.4960 0.5040
vt 0.4960 0.9960
vt 0.0040 0.9960
vt 0.5040 0.5040
vt 0.9960 0.5040
vt 0.9960 0.9960
vt 0.5040 0.9960
vt 0.5040 0.0040
vt 0.9960 0.0040
vt 0.9960 0.4960
vt 0.5040 0.4960
vt 0.0040 0.5040
vt 0.4960 0.5040
vt 0.4960 0.9960
vt 0.0040 0.9960
vt 0.5040 0.0040
vt 0.9960 0.0040
vt 0.9960 0.4960
vt 0.5040 0.4960
vt 0.5040 0.0040
vt 0.9960 0.0040
vt 0.9960 0.4960
vt 0.5040 0.4960
vt 0.5040 0.0040
vt 0.9960 0.0040
vt 0.9960 0.4960
vt 0.5040 0.4960
vt 0.0040 0.0040
vt 0.4960 0.0040
vt 0.4960 0.4960
vt 0.0040 0.4960
vt 0.0040 0.0040
vt 0.4960 0.0040
vt 0.4960 0.4960
vt 0.0040 0.4960
vt 0.5040 0.0040
vt 0.9960 0.0040
vt 0.9960 0.4960
vt 0.5040 0.4960
vt 0.0040 0.0040
vt 0.4960 0.0040
vt 0.4960 0.4960
vt 0.0040 0.4960
vt 0.0040 0.5040
vt 0.4960 0.5040
vt 0.4960 0.9960
vt 0.0040 0.9960
vt 0.5040 0.0040
vt 0.9960 0.0040
vt 0.9960 0.4960
vt 0.5040 0.4960
vt 0.0040 0.0040
vt 0.4960 0.0040
vt 0.4960 0.4960
vt 0.0040 0.4960
vt 0.0040 0.0040
vt 0.4960 0.0040
vt 0.4960 0.4960
vt 0.0040 0.4960
vt 0.5040 0.5040
vt 0.9960 0.5040
vt 0.9960 0.9960
vt 0.5040 0.9960
vt 0.5040 0.0040
vt 0.9960 0.0040
vt 0.9960 0.4960
vt 0.5040 0.4960
vt 0.5040 0.5040
vt 0.9960 0.5040
vt 0.9960 0.9960
vt 0.5040 0.9960
vt 0.0040 0.0040
vt 0.4960 0.0040
vt 0.4960 0.4960
vt 0.0040 0.4960
vt 0.5040 0.5040
vt 0.9960 0.5040
vt 0.9960 0.9960
vt 0.5040 0.9960
vt 0.0040 0.5040
vt 0.4960 0.5040
vt 0.4960 0.9960
vt 0.0040 0.9960
vt 0.0040 0.0040
vt 0.4960 0.0040
vt 0.4960 0.4960
vt 0.0040 0.4960
vt 0.0040 0.0040
vt 0.4960 0.0040
vt 0.4960 0.4960
vt 0.0040 0.4960
vt 0.0040 0.5040
vt 0.4960 0.5040
vt 0.4960 0.9960
vt 0.0040 0.9960
vt 0.5040 0.0040
vt 0.9960 0.0040
vt 0.9960 0.4960
vt 0.5040 0.4960
vt 0.5040 0.5040
vt 0.9960 0.5040
vt 0.9960 0.9960
vt 0.5040 0.9960
vt 0.5040 0.5040
vt 0.9960 0.5040
vt 0.9960 0.9960
vt 0.5040 0.9960
vt 0.5040 0.5040
vt 0.9960 0.5040
vt 0.9960 0.9960
vt 0.5040 0.9960
vt 0.5040 0.0040
vt 0.9960 0.0040
vt 0.9960 0.4960
vt 0.5040 0.4960
vt 0.0040 0.5040
vt 0.4960 0.5040
vt 0.4960 0.9960
vt 0.0040 0.9960
vt 0.5040 0.5040
vt 0.9960 0.5040
vt 0.9960 0.9960
vt 0.5040 0.9960
vt 0.0040 0.0040
vt 0.4960 0.0040
vt 0.4960 0.4960
vt 0.0040 0.4960
vt 0.0040 0.5040
vt 0.4960 0.5040
vt 0.4960 0.9960
vt 0.0040 0.9960
vt 0.0040 0.0040
vt 0.4960 0.0040
vt 0.4960 0.4960
vt 0.0040 0.4960
vt 0.0040 0.0040
vt 0.4960 0.0040
vt 0.4960 0.4960
vt 0.0040 0.4960
vt 0.0040 0.5040
vt 0.4960 0.5040
vt 0.4960 0.9960
vt 0.0040 0.9960
vt 0.5040 0.5040
vt 0.9960 0.5040
vt 0.9960 0.9960
vt 0.5040 0.9960
vt 0.5040 0.0040
vt 0.9960 0.0040
vt 0.9960 0.4960
vt 0.5040 0.4960
vt 0.5040 0.5040
vt 0.9960 0.5040
vt 0.9960 0.9960
vt 0.5040 0.9960
vt 0.5040 0.5040
vt 0.9960 0.5040
vt 0.9960 0.9960
vt 0.5040 0.9960
vt 0.5040 0.5040
vt 0.9960 0.5040
vt 0.9960 0.9960
vt 0.5040 0.9960
vt 0.5040 0.0040
vt 0.9960 0.0040
vt 0.9960 0.4960
vt 0.5040 0.4960
vt 0.5040 0.0040
vt 0.9960 0.0040
vt 0.9960 0.4960
vt 0.5040 0.4960
vt 0.5040 0.0040
vt 0.9960 0.0040
vt 0.9960 0.4960
vt 0.5040 0.4960
vt 0.0040 0.0040
vt 0.4960 0.0040
vt 0.4960 0.4960
vt 0.0040 0.4960
vt 0.5040 0.5040
vt 0.9960 0.5040
vt 0.9960 0.9960
vt 0.5040 0.9960
vt 0.0040 0.0040
vt 0.4960 0.0040
vt 0.4960 0.4960
vt 0.0040 0.4960
vt 0.0040 0.5040
vt 0.4960 0.5040
vt 0.4960 0.9960
vt 0.0040 0.9960
vt 0.0040 0.0040
vt 0.4960 0.0040
vt 0.4960 0.4960
vt 0.0040 0.4960
vt 0.5040 0.0040
vt 0.9960 0.0040
vt 0.9960 0.4960
vt 0.5040 0.4960
vt 0.0040 0.5040
vt 0.4960 0.5040
vt 0.4960 0.9960
vt 0.0040 0.9960
vt 0.0040 0.5040
vt 0.4960 0.5040
vt 0.4960 0.9960
vt 0.0040 0.9960
vt 0.0040 0.0040
vt 0.4960 0.0040
vt 0.4960 0.4960
vt 0.0040 0.4960
vt 0.0040 0.0040
vt 0.4960 0.0040
vt 0.4960 0.4960
vt 0.0040 0.4960
vt 0.5040 0.0040
vt 0.9960 0.0040
vt 0.9960 0.4960
vt 0.5040 0.4960
vt 0.5040 0.5040
vt 0.9960 0.5040
vt 0.9960 0.9960
vt 0.5040 0.9960
vt 0.0040 0.0040
vt 0.4960 0.0040
vt 0.4960 0.4960
vt 0.0040 0.4960
vt 0.0040 0.5040
vt 0.4960 0.5040
vt 0.4960 0.9960
vt 0.0040 0.9960
vt 0.0040 0.0040
vt 0.4960 0.0040
vt 0.4960 0.4960
vt 0.0040 0.4960
vt 0.5040 0.0040
vt 0.9960 0.0040
vt 0.9960 0.4960
vt 0.5040 0.4960
vt 0.5040 0.0040
vt 0.9960 0.0040
vt 0.9960 0.4960
vt 0.5040 0.4960
vt 0.5040 0.0040
vt 0.9960 0.0040
vt 0.9960 0.4960
vt 0.5040 0.4960
vt 0.5040 0.5040
vt 0.9960 0.5040
vt 0.9960 0.9960
vt 0.5040 0.9960
vt 0.0040 0.0040
vt 0.4960 0.0040
vt 0.4960 0.4960
vt 0.0040 0.4960
vt 0.0040 0.0040
vt 0.4960 0.0040
vt 0.4960 0.4960
vt 0.0040 0.4960
vt 0.0040 0.0040
vt 0.4960 0.0040
vt 0.4960 0.4960
vt 0.0040 0.4960
vt 0.0040 0.0040
vt 0.4960 0.0040
vt 0.4960 0.4960
vt 0.0040 0.4960
vt 0.0040 0.5040
vt 0.4960 0.5040
vt 0.4960 0.9960
vt 0.0040 0.9960
vt 0.5040 0.0040
vt 0.9960 0.0040
vt 0.9960 0.4960
vt 0.5040 0.4960
vt 0.0040 0.0040
vt 0.4960 0.0040
vt 0.4960 0.4960
vt 0.0040 0.4960
vt 0.5040 0.5040
vt 0.9960 0.5040
vt 0.9960 0.9960
vt 0.5040 0.9960
vt 0.0040 0.5040
vt 0.4960 0.5040
vt 0.4960 0.9960
vt 0.0040 0.9960
vt 0.5040 0.0040
vt 0.9960 0.0040
vt 0.9960 0.4960
vt 0.5040 0.4960
vt 0.5040 0.0040
vt 0.9960 0.0040
vt 0.9960 0.4960
vt 0.5040 0.4960
vt 0.5040 0.0040
vt 0.9960 0.0040
vt 0.9960 0.4960
vt 0.5040 0.4960
vt 0.0040 0.0040
vt 0.4960 0.0040
vt 0.4960 0.4960
vt 0.0040 0.4960
vt 0.5040 0.5040
vt 0.9960 0.5040
vt 0.9960 0.9960
vt 0.5040 0.9960
vt 0.5040 0.0040
vt 0.9960 0.0040
vt 0.9960 0.4960
vt 0.5040 0.4960
vt 0.5040 0.5040
vt 0.9960 0.5040
vt 0.9960 0.9960
vt 0.5040 0.9960
vt 0.5040 0.0040
vt 0.9960 0.0040
vt 0.9960 0.4960
vt 0.5040 0.4960
vt 0.0040 0.0040
vt 0.4960 0.0040
vt 0.4960 0.4960
vt 0.0040 0.4960
vt 0.5040 0.5040
vt 0.9960 0.5040
vt 0.9960 0.9960
vt 0.5040 0.9960
vt 0.0040 0.5040
vt 0.4960 0.5040
vt 0.4960 0.9960
vt 0.0040 0.9960
vt 0.5040 0.0040
vt 0.9960 0.0040
vt 0.9960 0.4960
vt 0.5040 0.4960
vt 0.0040 0.5040
vt 0.4960 0.5040
vt 0.4960 0.9960
vt 0.0040 0.9960
vt 0.5040 0.5040
vt 0.9960 0.5040
vt 0.9960 0.9960
vt 0.5040 0.9960
vt 0.5040 0.0040
vt 0.9960 0.0040
vt 0.9960 0.4960
vt 0.5040 0.4960
vt 0.0040 0.0040
vt 0.4960 0.0040
vt 0.4960 0.4960
vt 0.0040 0.4960
vt 0.0040 0.0040
vt 0.4960 0.0040
vt 0.4960 0.4960
vt 0.0040 0.4960
vt 0.5040 0.0040
vt 0.9960 0.0040
vt 0.9960 0.4960
vt 0.5040 0.4960
vt 0.5040 0.5040
vt 0.9960 0.5040
vt 0.9960 0.9960
vt 0.5040 0.9960
vt 0.0040 0.5040
vt 0.4960 0.5040
vt 0.4960 0.9960
vt 0.0040 0.9960
vt 0.0040 0.5040
vt 0.4960 0.5040
vt 0.4960 0.9960
vt 0.0040 0.9960
vt 0.5040 0.5040
vt 0.9960 0.5040
vt 0.9960 0.9960
vt 0.5040 0.9960
vt 0.0040 0.0040
vt 0.4960 0.0040
vt 0.4960 0.4960
vt 0.0040 0.4960
vt 0.5040 0.5040
vt 0.9960 0.5040
vt 0.9960 0.9960
vt 0.5040 0.9960
vt 0.5040 0.0040
vt 0.9960 0.0040
vt 0.9960 0.4960
vt 0.5040 0.4960
vt 0.5040 0.5040
vt 0.9960 0.5040
vt 0.9960 0.9960
vt 0.5040 0.9960
vt 0.5040 0.0040
vt 0.9960 0.0040
vt 0.9960 0.4960
vt 0.5040 0.4960
vt 0.5040 0.5040
vt 0.9960 0.5040
vt 0.9960 0.9960
vt 0.5040 0.9960
vt 0.5040 0.0040
vt 0.9960 0.0040
vt 0.9960 0.4960
vt 0.5040 0.4960
vt 0.5040 0.0040
vt 0.9960 0.0040
vt 0.9960 0.4960
vt 0.5040 0.4960
vt 0.0040 0.5040
vt 0.4960 0.5040
vt 0.4960 0.9960
vt 0.0040 0.9960
vt 0.0040 0.0040
vt 0.4960 0.0040
vt 0.4960 0.4960
vt 0.0040 0.4960
vt 0.0040 0.0040
vt 0.4960 0.0040
vt 0.4960 0.4960
vt 0.0040 0.4960
vt 0.5040 0.0040
vt 0.9960 0.0040
vt 0.9960 0.4960
vt 0.5040 0.4960
vt 0.5040 0.0040
vt 0.9960 0.0040
vt 0.9960 0.4960
vt 0.5040 0.4960
vt 0.5040 0.5040
vt 0.9960 0.5040
vt 0.9960 0.9960
vt 0.5040 0.9960
vt 0.0040 0.0040
vt 0.4960 0.0040
vt 0.4960 0.4960
vt 0.0040 0.4960
vt 0.0040 0.0040
vt 0.4960 0.0040
vt 0.4960 0.4960
vt 0.0040 0.4960
vt 0.0040 0.5040
vt 0.4960 0.5040
vt 0.4960 0.9960
vt 0.0040 0.9960
vt 0.0040 0.5040
vt 0.4960 0.5040
vt 0.4960 0.9960
vt 0.0040 0.9960
vt 0.5040 0.5040
vt 0.9960 0.5040
vt 0.9960 0.9960
vt 0.5040 0.9960
vt 0.0040 0.5040
vt 0.4960 0.5040
vt 0.4960 0.9960
vt 0.0040 0.9960
vt 0.5040 0.0040
vt 0.9960 0.0040
vt 0.9960 0.4960
vt 0.5040 0.4960
vt 0.0040 0.0040
vt 0.4960 0.0040
vt 0.4960 0.4960
vt 0.0040 0.4960
vt 0.5040 0.5040
vt 0.9960 0.5040
vt 0.9960 0.9960
vt 0.5040 0.9960
vt 0.5040 0.5040
vt 0.9960 0.5040
vt 0.9960 0.9960
vt 0.5040 0.9960
vt 0.0040 0.0040
vt 0.4960 0.0040
vt 0.4960 0.4960
vt 0.0040 0.4960
vt 0.0040 0.5040
vt 0.4960 0.5040
vt 0.4960 0.9960
vt 0.0040 0.9960
vt 0.0040 0.5040
vt 0.4960 0.5040
vt 0.4960 0.9960
vt 0.0040 0.9960
vt 0.5040 0.0040
vt 0.9960 0.0040
vt 0.9960 0.4960
vt 0.5040 0.4960
vt 0.5040 0.5040
vt 0.9960 0.5040
vt 0.9960 0.9960
vt 0.5040 0.9960
vt 0.0040 0.0040
vt 0.4960 0.0040
vt 0.4960 0.4960
vt 0.0040 0.4960
vt 0.0040 0.0040
vt 0.4960 0.0040
vt 0.4960 0.4960
vt 0.0040 0.4960
vt 0.0040 0.5040
vt 0.4960 0.5040
vt 0.4960 0.9960
vt 0.0040 0.9960
vt 0.5040 0.5040
vt 0.9960 0.5040
vt 0.9960 0.9960
vt 0.5040 0.9960
vt 0.5040 0.0040
vt 0.9960 0.0040
vt 0.9960 0.4960
vt 0.5040 0.4960
vt 0.0040 0.0040
vt 0.4960 0.0040
vt 0.4960 0.4960
vt 0.0040 0.4960
vt 0.0040 0.0040
vt 0.4960 0.0040
vt 0.4960 0.4960
vt 0.0040 0.4960
vt 0.0040 0.0040
vt 0.4960 0.0040
vt 0.4960 0.4960
vt 0.0040 0.4960
vt 0.0040 0.5040
vt 0.4960 0.5040
vt 0.4960 0.9960
vt 0.0040 0.9960
vt 0.0040 0.5040
vt 0.4960 0.5040
vt 0.4960 0.9960
vt 0.0040 0.9960
vt 0.5040 0.0040
vt 0.9960 0.0040
vt 0.9960 0.4960
vt 0.5040 0.4960
vt 0.5040 0.5040
vt 0.9960 0.5040
vt 0.9960 0.9960
vt 0.5040 0.9960
vt 0.0040 0.5040
vt 0.4960 0.5040
vt 0.4960 0.9960
vt 0.0040 0.9960
vt 0.0040 0.0040
vt 0.4960 0.0040
vt 0.4960 0.4960
vt 0.0040 0.4960
vt 0.5040 0.5040
vt 0.9960 0.5040
vt 0.9960 0.9960
vt 0.5040 0.9960
vt 0.5040 0.0040
vt 0.9960 0.0040
vt 0.9960 0.4960
vt 0.5040 0.4960
vt 0.5040 0.5040
vt 0.9960 0.5040
vt 0.9960 0.9960
vt 0.5040 0.9960
vt 0.0040 0.0040
vt 0.4960 0.0040
vt 0.4960 0.4960
vt 0.0040 0.4960
vt 0.0040 0.5040
vt 0.4960 0.5040
vt 0.4960 0.9960
vt 0.0040 0.9960
vt 0.5040 0.5040
vt 0.9960 0.5040
vt 0.9960 0.9960
vt 0.5040 0.9960
vt 0.5040 0.0040
vt 0.9960 0.0040
vt 0.9960 0.4960
vt 0.5040 0.4960
vt 0.0040 0.0040
vt 0.4960 0.0040
vt 0.4960 0.4960
vt 0.0040 0.4960
vt 0.5040 0.5040
vt 0.9960 0.5040
vt 0.9960 0.9960
vt 0.5040 0.9960
vt 0.0040 0.5040
vt 0.4960 0.5040
vt 0.4960 0.9960
vt 0.0040 0.9960
vt 0.5040 0.5040
vt 0.9960 0.5040
vt 0.9960 0.9960
vt 0.5040 0.9960
vt 0.5040 0.5040
vt 0.9960 0.5040
vt 0.9960 0.9960
vt 0.5040 0.9960
vt 0.0040 0.0040
vt 0.4960 0.0040
vt 0.4960 0.4960
vt 0.0040 0.4960
vt 0.5040 0.5040
vt 0.9960 0.5040
vt 0.9960 0.9960
vt 0.5040 0.9960
vt 0.0040 0.5040
vt 0.4960 0.5040
vt 0.4960 0.9960
vt 0.0040 0.9960
vt 0.5040 0.0040
vt 0.9960 0.0040
vt 0.9960 0.4960
vt 0.5040 0.4960
vt 0.0040 0.0040
vt 0.4960 0.0040
vt 0.4960 0.4960
vt 0.0040 0.4960
vt 0.0040 0.5040
vt 0.4960 0.5040
vt 0.4960 0.9960
vt 0.0040 0.9960
vt 0.0040 0.5040
vt 0.4960 0.5040
vt 0.4960 0.9960
vt 0.0040 0.9960
vt 0.0040 0.0040
vt 0.4960 0.0040
vt 0.4960 0.4960
vt 0.0040 0.4960
vt 0.0040 0.0040
vt 0.4960 0.0040
vt 0.4960 0.4960
vt 0.0040 0.4960
vt 0.0040 0.5040
vt 0.4960 0.5040
vt 0.4960 0.9960
vt 0.0040 0.9960
vt 0.0040 0.0040
vt 0.4960 0.0040
vt 0.4960 0.4960
vt 0.0040 0.4960
vt 0.5040 0.5040
vt 0.9960 0.5040
vt 0.9960 0.9960
vt 0.5040 0.9960
vt 0.5040 0.5040
vt 0.9960 0.5040
vt 0.9960 0.9960
vt 0.5040 0.9960
vt 0.5040 0.0040
vt 0.9960 0.0040
vt 0.9960 0.4960
vt 0.5040 0.4960
vt 0.0040 0.0040
vt 0.4960 0.0040
vt 0.4960 0.4960
vt 0.0040 0.4960
vt 0.0040 0.5040
vt 0.4960 0.5040
vt 0.4960 0.9960
vt 0.0040 0.9960
vt 0.0040 0.0040
vt 0.4960 0.0040
vt 0.4960 0.4960
vt 0.0040 0.4960
vt 0.0040 0.0040
vt 0.4960 0.0040
vt 0.4960 0.4960
vt 0.0040 0.4960
vt 0.0040 0.0040
vt 0.4960 0.0040
vt 0.4960 0.4960
vt 0.0040 0.4960
vt 0.0040 0.5040
vt 0.4960 0.5040
vt 0.4960 0.9960
vt 0.0040 0.9960
vt 0.0040 0.0040
vt 0.4960 0.0040
vt 0.4960 0.4960
vt 0.0040 0.4960
vt 0.5040 0.0040
vt 0.9960 0.0040
vt 0.9960 0.4960
vt 0.5040 0.4960
vt 0.0040 0.5040
vt 0.4960 0.5040
vt 0.4960 0.9960
vt 0.0040 0.9960
vt 0.5040 0.0040
vt 0.9960 0.0040
vt 0.9960 0.4960
vt 0.5040 0.4960
vt 0.5040 0.0040
vt 0.9960 0.0040
vt 0.9960 0.4960
vt 0.5040 0.4960
vt 0.0040 0.5040
vt 0.4960 0.5040
vt 0.4960 0.9960
vt 0.0040 0.9960
vt 0.5040 0.0040
vt 0.9960 0.0040
vt 0.9960 0.4960
vt 0.5040 0.4960
vt 0.5040 0.0040
vt 0.9960 0.0040
vt 0.9960 0.4960
vt 0.5040 0.4960
vt 0.0040 0.0040
vt 0.4960 0.0040
vt 0.4960 0.4960
vt 0.0040 0.4960
vt 0.5040 0.0040
vt 0.9960 0.0040
vt 0.9960 0.4960
vt 0.5040 0.4960
vt 0.5040 0.5040
vt 0.9960 0.5040
vt 0.9960 0.9960
vt 0.5040 0.9960
vt 0.0040 0.5040
vt 0.4960 0.5040
vt 0.4960 0.9960
vt 0.0040 0.9960
vt 0.5040 0.0040
vt 0.9960 0.0040
vt 0.9960 0.4960
vt 0.5040 0.4960
vt 0.5040 0.5040
vt 0.9960 0.5040
vt 0.9960 0.9960
vt 0.5040 0.9960
vt 0.5040 0.0040
vt 0.9960 0.0040
vt 0.9960 0.4960
vt 0.5040 0.4960
vt 0.0040 0.5040
vt 0.4960 0.5040
vt 0.4960 0.9960
vt 0.0040 0.9960
vt 0.0040 0.0040
vt 0.4960 0.0040
vt 0.4960 0.4960
vt 0.0040 0.4960
vt 0.0040 0.0040
vt 0.4960 0.0040
vt 0.4960 0.4960
vt 0.0040 0.4960
vt 0.5040 0.0040
vt 0.9960 0.0040
vt 0.9960 0.4960
vt 0.5040 0.4960
vt 0.5040 0.5040
vt 0.9960 0.5040
vt 0.9960 0.9960
vt 0.5040 0.9960
vt 0.5040 0.5040
vt 0.9960 0.5040
vt 0.9960 0.9960
vt 0.5040 0.9960
vt 0.0040 0.5040
vt 0.4960 0.5040
vt 0.4960 0.9960
vt 0.0040 0.9960
vt 0.5040 0.5040
vt 0.9960 0.5040
vt 0.9960 0.9960
vt 0.5040 0.9960
vt 0.5040 0.5040
vt 0.9960 0.5040
vt 0.9960 0.9960
vt 0.5040 0.9960
vt 0.0040 0.5040
vt 0.4960 0.5040
vt 0.4960 0.9960
vt 0.0040 0.9960
vt 0.5040 0.0040
vt 0.9960 0.0040
vt 0.9960 0.4960
vt 0.5040 0.4960
vt 0.5040 0.5040
vt 0.9960 0.5040
vt 0.9960 0.9960
vt 0.5040 0.9960
vt 0.5040 0.5040
vt 0.9960 0.5040
vt 0.9960 0.9960
vt 0.5040 0.9960
vt 0.5040 0.0040
vt 0.9960 0.0040
vt 0.9960 0.4960
vt 0.5040 0.4960
vt 0.0040 0.5040
vt 0.4960 0.5040
vt 0.4960 0.9960
vt 0.0040 0.9960
vt 0.0040 0.5040
vt 0.4960 0.5040
vt 0.4960 0.9960
vt 0.0040 0.9960
vt 0.5040 0.5040
vt 0.9960 0.5040
vt 0.9960 0.9960
vt 0.5040 0.9960
vt 0.5040 0.0040
vt 0.9960 0.0040
vt 0.9960 0.4960
vt 0.5040 0.4960
vt 0.5040 0.5040
vt 0.9960 0.5040
vt 0.9960 0.9960
vt 0.5040 0.9960
vt 0.0040 0.0040
vt 0.4960 0.0040
vt 0.4960 0.4960
vt 0.0040 0.4960
vt 0.0040 0.0040
vt 0.4960 0.0040
vt 0.4960 0.4960
vt 0.0040 0.4960
vt 0.0040 0.5040
vt 0.4960 0.5040
vt 0.4960 0.9960
vt 0.0040 0.9960
vt 0.0040 0.0040
vt 0.4960 0.0040
vt 0.4960 0.4960
vt 0.0040 0.4960
vt 0.0040 0.0040
vt 0.4960 0.0040
vt 0.4960 0.4960
vt 0.0040 0.4960
vt 0.0040 0.5040
vt 0.4960 0.5040
vt 0.4960 0.9960
vt 0.0040 0.9960
vt 0.5040 0.0040
vt 0.9960 0.0040
vt 0.9960 0.4960
vt 0.5040 0.4960
vt 0.5040 0.0040
vt 0.9960 0.0040
vt 0.9960 0.4960
vt 0.5040 0.4960
vt 0.0040 0.5040
vt 0.4960 0.5040
vt 0.4960 0.9960
vt 0.0040 0.9960
vt 0.0040 0.0040
vt 0.4960 0.0040
vt 0.4960 0.4960
vt 0.0040 0.4960
vt 0.0040 0.0040
vt 0.4960 0.0040
vt 0.4960 0.4960
vt 0.0040 0.4960
vt 0.5040 0.5040
vt 0.9960 0.5040
vt 0.9960 0.9960
vt 0.5040 0.9960
vt 0.5040 0.0040
vt 0.9960 0.0040
vt 0.9960 0.4960
vt 0.5040 0.4960
vt 0.0040 0.0040
vt 0.4960 0.0040
vt 0.4960 0.4960
vt 0.0040 0.4960
vt 0.5040 0.0040
vt 0.9960 0.0040
vt 0.9960 0.4960
vt 0.5040 0.4960
vt 0.0040 0.5040
vt 0.4960 0.5040
vt 0.4960 0.9960
vt 0.0040 0.9960
vt 0.0040 0.5040
vt 0.4960 0.5040
vt 0.4960 0.9960
vt 0.0040 0.9960
vt 0.5040 0.5040
vt 0.9960 0.5040
vt 0.9960 0.9960
vt 0.5040 0.9960
vt 0.0040 0.0040
vt 0.4960 0.0040
vt 0.4960 0.4960
vt 0.0040 0.4960
vt 0.5040 0.5040
vt 0.9960 0.5040
vt 0.9960 0.9960
vt 0.5040 0.9960
vt 0.5040 0.0040
vt 0.9960 0.0040
vt 0.9960 0.4960
vt 0.5040 0.4960
vt 0.0040 0.0040
vt 0.4960 0.0040
vt 0.4960 0.4960
vt 0.0040 0.4960
vt 0.5040 0.0040
vt 0.9960 0.0040
vt 0.9960 0.4960
vt 0.5040 0.4960
vt 0.0040 0.0040
vt 0.4960 0.0040
vt 0.4960 0.4960
vt 0.0040 0.4960
vt 0.5040 0.5040
vt 0.9960 0.5040
vt 0.9960 0.9960
vt 0.5040 0.9960
vt 0.0040 0.0040
vt 0.4960 0.0040
vt 0.4960 0.4960
vt 0.0040 0.4960
vt 0.5040 0.0040
vt 0.9960 0.0040
vt 0.9960 0.4960
vt 0.5040 0.4960
vt 0.5040 0.5040
vt 0.9960 0.5040
vt 0.9960 0.9960
vt 0.5040 0.9960
vt 0.5040 0.5040
vt 0.9960 0.5040
vt 0.9960 0.9960
vt 0.5040 0.9960
vt 0.0040 0.5040
vt 0.4960 0.5040
vt 0.4960 0.9960
vt 0.0040 0.9960
vt 0.5040 0.0040
vt 0.9960 0.0040
vt 0.9960 0.4960
vt 0.5040 0.4960
vt 0.5040 0.5040
vt 0.9960 0.5040
vt 0.9960 0.9960
vt 0.5040 0.9960
vt 0.5040 0.5040
vt 0.9960 0.5040
vt 0.9960 0.9960
vt 0.5040 0.9960
vt 0.0040 0.5040
vt 0.4960 0.5040
vt 0.4960 0.9960
vt 0.0040 0.9960
vt 0.5040 0.0040
vt 0.9960 0.0040
vt 0.9960 0.4960
vt 0.5040 0.4960
vt 0.0040 0.5040
vt 0.4960 0.5040
vt 0.4960 0.9960
vt 0.0040 0.9960
vt 0.5040 0.5040
vt 0.9960 0.5040
vt 0.9960 0.9960
vt 0.5040 0.9960
vt 0.5040 0.0040
vt 0.9960 0.0040
vt 0.9960 0.4960
vt 0.5040 0.4960
vt 0.0040 0.0040
vt 0.4960 0.0040
vt 0.4960 0.4960
vt 0.0040 0.4960
vt 0.0040 0.5040
vt 0.4960 0.5040
vt 0.4960 0.9960
vt 0.0040 0.9960
vt 0.5040 0.5040
vt 0.9960 0.5040
vt 0.9960 0.9960
vt 0.5040 0.9960
vt 0.0040 0.5040
vt 0.4960 0.5040
vt 0.4960 0.9960
vt 0.0040 0.9960
vt 0.0040 0.5040
vt 0.4960 0.5040
vt 0.4960 0.9960
vt 0.0040 0.9960
vt 0.5040 0.5040
vt 0.9960 0.5040
vt 0.9960 0.9960
vt 0.5040 0.9960
vt 0.0040 0.0040
vt 0.4960 0.0040
vt 0.4960 0.4960
vt 0.0040 0.4960
vt 0.5040 0.0040
vt 0.9960 0.0040
vt 0.9960 0.4960
vt 0.5040 0.4960
vt 0.5040 0.5040
vt 0.9960 0.5040
vt 0.9960 0.9960
vt 0.5040 0.9960
vt 0.0040 0.0040
vt 0.4960 0.0040
vt 0.4960 0.4960
vt 0.0040 0.4960
vt 0.5040 0.5040
vt 0.9960 0.5040
vt 0.9960 0.9960
vt 0.5040 0.9960
vt 0.0040 0.0040
vt 0.4960 0.0040
vt 0.4960 0.4960
vt 0.0040 0.4960
vt 0.5040 0.5040
vt 0.9960 0.5040
vt 0.9960 0.9960
vt 0.5040 0.9960
vt 0.5040 0.0040
vt 0.9960 0.0040
vt 0.9960 0.4960
vt 0.5040 0.4960
vt 0.0040 0.5040
vt 0.4960 0.5040
vt 0.4960 0.9960
vt 0.0040 0.9960
vt 0.0040 0.5040
vt 0.4960 0.5040
vt 0.4960 0.9960
vt 0.0040 0.9960
vt 0.5040 0.5040
vt 0.9960 0.5040
vt 0.9960 0.9960
vt 0.5040 0.9960
vt 0.5040 0.0040
vt 0.9960 0.0040
vt 0.9960 0.4960
vt 0.5040 0.4960
vt 0.0040 0.5040
vt 0.4960 0.5040
vt 0.4960 0.9960
vt 0.0040 0.9960
vt 0.5040 0.0040
vt 0.9960 0.0040
vt 0.9960 0.4960
vt 0.5040 0.4960
vt 0.0040 0.5040
vt 0.4960 0.5040
vt 0.4960 0.9960
vt 0.0040 0.9960
vt 0.5040 0.0040
vt 0.9960 0.0040
vt 0.9960 0.4960
vt 0.5040 0.4960
vt 0.0040 0.5040
vt 0.4960 0.5040
vt 0.4960 0.9960
vt 0.0040 0.9960
vt 0.5040 0.5040
vt 0.9960 0.5040
vt 0.9960 0.9960
vt 0.5040 0.9960
vt 0.0040 0.5040
vt 0.4960 0.5040
vt 0.4960 0.9960
vt 0.0040 0.9960
vt 0.0040 0.5040
vt 0.4960 0.5040
vt 0.4960 0.9960
vt 0.0040 0.9960
vt 0.5040 0.5040
vt 0.9960 0.5040
vt 0.9960 0.9960
vt 0.5040 0.9960
vt 0.0040 0.5040
vt 0.4960 0.5040
vt 0.4960 0.9960
vt 0.0040 0.9960
vt 0.5040 0.5040
vt 0.9960 0.5040
vt 0.9960 0.9960
vt 0.5040 0.9960
vt 0.0040 0.5040
vt 0.4960 0.5040
vt 0.4960 0.9960
vt 0.0040 0.9960
vt 0.5040 0.0040
vt 0.9960 0.0040
vt 0.9960 0.4960
vt 0.5040 0.4960
vt 0.0040 0.0040
vt 0.4960 0.0040
vt 0.4960 0.4960
vt 0.0040 0.4960
vt 0.5040 0.0040
vt 0.9960 0.0040
vt 0.9960 0.4960
vt 0.5040 0.4960
vt 0.5040 0.5040
vt 0.9960 0.5040
vt 0.9960 0.9960
vt 0.5040 0.9960
vt 0.0040 0.5040
vt 0.4960 0.5040
vt 0.4960 0.9960
vt 0.0040 0.9960
vt 0.0040 0.0040
vt 0.4960 0.0040
vt 0.4960 0.4960
vt 0.0040 0.4960
vt 0.5040 0.0040
vt 0.9960 0.0040
vt 0.9960 0.4960
vt 0.5040 0.4960
vt 0.5040 0.5040
vt 0.9960 0.5040
vt 0.9960 0.9960
vt 0.5040 0.9960
vt 0.5040 0.5040
vt 0.9960 0.5040
vt 0.9960 0.9960
vt 0.5040 0.9960
vt 0.5040 0.0040
vt 0.9960 0.0040
vt 0.9960 0.4960
vt 0.5040 0.4960
vt 0.0040 0.0040
vt 0.4960 0.0040
vt 0.4960 0.4960
vt 0.0040 0.4960
vt 0.5040 0.5040
vt 0.9960 0.5040
vt 0.9960 0.9960
vt 0.5040 0.9960
vt 0.0040 0.5040
vt 0.4960 0.5040
vt 0.4960 0.9960
vt 0.0040 0.9960
vt 0.0040 0.0040
vt 0.4960 0.0040
vt 0.4960 0.4960
vt 0.0040 0.4960
vt 0.0040 0.5040
vt 0.4960 0.5040
vt 0.4960 0.9960
vt 0.0040 0.9960
vt 0.0040 0.0040
vt 0.4960 0.0040
vt 0.4960 0.4960
vt 0.0040 0.4960
vt 0.5040 0.0040
vt 0.9960 0.0040
vt 0.9960 0.4960
vt 0.5040 0.4960
vt 0.5040 0.0040
vt 0.9960 0.0040
vt 0.9960 0.4960
vt 0.5040 0.4960
vt 0.5040 0.5040
vt 0.9960 0.5040
vt 0.9960 0.9960
vt 0.5040 0.9960
vt 0.5040 0.0040
vt 0.9960 0.0040
vt 0.9960 0.4960
vt 0.5040 0.4960
vt 0.0040 0.5040
vt 0.4960 0.5040
vt 0.4960 0.9960
vt 0.0040 0.9960
vt 0.0040 0.0040
vt 0.4960 0.0040
vt 0.4960 0.4960
vt 0.0040 0.4960
vt 0.0040 0.0040
vt 0.4960 0.0040
vt 0.4960 0.4960
vt 0.0040 0.4960
vt 0.0040 0.5040
vt 0.4960 0.5040
vt 0.4960 0.9960
vt 0.0040 0.9960
vt 0.5040 0.0040
vt 0.9960 0.0040
vt 0.9960 0.4960
vt 0.5040 0.4960
vt 0.5040 0.0040
vt 0.9960 0.0040
vt 0.9960 0.4960
vt 0.5040 0.4960
vt 0.5040 0.0040
vt 0.9960 0.0040
vt 0.9960 0.4960
vt 0.5040 0.4960
vt 0.5040 0.0040
vt 0.9960 0.0040
vt 0.9960 0.4960
vt 0.5040 0.4960
vt 0.5040 0.5040
vt 0.9960 0.5040
vt 0.9960 0.9960
vt 0.5040 0.9960
vt 0.0040 0.5040
vt 0.4960 0.5040
vt 0.4960 0.9960
vt 0.0040 0.9960
vt 0.5040 0.0040
vt 0.9960 0.0040
vt 0.9960 0.4960
vt 0.5040 0.4960
vt 0.0040 0.0040
vt 0.4960 0.0040
vt 0.4960 0.4960
vt 0.0040 0.4960
vt 0.5040 0.5040
vt 0.9960 0.5040
vt 0.9960 0.9960
vt 0.5040 0.9960
vt 0.0040 0.0040
vt 0.4960 0.0040
vt 0.4960 0.4960
vt 0.0040 0.4960
vt 0.0040 0.0040
vt 0.4960 0.0040
vt 0.4960 0.4960
vt 0.0040 0.4960
vt 0.0040 0.0040
vt 0.4960 0.0040
vt 0.4960 0.4960
vt 0.0040 0.4960
vt 0.0040 0.5040
vt 0.4960 0.5040
vt 0.4960 0.9960
vt 0.0040 0.9960
vt 0.0040 0.0040
vt 0.4960 0.0040
vt 0.4960 0.4960
vt 0.0040 0.4960
vt 0.0040 0.0040
vt 0.4960 0.0040
vt 0.4960 0.4960
vt 0.0040 0.4960
vt 0.5040 0.0040
vt 0.9960 0.0040
vt 0.9960 0.4960
vt 0.5040 0.4960
vt 0.0040 0.5040
vt 0.4960 0.5040
vt 0.4960 0.9960
vt 0.0040 0.9960
vt 0.0040 0.5040
vt 0.4960 0.5040
vt 0.4960 0.9960
vt 0.0040 0.9960
vt 0.0040 0.5040
vt 0.4960 0.5040
vt 0.4960 0.9960
vt 0.0040 0.9960
vt 0.5040 0.0040
vt 0.9960 0.0040
vt 0.9960 0.4960
vt 0.5040 0.4960
vt 0.0040 0.5040
vt 0.4960 0.5040
vt 0.4960 0.9960
vt 0.0040 0.9960
vt 0.0040 0.5040
vt 0.4960 0.5040
vt 0.4960 0.9960
vt 0.0040 0.9960
vt 0.0040 0.5040
vt 0.4960 0.5040
vt 0.4960 0.9960
vt 0.0040 0.9960
vt 0.5040 0.5040
vt 0.9960 0.5040
vt 0.9960 0.9960
vt 0.5040 0.9960
vt 0.0040 0.5040
vt 0.4960 0.5040
vt 0.4960 0.9960
vt 0.0040 0.9960
vt 0.0040 0.5040
vt 0.4960 0.5040
vt 0.4960 0.9960
vt 0.0040 0.9960
vt 0.0040 0.0040
vt 0.4960 0.0040
vt 0.4960 0.4960
vt 0.0040 0.4960
vt 0.0040 0.5040
vt 0.4960 0.5040
vt 0.4960 0.9960
vt 0.0040 0.9960
vt 0.0040 0.5040
vt 0.4960 0.5040
vt 0.4960 0.9960
vt 0.0040 0.9960
vt 0.5040 0.5040
vt 0.9960 0.5040
vt 0.9960 0.9960
vt 0.5040 0.9960
vt 0.0040 0.0040
vt 0.4960 0.0040
vt 0.4960 0.4960
vt 0.0040 0.4960
vt 0.0040 0.0040
vt 0.4960 0.0040
vt 0.4960 0.4960
vt 0.0040 0.4960
vt 0.0040 0.0040
vt 0.4960 0.0040
vt 0.4960 0.4960
vt 0.0040 0.4960
vt 0.5040 0.5040
vt 0.9960 0.5040
vt 0.9960 0.9960
vt 0.5040 0.9960
vt 0.0040 0.5040
vt 0.4960 0.5040
vt 0.4960 0.9960
vt 0.0040 0.9960
vt 0.0040 0.5040
vt 0.4960 0.5040
vt 0.4960 0.9960
vt 0.0040 0.9960
vt 0.0040 0.0040
vt 0.4960 0.0040
vt 0.4960 0.4960
vt 0.0040 0.4960
vt 0.0040 0.0040
vt 0.4960 0.0040
vt 0.4960 0.4960
vt 0.0040 0.4960
vt 0.0040 0.5040
vt 0.4960 0.5040
vt 0.4960 0.9960
vt 0.0040 0.9960
vt 0.5040 0.5040
vt 0.9960 0.5040
vt 0.9960 0.9960
vt 0.5040 0.9960
vt 0.5040 0.0040
vt 0.9960 0.0040
vt 0.9960 0.4960
vt 0.5040 0.4960
vt 0.0040 0.5040
vt 0.4960 0.5040
vt 0.4960 0.9960
vt 0.0040 0.9960
vt 0.0040 0.0040
vt 0.4960 0.0040
vt 0.4960 0.4960
vt 0.0040 0.4960
vt 0.5040 0.0040
vt 0.9960 0.0040
vt 0.9960 0.4960
vt 0.5040 0.4960
vt 0.0040 0.5040
vt 0.4960 0.5040
vt 0.4960 0.9960
vt 0.0040 0.9960
vt 0.5040 0.0040
vt 0.9960 0.0040
vt 0.9960 0.4960
vt 0.5040 0.4960
vt 0.5040 0.0040
vt 0.9960 0.0040
vt 0.9960 0.4960
vt 0.5040 0.4960
vt 0.5040 0.5040
vt 0.9960 0.5040
vt 0.9960 0.9960
vt 0.5040 0.9960
vt 0.5040 0.0040
vt 0.9960 0.0040
vt 0.9960 0.4960
vt 0.5040 0.4960
vt 0.0040 0.0040
vt 0.4960 0.0040
vt 0.4960 0.4960
vt 0.0040 0.4960
vt 0.5040 0.0040
vt 0.9960 0.0040
vt 0.9960 0.4960
vt 0.5040 0.4960
vt 0.5040 0.5040
vt 0.9960 0.5040
vt 0.9960 0.9960
vt 0.5040 0.9960
vt 0.5040 0.0040
vt 0.9960 0.0040
vt 0.9960 0.4960
vt 0.5040 0.4960
vt 0.0040 0.5040
vt 0.4960 0.5040
vt 0.4960 0.9960
vt 0.0040 0.9960
vt 0.5040 0.5040
vt 0.9960 0.5040
vt 0.9960 0.9960
vt 0.5040 0.9960
vt 0.5040 0.5040
vt 0.9960 0.5040
vt 0.9960 0.9960
vt 0.5040 0.9960
vt 0.0040 0.5040
vt 0.4960 0.5040
vt 0.4960 0.9960
vt 0.0040 0.9960
vt 0.5040 0.0040
vt 0.9960 0.0040
vt 0.9960 0.4960
vt 0.5040 0.4960
vt 0.5040 0.0040
vt 0.9960 0.0040
vt 0.9960 0.4960
vt 0.5040 0.4960
vt 0.5040 0.0040
vt 0.9960 0.0040
vt 0.9960 0.4960
vt 0.5040 0.4960
vt 0.0040 0.5040
vt 0.4960 0.5040
vt 0.4960 0.9960
vt 0.0040 0.9960
vt 0.5040 0.0040
vt 0.9960 0.0040
vt 0.9960 0.4960
vt 0.5040 0.4960
vt 0.0040 0.0040
vt 0.4960 0.0040
vt 0.4960 0.4960
vt 0.0040 0.4960
vt 0.5040 0.5040
vt 0.9960 0.5040
vt 0.9960 0.9960
vt 0.5040 0.9960
vt 0.5040 0.5040
vt 0.9960 0.5040
vt 0.9960 0.9960
vt 0.5040 0.9960
vt 0.0040 0.5040
vt 0.4960 0.5040
vt 0.4960 0.9960
vt 0.0040 0.9960
vt 0.0040 0.0040
vt 0.4960 0.0040
vt 0.4960 0.4960
vt 0.0040 0.4960
vt 0.5040 0.0040
vt 0.9960 0.0040
vt 0.9960 0.4960
vt 0.5040 0.4960
vt 0.5040 0.5040
vt 0.9960 0.5040
vt 0.9960 0.9960
vt 0.5040 0.9960
vt 0.5040 0.0040
vt 0.9960 0.0040
vt 0.9960 0.4960
vt 0.5040 0.4960
vt 0.5040 0.0040
vt 0.9960 0.0040
vt 0.9960 0.4960
vt 0.5040 0.4960
vt 0.5040 0.5040
vt 0.9960 0.5040
vt 0.9960 0.9960
vt 0.5040 0.9960
vt 0.5040 0.5040
vt 0.9960 0.5040
vt 0.9960 0.9960
vt 0.5040 0.9960
vt 0.5040 0.5040
vt 0.9960 0.5040
vt 0.9960 0.9960
vt 0.5040 0.9960
vt 0.5040 0.5040
vt 0.9960 0.5040
vt 0.9960 0.9960
vt 0.5040 0.9960
vt 0.0040 0.5040
vt 0.4960 0.5040
vt 0.4960 0.9960
vt 0.0040 0.9960
vt 0.5040 0.0040
vt 0.9960 0.0040
vt 0.9960 0.4960
vt 0.5040 0.4960
vt 0.0040 0.0040
vt 0.4960 0.0040
vt 0.4960 0.4960
vt 0.0040 0.4960
vt 0.5040 0.5040
vt 0.9960 0.5040
vt 0.9960 0.9960
vt 0.5040 0.9960
vt 0.5040 0.5040
vt 0.9960 0.5040
vt 0.9960 0.9960
vt 0.5040 0.9960
vt 0.5040 0.0040
vt 0.9960 0.0040
vt 0.9960 0.4960
vt 0.5040 0.4960
vt 0.0040 0.0040
vt 0.4960 0.0040
vt 0.4960 0.4960
vt 0.0040 0.4960
vt 0.5040 0.0040
vt 0.9960 0.0040
vt 0.9960 0.4960
vt 0.5040 0.4960
vt 0.5040 0.5040
vt 0.9960 0.5040
vt 0.9960 0.9960
vt 0.5040 0.9960
vt 0.5040 0.5040
vt 0.9960 0.5040
vt 0.9960 0.9960
vt 0.5040 0.9960
vt 0.0040 0.0040
vt 0.4960 0.0040
vt 0.4960 0.4960
vt 0.0040 0.4960
vt 0.5040 0.0040
vt 0.9960 0.0040
vt 0.9960 0.4960
vt 0.5040 0.4960
vt 0.5040 0.0040
vt 0.9960 0.0040
vt 0.9960 0.4960
vt 0.5040 0.4960
vt 0.0040 0.0040
vt 0.4960 0.0040
vt 0.4960 0.4960
vt 0.0040 0.4960
vt 0.0040 0.5040
vt 0.4960 0.5040
vt 0.4960 0.9960
vt 0.0040 0.9960
vt 0.0040 0.0040
vt 0.4960 0.0040
vt 0.4960 0.4960
vt 0.0040 0.4960
vt 0.0040 0.0040
vt 0.4960 0.0040
vt 0.4960 0.4960
vt 0.0040 0.4960
vt 0.0040 0.0040
vt 0.4960 0.0040
vt 0.4960 0.4960
vt 0.0040 0.4960
vt 0.5040 0.5040
vt 0.9960 0.5040
vt 0.9960 0.9960
vt 0.5040 0.9960
vt 0.5040 0.0040
vt 0.9960 0.0040
vt 0.9960 0.4960
vt 0.5040 0.4960
vt 0.5040 0.0040
vt 0.9960 0.0040
vt 0.9960 0.4960
vt 0.5040 0.4960
vt 0.5040 0.0040
vt 0.9960 0.0040
vt 0.9960 0.4960
vt 0.5040 0.4960
vt 0.0040 0.0040
vt 0.4960 0.0040
vt 0.4960 0.4960
vt 0.0040 0.4960
vt 0.0040 0.5040
vt 0.4960 0.5040
vt 0.4960 0.9960
vt 0.0040 0.9960
vt 0.5040 0.5040
vt 0.9960 0.5040
vt 0.9960 0.9960
vt 0.5040 0.9960
vt 0.5040 0.0040
vt 0.9960 0.0040
vt 0.9960 0.4960
vt 0.5040 0.4960
vt 0.5040 0.0040
vt 0.9960 0.0040
vt 0.9960 0.4960
vt 0.5040 0.4960
vt 0.0040 0.0040
vt 0.4960 0.0040
vt 0.4960 0.4960
vt 0.0040 0.4960
vt 0.5040 0.5040
vt 0.9960 0.5040
vt 0.9960 0.9960
vt 0.5040 0.9960
vt 0.5040 0.0040
vt 0.9960 0.0040
vt 0.9960 0.4960
vt 0.5040 0.4960
vt 0.0040 0.0040
vt 0.4960 0.0040
vt 0.4960 0.4960
vt 0.0040 0.4960
vt 0.5040 0.0040
vt 0.9960 0.0040
vt 0.9960 0.4960
vt 0.5040 0.4960
vt 0.0040 0.5040
vt 0.4960 0.5040
vt 0.4960 0.9960
vt 0.0040 0.9960
vt 0.5040 0.0040
vt 0.9960 0.0040
vt 0.9960 0.4960
vt 0.5040 0.4960
vt 0.0040 0.5040
vt 0.4960 0.5040
vt 0.4960 0.9960
vt 0.0040 0.9960
vt 0.5040 0.5040
vt 0.9960 0.5040
vt 0.9960 0.9960
vt 0.5040 0.9960
vt 0.5040 0.5040
vt 0.9960 0.5040
vt 0.9960 0.9960
vt 0.5040 0.9960
vt 0.5040 0.5040
vt 0.9960 0.5040
vt 0.9960 0.9960
vt 0.5040 0.9960
vn -0.008 -1.000 0.018
vn -0.008 -1.000 0.018
vn -0.008 -1.000 0.018
vn -0.008 -1.000 0.018
vn 0.006 -1.000 -0.015
vn 0.006 -1.000 -0.015
vn 0.006 -1.000 -0.015
vn 0.006 -1.000 -0.015
vn -0.001 -1.000 0.001
vn -0.001 -1.000 0.001
vn -0.001 -1.000 0.001
vn -0.001 -1.000 0.001
vn -0.008 -1.000 0.018
vn -0.008 -1.000 0.018
vn -0.008 -1.000 0.018
vn -0.008 -1.000 0.018
vn 0.006 -1.000 -0.015
vn 0.006 -1.000 -0.015
vn 0.006 -1.000 -0.015
vn 0.006 -1.000 -0.015
vn -0.001 -1.000 0.001
vn -0.001 -1.000 0.001
vn -0.001 -1.000 0.001
vn -0.001 -1.000 0.001
vn 0.262 -0.954 0.142
vn 0.262 -0.954 0.142
vn 0.262 -0.954 0.142
vn 0.262 -0.954 0.142
vn 0.280 -0.953 0.113
vn 0.280 -0.953 0.113
vn 0.280 -0.953 0.113
vn 0.280 -0.953 0.113
vn 0.271 -0.954 0.128
vn 0.271 -0.954 0.128
vn 0.271 -0.954 0.128
vn 0.271 -0.954 0.128
vn 0.262 -0.954 0.142
vn 0.262 -0.954 0.142
vn 0.262 -0.954 0.142
vn 0.262 -0.954 0.142
vn 0.280 -0.953 0.113
vn 0.280 -0.953 0.113
vn 0.280 -0.953 0.113
vn 0.280 -0.953 0.113
vn 0.271 -0.954 0.128
vn 0.271 -0.954 0.128
vn 0.271 -0.954 0.128
vn 0.271 -0.954 0.128
vn 0.335 -0.923 0.189
vn 0.335 -0.923 0.189
vn 0.335 -0.923 0.189
vn 0.335 -0.923 0.189
vn 0.349 -0.924 0.160
vn 0.349 -0.924 0.160
vn 0.349 -0.924 0.160
vn 0.349 -0.924 0.160
vn 0.342 -0.923 0.174
vn 0.342 -0.923 0.174
vn 0.342 -0.923 0.174
vn 0.342 -0.923 0.174
vn -0.019 -1.000 -0.000
vn -0.019 -1.000 -0.000
vn -0.019 -1.000 -0.000
vn -0.019 -1.000 -0.000
vn 0.017 -1.000 0.003
vn 0.017 -1.000 0.003
vn 0.017 -1.000 0.003
vn 0.017 -1.000 0.003
vn -0.001 -1.000 0.001
vn -0.001 -1.000 0.001
vn -0.001 -1.000 0.001
vn -0.001 -1.000 0.001
vn -0.019 -1.000 -0.000
vn -0.019 -1.000 -0.000
vn -0.019 -1.000 -0.000
vn -0.019 -1.000 -0.000
vn 0.017 -1.000 0.003
vn 0.017 -1.000 0.003
vn 0.017 -1.000 0.003
vn 0.017 -1.000 0.003
vn -0.001 -1.000 0.001
vn -0.001 -1.000 0.001
vn -0.001 -1.000 0.001
vn -0.001 -1.000 0.001
vn -0.027 -0.994 0.104
vn -0.027 -0.994 0.104
vn -0.027 -0.994 0.104
vn -0.027 -0.994 0.104
vn 0.008 -0.994 0.107
vn 0.008 -0.994 0.107
vn 0.008 -0.994 0.107
vn 0.008 -0.994 0.107
vn -0.010 -0.994 0.105
vn -0.010 -0.994 0.105
vn -0.010 -0.994 0.105
vn -0.010 -0.994 0.105
vn -0.045 -0.923 0.381
vn -0.045 -0.923 0.381
vn -0.045 -0.923 0.381
vn -0.045 -0.923 0.381
vn -0.013 -0.923 0.384
vn -0.013 -0.923 0.384
vn -0.013 -0.923 0.384
vn -0.013 -0.923 0.384
vn -0.029 -0.923 0.383
vn -0.029 -0.923 0.383
vn -0.029 -0.923 0.383
vn -0.029 -0.923 0.383
vn -0.178 -0.980 0.091
vn -0.178 -0.980 0.091
vn -0.178 -0.980 0.091
vn -0.178 -0.980 0.091
vn -0.158 -0.980 0.121
vn -0.158 -0.980 0.121
vn -0.158 -0.980 0.121
vn -0.158 -0.980 0.121
vn -0.168 -0.980 0.106
vn -0.168 -0.980 0.106
vn -0.168 -0.980 0.106
vn -0.168 -0.980 0.106
vn -0.320 -0.929 0.186
vn -0.320 -0.929 0.186
vn -0.320 -0.929 0.186
vn -0.320 -0.929 0.186
vn -0.304 -0.928 0.215
vn -0.304 -0.928 0.215
vn -0.304 -0.928 0.215
vn -0.304 -0.928 0.215
vn -0.312 -0.929 0.201
vn -0.312 -0.929 0.201
vn -0.312 -0.929 0.201
vn -0.312 -0.929 0.201
vn 0.011 -1.000 -0.011
vn 0.011 -1.000 -0.011
vn 0.011 -1.000 -0.011
vn 0.011 -1.000 -0.011
vn -0.014 -1.000 0.014
vn -0.014 -1.000 0.014
vn -0.014 -1.000 0.014
vn -0.014 -1.000 0.014
vn -0.001 -1.000 0.001
vn -0.001 -1.000 0.001
vn -0.001 -1.000 0.001
vn -0.001 -1.000 0.001
vn -0.053 -0.996 -0.075
vn -0.053 -0.996 -0.075
vn -0.053 -0.996 -0.075
vn -0.053 -0.996 -0.075
vn -0.077 -0.996 -0.048
vn -0.077 -0.996 -0.048
vn -0.077 -0.996 -0.048
vn -0.077 -0.996 -0.048
vn -0.065 -0.996 -0.061
vn -0.065 -0.996 -0.061
vn -0.065 -0.996 -0.061
vn -0.065 -0.996 -0.061
vn -0.053 -0.996 -0.075
vn -0.053 -0.996 -0.075
vn -0.053 -0.996 -0.075
vn -0.053 -0.996 -0.075
vn -0.077 -0.996 -0.048
vn -0.077 -0.996 -0.048
vn -0.077 -0.996 -0.048
vn -0.077 -0.996 -0.048
vn -0.065 -0.996 -0.061
vn -0.065 -0.996 -0.061
vn -0.065 -0.996 -0.061
vn -0.065 -0.996 -0.061
vn -0.120 -0.984 -0.134
vn -0.120 -0.984 -0.134
vn -0.120 -0.984 -0.134
vn -0.120 -0.984 -0.134
vn -0.141 -0.984 -0.105
vn -0.141 -0.984 -0.105
vn -0.141 -0.984 -0.105
vn -0.141 -0.984 -0.105
vn -0.130 -0.984 -0.120
vn -0.130 -0.984 -0.120
vn -0.130 -0.984 -0.120
vn -0.130 -0.984 -0.120
vn -0.186 -0.966 -0.180
vn -0.186 -0.966 -0.180
vn -0.186 -0.966 -0.180
vn -0.186 -0.966 -0.180
vn -0.208 -0.966 -0.153
vn -0.208 -0.966 -0.153
vn -0.208 -0.966 -0.153
vn -0.208 -0.966 -0.153
vn -0.197 -0.966 -0.167
vn -0.197 -0.966 -0.167
vn -0.197 -0.966 -0.167
vn -0.197 -0.966 -0.167
vn -0.243 -0.943 -0.228
vn -0.243 -0.943 -0.228
vn -0.243 -0.943 -0.228
vn -0.243 -0.943 -0.228
vn -0.266 -0.942 -0.203
vn -0.266 -0.942 -0.203
vn -0.266 -0.942 -0.203
vn -0.266 -0.942 -0.203
vn -0.255 -0.943 -0.216
vn -0.255 -0.943 -0.216
vn -0.255 -0.943 -0.216
vn -0.255 -0.943 -0.216
vn 0.016 -1.000 0.006
vn 0.016 -1.000 0.006
vn 0.016 -1.000 0.006
vn 0.016 -1.000 0.006
vn -0.019 -1.000 -0.003
vn -0.019 -1.000 -0.003
vn -0.019 -1.000 -0.003
vn -0.019 -1.000 -0.003
vn -0.001 -1.000 0.001
vn -0.001 -1.000 0.001
vn -0.001 -1.000 0.001
vn -0.001 -1.000 0.001
vn 0.016 -1.000 0.006
vn 0.016 -1.000 0.006
vn 0.016 -1.000 0.006
vn 0.016 -1.000 0.006
vn -0.019 -1.000 -0.003
vn -0.019 -1.000 -0.003
vn -0.019 -1.000 -0.003
vn -0.019 -1.000 -0.003
vn -0.001 -1.000 0.001
vn -0.001 -1.000 0.001
vn -0.001 -1.000 0.001
vn -0.001 -1.000 0.001
vn 0.041 -0.995 -0.096
vn 0.041 -0.995 -0.096
vn 0.041 -0.995 -0.096
vn 0.041 -0.995 -0.096
vn 0.006 -0.995 -0.102
vn 0.006 -0.995 -0.102
vn 0.006 -0.995 -0.102
vn 0.006 -0.995 -0.102
vn 0.023 -0.995 -0.099
vn 0.023 -0.995 -0.099
vn 0.023 -0.995 -0.099
vn 0.023 -0.995 -0.099
vn 0.057 -0.979 -0.195
vn 0.057 -0.979 -0.195
vn 0.057 -0.979 -0.195
vn 0.057 -0.979 -0.195
vn 0.023 -0.979 -0.203
vn 0.023 -0.979 -0.203
vn 0.023 -0.979 -0.203
vn 0.023 -0.979 -0.203
vn 0.040 -0.979 -0.199
vn 0.040 -0.979 -0.199
vn 0.040 -0.979 -0.199
vn 0.040 -0.979 -0.199
vn 0.057 -0.979 -0.195
vn 0.057 -0.979 -0.195
vn 0.057 -0.979 -0.195
vn 0.057 -0.979 -0.195
vn 0.023 -0.979 -0.203
vn 0.023 -0.979 -0.203
vn 0.023 -0.979 -0.203
vn 0.023 -0.979 -0.203
vn 0.040 -0.979 -0.199
vn 0.040 -0.979 -0.199
vn 0.040 -0.979 -0.199
vn 0.040 -0.979 -0.199
vn 0.079 -0.955 -0.287
vn 0.079 -0.955 -0.287
vn 0.079 -0.955 -0.287
vn 0.079 -0.955 -0.287
vn 0.046 -0.954 -0.295
vn 0.046 -0.954 -0.295
vn 0.046 -0.954 -0.295
vn 0.046 -0.954 -0.295
vn 0.063 -0.955 -0.291
vn 0.063 -0.955 -0.291
vn 0.063 -0.955 -0.291
vn 0.063 -0.955 -0.291
vn 0.099 -0.924 -0.370
vn 0.099 -0.924 -0.370
vn 0.099 -0.924 -0.370
vn 0.099 -0.924 -0.370
vn 0.067 -0.924 -0.377
vn 0.067 -0.924 -0.377
vn 0.067 -0.924 -0.377
vn 0.067 -0.924 -0.377
vn 0.083 -0.924 -0.374
vn 0.083 -0.924 -0.374
vn 0.083 -0.924 -0.374
vn 0.083 -0.924 -0.374
vn 0.007 -1.000 0.017
vn 0.007 -1.000 0.017
vn 0.007 -1.000 0.017
vn 0.007 -1.000 0.017
vn -0.009 -1.000 -0.015
vn -0.009 -1.000 -0.015
vn -0.009 -1.000 -0.015
vn -0.009 -1.000 -0.015
vn -0.001 -1.000 0.001
vn -0.001 -1.000 0.001
vn -0.001 -1.000 0.001
vn -0.001 -1.000 0.001
vn 0.194 -0.979 -0.060
vn 0.194 -0.979 -0.060
vn 0.194 -0.979 -0.060
vn 0.194 -0.979 -0.060
vn 0.179 -0.980 -0.091
vn 0.179 -0.980 -0.091
vn 0.179 -0.980 -0.091
vn 0.179 -0.980 -0.091
vn 0.186 -0.980 -0.075
vn 0.186 -0.980 -0.075
vn 0.186 -0.980 -0.075
vn 0.186 -0.980 -0.075
vn 0.194 -0.979 -0.060
vn 0.194 -0.979 -0.060
vn 0.194 -0.979 -0.060
vn 0.194 -0.979 -0.060
vn 0.179 -0.980 -0.091
vn 0.179 -0.980 -0.091
vn 0.179 -0.980 -0.091
vn 0.179 -0.980 -0.091
vn 0.186 -0.980 -0.075
vn 0.186 -0.980 -0.075
vn 0.186 -0.980 -0.075
vn 0.186 -0.980 -0.075
vn 0.276 -0.956 -0.101
vn 0.276 -0.956 -0.101
vn 0.276 -0.956 -0.101
vn 0.276 -0.956 -0.101
vn 0.262 -0.956 -0.132
vn 0.262 -0.956 -0.132
vn 0.262 -0.956 -0.132
vn 0.262 -0.956 -0.132
vn 0.269 -0.956 -0.117
vn 0.269 -0.956 -0.117
vn 0.269 -0.956 -0.117
vn 0.269 -0.956 -0.117
vn -0.015 -1.000 -0.017
vn -0.015 -1.000 -0.017
vn -0.015 -1.000 -0.017
vn -0.015 -1.000 -0.017
vn 0.007 -1.000 0.016
vn 0.007 -1.000 0.016
vn 0.007 -1.000 0.016
vn 0.007 -1.000 0.016
vn -0.004 -1.000 -0.001
vn -0.004 -1.000 -0.001
vn -0.004 -1.000 -0.001
vn -0.004 -1.000 -0.001
vn -0.105 -0.994 0.042
vn -0.105 -0.994 0.042
vn -0.105 -0.994 0.042
vn -0.105 -0.994 0.042
vn -0.086 -0.993 0.077
vn -0.086 -0.993 0.077
vn -0.086 -0.993 0.077
vn -0.086 -0.993 0.077
vn -0.095 -0.994 0.060
vn -0.095 -0.994 0.060
vn -0.095 -0.994 0.060
vn -0.095 -0.994 0.060
vn -0.198 -0.976 0.094
vn -0.198 -0.976 0.094
vn -0.198 -0.976 0.094
vn -0.198 -0.976 0.094
vn -0.179 -0.976 0.128
vn -0.179 -0.976 0.128
vn -0.179 -0.976 0.128
vn -0.179 -0.976 0.128
vn -0.189 -0.976 0.111
vn -0.189 -0.976 0.111
vn -0.189 -0.976 0.111
vn -0.189 -0.976 0.111
vn -0.281 -0.949 0.141
vn -0.281 -0.949 0.141
vn -0.281 -0.949 0.141
vn -0.281 -0.949 0.141
vn -0.262 -0.949 0.174
vn -0.262 -0.949 0.174
vn -0.262 -0.949 0.174
vn -0.262 -0.949 0.174
vn -0.272 -0.949 0.158
vn -0.272 -0.949 0.158
vn -0.272 -0.949 0.158
vn -0.272 -0.949 0.158
vn -0.157 -0.976 -0.151
vn -0.157 -0.976 -0.151
vn -0.157 -0.976 -0.151
vn -0.157 -0.976 -0.151
vn -0.179 -0.977 -0.119
vn -0.179 -0.977 -0.119
vn -0.179 -0.977 -0.119
vn -0.179 -0.977 -0.119
vn -0.168 -0.977 -0.135
vn -0.168 -0.977 -0.135
vn -0.168 -0.977 -0.135
vn -0.168 -0.977 -0.135
vn -0.236 -0.950 -0.204
vn -0.236 -0.950 -0.204
vn -0.236 -0.950 -0.204
vn -0.236 -0.950 -0.204
vn -0.260 -0.950 -0.174
vn -0.260 -0.950 -0.174
vn -0.260 -0.950 -0.174
vn -0.260 -0.950 -0.174
vn -0.248 -0.950 -0.189
vn -0.248 -0.950 -0.189
vn -0.248 -0.950 -0.189
vn -0.248 -0.950 -0.189
vn -0.305 -0.917 -0.259
vn -0.305 -0.917 -0.259
vn -0.305 -0.917 -0.259
vn -0.305 -0.917 -0.259
vn -0.327 -0.916 -0.230
vn -0.327 -0.916 -0.230
vn -0.327 -0.916 -0.230
vn -0.327 -0.916 -0.230
vn -0.316 -0.917 -0.245
vn -0.316 -0.917 -0.245
vn -0.316 -0.917 -0.245
vn -0.316 -0.917 -0.245
vn -0.363 -0.881 -0.304
vn -0.363 -0.881 -0.304
vn -0.363 -0.881 -0.304
vn -0.363 -0.881 -0.304
vn -0.383 -0.882 -0.275
vn -0.383 -0.882 -0.275
vn -0.383 -0.882 -0.275
vn -0.383 -0.882 -0.275
vn -0.373 -0.881 -0.290
vn -0.373 -0.881 -0.290
vn -0.373 -0.881 -0.290
vn -0.373 -0.881 -0.290
vn 0.015 -1.000 0.004
vn 0.015 -1.000 0.004
vn 0.015 -1.000 0.004
vn 0.015 -1.000 0.004
vn -0.023 -1.000 -0.005
vn -0.023 -1.000 -0.005
vn -0.023 -1.000 -0.005
vn -0.023 -1.000 -0.005
vn -0.004 -1.000 -0.001
vn -0.004 -1.000 -0.001
vn -0.004 -1.000 -0.001
vn -0.004 -1.000 -0.001
vn 0.015 -1.000 0.004
vn 0.015 -1.000 0.004
vn 0.015 -1.000 0.004
vn 0.015 -1.000 0.004
vn -0.023 -1.000 -0.005
vn -0.023 -1.000 -0.005
vn -0.023 -1.000 -0.005
vn -0.023 -1.000 -0.005
vn -0.004 -1.000 -0.001
vn -0.004 -1.000 -0.001
vn -0.004 -1.000 -0.001
vn -0.004 -1.000 -0.001
vn 0.058 -0.975 -0.215
vn 0.058 -0.975 -0.215
vn 0.058 -0.975 -0.215
vn 0.058 -0.975 -0.215
vn 0.020 -0.975 -0.223
vn 0.020 -0.975 -0.223
vn 0.020 -0.975 -0.223
vn 0.020 -0.975 -0.223
vn 0.039 -0.975 -0.219
vn 0.039 -0.975 -0.219
vn 0.039 -0.975 -0.219
vn 0.039 -0.975 -0.219
vn 0.079 -0.946 -0.315
vn 0.079 -0.946 -0.315
vn 0.079 -0.946 -0.315
vn 0.079 -0.946 -0.315
vn 0.042 -0.946 -0.322
vn 0.042 -0.946 -0.322
vn 0.042 -0.946 -0.322
vn 0.042 -0.946 -0.322
vn 0.060 -0.946 -0.319
vn 0.060 -0.946 -0.319
vn 0.060 -0.946 -0.319
vn 0.060 -0.946 -0.319
vn 0.093 -0.911 -0.401
vn 0.093 -0.911 -0.401
vn 0.093 -0.911 -0.401
vn 0.093 -0.911 -0.401
vn 0.058 -0.911 -0.409
vn 0.058 -0.911 -0.409
vn 0.058 -0.911 -0.409
vn 0.058 -0.911 -0.409
vn 0.075 -0.911 -0.405
vn 0.075 -0.911 -0.405
vn 0.075 -0.911 -0.405
vn 0.075 -0.911 -0.405
vn 0.267 -0.957 -0.118
vn 0.267 -0.957 -0.118
vn 0.267 -0.957 -0.118
vn 0.267 -0.957 -0.118
vn 0.251 -0.956 -0.152
vn 0.251 -0.956 -0.152
vn 0.251 -0.956 -0.152
vn 0.251 -0.956 -0.152
vn 0.259 -0.956 -0.135
vn 0.259 -0.956 -0.135
vn 0.259 -0.956 -0.135
vn 0.259 -0.956 -0.135
vn 0.267 -0.957 -0.118
vn 0.267 -0.957 -0.118
vn 0.267 -0.957 -0.118
vn 0.267 -0.957 -0.118
vn 0.251 -0.956 -0.152
vn 0.251 -0.956 -0.152
vn 0.251 -0.956 -0.152
vn 0.251 -0.956 -0.152
vn 0.259 -0.956 -0.135
vn 0.259 -0.956 -0.135
vn 0.259 -0.956 -0.135
vn 0.259 -0.956 -0.135
vn 0.343 -0.927 -0.153
vn 0.343 -0.927 -0.153
vn 0.343 -0.927 -0.153
vn 0.343 -0.927 -0.153
vn 0.326 -0.927 -0.185
vn 0.326 -0.927 -0.185
vn 0.326 -0.927 -0.185
vn 0.326 -0.927 -0.185
vn 0.334 -0.927 -0.169
vn 0.334 -0.927 -0.169
vn 0.334 -0.927 -0.169
vn 0.334 -0.927 -0.169
vn 0.406 -0.895 -0.186
vn 0.406 -0.895 -0.186
vn 0.406 -0.895 -0.186
vn 0.406 -0.895 -0.186
vn 0.391 -0.894 -0.217
vn 0.391 -0.894 -0.217
vn 0.391 -0.894 -0.217
vn 0.391 -0.894 -0.217
vn 0.399 -0.895 -0.202
vn 0.399 -0.895 -0.202
vn 0.399 -0.895 -0.202
vn 0.399 -0.895 -0.202
vn -0.011 -1.000 0.018
vn -0.011 -1.000 0.018
vn -0.011 -1.000 0.018
vn -0.011 -1.000 0.018
vn 0.004 -1.000 -0.019
vn 0.004 -1.000 -0.019
vn 0.004 -1.000 -0.019
vn 0.004 -1.000 -0.019
vn -0.004 -1.000 -0.001
vn -0.004 -1.000 -0.001
vn -0.004 -1.000 -0.001
vn -0.004 -1.000 -0.001
vn 0.190 -0.978 0.091
vn 0.190 -0.978 0.091
vn 0.190 -0.978 0.091
vn 0.190 -0.978 0.091
vn 0.203 -0.978 0.054
vn 0.203 -0.978 0.054
vn 0.203 -0.978 0.054
vn 0.203 -0.978 0.054
vn 0.197 -0.978 0.073
vn 0.197 -0.978 0.073
vn 0.197 -0.978 0.073
vn 0.197 -0.978 0.073
vn 0.190 -0.978 0.091
vn 0.190 -0.978 0.091
vn 0.190 -0.978 0.091
vn 0.190 -0.978 0.091
vn 0.203 -0.978 0.054
vn 0.203 -0.978 0.054
vn 0.203 -0.978 0.054
vn 0.203 -0.978 0.054
vn 0.197 -0.978 0.073
vn 0.197 -0.978 0.073
vn 0.197 -0.978 0.073
vn 0.197 -0.978 0.073
vn 0.280 -0.952 0.123
vn 0.280 -0.952 0.123
vn 0.280 -0.952 0.123
vn 0.280 -0.952 0.123
vn 0.294 -0.952 0.088
vn 0.294 -0.952 0.088
vn 0.294 -0.952 0.088
vn 0.294 -0.952 0.088
vn 0.287 -0.952 0.105
vn 0.287 -0.952 0.105
vn 0.287 -0.952 0.105
vn 0.287 -0.952 0.105
vn 0.359 -0.921 0.153
vn 0.359 -0.921 0.153
vn 0.359 -0.921 0.153
vn 0.359 -0.921 0.153
vn 0.372 -0.920 0.120
vn 0.372 -0.920 0.120
vn 0.372 -0.920 0.120
vn 0.372 -0.920 0.120
vn 0.365 -0.921 0.136
vn 0.365 -0.921 0.136
vn 0.365 -0.921 0.136
vn 0.365 -0.921 0.136
vn -0.024 -1.000 -0.001
vn -0.024 -1.000 -0.001
vn -0.024 -1.000 -0.001
vn -0.024 -1.000 -0.001
vn 0.016 -1.000 0.000
vn 0.016 -1.000 0.000
vn 0.016 -1.000 0.000
vn 0.016 -1.000 0.000
vn -0.004 -1.000 -0.001
vn -0.004 -1.000 -0.001
vn -0.004 -1.000 -0.001
vn -0.004 -1.000 -0.001
vn -0.024 -1.000 -0.001
vn -0.024 -1.000 -0.001
vn -0.024 -1.000 -0.001
vn -0.024 -1.000 -0.001
vn 0.016 -1.000 0.000
vn 0.016 -1.000 0.000
vn 0.016 -1.000 0.000
vn 0.016 -1.000 0.000
vn -0.004 -1.000 -0.001
vn -0.004 -1.000 -0.001
vn -0.004 -1.000 -0.001
vn -0.004 -1.000 -0.001
vn -0.028 -0.994 0.108
vn -0.028 -0.994 0.108
vn -0.028 -0.994 0.108
vn -0.028 -0.994 0.108
vn 0.011 -0.994 0.111
vn 0.011 -0.994 0.111
vn 0.011 -0.994 0.111
vn 0.011 -0.994 0.111
vn -0.008 -0.994 0.110
vn -0.008 -0.994 0.110
vn -0.008 -0.994 0.110
vn -0.008 -0.994 0.110
vn -0.036 -0.879 0.476
vn -0.036 -0.879 0.476
vn -0.036 -0.879 0.476
vn -0.036 -0.879 0.476
vn -0.001 -0.879 0.477
vn -0.001 -0.879 0.477
vn -0.001 -0.879 0.477
vn -0.001 -0.879 0.477
vn -0.019 -0.879 0.476
vn -0.019 -0.879 0.476
vn -0.019 -0.879 0.476
vn -0.019 -0.879 0.476
vn -0.004 -1.000 -0.022
vn -0.004 -1.000 -0.022
vn -0.004 -1.000 -0.022
vn -0.004 -1.000 -0.022
vn 0.003 -1.000 0.021
vn 0.003 -1.000 0.021
vn 0.003 -1.000 0.021
vn 0.003 -1.000 0.021
vn -0.000 -1.000 -0.001
vn -0.000 -1.000 -0.001
vn -0.000 -1.000 -0.001
vn -0.000 -1.000 -0.001
vn -0.004 -1.000 -0.022
vn -0.004 -1.000 -0.022
vn -0.004 -1.000 -0.022
vn -0.004 -1.000 -0.022
vn 0.003 -1.000 0.021
vn 0.003 -1.000 0.021
vn 0.003 -1.000 0.021
vn 0.003 -1.000 0.021
vn -0.000 -1.000 -0.001
vn -0.000 -1.000 -0.001
vn -0.000 -1.000 -0.001
vn -0.000 -1.000 -0.001
vn -0.369 -0.929 0.029
vn -0.369 -0.929 0.029
vn -0.369 -0.929 0.029
vn -0.369 -0.929 0.029
vn -0.362 -0.930 0.069
vn -0.362 -0.930 0.069
vn -0.362 -0.930 0.069
vn -0.362 -0.930 0.069
vn -0.366 -0.930 0.049
vn -0.366 -0.930 0.049
vn -0.366 -0.930 0.049
vn -0.366 -0.930 0.049
vn -0.464 -0.885 0.045
vn -0.464 -0.885 0.045
vn -0.464 -0.885 0.045
vn -0.464 -0.885 0.045
vn -0.459 -0.885 0.084
vn -0.459 -0.885 0.084
vn -0.459 -0.885 0.084
vn -0.459 -0.885 0.084
vn -0.461 -0.885 0.065
vn -0.461 -0.885 0.065
vn -0.461 -0.885 0.065
vn -0.461 -0.885 0.065
vn -0.464 -0.885 0.045
vn -0.464 -0.885 0.045
vn -0.464 -0.885 0.045
vn -0.464 -0.885 0.045
vn -0.459 -0.885 0.084
vn -0.459 -0.885 0.084
vn -0.459 -0.885 0.084
vn -0.459 -0.885 0.084
vn -0.461 -0.885 0.065
vn -0.461 -0.885 0.065
vn -0.461 -0.885 0.065
vn -0.461 -0.885 0.065
vn 0.016 -1.000 -0.015
vn 0.016 -1.000 -0.015
vn 0.016 -1.000 -0.015
vn 0.016 -1.000 -0.015
vn -0.017 -1.000 0.014
vn -0.017 -1.000 0.014
vn -0.017 -1.000 0.014
vn -0.017 -1.000 0.014
vn -0.000 -1.000 -0.001
vn -0.000 -1.000 -0.001
vn -0.000 -1.000 -0.001
vn -0.000 -1.000 -0.001
vn 0.016 -1.000 -0.015
vn 0.016 -1.000 -0.015
vn 0.016 -1.000 -0.015
vn 0.016 -1.000 -0.015
vn -0.017 -1.000 0.014
vn -0.017 -1.000 0.014
vn -0.017 -1.000 0.014
vn -0.017 -1.000 0.014
vn -0.000 -1.000 -0.001
vn -0.000 -1.000 -0.001
vn -0.000 -1.000 -0.001
vn -0.000 -1.000 -0.001
vn -0.071 -0.991 -0.114
vn -0.071 -0.991 -0.114
vn -0.071 -0.991 -0.114
vn -0.071 -0.991 -0.114
vn -0.106 -0.991 -0.087
vn -0.106 -0.991 -0.087
vn -0.106 -0.991 -0.087
vn -0.106 -0.991 -0.087
vn -0.088 -0.991 -0.101
vn -0.088 -0.991 -0.101
vn -0.088 -0.991 -0.101
vn -0.088 -0.991 -0.101
vn -0.211 -0.930 -0.302
vn -0.211 -0.930 -0.302
vn -0.211 -0.930 -0.302
vn -0.211 -0.930 -0.302
vn -0.244 -0.929 -0.279
vn -0.244 -0.929 -0.279
vn -0.244 -0.929 -0.279
vn -0.244 -0.929 -0.279
vn -0.227 -0.929 -0.291
vn -0.227 -0.929 -0.291
vn -0.227 -0.929 -0.291
vn -0.227 -0.929 -0.291
vn -0.211 -0.930 -0.302
vn -0.211 -0.930 -0.302
vn -0.211 -0.930 -0.302
vn -0.211 -0.930 -0.302
vn -0.244 -0.929 -0.279
vn -0.244 -0.929 -0.279
vn -0.244 -0.929 -0.279
vn -0.244 -0.929 -0.279
vn -0.227 -0.929 -0.291
vn -0.227 -0.929 -0.291
vn -0.227 -0.929 -0.291
vn -0.227 -0.929 -0.291
vn 0.147 -0.976 -0.160
vn 0.147 -0.976 -0.160
vn 0.147 -0.976 -0.160
vn 0.147 -0.976 -0.160
vn 0.113 -0.976 -0.186
vn 0.113 -0.976 -0.186
vn 0.113 -0.976 -0.186
vn 0.113 -0.976 -0.186
vn 0.130 -0.976 -0.173
vn 0.130 -0.976 -0.173
vn 0.130 -0.976 -0.173
vn 0.130 -0.976 -0.173
vn 0.205 -0.950 -0.237
vn 0.205 -0.950 -0.237
vn 0.205 -0.950 -0.237
vn 0.205 -0.950 -0.237
vn 0.173 -0.950 -0.262
vn 0.173 -0.950 -0.262
vn 0.173 -0.950 -0.262
vn 0.173 -0.950 -0.262
vn 0.189 -0.950 -0.249
vn 0.189 -0.950 -0.249
vn 0.189 -0.950 -0.249
vn 0.189 -0.950 -0.249
vn 0.256 -0.918 -0.304
vn 0.256 -0.918 -0.304
vn 0.256 -0.918 -0.304
vn 0.256 -0.918 -0.304
vn 0.225 -0.917 -0.329
vn 0.225 -0.917 -0.329
vn 0.225 -0.917 -0.329
vn 0.225 -0.917 -0.329
vn 0.240 -0.918 -0.316
vn 0.240 -0.918 -0.316
vn 0.240 -0.918 -0.316
vn 0.240 -0.918 -0.316
vn 0.301 -0.883 -0.360
vn 0.301 -0.883 -0.360
vn 0.301 -0.883 -0.360
vn 0.301 -0.883 -0.360
vn 0.270 -0.884 -0.381
vn 0.270 -0.884 -0.381
vn 0.270 -0.884 -0.381
vn 0.270 -0.884 -0.381
vn 0.286 -0.884 -0.371
vn 0.286 -0.884 -0.371
vn 0.286 -0.884 -0.371
vn 0.286 -0.884 -0.371
vn 0.109 -0.994 0.017
vn 0.109 -0.994 0.017
vn 0.109 -0.994 0.017
vn 0.109 -0.994 0.017
vn 0.109 -0.994 -0.027
vn 0.109 -0.994 -0.027
vn 0.109 -0.994 -0.027
vn 0.109 -0.994 -0.027
vn 0.109 -0.994 -0.005
vn 0.109 -0.994 -0.005
vn 0.109 -0.994 -0.005
vn 0.109 -0.994 -0.005
vn 0.213 -0.977 0.017
vn 0.213 -0.977 0.017
vn 0.213 -0.977 0.017
vn 0.213 -0.977 0.017
vn 0.215 -0.976 -0.026
vn 0.215 -0.976 -0.026
vn 0.215 -0.976 -0.026
vn 0.215 -0.976 -0.026
vn 0.214 -0.977 -0.004
vn 0.214 -0.977 -0.004
vn 0.214 -0.977 -0.004
vn 0.214 -0.977 -0.004
vn 0.312 -0.950 0.022
vn 0.312 -0.950 0.022
vn 0.312 -0.950 0.022
vn 0.312 -0.950 0.022
vn 0.312 -0.950 -0.019
vn 0.312 -0.950 -0.019
vn 0.312 -0.950 -0.019
vn 0.312 -0.950 -0.019
vn 0.312 -0.950 0.002
vn 0.312 -0.950 0.002
vn 0.312 -0.950 0.002
vn 0.312 -0.950 0.002
vn 0.312 -0.950 0.022
vn 0.312 -0.950 0.022
vn 0.312 -0.950 0.022
vn 0.312 -0.950 0.022
vn 0.312 -0.950 -0.019
vn 0.312 -0.950 -0.019
vn 0.312 -0.950 -0.019
vn 0.312 -0.950 -0.019
vn 0.312 -0.950 0.002
vn 0.312 -0.950 0.002
vn 0.312 -0.950 0.002
vn 0.312 -0.950 0.002
vn 0.401 -0.916 0.020
vn 0.401 -0.916 0.020
vn 0.401 -0.916 0.020
vn 0.401 -0.916 0.020
vn 0.403 -0.915 -0.019
vn 0.403 -0.915 -0.019
vn 0.403 -0.915 -0.019
vn 0.403 -0.915 -0.019
vn 0.402 -0.916 0.000
vn 0.402 -0.916 0.000
vn 0.402 -0.916 0.000
vn 0.402 -0.916 0.000
vn 0.476 -0.879 0.026
vn 0.476 -0.879 0.026
vn 0.476 -0.879 0.026
vn 0.476 -0.879 0.026
vn 0.478 -0.878 -0.012
vn 0.478 -0.878 -0.012
vn 0.478 -0.878 -0.012
vn 0.478 -0.878 -0.012
vn 0.477 -0.879 0.007
vn 0.477 -0.879 0.007
vn 0.477 -0.879 0.007
vn 0.477 -0.879 0.007
vn 0.476 -0.879 0.026
vn 0.476 -0.879 0.026
vn 0.476 -0.879 0.026
vn 0.476 -0.879 0.026
vn 0.478 -0.878 -0.012
vn 0.478 -0.878 -0.012
vn 0.478 -0.878 -0.012
vn 0.478 -0.878 -0.012
vn 0.477 -0.879 0.007
vn 0.477 -0.879 0.007
vn 0.477 -0.879 0.007
vn 0.477 -0.879 0.007
vn -0.018 -1.000 0.012
vn -0.018 -1.000 0.012
vn -0.018 -1.000 0.012
vn -0.018 -1.000 0.012
vn 0.017 -1.000 -0.014
vn 0.017 -1.000 -0.014
vn 0.017 -1.000 -0.014
vn 0.017 -1.000 -0.014
vn -0.000 -1.000 -0.001
vn -0.000 -1.000 -0.001
vn -0.000 -1.000 -0.001
vn -0.000 -1.000 -0.001
vn 0.222 -0.912 0.345
vn 0.222 -0.912 0.345
vn 0.222 -0.912 0.345
vn 0.222 -0.912 0.345
vn 0.254 -0.912 0.323
vn 0.254 -0.912 0.323
vn 0.254 -0.912 0.323
vn 0.254 -0.912 0.323
vn 0.238 -0.912 0.334
vn 0.238 -0.912 0.334
vn 0.238 -0.912 0.334
vn 0.238 -0.912 0.334
vn 0.222 -0.912 0.345
vn 0.222 -0.912 0.345
vn 0.222 -0.912 0.345
vn 0.222 -0.912 0.345
vn 0.254 -0.912 0.323
vn 0.254 -0.912 0.323
vn 0.254 -0.912 0.323
vn 0.254 -0.912 0.323
vn 0.238 -0.912 0.334
vn 0.238 -0.912 0.334
vn 0.238 -0.912 0.334
vn 0.238 -0.912 0.334
vn -0.020 -1.000 -0.009
vn -0.020 -1.000 -0.009
vn -0.020 -1.000 -0.009
vn -0.020 -1.000 -0.009
vn 0.020 -1.000 0.008
vn 0.020 -1.000 0.008
vn 0.020 -1.000 0.008
vn 0.020 -1.000 0.008
vn -0.000 -1.000 -0.001
vn -0.000 -1.000 -0.001
vn -0.000 -1.000 -0.001
vn -0.000 -1.000 -0.001
vn -0.065 -0.993 0.095
vn -0.065 -0.993 0.095
vn -0.065 -0.993 0.095
vn -0.065 -0.993 0.095
vn -0.025 -0.993 0.112
vn -0.025 -0.993 0.112
vn -0.025 -0.993 0.112
vn -0.025 -0.993 0.112
vn -0.045 -0.994 0.103
vn -0.045 -0.994 0.103
vn -0.045 -0.994 0.103
vn -0.045 -0.994 0.103
vn -0.109 -0.974 0.196
vn -0.109 -0.974 0.196
vn -0.109 -0.974 0.196
vn -0.109 -0.974 0.196
vn -0.069 -0.975 0.213
vn -0.069 -0.975 0.213
vn -0.069 -0.975 0.213
vn -0.069 -0.975 0.213
vn -0.089 -0.975 0.204
vn -0.089 -0.975 0.204
vn -0.089 -0.975 0.204
vn -0.089 -0.975 0.204
vn -0.147 -0.946 0.290
vn -0.147 -0.946 0.290
vn -0.147 -0.946 0.290
vn -0.147 -0.946 0.290
vn -0.108 -0.946 0.305
vn -0.108 -0.946 0.305
vn -0.108 -0.946 0.305
vn -0.108 -0.946 0.305
vn -0.128 -0.946 0.297
vn -0.128 -0.946 0.297
vn -0.128 -0.946 0.297
vn -0.128 -0.946 0.297
vn -0.147 -0.946 0.290
vn -0.147 -0.946 0.290
vn -0.147 -0.946 0.290
vn -0.147 -0.946 0.290
vn -0.108 -0.946 0.305
vn -0.108 -0.946 0.305
vn -0.108 -0.946 0.305
vn -0.108 -0.946 0.305
vn -0.128 -0.946 0.297
vn -0.128 -0.946 0.297
vn -0.128 -0.946 0.297
vn -0.128 -0.946 0.297
vn -0.211 -0.873 0.440
vn -0.211 -0.873 0.440
vn -0.211 -0.873 0.440
vn -0.211 -0.873 0.440
vn -0.176 -0.873 0.456
vn -0.176 -0.873 0.456
vn -0.176 -0.873 0.456
vn -0.176 -0.873 0.456
vn -0.193 -0.873 0.448
vn -0.193 -0.873 0.448
vn -0.193 -0.873 0.448
vn -0.193 -0.873 0.448
vn -0.211 -0.873 0.440
vn -0.211 -0.873 0.440
vn -0.211 -0.873 0.440
vn -0.211 -0.873 0.440
vn -0.176 -0.873 0.456
vn -0.176 -0.873 0.456
vn -0.176 -0.873 0.456
vn -0.176 -0.873 0.456
vn -0.193 -0.873 0.448
vn -0.193 -0.873 0.448
vn -0.193 -0.873 0.448
vn -0.193 -0.873 0.448
vn -0.120 -0.992 -0.031
vn -0.120 -0.992 -0.031
vn -0.120 -0.992 -0.031
vn -0.120 -0.992 -0.031
vn -0.123 -0.992 0.017
vn -0.123 -0.992 0.017
vn -0.123 -0.992 0.017
vn -0.123 -0.992 0.017
vn -0.122 -0.993 -0.007
vn -0.122 -0.993 -0.007
vn -0.122 -0.993 -0.007
vn -0.122 -0.993 -0.007
vn -0.342 -0.939 -0.046
vn -0.342 -0.939 -0.046
vn -0.342 -0.939 -0.046
vn -0.342 -0.939 -0.046
vn -0.345 -0.939 0.000
vn -0.345 -0.939 0.000
vn -0.345 -0.939 0.000
vn -0.345 -0.939 0.000
vn -0.343 -0.939 -0.023
vn -0.343 -0.939 -0.023
vn -0.343 -0.939 -0.023
vn -0.343 -0.939 -0.023
vn -0.434 -0.900 -0.050
vn -0.434 -0.900 -0.050
vn -0.434 -0.900 -0.050
vn -0.434 -0.900 -0.050
vn -0.438 -0.899 -0.007
vn -0.438 -0.899 -0.007
vn -0.438 -0.899 -0.007
vn -0.438 -0.899 -0.007
vn -0.436 -0.900 -0.029
vn -0.436 -0.900 -0.029
vn -0.436 -0.900 -0.029
vn -0.436 -0.900 -0.029
vn -0.177 -0.923 -0.343
vn -0.177 -0.923 -0.343
vn -0.177 -0.923 -0.343
vn -0.177 -0.923 -0.343
vn -0.217 -0.922 -0.322
vn -0.217 -0.922 -0.322
vn -0.217 -0.922 -0.322
vn -0.217 -0.922 -0.322
vn -0.197 -0.922 -0.332
vn -0.197 -0.922 -0.332
vn -0.197 -0.922 -0.332
vn -0.197 -0.922 -0.332
vn 0.023 -1.000 0.009
vn 0.023 -1.000 0.009
vn 0.023 -1.000 0.009
vn 0.023 -1.000 0.009
vn -0.021 -1.000 -0.014
vn -0.021 -1.000 -0.014
vn -0.021 -1.000 -0.014
vn -0.021 -1.000 -0.014
vn 0.001 -1.000 -0.002
vn 0.001 -1.000 -0.002
vn 0.001 -1.000 -0.002
vn 0.001 -1.000 -0.002
vn 0.023 -1.000 0.009
vn 0.023 -1.000 0.009
vn 0.023 -1.000 0.009
vn 0.023 -1.000 0.009
vn -0.021 -1.000 -0.014
vn -0.021 -1.000 -0.014
vn -0.021 -1.000 -0.014
vn -0.021 -1.000 -0.014
vn 0.001 -1.000 -0.002
vn 0.001 -1.000 -0.002
vn 0.001 -1.000 -0.002
vn 0.001 -1.000 -0.002
vn 0.086 -0.990 -0.111
vn 0.086 -0.990 -0.111
vn 0.086 -0.990 -0.111
vn 0.086 -0.990 -0.111
vn 0.043 -0.990 -0.135
vn 0.043 -0.990 -0.135
vn 0.043 -0.990 -0.135
vn 0.043 -0.990 -0.135
vn 0.065 -0.990 -0.123
vn 0.065 -0.990 -0.123
vn 0.065 -0.990 -0.123
vn 0.065 -0.990 -0.123
vn 0.147 -0.964 -0.221
vn 0.147 -0.964 -0.221
vn 0.147 -0.964 -0.221
vn 0.147 -0.964 -0.221
vn 0.106 -0.964 -0.244
vn 0.106 -0.964 -0.244
vn 0.106 -0.964 -0.244
vn 0.106 -0.964 -0.244
vn 0.127 -0.964 -0.233
vn 0.127 -0.964 -0.233
vn 0.127 -0.964 -0.233
vn 0.127 -0.964 -0.233
vn 0.244 -0.880 -0.409
vn 0.244 -0.880 -0.409
vn 0.244 -0.880 -0.409
vn 0.244 -0.880 -0.409
vn 0.207 -0.878 -0.430
vn 0.207 -0.878 -0.430
vn 0.207 -0.878 -0.430
vn 0.207 -0.878 -0.430
vn 0.226 -0.879 -0.420
vn 0.226 -0.879 -0.420
vn 0.226 -0.879 -0.420
vn 0.226 -0.879 -0.420
vn 0.244 -0.880 -0.409
vn 0.244 -0.880 -0.409
vn 0.244 -0.880 -0.409
vn 0.244 -0.880 -0.409
vn 0.207 -0.878 -0.430
vn 0.207 -0.878 -0.430
vn 0.207 -0.878 -0.430
vn 0.207 -0.878 -0.430
vn 0.226 -0.879 -0.420
vn 0.226 -0.879 -0.420
vn 0.226 -0.879 -0.420
vn 0.226 -0.879 -0.420
vn 0.008 -1.000 0.021
vn 0.008 -1.000 0.021
vn 0.008 -1.000 0.021
vn 0.008 -1.000 0.021
vn -0.006 -1.000 -0.026
vn -0.006 -1.000 -0.026
vn -0.006 -1.000 -0.026
vn -0.006 -1.000 -0.026
vn 0.001 -1.000 -0.002
vn 0.001 -1.000 -0.002
vn 0.001 -1.000 -0.002
vn 0.001 -1.000 -0.002
vn 0.122 -0.992 -0.015
vn 0.122 -0.992 -0.015
vn 0.122 -0.992 -0.015
vn 0.122 -0.992 -0.015
vn 0.117 -0.991 -0.063
vn 0.117 -0.991 -0.063
vn 0.117 -0.991 -0.063
vn 0.117 -0.991 -0.063
vn 0.120 -0.992 -0.039
vn 0.120 -0.992 -0.039
vn 0.120 -0.992 -0.039
vn 0.120 -0.992 -0.039
vn 0.122 -0.992 -0.015
vn 0.122 -0.992 -0.015
vn 0.122 -0.992 -0.015
vn 0.122 -0.992 -0.015
vn 0.117 -0.991 -0.063
vn 0.117 -0.991 -0.063
vn 0.117 -0.991 -0.063
vn 0.117 -0.991 -0.063
vn 0.120 -0.992 -0.039
vn 0.120 -0.992 -0.039
vn 0.120 -0.992 -0.039
vn 0.120 -0.992 -0.039
vn 0.242 -0.970 -0.028
vn 0.242 -0.970 -0.028
vn 0.242 -0.970 -0.028
vn 0.242 -0.970 -0.028
vn 0.234 -0.969 -0.075
vn 0.234 -0.969 -0.075
vn 0.234 -0.969 -0.075
vn 0.234 -0.969 -0.075
vn 0.238 -0.970 -0.051
vn 0.238 -0.970 -0.051
vn 0.238 -0.970 -0.051
vn 0.238 -0.970 -0.051
vn 0.350 -0.936 -0.046
vn 0.350 -0.936 -0.046
vn 0.350 -0.936 -0.046
vn 0.350 -0.936 -0.046
vn 0.338 -0.937 -0.091
vn 0.338 -0.937 -0.091
vn 0.338 -0.937 -0.091
vn 0.338 -0.937 -0.091
vn 0.344 -0.936 -0.069
vn 0.344 -0.936 -0.069
vn 0.344 -0.936 -0.069
vn 0.344 -0.936 -0.069
vn 0.513 -0.853 -0.096
vn 0.513 -0.853 -0.096
vn 0.513 -0.853 -0.096
vn 0.513 -0.853 -0.096
vn 0.503 -0.854 -0.136
vn 0.503 -0.854 -0.136
vn 0.503 -0.854 -0.136
vn 0.503 -0.854 -0.136
vn 0.508 -0.853 -0.116
vn 0.508 -0.853 -0.116
vn 0.508 -0.853 -0.116
vn 0.508 -0.853 -0.116
vn -0.018 -1.000 0.013
vn -0.018 -1.000 0.013
vn -0.018 -1.000 0.013
vn -0.018 -1.000 0.013
vn 0.020 -1.000 -0.018
vn 0.020 -1.000 -0.018
vn 0.020 -1.000 -0.018
vn 0.020 -1.000 -0.018
vn 0.001 -1.000 -0.002
vn 0.001 -1.000 -0.002
vn 0.001 -1.000 -0.002
vn 0.001 -1.000 -0.002
vn 0.077 -0.989 0.126
vn 0.077 -0.989 0.126
vn 0.077 -0.989 0.126
vn 0.077 -0.989 0.126
vn 0.112 -0.990 0.092
vn 0.112 -0.990 0.092
vn 0.112 -0.990 0.092
vn 0.112 -0.990 0.092
vn 0.094 -0.990 0.109
vn 0.094 -0.990 0.109
vn 0.094 -0.990 0.109
vn 0.094 -0.990 0.109
vn 0.077 -0.989 0.126
vn 0.077 -0.989 0.126
vn 0.077 -0.989 0.126
vn 0.077 -0.989 0.126
vn 0.112 -0.990 0.092
vn 0.112 -0.990 0.092
vn 0.112 -0.990 0.092
vn 0.112 -0.990 0.092
vn 0.094 -0.990 0.109
vn 0.094 -0.990 0.109
vn 0.094 -0.990 0.109
vn 0.094 -0.990 0.109
vn 0.320 -0.868 0.379
vn 0.320 -0.868 0.379
vn 0.320 -0.868 0.379
vn 0.320 -0.868 0.379
vn 0.353 -0.867 0.352
vn 0.353 -0.867 0.352
vn 0.353 -0.867 0.352
vn 0.353 -0.867 0.352
vn 0.337 -0.868 0.365
vn 0.337 -0.868 0.365
vn 0.337 -0.868 0.365
vn 0.337 -0.868 0.365
vn -0.020 -1.000 -0.015
vn -0.020 -1.000 -0.015
vn -0.020 -1.000 -0.015
vn -0.020 -1.000 -0.015
vn 0.022 -1.000 0.010
vn 0.022 -1.000 0.010
vn 0.022 -1.000 0.010
vn 0.022 -1.000 0.010
vn 0.001 -1.000 -0.002
vn 0.001 -1.000 -0.002
vn 0.001 -1.000 -0.002
vn 0.001 -1.000 -0.002
vn -0.086 -0.992 0.098
vn -0.086 -0.992 0.098
vn -0.086 -0.992 0.098
vn -0.086 -0.992 0.098
vn -0.043 -0.992 0.122
vn -0.043 -0.992 0.122
vn -0.043 -0.992 0.122
vn -0.043 -0.992 0.122
vn -0.064 -0.992 0.110
vn -0.064 -0.992 0.110
vn -0.064 -0.992 0.110
vn -0.064 -0.992 0.110
vn -0.148 -0.967 0.205
vn -0.148 -0.967 0.205
vn -0.148 -0.967 0.205
vn -0.148 -0.967 0.205
vn -0.107 -0.967 0.230
vn -0.107 -0.967 0.230
vn -0.107 -0.967 0.230
vn -0.107 -0.967 0.230
vn -0.128 -0.968 0.218
vn -0.128 -0.968 0.218
vn -0.128 -0.968 0.218
vn -0.128 -0.968 0.218
vn -0.205 -0.932 0.300
vn -0.205 -0.932 0.300
vn -0.205 -0.932 0.300
vn -0.205 -0.932 0.300
vn -0.165 -0.931 0.324
vn -0.165 -0.931 0.324
vn -0.165 -0.931 0.324
vn -0.165 -0.931 0.324
vn -0.185 -0.932 0.312
vn -0.185 -0.932 0.312
vn -0.185 -0.932 0.312
vn -0.185 -0.932 0.312
vn -0.251 -0.892 0.376
vn -0.251 -0.892 0.376
vn -0.251 -0.892 0.376
vn -0.251 -0.892 0.376
vn -0.215 -0.891 0.400
vn -0.215 -0.891 0.400
vn -0.215 -0.891 0.400
vn -0.215 -0.891 0.400
vn -0.233 -0.892 0.388
vn -0.233 -0.892 0.388
vn -0.233 -0.892 0.388
vn -0.233 -0.892 0.388
vn -0.251 -0.892 0.376
vn -0.251 -0.892 0.376
vn -0.251 -0.892 0.376
vn -0.251 -0.892 0.376
vn -0.215 -0.891 0.400
vn -0.215 -0.891 0.400
vn -0.215 -0.891 0.400
vn -0.215 -0.891 0.400
vn -0.233 -0.892 0.388
vn -0.233 -0.892 0.388
vn -0.233 -0.892 0.388
vn -0.233 -0.892 0.388
vn 0.032 -0.999 -0.005
vn 0.032 -0.999 -0.005
vn 0.032 -0.999 -0.005
vn 0.032 -0.999 -0.005
vn -0.023 -1.000 -0.000
vn -0.023 -1.000 -0.000
vn -0.023 -1.000 -0.000
vn -0.023 -1.000 -0.000
vn 0.005 -1.000 -0.003
vn 0.005 -1.000 -0.003
vn 0.005 -1.000 -0.003
vn 0.005 -1.000 -0.003
vn -0.002 -0.958 -0.288
vn -0.002 -0.958 -0.288
vn -0.002 -0.958 -0.288
vn -0.002 -0.958 -0.288
vn -0.055 -0.959 -0.279
vn -0.055 -0.959 -0.279
vn -0.055 -0.959 -0.279
vn -0.055 -0.959 -0.279
vn -0.029 -0.959 -0.283
vn -0.029 -0.959 -0.283
vn -0.029 -0.959 -0.283
vn -0.029 -0.959 -0.283
vn -0.024 -0.915 -0.402
vn -0.024 -0.915 -0.402
vn -0.024 -0.915 -0.402
vn -0.024 -0.915 -0.402
vn -0.074 -0.917 -0.392
vn -0.074 -0.917 -0.392
vn -0.074 -0.917 -0.392
vn -0.074 -0.917 -0.392
vn -0.049 -0.916 -0.397
vn -0.049 -0.916 -0.397
vn -0.049 -0.916 -0.397
vn -0.049 -0.916 -0.397
vn -0.047 -0.868 -0.495
vn -0.047 -0.868 -0.495
vn -0.047 -0.868 -0.495
vn -0.047 -0.868 -0.495
vn -0.094 -0.868 -0.487
vn -0.094 -0.868 -0.487
vn -0.094 -0.868 -0.487
vn -0.094 -0.868 -0.487
vn -0.070 -0.868 -0.491
vn -0.070 -0.868 -0.491
vn -0.070 -0.868 -0.491
vn -0.070 -0.868 -0.491
vn 0.021 -1.000 0.019
vn 0.021 -1.000 0.019
vn 0.021 -1.000 0.019
vn 0.021 -1.000 0.019
vn -0.012 -1.000 -0.025
vn -0.012 -1.000 -0.025
vn -0.012 -1.000 -0.025
vn -0.012 -1.000 -0.025
vn 0.005 -1.000 -0.003
vn 0.005 -1.000 -0.003
vn 0.005 -1.000 -0.003
vn 0.005 -1.000 -0.003
vn 0.021 -1.000 0.019
vn 0.021 -1.000 0.019
vn 0.021 -1.000 0.019
vn 0.021 -1.000 0.019
vn -0.012 -1.000 -0.025
vn -0.012 -1.000 -0.025
vn -0.012 -1.000 -0.025
vn -0.012 -1.000 -0.025
vn 0.005 -1.000 -0.003
vn 0.005 -1.000 -0.003
vn 0.005 -1.000 -0.003
vn 0.005 -1.000 -0.003
vn 0.150 -0.986 -0.078
vn 0.150 -0.986 -0.078
vn 0.150 -0.986 -0.078
vn 0.150 -0.986 -0.078
vn 0.120 -0.985 -0.125
vn 0.120 -0.985 -0.125
vn 0.120 -0.985 -0.125
vn 0.120 -0.985 -0.125
vn 0.135 -0.986 -0.101
vn 0.135 -0.986 -0.101
vn 0.135 -0.986 -0.101
vn 0.135 -0.986 -0.101
vn 0.278 -0.947 -0.160
vn 0.278 -0.947 -0.160
vn 0.278 -0.947 -0.160
vn 0.278 -0.947 -0.160
vn 0.248 -0.947 -0.204
vn 0.248 -0.947 -0.204
vn 0.248 -0.947 -0.204
vn 0.248 -0.947 -0.204
vn 0.263 -0.948 -0.182
vn 0.263 -0.948 -0.182
vn 0.263 -0.948 -0.182
vn 0.263 -0.948 -0.182
vn 0.384 -0.894 -0.233
vn 0.384 -0.894 -0.233
vn 0.384 -0.894 -0.233
vn 0.384 -0.894 -0.233
vn 0.356 -0.893 -0.274
vn 0.356 -0.893 -0.274
vn 0.356 -0.893 -0.274
vn 0.356 -0.893 -0.274
vn 0.370 -0.894 -0.254
vn 0.370 -0.894 -0.254
vn 0.370 -0.894 -0.254
vn 0.370 -0.894 -0.254
vn 0.460 -0.840 -0.286
vn 0.460 -0.840 -0.286
vn 0.460 -0.840 -0.286
vn 0.460 -0.840 -0.286
vn 0.436 -0.839 -0.325
vn 0.436 -0.839 -0.325
vn 0.436 -0.839 -0.325
vn 0.436 -0.839 -0.325
vn 0.448 -0.840 -0.305
vn 0.448 -0.840 -0.305
vn 0.448 -0.840 -0.305
vn 0.448 -0.840 -0.305
vn 0.460 -0.840 -0.286
vn 0.460 -0.840 -0.286
vn 0.460 -0.840 -0.286
vn 0.460 -0.840 -0.286
vn 0.436 -0.839 -0.325
vn 0.436 -0.839 -0.325
vn 0.436 -0.839 -0.325
vn 0.436 -0.839 -0.325
vn 0.448 -0.840 -0.305
vn 0.448 -0.840 -0.305
vn 0.448 -0.840 -0.305
vn 0.448 -0.840 -0.305
vn -0.001 -1.000 0.024
vn -0.001 -1.000 0.024
vn -0.001 -1.000 0.024
vn -0.001 -1.000 0.024
vn 0.011 -1.000 -0.030
vn 0.011 -1.000 -0.030
vn 0.011 -1.000 -0.030
vn 0.011 -1.000 -0.030
vn 0.005 -1.000 -0.003
vn 0.005 -1.000 -0.003
vn 0.005 -1.000 -0.003
vn 0.005 -1.000 -0.003
vn 0.268 -0.960 0.079
vn 0.268 -0.960 0.079
vn 0.268 -0.960 0.079
vn 0.268 -0.960 0.079
vn 0.278 -0.960 0.026
vn 0.278 -0.960 0.026
vn 0.278 -0.960 0.026
vn 0.278 -0.960 0.026
vn 0.273 -0.961 0.053
vn 0.273 -0.961 0.053
vn 0.273 -0.961 0.053
vn 0.273 -0.961 0.053
vn 0.478 -0.870 0.121
vn 0.478 -0.870 0.121
vn 0.478 -0.870 0.121
vn 0.478 -0.870 0.121
vn 0.485 -0.872 0.074
vn 0.485 -0.872 0.074
vn 0.485 -0.872 0.074
vn 0.485 -0.872 0.074
vn 0.481 -0.871 0.097
vn 0.481 -0.871 0.097
vn 0.481 -0.871 0.097
vn 0.481 -0.871 0.097
vn -0.009 -0.986 0.168
vn -0.009 -0.986 0.168
vn -0.009 -0.986 0.168
vn -0.009 -0.986 0.168
vn 0.045 -0.985 0.165
vn 0.045 -0.985 0.165
vn 0.045 -0.985 0.165
vn 0.045 -0.985 0.165
vn 0.018 -0.986 0.167
vn 0.018 -0.986 0.167
vn 0.018 -0.986 0.167
vn 0.018 -0.986 0.167
vn -0.001 -0.945 0.326
vn -0.001 -0.945 0.326
vn -0.001 -0.945 0.326
vn -0.001 -0.945 0.326
vn 0.052 -0.945 0.322
vn 0.052 -0.945 0.322
vn 0.052 -0.945 0.322
vn 0.052 -0.945 0.322
vn 0.025 -0.946 0.324
vn 0.025 -0.946 0.324
vn 0.025 -0.946 0.324
vn 0.025 -0.946 0.324
vn 0.012 -0.891 0.454
vn 0.012 -0.891 0.454
vn 0.012 -0.891 0.454
vn 0.012 -0.891 0.454
vn 0.062 -0.891 0.451
vn 0.062 -0.891 0.451
vn 0.062 -0.891 0.451
vn 0.062 -0.891 0.451
vn 0.037 -0.891 0.453
vn 0.037 -0.891 0.453
vn 0.037 -0.891 0.453
vn 0.037 -0.891 0.453
vn -0.010 -1.000 -0.026
vn -0.010 -1.000 -0.026
vn -0.010 -1.000 -0.026
vn -0.010 -1.000 -0.026
vn 0.019 -1.000 0.021
vn 0.019 -1.000 0.021
vn 0.019 -1.000 0.021
vn 0.019 -1.000 0.021
vn 0.005 -1.000 -0.003
vn 0.005 -1.000 -0.003
vn 0.005 -1.000 -0.003
vn 0.005 -1.000 -0.003
vn -0.130 -0.990 0.047
vn -0.130 -0.990 0.047
vn -0.130 -0.990 0.047
vn -0.130 -0.990 0.047
vn -0.101 -0.991 0.093
vn -0.101 -0.991 0.093
vn -0.101 -0.991 0.093
vn -0.101 -0.991 0.093
vn -0.116 -0.991 0.070
vn -0.116 -0.991 0.070
vn -0.116 -0.991 0.070
vn -0.116 -0.991 0.070
vn -0.350 -0.921 0.172
vn -0.350 -0.921 0.172
vn -0.350 -0.921 0.172
vn -0.350 -0.921 0.172
vn -0.323 -0.921 0.215
vn -0.323 -0.921 0.215
vn -0.323 -0.921 0.215
vn -0.323 -0.921 0.215
vn -0.337 -0.921 0.194
vn -0.337 -0.921 0.194
vn -0.337 -0.921 0.194
vn -0.337 -0.921 0.194
vn -0.434 -0.872 0.225
vn -0.434 -0.872 0.225
vn -0.434 -0.872 0.225
vn -0.434 -0.872 0.225
vn -0.408 -0.873 0.266
vn -0.408 -0.873 0.266
vn -0.408 -0.873 0.266
vn -0.408 -0.873 0.266
vn -0.422 -0.873 0.245
vn -0.422 -0.873 0.245
vn -0.422 -0.873 0.245
vn -0.422 -0.873 0.245
vn -0.502 -0.821 0.273
vn -0.502 -0.821 0.273
vn -0.502 -0.821 0.273
vn -0.502 -0.821 0.273
vn -0.479 -0.821 0.312
vn -0.479 -0.821 0.312
vn -0.479 -0.821 0.312
vn -0.479 -0.821 0.312
vn -0.490 -0.821 0.293
vn -0.490 -0.821 0.293
vn -0.490 -0.821 0.293
vn -0.490 -0.821 0.293
vn -0.142 -0.986 -0.084
vn -0.142 -0.986 -0.084
vn -0.142 -0.986 -0.084
vn -0.142 -0.986 -0.084
vn -0.154 -0.988 -0.030
vn -0.154 -0.988 -0.030
vn -0.154 -0.988 -0.030
vn -0.154 -0.988 -0.030
vn -0.148 -0.987 -0.057
vn -0.148 -0.987 -0.057
vn -0.148 -0.987 -0.057
vn -0.148 -0.987 -0.057
vn -0.406 -0.901 -0.154
vn -0.406 -0.901 -0.154
vn -0.406 -0.901 -0.154
vn -0.406 -0.901 -0.154
vn -0.423 -0.900 -0.107
vn -0.423 -0.900 -0.107
vn -0.423 -0.900 -0.107
vn -0.423 -0.900 -0.107
vn -0.415 -0.900 -0.130
vn -0.415 -0.900 -0.130
vn -0.415 -0.900 -0.130
vn -0.415 -0.900 -0.130
vn 0.174 -0.984 0.034
vn 0.174 -0.984 0.034
vn 0.174 -0.984 0.034
vn 0.174 -0.984 0.034
vn 0.175 -0.984 -0.030
vn 0.175 -0.984 -0.030
vn 0.175 -0.984 -0.030
vn 0.175 -0.984 -0.030
vn 0.174 -0.985 0.002
vn 0.174 -0.985 0.002
vn 0.174 -0.985 0.002
vn 0.174 -0.985 0.002
vn 0.330 -0.943 0.036
vn 0.330 -0.943 0.036
vn 0.330 -0.943 0.036
vn 0.330 -0.943 0.036
vn 0.333 -0.943 -0.025
vn 0.333 -0.943 -0.025
vn 0.333 -0.943 -0.025
vn 0.333 -0.943 -0.025
vn 0.332 -0.943 0.006
vn 0.332 -0.943 0.006
vn 0.332 -0.943 0.006
vn 0.332 -0.943 0.006
vn 0.568 -0.821 0.046
vn 0.568 -0.821 0.046
vn 0.568 -0.821 0.046
vn 0.568 -0.821 0.046
vn 0.568 -0.823 -0.008
vn 0.568 -0.823 -0.008
vn 0.568 -0.823 -0.008
vn 0.568 -0.823 -0.008
vn 0.568 -0.823 0.019
vn 0.568 -0.823 0.019
vn 0.568 -0.823 0.019
vn 0.568 -0.823 0.019
vn -0.026 -1.000 0.009
vn -0.026 -1.000 0.009
vn -0.026 -1.000 0.009
vn -0.026 -1.000 0.009
vn 0.035 -0.999 -0.014
vn 0.035 -0.999 -0.014
vn 0.035 -0.999 -0.014
vn 0.035 -0.999 -0.014
vn 0.004 -1.000 -0.002
vn 0.004 -1.000 -0.002
vn 0.004 -1.000 -0.002
vn 0.004 -1.000 -0.002
vn 0.148 -0.874 0.463
vn 0.148 -0.874 0.463
vn 0.148 -0.874 0.463
vn 0.148 -0.874 0.463
vn 0.202 -0.873 0.444
vn 0.202 -0.873 0.444
vn 0.202 -0.873 0.444
vn 0.202 -0.873 0.444
vn 0.175 -0.874 0.453
vn 0.175 -0.874 0.453
vn 0.175 -0.874 0.453
vn 0.175 -0.874 0.453
vn -0.017 -1.000 -0.026
vn -0.017 -1.000 -0.026
vn -0.017 -1.000 -0.026
vn -0.017 -1.000 -0.026
vn 0.026 -0.999 0.021
vn 0.026 -0.999 0.021
vn 0.026 -0.999 0.021
vn 0.026 -0.999 0.021
vn 0.004 -1.000 -0.002
vn 0.004 -1.000 -0.002
vn 0.004 -1.000 -0.002
vn 0.004 -1.000 -0.002
vn -0.152 -0.984 0.097
vn -0.152 -0.984 0.097
vn -0.152 -0.984 0.097
vn -0.152 -0.984 0.097
vn -0.106 -0.984 0.142
vn -0.106 -0.984 0.142
vn -0.106 -0.984 0.142
vn -0.106 -0.984 0.142
vn -0.129 -0.984 0.120
vn -0.129 -0.984 0.120
vn -0.129 -0.984 0.120
vn -0.129 -0.984 0.120
vn -0.261 -0.942 0.211
vn -0.261 -0.942 0.211
vn -0.261 -0.942 0.211
vn -0.261 -0.942 0.211
vn -0.219 -0.942 0.254
vn -0.219 -0.942 0.254
vn -0.219 -0.942 0.254
vn -0.219 -0.942 0.254
vn -0.240 -0.942 0.233
vn -0.240 -0.942 0.233
vn -0.240 -0.942 0.233
vn -0.240 -0.942 0.233
vn 0.012 -0.999 -0.034
vn 0.012 -0.999 -0.034
vn 0.012 -0.999 -0.034
vn 0.012 -0.999 -0.034
vn -0.003 -1.000 0.029
vn -0.003 -1.000 0.029
vn -0.003 -1.000 0.029
vn -0.003 -1.000 0.029
vn 0.004 -1.000 -0.002
vn 0.004 -1.000 -0.002
vn 0.004 -1.000 -0.002
vn 0.004 -1.000 -0.002
vn -0.330 -0.937 -0.117
vn -0.330 -0.937 -0.117
vn -0.330 -0.937 -0.117
vn -0.330 -0.937 -0.117
vn -0.349 -0.935 -0.060
vn -0.349 -0.935 -0.060
vn -0.349 -0.935 -0.060
vn -0.349 -0.935 -0.060
vn -0.340 -0.936 -0.089
vn -0.340 -0.936 -0.089
vn -0.340 -0.936 -0.089
vn -0.340 -0.936 -0.089
vn -0.330 -0.937 -0.117
vn -0.330 -0.937 -0.117
vn -0.330 -0.937 -0.117
vn -0.330 -0.937 -0.117
vn -0.349 -0.935 -0.060
vn -0.349 -0.935 -0.060
vn -0.349 -0.935 -0.060
vn -0.349 -0.935 -0.060
vn -0.340 -0.936 -0.089
vn -0.340 -0.936 -0.089
vn -0.340 -0.936 -0.089
vn -0.340 -0.936 -0.089
vn -0.457 -0.875 -0.162
vn -0.457 -0.875 -0.162
vn -0.457 -0.875 -0.162
vn -0.457 -0.875 -0.162
vn -0.469 -0.877 -0.107
vn -0.469 -0.877 -0.107
vn -0.469 -0.877 -0.107
vn -0.469 -0.877 -0.107
vn -0.463 -0.876 -0.134
vn -0.463 -0.876 -0.134
vn -0.463 -0.876 -0.134
vn -0.463 -0.876 -0.134
vn -0.016 -0.982 -0.187
vn -0.016 -0.982 -0.187
vn -0.016 -0.982 -0.187
vn -0.016 -0.982 -0.187
vn -0.078 -0.982 -0.172
vn -0.078 -0.982 -0.172
vn -0.078 -0.982 -0.172
vn -0.078 -0.982 -0.172
vn -0.047 -0.983 -0.180
vn -0.047 -0.983 -0.180
vn -0.047 -0.983 -0.180
vn -0.047 -0.983 -0.180
vn -0.057 -0.934 -0.352
vn -0.057 -0.934 -0.352
vn -0.057 -0.934 -0.352
vn -0.057 -0.934 -0.352
vn -0.115 -0.936 -0.333
vn -0.115 -0.936 -0.333
vn -0.115 -0.936 -0.333
vn -0.115 -0.936 -0.333
vn -0.086 -0.935 -0.343
vn -0.086 -0.935 -0.343
vn -0.086 -0.935 -0.343
vn -0.086 -0.935 -0.343
vn 0.217 -0.940 -0.263
vn 0.217 -0.940 -0.263
vn 0.217 -0.940 -0.263
vn 0.217 -0.940 -0.263
vn 0.170 -0.938 -0.303
vn 0.170 -0.938 -0.303
vn 0.170 -0.938 -0.303
vn 0.170 -0.938 -0.303
vn 0.194 -0.939 -0.283
vn 0.194 -0.939 -0.283
vn 0.194 -0.939 -0.283
vn 0.194 -0.939 -0.283
vn 0.017 -0.999 0.033
vn 0.017 -0.999 0.033
vn 0.017 -0.999 0.033
vn 0.017 -0.999 0.033
vn -0.007 -0.999 -0.039
vn -0.007 -0.999 -0.039
vn -0.007 -0.999 -0.039
vn -0.007 -0.999 -0.039
vn 0.005 -1.000 -0.003
vn 0.005 -1.000 -0.003
vn 0.005 -1.000 -0.003
vn 0.005 -1.000 -0.003
vn 0.017 -0.999 0.033
vn 0.017 -0.999 0.033
vn 0.017 -0.999 0.033
vn 0.017 -0.999 0.033
vn -0.007 -0.999 -0.039
vn -0.007 -0.999 -0.039
vn -0.007 -0.999 -0.039
vn -0.007 -0.999 -0.039
vn 0.005 -1.000 -0.003
vn 0.005 -1.000 -0.003
vn 0.005 -1.000 -0.003
vn 0.005 -1.000 -0.003
vn 0.375 -0.925 -0.061
vn 0.375 -0.925 -0.061
vn 0.375 -0.925 -0.061
vn 0.375 -0.925 -0.061
vn 0.357 -0.925 -0.128
vn 0.357 -0.925 -0.128
vn 0.357 -0.925 -0.128
vn 0.357 -0.925 -0.128
vn 0.366 -0.926 -0.094
vn 0.366 -0.926 -0.094
vn 0.366 -0.926 -0.094
vn 0.366 -0.926 -0.094
vn 0.614 -0.778 -0.135
vn 0.614 -0.778 -0.135
vn 0.614 -0.778 -0.135
vn 0.614 -0.778 -0.135
vn 0.599 -0.778 -0.191
vn 0.599 -0.778 -0.191
vn 0.599 -0.778 -0.191
vn 0.599 -0.778 -0.191
vn 0.606 -0.778 -0.163
vn 0.606 -0.778 -0.163
vn 0.606 -0.778 -0.163
vn 0.606 -0.778 -0.163
vn -0.024 -0.999 0.021
vn -0.024 -0.999 0.021
vn -0.024 -0.999 0.021
vn -0.024 -0.999 0.021
vn 0.034 -0.999 -0.026
vn 0.034 -0.999 -0.026
vn 0.034 -0.999 -0.026
vn 0.034 -0.999 -0.026
vn 0.005 -1.000 -0.003
vn 0.005 -1.000 -0.003
vn 0.005 -1.000 -0.003
vn 0.005 -1.000 -0.003
vn 0.214 -0.922 0.323
vn 0.214 -0.922 0.323
vn 0.214 -0.922 0.323
vn 0.214 -0.922 0.323
vn 0.268 -0.923 0.277
vn 0.268 -0.923 0.277
vn 0.268 -0.923 0.277
vn 0.268 -0.923 0.277
vn 0.241 -0.923 0.300
vn 0.241 -0.923 0.300
vn 0.241 -0.923 0.300
vn 0.241 -0.923 0.300
vn 0.372 -0.775 0.510
vn 0.372 -0.775 0.510
vn 0.372 -0.775 0.510
vn 0.372 -0.775 0.510
vn 0.416 -0.776 0.473
vn 0.416 -0.776 0.473
vn 0.416 -0.776 0.473
vn 0.416 -0.776 0.473
vn 0.394 -0.776 0.492
vn 0.394 -0.776 0.492
vn 0.394 -0.776 0.492
vn 0.394 -0.776 0.492
vn 0.372 -0.775 0.510
vn 0.372 -0.775 0.510
vn 0.372 -0.775 0.510
vn 0.372 -0.775 0.510
vn 0.416 -0.776 0.473
vn 0.416 -0.776 0.473
vn 0.416 -0.776 0.473
vn 0.416 -0.776 0.473
vn 0.394 -0.776 0.492
vn 0.394 -0.776 0.492
vn 0.394 -0.776 0.492
vn 0.394 -0.776 0.492
vn -0.029 -0.999 -0.019
vn -0.029 -0.999 -0.019
vn -0.029 -0.999 -0.019
vn -0.029 -0.999 -0.019
vn 0.039 -0.999 0.013
vn 0.039 -0.999 0.013
vn 0.039 -0.999 0.013
vn 0.039 -0.999 0.013
vn 0.005 -1.000 -0.003
vn 0.005 -1.000 -0.003
vn 0.005 -1.000 -0.003
vn 0.005 -1.000 -0.003
vn -0.276 -0.825 0.494
vn -0.276 -0.825 0.494
vn -0.276 -0.825 0.494
vn -0.276 -0.825 0.494
vn -0.217 -0.827 0.519
vn -0.217 -0.827 0.519
vn -0.217 -0.827 0.519
vn -0.217 -0.827 0.519
vn -0.247 -0.826 0.507
vn -0.247 -0.826 0.507
vn -0.247 -0.826 0.507
vn -0.247 -0.826 0.507
vn -0.001 -0.999 -0.040
vn -0.001 -0.999 -0.040
vn -0.001 -0.999 -0.040
vn -0.001 -0.999 -0.040
vn 0.011 -0.999 0.034
vn 0.011 -0.999 0.034
vn 0.011 -0.999 0.034
vn 0.011 -0.999 0.034
vn 0.005 -1.000 -0.003
vn 0.005 -1.000 -0.003
vn 0.005 -1.000 -0.003
vn 0.005 -1.000 -0.003
vn -0.390 -0.920 0.038
vn -0.390 -0.920 0.038
vn -0.390 -0.920 0.038
vn -0.390 -0.920 0.038
vn -0.376 -0.920 0.107
vn -0.376 -0.920 0.107
vn -0.376 -0.920 0.107
vn -0.376 -0.920 0.107
vn -0.384 -0.921 0.073
vn -0.384 -0.921 0.073
vn -0.384 -0.921 0.073
vn -0.384 -0.921 0.073
vn -0.525 -0.848 0.071
vn -0.525 -0.848 0.071
vn -0.525 -0.848 0.071
vn -0.525 -0.848 0.071
vn -0.515 -0.847 0.133
vn -0.515 -0.847 0.133
vn -0.515 -0.847 0.133
vn -0.515 -0.847 0.133
vn -0.520 -0.848 0.102
vn -0.520 -0.848 0.102
vn -0.520 -0.848 0.102
vn -0.520 -0.848 0.102
vn -0.090 -0.982 -0.168
vn -0.090 -0.982 -0.168
vn -0.090 -0.982 -0.168
vn -0.090 -0.982 -0.168
vn -0.147 -0.982 -0.119
vn -0.147 -0.982 -0.119
vn -0.147 -0.982 -0.119
vn -0.147 -0.982 -0.119
vn -0.118 -0.983 -0.144
vn -0.118 -0.983 -0.144
vn -0.118 -0.983 -0.144
vn -0.118 -0.983 -0.144
vn -0.380 -0.800 -0.464
vn -0.380 -0.800 -0.464
vn -0.380 -0.800 -0.464
vn -0.380 -0.800 -0.464
vn -0.427 -0.798 -0.426
vn -0.427 -0.798 -0.426
vn -0.427 -0.798 -0.426
vn -0.427 -0.798 -0.426
vn -0.404 -0.799 -0.445
vn -0.404 -0.799 -0.445
vn -0.404 -0.799 -0.445
vn -0.404 -0.799 -0.445
vn 0.040 -0.999 0.012
vn 0.040 -0.999 0.012
vn 0.040 -0.999 0.012
vn 0.040 -0.999 0.012
vn -0.029 -0.999 -0.018
vn -0.029 -0.999 -0.018
vn -0.029 -0.999 -0.018
vn -0.029 -0.999 -0.018
vn 0.005 -1.000 -0.003
vn 0.005 -1.000 -0.003
vn 0.005 -1.000 -0.003
vn 0.005 -1.000 -0.003
vn 0.188 -0.917 -0.352
vn 0.188 -0.917 -0.352
vn 0.188 -0.917 -0.352
vn 0.188 -0.917 -0.352
vn 0.124 -0.917 -0.379
vn 0.124 -0.917 -0.379
vn 0.124 -0.917 -0.379
vn 0.124 -0.917 -0.379
vn 0.156 -0.917 -0.366
vn 0.156 -0.917 -0.366
vn 0.156 -0.917 -0.366
vn 0.156 -0.917 -0.366
vn 0.188 -0.917 -0.352
vn 0.188 -0.917 -0.352
vn 0.188 -0.917 -0.352
vn 0.188 -0.917 -0.352
vn 0.124 -0.917 -0.379
vn 0.124 -0.917 -0.379
vn 0.124 -0.917 -0.379
vn 0.124 -0.917 -0.379
vn 0.156 -0.917 -0.366
vn 0.156 -0.917 -0.366
vn 0.156 -0.917 -0.366
vn 0.156 -0.917 -0.366
vn 0.292 -0.763 -0.577
vn 0.292 -0.763 -0.577
vn 0.292 -0.763 -0.577
vn 0.292 -0.763 -0.577
vn 0.239 -0.763 -0.601
vn 0.239 -0.763 -0.601
vn 0.239 -0.763 -0.601
vn 0.239 -0.763 -0.601
vn 0.266 -0.763 -0.589
vn 0.266 -0.763 -0.589
vn 0.266 -0.763 -0.589
vn 0.266 -0.763 -0.589
vn 0.292 -0.763 -0.577
vn 0.292 -0.763 -0.577
vn 0.292 -0.763 -0.577
vn 0.292 -0.763 -0.577
vn 0.239 -0.763 -0.601
vn 0.239 -0.763 -0.601
vn 0.239 -0.763 -0.601
vn 0.239 -0.763 -0.601
vn 0.266 -0.763 -0.589
vn 0.266 -0.763 -0.589
vn 0.266 -0.763 -0.589
vn 0.266 -0.763 -0.589
vn -0.017 -0.726 0.687
vn -0.017 -0.726 0.687
vn -0.017 -0.726 0.687
vn -0.017 -0.726 0.687
vn 0.050 -0.725 0.687
vn 0.050 -0.725 0.687
vn 0.050 -0.725 0.687
vn 0.050 -0.725 0.687
vn 0.016 -0.726 0.687
vn 0.016 -0.726 0.687
vn 0.016 -0.726 0.687
vn 0.016 -0.726 0.687
vn -0.255 -0.966 0.050
vn -0.255 -0.966 0.050
vn -0.255 -0.966 0.050
vn -0.255 -0.966 0.050
vn -0.222 -0.966 0.131
vn -0.222 -0.966 0.131
vn -0.222 -0.966 0.131
vn -0.222 -0.966 0.131
vn -0.238 -0.967 0.090
vn -0.238 -0.967 0.090
vn -0.238 -0.967 0.090
vn -0.238 -0.967 0.090
vn -0.601 -0.775 0.196
vn -0.601 -0.775 0.196
vn -0.601 -0.775 0.196
vn -0.601 -0.775 0.196
vn -0.575 -0.776 0.260
vn -0.575 -0.776 0.260
vn -0.575 -0.776 0.260
vn -0.575 -0.776 0.260
vn -0.588 -0.776 0.228
vn -0.588 -0.776 0.228
vn -0.588 -0.776 0.228
vn -0.588 -0.776 0.228
vn 0.037 -0.998 -0.041
vn 0.037 -0.998 -0.041
vn 0.037 -0.998 -0.041
vn 0.037 -0.998 -0.041
vn 0.001 -0.999 0.041
vn 0.001 -0.999 0.041
vn 0.001 -0.999 0.041
vn 0.001 -0.999 0.041
vn 0.019 -1.000 -0.000
vn 0.019 -1.000 -0.000
vn 0.019 -1.000 -0.000
vn 0.019 -1.000 -0.000
vn -0.187 -0.972 -0.140
vn -0.187 -0.972 -0.140
vn -0.187 -0.972 -0.140
vn -0.187 -0.972 -0.140
vn -0.221 -0.974 -0.057
vn -0.221 -0.974 -0.057
vn -0.221 -0.974 -0.057
vn -0.221 -0.974 -0.057
vn -0.204 -0.974 -0.099
vn -0.204 -0.974 -0.099
vn -0.204 -0.974 -0.099
vn -0.204 -0.974 -0.099
vn -0.382 -0.899 -0.216
vn -0.382 -0.899 -0.216
vn -0.382 -0.899 -0.216
vn -0.382 -0.899 -0.216
vn -0.421 -0.896 -0.142
vn -0.421 -0.896 -0.142
vn -0.421 -0.896 -0.142
vn -0.421 -0.896 -0.142
vn -0.402 -0.898 -0.179
vn -0.402 -0.898 -0.179
vn -0.402 -0.898 -0.179
vn -0.402 -0.898 -0.179
vn -0.625 -0.711 -0.322
vn -0.625 -0.711 -0.322
vn -0.625 -0.711 -0.322
vn -0.625 -0.711 -0.322
vn -0.653 -0.710 -0.263
vn -0.653 -0.710 -0.263
vn -0.653 -0.710 -0.263
vn -0.653 -0.710 -0.263
vn -0.640 -0.711 -0.293
vn -0.640 -0.711 -0.293
vn -0.640 -0.711 -0.293
vn -0.640 -0.711 -0.293
vn -0.625 -0.711 -0.322
vn -0.625 -0.711 -0.322
vn -0.625 -0.711 -0.322
vn -0.625 -0.711 -0.322
vn -0.653 -0.710 -0.263
vn -0.653 -0.710 -0.263
vn -0.653 -0.710 -0.263
vn -0.653 -0.710 -0.263
vn -0.640 -0.711 -0.293
vn -0.640 -0.711 -0.293
vn -0.640 -0.711 -0.293
vn -0.640 -0.711 -0.293
vn 0.064 -0.998 0.000
vn 0.064 -0.998 0.000
vn 0.064 -0.998 0.000
vn 0.064 -0.998 0.000
vn -0.026 -1.000 -0.001
vn -0.026 -1.000 -0.001
vn -0.026 -1.000 -0.001
vn -0.026 -1.000 -0.001
vn 0.019 -1.000 -0.000
vn 0.019 -1.000 -0.000
vn 0.019 -1.000 -0.000
vn 0.019 -1.000 -0.000
vn 0.064 -0.998 0.000
vn 0.064 -0.998 0.000
vn 0.064 -0.998 0.000
vn 0.064 -0.998 0.000
vn -0.026 -1.000 -0.001
vn -0.026 -1.000 -0.001
vn -0.026 -1.000 -0.001
vn -0.026 -1.000 -0.001
vn 0.019 -1.000 -0.000
vn 0.019 -1.000 -0.000
vn 0.019 -1.000 -0.000
vn 0.019 -1.000 -0.000
vn 0.066 -0.964 -0.258
vn 0.066 -0.964 -0.258
vn 0.066 -0.964 -0.258
vn 0.066 -0.964 -0.258
vn -0.022 -0.966 -0.259
vn -0.022 -0.966 -0.259
vn -0.022 -0.966 -0.259
vn -0.022 -0.966 -0.259
vn 0.022 -0.966 -0.259
vn 0.022 -0.966 -0.259
vn 0.022 -0.966 -0.259
vn 0.022 -0.966 -0.259
vn 0.060 -0.886 -0.459
vn 0.060 -0.886 -0.459
vn 0.060 -0.886 -0.459
vn 0.060 -0.886 -0.459
vn -0.018 -0.887 -0.461
vn -0.018 -0.887 -0.461
vn -0.018 -0.887 -0.461
vn -0.018 -0.887 -0.461
vn 0.021 -0.888 -0.460
vn 0.021 -0.888 -0.460
vn 0.021 -0.888 -0.460
vn 0.021 -0.888 -0.460
vn 0.056 -0.788 -0.613
vn 0.056 -0.788 -0.613
vn 0.056 -0.788 -0.613
vn 0.056 -0.788 -0.613
vn -0.014 -0.790 -0.613
vn -0.014 -0.790 -0.613
vn -0.014 -0.790 -0.613
vn -0.014 -0.790 -0.613
vn 0.021 -0.790 -0.613
vn 0.021 -0.790 -0.613
vn 0.021 -0.790 -0.613
vn 0.021 -0.790 -0.613
vn 0.045 -0.998 0.037
vn 0.045 -0.998 0.037
vn 0.045 -0.998 0.037
vn 0.045 -0.998 0.037
vn -0.007 -0.999 -0.037
vn -0.007 -0.999 -0.037
vn -0.007 -0.999 -0.037
vn -0.007 -0.999 -0.037
vn 0.019 -1.000 -0.000
vn 0.019 -1.000 -0.000
vn 0.019 -1.000 -0.000
vn 0.019 -1.000 -0.000
vn 0.555 -0.735 -0.390
vn 0.555 -0.735 -0.390
vn 0.555 -0.735 -0.390
vn 0.555 -0.735 -0.390
vn 0.516 -0.734 -0.442
vn 0.516 -0.734 -0.442
vn 0.516 -0.734 -0.442
vn 0.516 -0.734 -0.442
vn 0.535 -0.735 -0.416
vn 0.535 -0.735 -0.416
vn 0.535 -0.735 -0.416
vn 0.535 -0.735 -0.416
vn 0.555 -0.735 -0.390
vn 0.555 -0.735 -0.390
vn 0.555 -0.735 -0.390
vn 0.555 -0.735 -0.390
vn 0.516 -0.734 -0.442
vn 0.516 -0.734 -0.442
vn 0.516 -0.734 -0.442
vn 0.516 -0.734 -0.442
vn 0.535 -0.735 -0.416
vn 0.535 -0.735 -0.416
vn 0.535 -0.735 -0.416
vn 0.535 -0.735 -0.416
vn 0.357 -0.866 0.351
vn 0.357 -0.866 0.351
vn 0.357 -0.866 0.351
vn 0.357 -0.866 0.351
vn 0.403 -0.869 0.288
vn 0.403 -0.869 0.288
vn 0.403 -0.869 0.288
vn 0.403 -0.869 0.288
vn 0.380 -0.868 0.320
vn 0.380 -0.868 0.320
vn 0.380 -0.868 0.320
vn 0.380 -0.868 0.320
vn 0.357 -0.866 0.351
vn 0.357 -0.866 0.351
vn 0.357 -0.866 0.351
vn 0.357 -0.866 0.351
vn 0.403 -0.869 0.288
vn 0.403 -0.869 0.288
vn 0.403 -0.869 0.288
vn 0.403 -0.869 0.288
vn 0.380 -0.868 0.320
vn 0.380 -0.868 0.320
vn 0.380 -0.868 0.320
vn 0.380 -0.868 0.320
vn 0.480 -0.768 0.425
vn 0.480 -0.768 0.425
vn 0.480 -0.768 0.425
vn 0.480 -0.768 0.425
vn 0.523 -0.767 0.372
vn 0.523 -0.767 0.372
vn 0.523 -0.767 0.372
vn 0.523 -0.767 0.372
vn 0.501 -0.768 0.398
vn 0.501 -0.768 0.398
vn 0.501 -0.768 0.398
vn 0.501 -0.768 0.398
vn 0.480 -0.768 0.425
vn 0.480 -0.768 0.425
vn 0.480 -0.768 0.425
vn 0.480 -0.768 0.425
vn 0.523 -0.767 0.372
vn 0.523 -0.767 0.372
vn 0.523 -0.767 0.372
vn 0.523 -0.767 0.372
vn 0.501 -0.768 0.398
vn 0.501 -0.768 0.398
vn 0.501 -0.768 0.398
vn 0.501 -0.768 0.398
vn 0.060 -0.997 0.037
vn 0.060 -0.997 0.037
vn 0.060 -0.997 0.037
vn 0.060 -0.997 0.037
vn -0.017 -0.999 -0.049
vn -0.017 -0.999 -0.049
vn -0.017 -0.999 -0.049
vn -0.017 -0.999 -0.049
vn 0.022 -1.000 -0.006
vn 0.022 -1.000 -0.006
vn 0.022 -1.000 -0.006
vn 0.022 -1.000 -0.006
vn 0.423 -0.844 -0.329
vn 0.423 -0.844 -0.329
vn 0.423 -0.844 -0.329
vn 0.423 -0.844 -0.329
vn 0.357 -0.841 -0.406
vn 0.357 -0.841 -0.406
vn 0.357 -0.841 -0.406
vn 0.357 -0.841 -0.406
vn 0.390 -0.844 -0.368
vn 0.390 -0.844 -0.368
vn 0.390 -0.844 -0.368
vn 0.390 -0.844 -0.368
vn 0.667 -0.732 0.139
vn 0.667 -0.732 0.139
vn 0.667 -0.732 0.139
vn 0.667 -0.732 0.139
vn 0.681 -0.730 0.054
vn 0.681 -0.730 0.054
vn 0.681 -0.730 0.054
vn 0.681 -0.730 0.054
vn 0.674 -0.732 0.097
vn 0.674 -0.732 0.097
vn 0.674 -0.732 0.097
vn 0.674 -0.732 0.097
vn 0.754 -0.639 0.152
vn 0.754 -0.639 0.152
vn 0.754 -0.639 0.152
vn 0.754 -0.639 0.152
vn 0.765 -0.640 0.079
vn 0.765 -0.640 0.079
vn 0.765 -0.640 0.079
vn 0.765 -0.640 0.079
vn 0.760 -0.640 0.115
vn 0.760 -0.640 0.115
vn 0.760 -0.640 0.115
vn 0.760 -0.640 0.115
vn 0.754 -0.639 0.152
vn 0.754 -0.639 0.152
vn 0.754 -0.639 0.152
vn 0.754 -0.639 0.152
vn 0.765 -0.640 0.079
vn 0.765 -0.640 0.079
vn 0.765 -0.640 0.079
vn 0.765 -0.640 0.079
vn 0.760 -0.640 0.115
vn 0.760 -0.640 0.115
vn 0.760 -0.640 0.115
vn 0.760 -0.640 0.115
vn 0.344 -0.683 0.644
vn 0.344 -0.683 0.644
vn 0.344 -0.683 0.644
vn 0.344 -0.683 0.644
vn 0.412 -0.682 0.604
vn 0.412 -0.682 0.604
vn 0.412 -0.682 0.604
vn 0.412 -0.682 0.604
vn 0.378 -0.683 0.625
vn 0.378 -0.683 0.625
vn 0.378 -0.683 0.625
vn 0.378 -0.683 0.625
vn -0.023 -0.999 -0.042
vn -0.023 -0.999 -0.042
vn -0.023 -0.999 -0.042
vn -0.023 -0.999 -0.042
vn 0.067 -0.997 0.030
vn 0.067 -0.997 0.030
vn 0.067 -0.997 0.030
vn 0.067 -0.997 0.030
vn 0.022 -1.000 -0.006
vn 0.022 -1.000 -0.006
vn 0.022 -1.000 -0.006
vn 0.022 -1.000 -0.006
vn -0.377 -0.843 0.383
vn -0.377 -0.843 0.383
vn -0.377 -0.843 0.383
vn -0.377 -0.843 0.383
vn -0.304 -0.842 0.447
vn -0.304 -0.842 0.447
vn -0.304 -0.842 0.447
vn -0.304 -0.842 0.447
vn -0.341 -0.843 0.415
vn -0.341 -0.843 0.415
vn -0.341 -0.843 0.415
vn -0.341 -0.843 0.415
vn -0.475 -0.725 0.499
vn -0.475 -0.725 0.499
vn -0.475 -0.725 0.499
vn -0.475 -0.725 0.499
vn -0.411 -0.725 0.553
vn -0.411 -0.725 0.553
vn -0.411 -0.725 0.553
vn -0.411 -0.725 0.553
vn -0.443 -0.726 0.526
vn -0.443 -0.726 0.526
vn -0.443 -0.726 0.526
vn -0.443 -0.726 0.526
vn 0.026 -0.998 -0.064
vn 0.026 -0.998 -0.064
vn 0.026 -0.998 -0.064
vn 0.026 -0.998 -0.064
vn 0.018 -0.998 0.052
vn 0.018 -0.998 0.052
vn 0.018 -0.998 0.052
vn 0.018 -0.998 0.052
vn 0.022 -1.000 -0.006
vn 0.022 -1.000 -0.006
vn 0.022 -1.000 -0.006
vn 0.022 -1.000 -0.006
vn 0.079 -0.997 -0.014
vn 0.079 -0.997 -0.014
vn 0.079 -0.997 -0.014
vn 0.079 -0.997 -0.014
vn -0.036 -0.999 0.002
vn -0.036 -0.999 0.002
vn -0.036 -0.999 0.002
vn -0.036 -0.999 0.002
vn 0.022 -1.000 -0.006
vn 0.022 -1.000 -0.006
vn 0.022 -1.000 -0.006
vn 0.022 -1.000 -0.006
vn 0.029 -0.940 -0.341
vn 0.029 -0.940 -0.341
vn 0.029 -0.940 -0.341
vn 0.029 -0.940 -0.341
vn -0.079 -0.943 -0.324
vn -0.079 -0.943 -0.324
vn -0.079 -0.943 -0.324
vn -0.079 -0.943 -0.324
vn -0.025 -0.943 -0.333
vn -0.025 -0.943 -0.333
vn -0.025 -0.943 -0.333
vn -0.025 -0.943 -0.333
vn -0.022 -0.818 -0.574
vn -0.022 -0.818 -0.574
vn -0.022 -0.818 -0.574
vn -0.022 -0.818 -0.574
vn -0.114 -0.822 -0.557
vn -0.114 -0.822 -0.557
vn -0.114 -0.822 -0.557
vn -0.114 -0.822 -0.557
vn -0.068 -0.821 -0.566
vn -0.068 -0.821 -0.566
vn -0.068 -0.821 -0.566
vn -0.068 -0.821 -0.566
vn -0.022 -0.818 -0.574
vn -0.022 -0.818 -0.574
vn -0.022 -0.818 -0.574
vn -0.022 -0.818 -0.574
vn -0.114 -0.822 -0.557
vn -0.114 -0.822 -0.557
vn -0.114 -0.822 -0.557
vn -0.114 -0.822 -0.557
vn -0.068 -0.821 -0.566
vn -0.068 -0.821 -0.566
vn -0.068 -0.821 -0.566
vn -0.068 -0.821 -0.566
vn -0.068 -0.696 -0.715
vn -0.068 -0.696 -0.715
vn -0.068 -0.696 -0.715
vn -0.068 -0.696 -0.715
vn -0.146 -0.698 -0.701
vn -0.146 -0.698 -0.701
vn -0.146 -0.698 -0.701
vn -0.146 -0.698 -0.701
vn -0.107 -0.698 -0.709
vn -0.107 -0.698 -0.709
vn -0.107 -0.698 -0.709
vn -0.107 -0.698 -0.709
vn 0.019 -0.995 -0.095
vn 0.019 -0.995 -0.095
vn 0.019 -0.995 -0.095
vn 0.019 -0.995 -0.095
vn 0.029 -0.998 0.061
vn 0.029 -0.998 0.061
vn 0.029 -0.998 0.061
vn 0.029 -0.998 0.061
vn 0.024 -1.000 -0.017
vn 0.024 -1.000 -0.017
vn 0.024 -1.000 -0.017
vn 0.024 -1.000 -0.017
vn 0.019 -0.995 -0.095
vn 0.019 -0.995 -0.095
vn 0.019 -0.995 -0.095
vn 0.019 -0.995 -0.095
vn 0.029 -0.998 0.061
vn 0.029 -0.998 0.061
vn 0.029 -0.998 0.061
vn 0.029 -0.998 0.061
vn 0.024 -1.000 -0.017
vn 0.024 -1.000 -0.017
vn 0.024 -1.000 -0.017
vn 0.024 -1.000 -0.017
vn -0.388 -0.920 -0.064
vn -0.388 -0.920 -0.064
vn -0.388 -0.920 -0.064
vn -0.388 -0.920 -0.064
vn -0.368 -0.926 0.084
vn -0.368 -0.926 0.084
vn -0.368 -0.926 0.084
vn -0.368 -0.926 0.084
vn -0.379 -0.926 0.010
vn -0.379 -0.926 0.010
vn -0.379 -0.926 0.010
vn -0.379 -0.926 0.010
vn -0.654 -0.757 -0.004
vn -0.654 -0.757 -0.004
vn -0.654 -0.757 -0.004
vn -0.654 -0.757 -0.004
vn -0.643 -0.756 0.121
vn -0.643 -0.756 0.121
vn -0.643 -0.756 0.121
vn -0.643 -0.756 0.121
vn -0.650 -0.758 0.058
vn -0.650 -0.758 0.058
vn -0.650 -0.758 0.058
vn -0.650 -0.758 0.058
vn -0.654 -0.757 -0.004
vn -0.654 -0.757 -0.004
vn -0.654 -0.757 -0.004
vn -0.654 -0.757 -0.004
vn -0.643 -0.756 0.121
vn -0.643 -0.756 0.121
vn -0.643 -0.756 0.121
vn -0.643 -0.756 0.121
vn -0.650 -0.758 0.058
vn -0.650 -0.758 0.058
vn -0.650 -0.758 0.058
vn -0.650 -0.758 0.058
vn -0.782 -0.624 0.019
vn -0.782 -0.624 0.019
vn -0.782 -0.624 0.019
vn -0.782 -0.624 0.019
vn -0.776 -0.620 0.118
vn -0.776 -0.620 0.118
vn -0.776 -0.620 0.118
vn -0.776 -0.620 0.118
vn -0.780 -0.623 0.069
vn -0.780 -0.623 0.069
vn -0.780 -0.623 0.069
vn -0.780 -0.623 0.069
vn 0.088 -0.994 -0.061
vn 0.088 -0.994 -0.061
vn 0.088 -0.994 -0.061
vn 0.088 -0.994 -0.061
vn -0.041 -0.999 0.028
vn -0.041 -0.999 0.028
vn -0.041 -0.999 0.028
vn -0.041 -0.999 0.028
vn 0.024 -1.000 -0.017
vn 0.024 -1.000 -0.017
vn 0.024 -1.000 -0.017
vn 0.024 -1.000 -0.017
vn -0.162 -0.897 -0.411
vn -0.162 -0.897 -0.411
vn -0.162 -0.897 -0.411
vn -0.162 -0.897 -0.411
vn -0.282 -0.901 -0.329
vn -0.282 -0.901 -0.329
vn -0.282 -0.901 -0.329
vn -0.282 -0.901 -0.329
vn -0.223 -0.901 -0.371
vn -0.223 -0.901 -0.371
vn -0.223 -0.901 -0.371
vn -0.223 -0.901 -0.371
vn -0.334 -0.709 -0.621
vn -0.334 -0.709 -0.621
vn -0.334 -0.709 -0.621
vn -0.334 -0.709 -0.621
vn -0.429 -0.716 -0.552
vn -0.429 -0.716 -0.552
vn -0.429 -0.716 -0.552
vn -0.429 -0.716 -0.552
vn -0.382 -0.713 -0.588
vn -0.382 -0.713 -0.588
vn -0.382 -0.713 -0.588
vn -0.382 -0.713 -0.588
vn 0.092 -0.996 0.022
vn 0.092 -0.996 0.022
vn 0.092 -0.996 0.022
vn 0.092 -0.996 0.022
vn -0.044 -0.997 -0.055
vn -0.044 -0.997 -0.055
vn -0.044 -0.997 -0.055
vn -0.044 -0.997 -0.055
vn 0.024 -1.000 -0.017
vn 0.024 -1.000 -0.017
vn 0.024 -1.000 -0.017
vn 0.024 -1.000 -0.017
vn 0.406 -0.733 -0.545
vn 0.406 -0.733 -0.545
vn 0.406 -0.733 -0.545
vn 0.406 -0.733 -0.545
vn 0.303 -0.734 -0.608
vn 0.303 -0.734 -0.608
vn 0.303 -0.734 -0.608
vn 0.303 -0.734 -0.608
vn 0.355 -0.735 -0.577
vn 0.355 -0.735 -0.577
vn 0.355 -0.735 -0.577
vn 0.355 -0.735 -0.577
vn 0.457 -0.598 -0.658
vn 0.457 -0.598 -0.658
vn 0.457 -0.598 -0.658
vn 0.457 -0.598 -0.658
vn 0.374 -0.599 -0.708
vn 0.374 -0.599 -0.708
vn 0.374 -0.599 -0.708
vn 0.374 -0.599 -0.708
vn 0.416 -0.599 -0.684
vn 0.416 -0.599 -0.684
vn 0.416 -0.599 -0.684
vn 0.416 -0.599 -0.684
vn 0.682 -0.727 -0.079
vn 0.682 -0.727 -0.079
vn 0.682 -0.727 -0.079
vn 0.682 -0.727 -0.079
vn 0.657 -0.728 -0.197
vn 0.657 -0.728 -0.197
vn 0.657 -0.728 -0.197
vn 0.657 -0.728 -0.197
vn 0.670 -0.729 -0.139
vn 0.670 -0.729 -0.139
vn 0.670 -0.729 -0.139
vn 0.670 -0.729 -0.139
vn 0.813 -0.570 -0.120
vn 0.813 -0.570 -0.120
vn 0.813 -0.570 -0.120
vn 0.813 -0.570 -0.120
vn 0.789 -0.575 -0.215
vn 0.789 -0.575 -0.215
vn 0.789 -0.575 -0.215
vn 0.789 -0.575 -0.215
vn 0.802 -0.573 -0.167
vn 0.802 -0.573 -0.167
vn 0.802 -0.573 -0.167
vn 0.802 -0.573 -0.167
vn -0.033 -0.999 0.037
vn -0.033 -0.999 0.037
vn -0.033 -0.999 0.037
vn -0.033 -0.999 0.037
vn 0.080 -0.994 -0.071
vn 0.080 -0.994 -0.071
vn 0.080 -0.994 -0.071
vn 0.080 -0.994 -0.071
vn 0.024 -1.000 -0.017
vn 0.024 -1.000 -0.017
vn 0.024 -1.000 -0.017
vn 0.024 -1.000 -0.017
vn 0.514 -0.576 0.635
vn 0.514 -0.576 0.635
vn 0.514 -0.576 0.635
vn 0.514 -0.576 0.635
vn 0.591 -0.572 0.569
vn 0.591 -0.572 0.569
vn 0.591 -0.572 0.569
vn 0.591 -0.572 0.569
vn 0.553 -0.575 0.603
vn 0.553 -0.575 0.603
vn 0.553 -0.575 0.603
vn 0.553 -0.575 0.603
vn -0.167 -0.937 0.307
vn -0.167 -0.937 0.307
vn -0.167 -0.937 0.307
vn -0.167 -0.937 0.307
vn -0.026 -0.936 0.352
vn -0.026 -0.936 0.352
vn -0.026 -0.936 0.352
vn -0.026 -0.936 0.352
vn -0.096 -0.939 0.331
vn -0.096 -0.939 0.331
vn -0.096 -0.939 0.331
vn -0.096 -0.939 0.331
vn -0.238 -0.794 0.560
vn -0.238 -0.794 0.560
vn -0.238 -0.794 0.560
vn -0.238 -0.794 0.560
vn -0.118 -0.790 0.601
vn -0.118 -0.790 0.601
vn -0.118 -0.790 0.601
vn -0.118 -0.790 0.601
vn -0.178 -0.794 0.582
vn -0.178 -0.794 0.582
vn -0.178 -0.794 0.582
vn -0.178 -0.794 0.582
vn -0.283 -0.658 0.698
vn -0.283 -0.658 0.698
vn -0.283 -0.658 0.698
vn -0.283 -0.658 0.698
vn -0.185 -0.654 0.734
vn -0.185 -0.654 0.734
vn -0.185 -0.654 0.734
vn -0.185 -0.654 0.734
vn -0.234 -0.657 0.717
vn -0.234 -0.657 0.717
vn -0.234 -0.657 0.717
vn -0.234 -0.657 0.717
vn 0.058 -0.757 -0.650
vn 0.058 -0.757 -0.650
vn 0.058 -0.757 -0.650
vn 0.058 -0.757 -0.650
vn -0.150 -0.775 -0.613
vn -0.150 -0.775 -0.613
vn -0.150 -0.775 -0.613
vn -0.150 -0.775 -0.613
vn -0.045 -0.771 -0.635
vn -0.045 -0.771 -0.635
vn -0.045 -0.771 -0.635
vn -0.045 -0.771 -0.635
vn -0.075 -0.357 -0.931
vn -0.075 -0.357 -0.931
vn -0.075 -0.357 -0.931
vn -0.075 -0.357 -0.931
vn -0.181 -0.355 -0.917
vn -0.181 -0.355 -0.917
vn -0.181 -0.355 -0.917
vn -0.181 -0.355 -0.917
vn -0.128 -0.357 -0.925
vn -0.128 -0.357 -0.925
vn -0.128 -0.357 -0.925
vn -0.128 -0.357 -0.925
vn 0.739 -0.545 -0.396
vn 0.739 -0.545 -0.396
vn 0.739 -0.545 -0.396
vn 0.739 -0.545 -0.396
vn 0.654 -0.546 -0.524
vn 0.654 -0.546 -0.524
vn 0.654 -0.546 -0.524
vn 0.654 -0.546 -0.524
vn 0.699 -0.547 -0.461
vn 0.699 -0.547 -0.461
vn 0.699 -0.547 -0.461
vn 0.699 -0.547 -0.461
vn 0.791 -0.405 -0.459
vn 0.791 -0.405 -0.459
vn 0.791 -0.405 -0.459
vn 0.791 -0.405 -0.459
vn 0.727 -0.407 -0.553
vn 0.727 -0.407 -0.553
vn 0.727 -0.407 -0.553
vn 0.727 -0.407 -0.553
vn 0.760 -0.407 -0.506
vn 0.760 -0.407 -0.506
vn 0.760 -0.407 -0.506
vn 0.760 -0.407 -0.506
vn 0.791 -0.405 -0.459
vn 0.791 -0.405 -0.459
vn 0.791 -0.405 -0.459
vn 0.791 -0.405 -0.459
vn 0.727 -0.407 -0.553
vn 0.727 -0.407 -0.553
vn 0.727 -0.407 -0.553
vn 0.727 -0.407 -0.553
vn 0.760 -0.407 -0.506
vn 0.760 -0.407 -0.506
vn 0.760 -0.407 -0.506
vn 0.760 -0.407 -0.506
vn 0.432 -0.823 0.369
vn 0.432 -0.823 0.369
vn 0.432 -0.823 0.369
vn 0.432 -0.823 0.369
vn 0.539 -0.822 0.183
vn 0.539 -0.822 0.183
vn 0.539 -0.822 0.183
vn 0.539 -0.822 0.183
vn 0.488 -0.828 0.277
vn 0.488 -0.828 0.277
vn 0.488 -0.828 0.277
vn 0.488 -0.828 0.277
vn 0.756 -0.433 0.491
vn 0.756 -0.433 0.491
vn 0.756 -0.433 0.491
vn 0.756 -0.433 0.491
vn 0.814 -0.432 0.388
vn 0.814 -0.432 0.388
vn 0.814 -0.432 0.388
vn 0.814 -0.432 0.388
vn 0.787 -0.434 0.440
vn 0.787 -0.434 0.440
vn 0.787 -0.434 0.440
vn 0.787 -0.434 0.440
vn 0.115 -0.869 0.482
vn 0.115 -0.869 0.482
vn 0.115 -0.869 0.482
vn 0.115 -0.869 0.482
vn 0.322 -0.855 0.407
vn 0.322 -0.855 0.407
vn 0.322 -0.855 0.407
vn 0.322 -0.855 0.407
vn 0.220 -0.867 0.447
vn 0.220 -0.867 0.447
vn 0.220 -0.867 0.447
vn 0.220 -0.867 0.447
vn 0.256 -0.476 0.841
vn 0.256 -0.476 0.841
vn 0.256 -0.476 0.841
vn 0.256 -0.476 0.841
vn 0.377 -0.474 0.795
vn 0.377 -0.474 0.795
vn 0.377 -0.474 0.795
vn 0.377 -0.474 0.795
vn 0.318 -0.476 0.820
vn 0.318 -0.476 0.820
vn 0.318 -0.476 0.820
vn 0.318 -0.476 0.820
vn -0.042 -0.992 -0.115
vn -0.042 -0.992 -0.115
vn -0.042 -0.992 -0.115
vn -0.042 -0.992 -0.115
vn 0.139 -0.989 0.047
vn 0.139 -0.989 0.047
vn 0.139 -0.989 0.047
vn 0.139 -0.989 0.047
vn 0.049 -0.998 -0.034
vn 0.049 -0.998 -0.034
vn 0.049 -0.998 -0.034
vn 0.049 -0.998 -0.034
vn -0.379 -0.885 0.271
vn -0.379 -0.885 0.271
vn -0.379 -0.885 0.271
vn -0.379 -0.885 0.271
vn -0.215 -0.877 0.430
vn -0.215 -0.877 0.430
vn -0.215 -0.877 0.430
vn -0.215 -0.877 0.430
vn -0.299 -0.887 0.353
vn -0.299 -0.887 0.353
vn -0.299 -0.887 0.353
vn -0.299 -0.887 0.353
vn -0.379 -0.885 0.271
vn -0.379 -0.885 0.271
vn -0.379 -0.885 0.271
vn -0.379 -0.885 0.271
vn -0.215 -0.877 0.430
vn -0.215 -0.877 0.430
vn -0.215 -0.877 0.430
vn -0.215 -0.877 0.430
vn -0.299 -0.887 0.353
vn -0.299 -0.887 0.353
vn -0.299 -0.887 0.353
vn -0.299 -0.887 0.353
vn -0.573 -0.657 0.489
vn -0.573 -0.657 0.489
vn -0.573 -0.657 0.489
vn -0.573 -0.657 0.489
vn -0.445 -0.656 0.609
vn -0.445 -0.656 0.609
vn -0.445 -0.656 0.609
vn -0.445 -0.656 0.609
vn -0.511 -0.660 0.551
vn -0.511 -0.660 0.551
vn -0.511 -0.660 0.551
vn -0.511 -0.660 0.551
vn -0.644 -0.487 0.590
vn -0.644 -0.487 0.590
vn -0.644 -0.487 0.590
vn -0.644 -0.487 0.590
vn -0.547 -0.484 0.683
vn -0.547 -0.484 0.683
vn -0.547 -0.484 0.683
vn -0.547 -0.484 0.683
vn -0.597 -0.487 0.638
vn -0.597 -0.487 0.638
vn -0.597 -0.487 0.638
vn -0.597 -0.487 0.638
vn 0.119 -0.984 -0.132
vn 0.119 -0.984 -0.132
vn 0.119 -0.984 -0.132
vn 0.119 -0.984 -0.132
vn -0.023 -0.998 0.065
vn -0.023 -0.998 0.065
vn -0.023 -0.998 0.065
vn -0.023 -0.998 0.065
vn 0.049 -0.998 -0.034
vn 0.049 -0.998 -0.034
vn 0.049 -0.998 -0.034
vn 0.049 -0.998 -0.034
vn 0.119 -0.984 -0.132
vn 0.119 -0.984 -0.132
vn 0.119 -0.984 -0.132
vn 0.119 -0.984 -0.132
vn -0.023 -0.998 0.065
vn -0.023 -0.998 0.065
vn -0.023 -0.998 0.065
vn -0.023 -0.998 0.065
vn 0.049 -0.998 -0.034
vn 0.049 -0.998 -0.034
vn 0.049 -0.998 -0.034
vn 0.049 -0.998 -0.034
vn -0.383 -0.798 -0.465
vn -0.383 -0.798 -0.465
vn -0.383 -0.798 -0.465
vn -0.383 -0.798 -0.465
vn -0.508 -0.809 -0.296
vn -0.508 -0.809 -0.296
vn -0.508 -0.809 -0.296
vn -0.508 -0.809 -0.296
vn -0.447 -0.808 -0.383
vn -0.447 -0.808 -0.383
vn -0.447 -0.808 -0.383
vn -0.447 -0.808 -0.383
vn 0.105 -0.945 -0.309
vn 0.105 -0.945 -0.309
vn 0.105 -0.945 -0.309
vn 0.105 -0.945 -0.309
vn -0.001 -0.983 0.184
vn -0.001 -0.983 0.184
vn -0.001 -0.983 0.184
vn -0.001 -0.983 0.184
vn 0.055 -0.996 -0.069
vn 0.055 -0.996 -0.069
vn 0.055 -0.996 -0.069
vn 0.055 -0.996 -0.069
vn -0.907 -0.261 -0.332
vn -0.907 -0.261 -0.332
vn -0.907 -0.261 -0.332
vn -0.907 -0.261 -0.332
vn -0.953 -0.261 -0.153
vn -0.953 -0.261 -0.153
vn -0.953 -0.261 -0.153
vn -0.953 -0.261 -0.153
vn -0.934 -0.262 -0.243
vn -0.934 -0.262 -0.243
vn -0.934 -0.262 -0.243
vn -0.934 -0.262 -0.243
vn -0.907 -0.261 -0.332
vn -0.907 -0.261 -0.332
vn -0.907 -0.261 -0.332
vn -0.907 -0.261 -0.332
vn -0.953 -0.261 -0.153
vn -0.953 -0.261 -0.153
vn -0.953 -0.261 -0.153
vn -0.953 -0.261 -0.153
vn -0.934 -0.262 -0.243
vn -0.934 -0.262 -0.243
vn -0.934 -0.262 -0.243
vn -0.934 -0.262 -0.243
vn 0.277 -0.945 -0.173
vn 0.277 -0.945 -0.173
vn 0.277 -0.945 -0.173
vn 0.277 -0.945 -0.173
vn -0.178 -0.983 0.043
vn -0.178 -0.983 0.043
vn -0.178 -0.983 0.043
vn -0.178 -0.983 0.043
vn 0.055 -0.996 -0.069
vn 0.055 -0.996 -0.069
vn 0.055 -0.996 -0.069
vn 0.055 -0.996 -0.069
vn -0.150 -0.587 -0.795
vn -0.150 -0.587 -0.795
vn -0.150 -0.587 -0.795
vn -0.150 -0.587 -0.795
vn -0.443 -0.594 -0.672
vn -0.443 -0.594 -0.672
vn -0.443 -0.594 -0.672
vn -0.443 -0.594 -0.672
vn -0.300 -0.599 -0.742
vn -0.300 -0.599 -0.742
vn -0.300 -0.599 -0.742
vn -0.300 -0.599 -0.742
vn -0.346 -0.180 -0.921
vn -0.346 -0.180 -0.921
vn -0.346 -0.180 -0.921
vn -0.346 -0.180 -0.921
vn -0.467 -0.184 -0.865
vn -0.467 -0.184 -0.865
vn -0.467 -0.184 -0.865
vn -0.467 -0.184 -0.865
vn -0.407 -0.183 -0.895
vn -0.407 -0.183 -0.895
vn -0.407 -0.183 -0.895
vn -0.407 -0.183 -0.895
vn -0.346 -0.180 -0.921
vn -0.346 -0.180 -0.921
vn -0.346 -0.180 -0.921
vn -0.346 -0.180 -0.921
vn -0.467 -0.184 -0.865
vn -0.467 -0.184 -0.865
vn -0.467 -0.184 -0.865
vn -0.467 -0.184 -0.865
vn -0.407 -0.183 -0.895
vn -0.407 -0.183 -0.895
vn -0.407 -0.183 -0.895
vn -0.407 -0.183 -0.895
vn 0.287 -0.958 0.026
vn 0.287 -0.958 0.026
vn 0.287 -0.958 0.026
vn 0.287 -0.958 0.026
vn -0.183 -0.970 -0.161
vn -0.183 -0.970 -0.161
vn -0.183 -0.970 -0.161
vn -0.183 -0.970 -0.161
vn 0.055 -0.996 -0.069
vn 0.055 -0.996 -0.069
vn 0.055 -0.996 -0.069
vn 0.055 -0.996 -0.069
vn 0.440 -0.266 -0.858
vn 0.440 -0.266 -0.858
vn 0.440 -0.266 -0.858
vn 0.440 -0.266 -0.858
vn 0.276 -0.272 -0.922
vn 0.276 -0.272 -0.922
vn 0.276 -0.272 -0.922
vn 0.276 -0.272 -0.922
vn 0.360 -0.270 -0.893
vn 0.360 -0.270 -0.893
vn 0.360 -0.270 -0.893
vn 0.360 -0.270 -0.893
vn 0.399 -0.173 -0.900
vn 0.399 -0.173 -0.900
vn 0.399 -0.173 -0.900
vn 0.399 -0.173 -0.900
vn 0.285 -0.170 -0.943
vn 0.285 -0.170 -0.943
vn 0.285 -0.170 -0.943
vn 0.285 -0.170 -0.943
vn 0.343 -0.172 -0.924
vn 0.343 -0.172 -0.924
vn 0.343 -0.172 -0.924
vn 0.343 -0.172 -0.924
vn 0.399 -0.173 -0.900
vn 0.399 -0.173 -0.900
vn 0.399 -0.173 -0.900
vn 0.399 -0.173 -0.900
vn 0.285 -0.170 -0.943
vn 0.285 -0.170 -0.943
vn 0.285 -0.170 -0.943
vn 0.285 -0.170 -0.943
vn 0.343 -0.172 -0.924
vn 0.343 -0.172 -0.924
vn 0.343 -0.172 -0.924
vn 0.343 -0.172 -0.924
vn 0.031 -0.982 0.188
vn 0.031 -0.982 0.188
vn 0.031 -0.982 0.188
vn 0.031 -0.982 0.188
vn 0.074 -0.947 -0.314
vn 0.074 -0.947 -0.314
vn 0.074 -0.947 -0.314
vn 0.074 -0.947 -0.314
vn 0.055 -0.996 -0.069
vn 0.055 -0.996 -0.069
vn 0.055 -0.996 -0.069
vn 0.055 -0.996 -0.069
vn 0.964 -0.216 0.153
vn 0.964 -0.216 0.153
vn 0.964 -0.216 0.153
vn 0.964 -0.216 0.153
vn 0.975 -0.222 -0.026
vn 0.975 -0.222 -0.026
vn 0.975 -0.222 -0.026
vn 0.975 -0.222 -0.026
vn 0.973 -0.220 0.065
vn 0.973 -0.220 0.065
vn 0.973 -0.220 0.065
vn 0.973 -0.220 0.065
vn 0.983 -0.155 0.096
vn 0.983 -0.155 0.096
vn 0.983 -0.155 0.096
vn 0.983 -0.155 0.096
vn 0.987 -0.159 -0.026
vn 0.987 -0.159 -0.026
vn 0.987 -0.159 -0.026
vn 0.987 -0.159 -0.026
vn 0.987 -0.158 0.036
vn 0.987 -0.158 0.036
vn 0.987 -0.158 0.036
vn 0.987 -0.158 0.036
vn -0.161 -0.984 0.075
vn -0.161 -0.984 0.075
vn -0.161 -0.984 0.075
vn -0.161 -0.984 0.075
vn 0.259 -0.944 -0.203
vn 0.259 -0.944 -0.203
vn 0.259 -0.944 -0.203
vn 0.259 -0.944 -0.203
vn 0.055 -0.996 -0.069
vn 0.055 -0.996 -0.069
vn 0.055 -0.996 -0.069
vn 0.055 -0.996 -0.069
vn 0.493 -0.222 0.841
vn 0.493 -0.222 0.841
vn 0.493 -0.222 0.841
vn 0.493 -0.222 0.841
vn 0.624 -0.220 0.750
vn 0.624 -0.220 0.750
vn 0.624 -0.220 0.750
vn 0.624 -0.220 0.750
vn 0.560 -0.222 0.798
vn 0.560 -0.222 0.798
vn 0.560 -0.222 0.798
vn 0.560 -0.222 0.798
vn -0.145 -0.964 -0.224
vn -0.145 -0.964 -0.224
vn -0.145 -0.964 -0.224
vn -0.145 -0.964 -0.224
vn 0.251 -0.964 0.091
vn 0.251 -0.964 0.091
vn 0.251 -0.964 0.091
vn 0.251 -0.964 0.091
vn 0.055 -0.996 -0.069
vn 0.055 -0.996 -0.069
vn 0.055 -0.996 -0.069
vn 0.055 -0.996 -0.069
vn -0.674 -0.257 0.692
vn -0.674 -0.257 0.692
vn -0.674 -0.257 0.692
vn -0.674 -0.257 0.692
vn -0.534 -0.253 0.807
vn -0.534 -0.253 0.807
vn -0.534 -0.253 0.807
vn -0.534 -0.253 0.807
vn -0.606 -0.257 0.753
vn -0.606 -0.257 0.753
vn -0.606 -0.257 0.753
vn -0.606 -0.257 0.753
vn -0.056 0.206 0.977
vn -0.056 0.206 0.977
vn -0.056 0.206 0.977
vn -0.056 0.206 0.977
vn 0.097 0.205 0.974
vn 0.097 0.205 0.974
vn 0.097 0.205 0.974
vn 0.097 0.205 0.974
vn 0.021 0.206 0.978
vn 0.021 0.206 0.978
vn 0.021 0.206 0.978
vn 0.021 0.206 0.978
vn -0.110 0.726 -0.679
vn -0.110 0.726 -0.679
vn -0.110 0.726 -0.679
vn -0.110 0.726 -0.679
vn 0.276 0.861 0.428
vn 0.276 0.861 0.428
vn 0.276 0.861 0.428
vn 0.276 0.861 0.428
vn 0.081 0.969 -0.236
vn 0.081 0.969 -0.236
vn 0.081 0.969 -0.236
vn 0.081 0.969 -0.236
vn -0.921 0.390 0.010
vn -0.921 0.390 0.010
vn -0.921 0.390 0.010
vn -0.921 0.390 0.010
vn -0.806 0.398 0.438
vn -0.806 0.398 0.438
vn -0.806 0.398 0.438
vn -0.806 0.398 0.438
vn -0.888 0.401 0.227
vn -0.888 0.401 0.227
vn -0.888 0.401 0.227
vn -0.888 0.401 0.227
vn 0.418 0.719 -0.555
vn 0.418 0.719 -0.555
vn 0.418 0.719 -0.555
vn 0.418 0.719 -0.555
vn -0.389 0.875 0.289
vn -0.389 0.875 0.289
vn -0.389 0.875 0.289
vn -0.389 0.875 0.289
vn 0.081 0.969 -0.236
vn 0.081 0.969 -0.236
vn 0.081 0.969 -0.236
vn 0.081 0.969 -0.236
vn -0.591 0.272 -0.760
vn -0.591 0.272 -0.760
vn -0.591 0.272 -0.760
vn -0.591 0.272 -0.760
vn -0.748 0.272 -0.605
vn -0.748 0.272 -0.605
vn -0.748 0.272 -0.605
vn -0.748 0.272 -0.605
vn -0.674 0.273 -0.687
vn -0.674 0.273 -0.687
vn -0.674 0.273 -0.687
vn -0.674 0.273 -0.687
vn -0.628 0.201 -0.752
vn -0.628 0.201 -0.752
vn -0.628 0.201 -0.752
vn -0.628 0.201 -0.752
vn -0.736 0.201 -0.647
vn -0.736 0.201 -0.647
vn -0.736 0.201 -0.647
vn -0.736 0.201 -0.647
vn -0.683 0.201 -0.702
vn -0.683 0.201 -0.702
vn -0.683 0.201 -0.702
vn -0.683 0.201 -0.702
vn -0.628 0.201 -0.752
vn -0.628 0.201 -0.752
vn -0.628 0.201 -0.752
vn -0.628 0.201 -0.752
vn -0.736 0.201 -0.647
vn -0.736 0.201 -0.647
vn -0.736 0.201 -0.647
vn -0.736 0.201 -0.647
vn -0.683 0.201 -0.702
vn -0.683 0.201 -0.702
vn -0.683 0.201 -0.702
vn -0.683 0.201 -0.702
vn 0.632 0.772 -0.066
vn 0.632 0.772 -0.066
vn 0.632 0.772 -0.066
vn 0.632 0.772 -0.066
vn -0.528 0.794 -0.303
vn -0.528 0.794 -0.303
vn -0.528 0.794 -0.303
vn -0.528 0.794 -0.303
vn 0.081 0.969 -0.236
vn 0.081 0.969 -0.236
vn 0.081 0.969 -0.236
vn 0.081 0.969 -0.236
vn 0.257 0.271 -0.928
vn 0.257 0.271 -0.928
vn 0.257 0.271 -0.928
vn 0.257 0.271 -0.928
vn 0.025 0.271 -0.962
vn 0.025 0.271 -0.962
vn 0.025 0.271 -0.962
vn 0.025 0.271 -0.962
vn 0.142 0.272 -0.952
vn 0.142 0.272 -0.952
vn 0.142 0.272 -0.952
vn 0.142 0.272 -0.952
vn 0.257 0.271 -0.928
vn 0.257 0.271 -0.928
vn 0.257 0.271 -0.928
vn 0.257 0.271 -0.928
vn 0.025 0.271 -0.962
vn 0.025 0.271 -0.962
vn 0.025 0.271 -0.962
vn 0.025 0.271 -0.962
vn 0.142 0.272 -0.952
vn 0.142 0.272 -0.952
vn 0.142 0.272 -0.952
vn 0.142 0.272 -0.952
vn 0.872 0.432 -0.229
vn 0.872 0.432 -0.229
vn 0.872 0.432 -0.229
vn 0.872 0.432 -0.229
vn 0.720 0.420 -0.553
vn 0.720 0.420 -0.553
vn 0.720 0.420 -0.553
vn 0.720 0.420 -0.553
vn 0.808 0.431 -0.401
vn 0.808 0.431 -0.401
vn 0.808 0.431 -0.401
vn 0.808 0.431 -0.401
vn 0.929 0.172 -0.328
vn 0.929 0.172 -0.328
vn 0.929 0.172 -0.328
vn 0.929 0.172 -0.328
vn 0.874 0.172 -0.454
vn 0.874 0.172 -0.454
vn 0.874 0.172 -0.454
vn 0.874 0.172 -0.454
vn 0.904 0.172 -0.392
vn 0.904 0.172 -0.392
vn 0.904 0.172 -0.392
vn 0.904 0.172 -0.392
vn -0.278 0.883 0.379
vn -0.278 0.883 0.379
vn -0.278 0.883 0.379
vn -0.278 0.883 0.379
vn 0.326 0.715 -0.618
vn 0.326 0.715 -0.618
vn 0.326 0.715 -0.618
vn 0.326 0.715 -0.618
vn 0.081 0.969 -0.236
vn 0.081 0.969 -0.236
vn 0.081 0.969 -0.236
vn 0.081 0.969 -0.236
vn 0.825 0.166 0.540
vn 0.825 0.166 0.540
vn 0.825 0.166 0.540
vn 0.825 0.166 0.540
vn 0.890 0.165 0.426
vn 0.890 0.165 0.426
vn 0.890 0.165 0.426
vn 0.890 0.165 0.426
vn 0.859 0.166 0.484
vn 0.859 0.166 0.484
vn 0.859 0.166 0.484
vn 0.859 0.166 0.484
vn -0.559 0.692 0.457
vn -0.559 0.692 0.457
vn -0.559 0.692 0.457
vn -0.559 0.692 0.457
vn -0.433 0.692 0.578
vn -0.433 0.692 0.578
vn -0.433 0.692 0.578
vn -0.433 0.692 0.578
vn -0.498 0.694 0.519
vn -0.498 0.694 0.519
vn -0.498 0.694 0.519
vn -0.498 0.694 0.519
vn -0.635 0.529 0.562
vn -0.635 0.529 0.562
vn -0.635 0.529 0.562
vn -0.635 0.529 0.562
vn -0.538 0.527 0.657
vn -0.538 0.527 0.657
vn -0.538 0.527 0.657
vn -0.538 0.527 0.657
vn -0.588 0.529 0.611
vn -0.588 0.529 0.611
vn -0.588 0.529 0.611
vn -0.588 0.529 0.611
vn 0.043 0.983 -0.178
vn 0.043 0.983 -0.178
vn 0.043 0.983 -0.178
vn 0.043 0.983 -0.178
vn 0.006 0.997 0.083
vn 0.006 0.997 0.083
vn 0.006 0.997 0.083
vn 0.006 0.997 0.083
vn 0.025 0.998 -0.049
vn 0.025 0.998 -0.049
vn 0.025 0.998 -0.049
vn 0.025 0.998 -0.049
vn -0.473 0.854 -0.218
vn -0.473 0.854 -0.218
vn -0.473 0.854 -0.218
vn -0.473 0.854 -0.218
vn -0.513 0.858 -0.007
vn -0.513 0.858 -0.007
vn -0.513 0.858 -0.007
vn -0.513 0.858 -0.007
vn -0.497 0.861 -0.113
vn -0.497 0.861 -0.113
vn -0.497 0.861 -0.113
vn -0.497 0.861 -0.113
vn -0.473 0.854 -0.218
vn -0.473 0.854 -0.218
vn -0.473 0.854 -0.218
vn -0.473 0.854 -0.218
vn -0.513 0.858 -0.007
vn -0.513 0.858 -0.007
vn -0.513 0.858 -0.007
vn -0.513 0.858 -0.007
vn -0.497 0.861 -0.113
vn -0.497 0.861 -0.113
vn -0.497 0.861 -0.113
vn -0.497 0.861 -0.113
vn -0.728 0.647 -0.227
vn -0.728 0.647 -0.227
vn -0.728 0.647 -0.227
vn -0.728 0.647 -0.227
vn -0.757 0.649 -0.070
vn -0.757 0.649 -0.070
vn -0.757 0.649 -0.070
vn -0.757 0.649 -0.070
vn -0.745 0.650 -0.149
vn -0.745 0.650 -0.149
vn -0.745 0.650 -0.149
vn -0.745 0.650 -0.149
vn 0.148 0.985 -0.093
vn 0.148 0.985 -0.093
vn 0.148 0.985 -0.093
vn 0.148 0.985 -0.093
vn -0.100 0.995 -0.004
vn -0.100 0.995 -0.004
vn -0.100 0.995 -0.004
vn -0.100 0.995 -0.004
vn 0.025 0.998 -0.049
vn 0.025 0.998 -0.049
vn 0.025 0.998 -0.049
vn 0.025 0.998 -0.049
vn -0.033 0.871 -0.490
vn -0.033 0.871 -0.490
vn -0.033 0.871 -0.490
vn -0.033 0.871 -0.490
vn -0.232 0.870 -0.435
vn -0.232 0.870 -0.435
vn -0.232 0.870 -0.435
vn -0.232 0.870 -0.435
vn -0.133 0.875 -0.465
vn -0.133 0.875 -0.465
vn -0.133 0.875 -0.465
vn -0.133 0.875 -0.465
vn -0.171 0.533 -0.829
vn -0.171 0.533 -0.829
vn -0.171 0.533 -0.829
vn -0.171 0.533 -0.829
vn -0.293 0.532 -0.794
vn -0.293 0.532 -0.794
vn -0.293 0.532 -0.794
vn -0.293 0.532 -0.794
vn -0.233 0.534 -0.813
vn -0.233 0.534 -0.813
vn -0.233 0.534 -0.813
vn -0.233 0.534 -0.813
vn 0.111 0.992 0.052
vn 0.111 0.992 0.052
vn 0.111 0.992 0.052
vn 0.111 0.992 0.052
vn -0.061 0.987 -0.149
vn -0.061 0.987 -0.149
vn -0.061 0.987 -0.149
vn -0.061 0.987 -0.149
vn 0.025 0.998 -0.049
vn 0.025 0.998 -0.049
vn 0.025 0.998 -0.049
vn 0.025 0.998 -0.049
vn 0.654 0.528 -0.542
vn 0.654 0.528 -0.542
vn 0.654 0.528 -0.542
vn 0.654 0.528 -0.542
vn 0.573 0.529 -0.626
vn 0.573 0.529 -0.626
vn 0.573 0.529 -0.626
vn 0.573 0.529 -0.626
vn 0.614 0.529 -0.585
vn 0.614 0.529 -0.585
vn 0.614 0.529 -0.585
vn 0.614 0.529 -0.585
vn 0.419 0.871 0.256
vn 0.419 0.871 0.256
vn 0.419 0.871 0.256
vn 0.419 0.871 0.256
vn 0.496 0.866 0.068
vn 0.496 0.866 0.068
vn 0.496 0.866 0.068
vn 0.496 0.866 0.068
vn 0.460 0.873 0.163
vn 0.460 0.873 0.163
vn 0.460 0.873 0.163
vn 0.460 0.873 0.163
vn 0.763 0.527 0.375
vn 0.763 0.527 0.375
vn 0.763 0.527 0.375
vn 0.763 0.527 0.375
vn 0.807 0.528 0.265
vn 0.807 0.528 0.265
vn 0.807 0.528 0.265
vn 0.807 0.528 0.265
vn 0.787 0.528 0.321
vn 0.787 0.528 0.321
vn 0.787 0.528 0.321
vn 0.787 0.528 0.321
vn -0.094 0.995 0.010
vn -0.094 0.995 0.010
vn -0.094 0.995 0.010
vn -0.094 0.995 0.010
vn 0.142 0.984 -0.107
vn 0.142 0.984 -0.107
vn 0.142 0.984 -0.107
vn 0.142 0.984 -0.107
vn 0.025 0.998 -0.049
vn 0.025 0.998 -0.049
vn 0.025 0.998 -0.049
vn 0.025 0.998 -0.049
vn 0.146 0.872 0.467
vn 0.146 0.872 0.467
vn 0.146 0.872 0.467
vn 0.146 0.872 0.467
vn 0.349 0.864 0.362
vn 0.349 0.864 0.362
vn 0.349 0.864 0.362
vn 0.349 0.864 0.362
vn 0.250 0.874 0.417
vn 0.250 0.874 0.417
vn 0.250 0.874 0.417
vn 0.250 0.874 0.417
vn 0.277 0.668 0.690
vn 0.277 0.668 0.690
vn 0.277 0.668 0.690
vn 0.277 0.668 0.690
vn 0.428 0.667 0.610
vn 0.428 0.667 0.610
vn 0.428 0.667 0.610
vn 0.428 0.667 0.610
vn 0.354 0.670 0.653
vn 0.354 0.670 0.653
vn 0.354 0.670 0.653
vn 0.354 0.670 0.653
vn 0.348 0.510 0.787
vn 0.348 0.510 0.787
vn 0.348 0.510 0.787
vn 0.348 0.510 0.787
vn 0.463 0.512 0.724
vn 0.463 0.512 0.724
vn 0.463 0.512 0.724
vn 0.463 0.512 0.724
vn 0.406 0.512 0.757
vn 0.406 0.512 0.757
vn 0.406 0.512 0.757
vn 0.406 0.512 0.757
vn 0.073 0.997 0.014
vn 0.073 0.997 0.014
vn 0.073 0.997 0.014
vn 0.073 0.997 0.014
vn -0.046 0.997 -0.067
vn -0.046 0.997 -0.067
vn -0.046 0.997 -0.067
vn -0.046 0.997 -0.067
vn 0.013 1.000 -0.026
vn 0.013 1.000 -0.026
vn 0.013 1.000 -0.026
vn 0.013 1.000 -0.026
vn 0.206 0.961 -0.186
vn 0.206 0.961 -0.186
vn 0.206 0.961 -0.186
vn 0.206 0.961 -0.186
vn 0.098 0.959 -0.268
vn 0.098 0.959 -0.268
vn 0.098 0.959 -0.268
vn 0.098 0.959 -0.268
vn 0.152 0.962 -0.227
vn 0.152 0.962 -0.227
vn 0.152 0.962 -0.227
vn 0.152 0.962 -0.227
vn 0.322 0.882 -0.345
vn 0.322 0.882 -0.345
vn 0.322 0.882 -0.345
vn 0.322 0.882 -0.345
vn 0.222 0.882 -0.415
vn 0.222 0.882 -0.415
vn 0.222 0.882 -0.415
vn 0.222 0.882 -0.415
vn 0.273 0.883 -0.381
vn 0.273 0.883 -0.381
vn 0.273 0.883 -0.381
vn 0.273 0.883 -0.381
vn 0.322 0.882 -0.345
vn 0.322 0.882 -0.345
vn 0.322 0.882 -0.345
vn 0.322 0.882 -0.345
vn 0.222 0.882 -0.415
vn 0.222 0.882 -0.415
vn 0.222 0.882 -0.415
vn 0.222 0.882 -0.415
vn 0.273 0.883 -0.381
vn 0.273 0.883 -0.381
vn 0.273 0.883 -0.381
vn 0.273 0.883 -0.381
vn 0.015 0.999 0.045
vn 0.015 0.999 0.045
vn 0.015 0.999 0.045
vn 0.015 0.999 0.045
vn 0.012 0.995 -0.098
vn 0.012 0.995 -0.098
vn 0.012 0.995 -0.098
vn 0.012 0.995 -0.098
vn 0.013 1.000 -0.026
vn 0.013 1.000 -0.026
vn 0.013 1.000 -0.026
vn 0.013 1.000 -0.026
vn 0.501 0.865 0.019
vn 0.501 0.865 0.019
vn 0.501 0.865 0.019
vn 0.501 0.865 0.019
vn 0.504 0.858 -0.097
vn 0.504 0.858 -0.097
vn 0.504 0.858 -0.097
vn 0.504 0.858 -0.097
vn 0.503 0.863 -0.039
vn 0.503 0.863 -0.039
vn 0.503 0.863 -0.039
vn 0.503 0.863 -0.039
vn 0.661 0.749 0.032
vn 0.661 0.749 0.032
vn 0.661 0.749 0.032
vn 0.661 0.749 0.032
vn 0.659 0.749 -0.072
vn 0.659 0.749 -0.072
vn 0.659 0.749 -0.072
vn 0.659 0.749 -0.072
vn 0.661 0.750 -0.020
vn 0.661 0.750 -0.020
vn 0.661 0.750 -0.020
vn 0.661 0.750 -0.020
vn 0.661 0.749 0.032
vn 0.661 0.749 0.032
vn 0.661 0.749 0.032
vn 0.661 0.749 0.032
vn 0.659 0.749 -0.072
vn 0.659 0.749 -0.072
vn 0.659 0.749 -0.072
vn 0.659 0.749 -0.072
vn 0.661 0.750 -0.020
vn 0.661 0.750 -0.020
vn 0.661 0.750 -0.020
vn 0.661 0.750 -0.020
vn -0.051 0.999 0.006
vn -0.051 0.999 0.006
vn -0.051 0.999 0.006
vn -0.051 0.999 0.006
vn 0.077 0.995 -0.058
vn 0.077 0.995 -0.058
vn 0.077 0.995 -0.058
vn 0.077 0.995 -0.058
vn 0.013 1.000 -0.026
vn 0.013 1.000 -0.026
vn 0.013 1.000 -0.026
vn 0.013 1.000 -0.026
vn 0.187 0.847 0.498
vn 0.187 0.847 0.498
vn 0.187 0.847 0.498
vn 0.187 0.847 0.498
vn 0.293 0.845 0.447
vn 0.293 0.845 0.447
vn 0.293 0.845 0.447
vn 0.293 0.845 0.447
vn 0.240 0.847 0.474
vn 0.240 0.847 0.474
vn 0.240 0.847 0.474
vn 0.240 0.847 0.474
vn 0.262 0.719 0.644
vn 0.262 0.719 0.644
vn 0.262 0.719 0.644
vn 0.262 0.719 0.644
vn 0.354 0.715 0.602
vn 0.354 0.715 0.602
vn 0.354 0.715 0.602
vn 0.354 0.715 0.602
vn 0.309 0.718 0.624
vn 0.309 0.718 0.624
vn 0.309 0.718 0.624
vn 0.309 0.718 0.624
vn 0.262 0.719 0.644
vn 0.262 0.719 0.644
vn 0.262 0.719 0.644
vn 0.262 0.719 0.644
vn 0.354 0.715 0.602
vn 0.354 0.715 0.602
vn 0.354 0.715 0.602
vn 0.354 0.715 0.602
vn 0.309 0.718 0.624
vn 0.309 0.718 0.624
vn 0.309 0.718 0.624
vn 0.309 0.718 0.624
vn -0.183 0.972 0.146
vn -0.183 0.972 0.146
vn -0.183 0.972 0.146
vn -0.183 0.972 0.146
vn -0.068 0.974 0.217
vn -0.068 0.974 0.217
vn -0.068 0.974 0.217
vn -0.068 0.974 0.217
vn -0.126 0.975 0.182
vn -0.126 0.975 0.182
vn -0.126 0.975 0.182
vn -0.126 0.975 0.182
vn -0.291 0.897 0.333
vn -0.291 0.897 0.333
vn -0.291 0.897 0.333
vn -0.291 0.897 0.333
vn -0.185 0.897 0.401
vn -0.185 0.897 0.401
vn -0.185 0.897 0.401
vn -0.185 0.897 0.401
vn -0.239 0.899 0.368
vn -0.239 0.899 0.368
vn -0.239 0.899 0.368
vn -0.239 0.899 0.368
vn -0.262 0.960 -0.093
vn -0.262 0.960 -0.093
vn -0.262 0.960 -0.093
vn -0.262 0.960 -0.093
vn -0.260 0.965 0.044
vn -0.260 0.965 0.044
vn -0.260 0.965 0.044
vn -0.260 0.965 0.044
vn -0.262 0.965 -0.024
vn -0.262 0.965 -0.024
vn -0.262 0.965 -0.024
vn -0.262 0.965 -0.024
vn -0.482 0.873 -0.076
vn -0.482 0.873 -0.076
vn -0.482 0.873 -0.076
vn -0.482 0.873 -0.076
vn -0.482 0.875 0.047
vn -0.482 0.875 0.047
vn -0.482 0.875 0.047
vn -0.482 0.875 0.047
vn -0.483 0.876 -0.015
vn -0.483 0.876 -0.015
vn -0.483 0.876 -0.015
vn -0.483 0.876 -0.015
vn -0.482 0.873 -0.076
vn -0.482 0.873 -0.076
vn -0.482 0.873 -0.076
vn -0.482 0.873 -0.076
vn -0.482 0.875 0.047
vn -0.482 0.875 0.047
vn -0.482 0.875 0.047
vn -0.482 0.875 0.047
vn -0.483 0.876 -0.015
vn -0.483 0.876 -0.015
vn -0.483 0.876 -0.015
vn -0.483 0.876 -0.015
vn -0.649 0.758 -0.066
vn -0.649 0.758 -0.066
vn -0.649 0.758 -0.066
vn -0.649 0.758 -0.066
vn -0.646 0.762 0.044
vn -0.646 0.762 0.044
vn -0.646 0.762 0.044
vn -0.646 0.762 0.044
vn -0.649 0.761 -0.011
vn -0.649 0.761 -0.011
vn -0.649 0.761 -0.011
vn -0.649 0.761 -0.011
vn 0.076 0.995 -0.061
vn 0.076 0.995 -0.061
vn 0.076 0.995 -0.061
vn 0.076 0.995 -0.061
vn -0.049 0.999 0.008
vn -0.049 0.999 0.008
vn -0.049 0.999 0.008
vn -0.049 0.999 0.008
vn 0.013 1.000 -0.026
vn 0.013 1.000 -0.026
vn 0.013 1.000 -0.026
vn 0.013 1.000 -0.026
vn -0.176 0.862 -0.476
vn -0.176 0.862 -0.476
vn -0.176 0.862 -0.476
vn -0.176 0.862 -0.476
vn -0.283 0.864 -0.416
vn -0.283 0.864 -0.416
vn -0.283 0.864 -0.416
vn -0.283 0.864 -0.416
vn -0.230 0.865 -0.447
vn -0.230 0.865 -0.447
vn -0.230 0.865 -0.447
vn -0.230 0.865 -0.447
vn -0.262 0.752 -0.605
vn -0.262 0.752 -0.605
vn -0.262 0.752 -0.605
vn -0.262 0.752 -0.605
vn -0.358 0.751 -0.555
vn -0.358 0.751 -0.555
vn -0.358 0.751 -0.555
vn -0.358 0.751 -0.555
vn -0.310 0.752 -0.581
vn -0.310 0.752 -0.581
vn -0.310 0.752 -0.581
vn -0.310 0.752 -0.581
vn -0.095 0.976 -0.195
vn -0.095 0.976 -0.195
vn -0.095 0.976 -0.195
vn -0.095 0.976 -0.195
vn -0.167 0.977 -0.133
vn -0.167 0.977 -0.133
vn -0.167 0.977 -0.133
vn -0.167 0.977 -0.133
vn -0.131 0.978 -0.164
vn -0.131 0.978 -0.164
vn -0.131 0.978 -0.164
vn -0.131 0.978 -0.164
vn -0.215 0.919 -0.331
vn -0.215 0.919 -0.331
vn -0.215 0.919 -0.331
vn -0.215 0.919 -0.331
vn -0.283 0.919 -0.273
vn -0.283 0.919 -0.273
vn -0.283 0.919 -0.273
vn -0.283 0.919 -0.273
vn -0.250 0.920 -0.302
vn -0.250 0.920 -0.302
vn -0.250 0.920 -0.302
vn -0.250 0.920 -0.302
vn 0.047 0.999 0.014
vn 0.047 0.999 0.014
vn 0.047 0.999 0.014
vn 0.047 0.999 0.014
vn -0.040 0.999 -0.029
vn -0.040 0.999 -0.029
vn -0.040 0.999 -0.029
vn -0.040 0.999 -0.029
vn 0.004 1.000 -0.008
vn 0.004 1.000 -0.008
vn 0.004 1.000 -0.008
vn 0.004 1.000 -0.008
vn 0.163 0.947 -0.276
vn 0.163 0.947 -0.276
vn 0.163 0.947 -0.276
vn 0.163 0.947 -0.276
vn 0.077 0.949 -0.307
vn 0.077 0.949 -0.307
vn 0.077 0.949 -0.307
vn 0.077 0.949 -0.307
vn 0.120 0.949 -0.292
vn 0.120 0.949 -0.292
vn 0.120 0.949 -0.292
vn 0.120 0.949 -0.292
vn -0.023 0.999 0.032
vn -0.023 0.999 0.032
vn -0.023 0.999 0.032
vn -0.023 0.999 0.032
vn 0.030 0.998 -0.048
vn 0.030 0.998 -0.048
vn 0.030 0.998 -0.048
vn 0.030 0.998 -0.048
vn 0.004 1.000 -0.008
vn 0.004 1.000 -0.008
vn 0.004 1.000 -0.008
vn 0.004 1.000 -0.008
vn 0.342 0.904 0.256
vn 0.342 0.904 0.256
vn 0.342 0.904 0.256
vn 0.342 0.904 0.256
vn 0.388 0.904 0.181
vn 0.388 0.904 0.181
vn 0.388 0.904 0.181
vn 0.388 0.904 0.181
vn 0.365 0.905 0.218
vn 0.365 0.905 0.218
vn 0.365 0.905 0.218
vn 0.365 0.905 0.218
vn 0.006 0.980 0.199
vn 0.006 0.980 0.199
vn 0.006 0.980 0.199
vn 0.006 0.980 0.199
vn 0.097 0.979 0.177
vn 0.097 0.979 0.177
vn 0.097 0.979 0.177
vn 0.097 0.979 0.177
vn 0.051 0.981 0.188
vn 0.051 0.981 0.188
vn 0.051 0.981 0.188
vn 0.051 0.981 0.188
vn 0.049 0.926 0.373
vn 0.049 0.926 0.373
vn 0.049 0.926 0.373
vn 0.049 0.926 0.373
vn 0.136 0.925 0.355
vn 0.136 0.925 0.355
vn 0.136 0.925 0.355
vn 0.136 0.925 0.355
vn 0.093 0.927 0.364
vn 0.093 0.927 0.364
vn 0.093 0.927 0.364
vn 0.093 0.927 0.364
vn 0.080 0.854 0.514
vn 0.080 0.854 0.514
vn 0.080 0.854 0.514
vn 0.080 0.854 0.514
vn 0.159 0.853 0.497
vn 0.159 0.853 0.497
vn 0.159 0.853 0.497
vn 0.159 0.853 0.497
vn 0.120 0.854 0.506
vn 0.120 0.854 0.506
vn 0.120 0.854 0.506
vn 0.120 0.854 0.506
vn -0.018 0.999 -0.051
vn -0.018 0.999 -0.051
vn -0.018 0.999 -0.051
vn -0.018 0.999 -0.051
vn 0.026 0.999 0.035
vn 0.026 0.999 0.035
vn 0.026 0.999 0.035
vn 0.026 0.999 0.035
vn 0.004 1.000 -0.008
vn 0.004 1.000 -0.008
vn 0.004 1.000 -0.008
vn 0.004 1.000 -0.008
vn -0.162 0.986 0.024
vn -0.162 0.986 0.024
vn -0.162 0.986 0.024
vn -0.162 0.986 0.024
vn -0.115 0.988 0.106
vn -0.115 0.988 0.106
vn -0.115 0.988 0.106
vn -0.115 0.988 0.106
vn -0.139 0.988 0.065
vn -0.139 0.988 0.065
vn -0.139 0.988 0.065
vn -0.139 0.988 0.065
vn 0.092 0.995 0.041
vn 0.092 0.995 0.041
vn 0.092 0.995 0.041
vn 0.092 0.995 0.041
vn 0.108 0.994 -0.030
vn 0.108 0.994 -0.030
vn 0.108 0.994 -0.030
vn 0.108 0.994 -0.030
vn 0.100 0.995 0.006
vn 0.100 0.995 0.006
vn 0.100 0.995 0.006
vn 0.100 0.995 0.006
vn 0.199 0.978 0.065
vn 0.199 0.978 0.065
vn 0.199 0.978 0.065
vn 0.199 0.978 0.065
vn 0.208 0.978 -0.007
vn 0.208 0.978 -0.007
vn 0.208 0.978 -0.007
vn 0.208 0.978 -0.007
vn 0.204 0.979 0.029
vn 0.204 0.979 0.029
vn 0.204 0.979 0.029
vn 0.204 0.979 0.029
vn 0.015 0.991 0.136
vn 0.015 0.991 0.136
vn 0.015 0.991 0.136
vn 0.015 0.991 0.136
vn 0.083 0.991 0.108
vn 0.083 0.991 0.108
vn 0.083 0.991 0.108
vn 0.083 0.991 0.108
vn 0.049 0.991 0.122
vn 0.049 0.991 0.122
vn 0.049 0.991 0.122
vn 0.049 0.991 0.122
vn -0.027 0.999 -0.043
vn -0.027 0.999 -0.043
vn -0.027 0.999 -0.043
vn -0.027 0.999 -0.043
vn 0.013 1.000 0.019
vn 0.013 1.000 0.019
vn 0.013 1.000 0.019
vn 0.013 1.000 0.019
vn -0.007 1.000 -0.012
vn -0.007 1.000 -0.012
vn -0.007 1.000 -0.012
vn -0.007 1.000 -0.012
vn -0.223 0.971 0.083
vn -0.223 0.971 0.083
vn -0.223 0.971 0.083
vn -0.223 0.971 0.083
vn -0.188 0.971 0.145
vn -0.188 0.971 0.145
vn -0.188 0.971 0.145
vn -0.188 0.971 0.145
vn -0.206 0.972 0.114
vn -0.206 0.972 0.114
vn -0.206 0.972 0.114
vn -0.206 0.972 0.114
vn -0.321 0.937 0.139
vn -0.321 0.937 0.139
vn -0.321 0.937 0.139
vn -0.321 0.937 0.139
vn -0.284 0.938 0.198
vn -0.284 0.938 0.198
vn -0.284 0.938 0.198
vn -0.284 0.938 0.198
vn -0.302 0.938 0.168
vn -0.302 0.938 0.168
vn -0.302 0.938 0.168
vn -0.302 0.938 0.168
vn -0.104 0.986 -0.128
vn -0.104 0.986 -0.128
vn -0.104 0.986 -0.128
vn -0.104 0.986 -0.128
vn -0.144 0.987 -0.068
vn -0.144 0.987 -0.068
vn -0.144 0.987 -0.068
vn -0.144 0.987 -0.068
vn -0.124 0.987 -0.098
vn -0.124 0.987 -0.098
vn -0.124 0.987 -0.098
vn -0.124 0.987 -0.098
vn -0.217 0.955 -0.200
vn -0.217 0.955 -0.200
vn -0.217 0.955 -0.200
vn -0.217 0.955 -0.200
vn -0.257 0.955 -0.144
vn -0.257 0.955 -0.144
vn -0.257 0.955 -0.144
vn -0.257 0.955 -0.144
vn -0.237 0.956 -0.172
vn -0.237 0.956 -0.172
vn -0.237 0.956 -0.172
vn -0.237 0.956 -0.172
vn -0.320 0.907 -0.274
vn -0.320 0.907 -0.274
vn -0.320 0.907 -0.274
vn -0.320 0.907 -0.274
vn -0.356 0.909 -0.218
vn -0.356 0.909 -0.218
vn -0.356 0.909 -0.218
vn -0.356 0.909 -0.218
vn -0.338 0.908 -0.246
vn -0.338 0.908 -0.246
vn -0.338 0.908 -0.246
vn -0.338 0.908 -0.246
vn 0.028 1.000 -0.000
vn 0.028 1.000 -0.000
vn 0.028 1.000 -0.000
vn 0.028 1.000 -0.000
vn -0.042 0.999 -0.024
vn -0.042 0.999 -0.024
vn -0.042 0.999 -0.024
vn -0.042 0.999 -0.024
vn -0.007 1.000 -0.012
vn -0.007 1.000 -0.012
vn -0.007 1.000 -0.012
vn -0.007 1.000 -0.012
vn 0.006 1.000 0.022
vn 0.006 1.000 0.022
vn 0.006 1.000 0.022
vn 0.006 1.000 0.022
vn -0.018 0.999 -0.033
vn -0.018 0.999 -0.033
vn -0.018 0.999 -0.033
vn -0.018 0.999 -0.033
vn -0.006 1.000 -0.005
vn -0.006 1.000 -0.005
vn -0.006 1.000 -0.005
vn -0.006 1.000 -0.005
vn 0.084 0.996 -0.011
vn 0.084 0.996 -0.011
vn 0.084 0.996 -0.011
vn 0.084 0.996 -0.011
vn 0.059 0.996 -0.064
vn 0.059 0.996 -0.064
vn 0.059 0.996 -0.064
vn 0.059 0.996 -0.064
vn 0.071 0.997 -0.038
vn 0.071 0.997 -0.038
vn 0.071 0.997 -0.038
vn 0.071 0.997 -0.038
vn 0.159 0.986 -0.046
vn 0.159 0.986 -0.046
vn 0.159 0.986 -0.046
vn 0.159 0.986 -0.046
vn 0.133 0.986 -0.098
vn 0.133 0.986 -0.098
vn 0.133 0.986 -0.098
vn 0.133 0.986 -0.098
vn 0.146 0.987 -0.072
vn 0.146 0.987 -0.072
vn 0.146 0.987 -0.072
vn 0.146 0.987 -0.072
vn 0.231 0.969 -0.082
vn 0.231 0.969 -0.082
vn 0.231 0.969 -0.082
vn 0.231 0.969 -0.082
vn 0.204 0.970 -0.134
vn 0.204 0.970 -0.134
vn 0.204 0.970 -0.134
vn 0.204 0.970 -0.134
vn 0.218 0.970 -0.108
vn 0.218 0.970 -0.108
vn 0.218 0.970 -0.108
vn 0.218 0.970 -0.108
vn -0.030 0.999 0.012
vn -0.030 0.999 0.012
vn -0.030 0.999 0.012
vn -0.030 0.999 0.012
vn 0.018 1.000 -0.022
vn 0.018 1.000 -0.022
vn 0.018 1.000 -0.022
vn 0.018 1.000 -0.022
vn -0.006 1.000 -0.005
vn -0.006 1.000 -0.005
vn -0.006 1.000 -0.005
vn -0.006 1.000 -0.005
vn 0.022 0.996 0.086
vn 0.022 0.996 0.086
vn 0.022 0.996 0.086
vn 0.022 0.996 0.086
vn 0.071 0.996 0.053
vn 0.071 0.996 0.053
vn 0.071 0.996 0.053
vn 0.071 0.996 0.053
vn 0.046 0.996 0.070
vn 0.046 0.996 0.070
vn 0.046 0.996 0.070
vn 0.046 0.996 0.070
vn 0.072 0.984 0.160
vn 0.072 0.984 0.160
vn 0.072 0.984 0.160
vn 0.072 0.984 0.160
vn 0.120 0.985 0.127
vn 0.120 0.985 0.127
vn 0.120 0.985 0.127
vn 0.120 0.985 0.127
vn 0.096 0.985 0.144
vn 0.096 0.985 0.144
vn 0.096 0.985 0.144
vn 0.096 0.985 0.144
vn 0.121 0.965 0.231
vn 0.121 0.965 0.231
vn 0.121 0.965 0.231
vn 0.121 0.965 0.231
vn 0.169 0.965 0.199
vn 0.169 0.965 0.199
vn 0.169 0.965 0.199
vn 0.169 0.965 0.199
vn 0.145 0.966 0.215
vn 0.145 0.966 0.215
vn 0.145 0.966 0.215
vn 0.145 0.966 0.215
vn -0.071 0.995 0.071
vn -0.071 0.995 0.071
vn -0.071 0.995 0.071
vn -0.071 0.995 0.071
vn -0.018 0.995 0.096
vn -0.018 0.995 0.096
vn -0.018 0.995 0.096
vn -0.018 0.995 0.096
vn -0.045 0.995 0.084
vn -0.045 0.995 0.084
vn -0.045 0.995 0.084
vn -0.045 0.995 0.084
vn -0.111 0.981 0.160
vn -0.111 0.981 0.160
vn -0.111 0.981 0.160
vn -0.111 0.981 0.160
vn -0.057 0.982 0.180
vn -0.057 0.982 0.180
vn -0.057 0.982 0.180
vn -0.057 0.982 0.180
vn -0.084 0.982 0.170
vn -0.084 0.982 0.170
vn -0.084 0.982 0.170
vn -0.084 0.982 0.170
vn -0.111 0.981 0.160
vn -0.111 0.981 0.160
vn -0.111 0.981 0.160
vn -0.111 0.981 0.160
vn -0.057 0.982 0.180
vn -0.057 0.982 0.180
vn -0.057 0.982 0.180
vn -0.057 0.982 0.180
vn -0.084 0.982 0.170
vn -0.084 0.982 0.170
vn -0.084 0.982 0.170
vn -0.084 0.982 0.170
vn 0.002 0.999 -0.034
vn 0.002 0.999 -0.034
vn 0.002 0.999 -0.034
vn 0.002 0.999 -0.034
vn -0.014 1.000 0.024
vn -0.014 1.000 0.024
vn -0.014 1.000 0.024
vn -0.014 1.000 0.024
vn -0.006 1.000 -0.005
vn -0.006 1.000 -0.005
vn -0.006 1.000 -0.005
vn -0.006 1.000 -0.005
vn -0.087 0.994 -0.059
vn -0.087 0.994 -0.059
vn -0.087 0.994 -0.059
vn -0.087 0.994 -0.059
vn -0.102 0.995 -0.002
vn -0.102 0.995 -0.002
vn -0.102 0.995 -0.002
vn -0.102 0.995 -0.002
vn -0.095 0.995 -0.030
vn -0.095 0.995 -0.030
vn -0.095 0.995 -0.030
vn -0.095 0.995 -0.030
vn -0.175 0.981 -0.081
vn -0.175 0.981 -0.081
vn -0.175 0.981 -0.081
vn -0.175 0.981 -0.081
vn -0.190 0.981 -0.025
vn -0.190 0.981 -0.025
vn -0.190 0.981 -0.025
vn -0.190 0.981 -0.025
vn -0.183 0.982 -0.053
vn -0.183 0.982 -0.053
vn -0.183 0.982 -0.053
vn -0.183 0.982 -0.053
vn -0.259 0.960 -0.103
vn -0.259 0.960 -0.103
vn -0.259 0.960 -0.103
vn -0.259 0.960 -0.103
vn -0.276 0.960 -0.048
vn -0.276 0.960 -0.048
vn -0.276 0.960 -0.048
vn -0.276 0.960 -0.048
vn -0.268 0.961 -0.075
vn -0.268 0.961 -0.075
vn -0.268 0.961 -0.075
vn -0.268 0.961 -0.075
vn 0.020 1.000 0.006
vn 0.020 1.000 0.006
vn 0.020 1.000 0.006
vn 0.020 1.000 0.006
vn -0.025 1.000 -0.014
vn -0.025 1.000 -0.014
vn -0.025 1.000 -0.014
vn -0.025 1.000 -0.014
vn -0.002 1.000 -0.004
vn -0.002 1.000 -0.004
vn -0.002 1.000 -0.004
vn -0.002 1.000 -0.004
vn -0.003 1.000 0.020
vn -0.003 1.000 0.020
vn -0.003 1.000 0.020
vn -0.003 1.000 0.020
vn -0.002 1.000 -0.029
vn -0.002 1.000 -0.029
vn -0.002 1.000 -0.029
vn -0.002 1.000 -0.029
vn -0.002 1.000 -0.004
vn -0.002 1.000 -0.004
vn -0.002 1.000 -0.004
vn -0.002 1.000 -0.004
vn 0.180 0.984 0.017
vn 0.180 0.984 0.017
vn 0.180 0.984 0.017
vn 0.180 0.984 0.017
vn 0.177 0.984 -0.032
vn 0.177 0.984 -0.032
vn 0.177 0.984 -0.032
vn 0.177 0.984 -0.032
vn 0.179 0.984 -0.008
vn 0.179 0.984 -0.008
vn 0.179 0.984 -0.008
vn 0.179 0.984 -0.008
vn -0.038 0.987 0.158
vn -0.038 0.987 0.158
vn -0.038 0.987 0.158
vn -0.038 0.987 0.158
vn 0.010 0.987 0.163
vn 0.010 0.987 0.163
vn 0.010 0.987 0.163
vn 0.010 0.987 0.163
vn -0.014 0.987 0.161
vn -0.014 0.987 0.161
vn -0.014 0.987 0.161
vn -0.014 0.987 0.161
vn -0.010 1.000 -0.028
vn -0.010 1.000 -0.028
vn -0.010 1.000 -0.028
vn -0.010 1.000 -0.028
vn 0.005 1.000 0.019
vn 0.005 1.000 0.019
vn 0.005 1.000 0.019
vn 0.005 1.000 0.019
vn -0.002 1.000 -0.004
vn -0.002 1.000 -0.004
vn -0.002 1.000 -0.004
vn -0.002 1.000 -0.004
vn -0.068 0.998 -0.009
vn -0.068 0.998 -0.009
vn -0.068 0.998 -0.009
vn -0.068 0.998 -0.009
vn -0.059 0.998 0.039
vn -0.059 0.998 0.039
vn -0.059 0.998 0.039
vn -0.059 0.998 0.039
vn -0.064 0.998 0.015
vn -0.064 0.998 0.015
vn -0.064 0.998 0.015
vn -0.064 0.998 0.015
vn 0.014 1.000 -0.023
vn 0.014 1.000 -0.023
vn 0.014 1.000 -0.023
vn 0.014 1.000 -0.023
vn -0.018 1.000 0.014
vn -0.018 1.000 0.014
vn -0.018 1.000 0.014
vn -0.018 1.000 0.014
vn -0.002 1.000 -0.004
vn -0.002 1.000 -0.004
vn -0.002 1.000 -0.004
vn -0.002 1.000 -0.004
vn -0.087 0.990 -0.108
vn -0.087 0.990 -0.108
vn -0.087 0.990 -0.108
vn -0.087 0.990 -0.108
vn -0.120 0.990 -0.072
vn -0.120 0.990 -0.072
vn -0.120 0.990 -0.072
vn -0.120 0.990 -0.072
vn -0.104 0.991 -0.090
vn -0.104 0.991 -0.090
vn -0.104 0.991 -0.090
vn -0.104 0.991 -0.090
vn -0.083 0.988 0.134
vn -0.083 0.988 0.134
vn -0.083 0.988 0.134
vn -0.083 0.988 0.134
vn -0.043 0.988 0.149
vn -0.043 0.988 0.149
vn -0.043 0.988 0.149
vn -0.043 0.988 0.149
vn -0.063 0.988 0.142
vn -0.063 0.988 0.142
vn -0.063 0.988 0.142
vn -0.063 0.988 0.142
vn -0.004 1.000 -0.026
vn -0.004 1.000 -0.026
vn -0.004 1.000 -0.026
vn -0.004 1.000 -0.026
vn -0.000 1.000 0.017
vn -0.000 1.000 0.017
vn -0.000 1.000 0.017
vn -0.000 1.000 0.017
vn -0.002 1.000 -0.004
vn -0.002 1.000 -0.004
vn -0.002 1.000 -0.004
vn -0.002 1.000 -0.004
vn -0.068 0.998 -0.020
vn -0.068 0.998 -0.020
vn -0.068 0.998 -0.020
vn -0.068 0.998 -0.020
vn -0.065 0.998 0.023
vn -0.065 0.998 0.023
vn -0.065 0.998 0.023
vn -0.065 0.998 0.023
vn -0.066 0.998 0.002
vn -0.066 0.998 0.002
vn -0.066 0.998 0.002
vn -0.066 0.998 0.002
vn -0.132 0.991 -0.015
vn -0.132 0.991 -0.015
vn -0.132 0.991 -0.015
vn -0.132 0.991 -0.015
vn -0.127 0.991 0.028
vn -0.127 0.991 0.028
vn -0.127 0.991 0.028
vn -0.127 0.991 0.028
vn -0.130 0.992 0.007
vn -0.130 0.992 0.007
vn -0.130 0.992 0.007
vn -0.130 0.992 0.007
vn -0.195 0.981 -0.007
vn -0.195 0.981 -0.007
vn -0.195 0.981 -0.007
vn -0.195 0.981 -0.007
vn -0.189 0.981 0.035
vn -0.189 0.981 0.035
vn -0.189 0.981 0.035
vn -0.189 0.981 0.035
vn -0.192 0.981 0.014
vn -0.192 0.981 0.014
vn -0.192 0.981 0.014
vn -0.192 0.981 0.014
vn 0.018 1.000 -0.011
vn 0.018 1.000 -0.011
vn 0.018 1.000 -0.011
vn 0.018 1.000 -0.011
vn -0.023 1.000 0.002
vn -0.023 1.000 0.002
vn -0.023 1.000 0.002
vn -0.023 1.000 0.002
vn -0.002 1.000 -0.004
vn -0.002 1.000 -0.004
vn -0.002 1.000 -0.004
vn -0.002 1.000 -0.004
vn -0.017 0.991 -0.130
vn -0.017 0.991 -0.130
vn -0.017 0.991 -0.130
vn -0.017 0.991 -0.130
vn -0.058 0.991 -0.119
vn -0.058 0.991 -0.119
vn -0.058 0.991 -0.119
vn -0.058 0.991 -0.119
vn -0.038 0.992 -0.125
vn -0.038 0.992 -0.125
vn -0.038 0.992 -0.125
vn -0.038 0.992 -0.125
vn -0.034 0.981 -0.190
vn -0.034 0.981 -0.190
vn -0.034 0.981 -0.190
vn -0.034 0.981 -0.190
vn -0.074 0.982 -0.176
vn -0.074 0.982 -0.176
vn -0.074 0.982 -0.176
vn -0.074 0.982 -0.176
vn -0.054 0.982 -0.183
vn -0.054 0.982 -0.183
vn -0.054 0.982 -0.183
vn -0.054 0.982 -0.183
vn 0.014 1.000 0.009
vn 0.014 1.000 0.009
vn 0.014 1.000 0.009
vn 0.014 1.000 0.009
vn -0.019 1.000 -0.018
vn -0.019 1.000 -0.018
vn -0.019 1.000 -0.018
vn -0.019 1.000 -0.018
vn -0.002 1.000 -0.004
vn -0.002 1.000 -0.004
vn -0.002 1.000 -0.004
vn -0.002 1.000 -0.004
vn 0.135 0.981 -0.139
vn 0.135 0.981 -0.139
vn 0.135 0.981 -0.139
vn 0.135 0.981 -0.139
vn 0.103 0.980 -0.167
vn 0.103 0.980 -0.167
vn 0.103 0.980 -0.167
vn 0.103 0.980 -0.167
vn 0.119 0.981 -0.153
vn 0.119 0.981 -0.153
vn 0.119 0.981 -0.153
vn 0.119 0.981 -0.153
vn -0.018 1.000 0.011
vn -0.018 1.000 0.011
vn -0.018 1.000 0.011
vn -0.018 1.000 0.011
vn 0.013 1.000 -0.020
vn 0.013 1.000 -0.020
vn 0.013 1.000 -0.020
vn 0.013 1.000 -0.020
vn -0.002 1.000 -0.004
vn -0.002 1.000 -0.004
vn -0.002 1.000 -0.004
vn -0.002 1.000 -0.004
vn 0.091 0.989 0.116
vn 0.091 0.989 0.116
vn 0.091 0.989 0.116
vn 0.091 0.989 0.116
vn 0.119 0.989 0.083
vn 0.119 0.989 0.083
vn 0.119 0.989 0.083
vn 0.119 0.989 0.083
vn 0.105 0.989 0.100
vn 0.105 0.989 0.100
vn 0.105 0.989 0.100
vn 0.105 0.989 0.100
vn -0.018 1.000 -0.001
vn -0.018 1.000 -0.001
vn -0.018 1.000 -0.001
vn -0.018 1.000 -0.001
vn 0.019 1.000 -0.007
vn 0.019 1.000 -0.007
vn 0.019 1.000 -0.007
vn 0.019 1.000 -0.007
vn 0.000 1.000 -0.004
vn 0.000 1.000 -0.004
vn 0.000 1.000 -0.004
vn 0.000 1.000 -0.004
vn -0.012 0.999 0.040
vn -0.012 0.999 0.040
vn -0.012 0.999 0.040
vn -0.012 0.999 0.040
vn 0.025 0.999 0.033
vn 0.025 0.999 0.033
vn 0.025 0.999 0.033
vn 0.025 0.999 0.033
vn 0.007 0.999 0.036
vn 0.007 0.999 0.036
vn 0.007 0.999 0.036
vn 0.007 0.999 0.036
vn -0.004 0.997 0.079
vn -0.004 0.997 0.079
vn -0.004 0.997 0.079
vn -0.004 0.997 0.079
vn 0.033 0.997 0.073
vn 0.033 0.997 0.073
vn 0.033 0.997 0.073
vn 0.033 0.997 0.073
vn 0.014 0.997 0.076
vn 0.014 0.997 0.076
vn 0.014 0.997 0.076
vn 0.014 0.997 0.076
vn 0.002 0.993 0.119
vn 0.002 0.993 0.119
vn 0.002 0.993 0.119
vn 0.002 0.993 0.119
vn 0.039 0.993 0.113
vn 0.039 0.993 0.113
vn 0.039 0.993 0.113
vn 0.039 0.993 0.113
vn 0.021 0.993 0.116
vn 0.021 0.993 0.116
vn 0.021 0.993 0.116
vn 0.021 0.993 0.116
vn -0.006 1.000 -0.022
vn -0.006 1.000 -0.022
vn -0.006 1.000 -0.022
vn -0.006 1.000 -0.022
vn 0.006 1.000 0.014
vn 0.006 1.000 0.014
vn 0.006 1.000 0.014
vn 0.006 1.000 0.014
vn 0.000 1.000 -0.004
vn 0.000 1.000 -0.004
vn 0.000 1.000 -0.004
vn 0.000 1.000 -0.004
vn -0.054 0.999 -0.006
vn -0.054 0.999 -0.006
vn -0.054 0.999 -0.006
vn -0.054 0.999 -0.006
vn -0.043 0.999 0.030
vn -0.043 0.999 0.030
vn -0.043 0.999 0.030
vn -0.043 0.999 0.030
vn -0.049 0.999 0.012
vn -0.049 0.999 0.012
vn -0.049 0.999 0.012
vn -0.049 0.999 0.012
vn 0.017 1.000 -0.012
vn 0.017 1.000 -0.012
vn 0.017 1.000 -0.012
vn 0.017 1.000 -0.012
vn -0.017 1.000 0.005
vn -0.017 1.000 0.005
vn -0.017 1.000 0.005
vn -0.017 1.000 0.005
vn 0.000 1.000 -0.004
vn 0.000 1.000 -0.004
vn 0.000 1.000 -0.004
vn 0.000 1.000 -0.004
vn 0.088 0.995 0.036
vn 0.088 0.995 0.036
vn 0.088 0.995 0.036
vn 0.088 0.995 0.036
vn 0.097 0.995 -0.000
vn 0.097 0.995 -0.000
vn 0.097 0.995 -0.000
vn 0.097 0.995 -0.000
vn 0.092 0.996 0.018
vn 0.092 0.996 0.018
vn 0.092 0.996 0.018
vn 0.092 0.996 0.018
vn 0.134 0.990 0.047
vn 0.134 0.990 0.047
vn 0.134 0.990 0.047
vn 0.134 0.990 0.047
vn 0.143 0.990 0.010
vn 0.143 0.990 0.010
vn 0.143 0.990 0.010
vn 0.143 0.990 0.010
vn 0.138 0.990 0.029
vn 0.138 0.990 0.029
vn 0.138 0.990 0.029
vn 0.138 0.990 0.029
vn 0.001 1.000 0.018
vn 0.001 1.000 0.018
vn 0.001 1.000 0.018
vn 0.001 1.000 0.018
vn -0.003 1.000 -0.015
vn -0.003 1.000 -0.015
vn -0.003 1.000 -0.015
vn -0.003 1.000 -0.015
vn -0.001 1.000 0.001
vn -0.001 1.000 0.001
vn -0.001 1.000 0.001
vn -0.001 1.000 0.001
vn 0.066 0.998 0.012
vn 0.066 0.998 0.012
vn 0.066 0.998 0.012
vn 0.066 0.998 0.012
vn 0.061 0.998 -0.021
vn 0.061 0.998 -0.021
vn 0.061 0.998 -0.021
vn 0.061 0.998 -0.021
vn 0.063 0.998 -0.005
vn 0.063 0.998 -0.005
vn 0.063 0.998 -0.005
vn 0.063 0.998 -0.005
vn 0.014 0.998 0.065
vn 0.014 0.998 0.065
vn 0.014 0.998 0.065
vn 0.014 0.998 0.065
vn 0.043 0.998 0.048
vn 0.043 0.998 0.048
vn 0.043 0.998 0.048
vn 0.043 0.998 0.048
vn 0.029 0.998 0.057
vn 0.029 0.998 0.057
vn 0.029 0.998 0.057
vn 0.029 0.998 0.057
vn -0.014 1.000 -0.009
vn -0.014 1.000 -0.009
vn -0.014 1.000 -0.009
vn -0.014 1.000 -0.009
vn 0.012 1.000 0.011
vn 0.012 1.000 0.011
vn 0.012 1.000 0.011
vn 0.012 1.000 0.011
vn -0.001 1.000 0.001
vn -0.001 1.000 0.001
vn -0.001 1.000 0.001
vn -0.001 1.000 0.001
vn 0.007 1.000 -0.014
vn 0.007 1.000 -0.014
vn 0.007 1.000 -0.014
vn 0.007 1.000 -0.014
vn -0.008 1.000 0.016
vn -0.008 1.000 0.016
vn -0.008 1.000 0.016
vn -0.008 1.000 0.016
vn -0.001 1.000 0.001
vn -0.001 1.000 0.001
vn -0.001 1.000 0.001
vn -0.001 1.000 0.001
vn -0.053 0.998 -0.046
vn -0.053 0.998 -0.046
vn -0.053 0.998 -0.046
vn -0.053 0.998 -0.046
vn -0.071 0.997 -0.018
vn -0.071 0.997 -0.018
vn -0.071 0.997 -0.018
vn -0.071 0.997 -0.018
vn -0.062 0.998 -0.032
vn -0.062 0.998 -0.032
vn -0.062 0.998 -0.032
vn -0.062 0.998 -0.032
vn -0.082 0.995 -0.065
vn -0.082 0.995 -0.065
vn -0.082 0.995 -0.065
vn -0.082 0.995 -0.065
vn -0.099 0.994 -0.036
vn -0.099 0.994 -0.036
vn -0.099 0.994 -0.036
vn -0.099 0.994 -0.036
vn -0.090 0.995 -0.051
vn -0.090 0.995 -0.051
vn -0.090 0.995 -0.051
vn -0.090 0.995 -0.051
vn -0.002 1.000 -0.016
vn -0.002 1.000 -0.016
vn -0.002 1.000 -0.016
vn -0.002 1.000 -0.016
vn -0.006 1.000 0.014
vn -0.006 1.000 0.014
vn -0.006 1.000 0.014
vn -0.006 1.000 0.014
vn -0.004 1.000 -0.001
vn -0.004 1.000 -0.001
vn -0.004 1.000 -0.001
vn -0.004 1.000 -0.001
vn -0.063 0.998 -0.023
vn -0.063 0.998 -0.023
vn -0.063 0.998 -0.023
vn -0.063 0.998 -0.023
vn -0.067 0.998 0.007
vn -0.067 0.998 0.007
vn -0.067 0.998 0.007
vn -0.067 0.998 0.007
vn -0.065 0.998 -0.008
vn -0.065 0.998 -0.008
vn -0.065 0.998 -0.008
vn -0.065 0.998 -0.008
vn -0.094 0.995 -0.028
vn -0.094 0.995 -0.028
vn -0.094 0.995 -0.028
vn -0.094 0.995 -0.028
vn -0.096 0.995 0.003
vn -0.096 0.995 0.003
vn -0.096 0.995 0.003
vn -0.096 0.995 0.003
vn -0.095 0.995 -0.012
vn -0.095 0.995 -0.012
vn -0.095 0.995 -0.012
vn -0.095 0.995 -0.012
vn 0.009 1.000 -0.009
vn 0.009 1.000 -0.009
vn 0.009 1.000 -0.009
vn 0.009 1.000 -0.009
vn -0.017 1.000 0.006
vn -0.017 1.000 0.006
vn -0.017 1.000 0.006
vn -0.017 1.000 0.006
vn -0.004 1.000 -0.001
vn -0.004 1.000 -0.001
vn -0.004 1.000 -0.001
vn -0.004 1.000 -0.001
vn 0.008 1.000 0.008
vn 0.008 1.000 0.008
vn 0.008 1.000 0.008
vn 0.008 1.000 0.008
vn -0.015 1.000 -0.011
vn -0.015 1.000 -0.011
vn -0.015 1.000 -0.011
vn -0.015 1.000 -0.011
vn -0.004 1.000 -0.001
vn -0.004 1.000 -0.001
vn -0.004 1.000 -0.001
vn -0.004 1.000 -0.001
vn 0.028 0.999 -0.016
vn 0.028 0.999 -0.016
vn 0.028 0.999 -0.016
vn 0.028 0.999 -0.016
vn 0.005 0.999 -0.036
vn 0.005 0.999 -0.036
vn 0.005 0.999 -0.036
vn 0.005 0.999 -0.036
vn 0.017 1.000 -0.026
vn 0.017 1.000 -0.026
vn 0.017 1.000 -0.026
vn 0.017 1.000 -0.026
vn 0.049 0.998 -0.040
vn 0.049 0.998 -0.040
vn 0.049 0.998 -0.040
vn 0.049 0.998 -0.040
vn 0.027 0.998 -0.061
vn 0.027 0.998 -0.061
vn 0.027 0.998 -0.061
vn 0.027 0.998 -0.061
vn 0.038 0.998 -0.050
vn 0.038 0.998 -0.050
vn 0.038 0.998 -0.050
vn 0.038 0.998 -0.050
vn 0.071 0.995 -0.063
vn 0.071 0.995 -0.063
vn 0.071 0.995 -0.063
vn 0.071 0.995 -0.063
vn 0.048 0.995 -0.083
vn 0.048 0.995 -0.083
vn 0.048 0.995 -0.083
vn 0.048 0.995 -0.083
vn 0.060 0.996 -0.073
vn 0.060 0.996 -0.073
vn 0.060 0.996 -0.073
vn 0.060 0.996 -0.073
vn -0.011 1.000 0.012
vn -0.011 1.000 0.012
vn -0.011 1.000 0.012
vn -0.011 1.000 0.012
vn 0.004 1.000 -0.015
vn 0.004 1.000 -0.015
vn 0.004 1.000 -0.015
vn 0.004 1.000 -0.015
vn -0.004 1.000 -0.001
vn -0.004 1.000 -0.001
vn -0.004 1.000 -0.001
vn -0.004 1.000 -0.001
vn 0.034 0.999 0.039
vn 0.034 0.999 0.039
vn 0.034 0.999 0.039
vn 0.034 0.999 0.039
vn 0.049 0.999 0.013
vn 0.049 0.999 0.013
vn 0.049 0.999 0.013
vn 0.049 0.999 0.013
vn 0.042 0.999 0.026
vn 0.042 0.999 0.026
vn 0.042 0.999 0.026
vn 0.042 0.999 0.026
vn 0.056 0.997 0.052
vn 0.056 0.997 0.052
vn 0.056 0.997 0.052
vn 0.056 0.997 0.052
vn 0.073 0.997 0.027
vn 0.073 0.997 0.027
vn 0.073 0.997 0.027
vn 0.073 0.997 0.027
vn 0.064 0.997 0.040
vn 0.064 0.997 0.040
vn 0.064 0.997 0.040
vn 0.064 0.997 0.040
vn -0.017 1.000 -0.010
vn -0.017 1.000 -0.010
vn -0.017 1.000 -0.010
vn -0.017 1.000 -0.010
vn 0.009 1.000 0.007
vn 0.009 1.000 0.007
vn 0.009 1.000 0.007
vn 0.009 1.000 0.007
vn -0.004 1.000 -0.001
vn -0.004 1.000 -0.001
vn -0.004 1.000 -0.001
vn -0.004 1.000 -0.001
vn -0.004 1.000 -0.016
vn -0.004 1.000 -0.016
vn -0.004 1.000 -0.016
vn -0.004 1.000 -0.016
vn -0.005 1.000 0.012
vn -0.005 1.000 0.012
vn -0.005 1.000 0.012
vn -0.005 1.000 0.012
vn -0.005 1.000 -0.002
vn -0.005 1.000 -0.002
vn -0.005 1.000 -0.002
vn -0.005 1.000 -0.002
vn -0.045 0.999 -0.020
vn -0.045 0.999 -0.020
vn -0.045 0.999 -0.020
vn -0.045 0.999 -0.020
vn -0.049 0.999 0.007
vn -0.049 0.999 0.007
vn -0.049 0.999 0.007
vn -0.049 0.999 0.007
vn -0.047 0.999 -0.007
vn -0.047 0.999 -0.007
vn -0.047 0.999 -0.007
vn -0.047 0.999 -0.007
vn -0.003 0.998 -0.070
vn -0.003 0.998 -0.070
vn -0.003 0.998 -0.070
vn -0.003 0.998 -0.070
vn -0.030 0.997 -0.065
vn -0.030 0.997 -0.065
vn -0.030 0.997 -0.065
vn -0.030 0.997 -0.065
vn -0.017 0.998 -0.067
vn -0.017 0.998 -0.067
vn -0.017 0.998 -0.067
vn -0.017 0.998 -0.067
vn 0.062 0.998 -0.002
vn 0.062 0.998 -0.002
vn 0.062 0.998 -0.002
vn 0.062 0.998 -0.002
vn 0.056 0.998 -0.030
vn 0.056 0.998 -0.030
vn 0.056 0.998 -0.030
vn 0.056 0.998 -0.030
vn 0.059 0.998 -0.016
vn 0.059 0.998 -0.016
vn 0.059 0.998 -0.016
vn 0.059 0.998 -0.016
vn 0.009 0.999 0.036
vn 0.009 0.999 0.036
vn 0.009 0.999 0.036
vn 0.009 0.999 0.036
vn 0.030 0.999 0.017
vn 0.030 0.999 0.017
vn 0.030 0.999 0.017
vn 0.030 0.999 0.017
vn 0.020 0.999 0.026
vn 0.020 0.999 0.026
vn 0.020 0.999 0.026
vn 0.020 0.999 0.026
vn -0.041 0.999 0.016
vn -0.041 0.999 0.016
vn -0.041 0.999 0.016
vn -0.041 0.999 0.016
vn -0.021 0.999 0.036
vn -0.021 0.999 0.036
vn -0.021 0.999 0.036
vn -0.021 0.999 0.036
vn -0.031 0.999 0.026
vn -0.031 0.999 0.026
vn -0.031 0.999 0.026
vn -0.031 0.999 0.026
vn -0.038 0.999 0.004
vn -0.038 0.999 0.004
vn -0.038 0.999 0.004
vn -0.038 0.999 0.004
vn -0.027 0.999 0.027
vn -0.027 0.999 0.027
vn -0.027 0.999 0.027
vn -0.027 0.999 0.027
vn -0.032 0.999 0.015
vn -0.032 0.999 0.015
vn -0.032 0.999 0.015
vn -0.032 0.999 0.015
vn -0.024 0.999 -0.030
vn -0.024 0.999 -0.030
vn -0.024 0.999 -0.030
vn -0.024 0.999 -0.030
vn -0.038 0.999 -0.008
vn -0.038 0.999 -0.008
vn -0.038 0.999 -0.008
vn -0.038 0.999 -0.008
vn -0.031 0.999 -0.019
vn -0.031 0.999 -0.019
vn -0.031 0.999 -0.019
vn -0.031 0.999 -0.019
vn 0.013 0.999 -0.036
vn 0.013 0.999 -0.036
vn 0.013 0.999 -0.036
vn 0.013 0.999 -0.036
vn -0.013 0.999 -0.041
vn -0.013 0.999 -0.041
vn -0.013 0.999 -0.041
vn -0.013 0.999 -0.041
vn 0.000 0.999 -0.038
vn 0.000 0.999 -0.038
vn 0.000 0.999 -0.038
vn 0.000 0.999 -0.038
vn 0.016 0.998 -0.054
vn 0.016 0.998 -0.054
vn 0.016 0.998 -0.054
vn 0.016 0.998 -0.054
vn -0.009 0.998 -0.059
vn -0.009 0.998 -0.059
vn -0.009 0.998 -0.059
vn -0.009 0.998 -0.059
vn 0.003 0.998 -0.056
vn 0.003 0.998 -0.056
vn 0.003 0.998 -0.056
vn 0.003 0.998 -0.056
vn 0.025 1.000 0.012
vn 0.025 1.000 0.012
vn 0.025 1.000 0.012
vn 0.025 1.000 0.012
vn 0.025 1.000 -0.014
vn 0.025 1.000 -0.014
vn 0.025 1.000 -0.014
vn 0.025 1.000 -0.014
vn 0.025 1.000 -0.001
vn 0.025 1.000 -0.001
vn 0.025 1.000 -0.001
vn 0.025 1.000 -0.001
vn -0.015 1.000 0.005
vn -0.015 1.000 0.005
vn -0.015 1.000 0.005
vn -0.015 1.000 0.005
vn 0.007 1.000 -0.008
vn 0.007 1.000 -0.008
vn 0.007 1.000 -0.008
vn 0.007 1.000 -0.008
vn -0.004 1.000 -0.002
vn -0.004 1.000 -0.002
vn -0.004 1.000 -0.002
vn -0.004 1.000 -0.002
vn 0.001 1.000 0.032
vn 0.001 1.000 0.032
vn 0.001 1.000 0.032
vn 0.001 1.000 0.032
vn 0.023 1.000 0.018
vn 0.023 1.000 0.018
vn 0.023 1.000 0.018
vn 0.023 1.000 0.018
vn 0.012 1.000 0.025
vn 0.012 1.000 0.025
vn 0.012 1.000 0.025
vn 0.012 1.000 0.025
vn 0.008 1.000 -0.013
vn 0.008 1.000 -0.013
vn 0.008 1.000 -0.013
vn 0.008 1.000 -0.013
vn -0.016 1.000 -0.012
vn -0.016 1.000 -0.012
vn -0.016 1.000 -0.012
vn -0.016 1.000 -0.012
vn -0.004 1.000 -0.013
vn -0.004 1.000 -0.013
vn -0.004 1.000 -0.013
vn -0.004 1.000 -0.013
vn 0.013 1.000 0.002
vn 0.013 1.000 0.002
vn 0.013 1.000 0.002
vn 0.013 1.000 0.002
vn -0.001 1.000 -0.017
vn -0.001 1.000 -0.017
vn -0.001 1.000 -0.017
vn -0.001 1.000 -0.017
vn 0.006 1.000 -0.008
vn 0.006 1.000 -0.008
vn 0.006 1.000 -0.008
vn 0.006 1.000 -0.008
vn -0.026 1.000 0.015
vn -0.026 1.000 0.015
vn -0.026 1.000 0.015
vn -0.026 1.000 0.015
vn -0.006 1.000 0.028
vn -0.006 1.000 0.028
vn -0.006 1.000 0.028
vn -0.006 1.000 0.028
vn -0.016 1.000 0.021
vn -0.016 1.000 0.021
vn -0.016 1.000 0.021
vn -0.016 1.000 0.021
f 210/210/210 211/211/211 212/212/212
f 210/210/210 212/212/212 213/213/213
f 214/214/214 215/215/215 216/216/216
f 214/214/214 216/216/216 217/217/217
f 218/218/218 219/219/219 220/220/220
f 218/218/218 220/220/220 221/221/221
f 222/222/222 223/223/223 224/224/224
f 222/222/222 224/224/224 225/225/225
f 226/226/226 227/227/227 228/228/228
f 226/226/226 228/228/228 229/229/229
f 230/230/230 231/231/231 232/232/232
f 230/230/230 232/232/232 233/233/233
f 234/234/234 235/235/235 236/236/236
f 234/234/234 236/236/236 237/237/237
f 238/238/238 239/239/239 240/240/240
f 238/238/238 240/240/240 241/241/241
f 242/242/242 243/243/243 244/244/244
f 242/242/242 244/244/244 245/245/245
f 246/246/246 247/247/247 248/248/248
f 246/246/246 248/248/248 249/249/249
f 250/250/250 251/251/251 252/252/252
f 250/250/250 252/252/252 253/253/253
f 254/254/254 255/255/255 256/256/256
f 254/254/254 256/256/256 257/257/257
f 258/258/258 259/259/259 260/260/260
f 258/258/258 260/260/260 261/261/261
f 262/262/262 263/263/263 264/264/264
f 262/262/262 264/264/264 265/265/265
f 266/266/266 267/267/267 268/268/268
f 266/266/266 268/268/268 269/269/269
f 270/270/270 271/271/271 272/272/272
f 270/270/270 272/272/272 273/273/273
f 274/274/274 275/275/275 276/276/276
f 274/274/274 276/276/276 277/277/277
f 278/278/278 279/279/279 280/280/280
f 278/278/278 280/280/280 281/281/281
f 282/282/282 283/283/283 284/284/284
f 282/282/282 284/284/284 285/285/285
f 286/286/286 287/287/287 288/288/288
f 286/286/286 288/288/288 289/289/289
f 290/290/290 291/291/291 292/292/292
f 290/290/290 292/292/292 293/293/293
f 294/294/294 295/295/295 296/296/296
f 294/294/294 296/296/296 297/297/297
f 298/298/298 299/299/299 300/300/300
f 298/298/298 300/300/300 301/301/301
f 302/302/302 303/303/303 304/304/304
f 302/302/302 304/304/304 305/305/305
f 306/306/306 307/307/307 308/308/308
f 306/306/306 308/308/308 309/309/309
f 310/310/310 311/311/311 312/312/312
f 310/310/310 312/312/312 313/313/313
f 314/314/314 315/315/315 316/316/316
f 314/314/314 316/316/316 317/317/317
f 318/318/318 319/319/319 320/320/320
f 318/318/318 320/320/320 321/321/321
f 322/322/322 323/323/323 324/324/324
f 322/322/322 324/324/324 325/325/325
f 326/326/326 327/327/327 328/328/328
f 326/326/326 328/328/328 329/329/329
f 330/330/330 331/331/331 332/332/332
f 330/330/330 332/332/332 333/333/333
f 334/334/334 335/335/335 336/336/336
f 334/334/334 336/336/336 337/337/337
f 338/338/338 339/339/339 340/340/340
f 338/338/338 340/340/340 341/341/341
f 342/342/342 343/343/343 344/344/344
f 342/342/342 344/344/344 345/345/345
f 346/346/346 347/347/347 348/348/348
f 346/346/346 348/348/348 349/349/349
f 350/350/350 351/351/351 352/352/352
f 350/350/350 352/352/352 353/353/353
f 354/354/354 355/355/355 356/356/356
f 354/354/354 356/356/356 357/357/357
f 358/358/358 359/359/359 360/360/360
f 358/358/358 360/360/360 361/361/361
f 362/362/362 363/363/363 364/364/364
f 362/362/362 364/364/364 365/365/365
f 366/366/366 367/367/367 368/368/368
f 366/366/366 368/368/368 369/369/369
f 370/370/370 371/371/371 372/372/372
f 370/370/370 372/372/372 373/373/373
f 374/374/374 375/375/375 376/376/376
f 374/374/374 376/376/376 377/377/377
f 378/378/378 379/379/379 380/380/380
f 378/378/378 380/380/380 381/381/381
f 382/382/382 383/383/383 384/384/384
f 382/382/382 384/384/384 385/385/385
f 386/386/386 387/387/387 388/388/388
f 386/386/386 388/388/388 389/389/389
f 390/390/390 391/391/391 392/392/392
f 390/390/390 392/392/392 393/393/393
f 394/394/394 395/395/395 396/396/396
f 394/394/394 396/396/396 397/397/397
f 398/398/398 399/399/399 400/400/400
f 398/398/398 400/400/400 401/401/401
f 402/402/402 403/403/403 404/404/404
f 402/402/402 404/404/404 405/405/405
f 406/406/406 407/407/407 408/408/408
f 406/406/406 408/408/408 409/409/409
f 410/410/410 411/411/411 412/412/412
f 410/410/410 412/412/412 413/413/413
f 414/414/414 415/415/415 416/416/416
f 414/414/414 416/416/416 417/417/417
f 418/418/418 419/419/419 420/420/420
f 418/418/418 420/420/420 421/421/421
f 422/422/422 423/423/423 424/424/424
f 422/422/422 424/424/424 425/425/425
f 426/426/426 427/427/427 428/428/428
f 426/426/426 428/428/428 429/429/429
f 430/430/430 431/431/431 432/432/432
f 430/430/430 432/432/432 433/433/433
f 434/434/434 435/435/435 436/436/436
f 434/434/434 436/436/436 437/437/437
f 438/438/438 439/439/439 440/440/440
f 438/438/438 440/440/440 441/441/441
f 442/442/442 443/443/443 444/444/444
f 442/442/442 444/444/444 445/445/445
f 446/446/446 447/447/447 448/448/448
f 446/446/446 448/448/448 449/449/449
f 450/450/450 451/451/451 452/452/452
f 450/450/450 452/452/452 453/453/453
f 454/454/454 455/455/455 456/456/456
f 454/454/454 456/456/456 457/457/457
f 458/458/458 459/459/459 460/460/460
f 458/458/458 460/460/460 461/461/461
f 462/462/462 463/463/463 464/464/464
f 462/462/462 464/464/464 465/465/465
f 466/466/466 467/467/467 468/468/468
f 466/466/466 468/468/468 469/469/469
f 470/470/470 471/471/471 472/472/472
f 470/470/470 472/472/472 473/473/473
f 474/474/474 475/475/475 476/476/476
f 474/474/474 476/476/476 477/477/477
f 478/478/478 479/479/479 480/480/480
f 478/478/478 480/480/480 481/481/481
f 482/482/482 483/483/483 484/484/484
f 482/482/482 484/484/484 485/485/485
f 486/486/486 487/487/487 488/488/488
f 486/486/486 488/488/488 489/489/489
f 490/490/490 491/491/491 492/492/492
f 490/490/490 492/492/492 493/493/493
f 494/494/494 495/495/495 496/496/496
f 494/494/494 496/496/496 497/497/497
f 498/498/498 499/499/499 500/500/500
f 498/498/498 500/500/500 501/501/501
f 502/502/502 503/503/503 504/504/504
f 502/502/502 504/504/504 505/505/505
f 506/506/506 507/507/507 508/508/508
f 506/506/506 508/508/508 509/509/509
f 510/510/510 511/511/511 512/512/512
f 510/510/510 512/512/512 513/513/513
f 514/514/514 515/515/515 516/516/516
f 514/514/514 516/516/516 517/517/517
f 518/518/518 519/519/519 520/520/520
f 518/518/518 520/520/520 521/521/521
f 522/522/522 523/523/523 524/524/524
f 522/522/522 524/524/524 525/525/525
f 526/526/526 527/527/527 528/528/528
f 526/526/526 528/528/528 529/529/529
f 530/530/530 531/531/531 532/532/532
f 530/530/530 532/532/532 533/533/533
f 534/534/534 535/535/535 536/536/536
f 534/534/534 536/536/536 537/537/537
f 538/538/538 539/539/539 540/540/540
f 538/538/538 540/540/540 541/541/541
f 542/542/542 543/543/543 544/544/544
f 542/542/542 544/544/544 545/545/545
f 546/546/546 547/547/547 548/548/548
f 546/546/546 548/548/548 549/549/549
f 550/550/550 551/551/551 552/552/552
f 550/550/550 552/552/552 553/553/553
f 554/554/554 555/555/555 556/556/556
f 554/554/554 556/556/556 557/557/557
f 558/558/558 559/559/559 560/560/560
f 558/558/558 560/560/560 561/561/561
f 562/562/562 563/563/563 564/564/564
f 562/562/562 564/564/564 565/565/565
f 566/566/566 567/567/567 568/568/568
f 566/566/566 568/568/568 569/569/569
f 570/570/570 571/571/571 572/572/572
f 570/570/570 572/572/572 573/573/573
f 574/574/574 575/575/575 576/576/576
f 574/574/574 576/576/576 577/577/577
f 578/578/578 579/579/579 580/580/580
f 578/578/578 580/580/580 581/581/581
f 582/582/582 583/583/583 584/584/584
f 582/582/582 584/584/584 585/585/585
f 586/586/586 587/587/587 588/588/588
f 586/586/586 588/588/588 589/589/589
f 590/590/590 591/591/591 592/592/592
f 590/590/590 592/592/592 593/593/593
f 594/594/594 595/595/595 596/596/596
f 594/594/594 596/596/596 597/597/597
f 598/598/598 599/599/599 600/600/600
f 598/598/598 600/600/600 601/601/601
f 602/602/602 603/603/603 604/604/604
f 602/602/602 604/604/604 605/605/605
f 606/606/606 607/607/607 608/608/608
f 606/606/606 608/608/608 609/609/609
f 610/610/610 611/611/611 612/612/612
f 610/610/610 612/612/612 613/613/613
f 614/614/614 615/615/615 616/616/616
f 614/614/614 616/616/616 617/617/617
f 618/618/618 619/619/619 620/620/620
f 618/618/618 620/620/620 621/621/621
f 622/622/622 623/623/623 624/624/624
f 622/622/622 624/624/624 625/625/625
f 626/626/626 627/627/627 628/628/628
f 626/626/626 628/628/628 629/629/629
f 630/630/630 631/631/631 632/632/632
f 630/630/630 632/632/632 633/633/633
f 634/634/634 635/635/635 636/636/636
f 634/634/634 636/636/636 637/637/637
f 638/638/638 639/639/639 640/640/640
f 638/638/638 640/640/640 641/641/641
f 642/642/642 643/643/643 644/644/644
f 642/642/642 644/644/644 645/645/645
f 646/646/646 647/647/647 648/648/648
f 646/646/646 648/648/648 649/649/649
f 650/650/650 651/651/651 652/652/652
f 650/650/650 652/652/652 653/653/653
f 654/654/654 655/655/655 656/656/656
f 654/654/654 656/656/656 657/657/657
f 658/658/658 659/659/659 660/660/660
f 658/658/658 660/660/660 661/661/661
f 662/662/662 663/663/663 664/664/664
f 662/662/662 664/664/664 665/665/665
f 666/666/666 667/667/667 668/668/668
f 666/666/666 668/668/668 669/669/669
f 670/670/670 671/671/671 672/672/672
f 670/670/670 672/672/672 673/673/673
f 674/674/674 675/675/675 676/676/676
f 674/674/674 676/676/676 677/677/677
f 678/678/678 679/679/679 680/680/680
f 678/678/678 680/680/680 681/681/681
f 682/682/682 683/683/683 684/684/684
f 682/682/682 684/684/684 685/685/685
f 686/686/686 687/687/687 688/688/688
f 686/686/686 688/688/688 689/689/689
f 690/690/690 691/691/691 692/692/692
f 690/690/690 692/692/692 693/693/693
f 694/694/694 695/695/695 696/696/696
f 694/694/694 696/696/696 697/697/697
f 698/698/698 699/699/699 700/700/700
f 698/698/698 700/700/700 701/701/701
f 702/702/702 703/703/703 704/704/704
f 702/702/702 704/704/704 705/705/705
f 706/706/706 707/707/707 708/708/708
f 706/706/706 708/708/708 709/709/709
f 710/710/710 711/711/711 712/712/712
f 710/710/710 712/712/712 713/713/713
f 714/714/714 715/715/715 716/716/716
f 714/714/714 716/716/716 717/717/717
f 718/718/718 719/719/719 720/720/720
f 718/718/718 720/720/720 721/721/721
f 722/722/722 723/723/723 724/724/724
f 722/722/722 724/724/724 725/725/725
f 726/726/726 727/727/727 728/728/728
f 726/726/726 728/728/728 729/729/729
f 730/730/730 731/731/731 732/732/732
f 730/730/730 732/732/732 733/733/733
f 734/734/734 735/735/735 736/736/736
f 734/734/734 736/736/736 737/737/737
f 738/738/738 739/739/739 740/740/740
f 738/738/738 740/740/740 741/741/741
f 742/742/742 743/743/743 744/744/744
f 742/742/742 744/744/744 745/745/745
f 746/746/746 747/747/747 748/748/748
f 746/746/746 748/748/748 749/749/749
f 750/750/750 751/751/751 752/752/752
f 750/750/750 752/752/752 753/753/753
f 754/754/754 755/755/755 756/756/756
f 754/754/754 756/756/756 757/757/757
f 758/758/758 759/759/759 760/760/760
f 758/758/758 760/760/760 761/761/761
f 762/762/762 763/763/763 764/764/764
f 762/762/762 764/764/764 765/765/765
f 766/766/766 767/767/767 768/768/768
f 766/766/766 768/768/768 769/769/769
f 770/770/770 771/771/771 772/772/772
f 770/770/770 772/772/772 773/773/773
f 774/774/774 775/775/775 776/776/776
f 774/774/774 776/776/776 777/777/777
f 778/778/778 779/779/779 780/780/780
f 778/778/778 780/780/780 781/781/781
f 782/782/782 783/783/783 784/784/784
f 782/782/782 784/784/784 785/785/785
f 786/786/786 787/787/787 788/788/788
f 786/786/786 788/788/788 789/789/789
f 790/790/790 791/791/791 792/792/792
f 790/790/790 792/792/792 793/793/793
f 794/794/794 795/795/795 796/796/796
f 794/794/794 796/796/796 797/797/797
f 798/798/798 799/799/799 800/800/800
f 798/798/798 800/800/800 801/801/801
f 802/802/802 803/803/803 804/804/804
f 802/802/802 804/804/804 805/805/805
f 806/806/806 807/807/807 808/808/808
f 806/806/806 808/808/808 809/809/809
f 810/810/810 811/811/811 812/812/812
f 810/810/810 812/812/812 813/813/813
f 814/814/814 815/815/815 816/816/816
f 814/814/814 816/816/816 817/817/817
f 818/818/818 819/819/819 820/820/820
f 818/818/818 820/820/820 821/821/821
f 822/822/822 823/823/823 824/824/824
f 822/822/822 824/824/824 825/825/825
f 826/826/826 827/827/827 828/828/828
f 826/826/826 828/828/828 829/829/829
f 830/830/830 831/831/831 832/832/832
f 830/830/830 832/832/832 833/833/833
f 834/834/834 835/835/835 836/836/836
f 834/834/834 836/836/836 837/837/837
f 838/838/838 839/839/839 840/840/840
f 838/838/838 840/840/840 841/841/841
f 842/842/842 843/843/843 844/844/844
f 842/842/842 844/844/844 845/845/845
f 846/846/846 847/847/847 848/848/848
f 846/846/846 848/848/848 849/849/849
f 850/850/850 851/851/851 852/852/852
f 850/850/850 852/852/852 853/853/853
f 854/854/854 855/855/855 856/856/856
f 854/854/854 856/856/856 857/857/857
f 858/858/858 859/859/859 860/860/860
f 858/858/858 860/860/860 861/861/861
f 862/862/862 863/863/863 864/864/864
f 862/862/862 864/864/864 865/865/865
f 866/866/866 867/867/867 868/868/868
f 866/866/866 868/868/868 869/869/869
f 870/870/870 871/871/871 872/872/872
f 870/870/870 872/872/872 873/873/873
f 874/874/874 875/875/875 876/876/876
f 874/874/874 876/876/876 877/877/877
f 878/878/878 879/879/879 880/880/880
f 878/878/878 880/880/880 881/881/881
f 882/882/882 883/883/883 884/884/884
f 882/882/882 884/884/884 885/885/885
f 886/886/886 887/887/887 888/888/888
f 886/886/886 888/888/888 889/889/889
f 890/890/890 891/891/891 892/892/892
f 890/890/890 892/892/892 893/893/893
f 894/894/894 895/895/895 896/896/896
f 894/894/894 896/896/896 897/897/897
f 898/898/898 899/899/899 900/900/900
f 898/898/898 900/900/900 901/901/901
f 902/902/902 903/903/903 904/904/904
f 902/902/902 904/904/904 905/905/905
f 906/906/906 907/907/907 908/908/908
f 906/906/906 908/908/908 909/909/909
f 910/910/910 911/911/911 912/912/912
f 910/910/910 912/912/912 913/913/913
f 914/914/914 915/915/915 916/916/916
f 914/914/914 916/916/916 917/917/917
f 918/918/918 919/919/919 920/920/920
f 918/918/918 920/920/920 921/921/921
f 922/922/922 923/923/923 924/924/924
f 922/922/922 924/924/924 925/925/925
f 926/926/926 927/927/927 928/928/928
f 926/926/926 928/928/928 929/929/929
f 930/930/930 931/931/931 932/932/932
f 930/930/930 932/932/932 933/933/933
f 934/934/934 935/935/935 936/936/936
f 934/934/934 936/936/936 937/937/937
f 938/938/938 939/939/939 940/940/940
f 938/938/938 940/940/940 941/941/941
f 942/942/942 943/943/943 944/944/944
f 942/942/942 944/944/944 945/945/945
f 946/946/946 947/947/947 948/948/948
f 946/946/946 948/948/948 949/949/949
f 950/950/950 951/951/951 952/952/952
f 950/950/950 952/952/952 953/953/953
f 954/954/954 955/955/955 956/956/956
f 954/954/954 956/956/956 957/957/957
f 958/958/958 959/959/959 960/960/960
f 958/958/958 960/960/960 961/961/961
f 962/962/962 963/963/963 964/964/964
f 962/962/962 964/964/964 965/965/965
f 966/966/966 967/967/967 968/968/968
f 966/966/966 968/968/968 969/969/969
f 970/970/970 971/971/971 972/972/972
f 970/970/970 972/972/972 973/973/973
f 974/974/974 975/975/975 976/976/976
f 974/974/974 976/976/976 977/977/977
f 978/978/978 979/979/979 980/980/980
f 978/978/978 980/980/980 981/981/981
f 982/982/982 983/983/983 984/984/984
f 982/982/982 984/984/984 985/985/985
f 986/986/986 987/987/987 988/988/988
f 986/986/986 988/988/988 989/989/989
f 990/990/990 991/991/991 992/992/992
f 990/990/990 992/992/992 993/993/993
f 994/994/994 995/995/995 996/996/996
f 994/994/994 996/996/996 997/997/997
f 998/998/998 999/999/999 1000/1000/1000
f 998/998/998 1000/1000/1000 1001/1001/1001
f 1002/1002/1002 1003/1003/1003 1004/1004/1004
f 1002/1002/1002 1004/1004/1004 1005/1005/1005
f 1006/1006/1006 1007/1007/1007 1008/1008/1008
f 1006/1006/1006 1008/1008/1008 1009/1009/1009
f 1010/1010/1010 1011/1011/1011 1012/1012/1012
f 1010/1010/1010 1012/1012/1012 1013/1013/1013
f 1014/1014/1014 1015/1015/1015 1016/1016/1016
f 1014/1014/1014 1016/1016/1016 1017/1017/1017
f 1018/1018/1018 1019/1019/1019 1020/1020/1020
f 1018/1018/1018 1020/1020/1020 1021/1021/1021
f 1022/1022/1022 1023/1023/1023 1024/1024/1024
f 1022/1022/1022 1024/1024/1024 1025/1025/1025
f 1026/1026/1026 1027/1027/1027 1028/1028/1028
f 1026/1026/1026 1028/1028/1028 1029/1029/1029
f 1030/1030/1030 1031/1031/1031 1032/1032/1032
f 1030/1030/1030 1032/1032/1032 1033/1033/1033
f 1034/1034/1034 1035/1035/1035 1036/1036/1036
f 1034/1034/1034 1036/1036/1036 1037/1037/1037
f 1038/1038/1038 1039/1039/1039 1040/1040/1040
f 1038/1038/1038 1040/1040/1040 1041/1041/1041
f 1042/1042/1042 1043/1043/1043 1044/1044/1044
f 1042/1042/1042 1044/1044/1044 1045/1045/1045
f 1046/1046/1046 1047/1047/1047 1048/1048/1048
f 1046/1046/1046 1048/1048/1048 1049/1049/1049
f 1050/1050/1050 1051/1051/1051 1052/1052/1052
f 1050/1050/1050 1052/1052/1052 1053/1053/1053
f 1054/1054/1054 1055/1055/1055 1056/1056/1056
f 1054/1054/1054 1056/1056/1056 1057/1057/1057
f 1058/1058/1058 1059/1059/1059 1060/1060/1060
f 1058/1058/1058 1060/1060/1060 1061/1061/1061
f 1062/1062/1062 1063/1063/1063 1064/1064/1064
f 1062/1062/1062 1064/1064/1064 1065/1065/1065
f 1066/1066/1066 1067/1067/1067 1068/1068/1068
f 1066/1066/1066 1068/1068/1068 1069/1069/1069
f 1070/1070/1070 1071/1071/1071 1072/1072/1072
f 1070/1070/1070 1072/1072/1072 1073/1073/1073
f 1074/1074/1074 1075/1075/1075 1076/1076/1076
f 1074/1074/1074 1076/1076/1076 1077/1077/1077
f 1078/1078/1078 1079/1079/1079 1080/1080/1080
f 1078/1078/1078 1080/1080/1080 1081/1081/1081
f 1082/1082/1082 1083/1083/1083 1084/1084/1084
f 1082/1082/1082 1084/1084/1084 1085/1085/1085
f 1086/1086/1086 1087/1087/1087 1088/1088/1088
f 1086/1086/1086 1088/1088/1088 1089/1089/1089
f 1090/1090/1090 1091/1091/1091 1092/1092/1092
f 1090/1090/1090 1092/1092/1092 1093/1093/1093
f 1094/1094/1094 1095/1095/1095 1096/1096/1096
f 1094/1094/1094 1096/1096/1096 1097/1097/1097
f 1098/1098/1098 1099/1099/1099 1100/1100/1100
f 1098/1098/1098 1100/1100/1100 1101/1101/1101
f 1102/1102/1102 1103/1103/1103 1104/1104/1104
f 1102/1102/1102 1104/1104/1104 1105/1105/1105
f 1106/1106/1106 1107/1107/1107 1108/1108/1108
f 1106/1106/1106 1108/1108/1108 1109/1109/1109
f 1110/1110/1110 1111/1111/1111 1112/1112/1112
f 1110/1110/1110 1112/1112/1112 1113/1113/1113
f 1114/1114/1114 1115/1115/1115 1116/1116/1116
f 1114/1114/1114 1116/1116/1116 1117/1117/1117
f 1118/1118/1118 1119/1119/1119 1120/1120/1120
f 1118/1118/1118 1120/1120/1120 1121/1121/1121
f 1122/1122/1122 1123/1123/1123 1124/1124/1124
f 1122/1122/1122 1124/1124/1124 1125/1125/1125
f 1126/1126/1126 1127/1127/1127 1128/1128/1128
f 1126/1126/1126 1128/1128/1128 1129/1129/1129
f 1130/1130/1130 1131/1131/1131 1132/1132/1132
f 1130/1130/1130 1132/1132/1132 1133/1133/1133
f 1134/1134/1134 1135/1135/1135 1136/1136/1136
f 1134/1134/1134 1136/1136/1136 1137/1137/1137
f 1138/1138/1138 1139/1139/1139 1140/1140/1140
f 1138/1138/1138 1140/1140/1140 1141/1141/1141
f 1142/1142/1142 1143/1143/1143 1144/1144/1144
f 1142/1142/1142 1144/1144/1144 1145/1145/1145
f 1146/1146/1146 1147/1147/1147 1148/1148/1148
f 1146/1146/1146 1148/1148/1148 1149/1149/1149
f 1150/1150/1150 1151/1151/1151 1152/1152/1152
f 1150/1150/1150 1152/1152/1152 1153/1153/1153
f 1154/1154/1154 1155/1155/1155 1156/1156/1156
f 1154/1154/1154 1156/1156/1156 1157/1157/1157
f 1158/1158/1158 1159/1159/1159 1160/1160/1160
f 1158/1158/1158 1160/1160/1160 1161/1161/1161
f 1162/1162/1162 1163/1163/1163 1164/1164/1164
f 1162/1162/1162 1164/1164/1164 1165/1165/1165
f 1166/1166/1166 1167/1167/1167 1168/1168/1168
f 1166/1166/1166 1168/1168/1168 1169/1169/1169
f 1170/1170/1170 1171/1171/1171 1172/1172/1172
f 1170/1170/1170 1172/1172/1172 1173/1173/1173
f 1174/1174/1174 1175/1175/1175 1176/1176/1176
f 1174/1174/1174 1176/1176/1176 1177/1177/1177
f 1178/1178/1178 1179/1179/1179 1180/1180/1180
f 1178/1178/1178 1180/1180/1180 1181/1181/1181
f 1182/1182/1182 1183/1183/1183 1184/1184/1184
f 1182/1182/1182 1184/1184/1184 1185/1185/1185
f 1186/1186/1186 1187/1187/1187 1188/1188/1188
f 1186/1186/1186 1188/1188/1188 1189/1189/1189
f 1190/1190/1190 1191/1191/1191 1192/1192/1192
f 1190/1190/1190 1192/1192/1192 1193/1193/1193
f 1194/1194/1194 1195/1195/1195 1196/1196/1196
f 1194/1194/1194 1196/1196/1196 1197/1197/1197
f 1198/1198/1198 1199/1199/1199 1200/1200/1200
f 1198/1198/1198 1200/1200/1200 1201/1201/1201
f 1202/1202/1202 1203/1203/1203 1204/1204/1204
f 1202/1202/1202 1204/1204/1204 1205/1205/1205
f 1206/1206/1206 1207/1207/1207 1208/1208/1208
f 1206/1206/1206 1208/1208/1208 1209/1209/1209
f 1210/1210/1210 1211/1211/1211 1212/1212/1212
f 1210/1210/1210 1212/1212/1212 1213/1213/1213
f 1214/1214/1214 1215/1215/1215 1216/1216/1216
f 1214/1214/1214 1216/1216/1216 1217/1217/1217
f 1218/1218/1218 1219/1219/1219 1220/1220/1220
f 1218/1218/1218 1220/1220/1220 1221/1221/1221
f 1222/1222/1222 1223/1223/1223 1224/1224/1224
f 1222/1222/1222 1224/1224/1224 1225/1225/1225
f 1226/1226/1226 1227/1227/1227 1228/1228/1228
f 1226/1226/1226 1228/1228/1228 1229/1229/1229
f 1230/1230/1230 1231/1231/1231 1232/1232/1232
f 1230/1230/1230 1232/1232/1232 1233/1233/1233
f 1234/1234/1234 1235/1235/1235 1236/1236/1236
f 1234/1234/1234 1236/1236/1236 1237/1237/1237
f 1238/1238/1238 1239/1239/1239 1240/1240/1240
f 1238/1238/1238 1240/1240/1240 1241/1241/1241
f 1242/1242/1242 1243/1243/1243 1244/1244/1244
f 1242/1242/1242 1244/1244/1244 1245/1245/1245
f 1246/1246/1246 1247/1247/1247 1248/1248/1248
f 1246/1246/1246 1248/1248/1248 1249/1249/1249
f 1250/1250/1250 1251/1251/1251 1252/1252/1252
f 1250/1250/1250 1252/1252/1252 1253/1253/1253
f 1254/1254/1254 1255/1255/1255 1256/1256/1256
f 1254/1254/1254 1256/1256/1256 1257/1257/1257
f 1258/1258/1258 1259/1259/1259 1260/1260/1260
f 1258/1258/1258 1260/1260/1260 1261/1261/1261
f 1262/1262/1262 1263/1263/1263 1264/1264/1264
f 1262/1262/1262 1264/1264/1264 1265/1265/1265
f 1266/1266/1266 1267/1267/1267 1268/1268/1268
f 1266/1266/1266 1268/1268/1268 1269/1269/1269
f 1270/1270/1270 1271/1271/1271 1272/1272/1272
f 1270/1270/1270 1272/1272/1272 1273/1273/1273
f 1274/1274/1274 1275/1275/1275 1276/1276/1276
f 1274/1274/1274 1276/1276/1276 1277/1277/1277
f 1278/1278/1278 1279/1279/1279 1280/1280/1280
f 1278/1278/1278 1280/1280/1280 1281/1281/1281
f 1282/1282/1282 1283/1283/1283 1284/1284/1284
f 1282/1282/1282 1284/1284/1284 1285/1285/1285
f 1286/1286/1286 1287/1287/1287 1288/1288/1288
f 1286/1286/1286 1288/1288/1288 1289/1289/1289
f 1290/1290/1290 1291/1291/1291 1292/1292/1292
f 1290/1290/1290 1292/1292/1292 1293/1293/1293
f 1294/1294/1294 1295/1295/1295 1296/1296/1296
f 1294/1294/1294 1296/1296/1296 1297/1297/1297
f 1298/1298/1298 1299/1299/1299 1300/1300/1300
f 1298/1298/1298 1300/1300/1300 1301/1301/1301
f 1302/1302/1302 1303/1303/1303 1304/1304/1304
f 1302/1302/1302 1304/1304/1304 1305/1305/1305
f 1306/1306/1306 1307/1307/1307 1308/1308/1308
f 1306/1306/1306 1308/1308/1308 1309/1309/1309
f 1310/1310/1310 1311/1311/1311 1312/1312/1312
f 1310/1310/1310 1312/1312/1312 1313/1313/1313
f 1314/1314/1314 1315/1315/1315 1316/1316/1316
f 1314/1314/1314 1316/1316/1316 1317/1317/1317
f 1318/1318/1318 1319/1319/1319 1320/1320/1320
f 1318/1318/1318 1320/1320/1320 1321/1321/1321
f 1322/1322/1322 1323/1323/1323 1324/1324/1324
f 1322/1322/1322 1324/1324/1324 1325/1325/1325
f 1326/1326/1326 1327/1327/1327 1328/1328/1328
f 1326/1326/1326 1328/1328/1328 1329/1329/1329
f 1330/1330/1330 1331/1331/1331 1332/1332/1332
f 1330/1330/1330 1332/1332/1332 1333/1333/1333
f 1334/1334/1334 1335/1335/1335 1336/1336/1336
f 1334/1334/1334 1336/1336/1336 1337/1337/1337
f 1338/1338/1338 1339/1339/1339 1340/1340/1340
f 1338/1338/1338 1340/1340/1340 1341/1341/1341
f 1342/1342/1342 1343/1343/1343 1344/1344/1344
f 1342/1342/1342 1344/1344/1344 1345/1345/1345
f 1346/1346/1346 1347/1347/1347 1348/1348/1348
f 1346/1346/1346 1348/1348/1348 1349/1349/1349
f 1350/1350/1350 1351/1351/1351 1352/1352/1352
f 1350/1350/1350 1352/1352/1352 1353/1353/1353
f 1354/1354/1354 1355/1355/1355 1356/1356/1356
f 1354/1354/1354 1356/1356/1356 1357/1357/1357
f 1358/1358/1358 1359/1359/1359 1360/1360/1360
f 1358/1358/1358 1360/1360/1360 1361/1361/1361
f 1362/1362/1362 1363/1363/1363 1364/1364/1364
f 1362/1362/1362 1364/1364/1364 1365/1365/1365
f 1366/1366/1366 1367/1367/1367 1368/1368/1368
f 1366/1366/1366 1368/1368/1368 1369/1369/1369
f 1370/1370/1370 1371/1371/1371 1372/1372/1372
f 1370/1370/1370 1372/1372/1372 1373/1373/1373
f 1374/1374/1374 1375/1375/1375 1376/1376/1376
f 1374/1374/1374 1376/1376/1376 1377/1377/1377
f 1378/1378/1378 1379/1379/1379 1380/1380/1380
f 1378/1378/1378 1380/1380/1380 1381/1381/1381
f 1382/1382/1382 1383/1383/1383 1384/1384/1384
f 1382/1382/1382 1384/1384/1384 1385/1385/1385
f 1386/1386/1386 1387/1387/1387 1388/1388/1388
f 1386/1386/1386 1388/1388/1388 1389/1389/1389
f 1390/1390/1390 1391/1391/1391 1392/1392/1392
f 1390/1390/1390 1392/1392/1392 1393/1393/1393
f 1394/1394/1394 1395/1395/1395 1396/1396/1396
f 1394/1394/1394 1396/1396/1396 1397/1397/1397
f 1398/1398/1398 1399/1399/1399 1400/1400/1400
f 1398/1398/1398 1400/1400/1400 1401/1401/1401
f 1402/1402/1402 1403/1403/1403 1404/1404/1404
f 1402/1402/1402 1404/1404/1404 1405/1405/1405
f 1406/1406/1406 1407/1407/1407 1408/1408/1408
f 1406/1406/1406 1408/1408/1408 1409/1409/1409
f 1410/1410/1410 1411/1411/1411 1412/1412/1412
f 1410/1410/1410 1412/1412/1412 1413/1413/1413
f 1414/1414/1414 1415/1415/1415 1416/1416/1416
f 1414/1414/1414 1416/1416/1416 1417/1417/1417
f 1418/1418/1418 1419/1419/1419 1420/1420/1420
f 1418/1418/1418 1420/1420/1420 1421/1421/1421
f 1422/1422/1422 1423/1423/1423 1424/1424/1424
f 1422/1422/1422 1424/1424/1424 1425/1425/1425
f 1426/1426/1426 1427/1427/1427 1428/1428/1428
f 1426/1426/1426 1428/1428/1428 1429/1429/1429
f 1430/1430/1430 1431/1431/1431 1432/1432/1432
f 1430/1430/1430 1432/1432/1432 1433/1433/1433
f 1434/1434/1434 1435/1435/1435 1436/1436/1436
f 1434/1434/1434 1436/1436/1436 1437/1437/1437
f 1438/1438/1438 1439/1439/1439 1440/1440/1440
f 1438/1438/1438 1440/1440/1440 1441/1441/1441
f 1442/1442/1442 1443/1443/1443 1444/1444/1444
f 1442/1442/1442 1444/1444/1444 1445/1445/1445
f 1446/1446/1446 1447/1447/1447 1448/1448/1448
f 1446/1446/1446 1448/1448/1448 1449/1449/1449
f 1450/1450/1450 1451/1451/1451 1452/1452/1452
f 1450/1450/1450 1452/1452/1452 1453/1453/1453
f 1454/1454/1454 1455/1455/1455 1456/1456/1456
f 1454/1454/1454 1456/1456/1456 1457/1457/1457
f 1458/1458/1458 1459/1459/1459 1460/1460/1460
f 1458/1458/1458 1460/1460/1460 1461/1461/1461
f 1462/1462/1462 1463/1463/1463 1464/1464/1464
f 1462/1462/1462 1464/1464/1464 1465/1465/1465
f 1466/1466/1466 1467/1467/1467 1468/1468/1468
f 1466/1466/1466 1468/1468/1468 1469/1469/1469
f 1470/1470/1470 1471/1471/1471 1472/1472/1472
f 1470/1470/1470 1472/1472/1472 1473/1473/1473
f 1474/1474/1474 1475/1475/1475 1476/1476/1476
f 1474/1474/1474 1476/1476/1476 1477/1477/1477
f 1478/1478/1478 1479/1479/1479 1480/1480/1480
f 1478/1478/1478 1480/1480/1480 1481/1481/1481
f 1482/1482/1482 1483/1483/1483 1484/1484/1484
f 1482/1482/1482 1484/1484/1484 1485/1485/1485
f 1486/1486/1486 1487/1487/1487 1488/1488/1488
f 1486/1486/1486 1488/1488/1488 1489/1489/1489
f 1490/1490/1490 1491/1491/1491 1492/1492/1492
f 1490/1490/1490 1492/1492/1492 1493/1493/1493
f 1494/1494/1494 1495/1495/1495 1496/1496/1496
f 1494/1494/1494 1496/1496/1496 1497/1497/1497
f 1498/1498/1498 1499/1499/1499 1500/1500/1500
f 1498/1498/1498 1500/1500/1500 1501/1501/1501
f 1502/1502/1502 1503/1503/1503 1504/1504/1504
f 1502/1502/1502 1504/1504/1504 1505/1505/1505
f 1506/1506/1506 1507/1507/1507 1508/1508/1508
f 1506/1506/1506 1508/1508/1508 1509/1509/1509
f 1510/1510/1510 1511/1511/1511 1512/1512/1512
f 1510/1510/1510 1512/1512/1512 1513/1513/1513
f 1514/1514/1514 1515/1515/1515 1516/1516/1516
f 1514/1514/1514 1516/1516/1516 1517/1517/1517
f 1518/1518/1518 1519/1519/1519 1520/1520/1520
f 1518/1518/1518 1520/1520/1520 1521/1521/1521
f 1522/1522/1522 1523/1523/1523 1524/1524/1524
f 1522/1522/1522 1524/1524/1524 1525/1525/1525
f 1526/1526/1526 1527/1527/1527 1528/1528/1528
f 1526/1526/1526 1528/1528/1528 1529/1529/1529
f 1530/1530/1530 1531/1531/1531 1532/1532/1532
f 1530/1530/1530 1532/1532/1532 1533/1533/1533
f 1534/1534/1534 1535/1535/1535 1536/1536/1536
f 1534/1534/1534 1536/1536/1536 1537/1537/1537
f 1538/1538/1538 1539/1539/1539 1540/1540/1540
f 1538/1538/1538 1540/1540/1540 1541/1541/1541
f 1542/1542/1542 1543/1543/1543 1544/1544/1544
f 1542/1542/1542 1544/1544/1544 1545/1545/1545
f 1546/1546/1546 1547/1547/1547 1548/1548/1548
f 1546/1546/1546 1548/1548/1548 1549/1549/1549
f 1550/1550/1550 1551/1551/1551 1552/1552/1552
f 1550/1550/1550 1552/1552/1552 1553/1553/1553
f 1554/1554/1554 1555/1555/1555 1556/1556/1556
f 1554/1554/1554 1556/1556/1556 1557/1557/1557
f 1558/1558/1558 1559/1559/1559 1560/1560/1560
f 1558/1558/1558 1560/1560/1560 1561/1561/1561
f 1562/1562/1562 1563/1563/1563 1564/1564/1564
f 1562/1562/1562 1564/1564/1564 1565/1565/1565
f 1566/1566/1566 1567/1567/1567 1568/1568/1568
f 1566/1566/1566 1568/1568/1568 1569/1569/1569
f 1570/1570/1570 1571/1571/1571 1572/1572/1572
f 1570/1570/1570 1572/1572/1572 1573/1573/1573
f 1574/1574/1574 1575/1575/1575 1576/1576/1576
f 1574/1574/1574 1576/1576/1576 1577/1577/1577
f 1578/1578/1578 1579/1579/1579 1580/1580/1580
f 1578/1578/1578 1580/1580/1580 1581/1581/1581
f 1582/1582/1582 1583/1583/1583 1584/1584/1584
f 1582/1582/1582 1584/1584/1584 1585/1585/1585
f 1586/1586/1586 1587/1587/1587 1588/1588/1588
f 1586/1586/1586 1588/1588/1588 1589/1589/1589
f 1590/1590/1590 1591/1591/1591 1592/1592/1592
f 1590/1590/1590 1592/1592/1592 1593/1593/1593
f 1594/1594/1594 1595/1595/1595 1596/1596/1596
f 1594/1594/1594 1596/1596/1596 1597/1597/1597
f 1598/1598/1598 1599/1599/1599 1600/1600/1600
f 1598/1598/1598 1600/1600/1600 1601/1601/1601
f 1602/1602/1602 1603/1603/1603 1604/1604/1604
f 1602/1602/1602 1604/1604/1604 1605/1605/1605
f 1606/1606/1606 1607/1607/1607 1608/1608/1608
f 1606/1606/1606 1608/1608/1608 1609/1609/1609
f 1610/1610/1610 1611/1611/1611 1612/1612/1612
f 1610/1610/1610 1612/1612/1612 1613/1613/1613
f 1614/1614/1614 1615/1615/1615 1616/1616/1616
f 1614/1614/1614 1616/1616/1616 1617/1617/1617
f 1618/1618/1618 1619/1619/1619 1620/1620/1620
f 1618/1618/1618 1620/1620/1620 1621/1621/1621
f 1622/1622/1622 1623/1623/1623 1624/1624/1624
f 1622/1622/1622 1624/1624/1624 1625/1625/1625
f 1626/1626/1626 1627/1627/1627 1628/1628/1628
f 1626/1626/1626 1628/1628/1628 1629/1629/1629
f 1630/1630/1630 1631/1631/1631 1632/1632/1632
f 1630/1630/1630 1632/1632/1632 1633/1633/1633
f 1634/1634/1634 1635/1635/1635 1636/1636/1636
f 1634/1634/1634 1636/1636/1636 1637/1637/1637
f 1638/1638/1638 1639/1639/1639 1640/1640/1640
f 1638/1638/1638 1640/1640/1640 1641/1641/1641
f 1642/1642/1642 1643/1643/1643 1644/1644/1644
f 1642/1642/1642 1644/1644/1644 1645/1645/1645
f 1646/1646/1646 1647/1647/1647 1648/1648/1648
f 1646/1646/1646 1648/1648/1648 1649/1649/1649
f 1650/1650/1650 1651/1651/1651 1652/1652/1652
f 1650/1650/1650 1652/1652/1652 1653/1653/1653
f 1654/1654/1654 1655/1655/1655 1656/1656/1656
f 1654/1654/1654 1656/1656/1656 1657/1657/1657
f 1658/1658/1658 1659/1659/1659 1660/1660/1660
f 1658/1658/1658 1660/1660/1660 1661/1661/1661
f 1662/1662/1662 1663/1663/1663 1664/1664/1664
f 1662/1662/1662 1664/1664/1664 1665/1665/1665
f 1666/1666/1666 1667/1667/1667 1668/1668/1668
f 1666/1666/1666 1668/1668/1668 1669/1669/1669
f 1670/1670/1670 1671/1671/1671 1672/1672/1672
f 1670/1670/1670 1672/1672/1672 1673/1673/1673
f 1674/1674/1674 1675/1675/1675 1676/1676/1676
f 1674/1674/1674 1676/1676/1676 1677/1677/1677
f 1678/1678/1678 1679/1679/1679 1680/1680/1680
f 1678/1678/1678 1680/1680/1680 1681/1681/1681
f 1682/1682/1682 1683/1683/1683 1684/1684/1684
f 1682/1682/1682 1684/1684/1684 1685/1685/1685
f 1686/1686/1686 1687/1687/1687 1688/1688/1688
f 1686/1686/1686 1688/1688/1688 1689/1689/1689
f 1690/1690/1690 1691/1691/1691 1692/1692/1692
f 1690/1690/1690 1692/1692/1692 1693/1693/1693
f 1694/1694/1694 1695/1695/1695 1696/1696/1696
f 1694/1694/1694 1696/1696/1696 1697/1697/1697
f 1698/1698/1698 1699/1699/1699 1700/1700/1700
f 1698/1698/1698 1700/1700/1700 1701/1701/1701
f 1702/1702/1702 1703/1703/1703 1704/1704/1704
f 1702/1702/1702 1704/1704/1704 1705/1705/1705
f 1706/1706/1706 1707/1707/1707 1708/1708/1708
f 1706/1706/1706 1708/1708/1708 1709/1709/1709
f 1710/1710/1710 1711/1711/1711 1712/1712/1712
f 1710/1710/1710 1712/1712/1712 1713/1713/1713
f 1714/1714/1714 1715/1715/1715 1716/1716/1716
f 1714/1714/1714 1716/1716/1716 1717/1717/1717
f 1718/1718/1718 1719/1719/1719 1720/1720/1720
f 1718/1718/1718 1720/1720/1720 1721/1721/1721
f 1722/1722/1722 1723/1723/1723 1724/1724/1724
f 1722/1722/1722 1724/1724/1724 1725/1725/1725
f 1726/1726/1726 1727/1727/1727 1728/1728/1728
f 1726/1726/1726 1728/1728/1728 1729/1729/1729
f 1730/1730/1730 1731/1731/1731 1732/1732/1732
f 1730/1730/1730 1732/1732/1732 1733/1733/1733
f 1734/1734/1734 1735/1735/1735 1736/1736/1736
f 1734/1734/1734 1736/1736/1736 1737/1737/1737
f 1738/1738/1738 1739/1739/1739 1740/1740/1740
f 1738/1738/1738 1740/1740/1740 1741/1741/1741
f 1742/1742/1742 1743/1743/1743 1744/1744/1744
f 1742/1742/1742 1744/1744/1744 1745/1745/1745
f 1746/1746/1746 1747/1747/1747 1748/1748/1748
f 1746/1746/1746 1748/1748/1748 1749/1749/1749
f 1750/1750/1750 1751/1751/1751 1752/1752/1752
f 1750/1750/1750 1752/1752/1752 1753/1753/1753
f 1754/1754/1754 1755/1755/1755 1756/1756/1756
f 1754/1754/1754 1756/1756/1756 1757/1757/1757
f 1758/1758/1758 1759/1759/1759 1760/1760/1760
f 1758/1758/1758 1760/1760/1760 1761/1761/1761
f 1762/1762/1762 1763/1763/1763 1764/1764/1764
f 1762/1762/1762 1764/1764/1764 1765/1765/1765
f 1766/1766/1766 1767/1767/1767 1768/1768/1768
f 1766/1766/1766 1768/1768/1768 1769/1769/1769
f 1770/1770/1770 1771/1771/1771 1772/1772/1772
f 1770/1770/1770 1772/1772/1772 1773/1773/1773
f 1774/1774/1774 1775/1775/1775 1776/1776/1776
f 1774/1774/1774 1776/1776/1776 1777/1777/1777
f 1778/1778/1778 1779/1779/1779 1780/1780/1780
f 1778/1778/1778 1780/1780/1780 1781/1781/1781
f 1782/1782/1782 1783/1783/1783 1784/1784/1784
f 1782/1782/1782 1784/1784/1784 1785/1785/1785
f 1786/1786/1786 1787/1787/1787 1788/1788/1788
f 1786/1786/1786 1788/1788/1788 1789/1789/1789
f 1790/1790/1790 1791/1791/1791 1792/1792/1792
f 1790/1790/1790 1792/1792/1792 1793/1793/1793
f 1794/1794/1794 1795/1795/1795 1796/1796/1796
f 1794/1794/1794 1796/1796/1796 1797/1797/1797
f 1798/1798/1798 1799/1799/1799 1800/1800/1800
f 1798/1798/1798 1800/1800/1800 1801/1801/1801
f 1802/1802/1802 1803/1803/1803 1804/1804/1804
f 1802/1802/1802 1804/1804/1804 1805/1805/1805
f 1806/1806/1806 1807/1807/1807 1808/1808/1808
f 1806/1806/1806 1808/1808/1808 1809/1809/1809
f 1810/1810/1810 1811/1811/1811 1812/1812/1812
f 1810/1810/1810 1812/1812/1812 1813/1813/1813
f 1814/1814/1814 1815/1815/1815 1816/1816/1816
f 1814/1814/1814 1816/1816/1816 1817/1817/1817
f 1818/1818/1818 1819/1819/1819 1820/1820/1820
f 1818/1818/1818 1820/1820/1820 1821/1821/1821
f 1822/1822/1822 1823/1823/1823 1824/1824/1824
f 1822/1822/1822 1824/1824/1824 1825/1825/1825
f 1826/1826/1826 1827/1827/1827 1828/1828/1828
f 1826/1826/1826 1828/1828/1828 1829/1829/1829
f 1830/1830/1830 1831/1831/1831 1832/1832/1832
f 1830/1830/1830 1832/1832/1832 1833/1833/1833
f 1834/1834/1834 1835/1835/1835 1836/1836/1836
f 1834/1834/1834 1836/1836/1836 1837/1837/1837
f 1838/1838/1838 1839/1839/1839 1840/1840/1840
f 1838/1838/1838 1840/1840/1840 1841/1841/1841
f 1842/1842/1842 1843/1843/1843 1844/1844/1844
f 1842/1842/1842 1844/1844/1844 1845/1845/1845
f 1846/1846/1846 1847/1847/1847 1848/1848/1848
f 1846/1846/1846 1848/1848/1848 1849/1849/1849
f 1850/1850/1850 1851/1851/1851 1852/1852/1852
f 1850/1850/1850 1852/1852/1852 1853/1853/1853
f 1854/1854/1854 1855/1855/1855 1856/1856/1856
f 1854/1854/1854 1856/1856/1856 1857/1857/1857
f 1858/1858/1858 1859/1859/1859 1860/1860/1860
f 1858/1858/1858 1860/1860/1860 1861/1861/1861
f 1862/1862/1862 1863/1863/1863 1864/1864/1864
f 1862/1862/1862 1864/1864/1864 1865/1865/1865
f 1866/1866/1866 1867/1867/1867 1868/1868/1868
f 1866/1866/1866 1868/1868/1868 1869/1869/1869
f 1870/1870/1870 1871/1871/1871 1872/1872/1872
f 1870/1870/1870 1872/1872/1872 1873/1873/1873
f 1874/1874/1874 1875/1875/1875 1876/1876/1876
f 1874/1874/1874 1876/1876/1876 1877/1877/1877
f 1878/1878/1878 1879/1879/1879 1880/1880/1880
f 1878/1878/1878 1880/1880/1880 1881/1881/1881
f 1882/1882/1882 1883/1883/1883 1884/1884/1884
f 1882/1882/1882 1884/1884/1884 1885/1885/1885
f 1886/1886/1886 1887/1887/1887 1888/1888/1888
f 1886/1886/1886 1888/1888/1888 1889/1889/1889
f 1890/1890/1890 1891/1891/1891 1892/1892/1892
f 1890/1890/1890 1892/1892/1892 1893/1893/1893
f 1894/1894/1894 1895/1895/1895 1896/1896/1896
f 1894/1894/1894 1896/1896/1896 1897/1897/1897
f 1898/1898/1898 1899/1899/1899 1900/1900/1900
f 1898/1898/1898 1900/1900/1900 1901/1901/1901
f 1902/1902/1902 1903/1903/1903 1904/1904/1904
f 1902/1902/1902 1904/1904/1904 1905/1905/1905
f 1906/1906/1906 1907/1907/1907 1908/1908/1908
f 1906/1906/1906 1908/1908/1908 1909/1909/1909
f 1910/1910/1910 1911/1911/1911 1912/1912/1912
f 1910/1910/1910 1912/1912/1912 1913/1913/1913
f 1914/1914/1914 1915/1915/1915 1916/1916/1916
f 1914/1914/1914 1916/1916/1916 1917/1917/1917
f 1918/1918/1918 1919/1919/1919 1920/1920/1920
f 1918/1918/1918 1920/1920/1920 1921/1921/1921
f 1922/1922/1922 1923/1923/1923 1924/1924/1924
f 1922/1922/1922 1924/1924/1924 1925/1925/1925
f 1926/1926/1926 1927/1927/1927 1928/1928/1928
f 1926/1926/1926 1928/1928/1928 1929/1929/1929
f 1930/1930/1930 1931/1931/1931 1932/1932/1932
f 1930/1930/1930 1932/1932/1932 1933/1933/1933
f 1934/1934/1934 1935/1935/1935 1936/1936/1936
f 1934/1934/1934 1936/1936/1936 1937/1937/1937
f 1938/1938/1938 1939/1939/1939 1940/1940/1940
f 1938/1938/1938 1940/1940/1940 1941/1941/1941
f 1942/1942/1942 1943/1943/1943 1944/1944/1944
f 1942/1942/1942 1944/1944/1944 1945/1945/1945
f 1946/1946/1946 1947/1947/1947 1948/1948/1948
f 1946/1946/1946 1948/1948/1948 1949/1949/1949
f 1950/1950/1950 1951/1951/1951 1952/1952/1952
f 1950/1950/1950 1952/1952/1952 1953/1953/1953
f 1954/1954/1954 1955/1955/1955 1956/1956/1956
f 1954/1954/1954 1956/1956/1956 1957/1957/1957
f 1958/1958/1958 1959/1959/1959 1960/1960/1960
f 1958/1958/1958 1960/1960/1960 1961/1961/1961
f 1962/1962/1962 1963/1963/1963 1964/1964/1964
f 1962/1962/1962 1964/1964/1964 1965/1965/1965
f 1966/1966/1966 1967/1967/1967 1968/1968/1968
f 1966/1966/1966 1968/1968/1968 1969/1969/1969
f 1970/1970/1970 1971/1971/1971 1972/1972/1972
f 1970/1970/1970 1972/1972/1972 1973/1973/1973
f 1974/1974/1974 1975/1975/1975 1976/1976/1976
f 1974/1974/1974 1976/1976/1976 1977/1977/1977
f 1978/1978/1978 1979/1979/1979 1980/1980/1980
f 1978/1978/1978 1980/1980/1980 1981/1981/1981
f 1982/1982/1982 1983/1983/1983 1984/1984/1984
f 1982/1982/1982 1984/1984/1984 1985/1985/1985
f 1986/1986/1986 1987/1987/1987 1988/1988/1988
f 1986/1986/1986 1988/1988/1988 1989/1989/1989
f 1990/1990/1990 1991/1991/1991 1992/1992/1992
f 1990/1990/1990 1992/1992/1992 1993/1993/1993
f 1994/1994/1994 1995/1995/1995 1996/1996/1996
f 1994/1994/1994 1996/1996/1996 1997/1997/1997
f 1998/1998/1998 1999/1999/1999 2000/2000/2000
f 1998/1998/1998 2000/2000/2000 2001/2001/2001
f 2002/2002/2002 2003/2003/2003 2004/2004/2004
f 2002/2002/2002 2004/2004/2004 2005/2005/2005
f 2006/2006/2006 2007/2007/2007 2008/2008/2008
f 2006/2006/2006 2008/2008/2008 2009/2009/2009
f 2010/2010/2010 2011/2011/2011 2012/2012/2012
f 2010/2010/2010 2012/2012/2012 2013/2013/2013
f 2014/2014/2014 2015/2015/2015 2016/2016/2016
f 2014/2014/2014 2016/2016/2016 2017/2017/2017
f 2018/2018/2018 2019/2019/2019 2020/2020/2020
f 2018/2018/2018 2020/2020/2020 2021/2021/2021
f 2022/2022/2022 2023/2023/2023 2024/2024/2024
f 2022/2022/2022 2024/2024/2024 2025/2025/2025
f 2026/2026/2026 2027/2027/2027 2028/2028/2028
f 2026/2026/2026 2028/2028/2028 2029/2029/2029
f 2030/2030/2030 2031/2031/2031 2032/2032/2032
f 2030/2030/2030 2032/2032/2032 2033/2033/2033
f 2034/2034/2034 2035/2035/2035 2036/2036/2036
f 2034/2034/2034 2036/2036/2036 2037/2037/2037
f 2038/2038/2038 2039/2039/2039 2040/2040/2040
f 2038/2038/2038 2040/2040/2040 2041/2041/2041
f 2042/2042/2042 2043/2043/2043 2044/2044/2044
f 2042/2042/2042 2044/2044/2044 2045/2045/2045
f 2046/2046/2046 2047/2047/2047 2048/2048/2048
f 2046/2046/2046 2048/2048/2048 2049/2049/2049
f 2050/2050/2050 2051/2051/2051 2052/2052/2052
f 2050/2050/2050 2052/2052/2052 2053/2053/2053
f 2054/2054/2054 2055/2055/2055 2056/2056/2056
f 2054/2054/2054 2056/2056/2056 2057/2057/2057
f 2058/2058/2058 2059/2059/2059 2060/2060/2060
f 2058/2058/2058 2060/2060/2060 2061/2061/2061
f 2062/2062/2062 2063/2063/2063 2064/2064/2064
f 2062/2062/2062 2064/2064/2064 2065/2065/2065
f 2066/2066/2066 2067/2067/2067 2068/2068/2068
f 2066/2066/2066 2068/2068/2068 2069/2069/2069
f 2070/2070/2070 2071/2071/2071 2072/2072/2072
f 2070/2070/2070 2072/2072/2072 2073/2073/2073
f 2074/2074/2074 2075/2075/2075 2076/2076/2076
f 2074/2074/2074 2076/2076/2076 2077/2077/2077
f 2078/2078/2078 2079/2079/2079 2080/2080/2080
f 2078/2078/2078 2080/2080/2080 2081/2081/2081
f 2082/2082/2082 2083/2083/2083 2084/2084/2084
f 2082/2082/2082 2084/2084/2084 2085/2085/2085
f 2086/2086/2086 2087/2087/2087 2088/2088/2088
f 2086/2086/2086 2088/2088/2088 2089/2089/2089
f 2090/2090/2090 2091/2091/2091 2092/2092/2092
f 2090/2090/2090 2092/2092/2092 2093/2093/2093
f 2094/2094/2094 2095/2095/2095 2096/2096/2096
f 2094/2094/2094 2096/2096/2096 2097/2097/2097
f 2098/2098/2098 2099/2099/2099 2100/2100/2100
f 2098/2098/2098 2100/2100/2100 2101/2101/2101
f 2102/2102/2102 2103/2103/2103 2104/2104/2104
f 2102/2102/2102 2104/2104/2104 2105/2105/2105
f 2106/2106/2106 2107/2107/2107 2108/2108/2108
f 2106/2106/2106 2108/2108/2108 2109/2109/2109
f 2110/2110/2110 2111/2111/2111 2112/2112/2112
f 2110/2110/2110 2112/2112/2112 2113/2113/2113
f 2114/2114/2114 2115/2115/2115 2116/2116/2116
f 2114/2114/2114 2116/2116/2116 2117/2117/2117
f 2118/2118/2118 2119/2119/2119 2120/2120/2120
f 2118/2118/2118 2120/2120/2120 2121/2121/2121
f 2122/2122/2122 2123/2123/2123 2124/2124/2124
f 2122/2122/2122 2124/2124/2124 2125/2125/2125
f 2126/2126/2126 2127/2127/2127 2128/2128/2128
f 2126/2126/2126 2128/2128/2128 2129/2129/2129
f 2130/2130/2130 2131/2131/2131 2132/2132/2132
f 2130/2130/2130 2132/2132/2132 2133/2133/2133
f 2134/2134/2134 2135/2135/2135 2136/2136/2136
f 2134/2134/2134 2136/2136/2136 2137/2137/2137
f 2138/2138/2138 2139/2139/2139 2140/2140/2140
f 2138/2138/2138 2140/2140/2140 2141/2141/2141
f 2142/2142/2142 2143/2143/2143 2144/2144/2144
f 2142/2142/2142 2144/2144/2144 2145/2145/2145
f 2146/2146/2146 2147/2147/2147 2148/2148/2148
f 2146/2146/2146 2148/2148/2148 2149/2149/2149
f 2150/2150/2150 2151/2151/2151 2152/2152/2152
f 2150/2150/2150 2152/2152/2152 2153/2153/2153
f 2154/2154/2154 2155/2155/2155 2156/2156/2156
f 2154/2154/2154 2156/2156/2156 2157/2157/2157
f 2158/2158/2158 2159/2159/2159 2160/2160/2160
f 2158/2158/2158 2160/2160/2160 2161/2161/2161
f 2162/2162/2162 2163/2163/2163 2164/2164/2164
f 2162/2162/2162 2164/2164/2164 2165/2165/2165
f 2166/2166/2166 2167/2167/2167 2168/2168/2168
f 2166/2166/2166 2168/2168/2168 2169/2169/2169
f 2170/2170/2170 2171/2171/2171 2172/2172/2172
f 2170/2170/2170 2172/2172/2172 2173/2173/2173
f 2174/2174/2174 2175/2175/2175 2176/2176/2176
f 2174/2174/2174 2176/2176/2176 2177/2177/2177
f 2178/2178/2178 2179/2179/2179 2180/2180/2180
f 2178/2178/2178 2180/2180/2180 2181/2181/2181
f 2182/2182/2182 2183/2183/2183 2184/2184/2184
f 2182/2182/2182 2184/2184/2184 2185/2185/2185
f 2186/2186/2186 2187/2187/2187 2188/2188/2188
f 2186/2186/2186 2188/2188/2188 2189/2189/2189
f 2190/2190/2190 2191/2191/2191 2192/2192/2192
f 2190/2190/2190 2192/2192/2192 2193/2193/2193
f 2194/2194/2194 2195/2195/2195 2196/2196/2196
f 2194/2194/2194 2196/2196/2196 2197/2197/2197
f 2198/2198/2198 2199/2199/2199 2200/2200/2200
f 2198/2198/2198 2200/2200/2200 2201/2201/2201
f 2202/2202/2202 2203/2203/2203 2204/2204/2204
f 2202/2202/2202 2204/2204/2204 2205/2205/2205
f 2206/2206/2206 2207/2207/2207 2208/2208/2208
f 2206/2206/2206 2208/2208/2208 2209/2209/2209
f 2210/2210/2210 2211/2211/2211 2212/2212/2212
f 2210/2210/2210 2212/2212/2212 2213/2213/2213
f 2214/2214/2214 2215/2215/2215 2216/2216/2216
f 2214/2214/2214 2216/2216/2216 2217/2217/2217
f 2218/2218/2218 2219/2219/2219 2220/2220/2220
f 2218/2218/2218 2220/2220/2220 2221/2221/2221
f 2222/2222/2222 2223/2223/2223 2224/2224/2224
f 2222/2222/2222 2224/2224/2224 2225/2225/2225
f 2226/2226/2226 2227/2227/2227 2228/2228/2228
f 2226/2226/2226 2228/2228/2228 2229/2229/2229
f 2230/2230/2230 2231/2231/2231 2232/2232/2232
f 2230/2230/2230 2232/2232/2232 2233/2233/2233
f 2234/2234/2234 2235/2235/2235 2236/2236/2236
f 2234/2234/2234 2236/2236/2236 2237/2237/2237
f 2238/2238/2238 2239/2239/2239 2240/2240/2240
f 2238/2238/2238 2240/2240/2240 2241/2241/2241
f 2242/2242/2242 2243/2243/2243 2244/2244/2244
f 2242/2242/2242 2244/2244/2244 2245/2245/2245
f 2246/2246/2246 2247/2247/2247 2248/2248/2248
f 2246/2246/2246 2248/2248/2248 2249/2249/2249
f 2250/2250/2250 2251/2251/2251 2252/2252/2252
f 2250/2250/2250 2252/2252/2252 2253/2253/2253
f 2254/2254/2254 2255/2255/2255 2256/2256/2256
f 2254/2254/2254 2256/2256/2256 2257/2257/2257
f 2258/2258/2258 2259/2259/2259 2260/2260/2260
f 2258/2258/2258 2260/2260/2260 2261/2261/2261
f 2262/2262/2262 2263/2263/2263 2264/2264/2264
f 2262/2262/2262 2264/2264/2264 2265/2265/2265
f 2266/2266/2266 2267/2267/2267 2268/2268/2268
f 2266/2266/2266 2268/2268/2268 2269/2269/2269
f 2270/2270/2270 2271/2271/2271 2272/2272/2272
f 2270/2270/2270 2272/2272/2272 2273/2273/2273
f 2274/2274/2274 2275/2275/2275 2276/2276/2276
f 2274/2274/2274 2276/2276/2276 2277/2277/2277
f 2278/2278/2278 2279/2279/2279 2280/2280/2280
f 2278/2278/2278 2280/2280/2280 2281/2281/2281
f 2282/2282/2282 2283/2283/2283 2284/2284/2284
f 2282/2282/2282 2284/2284/2284 2285/2285/2285
f 2286/2286/2286 2287/2287/2287 2288/2288/2288
f 2286/2286/2286 2288/2288/2288 2289/2289/2289
f 2290/2290/2290 2291/2291/2291 2292/2292/2292
f 2290/2290/2290 2292/2292/2292 2293/2293/2293
f 2294/2294/2294 2295/2295/2295 2296/2296/2296
f 2294/2294/2294 2296/2296/2296 2297/2297/2297
f 2298/2298/2298 2299/2299/2299 2300/2300/2300
f 2298/2298/2298 2300/2300/2300 2301/2301/2301
f 2302/2302/2302 2303/2303/2303 2304/2304/2304
f 2302/2302/2302 2304/2304/2304 2305/2305/2305
f 2306/2306/2306 2307/2307/2307 2308/2308/2308
f 2306/2306/2306 2308/2308/2308 2309/2309/2309
f 2310/2310/2310 2311/2311/2311 2312/2312/2312
f 2310/2310/2310 2312/2312/2312 2313/2313/2313
f 2314/2314/2314 2315/2315/2315 2316/2316/2316
f 2314/2314/2314 2316/2316/2316 2317/2317/2317
f 2318/2318/2318 2319/2319/2319 2320/2320/2320
f 2318/2318/2318 2320/2320/2320 2321/2321/2321
f 2322/2322/2322 2323/2323/2323 2324/2324/2324
f 2322/2322/2322 2324/2324/2324 2325/2325/2325
f 2326/2326/2326 2327/2327/2327 2328/2328/2328
f 2326/2326/2326 2328/2328/2328 2329/2329/2329
f 2330/2330/2330 2331/2331/2331 2332/2332/2332
f 2330/2330/2330 2332/2332/2332 2333/2333/2333
f 2334/2334/2334 2335/2335/2335 2336/2336/2336
f 2334/2334/2334 2336/2336/2336 2337/2337/2337
f 2338/2338/2338 2339/2339/2339 2340/2340/2340
f 2338/2338/2338 2340/2340/2340 2341/2341/2341
f 2342/2342/2342 2343/2343/2343 2344/2344/2344
f 2342/2342/2342 2344/2344/2344 2345/2345/2345
f 2346/2346/2346 2347/2347/2347 2348/2348/2348
f 2346/2346/2346 2348/2348/2348 2349/2349/2349
f 2350/2350/2350 2351/2351/2351 2352/2352/2352
f 2350/2350/2350 2352/2352/2352 2353/2353/2353
f 2354/2354/2354 2355/2355/2355 2356/2356/2356
f 2354/2354/2354 2356/2356/2356 2357/2357/2357
f 2358/2358/2358 2359/2359/2359 2360/2360/2360
f 2358/2358/2358 2360/2360/2360 2361/2361/2361
f 2362/2362/2362 2363/2363/2363 2364/2364/2364
f 2362/2362/2362 2364/2364/2364 2365/2365/2365
f 2366/2366/2366 2367/2367/2367 2368/2368/2368
f 2366/2366/2366 2368/2368/2368 2369/2369/2369
f 2370/2370/2370 2371/2371/2371 2372/2372/2372
f 2370/2370/2370 2372/2372/2372 2373/2373/2373
f 2374/2374/2374 2375/2375/2375 2376/2376/2376
f 2374/2374/2374 2376/2376/2376 2377/2377/2377
f 2378/2378/2378 2379/2379/2379 2380/2380/2380
f 2378/2378/2378 2380/2380/2380 2381/2381/2381
f 2382/2382/2382 2383/2383/2383 2384/2384/2384
f 2382/2382/2382 2384/2384/2384 2385/2385/2385
f 2386/2386/2386 2387/2387/2387 2388/2388/2388
f 2386/2386/2386 2388/2388/2388 2389/2389/2389
f 2390/2390/2390 2391/2391/2391 2392/2392/2392
f 2390/2390/2390 2392/2392/2392 2393/2393/2393
f 2394/2394/2394 2395/2395/2395 2396/2396/2396
f 2394/2394/2394 2396/2396/2396 2397/2397/2397
f 2398/2398/2398 2399/2399/2399 2400/2400/2400
f 2398/2398/2398 2400/2400/2400 2401/2401/2401
f 2402/2402/2402 2403/2403/2403 2404/2404/2404
f 2402/2402/2402 2404/2404/2404 2405/2405/2405
f 2406/2406/2406 2407/2407/2407 2408/2408/2408
f 2406/2406/2406 2408/2408/2408 2409/2409/2409
f 2410/2410/2410 2411/2411/2411 2412/2412/2412
f 2410/2410/2410 2412/2412/2412 2413/2413/2413
f 2414/2414/2414 2415/2415/2415 2416/2416/2416
f 2414/2414/2414 2416/2416/2416 2417/2417/2417
f 2418/2418/2418 2419/2419/2419 2420/2420/2420
f 2418/2418/2418 2420/2420/2420 2421/2421/2421
f 2422/2422/2422 2423/2423/2423 2424/2424/2424
f 2422/2422/2422 2424/2424/2424 2425/2425/2425
f 2426/2426/2426 2427/2427/2427 2428/2428/2428
f 2426/2426/2426 2428/2428/2428 2429/2429/2429
f 2430/2430/2430 2431/2431/2431 2432/2432/2432
f 2430/2430/2430 2432/2432/2432 2433/2433/2433
f 2434/2434/2434 2435/2435/2435 2436/2436/2436
f 2434/2434/2434 2436/2436/2436 2437/2437/2437
f 2438/2438/2438 2439/2439/2439 2440/2440/2440
f 2438/2438/2438 2440/2440/2440 2441/2441/2441
f 2442/2442/2442 2443/2443/2443 2444/2444/2444
f 2442/2442/2442 2444/2444/2444 2445/2445/2445
f 2446/2446/2446 2447/2447/2447 2448/2448/2448
f 2446/2446/2446 2448/2448/2448 2449/2449/2449
f 2450/2450/2450 2451/2451/2451 2452/2452/2452
f 2450/2450/2450 2452/2452/2452 2453/2453/2453
f 2454/2454/2454 2455/2455/2455 2456/2456/2456
f 2454/2454/2454 2456/2456/2456 2457/2457/2457
f 2458/2458/2458 2459/2459/2459 2460/2460/2460
f 2458/2458/2458 2460/2460/2460 2461/2461/2461
f 2462/2462/2462 2463/2463/2463 2464/2464/2464
f 2462/2462/2462 2464/2464/2464 2465/2465/2465
f 2466/2466/2466 2467/2467/2467 2468/2468/2468
f 2466/2466/2466 2468/2468/2468 2469/2469/2469
f 2470/2470/2470 2471/2471/2471 2472/2472/2472
f 2470/2470/2470 2472/2472/2472 2473/2473/2473
f 2474/2474/2474 2475/2475/2475 2476/2476/2476
f 2474/2474/2474 2476/2476/2476 2477/2477/2477
f 2478/2478/2478 2479/2479/2479 2480/2480/2480
f 2478/2478/2478 2480/2480/2480 2481/2481/2481
f 2482/2482/2482 2483/2483/2483 2484/2484/2484
f 2482/2482/2482 2484/2484/2484 2485/2485/2485
f 2486/2486/2486 2487/2487/2487 2488/2488/2488
f 2486/2486/2486 2488/2488/2488 2489/2489/2489
f 2490/2490/2490 2491/2491/2491 2492/2492/2492
f 2490/2490/2490 2492/2492/2492 2493/2493/2493
f 2494/2494/2494 2495/2495/2495 2496/2496/2496
f 2494/2494/2494 2496/2496/2496 2497/2497/2497
f 2498/2498/2498 2499/2499/2499 2500/2500/2500
f 2498/2498/2498 2500/2500/2500 2501/2501/2501
f 2502/2502/2502 2503/2503/2503 2504/2504/2504
f 2502/2502/2502 2504/2504/2504 2505/2505/2505
f 2506/2506/2506 2507/2507/2507 2508/2508/2508
f 2506/2506/2506 2508/2508/2508 2509/2509/2509
f 2510/2510/2510 2511/2511/2511 2512/2512/2512
f 2510/2510/2510 2512/2512/2512 2513/2513/2513
f 2514/2514/2514 2515/2515/2515 2516/2516/2516
f 2514/2514/2514 2516/2516/2516 2517/2517/2517
f 2518/2518/2518 2519/2519/2519 2520/2520/2520
f 2518/2518/2518 2520/2520/2520 2521/2521/2521
f 2522/2522/2522 2523/2523/2523 2524/2524/2524
f 2522/2522/2522 2524/2524/2524 2525/2525/2525
f 2526/2526/2526 2527/2527/2527 2528/2528/2528
f 2526/2526/2526 2528/2528/2528 2529/2529/2529
f 2530/2530/2530 2531/2531/2531 2532/2532/2532
f 2530/2530/2530 2532/2532/2532 2533/2533/2533
f 2534/2534/2534 2535/2535/2535 2536/2536/2536
f 2534/2534/2534 2536/2536/2536 2537/2537/2537
f 2538/2538/2538 2539/2539/2539 2540/2540/2540
f 2538/2538/2538 2540/2540/2540 2541/2541/2541
f 2542/2542/2542 2543/2543/2543 2544/2544/2544
f 2542/2542/2542 2544/2544/2544 2545/2545/2545
f 2546/2546/2546 2547/2547/2547 2548/2548/2548
f 2546/2546/2546 2548/2548/2548 2549/2549/2549
f 2550/2550/2550 2551/2551/2551 2552/2552/2552
f 2550/2550/2550 2552/2552/2552 2553/2553/2553
f 2554/2554/2554 2555/2555/2555 2556/2556/2556
f 2554/2554/2554 2556/2556/2556 2557/2557/2557
f 2558/2558/2558 2559/2559/2559 2560/2560/2560
f 2558/2558/2558 2560/2560/2560 2561/2561/2561
f 2562/2562/2562 2563/2563/2563 2564/2564/2564
f 2562/2562/2562 2564/2564/2564 2565/2565/2565
f 2566/2566/2566 2567/2567/2567 2568/2568/2568
f 2566/2566/2566 2568/2568/2568 2569/2569/2569
f 2570/2570/2570 2571/2571/2571 2572/2572/2572
f 2570/2570/2570 2572/2572/2572 2573/2573/2573
f 2574/2574/2574 2575/2575/2575 2576/2576/2576
f 2574/2574/2574 2576/2576/2576 2577/2577/2577
f 2578/2578/2578 2579/2579/2579 2580/2580/2580
f 2578/2578/2578 2580/2580/2580 2581/2581/2581
f 2582/2582/2582 2583/2583/2583 2584/2584/2584
f 2582/2582/2582 2584/2584/2584 2585/2585/2585
f 2586/2586/2586 2587/2587/2587 2588/2588/2588
f 2586/2586/2586 2588/2588/2588 2589/2589/2589
f 2590/2590/2590 2591/2591/2591 2592/2592/2592
f 2590/2590/2590 2592/2592/2592 2593/2593/2593
f 2594/2594/2594 2595/2595/2595 2596/2596/2596
f 2594/2594/2594 2596/2596/2596 2597/2597/2597
f 2598/2598/2598 2599/2599/2599 2600/2600/2600
f 2598/2598/2598 2600/2600/2600 2601/2601/2601
f 2602/2602/2602 2603/2603/2603 2604/2604/2604
f 2602/2602/2602 2604/2604/2604 2605/2605/2605
f 2606/2606/2606 2607/2607/2607 2608/2608/2608
f 2606/2606/2606 2608/2608/2608 2609/2609/2609
f 2610/2610/2610 2611/2611/2611 2612/2612/2612
f 2610/2610/2610 2612/2612/2612 2613/2613/2613
f 2614/2614/2614 2615/2615/2615 2616/2616/2616
f 2614/2614/2614 2616/2616/2616 2617/2617/2617
f 2618/2618/2618 2619/2619/2619 2620/2620/2620
f 2618/2618/2618 2620/2620/2620 2621/2621/2621
f 2622/2622/2622 2623/2623/2623 2624/2624/2624
f 2622/2622/2622 2624/2624/2624 2625/2625/2625
f 2626/2626/2626 2627/2627/2627 2628/2628/2628
f 2626/2626/2626 2628/2628/2628 2629/2629/2629
f 2630/2630/2630 2631/2631/2631 2632/2632/2632
f 2630/2630/2630 2632/2632/2632 2633/2633/2633
f 2634/2634/2634 2635/2635/2635 2636/2636/2636
f 2634/2634/2634 2636/2636/2636 2637/2637/2637
f 2638/2638/2638 2639/2639/2639 2640/2640/2640
f 2638/2638/2638 2640/2640/2640 2641/2641/2641
f 2642/2642/2642 2643/2643/2643 2644/2644/2644
f 2642/2642/2642 2644/2644/2644 2645/2645/2645
f 2646/2646/2646 2647/2647/2647 2648/2648/2648
f 2646/2646/2646 2648/2648/2648 2649/2649/2649
f 2650/2650/2650 2651/2651/2651 2652/2652/2652
f 2650/2650/2650 2652/2652/2652 2653/2653/2653
f 2654/2654/2654 2655/2655/2655 2656/2656/2656
f 2654/2654/2654 2656/2656/2656 2657/2657/2657
f 2658/2658/2658 2659/2659/2659 2660/2660/2660
f 2658/2658/2658 2660/2660/2660 2661/2661/2661
f 2662/2662/2662 2663/2663/2663 2664/2664/2664
f 2662/2662/2662 2664/2664/2664 2665/2665/2665
f 2666/2666/2666 2667/2667/2667 2668/2668/2668
f 2666/2666/2666 2668/2668/2668 2669/2669/2669
f 2670/2670/2670 2671/2671/2671 2672/2672/2672
f 2670/2670/2670 2672/2672/2672 2673/2673/2673
f 2674/2674/2674 2675/2675/2675 2676/2676/2676
f 2674/2674/2674 2676/2676/2676 2677/2677/2677
f 2678/2678/2678 2679/2679/2679 2680/2680/2680
f 2678/2678/2678 2680/2680/2680 2681/2681/2681
f 2682/2682/2682 2683/2683/2683 2684/2684/2684
f 2682/2682/2682 2684/2684/2684 2685/2685/2685
f 2686/2686/2686 2687/2687/2687 2688/2688/2688
f 2686/2686/2686 2688/2688/2688 2689/2689/2689
f 2690/2690/2690 2691/2691/2691 2692/2692/2692
f 2690/2690/2690 2692/2692/2692 2693/2693/2693
f 2694/2694/2694 2695/2695/2695 2696/2696/2696
f 2694/2694/2694 2696/2696/2696 2697/2697/2697
f 2698/2698/2698 2699/2699/2699 2700/2700/2700
f 2698/2698/2698 2700/2700/2700 2701/2701/2701
f 2702/2702/2702 2703/2703/2703 2704/2704/2704
f 2702/2702/2702 2704/2704/2704 2705/2705/2705
f 2706/2706/2706 2707/2707/2707 2708/2708/2708
f 2706/2706/2706 2708/2708/2708 2709/2709/2709
f 2710/2710/2710 2711/2711/2711 2712/2712/2712
f 2710/2710/2710 2712/2712/2712 2713/2713/2713
f 2714/2714/2714 2715/2715/2715 2716/2716/2716
f 2714/2714/2714 2716/2716/2716 2717/2717/2717
f 2718/2718/2718 2719/2719/2719 2720/2720/2720
f 2718/2718/2718 2720/2720/2720 2721/2721/2721
f 2722/2722/2722 2723/2723/2723 2724/2724/2724
f 2722/2722/2722 2724/2724/2724 2725/2725/2725
f 2726/2726/2726 2727/2727/2727 2728/2728/2728
f 2726/2726/2726 2728/2728/2728 2729/2729/2729
f 2730/2730/2730 2731/2731/2731 2732/2732/2732
f 2730/2730/2730 2732/2732/2732 2733/2733/2733
f 2734/2734/2734 2735/2735/2735 2736/2736/2736
f 2734/2734/2734 2736/2736/2736 2737/2737/2737
f 2738/2738/2738 2739/2739/2739 2740/2740/2740
f 2738/2738/2738 2740/2740/2740 2741/2741/2741
f 2742/2742/2742 2743/2743/2743 2744/2744/2744
f 2742/2742/2742 2744/2744/2744 2745/2745/2745
f 2746/2746/2746 2747/2747/2747 2748/2748/2748
f 2746/2746/2746 2748/2748/2748 2749/2749/2749
f 2750/2750/2750 2751/2751/2751 2752/2752/2752
f 2750/2750/2750 2752/2752/2752 2753/2753/2753
f 2754/2754/2754 2755/2755/2755 2756/2756/2756
f 2754/2754/2754 2756/2756/2756 2757/2757/2757
f 2758/2758/2758 2759/2759/2759 2760/2760/2760
f 2758/2758/2758 2760/2760/2760 2761/2761/2761
f 2762/2762/2762 2763/2763/2763 2764/2764/2764
f 2762/2762/2762 2764/2764/2764 2765/2765/2765
f 2766/2766/2766 2767/2767/2767 2768/2768/2768
f 2766/2766/2766 2768/2768/2768 2769/2769/2769
f 2770/2770/2770 2771/2771/2771 2772/2772/2772
f 2770/2770/2770 2772/2772/2772 2773/2773/2773
f 2774/2774/2774 2775/2775/2775 2776/2776/2776
f 2774/2774/2774 2776/2776/2776 2777/2777/2777
f 2778/2778/2778 2779/2779/2779 2780/2780/2780
f 2778/2778/2778 2780/2780/2780 2781/2781/2781
f 2782/2782/2782 2783/2783/2783 2784/2784/2784
f 2782/2782/2782 2784/2784/2784 2785/2785/2785
f 2786/2786/2786 2787/2787/2787 2788/2788/2788
f 2786/2786/2786 2788/2788/2788 2789/2789/2789
f 2790/2790/2790 2791/2791/2791 2792/2792/2792
f 2790/2790/2790 2792/2792/2792 2793/2793/2793
f 2794/2794/2794 2795/2795/2795 2796/2796/2796
f 2794/2794/2794 2796/2796/2796 2797/2797/2797
f 2798/2798/2798 2799/2799/2799 2800/2800/2800
f 2798/2798/2798 2800/2800/2800 2801/2801/2801
f 2802/2802/2802 2803/2803/2803 2804/2804/2804
f 2802/2802/2802 2804/2804/2804 2805/2805/2805
f 2806/2806/2806 2807/2807/2807 2808/2808/2808
f 2806/2806/2806 2808/2808/2808 2809/2809/2809
f 2810/2810/2810 2811/2811/2811 2812/2812/2812
f 2810/2810/2810 2812/2812/2812 2813/2813/2813
f 2814/2814/2814 2815/2815/2815 2816/2816/2816
f 2814/2814/2814 2816/2816/2816 2817/2817/2817
f 2818/2818/2818 2819/2819/2819 2820/2820/2820
f 2818/2818/2818 2820/2820/2820 2821/2821/2821
f 2822/2822/2822 2823/2823/2823 2824/2824/2824
f 2822/2822/2822 2824/2824/2824 2825/2825/2825
f 2826/2826/2826 2827/2827/2827 2828/2828/2828
f 2826/2826/2826 2828/2828/2828 2829/2829/2829
f 2830/2830/2830 2831/2831/2831 2832/2832/2832
f 2830/2830/2830 2832/2832/2832 2833/2833/2833
f 2834/2834/2834 2835/2835/2835 2836/2836/2836
f 2834/2834/2834 2836/2836/2836 2837/2837/2837
f 2838/2838/2838 2839/2839/2839 2840/2840/2840
f 2838/2838/2838 2840/2840/2840 2841/2841/2841
f 2842/2842/2842 2843/2843/2843 2844/2844/2844
f 2842/2842/2842 2844/2844/2844 2845/2845/2845
f 2846/2846/2846 2847/2847/2847 2848/2848/2848
f 2846/2846/2846 2848/2848/2848 2849/2849/2849
f 2850/2850/2850 2851/2851/2851 2852/2852/2852
f 2850/2850/2850 2852/2852/2852 2853/2853/2853
f 2854/2854/2854 2855/2855/2855 2856/2856/2856
f 2854/2854/2854 2856/2856/2856 2857/2857/2857
f 2858/2858/2858 2859/2859/2859 2860/2860/2860
f 2858/2858/2858 2860/2860/2860 2861/2861/2861
f 2862/2862/2862 2863/2863/2863 2864/2864/2864
f 2862/2862/2862 2864/2864/2864 2865/2865/2865
f 2866/2866/2866 2867/2867/2867 2868/2868/2868
f 2866/2866/2866 2868/2868/2868 2869/2869/2869
f 2870/2870/2870 2871/2871/2871 2872/2872/2872
f 2870/2870/2870 2872/2872/2872 2873/2873/2873
f 2874/2874/2874 2875/2875/2875 2876/2876/2876
f 2874/2874/2874 2876/2876/2876 2877/2877/2877
f 2878/2878/2878 2879/2879/2879 2880/2880/2880
f 2878/2878/2878 2880/2880/2880 2881/2881/2881
f 2882/2882/2882 2883/2883/2883 2884/2884/2884
f 2882/2882/2882 2884/2884/2884 2885/2885/2885
f 2886/2886/2886 2887/2887/2887 2888/2888/2888
f 2886/2886/2886 2888/2888/2888 2889/2889/2889
f 2890/2890/2890 2891/2891/2891 2892/2892/2892
f 2890/2890/2890 2892/2892/2892 2893/2893/2893
f 2894/2894/2894 2895/2895/2895 2896/2896/2896
f 2894/2894/2894 2896/2896/2896 2897/2897/2897
f 2898/2898/2898 2899/2899/2899 2900/2900/2900
f 2898/2898/2898 2900/2900/2900 2901/2901/2901
f 2902/2902/2902 2903/2903/2903 2904/2904/2904
f 2902/2902/2902 2904/2904/2904 2905/2905/2905
f 2906/2906/2906 2907/2907/2907 2908/2908/2908
f 2906/2906/2906 2908/2908/2908 2909/2909/2909
f 2910/2910/2910 2911/2911/2911 2912/2912/2912
f 2910/2910/2910 2912/2912/2912 2913/2913/2913
f 2914/2914/2914 2915/2915/2915 2916/2916/2916
f 2914/2914/2914 2916/2916/2916 2917/2917/2917
f 2918/2918/2918 2919/2919/2919 2920/2920/2920
f 2918/2918/2918 2920/2920/2920 2921/2921/2921
f 2922/2922/2922 2923/2923/2923 2924/2924/2924
f 2922/2922/2922 2924/2924/2924 2925/2925/2925
f 2926/2926/2926 2927/2927/2927 2928/2928/2928
f 2926/2926/2926 2928/2928/2928 2929/2929/2929
f 2930/2930/2930 2931/2931/2931 2932/2932/2932
f 2930/2930/2930 2932/2932/2932 2933/2933/2933
f 2934/2934/2934 2935/2935/2935 2936/2936/2936
f 2934/2934/2934 2936/2936/2936 2937/2937/2937
f 2938/2938/2938 2939/2939/2939 2940/2940/2940
f 2938/2938/2938 2940/2940/2940 2941/2941/2941
f 2942/2942/2942 2943/2943/2943 2944/2944/2944
f 2942/2942/2942 2944/2944/2944 2945/2945/2945
f 2946/2946/2946 2947/2947/2947 2948/2948/2948
f 2946/2946/2946 2948/2948/2948 2949/2949/2949
f 2950/2950/2950 2951/2951/2951 2952/2952/2952
f 2950/2950/2950 2952/2952/2952 2953/2953/2953
f 2954/2954/2954 2955/2955/2955 2956/2956/2956
f 2954/2954/2954 2956/2956/2956 2957/2957/2957
f 2958/2958/2958 2959/2959/2959 2960/2960/2960
f 2958/2958/2958 2960/2960/2960 2961/2961/2961
f 2962/2962/2962 2963/2963/2963 2964/2964/2964
f 2962/2962/2962 2964/2964/2964 2965/2965/2965
f 2966/2966/2966 2967/2967/2967 2968/2968/2968
f 2966/2966/2966 2968/2968/2968 2969/2969/2969
f 2970/2970/2970 2971/2971/2971 2972/2972/2972
f 2970/2970/2970 2972/2972/2972 2973/2973/2973
f 2974/2974/2974 2975/2975/2975 2976/2976/2976
f 2974/2974/2974 2976/2976/2976 2977/2977/2977
f 2978/2978/2978 2979/2979/2979 2980/2980/2980
f 2978/2978/2978 2980/2980/2980 2981/2981/2981
f 2982/2982/2982 2983/2983/2983 2984/2984/2984
f 2982/2982/2982 2984/2984/2984 2985/2985/2985
f 2986/2986/2986 2987/2987/2987 2988/2988/2988
f 2986/2986/2986 2988/2988/2988 2989/2989/2989
f 2990/2990/2990 2991/2991/2991 2992/2992/2992
f 2990/2990/2990 2992/2992/2992 2993/2993/2993
f 2994/2994/2994 2995/2995/2995 2996/2996/2996
f 2994/2994/2994 2996/2996/2996 2997/2997/2997
f 2998/2998/2998 2999/2999/2999 3000/3000/3000
f 2998/2998/2998 3000/3000/3000 3001/3001/3001
f 3002/3002/3002 3003/3003/3003 3004/3004/3004
f 3002/3002/3002 3004/3004/3004 3005/3005/3005
f 3006/3006/3006 3007/3007/3007 3008/3008/3008
f 3006/3006/3006 3008/3008/3008 3009/3009/3009
f 3010/3010/3010 3011/3011/3011 3012/3012/3012
f 3010/3010/3010 3012/3012/3012 3013/3013/3013
f 3014/3014/3014 3015/3015/3015 3016/3016/3016
f 3014/3014/3014 3016/3016/3016 3017/3017/3017
f 3018/3018/3018 3019/3019/3019 3020/3020/3020
f 3018/3018/3018 3020/3020/3020 3021/3021/3021
f 3022/3022/3022 3023/3023/3023 3024/3024/3024
f 3022/3022/3022 3024/3024/3024 3025/3025/3025
f 3026/3026/3026 3027/3027/3027 3028/3028/3028
f 3026/3026/3026 3028/3028/3028 3029/3029/3029
f 3030/3030/3030 3031/3031/3031 3032/3032/3032
f 3030/3030/3030 3032/3032/3032 3033/3033/3033
f 3034/3034/3034 3035/3035/3035 3036/3036/3036
f 3034/3034/3034 3036/3036/3036 3037/3037/3037
f 3038/3038/3038 3039/3039/3039 3040/3040/3040
f 3038/3038/3038 3040/3040/3040 3041/3041/3041
f 3042/3042/3042 3043/3043/3043 3044/3044/3044
f 3042/3042/3042 3044/3044/3044 3045/3045/3045
f 3046/3046/3046 3047/3047/3047 3048/3048/3048
f 3046/3046/3046 3048/3048/3048 3049/3049/3049
f 3050/3050/3050 3051/3051/3051 3052/3052/3052
f 3050/3050/3050 3052/3052/3052 3053/3053/3053
f 3054/3054/3054 3055/3055/3055 3056/3056/3056
f 3054/3054/3054 3056/3056/3056 3057/3057/3057
f 3058/3058/3058 3059/3059/3059 3060/3060/3060
f 3058/3058/3058 3060/3060/3060 3061/3061/3061
f 3062/3062/3062 3063/3063/3063 3064/3064/3064
f 3062/3062/3062 3064/3064/3064 3065/3065/3065
f 3066/3066/3066 3067/3067/3067 3068/3068/3068
f 3066/3066/3066 3068/3068/3068 3069/3069/3069
f 3070/3070/3070 3071/3071/3071 3072/3072/3072
f 3070/3070/3070 3072/3072/3072 3073/3073/3073
f 3074/3074/3074 3075/3075/3075 3076/3076/3076
f 3074/3074/3074 3076/3076/3076 3077/3077/3077
f 3078/3078/3078 3079/3079/3079 3080/3080/3080
f 3078/3078/3078 3080/3080/3080 3081/3081/3081
f 3082/3082/3082 3083/3083/3083 3084/3084/3084
f 3082/3082/3082 3084/3084/3084 3085/3085/3085
f 3086/3086/3086 3087/3087/3087 3088/3088/3088
f 3086/3086/3086 3088/3088/3088 3089/3089/3089
f 3090/3090/3090 3091/3091/3091 3092/3092/3092
f 3090/3090/3090 3092/3092/3092 3093/3093/3093
f 3094/3094/3094 3095/3095/3095 3096/3096/3096
f 3094/3094/3094 3096/3096/3096 3097/3097/3097
f 3098/3098/3098 3099/3099/3099 3100/3100/3100
f 3098/3098/3098 3100/3100/3100 3101/3101/3101
f 3102/3102/3102 3103/3103/3103 3104/3104/3104
f 3102/3102/3102 3104/3104/3104 3105/3105/3105
f 3106/3106/3106 3107/3107/3107 3108/3108/3108
f 3106/3106/3106 3108/3108/3108 3109/3109/3109
f 3110/3110/3110 3111/3111/3111 3112/3112/3112
f 3110/3110/3110 3112/3112/3112 3113/3113/3113
f 3114/3114/3114 3115/3115/3115 3116/3116/3116
f 3114/3114/3114 3116/3116/3116 3117/3117/3117
f 3118/3118/3118 3119/3119/3119 3120/3120/3120
f 3118/3118/3118 3120/3120/3120 3121/3121/3121
f 3122/3122/3122 3123/3123/3123 3124/3124/3124
f 3122/3122/3122 3124/3124/3124 3125/3125/3125
f 3126/3126/3126 3127/3127/3127 3128/3128/3128
f 3126/3126/3126 3128/3128/3128 3129/3129/3129
f 3130/3130/3130 3131/3131/3131 3132/3132/3132
f 3130/3130/3130 3132/3132/3132 3133/3133/3133
f 3134/3134/3134 3135/3135/3135 3136/3136/3136
f 3134/3134/3134 3136/3136/3136 3137/3137/3137
f 3138/3138/3138 3139/3139/3139 3140/3140/3140
f 3138/3138/3138 3140/3140/3140 3141/3141/3141
f 3142/3142/3142 3143/3143/3143 3144/3144/3144
f 3142/3142/3142 3144/3144/3144 3145/3145/3145
f 3146/3146/3146 3147/3147/3147 3148/3148/3148
f 3146/3146/3146 3148/3148/3148 3149/3149/3149
f 3150/3150/3150 3151/3151/3151 3152/3152/3152
f 3150/3150/3150 3152/3152/3152 3153/3153/3153
f 3154/3154/3154 3155/3155/3155 3156/3156/3156
f 3154/3154/3154 3156/3156/3156 3157/3157/3157
f 3158/3158/3158 3159/3159/3159 3160/3160/3160
f 3158/3158/3158 3160/3160/3160 3161/3161/3161
f 3162/3162/3162 3163/3163/3163 3164/3164/3164
f 3162/3162/3162 3164/3164/3164 3165/3165/3165
f 3166/3166/3166 3167/3167/3167 3168/3168/3168
f 3166/3166/3166 3168/3168/3168 3169/3169/3169
f 3170/3170/3170 3171/3171/3171 3172/3172/3172
f 3170/3170/3170 3172/3172/3172 3173/3173/3173
f 3174/3174/3174 3175/3175/3175 3176/3176/3176
f 3174/3174/3174 3176/3176/3176 3177/3177/3177
f 3178/3178/3178 3179/3179/3179 3180/3180/3180
f 3178/3178/3178 3180/3180/3180 3181/3181/3181
f 3182/3182/3182 3183/3183/3183 3184/3184/3184
f 3182/3182/3182 3184/3184/3184 3185/3185/3185
f 3186/3186/3186 3187/3187/3187 3188/3188/3188
f 3186/3186/3186 3188/3188/3188 3189/3189/3189
f 3190/3190/3190 3191/3191/3191 3192/3192/3192
f 3190/3190/3190 3192/3192/3192 3193/3193/3193
f 3194/3194/3194 3195/3195/3195 3196/3196/3196
f 3194/3194/3194 3196/3196/3196 3197/3197/3197
f 3198/3198/3198 3199/3199/3199 3200/3200/3200
f 3198/3198/3198 3200/3200/3200 3201/3201/3201
f 3202/3202/3202 3203/3203/3203 3204/3204/3204
f 3202/3202/3202 3204/3204/3204 3205/3205/3205
f 3206/3206/3206 3207/3207/3207 3208/3208/3208
f 3206/3206/3206 3208/3208/3208 3209/3209/3209
f 3210/3210/3210 3211/3211/3211 3212/3212/3212
f 3210/3210/3210 3212/3212/3212 3213/3213/3213
f 3214/3214/3214 3215/3215/3215 3216/3216/3216
f 3214/3214/3214 3216/3216/3216 3217/3217/3217
f 3218/3218/3218 3219/3219/3219 3220/3220/3220
f 3218/3218/3218 3220/3220/3220 3221/3221/3221
f 3222/3222/3222 3223/3223/3223 3224/3224/3224
f 3222/3222/3222 3224/3224/3224 3225/3225/3225
f 3226/3226/3226 3227/3227/3227 3228/3228/3228
f 3226/3226/3226 3228/3228/3228 3229/3229/3229
f 3230/3230/3230 3231/3231/3231 3232/3232/3232
f 3230/3230/3230 3232/3232/3232 3233/3233/3233
f 3234/3234/3234 3235/3235/3235 3236/3236/3236
f 3234/3234/3234 3236/3236/3236 3237/3237/3237
f 3238/3238/3238 3239/3239/3239 3240/3240/3240
f 3238/3238/3238 3240/3240/3240 3241/3241/3241
f 3242/3242/3242 3243/3243/3243 3244/3244/3244
f 3242/3242/3242 3244/3244/3244 3245/3245/3245
f 3246/3246/3246 3247/3247/3247 3248/3248/3248
f 3246/3246/3246 3248/3248/3248 3249/3249/3249
f 3250/3250/3250 3251/3251/3251 3252/3252/3252
f 3250/3250/3250 3252/3252/3252 3253/3253/3253
f 3254/3254/3254 3255/3255/3255 3256/3256/3256
f 3254/3254/3254 3256/3256/3256 3257/3257/3257
f 3258/3258/3258 3259/3259/3259 3260/3260/3260
f 3258/3258/3258 3260/3260/3260 3261/3261/3261
f 3262/3262/3262 3263/3263/3263 3264/3264/3264
f 3262/3262/3262 3264/3264/3264 3265/3265/3265
f 3266/3266/3266 3267/3267/3267 3268/3268/3268
f 3266/3266/3266 3268/3268/3268 3269/3269/3269
f 3270/3270/3270 3271/3271/3271 3272/3272/3272
f 3270/3270/3270 3272/3272/3272 3273/3273/3273
f 3274/3274/3274 3275/3275/3275 3276/3276/3276
f 3274/3274/3274 3276/3276/3276 3277/3277/3277
f 3278/3278/3278 3279/3279/3279 3280/3280/3280
f 3278/3278/3278 3280/3280/3280 3281/3281/3281
f 3282/3282/3282 3283/3283/3283 3284/3284/3284
f 3282/3282/3282 3284/3284/3284 3285/3285/3285
f 3286/3286/3286 3287/3287/3287 3288/3288/3288
f 3286/3286/3286 3288/3288/3288 3289/3289/3289
f 3290/3290/3290 3291/3291/3291 3292/3292/3292
f 3290/3290/3290 3292/3292/3292 3293/3293/3293
f 3294/3294/3294 3295/3295/3295 3296/3296/3296
f 3294/3294/3294 3296/3296/3296 3297/3297/3297
f 3298/3298/3298 3299/3299/3299 3300/3300/3300
f 3298/3298/3298 3300/3300/3300 3301/3301/3301
f 3302/3302/3302 3303/3303/3303 3304/3304/3304
f 3302/3302/3302 3304/3304/3304 3305/3305/3305
f 3306/3306/3306 3307/3307/3307 3308/3308/3308
f 3306/3306/3306 3308/3308/3308 3309/3309/3309
f 3310/3310/3310 3311/3311/3311 3312/3312/3312
f 3310/3310/3310 3312/3312/3312 3313/3313/3313
f 3314/3314/3314 3315/3315/3315 3316/3316/3316
f 3314/3314/3314 3316/3316/3316 3317/3317/3317
f 3318/3318/3318 3319/3319/3319 3320/3320/3320
f 3318/3318/3318 3320/3320/3320 3321/3321/3321
f 3322/3322/3322 3323/3323/3323 3324/3324/3324
f 3322/3322/3322 3324/3324/3324 3325/3325/3325
f 3326/3326/3326 3327/3327/3327 3328/3328/3328
f 3326/3326/3326 3328/3328/3328 3329/3329/3329
f 3330/3330/3330 3331/3331/3331 3332/3332/3332
f 3330/3330/3330 3332/3332/3332 3333/3333/3333
f 3334/3334/3334 3335/3335/3335 3336/3336/3336
f 3334/3334/3334 3336/3336/3336 3337/3337/3337
f 3338/3338/3338 3339/3339/3339 3340/3340/3340
f 3338/3338/3338 3340/3340/3340 3341/3341/3341
f 3342/3342/3342 3343/3343/3343 3344/3344/3344
f 3342/3342/3342 3344/3344/3344 3345/3345/3345
f 3346/3346/3346 3347/3347/3347 3348/3348/3348
f 3346/3346/3346 3348/3348/3348 3349/3349/3349
f 3350/3350/3350 3351/3351/3351 3352/3352/3352
f 3350/3350/3350 3352/3352/3352 3353/3353/3353
f 3354/3354/3354 3355/3355/3355 3356/3356/3356
f 3354/3354/3354 3356/3356/3356 3357/3357/3357
f 3358/3358/3358 3359/3359/3359 3360/3360/3360
f 3358/3358/3358 3360/3360/3360 3361/3361/3361
f 3362/3362/3362 3363/3363/3363 3364/3364/3364
f 3362/3362/3362 3364/3364/3364 3365/3365/3365
f 3366/3366/3366 3367/3367/3367 3368/3368/3368
f 3366/3366/3366 3368/3368/3368 3369/3369/3369
f 3370/3370/3370 3371/3371/3371 3372/3372/3372
f 3370/3370/3370 3372/3372/3372 3373/3373/3373
f 3374/3374/3374 3375/3375/3375 3376/3376/3376
f 3374/3374/3374 3376/3376/3376 3377/3377/3377
f 3378/3378/3378 3379/3379/3379 3380/3380/3380
f 3378/3378/3378 3380/3380/3380 3381/3381/3381
f 3382/3382/3382 3383/3383/3383 3384/3384/3384
f 3382/3382/3382 3384/3384/3384 3385/3385/3385
f 3386/3386/3386 3387/3387/3387 3388/3388/3388
f 3386/3386/3386 3388/3388/3388 3389/3389/3389
f 3390/3390/3390 3391/3391/3391 3392/3392/3392
f 3390/3390/3390 3392/3392/3392 3393/3393/3393
f 3394/3394/3394 3395/3395/3395 3396/3396/3396
f 3394/3394/3394 3396/3396/3396 3397/3397/3397
f 3398/3398/3398 3399/3399/3399 3400/3400/3400
f 3398/3398/3398 3400/3400/3400 3401/3401/3401
f 3402/3402/3402 3403/3403/3403 3404/3404/3404
f 3402/3402/3402 3404/3404/3404 3405/3405/3405
f 3406/3406/3406 3407/3407/3407 3408/3408/3408
f 3406/3406/3406 3408/3408/3408 3409/3409/3409
f 3410/3410/3410 3411/3411/3411 3412/3412/3412
f 3410/3410/3410 3412/3412/3412 3413/3413/3413
f 3414/3414/3414 3415/3415/3415 3416/3416/3416
f 3414/3414/3414 3416/3416/3416 3417/3417/3417
f 3418/3418/3418 3419/3419/3419 3420/3420/3420
f 3418/3418/3418 3420/3420/3420 3421/3421/3421
f 3422/3422/3422 3423/3423/3423 3424/3424/3424
f 3422/3422/3422 3424/3424/3424 3425/3425/3425
f 3426/3426/3426 3427/3427/3427 3428/3428/3428
f 3426/3426/3426 3428/3428/3428 3429/3429/3429
f 3430/3430/3430 3431/3431/3431 3432/3432/3432
f 3430/3430/3430 3432/3432/3432 3433/3433/3433
f 3434/3434/3434 3435/3435/3435 3436/3436/3436
f 3434/3434/3434 3436/3436/3436 3437/3437/3437
f 3438/3438/3438 3439/3439/3439 3440/3440/3440
f 3438/3438/3438 3440/3440/3440 3441/3441/3441
f 3442/3442/3442 3443/3443/3443 3444/3444/3444
f 3442/3442/3442 3444/3444/3444 3445/3445/3445
f 3446/3446/3446 3447/3447/3447 3448/3448/3448
f 3446/3446/3446 3448/3448/3448 3449/3449/3449
f 3450/3450/3450 3451/3451/3451 3452/3452/3452
f 3450/3450/3450 3452/3452/3452 3453/3453/3453
f 3454/3454/3454 3455/3455/3455 3456/3456/3456
f 3454/3454/3454 3456/3456/3456 3457/3457/3457
f 3458/3458/3458 3459/3459/3459 3460/3460/3460
f 3458/3458/3458 3460/3460/3460 3461/3461/3461
f 3462/3462/3462 3463/3463/3463 3464/3464/3464
f 3462/3462/3462 3464/3464/3464 3465/3465/3465
f 3466/3466/3466 3467/3467/3467 3468/3468/3468
f 3466/3466/3466 3468/3468/3468 3469/3469/3469
f 3470/3470/3470 3471/3471/3471 3472/3472/3472
f 3470/3470/3470 3472/3472/3472 3473/3473/3473
f 3474/3474/3474 3475/3475/3475 3476/3476/3476
f 3474/3474/3474 3476/3476/3476 3477/3477/3477
f 3478/3478/3478 3479/3479/3479 3480/3480/3480
f 3478/3478/3478 3480/3480/3480 3481/3481/3481
f 3482/3482/3482 3483/3483/3483 3484/3484/3484
f 3482/3482/3482 3484/3484/3484 3485/3485/3485
f 3486/3486/3486 3487/3487/3487 3488/3488/3488
f 3486/3486/3486 3488/3488/3488 3489/3489/3489
f 3490/3490/3490 3491/3491/3491 3492/3492/3492
f 3490/3490/3490 3492/3492/3492 3493/3493/3493
f 3494/3494/3494 3495/3495/3495 3496/3496/3496
f 3494/3494/3494 3496/3496/3496 3497/3497/3497
f 3498/3498/3498 3499/3499/3499 3500/3500/3500
f 3498/3498/3498 3500/3500/3500 3501/3501/3501
f 3502/3502/3502 3503/3503/3503 3504/3504/3504
f 3502/3502/3502 3504/3504/3504 3505/3505/3505
f 3506/3506/3506 3507/3507/3507 3508/3508/3508
f 3506/3506/3506 3508/3508/3508 3509/3509/3509
f 3510/3510/3510 3511/3511/3511 3512/3512/3512
f 3510/3510/3510 3512/3512/3512 3513/3513/3513
f 3514/3514/3514 3515/3515/3515 3516/3516/3516
f 3514/3514/3514 3516/3516/3516 3517/3517/3517
f 3518/3518/3518 3519/3519/3519 3520/3520/3520
f 3518/3518/3518 3520/3520/3520 3521/3521/3521
f 3522/3522/3522 3523/3523/3523 3524/3524/3524
f 3522/3522/3522 3524/3524/3524 3525/3525/3525
f 3526/3526/3526 3527/3527/3527 3528/3528/3528
f 3526/3526/3526 3528/3528/3528 3529/3529/3529
f 3530/3530/3530 3531/3531/3531 3532/3532/3532
f 3530/3530/3530 3532/3532/3532 3533/3533/3533
f 3534/3534/3534 3535/3535/3535 3536/3536/3536
f 3534/3534/3534 3536/3536/3536 3537/3537/3537
f 3538/3538/3538 3539/3539/3539 3540/3540/3540
f 3538/3538/3538 3540/3540/3540 3541/3541/3541
f 3542/3542/3542 3543/3543/3543 3544/3544/3544
f 3542/3542/3542 3544/3544/3544 3545/3545/3545
f 3546/3546/3546 3547/3547/3547 3548/3548/3548
f 3546/3546/3546 3548/3548/3548 3549/3549/3549
f 3550/3550/3550 3551/3551/3551 3552/3552/3552
f 3550/3550/3550 3552/3552/3552 3553/3553/3553
f 3554/3554/3554 3555/3555/3555 3556/3556/3556
f 3554/3554/3554 3556/3556/3556 3557/3557/3557
f 3558/3558/3558 3559/3559/3559 3560/3560/3560
f 3558/3558/3558 3560/3560/3560 3561/3561/3561
f 3562/3562/3562 3563/3563/3563 3564/3564/3564
f 3562/3562/3562 3564/3564/3564 3565/3565/3565
f 3566/3566/3566 3567/3567/3567 3568/3568/3568
f 3566/3566/3566 3568/3568/3568 3569/3569/3569
f 3570/3570/3570 3571/3571/3571 3572/3572/3572
f 3570/3570/3570 3572/3572/3572 3573/3573/3573
f 3574/3574/3574 3575/3575/3575 3576/3576/3576
f 3574/3574/3574 3576/3576/3576 3577/3577/3577
f 3578/3578/3578 3579/3579/3579 3580/3580/3580
f 3578/3578/3578 3580/3580/3580 3581/3581/3581
f 3582/3582/3582 3583/3583/3583 3584/3584/3584
f 3582/3582/3582 3584/3584/3584 3585/3585/3585
f 3586/3586/3586 3587/3587/3587 3588/3588/3588
f 3586/3586/3586 3588/3588/3588 3589/3589/3589
f 3590/3590/3590 3591/3591/3591 3592/3592/3592
f 3590/3590/3590 3592/3592/3592 3593/3593/3593
f 3594/3594/3594 3595/3595/3595 3596/3596/3596
f 3594/3594/3594 3596/3596/3596 3597/3597/3597
f 3598/3598/3598 3599/3599/3599 3600/3600/3600
f 3598/3598/3598 3600/3600/3600 3601/3601/3601
f 3602/3602/3602 3603/3603/3603 3604/3604/3604
f 3602/3602/3602 3604/3604/3604 3605/3605/3605
f 3606/3606/3606 3607/3607/3607 3608/3608/3608
f 3606/3606/3606 3608/3608/3608 3609/3609/3609
f 3610/3610/3610 3611/3611/3611 3612/3612/3612
f 3610/3610/3610 3612/3612/3612 3613/3613/3613
f 3614/3614/3614 3615/3615/3615 3616/3616/3616
f 3614/3614/3614 3616/3616/3616 3617/3617/3617
f 3618/3618/3618 3619/3619/3619 3620/3620/3620
f 3618/3618/3618 3620/3620/3620 3621/3621/3621
f 3622/3622/3622 3623/3623/3623 3624/3624/3624
f 3622/3622/3622 3624/3624/3624 3625/3625/3625
f 3626/3626/3626 3627/3627/3627 3628/3628/3628
f 3626/3626/3626 3628/3628/3628 3629/3629/3629
f 3630/3630/3630 3631/3631/3631 3632/3632/3632
f 3630/3630/3630 3632/3632/3632 3633/3633/3633
f 3634/3634/3634 3635/3635/3635 3636/3636/3636
f 3634/3634/3634 3636/3636/3636 3637/3637/3637
f 3638/3638/3638 3639/3639/3639 3640/3640/3640
f 3638/3638/3638 3640/3640/3640 3641/3641/3641
f 3642/3642/3642 3643/3643/3643 3644/3644/3644
f 3642/3642/3642 3644/3644/3644 3645/3645/3645
f 3646/3646/3646 3647/3647/3647 3648/3648/3648
f 3646/3646/3646 3648/3648/3648 3649/3649/3649
f 3650/3650/3650 3651/3651/3651 3652/3652/3652
f 3650/3650/3650 3652/3652/3652 3653/3653/3653
f 3654/3654/3654 3655/3655/3655 3656/3656/3656
f 3654/3654/3654 3656/3656/3656 3657/3657/3657
f 3658/3658/3658 3659/3659/3659 3660/3660/3660
f 3658/3658/3658 3660/3660/3660 3661/3661/3661
f 3662/3662/3662 3663/3663/3663 3664/3664/3664
f 3662/3662/3662 3664/3664/3664 3665/3665/3665
f 3666/3666/3666 3667/3667/3667 3668/3668/3668
f 3666/3666/3666 3668/3668/3668 3669/3669/3669
f 3670/3670/3670 3671/3671/3671 3672/3672/3672
f 3670/3670/3670 3672/3672/3672 3673/3673/3673
f 3674/3674/3674 3675/3675/3675 3676/3676/3676
f 3674/3674/3674 3676/3676/3676 3677/3677/3677
f 3678/3678/3678 3679/3679/3679 3680/3680/3680
f 3678/3678/3678 3680/3680/3680 3681/3681/3681
f 3682/3682/3682 3683/3683/3683 3684/3684/3684
f 3682/3682/3682 3684/3684/3684 3685/3685/3685
f 3686/3686/3686 3687/3687/3687 3688/3688/3688
f 3686/3686/3686 3688/3688/3688 3689/3689/3689
f 3690/3690/3690 3691/3691/3691 3692/3692/3692
f 3690/3690/3690 3692/3692/3692 3693/3693/3693
f 3694/3694/3694 3695/3695/3695 3696/3696/3696
f 3694/3694/3694 3696/3696/3696 3697/3697/3697
f 3698/3698/3698 3699/3699/3699 3700/3700/3700
f 3698/3698/3698 3700/3700/3700 3701/3701/3701
f 3702/3702/3702 3703/3703/3703 3704/3704/3704
f 3702/3702/3702 3704/3704/3704 3705/3705/3705
f 3706/3706/3706 3707/3707/3707 3708/3708/3708
f 3706/3706/3706 3708/3708/3708 3709/3709/3709
f 3710/3710/3710 3711/3711/3711 3712/3712/3712
f 3710/3710/3710 3712/3712/3712 3713/3713/3713
f 3714/3714/3714 3715/3715/3715 3716/3716/3716
f 3714/3714/3714 3716/3716/3716 3717/3717/3717
f 3718/3718/3718 3719/3719/3719 3720/3720/3720
f 3718/3718/3718 3720/3720/3720 3721/3721/3721
f 3722/3722/3722 3723/3723/3723 3724/3724/3724
f 3722/3722/3722 3724/3724/3724 3725/3725/3725
f 3726/3726/3726 3727/3727/3727 3728/3728/3728
f 3726/3726/3726 3728/3728/3728 3729/3729/3729
f 3730/3730/3730 3731/3731/3731 3732/3732/3732
f 3730/3730/3730 3732/3732/3732 3733/3733/3733
f 3734/3734/3734 3735/3735/3735 3736/3736/3736
f 3734/3734/3734 3736/3736/3736 3737/3737/3737
f 3738/3738/3738 3739/3739/3739 3740/3740/3740
f 3738/3738/3738 3740/3740/3740 3741/3741/3741
f 3742/3742/3742 3743/3743/3743 3744/3744/3744
f 3742/3742/3742 3744/3744/3744 3745/3745/3745
f 3746/3746/3746 3747/3747/3747 3748/3748/3748
f 3746/3746/3746 3748/3748/3748 3749/3749/3749
f 3750/3750/3750 3751/3751/3751 3752/3752/3752
f 3750/3750/3750 3752/3752/3752 3753/3753/3753
f 3754/3754/3754 3755/3755/3755 3756/3756/3756
f 3754/3754/3754 3756/3756/3756 3757/3757/3757
f 3758/3758/3758 3759/3759/3759 3760/3760/3760
f 3758/3758/3758 3760/3760/3760 3761/3761/3761
f 3762/3762/3762 3763/3763/3763 3764/3764/3764
f 3762/3762/3762 3764/3764/3764 3765/3765/3765
f 3766/3766/3766 3767/3767/3767 3768/3768/3768
f 3766/3766/3766 3768/3768/3768 3769/3769/3769
f 3770/3770/3770 3771/3771/3771 3772/3772/3772
f 3770/3770/3770 3772/3772/3772 3773/3773/3773
f 3774/3774/3774 3775/3775/3775 3776/3776/3776
f 3774/3774/3774 3776/3776/3776 3777/3777/3777
f 3778/3778/3778 3779/3779/3779 3780/3780/3780
f 3778/3778/3778 3780/3780/3780 3781/3781/3781
f 3782/3782/3782 3783/3783/3783 3784/3784/3784
f 3782/3782/3782 3784/3784/3784 3785/3785/3785
f 3786/3786/3786 3787/3787/3787 3788/3788/3788
f 3786/3786/3786 3788/3788/3788 3789/3789/3789
f 3790/3790/3790 3791/3791/3791 3792/3792/3792
f 3790/3790/3790 3792/3792/3792 3793/3793/3793
f 3794/3794/3794 3795/3795/3795 3796/3796/3796
f 3794/3794/3794 3796/3796/3796 3797/3797/3797
f 3798/3798/3798 3799/3799/3799 3800/3800/3800
f 3798/3798/3798 3800/3800/3800 3801/3801/3801
f 3802/3802/3802 3803/3803/3803 3804/3804/3804
f 3802/3802/3802 3804/3804/3804 3805/3805/3805
f 3806/3806/3806 3807/3807/3807 3808/3808/3808
f 3806/3806/3806 3808/3808/3808 3809/3809/3809
f 3810/3810/3810 3811/3811/3811 3812/3812/3812
f 3810/3810/3810 3812/3812/3812 3813/3813/3813
f 3814/3814/3814 3815/3815/3815 3816/3816/3816
f 3814/3814/3814 3816/3816/3816 3817/3817/3817
f 3818/3818/3818 3819/3819/3819 3820/3820/3820
f 3818/3818/3818 3820/3820/3820 3821/3821/3821
f 3822/3822/3822 3823/3823/3823 3824/3824/3824
f 3822/3822/3822 3824/3824/3824 3825/3825/3825
f 3826/3826/3826 3827/3827/3827 3828/3828/3828
f 3826/3826/3826 3828/3828/3828 3829/3829/3829
f 3830/3830/3830 3831/3831/3831 3832/3832/3832
f 3830/3830/3830 3832/3832/3832 3833/3833/3833
f 3834/3834/3834 3835/3835/3835 3836/3836/3836
f 3834/3834/3834 3836/3836/3836 3837/3837/3837
f 3838/3838/3838 3839/3839/3839 3840/3840/3840
f 3838/3838/3838 3840/3840/3840 3841/3841/3841
f 3842/3842/3842 3843/3843/3843 3844/3844/3844
f 3842/3842/3842 3844/3844/3844 3845/3845/3845
f 3846/3846/3846 3847/3847/3847 3848/3848/3848
f 3846/3846/3846 3848/3848/3848 3849/3849/3849
f 3850/3850/3850 3851/3851/3851 3852/3852/3852
f 3850/3850/3850 3852/3852/3852 3853/3853/3853
f 3854/3854/3854 3855/3855/3855 3856/3856/3856
f 3854/3854/3854 3856/3856/3856 3857/3857/3857
f 3858/3858/3858 3859/3859/3859 3860/3860/3860
f 3858/3858/3858 3860/3860/3860 3861/3861/3861
f 3862/3862/3862 3863/3863/3863 3864/3864/3864
f 3862/3862/3862 3864/3864/3864 3865/3865/3865
f 3866/3866/3866 3867/3867/3867 3868/3868/3868
f 3866/3866/3866 3868/3868/3868 3869/3869/3869
f 3870/3870/3870 3871/3871/3871 3872/3872/3872
f 3870/3870/3870 3872/3872/3872 3873/3873/3873
f 3874/3874/3874 3875/3875/3875 3876/3876/3876
f 3874/3874/3874 3876/3876/3876 3877/3877/3877
f 3878/3878/3878 3879/3879/3879 3880/3880/3880
f 3878/3878/3878 3880/3880/3880 3881/3881/3881
f 3882/3882/3882 3883/3883/3883 3884/3884/3884
f 3882/3882/3882 3884/3884/3884 3885/3885/3885
f 3886/3886/3886 3887/3887/3887 3888/3888/3888
f 3886/3886/3886 3888/3888/3888 3889/3889/3889
f 3890/3890/3890 3891/3891/3891 3892/3892/3892
f 3890/3890/3890 3892/3892/3892 3893/3893/3893
f 3894/3894/3894 3895/3895/3895 3896/3896/3896
f 3894/3894/3894 3896/3896/3896 3897/3897/3897
f 3898/3898/3898 3899/3899/3899 3900/3900/3900
f 3898/3898/3898 3900/3900/3900 3901/3901/3901
f 3902/3902/3902 3903/3903/3903 3904/3904/3904
f 3902/3902/3902 3904/3904/3904 3905/3905/3905
f 3906/3906/3906 3907/3907/3907 3908/3908/3908
f 3906/3906/3906 3908/3908/3908 3909/3909/3909
f 3910/3910/3910 3911/3911/3911 3912/3912/3912
f 3910/3910/3910 3912/3912/3912 3913/3913/3913
f 3914/3914/3914 3915/3915/3915 3916/3916/3916
f 3914/3914/3914 3916/3916/3916 3917/3917/3917
f 3918/3918/3918 3919/3919/3919 3920/3920/3920
f 3918/3918/3918 3920/3920/3920 3921/3921/3921
f 3922/3922/3922 3923/3923/3923 3924/3924/3924
f 3922/3922/3922 3924/3924/3924 3925/3925/3925
f 3926/3926/3926 3927/3927/3927 3928/3928/3928
f 3926/3926/3926 3928/3928/3928 3929/3929/3929
f 3930/3930/3930 3931/3931/3931 3932/3932/3932
f 3930/3930/3930 3932/3932/3932 3933/3933/3933
f 3934/3934/3934 3935/3935/3935 3936/3936/3936
f 3934/3934/3934 3936/3936/3936 3937/3937/3937
f 3938/3938/3938 3939/3939/3939 3940/3940/3940
f 3938/3938/3938 3940/3940/3940 3941/3941/3941
f 3942/3942/3942 3943/3943/3943 3944/3944/3944
f 3942/3942/3942 3944/3944/3944 3945/3945/3945
f 3946/3946/3946 3947/3947/3947 3948/3948/3948
f 3946/3946/3946 3948/3948/3948 3949/3949/3949
f 3950/3950/3950 3951/3951/3951 3952/3952/3952
f 3950/3950/3950 3952/3952/3952 3953/3953/3953
f 3954/3954/3954 3955/3955/3955 3956/3956/3956
f 3954/3954/3954 3956/3956/3956 3957/3957/3957
f 3958/3958/3958 3959/3959/3959 3960/3960/3960
f 3958/3958/3958 3960/3960/3960 3961/3961/3961
f 3962/3962/3962 3963/3963/3963 3964/3964/3964
f 3962/3962/3962 3964/3964/3964 3965/3965/3965
f 3966/3966/3966 3967/3967/3967 3968/3968/3968
f 3966/3966/3966 3968/3968/3968 3969/3969/3969
f 3970/3970/3970 3971/3971/3971 3972/3972/3972
f 3970/3970/3970 3972/3972/3972 3973/3973/3973
f 3974/3974/3974 3975/3975/3975 3976/3976/3976
f 3974/3974/3974 3976/3976/3976 3977/3977/3977
f 3978/3978/3978 3979/3979/3979 3980/3980/3980
f 3978/3978/3978 3980/3980/3980 3981/3981/3981
f 3982/3982/3982 3983/3983/3983 3984/3984/3984
f 3982/3982/3982 3984/3984/3984 3985/3985/3985
f 3986/3986/3986 3987/3987/3987 3988/3988/3988
f 3986/3986/3986 3988/3988/3988 3989/3989/3989
f 3990/3990/3990 3991/3991/3991 3992/3992/3992
f 3990/3990/3990 3992/3992/3992 3993/3993/3993
f 3994/3994/3994 3995/3995/3995 3996/3996/3996
f 3994/3994/3994 3996/3996/3996 3997/3997/3997
f 3998/3998/3998 3999/3999/3999 4000/4000/4000
f 3998/3998/3998 4000/4000/4000 4001/4001/4001
f 4002/4002/4002 4003/4003/4003 4004/4004/4004
f 4002/4002/4002 4004/4004/4004 4005/4005/4005
f 4006/4006/4006 4007/4007/4007 4008/4008/4008
f 4006/4006/4006 4008/4008/4008 4009/4009/4009
f 4010/4010/4010 4011/4011/4011 4012/4012/4012
f 4010/4010/4010 4012/4012/4012 4013/4013/4013
f 4014/4014/4014 4015/4015/4015 4016/4016/4016
f 4014/4014/4014 4016/4016/4016 4017/4017/4017
f 4018/4018/4018 4019/4019/4019 4020/4020/4020
f 4018/4018/4018 4020/4020/4020 4021/4021/4021
f 4022/4022/4022 4023/4023/4023 4024/4024/4024
f 4022/4022/4022 4024/4024/4024 4025/4025/4025
f 4026/4026/4026 4027/4027/4027 4028/4028/4028
f 4026/4026/4026 4028/4028/4028 4029/4029/4029
f 4030/4030/4030 4031/4031/4031 4032/4032/4032
f 4030/4030/4030 4032/4032/4032 4033/4033/4033
f 4034/4034/4034 4035/4035/4035 4036/4036/4036
f 4034/4034/4034 4036/4036/4036 4037/4037/4037
f 4038/4038/4038 4039/4039/4039 4040/4040/4040
f 4038/4038/4038 4040/4040/4040 4041/4041/4041
f 4042/4042/4042 4043/4043/4043 4044/4044/4044
f 4042/4042/4042 4044/4044/4044 4045/4045/4045
f 4046/4046/4046 4047/4047/4047 4048/4048/4048
f 4046/4046/4046 4048/4048/4048 4049/4049/4049
f 4050/4050/4050 4051/4051/4051 4052/4052/4052
f 4050/4050/4050 4052/4052/4052 4053/4053/4053
f 4054/4054/4054 4055/4055/4055 4056/4056/4056
f 4054/4054/4054 4056/4056/4056 4057/4057/4057
f 4058/4058/4058 4059/4059/4059 4060/4060/4060
f 4058/4058/4058 4060/4060/4060 4061/4061/4061
f 4062/4062/4062 4063/4063/4063 4064/4064/4064
f 4062/4062/4062 4064/4064/4064 4065/4065/4065
f 4066/4066/4066 4067/4067/4067 4068/4068/4068
f 4066/4066/4066 4068/4068/4068 4069/4069/4069
f 4070/4070/4070 4071/4071/4071 4072/4072/4072
f 4070/4070/4070 4072/4072/4072 4073/4073/4073
f 4074/4074/4074 4075/4075/4075 4076/4076/4076
f 4074/4074/4074 4076/4076/4076 4077/4077/4077
f 4078/4078/4078 4079/4079/4079 4080/4080/4080
f 4078/4078/4078 4080/4080/4080 4081/4081/4081
f 4082/4082/4082 4083/4083/4083 4084/4084/4084
f 4082/4082/4082 4084/4084/4084 4085/4085/4085
f 4086/4086/4086 4087/4087/4087 4088/4088/4088
f 4086/4086/4086 4088/4088/4088 4089/4089/4089
f 4090/4090/4090 4091/4091/4091 4092/4092/4092
f 4090/4090/4090 4092/4092/4092 4093/4093/4093
f 4094/4094/4094 4095/4095/4095 4096/4096/4096
f 4094/4094/4094 4096/4096/4096 4097/4097/4097
f 4098/4098/4098 4099/4099/4099 4100/4100/4100
f 4098/4098/4098 4100/4100/4100 4101/4101/4101
f 4102/4102/4102 4103/4103/4103 4104/4104/4104
f 4102/4102/4102 4104/4104/4104 4105/4105/4105
f 4106/4106/4106 4107/4107/4107 4108/4108/4108
f 4106/4106/4106 4108/4108/4108 4109/4109/4109
f 4110/4110/4110 4111/4111/4111 4112/4112/4112
f 4110/4110/4110 4112/4112/4112 4113/4113/4113
f 4114/4114/4114 4115/4115/4115 4116/4116/4116
f 4114/4114/4114 4116/4116/4116 4117/4117/4117
f 4118/4118/4118 4119/4119/4119 4120/4120/4120
f 4118/4118/4118 4120/4120/4120 4121/4121/4121
f 4122/4122/4122 4123/4123/4123 4124/4124/4124
f 4122/4122/4122 4124/4124/4124 4125/4125/4125
f 4126/4126/4126 4127/4127/4127 4128/4128/4128
f 4126/4126/4126 4128/4128/4128 4129/4129/4129
f 4130/4130/4130 4131/4131/4131 4132/4132/4132
f 4130/4130/4130 4132/4132/4132 4133/4133/4133
f 4134/4134/4134 4135/4135/4135 4136/4136/4136
f 4134/4134/4134 4136/4136/4136 4137/4137/4137
f 4138/4138/4138 4139/4139/4139 4140/4140/4140
f 4138/4138/4138 4140/4140/4140 4141/4141/4141
f 4142/4142/4142 4143/4143/4143 4144/4144/4144
f 4142/4142/4142 4144/4144/4144 4145/4145/4145
f 4146/4146/4146 4147/4147/4147 4148/4148/4148
f 4146/4146/4146 4148/4148/4148 4149/4149/4149
f 4150/4150/4150 4151/4151/4151 4152/4152/4152
f 4150/4150/4150 4152/4152/4152 4153/4153/4153
f 4154/4154/4154 4155/4155/4155 4156/4156/4156
f 4154/4154/4154 4156/4156/4156 4157/4157/4157
f 4158/4158/4158 4159/4159/4159 4160/4160/4160
f 4158/4158/4158 4160/4160/4160 4161/4161/4161
f 4162/4162/4162 4163/4163/4163 4164/4164/4164
f 4162/4162/4162 4164/4164/4164 4165/4165/4165
f 4166/4166/4166 4167/4167/4167 4168/4168/4168
f 4166/4166/4166 4168/4168/4168 4169/4169/4169
f 4170/4170/4170 4171/4171/4171 4172/4172/4172
f 4170/4170/4170 4172/4172/4172 4173/4173/4173
f 4174/4174/4174 4175/4175/4175 4176/4176/4176
f 4174/4174/4174 4176/4176/4176 4177/4177/4177
f 4178/4178/4178 4179/4179/4179 4180/4180/4180
f 4178/4178/4178 4180/4180/4180 4181/4181/4181
f 4182/4182/4182 4183/4183/4183 4184/4184/4184
f 4182/4182/4182 4184/4184/4184 4185/4185/4185
f 4186/4186/4186 4187/4187/4187 4188/4188/4188
f 4186/4186/4186 4188/4188/4188 4189/4189/4189
f 4190/4190/4190 4191/4191/4191 4192/4192/4192
f 4190/4190/4190 4192/4192/4192 4193/4193/4193
f 4194/4194/4194 4195/4195/4195 4196/4196/4196
f 4194/4194/4194 4196/4196/4196 4197/4197/4197
f 4198/4198/4198 4199/4199/4199 4200/4200/4200
f 4198/4198/4198 4200/4200/4200 4201/4201/4201
f 4202/4202/4202 4203/4203/4203 4204/4204/4204
f 4202/4202/4202 4204/4204/4204 4205/4205/4205
f 4206/4206/4206 4207/4207/4207 4208/4208/4208
f 4206/4206/4206 4208/4208/4208 4209/4209/4209
f 4210/4210/4210 4211/4211/4211 4212/4212/4212
f 4210/4210/4210 4212/4212/4212 4213/4213/4213
f 4214/4214/4214 4215/4215/4215 4216/4216/4216
f 4214/4214/4214 4216/4216/4216 4217/4217/4217
f 4218/4218/4218 4219/4219/4219 4220/4220/4220
f 4218/4218/4218 4220/4220/4220 4221/4221/4221
f 4222/4222/4222 4223/4223/4223 4224/4224/4224
f 4222/4222/4222 4224/4224/4224 4225/4225/4225
f 4226/4226/4226 4227/4227/4227 4228/4228/4228
f 4226/4226/4226 4228/4228/4228 4229/4229/4229
f 4230/4230/4230 4231/4231/4231 4232/4232/4232
f 4230/4230/4230 4232/4232/4232 4233/4233/4233
f 4234/4234/4234 4235/4235/4235 4236/4236/4236
f 4234/4234/4234 4236/4236/4236 4237/4237/4237
f 4238/4238/4238 4239/4239/4239 4240/4240/4240
f 4238/4238/4238 4240/4240/4240 4241/4241/4241
f 4242/4242/4242 4243/4243/4243 4244/4244/4244
f 4242/4242/4242 4244/4244/4244 4245/4245/4245
f 4246/4246/4246 4247/4247/4247 4248/4248/4248
f 4246/4246/4246 4248/4248/4248 4249/4249/4249
f 4250/4250/4250 4251/4251/4251 4252/4252/4252
f 4250/4250/4250 4252/4252/4252 4253/4253/4253
f 4254/4254/4254 4255/4255/4255 4256/4256/4256
f 4254/4254/4254 4256/4256/4256 4257/4257/4257
f 4258/4258/4258 4259/4259/4259 4260/4260/4260
f 4258/4258/4258 4260/4260/4260 4261/4261/4261
f 4262/4262/4262 4263/4263/4263 4264/4264/4264
f 4262/4262/4262 4264/4264/4264 4265/4265/4265
f 4266/4266/4266 4267/4267/4267 4268/4268/4268
f 4266/4266/4266 4268/4268/4268 4269/4269/4269
f 4270/4270/4270 4271/4271/4271 4272/4272/4272
f 4270/4270/4270 4272/4272/4272 4273/4273/4273
f 4274/4274/4274 4275/4275/4275 4276/4276/4276
f 4274/4274/4274 4276/4276/4276 4277/4277/4277
f 4278/4278/4278 4279/4279/4279 4280/4280/4280
f 4278/4278/4278 4280/4280/4280 4281/4281/4281
f 4282/4282/4282 4283/4283/4283 4284/4284/4284
f 4282/4282/4282 4284/4284/4284 4285/4285/4285
f 4286/4286/4286 4287/4287/4287 4288/4288/4288
f 4286/4286/4286 4288/4288/4288 4289/4289/4289
f 4290/4290/4290 4291/4291/4291 4292/4292/4292
f 4290/4290/4290 4292/4292/4292 4293/4293/4293
f 4294/4294/4294 4295/4295/4295 4296/4296/4296
f 4294/4294/4294 4296/4296/4296 4297/4297/4297
f 4298/4298/4298 4299/4299/4299 4300/4300/4300
f 4298/4298/4298 4300/4300/4300 4301/4301/4301
f 4302/4302/4302 4303/4303/4303 4304/4304/4304
f 4302/4302/4302 4304/4304/4304 4305/4305/4305
f 4306/4306/4306 4307/4307/4307 4308/4308/4308
f 4306/4306/4306 4308/4308/4308 4309/4309/4309
f 4310/4310/4310 4311/4311/4311 4312/4312/4312
f 4310/4310/4310 4312/4312/4312 4313/4313/4313
f 4314/4314/4314 4315/4315/4315 4316/4316/4316
f 4314/4314/4314 4316/4316/4316 4317/4317/4317
f 4318/4318/4318 4319/4319/4319 4320/4320/4320
f 4318/4318/4318 4320/4320/4320 4321/4321/4321
f 4322/4322/4322 4323/4323/4323 4324/4324/4324
f 4322/4322/4322 4324/4324/4324 4325/4325/4325
f 4326/4326/4326 4327/4327/4327 4328/4328/4328
f 4326/4326/4326 4328/4328/4328 4329/4329/4329
f 4330/4330/4330 4331/4331/4331 4332/4332/4332
f 4330/4330/4330 4332/4332/4332 4333/4333/4333
f 4334/4334/4334 4335/4335/4335 4336/4336/4336
f 4334/4334/4334 4336/4336/4336 4337/4337/4337
f 4338/4338/4338 4339/4339/4339 4340/4340/4340
f 4338/4338/4338 4340/4340/4340 4341/4341/4341
f 4342/4342/4342 4343/4343/4343 4344/4344/4344
f 4342/4342/4342 4344/4344/4344 4345/4345/4345
f 4346/4346/4346 4347/4347/4347 4348/4348/4348
f 4346/4346/4346 4348/4348/4348 4349/4349/4349
f 4350/4350/4350 4351/4351/4351 4352/4352/4352
f 4350/4350/4350 4352/4352/4352 4353/4353/4353
f 4354/4354/4354 4355/4355/4355 4356/4356/4356
f 4354/4354/4354 4356/4356/4356 4357/4357/4357
f 4358/4358/4358 4359/4359/4359 4360/4360/4360
f 4358/4358/4358 4360/4360/4360 4361/4361/4361
f 4362/4362/4362 4363/4363/4363 4364/4364/4364
f 4362/4362/4362 4364/4364/4364 4365/4365/4365
f 4366/4366/4366 4367/4367/4367 4368/4368/4368
f 4366/4366/4366 4368/4368/4368 4369/4369/4369
f 4370/4370/4370 4371/4371/4371 4372/4372/4372
f 4370/4370/4370 4372/4372/4372 4373/4373/4373
f 4374/4374/4374 4375/4375/4375 4376/4376/4376
f 4374/4374/4374 4376/4376/4376 4377/4377/4377
f 4378/4378/4378 4379/4379/4379 4380/4380/4380
f 4378/4378/4378 4380/4380/4380 4381/4381/4381
f 4382/4382/4382 4383/4383/4383 4384/4384/4384
f 4382/4382/4382 4384/4384/4384 4385/4385/4385
f 4386/4386/4386 4387/4387/4387 4388/4388/4388
f 4386/4386/4386 4388/4388/4388 4389/4389/4389
f 4390/4390/4390 4391/4391/4391 4392/4392/4392
f 4390/4390/4390 4392/4392/4392 4393/4393/4393
f 4394/4394/4394 4395/4395/4395 4396/4396/4396
f 4394/4394/4394 4396/4396/4396 4397/4397/4397
f 4398/4398/4398 4399/4399/4399 4400/4400/4400
f 4398/4398/4398 4400/4400/4400 4401/4401/4401
f 4402/4402/4402 4403/4403/4403 4404/4404/4404
f 4402/4402/4402 4404/4404/4404 4405/4405/4405
f 4406/4406/4406 4407/4407/4407 4408/4408/4408
f 4406/4406/4406 4408/4408/4408 4409/4409/4409
f 4410/4410/4410 4411/4411/4411 4412/4412/4412
f 4410/4410/4410 4412/4412/4412 4413/4413/4413
f 4414/4414/4414 4415/4415/4415 4416/4416/4416
f 4414/4414/4414 4416/4416/4416 4417/4417/4417
f 4418/4418/4418 4419/4419/4419 4420/4420/4420
f 4418/4418/4418 4420/4420/4420 4421/4421/4421
f 4422/4422/4422 4423/4423/4423 4424/4424/4424
f 4422/4422/4422 4424/4424/4424 4425/4425/4425
f 4426/4426/4426 4427/4427/4427 4428/4428/4428
f 4426/4426/4426 4428/4428/4428 4429/4429/4429
f 4430/4430/4430 4431/4431/4431 4432/4432/4432
f 4430/4430/4430 4432/4432/4432 4433/4433/4433
f 4434/4434/4434 4435/4435/4435 4436/4436/4436
f 4434/4434/4434 4436/4436/4436 4437/4437/4437
f 4438/4438/4438 4439/4439/4439 4440/4440/4440
f 4438/4438/4438 4440/4440/4440 4441/4441/4441
f 4442/4442/4442 4443/4443/4443 4444/4444/4444
f 4442/4442/4442 4444/4444/4444 4445/4445/4445
f 4446/4446/4446 4447/4447/4447 4448/4448/4448
f 4446/4446/4446 4448/4448/4448 4449/4449/4449
f 4450/4450/4450 4451/4451/4451 4452/4452/4452
f 4450/4450/4450 4452/4452/4452 4453/4453/4453
f 4454/4454/4454 4455/4455/4455 4456/4456/4456
f 4454/4454/4454 4456/4456/4456 4457/4457/4457
f 4458/4458/4458 4459/4459/4459 4460/4460/4460
f 4458/4458/4458 4460/4460/4460 4461/4461/4461
f 4462/4462/4462 4463/4463/4463 4464/4464/4464
f 4462/4462/4462 4464/4464/4464 4465/4465/4465
f 4466/4466/4466 4467/4467/4467 4468/4468/4468
f 4466/4466/4466 4468/4468/4468 4469/4469/4469
f 4470/4470/4470 4471/4471/4471 4472/4472/4472
f 4470/4470/4470 4472/4472/4472 4473/4473/4473
f 4474/4474/4474 4475/4475/4475 4476/4476/4476
f 4474/4474/4474 4476/4476/4476 4477/4477/4477
f 4478/4478/4478 4479/4479/4479 4480/4480/4480
f 4478/4478/4478 4480/4480/4480 4481/4481/4481
f 4482/4482/4482 4483/4483/4483 4484/4484/4484
f 4482/4482/4482 4484/4484/4484 4485/4485/4485
f 4486/4486/4486 4487/4487/4487 4488/4488/4488
f 4486/4486/4486 4488/4488/4488 4489/4489/4489
f 4490/4490/4490 4491/4491/4491 4492/4492/4492
f 4490/4490/4490 4492/4492/4492 4493/4493/4493
f 4494/4494/4494 4495/4495/4495 4496/4496/4496
f 4494/4494/4494 4496/4496/4496 4497/4497/4497
f 4498/4498/4498 4499/4499/4499 4500/4500/4500
f 4498/4498/4498 4500/4500/4500 4501/4501/4501
f 4502/4502/4502 4503/4503/4503 4504/4504/4504
f 4502/4502/4502 4504/4504/4504 4505/4505/4505
f 4506/4506/4506 4507/4507/4507 4508/4508/4508
f 4506/4506/4506 4508/4508/4508 4509/4509/4509
f 4510/4510/4510 4511/4511/4511 4512/4512/4512
f 4510/4510/4510 4512/4512/4512 4513/4513/4513
f 4514/4514/4514 4515/4515/4515 4516/4516/4516
f 4514/4514/4514 4516/4516/4516 4517/4517/4517
f 4518/4518/4518 4519/4519/4519 4520/4520/4520
f 4518/4518/4518 4520/4520/4520 4521/4521/4521
f 4522/4522/4522 4523/4523/4523 4524/4524/4524
f 4522/4522/4522 4524/4524/4524 4525/4525/4525
f 4526/4526/4526 4527/4527/4527 4528/4528/4528
f 4526/4526/4526 4528/4528/4528 4529/4529/4529
f 4530/4530/4530 4531/4531/4531 4532/4532/4532
f 4530/4530/4530 4532/4532/4532 4533/4533/4533
f 4534/4534/4534 4535/4535/4535 4536/4536/4536
f 4534/4534/4534 4536/4536/4536 4537/4537/4537
f 4538/4538/4538 4539/4539/4539 4540/4540/4540
f 4538/4538/4538 4540/4540/4540 4541/4541/4541
f 4542/4542/4542 4543/4543/4543 4544/4544/4544
f 4542/4542/4542 4544/4544/4544 4545/4545/4545
f 4546/4546/4546 4547/4547/4547 4548/4548/4548
f 4546/4546/4546 4548/4548/4548 4549/4549/4549
f 4550/4550/4550 4551/4551/4551 4552/4552/4552
f 4550/4550/4550 4552/4552/4552 4553/4553/4553
f 4554/4554/4554 4555/4555/4555 4556/4556/4556
f 4554/4554/4554 4556/4556/4556 4557/4557/4557
f 4558/4558/4558 4559/4559/4559 4560/4560/4560
f 4558/4558/4558 4560/4560/4560 4561/4561/4561
f 4562/4562/4562 4563/4563/4563 4564/4564/4564
f 4562/4562/4562 4564/4564/4564 4565/4565/4565
f 4566/4566/4566 4567/4567/4567 4568/4568/4568
f 4566/4566/4566 4568/4568/4568 4569/4569/4569
f 4570/4570/4570 4571/4571/4571 4572/4572/4572
f 4570/4570/4570 4572/4572/4572 4573/4573/4573
f 4574/4574/4574 4575/4575/4575 4576/4576/4576
f 4574/4574/4574 4576/4576/4576 4577/4577/4577
f 4578/4578/4578 4579/4579/4579 4580/4580/4580
f 4578/4578/4578 4580/4580/4580 4581/4581/4581
f 4582/4582/4582 4583/4583/4583 4584/4584/4584
f 4582/4582/4582 4584/4584/4584 4585/4585/4585
f 4586/4586/4586 4587/4587/4587 4588/4588/4588
f 4586/4586/4586 4588/4588/4588 4589/4589/4589
f 4590/4590/4590 4591/4591/4591 4592/4592/4592
f 4590/4590/4590 4592/4592/4592 4593/4593/4593
f 4594/4594/4594 4595/4595/4595 4596/4596/4596
f 4594/4594/4594 4596/4596/4596 4597/4597/4597
f 4598/4598/4598 4599/4599/4599 4600/4600/4600
f 4598/4598/4598 4600/4600/4600 4601/4601/4601
f 4602/4602/4602 4603/4603/4603 4604/4604/4604
f 4602/4602/4602 4604/4604/4604 4605/4605/4605
f 4606/4606/4606 4607/4607/4607 4608/4608/4608
f 4606/4606/4606 4608/4608/4608 4609/4609/4609
f 4610/4610/4610 4611/4611/4611 4612/4612/4612
f 4610/4610/4610 4612/4612/4612 4613/4613/4613
f 4614/4614/4614 4615/4615/4615 4616/4616/4616
f 4614/4614/4614 4616/4616/4616 4617/4617/4617
f 4618/4618/4618 4619/4619/4619 4620/4620/4620
f 4618/4618/4618 4620/4620/4620 4621/4621/4621
f 4622/4622/4622 4623/4623/4623 4624/4624/4624
f 4622/4622/4622 4624/4624/4624 4625/4625/4625
f 4626/4626/4626 4627/4627/4627 4628/4628/4628
f 4626/4626/4626 4628/4628/4628 4629/4629/4629
f 4630/4630/4630 4631/4631/4631 4632/4632/4632
f 4630/4630/4630 4632/4632/4632 4633/4633/4633
f 4634/4634/4634 4635/4635/4635 4636/4636/4636
f 4634/4634/4634 4636/4636/4636 4637/4637/4637
f 4638/4638/4638 4639/4639/4639 4640/4640/4640
f 4638/4638/4638 4640/4640/4640 4641/4641/4641
f 4642/4642/4642 4643/4643/4643 4644/4644/4644
f 4642/4642/4642 4644/4644/4644 4645/4645/4645
f 4646/4646/4646 4647/4647/4647 4648/4648/4648
f 4646/4646/4646 4648/4648/4648 4649/4649/4649
f 4650/4650/4650 4651/4651/4651 4652/4652/4652
f 4650/4650/4650 4652/4652/4652 4653/4653/4653
f 4654/4654/4654 4655/4655/4655 4656/4656/4656
f 4654/4654/4654 4656/4656/4656 4657/4657/4657
f 4658/4658/4658 4659/4659/4659 4660/4660/4660
f 4658/4658/4658 4660/4660/4660 4661/4661/4661
f 4662/4662/4662 4663/4663/4663 4664/4664/4664
f 4662/4662/4662 4664/4664/4664 4665/4665/4665
f 4666/4666/4666 4667/4667/4667 4668/4668/4668
f 4666/4666/4666 4668/4668/4668 4669/4669/4669
f 4670/4670/4670 4671/4671/4671 4672/4672/4672
f 4670/4670/4670 4672/4672/4672 4673/4673/4673
f 4674/4674/4674 4675/4675/4675 4676/4676/4676
f 4674/4674/4674 4676/4676/4676 4677/4677/4677
f 4678/4678/4678 4679/4679/4679 4680/4680/4680
f 4678/4678/4678 4680/4680/4680 4681/4681/4681
f 4682/4682/4682 4683/4683/4683 4684/4684/4684
f 4682/4682/4682 4684/4684/4684 4685/4685/4685
f 4686/4686/4686 4687/4687/4687 4688/4688/4688
f 4686/4686/4686 4688/4688/4688 4689/4689/4689
f 4690/4690/4690 4691/4691/4691 4692/4692/4692
f 4690/4690/4690 4692/4692/4692 4693/4693/4693
f 4694/4694/4694 4695/4695/4695 4696/4696/4696
f 4694/4694/4694 4696/4696/4696 4697/4697/4697
f 4698/4698/4698 4699/4699/4699 4700/4700/4700
f 4698/4698/4698 4700/4700/4700 4701/4701/4701
f 4702/4702/4702 4703/4703/4703 4704/4704/4704
f 4702/4702/4702 4704/4704/4704 4705/4705/4705
f 4706/4706/4706 4707/4707/4707 4708/4708/4708
f 4706/4706/4706 4708/4708/4708 4709/4709/4709
f 4710/4710/4710 4711/4711/4711 4712/4712/4712
f 4710/4710/4710 4712/4712/4712 4713/4713/4713
f 4714/4714/4714 4715/4715/4715 4716/4716/4716
f 4714/4714/4714 4716/4716/4716 4717/4717/4717
f 4718/4718/4718 4719/4719/4719 4720/4720/4720
f 4718/4718/4718 4720/4720/4720 4721/4721/4721
f 4722/4722/4722 4723/4723/4723 4724/4724/4724
f 4722/4722/4722 4724/4724/4724 4725/4725/4725
f 4726/4726/4726 4727/4727/4727 4728/4728/4728
f 4726/4726/4726 4728/4728/4728 4729/4729/4729
f 4730/4730/4730 4731/4731/4731 4732/4732/4732
f 4730/4730/4730 4732/4732/4732 4733/4733/4733
f 4734/4734/4734 4735/4735/4735 4736/4736/4736
f 4734/4734/4734 4736/4736/4736 4737/4737/4737
f 4738/4738/4738 4739/4739/4739 4740/4740/4740
f 4738/4738/4738 4740/4740/4740 4741/4741/4741
f 4742/4742/4742 4743/4743/4743 4744/4744/4744
f 4742/4742/4742 4744/4744/4744 4745/4745/4745
f 4746/4746/4746 4747/4747/4747 4748/4748/4748
f 4746/4746/4746 4748/4748/4748 4749/4749/4749
f 4750/4750/4750 4751/4751/4751 4752/4752/4752
f 4750/4750/4750 4752/4752/4752 4753/4753/4753
f 4754/4754/4754 4755/4755/4755 4756/4756/4756
f 4754/4754/4754 4756/4756/4756 4757/4757/4757
f 4758/4758/4758 4759/4759/4759 4760/4760/4760
f 4758/4758/4758 4760/4760/4760 4761/4761/4761
f 4762/4762/4762 4763/4763/4763 4764/4764/4764
f 4762/4762/4762 4764/4764/4764 4765/4765/4765
f 4766/4766/4766 4767/4767/4767 4768/4768/4768
f 4766/4766/4766 4768/4768/4768 4769/4769/4769
f 4770/4770/4770 4771/4771/4771 4772/4772/4772
f 4770/4770/4770 4772/4772/4772 4773/4773/4773
f 4774/4774/4774 4775/4775/4775 4776/4776/4776
f 4774/4774/4774 4776/4776/4776 4777/4777/4777
f 4778/4778/4778 4779/4779/4779 4780/4780/4780
f 4778/4778/4778 4780/4780/4780 4781/4781/4781
f 4782/4782/4782 4783/4783/4783 4784/4784/4784
f 4782/4782/4782 4784/4784/4784 4785/4785/4785
f 4786/4786/4786 4787/4787/4787 4788/4788/4788
f 4786/4786/4786 4788/4788/4788 4789/4789/4789
f 4790/4790/4790 4791/4791/4791 4792/4792/4792
f 4790/4790/4790 4792/4792/4792 4793/4793/4793
f 4794/4794/4794 4795/4795/4795 4796/4796/4796
f 4794/4794/4794 4796/4796/4796 4797/4797/4797
f 4798/4798/4798 4799/4799/4799 4800/4800/4800
f 4798/4798/4798 4800/4800/4800 4801/4801/4801
f 4802/4802/4802 4803/4803/4803 4804/4804/4804
f 4802/4802/4802 4804/4804/4804 4805/4805/4805
f 4806/4806/4806 4807/4807/4807 4808/4808/4808
f 4806/4806/4806 4808/4808/4808 4809/4809/4809
f 4810/4810/4810 4811/4811/4811 4812/4812/4812
f 4810/4810/4810 4812/4812/4812 4813/4813/4813
f 4814/4814/4814 4815/4815/4815 4816/4816/4816
f 4814/4814/4814 4816/4816/4816 4817/4817/4817
f 4818/4818/4818 4819/4819/4819 4820/4820/4820
f 4818/4818/4818 4820/4820/4820 4821/4821/4821
f 4822/4822/4822 4823/4823/4823 4824/4824/4824
f 4822/4822/4822 4824/4824/4824 4825/4825/4825
f 4826/4826/4826 4827/4827/4827 4828/4828/4828
f 4826/4826/4826 4828/4828/4828 4829/4829/4829
f 4830/4830/4830 4831/4831/4831 4832/4832/4832
f 4830/4830/4830 4832/4832/4832 4833/4833/4833
f 4834/4834/4834 4835/4835/4835 4836/4836/4836
f 4834/4834/4834 4836/4836/4836 4837/4837/4837
f 4838/4838/4838 4839/4839/4839 4840/4840/4840
f 4838/4838/4838 4840/4840/4840 4841/4841/4841
f 4842/4842/4842 4843/4843/4843 4844/4844/4844
f 4842/4842/4842 4844/4844/4844 4845/4845/4845
f 4846/4846/4846 4847/4847/4847 4848/4848/4848
f 4846/4846/4846 4848/4848/4848 4849/4849/4849
f 4850/4850/4850 4851/4851/4851 4852/4852/4852
f 4850/4850/4850 4852/4852/4852 4853/4853/4853
f 4854/4854/4854 4855/4855/4855 4856/4856/4856
f 4854/4854/4854 4856/4856/4856 4857/4857/4857
f 4858/4858/4858 4859/4859/4859 4860/4860/4860
f 4858/4858/4858 4860/4860/4860 4861/4861/4861
f 4862/4862/4862 4863/4863/4863 4864/4864/4864
f 4862/4862/4862 4864/4864/4864 4865/4865/4865
f 4866/4866/4866 4867/4867/4867 4868/4868/4868
f 4866/4866/4866 4868/4868/4868 4869/4869/4869
f 4870/4870/4870 4871/4871/4871 4872/4872/4872
f 4870/4870/4870 4872/4872/4872 4873/4873/4873
f 4874/4874/4874 4875/4875/4875 4876/4876/4876
f 4874/4874/4874 4876/4876/4876 4877/4877/4877
f 4878/4878/4878 4879/4879/4879 4880/4880/4880
f 4878/4878/4878 4880/4880/4880 4881/4881/4881
f 4882/4882/4882 4883/4883/4883 4884/4884/4884
f 4882/4882/4882 4884/4884/4884 4885/4885/4885
f 4886/4886/4886 4887/4887/4887 4888/4888/4888
f 4886/4886/4886 4888/4888/4888 4889/4889/4889
f 4890/4890/4890 4891/4891/4891 4892/4892/4892
f 4890/4890/4890 4892/4892/4892 4893/4893/4893
f 4894/4894/4894 4895/4895/4895 4896/4896/4896
f 4894/4894/4894 4896/4896/4896 4897/4897/4897
f 4898/4898/4898 4899/4899/4899 4900/4900/4900
f 4898/4898/4898 4900/4900/4900 4901/4901/4901
f 4902/4902/4902 4903/4903/4903 4904/4904/4904
f 4902/4902/4902 4904/4904/4904 4905/4905/4905
f 4906/4906/4906 4907/4907/4907 4908/4908/4908
f 4906/4906/4906 4908/4908/4908 4909/4909/4909
f 4910/4910/4910 4911/4911/4911 4912/4912/4912
f 4910/4910/4910 4912/4912/4912 4913/4913/4913
f 4914/4914/4914 4915/4915/4915 4916/4916/4916
f 4914/4914/4914 4916/4916/4916 4917/4917/4917
f 4918/4918/4918 4919/4919/4919 4920/4920/4920
f 4918/4918/4918 4920/4920/4920 4921/4921/4921
f 4922/4922/4922 4923/4923/4923 4924/4924/4924
f 4922/4922/4922 4924/4924/4924 4925/4925/4925
f 4926/4926/4926 4927/4927/4927 4928/4928/4928
f 4926/4926/4926 4928/4928/4928 4929/4929/4929
f 4930/4930/4930 4931/4931/4931 4932/4932/4932
f 4930/4930/4930 4932/4932/4932 4933/4933/4933
f 4934/4934/4934 4935/4935/4935 4936/4936/4936
f 4934/4934/4934 4936/4936/4936 4937/4937/4937
f 4938/4938/4938 4939/4939/4939 4940/4940/4940
f 4938/4938/4938 4940/4940/4940 4941/4941/4941
f 4942/4942/4942 4943/4943/4943 4944/4944/4944
f 4942/4942/4942 4944/4944/4944 4945/4945/4945
f 4946/4946/4946 4947/4947/4947 4948/4948/4948
f 4946/4946/4946 4948/4948/4948 4949/4949/4949
f 4950/4950/4950 4951/4951/4951 4952/4952/4952
f 4950/4950/4950 4952/4952/4952 4953/4953/4953
f 4954/4954/4954 4955/4955/4955 4956/4956/4956
f 4954/4954/4954 4956/4956/4956 4957/4957/4957
f 4958/4958/4958 4959/4959/4959 4960/4960/4960
f 4958/4958/4958 4960/4960/4960 4961/4961/4961
f 4962/4962/4962 4963/4963/4963 4964/4964/4964
f 4962/4962/4962 4964/4964/4964 4965/4965/4965
f 4966/4966/4966 4967/4967/4967 4968/4968/4968
f 4966/4966/4966 4968/4968/4968 4969/4969/4969
f 4970/4970/4970 4971/4971/4971 4972/4972/4972
f 4970/4970/4970 4972/4972/4972 4973/4973/4973
f 4974/4974/4974 4975/4975/4975 4976/4976/4976
f 4974/4974/4974 4976/4976/4976 4977/4977/4977
f 4978/4978/4978 4979/4979/4979 4980/4980/4980
f 4978/4978/4978 4980/4980/4980 4981/4981/4981
f 4982/4982/4982 4983/4983/4983 4984/4984/4984
f 4982/4982/4982 4984/4984/4984 4985/4985/4985
f 4986/4986/4986 4987/4987/4987 4988/4988/4988
f 4986/4986/4986 4988/4988/4988 4989/4989/4989
f 4990/4990/4990 4991/4991/4991 4992/4992/4992
f 4990/4990/4990 4992/4992/4992 4993/4993/4993
f 4994/4994/4994 4995/4995/4995 4996/4996/4996
f 4994/4994/4994 4996/4996/4996 4997/4997/4997
f 4998/4998/4998 4999/4999/4999 5000/5000/5000
f 4998/4998/4998 5000/5000/5000 5001/5001/5001
f 5002/5002/5002 5003/5003/5003 5004/5004/5004
f 5002/5002/5002 5004/5004/5004 5005/5005/5005
f 5006/5006/5006 5007/5007/5007 5008/5008/5008
f 5006/5006/5006 5008/5008/5008 5009/5009/5009
f 5010/5010/5010 5011/5011/5011 5012/5012/5012
f 5010/5010/5010 5012/5012/5012 5013/5013/5013
f 5014/5014/5014 5015/5015/5015 5016/5016/5016
f 5014/5014/5014 5016/5016/5016 5017/5017/5017
f 5018/5018/5018 5019/5019/5019 5020/5020/5020
f 5018/5018/5018 5020/5020/5020 5021/5021/5021
f 5022/5022/5022 5023/5023/5023 5024/5024/5024
f 5022/5022/5022 5024/5024/5024 5025/5025/5025
f 5026/5026/5026 5027/5027/5027 5028/5028/5028
f 5026/5026/5026 5028/5028/5028 5029/5029/5029
f 5030/5030/5030 5031/5031/5031 5032/5032/5032
f 5030/5030/5030 5032/5032/5032 5033/5033/5033
f 5034/5034/5034 5035/5035/5035 5036/5036/5036
f 5034/5034/5034 5036/5036/5036 5037/5037/5037
f 5038/5038/5038 5039/5039/5039 5040/5040/5040
f 5038/5038/5038 5040/5040/5040 5041/5041/5041
f 5042/5042/5042 5043/5043/5043 5044/5044/5044
f 5042/5042/5042 5044/5044/5044 5045/5045/5045
f 5046/5046/5046 5047/5047/5047 5048/5048/5048
f 5046/5046/5046 5048/5048/5048 5049/5049/5049
f 5050/5050/5050 5051/5051/5051 5052/5052/5052
f 5050/5050/5050 5052/5052/5052 5053/5053/5053
f 5054/5054/5054 5055/5055/5055 5056/5056/5056
f 5054/5054/5054 5056/5056/5056 5057/5057/5057
f 5058/5058/5058 5059/5059/5059 5060/5060/5060
f 5058/5058/5058 5060/5060/5060 5061/5061/5061
f 5062/5062/5062 5063/5063/5063 5064/5064/5064
f 5062/5062/5062 5064/5064/5064 5065/5065/5065
f 5066/5066/5066 5067/5067/5067 5068/5068/5068
f 5066/5066/5066 5068/5068/5068 5069/5069/5069
f 5070/5070/5070 5071/5071/5071 5072/5072/5072
f 5070/5070/5070 5072/5072/5072 5073/5073/5073
f 5074/5074/5074 5075/5075/5075 5076/5076/5076
f 5074/5074/5074 5076/5076/5076 5077/5077/5077
f 5078/5078/5078 5079/5079/5079 5080/5080/5080
f 5078/5078/5078 5080/5080/5080 5081/5081/5081
f 5082/5082/5082 5083/5083/5083 5084/5084/5084
f 5082/5082/5082 5084/5084/5084 5085/5085/5085
f 5086/5086/5086 5087/5087/5087 5088/5088/5088
f 5086/5086/5086 5088/5088/5088 5089/5089/5089
f 5090/5090/5090 5091/5091/5091 5092/5092/5092
f 5090/5090/5090 5092/5092/5092 5093/5093/5093
f 5094/5094/5094 5095/5095/5095 5096/5096/5096
f 5094/5094/5094 5096/5096/5096 5097/5097/5097
f 5098/5098/5098 5099/5099/5099 5100/5100/5100
f 5098/5098/5098 5100/5100/5100 5101/5101/5101
f 5102/5102/5102 5103/5103/5103 5104/5104/5104
f 5102/5102/5102 5104/5104/5104 5105/5105/5105
f 5106/5106/5106 5107/5107/5107 5108/5108/5108
f 5106/5106/5106 5108/5108/5108 5109/5109/5109
f 5110/5110/5110 5111/5111/5111 5112/5112/5112
f 5110/5110/5110 5112/5112/5112 5113/5113/5113
f 5114/5114/5114 5115/5115/5115 5116/5116/5116
f 5114/5114/5114 5116/5116/5116 5117/5117/5117
f 5118/5118/5118 5119/5119/5119 5120/5120/5120
f 5118/5118/5118 5120/5120/5120 5121/5121/5121
f 5122/5122/5122 5123/5123/5123 5124/5124/5124
f 5122/5122/5122 5124/5124/5124 5125/5125/5125
f 5126/5126/5126 5127/5127/5127 5128/5128/5128
f 5126/5126/5126 5128/5128/5128 5129/5129/5129
f 5130/5130/5130 5131/5131/5131 5132/5132/5132
f 5130/5130/5130 5132/5132/5132 5133/5133/5133
f 5134/5134/5134 5135/5135/5135 5136/5136/5136
f 5134/5134/5134 5136/5136/5136 5137/5137/5137
f 5138/5138/5138 5139/5139/5139 5140/5140/5140
f 5138/5138/5138 5140/5140/5140 5141/5141/5141
