# generated by generate_trees.py
mtllib hero.mtl
o hero_pine_b
usemtl bark_pine
s 1
v 0.309 -0.138 0.106
v 0.310 -0.139 -0.092
v 0.195 -0.144 -0.253
v 0.008 -0.151 -0.316
v -0.180 -0.158 -0.256
v -0.298 -0.162 -0.097
v -0.299 -0.161 0.101
v -0.184 -0.156 0.262
v 0.003 -0.149 0.324
v 0.191 -0.142 0.265
v 0.309 -0.138 0.106
v 0.276 0.595 0.101
v 0.278 0.592 -0.094
v 0.164 0.589 -0.253
v -0.021 0.589 -0.315
v -0.207 0.591 -0.256
v -0.323 0.594 -0.099
v -0.325 0.598 0.096
v -0.211 0.600 0.255
v -0.026 0.601 0.317
v 0.160 0.599 0.258
v 0.276 0.595 0.101
v 0.304 1.329 0.074
v 0.306 1.323 -0.117
v 0.195 1.323 -0.272
v 0.014 1.330 -0.333
v -0.167 1.340 -0.276
v -0.281 1.350 -0.123
v -0.282 1.356 0.068
v -0.171 1.356 0.223
v 0.009 1.349 0.284
v 0.191 1.339 0.227
v 0.304 1.329 0.074
v 0.330 2.077 0.052
v 0.332 2.076 -0.134
v 0.224 2.079 -0.285
v 0.049 2.083 -0.344
v -0.128 2.088 -0.288
v -0.238 2.092 -0.139
v -0.240 2.092 0.046
v -0.133 2.090 0.197
v 0.043 2.085 0.256
v 0.220 2.080 0.200
v 0.330 2.077 0.052
v 0.328 2.827 0.064
v 0.330 2.827 -0.115
v 0.226 2.828 -0.261
v 0.056 2.829 -0.318
v -0.115 2.830 -0.265
v -0.222 2.831 -0.121
v -0.224 2.831 0.058
v -0.120 2.830 0.205
v 0.050 2.829 0.262
v 0.221 2.828 0.208
v 0.328 2.827 0.064
v 0.319 3.562 0.047
v 0.321 3.559 -0.126
v 0.221 3.562 -0.267
v 0.058 3.569 -0.322
v -0.107 3.578 -0.270
v -0.210 3.585 -0.132
v -0.211 3.588 0.041
v -0.111 3.586 0.182
v 0.052 3.579 0.237
v 0.217 3.569 0.185
v 0.319 3.562 0.047
v 0.381 4.306 0.032
v 0.383 4.302 -0.133
v 0.287 4.304 -0.268
v 0.130 4.312 -0.321
v -0.028 4.322 -0.272
v -0.126 4.331 -0.139
v -0.128 4.335 0.027
v -0.032 4.333 0.162
v 0.125 4.325 0.214
v 0.283 4.314 0.165
v 0.381 4.306 0.032
v 0.385 5.051 0.004
v 0.387 5.050 -0.154
v 0.295 5.055 -0.283
v 0.145 5.063 -0.334
v -0.006 5.071 -0.287
v -0.100 5.076 -0.160
v -0.101 5.076 -0.001
v -0.010 5.071 0.128
v 0.140 5.064 0.178
v 0.291 5.056 0.131
v 0.385 5.051 0.004
v 0.435 5.791 0.022
v 0.436 5.793 -0.128
v 0.350 5.801 -0.251
v 0.207 5.811 -0.299
v 0.064 5.820 -0.254
v -0.026 5.825 -0.133
v -0.027 5.823 0.017
v 0.059 5.815 0.140
v 0.202 5.805 0.188
v 0.345 5.795 0.143
v 0.435 5.791 0.022
v 0.463 6.533 0.017
v 0.464 6.535 -0.125
v 0.382 6.544 -0.242
v 0.248 6.556 -0.287
v 0.112 6.567 -0.244
v 0.027 6.572 -0.130
v 0.026 6.570 0.012
v 0.108 6.561 0.129
v 0.242 6.549 0.174
v 0.378 6.539 0.131
v 0.463 6.533 0.017
v 0.533 7.271 0.037
v 0.534 7.273 -0.097
v 0.457 7.284 -0.206
v 0.331 7.300 -0.249
v 0.204 7.315 -0.209
v 0.124 7.323 -0.101
v 0.123 7.322 0.033
v 0.200 7.311 0.143
v 0.326 7.295 0.185
v 0.453 7.280 0.145
v 0.533 7.271 0.037
v 0.619 8.017 0.028
v 0.621 8.018 -0.097
v 0.548 8.028 -0.200
v 0.430 8.043 -0.240
v 0.311 8.058 -0.202
v 0.237 8.067 -0.101
v 0.236 8.066 0.024
v 0.308 8.056 0.127
v 0.426 8.041 0.167
v 0.545 8.026 0.129
v 0.619 8.017 0.028
v 0.696 8.763 0.038
v 0.697 8.763 -0.079
v 0.630 8.772 -0.174
v 0.520 8.787 -0.212
v 0.410 8.802 -0.177
v 0.341 8.811 -0.083
v 0.339 8.811 0.034
v 0.406 8.801 0.129
v 0.516 8.786 0.166
v 0.627 8.772 0.131
v 0.696 8.763 0.038
v 0.791 9.509 0.024
v 0.792 9.509 -0.083
v 0.730 9.517 -0.171
v 0.629 9.532 -0.205
v 0.527 9.546 -0.173
v 0.463 9.555 -0.087
v 0.462 9.555 0.021
v 0.524 9.546 0.109
v 0.625 9.532 0.143
v 0.727 9.517 0.111
v 0.791 9.509 0.024
v 0.877 10.255 0.030
v 0.878 10.254 -0.069
v 0.821 10.262 -0.149
v 0.729 10.275 -0.180
v 0.636 10.289 -0.151
v 0.578 10.298 -0.072
v 0.577 10.298 0.027
v 0.633 10.291 0.107
v 0.726 10.277 0.139
v 0.819 10.264 0.109
v 0.877 10.255 0.030
v 0.977 10.998 0.007
v 0.978 10.997 -0.082
v 0.927 11.005 -0.154
v 0.843 11.020 -0.183
v 0.760 11.035 -0.156
v 0.708 11.044 -0.084
v 0.707 11.045 0.005
v 0.758 11.037 0.077
v 0.841 11.022 0.106
v 0.925 11.008 0.079
v 0.977 10.998 0.007
v 1.109 11.744 0.008
v 1.110 11.744 -0.071
v 1.065 11.753 -0.136
v 0.991 11.767 -0.161
v 0.916 11.780 -0.138
v 0.869 11.788 -0.074
v 0.868 11.787 0.006
v 0.914 11.778 0.070
v 0.988 11.765 0.096
v 1.062 11.751 0.072
v 1.109 11.744 0.008
v 1.217 12.490 0.013
v 1.218 12.490 -0.057
v 1.178 12.498 -0.113
v 1.114 12.511 -0.136
v 1.048 12.524 -0.115
v 1.007 12.531 -0.059
v 1.007 12.531 0.011
v 1.046 12.523 0.067
v 1.111 12.510 0.090
v 1.176 12.497 0.069
v 1.217 12.490 0.013
v 1.371 13.235 0.012
v 1.372 13.234 -0.048
v 1.338 13.241 -0.096
v 1.283 13.253 -0.116
v 1.227 13.267 -0.098
v 1.193 13.276 -0.050
v 1.193 13.277 0.010
v 1.226 13.270 0.058
v 1.281 13.257 0.077
v 1.337 13.244 0.060
v 1.371 13.235 0.012
v 1.539 13.983 -0.025
v 1.539 13.981 -0.074
v 1.511 13.986 -0.115
v 1.465 13.997 -0.130
v 1.419 14.008 -0.116
v 1.391 14.017 -0.076
v 1.391 14.019 -0.027
v 1.419 14.014 0.014
v 1.465 14.003 0.029
v 1.510 13.992 0.015
v 1.539 13.983 -0.025
v 1.493 14.116 -0.055
v 0.329 7.288 -0.102
v 0.299 7.355 -0.062
v 0.309 7.342 0.020
v 0.346 7.268 0.030
v 0.358 7.235 -0.045
v 0.329 7.288 -0.102
v 0.824 7.529 -0.116
v 0.792 7.583 -0.081
v 0.802 7.572 -0.011
v 0.840 7.512 -0.002
v 0.854 7.485 -0.067
v 0.824 7.529 -0.116
v 1.255 7.870 -0.132
v 1.226 7.913 -0.103
v 1.234 7.904 -0.044
v 1.269 7.856 -0.037
v 1.282 7.835 -0.092
v 1.255 7.870 -0.132
v 1.717 8.169 -0.125
v 1.695 8.205 -0.101
v 1.700 8.197 -0.053
v 1.725 8.156 -0.047
v 1.736 8.139 -0.092
v 1.717 8.169 -0.125
v 2.191 8.451 -0.115
v 2.174 8.478 -0.097
v 2.175 8.470 -0.060
v 2.193 8.438 -0.056
v 2.203 8.426 -0.090
v 2.191 8.451 -0.115
v 2.667 8.713 -0.032
v 2.653 8.731 -0.020
v 2.655 8.726 0.006
v 2.670 8.705 0.009
v 2.677 8.697 -0.014
v 2.667 8.713 -0.032
v 3.064 9.091 -0.026
v 3.055 9.100 -0.019
v 3.057 9.099 -0.006
v 3.067 9.088 -0.004
v 3.071 9.084 -0.016
v 3.064 9.091 -0.026
v 3.076 9.105 -0.014
v 0.485 8.060 -0.072
v 0.443 7.991 -0.080
v 0.381 7.993 -0.028
v 0.384 8.063 0.012
v 0.448 8.104 -0.015
v 0.485 8.060 -0.072
v 0.176 8.277 -0.426
v 0.140 8.225 -0.437
v 0.090 8.228 -0.397
v 0.095 8.281 -0.362
v 0.149 8.312 -0.380
v 0.176 8.277 -0.426
v -0.076 8.569 -0.768
v -0.105 8.533 -0.779
v -0.144 8.537 -0.752
v -0.140 8.576 -0.725
v -0.097 8.595 -0.734
v -0.076 8.569 -0.768
v -0.282 8.855 -1.154
v -0.300 8.831 -1.159
v -0.323 8.831 -1.139
v -0.320 8.856 -1.121
v -0.295 8.871 -1.131
v -0.282 8.855 -1.154
v -0.658 9.097 -1.430
v -0.665 9.085 -1.432
v -0.674 9.084 -1.421
v -0.673 9.096 -1.413
v -0.663 9.104 -1.419
v -0.658 9.097 -1.430
v -0.679 9.102 -1.433
v 0.460 8.817 -0.037
v 0.468 8.744 -0.006
v 0.546 8.730 0.002
v 0.585 8.794 -0.024
v 0.532 8.848 -0.048
v 0.460 8.817 -0.037
v 0.456 9.038 0.514
v 0.462 8.983 0.542
v 0.524 8.972 0.550
v 0.555 9.021 0.526
v 0.513 9.062 0.504
v 0.456 9.038 0.514
v 0.440 9.343 1.020
v 0.445 9.304 1.045
v 0.490 9.298 1.055
v 0.513 9.333 1.035
v 0.482 9.361 1.013
v 0.440 9.343 1.020
v 0.360 9.665 1.511
v 0.363 9.640 1.529
v 0.392 9.638 1.537
v 0.407 9.661 1.524
v 0.387 9.678 1.509
v 0.360 9.665 1.511
v 0.246 9.990 1.996
v 0.247 9.979 2.005
v 0.260 9.978 2.009
v 0.267 9.989 2.003
v 0.258 9.996 1.995
v 0.246 9.990 1.996
v 0.252 9.996 2.016
v 0.580 8.777 -0.002
v 0.537 8.726 -0.042
v 0.467 8.759 -0.055
v 0.468 8.830 -0.023
v 0.538 8.841 0.009
v 0.580 8.777 -0.002
v 0.723 8.954 -0.402
v 0.688 8.914 -0.434
v 0.631 8.937 -0.439
v 0.631 8.992 -0.411
v 0.687 9.003 -0.388
v 0.723 8.954 -0.402
v 0.800 9.182 -0.791
v 0.776 9.155 -0.819
v 0.733 9.171 -0.820
v 0.730 9.208 -0.793
v 0.772 9.215 -0.775
v 0.800 9.182 -0.791
v 0.916 9.487 -1.106
v 0.900 9.470 -1.126
v 0.873 9.482 -1.128
v 0.871 9.505 -1.109
v 0.897 9.508 -1.096
v 0.916 9.487 -1.106
v 1.051 9.745 -1.456
v 1.044 9.737 -1.465
v 1.031 9.742 -1.466
v 1.030 9.754 -1.458
v 1.043 9.755 -1.452
v 1.051 9.745 -1.456
v 1.045 9.757 -1.473
v 0.646 9.577 -0.074
v 0.616 9.509 -0.091
v 0.601 9.472 -0.026
v 0.622 9.517 0.032
v 0.650 9.582 0.003
v 0.646 9.577 -0.074
v 0.098 9.805 -0.053
v 0.070 9.753 -0.067
v 0.055 9.725 -0.015
v 0.074 9.761 0.031
v 0.100 9.810 0.008
v 0.098 9.805 -0.053
v -0.407 10.117 -0.058
v -0.431 10.081 -0.068
v -0.445 10.062 -0.029
v -0.429 10.087 0.005
v -0.406 10.121 -0.013
v -0.407 10.117 -0.058
v -0.900 10.451 -0.063
v -0.917 10.427 -0.070
v -0.928 10.416 -0.045
v -0.918 10.433 -0.022
v -0.901 10.454 -0.034
v -0.900 10.451 -0.063
v -1.368 10.812 -0.144
v -1.376 10.801 -0.147
v -1.382 10.797 -0.135
v -1.377 10.805 -0.124
v -1.369 10.814 -0.130
v -1.368 10.812 -0.144
v -1.388 10.817 -0.138
v 0.718 10.331 -0.052
v 0.691 10.314 0.016
v 0.714 10.245 0.033
v 0.756 10.219 -0.024
v 0.758 10.272 -0.077
v 0.718 10.331 -0.052
v 1.183 10.537 0.192
v 1.162 10.525 0.247
v 1.187 10.473 0.264
v 1.223 10.454 0.220
v 1.220 10.494 0.175
v 1.183 10.537 0.192
v 1.581 10.881 0.410
v 1.563 10.870 0.449
v 1.582 10.831 0.462
v 1.612 10.820 0.431
v 1.612 10.850 0.399
v 1.581 10.881 0.410
v 1.980 11.102 0.756
v 1.967 11.094 0.781
v 1.980 11.069 0.790
v 2.000 11.062 0.771
v 2.001 11.082 0.750
v 1.980 11.102 0.756
v 2.347 11.451 1.012
v 2.342 11.447 1.024
v 2.349 11.436 1.029
v 2.359 11.433 1.020
v 2.358 11.442 1.009
v 2.347 11.451 1.012
v 2.363 11.453 1.027
v 0.720 10.220 -0.047
v 0.671 10.254 -0.003
v 0.700 10.319 0.016
v 0.766 10.325 -0.016
v 0.779 10.264 -0.055
v 0.720 10.220 -0.047
v 0.471 10.481 -0.517
v 0.431 10.510 -0.485
v 0.454 10.562 -0.469
v 0.508 10.565 -0.492
v 0.518 10.515 -0.521
v 0.471 10.481 -0.517
v 0.277 10.727 -1.024
v 0.248 10.747 -0.998
v 0.266 10.785 -0.984
v 0.306 10.788 -1.002
v 0.313 10.752 -1.027
v 0.277 10.727 -1.024
v 0.022 11.067 -1.445
v 0.004 11.079 -1.426
v 0.017 11.102 -1.414
v 0.044 11.104 -1.426
v 0.047 11.082 -1.445
v 0.022 11.067 -1.445
v -0.156 11.450 -1.864
v -0.165 11.456 -1.855
v -0.158 11.467 -1.848
v -0.145 11.467 -1.853
v -0.143 11.457 -1.863
v -0.156 11.450 -1.864
v -0.159 11.471 -1.870
v 0.854 10.973 -0.001
v 0.891 11.035 -0.004
v 0.861 11.078 -0.054
v 0.804 11.042 -0.083
v 0.800 10.977 -0.050
v 0.854 10.973 -0.001
v 0.555 11.175 0.336
v 0.587 11.223 0.331
v 0.565 11.255 0.288
v 0.519 11.227 0.266
v 0.513 11.178 0.295
v 0.555 11.175 0.336
v 0.258 11.450 0.622
v 0.284 11.484 0.617
v 0.271 11.506 0.581
v 0.237 11.484 0.564
v 0.229 11.450 0.589
v 0.258 11.450 0.622
v -0.057 11.730 0.867
v -0.041 11.753 0.864
v -0.051 11.769 0.843
v -0.074 11.755 0.832
v -0.078 11.731 0.847
v -0.057 11.730 0.867
v -0.308 11.947 1.223
v -0.300 11.958 1.222
v -0.306 11.967 1.213
v -0.318 11.961 1.208
v -0.319 11.948 1.215
v -0.308 11.947 1.223
v -0.320 11.964 1.230
v 0.842 11.051 0.014
v 0.868 10.986 0.003
v 0.858 10.969 -0.065
v 0.826 11.024 -0.097
v 0.816 11.075 -0.048
v 0.842 11.051 0.014
v 1.185 11.194 -0.083
v 1.212 11.145 -0.093
v 1.204 11.132 -0.148
v 1.172 11.173 -0.172
v 1.161 11.212 -0.132
v 1.185 11.194 -0.083
v 1.476 11.424 -0.190
v 1.499 11.389 -0.198
v 1.492 11.378 -0.239
v 1.465 11.407 -0.256
v 1.455 11.435 -0.225
v 1.476 11.424 -0.190
v 1.781 11.623 -0.318
v 1.795 11.599 -0.324
v 1.791 11.593 -0.351
v 1.774 11.613 -0.363
v 1.768 11.631 -0.343
v 1.781 11.623 -0.318
v 2.094 11.832 -0.395
v 2.102 11.820 -0.398
v 2.100 11.818 -0.412
v 2.092 11.828 -0.418
v 2.088 11.837 -0.408
v 2.094 11.832 -0.395
v 2.110 11.837 -0.409
v 1.016 11.817 -0.047
v 1.000 11.765 -0.092
v 0.969 11.714 -0.055
v 0.965 11.734 0.012
v 0.994 11.798 0.017
v 1.016 11.817 -0.047
v 0.532 12.030 -0.138
v 0.521 11.988 -0.174
v 0.488 11.951 -0.147
v 0.479 11.970 -0.095
v 0.506 12.019 -0.090
v 0.532 12.030 -0.138
v 0.138 12.312 -0.377
v 0.132 12.280 -0.403
v 0.106 12.252 -0.384
v 0.096 12.268 -0.346
v 0.116 12.305 -0.342
v 0.138 12.312 -0.377
v -0.331 12.519 -0.558
v -0.335 12.497 -0.574
v -0.352 12.479 -0.562
v -0.360 12.490 -0.537
v -0.346 12.515 -0.534
v -0.331 12.519 -0.558
v -0.709 12.780 -0.842
v -0.711 12.769 -0.850
v -0.721 12.761 -0.845
v -0.725 12.767 -0.833
v -0.718 12.779 -0.831
v -0.709 12.780 -0.842
v -0.729 12.780 -0.850
v 0.986 11.725 0.009
v 1.038 11.733 -0.036
v 1.023 11.787 -0.076
v 0.961 11.812 -0.057
v 0.938 11.773 -0.004
v 0.986 11.725 0.009
v 1.166 11.977 0.256
v 1.209 11.987 0.224
v 1.198 12.032 0.193
v 1.148 12.050 0.206
v 1.127 12.016 0.246
v 1.166 11.977 0.256
v 1.302 12.207 0.553
v 1.335 12.214 0.529
v 1.326 12.248 0.505
v 1.288 12.261 0.515
v 1.273 12.236 0.545
v 1.302 12.207 0.553
v 1.475 12.470 0.803
v 1.496 12.474 0.785
v 1.490 12.496 0.769
v 1.465 12.505 0.777
v 1.456 12.489 0.798
v 1.475 12.470 0.803
v 1.650 12.709 1.070
v 1.661 12.711 1.061
v 1.658 12.723 1.053
v 1.646 12.728 1.057
v 1.641 12.719 1.067
v 1.650 12.709 1.070
v 1.659 12.728 1.074
v 1.166 12.490 -0.030
v 1.109 12.459 -0.049
v 1.056 12.499 -0.032
v 1.081 12.555 -0.003
v 1.149 12.550 -0.001
v 1.166 12.490 -0.030
v 1.180 12.688 -0.410
v 1.134 12.663 -0.428
v 1.092 12.695 -0.414
v 1.112 12.739 -0.388
v 1.166 12.734 -0.386
v 1.180 12.688 -0.410
v 1.210 12.913 -0.774
v 1.176 12.895 -0.788
v 1.144 12.919 -0.777
v 1.159 12.951 -0.756
v 1.200 12.948 -0.754
v 1.210 12.913 -0.774
v 1.227 13.134 -1.140
v 1.204 13.122 -1.149
v 1.183 13.138 -1.143
v 1.193 13.161 -1.131
v 1.220 13.158 -1.129
v 1.227 13.134 -1.140
v 1.269 13.297 -1.534
v 1.257 13.291 -1.538
v 1.247 13.300 -1.536
v 1.252 13.312 -1.530
v 1.266 13.310 -1.529
v 1.269 13.297 -1.534
v 1.260 13.309 -1.550
v 1.127 12.522 0.031
v 1.139 12.561 -0.022
v 1.114 12.530 -0.076
v 1.086 12.473 -0.057
v 1.095 12.467 0.010
v 1.127 12.522 0.031
v 0.712 12.739 0.092
v 0.721 12.771 0.049
v 0.705 12.744 0.005
v 0.686 12.697 0.021
v 0.690 12.693 0.074
v 0.712 12.739 0.092
v 0.271 12.892 0.097
v 0.276 12.917 0.065
v 0.260 12.899 0.033
v 0.245 12.863 0.045
v 0.252 12.859 0.084
v 0.271 12.892 0.097
v -0.097 13.133 0.247
v -0.092 13.149 0.226
v -0.106 13.140 0.205
v -0.120 13.118 0.213
v -0.114 13.114 0.240
v -0.097 13.133 0.247
v -0.451 13.437 0.314
v -0.447 13.444 0.303
v -0.454 13.439 0.292
v -0.462 13.428 0.296
v -0.460 13.427 0.310
v -0.451 13.437 0.314
v -0.468 13.447 0.306
vt 0.0000 0.0000
vt 0.2000 0.0000
vt 0.4000 0.0000
vt 0.6000 0.0000
vt 0.8000 0.0000
vt 1.0000 0.0000
vt 1.2000 0.0000
vt 1.4000 0.0000
vt 1.6000 0.0000
vt 1.8000 0.0000
vt 2.0000 0.0000
vt 0.0000 0.2236
vt 0.2000 0.2236
vt 0.4000 0.2236
vt 0.6000 0.2236
vt 0.8000 0.2236
vt 1.0000 0.2236
vt 1.2000 0.2236
vt 1.4000 0.2236
vt 1.6000 0.2236
vt 1.8000 0.2236
vt 2.0000 0.2236
vt 0.0000 0.4474
vt 0.2000 0.4474
vt 0.4000 0.4474
vt 0.6000 0.4474
vt 0.8000 0.4474
vt 1.0000 0.4474
vt 1.2000 0.4474
vt 1.4000 0.4474
vt 1.6000 0.4474
vt 1.8000 0.4474
vt 2.0000 0.4474
vt 0.0000 0.6711
vt 0.2000 0.6711
vt 0.4000 0.6711
vt 0.6000 0.6711
vt 0.8000 0.6711
vt 1.0000 0.6711
vt 1.2000 0.6711
vt 1.4000 0.6711
vt 1.6000 0.6711
vt 1.8000 0.6711
vt 2.0000 0.6711
vt 0.0000 0.8946
vt 0.2000 0.8946
vt 0.4000 0.8946
vt 0.6000 0.8946
vt 0.8000 0.8946
vt 1.0000 0.8946
vt 1.2000 0.8946
vt 1.4000 0.8946
vt 1.6000 0.8946
vt 1.8000 0.8946
vt 2.0000 0.8946
vt 0.0000 1.1181
vt 0.2000 1.1181
vt 0.4000 1.1181
vt 0.6000 1.1181
vt 0.8000 1.1181
vt 1.0000 1.1181
vt 1.2000 1.1181
vt 1.4000 1.1181
vt 1.6000 1.1181
vt 1.8000 1.1181
vt 2.0000 1.1181
vt 0.0000 1.3426
vt 0.2000 1.3426
vt 0.4000 1.3426
vt 0.6000 1.3426
vt 0.8000 1.3426
vt 1.0000 1.3426
vt 1.2000 1.3426
vt 1.4000 1.3426
vt 1.6000 1.3426
vt 1.8000 1.3426
vt 2.0000 1.3426
vt 0.0000 1.5662
vt 0.2000 1.5662
vt 0.4000 1.5662
vt 0.6000 1.5662
vt 0.8000 1.5662
vt 1.0000 1.5662
vt 1.2000 1.5662
vt 1.4000 1.5662
vt 1.6000 1.5662
vt 1.8000 1.5662
vt 2.0000 1.5662
vt 0.0000 1.7905
vt 0.2000 1.7905
vt 0.4000 1.7905
vt 0.6000 1.7905
vt 0.8000 1.7905
vt 1.0000 1.7905
vt 1.2000 1.7905
vt 1.4000 1.7905
vt 1.6000 1.7905
vt 1.8000 1.7905
vt 2.0000 1.7905
vt 0.0000 2.0142
vt 0.2000 2.0142
vt 0.4000 2.0142
vt 0.6000 2.0142
vt 0.8000 2.0142
vt 1.0000 2.0142
vt 1.2000 2.0142
vt 1.4000 2.0142
vt 1.6000 2.0142
vt 1.8000 2.0142
vt 2.0000 2.0142
vt 0.0000 2.2391
vt 0.2000 2.2391
vt 0.4000 2.2391
vt 0.6000 2.2391
vt 0.8000 2.2391
vt 1.0000 2.2391
vt 1.2000 2.2391
vt 1.4000 2.2391
vt 1.6000 2.2391
vt 1.8000 2.2391
vt 2.0000 2.2391
vt 0.0000 2.4646
vt 0.2000 2.4646
vt 0.4000 2.4646
vt 0.6000 2.4646
vt 0.8000 2.4646
vt 1.0000 2.4646
vt 1.2000 2.4646
vt 1.4000 2.4646
vt 1.6000 2.4646
vt 1.8000 2.4646
vt 2.0000 2.4646
vt 0.0000 2.6896
vt 0.2000 2.6896
vt 0.4000 2.6896
vt 0.6000 2.6896
vt 0.8000 2.6896
vt 1.0000 2.6896
vt 1.2000 2.6896
vt 1.4000 2.6896
vt 1.6000 2.6896
vt 1.8000 2.6896
vt 2.0000 2.6896
vt 0.0000 2.9155
vt 0.2000 2.9155
vt 0.4000 2.9155
vt 0.6000 2.9155
vt 0.8000 2.9155
vt 1.0000 2.9155
vt 1.2000 2.9155
vt 1.4000 2.9155
vt 1.6000 2.9155
vt 1.8000 2.9155
vt 2.0000 2.9155
vt 0.0000 3.1409
vt 0.2000 3.1409
vt 0.4000 3.1409
vt 0.6000 3.1409
vt 0.8000 3.1409
vt 1.0000 3.1409
vt 1.2000 3.1409
vt 1.4000 3.1409
vt 1.6000 3.1409
vt 1.8000 3.1409
vt 2.0000 3.1409
vt 0.0000 3.3670
vt 0.2000 3.3670
vt 0.4000 3.3670
vt 0.6000 3.3670
vt 0.8000 3.3670
vt 1.0000 3.3670
vt 1.2000 3.3670
vt 1.4000 3.3670
vt 1.6000 3.3670
vt 1.8000 3.3670
vt 2.0000 3.3670
vt 0.0000 3.5948
vt 0.2000 3.5948
vt 0.4000 3.5948
vt 0.6000 3.5948
vt 0.8000 3.5948
vt 1.0000 3.5948
vt 1.2000 3.5948
vt 1.4000 3.5948
vt 1.6000 3.5948
vt 1.8000 3.5948
vt 2.0000 3.5948
vt 0.0000 3.8212
vt 0.2000 3.8212
vt 0.4000 3.8212
vt 0.6000 3.8212
vt 0.8000 3.8212
vt 1.0000 3.8212
vt 1.2000 3.8212
vt 1.4000 3.8212
vt 1.6000 3.8212
vt 1.8000 3.8212
vt 2.0000 3.8212
vt 0.0000 4.0504
vt 0.2000 4.0504
vt 0.4000 4.0504
vt 0.6000 4.0504
vt 0.8000 4.0504
vt 1.0000 4.0504
vt 1.2000 4.0504
vt 1.4000 4.0504
vt 1.6000 4.0504
vt 1.8000 4.0504
vt 2.0000 4.0504
vt 0.0000 4.2807
vt 0.2000 4.2807
vt 0.4000 4.2807
vt 0.6000 4.2807
vt 0.8000 4.2807
vt 1.0000 4.2807
vt 1.2000 4.2807
vt 1.4000 4.2807
vt 1.6000 4.2807
vt 1.8000 4.2807
vt 2.0000 4.2807
vt 0.5000 4.3047
vt 0.0000 0.0000
vt 0.2000 0.0000
vt 0.4000 0.0000
vt 0.6000 0.0000
vt 0.8000 0.0000
vt 1.0000 0.0000
vt 0.0000 0.2745
vt 0.2000 0.2745
vt 0.4000 0.2745
vt 0.6000 0.2745
vt 0.8000 0.2745
vt 1.0000 0.2745
vt 0.0000 0.5491
vt 0.2000 0.5491
vt 0.4000 0.5491
vt 0.6000 0.5491
vt 0.8000 0.5491
vt 1.0000 0.5491
vt 0.0000 0.8236
vt 0.2000 0.8236
vt 0.4000 0.8236
vt 0.6000 0.8236
vt 0.8000 0.8236
vt 1.0000 0.8236
vt 0.0000 1.0982
vt 0.2000 1.0982
vt 0.4000 1.0982
vt 0.6000 1.0982
vt 0.8000 1.0982
vt 1.0000 1.0982
vt 0.0000 1.3727
vt 0.2000 1.3727
vt 0.4000 1.3727
vt 0.6000 1.3727
vt 0.8000 1.3727
vt 1.0000 1.3727
vt 0.0000 1.6473
vt 0.2000 1.6473
vt 0.4000 1.6473
vt 0.6000 1.6473
vt 0.8000 1.6473
vt 1.0000 1.6473
vt 0.5000 1.6533
vt 0.0000 0.0000
vt 0.2000 0.0000
vt 0.4000 0.0000
vt 0.6000 0.0000
vt 0.8000 0.0000
vt 1.0000 0.0000
vt 0.0000 0.2601
vt 0.2000 0.2601
vt 0.4000 0.2601
vt 0.6000 0.2601
vt 0.8000 0.2601
vt 1.0000 0.2601
vt 0.0000 0.5202
vt 0.2000 0.5202
vt 0.4000 0.5202
vt 0.6000 0.5202
vt 0.8000 0.5202
vt 1.0000 0.5202
vt 0.0000 0.7803
vt 0.2000 0.7803
vt 0.4000 0.7803
vt 0.6000 0.7803
vt 0.8000 0.7803
vt 1.0000 0.7803
vt 0.0000 1.0404
vt 0.2000 1.0404
vt 0.4000 1.0404
vt 0.6000 1.0404
vt 0.8000 1.0404
vt 1.0000 1.0404
vt 0.5000 1.0464
vt 0.0000 0.0000
vt 0.2000 0.0000
vt 0.4000 0.0000
vt 0.6000 0.0000
vt 0.8000 0.0000
vt 1.0000 0.0000
vt 0.0000 0.2978
vt 0.2000 0.2978
vt 0.4000 0.2978
vt 0.6000 0.2978
vt 0.8000 0.2978
vt 1.0000 0.2978
vt 0.0000 0.5957
vt 0.2000 0.5957
vt 0.4000 0.5957
vt 0.6000 0.5957
vt 0.8000 0.5957
vt 1.0000 0.5957
vt 0.0000 0.8935
vt 0.2000 0.8935
vt 0.4000 0.8935
vt 0.6000 0.8935
vt 0.8000 0.8935
vt 1.0000 0.8935
vt 0.0000 1.1914
vt 0.2000 1.1914
vt 0.4000 1.1914
vt 0.6000 1.1914
vt 0.8000 1.1914
vt 1.0000 1.1914
vt 0.5000 1.1974
vt 0.0000 0.0000
vt 0.2000 0.0000
vt 0.4000 0.0000
vt 0.6000 0.0000
vt 0.8000 0.0000
vt 1.0000 0.0000
vt 0.0000 0.2277
vt 0.2000 0.2277
vt 0.4000 0.2277
vt 0.6000 0.2277
vt 0.8000 0.2277
vt 1.0000 0.2277
vt 0.0000 0.4555
vt 0.2000 0.4555
vt 0.4000 0.4555
vt 0.6000 0.4555
vt 0.8000 0.4555
vt 1.0000 0.4555
vt 0.0000 0.6832
vt 0.2000 0.6832
vt 0.4000 0.6832
vt 0.6000 0.6832
vt 0.8000 0.6832
vt 1.0000 0.6832
vt 0.0000 0.9109
vt 0.2000 0.9109
vt 0.4000 0.9109
vt 0.6000 0.9109
vt 0.8000 0.9109
vt 1.0000 0.9109
vt 0.5000 0.9169
vt 0.0000 0.0000
vt 0.2000 0.0000
vt 0.4000 0.0000
vt 0.6000 0.0000
vt 0.8000 0.0000
vt 1.0000 0.0000
vt 0.0000 0.2989
vt 0.2000 0.2989
vt 0.4000 0.2989
vt 0.6000 0.2989
vt 0.8000 0.2989
vt 1.0000 0.2989
vt 0.0000 0.5977
vt 0.2000 0.5977
vt 0.4000 0.5977
vt 0.6000 0.5977
vt 0.8000 0.5977
vt 1.0000 0.5977
vt 0.0000 0.8966
vt 0.2000 0.8966
vt 0.4000 0.8966
vt 0.6000 0.8966
vt 0.8000 0.8966
vt 1.0000 0.8966
vt 0.0000 1.1954
vt 0.2000 1.1954
vt 0.4000 1.1954
vt 0.6000 1.1954
vt 0.8000 1.1954
vt 1.0000 1.1954
vt 0.5000 1.2014
vt 0.0000 0.0000
vt 0.2000 0.0000
vt 0.4000 0.0000
vt 0.6000 0.0000
vt 0.8000 0.0000
vt 1.0000 0.0000
vt 0.0000 0.2852
vt 0.2000 0.2852
vt 0.4000 0.2852
vt 0.6000 0.2852
vt 0.8000 0.2852
vt 1.0000 0.2852
vt 0.0000 0.5703
vt 0.2000 0.5703
vt 0.4000 0.5703
vt 0.6000 0.5703
vt 0.8000 0.5703
vt 1.0000 0.5703
vt 0.0000 0.8555
vt 0.2000 0.8555
vt 0.4000 0.8555
vt 0.6000 0.8555
vt 0.8000 0.8555
vt 1.0000 0.8555
vt 0.0000 1.1407
vt 0.2000 1.1407
vt 0.4000 1.1407
vt 0.6000 1.1407
vt 0.8000 1.1407
vt 1.0000 1.1407
vt 0.5000 1.1467
vt 0.0000 0.0000
vt 0.2000 0.0000
vt 0.4000 0.0000
vt 0.6000 0.0000
vt 0.8000 0.0000
vt 1.0000 0.0000
vt 0.0000 0.2967
vt 0.2000 0.2967
vt 0.4000 0.2967
vt 0.6000 0.2967
vt 0.8000 0.2967
vt 1.0000 0.2967
vt 0.0000 0.5935
vt 0.2000 0.5935
vt 0.4000 0.5935
vt 0.6000 0.5935
vt 0.8000 0.5935
vt 1.0000 0.5935
vt 0.0000 0.8902
vt 0.2000 0.8902
vt 0.4000 0.8902
vt 0.6000 0.8902
vt 0.8000 0.8902
vt 1.0000 0.8902
vt 0.0000 1.1870
vt 0.2000 1.1870
vt 0.4000 1.1870
vt 0.6000 1.1870
vt 0.8000 1.1870
vt 1.0000 1.1870
vt 0.5000 1.1930
vt 0.0000 0.0000
vt 0.2000 0.0000
vt 0.4000 0.0000
vt 0.6000 0.0000
vt 0.8000 0.0000
vt 1.0000 0.0000
vt 0.0000 0.2448
vt 0.2000 0.2448
vt 0.4000 0.2448
vt 0.6000 0.2448
vt 0.8000 0.2448
vt 1.0000 0.2448
vt 0.0000 0.4895
vt 0.2000 0.4895
vt 0.4000 0.4895
vt 0.6000 0.4895
vt 0.8000 0.4895
vt 1.0000 0.4895
vt 0.0000 0.7343
vt 0.2000 0.7343
vt 0.4000 0.7343
vt 0.6000 0.7343
vt 0.8000 0.7343
vt 1.0000 0.7343
vt 0.0000 0.9791
vt 0.2000 0.9791
vt 0.4000 0.9791
vt 0.6000 0.9791
vt 0.8000 0.9791
vt 1.0000 0.9791
vt 0.5000 0.9851
vt 0.0000 0.0000
vt 0.2000 0.0000
vt 0.4000 0.0000
vt 0.6000 0.0000
vt 0.8000 0.0000
vt 1.0000 0.0000
vt 0.0000 0.1930
vt 0.2000 0.1930
vt 0.4000 0.1930
vt 0.6000 0.1930
vt 0.8000 0.1930
vt 1.0000 0.1930
vt 0.0000 0.3859
vt 0.2000 0.3859
vt 0.4000 0.3859
vt 0.6000 0.3859
vt 0.8000 0.3859
vt 1.0000 0.3859
vt 0.0000 0.5789
vt 0.2000 0.5789
vt 0.4000 0.5789
vt 0.6000 0.5789
vt 0.8000 0.5789
vt 1.0000 0.5789
vt 0.0000 0.7719
vt 0.2000 0.7719
vt 0.4000 0.7719
vt 0.6000 0.7719
vt 0.8000 0.7719
vt 1.0000 0.7719
vt 0.5000 0.7779
vt 0.0000 0.0000
vt 0.2000 0.0000
vt 0.4000 0.0000
vt 0.6000 0.0000
vt 0.8000 0.0000
vt 1.0000 0.0000
vt 0.0000 0.2711
vt 0.2000 0.2711
vt 0.4000 0.2711
vt 0.6000 0.2711
vt 0.8000 0.2711
vt 1.0000 0.2711
vt 0.0000 0.5423
vt 0.2000 0.5423
vt 0.4000 0.5423
vt 0.6000 0.5423
vt 0.8000 0.5423
vt 1.0000 0.5423
vt 0.0000 0.8134
vt 0.2000 0.8134
vt 0.4000 0.8134
vt 0.6000 0.8134
vt 0.8000 0.8134
vt 1.0000 0.8134
vt 0.0000 1.0846
vt 0.2000 1.0846
vt 0.4000 1.0846
vt 0.6000 1.0846
vt 0.8000 1.0846
vt 1.0000 1.0846
vt 0.5000 1.0906
vt 0.0000 0.0000
vt 0.2000 0.0000
vt 0.4000 0.0000
vt 0.6000 0.0000
vt 0.8000 0.0000
vt 1.0000 0.0000
vt 0.0000 0.1999
vt 0.2000 0.1999
vt 0.4000 0.1999
vt 0.6000 0.1999
vt 0.8000 0.1999
vt 1.0000 0.1999
vt 0.0000 0.3997
vt 0.2000 0.3997
vt 0.4000 0.3997
vt 0.6000 0.3997
vt 0.8000 0.3997
vt 1.0000 0.3997
vt 0.0000 0.5996
vt 0.2000 0.5996
vt 0.4000 0.5996
vt 0.6000 0.5996
vt 0.8000 0.5996
vt 1.0000 0.5996
vt 0.0000 0.7995
vt 0.2000 0.7995
vt 0.4000 0.7995
vt 0.6000 0.7995
vt 0.8000 0.7995
vt 1.0000 0.7995
vt 0.5000 0.8055
vt 0.0000 0.0000
vt 0.2000 0.0000
vt 0.4000 0.0000
vt 0.6000 0.0000
vt 0.8000 0.0000
vt 1.0000 0.0000
vt 0.0000 0.2144
vt 0.2000 0.2144
vt 0.4000 0.2144
vt 0.6000 0.2144
vt 0.8000 0.2144
vt 1.0000 0.2144
vt 0.0000 0.4289
vt 0.2000 0.4289
vt 0.4000 0.4289
vt 0.6000 0.4289
vt 0.8000 0.4289
vt 1.0000 0.4289
vt 0.0000 0.6433
vt 0.2000 0.6433
vt 0.4000 0.6433
vt 0.6000 0.6433
vt 0.8000 0.6433
vt 1.0000 0.6433
vt 0.0000 0.8577
vt 0.2000 0.8577
vt 0.4000 0.8577
vt 0.6000 0.8577
vt 0.8000 0.8577
vt 1.0000 0.8577
vt 0.5000 0.8637
vt 0.0000 0.0000
vt 0.2000 0.0000
vt 0.4000 0.0000
vt 0.6000 0.0000
vt 0.8000 0.0000
vt 1.0000 0.0000
vt 0.0000 0.2347
vt 0.2000 0.2347
vt 0.4000 0.2347
vt 0.6000 0.2347
vt 0.8000 0.2347
vt 1.0000 0.2347
vt 0.0000 0.4694
vt 0.2000 0.4694
vt 0.4000 0.4694
vt 0.6000 0.4694
vt 0.8000 0.4694
vt 1.0000 0.4694
vt 0.0000 0.7041
vt 0.2000 0.7041
vt 0.4000 0.7041
vt 0.6000 0.7041
vt 0.8000 0.7041
vt 1.0000 0.7041
vt 0.0000 0.9388
vt 0.2000 0.9388
vt 0.4000 0.9388
vt 0.6000 0.9388
vt 0.8000 0.9388
vt 1.0000 0.9388
vt 0.5000 0.9448
vn 0.948 0.038 0.316
vn 0.953 0.036 -0.302
vn 0.593 0.020 -0.805
vn 0.008 -0.004 -1.000
vn -0.581 -0.026 -0.813
vn -0.948 -0.038 -0.316
vn -0.953 -0.036 0.302
vn -0.593 -0.020 0.805
vn -0.008 0.004 1.000
vn 0.581 0.026 0.813
vn 0.948 0.038 0.316
vn 0.948 0.002 0.317
vn 0.954 -0.010 -0.301
vn 0.595 -0.018 -0.804
vn 0.008 -0.019 -1.000
vn -0.581 -0.013 -0.814
vn -0.948 -0.002 -0.317
vn -0.954 0.010 0.301
vn -0.595 0.018 0.804
vn -0.008 0.019 1.000
vn 0.581 0.013 0.814
vn 0.948 0.002 0.317
vn 0.947 -0.035 0.318
vn 0.953 -0.053 -0.299
vn 0.594 -0.052 -0.803
vn 0.009 -0.031 -0.999
vn -0.580 0.002 -0.814
vn -0.947 0.035 -0.318
vn -0.953 0.053 0.299
vn -0.594 0.052 0.803
vn -0.009 0.031 0.999
vn 0.580 -0.002 0.814
vn 0.947 -0.035 0.318
vn 0.948 -0.025 0.318
vn 0.954 -0.027 -0.300
vn 0.595 -0.019 -0.803
vn 0.010 -0.003 -1.000
vn -0.580 0.014 -0.815
vn -0.948 0.025 -0.318
vn -0.954 0.027 0.300
vn -0.595 0.019 0.803
vn -0.010 0.003 1.000
vn 0.580 -0.014 0.815
vn 0.948 -0.025 0.318
vn 0.948 -0.006 0.318
vn 0.954 -0.005 -0.300
vn 0.596 -0.003 -0.803
vn 0.010 0.001 -1.000
vn -0.580 0.004 -0.815
vn -0.948 0.006 -0.318
vn -0.954 0.005 0.300
vn -0.596 0.003 0.803
vn -0.010 -0.001 1.000
vn 0.580 -0.004 0.815
vn 0.948 -0.006 0.318
vn 0.947 -0.042 0.319
vn 0.953 -0.053 -0.299
vn 0.595 -0.043 -0.803
vn 0.010 -0.017 -1.000
vn -0.579 0.015 -0.815
vn -0.947 0.042 -0.319
vn -0.953 0.053 0.299
vn -0.595 0.043 0.803
vn -0.010 0.017 1.000
vn 0.579 -0.015 0.815
vn 0.947 -0.042 0.319
vn 0.946 -0.048 0.319
vn 0.952 -0.063 -0.299
vn 0.594 -0.054 -0.802
vn 0.010 -0.024 -1.000
vn -0.579 0.015 -0.815
vn -0.946 0.048 -0.319
vn -0.952 0.063 0.299
vn -0.594 0.054 0.802
vn -0.010 0.024 1.000
vn 0.579 -0.015 0.815
vn 0.946 -0.048 0.319
vn 0.946 -0.049 0.319
vn 0.953 -0.050 -0.299
vn 0.596 -0.032 -0.803
vn 0.011 -0.002 -1.000
vn -0.578 0.029 -0.815
vn -0.946 0.049 -0.319
vn -0.953 0.050 0.299
vn -0.596 0.032 0.803
vn -0.011 0.002 1.000
vn 0.578 -0.029 0.815
vn 0.946 -0.049 0.319
vn 0.945 -0.070 0.319
vn 0.952 -0.061 -0.299
vn 0.596 -0.030 -0.803
vn 0.012 0.013 -1.000
vn -0.577 0.051 -0.815
vn -0.945 0.070 -0.319
vn -0.952 0.061 0.299
vn -0.596 0.030 0.803
vn -0.012 -0.013 1.000
vn 0.577 -0.051 0.815
vn 0.945 -0.070 0.319
vn 0.944 -0.084 0.319
vn 0.951 -0.074 -0.299
vn 0.595 -0.037 -0.803
vn 0.012 0.015 -1.000
vn -0.576 0.061 -0.815
vn -0.944 0.084 -0.319
vn -0.951 0.074 0.299
vn -0.595 0.037 0.803
vn -0.012 -0.015 1.000
vn 0.576 -0.061 0.815
vn 0.944 -0.084 0.319
vn 0.940 -0.120 0.319
vn 0.948 -0.112 -0.299
vn 0.593 -0.062 -0.803
vn 0.012 0.012 -1.000
vn -0.574 0.081 -0.815
vn -0.940 0.120 -0.319
vn -0.948 0.112 0.299
vn -0.593 0.062 0.803
vn -0.012 -0.012 1.000
vn 0.574 -0.081 0.815
vn 0.940 -0.120 0.319
vn 0.940 -0.122 0.319
vn 0.947 -0.119 -0.299
vn 0.592 -0.070 -0.803
vn 0.011 0.005 -1.000
vn -0.574 0.078 -0.815
vn -0.940 0.122 -0.319
vn -0.947 0.119 0.299
vn -0.592 0.070 0.803
vn -0.011 -0.005 1.000
vn 0.574 -0.078 0.815
vn 0.940 -0.122 0.319
vn 0.939 -0.127 0.319
vn 0.946 -0.125 -0.299
vn 0.591 -0.076 -0.803
vn 0.010 0.002 -1.000
vn -0.574 0.080 -0.815
vn -0.939 0.127 -0.319
vn -0.946 0.125 0.299
vn -0.591 0.076 0.803
vn -0.010 -0.002 1.000
vn 0.574 -0.080 0.815
vn 0.939 -0.127 0.319
vn 0.939 -0.132 0.319
vn 0.945 -0.132 -0.299
vn 0.590 -0.082 -0.803
vn 0.010 -0.000 -1.000
vn -0.574 0.082 -0.815
vn -0.939 0.132 -0.319
vn -0.945 0.132 0.299
vn -0.590 0.082 0.803
vn -0.010 0.000 1.000
vn 0.574 -0.082 0.815
vn 0.939 -0.132 0.319
vn 0.938 -0.134 0.319
vn 0.944 -0.138 -0.299
vn 0.589 -0.089 -0.803
vn 0.009 -0.006 -1.000
vn -0.574 0.079 -0.815
vn -0.938 0.134 -0.319
vn -0.944 0.138 0.299
vn -0.589 0.089 0.803
vn -0.009 0.006 1.000
vn 0.574 -0.079 0.815
vn 0.938 -0.134 0.319
vn 0.934 -0.162 0.319
vn 0.939 -0.168 -0.299
vn 0.586 -0.109 -0.803
vn 0.009 -0.010 -1.000
vn -0.572 0.094 -0.815
vn -0.934 0.162 -0.319
vn -0.939 0.168 0.299
vn -0.586 0.109 0.803
vn -0.009 0.010 1.000
vn 0.572 -0.094 0.815
vn 0.934 -0.162 0.319
vn 0.932 -0.172 0.319
vn 0.939 -0.167 -0.299
vn 0.588 -0.098 -0.803
vn 0.012 0.008 -1.000
vn -0.569 0.112 -0.815
vn -0.932 0.172 -0.319
vn -0.939 0.167 0.299
vn -0.588 0.098 0.803
vn -0.012 -0.008 1.000
vn 0.569 -0.112 0.815
vn 0.932 -0.172 0.319
vn 0.929 -0.186 0.319
vn 0.937 -0.181 -0.299
vn 0.586 -0.108 -0.803
vn 0.012 0.007 -1.000
vn -0.567 0.119 -0.815
vn -0.929 0.186 -0.319
vn -0.937 0.181 0.299
vn -0.586 0.108 0.803
vn -0.012 -0.007 1.000
vn 0.567 -0.119 0.815
vn 0.929 -0.186 0.319
vn 0.923 -0.213 0.319
vn 0.927 -0.225 -0.299
vn 0.577 -0.152 -0.802
vn 0.007 -0.020 -1.000
vn -0.567 0.119 -0.815
vn -0.923 0.213 -0.319
vn -0.927 0.225 0.299
vn -0.577 0.152 0.802
vn -0.007 0.020 1.000
vn 0.567 -0.119 0.815
vn 0.923 -0.213 0.319
vn 0.923 -0.213 0.319
vn 0.924 -0.239 -0.298
vn 0.572 -0.174 -0.802
vn 0.001 -0.042 -0.999
vn -0.570 0.106 -0.815
vn -0.923 0.213 -0.319
vn -0.924 0.239 0.298
vn -0.572 0.174 0.802
vn -0.001 0.042 0.999
vn 0.570 -0.106 0.815
vn 0.923 -0.213 0.319
vn 0.238 0.970 -0.041
vn 0.015 -0.128 -0.992
vn -0.411 0.808 -0.422
vn -0.269 0.628 0.731
vn 0.245 -0.420 0.874
vn 0.420 -0.887 -0.191
vn 0.015 -0.128 -0.992
vn 0.024 -0.123 -0.992
vn -0.498 0.760 -0.417
vn -0.331 0.593 0.734
vn 0.293 -0.394 0.871
vn 0.512 -0.836 -0.196
vn 0.024 -0.123 -0.992
vn 0.045 -0.107 -0.993
vn -0.537 0.734 -0.415
vn -0.377 0.561 0.737
vn 0.304 -0.387 0.870
vn 0.565 -0.800 -0.199
vn 0.045 -0.107 -0.993
vn 0.059 -0.099 -0.993
vn -0.479 0.773 -0.416
vn -0.354 0.577 0.736
vn 0.259 -0.417 0.871
vn 0.515 -0.834 -0.197
vn 0.059 -0.099 -0.993
vn 0.115 -0.067 -0.991
vn -0.426 0.804 -0.416
vn -0.378 0.564 0.734
vn 0.192 -0.455 0.869
vn 0.497 -0.845 -0.197
vn 0.115 -0.067 -0.991
vn 0.123 -0.061 -0.990
vn -0.513 0.747 -0.422
vn -0.440 0.523 0.730
vn 0.241 -0.424 0.873
vn 0.589 -0.785 -0.190
vn 0.123 -0.061 -0.990
vn 0.084 -0.099 -0.992
vn -0.624 0.653 -0.430
vn -0.470 0.502 0.726
vn 0.334 -0.342 0.878
vn 0.676 -0.714 -0.183
vn 0.084 -0.099 -0.992
vn 0.725 0.688 -0.007
vn 0.819 0.258 -0.513
vn 0.216 -0.744 -0.632
vn -0.685 -0.718 0.123
vn -0.639 0.300 0.708
vn 0.290 0.904 0.315
vn 0.819 0.258 -0.513
vn 0.849 0.230 -0.475
vn 0.187 -0.722 -0.666
vn -0.734 -0.676 0.063
vn -0.641 0.304 0.705
vn 0.338 0.864 0.373
vn 0.849 0.230 -0.475
vn 0.902 0.168 -0.397
vn 0.180 -0.718 -0.672
vn -0.791 -0.611 -0.019
vn -0.669 0.340 0.661
vn 0.378 0.822 0.427
vn 0.902 0.168 -0.397
vn 0.834 0.244 -0.495
vn 0.165 -0.703 -0.692
vn -0.732 -0.678 0.067
vn -0.617 0.284 0.734
vn 0.350 0.853 0.386
vn 0.834 0.244 -0.495
vn 0.710 0.343 -0.615
vn 0.122 -0.668 -0.734
vn -0.635 -0.756 0.161
vn -0.515 0.200 0.834
vn 0.317 0.880 0.355
vn 0.710 0.343 -0.615
vn -0.697 0.469 -0.543
vn -0.868 0.449 -0.212
vn -0.740 -0.628 0.239
vn 0.410 -0.838 0.360
vn 0.994 0.111 -0.017
vn 0.204 0.906 -0.371
vn -0.868 0.449 -0.212
vn -0.867 0.428 -0.256
vn -0.741 -0.610 0.281
vn 0.409 -0.805 0.429
vn 0.994 0.113 -0.016
vn 0.205 0.875 -0.439
vn -0.867 0.428 -0.256
vn -0.861 0.374 -0.345
vn -0.740 -0.603 0.299
vn 0.404 -0.746 0.530
vn 0.990 0.142 0.029
vn 0.208 0.834 -0.512
vn -0.861 0.374 -0.345
vn -0.849 0.328 -0.415
vn -0.734 -0.627 0.261
vn 0.395 -0.716 0.576
vn 0.978 0.185 0.095
vn 0.210 0.830 -0.517
vn -0.849 0.328 -0.415
vn -0.843 0.313 -0.437
vn -0.731 -0.637 0.246
vn 0.392 -0.707 0.589
vn 0.973 0.200 0.118
vn 0.210 0.830 -0.516
vn -0.843 0.313 -0.437
vn -0.211 0.554 0.805
vn 0.941 -0.148 0.304
vn 0.280 -0.914 -0.294
vn -0.768 -0.417 -0.486
vn -0.755 0.656 -0.007
vn 0.302 0.823 0.482
vn 0.941 -0.148 0.304
vn 0.963 -0.116 0.243
vn 0.305 -0.882 -0.358
vn -0.775 -0.429 -0.464
vn -0.784 0.617 0.071
vn 0.290 0.811 0.508
vn 0.963 -0.116 0.243
vn 0.969 -0.103 0.226
vn 0.350 -0.796 -0.495
vn -0.753 -0.389 -0.531
vn -0.815 0.556 0.166
vn 0.249 0.732 0.634
vn 0.969 -0.103 0.226
vn 0.950 -0.146 0.276
vn 0.355 -0.781 -0.514
vn -0.731 -0.337 -0.593
vn -0.806 0.573 0.147
vn 0.232 0.691 0.684
vn 0.950 -0.146 0.276
vn 0.945 -0.155 0.289
vn 0.334 -0.821 -0.464
vn -0.738 -0.352 -0.576
vn -0.790 0.603 0.108
vn 0.250 0.725 0.643
vn 0.945 -0.155 0.289
vn 0.325 0.562 -0.760
vn 0.291 0.700 -0.652
vn -0.172 -0.347 -0.922
vn -0.398 -0.914 0.083
vn -0.074 -0.218 0.973
vn 0.352 0.779 0.519
vn 0.291 0.700 -0.652
vn 0.358 0.667 -0.654
vn -0.182 -0.343 -0.922
vn -0.470 -0.879 0.085
vn -0.108 -0.200 0.974
vn 0.403 0.755 0.517
vn 0.358 0.667 -0.654
vn 0.433 0.619 -0.655
vn -0.199 -0.335 -0.921
vn -0.556 -0.827 0.086
vn -0.145 -0.176 0.974
vn 0.467 0.718 0.516
vn 0.433 0.619 -0.655
vn 0.500 0.573 -0.650
vn -0.168 -0.357 -0.919
vn -0.603 -0.793 0.082
vn -0.205 -0.133 0.970
vn 0.476 0.711 0.517
vn 0.500 0.573 -0.650
vn 0.552 0.533 -0.641
vn -0.131 -0.384 -0.914
vn -0.633 -0.771 0.077
vn -0.260 -0.092 0.961
vn 0.472 0.714 0.518
vn 0.552 0.533 -0.641
vn -0.771 0.619 -0.149
vn -0.150 0.857 -0.494
vn -0.571 0.590 0.571
vn -0.203 -0.492 0.846
vn 0.446 -0.894 -0.048
vn 0.478 -0.060 -0.876
vn -0.150 0.857 -0.494
vn -0.246 0.800 -0.547
vn -0.644 0.551 0.531
vn -0.152 -0.459 0.875
vn 0.550 -0.835 0.010
vn 0.492 -0.057 -0.869
vn -0.246 0.800 -0.547
vn -0.229 0.813 -0.535
vn -0.713 0.502 0.490
vn -0.211 -0.503 0.838
vn 0.582 -0.813 0.028
vn 0.571 0.000 -0.821
vn -0.229 0.813 -0.535
vn -0.224 0.817 -0.531
vn -0.739 0.482 0.471
vn -0.233 -0.519 0.822
vn 0.595 -0.803 0.037
vn 0.600 0.023 -0.799
vn -0.224 0.817 -0.531
vn -0.317 0.736 -0.598
vn -0.763 0.461 0.454
vn -0.155 -0.451 0.879
vn 0.667 -0.740 0.089
vn 0.567 -0.006 -0.824
vn -0.317 0.736 -0.598
vn 0.641 0.631 0.437
vn -0.117 -0.903 -0.413
vn -0.891 -0.356 0.283
vn -0.434 0.683 0.588
vn 0.622 0.778 0.081
vn 0.819 -0.202 -0.538
vn -0.117 -0.903 -0.413
vn -0.109 -0.911 -0.397
vn -0.909 -0.337 0.245
vn -0.452 0.703 0.549
vn 0.629 0.771 0.094
vn 0.841 -0.226 -0.491
vn -0.109 -0.911 -0.397
vn -0.139 -0.877 -0.459
vn -0.912 -0.333 0.239
vn -0.425 0.672 0.607
vn 0.650 0.748 0.136
vn 0.826 -0.209 -0.523
vn -0.139 -0.877 -0.459
vn -0.192 -0.804 -0.564
vn -0.925 -0.315 0.215
vn -0.380 0.609 0.696
vn 0.690 0.691 0.216
vn 0.806 -0.182 -0.563
vn -0.192 -0.804 -0.564
vn -0.204 -0.778 -0.594
vn -0.948 -0.272 0.163
vn -0.382 0.610 0.695
vn 0.712 0.649 0.267
vn 0.822 -0.208 -0.530
vn -0.204 -0.778 -0.594
vn -0.303 0.627 -0.717
vn 0.192 -0.777 0.599
vn 0.797 0.230 0.559
vn 0.300 0.919 -0.254
vn -0.611 0.338 -0.716
vn -0.678 -0.710 -0.188
vn 0.192 -0.777 0.599
vn 0.140 -0.739 0.659
vn 0.791 0.235 0.565
vn 0.349 0.884 -0.310
vn -0.575 0.311 -0.756
vn -0.705 -0.692 -0.157
vn 0.140 -0.739 0.659
vn 0.064 -0.677 0.733
vn 0.762 0.258 0.593
vn 0.407 0.837 -0.367
vn -0.511 0.259 -0.820
vn -0.723 -0.677 -0.140
vn 0.064 -0.677 0.733
vn 0.121 -0.729 0.674
vn 0.801 0.224 0.556
vn 0.374 0.867 -0.331
vn -0.570 0.312 -0.760
vn -0.726 -0.674 -0.139
vn 0.121 -0.729 0.674
vn 0.190 -0.791 0.581
vn 0.856 0.173 0.487
vn 0.339 0.898 -0.280
vn -0.646 0.382 -0.660
vn -0.739 -0.662 -0.128
vn 0.190 -0.791 0.581
vn -0.511 0.426 0.747
vn 0.002 0.499 0.867
vn 0.428 -0.582 0.691
vn 0.263 -0.859 -0.440
vn -0.266 0.052 -0.963
vn -0.427 0.891 -0.155
vn 0.002 0.499 0.867
vn -0.036 0.476 0.879
vn 0.518 -0.538 0.665
vn 0.356 -0.809 -0.468
vn -0.298 0.038 -0.954
vn -0.541 0.832 -0.122
vn -0.036 0.476 0.879
vn -0.036 0.476 0.879
vn 0.592 -0.488 0.641
vn 0.402 -0.778 -0.483
vn -0.344 0.008 -0.939
vn -0.615 0.783 -0.098
vn -0.036 0.476 0.879
vn -0.052 0.465 0.884
vn 0.549 -0.519 0.656
vn 0.391 -0.786 -0.478
vn -0.307 0.033 -0.951
vn -0.581 0.807 -0.109
vn -0.052 0.465 0.884
vn -0.105 0.430 0.897
vn 0.513 -0.543 0.665
vn 0.422 -0.766 -0.486
vn -0.252 0.070 -0.965
vn -0.578 0.808 -0.111
vn -0.105 0.430 0.897
vn 0.812 0.557 -0.172
vn 0.449 0.862 -0.236
vn 0.190 -0.010 -0.982
vn -0.331 -0.868 -0.371
vn -0.395 -0.527 0.753
vn 0.087 0.542 0.836
vn 0.449 0.862 -0.236
vn 0.556 0.807 -0.198
vn 0.323 -0.071 -0.944
vn -0.356 -0.851 -0.385
vn -0.544 -0.455 0.705
vn 0.020 0.570 0.821
vn 0.556 0.807 -0.198
vn 0.572 0.798 -0.190
vn 0.390 -0.110 -0.914
vn -0.331 -0.866 -0.375
vn -0.595 -0.425 0.682
vn -0.037 0.603 0.797
vn 0.572 0.798 -0.190
vn 0.573 0.798 -0.190
vn 0.427 -0.132 -0.895
vn -0.309 -0.879 -0.363
vn -0.618 -0.412 0.670
vn -0.073 0.625 0.778
vn 0.573 0.798 -0.190
vn 0.649 0.749 -0.135
vn 0.514 -0.183 -0.838
vn -0.331 -0.862 -0.384
vn -0.718 -0.350 0.601
vn -0.113 0.646 0.755
vn 0.649 0.749 -0.135
vn -0.686 0.499 -0.529
vn -0.058 -0.701 0.711
vn 0.829 -0.557 -0.048
vn 0.570 0.357 -0.740
vn -0.477 0.778 -0.410
vn -0.865 0.124 0.487
vn -0.058 -0.701 0.711
vn -0.085 -0.742 0.664
vn 0.843 -0.537 -0.027
vn 0.606 0.411 -0.681
vn -0.469 0.791 -0.394
vn -0.896 0.078 0.438
vn -0.085 -0.742 0.664
vn -0.082 -0.739 0.669
vn 0.849 -0.528 -0.017
vn 0.607 0.412 -0.680
vn -0.474 0.783 -0.403
vn -0.900 0.072 0.431
vn -0.082 -0.739 0.669
vn -0.066 -0.716 0.695
vn 0.835 -0.549 -0.042
vn 0.581 0.376 -0.721
vn -0.475 0.782 -0.403
vn -0.875 0.107 0.472
vn -0.066 -0.716 0.695
vn -0.081 -0.737 0.671
vn 0.827 -0.560 -0.054
vn 0.592 0.391 -0.704
vn -0.461 0.802 -0.381
vn -0.877 0.104 0.469
vn -0.081 -0.737 0.671
vn 0.437 0.579 0.689
vn 0.930 -0.348 -0.117
vn -0.058 -0.889 -0.454
vn -0.966 -0.201 -0.164
vn -0.539 0.765 0.353
vn 0.633 0.674 0.382
vn 0.930 -0.348 -0.117
vn 0.930 -0.350 -0.113
vn -0.055 -0.871 -0.488
vn -0.964 -0.188 -0.189
vn -0.540 0.755 0.372
vn 0.630 0.654 0.419
vn 0.930 -0.350 -0.113
vn 0.930 -0.346 -0.120
vn -0.053 -0.855 -0.516
vn -0.963 -0.182 -0.199
vn -0.543 0.742 0.393
vn 0.628 0.641 0.442
vn 0.930 -0.346 -0.120
vn 0.927 -0.365 -0.083
vn -0.058 -0.893 -0.447
vn -0.963 -0.187 -0.194
vn -0.537 0.777 0.327
vn 0.631 0.667 0.396
vn 0.927 -0.365 -0.083
vn 0.922 -0.386 -0.033
vn -0.064 -0.922 -0.381
vn -0.962 -0.184 -0.202
vn -0.530 0.809 0.255
vn 0.634 0.684 0.360
vn 0.922 -0.386 -0.033
vn 0.123 0.371 -0.920
vn 0.268 0.195 0.944
vn 0.472 0.882 0.011
vn 0.024 0.350 -0.937
vn -0.457 -0.665 -0.590
vn -0.306 -0.761 0.572
vn 0.268 0.195 0.944
vn 0.198 0.227 0.954
vn 0.406 0.914 0.023
vn 0.052 0.338 -0.940
vn -0.373 -0.705 -0.603
vn -0.283 -0.774 0.567
vn 0.198 0.227 0.954
vn 0.296 0.180 0.938
vn 0.448 0.894 0.017
vn -0.019 0.372 -0.928
vn -0.460 -0.664 -0.590
vn -0.265 -0.783 0.563
vn 0.296 0.180 0.938
vn 0.389 0.111 0.914
vn 0.605 0.796 -0.017
vn -0.016 0.381 -0.925
vn -0.614 -0.561 -0.555
vn -0.364 -0.727 0.582
vn 0.389 0.111 0.914
vn 0.340 0.156 0.928
vn 0.652 0.757 -0.033
vn 0.063 0.312 -0.948
vn -0.613 -0.564 -0.553
vn -0.442 -0.661 0.606
vn 0.340 0.156 0.928
vn -0.744 0.648 0.164
f 1/1/1 12/12/12 2/2/2
f 2/2/2 12/12/12 13/13/13
f 2/2/2 13/13/13 3/3/3
f 3/3/3 13/13/13 14/14/14
f 3/3/3 14/14/14 4/4/4
f 4/4/4 14/14/14 15/15/15
f 4/4/4 15/15/15 5/5/5
f 5/5/5 15/15/15 16/16/16
f 5/5/5 16/16/16 6/6/6
f 6/6/6 16/16/16 17/17/17
f 6/6/6 17/17/17 7/7/7
f 7/7/7 17/17/17 18/18/18
f 7/7/7 18/18/18 8/8/8
f 8/8/8 18/18/18 19/19/19
f 8/8/8 19/19/19 9/9/9
f 9/9/9 19/19/19 20/20/20
f 9/9/9 20/20/20 10/10/10
f 10/10/10 20/20/20 21/21/21
f 10/10/10 21/21/21 11/11/11
f 11/11/11 21/21/21 22/22/22
f 12/12/12 23/23/23 13/13/13
f 13/13/13 23/23/23 24/24/24
f 13/13/13 24/24/24 14/14/14
f 14/14/14 24/24/24 25/25/25
f 14/14/14 25/25/25 15/15/15
f 15/15/15 25/25/25 26/26/26
f 15/15/15 26/26/26 16/16/16
f 16/16/16 26/26/26 27/27/27
f 16/16/16 27/27/27 17/17/17
f 17/17/17 27/27/27 28/28/28
f 17/17/17 28/28/28 18/18/18
f 18/18/18 28/28/28 29/29/29
f 18/18/18 29/29/29 19/19/19
f 19/19/19 29/29/29 30/30/30
f 19/19/19 30/30/30 20/20/20
f 20/20/20 30/30/30 31/31/31
f 20/20/20 31/31/31 21/21/21
f 21/21/21 31/31/31 32/32/32
f 21/21/21 32/32/32 22/22/22
f 22/22/22 32/32/32 33/33/33
f 23/23/23 34/34/34 24/24/24
f 24/24/24 34/34/34 35/35/35
f 24/24/24 35/35/35 25/25/25
f 25/25/25 35/35/35 36/36/36
f 25/25/25 36/36/36 26/26/26
f 26/26/26 36/36/36 37/37/37
f 26/26/26 37/37/37 27/27/27
f 27/27/27 37/37/37 38/38/38
f 27/27/27 38/38/38 28/28/28
f 28/28/28 38/38/38 39/39/39
f 28/28/28 39/39/39 29/29/29
f 29/29/29 39/39/39 40/40/40
f 29/29/29 40/40/40 30/30/30
f 30/30/30 40/40/40 41/41/41
f 30/30/30 41/41/41 31/31/31
f 31/31/31 41/41/41 42/42/42
f 31/31/31 42/42/42 32/32/32
f 32/32/32 42/42/42 43/43/43
f 32/32/32 43/43/43 33/33/33
f 33/33/33 43/43/43 44/44/44
f 34/34/34 45/45/45 35/35/35
f 35/35/35 45/45/45 46/46/46
f 35/35/35 46/46/46 36/36/36
f 36/36/36 46/46/46 47/47/47
f 36/36/36 47/47/47 37/37/37
f 37/37/37 47/47/47 48/48/48
f 37/37/37 48/48/48 38/38/38
f 38/38/38 48/48/48 49/49/49
f 38/38/38 49/49/49 39/39/39
f 39/39/39 49/49/49 50/50/50
f 39/39/39 50/50/50 40/40/40
f 40/40/40 50/50/50 51/51/51
f 40/40/40 51/51/51 41/41/41
f 41/41/41 51/51/51 52/52/52
f 41/41/41 52/52/52 42/42/42
f 42/42/42 52/52/52 53/53/53
f 42/42/42 53/53/53 43/43/43
f 43/43/43 53/53/53 54/54/54
f 43/43/43 54/54/54 44/44/44
f 44/44/44 54/54/54 55/55/55
f 45/45/45 56/56/56 46/46/46
f 46/46/46 56/56/56 57/57/57
f 46/46/46 57/57/57 47/47/47
f 47/47/47 57/57/57 58/58/58
f 47/47/47 58/58/58 48/48/48
f 48/48/48 58/58/58 59/59/59
f 48/48/48 59/59/59 49/49/49
f 49/49/49 59/59/59 60/60/60
f 49/49/49 60/60/60 50/50/50
f 50/50/50 60/60/60 61/61/61
f 50/50/50 61/61/61 51/51/51
f 51/51/51 61/61/61 62/62/62
f 51/51/51 62/62/62 52/52/52
f 52/52/52 62/62/62 63/63/63
f 52/52/52 63/63/63 53/53/53
f 53/53/53 63/63/63 64/64/64
f 53/53/53 64/64/64 54/54/54
f 54/54/54 64/64/64 65/65/65
f 54/54/54 65/65/65 55/55/55
f 55/55/55 65/65/65 66/66/66
f 56/56/56 67/67/67 57/57/57
f 57/57/57 67/67/67 68/68/68
f 57/57/57 68/68/68 58/58/58
f 58/58/58 68/68/68 69/69/69
f 58/58/58 69/69/69 59/59/59
f 59/59/59 69/69/69 70/70/70
f 59/59/59 70/70/70 60/60/60
f 60/60/60 70/70/70 71/71/71
f 60/60/60 71/71/71 61/61/61
f 61/61/61 71/71/71 72/72/72
f 61/61/61 72/72/72 62/62/62
f 62/62/62 72/72/72 73/73/73
f 62/62/62 73/73/73 63/63/63
f 63/63/63 73/73/73 74/74/74
f 63/63/63 74/74/74 64/64/64
f 64/64/64 74/74/74 75/75/75
f 64/64/64 75/75/75 65/65/65
f 65/65/65 75/75/75 76/76/76
f 65/65/65 76/76/76 66/66/66
f 66/66/66 76/76/76 77/77/77
f 67/67/67 78/78/78 68/68/68
f 68/68/68 78/78/78 79/79/79
f 68/68/68 79/79/79 69/69/69
f 69/69/69 79/79/79 80/80/80
f 69/69/69 80/80/80 70/70/70
f 70/70/70 80/80/80 81/81/81
f 70/70/70 81/81/81 71/71/71
f 71/71/71 81/81/81 82/82/82
f 71/71/71 82/82/82 72/72/72
f 72/72/72 82/82/82 83/83/83
f 72/72/72 83/83/83 73/73/73
f 73/73/73 83/83/83 84/84/84
f 73/73/73 84/84/84 74/74/74
f 74/74/74 84/84/84 85/85/85
f 74/74/74 85/85/85 75/75/75
f 75/75/75 85/85/85 86/86/86
f 75/75/75 86/86/86 76/76/76
f 76/76/76 86/86/86 87/87/87
f 76/76/76 87/87/87 77/77/77
f 77/77/77 87/87/87 88/88/88
f 78/78/78 89/89/89 79/79/79
f 79/79/79 89/89/89 90/90/90
f 79/79/79 90/90/90 80/80/80
f 80/80/80 90/90/90 91/91/91
f 80/80/80 91/91/91 81/81/81
f 81/81/81 91/91/91 92/92/92
f 81/81/81 92/92/92 82/82/82
f 82/82/82 92/92/92 93/93/93
f 82/82/82 93/93/93 83/83/83
f 83/83/83 93/93/93 94/94/94
f 83/83/83 94/94/94 84/84/84
f 84/84/84 94/94/94 95/95/95
f 84/84/84 95/95/95 85/85/85
f 85/85/85 95/95/95 96/96/96
f 85/85/85 96/96/96 86/86/86
f 86/86/86 96/96/96 97/97/97
f 86/86/86 97/97/97 87/87/87
f 87/87/87 97/97/97 98/98/98
f 87/87/87 98/98/98 88/88/88
f 88/88/88 98/98/98 99/99/99
f 89/89/89 100/100/100 90/90/90
f 90/90/90 100/100/100 101/101/101
f 90/90/90 101/101/101 91/91/91
f 91/91/91 101/101/101 102/102/102
f 91/91/91 102/102/102 92/92/92
f 92/92/92 102/102/102 103/103/103
f 92/92/92 103/103/103 93/93/93
f 93/93/93 103/103/103 104/104/104
f 93/93/93 104/104/104 94/94/94
f 94/94/94 104/104/104 105/105/105
f 94/94/94 105/105/105 95/95/95
f 95/95/95 105/105/105 106/106/106
f 95/95/95 106/106/106 96/96/96
f 96/96/96 106/106/106 107/107/107
f 96/96/96 107/107/107 97/97/97
f 97/97/97 107/107/107 108/108/108
f 97/97/97 108/108/108 98/98/98
f 98/98/98 108/108/108 109/109/109
f 98/98/98 109/109/109 99/99/99
f 99/99/99 109/109/109 110/110/110
f 100/100/100 111/111/111 101/101/101
f 101/101/101 111/111/111 112/112/112
f 101/101/101 112/112/112 102/102/102
f 102/102/102 112/112/112 113/113/113
f 102/102/102 113/113/113 103/103/103
f 103/103/103 113/113/113 114/114/114
f 103/103/103 114/114/114 104/104/104
f 104/104/104 114/114/114 115/115/115
f 104/104/104 115/115/115 105/105/105
f 105/105/105 115/115/115 116/116/116
f 105/105/105 116/116/116 106/106/106
f 106/106/106 116/116/116 117/117/117
f 106/106/106 117/117/117 107/107/107
f 107/107/107 117/117/117 118/118/118
f 107/107/107 118/118/118 108/108/108
f 108/108/108 118/118/118 119/119/119
f 108/108/108 119/119/119 109/109/109
f 109/109/109 119/119/119 120/120/120
f 109/109/109 120/120/120 110/110/110
f 110/110/110 120/120/120 121/121/121
f 111/111/111 122/122/122 112/112/112
f 112/112/112 122/122/122 123/123/123
f 112/112/112 123/123/123 113/113/113
f 113/113/113 123/123/123 124/124/124
f 113/113/113 124/124/124 114/114/114
f 114/114/114 124/124/124 125/125/125
f 114/114/114 125/125/125 115/115/115
f 115/115/115 125/125/125 126/126/126
f 115/115/115 126/126/126 116/116/116
f 116/116/116 126/126/126 127/127/127
f 116/116/116 127/127/127 117/117/117
f 117/117/117 127/127/127 128/128/128
f 117/117/117 128/128/128 118/118/118
f 118/118/118 128/128/128 129/129/129
f 118/118/118 129/129/129 119/119/119
f 119/119/119 129/129/129 130/130/130
f 119/119/119 130/130/130 120/120/120
f 120/120/120 130/130/130 131/131/131
f 120/120/120 131/131/131 121/121/121
f 121/121/121 131/131/131 132/132/132
f 122/122/122 133/133/133 123/123/123
f 123/123/123 133/133/133 134/134/134
f 123/123/123 134/134/134 124/124/124
f 124/124/124 134/134/134 135/135/135
f 124/124/124 135/135/135 125/125/125
f 125/125/125 135/135/135 136/136/136
f 125/125/125 136/136/136 126/126/126
f 126/126/126 136/136/136 137/137/137
f 126/126/126 137/137/137 127/127/127
f 127/127/127 137/137/137 138/138/138
f 127/127/127 138/138/138 128/128/128
f 128/128/128 138/138/138 139/139/139
f 128/128/128 139/139/139 129/129/129
f 129/129/129 139/139/139 140/140/140
f 129/129/129 140/140/140 130/130/130
f 130/130/130 140/140/140 141/141/141
f 130/130/130 141/141/141 131/131/131
f 131/131/131 141/141/141 142/142/142
f 131/131/131 142/142/142 132/132/132
f 132/132/132 142/142/142 143/143/143
f 133/133/133 144/144/144 134/134/134
f 134/134/134 144/144/144 145/145/145
f 134/134/134 145/145/145 135/135/135
f 135/135/135 145/145/145 146/146/146
f 135/135/135 146/146/146 136/136/136
f 136/136/136 146/146/146 147/147/147
f 136/136/136 147/147/147 137/137/137
f 137/137/137 147/147/147 148/148/148
f 137/137/137 148/148/148 138/138/138
f 138/138/138 148/148/148 149/149/149
f 138/138/138 149/149/149 139/139/139
f 139/139/139 149/149/149 150/150/150
f 139/139/139 150/150/150 140/140/140
f 140/140/140 150/150/150 151/151/151
f 140/140/140 151/151/151 141/141/141
f 141/141/141 151/151/151 152/152/152
f 141/141/141 152/152/152 142/142/142
f 142/142/142 152/152/152 153/153/153
f 142/142/142 153/153/153 143/143/143
f 143/143/143 153/153/153 154/154/154
f 144/144/144 155/155/155 145/145/145
f 145/145/145 155/155/155 156/156/156
f 145/145/145 156/156/156 146/146/146
f 146/146/146 156/156/156 157/157/157
f 146/146/146 157/157/157 147/147/147
f 147/147/147 157/157/157 158/158/158
f 147/147/147 158/158/158 148/148/148
f 148/148/148 158/158/158 159/159/159
f 148/148/148 159/159/159 149/149/149
f 149/149/149 159/159/159 160/160/160
f 149/149/149 160/160/160 150/150/150
f 150/150/150 160/160/160 161/161/161
f 150/150/150 161/161/161 151/151/151
f 151/151/151 161/161/161 162/162/162
f 151/151/151 162/162/162 152/152/152
f 152/152/152 162/162/162 163/163/163
f 152/152/152 163/163/163 153/153/153
f 153/153/153 163/163/163 164/164/164
f 153/153/153 164/164/164 154/154/154
f 154/154/154 164/164/164 165/165/165
f 155/155/155 166/166/166 156/156/156
f 156/156/156 166/166/166 167/167/167
f 156/156/156 167/167/167 157/157/157
f 157/157/157 167/167/167 168/168/168
f 157/157/157 168/168/168 158/158/158
f 158/158/158 168/168/168 169/169/169
f 158/158/158 169/169/169 159/159/159
f 159/159/159 169/169/169 170/170/170
f 159/159/159 170/170/170 160/160/160
f 160/160/160 170/170/170 171/171/171
f 160/160/160 171/171/171 161/161/161
f 161/161/161 171/171/171 172/172/172
f 161/161/161 172/172/172 162/162/162
f 162/162/162 172/172/172 173/173/173
f 162/162/162 173/173/173 163/163/163
f 163/163/163 173/173/173 174/174/174
f 163/163/163 174/174/174 164/164/164
f 164/164/164 174/174/174 175/175/175
f 164/164/164 175/175/175 165/165/165
f 165/165/165 175/175/175 176/176/176
f 166/166/166 177/177/177 167/167/167
f 167/167/167 177/177/177 178/178/178
f 167/167/167 178/178/178 168/168/168
f 168/168/168 178/178/178 179/179/179
f 168/168/168 179/179/179 169/169/169
f 169/169/169 179/179/179 180/180/180
f 169/169/169 180/180/180 170/170/170
f 170/170/170 180/180/180 181/181/181
f 170/170/170 181/181/181 171/171/171
f 171/171/171 181/181/181 182/182/182
f 171/171/171 182/182/182 172/172/172
f 172/172/172 182/182/182 183/183/183
f 172/172/172 183/183/183 173/173/173
f 173/173/173 183/183/183 184/184/184
f 173/173/173 184/184/184 174/174/174
f 174/174/174 184/184/184 185/185/185
f 174/174/174 185/185/185 175/175/175
f 175/175/175 185/185/185 186/186/186
f 175/175/175 186/186/186 176/176/176
f 176/176/176 186/186/186 187/187/187
f 177/177/177 188/188/188 178/178/178
f 178/178/178 188/188/188 189/189/189
f 178/178/178 189/189/189 179/179/179
f 179/179/179 189/189/189 190/190/190
f 179/179/179 190/190/190 180/180/180
f 180/180/180 190/190/190 191/191/191
f 180/180/180 191/191/191 181/181/181
f 181/181/181 191/191/191 192/192/192
f 181/181/181 192/192/192 182/182/182
f 182/182/182 192/192/192 193/193/193
f 182/182/182 193/193/193 183/183/183
f 183/183/183 193/193/193 194/194/194
f 183/183/183 194/194/194 184/184/184
f 184/184/184 194/194/194 195/195/195
f 184/184/184 195/195/195 185/185/185
f 185/185/185 195/195/195 196/196/196
f 185/185/185 196/196/196 186/186/186
f 186/186/186 196/196/196 197/197/197
f 186/186/186 197/197/197 187/187/187
f 187/187/187 197/197/197 198/198/198
f 188/188/188 199/199/199 189/189/189
f 189/189/189 199/199/199 200/200/200
f 189/189/189 200/200/200 190/190/190
f 190/190/190 200/200/200 201/201/201
f 190/190/190 201/201/201 191/191/191
f 191/191/191 201/201/201 202/202/202
f 191/191/191 202/202/202 192/192/192
f 192/192/192 202/202/202 203/203/203
f 192/192/192 203/203/203 193/193/193
f 193/193/193 203/203/203 204/204/204
f 193/193/193 204/204/204 194/194/194
f 194/194/194 204/204/204 205/205/205
f 194/194/194 205/205/205 195/195/195
f 195/195/195 205/205/205 206/206/206
f 195/195/195 206/206/206 196/196/196
f 196/196/196 206/206/206 207/207/207
f 196/196/196 207/207/207 197/197/197
f 197/197/197 207/207/207 208/208/208
f 197/197/197 208/208/208 198/198/198
f 198/198/198 208/208/208 209/209/209
f 199/199/199 210/210/210 200/200/200
f 200/200/200 210/210/210 211/211/211
f 200/200/200 211/211/211 201/201/201
f 201/201/201 211/211/211 212/212/212
f 201/201/201 212/212/212 202/202/202
f 202/202/202 212/212/212 213/213/213
f 202/202/202 213/213/213 203/203/203
f 203/203/203 213/213/213 214/214/214
f 203/203/203 214/214/214 204/204/204
f 204/204/204 214/214/214 215/215/215
f 204/204/204 215/215/215 205/205/205
f 205/205/205 215/215/215 216/216/216
f 205/205/205 216/216/216 206/206/206
f 206/206/206 216/216/216 217/217/217
f 206/206/206 217/217/217 207/207/207
f 207/207/207 217/217/217 218/218/218
f 207/207/207 218/218/218 208/208/208
f 208/208/208 218/218/218 219/219/219
f 208/208/208 219/219/219 209/209/209
f 209/209/209 219/219/219 220/220/220
f 210/210/210 211/211/211 221/221/221
f 211/211/211 212/212/212 221/221/221
f 212/212/212 213/213/213 221/221/221
f 213/213/213 214/214/214 221/221/221
f 214/214/214 215/215/215 221/221/221
f 215/215/215 216/216/216 221/221/221
f 216/216/216 217/217/217 221/221/221
f 217/217/217 218/218/218 221/221/221
f 218/218/218 219/219/219 221/221/221
f 219/219/219 220/220/220 221/221/221
f 222/222/222 228/228/228 223/223/223
f 223/223/223 228/228/228 229/229/229
f 223/223/223 229/229/229 224/224/224
f 224/224/224 229/229/229 230/230/230
f 224/224/224 230/230/230 225/225/225
f 225/225/225 230/230/230 231/231/231
f 225/225/225 231/231/231 226/226/226
f 226/226/226 231/231/231 232/232/232
f 226/226/226 232/232/232 227/227/227
f 227/227/227 232/232/232 233/233/233
f 228/228/228 234/234/234 229/229/229
f 229/229/229 234/234/234 235/235/235
f 229/229/229 235/235/235 230/230/230
f 230/230/230 235/235/235 236/236/236
f 230/230/230 236/236/236 231/231/231
f 231/231/231 236/236/236 237/237/237
f 231/231/231 237/237/237 232/232/232
f 232/232/232 237/237/237 238/238/238
f 232/232/232 238/238/238 233/233/233
f 233/233/233 238/238/238 239/239/239
f 234/234/234 240/240/240 235/235/235
f 235/235/235 240/240/240 241/241/241
f 235/235/235 241/241/241 236/236/236
f 236/236/236 241/241/241 242/242/242
f 236/236/236 242/242/242 237/237/237
f 237/237/237 242/242/242 243/243/243
f 237/237/237 243/243/243 238/238/238
f 238/238/238 243/243/243 244/244/244
f 238/238/238 244/244/244 239/239/239
f 239/239/239 244/244/244 245/245/245
f 240/240/240 246/246/246 241/241/241
f 241/241/241 246/246/246 247/247/247
f 241/241/241 247/247/247 242/242/242
f 242/242/242 247/247/247 248/248/248
f 242/242/242 248/248/248 243/243/243
f 243/243/243 248/248/248 249/249/249
f 243/243/243 249/249/249 244/244/244
f 244/244/244 249/249/249 250/250/250
f 244/244/244 250/250/250 245/245/245
f 245/245/245 250/250/250 251/251/251
f 246/246/246 252/252/252 247/247/247
f 247/247/247 252/252/252 253/253/253
f 247/247/247 253/253/253 248/248/248
f 248/248/248 253/253/253 254/254/254
f 248/248/248 254/254/254 249/249/249
f 249/249/249 254/254/254 255/255/255
f 249/249/249 255/255/255 250/250/250
f 250/250/250 255/255/255 256/256/256
f 250/250/250 256/256/256 251/251/251
f 251/251/251 256/256/256 257/257/257
f 252/252/252 258/258/258 253/253/253
f 253/253/253 258/258/258 259/259/259
f 253/253/253 259/259/259 254/254/254
f 254/254/254 259/259/259 260/260/260
f 254/254/254 260/260/260 255/255/255
f 255/255/255 260/260/260 261/261/261
f 255/255/255 261/261/261 256/256/256
f 256/256/256 261/261/261 262/262/262
f 256/256/256 262/262/262 257/257/257
f 257/257/257 262/262/262 263/263/263
f 258/258/258 259/259/259 264/264/264
f 259/259/259 260/260/260 264/264/264
f 260/260/260 261/261/261 264/264/264
f 261/261/261 262/262/262 264/264/264
f 262/262/262 263/263/263 264/264/264
f 265/265/265 271/271/271 266/266/266
f 266/266/266 271/271/271 272/272/272
f 266/266/266 272/272/272 267/267/267
f 267/267/267 272/272/272 273/273/273
f 267/267/267 273/273/273 268/268/268
f 268/268/268 273/273/273 274/274/274
f 268/268/268 274/274/274 269/269/269
f 269/269/269 274/274/274 275/275/275
f 269/269/269 275/275/275 270/270/270
f 270/270/270 275/275/275 276/276/276
f 271/271/271 277/277/277 272/272/272
f 272/272/272 277/277/277 278/278/278
f 272/272/272 278/278/278 273/273/273
f 273/273/273 278/278/278 279/279/279
f 273/273/273 279/279/279 274/274/274
f 274/274/274 279/279/279 280/280/280
f 274/274/274 280/280/280 275/275/275
f 275/275/275 280/280/280 281/281/281
f 275/275/275 281/281/281 276/276/276
f 276/276/276 281/281/281 282/282/282
f 277/277/277 283/283/283 278/278/278
f 278/278/278 283/283/283 284/284/284
f 278/278/278 284/284/284 279/279/279
f 279/279/279 284/284/284 285/285/285
f 279/279/279 285/285/285 280/280/280
f 280/280/280 285/285/285 286/286/286
f 280/280/280 286/286/286 281/281/281
f 281/281/281 286/286/286 287/287/287
f 281/281/281 287/287/287 282/282/282
f 282/282/282 287/287/287 288/288/288
f 283/283/283 289/289/289 284/284/284
f 284/284/284 289/289/289 290/290/290
f 284/284/284 290/290/290 285/285/285
f 285/285/285 290/290/290 291/291/291
f 285/285/285 291/291/291 286/286/286
f 286/286/286 291/291/291 292/292/292
f 286/286/286 292/292/292 287/287/287
f 287/287/287 292/292/292 293/293/293
f 287/287/287 293/293/293 288/288/288
f 288/288/288 293/293/293 294/294/294
f 289/289/289 290/290/290 295/295/295
f 290/290/290 291/291/291 295/295/295
f 291/291/291 292/292/292 295/295/295
f 292/292/292 293/293/293 295/295/295
f 293/293/293 294/294/294 295/295/295
f 296/296/296 302/302/302 297/297/297
f 297/297/297 302/302/302 303/303/303
f 297/297/297 303/303/303 298/298/298
f 298/298/298 303/303/303 304/304/304
f 298/298/298 304/304/304 299/299/299
f 299/299/299 304/304/304 305/305/305
f 299/299/299 305/305/305 300/300/300
f 300/300/300 305/305/305 306/306/306
f 300/300/300 306/306/306 301/301/301
f 301/301/301 306/306/306 307/307/307
f 302/302/302 308/308/308 303/303/303
f 303/303/303 308/308/308 309/309/309
f 303/303/303 309/309/309 304/304/304
f 304/304/304 309/309/309 310/310/310
f 304/304/304 310/310/310 305/305/305
f 305/305/305 310/310/310 311/311/311
f 305/305/305 311/311/311 306/306/306
f 306/306/306 311/311/311 312/312/312
f 306/306/306 312/312/312 307/307/307
f 307/307/307 312/312/312 313/313/313
f 308/308/308 314/314/314 309/309/309
f 309/309/309 314/314/314 315/315/315
f 309/309/309 315/315/315 310/310/310
f 310/310/310 315/315/315 316/316/316
f 310/310/310 316/316/316 311/311/311
f 311/311/311 316/316/316 317/317/317
f 311/311/311 317/317/317 312/312/312
f 312/312/312 317/317/317 318/318/318
f 312/312/312 318/318/318 313/313/313
f 313/313/313 318/318/318 319/319/319
f 314/314/314 320/320/320 315/315/315
f 315/315/315 320/320/320 321/321/321
f 315/315/315 321/321/321 316/316/316
f 316/316/316 321/321/321 322/322/322
f 316/316/316 322/322/322 317/317/317
f 317/317/317 322/322/322 323/323/323
f 317/317/317 323/323/323 318/318/318
f 318/318/318 323/323/323 324/324/324
f 318/318/318 324/324/324 319/319/319
f 319/319/319 324/324/324 325/325/325
f 320/320/320 321/321/321 326/326/326
f 321/321/321 322/322/322 326/326/326
f 322/322/322 323/323/323 326/326/326
f 323/323/323 324/324/324 326/326/326
f 324/324/324 325/325/325 326/326/326
f 327/327/327 333/333/333 328/328/328
f 328/328/328 333/333/333 334/334/334
f 328/328/328 334/334/334 329/329/329
f 329/329/329 334/334/334 335/335/335
f 329/329/329 335/335/335 330/330/330
f 330/330/330 335/335/335 336/336/336
f 330/330/330 336/336/336 331/331/331
f 331/331/331 336/336/336 337/337/337
f 331/331/331 337/337/337 332/332/332
f 332/332/332 337/337/337 338/338/338
f 333/333/333 339/339/339 334/334/334
f 334/334/334 339/339/339 340/340/340
f 334/334/334 340/340/340 335/335/335
f 335/335/335 340/340/340 341/341/341
f 335/335/335 341/341/341 336/336/336
f 336/336/336 341/341/341 342/342/342
f 336/336/336 342/342/342 337/337/337
f 337/337/337 342/342/342 343/343/343
f 337/337/337 343/343/343 338/338/338
f 338/338/338 343/343/343 344/344/344
f 339/339/339 345/345/345 340/340/340
f 340/340/340 345/345/345 346/346/346
f 340/340/340 346/346/346 341/341/341
f 341/341/341 346/346/346 347/347/347
f 341/341/341 347/347/347 342/342/342
f 342/342/342 347/347/347 348/348/348
f 342/342/342 348/348/348 343/343/343
f 343/343/343 348/348/348 349/349/349
f 343/343/343 349/349/349 344/344/344
f 344/344/344 349/349/349 350/350/350
f 345/345/345 351/351/351 346/346/346
f 346/346/346 351/351/351 352/352/352
f 346/346/346 352/352/352 347/347/347
f 347/347/347 352/352/352 353/353/353
f 347/347/347 353/353/353 348/348/348
f 348/348/348 353/353/353 354/354/354
f 348/348/348 354/354/354 349/349/349
f 349/349/349 354/354/354 355/355/355
f 349/349/349 355/355/355 350/350/350
f 350/350/350 355/355/355 356/356/356
f 351/351/351 352/352/352 357/357/357
f 352/352/352 353/353/353 357/357/357
f 353/353/353 354/354/354 357/357/357
f 354/354/354 355/355/355 357/357/357
f 355/355/355 356/356/356 357/357/357
f 358/358/358 364/364/364 359/359/359
f 359/359/359 364/364/364 365/365/365
f 359/359/359 365/365/365 360/360/360
f 360/360/360 365/365/365 366/366/366
f 360/360/360 366/366/366 361/361/361
f 361/361/361 366/366/366 367/367/367
f 361/361/361 367/367/367 362/362/362
f 362/362/362 367/367/367 368/368/368
f 362/362/362 368/368/368 363/363/363
f 363/363/363 368/368/368 369/369/369
f 364/364/364 370/370/370 365/365/365
f 365/365/365 370/370/370 371/371/371
f 365/365/365 371/371/371 366/366/366
f 366/366/366 371/371/371 372/372/372
f 366/366/366 372/372/372 367/367/367
f 367/367/367 372/372/372 373/373/373
f 367/367/367 373/373/373 368/368/368
f 368/368/368 373/373/373 374/374/374
f 368/368/368 374/374/374 369/369/369
f 369/369/369 374/374/374 375/375/375
f 370/370/370 376/376/376 371/371/371
f 371/371/371 376/376/376 377/377/377
f 371/371/371 377/377/377 372/372/372
f 372/372/372 377/377/377 378/378/378
f 372/372/372 378/378/378 373/373/373
f 373/373/373 378/378/378 379/379/379
f 373/373/373 379/379/379 374/374/374
f 374/374/374 379/379/379 380/380/380
f 374/374/374 380/380/380 375/375/375
f 375/375/375 380/380/380 381/381/381
f 376/376/376 382/382/382 377/377/377
f 377/377/377 382/382/382 383/383/383
f 377/377/377 383/383/383 378/378/378
f 378/378/378 383/383/383 384/384/384
f 378/378/378 384/384/384 379/379/379
f 379/379/379 384/384/384 385/385/385
f 379/379/379 385/385/385 380/380/380
f 380/380/380 385/385/385 386/386/386
f 380/380/380 386/386/386 381/381/381
f 381/381/381 386/386/386 387/387/387
f 382/382/382 383/383/383 388/388/388
f 383/383/383 384/384/384 388/388/388
f 384/384/384 385/385/385 388/388/388
f 385/385/385 386/386/386 388/388/388
f 386/386/386 387/387/387 388/388/388
f 389/389/389 395/395/395 390/390/390
f 390/390/390 395/395/395 396/396/396
f 390/390/390 396/396/396 391/391/391
f 391/391/391 396/396/396 397/397/397
f 391/391/391 397/397/397 392/392/392
f 392/392/392 397/397/397 398/398/398
f 392/392/392 398/398/398 393/393/393
f 393/393/393 398/398/398 399/399/399
f 393/393/393 399/399/399 394/394/394
f 394/394/394 399/399/399 400/400/400
f 395/395/395 401/401/401 396/396/396
f 396/396/396 401/401/401 402/402/402
f 396/396/396 402/402/402 397/397/397
f 397/397/397 402/402/402 403/403/403
f 397/397/397 403/403/403 398/398/398
f 398/398/398 403/403/403 404/404/404
f 398/398/398 404/404/404 399/399/399
f 399/399/399 404/404/404 405/405/405
f 399/399/399 405/405/405 400/400/400
f 400/400/400 405/405/405 406/406/406
f 401/401/401 407/407/407 402/402/402
f 402/402/402 407/407/407 408/408/408
f 402/402/402 408/408/408 403/403/403
f 403/403/403 408/408/408 409/409/409
f 403/403/403 409/409/409 404/404/404
f 404/404/404 409/409/409 410/410/410
f 404/404/404 410/410/410 405/405/405
f 405/405/405 410/410/410 411/411/411
f 405/405/405 411/411/411 406/406/406
f 406/406/406 411/411/411 412/412/412
f 407/407/407 413/413/413 408/408/408
f 408/408/408 413/413/413 414/414/414
f 408/408/408 414/414/414 409/409/409
f 409/409/409 414/414/414 415/415/415
f 409/409/409 415/415/415 410/410/410
f 410/410/410 415/415/415 416/416/416
f 410/410/410 416/416/416 411/411/411
f 411/411/411 416/416/416 417/417/417
f 411/411/411 417/417/417 412/412/412
f 412/412/412 417/417/417 418/418/418
f 413/413/413 414/414/414 419/419/419
f 414/414/414 415/415/415 419/419/419
f 415/415/415 416/416/416 419/419/419
f 416/416/416 417/417/417 419/419/419
f 417/417/417 418/418/418 419/419/419
f 420/420/420 426/426/426 421/421/421
f 421/421/421 426/426/426 427/427/427
f 421/421/421 427/427/427 422/422/422
f 422/422/422 427/427/427 428/428/428
f 422/422/422 428/428/428 423/423/423
f 423/423/423 428/428/428 429/429/429
f 423/423/423 429/429/429 424/424/424
f 424/424/424 429/429/429 430/430/430
f 424/424/424 430/430/430 425/425/425
f 425/425/425 430/430/430 431/431/431
f 426/426/426 432/432/432 427/427/427
f 427/427/427 432/432/432 433/433/433
f 427/427/427 433/433/433 428/428/428
f 428/428/428 433/433/433 434/434/434
f 428/428/428 434/434/434 429/429/429
f 429/429/429 434/434/434 435/435/435
f 429/429/429 435/435/435 430/430/430
f 430/430/430 435/435/435 436/436/436
f 430/430/430 436/436/436 431/431/431
f 431/431/431 436/436/436 437/437/437
f 432/432/432 438/438/438 433/433/433
f 433/433/433 438/438/438 439/439/439
f 433/433/433 439/439/439 434/434/434
f 434/434/434 439/439/439 440/440/440
f 434/434/434 440/440/440 435/435/435
f 435/435/435 440/440/440 441/441/441
f 435/435/435 441/441/441 436/436/436
f 436/436/436 441/441/441 442/442/442
f 436/436/436 442/442/442 437/437/437
f 437/437/437 442/442/442 443/443/443
f 438/438/438 444/444/444 439/439/439
f 439/439/439 444/444/444 445/445/445
f 439/439/439 445/445/445 440/440/440
f 440/440/440 445/445/445 446/446/446
f 440/440/440 446/446/446 441/441/441
f 441/441/441 446/446/446 447/447/447
f 441/441/441 447/447/447 442/442/442
f 442/442/442 447/447/447 448/448/448
f 442/442/442 448/448/448 443/443/443
f 443/443/443 448/448/448 449/449/449
f 444/444/444 445/445/445 450/450/450
f 445/445/445 446/446/446 450/450/450
f 446/446/446 447/447/447 450/450/450
f 447/447/447 448/448/448 450/450/450
f 448/448/448 449/449/449 450/450/450
f 451/451/451 457/457/457 452/452/452
f 452/452/452 457/457/457 458/458/458
f 452/452/452 458/458/458 453/453/453
f 453/453/453 458/458/458 459/459/459
f 453/453/453 459/459/459 454/454/454
f 454/454/454 459/459/459 460/460/460
f 454/454/454 460/460/460 455/455/455
f 455/455/455 460/460/460 461/461/461
f 455/455/455 461/461/461 456/456/456
f 456/456/456 461/461/461 462/462/462
f 457/457/457 463/463/463 458/458/458
f 458/458/458 463/463/463 464/464/464
f 458/458/458 464/464/464 459/459/459
f 459/459/459 464/464/464 465/465/465
f 459/459/459 465/465/465 460/460/460
f 460/460/460 465/465/465 466/466/466
f 460/460/460 466/466/466 461/461/461
f 461/461/461 466/466/466 467/467/467
f 461/461/461 467/467/467 462/462/462
f 462/462/462 467/467/467 468/468/468
f 463/463/463 469/469/469 464/464/464
f 464/464/464 469/469/469 470/470/470
f 464/464/464 470/470/470 465/465/465
f 465/465/465 470/470/470 471/471/471
f 465/465/465 471/471/471 466/466/466
f 466/466/466 471/471/471 472/472/472
f 466/466/466 472/472/472 467/467/467
f 467/467/467 472/472/472 473/473/473
f 467/467/467 473/473/473 468/468/468
f 468/468/468 473/473/473 474/474/474
f 469/469/469 475/475/475 470/470/470
f 470/470/470 475/475/475 476/476/476
f 470/470/470 476/476/476 471/471/471
f 471/471/471 476/476/476 477/477/477
f 471/471/471 477/477/477 472/472/472
f 472/472/472 477/477/477 478/478/478
f 472/472/472 478/478/478 473/473/473
f 473/473/473 478/478/478 479/479/479
f 473/473/473 479/479/479 474/474/474
f 474/474/474 479/479/479 480/480/480
f 475/475/475 476/476/476 481/481/481
f 476/476/476 477/477/477 481/481/481
f 477/477/477 478/478/478 481/481/481
f 478/478/478 479/479/479 481/481/481
f 479/479/479 480/480/480 481/481/481
f 482/482/482 488/488/488 483/483/483
f 483/483/483 488/488/488 489/489/489
f 483/483/483 489/489/489 484/484/484
f 484/484/484 489/489/489 490/490/490
f 484/484/484 490/490/490 485/485/485
f 485/485/485 490/490/490 491/491/491
f 485/485/485 491/491/491 486/486/486
f 486/486/486 491/491/491 492/492/492
f 486/486/486 492/492/492 487/487/487
f 487/487/487 492/492/492 493/493/493
f 488/488/488 494/494/494 489/489/489
f 489/489/489 494/494/494 495/495/495
f 489/489/489 495/495/495 490/490/490
f 490/490/490 495/495/495 496/496/496
f 490/490/490 496/496/496 491/491/491
f 491/491/491 496/496/496 497/497/497
f 491/491/491 497/497/497 492/492/492
f 492/492/492 497/497/497 498/498/498
f 492/492/492 498/498/498 493/493/493
f 493/493/493 498/498/498 499/499/499
f 494/494/494 500/500/500 495/495/495
f 495/495/495 500/500/500 501/501/501
f 495/495/495 501/501/501 496/496/496
f 496/496/496 501/501/501 502/502/502
f 496/496/496 502/502/502 497/497/497
f 497/497/497 502/502/502 503/503/503
f 497/497/497 503/503/503 498/498/498
f 498/498/498 503/503/503 504/504/504
f 498/498/498 504/504/504 499/499/499
f 499/499/499 504/504/504 505/505/505
f 500/500/500 506/506/506 501/501/501
f 501/501/501 506/506/506 507/507/507
f 501/501/501 507/507/507 502/502/502
f 502/502/502 507/507/507 508/508/508
f 502/502/502 508/508/508 503/503/503
f 503/503/503 508/508/508 509/509/509
f 503/503/503 509/509/509 504/504/504
f 504/504/504 509/509/509 510/510/510
f 504/504/504 510/510/510 505/505/505
f 505/505/505 510/510/510 511/511/511
f 506/506/506 507/507/507 512/512/512
f 507/507/507 508/508/508 512/512/512
f 508/508/508 509/509/509 512/512/512
f 509/509/509 510/510/510 512/512/512
f 510/510/510 511/511/511 512/512/512
f 513/513/513 519/519/519 514/514/514
f 514/514/514 519/519/519 520/520/520
f 514/514/514 520/520/520 515/515/515
f 515/515/515 520/520/520 521/521/521
f 515/515/515 521/521/521 516/516/516
f 516/516/516 521/521/521 522/522/522
f 516/516/516 522/522/522 517/517/517
f 517/517/517 522/522/522 523/523/523
f 517/517/517 523/523/523 518/518/518
f 518/518/518 523/523/523 524/524/524
f 519/519/519 525/525/525 520/520/520
f 520/520/520 525/525/525 526/526/526
f 520/520/520 526/526/526 521/521/521
f 521/521/521 526/526/526 527/527/527
f 521/521/521 527/527/527 522/522/522
f 522/522/522 527/527/527 528/528/528
f 522/522/522 528/528/528 523/523/523
f 523/523/523 528/528/528 529/529/529
f 523/523/523 529/529/529 524/524/524
f 524/524/524 529/529/529 530/530/530
f 525/525/525 531/531/531 526/526/526
f 526/526/526 531/531/531 532/532/532
f 526/526/526 532/532/532 527/527/527
f 527/527/527 532/532/532 533/533/533
f 527/527/527 533/533/533 528/528/528
f 528/528/528 533/533/533 534/534/534
f 528/528/528 534/534/534 529/529/529
f 529/529/529 534/534/534 535/535/535
f 529/529/529 535/535/535 530/530/530
f 530/530/530 535/535/535 536/536/536
f 531/531/531 537/537/537 532/532/532
f 532/532/532 537/537/537 538/538/538
f 532/532/532 538/538/538 533/533/533
f 533/533/533 538/538/538 539/539/539
f 533/533/533 539/539/539 534/534/534
f 534/534/534 539/539/539 540/540/540
f 534/534/534 540/540/540 535/535/535
f 535/535/535 540/540/540 541/541/541
f 535/535/535 541/541/541 536/536/536
f 536/536/536 541/541/541 542/542/542
f 537/537/537 538/538/538 543/543/543
f 538/538/538 539/539/539 543/543/543
f 539/539/539 540/540/540 543/543/543
f 540/540/540 541/541/541 543/543/543
f 541/541/541 542/542/542 543/543/543
f 544/544/544 550/550/550 545/545/545
f 545/545/545 550/550/550 551/551/551
f 545/545/545 551/551/551 546/546/546
f 546/546/546 551/551/551 552/552/552
f 546/546/546 552/552/552 547/547/547
f 547/547/547 552/552/552 553/553/553
f 547/547/547 553/553/553 548/548/548
f 548/548/548 553/553/553 554/554/554
f 548/548/548 554/554/554 549/549/549
f 549/549/549 554/554/554 555/555/555
f 550/550/550 556/556/556 551/551/551
f 551/551/551 556/556/556 557/557/557
f 551/551/551 557/557/557 552/552/552
f 552/552/552 557/557/557 558/558/558
f 552/552/552 558/558/558 553/553/553
f 553/553/553 558/558/558 559/559/559
f 553/553/553 559/559/559 554/554/554
f 554/554/554 559/559/559 560/560/560
f 554/554/554 560/560/560 555/555/555
f 555/555/555 560/560/560 561/561/561
f 556/556/556 562/562/562 557/557/557
f 557/557/557 562/562/562 563/563/563
f 557/557/557 563/563/563 558/558/558
f 558/558/558 563/563/563 564/564/564
f 558/558/558 564/564/564 559/559/559
f 559/559/559 564/564/564 565/565/565
f 559/559/559 565/565/565 560/560/560
f 560/560/560 565/565/565 566/566/566
f 560/560/560 566/566/566 561/561/561
f 561/561/561 566/566/566 567/567/567
f 562/562/562 568/568/568 563/563/563
f 563/563/563 568/568/568 569/569/569
f 563/563/563 569/569/569 564/564/564
f 564/564/564 569/569/569 570/570/570
f 564/564/564 570/570/570 565/565/565
f 565/565/565 570/570/570 571/571/571
f 565/565/565 571/571/571 566/566/566
f 566/566/566 571/571/571 572/572/572
f 566/566/566 572/572/572 567/567/567
f 567/567/567 572/572/572 573/573/573
f 568/568/568 569/569/569 574/574/574
f 569/569/569 570/570/570 574/574/574
f 570/570/570 571/571/571 574/574/574
f 571/571/571 572/572/572 574/574/574
f 572/572/572 573/573/573 574/574/574
f 575/575/575 581/581/581 576/576/576
f 576/576/576 581/581/581 582/582/582
f 576/576/576 582/582/582 577/577/577
f 577/577/577 582/582/582 583/583/583
f 577/577/577 583/583/583 578/578/578
f 578/578/578 583/583/583 584/584/584
f 578/578/578 584/584/584 579/579/579
f 579/579/579 584/584/584 585/585/585
f 579/579/579 585/585/585 580/580/580
f 580/580/580 585/585/585 586/586/586
f 581/581/581 587/587/587 582/582/582
f 582/582/582 587/587/587 588/588/588
f 582/582/582 588/588/588 583/583/583
f 583/583/583 588/588/588 589/589/589
f 583/583/583 589/589/589 584/584/584
f 584/584/584 589/589/589 590/590/590
f 584/584/584 590/590/590 585/585/585
f 585/585/585 590/590/590 591/591/591
f 585/585/585 591/591/591 586/586/586
f 586/586/586 591/591/591 592/592/592
f 587/587/587 593/593/593 588/588/588
f 588/588/588 593/593/593 594/594/594
f 588/588/588 594/594/594 589/589/589
f 589/589/589 594/594/594 595/595/595
f 589/589/589 595/595/595 590/590/590
f 590/590/590 595/595/595 596/596/596
f 590/590/590 596/596/596 591/591/591
f 591/591/591 596/596/596 597/597/597
f 591/591/591 597/597/597 592/592/592
f 592/592/592 597/597/597 598/598/598
f 593/593/593 599/599/599 594/594/594
f 594/594/594 599/599/599 600/600/600
f 594/594/594 600/600/600 595/595/595
f 595/595/595 600/600/600 601/601/601
f 595/595/595 601/601/601 596/596/596
f 596/596/596 601/601/601 602/602/602
f 596/596/596 602/602/602 597/597/597
f 597/597/597 602/602/602 603/603/603
f 597/597/597 603/603/603 598/598/598
f 598/598/598 603/603/603 604/604/604
f 599/599/599 600/600/600 605/605/605
f 600/600/600 601/601/601 605/605/605
f 601/601/601 602/602/602 605/605/605
f 602/602/602 603/603/603 605/605/605
f 603/603/603 604/604/604 605/605/605
f 606/606/606 612/612/612 607/607/607
f 607/607/607 612/612/612 613/613/613
f 607/607/607 613/613/613 608/608/608
f 608/608/608 613/613/613 614/614/614
f 608/608/608 614/614/614 609/609/609
f 609/609/609 614/614/614 615/615/615
f 609/609/609 615/615/615 610/610/610
f 610/610/610 615/615/615 616/616/616
f 610/610/610 616/616/616 611/611/611
f 611/611/611 616/616/616 617/617/617
f 612/612/612 618/618/618 613/613/613
f 613/613/613 618/618/618 619/619/619
f 613/613/613 619/619/619 614/614/614
f 614/614/614 619/619/619 620/620/620
f 614/614/614 620/620/620 615/615/615
f 615/615/615 620/620/620 621/621/621
f 615/615/615 621/621/621 616/616/616
f 616/616/616 621/621/621 622/622/622
f 616/616/616 622/622/622 617/617/617
f 617/617/617 622/622/622 623/623/623
f 618/618/618 624/624/624 619/619/619
f 619/619/619 624/624/624 625/625/625
f 619/619/619 625/625/625 620/620/620
f 620/620/620 625/625/625 626/626/626
f 620/620/620 626/626/626 621/621/621
f 621/621/621 626/626/626 627/627/627
f 621/621/621 627/627/627 622/622/622
f 622/622/622 627/627/627 628/628/628
f 622/622/622 628/628/628 623/623/623
f 623/623/623 628/628/628 629/629/629
f 624/624/624 630/630/630 625/625/625
f 625/625/625 630/630/630 631/631/631
f 625/625/625 631/631/631 626/626/626
f 626/626/626 631/631/631 632/632/632
f 626/626/626 632/632/632 627/627/627
f 627/627/627 632/632/632 633/633/633
f 627/627/627 633/633/633 628/628/628
f 628/628/628 633/633/633 634/634/634
f 628/628/628 634/634/634 629/629/629
f 629/629/629 634/634/634 635/635/635
f 630/630/630 631/631/631 636/636/636
f 631/631/631 632/632/632 636/636/636
f 632/632/632 633/633/633 636/636/636
f 633/633/633 634/634/634 636/636/636
f 634/634/634 635/635/635 636/636/636
usemtl leaves_pine
s 1
v 1.399 8.531 -0.912
v 1.262 9.005 0.307
v 2.297 8.296 0.699
v 2.434 7.822 -0.520
v 1.116 8.984 -0.151
v 1.944 8.608 0.798
v 2.580 7.842 -0.062
v 1.752 8.219 -1.010
v 1.565 8.867 0.654
v 2.530 8.016 0.384
v 2.131 7.960 -0.867
v 1.166 8.811 -0.597
v 2.025 7.809 -0.111
v 1.722 9.324 -0.097
v 3.211 9.618 0.193
v 3.514 8.103 0.180
v 1.546 8.790 -0.155
v 2.684 9.802 0.104
v 3.690 8.637 0.237
v 2.552 7.625 -0.022
v 2.139 9.695 -0.003
v 3.579 9.192 0.242
v 3.097 7.732 0.085
v 1.656 8.235 -0.160
v 1.272 9.112 0.057
v 2.178 8.813 -1.188
v 3.072 7.868 -0.311
v 2.165 8.167 0.934
v 1.728 9.081 -0.954
v 2.954 8.113 -0.817
v 2.616 7.899 0.700
v 1.389 8.867 0.563
v 2.627 8.459 -1.138
v 2.948 7.790 0.244
v 1.716 8.521 0.884
v 1.396 9.191 -0.498
v 2.460 8.527 0.958
v 3.089 8.807 -0.164
v 1.988 8.560 -0.844
v 1.359 8.281 0.279
v 3.091 8.763 0.316
v 2.452 8.689 -0.834
v 1.357 8.324 -0.201
v 1.995 8.398 0.948
v 2.855 8.780 -0.585
v 1.587 8.427 -0.612
v 1.592 8.308 0.699
v 2.861 8.661 0.726
v 1.706 8.977 -0.138
v 2.416 8.119 -0.525
v 1.821 7.335 0.123
v 1.111 8.193 0.509
v 2.300 8.535 -0.521
v 2.139 7.427 -0.153
v 1.227 7.777 0.505
v 1.388 8.886 0.138
v 2.357 7.714 -0.390
v 1.487 7.463 0.364
v 1.170 8.598 0.375
v 2.040 8.849 -0.379
v -1.225 8.191 -0.826
v -0.503 8.701 -1.992
v 0.540 9.232 -1.114
v -0.181 8.722 0.052
v -0.923 8.442 -1.783
v 0.342 9.158 -1.605
v 0.238 8.981 -0.157
v -1.026 8.266 -0.334
v -0.040 8.963 -1.927
v 0.502 9.168 -0.583
v -0.644 8.460 -0.013
v -1.187 8.256 -1.356
v -0.167 9.431 -1.090
v 0.329 8.429 -1.716
v 0.230 7.717 -0.655
v -0.266 8.719 -0.029
v 0.190 8.877 -1.712
v 0.352 7.759 -1.106
v -0.127 8.271 -0.033
v -0.289 9.389 -0.639
v 0.388 8.020 -1.495
v 0.055 7.904 -0.263
v -0.325 9.128 -0.251
v 0.008 9.244 -1.483
v -0.018 9.440 -1.311
v 0.088 8.369 -1.778
v -0.920 8.047 -1.269
v -1.025 9.119 -0.802
v 0.239 8.767 -1.723
v -0.581 7.953 -1.516
v -1.176 8.720 -0.857
v -0.356 9.535 -1.064
v -0.212 8.071 -1.702
v -1.138 8.328 -1.028
v -0.725 9.417 -0.877
v 0.200 9.160 -1.552
v -0.199 8.934 -2.184
v -0.554 9.898 -1.267
v -0.857 8.915 -0.351
v -0.502 7.951 -1.268
v -0.386 9.772 -1.726
v -0.826 9.403 -0.473
v -0.670 8.076 -0.809
v -0.230 8.445 -2.062
v -0.716 9.763 -0.809
v -0.800 8.429 -0.474
v -0.341 8.086 -1.726
v -0.256 9.419 -2.061
v -0.659 9.968 -1.122
v -0.901 8.834 -2.184
v -0.071 7.831 -1.303
v 0.172 8.965 -0.241
v -0.977 9.377 -2.009
v -0.378 7.941 -1.777
v 0.247 8.422 -0.416
v -0.351 9.858 -0.649
v -0.682 8.308 -2.099
v 0.158 8.007 -0.805
v -0.047 9.491 -0.326
v -0.888 9.792 -1.620
v 0.303 8.902 -1.458
v -0.049 8.999 -0.367
v -1.143 8.911 -0.712
v -0.791 8.815 -1.803
v 0.263 8.984 -0.649
v -0.861 8.957 -0.403
v -1.103 8.829 -1.521
v 0.021 8.856 -1.767
v -0.460 8.989 -0.276
v -1.232 8.865 -1.121
v -0.380 8.824 -1.893
v 0.392 8.948 -1.049
v 0.780 8.013 -0.853
v 0.478 9.364 -0.592
v -0.890 9.039 -0.494
v -0.588 7.688 -0.756
v 0.824 8.995 -0.692
v -0.512 9.390 -0.477
v -0.934 8.057 -0.655
v 0.402 7.663 -0.870
v -0.011 9.509 -0.513
v -1.045 8.551 -0.559
v -0.099 7.544 -0.834
v 0.935 8.501 -0.788
v 0.470 9.136 2.315
v 1.095 9.893 1.622
v 0.112 10.100 0.961
v -0.513 9.342 1.655
v 1.077 9.616 1.962
v 0.538 10.173 1.043
v -0.495 9.620 1.314
v 0.044 9.063 2.233
v 0.898 10.097 1.285
v -0.266 9.897 1.060
v -0.316 9.139 1.991
v 0.848 9.339 2.216
v 1.065 9.171 2.055
v 1.457 9.661 0.634
v -0.040 9.664 0.221
v -0.432 9.173 1.642
v 1.607 9.506 1.160
v 0.506 9.753 0.092
v -0.582 9.329 1.116
v 0.519 9.082 2.184
v 1.054 9.752 0.243
v -0.439 9.509 0.596
v -0.029 9.083 2.033
v 1.464 9.326 1.680
v -0.280 9.180 1.610
v 0.539 9.243 0.798
v 1.105 10.026 1.430
v 0.287 9.963 2.242
v 0.175 9.080 0.939
v 1.076 9.789 1.081
v 0.650 10.126 2.100
v -0.250 9.417 1.959
v 0.868 9.503 0.849
v 0.950 10.149 1.803
v -0.042 9.703 2.190
v -0.124 9.057 1.237
v 1.371 10.041 0.852
v 0.699 9.186 1.801
v -0.385 8.998 0.866
v 0.287 9.853 -0.084
v 1.110 9.491 1.672
v -0.164 8.901 1.336
v -0.124 9.548 0.046
v 1.150 10.138 0.381
v 0.232 8.970 1.679
v -0.370 9.235 0.393
v 0.754 10.069 0.039
v 1.356 9.804 1.324
v 0.173 10.174 0.900
v 1.090 9.585 1.115
v 0.463 8.719 1.418
v -0.454 9.309 1.202
v 0.914 9.930 0.991
v 0.829 8.886 1.361
v -0.278 8.964 1.326
v -0.193 10.008 0.956
v 1.059 9.202 1.250
v 0.057 8.748 1.405
v -0.423 9.691 1.067
v 0.579 10.146 0.913
v 0.232 10.085 0.876
v -0.009 9.128 0.369
v 0.722 8.601 1.015
v 0.963 9.558 1.523
v -0.066 9.528 0.411
v 0.446 8.593 0.718
v 1.020 9.158 1.480
v 0.508 10.093 1.174
v 0.178 8.786 0.481
v 0.932 8.808 1.295
v 0.775 9.900 1.410
v 0.022 9.878 0.597
v 0.024 8.346 0.706
v 1.002 8.908 1.674
v 0.894 10.235 1.013
v -0.085 9.673 0.046
v 0.712 8.487 1.488
v 1.107 9.917 1.399
v 0.206 10.094 0.231
v -0.190 8.664 0.320
v 1.147 9.431 1.641
v 0.564 10.300 0.585
v -0.229 9.150 0.078
v 0.354 8.282 1.134
v 0.876 8.391 -1.394
v 0.973 9.601 -1.462
v 0.788 9.684 -0.263
v 0.692 8.474 -0.195
v 0.976 9.202 -1.660
v 0.865 9.879 -0.656
v 0.689 8.872 0.003
v 0.800 8.196 -1.001
v 0.932 9.848 -1.095
v 0.724 9.315 -0.022
v 0.732 8.226 -0.562
v 0.940 8.759 -1.635
v 1.931 9.195 -1.321
v 0.825 8.452 -1.283
v 0.103 9.539 -1.012
v 1.209 10.283 -1.050
v 1.308 8.488 -1.345
v 0.130 9.058 -1.091
v 0.726 10.246 -0.989
v 1.905 9.676 -1.242
v 0.394 8.660 -1.190
v 0.321 9.974 -0.975
v 1.640 10.074 -1.143
v 1.713 8.761 -1.359
v 1.477 9.033 -0.955
v 0.640 9.904 -0.689
v 0.639 10.264 -1.872
v 1.476 9.393 -2.138
v 0.906 9.562 -0.557
v 0.486 10.310 -1.448
v 1.210 9.735 -2.270
v 1.630 8.988 -1.379
v 0.487 10.178 -1.015
v 0.904 10.054 -2.173
v 1.629 9.120 -1.812
v 1.212 9.243 -0.654
v 0.305 9.692 -0.173
v 1.726 9.350 -0.483
v 1.274 8.532 -1.648
v -0.146 8.874 -1.339
v 1.358 9.608 -0.172
v 1.677 8.728 -1.336
v 0.221 8.615 -1.650
v -0.098 9.495 -0.486
v 1.843 9.028 -0.909
v 0.742 8.490 -1.764
v -0.263 9.196 -0.913
v 0.838 9.733 -0.058
v 1.904 8.557 -1.297
v 0.593 9.015 -1.852
v 0.267 9.665 -0.546
v 1.578 9.208 0.009
v 1.068 8.751 -1.915
v 0.130 9.543 -1.061
v 1.103 9.472 0.072
v 2.041 8.680 -0.782
v 0.250 9.304 -1.539
v 0.623 9.639 -0.131
v 1.922 8.918 -0.304
v 1.548 8.583 -1.712
v 0.486 9.858 -1.413
v 0.316 9.703 0.111
v 1.379 8.587 0.116
v 1.549 8.742 -1.408
v 0.176 9.957 -0.373
v 1.011 8.912 0.393
v 1.690 8.489 -0.924
v 0.855 9.533 -1.690
v 0.622 9.321 0.391
v 1.627 8.432 -0.366
v 1.244 9.125 -1.688
v 0.238 10.014 -0.931
v -0.119 10.142 -1.046
v -0.933 11.077 -0.186
v -0.894 10.075 0.941
v -0.081 9.139 0.080
v -0.682 10.964 -0.665
v -1.055 10.564 0.741
v -0.332 9.252 0.559
v 0.042 9.653 -0.846
v -1.069 10.931 0.328
v -0.630 9.595 0.874
v 0.056 9.286 -0.434
v -0.384 10.622 -0.980
v -1.025 9.658 -0.419
v 0.014 9.959 -0.845
v 0.322 10.370 0.198
v -0.717 10.069 0.624
v -0.371 9.788 -0.901
v 0.415 10.294 -0.210
v -0.331 10.239 0.680
v -1.117 9.733 -0.011
v 0.302 10.144 -0.592
v 0.049 10.349 0.524
v -1.005 9.884 0.371
v -0.752 9.678 -0.745
v -0.859 10.278 -1.053
v 0.001 10.858 0.028
v -0.955 10.347 1.062
v -1.815 9.767 -0.019
v -0.097 10.768 -0.504
v -0.495 10.615 0.932
v -1.717 9.857 0.513
v -1.319 10.010 -0.923
v -0.145 10.802 0.554
v -1.402 10.069 0.909
v -1.669 9.823 -0.544
v -0.412 10.556 -0.899
v 0.260 10.494 0.338
v -0.937 10.470 0.541
v -1.069 9.643 -0.338
v 0.127 9.666 -0.541
v -0.533 10.629 0.637
v -1.246 9.900 -0.022
v -0.276 9.507 -0.637
v 0.437 10.236 0.022
v -1.198 10.203 0.299
v -0.714 9.499 -0.563
v 0.388 9.933 -0.299
v -0.095 10.638 0.563
v -0.093 9.902 -0.915
v -1.071 10.563 -0.222
v -0.409 10.314 0.950
v 0.569 9.653 0.257
v -0.882 10.399 -0.656
v -0.798 10.514 0.705
v 0.380 9.817 0.691
v 0.295 9.702 -0.670
v -1.040 10.605 0.276
v 0.022 10.059 0.945
v 0.538 9.610 -0.241
v -0.524 10.157 -0.910
v 1.618 11.319 1.420
v 2.030 9.957 0.896
v 1.448 10.303 -0.461
v 1.036 11.665 0.063
v 2.005 10.325 1.311
v 1.708 9.944 -0.126
v 1.060 11.297 -0.351
v 1.358 11.678 1.086
v 1.920 9.817 0.370
v 1.211 10.798 -0.543
v 1.145 11.805 0.589
v 1.855 10.824 1.502
v 1.678 11.817 0.420
v 0.965 11.053 -0.106
v 1.683 10.179 0.192
v 2.396 10.943 0.718
v 1.060 11.456 0.006
v 1.325 10.316 0.001
v 2.301 10.541 0.606
v 2.036 11.680 0.611
v 1.062 10.636 -0.108
v 2.040 10.261 0.413
v 2.298 11.360 0.720
v 1.321 11.735 0.199
v 2.058 11.291 1.196
v 1.132 11.354 0.580
v 1.548 10.599 -0.124
v 2.474 10.535 0.491
v 1.349 11.472 0.904
v 1.247 10.850 -0.013
v 2.256 10.417 0.168
v 2.359 11.040 1.085
v 1.094 11.127 0.245
v 1.918 10.441 -0.057
v 2.511 10.763 0.827
v 1.688 11.449 1.129
v 1.049 11.005 0.671
v 1.906 11.856 0.182
v 2.885 11.151 0.671
v 2.028 10.300 1.160
v 1.455 11.715 0.247
v 2.732 11.530 0.427
v 2.479 10.440 1.095
v 1.202 10.626 0.915
v 2.373 11.788 0.248
v 2.793 10.752 0.916
v 1.561 10.368 1.094
v 1.141 11.404 0.426
v 1.723 11.875 0.389
v 2.632 10.823 0.004
v 2.331 10.116 1.226
v 1.422 11.168 1.611
v 2.399 11.286 -0.097
v 2.593 10.147 0.768
v 1.655 10.705 1.712
v 1.461 11.844 0.847
v 2.703 10.406 0.321
v 1.988 10.320 1.571
v 1.351 11.585 1.294
v 2.066 11.671 0.044
v 2.179 10.005 0.649
v 2.190 11.284 0.421
v 0.892 11.288 0.380
v 0.881 10.010 0.607
v 2.424 10.878 0.501
v 1.306 11.521 0.351
v 0.647 10.416 0.528
v 1.765 9.773 0.677
v 1.781 11.519 0.366
v 0.651 10.884 0.444
v 1.290 9.774 0.662
v 2.420 10.410 0.584
v 0.868 11.201 -2.021
v -0.390 10.652 -2.272
v -0.748 10.865 -0.941
v 0.509 11.414 -0.690
v 0.075 10.787 -2.436
v -0.865 10.697 -1.409
v 0.045 11.279 -0.526
v 0.984 11.369 -1.553
v -0.733 10.619 -1.896
v -0.415 11.078 -0.618
v 0.853 11.447 -1.066
v 0.535 10.988 -2.344
v 0.807 10.013 -0.945
v -0.280 10.800 -0.607
v 0.323 11.891 -1.206
v 1.411 11.105 -1.544
v -0.046 10.350 -0.605
v -0.067 11.689 -0.954
v 1.176 11.554 -1.546
v 1.197 10.215 -1.197
v -0.288 11.290 -0.735
v 0.779 11.842 -1.422
v 1.418 10.615 -1.416
v 0.352 10.062 -0.728
v 0.924 10.075 -0.198
v -0.304 9.829 -1.115
v -0.036 11.176 -1.837
v 1.192 11.423 -0.920
v 0.036 9.660 -0.692
v -0.345 10.704 -1.776
v 0.852 11.591 -1.343
v 1.233 10.548 -0.259
v -0.444 10.211 -1.512
v 0.403 11.501 -1.678
v 1.332 11.041 -0.523
v 0.485 9.751 -0.357
v -0.402 10.465 -1.907
v -0.542 11.593 -1.959
v 0.311 11.733 -1.220
v 0.452 10.606 -1.168
v -0.654 11.210 -2.077
v 0.015 11.895 -1.464
v 0.564 10.989 -1.049
v -0.105 10.303 -1.663
v -0.297 11.844 -1.734
v 0.512 11.401 -1.068
v 0.207 10.355 -1.393
v -0.602 10.797 -2.058
v 0.794 10.947 -2.004
v 0.322 11.674 -0.882
v -0.981 11.156 -1.095
v -0.509 10.429 -2.217
v 0.710 11.538 -1.199
v -0.654 11.453 -0.822
v -0.897 10.565 -1.900
v 0.467 10.650 -2.277
v -0.177 11.643 -0.744
v -1.069 10.831 -1.489
v -0.009 10.461 -2.355
v 0.883 11.272 -1.610
v -0.467 12.654 1.045
v 0.762 12.007 0.879
v 0.097 10.791 0.694
v -1.132 11.438 0.860
v 0.494 12.435 0.965
v 0.533 11.058 0.722
v -0.864 11.010 0.773
v -0.903 12.387 1.017
v 0.776 11.503 0.790
v -0.415 10.773 0.713
v -1.146 11.942 0.949
v 0.044 12.672 1.026
v 0.087 10.812 0.458
v 0.942 11.889 0.774
v -0.179 12.731 0.936
v -1.034 11.653 0.620
v 0.876 11.393 0.645
v 0.333 12.661 0.942
v -0.968 12.149 0.749
v -0.424 10.881 0.452
v 0.743 12.353 0.883
v -0.655 12.543 0.865
v -0.835 11.189 0.511
v 0.563 10.999 0.529
v -0.646 10.732 1.567
v -0.074 10.749 0.227
v 0.442 12.092 0.465
v -0.130 12.074 1.805
v -0.350 10.498 0.608
v 0.383 11.670 0.144
v 0.145 12.325 1.424
v -0.588 11.154 1.888
v 0.194 11.178 0.057
v 0.355 12.332 0.933
v -0.399 11.645 1.975
v -0.559 10.492 1.099
v 0.847 11.834 1.241
v 0.217 12.380 0.233
v -0.882 11.766 0.587
v -0.252 11.220 1.595
v 0.618 12.320 0.488
v -0.649 12.061 0.291
v -0.653 11.281 1.341
v 0.614 11.540 1.538
v -0.247 12.285 0.161
v -0.884 11.481 0.972
v 0.211 11.315 1.668
v 0.848 12.120 0.857
v -0.377 12.674 1.265
v 0.516 11.520 1.619
v -0.063 10.723 0.485
v -0.956 11.877 0.131
v 0.339 12.031 1.714
v 0.284 10.764 0.909
v -0.779 11.366 0.036
v -0.724 12.633 0.840
v 0.496 11.056 1.324
v -0.452 10.943 0.165
v -0.936 12.341 0.426
v 0.012 12.454 1.584
v 1.969 10.690 -0.366
v 0.883 11.242 0.336
v 1.368 12.535 0.070
v 2.454 11.982 -0.632
v 1.138 10.831 0.162
v 1.016 12.226 0.283
v 2.199 12.394 -0.458
v 2.321 10.999 -0.578
v 0.838 11.753 0.380
v 1.801 12.596 -0.201
v 2.499 11.472 -0.676
v 1.536 10.629 -0.094
v 1.354 12.144 -0.521
v 1.658 11.277 -1.263
v 1.639 10.505 -0.370
v 1.334 11.371 0.372
v 1.565 11.693 -1.191
v 1.701 10.591 -0.789
v 1.427 10.955 0.301
v 1.292 12.057 -0.102
v 1.708 10.874 -1.116
v 1.539 10.638 0.029
v 1.285 11.775 0.225
v 1.454 12.010 -0.920
v 2.217 11.804 -1.166
v 1.086 11.930 -0.950
v 1.293 11.846 0.186
v 2.424 11.720 -0.030
v 1.406 11.905 -1.226
v 1.021 11.895 -0.135
v 2.103 11.745 0.247
v 2.489 11.755 -0.845
v 0.945 11.926 -0.551
v 1.689 11.791 0.325
v 2.565 11.724 -0.429
v 1.820 11.859 -1.305
v 1.113 11.980 -0.288
v 1.835 11.450 0.707
v 2.827 11.186 -0.153
v 2.105 11.716 -1.148
v 1.425 11.666 0.549
v 2.645 11.173 0.302
v 2.515 11.500 -0.990
v 1.295 11.993 -0.743
v 2.282 11.269 0.616
v 2.779 11.306 -0.626
v 1.658 11.897 -1.057
v 1.161 11.860 0.185
v 1.852 11.730 0.614
v 0.727 11.292 -0.309
v 1.652 11.436 -1.505
v 2.777 11.874 -0.583
v 0.914 11.404 0.202
v 1.153 11.310 -1.295
v 2.590 11.761 -1.094
v 2.351 11.855 0.403
v 0.814 11.257 -0.857
v 2.178 11.601 -1.432
v 2.690 11.908 -0.035
v 1.326 11.564 0.540
v 2.494 12.167 -0.003
v 2.301 11.054 -0.444
v 1.171 11.075 -0.002
v 1.365 12.188 0.439
v 2.569 11.402 -0.385
v 1.494 10.865 -0.223
v 1.097 11.840 0.380
v 2.172 12.377 0.218
v 1.907 10.857 -0.384
v 1.026 11.432 0.218
v 1.759 12.385 0.379
v 2.640 11.810 -0.224
v 1.237 11.367 -1.274
v 2.185 10.528 -0.703
v 1.997 11.151 0.523
v 1.049 11.990 -0.048
v 1.919 10.680 -1.109
v 2.230 10.800 0.239
v 1.315 11.838 0.358
v 1.004 11.718 -0.990
v 2.298 10.572 -0.210
v 1.662 11.531 0.567
v 0.935 11.946 -0.541
v 1.572 10.987 -1.318
v 0.062 12.934 -0.710
v 0.346 11.803 -0.812
v 0.220 11.666 0.344
v -0.065 12.798 0.446
v 0.279 12.187 -0.992
v 0.312 11.503 -0.042
v 0.002 12.414 0.625
v -0.031 13.098 -0.325
v 0.358 11.553 -0.465
v 0.106 12.000 0.588
v -0.077 13.048 0.098
v 0.175 12.601 -0.954
v -0.338 12.956 -0.598
v 0.460 12.870 0.195
v 0.613 11.786 -0.077
v -0.185 11.872 -0.870
v 0.179 13.095 -0.007
v 0.711 12.114 0.154
v 0.096 11.646 -0.668
v -0.436 12.628 -0.829
v 0.655 12.510 0.253
v 0.388 11.615 -0.378
v -0.379 12.231 -0.928
v -0.113 13.127 -0.297
v -0.317 11.959 -1.211
v -1.390 12.170 -0.236
v -0.593 13.212 0.417
v 0.481 13.001 -0.559
v -1.196 11.912 -0.664
v -1.042 12.920 0.388
v 0.286 13.259 -0.130
v 0.132 12.251 -1.183
v -1.334 12.539 0.150
v -0.107 13.336 0.227
v 0.424 12.632 -0.944
v -0.803 11.835 -1.021
v 1.240 12.709 -0.281
v 0.405 11.517 -0.466
v -0.801 12.350 -0.388
v 0.034 13.542 -0.204
v 0.890 11.742 -0.422
v -0.572 11.867 -0.447
v -0.451 13.317 -0.248
v 1.011 13.192 -0.223
v -0.131 11.562 -0.475
v -0.757 12.880 -0.316
v 0.570 13.497 -0.195
v 1.196 12.179 -0.354
v -0.241 12.422 -1.169
v -0.519 11.665 -0.341
v 0.554 11.734 0.082
v 0.832 12.491 -0.745
v -0.628 11.893 -0.681
v 0.163 11.573 0.100
v 0.940 12.263 -0.405
v 0.150 12.583 -1.186
v -0.230 11.548 -0.055
v 0.839 11.986 -0.102
v 0.543 12.608 -1.031
v -0.526 12.170 -0.984
v -1.184 12.854 -0.392
v -0.346 12.647 0.327
v 0.215 12.105 -0.482
v -0.623 12.312 -1.201
v -0.714 12.812 0.247
v 0.190 12.239 -0.094
v -0.255 12.147 -1.121
v -1.159 12.720 -0.780
v -0.015 12.437 0.202
v 0.052 12.071 -0.858
v -0.954 12.522 -1.076
v -1.021 12.888 -0.016
v -0.566 12.383 0.236
v -1.007 11.614 -0.857
v -0.346 12.488 -1.740
v 0.096 13.257 -0.646
v -0.989 11.697 -0.349
v -0.636 12.070 -1.660
v 0.077 13.174 -1.154
v -0.276 12.801 0.157
v -0.878 11.750 -1.337
v -0.085 12.892 -1.555
v -0.033 13.121 -0.166
v -0.827 11.979 0.051
v 1.510 12.739 1.339
v 1.182 11.709 1.044
v 1.090 12.044 -0.021
v 1.417 13.074 0.274
v 1.303 11.974 1.332
v 1.059 11.750 0.262
v 1.296 12.809 -0.014
v 1.540 13.033 1.056
v 1.093 11.627 0.652
v 1.176 12.432 -0.122
v 1.506 13.156 0.666
v 1.423 12.351 1.440
v 1.944 11.693 1.587
v 1.164 11.758 0.387
v 1.257 13.187 0.405
v 2.037 13.122 1.604
v 1.394 11.476 0.764
v 1.085 12.746 0.180
v 1.807 13.404 1.227
v 2.116 12.134 1.812
v 1.051 12.223 0.173
v 1.522 13.428 0.788
v 2.150 12.657 1.818
v 1.680 11.452 1.203
v 1.226 12.349 0.027
v 1.342 13.387 0.773
v 2.350 12.853 1.359
v 2.234 11.815 0.614
v 1.121 13.155 0.429
v 2.052 13.212 1.310
v 2.455 12.046 0.958
v 1.524 11.990 0.077
v 1.682 13.407 1.095
v 2.498 12.426 1.231
v 1.894 11.794 0.292
v 1.078 12.775 0.156
v 1.676 13.326 0.577
v 2.071 12.201 -0.348
v 1.346 11.218 0.539
v 0.951 12.344 1.464
v 2.079 12.737 -0.217
v 1.648 11.324 0.089
v 0.944 11.807 1.333
v 1.374 13.221 1.027
v 1.913 11.683 -0.236
v 1.088 11.395 0.994
v 1.109 12.861 1.352
v 1.934 13.149 0.121
v 0.102 13.356 -0.676
v 1.497 13.287 -0.166
v 1.974 12.908 -1.523
v 0.579 12.977 -2.032
v 0.968 13.378 -0.080
v 2.078 13.016 -0.999
v 1.109 12.886 -2.119
v -0.002 13.248 -1.199
v 1.904 13.154 -0.503
v 1.619 12.861 -1.932
v 0.173 13.110 -1.696
v 0.457 13.403 -0.266
v 1.411 13.902 -1.633
v 1.784 13.259 -0.619
v 0.953 12.355 -0.887
v 0.580 12.998 -1.901
v 1.818 13.629 -0.892
v 1.284 12.524 -0.616
v 0.546 12.628 -1.628
v 1.079 13.733 -1.904
v 1.589 12.855 -0.518
v 0.683 12.393 -1.257
v 0.775 13.402 -2.002
v 1.681 13.864 -1.263
v 0.889 14.226 -1.176
v 0.519 13.265 -0.232
v 1.420 12.361 -0.798
v 1.790 13.321 -1.743
v 0.471 13.736 -0.427
v 1.067 12.472 -0.446
v 1.838 12.851 -1.547
v 1.242 14.115 -1.529
v 0.737 12.803 -0.238
v 1.703 12.500 -1.201
v 1.572 13.784 -1.736
v 0.606 14.087 -0.773
v 0.948 13.823 -0.626
v 1.061 13.709 -1.837
v 1.266 12.512 -1.705
v 1.153 12.626 -0.494
v 0.987 13.964 -1.477
v 1.222 12.870 -1.968
v 1.227 12.371 -0.854
v 0.992 13.464 -0.362
v 1.147 13.309 -2.017
v 1.268 12.329 -1.297
v 1.067 13.026 -0.314
v 0.946 14.006 -1.034
v 0.215 13.074 -1.234
v 1.605 12.954 -1.878
v 2.259 13.098 -0.495
v 0.868 13.219 0.150
v 1.045 12.965 -1.927
v 2.306 13.031 -1.051
v 1.429 13.207 0.199
v 0.167 13.142 -0.677
v 2.067 12.978 -1.557
v 1.938 13.163 -0.037
v 0.407 13.195 -0.171
v 0.536 13.009 -1.691
v 0.718 12.865 -2.002
v 1.932 12.543 -1.029
v 1.329 13.539 0.053
v 0.115 13.861 -0.920
v 1.658 12.462 -1.536
v 1.743 13.164 -0.112
v 0.389 13.941 -0.414
v 0.305 13.240 -1.838
v 1.963 12.799 -0.508
v 0.834 13.823 -0.057
v 0.084 13.604 -1.442
v 1.213 12.580 -1.892
v 0.586 13.734 0.563
v 0.978 12.793 -0.053
v -0.117 12.620 -0.487
v -0.510 13.562 0.129
v 1.054 13.123 0.222
v 0.302 12.503 -0.462
v -0.586 13.232 -0.146
v 0.167 13.852 0.538
v 0.703 12.566 -0.303
v -0.442 12.887 -0.372
v -0.234 13.788 0.379
v 0.911 13.467 0.448
v -0.362 13.959 1.320
v 0.356 12.635 1.039
v 0.082 12.805 -0.459
v -0.636 14.128 -0.178
v 0.179 13.024 1.402
v 0.301 12.509 -0.035
v -0.458 13.740 -0.541
v -0.580 14.255 0.897
v 0.401 12.447 0.513
v -0.196 13.255 -0.644
v -0.680 14.317 0.348
v -0.084 13.509 1.505
v -0.830 13.389 0.798
v -0.668 13.080 -0.714
v 0.840 12.787 -0.492
v 0.677 13.096 1.020
v -0.995 13.232 -0.275
v 0.392 12.824 -0.839
v 1.005 12.944 0.581
v -0.382 13.352 1.145
v -0.160 12.931 -0.921
v 1.064 12.831 0.028
v 0.170 13.245 1.226
v -1.054 13.345 0.278
v -0.728 13.861 1.032
v -0.497 13.850 -0.387
v 0.078 12.536 -0.283
v -0.154 12.547 1.136
v -0.675 14.094 0.044
v -0.062 12.951 -0.576
v 0.025 12.303 0.705
v -0.589 13.446 1.325
v -0.272 13.432 -0.614
v 0.110 12.299 0.186
v -0.378 12.965 1.363
v -0.760 14.098 0.563
v 0.666 13.155 -0.771
v 0.995 12.671 0.557
v -0.417 12.591 0.878
v -0.746 13.075 -0.450
v 1.150 12.839 0.077
v 0.091 12.527 1.019
v -0.900 12.907 0.030
v 0.158 13.218 -0.912
v 0.608 12.557 0.901
v -0.780 12.729 0.516
v -0.359 13.189 -0.794
v 1.029 13.016 -0.409
v -0.047 13.700 1.306
v -0.643 13.405 0.055
v 0.421 12.518 -0.243
v 1.017 12.813 1.009
v -0.649 13.661 0.506
v -0.025 12.745 -0.377
v 1.023 12.557 0.558
v 0.399 13.473 1.441
v -0.415 13.070 -0.268
v 0.805 12.449 0.100
v 0.789 13.148 1.332
v -0.430 13.769 0.964
v 1.052 13.251 0.317
v -0.151 13.761 0.489
v -0.622 12.970 -0.455
v 0.582 12.461 -0.628
v 0.316 13.744 0.607
v -0.693 13.314 -0.124
v 0.114 12.477 -0.746
v 1.123 12.907 -0.014
v -0.521 13.604 0.222
v -0.327 12.664 -0.683
v 0.951 12.618 -0.360
v 0.757 13.558 0.544
vt 0.0040 0.0040
vt 0.4960 0.0040
vt 0.4960 0.4960
vt 0.0040 0.4960
vt 0.0040 0.0040
vt 0.4960 0.0040
vt 0.4960 0.4960
vt 0.0040 0.4960
vt 0.0040 0.0040
vt 0.4960 0.0040
vt 0.4960 0.4960
vt 0.0040 0.4960
vt 0.0040 0.5040
vt 0.4960 0.5040
vt 0.4960 0.9960
vt 0.0040 0.9960
vt 0.0040 0.5040
vt 0.4960 0.5040
vt 0.4960 0.9960
vt 0.0040 0.9960
vt 0.0040 0.5040
vt 0.4960 0.5040
vt 0.4960 0.9960
vt 0.0040 0.9960
vt 0.5040 0.0040
vt 0.9960 0.0040
vt 0.9960 0.4960
vt 0.5040 0.4960
vt 0.5040 0.0040
vt 0.9960 0.0040
vt 0.9960 0.4960
vt 0.5040 0.4960
vt 0.5040 0.0040
vt 0.9960 0.0040
vt 0.9960 0.4960
vt 0.5040 0.4960
vt 0.5040 0.0040
vt 0.9960 0.0040
vt 0.9960 0.4960
vt 0.5040 0.4960
vt 0.5040 0.0040
vt 0.9960 0.0040
vt 0.9960 0.4960
vt 0.5040 0.4960
vt 0.5040 0.0040
vt 0.9960 0.0040
vt 0.9960 0.4960
vt 0.5040 0.4960
vt 0.5040 0.5040
vt 0.9960 0.5040
vt 0.9960 0.9960
vt 0.5040 0.9960
vt 0.5040 0.5040
vt 0.9960 0.5040
vt 0.9960 0.9960
vt 0.5040 0.9960
vt 0.5040 0.5040
vt 0.9960 0.5040
vt 0.9960 0.9960
vt 0.5040 0.9960
vt 0.5040 0.5040
vt 0.9960 0.5040
vt 0.9960 0.9960
vt 0.5040 0.9960
vt 0.5040 0.5040
vt 0.9960 0.5040
vt 0.9960 0.9960
vt 0.5040 0.9960
vt 0.5040 0.5040
vt 0.9960 0.5040
vt 0.9960 0.9960
vt 0.5040 0.9960
vt 0.0040 0.0040
vt 0.4960 0.0040
vt 0.4960 0.4960
vt 0.0040 0.4960
vt 0.0040 0.0040
vt 0.4960 0.0040
vt 0.4960 0.4960
vt 0.0040 0.4960
vt 0.0040 0.0040
vt 0.4960 0.0040
vt 0.4960 0.4960
vt 0.0040 0.4960
vt 0.0040 0.5040
vt 0.4960 0.5040
vt 0.4960 0.9960
vt 0.0040 0.9960
vt 0.0040 0.5040
vt 0.4960 0.5040
vt 0.4960 0.9960
vt 0.0040 0.9960
vt 0.0040 0.5040
vt 0.4960 0.5040
vt 0.4960 0.9960
vt 0.0040 0.9960
vt 0.0040 0.0040
vt 0.4960 0.0040
vt 0.4960 0.4960
vt 0.0040 0.4960
vt 0.0040 0.0040
vt 0.4960 0.0040
vt 0.4960 0.4960
vt 0.0040 0.4960
vt 0.0040 0.0040
vt 0.4960 0.0040
vt 0.4960 0.4960
vt 0.0040 0.4960
vt 0.0040 0.0040
vt 0.4960 0.0040
vt 0.4960 0.4960
vt 0.0040 0.4960
vt 0.0040 0.0040
vt 0.4960 0.0040
vt 0.4960 0.4960
vt 0.0040 0.4960
vt 0.0040 0.0040
vt 0.4960 0.0040
vt 0.4960 0.4960
vt 0.0040 0.4960
vt 0.0040 0.0040
vt 0.4960 0.0040
vt 0.4960 0.4960
vt 0.0040 0.4960
vt 0.0040 0.0040
vt 0.4960 0.0040
vt 0.4960 0.4960
vt 0.0040 0.4960
vt 0.0040 0.0040
vt 0.4960 0.0040
vt 0.4960 0.4960
vt 0.0040 0.4960
vt 0.0040 0.5040
vt 0.4960 0.5040
vt 0.4960 0.9960
vt 0.0040 0.9960
vt 0.0040 0.5040
vt 0.4960 0.5040
vt 0.4960 0.9960
vt 0.0040 0.9960
vt 0.0040 0.5040
vt 0.4960 0.5040
vt 0.4960 0.9960
vt 0.0040 0.9960
vt 0.5040 0.0040
vt 0.9960 0.0040
vt 0.9960 0.4960
vt 0.5040 0.4960
vt 0.5040 0.0040
vt 0.9960 0.0040
vt 0.9960 0.4960
vt 0.5040 0.4960
vt 0.5040 0.0040
vt 0.9960 0.0040
vt 0.9960 0.4960
vt 0.5040 0.4960
vt 0.5040 0.0040
vt 0.9960 0.0040
vt 0.9960 0.4960
vt 0.5040 0.4960
vt 0.5040 0.0040
vt 0.9960 0.0040
vt 0.9960 0.4960
vt 0.5040 0.4960
vt 0.5040 0.0040
vt 0.9960 0.0040
vt 0.9960 0.4960
vt 0.5040 0.4960
vt 0.5040 0.5040
vt 0.9960 0.5040
vt 0.9960 0.9960
vt 0.5040 0.9960
vt 0.5040 0.5040
vt 0.9960 0.5040
vt 0.9960 0.9960
vt 0.5040 0.9960
vt 0.5040 0.5040
vt 0.9960 0.5040
vt 0.9960 0.9960
vt 0.5040 0.9960
vt 0.5040 0.5040
vt 0.9960 0.5040
vt 0.9960 0.9960
vt 0.5040 0.9960
vt 0.5040 0.5040
vt 0.9960 0.5040
vt 0.9960 0.9960
vt 0.5040 0.9960
vt 0.5040 0.5040
vt 0.9960 0.5040
vt 0.9960 0.9960
vt 0.5040 0.9960
vt 0.5040 0.0040
vt 0.9960 0.0040
vt 0.9960 0.4960
vt 0.5040 0.4960
vt 0.5040 0.0040
vt 0.9960 0.0040
vt 0.9960 0.4960
vt 0.5040 0.4960
vt 0.5040 0.0040
vt 0.9960 0.0040
vt 0.9960 0.4960
vt 0.5040 0.4960
vt 0.5040 0.5040
vt 0.9960 0.5040
vt 0.9960 0.9960
vt 0.5040 0.9960
vt 0.5040 0.5040
vt 0.9960 0.5040
vt 0.9960 0.9960
vt 0.5040 0.9960
vt 0.5040 0.5040
vt 0.9960 0.5040
vt 0.9960 0.9960
vt 0.5040 0.9960
vt 0.5040 0.0040
vt 0.9960 0.0040
vt 0.9960 0.4960
vt 0.5040 0.4960
vt 0.5040 0.0040
vt 0.9960 0.0040
vt 0.9960 0.4960
vt 0.5040 0.4960
vt 0.5040 0.0040
vt 0.9960 0.0040
vt 0.9960 0.4960
vt 0.5040 0.4960
vt 0.0040 0.0040
vt 0.4960 0.0040
vt 0.4960 0.4960
vt 0.0040 0.4960
vt 0.0040 0.0040
vt 0.4960 0.0040
vt 0.4960 0.4960
vt 0.0040 0.4960
vt 0.0040 0.0040
vt 0.4960 0.0040
vt 0.4960 0.4960
vt 0.0040 0.4960
vt 0.5040 0.5040
vt 0.9960 0.5040
vt 0.9960 0.9960
vt 0.5040 0.9960
vt 0.5040 0.5040
vt 0.9960 0.5040
vt 0.9960 0.9960
vt 0.5040 0.9960
vt 0.5040 0.5040
vt 0.9960 0.5040
vt 0.9960 0.9960
vt 0.5040 0.9960
vt 0.0040 0.0040
vt 0.4960 0.0040
vt 0.4960 0.4960
vt 0.0040 0.4960
vt 0.0040 0.0040
vt 0.4960 0.0040
vt 0.4960 0.4960
vt 0.0040 0.4960
vt 0.0040 0.0040
vt 0.4960 0.0040
vt 0.4960 0.4960
vt 0.0040 0.4960
vt 0.5040 0.0040
vt 0.9960 0.0040
vt 0.9960 0.4960
vt 0.5040 0.4960
vt 0.5040 0.0040
vt 0.9960 0.0040
vt 0.9960 0.4960
vt 0.5040 0.4960
vt 0.5040 0.0040
vt 0.9960 0.0040
vt 0.9960 0.4960
vt 0.5040 0.4960
vt 0.5040 0.5040
vt 0.9960 0.5040
vt 0.9960 0.9960
vt 0.5040 0.9960
vt 0.5040 0.5040
vt 0.9960 0.5040
vt 0.9960 0.9960
vt 0.5040 0.9960
vt 0.5040 0.5040
vt 0.9960 0.5040
vt 0.9960 0.9960
vt 0.5040 0.9960
vt 0.5040 0.0040
vt 0.9960 0.0040
vt 0.9960 0.4960
vt 0.5040 0.4960
vt 0.5040 0.0040
vt 0.9960 0.0040
vt 0.9960 0.4960
vt 0.5040 0.4960
vt 0.5040 0.0040
vt 0.9960 0.0040
vt 0.9960 0.4960
vt 0.5040 0.4960
vt 0.0040 0.0040
vt 0.4960 0.0040
vt 0.4960 0.4960
vt 0.0040 0.4960
vt 0.0040 0.0040
vt 0.4960 0.0040
vt 0.4960 0.4960
vt 0.0040 0.4960
vt 0.0040 0.0040
vt 0.4960 0.0040
vt 0.4960 0.4960
vt 0.0040 0.4960
vt 0.0040 0.0040
vt 0.4960 0.0040
vt 0.4960 0.4960
vt 0.0040 0.4960
vt 0.0040 0.0040
vt 0.4960 0.0040
vt 0.4960 0.4960
vt 0.0040 0.4960
vt 0.0040 0.0040
vt 0.4960 0.0040
vt 0.4960 0.4960
vt 0.0040 0.4960
vt 0.0040 0.5040
vt 0.4960 0.5040
vt 0.4960 0.9960
vt 0.0040 0.9960
vt 0.0040 0.5040
vt 0.4960 0.5040
vt 0.4960 0.9960
vt 0.0040 0.9960
vt 0.0040 0.5040
vt 0.4960 0.5040
vt 0.4960 0.9960
vt 0.0040 0.9960
vt 0.5040 0.5040
vt 0.9960 0.5040
vt 0.9960 0.9960
vt 0.5040 0.9960
vt 0.5040 0.5040
vt 0.9960 0.5040
vt 0.9960 0.9960
vt 0.5040 0.9960
vt 0.5040 0.5040
vt 0.9960 0.5040
vt 0.9960 0.9960
vt 0.5040 0.9960
vt 0.5040 0.5040
vt 0.9960 0.5040
vt 0.9960 0.9960
vt 0.5040 0.9960
vt 0.5040 0.5040
vt 0.9960 0.5040
vt 0.9960 0.9960
vt 0.5040 0.9960
vt 0.5040 0.5040
vt 0.9960 0.5040
vt 0.9960 0.9960
vt 0.5040 0.9960
vt 0.0040 0.0040
vt 0.4960 0.0040
vt 0.4960 0.4960
vt 0.0040 0.4960
vt 0.0040 0.0040
vt 0.4960 0.0040
vt 0.4960 0.4960
vt 0.0040 0.4960
vt 0.0040 0.0040
vt 0.4960 0.0040
vt 0.4960 0.4960
vt 0.0040 0.4960
vt 0.0040 0.0040
vt 0.4960 0.0040
vt 0.4960 0.4960
vt 0.0040 0.4960
vt 0.0040 0.0040
vt 0.4960 0.0040
vt 0.4960 0.4960
vt 0.0040 0.4960
vt 0.0040 0.0040
vt 0.4960 0.0040
vt 0.4960 0.4960
vt 0.0040 0.4960
vt 0.0040 0.0040
vt 0.4960 0.0040
vt 0.4960 0.4960
vt 0.0040 0.4960
vt 0.0040 0.0040
vt 0.4960 0.0040
vt 0.4960 0.4960
vt 0.0040 0.4960
vt 0.0040 0.0040
vt 0.4960 0.0040
vt 0.4960 0.4960
vt 0.0040 0.4960
vt 0.5040 0.0040
vt 0.9960 0.0040
vt 0.9960 0.4960
vt 0.5040 0.4960
vt 0.5040 0.0040
vt 0.9960 0.0040
vt 0.9960 0.4960
vt 0.5040 0.4960
vt 0.5040 0.0040
vt 0.9960 0.0040
vt 0.9960 0.4960
vt 0.5040 0.4960
vt 0.5040 0.0040
vt 0.9960 0.0040
vt 0.9960 0.4960
vt 0.5040 0.4960
vt 0.5040 0.0040
vt 0.9960 0.0040
vt 0.9960 0.4960
vt 0.5040 0.4960
vt 0.5040 0.0040
vt 0.9960 0.0040
vt 0.9960 0.4960
vt 0.5040 0.4960
vt 0.0040 0.0040
vt 0.4960 0.0040
vt 0.4960 0.4960
vt 0.0040 0.4960
vt 0.0040 0.0040
vt 0.4960 0.0040
vt 0.4960 0.4960
vt 0.0040 0.4960
vt 0.0040 0.0040
vt 0.4960 0.0040
vt 0.4960 0.4960
vt 0.0040 0.4960
vt 0.0040 0.5040
vt 0.4960 0.5040
vt 0.4960 0.9960
vt 0.0040 0.9960
vt 0.0040 0.5040
vt 0.4960 0.5040
vt 0.4960 0.9960
vt 0.0040 0.9960
vt 0.0040 0.5040
vt 0.4960 0.5040
vt 0.4960 0.9960
vt 0.0040 0.9960
vt 0.5040 0.5040
vt 0.9960 0.5040
vt 0.9960 0.9960
vt 0.5040 0.9960
vt 0.5040 0.5040
vt 0.9960 0.5040
vt 0.9960 0.9960
vt 0.5040 0.9960
vt 0.5040 0.5040
vt 0.9960 0.5040
vt 0.9960 0.9960
vt 0.5040 0.9960
vt 0.5040 0.0040
vt 0.9960 0.0040
vt 0.9960 0.4960
vt 0.5040 0.4960
vt 0.5040 0.0040
vt 0.9960 0.0040
vt 0.9960 0.4960
vt 0.5040 0.4960
vt 0.5040 0.0040
vt 0.9960 0.0040
vt 0.9960 0.4960
vt 0.5040 0.4960
vt 0.5040 0.5040
vt 0.9960 0.5040
vt 0.9960 0.9960
vt 0.5040 0.9960
vt 0.5040 0.5040
vt 0.9960 0.5040
vt 0.9960 0.9960
vt 0.5040 0.9960
vt 0.5040 0.5040
vt 0.9960 0.5040
vt 0.9960 0.9960
vt 0.5040 0.9960
vt 0.5040 0.0040
vt 0.9960 0.0040
vt 0.9960 0.4960
vt 0.5040 0.4960
vt 0.5040 0.0040
vt 0.9960 0.0040
vt 0.9960 0.4960
vt 0.5040 0.4960
vt 0.5040 0.0040
vt 0.9960 0.0040
vt 0.9960 0.4960
vt 0.5040 0.4960
vt 0.5040 0.0040
vt 0.9960 0.0040
vt 0.9960 0.4960
vt 0.5040 0.4960
vt 0.5040 0.0040
vt 0.9960 0.0040
vt 0.9960 0.4960
vt 0.5040 0.4960
vt 0.5040 0.0040
vt 0.9960 0.0040
vt 0.9960 0.4960
vt 0.5040 0.4960
vt 0.0040 0.0040
vt 0.4960 0.0040
vt 0.4960 0.4960
vt 0.0040 0.4960
vt 0.0040 0.0040
vt 0.4960 0.0040
vt 0.4960 0.4960
vt 0.0040 0.4960
vt 0.0040 0.0040
vt 0.4960 0.0040
vt 0.4960 0.4960
vt 0.0040 0.4960
vt 0.0040 0.0040
vt 0.4960 0.0040
vt 0.4960 0.4960
vt 0.0040 0.4960
vt 0.0040 0.0040
vt 0.4960 0.0040
vt 0.4960 0.4960
vt 0.0040 0.4960
vt 0.0040 0.0040
vt 0.4960 0.0040
vt 0.4960 0.4960
vt 0.0040 0.4960
vt 0.5040 0.0040
vt 0.9960 0.0040
vt 0.9960 0.4960
vt 0.5040 0.4960
vt 0.5040 0.0040
vt 0.9960 0.0040
vt 0.9960 0.4960
vt 0.5040 0.4960
vt 0.5040 0.0040
vt 0.9960 0.0040
vt 0.9960 0.4960
vt 0.5040 0.4960
vt 0.0040 0.0040
vt 0.4960 0.0040
vt 0.4960 0.4960
vt 0.0040 0.4960
vt 0.0040 0.0040
vt 0.4960 0.0040
vt 0.4960 0.4960
vt 0.0040 0.4960
vt 0.0040 0.0040
vt 0.4960 0.0040
vt 0.4960 0.4960
vt 0.0040 0.4960
vt 0.0040 0.5040
vt 0.4960 0.5040
vt 0.4960 0.9960
vt 0.0040 0.9960
vt 0.0040 0.5040
vt 0.4960 0.5040
vt 0.4960 0.9960
vt 0.0040 0.9960
vt 0.0040 0.5040
vt 0.4960 0.5040
vt 0.4960 0.9960
vt 0.0040 0.9960
vt 0.5040 0.0040
vt 0.9960 0.0040
vt 0.9960 0.4960
vt 0.5040 0.4960
vt 0.5040 0.0040
vt 0.9960 0.0040
vt 0.9960 0.4960
vt 0.5040 0.4960
vt 0.5040 0.0040
vt 0.9960 0.0040
vt 0.9960 0.4960
vt 0.5040 0.4960
vt 0.5040 0.5040
vt 0.9960 0.5040
vt 0.9960 0.9960
vt 0.5040 0.9960
vt 0.5040 0.5040
vt 0.9960 0.5040
vt 0.9960 0.9960
vt 0.5040 0.9960
vt 0.5040 0.5040
vt 0.9960 0.5040
vt 0.9960 0.9960
vt 0.5040 0.9960
vt 0.0040 0.0040
vt 0.4960 0.0040
vt 0.4960 0.4960
vt 0.0040 0.4960
vt 0.0040 0.0040
vt 0.4960 0.0040
vt 0.4960 0.4960
vt 0.0040 0.4960
vt 0.0040 0.0040
vt 0.4960 0.0040
vt 0.4960 0.4960
vt 0.0040 0.4960
vt 0.0040 0.5040
vt 0.4960 0.5040
vt 0.4960 0.9960
vt 0.0040 0.9960
vt 0.0040 0.5040
vt 0.4960 0.5040
vt 0.4960 0.9960
vt 0.0040 0.9960
vt 0.0040 0.5040
vt 0.4960 0.5040
vt 0.4960 0.9960
vt 0.0040 0.9960
vt 0.5040 0.5040
vt 0.9960 0.5040
vt 0.9960 0.9960
vt 0.5040 0.9960
vt 0.5040 0.5040
vt 0.9960 0.5040
vt 0.9960 0.9960
vt 0.5040 0.9960
vt 0.5040 0.5040
vt 0.9960 0.5040
vt 0.9960 0.9960
vt 0.5040 0.9960
vt 0.5040 0.0040
vt 0.9960 0.0040
vt 0.9960 0.4960
vt 0.5040 0.4960
vt 0.5040 0.0040
vt 0.9960 0.0040
vt 0.9960 0.4960
vt 0.5040 0.4960
vt 0.5040 0.0040
vt 0.9960 0.0040
vt 0.9960 0.4960
vt 0.5040 0.4960
vt 0.0040 0.5040
vt 0.4960 0.5040
vt 0.4960 0.9960
vt 0.0040 0.9960
vt 0.0040 0.5040
vt 0.4960 0.5040
vt 0.4960 0.9960
vt 0.0040 0.9960
vt 0.0040 0.5040
vt 0.4960 0.5040
vt 0.4960 0.9960
vt 0.0040 0.9960
vt 0.5040 0.5040
vt 0.9960 0.5040
vt 0.9960 0.9960
vt 0.5040 0.9960
vt 0.5040 0.5040
vt 0.9960 0.5040
vt 0.9960 0.9960
vt 0.5040 0.9960
vt 0.5040 0.5040
vt 0.9960 0.5040
vt 0.9960 0.9960
vt 0.5040 0.9960
vt 0.5040 0.5040
vt 0.9960 0.5040
vt 0.9960 0.9960
vt 0.5040 0.9960
vt 0.5040 0.5040
vt 0.9960 0.5040
vt 0.9960 0.9960
vt 0.5040 0.9960
vt 0.5040 0.5040
vt 0.9960 0.5040
vt 0.9960 0.9960
vt 0.5040 0.9960
vt 0.0040 0.0040
vt 0.4960 0.0040
vt 0.4960 0.4960
vt 0.0040 0.4960
vt 0.0040 0.0040
vt 0.4960 0.0040
vt 0.4960 0.4960
vt 0.0040 0.4960
vt 0.0040 0.0040
vt 0.4960 0.0040
vt 0.4960 0.4960
vt 0.0040 0.4960
vt 0.0040 0.5040
vt 0.4960 0.5040
vt 0.4960 0.9960
vt 0.0040 0.9960
vt 0.0040 0.5040
vt 0.4960 0.5040
vt 0.4960 0.9960
vt 0.0040 0.9960
vt 0.0040 0.5040
vt 0.4960 0.5040
vt 0.4960 0.9960
vt 0.0040 0.9960
vt 0.5040 0.0040
vt 0.9960 0.0040
vt 0.9960 0.4960
vt 0.5040 0.4960
vt 0.5040 0.0040
vt 0.9960 0.0040
vt 0.9960 0.4960
vt 0.5040 0.4960
vt 0.5040 0.0040
vt 0.9960 0.0040
vt 0.9960 0.4960
vt 0.5040 0.4960
vt 0.0040 0.5040
vt 0.4960 0.5040
vt 0.4960 0.9960
vt 0.0040 0.9960
vt 0.0040 0.5040
vt 0.4960 0.5040
vt 0.4960 0.9960
vt 0.0040 0.9960
vt 0.0040 0.5040
vt 0.4960 0.5040
vt 0.4960 0.9960
vt 0.0040 0.9960
vt 0.0040 0.5040
vt 0.4960 0.5040
vt 0.4960 0.9960
vt 0.0040 0.9960
vt 0.0040 0.5040
vt 0.4960 0.5040
vt 0.4960 0.9960
vt 0.0040 0.9960
vt 0.0040 0.5040
vt 0.4960 0.5040
vt 0.4960 0.9960
vt 0.0040 0.9960
vt 0.5040 0.5040
vt 0.9960 0.5040
vt 0.9960 0.9960
vt 0.5040 0.9960
vt 0.5040 0.5040
vt 0.9960 0.5040
vt 0.9960 0.9960
vt 0.5040 0.9960
vt 0.5040 0.5040
vt 0.9960 0.5040
vt 0.9960 0.9960
vt 0.5040 0.9960
vt 0.5040 0.5040
vt 0.9960 0.5040
vt 0.9960 0.9960
vt 0.5040 0.9960
vt 0.5040 0.5040
vt 0.9960 0.5040
vt 0.9960 0.9960
vt 0.5040 0.9960
vt 0.5040 0.5040
vt 0.9960 0.5040
vt 0.9960 0.9960
vt 0.5040 0.9960
vt 0.0040 0.5040
vt 0.4960 0.5040
vt 0.4960 0.9960
vt 0.0040 0.9960
vt 0.0040 0.5040
vt 0.4960 0.5040
vt 0.4960 0.9960
vt 0.0040 0.9960
vt 0.0040 0.5040
vt 0.4960 0.5040
vt 0.4960 0.9960
vt 0.0040 0.9960
vt 0.0040 0.0040
vt 0.4960 0.0040
vt 0.4960 0.4960
vt 0.0040 0.4960
vt 0.0040 0.0040
vt 0.4960 0.0040
vt 0.4960 0.4960
vt 0.0040 0.4960
vt 0.0040 0.0040
vt 0.4960 0.0040
vt 0.4960 0.4960
vt 0.0040 0.4960
vt 0.0040 0.0040
vt 0.4960 0.0040
vt 0.4960 0.4960
vt 0.0040 0.4960
vt 0.0040 0.0040
vt 0.4960 0.0040
vt 0.4960 0.4960
vt 0.0040 0.4960
vt 0.0040 0.0040
vt 0.4960 0.0040
vt 0.4960 0.4960
vt 0.0040 0.4960
vt 0.5040 0.0040
vt 0.9960 0.0040
vt 0.9960 0.4960
vt 0.5040 0.4960
vt 0.5040 0.0040
vt 0.9960 0.0040
vt 0.9960 0.4960
vt 0.5040 0.4960
vt 0.5040 0.0040
vt 0.9960 0.0040
vt 0.9960 0.4960
vt 0.5040 0.4960
vt 0.0040 0.0040
vt 0.4960 0.0040
vt 0.4960 0.4960
vt 0.0040 0.4960
vt 0.0040 0.0040
vt 0.4960 0.0040
vt 0.4960 0.4960
vt 0.0040 0.4960
vt 0.0040 0.0040
vt 0.4960 0.0040
vt 0.4960 0.4960
vt 0.0040 0.4960
vt 0.5040 0.5040
vt 0.9960 0.5040
vt 0.9960 0.9960
vt 0.5040 0.9960
vt 0.5040 0.5040
vt 0.9960 0.5040
vt 0.9960 0.9960
vt 0.5040 0.9960
vt 0.5040 0.5040
vt 0.9960 0.5040
vt 0.9960 0.9960
vt 0.5040 0.9960
vt 0.5040 0.0040
vt 0.9960 0.0040
vt 0.9960 0.4960
vt 0.5040 0.4960
vt 0.5040 0.0040
vt 0.9960 0.0040
vt 0.9960 0.4960
vt 0.5040 0.4960
vt 0.5040 0.0040
vt 0.9960 0.0040
vt 0.9960 0.4960
vt 0.5040 0.4960
vt 0.5040 0.0040
vt 0.9960 0.0040
vt 0.9960 0.4960
vt 0.5040 0.4960
vt 0.5040 0.0040
vt 0.9960 0.0040
vt 0.9960 0.4960
vt 0.5040 0.4960
vt 0.5040 0.0040
vt 0.9960 0.0040
vt 0.9960 0.4960
vt 0.5040 0.4960
vt 0.5040 0.0040
vt 0.9960 0.0040
vt 0.9960 0.4960
vt 0.5040 0.4960
vt 0.5040 0.0040
vt 0.9960 0.0040
vt 0.9960 0.4960
vt 0.5040 0.4960
vt 0.5040 0.0040
vt 0.9960 0.0040
vt 0.9960 0.4960
vt 0.5040 0.4960
vt 0.0040 0.5040
vt 0.4960 0.5040
vt 0.4960 0.9960
vt 0.0040 0.9960
vt 0.0040 0.5040
vt 0.4960 0.5040
vt 0.4960 0.9960
vt 0.0040 0.9960
vt 0.0040 0.5040
vt 0.4960 0.5040
vt 0.4960 0.9960
vt 0.0040 0.9960
vt 0.0040 0.0040
vt 0.4960 0.0040
vt 0.4960 0.4960
vt 0.0040 0.4960
vt 0.0040 0.0040
vt 0.4960 0.0040
vt 0.4960 0.4960
vt 0.0040 0.4960
vt 0.0040 0.0040
vt 0.4960 0.0040
vt 0.4960 0.4960
vt 0.0040 0.4960
vt 0.5040 0.0040
vt 0.9960 0.0040
vt 0.9960 0.4960
vt 0.5040 0.4960
vt 0.5040 0.0040
vt 0.9960 0.0040
vt 0.9960 0.4960
vt 0.5040 0.4960
vt 0.5040 0.0040
vt 0.9960 0.0040
vt 0.9960 0.4960
vt 0.5040 0.4960
vt 0.0040 0.0040
vt 0.4960 0.0040
vt 0.4960 0.4960
vt 0.0040 0.4960
vt 0.0040 0.0040
vt 0.4960 0.0040
vt 0.4960 0.4960
vt 0.0040 0.4960
vt 0.0040 0.0040
vt 0.4960 0.0040
vt 0.4960 0.4960
vt 0.0040 0.4960
vt 0.5040 0.5040
vt 0.9960 0.5040
vt 0.9960 0.9960
vt 0.5040 0.9960
vt 0.5040 0.5040
vt 0.9960 0.5040
vt 0.9960 0.9960
vt 0.5040 0.9960
vt 0.5040 0.5040
vt 0.9960 0.5040
vt 0.9960 0.9960
vt 0.5040 0.9960
vn 0.244 -0.969 -0.036
vn 0.244 -0.969 -0.036
vn 0.244 -0.969 -0.036
vn 0.244 -0.969 -0.036
vn 0.244 -0.969 -0.036
vn 0.244 -0.969 -0.036
vn 0.244 -0.969 -0.036
vn 0.244 -0.969 -0.036
vn 0.244 -0.969 -0.036
vn 0.244 -0.969 -0.036
vn 0.244 -0.969 -0.036
vn 0.244 -0.969 -0.036
vn 0.672 -0.739 0.053
vn 0.672 -0.739 0.053
vn 0.672 -0.739 0.053
vn 0.672 -0.739 0.053
vn 0.672 -0.739 0.053
vn 0.672 -0.739 0.053
vn 0.672 -0.739 0.053
vn 0.672 -0.739 0.053
vn 0.672 -0.739 0.053
vn 0.672 -0.739 0.053
vn 0.672 -0.739 0.053
vn 0.672 -0.739 0.053
vn 0.437 -0.898 -0.047
vn 0.437 -0.898 -0.047
vn 0.437 -0.898 -0.047
vn 0.437 -0.898 -0.047
vn 0.437 -0.898 -0.047
vn 0.437 -0.898 -0.047
vn 0.437 -0.898 -0.047
vn 0.437 -0.898 -0.047
vn 0.437 -0.898 -0.047
vn 0.437 -0.898 -0.047
vn 0.437 -0.898 -0.047
vn 0.437 -0.898 -0.047
vn 0.471 -0.880 0.067
vn 0.471 -0.880 0.067
vn 0.471 -0.880 0.067
vn 0.471 -0.880 0.067
vn 0.471 -0.880 0.067
vn 0.471 -0.880 0.067
vn 0.471 -0.880 0.067
vn 0.471 -0.880 0.067
vn 0.471 -0.880 0.067
vn 0.471 -0.880 0.067
vn 0.471 -0.880 0.067
vn 0.471 -0.880 0.067
vn 0.177 -0.984 0.025
vn 0.177 -0.984 0.025
vn 0.177 -0.984 0.025
vn 0.177 -0.984 0.025
vn 0.177 -0.984 0.025
vn 0.177 -0.984 0.025
vn 0.177 -0.984 0.025
vn 0.177 -0.984 0.025
vn 0.177 -0.984 0.025
vn 0.177 -0.984 0.025
vn 0.177 -0.984 0.025
vn 0.177 -0.984 0.025
vn -0.791 -0.461 -0.402
vn -0.791 -0.461 -0.402
vn -0.791 -0.461 -0.402
vn -0.791 -0.461 -0.402
vn -0.791 -0.461 -0.402
vn -0.791 -0.461 -0.402
vn -0.791 -0.461 -0.402
vn -0.791 -0.461 -0.402
vn -0.791 -0.461 -0.402
vn -0.791 -0.461 -0.402
vn -0.791 -0.461 -0.402
vn -0.791 -0.461 -0.402
vn -0.695 -0.599 -0.399
vn -0.695 -0.599 -0.399
vn -0.695 -0.599 -0.399
vn -0.695 -0.599 -0.399
vn -0.695 -0.599 -0.399
vn -0.695 -0.599 -0.399
vn -0.695 -0.599 -0.399
vn -0.695 -0.599 -0.399
vn -0.695 -0.599 -0.399
vn -0.695 -0.599 -0.399
vn -0.695 -0.599 -0.399
vn -0.695 -0.599 -0.399
vn -0.778 -0.382 -0.499
vn -0.778 -0.382 -0.499
vn -0.778 -0.382 -0.499
vn -0.778 -0.382 -0.499
vn -0.778 -0.382 -0.499
vn -0.778 -0.382 -0.499
vn -0.778 -0.382 -0.499
vn -0.778 -0.382 -0.499
vn -0.778 -0.382 -0.499
vn -0.778 -0.382 -0.499
vn -0.778 -0.382 -0.499
vn -0.778 -0.382 -0.499
vn -0.805 -0.333 -0.491
vn -0.805 -0.333 -0.491
vn -0.805 -0.333 -0.491
vn -0.805 -0.333 -0.491
vn -0.805 -0.333 -0.491
vn -0.805 -0.333 -0.491
vn -0.805 -0.333 -0.491
vn -0.805 -0.333 -0.491
vn -0.805 -0.333 -0.491
vn -0.805 -0.333 -0.491
vn -0.805 -0.333 -0.491
vn -0.805 -0.333 -0.491
vn -0.780 -0.382 -0.496
vn -0.780 -0.382 -0.496
vn -0.780 -0.382 -0.496
vn -0.780 -0.382 -0.496
vn -0.780 -0.382 -0.496
vn -0.780 -0.382 -0.496
vn -0.780 -0.382 -0.496
vn -0.780 -0.382 -0.496
vn -0.780 -0.382 -0.496
vn -0.780 -0.382 -0.496
vn -0.780 -0.382 -0.496
vn -0.780 -0.382 -0.496
vn -0.809 -0.385 -0.444
vn -0.809 -0.385 -0.444
vn -0.809 -0.385 -0.444
vn -0.809 -0.385 -0.444
vn -0.809 -0.385 -0.444
vn -0.809 -0.385 -0.444
vn -0.809 -0.385 -0.444
vn -0.809 -0.385 -0.444
vn -0.809 -0.385 -0.444
vn -0.809 -0.385 -0.444
vn -0.809 -0.385 -0.444
vn -0.809 -0.385 -0.444
vn -0.733 -0.610 -0.301
vn -0.733 -0.610 -0.301
vn -0.733 -0.610 -0.301
vn -0.733 -0.610 -0.301
vn -0.733 -0.610 -0.301
vn -0.733 -0.610 -0.301
vn -0.733 -0.610 -0.301
vn -0.733 -0.610 -0.301
vn -0.733 -0.610 -0.301
vn -0.733 -0.610 -0.301
vn -0.733 -0.610 -0.301
vn -0.733 -0.610 -0.301
vn -0.556 -0.225 0.800
vn -0.556 -0.225 0.800
vn -0.556 -0.225 0.800
vn -0.556 -0.225 0.800
vn -0.556 -0.225 0.800
vn -0.556 -0.225 0.800
vn -0.556 -0.225 0.800
vn -0.556 -0.225 0.800
vn -0.556 -0.225 0.800
vn -0.556 -0.225 0.800
vn -0.556 -0.225 0.800
vn -0.556 -0.225 0.800
vn -0.556 -0.456 0.694
vn -0.556 -0.456 0.694
vn -0.556 -0.456 0.694
vn -0.556 -0.456 0.694
vn -0.556 -0.456 0.694
vn -0.556 -0.456 0.694
vn -0.556 -0.456 0.694
vn -0.556 -0.456 0.694
vn -0.556 -0.456 0.694
vn -0.556 -0.456 0.694
vn -0.556 -0.456 0.694
vn -0.556 -0.456 0.694
vn -0.535 -0.277 0.798
vn -0.535 -0.277 0.798
vn -0.535 -0.277 0.798
vn -0.535 -0.277 0.798
vn -0.535 -0.277 0.798
vn -0.535 -0.277 0.798
vn -0.535 -0.277 0.798
vn -0.535 -0.277 0.798
vn -0.535 -0.277 0.798
vn -0.535 -0.277 0.798
vn -0.535 -0.277 0.798
vn -0.535 -0.277 0.798
vn -0.631 -0.504 0.590
vn -0.631 -0.504 0.590
vn -0.631 -0.504 0.590
vn -0.631 -0.504 0.590
vn -0.631 -0.504 0.590
vn -0.631 -0.504 0.590
vn -0.631 -0.504 0.590
vn -0.631 -0.504 0.590
vn -0.631 -0.504 0.590
vn -0.631 -0.504 0.590
vn -0.631 -0.504 0.590
vn -0.631 -0.504 0.590
vn -0.632 -0.396 0.666
vn -0.632 -0.396 0.666
vn -0.632 -0.396 0.666
vn -0.632 -0.396 0.666
vn -0.632 -0.396 0.666
vn -0.632 -0.396 0.666
vn -0.632 -0.396 0.666
vn -0.632 -0.396 0.666
vn -0.632 -0.396 0.666
vn -0.632 -0.396 0.666
vn -0.632 -0.396 0.666
vn -0.632 -0.396 0.666
vn -0.601 -0.522 0.606
vn -0.601 -0.522 0.606
vn -0.601 -0.522 0.606
vn -0.601 -0.522 0.606
vn -0.601 -0.522 0.606
vn -0.601 -0.522 0.606
vn -0.601 -0.522 0.606
vn -0.601 -0.522 0.606
vn -0.601 -0.522 0.606
vn -0.601 -0.522 0.606
vn -0.601 -0.522 0.606
vn -0.601 -0.522 0.606
vn -0.618 -0.554 0.559
vn -0.618 -0.554 0.559
vn -0.618 -0.554 0.559
vn -0.618 -0.554 0.559
vn -0.618 -0.554 0.559
vn -0.618 -0.554 0.559
vn -0.618 -0.554 0.559
vn -0.618 -0.554 0.559
vn -0.618 -0.554 0.559
vn -0.618 -0.554 0.559
vn -0.618 -0.554 0.559
vn -0.618 -0.554 0.559
vn -0.420 -0.746 -0.517
vn -0.420 -0.746 -0.517
vn -0.420 -0.746 -0.517
vn -0.420 -0.746 -0.517
vn -0.420 -0.746 -0.517
vn -0.420 -0.746 -0.517
vn -0.420 -0.746 -0.517
vn -0.420 -0.746 -0.517
vn -0.420 -0.746 -0.517
vn -0.420 -0.746 -0.517
vn -0.420 -0.746 -0.517
vn -0.420 -0.746 -0.517
vn -0.298 -0.598 -0.744
vn -0.298 -0.598 -0.744
vn -0.298 -0.598 -0.744
vn -0.298 -0.598 -0.744
vn -0.298 -0.598 -0.744
vn -0.298 -0.598 -0.744
vn -0.298 -0.598 -0.744
vn -0.298 -0.598 -0.744
vn -0.298 -0.598 -0.744
vn -0.298 -0.598 -0.744
vn -0.298 -0.598 -0.744
vn -0.298 -0.598 -0.744
vn -0.259 -0.427 -0.866
vn -0.259 -0.427 -0.866
vn -0.259 -0.427 -0.866
vn -0.259 -0.427 -0.866
vn -0.259 -0.427 -0.866
vn -0.259 -0.427 -0.866
vn -0.259 -0.427 -0.866
vn -0.259 -0.427 -0.866
vn -0.259 -0.427 -0.866
vn -0.259 -0.427 -0.866
vn -0.259 -0.427 -0.866
vn -0.259 -0.427 -0.866
vn -0.443 -0.697 -0.564
vn -0.443 -0.697 -0.564
vn -0.443 -0.697 -0.564
vn -0.443 -0.697 -0.564
vn -0.443 -0.697 -0.564
vn -0.443 -0.697 -0.564
vn -0.443 -0.697 -0.564
vn -0.443 -0.697 -0.564
vn -0.443 -0.697 -0.564
vn -0.443 -0.697 -0.564
vn -0.443 -0.697 -0.564
vn -0.443 -0.697 -0.564
vn -0.262 -0.755 -0.602
vn -0.262 -0.755 -0.602
vn -0.262 -0.755 -0.602
vn -0.262 -0.755 -0.602
vn -0.262 -0.755 -0.602
vn -0.262 -0.755 -0.602
vn -0.262 -0.755 -0.602
vn -0.262 -0.755 -0.602
vn -0.262 -0.755 -0.602
vn -0.262 -0.755 -0.602
vn -0.262 -0.755 -0.602
vn -0.262 -0.755 -0.602
vn -0.401 -0.798 -0.450
vn -0.401 -0.798 -0.450
vn -0.401 -0.798 -0.450
vn -0.401 -0.798 -0.450
vn -0.401 -0.798 -0.450
vn -0.401 -0.798 -0.450
vn -0.401 -0.798 -0.450
vn -0.401 -0.798 -0.450
vn -0.401 -0.798 -0.450
vn -0.401 -0.798 -0.450
vn -0.401 -0.798 -0.450
vn -0.401 -0.798 -0.450
vn -0.996 -0.086 -0.001
vn -0.996 -0.086 -0.001
vn -0.996 -0.086 -0.001
vn -0.996 -0.086 -0.001
vn -0.996 -0.086 -0.001
vn -0.996 -0.086 -0.001
vn -0.996 -0.086 -0.001
vn -0.996 -0.086 -0.001
vn -0.996 -0.086 -0.001
vn -0.996 -0.086 -0.001
vn -0.996 -0.086 -0.001
vn -0.996 -0.086 -0.001
vn -0.986 -0.162 -0.033
vn -0.986 -0.162 -0.033
vn -0.986 -0.162 -0.033
vn -0.986 -0.162 -0.033
vn -0.986 -0.162 -0.033
vn -0.986 -0.162 -0.033
vn -0.986 -0.162 -0.033
vn -0.986 -0.162 -0.033
vn -0.986 -0.162 -0.033
vn -0.986 -0.162 -0.033
vn -0.986 -0.162 -0.033
vn -0.986 -0.162 -0.033
vn -0.998 0.065 0.023
vn -0.998 0.065 0.023
vn -0.998 0.065 0.023
vn -0.998 0.065 0.023
vn -0.998 0.065 0.023
vn -0.998 0.065 0.023
vn -0.998 0.065 0.023
vn -0.998 0.065 0.023
vn -0.998 0.065 0.023
vn -0.998 0.065 0.023
vn -0.998 0.065 0.023
vn -0.998 0.065 0.023
vn -0.992 -0.127 0.027
vn -0.992 -0.127 0.027
vn -0.992 -0.127 0.027
vn -0.992 -0.127 0.027
vn -0.992 -0.127 0.027
vn -0.992 -0.127 0.027
vn -0.992 -0.127 0.027
vn -0.992 -0.127 0.027
vn -0.992 -0.127 0.027
vn -0.992 -0.127 0.027
vn -0.992 -0.127 0.027
vn -0.992 -0.127 0.027
vn -0.987 -0.157 0.039
vn -0.987 -0.157 0.039
vn -0.987 -0.157 0.039
vn -0.987 -0.157 0.039
vn -0.987 -0.157 0.039
vn -0.987 -0.157 0.039
vn -0.987 -0.157 0.039
vn -0.987 -0.157 0.039
vn -0.987 -0.157 0.039
vn -0.987 -0.157 0.039
vn -0.987 -0.157 0.039
vn -0.987 -0.157 0.039
vn 0.116 -0.411 0.904
vn 0.116 -0.411 0.904
vn 0.116 -0.411 0.904
vn 0.116 -0.411 0.904
vn 0.116 -0.411 0.904
vn 0.116 -0.411 0.904
vn 0.116 -0.411 0.904
vn 0.116 -0.411 0.904
vn 0.116 -0.411 0.904
vn 0.116 -0.411 0.904
vn 0.116 -0.411 0.904
vn 0.116 -0.411 0.904
vn 0.482 -0.365 0.797
vn 0.482 -0.365 0.797
vn 0.482 -0.365 0.797
vn 0.482 -0.365 0.797
vn 0.482 -0.365 0.797
vn 0.482 -0.365 0.797
vn 0.482 -0.365 0.797
vn 0.482 -0.365 0.797
vn 0.482 -0.365 0.797
vn 0.482 -0.365 0.797
vn 0.482 -0.365 0.797
vn 0.482 -0.365 0.797
vn 0.494 -0.151 0.856
vn 0.494 -0.151 0.856
vn 0.494 -0.151 0.856
vn 0.494 -0.151 0.856
vn 0.494 -0.151 0.856
vn 0.494 -0.151 0.856
vn 0.494 -0.151 0.856
vn 0.494 -0.151 0.856
vn 0.494 -0.151 0.856
vn 0.494 -0.151 0.856
vn 0.494 -0.151 0.856
vn 0.494 -0.151 0.856
vn 0.569 0.092 0.817
vn 0.569 0.092 0.817
vn 0.569 0.092 0.817
vn 0.569 0.092 0.817
vn 0.569 0.092 0.817
vn 0.569 0.092 0.817
vn 0.569 0.092 0.817
vn 0.569 0.092 0.817
vn 0.569 0.092 0.817
vn 0.569 0.092 0.817
vn 0.569 0.092 0.817
vn 0.569 0.092 0.817
vn 0.546 0.080 0.834
vn 0.546 0.080 0.834
vn 0.546 0.080 0.834
vn 0.546 0.080 0.834
vn 0.546 0.080 0.834
vn 0.546 0.080 0.834
vn 0.546 0.080 0.834
vn 0.546 0.080 0.834
vn 0.546 0.080 0.834
vn 0.546 0.080 0.834
vn 0.546 0.080 0.834
vn 0.546 0.080 0.834
vn 0.107 -0.500 0.859
vn 0.107 -0.500 0.859
vn 0.107 -0.500 0.859
vn 0.107 -0.500 0.859
vn 0.107 -0.500 0.859
vn 0.107 -0.500 0.859
vn 0.107 -0.500 0.859
vn 0.107 -0.500 0.859
vn 0.107 -0.500 0.859
vn 0.107 -0.500 0.859
vn 0.107 -0.500 0.859
vn 0.107 -0.500 0.859
vn -0.673 0.278 -0.685
vn -0.673 0.278 -0.685
vn -0.673 0.278 -0.685
vn -0.673 0.278 -0.685
vn -0.673 0.278 -0.685
vn -0.673 0.278 -0.685
vn -0.673 0.278 -0.685
vn -0.673 0.278 -0.685
vn -0.673 0.278 -0.685
vn -0.673 0.278 -0.685
vn -0.673 0.278 -0.685
vn -0.673 0.278 -0.685
vn -0.653 0.147 -0.743
vn -0.653 0.147 -0.743
vn -0.653 0.147 -0.743
vn -0.653 0.147 -0.743
vn -0.653 0.147 -0.743
vn -0.653 0.147 -0.743
vn -0.653 0.147 -0.743
vn -0.653 0.147 -0.743
vn -0.653 0.147 -0.743
vn -0.653 0.147 -0.743
vn -0.653 0.147 -0.743
vn -0.653 0.147 -0.743
vn -0.726 -0.022 -0.688
vn -0.726 -0.022 -0.688
vn -0.726 -0.022 -0.688
vn -0.726 -0.022 -0.688
vn -0.726 -0.022 -0.688
vn -0.726 -0.022 -0.688
vn -0.726 -0.022 -0.688
vn -0.726 -0.022 -0.688
vn -0.726 -0.022 -0.688
vn -0.726 -0.022 -0.688
vn -0.726 -0.022 -0.688
vn -0.726 -0.022 -0.688
vn -0.671 0.313 -0.672
vn -0.671 0.313 -0.672
vn -0.671 0.313 -0.672
vn -0.671 0.313 -0.672
vn -0.671 0.313 -0.672
vn -0.671 0.313 -0.672
vn -0.671 0.313 -0.672
vn -0.671 0.313 -0.672
vn -0.671 0.313 -0.672
vn -0.671 0.313 -0.672
vn -0.671 0.313 -0.672
vn -0.671 0.313 -0.672
vn -0.688 0.297 -0.662
vn -0.688 0.297 -0.662
vn -0.688 0.297 -0.662
vn -0.688 0.297 -0.662
vn -0.688 0.297 -0.662
vn -0.688 0.297 -0.662
vn -0.688 0.297 -0.662
vn -0.688 0.297 -0.662
vn -0.688 0.297 -0.662
vn -0.688 0.297 -0.662
vn -0.688 0.297 -0.662
vn -0.688 0.297 -0.662
vn -0.738 0.535 0.412
vn -0.738 0.535 0.412
vn -0.738 0.535 0.412
vn -0.738 0.535 0.412
vn -0.738 0.535 0.412
vn -0.738 0.535 0.412
vn -0.738 0.535 0.412
vn -0.738 0.535 0.412
vn -0.738 0.535 0.412
vn -0.738 0.535 0.412
vn -0.738 0.535 0.412
vn -0.738 0.535 0.412
vn -0.741 0.562 0.367
vn -0.741 0.562 0.367
vn -0.741 0.562 0.367
vn -0.741 0.562 0.367
vn -0.741 0.562 0.367
vn -0.741 0.562 0.367
vn -0.741 0.562 0.367
vn -0.741 0.562 0.367
vn -0.741 0.562 0.367
vn -0.741 0.562 0.367
vn -0.741 0.562 0.367
vn -0.741 0.562 0.367
vn -0.750 0.421 0.510
vn -0.750 0.421 0.510
vn -0.750 0.421 0.510
vn -0.750 0.421 0.510
vn -0.750 0.421 0.510
vn -0.750 0.421 0.510
vn -0.750 0.421 0.510
vn -0.750 0.421 0.510
vn -0.750 0.421 0.510
vn -0.750 0.421 0.510
vn -0.750 0.421 0.510
vn -0.750 0.421 0.510
vn -0.690 0.567 0.449
vn -0.690 0.567 0.449
vn -0.690 0.567 0.449
vn -0.690 0.567 0.449
vn -0.690 0.567 0.449
vn -0.690 0.567 0.449
vn -0.690 0.567 0.449
vn -0.690 0.567 0.449
vn -0.690 0.567 0.449
vn -0.690 0.567 0.449
vn -0.690 0.567 0.449
vn -0.690 0.567 0.449
vn -0.746 0.525 0.410
vn -0.746 0.525 0.410
vn -0.746 0.525 0.410
vn -0.746 0.525 0.410
vn -0.746 0.525 0.410
vn -0.746 0.525 0.410
vn -0.746 0.525 0.410
vn -0.746 0.525 0.410
vn -0.746 0.525 0.410
vn -0.746 0.525 0.410
vn -0.746 0.525 0.410
vn -0.746 0.525 0.410
vn 0.587 0.759 -0.281
vn 0.587 0.759 -0.281
vn 0.587 0.759 -0.281
vn 0.587 0.759 -0.281
vn 0.587 0.759 -0.281
vn 0.587 0.759 -0.281
vn 0.587 0.759 -0.281
vn 0.587 0.759 -0.281
vn 0.587 0.759 -0.281
vn 0.587 0.759 -0.281
vn 0.587 0.759 -0.281
vn 0.587 0.759 -0.281
vn 0.078 0.143 -0.987
vn 0.078 0.143 -0.987
vn 0.078 0.143 -0.987
vn 0.078 0.143 -0.987
vn 0.078 0.143 -0.987
vn 0.078 0.143 -0.987
vn 0.078 0.143 -0.987
vn 0.078 0.143 -0.987
vn 0.078 0.143 -0.987
vn 0.078 0.143 -0.987
vn 0.078 0.143 -0.987
vn 0.078 0.143 -0.987
vn 0.344 0.782 -0.521
vn 0.344 0.782 -0.521
vn 0.344 0.782 -0.521
vn 0.344 0.782 -0.521
vn 0.344 0.782 -0.521
vn 0.344 0.782 -0.521
vn 0.344 0.782 -0.521
vn 0.344 0.782 -0.521
vn 0.344 0.782 -0.521
vn 0.344 0.782 -0.521
vn 0.344 0.782 -0.521
vn 0.344 0.782 -0.521
vn 0.775 0.575 -0.261
vn 0.775 0.575 -0.261
vn 0.775 0.575 -0.261
vn 0.775 0.575 -0.261
vn 0.775 0.575 -0.261
vn 0.775 0.575 -0.261
vn 0.775 0.575 -0.261
vn 0.775 0.575 -0.261
vn 0.775 0.575 -0.261
vn 0.775 0.575 -0.261
vn 0.775 0.575 -0.261
vn 0.775 0.575 -0.261
vn 0.477 0.585 -0.656
vn 0.477 0.585 -0.656
vn 0.477 0.585 -0.656
vn 0.477 0.585 -0.656
vn 0.477 0.585 -0.656
vn 0.477 0.585 -0.656
vn 0.477 0.585 -0.656
vn 0.477 0.585 -0.656
vn 0.477 0.585 -0.656
vn 0.477 0.585 -0.656
vn 0.477 0.585 -0.656
vn 0.477 0.585 -0.656
vn 0.732 0.675 0.095
vn 0.732 0.675 0.095
vn 0.732 0.675 0.095
vn 0.732 0.675 0.095
vn 0.732 0.675 0.095
vn 0.732 0.675 0.095
vn 0.732 0.675 0.095
vn 0.732 0.675 0.095
vn 0.732 0.675 0.095
vn 0.732 0.675 0.095
vn 0.732 0.675 0.095
vn 0.732 0.675 0.095
vn 0.423 -0.028 -0.905
vn 0.423 -0.028 -0.905
vn 0.423 -0.028 -0.905
vn 0.423 -0.028 -0.905
vn 0.423 -0.028 -0.905
vn 0.423 -0.028 -0.905
vn 0.423 -0.028 -0.905
vn 0.423 -0.028 -0.905
vn 0.423 -0.028 -0.905
vn 0.423 -0.028 -0.905
vn 0.423 -0.028 -0.905
vn 0.423 -0.028 -0.905
vn -0.636 0.769 -0.064
vn -0.636 0.769 -0.064
vn -0.636 0.769 -0.064
vn -0.636 0.769 -0.064
vn -0.636 0.769 -0.064
vn -0.636 0.769 -0.064
vn -0.636 0.769 -0.064
vn -0.636 0.769 -0.064
vn -0.636 0.769 -0.064
vn -0.636 0.769 -0.064
vn -0.636 0.769 -0.064
vn -0.636 0.769 -0.064
vn -0.609 0.782 -0.132
vn -0.609 0.782 -0.132
vn -0.609 0.782 -0.132
vn -0.609 0.782 -0.132
vn -0.609 0.782 -0.132
vn -0.609 0.782 -0.132
vn -0.609 0.782 -0.132
vn -0.609 0.782 -0.132
vn -0.609 0.782 -0.132
vn -0.609 0.782 -0.132
vn -0.609 0.782 -0.132
vn -0.609 0.782 -0.132
vn -0.649 0.752 -0.117
vn -0.649 0.752 -0.117
vn -0.649 0.752 -0.117
vn -0.649 0.752 -0.117
vn -0.649 0.752 -0.117
vn -0.649 0.752 -0.117
vn -0.649 0.752 -0.117
vn -0.649 0.752 -0.117
vn -0.649 0.752 -0.117
vn -0.649 0.752 -0.117
vn -0.649 0.752 -0.117
vn -0.649 0.752 -0.117
vn -0.549 0.827 -0.125
vn -0.549 0.827 -0.125
vn -0.549 0.827 -0.125
vn -0.549 0.827 -0.125
vn -0.549 0.827 -0.125
vn -0.549 0.827 -0.125
vn -0.549 0.827 -0.125
vn -0.549 0.827 -0.125
vn -0.549 0.827 -0.125
vn -0.549 0.827 -0.125
vn -0.549 0.827 -0.125
vn -0.549 0.827 -0.125
vn -0.671 0.697 -0.253
vn -0.671 0.697 -0.253
vn -0.671 0.697 -0.253
vn -0.671 0.697 -0.253
vn -0.671 0.697 -0.253
vn -0.671 0.697 -0.253
vn -0.671 0.697 -0.253
vn -0.671 0.697 -0.253
vn -0.671 0.697 -0.253
vn -0.671 0.697 -0.253
vn -0.671 0.697 -0.253
vn -0.671 0.697 -0.253
vn -0.672 0.728 -0.133
vn -0.672 0.728 -0.133
vn -0.672 0.728 -0.133
vn -0.672 0.728 -0.133
vn -0.672 0.728 -0.133
vn -0.672 0.728 -0.133
vn -0.672 0.728 -0.133
vn -0.672 0.728 -0.133
vn -0.672 0.728 -0.133
vn -0.672 0.728 -0.133
vn -0.672 0.728 -0.133
vn -0.672 0.728 -0.133
vn -0.658 0.714 -0.240
vn -0.658 0.714 -0.240
vn -0.658 0.714 -0.240
vn -0.658 0.714 -0.240
vn -0.658 0.714 -0.240
vn -0.658 0.714 -0.240
vn -0.658 0.714 -0.240
vn -0.658 0.714 -0.240
vn -0.658 0.714 -0.240
vn -0.658 0.714 -0.240
vn -0.658 0.714 -0.240
vn -0.658 0.714 -0.240
vn -0.099 0.899 0.427
vn -0.099 0.899 0.427
vn -0.099 0.899 0.427
vn -0.099 0.899 0.427
vn -0.099 0.899 0.427
vn -0.099 0.899 0.427
vn -0.099 0.899 0.427
vn -0.099 0.899 0.427
vn -0.099 0.899 0.427
vn -0.099 0.899 0.427
vn -0.099 0.899 0.427
vn -0.099 0.899 0.427
vn 0.069 0.846 0.529
vn 0.069 0.846 0.529
vn 0.069 0.846 0.529
vn 0.069 0.846 0.529
vn 0.069 0.846 0.529
vn 0.069 0.846 0.529
vn 0.069 0.846 0.529
vn 0.069 0.846 0.529
vn 0.069 0.846 0.529
vn 0.069 0.846 0.529
vn 0.069 0.846 0.529
vn 0.069 0.846 0.529
vn 0.163 0.913 0.375
vn 0.163 0.913 0.375
vn 0.163 0.913 0.375
vn 0.163 0.913 0.375
vn 0.163 0.913 0.375
vn 0.163 0.913 0.375
vn 0.163 0.913 0.375
vn 0.163 0.913 0.375
vn 0.163 0.913 0.375
vn 0.163 0.913 0.375
vn 0.163 0.913 0.375
vn 0.163 0.913 0.375
vn 0.032 0.904 0.426
vn 0.032 0.904 0.426
vn 0.032 0.904 0.426
vn 0.032 0.904 0.426
vn 0.032 0.904 0.426
vn 0.032 0.904 0.426
vn 0.032 0.904 0.426
vn 0.032 0.904 0.426
vn 0.032 0.904 0.426
vn 0.032 0.904 0.426
vn 0.032 0.904 0.426
vn 0.032 0.904 0.426
vn -0.148 0.920 -0.364
vn -0.148 0.920 -0.364
vn -0.148 0.920 -0.364
vn -0.148 0.920 -0.364
vn -0.148 0.920 -0.364
vn -0.148 0.920 -0.364
vn -0.148 0.920 -0.364
vn -0.148 0.920 -0.364
vn -0.148 0.920 -0.364
vn -0.148 0.920 -0.364
vn -0.148 0.920 -0.364
vn -0.148 0.920 -0.364
vn -0.096 0.907 -0.409
vn -0.096 0.907 -0.409
vn -0.096 0.907 -0.409
vn -0.096 0.907 -0.409
vn -0.096 0.907 -0.409
vn -0.096 0.907 -0.409
vn -0.096 0.907 -0.409
vn -0.096 0.907 -0.409
vn -0.096 0.907 -0.409
vn -0.096 0.907 -0.409
vn -0.096 0.907 -0.409
vn -0.096 0.907 -0.409
vn -0.103 0.945 -0.311
vn -0.103 0.945 -0.311
vn -0.103 0.945 -0.311
vn -0.103 0.945 -0.311
vn -0.103 0.945 -0.311
vn -0.103 0.945 -0.311
vn -0.103 0.945 -0.311
vn -0.103 0.945 -0.311
vn -0.103 0.945 -0.311
vn -0.103 0.945 -0.311
vn -0.103 0.945 -0.311
vn -0.103 0.945 -0.311
vn -0.121 0.918 -0.377
vn -0.121 0.918 -0.377
vn -0.121 0.918 -0.377
vn -0.121 0.918 -0.377
vn -0.121 0.918 -0.377
vn -0.121 0.918 -0.377
vn -0.121 0.918 -0.377
vn -0.121 0.918 -0.377
vn -0.121 0.918 -0.377
vn -0.121 0.918 -0.377
vn -0.121 0.918 -0.377
vn -0.121 0.918 -0.377
vn -0.086 0.948 -0.307
vn -0.086 0.948 -0.307
vn -0.086 0.948 -0.307
vn -0.086 0.948 -0.307
vn -0.086 0.948 -0.307
vn -0.086 0.948 -0.307
vn -0.086 0.948 -0.307
vn -0.086 0.948 -0.307
vn -0.086 0.948 -0.307
vn -0.086 0.948 -0.307
vn -0.086 0.948 -0.307
vn -0.086 0.948 -0.307
vn -0.152 0.936 -0.318
vn -0.152 0.936 -0.318
vn -0.152 0.936 -0.318
vn -0.152 0.936 -0.318
vn -0.152 0.936 -0.318
vn -0.152 0.936 -0.318
vn -0.152 0.936 -0.318
vn -0.152 0.936 -0.318
vn -0.152 0.936 -0.318
vn -0.152 0.936 -0.318
vn -0.152 0.936 -0.318
vn -0.152 0.936 -0.318
vn -0.409 0.912 0.029
vn -0.409 0.912 0.029
vn -0.409 0.912 0.029
vn -0.409 0.912 0.029
vn -0.409 0.912 0.029
vn -0.409 0.912 0.029
vn -0.409 0.912 0.029
vn -0.409 0.912 0.029
vn -0.409 0.912 0.029
vn -0.409 0.912 0.029
vn -0.409 0.912 0.029
vn -0.409 0.912 0.029
vn -0.448 0.884 0.134
vn -0.448 0.884 0.134
vn -0.448 0.884 0.134
vn -0.448 0.884 0.134
vn -0.448 0.884 0.134
vn -0.448 0.884 0.134
vn -0.448 0.884 0.134
vn -0.448 0.884 0.134
vn -0.448 0.884 0.134
vn -0.448 0.884 0.134
vn -0.448 0.884 0.134
vn -0.448 0.884 0.134
vn -0.475 0.878 0.066
vn -0.475 0.878 0.066
vn -0.475 0.878 0.066
vn -0.475 0.878 0.066
vn -0.475 0.878 0.066
vn -0.475 0.878 0.066
vn -0.475 0.878 0.066
vn -0.475 0.878 0.066
vn -0.475 0.878 0.066
vn -0.475 0.878 0.066
vn -0.475 0.878 0.066
vn -0.475 0.878 0.066
vn -0.511 0.851 0.121
vn -0.511 0.851 0.121
vn -0.511 0.851 0.121
vn -0.511 0.851 0.121
vn -0.511 0.851 0.121
vn -0.511 0.851 0.121
vn -0.511 0.851 0.121
vn -0.511 0.851 0.121
vn -0.511 0.851 0.121
vn -0.511 0.851 0.121
vn -0.511 0.851 0.121
vn -0.511 0.851 0.121
vn -0.493 0.869 0.038
vn -0.493 0.869 0.038
vn -0.493 0.869 0.038
vn -0.493 0.869 0.038
vn -0.493 0.869 0.038
vn -0.493 0.869 0.038
vn -0.493 0.869 0.038
vn -0.493 0.869 0.038
vn -0.493 0.869 0.038
vn -0.493 0.869 0.038
vn -0.493 0.869 0.038
vn -0.493 0.869 0.038
vn -0.419 0.887 0.191
vn -0.419 0.887 0.191
vn -0.419 0.887 0.191
vn -0.419 0.887 0.191
vn -0.419 0.887 0.191
vn -0.419 0.887 0.191
vn -0.419 0.887 0.191
vn -0.419 0.887 0.191
vn -0.419 0.887 0.191
vn -0.419 0.887 0.191
vn -0.419 0.887 0.191
vn -0.419 0.887 0.191
vn -0.425 0.905 -0.006
vn -0.425 0.905 -0.006
vn -0.425 0.905 -0.006
vn -0.425 0.905 -0.006
vn -0.425 0.905 -0.006
vn -0.425 0.905 -0.006
vn -0.425 0.905 -0.006
vn -0.425 0.905 -0.006
vn -0.425 0.905 -0.006
vn -0.425 0.905 -0.006
vn -0.425 0.905 -0.006
vn -0.425 0.905 -0.006
f 637/637/637 638/638/638 639/639/639
f 637/637/637 639/639/639 640/640/640
f 641/641/641 642/642/642 643/643/643
f 641/641/641 643/643/643 644/644/644
f 645/645/645 646/646/646 647/647/647
f 645/645/645 647/647/647 648/648/648
f 649/649/649 650/650/650 651/651/651
f 649/649/649 651/651/651 652/652/652
f 653/653/653 654/654/654 655/655/655
f 653/653/653 655/655/655 656/656/656
f 657/657/657 658/658/658 659/659/659
f 657/657/657 659/659/659 660/660/660
f 661/661/661 662/662/662 663/663/663
f 661/661/661 663/663/663 664/664/664
f 665/665/665 666/666/666 667/667/667
f 665/665/665 667/667/667 668/668/668
f 669/669/669 670/670/670 671/671/671
f 669/669/669 671/671/671 672/672/672
f 673/673/673 674/674/674 675/675/675
f 673/673/673 675/675/675 676/676/676
f 677/677/677 678/678/678 679/679/679
f 677/677/677 679/679/679 680/680/680
f 681/681/681 682/682/682 683/683/683
f 681/681/681 683/683/683 684/684/684
f 685/685/685 686/686/686 687/687/687
f 685/685/685 687/687/687 688/688/688
f 689/689/689 690/690/690 691/691/691
f 689/689/689 691/691/691 692/692/692
f 693/693/693 694/694/694 695/695/695
f 693/693/693 695/695/695 696/696/696
f 697/697/697 698/698/698 699/699/699
f 697/697/697 699/699/699 700/700/700
f 701/701/701 702/702/702 703/703/703
f 701/701/701 703/703/703 704/704/704
f 705/705/705 706/706/706 707/707/707
f 705/705/705 707/707/707 708/708/708
f 709/709/709 710/710/710 711/711/711
f 709/709/709 711/711/711 712/712/712
f 713/713/713 714/714/714 715/715/715
f 713/713/713 715/715/715 716/716/716
f 717/717/717 718/718/718 719/719/719
f 717/717/717 719/719/719 720/720/720
f 721/721/721 722/722/722 723/723/723
f 721/721/721 723/723/723 724/724/724
f 725/725/725 726/726/726 727/727/727
f 725/725/725 727/727/727 728/728/728
f 729/729/729 730/730/730 731/731/731
f 729/729/729 731/731/731 732/732/732
f 733/733/733 734/734/734 735/735/735
f 733/733/733 735/735/735 736/736/736
f 737/737/737 738/738/738 739/739/739
f 737/737/737 739/739/739 740/740/740
f 741/741/741 742/742/742 743/743/743
f 741/741/741 743/743/743 744/744/744
f 745/745/745 746/746/746 747/747/747
f 745/745/745 747/747/747 748/748/748
f 749/749/749 750/750/750 751/751/751
f 749/749/749 751/751/751 752/752/752
f 753/753/753 754/754/754 755/755/755
f 753/753/753 755/755/755 756/756/756
f 757/757/757 758/758/758 759/759/759
f 757/757/757 759/759/759 760/760/760
f 761/761/761 762/762/762 763/763/763
f 761/761/761 763/763/763 764/764/764
f 765/765/765 766/766/766 767/767/767
f 765/765/765 767/767/767 768/768/768
f 769/769/769 770/770/770 771/771/771
f 769/769/769 771/771/771 772/772/772
f 773/773/773 774/774/774 775/775/775
f 773/773/773 775/775/775 776/776/776
f 777/777/777 778/778/778 779/779/779
f 777/777/777 779/779/779 780/780/780
f 781/781/781 782/782/782 783/783/783
f 781/781/781 783/783/783 784/784/784
f 785/785/785 786/786/786 787/787/787
f 785/785/785 787/787/787 788/788/788
f 789/789/789 790/790/790 791/791/791
f 789/789/789 791/791/791 792/792/792
f 793/793/793 794/794/794 795/795/795
f 793/793/793 795/795/795 796/796/796
f 797/797/797 798/798/798 799/799/799
f 797/797/797 799/799/799 800/800/800
f 801/801/801 802/802/802 803/803/803
f 801/801/801 803/803/803 804/804/804
f 805/805/805 806/806/806 807/807/807
f 805/805/805 807/807/807 808/808/808
f 809/809/809 810/810/810 811/811/811
f 809/809/809 811/811/811 812/812/812
f 813/813/813 814/814/814 815/815/815
f 813/813/813 815/815/815 816/816/816
f 817/817/817 818/818/818 819/819/819
f 817/817/817 819/819/819 820/820/820
f 821/821/821 822/822/822 823/823/823
f 821/821/821 823/823/823 824/824/824
f 825/825/825 826/826/826 827/827/827
f 825/825/825 827/827/827 828/828/828
f 829/829/829 830/830/830 831/831/831
f 829/829/829 831/831/831 832/832/832
f 833/833/833 834/834/834 835/835/835
f 833/833/833 835/835/835 836/836/836
f 837/837/837 838/838/838 839/839/839
f 837/837/837 839/839/839 840/840/840
f 841/841/841 842/842/842 843/843/843
f 841/841/841 843/843/843 844/844/844
f 845/845/845 846/846/846 847/847/847
f 845/845/845 847/847/847 848/848/848
f 849/849/849 850/850/850 851/851/851
f 849/849/849 851/851/851 852/852/852
f 853/853/853 854/854/854 855/855/855
f 853/853/853 855/855/855 856/856/856
f 857/857/857 858/858/858 859/859/859
f 857/857/857 859/859/859 860/860/860
f 861/861/861 862/862/862 863/863/863
f 861/861/861 863/863/863 864/864/864
f 865/865/865 866/866/866 867/867/867
f 865/865/865 867/867/867 868/868/868
f 869/869/869 870/870/870 871/871/871
f 869/869/869 871/871/871 872/872/872
f 873/873/873 874/874/874 875/875/875
f 873/873/873 875/875/875 876/876/876
f 877/877/877 878/878/878 879/879/879
f 877/877/877 879/879/879 880/880/880
f 881/881/881 882/882/882 883/883/883
f 881/881/881 883/883/883 884/884/884
f 885/885/885 886/886/886 887/887/887
f 885/885/885 887/887/887 888/888/888
f 889/889/889 890/890/890 891/891/891
f 889/889/889 891/891/891 892/892/892
f 893/893/893 894/894/894 895/895/895
f 893/893/893 895/895/895 896/896/896
f 897/897/897 898/898/898 899/899/899
f 897/897/897 899/899/899 900/900/900
f 901/901/901 902/902/902 903/903/903
f 901/901/901 903/903/903 904/904/904
f 905/905/905 906/906/906 907/907/907
f 905/905/905 907/907/907 908/908/908
f 909/909/909 910/910/910 911/911/911
f 909/909/909 911/911/911 912/912/912
f 913/913/913 914/914/914 915/915/915
f 913/913/913 915/915/915 916/916/916
f 917/917/917 918/918/918 919/919/919
f 917/917/917 919/919/919 920/920/920
f 921/921/921 922/922/922 923/923/923
f 921/921/921 923/923/923 924/924/924
f 925/925/925 926/926/926 927/927/927
f 925/925/925 927/927/927 928/928/928
f 929/929/929 930/930/930 931/931/931
f 929/929/929 931/931/931 932/932/932
f 933/933/933 934/934/934 935/935/935
f 933/933/933 935/935/935 936/936/936
f 937/937/937 938/938/938 939/939/939
f 937/937/937 939/939/939 940/940/940
f 941/941/941 942/942/942 943/943/943
f 941/941/941 943/943/943 944/944/944
f 945/945/945 946/946/946 947/947/947
f 945/945/945 947/947/947 948/948/948
f 949/949/949 950/950/950 951/951/951
f 949/949/949 951/951/951 952/952/952
f 953/953/953 954/954/954 955/955/955
f 953/953/953 955/955/955 956/956/956
f 957/957/957 958/958/958 959/959/959
f 957/957/957 959/959/959 960/960/960
f 961/961/961 962/962/962 963/963/963
f 961/961/961 963/963/963 964/964/964
f 965/965/965 966/966/966 967/967/967
f 965/965/965 967/967/967 968/968/968
f 969/969/969 970/970/970 971/971/971
f 969/969/969 971/971/971 972/972/972
f 973/973/973 974/974/974 975/975/975
f 973/973/973 975/975/975 976/976/976
f 977/977/977 978/978/978 979/979/979
f 977/977/977 979/979/979 980/980/980
f 981/981/981 982/982/982 983/983/983
f 981/981/981 983/983/983 984/984/984
f 985/985/985 986/986/986 987/987/987
f 985/985/985 987/987/987 988/988/988
f 989/989/989 990/990/990 991/991/991
f 989/989/989 991/991/991 992/992/992
f 993/993/993 994/994/994 995/995/995
f 993/993/993 995/995/995 996/996/996
f 997/997/997 998/998/998 999/999/999
f 997/997/997 999/999/999 1000/1000/1000
f 1001/1001/1001 1002/1002/1002 1003/1003/1003
f 1001/1001/1001 1003/1003/1003 1004/1004/1004
f 1005/1005/1005 1006/1006/1006 1007/1007/1007
f 1005/1005/1005 1007/1007/1007 1008/1008/1008
f 1009/1009/1009 1010/1010/1010 1011/1011/1011
f 1009/1009/1009 1011/1011/1011 1012/1012/1012
f 1013/1013/1013 1014/1014/1014 1015/1015/1015
f 1013/1013/1013 1015/1015/1015 1016/1016/1016
f 1017/1017/1017 1018/1018/1018 1019/1019/1019
f 1017/1017/1017 1019/1019/1019 1020/1020/1020
f 1021/1021/1021 1022/1022/1022 1023/1023/1023
f 1021/1021/1021 1023/1023/1023 1024/1024/1024
f 1025/1025/1025 1026/1026/1026 1027/1027/1027
f 1025/1025/1025 1027/1027/1027 1028/1028/1028
f 1029/1029/1029 1030/1030/1030 1031/1031/1031
f 1029/1029/1029 1031/1031/1031 1032/1032/1032
f 1033/1033/1033 1034/1034/1034 1035/1035/1035
f 1033/1033/1033 1035/1035/1035 1036/1036/1036
f 1037/1037/1037 1038/1038/1038 1039/1039/1039
f 1037/1037/1037 1039/1039/1039 1040/1040/1040
f 1041/1041/1041 1042/1042/1042 1043/1043/1043
f 1041/1041/1041 1043/1043/1043 1044/1044/1044
f 1045/1045/1045 1046/1046/1046 1047/1047/1047
f 1045/1045/1045 1047/1047/1047 1048/1048/1048
f 1049/1049/1049 1050/1050/1050 1051/1051/1051
f 1049/1049/1049 1051/1051/1051 1052/1052/1052
f 1053/1053/1053 1054/1054/1054 1055/1055/1055
f 1053/1053/1053 1055/1055/1055 1056/1056/1056
f 1057/1057/1057 1058/1058/1058 1059/1059/1059
f 1057/1057/1057 1059/1059/1059 1060/1060/1060
f 1061/1061/1061 1062/1062/1062 1063/1063/1063
f 1061/1061/1061 1063/1063/1063 1064/1064/1064
f 1065/1065/1065 1066/1066/1066 1067/1067/1067
f 1065/1065/1065 1067/1067/1067 1068/1068/1068
f 1069/1069/1069 1070/1070/1070 1071/1071/1071
f 1069/1069/1069 1071/1071/1071 1072/1072/1072
f 1073/1073/1073 1074/1074/1074 1075/1075/1075
f 1073/1073/1073 1075/1075/1075 1076/1076/1076
f 1077/1077/1077 1078/1078/1078 1079/1079/1079
f 1077/1077/1077 1079/1079/1079 1080/1080/1080
f 1081/1081/1081 1082/1082/1082 1083/1083/1083
f 1081/1081/1081 1083/1083/1083 1084/1084/1084
f 1085/1085/1085 1086/1086/1086 1087/1087/1087
f 1085/1085/1085 1087/1087/1087 1088/1088/1088
f 1089/1089/1089 1090/1090/1090 1091/1091/1091
f 1089/1089/1089 1091/1091/1091 1092/1092/1092
f 1093/1093/1093 1094/1094/1094 1095/1095/1095
f 1093/1093/1093 1095/1095/1095 1096/1096/1096
f 1097/1097/1097 1098/1098/1098 1099/1099/1099
f 1097/1097/1097 1099/1099/1099 1100/1100/1100
f 1101/1101/1101 1102/1102/1102 1103/1103/1103
f 1101/1101/1101 1103/1103/1103 1104/1104/1104
f 1105/1105/1105 1106/1106/1106 1107/1107/1107
f 1105/1105/1105 1107/1107/1107 1108/1108/1108
f 1109/1109/1109 1110/1110/1110 1111/1111/1111
f 1109/1109/1109 1111/1111/1111 1112/1112/1112
f 1113/1113/1113 1114/1114/1114 1115/1115/1115
f 1113/1113/1113 1115/1115/1115 1116/1116/1116
f 1117/1117/1117 1118/1118/1118 1119/1119/1119
f 1117/1117/1117 1119/1119/1119 1120/1120/1120
f 1121/1121/1121 1122/1122/1122 1123/1123/1123
f 1121/1121/1121 1123/1123/1123 1124/1124/1124
f 1125/1125/1125 1126/1126/1126 1127/1127/1127
f 1125/1125/1125 1127/1127/1127 1128/1128/1128
f 1129/1129/1129 1130/1130/1130 1131/1131/1131
f 1129/1129/1129 1131/1131/1131 1132/1132/1132
f 1133/1133/1133 1134/1134/1134 1135/1135/1135
f 1133/1133/1133 1135/1135/1135 1136/1136/1136
f 1137/1137/1137 1138/1138/1138 1139/1139/1139
f 1137/1137/1137 1139/1139/1139 1140/1140/1140
f 1141/1141/1141 1142/1142/1142 1143/1143/1143
f 1141/1141/1141 1143/1143/1143 1144/1144/1144
f 1145/1145/1145 1146/1146/1146 1147/1147/1147
f 1145/1145/1145 1147/1147/1147 1148/1148/1148
f 1149/1149/1149 1150/1150/1150 1151/1151/1151
f 1149/1149/1149 1151/1151/1151 1152/1152/1152
f 1153/1153/1153 1154/1154/1154 1155/1155/1155
f 1153/1153/1153 1155/1155/1155 1156/1156/1156
f 1157/1157/1157 1158/1158/1158 1159/1159/1159
f 1157/1157/1157 1159/1159/1159 1160/1160/1160
f 1161/1161/1161 1162/1162/1162 1163/1163/1163
f 1161/1161/1161 1163/1163/1163 1164/1164/1164
f 1165/1165/1165 1166/1166/1166 1167/1167/1167
f 1165/1165/1165 1167/1167/1167 1168/1168/1168
f 1169/1169/1169 1170/1170/1170 1171/1171/1171
f 1169/1169/1169 1171/1171/1171 1172/1172/1172
f 1173/1173/1173 1174/1174/1174 1175/1175/1175
f 1173/1173/1173 1175/1175/1175 1176/1176/1176
f 1177/1177/1177 1178/1178/1178 1179/1179/1179
f 1177/1177/1177 1179/1179/1179 1180/1180/1180
f 1181/1181/1181 1182/1182/1182 1183/1183/1183
f 1181/1181/1181 1183/1183/1183 1184/1184/1184
f 1185/1185/1185 1186/1186/1186 1187/1187/1187
f 1185/1185/1185 1187/1187/1187 1188/1188/1188
f 1189/1189/1189 1190/1190/1190 1191/1191/1191
f 1189/1189/1189 1191/1191/1191 1192/1192/1192
f 1193/1193/1193 1194/1194/1194 1195/1195/1195
f 1193/1193/1193 1195/1195/1195 1196/1196/1196
f 1197/1197/1197 1198/1198/1198 1199/1199/1199
f 1197/1197/1197 1199/1199/1199 1200/1200/1200
f 1201/1201/1201 1202/1202/1202 1203/1203/1203
f 1201/1201/1201 1203/1203/1203 1204/1204/1204
f 1205/1205/1205 1206/1206/1206 1207/1207/1207
f 1205/1205/1205 1207/1207/1207 1208/1208/1208
f 1209/1209/1209 1210/1210/1210 1211/1211/1211
f 1209/1209/1209 1211/1211/1211 1212/1212/1212
f 1213/1213/1213 1214/1214/1214 1215/1215/1215
f 1213/1213/1213 1215/1215/1215 1216/1216/1216
f 1217/1217/1217 1218/1218/1218 1219/1219/1219
f 1217/1217/1217 1219/1219/1219 1220/1220/1220
f 1221/1221/1221 1222/1222/1222 1223/1223/1223
f 1221/1221/1221 1223/1223/1223 1224/1224/1224
f 1225/1225/1225 1226/1226/1226 1227/1227/1227
f 1225/1225/1225 1227/1227/1227 1228/1228/1228
f 1229/1229/1229 1230/1230/1230 1231/1231/1231
f 1229/1229/1229 1231/1231/1231 1232/1232/1232
f 1233/1233/1233 1234/1234/1234 1235/1235/1235
f 1233/1233/1233 1235/1235/1235 1236/1236/1236
f 1237/1237/1237 1238/1238/1238 1239/1239/1239
f 1237/1237/1237 1239/1239/1239 1240/1240/1240
f 1241/1241/1241 1242/1242/1242 1243/1243/1243
f 1241/1241/1241 1243/1243/1243 1244/1244/1244
f 1245/1245/1245 1246/1246/1246 1247/1247/1247
f 1245/1245/1245 1247/1247/1247 1248/1248/1248
f 1249/1249/1249 1250/1250/1250 1251/1251/1251
f 1249/1249/1249 1251/1251/1251 1252/1252/1252
f 1253/1253/1253 1254/1254/1254 1255/1255/1255
f 1253/1253/1253 1255/1255/1255 1256/1256/1256
f 1257/1257/1257 1258/1258/1258 1259/1259/1259
f 1257/1257/1257 1259/1259/1259 1260/1260/1260
f 1261/1261/1261 1262/1262/1262 1263/1263/1263
f 1261/1261/1261 1263/1263/1263 1264/1264/1264
f 1265/1265/1265 1266/1266/1266 1267/1267/1267
f 1265/1265/1265 1267/1267/1267 1268/1268/1268
f 1269/1269/1269 1270/1270/1270 1271/1271/1271
f 1269/1269/1269 1271/1271/1271 1272/1272/1272
f 1273/1273/1273 1274/1274/1274 1275/1275/1275
f 1273/1273/1273 1275/1275/1275 1276/1276/1276
f 1277/1277/1277 1278/1278/1278 1279/1279/1279
f 1277/1277/1277 1279/1279/1279 1280/1280/1280
f 1281/1281/1281 1282/1282/1282 1283/1283/1283
f 1281/1281/1281 1283/1283/1283 1284/1284/1284
f 1285/1285/1285 1286/1286/1286 1287/1287/1287
f 1285/1285/1285 1287/1287/1287 1288/1288/1288
f 1289/1289/1289 1290/1290/1290 1291/1291/1291
f 1289/1289/1289 1291/1291/1291 1292/1292/1292
f 1293/1293/1293 1294/1294/1294 1295/1295/1295
f 1293/1293/1293 1295/1295/1295 1296/1296/1296
f 1297/1297/1297 1298/1298/1298 1299/1299/1299
f 1297/1297/1297 1299/1299/1299 1300/1300/1300
f 1301/1301/1301 1302/1302/1302 1303/1303/1303
f 1301/1301/1301 1303/1303/1303 1304/1304/1304
f 1305/1305/1305 1306/1306/1306 1307/1307/1307
f 1305/1305/1305 1307/1307/1307 1308/1308/1308
f 1309/1309/1309 1310/1310/1310 1311/1311/1311
f 1309/1309/1309 1311/1311/1311 1312/1312/1312
f 1313/1313/1313 1314/1314/1314 1315/1315/1315
f 1313/1313/1313 1315/1315/1315 1316/1316/1316
f 1317/1317/1317 1318/1318/1318 1319/1319/1319
f 1317/1317/1317 1319/1319/1319 1320/1320/1320
f 1321/1321/1321 1322/1322/1322 1323/1323/1323
f 1321/1321/1321 1323/1323/1323 1324/1324/1324
f 1325/1325/1325 1326/1326/1326 1327/1327/1327
f 1325/1325/1325 1327/1327/1327 1328/1328/1328
f 1329/1329/1329 1330/1330/1330 1331/1331/1331
f 1329/1329/1329 1331/1331/1331 1332/1332/1332
f 1333/1333/1333 1334/1334/1334 1335/1335/1335
f 1333/1333/1333 1335/1335/1335 1336/1336/1336
f 1337/1337/1337 1338/1338/1338 1339/1339/1339
f 1337/1337/1337 1339/1339/1339 1340/1340/1340
f 1341/1341/1341 1342/1342/1342 1343/1343/1343
f 1341/1341/1341 1343/1343/1343 1344/1344/1344
f 1345/1345/1345 1346/1346/1346 1347/1347/1347
f 1345/1345/1345 1347/1347/1347 1348/1348/1348
f 1349/1349/1349 1350/1350/1350 1351/1351/1351
f 1349/1349/1349 1351/1351/1351 1352/1352/1352
f 1353/1353/1353 1354/1354/1354 1355/1355/1355
f 1353/1353/1353 1355/1355/1355 1356/1356/1356
f 1357/1357/1357 1358/1358/1358 1359/1359/1359
f 1357/1357/1357 1359/1359/1359 1360/1360/1360
f 1361/1361/1361 1362/1362/1362 1363/1363/1363
f 1361/1361/1361 1363/1363/1363 1364/1364/1364
f 1365/1365/1365 1366/1366/1366 1367/1367/1367
f 1365/1365/1365 1367/1367/1367 1368/1368/1368
f 1369/1369/1369 1370/1370/1370 1371/1371/1371
f 1369/1369/1369 1371/1371/1371 1372/1372/1372
f 1373/1373/1373 1374/1374/1374 1375/1375/1375
f 1373/1373/1373 1375/1375/1375 1376/1376/1376
f 1377/1377/1377 1378/1378/1378 1379/1379/1379
f 1377/1377/1377 1379/1379/1379 1380/1380/1380
f 1381/1381/1381 1382/1382/1382 1383/1383/1383
f 1381/1381/1381 1383/1383/1383 1384/1384/1384
f 1385/1385/1385 1386/1386/1386 1387/1387/1387
f 1385/1385/1385 1387/1387/1387 1388/1388/1388
f 1389/1389/1389 1390/1390/1390 1391/1391/1391
f 1389/1389/1389 1391/1391/1391 1392/1392/1392
f 1393/1393/1393 1394/1394/1394 1395/1395/1395
f 1393/1393/1393 1395/1395/1395 1396/1396/1396
f 1397/1397/1397 1398/1398/1398 1399/1399/1399
f 1397/1397/1397 1399/1399/1399 1400/1400/1400
f 1401/1401/1401 1402/1402/1402 1403/1403/1403
f 1401/1401/1401 1403/1403/1403 1404/1404/1404
f 1405/1405/1405 1406/1406/1406 1407/1407/1407
f 1405/1405/1405 1407/1407/1407 1408/1408/1408
f 1409/1409/1409 1410/1410/1410 1411/1411/1411
f 1409/1409/1409 1411/1411/1411 1412/1412/1412
f 1413/1413/1413 1414/1414/1414 1415/1415/1415
f 1413/1413/1413 1415/1415/1415 1416/1416/1416
f 1417/1417/1417 1418/1418/1418 1419/1419/1419
f 1417/1417/1417 1419/1419/1419 1420/1420/1420
f 1421/1421/1421 1422/1422/1422 1423/1423/1423
f 1421/1421/1421 1423/1423/1423 1424/1424/1424
f 1425/1425/1425 1426/1426/1426 1427/1427/1427
f 1425/1425/1425 1427/1427/1427 1428/1428/1428
f 1429/1429/1429 1430/1430/1430 1431/1431/1431
f 1429/1429/1429 1431/1431/1431 1432/1432/1432
f 1433/1433/1433 1434/1434/1434 1435/1435/1435
f 1433/1433/1433 1435/1435/1435 1436/1436/1436
f 1437/1437/1437 1438/1438/1438 1439/1439/1439
f 1437/1437/1437 1439/1439/1439 1440/1440/1440
f 1441/1441/1441 1442/1442/1442 1443/1443/1443
f 1441/1441/1441 1443/1443/1443 1444/1444/1444
f 1445/1445/1445 1446/1446/1446 1447/1447/1447
f 1445/1445/1445 1447/1447/1447 1448/1448/1448
f 1449/1449/1449 1450/1450/1450 1451/1451/1451
f 1449/1449/1449 1451/1451/1451 1452/1452/1452
f 1453/1453/1453 1454/1454/1454 1455/1455/1455
f 1453/1453/1453 1455/1455/1455 1456/1456/1456
f 1457/1457/1457 1458/1458/1458 1459/1459/1459
f 1457/1457/1457 1459/1459/1459 1460/1460/1460
f 1461/1461/1461 1462/1462/1462 1463/1463/1463
f 1461/1461/1461 1463/1463/1463 1464/1464/1464
f 1465/1465/1465 1466/1466/1466 1467/1467/1467
f 1465/1465/1465 1467/1467/1467 1468/1468/1468
f 1469/1469/1469 1470/1470/1470 1471/1471/1471
f 1469/1469/1469 1471/1471/1471 1472/1472/1472
f 1473/1473/1473 1474/1474/1474 1475/1475/1475
f 1473/1473/1473 1475/1475/1475 1476/1476/1476
f 1477/1477/1477 1478/1478/1478 1479/1479/1479
f 1477/1477/1477 1479/1479/1479 1480/1480/1480
f 1481/1481/1481 1482/1482/1482 1483/1483/1483
f 1481/1481/1481 1483/1483/1483 1484/1484/1484
f 1485/1485/1485 1486/1486/1486 1487/1487/1487
f 1485/1485/1485 1487/1487/1487 1488/1488/1488
f 1489/1489/1489 1490/1490/1490 1491/1491/1491
f 1489/1489/1489 1491/1491/1491 1492/1492/1492
f 1493/1493/1493 1494/1494/1494 1495/1495/1495
f 1493/1493/1493 1495/1495/1495 1496/1496/1496
f 1497/1497/1497 1498/1498/1498 1499/1499/1499
f 1497/1497/1497 1499/1499/1499 1500/1500/1500
f 1501/1501/1501 1502/1502/1502 1503/1503/1503
f 1501/1501/1501 1503/1503/1503 1504/1504/1504
f 1505/1505/1505 1506/1506/1506 1507/1507/1507
f 1505/1505/1505 1507/1507/1507 1508/1508/1508
f 1509/1509/1509 1510/1510/1510 1511/1511/1511
f 1509/1509/1509 1511/1511/1511 1512/1512/1512
f 1513/1513/1513 1514/1514/1514 1515/1515/1515
f 1513/1513/1513 1515/1515/1515 1516/1516/1516
f 1517/1517/1517 1518/1518/1518 1519/1519/1519
f 1517/1517/1517 1519/1519/1519 1520/1520/1520
f 1521/1521/1521 1522/1522/1522 1523/1523/1523
f 1521/1521/1521 1523/1523/1523 1524/1524/1524
f 1525/1525/1525 1526/1526/1526 1527/1527/1527
f 1525/1525/1525 1527/1527/1527 1528/1528/1528
f 1529/1529/1529 1530/1530/1530 1531/1531/1531
f 1529/1529/1529 1531/1531/1531 1532/1532/1532
f 1533/1533/1533 1534/1534/1534 1535/1535/1535
f 1533/1533/1533 1535/1535/1535 1536/1536/1536
f 1537/1537/1537 1538/1538/1538 1539/1539/1539
f 1537/1537/1537 1539/1539/1539 1540/1540/1540
f 1541/1541/1541 1542/1542/1542 1543/1543/1543
f 1541/1541/1541 1543/1543/1543 1544/1544/1544
f 1545/1545/1545 1546/1546/1546 1547/1547/1547
f 1545/1545/1545 1547/1547/1547 1548/1548/1548
f 1549/1549/1549 1550/1550/1550 1551/1551/1551
f 1549/1549/1549 1551/1551/1551 1552/1552/1552
f 1553/1553/1553 1554/1554/1554 1555/1555/1555
f 1553/1553/1553 1555/1555/1555 1556/1556/1556
f 1557/1557/1557 1558/1558/1558 1559/1559/1559
f 1557/1557/1557 1559/1559/1559 1560/1560/1560
