# model x y z yaw scale animated solid deep trunk-radius height crown-radius (generate_forest.py); deep: the deep forest, always extremely low poly
hero_oak_a -8.76 -0.09 -73.58 4.92 0.87 0 0 0 0.550 13.74 8.57
hero_pine_b 3.07 -0.09 -73.63 5.49 0.91 0 0 0 0.300 14.00 4.13
hero_pine_a -20.29 -0.09 -70.05 3.62 0.93 0 0 0 0.340 17.00 4.12
hero_spruce_a -14.76 -0.10 -71.05 5.92 0.99 0 0 0 0.380 16.00 3.90
hero_spruce_a -5.12 -0.10 -70.99 0.60 0.98 0 0 0 0.380 16.00 3.90
hero_birch_a 0.00 -0.10 -69.81 1.26 0.98 0 0 0 0.200 13.23 4.86
hero_pine_a 10.78 -0.10 -71.26 1.77 1.02 0 0 0 0.340 17.00 4.12
hero_oak_c 15.36 -0.11 -68.98 0.60 1.13 0 0 0 0.620 16.21 10.57
hero_oak_a -23.63 -0.11 -62.85 3.23 1.06 0 0 0 0.550 13.74 8.57
hero_pine_a -19.71 -0.11 -64.61 1.89 1.08 0 0 0 0.340 17.00 4.12
hero_birch_b -10.87 -0.08 -64.30 5.30 0.81 0 0 0 0.220 14.31 7.20
hero_oak_c -4.79 -0.11 -63.48 3.45 1.06 0 0 0 0.620 16.21 10.57
hero_oak_c -2.89 -0.09 -64.03 5.22 0.88 0 0 0 0.620 16.21 10.57
hero_oak_b 7.23 -0.11 -64.66 1.77 1.15 0 0 0 0.480 10.11 6.89
hero_pine_b 11.94 -0.11 -64.06 2.48 1.08 0 0 0 0.300 14.00 4.13
hero_oak_c 15.21 -0.10 -65.32 3.29 1.02 0 0 0 0.620 16.21 10.57
hero_oak_c 24.17 -0.10 -63.19 2.82 1.03 0 0 0 0.620 16.21 10.57
hero_spruce_a 27.48 -0.09 -64.92 3.53 0.88 0 0 0 0.380 16.00 3.90
hero_spruce_b -32.97 -0.08 -54.56 0.46 0.94 0 0 0 0.320 13.00 3.84
hero_oak_a -27.09 -0.07 -55.61 0.12 0.83 0 0 0 0.550 13.74 8.57
hero_pine_a -17.67 -0.09 -57.78 5.43 0.91 0 0 0 0.340 17.00 4.12
hero_pine_b -13.55 -0.07 -56.26 4.39 0.83 0 0 0 0.300 14.00 4.13
hero_spruce_a -7.64 -0.08 -56.67 5.45 0.87 0 0 0 0.380 16.00 3.90
hero_birch_b 6.57 -0.08 -55.39 2.00 0.98 0 0 0 0.220 14.31 7.20
hero_pine_b 9.99 -0.08 -56.27 1.49 0.94 0 0 0 0.300 14.00 4.13
hero_oak_c 15.96 -0.09 -58.35 1.20 0.97 0 0 0 0.620 16.21 10.57
hero_oak_c 25.51 -0.10 -57.76 0.94 1.04 0 0 0 0.620 16.21 10.57
hero_pine_a 30.51 -0.09 -54.48 5.34 1.14 0 0 0 0.340 17.00 4.12
hero_oak_c -35.65 -0.08 -51.80 0.56 1.04 0 0 0 0.620 16.21 10.57
hero_pine_b -28.82 -0.06 -51.23 5.27 0.96 0 0 0 0.300 14.00 4.13
hero_spruce_c -22.72 -0.02 -48.88 5.31 0.90 0 0 0 0.420 19.00 3.91
hero_pine_b -19.83 -0.02 -48.70 0.97 0.96 0 0 0 0.300 14.00 4.13
hero_pine_b -11.15 -0.04 -51.63 0.68 0.81 0 0 0 0.300 14.00 4.13
hero_spruce_a -5.85 -0.01 -48.95 2.02 0.90 0 1 0 0.380 16.00 3.90
hero_oak_b -2.99 -0.07 -52.40 3.77 1.12 0 0 0 0.480 10.11 6.89
hero_birch_a 4.83 -0.04 -52.12 0.18 0.85 0 0 0 0.200 13.23 4.86
hero_spruce_a 9.70 -0.03 -49.23 1.09 1.10 0 0 0 0.380 16.00 3.90
hero_spruce_a 19.11 -0.01 -48.48 4.66 0.96 0 0 0 0.380 16.00 3.90
hero_spruce_c 22.74 -0.06 -52.45 1.71 1.01 0 0 0 0.420 19.00 3.91
hero_spruce_a 27.74 -0.04 -51.46 1.44 0.86 0 0 0 0.380 16.00 3.90
hero_spruce_b 32.75 -0.00 -48.59 5.67 0.80 0 0 0 0.320 13.00 3.84
hero_birch_b 39.18 -0.02 -49.59 1.62 0.83 0 0 0 0.220 14.31 7.20
hero_pine_b -41.13 -0.04 -47.12 3.21 1.07 0 0 0 0.300 14.00 4.13
hero_birch_a -36.00 -0.03 -47.22 5.58 0.99 0 0 0 0.200 13.23 4.86
hero_spruce_a -32.07 -0.00 -45.82 0.31 0.96 0 0 0 0.380 16.00 3.90
hero_birch_b -25.40 0.03 -45.50 0.48 0.82 0 0 0 0.220 14.31 7.20
hero_spruce_b -21.23 0.02 -45.07 1.34 1.02 0 0 0 0.320 13.00 3.84
hero_birch_b -11.58 0.06 -43.60 3.89 1.07 0 1 0 0.220 14.31 7.20
hero_pine_a -7.07 0.01 -46.24 4.10 1.13 0 1 0 0.340 17.00 4.12
hero_pine_a -0.78 0.05 -44.11 1.89 1.09 0 1 0 0.340 17.00 4.12
hero_oak_b 7.30 0.10 -42.79 1.31 1.01 0 1 0 0.480 10.11 6.89
hero_spruce_b 9.65 -0.01 -47.47 5.42 1.12 0 1 0 0.320 13.00 3.84
hero_pine_a 18.24 0.05 -45.85 1.40 0.82 0 0 0 0.340 17.00 4.12
hero_spruce_a 24.22 0.05 -44.16 1.46 1.07 0 0 0 0.380 16.00 3.90
hero_birch_a 36.29 0.02 -44.74 0.29 1.11 0 0 0 0.200 13.23 4.86
hero_oak_a 41.06 -0.02 -47.09 1.03 1.09 0 0 0 0.550 13.74 8.57
hero_oak_a -43.08 0.08 -38.10 5.75 0.99 0 0 0 0.550 13.74 8.57
hero_spruce_b -35.76 0.06 -41.11 0.36 0.91 0 0 0 0.320 13.00 3.84
hero_oak_b -29.79 0.12 -38.21 3.80 1.09 0 0 0 0.480 10.11 6.89
hero_pine_b -24.80 0.12 -39.12 0.41 1.08 0 0 0 0.300 14.00 4.13
hero_oak_b -18.92 0.13 -40.55 1.99 0.85 0 0 0 0.480 10.11 6.89
hero_spruce_b -14.96 0.19 -37.57 3.87 1.07 0 1 0 0.320 13.00 3.84
hero_oak_b -7.09 0.35 -37.01 1.55 0.92 0 1 0 0.480 10.11 6.89
hero_pine_a -1.34 0.19 -40.45 5.13 1.11 0 1 0 0.340 17.00 4.12
hero_spruce_c 4.65 0.56 -36.58 2.91 1.04 0 1 0 0.420 19.00 3.91
hero_spruce_a 17.31 0.15 -40.41 1.56 1.00 0 0 0 0.380 16.00 3.90
hero_oak_a 25.07 0.12 -41.44 1.93 0.92 0 0 0 0.550 13.74 8.57
hero_pine_a 28.31 0.21 -37.41 2.61 0.98 0 0 0 0.340 17.00 4.12
hero_pine_b 36.42 0.10 -41.38 6.01 1.02 0 0 0 0.300 14.00 4.13
hero_pine_b 41.05 0.09 -41.52 4.58 0.91 0 0 0 0.300 14.00 4.13
hero_pine_a -38.73 0.24 -32.08 5.17 0.83 0 0 0 0.340 17.00 4.12
hero_pine_a -27.47 0.25 -33.22 4.07 1.09 0 0 0 0.340 17.00 4.12
hero_pine_a -19.78 0.35 -31.05 0.66 1.09 0 1 0 0.340 17.00 4.12
hero_pine_b -12.85 0.33 -33.09 3.85 0.89 0 1 0 0.300 14.00 4.13
hero_spruce_b -8.13 0.63 -31.79 3.57 0.80 0 1 0 0.320 13.00 3.84
hero_birch_b 7.50 0.66 -31.47 5.51 1.09 0 1 0 0.220 14.31 7.20
hero_spruce_a 10.62 0.50 -31.87 1.14 0.84 0 1 0 0.380 16.00 3.90
hero_pine_a 18.50 0.40 -31.85 4.13 0.94 0 1 0 0.340 17.00 4.12
hero_spruce_b 23.12 0.30 -35.00 0.97 0.91 0 0 0 0.320 13.00 3.84
hero_oak_a 28.10 0.27 -34.98 6.17 1.06 0 0 0 0.550 13.74 8.57
hero_pine_a 33.51 0.28 -34.05 3.85 1.07 0 0 0 0.340 17.00 4.12
hero_oak_c 40.11 0.33 -31.84 6.05 0.92 0 0 0 0.620 16.21 10.57
hero_spruce_c 44.82 0.30 -32.00 1.49 0.96 0 0 0 0.420 19.00 3.91
hero_spruce_a -42.82 0.34 -26.69 4.06 0.98 0 0 0 0.380 16.00 3.90
hero_birch_a -37.70 0.41 -26.05 1.05 0.84 0 0 0 0.200 13.23 4.86
hero_spruce_a -30.69 0.39 -27.56 0.09 1.02 0 0 0 0.380 16.00 3.90
hero_pine_a -27.10 0.48 -25.66 3.34 0.97 0 0 0 0.340 17.00 4.12
hero_spruce_b -18.42 0.54 -25.65 0.65 0.95 0 1 0 0.320 13.00 3.84
hero_pine_b -12.39 0.52 -27.23 0.58 0.91 0 1 0 0.300 14.00 4.13
hero_spruce_a -9.14 0.66 -27.35 5.31 1.12 0 1 0 0.380 16.00 3.90
hero_pine_b 11.04 0.57 -27.85 2.69 1.15 0 1 0 0.300 14.00 4.13
hero_spruce_a 17.32 0.65 -24.97 2.53 0.90 0 1 0 0.380 16.00 3.90
hero_spruce_c 23.41 0.51 -28.25 0.40 0.99 0 0 0 0.420 19.00 3.91
hero_spruce_b 26.65 0.55 -26.91 0.59 0.92 0 0 0 0.320 13.00 3.84
hero_birch_b 36.13 0.57 -25.47 2.65 0.80 0 0 0 0.220 14.31 7.20
hero_spruce_c 38.74 0.52 -25.74 4.08 1.01 0 0 0 0.420 19.00 3.91
hero_spruce_b -44.45 0.49 -21.40 0.96 0.86 0 0 0 0.320 13.00 3.84
hero_pine_a -35.26 0.65 -18.50 4.98 1.05 0 0 0 0.340 17.00 4.12
hero_spruce_b -29.82 0.59 -21.74 3.51 0.97 0 0 0 0.320 13.00 3.84
hero_birch_b -23.48 0.60 -23.10 5.48 0.95 0 0 0 0.220 14.31 7.20
hero_spruce_b -16.94 0.62 -23.34 1.32 1.01 0 1 0 0.320 13.00 3.84
hero_oak_b -14.84 0.78 -19.64 5.70 0.97 0 1 0 0.480 10.11 6.89
hero_oak_b -6.25 0.92 -23.31 0.71 0.86 0 1 0 0.480 10.11 6.89
hero_spruce_c 10.93 0.85 -20.18 2.83 1.07 0 1 0 0.420 19.00 3.91
hero_spruce_c 23.22 0.72 -22.39 1.68 0.95 0 0 0 0.420 19.00 3.91
hero_pine_a 28.57 0.73 -21.70 3.81 0.90 0 0 0 0.340 17.00 4.12
hero_birch_b 35.95 0.66 -22.04 0.98 1.04 0 0 0 0.220 14.31 7.20
hero_pine_a 42.19 0.64 -20.90 2.00 1.15 0 0 0 0.340 17.00 4.12
hero_oak_b -30.04 0.77 -16.49 1.54 1.05 0 0 0 0.480 10.11 6.89
hero_pine_b -25.96 0.89 -14.93 3.11 0.83 0 0 0 0.300 14.00 4.13
hero_spruce_c -17.84 1.05 -12.52 2.03 0.82 0 1 0 0.420 19.00 3.91
hero_birch_a -13.83 0.88 -17.41 2.12 0.95 0 1 0 0.200 13.23 4.86
hero_oak_b -6.75 1.10 -13.67 2.32 1.05 0 1 0 0.480 10.11 6.89
hero_spruce_a 15.70 0.97 -16.33 0.02 1.12 0 1 0 0.380 16.00 3.90
hero_oak_b 25.17 0.94 -16.42 1.35 0.97 0 0 0 0.480 10.11 6.89
hero_oak_b 29.01 1.01 -13.51 2.84 1.13 0 0 0 0.480 10.11 6.89
hero_oak_c 40.80 0.89 -14.79 6.01 0.83 0 0 0 0.620 16.21 10.57
hero_pine_a -34.94 0.99 -9.77 4.69 1.00 0 0 0 0.340 17.00 4.12
hero_birch_b -31.68 1.02 -10.04 3.17 0.86 0 0 0 0.220 14.31 7.20
hero_spruce_a -25.69 1.15 -8.20 1.78 0.93 0 0 0 0.380 16.00 3.90
hero_pine_a -20.32 1.23 -7.31 4.07 0.97 0 0 0 0.340 17.00 4.12
hero_oak_a -12.57 1.21 -9.29 2.51 0.94 0 1 0 0.550 13.74 8.57
hero_spruce_b -5.92 1.23 -7.51 4.50 1.02 0 1 0 0.320 13.00 3.84
hero_spruce_b 12.59 1.23 -9.98 2.93 1.00 0 1 0 0.320 13.00 3.84
hero_oak_c 18.98 1.24 -9.71 1.47 0.81 0 1 0 0.620 16.21 10.57
hero_pine_a 24.98 1.19 -9.75 2.81 0.94 0 0 0 0.340 17.00 4.12
hero_spruce_b 33.82 1.20 -7.44 4.33 0.88 0 0 0 0.320 13.00 3.84
hero_spruce_a 39.86 1.07 -9.32 5.85 0.98 0 0 0 0.380 16.00 3.90
hero_spruce_c -36.44 1.14 -5.45 1.57 1.11 0 0 0 0.420 19.00 3.91
hero_spruce_a -30.84 1.24 -4.96 3.80 0.89 0 0 0 0.380 16.00 3.90
hero_spruce_a -27.00 1.30 -3.92 3.48 1.09 0 0 0 0.380 16.00 3.90
hero_spruce_c -21.48 1.44 -1.93 2.80 1.05 0 0 0 0.420 19.00 3.91
hero_pine_b -8.89 1.32 -5.31 0.27 1.09 0 1 0 0.300 14.00 4.13
hero_spruce_c 12.58 1.48 -3.43 2.49 1.02 0 1 0 0.420 19.00 3.91
hero_oak_c 18.11 1.49 -2.49 5.54 0.97 0 1 0 0.620 16.21 10.57
hero_spruce_a 24.74 1.35 -5.02 0.26 1.09 0 0 0 0.380 16.00 3.90
hero_spruce_b 31.13 1.27 -5.28 4.60 1.15 0 0 0 0.320 13.00 3.84
hero_pine_a 32.56 1.36 -1.97 5.55 1.13 0 0 0 0.340 17.00 4.12
hero_spruce_c 41.98 1.30 -0.85 2.37 0.91 0 0 0 0.420 19.00 3.91
hero_oak_c -43.84 1.56 5.36 3.02 0.90 0 0 0 0.620 16.21 10.57
hero_oak_c -37.57 1.39 0.51 0.82 1.01 0 0 0 0.620 16.21 10.57
hero_birch_a -28.79 1.66 5.19 1.35 1.14 0 0 0 0.200 13.23 4.86
hero_birch_a -26.40 1.65 3.77 4.98 0.90 0 0 0 0.200 13.23 4.86
hero_birch_b -17.29 1.68 3.60 4.73 1.12 0 1 0 0.220 14.31 7.20
hero_birch_a -13.99 1.60 0.89 2.85 1.05 0 1 0 0.200 13.23 4.86
hero_spruce_b -8.94 1.59 5.00 3.09 1.06 0 1 0 0.320 13.00 3.84
hero_birch_b 8.81 1.53 1.82 4.71 0.84 0 1 0 0.220 14.31 7.20
hero_pine_b 18.23 1.63 1.80 2.79 0.89 0 1 0 0.300 14.00 4.13
hero_oak_b 21.02 1.62 2.56 5.96 1.10 0 0 0 0.480 10.11 6.89
hero_spruce_b 27.99 1.57 3.33 2.50 1.14 0 0 0 0.320 13.00 3.84
hero_oak_a 32.91 1.46 1.37 5.41 1.14 0 0 0 0.550 13.74 8.57
hero_birch_a 40.31 1.35 0.77 1.10 1.12 0 0 0 0.200 13.23 4.86
hero_oak_c -38.53 1.77 9.38 1.71 1.08 0 0 0 0.620 16.21 10.57
hero_oak_a -31.01 1.70 6.48 0.62 1.09 0 0 0 0.550 13.74 8.57
hero_oak_a -24.92 1.81 8.00 2.34 1.04 0 0 0 0.550 13.74 8.57
hero_oak_a -17.69 1.83 6.92 0.01 0.85 0 1 0 0.550 13.74 8.57
hero_oak_a -11.29 1.92 10.97 3.58 0.95 0 1 0 0.550 13.74 8.57
hero_pine_b -7.51 1.60 10.38 2.24 1.08 0 1 0 0.300 14.00 4.13
hero_spruce_b 10.16 1.74 9.47 6.00 1.04 0 1 0 0.320 13.00 3.84
hero_oak_b 18.65 1.87 11.40 4.21 0.91 0 1 0 0.480 10.11 6.89
hero_spruce_b 28.38 1.72 9.49 3.05 1.02 0 0 0 0.320 13.00 3.84
hero_pine_b 33.12 1.62 7.59 0.52 1.01 0 0 0 0.300 14.00 4.13
hero_spruce_a 42.45 1.51 8.79 5.53 0.97 0 0 0 0.380 16.00 3.90
hero_spruce_c -41.38 2.02 14.97 0.71 0.85 0 0 0 0.420 19.00 3.91
hero_pine_a -35.11 2.04 15.26 2.38 0.97 0 0 0 0.340 17.00 4.12
hero_pine_a -30.70 2.13 16.88 1.33 0.88 0 0 0 0.340 17.00 4.12
hero_pine_a -26.01 2.13 16.35 1.40 0.87 0 0 0 0.340 17.00 4.12
hero_spruce_a -18.84 2.13 16.26 5.61 0.98 0 1 0 0.380 16.00 3.90
hero_birch_a -15.25 2.09 14.80 3.91 0.95 0 1 0 0.200 13.23 4.86
hero_spruce_c -5.77 1.48 12.93 5.97 1.03 0 1 0 0.420 19.00 3.91
hero_oak_a 10.94 1.88 12.92 0.75 0.81 0 1 0 0.550 13.74 8.57
hero_spruce_a 17.06 1.98 17.04 3.69 0.89 0 1 0 0.380 16.00 3.90
hero_oak_a 30.16 1.82 17.41 4.74 0.87 0 0 0 0.550 13.74 8.57
hero_birch_b 39.72 1.66 16.54 2.79 0.94 0 0 0 0.220 14.31 7.20
hero_spruce_a -42.47 2.19 19.80 1.13 1.08 0 0 0 0.380 16.00 3.90
hero_spruce_c -36.71 2.28 21.90 5.07 1.08 0 0 0 0.420 19.00 3.91
hero_spruce_c -31.20 2.19 19.15 3.36 1.05 0 0 0 0.420 19.00 3.91
hero_pine_b -23.36 2.18 18.84 4.65 1.14 0 0 0 0.300 14.00 4.13
hero_pine_b -16.56 2.28 22.93 2.34 1.09 0 1 0 0.300 14.00 4.13
hero_spruce_c -13.29 2.19 19.33 3.07 1.15 0 1 0 0.420 19.00 3.91
hero_oak_a -7.19 1.70 19.28 1.77 0.97 0 1 0 0.550 13.74 8.57
hero_spruce_b 10.65 1.89 20.20 3.37 1.15 0 1 0 0.320 13.00 3.84
hero_spruce_b 19.30 1.96 21.29 4.47 1.12 0 1 0 0.320 13.00 3.84
hero_pine_a 22.73 1.92 19.72 4.67 1.05 0 0 0 0.340 17.00 4.12
hero_pine_b 30.66 1.81 21.19 4.06 1.09 0 0 0 0.300 14.00 4.13
hero_pine_b 32.84 1.76 18.89 4.32 1.13 0 0 0 0.300 14.00 4.13
hero_oak_b 43.28 1.62 21.91 1.03 1.06 0 0 0 0.480 10.11 6.89
hero_pine_b 45.43 1.57 23.47 1.27 1.14 0 0 0 0.300 14.00 4.13
hero_oak_a -42.40 2.53 29.47 4.22 0.98 0 0 0 0.550 13.74 8.57
hero_spruce_c -34.87 2.49 28.48 5.88 0.88 0 0 0 0.420 19.00 3.91
hero_spruce_a -29.29 2.37 25.38 2.52 1.12 0 0 0 0.380 16.00 3.90
hero_oak_a -24.14 2.40 27.83 2.28 1.10 0 0 0 0.550 13.74 8.57
hero_birch_b -17.16 2.38 29.46 3.63 1.04 0 1 0 0.220 14.31 7.20
hero_pine_a -11.70 2.29 29.40 0.71 1.12 0 1 0 0.340 17.00 4.12
hero_birch_b -6.20 1.58 25.17 1.40 0.82 0 1 0 0.220 14.31 7.20
hero_oak_a 12.21 2.06 29.31 1.83 0.85 0 1 0 0.550 13.74 8.57
hero_birch_b 19.10 1.97 26.58 5.26 1.09 0 1 0 0.220 14.31 7.20
hero_spruce_a 24.48 1.90 26.31 0.96 0.95 0 0 0 0.380 16.00 3.90
hero_pine_b 30.57 1.79 28.58 1.95 1.02 0 0 0 0.300 14.00 4.13
hero_pine_b 33.78 1.75 27.78 5.60 1.05 0 0 0 0.300 14.00 4.13
hero_birch_a 42.57 1.63 24.60 2.28 0.99 0 0 0 0.200 13.23 4.86
hero_spruce_b -41.92 2.68 35.39 4.19 0.86 0 0 0 0.320 13.00 3.84
hero_oak_c -34.50 2.57 32.30 2.97 0.82 0 0 0 0.620 16.21 10.57
hero_birch_a -28.84 2.52 32.34 0.18 0.92 0 0 0 0.200 13.23 4.86
hero_pine_a -23.16 2.45 31.94 2.38 1.06 0 0 0 0.340 17.00 4.12
hero_spruce_a -10.69 2.20 35.11 5.44 0.97 0 1 0 0.380 16.00 3.90
hero_oak_c -7.02 1.72 30.68 3.50 0.91 0 1 0 0.620 16.21 10.57
hero_spruce_c 7.44 1.27 33.32 5.14 0.90 0 1 0 0.420 19.00 3.91
hero_spruce_b 13.08 2.02 31.24 2.50 0.93 0 1 0 0.320 13.00 3.84
hero_oak_b 17.09 1.90 34.95 4.13 0.92 0 1 0 0.480 10.11 6.89
hero_birch_b 24.06 1.85 31.44 4.66 1.03 0 0 0 0.220 14.31 7.20
hero_spruce_b 28.68 1.80 31.74 1.91 0.83 0 0 0 0.320 13.00 3.84
hero_spruce_b 35.35 1.66 32.98 4.05 0.90 0 0 0 0.320 13.00 3.84
hero_pine_b 41.96 1.52 35.29 2.39 1.00 0 0 0 0.300 14.00 4.13
hero_pine_a -37.72 2.64 36.60 5.87 1.02 0 0 0 0.340 17.00 4.12
hero_oak_b -33.02 2.60 39.93 0.15 1.13 0 0 0 0.480 10.11 6.89
hero_spruce_b -22.85 2.46 38.50 5.29 0.96 0 0 0 0.320 13.00 3.84
hero_spruce_a -18.63 2.39 40.27 2.90 0.94 0 0 0 0.380 16.00 3.90
hero_spruce_c -12.03 2.28 39.52 4.66 1.03 0 1 0 0.420 19.00 3.91
hero_spruce_a -5.43 1.21 41.20 1.48 0.87 0 1 0 0.380 16.00 3.90
hero_birch_a 10.37 1.40 40.97 2.53 1.14 0 1 0 0.200 13.23 4.86
hero_pine_b 15.93 1.73 40.94 5.68 1.04 0 1 0 0.300 14.00 4.13
hero_pine_a 23.18 1.64 40.42 0.16 0.96 0 0 0 0.340 17.00 4.12
hero_pine_a 27.02 1.71 36.70 0.16 0.87 0 0 0 0.340 17.00 4.12
hero_birch_b 37.23 1.50 37.97 3.80 1.12 0 0 0 0.220 14.31 7.20
hero_birch_a 40.43 1.45 38.45 6.11 1.09 0 0 0 0.200 13.23 4.86
hero_spruce_a -38.68 2.68 46.22 3.97 0.96 0 0 0 0.380 16.00 3.90
hero_spruce_a -33.44 2.60 44.85 3.83 0.90 0 0 0 0.380 16.00 3.90
hero_spruce_c -22.76 2.39 43.98 2.63 1.11 0 0 0 0.420 19.00 3.91
hero_spruce_b -20.85 2.36 43.37 3.98 1.05 0 0 0 0.320 13.00 3.84
hero_oak_c -13.73 2.22 43.73 0.30 1.04 0 1 0 0.620 16.21 10.57
hero_spruce_c -7.10 1.61 43.23 5.83 1.06 0 1 0 0.420 19.00 3.91
hero_pine_b 11.04 1.30 45.84 3.27 0.85 0 1 0 0.300 14.00 4.13
hero_spruce_b 17.74 1.45 46.51 2.92 1.14 0 1 0 0.320 13.00 3.84
hero_oak_a 21.23 1.46 45.71 4.26 0.92 0 1 0 0.550 13.74 8.57
hero_oak_a 30.57 1.37 44.83 4.58 0.85 0 0 0 0.550 13.74 8.57
hero_birch_b 33.36 1.21 46.94 1.19 1.13 0 0 0 0.220 14.31 7.20
hero_oak_a 39.97 1.30 44.14 3.30 0.83 0 0 0 0.550 13.74 8.57
hero_spruce_b -31.54 2.50 48.51 4.00 0.93 0 0 0 0.320 13.00 3.84
hero_spruce_a -27.47 2.33 51.00 5.94 0.91 0 0 0 0.380 16.00 3.90
hero_oak_a -18.63 2.11 50.76 4.68 0.84 0 0 0 0.550 13.74 8.57
hero_pine_b -15.17 1.91 52.62 3.37 1.08 0 1 0 0.300 14.00 4.13
hero_pine_b -7.02 1.37 51.09 4.59 1.04 0 1 0 0.300 14.00 4.13
hero_pine_b 9.38 0.74 48.50 0.59 1.08 0 1 0 0.300 14.00 4.13
hero_birch_b 15.32 1.18 51.74 3.77 1.08 0 1 0 0.220 14.31 7.20
hero_birch_b 24.45 1.24 49.04 4.77 0.93 0 0 0 0.220 14.31 7.20
hero_oak_a 27.21 1.01 52.49 0.64 0.81 0 0 0 0.550 13.74 8.57
hero_birch_a 36.39 0.99 51.23 4.82 0.88 0 0 0 0.200 13.23 4.86
hero_spruce_b 39.56 0.95 51.85 0.71 0.85 0 0 0 0.320 13.00 3.84
hero_oak_c 44.99 0.90 52.18 4.93 1.01 0 0 0 0.620 16.21 10.57
hero_spruce_b -42.32 2.60 54.60 2.25 0.94 0 0 0 0.320 13.00 3.84
hero_pine_a -36.01 2.25 59.16 3.07 0.97 0 0 0 0.340 17.00 4.12
hero_spruce_a -31.89 2.28 55.20 5.68 1.11 0 0 0 0.380 16.00 3.90
hero_oak_c -24.56 1.93 57.89 0.59 1.06 0 0 0 0.620 16.21 10.57
hero_spruce_b -20.97 1.75 58.70 4.22 1.13 0 0 0 0.320 13.00 3.84
hero_birch_a -7.58 1.38 54.98 4.48 0.96 0 1 0 0.200 13.23 4.86
hero_pine_a 9.79 0.24 56.31 0.13 1.04 0 1 0 0.340 17.00 4.12
hero_pine_a 19.41 0.87 56.07 4.82 0.82 0 1 0 0.340 17.00 4.12
hero_spruce_b 21.42 0.82 56.25 3.15 0.88 0 1 0 0.320 13.00 3.84
hero_birch_a 26.67 0.49 59.43 5.30 1.15 0 0 0 0.200 13.23 4.86
hero_spruce_b 34.36 0.56 58.12 2.86 0.92 0 0 0 0.320 13.00 3.84
hero_spruce_c 40.54 0.61 57.29 5.86 0.89 0 0 0 0.420 19.00 3.91
hero_pine_a 45.35 0.74 55.20 0.77 1.01 0 0 0 0.340 17.00 4.12
hero_oak_c -35.60 1.98 64.01 2.01 0.95 0 0 0 0.620 16.21 10.57
hero_pine_b -32.87 2.01 61.40 5.41 1.11 0 0 0 0.300 14.00 4.13
hero_pine_b -26.82 1.85 61.00 0.67 0.83 0 0 0 0.300 14.00 4.13
hero_oak_a -17.94 1.43 62.43 4.87 0.83 0 0 0 0.550 13.74 8.57
hero_birch_b -13.67 1.14 63.70 5.37 1.10 0 1 0 0.220 14.31 7.20
hero_birch_b -7.03 0.78 62.57 2.83 0.95 0 1 0 0.220 14.31 7.20
hero_spruce_b 11.16 -0.28 64.80 6.19 0.98 0 1 0 0.320 13.00 3.84
hero_spruce_b 16.11 0.31 63.23 1.63 1.02 0 1 0 0.320 13.00 3.84
hero_spruce_a 23.76 0.43 60.59 2.63 1.02 0 0 0 0.380 16.00 3.90
hero_oak_c 28.42 0.13 63.51 6.06 1.10 0 0 0 0.620 16.21 10.57
hero_pine_b 34.77 -0.05 65.45 5.98 1.13 0 0 0 0.300 14.00 4.13
hero_spruce_a 39.10 0.10 64.30 2.58 0.83 0 0 0 0.380 16.00 3.90
hero_birch_a 47.44 0.42 60.81 4.71 0.94 0 0 0 0.200 13.23 4.86
hero_spruce_b -36.01 1.79 66.93 4.24 1.04 0 0 0 0.320 13.00 3.84
hero_pine_a -33.36 1.71 66.68 1.43 1.00 0 0 0 0.340 17.00 4.12
hero_spruce_c -17.09 0.86 68.63 1.47 1.03 0 0 0 0.420 19.00 3.91
hero_pine_a -11.38 0.42 70.81 3.56 0.92 0 1 0 0.340 17.00 4.12
hero_pine_a -2.06 -0.71 68.74 1.97 1.05 0 1 0 0.340 17.00 4.12
hero_birch_b 12.35 -0.67 69.67 3.54 0.99 0 1 0 0.220 14.31 7.20
hero_spruce_a 15.99 -0.49 71.04 0.73 1.06 0 1 0 0.380 16.00 3.90
hero_pine_a 22.94 -0.50 70.48 3.14 0.91 0 1 0 0.340 17.00 4.12
hero_birch_a 27.50 -0.19 67.24 5.69 0.83 0 0 0 0.200 13.23 4.86
hero_pine_a 34.83 -0.42 69.54 5.42 1.06 0 0 0 0.340 17.00 4.12
hero_pine_a 39.77 -0.15 67.38 3.30 0.82 0 0 0 0.340 17.00 4.12
hero_oak_b 47.68 -0.07 67.64 5.36 1.04 0 0 0 0.480 10.11 6.89
hero_pine_a -37.77 1.39 73.35 2.13 0.90 0 0 0 0.340 17.00 4.12
hero_pine_a -32.86 1.18 73.18 4.42 0.86 0 0 0 0.340 17.00 4.12
hero_pine_a -26.40 0.64 75.74 0.61 0.80 0 0 0 0.340 17.00 4.12
hero_spruce_c -16.73 0.26 74.49 3.26 1.07 0 0 0 0.420 19.00 3.91
hero_birch_b -12.28 0.10 74.13 5.43 0.96 0 1 0 0.220 14.31 7.20
hero_oak_c -5.37 -0.74 76.08 1.51 1.09 0 1 0 0.620 16.21 10.57
hero_pine_b 12.58 -1.07 73.28 5.13 1.01 0 1 0 0.300 14.00 4.13
hero_oak_b 19.51 -0.75 73.02 0.95 0.90 0 1 0 0.480 10.11 6.89
hero_oak_b 24.12 -0.76 72.70 1.76 0.98 0 1 0 0.480 10.11 6.89
hero_birch_b 26.59 -1.18 76.17 2.57 1.10 0 0 0 0.220 14.31 7.20
hero_oak_c 33.97 -0.81 73.24 5.37 1.01 0 0 0 0.620 16.21 10.57
hero_spruce_c 39.80 -1.07 76.43 2.44 1.13 0 0 0 0.420 19.00 3.91
hero_spruce_c 47.43 -0.64 74.33 3.13 0.96 0 0 0 0.420 19.00 3.91
hero_spruce_c -38.15 0.81 80.00 5.94 1.00 0 0 0 0.420 19.00 3.91
hero_spruce_c -31.53 0.33 81.19 5.57 1.00 0 0 0 0.420 19.00 3.91
hero_pine_b -26.17 0.26 79.30 6.06 0.81 0 0 0 0.300 14.00 4.13
hero_spruce_b -18.92 -0.18 79.68 3.74 0.91 0 0 0 0.320 13.00 3.84
hero_spruce_a -13.98 -0.84 82.92 4.80 0.96 0 1 0 0.380 16.00 3.90
hero_pine_b -8.70 -0.63 78.98 4.79 1.04 0 1 0 0.300 14.00 4.13
hero_pine_a 12.56 -2.22 82.81 3.85 0.86 0 1 0 0.340 17.00 4.12
hero_pine_a 16.30 -1.49 79.27 2.52 1.02 0 1 0 0.340 17.00 4.12
hero_birch_a 22.34 -2.01 82.78 4.61 1.03 0 1 0 0.200 13.23 4.86
hero_birch_a 29.11 -1.48 78.68 0.44 1.07 0 0 0 0.200 13.23 4.86
hero_oak_b 35.43 -1.39 78.68 2.79 0.98 0 0 0 0.480 10.11 6.89
hero_pine_a 41.85 -1.23 78.65 4.08 0.89 0 0 0 0.340 17.00 4.12
hero_spruce_c -35.40 -0.20 88.25 6.07 0.93 0 0 0 0.420 19.00 3.91
hero_pine_a -30.41 -0.17 85.12 1.50 1.11 0 0 0 0.340 17.00 4.12
hero_spruce_a -24.79 -0.81 87.81 3.50 0.88 0 0 0 0.380 16.00 3.90
hero_oak_c -21.05 -0.92 86.69 4.24 1.08 0 0 0 0.620 16.21 10.57
hero_spruce_b -12.85 -1.39 86.87 1.20 0.82 0 1 0 0.320 13.00 3.84
hero_pine_a -5.40 -2.20 89.13 1.19 0.99 0 1 0 0.340 17.00 4.12
hero_pine_b 15.29 -2.29 84.77 5.52 1.08 0 1 0 0.300 14.00 4.13
hero_spruce_b 23.89 -2.70 87.84 5.45 0.99 0 1 0 0.320 13.00 3.84
hero_spruce_b 30.50 -2.26 85.15 2.28 0.81 0 0 0 0.320 13.00 3.84
hero_spruce_c 34.14 -2.41 86.67 0.94 0.95 0 0 0 0.420 19.00 3.91
hero_oak_b 43.09 -2.29 87.99 6.01 1.05 0 0 0 0.480 10.11 6.89
hero_oak_a 48.63 -2.03 88.21 1.34 0.90 0 0 0 0.550 13.74 8.57
hero_spruce_a -35.07 -0.55 91.05 0.24 1.03 0 0 0 0.380 16.00 3.90
hero_pine_a -28.59 -1.20 93.00 2.18 0.99 0 0 0 0.340 17.00 4.12
hero_spruce_a -23.21 -1.81 95.01 3.31 0.89 0 0 0 0.380 16.00 3.90
hero_birch_a -18.00 -1.71 91.45 5.42 1.08 0 0 0 0.200 13.23 4.86
hero_spruce_a -11.46 -2.10 91.40 0.42 1.09 0 1 0 0.380 16.00 3.90
hero_birch_b -8.09 -2.77 94.73 5.67 1.13 0 1 0 0.220 14.31 7.20
hero_spruce_a 12.35 -3.76 95.38 0.15 0.93 0 1 0 0.380 16.00 3.90
hero_spruce_a 18.70 -3.63 94.35 6.04 0.94 0 1 0 0.380 16.00 3.90
hero_oak_a 22.15 -3.47 93.04 5.96 1.12 0 1 0 0.550 13.74 8.57
hero_spruce_a 30.09 -3.53 93.99 5.16 1.13 0 0 0 0.380 16.00 3.90
hero_pine_a 36.55 -2.86 90.60 1.94 0.81 0 0 0 0.340 17.00 4.12
hero_spruce_c 38.72 -3.17 93.46 5.17 0.86 0 0 0 0.420 19.00 3.91
hero_birch_a 47.63 -2.46 91.12 1.01 1.12 0 0 0 0.200 13.23 4.86
hero_oak_b -38.00 -1.27 99.15 2.69 0.95 0 0 0 0.480 10.11 6.89
hero_birch_b -31.52 -1.56 97.81 3.22 0.82 0 0 0 0.220 14.31 7.20
hero_oak_c -25.63 -2.07 98.35 4.80 0.96 0 0 0 0.620 16.21 10.57
hero_oak_b -17.10 -2.88 99.79 4.63 1.03 0 0 0 0.480 10.11 6.89
hero_birch_a -14.79 -2.65 96.93 0.31 1.07 0 0 0 0.200 13.23 4.86
hero_pine_b 14.97 -3.91 96.61 3.27 0.85 0 1 0 0.300 14.00 4.13
hero_oak_b 23.39 -4.32 98.99 4.49 0.82 0 1 0 0.480 10.11 6.89
hero_birch_b 29.36 -4.26 99.13 3.49 0.81 0 0 0 0.220 14.31 7.20
hero_birch_a 36.69 -3.85 97.79 0.53 0.84 0 0 0 0.200 13.23 4.86
hero_pine_a 41.55 -3.79 98.74 4.90 1.14 0 0 0 0.340 17.00 4.12
hero_pine_a 45.92 -3.88 101.49 5.85 0.80 0 0 0 0.340 17.00 4.12
hero_spruce_a 51.11 -3.13 98.36 2.65 1.06 0 0 0 0.380 16.00 3.90
hero_spruce_a -35.30 -2.09 104.66 3.58 0.95 0 0 0 0.380 16.00 3.90
hero_birch_a -30.64 -2.39 104.19 6.27 0.85 0 0 0 0.200 13.23 4.86
hero_oak_b -25.53 -3.06 106.43 5.29 0.87 0 0 0 0.480 10.11 6.89
hero_spruce_c -20.25 -3.45 105.97 3.44 1.06 0 0 0 0.420 19.00 3.91
hero_pine_a -14.16 -4.06 107.08 3.81 1.14 0 0 0 0.340 17.00 4.12
hero_spruce_c -8.05 -3.85 102.50 0.89 0.98 0 1 0 0.420 19.00 3.91
hero_oak_b -0.49 -4.70 105.30 2.45 1.00 0 1 0 0.480 10.11 6.89
hero_spruce_b 12.80 -4.84 104.63 5.25 1.10 0 1 0 0.320 13.00 3.84
hero_spruce_c 16.65 -5.16 105.20 4.81 1.14 0 1 0 0.420 19.00 3.91
hero_spruce_b 34.31 -4.81 103.83 5.03 0.80 0 0 0 0.320 13.00 3.84
hero_birch_b 39.15 -4.65 104.15 2.93 0.81 0 0 0 0.220 14.31 7.20
hero_oak_c 44.79 -4.36 104.28 0.86 0.97 0 0 0 0.620 16.21 10.57
hero_pine_a -34.83 -2.81 110.97 2.34 0.99 0 0 0 0.340 17.00 4.12
hero_spruce_b -32.50 -2.96 110.48 4.04 1.00 0 0 0 0.320 13.00 3.84
hero_birch_a -24.49 -3.66 110.56 3.78 1.14 0 0 0 0.200 13.23 4.86
hero_pine_a -18.06 -4.30 111.63 0.22 0.89 0 0 0 0.340 17.00 4.12
hero_oak_c -7.15 -5.05 111.09 1.89 0.84 0 1 0 0.620 16.21 10.57
hero_spruce_a -2.25 -5.38 111.29 5.35 1.12 0 1 0 0.380 16.00 3.90
hero_spruce_b 17.66 -5.99 111.29 3.27 0.88 0 1 0 0.320 13.00 3.84
hero_spruce_c 25.34 -5.83 109.13 4.41 1.06 0 1 0 0.420 19.00 3.91
hero_oak_b 40.17 -5.79 112.33 6.14 1.11 0 0 0 0.480 10.11 6.89
hero_pine_b 49.45 -5.24 113.24 6.26 1.01 0 0 0 0.300 14.00 4.13
hero_pine_b -31.55 -3.82 118.19 1.31 1.08 0 0 0 0.300 14.00 4.13
hero_pine_b -26.85 -4.35 119.16 6.11 1.03 0 0 0 0.300 14.00 4.13
hero_pine_a -18.60 -4.78 116.25 2.40 0.84 0 0 0 0.340 17.00 4.12
hero_spruce_a -12.57 -5.52 118.37 1.39 0.97 0 0 0 0.380 16.00 3.90
hero_spruce_b 16.59 -6.83 119.52 2.84 0.99 0 1 0 0.320 13.00 3.84
hero_spruce_a 23.74 -7.07 117.95 2.93 0.96 0 1 0 0.380 16.00 3.90
hero_oak_c 37.41 -6.89 119.42 0.93 0.99 0 0 0 0.620 16.21 10.57
hero_oak_a 41.18 -6.44 117.61 3.49 0.98 0 0 0 0.550 13.74 8.57
hero_birch_a 44.84 -6.12 117.12 2.08 0.90 0 0 0 0.200 13.23 4.86
hero_spruce_a -31.27 -4.14 121.81 5.25 0.81 0 0 0 0.380 16.00 3.90
hero_spruce_c -26.69 -4.87 124.90 3.23 1.08 0 0 0 0.420 19.00 3.91
hero_birch_b -19.89 -5.33 122.89 4.57 0.91 0 0 0 0.220 14.31 7.20
hero_spruce_b -13.89 -5.83 122.25 0.82 1.11 0 0 0 0.320 13.00 3.84
hero_pine_b -8.41 -6.57 125.35 5.69 0.93 0 1 0 0.300 14.00 4.13
hero_spruce_b -2.99 -6.80 123.90 4.67 0.85 0 1 0 0.320 13.00 3.84
hero_pine_a 18.54 -7.45 122.89 5.32 0.90 0 1 0 0.340 17.00 4.12
hero_spruce_c 22.28 -7.46 121.04 4.25 0.94 0 1 0 0.420 19.00 3.91
hero_spruce_b 29.68 -7.86 124.72 3.17 1.14 0 0 0 0.320 13.00 3.84
hero_spruce_c 32.85 -7.29 121.18 2.80 0.83 0 0 0 0.420 19.00 3.91
hero_oak_b 40.67 -7.05 122.02 5.79 0.98 0 0 0 0.480 10.11 6.89
hero_spruce_b 46.65 -6.58 121.72 1.31 0.91 0 0 0 0.320 13.00 3.84
hero_spruce_a -31.88 -4.66 129.22 4.94 0.94 0 0 0 0.380 16.00 3.90
hero_birch_b -24.90 -5.18 126.77 0.71 0.90 0 0 0 0.220 14.31 7.20
hero_birch_b -20.52 -5.64 127.02 5.63 0.97 0 0 0 0.220 14.31 7.20
hero_birch_a -14.44 -6.26 127.77 0.04 0.81 0 0 0 0.200 13.23 4.86
hero_oak_b -9.51 -6.83 129.10 3.19 0.96 0 1 0 0.480 10.11 6.89
hero_oak_a -0.43 -7.49 129.83 0.70 0.85 0 1 0 0.550 13.74 8.57
hero_oak_a 17.70 -7.98 129.66 5.86 1.06 0 1 0 0.550 13.74 8.57
hero_spruce_b 22.21 -8.47 129.71 0.31 0.88 0 1 0 0.320 13.00 3.84
hero_spruce_c 31.02 -8.52 130.49 5.93 1.11 0 0 0 0.420 19.00 3.91
hero_pine_b 38.84 -8.07 129.30 5.66 1.05 0 0 0 0.300 14.00 4.13
hero_pine_b 45.30 -7.46 127.59 2.46 1.13 0 0 0 0.300 14.00 4.13
hero_spruce_b 53.70 -7.20 131.31 2.47 1.00 0 0 0 0.320 13.00 3.84
hero_oak_a -33.00 -4.84 133.87 4.62 0.98 0 0 0 0.550 13.74 8.57
hero_spruce_b -27.45 -5.54 135.95 3.04 0.89 0 0 0 0.320 13.00 3.84
hero_spruce_b -19.73 -6.44 136.80 3.16 1.15 0 0 0 0.320 13.00 3.84
hero_oak_a -10.78 -7.19 134.84 2.63 1.07 0 0 0 0.550 13.74 8.57
hero_oak_a -7.61 -7.50 135.09 1.28 1.09 0 1 0 0.550 13.74 8.57
hero_spruce_a -2.65 -7.76 133.71 2.51 1.01 0 1 0 0.380 16.00 3.90
hero_pine_a 16.35 -8.28 137.32 0.68 1.14 0 1 0 0.340 17.00 4.12
hero_spruce_b 25.22 -8.89 133.27 6.20 0.99 0 1 0 0.320 13.00 3.84
hero_pine_a 28.12 -9.22 136.53 3.36 0.99 0 1 0 0.340 17.00 4.12
hero_spruce_b 39.20 -8.51 133.31 3.14 0.81 0 0 0 0.320 13.00 3.84
hero_spruce_b 48.75 -8.11 134.92 3.81 1.14 0 0 0 0.320 13.00 3.84
hero_oak_a 53.82 -7.63 134.73 1.48 1.10 0 0 0 0.550 13.74 8.57
hero_birch_a -33.21 -5.23 142.80 0.52 0.95 0 0 0 0.200 13.23 4.86
hero_oak_c -25.70 -5.95 139.48 1.09 1.15 0 0 0 0.620 16.21 10.57
hero_oak_a -20.89 -6.47 139.61 3.93 1.04 0 0 0 0.550 13.74 8.57
hero_pine_a -5.34 -8.22 142.84 6.11 0.98 0 1 0 0.340 17.00 4.12
hero_oak_c 0.07 -8.37 138.97 2.34 1.14 0 1 0 0.620 16.21 10.57
hero_birch_a 4.27 -8.26 140.59 4.61 1.12 0 1 0 0.200 13.23 4.86
hero_spruce_a 21.01 -9.33 139.06 2.77 0.81 0 1 0 0.380 16.00 3.90
hero_birch_a 27.99 -9.65 140.90 1.24 0.88 0 1 0 0.200 13.23 4.86
hero_spruce_b 34.31 -9.60 141.33 2.59 0.98 0 0 0 0.320 13.00 3.84
hero_spruce_b 38.95 -9.44 141.25 5.30 1.06 0 0 0 0.320 13.00 3.84
hero_pine_a 47.82 -9.05 142.33 2.41 1.01 0 0 0 0.340 17.00 4.12
hero_birch_b 55.04 -8.33 141.39 0.05 1.07 0 0 0 0.220 14.31 7.20
hero_spruce_c -28.66 -5.93 147.98 1.35 0.85 0 0 0 0.420 19.00 3.91
hero_spruce_a -25.10 -6.25 145.48 1.57 0.83 0 0 0 0.380 16.00 3.90
hero_spruce_c -20.17 -6.79 144.57 0.26 0.95 0 0 0 0.420 19.00 3.91
hero_spruce_a -14.03 -7.53 146.11 4.78 0.96 0 0 0 0.380 16.00 3.90
hero_spruce_a -7.13 -8.39 149.20 6.10 0.97 0 1 0 0.380 16.00 3.90
hero_oak_a 0.60 -8.78 145.43 2.07 0.83 0 1 0 0.550 13.74 8.57
hero_birch_a 4.14 -8.87 148.17 2.88 0.92 0 1 0 0.200 13.23 4.86
hero_pine_b 23.54 -10.02 145.73 6.04 0.81 0 1 0 0.300 14.00 4.13
hero_pine_a 30.78 -10.37 148.96 1.88 0.96 0 1 0 0.340 17.00 4.12
hero_pine_a 35.86 -10.10 146.94 2.73 0.84 0 0 0 0.340 17.00 4.12
hero_spruce_b 38.78 -9.80 144.61 2.95 1.12 0 0 0 0.320 13.00 3.84
hero_oak_c 46.19 -9.61 146.67 0.62 0.86 0 0 0 0.620 16.21 10.57
hero_oak_c 54.99 -9.05 147.44 3.21 1.05 0 0 0 0.620 16.21 10.57
hero_spruce_a -31.59 -5.73 155.14 4.31 0.83 0 0 0 0.380 16.00 3.90
hero_oak_c -27.19 -6.23 152.48 3.06 0.94 0 0 0 0.620 16.21 10.57
hero_pine_a -19.67 -7.20 155.44 5.52 0.89 0 0 0 0.340 17.00 4.12
hero_spruce_b -4.63 -8.75 151.31 4.83 1.14 0 1 0 0.320 13.00 3.84
hero_spruce_a -0.33 -9.11 151.01 3.43 1.01 0 1 0 0.380 16.00 3.90
hero_birch_a 5.58 -9.21 153.56 1.26 0.95 0 1 0 0.200 13.23 4.86
hero_spruce_a 20.61 -10.21 154.32 5.66 1.03 0 1 0 0.380 16.00 3.90
hero_oak_a 26.58 -10.73 153.81 0.77 1.07 0 1 0 0.550 13.74 8.57
hero_birch_a 35.85 -10.72 153.99 0.66 0.96 0 0 0 0.200 13.23 4.86
hero_oak_b 42.91 -10.63 155.15 0.44 1.09 0 0 0 0.480 10.11 6.89
hero_spruce_b 47.33 -10.18 152.74 3.21 1.00 0 0 0 0.320 13.00 3.84
hero_birch_b 52.69 -9.74 151.89 1.59 1.07 0 0 0 0.220 14.31 7.20
hero_birch_a -28.55 -6.16 159.00 4.61 0.89 0 0 0 0.200 13.23 4.86
hero_pine_b -23.79 -6.74 157.17 4.21 0.96 0 0 0 0.300 14.00 4.13
hero_pine_b -18.77 -7.36 157.29 4.38 0.99 0 0 0 0.300 14.00 4.13
hero_pine_a -11.41 -8.25 158.42 4.56 1.01 0 0 0 0.340 17.00 4.12
hero_spruce_a -5.44 -8.96 161.05 2.07 0.99 0 1 0 0.380 16.00 3.90
hero_spruce_c -1.93 -9.33 161.07 5.02 1.05 0 1 0 0.420 19.00 3.91
hero_pine_a 5.92 -9.66 161.40 5.44 0.88 0 1 0 0.340 17.00 4.12
hero_birch_a 22.84 -10.78 158.65 5.66 1.15 0 1 0 0.200 13.23 4.86
hero_spruce_a 27.97 -11.19 160.78 5.58 0.98 0 1 0 0.380 16.00 3.90
hero_spruce_b 35.28 -11.15 159.60 2.83 0.97 0 0 0 0.320 13.00 3.84
hero_pine_a 40.44 -11.20 161.42 4.57 0.94 0 0 0 0.340 17.00 4.12
hero_spruce_b 47.23 -10.68 158.19 3.83 0.88 0 0 0 0.320 13.00 3.84
hero_pine_a 53.84 -10.35 158.81 1.03 0.95 0 0 0 0.340 17.00 4.12
hero_birch_a -30.07 -6.02 167.09 2.36 1.08 0 0 0 0.200 13.23 4.86
hero_spruce_b -23.39 -6.87 166.34 1.65 0.91 0 0 0 0.320 13.00 3.84
hero_oak_c -20.23 -7.29 166.51 2.53 1.01 0 0 0 0.620 16.21 10.57
hero_birch_b -15.25 -7.86 162.85 4.48 0.83 0 0 0 0.220 14.31 7.20
hero_oak_a -7.18 -8.81 163.43 4.61 0.85 0 1 0 0.550 13.74 8.57
hero_spruce_a -3.15 -9.29 166.97 0.35 0.80 0 1 0 0.380 16.00 3.90
hero_birch_a 23.25 -11.11 164.66 3.75 1.04 0 1 0 0.200 13.23 4.86
hero_pine_b 30.24 -11.36 163.59 3.86 0.82 0 1 0 0.300 14.00 4.13
hero_spruce_a 32.53 -11.37 162.81 1.57 1.14 0 0 0 0.380 16.00 3.90
hero_pine_a 42.71 -11.46 166.08 5.49 0.90 0 0 0 0.340 17.00 4.12
hero_birch_a 48.18 -11.29 165.74 6.13 1.10 0 0 0 0.200 13.23 4.86
hero_spruce_a 53.22 -10.93 164.45 5.39 1.13 0 0 0 0.380 16.00 3.90
hero_birch_a -29.05 -6.11 173.29 0.89 0.88 0 0 0 0.200 13.23 4.86
hero_birch_a -26.58 -6.47 172.34 0.35 1.10 0 0 0 0.200 13.23 4.86
hero_spruce_a -19.51 -7.37 171.35 2.04 0.86 0 0 0 0.380 16.00 3.90
hero_spruce_c -13.28 -8.17 170.36 1.57 1.02 0 0 0 0.420 19.00 3.91
hero_birch_b -8.19 -8.79 169.81 4.80 1.08 0 0 0 0.220 14.31 7.20
hero_spruce_a 0.38 -9.73 172.40 4.57 0.81 0 1 0 0.380 16.00 3.90
hero_pine_a 2.76 -9.99 171.51 3.49 1.12 0 1 0 0.340 17.00 4.12
hero_spruce_b 24.71 -11.54 172.25 1.78 0.88 0 1 0 0.320 13.00 3.84
hero_birch_b 29.22 -11.73 172.31 4.81 0.90 0 1 0 0.220 14.31 7.20
hero_spruce_c 36.84 -11.69 168.91 1.57 0.82 0 0 0 0.420 19.00 3.91
hero_spruce_a 43.17 -11.76 170.95 1.56 0.81 0 0 0 0.380 16.00 3.90
hero_pine_a 45.66 -11.84 173.06 5.98 0.92 0 0 0 0.340 17.00 4.12
hero_birch_b 54.07 -11.50 172.13 4.61 0.94 0 0 0 0.220 14.31 7.20
hero_spruce_b 56.50 -11.39 172.27 3.40 0.96 0 0 0 0.320 13.00 3.84
hero_oak_b -26.95 -6.39 175.44 4.99 1.07 0 0 0 0.480 10.11 6.89
hero_pine_a -17.25 -7.64 177.69 2.20 0.90 0 0 0 0.340 17.00 4.12
hero_spruce_b -13.26 -8.17 175.24 1.98 1.00 0 0 0 0.320 13.00 3.84
hero_spruce_a -9.15 -8.67 177.04 1.57 0.94 0 0 0 0.380 16.00 3.90
hero_pine_b -1.83 -9.53 176.72 5.33 0.99 0 1 0 0.300 14.00 4.13
hero_oak_c 7.11 -10.26 176.18 4.85 0.93 0 1 0 0.620 16.21 10.57
hero_oak_b 24.62 -11.63 179.05 1.03 0.92 0 1 0 0.480 10.11 6.89
hero_spruce_b 37.36 -12.00 174.88 5.17 1.03 0 0 0 0.320 13.00 3.84
hero_oak_b 42.15 -12.11 177.65 0.17 0.84 0 0 0 0.480 10.11 6.89
hero_spruce_a 44.98 -12.06 176.95 3.06 0.81 0 0 0 0.380 16.00 3.90
hero_pine_b 54.30 -11.71 175.24 2.10 0.87 0 0 0 0.300 14.00 4.13
hero_spruce_c 58.61 -11.76 178.65 3.90 0.93 0 0 0 0.420 19.00 3.91
hero_birch_b -28.54 -6.08 184.06 0.93 0.97 0 0 0 0.220 14.31 7.20
hero_pine_b -24.20 -6.69 181.81 5.94 0.96 0 0 0 0.300 14.00 4.13
hero_spruce_b -16.58 -7.72 181.54 3.09 1.12 0 0 0 0.320 13.00 3.84
hero_spruce_c -12.47 -8.26 180.67 4.49 1.09 0 0 0 0.420 19.00 3.91
hero_spruce_c -8.57 -8.74 181.79 0.77 1.12 0 0 0 0.420 19.00 3.91
hero_oak_b -1.03 -9.61 180.90 5.19 0.96 0 1 0 0.480 10.11 6.89
hero_birch_b 6.66 -10.38 181.93 3.49 0.92 0 1 0 0.220 14.31 7.20
hero_spruce_b 25.00 -11.66 185.44 2.36 0.87 0 1 0 0.320 13.00 3.84
hero_spruce_a 30.65 -12.02 181.02 2.00 0.81 0 1 0 0.380 16.00 3.90
hero_oak_b 35.57 -12.21 181.96 0.76 0.93 0 0 0 0.480 10.11 6.89
hero_spruce_b 39.45 -12.38 184.85 2.65 0.99 0 0 0 0.320 13.00 3.84
hero_oak_a 45.43 -12.38 184.13 1.76 0.81 0 0 0 0.550 13.74 8.57
hero_spruce_c 54.47 -12.23 183.25 6.02 1.02 0 0 0 0.420 19.00 3.91
hero_birch_a -23.98 -6.65 187.38 1.42 0.87 0 0 0 0.200 13.23 4.86
hero_birch_b -18.59 -7.38 189.04 2.49 1.10 0 0 0 0.220 14.31 7.20
hero_spruce_b -12.59 -8.14 189.77 4.49 0.86 0 0 0 0.320 13.00 3.84
hero_spruce_b -7.56 -8.82 186.52 5.12 0.99 0 0 0 0.320 13.00 3.84
hero_oak_a -2.02 -9.47 187.88 4.36 1.04 0 1 0 0.550 13.74 8.57
hero_birch_b 4.52 -10.21 187.09 4.02 0.88 0 1 0 0.220 14.31 7.20
hero_pine_a 25.42 -11.70 187.89 6.01 0.81 0 1 0 0.340 17.00 4.12
hero_spruce_b 30.45 -12.16 188.31 0.80 0.89 0 1 0 0.320 13.00 3.84
hero_pine_a 34.43 -12.35 190.22 0.33 0.87 0 1 0 0.340 17.00 4.12
hero_pine_b 40.34 -12.58 191.38 1.56 1.13 0 0 0 0.300 14.00 4.13
hero_birch_b 52.44 -12.60 190.22 5.18 0.91 0 0 0 0.220 14.31 7.20
hero_spruce_c 58.84 -12.44 189.55 5.68 0.88 0 0 0 0.420 19.00 3.91
hero_pine_b -26.26 -6.27 193.24 2.81 0.94 0 0 0 0.300 14.00 4.13
hero_oak_a -14.03 -7.91 195.23 1.37 1.03 0 0 0 0.550 13.74 8.57
hero_spruce_a -6.84 -8.83 193.10 6.06 0.86 0 0 0 0.380 16.00 3.90
hero_spruce_c -3.08 -9.29 193.28 0.96 0.90 0 1 0 0.420 19.00 3.91
hero_oak_a 4.41 -10.18 193.17 2.65 1.11 0 1 0 0.550 13.74 8.57
hero_birch_a 8.70 -10.75 197.14 5.93 1.14 0 1 0 0.200 13.23 4.86
hero_spruce_a 22.54 -11.23 194.33 5.55 0.85 0 1 0 0.380 16.00 3.90
hero_pine_b 30.02 -12.21 197.06 1.90 0.84 0 1 0 0.300 14.00 4.13
hero_oak_a 39.47 -12.61 194.44 2.78 1.06 0 0 0 0.550 13.74 8.57
hero_pine_a 47.54 -12.77 194.41 1.46 1.04 0 0 0 0.340 17.00 4.12
hero_pine_a 52.18 -12.71 192.66 4.35 0.94 0 0 0 0.340 17.00 4.12
hero_spruce_c -29.03 -5.81 200.09 2.23 1.01 0 0 0 0.420 19.00 3.91
hero_birch_b -24.70 -6.37 202.81 3.15 0.87 0 0 0 0.220 14.31 7.20
hero_spruce_a -19.35 -7.13 201.17 1.42 1.01 0 0 0 0.380 16.00 3.90
hero_birch_a -11.30 -8.17 202.05 0.65 0.81 0 0 0 0.200 13.23 4.86
hero_oak_a -6.58 -8.81 198.49 1.87 0.85 0 0 0 0.550 13.74 8.57
hero_birch_a -1.59 -9.40 199.48 2.74 0.86 0 1 0 0.200 13.23 4.86
hero_oak_a 7.02 -10.53 203.02 1.88 1.08 0 1 0 0.550 13.74 8.57
hero_oak_b 23.65 -11.36 200.01 3.07 0.95 0 1 0 0.480 10.11 6.89
hero_birch_b 29.15 -12.19 201.54 2.10 0.99 0 1 0 0.220 14.31 7.20
hero_spruce_c 36.41 -12.59 202.58 1.06 1.04 0 0 0 0.420 19.00 3.91
hero_oak_b 40.47 -12.74 200.78 4.47 1.12 0 0 0 0.480 10.11 6.89
hero_birch_a 46.97 -12.87 198.53 3.04 1.14 0 0 0 0.200 13.23 4.86
hero_spruce_c 52.23 -12.96 200.20 4.34 0.96 0 0 0 0.420 19.00 3.91
hero_birch_b 56.53 -13.00 200.66 5.14 1.06 0 0 0 0.220 14.31 7.20
hero_spruce_c -26.18 -6.16 207.05 1.27 1.13 0 0 0 0.420 19.00 3.91
hero_birch_a -20.00 -7.00 205.14 3.46 0.95 0 0 0 0.200 13.23 4.86
hero_oak_a -15.02 -7.65 208.23 4.34 1.02 0 0 0 0.550 13.74 8.57
hero_spruce_b -4.86 -8.96 208.18 2.19 1.10 0 0 0 0.320 13.00 3.84
hero_spruce_b -2.44 -9.24 207.38 2.58 1.00 0 1 0 0.320 13.00 3.84
hero_oak_a 6.25 -10.36 207.04 4.81 1.12 0 1 0 0.550 13.74 8.57
hero_spruce_c 31.45 -12.33 204.50 3.92 1.01 0 1 0 0.420 19.00 3.91
hero_oak_c 32.86 -12.40 207.59 6.15 0.81 0 1 0 0.620 16.21 10.57
hero_oak_a 46.47 -13.03 209.20 0.31 0.97 0 0 0 0.550 13.74 8.57
hero_oak_a 50.61 -13.15 209.08 3.23 1.02 0 0 0 0.550 13.74 8.57
hero_pine_a 60.60 -13.29 209.48 2.67 1.10 0 0 0 0.340 17.00 4.12
hero_oak_a -27.38 -5.92 215.20 2.30 0.87 0 0 0 0.550 13.74 8.57
hero_spruce_c -16.60 -7.42 214.14 3.76 1.09 0 0 0 0.420 19.00 3.91
hero_spruce_c -13.93 -7.75 214.75 3.07 0.85 0 0 0 0.420 19.00 3.91
hero_spruce_b -7.35 -8.63 211.73 3.53 1.11 0 0 0 0.320 13.00 3.84
hero_spruce_a -0.09 -9.47 213.01 1.29 0.86 0 1 0 0.380 16.00 3.90
hero_birch_a 3.97 -9.95 212.88 3.42 1.06 0 1 0 0.200 13.23 4.86
hero_birch_b 8.93 -10.66 214.07 4.14 0.84 0 1 0 0.220 14.31 7.20
hero_pine_b 24.83 -11.46 213.12 3.71 0.95 0 1 0 0.300 14.00 4.13
hero_spruce_c 28.36 -12.08 214.02 0.20 0.86 0 1 0 0.420 19.00 3.91
hero_spruce_b 34.29 -12.51 214.79 2.73 0.88 0 1 0 0.320 13.00 3.84
hero_pine_a 41.06 -12.89 215.38 0.44 1.07 0 0 0 0.340 17.00 4.12
hero_oak_a 48.14 -13.15 212.27 5.09 1.13 0 0 0 0.550 13.74 8.57
hero_spruce_c 51.17 -13.21 213.03 4.24 0.84 0 0 0 0.420 19.00 3.91
hero_birch_b 56.65 -13.34 212.65 6.03 1.11 0 0 0 0.220 14.31 7.20
hero_birch_b -26.27 -6.06 217.80 0.27 0.81 0 0 0 0.220 14.31 7.20
hero_birch_a -19.78 -6.98 218.31 5.13 1.09 0 0 0 0.200 13.23 4.86
hero_birch_a -15.02 -7.62 217.98 2.23 1.12 0 0 0 0.200 13.23 4.86
hero_pine_a -7.07 -8.63 219.56 0.77 1.03 0 0 0 0.340 17.00 4.12
hero_birch_a 1.31 -9.60 218.69 4.63 0.82 0 1 0 0.200 13.23 4.86
hero_oak_a 5.74 -10.16 221.25 3.03 1.05 0 1 0 0.550 13.74 8.57
hero_oak_b 10.09 -10.81 219.05 0.49 0.87 0 1 0 0.480 10.11 6.89
hero_oak_a 24.31 -11.34 220.71 0.66 0.97 0 1 0 0.550 13.74 8.57
hero_spruce_c 28.28 -12.05 219.58 2.02 0.97 0 1 0 0.420 19.00 3.91
hero_pine_a 32.54 -12.42 220.16 3.27 1.02 0 1 0 0.340 17.00 4.12
hero_oak_c 42.32 -12.99 221.35 4.10 1.11 0 0 0 0.620 16.21 10.57
hero_birch_a 45.14 -13.08 220.00 6.07 0.81 0 0 0 0.200 13.23 4.86
hero_oak_b 51.95 -13.34 218.18 4.16 1.11 0 0 0 0.480 10.11 6.89
hero_pine_b 59.02 -13.51 219.01 3.24 1.02 0 0 0 0.300 14.00 4.13
hero_spruce_c -24.50 -6.31 225.38 3.00 0.89 0 0 0 0.420 19.00 3.91
hero_spruce_b -17.68 -7.24 227.26 5.12 0.81 0 0 0 0.320 13.00 3.84
hero_pine_a -15.45 -7.57 227.21 2.99 1.11 0 0 0 0.340 17.00 4.12
hero_birch_b -5.55 -8.82 225.31 2.19 1.04 0 0 0 0.220 14.31 7.20
hero_oak_b -0.81 -9.36 226.27 5.70 0.88 0 1 0 0.480 10.11 6.89
hero_spruce_c 6.82 -10.25 226.71 0.93 0.82 0 1 0 0.420 19.00 3.91
hero_pine_b 12.01 -11.16 225.66 1.04 1.14 0 1 0 0.300 14.00 4.13
hero_oak_b 27.09 -11.80 226.95 5.90 1.02 0 1 0 0.480 10.11 6.89
hero_birch_b 34.29 -12.56 226.16 4.91 1.07 0 1 0 0.220 14.31 7.20
hero_spruce_b 46.57 -13.18 223.50 3.74 0.86 0 0 0 0.320 13.00 3.84
hero_birch_a 58.75 -13.62 225.89 1.37 0.80 0 0 0 0.200 13.23 4.86
hero_pine_b -20.39 -6.90 231.50 5.77 1.03 0 0 0 0.300 14.00 4.13
hero_spruce_a -10.51 -8.21 230.65 2.20 1.04 0 0 0 0.380 16.00 3.90
hero_birch_b -5.97 -8.77 232.51 5.41 0.89 0 0 0 0.220 14.31 7.20
hero_birch_b 3.00 -9.83 231.87 0.34 1.08 0 1 0 0.220 14.31 7.20
hero_oak_a 12.40 -11.12 231.89 4.40 0.88 0 1 0 0.550 13.74 8.57
hero_pine_b 29.39 -12.09 231.28 0.97 0.92 0 1 0 0.300 14.00 4.13
hero_spruce_c 35.48 -12.62 229.84 2.73 0.83 0 1 0 0.420 19.00 3.91
hero_oak_a 41.60 -13.02 231.27 1.81 1.07 0 0 0 0.550 13.74 8.57
hero_oak_b 47.87 -13.30 230.11 2.68 0.90 0 0 0 0.480 10.11 6.89
hero_oak_a 54.88 -13.59 230.70 3.39 0.99 0 0 0 0.550 13.74 8.57
hero_spruce_a 59.00 -13.76 233.47 6.08 0.90 0 0 0 0.380 16.00 3.90
hero_pine_a -18.97 -7.11 235.50 2.20 1.08 0 0 0 0.340 17.00 4.12
hero_spruce_b -12.22 -7.98 235.31 6.10 0.83 0 0 0 0.320 13.00 3.84
hero_spruce_a -6.41 -8.74 237.36 1.75 0.95 0 0 0 0.380 16.00 3.90
hero_spruce_a 9.99 -10.74 239.22 0.13 1.10 0 1 0 0.380 16.00 3.90
hero_birch_b 25.29 -11.43 238.53 4.59 1.05 0 1 0 0.220 14.31 7.20
hero_spruce_b 27.00 -11.68 237.20 2.22 0.80 0 1 0 0.320 13.00 3.84
hero_spruce_a 37.39 -12.82 237.71 4.47 1.11 0 1 0 0.380 16.00 3.90
hero_pine_b 40.57 -12.99 237.36 0.74 0.93 0 0 0 0.300 14.00 4.13
hero_spruce_a 46.51 -13.33 237.87 4.96 1.09 0 0 0 0.380 16.00 3.90
hero_spruce_a 53.47 -13.62 237.15 2.51 0.98 0 0 0 0.380 16.00 3.90
hero_oak_c 59.83 -13.89 239.38 3.92 1.07 0 0 0 0.620 16.21 10.57
hero_spruce_b 62.80 -13.88 235.04 4.06 0.84 0 0 0 0.320 13.00 3.84
hero_spruce_a -20.06 -6.95 240.80 4.74 0.91 0 0 0 0.380 16.00 3.90
hero_oak_b -13.02 -7.92 240.85 2.77 1.08 0 0 0 0.480 10.11 6.89
hero_spruce_b -5.14 -8.90 242.27 2.73 0.85 0 0 0 0.320 13.00 3.84
hero_pine_a -0.35 -9.49 241.87 2.95 1.09 0 1 0 0.340 17.00 4.12
hero_spruce_a 7.37 -10.35 243.80 2.91 1.06 0 1 0 0.380 16.00 3.90
hero_birch_a 12.56 -11.07 241.96 6.15 1.01 0 1 0 0.200 13.23 4.86
hero_spruce_a 28.13 -11.77 244.31 2.58 0.84 0 1 0 0.380 16.00 3.90
hero_spruce_c 37.40 -12.85 243.21 5.28 0.97 0 1 0 0.420 19.00 3.91
hero_oak_b 40.98 -13.05 241.16 3.83 0.96 0 0 0 0.480 10.11 6.89
hero_oak_c 46.31 -13.35 242.04 2.18 0.96 0 0 0 0.620 16.21 10.57
hero_oak_c 53.84 -13.71 244.19 1.08 0.88 0 0 0 0.620 16.21 10.57
hero_oak_a 60.54 -13.95 242.28 5.60 1.04 0 0 0 0.550 13.74 8.57
hero_pine_b 63.55 -14.06 243.69 4.35 1.12 0 0 0 0.300 14.00 4.13
hero_spruce_a -25.06 -6.21 248.46 2.00 0.86 0 0 0 0.380 16.00 3.90
hero_birch_b -20.33 -6.89 249.24 4.22 0.92 0 0 0 0.220 14.31 7.20
hero_oak_a -12.01 -8.02 250.98 1.02 0.83 0 0 0 0.550 13.74 8.57
hero_birch_b -4.66 -8.99 250.51 0.38 1.06 0 0 0 0.220 14.31 7.20
hero_spruce_b 0.10 -9.55 250.82 0.71 0.96 0 1 0 0.320 13.00 3.84
hero_pine_a 7.18 -10.34 246.54 1.28 1.05 0 1 0 0.340 17.00 4.12
hero_spruce_b 8.56 -10.50 249.50 2.87 0.88 0 1 0 0.320 13.00 3.84
hero_birch_b 29.95 -12.10 250.82 1.25 1.09 0 1 0 0.220 14.31 7.20
hero_spruce_b 33.89 -12.67 251.33 2.13 0.85 0 1 0 0.320 13.00 3.84
hero_pine_a 40.71 -13.12 251.05 2.28 0.88 0 0 0 0.340 17.00 4.12
hero_spruce_a 44.92 -13.38 251.13 3.92 1.08 0 0 0 0.380 16.00 3.90
hero_spruce_a 52.34 -13.75 251.07 5.59 1.10 0 0 0 0.380 16.00 3.90
hero_spruce_c 56.58 -13.88 249.51 4.68 0.82 0 0 0 0.420 19.00 3.91
hero_spruce_b 63.03 -14.12 251.36 6.19 0.82 0 0 0 0.320 13.00 3.84
hero_spruce_a -17.95 -7.20 252.54 5.35 0.90 0 0 0 0.380 16.00 3.90
hero_birch_b -15.36 -7.50 257.46 0.75 0.85 0 0 0 0.220 14.31 7.20
hero_spruce_a -7.54 -8.61 253.33 2.20 0.95 0 0 0 0.380 16.00 3.90
hero_birch_b -1.32 -9.35 257.47 3.08 0.92 0 0 0 0.220 14.31 7.20
hero_oak_b 3.81 -9.99 253.41 1.01 1.10 0 1 0 0.480 10.11 6.89
hero_birch_a 11.93 -10.91 253.72 4.06 0.80 0 1 0 0.200 13.23 4.86
hero_spruce_a 28.04 -11.54 255.42 2.81 1.00 0 1 0 0.380 16.00 3.90
hero_spruce_a 34.48 -12.77 256.60 3.65 1.04 0 1 0 0.380 16.00 3.90
hero_spruce_a 42.42 -13.25 254.18 5.18 0.93 0 0 0 0.380 16.00 3.90
hero_oak_b 47.30 -13.51 254.58 0.52 0.82 0 0 0 0.480 10.11 6.89
hero_oak_c 55.05 -13.90 255.35 3.35 0.96 0 0 0 0.620 16.21 10.57
hero_pine_b 56.66 -13.95 254.69 5.02 0.87 0 0 0 0.300 14.00 4.13
hero_pine_b 63.46 -14.19 253.68 4.68 1.11 0 0 0 0.300 14.00 4.13
hero_spruce_a -21.52 -6.51 262.03 3.96 0.89 0 0 0 0.380 16.00 3.90
hero_pine_b -13.29 -7.70 262.65 3.11 1.01 0 0 0 0.300 14.00 4.13
hero_birch_b -6.59 -8.62 261.63 4.79 0.81 0 0 0 0.220 14.31 7.20
hero_oak_a -2.16 -9.18 262.85 4.41 0.93 0 0 0 0.550 13.74 8.57
hero_oak_a 6.40 -10.21 262.52 1.25 0.93 0 1 0 0.550 13.74 8.57
hero_spruce_c 12.41 -10.85 260.08 3.37 0.87 0 1 0 0.420 19.00 3.91
hero_oak_a 31.39 -12.41 263.24 2.78 1.03 0 1 0 0.550 13.74 8.57
hero_birch_b 34.48 -12.77 260.59 3.75 0.81 0 1 0 0.220 14.31 7.20
hero_spruce_a 40.98 -13.24 262.86 4.96 1.12 0 0 0 0.380 16.00 3.90
hero_spruce_a 45.00 -13.45 261.71 1.64 0.87 0 0 0 0.380 16.00 3.90
hero_spruce_c 55.44 -13.96 260.12 1.26 0.95 0 0 0 0.420 19.00 3.91
hero_spruce_b 61.20 -14.19 260.87 6.00 1.04 0 0 0 0.320 13.00 3.84
hero_spruce_a -13.94 -7.48 266.63 4.12 0.81 0 0 0 0.380 16.00 3.90
hero_oak_a -7.76 -8.32 268.64 0.08 1.13 0 0 0 0.550 13.74 8.57
hero_spruce_b -1.23 -9.25 265.07 2.37 0.86 0 0 0 0.320 13.00 3.84
hero_birch_b 4.25 -9.93 265.12 3.92 0.91 0 1 0 0.220 14.31 7.20
hero_pine_b 9.26 -10.42 268.61 3.85 0.83 0 1 0 0.300 14.00 4.13
hero_spruce_c 27.34 -11.07 266.33 5.84 1.10 0 1 0 0.420 19.00 3.91
hero_spruce_b 36.25 -12.94 266.84 3.96 1.09 0 1 0 0.320 13.00 3.84
hero_pine_b 38.77 -13.09 266.88 3.37 0.96 0 1 0 0.300 14.00 4.13
hero_oak_c 48.58 -13.69 266.50 2.81 1.04 0 0 0 0.620 16.21 10.57
hero_pine_a 52.84 -13.89 269.06 2.39 0.87 0 0 0 0.340 17.00 4.12
hero_pine_a 58.76 -14.14 267.35 0.36 0.92 0 0 0 0.340 17.00 4.12
hero_birch_a 65.61 -14.36 267.72 2.33 0.83 0 0 0 0.200 13.23 4.86
hero_spruce_c -16.48 -6.74 275.18 2.23 1.09 0 0 0 0.420 19.00 3.91
hero_pine_a -15.02 -6.98 274.63 2.84 0.95 0 0 0 0.340 17.00 4.12
hero_spruce_a -5.87 -8.47 270.68 1.74 0.80 0 0 0 0.380 16.00 3.90
hero_spruce_c -0.95 -9.13 271.55 5.74 1.04 0 0 0 0.420 19.00 3.91
hero_pine_a 6.26 -9.93 274.62 4.97 1.06 0 1 0 0.340 17.00 4.12
hero_spruce_a 13.33 -10.44 274.40 5.88 0.95 0 1 0 0.380 16.00 3.90
hero_pine_a 27.99 -10.80 272.99 3.69 0.97 0 1 0 0.340 17.00 4.12
hero_spruce_a 34.49 -12.73 272.92 2.90 0.87 0 1 0 0.380 16.00 3.90
hero_pine_b 39.45 -13.13 271.85 3.52 0.94 0 1 0 0.300 14.00 4.13
hero_spruce_a 49.00 -13.71 272.07 2.27 0.93 0 0 0 0.380 16.00 3.90
hero_spruce_b 53.38 -13.93 275.00 4.86 0.97 0 0 0 0.320 13.00 3.84
hero_spruce_c 59.28 -14.20 272.67 5.90 1.07 0 0 0 0.420 19.00 3.91
hero_oak_a 65.63 -14.40 273.96 1.57 0.99 0 0 0 0.550 13.74 8.57
hero_pine_b -22.51 -5.48 279.25 0.74 0.90 0 0 0 0.300 14.00 4.13
hero_oak_c -17.05 -6.19 281.51 3.90 0.87 0 0 0 0.620 16.21 10.57
hero_oak_b -15.33 -6.79 277.25 1.58 1.13 0 0 0 0.480 10.11 6.89
hero_spruce_a -3.09 -8.54 278.21 0.51 1.04 0 0 0 0.380 16.00 3.90
hero_birch_b 3.98 -9.42 279.65 5.59 1.07 0 1 0 0.220 14.31 7.20
hero_oak_a 12.83 -10.29 278.48 2.85 0.93 0 1 0 0.550 13.74 8.57
hero_birch_a 15.80 -10.07 278.17 0.18 0.81 0 1 0 0.200 13.23 4.86
hero_spruce_c 28.30 -10.56 279.13 5.77 1.01 0 1 0 0.420 19.00 3.91
hero_birch_a 32.51 -12.38 280.07 3.85 1.08 0 1 0 0.200 13.23 4.86
hero_spruce_b 42.54 -13.24 281.00 4.67 1.04 0 0 0 0.320 13.00 3.84
hero_spruce_c 48.62 -13.65 279.24 4.24 1.02 0 0 0 0.420 19.00 3.91
hero_pine_a 51.50 -13.80 280.03 1.04 1.00 0 0 0 0.340 17.00 4.12
hero_spruce_b 58.45 -14.14 278.70 4.18 0.95 0 0 0 0.320 13.00 3.84
hero_oak_c 64.18 -14.35 278.77 3.23 1.03 0 0 0 0.620 16.21 10.57
hero_oak_c -19.43 -5.27 287.47 1.93 0.97 0 0 0 0.620 16.21 10.57
hero_spruce_c -12.55 -6.81 283.06 2.03 1.15 0 0 0 0.420 19.00 3.91
hero_oak_a -7.72 -7.38 284.94 5.70 0.88 0 0 0 0.550 13.74 8.57
hero_spruce_c 0.73 -8.65 284.76 5.36 0.99 0 0 0 0.420 19.00 3.91
hero_spruce_a 5.47 -9.19 286.24 3.05 0.92 0 1 0 0.380 16.00 3.90
hero_oak_a 9.81 -9.83 284.49 0.69 0.87 0 1 0 0.550 13.74 8.57
hero_spruce_a 28.63 -10.15 286.99 6.26 0.88 0 1 0 0.380 16.00 3.90
hero_oak_b 35.45 -12.59 284.39 2.03 1.06 0 1 0 0.480 10.11 6.89
hero_birch_a 39.14 -12.96 282.52 1.45 1.05 0 1 0 0.200 13.23 4.86
hero_birch_b 45.14 -13.34 283.91 5.71 0.83 0 0 0 0.220 14.31 7.20
hero_birch_a 51.49 -13.71 285.68 3.79 1.04 0 0 0 0.200 13.23 4.86
hero_spruce_b 66.13 -14.39 283.03 1.45 1.11 0 0 0 0.320 13.00 3.84
hero_spruce_c -17.88 -4.86 293.28 5.24 0.81 0 0 0 0.420 19.00 3.91
hero_spruce_b -14.52 -5.76 290.45 2.20 0.84 0 0 0 0.320 13.00 3.84
hero_spruce_b -5.52 -7.40 288.78 3.05 1.12 0 0 0 0.320 13.00 3.84
hero_birch_a 0.21 -8.04 290.90 1.46 0.88 0 0 0 0.200 13.23 4.86
hero_spruce_a 3.43 -8.44 291.81 5.43 0.92 0 1 0 0.380 16.00 3.90
hero_birch_b 11.06 -9.65 288.84 0.55 0.85 0 1 0 0.220 14.31 7.20
hero_pine_a 29.71 -10.50 290.25 3.82 0.84 0 1 0 0.340 17.00 4.12
hero_spruce_c 37.17 -12.42 292.15 3.78 0.83 0 1 0 0.420 19.00 3.91
hero_oak_c 43.03 -12.88 292.83 5.92 0.91 0 0 0 0.620 16.21 10.57
hero_pine_b 46.98 -13.16 293.11 5.35 0.87 0 0 0 0.300 14.00 4.13
hero_spruce_b 53.70 -13.73 289.63 4.55 0.99 0 0 0 0.320 13.00 3.84
hero_spruce_c 59.47 -13.99 290.94 0.46 1.06 0 0 0 0.420 19.00 3.91
hero_spruce_b 64.34 -14.24 288.65 3.12 1.01 0 0 0 0.320 13.00 3.84
hero_pine_a -15.46 -5.08 294.87 4.83 0.90 0 0 0 0.340 17.00 4.12
hero_spruce_b -8.73 -5.97 296.94 1.81 1.14 0 0 0 0.320 13.00 3.84
hero_birch_a 1.19 -7.41 298.19 5.75 1.12 0 0 0 0.200 13.23 4.86
hero_oak_b 3.86 -7.71 298.99 1.10 0.86 0 1 0 0.480 10.11 6.89
hero_oak_a 11.84 -9.18 295.29 5.73 0.95 0 1 0 0.550 13.74 8.57
hero_pine_b 28.18 -8.76 299.04 3.07 0.99 0 1 0 0.300 14.00 4.13
hero_spruce_b 37.02 -12.25 294.98 1.04 0.91 0 1 0 0.320 13.00 3.84
hero_spruce_c 42.85 -12.51 299.50 0.43 1.12 0 0 0 0.420 19.00 3.91
hero_spruce_a 46.98 -12.87 298.71 3.60 0.84 0 0 0 0.380 16.00 3.90
hero_oak_a 52.66 -13.33 298.33 5.58 1.10 0 0 0 0.550 13.74 8.57
hero_birch_a 57.06 -13.64 297.34 0.27 1.10 0 0 0 0.200 13.23 4.86
hero_spruce_c -16.84 -3.80 302.36 1.39 1.07 0 0 0 0.420 19.00 3.91
hero_spruce_c -10.99 -4.71 303.09 4.96 1.08 0 0 0 0.420 19.00 3.91
hero_birch_a -9.12 -5.38 300.64 5.23 0.90 0 0 0 0.200 13.23 4.86
hero_pine_a -0.52 -6.84 300.58 0.94 1.14 0 0 0 0.340 17.00 4.12
hero_pine_b 4.19 -7.32 302.60 0.33 1.13 0 1 0 0.300 14.00 4.13
hero_pine_b 12.76 -8.12 303.85 1.35 1.13 0 1 0 0.300 14.00 4.13
hero_pine_a 31.47 -10.46 303.72 6.02 1.14 0 1 0 0.340 17.00 4.12
hero_birch_a 35.41 -11.34 304.19 0.50 0.98 0 1 0 0.200 13.23 4.86
hero_spruce_b 43.28 -12.44 300.99 5.05 1.13 0 0 0 0.320 13.00 3.84
hero_spruce_a 46.20 -12.51 303.29 2.41 0.99 0 0 0 0.380 16.00 3.90
hero_spruce_b 54.81 -13.00 305.44 0.16 0.80 0 0 0 0.320 13.00 3.84
hero_spruce_c 61.04 -13.63 301.34 3.39 0.85 0 0 0 0.420 19.00 3.91
hero_spruce_c 64.35 -13.68 303.57 4.52 0.95 0 0 0 0.420 19.00 3.91
hero_spruce_b -16.74 -2.77 308.49 5.85 0.86 0 0 0 0.320 13.00 3.84
hero_birch_a -12.31 -3.04 311.47 0.34 1.11 0 0 0 0.200 13.23 4.86
hero_pine_b -9.03 -3.84 310.17 3.43 0.83 0 0 0 0.300 14.00 4.13
hero_birch_b 1.31 -5.72 309.71 3.27 0.85 0 0 0 0.220 14.31 7.20
hero_pine_a 3.02 -6.49 306.84 6.11 1.00 0 1 0 0.340 17.00 4.12
hero_birch_a 12.36 -7.26 310.00 4.91 1.08 0 1 0 0.200 13.23 4.86
hero_spruce_c 28.23 -7.87 307.04 2.21 1.07 0 1 0 0.420 19.00 3.91
hero_pine_b 33.61 -10.77 306.73 3.10 0.90 0 1 0 0.300 14.00 4.13
hero_pine_a 39.69 -11.24 310.03 5.50 1.03 0 1 0 0.340 17.00 4.12
hero_spruce_b 49.29 -12.37 308.10 1.14 0.81 0 0 0 0.320 13.00 3.84
hero_spruce_a 53.25 -12.43 311.05 0.69 0.88 0 0 0 0.380 16.00 3.90
hero_spruce_c 60.31 -12.94 311.21 1.54 0.99 0 0 0 0.420 19.00 3.91
hero_spruce_b -18.08 -0.93 316.90 0.50 1.07 0 0 0 0.320 13.00 3.84
hero_pine_b -10.93 -2.43 315.88 1.62 1.07 0 0 0 0.300 14.00 4.13
hero_spruce_c -0.20 -4.95 312.61 2.41 0.83 0 0 0 0.420 19.00 3.91
hero_birch_b 3.71 -5.66 312.52 1.64 1.07 0 1 0 0.220 14.31 7.20
hero_spruce_c 10.66 -6.59 313.18 4.50 0.85 0 1 0 0.420 19.00 3.91
hero_spruce_b 14.79 -6.44 313.09 3.31 0.90 0 1 0 0.320 13.00 3.84
hero_oak_c 30.12 -8.02 316.25 2.20 1.06 0 1 0 0.620 16.21 10.57
hero_spruce_b 35.62 -10.35 313.34 3.99 1.09 0 1 0 0.320 13.00 3.84
hero_oak_b 38.73 -10.37 316.06 1.51 0.84 0 1 0 0.480 10.11 6.89
hero_spruce_c 45.38 -11.05 316.68 6.16 0.81 0 0 0 0.420 19.00 3.91
hero_pine_a 54.57 -12.01 316.51 6.22 1.14 0 0 0 0.340 17.00 4.12
hero_birch_b -20.98 0.86 322.80 3.90 1.08 0 0 0 0.220 14.31 7.20
hero_oak_c -12.64 -0.86 321.73 0.18 1.01 0 0 0 0.620 16.21 10.57
hero_spruce_a -9.02 -1.56 321.60 3.16 1.12 0 0 0 0.380 16.00 3.90
hero_pine_b -2.49 -3.34 318.69 5.81 0.84 0 0 0 0.300 14.00 4.13
hero_birch_b 6.55 -4.70 320.14 3.27 1.11 0 1 0 0.220 14.31 7.20
hero_birch_b 8.88 -4.86 321.07 0.74 0.91 0 1 0 0.220 14.31 7.20
hero_oak_b 29.10 -6.53 321.47 4.63 0.98 0 1 0 0.480 10.11 6.89
hero_spruce_b 33.05 -8.85 320.67 5.59 0.80 0 1 0 0.320 13.00 3.84
hero_spruce_c 42.84 -9.92 322.68 4.54 0.95 0 0 0 0.420 19.00 3.91
hero_spruce_c 49.49 -10.76 322.20 5.95 0.85 0 0 0 0.420 19.00 3.91
hero_pine_b 52.59 -11.16 321.76 2.63 0.91 0 0 0 0.300 14.00 4.13
hero_spruce_a 66.06 -12.38 320.51 1.50 0.83 0 0 0 0.380 16.00 3.90
hero_oak_b -20.54 1.69 326.72 1.10 0.87 0 0 0 0.480 10.11 6.89
hero_pine_b -10.65 -0.49 324.92 3.39 0.92 0 0 0 0.300 14.00 4.13
hero_birch_a -4.66 -1.40 325.67 2.88 0.80 0 0 0 0.200 13.23 4.86
hero_pine_a -2.00 -1.83 326.07 0.27 1.04 0 0 0 0.340 17.00 4.12
hero_spruce_b 5.06 -3.22 325.60 0.24 0.88 0 1 0 0.320 13.00 3.84
hero_spruce_b 13.10 -4.36 325.28 0.36 1.11 0 1 0 0.320 13.00 3.84
hero_pine_a 30.59 -7.01 324.97 0.70 0.88 0 1 0 0.340 17.00 4.12
hero_spruce_c 35.25 -8.43 325.38 0.38 1.15 0 1 0 0.420 19.00 3.91
hero_spruce_b 40.54 -9.04 326.08 3.54 0.86 0 1 0 0.320 13.00 3.84
hero_birch_b 48.19 -9.56 329.03 6.23 1.02 0 0 0 0.220 14.31 7.20
hero_birch_a 51.79 -10.63 324.94 3.31 0.98 0 0 0 0.200 13.23 4.86
hero_oak_c 59.56 -11.04 327.38 0.87 0.90 0 0 0 0.620 16.21 10.57
hero_spruce_c 65.58 -11.84 325.02 1.54 1.01 0 0 0 0.420 19.00 3.91
hero_spruce_c -11.43 1.35 331.98 5.65 0.82 0 0 0 0.420 19.00 3.91
hero_spruce_b -5.86 0.24 331.61 2.77 0.89 0 0 0 0.320 13.00 3.84
hero_oak_b -2.12 0.27 334.53 3.92 1.02 0 0 0 0.480 10.11 6.89
hero_spruce_a 6.51 -1.91 332.30 6.22 0.90 0 1 0 0.380 16.00 3.90
hero_birch_b 12.43 -2.07 335.36 5.40 0.94 0 1 0 0.220 14.31 7.20
hero_spruce_a 27.48 -3.91 332.71 1.63 0.86 0 1 0 0.380 16.00 3.90
hero_oak_a 33.99 -7.20 330.65 3.75 0.86 0 1 0 0.550 13.74 8.57
hero_spruce_c 38.93 -7.84 331.44 3.33 1.09 0 1 0 0.420 19.00 3.91
hero_pine_b 48.79 -8.65 334.46 0.04 1.02 0 0 0 0.300 14.00 4.13
hero_spruce_c 51.97 -9.57 331.61 0.50 0.85 0 0 0 0.420 19.00 3.91
hero_pine_b 57.93 -9.79 334.35 5.47 1.11 0 0 0 0.300 14.00 4.13
hero_pine_b 64.58 -10.37 334.64 0.22 0.82 0 0 0 0.300 14.00 4.13
hero_pine_a -21.51 4.74 338.73 5.38 0.97 0 0 0 0.340 17.00 4.12
hero_birch_b -7.65 2.43 338.88 5.77 0.88 0 0 0 0.220 14.31 7.20
hero_birch_b -0.88 1.77 341.12 4.86 0.92 0 0 0 0.220 14.31 7.20
hero_oak_c 9.54 -0.65 339.50 0.45 1.10 0 1 0 0.620 16.21 10.57
hero_pine_b 29.21 -3.68 338.59 4.79 0.82 0 1 0 0.300 14.00 4.13
hero_birch_a 33.87 -5.34 339.10 2.93 1.04 0 1 0 0.200 13.23 4.86
hero_spruce_a 42.67 -6.78 339.23 2.49 0.96 0 0 0 0.380 16.00 3.90
hero_spruce_c 46.63 -7.75 337.53 5.86 1.07 0 0 0 0.420 19.00 3.91
hero_pine_b 52.22 -8.51 337.55 5.41 0.91 0 0 0 0.300 14.00 4.13
hero_oak_a -24.38 7.18 346.85 5.81 0.83 0 0 0 0.550 13.74 8.57
hero_oak_b -17.39 6.33 347.51 3.64 0.88 0 0 0 0.480 10.11 6.89
hero_pine_b -12.95 4.98 345.05 6.17 0.92 0 0 0 0.300 14.00 4.13
hero_spruce_b -7.28 4.39 346.47 3.49 0.91 0 0 0 0.320 13.00 3.84
hero_oak_a -2.75 2.50 342.49 4.04 0.82 0 0 0 0.550 13.74 8.57
hero_oak_a 2.81 1.88 344.17 5.38 1.09 0 1 0 0.550 13.74 8.57
hero_birch_b 12.43 0.14 344.66 2.95 0.82 0 1 0 0.220 14.31 7.20
hero_spruce_b 27.99 -1.82 345.29 0.88 1.10 0 1 0 0.320 13.00 3.84
hero_birch_a 34.53 -4.05 344.92 5.03 0.94 0 1 0 0.200 13.23 4.86
hero_spruce_c 41.83 -5.16 345.58 0.34 0.83 0 0 0 0.420 19.00 3.91
hero_spruce_c 46.71 -6.15 344.85 1.38 0.90 0 0 0 0.420 19.00 3.91
hero_spruce_c 52.53 -6.92 345.45 4.33 1.03 0 0 0 0.420 19.00 3.91
hero_birch_a -23.81 8.15 351.13 2.95 0.81 0 0 0 0.200 13.23 4.86
hero_oak_a -18.32 6.97 349.53 5.96 1.05 0 0 0 0.550 13.74 8.57
hero_spruce_b -13.86 6.19 349.08 1.38 0.83 0 0 0 0.320 13.00 3.84
hero_oak_b -5.29 5.46 351.68 6.05 0.88 0 0 0 0.480 10.11 6.89
hero_spruce_a -1.64 4.33 350.06 2.30 1.14 0 0 0 0.380 16.00 3.90
hero_spruce_a 6.21 3.42 352.12 1.46 0.89 0 1 0 0.380 16.00 3.90
hero_spruce_b 10.40 2.36 352.02 5.40 0.84 0 1 0 0.320 13.00 3.84
hero_spruce_b 27.43 -0.48 350.54 4.78 0.99 0 1 0 0.320 13.00 3.84
hero_pine_a 36.56 -3.26 349.48 0.32 0.91 0 1 0 0.340 17.00 4.12
hero_pine_b 39.04 -2.78 353.15 5.77 1.02 0 0 0 0.300 14.00 4.13
hero_birch_a 45.54 -4.11 352.60 4.33 1.12 0 0 0 0.200 13.23 4.86
hero_spruce_c 52.09 -6.02 349.12 3.72 0.97 0 0 0 0.420 19.00 3.91
hero_oak_b 57.44 -6.49 350.37 2.40 0.86 0 0 0 0.480 10.11 6.89
hero_spruce_c -24.15 8.97 354.49 4.83 1.03 0 0 0 0.420 19.00 3.91
hero_oak_a -20.10 8.75 355.54 5.01 0.84 0 0 0 0.550 13.74 8.57
hero_spruce_b -12.60 7.77 355.82 1.04 0.85 0 0 0 0.320 13.00 3.84
hero_pine_b -6.16 7.35 358.17 5.04 1.02 0 0 0 0.300 14.00 4.13
hero_oak_c -2.53 6.93 358.79 1.06 0.82 0 0 0 0.620 16.21 10.57
hero_spruce_c 4.44 4.66 355.21 1.68 0.80 0 1 0 0.420 19.00 3.91
hero_spruce_b 10.65 3.93 358.99 4.31 0.97 0 1 0 0.320 13.00 3.84
hero_spruce_c 24.88 2.53 359.26 2.02 0.82 0 1 0 0.420 19.00 3.91
hero_spruce_b 31.36 0.22 358.57 6.19 1.15 0 1 0 0.320 13.00 3.84
hero_spruce_b 34.76 -1.47 354.98 5.37 1.05 0 1 0 0.320 13.00 3.84
hero_oak_a 41.71 -2.64 355.57 4.76 0.98 0 0 0 0.550 13.74 8.57
hero_spruce_c 47.14 -3.81 354.80 5.65 0.88 0 0 0 0.420 19.00 3.91
hero_spruce_a 51.41 -3.64 358.33 3.29 0.83 0 0 0 0.380 16.00 3.90
hero_spruce_c 58.18 -5.22 356.33 6.04 0.96 0 0 0 0.420 19.00 3.91
hero_spruce_b -26.04 11.05 362.68 2.57 0.90 0 0 0 0.320 13.00 3.84
hero_spruce_b -21.10 10.84 363.83 4.76 0.84 0 0 0 0.320 13.00 3.84
hero_oak_b -11.45 9.43 363.01 3.24 1.04 0 0 0 0.480 10.11 6.89
hero_spruce_a -5.86 8.34 362.01 1.14 0.99 0 0 0 0.380 16.00 3.90
hero_spruce_a -1.01 8.42 365.32 4.60 1.10 0 1 0 0.380 16.00 3.90
hero_spruce_b 7.46 6.28 364.52 0.47 0.83 0 1 0 0.320 13.00 3.84
hero_spruce_a 9.39 5.38 363.48 3.81 1.07 0 1 0 0.380 16.00 3.90
hero_spruce_a 29.65 2.22 364.33 2.31 0.91 0 1 0 0.380 16.00 3.90
hero_pine_a 33.31 1.22 363.65 0.50 1.04 0 1 0 0.340 17.00 4.12
hero_oak_c 40.83 -0.84 361.60 1.78 0.94 0 0 0 0.620 16.21 10.57
hero_spruce_b 44.86 -0.78 364.70 6.23 0.93 0 0 0 0.320 13.00 3.84
hero_oak_a 53.99 -3.36 361.12 1.01 0.89 0 0 0 0.550 13.74 8.57
hero_birch_a 59.94 -3.58 364.13 2.43 1.14 0 0 0 0.200 13.23 4.86
hero_oak_c -24.55 12.17 368.49 4.78 0.89 0 0 0 0.620 16.21 10.57
hero_birch_a -18.37 11.94 370.06 5.18 1.08 0 0 0 0.200 13.23 4.86
hero_spruce_a -14.50 11.39 369.45 2.02 1.00 0 0 0 0.380 16.00 3.90
hero_spruce_a -5.89 10.10 368.83 1.12 1.09 0 0 0 0.380 16.00 3.90
hero_spruce_b -1.88 9.37 368.32 2.66 0.96 0 1 0 0.320 13.00 3.84
hero_spruce_c 2.71 8.40 367.54 2.07 0.89 0 1 0 0.420 19.00 3.91
hero_oak_b 23.57 5.44 370.50 2.91 1.09 0 1 0 0.480 10.11 6.89
hero_birch_b 28.44 4.43 371.45 3.26 1.04 0 1 0 0.220 14.31 7.20
hero_spruce_c 33.21 3.13 370.27 6.03 0.82 0 1 0 0.420 19.00 3.91
hero_spruce_a 41.14 0.62 367.12 1.68 0.84 0 0 0 0.380 16.00 3.90
hero_spruce_a 45.67 -0.43 366.55 5.02 0.93 0 0 0 0.380 16.00 3.90
hero_spruce_b 53.65 -1.30 368.82 1.96 1.02 0 0 0 0.320 13.00 3.84
hero_pine_b 58.07 -1.98 369.18 2.76 1.09 0 0 0 0.300 14.00 4.13
hero_birch_b -23.75 13.11 373.51 5.56 1.04 0 0 0 0.220 14.31 7.20
hero_spruce_b -18.80 13.47 377.13 0.40 0.91 0 0 0 0.320 13.00 3.84
hero_spruce_a -10.85 12.25 375.02 2.73 1.01 0 0 0 0.380 16.00 3.90
hero_oak_b -5.38 11.68 375.45 0.03 0.82 0 0 0 0.480 10.11 6.89
hero_spruce_b -3.06 11.55 376.28 3.00 0.88 0 1 0 0.320 13.00 3.84
hero_oak_c 3.83 10.53 376.42 2.11 0.81 0 1 0 0.620 16.21 10.57
hero_pine_a 23.06 7.04 376.96 2.67 0.89 0 1 0 0.340 17.00 4.12
hero_spruce_c 30.65 4.38 372.92 4.60 0.98 0 1 0 0.420 19.00 3.91
hero_spruce_c 33.99 3.69 372.92 4.14 0.96 0 1 0 0.420 19.00 3.91
hero_oak_a 43.00 2.02 373.57 5.02 0.94 0 0 0 0.550 13.74 8.57
hero_oak_c 47.33 1.99 376.62 5.78 0.94 0 0 0 0.620 16.21 10.57
hero_spruce_c 54.99 0.33 375.89 5.55 1.14 0 0 0 0.420 19.00 3.91
hero_birch_a 60.64 -0.30 377.17 5.79 0.94 0 0 0 0.200 13.23 4.86
hero_spruce_c -24.58 14.60 381.62 1.49 1.12 0 0 0 0.420 19.00 3.91
hero_birch_b -21.01 14.24 380.46 3.36 1.03 0 0 0 0.220 14.31 7.20
hero_spruce_c -14.51 13.89 381.10 4.00 1.05 0 0 0 0.420 19.00 3.91
hero_spruce_c -5.24 13.07 381.73 4.15 0.95 0 0 0 0.420 19.00 3.91
hero_birch_b 0.23 12.04 380.33 1.17 0.81 0 1 0 0.220 14.31 7.20
hero_pine_a 3.65 11.71 381.56 3.35 1.08 0 1 0 0.340 17.00 4.12
hero_oak_b 31.11 6.04 379.25 5.12 0.82 0 1 0 0.480 10.11 6.89
hero_spruce_b 34.42 6.28 382.72 4.07 0.84 0 1 0 0.320 13.00 3.84
hero_spruce_c 38.89 4.78 380.61 0.63 0.96 0 0 0 0.420 19.00 3.91
hero_pine_a 44.48 4.36 383.31 5.39 0.88 0 0 0 0.340 17.00 4.12
hero_spruce_b 54.76 1.89 381.56 5.96 0.93 0 0 0 0.320 13.00 3.84
hero_spruce_c 56.60 1.56 381.55 2.85 0.81 0 0 0 0.420 19.00 3.91
hero_birch_a -23.75 15.76 389.26 3.34 0.86 0 0 0 0.200 13.23 4.86
hero_oak_c -19.69 14.91 384.68 1.24 0.95 0 0 0 0.620 16.21 10.57
hero_pine_a -15.41 14.74 385.15 3.56 0.81 0 0 0 0.340 17.00 4.12
hero_pine_b -8.42 14.35 386.27 1.64 0.96 0 0 0 0.300 14.00 4.13
hero_pine_a 0.07 13.09 385.00 3.19 0.98 0 1 0 0.340 17.00 4.12
hero_pine_b 6.17 11.21 387.23 6.16 1.13 0 1 0 0.300 14.00 4.13
hero_pine_a 8.52 9.92 386.98 5.47 0.94 0 1 0 0.340 17.00 4.12
hero_oak_b 22.37 9.91 389.37 4.43 1.03 0 1 0 0.480 10.11 6.89
hero_oak_a 29.78 8.05 385.88 5.65 0.90 0 1 0 0.550 13.74 8.57
hero_oak_c 32.99 7.41 385.95 1.56 0.90 0 1 0 0.620 16.21 10.57
hero_spruce_c 41.85 5.34 385.04 1.75 1.06 0 0 0 0.420 19.00 3.91
hero_spruce_c 45.01 5.77 389.23 4.06 1.12 0 0 0 0.420 19.00 3.91
hero_pine_a 53.21 4.22 389.49 1.97 1.10 0 0 0 0.340 17.00 4.12
hero_spruce_c 56.73 2.81 386.52 5.22 1.04 0 0 0 0.420 19.00 3.91
hero_pine_b -29.18 16.39 395.06 0.87 1.01 0 0 0 0.300 14.00 4.13
hero_spruce_a -24.06 16.15 392.11 5.58 0.81 0 0 0 0.380 16.00 3.90
hero_oak_a -20.67 16.08 392.33 0.80 1.15 0 0 0 0.550 13.74 8.57
hero_oak_a -10.49 15.84 394.07 4.42 1.04 0 0 0 0.550 13.74 8.57
hero_oak_b -5.28 15.48 394.30 2.02 0.81 0 1 0 0.480 10.11 6.89
hero_spruce_c -1.93 15.23 394.93 4.31 1.03 0 1 0 0.420 19.00 3.91
hero_spruce_b 3.60 13.30 390.92 0.38 0.87 0 1 0 0.320 13.00 3.84
hero_spruce_a 25.17 10.95 394.37 4.26 0.96 0 1 0 0.380 16.00 3.90
hero_pine_a 26.50 10.47 393.32 0.84 0.94 0 1 0 0.340 17.00 4.12
hero_spruce_c 35.67 8.11 390.96 5.27 0.88 0 0 0 0.420 19.00 3.91
hero_birch_b 40.90 6.95 390.61 1.73 1.06 0 0 0 0.220 14.31 7.20
hero_pine_a 44.91 6.64 392.69 3.95 1.14 0 0 0 0.340 17.00 4.12
hero_oak_a 50.79 5.26 391.74 4.49 1.08 0 0 0 0.550 13.74 8.57
hero_spruce_c 58.19 3.95 391.98 5.88 0.82 0 0 0 0.420 19.00 3.91
hero_pine_a -32.07 16.79 401.17 2.25 0.85 0 0 0 0.340 17.00 4.12
hero_birch_b -25.67 16.96 400.34 1.28 1.04 0 0 0 0.220 14.31 7.20
hero_spruce_b -17.20 16.98 400.47 0.69 1.03 0 0 0 0.320 13.00 3.84
hero_oak_a -7.29 16.03 396.87 2.00 1.12 0 1 0 0.550 13.74 8.57
hero_pine_b -0.37 15.69 398.65 3.79 0.92 0 1 0 0.300 14.00 4.13
hero_spruce_c 25.38 12.26 400.69 6.28 0.83 0 1 0 0.420 19.00 3.91
hero_birch_b 26.53 11.77 399.36 2.37 0.93 0 1 0 0.220 14.31 7.20
hero_spruce_a 34.77 9.67 396.85 1.28 0.85 0 0 0 0.380 16.00 3.90
hero_oak_b 48.14 7.54 399.21 1.19 1.14 0 0 0 0.480 10.11 6.89
hero_pine_b 55.47 6.01 398.51 0.02 0.87 0 0 0 0.300 14.00 4.13
hero_pine_b -30.20 17.15 406.12 3.48 1.06 0 0 0 0.300 14.00 4.13
hero_oak_c -26.59 17.21 403.87 2.11 0.98 0 0 0 0.620 16.21 10.57
hero_spruce_a -17.52 17.54 406.61 2.99 1.06 0 0 0 0.380 16.00 3.90
hero_spruce_c -15.12 17.40 405.18 1.08 1.05 0 0 0 0.420 19.00 3.91
hero_pine_b -4.57 16.84 404.29 1.24 0.89 0 1 0 0.300 14.00 4.13
hero_pine_a 0.97 15.92 404.68 2.70 1.07 0 1 0 0.340 17.00 4.12
hero_oak_b 3.01 14.64 403.50 1.86 1.11 0 1 0 0.480 10.11 6.89
hero_pine_b 18.35 12.62 403.40 3.37 0.84 0 1 0 0.300 14.00 4.13
hero_pine_a 25.43 12.66 403.00 2.32 1.10 0 1 0 0.340 17.00 4.12
hero_spruce_c 27.54 12.26 402.83 1.86 1.02 0 1 0 0.420 19.00 3.91
hero_birch_b 36.76 10.95 404.94 5.66 1.02 0 0 0 0.220 14.31 7.20
hero_oak_c 38.61 10.72 405.59 4.61 1.04 0 0 0 0.620 16.21 10.57
hero_spruce_c 44.66 9.27 404.08 0.55 1.06 0 0 0 0.420 19.00 3.91
hero_oak_b 53.71 8.19 407.12 0.42 1.08 0 0 0 0.480 10.11 6.89
hero_spruce_a -26.97 17.48 408.73 1.98 0.80 0 0 0 0.380 16.00 3.90
hero_spruce_c -18.15 17.83 410.67 2.54 0.83 0 0 0 0.420 19.00 3.91
hero_oak_b -10.82 17.79 410.98 4.31 0.83 0 0 0 0.480 10.11 6.89
hero_pine_b -9.23 17.74 411.04 5.09 0.88 0 1 0 0.300 14.00 4.13
hero_birch_b -1.26 17.12 409.76 0.14 0.82 0 1 0 0.220 14.31 7.20
hero_spruce_c 16.55 13.53 411.48 0.82 0.85 0 1 0 0.420 19.00 3.91
hero_spruce_b 25.16 14.10 411.54 3.85 1.13 0 1 0 0.320 13.00 3.84
hero_oak_c 29.05 13.12 409.17 5.19 0.82 0 1 0 0.620 16.21 10.57
hero_spruce_a 34.09 12.76 412.59 1.24 0.96 0 0 0 0.380 16.00 3.90
hero_spruce_c 39.06 11.45 410.00 5.97 0.95 0 0 0 0.420 19.00 3.91
hero_oak_b 48.25 9.68 409.57 6.04 0.86 0 0 0 0.480 10.11 6.89
hero_birch_a 53.30 8.59 408.66 6.14 0.87 0 0 0 0.200 13.23 4.86
hero_oak_c -31.64 17.37 419.20 3.82 0.87 0 0 0 0.620 16.21 10.57
hero_spruce_a -23.72 17.87 415.55 0.73 1.05 0 0 0 0.380 16.00 3.90
hero_oak_c -17.19 18.11 416.59 1.15 0.96 0 0 0 0.620 16.21 10.57
hero_oak_c -13.10 18.11 415.98 2.92 0.93 0 0 0 0.620 16.21 10.57
hero_spruce_b -8.13 17.95 414.59 4.14 0.85 0 1 0 0.320 13.00 3.84
hero_spruce_c -2.25 17.61 416.23 0.39 0.80 0 1 0 0.420 19.00 3.91
hero_spruce_c 18.46 14.81 416.38 5.32 0.82 0 1 0 0.420 19.00 3.91
hero_spruce_c 22.94 15.22 418.26 3.63 1.04 0 1 0 0.420 19.00 3.91
hero_spruce_c 27.18 14.39 416.05 3.30 1.08 0 1 0 0.420 19.00 3.91
hero_spruce_a 36.26 13.08 417.50 0.91 1.03 0 0 0 0.380 16.00 3.90
hero_pine_b 41.95 11.78 415.17 1.62 0.80 0 0 0 0.300 14.00 4.13
hero_birch_a 47.06 11.41 418.80 2.93 0.93 0 0 0 0.200 13.23 4.86
hero_spruce_c -23.72 17.95 423.51 3.49 1.04 0 0 0 0.420 19.00 3.91
hero_spruce_c -18.08 18.20 424.03 0.88 1.13 0 0 0 0.420 19.00 3.91
hero_pine_a -14.62 18.29 422.60 0.93 0.89 0 0 0 0.340 17.00 4.12
hero_oak_a -6.00 18.17 421.45 6.06 1.13 0 1 0 0.550 13.74 8.57
hero_birch_a 0.20 17.03 420.67 2.26 0.92 0 1 0 0.200 13.23 4.86
hero_spruce_b 18.69 15.62 422.53 1.44 1.13 0 1 0 0.320 13.00 3.84
hero_spruce_c 22.86 15.89 425.17 6.20 0.86 0 1 0 0.420 19.00 3.91
hero_spruce_c 28.04 15.11 424.25 3.91 1.00 0 1 0 0.420 19.00 3.91
hero_spruce_a 33.55 14.39 425.44 3.97 0.99 0 0 0 0.380 16.00 3.90
hero_pine_b 43.40 12.49 422.43 5.60 1.10 0 0 0 0.300 14.00 4.13
hero_birch_a 47.00 11.68 420.62 1.46 0.90 0 0 0 0.200 13.23 4.86
hero_spruce_b -36.31 16.58 430.80 3.37 0.91 0 0 0 0.320 13.00 3.84
hero_spruce_b -33.21 17.00 429.20 5.08 0.97 0 0 0 0.320 13.00 3.84
hero_oak_a -24.15 17.83 430.18 2.08 0.83 0 0 0 0.550 13.74 8.57
hero_pine_a -20.88 18.04 428.97 1.44 1.04 0 0 0 0.340 17.00 4.12
hero_pine_a -14.10 18.29 428.35 2.59 1.11 0 0 0 0.340 17.00 4.12
hero_spruce_a -4.99 18.26 427.07 1.95 1.15 0 1 0 0.380 16.00 3.90
hero_spruce_c -1.05 17.22 428.06 5.56 0.90 0 1 0 0.420 19.00 3.91
hero_spruce_a 15.02 15.51 429.90 1.05 1.10 0 1 0 0.380 16.00 3.90
hero_spruce_a 29.15 15.15 427.10 5.16 1.10 0 0 0 0.380 16.00 3.90
hero_spruce_b 37.27 14.29 431.25 4.44 0.92 0 0 0 0.320 13.00 3.84
hero_pine_a 39.80 13.72 428.87 0.90 1.05 0 0 0 0.340 17.00 4.12
hero_pine_b 47.46 12.61 429.57 5.25 0.99 0 0 0 0.300 14.00 4.13
hero_pine_b 50.80 11.99 428.22 1.10 0.84 0 0 0 0.300 14.00 4.13
hero_spruce_a -31.23 17.05 433.85 3.34 0.91 0 0 0 0.380 16.00 3.90
hero_pine_b -23.35 17.64 436.19 3.96 1.07 0 0 0 0.300 14.00 4.13
hero_spruce_a -20.89 17.92 433.58 0.97 0.95 0 0 0 0.380 16.00 3.90
hero_oak_b -11.56 18.15 437.16 2.30 0.84 0 1 0 0.480 10.11 6.89
hero_spruce_b -6.23 18.26 433.31 3.97 1.07 0 1 0 0.320 13.00 3.84
hero_pine_a 18.14 16.47 436.21 5.13 0.83 0 1 0 0.340 17.00 4.12
hero_spruce_c 22.11 16.39 435.02 0.89 1.09 0 1 0 0.420 19.00 3.91
hero_spruce_c 26.79 15.88 436.79 4.08 1.14 0 1 0 0.420 19.00 3.91
hero_spruce_a 36.20 14.68 435.70 3.43 0.88 0 0 0 0.380 16.00 3.90
hero_pine_a 39.31 14.24 435.38 1.54 0.84 0 0 0 0.340 17.00 4.12
hero_oak_c 48.60 13.03 437.07 6.18 0.83 0 0 0 0.620 16.21 10.57
hero_spruce_b 51.37 12.56 436.25 4.68 1.14 0 0 0 0.320 13.00 3.84
hero_pine_b -35.19 16.21 440.79 6.22 0.86 0 0 0 0.300 14.00 4.13
hero_birch_b -31.56 16.60 441.48 1.75 0.85 0 0 0 0.220 14.31 7.20
hero_oak_c -22.99 17.53 438.97 1.29 0.99 0 0 0 0.620 16.21 10.57
hero_oak_b -21.41 17.65 438.90 2.87 0.92 0 0 0 0.480 10.11 6.89
hero_birch_a -13.07 17.79 443.38 3.58 0.92 0 1 0 0.200 13.23 4.86
hero_pine_b -4.81 18.04 439.85 3.67 0.97 0 1 0 0.300 14.00 4.13
hero_pine_b -0.58 16.18 442.17 3.82 1.06 0 1 0 0.300 14.00 4.13
hero_spruce_a 17.46 16.54 443.50 0.26 0.88 0 1 0 0.380 16.00 3.90
hero_spruce_a 21.87 16.42 442.88 2.23 0.95 0 1 0 0.380 16.00 3.90
hero_spruce_b 30.05 15.57 442.32 1.57 0.80 0 0 0 0.320 13.00 3.84
hero_spruce_b 37.51 14.66 443.12 3.37 1.10 0 0 0 0.320 13.00 3.84
hero_spruce_a 42.02 14.05 439.88 1.74 0.83 0 0 0 0.380 16.00 3.90
hero_oak_b 46.67 13.47 440.88 3.49 0.83 0 0 0 0.480 10.11 6.89
hero_spruce_c -36.47 15.58 447.30 3.13 1.02 0 0 0 0.420 19.00 3.91
hero_spruce_b -32.40 16.10 447.21 1.97 0.95 0 0 0 0.320 13.00 3.84
hero_pine_a -24.12 17.07 445.35 5.10 0.83 0 0 0 0.340 17.00 4.12
hero_birch_a -19.41 17.36 445.64 0.22 0.96 0 0 0 0.200 13.23 4.86
hero_birch_b -13.22 17.49 447.68 6.04 1.02 0 1 0 0.220 14.31 7.20
hero_oak_b -6.17 17.52 447.68 3.46 1.00 0 1 0 0.480 10.11 6.89
hero_spruce_c -0.56 16.01 444.58 0.25 0.99 0 1 0 0.420 19.00 3.91
hero_pine_b 13.09 15.58 449.20 3.32 1.14 0 1 0 0.300 14.00 4.13
hero_oak_c 15.70 16.38 446.58 3.62 1.14 0 1 0 0.620 16.21 10.57
hero_birch_a 21.47 16.37 446.64 4.11 0.84 0 1 0 0.200 13.23 4.86
hero_pine_b 30.51 15.45 447.71 1.37 0.87 0 0 0 0.300 14.00 4.13
hero_pine_a 36.60 14.78 447.76 4.58 0.86 0 0 0 0.340 17.00 4.12
hero_spruce_b 39.01 14.51 447.26 2.13 0.87 0 0 0 0.320 13.00 3.84
hero_oak_a 46.48 13.60 446.59 0.08 1.02 0 0 0 0.550 13.74 8.57
hero_spruce_c -34.78 15.14 455.33 3.43 1.10 0 0 0 0.420 19.00 3.91
hero_spruce_b -28.85 15.94 453.73 5.44 1.08 0 0 0 0.320 13.00 3.84
hero_birch_b -24.21 16.44 452.81 2.00 1.11 0 0 0 0.220 14.31 7.20
hero_oak_a -19.45 16.82 452.58 1.74 0.89 0 0 0 0.550 13.74 8.57
hero_spruce_a -12.41 17.09 453.07 1.14 1.00 0 1 0 0.380 16.00 3.90
hero_spruce_b -7.95 17.13 453.85 2.32 0.83 0 1 0 0.320 13.00 3.84
hero_oak_a -3.14 16.33 454.81 0.96 0.95 0 1 0 0.550 13.74 8.57
hero_oak_a 12.90 15.43 454.93 0.54 1.10 0 1 0 0.550 13.74 8.57
hero_oak_a 17.51 16.14 455.09 4.21 0.93 0 1 0 0.550 13.74 8.57
hero_oak_c 23.13 16.03 450.86 5.21 0.98 0 1 0 0.620 16.21 10.57
hero_birch_b 30.94 15.08 455.32 5.44 1.07 0 0 0 0.220 14.31 7.20
hero_oak_c 35.31 14.67 455.10 3.96 1.03 0 0 0 0.620 16.21 10.57
hero_spruce_b 40.99 14.17 452.78 4.54 1.06 0 0 0 0.320 13.00 3.84
hero_oak_c 46.92 13.55 451.29 3.70 1.10 0 0 0 0.620 16.21 10.57
hero_birch_a -37.36 14.32 461.23 3.61 0.83 0 0 0 0.200 13.23 4.86
hero_spruce_b -29.87 15.37 459.14 2.99 0.91 0 0 0 0.320 13.00 3.84
hero_oak_b -24.77 15.72 460.02 5.70 1.14 0 0 0 0.480 10.11 6.89
hero_pine_b -20.74 16.19 458.52 1.38 0.86 0 0 0 0.300 14.00 4.13
hero_pine_b -11.76 16.50 459.35 4.09 1.12 0 1 0 0.300 14.00 4.13
hero_spruce_b -4.88 16.36 458.42 3.47 0.92 0 1 0 0.320 13.00 3.84
hero_spruce_c -0.98 14.97 460.75 1.44 1.09 0 1 0 0.420 19.00 3.91
hero_spruce_c 13.08 15.32 458.58 4.84 1.11 0 1 0 0.420 19.00 3.91
hero_spruce_a 15.58 15.88 458.66 5.48 0.94 0 1 0 0.380 16.00 3.90
hero_spruce_a 24.75 15.52 456.96 2.62 1.04 0 1 0 0.380 16.00 3.90
hero_spruce_c 29.26 14.91 460.48 5.24 0.91 0 0 0 0.420 19.00 3.91
hero_pine_a 32.50 14.76 458.61 3.62 0.90 0 0 0 0.340 17.00 4.12
hero_oak_c 41.51 13.95 457.55 2.35 1.00 0 0 0 0.620 16.21 10.57
hero_oak_c 46.25 13.41 459.27 4.32 1.09 0 0 0 0.620 16.21 10.57
hero_spruce_a -37.32 13.72 467.33 1.61 1.05 0 0 0 0.380 16.00 3.90
hero_oak_a -31.14 14.81 463.68 5.06 0.83 0 0 0 0.550 13.74 8.57
hero_spruce_b -27.24 15.08 464.63 3.79 0.83 0 0 0 0.320 13.00 3.84
hero_birch_a -18.72 15.44 466.51 4.83 1.14 0 0 0 0.200 13.23 4.86
hero_spruce_b -11.73 16.06 463.69 0.25 0.94 0 1 0 0.320 13.00 3.84
hero_oak_a -8.35 16.12 463.65 6.06 1.10 0 1 0 0.550 13.74 8.57
hero_pine_a 12.26 14.91 463.77 1.46 0.85 0 1 0 0.340 17.00 4.12
hero_oak_a 17.69 15.06 467.50 4.99 0.97 0 1 0 0.550 13.74 8.57
hero_birch_b 22.80 15.09 464.10 0.40 0.90 0 1 0 0.220 14.31 7.20
hero_spruce_a 29.41 14.61 464.08 4.33 0.94 0 0 0 0.380 16.00 3.90
hero_pine_a 41.27 13.60 464.54 3.21 0.87 0 0 0 0.340 17.00 4.12
hero_spruce_c 49.30 12.88 464.84 2.06 0.95 0 0 0 0.420 19.00 3.91
hero_pine_a -38.99 12.93 473.23 3.50 1.01 0 0 0 0.340 17.00 4.12
hero_pine_a -33.26 14.05 468.68 6.08 1.06 0 0 0 0.340 17.00 4.12
hero_spruce_b -27.11 14.41 470.85 0.47 0.93 0 0 0 0.320 13.00 3.84
hero_spruce_c -18.42 14.72 473.08 1.15 0.88 0 0 0 0.420 19.00 3.91
hero_spruce_b -10.69 15.38 469.91 1.94 0.84 0 1 0 0.320 13.00 3.84
hero_oak_a -8.57 15.55 468.84 3.72 0.88 0 1 0 0.550 13.74 8.57
hero_birch_a 12.93 14.43 470.65 5.99 0.92 0 1 0 0.200 13.23 4.86
hero_oak_a 15.07 14.70 470.48 1.84 1.06 0 1 0 0.550 13.74 8.57
hero_spruce_c 23.13 14.52 469.49 1.72 0.94 0 1 0 0.420 19.00 3.91
hero_oak_b 33.71 13.74 469.90 2.16 1.05 0 0 0 0.480 10.11 6.89
hero_spruce_a 41.01 13.08 471.45 1.36 0.86 0 0 0 0.380 16.00 3.90
hero_pine_b 45.33 12.80 470.61 3.27 1.05 0 0 0 0.300 14.00 4.13
hero_birch_b -36.90 12.84 476.46 5.14 1.07 0 0 0 0.220 14.31 7.20
hero_oak_c -30.51 13.45 476.69 2.47 1.13 0 0 0 0.620 16.21 10.57
hero_spruce_c -27.49 13.76 476.20 5.40 1.14 0 0 0 0.420 19.00 3.91
hero_spruce_c -18.02 14.27 476.80 3.73 1.03 0 0 0 0.420 19.00 3.91
hero_oak_a -14.95 14.06 479.45 5.64 0.98 0 1 0 0.550 13.74 8.57
hero_birch_a -6.76 14.10 479.02 2.49 1.01 0 1 0 0.200 13.23 4.86
hero_oak_b 10.09 13.72 474.76 1.77 0.99 0 1 0 0.480 10.11 6.89
hero_spruce_c 16.63 14.22 475.06 2.71 1.06 0 1 0 0.420 19.00 3.91
hero_oak_c 21.02 13.69 477.58 1.19 0.97 0 1 0 0.620 16.21 10.57
hero_birch_a 26.74 13.37 477.44 0.99 1.10 0 0 0 0.200 13.23 4.86
hero_spruce_c 35.15 13.13 475.14 4.16 0.86 0 0 0 0.420 19.00 3.91
hero_spruce_b 47.90 12.09 476.88 3.34 1.14 0 0 0 0.320 13.00 3.84
hero_pine_a -39.36 11.64 484.96 4.38 1.12 0 0 0 0.340 17.00 4.12
hero_spruce_c -33.25 12.70 481.24 6.07 0.97 0 0 0 0.420 19.00 3.91
hero_oak_a -25.33 13.15 482.80 1.71 0.86 0 0 0 0.550 13.74 8.57
hero_birch_a -18.77 13.64 481.51 5.32 1.01 0 0 0 0.200 13.23 4.86
hero_spruce_b -15.20 13.58 483.15 5.01 0.85 0 1 0 0.320 13.00 3.84
hero_spruce_b -6.69 13.53 483.19 1.41 1.08 0 1 0 0.320 13.00 3.84
hero_spruce_a -3.23 13.37 480.93 1.11 1.11 0 1 0 0.380 16.00 3.90
hero_spruce_b 14.96 13.06 483.70 0.04 1.06 0 1 0 0.320 13.00 3.84
hero_spruce_b 23.99 12.72 483.96 3.80 0.88 0 1 0 0.320 13.00 3.84
hero_oak_a 28.47 12.90 480.63 4.57 0.92 0 0 0 0.550 13.74 8.57
hero_spruce_a 33.73 12.55 480.94 0.90 0.95 0 0 0 0.380 16.00 3.90
hero_pine_a 42.82 11.86 482.53 4.82 0.80 0 0 0 0.340 17.00 4.12
hero_spruce_b 44.86 11.68 482.90 0.16 1.08 0 0 0 0.320 13.00 3.84
hero_spruce_b -36.64 11.54 488.51 4.88 0.88 0 0 0 0.320 13.00 3.84
hero_spruce_a -30.77 11.73 490.91 0.31 1.14 0 0 0 0.380 16.00 3.90
hero_oak_c -22.55 12.64 488.03 5.57 0.86 0 0 0 0.620 16.21 10.57
hero_pine_a -20.77 12.77 487.47 4.87 1.14 0 0 0 0.340 17.00 4.12
hero_spruce_a -11.32 12.64 490.61 1.45 0.86 0 1 0 0.380 16.00 3.90
hero_birch_b -7.30 12.84 488.77 1.09 1.00 0 1 0 0.220 14.31 7.20
hero_spruce_a 15.92 12.25 489.78 5.77 1.09 0 1 0 0.380 16.00 3.90
hero_oak_c 21.19 12.14 489.10 2.97 0.88 0 1 0 0.620 16.21 10.57
hero_oak_a 28.24 11.57 490.83 2.65 0.94 0 0 0 0.550 13.74 8.57
hero_pine_a 36.12 11.51 488.38 5.95 0.94 0 0 0 0.340 17.00 4.12
hero_birch_b 42.49 11.01 490.00 2.22 0.87 0 0 0 0.220 14.31 7.20
hero_oak_c -36.41 10.81 494.92 2.70 0.81 0 0 0 0.620 16.21 10.57
hero_birch_b -31.49 11.05 496.14 5.32 0.92 0 0 0 0.220 14.31 7.20
hero_oak_b -17.59 11.98 494.23 5.45 1.07 0 0 0 0.480 10.11 6.89
hero_oak_a -9.29 12.36 492.64 3.72 0.90 0 1 0 0.550 13.74 8.57
hero_pine_a -2.94 11.45 495.60 3.97 1.01 0 1 0 0.340 17.00 4.12
hero_oak_b 11.59 11.50 494.39 1.13 0.99 0 1 0 0.480 10.11 6.89
hero_spruce_a 18.06 11.30 495.65 5.68 1.07 0 1 0 0.380 16.00 3.90
hero_birch_b 20.84 11.64 492.59 6.19 1.06 0 1 0 0.220 14.31 7.20
hero_spruce_a 30.43 10.91 494.87 4.48 0.86 0 0 0 0.380 16.00 3.90
hero_pine_b 42.31 10.50 494.10 3.30 1.05 0 0 0 0.300 14.00 4.13
hero_birch_a 46.94 10.29 494.53 3.90 0.87 0 0 0 0.200 13.23 4.86
hero_spruce_a -34.93 10.48 498.62 0.10 0.81 0 0 0 0.380 16.00 3.90
hero_birch_b -30.75 10.77 498.71 5.23 0.88 0 0 0 0.220 14.31 7.20
hero_oak_a -24.64 10.85 500.66 5.63 0.85 0 0 0 0.550 13.74 8.57
hero_spruce_c -19.71 10.73 502.72 2.14 1.03 0 0 0 0.420 19.00 3.91
hero_spruce_b -15.46 11.08 500.90 4.31 1.08 0 1 0 0.320 13.00 3.84
hero_oak_b -6.42 10.83 502.23 2.92 0.87 0 1 0 0.480 10.11 6.89
hero_oak_a 9.78 10.50 501.00 4.32 1.12 0 1 0 0.550 13.74 8.57
hero_spruce_b 18.60 10.56 500.59 0.75 0.86 0 1 0 0.320 13.00 3.84
hero_spruce_c 21.40 10.31 501.57 0.57 0.89 0 1 0 0.420 19.00 3.91
hero_spruce_b 31.01 9.93 501.71 3.96 0.83 0 0 0 0.320 13.00 3.84
hero_spruce_b 32.97 9.99 500.60 0.23 1.01 0 0 0 0.320 13.00 3.84
hero_pine_b 41.97 9.71 500.34 0.72 1.12 0 0 0 0.300 14.00 4.13
hero_oak_b 47.77 9.20 503.26 4.65 0.86 0 0 0 0.480 10.11 6.89
hero_oak_c -37.21 8.91 509.06 1.79 1.11 0 0 0 0.620 16.21 10.57
hero_spruce_b -33.26 9.69 505.43 6.09 1.12 0 0 0 0.320 13.00 3.84
hero_birch_a -26.84 10.20 504.60 0.37 0.91 0 0 0 0.200 13.23 4.86
hero_birch_a -19.50 10.18 506.53 3.96 1.13 0 0 0 0.200 13.23 4.86
hero_spruce_b -14.82 10.43 505.56 2.36 0.89 0 1 0 0.320 13.00 3.84
hero_spruce_b -9.24 10.14 507.52 5.25 1.10 0 1 0 0.320 13.00 3.84
hero_spruce_a -2.55 10.09 505.21 1.81 1.00 0 1 0 0.380 16.00 3.90
hero_spruce_a 11.26 10.02 504.74 4.73 1.00 0 1 0 0.380 16.00 3.90
hero_spruce_b 17.14 9.62 507.07 4.46 0.95 0 1 0 0.320 13.00 3.84
hero_pine_a 22.47 9.61 505.88 4.84 0.91 0 1 0 0.340 17.00 4.12
hero_spruce_a 30.67 9.42 505.18 1.87 1.05 0 0 0 0.380 16.00 3.90
hero_oak_b 36.67 8.76 508.49 6.16 1.06 0 0 0 0.480 10.11 6.89
hero_spruce_c 39.08 8.75 508.13 1.06 1.02 0 0 0 0.420 19.00 3.91
hero_spruce_a 46.82 8.46 509.22 4.29 0.96 0 0 0 0.380 16.00 3.90
hero_pine_b -38.20 8.30 513.16 0.15 0.92 0 0 0 0.300 14.00 4.13
hero_spruce_a -32.33 8.66 513.43 4.60 1.14 0 0 0 0.380 16.00 3.90
hero_pine_b -24.82 9.03 513.47 0.71 0.93 0 0 0 0.300 14.00 4.13
hero_oak_c -20.63 9.42 511.66 4.86 0.94 0 0 0 0.620 16.21 10.57
hero_oak_b -14.48 9.61 511.10 3.10 0.80 0 1 0 0.480 10.11 6.89
hero_spruce_b -4.78 8.92 514.68 4.32 0.96 0 1 0 0.320 13.00 3.84
hero_spruce_a 11.34 8.83 512.86 3.32 0.95 0 1 0 0.380 16.00 3.90
hero_oak_a 17.18 8.47 514.38 4.08 1.09 0 1 0 0.550 13.74 8.57
hero_oak_c 28.96 8.57 511.45 3.07 0.84 0 0 0 0.620 16.21 10.57
hero_spruce_a 36.35 8.34 511.59 2.66 0.95 0 0 0 0.380 16.00 3.90
hero_pine_b 41.60 8.24 511.58 4.12 0.86 0 0 0 0.300 14.00 4.13
hero_oak_a 45.78 8.23 511.01 0.44 1.03 0 0 0 0.550 13.74 8.57
hero_birch_a -35.39 7.44 520.73 4.96 1.07 0 0 0 0.200 13.23 4.86
hero_birch_a -29.89 7.71 521.00 0.32 1.05 0 0 0 0.200 13.23 4.86
hero_oak_a -22.58 8.14 519.90 1.71 0.98 0 0 0 0.550 13.74 8.57
hero_spruce_a -21.49 8.35 518.72 4.22 0.92 0 0 0 0.380 16.00 3.90
hero_oak_c -10.65 8.06 521.09 0.14 1.04 0 1 0 0.620 16.21 10.57
hero_oak_a -6.09 8.22 519.60 4.19 1.01 0 1 0 0.550 13.74 8.57
hero_spruce_a 10.56 8.11 517.73 3.57 0.90 0 1 0 0.380 16.00 3.90
hero_spruce_a 15.36 7.51 521.03 6.17 0.84 0 1 0 0.380 16.00 3.90
hero_pine_a 24.50 7.71 517.97 2.68 0.88 0 1 0 0.340 17.00 4.12
hero_pine_a 31.00 7.03 521.41 6.25 0.94 0 0 0 0.340 17.00 4.12
hero_spruce_a 36.02 7.19 519.66 4.32 0.96 0 0 0 0.380 16.00 3.90
hero_birch_b 38.71 7.03 520.44 0.52 1.12 0 0 0 0.220 14.31 7.20
hero_oak_b 49.22 6.90 521.15 3.80 1.04 0 0 0 0.480 10.11 6.89
hero_spruce_b -37.06 6.44 526.82 3.83 1.14 0 0 0 0.320 13.00 3.84
hero_pine_a -31.17 7.22 523.97 0.63 0.97 0 0 0 0.340 17.00 4.12
hero_pine_b -25.51 7.27 525.21 3.22 0.90 0 0 0 0.300 14.00 4.13
hero_pine_b -17.48 7.71 523.23 5.47 1.07 0 0 0 0.300 14.00 4.13
hero_spruce_a -11.22 7.51 524.74 0.23 0.82 0 1 0 0.380 16.00 3.90
hero_birch_b -8.45 7.54 524.36 3.58 0.90 0 1 0 0.220 14.31 7.20
hero_pine_a -2.37 7.50 523.03 0.76 1.05 0 1 0 0.340 17.00 4.12
hero_spruce_a 14.80 6.96 524.55 2.10 1.12 0 1 0 0.380 16.00 3.90
hero_oak_c 22.86 6.67 524.91 2.25 1.09 0 1 0 0.620 16.21 10.57
hero_spruce_b 29.92 6.84 522.77 4.74 1.02 0 0 0 0.320 13.00 3.84
hero_pine_a 35.20 6.52 524.39 4.29 0.94 0 0 0 0.340 17.00 4.12
hero_spruce_a 40.05 6.36 525.08 2.42 1.11 0 0 0 0.380 16.00 3.90
hero_pine_b 48.72 6.39 525.08 4.30 0.94 0 0 0 0.300 14.00 4.13
hero_birch_a -38.29 5.85 530.46 0.91 0.88 0 0 0 0.200 13.23 4.86
hero_pine_a -29.70 5.86 533.46 1.71 0.90 0 0 0 0.340 17.00 4.12
hero_pine_a -27.23 6.57 529.43 4.64 0.96 0 0 0 0.340 17.00 4.12
hero_spruce_c -21.43 6.61 530.19 3.85 0.85 0 0 0 0.420 19.00 3.91
hero_spruce_b -9.19 6.59 530.46 6.20 0.84 0 1 0 0.320 13.00 3.84
hero_oak_c -1.45 6.06 532.60 4.78 1.10 0 1 0 0.620 16.21 10.57
hero_spruce_a 11.75 6.20 529.95 4.81 1.05 0 1 0 0.380 16.00 3.90
hero_spruce_b 19.46 5.74 531.41 6.26 1.11 0 1 0 0.320 13.00 3.84
hero_oak_a 21.68 5.86 530.38 6.06 1.01 0 1 0 0.550 13.74 8.57
hero_birch_a 29.26 5.73 530.25 0.64 1.06 0 0 0 0.200 13.23 4.86
hero_pine_a 36.18 5.27 532.92 3.82 1.09 0 0 0 0.340 17.00 4.12
hero_oak_b 40.87 5.65 530.37 1.38 0.90 0 0 0 0.480 10.11 6.89
hero_oak_b -35.88 5.04 536.96 3.68 0.87 0 0 0 0.480 10.11 6.89
hero_oak_b -30.32 5.23 537.36 4.00 1.01 0 0 0 0.480 10.11 6.89
hero_spruce_a -22.72 5.40 537.75 1.84 0.87 0 0 0 0.380 16.00 3.90
hero_spruce_a -16.96 5.94 534.76 6.06 0.83 0 0 0 0.380 16.00 3.90
hero_spruce_b -11.12 5.30 538.54 2.13 1.03 0 1 0 0.320 13.00 3.84
hero_oak_b -9.44 5.94 534.50 3.66 0.88 0 1 0 0.480 10.11 6.89
hero_birch_b -2.68 5.29 537.95 2.65 0.81 0 1 0 0.220 14.31 7.20
hero_spruce_b 12.96 4.78 538.73 3.30 1.03 0 1 0 0.320 13.00 3.84
hero_birch_a 16.79 4.98 536.74 3.50 1.13 0 1 0 0.200 13.23 4.86
hero_pine_b 24.68 5.17 534.57 4.83 0.83 0 1 0 0.300 14.00 4.13
hero_oak_b 28.88 4.93 535.57 6.27 1.12 0 0 0 0.480 10.11 6.89
hero_oak_b 33.93 4.91 535.60 2.84 0.86 0 0 0 0.480 10.11 6.89
hero_oak_c 40.59 5.02 534.76 0.09 0.98 0 0 0 0.620 16.21 10.57
hero_oak_a 48.97 4.54 539.28 4.60 0.93 0 0 0 0.550 13.74 8.57
hero_oak_a 51.36 4.58 539.31 2.34 1.15 0 0 0 0.550 13.74 8.57
hero_oak_b -32.49 4.12 543.95 0.60 0.99 0 0 0 0.480 10.11 6.89
hero_birch_b -23.08 4.77 541.69 1.22 0.86 0 0 0 0.220 14.31 7.20
hero_birch_b -20.35 4.95 540.69 2.48 1.05 0 0 0 0.220 14.31 7.20
hero_oak_b -11.00 4.31 544.74 6.22 0.90 0 1 0 0.480 10.11 6.89
hero_pine_a -1.04 4.56 542.33 1.56 1.00 0 1 0 0.340 17.00 4.12
hero_oak_c 16.81 3.94 543.61 0.13 1.01 0 1 0 0.620 16.21 10.57
hero_spruce_b 27.90 4.17 540.69 0.31 1.13 0 0 0 0.320 13.00 3.84
hero_spruce_b 33.12 3.68 543.82 5.16 1.07 0 0 0 0.320 13.00 3.84
hero_birch_b 39.61 3.78 543.51 4.18 1.00 0 0 0 0.220 14.31 7.20
hero_birch_b 45.09 4.01 542.47 1.27 1.08 0 0 0 0.220 14.31 7.20
hero_pine_b -30.89 3.14 550.63 4.41 1.15 0 0 0 0.300 14.00 4.13
hero_spruce_c -23.59 3.36 550.64 4.23 0.83 0 0 0 0.420 19.00 3.91
hero_pine_b -19.50 3.30 551.25 0.96 0.89 0 0 0 0.300 14.00 4.13
hero_spruce_a -11.77 3.88 547.46 5.17 0.92 0 1 0 0.380 16.00 3.90
hero_pine_a -7.29 3.52 549.36 2.77 0.92 0 1 0 0.340 17.00 4.12
hero_pine_b -3.20 3.41 549.70 5.92 0.92 0 1 0 0.300 14.00 4.13
hero_oak_c 18.75 3.34 547.21 1.86 0.84 0 1 0 0.620 16.21 10.57
hero_oak_b 25.00 2.61 551.24 4.96 0.90 0 1 0 0.480 10.11 6.89
hero_birch_a 29.02 3.16 547.52 0.15 0.89 0 0 0 0.200 13.23 4.86
hero_spruce_c 35.75 2.63 551.28 3.63 0.87 0 0 0 0.420 19.00 3.91
hero_pine_a 39.67 3.36 546.49 1.74 0.91 0 0 0 0.340 17.00 4.12
hero_pine_b 47.83 2.99 550.66 3.83 0.86 0 0 0 0.300 14.00 4.13
hero_spruce_c 50.49 3.19 549.71 0.29 1.10 0 0 0 0.420 19.00 3.91
hero_spruce_c -32.91 2.46 554.71 5.74 0.88 0 0 0 0.420 19.00 3.91
hero_pine_b -26.34 2.46 556.02 4.29 0.94 0 0 0 0.300 14.00 4.13
hero_pine_b -17.65 2.45 556.65 2.49 0.87 0 0 0 0.300 14.00 4.13
hero_pine_a -14.43 2.98 553.29 0.17 0.81 0 0 0 0.340 17.00 4.12
hero_pine_a -6.90 2.42 556.19 1.12 1.01 0 1 0 0.340 17.00 4.12
hero_spruce_c 0.11 2.50 555.28 4.84 1.02 0 1 0 0.420 19.00 3.91
hero_spruce_b 17.96 1.89 556.96 3.80 0.97 0 1 0 0.320 13.00 3.84
hero_spruce_b 25.15 2.34 553.07 0.62 0.80 0 1 0 0.320 13.00 3.84
hero_oak_c 29.34 1.71 557.18 6.15 0.82 0 0 0 0.620 16.21 10.57
hero_pine_a 34.37 1.85 556.36 6.06 1.08 0 0 0 0.340 17.00 4.12
hero_birch_a 40.00 2.28 554.12 5.77 0.88 0 0 0 0.200 13.23 4.86
hero_spruce_c 48.85 2.23 556.48 4.44 0.95 0 0 0 0.420 19.00 3.91
hero_pine_a 50.69 2.52 554.92 1.20 0.92 0 0 0 0.340 17.00 4.12
hero_pine_a -30.55 1.85 559.26 0.80 0.90 0 0 0 0.340 17.00 4.12
hero_oak_b -25.42 1.76 560.59 0.63 1.04 0 0 0 0.480 10.11 6.89
hero_pine_a -19.02 1.51 562.59 1.73 1.11 0 0 0 0.340 17.00 4.12
hero_oak_c -10.88 2.04 558.87 1.45 1.07 0 1 0 0.620 16.21 10.57
hero_spruce_b -7.35 1.94 559.36 0.41 0.81 0 1 0 0.320 13.00 3.84
hero_pine_a -3.20 1.89 559.12 4.75 1.10 0 1 0 0.340 17.00 4.12
hero_oak_c 19.29 1.14 561.40 1.84 1.11 0 1 0 0.620 16.21 10.57
hero_pine_a 20.80 0.96 562.28 4.12 1.03 0 1 0 0.340 17.00 4.12
hero_spruce_a 31.16 0.92 562.58 1.67 0.81 0 0 0 0.380 16.00 3.90
hero_spruce_c 37.09 1.14 561.52 3.25 1.11 0 0 0 0.420 19.00 3.91
hero_oak_b 38.84 1.06 562.30 0.26 1.11 0 0 0 0.480 10.11 6.89
hero_pine_a 44.91 1.21 562.72 4.61 0.91 0 0 0 0.340 17.00 4.12
hero_spruce_c -34.58 0.20 569.51 6.22 1.12 0 0 0 0.420 19.00 3.91
hero_spruce_c -31.03 0.50 568.33 3.87 0.93 0 0 0 0.420 19.00 3.91
hero_pine_a -23.80 0.86 566.86 2.21 0.86 0 0 0 0.340 17.00 4.12
hero_birch_a -18.16 0.82 567.30 1.63 0.86 0 0 0 0.200 13.23 4.86
hero_birch_a -13.96 0.92 566.36 1.74 0.99 0 0 0 0.200 13.23 4.86
hero_spruce_a -4.72 0.87 565.93 4.62 0.81 0 1 0 0.380 16.00 3.90
hero_spruce_a -0.68 0.35 568.77 2.51 1.07 0 1 0 0.380 16.00 3.90
hero_oak_b 24.00 0.40 565.69 2.31 1.10 0 1 0 0.480 10.11 6.89
hero_oak_a 43.05 0.28 568.76 3.44 0.93 0 0 0 0.550 13.74 8.57
hero_oak_b 49.12 0.51 568.94 5.73 1.02 0 0 0 0.480 10.11 6.89
hero_pine_b -31.63 0.13 570.85 5.79 0.94 0 0 0 0.300 14.00 4.13
hero_pine_a -25.50 -0.15 573.67 5.88 0.96 0 0 0 0.340 17.00 4.12
hero_spruce_a -18.36 0.06 572.28 4.30 1.10 0 0 0 0.380 16.00 3.90
hero_pine_b -11.07 -0.43 575.41 2.68 0.82 0 0 0 0.300 14.00 4.13
hero_oak_a 0.21 -0.08 571.69 1.03 0.86 0 1 0 0.550 13.74 8.57
hero_spruce_c 3.61 0.14 571.45 1.04 1.11 0 1 0 0.420 19.00 3.91
hero_spruce_c 18.89 -0.45 572.90 1.59 1.03 0 1 0 0.420 19.00 3.91
hero_birch_a 23.88 -0.49 571.79 0.59 0.89 0 1 0 0.200 13.23 4.86
hero_birch_a 28.67 -0.31 570.60 5.45 0.99 0 1 0 0.200 13.23 4.86
hero_oak_a 36.73 -0.29 571.22 0.20 1.11 0 0 0 0.550 13.74 8.57
hero_spruce_a 43.50 -0.25 572.64 5.27 0.86 0 0 0 0.380 16.00 3.90
hero_oak_c 48.54 0.19 570.97 4.71 1.04 0 0 0 0.620 16.21 10.57
hero_pine_a 54.29 0.31 572.34 2.89 1.14 0 0 0 0.340 17.00 4.12
hero_oak_b -33.04 -0.96 578.59 0.34 1.12 0 0 0 0.480 10.11 6.89
hero_pine_b -24.98 -0.57 576.84 4.29 0.94 0 0 0 0.300 14.00 4.13
hero_pine_a -17.19 -1.12 580.84 2.64 0.92 0 0 0 0.340 17.00 4.12
hero_spruce_b -15.16 -1.03 580.08 5.13 0.86 0 0 0 0.320 13.00 3.84
hero_spruce_a -6.39 -1.19 580.06 3.56 0.86 0 1 0 0.380 16.00 3.90
hero_spruce_b -0.97 -1.11 578.73 3.60 0.80 0 1 0 0.320 13.00 3.84
hero_spruce_b 4.41 -0.78 577.78 3.11 0.92 0 1 0 0.320 13.00 3.84
hero_pine_a 33.05 -1.63 579.96 0.39 1.05 0 0 0 0.340 17.00 4.12
hero_oak_b 42.84 -1.16 578.75 3.24 0.93 0 0 0 0.480 10.11 6.89
hero_spruce_a 46.11 -0.75 576.90 2.31 0.86 0 0 0 0.380 16.00 3.90
hero_pine_a 53.56 -0.60 578.62 0.07 1.00 0 0 0 0.340 17.00 4.12
hero_oak_a -29.59 -1.77 585.84 0.20 1.13 0 0 0 0.550 13.74 8.57
hero_spruce_c -24.26 -1.67 585.51 4.05 0.87 0 0 0 0.420 19.00 3.91
hero_pine_b -18.41 -1.45 583.36 3.01 1.07 0 0 0 0.300 14.00 4.13
hero_spruce_c -11.47 -1.85 585.87 4.60 0.82 0 0 0 0.420 19.00 3.91
hero_spruce_a -1.01 -2.07 585.47 4.41 1.10 0 1 0 0.380 16.00 3.90
hero_spruce_c 6.46 -2.02 586.95 5.11 0.94 0 1 0 0.420 19.00 3.91
hero_oak_b 21.40 -1.93 583.34 6.22 1.06 0 1 0 0.480 10.11 6.89
hero_spruce_b 35.80 -2.24 584.63 4.36 1.00 0 0 0 0.320 13.00 3.84
hero_birch_b 42.56 -1.97 584.33 2.91 0.91 0 0 0 0.220 14.31 7.20
hero_pine_b 45.33 -1.82 584.04 3.96 0.97 0 0 0 0.300 14.00 4.13
hero_spruce_b 54.28 -1.22 583.37 3.29 0.81 0 0 0 0.320 13.00 3.84
hero_spruce_a -24.94 -2.45 592.35 2.58 0.81 0 0 0 0.380 16.00 3.90
hero_pine_a -16.54 -2.32 590.37 5.39 0.92 0 0 0 0.340 17.00 4.12
hero_spruce_c -5.18 -2.90 592.83 1.72 1.05 0 1 0 0.420 19.00 3.91
hero_pine_b 0.40 -2.96 592.19 3.51 1.01 0 1 0 0.300 14.00 4.13
hero_oak_a 3.64 -3.14 593.33 4.65 1.05 0 1 0 0.550 13.74 8.57
hero_pine_b 20.93 -2.53 589.00 4.28 1.09 0 1 0 0.300 14.00 4.13
hero_spruce_a 28.30 -3.53 593.15 0.63 0.93 0 1 0 0.380 16.00 3.90
hero_oak_b 38.87 -3.32 592.79 0.56 1.13 0 0 0 0.480 10.11 6.89
hero_spruce_b 48.66 -2.86 592.47 0.74 0.81 0 0 0 0.320 13.00 3.84
hero_spruce_b 53.34 -2.42 591.16 3.02 0.95 0 0 0 0.320 13.00 3.84
hero_pine_b -30.27 -3.09 598.73 3.13 1.13 0 0 0 0.300 14.00 4.13
hero_birch_a -22.91 -2.70 594.49 1.88 1.00 0 0 0 0.200 13.23 4.86
hero_spruce_c -19.98 -2.84 595.58 2.35 0.82 0 0 0 0.420 19.00 3.91
hero_pine_b -14.90 -2.93 595.43 2.46 0.95 0 0 0 0.300 14.00 4.13
hero_spruce_c -4.99 -3.53 598.33 4.38 1.06 0 1 0 0.420 19.00 3.91
hero_spruce_c 1.43 -3.81 599.00 2.67 1.12 0 1 0 0.420 19.00 3.91
hero_spruce_c 3.19 -3.66 597.50 1.35 0.95 0 1 0 0.420 19.00 3.91
hero_spruce_a 23.48 -3.94 598.44 4.01 1.13 0 1 0 0.380 16.00 3.90
hero_spruce_b 30.12 -3.89 595.96 3.38 0.90 0 1 0 0.320 13.00 3.84
hero_oak_c 34.39 -4.26 599.02 4.25 1.07 0 1 0 0.620 16.21 10.57
hero_spruce_c 42.38 -4.00 598.47 4.61 1.15 0 0 0 0.420 19.00 3.91
hero_spruce_a 48.94 -3.71 598.45 1.10 0.94 0 0 0 0.380 16.00 3.90
hero_pine_b 52.95 -2.98 594.84 5.86 1.04 0 0 0 0.300 14.00 4.13
hero_oak_a 59.48 -2.82 596.81 1.61 0.81 0 0 0 0.550 13.74 8.57
hero_pine_a -26.01 -3.60 604.69 5.79 1.09 0 0 0 0.340 17.00 4.12
hero_spruce_a -12.78 -3.86 603.97 0.24 1.09 0 0 0 0.380 16.00 3.90
hero_oak_b 0.95 -3.97 600.68 1.04 0.93 0 1 0 0.480 10.11 6.89
hero_oak_a 24.42 -4.37 602.01 0.21 0.88 0 1 0 0.550 13.74 8.57
hero_spruce_a 26.61 -4.90 604.85 0.99 1.15 0 1 0 0.380 16.00 3.90
hero_oak_c 36.36 -4.55 601.45 1.31 1.12 0 0 0 0.620 16.21 10.57
hero_pine_a 43.43 -4.85 605.07 1.16 1.09 0 0 0 0.340 17.00 4.12
hero_oak_c 45.28 -4.18 600.81 2.95 0.82 0 0 0 0.620 16.21 10.57
hero_spruce_a 52.86 -4.36 604.42 5.88 1.01 0 0 0 0.380 16.00 3.90
hero_oak_b 58.87 -3.69 602.32 6.15 0.90 0 0 0 0.480 10.11 6.89
hero_spruce_a -23.58 -3.86 607.60 5.65 1.08 0 0 0 0.380 16.00 3.90
hero_oak_b -20.77 -4.10 610.16 2.45 1.02 0 0 0 0.480 10.11 6.89
hero_spruce_c -11.47 -4.45 610.53 1.61 1.02 0 0 0 0.420 19.00 3.91
hero_spruce_b -6.66 -4.50 609.02 3.30 0.83 0 0 0 0.320 13.00 3.84
hero_pine_b -2.90 -4.73 609.74 2.95 0.98 0 1 0 0.300 14.00 4.13
hero_spruce_c 6.76 -4.88 609.75 3.04 0.93 0 1 0 0.420 19.00 3.91
hero_spruce_b 22.67 -4.69 608.05 2.56 0.95 0 1 0 0.320 13.00 3.84
hero_pine_b 28.77 -5.78 611.26 5.24 1.10 0 1 0 0.300 14.00 4.13
hero_pine_a 32.63 -5.29 607.17 1.87 0.87 0 1 0 0.340 17.00 4.12
hero_spruce_c 41.62 -5.09 606.51 2.61 1.05 0 0 0 0.420 19.00 3.91
hero_spruce_b 45.06 -5.55 610.90 1.25 0.88 0 0 0 0.320 13.00 3.84
hero_pine_b 51.39 -4.90 607.65 2.04 1.08 0 0 0 0.300 14.00 4.13
hero_spruce_a 59.01 -4.29 606.50 5.84 0.84 0 0 0 0.380 16.00 3.90
hero_oak_a -26.17 -4.24 614.76 3.45 1.13 0 0 0 0.550 13.74 8.57
hero_pine_a -17.25 -4.50 614.28 4.51 1.10 0 0 0 0.340 17.00 4.12
hero_spruce_b -13.95 -4.69 615.49 3.39 0.85 0 0 0 0.320 13.00 3.84
hero_spruce_a -8.61 -4.78 613.49 5.20 0.85 0 0 0 0.380 16.00 3.90
hero_oak_c 9.73 -5.04 613.01 4.43 1.14 0 1 0 0.620 16.21 10.57
hero_spruce_c 24.15 -5.31 614.16 0.99 0.90 0 1 0 0.420 19.00 3.91
hero_spruce_c 29.92 -6.20 615.46 4.39 0.91 0 1 0 0.420 19.00 3.91
hero_spruce_b 36.16 -6.32 616.05 0.97 0.94 0 1 0 0.320 13.00 3.84
hero_pine_b 43.19 -5.81 612.56 1.57 0.89 0 0 0 0.300 14.00 4.13
hero_spruce_a 48.20 -5.75 613.26 0.87 0.83 0 0 0 0.380 16.00 3.90
hero_birch_a 51.07 -6.15 616.98 2.18 0.93 0 0 0 0.200 13.23 4.86
hero_pine_a -24.93 -4.57 621.40 4.23 1.11 0 0 0 0.340 17.00 4.12
hero_spruce_c -20.46 -4.61 618.66 5.75 0.91 0 0 0 0.420 19.00 3.91
hero_pine_a -7.44 -5.36 621.65 1.52 0.82 0 0 0 0.340 17.00 4.12
hero_spruce_c -1.30 -5.70 621.98 4.55 0.85 0 1 0 0.420 19.00 3.91
hero_pine_b 6.38 -5.77 618.57 0.18 0.94 0 1 0 0.300 14.00 4.13
hero_pine_b 8.91 -5.90 620.56 4.26 1.14 0 1 0 0.300 14.00 4.13
hero_spruce_a 25.00 -6.09 623.17 5.55 1.04 0 1 0 0.380 16.00 3.90
hero_oak_c 28.65 -6.64 621.03 4.75 1.02 0 1 0 0.620 16.21 10.57
hero_oak_a 35.67 -6.78 620.16 0.43 1.10 0 1 0 0.550 13.74 8.57
hero_oak_c 40.19 -6.87 621.22 0.19 1.00 0 0 0 0.620 16.21 10.57
hero_pine_b 47.96 -6.74 620.85 5.47 1.12 0 0 0 0.300 14.00 4.13
hero_pine_b 55.43 -6.79 623.07 4.51 1.01 0 0 0 0.300 14.00 4.13
hero_spruce_a 60.26 -6.11 619.41 3.11 1.12 0 0 0 0.380 16.00 3.90
hero_spruce_a -23.80 -4.78 626.89 3.18 1.01 0 0 0 0.380 16.00 3.90
hero_spruce_b -20.49 -4.86 624.67 0.42 0.92 0 0 0 0.320 13.00 3.84
hero_oak_a -13.39 -5.31 627.02 1.86 0.95 0 0 0 0.550 13.74 8.57
hero_pine_b -1.57 -6.06 628.72 4.87 1.00 0 0 0 0.300 14.00 4.13
hero_oak_a 4.22 -6.24 625.91 0.32 1.10 0 1 0 0.550 13.74 8.57
hero_oak_a 13.34 -6.25 629.00 2.80 1.13 0 1 0 0.550 13.74 8.57
hero_oak_c 30.99 -7.23 626.49 4.65 0.94 0 1 0 0.620 16.21 10.57
hero_spruce_a 32.88 -7.61 629.35 5.86 1.06 0 1 0 0.380 16.00 3.90
hero_pine_a 48.33 -7.69 629.26 3.38 1.10 0 0 0 0.340 17.00 4.12
hero_spruce_b 53.12 -7.36 627.07 6.07 1.09 0 0 0 0.320 13.00 3.84
hero_pine_a 59.06 -7.07 626.31 1.44 0.81 0 0 0 0.340 17.00 4.12
hero_birch_a -18.17 -5.23 634.79 5.79 0.89 0 0 0 0.200 13.23 4.86
hero_spruce_c -13.78 -5.45 632.19 2.98 0.96 0 0 0 0.420 19.00 3.91
hero_spruce_b -5.95 -6.00 634.64 0.85 0.94 0 0 0 0.320 13.00 3.84
hero_spruce_a 0.85 -6.40 633.67 1.14 0.91 0 1 0 0.380 16.00 3.90
hero_oak_a 5.20 -6.63 632.92 2.39 0.83 0 1 0 0.550 13.74 8.57
hero_pine_b 12.31 -6.80 635.47 0.40 1.04 0 1 0 0.300 14.00 4.13
hero_oak_b 29.06 -7.40 633.42 5.75 1.02 0 1 0 0.480 10.11 6.89
hero_pine_b 36.17 -7.98 633.25 0.00 0.93 0 1 0 0.300 14.00 4.13
hero_oak_b 42.89 -8.03 632.64 2.17 1.09 0 0 0 0.480 10.11 6.89
hero_oak_a 49.11 -8.27 635.03 1.00 0.97 0 0 0 0.550 13.74 8.57
hero_spruce_a 52.97 -8.04 633.23 2.19 0.81 0 0 0 0.380 16.00 3.90
hero_spruce_c 58.67 -8.00 633.49 2.40 0.96 0 0 0 0.420 19.00 3.91
hero_pine_a -23.59 -4.94 639.05 2.01 0.90 0 0 0 0.340 17.00 4.12
hero_birch_a -17.32 -5.35 640.34 4.93 0.89 0 0 0 0.200 13.23 4.86
hero_spruce_c -12.00 -5.73 639.95 3.95 1.09 0 0 0 0.420 19.00 3.91
hero_spruce_b -9.30 -5.87 638.25 0.57 1.00 0 0 0 0.320 13.00 3.84
hero_birch_b 0.05 -6.50 638.26 0.65 0.96 0 0 0 0.220 14.31 7.20
hero_spruce_a 5.40 -6.89 639.54 0.48 0.87 0 1 0 0.380 16.00 3.90
hero_pine_b 29.98 -7.77 637.86 1.98 0.86 0 1 0 0.300 14.00 4.13
hero_oak_a 36.77 -8.45 639.09 5.61 1.09 0 1 0 0.550 13.74 8.57
hero_oak_b 38.57 -8.35 637.16 0.26 1.10 0 1 0 0.480 10.11 6.89
hero_oak_b 44.99 -8.77 640.86 0.17 1.11 0 0 0 0.480 10.11 6.89
hero_oak_b 54.01 -8.80 640.56 5.95 0.86 0 0 0 0.480 10.11 6.89
hero_pine_b 60.86 -8.63 639.10 1.08 1.11 0 0 0 0.300 14.00 4.13
hero_spruce_b 64.78 -8.81 641.33 6.15 0.87 0 0 0 0.320 13.00 3.84
hero_spruce_c -18.38 -5.31 644.15 2.55 1.08 0 0 0 0.420 19.00 3.91
hero_spruce_a -11.11 -5.81 645.90 4.04 0.85 0 0 0 0.380 16.00 3.90
hero_spruce_b -6.54 -6.16 644.93 0.47 0.96 0 0 0 0.320 13.00 3.84
hero_spruce_b 0.60 -6.65 643.62 5.49 0.82 0 0 0 0.320 13.00 3.84
hero_spruce_b 5.25 -7.04 645.34 4.42 1.13 0 1 0 0.320 13.00 3.84
hero_oak_b 9.63 -7.20 642.61 3.00 1.06 0 1 0 0.480 10.11 6.89
hero_oak_a 29.74 -8.05 646.58 1.68 1.06 0 1 0 0.550 13.74 8.57
hero_oak_a 36.32 -8.84 645.76 0.40 1.04 0 1 0 0.550 13.74 8.57
hero_spruce_c 41.64 -9.03 646.10 0.84 0.91 0 0 0 0.420 19.00 3.91
hero_pine_a 45.87 -9.05 644.41 2.11 1.02 0 0 0 0.340 17.00 4.12
hero_birch_a 54.97 -9.36 646.46 2.94 0.94 0 0 0 0.200 13.23 4.86
hero_spruce_b 60.03 -9.31 645.66 4.49 0.86 0 0 0 0.320 13.00 3.84
hero_spruce_a 63.21 -9.09 643.53 3.96 0.91 0 0 0 0.380 16.00 3.90
hero_spruce_a -18.83 -5.22 651.22 6.27 0.95 0 0 0 0.380 16.00 3.90
hero_spruce_a -15.15 -5.49 651.23 4.79 0.87 0 0 0 0.380 16.00 3.90
hero_spruce_a -7.84 -6.08 653.40 3.78 1.02 0 0 0 0.380 16.00 3.90
hero_spruce_a -2.53 -6.50 650.58 5.63 1.00 0 0 0 0.380 16.00 3.90
hero_spruce_a 4.14 -7.02 650.23 2.78 1.04 0 1 0 0.380 16.00 3.90
hero_spruce_c 11.82 -7.50 650.22 0.38 0.84 0 1 0 0.420 19.00 3.91
hero_pine_a 27.18 -7.57 649.98 4.10 1.12 0 1 0 0.340 17.00 4.12
hero_birch_a 35.42 -9.02 650.32 4.12 1.10 0 1 0 0.200 13.23 4.86
hero_spruce_c 38.73 -9.24 651.76 4.88 0.93 0 1 0 0.420 19.00 3.91
hero_pine_a 46.03 -9.34 648.68 3.35 0.96 0 0 0 0.340 17.00 4.12
hero_pine_b 51.25 -9.81 653.28 5.52 1.03 0 0 0 0.300 14.00 4.13
hero_spruce_b 60.25 -10.00 653.17 3.91 0.84 0 0 0 0.320 13.00 3.84
hero_pine_a 65.61 -10.12 653.28 5.52 1.11 0 0 0 0.340 17.00 4.12
hero_oak_c -17.14 -5.24 658.91 0.44 0.84 0 0 0 0.620 16.21 10.57
hero_birch_a -13.98 -5.52 657.57 1.21 0.81 0 0 0 0.200 13.23 4.86
hero_spruce_c -6.83 -6.14 657.75 3.15 1.02 0 0 0 0.420 19.00 3.91
hero_spruce_a 1.10 -6.80 659.14 0.06 1.08 0 0 0 0.380 16.00 3.90
hero_oak_c 6.90 -7.26 655.20 2.23 0.89 0 1 0 0.620 16.21 10.57
hero_oak_a 11.74 -7.61 654.65 6.28 1.01 0 1 0 0.550 13.74 8.57
hero_pine_b 15.30 -7.58 655.51 2.09 1.12 0 1 0 0.300 14.00 4.13
hero_spruce_a 31.19 -8.70 658.14 2.48 1.15 0 1 0 0.380 16.00 3.90
hero_oak_c 36.72 -9.34 656.86 5.79 0.97 0 1 0 0.620 16.21 10.57
hero_birch_b 40.12 -9.49 655.97 2.14 0.91 0 1 0 0.220 14.31 7.20
hero_pine_b 47.04 -9.92 657.90 5.64 1.12 0 0 0 0.300 14.00 4.13
hero_spruce_b 54.20 -10.08 656.30 5.25 0.81 0 0 0 0.320 13.00 3.84
hero_birch_a 58.93 -10.29 656.87 5.85 1.12 0 0 0 0.200 13.23 4.86
hero_oak_b 64.42 -10.61 659.19 1.67 1.06 0 0 0 0.480 10.11 6.89
hero_pine_b -16.49 -5.23 662.63 2.96 0.87 0 0 0 0.300 14.00 4.13
hero_spruce_b -12.17 -5.57 665.38 1.84 0.97 0 0 0 0.320 13.00 3.84
hero_pine_b -6.04 -6.17 662.02 5.33 1.10 0 0 0 0.300 14.00 4.13
hero_spruce_a -0.70 -6.62 661.58 1.41 0.95 0 0 0 0.380 16.00 3.90
hero_birch_b 12.65 -7.70 663.69 3.17 0.96 0 1 0 0.220 14.31 7.20
hero_birch_a 33.35 -9.14 665.14 3.01 0.96 0 1 0 0.200 13.23 4.86
hero_birch_a 42.09 -9.84 663.45 6.25 0.85 0 1 0 0.200 13.23 4.86
hero_pine_a 48.83 -10.14 661.72 0.84 0.81 0 0 0 0.340 17.00 4.12
hero_oak_c 57.99 -10.73 664.21 3.70 1.08 0 0 0 0.620 16.21 10.57
hero_birch_b 64.20 -10.71 660.52 0.12 1.04 0 0 0 0.220 14.31 7.20
hero_oak_c -17.77 -4.99 669.23 5.61 0.96 0 0 0 0.620 16.21 10.57
hero_oak_a -15.31 -5.26 667.61 0.36 1.08 0 0 0 0.550 13.74 8.57
hero_spruce_c -6.55 -6.06 666.55 2.38 1.12 0 0 0 0.420 19.00 3.91
hero_pine_b -1.34 -6.46 671.05 2.66 1.07 0 0 0 0.300 14.00 4.13
hero_birch_b 3.18 -6.86 670.81 0.01 0.98 0 1 0 0.220 14.31 7.20
hero_birch_b 12.27 -7.68 668.63 4.22 0.97 0 1 0 0.220 14.31 7.20
hero_spruce_a 14.67 -7.80 670.56 0.40 0.92 0 1 0 0.380 16.00 3.90
hero_spruce_a 30.94 -8.67 671.34 3.77 1.07 0 1 0 0.380 16.00 3.90
hero_birch_a 35.47 -9.44 666.58 1.15 0.87 0 1 0 0.200 13.23 4.86
hero_pine_a 40.77 -9.89 669.27 3.36 0.81 0 1 0 0.340 17.00 4.12
hero_spruce_a 44.87 -10.11 667.04 3.27 0.81 0 0 0 0.380 16.00 3.90
hero_birch_b 51.56 -10.57 668.37 5.55 0.95 0 0 0 0.220 14.31 7.20
hero_oak_b 58.80 -10.96 668.12 0.13 1.07 0 0 0 0.480 10.11 6.89
hero_spruce_b 65.35 -11.38 670.07 1.25 1.00 0 0 0 0.320 13.00 3.84
hero_birch_b -20.20 -4.60 677.32 3.64 1.11 0 0 0 0.220 14.31 7.20
hero_pine_b -12.43 -5.42 673.05 3.07 1.13 0 0 0 0.300 14.00 4.13
hero_pine_a -6.18 -5.89 676.98 4.01 0.83 0 0 0 0.340 17.00 4.12
hero_pine_b 3.40 -6.81 676.83 5.02 1.12 0 1 0 0.300 14.00 4.13
hero_birch_b 12.84 -7.66 676.67 6.16 1.01 0 1 0 0.220 14.31 7.20
hero_birch_b 15.85 -7.90 675.48 0.02 0.80 0 1 0 0.220 14.31 7.20
hero_spruce_b 36.84 -9.66 673.29 2.11 0.94 0 1 0 0.320 13.00 3.84
hero_spruce_c 40.69 -9.99 676.87 3.68 1.12 0 1 0 0.420 19.00 3.91
hero_oak_c 45.56 -10.35 675.68 1.88 1.06 0 0 0 0.620 16.21 10.57
hero_oak_b 55.33 -11.01 675.01 2.38 0.99 0 0 0 0.480 10.11 6.89
hero_birch_a 57.26 -11.16 675.40 3.11 1.10 0 0 0 0.200 13.23 4.86
hero_spruce_c 66.39 -11.58 673.01 0.50 0.87 0 0 0 0.420 19.00 3.91
hero_spruce_c -17.40 -4.78 680.46 2.14 0.97 0 0 0 0.420 19.00 3.91
hero_pine_b -11.38 -5.29 682.71 2.70 0.82 0 0 0 0.300 14.00 4.13
hero_spruce_c -6.70 -5.74 682.43 3.32 0.88 0 0 0 0.420 19.00 3.91
hero_birch_b -1.33 -6.30 680.48 0.13 1.04 0 0 0 0.220 14.31 7.20
hero_oak_a 5.72 -6.97 679.62 2.67 1.10 0 1 0 0.550 13.74 8.57
hero_birch_b 9.58 -7.30 679.31 0.61 0.82 0 1 0 0.220 14.31 7.20
hero_birch_b 17.27 -7.92 681.28 5.02 0.83 0 1 0 0.220 14.31 7.20
hero_birch_b 29.44 -8.30 681.22 5.60 1.08 0 1 0 0.220 14.31 7.20
hero_pine_b 33.55 -9.15 679.39 1.90 0.88 0 1 0 0.300 14.00 4.13
hero_pine_a 40.53 -9.99 680.35 3.63 1.11 0 1 0 0.340 17.00 4.12
hero_birch_a 46.01 -10.41 682.02 0.92 0.83 0 0 0 0.200 13.23 4.86
hero_pine_a 54.11 -11.07 681.26 2.80 1.11 0 0 0 0.340 17.00 4.12
hero_pine_a 59.80 -11.45 679.53 2.05 1.13 0 0 0 0.340 17.00 4.12
hero_spruce_b 64.38 -11.85 682.89 1.62 1.08 0 0 0 0.320 13.00 3.84
hero_spruce_c -16.73 -4.75 685.92 3.00 1.14 0 0 0 0.420 19.00 3.91
hero_pine_a -14.94 -4.84 689.01 1.48 0.93 0 0 0 0.340 17.00 4.12
hero_pine_a -7.30 -5.63 685.94 2.55 0.95 0 0 0 0.340 17.00 4.12
hero_oak_c 1.03 -6.37 688.69 1.37 1.05 0 0 0 0.620 16.21 10.57
hero_birch_b 6.30 -6.89 687.27 0.95 1.04 0 1 0 0.220 14.31 7.20
hero_pine_a 29.43 -8.26 685.91 1.17 0.93 0 1 0 0.340 17.00 4.12
hero_birch_b 36.55 -9.62 685.56 2.68 0.96 0 1 0 0.220 14.31 7.20
hero_birch_a 40.14 -9.92 686.19 6.07 0.87 0 1 0 0.200 13.23 4.86
hero_birch_a 48.42 -10.64 689.38 2.77 1.07 0 0 0 0.200 13.23 4.86
hero_spruce_c 55.14 -11.17 685.78 4.43 0.83 0 0 0 0.420 19.00 3.91
hero_spruce_b 57.91 -11.42 686.21 0.53 1.01 0 0 0 0.320 13.00 3.84
hero_spruce_c 64.05 -11.85 684.56 5.39 0.83 0 0 0 0.420 19.00 3.91
hero_pine_a -17.13 -4.58 692.43 4.93 1.03 0 0 0 0.340 17.00 4.12
hero_spruce_c -11.50 -5.11 692.69 5.95 0.95 0 0 0 0.420 19.00 3.91
hero_pine_b -7.38 -5.48 694.75 5.82 1.05 0 0 0 0.300 14.00 4.13
hero_birch_a -0.48 -6.15 693.24 2.90 1.04 0 0 0 0.200 13.23 4.86
hero_birch_b 3.27 -6.54 691.35 2.90 1.10 0 1 0 0.220 14.31 7.20
hero_pine_a 11.52 -7.31 691.13 0.36 1.04 0 1 0 0.340 17.00 4.12
hero_spruce_a 15.90 -7.82 693.53 2.40 0.91 0 1 0 0.380 16.00 3.90
hero_oak_c 36.46 -9.53 693.13 5.16 0.95 0 1 0 0.620 16.21 10.57
hero_birch_a 39.98 -9.84 694.18 5.56 0.97 0 1 0 0.200 13.23 4.86
hero_oak_b 45.74 -10.39 690.88 5.65 0.98 0 0 0 0.480 10.11 6.89
hero_oak_a 53.42 -11.05 691.64 1.21 0.87 0 0 0 0.550 13.74 8.57
hero_spruce_b 58.37 -11.51 695.11 0.02 1.14 0 0 0 0.320 13.00 3.84
hero_birch_b 64.82 -12.06 694.47 1.08 1.03 0 0 0 0.220 14.31 7.20
hero_spruce_a -17.64 -4.39 700.32 2.94 0.89 0 0 0 0.380 16.00 3.90
hero_birch_a -14.76 -4.73 696.53 3.14 0.92 0 0 0 0.200 13.23 4.86
hero_oak_b -7.07 -5.41 700.92 1.22 0.99 0 0 0 0.480 10.11 6.89
hero_spruce_c -0.97 -5.99 699.50 1.16 0.86 0 0 0 0.420 19.00 3.91
hero_spruce_c 11.87 -7.23 696.74 0.28 0.89 0 1 0 0.420 19.00 3.91
hero_birch_b 15.81 -7.79 697.12 3.00 1.08 0 1 0 0.220 14.31 7.20
hero_oak_b 29.02 -8.11 696.65 4.90 0.98 0 1 0 0.480 10.11 6.89
hero_spruce_c 35.80 -9.38 697.78 4.38 0.93 0 1 0 0.420 19.00 3.91
hero_pine_a 43.32 -10.07 700.02 5.55 0.96 0 0 0 0.340 17.00 4.12
hero_pine_a 45.65 -10.34 696.69 2.63 1.02 0 0 0 0.340 17.00 4.12
hero_spruce_b 56.67 -11.33 700.57 0.82 1.09 0 0 0 0.320 13.00 3.84
hero_spruce_a 64.34 -12.02 697.14 2.44 0.93 0 0 0 0.380 16.00 3.90
hero_spruce_a -20.64 -4.06 703.49 2.49 0.96 0 0 0 0.380 16.00 3.90
hero_oak_b -12.72 -4.84 702.81 2.52 0.97 0 0 0 0.480 10.11 6.89
hero_oak_a -8.89 -5.21 703.67 0.22 1.11 0 0 0 0.550 13.74 8.57
hero_spruce_b -2.33 -5.81 704.79 3.26 1.11 0 0 0 0.320 13.00 3.84
hero_spruce_a 4.71 -6.48 703.83 5.35 1.13 0 1 0 0.380 16.00 3.90
hero_pine_b 13.30 -7.31 703.67 4.59 0.85 0 1 0 0.300 14.00 4.13
hero_spruce_c 16.75 -7.73 703.93 0.37 0.93 0 1 0 0.420 19.00 3.91
hero_birch_b 29.39 -8.10 702.51 1.97 0.91 0 1 0 0.220 14.31 7.20
hero_oak_b 41.05 -9.78 704.71 5.89 0.87 0 1 0 0.480 10.11 6.89
hero_spruce_a 46.44 -10.31 703.49 2.60 0.96 0 0 0 0.380 16.00 3.90
hero_oak_a 52.34 -10.87 704.69 4.87 1.05 0 0 0 0.550 13.74 8.57
hero_birch_a 59.86 -11.57 704.06 6.18 0.90 0 0 0 0.200 13.23 4.86
hero_pine_a 65.38 -12.06 707.03 0.70 0.85 0 0 0 0.340 17.00 4.12
hero_spruce_a -16.81 -4.34 712.34 0.40 1.07 0 0 0 0.380 16.00 3.90
hero_birch_a -8.71 -5.12 711.67 0.93 0.97 0 0 0 0.200 13.23 4.86
hero_spruce_b -1.13 -5.82 713.14 3.04 1.11 0 0 0 0.320 13.00 3.84
hero_spruce_a 3.47 -6.23 713.45 5.69 1.07 0 1 0 0.380 16.00 3.90
hero_spruce_c 12.94 -7.15 711.27 0.68 0.95 0 1 0 0.420 19.00 3.91
hero_spruce_b 29.71 -8.01 712.55 3.89 0.96 0 1 0 0.320 13.00 3.84
hero_pine_b 36.49 -9.30 708.73 0.86 1.13 0 1 0 0.300 14.00 4.13
hero_birch_b 39.50 -9.53 711.14 2.13 0.99 0 1 0 0.220 14.31 7.20
hero_oak_b 46.58 -10.19 711.14 0.48 0.92 0 0 0 0.480 10.11 6.89
hero_oak_a 51.54 -10.70 708.96 4.12 0.81 0 0 0 0.550 13.74 8.57
hero_pine_b 58.00 -11.33 709.51 0.37 1.02 0 0 0 0.300 14.00 4.13
hero_spruce_a 65.87 -12.03 712.97 3.27 0.96 0 0 0 0.380 16.00 3.90
hero_birch_a -16.63 -4.32 715.44 3.69 1.01 0 0 0 0.200 13.23 4.86
hero_pine_b -15.24 -4.45 715.77 0.73 0.97 0 0 0 0.300 14.00 4.13
hero_pine_a -7.05 -5.20 717.68 4.92 0.96 0 0 0 0.340 17.00 4.12
hero_oak_c 4.97 -6.31 717.25 4.99 1.03 0 1 0 0.620 16.21 10.57
hero_spruce_c 9.57 -6.69 718.44 1.59 0.90 0 1 0 0.420 19.00 3.91
hero_spruce_b 16.43 -7.52 715.68 5.26 1.10 0 1 0 0.320 13.00 3.84
hero_spruce_b 29.73 -7.93 717.79 2.89 1.03 0 1 0 0.320 13.00 3.84
hero_spruce_a 36.89 -9.14 718.67 6.05 1.00 0 1 0 0.380 16.00 3.90
hero_oak_a 42.12 -9.68 715.65 3.27 0.94 0 1 0 0.550 13.74 8.57
hero_spruce_a 46.25 -10.07 716.88 1.97 1.10 0 0 0 0.380 16.00 3.90
hero_spruce_a 52.75 -10.70 716.67 2.04 1.07 0 0 0 0.380 16.00 3.90
hero_birch_a 58.07 -11.25 715.32 2.15 1.10 0 0 0 0.200 13.23 4.86
hero_oak_b 66.55 -11.98 718.84 1.92 0.93 0 0 0 0.480 10.11 6.89
hero_spruce_a -20.96 -3.81 721.53 2.03 0.95 0 0 0 0.380 16.00 3.90
hero_pine_a -11.47 -4.71 724.17 2.45 1.04 0 0 0 0.340 17.00 4.12
hero_oak_a -5.55 -5.27 723.00 4.18 0.94 0 0 0 0.550 13.74 8.57
hero_pine_b -1.81 -5.65 721.01 4.30 1.04 0 0 0 0.300 14.00 4.13
hero_birch_a 6.48 -6.36 723.32 1.43 1.07 0 1 0 0.200 13.23 4.86
hero_spruce_a 8.98 -6.55 723.87 6.22 0.83 0 1 0 0.380 16.00 3.90
hero_pine_b 30.13 -7.95 721.05 4.25 0.85 0 1 0 0.300 14.00 4.13
hero_oak_a 32.92 -8.56 720.50 1.72 1.11 0 1 0 0.550 13.74 8.57
hero_spruce_b 41.02 -9.44 722.71 1.45 0.94 0 1 0 0.320 13.00 3.84
hero_oak_c 51.77 -10.48 722.49 2.62 1.08 0 0 0 0.620 16.21 10.57
hero_pine_b 58.65 -11.16 721.70 0.36 0.98 0 0 0 0.300 14.00 4.13
hero_oak_c 65.48 -11.77 723.64 2.32 0.97 0 0 0 0.620 16.21 10.57
hero_spruce_c -22.88 -3.50 729.43 4.39 1.00 0 0 0 0.420 19.00 3.91
hero_pine_b -18.87 -3.88 730.48 1.95 0.85 0 0 0 0.300 14.00 4.13
hero_pine_b -14.26 -4.41 727.32 1.41 1.13 0 0 0 0.300 14.00 4.13
hero_spruce_c -8.29 -4.95 728.20 3.49 1.02 0 0 0 0.420 19.00 3.91
hero_birch_a 0.96 -5.81 726.56 0.21 1.00 0 0 0 0.200 13.23 4.86
hero_spruce_a 6.09 -6.27 726.56 6.07 0.98 0 1 0 0.380 16.00 3.90
hero_spruce_c 8.54 -6.46 728.41 0.52 1.01 0 1 0 0.420 19.00 3.91
hero_spruce_b 30.28 -7.88 728.10 5.16 1.02 0 1 0 0.320 13.00 3.84
hero_spruce_c 35.85 -8.88 726.78 1.99 0.99 0 1 0 0.420 19.00 3.91
hero_spruce_b 41.40 -9.37 729.06 3.78 1.13 0 1 0 0.320 13.00 3.84
hero_spruce_b 46.68 -9.84 728.64 4.57 0.83 0 0 0 0.320 13.00 3.84
hero_spruce_b 52.37 -10.41 728.34 5.38 1.08 0 0 0 0.320 13.00 3.84
hero_oak_a 60.24 -11.12 730.35 3.59 1.14 0 0 0 0.550 13.74 8.57
hero_pine_b 66.29 -11.73 728.46 4.04 1.03 0 0 0 0.300 14.00 4.13
hero_spruce_c -18.97 -3.75 736.39 2.37 0.99 0 0 0 0.420 19.00 3.91
hero_birch_b -14.28 -4.19 737.45 1.03 1.02 0 0 0 0.220 14.31 7.20
hero_oak_a -8.17 -4.87 733.07 4.42 1.02 0 0 0 0.550 13.74 8.57
hero_pine_a -0.83 -5.48 735.51 1.23 0.85 0 0 0 0.340 17.00 4.12
hero_spruce_b 5.83 -6.13 732.67 5.89 0.85 0 1 0 0.320 13.00 3.84
hero_oak_a 13.42 -6.79 734.07 1.76 1.07 0 1 0 0.550 13.74 8.57
hero_spruce_c 29.90 -7.69 733.40 5.44 1.08 0 1 0 0.420 19.00 3.91
hero_birch_a 34.69 -8.57 734.91 5.23 0.90 0 1 0 0.200 13.23 4.86
hero_birch_a 40.25 -9.09 736.11 5.76 0.94 0 1 0 0.200 13.23 4.86
hero_spruce_c 45.78 -9.60 736.84 4.72 1.07 0 0 0 0.420 19.00 3.91
hero_spruce_a 51.27 -10.19 732.65 1.70 0.89 0 0 0 0.380 16.00 3.90
hero_pine_b 57.53 -10.77 734.04 4.59 1.10 0 0 0 0.300 14.00 4.13
hero_spruce_a 63.77 -11.38 732.90 3.71 1.07 0 0 0 0.380 16.00 3.90
hero_pine_b -20.61 -3.51 739.46 4.67 1.06 0 0 0 0.300 14.00 4.13
hero_oak_b -9.39 -4.57 740.63 2.76 0.92 0 0 0 0.480 10.11 6.89
hero_oak_b -3.52 -5.18 738.71 6.18 1.09 0 0 0 0.480 10.11 6.89
hero_pine_b 3.34 -5.78 739.71 4.97 1.12 0 1 0 0.300 14.00 4.13
hero_birch_a 8.93 -6.25 740.23 4.61 1.06 0 1 0 0.200 13.23 4.86
hero_oak_a 15.39 -6.70 739.45 6.11 1.13 0 1 0 0.550 13.74 8.57
hero_spruce_a 30.18 -7.63 739.56 3.82 0.91 0 1 0 0.380 16.00 3.90
hero_spruce_c 37.37 -8.69 742.40 3.34 1.04 0 1 0 0.420 19.00 3.91
hero_spruce_b 40.45 -9.05 738.90 4.87 0.96 0 1 0 0.320 13.00 3.84
hero_spruce_c 46.28 -9.53 741.12 3.18 0.99 0 0 0 0.420 19.00 3.91
hero_birch_a 50.99 -9.90 743.14 4.82 0.89 0 0 0 0.200 13.23 4.86
hero_pine_a 60.94 -10.81 743.16 3.66 0.88 0 0 0 0.340 17.00 4.12
hero_oak_b -21.20 -3.28 744.69 3.35 1.00 0 0 0 0.480 10.11 6.89
hero_spruce_a -15.09 -3.78 747.42 2.01 0.97 0 0 0 0.380 16.00 3.90
hero_spruce_b -7.59 -4.58 745.47 4.36 0.89 0 0 0 0.320 13.00 3.84
hero_pine_b 1.34 -5.40 745.36 5.98 0.82 0 1 0 0.300 14.00 4.13
hero_oak_b 3.92 -5.59 746.81 4.92 0.93 0 1 0 0.480 10.11 6.89
hero_pine_b 11.01 -6.14 748.75 1.59 1.10 0 1 0 0.300 14.00 4.13
hero_spruce_c 31.14 -7.81 745.34 4.11 0.82 0 1 0 0.420 19.00 3.91
hero_pine_a 35.55 -8.35 748.36 2.19 0.81 0 1 0 0.340 17.00 4.12
hero_spruce_a 40.09 -8.84 746.31 5.79 1.03 0 1 0 0.380 16.00 3.90
hero_birch_a 44.95 -9.28 745.65 0.58 0.81 0 0 0 0.200 13.23 4.86
hero_spruce_b 52.71 -9.99 745.58 3.91 0.86 0 0 0 0.320 13.00 3.84
hero_birch_b 59.76 -10.59 746.81 1.73 0.83 0 0 0 0.220 14.31 7.20
hero_oak_a 64.73 -11.01 747.30 5.34 0.84 0 0 0 0.550 13.74 8.57
hero_pine_b -20.23 -2.95 753.70 0.38 0.81 0 0 0 0.300 14.00 4.13
hero_pine_a -12.03 -3.69 755.25 3.80 0.83 0 0 0 0.340 17.00 4.12
hero_spruce_b -7.27 -4.22 754.04 0.45 0.84 0 0 0 0.320 13.00 3.84
hero_oak_c -2.70 -4.82 751.03 0.17 0.97 0 0 0 0.620 16.21 10.57
hero_spruce_a 7.28 -5.66 752.43 0.01 0.81 0 1 0 0.380 16.00 3.90
hero_pine_b 29.46 -7.15 750.78 4.91 0.94 0 1 0 0.300 14.00 4.13
hero_oak_c 35.76 -8.28 752.30 1.59 1.14 0 1 0 0.620 16.21 10.57
hero_pine_a 41.68 -8.70 755.16 3.81 0.94 0 0 0 0.340 17.00 4.12
hero_pine_b 48.10 -9.29 755.46 2.08 1.00 0 0 0 0.300 14.00 4.13
hero_spruce_b 54.15 -9.83 755.46 5.53 0.93 0 0 0 0.320 13.00 3.84
hero_pine_a 58.89 -10.34 752.70 5.88 0.97 0 0 0 0.340 17.00 4.12
hero_oak_b -21.09 -2.58 758.74 1.11 1.08 0 0 0 0.480 10.11 6.89
hero_spruce_b -13.50 -3.46 756.92 1.10 0.96 0 0 0 0.320 13.00 3.84
hero_spruce_c -7.49 -4.05 756.83 0.19 0.84 0 0 0 0.420 19.00 3.91
hero_pine_b -2.78 -4.23 761.22 5.45 0.86 0 0 0 0.300 14.00 4.13
hero_spruce_a 3.89 -4.96 760.12 3.50 1.04 0 1 0 0.380 16.00 3.90
hero_oak_b 13.05 -5.65 757.73 4.93 0.93 0 1 0 0.480 10.11 6.89
hero_spruce_c 27.86 -6.51 756.91 0.63 0.92 0 1 0 0.420 19.00 3.91
hero_oak_c 32.88 -7.66 760.77 2.40 0.92 0 1 0 0.620 16.21 10.57
hero_oak_c 42.64 -8.58 761.24 0.11 1.07 0 0 0 0.620 16.21 10.57
hero_spruce_c 45.08 -8.97 756.97 3.36 1.10 0 0 0 0.420 19.00 3.91
hero_pine_a 55.51 -9.78 760.06 6.25 0.84 0 0 0 0.340 17.00 4.12
hero_birch_a 56.71 -9.97 758.08 5.60 0.93 0 0 0 0.200 13.23 4.86
hero_pine_a 63.54 -10.45 761.37 5.41 1.13 0 0 0 0.340 17.00 4.12
hero_pine_b -16.92 -2.64 763.83 4.18 0.97 0 0 0 0.300 14.00 4.13
hero_spruce_c -13.60 -2.88 765.04 0.31 0.95 0 0 0 0.420 19.00 3.91
hero_oak_a -8.22 -3.49 764.40 6.18 1.06 0 0 0 0.550 13.74 8.57
hero_oak_c 1.30 -4.42 764.36 5.89 0.96 0 1 0 0.620 16.21 10.57
hero_pine_a 7.24 -5.08 763.35 6.16 1.13 0 1 0 0.340 17.00 4.12
hero_pine_b 25.10 -5.48 763.47 0.67 0.94 0 1 0 0.300 14.00 4.13
hero_pine_b 29.75 -6.69 767.07 6.27 1.00 0 1 0 0.300 14.00 4.13
hero_birch_b 35.87 -7.85 762.53 5.74 0.81 0 1 0 0.220 14.31 7.20
hero_spruce_c 42.93 -8.42 765.26 4.51 1.05 0 0 0 0.420 19.00 3.91
hero_oak_b 48.56 -9.00 764.65 6.20 1.14 0 0 0 0.480 10.11 6.89
hero_spruce_c 52.83 -9.37 764.55 0.23 0.95 0 0 0 0.420 19.00 3.91
hero_spruce_c 58.83 -9.81 767.03 1.32 1.07 0 0 0 0.420 19.00 3.91
hero_birch_b -19.08 -1.59 773.01 6.07 0.92 0 0 0 0.220 14.31 7.20
hero_oak_a -11.20 -2.67 770.41 2.51 1.12 0 0 0 0.550 13.74 8.57
hero_birch_a -7.65 -2.96 770.97 2.10 0.87 0 0 0 0.200 13.23 4.86
hero_spruce_c -0.44 -3.86 769.18 5.45 0.91 0 1 0 0.420 19.00 3.91
hero_spruce_b 2.76 -4.01 771.30 1.52 1.05 0 1 0 0.320 13.00 3.84
hero_spruce_b 10.29 -4.40 772.72 5.50 1.01 0 1 0 0.320 13.00 3.84
hero_birch_a 26.64 -5.68 768.57 4.84 0.84 0 1 0 0.200 13.23 4.86
hero_spruce_b 36.27 -7.59 768.79 0.81 1.00 0 1 0 0.320 13.00 3.84
hero_pine_b 39.82 -7.94 768.65 2.69 0.88 0 0 0 0.300 14.00 4.13
hero_oak_c 47.90 -8.54 772.28 4.08 0.90 0 0 0 0.620 16.21 10.57
hero_birch_b 54.01 -9.30 769.04 4.85 1.08 0 0 0 0.220 14.31 7.20
hero_spruce_b 57.46 -9.62 768.86 5.71 1.09 0 0 0 0.320 13.00 3.84
hero_pine_a -25.44 -0.63 776.01 5.41 1.06 0 0 0 0.340 17.00 4.12
hero_oak_b -17.63 -1.33 776.83 3.72 0.83 0 0 0 0.480 10.11 6.89
hero_oak_b -12.20 -2.12 774.91 2.41 1.10 0 0 0 0.480 10.11 6.89
hero_oak_c -5.65 -2.64 776.42 0.24 1.07 0 0 0 0.620 16.21 10.57
hero_pine_b 3.82 -3.53 777.25 1.42 0.92 0 1 0 0.300 14.00 4.13
hero_pine_b 12.18 -4.09 775.46 2.76 0.93 0 1 0 0.300 14.00 4.13
hero_pine_b 29.21 -6.09 776.02 3.35 0.83 0 1 0 0.300 14.00 4.13
hero_spruce_b 34.35 -7.00 774.85 2.38 0.92 0 1 0 0.320 13.00 3.84
hero_spruce_c 41.53 -7.47 778.89 0.84 0.88 0 0 0 0.420 19.00 3.91
hero_birch_b 46.84 -8.05 778.54 0.78 0.88 0 0 0 0.220 14.31 7.20
hero_birch_a 55.50 -8.92 778.62 2.53 1.03 0 0 0 0.200 13.23 4.86
hero_birch_a -16.73 -0.52 784.37 1.32 0.87 0 0 0 0.200 13.23 4.86
hero_spruce_b -11.18 -1.07 784.78 2.04 1.12 0 0 0 0.320 13.00 3.84
hero_oak_b -7.18 -1.69 783.05 2.70 0.88 0 0 0 0.480 10.11 6.89
hero_oak_c 3.36 -2.64 784.69 0.23 1.09 0 1 0 0.620 16.21 10.57
hero_oak_a 29.89 -5.65 783.99 2.51 0.90 0 1 0 0.550 13.74 8.57
hero_pine_b 34.04 -6.21 784.21 4.07 0.99 0 1 0 0.300 14.00 4.13
hero_spruce_b 40.75 -7.05 783.41 3.80 1.03 0 0 0 0.320 13.00 3.84
hero_spruce_c 49.20 -8.12 781.22 5.05 0.92 0 0 0 0.420 19.00 3.91
hero_oak_b 54.90 -8.71 781.29 1.43 1.14 0 0 0 0.480 10.11 6.89
hero_spruce_c 56.99 -8.83 782.20 2.42 0.85 0 0 0 0.420 19.00 3.91
hero_birch_a -27.22 1.13 789.08 1.31 0.97 0 0 0 0.200 13.23 4.86
hero_oak_b -20.55 0.47 788.95 5.76 0.83 0 0 0 0.480 10.11 6.89
hero_pine_b -12.27 -0.02 791.39 2.77 0.86 0 0 0 0.300 14.00 4.13
hero_spruce_c -7.34 -0.66 790.58 0.39 0.86 0 0 0 0.420 19.00 3.91
hero_pine_b -1.86 -1.18 791.20 2.83 0.97 0 1 0 0.300 14.00 4.13
hero_birch_a 3.11 -2.10 788.56 0.17 1.02 0 1 0 0.200 13.23 4.86
hero_birch_b 10.08 -2.73 787.79 3.11 1.13 0 1 0 0.220 14.31 7.20
hero_oak_b 24.78 -3.31 790.61 3.66 1.07 0 1 0 0.480 10.11 6.89
hero_spruce_c 28.69 -4.98 789.25 2.82 0.82 0 1 0 0.420 19.00 3.91
hero_spruce_c 37.52 -6.35 787.13 4.77 0.97 0 0 0 0.420 19.00 3.91
hero_spruce_b 39.28 -6.39 788.96 5.11 1.00 0 0 0 0.320 13.00 3.84
hero_spruce_c 48.32 -7.24 791.34 2.56 1.06 0 0 0 0.420 19.00 3.91
hero_oak_b 54.54 -8.19 787.97 4.67 0.95 0 0 0 0.480 10.11 6.89
hero_oak_a 58.37 -8.46 789.65 0.23 1.06 0 0 0 0.550 13.74 8.57
hero_birch_a -25.82 1.48 792.79 4.05 1.14 0 0 0 0.200 13.23 4.86
hero_spruce_b -20.09 1.00 793.17 1.71 1.01 0 0 0 0.320 13.00 3.84
hero_spruce_b -12.11 0.12 792.58 4.36 1.00 0 0 0 0.320 13.00 3.84
hero_oak_a -8.57 0.40 796.96 0.04 1.07 0 0 0 0.550 13.74 8.57
hero_spruce_a 1.36 -1.27 793.05 0.19 0.92 0 1 0 0.380 16.00 3.90
hero_birch_a 7.03 -1.55 795.85 4.59 1.01 0 1 0 0.200 13.23 4.86
hero_spruce_c 8.54 -1.82 794.74 3.39 0.98 0 1 0 0.420 19.00 3.91
hero_spruce_a 24.71 -2.71 796.47 0.20 1.14 0 1 0 0.380 16.00 3.90
hero_birch_b 28.05 -4.47 793.22 4.10 0.81 0 1 0 0.220 14.31 7.20
hero_spruce_c 36.38 -5.20 796.64 0.07 0.96 0 1 0 0.420 19.00 3.91
hero_spruce_c 39.51 -5.87 794.13 5.01 0.87 0 0 0 0.420 19.00 3.91
hero_spruce_b 54.70 -7.43 797.23 2.27 1.05 0 0 0 0.320 13.00 3.84
hero_spruce_a 59.58 -8.13 795.11 3.73 0.88 0 0 0 0.380 16.00 3.90
hero_pine_a -24.35 2.52 800.81 5.94 0.99 0 0 0 0.340 17.00 4.12
hero_pine_b -18.92 2.25 802.23 2.28 1.06 0 0 0 0.300 14.00 4.13
hero_spruce_c -12.70 1.61 801.80 0.70 0.86 0 0 0 0.420 19.00 3.91
hero_pine_b -4.78 0.70 801.39 1.15 1.05 0 0 0 0.300 14.00 4.13
hero_birch_a -1.32 0.29 801.10 1.84 0.85 0 1 0 0.200 13.23 4.86
hero_spruce_c 3.69 -0.30 801.17 5.72 0.97 0 1 0 0.420 19.00 3.91
hero_spruce_a 10.40 -1.09 800.47 0.11 1.02 0 1 0 0.380 16.00 3.90
hero_pine_b 26.61 -3.13 799.75 1.29 1.10 0 1 0 0.300 14.00 4.13
hero_spruce_a 36.78 -4.59 802.08 1.83 1.00 0 0 0 0.380 16.00 3.90
hero_oak_b 43.35 -5.69 800.48 0.80 1.10 0 0 0 0.480 10.11 6.89
hero_spruce_a 46.95 -6.17 800.25 0.59 0.93 0 0 0 0.380 16.00 3.90
hero_pine_b 50.59 -6.57 800.78 5.33 0.83 0 0 0 0.300 14.00 4.13
hero_pine_a 58.55 -7.58 800.32 2.72 1.11 0 0 0 0.340 17.00 4.12
hero_pine_a -28.59 3.75 806.76 4.21 0.84 0 0 0 0.340 17.00 4.12
hero_oak_b -22.97 3.41 807.46 2.33 1.07 0 0 0 0.480 10.11 6.89
hero_spruce_a -16.67 2.64 806.00 0.13 1.06 0 0 0 0.380 16.00 3.90
hero_birch_b -11.24 2.23 806.55 5.29 1.05 0 0 0 0.220 14.31 7.20
hero_birch_a -8.98 2.05 806.90 5.32 1.14 0 0 0 0.200 13.23 4.86
hero_spruce_b -3.22 1.30 806.01 4.75 1.06 0 1 0 0.320 13.00 3.84
hero_oak_b 3.72 0.61 806.75 2.44 1.12 0 1 0 0.480 10.11 6.89
hero_spruce_b 21.43 -0.46 808.89 0.15 0.89 0 1 0 0.320 13.00 3.84
hero_spruce_a 31.49 -3.35 805.58 1.80 0.91 0 1 0 0.380 16.00 3.90
hero_birch_b 35.70 -4.05 804.86 2.75 0.84 0 1 0 0.220 14.31 7.20
hero_spruce_c 40.29 -4.44 806.99 5.63 0.91 0 0 0 0.420 19.00 3.91
hero_birch_a 49.43 -5.86 805.79 1.25 0.87 0 0 0 0.200 13.23 4.86
hero_spruce_c 54.01 -6.20 808.24 3.05 1.06 0 0 0 0.420 19.00 3.91
hero_spruce_b 58.31 -6.98 805.95 2.38 1.11 0 0 0 0.320 13.00 3.84
hero_oak_b -16.86 3.82 813.06 3.04 0.95 0 0 0 0.480 10.11 6.89
hero_spruce_b -12.37 3.68 814.61 3.37 1.10 0 0 0 0.320 13.00 3.84
hero_birch_b -6.11 2.48 811.02 2.21 0.85 0 0 0 0.220 14.31 7.20
hero_pine_b -0.51 1.96 811.69 3.56 1.13 0 1 0 0.300 14.00 4.13
hero_pine_b 5.16 1.13 811.38 0.04 1.06 0 1 0 0.300 14.00 4.13
hero_spruce_b 8.61 0.99 814.78 3.30 0.88 0 1 0 0.320 13.00 3.84
hero_birch_b 22.62 -0.00 814.57 2.16 1.13 0 1 0 0.220 14.31 7.20
hero_pine_a 28.53 -1.40 815.41 3.29 0.88 0 1 0 0.340 17.00 4.12
hero_spruce_b 36.64 -3.02 813.03 1.03 0.80 0 0 0 0.320 13.00 3.84
hero_pine_b 43.35 -4.40 810.60 3.77 0.90 0 0 0 0.300 14.00 4.13
hero_spruce_b 48.36 -5.03 811.51 1.66 1.08 0 0 0 0.320 13.00 3.84
hero_pine_a 52.20 -5.31 813.46 2.59 0.94 0 0 0 0.340 17.00 4.12
hero_birch_b -25.62 5.14 817.56 6.18 0.88 0 0 0 0.220 14.31 7.20
hero_pine_b -19.32 4.66 817.09 3.52 0.90 0 0 0 0.300 14.00 4.13
hero_spruce_a -11.03 4.28 818.77 4.99 0.83 0 0 0 0.380 16.00 3.90
hero_spruce_a -6.48 3.95 819.38 0.26 0.93 0 0 0 0.380 16.00 3.90
hero_pine_a 0.36 2.84 817.26 1.73 1.07 0 1 0 0.340 17.00 4.12
hero_spruce_c 6.66 2.33 821.45 1.72 1.11 0 1 0 0.420 19.00 3.91
hero_spruce_c 8.59 1.37 817.71 2.04 0.99 0 1 0 0.420 19.00 3.91
hero_oak_b 21.57 0.85 819.18 3.82 1.12 0 1 0 0.480 10.11 6.89
hero_pine_a 28.32 -0.72 819.36 2.82 0.91 0 1 0 0.340 17.00 4.12
hero_oak_a 37.29 -2.04 820.28 2.87 0.97 0 0 0 0.550 13.74 8.57
hero_pine_a 41.98 -3.06 818.63 2.00 1.10 0 0 0 0.340 17.00 4.12
hero_spruce_a 44.99 -3.71 817.30 5.42 0.90 0 0 0 0.380 16.00 3.90
hero_oak_a 54.14 -4.86 818.91 3.55 0.85 0 0 0 0.550 13.74 8.57
hero_oak_c 57.11 -5.60 816.62 4.26 1.08 0 0 0 0.620 16.21 10.57
hero_birch_a -16.81 5.61 824.17 0.81 0.82 0 0 0 0.200 13.23 4.86
hero_birch_a -12.53 5.76 827.02 1.80 0.83 0 0 0 0.200 13.23 4.86
hero_spruce_b -6.65 4.80 824.21 2.87 0.89 0 0 0 0.320 13.00 3.84
hero_spruce_b -2.09 4.65 826.06 4.23 0.96 0 1 0 0.320 13.00 3.84
hero_oak_b 5.52 2.98 823.44 3.45 1.11 0 1 0 0.480 10.11 6.89
hero_spruce_c 23.26 1.37 825.22 0.49 1.01 0 1 0 0.420 19.00 3.91
hero_spruce_a 29.54 -0.07 824.52 3.93 1.08 0 1 0 0.380 16.00 3.90
hero_spruce_b 34.92 -1.28 822.62 0.28 1.06 0 1 0 0.320 13.00 3.84
hero_spruce_c 40.04 -1.51 826.56 2.63 1.04 0 0 0 0.420 19.00 3.91
hero_oak_a 46.40 -2.49 827.25 5.56 1.11 0 0 0 0.550 13.74 8.57
hero_pine_a 51.43 -3.35 826.91 6.13 0.93 0 0 0 0.340 17.00 4.12
hero_spruce_b 59.19 -4.56 826.55 3.15 0.85 0 0 0 0.320 13.00 3.84
hero_spruce_b -27.13 7.21 832.39 1.89 0.86 0 0 0 0.320 13.00 3.84
hero_oak_b -21.28 6.77 830.61 1.81 1.05 0 0 0 0.480 10.11 6.89
hero_spruce_a -7.84 6.05 831.19 3.15 0.91 0 0 0 0.380 16.00 3.90
hero_pine_a -2.40 5.23 829.33 2.99 1.04 0 1 0 0.340 17.00 4.12
hero_spruce_c 2.76 4.99 831.58 3.61 1.06 0 1 0 0.420 19.00 3.91
hero_spruce_b 23.21 2.04 829.61 3.34 0.94 0 1 0 0.320 13.00 3.84
hero_spruce_b 30.61 1.05 832.32 4.03 1.13 0 1 0 0.320 13.00 3.84
hero_pine_a 34.53 0.40 832.34 5.53 0.80 0 1 0 0.340 17.00 4.12
hero_oak_a 39.70 -0.64 831.72 1.12 1.11 0 0 0 0.550 13.74 8.57
hero_spruce_c 47.06 -2.13 830.27 4.29 0.96 0 0 0 0.420 19.00 3.91
hero_birch_b 51.76 -3.00 829.67 1.67 0.92 0 0 0 0.220 14.31 7.20
hero_oak_c -29.52 7.76 837.12 3.57 0.90 0 0 0 0.620 16.21 10.57
hero_pine_b -23.62 7.93 839.17 3.26 0.81 0 0 0 0.300 14.00 4.13
hero_spruce_c -19.97 7.65 837.80 4.27 1.13 0 0 0 0.420 19.00 3.91
hero_pine_a -13.62 7.32 837.39 3.34 1.14 0 0 0 0.340 17.00 4.12
hero_spruce_b -2.02 6.43 836.91 4.48 0.82 0 1 0 0.320 13.00 3.84
hero_oak_c 6.71 4.49 837.33 6.11 0.96 0 1 0 0.620 16.21 10.57
hero_spruce_c 21.87 3.12 835.93 2.54 0.96 0 1 0 0.420 19.00 3.91
hero_birch_b 30.28 1.57 835.10 3.26 1.11 0 1 0 0.220 14.31 7.20
hero_birch_a 32.97 1.43 837.03 4.92 1.01 0 1 0 0.200 13.23 4.86
hero_oak_a 39.60 0.21 836.81 2.34 0.87 0 0 0 0.550 13.74 8.57
hero_spruce_a 47.22 -1.21 836.50 0.73 1.02 0 0 0 0.380 16.00 3.90
hero_oak_a 51.93 -2.08 836.11 0.01 0.97 0 0 0 0.550 13.74 8.57
hero_oak_b 57.01 -3.05 835.03 2.36 0.84 0 0 0 0.480 10.11 6.89
hero_spruce_c -25.21 8.53 845.47 2.14 0.96 0 0 0 0.420 19.00 3.91
hero_spruce_a -16.78 8.19 843.16 3.92 0.92 0 0 0 0.380 16.00 3.90
hero_pine_b -12.05 8.22 844.81 4.72 0.81 0 0 0 0.300 14.00 4.13
hero_oak_b -4.54 7.45 842.58 3.82 1.01 0 1 0 0.480 10.11 6.89
hero_pine_a -0.85 7.29 843.71 4.49 1.11 0 1 0 0.340 17.00 4.12
hero_spruce_c 4.84 5.79 840.67 2.85 0.91 0 1 0 0.420 19.00 3.91
hero_spruce_a 22.19 4.03 842.82 4.06 0.97 0 1 0 0.380 16.00 3.90
hero_spruce_a 26.69 3.79 844.94 0.11 0.95 0 1 0 0.380 16.00 3.90
hero_pine_a 41.99 1.07 845.22 2.66 0.96 0 0 0 0.340 17.00 4.12
hero_spruce_a 47.68 -0.42 842.22 2.58 0.92 0 0 0 0.380 16.00 3.90
hero_pine_a 53.68 -1.67 841.02 2.87 1.14 0 0 0 0.340 17.00 4.12
hero_oak_c -30.77 8.75 850.26 4.90 1.10 0 0 0 0.620 16.21 10.57
hero_birch_b -23.85 8.89 849.85 0.99 0.99 0 0 0 0.220 14.31 7.20
hero_birch_a -18.75 8.99 851.01 0.01 0.93 0 0 0 0.200 13.23 4.86
hero_oak_a -11.79 8.57 848.23 2.78 1.00 0 0 0 0.550 13.74 8.57
hero_spruce_b -5.28 8.58 851.51 5.75 0.98 0 1 0 0.320 13.00 3.84
hero_spruce_b -1.45 7.79 846.93 2.52 0.87 0 1 0 0.320 13.00 3.84
hero_birch_b 5.49 6.23 847.22 2.67 1.01 0 1 0 0.220 14.31 7.20
hero_spruce_c 22.63 4.99 850.49 3.18 1.05 0 1 0 0.420 19.00 3.91
hero_spruce_c 29.07 3.66 846.81 0.39 0.99 0 1 0 0.420 19.00 3.91
hero_spruce_c 34.13 3.23 850.07 5.95 0.98 0 0 0 0.420 19.00 3.91
hero_spruce_b 40.22 1.78 847.84 3.21 0.98 0 0 0 0.320 13.00 3.84
hero_spruce_a 47.61 0.64 849.48 4.31 1.04 0 0 0 0.380 16.00 3.90
hero_pine_a 53.17 -0.24 850.37 6.12 1.05 0 0 0 0.340 17.00 4.12
hero_birch_a 57.96 -1.17 849.59 2.23 1.08 0 0 0 0.200 13.23 4.86
hero_spruce_b -29.12 9.12 856.77 3.76 0.97 0 0 0 0.320 13.00 3.84
hero_spruce_b -26.41 9.09 854.06 4.95 1.10 0 0 0 0.320 13.00 3.84
hero_spruce_a -18.65 9.39 856.82 5.15 0.88 0 0 0 0.380 16.00 3.90
hero_spruce_a -14.81 9.37 857.00 2.36 1.09 0 0 0 0.380 16.00 3.90
hero_spruce_c -7.35 9.14 856.42 1.93 1.07 0 0 0 0.420 19.00 3.91
hero_birch_a 1.35 8.40 855.45 0.94 0.96 0 1 0 0.200 13.23 4.86
hero_pine_a 4.97 7.36 855.48 5.51 0.98 0 1 0 0.340 17.00 4.12
hero_spruce_c 23.97 5.57 854.89 3.44 1.11 0 1 0 0.420 19.00 3.91
hero_birch_b 27.49 5.33 857.32 4.75 1.10 0 1 0 0.220 14.31 7.20
hero_pine_a 33.44 4.12 855.65 4.38 0.83 0 1 0 0.340 17.00 4.12
hero_birch_a 41.85 2.66 856.38 5.57 0.92 0 0 0 0.200 13.23 4.86
hero_spruce_b 46.88 1.61 855.49 4.52 0.97 0 0 0 0.320 13.00 3.84
hero_spruce_a 50.57 0.72 854.02 5.60 1.05 0 0 0 0.380 16.00 3.90
hero_oak_c 58.00 -0.27 856.33 4.02 0.98 0 0 0 0.620 16.21 10.57
hero_spruce_c -30.23 9.21 862.81 3.14 0.89 0 0 0 0.420 19.00 3.91
hero_pine_a -25.22 9.46 862.71 1.70 0.95 0 0 0 0.340 17.00 4.12
hero_oak_c -17.70 9.69 863.28 5.05 0.96 0 0 0 0.620 16.21 10.57
hero_spruce_a -11.47 9.50 859.39 4.85 0.89 0 0 0 0.380 16.00 3.90
hero_spruce_b -7.38 9.48 860.86 2.94 0.86 0 0 0 0.320 13.00 3.84
hero_pine_a 0.34 9.05 860.88 0.69 0.82 0 1 0 0.340 17.00 4.12
hero_oak_b 5.24 7.52 859.32 1.48 1.07 0 1 0 0.480 10.11 6.89
hero_pine_b 21.43 5.93 860.49 3.06 1.13 0 1 0 0.300 14.00 4.13
hero_birch_b 29.52 5.40 860.66 2.30 0.88 0 1 0 0.220 14.31 7.20
hero_spruce_c 36.17 4.12 859.69 1.63 0.92 0 0 0 0.420 19.00 3.91
hero_spruce_a 40.68 3.26 859.45 2.18 0.89 0 0 0 0.380 16.00 3.90
hero_spruce_c 45.48 2.56 861.26 3.85 1.12 0 0 0 0.420 19.00 3.91
hero_birch_a 50.88 1.37 859.49 2.76 1.04 0 0 0 0.200 13.23 4.86
hero_oak_b 56.81 0.47 860.64 3.40 0.89 0 0 0 0.480 10.11 6.89
hero_spruce_c -28.71 9.30 866.71 3.05 1.03 0 0 0 0.420 19.00 3.91
hero_pine_b -24.94 9.52 866.81 2.90 1.03 0 0 0 0.300 14.00 4.13
hero_oak_c -20.85 9.66 864.81 1.43 0.97 0 0 0 0.620 16.21 10.57
hero_spruce_a -15.11 9.86 868.58 2.04 0.96 0 0 0 0.380 16.00 3.90
hero_oak_a -6.53 9.77 867.41 4.94 0.91 0 0 0 0.550 13.74 8.57
hero_spruce_a -1.55 9.60 867.89 2.70 0.98 0 1 0 0.380 16.00 3.90
hero_oak_b 4.98 8.27 868.89 4.79 1.13 0 1 0 0.480 10.11 6.89
hero_pine_a 21.59 6.46 867.26 4.94 0.97 0 1 0 0.340 17.00 4.12
hero_spruce_c 26.91 6.38 866.81 3.56 1.05 0 1 0 0.420 19.00 3.91
hero_oak_c 36.68 4.73 866.53 5.49 1.01 0 0 0 0.620 16.21 10.57
hero_oak_c 38.89 4.37 866.82 0.86 0.98 0 0 0 0.620 16.21 10.57
hero_spruce_c 48.90 2.56 866.82 1.20 0.88 0 0 0 0.420 19.00 3.91
hero_spruce_a 55.29 1.39 866.52 5.00 0.92 0 0 0 0.380 16.00 3.90
hero_oak_a 58.37 0.92 867.18 5.49 1.09 0 0 0 0.550 13.74 8.57
hero_spruce_c -26.27 9.36 873.72 1.93 1.09 0 0 0 0.420 19.00 3.91
hero_oak_b -21.00 9.68 874.50 3.50 0.82 0 0 0 0.480 10.11 6.89
hero_spruce_c -14.81 9.86 870.57 1.96 1.15 0 0 0 0.420 19.00 3.91
hero_oak_c -7.03 9.91 874.58 0.29 1.04 0 0 0 0.620 16.21 10.57
hero_pine_b 0.35 9.63 873.82 0.01 1.11 0 1 0 0.300 14.00 4.13
hero_spruce_b 6.63 7.41 872.80 5.94 1.08 0 1 0 0.320 13.00 3.84
hero_birch_b 23.46 7.04 872.33 4.62 1.08 0 1 0 0.220 14.31 7.20
hero_spruce_c 30.15 6.41 873.89 1.43 0.89 0 1 0 0.420 19.00 3.91
hero_oak_b 37.04 5.01 870.54 2.93 1.08 0 0 0 0.480 10.11 6.89
hero_oak_c 41.79 4.40 873.50 1.61 1.08 0 0 0 0.620 16.21 10.57
hero_oak_c 48.90 3.15 873.42 4.81 0.94 0 0 0 0.620 16.21 10.57
hero_birch_a 53.41 2.26 871.99 5.25 0.89 0 0 0 0.200 13.23 4.86
hero_pine_a -26.53 9.21 878.18 2.91 0.95 0 0 0 0.340 17.00 4.12
hero_spruce_a -19.92 9.53 881.06 5.02 0.91 0 0 0 0.380 16.00 3.90
hero_oak_a -13.03 9.81 880.32 0.35 0.96 0 0 0 0.550 13.74 8.57
hero_pine_b -8.60 9.87 879.44 5.08 1.12 0 0 0 0.300 14.00 4.13
hero_pine_a -3.17 9.85 878.16 5.90 0.80 0 1 0 0.340 17.00 4.12
hero_spruce_b 3.37 9.25 877.54 1.49 0.87 0 1 0 0.320 13.00 3.84
hero_oak_c 22.23 7.05 879.74 5.96 1.03 0 1 0 0.620 16.21 10.57
hero_oak_a 27.49 7.09 880.48 2.57 0.81 0 1 0 0.550 13.74 8.57
hero_oak_b 36.60 5.55 877.40 1.60 0.94 0 0 0 0.480 10.11 6.89
hero_birch_a 43.31 4.54 879.95 3.42 0.96 0 0 0 0.200 13.23 4.86
hero_spruce_b 44.96 4.06 876.58 2.59 1.02 0 0 0 0.320 13.00 3.84
hero_oak_a 52.65 3.00 880.49 4.99 0.86 0 0 0 0.550 13.74 8.57
hero_spruce_b -29.68 8.69 882.86 2.65 1.14 0 0 0 0.320 13.00 3.84
hero_spruce_c -22.59 9.14 885.06 4.84 0.99 0 0 0 0.420 19.00 3.91
hero_spruce_c -17.73 9.50 883.60 0.40 1.09 0 0 0 0.420 19.00 3.91
hero_oak_c -12.49 9.59 885.85 2.65 0.99 0 0 0 0.620 16.21 10.57
hero_spruce_a -5.60 9.75 884.09 1.92 0.83 0 1 0 0.380 16.00 3.90
hero_spruce_c 0.16 9.59 885.00 1.41 0.97 0 1 0 0.420 19.00 3.91
hero_oak_c 4.56 8.81 884.34 3.19 0.95 0 1 0 0.620 16.21 10.57
hero_oak_c 20.94 6.79 886.98 1.98 0.85 0 1 0 0.620 16.21 10.57
hero_spruce_b 31.52 6.56 883.10 5.96 0.88 0 1 0 0.320 13.00 3.84
hero_oak_b 33.89 6.22 884.04 3.67 0.83 0 1 0 0.480 10.11 6.89
hero_spruce_b 41.83 4.89 882.65 2.77 1.05 0 0 0 0.320 13.00 3.84
hero_spruce_a 44.51 4.54 884.90 1.71 0.88 0 0 0 0.380 16.00 3.90
hero_oak_a 54.76 2.91 886.15 4.78 1.02 0 0 0 0.550 13.74 8.57
hero_spruce_c -29.80 8.21 889.91 0.53 0.84 0 0 0 0.420 19.00 3.91
hero_spruce_c -25.15 8.54 891.01 3.85 0.90 0 0 0 0.420 19.00 3.91
hero_spruce_b -20.32 9.04 888.84 4.52 1.14 0 0 0 0.320 13.00 3.84
hero_oak_a -12.06 9.36 890.16 1.56 0.82 0 0 0 0.550 13.74 8.57
hero_oak_a -9.08 9.28 891.99 4.99 1.01 0 0 0 0.550 13.74 8.57
hero_spruce_c -3.36 9.49 888.88 0.98 1.09 0 1 0 0.420 19.00 3.91
hero_pine_b 7.39 7.09 889.60 4.31 0.88 0 1 0 0.300 14.00 4.13
hero_spruce_a 20.68 6.64 890.73 3.69 0.96 0 1 0 0.380 16.00 3.90
hero_spruce_a 30.00 6.79 889.88 3.05 0.83 0 1 0 0.380 16.00 3.90
hero_birch_b 36.75 5.75 892.94 5.08 1.15 0 0 0 0.220 14.31 7.20
hero_spruce_a 46.41 4.33 890.34 0.41 0.84 0 0 0 0.380 16.00 3.90
hero_pine_b 51.74 3.54 893.47 2.25 0.89 0 0 0 0.300 14.00 4.13
hero_spruce_b -28.72 7.84 895.11 3.46 1.10 0 0 0 0.320 13.00 3.84
hero_pine_a -23.98 8.24 895.53 5.71 0.96 0 0 0 0.340 17.00 4.12
hero_pine_b -20.54 8.52 895.42 5.27 0.87 0 0 0 0.300 14.00 4.13
hero_pine_b -13.00 8.84 896.13 1.37 1.00 0 0 0 0.300 14.00 4.13
hero_spruce_a -2.08 8.77 898.42 6.21 1.13 0 1 0 0.380 16.00 3.90
hero_birch_a 2.65 8.68 897.20 1.19 0.83 0 1 0 0.200 13.23 4.86
hero_pine_a 24.28 7.14 895.88 4.69 0.85 0 1 0 0.340 17.00 4.12
hero_oak_c 29.42 6.71 894.60 4.64 1.14 0 1 0 0.620 16.21 10.57
hero_pine_b 36.55 5.75 895.75 0.23 0.81 0 0 0 0.300 14.00 4.13
hero_spruce_b 45.41 4.45 895.57 5.94 1.06 0 0 0 0.320 13.00 3.84
hero_birch_b 53.00 3.36 894.62 1.22 0.91 0 0 0 0.220 14.31 7.20
hero_spruce_b -25.56 7.25 903.97 4.53 0.99 0 0 0 0.320 13.00 3.84
hero_spruce_c -19.26 7.62 904.89 1.04 0.98 0 0 0 0.420 19.00 3.91
hero_pine_a -12.38 8.08 904.05 3.35 0.90 0 0 0 0.340 17.00 4.12
hero_pine_a -7.95 8.40 902.21 5.92 0.89 0 0 0 0.340 17.00 4.12
hero_pine_b -0.98 8.52 901.14 4.93 1.06 0 1 0 0.300 14.00 4.13
hero_birch_a 6.57 6.76 905.23 6.01 0.99 0 1 0 0.200 13.23 4.86
hero_oak_b 28.29 6.32 903.96 3.29 0.96 0 1 0 0.480 10.11 6.89
hero_oak_c 33.91 5.64 903.95 3.34 1.09 0 1 0 0.620 16.21 10.57
hero_spruce_a 38.93 4.93 905.26 4.73 0.99 0 0 0 0.380 16.00 3.90
hero_birch_a 47.00 4.03 902.33 2.97 0.99 0 0 0 0.200 13.23 4.86
hero_spruce_a 54.54 2.98 904.77 0.01 0.81 0 0 0 0.380 16.00 3.90
hero_birch_b -29.61 6.21 909.82 4.31 1.08 0 0 0 0.220 14.31 7.20
hero_spruce_a -26.91 6.37 910.84 3.42 0.81 0 0 0 0.380 16.00 3.90
hero_spruce_c -18.23 7.46 906.88 4.08 0.88 0 0 0 0.420 19.00 3.91
hero_spruce_a -12.07 7.42 909.71 2.11 1.02 0 0 0 0.380 16.00 3.90
hero_pine_b -4.79 7.70 908.61 2.93 1.10 0 1 0 0.300 14.00 4.13
hero_spruce_a -1.01 7.88 907.17 4.51 0.93 0 1 0 0.380 16.00 3.90
hero_pine_b 6.29 6.48 909.85 2.41 1.04 0 1 0 0.300 14.00 4.13
hero_pine_b 22.90 5.77 910.96 4.08 0.97 0 1 0 0.300 14.00 4.13
hero_pine_a 28.37 5.79 909.59 5.84 1.02 0 1 0 0.340 17.00 4.12
hero_oak_c 33.50 5.37 907.95 4.02 1.11 0 1 0 0.620 16.21 10.57
hero_pine_a 39.86 4.67 907.59 5.18 0.85 0 0 0 0.340 17.00 4.12
hero_spruce_c 46.52 3.64 910.01 4.79 1.14 0 0 0 0.420 19.00 3.91
hero_spruce_c 53.00 3.08 906.53 0.88 0.88 0 0 0 0.420 19.00 3.91
hero_birch_b -26.69 6.05 913.44 2.69 1.13 0 0 0 0.220 14.31 7.20
hero_oak_b -21.10 6.50 913.40 3.68 0.83 0 0 0 0.480 10.11 6.89
hero_oak_b -10.88 6.56 916.75 0.22 0.86 0 0 0 0.480 10.11 6.89
hero_spruce_c -8.66 6.77 915.37 5.75 1.14 0 0 0 0.420 19.00 3.91
hero_pine_b -0.41 6.98 914.40 0.05 0.81 0 1 0 0.300 14.00 4.13
hero_birch_b 2.75 6.88 914.30 2.22 0.92 0 1 0 0.220 14.31 7.20
hero_oak_c 20.59 4.92 917.07 5.48 1.02 0 1 0 0.620 16.21 10.57
hero_oak_b 26.70 5.14 916.44 5.98 0.95 0 1 0 0.480 10.11 6.89
hero_spruce_c 36.71 4.52 913.37 5.38 0.83 0 0 0 0.420 19.00 3.91
hero_spruce_c 47.37 3.09 915.55 4.26 1.12 0 0 0 0.420 19.00 3.91
hero_spruce_b 54.63 2.53 912.83 0.89 0.99 0 0 0 0.320 13.00 3.84
hero_oak_a -25.93 5.25 920.77 4.66 0.84 0 0 0 0.550 13.74 8.57
hero_spruce_a -18.44 5.68 920.89 1.70 1.13 0 0 0 0.380 16.00 3.90
hero_oak_a -14.66 5.68 922.22 5.54 1.03 0 0 0 0.550 13.74 8.57
hero_spruce_b -4.62 6.17 920.20 1.03 1.06 0 1 0 0.320 13.00 3.84
hero_spruce_a 0.63 5.83 922.41 1.30 0.86 0 1 0 0.380 16.00 3.90
hero_spruce_b 7.31 5.26 918.61 5.23 1.13 0 1 0 0.320 13.00 3.84
hero_spruce_b 21.59 4.75 919.42 0.57 1.14 0 1 0 0.320 13.00 3.84
hero_pine_b 27.54 4.17 923.46 1.33 0.96 0 1 0 0.300 14.00 4.13
hero_spruce_c 36.31 3.77 920.41 5.26 0.82 0 0 0 0.420 19.00 3.91
hero_pine_b 41.82 3.00 922.19 5.14 0.85 0 0 0 0.300 14.00 4.13
hero_spruce_b 44.71 3.01 919.53 1.24 0.90 0 0 0 0.320 13.00 3.84
hero_oak_a 54.57 1.68 923.10 4.07 1.01 0 0 0 0.550 13.74 8.57
hero_pine_b -27.42 4.35 927.31 2.99 1.03 0 0 0 0.300 14.00 4.13
hero_spruce_a -14.20 4.75 929.21 1.37 0.94 0 0 0 0.380 16.00 3.90
hero_spruce_c -8.93 5.38 925.41 3.43 1.12 0 0 0 0.420 19.00 3.91
hero_oak_c 8.51 4.31 925.66 0.75 0.92 0 1 0 0.620 16.21 10.57
hero_spruce_a 24.43 3.60 929.15 4.14 1.06 0 1 0 0.380 16.00 3.90
hero_pine_b 29.34 3.18 929.16 5.05 1.09 0 1 0 0.300 14.00 4.13
hero_birch_a 32.96 2.99 928.42 2.35 0.89 0 1 0 0.200 13.23 4.86
hero_spruce_c 41.82 2.33 927.24 0.41 1.13 0 0 0 0.420 19.00 3.91
hero_spruce_b 46.45 2.11 925.63 0.87 1.14 0 0 0 0.320 13.00 3.84
hero_pine_b 58.57 0.90 927.58 2.54 1.09 0 0 0 0.300 14.00 4.13
hero_pine_a -28.77 3.46 934.56 4.70 0.99 0 0 0 0.340 17.00 4.12
hero_oak_c -25.63 4.05 931.01 4.15 0.82 0 0 0 0.620 16.21 10.57
hero_spruce_b -18.16 3.82 935.45 2.00 0.97 0 0 0 0.320 13.00 3.84
hero_spruce_b -13.98 4.29 932.57 1.15 1.09 0 0 0 0.320 13.00 3.84
hero_spruce_a -4.54 4.64 930.77 2.14 0.93 0 1 0 0.380 16.00 3.90
hero_spruce_a -1.83 4.18 933.52 1.01 1.10 0 1 0 0.380 16.00 3.90
hero_oak_a 3.49 4.22 932.57 5.13 0.89 0 1 0 0.550 13.74 8.57
hero_spruce_c 21.66 3.51 930.64 5.68 1.01 0 1 0 0.420 19.00 3.91
hero_spruce_c 30.70 2.55 932.60 4.66 1.03 0 1 0 0.420 19.00 3.91
hero_birch_b 33.47 2.42 932.02 5.22 0.85 0 1 0 0.220 14.31 7.20
hero_pine_a 42.13 1.86 930.78 5.81 0.83 0 0 0 0.340 17.00 4.12
hero_spruce_b 44.94 1.57 931.11 2.01 0.87 0 0 0 0.320 13.00 3.84
hero_pine_a 52.61 0.42 935.40 5.89 0.92 0 0 0 0.340 17.00 4.12
hero_pine_a -29.56 2.93 939.37 4.07 0.82 0 0 0 0.340 17.00 4.12
hero_pine_a -26.71 2.96 940.36 1.21 0.86 0 0 0 0.340 17.00 4.12
hero_spruce_a -20.15 3.56 937.19 4.70 0.87 0 0 0 0.380 16.00 3.90
hero_pine_b -11.94 3.37 939.86 3.85 0.85 0 0 0 0.300 14.00 4.13
hero_pine_a -7.05 3.27 940.32 5.92 1.05 0 0 0 0.340 17.00 4.12
hero_pine_a -1.22 3.66 937.05 2.78 0.92 0 1 0 0.340 17.00 4.12
hero_birch_b 3.43 3.28 938.64 5.56 0.97 0 1 0 0.220 14.31 7.20
hero_spruce_b 22.18 2.55 938.27 3.47 0.81 0 1 0 0.320 13.00 3.84
hero_pine_a 29.13 2.02 936.87 0.69 0.82 0 1 0 0.340 17.00 4.12
hero_oak_a 33.56 1.12 940.31 1.01 0.92 0 1 0 0.550 13.74 8.57
hero_oak_c 42.27 0.61 939.31 3.20 0.95 0 0 0 0.620 16.21 10.57
hero_birch_b 50.83 0.16 938.10 1.26 1.07 0 0 0 0.220 14.31 7.20
hero_spruce_c 58.53 -0.58 940.68 0.50 0.97 0 0 0 0.420 19.00 3.91
hero_spruce_c -19.98 2.90 942.92 3.62 0.83 0 0 0 0.420 19.00 3.91
hero_oak_b -11.10 2.71 944.93 0.84 0.92 0 0 0 0.480 10.11 6.89
hero_spruce_a -8.69 2.98 942.69 1.87 0.94 0 0 0 0.380 16.00 3.90
hero_pine_a -1.28 2.43 945.59 2.98 0.81 0 1 0 0.340 17.00 4.12
hero_oak_c 5.85 2.25 944.59 0.94 0.90 0 1 0 0.620 16.21 10.57
hero_spruce_b 27.82 0.49 947.01 3.58 1.05 0 1 0 0.320 13.00 3.84
hero_spruce_a 33.03 0.55 944.17 6.07 0.96 0 1 0 0.380 16.00 3.90
hero_spruce_b 47.17 -0.84 946.99 5.89 0.84 0 0 0 0.320 13.00 3.84
hero_birch_b 51.33 -0.56 943.18 4.83 1.00 0 0 0 0.220 14.31 7.20
hero_spruce_c -29.13 1.80 952.17 6.13 1.12 0 0 0 0.420 19.00 3.91
hero_spruce_b -27.43 1.98 950.52 0.40 1.03 0 0 0 0.320 13.00 3.84
hero_pine_a -19.78 2.02 951.10 5.29 1.07 0 0 0 0.340 17.00 4.12
hero_spruce_c -12.16 1.81 952.49 2.53 1.04 0 0 0 0.420 19.00 3.91
hero_oak_a -8.62 1.97 950.57 2.39 0.92 0 0 0 0.550 13.74 8.57
hero_oak_a 1.13 1.76 949.64 1.51 0.93 0 1 0 0.550 13.74 8.57
hero_oak_b 5.13 1.68 948.90 2.82 1.07 0 1 0 0.480 10.11 6.89
hero_spruce_b 20.75 1.36 949.75 3.16 0.91 0 1 0 0.320 13.00 3.84
hero_spruce_a 27.16 -0.20 952.21 1.46 0.83 0 1 0 0.380 16.00 3.90
hero_birch_b 34.58 -0.44 949.69 4.81 1.07 0 1 0 0.220 14.31 7.20
hero_pine_a 40.57 -0.80 949.32 3.51 1.05 0 0 0 0.340 17.00 4.12
hero_spruce_b 45.06 -1.41 951.65 5.08 0.93 0 0 0 0.320 13.00 3.84
hero_spruce_b 54.07 -1.98 952.60 2.52 1.02 0 0 0 0.320 13.00 3.84
hero_birch_a 58.71 -2.03 952.03 2.54 0.87 0 0 0 0.200 13.23 4.86
hero_oak_b -29.19 1.48 957.10 5.45 0.94 0 0 0 0.480 10.11 6.89
hero_oak_b -23.74 1.41 958.45 0.03 0.84 0 0 0 0.480 10.11 6.89
hero_pine_a -16.76 1.38 957.65 4.52 0.97 0 0 0 0.340 17.00 4.12
hero_birch_a -5.69 1.09 957.12 2.64 1.09 0 0 0 0.200 13.23 4.86
hero_oak_a -0.27 1.06 955.32 3.21 1.05 0 1 0 0.550 13.74 8.57
hero_pine_b 2.97 0.97 954.89 4.86 0.80 0 1 0 0.300 14.00 4.13
hero_spruce_c 22.41 0.23 955.76 5.71 0.96 0 1 0 0.420 19.00 3.91
hero_spruce_b 27.76 -0.96 956.58 1.17 0.83 0 1 0 0.320 13.00 3.84
hero_spruce_c 40.65 -1.90 956.61 2.44 1.10 0 0 0 0.420 19.00 3.91
hero_birch_b 44.58 -2.49 959.16 3.88 1.05 0 0 0 0.220 14.31 7.20
hero_oak_b 55.44 -2.38 955.26 4.24 0.90 0 0 0 0.480 10.11 6.89
hero_oak_a -29.29 1.20 961.91 0.20 0.83 0 0 0 0.550 13.74 8.57
hero_birch_b -26.29 1.23 960.81 6.26 1.13 0 0 0 0.220 14.31 7.20
hero_birch_b -19.63 1.13 961.43 0.21 0.96 0 0 0 0.220 14.31 7.20
hero_oak_c -14.32 0.68 965.26 3.38 0.86 0 0 0 0.620 16.21 10.57
hero_oak_b -2.07 0.36 962.14 0.29 0.97 0 1 0 0.480 10.11 6.89
hero_spruce_c 3.03 -0.17 964.19 4.53 0.83 0 1 0 0.420 19.00 3.91
hero_oak_a 24.65 -1.34 962.89 4.57 1.08 0 1 0 0.550 13.74 8.57
hero_pine_b 30.14 -2.07 962.71 6.06 1.04 0 1 0 0.300 14.00 4.13
hero_spruce_a 34.13 -2.54 964.02 3.76 1.07 0 1 0 0.380 16.00 3.90
hero_spruce_c 42.68 -3.04 963.87 3.31 1.13 0 0 0 0.420 19.00 3.91
hero_birch_b 47.01 -2.94 961.67 2.38 0.97 0 0 0 0.220 14.31 7.20
hero_birch_a 52.89 -3.38 963.46 6.02 0.95 0 0 0 0.200 13.23 4.86
hero_oak_a -16.51 0.57 967.71 1.27 1.05 0 0 0 0.550 13.74 8.57
hero_pine_b -12.02 0.21 969.96 2.03 0.97 0 0 0 0.300 14.00 4.13
hero_spruce_c -6.86 -0.13 970.39 4.36 0.94 0 0 0 0.420 19.00 3.91
hero_pine_a 0.48 -0.39 967.86 6.24 0.85 0 1 0 0.340 17.00 4.12
hero_spruce_b 5.89 -0.49 967.05 1.62 1.07 0 1 0 0.320 13.00 3.84
hero_pine_b 8.68 -0.63 970.35 5.69 0.82 0 1 0 0.300 14.00 4.13
hero_spruce_b 21.84 -1.39 970.69 1.48 1.05 0 1 0 0.320 13.00 3.84
hero_oak_c 29.13 -2.90 969.59 3.60 1.08 0 1 0 0.620 16.21 10.57
hero_birch_a 32.80 -3.28 970.45 1.49 1.12 0 1 0 0.200 13.23 4.86
hero_oak_c 39.52 -3.75 970.78 2.71 1.04 0 0 0 0.620 16.21 10.57
hero_spruce_a 49.14 -4.18 970.75 2.43 1.05 0 0 0 0.380 16.00 3.90
hero_oak_c -27.52 0.59 975.58 3.57 0.93 0 0 0 0.620 16.21 10.57
hero_birch_b -17.65 0.25 974.08 2.16 0.89 0 0 0 0.220 14.31 7.20
hero_birch_b -12.21 -0.05 973.99 3.39 0.96 0 0 0 0.220 14.31 7.20
hero_oak_a -8.96 -0.22 973.33 1.89 0.99 0 0 0 0.550 13.74 8.57
hero_oak_b -1.86 -0.81 974.35 3.22 0.98 0 1 0 0.480 10.11 6.89
hero_oak_c 3.99 -1.29 974.97 3.81 0.92 0 1 0 0.620 16.21 10.57
hero_spruce_a 24.94 -2.93 974.75 4.19 0.98 0 1 0 0.380 16.00 3.90
hero_spruce_a 28.18 -3.38 974.28 4.72 1.04 0 1 0 0.380 16.00 3.90
hero_oak_c 34.12 -3.79 974.09 1.55 0.98 0 1 0 0.620 16.21 10.57
hero_pine_a 38.92 -4.43 976.88 3.33 1.12 0 0 0 0.340 17.00 4.12
hero_pine_a 44.53 -4.61 975.95 2.06 1.08 0 0 0 0.340 17.00 4.12
hero_spruce_a 53.33 -4.87 976.00 1.87 1.03 0 0 0 0.380 16.00 3.90
hero_oak_b 57.00 -4.78 974.73 0.81 1.14 0 0 0 0.480 10.11 6.89
hero_spruce_b -30.00 0.59 978.89 1.48 0.84 0 0 0 0.320 13.00 3.84
hero_oak_c -25.28 0.40 978.73 2.60 1.11 0 0 0 0.620 16.21 10.57
hero_oak_b -17.42 0.01 978.77 4.51 1.04 0 0 0 0.480 10.11 6.89
hero_oak_a -10.75 -0.58 982.05 5.68 0.88 0 0 0 0.550 13.74 8.57
hero_spruce_b -8.88 -0.56 978.72 5.10 0.97 0 0 0 0.320 13.00 3.84
hero_birch_a 0.61 -1.62 983.16 5.89 0.95 0 1 0 0.200 13.23 4.86
hero_pine_b 5.61 -1.53 979.44 4.50 1.12 0 1 0 0.300 14.00 4.13
hero_oak_c 30.17 -4.15 980.03 3.83 1.07 0 1 0 0.620 16.21 10.57
hero_pine_b 33.26 -4.41 980.53 4.10 0.93 0 1 0 0.300 14.00 4.13
hero_birch_b 39.89 -4.80 979.97 0.82 1.07 0 0 0 0.220 14.31 7.20
hero_pine_a 45.11 -5.30 982.73 1.72 0.97 0 0 0 0.340 17.00 4.12
hero_spruce_b 53.79 -5.46 982.18 2.12 0.93 0 0 0 0.320 13.00 3.84
hero_spruce_b -26.97 0.34 987.35 5.92 0.87 0 0 0 0.320 13.00 3.84
hero_pine_a -18.42 -0.23 988.80 4.52 0.97 0 0 0 0.340 17.00 4.12
hero_spruce_b -12.89 -0.58 986.10 3.79 0.98 0 0 0 0.320 13.00 3.84
hero_pine_a -5.00 -1.23 985.50 5.57 0.87 0 1 0 0.340 17.00 4.12
hero_oak_a 0.40 -1.77 985.95 1.75 1.06 0 1 0 0.550 13.74 8.57
hero_oak_b 6.20 -1.84 985.80 1.11 0.95 0 1 0 0.480 10.11 6.89
hero_oak_a 19.50 -2.06 986.32 0.99 0.99 0 1 0 0.550 13.74 8.57
hero_spruce_b 22.14 -3.24 987.10 2.85 1.06 0 1 0 0.320 13.00 3.84
hero_birch_a 30.82 -4.83 987.33 6.07 0.95 0 1 0 0.200 13.23 4.86
hero_spruce_c 42.62 -5.64 987.99 3.39 0.97 0 0 0 0.420 19.00 3.91
hero_spruce_a 44.63 -5.70 987.70 4.58 1.00 0 0 0 0.380 16.00 3.90
hero_spruce_a 50.83 -5.86 987.41 0.35 0.98 0 0 0 0.380 16.00 3.90
hero_spruce_a -31.85 0.57 994.74 3.69 0.88 0 0 0 0.380 16.00 3.90
hero_spruce_c -25.28 0.20 991.74 2.10 0.92 0 0 0 0.420 19.00 3.91
hero_pine_b -13.59 -0.74 995.47 1.25 0.93 0 0 0 0.300 14.00 4.13
hero_pine_b -9.21 -1.07 991.98 0.51 0.82 0 0 0 0.300 14.00 4.13
hero_spruce_a -2.74 -1.77 993.16 1.59 0.98 0 1 0 0.380 16.00 3.90
hero_spruce_a 25.12 -4.79 994.20 2.98 1.10 0 1 0 0.380 16.00 3.90
hero_spruce_c 29.59 -5.04 991.76 4.63 0.91 0 1 0 0.420 19.00 3.91
hero_spruce_a 49.27 -6.10 991.44 5.03 0.81 0 0 0 0.380 16.00 3.90
hero_pine_a 56.80 -6.39 995.06 2.65 0.90 0 0 0 0.340 17.00 4.12
hero_spruce_c -29.82 0.48 1000.17 3.67 1.03 0 0 0 0.420 19.00 3.91
hero_pine_a -25.97 0.24 999.94 2.72 0.96 0 0 0 0.340 17.00 4.12
hero_birch_b -20.66 -0.17 998.56 5.67 1.11 0 0 0 0.220 14.31 7.20
hero_pine_b -11.25 -1.04 1000.99 1.19 1.09 0 0 0 0.300 14.00 4.13
hero_spruce_b -5.57 -1.65 1001.36 5.13 1.03 0 1 0 0.320 13.00 3.84
hero_spruce_c -1.30 -2.13 1000.44 1.83 1.10 0 1 0 0.420 19.00 3.91
hero_oak_a 5.37 -2.39 997.96 1.01 1.08 0 1 0 0.550 13.74 8.57
hero_spruce_a 24.69 -4.94 998.04 1.50 0.99 0 1 0 0.380 16.00 3.90
hero_pine_a 27.62 -5.33 1000.48 2.58 1.00 0 1 0 0.340 17.00 4.12
hero_birch_a 33.59 -5.79 999.62 1.94 0.94 0 0 0 0.200 13.23 4.86
hero_spruce_b 41.91 -6.33 1000.44 4.58 0.82 0 0 0 0.320 13.00 3.84
hero_oak_a 47.11 -6.59 1001.32 3.73 1.01 0 0 0 0.550 13.74 8.57
hero_birch_b -31.84 0.66 1005.36 1.38 1.10 0 0 0 0.220 14.31 7.20
hero_pine_b -25.45 0.26 1006.41 3.14 0.96 0 0 0 0.300 14.00 4.13
hero_spruce_a -16.98 -0.48 1003.61 3.59 1.02 0 0 0 0.380 16.00 3.90
hero_spruce_a -13.71 -0.81 1006.67 3.72 1.08 0 0 0 0.380 16.00 3.90
hero_oak_a -7.77 -1.46 1007.37 4.11 1.10 0 1 0 0.550 13.74 8.57
hero_pine_a -0.07 -2.36 1006.99 5.91 1.01 0 1 0 0.340 17.00 4.12
hero_birch_a 5.26 -2.49 1003.42 4.17 0.82 0 1 0 0.200 13.23 4.86
hero_spruce_c 21.58 -4.26 1003.69 0.34 1.12 0 1 0 0.420 19.00 3.91
hero_spruce_b 30.66 -5.75 1004.41 6.15 1.12 0 1 0 0.320 13.00 3.84
hero_pine_b 33.94 -6.00 1003.95 5.80 1.11 0 0 0 0.300 14.00 4.13
hero_spruce_b 40.21 -6.47 1006.81 4.01 0.85 0 0 0 0.320 13.00 3.84
hero_spruce_a 46.31 -6.63 1002.76 0.47 1.12 0 0 0 0.380 16.00 3.90
hero_birch_b 51.96 -6.87 1007.02 3.72 0.89 0 0 0 0.220 14.31 7.20
hero_birch_a -28.59 0.56 1011.45 1.27 0.99 0 0 0 0.200 13.23 4.86
hero_birch_b -26.51 0.42 1012.17 3.24 0.93 0 0 0 0.220 14.31 7.20
hero_spruce_b -20.72 -0.07 1010.55 5.21 0.83 0 0 0 0.320 13.00 3.84
hero_spruce_b -12.56 -0.87 1013.21 6.11 0.85 0 0 0 0.320 13.00 3.84
hero_oak_b -5.62 -1.70 1010.52 1.75 1.04 0 1 0 0.480 10.11 6.89
hero_oak_b -2.27 -2.11 1009.71 5.06 1.05 0 1 0 0.480 10.11 6.89
hero_pine_a 24.28 -5.31 1012.03 4.12 1.12 0 1 0 0.340 17.00 4.12
hero_spruce_a 28.42 -5.72 1013.36 2.58 1.01 0 1 0 0.380 16.00 3.90
hero_pine_a 32.64 -6.02 1009.07 3.92 1.01 0 0 0 0.340 17.00 4.12
hero_spruce_a 42.44 -6.70 1012.69 5.77 0.86 0 0 0 0.380 16.00 3.90
hero_birch_a 48.90 -6.92 1010.67 2.59 1.13 0 0 0 0.200 13.23 4.86
hero_spruce_c 53.12 -6.94 1009.35 1.37 1.06 0 0 0 0.420 19.00 3.91
hero_pine_b -35.14 1.07 1017.56 1.78 1.14 0 0 0 0.300 14.00 4.13
hero_spruce_c -32.06 0.90 1016.97 0.79 0.93 0 0 0 0.420 19.00 3.91
hero_oak_b -23.39 0.27 1019.02 0.00 1.04 0 0 0 0.480 10.11 6.89
hero_spruce_c -13.55 -0.72 1018.40 4.18 0.91 0 0 0 0.420 19.00 3.91
hero_birch_a -7.71 -1.39 1018.78 4.18 0.90 0 1 0 0.200 13.23 4.86
hero_birch_a 0.29 -2.41 1015.54 0.23 0.87 0 1 0 0.200 13.23 4.86
hero_oak_c 3.61 -2.58 1015.18 0.30 0.93 0 1 0 0.620 16.21 10.57
hero_spruce_c 16.47 -3.05 1016.71 0.40 1.04 0 1 0 0.420 19.00 3.91
hero_spruce_c 20.87 -4.85 1019.19 5.64 0.89 0 1 0 0.420 19.00 3.91
hero_pine_b 27.03 -5.61 1015.30 5.14 1.05 0 1 0 0.300 14.00 4.13
hero_birch_a 34.68 -6.26 1018.92 2.96 0.90 0 0 0 0.200 13.23 4.86
hero_oak_c 42.50 -6.75 1015.11 5.08 1.12 0 0 0 0.620 16.21 10.57
hero_oak_b 49.25 -6.98 1017.67 1.28 1.11 0 0 0 0.480 10.11 6.89
hero_oak_c 51.50 -7.01 1016.58 0.71 1.06 0 0 0 0.620 16.21 10.57
hero_birch_a -29.12 0.82 1023.12 3.35 1.03 0 0 0 0.200 13.23 4.86
hero_oak_a -23.80 0.38 1022.82 2.00 1.07 0 0 0 0.550 13.74 8.57
hero_spruce_c -17.55 -0.25 1021.79 4.43 1.12 0 0 0 0.420 19.00 3.91
hero_spruce_a -8.95 -1.17 1024.48 4.90 0.98 0 1 0 0.380 16.00 3.90
hero_oak_a -1.54 -2.20 1021.37 1.30 1.11 0 1 0 0.550 13.74 8.57
hero_oak_c 16.08 -3.09 1021.46 3.91 0.88 0 1 0 0.620 16.21 10.57
hero_spruce_c 23.10 -5.19 1021.73 0.60 1.05 0 1 0 0.420 19.00 3.91
hero_birch_b 30.48 -5.90 1023.48 5.12 0.87 0 0 0 0.220 14.31 7.20
hero_pine_a 32.91 -6.13 1022.09 5.86 0.98 0 0 0 0.340 17.00 4.12
hero_spruce_b 38.53 -6.53 1022.62 2.98 1.03 0 0 0 0.320 13.00 3.84
hero_spruce_c -30.46 1.11 1031.17 0.31 0.86 0 0 0 0.420 19.00 3.91
hero_birch_a -26.84 0.72 1027.18 2.87 1.14 0 0 0 0.200 13.23 4.86
hero_spruce_c -19.18 0.08 1030.01 5.67 1.01 0 0 0 0.420 19.00 3.91
hero_spruce_b -12.21 -0.73 1026.61 4.02 0.85 0 0 0 0.320 13.00 3.84
hero_spruce_b -8.25 -1.16 1030.69 0.96 1.03 0 1 0 0.320 13.00 3.84
hero_pine_b 0.10 -2.40 1027.55 2.88 1.10 0 1 0 0.300 14.00 4.13
hero_spruce_b 19.00 -4.45 1029.41 5.81 0.90 0 1 0 0.320 13.00 3.84
hero_oak_a 22.33 -5.07 1027.27 1.70 1.04 0 1 0 0.550 13.74 8.57
hero_pine_b 27.70 -5.60 1029.87 3.14 1.11 0 1 0 0.300 14.00 4.13
hero_spruce_c 34.26 -6.17 1027.40 2.21 0.88 0 0 0 0.420 19.00 3.91
hero_spruce_b 41.83 -6.65 1027.31 5.07 0.90 0 0 0 0.320 13.00 3.84
hero_spruce_a 49.40 -6.82 1031.27 3.48 0.82 0 0 0 0.380 16.00 3.90
hero_birch_a -36.20 1.56 1034.69 3.51 0.80 0 0 0 0.200 13.23 4.86
hero_pine_b -31.43 1.30 1037.15 3.70 1.10 0 0 0 0.300 14.00 4.13
hero_spruce_c -23.05 0.54 1033.73 2.99 1.06 0 0 0 0.420 19.00 3.91
hero_pine_b -20.47 0.29 1034.38 5.64 1.13 0 0 0 0.300 14.00 4.13
hero_oak_b -11.94 -0.65 1032.99 2.77 0.83 0 1 0 0.480 10.11 6.89
hero_birch_b -4.66 -1.59 1032.96 4.09 0.99 0 1 0 0.220 14.31 7.20
hero_pine_a 0.92 -2.33 1034.49 0.28 0.88 0 1 0 0.340 17.00 4.12
hero_pine_b 14.85 -3.33 1032.77 4.51 1.07 0 1 0 0.300 14.00 4.13
hero_spruce_b 22.95 -4.97 1035.69 1.67 0.83 0 1 0 0.320 13.00 3.84
hero_spruce_b 29.75 -5.66 1035.46 4.50 0.96 0 0 0 0.320 13.00 3.84
hero_spruce_a 37.28 -6.23 1035.86 0.79 0.89 0 0 0 0.380 16.00 3.90
hero_spruce_a 40.36 -6.40 1036.76 4.78 0.95 0 0 0 0.380 16.00 3.90
hero_birch_a 45.98 -6.71 1033.74 3.34 1.11 0 0 0 0.200 13.23 4.86
hero_pine_b 52.42 -6.83 1033.36 1.84 1.04 0 0 0 0.300 14.00 4.13
hero_spruce_b -36.34 1.67 1039.21 1.76 0.81 0 0 0 0.320 13.00 3.84
hero_oak_b -30.88 1.33 1040.19 1.17 1.05 0 0 0 0.480 10.11 6.89
hero_pine_b -22.61 0.70 1042.39 1.06 0.88 0 0 0 0.300 14.00 4.13
hero_pine_b -20.12 0.40 1040.68 0.93 1.12 0 0 0 0.300 14.00 4.13
hero_spruce_c -12.67 -0.37 1043.16 1.56 1.04 0 1 0 0.420 19.00 3.91
hero_pine_b -8.72 -0.89 1041.70 3.67 1.12 0 1 0 0.300 14.00 4.13
hero_pine_a -0.65 -2.12 1040.47 4.97 1.03 0 1 0 0.340 17.00 4.12
hero_spruce_a 10.81 -2.47 1043.05 0.41 1.14 0 1 0 0.380 16.00 3.90
hero_oak_a 17.31 -4.14 1040.76 0.07 0.95 0 1 0 0.550 13.74 8.57
hero_pine_b 20.49 -4.63 1039.99 4.98 1.04 0 1 0 0.300 14.00 4.13
hero_spruce_b 26.69 -5.27 1040.15 2.00 0.98 0 0 0 0.320 13.00 3.84
hero_pine_b 42.42 -6.39 1040.86 0.33 1.08 0 0 0 0.300 14.00 4.13
hero_birch_b 46.06 -6.48 1041.49 1.56 0.82 0 0 0 0.220 14.31 7.20
hero_spruce_c -38.77 2.03 1049.33 3.55 1.03 0 0 0 0.420 19.00 3.91
hero_pine_b -30.40 1.52 1049.37 4.35 1.01 0 0 0 0.300 14.00 4.13
hero_spruce_b -27.19 1.18 1045.47 5.46 0.96 0 0 0 0.320 13.00 3.84
hero_pine_a -16.49 0.14 1045.70 2.03 0.93 0 0 0 0.340 17.00 4.12
hero_spruce_a -11.04 -0.45 1047.88 4.95 0.90 0 1 0 0.380 16.00 3.90
hero_spruce_a -9.22 -0.65 1048.93 5.49 0.81 0 1 0 0.380 16.00 3.90
hero_spruce_a 12.28 -2.72 1045.27 4.29 0.95 0 1 0 0.380 16.00 3.90
hero_spruce_b 23.71 -4.81 1046.05 0.94 0.96 0 1 0 0.320 13.00 3.84
hero_birch_b 29.83 -5.37 1046.28 2.45 0.83 0 0 0 0.220 14.31 7.20
hero_spruce_b 34.56 -5.79 1045.55 1.12 0.99 0 0 0 0.320 13.00 3.84
hero_spruce_b 41.33 -6.21 1045.31 5.21 1.04 0 0 0 0.320 13.00 3.84
hero_birch_b 49.23 -6.42 1046.90 3.70 1.13 0 0 0 0.220 14.31 7.20
hero_birch_a -40.73 2.20 1051.82 5.16 0.88 0 0 0 0.200 13.23 4.86
hero_oak_a -38.18 2.11 1052.94 6.20 0.93 0 0 0 0.550 13.74 8.57
hero_birch_b -31.50 1.71 1053.37 2.98 0.93 0 0 0 0.220 14.31 7.20
hero_oak_a -23.24 1.04 1055.20 3.69 1.08 0 0 0 0.550 13.74 8.57
hero_birch_a -16.66 0.33 1054.10 0.34 1.01 0 1 0 0.200 13.23 4.86
hero_oak_a -14.82 0.11 1053.16 1.44 0.97 0 1 0 0.550 13.74 8.57
hero_birch_a -8.49 -0.72 1055.43 4.38 1.10 0 1 0 0.200 13.23 4.86
hero_spruce_b 14.92 -3.55 1051.81 3.13 1.06 0 1 0 0.320 13.00 3.84
hero_spruce_a 29.17 -5.18 1051.55 5.66 1.00 0 0 0 0.380 16.00 3.90
hero_spruce_a 33.17 -5.45 1053.09 4.14 0.94 0 0 0 0.380 16.00 3.90
hero_oak_c 43.35 -6.03 1052.82 3.47 0.86 0 0 0 0.620 16.21 10.57
hero_spruce_b 45.38 -6.13 1052.04 0.70 0.90 0 0 0 0.320 13.00 3.84
hero_oak_a -42.08 2.47 1059.34 0.82 0.95 0 0 0 0.550 13.74 8.57
hero_oak_c -33.48 1.93 1057.24 6.11 1.05 0 0 0 0.620 16.21 10.57
hero_spruce_a -24.87 1.27 1057.65 5.97 0.88 0 0 0 0.380 16.00 3.90
hero_oak_b -19.67 0.83 1061.33 5.70 0.97 0 1 0 0.480 10.11 6.89
hero_pine_b -13.70 0.11 1059.08 3.75 0.97 0 1 0 0.300 14.00 4.13
hero_pine_a -8.55 -0.70 1057.46 4.10 0.81 0 1 0 0.340 17.00 4.12
hero_pine_b 9.40 -2.25 1058.89 4.41 1.02 0 1 0 0.300 14.00 4.13
hero_birch_a 17.23 -3.77 1058.67 5.24 1.11 0 1 0 0.200 13.23 4.86
hero_spruce_b 25.51 -4.70 1056.55 0.77 1.11 0 0 0 0.320 13.00 3.84
hero_spruce_c 29.98 -5.04 1058.26 0.08 0.98 0 0 0 0.420 19.00 3.91
hero_spruce_a 36.25 -5.42 1060.75 5.06 1.03 0 0 0 0.380 16.00 3.90
hero_spruce_a 43.01 -5.81 1058.63 1.65 0.80 0 0 0 0.380 16.00 3.90
hero_oak_b 46.46 -5.92 1059.06 2.33 0.92 0 0 0 0.480 10.11 6.89
hero_oak_b -43.36 2.71 1065.61 4.01 1.13 0 0 0 0.480 10.11 6.89
hero_pine_b -37.47 2.49 1066.85 4.78 0.84 0 0 0 0.300 14.00 4.13
hero_spruce_b -30.69 1.90 1063.21 5.53 0.94 0 0 0 0.320 13.00 3.84
hero_spruce_c -23.75 1.31 1064.27 4.30 0.97 0 0 0 0.420 19.00 3.91
hero_spruce_c -14.07 0.24 1063.82 5.53 1.08 0 1 0 0.420 19.00 3.91
hero_oak_a -7.17 -0.94 1065.18 2.87 0.81 0 1 0 0.550 13.74 8.57
hero_spruce_c 7.22 -1.77 1064.18 2.93 0.89 0 1 0 0.420 19.00 3.91
hero_pine_b 13.33 -3.14 1064.82 6.16 1.03 0 1 0 0.300 14.00 4.13
hero_spruce_c 15.47 -3.35 1066.26 3.81 1.02 0 1 0 0.420 19.00 3.91
hero_spruce_b 24.29 -4.29 1066.34 4.21 1.13 0 0 0 0.320 13.00 3.84
hero_spruce_a 27.37 -4.64 1063.76 1.76 0.91 0 0 0 0.380 16.00 3.90
hero_spruce_a 36.01 -5.27 1064.33 1.13 0.88 0 0 0 0.380 16.00 3.90
hero_spruce_b 41.79 -5.61 1063.71 1.10 1.03 0 0 0 0.320 13.00 3.84
hero_spruce_c -43.33 2.97 1072.01 2.32 0.87 0 0 0 0.420 19.00 3.91
hero_spruce_b -39.40 2.69 1069.94 3.63 0.91 0 0 0 0.320 13.00 3.84
hero_birch_a -28.53 1.97 1072.32 2.54 0.93 0 0 0 0.200 13.23 4.86
hero_oak_b -19.48 1.07 1072.71 4.85 1.00 0 1 0 0.480 10.11 6.89
hero_oak_c 6.35 -1.69 1069.98 1.66 1.12 0 1 0 0.620 16.21 10.57
hero_oak_b 11.35 -2.66 1072.38 2.56 0.90 0 1 0 0.480 10.11 6.89
hero_spruce_a 17.39 -3.43 1070.98 2.42 1.01 0 1 0 0.380 16.00 3.90
hero_oak_b 22.97 -4.09 1068.75 3.34 1.07 0 0 0 0.480 10.11 6.89
hero_birch_b 30.10 -4.67 1069.72 4.76 0.83 0 0 0 0.220 14.31 7.20
hero_pine_a 36.94 -5.19 1069.12 6.12 1.11 0 0 0 0.340 17.00 4.12
hero_birch_b 39.40 -5.31 1068.79 5.31 0.81 0 0 0 0.220 14.31 7.20
hero_pine_a -47.68 3.44 1079.29 2.99 1.10 0 0 0 0.340 17.00 4.12
hero_spruce_b -45.05 3.23 1076.99 0.31 1.00 0 0 0 0.320 13.00 3.84
hero_spruce_a -37.16 2.77 1076.73 5.24 1.07 0 0 0 0.380 16.00 3.90
hero_pine_a -33.02 2.41 1075.00 3.18 1.03 0 0 0 0.340 17.00 4.12
hero_spruce_c -25.19 1.81 1078.83 4.95 1.09 0 0 0 0.420 19.00 3.91
hero_oak_b -20.69 1.31 1077.23 1.86 1.04 0 1 0 0.480 10.11 6.89
hero_spruce_a -14.40 0.46 1075.51 1.37 0.82 0 1 0 0.380 16.00 3.90
hero_oak_c 4.49 -1.22 1077.24 4.96 1.14 0 1 0 0.620 16.21 10.57
hero_birch_b 8.57 -2.20 1074.50 3.45 0.93 0 1 0 0.220 14.31 7.20
hero_pine_a 18.74 -3.46 1074.74 0.16 0.80 0 0 0 0.340 17.00 4.12
hero_spruce_a 27.21 -4.18 1078.70 4.78 1.09 0 0 0 0.380 16.00 3.90
hero_spruce_b 35.11 -4.83 1076.02 5.75 0.85 0 0 0 0.320 13.00 3.84
hero_pine_a 41.50 -5.19 1075.80 5.56 1.02 0 0 0 0.340 17.00 4.12
hero_spruce_c -46.92 3.63 1083.76 2.65 0.93 0 0 0 0.420 19.00 3.91
hero_pine_b -42.94 3.44 1083.97 5.07 0.81 0 0 0 0.300 14.00 4.13
hero_spruce_b -37.07 3.03 1084.08 3.62 1.06 0 0 0 0.320 13.00 3.84
hero_birch_a -31.51 2.64 1085.38 0.12 0.81 0 0 0 0.200 13.23 4.86
hero_birch_b -25.59 2.04 1084.93 3.89 0.95 0 1 0 0.220 14.31 7.20
hero_spruce_b -16.86 1.00 1082.85 3.43 0.97 0 1 0 0.320 13.00 3.84
hero_spruce_b 9.03 -2.12 1084.83 3.28 0.96 0 1 0 0.320 13.00 3.84
hero_oak_b 18.22 -3.15 1084.78 5.61 1.00 0 0 0 0.480 10.11 6.89
hero_oak_c 22.26 -3.58 1083.68 5.91 0.95 0 0 0 0.620 16.21 10.57
hero_spruce_a 29.64 -4.18 1084.78 0.19 0.94 0 0 0 0.380 16.00 3.90
hero_spruce_c 35.71 -4.61 1084.52 2.73 0.90 0 0 0 0.420 19.00 3.91
hero_pine_a 39.39 -4.79 1085.17 3.44 0.90 0 0 0 0.340 17.00 4.12
hero_pine_b -46.88 3.88 1088.72 6.01 0.88 0 0 0 0.300 14.00 4.13
hero_birch_b -42.59 3.73 1091.43 0.96 1.06 0 0 0 0.220 14.31 7.20
hero_oak_b -38.73 3.29 1087.14 5.83 0.86 0 0 0 0.480 10.11 6.89
hero_spruce_b -31.84 2.82 1090.03 0.46 0.84 0 0 0 0.320 13.00 3.84
hero_pine_b -24.81 2.02 1087.93 2.23 1.14 0 1 0 0.300 14.00 4.13
hero_spruce_a -19.84 1.47 1087.22 2.29 0.92 0 1 0 0.380 16.00 3.90
hero_birch_b -15.03 0.61 1090.18 2.21 0.93 0 1 0 0.220 14.31 7.20
hero_pine_b -0.52 -0.28 1090.23 2.11 0.97 0 1 0 0.300 14.00 4.13
hero_birch_b 5.51 -1.50 1090.92 2.80 1.01 0 1 0 0.220 14.31 7.20
hero_spruce_a 8.64 -1.99 1087.95 1.02 0.91 0 1 0 0.380 16.00 3.90
hero_oak_c 17.43 -3.01 1086.99 2.38 1.03 0 0 0 0.620 16.21 10.57
hero_spruce_a 23.54 -3.63 1086.64 4.50 1.06 0 0 0 0.380 16.00 3.90
hero_pine_b 30.62 -4.18 1087.55 5.06 1.01 0 0 0 0.300 14.00 4.13
hero_oak_a 36.16 -4.44 1090.42 4.58 0.82 0 0 0 0.550 13.74 8.57
hero_pine_a -41.28 3.82 1095.24 3.55 0.89 0 0 0 0.340 17.00 4.12
hero_spruce_a -38.74 3.58 1094.15 5.67 0.82 0 0 0 0.380 16.00 3.90
hero_pine_b -31.33 3.00 1096.66 5.44 0.89 0 0 0 0.300 14.00 4.13
hero_pine_a -23.24 2.15 1097.48 5.03 0.87 0 1 0 0.340 17.00 4.12
hero_spruce_b 6.12 -1.52 1094.01 2.29 0.87 0 1 0 0.320 13.00 3.84
hero_spruce_b 12.35 -2.22 1095.32 5.26 0.81 0 1 0 0.320 13.00 3.84
hero_spruce_b 18.91 -2.91 1095.45 1.61 0.83 0 0 0 0.320 13.00 3.84
hero_birch_b 20.67 -3.10 1095.84 1.83 1.07 0 0 0 0.220 14.31 7.20
hero_spruce_b 29.52 -3.86 1095.23 2.82 0.90 0 0 0 0.320 13.00 3.84
hero_pine_b 33.78 -4.16 1094.79 5.66 0.85 0 0 0 0.300 14.00 4.13
hero_pine_b -47.78 4.58 1101.74 5.90 1.14 0 0 0 0.300 14.00 4.13
hero_spruce_c -43.07 4.15 1099.55 2.55 0.96 0 0 0 0.420 19.00 3.91
hero_spruce_c -38.27 3.73 1098.95 1.63 0.91 0 0 0 0.420 19.00 3.91
hero_spruce_c -31.98 3.23 1101.72 0.17 0.95 0 0 0 0.420 19.00 3.91
hero_pine_a -26.95 2.62 1099.38 4.54 0.90 0 1 0 0.340 17.00 4.12
hero_birch_b -16.51 0.80 1099.75 4.56 0.83 0 1 0 0.220 14.31 7.20
hero_spruce_b -1.19 -0.20 1102.18 0.95 1.10 0 1 0 0.320 13.00 3.84
hero_birch_b 6.52 -1.43 1100.54 5.19 0.97 0 1 0 0.220 14.31 7.20
hero_spruce_a 8.84 -1.66 1102.60 5.85 1.07 0 1 0 0.380 16.00 3.90
hero_pine_b 17.94 -2.62 1103.48 1.30 1.10 0 0 0 0.300 14.00 4.13
hero_spruce_a 23.31 -3.24 1099.28 2.00 1.06 0 0 0 0.380 16.00 3.90
hero_spruce_c 30.59 -3.74 1101.73 5.85 0.94 0 0 0 0.420 19.00 3.91
hero_spruce_a 35.95 -4.10 1101.32 3.07 0.88 0 0 0 0.380 16.00 3.90
hero_spruce_b -55.72 5.27 1105.13 2.33 1.04 0 0 0 0.320 13.00 3.84
hero_pine_a -48.74 4.99 1107.63 3.36 0.82 0 0 0 0.340 17.00 4.12
hero_pine_a -41.22 4.38 1108.07 2.30 0.86 0 0 0 0.340 17.00 4.12
hero_spruce_a -37.14 3.99 1107.96 3.01 0.83 0 0 0 0.380 16.00 3.90
hero_spruce_b -29.69 3.19 1107.90 1.37 0.87 0 1 0 0.320 13.00 3.84
hero_oak_a -25.25 2.64 1106.62 6.10 0.97 0 1 0 0.550 13.74 8.57
hero_spruce_a -18.25 1.21 1106.90 6.24 0.82 0 1 0 0.380 16.00 3.90
hero_spruce_a 0.65 -0.55 1107.21 4.32 1.15 0 1 0 0.380 16.00 3.90
hero_oak_a 5.96 -1.17 1108.17 4.61 0.90 0 1 0 0.550 13.74 8.57
hero_spruce_b 11.24 -1.85 1105.64 2.65 1.09 0 0 0 0.320 13.00 3.84
hero_pine_b 14.61 -2.22 1104.50 3.71 0.84 0 0 0 0.300 14.00 4.13
hero_birch_b 24.96 -3.21 1104.78 0.30 0.92 0 0 0 0.220 14.31 7.20
hero_oak_b 28.03 -3.33 1109.39 5.02 1.01 0 0 0 0.480 10.11 6.89
hero_spruce_c 33.85 -3.72 1109.49 0.11 1.02 0 0 0 0.420 19.00 3.91
hero_oak_a -56.77 5.76 1112.07 1.54 1.08 0 0 0 0.550 13.74 8.57
hero_oak_c -45.37 4.99 1113.33 2.80 0.83 0 0 0 0.620 16.21 10.57
hero_pine_b -38.12 4.30 1114.10 1.66 1.01 0 0 0 0.300 14.00 4.13
hero_spruce_b -32.13 3.68 1114.71 1.24 0.92 0 1 0 0.320 13.00 3.84
hero_oak_a 1.03 -0.42 1115.32 2.46 0.96 0 1 0 0.550 13.74 8.57
hero_spruce_c 6.94 -1.14 1114.20 1.26 0.95 0 1 0 0.420 19.00 3.91
hero_spruce_a 12.95 -1.89 1111.59 4.95 1.12 0 0 0 0.380 16.00 3.90
hero_pine_b 17.25 -2.31 1111.77 0.36 1.03 0 0 0 0.300 14.00 4.13
hero_spruce_a -59.81 6.48 1120.38 2.32 0.84 0 0 0 0.380 16.00 3.90
hero_pine_a -55.81 6.11 1118.90 5.02 0.84 0 0 0 0.340 17.00 4.12
hero_pine_a -49.22 5.46 1117.00 4.42 1.14 0 0 0 0.340 17.00 4.12
hero_pine_a -44.55 5.04 1116.77 3.48 1.04 0 0 0 0.340 17.00 4.12
hero_spruce_b -35.90 4.30 1121.12 5.29 0.83 0 0 0 0.320 13.00 3.84
hero_birch_b -23.53 2.23 1121.46 5.92 1.04 0 1 0 0.220 14.31 7.20
hero_spruce_a -7.18 0.88 1118.42 6.13 1.08 0 1 0 0.380 16.00 3.90
hero_spruce_a 0.06 -0.29 1116.85 1.98 1.12 0 1 0 0.380 16.00 3.90
hero_pine_b 3.79 -0.62 1120.83 3.93 0.89 0 1 0 0.300 14.00 4.13
hero_birch_b 9.28 -1.27 1120.13 3.79 1.10 0 0 0 0.220 14.31 7.20
hero_spruce_a 15.43 -1.96 1118.31 6.14 1.12 0 0 0 0.380 16.00 3.90
hero_spruce_c 21.19 -2.41 1121.14 0.85 1.09 0 0 0 0.420 19.00 3.91
hero_spruce_b 28.12 -3.00 1119.72 0.70 0.97 0 0 0 0.320 13.00 3.84
hero_birch_a -59.80 6.69 1124.96 4.56 1.11 0 0 0 0.200 13.23 4.86
hero_pine_a -52.97 6.24 1127.38 3.77 1.15 0 0 0 0.340 17.00 4.12
hero_oak_c -47.08 5.54 1122.97 2.89 0.92 0 0 0 0.620 16.21 10.57
hero_oak_a -44.31 5.29 1123.63 0.25 0.84 0 0 0 0.550 13.74 8.57
hero_birch_a -37.32 4.53 1124.68 3.97 1.12 0 0 0 0.200 13.23 4.86
hero_spruce_b -32.26 3.98 1126.27 5.73 1.04 0 1 0 0.320 13.00 3.84
hero_oak_c -23.28 1.98 1126.44 3.56 0.82 0 1 0 0.620 16.21 10.57
hero_birch_a -1.39 0.03 1122.96 2.88 1.09 0 1 0 0.200 13.23 4.86
hero_spruce_b 3.92 -0.52 1126.32 1.62 0.93 0 1 0 0.320 13.00 3.84
hero_birch_a 8.89 -1.13 1123.67 2.53 1.04 0 0 0 0.200 13.23 4.86
hero_spruce_b 17.12 -1.98 1122.91 6.04 1.01 0 0 0 0.320 13.00 3.84
hero_oak_a 24.22 -2.48 1126.88 1.91 1.12 0 0 0 0.550 13.74 8.57
hero_oak_c -62.81 7.09 1128.49 5.18 1.02 0 0 0 0.620 16.21 10.57
hero_oak_a -53.72 6.40 1129.33 3.89 0.84 0 0 0 0.550 13.74 8.57
hero_spruce_c -48.15 5.92 1131.64 6.26 0.95 0 0 0 0.420 19.00 3.91
hero_spruce_a -36.96 4.65 1131.68 4.55 0.97 0 1 0 0.380 16.00 3.90
hero_spruce_a -31.06 3.89 1130.64 3.65 0.96 0 1 0 0.380 16.00 3.90
hero_spruce_a -23.92 1.81 1131.40 5.68 0.99 0 1 0 0.380 16.00 3.90
hero_spruce_c -8.14 1.13 1132.11 4.01 0.89 0 1 0 0.420 19.00 3.91
hero_oak_a -3.13 0.43 1133.48 1.65 0.89 0 1 0 0.550 13.74 8.57
hero_pine_b 2.52 -0.30 1129.39 2.59 0.94 0 1 0 0.300 14.00 4.13
hero_birch_a 10.98 -1.19 1130.37 4.66 1.05 0 0 0 0.200 13.23 4.86
hero_spruce_a 16.97 -1.70 1132.28 5.89 1.02 0 0 0 0.380 16.00 3.90
hero_birch_b 23.33 -2.33 1128.66 5.95 0.88 0 0 0 0.220 14.31 7.20
hero_spruce_a 28.25 -2.70 1129.21 0.40 1.11 0 0 0 0.380 16.00 3.90
hero_oak_a -59.08 7.16 1139.43 6.24 1.06 0 0 0 0.550 13.74 8.57
hero_birch_a -54.94 6.67 1135.34 2.57 1.14 0 0 0 0.200 13.23 4.86
hero_oak_a -50.11 6.18 1134.96 2.28 1.14 0 0 0 0.550 13.74 8.57
hero_oak_c -39.25 4.97 1135.02 4.87 0.99 0 0 0 0.620 16.21 10.57
hero_spruce_b -31.45 3.96 1136.24 1.89 0.95 0 1 0 0.320 13.00 3.84
hero_spruce_b -27.16 2.85 1135.72 1.09 0.92 0 1 0 0.320 13.00 3.84
hero_spruce_c -0.02 0.11 1136.91 2.34 0.94 0 1 0 0.420 19.00 3.91
hero_birch_b 5.54 -0.51 1135.36 4.92 0.90 0 0 0 0.220 14.31 7.20
hero_spruce_a 13.40 -1.21 1139.12 3.36 0.95 0 0 0 0.380 16.00 3.90
hero_spruce_b 23.17 -1.99 1139.20 4.06 0.88 0 0 0 0.320 13.00 3.84
hero_spruce_a -53.00 6.60 1140.98 2.94 0.91 0 0 0 0.380 16.00 3.90
hero_birch_b -49.35 6.19 1145.25 5.91 1.15 0 0 0 0.220 14.31 7.20
hero_oak_c -30.15 3.25 1145.42 2.69 1.04 0 1 0 0.620 16.21 10.57
hero_spruce_a -27.28 2.24 1145.07 2.61 1.14 0 1 0 0.380 16.00 3.90
hero_spruce_a -5.57 0.80 1144.24 3.76 0.93 0 1 0 0.380 16.00 3.90
hero_birch_b 1.16 0.03 1140.64 2.97 0.90 0 0 0 0.220 14.31 7.20
hero_pine_b 5.83 -0.45 1141.67 1.37 0.97 0 0 0 0.300 14.00 4.13
hero_birch_b 13.33 -1.08 1145.07 5.33 0.88 0 0 0 0.220 14.31 7.20
hero_spruce_c 17.11 -1.39 1144.96 5.37 0.86 0 0 0 0.420 19.00 3.91
hero_birch_b 23.78 -1.97 1142.08 0.65 1.03 0 0 0 0.220 14.31 7.20
hero_spruce_a -59.23 7.25 1150.03 2.77 1.02 0 0 0 0.380 16.00 3.90
hero_pine_b -55.29 6.86 1149.94 4.36 0.82 0 0 0 0.300 14.00 4.13
hero_spruce_b -50.73 6.34 1150.20 2.07 0.87 0 0 0 0.320 13.00 3.84
hero_oak_b -44.72 5.60 1150.70 2.87 1.08 0 0 0 0.480 10.11 6.89
hero_birch_a -34.87 4.38 1148.70 2.36 0.91 0 1 0 0.200 13.23 4.86
hero_birch_b -31.14 3.49 1148.89 6.13 1.12 0 1 0 0.220 14.31 7.20
hero_pine_b -12.40 1.58 1147.84 5.51 1.01 0 1 0 0.300 14.00 4.13
hero_spruce_b -5.31 0.75 1146.52 6.17 1.05 0 1 0 0.320 13.00 3.84
hero_oak_b -1.06 0.31 1150.73 2.04 0.83 0 0 0 0.480 10.11 6.89
hero_birch_b 13.38 -1.05 1148.39 0.12 1.10 0 0 0 0.220 14.31 7.20
hero_spruce_a 16.32 -1.26 1149.30 1.06 1.01 0 0 0 0.380 16.00 3.90
hero_spruce_c 20.76 -1.62 1147.06 1.35 0.95 0 0 0 0.420 19.00 3.91
hero_oak_a -62.63 7.52 1154.77 3.83 1.02 0 0 0 0.550 13.74 8.57
hero_oak_a -52.92 6.44 1157.02 6.01 0.96 0 0 0 0.550 13.74 8.57
hero_birch_b -48.72 5.95 1156.52 3.45 1.08 0 0 0 0.220 14.31 7.20
hero_oak_c -43.28 5.37 1154.08 2.55 0.83 0 0 0 0.620 16.21 10.57
hero_spruce_b -36.69 4.46 1156.49 3.56 1.00 0 1 0 0.320 13.00 3.84
hero_oak_c -32.07 3.40 1154.90 0.02 0.92 0 1 0 0.620 16.21 10.57
hero_spruce_a -15.19 1.64 1156.74 4.06 1.03 0 1 0 0.380 16.00 3.90
hero_spruce_c -5.14 0.70 1154.16 6.21 0.97 0 1 0 0.420 19.00 3.91
hero_pine_a 0.23 0.15 1155.59 4.45 1.00 0 0 0 0.340 17.00 4.12
hero_spruce_a 5.08 -0.31 1155.16 5.67 1.15 0 0 0 0.380 16.00 3.90
hero_oak_b 10.36 -0.76 1152.56 1.05 1.10 0 0 0 0.480 10.11 6.89
hero_spruce_c 16.21 -1.13 1157.36 3.45 1.01 0 0 0 0.420 19.00 3.91
hero_spruce_b 22.05 -1.50 1156.11 0.34 1.02 0 0 0 0.320 13.00 3.84
hero_oak_c -60.35 7.20 1158.91 0.38 1.01 0 0 0 0.620 16.21 10.57
hero_oak_c -56.24 6.59 1163.50 4.28 0.91 0 0 0 0.620 16.21 10.57
hero_birch_a -49.26 5.93 1158.92 1.08 1.10 0 0 0 0.200 13.23 4.86
hero_spruce_c -42.18 4.97 1161.41 4.97 0.98 0 1 0 0.420 19.00 3.91
hero_oak_c -37.36 4.34 1162.06 5.62 0.92 0 1 0 0.620 16.21 10.57
hero_pine_a -33.20 3.03 1162.53 0.74 0.88 0 1 0 0.340 17.00 4.12
hero_pine_a -13.71 1.46 1160.30 2.08 1.06 0 1 0 0.340 17.00 4.12
hero_oak_b -9.24 1.01 1161.26 1.78 0.85 0 1 0 0.480 10.11 6.89
hero_spruce_b -1.78 0.28 1160.68 2.88 0.95 0 0 0 0.320 13.00 3.84
hero_spruce_b 5.15 -0.32 1158.90 1.46 1.11 0 0 0 0.320 13.00 3.84
hero_spruce_c 11.91 -0.83 1160.55 3.38 1.07 0 0 0 0.420 19.00 3.91
hero_oak_a 14.95 -1.03 1159.55 5.96 1.02 0 0 0 0.550 13.74 8.57
hero_birch_a 20.69 -1.38 1158.88 3.47 1.01 0 0 0 0.200 13.23 4.86
hero_birch_a -67.46 7.67 1165.21 5.50 0.92 0 0 0 0.200 13.23 4.86
hero_spruce_c -60.64 6.96 1165.76 5.19 0.92 0 0 0 0.420 19.00 3.91
hero_spruce_a -53.78 6.03 1168.49 0.22 0.97 0 0 0 0.380 16.00 3.90
hero_pine_a -51.45 5.77 1168.28 2.32 0.96 0 0 0 0.340 17.00 4.12
hero_oak_a -45.32 4.94 1169.41 0.74 1.06 0 1 0 0.550 13.74 8.57
hero_spruce_c -35.83 3.93 1164.89 1.82 1.06 0 1 0 0.420 19.00 3.91
hero_spruce_b -33.07 2.51 1167.61 2.42 0.83 0 1 0 0.320 13.00 3.84
hero_oak_b -12.36 1.13 1167.21 1.93 1.00 0 1 0 0.480 10.11 6.89
hero_pine_a -4.54 0.36 1167.73 3.14 1.05 0 0 0 0.340 17.00 4.12
hero_birch_a 1.29 -0.11 1167.98 3.24 0.85 0 0 0 0.200 13.23 4.86
hero_spruce_a 7.34 -0.57 1168.09 5.41 1.12 0 0 0 0.380 16.00 3.90
hero_spruce_a 11.39 -0.83 1168.10 0.51 1.14 0 0 0 0.380 16.00 3.90
hero_pine_a -68.50 7.20 1175.03 3.51 0.82 0 0 0 0.340 17.00 4.12
hero_spruce_b -63.31 6.74 1174.01 1.71 0.96 0 0 0 0.320 13.00 3.84
hero_spruce_c -50.44 5.25 1174.28 3.47 0.97 0 0 0 0.420 19.00 3.91
hero_oak_c -41.92 4.21 1174.05 0.96 1.05 0 1 0 0.620 16.21 10.57
hero_birch_b -35.66 3.28 1171.98 5.19 0.85 0 1 0 0.220 14.31 7.20
hero_pine_b -33.01 1.86 1174.29 0.09 0.99 0 1 0 0.300 14.00 4.13
hero_spruce_a -16.55 1.16 1175.13 6.26 0.99 0 1 0 0.380 16.00 3.90
hero_spruce_c -12.60 0.94 1172.34 4.63 0.95 0 1 0 0.420 19.00 3.91
hero_oak_b -8.21 0.54 1172.11 2.22 0.89 0 1 0 0.480 10.11 6.89
hero_pine_b -0.52 -0.13 1173.15 3.94 0.97 0 0 0 0.300 14.00 4.13
hero_spruce_b 5.64 -0.51 1171.73 5.84 0.94 0 0 0 0.320 13.00 3.84
hero_pine_b 8.63 -0.76 1174.54 1.32 1.02 0 0 0 0.300 14.00 4.13
hero_oak_c 19.14 -1.21 1171.24 5.05 1.09 0 0 0 0.620 16.21 10.57
hero_spruce_a -66.01 6.56 1179.78 2.62 1.13 0 0 0 0.380 16.00 3.90
hero_spruce_c -60.56 6.00 1179.69 3.88 1.03 0 0 0 0.420 19.00 3.91
hero_spruce_c -54.72 5.21 1181.10 5.09 1.08 0 0 0 0.420 19.00 3.91
hero_oak_c -50.47 5.01 1177.74 4.39 0.81 0 0 0 0.620 16.21 10.57
hero_spruce_c -43.62 4.23 1176.85 1.46 0.86 0 1 0 0.420 19.00 3.91
hero_pine_a -19.82 1.20 1177.33 1.57 0.98 0 1 0 0.340 17.00 4.12
hero_pine_b -10.77 0.28 1181.25 3.36 1.13 0 1 0 0.300 14.00 4.13
hero_birch_a -9.51 0.27 1180.16 4.78 0.83 0 1 0 0.200 13.23 4.86
hero_spruce_b -0.20 -0.45 1181.15 5.71 0.87 0 0 0 0.320 13.00 3.84
hero_pine_b 12.75 -1.00 1178.16 0.91 0.84 0 0 0 0.300 14.00 4.13
hero_oak_b -68.99 6.42 1184.77 1.37 1.04 0 0 0 0.480 10.11 6.89
hero_oak_b -63.35 6.02 1183.00 4.97 1.02 0 0 0 0.480 10.11 6.89
hero_spruce_a -55.44 4.95 1184.94 1.77 1.07 0 0 0 0.380 16.00 3.90
hero_oak_c -50.15 4.35 1184.67 5.43 1.03 0 0 0 0.620 16.21 10.57
hero_birch_b -44.76 3.69 1184.89 4.87 0.85 0 1 0 0.220 14.31 7.20
hero_birch_a -36.00 1.68 1186.72 4.50 0.84 0 1 0 0.200 13.23 4.86
hero_birch_b -18.44 0.78 1184.25 2.65 0.85 0 1 0 0.220 14.31 7.20
hero_spruce_a -14.71 0.26 1186.60 5.07 1.15 0 1 0 0.380 16.00 3.90
hero_pine_a -5.36 -0.30 1184.67 0.05 0.87 0 0 0 0.340 17.00 4.12
hero_spruce_b -0.04 -0.55 1182.75 1.05 1.00 0 0 0 0.320 13.00 3.84
hero_oak_c 5.76 -0.97 1186.04 2.53 0.91 0 0 0 0.620 16.21 10.57
hero_spruce_a 12.47 -1.11 1183.59 3.89 0.82 0 0 0 0.380 16.00 3.90
hero_spruce_c 16.60 -1.22 1183.31 2.58 0.85 0 0 0 0.420 19.00 3.91
hero_pine_b -71.80 5.88 1192.94 3.70 0.98 0 0 0 0.300 14.00 4.13
hero_spruce_a -66.94 5.64 1190.71 4.12 1.09 0 0 0 0.380 16.00 3.90
hero_birch_b -59.30 5.03 1188.92 4.03 0.81 0 0 0 0.220 14.31 7.20
hero_oak_b -56.54 4.67 1189.03 5.61 1.10 0 0 0 0.480 10.11 6.89
hero_pine_b -41.16 2.44 1193.06 2.63 1.07 0 1 0 0.300 14.00 4.13
hero_oak_a -36.95 1.63 1189.81 3.93 1.01 0 1 0 0.550 13.74 8.57
hero_oak_b -16.60 0.09 1191.35 5.57 1.03 0 1 0 0.480 10.11 6.89
hero_spruce_a -13.90 -0.15 1191.66 3.88 0.91 0 1 0 0.380 16.00 3.90
hero_oak_a -5.57 -0.71 1191.78 4.07 0.84 0 0 0 0.550 13.74 8.57
hero_spruce_c -3.52 -0.66 1188.97 4.57 0.82 0 0 0 0.420 19.00 3.91
hero_pine_a 4.64 -1.15 1190.58 4.15 1.13 0 0 0 0.340 17.00 4.12
hero_spruce_c 9.81 -1.22 1189.10 0.56 0.84 0 0 0 0.420 19.00 3.91
hero_spruce_a -70.65 5.20 1198.22 0.22 0.92 0 0 0 0.380 16.00 3.90
hero_spruce_c -69.15 5.36 1195.41 5.49 1.04 0 0 0 0.420 19.00 3.91
hero_birch_a -53.86 3.25 1199.45 0.06 1.09 0 0 0 0.200 13.23 4.86
hero_spruce_b -41.55 2.32 1194.91 3.33 0.88 0 1 0 0.320 13.00 3.84
hero_spruce_c -36.30 0.69 1196.94 0.51 1.08 0 1 0 0.420 19.00 3.91
hero_oak_a -18.21 -0.21 1197.44 2.43 0.92 0 1 0 0.550 13.74 8.57
hero_spruce_b -14.63 -0.62 1198.03 6.16 1.13 0 1 0 0.320 13.00 3.84
hero_pine_b -7.35 -1.08 1198.26 4.69 0.95 0 0 0 0.300 14.00 4.13
hero_birch_a 4.93 -1.58 1199.25 0.32 0.84 0 0 0 0.200 13.23 4.86
hero_pine_b 10.09 -1.55 1196.60 1.56 0.97 0 0 0 0.300 14.00 4.13
hero_spruce_b -60.41 3.82 1201.17 2.96 0.96 0 0 0 0.320 13.00 3.84
hero_pine_a -55.85 3.05 1203.52 3.73 0.88 0 0 0 0.340 17.00 4.12
hero_oak_c -49.71 2.35 1203.29 4.15 1.07 0 0 0 0.620 16.21 10.57
hero_spruce_b -43.91 1.56 1204.36 4.49 1.11 0 1 0 0.320 13.00 3.84
hero_spruce_a -19.87 -0.46 1202.22 5.93 1.00 0 1 0 0.380 16.00 3.90
hero_spruce_b -9.20 -1.35 1202.98 6.23 1.13 0 0 0 0.320 13.00 3.84
hero_spruce_c 1.11 -1.75 1203.20 5.80 1.08 0 0 0 0.420 19.00 3.91
hero_oak_a 5.05 -1.75 1201.96 1.68 0.98 0 0 0 0.550 13.74 8.57
hero_spruce_b 11.62 -1.86 1203.08 4.01 0.87 0 0 0 0.320 13.00 3.84
hero_spruce_c -65.25 3.26 1210.44 0.49 0.92 0 0 0 0.420 19.00 3.91
hero_spruce_a -63.44 2.96 1211.45 1.26 0.89 0 0 0 0.380 16.00 3.90
hero_spruce_c -57.46 2.78 1207.42 5.24 0.93 0 0 0 0.420 19.00 3.91
hero_spruce_b -47.11 1.19 1211.10 4.54 0.97 0 1 0 0.320 13.00 3.84
hero_pine_a -42.09 1.03 1207.09 1.51 0.93 0 1 0 0.340 17.00 4.12
hero_spruce_c -37.56 -0.18 1210.89 2.19 1.06 0 1 0 0.420 19.00 3.91
hero_pine_b -16.53 -1.21 1206.67 1.57 1.12 0 1 0 0.300 14.00 4.13
hero_oak_a -6.08 -1.81 1207.15 4.84 1.12 0 0 0 0.550 13.74 8.57
hero_oak_c 3.18 -2.22 1210.19 3.05 0.89 0 0 0 0.620 16.21 10.57
hero_spruce_c 9.74 -2.11 1207.99 0.59 0.84 0 0 0 0.420 19.00 3.91
hero_pine_a -73.44 3.44 1215.69 6.15 0.82 0 0 0 0.340 17.00 4.12
hero_pine_b -61.00 2.15 1216.10 0.85 1.11 0 0 0 0.300 14.00 4.13
hero_pine_a -56.56 1.71 1215.81 3.11 1.00 0 0 0 0.340 17.00 4.12
hero_oak_b -47.86 0.63 1216.93 5.77 1.04 0 1 0 0.480 10.11 6.89
hero_spruce_a -45.24 0.65 1214.11 0.93 1.03 0 1 0 0.380 16.00 3.90
hero_pine_a -36.97 -0.44 1212.62 5.99 1.10 0 1 0 0.340 17.00 4.12
hero_pine_b -11.88 -1.97 1212.61 6.16 0.90 0 1 0 0.300 14.00 4.13
hero_birch_b -5.14 -2.57 1217.34 5.01 0.84 0 0 0 0.220 14.31 7.20
hero_birch_b -2.13 -2.59 1216.63 0.61 0.97 0 0 0 0.220 14.31 7.20
hero_pine_b 2.65 -2.64 1216.63 5.76 0.95 0 0 0 0.300 14.00 4.13
hero_spruce_a 13.21 -2.45 1214.46 3.50 1.06 0 0 0 0.380 16.00 3.90
hero_pine_b -73.12 2.72 1221.47 4.08 1.12 0 0 0 0.300 14.00 4.13
hero_pine_b -66.49 1.91 1223.50 3.55 0.90 0 0 0 0.300 14.00 4.13
hero_spruce_c -63.38 1.77 1221.67 2.38 1.14 0 0 0 0.420 19.00 3.91
hero_oak_a -57.44 1.23 1220.93 1.65 1.10 0 0 0 0.550 13.74 8.57
hero_pine_a -50.91 0.45 1221.91 4.70 0.95 0 0 0 0.340 17.00 4.12
hero_spruce_a -39.15 -1.01 1223.43 3.74 1.01 0 1 0 0.380 16.00 3.90
hero_birch_a -12.34 -2.73 1222.38 4.28 0.92 0 1 0 0.200 13.23 4.86
hero_pine_a -7.26 -2.80 1220.99 2.56 1.01 0 0 0 0.340 17.00 4.12
hero_spruce_b -1.20 -2.92 1221.30 4.95 0.95 0 0 0 0.320 13.00 3.84
hero_birch_a 6.43 -2.85 1220.01 5.59 1.06 0 0 0 0.200 13.23 4.86
hero_spruce_a 11.56 -2.87 1221.79 5.03 1.05 0 0 0 0.380 16.00 3.90
hero_birch_b -71.20 2.12 1225.45 3.86 1.06 0 0 0 0.220 14.31 7.20
hero_pine_b -67.24 1.61 1226.90 3.66 0.89 0 0 0 0.300 14.00 4.13
hero_pine_a -60.55 1.18 1224.75 1.64 0.84 0 0 0 0.340 17.00 4.12
hero_spruce_c -56.80 0.49 1227.67 1.77 0.85 0 0 0 0.420 19.00 3.91
hero_spruce_b -40.94 -1.13 1226.93 4.25 1.05 0 1 0 0.320 13.00 3.84
hero_spruce_b -37.99 -1.31 1226.12 5.94 1.15 0 1 0 0.320 13.00 3.84
hero_spruce_b -23.27 -1.94 1227.96 6.15 1.00 0 1 0 0.320 13.00 3.84
hero_spruce_c -17.52 -2.74 1225.95 0.98 0.90 0 1 0 0.420 19.00 3.91
hero_oak_b -12.87 -3.05 1227.28 4.58 0.84 0 1 0 0.480 10.11 6.89
hero_spruce_c -8.24 -3.23 1227.65 2.83 0.90 0 0 0 0.420 19.00 3.91
hero_birch_b -2.88 -3.15 1224.85 3.36 1.07 0 0 0 0.220 14.31 7.20
hero_pine_b 4.69 -3.12 1224.62 5.74 0.86 0 0 0 0.300 14.00 4.13
hero_spruce_a 12.04 -3.23 1228.89 0.49 1.11 0 0 0 0.380 16.00 3.90
hero_birch_a -73.83 1.64 1232.35 5.82 0.83 0 0 0 0.200 13.23 4.86
hero_spruce_c -65.73 0.94 1232.07 2.37 0.90 0 0 0 0.420 19.00 3.91
hero_spruce_a -59.17 -0.01 1235.39 4.15 0.86 0 0 0 0.380 16.00 3.90
hero_spruce_b -54.19 -0.13 1230.96 0.77 1.12 0 0 0 0.320 13.00 3.84
hero_oak_a -50.23 -0.88 1235.16 2.83 0.92 0 1 0 0.550 13.74 8.57
hero_birch_b -43.55 -1.55 1235.14 1.75 1.09 0 1 0 0.220 14.31 7.20
hero_birch_b -37.30 -1.80 1233.74 5.54 0.89 0 1 0 0.220 14.31 7.20
hero_spruce_b -23.57 -2.19 1233.47 2.02 0.92 0 1 0 0.320 13.00 3.84
hero_spruce_c -18.10 -3.19 1232.35 4.83 1.12 0 1 0 0.420 19.00 3.91
hero_birch_a -11.26 -3.50 1232.95 5.32 1.04 0 1 0 0.200 13.23 4.86
hero_birch_a -5.89 -3.68 1234.75 0.47 0.82 0 0 0 0.200 13.23 4.86
hero_spruce_a 0.06 -3.66 1233.90 0.67 0.80 0 0 0 0.380 16.00 3.90
hero_spruce_b 4.04 -3.58 1232.72 5.02 0.92 0 0 0 0.320 13.00 3.84
hero_spruce_c 8.85 -3.59 1234.93 2.52 0.92 0 0 0 0.420 19.00 3.91
hero_oak_b -72.41 0.71 1240.94 1.83 0.82 0 0 0 0.480 10.11 6.89
hero_spruce_b -68.68 0.40 1240.70 1.03 1.00 0 0 0 0.320 13.00 3.84
hero_birch_b -58.86 -0.40 1239.44 2.94 0.99 0 0 0 0.220 14.31 7.20
hero_spruce_c -55.13 -0.62 1237.62 4.38 1.06 0 0 0 0.420 19.00 3.91
hero_spruce_b -49.44 -1.47 1241.46 0.56 1.03 0 1 0 0.320 13.00 3.84
hero_birch_a -45.42 -1.69 1239.20 0.82 1.15 0 1 0 0.200 13.23 4.86
hero_spruce_b -24.08 -2.30 1237.69 3.54 1.00 0 1 0 0.320 13.00 3.84
hero_spruce_c -21.27 -3.18 1240.40 5.77 0.80 0 1 0 0.420 19.00 3.91
hero_oak_a -15.32 -3.79 1240.24 1.48 1.14 0 1 0 0.550 13.74 8.57
hero_birch_b -8.06 -3.87 1238.34 3.87 1.13 0 0 0 0.220 14.31 7.20
hero_pine_b 0.41 -3.91 1238.72 3.91 0.95 0 0 0 0.300 14.00 4.13
hero_spruce_c 13.36 -3.66 1240.13 4.15 0.89 0 0 0 0.420 19.00 3.91
hero_oak_b -72.07 0.28 1245.27 4.77 1.13 0 0 0 0.480 10.11 6.89
hero_spruce_a -63.44 -0.53 1246.59 2.03 0.90 0 0 0 0.380 16.00 3.90
hero_spruce_a -53.14 -1.45 1246.38 6.05 0.90 0 0 0 0.380 16.00 3.90
hero_birch_a -46.64 -2.08 1246.70 0.18 1.14 0 1 0 0.200 13.23 4.86
hero_pine_a -41.97 -2.44 1246.72 0.98 1.06 0 1 0 0.340 17.00 4.12
hero_spruce_b -38.53 -2.37 1243.80 0.31 0.96 0 1 0 0.320 13.00 3.84
hero_spruce_c -22.68 -2.93 1243.25 4.18 1.03 0 1 0 0.420 19.00 3.91
hero_oak_c -20.14 -3.66 1243.96 1.36 0.81 0 1 0 0.620 16.21 10.57
hero_spruce_b -12.31 -4.10 1245.65 0.41 1.11 0 1 0 0.320 13.00 3.84
hero_pine_b -3.08 -4.22 1246.33 5.66 1.02 0 0 0 0.300 14.00 4.13
hero_spruce_b 4.82 -4.05 1243.94 4.88 0.95 0 0 0 0.320 13.00 3.84
hero_spruce_c 12.92 -3.81 1243.87 5.74 0.95 0 0 0 0.420 19.00 3.91
hero_oak_b -73.92 0.03 1250.19 0.29 1.12 0 0 0 0.480 10.11 6.89
hero_oak_b -64.58 -0.87 1253.02 1.23 0.90 0 0 0 0.480 10.11 6.89
hero_oak_a -55.08 -1.50 1249.79 1.85 0.98 0 0 0 0.550 13.74 8.57
hero_spruce_b -50.63 -1.84 1248.97 1.65 0.92 0 1 0 0.320 13.00 3.84
hero_spruce_a -43.92 -2.49 1250.71 4.32 0.84 0 1 0 0.380 16.00 3.90
hero_spruce_c -23.31 -2.97 1249.88 1.59 0.87 0 1 0 0.420 19.00 3.91
hero_birch_b -21.04 -3.70 1253.04 1.07 0.91 0 1 0 0.220 14.31 7.20
hero_birch_b -14.24 -4.26 1252.72 1.65 1.08 0 1 0 0.220 14.31 7.20
hero_oak_b -4.55 -4.30 1249.43 4.66 0.99 0 0 0 0.480 10.11 6.89
hero_oak_c 0.49 -4.37 1253.51 3.10 1.15 0 0 0 0.620 16.21 10.57
hero_oak_b 7.05 -4.17 1250.98 3.14 0.80 0 0 0 0.480 10.11 6.89
hero_spruce_a 9.92 -4.08 1249.52 3.34 1.05 0 0 0 0.380 16.00 3.90
hero_oak_b -73.89 -0.31 1255.30 3.09 0.87 0 0 0 0.480 10.11 6.89
hero_spruce_b -66.79 -0.95 1256.75 2.84 1.11 0 0 0 0.320 13.00 3.84
hero_pine_a -59.22 -1.53 1256.78 4.99 0.89 0 0 0 0.340 17.00 4.12
hero_oak_b -56.88 -1.62 1254.54 1.66 1.11 0 0 0 0.480 10.11 6.89
hero_oak_c -46.71 -2.54 1256.52 1.39 0.97 0 1 0 0.620 16.21 10.57
hero_oak_a -41.30 -2.90 1255.74 0.25 1.14 0 1 0 0.550 13.74 8.57
hero_spruce_a -24.21 -2.96 1258.44 0.92 1.02 0 1 0 0.380 16.00 3.90
hero_spruce_a -18.81 -4.15 1259.37 5.00 0.92 0 1 0 0.380 16.00 3.90
hero_pine_b -11.98 -4.38 1256.93 0.72 1.08 0 1 0 0.300 14.00 4.13
hero_pine_a -8.75 -4.43 1257.25 5.48 1.13 0 0 0 0.340 17.00 4.12
hero_spruce_c -3.35 -4.41 1254.85 5.22 1.03 0 0 0 0.420 19.00 3.91
hero_pine_b 3.48 -4.34 1255.54 0.55 0.95 0 0 0 0.300 14.00 4.13
hero_spruce_a 8.57 -4.25 1256.82 5.40 1.08 0 0 0 0.380 16.00 3.90
hero_birch_b -73.58 -0.84 1263.35 4.93 0.96 0 0 0 0.220 14.31 7.20
hero_oak_c -66.33 -1.35 1264.03 4.99 0.95 0 0 0 0.620 16.21 10.57
hero_pine_b -60.79 -1.74 1263.64 0.12 1.10 0 0 0 0.300 14.00 4.13
hero_oak_c -52.75 -2.27 1262.26 2.13 0.91 0 0 0 0.620 16.21 10.57
hero_oak_c -47.28 -2.70 1262.58 3.77 1.03 0 1 0 0.620 16.21 10.57
hero_birch_a -45.11 -2.87 1263.05 3.67 1.05 0 1 0 0.200 13.23 4.86
hero_spruce_a -39.49 -3.15 1264.07 3.41 1.04 0 1 0 0.380 16.00 3.90
hero_pine_a -16.57 -4.29 1264.66 1.29 1.11 0 1 0 0.340 17.00 4.12
hero_spruce_c -14.37 -4.35 1264.86 5.16 1.08 0 1 0 0.420 19.00 3.91
hero_pine_b -5.41 -4.46 1260.80 1.59 1.14 0 0 0 0.300 14.00 4.13
hero_birch_b -0.79 -4.42 1262.50 1.78 0.98 0 0 0 0.220 14.31 7.20
hero_oak_a 6.41 -4.32 1260.98 2.44 1.06 0 0 0 0.550 13.74 8.57
hero_oak_c 9.79 -4.23 1261.83 2.68 1.11 0 0 0 0.620 16.21 10.57
hero_spruce_a -74.24 -0.99 1266.73 1.62 1.10 0 0 0 0.380 16.00 3.90
hero_oak_c -68.52 -1.37 1267.83 2.93 0.84 0 0 0 0.620 16.21 10.57
hero_spruce_a -61.71 -1.91 1270.56 5.79 0.88 0 0 0 0.380 16.00 3.90
hero_birch_a -56.27 -2.19 1267.31 4.32 1.00 0 0 0 0.200 13.23 4.86
hero_pine_b -51.19 -2.54 1266.66 2.37 1.12 0 0 0 0.300 14.00 4.13
hero_pine_b -41.03 -3.19 1269.58 2.30 0.86 0 1 0 0.300 14.00 4.13
hero_oak_c -37.88 -3.16 1271.44 5.37 1.06 0 1 0 0.620 16.21 10.57
hero_spruce_a -17.01 -4.17 1271.38 0.59 1.02 0 1 0 0.380 16.00 3.90
hero_oak_b -6.63 -4.34 1270.92 2.94 1.05 0 0 0 0.480 10.11 6.89
hero_spruce_a -1.07 -4.30 1271.16 1.33 0.87 0 0 0 0.380 16.00 3.90
hero_pine_b 2.76 -4.29 1270.27 4.55 1.12 0 0 0 0.300 14.00 4.13
hero_oak_a 10.48 -4.12 1270.42 1.56 1.01 0 0 0 0.550 13.74 8.57
hero_birch_b -71.33 -1.62 1277.41 0.28 1.04 0 0 0 0.220 14.31 7.20
hero_oak_c -67.74 -1.65 1273.08 3.85 1.11 0 0 0 0.620 16.21 10.57
hero_spruce_c -62.56 -1.97 1273.53 3.60 1.06 0 0 0 0.420 19.00 3.91
hero_oak_a -55.90 -2.38 1274.69 5.28 0.87 0 0 0 0.550 13.74 8.57
hero_pine_a -47.63 -2.87 1274.66 4.65 0.85 0 1 0 0.340 17.00 4.12
hero_pine_a -44.81 -3.05 1277.21 5.17 0.95 0 1 0 0.340 17.00 4.12
hero_pine_a -39.28 -3.25 1273.90 4.24 1.07 0 1 0 0.340 17.00 4.12
hero_oak_c -10.73 -4.24 1273.91 1.35 0.97 0 1 0 0.620 16.21 10.57
hero_spruce_b -6.34 -4.24 1273.86 4.63 0.86 0 0 0 0.320 13.00 3.84
hero_oak_b -1.47 -4.28 1272.95 0.10 1.12 0 0 0 0.480 10.11 6.89
hero_spruce_a 2.66 -4.14 1275.09 2.21 0.81 0 0 0 0.380 16.00 3.90
hero_pine_a 13.40 -3.95 1274.32 6.18 0.94 0 0 0 0.340 17.00 4.12
hero_spruce_c -64.72 -2.06 1281.63 4.63 0.88 0 0 0 0.420 19.00 3.91
hero_birch_b -59.04 -2.33 1280.36 5.88 1.06 0 0 0 0.220 14.31 7.20
hero_spruce_a -55.23 -2.54 1280.99 2.42 1.05 0 0 0 0.380 16.00 3.90
hero_oak_b -50.40 -2.79 1282.02 4.27 1.13 0 0 0 0.480 10.11 6.89
hero_pine_a -23.27 -3.14 1283.35 4.03 0.85 0 1 0 0.340 17.00 4.12
hero_pine_b -18.43 -3.85 1278.97 6.07 0.81 0 1 0 0.300 14.00 4.13
hero_spruce_b -12.89 -3.94 1282.57 3.32 1.05 0 1 0 0.320 13.00 3.84
hero_spruce_c -6.03 -3.95 1282.26 5.22 0.90 0 0 0 0.420 19.00 3.91
hero_pine_a -0.17 -3.89 1283.00 0.93 0.83 0 0 0 0.340 17.00 4.12
hero_oak_c 6.84 -3.81 1283.22 5.95 1.12 0 0 0 0.620 16.21 10.57
hero_spruce_a 10.04 -3.83 1280.82 0.06 0.96 0 0 0 0.380 16.00 3.90
hero_pine_a -72.56 -1.94 1288.32 5.03 1.04 0 0 0 0.340 17.00 4.12
hero_oak_a -64.48 -2.26 1289.43 5.98 1.08 0 0 0 0.550 13.74 8.57
hero_pine_a -60.88 -2.36 1288.60 2.79 0.88 0 0 0 0.340 17.00 4.12
hero_birch_a -53.60 -2.63 1285.86 6.21 0.83 0 0 0 0.200 13.23 4.86
hero_spruce_b -51.22 -2.76 1288.72 3.79 1.01 0 0 0 0.320 13.00 3.84
hero_oak_b -40.64 -3.18 1285.65 1.76 0.98 0 1 0 0.480 10.11 6.89
hero_spruce_a -38.52 -3.18 1284.91 5.22 1.05 0 1 0 0.380 16.00 3.90
hero_birch_a -16.97 -3.58 1288.71 2.19 0.84 0 1 0 0.200 13.23 4.86
hero_oak_a -13.54 -3.70 1287.64 2.28 0.86 0 1 0 0.550 13.74 8.57
hero_spruce_c -9.33 -3.76 1286.49 4.35 0.88 0 1 0 0.420 19.00 3.91
hero_pine_a -1.92 -3.82 1285.27 2.39 1.10 0 0 0 0.340 17.00 4.12
hero_spruce_c 4.31 -3.66 1286.81 5.98 0.85 0 0 0 0.420 19.00 3.91
hero_birch_a 8.80 -3.55 1288.22 0.81 1.03 0 0 0 0.200 13.23 4.86
hero_pine_b -72.29 -2.12 1293.95 1.22 1.02 0 0 0 0.300 14.00 4.13
hero_birch_a -67.94 -2.26 1295.12 3.48 0.91 0 0 0 0.200 13.23 4.86
hero_pine_a -59.84 -2.50 1295.24 4.00 0.94 0 0 0 0.340 17.00 4.12
hero_spruce_a -55.07 -2.65 1294.53 0.09 1.14 0 0 0 0.380 16.00 3.90
hero_spruce_b -50.25 -2.79 1292.74 2.22 1.00 0 0 0 0.320 13.00 3.84
hero_spruce_c -44.97 -2.96 1292.27 5.83 1.09 0 1 0 0.420 19.00 3.91
hero_pine_a -36.05 -3.08 1293.03 1.01 1.10 0 1 0 0.340 17.00 4.12
hero_pine_a -22.58 -3.07 1293.83 2.34 0.85 0 1 0 0.340 17.00 4.12
hero_spruce_b -19.24 -3.27 1293.58 5.56 0.91 0 1 0 0.320 13.00 3.84
hero_spruce_b -12.88 -3.36 1294.79 5.50 1.00 0 1 0 0.320 13.00 3.84
hero_spruce_c -6.64 -3.48 1292.22 0.76 0.98 0 0 0 0.420 19.00 3.91
hero_spruce_c 9.28 -3.38 1291.25 0.73 1.02 0 0 0 0.420 19.00 3.91
hero_oak_b -72.96 -2.34 1301.39 5.07 1.10 0 0 0 0.480 10.11 6.89
hero_birch_b -64.59 -2.44 1299.02 1.74 1.06 0 0 0 0.220 14.31 7.20
hero_oak_c -56.22 -2.65 1300.34 3.56 1.09 0 0 0 0.620 16.21 10.57
hero_birch_a -51.05 -2.74 1299.35 3.09 0.87 0 0 0 0.200 13.23 4.86
hero_spruce_a -45.35 -2.88 1297.72 0.49 0.96 0 1 0 0.380 16.00 3.90
hero_pine_a -35.33 -2.96 1299.43 3.75 0.81 0 1 0 0.340 17.00 4.12
hero_pine_a -21.15 -3.04 1298.51 5.25 0.88 0 1 0 0.340 17.00 4.12
hero_spruce_b -12.70 -3.26 1296.52 1.28 0.87 0 1 0 0.320 13.00 3.84
hero_oak_b -6.52 -3.22 1296.97 0.50 0.91 0 0 0 0.480 10.11 6.89
hero_birch_b -1.96 -3.14 1297.88 1.17 1.05 0 0 0 0.220 14.31 7.20
hero_pine_a 5.41 -2.99 1298.89 1.62 0.83 0 0 0 0.340 17.00 4.12
hero_pine_b 10.67 -3.05 1296.80 0.28 0.86 0 0 0 0.300 14.00 4.13
hero_spruce_c 14.94 -2.90 1298.67 0.31 1.02 0 0 0 0.420 19.00 3.91
hero_spruce_a -71.72 -2.51 1307.17 5.04 0.93 0 0 0 0.380 16.00 3.90
hero_oak_a -68.43 -2.56 1307.47 3.41 1.05 0 0 0 0.550 13.74 8.57
hero_oak_a -59.75 -2.60 1304.03 5.03 0.89 0 0 0 0.550 13.74 8.57
hero_pine_a -55.42 -2.67 1306.24 4.24 0.85 0 0 0 0.340 17.00 4.12
hero_pine_a -43.18 -2.83 1303.37 0.40 0.88 0 1 0 0.340 17.00 4.12
hero_pine_a -38.98 -2.87 1303.50 5.58 0.84 0 1 0 0.340 17.00 4.12
hero_spruce_a -17.88 -2.78 1307.42 0.09 1.01 0 1 0 0.380 16.00 3.90
hero_spruce_b -13.73 -2.79 1305.86 6.27 1.07 0 1 0 0.320 13.00 3.84
hero_pine_b 0.79 -2.70 1305.03 3.65 1.09 0 0 0 0.300 14.00 4.13
hero_spruce_c 10.29 -2.65 1303.84 5.83 0.90 0 0 0 0.420 19.00 3.91
hero_pine_a 15.81 -2.56 1304.80 4.14 1.12 0 0 0 0.340 17.00 4.12
hero_spruce_c -71.04 -2.58 1309.71 2.04 0.90 0 0 0 0.420 19.00 3.91
hero_pine_a -68.32 -2.62 1310.65 6.01 0.82 0 0 0 0.340 17.00 4.12
hero_spruce_b -60.42 -2.68 1309.79 4.72 0.96 0 0 0 0.320 13.00 3.84
hero_spruce_b -56.27 -2.68 1309.06 0.33 0.82 0 0 0 0.320 13.00 3.84
hero_pine_a -49.01 -2.74 1312.65 6.17 0.89 0 0 0 0.340 17.00 4.12
hero_birch_b -45.00 -2.77 1310.46 5.47 1.14 0 1 0 0.220 14.31 7.20
hero_spruce_a -38.49 -2.76 1311.99 3.99 1.11 0 1 0 0.380 16.00 3.90
hero_oak_b -18.54 -2.73 1309.21 2.18 0.88 0 1 0 0.480 10.11 6.89
hero_oak_b -10.94 -2.53 1309.86 5.25 0.83 0 1 0 0.480 10.11 6.89
hero_birch_a -6.94 -2.34 1312.68 4.44 0.92 0 0 0 0.200 13.23 4.86
hero_spruce_a -0.02 -2.33 1311.35 0.30 1.07 0 0 0 0.380 16.00 3.90
hero_birch_a 4.20 -2.34 1310.39 2.06 1.08 0 0 0 0.200 13.23 4.86
hero_oak_b 9.28 -2.34 1309.69 4.84 1.13 0 0 0 0.480 10.11 6.89
hero_pine_b -65.18 -2.82 1318.37 5.47 0.87 0 0 0 0.300 14.00 4.13
hero_pine_b -62.10 -2.82 1318.31 3.93 0.98 0 0 0 0.300 14.00 4.13
hero_birch_a -52.71 -2.80 1318.62 5.46 1.08 0 0 0 0.200 13.23 4.86
hero_oak_b -46.63 -2.72 1318.97 0.21 0.86 0 1 0 0.480 10.11 6.89
hero_oak_a -41.57 -2.68 1317.40 4.90 0.89 0 1 0 0.550 13.74 8.57
hero_spruce_a -38.01 -2.64 1319.50 4.97 0.95 0 1 0 0.380 16.00 3.90
hero_pine_a -33.36 -2.77 1315.46 0.34 0.94 0 1 0 0.340 17.00 4.12
hero_pine_a -17.19 -2.47 1314.81 0.83 0.90 0 1 0 0.340 17.00 4.12
hero_oak_c -11.26 -2.12 1319.29 2.37 1.14 0 1 0 0.620 16.21 10.57
hero_pine_a -9.31 -2.12 1318.26 2.48 1.09 0 1 0 0.340 17.00 4.12
hero_spruce_a -1.31 -2.10 1315.45 0.20 0.85 0 0 0 0.380 16.00 3.90
hero_birch_b 3.46 -2.05 1315.23 4.74 0.86 0 0 0 0.220 14.31 7.20
hero_oak_b 10.13 -1.96 1315.64 3.10 0.86 0 0 0 0.480 10.11 6.89
hero_spruce_c 16.06 -1.84 1317.56 2.33 1.00 0 0 0 0.420 19.00 3.91
hero_pine_a -64.61 -2.90 1320.93 2.80 1.01 0 0 0 0.340 17.00 4.12
hero_oak_a -59.59 -2.93 1323.69 0.70 1.05 0 0 0 0.550 13.74 8.57
hero_spruce_b -53.35 -2.81 1320.48 5.93 0.95 0 0 0 0.320 13.00 3.84
hero_spruce_a -48.57 -2.78 1322.63 3.09 0.99 0 0 0 0.380 16.00 3.90
hero_pine_a -44.74 -2.73 1321.92 4.93 1.08 0 1 0 0.340 17.00 4.12
hero_spruce_b -35.47 -2.61 1322.78 2.52 0.88 0 1 0 0.320 13.00 3.84
hero_pine_b -32.83 -2.69 1323.65 0.24 0.85 0 1 0 0.300 14.00 4.13
hero_birch_b -19.69 -2.55 1324.50 2.52 1.14 0 1 0 0.220 14.31 7.20
hero_spruce_c -11.58 -2.01 1321.27 2.65 0.81 0 1 0 0.420 19.00 3.91
hero_spruce_c -5.83 -1.77 1325.10 0.72 1.10 0 0 0 0.420 19.00 3.91
hero_spruce_c 3.76 -1.71 1322.04 5.39 0.95 0 0 0 0.420 19.00 3.91
hero_oak_a 9.45 -1.70 1321.32 3.71 1.10 0 0 0 0.550 13.74 8.57
hero_spruce_b 15.37 -1.54 1323.80 0.01 1.06 0 0 0 0.320 13.00 3.84
hero_spruce_b -70.98 -3.23 1330.62 4.26 1.14 0 0 0 0.320 13.00 3.84
hero_spruce_b -67.84 -3.15 1329.97 4.92 0.81 0 0 0 0.320 13.00 3.84
hero_spruce_a -63.25 -3.11 1330.57 2.31 0.89 0 0 0 0.380 16.00 3.90
hero_spruce_c -54.60 -2.94 1328.44 5.93 0.93 0 0 0 0.420 19.00 3.91
hero_oak_a -47.05 -2.78 1327.74 3.51 0.90 0 0 0 0.550 13.74 8.57
hero_pine_a -43.74 -2.73 1328.10 2.68 1.13 0 1 0 0.340 17.00 4.12
hero_birch_a -39.14 -2.61 1326.88 6.17 1.00 0 1 0 0.200 13.23 4.86
hero_spruce_a -16.99 -2.09 1328.11 1.06 0.82 0 1 0 0.380 16.00 3.90
hero_spruce_a -12.68 -1.85 1327.67 2.64 1.06 0 1 0 0.380 16.00 3.90
hero_birch_a -9.12 -1.73 1328.70 0.67 1.12 0 1 0 0.200 13.23 4.86
hero_spruce_c -1.70 -1.57 1327.19 4.62 0.84 0 0 0 0.420 19.00 3.91
hero_oak_b 6.00 -1.38 1328.63 5.86 0.83 0 0 0 0.480 10.11 6.89
hero_spruce_c 11.88 -1.33 1329.07 5.91 1.03 0 0 0 0.420 19.00 3.91
hero_oak_b -69.08 -3.36 1335.78 0.22 1.12 0 0 0 0.480 10.11 6.89
hero_pine_a -62.83 -3.17 1333.10 4.92 0.85 0 0 0 0.340 17.00 4.12
hero_oak_b -54.15 -3.07 1334.43 3.40 1.12 0 0 0 0.480 10.11 6.89
hero_pine_b -51.26 -3.02 1335.66 0.08 1.14 0 0 0 0.300 14.00 4.13
hero_oak_a -44.07 -2.78 1334.12 5.71 0.95 0 1 0 0.550 13.74 8.57
hero_pine_b -37.26 -2.59 1337.38 5.44 0.88 0 1 0 0.300 14.00 4.13
hero_pine_a -18.37 -2.27 1337.36 3.91 1.11 0 1 0 0.340 17.00 4.12
hero_oak_a -12.81 -1.74 1333.00 0.07 1.06 0 1 0 0.550 13.74 8.57
hero_spruce_c -9.01 -1.59 1333.95 4.70 1.05 0 1 0 0.420 19.00 3.91
hero_pine_a 1.39 -1.32 1333.51 4.27 1.01 0 0 0 0.340 17.00 4.12
hero_oak_b 3.47 -1.29 1333.24 1.20 1.06 0 0 0 0.480 10.11 6.89
hero_spruce_b 10.85 -1.07 1337.38 2.37 0.91 0 0 0 0.320 13.00 3.84
hero_spruce_b -66.65 -3.52 1343.04 5.04 1.08 0 0 0 0.320 13.00 3.84
hero_pine_a -58.78 -3.33 1341.38 1.93 1.13 0 0 0 0.340 17.00 4.12
hero_spruce_a -54.82 -3.27 1343.31 4.83 0.93 0 0 0 0.380 16.00 3.90
hero_spruce_a -41.91 -2.78 1340.27 0.07 0.83 0 1 0 0.380 16.00 3.90
hero_spruce_c -35.38 -2.58 1338.62 4.94 0.97 0 1 0 0.420 19.00 3.91
hero_oak_a -12.66 -1.64 1338.52 0.32 0.83 0 1 0 0.550 13.74 8.57
hero_birch_a -9.10 -1.50 1339.10 6.10 0.92 0 1 0 0.200 13.23 4.86
hero_spruce_b -0.39 -1.23 1340.56 4.67 1.05 0 0 0 0.320 13.00 3.84
hero_spruce_c 11.63 -1.04 1338.92 4.19 0.96 0 0 0 0.420 19.00 3.91
hero_pine_b 15.72 -0.96 1342.56 3.37 0.97 0 0 0 0.300 14.00 4.13
hero_oak_a -68.50 -3.62 1345.97 1.27 1.10 0 0 0 0.550 13.74 8.57
hero_spruce_c -62.27 -3.54 1347.49 2.34 0.89 0 0 0 0.420 19.00 3.91
hero_oak_c -53.09 -3.31 1346.39 1.29 1.09 0 0 0 0.620 16.21 10.57
hero_spruce_a -46.99 -3.13 1347.80 3.58 0.97 0 0 0 0.380 16.00 3.90
hero_spruce_c -34.82 -2.69 1349.28 5.37 1.07 0 1 0 0.420 19.00 3.91
hero_birch_a -18.48 -2.28 1345.07 1.70 0.86 0 1 0 0.200 13.23 4.86
hero_spruce_a -12.92 -1.69 1348.18 5.78 1.08 0 1 0 0.380 16.00 3.90
hero_spruce_c -8.91 -1.48 1348.03 2.45 0.88 0 1 0 0.420 19.00 3.91
hero_pine_a 4.13 -1.08 1346.65 5.61 0.97 0 0 0 0.340 17.00 4.12
hero_pine_b 10.42 -0.99 1346.56 4.27 1.12 0 0 0 0.300 14.00 4.13
hero_spruce_a 14.51 -0.95 1348.28 2.94 1.08 0 0 0 0.380 16.00 3.90
hero_spruce_a -68.18 -3.74 1351.90 4.33 1.04 0 0 0 0.380 16.00 3.90
hero_birch_a -60.36 -3.63 1352.78 2.35 0.99 0 0 0 0.200 13.23 4.86
hero_spruce_b -57.16 -3.57 1353.10 3.81 1.00 0 0 0 0.320 13.00 3.84
hero_spruce_c -48.43 -3.33 1353.96 1.63 0.98 0 0 0 0.420 19.00 3.91
hero_pine_b -44.41 -3.17 1353.54 0.05 0.97 0 1 0 0.300 14.00 4.13
hero_oak_a -36.95 -2.84 1352.42 5.82 1.10 0 1 0 0.550 13.74 8.57
hero_spruce_b -12.76 -1.76 1353.63 0.63 1.09 0 1 0 0.320 13.00 3.84
hero_spruce_b -8.04 -1.51 1353.01 4.06 0.91 0 1 0 0.320 13.00 3.84
hero_pine_a 0.05 -1.20 1352.26 6.24 0.85 0 0 0 0.340 17.00 4.12
hero_oak_a 7.46 -1.08 1355.37 3.00 0.88 0 0 0 0.550 13.74 8.57
hero_pine_b 12.48 -0.98 1351.76 4.70 1.13 0 0 0 0.300 14.00 4.13
hero_oak_c -67.11 -3.83 1358.07 2.84 1.01 0 0 0 0.620 16.21 10.57
hero_birch_a -61.36 -3.75 1359.41 5.99 0.80 0 0 0 0.200 13.23 4.86
hero_spruce_c -52.52 -3.59 1359.83 5.11 1.05 0 0 0 0.420 19.00 3.91
hero_spruce_a -49.54 -3.43 1357.34 0.43 0.87 0 0 0 0.380 16.00 3.90
hero_oak_c -44.98 -3.36 1360.87 1.34 0.93 0 1 0 0.620 16.21 10.57
hero_birch_a -36.99 -2.99 1360.15 4.92 0.85 0 1 0 0.200 13.23 4.86
hero_spruce_c -16.98 -2.27 1360.92 3.19 1.15 0 1 0 0.420 19.00 3.91
hero_oak_b -11.27 -1.78 1358.97 2.79 0.95 0 1 0 0.480 10.11 6.89
hero_spruce_c -1.30 -1.47 1361.39 1.17 0.95 0 0 0 0.420 19.00 3.91
hero_birch_a 7.18 -1.14 1358.32 2.15 0.80 0 0 0 0.200 13.23 4.86
hero_spruce_a 10.90 -1.15 1360.00 1.20 1.11 0 0 0 0.380 16.00 3.90
hero_oak_b 18.13 -1.06 1358.59 2.24 0.91 0 0 0 0.480 10.11 6.89
hero_birch_a -68.97 -3.88 1363.25 0.39 0.96 0 0 0 0.200 13.23 4.86
hero_spruce_a -62.55 -3.84 1365.92 3.99 0.89 0 0 0 0.380 16.00 3.90
hero_pine_b -54.35 -3.73 1366.13 3.49 1.05 0 0 0 0.300 14.00 4.13
hero_oak_a -48.94 -3.60 1366.72 4.20 0.99 0 0 0 0.550 13.74 8.57
hero_birch_b -42.35 -3.38 1366.82 5.35 0.81 0 1 0 0.220 14.31 7.20
hero_spruce_a -39.07 -3.24 1366.18 0.34 0.92 0 1 0 0.380 16.00 3.90
hero_oak_b -19.77 -2.55 1364.67 3.70 1.08 0 1 0 0.480 10.11 6.89
hero_oak_a -14.95 -2.23 1366.49 2.61 0.94 0 1 0 0.550 13.74 8.57
hero_spruce_c -2.71 -1.70 1366.84 0.23 0.95 0 0 0 0.420 19.00 3.91
hero_spruce_c 3.82 -1.34 1362.54 4.41 0.87 0 0 0 0.420 19.00 3.91
hero_birch_a 9.25 -1.39 1366.63 0.18 0.93 0 0 0 0.200 13.23 4.86
hero_birch_b 17.72 -1.28 1365.29 3.92 1.10 0 0 0 0.220 14.31 7.20
hero_birch_a -64.98 -3.87 1368.51 4.86 1.00 0 0 0 0.200 13.23 4.86
hero_pine_a -60.11 -3.83 1369.71 0.78 0.90 0 0 0 0.340 17.00 4.12
hero_oak_c -53.41 -3.72 1368.57 4.57 0.88 0 0 0 0.620 16.21 10.57
hero_spruce_b -46.61 -3.61 1372.18 0.71 1.01 0 0 0 0.320 13.00 3.84
hero_oak_b -41.78 -3.46 1371.31 0.94 0.98 0 1 0 0.480 10.11 6.89
hero_spruce_a -34.72 -3.04 1372.58 5.71 0.89 0 1 0 0.380 16.00 3.90
hero_spruce_b -17.16 -2.47 1372.79 5.79 0.90 0 1 0 0.320 13.00 3.84
hero_spruce_b -13.30 -2.26 1370.53 3.90 0.88 0 1 0 0.320 13.00 3.84
hero_oak_a -6.60 -2.07 1372.80 5.57 0.83 0 1 0 0.550 13.74 8.57
hero_spruce_c 3.34 -1.81 1373.26 3.65 1.04 0 0 0 0.420 19.00 3.91
hero_birch_a 12.30 -1.44 1368.52 4.39 1.11 0 0 0 0.200 13.23 4.86
hero_pine_a -66.20 -3.79 1376.42 4.86 1.05 0 0 0 0.340 17.00 4.12
hero_pine_b -58.51 -3.78 1377.65 2.78 1.00 0 0 0 0.300 14.00 4.13
hero_spruce_b -53.28 -3.73 1377.69 3.34 0.90 0 0 0 0.320 13.00 3.84
hero_pine_b -50.62 -3.69 1377.24 2.27 0.81 0 0 0 0.300 14.00 4.13
hero_pine_a -45.39 -3.60 1377.77 5.02 0.81 0 1 0 0.340 17.00 4.12
hero_pine_b -35.46 -3.19 1376.17 4.92 0.81 0 1 0 0.300 14.00 4.13
hero_oak_c -32.47 -2.70 1379.27 2.43 1.07 0 1 0 0.620 16.21 10.57
hero_birch_b -17.73 -2.50 1374.82 4.77 0.87 0 1 0 0.220 14.31 7.20
hero_birch_a -13.12 -2.56 1378.82 5.71 1.02 0 1 0 0.200 13.23 4.86
hero_oak_c -6.82 -2.20 1375.64 4.61 0.83 0 1 0 0.620 16.21 10.57
hero_spruce_a 2.54 -1.98 1376.50 4.51 1.00 0 0 0 0.380 16.00 3.90
hero_spruce_a 11.02 -1.93 1378.18 1.72 0.98 0 0 0 0.380 16.00 3.90
hero_spruce_a 17.57 -1.74 1375.11 0.99 1.12 0 0 0 0.380 16.00 3.90
hero_spruce_a -64.72 -3.56 1384.58 1.50 1.05 0 0 0 0.380 16.00 3.90
hero_oak_b -59.43 -3.67 1383.28 3.45 1.10 0 0 0 0.480 10.11 6.89
hero_spruce_b -51.13 -3.67 1383.78 4.51 1.13 0 0 0 0.320 13.00 3.84
hero_spruce_a -42.22 -3.55 1381.05 6.13 0.95 0 1 0 0.380 16.00 3.90
hero_birch_a -38.49 -3.45 1385.02 0.65 0.94 0 1 0 0.200 13.23 4.86
hero_pine_b -31.63 -2.56 1382.67 3.75 1.10 0 1 0 0.300 14.00 4.13
hero_spruce_a -19.23 -2.49 1381.26 6.17 1.03 0 1 0 0.380 16.00 3.90
hero_birch_a -10.82 -2.65 1382.47 3.43 1.12 0 1 0 0.200 13.23 4.86
hero_birch_a -9.08 -2.52 1381.31 5.86 0.89 0 1 0 0.200 13.23 4.86
hero_oak_c -0.81 -2.30 1381.27 0.13 0.94 0 0 0 0.620 16.21 10.57
hero_birch_b 5.64 -2.31 1383.57 2.45 1.09 0 0 0 0.220 14.31 7.20
hero_pine_a 12.50 -2.17 1382.67 6.19 0.91 0 0 0 0.340 17.00 4.12
hero_birch_a 15.79 -2.30 1384.91 2.78 0.86 0 0 0 0.200 13.23 4.86
hero_oak_a -64.85 -3.24 1390.92 3.59 0.99 0 0 0 0.550 13.74 8.57
hero_birch_b -62.58 -3.29 1391.13 2.76 1.08 0 0 0 0.220 14.31 7.20
hero_oak_b -56.79 -3.50 1388.85 3.57 1.06 0 0 0 0.480 10.11 6.89
hero_oak_a -48.08 -3.51 1389.64 2.82 0.98 0 0 0 0.550 13.74 8.57
hero_oak_a -43.76 -3.53 1388.60 4.29 1.08 0 1 0 0.550 13.74 8.57
hero_pine_b -36.32 -3.34 1389.52 0.84 0.89 0 1 0 0.300 14.00 4.13
hero_spruce_c -32.49 -2.52 1390.76 5.60 0.98 0 1 0 0.420 19.00 3.91
hero_spruce_c -17.61 -2.63 1390.38 0.87 0.91 0 1 0 0.420 19.00 3.91
hero_spruce_c -11.64 -2.92 1389.67 0.27 1.07 0 1 0 0.420 19.00 3.91
hero_birch_b -7.71 -2.81 1388.70 2.18 1.13 0 1 0 0.220 14.31 7.20
hero_spruce_c -3.42 -2.61 1386.62 0.50 0.89 0 0 0 0.420 19.00 3.91
hero_spruce_a 5.94 -2.57 1388.59 4.65 0.89 0 0 0 0.380 16.00 3.90
hero_oak_a 10.28 -2.55 1388.95 5.79 0.85 0 0 0 0.550 13.74 8.57
hero_spruce_a 17.67 -2.42 1386.81 1.16 0.83 0 0 0 0.380 16.00 3.90
hero_pine_a -66.64 -2.99 1394.14 2.90 1.06 0 0 0 0.340 17.00 4.12
hero_birch_a -59.26 -3.09 1395.70 3.10 0.96 0 0 0 0.200 13.23 4.86
hero_oak_b -52.51 -3.15 1396.95 2.46 0.84 0 0 0 0.480 10.11 6.89
hero_pine_a -47.81 -3.28 1396.17 3.52 1.10 0 0 0 0.340 17.00 4.12
hero_spruce_c -40.92 -3.26 1397.08 4.19 0.83 0 1 0 0.420 19.00 3.91
hero_pine_b -17.66 -2.61 1397.03 3.52 1.08 0 1 0 0.300 14.00 4.13
hero_spruce_a -13.79 -3.05 1397.39 4.80 0.95 0 1 0 0.380 16.00 3.90
hero_pine_b -8.78 -2.95 1392.51 4.67 0.92 0 1 0 0.300 14.00 4.13
hero_pine_a 1.22 -2.96 1395.55 0.02 1.01 0 0 0 0.340 17.00 4.12
hero_oak_b 6.87 -3.04 1397.04 1.78 1.14 0 0 0 0.480 10.11 6.89
hero_oak_c 9.42 -2.86 1393.83 5.74 1.08 0 0 0 0.620 16.21 10.57
hero_spruce_c 15.12 -2.81 1392.92 3.87 0.94 0 0 0 0.420 19.00 3.91
hero_oak_a -65.00 -2.45 1401.60 1.91 0.93 0 0 0 0.550 13.74 8.57
hero_oak_a -62.13 -2.75 1399.47 3.32 1.04 0 0 0 0.550 13.74 8.57
hero_oak_a -53.19 -3.03 1398.91 5.53 0.94 0 0 0 0.550 13.74 8.57
hero_oak_c -49.29 -3.07 1399.72 2.64 1.05 0 0 0 0.620 16.21 10.57
hero_pine_b -41.27 -3.18 1399.07 3.41 0.82 0 1 0 0.300 14.00 4.13
hero_birch_b -37.00 -3.17 1398.70 3.15 1.11 0 1 0 0.220 14.31 7.20
hero_spruce_a -12.92 -3.10 1398.68 3.43 0.93 0 1 0 0.380 16.00 3.90
hero_birch_a -2.70 -3.17 1401.56 0.71 0.87 0 0 0 0.200 13.23 4.86
hero_oak_b 4.46 -3.10 1398.94 4.76 0.94 0 0 0 0.480 10.11 6.89
hero_pine_b 18.23 -3.46 1402.97 2.35 0.88 0 0 0 0.300 14.00 4.13
hero_pine_b -70.64 -1.64 1407.18 3.28 1.06 0 0 0 0.300 14.00 4.13
hero_birch_a -66.16 -1.90 1406.59 0.28 0.87 0 0 0 0.200 13.23 4.86
hero_pine_b -61.11 -2.20 1406.01 1.58 0.93 0 0 0 0.300 14.00 4.13
hero_spruce_c -54.02 -2.27 1408.24 4.57 0.94 0 0 0 0.420 19.00 3.91
hero_oak_b -50.04 -2.47 1407.56 4.96 0.86 0 0 0 0.480 10.11 6.89
hero_pine_b -42.93 -2.58 1408.87 1.70 0.90 0 1 0 0.300 14.00 4.13
hero_pine_a -38.68 -2.65 1408.98 2.99 1.10 0 1 0 0.340 17.00 4.12
hero_pine_b -19.78 -1.79 1406.50 6.11 0.98 0 1 0 0.300 14.00 4.13
hero_birch_b -11.50 -3.20 1407.92 3.67 0.99 0 1 0 0.220 14.31 7.20
hero_spruce_b -9.06 -3.21 1406.71 0.42 0.84 0 1 0 0.320 13.00 3.84
hero_spruce_a 1.42 -3.40 1407.75 6.14 1.14 0 0 0 0.380 16.00 3.90
hero_pine_b 3.67 -3.42 1408.68 0.39 0.81 0 0 0 0.300 14.00 4.13
hero_spruce_b 9.88 -3.45 1406.05 4.61 0.82 0 0 0 0.320 13.00 3.84
hero_spruce_a 15.59 -3.54 1405.56 4.59 0.89 0 0 0 0.380 16.00 3.90
hero_spruce_c -70.62 -0.92 1413.00 0.92 0.82 0 0 0 0.420 19.00 3.91
hero_spruce_b -68.94 -0.79 1414.90 5.39 0.98 0 0 0 0.320 13.00 3.84
hero_spruce_b -60.04 -1.29 1414.69 5.26 0.86 0 0 0 0.320 13.00 3.84
hero_spruce_a -53.39 -1.68 1414.40 1.10 1.14 0 0 0 0.380 16.00 3.90
hero_spruce_b -47.74 -1.88 1414.64 3.10 0.85 0 0 0 0.320 13.00 3.84
hero_pine_b -40.71 -2.42 1412.11 3.52 1.14 0 1 0 0.300 14.00 4.13
hero_birch_b -34.49 -1.73 1415.18 1.92 0.88 0 1 0 0.220 14.31 7.20
hero_spruce_b -33.17 -1.75 1410.61 5.52 0.89 0 1 0 0.320 13.00 3.84
hero_birch_a -19.47 -1.64 1411.95 2.98 0.92 0 1 0 0.200 13.23 4.86
hero_pine_b -12.50 -3.05 1414.66 3.72 1.06 0 1 0 0.300 14.00 4.13
hero_pine_a -9.27 -3.13 1415.26 2.32 0.84 0 1 0 0.340 17.00 4.12
hero_birch_b 0.06 -3.40 1410.48 3.24 1.02 0 0 0 0.220 14.31 7.20
hero_birch_a 5.65 -3.55 1411.71 0.73 0.94 0 0 0 0.200 13.23 4.86
hero_spruce_b 12.71 -3.77 1412.89 1.90 0.82 0 0 0 0.320 13.00 3.84
hero_spruce_a 15.18 -3.93 1414.73 2.89 1.11 0 0 0 0.380 16.00 3.90
hero_spruce_a -66.52 -0.13 1420.73 0.40 0.87 0 0 0 0.380 16.00 3.90
hero_birch_a -60.09 -0.97 1417.22 4.22 0.83 0 0 0 0.200 13.23 4.86
hero_spruce_c -54.48 -0.80 1420.98 0.19 0.97 0 0 0 0.420 19.00 3.91
hero_spruce_c -47.95 -1.54 1417.83 2.26 1.04 0 0 0 0.420 19.00 3.91
hero_spruce_b -42.56 -1.54 1420.25 5.17 1.13 0 1 0 0.320 13.00 3.84
hero_oak_a -37.69 -1.53 1421.17 5.75 0.93 0 1 0 0.550 13.74 8.57
hero_birch_a -19.79 -1.10 1418.97 5.61 0.85 0 1 0 0.200 13.23 4.86
hero_pine_b -14.39 -2.63 1421.34 5.70 0.97 0 1 0 0.300 14.00 4.13
hero_oak_c -8.25 -3.08 1418.71 6.19 0.91 0 1 0 0.620 16.21 10.57
hero_pine_b -0.05 -3.41 1419.07 4.72 1.14 0 0 0 0.300 14.00 4.13
hero_pine_b 6.13 -3.63 1420.48 4.80 0.83 0 0 0 0.300 14.00 4.13
hero_birch_b 12.40 -3.89 1418.53 2.27 0.85 0 0 0 0.220 14.31 7.20
hero_spruce_b 16.45 -4.12 1419.81 2.44 1.13 0 0 0 0.320 13.00 3.84
hero_spruce_c -65.60 0.81 1427.41 3.87 0.86 0 0 0 0.420 19.00 3.91
hero_spruce_b -56.52 0.12 1426.53 4.03 0.82 0 0 0 0.320 13.00 3.84
hero_spruce_c -48.75 -0.47 1425.97 3.10 1.10 0 0 0 0.420 19.00 3.91
hero_spruce_a -41.89 -1.10 1424.15 1.82 1.00 0 1 0 0.380 16.00 3.90
hero_oak_b -36.47 -1.30 1423.11 3.97 0.87 0 1 0 0.480 10.11 6.89
hero_spruce_b -16.72 -1.83 1427.14 3.34 0.91 0 1 0 0.320 13.00 3.84
hero_spruce_c -14.07 -2.58 1422.62 5.90 0.86 0 1 0 0.420 19.00 3.91
hero_spruce_b -7.49 -2.88 1424.91 5.74 1.15 0 1 0 0.320 13.00 3.84
hero_spruce_b -2.65 -3.17 1423.91 1.47 1.08 0 0 0 0.320 13.00 3.84
hero_birch_a 6.25 -3.58 1426.34 0.88 1.08 0 0 0 0.200 13.23 4.86
hero_oak_a 12.86 -3.96 1425.83 1.71 0.98 0 0 0 0.550 13.74 8.57
hero_birch_a 16.21 -4.14 1425.16 6.03 0.90 0 0 0 0.200 13.23 4.86
hero_birch_b -65.16 0.95 1428.49 3.84 0.89 0 0 0 0.220 14.31 7.20
hero_spruce_b -59.32 1.31 1433.15 2.52 1.11 0 0 0 0.320 13.00 3.84
hero_spruce_a -55.56 1.12 1433.52 6.22 1.13 0 0 0 0.380 16.00 3.90
hero_spruce_a -47.12 -0.17 1428.63 0.43 0.86 0 0 0 0.380 16.00 3.90
hero_spruce_c -42.67 -0.16 1430.56 5.83 0.80 0 1 0 0.420 19.00 3.91
hero_spruce_a -39.33 -0.53 1429.26 0.93 0.85 0 1 0 0.380 16.00 3.90
hero_spruce_a -17.18 -1.25 1431.97 0.55 1.11 0 1 0 0.380 16.00 3.90
hero_spruce_c -14.10 -1.83 1432.75 3.46 0.85 0 1 0 0.420 19.00 3.91
hero_pine_a -6.75 -2.59 1430.08 4.13 0.89 0 1 0 0.340 17.00 4.12
hero_oak_b -0.94 -3.06 1428.78 4.93 1.03 0 0 0 0.480 10.11 6.89
hero_oak_c 7.46 -3.52 1430.73 4.21 0.98 0 0 0 0.620 16.21 10.57
hero_spruce_c 11.96 -3.87 1429.32 2.05 1.09 0 0 0 0.420 19.00 3.91
hero_oak_c 14.49 -4.03 1428.82 4.71 0.95 0 0 0 0.620 16.21 10.57
hero_spruce_a -69.22 2.67 1437.34 2.21 0.83 0 0 0 0.380 16.00 3.90
hero_spruce_c -60.24 2.31 1438.67 4.98 1.06 0 0 0 0.420 19.00 3.91
hero_spruce_b -48.57 1.17 1436.62 5.38 0.95 0 0 0 0.320 13.00 3.84
hero_spruce_b -42.05 0.67 1436.50 4.35 1.08 0 1 0 0.320 13.00 3.84
hero_spruce_a -36.79 0.28 1435.27 2.30 0.90 0 1 0 0.380 16.00 3.90
hero_pine_b -17.25 -0.68 1437.07 5.74 0.91 0 1 0 0.300 14.00 4.13
hero_oak_a -15.25 -1.08 1439.06 5.62 1.07 0 1 0 0.550 13.74 8.57
hero_pine_a -7.60 -2.07 1435.92 1.82 0.88 0 1 0 0.340 17.00 4.12
hero_spruce_c -3.25 -2.48 1435.04 0.86 0.88 0 0 0 0.420 19.00 3.91
hero_spruce_b 6.94 -3.26 1435.35 5.71 0.81 0 0 0 0.320 13.00 3.84
hero_oak_b 12.79 -3.76 1434.54 3.55 0.89 0 0 0 0.480 10.11 6.89
hero_oak_a 17.26 -4.05 1436.83 6.08 1.13 0 0 0 0.550 13.74 8.57
hero_pine_b -68.06 3.62 1443.24 0.91 0.86 0 0 0 0.300 14.00 4.13
hero_spruce_c -60.15 2.81 1441.46 3.10 1.03 0 0 0 0.420 19.00 3.91
hero_birch_a -53.06 2.65 1443.21 3.85 0.90 0 0 0 0.200 13.23 4.86
hero_spruce_a -47.42 2.54 1444.90 3.32 0.88 0 0 0 0.380 16.00 3.90
hero_spruce_c -40.86 1.67 1442.92 2.74 0.90 0 1 0 0.420 19.00 3.91
hero_birch_a -36.67 1.14 1441.00 5.31 1.01 0 1 0 0.200 13.23 4.86
hero_pine_b -21.26 1.42 1443.65 6.17 0.97 0 1 0 0.300 14.00 4.13
hero_oak_c -14.55 -0.73 1442.48 1.12 1.04 0 1 0 0.620 16.21 10.57
hero_pine_b -4.58 -1.83 1441.22 3.48 1.04 0 0 0 0.300 14.00 4.13
hero_pine_b -3.11 -1.54 1445.22 1.78 1.02 0 0 0 0.300 14.00 4.13
hero_birch_a 9.77 -3.05 1442.87 4.66 1.03 0 0 0 0.200 13.23 4.86
hero_spruce_a -66.43 4.24 1447.42 4.30 1.06 0 0 0 0.380 16.00 3.90
hero_spruce_b -59.00 4.15 1449.36 0.83 1.14 0 0 0 0.320 13.00 3.84
hero_spruce_b -56.66 3.69 1447.58 0.24 0.98 0 0 0 0.320 13.00 3.84
hero_pine_b -51.51 3.39 1447.96 2.53 1.00 0 0 0 0.300 14.00 4.13
hero_spruce_b -36.82 2.81 1451.09 1.89 0.97 0 1 0 0.320 13.00 3.84
hero_oak_a -21.24 1.87 1447.35 4.77 1.06 0 1 0 0.550 13.74 8.57
hero_pine_a -13.99 0.34 1450.45 4.34 0.86 0 1 0 0.340 17.00 4.12
hero_oak_a -7.53 -0.62 1448.74 3.42 0.93 0 1 0 0.550 13.74 8.57
hero_oak_b 0.01 -1.19 1451.11 2.66 1.08 0 0 0 0.480 10.11 6.89
hero_spruce_a 4.73 -1.70 1451.26 3.14 0.93 0 0 0 0.380 16.00 3.90
hero_birch_b 8.67 -2.55 1447.63 5.21 1.13 0 0 0 0.220 14.31 7.20
hero_oak_a 16.51 -3.25 1448.81 5.91 0.88 0 0 0 0.550 13.74 8.57
hero_spruce_a -70.91 6.02 1456.25 0.90 0.82 0 0 0 0.380 16.00 3.90
hero_pine_b -65.78 5.91 1456.81 1.94 0.82 0 0 0 0.300 14.00 4.13
hero_birch_b -55.40 5.47 1457.49 3.57 0.96 0 0 0 0.220 14.31 7.20
hero_pine_a -46.50 4.14 1454.00 5.60 1.12 0 1 0 0.340 17.00 4.12
hero_pine_b -43.99 4.23 1455.34 1.58 0.82 0 1 0 0.300 14.00 4.13
hero_spruce_c -36.61 3.69 1456.38 4.15 1.06 0 1 0 0.420 19.00 3.91
hero_spruce_c -20.82 2.79 1454.58 4.21 1.14 0 1 0 0.420 19.00 3.91
hero_birch_b -13.27 0.99 1455.19 4.29 0.97 0 1 0 0.220 14.31 7.20
hero_spruce_b -1.17 -0.48 1455.27 1.49 0.97 0 0 0 0.320 13.00 3.84
hero_oak_a 6.92 -1.70 1453.62 6.11 1.14 0 0 0 0.550 13.74 8.57
hero_spruce_b 10.76 -2.20 1453.29 3.07 1.07 0 0 0 0.320 13.00 3.84
hero_spruce_b -67.20 6.56 1460.25 0.03 1.02 0 0 0 0.320 13.00 3.84
hero_oak_c -61.59 6.55 1461.58 2.71 1.08 0 0 0 0.620 16.21 10.57
hero_birch_b -53.96 5.75 1459.38 2.30 0.81 0 0 0 0.220 14.31 7.20
hero_birch_b -49.37 5.67 1460.66 2.71 0.92 0 0 0 0.220 14.31 7.20
hero_oak_c -40.97 4.89 1460.12 3.79 0.89 0 1 0 0.620 16.21 10.57
hero_spruce_a -36.43 4.76 1462.59 0.36 1.10 0 1 0 0.380 16.00 3.90
hero_spruce_c -21.31 3.83 1460.94 4.81 0.87 0 1 0 0.420 19.00 3.91
hero_oak_b -13.83 2.46 1463.25 3.88 0.89 0 1 0 0.480 10.11 6.89
hero_spruce_c -8.27 0.95 1458.82 1.13 1.10 0 1 0 0.420 19.00 3.91
hero_spruce_a 3.59 -0.05 1462.48 4.61 0.97 0 0 0 0.380 16.00 3.90
hero_spruce_b 10.08 -1.30 1459.86 5.11 0.86 0 0 0 0.320 13.00 3.84
hero_spruce_a -68.98 7.59 1466.10 2.02 1.06 0 0 0 0.380 16.00 3.90
hero_birch_a -62.02 7.65 1467.61 5.50 1.09 0 0 0 0.200 13.23 4.86
hero_spruce_a -56.78 7.54 1468.21 2.84 1.05 0 0 0 0.380 16.00 3.90
hero_oak_a -48.46 6.73 1466.59 0.36 1.11 0 0 0 0.550 13.74 8.57
hero_pine_a -41.76 6.54 1468.17 5.19 0.92 0 1 0 0.340 17.00 4.12
hero_oak_a -38.27 5.89 1467.07 2.15 0.80 0 1 0 0.550 13.74 8.57
hero_spruce_c -21.10 4.37 1464.73 4.55 0.95 0 1 0 0.420 19.00 3.91
hero_birch_a -14.45 3.12 1466.48 5.17 1.02 0 1 0 0.200 13.23 4.86
hero_pine_a -9.00 2.76 1468.63 5.51 1.05 0 1 0 0.340 17.00 4.12
hero_spruce_a -3.00 1.51 1466.44 1.21 1.11 0 0 0 0.380 16.00 3.90
hero_oak_a 2.67 0.84 1467.38 2.26 1.05 0 0 0 0.550 13.74 8.57
hero_spruce_c 9.37 0.04 1468.49 0.93 0.86 0 0 0 0.420 19.00 3.91
hero_spruce_b 15.18 -0.96 1467.56 1.24 0.96 0 0 0 0.320 13.00 3.84
hero_oak_c -65.43 9.00 1475.20 5.59 1.08 0 0 0 0.620 16.21 10.57
hero_pine_b -60.56 8.29 1471.62 1.36 1.14 0 0 0 0.300 14.00 4.13
hero_birch_a -56.21 8.46 1473.38 5.46 0.89 0 0 0 0.200 13.23 4.86
hero_birch_a -48.20 8.26 1474.56 5.34 0.88 0 0 0 0.200 13.23 4.86
hero_spruce_a -43.69 7.65 1473.08 0.41 0.99 0 1 0 0.380 16.00 3.90
hero_oak_a -37.09 6.84 1473.62 2.14 1.11 0 1 0 0.550 13.74 8.57
hero_spruce_a -17.72 4.82 1472.00 4.31 1.05 0 1 0 0.380 16.00 3.90
hero_oak_a -12.19 3.59 1470.71 4.18 1.08 0 1 0 0.550 13.74 8.57
hero_spruce_c -8.60 3.69 1474.06 5.93 1.15 0 1 0 0.420 19.00 3.91
hero_spruce_b -0.54 2.37 1473.36 1.23 0.82 0 0 0 0.320 13.00 3.84
hero_spruce_c 6.25 0.91 1470.97 5.91 0.86 0 0 0 0.420 19.00 3.91
hero_pine_a 11.13 0.14 1470.86 5.29 0.93 0 0 0 0.340 17.00 4.12
hero_birch_a -66.04 9.88 1480.91 1.38 0.97 0 0 0 0.200 13.23 4.86
hero_oak_a -52.97 9.50 1480.05 0.54 0.80 0 0 0 0.550 13.74 8.57
hero_pine_a -48.50 8.95 1478.22 5.80 0.88 0 0 0 0.340 17.00 4.12
hero_spruce_c -44.81 9.19 1480.83 1.19 0.87 0 1 0 0.420 19.00 3.91
hero_oak_b -38.30 7.71 1476.83 0.22 0.89 0 1 0 0.480 10.11 6.89
hero_birch_a -18.84 6.56 1480.22 4.19 1.05 0 1 0 0.200 13.23 4.86
hero_spruce_c -14.73 5.71 1479.85 1.42 1.03 0 1 0 0.420 19.00 3.91
hero_spruce_b -7.34 4.74 1480.52 1.51 0.91 0 0 0 0.320 13.00 3.84
hero_pine_b 0.27 2.84 1476.67 2.37 0.83 0 0 0 0.300 14.00 4.13
hero_birch_a 4.52 2.68 1479.73 4.63 1.03 0 0 0 0.200 13.23 4.86
hero_spruce_a 8.98 1.90 1479.33 4.63 0.86 0 0 0 0.380 16.00 3.90
hero_spruce_c -72.34 10.48 1486.28 3.68 0.97 0 0 0 0.420 19.00 3.91
hero_spruce_a -69.11 10.46 1485.52 5.38 1.10 0 0 0 0.380 16.00 3.90
hero_oak_a -59.24 10.66 1486.36 4.66 0.94 0 0 0 0.550 13.74 8.57
hero_birch_b -56.43 10.74 1487.12 1.21 0.97 0 0 0 0.220 14.31 7.20
hero_spruce_a -49.55 10.50 1486.91 2.03 0.88 0 0 0 0.380 16.00 3.90
hero_spruce_b -42.64 10.17 1487.23 3.84 1.00 0 1 0 0.320 13.00 3.84
hero_oak_c -36.49 8.58 1484.23 1.45 1.10 0 1 0 0.620 16.21 10.57
hero_oak_a -18.46 7.60 1486.56 5.22 0.90 0 1 0 0.550 13.74 8.57
hero_birch_b -15.38 6.79 1484.90 2.38 0.90 0 1 0 0.220 14.31 7.20
hero_spruce_a -5.03 5.47 1486.33 2.57 0.89 0 0 0 0.380 16.00 3.90
hero_pine_b -1.01 4.57 1485.14 1.42 1.13 0 0 0 0.300 14.00 4.13
hero_oak_c 13.42 2.45 1486.86 3.06 1.00 0 0 0 0.620 16.21 10.57
hero_spruce_b 16.26 1.73 1485.39 4.74 0.87 0 0 0 0.320 13.00 3.84
hero_spruce_c -71.74 10.83 1489.16 6.04 1.10 0 0 0 0.420 19.00 3.91
hero_pine_a -65.74 11.36 1491.92 0.71 1.06 0 0 0 0.340 17.00 4.12
hero_spruce_b -62.19 11.31 1491.08 2.80 1.09 0 0 0 0.320 13.00 3.84
hero_spruce_b -56.01 11.32 1490.97 2.17 0.80 0 0 0 0.320 13.00 3.84
hero_pine_a -47.02 10.83 1489.59 6.00 0.82 0 1 0 0.340 17.00 4.12
hero_pine_b -42.07 10.93 1491.92 3.84 0.97 0 1 0 0.300 14.00 4.13
hero_oak_b -39.45 10.10 1488.70 5.42 1.07 0 1 0 0.480 10.11 6.89
hero_pine_a -17.07 8.52 1493.10 0.65 1.03 0 1 0 0.340 17.00 4.12
hero_spruce_b -13.07 7.72 1491.63 6.17 0.85 0 1 0 0.320 13.00 3.84
hero_pine_a -8.86 6.94 1491.08 3.89 1.15 0 1 0 0.340 17.00 4.12
hero_birch_b 1.04 5.48 1491.97 4.65 1.11 0 0 0 0.220 14.31 7.20
hero_oak_b 6.56 4.36 1490.89 1.04 0.91 0 0 0 0.480 10.11 6.89
hero_spruce_a 10.21 3.46 1489.41 4.09 0.89 0 0 0 0.380 16.00 3.90
hero_oak_b -63.32 12.05 1497.14 2.55 0.99 0 0 0 0.480 10.11 6.89
hero_spruce_b -52.98 11.88 1495.45 4.78 1.12 0 0 0 0.320 13.00 3.84
hero_oak_a -49.28 12.18 1498.19 2.83 1.12 0 0 0 0.550 13.74 8.57
hero_pine_b -45.23 12.02 1497.92 5.48 0.96 0 1 0 0.300 14.00 4.13
hero_pine_b -35.94 10.45 1496.08 0.70 0.97 0 1 0 0.300 14.00 4.13
hero_birch_b -16.90 9.47 1498.83 4.34 1.00 0 1 0 0.220 14.31 7.20
hero_spruce_a -10.62 8.00 1495.24 0.54 0.84 0 1 0 0.380 16.00 3.90
hero_spruce_a -7.28 7.72 1496.62 2.57 0.88 0 0 0 0.380 16.00 3.90
hero_birch_a -1.63 7.12 1498.54 0.04 0.96 0 0 0 0.200 13.23 4.86
hero_pine_a 3.07 6.35 1498.85 5.64 1.14 0 0 0 0.340 17.00 4.12
hero_spruce_c 15.33 3.75 1496.19 2.46 1.02 0 0 0 0.420 19.00 3.91
hero_spruce_a -56.31 12.90 1503.38 5.76 1.01 0 0 0 0.380 16.00 3.90
hero_pine_b -47.74 12.66 1501.87 4.53 0.85 0 0 0 0.300 14.00 4.13
hero_birch_b -44.75 12.72 1503.03 4.64 0.85 0 1 0 0.220 14.31 7.20
hero_pine_b -35.99 11.29 1501.36 0.73 1.15 0 1 0 0.300 14.00 4.13
hero_pine_b -21.34 10.05 1501.93 1.33 0.85 0 1 0 0.300 14.00 4.13
hero_oak_a -14.59 9.67 1501.51 1.48 0.85 0 1 0 0.550 13.74 8.57
hero_spruce_c -5.67 8.81 1504.68 5.69 1.07 0 0 0 0.420 19.00 3.91
hero_pine_b -2.54 7.66 1500.85 5.68 1.01 0 0 0 0.300 14.00 4.13
hero_birch_a 6.78 6.74 1504.91 4.50 1.05 0 0 0 0.200 13.23 4.86
hero_oak_a 9.78 6.05 1503.87 3.53 0.98 0 0 0 0.550 13.74 8.57
hero_spruce_a -71.73 12.80 1510.30 2.15 0.88 0 0 0 0.380 16.00 3.90
hero_pine_a -68.31 13.09 1510.75 0.03 0.98 0 0 0 0.340 17.00 4.12
hero_oak_a -58.83 13.52 1509.94 2.88 0.90 0 0 0 0.550 13.74 8.57
hero_spruce_b -55.73 13.31 1507.11 5.60 1.04 0 0 0 0.320 13.00 3.84
hero_birch_b -49.31 13.36 1507.60 1.33 1.11 0 0 0 0.220 14.31 7.20
hero_birch_a -43.43 13.30 1507.95 0.59 0.85 0 1 0 0.200 13.23 4.86
hero_oak_a -35.53 12.02 1507.29 0.69 1.05 0 1 0 0.550 13.74 8.57
hero_pine_a -19.77 10.90 1508.19 3.44 1.12 0 1 0 0.340 17.00 4.12
hero_birch_a -14.39 10.92 1510.03 1.18 1.13 0 1 0 0.200 13.23 4.86
hero_oak_b -8.59 9.84 1508.14 4.06 0.87 0 1 0 0.480 10.11 6.89
hero_birch_a -1.33 8.56 1507.51 4.53 0.92 0 0 0 0.200 13.23 4.86
hero_pine_a 3.39 7.89 1508.42 5.91 1.13 0 0 0 0.340 17.00 4.12
hero_spruce_b 9.43 6.89 1508.61 2.53 0.83 0 0 0 0.320 13.00 3.84
hero_birch_b -64.91 13.77 1517.28 1.97 1.03 0 0 0 0.220 14.31 7.20
hero_spruce_a -61.92 13.65 1513.13 2.93 0.94 0 0 0 0.380 16.00 3.90
hero_spruce_c -55.10 13.86 1512.52 1.31 0.81 0 0 0 0.420 19.00 3.91
hero_pine_b -48.95 14.20 1515.68 5.16 0.84 0 0 0 0.300 14.00 4.13
hero_spruce_a -44.49 14.26 1517.07 4.51 1.11 0 1 0 0.380 16.00 3.90
hero_spruce_a -36.09 13.03 1512.70 3.31 0.88 0 1 0 0.380 16.00 3.90
hero_spruce_b -10.79 11.08 1514.76 5.12 1.08 0 1 0 0.320 13.00 3.84
hero_oak_c -8.75 10.61 1513.56 3.42 1.13 0 1 0 0.620 16.21 10.57
hero_oak_c 3.80 8.54 1513.08 2.28 0.89 0 0 0 0.620 16.21 10.57
hero_spruce_b 10.36 7.85 1516.20 5.62 0.93 0 0 0 0.320 13.00 3.84
hero_spruce_b -65.61 13.94 1521.00 4.35 1.01 0 0 0 0.320 13.00 3.84
hero_spruce_c -59.30 14.50 1523.44 1.87 0.87 0 0 0 0.420 19.00 3.91
hero_oak_b -56.39 14.51 1521.63 3.86 1.04 0 0 0 0.480 10.11 6.89
hero_pine_b -48.47 14.63 1520.93 5.20 0.94 0 0 0 0.300 14.00 4.13
hero_pine_a -44.82 14.61 1521.12 0.15 1.09 0 1 0 0.340 17.00 4.12
hero_spruce_a -37.15 14.12 1520.41 5.31 1.00 0 1 0 0.380 16.00 3.90
hero_birch_a -32.25 12.32 1521.66 1.32 0.99 0 1 0 0.200 13.23 4.86
hero_oak_a -15.32 12.55 1522.88 1.09 0.98 0 1 0 0.550 13.74 8.57
hero_birch_a -5.18 10.75 1518.81 0.84 1.12 0 0 0 0.200 13.23 4.86
hero_spruce_a -0.59 10.25 1520.39 4.45 0.95 0 0 0 0.380 16.00 3.90
hero_oak_c 7.04 8.93 1520.05 0.19 1.02 0 0 0 0.620 16.21 10.57
hero_pine_b 17.47 7.57 1523.40 0.52 0.89 0 0 0 0.300 14.00 4.13
hero_spruce_c -64.91 14.32 1527.68 3.99 1.06 0 0 0 0.420 19.00 3.91
hero_birch_b -53.86 14.78 1524.79 2.94 1.03 0 0 0 0.220 14.31 7.20
hero_oak_a -49.86 14.95 1525.99 3.13 0.99 0 0 0 0.550 13.74 8.57
hero_oak_b -42.35 14.83 1524.56 2.59 1.02 0 1 0 0.480 10.11 6.89
hero_spruce_a -35.16 14.38 1528.18 1.65 1.12 0 1 0 0.380 16.00 3.90
hero_birch_b -31.57 12.91 1529.23 0.82 1.12 0 1 0 0.220 14.31 7.20
hero_birch_a -18.33 12.54 1526.25 1.23 1.00 0 1 0 0.200 13.23 4.86
hero_spruce_c -11.38 12.70 1528.82 2.19 0.96 0 1 0 0.420 19.00 3.91
hero_oak_b -7.20 11.76 1524.91 1.47 0.91 0 1 0 0.480 10.11 6.89
hero_oak_c 0.12 10.85 1526.85 3.92 0.98 0 0 0 0.620 16.21 10.57
hero_oak_a 2.55 10.47 1526.87 6.10 0.88 0 0 0 0.550 13.74 8.57
hero_oak_a 9.32 9.40 1527.34 3.97 0.93 0 0 0 0.550 13.74 8.57
hero_spruce_a 15.91 7.98 1524.78 5.50 1.08 0 0 0 0.380 16.00 3.90
hero_spruce_c -68.58 14.12 1530.87 1.69 1.05 0 0 0 0.420 19.00 3.91
hero_spruce_b -60.42 14.94 1535.36 1.02 0.97 0 0 0 0.320 13.00 3.84
hero_spruce_a -55.56 15.06 1531.43 4.49 1.04 0 0 0 0.380 16.00 3.90
hero_birch_a -50.08 15.19 1530.52 1.69 0.98 0 0 0 0.200 13.23 4.86
hero_oak_c -44.80 15.35 1533.07 3.54 0.93 0 1 0 0.620 16.21 10.57
hero_oak_c -37.11 15.08 1531.21 1.46 0.99 0 1 0 0.620 16.21 10.57
hero_birch_b -4.83 12.29 1535.32 2.06 1.05 0 1 0 0.220 14.31 7.20
hero_oak_c -2.42 11.96 1535.44 0.64 0.97 0 0 0 0.620 16.21 10.57
hero_spruce_b 5.30 10.71 1534.52 6.09 1.07 0 0 0 0.320 13.00 3.84
hero_birch_a 10.40 9.97 1535.37 6.11 0.98 0 0 0 0.200 13.23 4.86
hero_pine_a -68.24 14.42 1540.11 0.35 0.91 0 0 0 0.340 17.00 4.12
hero_spruce_a -61.79 14.88 1536.52 6.06 0.87 0 0 0 0.380 16.00 3.90
hero_spruce_a -56.78 15.22 1538.28 0.93 1.04 0 0 0 0.380 16.00 3.90
hero_spruce_a -48.89 15.57 1540.80 6.03 0.95 0 0 0 0.380 16.00 3.90
hero_spruce_c -44.51 15.49 1536.79 1.50 1.02 0 0 0 0.420 19.00 3.91
hero_spruce_b -37.30 15.36 1536.49 3.96 0.97 0 1 0 0.320 13.00 3.84
hero_pine_b -30.43 13.64 1541.27 3.48 1.00 0 1 0 0.300 14.00 4.13
hero_birch_b -17.63 13.14 1540.84 0.94 1.11 0 1 0 0.220 14.31 7.20
hero_spruce_c -13.99 13.45 1541.42 4.77 0.98 0 1 0 0.420 19.00 3.91
hero_oak_b -9.12 13.05 1538.76 1.09 1.12 0 1 0 0.480 10.11 6.89
hero_spruce_c -2.96 12.30 1540.05 0.01 1.10 0 0 0 0.420 19.00 3.91
hero_pine_a 5.13 10.96 1537.82 4.53 1.12 0 0 0 0.340 17.00 4.12
hero_spruce_a 12.42 9.75 1536.83 2.15 1.06 0 0 0 0.380 16.00 3.90
hero_spruce_a 16.84 9.11 1537.46 1.66 0.82 0 0 0 0.380 16.00 3.90
hero_birch_b -63.47 14.94 1546.63 4.69 0.83 0 0 0 0.220 14.31 7.20
hero_pine_b -55.80 15.40 1545.69 2.46 1.06 0 0 0 0.300 14.00 4.13
hero_pine_a -48.40 15.62 1543.36 2.79 1.03 0 0 0 0.340 17.00 4.12
hero_oak_b -42.32 15.64 1543.16 4.34 0.96 0 1 0 0.480 10.11 6.89
hero_spruce_a -37.02 15.52 1542.84 0.39 1.04 0 1 0 0.380 16.00 3.90
hero_oak_b -29.79 13.57 1543.99 5.46 1.02 0 1 0 0.480 10.11 6.89
hero_birch_b -14.26 13.44 1542.76 5.05 1.06 0 1 0 0.220 14.31 7.20
hero_spruce_a -7.42 13.06 1543.27 4.67 0.82 0 1 0 0.380 16.00 3.90
hero_spruce_a 0.57 11.98 1544.00 2.73 1.06 0 0 0 0.380 16.00 3.90
hero_birch_a 3.73 11.55 1544.74 1.80 1.02 0 0 0 0.200 13.23 4.86
hero_spruce_a 12.12 10.20 1542.77 5.99 0.95 0 0 0 0.380 16.00 3.90
hero_spruce_b -59.05 15.24 1551.96 1.54 1.03 0 0 0 0.320 13.00 3.84
hero_oak_c -53.84 15.52 1550.40 3.99 0.87 0 0 0 0.620 16.21 10.57
hero_spruce_a -50.99 15.60 1553.01 2.63 0.95 0 0 0 0.380 16.00 3.90
hero_spruce_b -41.77 15.68 1553.26 2.82 0.86 0 1 0 0.320 13.00 3.84
hero_pine_a -39.45 15.64 1551.08 5.03 1.05 0 1 0 0.340 17.00 4.12
hero_oak_a -29.44 13.73 1550.71 2.12 0.95 0 1 0 0.550 13.74 8.57
hero_spruce_a -12.05 13.64 1552.91 5.21 1.11 0 1 0 0.380 16.00 3.90
hero_birch_a -6.87 13.16 1551.94 1.67 0.93 0 1 0 0.200 13.23 4.86
hero_oak_c -1.40 12.46 1551.68 4.26 0.83 0 0 0 0.620 16.21 10.57
hero_spruce_a 6.76 11.27 1548.89 3.31 0.80 0 0 0 0.380 16.00 3.90
hero_pine_b 11.83 10.59 1552.11 2.39 1.07 0 0 0 0.300 14.00 4.13
hero_spruce_b 17.48 9.65 1548.72 2.94 1.04 0 0 0 0.320 13.00 3.84
hero_pine_a -65.60 14.76 1557.77 1.25 0.84 0 0 0 0.340 17.00 4.12
hero_spruce_c -58.66 15.23 1556.57 1.99 1.09 0 0 0 0.420 19.00 3.91
hero_birch_a -53.12 15.50 1554.79 4.16 1.07 0 0 0 0.200 13.23 4.86
hero_oak_a -47.37 15.62 1557.98 0.68 0.80 0 0 0 0.550 13.74 8.57
hero_spruce_b -45.46 15.66 1555.06 1.45 0.92 0 0 0 0.320 13.00 3.84
hero_oak_a -36.64 15.54 1556.00 6.08 0.93 0 1 0 0.550 13.74 8.57
hero_pine_a -31.58 14.91 1555.66 2.86 1.10 0 1 0 0.340 17.00 4.12
hero_pine_a -10.59 13.47 1555.11 0.12 1.15 0 1 0 0.340 17.00 4.12
hero_spruce_c -7.66 13.23 1555.65 3.92 1.11 0 1 0 0.420 19.00 3.91
hero_spruce_a -3.10 12.67 1557.14 5.11 0.94 0 1 0 0.380 16.00 3.90
hero_spruce_a 10.05 10.91 1555.64 4.90 0.87 0 0 0 0.380 16.00 3.90
hero_spruce_a 18.51 9.67 1554.99 2.20 1.05 0 0 0 0.380 16.00 3.90
hero_birch_b 23.00 9.06 1557.27 5.56 1.12 0 0 0 0.220 14.31 7.20
hero_oak_a -63.14 14.86 1563.70 4.64 0.92 0 0 0 0.550 13.74 8.57
hero_pine_a -48.43 15.52 1560.86 4.67 1.03 0 0 0 0.340 17.00 4.12
hero_spruce_c -35.26 15.33 1561.73 3.92 1.01 0 1 0 0.420 19.00 3.91
hero_spruce_c -30.98 14.74 1561.26 5.13 1.01 0 1 0 0.420 19.00 3.91
hero_pine_a -27.09 13.29 1561.14 4.76 1.12 0 1 0 0.340 17.00 4.12
hero_pine_b -10.80 13.03 1565.50 5.03 0.89 0 1 0 0.300 14.00 4.13
hero_birch_a -7.68 13.15 1560.89 1.88 1.02 0 1 0 0.200 13.23 4.86
hero_oak_c 0.01 12.21 1560.98 6.15 1.07 0 0 0 0.620 16.21 10.57
hero_birch_b 4.84 11.54 1563.23 3.55 0.96 0 0 0 0.220 14.31 7.20
hero_spruce_a 12.10 10.58 1562.05 1.13 1.08 0 0 0 0.380 16.00 3.90
hero_birch_b 16.45 10.01 1561.35 3.90 0.97 0 0 0 0.220 14.31 7.20
hero_oak_c 22.37 9.21 1561.74 1.96 0.81 0 0 0 0.620 16.21 10.57
hero_spruce_a -61.40 14.75 1571.28 5.88 1.15 0 0 0 0.380 16.00 3.90
hero_birch_b -50.83 15.26 1568.41 6.20 0.93 0 0 0 0.220 14.31 7.20
hero_birch_b -45.40 15.33 1567.09 6.26 1.05 0 0 0 0.220 14.31 7.20
hero_spruce_c -28.73 13.93 1567.26 4.83 0.90 0 1 0 0.420 19.00 3.91
hero_spruce_b -7.86 12.87 1568.92 2.87 1.00 0 1 0 0.320 13.00 3.84
hero_oak_c -2.59 12.36 1566.58 4.02 1.08 0 1 0 0.620 16.21 10.57
hero_spruce_c 6.37 11.24 1567.45 5.39 0.81 0 0 0 0.420 19.00 3.91
hero_spruce_a 10.69 10.60 1568.89 3.71 1.10 0 0 0 0.380 16.00 3.90
hero_oak_c 15.59 10.04 1566.79 5.38 0.91 0 0 0 0.620 16.21 10.57
hero_pine_a -60.90 14.66 1575.03 6.25 1.02 0 0 0 0.340 17.00 4.12
hero_spruce_c -46.77 15.10 1572.60 1.10 0.99 0 0 0 0.420 19.00 3.91
hero_spruce_b -41.48 14.75 1577.51 4.03 1.02 0 0 0 0.320 13.00 3.84
hero_pine_b -38.77 14.79 1575.62 4.90 1.08 0 0 0 0.300 14.00 4.13
hero_pine_b -28.66 13.92 1577.01 2.93 1.07 0 1 0 0.300 14.00 4.13
hero_oak_b -8.46 12.53 1573.98 4.59 0.94 0 1 0 0.480 10.11 6.89
hero_oak_c 0.15 11.60 1575.44 0.78 0.83 0 1 0 0.620 16.21 10.57
hero_spruce_a 7.36 10.78 1574.47 3.61 0.92 0 0 0 0.380 16.00 3.90
hero_oak_c 24.12 8.77 1572.90 5.97 1.06 0 0 0 0.620 16.21 10.57
hero_spruce_c -62.57 14.22 1583.47 0.62 0.81 0 0 0 0.420 19.00 3.91
hero_oak_a -56.23 14.56 1580.53 5.92 1.11 0 0 0 0.550 13.74 8.57
hero_spruce_c -49.85 14.57 1582.03 0.68 0.92 0 0 0 0.420 19.00 3.91
hero_oak_a -41.35 14.59 1580.13 0.62 0.82 0 0 0 0.550 13.74 8.57
hero_spruce_c -35.25 14.24 1581.58 1.39 1.05 0 1 0 0.420 19.00 3.91
hero_pine_a -28.68 13.86 1579.75 4.74 1.04 0 1 0 0.340 17.00 4.12
hero_oak_b -24.13 12.13 1581.86 5.16 0.85 0 1 0 0.480 10.11 6.89
hero_oak_c -11.48 11.65 1580.29 1.12 0.99 0 1 0 0.620 16.21 10.57
hero_oak_c -6.20 11.71 1581.87 1.66 1.05 0 1 0 0.620 16.21 10.57
hero_birch_a 0.78 11.21 1579.92 5.21 0.91 0 1 0 0.200 13.23 4.86
hero_birch_b 2.56 11.05 1579.40 2.23 0.80 0 1 0 0.220 14.31 7.20
hero_spruce_c 9.68 9.94 1582.96 3.58 0.96 0 0 0 0.420 19.00 3.91
hero_spruce_c 14.62 9.34 1583.38 5.69 1.04 0 0 0 0.420 19.00 3.91
hero_spruce_c -53.63 14.25 1586.52 0.42 0.93 0 0 0 0.420 19.00 3.91
hero_spruce_a -47.39 14.23 1586.57 0.26 0.91 0 0 0 0.380 16.00 3.90
hero_pine_a -42.16 14.03 1587.53 1.91 0.98 0 0 0 0.340 17.00 4.12
hero_pine_b -37.59 13.87 1587.30 3.94 1.05 0 0 0 0.300 14.00 4.13
hero_pine_b -28.90 13.44 1586.81 5.77 0.81 0 1 0 0.300 14.00 4.13
hero_spruce_c -23.37 11.86 1587.00 0.39 1.01 0 1 0 0.420 19.00 3.91
hero_pine_a -9.24 11.15 1587.06 4.37 0.90 0 1 0 0.340 17.00 4.12
hero_spruce_c -1.60 10.69 1589.01 0.64 0.91 0 1 0 0.420 19.00 3.91
hero_spruce_a 7.39 9.78 1588.04 2.62 1.04 0 0 0 0.380 16.00 3.90
hero_spruce_b 8.51 9.57 1588.94 0.27 1.02 0 0 0 0.320 13.00 3.84
hero_spruce_b 15.77 8.83 1588.57 2.06 0.82 0 0 0 0.320 13.00 3.84
hero_spruce_c 21.35 8.17 1589.18 0.20 0.98 0 0 0 0.420 19.00 3.91
hero_spruce_c 26.78 7.72 1587.50 2.57 1.04 0 0 0 0.420 19.00 3.91
hero_oak_c -60.78 13.83 1590.60 5.67 1.07 0 0 0 0.620 16.21 10.57
hero_pine_b -54.02 13.86 1591.73 5.18 0.97 0 0 0 0.300 14.00 4.13
hero_oak_b -49.65 13.78 1592.70 4.53 0.80 0 0 0 0.480 10.11 6.89
hero_pine_b -41.70 13.40 1594.45 1.51 0.89 0 0 0 0.300 14.00 4.13
hero_spruce_b -34.55 13.27 1592.11 3.16 1.07 0 1 0 0.320 13.00 3.84
hero_spruce_b -32.84 12.95 1594.23 4.86 1.13 0 1 0 0.320 13.00 3.84
hero_spruce_b -24.38 11.83 1595.05 1.19 1.07 0 1 0 0.320 13.00 3.84
hero_spruce_a -4.76 10.74 1591.15 3.38 0.86 0 1 0 0.380 16.00 3.90
hero_oak_b -3.31 10.47 1592.74 3.69 1.11 0 1 0 0.480 10.11 6.89
hero_spruce_a 10.58 9.01 1592.77 1.19 0.82 0 0 0 0.380 16.00 3.90
hero_pine_b 14.97 8.36 1594.55 3.60 0.95 0 0 0 0.300 14.00 4.13
hero_spruce_c 24.50 7.40 1594.93 5.63 0.82 0 0 0 0.420 19.00 3.91
hero_spruce_a -48.41 13.33 1597.32 0.83 0.84 0 0 0 0.380 16.00 3.90
hero_pine_b -44.97 12.98 1599.59 1.39 1.08 0 0 0 0.300 14.00 4.13
hero_oak_b -37.39 12.72 1599.11 3.29 0.82 0 0 0 0.480 10.11 6.89
hero_spruce_c -32.19 12.18 1600.90 2.94 0.91 0 1 0 0.420 19.00 3.91
hero_spruce_b -24.62 11.47 1600.92 4.70 1.05 0 1 0 0.320 13.00 3.84
hero_spruce_a -20.59 10.40 1597.19 0.76 0.99 0 1 0 0.380 16.00 3.90
hero_spruce_a -7.61 9.73 1598.55 0.74 1.08 0 1 0 0.380 16.00 3.90
hero_pine_a 0.54 9.27 1600.01 0.60 1.02 0 1 0 0.340 17.00 4.12
hero_oak_b 5.62 9.03 1597.55 5.23 0.92 0 1 0 0.480 10.11 6.89
hero_spruce_b 11.55 8.50 1596.79 1.27 0.88 0 0 0 0.320 13.00 3.84
hero_oak_c 16.09 7.86 1598.60 4.82 0.82 0 0 0 0.620 16.21 10.57
hero_spruce_c 23.35 7.33 1596.61 0.96 1.09 0 0 0 0.420 19.00 3.91
hero_spruce_b 26.61 7.02 1596.91 2.51 0.92 0 0 0 0.320 13.00 3.84
hero_oak_a -53.81 12.83 1603.27 2.55 0.83 0 0 0 0.550 13.74 8.57
hero_pine_a -51.17 12.57 1605.26 2.77 0.82 0 0 0 0.340 17.00 4.12
hero_birch_b -41.71 11.98 1607.13 1.05 1.06 0 0 0 0.220 14.31 7.20
hero_spruce_a -37.52 11.97 1605.51 2.04 0.83 0 0 0 0.380 16.00 3.90
hero_spruce_c -31.98 11.47 1606.60 3.72 0.86 0 1 0 0.420 19.00 3.91
hero_pine_b -27.33 11.43 1603.98 4.49 1.04 0 1 0 0.300 14.00 4.13
hero_spruce_b -2.92 8.70 1606.27 3.33 0.98 0 1 0 0.320 13.00 3.84
hero_spruce_b 5.70 8.09 1605.38 3.00 1.08 0 1 0 0.320 13.00 3.84
hero_birch_a 12.06 7.34 1606.50 1.86 1.05 0 0 0 0.200 13.23 4.86
hero_oak_a 14.87 7.05 1606.85 2.72 0.97 0 0 0 0.550 13.74 8.57
hero_oak_c 22.38 6.85 1602.58 2.88 1.00 0 0 0 0.620 16.21 10.57
hero_birch_a 28.77 6.08 1605.03 0.40 0.94 0 0 0 0.200 13.23 4.86
hero_pine_b -55.86 12.23 1608.94 4.76 0.95 0 0 0 0.300 14.00 4.13
hero_birch_a -48.79 12.04 1609.12 4.93 1.05 0 0 0 0.200 13.23 4.86
hero_pine_b -40.61 11.77 1608.51 0.77 0.88 0 0 0 0.300 14.00 4.13
hero_spruce_c -31.38 10.86 1610.70 4.52 0.98 0 1 0 0.420 19.00 3.91
hero_pine_a -23.68 9.93 1612.46 3.11 1.02 0 1 0 0.340 17.00 4.12
hero_spruce_c -19.45 9.21 1609.57 5.42 0.86 0 1 0 0.420 19.00 3.91
hero_spruce_a -5.15 7.78 1612.48 3.00 1.06 0 1 0 0.380 16.00 3.90
hero_pine_a 3.20 7.49 1611.84 2.60 1.09 0 1 0 0.340 17.00 4.12
hero_spruce_c 10.49 6.97 1610.60 3.02 1.14 0 0 0 0.420 19.00 3.91
hero_pine_b 16.75 6.27 1612.09 2.70 0.93 0 0 0 0.300 14.00 4.13
hero_birch_b 23.02 6.13 1608.79 2.47 1.03 0 0 0 0.220 14.31 7.20
hero_birch_b 27.73 5.40 1612.42 2.30 0.89 0 0 0 0.220 14.31 7.20
hero_oak_b -55.11 11.19 1617.32 3.86 0.93 0 0 0 0.480 10.11 6.89
hero_pine_b -47.94 11.05 1616.66 1.77 0.95 0 0 0 0.300 14.00 4.13
hero_spruce_c -35.75 10.16 1617.85 2.60 0.96 0 0 0 0.420 19.00 3.91
hero_pine_a -31.45 10.02 1616.67 0.41 0.91 0 0 0 0.340 17.00 4.12
hero_pine_a -23.31 9.56 1614.77 2.87 0.80 0 1 0 0.340 17.00 4.12
hero_spruce_a -20.85 8.63 1618.89 4.05 0.95 0 1 0 0.380 16.00 3.90
hero_pine_a 5.12 6.84 1615.40 0.82 0.92 0 1 0 0.340 17.00 4.12
hero_spruce_b 12.40 5.69 1619.16 3.62 0.97 0 0 0 0.320 13.00 3.84
hero_spruce_a 19.27 5.25 1618.55 4.45 0.99 0 0 0 0.380 16.00 3.90
hero_spruce_b 22.01 5.16 1617.78 0.88 1.03 0 0 0 0.320 13.00 3.84
hero_oak_b 30.24 4.64 1617.85 3.16 0.91 0 0 0 0.480 10.11 6.89
hero_pine_a 33.12 4.70 1615.62 3.55 1.12 0 0 0 0.340 17.00 4.12
hero_oak_a -53.94 10.51 1621.91 3.88 1.06 0 0 0 0.550 13.74 8.57
hero_birch_a -49.06 10.41 1621.47 3.09 0.89 0 0 0 0.200 13.23 4.86
hero_spruce_c -44.83 9.62 1625.14 2.63 1.05 0 0 0 0.420 19.00 3.91
hero_spruce_c -37.27 9.55 1622.57 1.68 0.90 0 0 0 0.420 19.00 3.91
hero_spruce_b -31.98 9.05 1623.06 2.43 1.15 0 0 0 0.320 13.00 3.84
hero_oak_a -27.07 8.32 1625.16 4.74 0.86 0 1 0 0.550 13.74 8.57
hero_spruce_b -18.97 7.45 1624.86 0.31 0.80 0 1 0 0.320 13.00 3.84
hero_pine_b 1.19 6.24 1621.67 2.10 1.04 0 1 0 0.300 14.00 4.13
hero_pine_b 5.19 5.46 1624.73 1.33 1.05 0 1 0 0.300 14.00 4.13
hero_pine_b 11.62 5.43 1621.40 6.19 1.06 0 0 0 0.300 14.00 4.13
hero_pine_a 18.41 4.59 1624.15 1.90 0.88 0 0 0 0.340 17.00 4.12
hero_oak_c 36.05 3.77 1623.25 4.61 0.89 0 0 0 0.620 16.21 10.57
hero_oak_c -49.97 9.61 1626.84 2.89 1.12 0 0 0 0.620 16.21 10.57
hero_pine_b -43.67 8.88 1629.40 5.59 0.94 0 0 0 0.300 14.00 4.13
hero_birch_a -38.94 8.86 1627.50 5.31 1.05 0 0 0 0.200 13.23 4.86
hero_birch_a -30.88 8.39 1626.67 5.13 0.90 0 0 0 0.200 13.23 4.86
hero_oak_a -24.06 7.39 1629.11 2.89 0.85 0 1 0 0.550 13.74 8.57
hero_spruce_b -18.12 6.90 1627.01 1.36 0.90 0 1 0 0.320 13.00 3.84
hero_spruce_a 0.02 5.38 1627.68 2.72 0.85 0 1 0 0.380 16.00 3.90
hero_spruce_c 12.90 4.54 1626.91 5.23 1.12 0 0 0 0.420 19.00 3.91
hero_spruce_c 15.06 4.09 1629.15 5.85 0.93 0 0 0 0.420 19.00 3.91
hero_spruce_c 26.97 3.16 1631.49 5.12 0.81 0 0 0 0.420 19.00 3.91
hero_spruce_b 37.35 3.22 1627.82 0.83 0.94 0 0 0 0.320 13.00 3.84
hero_oak_b -50.55 8.59 1633.24 4.57 1.12 0 0 0 0.480 10.11 6.89
hero_birch_a -41.96 8.05 1633.54 5.48 0.99 0 0 0 0.200 13.23 4.86
hero_oak_a -32.30 7.40 1632.98 5.45 1.14 0 0 0 0.550 13.74 8.57
hero_birch_b -23.89 6.11 1636.14 1.28 1.01 0 1 0 0.220 14.31 7.20
hero_oak_b -20.45 6.23 1633.80 0.68 0.97 0 1 0 0.480 10.11 6.89
hero_spruce_a -14.82 4.70 1637.48 3.44 1.14 0 1 0 0.380 16.00 3.90
hero_birch_b -0.84 4.30 1634.13 0.84 0.86 0 1 0 0.220 14.31 7.20
hero_birch_a 19.51 3.26 1633.03 4.39 1.11 0 0 0 0.200 13.23 4.86
hero_pine_b 24.26 2.86 1634.42 1.69 0.93 0 0 0 0.300 14.00 4.13
hero_spruce_b 30.29 2.63 1634.46 2.48 1.11 0 0 0 0.320 13.00 3.84
hero_pine_a 32.68 2.80 1632.54 1.47 1.04 0 0 0 0.340 17.00 4.12
hero_pine_a -47.34 6.82 1642.22 1.76 1.00 0 0 0 0.340 17.00 4.12
hero_pine_b -40.90 6.37 1642.24 5.67 1.14 0 0 0 0.300 14.00 4.13
hero_pine_b -35.14 5.96 1642.15 3.48 0.89 0 0 0 0.300 14.00 4.13
hero_oak_b -29.04 5.67 1641.00 4.64 0.88 0 0 0 0.480 10.11 6.89
hero_spruce_b -25.70 5.37 1641.00 5.99 0.98 0 1 0 0.320 13.00 3.84
hero_birch_b -20.07 4.57 1642.52 4.92 1.11 0 1 0 0.220 14.31 7.20
hero_oak_c -13.86 4.10 1640.04 4.81 1.04 0 1 0 0.620 16.21 10.57
hero_oak_b 7.50 2.91 1639.78 2.06 0.90 0 1 0 0.480 10.11 6.89
hero_birch_b 9.56 2.93 1638.82 0.07 1.06 0 1 0 0.220 14.31 7.20
hero_birch_a 19.31 2.06 1641.34 2.66 0.95 0 0 0 0.200 13.23 4.86
hero_pine_a 23.02 2.19 1639.57 4.10 0.88 0 0 0 0.340 17.00 4.12
hero_oak_b 28.21 1.58 1642.84 1.67 0.96 0 0 0 0.480 10.11 6.89
hero_spruce_b 37.31 1.42 1643.39 3.27 0.95 0 0 0 0.320 13.00 3.84
hero_spruce_a 39.81 1.42 1643.33 1.95 0.94 0 0 0 0.380 16.00 3.90
hero_pine_a -48.82 5.90 1647.51 1.18 0.92 0 0 0 0.340 17.00 4.12
hero_spruce_c -36.23 5.48 1645.17 5.61 0.83 0 0 0 0.420 19.00 3.91
hero_spruce_b -32.42 4.87 1646.59 3.95 0.97 0 0 0 0.320 13.00 3.84
hero_oak_b -24.33 4.10 1646.93 3.13 1.04 0 1 0 0.480 10.11 6.89
hero_pine_a -21.22 4.20 1644.98 3.18 1.08 0 1 0 0.340 17.00 4.12
hero_oak_a 15.69 1.48 1645.93 4.18 0.90 0 1 0 0.550 13.74 8.57
hero_spruce_c 21.14 1.35 1645.48 3.98 1.07 0 0 0 0.420 19.00 3.91
hero_spruce_a 28.89 1.13 1645.96 1.52 1.02 0 0 0 0.380 16.00 3.90
hero_oak_a 33.61 0.76 1648.51 5.18 1.04 0 0 0 0.550 13.74 8.57
hero_spruce_c 39.29 1.02 1646.78 0.75 0.82 0 0 0 0.420 19.00 3.91
hero_oak_a -43.39 4.76 1651.36 4.68 1.07 0 0 0 0.550 13.74 8.57
hero_pine_a -37.76 4.49 1650.70 0.63 0.91 0 0 0 0.340 17.00 4.12
hero_spruce_a -24.34 2.60 1654.47 1.23 0.94 0 0 0 0.380 16.00 3.90
hero_pine_a -17.60 2.44 1652.34 0.37 1.11 0 1 0 0.340 17.00 4.12
hero_oak_b -10.50 1.40 1653.54 0.06 1.05 0 1 0 0.480 10.11 6.89
hero_oak_a -9.07 1.26 1653.77 0.23 0.83 0 1 0 0.550 13.74 8.57
hero_spruce_a 6.75 1.02 1651.23 6.11 0.82 0 1 0 0.380 16.00 3.90
hero_spruce_c 11.56 0.12 1654.92 4.27 1.00 0 1 0 0.420 19.00 3.91
hero_pine_b 19.44 -0.05 1654.77 1.18 0.85 0 0 0 0.300 14.00 4.13
hero_pine_b 23.91 0.35 1651.81 1.73 0.90 0 0 0 0.300 14.00 4.13
hero_pine_a 37.20 0.52 1650.63 5.58 0.91 0 0 0 0.340 17.00 4.12
hero_spruce_a 40.74 0.46 1651.59 2.21 0.91 0 0 0 0.380 16.00 3.90
hero_spruce_a -43.07 3.24 1658.78 0.98 0.85 0 0 0 0.380 16.00 3.90
hero_pine_b -36.57 2.94 1657.76 5.84 0.99 0 0 0 0.300 14.00 4.13
hero_oak_a -29.65 2.08 1659.13 5.23 1.03 0 0 0 0.550 13.74 8.57
hero_birch_b -25.30 1.77 1658.92 5.76 0.92 0 0 0 0.220 14.31 7.20
hero_pine_a -17.32 0.84 1660.22 3.29 0.94 0 1 0 0.340 17.00 4.12
hero_oak_a -14.25 1.15 1657.19 2.50 1.02 0 1 0 0.550 13.74 8.57
hero_birch_b 6.71 -0.38 1659.08 3.97 0.97 0 1 0 0.220 14.31 7.20
hero_spruce_c 10.04 -0.39 1658.15 1.32 0.99 0 1 0 0.420 19.00 3.91
hero_spruce_c 16.13 -0.61 1658.54 2.97 0.80 0 1 0 0.420 19.00 3.91
hero_oak_b 24.96 -1.09 1661.04 2.04 1.03 0 0 0 0.480 10.11 6.89
hero_birch_a 27.55 -0.58 1657.82 3.51 1.01 0 0 0 0.200 13.23 4.86
hero_spruce_c 36.47 -0.29 1656.64 0.21 1.08 0 0 0 0.420 19.00 3.91
hero_oak_b 40.31 -0.26 1657.15 3.00 1.07 0 0 0 0.480 10.11 6.89
hero_birch_a -40.93 2.08 1663.50 1.57 0.96 0 0 0 0.200 13.23 4.86
hero_birch_a -39.39 1.89 1663.80 0.28 1.00 0 0 0 0.200 13.23 4.86
hero_birch_b -29.66 0.85 1665.07 2.84 0.86 0 0 0 0.220 14.31 7.20
hero_birch_b -22.67 0.70 1662.93 1.06 1.04 0 0 0 0.220 14.31 7.20
hero_spruce_a -16.74 -0.14 1664.73 4.59 1.05 0 1 0 0.380 16.00 3.90
hero_spruce_a -14.24 -0.49 1665.47 3.18 1.02 0 1 0 0.380 16.00 3.90
hero_spruce_c 4.28 -1.01 1663.64 5.27 1.08 0 1 0 0.420 19.00 3.91
hero_birch_b 9.05 -1.82 1666.39 2.02 0.98 0 1 0 0.220 14.31 7.20
hero_spruce_b 15.93 -1.34 1662.77 1.23 0.96 0 1 0 0.320 13.00 3.84
hero_spruce_c 24.37 -1.91 1666.16 1.32 0.91 0 0 0 0.420 19.00 3.91
hero_birch_a 28.75 -1.33 1662.92 0.63 0.95 0 0 0 0.200 13.23 4.86
hero_pine_a 35.11 -1.57 1665.78 5.40 0.86 0 0 0 0.340 17.00 4.12
hero_spruce_c 43.42 -1.18 1665.66 5.60 0.90 0 0 0 0.420 19.00 3.91
hero_pine_a -41.46 0.03 1673.27 2.50 1.14 0 0 0 0.340 17.00 4.12
hero_birch_b -38.82 0.04 1672.26 5.25 1.14 0 0 0 0.220 14.31 7.20
hero_pine_a -31.26 -0.35 1671.31 0.04 1.02 0 0 0 0.340 17.00 4.12
hero_spruce_a -23.36 -0.97 1671.28 3.17 0.91 0 0 0 0.380 16.00 3.90
hero_pine_a -21.48 -0.89 1670.13 3.26 1.02 0 0 0 0.340 17.00 4.12
hero_pine_b -13.24 -1.94 1672.24 5.92 1.06 0 1 0 0.300 14.00 4.13
hero_oak_b -8.25 -1.72 1669.79 4.59 1.07 0 1 0 0.480 10.11 6.89
hero_spruce_a 10.65 -2.40 1669.34 5.52 1.05 0 1 0 0.380 16.00 3.90
hero_birch_a 17.06 -2.82 1671.16 0.72 1.10 0 1 0 0.200 13.23 4.86
hero_spruce_a 22.98 -3.00 1672.70 0.21 0.95 0 0 0 0.380 16.00 3.90
hero_spruce_b 28.36 -2.20 1668.51 0.31 0.91 0 0 0 0.320 13.00 3.84
hero_pine_b 34.72 -2.20 1670.04 3.99 0.87 0 0 0 0.300 14.00 4.13
hero_birch_b -43.98 -0.56 1677.00 5.95 1.13 0 0 0 0.220 14.31 7.20
hero_spruce_a -36.32 -0.66 1674.79 2.28 0.86 0 0 0 0.380 16.00 3.90
hero_birch_b -32.63 -1.77 1678.62 0.16 1.04 0 0 0 0.220 14.31 7.20
hero_spruce_b -24.78 -1.76 1675.53 0.18 1.01 0 0 0 0.320 13.00 3.84
hero_birch_a -6.51 -2.72 1674.85 0.80 1.03 0 1 0 0.200 13.23 4.86
hero_oak_b 6.27 -3.56 1677.76 4.42 0.90 0 1 0 0.480 10.11 6.89
hero_pine_a 9.40 -4.04 1679.31 1.63 0.95 0 1 0 0.340 17.00 4.12
hero_oak_b 15.16 -4.24 1679.22 1.53 1.01 0 1 0 0.480 10.11 6.89
hero_spruce_c 25.45 -3.68 1677.24 2.16 0.89 0 0 0 0.420 19.00 3.91
hero_spruce_a 26.93 -3.87 1678.62 5.43 1.04 0 0 0 0.380 16.00 3.90
hero_pine_b 32.85 -3.22 1676.14 5.37 1.11 0 0 0 0.300 14.00 4.13
hero_spruce_c 42.05 -2.71 1676.65 2.43 0.98 0 0 0 0.420 19.00 3.91
hero_birch_a -42.88 -1.83 1682.87 3.37 0.95 0 0 0 0.200 13.23 4.86
hero_birch_b -38.87 -2.52 1684.71 1.73 1.11 0 0 0 0.220 14.31 7.20
hero_pine_a -29.66 -2.90 1682.97 1.67 0.98 0 0 0 0.340 17.00 4.12
hero_birch_a -18.23 -3.75 1682.96 0.76 0.87 0 1 0 0.200 13.23 4.86
hero_spruce_c -15.27 -3.71 1681.63 5.01 1.10 0 1 0 0.420 19.00 3.91
hero_oak_c -6.18 -3.82 1680.82 0.96 0.98 0 1 0 0.620 16.21 10.57
hero_oak_b 9.85 -4.79 1683.48 1.60 1.03 0 1 0 0.480 10.11 6.89
hero_birch_a 17.69 -4.61 1681.46 4.87 1.06 0 1 0 0.200 13.23 4.86
hero_oak_b 21.44 -4.60 1681.89 5.54 1.11 0 0 0 0.480 10.11 6.89
hero_spruce_a 30.91 -4.45 1683.44 4.76 1.06 0 0 0 0.380 16.00 3.90
hero_pine_b 34.22 -4.46 1684.86 2.82 1.00 0 0 0 0.300 14.00 4.13
hero_spruce_a 39.12 -3.79 1682.85 1.57 0.83 0 0 0 0.380 16.00 3.90
hero_oak_a -40.84 -3.22 1689.12 1.25 0.93 0 0 0 0.550 13.74 8.57
hero_spruce_a -35.78 -4.04 1691.22 4.67 1.07 0 0 0 0.380 16.00 3.90
hero_spruce_b -29.19 -4.00 1688.37 4.94 0.89 0 0 0 0.320 13.00 3.84
hero_spruce_b -27.43 -3.85 1686.92 5.72 0.81 0 0 0 0.320 13.00 3.84
hero_pine_b -21.15 -4.52 1687.90 1.90 0.86 0 0 0 0.300 14.00 4.13
hero_birch_a -14.55 -5.66 1691.40 3.58 1.09 0 1 0 0.200 13.23 4.86
hero_oak_a -7.90 -5.35 1688.49 2.02 0.87 0 1 0 0.550 13.74 8.57
hero_spruce_b 11.54 -6.31 1691.41 5.29 0.89 0 1 0 0.320 13.00 3.84
hero_oak_b 19.00 -5.48 1686.77 6.13 0.89 0 1 0 0.480 10.11 6.89
hero_pine_a 24.78 -5.79 1689.81 2.94 0.87 0 0 0 0.340 17.00 4.12
hero_spruce_b 27.47 -5.43 1688.41 1.36 0.97 0 0 0 0.320 13.00 3.84
hero_spruce_a 41.96 -4.21 1687.28 2.37 1.11 0 0 0 0.380 16.00 3.90
hero_pine_b -34.83 -4.75 1694.58 4.16 1.10 0 0 0 0.300 14.00 4.13
hero_pine_a -30.46 -5.23 1695.28 5.75 1.03 0 0 0 0.340 17.00 4.12
hero_oak_a -18.64 -6.27 1696.17 0.75 0.90 0 0 0 0.550 13.74 8.57
hero_spruce_b -11.96 -6.49 1695.02 5.00 1.05 0 1 0 0.320 13.00 3.84
hero_spruce_c -4.63 -5.81 1692.57 0.63 0.84 0 1 0 0.420 19.00 3.91
hero_spruce_c 12.91 -7.13 1695.82 5.05 1.10 0 1 0 0.420 19.00 3.91
hero_spruce_b 17.08 -6.96 1694.91 2.49 1.15 0 1 0 0.320 13.00 3.84
hero_birch_a 22.53 -6.83 1695.35 1.42 1.10 0 0 0 0.200 13.23 4.86
hero_oak_a 28.21 -6.52 1695.38 6.21 0.96 0 0 0 0.550 13.74 8.57
hero_pine_b 35.57 -6.17 1696.62 5.40 1.08 0 0 0 0.300 14.00 4.13
hero_spruce_a 42.24 -5.34 1695.42 2.88 0.95 0 0 0 0.380 16.00 3.90
hero_pine_b 45.27 -5.09 1695.98 5.95 0.81 0 0 0 0.300 14.00 4.13
hero_birch_b -42.19 -4.90 1698.88 4.63 0.84 0 0 0 0.220 14.31 7.20
hero_pine_b -38.54 -5.36 1699.70 2.25 1.06 0 0 0 0.300 14.00 4.13
hero_spruce_b -32.41 -5.97 1700.44 5.07 0.83 0 0 0 0.320 13.00 3.84
hero_spruce_b -26.95 -6.63 1701.56 2.28 1.14 0 0 0 0.320 13.00 3.84
hero_spruce_a -18.47 -7.36 1702.26 2.92 1.05 0 0 0 0.380 16.00 3.90
hero_spruce_a -15.47 -6.98 1698.91 1.19 1.11 0 1 0 0.380 16.00 3.90
hero_spruce_b -5.93 -7.79 1703.39 2.32 0.92 0 1 0 0.320 13.00 3.84
hero_birch_b 11.25 -7.76 1700.82 0.24 0.86 0 1 0 0.220 14.31 7.20
hero_spruce_b 17.38 -7.69 1699.37 2.87 1.04 0 1 0 0.320 13.00 3.84
hero_spruce_b 21.20 -7.70 1700.38 2.58 0.88 0 1 0 0.320 13.00 3.84
hero_spruce_b 26.85 -7.40 1700.45 4.27 0.86 0 0 0 0.320 13.00 3.84
hero_birch_a 33.19 -6.84 1699.74 1.10 0.92 0 0 0 0.200 13.23 4.86
hero_spruce_c 42.49 -6.07 1700.61 5.07 0.91 0 0 0 0.420 19.00 3.91
hero_oak_a 45.79 -5.56 1699.69 0.98 0.87 0 0 0 0.550 13.74 8.57
hero_oak_a -37.53 -6.93 1709.08 2.36 0.98 0 0 0 0.550 13.74 8.57
hero_pine_b -30.30 -6.91 1704.90 1.63 1.15 0 0 0 0.300 14.00 4.13
hero_pine_b -26.95 -7.66 1708.09 2.04 0.90 0 0 0 0.300 14.00 4.13
hero_spruce_a -19.26 -7.78 1705.26 3.45 0.84 0 0 0 0.380 16.00 3.90
hero_pine_b -14.93 -8.44 1707.58 0.77 0.84 0 1 0 0.300 14.00 4.13
hero_pine_b 17.85 -8.57 1704.99 1.36 0.90 0 1 0 0.300 14.00 4.13
hero_birch_b 22.62 -8.71 1707.04 3.18 1.06 0 0 0 0.220 14.31 7.20
hero_birch_a 28.02 -8.00 1704.60 5.63 0.96 0 0 0 0.200 13.23 4.86
hero_birch_a 42.10 -6.83 1705.51 0.31 0.96 0 0 0 0.200 13.23 4.86
hero_spruce_c 45.08 -6.90 1708.28 0.74 1.13 0 0 0 0.420 19.00 3.91
hero_pine_a -34.99 -7.40 1710.73 1.53 1.11 0 0 0 0.340 17.00 4.12
hero_oak_c -29.66 -7.99 1711.81 5.76 0.91 0 0 0 0.620 16.21 10.57
hero_birch_a -24.61 -8.47 1712.25 5.63 0.99 0 0 0 0.200 13.23 4.86
hero_spruce_c -19.63 -9.15 1714.40 3.62 1.03 0 0 0 0.420 19.00 3.91
hero_spruce_a -11.24 -9.66 1714.37 2.97 0.92 0 1 0 0.380 16.00 3.90
hero_spruce_a -8.39 -9.54 1712.53 4.04 1.10 0 1 0 0.380 16.00 3.90
hero_pine_b 10.30 -9.19 1712.13 5.89 0.92 0 1 0 0.300 14.00 4.13
hero_oak_b 14.97 -9.82 1713.02 1.44 0.92 0 1 0 0.480 10.11 6.89
hero_birch_a 29.64 -8.98 1711.85 1.59 0.99 0 0 0 0.200 13.23 4.86
hero_oak_c 35.51 -8.35 1710.99 2.53 1.09 0 0 0 0.620 16.21 10.57
hero_pine_b 41.78 -8.24 1714.95 0.16 1.06 0 0 0 0.300 14.00 4.13
hero_spruce_b 45.50 -7.38 1712.24 1.37 0.83 0 0 0 0.320 13.00 3.84
hero_oak_b -41.57 -7.76 1717.85 5.90 1.10 0 0 0 0.480 10.11 6.89
hero_pine_a -39.34 -8.17 1719.67 5.85 1.08 0 0 0 0.340 17.00 4.12
hero_spruce_a -32.92 -8.53 1718.10 4.51 0.89 0 0 0 0.380 16.00 3.90
hero_spruce_a -24.10 -9.11 1716.74 5.28 0.90 0 0 0 0.380 16.00 3.90
hero_pine_b -19.44 -9.84 1719.79 5.86 0.83 0 0 0 0.300 14.00 4.13
hero_spruce_c -15.13 -10.28 1721.02 4.56 0.81 0 1 0 0.420 19.00 3.91
hero_spruce_a -9.05 -10.40 1718.98 5.93 1.11 0 1 0 0.380 16.00 3.90
hero_spruce_a -3.03 -9.62 1718.76 1.02 1.12 0 1 0 0.380 16.00 3.90
hero_oak_b 10.53 -10.32 1720.71 5.85 1.10 0 1 0 0.480 10.11 6.89
hero_spruce_b 19.35 -10.87 1720.85 3.22 1.06 0 1 0 0.320 13.00 3.84
hero_birch_b 21.92 -10.39 1718.31 1.65 0.89 0 1 0 0.220 14.31 7.20
hero_spruce_a 30.69 -10.08 1720.18 1.71 0.91 0 0 0 0.380 16.00 3.90
hero_pine_b 36.43 -9.17 1717.34 3.60 1.06 0 0 0 0.300 14.00 4.13
hero_spruce_a 39.48 -9.39 1721.15 6.10 1.11 0 0 0 0.380 16.00 3.90
hero_pine_b 45.36 -8.09 1717.09 1.74 0.93 0 0 0 0.300 14.00 4.13
hero_pine_b -38.48 -9.00 1727.21 3.79 1.09 0 0 0 0.300 14.00 4.13
hero_spruce_b -31.95 -9.54 1726.55 5.00 0.99 0 0 0 0.320 13.00 3.84
hero_pine_a -24.16 -10.13 1725.65 2.82 0.98 0 0 0 0.340 17.00 4.12
hero_birch_b -21.05 -10.23 1724.08 4.47 1.11 0 0 0 0.220 14.31 7.20
hero_pine_a -11.21 -10.83 1723.65 0.78 0.83 0 1 0 0.340 17.00 4.12
hero_pine_b -7.83 -11.15 1725.38 3.90 0.85 0 1 0 0.300 14.00 4.13
hero_pine_a 15.63 -11.67 1726.70 2.31 0.85 0 1 0 0.340 17.00 4.12
hero_spruce_b 21.84 -11.14 1723.84 4.08 0.93 0 1 0 0.320 13.00 3.84
hero_spruce_c 28.82 -10.63 1723.14 5.78 0.99 0 0 0 0.420 19.00 3.91
hero_pine_a 33.16 -10.43 1724.22 4.78 1.10 0 0 0 0.340 17.00 4.12
hero_oak_c 41.64 -9.72 1725.55 3.37 0.99 0 0 0 0.620 16.21 10.57
hero_oak_a 45.50 -8.86 1722.72 4.83 0.98 0 0 0 0.550 13.74 8.57
hero_spruce_b -41.62 -9.13 1733.11 0.19 0.82 0 0 0 0.320 13.00 3.84
hero_spruce_a -37.69 -9.35 1730.87 2.71 0.80 0 0 0 0.380 16.00 3.90
hero_spruce_b -29.85 -10.04 1730.14 6.08 1.03 0 0 0 0.320 13.00 3.84
hero_pine_b -23.55 -10.85 1733.14 5.98 1.06 0 0 0 0.300 14.00 4.13
hero_spruce_a -16.98 -11.00 1728.96 0.31 0.94 0 1 0 0.380 16.00 3.90
hero_pine_a -11.41 -11.55 1730.88 0.51 0.91 0 1 0 0.340 17.00 4.12
hero_pine_b -8.12 -11.91 1732.65 2.23 1.14 0 1 0 0.300 14.00 4.13
hero_oak_b 9.02 -10.83 1729.82 1.02 1.04 0 1 0 0.480 10.11 6.89
hero_oak_b 17.04 -11.99 1729.32 1.16 1.01 0 1 0 0.480 10.11 6.89
hero_pine_a 21.92 -12.18 1732.54 1.38 1.13 0 1 0 0.340 17.00 4.12
hero_oak_a 30.92 -11.51 1731.56 6.19 0.83 0 0 0 0.550 13.74 8.57
hero_oak_c 33.73 -11.11 1730.19 1.87 0.82 0 0 0 0.620 16.21 10.57
hero_pine_a 38.54 -10.52 1729.16 4.95 0.93 0 0 0 0.340 17.00 4.12
hero_spruce_b 47.23 -9.90 1732.50 1.35 0.89 0 0 0 0.320 13.00 3.84
hero_pine_b -36.12 -9.84 1735.65 3.22 0.88 0 0 0 0.300 14.00 4.13
hero_oak_a -29.16 -10.52 1735.77 0.14 0.99 0 0 0 0.550 13.74 8.57
hero_oak_b -20.55 -11.33 1736.68 1.35 0.90 0 0 0 0.480 10.11 6.89
hero_oak_c -10.87 -11.99 1735.72 3.64 0.99 0 1 0 0.620 16.21 10.57
hero_spruce_c -4.53 -11.60 1736.86 6.13 0.87 0 1 0 0.420 19.00 3.91
hero_spruce_a 8.88 -11.42 1736.54 3.45 1.13 0 1 0 0.380 16.00 3.90
hero_oak_a 18.20 -12.89 1738.46 3.25 1.08 0 1 0 0.550 13.74 8.57
hero_pine_b 24.56 -12.35 1735.29 2.34 1.06 0 0 0 0.300 14.00 4.13
hero_pine_a 28.67 -12.04 1734.69 1.41 0.98 0 0 0 0.340 17.00 4.12
hero_pine_b 36.05 -11.52 1735.25 4.17 0.98 0 0 0 0.300 14.00 4.13
hero_pine_a 38.83 -11.33 1735.99 6.16 0.96 0 0 0 0.340 17.00 4.12
hero_spruce_a 46.58 -10.60 1737.37 5.92 1.09 0 0 0 0.380 16.00 3.90
hero_spruce_b -30.97 -10.71 1742.59 2.98 1.12 0 0 0 0.320 13.00 3.84
hero_pine_b -22.92 -11.55 1744.75 1.98 0.94 0 0 0 0.300 14.00 4.13
hero_spruce_c -17.33 -11.97 1743.25 3.96 0.91 0 1 0 0.420 19.00 3.91
hero_birch_b -12.50 -12.30 1742.22 2.11 1.07 0 1 0 0.220 14.31 7.20
hero_spruce_b -8.12 -12.67 1744.85 0.28 0.97 0 1 0 0.320 13.00 3.84
hero_spruce_b 11.75 -12.68 1741.14 4.13 0.94 0 1 0 0.320 13.00 3.84
hero_pine_a 20.90 -13.30 1744.16 4.94 1.02 0 1 0 0.340 17.00 4.12
hero_pine_b 27.40 -13.11 1745.15 2.15 0.89 0 0 0 0.300 14.00 4.13
hero_pine_a 33.70 -12.76 1745.47 3.66 1.08 0 0 0 0.340 17.00 4.12
hero_spruce_a 41.56 -11.65 1741.44 0.40 1.04 0 0 0 0.380 16.00 3.90
hero_birch_a 47.35 -10.87 1740.67 1.99 0.98 0 0 0 0.200 13.23 4.86
hero_oak_a -38.13 -10.17 1749.29 4.60 1.07 0 0 0 0.550 13.74 8.57
hero_spruce_b -30.11 -10.96 1748.28 0.66 0.83 0 0 0 0.320 13.00 3.84
hero_spruce_b -20.03 -12.01 1750.94 3.01 1.09 0 0 0 0.320 13.00 3.84
hero_pine_a -11.58 -12.66 1748.82 5.30 1.15 0 1 0 0.340 17.00 4.12
hero_pine_b -5.18 -12.30 1747.70 0.89 0.82 0 1 0 0.300 14.00 4.13
hero_spruce_a 11.91 -13.28 1748.04 4.32 0.95 0 1 0 0.380 16.00 3.90
hero_pine_a 19.21 -13.66 1748.62 0.46 1.14 0 1 0 0.340 17.00 4.12
hero_birch_b 23.03 -13.65 1750.11 5.03 0.93 0 0 0 0.220 14.31 7.20
hero_oak_b 30.56 -13.19 1748.05 1.01 1.02 0 0 0 0.480 10.11 6.89
hero_spruce_b 36.76 -12.71 1747.65 4.98 0.94 0 0 0 0.320 13.00 3.84
hero_spruce_c 39.45 -12.73 1750.46 2.75 1.06 0 0 0 0.420 19.00 3.91
hero_oak_c 45.34 -11.97 1748.85 5.65 0.96 0 0 0 0.620 16.21 10.57
hero_birch_a -41.95 -9.82 1756.04 1.86 0.97 0 0 0 0.200 13.23 4.86
hero_oak_b -35.23 -10.52 1756.41 4.68 0.81 0 0 0 0.480 10.11 6.89
hero_spruce_c -28.98 -11.19 1754.20 4.33 1.05 0 0 0 0.420 19.00 3.91
hero_oak_a -22.78 -11.80 1754.24 3.69 1.05 0 0 0 0.550 13.74 8.57
hero_pine_b -11.01 -12.78 1753.04 4.52 1.02 0 1 0 0.300 14.00 4.13
hero_birch_a -7.65 -12.94 1756.20 0.03 1.06 0 1 0 0.200 13.23 4.86
hero_birch_a 11.56 -13.61 1755.55 1.07 0.82 0 1 0 0.200 13.23 4.86
hero_pine_b 20.84 -14.04 1756.42 4.31 0.89 0 1 0 0.300 14.00 4.13
hero_spruce_c 29.34 -13.75 1755.52 4.00 0.95 0 0 0 0.420 19.00 3.91
hero_birch_b 33.06 -13.49 1754.45 6.24 0.90 0 0 0 0.220 14.31 7.20
hero_spruce_c 38.50 -13.19 1755.57 1.39 0.90 0 0 0 0.420 19.00 3.91
hero_spruce_c -39.19 -10.10 1760.66 3.46 1.08 0 0 0 0.420 19.00 3.91
hero_pine_a -29.41 -11.14 1759.87 0.61 0.94 0 0 0 0.340 17.00 4.12
hero_birch_b -24.74 -11.64 1760.29 2.87 1.15 0 0 0 0.220 14.31 7.20
hero_pine_a -20.39 -12.04 1760.98 3.25 0.84 0 0 0 0.340 17.00 4.12
hero_pine_a -11.52 -12.82 1763.34 5.46 0.86 0 1 0 0.340 17.00 4.12
hero_pine_a -6.84 -12.87 1763.38 5.77 1.01 0 1 0 0.340 17.00 4.12
hero_spruce_b 17.09 -14.21 1760.31 3.10 1.07 0 1 0 0.320 13.00 3.84
hero_pine_a 24.33 -14.16 1760.52 5.44 0.92 0 0 0 0.340 17.00 4.12
hero_oak_b 30.04 -13.93 1759.56 6.04 0.85 0 0 0 0.480 10.11 6.89
hero_oak_c 37.21 -13.74 1762.87 5.01 0.96 0 0 0 0.620 16.21 10.57
hero_pine_a 39.38 -13.36 1758.77 1.84 1.05 0 0 0 0.340 17.00 4.12
hero_spruce_a -42.73 -9.56 1767.66 3.23 0.86 0 0 0 0.380 16.00 3.90
hero_spruce_c -37.67 -10.18 1765.89 1.88 1.07 0 0 0 0.420 19.00 3.91
hero_pine_a -31.57 -10.77 1769.34 3.75 1.01 0 0 0 0.340 17.00 4.12
hero_oak_a -25.21 -11.48 1767.71 5.28 0.92 0 0 0 0.550 13.74 8.57
hero_spruce_c -17.14 -12.31 1766.91 3.10 0.95 0 1 0 0.420 19.00 3.91
hero_spruce_a -11.23 -12.83 1766.73 0.25 1.14 0 1 0 0.380 16.00 3.90
hero_spruce_a -9.49 -12.89 1766.84 2.48 0.94 0 1 0 0.380 16.00 3.90
hero_birch_b 29.46 -14.31 1769.20 2.22 0.89 0 0 0 0.220 14.31 7.20
hero_spruce_c 36.44 -14.02 1768.50 0.49 0.82 0 0 0 0.420 19.00 3.91
hero_oak_a 42.05 -13.70 1768.89 5.96 0.91 0 0 0 0.550 13.74 8.57
hero_birch_a -43.38 -9.32 1774.01 4.49 0.97 0 0 0 0.200 13.23 4.86
hero_birch_a -35.98 -10.11 1774.85 1.64 0.82 0 0 0 0.200 13.23 4.86
hero_pine_a -31.98 -10.64 1772.60 2.11 1.02 0 0 0 0.340 17.00 4.12
hero_birch_a -23.31 -11.63 1770.99 4.60 1.14 0 0 0 0.200 13.23 4.86
hero_spruce_a -16.92 -12.21 1773.44 3.33 1.10 0 1 0 0.380 16.00 3.90
hero_oak_b -14.06 -12.42 1775.06 5.52 0.89 0 1 0 0.480 10.11 6.89
hero_spruce_b -7.12 -12.82 1773.21 1.61 0.91 0 1 0 0.320 13.00 3.84
hero_oak_a 9.26 -13.49 1773.66 1.38 0.87 0 1 0 0.550 13.74 8.57
hero_oak_b 14.55 -14.33 1773.23 4.59 1.08 0 1 0 0.480 10.11 6.89
hero_birch_a 23.62 -14.48 1775.32 0.13 1.06 0 0 0 0.200 13.23 4.86
hero_oak_c 31.29 -14.35 1773.42 0.97 0.84 0 0 0 0.620 16.21 10.57
hero_pine_a 36.29 -14.19 1773.75 2.75 0.80 0 0 0 0.340 17.00 4.12
hero_spruce_c 41.86 -13.88 1773.29 1.71 0.87 0 0 0 0.420 19.00 3.91
hero_birch_a -43.21 -9.23 1776.93 0.96 0.90 0 0 0 0.200 13.23 4.86
hero_spruce_c -36.99 -9.90 1778.40 5.17 1.10 0 0 0 0.420 19.00 3.91
hero_pine_b -30.03 -10.71 1776.82 1.90 0.84 0 0 0 0.300 14.00 4.13
hero_pine_a -23.93 -11.39 1776.89 0.75 1.02 0 0 0 0.340 17.00 4.12
hero_spruce_c -18.98 -11.87 1777.37 3.01 0.89 0 1 0 0.420 19.00 3.91
hero_spruce_a -14.85 -12.20 1780.18 0.43 0.95 0 1 0 0.380 16.00 3.90
hero_spruce_b -8.16 -12.73 1779.34 1.39 0.81 0 1 0 0.320 13.00 3.84
hero_spruce_a 10.86 -13.93 1777.27 2.97 1.01 0 1 0 0.380 16.00 3.90
hero_oak_a 15.13 -14.28 1779.46 3.02 0.84 0 1 0 0.550 13.74 8.57
hero_pine_b 24.95 -14.48 1778.74 0.73 0.99 0 0 0 0.300 14.00 4.13
hero_oak_a 29.22 -14.49 1780.66 6.14 1.13 0 0 0 0.550 13.74 8.57
hero_spruce_c 36.98 -14.25 1778.23 3.51 0.84 0 0 0 0.420 19.00 3.91
hero_pine_a 43.00 -13.95 1777.06 1.65 1.06 0 0 0 0.340 17.00 4.12
hero_oak_c -40.80 -9.22 1784.56 5.44 0.99 0 0 0 0.620 16.21 10.57
hero_oak_a -37.21 -9.51 1787.32 1.94 0.89 0 0 0 0.550 13.74 8.57
hero_spruce_b -23.84 -11.03 1786.79 1.74 0.87 0 0 0 0.320 13.00 3.84
hero_spruce_a -18.79 -11.66 1784.67 0.76 1.08 0 1 0 0.380 16.00 3.90
hero_spruce_b -10.66 -12.42 1784.70 2.84 0.89 0 1 0 0.320 13.00 3.84
hero_spruce_b -6.32 -12.65 1784.41 0.02 1.00 0 1 0 0.320 13.00 3.84
hero_oak_c 5.81 -12.97 1784.91 4.68 1.03 0 1 0 0.620 16.21 10.57
hero_spruce_a 11.78 -14.05 1784.79 4.21 1.14 0 1 0 0.380 16.00 3.90
hero_birch_b 18.86 -14.35 1783.72 0.11 1.06 0 1 0 0.220 14.31 7.20
hero_pine_b 23.31 -14.42 1784.38 1.35 0.87 0 0 0 0.300 14.00 4.13
hero_spruce_a 26.53 -14.46 1782.81 5.40 0.92 0 0 0 0.380 16.00 3.90
hero_spruce_c 37.44 -14.31 1786.43 3.18 0.83 0 0 0 0.420 19.00 3.91
hero_pine_b 42.33 -14.13 1784.19 5.49 1.10 0 0 0 0.300 14.00 4.13
hero_oak_c -42.58 -8.77 1790.44 4.38 0.97 0 0 0 0.620 16.21 10.57
hero_spruce_b -26.62 -10.56 1790.75 3.59 0.85 0 0 0 0.320 13.00 3.84
hero_pine_a -17.10 -11.59 1790.37 2.83 0.87 0 1 0 0.340 17.00 4.12
hero_pine_a -13.97 -11.81 1793.05 2.60 0.87 0 1 0 0.340 17.00 4.12
hero_oak_a -8.78 -12.41 1791.66 2.45 0.81 0 1 0 0.550 13.74 8.57
hero_spruce_c 8.80 -13.49 1789.69 5.15 1.11 0 1 0 0.420 19.00 3.91
hero_oak_b 18.11 -14.17 1790.28 1.89 0.87 0 1 0 0.480 10.11 6.89
hero_pine_b 25.39 -14.36 1790.61 3.22 0.95 0 0 0 0.300 14.00 4.13
hero_oak_b 37.12 -14.31 1791.85 2.68 0.95 0 0 0 0.480 10.11 6.89
hero_birch_a 43.34 -14.11 1789.37 6.27 1.01 0 0 0 0.200 13.23 4.86
hero_pine_a -45.45 -8.10 1798.15 5.60 0.81 0 0 0 0.340 17.00 4.12
hero_oak_b -39.21 -8.95 1795.66 3.23 1.08 0 0 0 0.480 10.11 6.89
hero_oak_b -28.57 -10.03 1798.90 1.43 0.96 0 0 0 0.480 10.11 6.89
hero_birch_b -27.31 -10.19 1797.90 3.91 0.82 0 0 0 0.220 14.31 7.20
hero_oak_a -14.86 -11.68 1794.80 1.24 1.15 0 1 0 0.550 13.74 8.57
hero_pine_a -7.63 -12.46 1795.49 0.49 1.08 0 1 0 0.340 17.00 4.12
hero_oak_b 17.51 -14.02 1795.72 2.10 0.97 0 1 0 0.480 10.11 6.89
hero_spruce_b 24.45 -14.25 1795.13 4.54 0.89 0 0 0 0.320 13.00 3.84
hero_spruce_c 28.49 -14.30 1795.61 5.09 0.88 0 0 0 0.420 19.00 3.91
hero_spruce_c 34.70 -14.33 1794.75 2.84 1.05 0 0 0 0.420 19.00 3.91
hero_birch_a 41.23 -14.18 1796.20 5.34 1.06 0 0 0 0.200 13.23 4.86
hero_birch_a -46.71 -7.74 1803.14 3.02 0.83 0 0 0 0.200 13.23 4.86
hero_spruce_a -44.30 -7.96 1805.28 1.52 1.06 0 0 0 0.380 16.00 3.90
hero_pine_a -31.24 -9.59 1802.37 1.05 0.96 0 0 0 0.340 17.00 4.12
hero_pine_b -22.63 -10.55 1802.59 0.48 1.08 0 0 0 0.300 14.00 4.13
hero_spruce_a -17.96 -10.93 1805.48 2.39 1.09 0 1 0 0.380 16.00 3.90
hero_oak_a -11.34 -11.79 1804.88 5.50 0.96 0 1 0 0.550 13.74 8.57
hero_pine_a 6.30 -12.91 1801.44 2.03 1.00 0 1 0 0.340 17.00 4.12
hero_pine_a 10.23 -13.31 1804.99 0.23 0.88 0 1 0 0.340 17.00 4.12
hero_spruce_a 20.56 -13.96 1801.35 5.71 0.87 0 0 0 0.380 16.00 3.90
hero_pine_b 26.56 -14.05 1804.08 4.19 0.84 0 0 0 0.300 14.00 4.13
hero_oak_a 34.48 -14.10 1805.02 2.88 0.82 0 0 0 0.550 13.74 8.57
hero_spruce_a 42.44 -14.02 1804.95 2.33 1.08 0 0 0 0.380 16.00 3.90
hero_pine_b -47.24 -7.43 1809.38 0.74 0.86 0 0 0 0.300 14.00 4.13
hero_spruce_c -42.22 -8.13 1807.33 1.51 1.09 0 0 0 0.420 19.00 3.91
hero_pine_b -23.34 -10.24 1808.53 0.91 0.98 0 0 0 0.300 14.00 4.13
hero_birch_a -17.29 -10.84 1809.56 0.55 0.96 0 1 0 0.200 13.23 4.86
hero_pine_b -11.94 -11.64 1808.33 3.86 1.06 0 1 0 0.300 14.00 4.13
hero_spruce_c -9.33 -11.93 1811.35 2.04 1.06 0 1 0 0.420 19.00 3.91
hero_oak_a 3.31 -12.28 1810.72 1.58 0.83 0 1 0 0.550 13.74 8.57
hero_oak_c 12.29 -13.25 1811.34 5.47 0.81 0 1 0 0.620 16.21 10.57
hero_spruce_a 15.13 -13.50 1808.90 4.73 1.04 0 1 0 0.380 16.00 3.90
hero_birch_b 22.68 -13.74 1811.44 3.25 0.93 0 0 0 0.220 14.31 7.20
hero_pine_a 40.24 -14.01 1808.38 5.86 1.12 0 0 0 0.340 17.00 4.12
hero_spruce_c -48.43 -7.01 1816.40 4.53 0.84 0 0 0 0.420 19.00 3.91
hero_spruce_a -41.68 -7.89 1814.87 5.03 0.88 0 0 0 0.380 16.00 3.90
hero_oak_b -34.78 -8.65 1817.19 5.45 1.08 0 0 0 0.480 10.11 6.89
hero_spruce_a -29.40 -9.39 1813.41 5.72 0.98 0 0 0 0.380 16.00 3.90
hero_oak_b -24.20 -10.00 1812.84 0.03 1.03 0 0 0 0.480 10.11 6.89
hero_birch_a -17.56 -10.60 1815.78 0.62 0.89 0 1 0 0.200 13.23 4.86
hero_oak_b -14.18 -11.14 1814.78 2.59 1.13 0 1 0 0.480 10.11 6.89
hero_spruce_a 3.54 -12.23 1814.93 5.36 1.06 0 1 0 0.380 16.00 3.90
hero_oak_a 17.55 -13.38 1817.02 6.21 1.03 0 0 0 0.550 13.74 8.57
hero_spruce_c 22.56 -13.64 1814.55 6.12 0.85 0 0 0 0.420 19.00 3.91
hero_pine_b 26.78 -13.71 1817.44 1.50 1.12 0 0 0 0.300 14.00 4.13
hero_spruce_a 34.13 -13.94 1812.95 3.88 1.15 0 0 0 0.380 16.00 3.90
hero_pine_b 40.01 -13.87 1813.96 4.80 1.08 0 0 0 0.300 14.00 4.13
hero_spruce_b -47.86 -6.92 1821.05 1.20 1.02 0 0 0 0.320 13.00 3.84
hero_oak_a -42.84 -7.50 1822.59 5.45 1.14 0 0 0 0.550 13.74 8.57
hero_pine_a -37.04 -8.25 1821.29 2.93 1.14 0 0 0 0.340 17.00 4.12
hero_oak_c -23.89 -9.73 1822.73 4.14 0.99 0 1 0 0.620 16.21 10.57
hero_oak_b -18.18 -10.35 1823.06 2.87 1.11 0 1 0 0.480 10.11 6.89
hero_spruce_a 2.56 -12.09 1818.66 0.81 1.06 0 1 0 0.380 16.00 3.90
hero_oak_b 11.83 -12.98 1819.99 4.04 0.98 0 1 0 0.480 10.11 6.89
hero_oak_a 18.46 -13.24 1823.36 2.65 0.92 0 0 0 0.550 13.74 8.57
hero_spruce_b 21.33 -13.46 1819.56 4.55 0.89 0 0 0 0.320 13.00 3.84
hero_spruce_b 29.31 -13.62 1821.95 0.47 0.85 0 0 0 0.320 13.00 3.84
hero_oak_a 36.82 -13.69 1822.18 0.03 1.15 0 0 0 0.550 13.74 8.57
hero_spruce_a -49.65 -6.50 1825.94 5.68 1.02 0 0 0 0.380 16.00 3.90
hero_oak_c -35.21 -8.32 1825.35 3.28 0.93 0 0 0 0.620 16.21 10.57
hero_spruce_a -33.30 -8.45 1829.35 2.63 1.12 0 0 0 0.380 16.00 3.90
hero_oak_c -23.23 -9.64 1828.39 2.24 0.93 0 1 0 0.620 16.21 10.57
hero_birch_b -20.59 -9.95 1828.27 1.72 1.02 0 1 0 0.220 14.31 7.20
hero_spruce_a -13.28 -11.03 1827.39 1.60 0.83 0 1 0 0.380 16.00 3.90
hero_birch_a 7.28 -12.45 1828.46 3.87 1.03 0 1 0 0.200 13.23 4.86
hero_pine_b 12.48 -12.88 1826.25 1.93 1.08 0 1 0 0.300 14.00 4.13
hero_pine_b 18.87 -13.14 1828.73 0.43 1.01 0 0 0 0.300 14.00 4.13
hero_pine_a 21.51 -13.32 1825.56 3.52 0.95 0 0 0 0.340 17.00 4.12
hero_pine_b 36.89 -13.55 1826.44 2.07 0.82 0 0 0 0.300 14.00 4.13
hero_pine_a -43.55 -7.03 1833.24 4.25 1.11 0 0 0 0.340 17.00 4.12
hero_spruce_c -28.91 -8.94 1830.55 1.75 1.02 0 0 0 0.420 19.00 3.91
hero_birch_b -26.50 -9.12 1833.75 0.91 0.82 0 0 0 0.220 14.31 7.20
hero_birch_a -17.01 -10.25 1834.17 2.38 1.12 0 1 0 0.200 13.23 4.86
hero_spruce_c -11.59 -11.19 1835.03 2.97 1.10 0 1 0 0.420 19.00 3.91
hero_oak_b 4.65 -12.04 1833.68 6.14 0.87 0 1 0 0.480 10.11 6.89
hero_oak_b 8.91 -12.50 1834.18 3.29 1.04 0 1 0 0.480 10.11 6.89
hero_birch_a 17.66 -12.98 1833.60 4.18 0.86 0 0 0 0.200 13.23 4.86
hero_spruce_a 22.57 -13.16 1834.44 4.28 0.86 0 0 0 0.380 16.00 3.90
hero_oak_a 27.25 -13.37 1831.45 5.85 1.00 0 0 0 0.550 13.74 8.57
hero_pine_a 33.67 -13.44 1831.10 2.87 0.84 0 0 0 0.340 17.00 4.12
hero_spruce_c 39.13 -13.40 1833.19 0.79 1.09 0 0 0 0.420 19.00 3.91
hero_spruce_c -41.04 -7.17 1838.48 3.64 1.11 0 0 0 0.420 19.00 3.91
hero_spruce_c -37.15 -7.62 1839.86 6.13 0.96 0 0 0 0.420 19.00 3.91
hero_spruce_b -29.17 -8.64 1840.69 2.78 1.10 0 0 0 0.320 13.00 3.84
hero_pine_a -24.07 -9.25 1840.26 5.84 0.88 0 1 0 0.340 17.00 4.12
hero_pine_a -20.92 -9.70 1836.59 0.22 0.89 0 1 0 0.340 17.00 4.12
hero_oak_a -11.43 -11.09 1837.94 2.32 0.91 0 1 0 0.550 13.74 8.57
hero_spruce_b 13.04 -12.69 1838.33 4.50 1.07 0 1 0 0.320 13.00 3.84
hero_birch_b 15.76 -12.84 1836.81 0.09 0.89 0 0 0 0.220 14.31 7.20
hero_spruce_a 31.49 -13.23 1841.49 3.34 0.87 0 0 0 0.380 16.00 3.90
hero_pine_b 32.79 -13.33 1837.61 6.27 1.09 0 0 0 0.300 14.00 4.13
hero_spruce_c -47.51 -5.91 1846.82 1.17 1.04 0 0 0 0.420 19.00 3.91
hero_oak_c -41.68 -6.73 1847.14 4.50 1.05 0 0 0 0.620 16.21 10.57
hero_spruce_b -35.34 -7.59 1847.38 2.60 0.97 0 0 0 0.320 13.00 3.84
hero_pine_b -32.71 -8.03 1844.68 0.71 0.84 0 0 0 0.300 14.00 4.13
hero_spruce_b -24.63 -9.05 1845.89 4.02 1.03 0 1 0 0.320 13.00 3.84
hero_oak_b -18.88 -9.83 1842.82 2.45 0.94 0 1 0 0.480 10.11 6.89
hero_spruce_b -14.11 -10.48 1845.77 3.28 1.02 0 1 0 0.320 13.00 3.84
hero_spruce_a 2.68 -11.62 1844.59 3.63 1.02 0 1 0 0.380 16.00 3.90
hero_pine_a 10.06 -12.43 1845.12 6.26 1.07 0 1 0 0.340 17.00 4.12
hero_pine_a 16.62 -12.77 1844.53 3.99 0.80 0 0 0 0.340 17.00 4.12
hero_pine_b 22.37 -13.03 1843.82 4.01 1.02 0 0 0 0.300 14.00 4.13
hero_birch_a 31.26 -13.18 1846.12 2.11 1.07 0 0 0 0.200 13.23 4.86
hero_oak_b 32.59 -13.20 1845.74 1.65 1.08 0 0 0 0.480 10.11 6.89
hero_birch_b -50.27 -5.16 1852.79 0.98 1.03 0 0 0 0.220 14.31 7.20
hero_pine_a -44.15 -6.23 1850.01 2.79 0.99 0 0 0 0.340 17.00 4.12
hero_spruce_c -28.75 -8.40 1850.09 0.08 1.10 0 0 0 0.420 19.00 3.91
hero_spruce_b -24.61 -8.86 1852.22 1.58 0.96 0 1 0 0.320 13.00 3.84
hero_pine_a -18.06 -9.72 1853.44 1.64 1.12 0 1 0 0.340 17.00 4.12
hero_pine_b -15.50 -10.10 1852.75 4.22 0.94 0 1 0 0.300 14.00 4.13
hero_oak_b 0.71 -10.98 1852.96 0.51 0.99 0 1 0 0.480 10.11 6.89
hero_spruce_b 2.59 -11.47 1853.29 4.90 0.90 0 1 0 0.320 13.00 3.84
hero_pine_a 11.95 -12.51 1849.68 0.08 1.14 0 1 0 0.340 17.00 4.12
hero_spruce_b 15.36 -12.68 1848.71 1.28 0.86 0 0 0 0.320 13.00 3.84
hero_pine_b 23.12 -13.00 1848.63 1.86 0.99 0 0 0 0.300 14.00 4.13
hero_spruce_a 27.36 -13.07 1850.68 1.32 0.96 0 0 0 0.380 16.00 3.90
hero_spruce_c 37.50 -13.07 1851.13 2.29 0.98 0 0 0 0.420 19.00 3.91
hero_spruce_a -49.88 -4.95 1856.60 0.82 0.81 0 0 0 0.380 16.00 3.90
hero_pine_a -44.15 -5.69 1859.41 5.71 0.99 0 0 0 0.340 17.00 4.12
hero_spruce_a -34.65 -7.22 1857.85 5.35 0.91 0 0 0 0.380 16.00 3.90
hero_spruce_b -24.71 -8.62 1857.93 3.74 0.89 0 1 0 0.320 13.00 3.84
hero_oak_a -20.91 -9.22 1856.00 0.08 1.08 0 1 0 0.550 13.74 8.57
hero_pine_b -14.49 -10.15 1854.74 4.62 1.03 0 1 0 0.300 14.00 4.13
hero_pine_b -1.16 -10.54 1856.69 2.83 0.95 0 1 0 0.300 14.00 4.13
hero_birch_a 5.33 -11.92 1857.79 5.74 0.92 0 1 0 0.200 13.23 4.86
hero_birch_b 11.38 -12.40 1855.51 2.72 1.00 0 1 0 0.220 14.31 7.20
hero_spruce_c 17.15 -12.69 1856.76 4.06 0.87 0 0 0 0.420 19.00 3.91
hero_pine_b 27.74 -12.99 1859.36 5.14 0.88 0 0 0 0.300 14.00 4.13
hero_oak_a -50.18 -4.47 1862.69 2.86 0.93 0 0 0 0.550 13.74 8.57
hero_oak_c -44.72 -5.33 1863.24 0.66 0.96 0 0 0 0.620 16.21 10.57
hero_oak_a -37.35 -6.60 1861.48 1.84 0.85 0 0 0 0.550 13.74 8.57
hero_pine_b -31.43 -7.48 1861.91 2.57 0.86 0 0 0 0.300 14.00 4.13
hero_birch_b -22.85 -8.66 1862.89 2.93 0.82 0 1 0 0.220 14.31 7.20
hero_pine_a 0.05 -10.53 1861.38 3.88 1.10 0 1 0 0.340 17.00 4.12
hero_spruce_c 3.03 -11.37 1865.19 2.32 0.81 0 1 0 0.420 19.00 3.91
hero_pine_a 13.35 -12.42 1864.20 3.58 1.04 0 0 0 0.340 17.00 4.12
hero_oak_b 15.96 -12.58 1862.30 0.82 0.86 0 0 0 0.480 10.11 6.89
hero_oak_a 23.49 -12.88 1863.76 3.14 1.06 0 0 0 0.550 13.74 8.57
hero_oak_a 27.01 -12.96 1861.43 5.40 0.93 0 0 0 0.550 13.74 8.57
hero_spruce_a 34.44 -12.94 1864.14 0.34 0.88 0 0 0 0.380 16.00 3.90
hero_birch_a -50.41 -4.02 1867.80 6.09 1.07 0 0 0 0.200 13.23 4.86
hero_birch_a -44.82 -4.80 1869.52 4.59 0.94 0 0 0 0.200 13.23 4.86
hero_oak_b -35.61 -6.25 1870.54 3.49 0.88 0 0 0 0.480 10.11 6.89
hero_birch_a -31.10 -7.24 1867.24 3.19 1.14 0 0 0 0.200 13.23 4.86
hero_oak_c -24.80 -8.02 1869.67 5.40 0.89 0 1 0 0.620 16.21 10.57
hero_spruce_a -17.99 -8.97 1871.11 2.92 0.88 0 1 0 0.380 16.00 3.90
hero_spruce_c 6.41 -11.76 1871.37 0.93 0.93 0 1 0 0.420 19.00 3.91
hero_birch_b 10.82 -12.19 1866.94 0.44 0.84 0 1 0 0.220 14.31 7.20
hero_spruce_a 18.81 -12.64 1868.99 4.91 1.12 0 0 0 0.380 16.00 3.90
hero_spruce_a 23.27 -12.76 1870.36 2.94 0.84 0 0 0 0.380 16.00 3.90
hero_pine_a 26.54 -12.85 1871.09 2.09 1.05 0 0 0 0.340 17.00 4.12
hero_spruce_a 33.48 -12.91 1867.96 1.76 0.99 0 0 0 0.380 16.00 3.90
hero_spruce_b -51.27 -3.04 1876.07 3.66 1.06 0 0 0 0.320 13.00 3.84
hero_spruce_c -42.24 -4.79 1874.59 1.56 1.08 0 0 0 0.420 19.00 3.91
hero_spruce_a -35.07 -5.81 1876.79 3.59 0.93 0 0 0 0.380 16.00 3.90
hero_birch_a -30.10 -6.75 1875.61 1.97 0.85 0 0 0 0.200 13.23 4.86
hero_spruce_c -26.43 -7.45 1874.52 5.50 1.05 0 1 0 0.420 19.00 3.91
hero_spruce_a -18.25 -8.68 1875.34 6.03 1.13 0 1 0 0.380 16.00 3.90
hero_birch_a 1.14 -10.42 1873.83 1.58 0.87 0 1 0 0.200 13.23 4.86
hero_pine_a 3.76 -11.31 1876.36 2.76 1.08 0 1 0 0.340 17.00 4.12
hero_oak_c 13.39 -12.17 1875.59 5.05 0.86 0 0 0 0.620 16.21 10.57
hero_oak_c 18.91 -12.48 1876.75 6.16 1.04 0 0 0 0.620 16.21 10.57
hero_spruce_c 22.62 -12.66 1875.48 4.27 1.03 0 0 0 0.420 19.00 3.91
hero_spruce_b 30.96 -12.87 1873.06 5.58 1.14 0 0 0 0.320 13.00 3.84
hero_oak_c 34.63 -12.78 1875.27 1.60 0.90 0 0 0 0.620 16.21 10.57
hero_spruce_c -51.08 -2.23 1883.14 0.79 1.13 0 0 0 0.420 19.00 3.91
hero_birch_a -41.55 -4.16 1881.44 5.74 0.85 0 0 0 0.200 13.23 4.86
hero_oak_c -39.24 -4.79 1879.53 2.63 0.85 0 0 0 0.620 16.21 10.57
hero_pine_a -33.05 -5.69 1881.50 3.50 0.89 0 0 0 0.340 17.00 4.12
hero_pine_a -25.74 -7.14 1879.46 2.41 0.86 0 1 0 0.340 17.00 4.12
hero_birch_b -21.42 -7.71 1881.04 3.73 0.94 0 1 0 0.220 14.31 7.20
hero_birch_b 0.45 -9.69 1882.41 3.52 0.88 0 1 0 0.220 14.31 7.20
hero_pine_a 7.28 -11.44 1882.53 0.94 1.05 0 1 0 0.340 17.00 4.12
hero_oak_b 9.18 -11.60 1882.26 6.20 0.81 0 1 0 0.480 10.11 6.89
hero_oak_b 14.98 -12.16 1880.07 4.03 1.02 0 0 0 0.480 10.11 6.89
hero_spruce_b 22.55 -12.53 1880.60 5.02 1.03 0 0 0 0.320 13.00 3.84
hero_spruce_b 31.47 -12.66 1881.52 3.75 0.85 0 0 0 0.320 13.00 3.84
hero_spruce_b 35.79 -12.66 1879.85 1.80 0.81 0 0 0 0.320 13.00 3.84
hero_birch_a -50.05 -2.20 1884.79 5.17 0.97 0 0 0 0.200 13.23 4.86
hero_spruce_b -45.29 -2.85 1886.64 3.77 1.06 0 0 0 0.320 13.00 3.84
hero_oak_c -36.50 -4.60 1885.71 2.36 0.94 0 0 0 0.620 16.21 10.57
hero_oak_a -31.82 -5.21 1887.80 5.71 0.90 0 0 0 0.550 13.74 8.57
hero_oak_a -22.65 -6.67 1889.36 1.84 0.81 0 1 0 0.550 13.74 8.57
hero_birch_a -21.20 -7.39 1884.99 2.03 0.90 0 1 0 0.200 13.23 4.86
hero_spruce_b 4.87 -10.85 1888.06 1.48 0.80 0 1 0 0.320 13.00 3.84
hero_pine_b 13.11 -11.59 1889.24 2.80 0.91 0 0 0 0.300 14.00 4.13
hero_spruce_a 15.97 -11.80 1889.50 5.27 0.95 0 0 0 0.380 16.00 3.90
hero_spruce_c 37.09 -12.46 1886.17 0.64 0.88 0 0 0 0.420 19.00 3.91
hero_oak_b -50.34 -0.77 1894.54 2.49 1.14 0 0 0 0.480 10.11 6.89
hero_pine_b -41.34 -2.70 1893.02 1.04 0.82 0 0 0 0.300 14.00 4.13
hero_oak_a -38.15 -3.47 1892.05 6.25 0.90 0 0 0 0.550 13.74 8.57
hero_oak_c -31.70 -4.58 1892.92 0.39 0.86 0 0 0 0.620 16.21 10.57
hero_oak_c -24.90 -6.06 1891.17 3.07 0.86 0 1 0 0.620 16.21 10.57
hero_pine_a -14.11 -7.63 1891.57 5.63 0.87 0 1 0 0.340 17.00 4.12
hero_spruce_c -1.80 -8.33 1890.97 5.67 0.98 0 1 0 0.420 19.00 3.91
hero_spruce_c 3.48 -10.12 1893.52 2.17 0.86 0 1 0 0.420 19.00 3.91
hero_spruce_a 9.76 -10.92 1894.51 2.17 0.92 0 1 0 0.380 16.00 3.90
hero_birch_b 24.50 -12.21 1890.72 0.06 0.97 0 0 0 0.220 14.31 7.20
hero_spruce_a 32.94 -12.20 1893.82 0.90 0.84 0 0 0 0.380 16.00 3.90
hero_oak_a -50.84 0.17 1899.76 5.23 1.05 0 0 0 0.550 13.74 8.57
hero_spruce_c -41.39 -1.66 1899.82 5.86 0.91 0 0 0 0.420 19.00 3.91
hero_oak_a -38.74 -2.06 1900.74 4.08 1.14 0 0 0 0.550 13.74 8.57
hero_spruce_c -30.60 -3.96 1898.82 5.05 0.96 0 0 0 0.420 19.00 3.91
hero_birch_a -26.50 -4.89 1897.88 0.54 0.95 0 1 0 0.200 13.23 4.86
hero_pine_b -18.12 -6.50 1897.85 0.70 1.01 0 1 0 0.300 14.00 4.13
hero_oak_a -2.16 -7.41 1898.67 1.17 0.82 0 1 0 0.550 13.74 8.57
hero_pine_b 4.55 -9.98 1898.78 2.83 1.14 0 1 0 0.300 14.00 4.13
hero_pine_a 10.74 -10.67 1898.92 5.58 1.02 0 1 0 0.340 17.00 4.12
hero_oak_a 17.38 -11.25 1899.25 4.69 0.92 0 0 0 0.550 13.74 8.57
hero_spruce_a 22.38 -11.75 1897.23 2.43 1.14 0 0 0 0.380 16.00 3.90
hero_spruce_a 31.38 -11.96 1898.41 3.02 0.98 0 0 0 0.380 16.00 3.90
hero_spruce_a 32.74 -12.03 1897.42 5.86 0.98 0 0 0 0.380 16.00 3.90
hero_oak_c -41.91 -0.89 1903.85 0.12 0.95 0 0 0 0.620 16.21 10.57
hero_spruce_c -39.48 -1.06 1905.68 6.05 0.85 0 0 0 0.420 19.00 3.91
hero_pine_a -33.49 -2.44 1904.85 2.70 1.14 0 0 0 0.340 17.00 4.12
hero_spruce_b -23.72 -4.56 1903.72 3.36 0.93 0 1 0 0.320 13.00 3.84
hero_spruce_c -21.07 -4.95 1904.70 5.34 1.13 0 1 0 0.420 19.00 3.91
hero_spruce_b -14.78 -5.90 1906.17 5.28 0.97 0 1 0 0.320 13.00 3.84
hero_pine_a 2.49 -8.52 1904.67 3.19 1.13 0 1 0 0.340 17.00 4.12
hero_oak_c 9.98 -10.23 1902.74 4.78 1.07 0 1 0 0.620 16.21 10.57
hero_pine_a 17.88 -10.60 1906.86 2.57 0.91 0 0 0 0.340 17.00 4.12
hero_birch_a 22.62 -11.12 1905.31 4.80 1.00 0 0 0 0.200 13.23 4.86
hero_spruce_c 30.26 -11.47 1905.34 4.49 1.13 0 0 0 0.420 19.00 3.91
hero_spruce_a -51.38 2.10 1910.34 0.90 1.10 0 0 0 0.380 16.00 3.90
hero_birch_a -44.98 0.56 1908.60 1.61 0.90 0 0 0 0.200 13.23 4.86
hero_oak_c -35.42 -0.54 1913.18 1.17 0.84 0 0 0 0.620 16.21 10.57
hero_spruce_c -31.87 -1.79 1910.49 1.84 1.13 0 0 0 0.420 19.00 3.91
hero_spruce_b -22.91 -3.43 1911.62 2.13 1.07 0 1 0 0.320 13.00 3.84
hero_pine_a -19.70 -4.58 1908.75 0.50 1.04 0 1 0 0.340 17.00 4.12
hero_oak_c -15.12 -5.34 1909.88 2.71 0.83 0 1 0 0.620 16.21 10.57
hero_spruce_c 6.98 -9.11 1909.20 4.06 0.98 0 1 0 0.420 19.00 3.91
hero_oak_b 11.45 -9.41 1911.51 1.88 0.95 0 1 0 0.480 10.11 6.89
hero_birch_b 17.75 -10.29 1909.76 2.17 0.98 0 0 0 0.220 14.31 7.20
hero_birch_a 21.96 -10.33 1912.62 0.37 0.98 0 0 0 0.200 13.23 4.86
hero_pine_b 30.39 -11.05 1909.91 3.92 0.89 0 0 0 0.300 14.00 4.13
hero_birch_b 34.33 -11.06 1911.04 2.96 1.12 0 0 0 0.220 14.31 7.20
hero_pine_a -48.63 3.13 1918.56 0.70 0.81 0 0 0 0.340 17.00 4.12
hero_oak_c -44.34 1.95 1916.85 5.94 1.02 0 0 0 0.620 16.21 10.57
hero_pine_a -35.88 0.69 1919.14 4.09 0.94 0 0 0 0.340 17.00 4.12
hero_spruce_a -29.41 -1.27 1916.09 1.10 1.09 0 0 0 0.380 16.00 3.90
hero_birch_b -25.93 -1.57 1918.30 3.27 1.06 0 1 0 0.220 14.31 7.20
hero_oak_a -17.84 -3.58 1917.34 2.89 1.01 0 1 0 0.550 13.74 8.57
hero_birch_b -13.26 -4.63 1915.99 4.27 0.85 0 1 0 0.220 14.31 7.20
hero_pine_a 1.05 -5.56 1919.33 6.13 0.99 0 1 0 0.340 17.00 4.12
hero_oak_c 6.47 -8.06 1916.33 4.27 1.00 0 1 0 0.620 16.21 10.57
hero_pine_a 10.15 -8.40 1917.59 1.36 0.98 0 1 0 0.340 17.00 4.12
hero_oak_c 22.10 -9.55 1919.11 1.28 0.99 0 0 0 0.620 16.21 10.57
hero_spruce_c 28.98 -10.48 1915.09 6.05 0.88 0 0 0 0.420 19.00 3.91
hero_spruce_c 34.77 -10.35 1917.84 3.27 0.85 0 0 0 0.420 19.00 3.91
hero_pine_b -50.17 4.29 1923.35 3.31 1.07 0 0 0 0.300 14.00 4.13
hero_pine_b -44.63 3.03 1922.14 1.22 1.03 0 0 0 0.300 14.00 4.13
hero_spruce_b -34.88 1.26 1923.13 0.63 1.09 0 0 0 0.320 13.00 3.84
hero_pine_a -29.68 -0.14 1921.43 4.85 0.80 0 0 0 0.340 17.00 4.12
hero_spruce_a -25.86 -0.60 1923.23 6.26 0.82 0 1 0 0.380 16.00 3.90
hero_pine_b -17.20 -2.86 1922.29 4.50 1.08 0 1 0 0.300 14.00 4.13
hero_pine_a -13.60 -3.67 1922.18 3.67 1.12 0 1 0 0.340 17.00 4.12
hero_spruce_a 3.33 -5.80 1924.85 3.32 0.87 0 1 0 0.380 16.00 3.90
hero_pine_a 9.31 -7.38 1923.40 0.95 0.99 0 1 0 0.340 17.00 4.12
hero_oak_c 17.35 -8.44 1923.41 0.87 0.91 0 0 0 0.620 16.21 10.57
hero_spruce_a 24.02 -9.46 1921.00 2.33 0.98 0 0 0 0.380 16.00 3.90
hero_spruce_a 33.08 -9.68 1923.30 0.71 0.94 0 0 0 0.380 16.00 3.90
hero_birch_b -47.76 4.49 1926.60 2.48 1.01 0 0 0 0.220 14.31 7.20
hero_spruce_b -35.06 2.42 1928.71 1.83 1.12 0 0 0 0.320 13.00 3.84
hero_spruce_a -33.37 1.72 1926.98 2.36 1.11 0 0 0 0.380 16.00 3.90
hero_oak_b -25.45 0.73 1930.24 1.49 0.98 0 1 0 0.480 10.11 6.89
hero_oak_c -17.81 -1.49 1928.25 3.40 0.99 0 1 0 0.620 16.21 10.57
hero_spruce_b -14.51 -2.70 1926.56 4.04 0.94 0 1 0 0.320 13.00 3.84
hero_spruce_a 7.04 -6.32 1927.34 5.94 1.11 0 1 0 0.380 16.00 3.90
hero_pine_a 13.21 -6.60 1931.26 1.39 0.92 0 1 0 0.340 17.00 4.12
hero_spruce_b 14.97 -7.15 1929.49 2.32 0.80 0 0 0 0.320 13.00 3.84
hero_birch_b 22.80 -7.85 1930.95 0.43 0.96 0 0 0 0.220 14.31 7.20
hero_pine_a 31.49 -8.90 1928.54 3.63 0.98 0 0 0 0.340 17.00 4.12
hero_birch_b 35.27 -9.30 1926.75 0.36 1.05 0 0 0 0.220 14.31 7.20
hero_spruce_b -46.87 6.21 1936.47 3.51 0.98 0 0 0 0.320 13.00 3.84
hero_spruce_b -35.99 3.88 1934.84 0.16 0.88 0 0 0 0.320 13.00 3.84
hero_spruce_a -28.90 2.55 1935.47 4.13 0.91 0 0 0 0.380 16.00 3.90
hero_pine_a -23.88 1.20 1934.08 0.43 0.91 0 1 0 0.340 17.00 4.12
hero_spruce_a -16.87 -0.04 1936.12 1.42 0.82 0 1 0 0.380 16.00 3.90
hero_spruce_c -13.04 -1.65 1934.76 0.51 0.88 0 1 0 0.420 19.00 3.91
hero_birch_a 5.11 -4.32 1935.25 5.16 1.10 0 1 0 0.200 13.23 4.86
hero_spruce_b 10.29 -5.85 1932.97 3.64 1.03 0 1 0 0.320 13.00 3.84
hero_pine_a 20.81 -6.74 1936.26 2.26 1.10 0 0 0 0.340 17.00 4.12
hero_pine_b 30.15 -7.87 1934.64 4.30 0.88 0 0 0 0.300 14.00 4.13
hero_spruce_c -42.74 6.70 1942.95 1.26 1.04 0 0 0 0.420 19.00 3.91
hero_birch_a -38.32 5.89 1942.77 0.89 0.90 0 0 0 0.200 13.23 4.86
hero_oak_b -28.80 3.58 1940.56 1.82 1.00 0 0 0 0.480 10.11 6.89
hero_spruce_a -25.78 3.02 1940.97 4.75 1.09 0 0 0 0.380 16.00 3.90
hero_spruce_c -17.91 1.42 1941.56 2.45 0.94 0 1 0 0.420 19.00 3.91
hero_spruce_c -13.69 0.18 1943.27 3.75 0.95 0 1 0 0.420 19.00 3.91
hero_spruce_a 5.91 -2.82 1943.24 3.02 0.90 0 1 0 0.380 16.00 3.90
hero_birch_a 9.58 -3.90 1942.47 0.49 1.15 0 1 0 0.200 13.23 4.86
hero_spruce_c 15.55 -5.51 1939.02 5.04 0.91 0 0 0 0.420 19.00 3.91
hero_oak_c 24.93 -6.63 1939.32 1.86 0.93 0 0 0 0.620 16.21 10.57
hero_birch_b 27.94 -6.46 1942.06 1.58 1.10 0 0 0 0.220 14.31 7.20
hero_pine_b 33.72 -7.14 1940.57 1.48 1.13 0 0 0 0.300 14.00 4.13
hero_spruce_b -49.52 8.80 1949.02 1.54 1.06 0 0 0 0.320 13.00 3.84
hero_spruce_b -43.30 7.49 1946.79 1.31 1.11 0 0 0 0.320 13.00 3.84
hero_spruce_b -36.90 6.65 1948.21 5.23 1.13 0 0 0 0.320 13.00 3.84
hero_birch_a -30.46 4.70 1944.48 3.09 1.06 0 0 0 0.200 13.23 4.86
hero_pine_a -23.07 4.12 1949.02 0.96 1.03 0 1 0 0.340 17.00 4.12
hero_spruce_b -19.41 3.40 1949.30 5.98 1.12 0 1 0 0.320 13.00 3.84
hero_spruce_a 5.75 -2.36 1945.23 3.84 1.01 0 1 0 0.380 16.00 3.90
hero_pine_b 12.59 -3.14 1948.62 1.10 0.87 0 1 0 0.300 14.00 4.13
hero_pine_b 15.85 -3.61 1948.98 1.48 1.06 0 0 0 0.300 14.00 4.13
hero_birch_a 24.35 -5.53 1945.06 2.25 1.09 0 0 0 0.200 13.23 4.86
hero_spruce_a 27.89 -5.94 1944.79 2.05 0.94 0 0 0 0.380 16.00 3.90
hero_spruce_c 32.93 -6.01 1946.72 3.76 1.01 0 0 0 0.420 19.00 3.91
hero_pine_a -48.75 9.46 1953.93 0.43 1.08 0 0 0 0.340 17.00 4.12
hero_spruce_c -44.15 8.87 1954.16 0.38 1.02 0 0 0 0.420 19.00 3.91
hero_oak_c -36.73 7.25 1951.61 0.51 1.03 0 0 0 0.620 16.21 10.57
hero_spruce_a -30.15 6.65 1954.84 2.84 0.94 0 0 0 0.380 16.00 3.90
hero_spruce_c -27.09 6.03 1954.63 1.12 0.99 0 0 0 0.420 19.00 3.91
hero_birch_b -20.67 4.50 1953.35 3.41 0.96 0 1 0 0.220 14.31 7.20
hero_birch_a -13.13 1.73 1952.28 0.31 0.95 0 1 0 0.200 13.23 4.86
hero_birch_a 3.73 0.25 1954.69 2.01 0.85 0 1 0 0.200 13.23 4.86
hero_spruce_c 12.07 -2.20 1952.89 1.40 1.09 0 1 0 0.420 19.00 3.91
hero_spruce_b 14.72 -2.61 1953.03 1.16 1.11 0 1 0 0.320 13.00 3.84
hero_oak_b 22.53 -3.92 1952.12 0.93 0.87 0 0 0 0.480 10.11 6.89
hero_birch_b 29.10 -4.27 1954.25 4.77 1.04 0 0 0 0.220 14.31 7.20
hero_oak_b -40.62 8.85 1957.33 3.27 0.99 0 0 0 0.480 10.11 6.89
hero_oak_c -37.60 8.76 1959.60 6.27 0.80 0 0 0 0.620 16.21 10.57
hero_birch_b -31.05 7.69 1959.76 4.62 0.92 0 0 0 0.220 14.31 7.20
hero_spruce_a -25.15 6.82 1961.05 2.63 1.04 0 0 0 0.380 16.00 3.90
hero_spruce_c -16.65 4.52 1957.70 2.96 1.09 0 1 0 0.420 19.00 3.91
hero_spruce_c 14.49 -1.23 1959.55 1.63 0.95 0 1 0 0.420 19.00 3.91
hero_spruce_a 22.41 -2.06 1961.48 5.59 1.05 0 0 0 0.380 16.00 3.90
hero_pine_a 30.72 -3.07 1961.33 1.22 1.02 0 0 0 0.340 17.00 4.12
hero_oak_b 37.06 -3.97 1959.32 4.33 1.08 0 0 0 0.480 10.11 6.89
hero_oak_b -44.11 10.60 1966.55 4.37 1.10 0 0 0 0.480 10.11 6.89
hero_oak_b -38.21 9.83 1966.32 1.93 0.84 0 0 0 0.480 10.11 6.89
hero_oak_a -22.50 6.63 1962.75 0.75 0.97 0 1 0 0.550 13.74 8.57
hero_birch_a -19.86 6.30 1963.77 0.43 0.99 0 1 0 0.200 13.23 4.86
hero_pine_b -15.02 5.69 1967.16 2.24 1.07 0 1 0 0.300 14.00 4.13
hero_birch_b 6.57 1.05 1963.14 1.85 0.87 0 1 0 0.220 14.31 7.20
hero_spruce_c 12.72 0.32 1965.75 3.55 0.82 0 1 0 0.420 19.00 3.91
hero_spruce_b 18.48 -0.53 1966.19 3.98 0.82 0 0 0 0.320 13.00 3.84
hero_spruce_a 24.10 -1.12 1967.41 0.11 0.96 0 0 0 0.380 16.00 3.90
hero_birch_b 31.06 -2.71 1963.33 5.79 0.95 0 0 0 0.220 14.31 7.20
hero_spruce_b 34.71 -2.61 1965.65 2.42 1.06 0 0 0 0.320 13.00 3.84
hero_birch_b 39.77 -3.40 1963.27 0.44 1.12 0 0 0 0.220 14.31 7.20
hero_spruce_a -44.67 11.18 1971.13 3.44 1.02 0 0 0 0.380 16.00 3.90
hero_birch_a -37.01 10.26 1971.01 4.71 0.92 0 0 0 0.200 13.23 4.86
hero_spruce_b -30.45 9.05 1969.18 2.81 0.95 0 0 0 0.320 13.00 3.84
hero_birch_a -26.71 8.96 1972.80 5.35 0.90 0 0 0 0.200 13.23 4.86
hero_oak_b -18.93 7.31 1970.81 0.40 0.86 0 1 0 0.480 10.11 6.89
hero_pine_a -12.85 5.64 1971.67 1.75 1.11 0 1 0 0.340 17.00 4.12
hero_spruce_c 13.49 0.94 1969.75 3.46 1.09 0 1 0 0.420 19.00 3.91
hero_oak_a 21.42 0.23 1972.58 0.30 1.04 0 0 0 0.550 13.74 8.57
hero_oak_a 26.99 -1.02 1969.76 0.60 0.83 0 0 0 0.550 13.74 8.57
hero_birch_b 36.86 -1.34 1973.47 4.41 1.03 0 0 0 0.220 14.31 7.20
hero_pine_a 40.53 -2.19 1970.01 5.37 0.90 0 0 0 0.340 17.00 4.12
hero_oak_a -41.33 11.50 1978.23 0.79 0.97 0 0 0 0.550 13.74 8.57
hero_birch_b -36.87 10.66 1974.85 4.07 1.07 0 0 0 0.220 14.31 7.20
hero_oak_b -33.23 10.45 1977.31 2.27 1.06 0 0 0 0.480 10.11 6.89
hero_spruce_a -23.08 9.20 1979.39 4.61 0.94 0 0 0 0.380 16.00 3.90
hero_oak_a -19.56 8.17 1975.89 5.34 0.87 0 1 0 0.550 13.74 8.57
hero_pine_a -11.10 5.72 1976.52 5.92 1.12 0 1 0 0.340 17.00 4.12
hero_oak_c -8.37 4.43 1979.52 1.88 0.81 0 1 0 0.620 16.21 10.57
hero_oak_c 6.84 3.77 1979.50 2.63 0.82 0 1 0 0.620 16.21 10.57
hero_birch_b 11.92 2.52 1976.95 5.66 0.94 0 1 0 0.220 14.31 7.20
hero_spruce_b 14.55 1.94 1976.11 3.52 1.00 0 1 0 0.320 13.00 3.84
hero_pine_a 21.52 1.22 1978.28 3.21 1.14 0 0 0 0.340 17.00 4.12
hero_birch_b 27.45 0.33 1977.57 4.22 1.02 0 0 0 0.220 14.31 7.20
hero_spruce_b 37.13 -0.32 1979.34 1.92 0.96 0 0 0 0.320 13.00 3.84
hero_pine_a 42.22 -1.31 1975.47 2.05 0.93 0 0 0 0.340 17.00 4.12
hero_spruce_a -42.33 11.85 1981.58 1.89 0.88 0 0 0 0.380 16.00 3.90
hero_pine_b -29.96 10.38 1980.94 0.49 1.05 0 0 0 0.300 14.00 4.13
hero_spruce_a -24.33 9.71 1982.25 3.32 0.94 0 0 0 0.380 16.00 3.90
hero_oak_a -19.37 8.80 1981.33 5.78 1.10 0 1 0 0.550 13.74 8.57
hero_pine_a -12.84 8.02 1985.32 0.64 0.86 0 1 0 0.340 17.00 4.12
hero_pine_b 10.60 3.72 1982.92 2.86 1.01 0 1 0 0.300 14.00 4.13
hero_spruce_b 16.12 2.93 1983.63 2.05 0.96 0 1 0 0.320 13.00 3.84
hero_spruce_a 22.42 2.27 1985.30 2.18 0.92 0 0 0 0.380 16.00 3.90
hero_oak_c 26.80 1.73 1985.49 4.21 0.96 0 0 0 0.620 16.21 10.57
hero_spruce_a 42.79 0.18 1984.76 1.52 1.12 0 0 0 0.380 16.00 3.90
hero_spruce_c -44.81 12.42 1989.61 2.40 1.04 0 0 0 0.420 19.00 3.91
hero_pine_a -35.88 11.80 1991.50 6.11 1.06 0 0 0 0.340 17.00 4.12
hero_pine_b -30.44 11.10 1988.98 0.40 0.91 0 0 0 0.300 14.00 4.13
hero_spruce_a -20.10 9.86 1991.13 5.10 1.06 0 1 0 0.380 16.00 3.90
hero_birch_a -11.59 8.22 1990.39 1.51 0.84 0 1 0 0.200 13.23 4.86
hero_pine_a -6.99 5.39 1989.79 5.32 1.12 0 1 0 0.340 17.00 4.12
hero_pine_b 6.86 4.87 1988.51 2.17 0.81 0 1 0 0.300 14.00 4.13
hero_oak_c 9.97 4.70 1989.38 4.02 0.92 0 1 0 0.620 16.21 10.57
hero_spruce_a 18.63 3.60 1990.86 4.12 0.86 0 1 0 0.380 16.00 3.90
hero_spruce_c 23.94 2.75 1990.04 0.66 0.99 0 0 0 0.420 19.00 3.91
hero_birch_a 27.80 2.27 1989.89 0.30 0.86 0 0 0 0.200 13.23 4.86
hero_oak_c 35.19 1.70 1991.22 0.87 0.92 0 0 0 0.620 16.21 10.57
hero_spruce_c 43.45 0.61 1987.80 2.60 1.04 0 0 0 0.420 19.00 3.91
hero_spruce_b -45.01 12.53 1992.81 2.11 0.87 0 0 0 0.320 13.00 3.84
hero_birch_a -39.21 12.14 1992.97 0.73 1.00 0 0 0 0.200 13.23 4.86
hero_spruce_c -29.97 11.41 1996.59 2.45 0.87 0 0 0 0.420 19.00 3.91
hero_pine_a -27.00 11.07 1996.24 0.23 0.91 0 0 0 0.340 17.00 4.12
hero_oak_a -20.92 10.18 1994.42 4.97 1.08 0 0 0 0.550 13.74 8.57
hero_spruce_c -13.58 9.07 1993.76 1.96 0.96 0 1 0 0.420 19.00 3.91
hero_pine_a -8.43 6.32 1992.65 0.31 0.90 0 1 0 0.340 17.00 4.12
hero_spruce_c 5.51 5.31 1995.04 0.79 1.01 0 1 0 0.420 19.00 3.91
hero_spruce_c 8.49 5.34 1993.66 4.53 0.92 0 1 0 0.420 19.00 3.91
hero_birch_b 17.98 4.34 1996.29 2.25 1.08 0 1 0 0.220 14.31 7.20
hero_spruce_a 23.76 3.54 1996.00 6.26 1.04 0 0 0 0.380 16.00 3.90
hero_oak_a 36.93 1.83 1993.18 0.23 0.89 0 0 0 0.550 13.74 8.57
hero_oak_c 41.43 1.47 1992.94 0.57 1.02 0 0 0 0.620 16.21 10.57
hero_spruce_c -44.38 12.55 1998.92 2.05 0.88 0 0 0 0.420 19.00 3.91
hero_spruce_b -30.07 11.53 2003.23 1.09 0.98 0 0 0 0.320 13.00 3.84
hero_pine_b -23.74 10.87 2002.69 2.88 0.88 0 0 0 0.300 14.00 4.13
hero_pine_a -19.74 10.38 2002.79 1.04 1.01 0 1 0 0.340 17.00 4.12
hero_spruce_a -14.65 9.56 1999.05 1.47 1.01 0 1 0 0.380 16.00 3.90
hero_spruce_c -8.55 7.26 2000.02 5.32 0.89 0 1 0 0.420 19.00 3.91
hero_spruce_b 13.07 5.57 2001.88 1.01 1.11 0 1 0 0.320 13.00 3.84
hero_birch_b 23.25 4.27 2002.26 1.59 0.97 0 0 0 0.220 14.31 7.20
hero_oak_b 30.53 3.08 1998.74 0.55 1.08 0 0 0 0.480 10.11 6.89
hero_pine_a 35.71 3.10 2003.42 0.84 1.10 0 0 0 0.340 17.00 4.12
hero_pine_b 38.89 2.73 2001.89 2.03 0.85 0 0 0 0.300 14.00 4.13
hero_spruce_a -42.57 12.33 2007.03 5.17 1.06 0 0 0 0.380 16.00 3.90
hero_pine_b -38.47 12.18 2005.10 5.36 0.88 0 0 0 0.300 14.00 4.13
hero_birch_a -30.95 11.59 2006.85 2.40 1.04 0 0 0 0.200 13.23 4.86
hero_pine_b -24.66 10.99 2006.48 1.32 1.06 0 0 0 0.300 14.00 4.13
hero_spruce_c -16.89 10.08 2004.88 5.98 0.85 0 1 0 0.420 19.00 3.91
hero_pine_a -11.12 9.08 2007.03 2.24 0.80 0 1 0 0.340 17.00 4.12
hero_spruce_c -8.11 7.80 2008.86 2.39 0.92 0 1 0 0.420 19.00 3.91
hero_pine_a 7.32 6.07 2008.68 3.65 1.11 0 1 0 0.340 17.00 4.12
hero_spruce_b 9.70 6.01 2004.83 6.19 0.91 0 1 0 0.320 13.00 3.84
hero_birch_b 18.16 5.25 2006.76 1.42 1.06 0 1 0 0.220 14.31 7.20
hero_oak_c 20.53 5.03 2007.50 3.30 0.84 0 1 0 0.620 16.21 10.57
hero_spruce_c 30.06 4.04 2008.33 4.82 1.11 0 0 0 0.420 19.00 3.91
hero_birch_a 34.09 3.36 2004.54 2.96 1.02 0 0 0 0.200 13.23 4.86
hero_spruce_b 42.99 2.93 2006.52 0.25 0.95 0 0 0 0.320 13.00 3.84
hero_oak_a -40.79 12.11 2011.26 0.38 1.09 0 0 0 0.550 13.74 8.57
hero_spruce_c -35.02 11.78 2012.55 5.13 0.87 0 0 0 0.420 19.00 3.91
hero_birch_a -31.42 11.54 2011.13 4.96 1.14 0 0 0 0.200 13.23 4.86
hero_oak_c -26.65 11.07 2014.47 0.70 0.83 0 0 0 0.620 16.21 10.57
hero_spruce_a -19.96 10.44 2012.31 1.49 1.10 0 0 0 0.380 16.00 3.90
hero_oak_b -11.36 9.27 2011.23 4.11 0.86 0 1 0 0.480 10.11 6.89
hero_oak_c -7.45 7.71 2012.72 2.67 0.86 0 1 0 0.620 16.21 10.57
hero_birch_b 11.74 6.41 2015.00 2.67 0.83 0 1 0 0.220 14.31 7.20
hero_spruce_a 17.97 5.69 2014.84 0.52 0.98 0 1 0 0.380 16.00 3.90
hero_spruce_c 22.53 5.16 2014.53 0.22 1.11 0 0 0 0.420 19.00 3.91
hero_birch_a 28.04 4.65 2015.04 2.58 0.81 0 0 0 0.200 13.23 4.86
hero_oak_b 36.60 3.90 2014.47 3.47 0.98 0 0 0 0.480 10.11 6.89
hero_spruce_b 41.79 3.63 2015.45 1.53 1.13 0 0 0 0.320 13.00 3.84
hero_pine_a 45.60 3.29 2012.79 6.01 1.13 0 0 0 0.340 17.00 4.12
hero_birch_a -43.93 11.98 2016.66 0.69 0.91 0 0 0 0.200 13.23 4.86
hero_pine_a -37.21 11.51 2020.37 0.75 0.85 0 0 0 0.340 17.00 4.12
hero_oak_b -28.67 11.09 2017.71 4.08 1.07 0 0 0 0.480 10.11 6.89
hero_spruce_c -24.72 10.58 2021.21 4.47 1.11 0 0 0 0.420 19.00 3.91
hero_oak_a -20.25 10.28 2018.70 2.29 1.14 0 0 0 0.550 13.74 8.57
hero_oak_b -10.76 9.06 2018.05 6.06 0.83 0 1 0 0.480 10.11 6.89
hero_pine_b -8.21 8.24 2018.26 1.09 1.13 0 1 0 0.300 14.00 4.13
hero_pine_b 10.10 6.32 2019.80 5.00 0.92 0 1 0 0.300 14.00 4.13
hero_spruce_c 17.71 5.78 2017.57 5.96 1.09 0 1 0 0.420 19.00 3.91
hero_oak_a 25.34 5.01 2018.43 3.64 1.06 0 0 0 0.550 13.74 8.57
hero_birch_a 36.17 4.21 2020.47 1.52 0.86 0 0 0 0.200 13.23 4.86
hero_pine_a -43.24 11.42 2024.56 1.66 1.05 0 0 0 0.340 17.00 4.12
hero_spruce_b -37.98 11.31 2023.51 5.54 1.13 0 0 0 0.320 13.00 3.84
hero_spruce_c -28.73 10.76 2023.83 4.00 1.00 0 0 0 0.420 19.00 3.91
hero_pine_b -21.50 10.16 2023.93 1.84 0.99 0 0 0 0.300 14.00 4.13
hero_oak_a -14.29 9.44 2024.25 6.13 1.01 0 1 0 0.550 13.74 8.57
hero_spruce_c -7.80 8.11 2026.39 1.53 0.80 0 1 0 0.420 19.00 3.91
hero_pine_a 8.59 6.11 2023.66 1.73 1.11 0 1 0 0.340 17.00 4.12
hero_oak_a 17.79 5.85 2024.11 0.61 0.90 0 1 0 0.550 13.74 8.57
hero_pine_b 24.13 5.21 2026.98 4.19 0.97 0 0 0 0.300 14.00 4.13
hero_birch_b 29.35 4.78 2026.45 2.25 0.92 0 0 0 0.220 14.31 7.20
hero_spruce_c 35.36 4.34 2025.37 1.00 1.05 0 0 0 0.420 19.00 3.91
hero_spruce_c 43.39 3.93 2026.20 0.89 1.10 0 0 0 0.420 19.00 3.91
hero_spruce_b -41.83 10.80 2031.85 3.59 0.95 0 0 0 0.320 13.00 3.84
hero_birch_a -37.78 10.93 2028.55 0.54 1.01 0 0 0 0.200 13.23 4.86
hero_spruce_b -27.17 10.23 2029.44 1.11 1.15 0 0 0 0.320 13.00 3.84
hero_pine_a -19.82 9.41 2032.50 0.18 1.00 0 0 0 0.340 17.00 4.12
hero_spruce_c -12.56 9.01 2028.72 4.76 0.89 0 1 0 0.420 19.00 3.91
hero_pine_b -4.83 6.38 2033.04 2.94 0.89 0 1 0 0.300 14.00 4.13
hero_pine_b 16.05 5.81 2032.43 0.41 1.03 0 1 0 0.300 14.00 4.13
hero_pine_a 23.03 5.25 2029.38 5.05 1.15 0 0 0 0.340 17.00 4.12
hero_pine_b 29.65 4.71 2031.97 4.26 0.91 0 0 0 0.300 14.00 4.13
hero_birch_b 33.66 4.46 2029.24 3.17 1.08 0 0 0 0.220 14.31 7.20
hero_spruce_b 40.58 4.09 2029.81 0.52 0.88 0 0 0 0.320 13.00 3.84
hero_spruce_b 44.91 3.91 2030.23 4.88 0.97 0 0 0 0.320 13.00 3.84
hero_pine_b -35.09 9.95 2037.98 4.75 1.08 0 0 0 0.300 14.00 4.13
hero_oak_b -33.00 10.15 2034.92 5.08 0.85 0 0 0 0.480 10.11 6.89
hero_spruce_b -26.61 9.50 2037.52 0.54 0.91 0 0 0 0.320 13.00 3.84
hero_birch_b -19.21 8.83 2038.68 0.95 0.80 0 0 0 0.220 14.31 7.20
hero_oak_c -15.13 8.79 2034.93 1.83 0.97 0 1 0 0.620 16.21 10.57
hero_birch_b -6.22 6.90 2037.08 0.24 0.90 0 1 0 0.220 14.31 7.20
hero_spruce_b 18.18 5.48 2036.17 3.02 0.82 0 1 0 0.320 13.00 3.84
hero_oak_c 24.58 4.93 2036.29 2.91 1.09 0 0 0 0.620 16.21 10.57
hero_birch_a 30.77 4.50 2036.55 3.73 1.05 0 0 0 0.200 13.23 4.86
hero_spruce_c 39.10 3.99 2038.64 3.01 1.01 0 0 0 0.420 19.00 3.91
hero_oak_c -27.45 9.14 2041.58 3.51 1.11 0 0 0 0.620 16.21 10.57
hero_pine_a -12.81 7.90 2042.38 3.74 0.98 0 1 0 0.340 17.00 4.12
hero_birch_b -6.14 6.33 2045.51 1.64 0.83 0 1 0 0.220 14.31 7.20
hero_spruce_a 12.65 5.51 2042.17 3.32 1.01 0 1 0 0.380 16.00 3.90
hero_spruce_a 17.80 5.20 2041.28 0.03 1.00 0 1 0 0.380 16.00 3.90
hero_oak_c 28.23 4.45 2041.62 4.12 0.83 0 0 0 0.620 16.21 10.57
hero_spruce_a 34.95 3.87 2045.37 1.39 0.91 0 0 0 0.380 16.00 3.90
hero_oak_c 42.91 3.61 2045.13 3.12 0.83 0 0 0 0.620 16.21 10.57
hero_oak_b 45.24 3.54 2045.21 4.15 0.91 0 0 0 0.480 10.11 6.89
hero_birch_b -35.50 8.56 2051.36 1.09 1.12 0 0 0 0.220 14.31 7.20
hero_spruce_b -32.66 8.70 2048.96 1.71 0.83 0 0 0 0.320 13.00 3.84
hero_pine_b -23.57 7.81 2051.28 5.35 1.15 0 0 0 0.300 14.00 4.13
hero_spruce_b -12.78 6.99 2051.09 0.95 0.84 0 1 0 0.320 13.00 3.84
hero_oak_a -9.33 6.67 2050.65 0.75 1.07 0 1 0 0.550 13.74 8.57
hero_pine_b 11.62 5.11 2047.66 0.18 1.10 0 1 0 0.300 14.00 4.13
hero_spruce_b 15.67 4.69 2050.04 5.05 0.93 0 1 0 0.320 13.00 3.84
hero_birch_b 24.97 4.03 2050.74 4.91 0.82 0 0 0 0.220 14.31 7.20
hero_pine_a 31.25 3.74 2049.86 1.90 1.04 0 0 0 0.340 17.00 4.12
hero_spruce_a 34.71 3.65 2049.11 5.59 0.93 0 0 0 0.380 16.00 3.90
hero_pine_b -36.79 8.42 2053.42 4.01 0.93 0 0 0 0.300 14.00 4.13
hero_oak_b -33.51 8.22 2053.60 0.08 0.90 0 0 0 0.480 10.11 6.89
hero_spruce_b -17.97 6.73 2056.94 6.01 1.00 0 0 0 0.320 13.00 3.84
hero_oak_a -12.10 6.64 2053.48 5.42 1.10 0 1 0 0.550 13.74 8.57
hero_spruce_b -4.95 5.29 2053.32 0.99 0.81 0 1 0 0.320 13.00 3.84
hero_spruce_c -3.03 4.85 2053.77 2.44 1.03 0 1 0 0.420 19.00 3.91
hero_spruce_c 11.56 4.60 2053.80 2.39 1.08 0 1 0 0.420 19.00 3.91
hero_birch_b 23.26 3.89 2053.22 3.22 1.08 0 0 0 0.220 14.31 7.20
hero_pine_b 29.42 3.48 2054.21 2.47 1.13 0 0 0 0.300 14.00 4.13
hero_oak_c 34.16 3.08 2056.79 4.54 1.07 0 0 0 0.620 16.21 10.57
hero_oak_b 39.86 3.10 2054.33 2.66 0.88 0 0 0 0.480 10.11 6.89
hero_pine_b -34.98 7.26 2062.70 3.90 1.13 0 0 0 0.300 14.00 4.13
hero_oak_c -32.28 7.20 2061.90 5.31 1.03 0 0 0 0.620 16.21 10.57
hero_oak_a -27.36 7.11 2059.79 3.11 1.02 0 0 0 0.550 13.74 8.57
hero_oak_b -19.97 6.70 2058.55 0.71 1.09 0 0 0 0.480 10.11 6.89
hero_birch_a -4.88 4.80 2058.73 1.95 0.83 0 1 0 0.200 13.23 4.86
hero_oak_c 12.32 3.75 2062.28 1.19 1.14 0 1 0 0.620 16.21 10.57
hero_spruce_a 18.76 3.45 2060.73 0.82 1.13 0 1 0 0.380 16.00 3.90
hero_pine_b 23.72 3.12 2061.39 3.57 0.89 0 0 0 0.300 14.00 4.13
hero_pine_b 26.94 2.96 2061.26 5.63 1.15 0 0 0 0.300 14.00 4.13
hero_oak_a 33.98 2.65 2061.74 2.05 0.99 0 0 0 0.550 13.74 8.57
hero_spruce_b 40.29 2.46 2061.88 4.77 1.07 0 0 0 0.320 13.00 3.84
hero_pine_b -37.61 6.76 2068.57 1.40 1.14 0 0 0 0.300 14.00 4.13
hero_birch_a -29.86 6.38 2067.66 0.05 0.93 0 0 0 0.200 13.23 4.86
hero_spruce_c -12.69 5.17 2066.49 1.44 0.90 0 1 0 0.420 19.00 3.91
hero_birch_a -8.39 4.87 2065.67 6.01 1.06 0 1 0 0.200 13.23 4.86
hero_oak_a 11.65 3.53 2065.08 2.92 1.05 0 1 0 0.550 13.74 8.57
hero_oak_b 15.13 3.07 2066.85 3.83 0.81 0 1 0 0.480 10.11 6.89
hero_spruce_a 22.93 2.55 2067.38 3.67 1.01 0 0 0 0.380 16.00 3.90
hero_pine_a 27.41 2.38 2067.04 3.23 1.04 0 0 0 0.340 17.00 4.12
hero_spruce_a 33.07 2.37 2065.22 5.81 0.90 0 0 0 0.380 16.00 3.90
hero_pine_a 39.14 2.13 2065.97 0.16 0.99 0 0 0 0.340 17.00 4.12
hero_oak_a 47.65 1.71 2069.25 2.36 1.02 0 0 0 0.550 13.74 8.57
hero_spruce_c -41.21 6.35 2074.61 4.24 0.95 0 0 0 0.420 19.00 3.91
hero_birch_b -34.77 6.34 2070.90 2.36 0.97 0 0 0 0.220 14.31 7.20
hero_pine_a -29.14 5.83 2072.00 4.14 0.91 0 0 0 0.340 17.00 4.12
hero_oak_b -19.84 5.01 2072.72 0.04 0.94 0 0 0 0.480 10.11 6.89
hero_oak_b -12.54 4.43 2072.68 1.42 0.82 0 1 0 0.480 10.11 6.89
hero_birch_b -6.53 3.47 2075.22 5.31 1.14 0 1 0 0.220 14.31 7.20
hero_pine_b 8.64 3.15 2071.93 0.58 1.13 0 1 0 0.300 14.00 4.13
hero_pine_b 17.37 1.96 2075.36 5.03 1.10 0 1 0 0.300 14.00 4.13
hero_oak_c 20.71 1.81 2075.36 1.96 0.90 0 1 0 0.620 16.21 10.57
hero_pine_b 28.08 1.59 2074.39 3.74 1.07 0 0 0 0.300 14.00 4.13
hero_pine_a 37.41 1.71 2070.88 4.70 0.88 0 0 0 0.340 17.00 4.12
hero_spruce_a 40.68 1.45 2072.65 3.75 1.13 0 0 0 0.380 16.00 3.90
hero_oak_c -38.22 5.93 2076.76 4.63 1.03 0 0 0 0.620 16.21 10.57
hero_spruce_a -29.60 5.33 2076.73 1.30 0.93 0 0 0 0.380 16.00 3.90
hero_oak_a -26.85 4.64 2080.86 1.05 1.10 0 0 0 0.550 13.74 8.57
hero_spruce_a -17.74 4.39 2076.59 2.72 0.88 0 0 0 0.380 16.00 3.90
hero_spruce_b -13.20 3.76 2078.68 1.49 0.97 0 1 0 0.320 13.00 3.84
hero_oak_b -8.15 3.18 2079.88 3.57 0.99 0 1 0 0.480 10.11 6.89
hero_oak_c 9.44 2.40 2079.39 1.99 0.87 0 1 0 0.620 16.21 10.57
hero_birch_a 15.67 1.48 2080.69 3.74 1.09 0 1 0 0.200 13.23 4.86
hero_spruce_c 23.38 1.36 2078.58 4.77 0.81 0 0 0 0.420 19.00 3.91
hero_oak_b 28.62 1.38 2076.50 3.60 0.91 0 0 0 0.480 10.11 6.89
hero_pine_a 33.90 0.74 2081.40 4.63 0.92 0 0 0 0.340 17.00 4.12
hero_oak_c 38.86 0.91 2078.55 3.64 1.09 0 0 0 0.620 16.21 10.57
hero_spruce_a 47.32 1.01 2076.78 1.24 0.99 0 0 0 0.380 16.00 3.90
hero_pine_b -40.88 5.46 2082.91 4.74 1.13 0 0 0 0.300 14.00 4.13
hero_pine_a -39.08 5.00 2086.32 1.93 1.02 0 0 0 0.340 17.00 4.12
hero_oak_b -31.19 4.69 2083.75 5.21 0.87 0 0 0 0.480 10.11 6.89
hero_birch_a -27.48 4.15 2086.12 5.07 0.82 0 0 0 0.200 13.23 4.86
hero_pine_b -21.23 3.54 2086.65 2.64 0.99 0 0 0 0.300 14.00 4.13
hero_spruce_b -13.16 3.29 2082.83 5.26 0.93 0 1 0 0.320 13.00 3.84
hero_spruce_b -7.71 2.43 2086.12 0.12 1.02 0 1 0 0.320 13.00 3.84
hero_spruce_a 22.72 0.61 2085.84 0.41 1.10 0 0 0 0.380 16.00 3.90
hero_spruce_c 26.76 0.53 2085.29 2.04 1.04 0 0 0 0.420 19.00 3.91
hero_spruce_a 34.67 0.53 2083.29 2.09 0.96 0 0 0 0.380 16.00 3.90
hero_spruce_b 41.45 0.19 2085.87 6.08 0.91 0 0 0 0.320 13.00 3.84
hero_pine_b -42.16 4.87 2090.01 1.21 0.85 0 0 0 0.300 14.00 4.13
hero_spruce_b -38.38 4.26 2093.51 5.43 0.88 0 0 0 0.320 13.00 3.84
hero_spruce_a -28.91 3.68 2091.70 5.32 0.81 0 0 0 0.380 16.00 3.90
hero_oak_c -27.44 3.66 2090.69 6.07 0.88 0 0 0 0.620 16.21 10.57
hero_spruce_a -18.69 3.12 2088.64 1.83 0.97 0 0 0 0.380 16.00 3.90
hero_oak_a -14.96 2.34 2092.89 1.59 1.15 0 1 0 0.550 13.74 8.57
hero_oak_a -5.42 1.61 2092.08 4.83 1.00 0 1 0 0.550 13.74 8.57
hero_spruce_a 10.32 1.00 2092.47 5.23 0.85 0 1 0 0.380 16.00 3.90
hero_oak_b 18.43 0.07 2092.94 0.88 1.14 0 1 0 0.480 10.11 6.89
hero_spruce_a 23.89 -0.00 2091.70 2.64 0.94 0 0 0 0.380 16.00 3.90
hero_pine_b 38.50 -0.22 2090.35 3.97 1.10 0 0 0 0.300 14.00 4.13
hero_spruce_a 45.25 -0.17 2089.39 1.14 0.93 0 0 0 0.380 16.00 3.90
hero_spruce_b -35.39 3.92 2094.66 1.25 0.91 0 0 0 0.320 13.00 3.84
hero_spruce_a -33.01 3.45 2097.48 4.47 0.94 0 0 0 0.380 16.00 3.90
hero_birch_a -22.69 2.76 2095.36 4.24 1.10 0 0 0 0.200 13.23 4.86
hero_pine_a -19.22 2.30 2096.87 0.32 1.14 0 0 0 0.340 17.00 4.12
hero_spruce_a -13.25 1.64 2098.69 4.75 0.87 0 1 0 0.380 16.00 3.90
hero_spruce_c -5.00 1.10 2097.65 0.76 0.88 0 1 0 0.420 19.00 3.91
hero_oak_a 10.08 0.46 2098.68 1.78 1.08 0 1 0 0.550 13.74 8.57
hero_spruce_b 16.37 -0.16 2096.61 0.09 0.90 0 1 0 0.320 13.00 3.84
hero_pine_b 23.84 -0.60 2098.14 0.60 0.97 0 0 0 0.300 14.00 4.13
hero_oak_a 29.47 -0.41 2094.50 2.69 0.82 0 0 0 0.550 13.74 8.57
hero_pine_a 33.26 -0.71 2096.90 3.53 0.84 0 0 0 0.340 17.00 4.12
hero_pine_a 41.58 -0.68 2095.41 3.13 0.81 0 0 0 0.340 17.00 4.12
hero_spruce_b 46.38 -0.62 2094.51 4.31 0.80 0 0 0 0.320 13.00 3.84
hero_spruce_b -41.82 3.87 2100.52 3.33 0.86 0 0 0 0.320 13.00 3.84
hero_pine_b -31.73 2.99 2101.11 5.40 1.06 0 0 0 0.300 14.00 4.13
hero_spruce_b -22.90 2.19 2101.38 0.90 1.11 0 0 0 0.320 13.00 3.84
hero_spruce_c -17.16 1.58 2102.92 3.67 0.80 0 1 0 0.420 19.00 3.91
hero_spruce_b -15.15 1.17 2105.41 1.03 1.01 0 1 0 0.320 13.00 3.84
hero_spruce_c -9.28 1.09 2100.95 4.00 0.86 0 1 0 0.420 19.00 3.91
hero_pine_b 13.15 -0.28 2100.65 2.68 1.13 0 1 0 0.300 14.00 4.13
hero_spruce_c 17.33 -0.83 2103.59 2.90 1.03 0 1 0 0.420 19.00 3.91
hero_spruce_c 21.84 -0.84 2101.93 3.27 0.86 0 1 0 0.420 19.00 3.91
hero_spruce_b 28.53 -1.01 2101.55 2.18 0.91 0 0 0 0.320 13.00 3.84
hero_pine_a 33.39 -1.25 2103.09 4.83 1.09 0 0 0 0.340 17.00 4.12
hero_birch_b 42.97 -1.16 2100.65 4.65 1.13 0 0 0 0.220 14.31 7.20
hero_spruce_b -34.57 2.50 2109.34 5.13 0.98 0 0 0 0.320 13.00 3.84
hero_spruce_b -31.36 2.11 2110.62 1.23 1.07 0 0 0 0.320 13.00 3.84
hero_spruce_c -24.84 1.73 2108.38 4.56 1.14 0 0 0 0.420 19.00 3.91
hero_pine_b -17.38 1.18 2107.48 1.69 0.95 0 1 0 0.300 14.00 4.13
hero_oak_b -14.40 0.74 2109.65 3.50 0.99 0 1 0 0.480 10.11 6.89
hero_spruce_a -6.03 0.40 2106.75 6.25 0.95 0 1 0 0.380 16.00 3.90
hero_oak_c 10.41 -0.39 2107.70 5.52 0.97 0 1 0 0.620 16.21 10.57
hero_birch_a 18.80 -1.40 2110.22 0.80 1.08 0 1 0 0.200 13.23 4.86
hero_oak_a 20.70 -1.49 2110.81 0.97 0.84 0 1 0 0.550 13.74 8.57
hero_oak_a 26.74 -1.40 2106.83 4.83 1.10 0 0 0 0.550 13.74 8.57
hero_spruce_b 35.91 -1.91 2111.49 3.55 1.09 0 0 0 0.320 13.00 3.84
hero_pine_a 39.06 -1.91 2111.40 2.36 0.87 0 0 0 0.340 17.00 4.12
hero_spruce_b -37.55 2.19 2116.10 3.62 0.85 0 0 0 0.320 13.00 3.84
hero_spruce_b -32.61 1.81 2115.49 0.92 1.05 0 0 0 0.320 13.00 3.84
hero_oak_a -26.07 1.25 2115.71 4.67 0.90 0 0 0 0.550 13.74 8.57
hero_oak_b -21.10 0.97 2113.63 2.80 1.12 0 0 0 0.480 10.11 6.89
hero_spruce_b -4.86 -0.24 2115.08 3.89 1.14 0 1 0 0.320 13.00 3.84
hero_spruce_c 7.26 -0.15 2112.78 4.98 0.99 0 1 0 0.420 19.00 3.91
hero_birch_a 13.30 -1.39 2114.03 1.96 1.13 0 1 0 0.200 13.23 4.86
hero_birch_a 16.98 -1.51 2112.95 3.04 0.86 0 1 0 0.200 13.23 4.86
hero_oak_b 20.63 -1.88 2116.10 0.05 1.13 0 1 0 0.480 10.11 6.89
hero_oak_b 31.02 -2.18 2117.11 5.96 0.99 0 0 0 0.480 10.11 6.89
hero_spruce_b 33.75 -2.07 2114.64 5.46 1.00 0 0 0 0.320 13.00 3.84
hero_spruce_a 41.77 -2.30 2116.93 5.77 1.15 0 0 0 0.380 16.00 3.90
hero_oak_a -39.28 1.98 2120.22 3.42 0.93 0 0 0 0.550 13.74 8.57
hero_birch_a -29.47 1.23 2119.38 1.11 1.10 0 0 0 0.200 13.23 4.86
hero_spruce_b -22.76 0.36 2123.50 3.87 1.07 0 0 0 0.320 13.00 3.84
hero_oak_a -20.20 0.21 2122.63 5.55 1.13 0 0 0 0.550 13.74 8.57
hero_birch_b -14.32 -0.08 2119.97 0.98 1.13 0 1 0 0.220 14.31 7.20
hero_birch_b -6.49 -0.74 2123.16 6.26 1.04 0 1 0 0.220 14.31 7.20
hero_spruce_b 11.71 -1.82 2123.08 1.25 0.93 0 1 0 0.320 13.00 3.84
hero_oak_c 14.69 -1.79 2118.99 0.55 0.87 0 1 0 0.620 16.21 10.57
hero_oak_a 24.13 -2.29 2121.69 2.16 0.99 0 0 0 0.550 13.74 8.57
hero_pine_b 31.30 -2.42 2121.35 5.87 0.96 0 0 0 0.300 14.00 4.13
hero_oak_c 32.50 -2.52 2122.77 4.71 0.98 0 0 0 0.620 16.21 10.57
hero_spruce_a 42.98 -2.51 2120.75 3.87 1.00 0 0 0 0.380 16.00 3.90
hero_oak_b -35.67 1.26 2125.93 1.20 0.88 0 0 0 0.480 10.11 6.89
hero_spruce_c -29.32 0.53 2129.15 0.88 0.85 0 0 0 0.420 19.00 3.91
hero_spruce_b -23.40 0.05 2128.68 0.69 1.12 0 0 0 0.320 13.00 3.84
hero_spruce_a -21.38 0.16 2125.15 1.73 0.83 0 0 0 0.380 16.00 3.90
hero_spruce_c -13.27 -0.56 2126.30 2.85 0.88 0 1 0 0.420 19.00 3.91
hero_pine_a 7.47 -1.01 2125.10 4.85 0.95 0 1 0 0.340 17.00 4.12
hero_oak_b 10.11 -1.81 2129.25 4.68 1.01 0 1 0 0.480 10.11 6.89
hero_oak_c 14.87 -2.35 2128.76 6.12 1.06 0 1 0 0.620 16.21 10.57
hero_oak_a 25.10 -2.44 2124.53 4.01 0.80 0 0 0 0.550 13.74 8.57
hero_spruce_c 30.82 -2.67 2126.35 4.60 1.08 0 0 0 0.420 19.00 3.91
hero_oak_c 35.75 -2.67 2124.72 3.49 1.11 0 0 0 0.620 16.21 10.57
hero_oak_c 42.24 -2.85 2127.94 5.10 0.95 0 0 0 0.620 16.21 10.57
hero_pine_a -42.78 1.35 2131.40 3.76 1.13 0 0 0 0.340 17.00 4.12
hero_pine_b -37.26 0.73 2134.65 1.57 1.07 0 0 0 0.300 14.00 4.13
hero_spruce_a -31.40 0.45 2132.36 3.78 1.05 0 0 0 0.380 16.00 3.90
hero_oak_b -22.49 -0.41 2135.30 3.35 0.92 0 0 0 0.480 10.11 6.89
hero_birch_b -13.55 -0.84 2131.22 1.87 0.89 0 1 0 0.220 14.31 7.20
hero_pine_b -7.92 -1.32 2133.23 5.02 1.09 0 1 0 0.300 14.00 4.13
hero_birch_b 11.98 -2.44 2133.52 2.58 0.99 0 1 0 0.220 14.31 7.20
hero_oak_c 16.36 -2.54 2131.86 0.43 0.95 0 1 0 0.620 16.21 10.57
hero_spruce_a 20.59 -2.68 2131.63 2.28 1.06 0 1 0 0.380 16.00 3.90
hero_spruce_c 26.61 -2.78 2131.10 5.02 0.85 0 0 0 0.420 19.00 3.91
hero_pine_a 35.00 -3.09 2135.30 1.83 1.05 0 0 0 0.340 17.00 4.12
hero_spruce_a 40.15 -3.15 2135.37 1.88 1.12 0 0 0 0.380 16.00 3.90
hero_spruce_c -44.06 0.74 2141.41 4.81 0.92 0 0 0 0.420 19.00 3.91
hero_pine_a -37.34 0.36 2140.42 5.20 0.89 0 0 0 0.340 17.00 4.12
hero_spruce_b -32.47 0.09 2139.23 2.38 0.91 0 0 0 0.320 13.00 3.84
hero_spruce_c -24.93 -0.42 2138.41 4.75 1.00 0 0 0 0.420 19.00 3.91
hero_oak_b -19.03 -0.98 2140.97 2.63 0.89 0 1 0 0.480 10.11 6.89
hero_spruce_b -13.99 -1.32 2140.77 0.67 0.91 0 1 0 0.320 13.00 3.84
hero_birch_b 13.38 -2.66 2138.02 5.69 0.81 0 1 0 0.220 14.31 7.20
hero_pine_a 19.23 -2.83 2136.63 2.54 1.13 0 1 0 0.340 17.00 4.12
hero_oak_b 24.55 -2.97 2136.52 3.45 1.14 0 0 0 0.480 10.11 6.89
hero_spruce_a 30.08 -3.14 2138.74 3.66 1.10 0 0 0 0.380 16.00 3.90
hero_oak_a 33.58 -3.22 2140.61 4.20 0.83 0 0 0 0.550 13.74 8.57
hero_pine_a 38.97 -3.31 2141.37 0.13 0.98 0 0 0 0.340 17.00 4.12
hero_pine_a -41.58 0.38 2144.30 4.63 0.94 0 0 0 0.340 17.00 4.12
hero_birch_b -38.66 0.12 2145.50 0.95 0.98 0 0 0 0.220 14.31 7.20
hero_birch_b -31.26 -0.26 2143.45 3.53 0.99 0 0 0 0.220 14.31 7.20
hero_birch_a -26.36 -0.79 2147.16 2.68 0.90 0 0 0 0.200 13.23 4.86
hero_birch_a -20.91 -1.12 2146.28 5.89 0.98 0 0 0 0.200 13.23 4.86
hero_oak_a -15.47 -1.44 2145.66 2.53 0.82 0 1 0 0.550 13.74 8.57
hero_spruce_b -5.28 -1.71 2144.29 1.87 0.97 0 1 0 0.320 13.00 3.84
hero_birch_b 12.46 -2.85 2144.18 5.81 1.03 0 1 0 0.220 14.31 7.20
hero_spruce_c 15.88 -2.92 2143.25 5.30 0.90 0 1 0 0.420 19.00 3.91
hero_birch_b 22.63 -3.10 2142.62 2.79 1.02 0 0 0 0.220 14.31 7.20
hero_spruce_c 27.05 -3.23 2144.70 3.36 0.89 0 0 0 0.420 19.00 3.91
hero_oak_c 34.93 -3.36 2144.70 0.59 0.96 0 0 0 0.620 16.21 10.57
hero_pine_a 38.62 -3.38 2143.41 5.40 1.15 0 0 0 0.340 17.00 4.12
hero_pine_b -44.34 0.13 2150.86 3.38 0.92 0 0 0 0.300 14.00 4.13
hero_oak_a -35.81 -0.25 2148.88 0.40 0.87 0 0 0 0.550 13.74 8.57
hero_spruce_a -30.18 -0.77 2151.68 5.46 0.96 0 0 0 0.380 16.00 3.90
hero_birch_b -18.81 -1.42 2149.98 2.39 0.90 0 1 0 0.220 14.31 7.20
hero_spruce_a -13.98 -1.68 2148.53 2.13 1.11 0 1 0 0.380 16.00 3.90
hero_spruce_b 10.57 -2.77 2150.89 4.63 1.13 0 1 0 0.320 13.00 3.84
hero_spruce_a 16.06 -3.11 2150.41 1.48 0.89 0 1 0 0.380 16.00 3.90
hero_oak_a 23.32 -3.34 2152.59 0.46 0.96 0 0 0 0.550 13.74 8.57
hero_birch_a 30.19 -3.44 2150.60 3.55 1.14 0 0 0 0.200 13.23 4.86
hero_pine_b 35.47 -3.46 2149.25 5.69 0.88 0 0 0 0.300 14.00 4.13
hero_oak_c 39.81 -3.53 2150.78 0.06 0.81 0 0 0 0.620 16.21 10.57
hero_spruce_a -44.27 -0.18 2156.14 3.16 0.92 0 0 0 0.380 16.00 3.90
hero_spruce_b -36.81 -0.62 2156.63 3.56 1.04 0 0 0 0.320 13.00 3.84
hero_spruce_c -31.20 -0.92 2155.95 4.33 1.04 0 0 0 0.420 19.00 3.91
hero_birch_b -26.52 -1.13 2154.72 3.73 0.90 0 0 0 0.220 14.31 7.20
hero_pine_b -18.55 -1.69 2156.93 5.80 0.87 0 1 0 0.300 14.00 4.13
hero_pine_b -12.64 -2.03 2156.59 3.04 0.97 0 1 0 0.300 14.00 4.13
hero_oak_b -8.72 -2.12 2156.36 4.50 0.85 0 1 0 0.480 10.11 6.89
hero_birch_b 9.88 -2.72 2154.89 2.48 0.92 0 1 0 0.220 14.31 7.20
hero_birch_a 19.18 -3.36 2159.33 0.59 1.03 0 1 0 0.200 13.23 4.86
hero_spruce_b 25.04 -3.42 2155.38 5.09 1.00 0 0 0 0.320 13.00 3.84
hero_spruce_c 30.52 -3.52 2155.76 2.00 0.90 0 0 0 0.420 19.00 3.91
hero_spruce_b 36.33 -3.57 2154.64 5.98 0.87 0 0 0 0.320 13.00 3.84
hero_spruce_b 43.33 -3.69 2156.60 3.60 0.91 0 0 0 0.320 13.00 3.84
hero_birch_b -44.03 -0.47 2161.84 4.97 0.81 0 0 0 0.220 14.31 7.20
hero_spruce_c -34.83 -1.09 2165.05 2.98 1.08 0 0 0 0.420 19.00 3.91
hero_spruce_c -29.76 -1.31 2163.71 4.93 1.03 0 0 0 0.420 19.00 3.91
hero_birch_a -25.37 -1.54 2163.51 4.42 1.00 0 0 0 0.200 13.23 4.86
hero_birch_a -18.77 -1.82 2160.62 3.81 1.09 0 1 0 0.200 13.23 4.86
hero_spruce_b -13.72 -2.13 2163.29 6.03 0.86 0 1 0 0.320 13.00 3.84
hero_oak_c -6.03 -2.18 2162.07 4.00 1.12 0 1 0 0.620 16.21 10.57
hero_oak_b 13.02 -3.21 2161.59 3.26 0.95 0 1 0 0.480 10.11 6.89
hero_spruce_c 15.56 -3.33 2165.00 5.00 1.14 0 1 0 0.420 19.00 3.91
hero_spruce_b 21.05 -3.42 2163.04 2.60 0.84 0 0 0 0.320 13.00 3.84
hero_spruce_a 27.02 -3.56 2162.06 2.77 1.07 0 0 0 0.380 16.00 3.90
hero_pine_a 34.20 -3.68 2164.02 5.70 0.87 0 0 0 0.340 17.00 4.12
hero_spruce_b -43.23 -0.80 2168.71 6.20 0.81 0 0 0 0.320 13.00 3.84
hero_spruce_b -36.63 -1.13 2169.47 5.99 0.85 0 0 0 0.320 13.00 3.84
hero_pine_a -30.67 -1.46 2171.12 3.57 0.91 0 0 0 0.340 17.00 4.12
hero_spruce_b -24.11 -1.73 2168.50 0.92 0.93 0 0 0 0.320 13.00 3.84
hero_pine_a -16.89 -2.11 2169.51 6.11 0.97 0 1 0 0.340 17.00 4.12
hero_spruce_a -13.03 -2.28 2169.05 2.48 0.92 0 1 0 0.380 16.00 3.90
hero_oak_c 10.46 -3.03 2169.44 4.95 1.06 0 1 0 0.620 16.21 10.57
hero_spruce_c 16.50 -3.37 2170.75 5.47 0.91 0 1 0 0.420 19.00 3.91
hero_spruce_a 22.32 -3.51 2167.35 5.79 1.13 0 0 0 0.380 16.00 3.90
hero_oak_a 26.51 -3.61 2169.48 4.91 1.03 0 0 0 0.550 13.74 8.57
hero_spruce_b 34.32 -3.73 2169.21 0.85 0.81 0 0 0 0.320 13.00 3.84
hero_pine_a 39.37 -3.84 2169.03 1.05 1.08 0 0 0 0.340 17.00 4.12
hero_spruce_c -44.11 -1.00 2175.75 1.44 0.99 0 0 0 0.420 19.00 3.91
hero_birch_a -35.81 -1.26 2172.85 2.58 0.85 0 0 0 0.200 13.23 4.86
hero_oak_a -29.86 -1.56 2174.58 2.30 0.83 0 0 0 0.550 13.74 8.57
hero_pine_b -17.41 -2.15 2172.54 5.74 1.13 0 1 0 0.300 14.00 4.13
hero_oak_a -10.68 -2.40 2174.33 4.39 1.11 0 1 0 0.550 13.74 8.57
hero_oak_b -6.38 -2.30 2173.53 5.10 0.90 0 1 0 0.480 10.11 6.89
hero_pine_a 8.83 -2.80 2174.88 6.09 1.08 0 1 0 0.340 17.00 4.12
hero_spruce_c 14.68 -3.33 2174.16 5.92 0.92 0 1 0 0.420 19.00 3.91
hero_spruce_a 23.02 -3.55 2175.72 2.54 0.94 0 0 0 0.380 16.00 3.90
hero_oak_c 33.95 -3.79 2175.63 2.23 0.99 0 0 0 0.620 16.21 10.57
hero_spruce_c 42.22 -3.91 2173.46 1.82 0.84 0 0 0 0.420 19.00 3.91
hero_oak_a -43.05 -1.15 2182.47 0.01 0.89 0 0 0 0.550 13.74 8.57
hero_oak_a -35.51 -1.44 2181.97 0.31 1.01 0 0 0 0.550 13.74 8.57
hero_spruce_a -32.70 -1.52 2179.20 0.66 0.97 0 0 0 0.380 16.00 3.90
hero_spruce_a -26.34 -1.80 2181.91 5.02 0.85 0 0 0 0.380 16.00 3.90
hero_oak_a -18.60 -2.12 2182.46 4.51 0.88 0 1 0 0.550 13.74 8.57
hero_birch_a -13.32 -2.34 2180.63 1.72 0.83 0 1 0 0.200 13.23 4.86
hero_pine_a -7.09 -2.34 2182.13 5.45 0.98 0 1 0 0.340 17.00 4.12
hero_birch_b 6.62 -2.48 2182.39 1.17 1.07 0 1 0 0.220 14.31 7.20
hero_birch_b 8.71 -2.71 2182.55 2.44 0.84 0 1 0 0.220 14.31 7.20
hero_pine_a 16.31 -3.36 2180.52 0.36 0.92 0 1 0 0.340 17.00 4.12
hero_oak_c 21.12 -3.47 2182.81 2.64 0.80 0 0 0 0.620 16.21 10.57
hero_spruce_c 26.73 -3.62 2181.17 3.01 0.83 0 0 0 0.420 19.00 3.91
hero_spruce_b 36.94 -3.89 2181.81 3.81 0.96 0 0 0 0.320 13.00 3.84
hero_pine_b 39.48 -3.94 2179.70 1.40 0.99 0 0 0 0.300 14.00 4.13
hero_pine_b -37.92 -1.37 2189.25 0.63 0.99 0 0 0 0.300 14.00 4.13
hero_pine_b -30.74 -1.64 2186.98 3.25 1.03 0 0 0 0.300 14.00 4.13
hero_spruce_b -23.03 -1.95 2185.20 4.66 1.04 0 0 0 0.320 13.00 3.84
hero_pine_b -19.87 -2.08 2186.75 1.73 1.13 0 0 0 0.300 14.00 4.13
hero_oak_a -14.84 -2.22 2188.77 1.03 0.86 0 1 0 0.550 13.74 8.57
hero_spruce_c -8.41 -2.35 2185.81 3.52 0.82 0 1 0 0.420 19.00 3.91
hero_spruce_a 6.28 -2.36 2188.43 5.40 1.05 0 1 0 0.380 16.00 3.90
hero_oak_c 9.95 -2.84 2187.30 1.50 0.81 0 1 0 0.620 16.21 10.57
hero_pine_b 14.66 -3.26 2187.15 2.24 0.88 0 1 0 0.300 14.00 4.13
hero_pine_b 24.16 -3.55 2186.68 5.79 0.95 0 0 0 0.300 14.00 4.13
hero_spruce_a 41.52 -4.07 2189.05 4.87 0.91 0 0 0 0.380 16.00 3.90
hero_pine_a 45.23 -4.15 2186.90 4.91 0.81 0 0 0 0.340 17.00 4.12
hero_spruce_b -44.15 -1.16 2190.74 5.96 1.01 0 0 0 0.320 13.00 3.84
hero_spruce_b -38.56 -1.31 2193.43 6.18 0.97 0 0 0 0.320 13.00 3.84
hero_spruce_c -30.05 -1.62 2192.97 5.26 1.08 0 0 0 0.420 19.00 3.91
hero_spruce_b -26.68 -1.75 2190.89 4.17 0.91 0 0 0 0.320 13.00 3.84
hero_pine_a -19.04 -1.96 2194.78 5.13 0.81 0 1 0 0.340 17.00 4.12
hero_pine_a -14.96 -2.18 2192.77 0.11 1.15 0 1 0 0.340 17.00 4.12
hero_pine_a 13.22 -3.16 2190.52 5.66 0.85 0 1 0 0.340 17.00 4.12
hero_birch_a 17.70 -3.31 2191.33 3.12 0.99 0 1 0 0.200 13.23 4.86
hero_birch_b 24.63 -3.49 2195.23 1.99 0.99 0 0 0 0.220 14.31 7.20
hero_spruce_c 26.65 -3.57 2194.16 0.56 0.93 0 0 0 0.420 19.00 3.91
hero_spruce_b 34.11 -3.85 2195.31 6.20 1.14 0 0 0 0.320 13.00 3.84
hero_birch_b 39.34 -4.04 2195.24 1.66 1.01 0 0 0 0.220 14.31 7.20
hero_spruce_a -38.53 -1.23 2198.61 2.31 0.96 0 0 0 0.380 16.00 3.90
hero_pine_a -27.24 -1.59 2198.60 0.93 0.88 0 0 0 0.340 17.00 4.12
hero_oak_c -14.27 -1.99 2200.29 1.78 0.90 0 1 0 0.620 16.21 10.57
hero_oak_b -6.74 -2.09 2199.11 1.75 0.93 0 1 0 0.480 10.11 6.89
hero_birch_b 10.78 -2.66 2201.52 1.74 1.06 0 1 0 0.220 14.31 7.20
hero_pine_b 16.88 -3.10 2200.55 6.16 0.84 0 1 0 0.300 14.00 4.13
hero_oak_c 25.03 -3.44 2199.21 3.50 0.80 0 0 0 0.620 16.21 10.57
hero_oak_c 31.21 -3.69 2198.21 4.16 0.81 0 0 0 0.620 16.21 10.57
hero_pine_b 34.41 -3.82 2199.28 3.21 0.85 0 0 0 0.300 14.00 4.13
hero_oak_c 43.23 -4.23 2198.57 2.41 1.11 0 0 0 0.620 16.21 10.57
hero_pine_b -41.64 -0.94 2205.58 2.66 0.80 0 0 0 0.300 14.00 4.13
hero_pine_a -36.18 -1.13 2204.87 6.13 0.94 0 0 0 0.340 17.00 4.12
hero_spruce_b -31.42 -1.21 2206.51 1.57 0.97 0 0 0 0.320 13.00 3.84
hero_spruce_c -19.16 -1.62 2206.05 4.08 0.98 0 0 0 0.420 19.00 3.91
hero_oak_b -8.11 -1.95 2206.42 2.39 1.12 0 1 0 0.480 10.11 6.89
hero_pine_a 10.83 -2.58 2203.52 0.11 0.87 0 1 0 0.340 17.00 4.12
hero_birch_a 14.86 -2.84 2206.61 5.25 0.91 0 1 0 0.200 13.23 4.86
hero_oak_b 24.32 -3.33 2205.46 3.58 1.13 0 0 0 0.480 10.11 6.89
hero_pine_a 29.53 -3.57 2204.06 5.02 0.85 0 0 0 0.340 17.00 4.12
hero_pine_a 35.49 -3.84 2207.50 5.47 1.01 0 0 0 0.340 17.00 4.12
hero_spruce_a 39.32 -4.06 2203.45 0.38 1.07 0 0 0 0.380 16.00 3.90
hero_spruce_b -36.72 -0.81 2212.61 0.29 1.02 0 0 0 0.320 13.00 3.84
hero_spruce_b -29.06 -0.97 2213.51 2.42 0.87 0 0 0 0.320 13.00 3.84
hero_oak_c -24.56 -1.19 2211.91 2.51 0.92 0 0 0 0.620 16.21 10.57
hero_oak_a -19.76 -1.40 2210.40 0.13 0.84 0 0 0 0.550 13.74 8.57
hero_pine_a -6.04 -1.64 2213.32 1.17 1.03 0 1 0 0.340 17.00 4.12
hero_spruce_b 10.08 -2.05 2213.02 4.69 0.92 0 1 0 0.320 13.00 3.84
hero_spruce_a 16.86 -2.82 2210.40 1.79 0.88 0 1 0 0.380 16.00 3.90
hero_birch_b 24.86 -3.25 2209.88 0.05 1.15 0 0 0 0.220 14.31 7.20
hero_spruce_a 29.60 -3.46 2211.24 3.02 1.00 0 0 0 0.380 16.00 3.90
hero_pine_a 43.05 -4.26 2209.52 4.08 0.93 0 0 0 0.340 17.00 4.12
hero_birch_a 45.53 -4.43 2213.00 0.38 0.98 0 0 0 0.200 13.23 4.86
hero_spruce_a -39.36 -0.61 2215.67 5.71 1.13 0 0 0 0.380 16.00 3.90
hero_birch_a -29.16 -0.69 2219.20 1.17 1.09 0 0 0 0.200 13.23 4.86
hero_pine_a -20.30 -1.11 2216.26 3.24 1.05 0 0 0 0.340 17.00 4.12
hero_spruce_c -14.64 -1.27 2216.24 4.54 0.85 0 1 0 0.420 19.00 3.91
hero_spruce_c -4.58 -1.48 2216.98 0.82 0.82 0 1 0 0.420 19.00 3.91
hero_spruce_c 12.77 -2.37 2214.94 3.89 1.10 0 1 0 0.420 19.00 3.91
hero_pine_b 17.84 -2.68 2215.38 2.95 0.81 0 1 0 0.300 14.00 4.13
hero_spruce_a 28.08 -3.22 2217.54 2.38 0.92 0 0 0 0.380 16.00 3.90
hero_spruce_a 36.30 -3.75 2219.09 5.00 0.99 0 0 0 0.380 16.00 3.90
hero_spruce_b 39.74 -4.02 2218.61 5.81 1.09 0 0 0 0.320 13.00 3.84
hero_pine_a 46.66 -4.54 2218.01 2.53 1.04 0 0 0 0.340 17.00 4.12
hero_pine_b -36.78 -0.16 2224.84 0.45 1.11 0 0 0 0.300 14.00 4.13
hero_pine_a -30.11 -0.53 2221.17 0.27 0.96 0 0 0 0.340 17.00 4.12
hero_oak_c -27.18 -0.41 2224.29 5.50 0.80 0 0 0 0.620 16.21 10.57
hero_oak_b -21.00 -0.55 2225.25 2.12 1.07 0 0 0 0.480 10.11 6.89
hero_oak_b -11.07 -0.88 2224.94 3.90 0.99 0 1 0 0.480 10.11 6.89
hero_oak_a -7.88 -0.97 2225.16 3.33 0.86 0 1 0 0.550 13.74 8.57
hero_oak_b 10.22 -1.48 2224.43 2.39 1.02 0 1 0 0.480 10.11 6.89
hero_pine_a 14.68 -2.09 2223.47 2.78 1.04 0 1 0 0.340 17.00 4.12
hero_oak_b 27.40 -3.05 2221.91 3.44 0.97 0 0 0 0.480 10.11 6.89
hero_birch_b 32.99 -3.44 2222.81 5.91 1.07 0 0 0 0.220 14.31 7.20
hero_oak_a 42.59 -4.16 2225.00 4.86 0.86 0 0 0 0.550 13.74 8.57
hero_pine_b -40.77 0.05 2226.75 5.67 1.07 0 0 0 0.300 14.00 4.13
hero_spruce_a -37.65 0.15 2229.24 4.18 0.97 0 0 0 0.380 16.00 3.90
hero_birch_b -30.70 -0.05 2228.58 2.86 0.89 0 0 0 0.220 14.31 7.20
hero_spruce_b -24.60 -0.15 2229.53 2.19 1.03 0 0 0 0.320 13.00 3.84
hero_spruce_b -19.86 -0.40 2227.55 4.63 0.81 0 0 0 0.320 13.00 3.84
hero_spruce_c -15.36 -0.50 2228.37 4.93 0.95 0 1 0 0.420 19.00 3.91
hero_oak_c -7.94 -0.82 2227.73 2.50 1.01 0 1 0 0.620 16.21 10.57
hero_spruce_c 17.57 -2.03 2229.69 5.31 1.00 0 1 0 0.420 19.00 3.91
hero_oak_a 23.52 -2.58 2227.12 2.11 1.05 0 1 0 0.550 13.74 8.57
hero_pine_a 30.49 -3.04 2229.56 2.50 1.10 0 0 0 0.340 17.00 4.12
hero_spruce_a 32.76 -3.24 2229.13 2.02 1.02 0 0 0 0.380 16.00 3.90
hero_oak_c 38.62 -3.75 2229.34 5.98 0.95 0 0 0 0.620 16.21 10.57
hero_spruce_b 48.88 -4.75 2230.19 0.71 1.12 0 0 0 0.320 13.00 3.84
hero_oak_b -39.31 0.55 2234.93 1.50 1.06 0 0 0 0.480 10.11 6.89
hero_spruce_b -32.60 0.55 2236.71 0.95 0.85 0 0 0 0.320 13.00 3.84
hero_spruce_b -22.63 0.33 2237.17 3.57 1.03 0 0 0 0.320 13.00 3.84
hero_spruce_b -18.29 0.01 2234.26 2.22 0.83 0 0 0 0.320 13.00 3.84
hero_pine_b -12.67 -0.08 2235.73 2.78 0.98 0 1 0 0.300 14.00 4.13
hero_oak_b 13.10 -1.06 2236.85 5.62 1.11 0 1 0 0.480 10.11 6.89
hero_oak_a 21.10 -1.92 2236.46 4.49 0.85 0 1 0 0.550 13.74 8.57
hero_pine_b 32.70 -3.04 2234.92 6.19 0.98 0 0 0 0.300 14.00 4.13
hero_oak_a 47.77 -4.58 2233.72 0.84 0.81 0 0 0 0.550 13.74 8.57
hero_oak_b -35.06 1.01 2242.76 2.75 0.94 0 0 0 0.480 10.11 6.89
hero_oak_a -31.98 0.73 2239.48 3.42 0.81 0 0 0 0.550 13.74 8.57
hero_spruce_a -23.19 0.79 2243.22 4.41 0.90 0 0 0 0.380 16.00 3.90
hero_birch_a -21.16 0.58 2241.37 5.92 1.11 0 0 0 0.200 13.23 4.86
hero_pine_a -12.42 0.15 2238.74 1.93 0.81 0 1 0 0.340 17.00 4.12
hero_oak_a -3.09 -0.26 2241.33 1.79 1.12 0 1 0 0.550 13.74 8.57
hero_spruce_c 16.63 -1.41 2239.09 0.24 0.98 0 1 0 0.420 19.00 3.91
hero_spruce_a 24.13 -2.07 2238.50 4.07 0.87 0 1 0 0.380 16.00 3.90
hero_birch_a 29.60 -2.51 2240.34 1.98 0.93 0 0 0 0.200 13.23 4.86
hero_birch_b 35.06 -2.99 2243.13 2.09 1.13 0 0 0 0.220 14.31 7.20
hero_birch_b 47.71 -4.50 2240.82 5.35 0.90 0 0 0 0.220 14.31 7.20
hero_pine_a -38.70 1.48 2249.21 0.09 1.06 0 0 0 0.340 17.00 4.12
hero_oak_a -31.64 1.28 2247.79 5.58 1.03 0 0 0 0.550 13.74 8.57
hero_oak_a -24.66 1.12 2247.60 0.49 1.11 0 0 0 0.550 13.74 8.57
hero_spruce_b -17.66 1.04 2248.91 3.20 1.11 0 0 0 0.320 13.00 3.84
hero_pine_a -10.53 0.52 2244.91 2.63 1.05 0 1 0 0.340 17.00 4.12
hero_birch_a -4.54 0.45 2248.12 1.59 1.05 0 1 0 0.200 13.23 4.86
hero_oak_a 11.86 -0.41 2244.99 1.03 1.01 0 1 0 0.550 13.74 8.57
hero_pine_a 18.36 -1.08 2246.50 3.58 0.95 0 1 0 0.340 17.00 4.12
hero_birch_b 23.94 -1.53 2248.47 4.64 1.04 0 1 0 0.220 14.31 7.20
hero_birch_a 43.49 -3.85 2247.28 4.33 1.04 0 0 0 0.200 13.23 4.86
hero_spruce_a 45.01 -4.08 2245.50 0.40 0.96 0 0 0 0.380 16.00 3.90
hero_birch_b -37.77 1.68 2252.72 4.89 1.13 0 0 0 0.220 14.31 7.20
hero_spruce_c -29.68 1.55 2252.19 1.38 0.91 0 0 0 0.420 19.00 3.91
hero_pine_b -23.74 1.59 2254.73 4.96 1.11 0 0 0 0.300 14.00 4.13
hero_pine_a -20.02 1.45 2253.48 3.14 0.86 0 0 0 0.340 17.00 4.12
hero_pine_b -7.71 0.93 2251.76 0.51 0.83 0 1 0 0.300 14.00 4.13
hero_spruce_a 0.01 0.10 2252.94 2.48 1.08 0 1 0 0.380 16.00 3.90
hero_pine_b 16.26 -0.43 2251.98 3.51 0.84 0 1 0 0.300 14.00 4.13
hero_spruce_c 22.57 -1.06 2253.87 6.08 0.84 0 1 0 0.420 19.00 3.91
hero_oak_a 30.55 -2.07 2251.59 1.74 0.95 0 0 0 0.550 13.74 8.57
hero_birch_b 33.75 -2.48 2251.25 4.25 1.13 0 0 0 0.220 14.31 7.20
hero_birch_a 41.86 -3.39 2254.44 2.73 1.03 0 0 0 0.200 13.23 4.86
hero_spruce_a 46.67 -4.07 2253.73 5.62 0.84 0 0 0 0.380 16.00 3.90
hero_spruce_a 51.57 -4.77 2254.17 0.86 0.97 0 0 0 0.380 16.00 3.90
hero_birch_b -35.03 2.16 2261.43 5.10 1.07 0 0 0 0.220 14.31 7.20
hero_spruce_c -29.66 1.87 2257.13 3.88 0.84 0 0 0 0.420 19.00 3.91
hero_pine_a -24.56 2.02 2261.14 6.10 0.97 0 0 0 0.340 17.00 4.12
hero_spruce_a -20.40 1.97 2261.34 0.43 0.85 0 0 0 0.380 16.00 3.90
hero_spruce_c -13.65 1.66 2259.60 5.18 1.10 0 0 0 0.420 19.00 3.91
hero_oak_a -5.86 1.41 2259.67 2.95 0.84 0 1 0 0.550 13.74 8.57
hero_spruce_c -2.58 1.20 2261.29 4.14 1.01 0 1 0 0.420 19.00 3.91
hero_spruce_c 22.29 -0.78 2258.42 1.30 1.09 0 1 0 0.420 19.00 3.91
hero_spruce_c 26.83 -1.09 2261.46 5.59 0.88 0 1 0 0.420 19.00 3.91
hero_oak_a 32.99 -2.02 2258.43 3.72 0.99 0 0 0 0.550 13.74 8.57
hero_oak_b 43.27 -3.36 2260.50 2.68 1.04 0 0 0 0.480 10.11 6.89
hero_spruce_a 47.31 -4.08 2256.78 6.09 0.98 0 0 0 0.380 16.00 3.90
hero_pine_a 52.08 -4.75 2257.36 3.93 0.82 0 0 0 0.340 17.00 4.12
hero_birch_b -30.49 2.36 2266.06 5.55 0.99 0 0 0 0.220 14.31 7.20
hero_spruce_b -22.86 2.13 2263.49 6.17 0.95 0 0 0 0.320 13.00 3.84
hero_spruce_b -19.04 2.08 2263.68 4.45 0.88 0 0 0 0.320 13.00 3.84
hero_oak_c -11.38 1.88 2263.75 0.48 0.91 0 0 0 0.620 16.21 10.57
hero_birch_b -9.33 1.78 2263.58 4.46 1.00 0 1 0 0.220 14.31 7.20
hero_pine_a 0.48 0.97 2263.66 4.51 0.81 0 1 0 0.340 17.00 4.12
hero_spruce_b 25.45 -0.68 2265.96 4.12 0.99 0 1 0 0.320 13.00 3.84
hero_spruce_c 28.05 -1.15 2263.13 3.17 0.97 0 1 0 0.420 19.00 3.91
hero_pine_a 33.46 -1.67 2266.91 1.37 1.10 0 0 0 0.340 17.00 4.12
hero_spruce_a 43.12 -3.11 2265.92 4.39 1.03 0 0 0 0.380 16.00 3.90
hero_oak_c 48.88 -4.03 2265.29 0.92 0.95 0 0 0 0.620 16.21 10.57
hero_spruce_c 52.02 -4.58 2264.09 4.12 1.09 0 0 0 0.420 19.00 3.91
hero_spruce_a -35.18 2.56 2270.36 3.02 1.14 0 0 0 0.380 16.00 3.90
hero_oak_b -29.08 2.61 2271.73 4.40 0.91 0 0 0 0.480 10.11 6.89
hero_pine_a -22.60 2.38 2268.60 0.88 1.08 0 0 0 0.340 17.00 4.12
hero_pine_b -13.82 2.34 2270.86 3.99 0.96 0 0 0 0.300 14.00 4.13
hero_spruce_b -6.96 2.05 2269.51 4.82 0.89 0 1 0 0.320 13.00 3.84
hero_spruce_b -1.32 1.90 2272.06 0.80 0.94 0 1 0 0.320 13.00 3.84
hero_pine_b 25.33 -0.43 2270.03 1.49 0.91 0 1 0 0.300 14.00 4.13
hero_spruce_c 28.31 -0.80 2270.17 0.36 0.95 0 1 0 0.420 19.00 3.91
hero_oak_a 35.93 -1.73 2271.93 5.57 0.80 0 0 0 0.550 13.74 8.57
hero_pine_b 40.04 -2.51 2268.62 2.76 0.88 0 0 0 0.300 14.00 4.13
hero_spruce_b 48.07 -3.61 2273.06 2.09 1.10 0 0 0 0.320 13.00 3.84
hero_pine_a 54.67 -4.77 2271.50 1.45 1.02 0 0 0 0.340 17.00 4.12
hero_birch_a -33.04 2.83 2277.93 2.85 0.86 0 0 0 0.200 13.23 4.86
hero_birch_b -27.22 2.80 2278.40 2.19 1.14 0 0 0 0.220 14.31 7.20
hero_spruce_b -17.34 2.57 2274.48 2.57 1.05 0 0 0 0.320 13.00 3.84
hero_spruce_a -11.61 2.63 2278.73 2.95 0.95 0 0 0 0.380 16.00 3.90
hero_birch_b -9.03 2.47 2276.52 0.06 0.91 0 0 0 0.220 14.31 7.20
hero_pine_b -1.44 2.19 2277.33 3.94 1.07 0 1 0 0.300 14.00 4.13
hero_pine_b 3.15 1.33 2276.40 4.50 0.82 0 1 0 0.300 14.00 4.13
hero_oak_a 24.03 0.06 2276.80 0.59 1.09 0 1 0 0.550 13.74 8.57
hero_pine_b 29.67 -0.63 2277.51 1.57 1.14 0 1 0 0.300 14.00 4.13
hero_oak_c 32.51 -0.94 2278.70 3.16 1.01 0 1 0 0.620 16.21 10.57
hero_oak_a 41.73 -2.33 2278.56 3.97 0.92 0 0 0 0.550 13.74 8.57
hero_spruce_a 54.84 -4.63 2276.17 5.24 1.04 0 0 0 0.380 16.00 3.90
hero_spruce_a -28.67 2.91 2282.47 4.06 1.07 0 0 0 0.380 16.00 3.90
hero_pine_b -25.83 2.89 2281.96 2.13 1.10 0 0 0 0.300 14.00 4.13
hero_spruce_a -17.56 2.86 2283.30 2.11 1.12 0 0 0 0.380 16.00 3.90
hero_spruce_a -14.75 2.80 2281.85 3.69 0.94 0 0 0 0.380 16.00 3.90
hero_oak_a -6.15 2.63 2283.31 0.56 0.91 0 1 0 0.550 13.74 8.57
hero_oak_b -1.15 2.33 2280.88 1.07 0.97 0 1 0 0.480 10.11 6.89
hero_pine_b 4.60 1.71 2284.91 0.09 1.08 0 1 0 0.300 14.00 4.13
hero_birch_b 23.14 0.43 2282.76 2.40 1.10 0 1 0 0.220 14.31 7.20
hero_oak_c 29.46 -0.39 2281.95 1.03 1.05 0 1 0 0.620 16.21 10.57
hero_spruce_c 34.66 -1.12 2281.58 1.58 0.98 0 0 0 0.420 19.00 3.91
hero_spruce_a 41.90 -2.26 2281.04 4.47 1.05 0 0 0 0.380 16.00 3.90
hero_spruce_b 45.55 -2.74 2283.31 4.96 0.87 0 0 0 0.320 13.00 3.84
hero_spruce_c 53.80 -4.08 2285.40 2.78 0.95 0 0 0 0.420 19.00 3.91
hero_spruce_c 58.38 -4.96 2283.83 0.99 1.09 0 0 0 0.420 19.00 3.91
hero_oak_a -23.36 3.01 2287.79 0.03 0.90 0 0 0 0.550 13.74 8.57
hero_spruce_b -20.84 3.01 2289.52 2.50 0.93 0 0 0 0.320 13.00 3.84
hero_spruce_c -15.48 2.97 2291.30 2.29 1.14 0 0 0 0.420 19.00 3.91
hero_birch_b -4.72 2.73 2288.88 0.55 0.90 0 1 0 0.220 14.31 7.20
hero_oak_c -0.26 2.49 2287.10 3.21 1.01 0 1 0 0.620 16.21 10.57
hero_oak_c 5.38 1.85 2290.14 5.11 0.97 0 1 0 0.620 16.21 10.57
hero_pine_a 22.28 0.69 2290.61 0.58 0.98 0 1 0 0.340 17.00 4.12
hero_pine_b 30.23 -0.22 2288.25 6.02 0.93 0 1 0 0.300 14.00 4.13
hero_spruce_b 37.21 -1.14 2290.82 5.61 1.07 0 0 0 0.320 13.00 3.84
hero_spruce_b 39.16 -1.52 2288.64 5.50 1.13 0 0 0 0.320 13.00 3.84
hero_oak_c 46.93 -2.77 2288.35 0.96 0.85 0 0 0 0.620 16.21 10.57
hero_spruce_c 53.46 -3.78 2291.47 3.02 0.95 0 0 0 0.420 19.00 3.91
hero_birch_a 60.13 -5.09 2288.25 3.60 1.06 0 0 0 0.200 13.23 4.86
hero_pine_a -25.70 3.03 2294.79 5.43 0.84 0 0 0 0.340 17.00 4.12
hero_spruce_c -20.21 3.04 2296.52 1.99 0.88 0 0 0 0.420 19.00 3.91
hero_birch_a -14.81 2.99 2297.48 3.19 1.04 0 0 0 0.200 13.23 4.86
hero_pine_a -7.71 2.87 2293.07 2.88 0.99 0 0 0 0.340 17.00 4.12
hero_pine_b 0.29 2.59 2293.40 4.63 1.03 0 1 0 0.300 14.00 4.13
hero_oak_a 6.45 1.86 2296.04 2.39 0.89 0 1 0 0.550 13.74 8.57
hero_spruce_b 27.53 0.38 2297.36 2.97 1.07 0 1 0 0.320 13.00 3.84
hero_spruce_a 32.85 -0.32 2295.81 6.18 0.83 0 1 0 0.380 16.00 3.90
hero_oak_b 38.90 -1.19 2297.21 5.47 1.11 0 0 0 0.480 10.11 6.89
hero_spruce_a 46.83 -2.51 2295.27 3.94 1.07 0 0 0 0.380 16.00 3.90
hero_pine_b 50.51 -3.22 2292.66 3.49 0.95 0 0 0 0.300 14.00 4.13
hero_pine_a -25.36 2.97 2300.23 2.25 0.99 0 0 0 0.340 17.00 4.12
hero_pine_a -17.98 3.00 2300.69 3.45 0.95 0 0 0 0.340 17.00 4.12
hero_oak_b -14.17 2.97 2300.54 1.99 1.08 0 0 0 0.480 10.11 6.89
hero_pine_b 0.17 2.63 2303.36 1.89 1.14 0 1 0 0.300 14.00 4.13
hero_birch_a 4.98 2.35 2302.71 0.17 0.98 0 1 0 0.200 13.23 4.86
hero_pine_a 9.07 1.54 2300.60 5.61 0.83 0 1 0 0.340 17.00 4.12
hero_pine_b 29.33 0.27 2301.78 1.68 0.95 0 1 0 0.300 14.00 4.13
hero_spruce_b 33.04 -0.25 2301.34 5.23 1.13 0 1 0 0.320 13.00 3.84
hero_oak_b 41.05 -1.38 2301.24 1.75 0.84 0 0 0 0.480 10.11 6.89
hero_oak_a 48.24 -2.59 2299.61 5.75 0.99 0 0 0 0.550 13.74 8.57
hero_birch_a 50.52 -2.94 2300.24 4.33 0.90 0 0 0 0.200 13.23 4.86
hero_oak_a 57.24 -3.98 2303.08 6.14 0.96 0 0 0 0.550 13.74 8.57
hero_spruce_a -27.02 2.84 2305.98 0.90 1.00 0 0 0 0.380 16.00 3.90
hero_birch_a -20.04 2.89 2306.52 1.81 0.97 0 0 0 0.200 13.23 4.86
hero_birch_b -14.53 2.83 2309.42 3.56 0.97 0 0 0 0.220 14.31 7.20
hero_pine_b -8.71 2.88 2304.87 0.77 0.87 0 0 0 0.300 14.00 4.13
hero_birch_a -0.88 2.62 2307.67 3.23 1.14 0 1 0 0.200 13.23 4.86
hero_spruce_b 2.57 2.49 2308.80 1.76 0.88 0 1 0 0.320 13.00 3.84
hero_birch_a 24.64 0.61 2307.46 0.22 0.89 0 1 0 0.200 13.23 4.86
hero_pine_b 28.03 0.49 2305.72 4.41 0.98 0 1 0 0.300 14.00 4.13
hero_oak_b 35.28 -0.50 2304.96 2.45 1.15 0 1 0 0.480 10.11 6.89
hero_pine_b 38.55 -0.95 2305.66 0.65 1.14 0 1 0 0.300 14.00 4.13
hero_spruce_b 51.56 -2.91 2306.73 2.19 0.93 0 0 0 0.320 13.00 3.84
hero_spruce_b 63.87 -4.96 2306.04 5.54 0.89 0 0 0 0.320 13.00 3.84
hero_spruce_b -23.85 2.67 2312.87 3.52 1.11 0 0 0 0.320 13.00 3.84
hero_birch_a -18.12 2.72 2313.16 1.55 0.98 0 0 0 0.200 13.23 4.86
hero_spruce_c -11.22 2.74 2311.88 1.95 1.05 0 0 0 0.420 19.00 3.91
hero_spruce_a -5.92 2.59 2314.59 2.95 1.02 0 0 0 0.380 16.00 3.90
hero_spruce_c 1.45 2.49 2311.38 1.36 0.84 0 1 0 0.420 19.00 3.91
hero_pine_b 7.29 2.21 2311.79 4.95 0.89 0 1 0 0.300 14.00 4.13
hero_pine_b 30.93 0.13 2310.63 0.33 1.09 0 1 0 0.300 14.00 4.13
hero_oak_c 33.23 -0.14 2314.65 4.54 0.86 0 1 0 0.620 16.21 10.57
hero_pine_b 43.39 -1.52 2312.24 3.57 0.80 0 0 0 0.300 14.00 4.13
hero_birch_a 48.84 -2.32 2314.36 1.24 1.03 0 0 0 0.200 13.23 4.86
hero_pine_b 52.51 -2.92 2312.99 3.14 1.13 0 0 0 0.300 14.00 4.13
hero_oak_b 59.16 -3.89 2314.68 2.79 1.01 0 0 0 0.480 10.11 6.89
hero_spruce_c -23.61 2.42 2319.81 3.01 1.02 0 0 0 0.420 19.00 3.91
hero_spruce_a -20.02 2.51 2318.69 1.48 0.94 0 0 0 0.380 16.00 3.90
hero_birch_b -14.58 2.46 2320.03 0.98 1.14 0 0 0 0.220 14.31 7.20
hero_pine_a -5.85 2.44 2319.29 2.18 0.99 0 0 0 0.340 17.00 4.12
hero_oak_b 1.19 2.18 2321.47 3.07 1.07 0 0 0 0.480 10.11 6.89
hero_spruce_c 7.50 2.06 2317.65 4.84 0.96 0 1 0 0.420 19.00 3.91
hero_spruce_a 10.31 1.65 2319.41 2.21 1.15 0 1 0 0.380 16.00 3.90
hero_spruce_a 14.68 0.78 2319.60 5.96 1.01 0 1 0 0.380 16.00 3.90
hero_spruce_c 32.61 -0.08 2319.55 2.43 0.92 0 1 0 0.420 19.00 3.91
hero_oak_c 41.88 -1.29 2319.02 0.98 1.01 0 1 0 0.620 16.21 10.57
hero_pine_b 53.89 -2.98 2320.23 1.96 1.05 0 0 0 0.300 14.00 4.13
hero_oak_a 64.33 -4.59 2317.03 4.50 0.92 0 0 0 0.550 13.74 8.57
hero_pine_b -18.18 2.19 2326.19 5.54 1.10 0 0 0 0.300 14.00 4.13
hero_pine_b -12.27 2.19 2327.28 1.14 0.83 0 0 0 0.300 14.00 4.13
hero_oak_a -8.68 2.22 2325.91 5.73 0.83 0 0 0 0.550 13.74 8.57
hero_spruce_c -2.52 2.20 2323.38 2.42 1.08 0 0 0 0.420 19.00 3.91
hero_oak_b 12.55 1.37 2324.15 4.04 0.88 0 1 0 0.480 10.11 6.89
hero_oak_c 15.09 0.71 2325.52 1.02 1.02 0 1 0 0.620 16.21 10.57
hero_spruce_c 32.51 -0.13 2324.57 1.58 1.10 0 1 0 0.420 19.00 3.91
hero_oak_b 45.99 -1.85 2326.51 3.06 0.99 0 0 0 0.480 10.11 6.89
hero_birch_b 52.66 -2.72 2325.55 0.25 0.82 0 0 0 0.220 14.31 7.20
hero_spruce_a 59.49 -3.66 2325.31 2.26 0.87 0 0 0 0.380 16.00 3.90
hero_birch_b 65.90 -4.52 2325.60 4.79 0.96 0 0 0 0.220 14.31 7.20
hero_spruce_a -21.25 1.94 2331.52 2.21 1.04 0 0 0 0.380 16.00 3.90
hero_oak_b -6.13 1.85 2332.55 0.73 1.12 0 0 0 0.480 10.11 6.89
hero_birch_a -2.01 1.92 2329.45 5.08 1.14 0 0 0 0.200 13.23 4.86
hero_spruce_c 3.48 1.80 2329.01 3.74 0.95 0 1 0 0.420 19.00 3.91
hero_spruce_a 11.78 1.44 2328.51 1.47 0.90 0 1 0 0.380 16.00 3.90
hero_oak_b 33.61 -0.39 2331.76 0.92 0.91 0 1 0 0.480 10.11 6.89
hero_spruce_c 43.46 -1.57 2330.01 2.12 0.97 0 1 0 0.420 19.00 3.91
hero_birch_b 49.29 -2.30 2331.25 0.94 0.92 0 0 0 0.220 14.31 7.20
hero_spruce_a 51.43 -2.58 2329.95 2.71 1.10 0 0 0 0.380 16.00 3.90
hero_spruce_b 61.46 -3.81 2331.14 2.69 0.88 0 0 0 0.320 13.00 3.84
hero_spruce_a 66.71 -4.44 2332.06 1.68 1.05 0 0 0 0.380 16.00 3.90
hero_birch_b -17.29 1.74 2336.79 4.86 0.95 0 0 0 0.220 14.31 7.20
hero_spruce_a -13.89 1.66 2338.60 4.39 0.92 0 0 0 0.380 16.00 3.90
hero_pine_b -8.61 1.66 2337.58 3.85 0.96 0 0 0 0.300 14.00 4.13
hero_birch_b -3.21 1.68 2335.26 4.65 1.05 0 0 0 0.220 14.31 7.20
hero_oak_b 3.93 1.38 2337.07 3.83 1.13 0 0 0 0.480 10.11 6.89
hero_oak_a 12.06 1.12 2335.32 5.35 0.81 0 1 0 0.550 13.74 8.57
hero_spruce_b 35.90 -0.78 2334.61 2.93 0.85 0 1 0 0.320 13.00 3.84
hero_pine_a 39.22 -1.29 2339.22 1.72 0.82 0 1 0 0.340 17.00 4.12
hero_birch_b 44.63 -1.85 2337.80 0.46 0.93 0 1 0 0.220 14.31 7.20
hero_oak_b 51.37 -2.62 2338.79 2.40 0.94 0 0 0 0.480 10.11 6.89
hero_pine_a 66.32 -4.27 2338.07 5.71 1.13 0 0 0 0.340 17.00 4.12
hero_oak_b 70.49 -4.68 2337.31 5.87 0.81 0 0 0 0.480 10.11 6.89
hero_oak_c -18.60 1.57 2340.90 2.80 0.82 0 0 0 0.620 16.21 10.57
hero_oak_a -13.40 1.51 2341.98 1.28 0.83 0 0 0 0.550 13.74 8.57
hero_spruce_a -9.38 1.46 2342.31 4.71 0.84 0 0 0 0.380 16.00 3.90
hero_pine_a 0.44 1.14 2344.58 1.35 0.88 0 0 0 0.340 17.00 4.12
hero_oak_c 7.17 1.03 2341.37 3.08 1.11 0 1 0 0.620 16.21 10.57
hero_oak_a 11.46 0.79 2342.16 0.02 1.02 0 1 0 0.550 13.74 8.57
hero_oak_c 16.94 0.31 2341.48 1.37 0.83 0 1 0 0.620 16.21 10.57
hero_spruce_b 36.04 -0.98 2343.04 1.11 1.00 0 1 0 0.320 13.00 3.84
hero_spruce_a 47.50 -2.27 2342.66 1.06 0.82 0 0 0 0.380 16.00 3.90
hero_birch_b 54.47 -3.05 2344.91 0.42 1.02 0 0 0 0.220 14.31 7.20
hero_spruce_c 58.77 -3.44 2341.18 3.60 0.89 0 0 0 0.420 19.00 3.91
hero_oak_b 66.45 -4.21 2342.32 0.74 1.03 0 0 0 0.480 10.11 6.89
hero_pine_b -14.95 1.21 2349.82 4.55 0.83 0 0 0 0.300 14.00 4.13
hero_pine_b -8.53 1.23 2346.95 0.82 0.99 0 0 0 0.300 14.00 4.13
hero_birch_b -2.53 1.07 2347.62 5.75 0.96 0 0 0 0.220 14.31 7.20
hero_spruce_a 5.62 0.77 2348.08 5.22 0.87 0 0 0 0.380 16.00 3.90
hero_birch_b 8.54 0.57 2349.20 1.80 1.07 0 1 0 0.220 14.31 7.20
hero_oak_b 15.76 0.19 2349.28 0.31 0.85 0 1 0 0.480 10.11 6.89
hero_oak_b 33.22 -0.75 2347.19 2.86 0.96 0 1 0 0.480 10.11 6.89
hero_spruce_a 42.30 -1.90 2346.95 4.69 1.08 0 1 0 0.380 16.00 3.90
hero_spruce_b 44.91 -2.15 2346.67 4.48 1.10 0 1 0 0.320 13.00 3.84
hero_birch_b 53.61 -3.02 2347.87 6.13 1.08 0 0 0 0.220 14.31 7.20
hero_oak_c 58.06 -3.45 2349.85 3.23 0.95 0 0 0 0.620 16.21 10.57
hero_oak_a 66.48 -4.16 2349.16 3.14 1.13 0 0 0 0.550 13.74 8.57
hero_birch_a 72.14 -4.59 2346.62 4.48 0.83 0 0 0 0.200 13.23 4.86
hero_oak_a -14.90 1.06 2353.82 3.97 0.96 0 0 0 0.550 13.74 8.57
hero_spruce_a -7.08 0.88 2354.75 5.60 1.11 0 0 0 0.380 16.00 3.90
hero_birch_b -1.74 0.82 2352.85 4.80 0.92 0 0 0 0.220 14.31 7.20
hero_spruce_b 6.89 0.27 2357.30 3.39 0.99 0 0 0 0.320 13.00 3.84
hero_birch_b 12.00 0.13 2354.58 5.05 0.94 0 1 0 0.220 14.31 7.20
hero_oak_c 17.19 -0.27 2355.50 1.60 0.92 0 1 0 0.620 16.21 10.57
hero_birch_a 21.92 -0.66 2354.36 2.56 0.84 0 1 0 0.200 13.23 4.86
hero_spruce_c 42.00 -2.09 2352.96 2.00 0.94 0 1 0 0.420 19.00 3.91
hero_pine_a 46.91 -2.63 2355.21 2.00 1.08 0 1 0 0.340 17.00 4.12
hero_pine_a 50.76 -2.99 2356.93 2.46 0.87 0 0 0 0.340 17.00 4.12
hero_spruce_a 57.90 -3.54 2356.21 3.43 0.87 0 0 0 0.380 16.00 3.90
hero_spruce_b 65.40 -4.09 2357.42 3.73 1.06 0 0 0 0.320 13.00 3.84
hero_oak_a 70.02 -4.37 2353.70 1.07 1.05 0 0 0 0.550 13.74 8.57
hero_spruce_a -13.29 0.89 2359.92 4.60 0.83 0 0 0 0.380 16.00 3.90
hero_birch_b -7.98 0.68 2362.92 0.89 1.02 0 0 0 0.220 14.31 7.20
hero_birch_a -3.25 0.50 2363.43 4.92 1.06 0 0 0 0.200 13.23 4.86
hero_spruce_b 5.89 0.21 2360.38 3.37 0.81 0 0 0 0.320 13.00 3.84
hero_birch_b 8.67 -0.01 2361.57 0.93 1.08 0 0 0 0.220 14.31 7.20
hero_pine_a 16.34 -0.52 2362.42 1.28 1.12 0 1 0 0.340 17.00 4.12
hero_pine_b 36.20 -1.31 2363.31 3.24 0.87 0 1 0 0.300 14.00 4.13
hero_spruce_b 40.36 -2.16 2360.86 1.74 0.94 0 1 0 0.320 13.00 3.84
hero_spruce_a 49.32 -3.08 2362.98 1.79 0.84 0 1 0 0.380 16.00 3.90
hero_birch_a 54.47 -3.47 2363.49 2.32 0.86 0 0 0 0.200 13.23 4.86
hero_spruce_a 58.45 -3.63 2358.67 3.74 0.86 0 0 0 0.380 16.00 3.90
hero_spruce_c -6.15 0.51 2369.21 4.17 1.07 0 0 0 0.420 19.00 3.91
hero_birch_a -2.63 0.41 2365.77 3.04 1.14 0 0 0 0.200 13.23 4.86
hero_spruce_b 37.25 -1.64 2368.87 1.85 0.88 0 1 0 0.320 13.00 3.84
hero_pine_b 41.83 -2.49 2366.44 4.14 1.08 0 1 0 0.300 14.00 4.13
hero_spruce_b 46.11 -2.93 2365.26 3.20 0.96 0 1 0 0.320 13.00 3.84
hero_oak_a 58.93 -3.92 2369.05 5.32 1.08 0 0 0 0.550 13.74 8.57
hero_birch_b 62.88 -4.06 2367.35 1.05 0.86 0 0 0 0.220 14.31 7.20
hero_pine_b 69.16 -4.30 2365.29 1.28 0.84 0 0 0 0.300 14.00 4.13
hero_oak_b -12.35 0.74 2374.58 5.39 1.12 0 0 0 0.480 10.11 6.89
hero_spruce_b -7.18 0.54 2374.91 3.18 1.00 0 0 0 0.320 13.00 3.84
hero_pine_b 0.71 0.16 2373.08 5.62 0.83 0 0 0 0.300 14.00 4.13
hero_spruce_b 8.65 -0.36 2372.91 6.05 1.12 0 0 0 0.320 13.00 3.84
hero_pine_b 17.02 -0.89 2371.19 1.26 0.99 0 1 0 0.300 14.00 4.13
hero_spruce_c 21.31 -1.32 2374.97 3.18 0.89 0 1 0 0.420 19.00 3.91
hero_oak_c 39.31 -2.07 2370.53 2.57 1.05 0 1 0 0.620 16.21 10.57
hero_oak_c 49.03 -3.34 2370.80 4.64 0.85 0 1 0 0.620 16.21 10.57
hero_spruce_b 52.62 -3.63 2371.89 2.93 1.02 0 0 0 0.320 13.00 3.84
hero_oak_a 60.99 -4.14 2374.86 0.41 0.95 0 0 0 0.550 13.74 8.57
hero_spruce_b 64.27 -4.25 2373.07 5.12 1.10 0 0 0 0.320 13.00 3.84
hero_spruce_c 72.62 -4.45 2372.84 3.75 1.13 0 0 0 0.420 19.00 3.91
hero_birch_b 75.99 -4.46 2370.59 2.30 0.97 0 0 0 0.220 14.31 7.20
hero_birch_b -9.40 0.68 2380.22 0.48 1.13 0 0 0 0.220 14.31 7.20
hero_spruce_c 0.44 0.13 2379.65 0.56 1.03 0 0 0 0.420 19.00 3.91
hero_oak_a 14.60 -0.89 2380.62 5.86 0.81 0 1 0 0.550 13.74 8.57
hero_birch_b 25.52 -1.63 2378.96 4.17 0.85 0 1 0 0.220 14.31 7.20
hero_spruce_a 39.33 -2.08 2377.36 0.93 1.10 0 1 0 0.380 16.00 3.90
hero_pine_a 45.59 -3.39 2378.83 5.15 1.07 0 1 0 0.340 17.00 4.12
hero_pine_b 54.04 -3.96 2381.20 2.70 0.92 0 0 0 0.300 14.00 4.13
hero_birch_a 58.83 -4.11 2377.36 4.43 0.99 0 0 0 0.200 13.23 4.86
hero_oak_a 63.50 -4.36 2381.27 0.67 1.00 0 0 0 0.550 13.74 8.57
hero_birch_b 70.81 -4.46 2381.02 5.46 0.87 0 0 0 0.220 14.31 7.20
hero_spruce_a 75.02 -4.45 2379.32 1.69 0.93 0 0 0 0.380 16.00 3.90
hero_birch_b -6.75 0.60 2383.23 5.68 1.15 0 0 0 0.220 14.31 7.20
hero_spruce_a 1.18 0.16 2385.92 3.77 0.82 0 0 0 0.380 16.00 3.90
hero_spruce_c 4.80 -0.15 2384.64 3.57 1.07 0 0 0 0.420 19.00 3.91
hero_pine_b 8.83 -0.45 2384.27 0.68 0.87 0 0 0 0.300 14.00 4.13
hero_oak_c 15.29 -1.00 2383.70 2.86 1.06 0 1 0 0.620 16.21 10.57
hero_spruce_c 46.09 -3.53 2384.66 1.86 0.81 0 1 0 0.420 19.00 3.91
hero_spruce_c 51.83 -3.92 2383.40 2.69 1.13 0 1 0 0.420 19.00 3.91
hero_oak_a 59.98 -4.29 2383.64 1.88 0.94 0 0 0 0.550 13.74 8.57
hero_pine_a 64.35 -4.43 2384.92 3.43 0.85 0 0 0 0.340 17.00 4.12
hero_pine_b 78.14 -4.40 2385.53 0.17 0.87 0 0 0 0.300 14.00 4.13
hero_spruce_b -8.44 0.99 2391.51 5.06 0.88 0 0 0 0.320 13.00 3.84
hero_spruce_a 0.64 0.32 2392.04 3.40 1.07 0 0 0 0.380 16.00 3.90
hero_pine_b 7.24 -0.25 2391.98 0.14 1.12 0 0 0 0.300 14.00 4.13
hero_spruce_c 10.76 -0.56 2390.89 4.45 0.85 0 0 0 0.420 19.00 3.91
hero_oak_b 18.14 -1.26 2392.84 5.82 1.14 0 1 0 0.480 10.11 6.89
hero_birch_b 21.33 -1.57 2388.72 0.93 1.07 0 1 0 0.220 14.31 7.20
hero_oak_a 27.01 -1.88 2391.08 1.87 0.99 0 1 0 0.550 13.74 8.57
hero_pine_a 42.95 -3.03 2388.93 4.55 0.97 0 1 0 0.340 17.00 4.12
hero_birch_b 44.66 -3.43 2388.93 4.77 0.83 0 1 0 0.220 14.31 7.20
hero_oak_c 51.06 -4.06 2392.51 2.63 1.11 0 1 0 0.620 16.21 10.57
hero_oak_a 57.38 -4.30 2390.03 3.02 0.87 0 0 0 0.550 13.74 8.57
hero_pine_b 64.19 -4.48 2388.55 1.99 0.87 0 0 0 0.300 14.00 4.13
hero_spruce_a 69.22 -4.57 2392.24 3.73 0.95 0 0 0 0.380 16.00 3.90
hero_spruce_a 75.07 -4.51 2390.38 2.06 1.11 0 0 0 0.380 16.00 3.90
hero_spruce_b -7.55 1.13 2396.61 2.04 1.10 0 0 0 0.320 13.00 3.84
hero_spruce_c 1.16 0.42 2395.67 6.09 0.86 0 0 0 0.420 19.00 3.91
hero_pine_b 6.68 -0.13 2394.58 4.77 1.14 0 0 0 0.300 14.00 4.13
hero_spruce_a 11.16 -0.44 2398.70 5.23 1.07 0 0 0 0.380 16.00 3.90
hero_pine_a 16.95 -1.10 2395.13 4.96 1.01 0 1 0 0.340 17.00 4.12
hero_pine_a 22.03 -1.60 2396.43 2.38 1.07 0 1 0 0.340 17.00 4.12
hero_spruce_b 58.03 -4.44 2397.25 3.97 1.12 0 0 0 0.320 13.00 3.84
hero_spruce_c 64.44 -4.59 2398.98 2.58 0.87 0 0 0 0.420 19.00 3.91
hero_spruce_b 70.57 -4.59 2399.17 0.10 0.83 0 0 0 0.320 13.00 3.84
hero_oak_b 79.18 -4.38 2397.10 4.66 1.09 0 0 0 0.480 10.11 6.89
hero_spruce_a -8.07 1.45 2401.69 3.23 1.08 0 0 0 0.380 16.00 3.90
hero_pine_a -0.62 1.02 2405.22 0.88 0.98 0 0 0 0.340 17.00 4.12
hero_spruce_c 6.23 0.16 2401.12 5.48 0.88 0 0 0 0.420 19.00 3.91
hero_spruce_c 9.74 -0.16 2402.16 3.48 0.98 0 0 0 0.420 19.00 3.91
hero_spruce_c 16.38 -0.79 2404.51 4.88 0.89 0 1 0 0.420 19.00 3.91
hero_pine_a 22.88 -1.58 2402.07 3.23 0.94 0 1 0 0.340 17.00 4.12
hero_spruce_a 28.02 -1.98 2401.21 6.08 0.89 0 1 0 0.380 16.00 3.90
hero_birch_a 42.83 -2.77 2405.01 2.01 1.09 0 1 0 0.200 13.23 4.86
hero_birch_a 45.65 -3.46 2404.44 4.92 1.14 0 1 0 0.200 13.23 4.86
hero_pine_b 54.45 -4.28 2404.15 1.08 0.89 0 1 0 0.300 14.00 4.13
hero_birch_b 59.93 -4.50 2401.04 4.25 0.87 0 0 0 0.220 14.31 7.20
hero_birch_a 63.75 -4.60 2402.55 4.84 1.01 0 0 0 0.200 13.23 4.86
hero_spruce_a 72.45 -4.58 2401.78 4.55 0.90 0 0 0 0.380 16.00 3.90
hero_birch_a 76.05 -4.51 2401.98 2.02 1.10 0 0 0 0.200 13.23 4.86
hero_spruce_a -7.88 2.03 2410.70 5.48 0.92 0 0 0 0.380 16.00 3.90
hero_birch_a 1.09 1.16 2410.66 4.02 1.01 0 0 0 0.200 13.23 4.86
hero_oak_a 11.96 -0.01 2411.18 1.15 1.05 0 0 0 0.550 13.74 8.57
hero_oak_c 14.90 -0.38 2410.58 6.24 0.94 0 0 0 0.620 16.21 10.57
hero_pine_a 21.82 -1.32 2407.00 4.09 0.91 0 1 0 0.340 17.00 4.12
hero_spruce_b 29.01 -1.95 2406.98 5.73 0.89 0 1 0 0.320 13.00 3.84
hero_oak_c 48.78 -3.88 2411.24 0.05 0.91 0 1 0 0.620 16.21 10.57
hero_pine_a 51.69 -4.08 2410.38 3.16 0.81 0 1 0 0.340 17.00 4.12
hero_pine_a 59.66 -4.47 2408.39 1.29 0.82 0 0 0 0.340 17.00 4.12
hero_spruce_a 67.02 -4.62 2407.53 3.13 0.96 0 0 0 0.380 16.00 3.90
hero_birch_b 69.51 -4.58 2410.12 3.93 0.82 0 0 0 0.220 14.31 7.20
hero_oak_c 75.62 -4.49 2407.55 5.06 0.93 0 0 0 0.620 16.21 10.57
hero_spruce_c -6.06 2.01 2412.69 4.40 0.83 0 0 0 0.420 19.00 3.91
hero_birch_a 0.22 1.56 2415.57 5.28 1.04 0 0 0 0.200 13.23 4.86
hero_spruce_b 6.33 0.97 2416.69 4.21 0.85 0 0 0 0.320 13.00 3.84
hero_pine_a 10.47 0.34 2414.78 5.07 1.12 0 0 0 0.340 17.00 4.12
hero_spruce_c 18.29 -0.47 2417.08 5.73 0.94 0 1 0 0.420 19.00 3.91
hero_spruce_c 23.33 -1.19 2414.88 5.16 0.91 0 1 0 0.420 19.00 3.91
hero_birch_b 27.72 -1.82 2413.89 3.77 1.00 0 1 0 0.220 14.31 7.20
hero_spruce_c 42.30 -2.35 2417.05 2.29 0.86 0 1 0 0.420 19.00 3.91
hero_oak_a 47.95 -3.75 2415.30 4.23 1.06 0 1 0 0.550 13.74 8.57
hero_spruce_b 50.77 -3.95 2414.80 5.77 0.92 0 1 0 0.320 13.00 3.84
hero_birch_a 58.88 -4.35 2416.61 2.08 1.04 0 0 0 0.200 13.23 4.86
hero_spruce_a 63.27 -4.50 2416.08 0.85 1.09 0 0 0 0.380 16.00 3.90
hero_spruce_c 70.97 -4.55 2412.68 3.00 0.93 0 0 0 0.420 19.00 3.91
hero_pine_a 78.61 -4.33 2413.48 2.51 1.09 0 0 0 0.340 17.00 4.12
hero_birch_a -7.06 2.59 2419.81 1.00 0.94 0 0 0 0.200 13.23 4.86
hero_spruce_a -2.27 2.25 2421.61 3.87 0.90 0 0 0 0.380 16.00 3.90
hero_spruce_a 12.88 0.49 2422.36 1.78 1.11 0 0 0 0.380 16.00 3.90
hero_spruce_c 17.90 -0.32 2419.29 1.83 1.10 0 1 0 0.420 19.00 3.91
hero_spruce_b 23.47 -1.06 2418.63 6.19 1.12 0 1 0 0.320 13.00 3.84
hero_spruce_b 49.43 -3.66 2422.55 4.22 1.15 0 1 0 0.320 13.00 3.84
hero_pine_a 56.81 -4.18 2419.56 2.25 0.86 0 0 0 0.340 17.00 4.12
hero_spruce_b 62.79 -4.32 2423.37 0.05 1.04 0 0 0 0.320 13.00 3.84
hero_oak_a 71.68 -4.44 2419.55 3.64 0.82 0 0 0 0.550 13.74 8.57
hero_oak_a 77.06 -4.24 2422.58 3.21 0.80 0 0 0 0.550 13.74 8.57
hero_spruce_b -8.97 3.17 2425.71 1.60 1.12 0 0 0 0.320 13.00 3.84
hero_spruce_b 5.56 1.72 2427.37 5.06 1.11 0 0 0 0.320 13.00 3.84
hero_oak_c 12.65 0.70 2424.90 2.25 0.87 0 0 0 0.620 16.21 10.57
hero_pine_b 18.90 0.04 2427.57 4.12 0.88 0 1 0 0.300 14.00 4.13
hero_spruce_c 21.69 -0.25 2429.15 4.78 0.91 0 1 0 0.420 19.00 3.91
hero_pine_b 28.81 -1.54 2426.91 1.92 1.12 0 1 0 0.300 14.00 4.13
hero_pine_a 46.96 -3.18 2425.26 3.13 0.87 0 1 0 0.340 17.00 4.12
hero_spruce_c 50.88 -3.67 2424.98 0.05 1.00 0 1 0 0.420 19.00 3.91
hero_pine_a 61.05 -4.15 2427.17 0.32 0.95 0 0 0 0.340 17.00 4.12
hero_birch_a 64.58 -4.31 2424.70 1.79 0.81 0 0 0 0.200 13.23 4.86
hero_spruce_a 72.26 -4.23 2429.52 6.11 1.12 0 0 0 0.380 16.00 3.90
hero_birch_a 76.98 -4.16 2426.73 0.90 0.82 0 0 0 0.200 13.23 4.86
hero_oak_c -8.60 3.68 2433.54 5.03 0.88 0 0 0 0.620 16.21 10.57
hero_pine_b -2.01 2.84 2431.27 1.35 1.14 0 0 0 0.300 14.00 4.13
hero_spruce_c 3.72 2.15 2430.55 4.76 1.06 0 0 0 0.420 19.00 3.91
hero_pine_a 11.00 1.45 2434.08 3.92 1.09 0 0 0 0.340 17.00 4.12
hero_spruce_c 19.26 0.28 2432.68 2.37 1.00 0 1 0 0.420 19.00 3.91
hero_oak_a 20.52 0.28 2435.52 1.05 0.91 0 1 0 0.550 13.74 8.57
hero_spruce_c 47.17 -2.86 2434.47 1.23 0.94 0 1 0 0.420 19.00 3.91
hero_pine_b 51.70 -3.33 2434.46 5.29 0.82 0 1 0 0.300 14.00 4.13
hero_birch_b 58.23 -3.78 2433.50 1.82 0.89 0 0 0 0.220 14.31 7.20
hero_pine_a 62.75 -4.04 2431.65 3.35 0.91 0 0 0 0.340 17.00 4.12
hero_pine_b 69.52 -4.04 2434.66 2.80 0.88 0 0 0 0.300 14.00 4.13
hero_spruce_a 76.20 -4.08 2431.78 2.75 1.08 0 0 0 0.380 16.00 3.90
hero_oak_b -7.40 3.92 2440.17 1.57 1.14 0 0 0 0.480 10.11 6.89
hero_pine_a 1.47 2.91 2438.41 5.01 0.85 0 0 0 0.340 17.00 4.12
hero_oak_a 4.18 2.66 2440.02 0.19 1.10 0 0 0 0.550 13.74 8.57
hero_oak_a 10.68 1.67 2436.95 5.74 0.95 0 0 0 0.550 13.74 8.57
hero_spruce_c 17.92 0.69 2436.95 1.33 1.15 0 1 0 0.420 19.00 3.91
hero_oak_b 23.20 0.14 2439.79 1.43 1.02 0 1 0 0.480 10.11 6.89
hero_birch_b 28.72 -1.13 2439.40 2.88 1.00 0 1 0 0.220 14.31 7.20
hero_oak_a 47.68 -2.66 2440.80 2.71 0.87 0 1 0 0.550 13.74 8.57
hero_pine_a 51.16 -3.13 2438.36 6.25 1.08 0 1 0 0.340 17.00 4.12
hero_oak_b 60.84 -3.63 2440.33 5.08 1.13 0 0 0 0.480 10.11 6.89
hero_pine_b 62.96 -3.81 2437.67 1.55 0.94 0 0 0 0.300 14.00 4.13
hero_birch_b 72.55 -3.93 2438.00 1.68 1.09 0 0 0 0.220 14.31 7.20
hero_birch_b 75.09 -3.80 2440.77 4.75 1.13 0 0 0 0.220 14.31 7.20
hero_oak_c -9.36 4.30 2444.09 1.01 0.90 0 0 0 0.620 16.21 10.57
hero_oak_a -2.93 3.74 2445.44 3.94 0.83 0 0 0 0.550 13.74 8.57
hero_pine_a 7.33 2.53 2445.02 4.60 0.93 0 0 0 0.340 17.00 4.12
hero_spruce_b 10.57 2.13 2445.19 0.02 0.82 0 0 0 0.320 13.00 3.84
hero_pine_b 15.87 1.45 2445.87 1.94 0.98 0 1 0 0.300 14.00 4.13
hero_birch_b 25.45 -0.25 2442.50 1.95 1.13 0 1 0 0.220 14.31 7.20
hero_spruce_a 28.95 -1.00 2445.25 5.87 0.88 0 1 0 0.380 16.00 3.90
hero_spruce_b 48.73 -2.53 2445.65 5.67 0.87 0 1 0 0.320 13.00 3.84
hero_pine_b 54.96 -2.94 2447.35 5.89 0.96 0 1 0 0.300 14.00 4.13
hero_oak_c 60.32 -3.40 2444.39 5.99 0.98 0 0 0 0.620 16.21 10.57
hero_pine_a 65.59 -3.48 2447.03 5.79 1.11 0 0 0 0.340 17.00 4.12
hero_pine_b 72.63 -3.59 2446.63 1.31 1.15 0 0 0 0.300 14.00 4.13
hero_spruce_c 78.88 -3.44 2446.95 3.77 0.82 0 0 0 0.420 19.00 3.91
hero_spruce_c -4.76 4.10 2450.43 5.29 0.87 0 0 0 0.420 19.00 3.91
hero_oak_a 2.55 3.36 2451.77 1.44 0.91 0 0 0 0.550 13.74 8.57
hero_spruce_b 12.51 2.05 2449.27 1.30 0.88 0 0 0 0.320 13.00 3.84
hero_spruce_b 18.09 1.32 2449.51 1.08 0.89 0 1 0 0.320 13.00 3.84
hero_birch_b 24.16 0.56 2451.49 4.19 0.83 0 1 0 0.220 14.31 7.20
hero_pine_a 46.59 -2.02 2450.93 5.17 1.05 0 1 0 0.340 17.00 4.12
hero_oak_a 50.96 -2.40 2452.02 2.25 0.88 0 1 0 0.550 13.74 8.57
hero_oak_c 56.96 -2.88 2451.07 3.43 0.92 0 0 0 0.620 16.21 10.57
hero_spruce_a 66.16 -3.21 2452.40 4.76 0.86 0 0 0 0.380 16.00 3.90
hero_oak_c 69.03 -3.25 2453.19 2.20 1.03 0 0 0 0.620 16.21 10.57
hero_oak_b 78.24 -3.33 2449.95 4.41 0.83 0 0 0 0.480 10.11 6.89
hero_spruce_a 0.21 3.69 2455.18 3.05 1.03 0 0 0 0.380 16.00 3.90
hero_pine_b 4.94 3.21 2457.01 1.80 0.88 0 0 0 0.300 14.00 4.13
hero_pine_a 13.39 2.10 2454.67 3.78 1.14 0 0 0 0.340 17.00 4.12
hero_pine_b 15.22 1.97 2458.47 3.86 1.02 0 1 0 0.300 14.00 4.13
hero_birch_b 23.41 0.91 2458.38 2.38 0.84 0 1 0 0.220 14.31 7.20
hero_spruce_b 28.64 -0.82 2455.08 0.56 0.85 0 1 0 0.320 13.00 3.84
hero_spruce_a 41.31 -1.26 2457.42 2.89 1.00 0 1 0 0.380 16.00 3.90
hero_birch_b 44.77 -1.54 2457.18 0.83 1.15 0 1 0 0.220 14.31 7.20
hero_spruce_b 51.97 -2.32 2455.33 3.46 0.91 0 1 0 0.320 13.00 3.84
hero_oak_b 58.02 -2.61 2458.01 3.59 1.05 0 0 0 0.480 10.11 6.89
hero_spruce_c 65.14 -3.04 2455.20 3.75 0.85 0 0 0 0.420 19.00 3.91
hero_spruce_c 73.46 -3.11 2456.66 3.29 1.01 0 0 0 0.420 19.00 3.91
hero_pine_a 77.93 -2.98 2458.50 1.02 1.04 0 0 0 0.340 17.00 4.12
hero_pine_a -7.66 4.47 2461.82 4.27 0.94 0 0 0 0.340 17.00 4.12
hero_pine_a -0.78 3.85 2462.47 3.96 0.90 0 0 0 0.340 17.00 4.12
hero_spruce_b 6.99 3.01 2461.37 2.88 1.02 0 0 0 0.320 13.00 3.84
hero_oak_c 9.02 2.79 2464.40 6.23 1.00 0 0 0 0.620 16.21 10.57
hero_oak_a 17.60 1.77 2462.93 3.78 0.82 0 1 0 0.550 13.74 8.57
hero_spruce_b 24.17 0.81 2462.70 5.45 0.82 0 1 0 0.320 13.00 3.84
hero_pine_b 43.01 -1.18 2465.21 0.11 1.11 0 1 0 0.300 14.00 4.13
hero_spruce_c 49.31 -1.79 2461.91 1.41 0.82 0 1 0 0.420 19.00 3.91
hero_spruce_c 55.07 -2.29 2460.76 4.95 1.03 0 0 0 0.420 19.00 3.91
hero_spruce_c 58.11 -2.47 2461.00 0.40 1.03 0 0 0 0.420 19.00 3.91
hero_spruce_a 64.49 -2.75 2461.40 2.17 1.11 0 0 0 0.380 16.00 3.90
hero_spruce_a 72.77 -2.71 2464.77 0.21 0.87 0 0 0 0.380 16.00 3.90
hero_spruce_a 74.85 -2.69 2465.52 5.95 1.00 0 0 0 0.380 16.00 3.90
hero_birch_a -4.63 4.11 2468.13 4.38 0.91 0 0 0 0.200 13.23 4.86
hero_pine_a -2.90 3.93 2468.50 4.00 1.14 0 0 0 0.340 17.00 4.12
hero_pine_a 6.69 2.98 2470.77 1.88 0.88 0 0 0 0.340 17.00 4.12
hero_spruce_c 11.73 2.46 2469.37 2.87 0.92 0 0 0 0.420 19.00 3.91
hero_spruce_a 14.89 2.12 2466.85 1.07 0.81 0 1 0 0.380 16.00 3.90
hero_spruce_c 20.56 1.39 2470.37 3.48 1.12 0 1 0 0.420 19.00 3.91
hero_spruce_a 47.96 -1.46 2468.03 3.60 0.96 0 1 0 0.380 16.00 3.90
hero_oak_b 55.07 -1.91 2470.05 5.41 1.05 0 0 0 0.480 10.11 6.89
hero_spruce_a 61.37 -2.24 2469.43 3.19 0.90 0 0 0 0.380 16.00 3.90
hero_spruce_b 66.08 -2.47 2467.65 2.70 0.83 0 0 0 0.320 13.00 3.84
hero_spruce_a -5.24 3.93 2474.08 2.26 1.03 0 0 0 0.380 16.00 3.90
hero_birch_b 0.74 3.32 2476.55 2.70 1.12 0 0 0 0.220 14.31 7.20
hero_spruce_a 5.36 3.01 2473.91 1.68 0.97 0 0 0 0.380 16.00 3.90
hero_oak_c 11.25 2.43 2473.14 4.55 1.04 0 0 0 0.620 16.21 10.57
hero_oak_c 15.28 1.92 2475.97 4.72 1.07 0 1 0 0.620 16.21 10.57
hero_spruce_b 24.39 0.43 2476.51 3.39 0.96 0 1 0 0.320 13.00 3.84
hero_spruce_a 41.53 -1.02 2475.10 3.98 1.13 0 1 0 0.380 16.00 3.90
hero_spruce_a 45.57 -1.10 2475.10 3.69 1.12 0 1 0 0.380 16.00 3.90
hero_spruce_b 54.15 -1.64 2477.15 4.63 1.07 0 0 0 0.320 13.00 3.84
hero_pine_b 60.58 -2.04 2474.32 3.89 1.03 0 0 0 0.300 14.00 4.13
hero_pine_b 64.71 -2.12 2475.62 5.40 0.98 0 0 0 0.300 14.00 4.13
hero_oak_c 68.95 -2.27 2474.08 1.59 0.88 0 0 0 0.620 16.21 10.57
hero_spruce_a -12.12 3.84 2482.49 2.38 1.12 0 0 0 0.380 16.00 3.90
hero_pine_b -5.07 3.62 2479.50 1.32 1.08 0 0 0 0.300 14.00 4.13
hero_spruce_b -0.71 3.21 2480.78 4.40 1.04 0 0 0 0.320 13.00 3.84
hero_oak_c 7.04 2.58 2479.97 4.34 1.13 0 0 0 0.620 16.21 10.57
hero_oak_b 9.16 2.26 2482.51 6.24 0.97 0 0 0 0.480 10.11 6.89
hero_spruce_a 17.07 1.53 2482.31 1.22 0.80 0 1 0 0.380 16.00 3.90
hero_oak_c 21.01 1.09 2479.42 4.76 1.13 0 1 0 0.620 16.21 10.57
hero_spruce_c 26.63 -0.73 2482.94 2.08 1.13 0 1 0 0.420 19.00 3.91
hero_birch_b 43.22 -0.93 2480.50 5.65 0.92 0 1 0 0.220 14.31 7.20
hero_spruce_b 47.49 -1.15 2482.49 3.42 1.08 0 1 0 0.320 13.00 3.84
hero_pine_b 51.28 -1.39 2480.35 3.45 0.97 0 1 0 0.300 14.00 4.13
hero_spruce_a 60.29 -1.83 2480.06 5.11 0.86 0 0 0 0.380 16.00 3.90
hero_spruce_a 66.38 -1.95 2482.64 0.45 1.11 0 0 0 0.380 16.00 3.90
hero_birch_b 72.16 -2.06 2480.84 1.03 0.97 0 0 0 0.220 14.31 7.20
hero_spruce_c -4.83 3.01 2487.46 6.27 0.96 0 0 0 0.420 19.00 3.91
hero_pine_a 0.58 2.76 2485.72 1.06 1.07 0 0 0 0.340 17.00 4.12
hero_birch_a 5.47 2.37 2485.55 1.95 1.10 0 0 0 0.200 13.23 4.86
hero_pine_b 9.68 1.78 2488.92 1.34 1.10 0 0 0 0.300 14.00 4.13
hero_oak_c 15.78 1.35 2487.73 1.26 1.00 0 1 0 0.620 16.21 10.57
hero_spruce_a 22.18 0.34 2488.12 0.96 1.12 0 1 0 0.380 16.00 3.90
hero_oak_c 39.16 -1.12 2488.47 3.86 0.99 0 1 0 0.620 16.21 10.57
hero_pine_a 48.44 -1.20 2488.90 0.37 1.07 0 1 0 0.340 17.00 4.12
hero_birch_a 51.50 -1.33 2488.03 1.02 0.87 0 1 0 0.200 13.23 4.86
hero_pine_a 58.79 -1.66 2485.46 5.87 0.86 0 0 0 0.340 17.00 4.12
hero_pine_a 63.69 -1.77 2486.79 3.58 0.80 0 0 0 0.340 17.00 4.12
hero_oak_c 76.57 -1.79 2488.72 0.66 1.01 0 0 0 0.620 16.21 10.57
hero_pine_b -10.88 3.06 2490.80 0.99 0.84 0 0 0 0.300 14.00 4.13
hero_spruce_c -6.34 2.38 2494.96 0.47 0.90 0 0 0 0.420 19.00 3.91
hero_spruce_b -3.21 2.14 2495.47 0.80 0.93 0 0 0 0.320 13.00 3.84
hero_birch_a 2.92 1.72 2495.45 2.06 1.10 0 0 0 0.200 13.23 4.86
hero_pine_b 8.48 1.42 2494.34 1.34 1.07 0 0 0 0.300 14.00 4.13
hero_pine_b 18.39 0.59 2495.51 3.14 0.93 0 1 0 0.300 14.00 4.13
hero_pine_a 23.10 -0.31 2493.52 4.99 0.86 0 1 0 0.340 17.00 4.12
hero_birch_a 42.89 -1.04 2493.34 5.00 0.82 0 1 0 0.200 13.23 4.86
hero_spruce_a 48.18 -1.20 2490.97 1.42 0.98 0 1 0 0.380 16.00 3.90
hero_oak_b 53.72 -1.46 2495.16 0.70 0.92 0 0 0 0.480 10.11 6.89
hero_oak_c 58.70 -1.58 2493.09 5.45 0.85 0 0 0 0.620 16.21 10.57
hero_pine_a 63.31 -1.68 2494.64 0.72 1.06 0 0 0 0.340 17.00 4.12
hero_pine_b 70.23 -1.74 2492.05 1.82 0.96 0 0 0 0.300 14.00 4.13
hero_spruce_a 75.89 -1.71 2491.86 3.91 0.89 0 0 0 0.380 16.00 3.90
hero_pine_b -12.18 2.23 2499.03 5.85 0.88 0 0 0 0.300 14.00 4.13
hero_oak_b -4.75 1.57 2501.18 3.15 1.04 0 0 0 0.480 10.11 6.89
hero_spruce_c -3.48 1.79 2498.90 2.54 0.81 0 0 0 0.420 19.00 3.91
hero_spruce_a 4.23 1.33 2498.40 1.19 1.02 0 0 0 0.380 16.00 3.90
hero_spruce_b 11.12 0.77 2499.15 0.01 1.11 0 0 0 0.320 13.00 3.84
hero_pine_b 22.67 -0.52 2497.36 0.95 1.04 0 1 0 0.300 14.00 4.13
hero_birch_b 40.66 -1.19 2497.12 3.90 0.93 0 1 0 0.220 14.31 7.20
hero_spruce_a 48.82 -1.33 2497.37 2.19 0.95 0 1 0 0.380 16.00 3.90
hero_oak_c 60.20 -1.64 2497.71 5.03 1.10 0 0 0 0.620 16.21 10.57
hero_oak_c 62.94 -1.65 2499.86 3.23 0.97 0 0 0 0.620 16.21 10.57
hero_pine_a 71.86 -1.67 2496.49 5.67 0.96 0 0 0 0.340 17.00 4.12
hero_spruce_c -7.11 1.20 2505.36 3.92 0.96 0 0 0 0.420 19.00 3.91
hero_spruce_a -0.43 1.15 2502.78 5.91 0.80 0 0 0 0.380 16.00 3.90
hero_birch_b 7.39 0.32 2505.72 1.61 0.91 0 0 0 0.220 14.31 7.20
hero_oak_a 11.39 0.29 2503.73 6.06 0.99 0 1 0 0.550 13.74 8.57
hero_oak_c 18.37 -0.19 2503.93 0.52 1.06 0 1 0 0.620 16.21 10.57
hero_birch_b 21.96 -0.94 2504.52 3.57 1.02 0 1 0 0.220 14.31 7.20
hero_spruce_b 40.79 -1.41 2503.57 4.46 0.96 0 1 0 0.320 13.00 3.84
hero_oak_c 44.61 -1.47 2505.15 3.87 0.88 0 1 0 0.620 16.21 10.57
hero_birch_b 53.31 -1.58 2502.85 3.08 0.85 0 0 0 0.220 14.31 7.20
hero_birch_a 57.37 -1.73 2506.20 1.00 1.11 0 0 0 0.200 13.23 4.86
hero_spruce_a 67.23 -1.68 2505.95 3.14 1.10 0 0 0 0.380 16.00 3.90
hero_pine_a 71.80 -1.60 2502.80 4.91 0.89 0 0 0 0.340 17.00 4.12
hero_spruce_b 75.32 -1.53 2503.81 6.05 0.98 0 0 0 0.320 13.00 3.84
hero_birch_b -8.35 0.20 2513.47 4.58 1.08 0 0 0 0.220 14.31 7.20
hero_birch_b -2.88 0.17 2511.72 3.12 0.81 0 0 0 0.220 14.31 7.20
hero_pine_b 6.63 -0.28 2511.07 0.42 0.96 0 0 0 0.300 14.00 4.13
hero_pine_a 12.69 -0.75 2512.24 2.91 0.94 0 1 0 0.340 17.00 4.12
hero_oak_b 17.22 -1.08 2512.90 5.44 0.82 0 1 0 0.480 10.11 6.89
hero_spruce_a 38.99 -1.98 2512.96 1.19 1.12 0 1 0 0.380 16.00 3.90
hero_spruce_c 45.23 -1.82 2511.07 0.43 1.15 0 1 0 0.420 19.00 3.91
hero_spruce_a 53.75 -1.88 2512.02 3.71 0.84 0 0 0 0.380 16.00 3.90
hero_pine_a 65.86 -1.74 2510.82 4.82 0.97 0 0 0 0.340 17.00 4.12
hero_birch_a 70.19 -1.64 2508.63 1.65 1.08 0 0 0 0.200 13.23 4.86
hero_spruce_b -14.23 0.09 2516.53 0.24 1.10 0 0 0 0.320 13.00 3.84
hero_spruce_c -8.73 -0.11 2516.18 0.93 0.83 0 0 0 0.420 19.00 3.91
hero_spruce_c -2.24 -0.48 2516.28 3.93 0.91 0 0 0 0.420 19.00 3.91
hero_spruce_c 2.55 -0.71 2516.10 5.71 0.98 0 0 0 0.420 19.00 3.91
hero_pine_a 10.46 -1.21 2516.75 5.68 1.10 0 1 0 0.340 17.00 4.12
hero_pine_a 23.14 -2.27 2516.45 2.37 0.84 0 1 0 0.340 17.00 4.12
hero_pine_a 36.64 -2.34 2516.82 3.92 0.89 0 1 0 0.340 17.00 4.12
hero_pine_b 40.40 -2.15 2516.89 3.60 1.02 0 1 0 0.300 14.00 4.13
hero_spruce_a 48.00 -2.29 2519.35 0.16 0.92 0 1 0 0.380 16.00 3.90
hero_pine_b 52.25 -2.05 2515.39 5.95 1.00 0 0 0 0.300 14.00 4.13
hero_pine_b 58.01 -1.95 2514.93 0.14 0.86 0 0 0 0.300 14.00 4.13
hero_oak_a 65.65 -1.84 2515.98 5.82 1.01 0 0 0 0.550 13.74 8.57
hero_oak_b 70.53 -1.73 2517.42 2.19 1.13 0 0 0 0.480 10.11 6.89
hero_spruce_c -15.35 -0.59 2522.24 4.51 1.13 0 0 0 0.420 19.00 3.91
hero_spruce_b -9.13 -0.78 2521.33 4.72 0.83 0 0 0 0.320 13.00 3.84
hero_spruce_a 0.57 -1.43 2522.18 5.50 1.11 0 0 0 0.380 16.00 3.90
hero_spruce_c 6.89 -1.73 2522.34 3.96 0.81 0 0 0 0.420 19.00 3.91
hero_spruce_b 8.72 -1.77 2521.72 1.51 1.15 0 0 0 0.320 13.00 3.84
hero_oak_a 17.92 -2.38 2523.11 0.95 1.14 0 1 0 0.550 13.74 8.57
hero_oak_b 22.27 -2.63 2522.28 2.67 0.93 0 1 0 0.480 10.11 6.89
hero_birch_a 39.94 -2.52 2521.80 3.93 1.05 0 1 0 0.200 13.23 4.86
hero_spruce_a 47.38 -2.39 2520.69 5.27 1.10 0 1 0 0.380 16.00 3.90
hero_pine_a 54.60 -2.33 2522.19 2.74 0.86 0 0 0 0.340 17.00 4.12
hero_pine_b 57.23 -2.32 2522.95 4.19 1.13 0 0 0 0.300 14.00 4.13
hero_birch_b 66.93 -2.00 2524.38 4.37 1.03 0 0 0 0.220 14.31 7.20
hero_birch_a 72.55 -1.74 2524.67 3.10 0.86 0 0 0 0.200 13.23 4.86
hero_pine_a -14.10 -1.73 2530.88 3.57 1.14 0 0 0 0.340 17.00 4.12
hero_birch_a -8.75 -1.60 2527.31 3.27 1.01 0 0 0 0.200 13.23 4.86
hero_spruce_b -0.18 -2.28 2528.90 2.03 1.15 0 0 0 0.320 13.00 3.84
hero_pine_b 3.78 -2.63 2530.35 1.04 0.83 0 0 0 0.300 14.00 4.13
hero_pine_b 9.77 -3.01 2531.30 5.67 0.98 0 1 0 0.300 14.00 4.13
hero_oak_b 18.43 -3.03 2528.91 2.78 0.92 0 1 0 0.480 10.11 6.89
hero_oak_a 20.69 -3.08 2528.32 0.95 0.98 0 1 0 0.550 13.74 8.57
hero_pine_a 41.76 -2.91 2527.13 3.94 0.97 0 1 0 0.340 17.00 4.12
hero_oak_b 51.22 -2.75 2527.94 0.22 1.07 0 0 0 0.480 10.11 6.89
hero_spruce_a 58.11 -2.43 2526.76 2.66 0.87 0 0 0 0.380 16.00 3.90
hero_birch_b 68.49 -2.02 2527.95 0.79 1.02 0 0 0 0.220 14.31 7.20
hero_spruce_b -16.76 -2.07 2535.51 3.78 0.95 0 0 0 0.320 13.00 3.84
hero_pine_b -10.93 -2.66 2537.36 0.34 0.87 0 0 0 0.300 14.00 4.13
hero_pine_a -4.61 -2.91 2535.85 3.06 1.10 0 0 0 0.340 17.00 4.12
hero_oak_c -1.10 -2.74 2533.02 5.58 0.95 0 0 0 0.620 16.21 10.57
hero_spruce_b 6.71 -3.04 2532.57 2.81 0.87 0 0 0 0.320 13.00 3.84
hero_birch_b 10.53 -3.69 2536.75 3.52 0.87 0 1 0 0.220 14.31 7.20
hero_pine_a 15.72 -3.48 2533.55 0.64 1.14 0 1 0 0.340 17.00 4.12
hero_oak_c 36.80 -3.61 2535.42 4.61 0.83 0 1 0 0.620 16.21 10.57
hero_oak_b 43.04 -3.64 2537.24 6.05 0.86 0 1 0 0.480 10.11 6.89
hero_pine_b 49.44 -3.39 2537.09 2.80 1.15 0 0 0 0.300 14.00 4.13
hero_spruce_b 51.85 -3.25 2536.98 0.37 0.92 0 0 0 0.320 13.00 3.84
hero_pine_a 56.86 -3.01 2537.39 2.91 1.08 0 0 0 0.340 17.00 4.12
hero_spruce_c 64.13 -2.40 2532.80 3.02 0.95 0 0 0 0.420 19.00 3.91
hero_oak_c -14.09 -2.90 2541.77 1.09 0.81 0 0 0 0.620 16.21 10.57
hero_spruce_c -6.93 -3.42 2541.62 4.26 1.04 0 0 0 0.420 19.00 3.91
hero_birch_a -3.08 -3.31 2538.73 6.00 0.81 0 0 0 0.200 13.23 4.86
hero_pine_a 5.90 -4.21 2542.84 4.89 0.80 0 0 0 0.340 17.00 4.12
hero_birch_a 8.68 -4.24 2541.98 0.14 1.00 0 1 0 0.200 13.23 4.86
hero_spruce_b 15.69 -4.43 2542.16 2.83 0.99 0 1 0 0.320 13.00 3.84
hero_spruce_b 35.17 -3.85 2538.73 4.49 1.07 0 1 0 0.320 13.00 3.84
hero_birch_b 40.79 -3.94 2539.87 4.06 1.03 0 1 0 0.220 14.31 7.20
hero_spruce_b 45.10 -3.71 2538.93 3.74 1.12 0 1 0 0.320 13.00 3.84
hero_oak_c 51.75 -3.42 2539.53 5.45 1.15 0 0 0 0.620 16.21 10.57
hero_pine_a 58.17 -3.12 2541.68 0.52 0.97 0 0 0 0.340 17.00 4.12
hero_spruce_a 65.14 -2.65 2541.69 3.06 1.14 0 0 0 0.380 16.00 3.90
hero_oak_a 68.58 -2.33 2539.88 5.93 0.83 0 0 0 0.550 13.74 8.57
hero_pine_a -12.60 -3.46 2546.28 4.50 0.94 0 0 0 0.340 17.00 4.12
hero_spruce_a 1.37 -4.30 2545.48 6.16 0.90 0 0 0 0.380 16.00 3.90
hero_birch_a 3.59 -4.43 2545.75 0.15 0.92 0 0 0 0.200 13.23 4.86
hero_oak_b 10.61 -4.82 2547.01 1.43 0.97 0 1 0 0.480 10.11 6.89
hero_pine_a 18.27 -4.47 2544.67 0.26 1.05 0 1 0 0.340 17.00 4.12
hero_oak_b 37.35 -4.67 2549.09 0.62 0.98 0 1 0 0.480 10.11 6.89
hero_birch_b 41.73 -4.48 2548.35 3.68 0.86 0 1 0 0.220 14.31 7.20
hero_oak_c 47.18 -4.14 2547.66 1.69 0.96 0 0 0 0.620 16.21 10.57
hero_spruce_b 51.64 -3.79 2546.41 5.57 1.09 0 0 0 0.320 13.00 3.84
hero_birch_b 58.09 -3.34 2546.65 2.09 1.09 0 0 0 0.220 14.31 7.20
hero_pine_b 65.87 -2.67 2544.70 5.36 0.99 0 0 0 0.300 14.00 4.13
hero_pine_a 68.57 -2.48 2545.08 4.52 1.08 0 0 0 0.340 17.00 4.12
hero_pine_a -10.91 -4.34 2555.10 2.97 1.11 0 0 0 0.340 17.00 4.12
hero_spruce_b -6.14 -4.42 2551.57 3.95 0.87 0 0 0 0.320 13.00 3.84
hero_birch_a 0.33 -4.74 2550.59 3.51 0.93 0 0 0 0.200 13.23 4.86
hero_oak_c 6.10 -5.38 2554.81 6.08 0.98 0 0 0 0.620 16.21 10.57
hero_spruce_b 13.27 -5.25 2550.93 0.78 1.12 0 1 0 0.320 13.00 3.84
hero_spruce_c 14.55 -5.23 2550.93 1.30 0.86 0 1 0 0.420 19.00 3.91
hero_birch_a 37.47 -5.08 2555.35 5.64 0.87 0 1 0 0.200 13.23 4.86
hero_birch_a 48.93 -4.20 2551.16 3.94 0.92 0 0 0 0.200 13.23 4.86
hero_birch_a 51.64 -4.16 2555.11 2.86 0.93 0 0 0 0.200 13.23 4.86
hero_spruce_a 56.51 -3.71 2553.40 5.57 1.06 0 0 0 0.380 16.00 3.90
hero_spruce_b 66.89 -2.75 2550.87 3.31 1.00 0 0 0 0.320 13.00 3.84
hero_spruce_a -13.50 -4.33 2558.48 3.69 1.10 0 0 0 0.380 16.00 3.90
hero_pine_a -5.04 -5.09 2559.58 3.38 0.85 0 0 0 0.340 17.00 4.12
hero_pine_b -0.24 -5.32 2557.90 6.05 1.01 0 0 0 0.300 14.00 4.13
hero_pine_a 6.12 -5.84 2561.27 4.25 0.89 0 1 0 0.340 17.00 4.12
hero_spruce_b 9.61 -5.94 2561.12 6.11 0.83 0 1 0 0.320 13.00 3.84
hero_spruce_b 17.09 -5.47 2557.34 6.12 1.13 0 1 0 0.320 13.00 3.84
hero_pine_b 32.95 -5.03 2559.99 5.50 0.98 0 1 0 0.300 14.00 4.13
hero_spruce_a 40.93 -5.04 2556.79 1.64 1.14 0 1 0 0.380 16.00 3.90
hero_spruce_a 47.90 -4.66 2560.39 1.61 0.98 0 0 0 0.380 16.00 3.90
hero_pine_b 50.70 -4.29 2556.82 0.40 0.85 0 0 0 0.300 14.00 4.13
hero_spruce_b 56.89 -3.81 2557.71 1.38 1.07 0 0 0 0.320 13.00 3.84
hero_spruce_a 64.29 -3.09 2557.55 0.45 0.82 0 0 0 0.380 16.00 3.90
hero_oak_c 70.74 -2.50 2556.72 5.89 1.08 0 0 0 0.620 16.21 10.57
hero_oak_a -16.72 -4.24 2563.03 4.14 1.08 0 0 0 0.550 13.74 8.57
hero_birch_b -14.66 -4.53 2564.93 1.00 1.01 0 0 0 0.220 14.31 7.20
hero_spruce_a -6.52 -5.41 2567.39 3.99 1.10 0 0 0 0.380 16.00 3.90
hero_spruce_c -1.48 -5.61 2563.88 5.00 0.96 0 0 0 0.420 19.00 3.91
hero_spruce_c 7.44 -6.25 2567.27 0.24 1.10 0 1 0 0.420 19.00 3.91
hero_pine_a 12.94 -6.28 2567.13 5.43 0.90 0 1 0 0.340 17.00 4.12
hero_spruce_b 17.77 -5.53 2562.70 3.34 1.03 0 1 0 0.320 13.00 3.84
hero_spruce_c 37.06 -5.56 2564.17 4.06 1.03 0 1 0 0.420 19.00 3.91
hero_birch_b 42.37 -5.23 2564.95 2.28 0.92 0 1 0 0.220 14.31 7.20
hero_pine_b 48.83 -4.74 2567.11 3.67 1.01 0 0 0 0.300 14.00 4.13
hero_oak_b 50.79 -4.51 2564.56 6.23 0.98 0 0 0 0.480 10.11 6.89
hero_spruce_b 58.14 -3.82 2565.47 4.14 1.13 0 0 0 0.320 13.00 3.84
hero_oak_c 68.69 -2.73 2563.58 2.65 1.04 0 0 0 0.620 16.21 10.57
hero_pine_b -18.33 -4.31 2571.25 2.29 1.00 0 0 0 0.300 14.00 4.13
hero_pine_b -13.09 -4.84 2569.45 1.30 0.85 0 0 0 0.300 14.00 4.13
hero_spruce_b -1.28 -5.88 2569.44 5.36 1.03 0 0 0 0.320 13.00 3.84
hero_oak_b 3.34 -6.18 2570.68 4.54 0.80 0 0 0 0.480 10.11 6.89
hero_spruce_b 11.38 -6.45 2569.81 0.00 1.01 0 1 0 0.320 13.00 3.84
hero_birch_a 17.33 -5.82 2571.35 4.92 0.81 0 1 0 0.200 13.23 4.86
hero_pine_a 37.17 -5.74 2570.17 4.18 1.05 0 1 0 0.340 17.00 4.12
hero_birch_b 42.90 -5.35 2573.08 0.68 1.08 0 1 0 0.220 14.31 7.20
hero_spruce_a 44.57 -5.13 2568.51 5.32 0.80 0 1 0 0.380 16.00 3.90
hero_oak_b 55.21 -4.14 2571.68 1.31 1.02 0 0 0 0.480 10.11 6.89
hero_birch_b 60.54 -3.56 2568.60 6.10 0.87 0 0 0 0.220 14.31 7.20
hero_oak_a 65.25 -3.07 2569.33 6.03 1.10 0 0 0 0.550 13.74 8.57
hero_spruce_b -15.11 -4.78 2578.90 1.82 0.86 0 0 0 0.320 13.00 3.84
hero_oak_a 0.63 -6.16 2574.71 2.88 0.97 0 0 0 0.550 13.74 8.57
hero_spruce_b 6.58 -6.45 2574.85 1.99 0.86 0 1 0 0.320 13.00 3.84
hero_pine_a 10.93 -6.62 2575.63 2.27 1.07 0 1 0 0.340 17.00 4.12
hero_spruce_b 18.80 -5.52 2579.46 3.57 0.84 0 1 0 0.320 13.00 3.84
hero_spruce_c 33.03 -5.60 2575.77 0.29 0.88 0 1 0 0.420 19.00 3.91
hero_oak_a 39.70 -5.64 2577.78 0.59 1.11 0 1 0 0.550 13.74 8.57
hero_pine_b 48.55 -4.79 2578.84 4.69 1.14 0 0 0 0.300 14.00 4.13
hero_pine_a 51.06 -4.51 2578.23 6.15 0.88 0 0 0 0.340 17.00 4.12
hero_spruce_b 60.22 -3.53 2575.67 6.00 0.90 0 0 0 0.320 13.00 3.84
hero_spruce_a -19.23 -4.25 2585.51 1.82 0.92 0 0 0 0.380 16.00 3.90
hero_oak_a -15.50 -4.75 2585.05 4.17 0.97 0 0 0 0.550 13.74 8.57
hero_pine_a -8.05 -5.56 2584.78 2.73 0.80 0 0 0 0.340 17.00 4.12
hero_birch_b -2.92 -6.03 2582.29 0.62 1.15 0 0 0 0.220 14.31 7.20
hero_spruce_b 4.92 -6.49 2582.49 4.80 0.91 0 1 0 0.320 13.00 3.84
hero_oak_c 9.43 -6.63 2583.30 0.01 0.81 0 1 0 0.620 16.21 10.57
hero_birch_b 16.11 -6.16 2582.77 3.84 1.04 0 1 0 0.220 14.31 7.20
hero_pine_a 34.84 -5.79 2582.58 3.45 0.83 0 1 0 0.340 17.00 4.12
hero_pine_b 38.83 -5.66 2582.62 2.51 1.13 0 1 0 0.300 14.00 4.13
hero_spruce_c 44.66 -5.09 2583.66 2.49 0.96 0 0 0 0.420 19.00 3.91
hero_oak_a 53.88 -4.18 2580.50 2.04 1.11 0 0 0 0.550 13.74 8.57
hero_pine_a 58.42 -3.56 2582.92 2.82 0.94 0 0 0 0.340 17.00 4.12
hero_birch_a -16.81 -4.52 2591.04 1.86 1.15 0 0 0 0.200 13.23 4.86
hero_spruce_c -10.74 -5.22 2591.24 5.71 0.98 0 0 0 0.420 19.00 3.91
hero_spruce_a -5.95 -5.73 2587.84 5.23 0.83 0 0 0 0.380 16.00 3.90
hero_spruce_a -2.42 -6.02 2588.88 0.66 0.98 0 0 0 0.380 16.00 3.90
hero_birch_a 7.39 -6.54 2590.21 1.53 1.04 0 1 0 0.200 13.23 4.86
hero_oak_b 11.67 -6.60 2591.35 0.30 0.91 0 1 0 0.480 10.11 6.89
hero_pine_b 34.78 -5.67 2589.99 4.45 0.94 0 1 0 0.300 14.00 4.13
hero_spruce_b 42.49 -5.13 2589.59 5.25 1.09 0 1 0 0.320 13.00 3.84
hero_spruce_c 45.45 -4.93 2586.79 4.37 1.09 0 0 0 0.420 19.00 3.91
hero_spruce_a 58.52 -3.20 2591.33 5.18 1.04 0 0 0 0.380 16.00 3.90
hero_spruce_a 66.93 -2.31 2587.91 1.01 0.82 0 0 0 0.380 16.00 3.90
hero_birch_b 68.58 -2.03 2589.34 3.72 0.84 0 0 0 0.220 14.31 7.20
hero_oak_a -18.29 -4.26 2594.22 3.12 1.12 0 0 0 0.550 13.74 8.57
hero_oak_c -6.65 -5.49 2597.20 4.81 0.83 0 0 0 0.620 16.21 10.57
hero_pine_b -1.48 -6.03 2592.89 0.77 1.05 0 0 0 0.300 14.00 4.13
hero_oak_c 5.98 -6.39 2594.32 6.12 1.00 0 1 0 0.620 16.21 10.57
hero_spruce_a 12.54 -6.48 2593.08 0.57 0.88 0 1 0 0.380 16.00 3.90
hero_pine_b 17.83 -5.60 2593.43 1.82 0.89 0 1 0 0.300 14.00 4.13
hero_spruce_b 30.99 -5.42 2595.86 2.87 1.12 0 1 0 0.320 13.00 3.84
hero_oak_a 37.13 -5.47 2593.60 6.27 0.94 0 1 0 0.550 13.74 8.57
hero_birch_b 46.99 -4.45 2593.65 1.66 0.82 0 0 0 0.220 14.31 7.20
hero_spruce_a 61.01 -2.74 2593.76 5.09 0.98 0 0 0 0.380 16.00 3.90
hero_birch_b 63.99 -2.13 2597.17 2.48 0.94 0 0 0 0.220 14.31 7.20
hero_spruce_b -17.97 -4.16 2599.20 5.13 0.92 0 0 0 0.320 13.00 3.84
hero_spruce_a -11.30 -4.85 2602.79 0.22 0.81 0 0 0 0.380 16.00 3.90
hero_pine_a -5.62 -5.38 2603.40 5.10 0.82 0 0 0 0.340 17.00 4.12
hero_spruce_c 1.51 -5.96 2601.59 4.44 0.99 0 0 0 0.420 19.00 3.91
hero_birch_b 7.45 -6.28 2599.27 2.99 0.88 0 1 0 0.220 14.31 7.20
hero_birch_a 10.55 -6.22 2602.23 2.12 0.88 0 1 0 0.200 13.23 4.86
hero_birch_b 16.95 -5.60 2598.97 3.10 0.97 0 1 0 0.220 14.31 7.20
hero_spruce_b 32.78 -5.29 2601.42 5.78 1.06 0 1 0 0.320 13.00 3.84
hero_spruce_a 39.74 -4.76 2602.24 3.97 1.03 0 1 0 0.380 16.00 3.90
hero_birch_b 45.30 -4.15 2602.28 2.63 1.04 0 0 0 0.220 14.31 7.20
hero_spruce_c 54.84 -3.11 2600.40 4.91 1.09 0 0 0 0.420 19.00 3.91
hero_pine_a 58.34 -2.59 2601.15 1.85 0.94 0 0 0 0.340 17.00 4.12
hero_spruce_c 66.42 -1.72 2598.52 0.24 0.92 0 0 0 0.420 19.00 3.91
hero_spruce_c -17.68 -3.91 2608.95 1.46 1.14 0 0 0 0.420 19.00 3.91
hero_spruce_a -11.12 -4.69 2608.63 1.08 1.13 0 0 0 0.380 16.00 3.90
hero_pine_a -6.83 -5.12 2607.91 5.28 0.97 0 0 0 0.340 17.00 4.12
hero_birch_b -0.90 -5.53 2608.81 0.49 1.07 0 0 0 0.220 14.31 7.20
hero_spruce_a 5.83 -5.82 2609.04 4.38 1.01 0 1 0 0.380 16.00 3.90
hero_pine_a 9.15 -6.00 2606.61 3.50 0.90 0 1 0 0.340 17.00 4.12
hero_spruce_a 16.44 -5.27 2608.91 0.49 0.87 0 1 0 0.380 16.00 3.90
hero_oak_b 31.15 -4.98 2608.57 1.12 1.10 0 1 0 0.480 10.11 6.89
hero_birch_b 34.30 -4.83 2608.36 1.27 0.86 0 1 0 0.220 14.31 7.20
hero_spruce_a 39.10 -4.33 2609.17 2.30 0.91 0 1 0 0.380 16.00 3.90
hero_oak_b 44.85 -3.76 2608.29 1.88 0.94 0 0 0 0.480 10.11 6.89
hero_oak_c 52.69 -2.99 2605.57 2.50 0.97 0 0 0 0.620 16.21 10.57
hero_spruce_b -11.80 -4.38 2614.97 5.02 1.13 0 0 0 0.320 13.00 3.84
hero_spruce_a -8.46 -4.82 2611.70 2.82 0.99 0 0 0 0.380 16.00 3.90
hero_spruce_a 0.90 -5.48 2612.16 5.09 1.07 0 0 0 0.380 16.00 3.90
hero_birch_b 6.51 -5.62 2613.28 3.89 1.02 0 1 0 0.220 14.31 7.20
hero_pine_a 9.45 -5.79 2610.81 3.26 0.88 0 1 0 0.340 17.00 4.12
hero_pine_a 15.96 -5.03 2615.34 3.24 1.13 0 1 0 0.340 17.00 4.12
hero_spruce_a 31.43 -4.75 2613.19 4.41 1.13 0 1 0 0.380 16.00 3.90
hero_oak_b 35.29 -4.47 2612.43 2.75 0.88 0 1 0 0.480 10.11 6.89
hero_spruce_a 40.98 -3.95 2611.73 4.33 1.08 0 1 0 0.380 16.00 3.90
hero_spruce_a 49.21 -2.94 2611.61 1.00 0.86 0 0 0 0.380 16.00 3.90
hero_oak_b 55.37 -1.94 2613.66 4.25 0.82 0 0 0 0.480 10.11 6.89
hero_oak_c 60.92 -1.43 2611.24 2.57 1.07 0 0 0 0.620 16.21 10.57
hero_pine_b 64.74 -0.77 2612.62 4.85 0.91 0 0 0 0.300 14.00 4.13
hero_spruce_a -16.79 -3.61 2619.80 0.44 0.91 0 0 0 0.380 16.00 3.90
hero_oak_c -10.95 -4.35 2617.52 3.60 1.07 0 0 0 0.620 16.21 10.57
hero_oak_a -7.32 -4.59 2619.31 2.10 0.96 0 0 0 0.550 13.74 8.57
hero_oak_a -3.01 -5.01 2616.89 1.76 0.87 0 0 0 0.550 13.74 8.57
hero_spruce_b 6.52 -5.42 2616.99 3.94 1.10 0 1 0 0.320 13.00 3.84
hero_spruce_c 12.16 -5.25 2620.13 4.77 1.10 0 1 0 0.420 19.00 3.91
hero_birch_b 16.80 -4.72 2619.68 3.17 0.92 0 1 0 0.220 14.31 7.20
hero_spruce_c 37.33 -3.92 2616.69 3.34 0.90 0 1 0 0.420 19.00 3.91
hero_birch_b 40.29 -3.29 2620.55 4.93 1.13 0 1 0 0.220 14.31 7.20
hero_pine_b 46.57 -2.81 2617.18 3.48 1.03 0 0 0 0.300 14.00 4.13
hero_oak_a 51.51 -2.05 2618.42 5.42 1.04 0 0 0 0.550 13.74 8.57
hero_spruce_c 58.24 -1.10 2618.53 3.54 0.91 0 0 0 0.420 19.00 3.91
hero_oak_b 65.09 -0.37 2616.50 1.13 1.08 0 0 0 0.480 10.11 6.89
hero_spruce_a -19.57 -3.09 2625.69 4.22 1.14 0 0 0 0.380 16.00 3.90
hero_spruce_b -12.95 -3.78 2626.77 1.35 1.01 0 0 0 0.320 13.00 3.84
hero_pine_a -5.25 -4.44 2625.78 1.75 0.94 0 0 0 0.340 17.00 4.12
hero_birch_b 1.09 -4.92 2622.78 0.38 0.82 0 0 0 0.220 14.31 7.20
hero_pine_a 5.49 -4.98 2624.11 0.59 0.93 0 1 0 0.340 17.00 4.12
hero_spruce_c 11.92 -5.00 2624.29 0.13 1.10 0 1 0 0.420 19.00 3.91
hero_spruce_a 33.48 -3.75 2624.98 3.97 0.86 0 1 0 0.380 16.00 3.90
hero_spruce_c 43.18 -2.68 2623.21 3.39 0.87 0 1 0 0.420 19.00 3.91
hero_birch_a 44.88 -2.40 2623.85 3.19 0.83 0 0 0 0.200 13.23 4.86
hero_birch_a 51.00 -1.49 2624.89 2.76 0.84 0 0 0 0.200 13.23 4.86
hero_spruce_a 66.98 0.92 2626.91 5.92 1.09 0 0 0 0.380 16.00 3.90
hero_spruce_a -19.31 -2.92 2631.48 3.12 0.91 0 0 0 0.380 16.00 3.90
hero_pine_a -11.33 -3.68 2633.29 4.90 0.94 0 0 0 0.340 17.00 4.12
hero_oak_c -8.03 -3.99 2631.97 1.06 0.95 0 0 0 0.620 16.21 10.57
hero_pine_a 1.27 -4.48 2631.73 6.27 1.14 0 0 0 0.340 17.00 4.12
hero_pine_a 7.32 -4.48 2633.14 4.00 1.07 0 1 0 0.340 17.00 4.12
hero_oak_b 9.96 -4.60 2630.54 1.68 0.84 0 1 0 0.480 10.11 6.89
hero_oak_c 15.95 -4.28 2629.50 4.30 1.08 0 1 0 0.620 16.21 10.57
hero_spruce_b 34.64 -3.20 2629.63 0.57 0.87 0 1 0 0.320 13.00 3.84
hero_pine_b 42.47 -1.86 2633.17 0.75 0.88 0 1 0 0.300 14.00 4.13
hero_birch_b 48.03 -1.13 2633.29 1.47 1.11 0 0 0 0.220 14.31 7.20
hero_spruce_a 54.84 -0.27 2632.01 2.03 0.97 0 0 0 0.380 16.00 3.90
hero_pine_b 59.37 0.48 2633.04 2.11 0.98 0 0 0 0.300 14.00 4.13
hero_pine_b 66.10 1.35 2632.19 5.26 0.89 0 0 0 0.300 14.00 4.13
hero_oak_b -11.55 -3.45 2639.30 3.39 0.88 0 0 0 0.480 10.11 6.89
hero_spruce_b -4.83 -3.97 2637.56 3.91 1.11 0 0 0 0.320 13.00 3.84
hero_spruce_a -1.44 -4.07 2638.31 0.51 1.06 0 0 0 0.380 16.00 3.90
hero_pine_a 3.45 -4.38 2634.67 5.64 1.09 0 1 0 0.340 17.00 4.12
hero_birch_b 8.95 -4.23 2637.39 3.74 1.14 0 1 0 0.220 14.31 7.20
hero_spruce_c 14.67 -4.07 2635.46 2.50 1.13 0 1 0 0.420 19.00 3.91
hero_spruce_b 30.46 -3.43 2636.15 1.93 0.89 0 1 0 0.320 13.00 3.84
hero_pine_b 33.38 -2.89 2636.67 5.28 0.92 0 1 0 0.300 14.00 4.13
hero_spruce_c 42.93 -1.29 2639.22 1.80 1.08 0 1 0 0.420 19.00 3.91
hero_spruce_c 46.25 -1.05 2636.63 0.52 0.92 0 0 0 0.420 19.00 3.91
hero_pine_a 56.60 0.67 2639.44 6.00 1.09 0 0 0 0.340 17.00 4.12
hero_spruce_c 63.99 1.30 2634.90 2.89 1.12 0 0 0 0.420 19.00 3.91
hero_pine_a -18.61 -2.74 2641.22 1.24 0.81 0 0 0 0.340 17.00 4.12
hero_pine_a -15.28 -3.00 2645.43 5.79 1.06 0 0 0 0.340 17.00 4.12
hero_spruce_a -9.01 -3.60 2641.27 1.18 1.15 0 0 0 0.380 16.00 3.90
hero_oak_a 5.04 -4.07 2640.74 3.41 1.04 0 1 0 0.550 13.74 8.57
hero_spruce_a 8.67 -4.01 2640.85 0.69 0.85 0 1 0 0.380 16.00 3.90
hero_oak_b 17.28 -3.55 2643.04 4.14 1.09 0 1 0 0.480 10.11 6.89
hero_spruce_c 32.94 -2.70 2640.77 2.60 1.09 0 1 0 0.420 19.00 3.91
hero_spruce_b 38.68 -1.57 2642.43 2.06 1.06 0 1 0 0.320 13.00 3.84
hero_birch_a 47.48 -0.27 2643.38 5.11 0.83 0 0 0 0.200 13.23 4.86
hero_spruce_b 55.24 0.67 2641.30 4.56 0.86 0 0 0 0.320 13.00 3.84
hero_oak_a 56.57 1.16 2645.01 6.02 1.11 0 0 0 0.550 13.74 8.57
hero_oak_b 62.55 1.86 2643.07 5.50 1.11 0 0 0 0.480 10.11 6.89
hero_spruce_a -21.18 -2.33 2651.43 2.96 0.83 0 0 0 0.380 16.00 3.90
hero_spruce_c -10.78 -3.32 2646.72 6.06 1.14 0 0 0 0.420 19.00 3.91
hero_oak_b -6.61 -3.39 2651.51 1.04 0.83 0 0 0 0.480 10.11 6.89
hero_spruce_a -1.60 -3.72 2646.97 0.63 1.13 0 0 0 0.380 16.00 3.90
hero_spruce_b 11.56 -3.64 2646.59 3.84 0.95 0 1 0 0.320 13.00 3.84
hero_oak_b 14.86 -3.28 2650.73 3.20 1.14 0 1 0 0.480 10.11 6.89
hero_spruce_c 30.93 -2.67 2647.94 4.82 1.11 0 1 0 0.420 19.00 3.91
hero_birch_a 34.72 -1.67 2649.43 5.51 0.97 0 1 0 0.200 13.23 4.86
hero_spruce_a 40.31 -0.75 2649.96 3.66 0.84 0 1 0 0.380 16.00 3.90
hero_spruce_b 48.53 0.25 2647.92 0.71 0.95 0 0 0 0.320 13.00 3.84
hero_spruce_a 53.20 0.87 2647.25 3.93 1.04 0 0 0 0.380 16.00 3.90
hero_pine_b 58.45 1.90 2650.55 1.88 1.07 0 0 0 0.300 14.00 4.13
hero_oak_c 66.36 2.95 2649.42 2.74 1.03 0 0 0 0.620 16.21 10.57
hero_pine_b -17.40 -2.66 2655.99 3.69 1.05 0 0 0 0.300 14.00 4.13
hero_spruce_a -11.31 -3.13 2653.46 2.23 0.95 0 0 0 0.380 16.00 3.90
hero_pine_b -7.57 -3.30 2654.19 2.31 0.94 0 0 0 0.300 14.00 4.13
hero_oak_c -3.37 -3.43 2655.25 0.14 1.15 0 0 0 0.620 16.21 10.57
hero_spruce_c 12.19 -3.16 2656.17 0.47 0.97 0 1 0 0.420 19.00 3.91
hero_spruce_b 17.01 -3.03 2654.44 0.31 0.88 0 1 0 0.320 13.00 3.84
hero_spruce_c 28.87 -2.80 2654.67 3.04 0.89 0 1 0 0.420 19.00 3.91
hero_spruce_a 35.38 -1.30 2652.56 3.44 0.97 0 1 0 0.380 16.00 3.90
hero_birch_a 48.03 0.87 2657.33 0.31 0.82 0 0 0 0.200 13.23 4.86
hero_oak_b 57.18 2.21 2657.27 5.72 1.03 0 0 0 0.480 10.11 6.89
hero_pine_a 65.40 3.35 2656.52 1.66 1.10 0 0 0 0.340 17.00 4.12
hero_oak_b -19.26 -2.50 2659.34 0.22 1.14 0 0 0 0.480 10.11 6.89
hero_birch_b -11.02 -3.05 2661.79 2.25 1.11 0 0 0 0.220 14.31 7.20
hero_birch_a -7.00 -3.20 2661.08 5.55 1.01 0 0 0 0.200 13.23 4.86
hero_spruce_a -1.91 -3.31 2660.22 4.23 0.96 0 0 0 0.380 16.00 3.90
hero_oak_a 13.51 -2.85 2662.46 1.50 0.89 0 1 0 0.550 13.74 8.57
hero_pine_b 29.80 -2.22 2662.77 2.18 0.99 0 1 0 0.300 14.00 4.13
hero_birch_a 32.58 -1.48 2661.43 3.97 0.88 0 1 0 0.200 13.23 4.86
hero_spruce_a 43.20 0.37 2660.81 4.19 0.96 0 0 0 0.380 16.00 3.90
hero_oak_b 48.15 0.96 2658.69 2.41 0.99 0 0 0 0.480 10.11 6.89
hero_spruce_a 53.04 1.92 2662.57 5.15 1.03 0 0 0 0.380 16.00 3.90
hero_oak_b 60.62 2.88 2659.41 2.45 0.83 0 0 0 0.480 10.11 6.89
hero_pine_a 65.47 3.59 2659.99 2.59 1.02 0 0 0 0.340 17.00 4.12
hero_pine_a -19.29 -2.50 2669.52 3.70 0.85 0 0 0 0.340 17.00 4.12
hero_pine_b -13.69 -2.88 2666.30 6.01 1.11 0 0 0 0.300 14.00 4.13
hero_oak_a -5.51 -3.14 2667.43 5.70 0.83 0 0 0 0.550 13.74 8.57
hero_birch_a -0.42 -3.20 2667.98 0.49 1.13 0 0 0 0.200 13.23 4.86
hero_spruce_b 5.15 -3.13 2664.82 0.71 0.90 0 1 0 0.320 13.00 3.84
hero_pine_b 9.87 -2.93 2665.27 5.33 0.84 0 1 0 0.300 14.00 4.13
hero_pine_a 28.76 -2.40 2666.65 1.03 1.09 0 1 0 0.340 17.00 4.12
hero_spruce_c 35.61 -0.31 2669.50 5.37 0.84 0 1 0 0.420 19.00 3.91
hero_oak_c 42.71 0.51 2664.61 4.30 0.87 0 1 0 0.620 16.21 10.57
hero_birch_a 45.61 1.07 2667.21 2.28 0.85 0 0 0 0.200 13.23 4.86
hero_spruce_a 50.58 1.75 2666.14 3.76 0.91 0 0 0 0.380 16.00 3.90
hero_oak_c 58.22 2.85 2665.26 2.15 0.96 0 0 0 0.620 16.21 10.57
hero_birch_a 64.66 3.84 2666.60 5.70 1.08 0 0 0 0.200 13.23 4.86
hero_birch_b -16.90 -2.72 2674.21 3.05 1.05 0 0 0 0.220 14.31 7.20
hero_birch_a -14.18 -2.85 2670.52 3.88 1.03 0 0 0 0.200 13.23 4.86
hero_spruce_b -4.81 -3.14 2673.28 2.28 1.07 0 0 0 0.320 13.00 3.84
hero_oak_c -0.44 -3.14 2672.68 0.69 1.08 0 0 0 0.620 16.21 10.57
hero_pine_a 6.63 -2.91 2674.90 0.15 1.10 0 1 0 0.340 17.00 4.12
hero_birch_b 13.17 -2.63 2670.75 0.54 0.89 0 1 0 0.220 14.31 7.20
hero_oak_a 34.99 -0.37 2672.12 2.77 0.91 0 1 0 0.550 13.74 8.57
hero_birch_b 41.72 0.63 2670.87 4.18 1.13 0 1 0 0.220 14.31 7.20
hero_spruce_b 48.55 1.72 2672.85 4.83 1.15 0 0 0 0.320 13.00 3.84
hero_pine_a 51.27 2.23 2675.45 5.02 1.08 0 0 0 0.340 17.00 4.12
hero_oak_a 57.40 3.07 2673.30 3.59 1.09 0 0 0 0.550 13.74 8.57
hero_birch_a 64.36 4.13 2675.25 5.55 1.11 0 0 0 0.200 13.23 4.86
hero_pine_a -18.52 -2.67 2678.72 3.52 0.95 0 0 0 0.340 17.00 4.12
hero_birch_a -11.12 -3.01 2677.04 6.28 0.92 0 0 0 0.200 13.23 4.86
hero_oak_b -8.22 -3.11 2678.59 4.21 1.08 0 0 0 0.480 10.11 6.89
hero_pine_a -1.92 -3.13 2680.51 3.11 1.08 0 0 0 0.340 17.00 4.12
hero_pine_b 4.31 -2.95 2680.02 5.17 0.91 0 1 0 0.300 14.00 4.13
hero_spruce_b 10.96 -2.63 2678.01 6.11 1.14 0 1 0 0.320 13.00 3.84
hero_spruce_b 14.67 -2.38 2680.38 5.40 0.81 0 1 0 0.320 13.00 3.84
hero_spruce_a 33.82 -0.47 2677.78 0.37 1.00 0 1 0 0.380 16.00 3.90
hero_spruce_b 47.36 1.81 2680.96 2.00 0.81 0 0 0 0.320 13.00 3.84
hero_spruce_a 54.84 2.86 2678.22 6.20 0.88 0 0 0 0.380 16.00 3.90
hero_birch_b 59.16 3.51 2679.49 3.28 1.10 0 0 0 0.220 14.31 7.20
hero_spruce_a 67.26 4.61 2678.03 5.53 0.98 0 0 0 0.380 16.00 3.90
hero_spruce_a -17.21 -2.91 2687.51 0.66 1.06 0 0 0 0.380 16.00 3.90
hero_spruce_b -6.74 -3.19 2687.29 1.18 1.01 0 0 0 0.320 13.00 3.84
hero_oak_b 1.36 -3.06 2684.44 0.68 1.09 0 0 0 0.480 10.11 6.89
hero_pine_b 31.22 -1.04 2682.52 2.07 0.94 0 1 0 0.300 14.00 4.13
hero_birch_b 34.75 -0.03 2686.27 5.19 0.90 0 1 0 0.220 14.31 7.20
hero_pine_b 40.81 0.93 2686.75 2.45 0.93 0 1 0 0.300 14.00 4.13
hero_birch_b 47.36 1.89 2686.86 5.28 1.09 0 0 0 0.220 14.31 7.20
hero_oak_c 52.05 2.55 2684.09 2.66 1.10 0 0 0 0.620 16.21 10.57
hero_pine_a 63.16 4.18 2684.29 0.64 0.90 0 0 0 0.340 17.00 4.12
hero_pine_b -18.79 -2.89 2690.27 5.40 0.96 0 0 0 0.300 14.00 4.13
hero_spruce_b -13.10 -3.20 2692.84 2.94 1.15 0 0 0 0.320 13.00 3.84
hero_birch_b -6.33 -3.21 2689.36 3.70 0.97 0 0 0 0.220 14.31 7.20
hero_spruce_b 0.86 -3.13 2691.86 1.92 1.13 0 0 0 0.320 13.00 3.84
hero_oak_c 5.46 -2.91 2693.18 4.72 0.88 0 1 0 0.620 16.21 10.57
hero_birch_a 13.46 -2.41 2691.81 5.25 1.15 0 1 0 0.200 13.23 4.86
hero_birch_b 28.08 -2.15 2689.04 2.88 1.14 0 1 0 0.220 14.31 7.20
hero_pine_b 49.32 2.23 2689.87 0.69 0.85 0 0 0 0.300 14.00 4.13
hero_spruce_c 54.47 2.99 2692.91 0.06 0.89 0 0 0 0.420 19.00 3.91
hero_birch_b 60.17 3.78 2689.02 3.68 1.11 0 0 0 0.220 14.31 7.20
hero_birch_b 63.93 4.32 2692.11 0.91 0.82 0 0 0 0.220 14.31 7.20
hero_pine_a -18.04 -3.16 2698.27 4.45 1.12 0 0 0 0.340 17.00 4.12
hero_birch_a -15.40 -3.16 2694.89 0.68 0.91 0 0 0 0.200 13.23 4.86
hero_spruce_a -4.91 -3.29 2694.90 1.99 0.95 0 0 0 0.380 16.00 3.90
hero_oak_c -2.38 -3.30 2698.76 4.25 0.88 0 0 0 0.620 16.21 10.57
hero_spruce_a 6.17 -2.93 2698.07 1.65 0.99 0 1 0 0.380 16.00 3.90
hero_birch_a 12.28 -2.44 2695.33 0.19 0.83 0 1 0 0.200 13.23 4.86
hero_pine_b 30.57 -1.03 2696.10 2.82 1.10 0 1 0 0.300 14.00 4.13
hero_spruce_c 35.58 0.21 2696.00 1.19 1.13 0 1 0 0.420 19.00 3.91
hero_pine_b 39.47 0.79 2695.10 1.67 0.99 0 1 0 0.300 14.00 4.13
hero_pine_a 48.40 2.09 2698.49 4.07 1.00 0 0 0 0.340 17.00 4.12
hero_spruce_a 51.54 2.56 2697.00 0.65 0.95 0 0 0 0.380 16.00 3.90
hero_spruce_c 59.10 3.60 2699.45 5.27 0.96 0 0 0 0.420 19.00 3.91
hero_pine_a 63.48 4.18 2699.48 3.73 0.99 0 0 0 0.340 17.00 4.12
hero_birch_b -17.38 -3.39 2704.98 4.97 0.93 0 0 0 0.220 14.31 7.20
hero_spruce_b -12.13 -3.50 2704.12 1.45 0.86 0 0 0 0.320 13.00 3.84
hero_oak_a -6.25 -3.53 2705.48 0.83 0.82 0 0 0 0.550 13.74 8.57
hero_spruce_a 1.10 -3.32 2704.71 1.46 1.05 0 1 0 0.380 16.00 3.90
hero_birch_a 4.62 -3.12 2704.30 0.85 0.94 0 1 0 0.200 13.23 4.86
hero_oak_b 12.48 -2.50 2703.36 1.50 0.88 0 1 0 0.480 10.11 6.89
hero_spruce_a 31.46 -0.60 2701.41 0.88 1.13 0 1 0 0.380 16.00 3.90
hero_birch_b 36.47 0.35 2703.54 4.36 0.81 0 1 0 0.220 14.31 7.20
hero_spruce_c 42.82 1.26 2700.81 1.38 1.02 0 0 0 0.420 19.00 3.91
hero_oak_b 45.76 1.68 2702.52 3.85 0.95 0 0 0 0.480 10.11 6.89
hero_spruce_b 53.86 2.85 2701.46 6.11 0.94 0 0 0 0.320 13.00 3.84
hero_pine_a 58.49 3.42 2705.12 5.93 1.08 0 0 0 0.340 17.00 4.12
hero_pine_b 65.25 4.35 2702.56 2.97 1.03 0 0 0 0.300 14.00 4.13
hero_pine_b -18.15 -3.56 2710.47 1.15 0.93 0 0 0 0.300 14.00 4.13
hero_spruce_b -14.65 -3.70 2710.87 2.68 1.15 0 0 0 0.320 13.00 3.84
hero_oak_a -6.85 -3.70 2709.86 4.39 1.13 0 0 0 0.550 13.74 8.57
hero_pine_a -2.42 -3.59 2710.04 3.93 1.05 0 0 0 0.340 17.00 4.12
hero_birch_b 6.80 -3.07 2708.99 3.62 0.99 0 1 0 0.220 14.31 7.20
hero_spruce_b 9.84 -2.85 2711.47 2.15 0.85 0 1 0 0.320 13.00 3.84
hero_spruce_b 30.82 -0.83 2710.98 6.24 0.96 0 1 0 0.320 13.00 3.84
hero_pine_a 35.69 0.17 2707.54 5.60 1.09 0 1 0 0.340 17.00 4.12
hero_spruce_c 40.25 0.79 2709.27 1.17 1.11 0 1 0 0.420 19.00 3.91
hero_spruce_a 47.93 1.95 2707.05 2.97 0.81 0 0 0 0.380 16.00 3.90
hero_spruce_b 53.57 2.68 2709.31 6.09 1.05 0 0 0 0.320 13.00 3.84
hero_spruce_a 57.91 3.32 2707.86 5.72 0.82 0 0 0 0.380 16.00 3.90
hero_oak_c 63.30 4.04 2706.64 1.96 0.81 0 0 0 0.620 16.21 10.57
hero_spruce_a -22.97 -3.55 2715.39 2.32 0.99 0 0 0 0.380 16.00 3.90
hero_spruce_b -13.96 -3.80 2713.69 3.69 0.96 0 0 0 0.320 13.00 3.84
hero_spruce_c -8.94 -3.82 2713.76 0.44 0.86 0 0 0 0.420 19.00 3.91
hero_spruce_a -0.61 -3.59 2712.84 1.79 0.99 0 0 0 0.380 16.00 3.90
hero_oak_b 2.92 -3.42 2713.68 5.73 0.85 0 1 0 0.480 10.11 6.89
hero_pine_a 12.22 -2.74 2715.60 5.72 1.05 0 1 0 0.340 17.00 4.12
hero_birch_a 26.59 -2.13 2714.90 3.50 0.88 0 1 0 0.200 13.23 4.86
hero_oak_c 33.77 -0.19 2714.17 1.91 1.08 0 1 0 0.620 16.21 10.57
hero_pine_b 42.53 1.04 2714.97 5.76 0.87 0 0 0 0.300 14.00 4.13
hero_spruce_a 47.20 1.72 2713.47 4.56 0.98 0 0 0 0.380 16.00 3.90
hero_spruce_a 55.37 2.78 2716.33 6.01 0.90 0 0 0 0.380 16.00 3.90
hero_oak_a 59.22 3.28 2715.80 6.14 1.03 0 0 0 0.550 13.74 8.57
hero_birch_b -24.82 -3.80 2722.52 0.25 0.95 0 0 0 0.220 14.31 7.20
hero_spruce_a -18.52 -4.06 2721.84 1.26 1.00 0 0 0 0.380 16.00 3.90
hero_spruce_a -13.94 -4.08 2720.54 1.65 0.85 0 0 0 0.380 16.00 3.90
hero_spruce_c -7.13 -4.02 2719.71 6.03 0.90 0 0 0 0.420 19.00 3.91
hero_spruce_b -2.39 -3.99 2722.24 0.08 1.05 0 0 0 0.320 13.00 3.84
hero_pine_a 4.54 -3.50 2719.13 3.61 1.02 0 1 0 0.340 17.00 4.12
hero_pine_b 28.18 -1.77 2720.42 3.48 1.14 0 1 0 0.300 14.00 4.13
hero_oak_c 35.32 -0.13 2722.92 4.25 0.81 0 1 0 0.620 16.21 10.57
hero_birch_a 39.50 0.53 2719.42 3.52 0.90 0 1 0 0.200 13.23 4.86
hero_spruce_c 47.46 1.57 2721.93 3.56 0.92 0 0 0 0.420 19.00 3.91
hero_oak_a 53.97 2.43 2722.13 0.28 0.97 0 0 0 0.550 13.74 8.57
hero_oak_a 59.48 3.11 2723.05 0.46 0.88 0 0 0 0.550 13.74 8.57
hero_spruce_c 63.47 3.55 2723.29 2.31 1.12 0 0 0 0.420 19.00 3.91
hero_pine_b -24.93 -4.16 2728.99 2.08 0.96 0 0 0 0.300 14.00 4.13
hero_spruce_a -18.14 -4.41 2728.12 6.04 1.14 0 0 0 0.380 16.00 3.90
hero_spruce_b -12.00 -4.45 2727.83 1.95 0.98 0 0 0 0.320 13.00 3.84
hero_pine_b -4.61 -4.26 2726.80 5.73 1.03 0 0 0 0.300 14.00 4.13
hero_spruce_a 10.42 -3.15 2724.62 3.77 0.83 0 1 0 0.380 16.00 3.90
hero_oak_b 30.59 -1.06 2726.83 0.31 0.96 0 1 0 0.480 10.11 6.89
hero_spruce_a 33.50 -0.47 2726.93 0.10 0.82 0 1 0 0.380 16.00 3.90
hero_spruce_c 52.51 2.07 2728.58 5.50 0.91 0 0 0 0.420 19.00 3.91
hero_birch_a 56.70 2.64 2727.12 5.76 0.91 0 0 0 0.200 13.23 4.86
hero_oak_c 63.31 3.35 2728.88 4.75 1.09 0 0 0 0.620 16.21 10.57
hero_spruce_b -25.02 -4.51 2734.63 2.83 0.83 0 0 0 0.320 13.00 3.84
hero_pine_b -16.73 -4.82 2734.84 1.25 1.02 0 0 0 0.300 14.00 4.13
hero_spruce_c -11.84 -4.61 2730.85 0.52 1.00 0 0 0 0.420 19.00 3.91
hero_spruce_c -9.30 -4.78 2734.89 1.96 0.98 0 0 0 0.420 19.00 3.91
hero_oak_a -1.02 -4.46 2735.40 3.18 0.88 0 1 0 0.550 13.74 8.57
hero_pine_a 5.97 -3.85 2732.50 0.41 1.12 0 1 0 0.340 17.00 4.12
hero_birch_b 9.50 -3.61 2734.31 5.44 0.98 0 1 0 0.220 14.31 7.20
hero_birch_b 27.55 -1.86 2730.77 6.26 0.95 0 1 0 0.220 14.31 7.20
hero_pine_b 33.27 -0.64 2731.84 5.49 0.84 0 1 0 0.300 14.00 4.13
hero_oak_c 42.26 0.62 2731.18 0.42 0.85 0 0 0 0.620 16.21 10.57
hero_oak_c 48.06 1.34 2732.92 6.08 1.06 0 0 0 0.620 16.21 10.57
hero_oak_a 59.25 2.77 2732.34 2.00 1.06 0 0 0 0.550 13.74 8.57
hero_spruce_b -27.51 -4.78 2740.01 1.47 1.12 0 0 0 0.320 13.00 3.84
hero_spruce_b -16.96 -5.21 2741.11 5.12 0.93 0 0 0 0.320 13.00 3.84
hero_oak_a -15.40 -5.17 2740.37 3.82 0.90 0 0 0 0.550 13.74 8.57
hero_birch_a -6.11 -4.86 2738.15 3.72 0.99 0 0 0 0.200 13.23 4.86
hero_spruce_b -3.34 -4.93 2741.36 0.69 1.10 0 0 0 0.320 13.00 3.84
hero_birch_a 3.29 -4.33 2738.81 1.58 0.82 0 1 0 0.200 13.23 4.86
hero_oak_c 24.97 -2.87 2740.40 4.38 0.94 0 1 0 0.620 16.21 10.57
hero_spruce_a 29.79 -1.44 2741.17 5.31 0.95 0 1 0 0.380 16.00 3.90
hero_spruce_a 35.85 -0.54 2740.76 3.57 0.83 0 1 0 0.380 16.00 3.90
hero_pine_b 39.82 0.10 2737.71 4.97 0.81 0 0 0 0.300 14.00 4.13
hero_birch_a 48.46 1.28 2736.73 5.19 1.05 0 0 0 0.200 13.23 4.86
hero_spruce_a 54.16 1.95 2739.47 0.29 0.85 0 0 0 0.380 16.00 3.90
hero_pine_b 59.49 2.53 2740.52 6.07 1.06 0 0 0 0.300 14.00 4.13
hero_pine_a -28.61 -5.02 2744.31 1.16 0.84 0 0 0 0.340 17.00 4.12
hero_oak_b -23.16 -5.19 2742.62 5.66 1.13 0 0 0 0.480 10.11 6.89
hero_oak_c -20.06 -5.44 2744.83 5.93 1.03 0 0 0 0.620 16.21 10.57
hero_oak_b -14.38 -5.48 2745.13 4.67 0.88 0 0 0 0.480 10.11 6.89
hero_pine_b -5.18 -5.31 2746.40 5.42 1.02 0 0 0 0.300 14.00 4.13
hero_pine_b -2.60 -4.93 2742.63 3.42 0.84 0 1 0 0.300 14.00 4.13
hero_oak_a 3.35 -4.70 2746.01 0.32 0.90 0 1 0 0.550 13.74 8.57
hero_spruce_b 25.00 -2.91 2747.21 3.99 0.86 0 1 0 0.320 13.00 3.84
hero_oak_a 26.94 -2.19 2745.17 1.10 0.91 0 1 0 0.550 13.74 8.57
hero_spruce_c 33.75 -0.93 2743.60 3.70 0.84 0 1 0 0.420 19.00 3.91
hero_spruce_a 38.66 -0.24 2742.88 4.77 1.05 0 0 0 0.380 16.00 3.90
hero_pine_a 47.53 0.85 2747.09 5.77 1.00 0 0 0 0.340 17.00 4.12
hero_oak_b 50.67 1.27 2747.10 1.68 0.90 0 0 0 0.480 10.11 6.89
hero_pine_b 60.59 2.45 2747.30 2.29 0.95 0 0 0 0.300 14.00 4.13
hero_spruce_a -19.90 -5.84 2749.96 0.20 1.01 0 0 0 0.380 16.00 3.90
hero_birch_b -13.35 -6.07 2753.28 5.15 0.89 0 0 0 0.220 14.31 7.20
hero_birch_b -8.88 -5.73 2750.27 0.37 1.05 0 0 0 0.220 14.31 7.20
hero_spruce_b -0.25 -5.21 2749.92 4.46 0.89 0 1 0 0.320 13.00 3.84
hero_spruce_b 2.71 -5.15 2752.75 1.18 1.05 0 1 0 0.320 13.00 3.84
hero_pine_b 29.61 -1.85 2752.48 4.01 0.95 0 1 0 0.300 14.00 4.13
hero_birch_b 35.77 -0.84 2748.57 5.16 1.03 0 1 0 0.220 14.31 7.20
hero_spruce_c 41.83 -0.13 2752.90 4.92 1.03 0 0 0 0.420 19.00 3.91
hero_spruce_c 45.70 0.43 2752.09 1.85 1.08 0 0 0 0.420 19.00 3.91
hero_birch_b 51.67 1.27 2751.18 5.65 0.92 0 0 0 0.220 14.31 7.20
hero_birch_a -30.67 -6.30 2759.41 3.86 1.10 0 0 0 0.200 13.23 4.86
hero_oak_a -27.41 -6.19 2756.57 2.43 1.02 0 0 0 0.550 13.74 8.57
hero_pine_b -20.67 -6.43 2757.02 0.13 1.00 0 0 0 0.300 14.00 4.13
hero_oak_a -14.42 -6.36 2756.50 3.11 1.08 0 0 0 0.550 13.74 8.57
hero_spruce_c -7.27 -6.08 2755.97 5.14 1.08 0 0 0 0.420 19.00 3.91
hero_spruce_a -2.77 -5.72 2755.02 1.03 0.90 0 1 0 0.380 16.00 3.90
hero_spruce_b 3.30 -5.46 2759.08 1.87 1.00 0 1 0 0.320 13.00 3.84
hero_spruce_a 21.92 -3.91 2754.64 5.66 1.00 0 1 0 0.380 16.00 3.90
hero_oak_b 31.48 -1.81 2758.21 4.43 0.80 0 1 0 0.480 10.11 6.89
hero_pine_b 36.55 -0.98 2755.25 0.69 1.11 0 0 0 0.300 14.00 4.13
hero_oak_c 40.11 -0.61 2759.28 6.27 1.04 0 0 0 0.620 16.21 10.57
hero_birch_a 45.45 0.19 2758.80 5.31 0.84 0 0 0 0.200 13.23 4.86
hero_spruce_b 53.10 1.30 2756.21 4.03 0.82 0 0 0 0.320 13.00 3.84
hero_spruce_b 57.56 1.84 2755.74 2.35 1.02 0 0 0 0.320 13.00 3.84
hero_spruce_b -30.86 -6.71 2763.47 6.04 1.15 0 0 0 0.320 13.00 3.84
hero_pine_b -25.42 -6.78 2761.83 4.27 1.06 0 0 0 0.300 14.00 4.13
hero_spruce_a -17.70 -6.89 2762.13 0.88 1.01 0 0 0 0.380 16.00 3.90
hero_pine_a -12.55 -6.81 2762.39 2.11 1.00 0 0 0 0.340 17.00 4.12
hero_spruce_c -4.63 -6.34 2761.53 4.05 1.04 0 1 0 0.420 19.00 3.91
hero_oak_a 4.03 -5.50 2761.25 3.51 0.90 0 1 0 0.550 13.74 8.57
hero_spruce_a 24.91 -3.09 2763.35 3.33 0.87 0 1 0 0.380 16.00 3.90
hero_pine_a 35.48 -1.53 2764.85 5.58 1.07 0 0 0 0.340 17.00 4.12
hero_birch_b 38.49 -0.95 2762.05 5.68 0.94 0 0 0 0.220 14.31 7.20
hero_spruce_a 47.48 0.22 2765.02 2.29 1.09 0 0 0 0.380 16.00 3.90
hero_birch_b 54.77 1.29 2762.16 5.25 1.12 0 0 0 0.220 14.31 7.20
hero_spruce_b -30.54 -7.42 2770.21 3.51 0.81 0 0 0 0.320 13.00 3.84
hero_spruce_a -23.21 -7.78 2771.36 2.06 0.89 0 0 0 0.380 16.00 3.90
hero_pine_b -21.15 -7.75 2771.03 5.68 0.83 0 0 0 0.300 14.00 4.13
hero_pine_a -13.38 -7.58 2770.50 5.21 1.11 0 0 0 0.340 17.00 4.12
hero_spruce_c -5.92 -6.97 2768.36 3.00 0.91 0 1 0 0.420 19.00 3.91
hero_spruce_b 0.13 -6.45 2767.93 0.81 0.96 0 1 0 0.320 13.00 3.84
hero_spruce_b 4.55 -5.86 2767.71 5.16 0.87 0 1 0 0.320 13.00 3.84
hero_oak_c 18.48 -5.19 2769.64 4.83 0.90 0 1 0 0.620 16.21 10.57
hero_spruce_c 21.20 -4.47 2768.93 1.62 1.07 0 1 0 0.420 19.00 3.91
hero_pine_b 27.54 -2.87 2767.61 4.13 1.03 0 1 0 0.300 14.00 4.13
hero_birch_a 37.08 -1.55 2771.04 3.00 0.83 0 0 0 0.200 13.23 4.86
hero_pine_a 43.14 -0.63 2771.20 4.27 0.88 0 0 0 0.340 17.00 4.12
hero_pine_b 45.40 -0.29 2770.72 5.08 0.95 0 0 0 0.300 14.00 4.13
hero_pine_b 51.09 0.61 2768.67 4.07 0.91 0 0 0 0.300 14.00 4.13
hero_spruce_a -33.27 -7.66 2773.49 6.26 1.04 0 0 0 0.380 16.00 3.90
hero_pine_a -20.69 -8.21 2775.45 1.58 0.82 0 0 0 0.340 17.00 4.12
hero_pine_b -12.11 -7.81 2773.42 2.29 1.07 0 0 0 0.300 14.00 4.13
hero_spruce_b -4.93 -7.56 2775.77 0.35 1.04 0 1 0 0.320 13.00 3.84
hero_oak_c 0.53 -6.99 2776.06 3.92 0.82 0 1 0 0.620 16.21 10.57
hero_spruce_a 4.01 -6.48 2776.53 4.96 0.83 0 1 0 0.380 16.00 3.90
hero_spruce_b 16.15 -6.21 2776.96 5.98 1.12 0 1 0 0.320 13.00 3.84
hero_spruce_a 21.86 -4.44 2775.41 6.03 1.05 0 1 0 0.380 16.00 3.90
hero_birch_b 27.59 -3.21 2773.67 4.53 1.09 0 1 0 0.220 14.31 7.20
hero_birch_b 33.26 -2.35 2774.70 3.38 0.90 0 0 0 0.220 14.31 7.20
hero_pine_b 40.27 -1.16 2773.02 3.21 0.93 0 0 0 0.300 14.00 4.13
hero_spruce_b 47.66 -0.04 2773.04 0.79 0.87 0 0 0 0.320 13.00 3.84
hero_oak_a 51.61 0.39 2776.47 0.06 0.89 0 0 0 0.550 13.74 8.57
hero_spruce_a -34.67 -8.15 2778.51 1.82 1.02 0 0 0 0.380 16.00 3.90
hero_spruce_c -33.38 -8.73 2782.69 2.89 1.07 0 0 0 0.420 19.00 3.91
hero_oak_b -23.04 -8.62 2779.05 5.65 1.09 0 0 0 0.480 10.11 6.89
hero_birch_a -19.74 -8.87 2781.84 3.59 0.83 0 0 0 0.200 13.23 4.86
hero_pine_a -15.28 -8.83 2782.35 2.20 1.09 0 0 0 0.340 17.00 4.12
hero_birch_a -6.23 -7.92 2778.78 4.67 0.87 0 1 0 0.200 13.23 4.86
hero_spruce_a 0.83 -7.16 2779.31 4.90 0.88 0 1 0 0.380 16.00 3.90
hero_birch_a 2.96 -6.96 2780.62 1.51 1.00 0 1 0 0.200 13.23 4.86
hero_birch_a 15.36 -6.52 2782.44 2.83 0.83 0 1 0 0.200 13.23 4.86
hero_spruce_c 26.85 -3.67 2779.57 4.07 0.87 0 1 0 0.420 19.00 3.91
hero_pine_b 33.48 -2.74 2781.84 2.47 1.05 0 0 0 0.300 14.00 4.13
hero_pine_a 39.96 -1.64 2781.49 3.66 1.02 0 0 0 0.340 17.00 4.12
hero_oak_c 45.55 -0.77 2782.01 0.96 0.96 0 0 0 0.620 16.21 10.57
hero_pine_b 52.64 0.33 2780.98 4.36 1.12 0 0 0 0.300 14.00 4.13
hero_pine_a -29.47 -9.15 2784.90 5.64 1.03 0 0 0 0.340 17.00 4.12
hero_birch_b -23.79 -9.29 2785.16 1.08 1.09 0 0 0 0.220 14.31 7.20
hero_birch_a -21.05 -9.32 2785.67 1.25 1.08 0 0 0 0.200 13.23 4.86
hero_pine_b -13.04 -9.07 2785.93 1.42 0.94 0 0 0 0.300 14.00 4.13
hero_oak_b -9.12 -8.80 2785.53 4.55 1.09 0 1 0 0.480 10.11 6.89
hero_spruce_c 0.27 -7.63 2785.69 6.19 0.85 0 1 0 0.420 19.00 3.91
hero_spruce_a 16.27 -6.46 2784.80 0.81 0.93 0 1 0 0.380 16.00 3.90
hero_oak_a 22.12 -4.99 2787.17 1.73 0.98 0 1 0 0.550 13.74 8.57
hero_pine_a 30.35 -3.46 2785.39 4.28 0.81 0 0 0 0.340 17.00 4.12
hero_birch_a 33.22 -3.03 2786.02 1.97 0.92 0 0 0 0.200 13.23 4.86
hero_birch_a 38.81 -2.03 2785.33 1.05 0.80 0 0 0 0.200 13.23 4.86
hero_pine_a 46.08 -0.95 2787.40 5.90 0.88 0 0 0 0.340 17.00 4.12
hero_oak_a 51.09 -0.16 2786.78 5.23 1.11 0 0 0 0.550 13.74 8.57
hero_birch_b -35.73 -9.86 2793.65 5.04 0.94 0 0 0 0.220 14.31 7.20
hero_spruce_c -29.79 -10.02 2792.96 0.15 0.84 0 0 0 0.420 19.00 3.91
hero_spruce_a -26.01 -10.30 2794.91 3.29 0.83 0 0 0 0.380 16.00 3.90
hero_oak_c -17.59 -10.12 2794.09 0.90 1.08 0 0 0 0.620 16.21 10.57
hero_birch_b -14.85 -9.73 2791.39 0.28 1.08 0 0 0 0.220 14.31 7.20
hero_birch_a -8.71 -9.60 2794.14 4.28 0.90 0 1 0 0.200 13.23 4.86
hero_birch_a 18.17 -6.16 2791.65 4.29 0.98 0 1 0 0.200 13.23 4.86
hero_birch_b 23.21 -5.37 2794.78 6.16 0.86 0 1 0 0.220 14.31 7.20
hero_oak_b 27.83 -4.48 2793.40 5.72 0.97 0 0 0 0.480 10.11 6.89
hero_spruce_c 42.48 -1.95 2794.02 2.93 1.02 0 0 0 0.420 19.00 3.91
hero_pine_b 46.78 -1.10 2792.07 0.93 0.94 0 0 0 0.300 14.00 4.13
hero_spruce_b -38.26 -10.47 2800.89 1.40 0.84 0 0 0 0.320 13.00 3.84
hero_spruce_c -32.13 -10.66 2799.41 5.71 0.96 0 0 0 0.420 19.00 3.91
hero_pine_a -27.00 -10.74 2799.13 3.16 0.95 0 0 0 0.340 17.00 4.12
hero_spruce_c -16.66 -10.70 2800.42 3.96 0.96 0 0 0 0.420 19.00 3.91
hero_spruce_b -11.79 -10.51 2801.27 0.07 0.88 0 1 0 0.320 13.00 3.84
hero_oak_a -7.94 -9.79 2796.65 1.87 1.02 0 1 0 0.550 13.74 8.57
hero_birch_b 15.71 -7.01 2797.14 0.67 1.11 0 1 0 0.220 14.31 7.20
hero_oak_a 23.49 -5.73 2799.93 6.15 0.81 0 1 0 0.550 13.74 8.57
hero_spruce_a 29.43 -4.46 2797.24 4.47 0.80 0 0 0 0.380 16.00 3.90
hero_spruce_a 33.97 -3.91 2800.56 0.62 0.99 0 0 0 0.380 16.00 3.90
hero_spruce_a 38.54 -3.05 2800.09 1.33 1.10 0 0 0 0.380 16.00 3.90
hero_spruce_c 45.12 -1.90 2800.51 2.70 1.05 0 0 0 0.420 19.00 3.91
hero_spruce_a -36.33 -11.00 2804.60 4.45 1.10 0 0 0 0.380 16.00 3.90
hero_birch_a -31.20 -11.13 2803.81 0.17 0.93 0 0 0 0.200 13.23 4.86
hero_spruce_b -25.55 -11.13 2803.04 4.50 0.83 0 0 0 0.320 13.00 3.84
hero_oak_c -17.33 -11.10 2804.39 4.27 0.95 0 0 0 0.620 16.21 10.57
hero_spruce_c -12.86 -11.05 2806.37 0.26 0.96 0 1 0 0.420 19.00 3.91
hero_pine_b -4.77 -9.66 2804.79 5.09 1.03 0 1 0 0.300 14.00 4.13
hero_spruce_b 11.00 -8.46 2805.39 4.79 0.86 0 1 0 0.320 13.00 3.84
hero_pine_b 17.31 -7.23 2805.12 3.75 0.92 0 1 0 0.300 14.00 4.13
hero_spruce_a 22.97 -6.22 2804.64 4.42 0.94 0 1 0 0.380 16.00 3.90
hero_birch_a 30.34 -4.96 2805.60 4.92 1.02 0 0 0 0.200 13.23 4.86
hero_oak_b 36.16 -3.99 2806.84 3.42 1.10 0 0 0 0.480 10.11 6.89
hero_oak_c 40.11 -3.13 2805.60 5.61 0.83 0 0 0 0.620 16.21 10.57
hero_spruce_c 49.50 -1.47 2806.01 0.80 0.93 0 0 0 0.420 19.00 3.91
hero_spruce_c -42.12 -11.22 2811.39 4.07 1.04 0 0 0 0.420 19.00 3.91
hero_spruce_c -37.11 -11.66 2812.66 5.13 0.90 0 0 0 0.420 19.00 3.91
hero_pine_a -30.14 -12.00 2813.49 2.35 0.91 0 0 0 0.340 17.00 4.12
hero_birch_a -26.23 -11.79 2810.26 6.10 0.94 0 0 0 0.200 13.23 4.86
hero_spruce_c -21.37 -11.94 2812.78 0.88 0.82 0 0 0 0.420 19.00 3.91
hero_spruce_b -14.57 -11.64 2812.30 5.49 0.93 0 1 0 0.320 13.00 3.84
hero_birch_b -6.10 -10.21 2810.60 0.73 0.96 0 1 0 0.220 14.31 7.20
hero_spruce_a 10.97 -8.93 2813.11 2.07 0.88 0 1 0 0.380 16.00 3.90
hero_pine_a 14.67 -8.03 2808.85 2.90 0.81 0 1 0 0.340 17.00 4.12
hero_spruce_a 23.05 -6.59 2809.42 0.29 0.92 0 1 0 0.380 16.00 3.90
hero_pine_b 29.90 -5.39 2809.92 1.25 1.05 0 0 0 0.300 14.00 4.13
hero_oak_a 32.80 -5.11 2813.37 4.27 0.96 0 0 0 0.550 13.74 8.57
hero_oak_c 39.77 -3.59 2810.83 0.47 0.86 0 0 0 0.620 16.21 10.57
hero_pine_b -41.74 -11.72 2817.72 0.52 0.86 0 0 0 0.300 14.00 4.13
hero_oak_c -34.54 -12.10 2816.60 3.15 1.00 0 0 0 0.620 16.21 10.57
hero_pine_b -29.14 -12.34 2817.67 3.43 1.10 0 0 0 0.300 14.00 4.13
hero_oak_c -27.15 -12.24 2816.17 1.98 0.86 0 0 0 0.620 16.21 10.57
hero_pine_a -17.59 -11.98 2814.75 1.94 0.93 0 1 0 0.340 17.00 4.12
hero_spruce_a -12.81 -11.88 2816.92 0.24 0.91 0 1 0 0.380 16.00 3.90
hero_spruce_b 7.49 -9.49 2816.65 5.17 0.90 0 1 0 0.320 13.00 3.84
hero_spruce_a 18.59 -7.84 2815.18 6.11 0.91 0 1 0 0.380 16.00 3.90
hero_oak_c 20.70 -7.65 2817.26 2.89 1.00 0 1 0 0.620 16.21 10.57
hero_spruce_b 29.50 -5.94 2815.78 6.04 1.08 0 0 0 0.320 13.00 3.84
hero_spruce_b 33.81 -5.20 2817.02 1.22 0.90 0 0 0 0.320 13.00 3.84
hero_pine_a 38.94 -4.29 2817.81 5.61 0.99 0 0 0 0.340 17.00 4.12
hero_pine_a -45.00 -11.66 2820.78 1.62 1.10 0 0 0 0.340 17.00 4.12
hero_spruce_c -37.03 -12.31 2822.01 0.78 1.01 0 0 0 0.420 19.00 3.91
hero_spruce_b -28.49 -12.62 2822.45 0.85 0.87 0 0 0 0.320 13.00 3.84
hero_spruce_c -22.93 -12.62 2822.49 1.72 0.88 0 0 0 0.420 19.00 3.91
hero_spruce_c -17.18 -12.44 2821.76 0.92 1.07 0 1 0 0.420 19.00 3.91
hero_spruce_a -10.53 -11.62 2822.19 2.47 1.05 0 1 0 0.380 16.00 3.90
hero_birch_a -6.40 -10.37 2823.08 4.49 0.92 0 1 0 0.200 13.23 4.86
hero_spruce_c 10.03 -9.86 2824.47 2.00 1.06 0 1 0 0.420 19.00 3.91
hero_spruce_b 16.86 -8.88 2824.88 0.45 1.06 0 1 0 0.320 13.00 3.84
hero_spruce_a 20.58 -8.26 2824.92 6.23 1.08 0 0 0 0.380 16.00 3.90
hero_oak_a 30.14 -6.19 2820.49 3.01 1.09 0 0 0 0.550 13.74 8.57
hero_pine_b 37.17 -4.95 2821.79 2.45 1.14 0 0 0 0.300 14.00 4.13
hero_spruce_c 40.41 -4.34 2822.12 2.03 0.98 0 0 0 0.420 19.00 3.91
hero_spruce_c -48.26 -11.75 2829.11 5.99 1.15 0 0 0 0.420 19.00 3.91
hero_birch_b -30.67 -12.82 2828.00 3.37 0.89 0 0 0 0.220 14.31 7.20
hero_spruce_a -24.63 -12.94 2829.47 1.96 0.93 0 0 0 0.380 16.00 3.90
hero_pine_a -18.03 -12.80 2829.22 3.71 0.94 0 1 0 0.340 17.00 4.12
hero_oak_a -13.25 -12.32 2829.26 1.00 1.09 0 1 0 0.550 13.74 8.57
hero_birch_b 4.04 -10.41 2831.42 0.64 1.02 0 1 0 0.220 14.31 7.20
hero_spruce_c 10.59 -10.10 2829.30 2.11 0.87 0 1 0 0.420 19.00 3.91
hero_pine_a 18.07 -8.88 2828.06 2.76 0.87 0 1 0 0.340 17.00 4.12
hero_oak_c 24.53 -7.88 2829.40 6.00 1.11 0 0 0 0.620 16.21 10.57
hero_spruce_c 31.23 -6.62 2828.95 2.20 1.09 0 0 0 0.420 19.00 3.91
hero_pine_a 33.57 -6.04 2826.97 3.53 1.11 0 0 0 0.340 17.00 4.12
hero_spruce_b 39.66 -4.96 2828.31 5.36 0.94 0 0 0 0.320 13.00 3.84
hero_oak_c -48.83 -11.83 2835.44 0.70 1.12 0 0 0 0.620 16.21 10.57
hero_spruce_b -40.58 -12.52 2837.28 4.78 0.83 0 0 0 0.320 13.00 3.84
hero_spruce_c -35.74 -12.82 2837.48 5.37 0.93 0 0 0 0.420 19.00 3.91
hero_pine_b -30.13 -13.00 2834.52 1.73 1.02 0 0 0 0.300 14.00 4.13
hero_spruce_c -20.81 -12.98 2832.56 4.92 0.91 0 1 0 0.420 19.00 3.91
hero_spruce_c -15.29 -12.67 2834.41 3.38 0.80 0 1 0 0.420 19.00 3.91
hero_oak_c 13.33 -10.16 2837.42 3.21 1.15 0 1 0 0.620 16.21 10.57
hero_pine_b 19.37 -9.23 2837.28 3.07 1.13 0 0 0 0.300 14.00 4.13
hero_spruce_b 24.65 -8.19 2834.82 4.65 0.94 0 0 0 0.320 13.00 3.84
hero_spruce_c 29.40 -7.37 2834.80 5.27 1.14 0 0 0 0.420 19.00 3.91
hero_spruce_c 34.15 -6.37 2833.16 3.08 1.01 0 0 0 0.420 19.00 3.91
hero_oak_c -48.17 -11.91 2839.22 0.56 1.10 0 0 0 0.620 16.21 10.57
hero_spruce_a -42.35 -12.35 2842.14 2.81 0.85 0 0 0 0.380 16.00 3.90
hero_spruce_a -37.86 -12.67 2843.01 1.94 1.12 0 0 0 0.380 16.00 3.90
hero_pine_a -31.91 -12.99 2839.36 4.33 1.13 0 0 0 0.340 17.00 4.12
hero_pine_a -24.97 -13.06 2843.22 6.15 0.97 0 1 0 0.340 17.00 4.12
hero_oak_c -17.93 -13.00 2838.56 3.92 1.09 0 1 0 0.620 16.21 10.57
hero_oak_a -15.00 -12.48 2839.94 3.81 0.86 0 1 0 0.550 13.74 8.57
hero_spruce_c 4.02 -11.01 2839.57 5.22 0.92 0 1 0 0.420 19.00 3.91
hero_pine_a 12.95 -10.39 2842.48 2.27 1.07 0 1 0 0.340 17.00 4.12
hero_birch_b 17.28 -9.73 2841.44 4.30 1.02 0 0 0 0.220 14.31 7.20
hero_pine_a 24.76 -8.52 2841.19 2.19 0.90 0 0 0 0.340 17.00 4.12
hero_oak_a 30.44 -7.64 2842.68 5.36 0.98 0 0 0 0.550 13.74 8.57
hero_oak_a 36.99 -6.35 2840.46 2.33 1.14 0 0 0 0.550 13.74 8.57
hero_pine_a 38.80 -6.14 2842.80 3.01 0.94 0 0 0 0.340 17.00 4.12
hero_spruce_a -47.77 -11.78 2847.09 3.38 0.83 0 0 0 0.380 16.00 3.90
hero_birch_b -37.29 -12.48 2849.12 2.11 0.81 0 0 0 0.220 14.31 7.20
hero_spruce_b -31.88 -12.76 2848.88 4.99 0.98 0 0 0 0.320 13.00 3.84
hero_oak_b -24.53 -13.02 2844.98 4.07 0.88 0 1 0 0.480 10.11 6.89
hero_spruce_b -20.85 -13.00 2845.38 2.02 0.95 0 1 0 0.320 13.00 3.84
hero_birch_a -13.26 -11.39 2844.50 5.65 0.95 0 1 0 0.200 13.23 4.86
hero_spruce_c 2.66 -11.24 2848.71 0.99 0.89 0 1 0 0.420 19.00 3.91
hero_spruce_c 9.69 -10.92 2849.12 4.65 1.01 0 1 0 0.420 19.00 3.91
hero_birch_b 16.03 -10.04 2845.45 4.69 0.95 0 0 0 0.220 14.31 7.20
hero_pine_a 25.13 -8.72 2847.13 3.61 0.87 0 0 0 0.340 17.00 4.12
hero_birch_a 29.04 -8.18 2849.29 0.20 0.99 0 0 0 0.200 13.23 4.86
hero_pine_a 33.01 -7.47 2848.19 2.17 0.93 0 0 0 0.340 17.00 4.12
hero_pine_b 38.79 -6.34 2845.94 4.96 1.05 0 0 0 0.300 14.00 4.13
hero_oak_a -52.90 -10.97 2854.26 2.39 1.10 0 0 0 0.550 13.74 8.57
hero_spruce_c -48.31 -11.58 2850.81 2.62 0.80 0 0 0 0.420 19.00 3.91
hero_spruce_c -43.48 -12.01 2850.67 3.56 0.95 0 0 0 0.420 19.00 3.91
hero_birch_a -37.39 -12.32 2852.48 4.65 0.90 0 0 0 0.200 13.23 4.86
hero_pine_b -28.85 -12.74 2851.49 6.28 1.11 0 0 0 0.300 14.00 4.13
hero_birch_a -23.28 -12.77 2852.69 2.51 1.12 0 1 0 0.200 13.23 4.86
hero_pine_b -18.36 -12.33 2852.23 2.07 0.91 0 1 0 0.300 14.00 4.13
hero_pine_a 1.41 -11.17 2852.89 3.91 1.00 0 1 0 0.340 17.00 4.12
hero_oak_c 8.66 -11.05 2851.94 4.81 1.04 0 1 0 0.620 16.21 10.57
hero_oak_b 22.73 -9.22 2851.38 1.98 0.92 0 0 0 0.480 10.11 6.89
hero_pine_a 34.25 -7.43 2852.00 3.54 0.88 0 0 0 0.340 17.00 4.12
hero_birch_a -48.39 -11.18 2857.88 5.40 1.02 0 0 0 0.200 13.23 4.86
hero_birch_b -41.63 -11.71 2857.71 5.81 0.80 0 0 0 0.220 14.31 7.20
hero_pine_a -37.58 -12.04 2856.66 0.93 0.84 0 0 0 0.340 17.00 4.12
hero_pine_a -29.08 -12.19 2859.66 0.89 0.88 0 1 0 0.340 17.00 4.12
hero_birch_b -25.30 -12.51 2856.68 1.05 1.06 0 1 0 0.220 14.31 7.20
hero_pine_b -16.59 -10.82 2860.77 3.18 1.13 0 1 0 0.300 14.00 4.13
hero_spruce_b -0.72 -11.04 2859.32 5.13 0.98 0 1 0 0.320 13.00 3.84
hero_birch_b 6.53 -11.13 2858.37 5.62 0.85 0 1 0 0.220 14.31 7.20
hero_oak_a 12.76 -10.48 2860.60 4.42 0.93 0 0 0 0.550 13.74 8.57
hero_pine_b 15.37 -10.21 2861.23 5.89 1.15 0 0 0 0.300 14.00 4.13
hero_spruce_c 21.52 -9.48 2857.01 5.38 1.03 0 0 0 0.420 19.00 3.91
hero_spruce_a 31.06 -8.18 2861.43 3.49 0.82 0 0 0 0.380 16.00 3.90
hero_spruce_c 33.23 -7.87 2860.69 5.15 0.99 0 0 0 0.420 19.00 3.91
hero_oak_c -46.94 -10.59 2866.28 0.53 0.94 0 0 0 0.620 16.21 10.57
hero_oak_c -42.21 -11.13 2864.47 3.55 1.04 0 0 0 0.620 16.21 10.57
hero_oak_a -39.39 -11.45 2862.82 6.28 0.84 0 0 0 0.550 13.74 8.57
hero_pine_a -28.53 -11.66 2866.08 1.77 1.05 0 1 0 0.340 17.00 4.12
hero_oak_c -26.68 -11.73 2865.61 5.54 0.81 0 1 0 0.620 16.21 10.57
hero_spruce_a -18.96 -11.21 2864.91 5.46 1.10 0 1 0 0.380 16.00 3.90
hero_birch_a -3.20 -10.46 2863.49 5.93 1.04 0 1 0 0.200 13.23 4.86
hero_spruce_c 6.03 -11.01 2863.16 0.11 0.95 0 1 0 0.420 19.00 3.91
hero_spruce_a 13.04 -10.24 2867.16 3.02 0.87 0 0 0 0.380 16.00 3.90
hero_pine_a 18.25 -9.74 2867.48 2.70 1.04 0 0 0 0.340 17.00 4.12
hero_pine_a 23.77 -9.18 2862.77 0.72 0.83 0 0 0 0.340 17.00 4.12
hero_pine_a 30.79 -8.27 2864.80 0.50 1.03 0 0 0 0.340 17.00 4.12
hero_oak_a -55.65 -9.54 2869.22 2.56 1.01 0 0 0 0.550 13.74 8.57
hero_pine_b -49.91 -9.79 2871.66 3.35 0.81 0 0 0 0.300 14.00 4.13
hero_oak_b -45.25 -10.13 2872.16 5.56 1.15 0 0 0 0.480 10.11 6.89
hero_spruce_c -36.64 -10.92 2869.96 4.51 1.14 0 0 0 0.420 19.00 3.91
hero_spruce_a -27.28 -11.13 2871.24 2.96 0.89 0 1 0 0.380 16.00 3.90
hero_spruce_a -17.67 -9.98 2871.78 4.60 1.10 0 1 0 0.380 16.00 3.90
hero_oak_c 1.30 -10.76 2872.15 5.80 0.96 0 1 0 0.620 16.21 10.57
hero_oak_b 2.78 -10.70 2871.82 5.41 0.93 0 1 0 0.480 10.11 6.89
hero_oak_c 10.38 -10.31 2870.36 4.43 0.99 0 0 0 0.620 16.21 10.57
hero_pine_a 16.32 -9.82 2870.35 0.08 1.05 0 0 0 0.340 17.00 4.12
hero_birch_a 21.39 -9.33 2870.36 1.25 1.09 0 0 0 0.200 13.23 4.86
hero_spruce_c 31.17 -8.19 2870.34 4.70 0.90 0 0 0 0.420 19.00 3.91
hero_pine_b -52.93 -9.22 2874.62 5.38 0.87 0 0 0 0.300 14.00 4.13
hero_spruce_b -47.04 -9.72 2874.60 2.23 1.12 0 0 0 0.320 13.00 3.84
hero_spruce_c -42.33 -9.55 2878.54 0.24 1.04 0 0 0 0.420 19.00 3.91
hero_pine_b -32.15 -10.55 2874.90 1.38 1.05 0 1 0 0.300 14.00 4.13
hero_spruce_a -26.64 -10.66 2875.39 1.37 0.86 0 1 0 0.380 16.00 3.90
hero_spruce_c -21.10 -9.72 2878.59 0.70 1.06 0 1 0 0.420 19.00 3.91
hero_spruce_a 0.31 -10.40 2876.64 0.33 0.90 0 1 0 0.380 16.00 3.90
hero_spruce_a 3.58 -10.17 2877.50 0.56 0.81 0 1 0 0.380 16.00 3.90
hero_birch_b 8.73 -9.98 2876.80 2.85 0.91 0 0 0 0.220 14.31 7.20
hero_spruce_b 17.57 -9.46 2875.09 0.00 0.82 0 0 0 0.320 13.00 3.84
hero_spruce_c 22.69 -8.96 2876.20 5.33 0.88 0 0 0 0.420 19.00 3.91
hero_birch_b 29.04 -8.38 2874.65 5.00 1.01 0 0 0 0.220 14.31 7.20
hero_spruce_b -53.09 -8.40 2881.69 4.17 1.09 0 0 0 0.320 13.00 3.84
hero_spruce_a -50.00 -8.15 2885.33 4.82 0.92 0 0 0 0.380 16.00 3.90
hero_pine_b -43.65 -8.78 2883.77 0.52 1.00 0 0 0 0.300 14.00 4.13
hero_spruce_a -37.83 -9.25 2882.74 6.12 0.97 0 0 0 0.380 16.00 3.90
hero_spruce_c -31.55 -9.40 2883.69 0.19 0.84 0 1 0 0.420 19.00 3.91
hero_birch_a -25.70 -9.30 2885.42 3.27 0.92 0 1 0 0.200 13.23 4.86
hero_pine_a -19.21 -9.13 2880.79 0.56 0.98 0 1 0 0.340 17.00 4.12
hero_oak_c -1.21 -9.89 2881.18 1.08 0.89 0 1 0 0.620 16.21 10.57
hero_spruce_b 3.30 -9.77 2881.89 2.87 0.96 0 1 0 0.320 13.00 3.84
hero_pine_a 17.56 -8.99 2882.45 2.80 0.93 0 0 0 0.340 17.00 4.12
hero_spruce_b 22.88 -8.67 2881.63 1.66 1.02 0 0 0 0.320 13.00 3.84
hero_birch_a -53.87 -7.37 2889.51 4.76 1.07 0 0 0 0.200 13.23 4.86
hero_pine_a -50.23 -7.97 2886.63 0.60 0.98 0 0 0 0.340 17.00 4.12
hero_pine_a -44.61 -8.21 2887.62 0.84 1.06 0 0 0 0.340 17.00 4.12
hero_pine_b -35.05 -8.16 2891.23 0.93 0.84 0 0 0 0.300 14.00 4.13
hero_oak_b -29.32 -8.80 2888.52 1.51 0.95 0 1 0 0.480 10.11 6.89
hero_pine_b -25.55 -8.55 2890.34 2.98 0.89 0 1 0 0.300 14.00 4.13
hero_pine_a 0.57 -8.87 2890.27 5.91 0.87 0 1 0 0.340 17.00 4.12
hero_oak_a 3.28 -9.26 2886.64 4.74 0.95 0 1 0 0.550 13.74 8.57
hero_pine_b 12.23 -8.70 2889.02 6.10 0.95 0 0 0 0.300 14.00 4.13
hero_spruce_a 16.24 -8.75 2886.63 0.98 1.05 0 0 0 0.380 16.00 3.90
hero_pine_b 22.57 -8.30 2887.54 0.01 1.08 0 0 0 0.300 14.00 4.13
hero_pine_b 29.08 -7.77 2888.49 5.51 0.96 0 0 0 0.300 14.00 4.13
hero_spruce_a -53.84 -6.72 2894.43 5.69 0.96 0 0 0 0.380 16.00 3.90
hero_birch_b -49.67 -7.05 2893.79 6.01 0.97 0 0 0 0.220 14.31 7.20
hero_oak_c -43.10 -7.60 2892.53 6.16 0.97 0 0 0 0.620 16.21 10.57
hero_spruce_c -36.07 -7.30 2896.98 2.22 1.13 0 0 0 0.420 19.00 3.91
hero_pine_b -29.50 -7.51 2897.14 1.34 0.98 0 1 0 0.300 14.00 4.13
hero_spruce_b -25.14 -8.19 2892.75 2.16 0.89 0 1 0 0.320 13.00 3.84
hero_oak_b -4.97 -8.37 2893.61 5.06 0.92 0 1 0 0.480 10.11 6.89
hero_pine_b 1.39 -7.99 2897.27 1.44 1.13 0 1 0 0.300 14.00 4.13
hero_spruce_b 9.79 -7.96 2896.62 3.47 1.09 0 0 0 0.320 13.00 3.84
hero_oak_c 17.83 -8.01 2893.52 4.83 0.86 0 0 0 0.620 16.21 10.57
hero_oak_b 22.84 -7.60 2895.59 2.64 0.85 0 0 0 0.480 10.11 6.89
hero_birch_b -59.98 -5.47 2901.67 1.90 1.04 0 0 0 0.220 14.31 7.20
hero_spruce_c -52.75 -6.05 2900.09 1.08 1.09 0 0 0 0.420 19.00 3.91
hero_birch_b -47.81 -6.38 2899.55 0.41 1.12 0 0 0 0.220 14.31 7.20
hero_birch_b -45.25 -5.96 2903.41 4.58 1.04 0 0 0 0.220 14.31 7.20
hero_birch_b -39.15 -6.58 2900.86 4.44 0.98 0 0 0 0.220 14.31 7.20
hero_spruce_a -30.40 -6.56 2903.33 4.42 1.14 0 1 0 0.380 16.00 3.90
hero_spruce_c -25.94 -6.93 2901.52 0.44 0.96 0 1 0 0.420 19.00 3.91
hero_pine_a -9.39 -7.42 2899.36 4.55 0.98 0 1 0 0.340 17.00 4.12
hero_oak_c -0.86 -7.83 2898.49 3.25 1.03 0 1 0 0.620 16.21 10.57
hero_oak_a 4.39 -7.49 2900.76 0.42 0.84 0 0 0 0.550 13.74 8.57
hero_spruce_b 13.47 -7.65 2898.51 0.74 1.03 0 0 0 0.320 13.00 3.84
hero_spruce_b 18.12 -7.07 2902.49 1.58 0.86 0 0 0 0.320 13.00 3.84
hero_pine_b 21.28 -7.12 2901.24 1.38 0.83 0 0 0 0.300 14.00 4.13
hero_birch_a -60.13 -4.78 2907.46 3.34 1.08 0 0 0 0.200 13.23 4.86
hero_birch_a -49.76 -5.25 2907.30 2.95 1.10 0 0 0 0.200 13.23 4.86
hero_spruce_b -44.56 -5.44 2907.37 5.15 1.07 0 0 0 0.320 13.00 3.84
hero_spruce_b -35.54 -6.02 2905.70 2.77 0.99 0 1 0 0.320 13.00 3.84
hero_oak_a -30.88 -5.81 2908.28 0.67 1.09 0 1 0 0.550 13.74 8.57
hero_oak_a -25.96 -6.03 2908.34 6.00 1.09 0 1 0 0.550 13.74 8.57
hero_pine_b -7.65 -6.74 2905.53 1.47 0.86 0 1 0 0.300 14.00 4.13
hero_oak_a 1.14 -6.44 2908.56 1.97 0.97 0 1 0 0.550 13.74 8.57
hero_oak_b 4.21 -6.63 2907.45 3.53 1.13 0 0 0 0.480 10.11 6.89
hero_pine_b 9.80 -6.54 2908.11 4.50 1.09 0 0 0 0.300 14.00 4.13
hero_spruce_b 16.84 -6.67 2906.31 0.72 0.82 0 0 0 0.320 13.00 3.84
hero_pine_a 24.09 -6.24 2909.30 3.94 1.14 0 0 0 0.340 17.00 4.12
hero_spruce_a -59.85 -4.36 2910.96 2.05 0.81 0 0 0 0.380 16.00 3.90
hero_oak_b -54.57 -4.52 2911.39 3.96 0.85 0 0 0 0.480 10.11 6.89
hero_spruce_b -50.83 -4.68 2911.32 0.30 0.96 0 0 0 0.320 13.00 3.84
hero_spruce_c -44.91 -4.63 2913.43 3.97 1.10 0 0 0 0.420 19.00 3.91
hero_spruce_a -37.87 -5.12 2911.34 5.00 0.93 0 0 0 0.380 16.00 3.90
hero_birch_a -31.16 -5.05 2913.56 0.85 1.10 0 1 0 0.200 13.23 4.86
hero_spruce_c -23.88 -5.92 2910.96 2.14 1.04 0 1 0 0.420 19.00 3.91
hero_birch_a -9.52 -6.07 2910.96 6.25 0.94 0 1 0 0.200 13.23 4.86
hero_spruce_a -0.77 -5.54 2915.06 0.44 1.10 0 1 0 0.380 16.00 3.90
hero_pine_a 5.17 -5.83 2913.43 2.92 1.03 0 0 0 0.340 17.00 4.12
hero_spruce_c 13.35 -5.86 2913.51 2.13 1.13 0 0 0 0.420 19.00 3.91
hero_pine_b 15.21 -5.68 2914.91 2.06 0.99 0 0 0 0.300 14.00 4.13
hero_birch_b 20.80 -5.97 2912.12 6.20 1.01 0 0 0 0.220 14.31 7.20
hero_pine_b -53.62 -3.45 2921.15 3.88 1.07 0 0 0 0.300 14.00 4.13
hero_pine_b -46.94 -3.82 2919.27 0.05 0.88 0 0 0 0.300 14.00 4.13
hero_spruce_c -43.19 -4.10 2917.93 2.03 0.99 0 0 0 0.420 19.00 3.91
hero_spruce_c -37.51 -4.37 2917.01 1.33 0.95 0 1 0 0.420 19.00 3.91
hero_pine_a -31.18 -4.41 2918.25 0.03 1.03 0 1 0 0.340 17.00 4.12
hero_spruce_b -5.42 -4.94 2919.10 0.58 1.09 0 1 0 0.320 13.00 3.84
hero_spruce_b 1.20 -4.76 2921.15 1.24 0.94 0 1 0 0.320 13.00 3.84
hero_oak_b 7.27 -4.96 2920.43 4.97 1.09 0 0 0 0.480 10.11 6.89
hero_spruce_a 12.68 -5.26 2918.41 6.05 1.06 0 0 0 0.380 16.00 3.90
hero_birch_b 18.72 -5.41 2917.11 6.10 0.94 0 0 0 0.220 14.31 7.20
hero_spruce_a 20.83 -5.09 2919.99 3.25 0.95 0 0 0 0.380 16.00 3.90
hero_spruce_b -62.55 -2.85 2925.03 3.57 1.08 0 0 0 0.320 13.00 3.84
hero_pine_a -54.27 -3.25 2922.85 0.49 1.11 0 0 0 0.340 17.00 4.12
hero_pine_b -49.63 -2.99 2926.12 2.05 0.85 0 0 0 0.300 14.00 4.13
hero_birch_b -44.15 -3.34 2924.09 4.60 1.04 0 0 0 0.220 14.31 7.20
hero_pine_a -39.31 -3.23 2926.07 5.31 1.00 0 0 0 0.340 17.00 4.12
hero_oak_c -29.30 -3.73 2924.57 0.25 1.14 0 1 0 0.620 16.21 10.57
hero_pine_b -24.00 -4.40 2926.61 4.34 0.89 0 1 0 0.300 14.00 4.13
hero_spruce_a -9.35 -4.62 2922.64 6.12 1.12 0 1 0 0.380 16.00 3.90
hero_oak_b -2.04 -3.95 2927.14 5.93 0.90 0 1 0 0.480 10.11 6.89
hero_pine_a 7.49 -4.31 2925.78 0.82 0.98 0 0 0 0.340 17.00 4.12
hero_spruce_b 13.13 -4.64 2923.48 4.08 0.88 0 0 0 0.320 13.00 3.84
hero_birch_a 14.71 -4.39 2925.84 0.95 0.86 0 0 0 0.200 13.23 4.86
hero_spruce_b 22.76 -4.76 2922.89 4.81 0.86 0 0 0 0.320 13.00 3.84
hero_spruce_a 26.89 -4.67 2923.99 0.08 1.08 0 0 0 0.380 16.00 3.90
hero_oak_b -59.75 -2.17 2933.08 5.80 1.05 0 0 0 0.480 10.11 6.89
hero_birch_b -46.82 -2.46 2931.94 3.22 1.00 0 0 0 0.220 14.31 7.20
hero_pine_a -43.58 -2.85 2928.79 0.72 1.12 0 0 0 0.340 17.00 4.12
hero_oak_b -36.60 -2.51 2933.21 4.36 0.93 0 1 0 0.480 10.11 6.89
hero_spruce_c -31.14 -2.86 2931.35 4.40 1.01 0 1 0 0.420 19.00 3.91
hero_spruce_a -24.13 -4.21 2928.67 2.69 1.09 0 1 0 0.380 16.00 3.90
hero_spruce_b -11.46 -3.91 2930.65 2.09 0.92 0 1 0 0.320 13.00 3.84
hero_birch_b -7.16 -3.21 2933.02 3.35 0.92 0 1 0 0.220 14.31 7.20
hero_spruce_a -2.04 -3.33 2932.50 2.56 0.84 0 1 0 0.380 16.00 3.90
hero_pine_a 6.11 -3.51 2932.59 1.69 0.95 0 0 0 0.340 17.00 4.12
hero_pine_b 11.02 -3.78 2931.09 4.42 1.10 0 0 0 0.300 14.00 4.13
hero_pine_a 16.18 -3.89 2930.79 4.57 1.01 0 0 0 0.340 17.00 4.12
hero_spruce_b 22.52 -3.81 2932.24 5.71 1.02 0 0 0 0.320 13.00 3.84
hero_spruce_a -63.44 -1.92 2935.37 0.58 0.94 0 0 0 0.380 16.00 3.90
hero_oak_a -53.64 -1.94 2936.84 0.55 1.07 0 0 0 0.550 13.74 8.57
hero_spruce_c -49.84 -1.87 2938.24 0.36 1.06 0 0 0 0.420 19.00 3.91
hero_spruce_b -41.88 -1.88 2939.40 5.73 1.11 0 0 0 0.320 13.00 3.84
hero_oak_c -38.21 -2.00 2938.60 3.42 1.09 0 1 0 0.620 16.21 10.57
hero_spruce_a -31.36 -2.38 2935.92 3.33 0.95 0 1 0 0.380 16.00 3.90
hero_pine_b -26.11 -3.08 2936.22 0.70 0.93 0 1 0 0.300 14.00 4.13
hero_spruce_a -7.29 -2.58 2939.09 6.27 0.81 0 1 0 0.380 16.00 3.90
hero_spruce_a 1.18 -2.87 2938.05 5.50 1.11 0 1 0 0.380 16.00 3.90
hero_spruce_c 11.25 -3.25 2936.32 0.18 1.07 0 0 0 0.420 19.00 3.91
hero_pine_b 14.50 -3.16 2937.79 3.45 0.96 0 0 0 0.300 14.00 4.13
hero_birch_a 23.98 -3.53 2935.18 1.72 0.83 0 0 0 0.200 13.23 4.86
hero_spruce_b -60.72 -1.34 2943.59 5.75 1.05 0 0 0 0.320 13.00 3.84
hero_spruce_b -56.21 -1.47 2942.50 3.79 1.14 0 0 0 0.320 13.00 3.84
hero_pine_a -47.28 -1.40 2944.58 6.22 1.08 0 0 0 0.340 17.00 4.12
hero_spruce_c -34.75 -1.74 2942.43 0.02 1.14 0 1 0 0.420 19.00 3.91
hero_spruce_b -32.90 -1.89 2940.65 0.02 0.92 0 1 0 0.320 13.00 3.84
hero_oak_c -12.86 -3.07 2941.08 0.63 0.89 0 1 0 0.620 16.21 10.57
hero_spruce_b -0.23 -2.54 2941.25 3.24 0.98 0 1 0 0.320 13.00 3.84
hero_birch_b 5.16 -2.58 2942.23 1.24 0.98 0 0 0 0.220 14.31 7.20
hero_oak_b 18.29 -2.60 2945.04 2.79 0.83 0 0 0 0.480 10.11 6.89
hero_oak_c 23.33 -2.77 2944.20 2.88 1.10 0 0 0 0.620 16.21 10.57
hero_birch_b -57.10 -1.08 2947.68 4.51 1.04 0 0 0 0.220 14.31 7.20
hero_oak_a -42.17 -1.21 2947.98 3.42 1.02 0 0 0 0.550 13.74 8.57
hero_birch_b -31.17 -1.20 2951.37 0.57 0.88 0 1 0 0.220 14.31 7.20
hero_oak_c -26.13 -1.97 2951.16 4.64 1.11 0 1 0 0.620 16.21 10.57
hero_spruce_c -5.69 -1.76 2950.09 4.59 0.97 0 1 0 0.420 19.00 3.91
hero_pine_a -3.08 -1.96 2947.93 3.09 1.13 0 1 0 0.340 17.00 4.12
hero_spruce_b 6.82 -1.99 2950.59 5.90 0.88 0 0 0 0.320 13.00 3.84
hero_spruce_b 13.21 -2.25 2948.73 1.54 0.93 0 0 0 0.320 13.00 3.84
hero_oak_a 16.15 -2.22 2950.01 5.44 0.89 0 0 0 0.550 13.74 8.57
hero_oak_a 21.73 -2.37 2949.25 1.70 0.93 0 0 0 0.550 13.74 8.57
hero_spruce_b -61.73 -0.68 2953.10 3.27 0.89 0 0 0 0.320 13.00 3.84
hero_birch_a -55.49 -0.59 2955.73 0.94 1.03 0 0 0 0.200 13.23 4.86
hero_spruce_b -48.51 -0.59 2957.19 1.54 1.12 0 0 0 0.320 13.00 3.84
hero_birch_a -40.90 -0.81 2954.85 6.03 1.04 0 0 0 0.200 13.23 4.86
hero_oak_b -36.51 -0.98 2953.12 1.82 1.12 0 1 0 0.480 10.11 6.89
hero_birch_a -32.23 -0.83 2956.74 4.55 0.94 0 1 0 0.200 13.23 4.86
hero_pine_a -24.78 -2.16 2953.28 2.21 1.10 0 1 0 0.340 17.00 4.12
hero_spruce_a -7.60 -1.38 2956.33 2.47 0.81 0 1 0 0.380 16.00 3.90
hero_spruce_c 0.06 -1.53 2956.32 6.10 0.93 0 1 0 0.420 19.00 3.91
hero_oak_b 5.06 -1.74 2954.27 5.58 0.83 0 0 0 0.480 10.11 6.89
hero_birch_b 12.75 -2.01 2952.77 5.95 1.13 0 0 0 0.220 14.31 7.20
hero_oak_c 18.40 -1.87 2956.73 5.79 0.82 0 0 0 0.620 16.21 10.57
hero_pine_a 22.66 -2.11 2954.00 2.18 1.15 0 0 0 0.340 17.00 4.12
hero_pine_b -54.33 -0.34 2960.31 5.10 1.01 0 0 0 0.300 14.00 4.13
hero_spruce_a -50.01 -0.31 2962.05 0.21 1.14 0 0 0 0.380 16.00 3.90
hero_oak_c -35.18 -0.62 2960.00 2.36 0.88 0 1 0 0.620 16.21 10.57
hero_oak_a -12.71 -1.73 2962.91 5.53 0.93 0 1 0 0.550 13.74 8.57
hero_pine_a -2.97 -1.30 2960.28 2.52 0.94 0 1 0 0.340 17.00 4.12
hero_spruce_a 2.98 -1.39 2961.23 1.39 0.82 0 0 0 0.380 16.00 3.90
hero_birch_b 9.80 -1.59 2960.14 1.76 1.02 0 0 0 0.220 14.31 7.20
hero_spruce_a 17.02 -1.64 2962.66 0.92 1.04 0 0 0 0.380 16.00 3.90
hero_pine_a -62.36 0.30 2968.84 3.42 0.87 0 0 0 0.340 17.00 4.12
hero_spruce_c -53.92 0.16 2969.24 3.39 0.83 0 0 0 0.420 19.00 3.91
hero_birch_b -47.88 0.00 2969.02 5.85 1.02 0 0 0 0.220 14.31 7.20
hero_spruce_c -44.48 -0.10 2968.41 4.29 1.10 0 0 0 0.420 19.00 3.91
hero_spruce_b -36.15 -0.35 2966.34 5.05 0.96 0 1 0 0.320 13.00 3.84
hero_pine_a -33.33 -0.47 2965.10 2.89 1.08 0 1 0 0.340 17.00 4.12
hero_spruce_a -27.43 -0.88 2964.81 2.93 0.81 0 1 0 0.380 16.00 3.90
hero_pine_b -0.49 -1.14 2967.96 2.19 0.81 0 1 0 0.300 14.00 4.13
hero_spruce_a 4.40 -1.31 2966.05 1.35 1.01 0 0 0 0.380 16.00 3.90
hero_oak_b 10.41 -1.42 2965.63 5.29 0.85 0 0 0 0.480 10.11 6.89
hero_pine_b 18.92 -1.56 2965.55 5.48 0.90 0 0 0 0.300 14.00 4.13
hero_pine_b 21.28 -1.53 2969.16 1.49 1.05 0 0 0 0.300 14.00 4.13
hero_oak_c -63.02 0.48 2971.81 2.93 1.02 0 0 0 0.620 16.21 10.57
hero_spruce_a -53.34 0.43 2975.02 0.74 0.99 0 0 0 0.380 16.00 3.90
hero_birch_b -46.72 0.21 2974.33 0.69 1.06 0 0 0 0.220 14.31 7.20
hero_spruce_c -44.73 0.23 2975.48 6.02 0.83 0 0 0 0.420 19.00 3.91
hero_spruce_c -37.03 -0.11 2972.83 4.59 1.08 0 1 0 0.420 19.00 3.91
hero_spruce_a -29.44 -0.30 2975.07 5.69 0.81 0 1 0 0.380 16.00 3.90
hero_oak_a -25.93 -0.96 2971.02 1.03 0.85 0 1 0 0.550 13.74 8.57
hero_oak_a -6.09 -1.01 2970.70 5.44 0.94 0 1 0 0.550 13.74 8.57
hero_spruce_b -2.46 -1.05 2974.01 5.99 1.11 0 1 0 0.320 13.00 3.84
hero_spruce_b 4.87 -1.22 2971.91 0.67 0.97 0 0 0 0.320 13.00 3.84
hero_birch_a 13.01 -1.36 2974.62 3.68 1.07 0 0 0 0.200 13.23 4.86
hero_spruce_c 18.71 -1.45 2972.12 5.94 1.02 0 0 0 0.420 19.00 3.91
hero_spruce_b 24.11 -1.49 2972.46 3.75 0.94 0 0 0 0.320 13.00 3.84
hero_birch_a -59.35 0.91 2979.84 4.68 0.87 0 0 0 0.200 13.23 4.86
hero_pine_b -53.73 0.55 2976.98 0.09 1.03 0 0 0 0.300 14.00 4.13
hero_spruce_a -48.64 0.53 2979.46 3.97 0.90 0 0 0 0.380 16.00 3.90
hero_spruce_a -43.42 0.40 2980.77 1.99 0.89 0 0 0 0.380 16.00 3.90
hero_pine_b -36.56 0.12 2980.50 3.65 1.09 0 1 0 0.300 14.00 4.13
hero_spruce_b -28.96 -0.22 2979.89 3.90 1.11 0 1 0 0.320 13.00 3.84
hero_spruce_c -24.80 -0.94 2977.98 4.50 0.98 0 1 0 0.420 19.00 3.91
hero_oak_a -10.97 -1.09 2980.27 0.24 0.93 0 1 0 0.550 13.74 8.57
hero_pine_a -8.58 -0.97 2979.86 3.10 1.07 0 1 0 0.340 17.00 4.12
hero_pine_a -1.78 -1.04 2980.47 0.96 0.98 0 1 0 0.340 17.00 4.12
hero_oak_c 4.25 -1.19 2979.60 1.32 1.01 0 0 0 0.620 16.21 10.57
hero_oak_c 9.01 -1.30 2979.42 0.63 1.14 0 0 0 0.620 16.21 10.57
hero_oak_a 17.94 -1.43 2979.51 1.37 1.12 0 0 0 0.550 13.74 8.57
hero_pine_b 25.15 -1.47 2981.41 2.19 1.04 0 0 0 0.300 14.00 4.13
hero_spruce_a 26.80 -1.48 2981.25 1.53 1.13 0 0 0 0.380 16.00 3.90
hero_oak_b -61.22 1.45 2986.65 4.75 0.85 0 0 0 0.480 10.11 6.89
hero_oak_a -56.01 1.03 2983.67 2.81 0.89 0 0 0 0.550 13.74 8.57
hero_birch_b -43.90 0.60 2985.48 5.06 1.08 0 0 0 0.220 14.31 7.20
hero_spruce_b -37.39 0.29 2984.77 3.63 1.06 0 0 0 0.320 13.00 3.84
hero_pine_a -32.73 0.12 2985.82 5.22 1.05 0 1 0 0.340 17.00 4.12
hero_spruce_a -22.88 -0.92 2985.01 0.60 1.04 0 1 0 0.380 16.00 3.90
hero_spruce_a -10.99 -1.05 2983.58 3.17 1.14 0 1 0 0.380 16.00 3.90
hero_birch_b -7.87 -0.92 2986.18 4.39 1.05 0 1 0 0.220 14.31 7.20
hero_spruce_c -2.31 -1.06 2985.21 4.13 1.00 0 1 0 0.420 19.00 3.91
hero_pine_b 2.71 -1.20 2987.21 5.80 0.80 0 1 0 0.300 14.00 4.13
hero_spruce_a 9.26 -1.35 2984.99 2.98 1.05 0 0 0 0.380 16.00 3.90
hero_oak_b 14.78 -1.45 2987.19 5.00 0.86 0 0 0 0.480 10.11 6.89
hero_birch_b 25.25 -1.51 2985.70 3.56 1.12 0 0 0 0.220 14.31 7.20
hero_oak_a -59.51 1.53 2989.08 2.82 1.04 0 0 0 0.550 13.74 8.57
hero_spruce_b -56.36 1.42 2989.67 2.64 1.09 0 0 0 0.320 13.00 3.84
hero_oak_a -46.85 1.12 2992.92 5.95 1.13 0 0 0 0.550 13.74 8.57
hero_oak_a -45.37 0.93 2990.25 1.42 0.81 0 0 0 0.550 13.74 8.57
hero_spruce_c -37.08 0.53 2992.22 2.70 1.15 0 0 0 0.420 19.00 3.91
hero_oak_a -29.07 0.03 2988.60 5.78 0.92 0 1 0 0.550 13.74 8.57
hero_spruce_b -23.43 -0.68 2992.33 1.96 1.12 0 1 0 0.320 13.00 3.84
hero_pine_b -0.11 -1.15 2989.01 6.13 0.87 0 1 0 0.300 14.00 4.13
hero_birch_a 6.91 -1.34 2989.38 3.29 0.85 0 0 0 0.200 13.23 4.86
hero_spruce_c 12.09 -1.48 2991.55 5.89 0.83 0 0 0 0.420 19.00 3.91
hero_spruce_b 18.58 -1.53 2988.84 0.52 1.09 0 0 0 0.320 13.00 3.84
hero_spruce_b 26.48 -1.56 2990.11 0.74 0.98 0 0 0 0.320 13.00 3.84
hero_oak_a -59.49 2.32 2998.62 6.15 0.87 0 0 0 0.550 13.74 8.57
hero_oak_b -57.22 2.04 2997.14 1.26 1.03 0 0 0 0.480 10.11 6.89
hero_spruce_a -48.39 1.40 2996.08 2.09 1.13 0 0 0 0.380 16.00 3.90
hero_spruce_b -41.26 0.96 2996.20 4.95 1.12 0 0 0 0.320 13.00 3.84
hero_pine_b -39.51 0.93 2997.87 4.70 1.08 0 0 0 0.300 14.00 4.13
hero_spruce_a -26.84 -0.06 2995.44 0.26 0.94 0 1 0 0.380 16.00 3.90
hero_spruce_c -7.11 -0.92 2994.51 3.60 0.84 0 1 0 0.420 19.00 3.91
hero_oak_a -2.17 -1.18 2994.65 1.82 1.12 0 1 0 0.550 13.74 8.57
hero_oak_b 5.64 -1.48 2998.38 4.78 0.93 0 0 0 0.480 10.11 6.89
hero_spruce_b 10.40 -1.53 2995.48 5.30 0.84 0 0 0 0.320 13.00 3.84
hero_oak_b 18.38 -1.75 2998.64 1.04 1.13 0 0 0 0.480 10.11 6.89
hero_birch_b 24.50 -1.75 2998.39 4.77 1.03 0 0 0 0.220 14.31 7.20
hero_oak_c -52.94 2.30 3003.80 5.42 0.89 0 0 0 0.620 16.21 10.57
hero_spruce_a -48.71 1.87 3002.28 0.74 0.85 0 0 0 0.380 16.00 3.90
hero_pine_a -45.13 1.69 3003.74 3.69 1.01 0 0 0 0.340 17.00 4.12
hero_spruce_a -36.80 1.01 3002.90 4.85 0.83 0 0 0 0.380 16.00 3.90
hero_oak_a -29.85 0.42 3001.32 0.06 0.93 0 1 0 0.550 13.74 8.57
hero_oak_b -23.24 -0.08 3005.13 1.23 1.03 0 1 0 0.480 10.11 6.89
hero_birch_b -18.59 -0.70 3003.36 2.96 1.09 0 1 0 0.220 14.31 7.20
hero_spruce_c -11.36 -0.80 3001.15 1.46 0.81 0 1 0 0.420 19.00 3.91
hero_oak_b -8.90 -0.88 3000.99 0.42 0.97 0 1 0 0.480 10.11 6.89
hero_spruce_b 1.37 -1.37 3000.90 1.17 0.81 0 1 0 0.320 13.00 3.84
hero_oak_b 5.23 -1.56 3002.59 5.86 1.09 0 0 0 0.480 10.11 6.89
hero_pine_b 9.77 -1.74 3005.08 0.87 0.97 0 0 0 0.300 14.00 4.13
hero_oak_c 14.66 -1.85 3004.78 3.24 1.06 0 0 0 0.620 16.21 10.57
hero_spruce_a 20.89 -1.83 3002.22 4.08 0.80 0 0 0 0.380 16.00 3.90
hero_oak_c -56.71 3.15 3009.83 4.33 0.96 0 0 0 0.620 16.21 10.57
hero_spruce_b -49.66 2.47 3009.09 5.23 1.03 0 0 0 0.320 13.00 3.84
hero_spruce_a -43.58 2.00 3010.12 2.33 1.12 0 0 0 0.380 16.00 3.90
hero_pine_b -35.89 1.30 3009.63 4.92 0.83 0 0 0 0.300 14.00 4.13
hero_spruce_c -29.08 0.75 3010.76 2.55 0.82 0 1 0 0.420 19.00 3.91
hero_spruce_b -23.76 0.29 3011.30 5.62 0.91 0 1 0 0.320 13.00 3.84
hero_spruce_b -13.81 -0.64 3006.92 4.10 0.90 0 1 0 0.320 13.00 3.84
hero_spruce_b -6.02 -1.10 3010.33 1.68 1.13 0 1 0 0.320 13.00 3.84
hero_pine_b -3.27 -1.24 3011.30 2.59 0.83 0 1 0 0.300 14.00 4.13
hero_pine_a 3.24 -1.57 3007.81 5.88 1.06 0 0 0 0.340 17.00 4.12
hero_spruce_c 12.55 -1.93 3010.79 3.34 0.95 0 0 0 0.420 19.00 3.91
hero_spruce_b 19.49 -1.98 3007.94 1.71 0.99 0 0 0 0.320 13.00 3.84
hero_pine_b 24.42 -2.09 3010.99 2.88 1.06 0 0 0 0.300 14.00 4.13
hero_pine_a -52.81 3.50 3016.82 1.53 0.98 0 0 0 0.340 17.00 4.12
hero_birch_a -48.41 2.82 3014.43 3.53 1.12 0 0 0 0.200 13.23 4.86
hero_oak_a -43.71 2.46 3015.58 3.04 1.04 0 0 0 0.550 13.74 8.57
hero_spruce_b -31.17 1.11 3013.92 1.81 0.85 0 0 0 0.320 13.00 3.84
hero_oak_a -19.97 0.01 3012.69 5.47 0.87 0 1 0 0.550 13.74 8.57
hero_oak_c -14.78 -0.40 3013.62 3.87 0.86 0 1 0 0.620 16.21 10.57
hero_birch_b -7.28 -0.95 3015.20 0.09 0.88 0 1 0 0.220 14.31 7.20
hero_spruce_b -0.05 -1.44 3016.14 0.45 0.93 0 0 0 0.320 13.00 3.84
hero_pine_a 6.91 -1.80 3016.68 2.83 0.87 0 0 0 0.340 17.00 4.12
hero_spruce_c 9.43 -1.90 3014.57 6.17 1.11 0 0 0 0.420 19.00 3.91
hero_oak_b 15.95 -2.08 3014.28 3.39 1.02 0 0 0 0.480 10.11 6.89
hero_oak_c -50.08 3.66 3020.98 2.86 0.87 0 0 0 0.620 16.21 10.57
hero_birch_a -43.87 3.05 3021.71 2.63 0.88 0 0 0 0.200 13.23 4.86
hero_spruce_b -37.15 2.20 3020.82 6.05 0.93 0 0 0 0.320 13.00 3.84
hero_birch_b -32.58 1.72 3021.27 2.29 0.88 0 0 0 0.220 14.31 7.20
hero_birch_b -26.20 1.15 3023.37 5.21 0.84 0 0 0 0.220 14.31 7.20
hero_pine_a -19.94 0.27 3019.87 1.57 0.96 0 0 0 0.340 17.00 4.12
hero_spruce_b -11.87 -0.51 3018.96 4.96 0.81 0 0 0 0.320 13.00 3.84
hero_birch_a -7.23 -0.84 3021.88 2.19 0.90 0 0 0 0.200 13.23 4.86
hero_pine_b -3.34 -1.20 3020.13 0.51 1.08 0 0 0 0.300 14.00 4.13
hero_oak_a 3.32 -1.63 3021.14 3.75 1.04 0 0 0 0.550 13.74 8.57
hero_pine_b 8.89 -1.92 3022.99 5.74 0.99 0 0 0 0.300 14.00 4.13
hero_pine_a 15.81 -2.15 3019.65 3.57 0.98 0 0 0 0.340 17.00 4.12
hero_oak_c -48.27 4.24 3028.24 2.25 0.90 0 0 0 0.620 16.21 10.57
hero_oak_a -41.80 3.23 3026.06 4.35 0.84 0 0 0 0.550 13.74 8.57
hero_spruce_a -38.00 3.03 3029.16 4.11 1.15 0 0 0 0.380 16.00 3.90
hero_spruce_c -30.87 2.06 3028.53 2.66 1.12 0 0 0 0.420 19.00 3.91
hero_spruce_b -25.95 1.35 3027.05 4.77 1.00 0 0 0 0.320 13.00 3.84
hero_birch_b -21.39 0.68 3024.91 4.07 1.03 0 0 0 0.220 14.31 7.20
hero_birch_a -12.95 -0.13 3026.83 0.55 0.91 0 0 0 0.200 13.23 4.86
hero_oak_b -4.84 -0.95 3025.72 1.17 0.91 0 0 0 0.480 10.11 6.89
hero_spruce_c 1.11 -1.39 3027.86 4.50 1.01 0 0 0 0.420 19.00 3.91
hero_oak_b 7.04 -1.76 3029.39 1.70 0.93 0 0 0 0.480 10.11 6.89
hero_spruce_a 16.28 -2.22 3025.65 2.29 1.08 0 0 0 0.380 16.00 3.90
hero_pine_a -41.68 4.05 3034.07 3.26 0.89 0 0 0 0.340 17.00 4.12
hero_oak_c -36.30 2.98 3030.72 2.60 0.96 0 0 0 0.620 16.21 10.57
hero_pine_a -32.53 2.68 3032.99 0.07 0.98 0 0 0 0.340 17.00 4.12
hero_birch_a -26.70 1.79 3031.72 4.29 1.02 0 0 0 0.200 13.23 4.86
hero_spruce_b -21.16 1.27 3034.28 4.21 0.96 0 0 0 0.320 13.00 3.84
hero_pine_a -10.48 -0.20 3031.02 3.78 0.93 0 0 0 0.340 17.00 4.12
hero_oak_b -6.88 -0.60 3030.96 3.05 1.11 0 0 0 0.480 10.11 6.89
hero_spruce_c -1.94 -1.01 3032.36 4.04 0.96 0 0 0 0.420 19.00 3.91
hero_spruce_c 5.86 -1.60 3034.29 1.64 1.09 0 0 0 0.420 19.00 3.91
hero_birch_b 9.50 -1.82 3034.24 2.30 0.86 0 0 0 0.220 14.31 7.20
hero_pine_b -32.20 3.20 3038.85 3.54 1.07 0 0 0 0.300 14.00 4.13
hero_pine_a -23.54 2.15 3041.14 0.73 1.13 0 0 0 0.340 17.00 4.12
hero_oak_c -16.52 0.94 3038.13 1.22 0.99 0 0 0 0.620 16.21 10.57
hero_oak_a -8.06 -0.04 3039.10 2.55 0.91 0 0 0 0.550 13.74 8.57
hero_oak_b -1.56 -0.79 3038.71 1.39 1.05 0 0 0 0.480 10.11 6.89
hero_oak_a -135.32 -0.11 -116.95 5.61 1.12 0 0 1 0.550 13.74 8.57
hero_spruce_a -96.70 -0.11 -116.28 0.08 1.09 0 0 1 0.380 16.00 3.90
hero_pine_a -74.00 -0.10 -116.05 3.37 1.02 0 0 1 0.340 17.00 4.12
hero_birch_b -46.45 -0.11 -114.22 0.12 1.06 0 0 1 0.220 14.31 7.20
hero_birch_b -36.21 -0.13 -115.99 1.77 1.31 0 0 1 0.220 14.31 7.20
hero_oak_b -27.08 -0.12 -116.27 0.72 1.16 0 0 1 0.480 10.11 6.89
hero_spruce_c -15.50 -0.13 -116.64 3.91 1.34 0 0 1 0.420 19.00 3.91
hero_spruce_a 1.93 -0.10 -115.34 1.71 0.98 0 0 1 0.380 16.00 3.90
hero_pine_b 19.10 -0.11 -114.62 2.28 1.07 0 0 1 0.300 14.00 4.13
hero_pine_a 32.49 -0.10 -116.17 5.84 0.95 0 0 1 0.340 17.00 4.12
hero_pine_a 40.48 -0.12 -116.99 3.56 1.17 0 0 1 0.340 17.00 4.12
hero_oak_b 59.08 -0.11 -117.00 1.23 1.11 0 0 1 0.480 10.11 6.89
hero_birch_b 64.53 -0.13 -116.88 0.75 1.28 0 0 1 0.220 14.31 7.20
hero_oak_b 85.95 -0.12 -114.79 4.02 1.21 0 0 1 0.480 10.11 6.89
hero_pine_a 98.16 -0.13 -113.77 5.27 1.34 0 0 1 0.340 17.00 4.12
hero_birch_b 141.46 -0.12 -115.66 0.47 1.25 0 0 1 0.220 14.31 7.20
hero_spruce_b -135.41 -0.13 -106.23 2.57 1.34 0 0 1 0.320 13.00 3.84
hero_oak_c -129.21 -0.11 -109.71 6.25 1.14 0 0 1 0.620 16.21 10.57
hero_spruce_c -116.27 -0.11 -104.96 0.08 1.06 0 0 1 0.420 19.00 3.91
hero_spruce_c -111.90 -0.11 -110.48 4.48 1.10 0 0 1 0.420 19.00 3.91
hero_pine_b -102.89 -0.10 -107.01 1.64 1.01 0 0 1 0.300 14.00 4.13
hero_birch_b -97.42 -0.11 -107.23 3.81 1.12 0 0 1 0.220 14.31 7.20
hero_oak_a -82.66 -0.10 -108.63 3.96 0.96 0 0 1 0.550 13.74 8.57
hero_spruce_c -78.62 -0.10 -110.59 1.81 1.04 0 0 1 0.420 19.00 3.91
hero_spruce_a -69.20 -0.10 -106.77 4.21 1.01 0 0 1 0.380 16.00 3.90
hero_birch_b -58.73 -0.11 -105.62 3.83 1.06 0 0 1 0.220 14.31 7.20
hero_oak_a -52.58 -0.12 -110.16 2.89 1.22 0 0 1 0.550 13.74 8.57
hero_spruce_c -41.20 -0.11 -107.94 1.65 1.13 0 0 1 0.420 19.00 3.91
hero_oak_b -37.72 -0.13 -106.29 5.73 1.27 0 0 1 0.480 10.11 6.89
hero_spruce_a -28.17 -0.12 -109.98 5.99 1.23 0 0 1 0.380 16.00 3.90
hero_birch_a -15.96 -0.13 -107.63 4.82 1.32 0 0 1 0.200 13.23 4.86
hero_pine_a -10.33 -0.13 -109.18 0.85 1.29 0 0 1 0.340 17.00 4.12
hero_spruce_c 1.32 -0.13 -107.66 4.88 1.33 0 0 1 0.420 19.00 3.91
hero_oak_a 9.31 -0.13 -105.76 0.22 1.28 0 0 1 0.550 13.74 8.57
hero_oak_c 14.04 -0.11 -109.29 5.32 1.12 0 0 1 0.620 16.21 10.57
hero_spruce_c 22.42 -0.11 -105.46 0.15 1.10 0 0 1 0.420 19.00 3.91
hero_pine_b 31.87 -0.12 -107.77 6.06 1.21 0 0 1 0.300 14.00 4.13
hero_pine_a 43.26 -0.10 -105.34 0.03 1.03 0 0 1 0.340 17.00 4.12
hero_oak_c 51.78 -0.10 -105.48 4.35 1.00 0 0 1 0.620 16.21 10.57
hero_spruce_a 61.46 -0.10 -105.43 2.86 0.99 0 0 1 0.380 16.00 3.90
hero_pine_b 68.10 -0.10 -109.40 2.27 1.00 0 0 1 0.300 14.00 4.13
hero_spruce_b 75.28 -0.10 -111.54 3.98 1.02 0 0 1 0.320 13.00 3.84
hero_spruce_c 91.63 -0.11 -109.34 4.48 1.05 0 0 1 0.420 19.00 3.91
hero_pine_b 103.69 -0.11 -107.46 5.03 1.05 0 0 1 0.300 14.00 4.13
hero_oak_a 112.82 -0.13 -108.81 1.91 1.30 0 0 1 0.550 13.74 8.57
hero_pine_a 121.94 -0.12 -111.05 4.39 1.24 0 0 1 0.340 17.00 4.12
hero_oak_a 124.64 -0.11 -111.49 1.93 1.13 0 0 1 0.550 13.74 8.57
hero_spruce_b 137.88 -0.11 -105.12 2.96 1.06 0 0 1 0.320 13.00 3.84
hero_spruce_b 143.44 -0.13 -110.95 5.43 1.27 0 0 1 0.320 13.00 3.84
hero_pine_a -133.56 -0.12 -101.13 0.04 1.19 0 0 1 0.340 17.00 4.12
hero_oak_c -125.44 -0.13 -96.68 4.12 1.27 0 0 1 0.620 16.21 10.57
hero_spruce_b -117.01 -0.12 -98.28 5.30 1.20 0 0 1 0.320 13.00 3.84
hero_birch_b -114.31 -0.10 -98.35 3.45 1.01 0 0 1 0.220 14.31 7.20
hero_oak_c -99.10 -0.13 -97.00 1.83 1.31 0 0 1 0.620 16.21 10.57
hero_oak_c -95.00 -0.13 -100.99 4.99 1.32 0 0 1 0.620 16.21 10.57
hero_spruce_b -82.76 -0.13 -98.42 2.29 1.27 0 0 1 0.320 13.00 3.84
hero_oak_a -69.36 -0.11 -100.34 3.34 1.09 0 0 1 0.550 13.74 8.57
hero_spruce_b -58.82 -0.10 -98.50 2.26 0.96 0 0 1 0.320 13.00 3.84
hero_spruce_a -39.71 -0.13 -96.70 2.52 1.29 0 0 1 0.380 16.00 3.90
hero_spruce_a -34.78 -0.13 -102.90 1.96 1.35 0 0 1 0.380 16.00 3.90
hero_pine_a -28.76 -0.13 -96.91 2.83 1.29 0 0 1 0.340 17.00 4.12
hero_pine_b -8.73 -0.10 -97.93 0.57 0.98 0 0 1 0.300 14.00 4.13
hero_oak_c 1.90 -0.11 -103.53 4.74 1.09 0 0 1 0.620 16.21 10.57
hero_oak_b 7.81 -0.13 -96.90 3.06 1.31 0 0 1 0.480 10.11 6.89
hero_spruce_b 18.53 -0.11 -99.55 4.54 1.06 0 0 1 0.320 13.00 3.84
hero_oak_a 27.06 -0.11 -103.31 5.70 1.06 0 0 1 0.550 13.74 8.57
hero_spruce_b 36.70 -0.11 -102.13 3.80 1.05 0 0 1 0.320 13.00 3.84
hero_oak_b 42.14 -0.10 -102.07 3.47 0.99 0 0 1 0.480 10.11 6.89
hero_birch_b 52.88 -0.11 -102.12 5.44 1.06 0 0 1 0.220 14.31 7.20
hero_spruce_c 56.74 -0.12 -99.43 5.86 1.16 0 0 1 0.420 19.00 3.91
hero_spruce_b 76.69 -0.10 -96.45 5.03 1.04 0 0 1 0.320 13.00 3.84
hero_birch_a 86.50 -0.10 -103.09 1.10 1.00 0 0 1 0.200 13.23 4.86
hero_oak_a 95.59 -0.13 -103.43 1.15 1.34 0 0 1 0.550 13.74 8.57
hero_pine_b 104.84 -0.10 -97.43 4.43 1.00 0 0 1 0.300 14.00 4.13
hero_spruce_b 121.13 -0.11 -101.11 5.30 1.14 0 0 1 0.320 13.00 3.84
hero_oak_b 128.17 -0.13 -98.17 3.86 1.34 0 0 1 0.480 10.11 6.89
hero_oak_a 132.95 -0.12 -101.59 2.28 1.18 0 0 1 0.550 13.74 8.57
hero_birch_b 143.18 -0.13 -102.67 0.29 1.34 0 0 1 0.220 14.31 7.20
hero_oak_a -143.18 -0.12 -93.63 4.22 1.22 0 0 1 0.550 13.74 8.57
hero_birch_a -139.54 -0.13 -94.37 4.67 1.31 0 0 1 0.200 13.23 4.86
hero_spruce_a -130.82 -0.10 -91.92 0.41 1.05 0 0 1 0.380 16.00 3.90
hero_pine_a -122.77 -0.11 -89.29 4.36 1.13 0 0 1 0.340 17.00 4.12
hero_spruce_c -109.16 -0.12 -92.27 3.66 1.17 0 0 1 0.420 19.00 3.91
hero_oak_b -102.12 -0.12 -88.16 4.65 1.16 0 0 1 0.480 10.11 6.89
hero_oak_b -92.59 -0.10 -88.62 4.12 1.03 0 0 1 0.480 10.11 6.89
hero_spruce_a -88.05 -0.11 -93.90 5.84 1.11 0 0 1 0.380 16.00 3.90
hero_oak_a -76.99 -0.12 -88.11 1.05 1.15 0 0 1 0.550 13.74 8.57
hero_spruce_c -70.57 -0.11 -90.54 1.23 1.12 0 0 1 0.420 19.00 3.91
hero_birch_b -60.06 -0.12 -91.61 0.40 1.16 0 0 1 0.220 14.31 7.20
hero_spruce_c -48.02 -0.13 -89.00 0.86 1.29 0 0 1 0.420 19.00 3.91
hero_spruce_a -44.67 -0.13 -92.93 4.23 1.28 0 0 1 0.380 16.00 3.90
hero_spruce_c -35.99 -0.10 -89.06 1.33 0.98 0 0 1 0.420 19.00 3.91
hero_spruce_a -25.55 -0.13 -93.95 1.97 1.31 0 0 1 0.380 16.00 3.90
hero_spruce_a -16.61 -0.11 -88.55 5.31 1.10 0 0 1 0.380 16.00 3.90
hero_spruce_a -9.79 -0.11 -91.89 4.41 1.14 0 0 1 0.380 16.00 3.90
hero_pine_b 2.96 -0.12 -91.13 4.10 1.22 0 0 1 0.300 14.00 4.13
hero_birch_a 10.24 -0.11 -94.24 0.14 1.11 0 0 1 0.200 13.23 4.86
hero_spruce_a 19.91 -0.12 -88.98 0.35 1.23 0 0 1 0.380 16.00 3.90
hero_pine_b 25.04 -0.12 -90.91 2.32 1.17 0 0 1 0.300 14.00 4.13
hero_pine_a 33.17 -0.13 -92.76 2.25 1.29 0 0 1 0.340 17.00 4.12
hero_oak_c 38.51 -0.13 -91.40 4.32 1.34 0 0 1 0.620 16.21 10.57
hero_pine_b 53.21 -0.13 -94.49 1.92 1.31 0 0 1 0.300 14.00 4.13
hero_oak_b 55.96 -0.10 -90.91 0.34 1.00 0 0 1 0.480 10.11 6.89
hero_spruce_a 68.51 -0.11 -92.63 6.16 1.13 0 0 1 0.380 16.00 3.90
hero_spruce_c 73.97 -0.11 -89.08 0.23 1.09 0 0 1 0.420 19.00 3.91
hero_oak_b 85.37 -0.13 -89.76 0.19 1.30 0 0 1 0.480 10.11 6.89
hero_pine_a 93.52 -0.10 -94.86 5.00 1.02 0 0 1 0.340 17.00 4.12
hero_oak_c 99.33 -0.12 -92.75 0.16 1.22 0 0 1 0.620 16.21 10.57
hero_spruce_b 107.06 -0.13 -91.32 5.00 1.28 0 0 1 0.320 13.00 3.84
hero_spruce_a 117.09 -0.10 -89.89 2.22 0.99 0 0 1 0.380 16.00 3.90
hero_birch_b 127.29 -0.13 -93.17 2.68 1.30 0 0 1 0.220 14.31 7.20
hero_pine_b 132.96 -0.12 -88.48 5.86 1.23 0 0 1 0.300 14.00 4.13
hero_oak_b -144.98 -0.11 -83.60 3.42 1.14 0 0 1 0.480 10.11 6.89
hero_birch_a -127.17 -0.11 -81.86 4.06 1.11 0 0 1 0.200 13.23 4.86
hero_spruce_b -119.51 -0.10 -83.08 5.01 1.02 0 0 1 0.320 13.00 3.84
hero_birch_a -111.94 -0.13 -80.18 3.73 1.29 0 0 1 0.200 13.23 4.86
hero_oak_b -105.90 -0.13 -80.20 6.14 1.29 0 0 1 0.480 10.11 6.89
hero_birch_b -92.25 -0.11 -85.88 0.18 1.11 0 0 1 0.220 14.31 7.20
hero_oak_c -86.01 -0.13 -80.62 0.14 1.26 0 0 1 0.620 16.21 10.57
hero_oak_b -79.74 -0.10 -81.01 2.93 1.04 0 0 1 0.480 10.11 6.89
hero_pine_b -70.45 -0.12 -86.20 0.35 1.23 0 0 1 0.300 14.00 4.13
hero_spruce_a -57.32 -0.12 -86.03 5.51 1.19 0 0 1 0.380 16.00 3.90
hero_birch_b -53.78 -0.12 -85.07 3.18 1.15 0 0 1 0.220 14.31 7.20
hero_spruce_c -41.41 -0.13 -83.32 4.68 1.28 0 0 1 0.420 19.00 3.91
hero_spruce_a -32.54 -0.10 -79.50 0.18 1.04 0 0 1 0.380 16.00 3.90
hero_spruce_b -24.82 -0.10 -85.02 0.65 0.96 0 0 1 0.320 13.00 3.84
hero_birch_b -13.95 -0.12 -82.77 5.72 1.20 0 0 1 0.220 14.31 7.20
hero_spruce_a 3.00 -0.10 -82.49 3.03 1.00 0 0 1 0.380 16.00 3.90
hero_spruce_a 6.55 -0.11 -83.43 2.59 1.08 0 0 1 0.380 16.00 3.90
hero_spruce_c 13.75 -0.10 -80.83 5.80 0.96 0 0 1 0.420 19.00 3.91
hero_pine_a 22.49 -0.11 -79.85 5.65 1.10 0 0 1 0.340 17.00 4.12
hero_birch_b 36.41 -0.10 -82.67 1.88 0.98 0 0 1 0.220 14.31 7.20
hero_pine_a 44.59 -0.11 -84.56 5.58 1.06 0 0 1 0.340 17.00 4.12
hero_oak_c 50.75 -0.12 -84.99 4.99 1.18 0 0 1 0.620 16.21 10.57
hero_spruce_c 58.10 -0.11 -82.57 3.69 1.14 0 0 1 0.420 19.00 3.91
hero_spruce_c 69.89 -0.10 -84.24 5.96 1.02 0 0 1 0.420 19.00 3.91
hero_spruce_a 79.32 -0.11 -81.50 1.34 1.12 0 0 1 0.380 16.00 3.90
hero_spruce_a 82.16 -0.10 -83.07 6.04 0.98 0 0 1 0.380 16.00 3.90
hero_spruce_a 89.95 -0.12 -81.12 0.54 1.16 0 0 1 0.380 16.00 3.90
hero_pine_b 101.88 -0.10 -85.59 1.50 0.97 0 0 1 0.300 14.00 4.13
hero_spruce_c 107.97 -0.13 -83.11 4.66 1.33 0 0 1 0.420 19.00 3.91
hero_spruce_b 116.36 -0.10 -84.88 1.69 0.96 0 0 1 0.320 13.00 3.84
hero_birch_a 128.72 -0.13 -81.96 0.78 1.29 0 0 1 0.200 13.23 4.86
hero_spruce_c 132.10 -0.12 -82.85 3.05 1.20 0 0 1 0.420 19.00 3.91
hero_spruce_c 142.75 -0.10 -85.78 2.27 1.05 0 0 1 0.420 19.00 3.91
hero_spruce_b -136.44 -0.11 -72.41 3.12 1.06 0 0 1 0.320 13.00 3.84
hero_spruce_b -127.78 -0.12 -74.15 4.41 1.25 0 0 1 0.320 13.00 3.84
hero_oak_a -122.56 -0.12 -71.43 5.15 1.24 0 0 1 0.550 13.74 8.57
hero_oak_c -113.35 -0.10 -71.50 1.21 1.00 0 0 1 0.620 16.21 10.57
hero_pine_a -105.50 -0.10 -72.95 4.12 1.00 0 0 1 0.340 17.00 4.12
hero_spruce_b -96.95 -0.11 -75.80 0.60 1.06 0 0 1 0.320 13.00 3.84
hero_oak_b -88.92 -0.13 -75.74 3.08 1.29 0 0 1 0.480 10.11 6.89
hero_spruce_a -78.29 -0.13 -72.66 0.70 1.30 0 0 1 0.380 16.00 3.90
hero_oak_b -69.48 -0.12 -74.56 5.24 1.20 0 0 1 0.480 10.11 6.89
hero_spruce_a -51.19 -0.12 -75.42 4.46 1.20 0 0 1 0.380 16.00 3.90
hero_birch_b -45.14 -0.11 -75.42 5.05 1.10 0 0 1 0.220 14.31 7.20
hero_oak_b -34.07 -0.13 -77.38 4.92 1.26 0 0 1 0.480 10.11 6.89
hero_spruce_a -24.06 -0.10 -76.58 6.18 1.01 0 0 1 0.380 16.00 3.90
hero_pine_a -17.36 -0.11 -73.76 6.10 1.14 0 0 1 0.340 17.00 4.12
hero_oak_b -5.72 -0.13 -76.33 4.38 1.28 0 0 1 0.480 10.11 6.89
hero_oak_a 4.77 -0.13 -75.90 2.47 1.34 0 0 1 0.550 13.74 8.57
hero_oak_c 22.80 -0.13 -76.72 4.79 1.29 0 0 1 0.620 16.21 10.57
hero_birch_a 35.68 -0.12 -71.19 1.55 1.17 0 0 1 0.200 13.23 4.86
hero_oak_c 41.09 -0.13 -72.95 3.46 1.25 0 0 1 0.620 16.21 10.57
hero_birch_a 50.06 -0.13 -77.21 5.76 1.31 0 0 1 0.200 13.23 4.86
hero_pine_a 60.52 -0.13 -73.29 0.87 1.29 0 0 1 0.340 17.00 4.12
hero_spruce_c 71.05 -0.13 -77.67 2.25 1.28 0 0 1 0.420 19.00 3.91
hero_spruce_a 73.52 -0.13 -77.85 0.57 1.32 0 0 1 0.380 16.00 3.90
hero_spruce_a 87.71 -0.13 -73.73 1.71 1.31 0 0 1 0.380 16.00 3.90
hero_birch_b 93.82 -0.11 -71.09 4.39 1.14 0 0 1 0.220 14.31 7.20
hero_oak_b 103.35 -0.12 -76.02 3.13 1.16 0 0 1 0.480 10.11 6.89
hero_spruce_c 111.90 -0.12 -74.59 3.42 1.23 0 0 1 0.420 19.00 3.91
hero_pine_a 117.44 -0.11 -74.66 2.70 1.06 0 0 1 0.340 17.00 4.12
hero_oak_c 130.08 -0.10 -76.64 0.14 1.03 0 0 1 0.620 16.21 10.57
hero_birch_a 132.49 -0.12 -75.43 2.22 1.19 0 0 1 0.200 13.23 4.86
hero_spruce_b 143.59 -0.12 -77.30 2.40 1.22 0 0 1 0.320 13.00 3.84
hero_pine_b -128.28 -0.12 -68.85 3.45 1.22 0 0 1 0.300 14.00 4.13
hero_oak_b -118.23 -0.11 -67.39 1.75 1.07 0 0 1 0.480 10.11 6.89
hero_pine_b -108.09 -0.10 -67.34 3.05 1.00 0 0 1 0.300 14.00 4.13
hero_spruce_c -95.42 -0.12 -69.46 4.04 1.22 0 0 1 0.420 19.00 3.91
hero_pine_a -86.52 -0.12 -67.64 3.56 1.24 0 0 1 0.340 17.00 4.12
hero_spruce_c -79.78 -0.11 -67.92 1.33 1.11 0 0 1 0.420 19.00 3.91
hero_spruce_a -70.37 -0.10 -67.66 4.30 1.02 0 0 1 0.380 16.00 3.90
hero_birch_a -58.77 -0.12 -64.28 5.51 1.23 0 0 1 0.200 13.23 4.86
hero_spruce_b -54.93 -0.10 -67.64 4.82 0.98 0 0 1 0.320 13.00 3.84
hero_birch_a -46.23 -0.12 -68.14 0.72 1.24 0 0 1 0.200 13.23 4.86
hero_oak_c -31.09 -0.13 -65.59 2.42 1.33 0 0 1 0.620 16.21 10.57
hero_spruce_a 25.82 -0.11 -67.32 0.84 1.06 0 0 1 0.380 16.00 3.90
hero_pine_a 35.12 -0.13 -66.61 5.16 1.32 0 0 1 0.340 17.00 4.12
hero_spruce_c 47.60 -0.13 -66.67 6.07 1.33 0 0 1 0.420 19.00 3.91
hero_spruce_b 60.94 -0.10 -67.48 0.90 1.05 0 0 1 0.320 13.00 3.84
hero_birch_b 63.98 -0.13 -68.83 5.05 1.25 0 0 1 0.220 14.31 7.20
hero_birch_a 77.38 -0.11 -62.50 2.22 1.10 0 0 1 0.200 13.23 4.86
hero_oak_c 82.33 -0.10 -64.04 5.70 0.98 0 0 1 0.620 16.21 10.57
hero_spruce_a 94.87 -0.13 -68.42 0.19 1.34 0 0 1 0.380 16.00 3.90
hero_pine_b 101.36 -0.13 -69.38 0.60 1.33 0 0 1 0.300 14.00 4.13
hero_birch_a 108.27 -0.12 -67.08 2.28 1.18 0 0 1 0.200 13.23 4.86
hero_oak_a 120.18 -0.13 -63.76 3.90 1.26 0 0 1 0.550 13.74 8.57
hero_birch_b 126.49 -0.12 -67.01 0.88 1.18 0 0 1 0.220 14.31 7.20
hero_oak_c 137.65 -0.13 -66.71 1.03 1.35 0 0 1 0.620 16.21 10.57
hero_oak_a 144.52 -0.10 -66.49 2.29 0.95 0 0 1 0.550 13.74 8.57
hero_birch_a -143.19 -0.13 -56.80 2.17 1.33 0 0 1 0.200 13.23 4.86
hero_pine_a -126.63 -0.10 -60.36 4.42 0.95 0 0 1 0.340 17.00 4.12
hero_oak_b -119.34 -0.12 -56.34 5.07 1.20 0 0 1 0.480 10.11 6.89
hero_spruce_a -113.26 -0.10 -58.17 3.83 0.97 0 0 1 0.380 16.00 3.90
hero_spruce_a -102.17 -0.13 -56.66 4.34 1.33 0 0 1 0.380 16.00 3.90
hero_spruce_c -94.86 -0.12 -54.23 1.36 1.20 0 0 1 0.420 19.00 3.91
hero_pine_a -78.29 -0.12 -60.60 3.47 1.16 0 0 1 0.340 17.00 4.12
hero_pine_b -65.92 -0.13 -58.85 1.26 1.34 0 0 1 0.300 14.00 4.13
hero_spruce_c -62.39 -0.13 -54.76 4.47 1.33 0 0 1 0.420 19.00 3.91
hero_spruce_b -51.76 -0.10 -59.33 3.57 0.98 0 0 1 0.320 13.00 3.84
hero_birch_a -40.13 -0.10 -55.56 2.02 1.09 0 0 1 0.200 13.23 4.86
hero_spruce_a 44.37 -0.13 -56.81 5.11 1.33 0 0 1 0.380 16.00 3.90
hero_spruce_c 49.56 -0.13 -57.73 4.96 1.31 0 0 1 0.420 19.00 3.91
hero_pine_b 59.30 -0.11 -54.40 4.82 1.21 0 0 1 0.300 14.00 4.13
hero_spruce_a 69.27 -0.10 -55.29 3.08 1.03 0 0 1 0.380 16.00 3.90
hero_pine_a 79.15 -0.11 -59.90 6.11 1.12 0 0 1 0.340 17.00 4.12
hero_spruce_b 84.83 -0.13 -53.98 3.22 1.31 0 0 1 0.320 13.00 3.84
hero_spruce_b 93.45 -0.12 -56.99 5.29 1.24 0 0 1 0.320 13.00 3.84
hero_birch_a 99.84 -0.10 -57.46 4.48 0.98 0 0 1 0.200 13.23 4.86
hero_oak_a 106.58 -0.10 -56.67 4.89 0.96 0 0 1 0.550 13.74 8.57
hero_spruce_a 116.46 -0.12 -59.09 0.26 1.21 0 0 1 0.380 16.00 3.90
hero_oak_c 126.18 -0.10 -58.45 2.89 0.96 0 0 1 0.620 16.21 10.57
hero_pine_a 136.18 -0.12 -60.56 1.01 1.17 0 0 1 0.340 17.00 4.12
hero_pine_a 144.19 -0.11 -56.77 2.68 1.06 0 0 1 0.340 17.00 4.12
hero_pine_b -137.93 -0.10 -48.24 0.00 1.06 0 0 1 0.300 14.00 4.13
hero_oak_c -127.57 -0.12 -52.57 0.15 1.21 0 0 1 0.620 16.21 10.57
hero_birch_a -116.88 -0.12 -51.30 3.53 1.19 0 0 1 0.200 13.23 4.86
hero_pine_a -112.50 -0.10 -51.19 2.47 0.97 0 0 1 0.340 17.00 4.12
hero_pine_a -103.84 -0.12 -52.32 5.92 1.22 0 0 1 0.340 17.00 4.12
hero_spruce_a -90.81 -0.11 -48.64 3.23 1.19 0 0 1 0.380 16.00 3.90
hero_birch_a -87.54 -0.09 -48.20 5.78 0.95 0 0 1 0.200 13.23 4.86
hero_spruce_c -74.25 -0.11 -51.50 6.26 1.13 0 0 1 0.420 19.00 3.91
hero_oak_c -71.14 -0.11 -49.52 2.29 1.22 0 0 1 0.620 16.21 10.57
hero_oak_c -59.61 -0.07 -48.07 0.18 1.02 0 0 1 0.620 16.21 10.57
hero_spruce_c -52.84 -0.06 -46.76 3.76 1.10 0 0 1 0.420 19.00 3.91
hero_spruce_a -41.60 -0.08 -51.16 4.92 1.11 0 0 1 0.380 16.00 3.90
hero_pine_a 40.72 -0.09 -52.02 4.82 1.20 0 0 1 0.340 17.00 4.12
hero_spruce_a 60.46 -0.06 -46.50 3.01 1.31 0 0 1 0.380 16.00 3.90
hero_birch_b 66.89 -0.06 -45.84 1.21 1.21 0 0 1 0.220 14.31 7.20
hero_birch_b 75.86 -0.11 -49.15 2.95 1.35 0 0 1 0.220 14.31 7.20
hero_pine_b 81.15 -0.07 -47.99 4.07 0.95 0 0 1 0.300 14.00 4.13
hero_spruce_b 95.78 -0.10 -48.48 1.09 1.09 0 0 1 0.320 13.00 3.84
hero_spruce_a 97.96 -0.12 -51.60 3.83 1.19 0 0 1 0.380 16.00 3.90
hero_pine_a 110.51 -0.11 -51.88 2.50 1.09 0 0 1 0.340 17.00 4.12
hero_spruce_b 118.48 -0.14 -50.95 2.51 1.34 0 0 1 0.320 13.00 3.84
hero_pine_a 129.62 -0.10 -50.84 3.23 0.96 0 0 1 0.340 17.00 4.12
hero_spruce_a 136.09 -0.13 -46.86 2.79 1.15 0 0 1 0.380 16.00 3.90
hero_oak_c 143.21 -0.12 -52.51 5.93 1.11 0 0 1 0.620 16.21 10.57
hero_oak_c -135.87 -0.04 -38.20 5.74 1.11 0 0 1 0.620 16.21 10.57
hero_spruce_c -130.23 -0.07 -43.66 5.88 0.98 0 0 1 0.420 19.00 3.91
hero_birch_b -122.13 -0.09 -41.33 1.96 1.27 0 0 1 0.220 14.31 7.20
hero_spruce_b -108.23 -0.08 -40.42 0.79 1.15 0 0 1 0.320 13.00 3.84
hero_pine_b -100.32 -0.08 -37.66 5.79 1.35 0 0 1 0.300 14.00 4.13
hero_spruce_c -94.72 -0.08 -39.40 4.52 1.18 0 0 1 0.420 19.00 3.91
hero_pine_a -79.05 -0.10 -43.91 2.38 1.27 0 0 1 0.340 17.00 4.12
hero_pine_b -65.99 -0.05 -41.32 5.34 1.24 0 0 1 0.300 14.00 4.13
hero_spruce_b -61.86 -0.02 -41.11 1.21 0.97 0 0 1 0.320 13.00 3.84
hero_spruce_a -49.71 -0.04 -43.14 1.35 1.32 0 0 1 0.380 16.00 3.90
hero_pine_b 49.97 0.03 -43.21 4.64 1.08 0 0 1 0.300 14.00 4.13
hero_oak_a 56.07 0.02 -42.53 0.42 1.10 0 0 1 0.550 13.74 8.57
hero_birch_b 67.69 -0.04 -43.58 1.37 1.24 0 0 1 0.220 14.31 7.20
hero_spruce_b 74.32 -0.03 -40.73 4.63 1.28 0 0 1 0.320 13.00 3.84
hero_pine_b 84.09 -0.04 -40.45 2.02 1.12 0 0 1 0.300 14.00 4.13
hero_birch_b 101.10 -0.11 -41.15 3.78 1.31 0 0 1 0.220 14.31 7.20
hero_spruce_b 129.51 -0.13 -42.79 0.76 1.19 0 0 1 0.320 13.00 3.84
hero_spruce_c 136.60 -0.12 -37.08 2.33 1.05 0 0 1 0.420 19.00 3.91
hero_pine_a 144.90 -0.11 -42.46 2.49 0.99 0 0 1 0.340 17.00 4.12
hero_pine_b -144.85 0.08 -31.66 2.06 0.99 0 0 1 0.300 14.00 4.13
hero_pine_a -133.33 0.09 -30.17 4.67 1.16 0 0 1 0.340 17.00 4.12
hero_birch_b -128.81 0.07 -30.59 6.18 1.13 0 0 1 0.220 14.31 7.20
hero_spruce_b -119.40 0.03 -33.05 2.58 0.95 0 0 1 0.320 13.00 3.84
hero_spruce_c -111.56 0.01 -32.49 2.41 1.09 0 0 1 0.420 19.00 3.91
hero_oak_a -100.87 -0.02 -34.01 2.26 1.09 0 0 1 0.550 13.74 8.57
hero_spruce_a -96.59 -0.02 -32.36 4.47 1.34 0 0 1 0.380 16.00 3.90
hero_oak_a -84.32 0.01 -31.20 1.44 1.34 0 0 1 0.550 13.74 8.57
hero_spruce_a -80.38 0.00 -33.97 6.19 1.10 0 0 1 0.380 16.00 3.90
hero_oak_a -68.14 0.07 -31.68 1.24 1.09 0 0 1 0.550 13.74 8.57
hero_birch_a -59.01 0.15 -29.45 4.18 1.17 0 0 1 0.200 13.23 4.86
hero_oak_a -54.30 0.11 -32.77 5.54 1.14 0 0 1 0.550 13.74 8.57
hero_spruce_c 48.83 0.31 -29.95 6.26 1.23 0 0 1 0.420 19.00 3.91
hero_oak_a 60.42 0.16 -32.86 2.66 1.28 0 0 1 0.550 13.74 8.57
hero_pine_a 69.98 0.18 -29.13 6.01 1.19 0 0 1 0.340 17.00 4.12
hero_spruce_a 77.00 0.09 -31.33 5.23 1.19 0 0 1 0.380 16.00 3.90
hero_pine_a 86.61 0.06 -29.07 2.48 1.27 0 0 1 0.340 17.00 4.12
hero_oak_a 91.98 -0.03 -34.21 5.40 1.30 0 0 1 0.550 13.74 8.57
hero_oak_c 101.92 -0.08 -34.78 2.01 1.33 0 0 1 0.620 16.21 10.57
hero_oak_c 112.27 -0.06 -32.53 6.04 0.96 0 0 1 0.620 16.21 10.57
hero_spruce_c 119.98 -0.11 -34.69 5.93 1.14 0 0 1 0.420 19.00 3.91
hero_oak_a 126.91 -0.12 -33.83 4.05 1.24 0 0 1 0.550 13.74 8.57
hero_spruce_c 133.28 -0.10 -30.55 5.00 1.01 0 0 1 0.420 19.00 3.91
hero_birch_a -144.65 0.34 -22.18 1.40 1.12 0 0 1 0.200 13.23 4.86
hero_spruce_b -135.66 0.18 -26.51 0.28 1.20 0 0 1 0.320 13.00 3.84
hero_spruce_a -131.18 0.31 -22.17 2.74 1.12 0 0 1 0.380 16.00 3.90
hero_birch_a -117.40 0.26 -22.31 3.25 1.01 0 0 1 0.200 13.23 4.86
hero_pine_b -108.65 0.16 -25.06 1.54 0.97 0 0 1 0.300 14.00 4.13
hero_spruce_a -101.81 0.11 -25.90 3.89 1.19 0 0 1 0.380 16.00 3.90
hero_birch_a -94.03 0.21 -22.18 5.41 1.01 0 0 1 0.200 13.23 4.86
hero_oak_a -88.92 0.23 -20.62 3.26 1.28 0 0 1 0.550 13.74 8.57
hero_pine_b -80.16 0.11 -26.55 4.00 1.22 0 0 1 0.300 14.00 4.13
hero_spruce_a -65.95 0.25 -22.69 5.51 1.28 0 0 1 0.380 16.00 3.90
hero_spruce_b -57.58 0.28 -24.28 1.99 1.06 0 0 1 0.320 13.00 3.84
hero_pine_a -50.48 0.34 -23.88 5.83 1.16 0 0 1 0.340 17.00 4.12
hero_birch_b -45.94 0.48 -20.61 5.20 1.06 0 0 1 0.220 14.31 7.20
hero_oak_b 51.21 0.54 -21.09 0.81 1.23 0 0 1 0.480 10.11 6.89
hero_spruce_c 59.78 0.41 -22.67 2.60 1.26 0 0 1 0.420 19.00 3.91
hero_birch_b 65.18 0.33 -24.36 6.25 1.11 0 0 1 0.220 14.31 7.20
hero_pine_b 76.67 0.26 -22.31 0.47 1.22 0 0 1 0.300 14.00 4.13
hero_pine_b 84.50 0.13 -26.85 4.42 1.05 0 0 1 0.300 14.00 4.13
hero_pine_a 93.13 0.07 -25.83 1.80 1.13 0 0 1 0.340 17.00 4.12
hero_birch_a 102.94 0.05 -22.01 5.68 1.21 0 0 1 0.200 13.23 4.86
hero_spruce_a 108.84 0.00 -22.47 2.71 1.27 0 0 1 0.380 16.00 3.90
hero_pine_a 117.64 -0.01 -22.38 0.53 1.02 0 0 1 0.340 17.00 4.12
hero_oak_c -144.66 0.49 -17.92 4.65 1.25 0 0 1 0.620 16.21 10.57
hero_birch_b -136.07 0.67 -14.13 5.04 0.96 0 0 1 0.220 14.31 7.20
hero_spruce_b -125.52 0.62 -13.35 3.50 1.29 0 0 1 0.320 13.00 3.84
hero_oak_a -116.26 0.63 -11.71 3.72 1.33 0 0 1 0.550 13.74 8.57
hero_birch_a -111.59 0.37 -17.75 5.78 1.21 0 0 1 0.200 13.23 4.86
hero_spruce_a -98.95 0.57 -11.85 5.86 1.01 0 0 1 0.380 16.00 3.90
hero_spruce_a -96.01 0.48 -14.12 0.05 0.97 0 0 1 0.380 16.00 3.90
hero_birch_a -84.89 0.43 -15.04 2.96 0.99 0 0 1 0.200 13.23 4.86
hero_spruce_b -75.40 0.40 -15.83 5.22 1.33 0 0 1 0.320 13.00 3.84
hero_spruce_c -66.25 0.42 -17.49 0.51 1.04 0 0 1 0.420 19.00 3.91
hero_pine_a -56.96 0.65 -12.54 3.86 1.12 0 0 1 0.340 17.00 4.12
hero_oak_b -54.83 0.54 -15.86 3.11 1.22 0 0 1 0.480 10.11 6.89
hero_oak_c -46.57 0.62 -16.44 0.35 0.95 0 0 1 0.620 16.21 10.57
hero_birch_a 53.42 0.66 -16.53 3.41 1.18 0 0 1 0.200 13.23 4.86
hero_oak_a 58.19 0.58 -17.23 1.77 1.27 0 0 1 0.550 13.74 8.57
hero_spruce_a 70.65 0.54 -12.69 5.28 1.24 0 0 1 0.380 16.00 3.90
hero_pine_b 79.06 0.38 -16.53 5.75 0.96 0 0 1 0.300 14.00 4.13
hero_spruce_a 87.52 0.23 -17.62 1.02 1.35 0 0 1 0.380 16.00 3.90
hero_spruce_c 91.33 0.20 -17.94 1.52 1.18 0 0 1 0.420 19.00 3.91
hero_oak_c 100.27 0.17 -15.53 1.33 1.01 0 0 1 0.620 16.21 10.57
hero_spruce_a 112.43 0.05 -15.84 0.76 1.33 0 0 1 0.380 16.00 3.90
hero_oak_a 121.66 0.07 -11.77 2.14 1.07 0 0 1 0.550 13.74 8.57
hero_spruce_a 130.26 -0.04 -16.77 1.51 1.34 0 0 1 0.380 16.00 3.90
hero_spruce_c 132.79 0.01 -13.17 1.83 1.10 0 0 1 0.420 19.00 3.91
hero_oak_a -136.54 0.86 -10.01 5.53 1.16 0 0 1 0.550 13.74 8.57
hero_oak_b -126.26 0.97 -6.65 4.35 1.32 0 0 1 0.480 10.11 6.89
hero_birch_b -122.28 0.86 -8.26 3.10 1.19 0 0 1 0.220 14.31 7.20
hero_spruce_a -112.35 0.96 -5.28 1.28 1.02 0 0 1 0.380 16.00 3.90
hero_oak_b -99.63 0.79 -6.50 3.27 1.30 0 0 1 0.480 10.11 6.89
hero_spruce_c -92.13 0.85 -5.19 1.91 1.05 0 0 1 0.420 19.00 3.91
hero_spruce_b -85.40 0.69 -7.88 4.13 1.23 0 0 1 0.320 13.00 3.84
hero_birch_b -74.05 0.90 -3.99 1.80 1.05 0 0 1 0.220 14.31 7.20
hero_oak_b -65.16 0.97 -3.43 1.04 1.12 0 0 1 0.480 10.11 6.89
hero_spruce_c -59.47 0.91 -5.18 3.34 1.31 0 0 1 0.420 19.00 3.91
hero_oak_c -54.32 0.84 -8.56 1.57 0.98 0 0 1 0.620 16.21 10.57
hero_spruce_c 47.44 0.97 -9.22 0.51 1.08 0 0 1 0.420 19.00 3.91
hero_spruce_b 61.82 0.89 -3.39 1.50 1.32 0 0 1 0.320 13.00 3.84
hero_pine_a 69.83 0.73 -5.84 0.82 1.06 0 0 1 0.340 17.00 4.12
hero_pine_a 79.13 0.57 -6.31 5.30 1.18 0 0 1 0.340 17.00 4.12
hero_birch_a 81.55 0.49 -9.20 6.26 1.07 0 0 1 0.200 13.23 4.86
hero_oak_c 89.60 0.45 -5.51 3.08 1.05 0 0 1 0.620 16.21 10.57
hero_spruce_a 108.85 0.22 -5.69 0.83 1.27 0 0 1 0.380 16.00 3.90
hero_pine_a 118.96 0.13 -6.63 2.15 1.25 0 0 1 0.340 17.00 4.12
hero_oak_a 127.81 0.08 -7.75 2.68 1.13 0 0 1 0.550 13.74 8.57
hero_birch_b 136.28 0.02 -9.52 5.67 1.30 0 0 1 0.220 14.31 7.20
hero_spruce_a 141.27 0.08 -3.44 5.36 1.30 0 0 1 0.380 16.00 3.90
hero_pine_a -136.19 1.52 0.83 4.44 0.97 0 0 1 0.340 17.00 4.12
hero_oak_b -126.15 1.35 -0.75 4.81 0.95 0 0 1 0.480 10.11 6.89
hero_oak_c -121.47 1.48 2.28 4.53 1.11 0 0 1 0.620 16.21 10.57
hero_oak_c -110.23 1.38 2.17 0.04 1.03 0 0 1 0.620 16.21 10.57
hero_spruce_a -99.27 1.07 -1.41 3.79 1.12 0 0 1 0.380 16.00 3.90
hero_spruce_b -94.48 1.30 3.01 1.05 1.06 0 0 1 0.320 13.00 3.84
hero_spruce_a -78.02 1.15 1.56 6.24 1.27 0 0 1 0.380 16.00 3.90
hero_birch_a -65.35 1.24 2.71 2.71 1.34 0 0 1 0.200 13.23 4.86
hero_birch_b -62.46 1.31 3.04 0.41 0.98 0 0 1 0.220 14.31 7.20
hero_pine_a -54.48 1.15 -0.80 2.84 1.31 0 0 1 0.340 17.00 4.12
hero_spruce_b 49.08 1.26 3.47 5.81 1.33 0 0 1 0.320 13.00 3.84
hero_oak_a 57.52 1.06 0.36 3.60 1.17 0 0 1 0.550 13.74 8.57
hero_spruce_c 65.18 1.05 4.83 5.01 0.98 0 0 1 0.420 19.00 3.91
hero_birch_a 74.68 0.86 5.25 5.91 1.31 0 0 1 0.200 13.23 4.86
hero_pine_b 85.10 0.70 4.64 3.09 1.15 0 0 1 0.300 14.00 4.13
hero_birch_b 89.52 0.57 1.72 4.76 1.25 0 0 1 0.220 14.31 7.20
hero_spruce_a 102.08 0.44 3.70 4.46 1.25 0 0 1 0.380 16.00 3.90
hero_oak_c 118.92 0.31 4.36 3.65 1.05 0 0 1 0.620 16.21 10.57
hero_birch_a 138.12 0.22 4.65 3.16 0.99 0 0 1 0.200 13.23 4.86
hero_spruce_a 142.07 0.19 5.42 5.64 1.35 0 0 1 0.380 16.00 3.90
hero_spruce_a -139.75 2.12 10.18 4.00 1.22 0 0 1 0.380 16.00 3.90
hero_spruce_a -130.71 2.33 13.95 1.55 1.07 0 0 1 0.380 16.00 3.90
hero_oak_c -117.79 2.06 11.89 4.73 1.27 0 0 1 0.620 16.21 10.57
hero_pine_b -100.80 1.98 13.25 5.44 1.09 0 0 1 0.300 14.00 4.13
hero_spruce_a -94.87 1.86 12.50 6.24 1.24 0 0 1 0.380 16.00 3.90
hero_oak_c -84.38 1.81 12.67 1.71 1.17 0 0 1 0.620 16.21 10.57
hero_birch_b -73.89 1.70 11.64 1.32 1.34 0 0 1 0.220 14.31 7.20
hero_oak_a -70.34 1.65 10.35 1.82 1.13 0 0 1 0.550 13.74 8.57
hero_oak_b -62.52 1.78 12.67 3.91 1.19 0 0 1 0.480 10.11 6.89
hero_birch_b -54.65 1.69 10.16 4.42 1.20 0 0 1 0.220 14.31 7.20
hero_birch_b 50.36 1.38 9.57 5.13 1.08 0 0 1 0.220 14.31 7.20
hero_spruce_c 57.86 1.25 9.81 2.30 1.09 0 0 1 0.420 19.00 3.91
hero_pine_b 65.54 1.16 11.80 3.25 0.96 0 0 1 0.300 14.00 4.13
hero_spruce_c 78.89 0.89 11.22 2.98 1.28 0 0 1 0.420 19.00 3.91
hero_spruce_b 82.90 0.82 10.12 4.53 1.18 0 0 1 0.320 13.00 3.84
hero_pine_b 93.27 0.65 7.96 0.83 0.97 0 0 1 0.300 14.00 4.13
hero_spruce_b 104.16 0.54 11.03 1.15 1.29 0 0 1 0.320 13.00 3.84
hero_pine_b 112.88 0.41 9.06 2.91 1.28 0 0 1 0.300 14.00 4.13
hero_spruce_c 120.08 0.38 10.84 0.78 1.35 0 0 1 0.420 19.00 3.91
hero_spruce_b 127.64 0.31 8.49 3.08 1.13 0 0 1 0.320 13.00 3.84
hero_oak_a 136.57 0.30 10.27 0.07 1.12 0 0 1 0.550 13.74 8.57
hero_pine_b 144.03 0.28 9.24 3.86 1.01 0 0 1 0.300 14.00 4.13
hero_spruce_b -141.81 2.76 20.52 0.21 1.15 0 0 1 0.320 13.00 3.84
hero_spruce_a -136.46 2.64 18.30 4.80 1.06 0 0 1 0.380 16.00 3.90
hero_pine_b -126.86 2.60 18.75 2.56 1.12 0 0 1 0.300 14.00 4.13
hero_birch_b -108.63 2.22 15.85 5.98 1.21 0 0 1 0.220 14.31 7.20
hero_oak_a -104.73 2.56 22.14 5.67 1.17 0 0 1 0.550 13.74 8.57
hero_oak_b -93.37 2.40 21.52 1.93 1.25 0 0 1 0.480 10.11 6.89
hero_spruce_a -79.95 2.03 16.54 4.70 1.09 0 0 1 0.380 16.00 3.90
hero_pine_b -70.87 2.15 19.58 2.12 1.30 0 0 1 0.300 14.00 4.13
hero_birch_a -60.47 2.28 22.49 4.55 1.23 0 0 1 0.200 13.23 4.86
hero_pine_a -50.02 2.26 22.22 2.97 1.30 0 0 1 0.340 17.00 4.12
hero_oak_c 47.58 1.53 16.68 2.14 0.98 0 0 1 0.620 16.21 10.57
hero_pine_a 56.78 1.37 16.09 0.44 0.97 0 0 1 0.340 17.00 4.12
hero_spruce_a 64.83 1.25 19.34 2.29 1.04 0 0 1 0.380 16.00 3.90
hero_spruce_a 78.14 1.07 22.09 5.71 1.12 0 0 1 0.380 16.00 3.90
hero_spruce_b 83.60 0.97 21.41 1.63 1.25 0 0 1 0.320 13.00 3.84
hero_oak_c 89.97 0.93 22.51 3.53 1.04 0 0 1 0.620 16.21 10.57
hero_birch_a 99.88 0.70 17.27 3.34 1.27 0 0 1 0.200 13.23 4.86
hero_oak_b 106.64 0.67 18.14 0.29 1.04 0 0 1 0.480 10.11 6.89
hero_spruce_a 120.12 0.50 16.84 1.87 1.27 0 0 1 0.380 16.00 3.90
hero_pine_b 126.50 0.56 20.38 2.46 1.00 0 0 1 0.300 14.00 4.13
hero_spruce_b 134.28 0.57 22.38 1.07 1.02 0 0 1 0.320 13.00 3.84
hero_birch_a -133.51 3.15 28.66 5.59 1.31 0 0 1 0.200 13.23 4.86
hero_spruce_b -126.72 3.26 31.02 5.21 0.98 0 0 1 0.320 13.00 3.84
hero_pine_a -122.57 2.89 24.23 1.57 1.06 0 0 1 0.340 17.00 4.12
hero_birch_a -112.94 3.02 28.38 0.36 1.02 0 0 1 0.200 13.23 4.86
hero_spruce_c -101.32 2.89 29.03 0.61 1.31 0 0 1 0.420 19.00 3.91
hero_oak_c -93.73 2.62 24.90 2.99 0.98 0 0 1 0.620 16.21 10.57
hero_pine_b -84.62 2.54 25.35 2.23 1.25 0 0 1 0.300 14.00 4.13
hero_birch_a -65.12 2.37 24.15 2.17 1.31 0 0 1 0.200 13.23 4.86
hero_pine_b -62.82 2.54 27.98 5.56 1.24 0 0 1 0.300 14.00 4.13
hero_spruce_b -49.63 2.42 25.95 5.83 1.20 0 0 1 0.320 13.00 3.84
hero_spruce_b 47.67 1.49 29.27 4.07 1.33 0 0 1 0.320 13.00 3.84
hero_oak_a 61.06 1.35 25.92 0.21 0.98 0 0 1 0.550 13.74 8.57
hero_spruce_a 65.33 1.28 30.38 4.84 1.09 0 0 1 0.380 16.00 3.90
hero_spruce_a 79.17 1.09 25.52 0.75 1.12 0 0 1 0.380 16.00 3.90
hero_birch_a 87.83 1.02 29.34 5.33 1.32 0 0 1 0.200 13.23 4.86
hero_spruce_b 94.00 1.03 30.81 3.33 1.02 0 0 1 0.320 13.00 3.84
hero_pine_a 99.91 0.98 30.44 4.51 0.97 0 0 1 0.340 17.00 4.12
hero_oak_b 107.75 0.90 29.69 3.88 1.16 0 0 1 0.480 10.11 6.89
hero_pine_b 125.37 0.76 28.13 4.03 1.11 0 0 1 0.300 14.00 4.13
hero_spruce_b 137.00 0.76 29.51 5.27 1.10 0 0 1 0.320 13.00 3.84
hero_spruce_c 141.39 0.78 30.91 5.61 1.22 0 0 1 0.420 19.00 3.91
hero_spruce_a -143.15 3.45 37.24 2.17 1.03 0 0 1 0.380 16.00 3.90
hero_birch_b -132.93 3.38 33.54 1.22 0.97 0 0 1 0.220 14.31 7.20
hero_oak_a -125.16 3.47 37.94 5.25 1.23 0 0 1 0.550 13.74 8.57
hero_spruce_c -121.82 3.41 35.91 1.16 1.05 0 0 1 0.420 19.00 3.91
hero_oak_a -112.22 3.36 37.46 1.29 1.28 0 0 1 0.550 13.74 8.57
hero_spruce_a -103.52 3.31 37.90 4.88 1.09 0 0 1 0.380 16.00 3.90
hero_spruce_c -90.57 3.11 36.21 0.13 1.26 0 0 1 0.420 19.00 3.91
hero_oak_a -83.28 3.05 36.47 0.47 1.22 0 0 1 0.550 13.74 8.57
hero_oak_b -77.59 2.96 36.02 2.12 1.35 0 0 1 0.480 10.11 6.89
hero_pine_a -71.89 2.99 37.76 4.50 1.16 0 0 1 0.340 17.00 4.12
hero_birch_b -62.17 2.72 32.67 5.64 1.32 0 0 1 0.220 14.31 7.20
hero_birch_a -53.96 2.79 37.55 5.38 1.32 0 0 1 0.200 13.23 4.86
hero_spruce_c -45.31 2.65 34.75 2.50 1.33 0 0 1 0.420 19.00 3.91
hero_spruce_b 51.52 1.43 33.14 4.37 0.99 0 0 1 0.320 13.00 3.84
hero_spruce_a 57.27 1.34 34.66 4.32 1.10 0 0 1 0.380 16.00 3.90
hero_spruce_b 66.93 1.26 33.08 0.53 1.06 0 0 1 0.320 13.00 3.84
hero_pine_a 78.10 1.18 37.28 2.80 1.13 0 0 1 0.340 17.00 4.12
hero_oak_b 91.77 1.15 37.65 3.43 1.00 0 0 1 0.480 10.11 6.89
hero_oak_c 103.02 1.13 38.31 2.96 1.20 0 0 1 0.620 16.21 10.57
hero_pine_b 107.86 0.99 33.36 0.34 1.15 0 0 1 0.300 14.00 4.13
hero_oak_b 119.63 0.96 34.59 2.30 1.35 0 0 1 0.480 10.11 6.89
hero_spruce_b 127.80 0.96 34.53 6.02 1.08 0 0 1 0.320 13.00 3.84
hero_spruce_c 143.12 0.85 33.14 0.05 1.27 0 0 1 0.420 19.00 3.91
hero_birch_b -127.77 3.62 46.34 0.28 1.00 0 0 1 0.220 14.31 7.20
hero_oak_a -118.30 3.54 43.44 0.07 1.33 0 0 1 0.550 13.74 8.57
hero_spruce_c -113.80 3.51 42.65 4.56 1.19 0 0 1 0.420 19.00 3.91
hero_oak_b -104.58 3.43 42.17 1.39 1.14 0 0 1 0.480 10.11 6.89
hero_pine_b -93.83 3.40 44.12 3.98 0.97 0 0 1 0.300 14.00 4.13
hero_oak_a -83.22 3.31 47.71 0.08 1.31 0 0 1 0.550 13.74 8.57
hero_oak_a -74.34 3.16 43.62 1.27 1.25 0 0 1 0.550 13.74 8.57
hero_pine_b -66.36 3.08 43.43 3.51 1.03 0 0 1 0.300 14.00 4.13
hero_oak_a -57.43 2.97 43.47 5.05 1.07 0 0 1 0.550 13.74 8.57
hero_spruce_a -53.45 2.88 42.53 4.15 1.22 0 0 1 0.380 16.00 3.90
hero_spruce_c 49.01 1.14 45.89 3.95 1.15 0 0 1 0.420 19.00 3.91
hero_birch_a 59.54 1.11 47.14 4.33 1.00 0 0 1 0.200 13.23 4.86
hero_birch_b 68.45 1.18 43.04 0.97 1.17 0 0 1 0.220 14.31 7.20
hero_oak_a 76.02 1.16 46.45 4.82 1.25 0 0 1 0.550 13.74 8.57
hero_spruce_c 82.22 1.20 47.73 2.02 1.29 0 0 1 0.420 19.00 3.91
hero_oak_a 89.71 1.19 41.42 3.11 1.18 0 0 1 0.550 13.74 8.57
hero_spruce_a 117.86 1.45 46.32 0.02 0.99 0 0 1 0.380 16.00 3.90
hero_spruce_c 126.50 1.41 45.47 5.29 1.23 0 0 1 0.420 19.00 3.91
hero_spruce_b 138.03 1.38 44.21 1.80 1.07 0 0 1 0.320 13.00 3.84
hero_spruce_a 144.13 1.35 43.46 4.94 0.96 0 0 1 0.380 16.00 3.90
hero_birch_a -141.98 3.42 55.42 0.30 1.17 0 0 1 0.200 13.23 4.86
hero_spruce_a -136.40 3.56 50.76 1.30 1.13 0 0 1 0.380 16.00 3.90
hero_oak_b -125.65 3.58 51.77 3.48 1.26 0 0 1 0.480 10.11 6.89
hero_birch_b -111.72 3.58 51.63 0.30 0.97 0 0 1 0.220 14.31 7.20
hero_oak_c -101.79 3.48 55.78 5.81 1.08 0 0 1 0.620 16.21 10.57
hero_spruce_b -90.87 3.40 56.05 4.08 1.17 0 0 1 0.320 13.00 3.84
hero_spruce_b -78.10 3.28 53.36 0.20 1.21 0 0 1 0.320 13.00 3.84
hero_oak_b -68.18 3.14 50.66 1.29 1.31 0 0 1 0.480 10.11 6.89
hero_spruce_c -57.90 2.98 49.60 0.34 1.29 0 0 1 0.420 19.00 3.91
hero_pine_a -50.94 2.81 52.83 0.42 1.33 0 0 1 0.340 17.00 4.12
hero_spruce_b 51.54 0.83 53.32 5.03 1.32 0 0 1 0.320 13.00 3.84
hero_spruce_a 62.41 0.88 54.82 5.31 1.20 0 0 1 0.380 16.00 3.90
hero_oak_b 69.07 1.07 51.07 3.67 1.10 0 0 1 0.480 10.11 6.89
hero_spruce_c 85.53 1.27 55.73 3.35 1.35 0 0 1 0.420 19.00 3.91
hero_birch_b 89.61 1.32 49.88 1.68 1.01 0 0 1 0.220 14.31 7.20
hero_spruce_a 98.82 1.48 52.97 4.29 1.34 0 0 1 0.380 16.00 3.90
hero_spruce_a 109.30 1.56 51.18 2.90 1.31 0 0 1 0.380 16.00 3.90
hero_pine_a 125.75 2.04 56.32 3.56 0.99 0 0 1 0.340 17.00 4.12
hero_pine_a 143.57 2.04 54.27 1.70 1.00 0 0 1 0.340 17.00 4.12
hero_birch_b -143.94 3.16 62.60 3.73 1.24 0 0 1 0.220 14.31 7.20
hero_oak_b -134.03 3.40 58.61 4.27 1.12 0 0 1 0.480 10.11 6.89
hero_pine_a -127.95 3.35 60.81 4.56 1.28 0 0 1 0.340 17.00 4.12
hero_oak_a -116.49 3.43 59.86 1.64 1.08 0 0 1 0.550 13.74 8.57
hero_pine_a -110.25 3.42 59.66 5.87 1.20 0 0 1 0.340 17.00 4.12
hero_birch_a -105.86 3.35 61.54 2.58 1.19 0 0 1 0.200 13.23 4.86
hero_pine_b -95.56 3.24 64.13 0.64 1.10 0 0 1 0.300 14.00 4.13
hero_pine_b -86.01 3.18 63.59 0.61 1.22 0 0 1 0.300 14.00 4.13
hero_spruce_b -74.89 3.03 63.68 3.88 1.28 0 0 1 0.320 13.00 3.84
hero_spruce_b -71.63 2.95 64.95 1.63 1.01 0 0 1 0.320 13.00 3.84
hero_oak_c -62.51 2.91 60.55 5.97 1.08 0 0 1 0.620 16.21 10.57
hero_birch_a -48.47 2.53 61.19 0.24 1.11 0 0 1 0.200 13.23 4.86
hero_spruce_b 62.02 0.46 64.88 0.88 1.31 0 0 1 0.320 13.00 3.84
hero_spruce_a 65.07 0.64 63.35 5.36 1.07 0 0 1 0.380 16.00 3.90
hero_spruce_b 78.92 1.05 64.31 2.35 1.23 0 0 1 0.320 13.00 3.84
hero_pine_b 85.21 1.31 59.87 1.52 1.04 0 0 1 0.300 14.00 4.13
hero_oak_a 92.28 1.53 62.23 4.69 1.08 0 0 1 0.550 13.74 8.57
hero_spruce_c 103.28 1.92 63.27 0.66 0.98 0 0 1 0.420 19.00 3.91
hero_spruce_b 111.88 2.20 64.43 0.65 1.28 0 0 1 0.320 13.00 3.84
hero_oak_b 115.90 2.13 61.12 6.14 1.34 0 0 1 0.480 10.11 6.89
hero_oak_b 130.34 2.52 62.53 2.26 1.13 0 0 1 0.480 10.11 6.89
hero_pine_b 134.63 2.33 59.11 6.15 1.03 0 0 1 0.300 14.00 4.13
hero_oak_b -135.95 2.76 71.75 3.88 1.32 0 0 1 0.480 10.11 6.89
hero_pine_a -129.73 2.78 72.55 1.36 1.10 0 0 1 0.340 17.00 4.12
hero_pine_b -119.02 3.10 67.24 0.19 1.31 0 0 1 0.300 14.00 4.13
hero_oak_b -107.59 2.81 73.56 1.01 1.16 0 0 1 0.480 10.11 6.89
hero_pine_a -95.34 3.03 68.77 0.27 1.30 0 0 1 0.340 17.00 4.12
hero_birch_a -88.07 2.79 72.74 0.23 1.20 0 0 1 0.200 13.23 4.86
hero_oak_c -77.86 2.85 69.49 4.63 1.06 0 0 1 0.620 16.21 10.57
hero_spruce_b -70.84 2.55 73.00 3.57 0.97 0 0 1 0.320 13.00 3.84
hero_pine_a -63.20 2.54 69.42 0.49 1.23 0 0 1 0.340 17.00 4.12
hero_spruce_c 49.35 -0.30 71.07 4.40 0.97 0 0 1 0.420 19.00 3.91
hero_pine_b 55.95 -0.11 71.22 2.49 1.15 0 0 1 0.300 14.00 4.13
hero_pine_b 64.78 0.17 72.52 1.60 1.16 0 0 1 0.300 14.00 4.13
hero_oak_a 79.46 0.95 71.77 4.46 1.06 0 0 1 0.550 13.74 8.57
hero_oak_c 81.10 1.07 70.29 0.46 0.96 0 0 1 0.620 16.21 10.57
hero_spruce_b 92.95 1.61 67.83 1.83 1.29 0 0 1 0.320 13.00 3.84
hero_spruce_a 104.13 2.19 71.48 2.37 1.33 0 0 1 0.380 16.00 3.90
hero_spruce_c 112.96 2.49 68.91 2.00 1.00 0 0 1 0.420 19.00 3.91
hero_pine_b 115.09 2.42 66.80 2.25 1.31 0 0 1 0.300 14.00 4.13
hero_spruce_b 125.02 2.98 70.17 5.06 1.03 0 0 1 0.320 13.00 3.84
hero_pine_b 138.50 3.16 68.28 2.63 0.95 0 0 1 0.300 14.00 4.13
hero_pine_b 144.95 3.68 72.31 0.36 1.05 0 0 1 0.300 14.00 4.13
hero_birch_b -135.12 2.21 80.83 3.46 1.05 0 0 1 0.220 14.31 7.20
hero_pine_b -131.23 2.47 77.08 0.86 1.18 0 0 1 0.300 14.00 4.13
hero_oak_c -119.32 2.54 77.35 0.59 1.01 0 0 1 0.620 16.21 10.57
hero_oak_a -111.38 2.42 79.79 4.65 0.97 0 0 1 0.550 13.74 8.57
hero_spruce_b -104.83 2.41 80.11 2.54 1.04 0 0 1 0.320 13.00 3.84
hero_spruce_c -90.66 2.59 76.79 4.38 1.05 0 0 1 0.420 19.00 3.91
hero_spruce_c -85.31 2.27 80.74 4.80 1.20 0 0 1 0.420 19.00 3.91
hero_spruce_c -73.76 2.18 79.63 0.96 1.03 0 0 1 0.420 19.00 3.91
hero_pine_a -64.99 1.82 81.42 0.24 0.96 0 0 1 0.340 17.00 4.12
hero_spruce_b -57.04 1.54 81.46 1.91 1.04 0 0 1 0.320 13.00 3.84
hero_oak_b -48.52 1.43 78.29 2.18 1.19 0 0 1 0.480 10.11 6.89
hero_oak_a -42.39 1.24 77.47 3.76 1.09 0 0 1 0.550 13.74 8.57
hero_birch_a 56.73 -0.93 81.51 5.67 1.34 0 0 1 0.200 13.23 4.86
hero_spruce_b 70.88 0.18 78.51 3.18 1.04 0 0 1 0.320 13.00 3.84
hero_spruce_b 75.29 0.56 76.06 2.06 1.22 0 0 1 0.320 13.00 3.84
hero_birch_b 82.81 1.01 76.60 6.18 1.24 0 0 1 0.220 14.31 7.20
hero_oak_b 92.72 1.65 80.83 3.30 1.20 0 0 1 0.480 10.11 6.89
hero_pine_b 98.18 2.04 81.43 1.53 1.30 0 0 1 0.300 14.00 4.13
hero_oak_b 107.35 2.63 78.33 5.30 1.01 0 0 1 0.480 10.11 6.89
hero_birch_b 119.19 3.20 77.24 1.26 1.28 0 0 1 0.220 14.31 7.20
hero_pine_a 124.04 3.59 79.40 1.85 1.24 0 0 1 0.340 17.00 4.12
hero_spruce_a 132.80 3.71 76.26 1.42 1.17 0 0 1 0.380 16.00 3.90
hero_pine_a -142.88 1.72 87.62 1.75 1.17 0 0 1 0.340 17.00 4.12
hero_pine_a -137.40 1.94 84.27 0.24 1.32 0 0 1 0.340 17.00 4.12
hero_spruce_a -131.03 1.66 88.59 3.07 1.33 0 0 1 0.380 16.00 3.90
hero_oak_a -119.82 1.72 88.57 5.93 1.16 0 0 1 0.550 13.74 8.57
hero_pine_a -111.27 1.97 85.64 4.15 1.23 0 0 1 0.340 17.00 4.12
hero_spruce_c -104.96 2.07 84.62 3.32 1.14 0 0 1 0.420 19.00 3.91
hero_spruce_a -94.35 1.61 90.54 0.84 1.22 0 0 1 0.380 16.00 3.90
hero_spruce_b -86.03 1.58 89.98 2.06 1.32 0 0 1 0.320 13.00 3.84
hero_birch_b -73.90 1.56 87.36 5.42 1.33 0 0 1 0.220 14.31 7.20
hero_spruce_c -69.06 1.75 83.70 2.13 1.10 0 0 1 0.420 19.00 3.91
hero_oak_c -58.55 1.25 85.56 3.40 1.06 0 0 1 0.620 16.21 10.57
hero_pine_b -53.61 0.72 88.96 2.10 1.06 0 0 1 0.300 14.00 4.13
hero_spruce_a 59.32 -1.10 85.38 2.43 1.04 0 0 1 0.380 16.00 3.90
hero_spruce_a 67.14 -0.84 89.05 3.43 1.18 0 0 1 0.380 16.00 3.90
hero_pine_b 75.29 -0.04 87.75 0.70 1.28 0 0 1 0.300 14.00 4.13
hero_oak_c 84.33 0.73 89.38 2.54 1.05 0 0 1 0.620 16.21 10.57
hero_pine_a 107.68 2.88 86.76 2.79 1.16 0 0 1 0.340 17.00 4.12
hero_oak_b 122.04 4.05 87.90 0.98 0.99 0 0 1 0.480 10.11 6.89
hero_pine_a 135.97 5.10 90.08 3.15 1.25 0 0 1 0.340 17.00 4.12
hero_pine_b 141.72 4.76 83.68 3.50 1.32 0 0 1 0.300 14.00 4.13
hero_birch_a -135.48 1.09 97.34 5.32 1.00 0 0 1 0.200 13.23 4.86
hero_oak_a -126.35 1.19 95.55 4.87 1.25 0 0 1 0.550 13.74 8.57
hero_spruce_a -117.86 1.22 95.77 6.26 1.00 0 0 1 0.380 16.00 3.90
hero_oak_a -108.03 1.33 94.26 3.33 1.32 0 0 1 0.550 13.74 8.57
hero_oak_b -92.55 1.31 94.42 5.74 1.18 0 0 1 0.480 10.11 6.89
hero_birch_a -84.97 1.41 91.96 3.40 1.33 0 0 1 0.200 13.23 4.86
hero_oak_a -77.23 0.79 97.96 0.15 1.26 0 0 1 0.550 13.74 8.57
hero_spruce_c -65.17 0.52 96.56 2.53 1.22 0 0 1 0.420 19.00 3.91
hero_pine_b -63.28 0.35 97.78 1.65 1.05 0 0 1 0.300 14.00 4.13
hero_pine_a -48.36 0.11 92.15 1.63 1.33 0 0 1 0.340 17.00 4.12
hero_spruce_c -40.08 -0.67 94.91 2.95 1.15 0 0 1 0.420 19.00 3.91
hero_birch_b 60.84 -1.82 93.88 3.56 1.03 0 0 1 0.220 14.31 7.20
hero_birch_a 68.58 -1.12 93.95 0.21 1.04 0 0 1 0.200 13.23 4.86
hero_birch_a 74.88 -0.38 92.33 0.70 1.13 0 0 1 0.200 13.23 4.86
hero_spruce_c 81.09 -0.07 97.34 0.90 1.21 0 0 1 0.420 19.00 3.91
hero_oak_a 91.86 1.26 95.22 1.79 1.33 0 0 1 0.550 13.74 8.57
hero_oak_b 101.74 2.31 98.58 3.52 1.16 0 0 1 0.480 10.11 6.89
hero_spruce_b 113.17 3.57 96.52 2.10 1.27 0 0 1 0.320 13.00 3.84
hero_spruce_b 115.71 3.72 92.67 2.00 1.31 0 0 1 0.320 13.00 3.84
hero_spruce_c 127.28 5.02 98.65 3.59 1.32 0 0 1 0.420 19.00 3.91
hero_spruce_a 133.83 5.21 92.87 0.09 1.07 0 0 1 0.380 16.00 3.90
hero_pine_a 140.44 5.72 93.66 2.06 1.08 0 0 1 0.340 17.00 4.12
hero_pine_a -133.03 0.74 102.89 4.12 1.12 0 0 1 0.340 17.00 4.12
hero_birch_b -127.80 0.45 107.52 2.86 1.18 0 0 1 0.220 14.31 7.20
hero_spruce_c -117.24 0.43 107.30 5.56 1.34 0 0 1 0.420 19.00 3.91
hero_pine_b -112.57 0.67 104.09 2.48 0.97 0 0 1 0.300 14.00 4.13
hero_spruce_a -100.16 0.64 104.13 3.80 1.16 0 0 1 0.380 16.00 3.90
hero_birch_b -84.58 0.73 100.73 2.69 1.17 0 0 1 0.220 14.31 7.20
hero_spruce_b -78.04 0.36 103.53 3.33 1.23 0 0 1 0.320 13.00 3.84
hero_spruce_b -66.71 0.13 101.74 1.36 1.20 0 0 1 0.320 13.00 3.84
hero_birch_b -56.46 -0.51 103.25 1.53 1.17 0 0 1 0.220 14.31 7.20
hero_birch_a -51.87 -0.74 102.81 1.05 1.18 0 0 1 0.200 13.23 4.86
hero_spruce_c -40.31 -1.57 103.04 2.99 1.34 0 0 1 0.420 19.00 3.91
hero_spruce_a 53.01 -3.58 103.12 6.03 1.03 0 0 1 0.380 16.00 3.90
hero_spruce_b 58.96 -3.03 103.01 5.03 1.07 0 0 1 0.320 13.00 3.84
hero_birch_a 66.01 -2.72 106.69 0.01 1.15 0 0 1 0.200 13.23 4.86
hero_pine_a 76.15 -1.02 102.01 2.93 1.08 0 0 1 0.340 17.00 4.12
hero_birch_b 84.64 -0.32 106.52 1.09 1.18 0 0 1 0.220 14.31 7.20
hero_oak_c 92.75 0.97 104.03 2.04 1.15 0 0 1 0.620 16.21 10.57
hero_spruce_a 101.30 2.21 100.97 3.45 1.10 0 0 1 0.380 16.00 3.90
hero_birch_a 110.94 3.33 104.95 2.20 1.15 0 0 1 0.200 13.23 4.86
hero_pine_a 118.75 4.27 102.57 6.05 1.23 0 0 1 0.340 17.00 4.12
hero_spruce_b 127.03 5.20 103.43 0.81 1.26 0 0 1 0.320 13.00 3.84
hero_birch_b 135.06 5.99 103.02 4.20 1.16 0 0 1 0.220 14.31 7.20
hero_pine_a 141.76 6.54 102.10 1.13 1.04 0 0 1 0.340 17.00 4.12
hero_spruce_a -139.10 0.33 111.78 4.81 1.33 0 0 1 0.380 16.00 3.90
hero_pine_a -130.17 0.11 115.20 4.05 1.28 0 0 1 0.340 17.00 4.12
hero_spruce_c -120.55 0.05 115.26 6.16 1.27 0 0 1 0.420 19.00 3.91
hero_spruce_c -113.47 0.04 115.48 1.01 1.08 0 0 1 0.420 19.00 3.91
hero_pine_a -103.19 0.04 114.25 2.37 1.30 0 0 1 0.340 17.00 4.12
hero_birch_b -94.86 -0.08 115.25 6.25 1.28 0 0 1 0.220 14.31 7.20
hero_pine_b -85.20 0.07 109.89 5.67 1.33 0 0 1 0.300 14.00 4.13
hero_spruce_a -75.29 -0.28 111.21 1.69 1.17 0 0 1 0.380 16.00 3.90
hero_spruce_a -65.60 -0.76 112.26 4.11 1.06 0 0 1 0.380 16.00 3.90
hero_spruce_a -57.27 -1.19 111.67 0.29 1.01 0 0 1 0.380 16.00 3.90
hero_spruce_a -51.79 -1.33 109.08 2.65 1.14 0 0 1 0.380 16.00 3.90
hero_oak_a -45.11 -2.22 113.29 2.82 1.21 0 0 1 0.550 13.74 8.57
hero_birch_a 60.15 -4.17 112.90 0.31 1.34 0 0 1 0.200 13.23 4.86
hero_pine_b 66.13 -3.81 116.03 1.26 0.96 0 0 1 0.300 14.00 4.13
hero_pine_a 77.22 -1.93 112.64 4.87 1.14 0 0 1 0.340 17.00 4.12
hero_pine_a 82.07 -1.17 112.15 0.10 1.04 0 0 1 0.340 17.00 4.12
hero_pine_a 91.32 0.33 110.44 0.38 1.13 0 0 1 0.340 17.00 4.12
hero_birch_b 106.69 2.34 114.96 0.27 1.31 0 0 1 0.220 14.31 7.20
hero_spruce_b 123.52 4.89 110.63 5.86 1.26 0 0 1 0.320 13.00 3.84
hero_oak_b 138.09 6.79 115.69 1.62 1.25 0 0 1 0.480 10.11 6.89
hero_pine_b -142.26 0.15 119.55 0.14 1.28 0 0 1 0.300 14.00 4.13
hero_spruce_c -136.73 -0.01 122.49 3.13 1.21 0 0 1 0.420 19.00 3.91
hero_spruce_a -130.26 0.06 117.55 4.46 1.00 0 0 1 0.380 16.00 3.90
hero_spruce_a -118.81 -0.06 118.40 5.59 1.16 0 0 1 0.380 16.00 3.90
hero_oak_c -102.44 -0.25 120.83 3.47 1.32 0 0 1 0.620 16.21 10.57
hero_pine_a -94.54 -0.37 122.24 4.12 1.08 0 0 1 0.340 17.00 4.12
hero_oak_b -83.83 -0.44 118.08 2.50 1.35 0 0 1 0.480 10.11 6.89
hero_pine_b -75.53 -0.95 122.80 4.86 1.23 0 0 1 0.300 14.00 4.13
hero_spruce_a -71.54 -1.12 122.42 0.89 1.31 0 0 1 0.380 16.00 3.90
hero_spruce_c -60.84 -1.62 120.85 1.71 1.02 0 0 1 0.420 19.00 3.91
hero_pine_b -54.74 -1.82 117.59 3.03 1.06 0 0 1 0.300 14.00 4.13
hero_spruce_a -41.46 -3.22 122.02 0.22 0.97 0 0 1 0.380 16.00 3.90
hero_pine_b 59.00 -5.21 120.03 4.36 1.31 0 0 1 0.300 14.00 4.13
hero_spruce_a 66.45 -4.06 118.28 0.50 1.14 0 0 1 0.380 16.00 3.90
hero_spruce_a 77.23 -3.11 122.91 5.21 1.18 0 0 1 0.380 16.00 3.90
hero_oak_a 87.08 -1.23 120.15 5.52 1.15 0 0 1 0.550 13.74 8.57
hero_spruce_a 91.80 -0.34 119.04 3.87 1.01 0 0 1 0.380 16.00 3.90
hero_spruce_b 102.37 1.18 121.36 5.59 1.17 0 0 1 0.320 13.00 3.84
hero_spruce_c 111.22 2.42 124.39 4.04 1.22 0 0 1 0.420 19.00 3.91
hero_spruce_c 121.38 4.20 123.58 4.37 0.99 0 0 1 0.420 19.00 3.91
hero_spruce_b 128.74 5.42 122.43 5.08 1.00 0 0 1 0.320 13.00 3.84
hero_pine_b 137.21 6.66 122.64 4.93 1.15 0 0 1 0.300 14.00 4.13
hero_birch_a 141.89 7.31 120.40 1.89 1.27 0 0 1 0.200 13.23 4.86
hero_spruce_c -144.87 0.11 129.31 5.79 0.96 0 0 1 0.420 19.00 3.91
hero_oak_a -138.33 -0.05 130.46 2.77 0.97 0 0 1 0.550 13.74 8.57
hero_oak_b -126.38 -0.27 132.49 4.49 1.16 0 0 1 0.480 10.11 6.89
hero_oak_a -118.42 -0.36 131.79 0.69 1.30 0 0 1 0.550 13.74 8.57
hero_oak_c -112.30 -0.30 126.34 1.82 0.97 0 0 1 0.620 16.21 10.57
hero_pine_b -104.91 -0.46 132.33 2.43 0.95 0 0 1 0.300 14.00 4.13
hero_spruce_a -95.47 -0.62 131.63 0.89 1.26 0 0 1 0.380 16.00 3.90
hero_pine_a -85.19 -0.85 130.18 2.93 1.19 0 0 1 0.340 17.00 4.12
hero_spruce_b -79.54 -1.10 131.74 3.27 1.28 0 0 1 0.320 13.00 3.84
hero_oak_b -62.44 -1.93 128.16 0.30 1.33 0 0 1 0.480 10.11 6.89
hero_pine_a -53.51 -2.66 129.54 5.60 1.19 0 0 1 0.340 17.00 4.12
hero_oak_b -40.47 -3.77 128.26 4.13 1.23 0 0 1 0.480 10.11 6.89
hero_spruce_b 60.12 -6.10 128.00 1.79 1.24 0 0 1 0.320 13.00 3.84
hero_spruce_a 69.53 -4.87 128.11 0.48 1.00 0 0 1 0.380 16.00 3.90
hero_pine_a 76.99 -4.10 130.47 4.33 1.28 0 0 1 0.340 17.00 4.12
hero_spruce_b 82.68 -3.47 132.71 3.09 1.22 0 0 1 0.320 13.00 3.84
hero_spruce_c 92.44 -1.56 130.79 2.51 1.31 0 0 1 0.420 19.00 3.91
hero_birch_a 98.91 0.07 126.49 5.92 1.34 0 0 1 0.200 13.23 4.86
hero_oak_a 109.34 1.87 127.11 5.95 1.06 0 0 1 0.550 13.74 8.57
hero_spruce_c 119.24 3.40 129.48 2.92 1.18 0 0 1 0.420 19.00 3.91
hero_spruce_a 125.40 4.42 130.48 1.68 0.96 0 0 1 0.380 16.00 3.90
hero_pine_b 133.87 6.07 126.05 2.32 1.00 0 0 1 0.300 14.00 4.13
hero_oak_b -142.26 0.05 137.69 2.66 1.02 0 0 1 0.480 10.11 6.89
hero_pine_a -139.90 0.01 141.21 3.28 1.23 0 0 1 0.340 17.00 4.12
hero_pine_a -126.09 -0.26 137.89 6.25 1.20 0 0 1 0.340 17.00 4.12
hero_spruce_b -116.94 -0.33 139.96 0.95 0.95 0 0 1 0.320 13.00 3.84
hero_pine_b -107.82 -0.44 138.86 2.23 0.98 0 0 1 0.300 14.00 4.13
hero_oak_b -102.62 -0.53 136.81 6.07 1.07 0 0 1 0.480 10.11 6.89
hero_birch_b -94.87 -0.68 138.76 2.00 1.11 0 0 1 0.220 14.31 7.20
hero_spruce_c -84.65 -0.96 134.96 1.56 1.20 0 0 1 0.420 19.00 3.91
hero_spruce_a -75.77 -1.37 137.83 4.93 0.97 0 0 1 0.380 16.00 3.90
hero_spruce_a -71.39 -1.61 137.37 2.72 0.98 0 0 1 0.380 16.00 3.90
hero_spruce_a -52.52 -3.10 138.45 0.02 1.26 0 0 1 0.380 16.00 3.90
hero_oak_c -45.19 -3.72 135.97 0.52 1.24 0 0 1 0.620 16.21 10.57
hero_spruce_c 56.81 -8.07 140.75 0.41 0.97 0 0 1 0.420 19.00 3.91
hero_birch_b 70.39 -6.40 140.50 2.72 1.27 0 0 1 0.220 14.31 7.20
hero_spruce_c 83.99 -4.12 139.39 5.49 1.02 0 0 1 0.420 19.00 3.91
hero_spruce_c 93.36 -2.20 137.32 3.33 0.97 0 0 1 0.420 19.00 3.91
hero_spruce_a 102.40 -0.85 139.51 0.43 1.31 0 0 1 0.380 16.00 3.90
hero_pine_b 113.24 1.11 140.66 1.16 1.04 0 0 1 0.300 14.00 4.13
hero_spruce_b 118.09 2.35 138.04 0.71 1.10 0 0 1 0.320 13.00 3.84
hero_oak_c 129.68 4.43 139.18 6.27 1.19 0 0 1 0.620 16.21 10.57
hero_spruce_b 134.97 5.33 140.09 3.33 1.31 0 0 1 0.320 13.00 3.84
hero_pine_a 140.89 6.82 134.50 2.85 0.95 0 0 1 0.340 17.00 4.12
hero_oak_c -143.29 0.27 149.81 4.18 1.01 0 0 1 0.620 16.21 10.57
hero_spruce_a -137.71 0.02 145.14 1.61 1.19 0 0 1 0.380 16.00 3.90
hero_oak_a -125.54 -0.09 148.74 1.38 0.97 0 0 1 0.550 13.74 8.57
hero_spruce_a -119.61 -0.22 146.21 2.38 1.01 0 0 1 0.380 16.00 3.90
hero_spruce_c -112.99 -0.26 148.61 4.98 1.04 0 0 1 0.420 19.00 3.91
hero_oak_c -105.47 -0.44 145.13 0.21 1.14 0 0 1 0.620 16.21 10.57
hero_oak_b -97.15 -0.62 143.90 0.95 1.18 0 0 1 0.480 10.11 6.89
hero_spruce_c -88.31 -0.86 146.34 3.85 1.15 0 0 1 0.420 19.00 3.91
hero_spruce_a -76.70 -1.39 144.94 5.26 1.12 0 0 1 0.380 16.00 3.90
hero_pine_a -70.49 -1.79 148.71 3.50 1.29 0 0 1 0.340 17.00 4.12
hero_pine_b -62.77 -2.34 145.90 3.40 1.11 0 0 1 0.300 14.00 4.13
hero_oak_c -52.69 -3.29 148.81 1.76 1.17 0 0 1 0.620 16.21 10.57
hero_pine_a -46.17 -3.84 143.36 0.98 0.98 0 0 1 0.340 17.00 4.12
hero_spruce_b 60.81 -8.72 149.35 4.90 1.26 0 0 1 0.320 13.00 3.84
hero_spruce_a 77.68 -5.77 143.76 5.23 1.28 0 0 1 0.380 16.00 3.90
hero_spruce_b 88.01 -4.03 143.40 0.36 1.34 0 0 1 0.320 13.00 3.84
hero_spruce_c 94.29 -2.96 144.01 2.78 1.10 0 0 1 0.420 19.00 3.91
hero_spruce_b 98.27 -2.61 146.63 2.27 1.17 0 0 1 0.320 13.00 3.84
hero_birch_a 110.06 0.03 144.14 6.03 1.07 0 0 1 0.200 13.23 4.86
hero_spruce_b 118.43 0.91 149.73 4.64 0.98 0 0 1 0.320 13.00 3.84
hero_pine_b 124.52 2.89 143.99 0.94 1.30 0 0 1 0.300 14.00 4.13
hero_spruce_b 135.59 4.93 145.42 6.12 1.11 0 0 1 0.320 13.00 3.84
hero_pine_b 142.63 6.24 145.82 3.19 1.29 0 0 1 0.300 14.00 4.13
hero_pine_b -137.64 0.34 158.07 3.68 1.28 0 0 1 0.300 14.00 4.13
hero_spruce_c -125.31 0.01 152.83 5.24 1.07 0 0 1 0.420 19.00 3.91
hero_spruce_a -121.35 -0.01 153.78 1.29 1.02 0 0 1 0.380 16.00 3.90
hero_spruce_c -108.76 -0.14 155.70 4.59 1.07 0 0 1 0.420 19.00 3.91
hero_spruce_b -101.41 -0.24 157.73 4.46 1.15 0 0 1 0.320 13.00 3.84
hero_pine_b -91.62 -0.54 157.07 5.53 0.99 0 0 1 0.300 14.00 4.13
hero_birch_a -87.72 -0.81 153.00 2.66 1.33 0 0 1 0.200 13.23 4.86
hero_birch_b -77.57 -1.30 152.45 2.08 1.13 0 0 1 0.220 14.31 7.20
hero_oak_c -68.44 -1.90 153.61 5.72 1.12 0 0 1 0.620 16.21 10.57
hero_spruce_b -59.54 -2.65 153.11 5.93 1.08 0 0 1 0.320 13.00 3.84
hero_spruce_c -50.41 -3.58 154.42 1.37 1.30 0 0 1 0.420 19.00 3.91
hero_birch_a 61.88 -9.49 157.04 5.46 1.07 0 0 1 0.200 13.23 4.86
hero_oak_b 63.97 -8.92 153.83 3.25 1.26 0 0 1 0.480 10.11 6.89
hero_spruce_b 72.95 -8.41 158.30 1.44 1.29 0 0 1 0.320 13.00 3.84
hero_spruce_a 84.40 -6.33 155.36 3.22 1.11 0 0 1 0.380 16.00 3.90
hero_spruce_c 91.62 -4.75 152.83 5.14 1.19 0 0 1 0.420 19.00 3.91
hero_spruce_c 102.29 -3.43 156.82 1.42 1.29 0 0 1 0.420 19.00 3.91
hero_spruce_a 107.72 -2.02 154.55 1.12 1.29 0 0 1 0.380 16.00 3.90
hero_birch_b 115.68 -0.51 155.28 3.07 1.10 0 0 1 0.220 14.31 7.20
hero_spruce_c 127.45 2.26 153.25 5.74 1.01 0 0 1 0.420 19.00 3.91
hero_spruce_a 134.87 3.05 158.47 2.75 1.06 0 0 1 0.380 16.00 3.90
hero_spruce_c -141.74 0.59 163.70 0.93 1.35 0 0 1 0.420 19.00 3.91
hero_spruce_c -139.56 0.59 164.26 2.83 1.21 0 0 1 0.420 19.00 3.91
hero_spruce_c -124.48 0.47 167.06 4.67 1.20 0 0 1 0.420 19.00 3.91
hero_oak_b -115.97 0.15 161.66 0.68 1.25 0 0 1 0.480 10.11 6.89
hero_oak_b -114.24 0.21 164.08 5.67 1.28 0 0 1 0.480 10.11 6.89
hero_spruce_b -101.40 -0.10 162.53 4.01 1.31 0 0 1 0.320 13.00 3.84
hero_spruce_c -92.13 -0.42 160.59 2.62 0.97 0 0 1 0.420 19.00 3.91
hero_oak_c -85.77 -0.58 166.00 6.17 1.28 0 0 1 0.620 16.21 10.57
hero_spruce_a -79.71 -0.95 164.74 1.13 1.26 0 0 1 0.380 16.00 3.90
hero_pine_b -71.65 -1.54 161.55 1.65 0.96 0 0 1 0.300 14.00 4.13
hero_birch_b -59.16 -2.57 166.67 3.02 1.15 0 0 1 0.220 14.31 7.20
hero_birch_a -53.09 -3.26 164.00 1.98 1.30 0 0 1 0.200 13.23 4.86
hero_spruce_a -42.87 -4.43 159.97 0.60 1.11 0 0 1 0.380 16.00 3.90
hero_oak_b -34.29 -5.50 164.71 1.05 1.20 0 0 1 0.480 10.11 6.89
hero_pine_b 60.48 -10.16 161.98 0.09 1.09 0 0 1 0.300 14.00 4.13
hero_pine_a 65.69 -9.67 162.02 0.60 1.08 0 0 1 0.340 17.00 4.12
hero_birch_b 75.21 -9.19 166.78 4.98 1.24 0 0 1 0.220 14.31 7.20
hero_oak_a 87.57 -7.26 164.99 2.17 1.32 0 0 1 0.550 13.74 8.57
hero_birch_a 93.12 -6.51 165.93 0.74 1.30 0 0 1 0.200 13.23 4.86
hero_spruce_c 99.67 -4.81 162.52 1.99 1.06 0 0 1 0.420 19.00 3.91
hero_oak_b 110.20 -2.89 163.01 5.82 1.04 0 0 1 0.480 10.11 6.89
hero_spruce_a 119.52 -1.54 166.02 2.96 1.31 0 0 1 0.380 16.00 3.90
hero_spruce_a 127.29 0.01 166.68 0.34 1.28 0 0 1 0.380 16.00 3.90
hero_oak_a 134.81 2.30 163.02 2.24 1.11 0 0 1 0.550 13.74 8.57
hero_pine_b -143.26 0.96 172.63 0.16 1.07 0 0 1 0.300 14.00 4.13
hero_spruce_b -135.33 0.78 170.94 1.55 1.05 0 0 1 0.320 13.00 3.84
hero_spruce_c -128.75 0.87 175.42 1.78 1.24 0 0 1 0.420 19.00 3.91
hero_birch_b -121.16 0.63 171.56 3.73 1.10 0 0 1 0.220 14.31 7.20
hero_oak_b -113.55 0.54 172.42 0.18 1.26 0 0 1 0.480 10.11 6.89
hero_pine_b -100.03 0.23 171.89 2.13 1.06 0 0 1 0.300 14.00 4.13
hero_pine_a -93.21 -0.10 170.19 1.71 1.25 0 0 1 0.340 17.00 4.12
hero_pine_b -84.38 -0.43 172.02 2.17 1.01 0 0 1 0.300 14.00 4.13
hero_spruce_c -77.79 -0.96 169.13 3.77 1.32 0 0 1 0.420 19.00 3.91
hero_oak_a -70.08 -1.46 172.08 2.70 1.27 0 0 1 0.550 13.74 8.57
hero_oak_a -56.77 -2.71 172.97 0.06 1.22 0 0 1 0.550 13.74 8.57
hero_birch_b -53.46 -3.12 170.03 5.63 1.17 0 0 1 0.220 14.31 7.20
hero_pine_b -42.46 -4.39 173.00 0.07 1.11 0 0 1 0.300 14.00 4.13
hero_spruce_a -36.04 -5.25 170.76 3.81 1.27 0 0 1 0.380 16.00 3.90
hero_pine_b 63.97 -10.85 171.65 3.30 1.20 0 0 1 0.300 14.00 4.13
hero_birch_b 77.18 -9.22 169.05 3.77 1.05 0 0 1 0.220 14.31 7.20
hero_spruce_a 86.80 -8.76 175.07 2.52 0.97 0 0 1 0.380 16.00 3.90
hero_pine_b 94.10 -6.97 170.13 5.01 1.09 0 0 1 0.300 14.00 4.13
hero_spruce_b 109.69 -4.42 171.38 5.84 1.02 0 0 1 0.320 13.00 3.84
hero_pine_a 116.12 -3.85 175.12 0.17 1.21 0 0 1 0.340 17.00 4.12
hero_spruce_b 130.31 -0.85 175.13 6.15 1.02 0 0 1 0.320 13.00 3.84
hero_oak_c 138.34 1.37 172.82 5.25 1.17 0 0 1 0.620 16.21 10.57
hero_oak_c 141.56 1.81 174.43 4.66 1.18 0 0 1 0.620 16.21 10.57
hero_pine_a -137.09 1.11 178.39 2.60 1.04 0 0 1 0.340 17.00 4.12
hero_pine_a -124.87 0.96 178.48 3.37 1.21 0 0 1 0.340 17.00 4.12
hero_pine_b -117.51 1.12 183.99 0.59 1.26 0 0 1 0.300 14.00 4.13
hero_spruce_b -113.72 0.90 180.21 5.72 1.10 0 0 1 0.320 13.00 3.84
hero_birch_b -105.67 0.85 183.29 4.19 1.28 0 0 1 0.220 14.31 7.20
hero_spruce_b -95.20 0.38 179.83 1.12 1.03 0 0 1 0.320 13.00 3.84
hero_spruce_c -83.20 -0.24 180.06 3.44 1.13 0 0 1 0.420 19.00 3.91
hero_spruce_c -78.06 -0.67 177.14 0.68 1.00 0 0 1 0.420 19.00 3.91
hero_spruce_b -67.41 -1.53 177.83 3.08 1.12 0 0 1 0.320 13.00 3.84
hero_pine_a -51.09 -3.23 179.08 5.63 1.10 0 0 1 0.340 17.00 4.12
hero_oak_c -45.27 -3.90 181.83 3.41 1.15 0 0 1 0.620 16.21 10.57
hero_spruce_b -34.95 -5.30 177.82 3.41 1.08 0 0 1 0.320 13.00 3.84
hero_oak_c 59.71 -11.84 180.08 0.33 1.19 0 0 1 0.620 16.21 10.57
hero_pine_a 69.31 -11.16 179.40 6.26 1.16 0 0 1 0.340 17.00 4.12
hero_birch_b 77.51 -10.31 178.44 3.01 1.22 0 0 1 0.220 14.31 7.20
hero_spruce_c 87.94 -9.44 180.96 5.06 1.30 0 0 1 0.420 19.00 3.91
hero_oak_b 92.49 -8.91 181.65 5.66 1.16 0 0 1 0.480 10.11 6.89
hero_spruce_a 103.31 -6.85 178.96 0.55 1.01 0 0 1 0.380 16.00 3.90
hero_oak_a 113.41 -5.46 181.19 3.54 1.21 0 0 1 0.550 13.74 8.57
hero_pine_b 127.45 -2.81 182.02 5.48 1.28 0 0 1 0.300 14.00 4.13
hero_oak_a 132.47 -0.83 177.49 4.05 1.13 0 0 1 0.550 13.74 8.57
hero_pine_b 142.52 1.22 178.82 2.56 1.08 0 0 1 0.300 14.00 4.13
hero_spruce_a -139.07 1.51 188.08 5.88 1.24 0 0 1 0.380 16.00 3.90
hero_oak_a -127.94 1.37 186.45 2.62 0.99 0 0 1 0.550 13.74 8.57
hero_birch_b -116.83 1.42 190.58 1.18 1.17 0 0 1 0.220 14.31 7.20
hero_oak_c -112.64 1.23 187.72 1.63 1.02 0 0 1 0.620 16.21 10.57
hero_spruce_c -101.26 0.84 185.95 1.10 1.18 0 0 1 0.420 19.00 3.91
hero_spruce_c -96.30 0.69 186.87 5.02 1.18 0 0 1 0.420 19.00 3.91
hero_spruce_a -88.75 0.32 186.25 2.92 1.03 0 0 1 0.380 16.00 3.90
hero_spruce_c -79.72 -0.08 192.10 6.01 1.18 0 0 1 0.420 19.00 3.91
hero_spruce_b -70.72 -0.89 190.04 0.14 1.07 0 0 1 0.320 13.00 3.84
hero_pine_b -52.40 -2.85 191.26 1.83 1.28 0 0 1 0.300 14.00 4.13
hero_spruce_a -41.86 -4.28 186.59 5.04 1.26 0 0 1 0.380 16.00 3.90
hero_spruce_c -31.85 -5.63 186.47 4.51 1.33 0 0 1 0.420 19.00 3.91
hero_spruce_a 64.01 -12.05 186.35 0.73 0.97 0 0 1 0.380 16.00 3.90
hero_spruce_a 73.11 -11.99 191.94 5.79 1.21 0 0 1 0.380 16.00 3.90
hero_pine_b 92.32 -9.81 188.02 1.28 1.30 0 0 1 0.300 14.00 4.13
hero_spruce_c 100.93 -8.30 185.87 4.51 0.98 0 0 1 0.420 19.00 3.91
hero_spruce_b 106.69 -8.14 190.39 1.50 1.21 0 0 1 0.320 13.00 3.84
hero_birch_a 116.60 -6.21 188.79 6.24 1.25 0 0 1 0.200 13.23 4.86
hero_oak_a 127.63 -4.26 190.00 2.91 1.03 0 0 1 0.550 13.74 8.57
hero_spruce_a 132.17 -3.32 190.12 4.19 0.96 0 0 1 0.380 16.00 3.90
hero_pine_b 143.01 -0.47 188.02 0.53 1.05 0 0 1 0.300 14.00 4.13
hero_spruce_c -139.30 1.81 195.05 3.59 1.11 0 0 1 0.420 19.00 3.91
hero_birch_b -124.58 1.78 196.27 2.88 1.11 0 0 1 0.220 14.31 7.20
hero_oak_c -117.70 1.59 194.05 5.49 1.22 0 0 1 0.620 16.21 10.57
hero_pine_a -111.78 1.61 196.18 3.06 0.95 0 0 1 0.340 17.00 4.12
hero_pine_b -105.60 1.40 195.40 3.18 1.08 0 0 1 0.300 14.00 4.13
hero_birch_a -91.58 0.90 198.07 0.38 1.18 0 0 1 0.200 13.23 4.86
hero_pine_b -83.78 0.35 196.73 4.75 1.28 0 0 1 0.300 14.00 4.13
hero_spruce_a -73.45 -0.50 195.38 1.26 1.11 0 0 1 0.380 16.00 3.90
hero_birch_b -58.48 -2.00 198.66 4.91 1.34 0 0 1 0.220 14.31 7.20
hero_birch_b -49.12 -3.20 194.21 4.53 1.21 0 0 1 0.220 14.31 7.20
hero_spruce_c -46.15 -3.54 195.15 3.30 0.95 0 0 1 0.420 19.00 3.91
hero_oak_a -32.15 -5.41 198.34 1.34 1.12 0 0 1 0.550 13.74 8.57
hero_pine_b 70.98 -12.55 197.97 6.08 1.31 0 0 1 0.300 14.00 4.13
hero_spruce_b 78.67 -12.29 199.94 1.22 1.22 0 0 1 0.320 13.00 3.84
hero_oak_a 83.32 -11.94 199.63 4.16 1.11 0 0 1 0.550 13.74 8.57
hero_birch_a 104.82 -9.79 199.84 4.56 1.12 0 0 1 0.200 13.23 4.86
hero_spruce_c 109.56 -8.94 198.45 2.31 1.27 0 0 1 0.420 19.00 3.91
hero_oak_a 118.32 -7.87 200.59 4.17 0.99 0 0 1 0.550 13.74 8.57
hero_birch_b 129.33 -4.69 194.14 3.19 1.01 0 0 1 0.220 14.31 7.20
hero_birch_b 135.40 -4.28 198.59 5.46 1.16 0 0 1 0.220 14.31 7.20
hero_spruce_c -141.50 2.17 203.04 1.50 1.03 0 0 1 0.420 19.00 3.91
hero_pine_a -126.34 2.30 206.92 1.29 1.01 0 0 1 0.340 17.00 4.12
hero_pine_a -118.43 2.09 204.90 2.90 1.30 0 0 1 0.340 17.00 4.12
hero_spruce_c -112.84 2.03 205.97 5.31 1.34 0 0 1 0.420 19.00 3.91
hero_spruce_c -94.84 1.37 205.63 2.66 1.11 0 0 1 0.420 19.00 3.91
hero_spruce_a -86.01 0.90 208.78 2.06 1.31 0 0 1 0.380 16.00 3.90
hero_oak_c -75.18 -0.16 202.62 5.91 1.28 0 0 1 0.620 16.21 10.57
hero_pine_a -68.43 -0.68 207.47 4.74 1.04 0 0 1 0.340 17.00 4.12
hero_oak_b -59.54 -1.76 204.03 4.37 1.29 0 0 1 0.480 10.11 6.89
hero_oak_a -52.72 -2.60 202.53 3.10 1.10 0 0 1 0.550 13.74 8.57
hero_oak_c -32.92 -5.22 205.76 5.97 1.00 0 0 1 0.620 16.21 10.57
hero_spruce_b 70.71 -12.96 205.15 4.59 1.01 0 0 1 0.320 13.00 3.84
hero_pine_a 79.41 -12.84 208.16 1.38 1.16 0 0 1 0.340 17.00 4.12
hero_pine_a 81.94 -12.44 204.65 0.43 1.04 0 0 1 0.340 17.00 4.12
hero_pine_b 95.30 -11.44 204.82 4.08 0.99 0 0 1 0.300 14.00 4.13
hero_spruce_a 101.87 -10.96 206.25 4.01 1.31 0 0 1 0.380 16.00 3.90
hero_spruce_a 109.62 -9.85 205.07 3.60 1.09 0 0 1 0.380 16.00 3.90
hero_oak_a 115.66 -9.34 207.41 3.60 1.21 0 0 1 0.550 13.74 8.57
hero_birch_b 127.10 -7.67 208.62 3.84 1.19 0 0 1 0.220 14.31 7.20
hero_spruce_b 136.97 -5.07 204.77 0.44 0.95 0 0 1 0.320 13.00 3.84
hero_spruce_b 141.45 -3.92 203.68 0.76 1.11 0 0 1 0.320 13.00 3.84
hero_spruce_c -144.06 2.60 213.43 3.66 1.03 0 0 1 0.420 19.00 3.91
hero_birch_b -137.52 2.71 216.03 3.92 1.26 0 0 1 0.220 14.31 7.20
hero_birch_b -130.40 2.66 214.35 2.89 1.03 0 0 1 0.220 14.31 7.20
hero_spruce_b -116.82 2.42 212.31 0.71 1.08 0 0 1 0.320 13.00 3.84
hero_spruce_c -110.52 2.24 211.67 0.30 1.17 0 0 1 0.420 19.00 3.91
hero_spruce_b -102.10 2.09 215.02 6.19 1.07 0 0 1 0.320 13.00 3.84
hero_pine_a -93.48 1.72 217.54 0.43 1.06 0 0 1 0.340 17.00 4.12
hero_pine_a -83.55 0.93 214.87 5.97 0.97 0 0 1 0.340 17.00 4.12
hero_spruce_a -77.13 0.29 213.16 1.04 1.25 0 0 1 0.380 16.00 3.90
hero_pine_b -71.44 -0.27 212.53 1.76 1.15 0 0 1 0.300 14.00 4.13
hero_pine_a -57.06 -1.89 216.40 3.25 1.27 0 0 1 0.340 17.00 4.12
hero_oak_a -48.07 -3.09 214.84 0.13 1.29 0 0 1 0.550 13.74 8.57
hero_spruce_b -44.10 -3.59 217.79 4.59 1.07 0 0 1 0.320 13.00 3.84
hero_pine_a -36.65 -4.64 213.56 0.23 0.99 0 0 1 0.340 17.00 4.12
hero_birch_b 67.21 -13.47 214.86 3.01 1.26 0 0 1 0.220 14.31 7.20
hero_spruce_c 74.39 -13.50 218.05 0.78 1.03 0 0 1 0.420 19.00 3.91
hero_spruce_a 86.77 -12.90 214.48 1.29 1.08 0 0 1 0.380 16.00 3.90
hero_oak_b 90.32 -12.78 215.60 3.89 1.01 0 0 1 0.480 10.11 6.89
hero_spruce_a 99.03 -12.02 213.75 0.35 1.25 0 0 1 0.380 16.00 3.90
hero_pine_b 111.31 -10.90 214.99 0.44 1.27 0 0 1 0.300 14.00 4.13
hero_spruce_a 118.01 -10.34 217.59 1.01 1.16 0 0 1 0.380 16.00 3.90
hero_oak_c 129.87 -7.85 213.05 3.58 0.95 0 0 1 0.620 16.21 10.57
hero_spruce_a 138.41 -6.63 215.46 0.44 1.02 0 0 1 0.380 16.00 3.90
hero_spruce_c -135.80 3.05 223.16 0.83 1.13 0 0 1 0.420 19.00 3.91
hero_birch_b -130.67 3.05 223.15 3.06 1.14 0 0 1 0.220 14.31 7.20
hero_oak_c -121.33 3.11 225.38 3.33 0.96 0 0 1 0.620 16.21 10.57
hero_spruce_a -113.38 2.96 225.80 1.21 1.11 0 0 1 0.380 16.00 3.90
hero_oak_a -100.10 2.34 223.99 1.95 1.20 0 0 1 0.550 13.74 8.57
hero_spruce_c -96.39 2.07 222.81 3.46 1.31 0 0 1 0.420 19.00 3.91
hero_oak_c -87.49 1.57 225.76 1.55 1.10 0 0 1 0.620 16.21 10.57
hero_spruce_b -73.49 0.16 222.67 2.83 1.16 0 0 1 0.320 13.00 3.84
hero_birch_b -65.97 -0.66 224.19 0.49 1.07 0 0 1 0.220 14.31 7.20
hero_oak_c -58.61 -1.63 221.83 2.45 1.30 0 0 1 0.620 16.21 10.57
hero_spruce_a -39.71 -4.18 221.92 2.35 1.07 0 0 1 0.380 16.00 3.90
hero_oak_b -35.75 -4.77 225.94 3.44 1.35 0 0 1 0.480 10.11 6.89
hero_spruce_b 68.06 -13.74 223.26 3.75 1.27 0 0 1 0.320 13.00 3.84
hero_oak_c 88.04 -13.27 220.95 0.24 1.15 0 0 1 0.620 16.21 10.57
hero_pine_b 92.93 -13.24 224.27 1.20 1.21 0 0 1 0.300 14.00 4.13
hero_pine_b 98.72 -12.85 223.65 4.99 1.12 0 0 1 0.300 14.00 4.13
hero_spruce_a 111.62 -11.74 223.44 5.93 1.13 0 0 1 0.380 16.00 3.90
hero_spruce_b 120.55 -10.61 222.90 0.13 0.96 0 0 1 0.320 13.00 3.84
hero_spruce_c 127.23 -9.43 220.97 0.38 1.18 0 0 1 0.420 19.00 3.91
hero_birch_a 139.01 -7.47 221.58 0.92 1.13 0 0 1 0.200 13.23 4.86
hero_spruce_c 142.72 -7.32 225.43 3.37 1.12 0 0 1 0.420 19.00 3.91
hero_oak_c -142.85 3.23 228.49 1.81 1.22 0 0 1 0.620 16.21 10.57
hero_spruce_a -135.32 3.52 233.45 5.82 1.12 0 0 1 0.380 16.00 3.90
hero_spruce_c -126.35 3.47 232.43 3.38 1.26 0 0 1 0.420 19.00 3.91
hero_spruce_b -116.42 3.38 233.49 0.10 1.30 0 0 1 0.320 13.00 3.84
hero_oak_a -111.41 3.07 229.53 4.61 1.11 0 0 1 0.550 13.74 8.57
hero_oak_c -99.65 2.50 228.61 4.87 1.21 0 0 1 0.620 16.21 10.57
hero_oak_a -91.83 1.99 228.65 5.43 1.25 0 0 1 0.550 13.74 8.57
hero_spruce_a -88.43 1.87 232.28 1.01 1.06 0 0 1 0.380 16.00 3.90
hero_spruce_b -79.30 0.90 228.36 1.67 1.09 0 0 1 0.320 13.00 3.84
hero_pine_b -70.05 -0.05 231.57 2.55 1.22 0 0 1 0.300 14.00 4.13
hero_birch_b -61.28 -1.16 230.12 2.07 1.12 0 0 1 0.220 14.31 7.20
hero_oak_b -49.29 -2.79 228.82 3.48 1.02 0 0 1 0.480 10.11 6.89
hero_oak_c -44.67 -3.45 229.62 5.41 1.09 0 0 1 0.620 16.21 10.57
hero_pine_b -37.22 -4.52 232.40 2.77 1.07 0 0 1 0.300 14.00 4.13
hero_birch_a -26.88 -6.01 232.93 2.67 1.18 0 0 1 0.200 13.23 4.86
hero_birch_b 69.74 -13.90 229.32 4.10 1.11 0 0 1 0.220 14.31 7.20
hero_birch_a 78.97 -13.90 229.55 3.55 1.18 0 0 1 0.200 13.23 4.86
hero_spruce_a 86.25 -13.75 228.72 1.48 1.33 0 0 1 0.380 16.00 3.90
hero_spruce_a 96.29 -13.42 230.11 2.34 1.29 0 0 1 0.380 16.00 3.90
hero_birch_a 101.88 -13.37 234.83 6.00 1.20 0 0 1 0.200 13.23 4.86
hero_spruce_c 107.32 -12.82 231.96 2.29 1.13 0 0 1 0.420 19.00 3.91
hero_oak_a 121.10 -11.13 228.29 2.55 1.26 0 0 1 0.550 13.74 8.57
hero_pine_a 125.93 -10.88 232.09 3.18 1.31 0 0 1 0.340 17.00 4.12
hero_pine_b 136.01 -9.38 232.09 6.01 1.26 0 0 1 0.300 14.00 4.13
hero_oak_b 143.05 -7.98 230.61 1.17 1.33 0 0 1 0.480 10.11 6.89
hero_oak_c -144.49 3.76 241.31 2.82 0.99 0 0 1 0.620 16.21 10.57
hero_oak_a -137.37 3.71 237.67 5.58 0.96 0 0 1 0.550 13.74 8.57
hero_spruce_b -131.36 3.76 238.10 2.83 1.10 0 0 1 0.320 13.00 3.84
hero_pine_b -120.42 3.67 237.85 1.01 1.20 0 0 1 0.300 14.00 4.13
hero_spruce_a -109.62 3.52 240.80 2.53 1.22 0 0 1 0.380 16.00 3.90
hero_oak_b -99.44 2.87 237.50 4.44 1.12 0 0 1 0.480 10.11 6.89
hero_spruce_a -95.70 2.84 242.98 0.49 1.29 0 0 1 0.380 16.00 3.90
hero_pine_a -83.20 1.67 240.29 0.92 1.01 0 0 1 0.340 17.00 4.12
hero_birch_a -77.47 1.14 243.49 5.55 1.32 0 0 1 0.200 13.23 4.86
hero_spruce_c -71.45 0.40 242.62 1.45 1.22 0 0 1 0.420 19.00 3.91
hero_spruce_c -57.62 -1.54 237.05 1.33 1.00 0 0 1 0.420 19.00 3.91
hero_spruce_b -51.52 -2.40 237.84 2.85 1.14 0 0 1 0.320 13.00 3.84
hero_birch_a -45.94 -3.18 243.16 0.96 1.32 0 0 1 0.200 13.23 4.86
hero_birch_a -37.89 -4.36 243.51 4.28 1.06 0 0 1 0.200 13.23 4.86
hero_pine_a 65.41 -14.01 237.33 2.18 1.18 0 0 1 0.340 17.00 4.12
hero_spruce_b 77.55 -14.27 242.62 0.77 1.21 0 0 1 0.320 13.00 3.84
hero_oak_a 86.61 -14.12 239.20 1.00 1.18 0 0 1 0.550 13.74 8.57
hero_oak_c 95.89 -13.76 236.69 0.01 1.19 0 0 1 0.620 16.21 10.57
hero_birch_b 100.31 -13.57 237.20 3.49 1.13 0 0 1 0.220 14.31 7.20
hero_birch_a 108.10 -13.24 239.79 2.07 1.23 0 0 1 0.200 13.23 4.86
hero_spruce_b 118.96 -12.10 236.73 1.34 1.35 0 0 1 0.320 13.00 3.84
hero_spruce_b 126.07 -11.64 242.15 2.27 1.05 0 0 1 0.320 13.00 3.84
hero_spruce_a 135.26 -9.94 236.53 3.06 1.13 0 0 1 0.380 16.00 3.90
hero_spruce_c -133.29 4.10 245.67 5.96 1.12 0 0 1 0.420 19.00 3.91
hero_spruce_a -131.37 4.38 251.95 1.31 1.23 0 0 1 0.380 16.00 3.90
hero_spruce_a -117.53 4.04 246.51 4.17 1.22 0 0 1 0.380 16.00 3.90
hero_spruce_c -110.35 3.82 246.37 1.88 1.24 0 0 1 0.420 19.00 3.91
hero_spruce_a -101.42 3.59 250.39 2.35 1.19 0 0 1 0.380 16.00 3.90
hero_birch_b -91.07 2.80 250.16 4.04 1.28 0 0 1 0.220 14.31 7.20
hero_spruce_c -87.79 2.40 247.92 5.08 1.29 0 0 1 0.420 19.00 3.91
hero_spruce_a -80.14 1.70 249.72 3.06 1.20 0 0 1 0.380 16.00 3.90
hero_birch_b -71.66 0.70 250.04 5.55 1.00 0 0 1 0.220 14.31 7.20
hero_spruce_a -62.69 -0.55 249.50 5.32 1.15 0 0 1 0.380 16.00 3.90
hero_spruce_a -53.16 -2.02 245.89 0.95 0.98 0 0 1 0.380 16.00 3.90
hero_oak_b -40.01 -3.97 248.94 2.39 1.05 0 0 1 0.480 10.11 6.89
hero_spruce_a -34.63 -4.82 248.91 4.10 1.32 0 0 1 0.380 16.00 3.90
hero_spruce_b 75.20 -14.33 246.16 3.22 1.20 0 0 1 0.320 13.00 3.84
hero_spruce_c 83.35 -14.37 247.35 1.60 1.21 0 0 1 0.420 19.00 3.91
hero_spruce_a 93.71 -14.19 246.88 2.83 1.29 0 0 1 0.380 16.00 3.90
hero_pine_b 103.63 -13.91 250.35 0.60 1.33 0 0 1 0.300 14.00 4.13
hero_spruce_a 117.56 -12.75 245.91 3.65 1.01 0 0 1 0.380 16.00 3.90
hero_oak_a 128.30 -11.58 245.10 4.44 1.18 0 0 1 0.550 13.74 8.57
hero_pine_a 134.63 -11.01 249.05 6.10 1.33 0 0 1 0.340 17.00 4.12
hero_spruce_a -137.93 4.44 255.90 4.63 1.28 0 0 1 0.380 16.00 3.90
hero_spruce_c -128.22 4.47 253.53 0.48 1.29 0 0 1 0.420 19.00 3.91
hero_pine_b -122.32 4.67 257.64 1.69 1.11 0 0 1 0.300 14.00 4.13
hero_oak_a -109.09 4.48 259.69 5.63 1.07 0 0 1 0.550 13.74 8.57
hero_oak_a -101.07 3.75 254.07 6.10 1.31 0 0 1 0.550 13.74 8.57
hero_birch_b -96.46 3.46 254.10 0.47 1.02 0 0 1 0.220 14.31 7.20
hero_pine_b -76.88 1.51 254.43 5.18 1.29 0 0 1 0.300 14.00 4.13
hero_pine_a -68.53 0.48 255.28 2.07 1.15 0 0 1 0.340 17.00 4.12
hero_spruce_c -61.34 -0.48 257.09 2.74 1.23 0 0 1 0.420 19.00 3.91
hero_spruce_b -48.43 -2.52 255.38 4.63 1.24 0 0 1 0.320 13.00 3.84
hero_spruce_a -46.27 -2.79 257.79 0.16 1.33 0 0 1 0.380 16.00 3.90
hero_oak_b -35.71 -4.37 260.13 1.67 1.02 0 0 1 0.480 10.11 6.89
hero_oak_b -26.53 -5.95 253.86 1.53 1.06 0 0 1 0.480 10.11 6.89
hero_spruce_c 68.42 -14.32 253.90 5.76 1.05 0 0 1 0.420 19.00 3.91
hero_spruce_a 73.27 -14.46 257.52 4.08 1.11 0 0 1 0.380 16.00 3.90
hero_pine_a 87.13 -14.50 256.56 4.85 1.19 0 0 1 0.340 17.00 4.12
hero_oak_c 92.73 -14.44 257.52 0.15 1.33 0 0 1 0.620 16.21 10.57
hero_oak_b 101.25 -14.12 255.00 2.56 1.23 0 0 1 0.480 10.11 6.89
hero_pine_a 107.88 -13.79 255.12 0.64 1.18 0 0 1 0.340 17.00 4.12
hero_oak_a 120.48 -12.80 254.06 3.08 1.03 0 0 1 0.550 13.74 8.57
hero_spruce_c 125.62 -12.47 259.38 4.54 1.29 0 0 1 0.420 19.00 3.91
hero_pine_b 137.40 -10.85 253.73 3.63 1.11 0 0 1 0.300 14.00 4.13
hero_spruce_a 142.99 -10.30 259.49 0.83 1.20 0 0 1 0.380 16.00 3.90
hero_oak_a -142.09 4.66 266.34 2.17 1.15 0 0 1 0.550 13.74 8.57
hero_birch_a -134.78 4.92 267.22 0.72 1.25 0 0 1 0.200 13.23 4.86
hero_spruce_a -131.16 4.96 265.82 2.23 1.14 0 0 1 0.380 16.00 3.90
hero_spruce_b -116.84 4.84 262.52 2.06 1.15 0 0 1 0.320 13.00 3.84
hero_spruce_a -110.27 4.82 265.22 1.13 1.03 0 0 1 0.380 16.00 3.90
hero_spruce_c -103.66 4.45 264.04 5.12 1.27 0 0 1 0.420 19.00 3.91
hero_oak_a -96.86 3.93 262.14 4.92 1.07 0 0 1 0.550 13.74 8.57
hero_oak_a -77.49 2.14 264.84 2.49 1.35 0 0 1 0.550 13.74 8.57
hero_oak_c -66.57 0.79 266.80 4.21 1.33 0 0 1 0.620 16.21 10.57
hero_spruce_a -62.58 0.24 266.91 5.15 1.02 0 0 1 0.380 16.00 3.90
hero_birch_a -54.98 -0.84 268.86 1.66 1.24 0 0 1 0.200 13.23 4.86
hero_pine_a -43.62 -3.04 262.32 2.40 1.33 0 0 1 0.340 17.00 4.12
hero_spruce_c -36.93 -4.08 262.75 4.95 1.11 0 0 1 0.420 19.00 3.91
hero_birch_b 75.46 -14.59 266.76 4.24 1.17 0 0 1 0.220 14.31 7.20
hero_birch_a 87.27 -14.59 265.59 2.26 1.19 0 0 1 0.200 13.23 4.86
hero_spruce_c 90.22 -14.53 262.58 2.49 1.23 0 0 1 0.420 19.00 3.91
hero_pine_b 99.11 -14.32 264.76 4.52 1.18 0 0 1 0.300 14.00 4.13
hero_birch_b 120.23 -13.05 264.57 0.23 1.24 0 0 1 0.220 14.31 7.20
hero_spruce_c 129.56 -12.13 264.17 1.68 1.26 0 0 1 0.420 19.00 3.91
hero_pine_a 132.41 -11.85 267.31 0.28 1.24 0 0 1 0.340 17.00 4.12
hero_oak_b 141.01 -10.78 267.37 3.12 1.27 0 0 1 0.480 10.11 6.89
hero_spruce_a -138.99 4.96 273.36 1.79 1.01 0 0 1 0.380 16.00 3.90
hero_pine_a -129.19 5.17 270.71 0.09 1.19 0 0 1 0.340 17.00 4.12
hero_spruce_a -121.74 5.36 272.86 3.74 1.06 0 0 1 0.380 16.00 3.90
hero_pine_a -111.87 5.46 276.53 6.03 1.02 0 0 1 0.340 17.00 4.12
hero_birch_b -100.81 5.06 276.98 0.73 1.22 0 0 1 0.220 14.31 7.20
hero_pine_b -91.37 4.17 273.09 5.27 1.03 0 0 1 0.300 14.00 4.13
hero_spruce_a -86.33 3.94 276.68 3.97 1.28 0 0 1 0.380 16.00 3.90
hero_spruce_b -74.31 2.41 274.29 0.55 1.03 0 0 1 0.320 13.00 3.84
hero_spruce_a -67.31 1.70 277.42 4.99 0.98 0 0 1 0.380 16.00 3.90
hero_pine_a -61.85 0.54 273.28 0.21 1.22 0 0 1 0.340 17.00 4.12
hero_birch_a -52.72 -0.98 272.28 0.42 1.25 0 0 1 0.200 13.23 4.86
hero_pine_b -45.70 -1.79 277.11 6.19 1.34 0 0 1 0.300 14.00 4.13
hero_pine_b -34.61 -4.03 271.27 6.16 0.98 0 0 1 0.300 14.00 4.13
hero_birch_a -27.78 -4.86 276.38 5.36 1.24 0 0 1 0.200 13.23 4.86
hero_pine_a 77.71 -14.63 277.19 4.48 1.23 0 0 1 0.340 17.00 4.12
hero_birch_a 83.77 -14.64 276.07 0.56 1.21 0 0 1 0.200 13.23 4.86
hero_spruce_b 92.91 -14.50 273.30 2.74 1.04 0 0 1 0.320 13.00 3.84
hero_birch_b 100.35 -14.28 276.49 0.98 1.28 0 0 1 0.220 14.31 7.20
hero_oak_a 107.85 -13.94 272.92 3.26 1.29 0 0 1 0.550 13.74 8.57
hero_spruce_c 117.43 -13.29 271.36 5.92 1.16 0 0 1 0.420 19.00 3.91
hero_oak_c 128.15 -12.31 272.50 4.73 1.17 0 0 1 0.620 16.21 10.57
hero_spruce_a 138.72 -11.09 272.41 3.61 1.08 0 0 1 0.380 16.00 3.90
hero_spruce_c -138.27 5.07 281.37 5.46 1.29 0 0 1 0.420 19.00 3.91
hero_birch_b -129.77 5.43 279.87 5.08 1.18 0 0 1 0.220 14.31 7.20
hero_pine_a -122.06 5.63 280.39 6.04 1.13 0 0 1 0.340 17.00 4.12
hero_spruce_a -112.96 5.75 282.81 5.24 1.26 0 0 1 0.380 16.00 3.90
hero_birch_b -101.16 5.43 282.29 3.54 1.00 0 0 1 0.220 14.31 7.20
hero_spruce_b -90.62 5.00 285.84 1.38 1.22 0 0 1 0.320 13.00 3.84
hero_oak_b -83.13 4.07 282.41 4.78 1.13 0 0 1 0.480 10.11 6.89
hero_oak_a -78.88 3.80 284.59 1.87 1.09 0 0 1 0.550 13.74 8.57
hero_spruce_b -65.66 1.64 279.95 1.31 1.32 0 0 1 0.320 13.00 3.84
hero_pine_b -60.74 0.93 280.10 1.44 1.26 0 0 1 0.300 14.00 4.13
hero_pine_a -48.74 -0.76 282.63 6.26 1.14 0 0 1 0.340 17.00 4.12
hero_spruce_b -39.86 -2.18 283.51 4.12 1.10 0 0 1 0.320 13.00 3.84
hero_spruce_c -33.92 -3.23 283.28 5.71 1.06 0 0 1 0.420 19.00 3.91
hero_spruce_b 73.43 -14.54 283.74 4.74 1.11 0 0 1 0.320 13.00 3.84
hero_pine_b 81.34 -14.63 280.20 2.90 1.20 0 0 1 0.300 14.00 4.13
hero_spruce_a 95.11 -14.37 284.35 5.03 1.13 0 0 1 0.380 16.00 3.90
hero_spruce_c 98.30 -14.30 281.51 2.03 1.24 0 0 1 0.420 19.00 3.91
hero_spruce_a 107.79 -13.77 284.86 5.32 0.96 0 0 1 0.380 16.00 3.90
hero_oak_b 116.57 -13.28 280.24 0.42 1.20 0 0 1 0.480 10.11 6.89
hero_pine_b 130.44 -11.95 282.84 5.38 1.27 0 0 1 0.300 14.00 4.13
hero_spruce_c 133.96 -11.58 281.96 3.09 1.30 0 0 1 0.420 19.00 3.91
hero_birch_b 143.78 -10.32 284.51 0.03 1.04 0 0 1 0.220 14.31 7.20
hero_birch_a -144.96 4.58 291.63 6.13 1.03 0 0 1 0.200 13.23 4.86
hero_spruce_b -136.40 5.17 292.23 5.11 1.33 0 0 1 0.320 13.00 3.84
hero_oak_c -124.67 5.83 290.99 5.55 1.15 0 0 1 0.620 16.21 10.57
hero_birch_b -116.04 6.12 293.34 2.05 1.32 0 0 1 0.220 14.31 7.20
hero_spruce_b -111.46 6.09 290.53 4.98 1.11 0 0 1 0.320 13.00 3.84
hero_oak_a -105.17 5.87 287.63 0.73 1.12 0 0 1 0.550 13.74 8.57
hero_pine_a -84.19 5.12 293.39 4.34 0.99 0 0 1 0.340 17.00 4.12
hero_oak_a -73.72 3.60 289.16 1.95 1.32 0 0 1 0.550 13.74 8.57
hero_spruce_b -67.27 3.04 291.50 5.95 1.00 0 0 1 0.320 13.00 3.84
hero_spruce_a -61.34 2.35 292.80 3.29 1.03 0 0 1 0.380 16.00 3.90
hero_oak_a -53.05 0.97 291.91 0.49 1.03 0 0 1 0.550 13.74 8.57
hero_spruce_a -40.94 -1.42 288.79 2.94 0.98 0 0 1 0.380 16.00 3.90
hero_spruce_c -31.73 -2.55 292.82 3.63 1.09 0 0 1 0.420 19.00 3.91
hero_spruce_c -28.56 -3.41 290.26 5.13 1.07 0 0 1 0.420 19.00 3.91
hero_spruce_c 67.01 -14.23 292.93 4.12 1.13 0 0 1 0.420 19.00 3.91
hero_spruce_c 77.20 -14.44 293.21 2.68 1.32 0 0 1 0.420 19.00 3.91
hero_birch_a 85.40 -14.45 292.04 5.01 1.27 0 0 1 0.200 13.23 4.86
hero_spruce_b 93.43 -14.25 292.23 5.10 0.95 0 0 1 0.320 13.00 3.84
hero_oak_b 98.20 -14.22 287.78 2.52 1.28 0 0 1 0.480 10.11 6.89
hero_oak_a 113.16 -13.24 292.41 5.66 1.08 0 0 1 0.550 13.74 8.57
hero_spruce_c 116.59 -13.09 288.70 0.95 1.13 0 0 1 0.420 19.00 3.91
hero_spruce_b 128.53 -11.90 291.53 1.81 1.08 0 0 1 0.320 13.00 3.84
hero_birch_b 138.11 -10.85 291.53 1.73 1.26 0 0 1 0.220 14.31 7.20
hero_spruce_a 140.78 -10.55 289.71 1.08 0.99 0 0 1 0.380 16.00 3.90
hero_oak_c -135.10 5.11 301.86 2.65 1.12 0 0 1 0.620 16.21 10.57
hero_spruce_a -131.04 5.47 300.03 0.19 1.20 0 0 1 0.380 16.00 3.90
hero_pine_a -120.75 6.10 300.13 5.13 1.16 0 0 1 0.340 17.00 4.12
hero_pine_b -112.14 6.33 297.09 0.22 1.02 0 0 1 0.300 14.00 4.13
hero_oak_a -105.72 6.42 298.23 2.44 0.95 0 0 1 0.550 13.74 8.57
hero_birch_b -93.68 6.22 299.67 3.33 1.04 0 0 1 0.220 14.31 7.20
hero_birch_a -85.36 5.99 302.31 4.11 0.97 0 0 1 0.200 13.23 4.86
hero_pine_b -74.22 4.62 298.44 0.36 1.24 0 0 1 0.300 14.00 4.13
hero_pine_a -65.31 3.52 298.01 2.45 1.09 0 0 1 0.340 17.00 4.12
hero_birch_a -59.30 2.86 299.29 5.84 0.97 0 0 1 0.200 13.23 4.86
hero_spruce_a -51.81 1.66 298.73 2.75 1.00 0 0 1 0.380 16.00 3.90
hero_birch_b -46.45 1.42 303.01 0.14 1.00 0 0 1 0.220 14.31 7.20
hero_spruce_a -31.71 -1.15 302.61 4.43 1.14 0 0 1 0.380 16.00 3.90
hero_spruce_c -24.99 -3.25 296.36 3.68 0.98 0 0 1 0.420 19.00 3.91
hero_oak_c 66.82 -13.91 301.75 3.98 1.34 0 0 1 0.620 16.21 10.57
hero_oak_a 78.37 -14.35 296.34 3.12 1.20 0 0 1 0.550 13.74 8.57
hero_oak_b 81.71 -14.18 301.64 5.35 1.29 0 0 1 0.480 10.11 6.89
hero_spruce_b 96.21 -14.09 296.17 5.06 1.29 0 0 1 0.320 13.00 3.84
hero_spruce_c 103.07 -13.57 301.62 1.02 1.08 0 0 1 0.420 19.00 3.91
hero_oak_c 106.90 -13.32 302.10 0.81 0.98 0 0 1 0.620 16.21 10.57
hero_pine_a 121.18 -12.21 302.46 3.87 1.29 0 0 1 0.340 17.00 4.12
hero_birch_a 129.87 -11.31 302.50 1.55 0.98 0 0 1 0.200 13.23 4.86
hero_spruce_a 134.95 -10.77 302.35 0.51 1.17 0 0 1 0.380 16.00 3.90
hero_spruce_b 141.71 -9.99 302.22 3.57 1.27 0 0 1 0.320 13.00 3.84
hero_pine_b -137.89 4.54 309.82 0.68 1.00 0 0 1 0.300 14.00 4.13
hero_birch_a -131.24 5.35 305.10 4.49 1.11 0 0 1 0.200 13.23 4.86
hero_spruce_a -119.63 6.18 307.36 5.08 1.19 0 0 1 0.380 16.00 3.90
hero_spruce_b -109.33 6.64 307.08 1.22 1.33 0 0 1 0.320 13.00 3.84
hero_pine_a -99.88 6.70 304.86 5.01 0.97 0 0 1 0.340 17.00 4.12
hero_oak_c -94.43 6.64 305.90 5.09 1.24 0 0 1 0.620 16.21 10.57
hero_birch_a -82.77 6.11 305.81 0.17 1.20 0 0 1 0.200 13.23 4.86
hero_spruce_a -80.22 6.48 311.39 1.28 1.21 0 0 1 0.380 16.00 3.90
hero_oak_c -71.18 5.75 310.80 6.28 1.01 0 0 1 0.620 16.21 10.57
hero_oak_b -58.31 4.36 311.12 3.07 1.30 0 0 1 0.480 10.11 6.89
hero_spruce_a -51.61 3.49 311.20 0.21 1.20 0 0 1 0.380 16.00 3.90
hero_spruce_a -43.05 2.10 310.50 5.24 0.97 0 0 1 0.380 16.00 3.90
hero_oak_c -23.69 -1.81 307.02 0.01 1.02 0 0 1 0.620 16.21 10.57
hero_oak_b 67.85 -13.51 309.27 4.22 1.29 0 0 1 0.480 10.11 6.89
hero_oak_b 77.33 -13.69 310.01 3.90 1.02 0 0 1 0.480 10.11 6.89
hero_oak_b 84.50 -13.90 307.63 3.43 1.31 0 0 1 0.480 10.11 6.89
hero_spruce_b 104.92 -13.08 309.78 4.01 0.96 0 0 1 0.320 13.00 3.84
hero_pine_a 108.25 -12.81 311.51 2.52 1.34 0 0 1 0.340 17.00 4.12
hero_pine_b 121.20 -12.01 306.22 4.56 1.08 0 0 1 0.300 14.00 4.13
hero_oak_c 129.73 -11.24 304.62 1.25 1.13 0 0 1 0.620 16.21 10.57
hero_pine_b 133.56 -10.51 310.73 5.45 1.22 0 0 1 0.300 14.00 4.13
hero_oak_b -136.32 4.16 318.60 1.32 1.25 0 0 1 0.480 10.11 6.89
hero_spruce_a -126.34 5.38 317.19 1.03 1.30 0 0 1 0.380 16.00 3.90
hero_pine_a -116.39 6.36 314.16 0.21 1.07 0 0 1 0.340 17.00 4.12
hero_oak_a -109.42 6.78 319.11 2.81 1.33 0 0 1 0.550 13.74 8.57
hero_birch_b -105.69 6.95 314.20 4.53 0.99 0 0 1 0.220 14.31 7.20
hero_spruce_b -94.13 7.25 316.30 4.95 1.20 0 0 1 0.320 13.00 3.84
hero_pine_a -88.63 7.30 317.35 1.53 1.12 0 0 1 0.340 17.00 4.12
hero_birch_a -79.82 7.26 319.69 2.93 1.27 0 0 1 0.200 13.23 4.86
hero_birch_b -66.01 5.85 315.41 3.24 1.07 0 0 1 0.220 14.31 7.20
hero_birch_a -62.22 5.26 314.16 3.36 1.33 0 0 1 0.200 13.23 4.86
hero_birch_a -48.86 4.01 316.46 4.96 0.97 0 0 1 0.200 13.23 4.86
hero_birch_b -40.82 3.29 319.00 0.42 1.19 0 0 1 0.220 14.31 7.20
hero_pine_b -31.84 1.86 318.88 0.90 1.13 0 0 1 0.300 14.00 4.13
hero_spruce_b 78.93 -13.54 312.97 5.13 1.22 0 0 1 0.320 13.00 3.84
hero_spruce_b 87.60 -13.05 320.02 5.15 1.32 0 0 1 0.320 13.00 3.84
hero_pine_a 90.80 -13.08 318.88 4.20 1.27 0 0 1 0.340 17.00 4.12
hero_birch_a 100.87 -12.66 319.91 5.75 0.99 0 0 1 0.200 13.23 4.86
hero_pine_a 107.40 -12.37 319.35 0.75 1.29 0 0 1 0.340 17.00 4.12
hero_spruce_a 119.27 -11.70 315.59 3.56 1.29 0 0 1 0.380 16.00 3.90
hero_birch_b 138.36 -9.77 313.91 5.53 1.14 0 0 1 0.220 14.31 7.20
hero_pine_b -142.55 2.66 326.50 0.05 1.29 0 0 1 0.300 14.00 4.13
hero_oak_c -136.08 3.70 325.24 2.19 1.17 0 0 1 0.620 16.21 10.57
hero_pine_a -125.13 5.21 323.63 2.87 1.30 0 0 1 0.340 17.00 4.12
hero_oak_a -116.82 6.05 326.23 0.38 1.15 0 0 1 0.550 13.74 8.57
hero_spruce_b -109.49 6.80 322.72 2.81 1.02 0 0 1 0.320 13.00 3.84
hero_birch_a -100.62 7.35 324.08 2.96 1.32 0 0 1 0.200 13.23 4.86
hero_oak_a -92.71 7.77 326.85 5.91 1.31 0 0 1 0.550 13.74 8.57
hero_birch_a -82.99 8.04 328.34 0.56 1.23 0 0 1 0.200 13.23 4.86
hero_oak_c -77.35 7.35 321.76 3.74 1.30 0 0 1 0.620 16.21 10.57
hero_spruce_a -69.99 7.80 328.47 5.13 1.19 0 0 1 0.380 16.00 3.90
hero_spruce_b -61.77 7.21 327.53 2.55 0.97 0 0 1 0.320 13.00 3.84
hero_birch_b -53.98 6.49 327.37 3.88 1.21 0 0 1 0.220 14.31 7.20
hero_oak_a -45.99 5.47 326.66 4.25 1.30 0 0 1 0.550 13.74 8.57
hero_spruce_b -32.30 2.57 321.97 5.01 1.16 0 0 1 0.320 13.00 3.84
hero_spruce_a -29.35 2.26 322.80 4.28 1.27 0 0 1 0.380 16.00 3.90
hero_spruce_c 72.63 -12.36 324.09 5.95 1.08 0 0 1 0.420 19.00 3.91
hero_spruce_b 82.44 -12.25 327.74 6.25 1.05 0 0 1 0.320 13.00 3.84
hero_oak_c 90.65 -12.61 324.53 1.10 1.25 0 0 1 0.620 16.21 10.57
hero_pine_b 110.51 -11.57 326.73 1.94 1.12 0 0 1 0.300 14.00 4.13
hero_birch_b 115.72 -11.39 324.25 2.59 1.11 0 0 1 0.220 14.31 7.20
hero_pine_b 133.71 -9.61 324.73 1.05 1.14 0 0 1 0.300 14.00 4.13
hero_pine_b -135.00 2.83 336.51 5.12 1.08 0 0 1 0.300 14.00 4.13
hero_spruce_c -129.33 4.18 330.95 3.63 1.29 0 0 1 0.420 19.00 3.91
hero_spruce_a -121.19 5.31 330.66 0.80 1.27 0 0 1 0.380 16.00 3.90
hero_oak_a -110.49 6.48 333.52 4.02 1.30 0 0 1 0.550 13.74 8.57
hero_spruce_c -103.29 7.21 335.60 0.43 1.12 0 0 1 0.420 19.00 3.91
hero_spruce_b -92.89 7.97 332.15 1.78 1.15 0 0 1 0.320 13.00 3.84
hero_oak_c -88.00 8.41 336.93 3.82 1.10 0 0 1 0.620 16.21 10.57
hero_spruce_c -75.14 8.63 335.27 5.46 1.14 0 0 1 0.420 19.00 3.91
hero_pine_a -66.17 8.05 331.81 0.75 1.15 0 0 1 0.340 17.00 4.12
hero_oak_a -59.94 8.08 334.42 5.02 1.28 0 0 1 0.550 13.74 8.57
hero_spruce_b -51.49 6.73 330.19 2.29 1.32 0 0 1 0.320 13.00 3.84
hero_oak_a -44.40 7.27 336.87 3.36 1.32 0 0 1 0.550 13.74 8.57
hero_pine_a -31.95 5.52 335.66 6.21 1.25 0 0 1 0.340 17.00 4.12
hero_spruce_b 67.45 -10.85 333.21 1.92 1.09 0 0 1 0.320 13.00 3.84
hero_spruce_c 78.48 -11.76 331.03 5.26 1.05 0 0 1 0.420 19.00 3.91
hero_spruce_a 86.19 -11.50 334.62 1.71 1.21 0 0 1 0.380 16.00 3.90
hero_pine_a 95.78 -11.41 335.24 2.91 1.28 0 0 1 0.340 17.00 4.12
hero_oak_b 102.42 -11.04 336.82 0.90 1.33 0 0 1 0.480 10.11 6.89
hero_pine_a 110.84 -11.08 331.99 4.04 1.08 0 0 1 0.340 17.00 4.12
hero_spruce_c 120.28 -9.98 336.09 1.89 1.01 0 0 1 0.420 19.00 3.91
hero_spruce_a 128.48 -9.30 335.72 1.78 1.20 0 0 1 0.380 16.00 3.90
hero_oak_a 138.49 -8.50 332.77 3.47 1.08 0 0 1 0.550 13.74 8.57
hero_birch_a -138.61 1.40 343.88 2.61 1.32 0 0 1 0.200 13.23 4.86
hero_spruce_a -127.73 3.78 338.83 0.92 1.14 0 0 1 0.380 16.00 3.90
hero_spruce_b -122.97 4.26 342.10 1.34 1.14 0 0 1 0.320 13.00 3.84
hero_pine_a -113.68 5.65 342.68 2.43 1.25 0 0 1 0.340 17.00 4.12
hero_pine_b -104.68 6.84 344.67 1.50 1.01 0 0 1 0.300 14.00 4.13
hero_birch_b -95.61 7.92 340.61 3.73 1.20 0 0 1 0.220 14.31 7.20
hero_pine_a -86.87 8.72 344.59 5.65 1.31 0 0 1 0.340 17.00 4.12
hero_oak_a -78.46 8.97 340.22 4.64 1.25 0 0 1 0.550 13.74 8.57
hero_spruce_a -68.78 9.27 341.74 1.62 1.20 0 0 1 0.380 16.00 3.90
hero_spruce_c -63.27 9.59 344.60 4.20 1.15 0 0 1 0.420 19.00 3.91
hero_pine_b -50.23 8.32 339.66 4.59 1.00 0 0 1 0.300 14.00 4.13
hero_spruce_b -46.34 8.85 344.26 1.88 1.26 0 0 1 0.320 13.00 3.84
hero_spruce_c -34.02 7.72 344.15 5.45 1.00 0 0 1 0.420 19.00 3.91
hero_spruce_a 73.93 -9.88 342.19 1.31 1.21 0 0 1 0.380 16.00 3.90
hero_oak_c 83.48 -10.82 339.10 1.99 1.01 0 0 1 0.620 16.21 10.57
hero_spruce_b 96.32 -10.89 339.19 4.43 0.96 0 0 1 0.320 13.00 3.84
hero_spruce_a 103.22 -10.21 343.44 1.77 1.34 0 0 1 0.380 16.00 3.90
hero_spruce_a 106.61 -9.98 344.07 4.92 1.13 0 0 1 0.380 16.00 3.90
hero_spruce_a 117.61 -9.21 345.48 4.89 1.27 0 0 1 0.380 16.00 3.90
hero_spruce_b 123.49 -9.26 340.86 2.16 1.16 0 0 1 0.320 13.00 3.84
hero_birch_a 138.81 -7.54 344.35 4.90 1.28 0 0 1 0.200 13.23 4.86
hero_spruce_b 142.64 -7.16 344.10 5.44 0.99 0 0 1 0.320 13.00 3.84
hero_spruce_c -141.75 -0.34 353.70 2.77 1.09 0 0 1 0.420 19.00 3.91
hero_spruce_c -134.69 1.62 348.09 5.14 1.20 0 0 1 0.420 19.00 3.91
hero_spruce_a -126.77 2.88 350.05 4.59 1.03 0 0 1 0.380 16.00 3.90
hero_spruce_b -118.95 4.33 349.44 0.68 1.10 0 0 1 0.320 13.00 3.84
hero_spruce_b -113.52 5.06 352.23 1.73 1.01 0 0 1 0.320 13.00 3.84
hero_oak_c -102.46 6.88 351.62 0.47 1.17 0 0 1 0.620 16.21 10.57
hero_oak_b -94.93 7.91 353.98 1.11 0.95 0 0 1 0.480 10.11 6.89
hero_spruce_a -85.13 9.01 348.44 2.22 0.96 0 0 1 0.380 16.00 3.90
hero_birch_b -78.03 9.72 352.06 5.64 1.04 0 0 1 0.220 14.31 7.20
hero_oak_b -70.32 10.00 349.79 5.88 1.21 0 0 1 0.480 10.11 6.89
hero_birch_a -60.70 10.19 349.56 4.73 1.16 0 0 1 0.200 13.23 4.86
hero_spruce_b -51.56 10.39 351.74 1.25 1.13 0 0 1 0.320 13.00 3.84
hero_pine_a -42.39 10.16 352.57 4.35 1.01 0 0 1 0.340 17.00 4.12
hero_birch_b -31.21 9.20 352.25 3.84 1.21 0 0 1 0.220 14.31 7.20
hero_oak_c -26.94 8.95 353.06 3.02 1.09 0 0 1 0.620 16.21 10.57
hero_pine_a 71.02 -8.41 348.90 0.25 1.11 0 0 1 0.340 17.00 4.12
hero_birch_a 76.65 -8.64 350.14 2.64 1.27 0 0 1 0.200 13.23 4.86
hero_oak_b 86.01 -9.65 347.27 3.78 1.27 0 0 1 0.480 10.11 6.89
hero_spruce_a 101.89 -8.72 353.94 6.16 1.33 0 0 1 0.380 16.00 3.90
hero_pine_a 108.91 -8.73 352.53 0.67 1.00 0 0 1 0.340 17.00 4.12
hero_birch_b 120.18 -8.50 349.94 5.94 1.12 0 0 1 0.220 14.31 7.20
hero_oak_c 127.00 -7.54 353.78 1.13 0.95 0 0 1 0.620 16.21 10.57
hero_spruce_c 138.58 -6.83 351.95 1.40 1.07 0 0 1 0.420 19.00 3.91
hero_spruce_c 144.99 -6.53 349.33 3.81 1.23 0 0 1 0.420 19.00 3.91
hero_spruce_b -142.65 -1.26 359.69 4.34 1.01 0 0 1 0.320 13.00 3.84
hero_oak_c -139.71 -0.41 357.15 4.02 1.30 0 0 1 0.620 16.21 10.57
hero_oak_a -131.34 0.71 361.53 2.30 1.31 0 0 1 0.550 13.74 8.57
hero_oak_a -120.42 3.04 360.37 1.61 1.18 0 0 1 0.550 13.74 8.57
hero_spruce_a -113.18 4.81 355.97 3.77 1.30 0 0 1 0.380 16.00 3.90
hero_spruce_a -105.91 5.91 359.30 6.13 1.11 0 0 1 0.380 16.00 3.90
hero_spruce_b -96.72 7.59 356.29 2.14 1.02 0 0 1 0.320 13.00 3.84
hero_birch_b -87.98 8.79 360.04 1.67 1.17 0 0 1 0.220 14.31 7.20
hero_birch_a -79.03 9.94 361.17 1.32 1.13 0 0 1 0.200 13.23 4.86
hero_spruce_b -71.73 10.73 361.54 6.11 1.04 0 0 1 0.320 13.00 3.84
hero_oak_a -59.27 11.17 357.62 3.72 1.01 0 0 1 0.550 13.74 8.57
hero_spruce_b -55.01 11.61 360.64 5.45 1.22 0 0 1 0.320 13.00 3.84
hero_spruce_b -42.26 11.67 361.29 2.58 1.33 0 0 1 0.320 13.00 3.84
hero_spruce_a -34.48 11.27 360.77 1.07 1.04 0 0 1 0.380 16.00 3.90
hero_pine_b -29.26 9.99 356.65 5.00 1.18 0 0 1 0.300 14.00 4.13
hero_spruce_c 67.56 -5.47 360.81 4.59 1.33 0 0 1 0.420 19.00 3.91
hero_pine_a 79.06 -7.34 357.59 2.98 1.33 0 0 1 0.340 17.00 4.12
hero_birch_a 82.79 -7.86 356.15 1.04 0.99 0 0 1 0.200 13.23 4.86
hero_spruce_c 93.15 -7.56 360.13 5.56 1.04 0 0 1 0.420 19.00 3.91
hero_spruce_a 102.14 -8.08 357.81 4.46 1.29 0 0 1 0.380 16.00 3.90
hero_spruce_c 121.61 -7.14 359.73 4.84 1.22 0 0 1 0.420 19.00 3.91
hero_birch_a 124.99 -7.38 356.38 0.30 1.15 0 0 1 0.200 13.23 4.86
hero_birch_a 134.29 -6.13 361.57 3.75 1.29 0 0 1 0.200 13.23 4.86
hero_spruce_c 143.89 -5.71 359.05 2.81 1.10 0 0 1 0.420 19.00 3.91
hero_oak_a -136.16 -0.81 366.31 5.66 1.10 0 0 1 0.550 13.74 8.57
hero_spruce_c -128.12 1.01 364.87 4.20 1.10 0 0 1 0.420 19.00 3.91
hero_oak_c -120.68 2.34 367.03 4.12 1.05 0 0 1 0.620 16.21 10.57
hero_birch_a -114.42 3.44 369.36 5.89 1.01 0 0 1 0.200 13.23 4.86
hero_oak_b -101.64 6.06 369.35 5.04 1.31 0 0 1 0.480 10.11 6.89
hero_spruce_c -95.36 7.43 366.89 2.68 0.98 0 0 1 0.420 19.00 3.91
hero_spruce_b -87.10 8.83 367.34 3.51 1.10 0 0 1 0.320 13.00 3.84
hero_oak_b -80.02 9.93 368.38 3.90 1.06 0 0 1 0.480 10.11 6.89
hero_pine_a -67.23 11.46 367.05 5.74 0.98 0 0 1 0.340 17.00 4.12
hero_spruce_c -56.68 12.29 367.44 1.76 1.18 0 0 1 0.420 19.00 3.91
hero_birch_b -53.59 12.08 364.04 0.71 1.06 0 0 1 0.220 14.31 7.20
hero_pine_a -42.37 12.74 367.99 5.93 1.35 0 0 1 0.340 17.00 4.12
hero_spruce_b -31.75 11.92 365.02 2.78 1.27 0 0 1 0.320 13.00 3.84
hero_birch_a 70.94 -4.89 364.93 0.61 1.09 0 0 1 0.200 13.23 4.86
hero_birch_a 74.12 -4.74 367.07 5.28 0.99 0 0 1 0.200 13.23 4.86
hero_pine_a 87.16 -6.33 365.12 0.99 1.35 0 0 1 0.340 17.00 4.12
hero_birch_b 90.78 -5.58 369.50 4.68 1.12 0 0 1 0.220 14.31 7.20
hero_spruce_b 104.61 -6.83 365.01 2.00 1.32 0 0 1 0.320 13.00 3.84
hero_birch_b 108.99 -6.35 367.51 1.84 1.28 0 0 1 0.220 14.31 7.20
hero_birch_b 128.98 -6.11 364.39 5.36 1.31 0 0 1 0.220 14.31 7.20
hero_oak_b 135.47 -5.51 365.82 2.70 1.00 0 0 1 0.480 10.11 6.89
hero_birch_a 143.88 -4.93 366.63 2.76 1.09 0 0 1 0.200 13.23 4.86
hero_pine_b -136.68 -1.93 375.30 0.79 1.03 0 0 1 0.300 14.00 4.13
hero_spruce_a -130.35 -0.70 376.22 4.03 1.03 0 0 1 0.380 16.00 3.90
hero_oak_b -122.87 1.07 374.90 6.25 0.98 0 0 1 0.480 10.11 6.89
hero_spruce_a -112.74 3.51 372.64 2.83 1.01 0 0 1 0.380 16.00 3.90
hero_spruce_c -103.56 5.25 375.82 0.60 1.01 0 0 1 0.420 19.00 3.91
hero_spruce_a -96.97 6.77 373.40 0.37 1.18 0 0 1 0.380 16.00 3.90
hero_birch_b -89.07 8.30 373.87 2.33 1.20 0 0 1 0.220 14.31 7.20
hero_spruce_b -74.30 10.79 373.25 0.93 1.14 0 0 1 0.320 13.00 3.84
hero_pine_a -69.65 11.47 374.03 4.29 0.95 0 0 1 0.340 17.00 4.12
hero_spruce_b -57.31 12.82 374.05 4.96 1.00 0 0 1 0.320 13.00 3.84
hero_pine_a -54.12 13.25 376.01 3.80 1.01 0 0 1 0.340 17.00 4.12
hero_birch_a -41.39 13.75 374.87 4.60 1.02 0 0 1 0.200 13.23 4.86
hero_spruce_a -34.37 13.80 375.11 4.01 1.04 0 0 1 0.380 16.00 3.90
hero_birch_a 64.53 -0.94 377.25 2.07 1.21 0 0 1 0.200 13.23 4.86
hero_pine_b 74.58 -2.43 376.87 1.84 1.03 0 0 1 0.300 14.00 4.13
hero_pine_a 85.50 -3.06 379.21 3.34 1.33 0 0 1 0.340 17.00 4.12
hero_oak_c 94.58 -3.69 379.28 1.66 1.21 0 0 1 0.620 16.21 10.57
hero_birch_b 98.16 -3.87 379.22 3.67 1.14 0 0 1 0.220 14.31 7.20
hero_spruce_b 112.47 -4.49 377.69 2.91 1.23 0 0 1 0.320 13.00 3.84
hero_oak_b 117.26 -4.38 377.96 4.93 0.97 0 0 1 0.480 10.11 6.89
hero_spruce_c 129.18 -3.94 379.22 4.58 0.99 0 0 1 0.420 19.00 3.91
hero_spruce_b 136.93 -4.32 374.79 4.90 1.21 0 0 1 0.320 13.00 3.84
hero_pine_b 142.50 -4.12 374.40 0.93 1.07 0 0 1 0.300 14.00 4.13
hero_birch_a -137.69 -3.29 386.76 5.68 1.02 0 0 1 0.200 13.23 4.86
hero_spruce_a -126.82 -0.75 384.23 5.69 1.10 0 0 1 0.380 16.00 3.90
hero_spruce_b -119.03 1.23 381.80 3.84 1.24 0 0 1 0.320 13.00 3.84
hero_spruce_a -107.49 3.88 382.09 3.90 0.99 0 0 1 0.380 16.00 3.90
hero_birch_b -104.05 4.67 382.21 2.31 0.96 0 0 1 0.220 14.31 7.20
hero_spruce_a -93.09 7.15 381.44 0.74 1.07 0 0 1 0.380 16.00 3.90
hero_birch_b -83.14 9.19 381.51 5.05 1.23 0 0 1 0.220 14.31 7.20
hero_spruce_b -70.22 11.53 383.20 0.59 1.16 0 0 1 0.320 13.00 3.84
hero_pine_b -62.49 12.80 386.42 2.78 1.09 0 0 1 0.300 14.00 4.13
hero_spruce_b -50.75 14.21 385.40 4.38 1.18 0 0 1 0.320 13.00 3.84
hero_spruce_b -40.82 14.80 383.63 3.65 1.11 0 0 1 0.320 13.00 3.84
hero_spruce_c -35.49 14.99 383.79 0.06 1.24 0 0 1 0.420 19.00 3.91
hero_birch_a 60.02 2.02 385.76 1.91 1.08 0 0 1 0.200 13.23 4.86
hero_spruce_b 66.06 1.03 385.90 2.73 1.28 0 0 1 0.320 13.00 3.84
hero_birch_a 76.89 -1.15 383.35 1.89 1.21 0 0 1 0.200 13.23 4.86
hero_pine_a 83.44 -1.08 386.69 0.41 1.09 0 0 1 0.340 17.00 4.12
hero_birch_b 91.79 -1.54 388.05 5.39 1.15 0 0 1 0.220 14.31 7.20
hero_pine_b 100.83 -2.90 384.44 0.02 1.31 0 0 1 0.300 14.00 4.13
hero_spruce_b 109.19 -2.84 386.03 0.50 1.19 0 0 1 0.320 13.00 3.84
hero_oak_a 121.04 -3.78 381.34 4.05 1.28 0 0 1 0.550 13.74 8.57
hero_spruce_c 129.02 -2.77 386.67 1.37 1.04 0 0 1 0.420 19.00 3.91
hero_spruce_b 133.06 -2.97 385.02 6.23 0.99 0 0 1 0.320 13.00 3.84
hero_birch_b 143.34 -2.83 384.80 5.02 1.17 0 0 1 0.220 14.31 7.20
hero_spruce_c -137.65 -3.89 393.80 6.03 1.04 0 0 1 0.420 19.00 3.91
hero_oak_a -125.40 -1.36 394.71 1.49 1.09 0 0 1 0.550 13.74 8.57
hero_birch_b -119.95 0.09 392.09 2.60 1.19 0 0 1 0.220 14.31 7.20
hero_spruce_c -108.49 2.97 390.20 4.44 1.21 0 0 1 0.420 19.00 3.91
hero_oak_a -105.50 3.39 394.20 2.29 1.10 0 0 1 0.550 13.74 8.57
hero_pine_b -91.25 7.04 390.59 5.11 1.20 0 0 1 0.300 14.00 4.13
hero_pine_b -84.78 8.43 392.79 3.21 1.01 0 0 1 0.300 14.00 4.13
hero_oak_c -73.70 10.88 390.01 0.97 0.97 0 0 1 0.620 16.21 10.57
hero_spruce_c -69.41 11.68 389.48 2.74 1.04 0 0 1 0.420 19.00 3.91
hero_pine_b -61.14 13.12 391.66 5.57 1.03 0 0 1 0.300 14.00 4.13
hero_spruce_b -48.72 14.98 396.43 1.22 1.29 0 0 1 0.320 13.00 3.84
hero_spruce_b -45.18 15.20 392.49 4.82 1.07 0 0 1 0.320 13.00 3.84
hero_spruce_a -32.99 16.00 392.16 5.92 0.96 0 0 1 0.380 16.00 3.90
hero_oak_b 69.01 3.02 395.78 2.33 1.03 0 0 1 0.480 10.11 6.89
hero_birch_b 75.30 1.17 391.98 2.78 1.16 0 0 1 0.220 14.31 7.20
hero_birch_b 87.00 -0.72 389.71 4.75 0.96 0 0 1 0.220 14.31 7.20
hero_birch_b 92.19 -0.60 392.37 2.39 1.24 0 0 1 0.220 14.31 7.20
hero_pine_a 102.46 -1.39 391.80 3.03 1.05 0 0 1 0.340 17.00 4.12
hero_spruce_b 109.20 -1.40 393.25 3.60 1.32 0 0 1 0.320 13.00 3.84
hero_spruce_a 122.04 -1.16 396.11 4.49 1.24 0 0 1 0.380 16.00 3.90
hero_spruce_b 129.65 -1.38 395.21 4.69 1.05 0 0 1 0.320 13.00 3.84
hero_spruce_b 133.63 -1.42 395.26 0.24 1.21 0 0 1 0.320 13.00 3.84
hero_spruce_a 141.07 -1.62 393.96 0.60 1.15 0 0 1 0.380 16.00 3.90
hero_spruce_c -144.93 -5.82 402.46 5.99 1.02 0 0 1 0.420 19.00 3.91
hero_oak_a -139.38 -4.56 398.42 3.25 1.02 0 0 1 0.550 13.74 8.57
hero_birch_b -126.44 -1.89 398.69 6.01 0.96 0 0 1 0.220 14.31 7.20
hero_pine_b -121.78 -1.25 403.99 5.59 1.30 0 0 1 0.300 14.00 4.13
hero_spruce_c -108.25 2.08 402.66 6.02 1.31 0 0 1 0.420 19.00 3.91
hero_birch_a -100.28 4.24 400.50 5.31 0.96 0 0 1 0.200 13.23 4.86
hero_birch_b -86.81 7.45 402.48 2.70 1.09 0 0 1 0.220 14.31 7.20
hero_oak_c -77.70 9.53 404.63 1.73 1.07 0 0 1 0.620 16.21 10.57
hero_pine_b -71.99 10.92 402.19 0.15 1.12 0 0 1 0.300 14.00 4.13
hero_spruce_a -56.69 13.93 400.68 5.93 0.96 0 0 1 0.380 16.00 3.90
hero_spruce_b -53.28 14.49 404.31 3.51 1.09 0 0 1 0.320 13.00 3.84
hero_pine_b -40.98 15.98 399.32 0.06 1.02 0 0 1 0.300 14.00 4.13
hero_pine_a 61.70 5.97 403.43 5.12 1.26 0 0 1 0.340 17.00 4.12
hero_pine_a 66.21 3.97 397.93 3.96 1.09 0 0 1 0.340 17.00 4.12
hero_spruce_a 75.09 3.58 402.11 6.02 1.02 0 0 1 0.380 16.00 3.90
hero_spruce_a 85.84 1.90 400.69 2.38 1.15 0 0 1 0.380 16.00 3.90
hero_pine_b 93.18 0.97 399.69 2.94 0.99 0 0 1 0.300 14.00 4.13
hero_pine_a 101.20 1.20 403.79 2.05 1.24 0 0 1 0.340 17.00 4.12
hero_pine_b 112.20 -0.36 398.89 3.24 1.04 0 0 1 0.300 14.00 4.13
hero_oak_b 119.30 0.06 402.46 1.37 1.17 0 0 1 0.480 10.11 6.89
hero_spruce_a 128.04 -0.49 400.64 2.20 1.33 0 0 1 0.380 16.00 3.90
hero_oak_b 138.86 -0.66 400.52 1.39 1.07 0 0 1 0.480 10.11 6.89
hero_spruce_a -129.37 -3.30 411.23 2.33 1.01 0 0 1 0.380 16.00 3.90
hero_birch_b -119.89 -1.35 412.82 1.93 1.29 0 0 1 0.220 14.31 7.20
hero_birch_b -112.41 0.77 407.36 3.42 1.00 0 0 1 0.220 14.31 7.20
hero_spruce_b -106.05 2.09 411.35 5.29 1.04 0 0 1 0.320 13.00 3.84
hero_birch_b -95.96 4.79 408.43 1.20 1.24 0 0 1 0.220 14.31 7.20
hero_spruce_a -88.27 6.83 407.25 5.81 1.03 0 0 1 0.380 16.00 3.90
hero_oak_c -77.38 9.35 409.91 4.87 1.22 0 0 1 0.620 16.21 10.57
hero_spruce_a -67.99 11.47 411.27 0.11 1.30 0 0 1 0.380 16.00 3.90
hero_pine_a -53.29 14.46 408.28 2.20 1.21 0 0 1 0.340 17.00 4.12
hero_oak_b -42.53 16.03 407.21 2.98 1.30 0 0 1 0.480 10.11 6.89
hero_spruce_b 69.06 6.54 411.78 2.45 0.95 0 0 1 0.320 13.00 3.84
hero_oak_a 72.92 5.45 409.37 1.09 1.16 0 0 1 0.550 13.74 8.57
hero_pine_b 84.59 4.45 411.86 1.23 0.96 0 0 1 0.300 14.00 4.13
hero_spruce_a 96.19 2.15 406.46 0.90 1.10 0 0 1 0.380 16.00 3.90
hero_pine_b 103.04 2.94 413.09 0.14 1.03 0 0 1 0.300 14.00 4.13
hero_pine_a 107.58 2.43 412.09 3.98 1.21 0 0 1 0.340 17.00 4.12
hero_pine_b 114.93 1.45 409.01 4.09 1.09 0 0 1 0.300 14.00 4.13
hero_spruce_b 128.39 0.89 408.92 2.31 1.29 0 0 1 0.320 13.00 3.84
hero_birch_b 134.40 1.26 412.59 2.90 1.12 0 0 1 0.220 14.31 7.20
hero_oak_c 144.14 0.67 411.21 1.79 1.24 0 0 1 0.620 16.21 10.57
hero_birch_b -134.39 -4.66 419.70 1.71 1.13 0 0 1 0.220 14.31 7.20
hero_oak_c -125.45 -2.85 418.88 4.78 1.31 0 0 1 0.620 16.21 10.57
hero_spruce_b -116.42 -0.94 421.50 1.16 1.01 0 0 1 0.320 13.00 3.84
hero_oak_b -112.80 0.11 417.06 4.24 1.14 0 0 1 0.480 10.11 6.89
hero_spruce_a -106.04 1.70 417.99 3.62 1.14 0 0 1 0.380 16.00 3.90
hero_pine_b -93.27 4.91 418.46 1.98 1.20 0 0 1 0.300 14.00 4.13
hero_oak_c -88.33 6.08 420.35 0.02 1.18 0 0 1 0.620 16.21 10.57
hero_pine_b -78.69 8.48 420.95 0.52 1.28 0 0 1 0.300 14.00 4.13
hero_birch_a -65.89 11.80 415.48 0.56 1.03 0 0 1 0.200 13.23 4.86
hero_pine_a -50.79 14.61 421.68 5.85 1.28 0 0 1 0.340 17.00 4.12
hero_oak_c -36.61 16.84 416.61 1.79 1.04 0 0 1 0.620 16.21 10.57
hero_spruce_b 57.03 9.45 417.36 3.67 1.33 0 0 1 0.320 13.00 3.84
hero_spruce_a 70.98 7.30 417.45 4.27 1.08 0 0 1 0.380 16.00 3.90
hero_birch_b 78.02 6.05 415.89 3.95 0.96 0 0 1 0.220 14.31 7.20
hero_birch_a 85.61 5.34 417.19 5.41 1.14 0 0 1 0.200 13.23 4.86
hero_oak_b 96.27 4.77 419.99 5.07 1.15 0 0 1 0.480 10.11 6.89
hero_spruce_b 104.69 3.77 418.33 0.33 1.26 0 0 1 0.320 13.00 3.84
hero_spruce_b 109.73 3.18 416.81 1.67 1.02 0 0 1 0.320 13.00 3.84
hero_spruce_b 118.00 3.15 419.43 1.16 1.00 0 0 1 0.320 13.00 3.84
hero_pine_a 123.69 2.20 415.48 1.69 0.95 0 0 1 0.340 17.00 4.12
hero_spruce_c 135.84 2.00 417.97 5.04 1.14 0 0 1 0.420 19.00 3.91
hero_oak_a 143.62 1.77 419.27 0.41 1.12 0 0 1 0.550 13.74 8.57
hero_spruce_b -143.62 -6.39 426.60 3.84 0.98 0 0 1 0.320 13.00 3.84
hero_spruce_b -137.17 -5.28 423.95 3.40 1.13 0 0 1 0.320 13.00 3.84
hero_pine_a -126.50 -3.28 425.91 3.68 0.97 0 0 1 0.340 17.00 4.12
hero_oak_c -122.25 -2.44 426.30 1.38 1.32 0 0 1 0.620 16.21 10.57
hero_oak_c -110.26 0.30 425.77 5.38 1.24 0 0 1 0.620 16.21 10.57
hero_birch_a -102.06 2.32 425.33 3.23 1.25 0 0 1 0.200 13.23 4.86
hero_spruce_b -91.37 4.91 427.49 1.18 1.33 0 0 1 0.320 13.00 3.84
hero_pine_a -86.74 6.18 426.17 4.92 1.19 0 0 1 0.340 17.00 4.12
hero_spruce_b -76.13 8.90 425.53 4.86 1.12 0 0 1 0.320 13.00 3.84
hero_oak_a -66.72 10.94 429.62 4.11 1.19 0 0 1 0.550 13.74 8.57
hero_spruce_b -60.46 12.65 423.51 2.07 1.04 0 0 1 0.320 13.00 3.84
hero_spruce_a -49.65 14.53 429.42 1.66 1.07 0 0 1 0.380 16.00 3.90
hero_pine_a -40.29 16.04 430.40 4.14 1.01 0 0 1 0.340 17.00 4.12
hero_pine_a 61.14 9.98 425.24 6.15 1.29 0 0 1 0.340 17.00 4.12
hero_oak_a 66.71 9.41 427.10 3.50 1.27 0 0 1 0.550 13.74 8.57
hero_spruce_a 73.55 8.66 428.39 2.83 1.20 0 0 1 0.380 16.00 3.90
hero_pine_b 84.43 6.82 424.88 2.95 1.02 0 0 1 0.300 14.00 4.13
hero_pine_a 92.15 6.84 430.43 3.20 1.25 0 0 1 0.340 17.00 4.12
hero_pine_a 103.98 5.11 425.86 2.93 1.26 0 0 1 0.340 17.00 4.12
hero_birch_b 110.45 4.59 425.39 3.99 1.08 0 0 1 0.220 14.31 7.20
hero_spruce_b 121.21 3.62 423.63 2.27 1.28 0 0 1 0.320 13.00 3.84
hero_oak_a 125.44 3.85 426.68 1.25 1.04 0 0 1 0.550 13.74 8.57
hero_pine_a 142.06 2.89 427.28 0.66 1.10 0 0 1 0.340 17.00 4.12
hero_spruce_a -133.84 -4.97 438.20 1.90 1.31 0 0 1 0.380 16.00 3.90
hero_spruce_b -125.45 -3.30 433.50 4.19 1.24 0 0 1 0.320 13.00 3.84
hero_spruce_c -117.63 -1.69 435.24 0.42 1.03 0 0 1 0.420 19.00 3.91
hero_spruce_c -111.91 -0.52 438.39 5.99 1.07 0 0 1 0.420 19.00 3.91
hero_spruce_b -100.55 2.34 433.67 3.34 1.18 0 0 1 0.320 13.00 3.84
hero_spruce_c -93.92 3.87 436.94 3.17 1.01 0 0 1 0.420 19.00 3.91
hero_oak_c -85.35 6.21 432.73 2.71 1.15 0 0 1 0.620 16.21 10.57
hero_spruce_b -77.43 8.11 434.56 3.14 1.17 0 0 1 0.320 13.00 3.84
hero_spruce_a -66.34 10.89 432.36 6.21 1.19 0 0 1 0.380 16.00 3.90
hero_oak_a -61.80 11.89 432.89 6.12 1.14 0 0 1 0.550 13.74 8.57
hero_spruce_a -49.65 14.35 433.32 6.14 1.00 0 0 1 0.380 16.00 3.90
hero_spruce_a -44.04 15.00 438.91 5.33 1.20 0 0 1 0.380 16.00 3.90
hero_oak_b 52.76 12.50 438.56 0.02 1.20 0 0 1 0.480 10.11 6.89
hero_birch_a 56.37 11.87 436.33 5.88 1.09 0 0 1 0.200 13.23 4.86
hero_pine_b 70.15 10.19 438.02 0.53 1.26 0 0 1 0.300 14.00 4.13
hero_oak_a 79.27 9.12 437.75 2.09 1.05 0 0 1 0.550 13.74 8.57
hero_oak_c 82.38 8.63 436.33 0.31 1.11 0 0 1 0.620 16.21 10.57
hero_pine_b 95.67 7.66 438.84 0.79 1.08 0 0 1 0.300 14.00 4.13
hero_oak_b 101.82 6.67 435.17 6.14 1.26 0 0 1 0.480 10.11 6.89
hero_pine_b 109.79 6.42 437.86 4.47 1.22 0 0 1 0.300 14.00 4.13
hero_pine_b 115.56 5.70 435.20 4.54 0.96 0 0 1 0.300 14.00 4.13
hero_spruce_a 127.81 4.46 432.06 3.77 1.06 0 0 1 0.380 16.00 3.90
hero_spruce_c 138.51 3.86 433.29 0.88 1.34 0 0 1 0.420 19.00 3.91
hero_spruce_c 142.60 4.01 437.07 2.70 1.02 0 0 1 0.420 19.00 3.91
hero_pine_b -133.63 -5.00 442.16 4.27 1.31 0 0 1 0.300 14.00 4.13
hero_oak_a -128.17 -4.02 442.96 5.82 1.22 0 0 1 0.550 13.74 8.57
hero_spruce_a -118.67 -2.17 445.46 1.46 1.05 0 0 1 0.380 16.00 3.90
hero_pine_a -107.79 0.29 442.35 4.66 1.22 0 0 1 0.340 17.00 4.12
hero_spruce_a -103.33 1.21 446.26 6.00 1.23 0 0 1 0.380 16.00 3.90
hero_spruce_c -97.21 2.70 445.41 3.07 1.21 0 0 1 0.420 19.00 3.91
hero_spruce_a -82.22 6.59 441.27 3.54 1.06 0 0 1 0.380 16.00 3.90
hero_birch_b -78.54 7.37 443.50 1.10 1.25 0 0 1 0.220 14.31 7.20
hero_spruce_c -62.96 10.90 445.92 2.32 1.06 0 0 1 0.420 19.00 3.91
hero_pine_b -50.45 13.40 446.39 4.21 1.15 0 0 1 0.300 14.00 4.13
hero_oak_a -43.24 14.63 446.58 2.33 1.14 0 0 1 0.550 13.74 8.57
hero_spruce_a 61.58 11.81 446.59 5.53 0.96 0 0 1 0.380 16.00 3.90
hero_spruce_a 70.04 10.66 443.65 3.36 1.23 0 0 1 0.380 16.00 3.90
hero_spruce_a 77.60 9.87 443.99 3.81 1.22 0 0 1 0.380 16.00 3.90
hero_oak_c 86.43 9.32 447.48 3.27 0.98 0 0 1 0.620 16.21 10.57
hero_pine_a 92.89 8.57 445.33 2.88 1.12 0 0 1 0.340 17.00 4.12
hero_oak_a 100.92 7.91 444.82 2.50 0.99 0 0 1 0.550 13.74 8.57
hero_spruce_b 109.82 7.10 443.49 0.48 1.17 0 0 1 0.320 13.00 3.84
hero_oak_c 120.02 6.48 444.20 5.84 1.08 0 0 1 0.620 16.21 10.57
hero_spruce_b 127.73 5.65 441.80 4.93 1.24 0 0 1 0.320 13.00 3.84
hero_spruce_a 134.97 5.24 442.91 4.25 1.19 0 0 1 0.380 16.00 3.90
hero_spruce_c -136.48 -5.62 452.41 3.60 1.18 0 0 1 0.420 19.00 3.91
hero_oak_a -128.25 -4.18 451.31 4.23 1.08 0 0 1 0.550 13.74 8.57
hero_oak_c -121.33 -2.97 455.35 0.92 1.33 0 0 1 0.620 16.21 10.57
hero_birch_a -113.24 -1.22 453.09 0.14 1.17 0 0 1 0.200 13.23 4.86
hero_oak_a -100.59 1.54 455.28 3.76 1.21 0 0 1 0.550 13.74 8.57
hero_pine_a -94.25 3.12 452.78 0.62 1.29 0 0 1 0.340 17.00 4.12
hero_oak_c -88.41 4.64 450.68 0.18 1.08 0 0 1 0.620 16.21 10.57
hero_oak_b -74.06 8.02 451.68 4.43 1.23 0 0 1 0.480 10.11 6.89
hero_spruce_c -65.97 10.04 448.96 5.15 1.16 0 0 1 0.420 19.00 3.91
hero_spruce_a -61.69 10.83 451.18 5.56 1.16 0 0 1 0.380 16.00 3.90
hero_spruce_a -51.27 12.57 455.84 5.98 1.14 0 0 1 0.380 16.00 3.90
hero_pine_b -45.04 13.94 452.08 4.79 1.12 0 0 1 0.300 14.00 4.13
hero_birch_b 52.44 12.93 452.65 1.31 1.12 0 0 1 0.220 14.31 7.20
hero_spruce_b 65.92 11.47 451.55 1.17 1.30 0 0 1 0.320 13.00 3.84
hero_oak_c 77.78 10.37 452.26 3.35 1.13 0 0 1 0.620 16.21 10.57
hero_pine_a 86.47 9.70 453.24 3.47 1.04 0 0 1 0.340 17.00 4.12
hero_spruce_c 95.19 8.91 451.57 2.01 1.20 0 0 1 0.420 19.00 3.91
hero_spruce_a 102.67 8.40 451.74 3.44 1.09 0 0 1 0.380 16.00 3.90
hero_birch_a 109.18 7.71 449.00 6.06 1.17 0 0 1 0.200 13.23 4.86
hero_pine_b 118.45 7.44 453.06 0.99 1.16 0 0 1 0.300 14.00 4.13
hero_birch_a 128.81 6.36 449.45 1.13 1.26 0 0 1 0.200 13.23 4.86
hero_birch_a 134.64 6.40 455.13 3.32 1.25 0 0 1 0.200 13.23 4.86
hero_oak_a 144.72 5.12 450.35 4.12 1.11 0 0 1 0.550 13.74 8.57
hero_oak_a -143.86 -6.89 460.41 5.82 1.01 0 0 1 0.550 13.74 8.57
hero_spruce_c -133.31 -5.31 461.96 3.65 0.95 0 0 1 0.420 19.00 3.91
hero_birch_b -127.57 -4.20 458.34 1.24 0.97 0 0 1 0.220 14.31 7.20
hero_pine_a -118.43 -2.55 460.80 4.47 1.32 0 0 1 0.340 17.00 4.12
hero_oak_a -110.51 -0.92 462.40 4.03 1.13 0 0 1 0.550 13.74 8.57
hero_oak_a -103.32 0.75 460.22 1.62 1.10 0 0 1 0.550 13.74 8.57
hero_spruce_b -94.75 2.77 458.58 1.09 1.33 0 0 1 0.320 13.00 3.84
hero_pine_b -87.05 4.63 458.19 1.42 1.09 0 0 1 0.300 14.00 4.13
hero_pine_b -80.30 5.93 463.73 0.60 1.21 0 0 1 0.300 14.00 4.13
hero_oak_b -71.14 8.22 459.97 5.15 1.15 0 0 1 0.480 10.11 6.89
hero_birch_b -62.65 10.01 460.71 3.77 1.12 0 0 1 0.220 14.31 7.20
hero_spruce_c -54.10 11.93 457.48 0.95 1.13 0 0 1 0.420 19.00 3.91
hero_spruce_c -42.71 13.78 458.49 3.82 1.19 0 0 1 0.420 19.00 3.91
hero_spruce_b 58.68 12.22 459.69 2.99 1.19 0 0 1 0.320 13.00 3.84
hero_pine_b 66.18 11.52 462.15 0.43 1.25 0 0 1 0.300 14.00 4.13
hero_birch_a 79.04 10.49 459.18 5.31 1.23 0 0 1 0.200 13.23 4.86
hero_spruce_c 82.79 10.34 464.08 2.50 1.06 0 0 1 0.420 19.00 3.91
hero_spruce_a 94.52 9.64 464.45 0.39 1.02 0 0 1 0.380 16.00 3.90
hero_birch_b 99.65 9.11 459.30 1.95 1.07 0 0 1 0.220 14.31 7.20
hero_spruce_c 108.48 8.75 463.02 4.35 1.27 0 0 1 0.420 19.00 3.91
hero_oak_b 119.86 7.88 460.17 3.08 1.20 0 0 1 0.480 10.11 6.89
hero_oak_b 128.40 7.40 462.13 5.38 1.19 0 0 1 0.480 10.11 6.89
hero_spruce_b 132.35 6.98 460.25 4.25 1.09 0 0 1 0.320 13.00 3.84
hero_spruce_b 144.52 5.99 461.68 0.24 0.98 0 0 1 0.320 13.00 3.84
hero_pine_a -141.97 -7.10 472.90 2.35 1.06 0 0 1 0.340 17.00 4.12
hero_spruce_c -139.47 -6.68 471.38 2.60 1.33 0 0 1 0.420 19.00 3.91
hero_pine_a -130.07 -5.12 471.06 3.78 1.26 0 0 1 0.340 17.00 4.12
hero_oak_b -122.84 -3.67 468.23 1.60 1.30 0 0 1 0.480 10.11 6.89
hero_pine_b -109.15 -1.01 471.89 0.88 1.06 0 0 1 0.300 14.00 4.13
hero_oak_c -99.47 1.30 468.21 4.27 1.05 0 0 1 0.620 16.21 10.57
hero_pine_b -94.44 2.47 467.24 4.01 1.35 0 0 1 0.300 14.00 4.13
hero_spruce_a -86.42 4.36 466.52 5.38 1.28 0 0 1 0.380 16.00 3.90
hero_birch_a -79.74 5.89 466.40 1.51 1.35 0 0 1 0.200 13.23 4.86
hero_spruce_a -69.90 7.70 472.21 2.83 1.29 0 0 1 0.380 16.00 3.90
hero_birch_a -59.19 9.89 471.60 6.07 1.18 0 0 1 0.200 13.23 4.86
hero_pine_a -51.62 11.22 471.74 3.13 1.26 0 0 1 0.340 17.00 4.12
hero_spruce_c -44.63 12.71 467.40 4.79 1.14 0 0 1 0.420 19.00 3.91
hero_oak_b 50.90 12.65 466.37 0.92 1.09 0 0 1 0.480 10.11 6.89
hero_birch_a 60.55 11.77 468.94 0.09 1.12 0 0 1 0.200 13.23 4.86
hero_birch_b 67.86 11.33 466.74 5.58 1.05 0 0 1 0.220 14.31 7.20
hero_oak_a 79.55 10.47 472.73 1.75 1.26 0 0 1 0.550 13.74 8.57
hero_birch_a 85.47 10.20 470.71 2.76 1.15 0 0 1 0.200 13.23 4.86
hero_birch_b 93.87 9.75 468.44 2.32 1.19 0 0 1 0.220 14.31 7.20
hero_pine_b 102.53 9.40 472.83 4.82 1.25 0 0 1 0.300 14.00 4.13
hero_oak_a 108.03 9.02 468.59 4.95 1.18 0 0 1 0.550 13.74 8.57
hero_birch_b 120.41 8.32 468.91 2.79 1.15 0 0 1 0.220 14.31 7.20
hero_pine_b 127.63 7.75 467.11 4.64 1.15 0 0 1 0.300 14.00 4.13
hero_spruce_c 135.46 7.28 470.53 4.53 1.33 0 0 1 0.420 19.00 3.91
hero_spruce_c 144.77 6.52 472.33 0.26 1.17 0 0 1 0.420 19.00 3.91
hero_oak_c -142.74 -7.47 477.29 1.12 1.23 0 0 1 0.620 16.21 10.57
hero_birch_a -133.47 -6.05 477.84 1.93 1.16 0 0 1 0.200 13.23 4.86
hero_spruce_a -127.05 -4.96 478.53 1.67 1.17 0 0 1 0.380 16.00 3.90
hero_oak_b -111.08 -1.76 477.84 0.46 1.31 0 0 1 0.480 10.11 6.89
hero_oak_b -99.61 0.67 479.86 4.21 0.96 0 0 1 0.480 10.11 6.89
hero_spruce_b -93.52 2.11 478.29 1.42 1.15 0 0 1 0.320 13.00 3.84
hero_oak_a -86.52 3.82 475.98 3.92 1.33 0 0 1 0.550 13.74 8.57
hero_birch_a -77.60 5.50 480.81 4.99 1.02 0 0 1 0.200 13.23 4.86
hero_spruce_b -65.04 8.21 479.16 6.25 0.96 0 0 1 0.320 13.00 3.84
hero_oak_a -59.53 9.12 480.38 0.87 1.19 0 0 1 0.550 13.74 8.57
hero_spruce_b -51.02 10.57 480.08 2.82 1.22 0 0 1 0.320 13.00 3.84
hero_pine_a -44.44 11.93 475.99 5.40 1.21 0 0 1 0.340 17.00 4.12
hero_oak_a 52.73 11.56 479.65 2.94 1.11 0 0 1 0.550 13.74 8.57
hero_oak_b 57.22 11.41 478.16 1.29 1.28 0 0 1 0.480 10.11 6.89
hero_oak_a 64.89 11.15 476.08 4.88 1.05 0 0 1 0.550 13.74 8.57
hero_spruce_b 77.67 10.33 480.56 2.00 1.16 0 0 1 0.320 13.00 3.84
hero_birch_a 83.44 10.15 479.80 3.64 1.08 0 0 1 0.200 13.23 4.86
hero_pine_a 95.52 9.73 479.80 5.56 1.10 0 0 1 0.340 17.00 4.12
hero_spruce_c 103.12 9.47 480.66 3.03 0.96 0 0 1 0.420 19.00 3.91
hero_spruce_c 112.83 9.00 477.37 1.71 1.23 0 0 1 0.420 19.00 3.91
hero_spruce_a 125.01 8.43 480.98 1.42 1.02 0 0 1 0.380 16.00 3.90
hero_spruce_c 138.06 7.43 479.83 4.62 1.13 0 0 1 0.420 19.00 3.91
hero_spruce_c 142.45 6.88 475.24 0.51 1.00 0 0 1 0.420 19.00 3.91
hero_birch_b -141.96 -8.16 488.53 6.15 1.18 0 0 1 0.220 14.31 7.20
hero_spruce_a -135.10 -7.13 489.15 2.06 1.22 0 0 1 0.380 16.00 3.90
hero_birch_b -125.50 -4.96 483.00 2.62 1.16 0 0 1 0.220 14.31 7.20
hero_birch_a -107.80 -1.59 486.30 4.11 1.28 0 0 1 0.200 13.23 4.86
hero_spruce_c -105.09 -1.01 486.88 4.46 0.97 0 0 1 0.420 19.00 3.91
hero_oak_a -95.28 1.11 487.81 0.71 1.01 0 0 1 0.550 13.74 8.57
hero_oak_b -78.66 4.72 488.14 1.50 1.16 0 0 1 0.480 10.11 6.89
hero_spruce_b -68.69 6.70 488.96 3.39 1.03 0 0 1 0.320 13.00 3.84
hero_pine_a -61.20 8.51 483.81 3.31 1.29 0 0 1 0.340 17.00 4.12
hero_birch_b -50.27 10.06 486.41 6.16 1.27 0 0 1 0.220 14.31 7.20
hero_oak_c -44.15 10.96 486.04 5.75 1.08 0 0 1 0.620 16.21 10.57
hero_spruce_a 49.87 11.40 483.11 3.63 1.06 0 0 1 0.380 16.00 3.90
hero_spruce_c 62.15 10.50 486.73 5.93 1.31 0 0 1 0.420 19.00 3.91
hero_pine_a 65.89 10.40 486.41 0.96 1.20 0 0 1 0.340 17.00 4.12
hero_pine_b 79.53 9.99 486.71 4.32 1.13 0 0 1 0.300 14.00 4.13
hero_oak_c 81.62 9.79 489.52 0.24 1.26 0 0 1 0.620 16.21 10.57
hero_birch_b 94.69 9.58 488.45 2.34 1.12 0 0 1 0.220 14.31 7.20
hero_spruce_a 104.81 9.34 488.51 3.98 1.07 0 0 1 0.380 16.00 3.90
hero_oak_a 112.42 9.10 488.81 3.04 1.11 0 0 1 0.550 13.74 8.57
hero_birch_a 121.52 8.71 489.63 5.01 1.19 0 0 1 0.200 13.23 4.86
hero_birch_a 130.02 8.14 484.79 2.50 1.35 0 0 1 0.200 13.23 4.86
hero_oak_a 136.57 7.68 485.72 3.33 1.26 0 0 1 0.550 13.74 8.57
hero_spruce_c -135.86 -7.52 492.30 3.96 1.10 0 0 1 0.420 19.00 3.91
hero_oak_b -128.44 -6.48 494.99 4.64 1.20 0 0 1 0.480 10.11 6.89
hero_pine_a -118.83 -4.65 495.35 0.12 1.31 0 0 1 0.340 17.00 4.12
hero_spruce_b -109.90 -2.46 491.94 4.89 1.21 0 0 1 0.320 13.00 3.84
hero_spruce_c -105.86 -1.74 493.77 2.29 1.22 0 0 1 0.420 19.00 3.91
hero_oak_b -88.56 2.26 492.27 2.25 1.02 0 0 1 0.480 10.11 6.89
hero_pine_b -76.90 4.63 493.67 1.25 1.14 0 0 1 0.300 14.00 4.13
hero_spruce_a -63.05 7.36 493.26 5.51 0.96 0 0 1 0.380 16.00 3.90
hero_spruce_b -51.93 8.63 497.89 3.95 1.30 0 0 1 0.320 13.00 3.84
hero_spruce_b 53.32 10.08 494.15 3.58 1.35 0 0 1 0.320 13.00 3.84
hero_pine_a 62.49 10.05 491.81 3.21 1.35 0 0 1 0.340 17.00 4.12
hero_birch_a 69.96 9.60 495.33 2.98 1.23 0 0 1 0.200 13.23 4.86
hero_birch_a 72.97 9.71 493.43 2.87 1.16 0 0 1 0.200 13.23 4.86
hero_oak_c 82.67 9.53 494.33 2.53 1.00 0 0 1 0.620 16.21 10.57
hero_spruce_c 91.36 9.38 495.81 4.44 0.99 0 0 1 0.420 19.00 3.91
hero_spruce_b 98.54 9.32 495.34 5.50 1.03 0 0 1 0.320 13.00 3.84
hero_birch_a 107.96 9.09 497.55 5.07 1.21 0 0 1 0.200 13.23 4.86
hero_pine_b 116.77 8.88 495.30 2.31 1.30 0 0 1 0.300 14.00 4.13
hero_spruce_a 128.13 8.39 495.81 0.09 1.04 0 0 1 0.380 16.00 3.90
hero_oak_b 133.06 8.07 497.33 2.46 1.15 0 0 1 0.480 10.11 6.89
hero_spruce_b 144.66 7.10 493.46 5.91 1.28 0 0 1 0.320 13.00 3.84
hero_oak_c -135.02 -8.25 501.31 5.57 0.95 0 0 1 0.620 16.21 10.57
hero_spruce_a -128.82 -7.26 502.20 6.13 1.14 0 0 1 0.380 16.00 3.90
hero_pine_a -123.03 -6.65 506.61 3.69 1.34 0 0 1 0.340 17.00 4.12
hero_pine_b -107.93 -3.42 506.58 3.17 1.05 0 0 1 0.300 14.00 4.13
hero_spruce_b -104.48 -2.32 503.18 2.85 1.23 0 0 1 0.320 13.00 3.84
hero_pine_b -95.51 -0.70 507.00 4.47 1.21 0 0 1 0.300 14.00 4.13
hero_oak_b -85.04 2.01 503.09 2.46 1.32 0 0 1 0.480 10.11 6.89
hero_pine_b -79.86 3.38 500.37 5.91 1.34 0 0 1 0.300 14.00 4.13
hero_birch_b -70.67 4.69 505.77 3.72 1.14 0 0 1 0.220 14.31 7.20
hero_spruce_b -59.05 7.32 500.09 0.75 1.25 0 0 1 0.320 13.00 3.84
hero_spruce_c 53.40 8.86 505.21 3.68 0.95 0 0 1 0.420 19.00 3.91
hero_spruce_b 57.75 8.89 504.46 2.52 1.04 0 0 1 0.320 13.00 3.84
hero_spruce_c 69.06 8.79 504.92 2.20 1.08 0 0 1 0.420 19.00 3.91
hero_birch_a 78.82 8.87 504.57 1.81 1.00 0 0 1 0.200 13.23 4.86
hero_oak_b 94.18 8.94 504.41 0.60 1.28 0 0 1 0.480 10.11 6.89
hero_pine_a 99.10 8.87 506.79 5.82 1.08 0 0 1 0.340 17.00 4.12
hero_birch_b 112.63 8.88 502.81 0.35 1.22 0 0 1 0.220 14.31 7.20
hero_pine_b 119.39 8.75 501.49 5.01 0.99 0 0 1 0.300 14.00 4.13
hero_spruce_a 125.01 8.49 503.16 3.38 1.24 0 0 1 0.380 16.00 3.90
hero_oak_a 135.58 7.91 502.81 5.57 1.18 0 0 1 0.550 13.74 8.57
hero_pine_b 141.67 7.46 503.37 1.58 1.05 0 0 1 0.300 14.00 4.13
hero_birch_b -141.58 -10.60 512.72 1.19 1.22 0 0 1 0.220 14.31 7.20
hero_birch_a -137.19 -9.91 512.85 0.77 0.99 0 0 1 0.200 13.23 4.86
hero_oak_b -128.05 -8.30 512.62 0.57 1.08 0 0 1 0.480 10.11 6.89
hero_spruce_c -116.57 -6.04 513.05 5.60 1.02 0 0 1 0.420 19.00 3.91
hero_spruce_b -112.50 -5.21 513.24 3.35 1.29 0 0 1 0.320 13.00 3.84
hero_birch_b -104.65 -3.59 514.29 5.73 1.32 0 0 1 0.220 14.31 7.20
hero_spruce_c -84.90 1.25 510.61 2.81 1.27 0 0 1 0.420 19.00 3.91
hero_spruce_a -74.75 3.04 513.55 5.89 1.08 0 0 1 0.380 16.00 3.90
hero_spruce_a -65.05 4.88 513.13 3.33 1.12 0 0 1 0.380 16.00 3.90
hero_spruce_c -63.46 5.03 514.05 3.41 1.18 0 0 1 0.420 19.00 3.91
hero_birch_b -50.37 7.60 508.60 6.14 1.28 0 0 1 0.220 14.31 7.20
hero_oak_b 54.04 7.63 515.33 6.20 1.09 0 0 1 0.480 10.11 6.89
hero_pine_b 59.39 8.36 508.89 2.46 1.35 0 0 1 0.300 14.00 4.13
hero_oak_a 65.51 7.98 513.05 5.50 0.97 0 0 1 0.550 13.74 8.57
hero_pine_b 74.01 8.16 512.42 0.84 1.04 0 0 1 0.300 14.00 4.13
hero_birch_a 85.49 8.46 511.19 5.30 1.13 0 0 1 0.200 13.23 4.86
hero_oak_b 94.35 8.45 513.64 3.04 1.25 0 0 1 0.480 10.11 6.89
hero_spruce_a 103.43 8.78 509.01 6.25 1.13 0 0 1 0.380 16.00 3.90
hero_oak_c 108.10 8.65 512.77 0.25 1.08 0 0 1 0.620 16.21 10.57
hero_spruce_c 116.26 8.67 509.67 4.95 1.05 0 0 1 0.420 19.00 3.91
hero_oak_b 124.78 8.36 513.45 3.95 1.14 0 0 1 0.480 10.11 6.89
hero_oak_a 136.45 7.80 515.20 0.75 1.13 0 0 1 0.550 13.74 8.57
hero_spruce_c 143.65 7.32 512.89 5.05 0.97 0 0 1 0.420 19.00 3.91
hero_birch_b -141.91 -11.40 519.33 5.16 1.01 0 0 1 0.220 14.31 7.20
hero_pine_b -125.53 -8.68 519.76 2.19 1.04 0 0 1 0.300 14.00 4.13
hero_spruce_c -120.35 -7.39 517.63 2.44 1.09 0 0 1 0.420 19.00 3.91
hero_spruce_a -113.95 -6.19 518.93 5.32 1.01 0 0 1 0.380 16.00 3.90
hero_oak_c -100.95 -3.92 523.75 3.77 1.29 0 0 1 0.620 16.21 10.57
hero_oak_a -91.53 -1.78 523.67 3.74 1.34 0 0 1 0.550 13.74 8.57
hero_spruce_a -83.32 0.05 523.48 2.50 1.24 0 0 1 0.380 16.00 3.90
hero_birch_b -73.81 2.62 518.44 2.20 1.17 0 0 1 0.220 14.31 7.20
hero_oak_b -71.82 2.61 521.52 1.13 1.27 0 0 1 0.480 10.11 6.89
hero_birch_a -60.27 4.67 521.05 2.31 1.06 0 0 1 0.200 13.23 4.86
hero_spruce_c -53.10 5.62 521.34 3.64 1.27 0 0 1 0.420 19.00 3.91
hero_spruce_b -46.41 6.96 517.22 1.61 1.24 0 0 1 0.320 13.00 3.84
hero_spruce_c 65.25 7.42 518.30 2.06 1.08 0 0 1 0.420 19.00 3.91
hero_spruce_b 72.96 7.26 521.69 5.54 1.34 0 0 1 0.320 13.00 3.84
hero_spruce_c 81.38 7.89 517.64 0.10 1.12 0 0 1 0.420 19.00 3.91
hero_pine_b 91.80 7.95 521.41 1.82 0.95 0 0 1 0.300 14.00 4.13
hero_spruce_b 105.04 8.46 517.10 1.11 0.97 0 0 1 0.320 13.00 3.84
hero_oak_a 109.33 8.38 519.13 1.92 1.30 0 0 1 0.550 13.74 8.57
hero_oak_b 117.55 8.36 519.37 4.74 1.25 0 0 1 0.480 10.11 6.89
hero_spruce_b 125.16 8.26 517.04 0.40 1.29 0 0 1 0.320 13.00 3.84
hero_spruce_a 136.03 7.74 523.43 2.99 1.13 0 0 1 0.380 16.00 3.90
hero_pine_b 141.19 7.47 518.41 1.79 1.16 0 0 1 0.300 14.00 4.13
hero_oak_b -136.69 -11.69 528.45 0.76 1.04 0 0 1 0.480 10.11 6.89
hero_pine_a -128.60 -10.13 526.72 5.49 1.13 0 0 1 0.340 17.00 4.12
hero_oak_b -122.94 -9.37 529.13 2.65 1.33 0 0 1 0.480 10.11 6.89
hero_pine_a -101.16 -4.48 527.91 5.82 1.12 0 0 1 0.340 17.00 4.12
hero_oak_a -91.68 -2.49 529.20 4.60 0.96 0 0 1 0.550 13.74 8.57
hero_birch_b -89.02 -1.90 529.21 2.49 1.00 0 0 1 0.220 14.31 7.20
hero_birch_a -76.29 0.57 530.66 0.08 1.14 0 0 1 0.200 13.23 4.86
hero_pine_a -71.59 1.99 526.66 3.58 1.28 0 0 1 0.340 17.00 4.12
hero_spruce_b -57.43 3.82 530.43 4.08 1.08 0 0 1 0.320 13.00 3.84
hero_spruce_b -49.58 5.37 526.33 3.40 1.25 0 0 1 0.320 13.00 3.84
hero_oak_c -44.69 5.41 529.74 0.54 1.12 0 0 1 0.620 16.21 10.57
hero_birch_a 69.98 6.59 527.68 5.78 1.16 0 0 1 0.200 13.23 4.86
hero_spruce_a 75.13 6.40 531.73 3.74 1.27 0 0 1 0.380 16.00 3.90
hero_pine_a 85.83 7.02 530.54 5.25 1.29 0 0 1 0.340 17.00 4.12
hero_pine_b 91.95 7.45 528.61 4.18 1.18 0 0 1 0.300 14.00 4.13
hero_spruce_b 102.24 7.89 527.72 2.60 0.98 0 0 1 0.320 13.00 3.84
hero_spruce_a 120.27 7.96 531.85 0.43 1.28 0 0 1 0.380 16.00 3.90
hero_oak_b 126.14 7.89 532.49 3.14 1.22 0 0 1 0.480 10.11 6.89
hero_oak_c 138.97 7.51 528.27 5.10 1.33 0 0 1 0.620 16.21 10.57
hero_spruce_a -136.22 -12.59 536.93 5.89 1.34 0 0 1 0.380 16.00 3.90
hero_spruce_a -129.13 -11.39 536.78 6.01 1.00 0 0 1 0.380 16.00 3.90
hero_oak_c -110.38 -8.00 539.39 5.57 1.24 0 0 1 0.620 16.21 10.57
hero_spruce_b -101.81 -6.09 539.28 3.84 1.21 0 0 1 0.320 13.00 3.84
hero_spruce_c -95.15 -4.47 538.25 3.37 1.20 0 0 1 0.420 19.00 3.91
hero_pine_a -84.87 -2.10 537.42 4.65 1.13 0 0 1 0.340 17.00 4.12
hero_spruce_c -76.21 -0.50 538.76 2.11 1.17 0 0 1 0.420 19.00 3.91
hero_oak_c -68.49 1.08 537.66 0.22 1.06 0 0 1 0.620 16.21 10.57
hero_spruce_b -58.51 2.84 536.20 2.14 1.31 0 0 1 0.320 13.00 3.84
hero_spruce_c -54.02 2.89 540.09 5.04 1.18 0 0 1 0.420 19.00 3.91
hero_oak_a -39.49 4.51 538.79 0.38 1.01 0 0 1 0.550 13.74 8.57
hero_pine_a 61.31 4.96 539.12 6.23 1.24 0 0 1 0.340 17.00 4.12
hero_spruce_a 67.28 5.43 537.47 4.94 1.27 0 0 1 0.380 16.00 3.90
hero_pine_a 78.54 5.93 538.86 3.12 1.02 0 0 1 0.340 17.00 4.12
hero_oak_b 82.02 6.44 535.40 0.65 1.06 0 0 1 0.480 10.11 6.89
hero_oak_b 91.49 6.88 536.42 3.32 0.98 0 0 1 0.480 10.11 6.89
hero_spruce_b 100.48 7.23 537.65 6.24 1.13 0 0 1 0.320 13.00 3.84
hero_birch_a 111.17 7.46 540.54 0.25 1.30 0 0 1 0.200 13.23 4.86
hero_pine_a 120.71 7.71 539.36 4.16 1.10 0 0 1 0.340 17.00 4.12
hero_oak_c 128.29 7.68 539.32 4.50 1.20 0 0 1 0.620 16.21 10.57
hero_spruce_a 133.57 7.54 540.79 5.99 1.09 0 0 1 0.380 16.00 3.90
hero_spruce_c 144.17 7.11 540.96 2.00 1.28 0 0 1 0.420 19.00 3.91
hero_spruce_a -136.99 -13.64 547.62 2.40 1.10 0 0 1 0.380 16.00 3.90
hero_oak_b -126.42 -12.00 547.03 5.23 1.27 0 0 1 0.480 10.11 6.89
hero_pine_a -122.42 -11.07 544.84 0.51 1.35 0 0 1 0.340 17.00 4.12
hero_oak_b -109.09 -8.14 543.10 0.69 1.04 0 0 1 0.480 10.11 6.89
hero_spruce_a -105.44 -7.74 546.35 1.60 1.11 0 0 1 0.380 16.00 3.90
hero_spruce_c -93.84 -5.17 546.33 1.08 0.96 0 0 1 0.420 19.00 3.91
hero_spruce_c -74.30 -1.28 547.08 4.40 1.33 0 0 1 0.420 19.00 3.91
hero_birch_a -66.31 -0.19 549.42 4.35 1.12 0 0 1 0.200 13.23 4.86
hero_birch_a -58.56 1.41 546.31 6.00 1.05 0 0 1 0.200 13.23 4.86
hero_pine_b -52.07 2.12 546.91 5.87 1.32 0 0 1 0.300 14.00 4.13
hero_spruce_c -40.76 3.65 543.67 3.85 1.28 0 0 1 0.420 19.00 3.91
hero_spruce_c 58.56 3.80 547.74 1.02 1.23 0 0 1 0.420 19.00 3.91
hero_birch_a 68.71 4.34 548.20 2.37 1.07 0 0 1 0.200 13.23 4.86
hero_spruce_a 72.66 5.14 542.92 4.68 1.31 0 0 1 0.380 16.00 3.90
hero_pine_b 85.36 5.49 548.28 2.39 1.22 0 0 1 0.300 14.00 4.13
hero_oak_c 90.12 6.06 545.75 1.58 0.97 0 0 1 0.620 16.21 10.57
hero_spruce_b 104.57 6.74 548.14 3.79 1.22 0 0 1 0.320 13.00 3.84
hero_birch_a 109.29 7.20 544.45 0.04 1.13 0 0 1 0.200 13.23 4.86
hero_birch_a 122.06 7.38 548.06 1.53 0.98 0 0 1 0.200 13.23 4.86
hero_oak_b 136.17 7.35 546.68 0.65 1.07 0 0 1 0.480 10.11 6.89
hero_spruce_a 141.68 7.21 543.89 0.22 1.08 0 0 1 0.380 16.00 3.90
hero_spruce_c -142.40 -14.55 552.31 0.40 1.02 0 0 1 0.420 19.00 3.91
hero_spruce_a -133.74 -13.74 555.53 1.49 1.20 0 0 1 0.380 16.00 3.90
hero_spruce_a -125.39 -12.57 556.29 5.23 1.25 0 0 1 0.380 16.00 3.90
hero_pine_b -116.09 -11.01 557.41 4.62 1.21 0 0 1 0.300 14.00 4.13
hero_spruce_a -108.11 -9.26 555.51 5.20 1.06 0 0 1 0.380 16.00 3.90
hero_oak_b -101.81 -7.98 555.92 3.28 1.06 0 0 1 0.480 10.11 6.89
hero_spruce_c -95.22 -6.62 556.30 0.52 0.98 0 0 1 0.420 19.00 3.91
hero_oak_b -84.67 -4.30 554.90 6.00 1.33 0 0 1 0.480 10.11 6.89
hero_spruce_c -74.68 -2.05 552.60 2.51 1.06 0 0 1 0.420 19.00 3.91
hero_oak_b -71.78 -1.59 553.14 3.18 1.00 0 0 1 0.480 10.11 6.89
hero_spruce_a -62.47 -0.22 553.89 0.11 1.25 0 0 1 0.380 16.00 3.90
hero_spruce_b -54.83 0.81 554.03 1.17 0.95 0 0 1 0.320 13.00 3.84
hero_spruce_c -39.95 1.97 555.47 1.32 0.96 0 0 1 0.420 19.00 3.91
hero_oak_a -36.58 1.74 558.07 0.05 1.31 0 0 1 0.550 13.74 8.57
hero_spruce_c 58.01 3.13 552.86 4.46 1.14 0 0 1 0.420 19.00 3.91
hero_oak_a 69.28 3.26 557.79 5.43 1.22 0 0 1 0.550 13.74 8.57
hero_birch_a 74.64 3.89 556.14 2.06 1.05 0 0 1 0.200 13.23 4.86
hero_birch_a 86.71 4.70 557.46 3.10 1.30 0 0 1 0.200 13.23 4.86
hero_pine_a 95.24 5.38 557.63 1.58 1.22 0 0 1 0.340 17.00 4.12
hero_birch_a 104.14 6.50 551.51 3.66 1.08 0 0 1 0.200 13.23 4.86
hero_pine_a 113.31 6.64 556.41 5.67 1.12 0 0 1 0.340 17.00 4.12
hero_spruce_a 117.14 7.01 552.71 2.05 1.22 0 0 1 0.380 16.00 3.90
hero_spruce_c 125.69 6.99 557.02 5.71 1.26 0 0 1 0.420 19.00 3.91
hero_birch_b 132.74 7.07 557.15 2.60 1.01 0 0 1 0.220 14.31 7.20
hero_birch_a 141.22 6.98 556.10 3.96 1.20 0 0 1 0.200 13.23 4.86
hero_oak_a -141.44 -14.83 564.70 5.91 1.10 0 0 1 0.550 13.74 8.57
hero_spruce_c -135.17 -14.21 562.27 5.93 1.30 0 0 1 0.420 19.00 3.91
hero_spruce_b -130.42 -13.55 561.01 5.90 1.02 0 0 1 0.320 13.00 3.84
hero_spruce_c -116.87 -11.55 563.22 0.60 1.31 0 0 1 0.420 19.00 3.91
hero_pine_a -110.09 -10.18 562.11 1.97 0.99 0 0 1 0.340 17.00 4.12
hero_spruce_a -99.65 -8.15 562.40 2.20 1.29 0 0 1 0.380 16.00 3.90
hero_spruce_c -93.65 -7.27 566.26 4.66 1.34 0 0 1 0.420 19.00 3.91
hero_oak_c -86.18 -5.66 565.02 2.12 1.02 0 0 1 0.620 16.21 10.57
hero_birch_b -71.07 -3.11 566.41 0.52 1.28 0 0 1 0.220 14.31 7.20
hero_birch_a -62.44 -1.10 560.68 1.94 1.12 0 0 1 0.200 13.23 4.86
hero_spruce_a -53.00 -0.41 564.16 0.25 1.28 0 0 1 0.380 16.00 3.90
hero_spruce_c -42.57 0.30 565.73 4.99 1.07 0 0 1 0.420 19.00 3.91
hero_birch_a 59.91 1.98 562.55 3.41 1.33 0 0 1 0.200 13.23 4.86
hero_spruce_c 66.09 2.45 562.42 1.13 1.27 0 0 1 0.420 19.00 3.91
hero_spruce_c 79.25 3.17 565.85 5.35 0.99 0 0 1 0.420 19.00 3.91
hero_spruce_c 87.76 4.01 564.90 5.64 1.33 0 0 1 0.420 19.00 3.91
hero_pine_a 89.57 4.24 564.46 1.22 1.11 0 0 1 0.340 17.00 4.12
hero_pine_b 99.39 5.14 564.02 2.43 0.95 0 0 1 0.300 14.00 4.13
hero_birch_b 110.23 5.95 563.47 4.29 1.11 0 0 1 0.220 14.31 7.20
hero_oak_a 119.63 6.34 564.81 0.80 1.23 0 0 1 0.550 13.74 8.57
hero_oak_b 125.54 6.51 565.67 5.07 1.09 0 0 1 0.480 10.11 6.89
hero_birch_a 136.04 6.71 565.76 2.02 0.97 0 0 1 0.200 13.23 4.86
hero_spruce_a -142.38 -14.84 571.20 3.28 1.24 0 0 1 0.380 16.00 3.90
hero_spruce_c -136.36 -14.38 572.48 4.90 1.25 0 0 1 0.420 19.00 3.91
hero_spruce_c -125.80 -13.21 572.64 3.50 1.13 0 0 1 0.420 19.00 3.91
hero_pine_a -120.19 -12.31 568.46 4.15 1.00 0 0 1 0.340 17.00 4.12
hero_oak_a -113.47 -11.33 571.54 4.00 1.34 0 0 1 0.550 13.74 8.57
hero_spruce_a -104.45 -9.71 572.05 5.98 0.98 0 0 1 0.380 16.00 3.90
hero_spruce_c -94.06 -7.88 574.37 4.76 0.99 0 0 1 0.420 19.00 3.91
hero_birch_a -83.10 -5.91 574.70 5.63 1.06 0 0 1 0.200 13.23 4.86
hero_pine_a -79.52 -5.32 575.02 0.45 1.10 0 0 1 0.340 17.00 4.12
hero_oak_b -67.49 -3.16 572.00 2.90 1.21 0 0 1 0.480 10.11 6.89
hero_oak_b -63.26 -2.24 568.99 2.08 1.28 0 0 1 0.480 10.11 6.89
hero_spruce_a -54.94 -1.66 572.71 2.36 1.13 0 0 1 0.380 16.00 3.90
hero_spruce_a -44.57 -0.58 571.24 4.27 1.22 0 0 1 0.380 16.00 3.90
hero_birch_a 56.55 1.05 568.02 3.56 1.15 0 0 1 0.200 13.23 4.86
hero_oak_c 67.00 1.81 568.01 0.67 1.23 0 0 1 0.620 16.21 10.57
hero_spruce_b 74.24 2.00 571.30 1.14 1.33 0 0 1 0.320 13.00 3.84
hero_spruce_a 82.10 3.05 568.95 4.95 1.13 0 0 1 0.380 16.00 3.90
hero_spruce_a 94.73 4.07 570.23 3.86 1.21 0 0 1 0.380 16.00 3.90
hero_spruce_b 104.26 4.82 570.96 4.37 1.24 0 0 1 0.320 13.00 3.84
hero_spruce_a 108.70 5.20 570.87 2.75 0.99 0 0 1 0.380 16.00 3.90
hero_birch_b 120.31 5.81 571.99 4.72 1.31 0 0 1 0.220 14.31 7.20
hero_spruce_b 124.03 5.88 573.69 4.12 0.98 0 0 1 0.320 13.00 3.84
hero_pine_a 132.77 6.18 573.97 5.26 0.98 0 0 1 0.340 17.00 4.12
hero_pine_a -143.51 -14.47 580.44 0.51 1.30 0 0 1 0.340 17.00 4.12
hero_spruce_c -138.74 -14.23 580.43 0.80 1.09 0 0 1 0.420 19.00 3.91
hero_birch_a -127.40 -13.39 576.62 0.57 1.27 0 0 1 0.200 13.23 4.86
hero_oak_c -118.86 -12.16 583.29 4.88 1.12 0 0 1 0.620 16.21 10.57
hero_pine_a -111.84 -11.16 576.43 1.74 1.22 0 0 1 0.340 17.00 4.12
hero_oak_c -104.26 -9.90 578.01 5.12 1.22 0 0 1 0.620 16.21 10.57
hero_spruce_a -91.03 -7.56 578.41 4.55 1.21 0 0 1 0.380 16.00 3.90
hero_birch_b -83.94 -6.27 578.04 3.23 1.00 0 0 1 0.220 14.31 7.20
hero_spruce_c -74.75 -4.78 578.04 1.71 1.08 0 0 1 0.420 19.00 3.91
hero_pine_a -57.66 -2.78 580.36 0.49 1.31 0 0 1 0.340 17.00 4.12
hero_pine_b -51.36 -2.40 582.45 5.44 1.35 0 0 1 0.300 14.00 4.13
hero_oak_a -46.53 -1.39 576.81 1.56 1.05 0 0 1 0.550 13.74 8.57
hero_oak_a 58.82 -0.67 581.44 0.95 1.23 0 0 1 0.550 13.74 8.57
hero_spruce_b 73.81 1.08 578.10 4.40 1.16 0 0 1 0.320 13.00 3.84
hero_spruce_c 84.42 1.81 580.33 0.39 1.32 0 0 1 0.420 19.00 3.91
hero_spruce_a 93.77 2.54 582.10 1.75 1.13 0 0 1 0.380 16.00 3.90
hero_pine_a 99.46 3.14 581.80 0.75 1.20 0 0 1 0.340 17.00 4.12
hero_spruce_a 107.29 3.91 581.44 5.01 1.11 0 0 1 0.380 16.00 3.90
hero_oak_b 119.92 4.69 583.28 3.12 1.21 0 0 1 0.480 10.11 6.89
hero_spruce_c 128.56 5.42 581.00 2.21 1.25 0 0 1 0.420 19.00 3.91
hero_spruce_b 134.10 5.88 578.16 3.00 1.27 0 0 1 0.320 13.00 3.84
hero_spruce_c 144.31 6.06 578.44 4.04 1.24 0 0 1 0.420 19.00 3.91
hero_spruce_c -141.74 -13.55 590.15 5.77 1.09 0 0 1 0.420 19.00 3.91
hero_oak_b -137.54 -13.33 590.85 4.23 0.98 0 0 1 0.480 10.11 6.89
hero_pine_b -129.12 -13.19 585.97 1.05 1.18 0 0 1 0.300 14.00 4.13
hero_birch_b -120.52 -12.14 589.00 3.48 1.29 0 0 1 0.220 14.31 7.20
hero_birch_a -113.64 -11.25 589.59 3.34 1.26 0 0 1 0.200 13.23 4.86
hero_oak_b -103.62 -9.86 586.12 3.77 1.16 0 0 1 0.480 10.11 6.89
hero_spruce_a -92.49 -8.10 591.62 0.10 1.14 0 0 1 0.380 16.00 3.90
hero_spruce_b -88.04 -7.41 589.11 4.04 1.28 0 0 1 0.320 13.00 3.84
hero_spruce_c -76.57 -5.67 588.27 0.32 1.19 0 0 1 0.420 19.00 3.91
hero_pine_a -65.69 -4.36 589.53 2.19 1.29 0 0 1 0.340 17.00 4.12
hero_pine_a -59.18 -3.74 590.29 2.20 1.33 0 0 1 0.340 17.00 4.12
hero_oak_c -48.58 -2.63 587.33 4.29 0.97 0 0 1 0.620 16.21 10.57
hero_spruce_a -42.40 -2.46 588.92 5.38 1.22 0 0 1 0.380 16.00 3.90
hero_birch_a -37.87 -2.09 587.03 5.38 1.13 0 0 1 0.200 13.23 4.86
hero_spruce_a 66.10 -1.48 591.07 5.39 1.13 0 0 1 0.380 16.00 3.90
hero_spruce_a 76.29 0.02 587.22 2.50 1.30 0 0 1 0.380 16.00 3.90
hero_spruce_a 86.78 0.66 590.31 1.55 1.05 0 0 1 0.380 16.00 3.90
hero_pine_b 95.74 1.35 591.89 5.89 1.14 0 0 1 0.300 14.00 4.13
hero_spruce_b 102.90 2.47 589.27 0.33 1.07 0 0 1 0.320 13.00 3.84
hero_birch_b 112.26 3.06 591.30 4.27 1.18 0 0 1 0.220 14.31 7.20
hero_spruce_b 118.25 4.31 585.63 2.02 0.97 0 0 1 0.320 13.00 3.84
hero_spruce_c 125.96 4.83 585.62 1.85 0.99 0 0 1 0.420 19.00 3.91
hero_spruce_c 137.58 5.25 586.93 0.44 1.32 0 0 1 0.420 19.00 3.91
hero_birch_b 141.35 5.57 584.99 4.70 1.12 0 0 1 0.220 14.31 7.20
hero_spruce_a -135.72 -12.16 600.40 0.91 0.98 0 0 1 0.380 16.00 3.90
hero_oak_a -126.65 -12.37 594.15 2.82 1.33 0 0 1 0.550 13.74 8.57
hero_birch_b -120.87 -11.58 596.92 2.57 0.98 0 0 1 0.220 14.31 7.20
hero_oak_b -108.52 -10.06 599.30 5.52 1.31 0 0 1 0.480 10.11 6.89
hero_spruce_a -99.82 -9.10 596.21 1.19 1.34 0 0 1 0.380 16.00 3.90
hero_birch_b -93.78 -8.15 599.21 0.48 1.29 0 0 1 0.220 14.31 7.20
hero_oak_b -82.87 -6.72 598.96 6.20 1.26 0 0 1 0.480 10.11 6.89
hero_spruce_b -77.03 -6.01 599.94 0.97 1.32 0 0 1 0.320 13.00 3.84
hero_spruce_b -65.52 -4.67 596.62 0.80 1.13 0 0 1 0.320 13.00 3.84
hero_birch_a -57.65 -3.91 595.36 5.76 1.23 0 0 1 0.200 13.23 4.86
hero_spruce_a -53.24 -3.51 594.27 1.33 1.15 0 0 1 0.380 16.00 3.90
hero_oak_b -40.83 -2.88 594.43 3.07 1.10 0 0 1 0.480 10.11 6.89
hero_birch_b -32.98 -3.22 600.11 3.78 1.21 0 0 1 0.220 14.31 7.20
hero_pine_a 70.69 -2.02 597.37 2.35 1.02 0 0 1 0.340 17.00 4.12
hero_spruce_b 73.41 -1.48 595.52 2.48 0.99 0 0 1 0.320 13.00 3.84
hero_oak_c 81.71 -1.19 598.72 2.04 1.18 0 0 1 0.620 16.21 10.57
hero_spruce_c 91.68 0.50 594.73 5.60 0.99 0 0 1 0.420 19.00 3.91
hero_spruce_a 104.12 1.25 598.12 5.09 1.01 0 0 1 0.380 16.00 3.90
hero_pine_b 117.05 2.32 599.10 0.44 1.33 0 0 1 0.300 14.00 4.13
hero_spruce_c 128.36 3.42 598.04 5.37 1.30 0 0 1 0.420 19.00 3.91
hero_pine_b 135.54 3.71 599.79 2.08 1.07 0 0 1 0.300 14.00 4.13
hero_spruce_b -142.28 -11.72 604.11 3.50 1.12 0 0 1 0.320 13.00 3.84
hero_oak_c -136.07 -11.52 605.07 4.64 1.05 0 0 1 0.620 16.21 10.57
hero_spruce_b -127.60 -11.19 605.23 3.39 1.35 0 0 1 0.320 13.00 3.84
hero_birch_b -116.86 -10.54 603.78 2.40 1.02 0 0 1 0.220 14.31 7.20
hero_pine_a -112.52 -9.98 605.24 1.11 1.12 0 0 1 0.340 17.00 4.12
hero_oak_a -104.08 -8.96 606.67 5.13 1.12 0 0 1 0.550 13.74 8.57
hero_oak_b -90.88 -7.43 607.23 0.40 1.24 0 0 1 0.480 10.11 6.89
hero_spruce_a -88.67 -7.37 602.95 0.92 1.33 0 0 1 0.380 16.00 3.90
hero_birch_b -76.73 -5.92 605.36 4.26 1.17 0 0 1 0.220 14.31 7.20
hero_spruce_a -65.89 -4.91 605.07 5.85 1.20 0 0 1 0.380 16.00 3.90
hero_spruce_a -61.46 -4.58 605.24 1.98 1.35 0 0 1 0.380 16.00 3.90
hero_oak_a -49.39 -3.73 602.26 0.23 0.95 0 0 1 0.550 13.74 8.57
hero_spruce_a -44.37 -3.54 602.17 2.89 1.06 0 0 1 0.380 16.00 3.90
hero_birch_a -32.55 -3.77 608.28 2.68 1.05 0 0 1 0.200 13.23 4.86
hero_pine_a 67.90 -3.73 606.62 6.20 1.30 0 0 1 0.340 17.00 4.12
hero_spruce_a 78.02 -2.32 603.44 4.64 1.25 0 0 1 0.380 16.00 3.90
hero_pine_a 85.90 -2.35 608.13 1.63 1.27 0 0 1 0.340 17.00 4.12
hero_oak_a 93.37 -0.88 604.23 4.46 0.95 0 0 1 0.550 13.74 8.57
hero_birch_b 103.97 0.35 603.38 1.18 1.12 0 0 1 0.220 14.31 7.20
hero_oak_a 106.96 -0.26 608.58 0.88 1.09 0 0 1 0.550 13.74 8.57
hero_spruce_a 119.90 2.13 601.95 1.41 1.28 0 0 1 0.380 16.00 3.90
hero_spruce_a 128.95 2.16 606.78 0.15 1.06 0 0 1 0.380 16.00 3.90
hero_oak_b 139.00 3.61 602.20 0.88 1.07 0 0 1 0.480 10.11 6.89
hero_birch_a 141.07 3.62 603.04 0.31 1.24 0 0 1 0.200 13.23 4.86
hero_oak_c -144.82 -9.67 615.62 2.80 1.12 0 0 1 0.620 16.21 10.57
hero_pine_b -138.60 -10.18 613.47 5.90 1.27 0 0 1 0.300 14.00 4.13
hero_spruce_a -126.59 -10.07 612.66 2.09 1.31 0 0 1 0.380 16.00 3.90
hero_spruce_a -120.28 -9.29 615.52 0.46 1.04 0 0 1 0.380 16.00 3.90
hero_pine_b -112.15 -8.84 614.93 3.31 1.24 0 0 1 0.300 14.00 4.13
hero_spruce_c -102.62 -8.16 613.63 0.69 1.21 0 0 1 0.420 19.00 3.91
hero_birch_a -91.21 -6.71 617.50 0.94 0.98 0 0 1 0.200 13.23 4.86
hero_oak_b -84.43 -6.13 617.51 4.68 1.14 0 0 1 0.480 10.11 6.89
hero_oak_a -66.76 -4.84 617.21 0.48 0.99 0 0 1 0.550 13.74 8.57
hero_birch_a -60.63 -4.58 612.41 2.77 1.15 0 0 1 0.200 13.23 4.86
hero_oak_b -54.99 -4.33 616.50 3.13 1.10 0 0 1 0.480 10.11 6.89
hero_oak_c -41.53 -4.08 616.09 2.85 1.02 0 0 1 0.620 16.21 10.57
hero_spruce_a -31.20 -4.12 614.69 0.25 1.08 0 0 1 0.380 16.00 3.90
hero_oak_a 64.14 -5.47 616.32 1.35 1.25 0 0 1 0.550 13.74 8.57
hero_birch_a 72.80 -5.03 617.33 3.36 1.11 0 0 1 0.200 13.23 4.86
hero_spruce_b 83.74 -3.13 611.42 3.71 1.25 0 0 1 0.320 13.00 3.84
hero_birch_a 91.26 -2.82 613.80 6.25 1.22 0 0 1 0.200 13.23 4.86
hero_birch_b 104.76 -1.96 616.50 0.95 0.98 0 0 1 0.220 14.31 7.20
hero_oak_a 111.87 -0.12 610.53 3.56 1.14 0 0 1 0.550 13.74 8.57
hero_spruce_c 116.69 0.12 611.78 5.42 1.25 0 0 1 0.420 19.00 3.91
hero_birch_b 126.06 0.16 616.37 1.53 1.30 0 0 1 0.220 14.31 7.20
hero_pine_b 133.66 1.31 614.20 1.42 0.96 0 0 1 0.300 14.00 4.13
hero_birch_b 144.11 1.89 616.20 2.20 1.13 0 0 1 0.220 14.31 7.20
hero_pine_a -138.72 -8.23 623.83 0.49 1.16 0 0 1 0.340 17.00 4.12
hero_spruce_b -129.18 -8.59 621.90 0.41 1.22 0 0 1 0.320 13.00 3.84
hero_spruce_a -117.07 -8.07 622.36 3.66 1.25 0 0 1 0.380 16.00 3.90
hero_spruce_a -109.88 -8.07 619.37 2.08 1.19 0 0 1 0.380 16.00 3.90
hero_pine_a -105.04 -7.59 620.30 4.16 1.22 0 0 1 0.340 17.00 4.12
hero_birch_a -93.59 -6.65 620.56 0.74 1.22 0 0 1 0.200 13.23 4.86
hero_oak_c -84.38 -5.88 620.94 1.32 1.16 0 0 1 0.620 16.21 10.57
hero_spruce_b -74.94 -5.08 622.90 2.59 0.97 0 0 1 0.320 13.00 3.84
hero_spruce_c -66.31 -4.55 624.77 1.84 1.00 0 0 1 0.420 19.00 3.91
hero_spruce_b -62.84 -4.37 626.06 2.86 0.97 0 0 1 0.320 13.00 3.84
hero_spruce_c -33.33 -4.36 623.65 4.67 1.02 0 0 1 0.420 19.00 3.91
hero_birch_a 69.87 -6.38 624.71 0.63 1.17 0 0 1 0.200 13.23 4.86
hero_oak_a 79.21 -5.35 622.10 0.10 1.30 0 0 1 0.550 13.74 8.57
hero_birch_b 87.38 -4.40 620.62 0.53 1.01 0 0 1 0.220 14.31 7.20
hero_oak_c 95.78 -3.92 622.11 1.74 0.98 0 0 1 0.620 16.21 10.57
hero_oak_b 99.88 -3.32 620.89 2.12 1.18 0 0 1 0.480 10.11 6.89
hero_spruce_b 109.68 -2.88 623.42 0.16 1.29 0 0 1 0.320 13.00 3.84
hero_spruce_b 124.32 -0.61 619.44 0.59 1.33 0 0 1 0.320 13.00 3.84
hero_spruce_c 134.26 -0.10 621.95 5.30 1.23 0 0 1 0.420 19.00 3.91
hero_spruce_a 144.74 1.01 621.57 2.93 1.24 0 0 1 0.380 16.00 3.90
hero_birch_a -136.24 -6.19 634.29 6.21 1.22 0 0 1 0.200 13.23 4.86
hero_spruce_a -128.90 -6.85 631.13 0.01 1.16 0 0 1 0.380 16.00 3.90
hero_spruce_a -118.27 -6.32 633.06 3.18 1.32 0 0 1 0.380 16.00 3.90
hero_pine_a -114.20 -7.07 627.60 3.32 1.08 0 0 1 0.340 17.00 4.12
hero_pine_a -104.16 -6.57 627.44 2.34 1.23 0 0 1 0.340 17.00 4.12
hero_spruce_a -94.58 -5.96 627.62 5.06 1.34 0 0 1 0.380 16.00 3.90
hero_pine_a -85.10 -5.28 628.45 3.23 1.32 0 0 1 0.340 17.00 4.12
hero_oak_b -77.23 -4.54 632.31 2.58 1.31 0 0 1 0.480 10.11 6.89
hero_pine_b -67.52 -4.28 631.09 1.89 1.17 0 0 1 0.300 14.00 4.13
hero_pine_b -62.18 -4.25 628.86 2.80 1.02 0 0 1 0.300 14.00 4.13
hero_spruce_c -54.69 -3.99 633.34 4.67 1.07 0 0 1 0.420 19.00 3.91
hero_spruce_c -40.90 -4.21 633.64 2.42 1.27 0 0 1 0.420 19.00 3.91
hero_birch_b -36.16 -4.37 634.02 1.61 1.29 0 0 1 0.220 14.31 7.20
hero_pine_a 79.04 -6.63 629.85 1.55 0.99 0 0 1 0.340 17.00 4.12
hero_birch_a 87.46 -6.41 631.71 2.17 1.11 0 0 1 0.200 13.23 4.86
hero_spruce_c 96.40 -5.89 632.44 5.26 1.20 0 0 1 0.420 19.00 3.91
hero_spruce_b 109.92 -4.16 629.72 2.18 1.29 0 0 1 0.320 13.00 3.84
hero_spruce_c 120.81 -4.08 634.29 4.56 1.28 0 0 1 0.420 19.00 3.91
hero_birch_a 124.18 -3.08 631.40 0.48 1.03 0 0 1 0.200 13.23 4.86
hero_oak_c 137.35 -1.81 632.13 0.86 0.99 0 0 1 0.620 16.21 10.57
hero_birch_a 143.25 -0.43 628.50 3.20 1.11 0 0 1 0.200 13.23 4.86
hero_pine_b -143.73 -4.83 639.56 1.22 0.95 0 0 1 0.300 14.00 4.13
hero_spruce_b -136.67 -5.07 639.75 2.80 1.35 0 0 1 0.320 13.00 3.84
hero_oak_b -130.12 -5.09 640.21 5.87 1.34 0 0 1 0.480 10.11 6.89
hero_spruce_a -122.60 -4.94 640.86 5.74 1.20 0 0 1 0.380 16.00 3.90
hero_spruce_c -109.74 -4.40 642.75 1.47 1.28 0 0 1 0.420 19.00 3.91
hero_birch_b -104.18 -4.66 640.15 0.51 1.12 0 0 1 0.220 14.31 7.20
hero_spruce_c -97.15 -4.09 642.43 4.16 1.12 0 0 1 0.420 19.00 3.91
hero_birch_a -83.41 -4.44 635.95 5.40 1.34 0 0 1 0.200 13.23 4.86
hero_oak_c -77.61 -3.64 642.05 5.56 1.20 0 0 1 0.620 16.21 10.57
hero_oak_b -66.88 -3.79 638.66 0.29 1.30 0 0 1 0.480 10.11 6.89
hero_pine_b -57.29 -3.84 637.12 4.86 1.21 0 0 1 0.300 14.00 4.13
hero_birch_b -48.22 -3.80 641.92 1.23 1.35 0 0 1 0.220 14.31 7.20
hero_pine_b -46.48 -3.83 642.06 2.94 1.17 0 0 1 0.300 14.00 4.13
hero_spruce_a -36.60 -4.33 636.72 3.53 1.30 0 0 1 0.380 16.00 3.90
hero_birch_b 69.42 -8.06 636.11 4.09 1.13 0 0 1 0.220 14.31 7.20
hero_birch_b 75.59 -8.15 638.37 2.63 1.11 0 0 1 0.220 14.31 7.20
hero_birch_b 86.45 -7.53 637.70 3.49 1.21 0 0 1 0.220 14.31 7.20
hero_oak_c 95.12 -7.09 638.25 5.58 1.19 0 0 1 0.620 16.21 10.57
hero_spruce_b 104.12 -7.24 642.42 3.15 0.99 0 0 1 0.320 13.00 3.84
hero_oak_c 107.00 -5.80 636.41 0.87 1.12 0 0 1 0.620 16.21 10.57
hero_spruce_a 128.72 -4.36 639.45 2.85 1.09 0 0 1 0.380 16.00 3.90
hero_spruce_b 132.73 -3.41 636.99 2.19 1.31 0 0 1 0.320 13.00 3.84
hero_spruce_a -135.59 -2.95 650.21 0.92 1.01 0 0 1 0.380 16.00 3.90
hero_pine_b -125.55 -3.65 647.68 5.31 1.31 0 0 1 0.300 14.00 4.13
hero_pine_b -118.21 -3.83 646.61 2.41 1.08 0 0 1 0.300 14.00 4.13
hero_oak_a -104.31 -3.87 645.09 0.43 1.00 0 0 1 0.550 13.74 8.57
hero_pine_b -95.38 -3.28 647.87 5.55 1.17 0 0 1 0.300 14.00 4.13
hero_spruce_c -83.10 -3.33 645.86 5.29 1.21 0 0 1 0.420 19.00 3.91
hero_spruce_a -79.82 -3.09 647.66 3.04 1.08 0 0 1 0.380 16.00 3.90
hero_pine_b -68.67 -3.10 647.17 5.55 0.95 0 0 1 0.300 14.00 4.13
hero_oak_c -63.25 -2.89 651.15 0.31 1.12 0 0 1 0.620 16.21 10.57
hero_oak_b -53.62 -3.18 650.70 2.59 0.96 0 0 1 0.480 10.11 6.89
hero_spruce_c -42.68 -3.86 645.64 4.36 1.21 0 0 1 0.420 19.00 3.91
hero_pine_a -36.58 -4.04 650.03 2.89 1.15 0 0 1 0.340 17.00 4.12
hero_oak_b -27.94 -4.62 649.65 3.80 1.33 0 0 1 0.480 10.11 6.89
hero_oak_c 77.65 -9.50 648.49 4.72 0.98 0 0 1 0.620 16.21 10.57
hero_spruce_c 87.34 -9.10 647.61 0.64 0.97 0 0 1 0.420 19.00 3.91
hero_birch_a 94.33 -8.43 645.35 2.42 1.25 0 0 1 0.200 13.23 4.86
hero_spruce_c 98.21 -9.05 649.97 1.17 1.24 0 0 1 0.420 19.00 3.91
hero_oak_c 109.46 -8.21 649.09 0.13 1.35 0 0 1 0.620 16.21 10.57
hero_oak_a 120.40 -6.70 646.32 2.70 1.02 0 0 1 0.550 13.74 8.57
hero_pine_b 133.49 -6.25 650.43 3.43 1.10 0 0 1 0.300 14.00 4.13
hero_oak_a 141.24 -4.25 645.50 4.94 1.24 0 0 1 0.550 13.74 8.57
hero_oak_a -143.41 -0.90 659.18 3.53 1.23 0 0 1 0.550 13.74 8.57
hero_spruce_c -133.11 -2.28 654.07 2.71 1.25 0 0 1 0.420 19.00 3.91
hero_oak_b -124.86 -2.09 655.78 1.96 0.98 0 0 1 0.480 10.11 6.89
hero_oak_a -113.16 -2.22 655.50 4.80 0.96 0 0 1 0.550 13.74 8.57
hero_pine_b -100.18 -1.65 659.42 0.79 1.18 0 0 1 0.300 14.00 4.13
hero_spruce_b -92.05 -2.03 656.90 0.55 1.23 0 0 1 0.320 13.00 3.84
hero_pine_a -87.50 -2.40 653.81 3.33 0.98 0 0 1 0.340 17.00 4.12
hero_oak_b -77.02 -1.85 659.75 6.12 1.12 0 0 1 0.480 10.11 6.89
hero_oak_b -72.00 -2.14 657.66 3.46 0.96 0 0 1 0.480 10.11 6.89
hero_oak_a -61.76 -2.72 654.36 3.38 1.32 0 0 1 0.550 13.74 8.57
hero_spruce_b -54.09 -3.06 652.95 3.35 1.20 0 0 1 0.320 13.00 3.84
hero_spruce_b -42.78 -3.30 659.59 0.12 1.01 0 0 1 0.320 13.00 3.84
hero_spruce_c -37.79 -3.64 659.85 0.43 1.19 0 0 1 0.420 19.00 3.91
hero_oak_a -28.01 -4.50 654.72 4.91 1.27 0 0 1 0.550 13.74 8.57
hero_birch_a 73.49 -10.83 659.43 4.54 1.30 0 0 1 0.200 13.23 4.86
hero_spruce_a 84.37 -10.35 655.39 6.08 1.23 0 0 1 0.380 16.00 3.90
hero_spruce_b 91.92 -10.21 655.40 2.48 1.32 0 0 1 0.320 13.00 3.84
hero_spruce_a 103.15 -9.64 654.63 3.51 1.31 0 0 1 0.380 16.00 3.90
hero_spruce_a 107.84 -10.17 658.95 0.68 1.21 0 0 1 0.380 16.00 3.90
hero_oak_a 119.76 -8.80 655.89 0.27 1.32 0 0 1 0.550 13.74 8.57
hero_pine_b 124.45 -8.99 659.06 5.19 1.01 0 0 1 0.300 14.00 4.13
hero_birch_b 138.24 -7.07 656.86 3.47 1.15 0 0 1 0.220 14.31 7.20
hero_spruce_c -127.20 -0.05 666.91 1.28 1.15 0 0 1 0.420 19.00 3.91
hero_birch_a -119.76 -0.63 664.59 3.54 1.29 0 0 1 0.200 13.23 4.86
hero_birch_b -111.77 -0.65 665.25 0.95 1.23 0 0 1 0.220 14.31 7.20
hero_pine_b -99.73 -1.18 662.68 3.71 1.23 0 0 1 0.300 14.00 4.13
hero_spruce_c -92.86 -0.65 667.51 5.26 1.22 0 0 1 0.420 19.00 3.91
hero_birch_b -83.39 -1.44 662.33 1.22 1.01 0 0 1 0.220 14.31 7.20
hero_pine_b -73.52 -1.68 662.26 4.93 0.98 0 0 1 0.300 14.00 4.13
hero_spruce_c -68.67 -1.64 664.98 4.32 1.21 0 0 1 0.420 19.00 3.91
hero_oak_b -62.01 -2.02 663.59 5.26 1.00 0 0 1 0.480 10.11 6.89
hero_spruce_a -48.06 -2.71 665.54 1.49 1.27 0 0 1 0.380 16.00 3.90
hero_spruce_c -39.47 -3.35 664.00 2.50 1.05 0 0 1 0.420 19.00 3.91
hero_oak_c -33.13 -3.78 665.34 4.74 0.97 0 0 1 0.620 16.21 10.57
hero_pine_a -29.13 -4.23 661.88 5.14 1.18 0 0 1 0.340 17.00 4.12
hero_spruce_a 68.15 -11.22 665.77 2.96 0.99 0 0 1 0.380 16.00 3.90
hero_pine_a 76.31 -11.24 663.39 5.84 1.02 0 0 1 0.340 17.00 4.12
hero_spruce_b 81.53 -11.77 667.81 5.85 1.09 0 0 1 0.320 13.00 3.84
hero_birch_b 93.09 -11.44 664.30 1.09 1.16 0 0 1 0.220 14.31 7.20
hero_pine_a 104.71 -11.53 666.47 3.52 1.18 0 0 1 0.340 17.00 4.12
hero_oak_c 111.43 -11.39 667.30 6.02 1.03 0 0 1 0.620 16.21 10.57
hero_spruce_c 120.23 -10.02 662.42 0.83 1.20 0 0 1 0.420 19.00 3.91
hero_oak_b 128.86 -9.27 662.55 4.41 0.98 0 0 1 0.480 10.11 6.89
hero_spruce_c 143.24 -8.56 667.32 4.77 1.33 0 0 1 0.420 19.00 3.91
hero_spruce_a -143.01 2.21 676.93 0.38 1.14 0 0 1 0.380 16.00 3.90
hero_pine_a -138.47 1.85 675.78 3.87 1.01 0 0 1 0.340 17.00 4.12
hero_spruce_a -128.10 1.21 674.32 3.55 1.17 0 0 1 0.380 16.00 3.90
hero_spruce_c -117.12 0.38 671.03 0.28 1.17 0 0 1 0.420 19.00 3.91
hero_pine_a -108.77 0.64 674.16 1.27 1.06 0 0 1 0.340 17.00 4.12
hero_pine_b -98.93 0.23 673.31 1.32 1.32 0 0 1 0.300 14.00 4.13
hero_spruce_a -82.59 -0.29 673.31 2.39 0.96 0 0 1 0.380 16.00 3.90
hero_spruce_b -74.80 -0.44 675.82 1.64 1.05 0 0 1 0.320 13.00 3.84
hero_birch_a -67.58 -0.78 677.04 5.73 1.26 0 0 1 0.200 13.23 4.86
hero_oak_a -57.42 -1.56 675.26 4.74 1.19 0 0 1 0.550 13.74 8.57
hero_birch_b -49.97 -2.18 673.54 2.86 1.19 0 0 1 0.220 14.31 7.20
hero_spruce_a -45.18 -2.53 674.30 2.51 1.34 0 0 1 0.380 16.00 3.90
hero_spruce_b -37.38 -3.17 673.37 1.90 1.02 0 0 1 0.320 13.00 3.84
hero_spruce_b -23.73 -4.38 673.64 0.13 1.23 0 0 1 0.320 13.00 3.84
hero_birch_a 68.59 -11.85 675.26 5.62 1.25 0 0 1 0.200 13.23 4.86
hero_spruce_a 73.33 -12.17 676.66 5.99 1.25 0 0 1 0.380 16.00 3.90
hero_spruce_c 84.06 -12.11 670.71 2.37 1.17 0 0 1 0.420 19.00 3.91
hero_spruce_c 95.26 -12.50 672.86 5.32 1.23 0 0 1 0.420 19.00 3.91
hero_birch_a 100.25 -12.28 671.26 4.89 1.11 0 0 1 0.200 13.23 4.86
hero_oak_a 108.24 -12.47 673.82 0.79 0.99 0 0 1 0.550 13.74 8.57
hero_spruce_b 115.28 -12.25 673.85 0.73 1.31 0 0 1 0.320 13.00 3.84
hero_spruce_b 125.88 -11.44 673.03 1.16 1.00 0 0 1 0.320 13.00 3.84
hero_oak_a 133.30 -10.36 670.73 2.13 1.03 0 0 1 0.550 13.74 8.57
hero_spruce_a 140.69 -9.88 672.74 1.73 1.08 0 0 1 0.380 16.00 3.90
hero_pine_b -142.62 3.08 682.54 3.26 0.96 0 0 1 0.300 14.00 4.13
hero_oak_a -126.77 2.36 682.16 3.91 1.19 0 0 1 0.550 13.74 8.57
hero_birch_a -116.03 1.66 679.97 3.21 1.33 0 0 1 0.200 13.23 4.86
hero_birch_a -108.53 2.07 685.00 2.53 1.05 0 0 1 0.200 13.23 4.86
hero_spruce_c -100.59 1.16 680.16 4.87 1.15 0 0 1 0.420 19.00 3.91
hero_birch_a -94.74 1.41 684.87 3.24 1.29 0 0 1 0.200 13.23 4.86
hero_birch_b -87.38 0.51 679.46 5.56 1.19 0 0 1 0.220 14.31 7.20
hero_oak_a -75.44 0.18 683.27 1.77 1.21 0 0 1 0.550 13.74 8.57
hero_spruce_b -68.30 -0.57 679.19 0.16 1.18 0 0 1 0.320 13.00 3.84
hero_spruce_a -61.22 -0.82 683.66 5.84 1.34 0 0 1 0.380 16.00 3.90
hero_spruce_b -52.64 -1.67 679.41 2.05 1.00 0 0 1 0.320 13.00 3.84
hero_spruce_a -41.48 -2.62 679.66 5.36 1.28 0 0 1 0.380 16.00 3.90
hero_spruce_a -31.39 -3.41 683.15 5.68 1.08 0 0 1 0.380 16.00 3.90
hero_birch_a -23.64 -4.11 685.25 4.53 1.19 0 0 1 0.200 13.23 4.86
hero_oak_c 69.86 -12.28 684.33 3.68 1.07 0 0 1 0.620 16.21 10.57
hero_spruce_b 79.16 -12.89 684.47 1.91 1.32 0 0 1 0.320 13.00 3.84
hero_spruce_a 94.90 -13.46 682.95 5.84 1.26 0 0 1 0.380 16.00 3.90
hero_spruce_c 98.47 -13.40 681.78 0.12 0.97 0 0 1 0.420 19.00 3.91
hero_oak_c 113.22 -13.03 679.09 1.08 1.13 0 0 1 0.620 16.21 10.57
hero_pine_a 120.02 -13.42 684.26 5.69 1.30 0 0 1 0.340 17.00 4.12
hero_spruce_c 126.62 -13.13 685.28 3.82 1.03 0 0 1 0.420 19.00 3.91
hero_birch_a 135.20 -12.19 683.48 2.94 1.12 0 0 1 0.200 13.23 4.86
hero_birch_b -138.01 4.35 693.26 0.60 0.99 0 0 1 0.220 14.31 7.20
hero_oak_b -130.86 3.59 689.94 4.76 1.29 0 0 1 0.480 10.11 6.89
hero_spruce_a -122.53 3.02 688.20 5.67 1.31 0 0 1 0.380 16.00 3.90
hero_spruce_c -114.36 3.31 693.49 2.78 1.23 0 0 1 0.420 19.00 3.91
hero_spruce_b -94.38 2.21 693.32 2.91 1.24 0 0 1 0.320 13.00 3.84
hero_spruce_b -76.20 0.92 693.06 0.79 1.16 0 0 1 0.320 13.00 3.84
hero_pine_b -69.01 0.20 690.84 0.09 1.34 0 0 1 0.300 14.00 4.13
hero_oak_c -60.75 -0.66 687.23 6.04 1.18 0 0 1 0.620 16.21 10.57
hero_birch_a -53.90 -1.23 687.39 2.14 1.20 0 0 1 0.200 13.23 4.86
hero_spruce_a -44.15 -1.96 691.99 2.50 1.11 0 0 1 0.380 16.00 3.90
hero_spruce_c -32.58 -3.17 688.86 4.83 1.25 0 0 1 0.420 19.00 3.91
hero_spruce_b -24.20 -3.95 689.64 5.67 1.07 0 0 1 0.320 13.00 3.84
hero_birch_a 72.67 -12.59 687.88 0.83 1.21 0 0 1 0.200 13.23 4.86
hero_pine_a 84.83 -13.59 693.74 1.64 1.28 0 0 1 0.340 17.00 4.12
hero_spruce_c 95.80 -14.07 691.67 1.22 1.31 0 0 1 0.420 19.00 3.91
hero_birch_b 110.02 -14.39 692.52 5.40 1.22 0 0 1 0.220 14.31 7.20
hero_spruce_b 117.61 -14.29 692.38 5.87 1.33 0 0 1 0.320 13.00 3.84
hero_spruce_a 128.54 -13.83 693.19 4.11 1.13 0 0 1 0.380 16.00 3.90
hero_spruce_a 138.09 -12.73 690.42 4.33 1.11 0 0 1 0.380 16.00 3.90
hero_spruce_c -134.70 4.84 698.78 2.97 1.26 0 0 1 0.420 19.00 3.91
hero_pine_b -127.40 4.51 698.72 5.59 1.29 0 0 1 0.300 14.00 4.13
hero_spruce_b -121.13 4.12 697.90 0.31 1.34 0 0 1 0.320 13.00 3.84
hero_pine_b -111.12 3.80 699.80 5.25 1.33 0 0 1 0.300 14.00 4.13
hero_pine_b -101.78 3.11 698.19 5.89 1.19 0 0 1 0.300 14.00 4.13
hero_spruce_b -95.89 2.98 701.08 4.19 1.12 0 0 1 0.320 13.00 3.84
hero_pine_b -87.70 2.33 700.84 1.97 1.26 0 0 1 0.300 14.00 4.13
hero_oak_b -80.38 1.71 700.03 3.88 1.01 0 0 1 0.480 10.11 6.89
hero_oak_a -68.79 0.59 697.91 2.03 0.96 0 0 1 0.550 13.74 8.57
hero_pine_b -61.11 -0.01 701.47 0.88 1.18 0 0 1 0.300 14.00 4.13
hero_oak_b -53.53 -0.84 699.11 4.92 1.14 0 0 1 0.480 10.11 6.89
hero_spruce_b -41.11 -2.11 698.49 2.83 1.28 0 0 1 0.320 13.00 3.84
hero_pine_b -33.08 -2.87 700.52 0.71 1.14 0 0 1 0.300 14.00 4.13
hero_pine_b -24.00 -3.77 701.79 3.36 1.18 0 0 1 0.300 14.00 4.13
hero_spruce_a 69.57 -12.50 700.02 1.04 1.03 0 0 1 0.380 16.00 3.90
hero_birch_a 75.05 -12.94 697.65 1.50 0.99 0 0 1 0.200 13.23 4.86
hero_oak_a 84.68 -13.75 702.36 6.13 1.31 0 0 1 0.550 13.74 8.57
hero_pine_b 96.19 -14.45 702.33 5.18 1.20 0 0 1 0.300 14.00 4.13
hero_pine_a 98.99 -14.51 700.34 2.42 1.00 0 0 1 0.340 17.00 4.12
hero_oak_c 121.76 -14.68 700.93 3.58 1.07 0 0 1 0.620 16.21 10.57
hero_pine_b 123.88 -14.64 701.16 1.48 1.30 0 0 1 0.300 14.00 4.13
hero_spruce_c 138.86 -13.41 699.21 3.22 0.98 0 0 1 0.420 19.00 3.91
hero_oak_c 142.75 -13.17 701.87 2.71 1.29 0 0 1 0.620 16.21 10.57
hero_spruce_c -139.98 5.66 703.95 2.43 1.06 0 0 1 0.420 19.00 3.91
hero_spruce_b -131.48 5.38 704.86 3.93 0.97 0 0 1 0.320 13.00 3.84
hero_pine_b -122.43 5.26 708.33 2.56 1.08 0 0 1 0.300 14.00 4.13
hero_spruce_a -104.94 4.07 707.06 0.67 1.26 0 0 1 0.380 16.00 3.90
hero_spruce_b -97.47 3.45 705.79 0.10 1.19 0 0 1 0.320 13.00 3.84
hero_spruce_b -84.56 2.67 710.46 5.08 1.12 0 0 1 0.320 13.00 3.84
hero_birch_b -75.44 1.52 704.63 1.15 1.07 0 0 1 0.220 14.31 7.20
hero_birch_b -67.38 0.87 708.58 2.82 1.35 0 0 1 0.220 14.31 7.20
hero_oak_c -60.40 0.10 706.55 3.92 1.12 0 0 1 0.620 16.21 10.57
hero_spruce_a -41.69 -1.91 704.49 5.46 1.12 0 0 1 0.380 16.00 3.90
hero_pine_a -32.19 -2.91 704.22 4.54 1.17 0 0 1 0.340 17.00 4.12
hero_oak_a -23.84 -3.71 707.73 1.14 1.19 0 0 1 0.550 13.74 8.57
hero_spruce_c 77.68 -13.21 705.72 3.04 1.25 0 0 1 0.420 19.00 3.91
hero_spruce_c 83.98 -13.70 707.55 5.49 1.09 0 0 1 0.420 19.00 3.91
hero_oak_c 89.69 -14.12 704.88 3.76 1.26 0 0 1 0.620 16.21 10.57
hero_spruce_a 99.52 -14.69 709.85 1.60 1.22 0 0 1 0.380 16.00 3.90
hero_birch_b 108.12 -14.89 704.38 0.99 0.96 0 0 1 0.220 14.31 7.20
hero_pine_b 116.39 -14.97 705.27 5.50 1.22 0 0 1 0.300 14.00 4.13
hero_oak_c 123.69 -14.89 709.29 1.16 1.32 0 0 1 0.620 16.21 10.57
hero_oak_c 134.24 -14.19 706.33 1.66 1.03 0 0 1 0.620 16.21 10.57
hero_spruce_b 143.87 -13.31 708.64 0.44 1.07 0 0 1 0.320 13.00 3.84
hero_oak_b -142.93 7.10 718.58 0.74 1.07 0 0 1 0.480 10.11 6.89
hero_birch_b -133.60 6.60 717.43 2.83 1.06 0 0 1 0.220 14.31 7.20
hero_oak_a -126.68 6.09 715.47 4.74 1.21 0 0 1 0.550 13.74 8.57
hero_spruce_b -119.96 5.58 713.54 0.07 1.04 0 0 1 0.320 13.00 3.84
hero_spruce_c -107.52 5.04 717.25 1.21 1.02 0 0 1 0.420 19.00 3.91
hero_birch_a -104.27 4.56 714.19 1.83 1.27 0 0 1 0.200 13.23 4.86
hero_oak_a -90.55 3.60 717.60 3.95 1.27 0 0 1 0.550 13.74 8.57
hero_pine_a -85.36 3.05 716.71 5.30 1.32 0 0 1 0.340 17.00 4.12
hero_oak_a -75.47 2.14 718.85 2.81 1.15 0 0 1 0.550 13.74 8.57
hero_pine_b -65.90 0.98 715.97 2.06 1.20 0 0 1 0.300 14.00 4.13
hero_birch_a -61.30 0.55 718.12 2.70 1.04 0 0 1 0.200 13.23 4.86
hero_oak_c -53.06 -0.51 712.84 3.64 1.04 0 0 1 0.620 16.21 10.57
hero_spruce_a -42.50 -1.60 717.87 0.54 1.27 0 0 1 0.380 16.00 3.90
hero_spruce_b -35.49 -2.41 714.64 0.56 1.15 0 0 1 0.320 13.00 3.84
hero_spruce_b -26.48 -3.28 719.56 3.58 1.04 0 0 1 0.320 13.00 3.84
hero_spruce_b 68.78 -12.24 716.89 3.31 1.04 0 0 1 0.320 13.00 3.84
hero_oak_b 74.10 -12.76 715.87 0.02 1.01 0 0 1 0.480 10.11 6.89
hero_pine_b 81.59 -13.43 715.48 3.12 1.15 0 0 1 0.300 14.00 4.13
hero_oak_a 89.90 -14.07 716.52 4.53 1.32 0 0 1 0.550 13.74 8.57
hero_spruce_b 104.69 -14.84 715.21 1.60 1.03 0 0 1 0.320 13.00 3.84
hero_spruce_a 112.72 -14.94 718.94 6.26 1.06 0 0 1 0.380 16.00 3.90
hero_spruce_c 120.31 -15.00 712.93 5.01 1.21 0 0 1 0.420 19.00 3.91
hero_pine_b 126.89 -14.76 713.98 0.89 1.12 0 0 1 0.300 14.00 4.13
hero_pine_a 136.92 -14.08 713.98 1.08 1.16 0 0 1 0.340 17.00 4.12
hero_pine_b 142.39 -13.49 718.30 1.32 1.23 0 0 1 0.300 14.00 4.13
hero_pine_b -144.63 7.70 726.42 1.83 0.98 0 0 1 0.300 14.00 4.13
hero_birch_a -133.40 7.01 723.36 5.42 1.29 0 0 1 0.200 13.23 4.86
hero_spruce_b -130.54 6.86 723.20 2.69 1.26 0 0 1 0.320 13.00 3.84
hero_oak_a -117.86 6.18 723.57 4.74 1.00 0 0 1 0.550 13.74 8.57
hero_spruce_b -109.79 5.59 723.45 1.04 1.21 0 0 1 0.320 13.00 3.84
hero_spruce_a -105.89 5.41 725.33 5.14 1.09 0 0 1 0.380 16.00 3.90
hero_pine_a -94.25 4.24 722.77 5.91 1.05 0 0 1 0.340 17.00 4.12
hero_pine_b -83.84 3.22 723.21 1.59 1.15 0 0 1 0.300 14.00 4.13
hero_birch_b -73.52 2.22 726.98 3.27 1.19 0 0 1 0.220 14.31 7.20
hero_spruce_a -66.58 1.36 724.88 2.28 1.03 0 0 1 0.380 16.00 3.90
hero_spruce_c -62.26 0.81 723.61 2.47 1.10 0 0 1 0.420 19.00 3.91
hero_pine_b -52.65 -0.35 722.62 3.34 1.14 0 0 1 0.300 14.00 4.13
hero_pine_b -45.23 -1.22 722.21 1.93 1.23 0 0 1 0.300 14.00 4.13
hero_spruce_b -37.83 -2.03 722.92 4.12 1.12 0 0 1 0.320 13.00 3.84
hero_pine_b -24.06 -3.52 721.42 4.60 1.14 0 0 1 0.300 14.00 4.13
hero_spruce_b 70.57 -12.29 723.36 5.51 1.24 0 0 1 0.320 13.00 3.84
hero_birch_a 78.74 -12.97 725.16 1.71 1.22 0 0 1 0.200 13.23 4.86
hero_birch_b 83.32 -13.40 723.30 6.08 1.17 0 0 1 0.220 14.31 7.20
hero_spruce_b 93.83 -14.13 724.14 6.13 1.32 0 0 1 0.320 13.00 3.84
hero_pine_a 103.66 -14.66 722.45 1.50 1.29 0 0 1 0.340 17.00 4.12
hero_spruce_b 112.63 -14.69 726.39 0.40 1.19 0 0 1 0.320 13.00 3.84
hero_oak_b 121.93 -14.52 727.86 6.09 1.27 0 0 1 0.480 10.11 6.89
hero_pine_a 123.61 -14.65 724.30 3.85 1.30 0 0 1 0.340 17.00 4.12
hero_oak_c 133.45 -14.21 721.23 1.21 1.08 0 0 1 0.620 16.21 10.57
hero_spruce_a 141.53 -13.36 724.37 0.84 1.10 0 0 1 0.380 16.00 3.90
hero_oak_c -135.17 7.55 730.76 0.28 1.15 0 0 1 0.620 16.21 10.57
hero_oak_a -130.68 7.43 732.48 3.80 1.18 0 0 1 0.550 13.74 8.57
hero_spruce_b -119.39 6.83 733.44 1.31 1.22 0 0 1 0.320 13.00 3.84
hero_spruce_a -114.29 6.34 730.31 4.58 0.98 0 0 1 0.380 16.00 3.90
hero_spruce_b -99.88 5.19 731.24 1.93 1.13 0 0 1 0.320 13.00 3.84
hero_oak_b -91.46 4.41 732.82 2.89 1.35 0 0 1 0.480 10.11 6.89
hero_spruce_a -85.34 3.75 731.96 1.39 1.06 0 0 1 0.380 16.00 3.90
hero_oak_c -78.62 3.13 736.26 1.16 1.35 0 0 1 0.620 16.21 10.57
hero_spruce_b -69.85 2.01 733.59 2.76 1.25 0 0 1 0.320 13.00 3.84
hero_spruce_c -58.70 0.60 731.20 2.08 1.02 0 0 1 0.420 19.00 3.91
hero_pine_b -52.73 -0.14 730.15 0.84 0.98 0 0 1 0.300 14.00 4.13
hero_pine_a -44.62 -1.11 730.17 0.38 1.14 0 0 1 0.340 17.00 4.12
hero_oak_a -34.06 -2.23 733.42 4.34 0.96 0 0 1 0.550 13.74 8.57
hero_spruce_b -26.43 -3.07 732.72 6.02 0.99 0 0 1 0.320 13.00 3.84
hero_oak_b 76.12 -12.36 736.40 0.27 1.01 0 0 1 0.480 10.11 6.89
hero_birch_b 83.27 -12.99 735.11 2.38 1.26 0 0 1 0.220 14.31 7.20
hero_pine_b 96.32 -14.04 730.01 5.98 1.21 0 0 1 0.300 14.00 4.13
hero_spruce_b 104.56 -14.18 733.64 6.08 1.17 0 0 1 0.320 13.00 3.84
hero_spruce_a 107.33 -14.28 733.20 1.59 1.23 0 0 1 0.380 16.00 3.90
hero_pine_b 120.25 -14.36 731.01 3.53 1.06 0 0 1 0.300 14.00 4.13
hero_pine_b 132.68 -13.36 736.31 1.58 1.31 0 0 1 0.300 14.00 4.13
hero_spruce_c 141.76 -12.60 734.72 2.49 0.95 0 0 1 0.420 19.00 3.91
hero_birch_b -143.35 8.42 744.08 1.00 0.99 0 0 1 0.220 14.31 7.20
hero_pine_a -138.16 8.18 742.22 0.70 1.10 0 0 1 0.340 17.00 4.12
hero_spruce_c -122.26 7.38 741.76 3.60 1.23 0 0 1 0.420 19.00 3.91
hero_birch_a -113.89 6.72 738.67 2.95 1.00 0 0 1 0.200 13.23 4.86
hero_spruce_b -100.00 5.75 744.38 5.05 1.34 0 0 1 0.320 13.00 3.84
hero_birch_a -96.87 5.33 740.64 1.53 1.03 0 0 1 0.200 13.23 4.86
hero_spruce_a -89.01 4.54 741.75 2.51 1.19 0 0 1 0.380 16.00 3.90
hero_spruce_c -77.70 3.15 739.07 0.21 1.17 0 0 1 0.420 19.00 3.91
hero_spruce_a -65.85 1.95 745.03 3.72 1.02 0 0 1 0.380 16.00 3.90
hero_oak_b -62.93 1.40 740.24 5.54 1.12 0 0 1 0.480 10.11 6.89
hero_spruce_a -50.49 -0.09 741.49 3.10 1.18 0 0 1 0.380 16.00 3.90
hero_spruce_b -46.26 -0.54 743.60 0.22 1.27 0 0 1 0.320 13.00 3.84
hero_spruce_a -36.78 -1.74 740.18 3.90 0.96 0 0 1 0.380 16.00 3.90
hero_birch_a 68.04 -11.60 738.88 4.49 1.11 0 0 1 0.200 13.23 4.86
hero_birch_b 83.27 -12.68 742.67 3.12 1.26 0 0 1 0.220 14.31 7.20
hero_spruce_b 103.76 -13.62 742.57 1.08 1.18 0 0 1 0.320 13.00 3.84
hero_pine_a 107.37 -13.80 740.78 4.32 1.30 0 0 1 0.340 17.00 4.12
hero_birch_a 121.36 -13.25 744.75 0.27 1.26 0 0 1 0.200 13.23 4.86
hero_pine_a 127.35 -13.41 739.66 5.92 1.18 0 0 1 0.340 17.00 4.12
hero_spruce_b 138.35 -12.65 738.26 4.41 1.14 0 0 1 0.320 13.00 3.84
hero_spruce_a -142.02 8.51 751.98 1.63 1.13 0 0 1 0.380 16.00 3.90
hero_pine_b -138.45 8.33 747.68 3.67 1.16 0 0 1 0.300 14.00 4.13
hero_spruce_b -128.07 8.02 753.51 3.90 1.27 0 0 1 0.320 13.00 3.84
hero_spruce_a -120.31 7.58 751.26 1.77 1.09 0 0 1 0.380 16.00 3.90
hero_pine_a -110.52 6.97 753.11 2.08 1.10 0 0 1 0.340 17.00 4.12
hero_spruce_b -101.67 6.06 747.70 5.27 0.98 0 0 1 0.320 13.00 3.84
hero_pine_b -91.84 5.13 749.24 3.97 1.17 0 0 1 0.300 14.00 4.13
hero_birch_b -85.00 4.32 747.01 2.91 0.99 0 0 1 0.220 14.31 7.20
hero_spruce_c -74.53 3.20 749.79 5.22 1.09 0 0 1 0.420 19.00 3.91
hero_oak_c -70.30 2.68 749.49 3.13 1.08 0 0 1 0.620 16.21 10.57
hero_spruce_b -58.24 1.27 751.09 0.99 1.06 0 0 1 0.320 13.00 3.84
hero_spruce_c -53.74 0.82 753.36 2.57 1.13 0 0 1 0.420 19.00 3.91
hero_pine_a -43.42 -0.58 750.32 1.16 1.20 0 0 1 0.340 17.00 4.12
hero_oak_a -32.18 -1.71 753.16 2.18 1.02 0 0 1 0.550 13.74 8.57
hero_oak_c -25.67 -2.67 748.22 5.45 1.07 0 0 1 0.620 16.21 10.57
hero_oak_a 68.63 -11.29 749.75 4.79 1.21 0 0 1 0.550 13.74 8.57
hero_pine_a 86.88 -12.59 749.05 0.76 1.19 0 0 1 0.340 17.00 4.12
hero_spruce_a 91.56 -12.96 746.49 5.50 1.14 0 0 1 0.380 16.00 3.90
hero_pine_b 104.55 -12.97 751.50 4.27 1.06 0 0 1 0.300 14.00 4.13
hero_pine_b 106.68 -12.85 753.04 2.98 1.07 0 0 1 0.300 14.00 4.13
hero_oak_c 117.01 -12.60 753.39 6.12 1.17 0 0 1 0.620 16.21 10.57
hero_oak_b 128.21 -12.58 747.38 1.13 1.09 0 0 1 0.480 10.11 6.89
hero_spruce_c 138.57 -11.66 746.95 0.14 1.02 0 0 1 0.420 19.00 3.91
hero_birch_a 140.70 -11.34 747.70 0.21 1.04 0 0 1 0.200 13.23 4.86
hero_oak_a -142.48 8.55 756.06 0.29 1.10 0 0 1 0.550 13.74 8.57
hero_oak_b -139.90 8.48 755.85 3.12 1.25 0 0 1 0.480 10.11 6.89
hero_oak_c -130.61 8.19 758.08 0.69 1.24 0 0 1 0.620 16.21 10.57
hero_pine_a -118.12 7.64 761.46 5.95 1.04 0 0 1 0.340 17.00 4.12
hero_spruce_a -108.79 6.92 756.42 4.63 1.14 0 0 1 0.380 16.00 3.90
hero_spruce_a -104.55 6.61 757.79 3.92 1.23 0 0 1 0.380 16.00 3.90
hero_birch_a -97.54 6.00 757.46 4.65 1.06 0 0 1 0.200 13.23 4.86
hero_pine_b -83.58 4.59 758.38 4.60 1.24 0 0 1 0.300 14.00 4.13
hero_pine_b -78.61 3.94 755.76 5.32 1.00 0 0 1 0.300 14.00 4.13
hero_oak_c -67.51 2.71 757.79 2.31 1.27 0 0 1 0.620 16.21 10.57
hero_oak_b -58.08 1.74 760.62 1.18 1.13 0 0 1 0.480 10.11 6.89
hero_spruce_a -50.44 0.65 757.53 4.03 1.09 0 0 1 0.380 16.00 3.90
hero_oak_c -41.69 -0.42 757.04 1.96 1.21 0 0 1 0.620 16.21 10.57
hero_oak_c -33.19 -1.30 758.71 3.07 1.34 0 0 1 0.620 16.21 10.57
hero_spruce_a 66.79 -10.86 757.39 3.26 1.11 0 0 1 0.380 16.00 3.90
hero_spruce_b 73.22 -11.21 760.44 1.89 1.04 0 0 1 0.320 13.00 3.84
hero_pine_a 84.16 -11.99 758.48 2.15 1.35 0 0 1 0.340 17.00 4.12
hero_pine_b 94.37 -12.26 760.11 3.06 1.35 0 0 1 0.300 14.00 4.13
hero_oak_b 102.83 -12.40 759.28 3.84 1.33 0 0 1 0.480 10.11 6.89
hero_pine_a 111.28 -12.10 760.86 2.73 1.08 0 0 1 0.340 17.00 4.12
hero_oak_c 119.43 -12.15 756.45 4.70 0.97 0 0 1 0.620 16.21 10.57
hero_pine_a 124.80 -11.66 757.83 0.18 1.16 0 0 1 0.340 17.00 4.12
hero_pine_b 132.33 -10.70 760.08 1.37 1.26 0 0 1 0.300 14.00 4.13
hero_oak_a 142.72 -9.22 761.15 5.89 1.02 0 0 1 0.550 13.74 8.57
hero_spruce_b -132.94 8.22 769.26 1.16 1.07 0 0 1 0.320 13.00 3.84
hero_birch_a -124.92 7.99 765.91 5.65 1.08 0 0 1 0.200 13.23 4.86
hero_spruce_a -118.81 7.69 768.27 2.33 1.33 0 0 1 0.380 16.00 3.90
hero_birch_a -112.49 7.36 770.20 2.93 1.27 0 0 1 0.200 13.23 4.86
hero_oak_a -99.06 6.39 766.99 0.58 1.04 0 0 1 0.550 13.74 8.57
hero_oak_c -92.59 5.79 766.24 3.96 1.24 0 0 1 0.620 16.21 10.57
hero_pine_b -88.48 5.51 769.30 3.94 1.19 0 0 1 0.300 14.00 4.13
hero_birch_b -77.01 4.38 769.75 3.00 1.23 0 0 1 0.220 14.31 7.20
hero_oak_c -66.44 3.00 765.55 3.34 1.27 0 0 1 0.620 16.21 10.57
hero_oak_c -57.32 1.90 764.75 4.95 1.22 0 0 1 0.620 16.21 10.57
hero_pine_a -51.56 1.49 768.08 0.12 0.99 0 0 1 0.340 17.00 4.12
hero_spruce_a -45.96 0.81 767.72 4.26 1.13 0 0 1 0.380 16.00 3.90
hero_pine_b -33.36 -0.71 766.20 3.12 1.13 0 0 1 0.300 14.00 4.13
hero_spruce_a -29.32 -1.01 767.93 4.99 1.13 0 0 1 0.380 16.00 3.90
hero_oak_c 66.65 -10.43 767.83 3.69 1.20 0 0 1 0.620 16.21 10.57
hero_oak_c 73.49 -10.88 768.73 1.96 1.24 0 0 1 0.620 16.21 10.57
hero_pine_b 91.42 -11.82 765.53 0.34 0.95 0 0 1 0.300 14.00 4.13
hero_birch_b 104.62 -11.76 766.86 4.13 1.04 0 0 1 0.220 14.31 7.20
hero_spruce_c 108.40 -11.72 766.40 5.18 1.27 0 0 1 0.420 19.00 3.91
hero_spruce_a 116.09 -11.36 766.03 0.30 1.00 0 0 1 0.380 16.00 3.90
hero_spruce_a 129.01 -10.25 766.38 2.44 1.33 0 0 1 0.380 16.00 3.90
hero_spruce_a 138.90 -9.24 764.65 3.12 1.02 0 0 1 0.380 16.00 3.90
hero_oak_a 142.22 -8.31 767.68 1.26 1.00 0 0 1 0.550 13.74 8.57
hero_pine_a -137.60 8.04 777.52 2.83 1.23 0 0 1 0.340 17.00 4.12
hero_spruce_a -124.81 7.94 771.95 1.11 1.15 0 0 1 0.380 16.00 3.90
hero_spruce_a -116.39 7.59 773.27 5.33 1.00 0 0 1 0.380 16.00 3.90
hero_spruce_a -99.40 6.51 772.43 6.04 1.30 0 0 1 0.380 16.00 3.90
hero_pine_a -93.07 6.05 774.02 4.24 1.13 0 0 1 0.340 17.00 4.12
hero_spruce_a -82.71 5.06 772.14 5.60 1.19 0 0 1 0.380 16.00 3.90
hero_spruce_b -77.28 4.57 773.15 5.54 1.23 0 0 1 0.320 13.00 3.84
hero_oak_b -70.62 4.10 776.40 1.01 1.04 0 0 1 0.480 10.11 6.89
hero_birch_a -61.33 3.25 777.69 2.24 1.10 0 0 1 0.200 13.23 4.86
hero_spruce_a -51.05 2.29 778.81 0.34 1.22 0 0 1 0.380 16.00 3.90
hero_oak_a -45.29 1.57 777.46 6.10 1.24 0 0 1 0.550 13.74 8.57
hero_spruce_b -33.26 0.13 775.59 2.41 1.23 0 0 1 0.320 13.00 3.84
hero_spruce_b 64.89 -9.88 776.58 5.49 1.25 0 0 1 0.320 13.00 3.84
hero_pine_b 77.59 -10.75 775.98 5.93 1.24 0 0 1 0.300 14.00 4.13
hero_spruce_a 87.17 -11.03 777.19 0.21 1.04 0 0 1 0.380 16.00 3.90
hero_spruce_b 90.89 -11.04 778.36 3.02 1.29 0 0 1 0.320 13.00 3.84
hero_pine_a 103.96 -11.13 775.16 0.79 1.23 0 0 1 0.340 17.00 4.12
hero_oak_a 118.35 -10.09 776.52 3.58 1.02 0 0 1 0.550 13.74 8.57
hero_spruce_c 130.19 -8.90 775.55 0.42 1.06 0 0 1 0.420 19.00 3.91
hero_spruce_b 134.06 -8.51 774.74 1.28 1.27 0 0 1 0.320 13.00 3.84
hero_pine_a 144.24 -6.83 775.19 3.11 0.98 0 0 1 0.340 17.00 4.12
hero_spruce_a -142.15 7.56 786.83 4.57 1.09 0 0 1 0.380 16.00 3.90
hero_pine_a -139.15 7.56 786.99 6.09 1.25 0 0 1 0.340 17.00 4.12
hero_birch_a -126.28 7.63 784.81 2.22 1.13 0 0 1 0.200 13.23 4.86
hero_birch_a -117.43 7.36 786.75 2.35 1.24 0 0 1 0.200 13.23 4.86
hero_oak_c -109.34 7.17 783.13 5.99 0.99 0 0 1 0.620 16.21 10.57
hero_spruce_a -104.98 6.96 781.07 2.76 1.15 0 0 1 0.380 16.00 3.90
hero_oak_a -94.62 6.34 783.10 3.38 1.20 0 0 1 0.550 13.74 8.57
hero_spruce_c -82.33 5.53 784.66 2.72 1.00 0 0 1 0.420 19.00 3.91
hero_oak_c -76.05 4.85 780.95 0.03 1.14 0 0 1 0.620 16.21 10.57
hero_birch_a -65.86 4.00 781.86 4.81 0.99 0 0 1 0.200 13.23 4.86
hero_pine_a -57.70 3.57 785.98 0.89 0.97 0 0 1 0.340 17.00 4.12
hero_pine_a -53.19 3.25 787.19 0.04 1.31 0 0 1 0.340 17.00 4.12
hero_spruce_a -42.92 2.27 786.57 1.84 1.21 0 0 1 0.380 16.00 3.90
hero_spruce_a -35.91 1.65 787.01 0.48 1.35 0 0 1 0.380 16.00 3.90
hero_oak_a 70.80 -9.79 785.92 2.95 1.33 0 0 1 0.550 13.74 8.57
hero_pine_a 72.96 -9.83 787.19 5.14 1.18 0 0 1 0.340 17.00 4.12
hero_pine_b 84.05 -10.59 783.63 2.75 1.30 0 0 1 0.300 14.00 4.13
hero_pine_a 96.03 -10.51 785.98 0.24 1.19 0 0 1 0.340 17.00 4.12
hero_birch_b 104.11 -10.31 785.20 0.37 1.29 0 0 1 0.220 14.31 7.20
hero_spruce_a 108.82 -9.89 786.84 3.81 1.21 0 0 1 0.380 16.00 3.90
hero_pine_a 115.53 -9.43 785.81 1.74 1.24 0 0 1 0.340 17.00 4.12
hero_pine_b 124.29 -8.70 783.43 5.24 1.07 0 0 1 0.300 14.00 4.13
hero_pine_a 134.16 -7.61 781.22 5.98 1.24 0 0 1 0.340 17.00 4.12
hero_oak_a -140.03 7.09 794.01 2.68 0.96 0 0 1 0.550 13.74 8.57
hero_spruce_b -128.60 7.12 794.47 3.67 1.34 0 0 1 0.320 13.00 3.84
hero_pine_a -116.55 7.08 793.92 0.99 1.16 0 0 1 0.340 17.00 4.12
hero_spruce_a -112.79 7.15 790.05 5.48 1.08 0 0 1 0.380 16.00 3.90
hero_oak_a -100.62 6.65 793.78 2.34 1.22 0 0 1 0.550 13.74 8.57
hero_oak_a -90.78 6.21 789.98 0.77 1.10 0 0 1 0.550 13.74 8.57
hero_spruce_a -87.63 6.00 789.25 1.94 1.24 0 0 1 0.380 16.00 3.90
hero_pine_a -80.22 5.73 795.32 2.53 1.27 0 0 1 0.340 17.00 4.12
hero_pine_a -70.52 4.91 790.46 3.31 1.17 0 0 1 0.340 17.00 4.12
hero_spruce_b -59.55 4.18 791.46 4.65 0.99 0 0 1 0.320 13.00 3.84
hero_spruce_b -49.78 3.28 790.56 0.24 1.32 0 0 1 0.320 13.00 3.84
hero_oak_a -40.48 3.02 794.92 2.08 1.24 0 0 1 0.550 13.74 8.57
hero_pine_a -31.28 2.06 793.44 4.82 1.13 0 0 1 0.340 17.00 4.12
hero_pine_b 70.73 -9.13 794.86 1.88 0.96 0 0 1 0.300 14.00 4.13
hero_pine_a 87.68 -9.91 794.51 0.63 1.10 0 0 1 0.340 17.00 4.12
hero_pine_a 96.22 -10.00 792.97 5.70 1.26 0 0 1 0.340 17.00 4.12
hero_spruce_b 98.87 -10.10 790.47 5.79 1.25 0 0 1 0.320 13.00 3.84
hero_spruce_b 107.87 -9.57 791.10 5.07 1.08 0 0 1 0.320 13.00 3.84
hero_oak_b 117.65 -8.49 793.01 1.95 1.26 0 0 1 0.480 10.11 6.89
hero_pine_b 127.89 -7.34 790.96 5.91 1.21 0 0 1 0.300 14.00 4.13
hero_spruce_c 138.25 -5.76 789.67 0.14 1.07 0 0 1 0.420 19.00 3.91
hero_oak_b -138.29 6.29 803.73 5.60 1.08 0 0 1 0.480 10.11 6.89
hero_spruce_c -122.76 6.66 801.66 2.91 1.34 0 0 1 0.420 19.00 3.91
hero_spruce_b -109.42 6.70 800.14 5.43 1.25 0 0 1 0.320 13.00 3.84
hero_spruce_b -99.72 6.53 799.26 1.39 1.24 0 0 1 0.320 13.00 3.84
hero_birch_b -97.05 6.47 799.95 5.47 1.05 0 0 1 0.220 14.31 7.20
hero_spruce_b -86.33 6.11 801.64 0.78 1.27 0 0 1 0.320 13.00 3.84
hero_oak_c -79.57 5.83 798.63 3.41 0.96 0 0 1 0.620 16.21 10.57
hero_birch_a -66.95 5.18 798.68 4.81 1.09 0 0 1 0.200 13.23 4.86
hero_spruce_c -61.17 4.93 800.00 1.64 1.31 0 0 1 0.420 19.00 3.91
hero_oak_b -52.04 4.67 802.48 2.33 0.98 0 0 1 0.480 10.11 6.89
hero_pine_b -42.14 3.57 798.43 0.55 1.24 0 0 1 0.300 14.00 4.13
hero_pine_b -36.87 3.35 799.63 2.02 1.01 0 0 1 0.300 14.00 4.13
hero_pine_a 67.03 -8.21 802.59 5.45 1.13 0 0 1 0.340 17.00 4.12
hero_oak_c 73.57 -8.86 800.88 0.23 0.95 0 0 1 0.620 16.21 10.57
hero_birch_a 81.20 -9.32 800.20 0.69 1.05 0 0 1 0.200 13.23 4.86
hero_spruce_a 93.89 -9.45 800.43 2.09 1.07 0 0 1 0.380 16.00 3.90
hero_oak_b 98.11 -9.48 798.86 0.95 1.28 0 0 1 0.480 10.11 6.89
hero_spruce_c 111.36 -8.23 802.96 6.13 1.06 0 0 1 0.420 19.00 3.91
hero_spruce_c 116.21 -8.17 798.09 5.12 1.24 0 0 1 0.420 19.00 3.91
hero_oak_a 128.67 -6.00 801.71 0.65 1.35 0 0 1 0.550 13.74 8.57
hero_spruce_c 135.58 -4.85 800.63 6.05 1.12 0 0 1 0.420 19.00 3.91
hero_spruce_a 142.63 -3.46 800.43 5.89 1.13 0 0 1 0.380 16.00 3.90
hero_spruce_b -142.09 5.82 807.21 2.46 1.30 0 0 1 0.320 13.00 3.84
hero_spruce_c -126.27 5.96 810.46 6.22 0.97 0 0 1 0.420 19.00 3.91
hero_oak_b -117.51 6.21 808.93 4.79 1.11 0 0 1 0.480 10.11 6.89
hero_pine_a -112.18 6.02 812.05 2.95 1.35 0 0 1 0.340 17.00 4.12
hero_oak_b -103.63 6.29 808.73 5.37 0.98 0 0 1 0.480 10.11 6.89
hero_birch_a -93.25 6.16 811.20 6.10 1.20 0 0 1 0.200 13.23 4.86
hero_spruce_c -83.51 6.09 811.05 3.24 1.23 0 0 1 0.420 19.00 3.91
hero_birch_b -77.71 5.95 806.39 4.06 1.11 0 0 1 0.220 14.31 7.20
hero_oak_b -66.42 5.81 810.51 2.83 1.24 0 0 1 0.480 10.11 6.89
hero_spruce_b -61.10 5.83 812.55 3.75 1.01 0 0 1 0.320 13.00 3.84
hero_birch_a -50.25 4.95 806.29 0.13 0.97 0 0 1 0.200 13.23 4.86
hero_pine_b -43.20 5.09 810.78 5.73 1.13 0 0 1 0.300 14.00 4.13
hero_spruce_c -37.72 4.91 811.52 0.16 1.32 0 0 1 0.420 19.00 3.91
hero_spruce_b 75.45 -7.95 812.67 4.86 1.11 0 0 1 0.320 13.00 3.84
hero_birch_b 83.04 -8.80 807.44 5.00 1.02 0 0 1 0.220 14.31 7.20
hero_oak_b 94.85 -8.75 809.21 0.68 1.34 0 0 1 0.480 10.11 6.89
hero_spruce_a 109.92 -8.01 807.17 0.33 1.32 0 0 1 0.380 16.00 3.90
hero_spruce_b 121.76 -6.62 806.32 2.60 1.34 0 0 1 0.320 13.00 3.84
hero_pine_a 129.95 -5.02 808.25 4.29 0.96 0 0 1 0.340 17.00 4.12
hero_birch_a 133.37 -4.27 809.45 3.32 1.28 0 0 1 0.200 13.23 4.86
hero_spruce_a 144.58 -1.98 808.96 1.05 1.31 0 0 1 0.380 16.00 3.90
hero_pine_a -137.49 5.10 815.53 3.51 1.31 0 0 1 0.340 17.00 4.12
hero_oak_c -128.89 5.05 819.11 4.24 0.98 0 0 1 0.620 16.21 10.57
hero_pine_b -119.73 5.11 821.11 4.36 1.27 0 0 1 0.300 14.00 4.13
hero_birch_b -109.47 5.87 815.21 6.04 0.98 0 0 1 0.220 14.31 7.20
hero_spruce_b -102.01 5.63 820.86 3.79 1.06 0 0 1 0.320 13.00 3.84
hero_birch_b -87.64 5.95 820.31 5.52 1.10 0 0 1 0.220 14.31 7.20
hero_pine_a -70.00 6.06 815.05 2.72 1.09 0 0 1 0.340 17.00 4.12
hero_spruce_c -58.58 6.20 819.54 0.84 1.26 0 0 1 0.420 19.00 3.91
hero_spruce_a -49.48 6.14 819.28 1.47 0.99 0 0 1 0.380 16.00 3.90
hero_spruce_b -43.49 5.94 818.57 5.10 1.30 0 0 1 0.320 13.00 3.84
hero_oak_c -32.91 5.70 819.13 3.73 1.03 0 0 1 0.620 16.21 10.57
hero_spruce_a 73.14 -7.46 815.96 5.72 1.30 0 0 1 0.380 16.00 3.90
hero_oak_b 85.38 -7.56 821.50 0.09 1.01 0 0 1 0.480 10.11 6.89
hero_spruce_c 94.82 -7.74 820.15 1.99 1.08 0 0 1 0.420 19.00 3.91
hero_pine_b 104.33 -7.55 817.49 1.22 1.03 0 0 1 0.300 14.00 4.13
hero_spruce_c 107.13 -6.97 821.35 5.62 1.04 0 0 1 0.420 19.00 3.91
hero_spruce_a 120.99 -5.67 817.05 5.13 1.05 0 0 1 0.380 16.00 3.90
hero_spruce_a 123.75 -5.14 818.04 1.66 1.10 0 0 1 0.380 16.00 3.90
hero_oak_b 135.12 -2.74 820.41 4.73 1.18 0 0 1 0.480 10.11 6.89
hero_oak_b 140.61 -2.12 815.28 2.28 1.33 0 0 1 0.480 10.11 6.89
hero_oak_c -139.64 3.41 829.74 0.40 1.30 0 0 1 0.620 16.21 10.57
hero_spruce_b -124.61 4.70 823.73 2.27 1.16 0 0 1 0.320 13.00 3.84
hero_spruce_b -119.17 4.89 823.72 0.78 1.24 0 0 1 0.320 13.00 3.84
hero_spruce_c -109.29 5.20 823.69 2.54 1.30 0 0 1 0.420 19.00 3.91
hero_birch_b -99.77 5.36 825.68 3.17 1.23 0 0 1 0.220 14.31 7.20
hero_pine_b -96.46 5.24 829.40 5.29 1.09 0 0 1 0.300 14.00 4.13
hero_oak_c -86.68 5.84 824.10 5.30 1.22 0 0 1 0.620 16.21 10.57
hero_pine_a -74.38 6.15 826.28 2.08 1.25 0 0 1 0.340 17.00 4.12
hero_pine_a -65.54 6.39 825.81 3.55 1.19 0 0 1 0.340 17.00 4.12
hero_pine_a -57.28 6.47 823.95 5.92 1.10 0 0 1 0.340 17.00 4.12
hero_spruce_a -52.43 6.71 826.90 0.48 0.99 0 0 1 0.380 16.00 3.90
hero_spruce_b -40.91 6.43 823.61 6.27 1.08 0 0 1 0.320 13.00 3.84
hero_spruce_a -35.23 6.82 827.84 3.42 0.98 0 0 1 0.380 16.00 3.90
hero_oak_b 65.44 -5.26 827.87 4.71 1.25 0 0 1 0.480 10.11 6.89
hero_pine_b 86.33 -7.29 824.39 6.02 1.02 0 0 1 0.300 14.00 4.13
hero_oak_b 95.52 -6.84 829.11 4.41 0.95 0 0 1 0.480 10.11 6.89
hero_pine_b 102.27 -7.15 823.41 2.35 1.28 0 0 1 0.300 14.00 4.13
hero_spruce_a 113.28 -5.71 828.09 5.39 1.26 0 0 1 0.380 16.00 3.90
hero_pine_a 119.79 -4.66 829.83 0.46 1.20 0 0 1 0.340 17.00 4.12
hero_oak_a 129.82 -3.05 828.26 2.88 1.25 0 0 1 0.550 13.74 8.57
hero_oak_c 133.46 -2.80 823.34 1.62 1.21 0 0 1 0.620 16.21 10.57
hero_spruce_b -141.86 2.73 834.80 1.54 1.14 0 0 1 0.320 13.00 3.84
hero_spruce_a -138.42 2.49 838.22 1.74 1.25 0 0 1 0.380 16.00 3.90
hero_pine_a -125.54 3.51 834.48 3.17 1.08 0 0 1 0.340 17.00 4.12
hero_spruce_c -117.87 4.07 832.48 4.24 1.00 0 0 1 0.420 19.00 3.91
hero_spruce_b -114.09 3.90 835.77 2.41 1.03 0 0 1 0.320 13.00 3.84
hero_pine_a -103.49 4.60 833.69 1.58 1.05 0 0 1 0.340 17.00 4.12
hero_oak_b -93.38 5.23 831.61 4.60 1.16 0 0 1 0.480 10.11 6.89
hero_pine_b -76.83 5.96 832.89 3.20 1.22 0 0 1 0.300 14.00 4.13
hero_spruce_b -69.15 6.34 834.95 4.09 1.05 0 0 1 0.320 13.00 3.84
hero_spruce_a -58.55 6.87 836.75 1.48 1.34 0 0 1 0.380 16.00 3.90
hero_spruce_c -48.86 7.07 831.82 4.32 1.08 0 0 1 0.420 19.00 3.91
hero_spruce_b -40.30 7.22 832.15 0.33 1.27 0 0 1 0.320 13.00 3.84
hero_spruce_b -37.02 7.81 838.50 6.05 1.02 0 0 1 0.320 13.00 3.84
hero_spruce_b 68.35 -5.07 832.07 6.20 1.09 0 0 1 0.320 13.00 3.84
hero_spruce_b 76.38 -5.13 838.16 1.90 0.95 0 0 1 0.320 13.00 3.84
hero_pine_a 92.61 -6.38 833.91 2.53 1.09 0 0 1 0.340 17.00 4.12
hero_pine_b 103.40 -6.03 834.20 5.88 1.30 0 0 1 0.300 14.00 4.13
hero_birch_b 109.11 -5.77 832.02 4.82 1.12 0 0 1 0.220 14.31 7.20
hero_spruce_c 117.95 -4.47 834.49 5.36 1.09 0 0 1 0.420 19.00 3.91
hero_oak_b 125.87 -3.10 835.44 2.38 1.15 0 0 1 0.480 10.11 6.89
hero_birch_b 132.75 -1.52 838.26 4.70 1.18 0 0 1 0.220 14.31 7.20
hero_spruce_b -133.21 2.37 841.63 2.94 0.97 0 0 1 0.320 13.00 3.84
hero_spruce_b -128.44 2.30 844.19 5.60 0.98 0 0 1 0.320 13.00 3.84
hero_spruce_b -118.02 2.58 846.10 4.91 1.26 0 0 1 0.320 13.00 3.84
hero_spruce_a -113.40 3.33 841.66 2.81 0.99 0 0 1 0.380 16.00 3.90
hero_oak_b -104.37 3.95 840.09 4.42 1.31 0 0 1 0.480 10.11 6.89
hero_oak_c -92.41 4.27 845.04 1.69 1.35 0 0 1 0.620 16.21 10.57
hero_oak_a -87.17 5.02 840.47 5.40 0.99 0 0 1 0.550 13.74 8.57
hero_birch_a -74.33 5.71 844.59 0.01 1.30 0 0 1 0.200 13.23 4.86
hero_oak_b -61.49 6.77 840.96 1.79 1.02 0 0 1 0.480 10.11 6.89
hero_spruce_c -52.42 7.38 844.76 3.38 1.35 0 0 1 0.420 19.00 3.91
hero_spruce_a -43.26 7.98 845.45 1.29 1.06 0 0 1 0.380 16.00 3.90
hero_spruce_b -31.07 8.24 842.90 6.10 1.21 0 0 1 0.320 13.00 3.84
hero_pine_b 61.01 -2.39 844.53 3.19 1.30 0 0 1 0.300 14.00 4.13
hero_birch_a 68.25 -3.92 840.73 0.34 1.07 0 0 1 0.200 13.23 4.86
hero_pine_a 78.64 -4.37 845.86 3.38 1.03 0 0 1 0.340 17.00 4.12
hero_oak_c 84.84 -4.68 846.87 6.22 1.06 0 0 1 0.620 16.21 10.57
hero_oak_b 90.89 -5.50 841.75 0.73 1.12 0 0 1 0.480 10.11 6.89
hero_spruce_a 103.75 -4.69 846.75 0.15 1.22 0 0 1 0.380 16.00 3.90
hero_spruce_a 110.45 -4.22 846.30 0.09 1.31 0 0 1 0.380 16.00 3.90
hero_spruce_a 121.77 -2.96 844.35 2.50 1.26 0 0 1 0.380 16.00 3.90
hero_spruce_a 127.00 -2.39 840.72 5.39 1.03 0 0 1 0.380 16.00 3.90
hero_oak_c 136.85 -0.05 845.09 5.81 1.26 0 0 1 0.620 16.21 10.57
hero_oak_c 142.06 0.74 840.54 3.65 0.96 0 0 1 0.620 16.21 10.57
hero_pine_a -138.81 1.04 851.39 0.30 1.21 0 0 1 0.340 17.00 4.12
hero_spruce_a -124.90 1.36 854.12 5.08 1.29 0 0 1 0.380 16.00 3.90
hero_oak_a -121.82 2.07 849.04 2.87 1.15 0 0 1 0.550 13.74 8.57
hero_spruce_c -110.62 2.10 854.51 2.12 1.30 0 0 1 0.420 19.00 3.91
hero_spruce_c -101.80 3.22 849.33 0.54 1.27 0 0 1 0.420 19.00 3.91
hero_oak_a -91.20 3.84 851.29 5.64 1.32 0 0 1 0.550 13.74 8.57
hero_spruce_c -82.13 4.71 850.60 0.41 1.02 0 0 1 0.420 19.00 3.91
hero_spruce_b -76.76 5.27 849.24 2.20 1.20 0 0 1 0.320 13.00 3.84
hero_birch_b -66.52 6.06 852.80 5.25 1.20 0 0 1 0.220 14.31 7.20
hero_birch_b -62.27 6.48 853.03 0.47 1.18 0 0 1 0.220 14.31 7.20
hero_oak_a -51.45 7.50 852.25 2.77 1.26 0 0 1 0.550 13.74 8.57
hero_pine_b -34.87 8.75 854.52 0.51 1.12 0 0 1 0.300 14.00 4.13
hero_spruce_b 68.73 -2.59 851.34 3.53 1.26 0 0 1 0.320 13.00 3.84
hero_pine_b 75.52 -2.99 854.68 2.97 1.24 0 0 1 0.300 14.00 4.13
hero_spruce_a 84.16 -4.39 848.99 1.16 1.04 0 0 1 0.380 16.00 3.90
hero_birch_a 92.72 -4.29 852.41 1.42 1.00 0 0 1 0.200 13.23 4.86
hero_spruce_b 102.73 -4.43 849.49 5.04 1.07 0 0 1 0.320 13.00 3.84
hero_oak_c 109.09 -3.93 850.32 3.50 1.27 0 0 1 0.620 16.21 10.57
hero_pine_a 115.21 -2.78 855.49 4.88 1.35 0 0 1 0.340 17.00 4.12
hero_pine_b 127.02 -1.07 854.95 4.18 1.13 0 0 1 0.300 14.00 4.13
hero_oak_c 134.54 0.20 853.03 0.96 1.00 0 0 1 0.620 16.21 10.57
hero_birch_a -143.00 -0.24 863.74 3.94 1.32 0 0 1 0.200 13.23 4.86
hero_birch_a -136.26 0.16 861.90 4.60 1.07 0 0 1 0.200 13.23 4.86
hero_oak_b -127.79 0.61 860.45 5.24 1.12 0 0 1 0.480 10.11 6.89
hero_spruce_c -108.67 1.60 860.94 1.87 0.97 0 0 1 0.420 19.00 3.91
hero_spruce_b -102.37 1.91 861.93 5.39 1.34 0 0 1 0.320 13.00 3.84
hero_oak_a -95.08 2.53 862.05 4.22 1.12 0 0 1 0.550 13.74 8.57
hero_spruce_c -81.93 4.11 858.51 4.54 1.17 0 0 1 0.420 19.00 3.91
hero_birch_b -78.05 4.36 860.80 4.27 1.04 0 0 1 0.220 14.31 7.20
hero_spruce_c -65.01 5.99 858.05 3.24 1.01 0 0 1 0.420 19.00 3.91
hero_spruce_a -56.61 6.91 857.66 5.62 1.13 0 0 1 0.380 16.00 3.90
hero_spruce_a -43.66 8.15 859.12 4.34 1.24 0 0 1 0.380 16.00 3.90
hero_birch_a -36.55 8.73 860.10 1.88 1.30 0 0 1 0.200 13.23 4.86
hero_spruce_a 59.46 0.26 862.94 4.31 1.25 0 0 1 0.380 16.00 3.90
hero_birch_a 65.30 -0.65 862.85 5.03 1.04 0 0 1 0.200 13.23 4.86
hero_oak_a 76.27 -2.54 859.07 5.82 1.32 0 0 1 0.550 13.74 8.57
hero_spruce_c 84.40 -3.01 860.78 0.93 1.12 0 0 1 0.420 19.00 3.91
hero_spruce_a 89.77 -3.08 862.26 4.49 0.99 0 0 1 0.380 16.00 3.90
hero_spruce_a 99.73 -3.49 859.06 0.64 1.01 0 0 1 0.380 16.00 3.90
hero_spruce_c 110.33 -2.51 862.77 0.41 1.21 0 0 1 0.420 19.00 3.91
hero_pine_a 119.09 -1.68 861.33 2.02 1.10 0 0 1 0.340 17.00 4.12
hero_birch_a 130.09 0.29 863.71 4.61 0.99 0 0 1 0.200 13.23 4.86
hero_oak_c 138.63 1.84 862.77 6.02 1.14 0 0 1 0.620 16.21 10.57
hero_pine_b 141.32 1.98 857.48 2.10 1.12 0 0 1 0.300 14.00 4.13
hero_oak_a -143.52 -0.68 870.39 4.98 1.02 0 0 1 0.550 13.74 8.57
hero_pine_a -135.73 -0.28 867.64 3.07 0.98 0 0 1 0.340 17.00 4.12
hero_spruce_a -131.56 -0.00 865.62 4.36 1.20 0 0 1 0.380 16.00 3.90
hero_pine_b -119.31 -0.11 872.54 2.53 1.14 0 0 1 0.300 14.00 4.13
hero_oak_b -110.71 0.51 870.40 2.37 1.33 0 0 1 0.480 10.11 6.89
hero_spruce_c -99.06 1.80 865.82 6.13 1.28 0 0 1 0.420 19.00 3.91
hero_birch_a -92.44 2.02 869.99 1.00 1.04 0 0 1 0.200 13.23 4.86
hero_oak_a -87.06 2.56 869.79 0.88 1.31 0 0 1 0.550 13.74 8.57
hero_oak_b -80.22 3.43 868.57 2.79 1.33 0 0 1 0.480 10.11 6.89
hero_spruce_c -69.65 4.80 867.74 0.37 1.19 0 0 1 0.420 19.00 3.91
hero_pine_b -60.28 6.05 866.86 6.12 1.12 0 0 1 0.300 14.00 4.13
hero_birch_a -51.92 7.10 866.66 5.64 0.96 0 0 1 0.200 13.23 4.86
hero_spruce_a -40.45 8.28 869.04 1.15 1.03 0 0 1 0.380 16.00 3.90
hero_pine_b -34.15 8.77 872.41 1.19 1.12 0 0 1 0.300 14.00 4.13
hero_birch_b 62.30 0.36 868.05 6.10 1.27 0 0 1 0.220 14.31 7.20
hero_spruce_a 67.74 -0.16 870.63 3.86 1.00 0 0 1 0.380 16.00 3.90
hero_oak_a 76.15 -1.75 865.46 0.69 1.01 0 0 1 0.550 13.74 8.57
hero_oak_a 85.74 -2.46 866.47 5.24 1.35 0 0 1 0.550 13.74 8.57
hero_birch_a 93.22 -2.52 868.30 3.85 1.23 0 0 1 0.200 13.23 4.86
hero_spruce_a 103.46 -2.18 870.01 4.98 0.98 0 0 1 0.380 16.00 3.90
hero_spruce_b 110.51 -2.15 866.20 1.71 1.30 0 0 1 0.320 13.00 3.84
hero_pine_b 119.20 -1.09 867.28 5.95 1.18 0 0 1 0.300 14.00 4.13
hero_oak_a 126.05 0.06 868.85 1.10 1.13 0 0 1 0.550 13.74 8.57
hero_spruce_a 138.48 2.04 865.53 2.37 1.15 0 0 1 0.380 16.00 3.90
hero_spruce_b -141.79 -1.03 876.47 0.12 1.30 0 0 1 0.320 13.00 3.84
hero_birch_b -133.42 -0.79 875.20 4.70 1.35 0 0 1 0.220 14.31 7.20
hero_oak_a -128.93 -0.61 874.39 1.56 1.25 0 0 1 0.550 13.74 8.57
hero_oak_b -119.84 -0.39 875.58 5.74 1.27 0 0 1 0.480 10.11 6.89
hero_spruce_a -110.21 -0.30 880.61 3.75 1.11 0 0 1 0.380 16.00 3.90
hero_spruce_b -94.72 1.24 875.92 5.30 1.11 0 0 1 0.320 13.00 3.84
hero_oak_a -87.08 1.64 880.04 3.47 1.08 0 0 1 0.550 13.74 8.57
hero_birch_b -79.16 2.49 880.66 5.54 1.23 0 0 1 0.220 14.31 7.20
hero_birch_a -69.03 4.35 874.18 6.13 1.31 0 0 1 0.200 13.23 4.86
hero_pine_a -56.80 5.64 879.39 1.00 1.01 0 0 1 0.340 17.00 4.12
hero_oak_b -49.45 6.61 880.03 4.01 1.00 0 0 1 0.480 10.11 6.89
hero_pine_a -41.39 7.95 874.25 2.45 1.14 0 0 1 0.340 17.00 4.12
hero_birch_b -34.59 8.46 878.73 4.37 1.06 0 0 1 0.220 14.31 7.20
hero_oak_c 79.52 -1.15 874.64 3.10 1.30 0 0 1 0.620 16.21 10.57
hero_pine_b 83.56 -1.03 879.14 2.09 1.09 0 0 1 0.300 14.00 4.13
hero_spruce_c 99.84 -1.79 875.01 1.70 0.99 0 0 1 0.420 19.00 3.91
hero_pine_b 111.62 -1.12 875.38 1.86 1.16 0 0 1 0.300 14.00 4.13
hero_birch_a 121.30 0.43 880.59 4.90 1.20 0 0 1 0.200 13.23 4.86
hero_pine_b 125.65 0.72 876.86 1.09 1.12 0 0 1 0.300 14.00 4.13
hero_birch_a 133.86 2.29 879.54 1.23 1.24 0 0 1 0.200 13.23 4.86
hero_pine_a -142.85 -1.49 888.33 5.86 1.27 0 0 1 0.340 17.00 4.12
hero_oak_a -134.73 -1.28 884.57 3.17 1.01 0 0 1 0.550 13.74 8.57
hero_pine_a -117.55 -1.11 887.87 2.14 1.04 0 0 1 0.340 17.00 4.12
hero_spruce_c -107.87 -0.82 889.49 5.84 1.28 0 0 1 0.420 19.00 3.91
hero_spruce_a -104.43 -0.21 883.66 1.03 1.30 0 0 1 0.380 16.00 3.90
hero_spruce_a -95.89 0.43 883.92 1.90 1.16 0 0 1 0.380 16.00 3.90
hero_spruce_b -86.27 1.32 884.78 2.89 1.04 0 0 1 0.320 13.00 3.84
hero_oak_c -75.78 2.18 888.83 2.35 1.35 0 0 1 0.620 16.21 10.57
hero_spruce_b -68.21 3.28 888.08 2.33 1.15 0 0 1 0.320 13.00 3.84
hero_birch_a -59.19 4.68 886.67 2.35 1.22 0 0 1 0.200 13.23 4.86
hero_spruce_c -48.50 6.00 889.16 1.15 0.98 0 0 1 0.420 19.00 3.91
hero_oak_a -42.91 7.22 883.10 4.03 1.14 0 0 1 0.550 13.74 8.57
hero_oak_a -35.71 7.89 885.92 1.09 0.99 0 0 1 0.550 13.74 8.57
hero_spruce_a 64.87 1.49 887.30 5.47 1.00 0 0 1 0.380 16.00 3.90
hero_oak_c 79.49 -0.08 887.38 2.53 1.01 0 0 1 0.620 16.21 10.57
hero_pine_a 81.95 -0.30 886.87 1.00 1.07 0 0 1 0.340 17.00 4.12
hero_pine_b 90.69 -0.68 887.31 1.80 1.15 0 0 1 0.300 14.00 4.13
hero_spruce_a 100.11 -0.65 887.94 2.48 1.34 0 0 1 0.380 16.00 3.90
hero_oak_c 111.95 0.06 888.07 3.61 1.07 0 0 1 0.620 16.21 10.57
hero_birch_b 120.72 1.02 888.66 4.47 1.29 0 0 1 0.220 14.31 7.20
hero_spruce_b 125.63 1.72 889.05 2.97 1.26 0 0 1 0.320 13.00 3.84
hero_spruce_a 138.72 3.46 883.38 0.62 1.21 0 0 1 0.380 16.00 3.90
hero_pine_a 141.60 4.02 883.90 1.73 1.35 0 0 1 0.340 17.00 4.12
hero_spruce_c -144.11 -1.62 895.98 0.64 1.19 0 0 1 0.420 19.00 3.91
hero_oak_b -138.95 -1.61 895.15 0.61 0.99 0 0 1 0.480 10.11 6.89
hero_oak_b -130.40 -1.61 893.77 2.32 1.28 0 0 1 0.480 10.11 6.89
hero_spruce_b -120.38 -1.54 895.60 5.92 0.97 0 0 1 0.320 13.00 3.84
hero_pine_b -111.48 -1.42 897.51 3.82 1.35 0 0 1 0.300 14.00 4.13
hero_pine_b -105.55 -0.85 891.96 1.64 1.29 0 0 1 0.300 14.00 4.13
hero_pine_a -97.39 -0.49 894.80 5.51 1.21 0 0 1 0.340 17.00 4.12
hero_spruce_b -75.37 1.96 892.23 3.61 1.17 0 0 1 0.320 13.00 3.84
hero_oak_a -66.16 3.05 894.13 0.48 0.96 0 0 1 0.550 13.74 8.57
hero_spruce_c -60.46 4.04 891.82 3.78 1.23 0 0 1 0.420 19.00 3.91
hero_pine_a -49.66 5.60 891.52 3.69 1.25 0 0 1 0.340 17.00 4.12
hero_spruce_a -41.07 6.33 896.42 1.14 0.96 0 0 1 0.380 16.00 3.90
hero_birch_a 70.33 0.99 891.60 5.28 1.31 0 0 1 0.200 13.23 4.86
hero_spruce_c 74.77 0.68 894.16 4.55 0.95 0 0 1 0.420 19.00 3.91
hero_birch_a 87.27 0.02 897.04 2.46 1.11 0 0 1 0.200 13.23 4.86
hero_spruce_b 93.61 -0.29 893.48 2.19 1.13 0 0 1 0.320 13.00 3.84
hero_pine_b 101.62 -0.09 894.56 1.49 1.15 0 0 1 0.300 14.00 4.13
hero_oak_a 106.58 0.22 895.44 2.93 1.15 0 0 1 0.550 13.74 8.57
hero_spruce_a 118.39 1.37 896.71 2.45 1.11 0 0 1 0.380 16.00 3.90
hero_spruce_b 130.38 3.01 896.93 3.65 1.26 0 0 1 0.320 13.00 3.84
hero_spruce_a 138.06 4.26 896.42 5.23 0.99 0 0 1 0.380 16.00 3.90
hero_birch_a -144.80 -1.62 900.94 4.37 0.97 0 0 1 0.200 13.23 4.86
hero_spruce_a -135.95 -1.76 902.12 3.37 1.33 0 0 1 0.380 16.00 3.90
hero_spruce_c -128.32 -1.81 902.95 2.22 1.16 0 0 1 0.420 19.00 3.91
hero_pine_a -120.80 -1.71 900.25 5.23 1.09 0 0 1 0.340 17.00 4.12
hero_oak_c -107.75 -1.57 904.61 5.71 1.21 0 0 1 0.620 16.21 10.57
hero_oak_a -103.67 -1.45 906.49 3.55 1.01 0 0 1 0.550 13.74 8.57
hero_spruce_b -95.99 -0.98 905.13 0.83 1.13 0 0 1 0.320 13.00 3.84
hero_spruce_b -85.26 0.13 901.28 4.41 1.23 0 0 1 0.320 13.00 3.84
hero_spruce_b -77.79 1.02 900.16 4.08 1.23 0 0 1 0.320 13.00 3.84
hero_oak_a -67.33 2.24 901.43 2.41 1.19 0 0 1 0.550 13.74 8.57
hero_oak_c -56.51 3.60 902.84 5.24 1.20 0 0 1 0.620 16.21 10.57
hero_oak_a -49.98 4.52 902.65 0.54 1.18 0 0 1 0.550 13.74 8.57
hero_birch_a -40.19 5.97 901.17 4.03 1.03 0 0 1 0.200 13.23 4.86
hero_spruce_b -37.86 5.80 905.25 4.42 1.33 0 0 1 0.320 13.00 3.84
hero_spruce_c 61.40 2.14 904.66 0.32 1.10 0 0 1 0.420 19.00 3.91
hero_spruce_b 81.78 0.40 901.97 4.13 1.30 0 0 1 0.320 13.00 3.84
hero_spruce_b 93.66 0.16 902.34 2.09 1.18 0 0 1 0.320 13.00 3.84
hero_oak_c 99.69 0.44 906.05 5.98 1.23 0 0 1 0.620 16.21 10.57
hero_spruce_b 109.58 0.76 900.69 5.58 1.21 0 0 1 0.320 13.00 3.84
hero_birch_a 115.34 1.55 905.07 5.28 1.18 0 0 1 0.200 13.23 4.86
hero_pine_b 129.22 3.19 902.40 2.39 1.19 0 0 1 0.300 14.00 4.13
hero_pine_b 133.46 3.79 901.32 5.61 1.08 0 0 1 0.300 14.00 4.13
hero_spruce_b -142.43 -1.64 911.28 2.76 1.02 0 0 1 0.320 13.00 3.84
hero_pine_b -138.16 -1.73 908.72 1.48 0.99 0 0 1 0.300 14.00 4.13
hero_pine_b -125.66 -1.91 909.02 1.97 1.31 0 0 1 0.300 14.00 4.13
hero_oak_c -117.27 -1.92 911.07 3.50 1.13 0 0 1 0.620 16.21 10.57
hero_birch_a -105.54 -1.60 908.70 4.95 1.03 0 0 1 0.200 13.23 4.86
hero_oak_b -92.84 -1.02 910.97 2.06 1.14 0 0 1 0.480 10.11 6.89
hero_spruce_b -75.29 0.74 908.49 5.86 1.00 0 0 1 0.320 13.00 3.84
hero_spruce_a -68.56 1.34 911.19 1.35 1.13 0 0 1 0.380 16.00 3.90
hero_spruce_a -59.08 2.35 913.42 4.83 1.12 0 0 1 0.380 16.00 3.90
hero_oak_a -54.81 3.04 911.64 5.72 1.13 0 0 1 0.550 13.74 8.57
hero_spruce_b -41.61 4.99 909.02 5.30 1.02 0 0 1 0.320 13.00 3.84
hero_birch_b -32.32 5.43 914.31 1.15 1.15 0 0 1 0.220 14.31 7.20
hero_pine_a 74.30 0.87 909.30 0.12 1.28 0 0 1 0.340 17.00 4.12
hero_oak_a 85.27 0.42 909.29 0.69 1.05 0 0 1 0.550 13.74 8.57
hero_birch_a 103.81 0.84 911.55 0.92 1.22 0 0 1 0.200 13.23 4.86
hero_birch_a 109.63 1.38 914.24 0.16 1.16 0 0 1 0.200 13.23 4.86
hero_spruce_c 121.00 2.56 912.14 4.78 1.18 0 0 1 0.420 19.00 3.91
hero_pine_a 128.22 3.47 910.04 6.21 0.97 0 0 1 0.340 17.00 4.12
hero_spruce_c 137.28 5.02 913.35 5.26 0.97 0 0 1 0.420 19.00 3.91
hero_birch_b 144.52 6.11 912.09 0.43 1.34 0 0 1 0.220 14.31 7.20
hero_birch_b -128.43 -1.88 916.78 1.96 0.96 0 0 1 0.220 14.31 7.20
hero_pine_a -122.99 -1.95 921.76 2.26 1.04 0 0 1 0.340 17.00 4.12
hero_oak_c -109.26 -1.97 923.03 0.16 1.31 0 0 1 0.620 16.21 10.57
hero_birch_a -104.50 -1.77 917.12 2.18 1.02 0 0 1 0.200 13.23 4.86
hero_pine_a -94.34 -1.30 916.92 0.30 0.98 0 0 1 0.340 17.00 4.12
hero_oak_c -82.58 -0.71 923.19 5.36 1.24 0 0 1 0.620 16.21 10.57
hero_pine_b -77.72 -0.08 918.80 2.51 0.96 0 0 1 0.300 14.00 4.13
hero_pine_a -70.39 0.60 919.84 4.28 0.97 0 0 1 0.340 17.00 4.12
hero_oak_c -48.52 2.83 922.85 6.02 1.24 0 0 1 0.620 16.21 10.57
hero_birch_b -41.95 3.77 920.49 1.76 1.12 0 0 1 0.220 14.31 7.20
hero_oak_a -35.32 4.74 917.95 2.10 1.04 0 0 1 0.550 13.74 8.57
hero_birch_b 60.42 1.27 922.14 1.64 1.07 0 0 1 0.220 14.31 7.20
hero_oak_a 68.40 0.78 921.38 1.65 1.10 0 0 1 0.550 13.74 8.57
hero_pine_a 77.76 0.55 916.68 3.33 1.11 0 0 1 0.340 17.00 4.12
hero_birch_b 85.08 0.27 921.74 5.47 1.13 0 0 1 0.220 14.31 7.20
hero_spruce_b 92.58 0.40 921.57 4.38 1.20 0 0 1 0.320 13.00 3.84
hero_birch_b 98.20 0.65 921.85 1.94 1.24 0 0 1 0.220 14.31 7.20
hero_pine_a 109.95 1.62 923.40 0.06 1.02 0 0 1 0.340 17.00 4.12
hero_pine_b 120.39 2.80 921.70 4.73 1.11 0 0 1 0.300 14.00 4.13
hero_birch_b 127.34 3.71 920.01 3.93 1.35 0 0 1 0.220 14.31 7.20
hero_spruce_c 136.57 5.25 923.44 4.79 1.02 0 0 1 0.420 19.00 3.91
hero_oak_a 141.85 6.04 921.68 3.27 0.99 0 0 1 0.550 13.74 8.57
hero_spruce_b -136.00 -1.70 925.14 1.61 1.16 0 0 1 0.320 13.00 3.84
hero_pine_a -129.18 -1.80 931.81 6.12 1.05 0 0 1 0.340 17.00 4.12
hero_spruce_a -121.61 -1.95 925.70 2.16 0.95 0 0 1 0.380 16.00 3.90
hero_spruce_c -107.95 -1.96 930.06 5.42 1.22 0 0 1 0.420 19.00 3.91
hero_spruce_b -101.54 -1.81 929.29 3.63 1.16 0 0 1 0.320 13.00 3.84
hero_spruce_a -96.32 -1.59 925.14 0.77 1.09 0 0 1 0.380 16.00 3.90
hero_spruce_a -84.76 -0.97 927.28 0.08 1.17 0 0 1 0.380 16.00 3.90
hero_oak_a -77.35 -0.41 928.00 5.03 1.05 0 0 1 0.550 13.74 8.57
hero_spruce_c -70.69 0.25 925.70 2.02 1.30 0 0 1 0.420 19.00 3.91
hero_oak_c -59.11 1.15 931.35 4.62 0.98 0 0 1 0.620 16.21 10.57
hero_pine_b -49.09 2.50 926.25 2.24 1.09 0 0 1 0.300 14.00 4.13
hero_oak_b -46.40 2.35 931.36 5.24 1.21 0 0 1 0.480 10.11 6.89
hero_pine_b -35.20 3.50 929.56 1.86 1.26 0 0 1 0.300 14.00 4.13
hero_spruce_a 65.83 0.11 931.27 2.08 1.19 0 0 1 0.380 16.00 3.90
hero_spruce_c 75.15 0.17 926.85 1.11 0.97 0 0 1 0.420 19.00 3.91
hero_oak_c 82.95 -0.07 929.82 2.84 1.08 0 0 1 0.620 16.21 10.57
hero_birch_b 93.66 0.26 930.00 1.59 1.25 0 0 1 0.220 14.31 7.20
hero_birch_b 100.40 0.76 926.59 5.67 1.10 0 0 1 0.220 14.31 7.20
hero_pine_b 107.84 1.40 928.30 4.03 1.12 0 0 1 0.300 14.00 4.13
hero_spruce_a 119.49 2.82 930.62 3.40 0.99 0 0 1 0.380 16.00 3.90
hero_birch_b 128.40 4.05 926.52 0.97 1.08 0 0 1 0.220 14.31 7.20
hero_spruce_a 133.39 4.85 930.02 4.97 1.34 0 0 1 0.380 16.00 3.90
hero_pine_b -137.25 -1.59 935.99 1.72 0.97 0 0 1 0.300 14.00 4.13
hero_oak_a -130.91 -1.75 934.87 3.99 1.10 0 0 1 0.550 13.74 8.57
hero_oak_b -117.04 -1.96 934.96 3.35 1.20 0 0 1 0.480 10.11 6.89
hero_pine_a -111.20 -1.96 934.14 4.03 1.10 0 0 1 0.340 17.00 4.12
hero_spruce_c -103.48 -1.85 939.81 3.73 1.25 0 0 1 0.420 19.00 3.91
hero_spruce_a -97.13 -1.67 934.24 5.98 0.97 0 0 1 0.380 16.00 3.90
hero_pine_a -82.07 -0.95 938.27 2.01 1.13 0 0 1 0.340 17.00 4.12
hero_oak_b -65.19 0.31 937.78 4.09 1.15 0 0 1 0.480 10.11 6.89
hero_spruce_b -62.95 0.50 937.59 3.14 1.23 0 0 1 0.320 13.00 3.84
hero_pine_b -40.97 2.67 933.48 0.06 1.19 0 0 1 0.300 14.00 4.13
hero_spruce_b -37.83 2.43 939.05 4.60 1.29 0 0 1 0.320 13.00 3.84
hero_birch_b 66.26 -0.56 937.95 4.74 1.07 0 0 1 0.220 14.31 7.20
hero_spruce_a 77.78 -0.43 934.66 5.57 1.28 0 0 1 0.380 16.00 3.90
hero_spruce_c 84.24 -0.58 938.29 5.61 1.34 0 0 1 0.420 19.00 3.91
hero_spruce_b 94.67 0.02 937.82 4.52 1.22 0 0 1 0.320 13.00 3.84
hero_oak_b 99.47 0.34 939.58 1.56 1.25 0 0 1 0.480 10.11 6.89
hero_pine_b 130.48 4.47 937.65 1.59 1.08 0 0 1 0.300 14.00 4.13
hero_oak_c 132.62 4.80 937.86 6.19 1.14 0 0 1 0.620 16.21 10.57
hero_spruce_b -134.06 -1.70 946.78 1.00 1.29 0 0 1 0.320 13.00 3.84
hero_spruce_c -130.99 -1.72 944.68 5.58 1.07 0 0 1 0.420 19.00 3.91
hero_oak_a -116.33 -1.88 946.99 2.68 1.14 0 0 1 0.550 13.74 8.57
hero_oak_c -110.49 -1.92 942.92 0.52 1.34 0 0 1 0.620 16.21 10.57
hero_pine_b -102.01 -1.72 948.66 5.90 1.07 0 0 1 0.300 14.00 4.13
hero_pine_b -96.74 -1.62 947.35 0.61 1.29 0 0 1 0.300 14.00 4.13
hero_spruce_c -82.90 -1.03 948.97 5.03 1.34 0 0 1 0.420 19.00 3.91
hero_pine_b -77.56 -0.70 947.92 4.37 1.06 0 0 1 0.300 14.00 4.13
hero_spruce_a -71.50 -0.30 943.68 2.02 1.13 0 0 1 0.380 16.00 3.90
hero_oak_c -61.47 0.35 946.86 0.03 1.27 0 0 1 0.620 16.21 10.57
hero_birch_a -48.00 1.44 943.96 3.98 0.99 0 0 1 0.200 13.23 4.86
hero_spruce_a -45.61 1.44 946.62 0.85 1.22 0 0 1 0.380 16.00 3.90
hero_oak_c -31.82 2.01 948.47 5.84 1.15 0 0 1 0.620 16.21 10.57
hero_spruce_a 67.17 -1.58 946.82 4.42 1.28 0 0 1 0.380 16.00 3.90
hero_oak_a 78.98 -1.26 945.14 5.91 1.09 0 0 1 0.550 13.74 8.57
hero_oak_c 87.20 -0.73 942.91 2.10 1.09 0 0 1 0.620 16.21 10.57
hero_oak_b 91.36 -0.81 948.06 3.05 1.29 0 0 1 0.480 10.11 6.89
hero_oak_b 101.14 0.27 945.33 0.40 1.19 0 0 1 0.480 10.11 6.89
hero_pine_a 110.05 1.33 946.14 2.50 1.05 0 0 1 0.340 17.00 4.12
hero_spruce_a 118.05 2.41 948.19 2.79 1.13 0 0 1 0.380 16.00 3.90
hero_spruce_a 138.90 5.76 945.07 5.78 1.23 0 0 1 0.380 16.00 3.90
hero_pine_a -142.64 -1.68 955.22 2.93 1.26 0 0 1 0.340 17.00 4.12
hero_spruce_b -137.15 -1.77 957.18 3.73 1.16 0 0 1 0.320 13.00 3.84
hero_spruce_c -130.81 -1.85 957.55 3.73 1.34 0 0 1 0.420 19.00 3.91
hero_oak_b -122.29 -1.87 955.54 1.39 1.22 0 0 1 0.480 10.11 6.89
hero_spruce_a -111.57 -1.85 951.25 0.95 1.23 0 0 1 0.380 16.00 3.90
hero_oak_c -104.39 -1.69 957.33 5.24 1.05 0 0 1 0.620 16.21 10.57
hero_oak_a -92.42 -1.39 954.29 3.81 1.20 0 0 1 0.550 13.74 8.57
hero_oak_c -83.09 -1.00 950.55 0.46 1.12 0 0 1 0.620 16.21 10.57
hero_spruce_a -76.46 -0.64 953.18 1.44 1.27 0 0 1 0.380 16.00 3.90
hero_birch_a -67.47 -0.10 952.50 4.32 1.15 0 0 1 0.200 13.23 4.86
hero_pine_a -62.50 0.18 956.05 3.07 1.11 0 0 1 0.340 17.00 4.12
hero_birch_a -40.77 1.46 951.28 5.16 1.21 0 0 1 0.200 13.23 4.86
hero_oak_c -34.91 1.54 954.09 1.24 1.01 0 0 1 0.620 16.21 10.57
hero_spruce_c 65.46 -2.40 954.14 6.23 1.14 0 0 1 0.420 19.00 3.91
hero_spruce_a 77.42 -1.92 951.55 4.13 1.30 0 0 1 0.380 16.00 3.90
hero_spruce_b 84.77 -1.87 955.54 4.87 1.20 0 0 1 0.320 13.00 3.84
hero_pine_b 91.59 -1.21 954.31 5.02 1.13 0 0 1 0.300 14.00 4.13
hero_birch_a 104.36 0.22 954.49 0.06 1.11 0 0 1 0.200 13.23 4.86
hero_oak_c 113.55 1.53 954.65 5.57 1.02 0 0 1 0.620 16.21 10.57
hero_birch_b 118.31 2.29 953.86 4.51 1.08 0 0 1 0.220 14.31 7.20
hero_spruce_b 137.87 5.53 950.58 2.89 1.16 0 0 1 0.320 13.00 3.84
hero_spruce_b -136.32 -1.88 960.83 3.67 1.34 0 0 1 0.320 13.00 3.84
hero_oak_b -127.36 -1.99 965.75 6.22 1.11 0 0 1 0.480 10.11 6.89
hero_birch_a -116.64 -1.88 961.05 2.65 1.21 0 0 1 0.200 13.23 4.86
hero_spruce_c -107.99 -1.75 962.45 4.06 1.20 0 0 1 0.420 19.00 3.91
hero_pine_a -104.31 -1.64 963.93 1.48 1.07 0 0 1 0.340 17.00 4.12
hero_birch_a -96.98 -1.45 962.17 4.04 1.19 0 0 1 0.200 13.23 4.86
hero_pine_a -86.58 -1.05 959.85 2.58 1.02 0 0 1 0.340 17.00 4.12
hero_spruce_a -77.74 -0.62 961.78 5.28 1.21 0 0 1 0.380 16.00 3.90
hero_spruce_a -68.08 -0.11 959.94 5.46 1.03 0 0 1 0.380 16.00 3.90
hero_oak_c -61.27 0.24 960.39 4.61 1.12 0 0 1 0.620 16.21 10.57
hero_oak_b -51.95 0.67 960.80 2.16 1.18 0 0 1 0.480 10.11 6.89
hero_pine_a -46.54 0.90 960.54 3.33 1.05 0 0 1 0.340 17.00 4.12
hero_spruce_a -37.71 1.05 963.14 4.28 1.10 0 0 1 0.380 16.00 3.90
hero_spruce_a 68.32 -2.96 959.21 2.92 1.08 0 0 1 0.380 16.00 3.90
hero_spruce_c 77.42 -3.22 965.36 0.72 1.03 0 0 1 0.420 19.00 3.91
hero_spruce_b 87.24 -2.28 963.19 5.62 1.16 0 0 1 0.320 13.00 3.84
hero_oak_a 102.16 -0.42 961.19 6.07 1.10 0 0 1 0.550 13.74 8.57
hero_birch_b 107.58 0.25 963.19 3.91 1.04 0 0 1 0.220 14.31 7.20
hero_spruce_b 119.30 2.19 960.70 4.65 1.33 0 0 1 0.320 13.00 3.84
hero_oak_b 129.00 3.87 959.47 3.52 1.07 0 0 1 0.480 10.11 6.89
hero_oak_c 136.40 4.96 963.95 1.91 1.23 0 0 1 0.620 16.21 10.57
hero_spruce_a 140.88 5.64 964.88 3.49 1.33 0 0 1 0.380 16.00 3.90
hero_spruce_c -137.89 -2.32 974.39 4.01 1.04 0 0 1 0.420 19.00 3.91
hero_spruce_a -122.98 -2.02 968.65 6.20 1.19 0 0 1 0.380 16.00 3.90
hero_pine_a -113.75 -1.86 968.40 3.32 1.11 0 0 1 0.340 17.00 4.12
hero_birch_b -101.23 -1.51 969.46 1.72 1.03 0 0 1 0.220 14.31 7.20
hero_birch_b -92.13 -1.15 972.11 4.21 1.30 0 0 1 0.220 14.31 7.20
hero_oak_a -84.69 -0.83 969.00 2.73 1.10 0 0 1 0.550 13.74 8.57
hero_spruce_b -79.50 -0.51 973.51 1.57 1.13 0 0 1 0.320 13.00 3.84
hero_oak_c -70.79 -0.17 969.36 3.55 1.33 0 0 1 0.620 16.21 10.57
hero_spruce_b -57.84 0.45 973.69 1.14 1.20 0 0 1 0.320 13.00 3.84
hero_spruce_b -50.34 0.66 973.38 5.34 1.14 0 0 1 0.320 13.00 3.84
hero_oak_a -42.68 0.79 972.72 1.82 1.04 0 0 1 0.550 13.74 8.57
hero_oak_b -36.94 0.79 973.30 2.00 1.12 0 0 1 0.480 10.11 6.89
hero_oak_b 68.69 -4.48 973.87 2.62 1.20 0 0 1 0.480 10.11 6.89
hero_pine_a 78.09 -3.86 972.83 2.74 1.31 0 0 1 0.340 17.00 4.12
hero_spruce_a 87.99 -2.82 970.91 5.91 1.30 0 0 1 0.380 16.00 3.90
hero_birch_a 96.21 -1.71 969.37 6.10 1.10 0 0 1 0.200 13.23 4.86
hero_oak_c 101.91 -0.89 968.79 4.18 1.06 0 0 1 0.620 16.21 10.57
hero_spruce_b 108.53 -0.16 973.80 1.70 1.29 0 0 1 0.320 13.00 3.84
hero_birch_b 116.19 1.40 967.52 0.50 1.30 0 0 1 0.220 14.31 7.20
hero_pine_b 127.36 3.17 971.19 3.30 1.27 0 0 1 0.300 14.00 4.13
hero_oak_c 144.86 6.09 970.11 0.43 1.21 0 0 1 0.620 16.21 10.57
hero_spruce_c -142.13 -2.64 980.30 1.37 0.96 0 0 1 0.420 19.00 3.91
hero_birch_b -137.51 -2.63 981.17 1.50 1.05 0 0 1 0.220 14.31 7.20
hero_oak_a -125.97 -2.40 980.85 5.65 1.18 0 0 1 0.550 13.74 8.57
hero_pine_b -111.19 -1.94 980.90 0.51 1.20 0 0 1 0.300 14.00 4.13
hero_spruce_a -101.78 -1.53 976.47 0.88 1.27 0 0 1 0.380 16.00 3.90
hero_spruce_a -94.13 -1.13 981.30 4.33 1.07 0 0 1 0.380 16.00 3.90
hero_pine_b -85.91 -0.76 978.45 1.77 1.31 0 0 1 0.300 14.00 4.13
hero_oak_c -77.18 -0.33 977.86 4.11 1.30 0 0 1 0.620 16.21 10.57
hero_spruce_b -71.80 0.05 982.38 4.59 1.06 0 0 1 0.320 13.00 3.84
hero_spruce_b -61.05 0.38 977.71 2.70 1.30 0 0 1 0.320 13.00 3.84
hero_oak_a -51.42 0.70 981.24 2.25 1.16 0 0 1 0.550 13.74 8.57
hero_birch_b -46.30 0.75 976.39 5.17 1.00 0 0 1 0.220 14.31 7.20
hero_birch_a -32.10 0.65 978.00 2.12 1.06 0 0 1 0.200 13.23 4.86
hero_pine_a 61.64 -5.16 978.80 1.33 1.30 0 0 1 0.340 17.00 4.12
hero_pine_a 70.78 -5.04 981.72 5.42 1.01 0 0 1 0.340 17.00 4.12
hero_spruce_b 77.95 -4.50 980.84 0.73 1.22 0 0 1 0.320 13.00 3.84
hero_spruce_c 81.06 -4.05 978.67 4.24 1.01 0 0 1 0.420 19.00 3.91
hero_spruce_a 91.55 -3.15 982.93 6.07 1.07 0 0 1 0.380 16.00 3.90
hero_spruce_a 102.32 -1.43 980.06 5.01 1.03 0 0 1 0.380 16.00 3.90
hero_oak_c 112.22 0.12 981.61 3.17 1.19 0 0 1 0.620 16.21 10.57
hero_oak_b 121.79 1.88 980.13 6.19 0.96 0 0 1 0.480 10.11 6.89
hero_birch_a 130.03 3.39 978.19 5.97 1.03 0 0 1 0.200 13.23 4.86
hero_spruce_a 133.66 3.96 979.00 3.93 1.23 0 0 1 0.380 16.00 3.90
hero_oak_c -133.37 -3.04 990.70 2.83 1.33 0 0 1 0.620 16.21 10.57
hero_birch_b -124.68 -2.57 987.04 3.75 0.95 0 0 1 0.220 14.31 7.20
hero_birch_a -114.24 -2.21 989.16 2.58 1.05 0 0 1 0.200 13.23 4.86
hero_spruce_a -103.11 -1.62 988.71 0.54 1.03 0 0 1 0.380 16.00 3.90
hero_oak_b -93.35 -1.06 987.10 1.80 1.10 0 0 1 0.480 10.11 6.89
hero_pine_b -88.24 -0.77 985.11 4.75 1.05 0 0 1 0.300 14.00 4.13
hero_pine_b -74.42 0.00 986.26 3.02 1.04 0 0 1 0.300 14.00 4.13
hero_pine_b -68.56 0.38 990.78 6.06 1.05 0 0 1 0.300 14.00 4.13
hero_spruce_b -52.41 0.71 984.65 6.28 1.34 0 0 1 0.320 13.00 3.84
hero_spruce_b -40.07 0.77 987.55 1.62 1.09 0 0 1 0.320 13.00 3.84
hero_birch_a -35.41 0.65 987.31 4.80 1.19 0 0 1 0.200 13.23 4.86
hero_spruce_c 65.76 -5.69 986.80 3.40 1.33 0 0 1 0.420 19.00 3.91
hero_oak_a 79.51 -4.77 987.41 1.03 0.96 0 0 1 0.550 13.74 8.57
hero_birch_a 84.83 -4.15 985.93 5.99 1.18 0 0 1 0.200 13.23 4.86
hero_oak_b 93.98 -3.02 986.33 1.07 1.34 0 0 1 0.480 10.11 6.89
hero_spruce_c 100.91 -1.96 986.47 4.77 1.06 0 0 1 0.420 19.00 3.91
hero_pine_b 113.37 0.13 986.93 5.65 0.99 0 0 1 0.300 14.00 4.13
hero_pine_a 119.67 1.24 987.00 5.36 1.05 0 0 1 0.340 17.00 4.12
hero_spruce_b 125.22 2.18 988.50 3.41 0.96 0 0 1 0.320 13.00 3.84
hero_pine_b 138.43 4.40 988.40 2.56 1.09 0 0 1 0.300 14.00 4.13
hero_spruce_a -136.49 -3.53 999.27 4.95 1.00 0 0 1 0.380 16.00 3.90
hero_pine_b -126.06 -3.03 997.45 5.80 1.02 0 0 1 0.300 14.00 4.13
hero_pine_b -118.66 -2.70 998.47 5.51 1.09 0 0 1 0.300 14.00 4.13
hero_oak_c -110.38 -2.14 994.47 3.89 1.34 0 0 1 0.620 16.21 10.57
hero_spruce_c -103.76 -1.76 998.26 1.00 1.18 0 0 1 0.420 19.00 3.91
hero_spruce_c -93.75 -1.06 993.88 2.69 1.19 0 0 1 0.420 19.00 3.91
hero_spruce_a -77.56 -0.03 994.98 4.25 1.30 0 0 1 0.380 16.00 3.90
hero_spruce_c -67.90 0.46 993.68 2.83 1.20 0 0 1 0.420 19.00 3.91
hero_oak_b -57.67 0.88 997.44 3.53 1.26 0 0 1 0.480 10.11 6.89
hero_pine_a -53.28 0.94 996.77 0.27 1.30 0 0 1 0.340 17.00 4.12
hero_spruce_a -44.27 0.91 993.55 6.28 0.96 0 0 1 0.380 16.00 3.90
hero_spruce_a 64.94 -6.42 999.42 5.00 1.25 0 0 1 0.380 16.00 3.90
hero_spruce_a 78.47 -5.33 996.78 0.74 1.01 0 0 1 0.380 16.00 3.90
hero_spruce_b 84.75 -4.74 999.23 0.08 1.01 0 0 1 0.320 13.00 3.84
hero_spruce_b 96.21 -3.03 994.32 0.77 1.24 0 0 1 0.320 13.00 3.84
hero_spruce_a 103.70 -1.86 995.88 1.29 1.03 0 0 1 0.380 16.00 3.90
hero_oak_c 111.25 -0.61 998.04 4.92 0.97 0 0 1 0.620 16.21 10.57
hero_spruce_a 118.65 0.66 998.94 2.76 1.24 0 0 1 0.380 16.00 3.90
hero_oak_c 126.11 2.01 997.96 3.64 1.18 0 0 1 0.620 16.21 10.57
hero_spruce_a 138.38 3.97 999.71 1.00 1.27 0 0 1 0.380 16.00 3.90
hero_spruce_c 141.29 4.63 993.64 2.83 1.19 0 0 1 0.420 19.00 3.91
hero_spruce_b -141.60 -4.00 1005.46 4.75 1.25 0 0 1 0.320 13.00 3.84
hero_oak_a -135.18 -3.85 1007.70 3.22 0.98 0 0 1 0.550 13.74 8.57
hero_birch_b -126.35 -3.47 1008.40 0.27 1.24 0 0 1 0.220 14.31 7.20
hero_birch_b -122.28 -3.04 1002.60 2.87 1.15 0 0 1 0.220 14.31 7.20
hero_pine_b -112.45 -2.41 1002.00 3.77 1.06 0 0 1 0.300 14.00 4.13
hero_pine_a -99.96 -1.52 1002.81 3.22 1.13 0 0 1 0.340 17.00 4.12
hero_spruce_c -96.32 -1.27 1006.52 2.50 1.31 0 0 1 0.420 19.00 3.91
hero_birch_a -83.43 -0.23 1006.50 0.54 1.07 0 0 1 0.200 13.23 4.86
hero_oak_b -76.03 0.26 1006.55 5.11 1.33 0 0 1 0.480 10.11 6.89
hero_pine_a -50.17 1.17 1006.13 2.05 1.29 0 0 1 0.340 17.00 4.12
hero_spruce_c -40.66 1.00 1003.28 4.08 1.08 0 0 1 0.420 19.00 3.91
hero_oak_c -36.53 0.89 1005.03 1.17 1.08 0 0 1 0.620 16.21 10.57
hero_spruce_b 65.82 -6.53 1004.39 4.85 1.03 0 0 1 0.320 13.00 3.84
hero_pine_b 74.32 -6.02 1007.33 3.26 0.96 0 0 1 0.300 14.00 4.13
hero_oak_c 85.35 -4.86 1006.97 0.32 1.08 0 0 1 0.620 16.21 10.57
hero_oak_b 104.86 -1.93 1005.89 4.86 1.34 0 0 1 0.480 10.11 6.89
hero_birch_b 108.60 -1.30 1008.47 2.73 1.02 0 0 1 0.220 14.31 7.20
hero_oak_a 115.37 -0.11 1007.86 4.74 1.07 0 0 1 0.550 13.74 8.57
hero_pine_a 125.35 1.64 1007.52 4.26 1.11 0 0 1 0.340 17.00 4.12
hero_spruce_c 132.09 2.80 1005.51 3.78 1.31 0 0 1 0.420 19.00 3.91
hero_spruce_a 140.64 4.06 1007.86 0.12 1.11 0 0 1 0.380 16.00 3.90
hero_oak_c -141.50 -4.31 1013.81 1.86 1.24 0 0 1 0.620 16.21 10.57
hero_spruce_a -138.92 -4.23 1014.54 0.80 1.06 0 0 1 0.380 16.00 3.90
hero_spruce_a -125.16 -3.57 1014.50 3.90 1.29 0 0 1 0.380 16.00 3.90
hero_spruce_a -120.17 -3.21 1013.64 4.69 1.08 0 0 1 0.380 16.00 3.90
hero_birch_a -114.24 -2.75 1012.67 1.18 1.07 0 0 1 0.200 13.23 4.86
hero_pine_a -105.44 -2.01 1011.24 5.42 0.97 0 0 1 0.340 17.00 4.12
hero_pine_a -90.81 -0.78 1014.01 2.47 1.23 0 0 1 0.340 17.00 4.12
hero_spruce_c -82.80 -0.13 1010.90 1.10 1.12 0 0 1 0.420 19.00 3.91
hero_pine_a -76.44 0.37 1014.15 5.02 1.30 0 0 1 0.340 17.00 4.12
hero_birch_b -71.24 0.64 1010.19 3.56 1.16 0 0 1 0.220 14.31 7.20
hero_pine_b -62.06 1.20 1015.34 2.28 1.07 0 0 1 0.300 14.00 4.13
hero_birch_a -53.56 1.36 1013.67 0.58 1.03 0 0 1 0.200 13.23 4.86
hero_pine_b -43.25 1.30 1014.53 3.90 1.17 0 0 1 0.300 14.00 4.13
hero_spruce_b -37.57 1.15 1015.71 2.98 0.98 0 0 1 0.320 13.00 3.84
hero_oak_c 56.49 -7.00 1014.00 6.07 1.11 0 0 1 0.620 16.21 10.57
hero_spruce_b 68.15 -6.60 1015.56 4.46 1.26 0 0 1 0.320 13.00 3.84
hero_spruce_c 75.94 -5.96 1013.35 3.27 1.03 0 0 1 0.420 19.00 3.91
hero_pine_a 83.01 -5.20 1010.76 5.94 1.08 0 0 1 0.340 17.00 4.12
hero_oak_c 95.56 -3.52 1012.65 1.97 1.33 0 0 1 0.620 16.21 10.57
hero_oak_a 100.46 -2.73 1012.09 0.20 1.22 0 0 1 0.550 13.74 8.57
hero_pine_a 112.58 -0.66 1013.29 0.32 1.02 0 0 1 0.340 17.00 4.12
hero_birch_a 121.21 0.84 1012.49 2.57 1.11 0 0 1 0.200 13.23 4.86
hero_oak_c 128.99 2.14 1013.61 1.75 1.01 0 0 1 0.620 16.21 10.57
hero_oak_a 143.26 4.31 1011.66 5.17 1.01 0 0 1 0.550 13.74 8.57
hero_spruce_a -134.13 -4.18 1020.87 5.27 1.17 0 0 1 0.380 16.00 3.90
hero_pine_a -130.40 -4.01 1023.81 1.45 1.10 0 0 1 0.340 17.00 4.12
hero_birch_a -120.47 -3.38 1024.93 3.19 1.28 0 0 1 0.200 13.23 4.86
hero_spruce_c -113.96 -2.85 1024.59 5.53 1.27 0 0 1 0.420 19.00 3.91
hero_spruce_a -99.31 -1.53 1020.93 4.81 1.34 0 0 1 0.380 16.00 3.90
hero_oak_a -90.68 -0.66 1024.58 3.55 1.16 0 0 1 0.550 13.74 8.57
hero_birch_b -83.20 0.05 1025.48 3.56 1.10 0 0 1 0.220 14.31 7.20
hero_birch_b -79.05 0.38 1023.93 4.31 0.97 0 0 1 0.220 14.31 7.20
hero_oak_b -58.25 1.47 1022.20 5.51 1.23 0 0 1 0.480 10.11 6.89
hero_spruce_c -54.88 1.46 1019.44 5.66 1.31 0 0 1 0.420 19.00 3.91
hero_spruce_b -45.04 1.44 1019.25 4.69 1.30 0 0 1 0.320 13.00 3.84
hero_birch_b 60.50 -6.89 1024.26 1.38 0.98 0 0 1 0.220 14.31 7.20
hero_birch_a 69.73 -6.44 1025.17 4.35 1.24 0 0 1 0.200 13.23 4.86
hero_oak_b 76.45 -5.88 1024.40 1.09 1.06 0 0 1 0.480 10.11 6.89
hero_oak_a 81.07 -5.45 1022.29 4.08 1.28 0 0 1 0.550 13.74 8.57
hero_pine_a 91.18 -4.16 1019.98 0.84 1.11 0 0 1 0.340 17.00 4.12
hero_spruce_c 109.91 -1.16 1019.91 4.40 1.02 0 0 1 0.420 19.00 3.91
hero_spruce_a 127.01 1.73 1019.16 2.34 0.99 0 0 1 0.380 16.00 3.90
hero_birch_a 134.94 2.92 1020.05 5.23 1.17 0 0 1 0.200 13.23 4.86
hero_oak_a 141.55 3.81 1021.35 0.11 1.03 0 0 1 0.550 13.74 8.57
hero_pine_b -136.92 -4.31 1030.87 3.65 1.16 0 0 1 0.300 14.00 4.13
hero_oak_c -128.61 -3.85 1033.92 4.77 1.30 0 0 1 0.620 16.21 10.57
hero_birch_b -116.53 -3.04 1029.57 4.45 1.24 0 0 1 0.220 14.31 7.20
hero_spruce_b -108.53 -2.32 1029.45 2.87 1.15 0 0 1 0.320 13.00 3.84
hero_spruce_b -100.11 -1.45 1032.61 1.92 1.14 0 0 1 0.320 13.00 3.84
hero_oak_b -96.81 -1.14 1032.13 0.44 1.26 0 0 1 0.480 10.11 6.89
hero_spruce_a -86.56 -0.14 1030.87 3.36 1.05 0 0 1 0.380 16.00 3.90
hero_spruce_c -74.00 0.92 1032.42 6.04 1.35 0 0 1 0.420 19.00 3.91
hero_oak_c -71.28 1.07 1030.31 1.56 1.21 0 0 1 0.620 16.21 10.57
hero_oak_b -58.64 1.75 1033.15 0.99 1.07 0 0 1 0.480 10.11 6.89
hero_spruce_c -48.76 1.86 1033.87 0.92 1.28 0 0 1 0.420 19.00 3.91
hero_oak_c -46.50 1.68 1027.95 0.96 1.26 0 0 1 0.620 16.21 10.57
hero_oak_b 59.52 -6.91 1027.12 4.72 1.31 0 0 1 0.480 10.11 6.89
hero_oak_b 68.94 -6.44 1028.67 5.21 1.21 0 0 1 0.480 10.11 6.89
hero_pine_a 75.02 -5.87 1033.22 3.30 1.15 0 0 1 0.340 17.00 4.12
hero_spruce_a 82.53 -5.14 1030.65 2.47 1.07 0 0 1 0.380 16.00 3.90
hero_spruce_c 95.90 -3.36 1030.26 3.29 0.99 0 0 1 0.420 19.00 3.91
hero_birch_b 101.83 -2.47 1030.89 1.14 1.25 0 0 1 0.220 14.31 7.20
hero_pine_b 107.92 -1.50 1027.66 4.81 1.13 0 0 1 0.300 14.00 4.13
hero_pine_b 117.04 -0.00 1027.42 5.91 1.31 0 0 1 0.300 14.00 4.13
hero_birch_b 125.52 1.35 1030.02 5.73 1.31 0 0 1 0.220 14.31 7.20
hero_spruce_c 134.32 2.70 1028.20 4.58 1.00 0 0 1 0.420 19.00 3.91
hero_pine_a -143.53 -4.13 1041.76 4.03 0.98 0 0 1 0.340 17.00 4.12
hero_oak_c -136.17 -3.92 1041.96 4.24 1.04 0 0 1 0.620 16.21 10.57
hero_spruce_c -130.08 -3.87 1036.37 1.75 1.19 0 0 1 0.420 19.00 3.91
hero_birch_b -112.23 -2.53 1036.87 5.70 1.30 0 0 1 0.220 14.31 7.20
hero_spruce_b -103.54 -1.73 1035.88 4.63 1.27 0 0 1 0.320 13.00 3.84
hero_birch_b -87.50 0.06 1040.89 3.46 1.01 0 0 1 0.220 14.31 7.20
hero_oak_b -75.92 0.95 1038.15 0.90 1.28 0 0 1 0.480 10.11 6.89
hero_birch_b -66.16 1.59 1038.38 0.39 1.24 0 0 1 0.220 14.31 7.20
hero_oak_c -60.58 1.87 1039.37 0.84 1.15 0 0 1 0.620 16.21 10.57
hero_oak_a -48.30 1.95 1037.17 3.37 1.23 0 0 1 0.550 13.74 8.57
hero_spruce_c -44.42 1.92 1037.88 0.94 1.06 0 0 1 0.420 19.00 3.91
hero_oak_b 70.34 -6.09 1038.18 2.05 0.95 0 0 1 0.480 10.11 6.89
hero_spruce_b 77.51 -5.52 1037.88 5.21 1.14 0 0 1 0.320 13.00 3.84
hero_birch_b 87.74 -4.36 1038.88 0.09 1.21 0 0 1 0.220 14.31 7.20
hero_spruce_a 112.93 -0.62 1037.18 2.82 0.95 0 0 1 0.380 16.00 3.90
hero_spruce_b 116.95 -0.02 1038.85 5.86 1.33 0 0 1 0.320 13.00 3.84
hero_spruce_a 127.40 1.54 1041.81 6.12 1.28 0 0 1 0.380 16.00 3.90
hero_spruce_a 136.88 2.81 1040.66 2.70 1.25 0 0 1 0.380 16.00 3.90
hero_pine_b 144.84 3.74 1038.95 6.27 1.29 0 0 1 0.300 14.00 4.13
hero_spruce_c -143.02 -3.90 1045.58 3.78 0.96 0 0 1 0.420 19.00 3.91
hero_spruce_c -137.14 -3.82 1045.03 3.79 1.30 0 0 1 0.420 19.00 3.91
hero_pine_b -129.71 -3.45 1045.50 6.23 1.15 0 0 1 0.300 14.00 4.13
hero_spruce_c -119.19 -2.44 1051.00 4.85 1.32 0 0 1 0.420 19.00 3.91
hero_oak_b -110.67 -1.72 1050.78 5.33 1.02 0 0 1 0.480 10.11 6.89
hero_spruce_c -99.58 -0.86 1047.91 4.05 1.32 0 0 1 0.420 19.00 3.91
hero_pine_a -73.87 1.42 1046.57 4.56 1.06 0 0 1 0.340 17.00 4.12
hero_spruce_c -65.61 1.87 1045.56 0.40 1.07 0 0 1 0.420 19.00 3.91
hero_spruce_a -61.75 2.00 1045.03 0.32 1.12 0 0 1 0.380 16.00 3.90
hero_spruce_c -48.65 2.27 1048.29 3.97 1.26 0 0 1 0.420 19.00 3.91
hero_spruce_a -41.82 2.02 1044.76 1.02 1.09 0 0 1 0.380 16.00 3.90
hero_pine_a 60.55 -6.40 1045.67 2.34 1.32 0 0 1 0.340 17.00 4.12
hero_birch_a 64.38 -6.15 1048.77 3.55 1.29 0 0 1 0.200 13.23 4.86
hero_spruce_a 79.30 -5.05 1049.08 0.41 1.21 0 0 1 0.380 16.00 3.90
hero_pine_a 91.09 -3.74 1047.31 0.99 1.25 0 0 1 0.340 17.00 4.12
hero_birch_a 100.33 -2.50 1044.81 4.85 1.19 0 0 1 0.200 13.23 4.86
hero_birch_b 110.93 -0.90 1046.91 1.72 1.27 0 0 1 0.220 14.31 7.20
hero_oak_c 121.00 0.58 1050.16 0.22 1.16 0 0 1 0.620 16.21 10.57
hero_oak_c 128.11 1.61 1044.75 4.86 1.32 0 0 1 0.620 16.21 10.57
hero_pine_a 141.69 3.15 1050.68 5.50 0.99 0 0 1 0.340 17.00 4.12
hero_birch_a -137.09 -3.10 1054.43 5.17 1.21 0 0 1 0.200 13.23 4.86
hero_pine_a -125.67 -2.59 1054.22 2.65 0.98 0 0 1 0.340 17.00 4.12
hero_birch_b -122.84 -2.34 1055.38 2.94 1.18 0 0 1 0.220 14.31 7.20
hero_spruce_a -108.91 -1.17 1056.37 2.94 1.08 0 0 1 0.380 16.00 3.90
hero_spruce_a -101.20 -0.40 1057.00 6.14 0.99 0 0 1 0.380 16.00 3.90
hero_oak_a -95.68 0.18 1057.95 4.78 0.97 0 0 1 0.550 13.74 8.57
hero_birch_b -87.74 0.68 1054.91 1.99 1.19 0 0 1 0.220 14.31 7.20
hero_oak_a -79.85 1.32 1054.61 1.93 1.28 0 0 1 0.550 13.74 8.57
hero_birch_a -69.00 2.11 1055.64 5.38 1.02 0 0 1 0.200 13.23 4.86
hero_spruce_a -63.52 2.20 1052.59 6.00 1.33 0 0 1 0.380 16.00 3.90
hero_pine_a -50.12 2.53 1055.47 0.00 1.02 0 0 1 0.340 17.00 4.12
hero_pine_b -45.85 2.41 1054.34 5.86 1.20 0 0 1 0.300 14.00 4.13
hero_spruce_b 49.19 -6.09 1056.05 1.12 0.97 0 0 1 0.320 13.00 3.84
hero_spruce_c 61.60 -5.97 1056.81 4.62 1.17 0 0 1 0.420 19.00 3.91
hero_spruce_b 70.65 -5.61 1053.65 1.56 1.07 0 0 1 0.320 13.00 3.84
hero_pine_a 77.52 -5.03 1054.69 1.90 1.00 0 0 1 0.340 17.00 4.12
hero_oak_a 91.38 -3.59 1053.04 0.16 1.25 0 0 1 0.550 13.74 8.57
hero_pine_a 101.69 -2.17 1056.49 1.65 1.28 0 0 1 0.340 17.00 4.12
hero_spruce_b 108.11 -1.25 1056.85 0.04 1.03 0 0 1 0.320 13.00 3.84
hero_pine_a 119.16 0.31 1054.56 2.81 1.02 0 0 1 0.340 17.00 4.12
hero_spruce_b 127.68 1.46 1053.33 1.19 1.14 0 0 1 0.320 13.00 3.84
hero_spruce_c 131.95 1.92 1057.32 0.87 0.96 0 0 1 0.420 19.00 3.91
hero_oak_c 144.28 3.30 1053.08 2.35 1.27 0 0 1 0.620 16.21 10.57
hero_spruce_c -142.83 -2.02 1065.57 5.97 1.30 0 0 1 0.420 19.00 3.91
hero_birch_b -139.21 -2.03 1064.85 3.61 0.98 0 0 1 0.220 14.31 7.20
hero_birch_a -127.62 -1.68 1064.90 2.27 1.34 0 0 1 0.200 13.23 4.86
hero_spruce_b -119.67 -1.10 1065.89 3.81 1.19 0 0 1 0.320 13.00 3.84
hero_birch_b -112.59 -1.04 1061.49 1.98 1.18 0 0 1 0.220 14.31 7.20
hero_birch_b -105.47 -0.01 1065.93 5.11 1.10 0 0 1 0.220 14.31 7.20
hero_spruce_b -92.84 0.90 1064.17 3.58 1.16 0 0 1 0.320 13.00 3.84
hero_oak_c -88.85 1.42 1066.61 0.48 1.30 0 0 1 0.620 16.21 10.57
hero_birch_b -78.86 1.94 1063.16 4.60 1.05 0 0 1 0.220 14.31 7.20
hero_pine_b -69.65 2.67 1066.73 0.04 1.21 0 0 1 0.300 14.00 4.13
hero_spruce_c -57.56 2.74 1061.49 4.31 1.23 0 0 1 0.420 19.00 3.91
hero_spruce_c -52.70 2.81 1062.90 4.14 1.24 0 0 1 0.420 19.00 3.91
hero_pine_b 51.09 -5.94 1061.16 1.96 1.05 0 0 1 0.300 14.00 4.13
hero_oak_b 58.82 -5.88 1061.63 0.32 1.17 0 0 1 0.480 10.11 6.89
hero_pine_b 64.70 -5.49 1067.55 2.67 1.06 0 0 1 0.300 14.00 4.13
hero_oak_c 75.74 -5.01 1061.27 2.05 1.14 0 0 1 0.620 16.21 10.57
hero_birch_b 86.51 -3.88 1067.06 2.51 1.18 0 0 1 0.220 14.31 7.20
hero_spruce_a 91.16 -3.37 1065.84 3.28 1.03 0 0 1 0.380 16.00 3.90
hero_pine_a 101.92 -2.08 1066.39 0.34 1.16 0 0 1 0.340 17.00 4.12
hero_spruce_c 128.26 1.31 1063.78 0.86 1.18 0 0 1 0.420 19.00 3.91
hero_spruce_c 134.78 2.01 1064.15 0.49 1.25 0 0 1 0.420 19.00 3.91
hero_spruce_b 140.62 2.69 1061.21 1.36 1.31 0 0 1 0.320 13.00 3.84
hero_pine_a -138.65 -1.04 1072.47 3.18 1.09 0 0 1 0.340 17.00 4.12
hero_pine_b -130.81 -0.35 1076.16 1.63 1.32 0 0 1 0.300 14.00 4.13
hero_oak_b -118.11 0.25 1076.05 0.42 1.21 0 0 1 0.480 10.11 6.89
hero_spruce_c -112.87 0.65 1076.47 5.43 1.11 0 0 1 0.420 19.00 3.91
hero_pine_b -101.01 1.21 1074.19 5.26 1.32 0 0 1 0.300 14.00 4.13
hero_spruce_b -96.57 1.14 1070.33 0.06 1.34 0 0 1 0.320 13.00 3.84
hero_spruce_a -87.51 1.84 1070.11 1.46 1.17 0 0 1 0.380 16.00 3.90
hero_spruce_b -79.48 2.64 1073.16 1.31 1.18 0 0 1 0.320 13.00 3.84
hero_spruce_b -69.48 2.97 1071.35 6.17 1.28 0 0 1 0.320 13.00 3.84
hero_birch_a -60.34 3.28 1072.38 0.66 1.02 0 0 1 0.200 13.23 4.86
hero_pine_b -49.85 3.29 1074.55 4.48 1.10 0 0 1 0.300 14.00 4.13
hero_spruce_b 47.61 -5.38 1076.13 0.96 1.01 0 0 1 0.320 13.00 3.84
hero_oak_c 57.48 -5.50 1073.44 0.06 1.06 0 0 1 0.620 16.21 10.57
hero_pine_b 66.55 -5.22 1074.62 4.22 1.17 0 0 1 0.300 14.00 4.13
hero_spruce_a 74.82 -4.78 1073.15 2.73 1.15 0 0 1 0.380 16.00 3.90
hero_spruce_a 86.82 -3.74 1074.47 0.63 1.10 0 0 1 0.380 16.00 3.90
hero_spruce_a 94.97 -2.89 1073.38 3.32 1.03 0 0 1 0.380 16.00 3.90
hero_oak_a 103.16 -1.96 1072.81 1.32 1.32 0 0 1 0.550 13.74 8.57
hero_oak_c 108.07 -1.35 1073.14 3.04 1.14 0 0 1 0.620 16.21 10.57
hero_oak_c 117.36 -0.30 1076.16 5.10 1.01 0 0 1 0.620 16.21 10.57
hero_spruce_a 129.23 1.19 1071.08 1.14 1.10 0 0 1 0.380 16.00 3.90
hero_oak_b 135.27 1.80 1071.35 0.19 1.12 0 0 1 0.480 10.11 6.89
hero_spruce_a 142.53 2.40 1071.98 2.37 1.32 0 0 1 0.380 16.00 3.90
hero_pine_a -133.58 0.25 1080.69 4.46 1.16 0 0 1 0.340 17.00 4.12
hero_pine_a -130.54 0.29 1080.52 5.39 1.33 0 0 1 0.340 17.00 4.12
hero_pine_b -113.32 0.83 1078.12 0.62 1.19 0 0 1 0.300 14.00 4.13
hero_birch_b -102.61 1.64 1078.60 3.92 0.99 0 0 1 0.220 14.31 7.20
hero_spruce_b -94.44 2.62 1082.43 2.68 1.33 0 0 1 0.320 13.00 3.84
hero_spruce_a -82.29 3.01 1079.23 2.10 1.35 0 0 1 0.380 16.00 3.90
hero_birch_b -76.04 3.44 1080.33 4.22 0.99 0 0 1 0.220 14.31 7.20
hero_birch_b -59.94 3.74 1080.46 6.27 1.25 0 0 1 0.220 14.31 7.20
hero_spruce_a -52.87 3.86 1084.58 1.09 1.32 0 0 1 0.380 16.00 3.90
hero_birch_a 58.35 -5.30 1079.64 5.28 1.06 0 0 1 0.200 13.23 4.86
hero_birch_b 68.08 -5.07 1078.12 4.44 1.22 0 0 1 0.220 14.31 7.20
hero_oak_c 74.06 -4.70 1078.23 1.36 0.96 0 0 1 0.620 16.21 10.57
hero_spruce_a 80.96 -4.17 1084.00 2.39 1.27 0 0 1 0.380 16.00 3.90
hero_oak_c 91.10 -3.31 1082.69 2.57 1.25 0 0 1 0.620 16.21 10.57
hero_oak_a 104.75 -1.95 1084.53 2.06 1.22 0 0 1 0.550 13.74 8.57
hero_spruce_a 112.96 -0.96 1081.26 4.45 1.00 0 0 1 0.380 16.00 3.90
hero_spruce_a 117.08 -0.46 1079.00 5.54 1.29 0 0 1 0.380 16.00 3.90
hero_spruce_c 125.20 0.17 1084.84 0.29 1.04 0 0 1 0.420 19.00 3.91
hero_spruce_b 132.60 0.97 1082.59 3.86 1.23 0 0 1 0.320 13.00 3.84
hero_oak_b -138.69 1.60 1090.15 5.72 1.21 0 0 1 0.480 10.11 6.89
hero_pine_b -130.40 1.61 1089.07 4.99 1.25 0 0 1 0.300 14.00 4.13
hero_spruce_a -118.05 1.99 1088.27 3.23 1.35 0 0 1 0.380 16.00 3.90
hero_oak_c -109.89 2.96 1091.76 3.75 1.15 0 0 1 0.620 16.21 10.57
hero_spruce_c -105.33 2.67 1088.04 4.64 1.28 0 0 1 0.420 19.00 3.91
hero_oak_c -91.18 3.75 1090.17 5.65 1.15 0 0 1 0.620 16.21 10.57
hero_spruce_b -82.22 3.76 1086.60 3.49 1.22 0 0 1 0.320 13.00 3.84
hero_birch_b -77.45 4.07 1087.89 5.31 1.12 0 0 1 0.220 14.31 7.20
hero_spruce_b -66.51 4.53 1091.31 5.76 1.23 0 0 1 0.320 13.00 3.84
hero_spruce_c -58.38 4.50 1092.10 0.49 1.11 0 0 1 0.420 19.00 3.91
hero_oak_a -54.29 4.34 1091.81 0.10 1.28 0 0 1 0.550 13.74 8.57
hero_oak_c 43.97 -4.93 1087.80 1.57 1.21 0 0 1 0.620 16.21 10.57
hero_oak_a 47.24 -4.90 1091.89 4.64 1.30 0 0 1 0.550 13.74 8.57
hero_spruce_c 56.42 -5.14 1086.74 6.24 1.23 0 0 1 0.420 19.00 3.91
hero_pine_a 69.15 -4.81 1086.54 1.73 1.05 0 0 1 0.340 17.00 4.12
hero_birch_b 73.00 -4.58 1089.25 5.26 1.00 0 0 1 0.220 14.31 7.20
hero_spruce_a 81.55 -4.06 1090.24 6.26 1.05 0 0 1 0.380 16.00 3.90
hero_birch_b 91.91 -3.30 1092.99 2.83 1.18 0 0 1 0.220 14.31 7.20
hero_spruce_b 113.57 -1.16 1088.46 5.92 1.14 0 0 1 0.320 13.00 3.84
hero_spruce_b 126.68 -0.08 1091.69 0.15 0.99 0 0 1 0.320 13.00 3.84
hero_pine_b 137.23 0.82 1090.99 2.65 1.09 0 0 1 0.300 14.00 4.13
hero_pine_b -137.23 2.55 1096.12 1.00 1.26 0 0 1 0.300 14.00 4.13
hero_spruce_a -126.22 2.96 1096.71 3.50 1.14 0 0 1 0.380 16.00 3.90
hero_oak_a -121.41 3.29 1097.54 4.23 1.01 0 0 1 0.550 13.74 8.57
hero_birch_a -113.43 3.29 1095.32 4.78 1.24 0 0 1 0.200 13.23 4.86
hero_spruce_b -105.50 4.08 1098.08 0.83 1.31 0 0 1 0.320 13.00 3.84
hero_oak_c -90.93 4.96 1099.99 3.59 1.27 0 0 1 0.620 16.21 10.57
hero_spruce_c -83.17 5.12 1099.41 4.22 1.26 0 0 1 0.420 19.00 3.91
hero_oak_a -79.77 4.78 1095.52 2.16 1.22 0 0 1 0.550 13.74 8.57
hero_oak_c -67.97 5.10 1097.63 1.08 0.96 0 0 1 0.620 16.21 10.57
hero_oak_a -58.70 5.03 1099.50 2.69 0.98 0 0 1 0.550 13.74 8.57
hero_oak_b 43.71 -4.55 1099.50 4.53 1.17 0 0 1 0.480 10.11 6.89
hero_birch_b 53.66 -4.77 1099.59 6.28 1.11 0 0 1 0.220 14.31 7.20
hero_oak_c 57.19 -4.82 1097.92 3.27 1.08 0 0 1 0.620 16.21 10.57
hero_spruce_b 66.38 -4.69 1097.72 2.25 1.07 0 0 1 0.320 13.00 3.84
hero_oak_a 73.29 -4.48 1096.67 1.22 1.23 0 0 1 0.550 13.74 8.57
hero_oak_c 83.11 -3.94 1100.51 1.35 1.07 0 0 1 0.620 16.21 10.57
hero_oak_b 94.23 -3.23 1101.40 5.36 0.98 0 0 1 0.480 10.11 6.89
hero_oak_b 100.49 -2.60 1095.07 4.71 1.00 0 0 1 0.480 10.11 6.89
hero_pine_b 109.93 -2.03 1100.39 0.17 1.34 0 0 1 0.300 14.00 4.13
hero_pine_a 118.35 -1.29 1099.56 0.55 1.23 0 0 1 0.340 17.00 4.12
hero_spruce_a 127.70 -0.72 1101.70 4.59 1.22 0 0 1 0.380 16.00 3.90
hero_pine_b 144.96 0.79 1097.78 3.95 1.06 0 0 1 0.300 14.00 4.13
hero_oak_c -141.76 4.19 1107.70 3.83 1.16 0 0 1 0.620 16.21 10.57
hero_birch_a -134.52 4.57 1109.27 2.53 1.29 0 0 1 0.200 13.23 4.86
hero_spruce_b -124.53 4.88 1109.09 2.49 1.25 0 0 1 0.320 13.00 3.84
hero_oak_c -120.69 4.38 1104.60 2.27 1.17 0 0 1 0.620 16.21 10.57
hero_spruce_a -112.16 5.36 1109.05 1.05 1.31 0 0 1 0.380 16.00 3.90
hero_pine_b -100.39 5.18 1104.16 2.96 0.97 0 0 1 0.300 14.00 4.13
hero_oak_a -94.83 5.81 1107.75 0.15 1.21 0 0 1 0.550 13.74 8.57
hero_spruce_b -87.67 5.53 1103.67 0.37 0.99 0 0 1 0.320 13.00 3.84
hero_pine_a -79.26 5.63 1103.48 6.16 1.06 0 0 1 0.340 17.00 4.12
hero_oak_c -68.46 5.60 1103.66 1.37 1.16 0 0 1 0.620 16.21 10.57
hero_pine_b -58.13 5.57 1107.99 6.03 1.13 0 0 1 0.300 14.00 4.13
hero_pine_b 39.71 -4.26 1103.96 4.68 1.33 0 0 1 0.300 14.00 4.13
hero_birch_a 50.21 -4.42 1109.69 2.26 1.15 0 0 1 0.200 13.23 4.86
hero_spruce_b 59.23 -4.63 1105.01 5.06 0.99 0 0 1 0.320 13.00 3.84
hero_birch_a 70.65 -4.39 1108.81 4.74 1.02 0 0 1 0.200 13.23 4.86
hero_spruce_c 74.51 -4.31 1108.32 1.08 1.27 0 0 1 0.420 19.00 3.91
hero_oak_a 85.43 -3.84 1104.28 3.33 1.27 0 0 1 0.550 13.74 8.57
hero_oak_a 93.83 -3.36 1106.95 5.41 1.04 0 0 1 0.550 13.74 8.57
hero_pine_a 102.99 -2.67 1104.15 3.99 0.97 0 0 1 0.340 17.00 4.12
hero_pine_b 112.48 -2.20 1107.70 5.80 1.31 0 0 1 0.300 14.00 4.13
hero_spruce_a 117.61 -1.74 1106.31 2.83 1.05 0 0 1 0.380 16.00 3.90
hero_spruce_c 127.56 -0.98 1105.26 0.31 1.06 0 0 1 0.420 19.00 3.91
hero_birch_a 136.08 -0.63 1107.64 5.84 0.99 0 0 1 0.200 13.23 4.86
hero_birch_a 141.30 -0.27 1106.99 1.40 1.00 0 0 1 0.200 13.23 4.86
hero_birch_b -142.16 5.20 1115.65 6.27 1.35 0 0 1 0.220 14.31 7.20
hero_oak_c -133.67 5.31 1114.48 2.40 1.25 0 0 1 0.620 16.21 10.57
hero_spruce_a -127.40 5.54 1114.36 5.61 1.00 0 0 1 0.380 16.00 3.90
hero_pine_b -122.22 6.23 1118.34 0.84 1.21 0 0 1 0.300 14.00 4.13
hero_spruce_c -108.53 6.31 1114.86 0.41 1.02 0 0 1 0.420 19.00 3.91
hero_pine_b -101.77 6.89 1118.16 2.09 1.34 0 0 1 0.300 14.00 4.13
hero_pine_b -92.52 6.71 1114.70 5.80 1.11 0 0 1 0.300 14.00 4.13
hero_spruce_b -87.05 7.01 1117.19 0.28 1.34 0 0 1 0.320 13.00 3.84
hero_spruce_c -78.62 6.60 1113.05 3.24 1.05 0 0 1 0.420 19.00 3.91
hero_pine_a -72.06 6.68 1115.54 2.03 1.25 0 0 1 0.340 17.00 4.12
hero_spruce_a 34.38 -3.51 1116.97 0.49 1.01 0 0 1 0.380 16.00 3.90
hero_birch_a 44.53 -4.10 1114.38 4.92 1.14 0 0 1 0.200 13.23 4.86
hero_spruce_c 51.11 -4.22 1116.58 2.59 1.16 0 0 1 0.420 19.00 3.91
hero_spruce_a 60.79 -4.35 1116.17 2.47 1.18 0 0 1 0.380 16.00 3.90
hero_birch_a 65.01 -4.41 1113.72 0.07 1.24 0 0 1 0.200 13.23 4.86
hero_birch_b 75.75 -4.21 1114.19 4.05 1.22 0 0 1 0.220 14.31 7.20
hero_oak_c 82.87 -3.96 1116.79 5.13 1.08 0 0 1 0.620 16.21 10.57
hero_birch_b 94.60 -3.57 1118.75 3.35 1.33 0 0 1 0.220 14.31 7.20
hero_pine_b 119.59 -2.11 1114.00 5.43 0.99 0 0 1 0.300 14.00 4.13
hero_birch_b 123.65 -1.98 1115.36 5.20 0.95 0 0 1 0.220 14.31 7.20
hero_spruce_b 138.63 -1.50 1118.29 5.36 1.13 0 0 1 0.320 13.00 3.84
hero_pine_a 143.23 -1.08 1116.27 2.23 1.06 0 0 1 0.340 17.00 4.12
hero_oak_a -136.95 6.58 1126.80 3.64 1.24 0 0 1 0.550 13.74 8.57
hero_oak_a -127.23 6.72 1124.03 5.30 1.11 0 0 1 0.550 13.74 8.57
hero_birch_b -116.53 7.23 1124.95 2.49 1.18 0 0 1 0.220 14.31 7.20
hero_spruce_b -109.60 7.20 1122.48 0.80 1.08 0 0 1 0.320 13.00 3.84
hero_spruce_a -99.04 7.51 1122.79 0.32 0.99 0 0 1 0.380 16.00 3.90
hero_birch_b -93.38 7.77 1124.71 2.20 1.01 0 0 1 0.220 14.31 7.20
hero_birch_b -84.88 7.91 1126.73 1.27 1.02 0 0 1 0.220 14.31 7.20
hero_spruce_c -71.36 7.43 1126.03 5.71 1.20 0 0 1 0.420 19.00 3.91
hero_pine_b 39.55 -3.44 1127.29 4.23 1.29 0 0 1 0.300 14.00 4.13
hero_spruce_c 47.41 -3.72 1127.41 4.44 1.03 0 0 1 0.420 19.00 3.91
hero_spruce_c 59.78 -4.14 1123.18 4.29 1.13 0 0 1 0.420 19.00 3.91
hero_spruce_b 68.35 -4.20 1121.30 0.95 1.20 0 0 1 0.320 13.00 3.84
hero_spruce_a 87.28 -3.83 1127.27 2.38 1.10 0 0 1 0.380 16.00 3.90
hero_spruce_c 93.47 -3.65 1121.87 5.76 1.20 0 0 1 0.420 19.00 3.91
hero_birch_a 103.60 -3.29 1121.88 3.68 1.24 0 0 1 0.200 13.23 4.86
hero_spruce_a 108.53 -3.18 1124.41 2.82 1.03 0 0 1 0.380 16.00 3.90
hero_oak_c 121.54 -2.67 1123.91 1.87 0.96 0 0 1 0.620 16.21 10.57
hero_pine_b 130.37 -2.08 1120.83 2.98 1.01 0 0 1 0.300 14.00 4.13
hero_spruce_c 134.83 -2.19 1124.16 2.61 1.08 0 0 1 0.420 19.00 3.91
hero_oak_b -138.36 6.74 1129.36 6.26 1.20 0 0 1 0.480 10.11 6.89
hero_spruce_c -129.36 7.45 1132.71 1.45 0.97 0 0 1 0.420 19.00 3.91
hero_pine_b -122.83 7.41 1129.04 3.90 1.05 0 0 1 0.300 14.00 4.13
hero_spruce_a -111.46 8.29 1134.31 2.22 1.11 0 0 1 0.380 16.00 3.90
hero_spruce_a -99.39 8.51 1134.04 0.91 1.24 0 0 1 0.380 16.00 3.90
hero_birch_a -96.82 8.31 1131.32 3.87 1.33 0 0 1 0.200 13.23 4.86
hero_pine_b -85.18 8.26 1131.17 5.46 0.99 0 0 1 0.300 14.00 4.13
hero_pine_a -73.89 7.76 1129.62 3.21 1.32 0 0 1 0.340 17.00 4.12
hero_pine_b -71.80 8.01 1135.86 4.19 1.08 0 0 1 0.300 14.00 4.13
hero_spruce_a 36.64 -3.06 1133.22 1.09 1.11 0 0 1 0.380 16.00 3.90
hero_oak_b 38.54 -3.07 1135.47 5.00 1.19 0 0 1 0.480 10.11 6.89
hero_pine_b 49.34 -3.68 1130.88 2.43 1.34 0 0 1 0.300 14.00 4.13
hero_spruce_a 68.46 -3.91 1132.09 2.31 1.17 0 0 1 0.380 16.00 3.90
hero_spruce_a 76.09 -3.95 1130.67 0.93 1.26 0 0 1 0.380 16.00 3.90
hero_spruce_b 93.54 -3.73 1129.42 2.36 1.25 0 0 1 0.320 13.00 3.84
hero_oak_c 102.80 -3.54 1130.02 3.87 1.17 0 0 1 0.620 16.21 10.57
hero_oak_c 107.20 -3.55 1133.41 0.85 1.31 0 0 1 0.620 16.21 10.57
hero_pine_b 126.44 -3.24 1134.35 6.02 1.29 0 0 1 0.300 14.00 4.13
hero_spruce_c 138.42 -2.95 1134.34 3.24 1.12 0 0 1 0.420 19.00 3.91
hero_birch_b -139.25 7.45 1142.37 1.19 1.23 0 0 1 0.220 14.31 7.20
hero_spruce_b -127.14 8.19 1143.32 1.88 1.23 0 0 1 0.320 13.00 3.84
hero_spruce_b -120.06 8.60 1144.52 5.88 1.19 0 0 1 0.320 13.00 3.84
hero_oak_b -112.06 8.80 1142.61 2.70 1.30 0 0 1 0.480 10.11 6.89
hero_spruce_c -101.40 9.07 1143.01 0.13 1.08 0 0 1 0.420 19.00 3.91
hero_birch_a -92.60 9.02 1142.46 5.51 1.21 0 0 1 0.200 13.23 4.86
hero_spruce_b -86.09 8.85 1140.92 3.45 0.95 0 0 1 0.320 13.00 3.84
hero_pine_a -77.80 8.58 1142.78 1.91 1.14 0 0 1 0.340 17.00 4.12
hero_pine_b -71.11 8.21 1143.64 4.53 1.08 0 0 1 0.300 14.00 4.13
hero_birch_b 30.06 -2.38 1141.36 3.49 0.96 0 0 1 0.220 14.31 7.20
hero_pine_b 43.61 -3.02 1141.90 1.31 1.24 0 0 1 0.300 14.00 4.13
hero_spruce_b 58.31 -3.38 1142.68 5.16 1.18 0 0 1 0.320 13.00 3.84
hero_birch_a 67.95 -3.65 1139.96 1.86 1.34 0 0 1 0.200 13.23 4.86
hero_birch_a 74.89 -3.73 1138.65 1.26 1.23 0 0 1 0.200 13.23 4.86
hero_oak_c 83.72 -3.76 1137.63 4.58 1.12 0 0 1 0.620 16.21 10.57
hero_pine_a 92.09 -3.74 1138.28 1.33 1.25 0 0 1 0.340 17.00 4.12
hero_spruce_c 107.75 -3.64 1138.24 3.53 1.08 0 0 1 0.420 19.00 3.91
hero_pine_b 122.06 -3.59 1140.21 2.76 1.05 0 0 1 0.300 14.00 4.13
hero_spruce_a 129.41 -3.61 1142.04 1.30 0.99 0 0 1 0.380 16.00 3.90
hero_spruce_a 138.15 -3.20 1137.44 5.03 1.17 0 0 1 0.380 16.00 3.90
hero_spruce_a 140.94 -3.14 1137.44 2.05 1.18 0 0 1 0.380 16.00 3.90
hero_spruce_b -125.92 8.41 1148.05 4.37 1.29 0 0 1 0.320 13.00 3.84
hero_spruce_b -121.85 8.75 1152.93 5.28 0.96 0 0 1 0.320 13.00 3.84
hero_birch_a -107.85 9.23 1150.60 1.03 1.11 0 0 1 0.200 13.23 4.86
hero_spruce_c -103.21 9.35 1152.00 5.10 1.00 0 0 1 0.420 19.00 3.91
hero_birch_b -84.25 9.04 1150.75 6.20 1.18 0 0 1 0.220 14.31 7.20
hero_pine_b -74.46 8.51 1150.83 5.26 1.16 0 0 1 0.300 14.00 4.13
hero_pine_a -71.70 8.31 1149.34 1.95 1.25 0 0 1 0.340 17.00 4.12
hero_spruce_b 41.44 -2.74 1146.55 4.29 1.21 0 0 1 0.320 13.00 3.84
hero_spruce_a 51.45 -2.82 1151.39 0.23 1.17 0 0 1 0.380 16.00 3.90
hero_spruce_b 55.80 -3.01 1149.32 2.51 1.06 0 0 1 0.320 13.00 3.84
hero_pine_b 79.36 -3.23 1152.94 3.54 1.00 0 0 1 0.300 14.00 4.13
hero_pine_a 90.04 -3.58 1147.32 3.14 1.08 0 0 1 0.340 17.00 4.12
hero_oak_c 103.38 -3.72 1147.84 4.65 1.13 0 0 1 0.620 16.21 10.57
hero_oak_a 109.76 -3.77 1147.78 0.32 1.01 0 0 1 0.550 13.74 8.57
hero_pine_b 116.62 -3.89 1151.28 3.89 1.05 0 0 1 0.300 14.00 4.13
hero_oak_b 130.31 -3.98 1150.05 0.30 1.01 0 0 1 0.480 10.11 6.89
hero_spruce_b 137.06 -4.00 1150.28 1.96 1.11 0 0 1 0.320 13.00 3.84
hero_spruce_c -137.44 7.71 1157.69 2.68 0.97 0 0 1 0.420 19.00 3.91
hero_spruce_b -130.85 8.19 1156.26 2.73 1.23 0 0 1 0.320 13.00 3.84
hero_pine_a -122.91 8.65 1159.88 3.49 1.23 0 0 1 0.340 17.00 4.12
hero_spruce_a -111.01 9.19 1155.05 3.51 1.20 0 0 1 0.380 16.00 3.90
hero_spruce_c -100.39 9.39 1158.07 1.17 1.02 0 0 1 0.420 19.00 3.91
hero_pine_a -94.49 9.28 1161.23 3.74 1.29 0 0 1 0.340 17.00 4.12
hero_pine_b -85.07 9.08 1157.01 1.28 1.09 0 0 1 0.300 14.00 4.13
hero_spruce_a -75.16 8.43 1160.92 0.29 1.23 0 0 1 0.380 16.00 3.90
hero_pine_b 36.21 -2.07 1159.06 1.25 1.27 0 0 1 0.300 14.00 4.13
hero_spruce_c 41.18 -2.23 1158.10 2.86 0.98 0 0 1 0.420 19.00 3.91
hero_birch_b 48.41 -2.38 1159.48 3.52 1.24 0 0 1 0.220 14.31 7.20
hero_oak_c 62.11 -2.67 1158.56 4.53 1.14 0 0 1 0.620 16.21 10.57
hero_spruce_c 69.33 -2.65 1161.29 3.51 1.02 0 0 1 0.420 19.00 3.91
hero_spruce_b 73.05 -2.92 1157.59 1.56 1.16 0 0 1 0.320 13.00 3.84
hero_spruce_c 87.57 -3.05 1161.30 1.21 1.18 0 0 1 0.420 19.00 3.91
hero_oak_b 91.73 -3.19 1160.25 3.63 1.10 0 0 1 0.480 10.11 6.89
hero_birch_b 105.06 -3.66 1155.08 4.35 1.02 0 0 1 0.220 14.31 7.20
hero_oak_b 111.47 -3.82 1156.51 5.50 1.28 0 0 1 0.480 10.11 6.89
hero_birch_b 121.46 -4.02 1158.56 1.35 1.09 0 0 1 0.220 14.31 7.20
hero_pine_b 124.00 -4.10 1159.00 3.56 1.29 0 0 1 0.300 14.00 4.13
hero_oak_a 135.90 -4.23 1155.56 4.36 1.35 0 0 1 0.550 13.74 8.57
hero_birch_b 142.11 -4.24 1155.50 4.79 1.29 0 0 1 0.220 14.31 7.20
hero_birch_a -138.24 7.39 1164.66 6.02 1.34 0 0 1 0.200 13.23 4.86
hero_spruce_a -131.39 7.77 1169.22 5.81 1.05 0 0 1 0.380 16.00 3.90
hero_oak_c -119.30 8.66 1166.35 1.18 1.33 0 0 1 0.620 16.21 10.57
hero_spruce_b -105.59 9.26 1162.99 1.16 1.13 0 0 1 0.320 13.00 3.84
hero_spruce_c -94.69 9.24 1164.46 3.94 0.98 0 0 1 0.420 19.00 3.91
hero_oak_a -82.75 8.73 1166.72 0.09 1.02 0 0 1 0.550 13.74 8.57
hero_pine_a -77.08 8.40 1166.28 5.85 0.96 0 0 1 0.340 17.00 4.12
hero_birch_a 23.40 -1.39 1168.64 3.21 1.08 0 0 1 0.200 13.23 4.86
hero_spruce_b 31.55 -1.68 1167.60 0.80 1.30 0 0 1 0.320 13.00 3.84
hero_spruce_c 39.02 -1.90 1165.68 3.03 1.09 0 0 1 0.420 19.00 3.91
hero_oak_a 51.47 -2.06 1167.72 2.40 1.28 0 0 1 0.550 13.74 8.57
hero_oak_a 60.39 -2.31 1164.58 0.81 0.97 0 0 1 0.550 13.74 8.57
hero_oak_b 69.87 -2.36 1166.61 5.36 0.98 0 0 1 0.480 10.11 6.89
hero_oak_b 78.88 -2.73 1163.46 2.34 1.17 0 0 1 0.480 10.11 6.89
hero_oak_c 87.64 -2.69 1168.10 0.74 0.98 0 0 1 0.620 16.21 10.57
hero_birch_b 92.80 -2.80 1169.14 1.37 1.14 0 0 1 0.220 14.31 7.20
hero_pine_b 99.01 -3.02 1169.09 4.44 1.12 0 0 1 0.300 14.00 4.13
hero_pine_a 112.70 -3.66 1166.03 0.49 1.20 0 0 1 0.340 17.00 4.12
hero_birch_a 119.55 -3.83 1169.21 5.21 1.34 0 0 1 0.200 13.23 4.86
hero_birch_a 123.55 -4.05 1164.77 1.46 1.14 0 0 1 0.200 13.23 4.86
hero_spruce_a 135.59 -4.34 1165.50 3.91 1.04 0 0 1 0.380 16.00 3.90
hero_birch_b 144.88 -4.48 1169.66 3.58 1.00 0 0 1 0.220 14.31 7.20
hero_pine_b -137.08 6.77 1177.02 3.69 1.10 0 0 1 0.300 14.00 4.13
hero_spruce_b -119.24 8.08 1177.68 0.24 1.21 0 0 1 0.320 13.00 3.84
hero_pine_b -103.23 8.80 1174.54 5.93 1.23 0 0 1 0.300 14.00 4.13
hero_spruce_c -91.15 8.79 1172.48 5.94 1.14 0 0 1 0.420 19.00 3.91
hero_spruce_b -87.43 8.55 1173.93 5.78 1.34 0 0 1 0.320 13.00 3.84
hero_birch_b -76.27 7.61 1178.11 4.78 1.14 0 0 1 0.220 14.31 7.20
hero_oak_a 28.33 -1.48 1173.48 2.08 1.07 0 0 1 0.550 13.74 8.57
hero_oak_b 35.89 -1.53 1177.80 1.18 1.15 0 0 1 0.480 10.11 6.89
hero_spruce_a 41.84 -1.55 1178.08 5.80 1.02 0 0 1 0.380 16.00 3.90
hero_pine_a 48.12 -1.61 1177.44 6.04 1.15 0 0 1 0.340 17.00 4.12
hero_spruce_c 70.27 -1.93 1174.34 3.35 1.08 0 0 1 0.420 19.00 3.91
hero_birch_a 75.79 -2.21 1171.45 2.44 1.12 0 0 1 0.200 13.23 4.86
hero_pine_a 90.42 -2.34 1176.01 1.27 1.23 0 0 1 0.340 17.00 4.12
hero_pine_a 104.12 -2.82 1177.08 6.15 1.33 0 0 1 0.340 17.00 4.12
hero_spruce_c 110.06 -3.22 1173.97 1.41 1.05 0 0 1 0.420 19.00 3.91
hero_spruce_c 117.81 -3.59 1173.07 5.65 0.96 0 0 1 0.420 19.00 3.91
hero_oak_c 123.92 -3.74 1175.85 6.16 1.09 0 0 1 0.620 16.21 10.57
hero_oak_b 137.07 -4.22 1175.67 5.37 0.96 0 0 1 0.480 10.11 6.89
hero_pine_b -109.85 7.92 1185.11 2.00 1.08 0 0 1 0.300 14.00 4.13
hero_pine_b -102.78 8.29 1182.04 2.98 1.13 0 0 1 0.300 14.00 4.13
hero_spruce_a -94.34 8.28 1181.04 5.87 1.28 0 0 1 0.380 16.00 3.90
hero_spruce_a -82.08 7.53 1183.99 0.14 1.21 0 0 1 0.380 16.00 3.90
hero_spruce_a -76.45 7.34 1181.77 2.10 1.08 0 0 1 0.380 16.00 3.90
hero_birch_a 28.25 -1.41 1182.52 1.04 0.99 0 0 1 0.200 13.23 4.86
hero_pine_a 32.07 -1.42 1185.18 2.49 1.07 0 0 1 0.340 17.00 4.12
hero_birch_a 43.20 -1.37 1184.67 1.92 0.96 0 0 1 0.200 13.23 4.86
hero_birch_b 47.18 -1.36 1184.51 1.52 1.03 0 0 1 0.220 14.31 7.20
hero_birch_a 62.54 -1.50 1181.24 0.30 1.32 0 0 1 0.200 13.23 4.86
hero_oak_c 70.42 -1.31 1185.65 4.94 1.22 0 0 1 0.620 16.21 10.57
hero_oak_b 77.48 -1.47 1184.05 4.67 0.97 0 0 1 0.480 10.11 6.89
hero_spruce_c 90.48 -1.63 1186.56 2.81 0.96 0 0 1 0.420 19.00 3.91
hero_spruce_b 101.14 -2.25 1183.68 3.15 1.12 0 0 1 0.320 13.00 3.84
hero_pine_a 111.54 -2.87 1181.36 5.39 1.07 0 0 1 0.340 17.00 4.12
hero_pine_b 121.12 -3.30 1182.41 2.59 1.33 0 0 1 0.300 14.00 4.13
hero_spruce_a 123.93 -3.45 1181.97 3.53 1.22 0 0 1 0.380 16.00 3.90
hero_spruce_b 137.02 -3.75 1186.01 4.54 1.14 0 0 1 0.320 13.00 3.84
hero_spruce_b 142.57 -4.21 1180.47 2.73 1.11 0 0 1 0.320 13.00 3.84
hero_spruce_c -139.37 4.95 1194.15 0.16 1.08 0 0 1 0.420 19.00 3.91
hero_pine_b -130.36 5.87 1193.50 1.13 1.26 0 0 1 0.300 14.00 4.13
hero_pine_b -121.33 6.93 1189.96 6.05 1.14 0 0 1 0.300 14.00 4.13
hero_spruce_b -110.75 7.01 1194.43 5.71 1.03 0 0 1 0.320 13.00 3.84
hero_spruce_c -104.47 7.71 1188.45 3.23 1.32 0 0 1 0.420 19.00 3.91
hero_pine_b -90.90 6.89 1195.10 3.28 1.11 0 0 1 0.300 14.00 4.13
hero_birch_a -85.63 7.13 1190.34 2.89 1.20 0 0 1 0.200 13.23 4.86
hero_spruce_c -74.65 6.32 1190.75 4.54 1.34 0 0 1 0.420 19.00 3.91
hero_spruce_c 19.38 -1.46 1191.34 1.39 1.02 0 0 1 0.420 19.00 3.91
hero_birch_a 23.77 -1.47 1191.54 0.87 1.05 0 0 1 0.200 13.23 4.86
hero_oak_b 34.45 -1.40 1190.06 0.13 1.15 0 0 1 0.480 10.11 6.89
hero_oak_b 40.02 -1.35 1190.08 5.01 1.31 0 0 1 0.480 10.11 6.89
hero_birch_a 50.52 -1.10 1192.95 4.91 1.03 0 0 1 0.200 13.23 4.86
hero_spruce_a 59.41 -0.95 1193.37 2.15 1.02 0 0 1 0.380 16.00 3.90
hero_oak_a 69.69 -0.89 1193.17 3.00 1.00 0 0 1 0.550 13.74 8.57
hero_spruce_b 74.91 -1.15 1189.27 1.57 1.25 0 0 1 0.320 13.00 3.84
hero_spruce_b 83.53 -1.04 1193.17 0.32 1.18 0 0 1 0.320 13.00 3.84
hero_birch_a 99.40 -1.43 1194.09 5.27 1.00 0 0 1 0.200 13.23 4.86
hero_pine_a 112.01 -2.15 1192.27 2.49 1.20 0 0 1 0.340 17.00 4.12
hero_spruce_a 117.63 -2.18 1195.41 0.41 1.23 0 0 1 0.380 16.00 3.90
hero_oak_c 137.21 -3.27 1193.17 0.98 1.27 0 0 1 0.620 16.21 10.57
hero_oak_b 142.66 -3.33 1194.45 5.66 0.97 0 0 1 0.480 10.11 6.89
hero_oak_c -134.13 5.04 1198.06 5.89 1.24 0 0 1 0.620 16.21 10.57
hero_birch_a -129.54 5.37 1199.11 1.09 1.01 0 0 1 0.200 13.23 4.86
hero_spruce_c -117.47 5.97 1201.49 0.58 1.04 0 0 1 0.420 19.00 3.91
hero_birch_a -111.98 6.18 1201.91 5.98 0.99 0 0 1 0.200 13.23 4.86
hero_birch_a -105.29 6.24 1202.83 5.66 0.98 0 0 1 0.200 13.23 4.86
hero_spruce_a -95.83 6.77 1197.45 5.79 1.29 0 0 1 0.380 16.00 3.90
hero_oak_a -85.64 5.70 1203.50 3.08 1.32 0 0 1 0.550 13.74 8.57
hero_spruce_a -78.51 5.27 1203.22 3.52 1.30 0 0 1 0.380 16.00 3.90
hero_spruce_a 18.08 -1.71 1198.96 0.93 1.30 0 0 1 0.380 16.00 3.90
hero_pine_a 25.11 -1.61 1198.53 5.29 1.07 0 0 1 0.340 17.00 4.12
hero_pine_a 43.65 -1.20 1197.73 4.89 1.23 0 0 1 0.340 17.00 4.12
hero_spruce_c 48.54 -1.08 1196.97 2.34 1.20 0 0 1 0.420 19.00 3.91
hero_birch_a 61.36 -0.79 1197.65 5.15 1.17 0 0 1 0.200 13.23 4.86
hero_spruce_a 64.29 -0.72 1198.99 0.79 1.33 0 0 1 0.380 16.00 3.90
hero_oak_b 79.06 -0.71 1197.96 3.51 1.31 0 0 1 0.480 10.11 6.89
hero_spruce_a 87.81 -0.63 1200.90 6.15 1.06 0 0 1 0.380 16.00 3.90
hero_birch_b 91.22 -0.87 1198.42 6.17 1.10 0 0 1 0.220 14.31 7.20
hero_spruce_b 98.80 -1.16 1197.86 3.64 1.23 0 0 1 0.320 13.00 3.84
hero_spruce_a 108.44 -1.32 1200.88 2.54 1.32 0 0 1 0.380 16.00 3.90
hero_spruce_b 117.10 -1.49 1203.43 0.38 1.33 0 0 1 0.320 13.00 3.84
hero_oak_c 125.99 -2.16 1200.34 5.00 1.16 0 0 1 0.620 16.21 10.57
hero_spruce_c 134.76 -2.33 1202.70 5.13 1.25 0 0 1 0.420 19.00 3.91
hero_spruce_b 141.99 -2.75 1200.92 2.86 1.18 0 0 1 0.320 13.00 3.84
hero_spruce_c -141.57 3.36 1206.28 1.02 1.05 0 0 1 0.420 19.00 3.91
hero_pine_a -138.85 2.99 1212.01 3.50 1.09 0 0 1 0.340 17.00 4.12
hero_spruce_a -125.35 4.28 1211.72 0.73 1.11 0 0 1 0.380 16.00 3.90
hero_birch_a -116.13 4.81 1212.26 4.58 1.16 0 0 1 0.200 13.23 4.86
hero_pine_b -113.74 5.48 1207.45 2.57 1.00 0 0 1 0.300 14.00 4.13
hero_spruce_b -99.15 5.46 1209.57 5.64 1.20 0 0 1 0.320 13.00 3.84
hero_birch_a -93.07 5.28 1210.13 1.10 1.06 0 0 1 0.200 13.23 4.86
hero_spruce_b -79.15 4.41 1211.05 0.02 1.27 0 0 1 0.320 13.00 3.84
hero_oak_c 15.98 -2.27 1211.42 3.97 1.34 0 0 1 0.620 16.21 10.57
hero_pine_b 26.46 -1.79 1205.90 1.46 1.23 0 0 1 0.300 14.00 4.13
hero_spruce_a 34.87 -1.58 1209.33 0.17 1.34 0 0 1 0.380 16.00 3.90
hero_birch_a 38.58 -1.44 1210.71 4.67 1.26 0 0 1 0.200 13.23 4.86
hero_spruce_c 47.49 -1.04 1207.84 2.63 1.30 0 0 1 0.420 19.00 3.91
hero_oak_b 69.48 -0.30 1208.69 2.64 1.15 0 0 1 0.480 10.11 6.89
hero_pine_a 73.49 -0.22 1208.51 0.59 1.02 0 0 1 0.340 17.00 4.12
hero_spruce_a 84.87 -0.30 1206.50 4.81 1.29 0 0 1 0.380 16.00 3.90
hero_birch_b 93.15 -0.44 1206.01 1.39 1.25 0 0 1 0.220 14.31 7.20
hero_oak_c 101.63 -0.38 1209.87 5.83 1.11 0 0 1 0.620 16.21 10.57
hero_pine_b 113.03 -0.85 1209.04 2.87 1.34 0 0 1 0.300 14.00 4.13
hero_pine_a 127.29 -1.49 1208.06 2.58 1.09 0 0 1 0.340 17.00 4.12
hero_pine_a 135.89 -2.01 1206.35 1.18 1.21 0 0 1 0.340 17.00 4.12
hero_birch_a -141.61 2.18 1216.33 2.16 1.22 0 0 1 0.200 13.23 4.86
hero_oak_c -134.47 2.50 1220.24 0.22 1.02 0 0 1 0.620 16.21 10.57
hero_pine_a -130.19 3.54 1214.50 1.34 1.26 0 0 1 0.340 17.00 4.12
hero_spruce_c -118.54 3.99 1218.13 6.03 1.24 0 0 1 0.420 19.00 3.91
hero_oak_a -108.03 4.53 1217.17 3.01 1.20 0 0 1 0.550 13.74 8.57
hero_pine_a -103.69 4.95 1214.05 5.53 1.25 0 0 1 0.340 17.00 4.12
hero_spruce_b -92.48 4.76 1214.31 2.75 1.24 0 0 1 0.320 13.00 3.84
hero_pine_a -86.75 3.94 1219.39 0.19 0.95 0 0 1 0.340 17.00 4.12
hero_spruce_b -75.65 3.19 1219.32 4.56 1.02 0 0 1 0.320 13.00 3.84
hero_birch_b 24.84 -2.32 1220.06 3.13 0.98 0 0 1 0.220 14.31 7.20
hero_spruce_a 33.57 -1.81 1217.36 1.89 0.98 0 0 1 0.380 16.00 3.90
hero_pine_a 42.05 -1.42 1219.08 3.61 1.25 0 0 1 0.340 17.00 4.12
hero_pine_b 47.84 -1.07 1218.29 2.14 1.03 0 0 1 0.300 14.00 4.13
hero_spruce_b 55.75 -0.69 1218.18 1.94 1.34 0 0 1 0.320 13.00 3.84
hero_spruce_b 68.64 -0.13 1218.55 1.59 1.25 0 0 1 0.320 13.00 3.84
hero_oak_a 75.61 0.12 1220.30 4.85 1.16 0 0 1 0.550 13.74 8.57
hero_spruce_b 85.54 0.21 1218.26 6.25 1.26 0 0 1 0.320 13.00 3.84
hero_birch_a 96.24 0.30 1219.62 1.52 1.01 0 0 1 0.200 13.23 4.86
hero_pine_a 99.75 0.11 1217.13 3.98 1.20 0 0 1 0.340 17.00 4.12
hero_spruce_c 108.96 -0.02 1218.17 2.39 1.22 0 0 1 0.420 19.00 3.91
hero_spruce_c 124.73 -0.35 1219.12 1.84 0.96 0 0 1 0.420 19.00 3.91
hero_spruce_a -136.01 1.33 1229.16 5.44 1.19 0 0 1 0.380 16.00 3.90
hero_spruce_c -130.51 1.92 1228.65 0.87 1.17 0 0 1 0.420 19.00 3.91
hero_pine_a -116.55 3.13 1226.81 3.18 1.12 0 0 1 0.340 17.00 4.12
hero_pine_b -109.07 3.45 1226.47 4.67 1.06 0 0 1 0.300 14.00 4.13
hero_oak_a -104.79 3.36 1227.79 2.44 1.19 0 0 1 0.550 13.74 8.57
hero_birch_b -96.49 3.41 1226.88 2.64 1.27 0 0 1 0.220 14.31 7.20
hero_birch_b -88.59 3.11 1227.54 5.27 0.98 0 0 1 0.220 14.31 7.20
hero_spruce_c -76.50 2.71 1224.16 1.47 1.05 0 0 1 0.420 19.00 3.91
hero_oak_b 19.68 -2.86 1226.91 0.42 1.15 0 0 1 0.480 10.11 6.89
hero_birch_a 21.79 -2.72 1226.25 1.53 1.01 0 0 1 0.200 13.23 4.86
hero_oak_c 36.24 -1.94 1225.66 5.08 1.22 0 0 1 0.620 16.21 10.57
hero_spruce_b 43.58 -1.45 1225.02 3.13 1.07 0 0 1 0.320 13.00 3.84
hero_pine_b 53.29 -0.85 1224.58 3.95 1.03 0 0 1 0.300 14.00 4.13
hero_spruce_c 61.52 -0.42 1226.75 3.51 1.03 0 0 1 0.420 19.00 3.91
hero_pine_a 66.87 -0.18 1222.56 2.26 1.35 0 0 1 0.340 17.00 4.12
hero_oak_c 81.55 0.41 1228.78 3.56 0.95 0 0 1 0.620 16.21 10.57
hero_pine_b 95.94 0.50 1224.66 5.32 1.17 0 0 1 0.300 14.00 4.13
hero_oak_b 102.57 0.63 1227.63 3.22 0.96 0 0 1 0.480 10.11 6.89
hero_oak_a 107.36 0.34 1223.15 5.58 1.15 0 0 1 0.550 13.74 8.57
hero_spruce_a 120.38 0.39 1227.23 0.47 1.28 0 0 1 0.380 16.00 3.90
hero_oak_a 137.13 0.14 1227.06 3.84 1.01 0 0 1 0.550 13.74 8.57
hero_oak_a -133.11 0.69 1237.73 1.37 1.29 0 0 1 0.550 13.74 8.57
hero_oak_b -127.64 1.90 1231.06 4.64 1.27 0 0 1 0.480 10.11 6.89
hero_spruce_b -116.74 2.51 1232.23 5.70 1.22 0 0 1 0.320 13.00 3.84
hero_birch_a -109.89 2.42 1235.54 5.01 1.19 0 0 1 0.200 13.23 4.86
hero_pine_a -91.36 2.68 1232.27 3.14 1.22 0 0 1 0.340 17.00 4.12
hero_oak_b -86.69 2.29 1234.14 0.08 1.17 0 0 1 0.480 10.11 6.89
hero_birch_b -80.04 2.18 1231.45 4.87 1.07 0 0 1 0.220 14.31 7.20
hero_spruce_b 16.15 -3.44 1236.71 5.97 1.15 0 0 1 0.320 13.00 3.84
hero_pine_b 28.16 -2.77 1235.24 1.24 1.21 0 0 1 0.300 14.00 4.13
hero_spruce_c 37.05 -2.08 1231.75 0.27 1.19 0 0 1 0.420 19.00 3.91
hero_spruce_a 45.33 -1.60 1233.94 5.64 1.31 0 0 1 0.380 16.00 3.90
hero_oak_b 48.75 -1.35 1233.74 5.62 1.17 0 0 1 0.480 10.11 6.89
hero_pine_a 58.84 -0.77 1236.76 2.57 1.24 0 0 1 0.340 17.00 4.12
hero_oak_b 67.20 -0.18 1231.24 0.63 1.16 0 0 1 0.480 10.11 6.89
hero_pine_a 73.02 0.05 1236.26 0.45 1.16 0 0 1 0.340 17.00 4.12
hero_oak_a 85.38 0.55 1237.27 1.51 1.00 0 0 1 0.550 13.74 8.57
hero_spruce_a 101.85 0.79 1232.76 3.91 1.17 0 0 1 0.380 16.00 3.90
hero_spruce_c 106.74 0.85 1233.48 5.59 1.06 0 0 1 0.420 19.00 3.91
hero_oak_a 121.27 0.75 1232.57 4.35 1.20 0 0 1 0.550 13.74 8.57
hero_oak_a 129.44 1.05 1237.25 6.11 1.11 0 0 1 0.550 13.74 8.57
hero_oak_b 137.06 0.76 1233.60 4.07 1.08 0 0 1 0.480 10.11 6.89
hero_birch_a -143.26 -1.02 1244.26 3.09 1.10 0 0 1 0.200 13.23 4.86
hero_pine_b -138.94 -0.74 1246.12 5.74 1.21 0 0 1 0.300 14.00 4.13
hero_spruce_a -131.17 0.05 1245.93 5.85 1.26 0 0 1 0.380 16.00 3.90
hero_pine_b -116.10 1.42 1243.14 1.08 1.07 0 0 1 0.300 14.00 4.13
hero_spruce_a -108.84 1.53 1244.53 0.70 1.32 0 0 1 0.380 16.00 3.90
hero_oak_a -102.34 1.73 1243.48 3.60 1.19 0 0 1 0.550 13.74 8.57
hero_pine_b -96.38 1.60 1244.64 4.15 0.96 0 0 1 0.300 14.00 4.13
hero_pine_b -86.53 1.29 1244.23 0.28 1.23 0 0 1 0.300 14.00 4.13
hero_spruce_a -78.95 0.75 1245.78 0.45 0.97 0 0 1 0.380 16.00 3.90
hero_pine_a 14.32 -3.77 1243.61 4.96 1.16 0 0 1 0.340 17.00 4.12
hero_spruce_a 22.02 -3.39 1243.48 1.24 1.04 0 0 1 0.380 16.00 3.90
hero_oak_c 35.49 -2.47 1240.61 1.85 1.14 0 0 1 0.620 16.21 10.57
hero_spruce_a 40.65 -2.10 1239.56 1.78 1.27 0 0 1 0.380 16.00 3.90
hero_oak_b 52.92 -1.21 1239.49 4.80 1.02 0 0 1 0.480 10.11 6.89
hero_birch_b 62.09 -0.82 1246.42 5.68 1.09 0 0 1 0.220 14.31 7.20
hero_birch_b 65.97 -0.56 1246.00 3.79 1.09 0 0 1 0.220 14.31 7.20
hero_spruce_c 79.42 0.25 1241.88 2.97 1.26 0 0 1 0.420 19.00 3.91
hero_spruce_b 93.42 0.75 1241.68 3.57 1.30 0 0 1 0.320 13.00 3.84
hero_pine_b 100.46 0.96 1243.70 4.08 1.14 0 0 1 0.300 14.00 4.13
hero_spruce_b 112.17 1.17 1243.25 6.19 1.33 0 0 1 0.320 13.00 3.84
hero_spruce_b 121.37 1.26 1242.28 2.09 1.29 0 0 1 0.320 13.00 3.84
hero_oak_b 137.71 1.38 1240.95 5.11 1.19 0 0 1 0.480 10.11 6.89
hero_oak_c -143.57 -1.76 1251.63 6.00 1.10 0 0 1 0.620 16.21 10.57
hero_oak_a -134.92 -1.10 1254.77 6.22 0.97 0 0 1 0.550 13.74 8.57
hero_spruce_a -126.54 -0.24 1253.29 4.08 1.22 0 0 1 0.380 16.00 3.90
hero_spruce_a -118.03 0.60 1250.37 0.32 1.32 0 0 1 0.380 16.00 3.90
hero_pine_a -107.90 0.60 1254.86 3.06 1.30 0 0 1 0.340 17.00 4.12
hero_spruce_b -100.04 1.30 1248.22 2.41 1.07 0 0 1 0.320 13.00 3.84
hero_pine_b -93.55 0.87 1251.89 2.08 1.11 0 0 1 0.300 14.00 4.13
hero_birch_a -84.87 0.85 1248.34 3.15 1.16 0 0 1 0.200 13.23 4.86
hero_pine_b 21.55 -3.61 1249.85 6.22 1.22 0 0 1 0.300 14.00 4.13
hero_spruce_a 30.69 -3.21 1255.06 1.34 1.28 0 0 1 0.380 16.00 3.90
hero_pine_a 42.74 -2.35 1253.33 3.76 0.98 0 0 1 0.340 17.00 4.12
hero_pine_a 49.90 -1.76 1249.10 1.74 1.32 0 0 1 0.340 17.00 4.12
hero_oak_a 62.29 -0.88 1248.19 6.24 1.32 0 0 1 0.550 13.74 8.57
hero_oak_b 70.80 -0.43 1250.71 3.50 1.17 0 0 1 0.480 10.11 6.89
hero_spruce_a 85.95 0.24 1254.23 0.53 1.10 0 0 1 0.380 16.00 3.90
hero_pine_a 95.16 0.61 1254.96 2.22 1.21 0 0 1 0.340 17.00 4.12
hero_birch_a 99.85 0.82 1254.04 3.64 1.28 0 0 1 0.200 13.23 4.86
hero_oak_b 107.49 1.12 1252.25 3.47 1.28 0 0 1 0.480 10.11 6.89
hero_spruce_c 117.20 1.41 1251.39 5.68 1.33 0 0 1 0.420 19.00 3.91
hero_birch_a 125.18 1.70 1252.30 1.72 0.98 0 0 1 0.200 13.23 4.86
hero_spruce_a 137.34 2.15 1253.59 0.44 1.05 0 0 1 0.380 16.00 3.90
hero_spruce_a -134.32 -1.65 1261.68 3.91 1.05 0 0 1 0.380 16.00 3.90
hero_spruce_b -119.85 -0.06 1256.63 5.66 1.26 0 0 1 0.320 13.00 3.84
hero_spruce_b -112.87 -0.14 1261.75 3.00 1.31 0 0 1 0.320 13.00 3.84
hero_oak_a -105.25 -0.01 1263.16 6.00 1.06 0 0 1 0.550 13.74 8.57
hero_pine_a -95.78 0.52 1256.74 0.08 1.12 0 0 1 0.340 17.00 4.12
hero_birch_a -82.56 -0.02 1257.94 4.23 1.21 0 0 1 0.200 13.23 4.86
hero_birch_b 14.96 -4.08 1262.83 0.59 1.31 0 0 1 0.220 14.31 7.20
hero_oak_c 26.62 -3.51 1259.23 3.02 1.25 0 0 1 0.620 16.21 10.57
hero_spruce_a 36.81 -2.90 1259.56 2.14 1.09 0 0 1 0.380 16.00 3.90
hero_spruce_b 43.76 -2.53 1262.40 1.77 1.11 0 0 1 0.320 13.00 3.84
hero_birch_a 48.60 -2.18 1260.33 4.59 1.18 0 0 1 0.200 13.23 4.86
hero_spruce_b 57.46 -1.68 1262.45 0.19 1.10 0 0 1 0.320 13.00 3.84
hero_birch_a 67.96 -1.08 1263.11 6.07 1.08 0 0 1 0.200 13.23 4.86
hero_pine_a 77.83 -0.53 1262.80 0.58 1.14 0 0 1 0.340 17.00 4.12
hero_oak_a 83.99 -0.16 1261.71 0.76 1.14 0 0 1 0.550 13.74 8.57
hero_oak_c 89.71 0.28 1257.57 3.48 1.22 0 0 1 0.620 16.21 10.57
hero_spruce_c 101.79 0.81 1257.24 5.85 1.28 0 0 1 0.420 19.00 3.91
hero_pine_b 110.18 1.15 1257.36 6.09 1.23 0 0 1 0.300 14.00 4.13
hero_birch_a 120.82 1.56 1259.56 1.02 1.16 0 0 1 0.200 13.23 4.86
hero_oak_a 130.03 1.97 1260.25 2.82 1.26 0 0 1 0.550 13.74 8.57
hero_birch_a 139.00 2.47 1261.28 2.71 0.99 0 0 1 0.200 13.23 4.86
hero_pine_b 144.10 2.58 1257.38 5.14 1.33 0 0 1 0.300 14.00 4.13
hero_spruce_c -141.83 -3.18 1271.02 2.79 1.27 0 0 1 0.420 19.00 3.91
hero_birch_a -133.57 -1.87 1265.00 4.29 1.26 0 0 1 0.200 13.23 4.86
hero_spruce_b -127.59 -1.69 1269.89 0.93 1.08 0 0 1 0.320 13.00 3.84
hero_spruce_a -118.19 -1.07 1270.66 3.73 1.03 0 0 1 0.380 16.00 3.90
hero_oak_b -111.07 -0.74 1270.77 1.42 1.00 0 0 1 0.480 10.11 6.89
hero_birch_b -105.10 -0.39 1267.85 5.63 1.34 0 0 1 0.220 14.31 7.20
hero_spruce_c -95.58 -0.26 1267.02 4.91 1.13 0 0 1 0.420 19.00 3.91
hero_pine_a -82.55 -0.72 1269.26 4.12 1.05 0 0 1 0.340 17.00 4.12
hero_oak_a -78.41 -1.04 1271.35 1.07 1.28 0 0 1 0.550 13.74 8.57
hero_birch_a 18.72 -3.91 1266.63 1.01 1.21 0 0 1 0.200 13.23 4.86
hero_spruce_b 25.01 -3.63 1268.31 0.38 1.16 0 0 1 0.320 13.00 3.84
hero_oak_a 34.38 -3.15 1269.60 3.38 0.96 0 0 1 0.550 13.74 8.57
hero_spruce_a 53.95 -1.98 1265.35 3.91 1.03 0 0 1 0.380 16.00 3.90
hero_spruce_a 57.88 -1.77 1266.06 2.43 0.99 0 0 1 0.380 16.00 3.90
hero_birch_b 69.91 -1.31 1270.34 1.32 1.28 0 0 1 0.220 14.31 7.20
hero_oak_c 76.95 -0.85 1268.80 3.15 0.99 0 0 1 0.620 16.21 10.57
hero_oak_a 85.75 -0.44 1268.84 0.44 1.28 0 0 1 0.550 13.74 8.57
hero_oak_c 91.24 -0.17 1268.93 3.62 1.22 0 0 1 0.620 16.21 10.57
hero_oak_a 101.77 0.23 1271.26 4.38 1.11 0 0 1 0.550 13.74 8.57
hero_oak_c 112.16 0.87 1268.98 3.21 1.23 0 0 1 0.620 16.21 10.57
hero_pine_a 116.62 1.02 1271.30 5.39 1.18 0 0 1 0.340 17.00 4.12
hero_birch_b 126.32 1.64 1270.10 6.27 1.24 0 0 1 0.220 14.31 7.20
hero_oak_c 137.43 2.39 1269.76 5.26 1.17 0 0 1 0.620 16.21 10.57
hero_spruce_c 140.88 2.64 1268.38 5.34 1.25 0 0 1 0.420 19.00 3.91
hero_spruce_a -119.47 -1.64 1277.01 2.40 1.35 0 0 1 0.380 16.00 3.90
hero_birch_a -99.24 -0.67 1273.44 4.29 1.01 0 0 1 0.200 13.23 4.86
hero_pine_a -95.80 -0.88 1276.29 5.23 1.23 0 0 1 0.340 17.00 4.12
hero_spruce_c -84.75 -1.14 1278.19 0.25 1.09 0 0 1 0.420 19.00 3.91
hero_oak_c -75.17 -1.27 1273.66 2.90 0.96 0 0 1 0.620 16.21 10.57
hero_spruce_b 25.06 -3.46 1279.97 5.67 1.05 0 0 1 0.320 13.00 3.84
hero_spruce_a 32.17 -3.26 1274.68 4.26 1.01 0 0 1 0.380 16.00 3.90
hero_pine_b 40.06 -2.93 1275.79 1.29 1.29 0 0 1 0.300 14.00 4.13
hero_spruce_b 47.28 -2.58 1275.10 4.16 1.17 0 0 1 0.320 13.00 3.84
hero_spruce_b 61.40 -2.06 1280.09 5.80 0.98 0 0 1 0.320 13.00 3.84
hero_pine_b 64.92 -1.83 1277.43 2.50 1.06 0 0 1 0.300 14.00 4.13
hero_oak_a 75.16 -1.31 1275.68 0.50 1.25 0 0 1 0.550 13.74 8.57
hero_oak_a 85.60 -1.00 1278.77 4.17 1.01 0 0 1 0.550 13.74 8.57
hero_pine_b 95.37 -0.63 1279.83 3.65 1.09 0 0 1 0.300 14.00 4.13
hero_spruce_b 101.46 -0.25 1278.52 2.57 1.16 0 0 1 0.320 13.00 3.84
hero_spruce_b 106.64 0.32 1273.84 0.07 1.16 0 0 1 0.320 13.00 3.84
hero_spruce_b 116.22 0.51 1279.75 0.12 1.29 0 0 1 0.320 13.00 3.84
hero_oak_b 126.80 1.49 1275.68 2.50 0.96 0 0 1 0.480 10.11 6.89
hero_pine_b 134.75 1.90 1279.11 3.94 1.31 0 0 1 0.300 14.00 4.13
hero_spruce_b 142.38 2.71 1275.14 5.20 0.96 0 0 1 0.320 13.00 3.84
hero_pine_b -143.62 -4.38 1286.74 6.06 1.09 0 0 1 0.300 14.00 4.13
hero_pine_b -137.44 -3.76 1287.12 3.61 1.09 0 0 1 0.300 14.00 4.13
hero_pine_a -130.75 -2.89 1283.13 0.37 1.22 0 0 1 0.340 17.00 4.12
hero_spruce_c -118.05 -2.12 1285.82 5.82 1.28 0 0 1 0.420 19.00 3.91
hero_pine_b -104.51 -1.62 1287.26 4.37 1.07 0 0 1 0.300 14.00 4.13
hero_spruce_a -94.57 -1.24 1282.72 3.29 1.04 0 0 1 0.380 16.00 3.90
hero_spruce_a -83.46 -1.56 1286.24 1.01 1.04 0 0 1 0.380 16.00 3.90
hero_birch_a -74.27 -1.75 1284.59 0.83 1.01 0 0 1 0.200 13.23 4.86
hero_oak_c 18.44 -3.38 1287.75 1.92 0.96 0 0 1 0.620 16.21 10.57
hero_spruce_a 25.70 -3.21 1288.08 2.82 1.13 0 0 1 0.380 16.00 3.90
hero_oak_b 30.77 -3.09 1288.05 1.20 1.09 0 0 1 0.480 10.11 6.89
hero_birch_b 39.17 -2.94 1283.41 1.22 1.27 0 0 1 0.220 14.31 7.20
hero_oak_b 53.03 -2.53 1288.42 1.76 1.27 0 0 1 0.480 10.11 6.89
hero_spruce_b 61.45 -2.20 1284.31 2.49 1.14 0 0 1 0.320 13.00 3.84
hero_birch_b 65.79 -2.12 1286.12 1.15 1.13 0 0 1 0.220 14.31 7.20
hero_birch_b 75.88 -1.82 1286.23 0.69 1.24 0 0 1 0.220 14.31 7.20
hero_pine_b 87.70 -1.39 1285.98 4.40 1.24 0 0 1 0.300 14.00 4.13
hero_spruce_b 89.44 -1.08 1282.58 3.54 1.06 0 0 1 0.320 13.00 3.84
hero_oak_c 98.32 -0.78 1284.11 2.63 1.00 0 0 1 0.620 16.21 10.57
hero_spruce_b 109.01 -0.35 1285.67 5.34 1.10 0 0 1 0.320 13.00 3.84
hero_spruce_a 120.08 0.23 1287.60 5.64 1.03 0 0 1 0.380 16.00 3.90
hero_spruce_a 126.24 0.67 1288.19 4.14 0.99 0 0 1 0.380 16.00 3.90
hero_spruce_c 134.85 1.47 1287.03 5.01 1.30 0 0 1 0.420 19.00 3.91
hero_pine_a -137.90 -4.28 1296.55 5.77 1.01 0 0 1 0.340 17.00 4.12
hero_spruce_c -129.76 -3.57 1296.66 2.65 1.26 0 0 1 0.420 19.00 3.91
hero_spruce_b -122.65 -2.78 1291.73 1.11 1.33 0 0 1 0.320 13.00 3.84
hero_pine_b -100.62 -1.86 1292.50 4.10 1.29 0 0 1 0.300 14.00 4.13
hero_pine_b -96.17 -1.88 1294.28 4.53 1.14 0 0 1 0.300 14.00 4.13
hero_pine_b -87.32 -1.93 1295.65 4.19 0.95 0 0 1 0.300 14.00 4.13
hero_oak_c 19.75 -3.13 1293.39 0.52 1.32 0 0 1 0.620 16.21 10.57
hero_pine_a 21.91 -2.98 1295.61 2.97 1.17 0 0 1 0.340 17.00 4.12
hero_pine_b 31.01 -2.87 1294.66 0.42 1.11 0 0 1 0.300 14.00 4.13
hero_oak_c 44.81 -2.67 1293.35 1.19 1.03 0 0 1 0.620 16.21 10.57
hero_spruce_c 48.19 -2.60 1296.50 4.00 1.07 0 0 1 0.420 19.00 3.91
hero_birch_a 56.34 -2.53 1297.13 3.28 1.13 0 0 1 0.200 13.23 4.86
hero_spruce_c 73.06 -2.38 1297.21 1.08 1.30 0 0 1 0.420 19.00 3.91
hero_spruce_c 95.61 -1.83 1296.25 1.30 1.27 0 0 1 0.420 19.00 3.91
hero_spruce_c 104.18 -1.49 1296.48 1.09 1.22 0 0 1 0.420 19.00 3.91
hero_pine_a 106.57 -0.92 1291.25 4.94 1.08 0 0 1 0.340 17.00 4.12
hero_spruce_c 116.33 -0.48 1292.76 4.41 1.21 0 0 1 0.420 19.00 3.91
hero_spruce_a 123.45 0.13 1291.92 5.26 1.12 0 0 1 0.380 16.00 3.90
hero_spruce_c 135.15 1.11 1292.59 2.20 1.04 0 0 1 0.420 19.00 3.91
hero_pine_a 143.59 1.96 1292.51 6.02 1.29 0 0 1 0.340 17.00 4.12
hero_birch_b -144.91 -5.23 1303.28 0.01 0.99 0 0 1 0.220 14.31 7.20
hero_pine_a -136.41 -4.42 1303.29 2.89 1.10 0 0 1 0.340 17.00 4.12
hero_spruce_b -125.93 -3.42 1300.07 5.67 1.06 0 0 1 0.320 13.00 3.84
hero_spruce_b -120.71 -3.19 1302.26 1.73 1.33 0 0 1 0.320 13.00 3.84
hero_pine_b -111.26 -2.66 1301.58 4.47 1.27 0 0 1 0.300 14.00 4.13
hero_spruce_a -99.26 -2.21 1299.99 4.68 1.05 0 0 1 0.380 16.00 3.90
hero_spruce_b -96.01 -2.34 1303.12 3.50 1.30 0 0 1 0.320 13.00 3.84
hero_pine_a -86.85 -2.37 1305.04 4.03 1.19 0 0 1 0.340 17.00 4.12
hero_pine_b -75.33 -2.42 1304.57 2.33 1.21 0 0 1 0.300 14.00 4.13
hero_spruce_a 19.51 -2.63 1303.41 0.27 1.31 0 0 1 0.380 16.00 3.90
hero_birch_a 22.47 -2.68 1301.82 3.74 1.26 0 0 1 0.200 13.23 4.86
hero_spruce_b 32.87 -2.69 1299.89 5.33 1.33 0 0 1 0.320 13.00 3.84
hero_oak_b 40.90 -2.62 1300.05 4.36 1.29 0 0 1 0.480 10.11 6.89
hero_pine_b 51.67 -2.56 1302.22 1.71 1.31 0 0 1 0.300 14.00 4.13
hero_birch_a 62.20 -2.58 1303.35 2.85 1.21 0 0 1 0.200 13.23 4.86
hero_oak_a 70.19 -2.54 1300.87 3.28 1.34 0 0 1 0.550 13.74 8.57
hero_spruce_c 75.43 -2.69 1305.95 0.10 1.20 0 0 1 0.420 19.00 3.91
hero_spruce_b 92.49 -2.23 1300.97 3.54 1.02 0 0 1 0.320 13.00 3.84
hero_spruce_c 99.38 -2.23 1303.22 5.82 1.22 0 0 1 0.420 19.00 3.91
hero_spruce_c 112.30 -1.39 1300.14 3.58 1.27 0 0 1 0.420 19.00 3.91
hero_pine_b 115.79 -1.24 1300.88 0.55 1.22 0 0 1 0.300 14.00 4.13
hero_spruce_b 133.24 0.19 1300.65 2.51 1.32 0 0 1 0.320 13.00 3.84
hero_pine_a -136.21 -4.62 1309.62 1.64 1.24 0 0 1 0.340 17.00 4.12
hero_oak_b -117.29 -3.38 1311.13 0.65 1.31 0 0 1 0.480 10.11 6.89
hero_oak_c -110.72 -3.07 1311.11 1.19 1.09 0 0 1 0.620 16.21 10.57
hero_spruce_c -104.26 -2.81 1310.11 0.05 1.11 0 0 1 0.420 19.00 3.91
hero_oak_a -92.43 -2.67 1311.57 0.60 1.16 0 0 1 0.550 13.74 8.57
hero_spruce_a -88.54 -2.63 1310.98 5.93 1.27 0 0 1 0.380 16.00 3.90
hero_spruce_a 22.01 -2.21 1310.81 5.08 1.19 0 0 1 0.380 16.00 3.90
hero_birch_b 35.04 -2.24 1310.93 2.64 1.14 0 0 1 0.220 14.31 7.20
hero_spruce_c 44.57 -2.35 1310.18 5.28 0.95 0 0 1 0.420 19.00 3.91
hero_spruce_b 50.12 -2.43 1310.71 3.80 1.07 0 0 1 0.320 13.00 3.84
hero_spruce_c 59.96 -2.61 1311.31 0.95 1.11 0 0 1 0.420 19.00 3.91
hero_spruce_c 66.67 -2.77 1313.43 0.67 1.21 0 0 1 0.420 19.00 3.91
hero_oak_b 75.34 -2.96 1313.61 4.86 1.26 0 0 1 0.480 10.11 6.89
hero_birch_a 84.55 -3.06 1313.55 5.40 1.17 0 0 1 0.200 13.23 4.86
hero_spruce_b 95.44 -2.79 1309.47 2.86 1.24 0 0 1 0.320 13.00 3.84
hero_spruce_a 100.42 -2.63 1309.05 0.10 1.02 0 0 1 0.380 16.00 3.90
hero_spruce_b 109.90 -2.53 1311.32 1.03 1.34 0 0 1 0.320 13.00 3.84
hero_pine_a 121.70 -1.55 1308.42 5.17 1.14 0 0 1 0.340 17.00 4.12
hero_spruce_b 144.95 0.37 1311.36 5.02 1.33 0 0 1 0.320 13.00 3.84
hero_spruce_b -128.53 -4.22 1318.29 0.73 0.99 0 0 1 0.320 13.00 3.84
hero_oak_b -118.88 -3.72 1319.44 0.96 1.19 0 0 1 0.480 10.11 6.89
hero_pine_b -111.77 -3.52 1323.01 3.62 0.99 0 0 1 0.300 14.00 4.13
hero_pine_b -105.78 -3.35 1322.36 1.23 1.19 0 0 1 0.300 14.00 4.13
hero_birch_b -95.66 -3.07 1320.44 6.18 1.11 0 0 1 0.220 14.31 7.20
hero_spruce_b -82.87 -2.85 1316.97 0.36 1.32 0 0 1 0.320 13.00 3.84
hero_spruce_c -79.91 -2.92 1319.29 4.10 1.29 0 0 1 0.420 19.00 3.91
hero_birch_b 25.29 -1.65 1322.64 3.40 1.17 0 0 1 0.220 14.31 7.20
hero_spruce_c 35.08 -2.02 1317.04 4.27 1.26 0 0 1 0.420 19.00 3.91
hero_spruce_c 41.01 -2.06 1318.33 5.14 0.96 0 0 1 0.420 19.00 3.91
hero_oak_c 49.51 -2.24 1320.76 2.18 1.05 0 0 1 0.620 16.21 10.57
hero_spruce_c 57.78 -2.53 1316.75 3.45 0.97 0 0 1 0.420 19.00 3.91
hero_oak_b 68.29 -2.91 1319.58 0.93 1.31 0 0 1 0.480 10.11 6.89
hero_oak_b 77.31 -3.22 1321.77 5.65 1.06 0 0 1 0.480 10.11 6.89
hero_spruce_c 85.09 -3.41 1320.68 2.98 1.29 0 0 1 0.420 19.00 3.91
hero_pine_b 93.11 -3.47 1320.40 1.43 1.02 0 0 1 0.300 14.00 4.13
hero_spruce_a 106.89 -3.44 1321.50 5.91 0.96 0 0 1 0.380 16.00 3.90
hero_pine_a 117.01 -3.05 1321.05 1.75 1.05 0 0 1 0.340 17.00 4.12
hero_birch_b 125.91 -2.56 1321.30 3.58 1.22 0 0 1 0.220 14.31 7.20
hero_pine_a -141.74 -5.19 1328.93 4.30 1.22 0 0 1 0.340 17.00 4.12
hero_pine_b -137.80 -4.94 1324.90 3.45 1.25 0 0 1 0.300 14.00 4.13
hero_spruce_c -127.45 -4.29 1326.47 5.14 1.29 0 0 1 0.420 19.00 3.91
hero_spruce_a -116.25 -3.83 1331.03 2.61 1.03 0 0 1 0.380 16.00 3.90
hero_birch_b -107.63 -3.60 1329.68 3.39 1.31 0 0 1 0.220 14.31 7.20
hero_oak_a -102.15 -3.42 1326.84 0.10 1.30 0 0 1 0.550 13.74 8.57
hero_pine_b -94.72 -3.27 1325.82 0.01 1.28 0 0 1 0.300 14.00 4.13
hero_oak_a -85.29 -3.31 1329.26 5.28 1.33 0 0 1 0.550 13.74 8.57
hero_spruce_b -77.54 -3.21 1328.02 3.87 1.28 0 0 1 0.320 13.00 3.84
hero_spruce_a 23.34 -1.51 1325.84 2.61 1.35 0 0 1 0.380 16.00 3.90
hero_spruce_a 35.16 -1.56 1329.46 5.74 0.96 0 0 1 0.380 16.00 3.90
hero_oak_c 39.86 -1.68 1330.78 1.62 1.11 0 0 1 0.620 16.21 10.57
hero_birch_b 47.05 -2.08 1324.80 5.64 1.08 0 0 1 0.220 14.31 7.20
hero_pine_b 61.27 -2.66 1326.10 3.94 1.15 0 0 1 0.300 14.00 4.13
hero_oak_a 67.91 -2.99 1330.53 5.31 1.10 0 0 1 0.550 13.74 8.57
hero_oak_a 73.22 -3.14 1324.75 0.80 0.95 0 0 1 0.550 13.74 8.57
hero_spruce_a 82.85 -3.60 1327.89 2.34 1.11 0 0 1 0.380 16.00 3.90
hero_pine_a 90.28 -3.86 1328.75 2.72 1.10 0 0 1 0.340 17.00 4.12
hero_spruce_c 99.54 -4.02 1328.88 3.45 1.06 0 0 1 0.420 19.00 3.91
hero_spruce_a 112.50 -3.89 1328.70 4.24 1.15 0 0 1 0.380 16.00 3.90
hero_spruce_b 119.72 -3.47 1326.98 5.93 1.10 0 0 1 0.320 13.00 3.84
hero_spruce_c 127.80 -3.34 1330.56 2.15 1.04 0 0 1 0.420 19.00 3.91
hero_spruce_a 135.00 -2.30 1325.83 2.25 1.22 0 0 1 0.380 16.00 3.90
hero_oak_c 144.94 -1.80 1330.25 2.69 1.30 0 0 1 0.620 16.21 10.57
hero_spruce_a -145.00 -5.08 1339.76 1.46 1.20 0 0 1 0.380 16.00 3.90
hero_pine_b -136.43 -4.60 1339.64 1.51 1.33 0 0 1 0.300 14.00 4.13
hero_pine_b -129.67 -4.31 1337.24 3.68 0.96 0 0 1 0.300 14.00 4.13
hero_spruce_c -122.28 -4.06 1337.27 5.85 1.22 0 0 1 0.420 19.00 3.91
hero_oak_a -112.37 -3.81 1339.87 5.28 1.23 0 0 1 0.550 13.74 8.57
hero_oak_c -105.54 -3.64 1333.56 0.02 1.24 0 0 1 0.620 16.21 10.57
hero_oak_b -87.66 -3.58 1339.08 3.40 1.00 0 0 1 0.480 10.11 6.89
hero_oak_a 19.03 -1.13 1335.50 2.12 1.18 0 0 1 0.550 13.74 8.57
hero_spruce_a 27.84 -1.24 1335.27 1.31 1.21 0 0 1 0.380 16.00 3.90
hero_birch_b 33.87 -1.37 1336.89 5.26 1.32 0 0 1 0.220 14.31 7.20
hero_pine_a 42.42 -1.71 1334.91 4.71 1.26 0 0 1 0.340 17.00 4.12
hero_spruce_c 53.75 -2.23 1339.04 4.03 1.23 0 0 1 0.420 19.00 3.91
hero_pine_b 60.67 -2.64 1337.70 0.15 1.33 0 0 1 0.300 14.00 4.13
hero_pine_b 66.49 -2.96 1333.42 1.62 1.28 0 0 1 0.300 14.00 4.13
hero_pine_b 74.05 -3.38 1334.49 1.76 1.19 0 0 1 0.300 14.00 4.13
hero_pine_b 84.47 -4.04 1339.46 4.60 1.13 0 0 1 0.300 14.00 4.13
hero_pine_b 91.98 -4.34 1338.22 3.70 1.24 0 0 1 0.300 14.00 4.13
hero_spruce_c 104.70 -4.65 1338.98 5.95 0.99 0 0 1 0.420 19.00 3.91
hero_birch_b 110.40 -4.69 1338.95 1.42 1.33 0 0 1 0.220 14.31 7.20
hero_pine_a 120.39 -4.37 1337.70 4.10 1.12 0 0 1 0.340 17.00 4.12
hero_oak_c 126.04 -4.26 1339.39 4.48 1.04 0 0 1 0.620 16.21 10.57
hero_spruce_c 137.98 -3.20 1336.64 4.22 1.32 0 0 1 0.420 19.00 3.91
hero_spruce_b -136.62 -4.23 1348.26 3.99 1.15 0 0 1 0.320 13.00 3.84
hero_spruce_b -130.43 -4.27 1341.80 3.75 1.29 0 0 1 0.320 13.00 3.84
hero_spruce_a -116.55 -3.82 1344.71 5.19 1.03 0 0 1 0.380 16.00 3.90
hero_pine_a -102.62 -3.71 1347.20 5.08 0.98 0 0 1 0.340 17.00 4.12
hero_pine_b -91.52 -3.70 1344.07 0.59 1.04 0 0 1 0.300 14.00 4.13
hero_birch_b -88.67 -3.74 1347.75 3.79 0.96 0 0 1 0.220 14.31 7.20
hero_pine_b -78.82 -3.72 1346.30 4.25 1.12 0 0 1 0.300 14.00 4.13
hero_pine_a 26.55 -1.08 1342.20 4.31 1.13 0 0 1 0.340 17.00 4.12
hero_oak_a 36.96 -1.38 1342.51 5.28 1.23 0 0 1 0.550 13.74 8.57
hero_oak_b 43.12 -1.61 1346.51 2.22 1.01 0 0 1 0.480 10.11 6.89
hero_spruce_b 50.36 -2.03 1348.32 2.45 1.27 0 0 1 0.320 13.00 3.84
hero_pine_b 70.59 -3.34 1344.70 4.22 1.35 0 0 1 0.300 14.00 4.13
hero_spruce_b 84.50 -4.20 1345.16 2.06 1.00 0 0 1 0.320 13.00 3.84
hero_birch_a 91.32 -4.67 1348.27 5.86 1.07 0 0 1 0.200 13.23 4.86
hero_spruce_a 100.76 -4.76 1341.88 6.21 1.14 0 0 1 0.380 16.00 3.90
hero_oak_a 120.03 -4.81 1342.94 0.59 1.27 0 0 1 0.550 13.74 8.57
hero_oak_c 125.40 -4.63 1343.21 5.24 1.31 0 0 1 0.620 16.21 10.57
hero_oak_a 135.76 -4.51 1348.56 5.05 1.24 0 0 1 0.550 13.74 8.57
hero_spruce_a -142.95 -4.33 1351.31 1.62 1.34 0 0 1 0.380 16.00 3.90
hero_pine_b -135.42 -3.91 1353.21 3.80 1.24 0 0 1 0.300 14.00 4.13
hero_oak_c -126.54 -3.76 1352.11 2.63 1.04 0 0 1 0.620 16.21 10.57
hero_pine_b -118.00 -3.69 1350.81 1.53 0.96 0 0 1 0.300 14.00 4.13
hero_oak_a -114.52 -3.54 1356.15 4.12 1.21 0 0 1 0.550 13.74 8.57
hero_oak_b -102.55 -3.63 1355.11 0.27 0.98 0 0 1 0.480 10.11 6.89
hero_oak_a -96.74 -3.74 1352.36 3.49 1.23 0 0 1 0.550 13.74 8.57
hero_pine_b -81.95 -3.79 1350.13 3.13 1.08 0 0 1 0.300 14.00 4.13
hero_pine_a -74.00 -3.88 1356.96 4.39 1.30 0 0 1 0.340 17.00 4.12
hero_pine_b -71.31 -3.84 1354.13 3.82 1.33 0 0 1 0.300 14.00 4.13
hero_birch_b 23.95 -1.05 1354.88 4.06 1.12 0 0 1 0.220 14.31 7.20
hero_birch_a 33.57 -1.23 1351.79 5.68 1.08 0 0 1 0.200 13.23 4.86
hero_birch_b 38.79 -1.46 1355.26 3.18 0.96 0 0 1 0.220 14.31 7.20
hero_spruce_b 47.90 -1.93 1354.73 2.73 1.06 0 0 1 0.320 13.00 3.84
hero_spruce_b 60.23 -2.70 1351.41 0.40 1.21 0 0 1 0.320 13.00 3.84
hero_spruce_a 67.91 -3.31 1355.58 4.31 1.06 0 0 1 0.380 16.00 3.90
hero_birch_b 72.69 -3.63 1353.43 3.99 1.19 0 0 1 0.220 14.31 7.20
hero_spruce_c 84.94 -4.44 1352.38 2.60 1.15 0 0 1 0.420 19.00 3.91
hero_oak_c 91.53 -4.94 1356.52 2.11 0.95 0 0 1 0.620 16.21 10.57
hero_spruce_a 102.84 -5.28 1352.41 1.99 0.97 0 0 1 0.380 16.00 3.90
hero_oak_a 107.67 -5.48 1353.29 1.05 1.32 0 0 1 0.550 13.74 8.57
hero_spruce_b 115.39 -5.46 1352.29 3.22 1.01 0 0 1 0.320 13.00 3.84
hero_spruce_c 126.07 -5.39 1354.05 5.69 1.15 0 0 1 0.420 19.00 3.91
hero_oak_a 134.76 -4.85 1351.89 2.44 1.24 0 0 1 0.550 13.74 8.57
hero_oak_a 143.42 -4.19 1351.45 6.03 1.21 0 0 1 0.550 13.74 8.57
hero_pine_b -143.79 -3.72 1359.57 3.98 1.31 0 0 1 0.300 14.00 4.13
hero_oak_c -133.93 -3.30 1361.52 4.38 1.10 0 0 1 0.620 16.21 10.57
hero_birch_b -119.12 -3.38 1359.60 3.67 1.35 0 0 1 0.220 14.31 7.20
hero_birch_b -109.99 -3.28 1363.15 4.41 1.08 0 0 1 0.220 14.31 7.20
hero_spruce_c -103.41 -3.42 1363.64 3.29 1.35 0 0 1 0.420 19.00 3.91
hero_pine_b -83.18 -3.86 1358.68 0.27 1.32 0 0 1 0.300 14.00 4.13
hero_spruce_b -74.38 -3.88 1364.30 3.12 1.03 0 0 1 0.320 13.00 3.84
hero_spruce_c 23.70 -1.13 1359.28 0.27 1.12 0 0 1 0.420 19.00 3.91
hero_spruce_a 30.76 -1.41 1363.80 3.95 1.16 0 0 1 0.380 16.00 3.90
hero_oak_a 58.97 -2.85 1363.14 6.23 1.17 0 0 1 0.550 13.74 8.57
hero_spruce_c 70.93 -3.66 1361.19 5.30 0.98 0 0 1 0.420 19.00 3.91
hero_oak_b 78.21 -4.31 1363.87 3.34 1.30 0 0 1 0.480 10.11 6.89
hero_pine_a 84.50 -4.60 1358.78 5.08 1.21 0 0 1 0.340 17.00 4.12
hero_birch_b 90.23 -5.07 1363.00 5.81 0.99 0 0 1 0.220 14.31 7.20
hero_pine_b 100.17 -5.68 1365.05 3.33 1.14 0 0 1 0.300 14.00 4.13
hero_oak_a 110.05 -5.89 1362.25 4.39 1.04 0 0 1 0.550 13.74 8.57
hero_birch_a 115.58 -6.02 1363.13 0.95 1.25 0 0 1 0.200 13.23 4.86
hero_pine_b 130.14 -5.57 1359.12 2.87 1.03 0 0 1 0.300 14.00 4.13
hero_oak_b 137.80 -5.16 1358.46 0.92 1.10 0 0 1 0.480 10.11 6.89
hero_pine_a 140.76 -5.41 1364.10 6.22 1.32 0 0 1 0.340 17.00 4.12
hero_spruce_c -134.47 -2.58 1370.21 4.17 1.19 0 0 1 0.420 19.00 3.91
hero_spruce_a -127.63 -2.34 1372.81 2.92 1.03 0 0 1 0.380 16.00 3.90
hero_oak_c -120.17 -2.69 1369.82 6.12 1.10 0 0 1 0.620 16.21 10.57
hero_oak_a -114.22 -2.88 1368.95 0.98 1.11 0 0 1 0.550 13.74 8.57
hero_oak_a -97.43 -3.13 1373.54 0.62 1.28 0 0 1 0.550 13.74 8.57
hero_spruce_a -78.52 -3.77 1369.37 1.45 1.01 0 0 1 0.380 16.00 3.90
hero_oak_a 23.70 -1.59 1371.47 3.78 1.15 0 0 1 0.550 13.74 8.57
hero_spruce_c 30.87 -1.80 1373.02 3.54 1.02 0 0 1 0.420 19.00 3.91
hero_pine_a 43.07 -2.15 1370.52 2.95 1.15 0 0 1 0.340 17.00 4.12
hero_birch_b 53.57 -2.67 1368.98 4.13 1.01 0 0 1 0.220 14.31 7.20
hero_spruce_b 62.04 -3.25 1368.50 0.42 1.25 0 0 1 0.320 13.00 3.84
hero_spruce_a 70.56 -3.96 1371.40 2.67 1.03 0 0 1 0.380 16.00 3.90
hero_oak_a 77.37 -4.37 1367.87 2.92 1.31 0 0 1 0.550 13.74 8.57
hero_spruce_b 82.93 -4.77 1368.77 0.01 1.01 0 0 1 0.320 13.00 3.84
hero_oak_a 100.01 -5.81 1369.64 0.34 0.98 0 0 1 0.550 13.74 8.57
hero_oak_a 108.09 -6.22 1372.56 2.01 1.08 0 0 1 0.550 13.74 8.57
hero_oak_a 124.62 -6.19 1367.84 0.25 1.12 0 0 1 0.550 13.74 8.57
hero_spruce_c 134.24 -5.96 1368.08 4.21 1.25 0 0 1 0.420 19.00 3.91
hero_oak_c -138.89 -1.77 1378.60 3.26 1.27 0 0 1 0.620 16.21 10.57
hero_spruce_a -127.00 -1.56 1381.11 5.23 1.03 0 0 1 0.380 16.00 3.90
hero_spruce_a -119.45 -1.71 1381.76 4.31 1.32 0 0 1 0.380 16.00 3.90
hero_spruce_a -107.72 -2.55 1376.83 2.29 1.31 0 0 1 0.380 16.00 3.90
hero_birch_b -102.25 -2.71 1377.25 4.45 1.13 0 0 1 0.220 14.31 7.20
hero_spruce_b -93.52 -3.14 1376.19 4.84 1.30 0 0 1 0.320 13.00 3.84
hero_oak_b -82.79 -3.41 1378.24 3.55 1.33 0 0 1 0.480 10.11 6.89
hero_pine_b -73.85 -3.58 1379.32 3.25 1.01 0 0 1 0.300 14.00 4.13
hero_spruce_a 22.16 -2.17 1382.01 3.38 1.00 0 0 1 0.380 16.00 3.90
hero_spruce_a 32.93 -2.01 1375.87 5.81 1.02 0 0 1 0.380 16.00 3.90
hero_pine_a 38.87 -2.57 1381.43 2.30 1.23 0 0 1 0.340 17.00 4.12
hero_spruce_a 47.31 -2.89 1380.22 2.90 1.26 0 0 1 0.380 16.00 3.90
hero_spruce_b 61.93 -3.82 1381.24 0.85 1.25 0 0 1 0.320 13.00 3.84
hero_spruce_c 66.65 -4.13 1381.17 2.54 1.23 0 0 1 0.420 19.00 3.91
hero_pine_a 75.16 -4.47 1375.55 5.39 1.11 0 0 1 0.340 17.00 4.12
hero_oak_b 84.90 -5.24 1378.25 0.45 1.06 0 0 1 0.480 10.11 6.89
hero_oak_b 89.91 -5.50 1376.85 0.14 1.00 0 0 1 0.480 10.11 6.89
hero_oak_c 98.72 -6.01 1377.30 2.98 1.20 0 0 1 0.620 16.21 10.57
hero_oak_b 109.34 -6.35 1375.60 1.43 1.03 0 0 1 0.480 10.11 6.89
hero_spruce_a 117.69 -6.69 1381.50 3.97 1.06 0 0 1 0.380 16.00 3.90
hero_spruce_a 125.95 -6.57 1377.15 0.10 1.31 0 0 1 0.380 16.00 3.90
hero_spruce_b 138.51 -6.41 1381.19 2.32 1.16 0 0 1 0.320 13.00 3.84
hero_spruce_a 143.15 -6.06 1377.72 0.49 1.29 0 0 1 0.380 16.00 3.90
hero_pine_b -135.96 -0.97 1385.90 3.42 1.31 0 0 1 0.300 14.00 4.13
hero_pine_b -128.56 -1.01 1386.11 5.34 1.00 0 0 1 0.300 14.00 4.13
hero_pine_b -122.35 -1.06 1387.32 4.66 1.23 0 0 1 0.300 14.00 4.13
hero_birch_a -109.47 -1.71 1385.69 2.43 1.06 0 0 1 0.200 13.23 4.86
hero_pine_a -101.35 -1.77 1389.35 3.67 1.10 0 0 1 0.340 17.00 4.12
hero_spruce_a -94.03 -2.60 1384.05 5.49 1.30 0 0 1 0.380 16.00 3.90
hero_birch_b -88.29 -2.81 1384.71 1.34 1.23 0 0 1 0.220 14.31 7.20
hero_oak_b -77.82 -2.81 1390.76 4.31 0.98 0 0 1 0.480 10.11 6.89
hero_spruce_c 23.07 -2.67 1389.01 0.66 1.25 0 0 1 0.420 19.00 3.91
hero_spruce_c 34.23 -2.73 1386.66 0.05 0.99 0 0 1 0.420 19.00 3.91
hero_spruce_c 40.63 -2.96 1386.14 4.61 1.28 0 0 1 0.420 19.00 3.91
hero_spruce_b 48.05 -3.58 1390.16 5.92 1.32 0 0 1 0.320 13.00 3.84
hero_oak_a 58.48 -4.06 1389.35 1.71 0.97 0 0 1 0.550 13.74 8.57
hero_birch_a 66.72 -4.27 1384.19 6.21 0.99 0 0 1 0.200 13.23 4.86
hero_birch_a 78.84 -5.32 1389.04 3.00 1.17 0 0 1 0.200 13.23 4.86
hero_birch_a 92.31 -6.15 1390.78 1.46 1.16 0 0 1 0.200 13.23 4.86
hero_spruce_a 104.24 -6.43 1384.00 6.07 0.96 0 0 1 0.380 16.00 3.90
hero_pine_b 111.03 -6.78 1388.64 1.61 1.13 0 0 1 0.300 14.00 4.13
hero_pine_a 115.23 -6.75 1384.08 5.50 1.29 0 0 1 0.340 17.00 4.12
hero_birch_b 129.47 -6.77 1384.67 0.89 1.29 0 0 1 0.220 14.31 7.20
hero_oak_b 135.17 -6.69 1386.61 4.24 1.10 0 0 1 0.480 10.11 6.89
hero_spruce_c -140.03 0.30 1397.29 4.59 1.28 0 0 1 0.420 19.00 3.91
hero_spruce_c -127.09 -0.23 1393.75 5.99 1.29 0 0 1 0.420 19.00 3.91
hero_pine_b -122.98 0.03 1397.00 3.33 1.13 0 0 1 0.300 14.00 4.13
hero_birch_a -113.43 -0.66 1394.10 3.36 1.02 0 0 1 0.200 13.23 4.86
hero_birch_a -102.19 -1.08 1395.70 2.01 1.10 0 0 1 0.200 13.23 4.86
hero_oak_b -93.11 -1.67 1395.10 1.39 1.17 0 0 1 0.480 10.11 6.89
hero_birch_a -88.56 -1.98 1394.56 3.40 1.26 0 0 1 0.200 13.23 4.86
hero_spruce_b -73.79 -2.35 1398.70 0.48 1.20 0 0 1 0.320 13.00 3.84
hero_birch_b 26.24 -3.13 1395.05 3.56 1.15 0 0 1 0.220 14.31 7.20
hero_spruce_c 36.07 -3.41 1394.86 3.28 1.30 0 0 1 0.420 19.00 3.91
hero_birch_b 41.30 -3.85 1398.34 3.83 1.09 0 0 1 0.220 14.31 7.20
hero_birch_a 61.19 -4.67 1396.25 2.25 0.98 0 0 1 0.200 13.23 4.86
hero_pine_a 68.95 -4.98 1394.12 3.33 0.99 0 0 1 0.340 17.00 4.12
hero_pine_b 76.81 -5.51 1395.31 4.81 1.10 0 0 1 0.300 14.00 4.13
hero_spruce_a 82.73 -5.81 1395.02 0.30 1.02 0 0 1 0.380 16.00 3.90
hero_spruce_a 94.59 -6.45 1396.01 1.22 1.27 0 0 1 0.380 16.00 3.90
hero_birch_a 102.52 -6.68 1394.08 3.23 1.10 0 0 1 0.200 13.23 4.86
hero_spruce_b 115.48 -7.03 1395.27 4.16 1.24 0 0 1 0.320 13.00 3.84
hero_pine_a 124.15 -7.05 1395.18 0.15 1.05 0 0 1 0.340 17.00 4.12
hero_oak_a 131.95 -7.04 1397.36 6.10 1.33 0 0 1 0.550 13.74 8.57
hero_pine_b 140.96 -6.82 1397.76 2.74 1.31 0 0 1 0.300 14.00 4.13
hero_oak_a -133.43 1.16 1404.96 5.94 0.97 0 0 1 0.550 13.74 8.57
hero_oak_a -112.56 0.78 1406.99 6.01 1.02 0 0 1 0.550 13.74 8.57
hero_spruce_c -103.28 0.29 1406.95 2.25 0.99 0 0 1 0.420 19.00 3.91
hero_spruce_b -91.27 -0.87 1403.54 5.66 1.18 0 0 1 0.320 13.00 3.84
hero_oak_c -87.03 -0.73 1406.77 2.08 1.06 0 0 1 0.620 16.21 10.57
hero_spruce_a -75.62 -1.76 1403.53 5.01 0.98 0 0 1 0.380 16.00 3.90
hero_pine_b 21.92 -3.87 1408.02 4.94 1.23 0 0 1 0.300 14.00 4.13
hero_oak_b 30.42 -3.98 1405.36 3.90 1.26 0 0 1 0.480 10.11 6.89
hero_spruce_a 44.94 -4.23 1401.22 0.03 1.12 0 0 1 0.380 16.00 3.90
hero_spruce_a 50.17 -4.89 1407.00 4.84 1.15 0 0 1 0.380 16.00 3.90
hero_birch_b 57.15 -5.08 1405.09 3.99 1.09 0 0 1 0.220 14.31 7.20
hero_spruce_c 67.73 -5.49 1403.23 0.90 1.09 0 0 1 0.420 19.00 3.91
hero_pine_b 75.87 -5.87 1402.49 4.99 1.20 0 0 1 0.300 14.00 4.13
hero_oak_b 85.44 -6.50 1406.85 2.88 1.05 0 0 1 0.480 10.11 6.89
hero_spruce_b 93.37 -6.57 1401.04 6.23 1.03 0 0 1 0.320 13.00 3.84
hero_spruce_b 100.62 -6.94 1404.37 1.34 1.12 0 0 1 0.320 13.00 3.84
hero_oak_b 112.45 -7.21 1406.61 1.65 1.03 0 0 1 0.480 10.11 6.89
hero_spruce_a 115.99 -7.28 1407.46 3.55 1.27 0 0 1 0.380 16.00 3.90
hero_birch_a 135.94 -7.05 1404.21 5.43 1.12 0 0 1 0.200 13.23 4.86
hero_spruce_c 141.24 -6.89 1404.61 3.89 0.96 0 0 1 0.420 19.00 3.91
hero_pine_a -143.77 1.63 1410.38 0.42 1.03 0 0 1 0.340 17.00 4.12
hero_spruce_a -139.81 2.04 1413.93 4.76 1.02 0 0 1 0.380 16.00 3.90
hero_spruce_c -128.05 2.08 1414.28 5.47 1.16 0 0 1 0.420 19.00 3.91
hero_oak_c -121.00 1.41 1409.58 0.31 1.14 0 0 1 0.620 16.21 10.57
hero_spruce_c -108.10 1.06 1411.18 1.95 1.10 0 0 1 0.420 19.00 3.91
hero_oak_a -88.18 0.55 1416.10 4.84 1.03 0 0 1 0.550 13.74 8.57
hero_spruce_c -73.65 -1.11 1410.18 2.08 0.96 0 0 1 0.420 19.00 3.91
hero_pine_b 22.60 -4.13 1412.84 3.67 1.12 0 0 1 0.300 14.00 4.13
hero_spruce_c 40.28 -5.08 1416.47 1.56 1.30 0 0 1 0.420 19.00 3.91
hero_oak_a 51.21 -5.56 1416.42 4.32 1.11 0 0 1 0.550 13.74 8.57
hero_spruce_a 59.65 -5.80 1413.68 1.05 1.33 0 0 1 0.380 16.00 3.90
hero_birch_a 67.28 -6.04 1412.60 1.04 0.99 0 0 1 0.200 13.23 4.86
hero_pine_a 75.61 -6.45 1412.92 5.25 1.34 0 0 1 0.340 17.00 4.12
hero_oak_b 89.50 -6.83 1410.42 2.43 1.32 0 0 1 0.480 10.11 6.89
hero_spruce_a 103.87 -7.26 1412.76 3.07 1.27 0 0 1 0.380 16.00 3.90
hero_pine_a 108.76 -7.28 1411.79 0.38 1.08 0 0 1 0.340 17.00 4.12
hero_oak_a 118.18 -7.34 1411.97 0.02 1.12 0 0 1 0.550 13.74 8.57
hero_birch_b 123.61 -7.30 1410.23 1.43 1.16 0 0 1 0.220 14.31 7.20
hero_oak_a 138.64 -7.07 1412.52 3.41 1.20 0 0 1 0.550 13.74 8.57
hero_oak_a -138.12 2.46 1418.35 0.29 1.00 0 0 1 0.550 13.74 8.57
hero_pine_b -126.36 2.56 1419.15 1.66 1.18 0 0 1 0.300 14.00 4.13
hero_birch_a -112.84 2.79 1423.69 0.30 0.98 0 0 1 0.200 13.23 4.86
hero_spruce_b -104.84 2.16 1421.26 2.99 1.14 0 0 1 0.320 13.00 3.84
hero_pine_b -93.43 1.49 1420.65 4.06 1.07 0 0 1 0.300 14.00 4.13
hero_pine_b -87.82 1.33 1421.98 6.09 1.29 0 0 1 0.300 14.00 4.13
hero_spruce_c -73.95 -0.08 1418.04 3.94 1.17 0 0 1 0.420 19.00 3.91
hero_spruce_a 28.34 -4.65 1419.76 1.63 0.98 0 0 1 0.380 16.00 3.90
hero_spruce_c 39.10 -5.08 1417.95 1.02 1.02 0 0 1 0.420 19.00 3.91
hero_oak_c 52.00 -5.76 1419.36 2.55 0.97 0 0 1 0.620 16.21 10.57
hero_pine_a 59.90 -6.25 1421.40 4.28 1.13 0 0 1 0.340 17.00 4.12
hero_oak_a 68.11 -6.42 1418.48 5.96 1.03 0 0 1 0.550 13.74 8.57
hero_pine_b 82.28 -7.13 1423.55 1.69 0.99 0 0 1 0.300 14.00 4.13
hero_spruce_b 96.23 -7.37 1422.33 2.86 0.97 0 0 1 0.320 13.00 3.84
hero_pine_b 100.56 -7.49 1423.70 1.24 1.34 0 0 1 0.300 14.00 4.13
hero_oak_a 107.17 -7.47 1421.36 0.28 1.23 0 0 1 0.550 13.74 8.57
hero_pine_b 117.34 -7.42 1419.17 1.91 1.07 0 0 1 0.300 14.00 4.13
hero_oak_b 124.68 -7.37 1418.84 1.63 1.22 0 0 1 0.480 10.11 6.89
hero_oak_b 136.71 -7.14 1419.41 4.15 1.05 0 0 1 0.480 10.11 6.89
hero_oak_a -144.28 3.19 1433.28 6.17 1.24 0 0 1 0.550 13.74 8.57
hero_pine_b -134.91 3.49 1431.08 4.16 1.17 0 0 1 0.300 14.00 4.13
hero_oak_b -126.43 3.52 1429.32 3.43 1.05 0 0 1 0.480 10.11 6.89
hero_oak_b -116.52 3.73 1431.82 0.77 1.11 0 0 1 0.480 10.11 6.89
hero_oak_b -111.13 3.75 1432.86 1.88 1.24 0 0 1 0.480 10.11 6.89
hero_pine_b -100.27 2.75 1427.29 3.00 1.10 0 0 1 0.300 14.00 4.13
hero_spruce_a -93.01 2.96 1431.21 4.05 1.03 0 0 1 0.380 16.00 3.90
hero_spruce_c -88.94 3.03 1433.11 0.29 1.22 0 0 1 0.420 19.00 3.91
hero_spruce_a -76.48 1.56 1427.95 6.03 1.03 0 0 1 0.380 16.00 3.90
hero_spruce_a -71.91 1.62 1430.03 6.27 0.96 0 0 1 0.380 16.00 3.90
hero_pine_b 19.57 -4.35 1430.32 4.03 1.07 0 0 1 0.300 14.00 4.13
hero_spruce_a 35.17 -5.37 1431.88 2.42 1.09 0 0 1 0.380 16.00 3.90
hero_oak_a 43.85 -5.90 1432.83 1.94 0.96 0 0 1 0.550 13.74 8.57
hero_spruce_c 50.96 -6.21 1430.03 5.07 1.07 0 0 1 0.420 19.00 3.91
hero_spruce_c 57.14 -6.49 1429.35 4.59 1.13 0 0 1 0.420 19.00 3.91
hero_spruce_c 74.11 -7.09 1428.19 2.10 1.00 0 0 1 0.420 19.00 3.91
hero_oak_b 84.08 -7.39 1429.76 2.08 1.04 0 0 1 0.480 10.11 6.89
hero_spruce_c 92.23 -7.52 1429.02 4.36 1.21 0 0 1 0.420 19.00 3.91
hero_spruce_b 104.19 -7.56 1427.02 0.62 1.18 0 0 1 0.320 13.00 3.84
hero_spruce_a 111.10 -7.55 1426.78 3.25 1.23 0 0 1 0.380 16.00 3.90
hero_birch_b 134.05 -7.20 1429.75 5.57 1.08 0 0 1 0.220 14.31 7.20
hero_spruce_a 144.37 -6.92 1433.53 6.24 1.34 0 0 1 0.380 16.00 3.90
hero_spruce_a -133.40 4.05 1440.08 4.18 1.14 0 0 1 0.380 16.00 3.90
hero_spruce_a -129.91 4.23 1440.81 5.59 1.15 0 0 1 0.380 16.00 3.90
hero_spruce_a -116.51 4.20 1436.61 0.18 1.03 0 0 1 0.380 16.00 3.90
hero_pine_a -114.45 4.67 1441.86 2.55 1.14 0 0 1 0.340 17.00 4.12
hero_birch_a -100.29 4.33 1439.51 5.95 1.07 0 0 1 0.200 13.23 4.86
hero_spruce_a -93.25 3.51 1435.05 5.71 1.13 0 0 1 0.380 16.00 3.90
hero_pine_a -86.81 3.26 1435.38 2.68 1.23 0 0 1 0.340 17.00 4.12
hero_oak_a -77.04 3.10 1437.42 2.52 1.18 0 0 1 0.550 13.74 8.57
hero_oak_c 18.21 -3.97 1440.68 2.24 1.15 0 0 1 0.620 16.21 10.57
hero_spruce_c 24.41 -4.55 1440.12 3.42 1.35 0 0 1 0.420 19.00 3.91
hero_spruce_b 36.67 -5.51 1435.73 3.47 1.23 0 0 1 0.320 13.00 3.84
hero_oak_c 40.22 -5.73 1436.92 3.52 0.99 0 0 1 0.620 16.21 10.57
hero_spruce_a 49.65 -6.28 1435.37 3.75 0.97 0 0 1 0.380 16.00 3.90
hero_pine_b 61.87 -7.00 1442.04 6.04 1.24 0 0 1 0.300 14.00 4.13
hero_pine_a 68.48 -7.21 1439.02 1.04 1.01 0 0 1 0.340 17.00 4.12
hero_oak_b 75.88 -7.43 1437.20 4.74 1.29 0 0 1 0.480 10.11 6.89
hero_pine_b 81.60 -7.54 1438.16 2.86 1.01 0 0 1 0.300 14.00 4.13
hero_oak_a 90.33 -7.70 1440.43 0.99 1.27 0 0 1 0.550 13.74 8.57
hero_pine_a 99.04 -7.72 1441.20 0.08 1.35 0 0 1 0.340 17.00 4.12
hero_oak_c 110.01 -7.63 1441.25 2.80 1.32 0 0 1 0.620 16.21 10.57
hero_pine_a 116.26 -7.52 1436.67 2.34 0.99 0 0 1 0.340 17.00 4.12
hero_spruce_a 130.12 -7.26 1438.16 2.34 1.29 0 0 1 0.380 16.00 3.90
hero_spruce_a -133.74 4.22 1445.02 5.95 1.29 0 0 1 0.380 16.00 3.90
hero_birch_b -125.58 4.82 1448.40 3.55 0.95 0 0 1 0.220 14.31 7.20
hero_oak_a -118.52 5.05 1447.93 4.07 1.27 0 0 1 0.550 13.74 8.57
hero_spruce_c -104.10 5.46 1449.31 1.62 1.19 0 0 1 0.420 19.00 3.91
hero_spruce_b -92.28 5.28 1448.20 5.70 1.30 0 0 1 0.320 13.00 3.84
hero_oak_a -74.11 4.29 1445.42 3.65 1.04 0 0 1 0.550 13.74 8.57
hero_spruce_a 21.80 -4.14 1443.89 2.37 1.20 0 0 1 0.380 16.00 3.90
hero_birch_a 31.88 -4.83 1449.11 5.30 1.35 0 0 1 0.200 13.23 4.86
hero_pine_b 43.94 -5.96 1443.72 5.77 1.08 0 0 1 0.300 14.00 4.13
hero_oak_c 53.68 -6.59 1445.63 3.03 1.34 0 0 1 0.620 16.21 10.57
hero_pine_b 57.05 -6.74 1447.41 0.61 1.14 0 0 1 0.300 14.00 4.13
hero_birch_a 65.70 -7.17 1444.12 3.56 1.19 0 0 1 0.200 13.23 4.86
hero_spruce_a 77.72 -7.54 1447.22 5.75 1.29 0 0 1 0.380 16.00 3.90
hero_spruce_c 85.51 -7.66 1445.62 2.67 1.15 0 0 1 0.420 19.00 3.91
hero_spruce_c 118.96 -7.35 1448.57 5.88 0.96 0 0 1 0.420 19.00 3.91
hero_spruce_c 128.35 -7.23 1444.33 6.13 1.19 0 0 1 0.420 19.00 3.91
hero_birch_a 138.52 -6.88 1447.89 3.90 0.99 0 0 1 0.200 13.23 4.86
hero_oak_c 144.37 -6.79 1444.56 5.35 1.26 0 0 1 0.620 16.21 10.57
hero_pine_a -137.75 4.13 1452.73 4.09 1.12 0 0 1 0.340 17.00 4.12
hero_pine_a -124.96 5.13 1455.25 1.34 0.99 0 0 1 0.340 17.00 4.12
hero_spruce_a -122.35 5.26 1455.14 5.26 1.23 0 0 1 0.380 16.00 3.90
hero_pine_a -113.31 5.57 1452.63 2.31 1.03 0 0 1 0.340 17.00 4.12
hero_pine_b -100.33 5.84 1452.60 5.89 1.25 0 0 1 0.300 14.00 4.13
hero_pine_a -90.66 6.32 1456.13 4.46 1.10 0 0 1 0.340 17.00 4.12
hero_spruce_c -86.08 5.75 1452.21 4.68 1.14 0 0 1 0.420 19.00 3.91
hero_spruce_b -75.08 6.20 1456.84 1.16 1.35 0 0 1 0.320 13.00 3.84
hero_spruce_c 18.14 -3.15 1452.34 5.13 1.11 0 0 1 0.420 19.00 3.91
hero_pine_b 23.20 -3.55 1454.13 1.65 0.96 0 0 1 0.300 14.00 4.13
hero_spruce_c 30.57 -4.03 1458.10 5.48 1.00 0 0 1 0.420 19.00 3.91
hero_birch_b 45.46 -5.84 1452.32 5.93 1.17 0 0 1 0.220 14.31 7.20
hero_birch_a 53.33 -6.29 1455.71 5.91 1.32 0 0 1 0.200 13.23 4.86
hero_oak_a 61.23 -6.63 1458.25 1.23 0.96 0 0 1 0.550 13.74 8.57
hero_pine_a 69.89 -7.09 1457.59 2.30 1.19 0 0 1 0.340 17.00 4.12
hero_spruce_c 78.90 -7.34 1457.61 1.96 1.06 0 0 1 0.420 19.00 3.91
hero_oak_a 83.30 -7.50 1454.77 6.19 1.04 0 0 1 0.550 13.74 8.57
hero_pine_a 92.10 -7.49 1458.56 0.20 1.32 0 0 1 0.340 17.00 4.12
hero_spruce_b 98.02 -7.49 1457.53 6.04 1.22 0 0 1 0.320 13.00 3.84
hero_pine_a 111.65 -7.40 1453.74 4.26 1.05 0 0 1 0.340 17.00 4.12
hero_spruce_c 121.66 -7.14 1456.00 0.17 1.13 0 0 1 0.420 19.00 3.91
hero_pine_b 124.95 -7.02 1457.38 2.16 1.10 0 0 1 0.300 14.00 4.13
hero_spruce_c 136.94 -6.77 1455.62 0.49 1.14 0 0 1 0.420 19.00 3.91
hero_spruce_a -139.86 3.83 1467.32 5.05 0.97 0 0 1 0.380 16.00 3.90
hero_spruce_b -126.86 5.21 1467.11 0.85 0.99 0 0 1 0.320 13.00 3.84
hero_pine_a -119.99 5.82 1466.04 2.97 0.97 0 0 1 0.340 17.00 4.12
hero_oak_c -110.11 6.36 1462.76 0.97 1.21 0 0 1 0.620 16.21 10.57
hero_spruce_a -99.43 6.72 1461.00 1.99 1.01 0 0 1 0.380 16.00 3.90
hero_pine_b -95.80 7.32 1465.93 4.87 1.01 0 0 1 0.300 14.00 4.13
hero_spruce_c -73.78 6.87 1461.09 0.91 1.14 0 0 1 0.420 19.00 3.91
hero_pine_b 25.16 -2.48 1466.69 5.68 1.14 0 0 1 0.300 14.00 4.13
hero_spruce_b 36.07 -4.26 1462.56 4.55 1.12 0 0 1 0.320 13.00 3.84
hero_pine_a 43.24 -5.08 1461.52 0.13 1.16 0 0 1 0.340 17.00 4.12
hero_pine_b 53.53 -5.63 1466.29 1.72 1.28 0 0 1 0.300 14.00 4.13
hero_spruce_b 56.95 -6.18 1462.31 4.52 1.33 0 0 1 0.320 13.00 3.84
hero_spruce_a 64.91 -6.61 1462.83 2.59 1.14 0 0 1 0.380 16.00 3.90
hero_spruce_b 86.53 -7.18 1464.47 5.70 1.06 0 0 1 0.320 13.00 3.84
hero_spruce_b 96.44 -7.10 1466.99 0.00 1.12 0 0 1 0.320 13.00 3.84
hero_spruce_a 100.61 -7.12 1465.92 1.03 1.08 0 0 1 0.380 16.00 3.90
hero_oak_b 111.67 -7.06 1464.47 0.95 1.19 0 0 1 0.480 10.11 6.89
hero_spruce_a 115.17 -7.06 1462.93 3.67 1.19 0 0 1 0.380 16.00 3.90
hero_spruce_c 130.55 -6.67 1463.57 0.59 1.05 0 0 1 0.420 19.00 3.91
hero_spruce_c 135.48 -6.63 1461.76 1.26 1.15 0 0 1 0.420 19.00 3.91
hero_pine_a 144.10 -6.45 1461.02 3.37 1.28 0 0 1 0.340 17.00 4.12
hero_pine_a -143.98 3.06 1475.04 1.55 1.19 0 0 1 0.340 17.00 4.12
hero_spruce_b -137.95 3.85 1475.61 0.79 0.98 0 0 1 0.320 13.00 3.84
hero_pine_b -126.62 5.24 1470.39 3.33 1.03 0 0 1 0.300 14.00 4.13
hero_oak_c -121.43 5.79 1474.22 6.01 1.26 0 0 1 0.620 16.21 10.57
hero_spruce_c -103.05 7.22 1469.62 2.58 1.24 0 0 1 0.420 19.00 3.91
hero_oak_b -94.56 7.67 1469.21 2.30 1.11 0 0 1 0.480 10.11 6.89
hero_pine_a -86.50 8.33 1472.38 1.74 1.11 0 0 1 0.340 17.00 4.12
hero_pine_a -79.43 8.22 1469.95 0.61 1.05 0 0 1 0.340 17.00 4.12
hero_spruce_c 24.24 -1.73 1471.34 1.37 0.98 0 0 1 0.420 19.00 3.91
hero_pine_b 36.86 -3.22 1472.88 2.61 1.00 0 0 1 0.300 14.00 4.13
hero_pine_b 40.10 -3.36 1475.15 2.74 1.20 0 0 1 0.300 14.00 4.13
hero_spruce_c 48.89 -4.88 1469.87 4.78 1.02 0 0 1 0.420 19.00 3.91
hero_spruce_b 58.76 -5.20 1475.32 0.60 1.08 0 0 1 0.320 13.00 3.84
hero_spruce_c 66.70 -6.19 1470.15 1.85 1.02 0 0 1 0.420 19.00 3.91
hero_oak_a 77.22 -6.65 1469.92 2.64 1.01 0 0 1 0.550 13.74 8.57
hero_birch_b 87.68 -6.66 1473.06 4.30 0.96 0 0 1 0.220 14.31 7.20
hero_spruce_c 90.64 -6.57 1474.65 4.92 0.96 0 0 1 0.420 19.00 3.91
hero_spruce_c 101.79 -6.58 1475.33 1.67 1.31 0 0 1 0.420 19.00 3.91
hero_pine_b 112.49 -6.81 1469.05 3.21 1.00 0 0 1 0.300 14.00 4.13
hero_spruce_a 119.13 -6.47 1473.37 1.59 1.15 0 0 1 0.380 16.00 3.90
hero_spruce_c 127.91 -6.38 1472.17 0.34 1.26 0 0 1 0.420 19.00 3.91
hero_pine_a 138.98 -6.27 1469.34 1.69 1.17 0 0 1 0.340 17.00 4.12
hero_birch_a -119.37 6.09 1484.36 0.94 1.29 0 0 1 0.200 13.23 4.86
hero_pine_b -113.67 6.71 1478.67 4.22 1.14 0 0 1 0.300 14.00 4.13
hero_birch_a -105.20 7.55 1478.46 1.43 1.31 0 0 1 0.200 13.23 4.86
hero_oak_a -90.78 9.19 1484.29 1.27 1.17 0 0 1 0.550 13.74 8.57
hero_pine_a -77.94 9.87 1483.07 4.12 1.19 0 0 1 0.340 17.00 4.12
hero_oak_c 23.38 -0.68 1477.67 5.95 0.97 0 0 1 0.620 16.21 10.57
hero_birch_b 34.58 -1.47 1483.46 0.82 0.99 0 0 1 0.220 14.31 7.20
hero_oak_c 39.76 -2.94 1478.07 0.13 1.18 0 0 1 0.620 16.21 10.57
hero_pine_a 64.36 -5.06 1480.80 3.95 1.32 0 0 1 0.340 17.00 4.12
hero_oak_c 76.04 -5.80 1479.90 1.70 1.27 0 0 1 0.620 16.21 10.57
hero_pine_b 90.96 -5.93 1482.72 5.28 1.31 0 0 1 0.300 14.00 4.13
hero_spruce_b 103.07 -6.35 1478.23 5.81 1.17 0 0 1 0.320 13.00 3.84
hero_spruce_c 108.83 -5.85 1484.15 0.16 1.19 0 0 1 0.420 19.00 3.91
hero_spruce_b 117.08 -5.88 1482.75 0.57 1.15 0 0 1 0.320 13.00 3.84
hero_spruce_a 133.85 -5.79 1480.97 3.06 1.26 0 0 1 0.380 16.00 3.90
hero_oak_c 140.98 -5.85 1477.71 3.48 1.17 0 0 1 0.620 16.21 10.57
hero_spruce_c -143.93 2.54 1488.68 3.30 1.22 0 0 1 0.420 19.00 3.91
hero_birch_b -133.93 3.92 1492.31 2.69 1.11 0 0 1 0.220 14.31 7.20
hero_pine_a -118.31 6.27 1487.97 3.46 0.98 0 0 1 0.340 17.00 4.12
hero_spruce_b -114.41 6.80 1493.07 2.77 1.20 0 0 1 0.320 13.00 3.84
hero_pine_b -90.68 9.42 1487.24 6.22 1.05 0 0 1 0.300 14.00 4.13
hero_pine_b -84.20 9.86 1486.52 3.30 1.28 0 0 1 0.300 14.00 4.13
hero_pine_b -77.09 10.29 1486.65 4.20 1.26 0 0 1 0.300 14.00 4.13
hero_spruce_b 26.37 0.58 1488.72 2.04 1.30 0 0 1 0.320 13.00 3.84
hero_spruce_b 35.45 -0.51 1490.67 3.43 1.20 0 0 1 0.320 13.00 3.84
hero_oak_a 43.53 -1.28 1493.04 4.24 1.18 0 0 1 0.550 13.74 8.57
hero_spruce_a 51.59 -2.87 1489.00 0.05 1.31 0 0 1 0.380 16.00 3.90
hero_pine_b 60.61 -3.70 1489.33 5.42 1.10 0 0 1 0.300 14.00 4.13
hero_spruce_b 66.08 -3.72 1492.66 4.68 1.21 0 0 1 0.320 13.00 3.84
hero_spruce_b 73.57 -4.63 1489.11 2.59 0.96 0 0 1 0.320 13.00 3.84
hero_oak_b 86.13 -4.98 1490.94 3.04 1.29 0 0 1 0.480 10.11 6.89
hero_oak_a 91.72 -5.48 1487.25 1.06 1.05 0 0 1 0.550 13.74 8.57
hero_spruce_c 110.12 -5.59 1486.97 5.33 1.12 0 0 1 0.420 19.00 3.91
hero_birch_b 124.86 -5.54 1486.14 4.01 1.09 0 0 1 0.220 14.31 7.20
hero_pine_b 140.82 -5.22 1488.78 0.97 1.12 0 0 1 0.300 14.00 4.13
hero_pine_b -143.34 2.21 1500.63 1.07 1.32 0 0 1 0.300 14.00 4.13
hero_pine_b -139.13 2.92 1498.86 2.33 1.27 0 0 1 0.300 14.00 4.13
hero_oak_a -126.47 4.94 1499.82 2.77 1.01 0 0 1 0.550 13.74 8.57
hero_spruce_b -120.21 5.95 1497.24 2.28 1.04 0 0 1 0.320 13.00 3.84
hero_oak_a -111.60 7.26 1497.15 5.11 1.01 0 0 1 0.550 13.74 8.57
hero_spruce_c -100.16 8.79 1494.44 1.26 0.99 0 0 1 0.420 19.00 3.91
hero_pine_b -97.47 9.29 1499.54 5.51 1.32 0 0 1 0.300 14.00 4.13
hero_pine_a -82.27 10.76 1495.39 5.18 1.10 0 0 1 0.340 17.00 4.12
hero_spruce_a -75.22 11.39 1496.17 4.09 0.99 0 0 1 0.380 16.00 3.90
hero_spruce_a 17.95 3.97 1500.24 4.56 1.12 0 0 1 0.380 16.00 3.90
hero_pine_a 25.00 2.57 1499.23 0.04 1.16 0 0 1 0.340 17.00 4.12
hero_spruce_b 32.70 1.69 1501.56 4.06 1.09 0 0 1 0.320 13.00 3.84
hero_oak_b 49.71 -1.84 1494.44 4.56 1.06 0 0 1 0.480 10.11 6.89
hero_spruce_a 58.76 -2.79 1494.68 4.99 1.15 0 0 1 0.380 16.00 3.90
hero_birch_b 83.94 -4.22 1496.61 5.85 1.19 0 0 1 0.220 14.31 7.20
hero_spruce_a 93.12 -4.58 1495.80 5.02 1.06 0 0 1 0.380 16.00 3.90
hero_spruce_a 100.85 -4.69 1495.96 0.41 1.09 0 0 1 0.380 16.00 3.90
hero_spruce_a 108.15 -4.48 1498.66 1.48 1.28 0 0 1 0.380 16.00 3.90
hero_oak_c 121.09 -4.86 1494.58 6.04 0.99 0 0 1 0.620 16.21 10.57
hero_pine_b 126.38 -4.26 1501.41 4.48 1.12 0 0 1 0.300 14.00 4.13
hero_birch_b 138.21 -4.85 1494.65 0.35 1.26 0 0 1 0.220 14.31 7.20
hero_birch_a -136.22 3.29 1503.49 0.73 1.03 0 0 1 0.200 13.23 4.86
hero_spruce_c -129.27 4.34 1509.03 0.39 1.06 0 0 1 0.420 19.00 3.91
hero_oak_c -117.20 6.40 1502.96 1.32 1.11 0 0 1 0.620 16.21 10.57
hero_oak_b -113.91 6.94 1507.80 2.12 1.16 0 0 1 0.480 10.11 6.89
hero_spruce_b -100.22 9.09 1504.50 6.26 0.98 0 0 1 0.320 13.00 3.84
hero_spruce_b -94.24 9.99 1507.04 4.46 1.31 0 0 1 0.320 13.00 3.84
hero_spruce_b -74.81 12.41 1508.80 0.94 1.05 0 0 1 0.320 13.00 3.84
hero_oak_b 26.00 4.09 1509.49 3.63 1.02 0 0 1 0.480 10.11 6.89
hero_spruce_c 33.42 2.73 1508.78 3.15 1.11 0 0 1 0.420 19.00 3.91
hero_spruce_c 43.33 0.45 1503.98 1.76 1.25 0 0 1 0.420 19.00 3.91
hero_pine_b 52.20 -0.32 1506.58 4.81 1.34 0 0 1 0.300 14.00 4.13
hero_oak_a 58.65 -1.55 1503.15 2.77 1.18 0 0 1 0.550 13.74 8.57
hero_pine_a 76.47 -2.59 1505.97 4.23 0.95 0 0 1 0.340 17.00 4.12
hero_pine_a 84.39 -3.40 1503.19 0.24 1.18 0 0 1 0.340 17.00 4.12
hero_oak_a 93.06 -3.39 1505.55 4.33 1.00 0 0 1 0.550 13.74 8.57
hero_oak_c 100.94 -3.63 1505.42 4.20 1.32 0 0 1 0.620 16.21 10.57
hero_birch_a 110.60 -3.26 1509.69 4.06 0.97 0 0 1 0.200 13.23 4.86
hero_birch_b 119.92 -3.67 1507.32 1.73 1.31 0 0 1 0.220 14.31 7.20
hero_pine_b 128.33 -3.94 1505.04 6.02 1.13 0 0 1 0.300 14.00 4.13
hero_birch_b 144.19 -3.94 1506.88 0.41 1.03 0 0 1 0.220 14.31 7.20
hero_oak_c -144.50 1.79 1514.40 4.46 1.08 0 0 1 0.620 16.21 10.57
hero_birch_a -139.70 2.52 1515.38 4.67 1.26 0 0 1 0.200 13.23 4.86
hero_spruce_a -129.45 4.24 1517.51 3.58 1.19 0 0 1 0.380 16.00 3.90
hero_pine_b -119.87 5.93 1516.26 0.67 1.14 0 0 1 0.300 14.00 4.13
hero_spruce_b -114.26 6.90 1512.59 4.44 1.12 0 0 1 0.320 13.00 3.84
hero_spruce_b -101.99 9.00 1514.29 5.52 1.12 0 0 1 0.320 13.00 3.84
hero_spruce_a -97.56 9.75 1515.47 5.11 1.15 0 0 1 0.380 16.00 3.90
hero_spruce_c -85.60 11.61 1517.97 5.73 1.17 0 0 1 0.420 19.00 3.91
hero_pine_a -79.39 12.32 1515.46 3.85 0.98 0 0 1 0.340 17.00 4.12
hero_birch_a 24.89 5.38 1516.76 2.73 0.97 0 0 1 0.200 13.23 4.86
hero_birch_b 32.46 3.98 1516.08 4.76 1.34 0 0 1 0.220 14.31 7.20
hero_spruce_c 44.20 2.20 1516.24 1.13 1.35 0 0 1 0.420 19.00 3.91
hero_spruce_a 52.56 0.47 1511.82 4.36 0.98 0 0 1 0.380 16.00 3.90
hero_spruce_b 59.78 -0.26 1512.68 2.23 1.33 0 0 1 0.320 13.00 3.84
hero_oak_a 79.17 -1.90 1512.34 5.78 1.26 0 0 1 0.550 13.74 8.57
hero_oak_c 87.30 -1.89 1515.39 5.69 0.98 0 0 1 0.620 16.21 10.57
hero_oak_b 95.25 -1.90 1517.99 4.05 1.21 0 0 1 0.480 10.11 6.89
hero_oak_b 102.99 -2.63 1513.81 5.85 0.99 0 0 1 0.480 10.11 6.89
hero_oak_a 109.35 -2.80 1513.72 4.71 1.17 0 0 1 0.550 13.74 8.57
hero_spruce_a 119.27 -2.48 1518.47 0.57 1.26 0 0 1 0.380 16.00 3.90
hero_oak_c 133.49 -3.31 1512.60 2.28 1.18 0 0 1 0.620 16.21 10.57
hero_spruce_b 141.13 -3.30 1514.31 1.30 1.16 0 0 1 0.320 13.00 3.84
hero_spruce_b -142.46 2.10 1522.52 4.55 1.01 0 0 1 0.320 13.00 3.84
hero_birch_a -133.79 3.51 1525.83 2.16 1.35 0 0 1 0.200 13.23 4.86
hero_birch_a -125.94 4.89 1525.78 4.62 1.17 0 0 1 0.200 13.23 4.86
hero_birch_a -121.96 5.61 1526.20 2.43 1.07 0 0 1 0.200 13.23 4.86
hero_oak_b -110.28 7.65 1519.97 0.31 1.13 0 0 1 0.480 10.11 6.89
hero_oak_a -101.75 9.17 1522.20 4.91 1.24 0 0 1 0.550 13.74 8.57
hero_spruce_c -95.69 10.15 1520.12 5.15 1.26 0 0 1 0.420 19.00 3.91
hero_oak_a -86.21 11.64 1521.50 1.90 1.26 0 0 1 0.550 13.74 8.57
hero_oak_c -76.57 12.86 1520.85 4.27 1.31 0 0 1 0.620 16.21 10.57
hero_spruce_c -71.96 13.64 1526.45 4.75 0.95 0 0 1 0.420 19.00 3.91
hero_spruce_c 23.10 6.23 1520.77 1.57 1.19 0 0 1 0.420 19.00 3.91
hero_spruce_b 31.32 5.27 1523.82 1.27 1.04 0 0 1 0.320 13.00 3.84
hero_pine_b 39.27 4.19 1525.26 0.50 1.29 0 0 1 0.300 14.00 4.13
hero_oak_c 48.82 3.03 1526.68 1.76 1.28 0 0 1 0.620 16.21 10.57
hero_spruce_a 61.68 1.12 1523.75 5.68 1.30 0 0 1 0.380 16.00 3.90
hero_spruce_c 67.74 0.32 1522.16 6.12 1.27 0 0 1 0.420 19.00 3.91
hero_birch_a 77.81 -0.68 1520.47 1.74 1.13 0 0 1 0.200 13.23 4.86
hero_birch_a 83.96 -0.30 1526.36 3.58 1.22 0 0 1 0.200 13.23 4.86
hero_spruce_c 91.72 -1.18 1522.46 1.13 1.04 0 0 1 0.420 19.00 3.91
hero_pine_b 99.31 -1.72 1520.42 0.50 0.98 0 0 1 0.300 14.00 4.13
hero_oak_c 107.32 -1.22 1526.95 1.58 1.13 0 0 1 0.620 16.21 10.57
hero_spruce_c 121.19 -2.29 1520.36 3.88 1.01 0 0 1 0.420 19.00 3.91
hero_spruce_a 128.00 -2.21 1522.95 0.50 1.19 0 0 1 0.380 16.00 3.90
hero_spruce_b 134.81 -2.56 1521.21 6.16 1.34 0 0 1 0.320 13.00 3.84
hero_pine_b 141.22 -2.31 1526.05 6.08 1.30 0 0 1 0.300 14.00 4.13
hero_spruce_c -142.63 2.11 1528.63 6.17 1.10 0 0 1 0.420 19.00 3.91
hero_birch_a -138.09 2.93 1534.71 0.62 1.25 0 0 1 0.200 13.23 4.86
hero_pine_a -129.24 4.35 1530.31 1.22 1.24 0 0 1 0.340 17.00 4.12
hero_pine_b -119.32 6.18 1533.05 1.17 1.15 0 0 1 0.300 14.00 4.13
hero_spruce_c -114.28 7.08 1531.81 0.22 1.11 0 0 1 0.420 19.00 3.91
hero_birch_b -104.91 8.84 1534.51 5.04 1.14 0 0 1 0.220 14.31 7.20
hero_spruce_a -92.16 11.01 1532.56 0.07 1.25 0 0 1 0.380 16.00 3.90
hero_birch_a -79.79 12.77 1529.02 5.04 1.23 0 0 1 0.200 13.23 4.86
hero_oak_b 24.48 7.62 1534.75 0.98 0.98 0 0 1 0.480 10.11 6.89
hero_spruce_b 34.44 6.01 1534.64 3.02 1.35 0 0 1 0.320 13.00 3.84
hero_oak_a 44.38 3.93 1529.00 4.04 1.15 0 0 1 0.550 13.74 8.57
hero_oak_c 53.94 3.30 1534.18 2.90 1.29 0 0 1 0.620 16.21 10.57
hero_spruce_c 60.22 2.57 1533.83 3.41 1.14 0 0 1 0.420 19.00 3.91
hero_oak_a 66.26 1.41 1529.25 2.29 1.14 0 0 1 0.550 13.74 8.57
hero_oak_b 72.48 1.05 1530.69 1.42 1.06 0 0 1 0.480 10.11 6.89
hero_pine_b 93.23 0.29 1535.49 5.81 1.31 0 0 1 0.300 14.00 4.13
hero_spruce_a 101.06 -0.19 1534.09 5.03 1.06 0 0 1 0.380 16.00 3.90
hero_pine_b 108.90 -0.91 1530.03 3.02 0.97 0 0 1 0.300 14.00 4.13
hero_spruce_b 117.36 -0.83 1533.46 2.10 1.02 0 0 1 0.320 13.00 3.84
hero_spruce_a 127.88 -1.17 1533.57 1.88 0.98 0 0 1 0.380 16.00 3.90
hero_spruce_c 132.38 -1.77 1528.63 4.75 1.02 0 0 1 0.420 19.00 3.91
hero_oak_a 144.07 -1.91 1531.59 3.86 0.97 0 0 1 0.550 13.74 8.57
hero_oak_a -143.13 2.25 1539.21 4.07 1.19 0 0 1 0.550 13.74 8.57
hero_pine_b -133.52 3.88 1542.53 0.24 1.23 0 0 1 0.300 14.00 4.13
hero_pine_a -129.75 4.46 1540.31 2.79 1.19 0 0 1 0.340 17.00 4.12
hero_birch_a -117.49 6.73 1543.22 0.22 1.15 0 0 1 0.200 13.23 4.86
hero_pine_a -110.72 7.91 1541.28 5.04 1.24 0 0 1 0.340 17.00 4.12
hero_spruce_b -99.91 9.83 1540.44 5.46 1.31 0 0 1 0.320 13.00 3.84
hero_spruce_c -92.45 11.19 1543.93 5.07 1.18 0 0 1 0.420 19.00 3.91
hero_pine_a -82.92 12.60 1539.16 4.84 1.00 0 0 1 0.340 17.00 4.12
hero_spruce_a -73.95 13.82 1542.25 1.10 1.05 0 0 1 0.380 16.00 3.90
hero_oak_c 25.43 7.68 1537.31 1.21 1.12 0 0 1 0.620 16.21 10.57
hero_spruce_b 34.20 6.51 1539.61 1.89 1.34 0 0 1 0.320 13.00 3.84
hero_spruce_b 42.29 5.43 1540.37 1.38 1.26 0 0 1 0.320 13.00 3.84
hero_spruce_c 61.27 2.95 1538.09 4.73 0.95 0 0 1 0.420 19.00 3.91
hero_pine_a 64.65 3.00 1542.08 5.41 1.25 0 0 1 0.340 17.00 4.12
hero_spruce_c 77.03 1.43 1537.01 4.33 1.25 0 0 1 0.420 19.00 3.91
hero_birch_a 91.02 0.64 1537.44 6.27 1.01 0 0 1 0.200 13.23 4.86
hero_pine_a 101.50 0.40 1539.88 2.74 1.08 0 0 1 0.340 17.00 4.12
hero_spruce_c 107.01 0.20 1540.34 0.23 1.24 0 0 1 0.420 19.00 3.91
hero_oak_a 118.22 -0.49 1537.24 3.77 1.05 0 0 1 0.550 13.74 8.57
hero_birch_b 125.75 -0.76 1537.13 1.03 0.96 0 0 1 0.220 14.31 7.20
hero_pine_b 137.87 -1.16 1537.85 4.47 1.02 0 0 1 0.300 14.00 4.13
hero_birch_a -138.14 3.30 1548.04 0.21 1.18 0 0 1 0.200 13.23 4.86
hero_spruce_a -131.39 4.36 1546.35 2.79 1.13 0 0 1 0.380 16.00 3.90
hero_spruce_a -122.02 6.10 1549.74 0.53 1.07 0 0 1 0.380 16.00 3.90
hero_spruce_b -114.40 7.44 1549.72 3.68 1.28 0 0 1 0.320 13.00 3.84
hero_spruce_a -105.43 9.00 1547.71 4.31 1.35 0 0 1 0.380 16.00 3.90
hero_oak_b -91.17 11.46 1547.94 2.43 1.32 0 0 1 0.480 10.11 6.89
hero_pine_b -86.48 12.25 1550.00 0.92 1.00 0 0 1 0.300 14.00 4.13
hero_spruce_a -77.13 13.49 1548.33 1.53 1.31 0 0 1 0.380 16.00 3.90
hero_oak_b 25.99 8.42 1549.79 1.48 1.07 0 0 1 0.480 10.11 6.89
hero_birch_a 31.11 7.68 1550.45 6.02 1.34 0 0 1 0.200 13.23 4.86
hero_spruce_b 39.89 6.17 1545.66 3.98 1.35 0 0 1 0.320 13.00 3.84
hero_pine_a 62.31 3.87 1549.49 5.18 1.22 0 0 1 0.340 17.00 4.12
hero_spruce_a 69.89 3.08 1548.01 1.94 1.30 0 0 1 0.380 16.00 3.90
hero_birch_b 75.43 2.73 1548.90 4.27 1.13 0 0 1 0.220 14.31 7.20
hero_pine_b 86.50 1.76 1546.06 1.92 1.03 0 0 1 0.300 14.00 4.13
hero_spruce_a 104.20 0.82 1545.44 0.43 0.98 0 0 1 0.380 16.00 3.90
hero_spruce_a 115.04 0.55 1547.64 4.49 1.12 0 0 1 0.380 16.00 3.90
hero_oak_b 130.35 -0.12 1546.99 3.99 1.04 0 0 1 0.480 10.11 6.89
hero_spruce_a 136.17 -0.49 1545.58 1.13 1.19 0 0 1 0.380 16.00 3.90
hero_birch_b 144.61 -0.48 1551.08 1.21 1.21 0 0 1 0.220 14.31 7.20
hero_spruce_a -144.23 2.82 1560.42 0.72 1.04 0 0 1 0.380 16.00 3.90
hero_pine_b -139.03 3.44 1556.32 3.32 1.29 0 0 1 0.300 14.00 4.13
hero_birch_b -129.41 5.12 1558.99 1.32 1.03 0 0 1 0.220 14.31 7.20
hero_oak_c -119.79 6.73 1557.48 4.68 1.00 0 0 1 0.620 16.21 10.57
hero_oak_b -109.30 8.57 1557.55 0.87 1.13 0 0 1 0.480 10.11 6.89
hero_spruce_a -99.66 10.26 1559.35 0.57 1.28 0 0 1 0.380 16.00 3.90
hero_pine_b -92.76 11.39 1557.99 3.18 0.99 0 0 1 0.300 14.00 4.13
hero_oak_b -83.82 12.69 1558.23 1.82 1.28 0 0 1 0.480 10.11 6.89
hero_birch_b -66.83 14.60 1559.70 1.12 1.33 0 0 1 0.220 14.31 7.20
hero_spruce_c 28.42 8.21 1554.33 3.70 1.34 0 0 1 0.420 19.00 3.91
hero_spruce_a 41.10 6.55 1554.21 1.27 1.03 0 0 1 0.380 16.00 3.90
hero_oak_a 53.75 5.35 1560.08 4.18 1.14 0 0 1 0.550 13.74 8.57
hero_spruce_c 55.47 4.94 1555.36 1.84 1.26 0 0 1 0.420 19.00 3.91
hero_pine_b 73.78 3.47 1557.30 3.12 1.02 0 0 1 0.300 14.00 4.13
hero_birch_b 90.39 2.46 1558.21 6.16 1.30 0 0 1 0.220 14.31 7.20
hero_birch_b 102.01 1.73 1555.84 1.92 1.30 0 0 1 0.220 14.31 7.20
hero_birch_a 109.68 1.31 1554.54 0.78 1.06 0 0 1 0.200 13.23 4.86
hero_spruce_c 119.34 1.15 1558.39 3.74 1.06 0 0 1 0.420 19.00 3.91
hero_spruce_b 124.00 1.02 1559.85 3.93 1.21 0 0 1 0.320 13.00 3.84
hero_pine_b 133.36 0.29 1555.04 2.56 1.35 0 0 1 0.300 14.00 4.13
hero_spruce_c 143.00 -0.15 1554.71 1.64 1.08 0 0 1 0.420 19.00 3.91
hero_spruce_a -142.59 3.25 1566.07 1.13 1.01 0 0 1 0.380 16.00 3.90
hero_spruce_a -124.93 6.10 1566.21 0.86 1.05 0 0 1 0.380 16.00 3.90
hero_oak_c -120.97 6.73 1565.45 0.95 1.28 0 0 1 0.620 16.21 10.57
hero_pine_b -113.69 7.94 1562.67 2.43 1.03 0 0 1 0.300 14.00 4.13
hero_spruce_c -99.43 10.44 1567.33 0.10 1.07 0 0 1 0.420 19.00 3.91
hero_oak_a -95.62 11.05 1569.31 5.53 1.15 0 0 1 0.550 13.74 8.57
hero_spruce_b -84.52 12.63 1564.78 0.50 1.14 0 0 1 0.320 13.00 3.84
hero_oak_b -79.36 13.26 1568.87 4.10 1.14 0 0 1 0.480 10.11 6.89
hero_spruce_c -67.62 14.41 1568.52 5.89 1.26 0 0 1 0.420 19.00 3.91
hero_spruce_b 26.48 8.58 1568.18 3.68 1.21 0 0 1 0.320 13.00 3.84
hero_pine_b 36.83 7.33 1568.97 0.89 1.17 0 0 1 0.300 14.00 4.13
hero_spruce_b 40.22 6.94 1564.47 1.73 1.01 0 0 1 0.320 13.00 3.84
hero_birch_a 49.15 5.91 1563.00 2.20 1.22 0 0 1 0.200 13.23 4.86
hero_birch_b 62.52 4.73 1565.53 2.14 1.08 0 0 1 0.220 14.31 7.20
hero_birch_a 72.72 4.06 1568.17 0.53 0.98 0 0 1 0.200 13.23 4.86
hero_spruce_a 92.82 2.71 1564.71 3.25 1.19 0 0 1 0.380 16.00 3.90
hero_pine_a 125.27 1.36 1567.07 3.19 1.03 0 0 1 0.340 17.00 4.12
hero_pine_b 132.36 1.01 1566.89 5.43 1.17 0 0 1 0.300 14.00 4.13
hero_birch_a 140.64 0.71 1568.44 4.34 0.99 0 0 1 0.200 13.23 4.86
hero_oak_b -143.84 3.31 1577.68 5.09 1.09 0 0 1 0.480 10.11 6.89
hero_spruce_b -139.10 4.02 1575.82 6.04 1.10 0 0 1 0.320 13.00 3.84
hero_birch_b -124.45 6.33 1571.67 4.72 0.98 0 0 1 0.220 14.31 7.20
hero_oak_c -120.10 7.14 1576.85 0.75 1.12 0 0 1 0.620 16.21 10.57
hero_spruce_b -111.05 8.65 1576.43 1.99 1.13 0 0 1 0.320 13.00 3.84
hero_birch_b -92.24 11.57 1574.68 3.64 1.15 0 0 1 0.220 14.31 7.20
hero_pine_a -85.03 12.52 1576.44 3.83 1.02 0 0 1 0.340 17.00 4.12
hero_oak_a -73.76 13.84 1571.00 5.31 1.04 0 0 1 0.550 13.74 8.57
hero_oak_c -67.62 14.21 1576.81 6.22 0.99 0 0 1 0.620 16.21 10.57
hero_spruce_a 35.95 7.31 1575.56 5.16 1.28 0 0 1 0.380 16.00 3.90
hero_spruce_c 42.88 6.66 1572.69 2.65 0.99 0 0 1 0.420 19.00 3.91
hero_oak_b 50.02 5.92 1576.70 3.37 1.09 0 0 1 0.480 10.11 6.89
hero_pine_b 61.37 4.96 1571.78 3.23 1.13 0 0 1 0.300 14.00 4.13
hero_birch_b 65.02 4.67 1571.95 3.19 1.25 0 0 1 0.220 14.31 7.20
hero_spruce_c 79.16 3.82 1575.00 2.19 1.03 0 0 1 0.420 19.00 3.91
hero_pine_b 87.16 3.34 1573.81 1.01 1.30 0 0 1 0.300 14.00 4.13
hero_spruce_b 90.05 3.13 1571.60 1.92 1.31 0 0 1 0.320 13.00 3.84
hero_spruce_a 98.33 2.81 1574.36 0.54 1.34 0 0 1 0.380 16.00 3.90
hero_spruce_c 110.61 2.23 1572.43 4.47 1.02 0 0 1 0.420 19.00 3.91
hero_oak_c 117.12 2.07 1576.33 5.21 1.09 0 0 1 0.620 16.21 10.57
hero_oak_b 127.02 1.65 1576.88 3.57 1.05 0 0 1 0.480 10.11 6.89
hero_spruce_c 136.17 1.24 1576.86 5.56 0.98 0 0 1 0.420 19.00 3.91
hero_spruce_a 143.10 0.74 1572.86 2.52 1.35 0 0 1 0.380 16.00 3.90
hero_birch_b -119.83 7.25 1583.98 0.07 1.21 0 0 1 0.220 14.31 7.20
hero_pine_b -113.48 8.30 1584.10 0.31 1.15 0 0 1 0.300 14.00 4.13
hero_spruce_a -101.61 10.16 1580.59 3.49 1.31 0 0 1 0.380 16.00 3.90
hero_spruce_b -91.46 11.53 1586.27 4.26 1.25 0 0 1 0.320 13.00 3.84
hero_spruce_b -87.74 12.08 1581.98 5.80 1.27 0 0 1 0.320 13.00 3.84
hero_pine_a -78.81 13.06 1583.49 1.11 0.98 0 0 1 0.340 17.00 4.12
hero_birch_a -71.13 13.59 1585.62 1.01 1.22 0 0 1 0.200 13.23 4.86
hero_spruce_c 30.89 7.45 1584.70 2.45 1.33 0 0 1 0.420 19.00 3.91
hero_spruce_c 44.52 6.25 1583.45 2.82 1.03 0 0 1 0.420 19.00 3.91
hero_pine_a 57.76 5.15 1584.51 4.53 1.27 0 0 1 0.340 17.00 4.12
hero_birch_b 64.04 4.76 1583.14 1.96 1.14 0 0 1 0.220 14.31 7.20
hero_spruce_b 77.35 3.98 1580.59 1.89 1.20 0 0 1 0.320 13.00 3.84
hero_birch_b 86.96 3.53 1583.44 4.79 1.05 0 0 1 0.220 14.31 7.20
hero_pine_a 91.51 3.35 1584.61 4.33 0.95 0 0 1 0.340 17.00 4.12
hero_oak_c 97.94 3.04 1582.69 2.20 1.02 0 0 1 0.620 16.21 10.57
hero_spruce_c 107.86 2.65 1585.34 2.38 1.10 0 0 1 0.420 19.00 3.91
hero_spruce_c 119.04 2.08 1580.46 5.02 1.21 0 0 1 0.420 19.00 3.91
hero_pine_b 127.66 1.73 1580.34 0.48 0.97 0 0 1 0.300 14.00 4.13
hero_pine_a 135.81 1.49 1585.89 6.27 1.03 0 0 1 0.340 17.00 4.12
hero_pine_b 143.36 1.13 1585.06 5.79 1.10 0 0 1 0.300 14.00 4.13
hero_birch_a -144.53 3.17 1590.89 2.19 0.99 0 0 1 0.200 13.23 4.86
hero_pine_a -138.30 4.16 1591.69 6.08 1.01 0 0 1 0.340 17.00 4.12
hero_pine_b -127.79 5.80 1594.48 1.09 1.34 0 0 1 0.300 14.00 4.13
hero_pine_a -117.61 7.58 1590.19 1.55 1.18 0 0 1 0.340 17.00 4.12
hero_oak_c -112.04 8.45 1592.85 2.76 1.06 0 0 1 0.620 16.21 10.57
hero_birch_b -102.19 9.89 1594.97 3.73 1.02 0 0 1 0.220 14.31 7.20
hero_spruce_c -89.06 11.62 1593.08 1.67 1.29 0 0 1 0.420 19.00 3.91
hero_oak_c -78.36 12.78 1591.49 0.92 1.10 0 0 1 0.620 16.21 10.57
hero_oak_a -71.59 13.09 1595.03 0.55 0.98 0 0 1 0.550 13.74 8.57
hero_birch_b 43.02 5.82 1594.57 4.95 1.11 0 0 1 0.220 14.31 7.20
hero_pine_a 50.56 5.57 1587.95 3.46 1.27 0 0 1 0.340 17.00 4.12
hero_pine_b 55.94 5.00 1593.46 1.16 1.12 0 0 1 0.300 14.00 4.13
hero_spruce_b 70.74 4.18 1593.61 6.16 1.34 0 0 1 0.320 13.00 3.84
hero_spruce_c 76.13 4.02 1588.83 0.91 1.21 0 0 1 0.420 19.00 3.91
hero_spruce_b 96.53 3.13 1593.49 3.98 1.32 0 0 1 0.320 13.00 3.84
hero_pine_a 100.46 2.97 1588.17 1.84 1.19 0 0 1 0.340 17.00 4.12
hero_oak_b 109.88 2.60 1588.64 1.92 1.17 0 0 1 0.480 10.11 6.89
hero_pine_a 120.68 2.20 1593.08 4.04 1.33 0 0 1 0.340 17.00 4.12
hero_oak_c 127.07 1.88 1588.48 2.71 1.32 0 0 1 0.620 16.21 10.57
hero_spruce_a 138.49 1.43 1588.61 2.06 0.97 0 0 1 0.380 16.00 3.90
hero_birch_b 141.15 1.32 1590.52 6.25 1.24 0 0 1 0.220 14.31 7.20
hero_spruce_b -144.57 2.98 1596.89 5.29 1.16 0 0 1 0.320 13.00 3.84
hero_spruce_c -133.97 4.54 1601.78 1.03 1.04 0 0 1 0.420 19.00 3.91
hero_spruce_c -127.73 5.49 1603.50 5.38 1.30 0 0 1 0.420 19.00 3.91
hero_birch_b -117.40 7.26 1602.48 3.79 1.26 0 0 1 0.220 14.31 7.20
hero_pine_b -113.49 8.04 1599.53 3.99 1.00 0 0 1 0.300 14.00 4.13
hero_oak_b -101.06 9.87 1599.83 2.16 0.99 0 0 1 0.480 10.11 6.89
hero_pine_b -94.70 10.78 1597.52 4.06 1.24 0 0 1 0.300 14.00 4.13
hero_spruce_b -85.82 11.45 1603.06 3.38 1.34 0 0 1 0.320 13.00 3.84
hero_birch_a -75.43 12.28 1603.11 2.38 1.17 0 0 1 0.200 13.23 4.86
hero_oak_b -66.55 12.67 1603.40 3.50 1.08 0 0 1 0.480 10.11 6.89
hero_spruce_a -60.54 13.26 1598.13 4.85 1.19 0 0 1 0.380 16.00 3.90
hero_spruce_c 34.40 5.79 1603.51 0.88 1.09 0 0 1 0.420 19.00 3.91
hero_spruce_c 41.76 5.43 1601.36 2.80 1.32 0 0 1 0.420 19.00 3.91
hero_spruce_a 53.40 4.83 1599.95 2.36 1.15 0 0 1 0.380 16.00 3.90
hero_pine_b 58.04 4.46 1602.40 3.10 1.23 0 0 1 0.300 14.00 4.13
hero_pine_a 67.13 4.21 1598.58 2.19 1.20 0 0 1 0.340 17.00 4.12
hero_spruce_a 74.87 3.93 1596.73 4.10 1.20 0 0 1 0.380 16.00 3.90
hero_oak_b 82.79 3.62 1597.75 3.18 1.01 0 0 1 0.480 10.11 6.89
hero_spruce_b 93.16 3.25 1598.49 0.57 0.99 0 0 1 0.320 13.00 3.84
hero_oak_c 102.28 2.94 1599.31 5.14 0.96 0 0 1 0.620 16.21 10.57
hero_oak_c 107.84 2.71 1599.42 1.77 1.28 0 0 1 0.620 16.21 10.57
hero_pine_b 119.20 2.32 1602.03 6.05 1.21 0 0 1 0.300 14.00 4.13
hero_spruce_c 138.91 1.59 1603.05 3.59 1.28 0 0 1 0.420 19.00 3.91
hero_pine_a 144.70 1.28 1596.77 2.47 1.30 0 0 1 0.340 17.00 4.12
hero_birch_a -133.02 4.47 1606.07 1.15 1.08 0 0 1 0.200 13.23 4.86
hero_pine_a -131.21 4.37 1611.75 6.28 1.34 0 0 1 0.340 17.00 4.12
hero_spruce_a -116.10 7.31 1605.80 1.26 1.19 0 0 1 0.380 16.00 3.90
hero_spruce_b -109.75 8.22 1607.39 4.59 1.07 0 0 1 0.320 13.00 3.84
hero_birch_b -102.49 9.08 1610.05 4.68 1.04 0 0 1 0.220 14.31 7.20
hero_oak_b -95.24 10.01 1609.84 1.47 1.06 0 0 1 0.480 10.11 6.89
hero_spruce_a -88.08 10.87 1608.65 1.58 1.09 0 0 1 0.380 16.00 3.90
hero_spruce_c -78.23 11.70 1607.94 4.83 1.25 0 0 1 0.420 19.00 3.91
hero_spruce_a -72.04 11.99 1608.62 5.03 1.20 0 0 1 0.380 16.00 3.90
hero_spruce_a -61.26 11.97 1611.32 5.26 1.04 0 0 1 0.380 16.00 3.90
hero_spruce_a 34.87 5.44 1606.96 2.37 1.19 0 0 1 0.380 16.00 3.90
hero_pine_b 41.41 4.86 1609.10 2.98 1.11 0 0 1 0.300 14.00 4.13
hero_oak_a 49.86 4.65 1606.01 1.31 1.04 0 0 1 0.550 13.74 8.57
hero_spruce_c 56.21 4.28 1606.89 2.16 1.31 0 0 1 0.420 19.00 3.91
hero_spruce_a 66.89 3.90 1607.06 2.23 1.01 0 0 1 0.380 16.00 3.90
hero_spruce_c 73.60 3.50 1611.78 2.88 1.05 0 0 1 0.420 19.00 3.91
hero_birch_b 91.07 3.23 1605.05 2.95 1.05 0 0 1 0.220 14.31 7.20
hero_spruce_b 98.63 2.92 1610.62 3.71 1.25 0 0 1 0.320 13.00 3.84
hero_spruce_b 119.45 2.34 1605.87 1.34 1.13 0 0 1 0.320 13.00 3.84
hero_spruce_b -143.94 1.39 1620.04 0.75 1.33 0 0 1 0.320 13.00 3.84
hero_pine_b -139.71 2.56 1615.97 1.84 1.10 0 0 1 0.300 14.00 4.13
hero_pine_b -130.96 4.28 1613.64 4.28 1.16 0 0 1 0.300 14.00 4.13
hero_birch_a -115.95 6.73 1614.53 3.75 1.17 0 0 1 0.200 13.23 4.86
hero_spruce_c -109.72 7.20 1619.88 4.86 1.28 0 0 1 0.420 19.00 3.91
hero_pine_a -97.29 9.30 1615.56 3.62 1.04 0 0 1 0.340 17.00 4.12
hero_spruce_a -88.48 9.72 1620.44 4.20 1.09 0 0 1 0.380 16.00 3.90
hero_spruce_c -57.85 11.67 1613.62 4.75 1.30 0 0 1 0.420 19.00 3.91
hero_spruce_c 42.60 4.34 1614.42 4.98 1.04 0 0 1 0.420 19.00 3.91
hero_spruce_a 48.41 3.64 1619.77 0.52 1.23 0 0 1 0.380 16.00 3.90
hero_oak_c 59.71 3.60 1616.40 0.12 1.08 0 0 1 0.620 16.21 10.57
hero_spruce_c 65.84 3.27 1619.74 4.07 1.17 0 0 1 0.420 19.00 3.91
hero_spruce_c 76.96 3.13 1619.65 3.02 1.09 0 0 1 0.420 19.00 3.91
hero_pine_b 81.93 3.18 1616.07 4.93 1.02 0 0 1 0.300 14.00 4.13
hero_spruce_c 95.41 2.89 1617.87 4.36 1.25 0 0 1 0.420 19.00 3.91
hero_oak_b 99.62 2.81 1620.40 3.30 1.12 0 0 1 0.480 10.11 6.89
hero_spruce_c 107.00 2.71 1615.43 4.27 0.95 0 0 1 0.420 19.00 3.91
hero_oak_b 116.11 2.49 1619.00 3.14 0.95 0 0 1 0.480 10.11 6.89
hero_birch_b 126.40 2.19 1616.73 0.53 0.98 0 0 1 0.220 14.31 7.20
hero_oak_a 137.72 1.85 1618.16 3.37 1.21 0 0 1 0.550 13.74 8.57
hero_oak_a 143.08 1.62 1614.02 5.89 1.08 0 0 1 0.550 13.74 8.57
hero_birch_a -133.09 2.68 1625.71 0.32 1.18 0 0 1 0.200 13.23 4.86
hero_spruce_a -125.92 3.74 1627.40 4.12 1.27 0 0 1 0.380 16.00 3.90
hero_oak_a -120.15 5.31 1622.33 5.93 1.19 0 0 1 0.550 13.74 8.57
hero_oak_b -112.50 6.36 1624.13 1.66 1.04 0 0 1 0.480 10.11 6.89
hero_birch_a -100.63 8.13 1622.92 2.23 1.21 0 0 1 0.200 13.23 4.86
hero_oak_b -96.86 8.12 1627.08 4.32 0.96 0 0 1 0.480 10.11 6.89
hero_spruce_b -89.00 9.08 1625.41 2.67 1.18 0 0 1 0.320 13.00 3.84
hero_pine_a -79.60 10.01 1623.49 5.90 1.06 0 0 1 0.340 17.00 4.12
hero_spruce_c -66.22 9.74 1628.37 1.78 1.02 0 0 1 0.420 19.00 3.91
hero_birch_a 40.59 3.09 1628.16 0.96 0.97 0 0 1 0.200 13.23 4.86
hero_birch_a 50.36 3.13 1625.09 2.46 1.33 0 0 1 0.200 13.23 4.86
hero_birch_b 56.58 3.00 1625.90 4.16 1.06 0 0 1 0.220 14.31 7.20
hero_spruce_c 66.54 2.82 1627.39 1.88 1.22 0 0 1 0.420 19.00 3.91
hero_spruce_b 75.61 2.86 1626.90 4.95 0.95 0 0 1 0.320 13.00 3.84
hero_oak_a 81.74 2.82 1626.61 3.74 1.28 0 0 1 0.550 13.74 8.57
hero_oak_c 99.80 2.74 1627.83 2.56 1.14 0 0 1 0.620 16.21 10.57
hero_spruce_b 111.90 2.62 1627.98 1.80 0.96 0 0 1 0.320 13.00 3.84
hero_oak_b 121.35 2.40 1625.02 2.59 1.13 0 0 1 0.480 10.11 6.89
hero_spruce_a 138.60 1.99 1626.11 1.18 1.24 0 0 1 0.380 16.00 3.90
hero_oak_b 142.60 1.79 1622.59 3.94 1.23 0 0 1 0.480 10.11 6.89
hero_birch_b -138.95 0.99 1630.86 5.66 1.25 0 0 1 0.220 14.31 7.20
hero_pine_b -126.81 2.60 1635.08 4.82 1.12 0 0 1 0.300 14.00 4.13
hero_spruce_c -117.19 4.68 1631.72 3.60 1.10 0 0 1 0.420 19.00 3.91
hero_birch_a -107.73 6.07 1632.03 2.10 1.26 0 0 1 0.200 13.23 4.86
hero_oak_a -99.76 6.43 1636.90 2.07 1.08 0 0 1 0.550 13.74 8.57
hero_oak_a -96.58 7.58 1631.25 2.89 1.18 0 0 1 0.550 13.74 8.57
hero_oak_a -67.86 9.19 1631.77 3.28 1.35 0 0 1 0.550 13.74 8.57
hero_pine_a -61.30 8.81 1633.90 0.15 1.32 0 0 1 0.340 17.00 4.12
hero_pine_a 49.69 2.59 1631.75 2.48 0.99 0 0 1 0.340 17.00 4.12
hero_oak_a 59.08 2.58 1631.18 4.10 1.27 0 0 1 0.550 13.74 8.57
hero_spruce_a 65.86 2.50 1632.70 1.37 1.34 0 0 1 0.380 16.00 3.90
hero_spruce_a 76.18 2.60 1632.80 3.10 1.03 0 0 1 0.380 16.00 3.90
hero_birch_a 82.67 2.61 1634.08 2.07 1.07 0 0 1 0.200 13.23 4.86
hero_pine_a 91.45 2.71 1631.34 4.70 1.20 0 0 1 0.340 17.00 4.12
hero_spruce_c 99.01 2.70 1632.66 0.83 1.29 0 0 1 0.420 19.00 3.91
hero_oak_a 112.91 2.68 1635.47 1.57 1.10 0 0 1 0.550 13.74 8.57
hero_pine_b 127.81 2.55 1636.72 3.76 1.03 0 0 1 0.300 14.00 4.13
hero_spruce_b 133.64 2.41 1636.44 2.86 1.34 0 0 1 0.320 13.00 3.84
hero_pine_a -128.22 1.62 1640.07 0.70 1.24 0 0 1 0.340 17.00 4.12
hero_oak_c -117.68 3.49 1639.53 4.21 1.20 0 0 1 0.620 16.21 10.57
hero_pine_b -110.73 3.73 1644.86 2.11 1.30 0 0 1 0.300 14.00 4.13
hero_spruce_b -100.25 5.83 1640.40 1.52 1.26 0 0 1 0.320 13.00 3.84
hero_spruce_a -82.30 6.53 1645.39 4.92 1.23 0 0 1 0.380 16.00 3.90
hero_birch_a -80.20 7.63 1639.68 6.07 1.07 0 0 1 0.200 13.23 4.86
hero_oak_a -71.79 7.82 1640.11 0.53 1.01 0 0 1 0.550 13.74 8.57
hero_oak_a -61.04 6.89 1644.80 4.65 1.30 0 0 1 0.550 13.74 8.57
hero_oak_c 40.60 1.60 1641.51 0.32 1.27 0 0 1 0.620 16.21 10.57
hero_spruce_c 67.01 1.99 1641.91 3.32 1.05 0 0 1 0.420 19.00 3.91
hero_pine_a 88.07 2.49 1641.92 0.39 1.21 0 0 1 0.340 17.00 4.12
hero_spruce_a 93.02 2.60 1642.45 0.10 1.01 0 0 1 0.380 16.00 3.90
hero_pine_a 104.25 2.75 1643.67 5.40 1.26 0 0 1 0.340 17.00 4.12
hero_spruce_a 113.26 2.81 1642.59 1.62 1.07 0 0 1 0.380 16.00 3.90
hero_spruce_a 119.35 2.78 1641.89 4.12 1.22 0 0 1 0.380 16.00 3.90
hero_oak_b 130.08 2.88 1645.43 0.35 0.95 0 0 1 0.480 10.11 6.89
hero_oak_c 135.63 2.76 1644.52 5.01 1.08 0 0 1 0.620 16.21 10.57
hero_birch_b -125.49 0.72 1649.00 2.15 1.14 0 0 1 0.220 14.31 7.20
hero_pine_a -109.03 3.30 1649.05 6.27 1.15 0 0 1 0.340 17.00 4.12
hero_pine_b -99.59 3.70 1653.69 0.34 1.00 0 0 1 0.300 14.00 4.13
hero_birch_a -94.15 4.57 1651.75 1.38 1.18 0 0 1 0.200 13.23 4.86
hero_birch_b -88.06 5.09 1651.62 5.71 1.17 0 0 1 0.220 14.31 7.20
hero_oak_b -73.48 5.80 1651.04 3.43 1.17 0 0 1 0.480 10.11 6.89
hero_spruce_a -67.01 5.28 1653.82 0.92 1.24 0 0 1 0.380 16.00 3.90
hero_birch_b 44.24 0.56 1651.24 5.41 1.02 0 0 1 0.220 14.31 7.20
hero_spruce_c 49.49 0.69 1651.45 2.66 1.01 0 0 1 0.420 19.00 3.91
hero_spruce_b 67.16 1.26 1653.33 5.85 1.27 0 0 1 0.320 13.00 3.84
hero_oak_c 78.84 1.96 1650.03 4.05 1.28 0 0 1 0.620 16.21 10.57
hero_oak_c 83.27 2.23 1647.96 1.95 0.98 0 0 1 0.620 16.21 10.57
hero_birch_a 89.67 2.38 1650.93 5.83 1.20 0 0 1 0.200 13.23 4.86
hero_pine_b 102.96 2.79 1648.25 0.65 1.10 0 0 1 0.300 14.00 4.13
hero_birch_a 112.40 3.08 1653.06 4.91 1.15 0 0 1 0.200 13.23 4.86
hero_birch_b 118.71 3.21 1653.70 1.50 1.13 0 0 1 0.220 14.31 7.20
hero_oak_a 132.18 3.32 1654.09 0.24 1.15 0 0 1 0.550 13.74 8.57
hero_oak_c -144.61 -4.41 1660.95 2.77 1.11 0 0 1 0.620 16.21 10.57
hero_spruce_c -137.73 -2.92 1658.67 3.38 1.12 0 0 1 0.420 19.00 3.91
hero_spruce_a -126.43 -0.68 1656.52 0.68 1.33 0 0 1 0.380 16.00 3.90
hero_spruce_c -120.62 -0.25 1659.72 0.37 1.25 0 0 1 0.420 19.00 3.91
hero_spruce_b -113.76 0.79 1659.95 1.70 0.98 0 0 1 0.320 13.00 3.84
hero_oak_a -103.57 1.86 1661.40 5.59 1.16 0 0 1 0.550 13.74 8.57
hero_pine_b -93.50 3.17 1659.78 4.78 1.12 0 0 1 0.300 14.00 4.13
hero_oak_c -85.38 3.73 1659.84 3.42 1.05 0 0 1 0.620 16.21 10.57
hero_spruce_a -74.45 3.69 1661.87 0.92 1.15 0 0 1 0.380 16.00 3.90
hero_spruce_a -70.82 4.39 1658.43 1.00 1.16 0 0 1 0.380 16.00 3.90
hero_spruce_a -58.41 4.43 1656.99 2.24 1.33 0 0 1 0.380 16.00 3.90
hero_spruce_b -54.85 3.36 1661.48 4.91 1.26 0 0 1 0.320 13.00 3.84
hero_pine_a 50.87 -0.05 1658.94 5.23 1.29 0 0 1 0.340 17.00 4.12
hero_pine_b 61.12 0.61 1657.74 3.17 1.27 0 0 1 0.300 14.00 4.13
hero_spruce_a 65.06 0.86 1657.64 5.88 1.12 0 0 1 0.380 16.00 3.90
hero_spruce_a 83.16 1.83 1661.03 1.76 1.11 0 0 1 0.380 16.00 3.90
hero_oak_a 94.61 2.52 1661.52 2.77 1.19 0 0 1 0.550 13.74 8.57
hero_pine_a 103.95 2.90 1656.24 4.78 1.33 0 0 1 0.340 17.00 4.12
hero_oak_a 108.04 3.07 1656.74 4.32 1.12 0 0 1 0.550 13.74 8.57
hero_pine_a 119.77 3.44 1658.94 1.93 1.32 0 0 1 0.340 17.00 4.12
hero_pine_a 129.80 3.65 1659.32 1.46 1.09 0 0 1 0.340 17.00 4.12
hero_spruce_a 135.92 3.80 1661.05 4.39 1.33 0 0 1 0.380 16.00 3.90
hero_pine_b 141.49 3.79 1660.25 3.05 0.97 0 0 1 0.300 14.00 4.13
hero_spruce_c -134.53 -3.63 1666.67 1.27 1.35 0 0 1 0.420 19.00 3.91
hero_spruce_a -127.85 -3.18 1670.87 0.85 1.24 0 0 1 0.380 16.00 3.90
hero_spruce_b -116.81 -1.61 1671.46 5.04 1.14 0 0 1 0.320 13.00 3.84
hero_oak_b -111.87 -0.14 1666.79 4.61 1.19 0 0 1 0.480 10.11 6.89
hero_oak_b -99.90 1.09 1667.94 1.96 1.12 0 0 1 0.480 10.11 6.89
hero_oak_b -96.04 1.11 1669.77 5.86 1.18 0 0 1 0.480 10.11 6.89
hero_spruce_b -84.89 1.90 1669.44 0.09 1.23 0 0 1 0.320 13.00 3.84
hero_oak_c -73.60 2.37 1668.50 0.31 1.19 0 0 1 0.620 16.21 10.57
hero_birch_a -68.73 2.62 1667.19 3.59 1.22 0 0 1 0.200 13.23 4.86
hero_oak_a -62.20 2.87 1665.34 4.15 1.15 0 0 1 0.550 13.74 8.57
hero_pine_b -49.55 2.33 1665.04 0.39 1.11 0 0 1 0.300 14.00 4.13
hero_spruce_c 51.25 -1.06 1668.73 1.91 1.05 0 0 1 0.420 19.00 3.91
hero_oak_a 58.08 -0.21 1665.22 2.29 1.07 0 0 1 0.550 13.74 8.57
hero_spruce_a 65.13 -0.09 1670.06 0.90 1.28 0 0 1 0.380 16.00 3.90
hero_spruce_c 76.32 1.11 1666.22 0.99 1.27 0 0 1 0.420 19.00 3.91
hero_birch_a 80.98 1.29 1671.03 1.25 1.22 0 0 1 0.200 13.23 4.86
hero_birch_b 90.02 2.20 1664.94 3.68 1.17 0 0 1 0.220 14.31 7.20
hero_pine_b 100.17 2.90 1668.68 5.73 0.97 0 0 1 0.300 14.00 4.13
hero_birch_a 113.36 3.65 1668.32 0.12 1.17 0 0 1 0.200 13.23 4.86
hero_pine_a 115.06 3.57 1664.73 2.74 1.22 0 0 1 0.340 17.00 4.12
hero_oak_c 130.11 4.32 1669.05 6.27 1.27 0 0 1 0.620 16.21 10.57
hero_spruce_c 132.04 4.28 1667.52 5.90 0.97 0 0 1 0.420 19.00 3.91
hero_birch_a -141.54 -6.39 1679.20 1.73 1.24 0 0 1 0.200 13.23 4.86
hero_birch_b -137.58 -5.84 1679.44 4.13 1.20 0 0 1 0.220 14.31 7.20
hero_pine_a -127.31 -4.04 1677.40 4.20 1.06 0 0 1 0.340 17.00 4.12
hero_spruce_c -120.09 -2.88 1676.73 0.06 0.99 0 0 1 0.420 19.00 3.91
hero_spruce_b -101.91 -0.69 1676.71 1.70 1.32 0 0 1 0.320 13.00 3.84
hero_spruce_a -94.14 0.45 1674.33 0.88 0.96 0 0 1 0.380 16.00 3.90
hero_spruce_b -87.08 0.11 1678.51 0.67 1.05 0 0 1 0.320 13.00 3.84
hero_birch_b -76.31 0.74 1676.77 2.13 0.99 0 0 1 0.220 14.31 7.20
hero_pine_a -68.05 1.04 1675.05 3.46 1.09 0 0 1 0.340 17.00 4.12
hero_spruce_a -60.54 1.23 1673.09 6.19 1.07 0 0 1 0.380 16.00 3.90
hero_birch_b -54.92 0.55 1675.16 3.18 0.96 0 0 1 0.220 14.31 7.20
hero_oak_c 49.48 -2.30 1677.88 2.44 1.27 0 0 1 0.620 16.21 10.57
hero_pine_a 56.77 -1.77 1679.63 2.58 0.97 0 0 1 0.340 17.00 4.12
hero_spruce_b 66.31 -0.35 1674.66 1.45 1.22 0 0 1 0.320 13.00 3.84
hero_pine_b 74.53 0.18 1679.48 1.31 1.13 0 0 1 0.300 14.00 4.13
hero_birch_b 85.08 1.48 1676.28 3.02 1.24 0 0 1 0.220 14.31 7.20
hero_spruce_b 95.86 2.54 1676.57 4.15 1.09 0 0 1 0.320 13.00 3.84
hero_spruce_a 98.71 2.79 1674.48 1.16 1.21 0 0 1 0.380 16.00 3.90
hero_spruce_c 118.11 4.15 1673.63 2.72 1.01 0 0 1 0.420 19.00 3.91
hero_pine_b 124.17 4.77 1678.54 1.30 0.96 0 0 1 0.300 14.00 4.13
hero_birch_a 136.20 5.36 1679.24 4.61 1.15 0 0 1 0.200 13.23 4.86
hero_oak_a 142.42 5.28 1676.56 5.10 1.19 0 0 1 0.550 13.74 8.57
hero_spruce_b -133.28 -5.94 1685.60 3.84 1.17 0 0 1 0.320 13.00 3.84
hero_birch_b -125.20 -4.73 1684.92 2.24 0.96 0 0 1 0.220 14.31 7.20
hero_spruce_c -116.82 -3.52 1683.81 2.26 1.34 0 0 1 0.420 19.00 3.91
hero_oak_c -114.00 -3.20 1684.24 4.07 1.06 0 0 1 0.620 16.21 10.57
hero_oak_a -105.79 -2.56 1686.12 1.73 1.04 0 0 1 0.550 13.74 8.57
hero_spruce_b -92.10 -1.00 1683.26 2.44 1.04 0 0 1 0.320 13.00 3.84
hero_pine_b -82.57 -0.49 1682.53 1.99 1.35 0 0 1 0.300 14.00 4.13
hero_pine_b -73.82 -1.41 1688.13 1.91 1.28 0 0 1 0.300 14.00 4.13
hero_pine_b -69.18 -0.28 1681.77 2.87 1.29 0 0 1 0.300 14.00 4.13
hero_spruce_b -62.38 -0.60 1682.35 0.39 1.35 0 0 1 0.320 13.00 3.84
hero_spruce_c -49.72 -1.94 1685.76 4.08 1.24 0 0 1 0.420 19.00 3.91
hero_spruce_b 51.40 -2.66 1682.52 4.06 1.00 0 0 1 0.320 13.00 3.84
hero_pine_b 63.95 -1.21 1681.52 1.97 1.21 0 0 1 0.300 14.00 4.13
hero_oak_b 77.01 -0.16 1688.41 4.70 1.35 0 0 1 0.480 10.11 6.89
hero_pine_a 82.50 0.78 1685.32 2.57 1.16 0 0 1 0.340 17.00 4.12
hero_birch_a 91.87 2.04 1682.22 3.12 1.09 0 0 1 0.200 13.23 4.86
hero_spruce_c 100.49 2.97 1683.72 2.26 1.06 0 0 1 0.420 19.00 3.91
hero_spruce_c 108.26 3.82 1687.91 0.38 1.18 0 0 1 0.420 19.00 3.91
hero_oak_c 119.83 4.77 1683.77 4.14 1.09 0 0 1 0.620 16.21 10.57
hero_spruce_c 129.43 5.58 1686.08 2.29 1.10 0 0 1 0.420 19.00 3.91
hero_pine_b 138.52 5.67 1681.52 6.15 1.00 0 0 1 0.300 14.00 4.13
hero_pine_a -137.47 -7.26 1693.60 2.37 1.22 0 0 1 0.340 17.00 4.12
hero_spruce_b -125.48 -5.49 1690.81 4.15 1.25 0 0 1 0.320 13.00 3.84
hero_pine_b -120.50 -4.85 1690.66 6.04 1.32 0 0 1 0.300 14.00 4.13
hero_spruce_c -109.37 -4.34 1696.97 4.90 0.96 0 0 1 0.420 19.00 3.91
hero_pine_b -102.58 -3.29 1693.15 2.95 1.15 0 0 1 0.300 14.00 4.13
hero_birch_a -91.27 -2.45 1692.44 4.12 1.03 0 0 1 0.200 13.23 4.86
hero_pine_b -77.91 -2.48 1694.56 6.05 1.24 0 0 1 0.300 14.00 4.13
hero_oak_b -65.87 -2.59 1693.92 5.52 1.17 0 0 1 0.480 10.11 6.89
hero_pine_a -60.02 -3.20 1695.93 5.96 1.18 0 0 1 0.340 17.00 4.12
hero_birch_b -51.69 -2.71 1690.61 5.34 0.99 0 0 1 0.220 14.31 7.20
hero_birch_a 52.07 -4.06 1694.14 4.31 0.99 0 0 1 0.200 13.23 4.86
hero_spruce_b 60.21 -3.03 1694.30 6.09 1.12 0 0 1 0.320 13.00 3.84
hero_spruce_a 75.51 -0.93 1695.36 3.88 1.33 0 0 1 0.380 16.00 3.90
hero_spruce_a 86.00 0.69 1695.59 1.47 1.06 0 0 1 0.380 16.00 3.90
hero_spruce_b 95.85 2.24 1693.15 3.73 1.11 0 0 1 0.320 13.00 3.84
hero_spruce_b 102.53 3.14 1691.40 1.27 1.31 0 0 1 0.320 13.00 3.84
hero_pine_b 109.09 3.99 1695.50 2.69 1.07 0 0 1 0.300 14.00 4.13
hero_birch_b 118.72 5.12 1694.74 3.96 1.09 0 0 1 0.220 14.31 7.20
hero_spruce_b 123.73 5.74 1696.94 2.58 1.21 0 0 1 0.320 13.00 3.84
hero_spruce_a 133.90 6.64 1696.36 4.78 1.22 0 0 1 0.380 16.00 3.90
hero_oak_c -142.85 -8.41 1703.47 3.28 0.98 0 0 1 0.620 16.21 10.57
hero_pine_b -135.29 -7.65 1703.31 4.29 1.28 0 0 1 0.300 14.00 4.13
hero_birch_b -116.96 -5.72 1703.32 5.72 1.12 0 0 1 0.220 14.31 7.20
hero_spruce_c -112.30 -5.16 1701.93 4.09 1.27 0 0 1 0.420 19.00 3.91
hero_spruce_a -102.39 -4.17 1700.32 5.37 1.06 0 0 1 0.380 16.00 3.90
hero_spruce_c -96.62 -4.20 1703.72 3.85 0.96 0 0 1 0.420 19.00 3.91
hero_birch_a -74.90 -4.11 1705.43 5.53 1.10 0 0 1 0.200 13.23 4.86
hero_spruce_a -66.65 -4.32 1705.14 2.39 1.00 0 0 1 0.380 16.00 3.90
hero_pine_a -57.82 -3.87 1699.15 6.07 1.27 0 0 1 0.340 17.00 4.12
hero_spruce_c -49.25 -5.26 1704.26 0.64 1.04 0 0 1 0.420 19.00 3.91
hero_spruce_a 51.62 -4.76 1699.01 5.70 1.04 0 0 1 0.380 16.00 3.90
hero_birch_b 60.50 -3.79 1700.94 5.73 1.20 0 0 1 0.220 14.31 7.20
hero_spruce_a 68.91 -2.91 1705.03 3.04 0.97 0 0 1 0.380 16.00 3.90
hero_spruce_c 79.02 -1.09 1703.91 4.24 1.17 0 0 1 0.420 19.00 3.91
hero_oak_b 82.08 -0.42 1702.19 4.16 1.10 0 0 1 0.480 10.11 6.89
hero_spruce_a 89.85 0.85 1702.78 0.95 1.14 0 0 1 0.380 16.00 3.90
hero_pine_a 98.55 2.35 1701.10 2.90 1.30 0 0 1 0.340 17.00 4.12
hero_spruce_a 112.89 4.50 1701.20 2.61 1.29 0 0 1 0.380 16.00 3.90
hero_spruce_c 130.51 6.52 1699.24 0.95 1.31 0 0 1 0.420 19.00 3.91
hero_oak_c 138.18 7.22 1699.28 4.80 1.00 0 0 1 0.620 16.21 10.57
hero_birch_a -138.07 -8.13 1709.05 3.37 1.16 0 0 1 0.200 13.23 4.86
hero_spruce_a -128.95 -7.32 1711.19 4.13 1.01 0 0 1 0.380 16.00 3.90
hero_birch_a -116.01 -6.01 1708.53 2.61 0.99 0 0 1 0.200 13.23 4.86
hero_oak_c -113.68 -5.87 1709.48 1.89 0.96 0 0 1 0.620 16.21 10.57
hero_spruce_c -98.95 -5.03 1710.82 4.57 1.08 0 0 1 0.420 19.00 3.91
hero_oak_b -93.83 -4.57 1708.06 3.73 1.11 0 0 1 0.480 10.11 6.89
hero_pine_b -85.93 -4.57 1709.88 6.25 0.99 0 0 1 0.300 14.00 4.13
hero_spruce_b -77.37 -4.33 1707.48 6.11 1.05 0 0 1 0.320 13.00 3.84
hero_spruce_c -59.83 -5.66 1712.37 1.01 1.11 0 0 1 0.420 19.00 3.91
hero_oak_c -51.21 -6.09 1710.85 5.67 1.30 0 0 1 0.620 16.21 10.57
hero_spruce_c 52.43 -6.12 1709.63 3.29 1.27 0 0 1 0.420 19.00 3.91
hero_pine_a 55.45 -5.42 1707.76 2.71 1.22 0 0 1 0.340 17.00 4.12
hero_pine_b 69.77 -3.76 1713.35 0.09 1.35 0 0 1 0.300 14.00 4.13
hero_spruce_c 78.73 -1.50 1707.73 2.18 1.11 0 0 1 0.420 19.00 3.91
hero_oak_c 82.77 -0.82 1708.48 2.31 0.98 0 0 1 0.620 16.21 10.57
hero_spruce_b 90.70 0.47 1710.80 0.09 0.97 0 0 1 0.320 13.00 3.84
hero_birch_a 104.70 3.05 1710.85 5.37 1.02 0 0 1 0.200 13.23 4.86
hero_spruce_b 111.51 4.21 1710.82 2.51 1.30 0 0 1 0.320 13.00 3.84
hero_pine_b 115.05 4.76 1713.25 1.86 1.28 0 0 1 0.300 14.00 4.13
hero_pine_a 138.38 8.16 1713.41 1.07 1.01 0 0 1 0.340 17.00 4.12
hero_oak_b 142.16 8.44 1711.82 0.70 1.32 0 0 1 0.480 10.11 6.89
hero_pine_a -142.45 -8.54 1716.23 1.72 0.99 0 0 1 0.340 17.00 4.12
hero_oak_c -128.97 -7.48 1722.16 1.51 1.04 0 0 1 0.620 16.21 10.57
hero_pine_b -120.98 -6.88 1718.43 3.26 1.29 0 0 1 0.300 14.00 4.13
hero_birch_a -112.48 -6.31 1719.18 1.50 1.25 0 0 1 0.200 13.23 4.86
hero_spruce_c -102.76 -5.79 1719.56 0.22 0.98 0 0 1 0.420 19.00 3.91
hero_birch_b -84.05 -5.36 1718.10 4.21 1.13 0 0 1 0.220 14.31 7.20
hero_oak_a -75.64 -5.86 1721.88 2.99 1.30 0 0 1 0.550 13.74 8.57
hero_birch_b -69.55 -6.15 1722.48 5.89 1.05 0 0 1 0.220 14.31 7.20
hero_spruce_b -60.34 -6.25 1717.77 1.54 1.10 0 0 1 0.320 13.00 3.84
hero_spruce_c -48.83 -7.00 1716.49 1.25 1.30 0 0 1 0.420 19.00 3.91
hero_spruce_b 49.03 -7.59 1716.78 1.69 1.29 0 0 1 0.320 13.00 3.84
hero_spruce_b 59.22 -6.11 1717.32 5.00 1.33 0 0 1 0.320 13.00 3.84
hero_birch_a 68.70 -4.91 1721.34 4.51 1.05 0 0 1 0.200 13.23 4.86
hero_spruce_b 78.43 -3.00 1721.25 4.19 1.24 0 0 1 0.320 13.00 3.84
hero_pine_a 85.44 -1.07 1716.60 0.73 1.04 0 0 1 0.340 17.00 4.12
hero_birch_b 103.32 2.43 1717.40 6.14 1.26 0 0 1 0.220 14.31 7.20
hero_birch_a 107.14 3.18 1717.47 4.20 1.28 0 0 1 0.200 13.23 4.86
hero_spruce_a 124.86 6.36 1718.82 4.87 1.24 0 0 1 0.380 16.00 3.90
hero_spruce_a 136.26 8.08 1717.85 2.59 1.02 0 0 1 0.380 16.00 3.90
hero_spruce_a 140.73 8.53 1715.55 3.64 1.02 0 0 1 0.380 16.00 3.90
hero_spruce_c -135.81 -7.89 1726.29 5.37 1.17 0 0 1 0.420 19.00 3.91
hero_spruce_c -126.57 -7.31 1724.35 1.08 1.11 0 0 1 0.420 19.00 3.91
hero_spruce_b -117.92 -6.75 1724.96 3.01 1.14 0 0 1 0.320 13.00 3.84
hero_spruce_a -114.56 -6.58 1725.32 4.27 1.29 0 0 1 0.380 16.00 3.90
hero_pine_a -100.83 -6.12 1730.84 4.57 1.16 0 0 1 0.340 17.00 4.12
hero_birch_a -93.35 -5.99 1729.33 2.95 1.15 0 0 1 0.200 13.23 4.86
hero_spruce_a -88.08 -5.95 1727.79 5.24 1.21 0 0 1 0.380 16.00 3.90
hero_oak_c -80.20 -6.14 1728.40 3.86 1.26 0 0 1 0.620 16.21 10.57
hero_oak_c -66.38 -6.48 1724.00 1.04 1.29 0 0 1 0.620 16.21 10.57
hero_oak_b -60.80 -7.09 1727.47 3.80 1.12 0 0 1 0.480 10.11 6.89
hero_pine_b -52.46 -7.66 1726.29 2.78 1.18 0 0 1 0.300 14.00 4.13
hero_spruce_a -45.56 -8.51 1729.49 6.17 0.96 0 0 1 0.380 16.00 3.90
hero_spruce_a 50.20 -8.38 1724.00 5.31 0.96 0 0 1 0.380 16.00 3.90
hero_spruce_b 58.90 -7.71 1729.28 3.89 1.05 0 0 1 0.320 13.00 3.84
hero_spruce_c 70.40 -5.26 1726.56 4.75 1.27 0 0 1 0.420 19.00 3.91
hero_pine_b 78.31 -4.16 1730.73 4.20 1.23 0 0 1 0.300 14.00 4.13
hero_spruce_c 86.37 -2.13 1728.57 1.07 1.00 0 0 1 0.420 19.00 3.91
hero_spruce_a 93.36 -0.82 1730.63 3.02 1.31 0 0 1 0.380 16.00 3.90
hero_birch_b 103.08 1.78 1726.15 3.52 1.22 0 0 1 0.220 14.31 7.20
hero_oak_b 113.12 4.01 1725.04 6.24 1.04 0 0 1 0.480 10.11 6.89
hero_spruce_c 122.05 5.62 1728.73 2.13 1.33 0 0 1 0.420 19.00 3.91
hero_oak_b 135.03 8.03 1724.53 2.96 0.96 0 0 1 0.480 10.11 6.89
hero_spruce_a -133.59 -7.39 1735.11 3.60 1.10 0 0 1 0.380 16.00 3.90
hero_pine_a -128.71 -7.19 1734.59 2.23 1.33 0 0 1 0.340 17.00 4.12
hero_spruce_a -118.41 -6.59 1737.98 2.46 1.21 0 0 1 0.380 16.00 3.90
hero_birch_b -108.07 -6.30 1733.64 3.84 1.06 0 0 1 0.220 14.31 7.20
hero_pine_b -100.08 -6.14 1734.30 0.94 1.12 0 0 1 0.300 14.00 4.13
hero_birch_a -91.75 -6.13 1735.43 1.52 1.05 0 0 1 0.200 13.23 4.86
hero_pine_b -79.65 -6.41 1734.57 4.20 1.21 0 0 1 0.300 14.00 4.13
hero_oak_a -69.64 -6.84 1732.94 0.41 1.20 0 0 1 0.550 13.74 8.57
hero_oak_c -57.23 -7.81 1734.14 2.86 1.31 0 0 1 0.620 16.21 10.57
hero_oak_a -51.33 -8.26 1733.42 2.42 1.07 0 0 1 0.550 13.74 8.57
hero_oak_c -42.88 -9.30 1737.55 0.45 1.13 0 0 1 0.620 16.21 10.57
hero_spruce_b 50.32 -9.81 1735.20 5.85 0.97 0 0 1 0.320 13.00 3.84
hero_pine_a 56.85 -8.62 1733.48 5.65 1.26 0 0 1 0.340 17.00 4.12
hero_oak_c 65.39 -7.42 1735.86 2.64 1.20 0 0 1 0.620 16.21 10.57
hero_oak_c 77.93 -5.10 1737.83 3.94 0.97 0 0 1 0.620 16.21 10.57
hero_oak_a 85.14 -3.58 1738.31 0.20 1.28 0 0 1 0.550 13.74 8.57
hero_oak_c 96.03 -0.97 1737.92 6.19 1.18 0 0 1 0.620 16.21 10.57
hero_spruce_c 102.69 0.60 1738.41 0.19 0.97 0 0 1 0.420 19.00 3.91
hero_spruce_b 108.94 2.33 1735.91 0.19 0.96 0 0 1 0.320 13.00 3.84
hero_pine_a 121.19 5.03 1736.68 5.89 1.31 0 0 1 0.340 17.00 4.12
hero_pine_b 128.61 6.73 1734.22 1.70 1.14 0 0 1 0.300 14.00 4.13
hero_pine_a 135.58 7.88 1739.32 1.08 1.27 0 0 1 0.340 17.00 4.12
hero_birch_a -126.79 -6.74 1741.56 2.09 1.14 0 0 1 0.200 13.23 4.86
hero_oak_c -118.00 -6.20 1746.13 1.49 1.07 0 0 1 0.620 16.21 10.57
hero_spruce_c -111.01 -6.08 1746.34 1.37 1.33 0 0 1 0.420 19.00 3.91
hero_spruce_b -103.16 -6.02 1745.42 3.46 1.07 0 0 1 0.320 13.00 3.84
hero_oak_a -93.95 -6.08 1745.99 2.67 1.03 0 0 1 0.550 13.74 8.57
hero_pine_a -83.57 -6.37 1741.40 4.70 0.96 0 0 1 0.340 17.00 4.12
hero_pine_b -76.11 -6.75 1744.65 2.70 1.03 0 0 1 0.300 14.00 4.13
hero_pine_a -68.40 -7.27 1743.91 4.73 1.32 0 0 1 0.340 17.00 4.12
hero_oak_a -62.01 -7.76 1743.41 2.34 1.34 0 0 1 0.550 13.74 8.57
hero_oak_a -54.86 -8.33 1742.55 4.56 1.01 0 0 1 0.550 13.74 8.57
hero_spruce_a -45.19 -9.37 1744.90 3.61 1.27 0 0 1 0.380 16.00 3.90
hero_pine_b 49.23 -10.82 1742.32 0.23 1.10 0 0 1 0.300 14.00 4.13
hero_oak_a 55.55 -10.34 1746.15 3.08 1.04 0 0 1 0.550 13.74 8.57
hero_spruce_a 70.25 -7.43 1743.50 2.64 1.09 0 0 1 0.380 16.00 3.90
hero_birch_b 73.07 -6.99 1744.45 4.71 1.26 0 0 1 0.220 14.31 7.20
hero_pine_b 96.51 -1.98 1747.66 3.97 1.30 0 0 1 0.300 14.00 4.13
hero_birch_b 112.04 2.39 1743.28 0.87 1.04 0 0 1 0.220 14.31 7.20
hero_spruce_b 119.78 4.02 1746.07 6.18 1.05 0 0 1 0.320 13.00 3.84
hero_spruce_b 129.35 6.39 1744.05 3.83 1.00 0 0 1 0.320 13.00 3.84
hero_pine_b 137.21 7.85 1747.09 5.24 1.13 0 0 1 0.300 14.00 4.13
hero_oak_c 142.44 8.82 1747.55 0.56 1.35 0 0 1 0.620 16.21 10.57
hero_pine_a -144.99 -6.13 1754.11 1.89 1.30 0 0 1 0.340 17.00 4.12
hero_spruce_a -139.87 -5.91 1755.61 0.67 1.31 0 0 1 0.380 16.00 3.90
hero_spruce_b -130.44 -5.89 1754.08 2.03 1.12 0 0 1 0.320 13.00 3.84
hero_pine_a -111.65 -5.54 1755.98 5.42 1.16 0 0 1 0.340 17.00 4.12
hero_pine_a -102.64 -5.80 1751.96 5.76 1.26 0 0 1 0.340 17.00 4.12
hero_oak_c -84.84 -6.22 1753.92 4.09 1.22 0 0 1 0.620 16.21 10.57
hero_spruce_b -77.57 -6.64 1753.31 5.39 1.20 0 0 1 0.320 13.00 3.84
hero_birch_b -68.00 -7.32 1753.90 3.51 1.30 0 0 1 0.220 14.31 7.20
hero_oak_c -62.78 -7.72 1755.20 2.42 0.98 0 0 1 0.620 16.21 10.57
hero_spruce_b -52.91 -8.68 1750.79 3.74 1.19 0 0 1 0.320 13.00 3.84
hero_oak_a 52.95 -11.34 1751.88 4.95 1.20 0 0 1 0.550 13.74 8.57
hero_spruce_b 56.54 -10.83 1751.85 1.72 1.26 0 0 1 0.320 13.00 3.84
hero_birch_b 67.05 -9.19 1753.31 3.25 0.95 0 0 1 0.220 14.31 7.20
hero_spruce_c 77.78 -6.78 1750.97 1.63 1.13 0 0 1 0.420 19.00 3.91
hero_birch_b 85.81 -5.50 1755.40 2.34 1.14 0 0 1 0.220 14.31 7.20
hero_oak_b 92.86 -3.92 1756.26 5.78 1.27 0 0 1 0.480 10.11 6.89
hero_oak_c 103.92 -1.09 1756.33 2.16 1.02 0 0 1 0.620 16.21 10.57
hero_spruce_c 111.78 1.65 1749.72 0.35 1.28 0 0 1 0.420 19.00 3.91
hero_pine_b 115.56 2.33 1752.58 2.88 1.14 0 0 1 0.300 14.00 4.13
hero_oak_b 129.03 5.73 1751.90 3.48 1.01 0 0 1 0.480 10.11 6.89
hero_pine_b 131.94 6.42 1751.62 5.45 1.06 0 0 1 0.300 14.00 4.13
hero_spruce_b 141.64 8.25 1755.15 5.20 0.97 0 0 1 0.320 13.00 3.84
hero_spruce_a -138.80 -4.85 1764.88 0.75 1.32 0 0 1 0.380 16.00 3.90
hero_pine_b -126.40 -4.88 1764.29 0.01 1.23 0 0 1 0.300 14.00 4.13
hero_birch_b -116.68 -4.94 1763.87 3.89 1.32 0 0 1 0.220 14.31 7.20
hero_spruce_a -112.46 -5.06 1762.67 3.30 1.20 0 0 1 0.380 16.00 3.90
hero_spruce_c -99.20 -5.48 1759.43 2.57 1.07 0 0 1 0.420 19.00 3.91
hero_spruce_b -93.65 -5.55 1761.15 1.34 0.95 0 0 1 0.320 13.00 3.84
hero_pine_b -88.69 -5.86 1758.99 2.50 0.99 0 0 1 0.300 14.00 4.13
hero_spruce_c -78.60 -6.45 1758.55 5.97 1.21 0 0 1 0.420 19.00 3.91
hero_spruce_c -66.31 -7.35 1759.55 3.66 1.06 0 0 1 0.420 19.00 3.91
hero_birch_b -62.21 -7.70 1761.66 2.88 1.29 0 0 1 0.220 14.31 7.20
hero_oak_b -48.18 -9.07 1764.35 1.85 1.15 0 0 1 0.480 10.11 6.89
hero_spruce_c -45.96 -9.36 1760.39 6.24 1.01 0 0 1 0.420 19.00 3.91
hero_spruce_b 47.41 -12.64 1758.98 6.14 1.09 0 0 1 0.320 13.00 3.84
hero_oak_b 59.04 -11.44 1762.39 2.33 1.17 0 0 1 0.480 10.11 6.89
hero_spruce_b 67.88 -9.88 1761.03 3.17 1.15 0 0 1 0.320 13.00 3.84
hero_pine_a 77.86 -8.29 1764.53 4.28 1.04 0 0 1 0.340 17.00 4.12
hero_pine_a 82.24 -6.79 1759.46 2.68 1.05 0 0 1 0.340 17.00 4.12
hero_oak_a 92.82 -4.24 1759.06 2.87 1.04 0 0 1 0.550 13.74 8.57
hero_spruce_c 103.00 -1.89 1760.95 1.13 1.15 0 0 1 0.420 19.00 3.91
hero_birch_a 117.07 2.11 1758.41 2.38 1.06 0 0 1 0.200 13.23 4.86
hero_spruce_a 126.14 4.20 1760.53 4.93 1.11 0 0 1 0.380 16.00 3.90
hero_pine_a 134.92 6.37 1760.33 0.62 0.99 0 0 1 0.340 17.00 4.12
hero_spruce_c -144.26 -4.28 1769.15 5.85 1.05 0 0 1 0.420 19.00 3.91
hero_oak_c -133.30 -4.55 1767.11 0.33 0.96 0 0 1 0.620 16.21 10.57
hero_oak_a -127.51 -4.56 1767.23 1.94 1.11 0 0 1 0.550 13.74 8.57
hero_spruce_b -122.36 -4.36 1769.69 0.12 1.31 0 0 1 0.320 13.00 3.84
hero_spruce_a -110.06 -4.42 1770.86 5.75 0.99 0 0 1 0.380 16.00 3.90
hero_birch_b -105.29 -4.50 1772.01 3.51 1.34 0 0 1 0.220 14.31 7.20
hero_pine_b -95.54 -4.80 1772.80 2.45 0.97 0 0 1 0.300 14.00 4.13
hero_spruce_b -86.01 -5.47 1771.06 5.62 1.29 0 0 1 0.320 13.00 3.84
hero_spruce_a -77.59 -6.05 1771.33 4.28 1.24 0 0 1 0.380 16.00 3.90
hero_spruce_b -65.53 -7.10 1771.37 1.63 1.33 0 0 1 0.320 13.00 3.84
hero_oak_a -61.29 -7.64 1766.74 4.83 1.09 0 0 1 0.550 13.74 8.57
hero_oak_c -53.46 -8.28 1772.90 3.20 1.35 0 0 1 0.620 16.21 10.57
hero_birch_b 61.03 -11.71 1769.14 4.90 1.31 0 0 1 0.220 14.31 7.20
hero_pine_a 69.94 -10.45 1771.21 5.71 1.24 0 0 1 0.340 17.00 4.12
hero_oak_c 77.96 -8.81 1769.78 3.59 1.23 0 0 1 0.620 16.21 10.57
hero_pine_a 82.11 -7.94 1769.64 2.37 1.34 0 0 1 0.340 17.00 4.12
hero_birch_b 95.97 -4.56 1768.36 3.89 1.19 0 0 1 0.220 14.31 7.20
hero_oak_a 103.35 -2.88 1770.21 6.02 1.22 0 0 1 0.550 13.74 8.57
hero_pine_a 107.55 -1.85 1770.84 1.39 1.18 0 0 1 0.340 17.00 4.12
hero_birch_b 116.84 0.44 1772.36 1.74 1.35 0 0 1 0.220 14.31 7.20
hero_pine_a 128.50 3.98 1768.20 0.18 1.28 0 0 1 0.340 17.00 4.12
hero_spruce_a 133.94 5.37 1768.07 2.45 1.03 0 0 1 0.380 16.00 3.90
hero_oak_c 141.04 6.56 1772.45 2.94 1.22 0 0 1 0.620 16.21 10.57
hero_spruce_a -137.12 -3.19 1778.27 2.88 1.17 0 0 1 0.380 16.00 3.90
hero_pine_a -130.49 -3.28 1778.41 5.90 1.17 0 0 1 0.340 17.00 4.12
hero_pine_b -122.43 -3.37 1778.83 0.71 1.00 0 0 1 0.300 14.00 4.13
hero_spruce_b -114.39 -3.64 1778.42 2.51 1.14 0 0 1 0.320 13.00 3.84
hero_pine_a -105.04 -3.82 1780.12 5.96 1.08 0 0 1 0.340 17.00 4.12
hero_pine_a -97.56 -4.16 1780.68 2.72 1.13 0 0 1 0.340 17.00 4.12
hero_pine_b -83.80 -5.19 1778.67 4.16 1.20 0 0 1 0.300 14.00 4.13
hero_oak_a -65.58 -6.94 1775.02 1.51 1.20 0 0 1 0.550 13.74 8.57
hero_pine_b -59.75 -7.31 1780.46 0.65 1.27 0 0 1 0.300 14.00 4.13
hero_oak_a -53.40 -8.10 1777.21 3.23 1.12 0 0 1 0.550 13.74 8.57
hero_spruce_b 50.63 -13.53 1782.00 3.25 1.13 0 0 1 0.320 13.00 3.84
hero_pine_b 62.38 -12.26 1781.61 3.30 1.18 0 0 1 0.300 14.00 4.13
hero_oak_b 65.49 -11.50 1776.11 0.28 0.99 0 0 1 0.480 10.11 6.89
hero_spruce_a 74.71 -10.06 1777.32 5.57 1.08 0 0 1 0.380 16.00 3.90
hero_pine_b 86.32 -7.69 1776.96 3.92 1.05 0 0 1 0.300 14.00 4.13
hero_pine_b 91.79 -6.79 1780.52 5.20 1.13 0 0 1 0.300 14.00 4.13
hero_spruce_b 104.40 -3.26 1776.29 1.85 1.06 0 0 1 0.320 13.00 3.84
hero_spruce_a 109.62 -2.17 1778.82 5.23 1.12 0 0 1 0.380 16.00 3.90
hero_pine_b 119.84 0.58 1778.38 5.78 1.35 0 0 1 0.300 14.00 4.13
hero_spruce_b 134.13 4.44 1777.02 5.08 1.13 0 0 1 0.320 13.00 3.84
hero_oak_b -127.09 -2.16 1788.49 5.66 1.09 0 0 1 0.480 10.11 6.89
hero_oak_c -119.84 -2.64 1786.29 3.17 0.98 0 0 1 0.620 16.21 10.57
hero_oak_c -107.48 -2.82 1790.46 1.81 1.34 0 0 1 0.620 16.21 10.57
hero_spruce_a -103.24 -3.32 1787.20 0.92 1.16 0 0 1 0.380 16.00 3.90
hero_spruce_a -93.19 -4.04 1785.92 3.14 1.06 0 0 1 0.380 16.00 3.90
hero_oak_c -86.15 -4.40 1788.44 6.01 1.18 0 0 1 0.620 16.21 10.57
hero_pine_b -80.55 -4.99 1786.28 2.22 1.08 0 0 1 0.300 14.00 4.13
hero_oak_c -57.00 -7.15 1790.12 1.76 1.03 0 0 1 0.620 16.21 10.57
hero_pine_a 45.19 -14.00 1784.38 3.70 1.33 0 0 1 0.340 17.00 4.12
hero_spruce_b 48.66 -13.76 1785.27 4.20 1.06 0 0 1 0.320 13.00 3.84
hero_oak_a 61.47 -12.58 1786.96 3.36 1.05 0 0 1 0.550 13.74 8.57
hero_pine_a 64.51 -12.24 1787.73 5.12 1.11 0 0 1 0.340 17.00 4.12
hero_oak_b 76.37 -10.43 1787.49 2.68 1.07 0 0 1 0.480 10.11 6.89
hero_spruce_c 87.75 -8.09 1785.64 2.56 0.96 0 0 1 0.420 19.00 3.91
hero_pine_b 102.78 -4.61 1785.73 5.63 1.27 0 0 1 0.300 14.00 4.13
hero_spruce_a 113.07 -2.25 1788.67 2.85 1.21 0 0 1 0.380 16.00 3.90
hero_oak_a 119.13 -0.25 1784.77 0.66 0.99 0 0 1 0.550 13.74 8.57
hero_pine_b 130.02 2.11 1789.10 6.27 1.22 0 0 1 0.300 14.00 4.13
hero_oak_a 136.72 4.05 1786.55 1.26 1.10 0 0 1 0.550 13.74 8.57
hero_pine_a 140.58 4.84 1787.85 4.75 0.99 0 0 1 0.340 17.00 4.12
hero_oak_a -136.17 -0.57 1798.62 2.35 1.23 0 0 1 0.550 13.74 8.57
hero_oak_b -130.89 -1.13 1795.76 4.07 1.02 0 0 1 0.480 10.11 6.89
hero_spruce_a -122.89 -1.77 1793.28 1.81 1.18 0 0 1 0.380 16.00 3.90
hero_spruce_a -107.53 -2.43 1794.38 4.37 1.07 0 0 1 0.380 16.00 3.90
hero_pine_b -100.19 -3.11 1792.13 1.02 1.22 0 0 1 0.300 14.00 4.13
hero_spruce_b -94.13 -3.50 1792.43 1.06 1.13 0 0 1 0.320 13.00 3.84
hero_spruce_a -85.59 -3.89 1796.87 3.01 1.04 0 0 1 0.380 16.00 3.90
hero_birch_a -77.44 -4.74 1795.79 5.65 1.23 0 0 1 0.200 13.23 4.86
hero_pine_b -70.98 -5.29 1797.24 1.83 1.01 0 0 1 0.300 14.00 4.13
hero_spruce_c -57.31 -6.85 1796.11 2.01 1.15 0 0 1 0.420 19.00 3.91
hero_spruce_a -48.59 -8.03 1792.26 3.77 1.26 0 0 1 0.380 16.00 3.90
hero_spruce_b 50.44 -13.73 1797.48 0.27 1.01 0 0 1 0.320 13.00 3.84
hero_spruce_c 59.86 -12.98 1796.56 0.94 1.09 0 0 1 0.420 19.00 3.91
hero_spruce_c 68.90 -11.93 1797.13 5.71 1.13 0 0 1 0.420 19.00 3.91
hero_spruce_a 75.82 -10.83 1794.25 0.74 1.17 0 0 1 0.380 16.00 3.90
hero_pine_b 84.88 -9.37 1797.85 1.98 1.21 0 0 1 0.300 14.00 4.13
hero_spruce_b 94.49 -7.20 1794.21 5.85 1.20 0 0 1 0.320 13.00 3.84
hero_spruce_b 98.97 -6.40 1797.67 2.15 1.29 0 0 1 0.320 13.00 3.84
hero_pine_b 110.32 -3.29 1792.85 1.58 1.03 0 0 1 0.300 14.00 4.13
hero_pine_b 119.02 -1.30 1795.60 5.03 1.07 0 0 1 0.300 14.00 4.13
hero_oak_b 130.42 1.81 1793.12 5.99 1.31 0 0 1 0.480 10.11 6.89
hero_spruce_b -138.94 0.59 1806.30 2.96 1.19 0 0 1 0.320 13.00 3.84
hero_oak_a -129.65 0.27 1807.46 4.56 1.12 0 0 1 0.550 13.74 8.57
hero_spruce_c -120.27 -0.99 1801.23 5.91 1.06 0 0 1 0.420 19.00 3.91
hero_spruce_c -113.64 -1.03 1804.89 5.47 1.29 0 0 1 0.420 19.00 3.91
hero_oak_c -94.24 -2.49 1805.46 0.56 1.02 0 0 1 0.620 16.21 10.57
hero_spruce_c -83.80 -3.45 1806.41 0.01 1.29 0 0 1 0.420 19.00 3.91
hero_pine_b -75.18 -4.48 1803.80 1.55 0.98 0 0 1 0.300 14.00 4.13
hero_pine_a -70.92 -5.00 1803.45 2.79 1.35 0 0 1 0.340 17.00 4.12
hero_spruce_b -57.62 -6.34 1806.27 2.81 0.97 0 0 1 0.320 13.00 3.84
hero_oak_c -53.07 -7.13 1801.14 0.35 1.27 0 0 1 0.620 16.21 10.57
hero_oak_b 52.46 -13.54 1805.95 2.41 0.97 0 0 1 0.480 10.11 6.89
hero_pine_a 57.23 -13.22 1805.44 2.12 1.09 0 0 1 0.340 17.00 4.12
hero_birch_a 74.42 -11.28 1804.59 3.99 1.14 0 0 1 0.200 13.23 4.86
hero_spruce_b 84.15 -9.66 1803.16 5.82 1.06 0 0 1 0.320 13.00 3.84
hero_birch_b 93.82 -7.86 1806.69 5.69 1.04 0 0 1 0.220 14.31 7.20
hero_pine_a 103.77 -5.59 1803.65 5.71 1.22 0 0 1 0.340 17.00 4.12
hero_spruce_c 112.58 -3.52 1804.56 1.64 1.13 0 0 1 0.420 19.00 3.91
hero_spruce_c 121.01 -1.50 1805.19 4.63 1.32 0 0 1 0.420 19.00 3.91
hero_birch_b 128.06 0.31 1804.37 3.50 1.04 0 0 1 0.220 14.31 7.20
hero_pine_a 137.11 2.48 1803.67 1.62 1.33 0 0 1 0.340 17.00 4.12
hero_spruce_b 142.70 3.72 1804.15 5.15 1.00 0 0 1 0.320 13.00 3.84
hero_pine_b -137.18 1.06 1810.30 1.95 0.99 0 0 1 0.300 14.00 4.13
hero_spruce_b -125.70 0.92 1814.63 6.00 0.99 0 0 1 0.320 13.00 3.84
hero_birch_b -109.04 -0.64 1812.17 1.50 1.28 0 0 1 0.220 14.31 7.20
hero_oak_b -101.93 -1.29 1811.74 6.11 1.21 0 0 1 0.480 10.11 6.89
hero_spruce_b -92.52 -2.12 1812.46 2.90 1.01 0 0 1 0.320 13.00 3.84
hero_oak_b -83.03 -2.99 1814.58 5.30 1.18 0 0 1 0.480 10.11 6.89
hero_pine_b -76.62 -3.89 1811.84 3.24 1.25 0 0 1 0.300 14.00 4.13
hero_oak_a -70.73 -4.55 1812.27 1.23 1.34 0 0 1 0.550 13.74 8.57
hero_pine_b -61.87 -5.59 1811.98 0.77 1.15 0 0 1 0.300 14.00 4.13
hero_pine_a -49.02 -7.08 1813.66 2.17 1.24 0 0 1 0.340 17.00 4.12
hero_birch_a 51.57 -13.49 1813.60 6.09 1.21 0 0 1 0.200 13.23 4.86
hero_birch_b 60.65 -12.83 1813.97 2.66 1.06 0 0 1 0.220 14.31 7.20
hero_birch_b 70.09 -11.86 1813.56 0.49 1.23 0 0 1 0.220 14.31 7.20
hero_birch_b 75.88 -11.10 1812.95 5.08 1.28 0 0 1 0.220 14.31 7.20
hero_spruce_b 86.83 -9.31 1813.75 0.38 1.11 0 0 1 0.320 13.00 3.84
hero_birch_a 94.14 -7.91 1814.67 5.31 1.01 0 0 1 0.200 13.23 4.86
hero_oak_c 98.37 -7.06 1813.19 4.85 1.32 0 0 1 0.620 16.21 10.57
hero_spruce_b 112.19 -3.99 1814.84 4.80 1.12 0 0 1 0.320 13.00 3.84
hero_spruce_c 121.71 -1.65 1811.99 1.66 1.04 0 0 1 0.420 19.00 3.91
hero_spruce_a 138.24 2.24 1810.50 5.96 1.31 0 0 1 0.380 16.00 3.90
hero_spruce_a -142.80 2.44 1818.28 0.25 1.08 0 0 1 0.380 16.00 3.90
hero_oak_c -129.37 1.58 1818.10 5.47 1.07 0 0 1 0.620 16.21 10.57
hero_spruce_b -121.66 1.50 1822.34 2.14 1.18 0 0 1 0.320 13.00 3.84
hero_spruce_c -107.92 -0.01 1819.42 1.29 1.08 0 0 1 0.420 19.00 3.91
hero_pine_a -100.17 -0.38 1823.85 3.45 1.11 0 0 1 0.340 17.00 4.12
hero_oak_b -93.49 -1.64 1817.46 5.17 1.16 0 0 1 0.480 10.11 6.89
hero_birch_a -87.26 -2.05 1821.17 5.67 1.14 0 0 1 0.200 13.23 4.86
hero_pine_a -75.75 -3.45 1820.65 2.04 1.12 0 0 1 0.340 17.00 4.12
hero_birch_b -66.98 -4.40 1823.55 1.20 1.17 0 0 1 0.220 14.31 7.20
hero_birch_b -60.13 -5.51 1817.94 3.85 1.00 0 0 1 0.220 14.31 7.20
hero_pine_a -50.13 -6.60 1822.07 1.02 1.06 0 0 1 0.340 17.00 4.12
hero_spruce_c 43.63 -13.69 1817.87 6.05 1.03 0 0 1 0.420 19.00 3.91
hero_spruce_a 53.69 -13.18 1822.16 0.09 1.33 0 0 1 0.380 16.00 3.90
hero_spruce_c 57.36 -12.93 1822.18 2.72 1.27 0 0 1 0.420 19.00 3.91
hero_oak_a 69.13 -11.84 1820.73 3.48 1.07 0 0 1 0.550 13.74 8.57
hero_pine_b 81.76 -10.02 1824.56 2.95 1.06 0 0 1 0.300 14.00 4.13
hero_pine_a 95.60 -7.62 1819.91 5.33 1.03 0 0 1 0.340 17.00 4.12
hero_spruce_b 109.51 -4.65 1824.34 5.60 1.04 0 0 1 0.320 13.00 3.84
hero_pine_a 118.29 -2.68 1821.54 1.55 1.06 0 0 1 0.340 17.00 4.12
hero_oak_a 125.89 -0.97 1821.79 0.81 1.20 0 0 1 0.550 13.74 8.57
hero_oak_b 133.34 0.62 1823.49 5.85 1.28 0 0 1 0.480 10.11 6.89
hero_spruce_a -135.14 3.62 1831.00 3.19 1.17 0 0 1 0.380 16.00 3.90
hero_birch_a -129.52 3.25 1831.66 4.19 1.34 0 0 1 0.200 13.23 4.86
hero_spruce_c -122.50 2.53 1830.41 1.31 1.06 0 0 1 0.420 19.00 3.91
hero_oak_a -112.38 1.69 1831.96 2.55 1.34 0 0 1 0.550 13.74 8.57
hero_spruce_b -103.91 0.70 1831.19 5.44 1.24 0 0 1 0.320 13.00 3.84
hero_pine_a -93.30 -0.66 1829.81 3.59 1.16 0 0 1 0.340 17.00 4.12
hero_pine_a -85.32 -1.92 1825.96 1.44 0.99 0 0 1 0.340 17.00 4.12
hero_spruce_c -75.59 -2.91 1829.54 2.99 0.96 0 0 1 0.420 19.00 3.91
hero_birch_a -66.83 -4.28 1826.42 5.36 1.33 0 0 1 0.200 13.23 4.86
hero_spruce_a -56.74 -5.42 1829.80 1.22 1.10 0 0 1 0.380 16.00 3.90
hero_spruce_a 43.80 -13.48 1827.28 1.83 1.34 0 0 1 0.380 16.00 3.90
hero_birch_a 49.27 -13.18 1829.58 4.14 1.02 0 0 1 0.200 13.23 4.86
hero_spruce_b 57.25 -12.78 1827.86 1.55 1.17 0 0 1 0.320 13.00 3.84
hero_oak_c 78.88 -10.34 1829.34 4.14 1.20 0 0 1 0.620 16.21 10.57
hero_spruce_b 93.06 -7.84 1832.92 5.03 1.35 0 0 1 0.320 13.00 3.84
hero_pine_b 98.67 -6.77 1832.30 5.87 1.27 0 0 1 0.300 14.00 4.13
hero_birch_a 109.93 -4.49 1828.36 2.16 0.96 0 0 1 0.200 13.23 4.86
hero_spruce_c 117.19 -2.87 1831.20 4.52 1.18 0 0 1 0.420 19.00 3.91
hero_oak_b 124.24 -1.32 1831.98 1.31 1.04 0 0 1 0.480 10.11 6.89
hero_birch_a 135.58 1.04 1829.30 1.64 1.03 0 0 1 0.200 13.23 4.86
hero_oak_b -142.10 5.04 1838.23 0.46 1.27 0 0 1 0.480 10.11 6.89
hero_pine_a -137.95 5.00 1840.29 0.28 1.30 0 0 1 0.340 17.00 4.12
hero_pine_b -127.97 3.51 1834.60 3.99 1.09 0 0 1 0.300 14.00 4.13
hero_birch_b -121.64 3.61 1840.33 1.48 1.09 0 0 1 0.220 14.31 7.20
hero_spruce_a -108.44 1.67 1835.49 4.92 1.05 0 0 1 0.380 16.00 3.90
hero_spruce_b -100.18 0.96 1838.21 5.70 1.10 0 0 1 0.320 13.00 3.84
hero_spruce_a -85.30 -1.01 1838.37 1.81 1.29 0 0 1 0.380 16.00 3.90
hero_pine_a -75.00 -2.59 1836.05 2.69 1.22 0 0 1 0.340 17.00 4.12
hero_pine_a -70.32 -3.07 1838.80 2.75 1.18 0 0 1 0.340 17.00 4.12
hero_spruce_a -62.84 -4.25 1836.81 3.37 1.22 0 0 1 0.380 16.00 3.90
hero_pine_a 42.11 -13.26 1836.40 1.54 1.01 0 0 1 0.340 17.00 4.12
hero_oak_b 56.87 -12.56 1836.58 0.61 1.27 0 0 1 0.480 10.11 6.89
hero_birch_b 74.90 -10.73 1834.50 6.21 1.27 0 0 1 0.220 14.31 7.20
hero_spruce_a 87.63 -8.59 1838.17 0.70 1.12 0 0 1 0.380 16.00 3.90
hero_pine_a 94.94 -7.19 1839.89 5.92 1.30 0 0 1 0.340 17.00 4.12
hero_pine_a 103.79 -5.59 1835.59 2.25 1.03 0 0 1 0.340 17.00 4.12
hero_pine_a 112.68 -3.68 1836.80 3.13 1.21 0 0 1 0.340 17.00 4.12
hero_birch_b 120.64 -1.93 1837.57 5.80 1.01 0 0 1 0.220 14.31 7.20
hero_spruce_b 129.37 -0.04 1840.61 0.16 1.11 0 0 1 0.320 13.00 3.84
hero_birch_a 135.22 1.00 1836.33 6.04 0.98 0 0 1 0.200 13.23 4.86
hero_birch_b -137.89 5.52 1844.28 1.21 1.03 0 0 1 0.220 14.31 7.20
hero_spruce_a -126.01 4.71 1846.07 5.27 1.03 0 0 1 0.380 16.00 3.90
hero_pine_a -117.06 3.92 1847.18 2.11 0.97 0 0 1 0.340 17.00 4.12
hero_spruce_b -110.77 3.28 1847.92 2.13 0.95 0 0 1 0.320 13.00 3.84
hero_spruce_a -102.69 2.09 1846.22 2.22 0.96 0 0 1 0.380 16.00 3.90
hero_oak_c -97.30 1.13 1843.91 1.47 1.11 0 0 1 0.620 16.21 10.57
hero_birch_a -84.56 -0.67 1843.42 4.55 1.02 0 0 1 0.200 13.23 4.86
hero_spruce_a -75.64 -1.78 1845.85 2.27 1.20 0 0 1 0.380 16.00 3.90
hero_pine_a -67.44 -3.02 1845.71 3.26 1.18 0 0 1 0.340 17.00 4.12
hero_birch_a -61.49 -3.94 1845.01 5.07 1.02 0 0 1 0.200 13.23 4.86
hero_birch_b -53.14 -5.24 1844.04 4.00 1.14 0 0 1 0.220 14.31 7.20
hero_oak_a 48.65 -12.81 1845.61 0.94 1.06 0 0 1 0.550 13.74 8.57
hero_spruce_b 56.26 -12.24 1847.99 1.77 0.97 0 0 1 0.320 13.00 3.84
hero_spruce_a 70.64 -10.95 1842.99 4.53 1.21 0 0 1 0.380 16.00 3.90
hero_spruce_c 73.03 -10.49 1846.39 0.70 1.16 0 0 1 0.420 19.00 3.91
hero_birch_a 82.13 -9.04 1848.37 0.10 1.32 0 0 1 0.200 13.23 4.86
hero_spruce_a 93.55 -7.23 1843.49 5.63 0.95 0 0 1 0.380 16.00 3.90
hero_pine_b 104.00 -4.94 1847.43 0.02 1.06 0 0 1 0.300 14.00 4.13
hero_birch_a 108.72 -4.03 1846.64 6.16 1.23 0 0 1 0.200 13.23 4.86
hero_spruce_a 116.36 -2.42 1846.39 5.06 1.01 0 0 1 0.380 16.00 3.90
hero_pine_a 124.85 -0.73 1845.19 2.58 1.01 0 0 1 0.340 17.00 4.12
hero_spruce_a 133.73 1.18 1849.20 2.71 1.10 0 0 1 0.380 16.00 3.90
hero_oak_c 144.24 2.82 1847.10 4.81 1.32 0 0 1 0.620 16.21 10.57
hero_pine_a -142.80 7.40 1857.80 5.76 1.27 0 0 1 0.340 17.00 4.12
hero_oak_b -135.53 6.33 1852.85 2.36 1.26 0 0 1 0.480 10.11 6.89
hero_spruce_c -130.11 5.90 1852.97 0.01 1.05 0 0 1 0.420 19.00 3.91
hero_oak_b -116.79 4.82 1855.48 4.48 1.12 0 0 1 0.480 10.11 6.89
hero_spruce_c -110.22 3.68 1852.29 3.23 1.15 0 0 1 0.420 19.00 3.91
hero_spruce_b -106.01 3.06 1851.58 0.37 1.25 0 0 1 0.320 13.00 3.84
hero_birch_b -94.93 2.09 1856.70 1.77 1.26 0 0 1 0.220 14.31 7.20
hero_birch_b -83.35 0.20 1855.01 3.93 1.11 0 0 1 0.220 14.31 7.20
hero_oak_c -79.11 -0.50 1854.68 0.67 1.22 0 0 1 0.620 16.21 10.57
hero_pine_a -71.48 -1.51 1856.68 6.02 1.10 0 0 1 0.340 17.00 4.12
hero_pine_b -56.98 -4.12 1852.98 6.09 1.16 0 0 1 0.300 14.00 4.13
hero_spruce_c -54.33 -4.23 1857.26 0.80 1.06 0 0 1 0.420 19.00 3.91
hero_oak_b 41.44 -12.99 1851.47 2.42 1.13 0 0 1 0.480 10.11 6.89
hero_birch_a 53.04 -12.25 1858.18 1.96 1.31 0 0 1 0.200 13.23 4.86
hero_spruce_a 59.70 -11.77 1853.39 3.26 1.00 0 0 1 0.380 16.00 3.90
hero_spruce_a 64.39 -11.26 1853.97 1.56 0.99 0 0 1 0.380 16.00 3.90
hero_birch_a 75.38 -9.88 1852.57 1.26 1.15 0 0 1 0.200 13.23 4.86
hero_spruce_a 90.67 -6.92 1858.50 6.00 1.21 0 0 1 0.380 16.00 3.90
hero_spruce_a 108.59 -3.39 1856.39 1.78 1.11 0 0 1 0.380 16.00 3.90
hero_pine_a 120.38 -1.01 1855.18 5.48 1.06 0 0 1 0.340 17.00 4.12
hero_spruce_a 126.30 -0.06 1851.99 5.55 1.13 0 0 1 0.380 16.00 3.90
hero_oak_a -137.27 7.56 1862.80 6.14 1.04 0 0 1 0.550 13.74 8.57
hero_birch_a -120.73 6.20 1863.82 2.68 1.08 0 0 1 0.200 13.23 4.86
hero_spruce_b -113.11 5.13 1862.10 3.96 1.18 0 0 1 0.320 13.00 3.84
hero_birch_a -105.76 3.98 1860.26 0.39 1.34 0 0 1 0.200 13.23 4.86
hero_pine_a -91.22 2.15 1862.06 4.04 1.00 0 0 1 0.340 17.00 4.12
hero_spruce_c -85.12 1.64 1866.23 1.54 1.26 0 0 1 0.420 19.00 3.91
hero_birch_b -75.05 -0.28 1863.26 2.37 0.97 0 0 1 0.220 14.31 7.20
hero_spruce_b -68.47 -1.66 1860.38 0.58 1.02 0 0 1 0.320 13.00 3.84
hero_oak_c 44.29 -12.64 1865.93 3.30 1.03 0 0 1 0.620 16.21 10.57
hero_oak_c 50.45 -12.31 1864.01 3.17 1.24 0 0 1 0.620 16.21 10.57
hero_spruce_b 59.73 -11.49 1862.87 1.99 1.01 0 0 1 0.320 13.00 3.84
hero_spruce_c 64.92 -10.86 1864.09 4.34 1.29 0 0 1 0.420 19.00 3.91
hero_spruce_c 75.85 -9.33 1862.69 4.42 1.18 0 0 1 0.420 19.00 3.91
hero_birch_b 84.77 -7.60 1865.48 3.76 0.99 0 0 1 0.220 14.31 7.20
hero_spruce_c 102.09 -4.47 1860.25 0.45 1.09 0 0 1 0.420 19.00 3.91
hero_oak_b 111.02 -2.52 1861.15 6.11 1.28 0 0 1 0.480 10.11 6.89
hero_pine_b 118.52 -0.66 1864.74 3.63 1.33 0 0 1 0.300 14.00 4.13
hero_pine_b -135.93 8.15 1869.86 2.37 1.00 0 0 1 0.300 14.00 4.13
hero_oak_c -129.30 8.02 1873.83 1.66 0.99 0 0 1 0.620 16.21 10.57
hero_oak_b -120.13 6.86 1870.73 2.13 1.30 0 0 1 0.480 10.11 6.89
hero_pine_a -101.63 5.16 1875.29 5.45 1.28 0 0 1 0.340 17.00 4.12
hero_pine_a -93.17 3.18 1868.74 5.47 1.23 0 0 1 0.340 17.00 4.12
hero_spruce_b -85.04 2.11 1870.16 2.55 1.02 0 0 1 0.320 13.00 3.84
hero_pine_a -79.45 1.22 1870.54 5.81 1.26 0 0 1 0.340 17.00 4.12
hero_spruce_a -60.27 -1.50 1875.33 4.01 1.03 0 0 1 0.380 16.00 3.90
hero_birch_b 44.23 -12.59 1870.74 5.78 1.34 0 0 1 0.220 14.31 7.20
hero_oak_a 53.15 -11.92 1870.61 0.15 0.95 0 0 1 0.550 13.74 8.57
hero_oak_b 56.24 -11.63 1871.39 1.63 1.20 0 0 1 0.480 10.11 6.89
hero_spruce_a 67.38 -10.29 1870.47 1.48 1.19 0 0 1 0.380 16.00 3.90
hero_spruce_c 74.96 -9.10 1870.69 6.12 1.19 0 0 1 0.420 19.00 3.91
hero_pine_a 86.38 -7.10 1868.63 4.90 1.05 0 0 1 0.340 17.00 4.12
hero_spruce_b 90.33 -6.22 1870.05 5.00 1.09 0 0 1 0.320 13.00 3.84
hero_spruce_a 98.84 -4.34 1871.13 3.65 1.03 0 0 1 0.380 16.00 3.90
hero_oak_c 110.70 -1.69 1871.75 2.99 1.04 0 0 1 0.620 16.21 10.57
hero_pine_a 120.95 0.27 1869.52 5.00 1.19 0 0 1 0.340 17.00 4.12
hero_spruce_c 123.48 1.14 1873.41 3.10 1.12 0 0 1 0.420 19.00 3.91
hero_birch_a 135.49 2.99 1869.66 4.10 1.02 0 0 1 0.200 13.23 4.86
hero_oak_a -142.95 9.19 1878.06 2.36 1.04 0 0 1 0.550 13.74 8.57
hero_birch_a -134.86 8.68 1876.99 5.49 1.11 0 0 1 0.200 13.23 4.86
hero_oak_a -124.58 7.93 1877.29 0.63 1.22 0 0 1 0.550 13.74 8.57
hero_spruce_a -117.10 7.63 1881.32 1.96 1.27 0 0 1 0.380 16.00 3.90
hero_oak_c -105.05 6.28 1881.16 5.01 1.29 0 0 1 0.620 16.21 10.57
hero_oak_a -96.58 5.48 1883.76 2.80 1.23 0 0 1 0.550 13.74 8.57
hero_oak_a -85.58 3.62 1881.66 1.98 1.04 0 0 1 0.550 13.74 8.57
hero_spruce_a -75.72 1.89 1880.91 5.51 1.21 0 0 1 0.380 16.00 3.90
hero_spruce_c -71.68 1.35 1881.95 1.24 1.10 0 0 1 0.420 19.00 3.91
hero_pine_b -57.79 -1.06 1882.60 5.88 1.07 0 0 1 0.300 14.00 4.13
hero_spruce_a -54.82 -2.07 1879.08 3.33 1.33 0 0 1 0.380 16.00 3.90
hero_spruce_a 50.67 -11.97 1877.29 1.75 1.00 0 0 1 0.380 16.00 3.90
hero_spruce_a 57.86 -11.08 1883.91 1.82 1.17 0 0 1 0.380 16.00 3.90
hero_birch_b 67.30 -9.89 1881.34 3.61 1.21 0 0 1 0.220 14.31 7.20
hero_spruce_a 75.73 -8.50 1880.69 0.54 1.29 0 0 1 0.380 16.00 3.90
hero_pine_b 87.86 -6.02 1881.31 2.53 1.06 0 0 1 0.300 14.00 4.13
hero_oak_a 104.35 -2.54 1878.65 6.14 1.13 0 0 1 0.550 13.74 8.57
hero_pine_b 116.21 0.32 1881.25 2.23 1.33 0 0 1 0.300 14.00 4.13
hero_spruce_b 126.00 2.15 1879.12 0.77 1.28 0 0 1 0.320 13.00 3.84
hero_oak_a 133.87 3.38 1877.12 4.37 1.24 0 0 1 0.550 13.74 8.57
hero_spruce_a -143.40 9.79 1890.95 4.56 1.29 0 0 1 0.380 16.00 3.90
hero_spruce_a -138.75 9.54 1887.68 6.10 1.31 0 0 1 0.380 16.00 3.90
hero_oak_c -128.70 9.34 1891.82 1.90 1.14 0 0 1 0.620 16.21 10.57
hero_spruce_c -122.20 8.51 1885.89 3.38 1.05 0 0 1 0.420 19.00 3.91
hero_pine_b -109.62 7.37 1886.27 3.65 1.19 0 0 1 0.300 14.00 4.13
hero_spruce_c -102.68 6.80 1888.25 2.12 1.12 0 0 1 0.420 19.00 3.91
hero_spruce_b -95.78 5.61 1885.73 2.26 1.30 0 0 1 0.320 13.00 3.84
hero_birch_b -82.34 4.46 1891.91 3.99 1.29 0 0 1 0.220 14.31 7.20
hero_oak_b -77.91 3.36 1889.09 3.87 1.31 0 0 1 0.480 10.11 6.89
hero_birch_a -70.91 2.40 1890.39 2.36 0.98 0 0 1 0.200 13.23 4.86
hero_spruce_a -61.31 0.66 1890.27 6.22 1.03 0 0 1 0.380 16.00 3.90
hero_birch_a 41.23 -12.19 1890.56 5.11 1.02 0 0 1 0.200 13.23 4.86
hero_spruce_a 62.35 -10.25 1890.55 4.93 1.15 0 0 1 0.380 16.00 3.90
hero_spruce_a 64.76 -10.02 1887.32 2.51 1.04 0 0 1 0.380 16.00 3.90
hero_pine_b 75.82 -8.07 1889.19 1.49 1.30 0 0 1 0.300 14.00 4.13
hero_oak_a 87.87 -5.37 1891.89 4.39 1.14 0 0 1 0.550 13.74 8.57
hero_spruce_c 89.94 -4.89 1892.30 1.97 1.30 0 0 1 0.420 19.00 3.91
hero_birch_b 103.49 -1.79 1890.40 0.61 1.03 0 0 1 0.220 14.31 7.20
hero_spruce_c 110.23 -0.59 1886.10 3.88 1.30 0 0 1 0.420 19.00 3.91
hero_birch_a 121.32 1.82 1885.72 3.53 1.28 0 0 1 0.200 13.23 4.86
hero_spruce_c 130.52 3.61 1885.58 3.43 1.23 0 0 1 0.420 19.00 3.91
hero_spruce_b 137.17 5.25 1891.19 2.41 1.26 0 0 1 0.320 13.00 3.84
hero_oak_b 141.98 5.45 1885.83 4.00 1.01 0 0 1 0.480 10.11 6.89
hero_oak_c -135.71 9.82 1897.09 2.67 1.18 0 0 1 0.620 16.21 10.57
hero_spruce_b -127.75 9.54 1896.58 3.86 1.30 0 0 1 0.320 13.00 3.84
hero_birch_a -121.59 9.17 1895.20 0.07 0.98 0 0 1 0.200 13.23 4.86
hero_pine_b -107.91 8.21 1896.22 6.27 0.98 0 0 1 0.300 14.00 4.13
hero_birch_a -100.00 7.89 1900.73 2.43 1.03 0 0 1 0.200 13.23 4.86
hero_spruce_a -94.39 6.88 1897.40 4.31 1.03 0 0 1 0.380 16.00 3.90
hero_birch_a -85.13 6.06 1900.46 2.67 1.24 0 0 1 0.200 13.23 4.86
hero_oak_c -74.44 4.02 1897.34 3.73 1.00 0 0 1 0.620 16.21 10.57
hero_oak_c -72.04 3.24 1894.77 3.83 1.04 0 0 1 0.620 16.21 10.57
hero_birch_b -62.51 2.11 1898.27 1.78 1.10 0 0 1 0.220 14.31 7.20
hero_birch_b -54.63 0.11 1894.96 2.99 1.25 0 0 1 0.220 14.31 7.20
hero_oak_c 45.48 -11.81 1894.33 4.46 0.95 0 0 1 0.620 16.21 10.57
hero_oak_b 49.76 -11.49 1894.83 3.81 1.03 0 0 1 0.480 10.11 6.89
hero_spruce_a 78.04 -7.33 1894.90 0.12 1.22 0 0 1 0.380 16.00 3.90
hero_birch_a 86.29 -5.30 1898.81 1.27 1.12 0 0 1 0.200 13.23 4.86
hero_oak_c 92.30 -4.20 1894.03 0.96 0.96 0 0 1 0.620 16.21 10.57
hero_pine_b 98.74 -2.29 1899.51 5.62 1.20 0 0 1 0.300 14.00 4.13
hero_spruce_a 112.29 1.07 1900.39 2.21 1.23 0 0 1 0.380 16.00 3.90
hero_oak_b 118.71 2.60 1900.80 2.23 1.14 0 0 1 0.480 10.11 6.89
hero_pine_b 124.69 3.49 1896.37 3.39 1.25 0 0 1 0.300 14.00 4.13
hero_pine_b 133.83 5.59 1900.68 6.02 1.16 0 0 1 0.300 14.00 4.13
hero_spruce_c -136.73 9.97 1904.65 4.28 0.99 0 0 1 0.420 19.00 3.91
hero_oak_c -130.11 9.90 1904.84 4.70 1.13 0 0 1 0.620 16.21 10.57
hero_pine_b -119.84 9.69 1906.27 3.65 1.14 0 0 1 0.300 14.00 4.13
hero_pine_a -112.76 9.12 1903.06 3.13 1.33 0 0 1 0.340 17.00 4.12
hero_oak_a -100.59 8.20 1903.08 3.19 0.96 0 0 1 0.550 13.74 8.57
hero_pine_b -95.18 8.29 1908.86 4.94 1.06 0 0 1 0.300 14.00 4.13
hero_birch_a -86.94 7.01 1905.73 5.57 1.13 0 0 1 0.200 13.23 4.86
hero_pine_b -74.56 5.58 1907.50 0.21 1.13 0 0 1 0.300 14.00 4.13
hero_oak_c -66.42 3.96 1905.49 4.81 1.14 0 0 1 0.620 16.21 10.57
hero_birch_a -56.92 2.86 1908.79 3.37 1.11 0 0 1 0.200 13.23 4.86
hero_pine_a 42.88 -11.12 1908.80 6.17 1.07 0 0 1 0.340 17.00 4.12
hero_pine_b 49.74 -10.93 1905.52 4.22 1.08 0 0 1 0.300 14.00 4.13
hero_pine_a 70.41 -8.35 1903.24 6.16 1.26 0 0 1 0.340 17.00 4.12
hero_spruce_a 72.60 -7.60 1908.80 3.51 1.00 0 0 1 0.380 16.00 3.90
hero_birch_a 81.50 -5.86 1907.69 1.58 1.28 0 0 1 0.200 13.23 4.86
hero_spruce_a 91.42 -3.45 1909.00 0.69 1.14 0 0 1 0.380 16.00 3.90
hero_pine_b 102.00 -0.84 1908.53 1.47 1.10 0 0 1 0.300 14.00 4.13
hero_oak_a 108.18 0.46 1905.35 5.01 1.20 0 0 1 0.550 13.74 8.57
hero_pine_b 126.91 4.84 1907.18 3.92 1.28 0 0 1 0.300 14.00 4.13
hero_pine_b 138.70 7.07 1909.39 5.71 1.18 0 0 1 0.300 14.00 4.13
hero_spruce_a 143.71 7.48 1906.07 3.34 1.12 0 0 1 0.380 16.00 3.90
hero_spruce_a -143.19 9.56 1916.12 0.21 1.10 0 0 1 0.380 16.00 3.90
hero_spruce_b -133.25 9.94 1912.28 2.02 1.21 0 0 1 0.320 13.00 3.84
hero_spruce_c -126.50 10.00 1915.72 0.39 1.22 0 0 1 0.420 19.00 3.91
hero_oak_b -118.42 9.93 1913.24 3.55 0.97 0 0 1 0.480 10.11 6.89
hero_pine_b -108.74 9.82 1916.80 3.25 1.05 0 0 1 0.300 14.00 4.13
hero_birch_a -97.19 9.21 1916.76 1.01 1.33 0 0 1 0.200 13.23 4.86
hero_spruce_c -85.31 8.24 1916.91 4.21 1.22 0 0 1 0.420 19.00 3.91
hero_oak_c -77.24 6.81 1913.27 5.08 1.27 0 0 1 0.620 16.21 10.57
hero_oak_b -69.48 5.45 1911.48 4.37 1.00 0 0 1 0.480 10.11 6.89
hero_spruce_b -63.37 4.37 1911.02 1.76 1.16 0 0 1 0.320 13.00 3.84
hero_spruce_c -53.91 3.91 1917.63 5.29 1.03 0 0 1 0.420 19.00 3.91
hero_birch_a 39.37 -10.96 1912.18 1.07 1.23 0 0 1 0.200 13.23 4.86
hero_oak_b 53.89 -10.20 1911.21 4.86 1.24 0 0 1 0.480 10.11 6.89
hero_spruce_a 67.20 -8.02 1917.00 2.69 1.23 0 0 1 0.380 16.00 3.90
hero_oak_b 77.47 -6.12 1916.83 5.53 1.35 0 0 1 0.480 10.11 6.89
hero_birch_b 87.17 -4.14 1914.07 5.55 1.17 0 0 1 0.220 14.31 7.20
hero_spruce_c 92.79 -2.79 1913.65 2.05 1.04 0 0 1 0.420 19.00 3.91
hero_oak_a 102.12 -0.58 1912.09 0.47 1.29 0 0 1 0.550 13.74 8.57
hero_oak_a 107.98 1.27 1917.42 1.55 1.13 0 0 1 0.550 13.74 8.57
hero_oak_a 121.04 4.36 1917.01 4.69 0.95 0 0 1 0.550 13.74 8.57
hero_spruce_c 127.49 5.62 1916.06 0.27 1.28 0 0 1 0.420 19.00 3.91
hero_spruce_b 135.14 6.97 1915.61 1.70 1.34 0 0 1 0.320 13.00 3.84
hero_pine_b 144.52 8.42 1917.60 1.97 1.17 0 0 1 0.300 14.00 4.13
hero_spruce_b -137.35 9.40 1924.81 2.82 0.97 0 0 1 0.320 13.00 3.84
hero_spruce_c -131.06 9.72 1924.42 5.10 1.17 0 0 1 0.420 19.00 3.91
hero_oak_b -117.96 10.07 1920.03 1.19 1.25 0 0 1 0.480 10.11 6.89
hero_spruce_a -113.70 10.06 1920.09 5.46 1.15 0 0 1 0.380 16.00 3.90
hero_oak_a -100.62 9.65 1919.59 1.15 1.24 0 0 1 0.550 13.74 8.57
hero_spruce_b -90.95 9.13 1920.36 2.23 1.23 0 0 1 0.320 13.00 3.84
hero_oak_b -83.66 8.81 1922.84 4.56 1.28 0 0 1 0.480 10.11 6.89
hero_oak_a -74.09 7.65 1921.54 2.45 1.04 0 0 1 0.550 13.74 8.57
hero_spruce_a -70.04 7.29 1922.75 5.31 1.29 0 0 1 0.380 16.00 3.90
hero_spruce_b -56.49 5.34 1922.99 5.83 1.05 0 0 1 0.320 13.00 3.84
hero_pine_a 51.83 -9.30 1923.62 2.48 1.17 0 0 1 0.340 17.00 4.12
hero_pine_b 57.51 -9.03 1920.73 4.50 1.13 0 0 1 0.300 14.00 4.13
hero_spruce_a 67.98 -7.31 1923.95 4.86 0.98 0 0 1 0.380 16.00 3.90
hero_spruce_a 92.92 -2.26 1921.27 3.26 1.29 0 0 1 0.380 16.00 3.90
hero_spruce_b 99.33 -0.63 1921.53 4.09 1.15 0 0 1 0.320 13.00 3.84
hero_spruce_a 113.47 2.94 1922.48 4.59 1.25 0 0 1 0.380 16.00 3.90
hero_spruce_a 116.41 3.46 1919.51 5.90 1.08 0 0 1 0.380 16.00 3.90
hero_spruce_a 123.80 5.31 1922.40 2.19 1.04 0 0 1 0.380 16.00 3.90
hero_oak_c 132.29 6.93 1922.46 3.51 1.30 0 0 1 0.620 16.21 10.57
hero_pine_a 142.34 8.37 1921.11 4.73 1.19 0 0 1 0.340 17.00 4.12
hero_birch_a -142.19 8.35 1933.74 0.33 1.25 0 0 1 0.200 13.23 4.86
hero_spruce_b -128.31 9.46 1933.46 1.70 1.31 0 0 1 0.320 13.00 3.84
hero_pine_b -122.86 9.90 1930.52 4.38 1.12 0 0 1 0.300 14.00 4.13
hero_oak_b -112.32 10.26 1932.82 4.61 1.22 0 0 1 0.480 10.11 6.89
hero_oak_a -102.22 10.44 1933.24 1.94 1.16 0 0 1 0.550 13.74 8.57
hero_pine_a -92.21 10.08 1930.07 4.88 1.24 0 0 1 0.340 17.00 4.12
hero_pine_b -87.47 9.88 1930.40 0.45 1.31 0 0 1 0.300 14.00 4.13
hero_pine_a -76.36 8.92 1928.96 4.63 1.08 0 0 1 0.340 17.00 4.12
hero_pine_a -67.02 8.45 1932.57 1.45 0.98 0 0 1 0.340 17.00 4.12
hero_spruce_c -56.94 6.40 1928.50 4.93 0.98 0 0 1 0.420 19.00 3.91
hero_oak_b 40.21 -8.51 1933.17 4.52 1.05 0 0 1 0.480 10.11 6.89
hero_spruce_a 47.80 -8.17 1934.88 1.19 1.10 0 0 1 0.380 16.00 3.90
hero_oak_a 58.60 -7.42 1934.93 0.75 1.07 0 0 1 0.550 13.74 8.57
hero_spruce_c 67.85 -6.95 1928.42 1.26 1.31 0 0 1 0.420 19.00 3.91
hero_pine_a 79.49 -4.69 1929.71 3.03 1.27 0 0 1 0.340 17.00 4.12
hero_pine_a 87.64 -2.51 1934.53 1.32 1.24 0 0 1 0.340 17.00 4.12
hero_oak_a 94.71 -0.96 1932.78 4.42 0.98 0 0 1 0.550 13.74 8.57
hero_birch_b 103.29 0.97 1930.81 1.04 1.34 0 0 1 0.220 14.31 7.20
hero_spruce_a 106.89 1.72 1928.25 3.33 1.09 0 0 1 0.380 16.00 3.90
hero_pine_a 126.38 6.36 1931.64 2.39 0.98 0 0 1 0.340 17.00 4.12
hero_spruce_b 135.64 7.94 1930.23 0.39 1.05 0 0 1 0.320 13.00 3.84
hero_spruce_a -143.05 7.51 1941.46 6.25 1.06 0 0 1 0.380 16.00 3.90
hero_oak_c -139.27 7.89 1941.50 5.93 1.34 0 0 1 0.620 16.21 10.57
hero_pine_a -129.89 8.87 1941.14 3.25 1.08 0 0 1 0.340 17.00 4.12
hero_spruce_a -121.65 9.70 1938.31 3.35 1.00 0 0 1 0.380 16.00 3.90
hero_spruce_c -111.15 10.27 1940.43 5.45 1.16 0 0 1 0.420 19.00 3.91
hero_oak_c -105.43 10.52 1940.26 3.44 1.25 0 0 1 0.620 16.21 10.57
hero_oak_b -96.33 10.83 1942.41 1.14 1.02 0 0 1 0.480 10.11 6.89
hero_birch_b -88.01 10.84 1942.27 6.26 1.10 0 0 1 0.220 14.31 7.20
hero_spruce_c -65.26 9.75 1943.06 5.24 1.03 0 0 1 0.420 19.00 3.91
hero_spruce_c -62.10 9.02 1940.23 3.44 1.09 0 0 1 0.420 19.00 3.91
hero_spruce_b 44.74 -7.17 1942.35 5.43 1.34 0 0 1 0.320 13.00 3.84
hero_spruce_a 48.57 -7.32 1940.87 2.88 1.29 0 0 1 0.380 16.00 3.90
hero_oak_a 61.36 -6.31 1941.67 2.77 1.11 0 0 1 0.550 13.74 8.57
hero_spruce_c 70.44 -5.17 1941.26 2.38 1.07 0 0 1 0.420 19.00 3.91
hero_spruce_c 75.08 -4.21 1943.16 5.84 1.11 0 0 1 0.420 19.00 3.91
hero_oak_a 84.61 -2.75 1939.55 3.08 1.34 0 0 1 0.550 13.74 8.57
hero_pine_a 92.87 -0.88 1939.51 2.58 1.01 0 0 1 0.340 17.00 4.12
hero_oak_b 98.18 0.61 1943.16 0.74 1.25 0 0 1 0.480 10.11 6.89
hero_spruce_a 110.80 3.22 1937.06 5.97 1.05 0 0 1 0.380 16.00 3.90
hero_pine_b 121.06 5.84 1943.54 5.31 1.11 0 0 1 0.300 14.00 4.13
hero_pine_b 126.99 6.77 1938.19 3.61 1.23 0 0 1 0.300 14.00 4.13
hero_oak_a 144.55 9.54 1942.66 4.24 1.05 0 0 1 0.550 13.74 8.57
hero_birch_b -139.87 7.04 1948.95 4.22 1.32 0 0 1 0.220 14.31 7.20
hero_spruce_b -129.02 8.20 1950.48 3.35 1.11 0 0 1 0.320 13.00 3.84
hero_oak_a -121.11 9.02 1951.20 6.05 1.10 0 0 1 0.550 13.74 8.57
hero_spruce_c -109.95 10.08 1951.15 1.94 1.25 0 0 1 0.420 19.00 3.91
hero_spruce_a -104.24 10.57 1950.18 2.18 0.98 0 0 1 0.380 16.00 3.90
hero_birch_a -94.00 11.01 1946.80 2.67 1.00 0 0 1 0.200 13.23 4.86
hero_oak_a -86.92 11.30 1951.30 0.89 1.27 0 0 1 0.550 13.74 8.57
hero_pine_b -76.61 11.29 1951.50 0.11 1.18 0 0 1 0.300 14.00 4.13
hero_spruce_b -68.20 10.64 1948.48 3.28 1.10 0 0 1 0.320 13.00 3.84
hero_pine_b -59.28 9.59 1946.41 3.12 1.19 0 0 1 0.300 14.00 4.13
hero_pine_b 51.01 -5.77 1950.31 4.46 1.02 0 0 1 0.300 14.00 4.13
hero_pine_b 57.54 -5.48 1950.07 3.06 1.12 0 0 1 0.300 14.00 4.13
hero_oak_c 67.13 -4.36 1951.62 5.99 1.20 0 0 1 0.620 16.21 10.57
hero_pine_a 82.27 -2.62 1945.51 5.65 0.99 0 0 1 0.340 17.00 4.12
hero_pine_a 94.42 0.37 1950.78 3.30 1.23 0 0 1 0.340 17.00 4.12
hero_spruce_a 101.64 1.90 1949.86 2.60 1.21 0 0 1 0.380 16.00 3.90
hero_spruce_b 106.64 3.00 1949.65 3.41 1.31 0 0 1 0.320 13.00 3.84
hero_pine_b 116.60 5.29 1951.29 4.60 0.96 0 0 1 0.300 14.00 4.13
hero_pine_b 128.96 7.53 1948.89 5.32 1.27 0 0 1 0.300 14.00 4.13
hero_spruce_a 138.16 8.92 1948.94 2.07 1.19 0 0 1 0.380 16.00 3.90
hero_spruce_b 144.09 9.57 1945.88 4.79 1.08 0 0 1 0.320 13.00 3.84
hero_pine_a -134.75 6.79 1957.57 3.02 1.12 0 0 1 0.340 17.00 4.12
hero_spruce_a -125.47 8.11 1956.62 4.33 0.96 0 0 1 0.380 16.00 3.90
hero_spruce_a -117.11 9.12 1956.69 2.73 0.96 0 0 1 0.380 16.00 3.90
hero_pine_a -109.71 9.81 1958.58 5.07 1.14 0 0 1 0.340 17.00 4.12
hero_pine_b -103.25 10.51 1955.93 3.36 1.22 0 0 1 0.300 14.00 4.13
hero_pine_b -85.71 11.59 1958.55 1.76 1.05 0 0 1 0.300 14.00 4.13
hero_spruce_b -68.00 11.33 1955.54 1.30 1.28 0 0 1 0.320 13.00 3.84
hero_birch_b -56.94 11.08 1959.75 3.77 1.04 0 0 1 0.220 14.31 7.20
hero_spruce_b -54.68 10.96 1960.36 5.92 1.02 0 0 1 0.320 13.00 3.84
hero_spruce_a 45.42 -4.38 1958.96 1.54 1.29 0 0 1 0.380 16.00 3.90
hero_pine_b 51.39 -5.01 1954.94 6.08 1.06 0 0 1 0.300 14.00 4.13
hero_spruce_b 56.08 -4.50 1957.13 5.79 1.21 0 0 1 0.320 13.00 3.84
hero_oak_c 65.30 -3.94 1956.04 1.39 1.09 0 0 1 0.620 16.21 10.57
hero_spruce_b 74.53 -2.95 1954.78 5.56 1.27 0 0 1 0.320 13.00 3.84
hero_spruce_b 81.37 -1.91 1954.11 5.62 1.29 0 0 1 0.320 13.00 3.84
hero_birch_a 91.84 0.46 1957.90 1.93 1.24 0 0 1 0.200 13.23 4.86
hero_pine_b 102.69 2.70 1957.89 1.31 1.26 0 0 1 0.300 14.00 4.13
hero_oak_c 112.68 4.63 1954.88 0.65 1.21 0 0 1 0.620 16.21 10.57
hero_oak_a 121.77 6.57 1958.91 5.16 1.32 0 0 1 0.550 13.74 8.57
hero_birch_b 126.64 7.45 1959.25 2.43 1.00 0 0 1 0.220 14.31 7.20
hero_spruce_a 132.70 8.32 1956.52 1.51 1.15 0 0 1 0.380 16.00 3.90
hero_spruce_b 142.02 9.47 1960.50 5.91 1.19 0 0 1 0.320 13.00 3.84
hero_birch_b -141.85 5.17 1962.82 6.11 1.29 0 0 1 0.220 14.31 7.20
hero_spruce_a -136.07 5.92 1963.89 3.04 1.08 0 0 1 0.380 16.00 3.90
hero_pine_a -125.64 7.10 1967.20 4.92 1.29 0 0 1 0.340 17.00 4.12
hero_oak_a -120.38 8.17 1963.84 4.04 1.03 0 0 1 0.550 13.74 8.57
hero_spruce_a -113.88 9.03 1963.47 5.17 1.25 0 0 1 0.380 16.00 3.90
hero_spruce_c -102.68 10.36 1962.69 5.83 1.23 0 0 1 0.420 19.00 3.91
hero_birch_a -96.33 10.92 1964.53 0.88 1.20 0 0 1 0.200 13.23 4.86
hero_spruce_c -87.21 11.59 1963.60 3.59 1.20 0 0 1 0.420 19.00 3.91
hero_spruce_b -78.33 11.92 1962.26 0.70 1.00 0 0 1 0.320 13.00 3.84
hero_oak_c -69.76 11.92 1962.22 4.48 0.97 0 0 1 0.620 16.21 10.57
hero_spruce_a -62.24 11.87 1964.60 0.27 1.00 0 0 1 0.380 16.00 3.90
hero_spruce_a -53.29 11.37 1965.32 3.81 1.00 0 0 1 0.380 16.00 3.90
hero_spruce_b 43.33 -2.89 1967.02 2.10 1.22 0 0 1 0.320 13.00 3.84
hero_spruce_c 49.74 -2.70 1968.81 2.78 1.17 0 0 1 0.420 19.00 3.91
hero_birch_b 58.66 -2.71 1967.57 5.22 1.23 0 0 1 0.220 14.31 7.20
hero_spruce_b 66.47 -2.17 1967.44 4.88 0.99 0 0 1 0.320 13.00 3.84
hero_birch_a 77.58 -1.17 1965.51 0.70 1.20 0 0 1 0.200 13.23 4.86
hero_spruce_b 81.21 -1.00 1962.33 3.78 1.14 0 0 1 0.320 13.00 3.84
hero_spruce_c 95.64 2.19 1968.87 4.08 1.03 0 0 1 0.420 19.00 3.91
hero_spruce_b 99.93 2.77 1966.56 3.71 1.33 0 0 1 0.320 13.00 3.84
hero_spruce_a 110.81 4.67 1962.73 5.10 1.10 0 0 1 0.380 16.00 3.90
hero_pine_a 117.95 5.99 1962.21 5.98 1.30 0 0 1 0.340 17.00 4.12
hero_oak_b 126.83 7.59 1964.36 2.35 1.08 0 0 1 0.480 10.11 6.89
hero_pine_b 134.01 8.63 1967.80 1.57 1.08 0 0 1 0.300 14.00 4.13
hero_pine_b 143.04 9.57 1962.00 5.50 1.17 0 0 1 0.300 14.00 4.13
hero_birch_a -145.00 3.58 1972.34 3.82 1.24 0 0 1 0.200 13.23 4.86
hero_oak_a -125.99 6.30 1975.18 0.80 1.21 0 0 1 0.550 13.74 8.57
hero_spruce_b -119.23 7.39 1975.06 1.16 1.18 0 0 1 0.320 13.00 3.84
hero_oak_a -105.22 9.32 1977.16 4.50 1.24 0 0 1 0.550 13.74 8.57
hero_pine_a -84.51 11.71 1976.97 1.07 1.29 0 0 1 0.340 17.00 4.12
hero_spruce_c -73.90 12.28 1971.11 2.91 1.26 0 0 1 0.420 19.00 3.91
hero_pine_a -71.29 12.42 1973.87 0.90 1.19 0 0 1 0.340 17.00 4.12
hero_pine_b -54.23 12.09 1972.84 3.79 1.08 0 0 1 0.300 14.00 4.13
hero_spruce_c 44.71 -1.34 1976.21 3.42 1.32 0 0 1 0.420 19.00 3.91
hero_oak_c 51.42 -2.18 1971.93 2.24 1.29 0 0 1 0.620 16.21 10.57
hero_spruce_a 59.96 -1.53 1974.67 4.31 1.06 0 0 1 0.380 16.00 3.90
hero_spruce_c 66.79 -1.26 1973.58 6.02 1.06 0 0 1 0.420 19.00 3.91
hero_pine_b 81.10 0.23 1972.91 1.24 1.10 0 0 1 0.300 14.00 4.13
hero_pine_b 104.07 4.29 1977.55 4.31 1.17 0 0 1 0.300 14.00 4.13
hero_spruce_a 108.35 4.82 1974.47 3.63 1.34 0 0 1 0.380 16.00 3.90
hero_spruce_c 119.35 6.69 1975.60 1.52 1.18 0 0 1 0.420 19.00 3.91
hero_pine_b 126.92 7.75 1972.81 1.39 1.09 0 0 1 0.300 14.00 4.13
hero_oak_c 136.65 8.91 1971.97 0.01 1.23 0 0 1 0.620 16.21 10.57
hero_pine_a 143.94 9.54 1971.84 0.71 1.29 0 0 1 0.340 17.00 4.12
hero_pine_a -139.35 3.22 1984.66 4.33 0.97 0 0 1 0.340 17.00 4.12
hero_oak_c -129.12 5.33 1979.97 3.98 1.32 0 0 1 0.620 16.21 10.57
hero_pine_b -116.18 7.04 1985.10 4.44 1.34 0 0 1 0.300 14.00 4.13
hero_pine_b -112.46 8.10 1979.67 1.71 0.99 0 0 1 0.300 14.00 4.13
hero_spruce_c -101.13 9.77 1979.58 3.73 0.99 0 0 1 0.420 19.00 3.91
hero_spruce_c -83.05 11.75 1981.70 1.57 1.12 0 0 1 0.420 19.00 3.91
hero_birch_b -75.81 12.22 1985.82 0.17 1.25 0 0 1 0.220 14.31 7.20
hero_pine_a -69.15 12.60 1984.98 2.89 1.14 0 0 1 0.340 17.00 4.12
hero_pine_b -60.24 12.75 1983.14 4.35 1.10 0 0 1 0.300 14.00 4.13
hero_spruce_b -54.58 12.64 1982.63 0.94 1.02 0 0 1 0.320 13.00 3.84
hero_pine_b 51.78 0.05 1985.80 3.03 1.07 0 0 1 0.300 14.00 4.13
hero_spruce_b 65.41 -0.16 1982.21 4.05 1.35 0 0 1 0.320 13.00 3.84
hero_pine_b 83.16 1.32 1980.05 4.70 1.05 0 0 1 0.300 14.00 4.13
hero_spruce_a 89.91 2.23 1980.14 0.10 1.32 0 0 1 0.380 16.00 3.90
hero_pine_a 101.39 4.05 1980.45 0.00 1.11 0 0 1 0.340 17.00 4.12
hero_spruce_a 107.52 5.21 1984.70 2.71 1.34 0 0 1 0.380 16.00 3.90
hero_pine_a 115.53 6.32 1982.45 4.41 1.11 0 0 1 0.340 17.00 4.12
hero_spruce_c 129.38 8.08 1979.49 4.11 1.34 0 0 1 0.420 19.00 3.91
hero_spruce_b 133.69 8.56 1979.06 3.54 1.20 0 0 1 0.320 13.00 3.84
hero_pine_a 144.38 9.30 1983.85 2.50 1.00 0 0 1 0.340 17.00 4.12
hero_oak_a -128.29 4.34 1993.15 5.09 1.14 0 0 1 0.550 13.74 8.57
hero_spruce_a -116.87 6.69 1988.24 2.48 1.22 0 0 1 0.380 16.00 3.90
hero_birch_a -111.10 7.35 1992.42 0.26 1.23 0 0 1 0.200 13.23 4.86
hero_spruce_a -105.14 8.55 1989.51 2.52 0.98 0 0 1 0.380 16.00 3.90
hero_oak_c -93.93 9.99 1993.04 0.09 1.13 0 0 1 0.620 16.21 10.57
hero_spruce_a -84.77 11.12 1994.03 4.41 1.02 0 0 1 0.380 16.00 3.90
hero_birch_a -80.24 11.60 1993.40 3.70 1.35 0 0 1 0.200 13.23 4.86
hero_spruce_b -66.94 12.63 1991.64 5.12 1.12 0 0 1 0.320 13.00 3.84
hero_spruce_c -59.25 12.82 1989.51 1.94 1.16 0 0 1 0.420 19.00 3.91
hero_pine_b -50.04 12.70 1992.64 1.40 1.33 0 0 1 0.300 14.00 4.13
hero_pine_a 53.37 0.57 1989.42 4.45 0.99 0 0 1 0.340 17.00 4.12
hero_birch_a 59.94 0.41 1988.01 3.04 1.32 0 0 1 0.200 13.23 4.86
hero_spruce_c 70.49 0.91 1987.60 1.16 1.04 0 0 1 0.420 19.00 3.91
hero_oak_a 84.41 2.31 1988.47 6.07 1.23 0 0 1 0.550 13.74 8.57
hero_oak_a 96.03 3.77 1987.88 4.04 1.04 0 0 1 0.550 13.74 8.57
hero_pine_b 107.53 5.57 1992.89 5.68 1.27 0 0 1 0.300 14.00 4.13
hero_pine_a 118.44 6.83 1987.78 3.67 1.27 0 0 1 0.340 17.00 4.12
hero_oak_b 127.73 7.89 1989.91 6.18 1.31 0 0 1 0.480 10.11 6.89
hero_pine_b 136.43 8.64 1990.27 6.28 1.02 0 0 1 0.300 14.00 4.13
hero_spruce_c 142.15 8.89 1992.66 2.80 0.98 0 0 1 0.420 19.00 3.91
hero_oak_b -142.48 1.60 1998.22 6.15 0.96 0 0 1 0.480 10.11 6.89
hero_spruce_b -137.00 2.26 2001.64 1.80 1.10 0 0 1 0.320 13.00 3.84
hero_pine_b -124.56 4.49 1999.71 5.60 1.26 0 0 1 0.300 14.00 4.13
hero_spruce_b -121.42 4.91 2001.95 4.32 1.09 0 0 1 0.320 13.00 3.84
hero_oak_b -113.68 6.18 2002.84 6.24 1.24 0 0 1 0.480 10.11 6.89
hero_oak_a -101.35 8.33 2002.06 2.11 0.97 0 0 1 0.550 13.74 8.57
hero_oak_c -93.98 9.77 1996.64 3.28 1.20 0 0 1 0.620 16.21 10.57
hero_birch_a -86.38 10.54 2000.83 3.30 1.31 0 0 1 0.200 13.23 4.86
hero_pine_a -78.93 11.64 1996.19 2.59 1.05 0 0 1 0.340 17.00 4.12
hero_oak_a -58.25 12.71 1999.26 4.31 1.27 0 0 1 0.550 13.74 8.57
hero_birch_b -50.93 12.71 1999.60 5.35 1.24 0 0 1 0.220 14.31 7.20
hero_spruce_c 52.87 2.04 2001.08 0.96 1.02 0 0 1 0.420 19.00 3.91
hero_pine_b 60.27 2.05 2001.44 0.71 1.27 0 0 1 0.300 14.00 4.13
hero_oak_b 66.20 2.35 2002.81 5.62 1.32 0 0 1 0.480 10.11 6.89
hero_oak_c 73.44 2.36 1998.87 1.66 1.06 0 0 1 0.620 16.21 10.57
hero_spruce_b 83.06 3.28 2000.70 4.25 0.96 0 0 1 0.320 13.00 3.84
hero_oak_a 89.53 3.94 2001.84 2.96 1.24 0 0 1 0.550 13.74 8.57
hero_pine_b 100.76 5.16 2002.76 5.59 1.21 0 0 1 0.300 14.00 4.13
hero_pine_b 108.03 5.85 1998.56 4.74 1.00 0 0 1 0.300 14.00 4.13
hero_oak_a 117.69 6.88 1998.44 1.51 1.20 0 0 1 0.550 13.74 8.57
hero_spruce_c 143.04 8.59 2000.19 2.24 1.05 0 0 1 0.420 19.00 3.91
hero_pine_a -133.68 2.51 2007.02 5.30 1.01 0 0 1 0.340 17.00 4.12
hero_pine_b -130.61 2.99 2007.14 1.42 1.26 0 0 1 0.300 14.00 4.13
hero_spruce_a -118.62 4.99 2008.24 1.08 1.28 0 0 1 0.380 16.00 3.90
hero_spruce_a -108.43 6.93 2005.44 0.43 1.15 0 0 1 0.380 16.00 3.90
hero_pine_b -93.46 9.24 2006.35 6.13 1.30 0 0 1 0.300 14.00 4.13
hero_birch_a -84.66 10.28 2009.19 0.60 1.10 0 0 1 0.200 13.23 4.86
hero_spruce_a -74.06 11.37 2010.29 5.13 0.95 0 0 1 0.380 16.00 3.90
hero_oak_a -71.55 11.64 2008.92 5.14 1.17 0 0 1 0.550 13.74 8.57
hero_spruce_c -57.93 12.32 2009.52 4.41 1.29 0 0 1 0.420 19.00 3.91
hero_oak_b -53.54 12.61 2004.95 5.33 1.06 0 0 1 0.480 10.11 6.89
hero_oak_a 51.14 2.94 2010.29 5.51 0.98 0 0 1 0.550 13.74 8.57
hero_oak_c 58.32 2.87 2010.66 2.69 1.32 0 0 1 0.620 16.21 10.57
hero_pine_a 70.55 2.92 2007.18 4.84 1.13 0 0 1 0.340 17.00 4.12
hero_birch_a 78.75 3.21 2004.61 4.81 1.16 0 0 1 0.200 13.23 4.86
hero_oak_a 84.02 4.02 2011.28 5.67 1.05 0 0 1 0.550 13.74 8.57
hero_pine_a 96.18 4.85 2006.23 2.46 0.96 0 0 1 0.340 17.00 4.12
hero_oak_a 100.27 5.24 2006.53 2.93 1.14 0 0 1 0.550 13.74 8.57
hero_spruce_a 106.82 5.88 2006.40 4.99 1.10 0 0 1 0.380 16.00 3.90
hero_oak_a 115.51 6.70 2004.74 4.85 1.07 0 0 1 0.550 13.74 8.57
hero_spruce_b 125.27 7.47 2006.47 2.92 1.07 0 0 1 0.320 13.00 3.84
hero_pine_a 137.86 8.10 2006.64 4.45 1.27 0 0 1 0.340 17.00 4.12
hero_pine_b -144.38 0.36 2017.29 2.47 1.19 0 0 1 0.300 14.00 4.13
hero_birch_a -138.44 1.22 2019.74 4.72 0.96 0 0 1 0.200 13.23 4.86
hero_spruce_a -131.08 2.51 2016.46 3.23 0.97 0 0 1 0.380 16.00 3.90
hero_spruce_c -116.80 4.93 2015.96 1.38 0.97 0 0 1 0.420 19.00 3.91
hero_pine_b -108.40 6.24 2017.85 3.03 1.09 0 0 1 0.300 14.00 4.13
hero_birch_b -101.95 7.52 2013.58 6.28 1.01 0 0 1 0.220 14.31 7.20
hero_oak_b -94.10 8.55 2016.29 4.27 1.16 0 0 1 0.480 10.11 6.89
hero_oak_b -82.19 10.17 2015.62 5.64 1.13 0 0 1 0.480 10.11 6.89
hero_oak_a -80.15 10.24 2018.11 3.82 1.25 0 0 1 0.550 13.74 8.57
hero_spruce_a -66.77 11.62 2015.12 4.40 1.12 0 0 1 0.380 16.00 3.90
hero_pine_a -62.50 11.87 2014.68 3.99 1.26 0 0 1 0.340 17.00 4.12
hero_spruce_a -55.00 12.21 2013.15 1.00 1.12 0 0 1 0.380 16.00 3.90
hero_pine_b -45.44 12.11 2013.96 0.71 1.34 0 0 1 0.300 14.00 4.13
hero_birch_b 51.69 3.49 2019.91 4.27 1.16 0 0 1 0.220 14.31 7.20
hero_oak_b 58.55 3.40 2019.14 3.53 1.23 0 0 1 0.480 10.11 6.89
hero_spruce_c 65.58 3.37 2016.48 4.89 1.10 0 0 1 0.420 19.00 3.91
hero_spruce_b 77.33 3.94 2019.71 0.31 1.31 0 0 1 0.320 13.00 3.84
hero_pine_a 84.08 4.10 2013.36 5.84 1.27 0 0 1 0.340 17.00 4.12
hero_spruce_c 92.11 4.71 2013.05 3.28 1.19 0 0 1 0.420 19.00 3.91
hero_oak_c 102.04 5.57 2018.93 3.67 1.21 0 0 1 0.620 16.21 10.57
hero_spruce_a 107.35 5.95 2019.82 1.38 1.16 0 0 1 0.380 16.00 3.90
hero_oak_a 115.79 6.52 2018.90 6.14 1.14 0 0 1 0.550 13.74 8.57
hero_birch_b 126.64 7.33 2013.62 5.12 1.02 0 0 1 0.220 14.31 7.20
hero_pine_a 132.76 7.34 2017.93 5.38 1.30 0 0 1 0.340 17.00 4.12
hero_pine_b -133.64 1.88 2022.15 3.29 1.25 0 0 1 0.300 14.00 4.13
hero_birch_b -126.09 2.93 2028.10 1.90 1.24 0 0 1 0.220 14.31 7.20
hero_spruce_b -118.58 4.33 2022.57 3.47 1.24 0 0 1 0.320 13.00 3.84
hero_oak_a -113.76 5.00 2026.24 2.81 0.99 0 0 1 0.550 13.74 8.57
hero_pine_a -104.59 6.49 2025.31 6.18 1.10 0 0 1 0.340 17.00 4.12
hero_spruce_c -95.00 8.08 2022.18 6.07 1.22 0 0 1 0.420 19.00 3.91
hero_oak_a -83.84 9.59 2021.49 3.48 1.34 0 0 1 0.550 13.74 8.57
hero_spruce_a -79.61 9.65 2028.09 0.74 1.08 0 0 1 0.380 16.00 3.90
hero_pine_b -70.76 10.56 2026.19 4.53 1.18 0 0 1 0.300 14.00 4.13
hero_birch_a -60.60 11.31 2024.18 3.85 1.16 0 0 1 0.200 13.23 4.86
hero_birch_a -50.49 11.32 2026.85 5.55 1.07 0 0 1 0.200 13.23 4.86
hero_birch_b 55.75 3.62 2025.45 1.14 1.14 0 0 1 0.220 14.31 7.20
hero_pine_a 67.87 3.72 2024.70 1.50 1.24 0 0 1 0.340 17.00 4.12
hero_spruce_a 78.10 4.10 2023.99 3.32 1.19 0 0 1 0.380 16.00 3.90
hero_pine_b 93.56 4.97 2026.39 0.27 1.07 0 0 1 0.300 14.00 4.13
hero_spruce_a 104.63 5.60 2028.17 3.29 1.03 0 0 1 0.380 16.00 3.90
hero_birch_b 110.46 6.12 2022.07 5.89 0.98 0 0 1 0.220 14.31 7.20
hero_pine_b 119.69 6.33 2028.00 1.79 1.25 0 0 1 0.300 14.00 4.13
hero_spruce_a 127.04 6.78 2025.08 4.78 1.02 0 0 1 0.380 16.00 3.90
hero_spruce_c 134.28 7.09 2022.39 1.18 1.34 0 0 1 0.420 19.00 3.91
hero_spruce_c 141.09 7.21 2021.80 1.36 1.28 0 0 1 0.420 19.00 3.91
hero_birch_a -142.30 0.35 2035.84 1.92 1.11 0 0 1 0.200 13.23 4.86
hero_pine_a -131.43 2.02 2031.55 2.50 1.24 0 0 1 0.340 17.00 4.12
hero_spruce_b -116.94 4.20 2035.39 0.90 1.22 0 0 1 0.320 13.00 3.84
hero_spruce_b -108.67 5.48 2034.65 3.63 1.25 0 0 1 0.320 13.00 3.84
hero_oak_c -100.35 6.73 2034.18 0.23 1.14 0 0 1 0.620 16.21 10.57
hero_spruce_b -92.09 7.73 2036.22 1.51 1.23 0 0 1 0.320 13.00 3.84
hero_oak_a -84.57 8.97 2030.21 4.75 1.22 0 0 1 0.550 13.74 8.57
hero_oak_a -76.26 9.70 2032.04 4.62 1.13 0 0 1 0.550 13.74 8.57
hero_oak_a -69.83 10.14 2033.00 2.41 0.98 0 0 1 0.550 13.74 8.57
hero_oak_b -57.61 10.76 2032.12 5.41 1.27 0 0 1 0.480 10.11 6.89
hero_oak_b -49.47 10.98 2030.85 5.70 1.18 0 0 1 0.480 10.11 6.89
hero_spruce_b -46.13 10.93 2031.01 4.44 1.24 0 0 1 0.320 13.00 3.84
hero_pine_a 48.89 3.79 2031.14 6.17 1.10 0 0 1 0.340 17.00 4.12
hero_pine_a 56.43 3.68 2035.49 1.05 1.03 0 0 1 0.340 17.00 4.12
hero_spruce_c 75.45 4.04 2030.01 5.06 1.13 0 0 1 0.420 19.00 3.91
hero_pine_a 84.55 4.44 2030.04 3.32 1.14 0 0 1 0.340 17.00 4.12
hero_spruce_a 92.94 4.82 2033.24 5.44 1.05 0 0 1 0.380 16.00 3.90
hero_spruce_c 101.83 5.34 2031.69 5.28 1.04 0 0 1 0.420 19.00 3.91
hero_spruce_a 110.53 5.54 2035.97 2.84 1.03 0 0 1 0.380 16.00 3.90
hero_pine_b 127.85 6.06 2034.99 5.30 1.32 0 0 1 0.300 14.00 4.13
hero_spruce_b 133.33 6.49 2030.76 5.42 1.03 0 0 1 0.320 13.00 3.84
hero_birch_a -134.88 1.39 2041.61 4.48 1.09 0 0 1 0.200 13.23 4.86
hero_pine_b -120.02 3.57 2043.16 3.69 1.29 0 0 1 0.300 14.00 4.13
hero_birch_a -110.73 5.04 2039.52 3.36 1.15 0 0 1 0.200 13.23 4.86
hero_spruce_c -104.55 5.86 2041.04 0.10 1.35 0 0 1 0.420 19.00 3.91
hero_spruce_c -93.42 7.41 2039.74 2.96 1.08 0 0 1 0.420 19.00 3.91
hero_spruce_a -86.66 7.93 2044.55 2.05 0.99 0 0 1 0.380 16.00 3.90
hero_oak_b -76.99 9.08 2040.06 1.24 1.21 0 0 1 0.480 10.11 6.89
hero_pine_a -67.81 9.69 2040.57 3.42 1.01 0 0 1 0.340 17.00 4.12
hero_spruce_c -57.28 9.70 2044.61 0.30 1.01 0 0 1 0.420 19.00 3.91
hero_spruce_a -52.65 9.70 2044.72 2.53 1.30 0 0 1 0.380 16.00 3.90
hero_spruce_a 49.87 3.53 2043.04 5.67 1.16 0 0 1 0.380 16.00 3.90
hero_pine_a 65.46 3.59 2042.30 0.42 1.03 0 0 1 0.340 17.00 4.12
hero_birch_b 77.62 3.92 2041.36 1.21 1.19 0 0 1 0.220 14.31 7.20
hero_birch_b 95.74 4.62 2041.51 2.36 1.05 0 0 1 0.220 14.31 7.20
hero_birch_b 101.84 4.92 2040.69 0.55 0.97 0 0 1 0.220 14.31 7.20
hero_spruce_a 109.06 4.79 2045.56 3.45 1.34 0 0 1 0.380 16.00 3.90
hero_spruce_c 118.60 5.31 2042.14 2.05 1.22 0 0 1 0.420 19.00 3.91
hero_spruce_b 124.68 5.40 2042.28 0.35 1.14 0 0 1 0.320 13.00 3.84
hero_pine_a 133.06 5.31 2043.60 6.25 1.05 0 0 1 0.340 17.00 4.12
hero_spruce_c 142.82 5.06 2044.50 4.20 1.30 0 0 1 0.420 19.00 3.91
hero_spruce_b -136.99 0.99 2053.77 1.31 0.97 0 0 1 0.320 13.00 3.84
hero_oak_c -116.92 3.90 2052.05 2.89 0.95 0 0 1 0.620 16.21 10.57
hero_pine_b -113.93 4.30 2052.68 0.77 1.06 0 0 1 0.300 14.00 4.13
hero_oak_c -102.19 5.92 2049.59 0.14 1.20 0 0 1 0.620 16.21 10.57
hero_pine_b -95.21 6.63 2052.46 2.06 1.30 0 0 1 0.300 14.00 4.13
hero_spruce_c -83.26 8.07 2047.64 2.43 1.22 0 0 1 0.420 19.00 3.91
hero_spruce_c -74.24 8.48 2051.57 1.52 1.26 0 0 1 0.420 19.00 3.91
hero_oak_a -67.77 8.77 2052.28 5.88 1.04 0 0 1 0.550 13.74 8.57
hero_oak_c -58.10 9.01 2052.02 1.66 1.09 0 0 1 0.620 16.21 10.57
hero_spruce_b -50.66 8.94 2052.46 3.90 1.24 0 0 1 0.320 13.00 3.84
hero_oak_b 50.64 3.01 2052.77 1.45 1.16 0 0 1 0.480 10.11 6.89
hero_spruce_c 57.00 3.12 2050.66 6.13 1.12 0 0 1 0.420 19.00 3.91
hero_spruce_b 65.77 3.17 2051.52 5.54 0.97 0 0 1 0.320 13.00 3.84
hero_oak_b 72.86 3.26 2051.92 1.24 1.27 0 0 1 0.480 10.11 6.89
hero_spruce_b 93.59 3.92 2051.43 4.67 1.04 0 0 1 0.320 13.00 3.84
hero_oak_c 104.55 4.28 2050.86 1.34 1.00 0 0 1 0.620 16.21 10.57
hero_spruce_b 107.42 4.17 2052.76 0.85 1.06 0 0 1 0.320 13.00 3.84
hero_oak_c 120.53 4.28 2053.40 2.10 1.03 0 0 1 0.620 16.21 10.57
hero_oak_c 125.23 4.34 2052.65 5.62 1.31 0 0 1 0.620 16.21 10.57
hero_oak_b 138.93 4.64 2049.14 4.52 1.06 0 0 1 0.480 10.11 6.89
hero_oak_a -144.53 -0.13 2056.27 1.91 1.09 0 0 1 0.550 13.74 8.57
hero_spruce_a -136.76 0.94 2059.96 3.97 1.07 0 0 1 0.380 16.00 3.90
hero_pine_a -129.33 1.99 2059.75 6.00 1.28 0 0 1 0.340 17.00 4.12
hero_spruce_b -116.18 3.79 2062.44 5.14 1.10 0 0 1 0.320 13.00 3.84
hero_spruce_a -106.01 5.19 2057.60 4.37 1.30 0 0 1 0.380 16.00 3.90
hero_spruce_b -94.80 6.49 2057.94 1.29 1.01 0 0 1 0.320 13.00 3.84
hero_spruce_a -88.83 6.87 2061.31 3.43 1.30 0 0 1 0.380 16.00 3.90
hero_spruce_a -77.49 7.69 2060.79 6.17 1.35 0 0 1 0.380 16.00 3.90
hero_pine_b -61.08 8.31 2059.71 0.28 1.11 0 0 1 0.300 14.00 4.13
hero_pine_a -52.37 8.67 2055.68 3.78 1.05 0 0 1 0.340 17.00 4.12
hero_spruce_a -43.13 7.85 2061.22 2.57 1.02 0 0 1 0.380 16.00 3.90
hero_spruce_b 50.39 2.42 2060.64 0.35 1.33 0 0 1 0.320 13.00 3.84
hero_spruce_a 59.03 2.81 2055.83 2.42 1.09 0 0 1 0.380 16.00 3.90
hero_spruce_b 70.50 2.46 2062.29 5.58 1.31 0 0 1 0.320 13.00 3.84
hero_spruce_c 77.09 3.08 2056.63 4.29 0.99 0 0 1 0.420 19.00 3.91
hero_spruce_c 93.18 3.36 2058.12 3.67 1.12 0 0 1 0.420 19.00 3.91
hero_birch_a 101.53 3.71 2056.51 5.18 1.01 0 0 1 0.200 13.23 4.86
hero_pine_b 111.13 3.73 2057.78 4.92 1.12 0 0 1 0.300 14.00 4.13
hero_birch_a 121.80 3.26 2062.17 0.91 1.24 0 0 1 0.200 13.23 4.86
hero_spruce_b 126.33 3.31 2061.49 2.19 1.16 0 0 1 0.320 13.00 3.84
hero_spruce_c 138.42 3.41 2059.07 1.93 1.32 0 0 1 0.420 19.00 3.91
hero_pine_b 141.74 3.66 2056.58 2.77 1.22 0 0 1 0.300 14.00 4.13
hero_spruce_c -138.10 0.64 2065.16 2.14 1.09 0 0 1 0.420 19.00 3.91
hero_oak_b -128.73 2.00 2065.21 2.15 1.02 0 0 1 0.480 10.11 6.89
hero_oak_b -116.87 3.65 2064.07 2.08 1.27 0 0 1 0.480 10.11 6.89
hero_spruce_c -105.87 4.89 2069.07 5.89 1.17 0 0 1 0.420 19.00 3.91
hero_birch_a -95.58 6.09 2065.29 1.84 1.30 0 0 1 0.200 13.23 4.86
hero_spruce_c -73.49 7.31 2069.43 1.49 1.20 0 0 1 0.420 19.00 3.91
hero_birch_b -66.33 7.48 2069.36 6.00 1.01 0 0 1 0.220 14.31 7.20
hero_pine_a -61.04 7.74 2066.34 3.25 1.09 0 0 1 0.340 17.00 4.12
hero_spruce_a -50.63 7.67 2065.54 4.61 1.04 0 0 1 0.380 16.00 3.90
hero_spruce_b -42.79 6.87 2070.15 1.93 1.19 0 0 1 0.320 13.00 3.84
hero_spruce_a 53.84 1.59 2070.57 5.53 1.03 0 0 1 0.380 16.00 3.90
hero_pine_b 59.98 2.03 2065.76 3.13 1.25 0 0 1 0.300 14.00 4.13
hero_birch_b 68.56 2.25 2064.47 1.02 1.33 0 0 1 0.220 14.31 7.20
hero_oak_a 76.43 1.98 2069.26 0.55 1.21 0 0 1 0.550 13.74 8.57
hero_oak_a 83.05 2.33 2067.16 1.10 1.02 0 0 1 0.550 13.74 8.57
hero_spruce_b 91.50 2.17 2070.00 3.66 1.32 0 0 1 0.320 13.00 3.84
hero_oak_b 102.73 2.43 2069.07 0.97 1.13 0 0 1 0.480 10.11 6.89
hero_spruce_c 113.38 2.96 2064.91 5.21 1.06 0 0 1 0.420 19.00 3.91
hero_spruce_c 120.22 2.22 2070.84 2.02 1.01 0 0 1 0.420 19.00 3.91
hero_spruce_b 129.65 2.49 2067.73 3.53 0.99 0 0 1 0.320 13.00 3.84
hero_birch_b 132.89 2.10 2069.95 1.81 1.34 0 0 1 0.220 14.31 7.20
hero_oak_c 143.03 1.84 2070.23 0.42 1.10 0 0 1 0.620 16.21 10.57
hero_spruce_a -141.97 -0.15 2073.47 1.17 0.98 0 0 1 0.380 16.00 3.90
hero_birch_a -137.76 0.29 2077.64 1.33 1.33 0 0 1 0.200 13.23 4.86
hero_spruce_c -130.05 1.39 2078.73 3.25 1.20 0 0 1 0.420 19.00 3.91
hero_spruce_a -117.71 3.15 2078.10 3.90 0.96 0 0 1 0.380 16.00 3.90
hero_oak_a -108.26 4.48 2073.75 4.40 0.98 0 0 1 0.550 13.74 8.57
hero_oak_b -103.45 4.81 2078.06 6.27 1.29 0 0 1 0.480 10.11 6.89
hero_birch_a -95.72 5.71 2074.20 4.12 1.30 0 0 1 0.200 13.23 4.86
hero_oak_a -87.62 6.15 2077.83 0.66 1.24 0 0 1 0.550 13.74 8.57
hero_pine_b -76.63 6.98 2073.03 0.02 1.16 0 0 1 0.300 14.00 4.13
hero_birch_b -57.42 6.72 2077.84 0.11 1.03 0 0 1 0.220 14.31 7.20
hero_birch_b -52.88 6.51 2078.36 0.58 1.25 0 0 1 0.220 14.31 7.20
hero_pine_a 48.60 1.32 2073.42 2.25 1.06 0 0 1 0.340 17.00 4.12
hero_spruce_a 58.65 0.98 2077.21 0.54 1.25 0 0 1 0.380 16.00 3.90
hero_spruce_a 66.00 1.26 2075.39 3.08 1.04 0 0 1 0.380 16.00 3.90
hero_spruce_a 72.94 1.59 2073.05 0.99 1.02 0 0 1 0.380 16.00 3.90
hero_birch_b 86.61 1.36 2077.19 3.42 1.34 0 0 1 0.220 14.31 7.20
hero_oak_c 92.42 1.88 2073.31 5.09 0.99 0 0 1 0.620 16.21 10.57
hero_birch_a 100.83 1.75 2074.98 2.77 1.15 0 0 1 0.200 13.23 4.86
hero_birch_a 113.23 2.02 2072.81 5.75 1.06 0 0 1 0.200 13.23 4.86
hero_pine_a 120.75 1.20 2078.58 3.50 1.24 0 0 1 0.340 17.00 4.12
hero_spruce_c 124.71 1.25 2077.67 5.24 1.25 0 0 1 0.420 19.00 3.91
hero_birch_a 136.65 1.27 2075.76 4.29 1.01 0 0 1 0.200 13.23 4.86
hero_oak_b 141.61 0.59 2079.50 0.64 1.34 0 0 1 0.480 10.11 6.89
hero_spruce_c -143.13 -1.02 2087.51 0.74 1.26 0 0 1 0.420 19.00 3.91
hero_spruce_b -127.96 1.34 2086.86 5.29 1.04 0 0 1 0.320 13.00 3.84
hero_spruce_a -109.79 3.94 2082.27 5.09 1.16 0 0 1 0.380 16.00 3.90
hero_spruce_c -105.64 4.36 2082.96 4.38 1.32 0 0 1 0.420 19.00 3.91
hero_spruce_b -75.49 6.46 2081.47 4.53 1.14 0 0 1 0.320 13.00 3.84
hero_spruce_a -66.78 6.27 2085.16 3.36 1.09 0 0 1 0.380 16.00 3.90
hero_spruce_c -57.29 6.05 2085.31 2.57 1.24 0 0 1 0.420 19.00 3.91
hero_spruce_c -51.16 5.90 2084.53 2.98 1.02 0 0 1 0.420 19.00 3.91
hero_birch_a 48.94 0.48 2082.29 1.25 1.02 0 0 1 0.200 13.23 4.86
hero_spruce_b 57.68 0.11 2086.56 4.90 1.09 0 0 1 0.320 13.00 3.84
hero_spruce_b 67.95 0.39 2084.77 2.37 1.02 0 0 1 0.320 13.00 3.84
hero_pine_a 79.45 0.31 2086.86 1.91 1.20 0 0 1 0.340 17.00 4.12
hero_oak_b 82.92 0.31 2087.35 0.61 1.00 0 0 1 0.480 10.11 6.89
hero_pine_b 90.85 0.60 2084.86 1.14 1.23 0 0 1 0.300 14.00 4.13
hero_pine_a 103.18 0.83 2083.06 2.41 1.09 0 0 1 0.340 17.00 4.12
hero_spruce_b 107.87 0.46 2086.05 0.34 0.97 0 0 1 0.320 13.00 3.84
hero_pine_a 120.62 0.33 2085.40 2.89 1.17 0 0 1 0.340 17.00 4.12
hero_spruce_c 130.23 0.44 2082.94 2.89 1.20 0 0 1 0.420 19.00 3.91
hero_birch_a 133.59 0.44 2082.25 0.15 1.26 0 0 1 0.200 13.23 4.86
hero_spruce_b -133.59 0.06 2093.78 4.40 1.32 0 0 1 0.320 13.00 3.84
hero_oak_b -125.09 1.40 2092.68 2.00 1.32 0 0 1 0.480 10.11 6.89
hero_spruce_b -120.29 2.20 2090.43 0.73 1.32 0 0 1 0.320 13.00 3.84
hero_oak_c -109.53 3.42 2092.99 0.24 1.21 0 0 1 0.620 16.21 10.57
hero_birch_a -101.58 4.22 2093.69 5.39 1.03 0 0 1 0.200 13.23 4.86
hero_birch_a -95.52 4.84 2091.64 2.84 1.28 0 0 1 0.200 13.23 4.86
hero_pine_b -87.04 5.31 2092.93 1.55 1.10 0 0 1 0.300 14.00 4.13
hero_pine_b -74.31 5.40 2096.49 2.27 1.34 0 0 1 0.300 14.00 4.13
hero_spruce_c -66.14 5.81 2091.25 2.26 0.97 0 0 1 0.420 19.00 3.91
hero_oak_a -57.86 5.33 2094.45 5.40 0.98 0 0 1 0.550 13.74 8.57
hero_birch_a -49.34 4.76 2095.90 0.55 1.15 0 0 1 0.200 13.23 4.86
hero_oak_c -44.70 5.05 2089.85 5.00 0.96 0 0 1 0.620 16.21 10.57
hero_birch_a 53.63 -0.40 2091.80 3.37 1.11 0 0 1 0.200 13.23 4.86
hero_oak_a 58.04 -0.24 2090.46 0.36 1.03 0 0 1 0.550 13.74 8.57
hero_spruce_a 75.06 -0.44 2094.38 1.45 0.98 0 0 1 0.380 16.00 3.90
hero_birch_a 85.75 -0.40 2094.55 1.78 0.98 0 0 1 0.200 13.23 4.86
hero_oak_b 96.00 -0.30 2093.21 5.85 1.34 0 0 1 0.480 10.11 6.89
hero_birch_a 110.99 -0.26 2091.62 0.78 1.17 0 0 1 0.200 13.23 4.86
hero_spruce_a 130.09 -1.27 2096.23 1.24 1.20 0 0 1 0.380 16.00 3.90
hero_birch_a 135.82 -1.11 2093.54 3.05 1.31 0 0 1 0.200 13.23 4.86
hero_spruce_a -132.99 -0.42 2102.21 0.12 1.06 0 0 1 0.380 16.00 3.90
hero_birch_b -130.53 -0.04 2102.12 4.92 1.12 0 0 1 0.220 14.31 7.20
hero_birch_b -120.94 1.32 2102.75 2.27 1.19 0 0 1 0.220 14.31 7.20
hero_spruce_a -113.95 2.45 2100.09 1.26 1.10 0 0 1 0.380 16.00 3.90
hero_spruce_c -104.11 3.28 2104.04 2.13 1.08 0 0 1 0.420 19.00 3.91
hero_spruce_c -93.92 4.13 2103.87 1.70 1.25 0 0 1 0.420 19.00 3.91
hero_spruce_a -85.07 4.89 2100.35 4.08 1.08 0 0 1 0.380 16.00 3.90
hero_birch_a -65.13 4.90 2102.00 0.60 1.31 0 0 1 0.200 13.23 4.86
hero_oak_b -54.01 4.23 2105.02 2.74 1.16 0 0 1 0.480 10.11 6.89
hero_birch_b 53.72 -1.10 2099.77 4.06 1.24 0 0 1 0.220 14.31 7.20
hero_oak_b 61.52 -1.08 2100.21 1.88 1.15 0 0 1 0.480 10.11 6.89
hero_spruce_a 69.92 -1.01 2100.20 3.04 1.08 0 0 1 0.380 16.00 3.90
hero_oak_a 77.64 -1.08 2101.57 2.23 0.97 0 0 1 0.550 13.74 8.57
hero_spruce_a 85.54 -1.14 2102.31 5.62 1.01 0 0 1 0.380 16.00 3.90
hero_spruce_a 94.11 -0.86 2098.91 1.45 1.11 0 0 1 0.380 16.00 3.90
hero_birch_a 99.83 -1.04 2100.23 0.38 1.05 0 0 1 0.200 13.23 4.86
hero_pine_b 111.25 -1.12 2099.17 5.58 0.99 0 0 1 0.300 14.00 4.13
hero_spruce_c 116.33 -1.85 2104.75 2.90 1.01 0 0 1 0.420 19.00 3.91
hero_birch_a 127.61 -2.23 2104.93 0.18 1.30 0 0 1 0.200 13.23 4.86
hero_spruce_a 143.94 -1.91 2098.42 3.67 1.06 0 0 1 0.380 16.00 3.90
hero_oak_a -130.51 -0.68 2110.12 3.76 1.20 0 0 1 0.550 13.74 8.57
hero_oak_b -116.86 1.47 2108.19 3.17 1.11 0 0 1 0.480 10.11 6.89
hero_spruce_c -112.08 2.10 2107.76 5.27 1.29 0 0 1 0.420 19.00 3.91
hero_pine_b -101.87 2.86 2112.37 4.08 0.95 0 0 1 0.300 14.00 4.13
hero_pine_b -91.17 4.11 2106.95 0.70 0.97 0 0 1 0.300 14.00 4.13
hero_spruce_b -84.39 4.27 2108.67 6.06 1.30 0 0 1 0.320 13.00 3.84
hero_pine_a -78.29 4.35 2109.62 4.23 1.23 0 0 1 0.340 17.00 4.12
hero_birch_a -67.19 4.30 2109.90 2.94 1.34 0 0 1 0.200 13.23 4.86
hero_spruce_c -50.36 3.61 2109.84 0.44 1.22 0 0 1 0.420 19.00 3.91
hero_spruce_c -44.72 3.29 2109.10 4.86 1.26 0 0 1 0.420 19.00 3.91
hero_oak_b 62.03 -1.66 2107.67 3.34 0.99 0 0 1 0.480 10.11 6.89
hero_oak_c 64.16 -1.68 2107.95 0.46 1.11 0 0 1 0.620 16.21 10.57
hero_spruce_b 75.28 -1.77 2109.57 2.19 1.18 0 0 1 0.320 13.00 3.84
hero_birch_b 85.27 -1.73 2108.94 1.38 1.05 0 0 1 0.220 14.31 7.20
hero_spruce_c 92.80 -1.95 2110.64 3.31 1.23 0 0 1 0.420 19.00 3.91
hero_spruce_b 98.88 -1.93 2109.55 3.43 1.09 0 0 1 0.320 13.00 3.84
hero_spruce_a 113.55 -2.04 2107.32 2.93 1.04 0 0 1 0.380 16.00 3.90
hero_pine_b 119.42 -2.58 2110.92 3.77 1.12 0 0 1 0.300 14.00 4.13
hero_pine_b 129.45 -2.62 2108.22 3.24 1.10 0 0 1 0.300 14.00 4.13
hero_pine_b 141.01 -2.90 2107.75 5.41 1.11 0 0 1 0.300 14.00 4.13
hero_spruce_b -142.29 -2.99 2115.19 4.76 1.12 0 0 1 0.320 13.00 3.84
hero_spruce_c -131.26 -1.76 2121.41 2.55 1.14 0 0 1 0.420 19.00 3.91
hero_birch_b -120.75 -0.18 2121.12 4.99 1.27 0 0 1 0.220 14.31 7.20
hero_spruce_b -114.13 1.12 2116.80 6.02 0.97 0 0 1 0.320 13.00 3.84
hero_spruce_a -100.04 2.62 2117.00 4.30 1.17 0 0 1 0.380 16.00 3.90
hero_spruce_b -91.05 3.08 2119.11 6.02 1.31 0 0 1 0.320 13.00 3.84
hero_pine_a -88.14 3.37 2117.92 5.91 1.04 0 0 1 0.340 17.00 4.12
hero_birch_b -76.58 3.75 2117.36 4.77 1.06 0 0 1 0.220 14.31 7.20
hero_spruce_c -69.19 3.50 2120.04 1.44 1.14 0 0 1 0.420 19.00 3.91
hero_oak_a -58.80 3.04 2121.72 0.74 1.29 0 0 1 0.550 13.74 8.57
hero_birch_a -49.39 3.05 2115.90 3.80 1.07 0 0 1 0.200 13.23 4.86
hero_spruce_a 51.28 -2.51 2120.32 3.54 1.02 0 0 1 0.380 16.00 3.90
hero_spruce_a 69.06 -2.19 2115.13 5.75 1.31 0 0 1 0.380 16.00 3.90
hero_pine_b 76.68 -2.27 2116.57 1.02 1.06 0 0 1 0.300 14.00 4.13
hero_oak_c 92.04 -2.75 2121.12 3.54 1.24 0 0 1 0.620 16.21 10.57
hero_pine_b 97.99 -2.64 2117.95 3.11 1.29 0 0 1 0.300 14.00 4.13
hero_birch_a 107.46 -3.00 2119.54 2.65 1.31 0 0 1 0.200 13.23 4.86
hero_oak_a 118.27 -3.13 2117.55 5.61 0.99 0 0 1 0.550 13.74 8.57
hero_spruce_c 126.79 -3.69 2120.77 4.90 1.06 0 0 1 0.420 19.00 3.91
hero_spruce_c 132.97 -3.88 2120.43 4.24 1.26 0 0 1 0.420 19.00 3.91
hero_pine_a -143.29 -3.96 2124.41 0.54 1.28 0 0 1 0.340 17.00 4.12
hero_birch_b -137.21 -3.41 2129.98 5.13 0.99 0 0 1 0.220 14.31 7.20
hero_oak_a -126.49 -1.24 2123.92 0.84 0.99 0 0 1 0.550 13.74 8.57
hero_pine_b -116.43 -0.27 2129.03 2.32 1.15 0 0 1 0.300 14.00 4.13
hero_birch_a -91.08 2.65 2124.03 5.50 1.28 0 0 1 0.200 13.23 4.86
hero_spruce_b -88.04 2.70 2125.76 0.72 0.99 0 0 1 0.320 13.00 3.84
hero_oak_b -76.95 2.67 2129.42 5.00 1.33 0 0 1 0.480 10.11 6.89
hero_birch_b -62.24 2.78 2126.41 1.68 1.21 0 0 1 0.220 14.31 7.20
hero_oak_a -51.76 2.39 2125.67 2.03 1.01 0 0 1 0.550 13.74 8.57
hero_spruce_b 52.27 -2.74 2124.44 2.38 1.16 0 0 1 0.320 13.00 3.84
hero_pine_a 62.27 -2.96 2128.79 3.76 1.23 0 0 1 0.340 17.00 4.12
hero_oak_a 67.46 -2.83 2125.88 2.98 1.30 0 0 1 0.550 13.74 8.57
hero_birch_a 74.59 -2.87 2126.16 5.58 1.28 0 0 1 0.200 13.23 4.86
hero_pine_b 81.62 -3.01 2127.39 5.99 1.34 0 0 1 0.300 14.00 4.13
hero_oak_a 92.74 -2.96 2123.85 1.53 1.28 0 0 1 0.550 13.74 8.57
hero_pine_a 99.38 -3.15 2124.61 1.15 1.30 0 0 1 0.340 17.00 4.12
hero_oak_c 111.25 -3.72 2128.38 4.26 1.05 0 0 1 0.620 16.21 10.57
hero_oak_a 120.11 -3.92 2127.05 0.30 0.97 0 0 1 0.550 13.74 8.57
hero_spruce_c 129.22 -4.04 2124.11 1.97 1.29 0 0 1 0.420 19.00 3.91
hero_spruce_a 138.61 -4.38 2125.32 3.90 1.10 0 0 1 0.380 16.00 3.90
hero_oak_b -137.85 -3.77 2133.18 4.86 1.09 0 0 1 0.480 10.11 6.89
hero_spruce_b -124.91 -2.11 2137.09 1.89 0.98 0 0 1 0.320 13.00 3.84
hero_spruce_c -122.37 -1.65 2135.49 5.09 1.31 0 0 1 0.420 19.00 3.91
hero_oak_a -114.16 -0.22 2131.96 4.05 1.05 0 0 1 0.550 13.74 8.57
hero_spruce_c -94.85 1.17 2138.07 4.08 1.23 0 0 1 0.420 19.00 3.91
hero_pine_a -85.00 1.62 2139.07 5.67 1.30 0 0 1 0.340 17.00 4.12
hero_pine_a -80.34 2.40 2131.97 0.82 1.23 0 0 1 0.340 17.00 4.12
hero_spruce_c -66.21 2.06 2136.19 4.22 1.26 0 0 1 0.420 19.00 3.91
hero_pine_a -59.22 1.98 2134.98 4.68 1.05 0 0 1 0.340 17.00 4.12
hero_spruce_b -52.16 1.41 2137.98 3.09 1.27 0 0 1 0.320 13.00 3.84
hero_oak_b -46.10 1.06 2138.46 2.20 1.04 0 0 1 0.480 10.11 6.89
hero_spruce_b 47.90 -3.10 2133.25 3.56 1.02 0 0 1 0.320 13.00 3.84
hero_pine_a 59.48 -3.26 2136.22 4.11 1.19 0 0 1 0.340 17.00 4.12
hero_spruce_a 66.06 -3.37 2138.56 6.00 1.14 0 0 1 0.380 16.00 3.90
hero_spruce_b 78.36 -3.22 2132.66 0.57 1.08 0 0 1 0.320 13.00 3.84
hero_birch_a 82.53 -3.41 2135.22 4.14 1.26 0 0 1 0.200 13.23 4.86
hero_pine_a 92.07 -3.74 2138.38 4.60 1.19 0 0 1 0.340 17.00 4.12
hero_oak_c 101.86 -3.98 2137.75 2.44 1.28 0 0 1 0.620 16.21 10.57
hero_spruce_b 108.05 -3.98 2134.38 0.31 1.17 0 0 1 0.320 13.00 3.84
hero_spruce_b 121.77 -4.50 2135.39 1.24 1.28 0 0 1 0.320 13.00 3.84
hero_oak_a -142.63 -5.19 2143.72 0.04 1.20 0 0 1 0.550 13.74 8.57
hero_spruce_b -134.29 -4.05 2145.57 4.80 0.99 0 0 1 0.320 13.00 3.84
hero_spruce_b -127.00 -2.79 2142.11 2.28 1.05 0 0 1 0.320 13.00 3.84
hero_spruce_b -121.07 -2.09 2143.60 6.20 1.24 0 0 1 0.320 13.00 3.84
hero_pine_b -110.95 -0.66 2141.83 3.77 1.12 0 0 1 0.300 14.00 4.13
hero_spruce_a -105.82 -0.43 2145.84 0.34 1.17 0 0 1 0.380 16.00 3.90
hero_spruce_c -86.17 0.99 2146.14 3.31 1.23 0 0 1 0.420 19.00 3.91
hero_spruce_b -79.75 1.12 2147.23 4.81 1.17 0 0 1 0.320 13.00 3.84
hero_oak_c -69.63 1.59 2142.45 0.51 1.24 0 0 1 0.620 16.21 10.57
hero_spruce_a -61.24 1.12 2146.58 6.28 1.23 0 0 1 0.380 16.00 3.90
hero_pine_a 54.01 -3.44 2142.03 0.70 1.22 0 0 1 0.340 17.00 4.12
hero_oak_a 62.05 -3.56 2145.28 1.30 0.97 0 0 1 0.550 13.74 8.57
hero_birch_a 63.96 -3.48 2142.24 1.05 1.09 0 0 1 0.200 13.23 4.86
hero_spruce_a 74.47 -3.70 2145.38 5.33 1.14 0 0 1 0.380 16.00 3.90
hero_pine_a 81.18 -3.64 2141.09 6.21 1.15 0 0 1 0.340 17.00 4.12
hero_spruce_a 93.58 -4.08 2145.80 5.36 1.08 0 0 1 0.380 16.00 3.90
hero_oak_a 103.88 -4.22 2142.19 4.91 1.07 0 0 1 0.550 13.74 8.57
hero_spruce_a 108.44 -4.40 2142.77 3.45 1.19 0 0 1 0.380 16.00 3.90
hero_spruce_b 117.16 -4.77 2145.37 4.16 1.04 0 0 1 0.320 13.00 3.84
hero_oak_c 124.69 -4.92 2143.25 2.34 1.08 0 0 1 0.620 16.21 10.57
hero_spruce_c 137.95 -5.21 2142.46 5.73 0.98 0 0 1 0.420 19.00 3.91
hero_birch_b -134.79 -4.39 2150.37 2.03 1.28 0 0 1 0.220 14.31 7.20
hero_pine_a -127.08 -3.29 2149.66 3.70 1.28 0 0 1 0.340 17.00 4.12
hero_spruce_b -116.04 -2.10 2154.10 4.56 1.20 0 0 1 0.320 13.00 3.84
hero_spruce_c -103.52 -0.64 2152.08 1.96 0.98 0 0 1 0.420 19.00 3.91
hero_pine_b -96.09 -0.27 2155.37 0.86 1.18 0 0 1 0.300 14.00 4.13
hero_oak_b -82.25 0.49 2154.68 6.05 1.17 0 0 1 0.480 10.11 6.89
hero_spruce_c -79.60 0.53 2155.37 0.04 0.99 0 0 1 0.420 19.00 3.91
hero_oak_b -56.43 0.70 2150.41 5.06 1.11 0 0 1 0.480 10.11 6.89
hero_birch_b -48.75 0.42 2149.58 0.34 1.21 0 0 1 0.220 14.31 7.20
hero_spruce_c 53.29 -3.79 2155.84 2.28 1.21 0 0 1 0.420 19.00 3.91
hero_birch_a 71.00 -3.98 2155.31 0.40 1.18 0 0 1 0.200 13.23 4.86
hero_spruce_b 79.07 -3.96 2151.22 1.17 1.01 0 0 1 0.320 13.00 3.84
hero_birch_a 83.58 -4.20 2154.85 4.06 1.32 0 0 1 0.200 13.23 4.86
hero_birch_a 93.94 -4.31 2151.75 5.94 1.02 0 0 1 0.200 13.23 4.86
hero_birch_a 99.25 -4.43 2150.72 0.89 1.14 0 0 1 0.200 13.23 4.86
hero_spruce_a 107.37 -4.71 2151.60 1.70 1.22 0 0 1 0.380 16.00 3.90
hero_pine_a 115.85 -4.98 2151.64 4.41 1.34 0 0 1 0.340 17.00 4.12
hero_spruce_a 125.38 -5.29 2154.19 2.15 1.26 0 0 1 0.380 16.00 3.90
hero_spruce_b 136.20 -5.46 2152.78 3.11 1.21 0 0 1 0.320 13.00 3.84
hero_spruce_b -136.65 -4.92 2163.57 2.56 1.02 0 0 1 0.320 13.00 3.84
hero_pine_a -128.09 -3.78 2158.72 1.47 1.08 0 0 1 0.340 17.00 4.12
hero_spruce_c -117.66 -2.54 2159.43 5.89 1.11 0 0 1 0.420 19.00 3.91
hero_birch_a -112.91 -2.14 2162.52 3.24 1.18 0 0 1 0.200 13.23 4.86
hero_oak_c -102.19 -1.23 2163.97 3.94 1.31 0 0 1 0.620 16.21 10.57
hero_oak_c -92.33 -0.41 2161.92 2.00 1.05 0 0 1 0.620 16.21 10.57
hero_pine_b -75.33 0.10 2162.85 2.79 1.22 0 0 1 0.300 14.00 4.13
hero_spruce_b -69.71 0.14 2162.76 5.38 1.24 0 0 1 0.320 13.00 3.84
hero_spruce_c -52.48 -0.23 2163.18 2.34 1.28 0 0 1 0.420 19.00 3.91
hero_pine_a 60.11 -3.91 2158.75 1.93 1.03 0 0 1 0.340 17.00 4.12
hero_birch_b 66.77 -4.03 2159.61 3.77 1.11 0 0 1 0.220 14.31 7.20
hero_spruce_c 78.96 -4.30 2160.60 5.42 1.32 0 0 1 0.420 19.00 3.91
hero_spruce_c 84.95 -4.34 2158.78 2.35 1.06 0 0 1 0.420 19.00 3.91
hero_oak_c 92.98 -4.52 2158.16 5.82 1.05 0 0 1 0.620 16.21 10.57
hero_oak_a 100.97 -4.84 2160.74 3.45 1.24 0 0 1 0.550 13.74 8.57
hero_spruce_c 112.42 -5.21 2163.81 3.25 1.00 0 0 1 0.420 19.00 3.91
hero_pine_a 121.19 -5.28 2158.74 5.51 0.97 0 0 1 0.340 17.00 4.12
hero_spruce_b 129.26 -5.46 2158.55 4.41 1.30 0 0 1 0.320 13.00 3.84
hero_oak_c 132.55 -5.49 2157.96 3.85 1.24 0 0 1 0.620 16.21 10.57
hero_birch_b 143.78 -5.52 2162.24 2.77 0.97 0 0 1 0.220 14.31 7.20
hero_pine_b -138.82 -5.08 2171.35 1.74 1.18 0 0 1 0.300 14.00 4.13
hero_pine_a -126.22 -3.71 2169.94 0.31 1.08 0 0 1 0.340 17.00 4.12
hero_spruce_b -116.52 -2.70 2172.70 3.48 0.99 0 0 1 0.320 13.00 3.84
hero_spruce_b -112.42 -2.28 2168.71 5.98 1.18 0 0 1 0.320 13.00 3.84
hero_spruce_a -103.39 -1.56 2170.77 5.32 1.31 0 0 1 0.380 16.00 3.90
hero_oak_c -96.83 -0.92 2166.70 6.27 1.04 0 0 1 0.620 16.21 10.57
hero_pine_b -87.17 -0.55 2169.89 0.82 1.05 0 0 1 0.300 14.00 4.13
hero_birch_b -78.25 -0.29 2170.04 3.09 0.99 0 0 1 0.220 14.31 7.20
hero_spruce_a -67.83 -0.17 2168.22 3.44 1.35 0 0 1 0.380 16.00 3.90
hero_spruce_b -58.81 -0.22 2166.90 3.20 1.18 0 0 1 0.320 13.00 3.84
hero_oak_b -49.25 -0.56 2168.45 5.01 0.97 0 0 1 0.480 10.11 6.89
hero_pine_b 52.53 -4.02 2167.64 0.51 1.17 0 0 1 0.300 14.00 4.13
hero_pine_a 60.38 -4.21 2169.51 3.06 1.33 0 0 1 0.340 17.00 4.12
hero_oak_b 74.15 -4.36 2166.93 4.89 0.96 0 0 1 0.480 10.11 6.89
hero_oak_a 94.41 -5.06 2172.35 4.48 1.08 0 0 1 0.550 13.74 8.57
hero_pine_a 98.04 -4.99 2167.10 1.60 1.32 0 0 1 0.340 17.00 4.12
hero_pine_b 108.19 -5.40 2172.72 3.20 1.04 0 0 1 0.300 14.00 4.13
hero_oak_c 117.13 -5.41 2166.33 4.15 1.32 0 0 1 0.620 16.21 10.57
hero_pine_b 130.06 -5.57 2167.67 4.28 1.04 0 0 1 0.300 14.00 4.13
hero_birch_b 132.98 -5.63 2172.88 1.85 1.11 0 0 1 0.220 14.31 7.20
hero_oak_b 143.92 -5.51 2169.07 5.58 1.19 0 0 1 0.480 10.11 6.89
hero_spruce_a -143.07 -5.05 2180.51 3.19 1.15 0 0 1 0.380 16.00 3.90
hero_spruce_a -139.52 -4.79 2179.39 0.21 0.97 0 0 1 0.380 16.00 3.90
hero_spruce_b -125.68 -3.56 2176.82 2.56 1.01 0 0 1 0.320 13.00 3.84
hero_spruce_b -120.04 -2.94 2180.58 1.98 0.96 0 0 1 0.320 13.00 3.84
hero_pine_a -111.84 -2.31 2176.25 5.74 1.27 0 0 1 0.340 17.00 4.12
hero_pine_b -102.47 -1.63 2180.16 4.50 1.32 0 0 1 0.300 14.00 4.13
hero_spruce_c -93.04 -1.09 2179.57 6.14 1.22 0 0 1 0.420 19.00 3.91
hero_pine_a -84.44 -0.68 2176.85 4.29 1.06 0 0 1 0.340 17.00 4.12
hero_oak_b -77.33 -0.56 2178.16 0.72 1.01 0 0 1 0.480 10.11 6.89
hero_birch_a -65.53 -0.46 2175.40 0.44 1.09 0 0 1 0.200 13.23 4.86
hero_spruce_a -59.94 -0.56 2176.34 5.85 1.06 0 0 1 0.380 16.00 3.90
hero_spruce_c -52.64 -0.76 2177.38 0.97 1.08 0 0 1 0.420 19.00 3.91
hero_pine_a 52.60 -4.20 2176.53 4.27 1.15 0 0 1 0.340 17.00 4.12
hero_spruce_a 61.63 -4.41 2177.75 0.63 0.99 0 0 1 0.380 16.00 3.90
hero_spruce_c 68.97 -4.64 2179.20 3.91 0.96 0 0 1 0.420 19.00 3.91
hero_oak_b 77.44 -4.79 2176.15 4.78 1.34 0 0 1 0.480 10.11 6.89
hero_pine_b 87.98 -4.97 2174.55 3.73 0.99 0 0 1 0.300 14.00 4.13
hero_pine_b 90.14 -5.07 2175.58 5.96 0.99 0 0 1 0.300 14.00 4.13
hero_birch_b 99.26 -5.45 2179.05 0.92 1.07 0 0 1 0.220 14.31 7.20
hero_pine_a 110.44 -5.61 2177.13 4.83 1.28 0 0 1 0.340 17.00 4.12
hero_spruce_c 118.01 -5.65 2175.08 2.20 1.29 0 0 1 0.420 19.00 3.91
hero_birch_a 129.06 -5.68 2175.65 1.09 1.15 0 0 1 0.200 13.23 4.86
hero_oak_b 134.07 -5.62 2175.13 5.35 0.99 0 0 1 0.480 10.11 6.89
hero_spruce_a 143.64 -5.45 2180.84 4.82 1.33 0 0 1 0.380 16.00 3.90
hero_spruce_b -144.76 -4.75 2186.47 1.48 1.32 0 0 1 0.320 13.00 3.84
hero_spruce_b -138.39 -4.45 2183.69 3.12 1.22 0 0 1 0.320 13.00 3.84
hero_pine_b -124.89 -3.04 2188.33 2.35 1.19 0 0 1 0.300 14.00 4.13
hero_pine_b -121.13 -2.87 2185.41 4.89 1.04 0 0 1 0.300 14.00 4.13
hero_spruce_c -113.97 -2.22 2188.31 6.03 0.97 0 0 1 0.420 19.00 3.91
hero_birch_a -103.65 -1.63 2185.65 0.63 1.06 0 0 1 0.200 13.23 4.86
hero_spruce_c -92.76 -1.08 2188.83 1.34 1.20 0 0 1 0.420 19.00 3.91
hero_spruce_b -84.37 -0.83 2183.67 0.57 1.31 0 0 1 0.320 13.00 3.84
hero_pine_b -77.43 -0.71 2185.18 4.17 1.26 0 0 1 0.300 14.00 4.13
hero_spruce_b -70.84 -0.69 2189.38 1.21 1.10 0 0 1 0.320 13.00 3.84
hero_spruce_b -61.43 -0.77 2189.08 2.97 1.19 0 0 1 0.320 13.00 3.84
hero_birch_a -51.56 -0.97 2189.05 0.91 1.17 0 0 1 0.200 13.23 4.86
hero_birch_b 53.07 -4.49 2189.70 4.54 1.22 0 0 1 0.220 14.31 7.20
hero_birch_a 55.75 -4.57 2189.35 4.29 1.25 0 0 1 0.200 13.23 4.86
hero_oak_b 68.44 -5.01 2188.94 2.23 1.34 0 0 1 0.480 10.11 6.89
hero_spruce_c 75.97 -5.16 2186.76 4.57 1.18 0 0 1 0.420 19.00 3.91
hero_birch_b 84.14 -5.38 2186.43 0.43 0.97 0 0 1 0.220 14.31 7.20
hero_oak_b 92.87 -5.66 2186.96 5.73 1.12 0 0 1 0.480 10.11 6.89
hero_spruce_c 102.68 -5.94 2188.15 2.13 1.19 0 0 1 0.420 19.00 3.91
hero_oak_a 109.84 -6.06 2188.50 0.15 1.30 0 0 1 0.550 13.74 8.57
hero_pine_b 117.81 -6.10 2189.70 4.76 1.10 0 0 1 0.300 14.00 4.13
hero_pine_a 126.76 -5.99 2188.82 4.64 1.33 0 0 1 0.340 17.00 4.12
hero_oak_a 133.13 -5.72 2183.74 4.22 1.05 0 0 1 0.550 13.74 8.57
hero_pine_b 143.41 -5.41 2186.10 0.78 1.11 0 0 1 0.300 14.00 4.13
hero_pine_a -126.70 -2.94 2191.78 3.57 1.01 0 0 1 0.340 17.00 4.12
hero_spruce_c -119.26 -2.29 2193.97 4.23 1.08 0 0 1 0.420 19.00 3.91
hero_pine_a -109.84 -1.56 2197.12 0.09 1.01 0 0 1 0.340 17.00 4.12
hero_birch_b -104.21 -1.51 2191.91 4.26 1.06 0 0 1 0.220 14.31 7.20
hero_spruce_b -94.61 -1.03 2194.91 2.85 1.20 0 0 1 0.320 13.00 3.84
hero_pine_a -85.19 -0.79 2193.52 2.35 1.07 0 0 1 0.340 17.00 4.12
hero_spruce_a -79.76 -0.71 2195.36 0.21 1.29 0 0 1 0.380 16.00 3.90
hero_birch_b -70.33 -0.68 2192.46 4.72 1.06 0 0 1 0.220 14.31 7.20
hero_spruce_c -56.77 -0.82 2196.60 1.71 1.21 0 0 1 0.420 19.00 3.91
hero_spruce_c -51.39 -0.95 2191.54 3.18 0.98 0 0 1 0.420 19.00 3.91
hero_birch_a -45.05 -1.08 2198.20 1.89 1.31 0 0 1 0.200 13.23 4.86
hero_pine_b 57.94 -4.82 2195.73 3.73 1.25 0 0 1 0.300 14.00 4.13
hero_birch_a 67.87 -5.13 2192.87 5.95 1.26 0 0 1 0.200 13.23 4.86
hero_spruce_b 73.89 -5.47 2195.24 1.16 1.25 0 0 1 0.320 13.00 3.84
hero_spruce_b 85.45 -6.06 2198.48 1.86 1.06 0 0 1 0.320 13.00 3.84
hero_spruce_c 99.40 -6.35 2197.03 4.79 0.95 0 0 1 0.420 19.00 3.91
hero_pine_b 111.05 -6.42 2196.25 2.81 1.02 0 0 1 0.300 14.00 4.13
hero_birch_b 118.10 -6.37 2196.16 2.12 1.02 0 0 1 0.220 14.31 7.20
hero_spruce_c 124.72 -6.14 2193.15 5.11 1.08 0 0 1 0.420 19.00 3.91
hero_birch_a 134.50 -5.92 2197.42 1.97 1.01 0 0 1 0.200 13.23 4.86
hero_oak_b 142.89 -5.44 2196.70 0.90 0.96 0 0 1 0.480 10.11 6.89
hero_oak_c -137.80 -2.61 2203.05 5.80 1.34 0 0 1 0.620 16.21 10.57
hero_spruce_c -127.81 -2.15 2202.10 0.11 1.14 0 0 1 0.420 19.00 3.91
hero_pine_b -119.46 -1.46 2204.96 1.82 1.01 0 0 1 0.300 14.00 4.13
hero_spruce_b -112.70 -1.08 2206.16 2.33 1.04 0 0 1 0.320 13.00 3.84
hero_oak_a -101.69 -0.80 2204.93 2.21 1.18 0 0 1 0.550 13.74 8.57
hero_spruce_c -97.25 -0.66 2205.63 4.26 1.33 0 0 1 0.420 19.00 3.91
hero_birch_b -83.29 -0.40 2206.34 4.81 1.15 0 0 1 0.220 14.31 7.20
hero_spruce_a -80.49 -0.41 2205.84 5.71 1.17 0 0 1 0.380 16.00 3.90
hero_pine_b -59.13 -0.62 2203.43 3.04 0.99 0 0 1 0.300 14.00 4.13
hero_oak_a -48.54 -0.79 2206.30 5.98 1.30 0 0 1 0.550 13.74 8.57
hero_pine_a -45.81 -0.93 2202.58 3.84 0.95 0 0 1 0.340 17.00 4.12
hero_birch_a 50.30 -4.65 2204.04 2.27 1.22 0 0 1 0.200 13.23 4.86
hero_birch_b 56.24 -4.90 2201.72 3.84 1.15 0 0 1 0.220 14.31 7.20
hero_spruce_b 68.88 -5.72 2206.02 0.98 1.13 0 0 1 0.320 13.00 3.84
hero_spruce_c 75.24 -5.86 2202.49 3.25 1.00 0 0 1 0.420 19.00 3.91
hero_pine_a 88.02 -6.60 2205.82 5.73 1.01 0 0 1 0.340 17.00 4.12
hero_pine_b 94.99 -6.53 2201.23 2.93 1.13 0 0 1 0.300 14.00 4.13
hero_spruce_a 100.79 -6.67 2201.35 1.40 1.24 0 0 1 0.380 16.00 3.90
hero_spruce_c 110.03 -6.76 2201.97 1.35 1.10 0 0 1 0.420 19.00 3.91
hero_spruce_a 118.11 -6.82 2204.25 0.37 1.24 0 0 1 0.380 16.00 3.90
hero_birch_a 126.50 -6.51 2203.82 1.81 0.98 0 0 1 0.200 13.23 4.86
hero_spruce_b 137.82 -5.87 2202.30 2.35 1.09 0 0 1 0.320 13.00 3.84
hero_birch_a 142.88 -5.53 2201.25 1.61 1.29 0 0 1 0.200 13.23 4.86
hero_oak_a -135.55 -1.56 2210.88 5.44 1.26 0 0 1 0.550 13.74 8.57
hero_oak_c -131.19 -1.31 2211.34 5.43 1.04 0 0 1 0.620 16.21 10.57
hero_spruce_c -123.00 -0.88 2212.64 6.08 1.22 0 0 1 0.420 19.00 3.91
hero_spruce_c -109.92 -0.29 2214.65 2.92 1.10 0 0 1 0.420 19.00 3.91
hero_birch_a -104.16 -0.55 2209.74 3.59 1.16 0 0 1 0.200 13.23 4.86
hero_spruce_a -97.43 -0.14 2213.79 3.69 1.20 0 0 1 0.380 16.00 3.90
hero_spruce_b -88.83 -0.23 2210.89 2.15 1.28 0 0 1 0.320 13.00 3.84
hero_oak_c -78.83 -0.10 2212.78 2.15 1.20 0 0 1 0.620 16.21 10.57
hero_oak_b -70.80 -0.01 2215.53 4.32 1.01 0 0 1 0.480 10.11 6.89
hero_spruce_b -62.62 -0.29 2212.24 3.48 1.29 0 0 1 0.320 13.00 3.84
hero_spruce_b -50.77 -0.55 2210.66 3.49 1.01 0 0 1 0.320 13.00 3.84
hero_oak_a 48.90 -4.69 2215.00 3.36 1.14 0 0 1 0.550 13.74 8.57
hero_oak_a 59.65 -5.50 2215.56 5.67 1.25 0 0 1 0.550 13.74 8.57
hero_oak_a 65.82 -5.79 2211.84 5.11 1.18 0 0 1 0.550 13.74 8.57
hero_spruce_a 72.76 -6.18 2210.84 0.20 1.21 0 0 1 0.380 16.00 3.90
hero_oak_a 83.31 -6.96 2214.26 0.91 1.25 0 0 1 0.550 13.74 8.57
hero_oak_c 93.22 -7.11 2210.50 5.22 1.16 0 0 1 0.620 16.21 10.57
hero_spruce_a 101.24 -7.27 2210.15 5.79 1.20 0 0 1 0.380 16.00 3.90
hero_spruce_b 106.82 -7.38 2211.26 0.57 1.01 0 0 1 0.320 13.00 3.84
hero_pine_a 119.84 -7.33 2213.05 5.31 1.25 0 0 1 0.340 17.00 4.12
hero_spruce_a 124.30 -7.10 2212.51 0.67 1.21 0 0 1 0.380 16.00 3.90
hero_pine_b 135.71 -6.42 2213.20 5.60 1.14 0 0 1 0.300 14.00 4.13
hero_birch_b 143.12 -5.69 2210.48 6.19 1.20 0 0 1 0.220 14.31 7.20
hero_spruce_a -144.10 -0.32 2222.18 3.04 1.23 0 0 1 0.380 16.00 3.90
hero_pine_a -138.17 -0.83 2217.35 0.70 1.33 0 0 1 0.340 17.00 4.12
hero_spruce_c -125.11 -0.26 2218.69 3.98 1.09 0 0 1 0.420 19.00 3.91
hero_oak_c -121.77 -0.10 2219.32 5.93 1.06 0 0 1 0.620 16.21 10.57
hero_oak_a -109.86 0.47 2222.87 3.07 1.03 0 0 1 0.550 13.74 8.57
hero_spruce_b -100.72 0.33 2220.32 3.99 1.07 0 0 1 0.320 13.00 3.84
hero_pine_a -94.92 0.37 2220.56 1.19 1.15 0 0 1 0.340 17.00 4.12
hero_pine_a -85.47 0.54 2223.25 3.91 1.23 0 0 1 0.340 17.00 4.12
hero_oak_a -75.71 0.11 2217.39 3.06 1.27 0 0 1 0.550 13.74 8.57
hero_oak_a -56.43 -0.02 2219.97 1.89 1.20 0 0 1 0.550 13.74 8.57
hero_spruce_a -49.49 -0.01 2222.85 2.26 1.22 0 0 1 0.380 16.00 3.90
hero_pine_a -46.16 -0.10 2222.56 5.07 1.29 0 0 1 0.340 17.00 4.12
hero_oak_a 54.05 -5.15 2220.64 0.88 1.04 0 0 1 0.550 13.74 8.57
hero_birch_a 59.75 -5.62 2220.73 5.62 0.96 0 0 1 0.200 13.23 4.86
hero_spruce_c 68.55 -6.44 2223.07 4.87 1.14 0 0 1 0.420 19.00 3.91
hero_birch_b 74.48 -6.75 2220.08 3.74 1.12 0 0 1 0.220 14.31 7.20
hero_oak_c 84.52 -7.44 2221.10 5.65 0.96 0 0 1 0.620 16.21 10.57
hero_spruce_a 91.38 -7.56 2217.68 4.37 1.14 0 0 1 0.380 16.00 3.90
hero_spruce_c 104.83 -7.81 2217.14 0.86 0.97 0 0 1 0.420 19.00 3.91
hero_pine_b 130.10 -7.20 2219.95 6.02 1.11 0 0 1 0.300 14.00 4.13
hero_birch_a 138.08 -6.50 2219.16 0.33 1.23 0 0 1 0.200 13.23 4.86
hero_birch_a 143.81 -5.88 2218.28 2.65 1.17 0 0 1 0.200 13.23 4.86
hero_birch_b -142.14 0.78 2229.88 3.20 1.19 0 0 1 0.220 14.31 7.20
hero_pine_a -136.82 0.51 2227.01 3.03 1.01 0 0 1 0.340 17.00 4.12
hero_spruce_a -130.16 0.99 2229.99 1.26 1.05 0 0 1 0.380 16.00 3.90
hero_oak_b -117.32 1.09 2229.94 5.66 1.25 0 0 1 0.480 10.11 6.89
hero_pine_a -112.65 1.15 2230.02 3.50 1.04 0 0 1 0.340 17.00 4.12
hero_oak_c -104.67 0.93 2227.57 4.89 1.14 0 0 1 0.620 16.21 10.57
hero_birch_a -96.97 0.86 2226.91 5.70 1.22 0 0 1 0.200 13.23 4.86
hero_spruce_b -83.94 0.75 2226.29 5.53 1.10 0 0 1 0.320 13.00 3.84
hero_spruce_c -58.69 0.43 2227.45 1.11 1.26 0 0 1 0.420 19.00 3.91
hero_pine_b -52.03 0.48 2230.26 0.06 1.20 0 0 1 0.300 14.00 4.13
hero_oak_c -42.04 0.37 2231.55 3.58 1.20 0 0 1 0.620 16.21 10.57
hero_spruce_c 61.33 -6.03 2231.63 2.32 1.03 0 0 1 0.420 19.00 3.91
hero_spruce_a 65.57 -6.32 2226.99 3.60 1.08 0 0 1 0.380 16.00 3.90
hero_spruce_b 74.40 -7.07 2226.28 4.87 1.23 0 0 1 0.320 13.00 3.84
hero_spruce_c 80.97 -7.54 2225.96 0.49 1.09 0 0 1 0.420 19.00 3.91
hero_birch_b 93.06 -8.57 2230.82 3.26 0.99 0 0 1 0.220 14.31 7.20
hero_oak_a 98.47 -8.41 2225.91 0.06 1.13 0 0 1 0.550 13.74 8.57
hero_spruce_c 111.71 -8.66 2228.25 2.70 0.95 0 0 1 0.420 19.00 3.91
hero_pine_b 115.70 -8.89 2232.18 5.87 1.04 0 0 1 0.300 14.00 4.13
hero_spruce_a 127.89 -8.13 2230.82 3.77 1.24 0 0 1 0.380 16.00 3.90
hero_oak_a 132.05 -7.79 2230.99 5.26 1.25 0 0 1 0.550 13.74 8.57
hero_pine_b -144.32 1.65 2236.61 0.34 1.12 0 0 1 0.300 14.00 4.13
hero_spruce_a -137.39 2.23 2240.88 1.98 1.29 0 0 1 0.380 16.00 3.90
hero_spruce_b -131.34 1.69 2235.84 5.00 1.06 0 0 1 0.320 13.00 3.84
hero_pine_b -122.90 1.69 2235.48 1.77 1.01 0 0 1 0.300 14.00 4.13
hero_spruce_a -112.47 1.77 2236.38 3.27 1.11 0 0 1 0.380 16.00 3.90
hero_pine_a -101.09 1.74 2237.09 2.68 1.05 0 0 1 0.340 17.00 4.12
hero_spruce_c -95.83 1.52 2235.15 5.38 1.14 0 0 1 0.420 19.00 3.91
hero_spruce_c -86.49 1.65 2238.88 6.11 1.23 0 0 1 0.420 19.00 3.91
hero_spruce_a -77.14 1.35 2236.83 4.58 1.17 0 0 1 0.380 16.00 3.90
hero_spruce_a -68.46 1.39 2240.13 1.99 1.27 0 0 1 0.380 16.00 3.90
hero_oak_a -59.04 1.08 2237.92 2.97 1.24 0 0 1 0.550 13.74 8.57
hero_spruce_b -48.16 0.78 2236.27 4.98 1.33 0 0 1 0.320 13.00 3.84
hero_birch_b 61.01 -6.10 2235.79 4.54 1.32 0 0 1 0.220 14.31 7.20
hero_pine_a 66.86 -6.69 2234.48 2.43 1.20 0 0 1 0.340 17.00 4.12
hero_spruce_b 85.75 -8.59 2237.79 6.25 1.22 0 0 1 0.320 13.00 3.84
hero_pine_b 92.54 -9.05 2238.26 3.71 0.98 0 0 1 0.300 14.00 4.13
hero_birch_a 98.50 -9.29 2237.29 1.99 1.31 0 0 1 0.200 13.23 4.86
hero_oak_a 111.48 -9.25 2235.16 1.40 1.21 0 0 1 0.550 13.74 8.57
hero_spruce_b 121.05 -9.04 2236.88 1.26 1.18 0 0 1 0.320 13.00 3.84
hero_birch_a 124.13 -9.02 2238.91 3.14 1.32 0 0 1 0.200 13.23 4.86
hero_spruce_a 138.88 -7.44 2236.88 2.40 1.34 0 0 1 0.380 16.00 3.90
hero_birch_b -127.34 2.67 2244.67 6.28 1.17 0 0 1 0.220 14.31 7.20
hero_oak_a -120.32 2.66 2245.25 5.66 1.33 0 0 1 0.550 13.74 8.57
hero_birch_b -101.03 2.58 2247.93 0.59 1.26 0 0 1 0.220 14.31 7.20
hero_birch_a -93.28 2.45 2248.21 1.37 1.01 0 0 1 0.200 13.23 4.86
hero_spruce_a -82.40 2.09 2246.51 2.93 1.05 0 0 1 0.380 16.00 3.90
hero_oak_b -67.61 1.68 2245.15 0.63 1.32 0 0 1 0.480 10.11 6.89
hero_oak_b -60.06 1.69 2247.37 0.60 1.14 0 0 1 0.480 10.11 6.89
hero_birch_a -50.45 1.67 2249.40 4.54 1.01 0 0 1 0.200 13.23 4.86
hero_oak_b -45.68 1.23 2243.75 0.14 1.16 0 0 1 0.480 10.11 6.89
hero_birch_a 57.52 -5.70 2247.41 0.83 1.01 0 0 1 0.200 13.23 4.86
hero_birch_a 67.40 -7.00 2244.92 5.21 1.24 0 0 1 0.200 13.23 4.86
hero_oak_b 72.65 -7.61 2244.17 0.10 1.28 0 0 1 0.480 10.11 6.89
hero_oak_b 90.38 -9.27 2243.85 1.02 1.21 0 0 1 0.480 10.11 6.89
hero_spruce_b 101.98 -9.77 2242.66 0.61 1.35 0 0 1 0.320 13.00 3.84
hero_birch_a 112.71 -9.79 2242.55 1.17 1.21 0 0 1 0.200 13.23 4.86
hero_oak_a 118.18 -9.71 2244.02 1.35 1.04 0 0 1 0.550 13.74 8.57
hero_birch_b 125.37 -9.26 2243.43 6.21 1.30 0 0 1 0.220 14.31 7.20
hero_spruce_c 133.92 -8.76 2248.15 3.24 1.22 0 0 1 0.420 19.00 3.91
hero_pine_b 140.74 -7.76 2246.45 2.37 0.99 0 0 1 0.300 14.00 4.13
hero_oak_a -134.09 3.47 2252.47 2.32 1.30 0 0 1 0.550 13.74 8.57
hero_birch_a -126.36 3.82 2257.33 1.94 1.08 0 0 1 0.200 13.23 4.86
hero_spruce_a -113.69 3.18 2252.06 5.50 1.07 0 0 1 0.380 16.00 3.90
hero_pine_a -99.30 2.98 2254.05 4.28 0.98 0 0 1 0.340 17.00 4.12
hero_birch_a -91.53 2.59 2251.38 6.14 1.23 0 0 1 0.200 13.23 4.86
hero_spruce_c -86.68 2.62 2254.08 2.20 1.25 0 0 1 0.420 19.00 3.91
hero_spruce_c -75.61 2.55 2257.81 3.11 1.07 0 0 1 0.420 19.00 3.91
hero_oak_a -67.29 2.36 2257.42 0.89 1.00 0 0 1 0.550 13.74 8.57
hero_oak_a -61.84 2.18 2256.36 3.87 1.30 0 0 1 0.550 13.74 8.57
hero_pine_b -51.27 2.14 2257.81 5.04 1.02 0 0 1 0.300 14.00 4.13
hero_spruce_c -42.30 1.75 2253.06 6.00 1.27 0 0 1 0.420 19.00 3.91
hero_pine_b 61.22 -6.18 2256.58 1.99 1.20 0 0 1 0.300 14.00 4.13
hero_birch_b 70.66 -7.54 2257.01 2.20 1.11 0 0 1 0.220 14.31 7.20
hero_oak_b 76.76 -8.32 2253.31 4.28 1.31 0 0 1 0.480 10.11 6.89
hero_spruce_b 83.53 -9.16 2255.83 3.62 1.23 0 0 1 0.320 13.00 3.84
hero_spruce_c 93.87 -10.00 2253.36 5.72 1.30 0 0 1 0.420 19.00 3.91
hero_spruce_a 103.91 -10.58 2255.28 6.14 1.20 0 0 1 0.380 16.00 3.90
hero_pine_b 113.56 -10.63 2255.56 1.50 1.21 0 0 1 0.300 14.00 4.13
hero_oak_a 115.53 -10.45 2253.29 0.89 1.24 0 0 1 0.550 13.74 8.57
hero_spruce_b 130.44 -9.51 2254.48 1.38 1.03 0 0 1 0.320 13.00 3.84
hero_oak_c 137.42 -8.84 2256.85 0.72 1.23 0 0 1 0.620 16.21 10.57
hero_spruce_c -142.37 4.35 2262.24 5.41 1.18 0 0 1 0.420 19.00 3.91
hero_pine_b -134.59 4.17 2260.22 3.68 1.02 0 0 1 0.300 14.00 4.13
hero_spruce_b -130.09 4.36 2263.99 0.54 1.21 0 0 1 0.320 13.00 3.84
hero_spruce_a -118.97 4.17 2264.77 2.40 1.04 0 0 1 0.380 16.00 3.90
hero_oak_b -110.72 3.98 2266.34 2.54 1.20 0 0 1 0.480 10.11 6.89
hero_pine_a -101.76 3.40 2260.25 0.05 1.12 0 0 1 0.340 17.00 4.12
hero_pine_b -96.93 3.50 2265.88 5.83 1.15 0 0 1 0.300 14.00 4.13
hero_pine_b -77.15 2.91 2265.96 5.93 1.01 0 0 1 0.300 14.00 4.13
hero_oak_a -71.92 2.61 2261.79 5.23 1.33 0 0 1 0.550 13.74 8.57
hero_oak_a -58.07 2.55 2265.66 0.58 1.05 0 0 1 0.550 13.74 8.57
hero_spruce_c -52.98 2.25 2260.29 0.42 1.22 0 0 1 0.420 19.00 3.91
hero_birch_a -45.90 2.19 2260.45 1.07 1.21 0 0 1 0.200 13.23 4.86
hero_pine_b 61.14 -6.04 2264.59 2.40 1.09 0 0 1 0.300 14.00 4.13
hero_pine_b 70.07 -7.48 2262.84 2.25 1.34 0 0 1 0.300 14.00 4.13
hero_spruce_a 78.60 -8.66 2263.01 3.45 1.18 0 0 1 0.380 16.00 3.90
hero_pine_b 84.87 -9.47 2265.71 0.95 1.34 0 0 1 0.300 14.00 4.13
hero_birch_b 102.58 -10.79 2261.93 1.51 1.16 0 0 1 0.220 14.31 7.20
hero_spruce_a 112.20 -10.99 2262.73 5.29 1.22 0 0 1 0.380 16.00 3.90
hero_spruce_c 123.50 -10.52 2261.91 3.74 1.29 0 0 1 0.420 19.00 3.91
hero_spruce_c 134.69 -9.61 2266.40 5.01 1.22 0 0 1 0.420 19.00 3.91
hero_spruce_a -142.38 4.99 2272.17 4.54 1.18 0 0 1 0.380 16.00 3.90
hero_pine_a -135.16 4.83 2270.52 5.71 1.13 0 0 1 0.340 17.00 4.12
hero_spruce_b -130.10 4.68 2269.27 1.36 1.08 0 0 1 0.320 13.00 3.84
hero_spruce_b -117.79 4.38 2270.07 6.17 1.23 0 0 1 0.320 13.00 3.84
hero_oak_c -112.23 4.16 2269.48 4.99 1.30 0 0 1 0.620 16.21 10.57
hero_birch_a -104.90 4.02 2272.05 2.07 1.00 0 0 1 0.200 13.23 4.86
hero_birch_b -95.51 3.71 2274.93 2.10 1.15 0 0 1 0.220 14.31 7.20
hero_birch_b -66.42 2.85 2273.13 2.24 1.24 0 0 1 0.220 14.31 7.20
hero_oak_a -57.00 2.77 2274.52 6.14 1.16 0 0 1 0.550 13.74 8.57
hero_oak_a -53.65 2.76 2274.44 0.87 0.99 0 0 1 0.550 13.74 8.57
hero_oak_b -43.88 2.51 2268.41 1.82 1.32 0 0 1 0.480 10.11 6.89
hero_birch_b -35.76 2.73 2274.80 2.68 1.01 0 0 1 0.220 14.31 7.20
hero_spruce_c 62.21 -6.11 2269.86 1.18 1.30 0 0 1 0.420 19.00 3.91
hero_spruce_c 68.50 -7.07 2271.62 4.26 0.98 0 0 1 0.420 19.00 3.91
hero_birch_a 73.32 -7.81 2273.53 1.84 1.13 0 0 1 0.200 13.23 4.86
hero_birch_b 83.76 -9.30 2274.47 3.16 1.25 0 0 1 0.220 14.31 7.20
hero_spruce_a 95.99 -10.57 2273.85 5.77 0.98 0 0 1 0.380 16.00 3.90
hero_birch_b 102.78 -10.98 2268.73 5.68 1.26 0 0 1 0.220 14.31 7.20
hero_oak_c 121.93 -10.85 2268.30 2.26 1.29 0 0 1 0.620 16.21 10.57
hero_spruce_a 125.68 -10.70 2273.67 2.05 1.21 0 0 1 0.380 16.00 3.90
hero_spruce_c 141.01 -8.89 2272.27 3.00 1.03 0 0 1 0.420 19.00 3.91
hero_spruce_b -134.71 5.25 2282.32 5.73 1.29 0 0 1 0.320 13.00 3.84
hero_spruce_a -125.64 4.89 2277.44 4.47 1.23 0 0 1 0.380 16.00 3.90
hero_birch_a -118.72 4.77 2281.23 4.22 0.98 0 0 1 0.200 13.23 4.86
hero_spruce_b -109.64 4.37 2280.11 0.47 1.19 0 0 1 0.320 13.00 3.84
hero_birch_b -104.99 4.16 2279.12 1.24 1.24 0 0 1 0.220 14.31 7.20
hero_birch_a -97.10 3.87 2281.64 5.60 1.08 0 0 1 0.200 13.23 4.86
hero_birch_b -86.58 3.45 2279.30 5.04 1.13 0 0 1 0.220 14.31 7.20
hero_pine_a -78.44 3.17 2278.33 5.94 1.29 0 0 1 0.340 17.00 4.12
hero_pine_b -70.90 3.04 2282.22 6.26 1.04 0 0 1 0.300 14.00 4.13
hero_birch_b -60.77 2.88 2280.73 0.90 1.09 0 0 1 0.220 14.31 7.20
hero_pine_b -50.28 2.78 2277.69 4.69 1.20 0 0 1 0.300 14.00 4.13
hero_spruce_b -44.28 2.79 2278.85 2.53 1.30 0 0 1 0.320 13.00 3.84
hero_oak_b -33.78 2.90 2281.93 4.80 0.98 0 0 1 0.480 10.11 6.89
hero_birch_a 58.21 -5.22 2276.45 0.30 1.21 0 0 1 0.200 13.23 4.86
hero_oak_a 70.03 -7.15 2278.84 4.80 1.12 0 0 1 0.550 13.74 8.57
hero_spruce_a 73.07 -7.59 2280.33 2.66 1.04 0 0 1 0.380 16.00 3.90
hero_oak_b 96.29 -10.59 2278.16 3.94 1.31 0 0 1 0.480 10.11 6.89
hero_spruce_b 100.56 -10.86 2279.89 4.64 1.13 0 0 1 0.320 13.00 3.84
hero_spruce_c 113.43 -11.20 2281.19 1.82 1.21 0 0 1 0.420 19.00 3.91
hero_oak_a 121.08 -10.99 2282.28 1.87 1.27 0 0 1 0.550 13.74 8.57
hero_birch_a 129.60 -10.37 2282.67 2.57 1.22 0 0 1 0.200 13.23 4.86
hero_spruce_b 137.49 -9.49 2278.76 6.28 1.29 0 0 1 0.320 13.00 3.84
hero_oak_c 144.18 -8.46 2283.27 3.33 1.18 0 0 1 0.620 16.21 10.57
hero_spruce_a -144.82 5.50 2289.51 1.24 1.31 0 0 1 0.380 16.00 3.90
hero_spruce_b -134.49 5.34 2289.19 2.90 1.34 0 0 1 0.320 13.00 3.84
hero_spruce_b -130.50 5.26 2289.75 6.26 1.02 0 0 1 0.320 13.00 3.84
hero_oak_a -118.06 4.77 2291.33 1.78 1.33 0 0 1 0.550 13.74 8.57
hero_pine_b -109.12 4.39 2285.91 3.56 1.31 0 0 1 0.300 14.00 4.13
hero_pine_a -99.19 3.91 2291.97 1.66 1.21 0 0 1 0.340 17.00 4.12
hero_spruce_a -96.74 3.85 2289.16 1.99 0.99 0 0 1 0.380 16.00 3.90
hero_birch_b -87.24 3.41 2291.12 2.25 1.26 0 0 1 0.220 14.31 7.20
hero_pine_b -76.24 3.10 2289.89 3.37 1.09 0 0 1 0.300 14.00 4.13
hero_oak_b -68.03 2.95 2286.31 3.22 1.31 0 0 1 0.480 10.11 6.89
hero_birch_b -56.88 2.85 2289.78 5.81 1.08 0 0 1 0.220 14.31 7.20
hero_oak_a -53.04 2.87 2288.39 5.46 0.97 0 0 1 0.550 13.74 8.57
hero_birch_a -40.05 2.89 2287.45 5.59 1.35 0 0 1 0.200 13.23 4.86
hero_pine_a -33.58 2.94 2289.23 2.66 1.26 0 0 1 0.340 17.00 4.12
hero_spruce_c 69.81 -6.85 2286.75 3.73 1.32 0 0 1 0.420 19.00 3.91
hero_spruce_b 75.42 -7.77 2286.08 2.86 1.09 0 0 1 0.320 13.00 3.84
hero_spruce_b 84.10 -8.82 2291.95 0.86 1.34 0 0 1 0.320 13.00 3.84
hero_oak_a 89.45 -9.53 2290.77 0.71 1.31 0 0 1 0.550 13.74 8.57
hero_spruce_c 104.22 -10.68 2291.93 2.30 1.26 0 0 1 0.420 19.00 3.91
hero_oak_c 109.68 -11.08 2285.03 3.15 1.02 0 0 1 0.620 16.21 10.57
hero_spruce_c 121.96 -10.70 2290.50 5.83 1.22 0 0 1 0.420 19.00 3.91
hero_oak_a 130.41 -10.23 2285.28 1.59 1.13 0 0 1 0.550 13.74 8.57
hero_spruce_b 133.19 -9.87 2288.16 2.43 1.16 0 0 1 0.320 13.00 3.84
hero_spruce_a 143.62 -8.40 2290.09 5.90 1.18 0 0 1 0.380 16.00 3.90
hero_birch_a -133.87 5.29 2300.41 4.95 1.05 0 0 1 0.200 13.23 4.86
hero_spruce_c -128.14 5.16 2297.36 2.89 0.98 0 0 1 0.420 19.00 3.91
hero_oak_b -120.65 4.83 2299.11 6.07 1.00 0 0 1 0.480 10.11 6.89
hero_pine_b -112.00 4.42 2299.28 1.25 1.01 0 0 1 0.300 14.00 4.13
hero_oak_b -95.01 3.69 2294.29 4.45 1.16 0 0 1 0.480 10.11 6.89
hero_spruce_c -86.94 3.27 2297.84 0.74 1.15 0 0 1 0.420 19.00 3.91
hero_spruce_a -75.01 2.85 2300.24 4.04 1.09 0 0 1 0.380 16.00 3.90
hero_oak_a -68.45 2.88 2294.20 4.63 0.98 0 0 1 0.550 13.74 8.57
hero_oak_b -57.63 2.71 2297.78 3.11 1.12 0 0 1 0.480 10.11 6.89
hero_birch_b -51.42 2.77 2294.21 2.58 1.30 0 0 1 0.220 14.31 7.20
hero_pine_a -44.80 2.74 2299.22 2.34 1.20 0 0 1 0.340 17.00 4.12
hero_pine_a -32.98 2.88 2299.59 4.99 1.25 0 0 1 0.340 17.00 4.12
hero_birch_a 67.15 -5.82 2299.33 1.23 1.05 0 0 1 0.200 13.23 4.86
hero_pine_b 78.20 -7.59 2299.18 4.22 1.16 0 0 1 0.300 14.00 4.13
hero_oak_a 81.78 -8.12 2298.90 5.94 1.20 0 0 1 0.550 13.74 8.57
hero_oak_b 96.42 -9.84 2297.54 1.77 1.13 0 0 1 0.480 10.11 6.89
hero_pine_b 98.34 -10.08 2296.36 5.15 1.30 0 0 1 0.300 14.00 4.13
hero_oak_a 109.44 -10.38 2299.64 2.69 1.25 0 0 1 0.550 13.74 8.57
hero_pine_a 126.84 -10.13 2295.36 3.74 1.05 0 0 1 0.340 17.00 4.12
hero_pine_a 137.60 -9.10 2293.53 5.71 0.96 0 0 1 0.340 17.00 4.12
hero_pine_b 143.51 -8.21 2295.08 0.86 1.30 0 0 1 0.300 14.00 4.13
hero_spruce_b -137.62 5.28 2305.53 1.28 1.10 0 0 1 0.320 13.00 3.84
hero_spruce_a -129.97 5.13 2302.20 4.73 1.12 0 0 1 0.380 16.00 3.90
hero_birch_a -123.00 4.81 2303.94 0.29 1.15 0 0 1 0.200 13.23 4.86
hero_spruce_c -108.24 4.04 2305.99 2.43 1.11 0 0 1 0.420 19.00 3.91
hero_birch_b -100.46 3.74 2302.30 2.49 1.26 0 0 1 0.220 14.31 7.20
hero_pine_b -94.68 3.40 2304.55 5.79 1.17 0 0 1 0.300 14.00 4.13
hero_pine_a -83.50 3.01 2303.02 3.76 1.08 0 0 1 0.340 17.00 4.12
hero_birch_b -74.22 2.76 2302.35 2.44 1.15 0 0 1 0.220 14.31 7.20
hero_oak_a -68.51 2.49 2306.82 4.39 1.28 0 0 1 0.550 13.74 8.57
hero_pine_b -60.86 2.60 2302.51 4.78 1.03 0 0 1 0.300 14.00 4.13
hero_spruce_c -50.30 2.53 2305.27 5.80 1.23 0 0 1 0.420 19.00 3.91
hero_spruce_a -42.62 2.70 2302.58 3.83 1.12 0 0 1 0.380 16.00 3.90
hero_oak_c -33.66 2.71 2307.25 2.93 1.03 0 0 1 0.620 16.21 10.57
hero_pine_b 78.43 -7.27 2305.62 6.03 1.25 0 0 1 0.300 14.00 4.13
hero_spruce_c 86.58 -8.31 2305.74 4.19 1.16 0 0 1 0.420 19.00 3.91
hero_pine_b 90.70 -8.59 2308.04 5.93 1.13 0 0 1 0.300 14.00 4.13
hero_spruce_c 98.35 -9.61 2303.20 5.44 1.15 0 0 1 0.420 19.00 3.91
hero_spruce_b 108.53 -9.93 2305.03 0.41 1.10 0 0 1 0.320 13.00 3.84
hero_oak_c 116.92 -10.01 2303.86 1.38 1.03 0 0 1 0.620 16.21 10.57
hero_birch_b 129.92 -9.26 2303.89 2.45 1.01 0 0 1 0.220 14.31 7.20
hero_birch_b 138.19 -8.02 2307.71 4.10 1.27 0 0 1 0.220 14.31 7.20
hero_birch_b 140.91 -7.67 2307.53 5.72 1.20 0 0 1 0.220 14.31 7.20
hero_spruce_b -137.79 4.92 2316.33 3.70 1.17 0 0 1 0.320 13.00 3.84
hero_birch_a -126.11 4.58 2315.31 1.31 1.02 0 0 1 0.200 13.23 4.86
hero_pine_b -119.10 4.28 2314.83 4.04 1.05 0 0 1 0.300 14.00 4.13
hero_pine_a -102.01 3.35 2315.52 3.34 1.22 0 0 1 0.340 17.00 4.12
hero_pine_b -93.59 2.90 2316.52 1.57 1.12 0 0 1 0.300 14.00 4.13
hero_oak_b -88.52 2.78 2314.32 1.13 1.02 0 0 1 0.480 10.11 6.89
hero_oak_c -78.27 2.56 2310.47 5.21 1.23 0 0 1 0.620 16.21 10.57
hero_spruce_a -67.24 2.28 2312.66 4.06 1.03 0 0 1 0.380 16.00 3.90
hero_birch_b -62.15 2.09 2316.08 3.01 1.18 0 0 1 0.220 14.31 7.20
hero_spruce_a -51.63 2.21 2314.22 6.05 1.08 0 0 1 0.380 16.00 3.90
hero_pine_b -42.82 2.35 2313.83 5.24 0.97 0 0 1 0.300 14.00 4.13
hero_spruce_b -31.02 2.54 2312.91 6.23 1.33 0 0 1 0.320 13.00 3.84
hero_spruce_a -27.67 2.52 2315.90 2.77 1.00 0 0 1 0.380 16.00 3.90
hero_oak_c 74.31 -6.20 2313.58 1.87 0.99 0 0 1 0.620 16.21 10.57
hero_oak_a 86.01 -7.64 2314.23 5.54 1.18 0 0 1 0.550 13.74 8.57
hero_spruce_b 95.11 -8.57 2312.93 3.23 0.97 0 0 1 0.320 13.00 3.84
hero_spruce_b 102.81 -8.77 2315.83 1.20 1.24 0 0 1 0.320 13.00 3.84
hero_birch_b 109.10 -8.97 2315.37 2.48 1.27 0 0 1 0.220 14.31 7.20
hero_spruce_c 115.71 -8.77 2316.58 1.04 1.03 0 0 1 0.420 19.00 3.91
hero_pine_b 130.25 -8.14 2314.62 3.99 1.15 0 0 1 0.300 14.00 4.13
hero_oak_b 133.63 -7.85 2314.02 5.40 0.97 0 0 1 0.480 10.11 6.89
hero_pine_b -139.11 4.66 2323.29 6.10 0.96 0 0 1 0.300 14.00 4.13
hero_pine_b -125.81 4.36 2320.08 4.88 1.09 0 0 1 0.300 14.00 4.13
hero_spruce_c -118.92 4.09 2318.95 1.47 1.14 0 0 1 0.420 19.00 3.91
hero_spruce_a -113.80 3.67 2322.12 5.73 1.31 0 0 1 0.380 16.00 3.90
hero_pine_b -104.34 3.22 2320.99 2.67 1.30 0 0 1 0.300 14.00 4.13
hero_oak_c -95.66 2.89 2319.31 3.13 1.02 0 0 1 0.620 16.21 10.57
hero_pine_a -80.27 2.09 2323.14 4.83 1.27 0 0 1 0.340 17.00 4.12
hero_oak_a -67.59 1.80 2324.34 4.91 1.02 0 0 1 0.550 13.74 8.57
hero_pine_b -59.19 1.73 2324.60 0.50 1.19 0 0 1 0.300 14.00 4.13
hero_oak_a -53.36 1.95 2320.09 6.27 1.18 0 0 1 0.550 13.74 8.57
hero_birch_b -44.58 1.99 2322.03 2.14 1.00 0 0 1 0.220 14.31 7.20
hero_spruce_a -31.94 2.22 2321.46 6.27 1.09 0 0 1 0.380 16.00 3.90
hero_birch_b -28.79 2.18 2323.30 3.10 1.28 0 0 1 0.220 14.31 7.20
hero_spruce_a 69.20 -5.07 2322.75 5.26 1.09 0 0 1 0.380 16.00 3.90
hero_spruce_b 73.14 -5.74 2319.47 1.87 1.12 0 0 1 0.320 13.00 3.84
hero_spruce_b 88.02 -7.16 2322.94 1.69 0.96 0 0 1 0.320 13.00 3.84
hero_spruce_b 92.86 -7.41 2324.48 5.70 1.11 0 0 1 0.320 13.00 3.84
hero_pine_b 101.54 -8.29 2319.91 0.48 1.00 0 0 1 0.300 14.00 4.13
hero_oak_c 110.50 -7.76 2325.95 3.01 1.28 0 0 1 0.620 16.21 10.57
hero_birch_b 116.70 -7.86 2323.86 6.11 1.12 0 0 1 0.220 14.31 7.20
hero_oak_b 126.87 -7.63 2321.09 4.37 1.21 0 0 1 0.480 10.11 6.89
hero_spruce_a 135.97 -6.86 2319.98 3.53 0.99 0 0 1 0.380 16.00 3.90
hero_birch_a 140.44 -5.59 2325.20 5.33 1.27 0 0 1 0.200 13.23 4.86
hero_oak_b -132.95 4.00 2332.33 6.18 1.16 0 0 1 0.480 10.11 6.89
hero_pine_a -127.97 4.03 2328.24 3.83 1.31 0 0 1 0.340 17.00 4.12
hero_pine_a -120.95 3.70 2329.36 4.20 1.00 0 0 1 0.340 17.00 4.12
hero_spruce_b -111.52 3.16 2330.64 1.72 1.15 0 0 1 0.320 13.00 3.84
hero_spruce_a -100.04 2.69 2328.40 6.08 1.05 0 0 1 0.380 16.00 3.90
hero_spruce_b -93.84 2.14 2334.20 2.54 1.24 0 0 1 0.320 13.00 3.84
hero_spruce_c -73.84 1.62 2331.01 0.19 1.14 0 0 1 0.420 19.00 3.91
hero_spruce_b -66.73 1.57 2329.64 2.38 1.17 0 0 1 0.320 13.00 3.84
hero_birch_a -57.76 1.51 2330.32 6.05 1.22 0 0 1 0.200 13.23 4.86
hero_oak_c -54.66 1.38 2334.49 3.97 1.06 0 0 1 0.620 16.21 10.57
hero_spruce_a -41.44 1.66 2330.86 2.54 1.18 0 0 1 0.380 16.00 3.90
hero_birch_b -34.85 1.69 2332.94 2.58 1.11 0 0 1 0.220 14.31 7.20
hero_oak_a -23.83 2.09 2327.66 1.03 0.99 0 0 1 0.550 13.74 8.57
hero_pine_a 76.18 -5.52 2331.03 3.78 1.00 0 0 1 0.340 17.00 4.12
hero_oak_a 84.83 -6.43 2329.12 2.99 0.96 0 0 1 0.550 13.74 8.57
hero_spruce_b 92.83 -6.90 2330.43 5.93 1.30 0 0 1 0.320 13.00 3.84
hero_oak_a 102.37 -6.92 2333.20 4.90 1.17 0 0 1 0.550 13.74 8.57
hero_pine_b 107.28 -7.26 2330.43 0.86 1.33 0 0 1 0.300 14.00 4.13
hero_spruce_b 115.62 -7.42 2327.63 2.78 1.18 0 0 1 0.320 13.00 3.84
hero_pine_a 123.49 -6.22 2333.12 2.04 1.21 0 0 1 0.340 17.00 4.12
hero_pine_a 132.00 -5.92 2329.80 5.90 1.14 0 0 1 0.340 17.00 4.12
hero_spruce_a -142.02 3.80 2338.74 3.31 1.20 0 0 1 0.380 16.00 3.90
hero_birch_a -139.60 3.88 2337.14 6.20 1.09 0 0 1 0.200 13.23 4.86
hero_spruce_b -126.96 3.39 2339.51 6.28 1.13 0 0 1 0.320 13.00 3.84
hero_oak_c -117.54 2.89 2341.72 0.15 1.18 0 0 1 0.620 16.21 10.57
hero_oak_c -102.86 2.31 2339.56 1.80 1.27 0 0 1 0.620 16.21 10.57
hero_pine_a -92.40 1.83 2340.25 2.06 1.29 0 0 1 0.340 17.00 4.12
hero_spruce_a -82.06 1.61 2336.27 1.03 1.34 0 0 1 0.380 16.00 3.90
hero_spruce_a -79.11 1.33 2342.89 1.77 1.18 0 0 1 0.380 16.00 3.90
hero_spruce_c -67.47 1.34 2336.08 4.78 1.15 0 0 1 0.420 19.00 3.91
hero_spruce_c -62.49 1.19 2339.60 2.68 1.24 0 0 1 0.420 19.00 3.91
hero_pine_b -54.46 1.21 2340.18 0.39 0.98 0 0 1 0.300 14.00 4.13
hero_birch_b -40.55 1.35 2339.92 1.05 1.01 0 0 1 0.220 14.31 7.20
hero_spruce_c -37.26 1.29 2342.48 4.60 1.25 0 0 1 0.420 19.00 3.91
hero_birch_a -29.37 1.41 2342.04 6.22 1.17 0 0 1 0.200 13.23 4.86
hero_pine_a 74.89 -5.06 2338.45 2.03 0.95 0 0 1 0.340 17.00 4.12
hero_oak_b 87.28 -5.86 2339.60 4.33 0.95 0 0 1 0.480 10.11 6.89
hero_spruce_b 90.48 -5.95 2340.31 4.28 1.05 0 0 1 0.320 13.00 3.84
hero_pine_b 98.13 -6.33 2338.20 5.20 0.97 0 0 1 0.300 14.00 4.13
hero_birch_a 107.04 -5.96 2341.22 4.31 0.97 0 0 1 0.200 13.23 4.86
hero_oak_a 116.58 -5.65 2340.55 5.51 1.23 0 0 1 0.550 13.74 8.57
hero_pine_a 126.28 -5.32 2337.47 0.85 1.15 0 0 1 0.340 17.00 4.12
hero_oak_a 141.96 -2.91 2340.71 0.92 0.97 0 0 1 0.550 13.74 8.57
hero_spruce_a -143.16 2.94 2351.09 6.22 1.13 0 0 1 0.380 16.00 3.90
hero_spruce_b -128.82 3.05 2346.00 6.09 1.28 0 0 1 0.320 13.00 3.84
hero_pine_b -119.11 2.72 2346.32 5.96 1.11 0 0 1 0.300 14.00 4.13
hero_spruce_b -96.48 1.82 2344.87 4.92 1.34 0 0 1 0.320 13.00 3.84
hero_spruce_b -84.80 1.39 2346.74 5.03 1.00 0 0 1 0.320 13.00 3.84
hero_pine_b -77.61 1.18 2347.17 0.50 1.23 0 0 1 0.300 14.00 4.13
hero_pine_b -71.42 1.13 2345.40 1.67 1.07 0 0 1 0.300 14.00 4.13
hero_pine_a -58.96 1.01 2348.13 5.49 1.00 0 0 1 0.340 17.00 4.12
hero_oak_a -40.51 1.16 2345.68 6.24 1.24 0 0 1 0.550 13.74 8.57
hero_birch_b -33.09 1.28 2345.37 1.47 1.03 0 0 1 0.220 14.31 7.20
hero_pine_b -28.71 1.28 2346.90 6.16 0.99 0 0 1 0.300 14.00 4.13
hero_pine_b 77.39 -4.84 2349.96 1.68 1.00 0 0 1 0.300 14.00 4.13
hero_spruce_b 82.32 -5.11 2349.32 3.65 1.19 0 0 1 0.320 13.00 3.84
hero_pine_b 98.33 -5.24 2350.35 3.51 1.27 0 0 1 0.300 14.00 4.13
hero_spruce_c 107.64 -5.42 2345.82 0.50 1.09 0 0 1 0.420 19.00 3.91
hero_spruce_b 118.38 -4.48 2348.15 5.08 1.34 0 0 1 0.320 13.00 3.84
hero_spruce_c 124.26 -4.10 2346.94 2.64 1.11 0 0 1 0.420 19.00 3.91
hero_pine_a 136.28 -2.36 2348.80 1.78 1.03 0 0 1 0.340 17.00 4.12
hero_spruce_a -142.65 2.50 2356.99 0.48 1.02 0 0 1 0.380 16.00 3.90
hero_oak_a -137.03 2.40 2357.97 3.67 1.11 0 0 1 0.550 13.74 8.57
hero_birch_b -130.29 2.55 2354.66 4.20 1.15 0 0 1 0.220 14.31 7.20
hero_birch_a -121.96 2.08 2359.62 2.16 0.98 0 0 1 0.200 13.23 4.86
hero_pine_b -100.59 1.55 2358.20 3.90 1.04 0 0 1 0.300 14.00 4.13
hero_oak_b -91.85 1.31 2358.26 5.96 1.04 0 0 1 0.480 10.11 6.89
hero_spruce_a -86.88 1.19 2358.11 4.41 1.16 0 0 1 0.380 16.00 3.90
hero_oak_a -79.99 1.08 2354.76 1.67 1.29 0 0 1 0.550 13.74 8.57
hero_oak_c -65.64 0.94 2354.38 1.09 1.13 0 0 1 0.620 16.21 10.57
hero_oak_a -61.74 0.93 2355.80 1.91 0.96 0 0 1 0.550 13.74 8.57
hero_oak_b -52.19 0.95 2354.50 4.30 1.04 0 0 1 0.480 10.11 6.89
hero_pine_b -45.46 0.98 2355.73 5.09 1.08 0 0 1 0.300 14.00 4.13
hero_oak_a -34.32 1.03 2357.31 3.34 1.10 0 0 1 0.550 13.74 8.57
hero_pine_a -25.92 1.01 2359.11 0.65 1.21 0 0 1 0.340 17.00 4.12
hero_oak_c -20.58 1.03 2357.01 3.60 1.07 0 0 1 0.620 16.21 10.57
hero_oak_b 74.84 -4.59 2356.39 5.13 1.12 0 0 1 0.480 10.11 6.89
hero_spruce_c 82.23 -4.82 2356.91 5.76 1.29 0 0 1 0.420 19.00 3.91
hero_birch_a 95.68 -4.64 2358.77 4.32 1.09 0 0 1 0.200 13.23 4.86
hero_spruce_a 98.05 -4.79 2355.72 2.35 1.18 0 0 1 0.380 16.00 3.90
hero_spruce_a 112.95 -3.82 2356.78 1.26 1.04 0 0 1 0.380 16.00 3.90
hero_spruce_a 124.23 -2.88 2355.54 2.62 1.32 0 0 1 0.380 16.00 3.90
hero_pine_a 135.18 -1.59 2354.59 5.23 1.11 0 0 1 0.340 17.00 4.12
hero_oak_c 141.15 -0.81 2354.01 2.02 1.05 0 0 1 0.620 16.21 10.57
hero_birch_a -134.33 2.13 2361.50 2.42 1.06 0 0 1 0.200 13.23 4.86
hero_spruce_b -130.70 1.81 2365.37 1.19 1.24 0 0 1 0.320 13.00 3.84
hero_pine_a -121.09 1.75 2365.10 5.75 1.02 0 0 1 0.340 17.00 4.12
hero_birch_a -109.16 1.55 2364.44 5.62 1.12 0 0 1 0.200 13.23 4.86
hero_spruce_b -100.32 1.29 2366.95 3.16 1.24 0 0 1 0.320 13.00 3.84
hero_birch_a -95.82 1.30 2362.71 5.24 1.15 0 0 1 0.200 13.23 4.86
hero_birch_b -80.23 1.04 2364.39 4.01 1.05 0 0 1 0.220 14.31 7.20
hero_spruce_a -65.93 0.96 2365.72 0.13 1.21 0 0 1 0.380 16.00 3.90
hero_pine_a -58.93 0.98 2365.59 4.02 1.11 0 0 1 0.340 17.00 4.12
hero_pine_b -48.72 1.05 2367.59 3.75 1.11 0 0 1 0.300 14.00 4.13
hero_spruce_c -33.79 1.02 2365.04 1.82 1.31 0 0 1 0.420 19.00 3.91
hero_pine_a -26.25 1.00 2364.10 4.97 1.06 0 0 1 0.340 17.00 4.12
hero_pine_a -18.80 0.91 2362.68 5.71 1.24 0 0 1 0.340 17.00 4.12
hero_birch_b 82.33 -4.63 2363.05 0.69 1.31 0 0 1 0.220 14.31 7.20
hero_spruce_b 93.58 -4.53 2361.48 4.91 1.12 0 0 1 0.320 13.00 3.84
hero_pine_b 98.90 -3.91 2367.78 2.70 1.20 0 0 1 0.300 14.00 4.13
hero_oak_a 109.68 -3.18 2366.03 5.60 1.20 0 0 1 0.550 13.74 8.57
hero_spruce_b 114.98 -2.86 2363.77 5.88 1.19 0 0 1 0.320 13.00 3.84
hero_spruce_a 129.99 -0.61 2366.37 3.14 1.04 0 0 1 0.380 16.00 3.90
hero_oak_a 138.25 0.82 2367.73 0.97 1.30 0 0 1 0.550 13.74 8.57
hero_spruce_c -141.62 0.78 2377.00 5.56 1.15 0 0 1 0.420 19.00 3.91
hero_spruce_c -137.19 1.37 2370.91 5.82 1.25 0 0 1 0.420 19.00 3.91
hero_birch_a -128.48 1.30 2372.76 0.42 1.17 0 0 1 0.200 13.23 4.86
hero_spruce_a -119.35 1.44 2370.25 3.00 1.10 0 0 1 0.380 16.00 3.90
hero_birch_a -111.17 1.35 2370.40 1.04 1.08 0 0 1 0.200 13.23 4.86
hero_spruce_a -101.54 1.18 2373.15 3.87 0.97 0 0 1 0.380 16.00 3.90
hero_spruce_c -91.53 1.11 2372.86 0.11 1.12 0 0 1 0.420 19.00 3.91
hero_oak_b -82.83 1.10 2373.64 2.95 0.98 0 0 1 0.480 10.11 6.89
hero_spruce_c -79.20 1.07 2371.07 0.72 0.97 0 0 1 0.420 19.00 3.91
hero_oak_b -67.58 1.10 2372.67 4.32 1.03 0 0 1 0.480 10.11 6.89
hero_oak_b -60.50 1.17 2374.70 1.87 1.33 0 0 1 0.480 10.11 6.89
hero_spruce_b -50.06 1.09 2370.24 1.49 1.26 0 0 1 0.320 13.00 3.84
hero_spruce_a -46.14 1.31 2376.77 1.63 1.32 0 0 1 0.380 16.00 3.90
hero_birch_a -37.94 1.13 2370.41 5.32 1.10 0 0 1 0.200 13.23 4.86
hero_spruce_a -26.47 1.10 2373.99 5.57 1.18 0 0 1 0.380 16.00 3.90
hero_pine_a 85.79 -4.30 2373.90 0.04 1.13 0 0 1 0.340 17.00 4.12
hero_spruce_a 96.03 -3.73 2374.71 2.78 1.05 0 0 1 0.380 16.00 3.90
hero_spruce_a 109.12 -2.49 2375.22 1.26 1.27 0 0 1 0.380 16.00 3.90
hero_oak_a 119.45 -1.36 2372.91 5.85 1.09 0 0 1 0.550 13.74 8.57
hero_oak_a 125.92 -0.35 2373.67 3.08 1.17 0 0 1 0.550 13.74 8.57
hero_oak_b 137.98 1.15 2370.20 0.33 0.98 0 0 1 0.480 10.11 6.89
hero_spruce_a 144.33 2.77 2374.48 1.65 1.05 0 0 1 0.380 16.00 3.90
hero_birch_a -137.53 0.54 2380.93 2.58 1.01 0 0 1 0.200 13.23 4.86
hero_spruce_b -128.29 0.47 2384.25 4.25 1.24 0 0 1 0.320 13.00 3.84
hero_spruce_b -121.18 0.86 2380.18 5.24 1.17 0 0 1 0.320 13.00 3.84
hero_spruce_c -111.21 0.76 2384.52 1.91 1.23 0 0 1 0.420 19.00 3.91
hero_pine_a -103.74 0.94 2381.60 0.21 1.31 0 0 1 0.340 17.00 4.12
hero_oak_c -93.38 1.03 2383.21 4.40 1.29 0 0 1 0.620 16.21 10.57
hero_birch_b -84.88 1.19 2384.74 2.81 1.01 0 0 1 0.220 14.31 7.20
hero_oak_b -77.56 1.29 2383.90 3.66 1.08 0 0 1 0.480 10.11 6.89
hero_oak_b -70.18 1.37 2383.41 0.41 1.31 0 0 1 0.480 10.11 6.89
hero_birch_b -59.31 1.53 2383.79 1.46 1.29 0 0 1 0.220 14.31 7.20
hero_birch_b -53.42 1.50 2381.89 2.22 1.29 0 0 1 0.220 14.31 7.20
hero_pine_b -42.54 1.57 2382.01 1.24 1.04 0 0 1 0.300 14.00 4.13
hero_oak_a -32.76 1.41 2380.11 0.50 0.97 0 0 1 0.550 13.74 8.57
hero_pine_a -25.39 1.35 2382.74 0.86 1.30 0 0 1 0.340 17.00 4.12
hero_pine_a 82.50 -4.32 2380.21 5.32 1.21 0 0 1 0.340 17.00 4.12
hero_spruce_a 94.81 -3.48 2384.28 0.43 1.02 0 0 1 0.380 16.00 3.90
hero_spruce_c 104.91 -2.71 2379.28 3.57 1.25 0 0 1 0.420 19.00 3.91
hero_pine_a 107.75 -2.40 2378.98 6.09 1.26 0 0 1 0.340 17.00 4.12
hero_spruce_a 120.40 -0.22 2384.96 2.31 1.34 0 0 1 0.380 16.00 3.90
hero_oak_a 130.17 1.15 2381.58 5.82 1.14 0 0 1 0.550 13.74 8.57
hero_pine_b 134.69 2.30 2385.27 3.01 0.96 0 0 1 0.300 14.00 4.13
hero_oak_b 143.54 3.38 2380.67 0.05 1.20 0 0 1 0.480 10.11 6.89
hero_spruce_c -142.65 -0.37 2388.81 4.56 1.02 0 0 1 0.420 19.00 3.91
hero_spruce_c -133.10 -0.07 2389.53 1.96 1.05 0 0 1 0.420 19.00 3.91
hero_pine_a -131.25 -0.34 2393.37 4.02 1.32 0 0 1 0.340 17.00 4.12
hero_spruce_a -116.65 0.51 2387.72 0.52 1.24 0 0 1 0.380 16.00 3.90
hero_spruce_a -110.21 0.58 2390.07 2.45 1.03 0 0 1 0.380 16.00 3.90
hero_pine_a -93.40 1.04 2389.27 2.11 1.05 0 0 1 0.340 17.00 4.12
hero_oak_b -88.29 1.13 2388.66 0.83 1.35 0 0 1 0.480 10.11 6.89
hero_oak_a -79.19 1.40 2390.49 5.74 1.33 0 0 1 0.550 13.74 8.57
hero_spruce_a -69.18 1.57 2388.08 1.08 1.19 0 0 1 0.380 16.00 3.90
hero_oak_a -58.55 1.93 2391.38 1.36 1.28 0 0 1 0.550 13.74 8.57
hero_spruce_b -48.13 1.95 2389.66 4.78 1.27 0 0 1 0.320 13.00 3.84
hero_birch_a -43.24 1.98 2389.95 5.59 1.31 0 0 1 0.200 13.23 4.86
hero_birch_b -35.60 1.81 2387.76 3.11 1.13 0 0 1 0.220 14.31 7.20
hero_oak_b -22.73 1.86 2393.92 5.69 1.00 0 0 1 0.480 10.11 6.89
hero_spruce_a 83.19 -4.21 2390.03 3.22 1.15 0 0 1 0.380 16.00 3.90
hero_birch_a 94.81 -3.29 2392.92 4.67 1.14 0 0 1 0.200 13.23 4.86
hero_spruce_b 101.65 -2.50 2393.78 5.22 1.21 0 0 1 0.320 13.00 3.84
hero_birch_b 111.13 -1.39 2388.72 0.26 1.09 0 0 1 0.220 14.31 7.20
hero_pine_b 116.06 -0.48 2392.24 5.84 1.28 0 0 1 0.300 14.00 4.13
hero_birch_a 126.29 1.35 2393.11 1.56 1.16 0 0 1 0.200 13.23 4.86
hero_birch_b 138.88 3.42 2389.89 4.58 1.34 0 0 1 0.220 14.31 7.20
hero_oak_a 143.76 4.48 2391.52 5.65 1.03 0 0 1 0.550 13.74 8.57
hero_spruce_c -142.57 -1.35 2398.51 3.25 1.25 0 0 1 0.420 19.00 3.91
hero_spruce_b -139.34 -1.03 2397.18 2.66 1.12 0 0 1 0.320 13.00 3.84
hero_oak_b -128.03 -0.47 2396.76 1.74 1.27 0 0 1 0.480 10.11 6.89
hero_pine_a -121.41 -0.53 2402.55 0.42 1.08 0 0 1 0.340 17.00 4.12
hero_pine_b -113.43 0.02 2399.66 6.09 1.33 0 0 1 0.300 14.00 4.13
hero_birch_b -100.13 0.68 2399.33 3.21 1.11 0 0 1 0.220 14.31 7.20
hero_pine_b -95.76 0.90 2399.57 2.31 0.97 0 0 1 0.300 14.00 4.13
hero_birch_a -87.77 1.24 2397.84 3.69 1.19 0 0 1 0.200 13.23 4.86
hero_oak_a -80.15 1.55 2397.03 0.54 1.14 0 0 1 0.550 13.74 8.57
hero_oak_c -65.82 1.99 2395.62 4.21 1.18 0 0 1 0.620 16.21 10.57
hero_spruce_a -62.07 2.15 2396.38 4.04 1.02 0 0 1 0.380 16.00 3.90
hero_oak_c -52.16 2.37 2396.91 4.78 1.27 0 0 1 0.620 16.21 10.57
hero_pine_a -40.98 2.32 2395.43 1.25 1.34 0 0 1 0.340 17.00 4.12
hero_spruce_c -37.40 2.63 2399.86 1.32 1.10 0 0 1 0.420 19.00 3.91
hero_pine_b -22.90 2.23 2399.88 0.08 1.15 0 0 1 0.300 14.00 4.13
hero_spruce_b -20.62 2.29 2402.06 2.13 1.01 0 0 1 0.320 13.00 3.84
hero_oak_b -10.63 1.70 2402.40 3.02 0.97 0 0 1 0.480 10.11 6.89
hero_birch_a 84.60 -4.08 2396.84 1.19 1.01 0 0 1 0.200 13.23 4.86
hero_spruce_b 99.68 -2.61 2399.91 5.47 1.18 0 0 1 0.320 13.00 3.84
hero_spruce_c 115.20 -0.23 2402.14 2.67 1.21 0 0 1 0.420 19.00 3.91
hero_spruce_a 123.63 1.00 2395.81 0.73 1.30 0 0 1 0.380 16.00 3.90
hero_spruce_c 137.41 3.74 2399.10 0.53 1.35 0 0 1 0.420 19.00 3.91
hero_birch_b 140.51 4.42 2400.28 2.84 1.14 0 0 1 0.220 14.31 7.20
hero_birch_b -143.17 -2.42 2409.15 6.08 1.10 0 0 1 0.220 14.31 7.20
hero_pine_a -137.28 -1.60 2404.42 4.39 1.24 0 0 1 0.340 17.00 4.12
hero_birch_a -129.28 -1.37 2407.68 0.40 1.03 0 0 1 0.200 13.23 4.86
hero_pine_b -121.99 -0.88 2407.37 2.15 1.02 0 0 1 0.300 14.00 4.13
hero_pine_b -109.53 -0.17 2409.46 2.18 1.01 0 0 1 0.300 14.00 4.13
hero_spruce_c -105.07 0.16 2408.74 3.08 1.04 0 0 1 0.420 19.00 3.91
hero_oak_b -91.32 1.09 2410.02 5.56 1.11 0 0 1 0.480 10.11 6.89
hero_spruce_a -85.52 1.44 2404.23 1.82 1.05 0 0 1 0.380 16.00 3.90
hero_pine_a -71.21 2.30 2407.12 5.61 1.09 0 0 1 0.340 17.00 4.12
hero_pine_a -60.67 2.65 2404.93 2.34 1.22 0 0 1 0.340 17.00 4.12
hero_oak_c -50.94 3.08 2407.09 2.27 1.07 0 0 1 0.620 16.21 10.57
hero_spruce_c -43.84 3.02 2404.91 0.13 1.14 0 0 1 0.420 19.00 3.91
hero_spruce_b -34.10 3.18 2407.67 4.50 0.95 0 0 1 0.320 13.00 3.84
hero_birch_b -29.43 3.18 2409.25 5.13 1.04 0 0 1 0.220 14.31 7.20
hero_spruce_b 82.86 -4.15 2405.42 0.23 1.02 0 0 1 0.320 13.00 3.84
hero_birch_b 90.17 -3.58 2406.62 2.78 1.21 0 0 1 0.220 14.31 7.20
hero_spruce_c 102.13 -2.14 2410.23 3.83 1.32 0 0 1 0.420 19.00 3.91
hero_pine_a 107.98 -1.35 2404.46 3.61 1.14 0 0 1 0.340 17.00 4.12
hero_spruce_b 118.95 0.63 2409.82 0.86 0.96 0 0 1 0.320 13.00 3.84
hero_oak_c 129.75 2.56 2405.94 4.30 1.20 0 0 1 0.620 16.21 10.57
hero_oak_b 133.27 3.26 2405.90 0.75 0.97 0 0 1 0.480 10.11 6.89
hero_oak_b -144.58 -3.50 2419.46 2.09 1.21 0 0 1 0.480 10.11 6.89
hero_spruce_b -137.29 -2.47 2413.90 1.65 1.33 0 0 1 0.320 13.00 3.84
hero_pine_a -129.05 -2.06 2416.34 0.30 1.33 0 0 1 0.340 17.00 4.12
hero_birch_a -120.77 -1.39 2416.13 5.30 1.22 0 0 1 0.200 13.23 4.86
hero_spruce_a -105.01 0.02 2413.34 6.23 0.96 0 0 1 0.380 16.00 3.90
hero_birch_b -91.54 1.07 2414.00 2.99 1.03 0 0 1 0.220 14.31 7.20
hero_pine_b -87.68 1.38 2416.32 2.73 0.97 0 0 1 0.300 14.00 4.13
hero_birch_a -75.34 2.26 2413.78 2.69 1.25 0 0 1 0.200 13.23 4.86
hero_birch_b -66.42 2.90 2415.07 6.09 1.10 0 0 1 0.220 14.31 7.20
hero_oak_c -58.55 3.41 2416.88 4.99 1.23 0 0 1 0.620 16.21 10.57
hero_pine_b -52.93 3.42 2413.05 2.82 1.09 0 0 1 0.300 14.00 4.13
hero_pine_a -44.59 4.01 2418.77 0.84 0.98 0 0 1 0.340 17.00 4.12
hero_spruce_c -34.43 3.94 2417.71 3.23 1.06 0 0 1 0.420 19.00 3.91
hero_birch_a -24.07 3.37 2414.46 2.48 1.12 0 0 1 0.200 13.23 4.86
hero_pine_b -17.82 3.35 2419.01 2.56 1.30 0 0 1 0.300 14.00 4.13
hero_oak_a 81.71 -4.15 2414.27 0.60 1.06 0 0 1 0.550 13.74 8.57
hero_birch_b 93.82 -3.09 2418.67 1.16 1.25 0 0 1 0.220 14.31 7.20
hero_pine_a 108.43 -1.13 2412.86 4.76 0.99 0 0 1 0.340 17.00 4.12
hero_spruce_b 129.80 2.72 2412.73 2.80 1.07 0 0 1 0.320 13.00 3.84
hero_pine_b 134.58 3.66 2416.08 4.17 1.20 0 0 1 0.300 14.00 4.13
hero_spruce_b -144.76 -3.95 2424.52 3.21 1.18 0 0 1 0.320 13.00 3.84
hero_birch_a -126.07 -2.45 2425.61 5.04 0.96 0 0 1 0.200 13.23 4.86
hero_spruce_b -117.61 -1.84 2428.00 2.39 1.29 0 0 1 0.320 13.00 3.84
hero_oak_b -101.37 -0.03 2424.49 5.75 1.12 0 0 1 0.480 10.11 6.89
hero_pine_b -93.87 0.71 2424.94 6.20 1.19 0 0 1 0.300 14.00 4.13
hero_spruce_b -82.13 1.87 2426.89 2.59 1.30 0 0 1 0.320 13.00 3.84
hero_spruce_b -74.59 2.50 2421.10 0.41 1.26 0 0 1 0.320 13.00 3.84
hero_spruce_b -65.74 3.21 2421.96 6.25 1.13 0 0 1 0.320 13.00 3.84
hero_pine_a -63.34 3.41 2422.45 2.80 0.98 0 0 1 0.340 17.00 4.12
hero_spruce_b -51.07 4.27 2426.56 2.40 1.07 0 0 1 0.320 13.00 3.84
hero_oak_c -41.31 4.32 2422.86 4.26 0.95 0 0 1 0.620 16.21 10.57
hero_spruce_b -35.00 4.30 2422.76 1.35 1.15 0 0 1 0.320 13.00 3.84
hero_oak_b -28.43 4.32 2425.11 3.38 1.23 0 0 1 0.480 10.11 6.89
hero_oak_a -15.04 3.42 2422.11 3.20 1.06 0 0 1 0.550 13.74 8.57
hero_spruce_c -10.89 3.32 2425.30 2.27 1.07 0 0 1 0.420 19.00 3.91
hero_oak_c 82.50 -4.01 2422.20 4.59 1.14 0 0 1 0.620 16.21 10.57
hero_spruce_b 95.33 -2.86 2422.32 1.27 1.08 0 0 1 0.320 13.00 3.84
hero_birch_b 101.02 -2.17 2421.66 5.17 1.22 0 0 1 0.220 14.31 7.20
hero_spruce_a 110.49 -0.73 2421.37 3.90 0.97 0 0 1 0.380 16.00 3.90
hero_spruce_a 118.96 0.73 2422.32 3.97 1.03 0 0 1 0.380 16.00 3.90
hero_birch_b 129.60 2.64 2428.04 4.86 1.15 0 0 1 0.220 14.31 7.20
hero_spruce_c 136.62 4.02 2421.68 1.82 1.32 0 0 1 0.420 19.00 3.91
hero_pine_a 140.65 4.74 2426.07 4.85 1.08 0 0 1 0.340 17.00 4.12
hero_oak_c -136.41 -3.85 2432.34 2.12 1.17 0 0 1 0.620 16.21 10.57
hero_pine_a -128.57 -3.30 2434.70 1.11 1.27 0 0 1 0.340 17.00 4.12
hero_oak_c -119.28 -2.12 2430.41 3.20 1.12 0 0 1 0.620 16.21 10.57
hero_birch_b -114.32 -1.57 2429.78 2.19 1.01 0 0 1 0.220 14.31 7.20
hero_oak_a -100.98 -0.25 2432.73 5.08 1.03 0 0 1 0.550 13.74 8.57
hero_spruce_a -97.23 0.12 2434.94 3.62 0.99 0 0 1 0.380 16.00 3.90
hero_pine_a -86.05 1.43 2433.99 4.99 1.15 0 0 1 0.340 17.00 4.12
hero_spruce_b -77.05 2.43 2430.91 0.82 1.01 0 0 1 0.320 13.00 3.84
hero_oak_c -68.34 3.30 2432.23 4.66 1.02 0 0 1 0.620 16.21 10.57
hero_spruce_c -58.71 4.08 2433.46 1.71 1.32 0 0 1 0.420 19.00 3.91
hero_pine_b -50.30 4.55 2431.71 3.88 0.95 0 0 1 0.300 14.00 4.13
hero_spruce_a -40.18 4.90 2432.94 5.58 1.14 0 0 1 0.380 16.00 3.90
hero_spruce_a -37.89 4.95 2433.66 1.89 1.19 0 0 1 0.380 16.00 3.90
hero_pine_b -16.06 4.34 2434.64 4.02 0.98 0 0 1 0.300 14.00 4.13
hero_oak_b 87.83 -3.43 2432.64 3.36 1.03 0 0 1 0.480 10.11 6.89
hero_spruce_b 93.17 -2.89 2436.53 4.15 1.20 0 0 1 0.320 13.00 3.84
hero_spruce_a 100.04 -2.14 2436.19 0.58 1.09 0 0 1 0.380 16.00 3.90
hero_spruce_c 115.31 0.06 2433.52 2.42 1.04 0 0 1 0.420 19.00 3.91
hero_pine_a 130.42 2.75 2430.11 1.92 1.19 0 0 1 0.340 17.00 4.12
hero_pine_a 139.01 4.17 2435.55 6.04 0.97 0 0 1 0.340 17.00 4.12
hero_pine_a -135.15 -4.36 2443.22 3.66 1.03 0 0 1 0.340 17.00 4.12
hero_pine_b -131.45 -4.02 2443.49 4.94 0.96 0 0 1 0.300 14.00 4.13
hero_birch_b -122.17 -2.86 2438.12 4.29 1.30 0 0 1 0.220 14.31 7.20
hero_oak_a -110.85 -1.74 2440.88 3.51 1.27 0 0 1 0.550 13.74 8.57
hero_spruce_c -99.78 -0.45 2442.89 5.39 1.08 0 0 1 0.420 19.00 3.91
hero_spruce_b -82.19 1.77 2441.71 2.76 1.32 0 0 1 0.320 13.00 3.84
hero_spruce_a -73.85 2.75 2443.15 0.91 1.23 0 0 1 0.380 16.00 3.90
hero_oak_a -56.90 4.42 2444.24 0.58 1.21 0 0 1 0.550 13.74 8.57
hero_oak_c -53.78 4.62 2440.18 6.17 0.97 0 0 1 0.620 16.21 10.57
hero_spruce_b -39.63 5.30 2443.59 2.78 1.14 0 0 1 0.320 13.00 3.84
hero_pine_b -32.34 5.38 2443.77 0.16 1.01 0 0 1 0.300 14.00 4.13
hero_spruce_a -27.83 5.28 2443.63 2.43 1.30 0 0 1 0.380 16.00 3.90
hero_spruce_c -18.30 4.84 2442.26 2.81 1.18 0 0 1 0.420 19.00 3.91
hero_pine_b -9.92 4.27 2443.04 2.25 1.22 0 0 1 0.300 14.00 4.13
hero_spruce_a 101.34 -1.96 2439.22 4.03 1.28 0 0 1 0.380 16.00 3.90
hero_pine_b 106.46 -1.30 2438.34 2.07 1.32 0 0 1 0.300 14.00 4.13
hero_spruce_a 115.86 0.08 2444.99 2.24 1.06 0 0 1 0.380 16.00 3.90
hero_spruce_a 127.89 2.11 2439.78 5.50 0.96 0 0 1 0.380 16.00 3.90
hero_birch_a 136.47 3.36 2444.34 5.68 1.29 0 0 1 0.200 13.23 4.86
hero_pine_b 141.44 4.46 2438.55 4.39 0.99 0 0 1 0.300 14.00 4.13
hero_oak_c -134.19 -4.49 2448.54 2.85 1.07 0 0 1 0.620 16.21 10.57
hero_birch_a -130.13 -4.15 2449.00 1.78 1.24 0 0 1 0.200 13.23 4.86
hero_spruce_c -117.38 -2.93 2452.19 1.19 1.27 0 0 1 0.420 19.00 3.91
hero_spruce_c -107.76 -1.66 2449.07 1.09 1.04 0 0 1 0.420 19.00 3.91
hero_pine_b -105.26 -1.38 2449.71 5.85 1.14 0 0 1 0.300 14.00 4.13
hero_spruce_c -93.71 0.18 2448.11 3.21 1.05 0 0 1 0.420 19.00 3.91
hero_spruce_b -83.48 1.49 2448.85 5.15 1.19 0 0 1 0.320 13.00 3.84
hero_oak_c -59.62 4.16 2452.81 5.60 1.30 0 0 1 0.620 16.21 10.57
hero_spruce_c -44.80 5.19 2447.60 2.40 1.27 0 0 1 0.420 19.00 3.91
hero_spruce_a -35.39 5.51 2452.89 4.98 0.95 0 0 1 0.380 16.00 3.90
hero_spruce_c -26.87 5.45 2451.06 0.82 1.04 0 0 1 0.420 19.00 3.91
hero_pine_a -18.45 5.07 2449.17 0.25 1.21 0 0 1 0.340 17.00 4.12
hero_oak_a 85.72 -3.14 2448.17 0.95 1.21 0 0 1 0.550 13.74 8.57
hero_birch_b 93.07 -2.49 2453.40 1.20 1.35 0 0 1 0.220 14.31 7.20
hero_birch_b 99.61 -1.94 2451.97 6.25 1.23 0 0 1 0.220 14.31 7.20
hero_spruce_c 113.12 -0.35 2448.31 0.89 1.33 0 0 1 0.420 19.00 3.91
hero_spruce_b 125.12 1.34 2451.59 3.00 1.34 0 0 1 0.320 13.00 3.84
hero_oak_c 144.86 4.47 2448.17 1.52 1.25 0 0 1 0.620 16.21 10.57
hero_spruce_b -144.26 -5.53 2458.40 3.12 1.33 0 0 1 0.320 13.00 3.84
hero_pine_a -139.21 -5.14 2459.93 0.62 1.08 0 0 1 0.340 17.00 4.12
hero_oak_b -129.15 -4.28 2457.90 0.60 1.27 0 0 1 0.480 10.11 6.89
hero_spruce_b -118.46 -3.14 2455.51 3.03 1.29 0 0 1 0.320 13.00 3.84
hero_birch_b -114.46 -2.72 2457.64 5.50 1.13 0 0 1 0.220 14.31 7.20
hero_oak_c -104.45 -1.44 2455.20 2.99 1.15 0 0 1 0.620 16.21 10.57
hero_birch_b -88.10 0.65 2457.92 0.79 1.20 0 0 1 0.220 14.31 7.20
hero_pine_b -77.65 1.96 2460.51 0.27 1.18 0 0 1 0.300 14.00 4.13
hero_pine_a -68.66 3.07 2460.68 0.06 0.99 0 0 1 0.340 17.00 4.12
hero_birch_a -62.04 3.74 2461.75 6.23 1.15 0 0 1 0.200 13.23 4.86
hero_spruce_a -50.87 4.77 2459.94 0.88 1.08 0 0 1 0.380 16.00 3.90
hero_spruce_c -42.13 5.24 2460.27 1.40 1.06 0 0 1 0.420 19.00 3.91
hero_oak_c -31.03 5.43 2460.82 0.89 1.27 0 0 1 0.620 16.21 10.57
hero_birch_b -15.33 5.02 2458.77 4.40 0.97 0 0 1 0.220 14.31 7.20
hero_spruce_a -12.19 4.81 2456.27 3.60 1.05 0 0 1 0.380 16.00 3.90
hero_oak_b 81.38 -2.87 2459.54 3.33 1.11 0 0 1 0.480 10.11 6.89
hero_pine_a 95.76 -2.17 2456.68 3.45 1.19 0 0 1 0.340 17.00 4.12
hero_oak_b 103.76 -1.40 2456.59 1.08 0.96 0 0 1 0.480 10.11 6.89
hero_birch_b 116.93 0.10 2460.80 4.01 1.32 0 0 1 0.220 14.31 7.20
hero_spruce_c 133.94 2.23 2461.71 4.81 1.35 0 0 1 0.420 19.00 3.91
hero_pine_b -137.38 -4.98 2463.58 3.29 1.04 0 0 1 0.300 14.00 4.13
hero_pine_b -129.74 -4.35 2468.32 4.97 1.30 0 0 1 0.300 14.00 4.13
hero_pine_b -111.91 -2.58 2467.69 1.16 1.13 0 0 1 0.300 14.00 4.13
hero_pine_a -101.72 -1.32 2465.27 5.01 1.14 0 0 1 0.340 17.00 4.12
hero_spruce_a -93.19 -0.22 2465.27 3.70 1.20 0 0 1 0.380 16.00 3.90
hero_spruce_a -86.55 0.62 2466.27 2.52 1.29 0 0 1 0.380 16.00 3.90
hero_pine_a -79.10 1.47 2470.43 0.51 1.29 0 0 1 0.340 17.00 4.12
hero_birch_b -62.97 3.40 2468.94 3.87 1.04 0 0 1 0.220 14.31 7.20
hero_pine_b -48.67 4.68 2467.02 0.91 1.06 0 0 1 0.300 14.00 4.13
hero_birch_a -43.02 4.87 2469.23 0.37 1.22 0 0 1 0.200 13.23 4.86
hero_oak_a -32.38 5.29 2466.02 3.45 1.23 0 0 1 0.550 13.74 8.57
hero_spruce_b -26.56 5.30 2464.44 0.15 1.34 0 0 1 0.320 13.00 3.84
hero_spruce_a -16.67 4.93 2467.43 3.46 1.01 0 0 1 0.380 16.00 3.90
hero_spruce_b 83.91 -2.48 2466.49 5.20 0.97 0 0 1 0.320 13.00 3.84
hero_oak_a 90.47 -2.12 2469.08 4.26 1.33 0 0 1 0.550 13.74 8.57
hero_spruce_b 110.26 -0.63 2464.93 4.01 1.19 0 0 1 0.320 13.00 3.84
hero_pine_b 115.80 -0.02 2468.88 3.37 1.01 0 0 1 0.300 14.00 4.13
hero_pine_b 129.97 1.62 2465.89 4.41 1.04 0 0 1 0.300 14.00 4.13
hero_spruce_b 134.83 2.14 2466.30 4.61 1.34 0 0 1 0.320 13.00 3.84
hero_spruce_b -134.36 -4.51 2474.48 4.72 0.95 0 0 1 0.320 13.00 3.84
hero_spruce_c -125.86 -3.89 2473.83 0.33 1.07 0 0 1 0.420 19.00 3.91
hero_spruce_b -120.51 -3.46 2472.36 0.69 1.26 0 0 1 0.320 13.00 3.84
hero_spruce_a -112.99 -2.67 2473.15 2.00 1.01 0 0 1 0.380 16.00 3.90
hero_pine_b -102.08 -1.46 2477.83 3.75 1.21 0 0 1 0.300 14.00 4.13
hero_pine_b -92.52 -0.28 2472.37 3.36 1.25 0 0 1 0.300 14.00 4.13
hero_pine_a -88.93 0.06 2478.70 4.69 1.25 0 0 1 0.340 17.00 4.12
hero_spruce_a -77.68 1.45 2477.37 3.35 1.02 0 0 1 0.380 16.00 3.90
hero_spruce_c -65.14 3.02 2472.60 1.60 1.14 0 0 1 0.420 19.00 3.91
hero_pine_a -62.21 3.27 2473.25 4.96 1.24 0 0 1 0.340 17.00 4.12
hero_oak_c -49.61 4.17 2475.94 0.86 1.11 0 0 1 0.620 16.21 10.57
hero_spruce_b -45.55 4.23 2478.94 5.23 0.98 0 0 1 0.320 13.00 3.84
hero_spruce_b -33.32 4.59 2478.58 4.41 1.34 0 0 1 0.320 13.00 3.84
hero_spruce_b -24.23 4.62 2477.81 1.87 1.22 0 0 1 0.320 13.00 3.84
hero_pine_a -18.82 4.45 2477.94 3.57 1.34 0 0 1 0.340 17.00 4.12
hero_spruce_c 81.57 -2.15 2476.68 0.59 1.28 0 0 1 0.420 19.00 3.91
hero_birch_a 94.91 -1.60 2476.82 0.10 1.19 0 0 1 0.200 13.23 4.86
hero_spruce_b 100.32 -1.35 2473.36 3.06 1.12 0 0 1 0.320 13.00 3.84
hero_pine_a 108.44 -0.62 2477.99 5.08 0.96 0 0 1 0.340 17.00 4.12
hero_birch_a 123.62 0.75 2472.85 4.99 1.05 0 0 1 0.200 13.23 4.86
hero_oak_b 136.31 1.99 2473.55 1.11 1.08 0 0 1 0.480 10.11 6.89
hero_spruce_a -141.82 -4.65 2480.97 3.31 1.25 0 0 1 0.380 16.00 3.90
hero_pine_a -138.87 -4.13 2486.08 6.17 1.19 0 0 1 0.340 17.00 4.12
hero_pine_b -130.57 -3.86 2483.34 1.32 1.19 0 0 1 0.300 14.00 4.13
hero_oak_a -118.93 -2.94 2484.44 0.49 1.01 0 0 1 0.550 13.74 8.57
hero_spruce_a -113.21 -2.54 2481.67 2.20 1.04 0 0 1 0.380 16.00 3.90
hero_spruce_b -98.93 -1.07 2484.06 4.53 1.11 0 0 1 0.320 13.00 3.84
hero_spruce_c -94.75 -0.63 2483.41 2.27 1.21 0 0 1 0.420 19.00 3.91
hero_spruce_c -86.74 0.22 2485.66 5.30 1.34 0 0 1 0.420 19.00 3.91
hero_spruce_c -71.78 1.93 2482.43 3.51 1.05 0 0 1 0.420 19.00 3.91
hero_spruce_a -61.56 2.90 2482.36 4.50 1.05 0 0 1 0.380 16.00 3.90
hero_spruce_b -48.43 3.71 2484.25 5.89 1.14 0 0 1 0.320 13.00 3.84
hero_spruce_c -42.62 3.79 2486.59 3.21 1.00 0 0 1 0.420 19.00 3.91
hero_birch_b -31.95 4.30 2482.83 2.35 1.22 0 0 1 0.220 14.31 7.20
hero_spruce_c -24.11 4.41 2480.97 4.94 0.99 0 0 1 0.420 19.00 3.91
hero_oak_b -15.43 3.66 2486.29 4.59 1.35 0 0 1 0.480 10.11 6.89
hero_oak_c 84.74 -1.90 2480.90 4.54 1.12 0 0 1 0.620 16.21 10.57
hero_birch_b 89.64 -1.63 2483.54 1.67 1.17 0 0 1 0.220 14.31 7.20
hero_spruce_a 99.50 -1.10 2485.67 5.76 1.31 0 0 1 0.380 16.00 3.90
hero_spruce_c 108.95 -0.54 2481.52 3.68 1.02 0 0 1 0.420 19.00 3.91
hero_spruce_c 120.87 0.35 2485.36 0.63 1.18 0 0 1 0.420 19.00 3.91
hero_spruce_c 125.66 0.70 2486.33 4.86 1.05 0 0 1 0.420 19.00 3.91
hero_pine_a 137.49 1.48 2487.16 5.03 1.05 0 0 1 0.340 17.00 4.12
hero_birch_b -138.65 -3.49 2493.49 4.63 1.25 0 0 1 0.220 14.31 7.20
hero_pine_b -124.68 -2.97 2491.14 5.78 1.05 0 0 1 0.300 14.00 4.13
hero_birch_a -108.25 -1.62 2494.84 2.76 1.33 0 0 1 0.200 13.23 4.86
hero_spruce_c -101.47 -1.03 2495.20 1.94 1.01 0 0 1 0.420 19.00 3.91
hero_pine_b -95.08 -0.51 2494.87 3.89 1.06 0 0 1 0.300 14.00 4.13
hero_spruce_a -87.06 0.17 2495.92 5.52 1.33 0 0 1 0.380 16.00 3.90
hero_spruce_b -70.21 1.74 2491.26 6.23 1.02 0 0 1 0.320 13.00 3.84
hero_oak_b -61.62 2.34 2492.76 0.38 1.05 0 0 1 0.480 10.11 6.89
hero_spruce_c -53.85 2.88 2491.35 4.79 1.32 0 0 1 0.420 19.00 3.91
hero_spruce_b -43.25 3.33 2492.03 5.89 0.97 0 0 1 0.320 13.00 3.84
hero_oak_c -32.18 3.65 2489.97 2.69 1.34 0 0 1 0.620 16.21 10.57
hero_oak_b -15.45 3.37 2489.64 1.03 1.08 0 0 1 0.480 10.11 6.89
hero_spruce_b 84.56 -1.61 2490.11 0.85 1.24 0 0 1 0.320 13.00 3.84
hero_spruce_c 89.79 -1.44 2489.57 6.05 1.12 0 0 1 0.420 19.00 3.91
hero_spruce_b 101.86 -0.79 2493.06 4.54 1.21 0 0 1 0.320 13.00 3.84
hero_oak_b 112.35 -0.22 2491.12 0.67 1.22 0 0 1 0.480 10.11 6.89
hero_spruce_a 119.14 0.22 2493.76 0.39 1.02 0 0 1 0.380 16.00 3.90
hero_pine_a 125.36 0.55 2495.48 6.25 0.96 0 0 1 0.340 17.00 4.12
hero_pine_b 132.78 1.00 2492.22 5.82 1.17 0 0 1 0.300 14.00 4.13
hero_spruce_c 145.00 1.70 2490.43 1.68 1.30 0 0 1 0.420 19.00 3.91
hero_spruce_b -136.35 -2.65 2500.84 2.51 1.13 0 0 1 0.320 13.00 3.84
hero_spruce_b -128.18 -2.19 2502.23 3.74 1.08 0 0 1 0.320 13.00 3.84
hero_birch_a -116.49 -1.93 2498.58 0.64 1.13 0 0 1 0.200 13.23 4.86
hero_spruce_b -102.00 -0.65 2504.21 1.08 1.16 0 0 1 0.320 13.00 3.84
hero_pine_a -92.37 -0.05 2503.56 1.39 1.06 0 0 1 0.340 17.00 4.12
hero_spruce_c -82.92 0.56 2502.36 5.56 1.16 0 0 1 0.420 19.00 3.91
hero_birch_a -76.74 1.01 2498.24 5.77 1.30 0 0 1 0.200 13.23 4.86
hero_birch_b -68.01 1.59 2499.29 4.36 1.29 0 0 1 0.220 14.31 7.20
hero_spruce_b -62.09 1.75 2503.69 1.17 1.14 0 0 1 0.320 13.00 3.84
hero_spruce_a -48.73 2.23 2503.15 5.29 1.23 0 0 1 0.380 16.00 3.90
hero_pine_a -39.92 2.76 2498.86 0.33 1.13 0 0 1 0.340 17.00 4.12
hero_birch_b -32.68 2.82 2498.54 0.71 1.16 0 0 1 0.220 14.31 7.20
hero_oak_b -28.90 2.40 2501.94 4.46 1.25 0 0 1 0.480 10.11 6.89
hero_oak_b -16.52 2.41 2499.00 0.82 1.06 0 0 1 0.480 10.11 6.89
hero_spruce_b 85.73 -1.30 2500.81 0.65 1.10 0 0 1 0.320 13.00 3.84
hero_spruce_c 95.47 -0.98 2498.86 5.71 1.22 0 0 1 0.420 19.00 3.91
hero_oak_b 101.88 -0.70 2497.75 2.95 1.20 0 0 1 0.480 10.11 6.89
hero_oak_c 113.31 -0.09 2498.53 6.26 0.99 0 0 1 0.620 16.21 10.57
hero_oak_c 115.19 -0.02 2500.67 0.02 1.33 0 0 1 0.620 16.21 10.57
hero_pine_a 125.80 0.51 2499.51 3.22 1.04 0 0 1 0.340 17.00 4.12
hero_spruce_c 132.34 0.78 2499.96 5.04 0.97 0 0 1 0.420 19.00 3.91
hero_spruce_c 142.09 0.97 2503.02 3.86 0.96 0 0 1 0.420 19.00 3.91
hero_pine_a -139.91 -1.67 2509.95 0.43 1.01 0 0 1 0.340 17.00 4.12
hero_birch_b -126.25 -1.56 2507.82 1.07 1.34 0 0 1 0.220 14.31 7.20
hero_pine_a -116.38 -0.92 2510.10 0.79 1.17 0 0 1 0.340 17.00 4.12
hero_pine_b -112.18 -0.66 2510.75 4.10 0.99 0 0 1 0.300 14.00 4.13
hero_pine_a -105.27 -0.64 2507.37 1.13 1.23 0 0 1 0.340 17.00 4.12
hero_spruce_b -88.98 0.46 2512.30 2.77 1.28 0 0 1 0.320 13.00 3.84
hero_spruce_b -75.78 1.01 2511.23 3.17 1.04 0 0 1 0.320 13.00 3.84
hero_birch_b -63.54 1.36 2512.01 4.01 1.23 0 0 1 0.220 14.31 7.20
hero_spruce_b -50.86 1.78 2508.54 4.47 1.29 0 0 1 0.320 13.00 3.84
hero_oak_b -42.77 1.44 2512.86 5.36 1.34 0 0 1 0.480 10.11 6.89
hero_oak_c -35.37 1.68 2509.73 3.47 0.98 0 0 1 0.620 16.21 10.57
hero_spruce_a -27.64 1.71 2507.87 5.43 1.07 0 0 1 0.380 16.00 3.90
hero_oak_b 76.36 -1.50 2512.39 1.48 1.18 0 0 1 0.480 10.11 6.89
hero_spruce_b 82.68 -1.30 2510.33 1.54 1.33 0 0 1 0.320 13.00 3.84
hero_birch_a 91.90 -0.93 2511.55 2.13 1.33 0 0 1 0.200 13.23 4.86
hero_pine_a 98.97 -0.66 2506.75 0.16 1.01 0 0 1 0.340 17.00 4.12
hero_oak_c 120.88 0.22 2509.30 1.40 1.17 0 0 1 0.620 16.21 10.57
hero_spruce_a 127.45 0.37 2512.38 5.88 1.19 0 0 1 0.380 16.00 3.90
hero_birch_b -133.09 -0.79 2515.79 2.48 1.17 0 0 1 0.220 14.31 7.20
hero_spruce_c -127.81 -0.65 2516.01 3.50 1.31 0 0 1 0.420 19.00 3.91
hero_oak_b -119.02 0.12 2520.32 5.50 1.10 0 0 1 0.480 10.11 6.89
hero_spruce_b -111.58 0.29 2520.18 5.58 1.14 0 0 1 0.320 13.00 3.84
hero_oak_c -99.99 0.31 2516.57 1.33 1.04 0 0 1 0.620 16.21 10.57
hero_pine_a -93.00 0.59 2517.10 4.68 0.97 0 0 1 0.340 17.00 4.12
hero_spruce_c -87.62 0.94 2520.73 4.55 1.03 0 0 1 0.420 19.00 3.91
hero_spruce_c -79.25 0.91 2514.86 5.08 1.29 0 0 1 0.420 19.00 3.91
hero_birch_a -71.25 1.15 2518.81 3.86 0.99 0 0 1 0.200 13.23 4.86
hero_oak_a -62.35 1.14 2521.23 2.29 1.12 0 0 1 0.550 13.74 8.57
hero_birch_b -53.34 1.05 2520.90 6.09 1.15 0 0 1 0.220 14.31 7.20
hero_birch_a -42.43 1.11 2516.64 3.38 1.32 0 0 1 0.200 13.23 4.86
hero_birch_b -35.76 0.63 2519.91 1.11 1.30 0 0 1 0.220 14.31 7.20
hero_pine_b -22.51 0.24 2518.48 0.74 1.17 0 0 1 0.300 14.00 4.13
hero_birch_b -16.11 -0.09 2518.74 5.03 1.00 0 0 1 0.220 14.31 7.20
hero_spruce_c 76.97 -1.52 2520.50 5.23 1.26 0 0 1 0.420 19.00 3.91
hero_spruce_a 82.06 -1.27 2519.53 5.29 0.98 0 0 1 0.380 16.00 3.90
hero_pine_a 100.44 -0.47 2520.38 2.05 1.20 0 0 1 0.340 17.00 4.12
hero_birch_b 109.78 -0.13 2514.99 2.67 0.98 0 0 1 0.220 14.31 7.20
hero_spruce_b 121.96 0.19 2521.55 5.04 0.99 0 0 1 0.320 13.00 3.84
hero_spruce_a 130.41 0.31 2518.18 1.85 1.26 0 0 1 0.380 16.00 3.90
hero_oak_b 144.64 0.23 2520.34 2.26 0.97 0 0 1 0.480 10.11 6.89
hero_oak_b -144.91 0.34 2526.33 0.13 1.33 0 0 1 0.480 10.11 6.89
hero_spruce_a -133.77 0.80 2528.04 0.45 1.05 0 0 1 0.380 16.00 3.90
hero_birch_a -128.17 1.01 2528.93 4.80 1.09 0 0 1 0.200 13.23 4.86
hero_pine_a -120.20 0.76 2525.97 0.06 1.23 0 0 1 0.340 17.00 4.12
hero_pine_b -114.54 0.93 2526.58 4.43 1.23 0 0 1 0.300 14.00 4.13
hero_spruce_c -99.51 1.17 2526.77 4.98 1.32 0 0 1 0.420 19.00 3.91
hero_pine_a -91.14 1.48 2529.69 5.94 1.19 0 0 1 0.340 17.00 4.12
hero_spruce_c -74.05 1.21 2525.93 1.21 1.29 0 0 1 0.420 19.00 3.91
hero_spruce_a -65.62 1.14 2527.37 5.76 0.95 0 0 1 0.380 16.00 3.90
hero_birch_b -56.74 0.90 2527.18 1.31 1.06 0 0 1 0.220 14.31 7.20
hero_birch_a -50.97 0.66 2527.54 1.32 1.27 0 0 1 0.200 13.23 4.86
hero_spruce_c -31.06 -0.46 2529.15 5.79 1.10 0 0 1 0.420 19.00 3.91
hero_oak_a -26.18 -0.80 2529.41 2.08 1.16 0 0 1 0.550 13.74 8.57
hero_oak_b 76.23 -1.67 2529.96 1.50 1.23 0 0 1 0.480 10.11 6.89
hero_pine_b 86.22 -1.09 2523.59 1.79 1.07 0 0 1 0.300 14.00 4.13
hero_spruce_c 95.32 -0.66 2523.16 1.38 1.09 0 0 1 0.420 19.00 3.91
hero_spruce_a 100.02 -0.43 2528.28 4.99 1.01 0 0 1 0.380 16.00 3.90
hero_spruce_a 113.56 -0.01 2528.70 6.08 1.22 0 0 1 0.380 16.00 3.90
hero_pine_a 116.51 0.07 2527.80 1.63 1.06 0 0 1 0.340 17.00 4.12
hero_spruce_c 127.92 0.18 2525.43 4.33 1.35 0 0 1 0.420 19.00 3.91
hero_spruce_c 137.50 0.15 2525.67 0.20 1.00 0 0 1 0.420 19.00 3.91
hero_oak_b 144.37 0.05 2524.54 4.52 1.19 0 0 1 0.480 10.11 6.89
hero_pine_a -130.74 2.01 2537.27 4.86 1.32 0 0 1 0.340 17.00 4.12
hero_oak_b -116.38 2.21 2537.39 0.22 1.24 0 0 1 0.480 10.11 6.89
hero_spruce_a -113.27 1.90 2534.53 2.94 1.16 0 0 1 0.380 16.00 3.90
hero_spruce_c -104.16 1.92 2534.35 5.17 1.17 0 0 1 0.420 19.00 3.91
hero_oak_c -85.31 1.86 2535.61 0.06 1.15 0 0 1 0.620 16.21 10.57
hero_spruce_c -75.11 1.55 2534.75 4.70 1.07 0 0 1 0.420 19.00 3.91
hero_spruce_a -71.62 1.34 2531.81 4.28 1.10 0 0 1 0.380 16.00 3.90
hero_spruce_b -62.38 1.01 2536.02 1.71 1.26 0 0 1 0.320 13.00 3.84
hero_spruce_c -39.91 -0.35 2535.26 6.19 0.96 0 0 1 0.420 19.00 3.91
hero_spruce_b -36.58 -0.38 2532.17 5.95 1.17 0 0 1 0.320 13.00 3.84
hero_birch_b -29.17 -0.83 2531.55 4.11 1.30 0 0 1 0.220 14.31 7.20
hero_spruce_b -20.97 -2.01 2537.57 0.89 1.30 0 0 1 0.320 13.00 3.84
hero_spruce_c 76.75 -1.76 2537.90 3.34 1.21 0 0 1 0.420 19.00 3.91
hero_oak_c 81.78 -1.43 2536.30 0.28 1.33 0 0 1 0.620 16.21 10.57
hero_birch_a 95.29 -0.64 2536.57 4.86 1.15 0 0 1 0.200 13.23 4.86
hero_pine_b 98.01 -0.52 2536.83 2.84 1.29 0 0 1 0.300 14.00 4.13
hero_birch_a 116.26 0.06 2532.78 2.88 1.07 0 0 1 0.200 13.23 4.86
hero_pine_a 130.33 0.04 2537.04 4.98 1.00 0 0 1 0.340 17.00 4.12
hero_spruce_a 134.35 -0.01 2533.95 3.47 1.28 0 0 1 0.380 16.00 3.90
hero_spruce_b -144.18 2.28 2541.96 1.37 1.17 0 0 1 0.320 13.00 3.84
hero_oak_a -137.32 2.25 2540.11 3.17 1.15 0 0 1 0.550 13.74 8.57
hero_spruce_c -127.29 3.19 2546.48 1.94 1.19 0 0 1 0.420 19.00 3.91
hero_oak_c -119.81 2.63 2540.87 1.84 1.09 0 0 1 0.620 16.21 10.57
hero_spruce_b -103.77 2.67 2541.14 1.29 1.10 0 0 1 0.320 13.00 3.84
hero_spruce_c -88.88 2.47 2542.13 5.88 1.07 0 0 1 0.420 19.00 3.91
hero_pine_a -73.72 1.75 2541.39 0.19 1.35 0 0 1 0.340 17.00 4.12
hero_spruce_a -67.15 1.44 2542.21 2.53 1.00 0 0 1 0.380 16.00 3.90
hero_spruce_a -60.45 1.00 2544.65 4.61 1.04 0 0 1 0.380 16.00 3.90
hero_pine_b -42.19 -0.63 2544.19 4.52 1.19 0 0 1 0.300 14.00 4.13
hero_spruce_c -35.06 -1.36 2544.87 2.21 1.31 0 0 1 0.420 19.00 3.91
hero_oak_c -26.17 -2.31 2546.40 5.67 1.27 0 0 1 0.620 16.21 10.57
hero_oak_a 73.91 -2.12 2546.96 6.11 1.28 0 0 1 0.550 13.74 8.57
hero_oak_a 83.45 -1.34 2543.66 3.81 1.01 0 0 1 0.550 13.74 8.57
hero_pine_b 92.45 -0.79 2540.04 2.97 1.25 0 0 1 0.300 14.00 4.13
hero_birch_b 109.29 -0.07 2541.96 1.29 1.11 0 0 1 0.220 14.31 7.20
hero_birch_a 120.93 0.08 2543.39 5.70 1.11 0 0 1 0.200 13.23 4.86
hero_spruce_c 127.58 0.00 2544.33 5.94 1.22 0 0 1 0.420 19.00 3.91
hero_spruce_a 135.52 -0.16 2542.00 3.44 1.12 0 0 1 0.380 16.00 3.90
hero_oak_b -139.16 3.28 2549.98 3.20 1.26 0 0 1 0.480 10.11 6.89
hero_pine_a -127.17 4.16 2555.33 4.98 1.20 0 0 1 0.340 17.00 4.12
hero_pine_a -120.87 3.57 2549.05 4.23 1.23 0 0 1 0.340 17.00 4.12
hero_oak_a -103.38 4.08 2554.40 5.13 1.19 0 0 1 0.550 13.74 8.57
hero_spruce_a -96.64 3.72 2552.78 0.19 1.22 0 0 1 0.380 16.00 3.90
hero_spruce_b -85.96 3.07 2550.67 0.26 1.01 0 0 1 0.320 13.00 3.84
hero_birch_a -76.38 2.40 2549.82 0.36 1.22 0 0 1 0.200 13.23 4.86
hero_spruce_c -68.95 2.02 2553.54 1.38 1.04 0 0 1 0.420 19.00 3.91
hero_pine_a -59.65 1.01 2550.37 2.41 1.21 0 0 1 0.340 17.00 4.12
hero_pine_a -51.80 0.22 2548.51 3.48 1.16 0 0 1 0.340 17.00 4.12
hero_spruce_c -40.43 -1.00 2549.66 2.59 1.22 0 0 1 0.420 19.00 3.91
hero_spruce_c -34.53 -1.73 2551.41 2.59 1.35 0 0 1 0.420 19.00 3.91
hero_spruce_c -23.72 -2.78 2549.68 5.66 1.34 0 0 1 0.420 19.00 3.91
hero_spruce_b 88.05 -1.04 2554.08 3.04 1.18 0 0 1 0.320 13.00 3.84
hero_spruce_a 91.65 -0.80 2554.83 3.92 1.31 0 0 1 0.380 16.00 3.90
hero_oak_b 109.01 0.02 2555.39 3.82 1.07 0 0 1 0.480 10.11 6.89
hero_spruce_c 128.01 -0.02 2551.67 6.11 1.15 0 0 1 0.420 19.00 3.91
hero_birch_a 132.47 -0.16 2549.60 5.17 1.25 0 0 1 0.200 13.23 4.86
hero_oak_b -144.14 3.97 2559.98 1.63 1.28 0 0 1 0.480 10.11 6.89
hero_oak_b -134.80 4.60 2562.37 2.75 1.04 0 0 1 0.480 10.11 6.89
hero_pine_a -129.47 4.63 2560.94 2.56 1.34 0 0 1 0.340 17.00 4.12
hero_pine_b -121.77 4.91 2562.08 4.90 1.32 0 0 1 0.300 14.00 4.13
hero_oak_c -110.77 4.51 2557.27 3.32 1.06 0 0 1 0.620 16.21 10.57
hero_birch_b -101.23 4.56 2559.41 1.44 0.95 0 0 1 0.220 14.31 7.20
hero_pine_a -92.16 4.27 2560.56 0.66 1.12 0 0 1 0.340 17.00 4.12
hero_oak_a -87.30 3.72 2557.70 5.91 1.28 0 0 1 0.550 13.74 8.57
hero_birch_a -66.43 2.10 2560.68 3.04 1.20 0 0 1 0.200 13.23 4.86
hero_spruce_b -61.35 1.39 2557.58 3.09 1.28 0 0 1 0.320 13.00 3.84
hero_spruce_a -54.82 0.67 2558.37 4.65 0.97 0 0 1 0.380 16.00 3.90
hero_pine_b -34.34 -2.02 2561.34 5.58 1.07 0 0 1 0.300 14.00 4.13
hero_spruce_a -27.45 -2.99 2563.19 3.22 1.33 0 0 1 0.380 16.00 3.90
hero_spruce_b -20.20 -3.76 2561.10 3.44 0.98 0 0 1 0.320 13.00 3.84
hero_pine_a 73.99 -2.19 2560.83 4.94 0.95 0 0 1 0.340 17.00 4.12
hero_spruce_a 82.17 -1.44 2563.05 5.28 1.19 0 0 1 0.380 16.00 3.90
hero_spruce_c 91.22 -0.74 2561.29 1.29 1.11 0 0 1 0.420 19.00 3.91
hero_pine_b 98.31 -0.31 2560.32 1.52 0.96 0 0 1 0.300 14.00 4.13
hero_spruce_c 110.72 0.07 2557.48 3.03 1.24 0 0 1 0.420 19.00 3.91
hero_oak_c 120.31 0.18 2562.73 0.01 1.27 0 0 1 0.620 16.21 10.57
hero_spruce_a 124.95 0.06 2557.12 5.60 1.05 0 0 1 0.380 16.00 3.90
hero_oak_a 132.60 -0.16 2561.89 3.38 1.07 0 0 1 0.550 13.74 8.57
hero_spruce_a 144.28 -0.82 2560.76 0.26 0.98 0 0 1 0.380 16.00 3.90
hero_pine_a -134.95 4.84 2565.59 1.02 0.99 0 0 1 0.340 17.00 4.12
hero_birch_b -124.98 5.70 2572.54 0.01 1.30 0 0 1 0.220 14.31 7.20
hero_oak_c -119.81 5.79 2571.51 5.06 0.97 0 0 1 0.620 16.21 10.57
hero_spruce_c -107.88 5.36 2566.19 3.07 0.98 0 0 1 0.420 19.00 3.91
hero_pine_b -105.12 5.56 2569.17 0.94 1.12 0 0 1 0.300 14.00 4.13
hero_birch_b -94.61 5.35 2571.62 4.59 1.30 0 0 1 0.220 14.31 7.20
hero_birch_a -86.17 4.85 2572.50 4.24 1.18 0 0 1 0.200 13.23 4.86
hero_spruce_b -75.75 3.59 2568.65 3.62 1.26 0 0 1 0.320 13.00 3.84
hero_birch_b -69.98 2.94 2568.26 5.40 0.99 0 0 1 0.220 14.31 7.20
hero_pine_a -63.50 2.23 2570.55 1.88 1.11 0 0 1 0.340 17.00 4.12
hero_spruce_a -50.12 0.25 2568.62 3.18 1.02 0 0 1 0.380 16.00 3.90
hero_pine_b -42.94 -0.83 2568.76 3.12 1.12 0 0 1 0.300 14.00 4.13
hero_spruce_c -32.62 -2.36 2569.37 5.39 1.04 0 0 1 0.420 19.00 3.91
hero_pine_a -28.24 -2.96 2567.93 0.38 1.01 0 0 1 0.340 17.00 4.12
hero_pine_b -20.09 -4.08 2569.38 0.95 1.25 0 0 1 0.300 14.00 4.13
hero_birch_a 75.13 -2.05 2567.32 4.83 1.13 0 0 1 0.200 13.23 4.86
hero_spruce_c 92.73 -0.48 2569.45 0.95 1.30 0 0 1 0.420 19.00 3.91
hero_spruce_b 103.39 0.04 2566.79 5.05 1.15 0 0 1 0.320 13.00 3.84
hero_spruce_a 112.51 0.40 2572.55 4.15 1.34 0 0 1 0.380 16.00 3.90
hero_pine_b 121.08 0.26 2566.87 3.64 0.96 0 0 1 0.300 14.00 4.13
hero_birch_b 125.88 0.15 2567.84 2.29 1.12 0 0 1 0.220 14.31 7.20
hero_birch_b 133.98 -0.14 2571.52 0.36 1.03 0 0 1 0.220 14.31 7.20
hero_pine_b 143.02 -0.77 2569.75 5.84 1.18 0 0 1 0.300 14.00 4.13
hero_oak_a -144.24 4.92 2576.45 4.33 0.97 0 0 1 0.550 13.74 8.57
hero_spruce_b -134.13 5.67 2578.69 5.48 1.03 0 0 1 0.320 13.00 3.84
hero_oak_c -129.94 5.86 2578.27 2.23 1.19 0 0 1 0.620 16.21 10.57
hero_pine_a -120.54 6.08 2576.24 6.05 1.33 0 0 1 0.340 17.00 4.12
hero_pine_b -114.03 6.48 2580.74 3.46 1.30 0 0 1 0.300 14.00 4.13
hero_spruce_c -105.78 6.04 2575.12 2.13 1.32 0 0 1 0.420 19.00 3.91
hero_birch_b -94.53 5.56 2574.27 5.73 1.20 0 0 1 0.220 14.31 7.20
hero_pine_a -85.10 5.12 2577.45 2.09 1.22 0 0 1 0.340 17.00 4.12
hero_pine_b -76.76 4.41 2579.38 0.62 1.20 0 0 1 0.300 14.00 4.13
hero_spruce_a -67.34 3.21 2579.28 1.10 1.03 0 0 1 0.380 16.00 3.90
hero_birch_b -57.60 1.54 2574.33 3.30 1.14 0 0 1 0.220 14.31 7.20
hero_spruce_b -49.99 0.48 2578.28 0.93 1.20 0 0 1 0.320 13.00 3.84
hero_oak_a -40.50 -1.14 2574.77 0.03 1.13 0 0 1 0.550 13.74 8.57
hero_oak_a -37.80 -1.57 2576.16 4.61 1.27 0 0 1 0.550 13.74 8.57
hero_spruce_b 76.30 -1.71 2576.51 5.74 1.00 0 0 1 0.320 13.00 3.84
hero_spruce_b 81.92 -1.18 2575.50 0.09 1.01 0 0 1 0.320 13.00 3.84
hero_oak_a 95.62 -0.02 2577.25 4.40 1.24 0 0 1 0.550 13.74 8.57
hero_spruce_b 104.25 0.34 2575.62 3.33 1.23 0 0 1 0.320 13.00 3.84
hero_oak_c 107.05 0.52 2578.07 4.61 1.20 0 0 1 0.620 16.21 10.57
hero_spruce_a 117.84 0.46 2574.59 3.06 1.30 0 0 1 0.380 16.00 3.90
hero_oak_b 130.13 0.17 2576.98 3.01 1.18 0 0 1 0.480 10.11 6.89
hero_spruce_a 133.97 0.02 2579.64 3.52 1.15 0 0 1 0.380 16.00 3.90
hero_spruce_a 143.83 -0.81 2574.43 2.32 1.27 0 0 1 0.380 16.00 3.90
hero_oak_b -143.95 5.17 2585.07 1.39 1.29 0 0 1 0.480 10.11 6.89
hero_spruce_a -135.66 5.86 2585.69 0.82 0.97 0 0 1 0.380 16.00 3.90
hero_birch_b -131.34 6.20 2587.62 1.48 1.08 0 0 1 0.220 14.31 7.20
hero_birch_b -112.68 6.83 2586.18 1.13 1.18 0 0 1 0.220 14.31 7.20
hero_pine_b -99.47 6.41 2582.48 1.67 1.02 0 0 1 0.300 14.00 4.13
hero_spruce_b -96.05 6.36 2584.11 4.35 1.09 0 0 1 0.320 13.00 3.84
hero_oak_b -87.38 5.84 2585.52 4.99 1.29 0 0 1 0.480 10.11 6.89
hero_oak_b -77.04 4.96 2588.11 4.93 1.03 0 0 1 0.480 10.11 6.89
hero_spruce_c -67.00 3.42 2584.37 5.87 1.14 0 0 1 0.420 19.00 3.91
hero_pine_a -58.47 2.21 2586.77 3.42 1.03 0 0 1 0.340 17.00 4.12
hero_oak_b -51.55 1.00 2585.35 0.68 1.00 0 0 1 0.480 10.11 6.89
hero_spruce_c -43.65 -0.32 2587.13 4.19 1.05 0 0 1 0.420 19.00 3.91
hero_pine_a -36.74 -1.54 2585.65 0.24 1.01 0 0 1 0.340 17.00 4.12
hero_pine_b -27.63 -3.05 2586.13 5.95 1.19 0 0 1 0.300 14.00 4.13
hero_pine_b 76.17 -1.49 2583.23 3.94 1.24 0 0 1 0.300 14.00 4.13
hero_oak_c 81.94 -0.55 2589.35 6.04 1.20 0 0 1 0.620 16.21 10.57
hero_spruce_b 89.86 -0.19 2582.96 4.91 1.30 0 0 1 0.320 13.00 3.84
hero_pine_b 97.98 0.58 2586.94 2.88 1.25 0 0 1 0.300 14.00 4.13
hero_oak_a 111.89 1.02 2586.77 4.65 1.06 0 0 1 0.550 13.74 8.57
hero_oak_a 117.53 0.81 2583.16 0.61 1.06 0 0 1 0.550 13.74 8.57
hero_spruce_c 126.44 0.52 2583.11 4.40 1.33 0 0 1 0.420 19.00 3.91
hero_spruce_b 144.27 -0.65 2585.61 0.88 1.28 0 0 1 0.320 13.00 3.84
hero_pine_a -139.58 5.68 2592.16 5.92 1.31 0 0 1 0.340 17.00 4.12
hero_spruce_c -126.76 6.66 2594.25 3.70 1.31 0 0 1 0.420 19.00 3.91
hero_spruce_c -120.64 7.06 2597.18 0.36 1.34 0 0 1 0.420 19.00 3.91
hero_birch_b -109.81 7.15 2592.22 0.45 1.06 0 0 1 0.220 14.31 7.20
hero_oak_b -105.92 7.30 2596.24 3.03 1.06 0 0 1 0.480 10.11 6.89
hero_spruce_c -94.41 6.80 2593.55 3.10 0.97 0 0 1 0.420 19.00 3.91
hero_oak_a -86.00 6.15 2592.99 6.08 1.02 0 0 1 0.550 13.74 8.57
hero_spruce_c -80.25 5.55 2592.09 5.26 0.96 0 0 1 0.420 19.00 3.91
hero_birch_b -70.93 4.35 2592.30 5.86 1.29 0 0 1 0.220 14.31 7.20
hero_pine_b -61.96 3.22 2597.53 0.31 1.03 0 0 1 0.300 14.00 4.13
hero_pine_b -48.32 0.81 2596.20 5.50 0.96 0 0 1 0.300 14.00 4.13
hero_oak_b -42.84 -0.19 2595.72 1.31 0.98 0 0 1 0.480 10.11 6.89
hero_pine_a -31.10 -2.29 2595.61 6.18 1.28 0 0 1 0.340 17.00 4.12
hero_spruce_a -26.81 -3.04 2593.54 5.27 1.28 0 0 1 0.380 16.00 3.90
hero_spruce_b 73.97 -1.00 2596.11 3.55 1.31 0 0 1 0.320 13.00 3.84
hero_spruce_c 85.39 -0.01 2592.48 2.76 1.11 0 0 1 0.420 19.00 3.91
hero_spruce_c 92.28 0.50 2591.41 0.27 1.20 0 0 1 0.420 19.00 3.91
hero_oak_b 102.05 1.40 2596.39 2.61 1.05 0 0 1 0.480 10.11 6.89
hero_spruce_b 110.89 1.64 2597.07 4.01 1.08 0 0 1 0.320 13.00 3.84
hero_spruce_a 119.18 1.32 2593.86 4.74 1.29 0 0 1 0.380 16.00 3.90
hero_birch_b 131.96 0.77 2595.15 5.16 1.34 0 0 1 0.220 14.31 7.20
hero_spruce_b 142.01 0.07 2597.78 5.18 0.96 0 0 1 0.320 13.00 3.84
hero_pine_a -134.76 6.26 2601.31 4.33 1.04 0 0 1 0.340 17.00 4.12
hero_oak_b -127.63 6.86 2605.38 5.64 1.20 0 0 1 0.480 10.11 6.89
hero_oak_a -120.66 7.28 2606.07 0.05 1.28 0 0 1 0.550 13.74 8.57
hero_spruce_c -111.50 7.41 2599.70 1.32 1.24 0 0 1 0.420 19.00 3.91
hero_spruce_a -102.96 7.43 2600.79 0.35 0.99 0 0 1 0.380 16.00 3.90
hero_pine_a -92.28 7.05 2602.79 0.26 1.07 0 0 1 0.340 17.00 4.12
hero_oak_c -87.08 6.55 2600.35 3.00 1.22 0 0 1 0.620 16.21 10.57
hero_spruce_b -74.24 5.11 2599.55 1.49 1.29 0 0 1 0.320 13.00 3.84
hero_spruce_b -71.17 4.81 2602.23 0.30 1.03 0 0 1 0.320 13.00 3.84
hero_spruce_c -58.75 2.77 2600.55 0.49 1.31 0 0 1 0.420 19.00 3.91
hero_oak_a -54.99 2.29 2605.63 2.16 1.10 0 0 1 0.550 13.74 8.57
hero_oak_a -42.46 -0.13 2600.02 4.50 1.01 0 0 1 0.550 13.74 8.57
hero_spruce_a -23.23 -3.41 2599.64 4.79 1.04 0 0 1 0.380 16.00 3.90
hero_pine_b 69.35 -0.98 2603.67 2.86 1.20 0 0 1 0.300 14.00 4.13
hero_spruce_b 76.90 -0.36 2599.95 5.68 1.15 0 0 1 0.320 13.00 3.84
hero_oak_a 86.62 0.87 2602.51 0.10 1.04 0 0 1 0.550 13.74 8.57
hero_spruce_a 112.67 1.84 2600.12 0.29 1.28 0 0 1 0.380 16.00 3.90
hero_spruce_a 120.17 2.15 2605.98 2.39 1.13 0 0 1 0.380 16.00 3.90
hero_spruce_a 129.73 1.26 2600.55 4.58 1.08 0 0 1 0.380 16.00 3.90
hero_oak_a 132.03 1.42 2605.34 4.98 1.06 0 0 1 0.550 13.74 8.57
hero_oak_a 144.86 0.17 2605.61 3.45 1.19 0 0 1 0.550 13.74 8.57
hero_oak_c -133.00 6.53 2609.94 2.47 0.96 0 0 1 0.620 16.21 10.57
hero_birch_a -124.91 7.20 2614.29 2.22 0.97 0 0 1 0.200 13.23 4.86
hero_spruce_b -120.56 7.41 2611.42 0.37 0.96 0 0 1 0.320 13.00 3.84
hero_spruce_c -109.49 7.66 2608.57 5.31 1.20 0 0 1 0.420 19.00 3.91
hero_birch_b -100.17 7.68 2613.45 0.50 1.09 0 0 1 0.220 14.31 7.20
hero_spruce_a -94.47 7.43 2612.24 1.09 0.97 0 0 1 0.380 16.00 3.90
hero_oak_b -82.22 6.38 2609.81 4.92 1.23 0 0 1 0.480 10.11 6.89
hero_spruce_c -74.08 5.45 2610.00 3.58 0.96 0 0 1 0.420 19.00 3.91
hero_birch_a -58.42 3.10 2614.69 3.78 1.23 0 0 1 0.200 13.23 4.86
hero_spruce_a -53.68 2.25 2612.99 5.88 1.09 0 0 1 0.380 16.00 3.90
hero_birch_a -40.19 -0.26 2609.95 1.98 1.00 0 0 1 0.200 13.23 4.86
hero_pine_a -33.35 -1.38 2612.88 0.95 1.04 0 0 1 0.340 17.00 4.12
hero_spruce_b -22.79 -3.20 2609.26 3.62 1.28 0 0 1 0.320 13.00 3.84
hero_spruce_a 82.35 1.10 2610.03 6.01 1.25 0 0 1 0.380 16.00 3.90
hero_oak_a 92.77 2.30 2612.84 3.57 0.95 0 0 1 0.550 13.74 8.57
hero_oak_c 106.73 2.57 2609.29 2.33 1.02 0 0 1 0.620 16.21 10.57
hero_spruce_a 119.35 2.83 2613.99 3.59 1.24 0 0 1 0.380 16.00 3.90
hero_spruce_a 128.70 1.97 2609.56 2.57 1.13 0 0 1 0.380 16.00 3.90
hero_oak_c 134.72 1.70 2612.69 4.01 1.26 0 0 1 0.620 16.21 10.57
hero_oak_a -137.23 6.30 2623.05 0.52 1.10 0 0 1 0.550 13.74 8.57
hero_oak_b -128.52 6.98 2619.33 4.50 1.31 0 0 1 0.480 10.11 6.89
hero_pine_b -118.28 7.65 2622.42 3.23 1.14 0 0 1 0.300 14.00 4.13
hero_spruce_b -110.12 7.81 2616.70 5.83 1.11 0 0 1 0.320 13.00 3.84
hero_pine_b -105.03 7.91 2623.39 4.86 1.03 0 0 1 0.300 14.00 4.13
hero_oak_a -93.23 7.45 2617.72 5.17 1.06 0 0 1 0.550 13.74 8.57
hero_birch_a -82.58 6.62 2620.23 4.15 1.09 0 0 1 0.200 13.23 4.86
hero_oak_c -74.49 5.64 2619.50 5.86 1.34 0 0 1 0.620 16.21 10.57
hero_spruce_a -66.13 4.42 2616.80 4.09 1.10 0 0 1 0.380 16.00 3.90
hero_spruce_a -58.08 3.11 2618.76 3.64 1.27 0 0 1 0.380 16.00 3.90
hero_spruce_b -51.79 2.05 2621.38 2.01 1.23 0 0 1 0.320 13.00 3.84
hero_spruce_b -46.21 1.02 2618.91 3.97 1.22 0 0 1 0.320 13.00 3.84
hero_pine_a -31.40 -1.54 2619.39 2.94 1.09 0 0 1 0.340 17.00 4.12
hero_oak_c -26.35 -2.32 2620.31 2.53 1.25 0 0 1 0.620 16.21 10.57
hero_spruce_a 68.92 0.40 2619.13 0.26 1.07 0 0 1 0.380 16.00 3.90
hero_birch_a 77.36 1.83 2622.85 0.54 1.04 0 0 1 0.200 13.23 4.86
hero_spruce_b 86.73 2.35 2618.55 2.92 1.18 0 0 1 0.320 13.00 3.84
hero_spruce_a 92.60 3.10 2621.26 5.68 1.08 0 0 1 0.380 16.00 3.90
hero_spruce_a 104.58 3.54 2620.30 1.20 1.19 0 0 1 0.380 16.00 3.90
hero_spruce_c 109.39 3.46 2618.71 4.66 1.03 0 0 1 0.420 19.00 3.91
hero_oak_b 117.90 3.17 2617.29 4.65 1.22 0 0 1 0.480 10.11 6.89
hero_oak_c 124.31 3.23 2621.08 2.49 1.14 0 0 1 0.620 16.21 10.57
hero_birch_a 132.79 2.40 2618.85 2.68 1.00 0 0 1 0.200 13.23 4.86
hero_pine_a -138.61 6.26 2627.97 3.64 1.09 0 0 1 0.340 17.00 4.12
hero_oak_b -129.54 7.12 2630.99 4.04 1.01 0 0 1 0.480 10.11 6.89
hero_pine_b -117.33 7.84 2632.05 0.60 0.97 0 0 1 0.300 14.00 4.13
hero_oak_a -109.61 7.94 2627.62 4.76 1.17 0 0 1 0.550 13.74 8.57
hero_spruce_b -99.66 7.84 2626.83 0.33 1.00 0 0 1 0.320 13.00 3.84
hero_spruce_b -93.70 7.59 2631.30 0.66 1.05 0 0 1 0.320 13.00 3.84
hero_spruce_a -82.29 6.61 2625.40 3.28 1.27 0 0 1 0.380 16.00 3.90
hero_spruce_a -75.16 5.78 2624.93 1.55 1.33 0 0 1 0.380 16.00 3.90
hero_spruce_c -65.11 4.36 2627.66 4.58 1.21 0 0 1 0.420 19.00 3.91
hero_pine_b -57.90 3.20 2628.07 2.51 1.03 0 0 1 0.300 14.00 4.13
hero_pine_b -50.67 1.92 2627.06 1.94 1.27 0 0 1 0.300 14.00 4.13
hero_oak_b -43.55 0.67 2628.10 0.63 1.29 0 0 1 0.480 10.11 6.89
hero_oak_a -36.83 -0.50 2625.83 1.71 1.07 0 0 1 0.550 13.74 8.57
hero_spruce_b -24.09 -2.49 2625.64 6.26 1.08 0 0 1 0.320 13.00 3.84
hero_birch_a 70.39 1.66 2629.68 1.70 1.03 0 0 1 0.200 13.23 4.86
hero_spruce_b 77.00 2.61 2631.14 1.48 1.22 0 0 1 0.320 13.00 3.84
hero_spruce_a 85.61 3.09 2626.84 5.26 1.16 0 0 1 0.380 16.00 3.90
hero_spruce_b 111.62 4.26 2627.31 3.18 1.15 0 0 1 0.320 13.00 3.84
hero_spruce_a 115.15 4.00 2625.28 5.98 1.24 0 0 1 0.380 16.00 3.90
hero_spruce_c 124.58 4.04 2630.42 0.64 1.33 0 0 1 0.420 19.00 3.91
hero_spruce_b 137.50 2.54 2626.16 0.25 1.20 0 0 1 0.320 13.00 3.84
hero_pine_a -143.55 5.96 2635.12 2.57 1.23 0 0 1 0.340 17.00 4.12
hero_birch_b -135.47 6.76 2636.50 5.42 1.15 0 0 1 0.220 14.31 7.20
hero_spruce_b -127.69 7.31 2633.89 4.66 1.07 0 0 1 0.320 13.00 3.84
hero_oak_b -117.22 7.94 2638.37 0.42 1.07 0 0 1 0.480 10.11 6.89
hero_birch_b -112.44 8.03 2637.69 2.55 1.22 0 0 1 0.220 14.31 7.20
hero_pine_b -99.12 7.88 2637.49 2.60 1.10 0 0 1 0.300 14.00 4.13
hero_pine_a -95.22 7.69 2639.52 3.33 1.17 0 0 1 0.340 17.00 4.12
hero_spruce_a -81.93 6.62 2634.83 2.02 1.05 0 0 1 0.380 16.00 3.90
hero_birch_a -73.71 5.61 2634.06 0.28 1.21 0 0 1 0.200 13.23 4.86
hero_spruce_b -56.47 2.93 2639.62 2.29 1.26 0 0 1 0.320 13.00 3.84
hero_birch_a -53.56 2.45 2636.56 2.92 1.23 0 0 1 0.200 13.23 4.86
hero_spruce_c -40.90 0.31 2637.77 3.72 1.09 0 0 1 0.420 19.00 3.91
hero_spruce_c -36.08 -0.47 2636.29 0.85 0.97 0 0 1 0.420 19.00 3.91
hero_oak_b -26.30 -1.92 2639.15 4.51 1.33 0 0 1 0.480 10.11 6.89
hero_pine_a 68.93 2.31 2638.21 1.58 1.05 0 0 1 0.340 17.00 4.12
hero_pine_b 79.18 3.13 2633.61 4.65 1.02 0 0 1 0.300 14.00 4.13
hero_pine_a 92.02 4.56 2636.50 4.46 1.27 0 0 1 0.340 17.00 4.12
hero_pine_a 98.55 5.00 2637.38 1.42 1.30 0 0 1 0.340 17.00 4.12
hero_birch_b 108.20 5.44 2639.76 4.53 1.30 0 0 1 0.220 14.31 7.20
hero_spruce_c 119.61 4.68 2634.26 3.46 1.25 0 0 1 0.420 19.00 3.91
hero_spruce_c 128.15 4.17 2634.31 0.16 1.09 0 0 1 0.420 19.00 3.91
hero_oak_a 135.34 3.95 2639.22 1.90 1.09 0 0 1 0.550 13.74 8.57
hero_oak_c -133.69 7.08 2641.94 5.62 1.28 0 0 1 0.620 16.21 10.57
hero_spruce_b -128.56 7.70 2648.45 1.61 1.11 0 0 1 0.320 13.00 3.84
hero_oak_c -121.37 7.91 2644.57 0.35 1.26 0 0 1 0.620 16.21 10.57
hero_spruce_b -113.88 8.07 2642.39 5.65 1.34 0 0 1 0.320 13.00 3.84
hero_spruce_a -105.29 8.10 2644.19 6.12 1.24 0 0 1 0.380 16.00 3.90
hero_spruce_b -96.17 7.78 2647.95 6.10 1.23 0 0 1 0.320 13.00 3.84
hero_spruce_c -83.91 6.75 2647.32 0.94 1.29 0 0 1 0.420 19.00 3.91
hero_spruce_c -75.31 5.78 2643.43 0.94 1.11 0 0 1 0.420 19.00 3.91
hero_birch_b -67.33 4.59 2648.25 4.62 1.12 0 0 1 0.220 14.31 7.20
hero_spruce_c -60.79 3.62 2642.53 4.69 1.22 0 0 1 0.420 19.00 3.91
hero_pine_a -52.75 2.22 2647.51 5.75 1.32 0 0 1 0.340 17.00 4.12
hero_spruce_b -42.86 0.62 2644.30 2.81 1.21 0 0 1 0.320 13.00 3.84
hero_oak_a -37.64 -0.23 2646.01 1.44 1.29 0 0 1 0.550 13.74 8.57
hero_pine_a -27.43 -1.67 2646.18 2.86 1.06 0 0 1 0.340 17.00 4.12
hero_birch_a 70.27 3.17 2645.96 1.55 1.28 0 0 1 0.200 13.23 4.86
hero_pine_b 79.42 4.36 2646.66 4.60 1.13 0 0 1 0.300 14.00 4.13
hero_spruce_b 84.16 4.99 2648.28 0.92 1.12 0 0 1 0.320 13.00 3.84
hero_oak_b 98.32 5.55 2643.20 0.20 1.04 0 0 1 0.480 10.11 6.89
hero_pine_a 106.92 5.69 2642.65 2.08 1.25 0 0 1 0.340 17.00 4.12
hero_spruce_c 115.53 5.75 2644.11 3.59 1.01 0 0 1 0.420 19.00 3.91
hero_birch_a 126.03 5.48 2647.35 5.90 0.97 0 0 1 0.200 13.23 4.86
hero_spruce_c 133.56 4.61 2644.92 3.65 1.19 0 0 1 0.420 19.00 3.91
hero_pine_a 141.28 3.81 2645.51 2.86 1.13 0 0 1 0.340 17.00 4.12
hero_oak_b -134.57 7.47 2652.11 0.55 1.27 0 0 1 0.480 10.11 6.89
hero_spruce_a -129.13 8.06 2657.09 0.68 1.31 0 0 1 0.380 16.00 3.90
hero_spruce_c -109.87 8.30 2651.39 1.00 1.08 0 0 1 0.420 19.00 3.91
hero_spruce_b -103.74 8.16 2651.85 1.36 1.27 0 0 1 0.320 13.00 3.84
hero_pine_b -95.86 7.80 2654.49 0.18 1.15 0 0 1 0.300 14.00 4.13
hero_spruce_c -86.20 6.95 2653.76 5.48 1.26 0 0 1 0.420 19.00 3.91
hero_pine_b -80.11 6.32 2650.50 1.99 1.14 0 0 1 0.300 14.00 4.13
hero_oak_c -65.24 4.15 2655.34 1.86 1.15 0 0 1 0.620 16.21 10.57
hero_spruce_a -53.34 2.30 2650.54 5.83 1.14 0 0 1 0.380 16.00 3.90
hero_oak_a -39.93 0.09 2653.67 1.72 1.05 0 0 1 0.550 13.74 8.57
hero_birch_b -32.21 -1.06 2655.42 1.20 1.25 0 0 1 0.220 14.31 7.20
hero_oak_a -24.46 -2.00 2654.07 0.24 1.15 0 0 1 0.550 13.74 8.57
hero_spruce_a 69.27 3.68 2653.61 0.16 0.95 0 0 1 0.380 16.00 3.90
hero_birch_b 72.52 4.21 2655.12 1.98 1.04 0 0 1 0.220 14.31 7.20
hero_spruce_a 89.83 5.90 2653.90 3.71 1.07 0 0 1 0.380 16.00 3.90
hero_oak_c 103.06 6.42 2651.89 1.90 0.99 0 0 1 0.620 16.21 10.57
hero_oak_a 107.95 6.55 2653.23 1.77 1.21 0 0 1 0.550 13.74 8.57
hero_spruce_c 127.46 6.04 2656.20 5.24 1.05 0 0 1 0.420 19.00 3.91
hero_spruce_c 138.73 4.82 2654.42 5.66 1.26 0 0 1 0.420 19.00 3.91
hero_pine_b 144.20 4.13 2653.56 0.88 1.02 0 0 1 0.300 14.00 4.13
hero_pine_a -136.22 7.97 2661.88 5.00 1.06 0 0 1 0.340 17.00 4.12
hero_oak_b -127.29 8.34 2660.46 5.06 1.05 0 0 1 0.480 10.11 6.89
hero_spruce_b -120.56 8.62 2662.62 5.68 1.24 0 0 1 0.320 13.00 3.84
hero_spruce_a -108.95 8.49 2660.88 4.53 1.30 0 0 1 0.380 16.00 3.90
hero_birch_b -93.57 7.64 2659.50 1.09 1.23 0 0 1 0.220 14.31 7.20
hero_spruce_b -75.84 5.66 2659.37 3.16 1.19 0 0 1 0.320 13.00 3.84
hero_spruce_c -68.37 4.50 2663.78 1.08 0.98 0 0 1 0.420 19.00 3.91
hero_spruce_a -62.50 3.60 2661.11 4.17 1.17 0 0 1 0.380 16.00 3.90
hero_birch_a -51.42 1.79 2660.58 2.91 1.23 0 0 1 0.200 13.23 4.86
hero_oak_a -42.09 0.34 2659.37 1.77 1.14 0 0 1 0.550 13.74 8.57
hero_spruce_b -30.94 -1.26 2662.83 2.31 0.96 0 0 1 0.320 13.00 3.84
hero_birch_a -25.81 -1.89 2664.65 2.07 1.16 0 0 1 0.200 13.23 4.86
hero_pine_a 69.99 4.27 2661.65 1.10 1.34 0 0 1 0.340 17.00 4.12
hero_pine_b 73.36 4.84 2663.50 4.46 1.08 0 0 1 0.300 14.00 4.13
hero_oak_c 87.52 6.29 2663.22 4.93 1.17 0 0 1 0.620 16.21 10.57
hero_pine_b 95.38 6.90 2664.74 0.06 1.08 0 0 1 0.300 14.00 4.13
hero_oak_c 99.66 7.11 2665.73 2.41 1.32 0 0 1 0.620 16.21 10.57
hero_oak_b 111.47 7.26 2665.68 1.11 1.21 0 0 1 0.480 10.11 6.89
hero_spruce_c 115.39 7.02 2662.42 3.34 1.27 0 0 1 0.420 19.00 3.91
hero_birch_b 129.01 6.21 2660.87 4.90 1.16 0 0 1 0.220 14.31 7.20
hero_pine_b 137.79 5.50 2662.40 4.88 0.98 0 0 1 0.300 14.00 4.13
hero_spruce_a 143.01 5.09 2665.57 2.23 1.21 0 0 1 0.380 16.00 3.90
hero_spruce_c -142.80 8.38 2672.88 4.84 1.11 0 0 1 0.420 19.00 3.91
hero_spruce_a -137.03 8.70 2672.98 5.30 1.24 0 0 1 0.380 16.00 3.90
hero_spruce_c -126.34 8.98 2671.54 5.68 1.31 0 0 1 0.420 19.00 3.91
hero_birch_a -117.55 8.95 2669.29 4.06 1.09 0 0 1 0.200 13.23 4.86
hero_spruce_c -109.71 8.88 2672.46 4.05 1.26 0 0 1 0.420 19.00 3.91
hero_oak_a -103.51 8.48 2668.95 2.10 1.18 0 0 1 0.550 13.74 8.57
hero_oak_a -93.08 7.67 2669.15 5.15 0.99 0 0 1 0.550 13.74 8.57
hero_pine_a -82.36 6.37 2674.05 0.54 1.32 0 0 1 0.340 17.00 4.12
hero_pine_a -77.34 5.66 2674.20 6.21 1.20 0 0 1 0.340 17.00 4.12
hero_pine_a -68.61 4.35 2671.70 4.83 1.19 0 0 1 0.340 17.00 4.12
hero_pine_b -57.73 2.67 2668.01 4.10 1.04 0 0 1 0.300 14.00 4.13
hero_oak_b -43.70 0.40 2668.62 2.55 0.95 0 0 1 0.480 10.11 6.89
hero_oak_a -36.61 -0.63 2668.94 6.08 0.97 0 0 1 0.550 13.74 8.57
hero_spruce_a -25.34 -2.04 2672.22 0.41 1.15 0 0 1 0.380 16.00 3.90
hero_spruce_a 68.30 4.44 2668.96 2.54 1.18 0 0 1 0.380 16.00 3.90
hero_pine_b 85.20 6.46 2672.49 3.19 1.28 0 0 1 0.300 14.00 4.13
hero_spruce_a 92.96 7.07 2672.60 2.13 0.96 0 0 1 0.380 16.00 3.90
hero_oak_a 103.02 7.41 2670.22 6.26 0.96 0 0 1 0.550 13.74 8.57
hero_birch_a 109.21 7.54 2673.71 2.51 1.31 0 0 1 0.200 13.23 4.86
hero_pine_a 119.11 7.26 2671.05 0.79 1.28 0 0 1 0.340 17.00 4.12
hero_birch_a 130.44 6.69 2674.11 4.96 1.34 0 0 1 0.200 13.23 4.86
hero_spruce_b 136.38 6.05 2670.12 1.32 1.16 0 0 1 0.320 13.00 3.84
hero_pine_b -134.78 9.38 2680.69 5.91 1.25 0 0 1 0.300 14.00 4.13
hero_birch_b -130.04 9.40 2678.82 2.58 1.11 0 0 1 0.220 14.31 7.20
hero_oak_a -122.31 9.59 2681.41 1.59 1.34 0 0 1 0.550 13.74 8.57
hero_birch_a -100.21 8.45 2678.52 5.19 1.09 0 0 1 0.200 13.23 4.86
hero_spruce_c -90.50 7.43 2680.21 2.90 1.13 0 0 1 0.420 19.00 3.91
hero_pine_b -82.99 6.40 2681.98 5.64 1.30 0 0 1 0.300 14.00 4.13
hero_pine_b -75.33 5.25 2681.90 3.44 1.06 0 0 1 0.300 14.00 4.13
hero_spruce_b -67.81 4.08 2677.71 2.31 1.28 0 0 1 0.320 13.00 3.84
hero_spruce_b -61.21 2.93 2679.67 3.65 1.13 0 0 1 0.320 13.00 3.84
hero_pine_a -45.68 0.35 2681.10 4.46 0.96 0 0 1 0.340 17.00 4.12
hero_spruce_b -35.96 -0.95 2677.96 1.29 1.11 0 0 1 0.320 13.00 3.84
hero_pine_b -28.87 -1.79 2678.11 2.16 1.10 0 0 1 0.300 14.00 4.13
hero_spruce_a 77.74 5.94 2683.05 6.16 1.13 0 0 1 0.380 16.00 3.90
hero_spruce_b 86.37 6.67 2675.94 4.00 0.98 0 0 1 0.320 13.00 3.84
hero_oak_a 103.10 7.61 2681.05 0.09 0.97 0 0 1 0.550 13.74 8.57
hero_pine_a 109.32 7.66 2679.66 5.01 1.12 0 0 1 0.340 17.00 4.12
hero_spruce_c 119.31 7.43 2678.47 1.24 1.29 0 0 1 0.420 19.00 3.91
hero_pine_a 129.59 6.96 2683.01 1.33 1.02 0 0 1 0.340 17.00 4.12
hero_spruce_a 131.97 6.70 2678.03 5.34 1.18 0 0 1 0.380 16.00 3.90
hero_spruce_a 141.50 5.80 2677.23 3.51 1.24 0 0 1 0.380 16.00 3.90
hero_birch_a -143.14 9.87 2691.45 6.15 1.09 0 0 1 0.200 13.23 4.86
hero_pine_a -134.89 9.94 2688.27 5.81 1.20 0 0 1 0.340 17.00 4.12
hero_birch_a -125.20 9.92 2686.42 4.08 1.18 0 0 1 0.200 13.23 4.86
hero_spruce_a -116.03 9.89 2690.17 4.13 1.15 0 0 1 0.380 16.00 3.90
hero_spruce_c -114.20 9.84 2690.98 5.80 0.99 0 0 1 0.420 19.00 3.91
hero_spruce_c -103.29 9.01 2691.31 5.39 0.97 0 0 1 0.420 19.00 3.91
hero_oak_a -92.86 7.76 2685.07 5.27 1.04 0 0 1 0.550 13.74 8.57
hero_pine_a -83.02 6.34 2690.27 2.75 1.20 0 0 1 0.340 17.00 4.12
hero_spruce_c -67.14 3.74 2686.76 6.00 1.27 0 0 1 0.420 19.00 3.91
hero_birch_b -59.98 2.51 2686.14 5.95 1.33 0 0 1 0.220 14.31 7.20
hero_spruce_a -48.39 0.46 2689.40 1.93 1.25 0 0 1 0.380 16.00 3.90
hero_oak_a -45.38 0.00 2689.10 5.14 1.27 0 0 1 0.550 13.74 8.57
hero_oak_c -35.79 -1.40 2691.30 2.67 1.17 0 0 1 0.620 16.21 10.57
hero_spruce_c 78.13 5.99 2685.15 6.13 1.13 0 0 1 0.420 19.00 3.91
hero_spruce_b 85.43 6.65 2690.85 1.72 0.95 0 0 1 0.320 13.00 3.84
hero_spruce_c 89.55 6.96 2686.71 6.06 1.35 0 0 1 0.420 19.00 3.91
hero_spruce_b 101.72 7.51 2688.57 3.34 1.35 0 0 1 0.320 13.00 3.84
hero_oak_a 107.77 7.60 2690.11 4.81 1.22 0 0 1 0.550 13.74 8.57
hero_spruce_b 119.70 7.46 2687.78 3.04 1.14 0 0 1 0.320 13.00 3.84
hero_spruce_a 129.89 6.93 2687.67 2.25 1.29 0 0 1 0.380 16.00 3.90
hero_oak_c 137.94 6.32 2684.92 0.66 1.14 0 0 1 0.620 16.21 10.57
hero_spruce_c -141.94 10.18 2695.34 6.06 1.31 0 0 1 0.420 19.00 3.91
hero_pine_b -135.57 10.60 2698.22 1.99 1.04 0 0 1 0.300 14.00 4.13
hero_spruce_b -126.25 10.58 2697.44 5.68 0.96 0 0 1 0.320 13.00 3.84
hero_pine_b -117.69 10.33 2698.72 4.65 1.06 0 0 1 0.300 14.00 4.13
hero_spruce_b -109.70 9.61 2694.09 5.11 1.33 0 0 1 0.320 13.00 3.84
hero_birch_b -101.43 8.90 2698.35 6.00 1.23 0 0 1 0.220 14.31 7.20
hero_oak_a -93.97 7.96 2698.30 3.05 1.02 0 0 1 0.550 13.74 8.57
hero_oak_a -85.30 6.63 2698.55 5.80 0.98 0 0 1 0.550 13.74 8.57
hero_birch_b -77.65 5.30 2698.70 0.26 1.16 0 0 1 0.220 14.31 7.20
hero_birch_a -67.50 3.62 2693.71 4.04 1.12 0 0 1 0.200 13.23 4.86
hero_spruce_b -57.25 1.81 2693.57 1.72 1.01 0 0 1 0.320 13.00 3.84
hero_oak_c -50.43 0.52 2696.94 0.68 1.02 0 0 1 0.620 16.21 10.57
hero_oak_b -45.61 -0.36 2699.62 1.72 1.14 0 0 1 0.480 10.11 6.89
hero_birch_a -31.75 -2.08 2696.98 6.17 1.25 0 0 1 0.200 13.23 4.86
hero_spruce_a -25.42 -2.69 2698.57 4.04 0.99 0 0 1 0.380 16.00 3.90
hero_birch_b 67.40 4.70 2697.80 5.42 0.98 0 0 1 0.220 14.31 7.20
hero_oak_c 74.74 5.53 2698.07 6.13 1.03 0 0 1 0.620 16.21 10.57
hero_spruce_b 89.87 6.83 2697.44 0.54 0.99 0 0 1 0.320 13.00 3.84
hero_birch_b 100.71 7.38 2695.16 3.67 1.05 0 0 1 0.220 14.31 7.20
hero_spruce_c 112.53 7.40 2697.65 0.65 1.17 0 0 1 0.420 19.00 3.91
hero_oak_b 117.91 7.23 2699.88 1.40 1.05 0 0 1 0.480 10.11 6.89
hero_birch_b 125.62 7.02 2697.45 3.43 1.16 0 0 1 0.220 14.31 7.20
hero_spruce_b 136.68 6.41 2693.07 3.33 1.31 0 0 1 0.320 13.00 3.84
hero_spruce_b 142.65 5.90 2693.14 2.76 1.35 0 0 1 0.320 13.00 3.84
hero_oak_c -144.20 10.84 2708.28 3.57 1.27 0 0 1 0.620 16.21 10.57
hero_pine_a -135.45 10.92 2704.24 5.81 1.11 0 0 1 0.340 17.00 4.12
hero_spruce_c -120.86 10.66 2703.50 2.39 1.04 0 0 1 0.420 19.00 3.91
hero_spruce_c -101.15 8.90 2701.91 5.63 1.23 0 0 1 0.420 19.00 3.91
hero_pine_a -94.26 7.97 2702.45 1.55 1.20 0 0 1 0.340 17.00 4.12
hero_spruce_c -77.43 5.17 2702.48 1.75 1.17 0 0 1 0.420 19.00 3.91
hero_oak_c -69.04 3.50 2705.94 1.25 1.06 0 0 1 0.620 16.21 10.57
hero_oak_b -57.27 1.26 2706.77 4.76 1.12 0 0 1 0.480 10.11 6.89
hero_pine_b -54.66 0.95 2703.66 0.33 1.08 0 0 1 0.300 14.00 4.13
hero_pine_b -42.62 -1.11 2706.28 5.97 1.22 0 0 1 0.300 14.00 4.13
hero_pine_b -34.61 -2.11 2706.09 5.35 0.95 0 0 1 0.300 14.00 4.13
hero_spruce_a -27.64 -2.84 2706.47 2.35 1.19 0 0 1 0.380 16.00 3.90
hero_spruce_c 66.31 4.33 2708.38 3.64 1.21 0 0 1 0.420 19.00 3.91
hero_pine_b 78.85 5.82 2702.57 4.73 1.10 0 0 1 0.300 14.00 4.13
hero_pine_b 83.89 6.23 2703.01 5.27 1.17 0 0 1 0.300 14.00 4.13
hero_oak_b 90.72 6.50 2707.43 0.56 1.30 0 0 1 0.480 10.11 6.89
hero_pine_b 98.60 7.06 2702.83 2.45 1.01 0 0 1 0.300 14.00 4.13
hero_spruce_a 121.84 6.94 2704.28 5.65 0.99 0 0 1 0.380 16.00 3.90
hero_oak_a 129.59 6.55 2704.65 2.74 1.31 0 0 1 0.550 13.74 8.57
hero_spruce_a 134.56 6.28 2704.44 5.72 1.28 0 0 1 0.380 16.00 3.90
hero_birch_a 142.05 5.79 2703.69 3.95 1.09 0 0 1 0.200 13.23 4.86
hero_pine_a -143.57 11.13 2715.71 3.80 1.10 0 0 1 0.340 17.00 4.12
hero_birch_a -137.48 11.29 2715.75 4.68 1.17 0 0 1 0.200 13.23 4.86
hero_spruce_a -125.62 11.06 2711.42 5.98 1.30 0 0 1 0.380 16.00 3.90
hero_pine_a -117.63 10.69 2715.68 3.91 1.20 0 0 1 0.340 17.00 4.12
hero_spruce_b -110.97 10.09 2714.03 3.52 1.18 0 0 1 0.320 13.00 3.84
hero_spruce_c -99.83 8.69 2716.22 5.03 1.03 0 0 1 0.420 19.00 3.91
hero_pine_b -82.38 5.88 2709.94 4.30 1.06 0 0 1 0.300 14.00 4.13
hero_oak_c -78.78 5.17 2710.54 4.33 1.17 0 0 1 0.620 16.21 10.57
hero_pine_a -65.26 2.30 2716.19 5.00 1.08 0 0 1 0.340 17.00 4.12
hero_pine_a -62.94 1.96 2713.63 1.21 1.28 0 0 1 0.340 17.00 4.12
hero_spruce_b -53.78 0.13 2716.66 5.06 1.11 0 0 1 0.320 13.00 3.84
hero_birch_b -40.84 -1.65 2712.42 3.31 0.99 0 0 1 0.220 14.31 7.20
hero_pine_a 76.64 5.22 2713.92 0.15 1.29 0 0 1 0.340 17.00 4.12
hero_spruce_c 92.08 6.22 2715.25 5.81 1.16 0 0 1 0.420 19.00 3.91
hero_pine_a 103.73 6.68 2712.85 0.23 1.27 0 0 1 0.340 17.00 4.12
hero_spruce_b 110.78 6.80 2711.38 2.68 1.10 0 0 1 0.320 13.00 3.84
hero_birch_b 136.98 5.70 2714.03 1.44 1.31 0 0 1 0.220 14.31 7.20
hero_pine_b -137.22 11.35 2723.18 5.89 1.32 0 0 1 0.300 14.00 4.13
hero_oak_a -125.64 11.18 2719.81 3.70 1.29 0 0 1 0.550 13.74 8.57
hero_oak_c -119.96 10.82 2724.80 5.75 1.20 0 0 1 0.620 16.21 10.57
hero_birch_b -100.67 8.68 2721.06 6.09 1.18 0 0 1 0.220 14.31 7.20
hero_spruce_b -94.73 7.62 2724.05 2.42 1.13 0 0 1 0.320 13.00 3.84
hero_pine_b -82.74 5.54 2720.53 5.68 1.10 0 0 1 0.300 14.00 4.13
hero_oak_a -77.38 4.33 2723.64 2.55 0.95 0 0 1 0.550 13.74 8.57
hero_pine_b -71.92 3.28 2722.41 0.09 1.07 0 0 1 0.300 14.00 4.13
hero_pine_a -63.48 1.47 2724.27 3.65 1.13 0 0 1 0.340 17.00 4.12
hero_spruce_c -49.80 -1.05 2724.55 5.50 1.26 0 0 1 0.420 19.00 3.91
hero_spruce_b -46.42 -1.41 2722.26 5.10 1.01 0 0 1 0.320 13.00 3.84
hero_birch_a -32.46 -3.04 2719.52 2.06 1.20 0 0 1 0.200 13.23 4.86
hero_oak_c 67.16 4.05 2719.98 2.72 1.33 0 0 1 0.620 16.21 10.57
hero_spruce_a 79.33 5.21 2719.47 6.01 1.29 0 0 1 0.380 16.00 3.90
hero_birch_b 87.21 5.51 2724.87 4.61 0.97 0 0 1 0.220 14.31 7.20
hero_pine_b 93.63 6.00 2720.71 4.37 1.07 0 0 1 0.300 14.00 4.13
hero_spruce_a 102.96 6.34 2718.68 5.96 1.16 0 0 1 0.380 16.00 3.90
hero_spruce_a 108.87 6.24 2721.18 6.11 1.03 0 0 1 0.380 16.00 3.90
hero_spruce_c 115.02 6.23 2720.29 0.58 0.99 0 0 1 0.420 19.00 3.91
hero_oak_b 128.55 5.65 2722.61 4.83 1.16 0 0 1 0.480 10.11 6.89
hero_pine_b 134.33 5.26 2724.51 0.30 1.13 0 0 1 0.300 14.00 4.13
hero_spruce_b -143.40 11.06 2733.30 2.40 1.04 0 0 1 0.320 13.00 3.84
hero_birch_b -134.46 11.23 2732.27 5.28 1.14 0 0 1 0.220 14.31 7.20
hero_birch_b -129.59 11.26 2727.19 1.46 1.26 0 0 1 0.220 14.31 7.20
hero_pine_b -118.58 10.46 2732.89 0.14 1.25 0 0 1 0.300 14.00 4.13
hero_pine_a -108.99 9.42 2733.10 1.97 1.01 0 0 1 0.340 17.00 4.12
hero_oak_a -101.30 8.39 2731.28 2.48 0.97 0 0 1 0.550 13.74 8.57
hero_pine_b -96.72 7.75 2728.56 5.88 1.17 0 0 1 0.300 14.00 4.13
hero_spruce_c -84.81 5.38 2730.51 5.95 1.34 0 0 1 0.420 19.00 3.91
hero_oak_c -75.62 3.76 2727.14 5.93 0.99 0 0 1 0.620 16.21 10.57
hero_spruce_c -71.78 2.79 2729.33 3.34 1.23 0 0 1 0.420 19.00 3.91
hero_birch_a -61.76 0.54 2732.23 4.27 1.33 0 0 1 0.200 13.23 4.86
hero_pine_a -52.83 -0.98 2730.98 0.02 1.04 0 0 1 0.340 17.00 4.12
hero_spruce_c -44.55 -2.46 2732.84 0.13 1.25 0 0 1 0.420 19.00 3.91
hero_spruce_b -34.82 -3.25 2727.35 5.99 0.98 0 0 1 0.320 13.00 3.84
hero_spruce_b -28.79 -4.00 2729.96 4.97 1.25 0 0 1 0.320 13.00 3.84
hero_oak_a 64.83 3.37 2732.26 3.85 1.26 0 0 1 0.550 13.74 8.57
hero_birch_a 74.33 4.28 2732.32 1.77 1.11 0 0 1 0.200 13.23 4.86
hero_birch_a 84.47 5.03 2731.46 4.09 1.05 0 0 1 0.200 13.23 4.86
hero_spruce_c 103.79 5.55 2731.99 1.75 1.32 0 0 1 0.420 19.00 3.91
hero_spruce_c 107.69 5.47 2733.88 1.78 1.05 0 0 1 0.420 19.00 3.91
hero_oak_b 117.29 5.45 2731.59 4.74 1.20 0 0 1 0.480 10.11 6.89
hero_pine_a 124.65 5.16 2733.11 2.16 0.99 0 0 1 0.340 17.00 4.12
hero_spruce_b 133.31 4.98 2729.55 5.35 1.33 0 0 1 0.320 13.00 3.84
hero_pine_a -142.03 10.70 2741.89 0.32 1.00 0 0 1 0.340 17.00 4.12
hero_birch_a -139.25 11.03 2736.78 0.52 1.15 0 0 1 0.200 13.23 4.86
hero_spruce_a -131.29 11.05 2735.75 4.40 1.21 0 0 1 0.380 16.00 3.90
hero_spruce_b -122.77 10.65 2736.32 0.97 1.04 0 0 1 0.320 13.00 3.84
hero_spruce_b -108.52 8.81 2741.69 1.26 1.04 0 0 1 0.320 13.00 3.84
hero_oak_a -101.52 7.83 2740.49 2.11 0.99 0 0 1 0.550 13.74 8.57
hero_spruce_b -97.18 7.35 2736.66 1.69 1.09 0 0 1 0.320 13.00 3.84
hero_spruce_a -84.57 4.64 2739.82 1.16 1.27 0 0 1 0.380 16.00 3.90
hero_spruce_a -77.81 3.24 2739.94 0.77 1.01 0 0 1 0.380 16.00 3.90
hero_pine_b -61.70 -0.30 2742.00 0.01 1.18 0 0 1 0.300 14.00 4.13
hero_oak_a -52.49 -2.03 2742.45 0.57 1.11 0 0 1 0.550 13.74 8.57
hero_pine_b -42.86 -3.21 2739.31 0.04 1.18 0 0 1 0.300 14.00 4.13
hero_pine_b -34.39 -4.13 2738.63 2.98 1.19 0 0 1 0.300 14.00 4.13
hero_spruce_b 64.18 3.18 2735.82 1.30 1.26 0 0 1 0.320 13.00 3.84
hero_spruce_a 72.64 3.87 2738.71 5.30 1.34 0 0 1 0.380 16.00 3.90
hero_spruce_b 82.31 4.62 2737.83 6.26 1.04 0 0 1 0.320 13.00 3.84
hero_oak_b 95.22 5.13 2738.15 4.64 1.00 0 0 1 0.480 10.11 6.89
hero_spruce_a 98.84 5.06 2740.87 4.93 1.09 0 0 1 0.380 16.00 3.90
hero_spruce_a 110.15 5.10 2739.62 5.12 1.25 0 0 1 0.380 16.00 3.90
hero_spruce_a 115.28 5.12 2738.23 1.66 1.01 0 0 1 0.380 16.00 3.90
hero_birch_a 126.75 4.58 2741.06 0.21 1.26 0 0 1 0.200 13.23 4.86
hero_pine_b 132.39 4.51 2738.18 4.62 1.20 0 0 1 0.300 14.00 4.13
hero_spruce_c -143.69 10.33 2746.25 2.84 1.12 0 0 1 0.420 19.00 3.91
hero_pine_a -121.33 9.87 2746.25 3.08 1.14 0 0 1 0.340 17.00 4.12
hero_spruce_c -113.81 8.86 2749.22 2.72 1.13 0 0 1 0.420 19.00 3.91
hero_oak_c -102.02 7.15 2749.19 3.43 1.01 0 0 1 0.620 16.21 10.57
hero_birch_b -91.40 5.46 2746.05 1.00 1.31 0 0 1 0.220 14.31 7.20
hero_pine_a -86.73 4.58 2745.45 4.66 1.15 0 0 1 0.340 17.00 4.12
hero_pine_a -76.79 2.12 2748.94 5.70 1.20 0 0 1 0.340 17.00 4.12
hero_spruce_a -69.75 0.76 2747.76 3.87 1.15 0 0 1 0.380 16.00 3.90
hero_pine_a -56.49 -2.08 2750.11 1.62 1.00 0 0 1 0.340 17.00 4.12
hero_spruce_c -53.49 -2.68 2750.66 2.83 1.17 0 0 1 0.420 19.00 3.91
hero_pine_b -43.31 -4.22 2750.73 0.98 1.25 0 0 1 0.300 14.00 4.13
hero_pine_a -32.61 -4.95 2746.44 0.72 1.27 0 0 1 0.340 17.00 4.12
hero_spruce_c 66.49 3.05 2747.00 4.49 1.15 0 0 1 0.420 19.00 3.91
hero_spruce_b 87.36 4.59 2744.10 1.08 1.22 0 0 1 0.320 13.00 3.84
hero_oak_a 92.43 4.56 2749.38 4.25 1.18 0 0 1 0.550 13.74 8.57
hero_pine_a 101.74 4.82 2746.38 0.19 1.16 0 0 1 0.340 17.00 4.12
hero_birch_a 108.54 4.75 2746.90 2.37 1.34 0 0 1 0.200 13.23 4.86
hero_spruce_a 119.28 4.47 2748.28 2.48 1.20 0 0 1 0.380 16.00 3.90
hero_oak_a 129.93 4.03 2749.82 5.78 0.99 0 0 1 0.550 13.74 8.57
hero_spruce_a 136.00 3.93 2745.87 1.83 1.14 0 0 1 0.380 16.00 3.90
hero_spruce_c -133.22 9.28 2758.60 4.64 1.31 0 0 1 0.420 19.00 3.91
hero_spruce_b -127.34 9.56 2754.07 1.75 1.20 0 0 1 0.320 13.00 3.84
hero_oak_b -108.92 7.76 2753.67 4.64 1.23 0 0 1 0.480 10.11 6.89
hero_spruce_a -103.60 7.05 2752.61 0.56 1.23 0 0 1 0.380 16.00 3.90
hero_birch_a -96.41 5.20 2757.66 2.58 1.05 0 0 1 0.200 13.23 4.86
hero_spruce_a -86.19 2.89 2759.42 1.58 1.32 0 0 1 0.380 16.00 3.90
hero_oak_a -78.78 1.78 2755.69 2.59 1.19 0 0 1 0.550 13.74 8.57
hero_oak_a -68.42 -0.16 2753.68 2.80 0.99 0 0 1 0.550 13.74 8.57
hero_oak_a -60.89 -2.23 2758.49 5.38 1.05 0 0 1 0.550 13.74 8.57
hero_pine_a -54.01 -3.54 2759.17 1.04 1.14 0 0 1 0.340 17.00 4.12
hero_spruce_c -45.54 -4.80 2758.93 1.49 1.19 0 0 1 0.420 19.00 3.91
hero_spruce_c 67.21 2.81 2757.26 1.00 1.14 0 0 1 0.420 19.00 3.91
hero_pine_a 76.16 3.66 2753.75 2.11 1.07 0 0 1 0.340 17.00 4.12
hero_pine_b 81.29 3.97 2753.89 2.28 1.06 0 0 1 0.300 14.00 4.13
hero_pine_b 94.43 4.31 2758.33 2.05 1.33 0 0 1 0.300 14.00 4.13
hero_pine_b 103.50 4.47 2756.48 5.29 1.03 0 0 1 0.300 14.00 4.13
hero_birch_b 110.70 4.40 2755.44 1.81 1.23 0 0 1 0.220 14.31 7.20
hero_spruce_c 118.81 4.11 2759.38 0.18 1.07 0 0 1 0.420 19.00 3.91
hero_spruce_c 124.94 4.06 2753.80 2.14 1.15 0 0 1 0.420 19.00 3.91
hero_spruce_a 136.84 3.51 2754.50 1.04 1.05 0 0 1 0.380 16.00 3.90
hero_spruce_c -137.50 8.74 2763.72 5.74 1.19 0 0 1 0.420 19.00 3.91
hero_spruce_b -131.21 8.19 2767.40 5.57 1.15 0 0 1 0.320 13.00 3.84
hero_oak_b -121.01 7.52 2767.54 1.09 1.25 0 0 1 0.480 10.11 6.89
hero_birch_b -99.63 4.92 2764.53 2.22 1.18 0 0 1 0.220 14.31 7.20
hero_oak_b -97.57 4.19 2767.20 2.42 1.00 0 0 1 0.480 10.11 6.89
hero_pine_a -85.13 1.58 2767.64 0.36 1.29 0 0 1 0.340 17.00 4.12
hero_birch_a -79.72 0.50 2767.42 1.11 0.95 0 0 1 0.200 13.23 4.86
hero_oak_a -66.86 -1.39 2761.14 5.73 1.10 0 0 1 0.550 13.74 8.57
hero_pine_a -57.55 -3.67 2765.14 5.93 1.09 0 0 1 0.340 17.00 4.12
hero_oak_b -45.09 -5.86 2767.43 1.36 1.27 0 0 1 0.480 10.11 6.89
hero_spruce_b -33.63 -6.37 2761.89 3.41 1.28 0 0 1 0.320 13.00 3.84
hero_spruce_b 67.65 2.71 2762.05 1.38 1.24 0 0 1 0.320 13.00 3.84
hero_spruce_b 87.77 4.01 2763.41 5.09 1.31 0 0 1 0.320 13.00 3.84
hero_spruce_a 95.64 4.27 2760.98 2.98 1.32 0 0 1 0.380 16.00 3.90
hero_spruce_b 103.45 4.25 2764.97 2.17 1.29 0 0 1 0.320 13.00 3.84
hero_spruce_a 111.11 4.17 2765.45 4.21 1.29 0 0 1 0.380 16.00 3.90
hero_pine_b 117.63 4.04 2765.09 2.27 0.96 0 0 1 0.300 14.00 4.13
hero_spruce_b 137.41 3.19 2766.01 3.44 1.13 0 0 1 0.320 13.00 3.84
hero_pine_b 143.10 2.93 2764.75 4.10 0.96 0 0 1 0.300 14.00 4.13
hero_spruce_a -142.60 7.57 2772.16 4.94 1.25 0 0 1 0.380 16.00 3.90
hero_spruce_b -139.79 7.68 2771.99 0.77 1.04 0 0 1 0.320 13.00 3.84
hero_oak_a -126.53 6.93 2775.00 2.10 1.15 0 0 1 0.550 13.74 8.57
hero_spruce_a -121.27 6.61 2774.51 5.57 0.98 0 0 1 0.380 16.00 3.90
hero_oak_a -109.60 4.89 2776.56 0.75 1.15 0 0 1 0.550 13.74 8.57
hero_spruce_b -99.32 3.25 2776.06 1.85 1.08 0 0 1 0.320 13.00 3.84
hero_pine_b -96.67 2.81 2775.64 1.98 1.13 0 0 1 0.300 14.00 4.13
hero_spruce_a -88.61 1.54 2773.15 3.96 1.29 0 0 1 0.380 16.00 3.90
hero_spruce_b -74.29 -1.76 2775.32 0.04 0.98 0 0 1 0.320 13.00 3.84
hero_oak_a -70.63 -2.46 2774.79 2.02 1.14 0 0 1 0.550 13.74 8.57
hero_spruce_a -61.50 -4.43 2776.33 5.68 0.98 0 0 1 0.380 16.00 3.90
hero_birch_a -46.01 -6.64 2774.87 1.57 1.07 0 0 1 0.200 13.23 4.86
hero_oak_b 58.55 1.45 2771.63 4.08 1.17 0 0 1 0.480 10.11 6.89
hero_birch_a 66.51 2.36 2771.36 5.48 1.16 0 0 1 0.200 13.23 4.86
hero_pine_b 73.82 2.98 2774.49 3.22 1.08 0 0 1 0.300 14.00 4.13
hero_spruce_b 85.91 3.77 2774.36 2.24 1.20 0 0 1 0.320 13.00 3.84
hero_pine_b 90.42 3.99 2771.72 1.00 1.17 0 0 1 0.300 14.00 4.13
hero_pine_b 98.01 4.16 2770.95 4.11 1.28 0 0 1 0.300 14.00 4.13
hero_spruce_b 113.36 4.07 2771.20 2.67 1.28 0 0 1 0.320 13.00 3.84
hero_spruce_a 120.38 3.91 2769.79 0.26 1.02 0 0 1 0.380 16.00 3.90
hero_oak_b 125.24 3.72 2776.44 4.85 1.29 0 0 1 0.480 10.11 6.89
hero_pine_b 132.45 3.38 2772.72 0.61 1.34 0 0 1 0.300 14.00 4.13
hero_birch_b -138.18 6.75 2778.72 4.20 1.14 0 0 1 0.220 14.31 7.20
hero_oak_a -128.82 6.62 2778.22 1.29 0.99 0 0 1 0.550 13.74 8.57
hero_oak_c -119.83 5.16 2783.32 2.85 1.28 0 0 1 0.620 16.21 10.57
hero_birch_a -110.12 4.32 2780.82 5.30 1.30 0 0 1 0.200 13.23 4.86
hero_spruce_b -100.58 2.46 2782.82 3.40 1.22 0 0 1 0.320 13.00 3.84
hero_pine_a -96.79 1.59 2783.86 3.35 1.31 0 0 1 0.340 17.00 4.12
hero_birch_a -85.66 -0.61 2783.80 6.01 1.01 0 0 1 0.200 13.23 4.86
hero_spruce_b -79.35 -1.56 2781.23 0.53 1.06 0 0 1 0.320 13.00 3.84
hero_pine_a -67.08 -4.20 2782.13 5.68 1.15 0 0 1 0.340 17.00 4.12
hero_spruce_a -57.47 -6.24 2784.45 6.27 1.12 0 0 1 0.380 16.00 3.90
hero_birch_b -49.40 -7.07 2781.73 1.71 1.00 0 0 1 0.220 14.31 7.20
hero_oak_c -43.78 -7.76 2781.55 4.23 1.20 0 0 1 0.620 16.21 10.57
hero_spruce_a 60.53 1.42 2780.82 1.66 0.96 0 0 1 0.380 16.00 3.90
hero_spruce_b 78.33 3.23 2780.32 5.01 1.15 0 0 1 0.320 13.00 3.84
hero_pine_a 96.55 4.11 2780.41 3.55 1.27 0 0 1 0.340 17.00 4.12
hero_pine_a 108.02 4.22 2780.58 3.45 1.04 0 0 1 0.340 17.00 4.12
hero_spruce_b 127.68 3.77 2783.79 3.40 1.20 0 0 1 0.320 13.00 3.84
hero_birch_b 133.06 3.49 2782.35 0.49 1.23 0 0 1 0.220 14.31 7.20
hero_pine_b -137.47 5.62 2786.73 4.30 1.00 0 0 1 0.300 14.00 4.13
hero_spruce_b -128.83 5.15 2788.13 5.75 1.12 0 0 1 0.320 13.00 3.84
hero_spruce_c -122.49 4.76 2787.64 5.68 1.32 0 0 1 0.420 19.00 3.91
hero_pine_a -109.63 3.33 2787.05 1.19 1.09 0 0 1 0.340 17.00 4.12
hero_spruce_b -104.53 1.92 2791.09 3.05 1.10 0 0 1 0.320 13.00 3.84
hero_birch_b -95.94 0.18 2792.20 4.56 1.34 0 0 1 0.220 14.31 7.20
hero_pine_a -84.89 -1.42 2788.26 3.01 0.97 0 0 1 0.340 17.00 4.12
hero_spruce_c -72.03 -4.33 2789.93 2.20 1.23 0 0 1 0.420 19.00 3.91
hero_oak_a -61.54 -6.32 2790.20 6.20 1.14 0 0 1 0.550 13.74 8.57
hero_spruce_b -52.31 -7.63 2789.15 5.97 0.98 0 0 1 0.320 13.00 3.84
hero_spruce_c -41.36 -8.70 2787.34 0.44 1.14 0 0 1 0.420 19.00 3.91
hero_spruce_a 60.04 0.95 2791.39 3.81 1.17 0 0 1 0.380 16.00 3.90
hero_spruce_a 66.44 1.91 2787.89 3.68 1.04 0 0 1 0.380 16.00 3.90
hero_oak_a 75.88 2.84 2791.59 2.46 1.08 0 0 1 0.550 13.74 8.57
hero_spruce_a 84.31 3.52 2791.32 5.03 1.30 0 0 1 0.380 16.00 3.90
hero_spruce_b 94.17 4.07 2788.79 0.51 1.15 0 0 1 0.320 13.00 3.84
hero_pine_a 102.50 4.30 2790.28 4.47 1.21 0 0 1 0.340 17.00 4.12
hero_oak_b 116.49 4.21 2787.59 0.97 1.27 0 0 1 0.480 10.11 6.89
hero_spruce_b 125.78 4.15 2793.29 1.83 1.17 0 0 1 0.320 13.00 3.84
hero_pine_b 138.40 3.60 2792.73 0.36 1.08 0 0 1 0.300 14.00 4.13
hero_pine_b 143.03 3.36 2793.26 3.76 1.33 0 0 1 0.300 14.00 4.13
hero_spruce_b -141.60 3.84 2798.94 3.26 1.05 0 0 1 0.320 13.00 3.84
hero_birch_b -134.59 3.66 2800.00 3.14 0.99 0 0 1 0.220 14.31 7.20
hero_spruce_b -127.45 3.22 2800.91 3.48 1.04 0 0 1 0.320 13.00 3.84
hero_oak_a -122.29 2.76 2801.07 2.44 1.35 0 0 1 0.550 13.74 8.57
hero_pine_b -109.87 1.17 2801.98 3.90 1.06 0 0 1 0.300 14.00 4.13
hero_oak_c -99.70 -0.06 2798.80 5.46 1.17 0 0 1 0.620 16.21 10.57
hero_spruce_b -94.84 -0.76 2797.43 1.03 1.01 0 0 1 0.320 13.00 3.84
hero_pine_b -87.62 -2.67 2800.96 6.03 1.06 0 0 1 0.300 14.00 4.13
hero_oak_b -77.14 -4.56 2799.18 1.03 1.12 0 0 1 0.480 10.11 6.89
hero_pine_b -70.76 -5.96 2800.40 4.99 1.09 0 0 1 0.300 14.00 4.13
hero_birch_b -63.28 -7.05 2798.02 2.32 1.30 0 0 1 0.220 14.31 7.20
hero_birch_a -54.72 -8.07 2795.29 4.16 1.13 0 0 1 0.200 13.23 4.86
hero_spruce_b -46.45 -9.25 2796.15 0.69 1.24 0 0 1 0.320 13.00 3.84
hero_spruce_c 52.18 -0.64 2799.24 0.37 1.34 0 0 1 0.420 19.00 3.91
hero_spruce_a 58.43 0.25 2801.97 3.60 0.96 0 0 1 0.380 16.00 3.90
hero_pine_a 64.90 1.21 2801.35 5.29 1.30 0 0 1 0.340 17.00 4.12
hero_pine_a 77.59 2.84 2800.23 4.40 0.95 0 0 1 0.340 17.00 4.12
hero_birch_a 82.35 3.27 2800.44 2.18 1.23 0 0 1 0.200 13.23 4.86
hero_spruce_c 94.57 4.14 2800.19 2.35 1.22 0 0 1 0.420 19.00 3.91
hero_pine_b 101.62 4.48 2801.32 1.97 0.95 0 0 1 0.300 14.00 4.13
hero_spruce_a 112.29 4.60 2798.99 2.85 1.12 0 0 1 0.380 16.00 3.90
hero_pine_a 119.68 4.42 2795.72 2.14 1.08 0 0 1 0.340 17.00 4.12
hero_birch_a 129.95 4.25 2798.91 1.81 1.25 0 0 1 0.200 13.23 4.86
hero_pine_a -136.56 2.92 2805.53 2.08 1.25 0 0 1 0.340 17.00 4.12
hero_spruce_c -127.57 2.49 2806.09 1.11 1.21 0 0 1 0.420 19.00 3.91
hero_oak_b -122.51 2.05 2806.32 2.04 1.35 0 0 1 0.480 10.11 6.89
hero_spruce_c -111.27 0.39 2809.09 3.19 1.28 0 0 1 0.420 19.00 3.91
hero_spruce_b -101.34 -0.62 2804.98 0.43 1.12 0 0 1 0.320 13.00 3.84
hero_pine_a -88.25 -3.66 2809.67 3.84 1.10 0 0 1 0.340 17.00 4.12
hero_spruce_c -78.05 -5.68 2809.91 2.15 1.06 0 0 1 0.420 19.00 3.91
hero_oak_c -65.62 -7.69 2807.20 0.03 1.03 0 0 1 0.620 16.21 10.57
hero_spruce_c -49.26 -10.34 2809.21 3.46 1.31 0 0 1 0.420 19.00 3.91
hero_spruce_b 52.00 -1.06 2805.85 2.98 1.34 0 0 1 0.320 13.00 3.84
hero_spruce_c 57.88 -0.11 2806.65 6.09 1.21 0 0 1 0.420 19.00 3.91
hero_oak_c 69.80 1.75 2805.32 1.30 1.00 0 0 1 0.620 16.21 10.57
hero_pine_a 78.08 2.70 2807.54 1.05 1.09 0 0 1 0.340 17.00 4.12
hero_oak_b 82.77 3.19 2808.04 5.07 1.07 0 0 1 0.480 10.11 6.89
hero_spruce_a 93.05 4.09 2806.35 0.70 0.96 0 0 1 0.380 16.00 3.90
hero_oak_c 103.23 4.59 2806.37 1.76 1.30 0 0 1 0.620 16.21 10.57
hero_pine_a 108.69 4.70 2804.28 4.02 1.20 0 0 1 0.340 17.00 4.12
hero_spruce_b 117.46 4.96 2809.69 0.91 1.28 0 0 1 0.320 13.00 3.84
hero_pine_b 126.36 4.60 2803.73 5.01 1.20 0 0 1 0.300 14.00 4.13
hero_pine_b 137.37 4.22 2803.45 1.78 0.98 0 0 1 0.300 14.00 4.13
hero_spruce_a -133.22 1.75 2814.06 1.67 0.95 0 0 1 0.380 16.00 3.90
hero_oak_b -125.56 1.33 2813.88 1.27 1.15 0 0 1 0.480 10.11 6.89
hero_oak_b -121.75 1.06 2813.47 0.56 1.17 0 0 1 0.480 10.11 6.89
hero_pine_a -109.27 -0.65 2815.27 4.82 1.07 0 0 1 0.340 17.00 4.12
hero_pine_a -103.00 -1.50 2814.11 3.76 1.17 0 0 1 0.340 17.00 4.12
hero_pine_b -94.55 -2.89 2813.46 3.06 1.00 0 0 1 0.300 14.00 4.13
hero_birch_a -86.93 -4.84 2818.23 0.63 1.10 0 0 1 0.200 13.23 4.86
hero_pine_a -75.73 -6.93 2818.04 6.04 1.04 0 0 1 0.340 17.00 4.12
hero_spruce_c -65.13 -8.64 2815.67 0.51 1.28 0 0 1 0.420 19.00 3.91
hero_pine_b -53.94 -10.22 2814.52 0.94 1.28 0 0 1 0.300 14.00 4.13
hero_spruce_b 52.85 -1.62 2816.72 2.35 1.29 0 0 1 0.320 13.00 3.84
hero_pine_b 58.58 -0.69 2818.04 0.23 1.29 0 0 1 0.300 14.00 4.13
hero_birch_a 68.30 1.20 2812.62 4.31 1.30 0 0 1 0.200 13.23 4.86
hero_pine_a 72.64 1.82 2813.27 0.55 0.96 0 0 1 0.340 17.00 4.12
hero_oak_b 86.40 3.42 2814.05 0.51 1.25 0 0 1 0.480 10.11 6.89
hero_spruce_a 92.40 3.98 2814.07 3.51 1.23 0 0 1 0.380 16.00 3.90
hero_spruce_c 110.84 5.04 2814.76 5.37 1.06 0 0 1 0.420 19.00 3.91
hero_spruce_c 122.03 5.14 2813.21 0.18 0.97 0 0 1 0.420 19.00 3.91
hero_spruce_a 138.43 5.02 2817.24 5.35 1.02 0 0 1 0.380 16.00 3.90
hero_oak_c 143.24 4.85 2817.86 5.83 1.29 0 0 1 0.620 16.21 10.57
hero_spruce_a -142.28 0.82 2823.18 1.64 0.98 0 0 1 0.380 16.00 3.90
hero_birch_a -140.01 0.56 2825.58 5.26 1.27 0 0 1 0.200 13.23 4.86
hero_pine_a -131.33 0.33 2825.71 0.41 1.22 0 0 1 0.340 17.00 4.12
hero_spruce_c -122.30 0.18 2821.33 0.23 1.19 0 0 1 0.420 19.00 3.91
hero_oak_c -108.94 -1.84 2825.92 5.17 1.23 0 0 1 0.620 16.21 10.57
hero_pine_b -101.13 -3.15 2827.28 5.50 1.27 0 0 1 0.300 14.00 4.13
hero_birch_b -96.20 -3.60 2823.09 5.70 1.18 0 0 1 0.220 14.31 7.20
hero_oak_b -85.20 -5.53 2822.19 3.35 1.14 0 0 1 0.480 10.11 6.89
hero_oak_a -75.12 -7.73 2827.32 4.42 1.00 0 0 1 0.550 13.74 8.57
hero_spruce_b -69.74 -8.34 2822.03 3.33 1.11 0 0 1 0.320 13.00 3.84
hero_spruce_b -62.73 -9.77 2826.89 4.81 1.04 0 0 1 0.320 13.00 3.84
hero_spruce_b -50.89 -11.17 2822.55 1.79 1.30 0 0 1 0.320 13.00 3.84
hero_birch_b 51.72 -2.33 2824.06 2.26 0.99 0 0 1 0.220 14.31 7.20
hero_birch_a 61.22 -0.58 2823.72 1.74 1.15 0 0 1 0.200 13.23 4.86
hero_pine_a 64.35 -0.08 2824.19 1.26 1.20 0 0 1 0.340 17.00 4.12
hero_pine_b 75.56 1.74 2823.83 3.11 1.10 0 0 1 0.300 14.00 4.13
hero_oak_b 84.35 2.96 2822.88 2.11 1.25 0 0 1 0.480 10.11 6.89
hero_spruce_b 89.50 3.57 2822.58 3.08 1.04 0 0 1 0.320 13.00 3.84
hero_birch_a 99.65 4.52 2822.95 6.16 1.00 0 0 1 0.200 13.23 4.86
hero_pine_b 112.41 5.27 2824.44 3.29 1.32 0 0 1 0.300 14.00 4.13
hero_oak_c 115.41 5.41 2824.71 0.01 1.15 0 0 1 0.620 16.21 10.57
hero_spruce_b 126.83 5.58 2823.97 1.96 1.20 0 0 1 0.320 13.00 3.84
hero_pine_a 134.74 5.35 2821.46 2.14 1.33 0 0 1 0.340 17.00 4.12
hero_oak_a -138.27 -0.37 2835.24 4.99 1.31 0 0 1 0.550 13.74 8.57
hero_oak_c -127.19 -0.49 2832.17 3.11 0.99 0 0 1 0.620 16.21 10.57
hero_oak_a -118.05 -1.33 2832.87 2.84 1.08 0 0 1 0.550 13.74 8.57
hero_birch_b -111.24 -2.29 2835.22 4.15 1.13 0 0 1 0.220 14.31 7.20
hero_oak_c -100.91 -3.33 2829.40 1.01 0.99 0 0 1 0.620 16.21 10.57
hero_birch_a -94.29 -4.60 2831.67 5.93 1.05 0 0 1 0.200 13.23 4.86
hero_birch_a -84.36 -6.42 2833.30 5.50 1.10 0 0 1 0.200 13.23 4.86
hero_oak_b -79.67 -7.33 2834.90 1.65 1.28 0 0 1 0.480 10.11 6.89
hero_oak_a -69.31 -8.83 2829.11 6.07 1.09 0 0 1 0.550 13.74 8.57
hero_spruce_b -59.69 -10.40 2831.14 6.11 1.08 0 0 1 0.320 13.00 3.84
hero_oak_c -52.04 -11.45 2833.46 0.16 1.08 0 0 1 0.620 16.21 10.57
hero_pine_a 52.57 -2.56 2829.06 4.42 1.22 0 0 1 0.340 17.00 4.12
hero_pine_b 57.14 -2.09 2834.64 2.86 1.02 0 0 1 0.300 14.00 4.13
hero_oak_b 66.66 -0.40 2834.81 2.48 1.29 0 0 1 0.480 10.11 6.89
hero_birch_b 78.24 1.53 2834.83 3.38 1.30 0 0 1 0.220 14.31 7.20
hero_spruce_c 82.73 2.31 2833.03 2.86 1.17 0 0 1 0.420 19.00 3.91
hero_pine_b 95.65 3.92 2833.88 4.57 1.25 0 0 1 0.300 14.00 4.13
hero_spruce_b 98.43 4.18 2834.88 4.96 1.25 0 0 1 0.320 13.00 3.84
hero_oak_a 106.51 4.95 2832.19 3.89 1.34 0 0 1 0.550 13.74 8.57
hero_pine_a 114.99 5.49 2831.44 1.35 1.25 0 0 1 0.340 17.00 4.12
hero_spruce_c 124.73 5.90 2834.22 1.36 1.08 0 0 1 0.420 19.00 3.91
hero_pine_a 137.22 5.71 2829.23 5.23 1.35 0 0 1 0.340 17.00 4.12
hero_birch_b 141.83 5.63 2829.35 5.21 1.14 0 0 1 0.220 14.31 7.20
hero_pine_a -144.72 -0.74 2840.19 1.25 1.06 0 0 1 0.340 17.00 4.12
hero_spruce_a -132.93 -0.78 2839.06 3.56 1.14 0 0 1 0.380 16.00 3.90
hero_oak_b -129.95 -0.84 2838.08 2.13 1.16 0 0 1 0.480 10.11 6.89
hero_oak_a -121.95 -1.49 2839.68 4.43 1.13 0 0 1 0.550 13.74 8.57
hero_spruce_c -112.68 -2.48 2840.66 4.45 1.17 0 0 1 0.420 19.00 3.91
hero_spruce_a -87.32 -6.20 2839.92 5.76 1.15 0 0 1 0.380 16.00 3.90
hero_spruce_a -76.36 -8.09 2844.45 0.46 1.25 0 0 1 0.380 16.00 3.90
hero_oak_c -68.23 -9.33 2841.88 1.92 1.13 0 0 1 0.620 16.21 10.57
hero_spruce_a -60.83 -10.39 2838.84 2.13 1.07 0 0 1 0.380 16.00 3.90
hero_oak_b -54.98 -11.14 2842.79 2.79 1.17 0 0 1 0.480 10.11 6.89
hero_oak_c 50.45 -3.80 2840.56 5.09 1.03 0 0 1 0.620 16.21 10.57
hero_pine_b 58.16 -2.30 2839.73 0.05 1.22 0 0 1 0.300 14.00 4.13
hero_birch_a 67.03 -0.87 2842.29 0.64 1.33 0 0 1 0.200 13.23 4.86
hero_birch_a 76.72 0.94 2840.56 2.08 1.22 0 0 1 0.200 13.23 4.86
hero_pine_a 88.02 2.58 2842.43 4.15 1.12 0 0 1 0.340 17.00 4.12
hero_oak_a 91.68 3.16 2841.24 1.81 1.06 0 0 1 0.550 13.74 8.57
hero_spruce_a 104.26 4.61 2841.65 5.46 1.02 0 0 1 0.380 16.00 3.90
hero_spruce_a 107.75 4.89 2842.92 3.59 1.19 0 0 1 0.380 16.00 3.90
hero_oak_b 121.88 5.89 2843.06 4.05 1.12 0 0 1 0.480 10.11 6.89
hero_oak_b 127.20 6.10 2844.45 0.22 1.20 0 0 1 0.480 10.11 6.89
hero_birch_b 137.35 6.23 2842.44 2.10 1.33 0 0 1 0.220 14.31 7.20
hero_spruce_b 144.93 5.96 2837.66 1.54 1.20 0 0 1 0.320 13.00 3.84
hero_pine_a -139.66 -1.43 2851.09 2.57 1.26 0 0 1 0.340 17.00 4.12
hero_spruce_b -127.99 -1.81 2852.52 0.67 1.13 0 0 1 0.320 13.00 3.84
hero_oak_a -116.14 -2.71 2852.79 4.83 1.34 0 0 1 0.550 13.74 8.57
hero_pine_b -109.09 -3.23 2847.55 3.14 0.99 0 0 1 0.300 14.00 4.13
hero_oak_c -100.34 -4.42 2848.97 3.39 1.08 0 0 1 0.620 16.21 10.57
hero_birch_b -96.54 -5.01 2851.96 4.01 1.04 0 0 1 0.220 14.31 7.20
hero_oak_a -86.68 -6.46 2849.75 0.75 1.17 0 0 1 0.550 13.74 8.57
hero_pine_b -78.15 -7.81 2847.99 3.59 1.26 0 0 1 0.300 14.00 4.13
hero_pine_a -69.94 -9.06 2847.87 3.68 1.30 0 0 1 0.340 17.00 4.12
hero_birch_b -59.51 -10.50 2848.09 1.13 1.34 0 0 1 0.220 14.31 7.20
hero_spruce_b 39.42 -6.48 2849.94 3.62 1.30 0 0 1 0.320 13.00 3.84
hero_pine_b 48.46 -4.92 2851.17 0.40 1.27 0 0 1 0.300 14.00 4.13
hero_pine_b 60.62 -2.64 2850.92 1.42 1.00 0 0 1 0.300 14.00 4.13
hero_birch_a 69.44 -1.11 2851.51 5.71 1.32 0 0 1 0.200 13.23 4.86
hero_pine_a 77.90 0.54 2849.17 2.34 1.25 0 0 1 0.340 17.00 4.12
hero_spruce_a 83.05 1.50 2847.48 4.67 1.31 0 0 1 0.380 16.00 3.90
hero_pine_b 96.11 3.34 2849.12 3.62 1.06 0 0 1 0.300 14.00 4.13
hero_birch_b 103.08 4.21 2848.74 3.81 1.11 0 0 1 0.220 14.31 7.20
hero_spruce_a 107.54 4.73 2847.32 4.30 1.31 0 0 1 0.380 16.00 3.90
hero_spruce_c 120.78 5.73 2852.00 2.01 0.98 0 0 1 0.420 19.00 3.91
hero_spruce_c 123.58 5.95 2848.21 1.26 1.09 0 0 1 0.420 19.00 3.91
hero_oak_b 138.79 6.40 2851.13 4.74 1.03 0 0 1 0.480 10.11 6.89
hero_oak_b -143.76 -1.80 2859.12 0.32 0.97 0 0 1 0.480 10.11 6.89
hero_spruce_c -135.61 -1.84 2858.92 1.30 1.23 0 0 1 0.420 19.00 3.91
hero_pine_a -116.46 -2.78 2855.76 5.70 1.33 0 0 1 0.340 17.00 4.12
hero_birch_b -109.91 -3.48 2859.86 3.88 1.15 0 0 1 0.220 14.31 7.20
hero_spruce_a -104.69 -4.02 2859.45 2.73 1.00 0 0 1 0.380 16.00 3.90
hero_spruce_b -92.63 -5.53 2861.02 4.87 1.17 0 0 1 0.320 13.00 3.84
hero_birch_b -87.40 -6.23 2860.89 4.22 1.19 0 0 1 0.220 14.31 7.20
hero_birch_a -73.64 -8.27 2857.06 4.09 1.31 0 0 1 0.200 13.23 4.86
hero_pine_b -66.63 -9.15 2857.72 1.28 1.02 0 0 1 0.300 14.00 4.13
hero_pine_b -59.47 -9.89 2860.43 1.44 1.19 0 0 1 0.300 14.00 4.13
hero_birch_b 41.29 -6.48 2856.61 2.35 1.33 0 0 1 0.220 14.31 7.20
hero_oak_c 60.80 -3.24 2860.06 4.68 1.07 0 0 1 0.620 16.21 10.57
hero_oak_b 68.90 -1.48 2855.44 0.38 1.16 0 0 1 0.480 10.11 6.89
hero_birch_b 78.54 0.14 2856.19 6.00 1.32 0 0 1 0.220 14.31 7.20
hero_spruce_a 87.78 1.78 2854.56 3.21 1.20 0 0 1 0.380 16.00 3.90
hero_spruce_c 89.63 1.86 2857.35 1.80 1.23 0 0 1 0.420 19.00 3.91
hero_pine_a 98.66 2.94 2861.25 0.69 1.00 0 0 1 0.340 17.00 4.12
hero_birch_b 107.95 4.34 2857.36 5.06 1.09 0 0 1 0.220 14.31 7.20
hero_pine_a 120.86 5.44 2860.01 5.92 1.23 0 0 1 0.340 17.00 4.12
hero_spruce_b 128.69 5.93 2860.93 0.46 1.13 0 0 1 0.320 13.00 3.84
hero_oak_c 136.66 6.34 2855.73 1.47 1.27 0 0 1 0.620 16.21 10.57
hero_oak_a -142.75 -2.15 2868.57 0.75 1.31 0 0 1 0.550 13.74 8.57
hero_pine_b -137.57 -1.98 2863.57 3.29 1.16 0 0 1 0.300 14.00 4.13
hero_birch_b -131.53 -2.20 2867.08 3.51 1.31 0 0 1 0.220 14.31 7.20
hero_spruce_b -119.40 -2.76 2865.83 1.32 1.29 0 0 1 0.320 13.00 3.84
hero_spruce_b -111.62 -3.35 2864.10 1.16 1.17 0 0 1 0.320 13.00 3.84
hero_birch_a -103.23 -4.22 2864.09 6.00 1.33 0 0 1 0.200 13.23 4.86
hero_spruce_c -90.72 -5.52 2869.75 5.38 1.14 0 0 1 0.420 19.00 3.91
hero_oak_c -85.97 -6.14 2868.74 3.28 1.21 0 0 1 0.620 16.21 10.57
hero_spruce_b -77.66 -7.33 2865.20 1.38 1.00 0 0 1 0.320 13.00 3.84
hero_spruce_b -71.61 -8.18 2864.15 0.72 1.25 0 0 1 0.320 13.00 3.84
hero_spruce_c -58.94 -9.30 2868.52 1.62 1.16 0 0 1 0.420 19.00 3.91
hero_pine_b 43.53 -6.39 2864.27 3.32 1.14 0 0 1 0.300 14.00 4.13
hero_pine_b 50.92 -5.20 2864.63 4.36 1.16 0 0 1 0.300 14.00 4.13
hero_spruce_c 61.82 -3.66 2870.02 6.14 1.26 0 0 1 0.420 19.00 3.91
hero_spruce_a 70.56 -1.80 2863.88 4.32 1.29 0 0 1 0.380 16.00 3.90
hero_spruce_c 78.40 -0.74 2867.74 0.98 1.30 0 0 1 0.420 19.00 3.91
hero_pine_b 85.07 0.49 2866.42 3.64 1.02 0 0 1 0.300 14.00 4.13
hero_pine_a 94.17 1.79 2867.89 2.53 1.18 0 0 1 0.340 17.00 4.12
hero_spruce_a 107.03 3.41 2870.00 4.35 1.18 0 0 1 0.380 16.00 3.90
hero_spruce_a 116.79 4.87 2864.66 4.99 0.97 0 0 1 0.380 16.00 3.90
hero_spruce_a 126.30 5.50 2866.89 1.04 1.21 0 0 1 0.380 16.00 3.90
hero_birch_b 136.25 5.93 2869.78 1.47 0.99 0 0 1 0.220 14.31 7.20
hero_oak_c 144.91 6.25 2866.78 3.74 1.08 0 0 1 0.620 16.21 10.57
hero_spruce_a -127.39 -2.48 2878.34 5.07 1.13 0 0 1 0.380 16.00 3.90
hero_spruce_a -120.00 -2.80 2877.18 3.60 1.26 0 0 1 0.380 16.00 3.90
hero_oak_c -110.36 -3.41 2876.40 2.63 1.01 0 0 1 0.620 16.21 10.57
hero_birch_b -105.26 -3.82 2876.74 1.70 1.02 0 0 1 0.220 14.31 7.20
hero_oak_b -95.00 -4.85 2874.98 2.06 1.10 0 0 1 0.480 10.11 6.89
hero_birch_b -79.68 -6.43 2876.00 3.38 1.03 0 0 1 0.220 14.31 7.20
hero_spruce_a -68.77 -7.55 2876.43 6.11 1.08 0 0 1 0.380 16.00 3.90
hero_pine_b -60.23 -8.65 2874.00 0.23 1.22 0 0 1 0.300 14.00 4.13
hero_oak_a 44.75 -6.45 2875.17 5.53 1.23 0 0 1 0.550 13.74 8.57
hero_oak_b 51.78 -5.40 2873.80 2.96 1.10 0 0 1 0.480 10.11 6.89
hero_spruce_c 61.14 -4.02 2875.26 0.13 1.20 0 0 1 0.420 19.00 3.91
hero_spruce_b 70.89 -2.47 2875.71 1.81 0.98 0 0 1 0.320 13.00 3.84
hero_spruce_c 76.41 -1.46 2873.81 4.79 1.08 0 0 1 0.420 19.00 3.91
hero_spruce_a 83.02 -0.61 2876.65 5.69 1.21 0 0 1 0.380 16.00 3.90
hero_pine_b 89.49 0.75 2872.25 0.65 1.08 0 0 1 0.300 14.00 4.13
hero_birch_b 103.84 2.76 2872.96 1.18 1.33 0 0 1 0.220 14.31 7.20
hero_birch_a 112.52 3.50 2877.73 5.60 0.97 0 0 1 0.200 13.23 4.86
hero_spruce_b 119.56 4.51 2874.19 5.64 1.02 0 0 1 0.320 13.00 3.84
hero_spruce_b 125.25 4.85 2876.31 0.90 1.06 0 0 1 0.320 13.00 3.84
hero_spruce_a 135.32 5.70 2872.80 5.96 1.20 0 0 1 0.380 16.00 3.90
hero_pine_a -142.18 -2.38 2886.32 5.56 0.99 0 0 1 0.340 17.00 4.12
hero_birch_a -136.94 -2.35 2881.01 2.18 1.28 0 0 1 0.200 13.23 4.86
hero_spruce_a -125.21 -2.55 2880.62 5.00 1.08 0 0 1 0.380 16.00 3.90
hero_pine_a -122.49 -2.65 2883.59 0.85 1.10 0 0 1 0.340 17.00 4.12
hero_birch_b -112.84 -3.13 2884.35 3.00 1.10 0 0 1 0.220 14.31 7.20
hero_spruce_a -101.09 -4.00 2883.33 0.03 1.31 0 0 1 0.380 16.00 3.90
hero_spruce_c -92.69 -4.86 2879.99 4.16 1.08 0 0 1 0.420 19.00 3.91
hero_birch_b -86.29 -5.10 2885.85 2.05 1.06 0 0 1 0.220 14.31 7.20
hero_birch_b -77.69 -6.01 2884.28 3.97 1.20 0 0 1 0.220 14.31 7.20
hero_oak_b -69.98 -6.90 2882.11 5.53 1.01 0 0 1 0.480 10.11 6.89
hero_pine_b -62.60 -7.45 2883.30 0.78 1.20 0 0 1 0.300 14.00 4.13
hero_birch_b 41.74 -6.81 2881.72 5.57 1.16 0 0 1 0.220 14.31 7.20
hero_pine_a 50.75 -5.66 2879.93 0.82 1.02 0 0 1 0.340 17.00 4.12
hero_spruce_a 56.89 -4.83 2880.59 5.53 1.09 0 0 1 0.380 16.00 3.90
hero_spruce_b 76.86 -2.08 2885.40 3.37 0.95 0 0 1 0.320 13.00 3.84
hero_pine_a 82.08 -1.21 2883.31 1.45 1.30 0 0 1 0.340 17.00 4.12
hero_spruce_a 90.61 0.29 2880.58 3.36 1.08 0 0 1 0.380 16.00 3.90
hero_spruce_b 99.02 1.19 2884.40 5.27 1.30 0 0 1 0.320 13.00 3.84
hero_spruce_b 109.61 2.82 2881.51 5.26 1.21 0 0 1 0.320 13.00 3.84
hero_pine_a 117.09 3.45 2884.22 3.05 1.07 0 0 1 0.340 17.00 4.12
hero_oak_b 129.22 4.39 2885.58 6.09 1.22 0 0 1 0.480 10.11 6.89
hero_birch_a 135.21 5.19 2880.77 2.89 0.96 0 0 1 0.200 13.23 4.86
hero_pine_a 141.22 5.28 2882.46 5.46 1.26 0 0 1 0.340 17.00 4.12
hero_spruce_a -144.24 -2.43 2888.46 3.21 1.22 0 0 1 0.380 16.00 3.90
hero_oak_a -137.56 -2.35 2889.38 3.06 1.00 0 0 1 0.550 13.74 8.57
hero_birch_a -117.38 -2.72 2893.18 4.61 1.03 0 0 1 0.200 13.23 4.86
hero_spruce_c -111.81 -2.99 2892.79 6.13 1.08 0 0 1 0.420 19.00 3.91
hero_oak_c -102.67 -3.64 2889.50 2.81 1.22 0 0 1 0.620 16.21 10.57
hero_spruce_c -95.97 -4.12 2889.47 5.72 1.21 0 0 1 0.420 19.00 3.91
hero_birch_b -79.39 -5.26 2891.55 1.86 1.27 0 0 1 0.220 14.31 7.20
hero_oak_b -65.86 -5.90 2895.03 5.83 1.23 0 0 1 0.480 10.11 6.89
hero_spruce_a 31.62 -7.24 2894.15 2.88 1.08 0 0 1 0.380 16.00 3.90
hero_pine_b 39.33 -6.75 2892.69 1.14 1.28 0 0 1 0.300 14.00 4.13
hero_pine_b 50.88 -5.62 2894.02 0.91 1.23 0 0 1 0.300 14.00 4.13
hero_oak_b 57.97 -4.85 2894.08 5.72 1.22 0 0 1 0.480 10.11 6.89
hero_oak_c 75.86 -2.45 2889.97 5.48 1.04 0 0 1 0.620 16.21 10.57
hero_spruce_a 87.64 -0.97 2892.92 4.91 1.08 0 0 1 0.380 16.00 3.90
hero_spruce_c 94.07 0.02 2890.79 5.18 1.32 0 0 1 0.420 19.00 3.91
hero_spruce_c 99.69 0.77 2891.04 1.90 1.30 0 0 1 0.420 19.00 3.91
hero_spruce_c 112.76 2.52 2889.37 2.43 1.17 0 0 1 0.420 19.00 3.91
hero_spruce_b 115.57 2.90 2888.69 5.54 1.10 0 0 1 0.320 13.00 3.84
hero_spruce_b 129.05 3.47 2895.56 1.22 1.19 0 0 1 0.320 13.00 3.84
hero_spruce_b 133.94 3.89 2894.59 2.42 1.07 0 0 1 0.320 13.00 3.84
hero_spruce_c 140.92 4.36 2893.25 5.16 1.12 0 0 1 0.420 19.00 3.91
hero_oak_b -139.46 -2.28 2899.81 1.24 1.08 0 0 1 0.480 10.11 6.89
hero_spruce_a -127.33 -2.39 2897.76 1.82 1.33 0 0 1 0.380 16.00 3.90
hero_oak_a -121.41 -2.49 2898.95 6.23 1.20 0 0 1 0.550 13.74 8.57
hero_spruce_a -102.79 -3.05 2903.30 2.08 1.22 0 0 1 0.380 16.00 3.90
hero_spruce_a -96.05 -3.71 2896.94 5.19 1.14 0 0 1 0.380 16.00 3.90
hero_pine_b -88.94 -3.85 2901.47 1.93 1.10 0 0 1 0.300 14.00 4.13
hero_pine_a -79.50 -4.52 2900.20 1.69 1.27 0 0 1 0.340 17.00 4.12
hero_spruce_a 36.52 -6.72 2896.95 2.50 1.00 0 0 1 0.380 16.00 3.90
hero_oak_c 39.56 -6.19 2902.49 3.07 1.12 0 0 1 0.620 16.21 10.57
hero_birch_b 51.70 -5.43 2898.46 4.56 1.19 0 0 1 0.220 14.31 7.20
hero_birch_a 66.37 -3.88 2897.76 1.92 0.98 0 0 1 0.200 13.23 4.86
hero_spruce_b 76.05 -2.84 2902.72 0.46 1.05 0 0 1 0.320 13.00 3.84
hero_spruce_a 83.92 -1.80 2899.26 3.17 1.24 0 0 1 0.380 16.00 3.90
hero_birch_a 93.22 -0.76 2901.66 3.88 1.21 0 0 1 0.200 13.23 4.86
hero_birch_b 102.64 0.33 2902.41 3.58 1.00 0 0 1 0.220 14.31 7.20
hero_spruce_a 107.79 1.24 2897.78 0.03 1.22 0 0 1 0.380 16.00 3.90
hero_oak_c 119.19 2.21 2900.47 2.90 1.11 0 0 1 0.620 16.21 10.57
hero_birch_a 123.61 2.32 2903.21 0.47 1.24 0 0 1 0.200 13.23 4.86
hero_spruce_a 136.81 3.70 2898.16 2.20 1.00 0 0 1 0.380 16.00 3.90
hero_birch_a 143.49 3.77 2900.17 2.63 0.99 0 0 1 0.200 13.23 4.86
hero_spruce_a -142.89 -2.06 2911.45 0.44 1.05 0 0 1 0.380 16.00 3.90
hero_spruce_a -135.58 -1.97 2912.26 4.76 0.96 0 0 1 0.380 16.00 3.90
hero_spruce_c -131.55 -2.08 2909.61 6.04 1.22 0 0 1 0.420 19.00 3.91
hero_pine_a -120.82 -2.24 2908.11 2.88 0.98 0 0 1 0.340 17.00 4.12
hero_pine_b -110.89 -2.59 2906.20 6.19 1.11 0 0 1 0.300 14.00 4.13
hero_pine_b -102.95 -2.60 2912.52 4.33 1.21 0 0 1 0.300 14.00 4.13
hero_spruce_a -91.47 -3.05 2912.08 4.96 1.32 0 0 1 0.380 16.00 3.90
hero_birch_a -84.35 -3.58 2908.74 5.64 1.31 0 0 1 0.200 13.23 4.86
hero_spruce_a -74.33 -4.16 2907.03 3.39 1.01 0 0 1 0.380 16.00 3.90
hero_oak_c -71.34 -3.82 2912.37 4.55 1.34 0 0 1 0.620 16.21 10.57
hero_spruce_b 39.59 -5.73 2909.28 0.94 1.24 0 0 1 0.320 13.00 3.84
hero_spruce_c 53.41 -5.00 2906.96 5.91 1.18 0 0 1 0.420 19.00 3.91
hero_oak_c 58.23 -4.56 2909.38 4.95 1.33 0 0 1 0.620 16.21 10.57
hero_birch_b 66.44 -3.89 2906.30 0.17 1.18 0 0 1 0.220 14.31 7.20
hero_oak_c 77.28 -2.81 2912.07 1.22 0.96 0 0 1 0.620 16.21 10.57
hero_spruce_b 81.87 -2.26 2906.63 1.93 0.97 0 0 1 0.320 13.00 3.84
hero_oak_b 100.16 -0.36 2908.92 1.65 1.16 0 0 1 0.480 10.11 6.89
hero_oak_a 107.80 0.67 2905.61 5.22 1.02 0 0 1 0.550 13.74 8.57
hero_birch_a 115.70 1.40 2906.12 4.24 1.12 0 0 1 0.200 13.23 4.86
hero_spruce_c 129.57 2.44 2906.69 3.53 1.03 0 0 1 0.420 19.00 3.91
hero_pine_a 137.94 2.42 2911.08 0.22 1.08 0 0 1 0.340 17.00 4.12
hero_spruce_b 142.05 3.06 2906.25 1.37 1.20 0 0 1 0.320 13.00 3.84
hero_oak_a -144.47 -1.76 2920.82 0.50 1.33 0 0 1 0.550 13.74 8.57
hero_pine_b -139.89 -1.79 2918.92 5.44 1.35 0 0 1 0.300 14.00 4.13
hero_oak_c -128.99 -1.76 2920.15 0.41 1.30 0 0 1 0.620 16.21 10.57
hero_oak_c -118.72 -1.96 2918.34 5.49 1.29 0 0 1 0.620 16.21 10.57
hero_oak_c -113.39 -1.98 2920.35 4.65 1.31 0 0 1 0.620 16.21 10.57
hero_birch_b -104.73 -2.44 2914.55 0.83 1.08 0 0 1 0.220 14.31 7.20
hero_spruce_a -91.22 -2.54 2919.91 3.62 1.15 0 0 1 0.380 16.00 3.90
hero_birch_a -87.94 -2.90 2915.80 0.68 0.97 0 0 1 0.200 13.23 4.86
hero_spruce_b -67.05 -3.56 2916.32 2.93 1.00 0 0 1 0.320 13.00 3.84
hero_oak_a 35.17 -5.21 2917.18 3.70 1.07 0 0 1 0.550 13.74 8.57
hero_pine_b 42.83 -4.76 2919.95 1.90 0.98 0 0 1 0.300 14.00 4.13
hero_spruce_a 50.42 -4.78 2915.60 4.91 1.34 0 0 1 0.380 16.00 3.90
hero_birch_a 58.12 -4.38 2913.94 3.56 1.17 0 0 1 0.200 13.23 4.86
hero_oak_c 68.50 -3.49 2918.77 3.79 1.20 0 0 1 0.620 16.21 10.57
hero_spruce_a 72.52 -3.24 2916.20 6.15 1.26 0 0 1 0.380 16.00 3.90
hero_oak_b 84.77 -2.19 2918.16 6.17 1.35 0 0 1 0.480 10.11 6.89
hero_birch_a 95.99 -1.11 2916.20 5.96 1.18 0 0 1 0.200 13.23 4.86
hero_spruce_a 104.50 -0.39 2917.90 6.17 1.04 0 0 1 0.380 16.00 3.90
hero_spruce_b 110.74 0.23 2915.85 2.68 1.29 0 0 1 0.320 13.00 3.84
hero_oak_a 121.99 0.82 2919.66 0.96 1.06 0 0 1 0.550 13.74 8.57
hero_spruce_a 127.36 1.40 2916.26 1.43 1.17 0 0 1 0.380 16.00 3.90
hero_spruce_b 133.45 1.82 2915.20 4.32 1.07 0 0 1 0.320 13.00 3.84
hero_oak_b 144.18 1.72 2919.59 1.58 0.98 0 0 1 0.480 10.11 6.89
hero_spruce_a -125.01 -1.39 2928.98 4.62 1.30 0 0 1 0.380 16.00 3.90
hero_spruce_a -120.14 -1.49 2928.18 3.24 1.26 0 0 1 0.380 16.00 3.90
hero_oak_a -111.60 -1.77 2924.90 2.17 0.98 0 0 1 0.550 13.74 8.57
hero_birch_b -103.81 -1.83 2926.95 1.61 1.10 0 0 1 0.220 14.31 7.20
hero_oak_c -93.06 -2.12 2925.63 6.24 0.96 0 0 1 0.620 16.21 10.57
hero_spruce_a -83.61 -2.45 2923.95 0.47 0.97 0 0 1 0.380 16.00 3.90
hero_spruce_c -73.57 -2.53 2926.14 2.70 1.21 0 0 1 0.420 19.00 3.91
hero_oak_b 27.24 -4.65 2924.12 1.17 1.06 0 0 1 0.480 10.11 6.89
hero_pine_a 33.63 -4.29 2927.61 3.09 1.16 0 0 1 0.340 17.00 4.12
hero_pine_b 44.52 -4.44 2923.86 1.80 1.32 0 0 1 0.300 14.00 4.13
hero_spruce_c 51.47 -4.18 2924.15 2.05 1.19 0 0 1 0.420 19.00 3.91
hero_spruce_a 58.66 -3.71 2926.45 0.73 0.95 0 0 1 0.380 16.00 3.90
hero_oak_c 65.44 -3.43 2925.44 3.79 1.04 0 0 1 0.620 16.21 10.57
hero_oak_b 73.05 -2.88 2929.19 5.89 1.29 0 0 1 0.480 10.11 6.89
hero_oak_c 85.15 -2.10 2929.06 1.29 1.02 0 0 1 0.620 16.21 10.57
hero_spruce_b 96.16 -1.36 2928.94 0.46 1.20 0 0 1 0.320 13.00 3.84
hero_oak_c 104.72 -0.70 2926.33 3.82 1.00 0 0 1 0.620 16.21 10.57
hero_oak_a 111.85 -0.29 2927.25 0.05 1.32 0 0 1 0.550 13.74 8.57
hero_birch_b 117.08 0.13 2925.40 2.34 1.19 0 0 1 0.220 14.31 7.20
hero_spruce_b 126.10 0.36 2929.28 5.14 1.07 0 0 1 0.320 13.00 3.84
hero_oak_a 135.35 1.18 2922.60 3.07 1.27 0 0 1 0.550 13.74 8.57
hero_spruce_b 141.03 1.20 2924.23 5.36 1.04 0 0 1 0.320 13.00 3.84
hero_spruce_a -138.63 -0.93 2935.18 5.07 1.15 0 0 1 0.380 16.00 3.90
hero_pine_a -128.32 -1.02 2934.62 2.70 1.04 0 0 1 0.340 17.00 4.12
hero_pine_a -123.06 -0.96 2937.07 2.97 1.25 0 0 1 0.340 17.00 4.12
hero_pine_a -113.15 -1.09 2937.14 3.23 1.07 0 0 1 0.340 17.00 4.12
hero_spruce_b -101.01 -1.43 2934.82 4.77 0.98 0 0 1 0.320 13.00 3.84
hero_oak_a -86.55 -1.53 2937.32 3.28 1.31 0 0 1 0.550 13.74 8.57
hero_pine_a -76.70 -1.66 2936.93 4.79 1.07 0 0 1 0.340 17.00 4.12
hero_birch_a -71.22 -1.86 2935.51 1.49 1.34 0 0 1 0.200 13.23 4.86
hero_spruce_a 33.57 -3.75 2933.73 4.41 1.28 0 0 1 0.380 16.00 3.90
hero_pine_b 45.15 -3.44 2936.01 2.26 0.97 0 0 1 0.300 14.00 4.13
hero_birch_a 48.85 -3.72 2931.66 3.99 1.18 0 0 1 0.200 13.23 4.86
hero_pine_b 60.47 -3.30 2932.86 1.83 1.28 0 0 1 0.300 14.00 4.13
hero_spruce_a 64.50 -3.21 2931.26 0.75 1.09 0 0 1 0.380 16.00 3.90
hero_birch_a 72.89 -2.73 2933.25 5.50 1.28 0 0 1 0.200 13.23 4.86
hero_pine_a 85.35 -2.08 2930.98 2.60 1.22 0 0 1 0.340 17.00 4.12
hero_oak_b 92.59 -1.56 2936.10 0.13 1.05 0 0 1 0.480 10.11 6.89
hero_spruce_a 98.09 -1.26 2932.70 4.84 1.13 0 0 1 0.380 16.00 3.90
hero_pine_a 125.72 -0.11 2937.60 0.71 1.09 0 0 1 0.340 17.00 4.12
hero_spruce_b 138.00 0.33 2933.72 6.08 1.18 0 0 1 0.320 13.00 3.84
hero_birch_a 140.55 0.34 2934.04 4.45 1.11 0 0 1 0.200 13.23 4.86
hero_spruce_b -137.57 -0.12 2946.56 4.22 1.21 0 0 1 0.320 13.00 3.84
hero_oak_a -127.39 -0.39 2944.91 6.27 1.35 0 0 1 0.550 13.74 8.57
hero_pine_b -120.10 -0.59 2943.15 5.85 0.99 0 0 1 0.300 14.00 4.13
hero_spruce_c -112.75 -0.84 2941.48 0.41 1.14 0 0 1 0.420 19.00 3.91
hero_spruce_c -101.96 -0.82 2944.66 6.04 1.23 0 0 1 0.420 19.00 3.91
hero_spruce_b -96.95 -1.21 2939.69 4.56 1.19 0 0 1 0.320 13.00 3.84
hero_pine_a -85.87 -0.89 2946.57 3.43 1.00 0 0 1 0.340 17.00 4.12
hero_oak_a -79.98 -1.00 2946.43 0.15 1.34 0 0 1 0.550 13.74 8.57
hero_oak_b -69.03 -1.08 2946.53 5.28 1.19 0 0 1 0.480 10.11 6.89
hero_oak_a 26.96 -2.75 2945.06 1.92 1.08 0 0 1 0.550 13.74 8.57
hero_pine_a 36.68 -2.93 2943.42 0.28 1.01 0 0 1 0.340 17.00 4.12
hero_spruce_c 41.13 -2.75 2945.77 0.30 0.99 0 0 1 0.420 19.00 3.91
hero_birch_b 51.23 -2.95 2942.02 6.25 1.33 0 0 1 0.220 14.31 7.20
hero_oak_a 56.29 -2.95 2940.17 1.60 1.02 0 0 1 0.550 13.74 8.57
hero_pine_a 69.80 -2.35 2943.46 0.23 1.01 0 0 1 0.340 17.00 4.12
hero_spruce_c 78.50 -1.95 2944.93 0.86 0.96 0 0 1 0.420 19.00 3.91
hero_spruce_c 86.44 -1.61 2945.82 0.85 0.99 0 0 1 0.420 19.00 3.91
hero_oak_b 92.86 -1.37 2946.07 2.96 1.33 0 0 1 0.480 10.11 6.89
hero_birch_a 101.47 -1.10 2940.61 1.74 1.34 0 0 1 0.200 13.23 4.86
hero_oak_c 111.33 -0.67 2940.69 5.82 1.23 0 0 1 0.620 16.21 10.57
hero_spruce_c 134.32 -0.36 2945.50 3.38 1.21 0 0 1 0.420 19.00 3.91
hero_spruce_b -136.28 0.16 2950.28 1.21 1.30 0 0 1 0.320 13.00 3.84
hero_birch_a -126.09 0.28 2953.62 5.63 1.30 0 0 1 0.200 13.23 4.86
hero_oak_a -120.90 -0.18 2949.01 3.17 1.23 0 0 1 0.550 13.74 8.57
hero_spruce_c -113.51 0.12 2954.82 5.32 1.29 0 0 1 0.420 19.00 3.91
hero_pine_a -105.02 -0.46 2948.99 3.30 1.16 0 0 1 0.340 17.00 4.12
hero_oak_c -94.20 -0.69 2948.09 0.58 1.11 0 0 1 0.620 16.21 10.57
hero_oak_a -82.82 -0.50 2953.10 2.88 1.19 0 0 1 0.550 13.74 8.57
hero_pine_a -76.81 -0.56 2953.12 0.86 1.15 0 0 1 0.340 17.00 4.12
hero_birch_b -66.90 -0.59 2954.30 3.26 1.28 0 0 1 0.220 14.31 7.20
hero_oak_a 34.66 -2.27 2953.25 0.28 1.19 0 0 1 0.550 13.74 8.57
hero_pine_b 44.23 -2.43 2950.57 1.23 1.10 0 0 1 0.300 14.00 4.13
hero_spruce_b 53.99 -2.38 2949.99 0.33 1.20 0 0 1 0.320 13.00 3.84
hero_oak_b 60.73 -2.22 2950.61 2.21 1.26 0 0 1 0.480 10.11 6.89
hero_pine_b 65.99 -2.24 2948.13 0.73 1.30 0 0 1 0.300 14.00 4.13
hero_spruce_c 73.44 -1.71 2954.05 0.22 1.31 0 0 1 0.420 19.00 3.91
hero_oak_a 85.56 -1.48 2950.51 1.59 1.15 0 0 1 0.550 13.74 8.57
hero_oak_a 92.60 -1.13 2953.35 2.71 1.15 0 0 1 0.550 13.74 8.57
hero_oak_c 100.25 -0.92 2952.85 2.72 1.11 0 0 1 0.620 16.21 10.57
hero_birch_a 107.19 -0.68 2954.90 4.14 0.96 0 0 1 0.200 13.23 4.86
hero_birch_a 121.41 -0.54 2954.12 5.31 1.17 0 0 1 0.200 13.23 4.86
hero_birch_b 126.61 -0.48 2950.07 4.97 1.01 0 0 1 0.220 14.31 7.20
hero_oak_a 140.79 -0.77 2954.85 4.89 1.10 0 0 1 0.550 13.74 8.57
hero_oak_b -143.54 1.32 2961.46 2.09 1.20 0 0 1 0.480 10.11 6.89
hero_pine_a -134.14 1.21 2961.74 3.73 0.98 0 0 1 0.340 17.00 4.12
hero_spruce_b -122.89 0.66 2958.53 5.86 1.12 0 0 1 0.320 13.00 3.84
hero_spruce_b -108.92 0.25 2957.34 3.71 1.18 0 0 1 0.320 13.00 3.84
hero_birch_a -104.91 0.20 2957.83 2.30 1.23 0 0 1 0.200 13.23 4.86
hero_pine_b -90.76 0.34 2962.76 5.94 1.11 0 0 1 0.300 14.00 4.13
hero_spruce_b -88.55 0.13 2960.92 3.51 1.34 0 0 1 0.320 13.00 3.84
hero_spruce_b -74.44 0.02 2962.32 5.36 1.35 0 0 1 0.320 13.00 3.84
hero_pine_a -67.66 -0.37 2957.71 3.84 1.35 0 0 1 0.340 17.00 4.12
hero_oak_a 27.95 -1.76 2963.06 2.79 1.14 0 0 1 0.550 13.74 8.57
hero_pine_a 32.23 -2.03 2957.90 2.60 1.32 0 0 1 0.340 17.00 4.12
hero_oak_a 42.11 -1.98 2958.53 3.77 1.06 0 0 1 0.550 13.74 8.57
hero_spruce_b 49.95 -1.84 2960.47 4.53 1.17 0 0 1 0.320 13.00 3.84
hero_spruce_b 60.79 -1.84 2957.00 1.21 1.05 0 0 1 0.320 13.00 3.84
hero_spruce_a 64.54 -1.59 2960.71 2.35 1.27 0 0 1 0.380 16.00 3.90
hero_spruce_b 78.34 -1.35 2958.30 0.92 1.21 0 0 1 0.320 13.00 3.84
hero_pine_a 82.01 -1.06 2962.06 2.75 1.16 0 0 1 0.340 17.00 4.12
hero_pine_a 95.13 -0.81 2959.74 5.05 1.11 0 0 1 0.340 17.00 4.12
hero_spruce_c 102.26 -0.63 2960.38 2.52 1.03 0 0 1 0.420 19.00 3.91
hero_oak_b 110.05 -0.61 2957.25 3.03 1.23 0 0 1 0.480 10.11 6.89
hero_birch_b 122.05 -0.53 2956.77 1.60 1.13 0 0 1 0.220 14.31 7.20
hero_spruce_c 127.73 -0.58 2959.21 3.16 1.33 0 0 1 0.420 19.00 3.91
hero_oak_a 138.34 -0.79 2957.98 5.24 1.31 0 0 1 0.550 13.74 8.57
hero_spruce_b 141.68 -0.95 2961.73 3.66 1.34 0 0 1 0.320 13.00 3.84
hero_oak_b -138.68 1.81 2966.99 4.59 1.16 0 0 1 0.480 10.11 6.89
hero_pine_a -126.20 1.97 2971.25 2.20 1.32 0 0 1 0.340 17.00 4.12
hero_pine_a -117.05 1.81 2971.76 2.93 1.03 0 0 1 0.340 17.00 4.12
hero_pine_a -109.82 1.59 2971.71 5.64 1.22 0 0 1 0.340 17.00 4.12
hero_pine_b -103.47 1.21 2969.62 4.41 1.25 0 0 1 0.300 14.00 4.13
hero_pine_b -97.11 0.65 2965.20 6.16 1.28 0 0 1 0.300 14.00 4.13
hero_pine_a -83.13 0.83 2970.91 0.69 1.33 0 0 1 0.340 17.00 4.12
hero_oak_c -77.74 0.62 2969.74 4.52 1.29 0 0 1 0.620 16.21 10.57
hero_spruce_a -65.52 0.14 2966.15 4.99 1.31 0 0 1 0.380 16.00 3.90
hero_pine_a 33.48 -1.59 2969.07 2.78 1.01 0 0 1 0.340 17.00 4.12
hero_birch_b 42.26 -1.60 2968.36 4.49 1.26 0 0 1 0.220 14.31 7.20
hero_birch_a 51.39 -1.42 2969.48 6.18 0.99 0 0 1 0.200 13.23 4.86
hero_oak_a 58.33 -1.33 2969.22 5.89 1.25 0 0 1 0.550 13.74 8.57
hero_spruce_c 66.79 -1.27 2965.70 5.30 1.10 0 0 1 0.420 19.00 3.91
hero_spruce_a 73.98 -1.01 2967.47 5.54 1.13 0 0 1 0.380 16.00 3.90
hero_oak_b 85.86 -0.66 2968.29 0.72 1.16 0 0 1 0.480 10.11 6.89
hero_pine_a 95.13 -0.44 2968.63 5.35 1.24 0 0 1 0.340 17.00 4.12
hero_pine_b 101.44 -0.31 2968.90 1.99 1.09 0 0 1 0.300 14.00 4.13
hero_oak_b 108.16 -0.16 2971.34 5.21 1.20 0 0 1 0.480 10.11 6.89
hero_pine_b 119.36 -0.38 2965.78 2.80 1.21 0 0 1 0.300 14.00 4.13
hero_pine_a 130.14 -0.44 2971.11 1.25 1.02 0 0 1 0.340 17.00 4.12
hero_pine_a 131.99 -0.51 2971.99 2.88 1.34 0 0 1 0.340 17.00 4.12
hero_birch_b 143.00 -0.99 2971.64 2.13 1.26 0 0 1 0.220 14.31 7.20
hero_spruce_c -143.53 2.74 2975.06 1.48 1.34 0 0 1 0.420 19.00 3.91
hero_spruce_b -139.64 3.26 2980.24 3.40 1.17 0 0 1 0.320 13.00 3.84
hero_pine_b -129.70 2.59 2975.94 0.70 1.01 0 0 1 0.300 14.00 4.13
hero_birch_b -121.14 2.29 2975.24 4.46 1.03 0 0 1 0.220 14.31 7.20
hero_pine_a -108.88 2.41 2979.64 2.48 1.10 0 0 1 0.340 17.00 4.12
hero_spruce_a -101.52 2.18 2979.44 4.50 0.98 0 0 1 0.380 16.00 3.90
hero_oak_a -92.19 1.48 2975.28 5.41 1.06 0 0 1 0.550 13.74 8.57
hero_spruce_a -73.65 1.05 2976.18 5.83 1.07 0 0 1 0.380 16.00 3.90
hero_pine_a -65.95 1.05 2979.16 0.93 1.11 0 0 1 0.340 17.00 4.12
hero_oak_a 34.68 -1.46 2977.94 6.28 1.15 0 0 1 0.550 13.74 8.57
hero_spruce_c 38.79 -1.39 2979.01 0.43 0.96 0 0 1 0.420 19.00 3.91
hero_pine_b 48.60 -1.33 2974.75 1.19 1.16 0 0 1 0.300 14.00 4.13
hero_spruce_b 67.46 -0.70 2980.27 2.98 1.28 0 0 1 0.320 13.00 3.84
hero_birch_b 78.96 -0.46 2976.39 0.43 1.07 0 0 1 0.220 14.31 7.20
hero_spruce_a 86.56 -0.20 2978.01 0.25 1.27 0 0 1 0.380 16.00 3.90
hero_spruce_c 95.87 0.11 2979.63 3.92 0.96 0 0 1 0.420 19.00 3.91
hero_spruce_c 99.87 0.10 2978.57 3.19 1.18 0 0 1 0.420 19.00 3.91
hero_birch_b 108.70 0.00 2974.68 0.31 1.01 0 0 1 0.220 14.31 7.20
hero_oak_c 117.65 -0.10 2973.92 0.13 1.19 0 0 1 0.620 16.21 10.57
hero_spruce_a 128.65 -0.09 2980.10 4.50 1.03 0 0 1 0.380 16.00 3.90
hero_spruce_c 138.75 -0.56 2980.20 4.47 1.30 0 0 1 0.420 19.00 3.91
hero_oak_b -141.65 3.58 2983.05 1.45 1.33 0 0 1 0.480 10.11 6.89
hero_oak_b -135.50 4.04 2988.00 5.06 1.20 0 0 1 0.480 10.11 6.89
hero_oak_a -128.58 3.49 2984.18 0.84 1.01 0 0 1 0.550 13.74 8.57
hero_birch_b -121.46 3.42 2985.24 3.99 1.12 0 0 1 0.220 14.31 7.20
hero_oak_c -113.92 2.83 2982.02 1.04 1.12 0 0 1 0.620 16.21 10.57
hero_oak_b -99.66 2.53 2983.48 4.35 1.27 0 0 1 0.480 10.11 6.89
hero_oak_a -94.24 2.93 2988.46 4.66 1.03 0 0 1 0.550 13.74 8.57
hero_pine_a -88.93 2.71 2988.31 4.44 1.11 0 0 1 0.340 17.00 4.12
hero_spruce_b -77.21 1.65 2982.16 4.98 1.25 0 0 1 0.320 13.00 3.84
hero_spruce_c -71.55 1.94 2987.39 0.52 0.97 0 0 1 0.420 19.00 3.91
hero_pine_b 31.74 -1.47 2981.98 3.40 1.20 0 0 1 0.300 14.00 4.13
hero_pine_b 42.35 -1.32 2988.04 2.36 1.03 0 0 1 0.300 14.00 4.13
hero_pine_a 53.63 -1.03 2983.98 3.57 1.00 0 0 1 0.340 17.00 4.12
hero_birch_a 58.70 -0.86 2985.58 2.01 1.14 0 0 1 0.200 13.23 4.86
hero_oak_c 66.17 -0.56 2986.81 0.19 1.08 0 0 1 0.620 16.21 10.57
hero_pine_b 73.99 -0.20 2988.45 2.09 1.01 0 0 1 0.300 14.00 4.13
hero_oak_c 84.68 0.15 2987.65 0.10 1.21 0 0 1 0.620 16.21 10.57
hero_spruce_b 92.98 0.43 2988.01 5.78 0.98 0 0 1 0.320 13.00 3.84
hero_pine_a 100.90 0.53 2987.43 0.78 1.24 0 0 1 0.340 17.00 4.12
hero_spruce_b 107.18 0.44 2984.39 2.64 1.18 0 0 1 0.320 13.00 3.84
hero_oak_b 119.03 0.35 2984.17 1.06 1.05 0 0 1 0.480 10.11 6.89
hero_spruce_b 128.32 0.16 2985.95 3.18 1.28 0 0 1 0.320 13.00 3.84
hero_oak_a 136.88 -0.24 2985.03 0.32 1.13 0 0 1 0.550 13.74 8.57
hero_birch_a 142.33 -0.57 2984.97 5.75 1.27 0 0 1 0.200 13.23 4.86
hero_spruce_b -141.84 4.60 2992.41 2.90 1.04 0 0 1 0.320 13.00 3.84
hero_oak_a -136.76 4.79 2994.77 1.17 1.09 0 0 1 0.550 13.74 8.57
hero_spruce_a -116.11 4.09 2992.27 5.81 1.28 0 0 1 0.380 16.00 3.90
hero_spruce_a -114.38 4.39 2994.91 1.83 0.97 0 0 1 0.380 16.00 3.90
hero_birch_a -103.93 4.00 2994.75 4.33 1.34 0 0 1 0.200 13.23 4.86
hero_pine_b -90.55 3.28 2992.79 3.09 1.12 0 0 1 0.300 14.00 4.13
hero_birch_b -82.44 3.17 2995.00 2.68 1.24 0 0 1 0.220 14.31 7.20
hero_spruce_b -73.98 2.99 2997.29 0.09 1.32 0 0 1 0.320 13.00 3.84
hero_pine_a -69.47 2.17 2991.33 4.49 1.31 0 0 1 0.340 17.00 4.12
hero_oak_a 33.74 -1.56 2992.86 5.91 1.18 0 0 1 0.550 13.74 8.57
hero_spruce_a 45.26 -1.32 2996.20 0.47 1.10 0 0 1 0.380 16.00 3.90
hero_spruce_c 50.20 -1.13 2990.64 0.38 1.25 0 0 1 0.420 19.00 3.91
hero_pine_a 56.29 -0.91 2995.05 5.76 1.32 0 0 1 0.340 17.00 4.12
hero_oak_b 67.06 -0.35 2997.56 2.10 0.97 0 0 1 0.480 10.11 6.89
hero_pine_b 73.29 -0.08 2996.80 0.46 1.23 0 0 1 0.300 14.00 4.13
hero_spruce_c 87.95 0.61 2997.19 1.20 1.01 0 0 1 0.420 19.00 3.91
hero_pine_b 94.73 0.72 2994.66 4.06 1.32 0 0 1 0.300 14.00 4.13
hero_birch_a 99.80 0.91 2995.76 1.28 1.15 0 0 1 0.200 13.23 4.86
hero_spruce_a 110.95 0.95 2994.13 2.70 0.98 0 0 1 0.380 16.00 3.90
hero_birch_b 116.67 0.77 2991.53 4.32 1.07 0 0 1 0.220 14.31 7.20
hero_spruce_b 128.13 0.67 2995.42 5.80 1.32 0 0 1 0.320 13.00 3.84
hero_spruce_a 134.66 0.39 2994.85 5.57 1.04 0 0 1 0.380 16.00 3.90
hero_spruce_a 141.21 -0.18 2991.50 4.70 1.23 0 0 1 0.380 16.00 3.90
hero_spruce_b -136.77 5.78 3004.98 0.93 1.26 0 0 1 0.320 13.00 3.84
hero_oak_c -129.40 5.48 3002.07 6.04 1.20 0 0 1 0.620 16.21 10.57
hero_pine_a -117.71 5.16 3000.94 1.56 1.31 0 0 1 0.340 17.00 4.12
hero_oak_a -114.53 4.99 2999.85 3.51 1.02 0 0 1 0.550 13.74 8.57
hero_birch_a -90.81 4.27 3000.79 0.92 1.07 0 0 1 0.200 13.23 4.86
hero_pine_a -84.32 4.06 3001.57 3.33 1.04 0 0 1 0.340 17.00 4.12
hero_spruce_a -79.54 3.88 3002.31 6.16 1.19 0 0 1 0.380 16.00 3.90
hero_oak_b -65.78 2.85 3000.45 3.76 1.28 0 0 1 0.480 10.11 6.89
hero_spruce_c -60.88 3.00 3005.25 0.44 1.24 0 0 1 0.420 19.00 3.91
hero_spruce_c 30.06 -1.80 3001.18 4.80 1.22 0 0 1 0.420 19.00 3.91
hero_oak_b 44.99 -1.44 3002.55 4.36 1.27 0 0 1 0.480 10.11 6.89
hero_spruce_a 48.29 -1.27 3000.27 3.41 1.24 0 0 1 0.380 16.00 3.90
hero_spruce_c 55.86 -0.94 3002.56 5.27 1.11 0 0 1 0.420 19.00 3.91
hero_spruce_c 65.55 -0.43 3005.54 4.82 1.24 0 0 1 0.420 19.00 3.91
hero_pine_a 76.66 0.21 3004.56 0.49 1.31 0 0 1 0.340 17.00 4.12
hero_oak_c 81.13 0.47 3004.96 0.51 1.22 0 0 1 0.620 16.21 10.57
hero_birch_b 93.88 0.93 3000.30 4.38 1.10 0 0 1 0.220 14.31 7.20
hero_pine_b 99.32 1.27 3004.68 1.57 1.04 0 0 1 0.300 14.00 4.13
hero_spruce_b 108.43 1.35 3002.70 3.25 1.22 0 0 1 0.320 13.00 3.84
hero_birch_b 121.26 1.26 3002.03 0.51 1.17 0 0 1 0.220 14.31 7.20
hero_birch_a 128.30 1.07 3002.26 5.20 1.35 0 0 1 0.200 13.23 4.86
hero_spruce_b 133.55 0.90 3002.84 5.74 1.25 0 0 1 0.320 13.00 3.84
hero_spruce_a 142.49 0.59 3005.41 1.27 1.23 0 0 1 0.380 16.00 3.90
hero_birch_b -136.56 6.49 3013.49 3.07 1.33 0 0 1 0.220 14.31 7.20
hero_spruce_a -124.88 6.32 3010.21 3.92 1.08 0 0 1 0.380 16.00 3.90
hero_oak_c -116.27 6.40 3011.67 1.53 1.21 0 0 1 0.620 16.21 10.57
hero_pine_a -114.50 6.10 3009.42 0.98 1.32 0 0 1 0.340 17.00 4.12
hero_pine_b -101.78 5.65 3008.04 3.31 0.99 0 0 1 0.300 14.00 4.13
hero_oak_a -96.28 5.76 3010.51 5.15 1.03 0 0 1 0.550 13.74 8.57
hero_birch_b -84.67 5.54 3012.95 5.50 0.99 0 0 1 0.220 14.31 7.20
hero_spruce_c -74.34 4.49 3009.77 5.25 1.00 0 0 1 0.420 19.00 3.91
hero_birch_a -66.29 3.73 3008.44 1.65 1.30 0 0 1 0.200 13.23 4.86
hero_birch_a 30.91 -2.11 3014.24 5.69 1.03 0 0 1 0.200 13.23 4.86
hero_birch_a 38.94 -1.85 3011.19 0.05 1.26 0 0 1 0.200 13.23 4.86
hero_pine_b 53.01 -1.25 3012.35 4.18 1.31 0 0 1 0.300 14.00 4.13
hero_birch_b 59.20 -0.84 3011.59 2.87 1.03 0 0 1 0.220 14.31 7.20
hero_spruce_a 64.06 -0.56 3012.69 1.05 1.20 0 0 1 0.380 16.00 3.90
hero_spruce_a 77.09 0.34 3013.19 1.04 1.05 0 0 1 0.380 16.00 3.90
hero_pine_b 85.07 0.86 3014.04 4.04 1.05 0 0 1 0.300 14.00 4.13
hero_birch_b 90.52 1.15 3013.51 4.17 1.17 0 0 1 0.220 14.31 7.20
hero_spruce_a 99.31 1.42 3009.02 2.37 1.11 0 0 1 0.380 16.00 3.90
hero_spruce_b 109.03 1.87 3013.81 3.97 1.09 0 0 1 0.320 13.00 3.84
hero_oak_c 115.87 1.75 3009.95 5.75 1.15 0 0 1 0.620 16.21 10.57
hero_spruce_a 128.10 1.80 3014.08 2.86 1.27 0 0 1 0.380 16.00 3.90
hero_spruce_b 133.91 1.49 3011.77 1.38 0.98 0 0 1 0.320 13.00 3.84
hero_oak_a 141.65 0.95 3009.80 2.78 1.16 0 0 1 0.550 13.74 8.57
hero_spruce_b -134.87 6.95 3018.95 0.12 1.10 0 0 1 0.320 13.00 3.84
hero_spruce_b -130.52 7.08 3019.20 1.71 1.00 0 0 1 0.320 13.00 3.84
hero_oak_c -119.20 7.58 3023.00 0.81 1.21 0 0 1 0.620 16.21 10.57
hero_oak_c -111.62 7.41 3021.00 2.85 1.16 0 0 1 0.620 16.21 10.57
hero_birch_b -100.98 7.02 3019.00 3.90 0.97 0 0 1 0.220 14.31 7.20
hero_birch_b -96.72 7.33 3022.41 0.98 0.99 0 0 1 0.220 14.31 7.20
hero_spruce_a -84.62 6.21 3018.10 1.55 1.05 0 0 1 0.380 16.00 3.90
hero_oak_a -80.17 6.11 3019.55 3.48 1.33 0 0 1 0.550 13.74 8.57
hero_spruce_c -71.49 5.66 3020.60 5.78 0.98 0 0 1 0.420 19.00 3.91
hero_spruce_a -61.55 4.63 3019.43 3.74 1.09 0 0 1 0.380 16.00 3.90
hero_oak_c 33.85 -2.24 3022.89 1.15 1.00 0 0 1 0.620 16.21 10.57
hero_oak_b 40.20 -2.03 3021.41 4.94 1.09 0 0 1 0.480 10.11 6.89
hero_pine_b 53.98 -1.36 3022.16 5.87 1.30 0 0 1 0.300 14.00 4.13
hero_pine_a 56.21 -1.16 3018.57 3.38 1.30 0 0 1 0.340 17.00 4.12
hero_oak_c 64.17 -0.58 3017.07 5.97 1.10 0 0 1 0.620 16.21 10.57
hero_spruce_b 73.11 0.05 3021.63 0.67 1.18 0 0 1 0.320 13.00 3.84
hero_spruce_c 84.53 0.91 3020.78 4.79 1.00 0 0 1 0.420 19.00 3.91
hero_birch_b 90.93 1.28 3017.95 0.62 1.02 0 0 1 0.220 14.31 7.20
hero_oak_a 100.71 1.73 3016.29 4.30 0.97 0 0 1 0.550 13.74 8.57
hero_birch_b 110.15 2.19 3021.26 5.56 1.18 0 0 1 0.220 14.31 7.20
hero_spruce_b 118.87 2.20 3019.12 2.72 1.29 0 0 1 0.320 13.00 3.84
hero_birch_a 129.75 1.97 3017.46 2.48 1.20 0 0 1 0.200 13.23 4.86
hero_spruce_c 131.94 2.05 3019.91 1.46 1.32 0 0 1 0.420 19.00 3.91
hero_spruce_c 142.59 1.58 3019.46 5.89 1.34 0 0 1 0.420 19.00 3.91
hero_oak_a -135.10 7.38 3026.24 3.56 0.96 0 0 1 0.550 13.74 8.57
hero_oak_c -105.66 8.00 3026.74 0.86 1.23 0 0 1 0.620 16.21 10.57
hero_oak_b -93.94 8.07 3029.11 5.36 1.14 0 0 1 0.480 10.11 6.89
hero_pine_a -88.82 8.00 3029.95 3.87 1.12 0 0 1 0.340 17.00 4.12
hero_spruce_b -74.02 6.82 3028.02 1.57 1.21 0 0 1 0.320 13.00 3.84
hero_spruce_c -66.87 6.00 3026.23 4.72 0.96 0 0 1 0.420 19.00 3.91
hero_oak_c -60.71 5.99 3030.96 5.49 1.04 0 0 1 0.620 16.21 10.57
hero_birch_a 27.72 -2.39 3026.10 2.30 1.20 0 0 1 0.200 13.23 4.86
hero_pine_a 30.16 -2.40 3028.22 4.87 1.17 0 0 1 0.340 17.00 4.12
hero_spruce_a 40.48 -2.22 3031.33 5.21 1.34 0 0 1 0.380 16.00 3.90
hero_birch_b 53.01 -1.50 3028.66 3.35 1.07 0 0 1 0.220 14.31 7.20
hero_spruce_a 59.35 -1.06 3026.46 4.52 1.27 0 0 1 0.380 16.00 3.90
hero_birch_a 65.47 -0.61 3031.27 3.00 1.01 0 0 1 0.200 13.23 4.86
hero_pine_a 95.59 1.73 3027.84 4.61 1.16 0 0 1 0.340 17.00 4.12
hero_spruce_c 98.59 1.85 3024.56 2.21 1.02 0 0 1 0.420 19.00 3.91
hero_spruce_b 110.02 2.53 3030.47 4.21 1.09 0 0 1 0.320 13.00 3.84
hero_spruce_b 115.52 2.52 3026.01 0.96 0.98 0 0 1 0.320 13.00 3.84
hero_spruce_c 123.90 2.58 3026.45 3.81 1.20 0 0 1 0.420 19.00 3.91
hero_pine_a 137.47 2.26 3025.36 0.55 0.99 0 0 1 0.340 17.00 4.12
hero_pine_a 143.18 2.32 3030.00 0.56 1.33 0 0 1 0.340 17.00 4.12
hero_pine_b -136.88 7.52 3033.38 2.04 1.23 0 0 1 0.300 14.00 4.13
hero_pine_b -119.78 8.50 3034.29 0.24 1.07 0 0 1 0.300 14.00 4.13
hero_pine_a -109.95 9.02 3037.17 0.65 1.18 0 0 1 0.340 17.00 4.12
hero_spruce_a -103.37 9.05 3036.66 6.14 1.29 0 0 1 0.380 16.00 3.90
hero_oak_c -95.86 9.02 3036.41 5.91 0.95 0 0 1 0.620 16.21 10.57
hero_spruce_a -85.58 8.44 3034.54 6.20 1.10 0 0 1 0.380 16.00 3.90
hero_oak_b -77.47 7.90 3033.96 6.03 1.01 0 0 1 0.480 10.11 6.89
hero_pine_a -69.76 8.01 3039.48 4.36 1.08 0 0 1 0.340 17.00 4.12
hero_spruce_b -62.36 6.66 3034.65 5.30 0.96 0 0 1 0.320 13.00 3.84
hero_pine_b -50.68 5.43 3035.94 3.06 1.16 0 0 1 0.300 14.00 4.13
hero_spruce_c -46.17 5.24 3039.27 1.57 1.06 0 0 1 0.420 19.00 3.91
hero_oak_c 8.83 -1.76 3036.51 3.78 1.23 0 0 1 0.620 16.21 10.57
hero_birch_a 18.64 -2.26 3036.21 1.79 1.08 0 0 1 0.200 13.23 4.86
hero_spruce_b 28.07 -2.46 3037.30 4.44 1.31 0 0 1 0.320 13.00 3.84
hero_pine_b 35.25 -2.38 3037.04 4.04 1.10 0 0 1 0.300 14.00 4.13
hero_spruce_a 44.00 -2.09 3033.76 1.98 1.24 0 0 1 0.380 16.00 3.90
hero_pine_b 51.01 -1.71 3034.63 3.98 1.15 0 0 1 0.300 14.00 4.13
hero_spruce_b 58.94 -1.20 3038.65 1.02 1.12 0 0 1 0.320 13.00 3.84
hero_spruce_b 68.24 -0.46 3039.79 0.11 1.28 0 0 1 0.320 13.00 3.84
hero_pine_b 73.75 0.07 3036.33 6.04 0.97 0 0 1 0.300 14.00 4.13
hero_spruce_b 81.50 0.73 3035.96 1.39 1.23 0 0 1 0.320 13.00 3.84
hero_spruce_b 91.58 1.58 3037.15 2.40 1.16 0 0 1 0.320 13.00 3.84
hero_spruce_c 99.49 2.13 3036.69 1.47 1.30 0 0 1 0.420 19.00 3.91
hero_spruce_a 113.42 2.70 3032.98 0.28 1.32 0 0 1 0.380 16.00 3.90
hero_spruce_b 121.97 3.16 3039.49 1.36 1.26 0 0 1 0.320 13.00 3.84
hero_birch_b 124.89 2.99 3034.96 1.23 1.29 0 0 1 0.220 14.31 7.20
hero_spruce_c 134.46 3.19 3039.76 1.98 1.34 0 0 1 0.420 19.00 3.91
hero_oak_c 142.12 2.82 3036.02 1.54 0.96 0 0 1 0.620 16.21 10.57
hero_birch_b -144.02 6.94 3043.28 4.00 1.25 0 0 1 0.220 14.31 7.20
hero_spruce_c -137.04 7.60 3046.81 4.03 1.33 0 0 1 0.420 19.00 3.91
hero_oak_b -127.73 8.52 3047.39 5.90 1.27 0 0 1 0.480 10.11 6.89
hero_birch_a -119.89 8.98 3042.53 2.67 1.06 0 0 1 0.200 13.23 4.86
hero_spruce_c -112.42 9.58 3046.06 3.61 1.11 0 0 1 0.420 19.00 3.91
hero_spruce_b -103.84 9.68 3043.25 5.16 1.18 0 0 1 0.320 13.00 3.84
hero_birch_b -95.35 9.75 3043.46 3.83 1.23 0 0 1 0.220 14.31 7.20
hero_birch_b -85.68 9.61 3043.84 2.92 0.97 0 0 1 0.220 14.31 7.20
hero_birch_a -79.23 9.69 3047.10 5.80 1.09 0 0 1 0.200 13.23 4.86
hero_oak_b -66.51 8.67 3046.90 4.44 1.23 0 0 1 0.480 10.11 6.89
hero_oak_b -63.26 7.97 3043.99 4.09 1.13 0 0 1 0.480 10.11 6.89
hero_pine_b -48.32 6.54 3047.35 3.45 1.10 0 0 1 0.300 14.00 4.13
hero_pine_a -39.98 4.99 3044.66 3.44 1.10 0 0 1 0.340 17.00 4.12
hero_spruce_b -37.81 4.53 3043.66 0.92 1.30 0 0 1 0.320 13.00 3.84
hero_spruce_a -25.65 2.85 3045.21 0.38 1.18 0 0 1 0.380 16.00 3.90
hero_spruce_a -19.68 2.16 3047.36 3.48 1.02 0 0 1 0.380 16.00 3.90
hero_oak_c -7.82 0.45 3047.44 6.27 1.26 0 0 1 0.620 16.21 10.57
hero_oak_c -0.96 -0.37 3047.57 4.76 1.21 0 0 1 0.620 16.21 10.57
hero_oak_c 11.46 -1.56 3047.22 2.35 1.11 0 0 1 0.620 16.21 10.57
hero_pine_b 18.33 -2.07 3044.46 5.00 1.08 0 0 1 0.300 14.00 4.13
hero_spruce_c 22.76 -2.22 3045.84 4.25 1.24 0 0 1 0.420 19.00 3.91
hero_pine_a 30.69 -2.34 3047.68 5.85 1.34 0 0 1 0.340 17.00 4.12
hero_spruce_b 47.17 -1.95 3046.03 5.93 1.02 0 0 1 0.320 13.00 3.84
hero_oak_c 57.88 -1.30 3047.30 2.52 1.16 0 0 1 0.620 16.21 10.57
hero_pine_b 64.90 -0.74 3046.01 0.71 1.14 0 0 1 0.300 14.00 4.13
hero_pine_a 73.54 0.03 3046.82 0.05 1.12 0 0 1 0.340 17.00 4.12
hero_spruce_b 82.58 0.84 3043.67 3.77 1.27 0 0 1 0.320 13.00 3.84
hero_pine_b 92.53 1.72 3043.05 3.15 1.14 0 0 1 0.300 14.00 4.13
hero_birch_b 103.92 2.55 3043.52 3.34 1.27 0 0 1 0.220 14.31 7.20
hero_birch_a 110.49 2.96 3044.66 2.15 1.08 0 0 1 0.200 13.23 4.86
hero_spruce_c 121.20 3.50 3048.19 4.44 1.04 0 0 1 0.420 19.00 3.91
hero_pine_b 125.23 3.50 3045.84 2.20 1.05 0 0 1 0.300 14.00 4.13
hero_oak_c 133.45 3.56 3046.04 0.40 1.11 0 0 1 0.620 16.21 10.57
hero_pine_a 144.25 3.20 3043.07 2.56 1.22 0 0 1 0.340 17.00 4.12
hero_birch_b -136.90 7.41 3056.69 0.91 1.18 0 0 1 0.220 14.31 7.20
hero_oak_b -130.10 8.33 3051.66 5.18 1.00 0 0 1 0.480 10.11 6.89
hero_pine_a -117.57 9.46 3050.97 5.61 1.22 0 0 1 0.340 17.00 4.12
hero_spruce_c -108.31 10.17 3052.72 2.27 1.25 0 0 1 0.420 19.00 3.91
hero_pine_b -100.98 10.50 3052.75 2.69 1.16 0 0 1 0.300 14.00 4.13
hero_oak_b -85.99 10.32 3050.36 5.17 1.21 0 0 1 0.480 10.11 6.89
hero_spruce_a -77.08 10.30 3053.58 0.46 1.26 0 0 1 0.380 16.00 3.90
hero_birch_a -68.00 9.36 3050.97 3.39 1.00 0 0 1 0.200 13.23 4.86
hero_birch_b -58.52 9.01 3056.48 5.10 1.27 0 0 1 0.220 14.31 7.20
hero_birch_b -52.15 8.02 3054.78 2.53 1.06 0 0 1 0.220 14.31 7.20
hero_spruce_a -43.96 6.73 3054.01 4.60 1.12 0 0 1 0.380 16.00 3.90
hero_spruce_a -28.15 4.22 3054.60 1.37 1.32 0 0 1 0.380 16.00 3.90
hero_birch_b -15.11 2.35 3056.95 0.28 1.21 0 0 1 0.220 14.31 7.20
hero_birch_b -12.56 1.57 3052.85 1.29 1.16 0 0 1 0.220 14.31 7.20
hero_birch_a -1.02 0.11 3054.39 3.82 1.16 0 0 1 0.200 13.23 4.86
hero_spruce_c 5.05 -0.42 3056.89 0.43 1.14 0 0 1 0.420 19.00 3.91
hero_oak_a 13.88 -1.60 3050.49 1.73 1.23 0 0 1 0.550 13.74 8.57
hero_pine_b 24.40 -1.96 3055.52 3.67 1.22 0 0 1 0.300 14.00 4.13
hero_spruce_c 30.56 -2.19 3052.99 4.17 1.19 0 0 1 0.420 19.00 3.91
hero_spruce_b 44.92 -1.99 3053.78 4.87 1.26 0 0 1 0.320 13.00 3.84
hero_birch_a 53.12 -1.61 3051.06 3.23 1.23 0 0 1 0.200 13.23 4.86
hero_oak_c 61.10 -1.00 3055.23 1.12 0.96 0 0 1 0.620 16.21 10.57
hero_spruce_b 66.05 -0.60 3055.70 2.12 0.97 0 0 1 0.320 13.00 3.84
hero_pine_a 73.19 -0.01 3051.06 4.72 1.29 0 0 1 0.340 17.00 4.12
hero_birch_b 81.57 0.82 3054.23 1.00 0.96 0 0 1 0.220 14.31 7.20
hero_spruce_c 95.26 1.99 3049.94 3.07 1.33 0 0 1 0.420 19.00 3.91
hero_oak_b 103.47 2.75 3055.87 2.27 1.08 0 0 1 0.480 10.11 6.89
hero_birch_a 107.64 2.96 3051.37 3.58 0.99 0 0 1 0.200 13.23 4.86
hero_birch_a 119.37 3.54 3051.23 5.48 1.12 0 0 1 0.200 13.23 4.86
hero_spruce_c 125.07 3.69 3050.85 0.56 1.13 0 0 1 0.420 19.00 3.91
hero_oak_b 137.93 4.02 3055.51 5.65 1.25 0 0 1 0.480 10.11 6.89
hero_spruce_b 142.74 3.89 3053.58 0.82 1.25 0 0 1 0.320 13.00 3.84
hero_pine_a -135.99 7.27 3063.78 1.75 0.96 0 0 1 0.340 17.00 4.12
hero_spruce_a -129.81 8.22 3060.04 6.08 1.35 0 0 1 0.380 16.00 3.90
hero_pine_a -117.20 9.73 3060.49 6.13 0.99 0 0 1 0.340 17.00 4.12
hero_pine_b -111.85 10.17 3058.91 1.70 1.30 0 0 1 0.300 14.00 4.13
hero_pine_a -99.46 11.26 3064.60 3.95 1.17 0 0 1 0.340 17.00 4.12
hero_oak_a -97.06 11.17 3060.49 3.40 0.99 0 0 1 0.550 13.74 8.57
hero_spruce_b -83.98 11.16 3059.11 6.19 1.08 0 0 1 0.320 13.00 3.84
hero_pine_b -76.61 11.36 3063.99 5.14 1.21 0 0 1 0.300 14.00 4.13
hero_birch_b -69.47 10.58 3060.66 1.38 1.25 0 0 1 0.220 14.31 7.20
hero_oak_b -61.82 9.98 3061.60 1.80 1.34 0 0 1 0.480 10.11 6.89
hero_oak_c -53.94 9.37 3064.18 5.83 1.12 0 0 1 0.620 16.21 10.57
hero_spruce_b -44.98 7.87 3062.06 2.03 1.00 0 0 1 0.320 13.00 3.84
hero_spruce_b -37.84 7.02 3064.56 4.21 0.96 0 0 1 0.320 13.00 3.84
hero_birch_a -26.78 4.78 3061.66 4.32 1.29 0 0 1 0.200 13.23 4.86
hero_pine_b -18.01 3.69 3065.49 6.00 1.22 0 0 1 0.300 14.00 4.13
hero_birch_a -12.20 2.08 3059.10 2.55 1.31 0 0 1 0.200 13.23 4.86
hero_spruce_b -3.11 1.19 3064.13 6.17 1.14 0 0 1 0.320 13.00 3.84
hero_spruce_c 7.58 -0.41 3061.19 5.16 1.33 0 0 1 0.420 19.00 3.91
hero_spruce_b 19.84 -1.25 3064.70 3.97 1.24 0 0 1 0.320 13.00 3.84
hero_spruce_b 27.89 -1.76 3062.36 1.61 1.04 0 0 1 0.320 13.00 3.84
hero_pine_a 44.15 -1.85 3060.37 2.28 0.99 0 0 1 0.340 17.00 4.12
hero_spruce_a 53.44 -1.44 3062.42 0.62 1.32 0 0 1 0.380 16.00 3.90
hero_oak_b 58.86 -1.12 3059.63 1.80 1.05 0 0 1 0.480 10.11 6.89
hero_birch_b 68.72 -0.30 3065.18 5.23 1.26 0 0 1 0.220 14.31 7.20
hero_spruce_b 75.91 0.34 3064.05 2.51 1.12 0 0 1 0.320 13.00 3.84
hero_oak_b 86.48 1.30 3059.07 5.89 1.20 0 0 1 0.480 10.11 6.89
hero_spruce_a 95.92 2.18 3059.91 4.13 1.13 0 0 1 0.380 16.00 3.90
hero_pine_b 101.57 2.65 3061.15 2.60 1.29 0 0 1 0.300 14.00 4.13
hero_spruce_c 111.70 3.44 3063.51 0.41 1.09 0 0 1 0.420 19.00 3.91
hero_pine_a 120.78 3.97 3064.16 0.48 1.03 0 0 1 0.340 17.00 4.12
hero_spruce_b 127.08 4.12 3061.44 0.22 1.21 0 0 1 0.320 13.00 3.84
hero_birch_a 137.05 4.43 3063.82 5.10 1.00 0 0 1 0.200 13.23 4.86
hero_oak_b 144.21 4.22 3059.76 5.44 1.23 0 0 1 0.480 10.11 6.89
hero_birch_b -135.78 6.80 3073.14 1.77 1.11 0 0 1 0.220 14.31 7.20
hero_birch_a -130.28 7.89 3068.79 2.47 1.25 0 0 1 0.200 13.23 4.86
hero_oak_b -119.09 9.48 3068.38 3.69 1.33 0 0 1 0.480 10.11 6.89
hero_oak_c -110.24 10.53 3069.92 4.08 1.15 0 0 1 0.620 16.21 10.57
hero_spruce_b -102.50 11.29 3070.89 2.10 0.97 0 0 1 0.320 13.00 3.84
hero_oak_c -96.44 11.78 3073.06 1.68 1.05 0 0 1 0.620 16.21 10.57
hero_pine_b -86.41 11.90 3068.80 1.38 1.26 0 0 1 0.300 14.00 4.13
hero_spruce_c -76.31 11.78 3068.89 5.93 1.08 0 0 1 0.420 19.00 3.91
hero_pine_b -68.07 11.30 3068.48 0.43 0.95 0 0 1 0.300 14.00 4.13
hero_pine_b -60.54 10.65 3069.06 4.70 1.33 0 0 1 0.300 14.00 4.13
hero_spruce_a -55.03 10.02 3069.04 3.56 1.31 0 0 1 0.380 16.00 3.90
hero_spruce_c -45.62 8.94 3070.86 1.77 1.14 0 0 1 0.420 19.00 3.91
hero_spruce_a -33.89 7.20 3072.17 4.63 1.02 0 0 1 0.380 16.00 3.90
hero_spruce_a -28.21 6.30 3073.33 0.40 1.24 0 0 1 0.380 16.00 3.90
hero_spruce_a -19.80 4.71 3072.42 3.88 1.34 0 0 1 0.380 16.00 3.90
hero_spruce_c -12.17 3.51 3073.70 0.10 1.31 0 0 1 0.420 19.00 3.91
hero_oak_c -3.71 1.63 3068.17 0.81 1.26 0 0 1 0.620 16.21 10.57
hero_spruce_b 8.90 0.10 3069.82 5.54 1.26 0 0 1 0.320 13.00 3.84
hero_birch_b 17.36 -0.89 3067.33 0.90 1.15 0 0 1 0.220 14.31 7.20
hero_oak_b 25.43 -1.33 3068.64 4.28 1.14 0 0 1 0.480 10.11 6.89
hero_spruce_a 30.98 -1.63 3067.25 0.61 1.20 0 0 1 0.380 16.00 3.90
hero_spruce_a 48.32 -1.50 3067.99 5.97 0.96 0 0 1 0.380 16.00 3.90
hero_spruce_b 57.62 -0.98 3071.64 3.18 1.15 0 0 1 0.320 13.00 3.84
hero_birch_b 66.34 -0.45 3067.32 1.81 1.06 0 0 1 0.220 14.31 7.20
hero_oak_c 74.54 0.25 3068.69 0.25 1.30 0 0 1 0.620 16.21 10.57
hero_oak_c 87.58 1.50 3072.25 0.86 1.34 0 0 1 0.620 16.21 10.57
hero_pine_b 95.37 2.23 3071.22 4.07 1.20 0 0 1 0.300 14.00 4.13
hero_spruce_c 101.75 2.79 3071.33 3.22 1.12 0 0 1 0.420 19.00 3.91
hero_spruce_b 113.09 3.67 3072.20 4.03 1.18 0 0 1 0.320 13.00 3.84
hero_oak_c 118.39 3.95 3069.13 4.86 1.09 0 0 1 0.620 16.21 10.57
hero_spruce_a 125.34 4.36 3071.63 5.62 1.05 0 0 1 0.380 16.00 3.90
hero_birch_b 137.48 4.72 3071.07 6.01 1.15 0 0 1 0.220 14.31 7.20
hero_birch_a 140.61 4.77 3070.65 0.63 1.00 0 0 1 0.200 13.23 4.86
hero_birch_b -137.38 6.07 3080.27 0.86 1.07 0 0 1 0.220 14.31 7.20
hero_pine_b -130.02 7.26 3082.48 6.12 1.34 0 0 1 0.300 14.00 4.13
hero_spruce_a -122.58 8.85 3075.81 3.91 0.96 0 0 1 0.380 16.00 3.90
hero_birch_a -108.01 10.79 3076.27 5.45 1.31 0 0 1 0.200 13.23 4.86
hero_spruce_b -100.73 11.58 3080.26 5.17 1.11 0 0 1 0.320 13.00 3.84
hero_birch_b -97.04 11.83 3076.00 4.98 0.97 0 0 1 0.220 14.31 7.20
hero_spruce_b -80.36 12.52 3079.38 2.04 1.33 0 0 1 0.320 13.00 3.84
hero_oak_a -68.37 11.96 3075.97 4.23 0.98 0 0 1 0.550 13.74 8.57
hero_spruce_b -61.77 11.46 3076.47 0.76 1.22 0 0 1 0.320 13.00 3.84
hero_spruce_c -51.99 10.70 3080.00 5.85 1.29 0 0 1 0.420 19.00 3.91
hero_oak_b -34.25 8.08 3080.63 3.55 1.32 0 0 1 0.480 10.11 6.89
hero_spruce_a -26.34 6.84 3082.01 5.74 1.15 0 0 1 0.380 16.00 3.90
hero_birch_a -16.51 4.98 3080.81 1.14 0.99 0 0 1 0.200 13.23 4.86
hero_oak_a -8.18 3.22 3077.52 3.77 1.13 0 0 1 0.550 13.74 8.57
hero_spruce_c -1.45 2.01 3075.93 3.99 1.11 0 0 1 0.420 19.00 3.91
hero_spruce_c 10.38 0.42 3075.95 2.81 1.19 0 0 1 0.420 19.00 3.91
hero_pine_b 16.64 0.09 3080.29 0.18 1.13 0 0 1 0.300 14.00 4.13
hero_oak_b 26.75 -0.63 3081.05 0.49 0.95 0 0 1 0.480 10.11 6.89
hero_oak_c 31.65 -0.86 3082.11 0.17 1.28 0 0 1 0.620 16.21 10.57
hero_oak_c 39.10 -1.19 3078.95 2.63 1.10 0 0 1 0.620 16.21 10.57
hero_pine_a 52.11 -0.95 3081.16 3.85 1.14 0 0 1 0.340 17.00 4.12
hero_pine_b 57.94 -0.87 3075.57 6.01 1.25 0 0 1 0.300 14.00 4.13
hero_birch_b 70.73 0.08 3078.01 1.40 1.08 0 0 1 0.220 14.31 7.20
hero_oak_b 84.65 1.31 3080.09 4.20 1.16 0 0 1 0.480 10.11 6.89
hero_spruce_c 99.78 2.69 3078.86 5.41 1.15 0 0 1 0.420 19.00 3.91
hero_oak_b 110.52 3.58 3081.30 3.13 1.22 0 0 1 0.480 10.11 6.89
hero_birch_a 115.78 3.97 3081.14 4.20 1.16 0 0 1 0.200 13.23 4.86
hero_spruce_a 128.39 4.69 3079.56 5.71 0.98 0 0 1 0.380 16.00 3.90
hero_spruce_a 137.20 5.07 3082.06 0.74 1.22 0 0 1 0.380 16.00 3.90
hero_spruce_b -139.10 5.25 3087.46 3.95 1.17 0 0 1 0.320 13.00 3.84
hero_spruce_a -128.26 7.13 3090.95 3.34 1.24 0 0 1 0.380 16.00 3.90
hero_birch_b -117.33 9.38 3084.11 0.24 1.16 0 0 1 0.220 14.31 7.20
hero_oak_c -112.80 10.07 3084.92 4.86 0.98 0 0 1 0.620 16.21 10.57
hero_pine_b -103.99 11.18 3088.74 5.53 1.11 0 0 1 0.300 14.00 4.13
hero_birch_a -93.81 12.22 3088.73 0.66 1.09 0 0 1 0.200 13.23 4.86
hero_birch_a -87.92 12.61 3089.03 6.13 1.26 0 0 1 0.200 13.23 4.86
hero_spruce_b -75.50 12.89 3088.66 6.06 1.07 0 0 1 0.320 13.00 3.84
hero_pine_a -67.24 12.62 3088.19 3.98 1.12 0 0 1 0.340 17.00 4.12
hero_birch_b -59.07 12.14 3090.29 0.39 1.22 0 0 1 0.220 14.31 7.20
hero_birch_a -52.96 11.38 3087.23 0.36 1.00 0 0 1 0.200 13.23 4.86
hero_oak_a -43.79 10.18 3087.25 0.80 1.13 0 0 1 0.550 13.74 8.57
hero_spruce_c -37.22 9.41 3090.82 0.10 1.21 0 0 1 0.420 19.00 3.91
hero_spruce_b -25.93 7.22 3087.31 2.40 1.34 0 0 1 0.320 13.00 3.84
hero_spruce_b -14.03 5.04 3086.59 1.67 1.22 0 0 1 0.320 13.00 3.84
hero_spruce_a -7.49 4.15 3089.46 4.59 1.15 0 0 1 0.380 16.00 3.90
hero_spruce_c 8.32 1.49 3086.24 2.69 1.15 0 0 1 0.420 19.00 3.91
hero_spruce_b 13.04 0.77 3084.17 1.23 1.05 0 0 1 0.320 13.00 3.84
hero_oak_a 34.06 -0.45 3090.75 2.86 0.99 0 0 1 0.550 13.74 8.57
hero_spruce_b 40.25 -0.98 3084.12 4.53 1.33 0 0 1 0.320 13.00 3.84
hero_oak_c 49.26 -0.70 3089.54 2.04 1.02 0 0 1 0.620 16.21 10.57
hero_spruce_b 56.51 -0.59 3087.47 6.21 1.24 0 0 1 0.320 13.00 3.84
hero_spruce_b 69.62 0.12 3085.34 5.98 1.14 0 0 1 0.320 13.00 3.84
hero_pine_a 76.01 0.65 3090.34 1.62 1.25 0 0 1 0.340 17.00 4.12
hero_pine_a 82.33 1.12 3084.49 1.87 1.32 0 0 1 0.340 17.00 4.12
hero_spruce_a 96.32 2.41 3084.64 2.97 1.11 0 0 1 0.380 16.00 3.90
hero_spruce_a 102.74 3.00 3088.96 2.60 0.97 0 0 1 0.380 16.00 3.90
hero_birch_a 110.11 3.61 3089.17 0.36 1.06 0 0 1 0.200 13.23 4.86
hero_pine_a 121.90 4.41 3086.13 0.66 1.31 0 0 1 0.340 17.00 4.12
hero_birch_a 126.38 4.73 3089.34 0.00 1.08 0 0 1 0.200 13.23 4.86
hero_spruce_a 138.39 5.27 3087.21 5.20 0.95 0 0 1 0.380 16.00 3.90
hero_oak_c 144.87 5.41 3086.68 5.38 1.31 0 0 1 0.620 16.21 10.57
hero_spruce_a -142.82 4.06 3093.89 3.64 1.23 0 0 1 0.380 16.00 3.90
hero_spruce_a -135.11 5.48 3096.05 1.70 1.22 0 0 1 0.380 16.00 3.90
hero_spruce_b -130.38 6.58 3093.51 5.94 1.18 0 0 1 0.320 13.00 3.84
hero_birch_b -118.56 8.54 3099.13 0.20 1.33 0 0 1 0.220 14.31 7.20
hero_oak_a -104.20 10.94 3097.47 2.66 1.33 0 0 1 0.550 13.74 8.57
hero_oak_b -92.05 12.33 3097.31 2.96 1.09 0 0 1 0.480 10.11 6.89
hero_pine_a -75.88 13.01 3093.16 2.54 1.04 0 0 1 0.340 17.00 4.12
hero_oak_c -71.02 12.94 3093.12 0.37 1.02 0 0 1 0.620 16.21 10.57
hero_spruce_c -59.73 12.35 3093.53 4.59 1.17 0 0 1 0.420 19.00 3.91
hero_spruce_b -48.10 11.10 3092.76 2.05 1.33 0 0 1 0.320 13.00 3.84
hero_pine_b -46.38 11.09 3096.99 4.91 1.27 0 0 1 0.300 14.00 4.13
hero_pine_b -31.68 8.88 3096.22 5.79 1.03 0 0 1 0.300 14.00 4.13
hero_pine_b -24.22 7.53 3095.66 3.55 1.33 0 0 1 0.300 14.00 4.13
hero_pine_a -15.02 5.81 3093.76 1.30 0.95 0 0 1 0.340 17.00 4.12
hero_spruce_c -5.81 4.14 3093.11 6.05 1.21 0 0 1 0.420 19.00 3.91
hero_spruce_a 1.32 3.36 3098.59 3.54 1.23 0 0 1 0.380 16.00 3.90
hero_oak_c 5.09 2.72 3097.24 4.15 1.13 0 0 1 0.620 16.21 10.57
hero_pine_a 13.54 1.48 3095.63 1.83 1.35 0 0 1 0.340 17.00 4.12
hero_spruce_a 36.33 -0.19 3098.48 1.22 1.03 0 0 1 0.380 16.00 3.90
hero_oak_b 38.86 -0.25 3099.09 1.13 1.03 0 0 1 0.480 10.11 6.89
hero_birch_a 47.05 -0.58 3094.11 5.84 1.30 0 0 1 0.200 13.23 4.86
hero_oak_c 61.84 -0.11 3099.51 0.44 1.33 0 0 1 0.620 16.21 10.57
hero_birch_b 66.10 0.03 3092.43 2.48 0.97 0 0 1 0.220 14.31 7.20
hero_oak_b 75.64 0.66 3094.86 3.20 1.28 0 0 1 0.480 10.11 6.89
hero_birch_b 83.60 1.30 3095.87 4.14 1.22 0 0 1 0.220 14.31 7.20
hero_pine_a 92.68 2.10 3094.49 3.78 1.04 0 0 1 0.340 17.00 4.12
hero_oak_c 104.55 3.13 3097.15 5.89 1.04 0 0 1 0.620 16.21 10.57
hero_oak_b 108.90 3.51 3093.22 1.66 1.09 0 0 1 0.480 10.11 6.89
hero_oak_c 115.28 3.97 3099.06 1.99 1.28 0 0 1 0.620 16.21 10.57
hero_pine_a 130.24 4.99 3092.47 0.56 0.99 0 0 1 0.340 17.00 4.12
hero_oak_c 138.98 5.46 3097.04 1.57 1.23 0 0 1 0.620 16.21 10.57
hero_pine_a -144.84 2.92 3106.30 0.87 1.00 0 0 1 0.340 17.00 4.12
hero_oak_b -125.76 6.84 3106.59 1.58 0.96 0 0 1 0.480 10.11 6.89
hero_birch_b -120.20 8.10 3103.00 3.29 0.98 0 0 1 0.220 14.31 7.20
hero_spruce_b -114.12 9.15 3103.82 2.23 1.23 0 0 1 0.320 13.00 3.84
hero_birch_b -100.37 11.24 3104.76 3.10 1.29 0 0 1 0.220 14.31 7.20
hero_pine_b -92.80 12.05 3107.82 3.88 0.99 0 0 1 0.300 14.00 4.13
hero_spruce_b -83.78 12.85 3101.73 0.16 1.02 0 0 1 0.320 13.00 3.84
hero_oak_a -80.11 12.93 3107.38 1.44 1.09 0 0 1 0.550 13.74 8.57
hero_oak_b -65.77 12.93 3107.31 6.24 1.22 0 0 1 0.480 10.11 6.89
hero_oak_b -57.78 12.51 3106.61 5.19 1.03 0 0 1 0.480 10.11 6.89
hero_oak_a -52.16 12.01 3104.30 2.35 1.02 0 0 1 0.550 13.74 8.57
hero_pine_a -40.68 10.63 3105.17 3.87 1.11 0 0 1 0.340 17.00 4.12
hero_spruce_b -34.75 9.76 3105.70 3.07 1.31 0 0 1 0.320 13.00 3.84
hero_birch_b -27.59 8.67 3106.56 5.87 1.06 0 0 1 0.220 14.31 7.20
hero_birch_b -15.15 6.40 3103.24 2.13 0.99 0 0 1 0.220 14.31 7.20
hero_spruce_b -11.62 5.91 3105.84 1.88 1.00 0 0 1 0.320 13.00 3.84
hero_oak_b -3.48 4.62 3107.70 0.15 1.04 0 0 1 0.480 10.11 6.89
hero_spruce_b 11.30 2.28 3104.39 0.28 1.03 0 0 1 0.320 13.00 3.84
hero_birch_b 19.75 1.36 3106.20 0.83 1.02 0 0 1 0.220 14.31 7.20
hero_birch_a 25.85 0.77 3106.11 0.35 1.20 0 0 1 0.200 13.23 4.86
hero_birch_b 33.20 0.18 3104.20 2.02 1.20 0 0 1 0.220 14.31 7.20
hero_spruce_b 42.76 -0.11 3107.27 2.19 1.07 0 0 1 0.320 13.00 3.84
hero_pine_b 52.87 -0.32 3101.13 2.74 1.25 0 0 1 0.300 14.00 4.13
hero_birch_b 56.20 -0.17 3106.98 4.56 1.24 0 0 1 0.220 14.31 7.20
hero_spruce_c 78.56 0.89 3104.19 5.21 1.27 0 0 1 0.420 19.00 3.91
hero_pine_b 87.80 1.62 3102.46 0.34 1.20 0 0 1 0.300 14.00 4.13
hero_spruce_c 91.23 1.89 3103.48 0.75 1.26 0 0 1 0.420 19.00 3.91
hero_oak_b 100.77 2.75 3101.12 5.80 1.17 0 0 1 0.480 10.11 6.89
hero_spruce_a 111.28 3.57 3106.43 1.16 1.21 0 0 1 0.380 16.00 3.90
hero_pine_a 115.42 3.97 3102.40 2.44 1.09 0 0 1 0.340 17.00 4.12
hero_pine_b 128.42 4.88 3107.84 5.25 1.22 0 0 1 0.300 14.00 4.13
hero_oak_b 132.74 5.17 3106.38 5.83 1.21 0 0 1 0.480 10.11 6.89
hero_pine_b 144.57 5.80 3102.33 3.66 1.06 0 0 1 0.300 14.00 4.13
hero_birch_a -139.28 3.75 3113.28 4.53 1.08 0 0 1 0.200 13.23 4.86
hero_pine_b -130.73 5.40 3116.24 2.97 1.25 0 0 1 0.300 14.00 4.13
hero_spruce_b -111.87 9.22 3112.58 0.79 1.02 0 0 1 0.320 13.00 3.84
hero_pine_b -103.35 10.56 3113.28 5.43 1.06 0 0 1 0.300 14.00 4.13
hero_pine_a -93.62 11.74 3114.34 4.45 1.21 0 0 1 0.340 17.00 4.12
hero_spruce_a -85.35 12.46 3114.32 2.56 1.25 0 0 1 0.380 16.00 3.90
hero_birch_b -75.52 12.95 3112.73 0.28 1.06 0 0 1 0.220 14.31 7.20
hero_pine_a -65.22 12.86 3112.38 2.10 1.25 0 0 1 0.340 17.00 4.12
hero_spruce_a -59.47 12.60 3109.72 2.76 1.34 0 0 1 0.380 16.00 3.90
hero_oak_c -49.97 11.85 3111.03 6.21 0.95 0 0 1 0.620 16.21 10.57
hero_pine_a -43.28 11.05 3110.04 4.00 1.30 0 0 1 0.340 17.00 4.12
hero_pine_b -31.40 9.41 3114.12 2.67 1.24 0 0 1 0.300 14.00 4.13
hero_birch_a -25.78 8.54 3114.40 2.63 1.01 0 0 1 0.200 13.23 4.86
hero_oak_b -19.08 7.37 3112.40 4.97 1.27 0 0 1 0.480 10.11 6.89
hero_oak_b -5.90 5.24 3115.26 2.47 1.03 0 0 1 0.480 10.11 6.89
hero_pine_b -0.31 4.24 3111.76 0.69 1.21 0 0 1 0.300 14.00 4.13
hero_spruce_c 7.07 3.22 3115.53 4.32 1.24 0 0 1 0.420 19.00 3.91
hero_oak_b 18.99 1.65 3112.18 1.23 1.09 0 0 1 0.480 10.11 6.89
hero_spruce_a 27.43 0.76 3109.44 5.29 1.08 0 0 1 0.380 16.00 3.90
hero_oak_a 44.71 -0.08 3111.79 4.29 1.10 0 0 1 0.550 13.74 8.57
hero_spruce_b 50.48 -0.15 3114.49 4.27 1.15 0 0 1 0.320 13.00 3.84
hero_spruce_b 57.60 -0.11 3110.15 0.49 1.17 0 0 1 0.320 13.00 3.84
hero_spruce_c 68.02 0.19 3112.75 1.10 1.32 0 0 1 0.420 19.00 3.91
hero_spruce_a 74.63 0.57 3111.74 2.18 1.15 0 0 1 0.380 16.00 3.90
hero_spruce_c 87.86 1.49 3111.80 3.93 1.09 0 0 1 0.420 19.00 3.91
hero_spruce_c 91.67 1.66 3116.37 4.89 1.07 0 0 1 0.420 19.00 3.91
hero_birch_a 104.57 2.74 3116.30 0.40 1.07 0 0 1 0.200 13.23 4.86
hero_pine_b 109.77 3.18 3116.02 3.70 1.27 0 0 1 0.300 14.00 4.13
hero_spruce_c 116.85 3.92 3112.52 5.83 0.99 0 0 1 0.420 19.00 3.91
hero_oak_c 128.33 4.82 3111.30 0.63 1.22 0 0 1 0.620 16.21 10.57
hero_oak_c 134.45 5.28 3110.74 1.60 0.96 0 0 1 0.620 16.21 10.57
hero_birch_a 143.12 5.80 3110.78 2.61 1.11 0 0 1 0.200 13.23 4.86
