# generated by a generate_*.py
mtllib shades.mtl
o shade_6
g part0
usemtl rust
v -0.13668 1.12214 0.03277
v -0.20560 1.10526 0.00772
v -0.23914 1.06253 -0.04435
v -0.22161 1.01393 -0.09905
v -0.16122 0.98221 -0.13081
v -0.08622 0.98221 -0.12475
v -0.03170 1.01393 -0.08372
v -0.02318 1.06253 -0.02691
v -0.06464 1.10526 0.01910
v -0.14158 1.03606 0.09342
v -0.20398 1.02019 0.07128
v -0.23443 0.98010 0.02544
v -0.21868 0.93456 -0.02265
v -0.16411 0.90486 -0.05049
v -0.09624 0.90492 -0.04506
v -0.04684 0.93470 -0.00889
v -0.03902 0.98026 0.04109
v -0.07644 1.02029 0.08149
v -0.14727 0.94570 0.16678
v -0.20287 0.93209 0.14656
v -0.22993 0.89760 0.10456
v -0.21579 0.85840 0.06042
v -0.16706 0.83281 0.03480
v -0.10655 0.83281 0.03969
v -0.06257 0.85840 0.07280
v -0.05569 0.89761 0.11863
v -0.08915 0.93209 0.15575
v -0.15301 0.83932 0.23248
v -0.20196 0.83172 0.21159
v -0.22524 0.81176 0.16744
v -0.21197 0.78878 0.12068
v -0.16835 0.77354 0.09320
v -0.11479 0.77317 0.09785
v -0.07635 0.78783 0.13246
v -0.07103 0.81068 0.18084
v -0.10130 0.83101 0.22034
v -0.15731 0.70628 0.24825
v -0.20034 0.71103 0.22780
v -0.21982 0.71998 0.18499
v -0.20663 0.72894 0.13984
v -0.16694 0.73371 0.11348
v -0.11933 0.73207 0.11825
v -0.08606 0.72479 0.15191
v -0.08272 0.71526 0.19871
v -0.11085 0.70795 0.23676
v -0.15670 0.58792 0.17393
v -0.19543 0.60001 0.15893
v -0.21272 0.62552 0.12857
v -0.20048 0.65250 0.09704
v -0.16444 0.66833 0.07912
v -0.12145 0.66561 0.08317
v -0.09164 0.64560 0.10731
v -0.08896 0.61767 0.14024
v -0.11465 0.59489 0.16655
v -0.15324 0.49018 0.05943
v -0.18868 0.50273 0.04715
v -0.20455 0.52950 0.02275
v -0.19344 0.55796 -0.00235
v -0.16054 0.57481 -0.01641
v -0.12124 0.57215 -0.01285
v -0.09394 0.55123 0.00667
v -0.09141 0.52184 0.03301
v -0.11483 0.49773 0.05384
v -0.14925 0.40210 -0.04802
v -0.18197 0.41259 -0.06055
v -0.19656 0.43521 -0.08533
v -0.18618 0.45938 -0.11075
v -0.15569 0.47378 -0.12493
v -0.11936 0.47168 -0.12123
v -0.09418 0.45407 -0.10138
v -0.09195 0.42917 -0.07467
v -0.11369 0.40865 -0.05360
v -0.14676 0.33241 -0.10369
v -0.17701 0.33711 -0.11894
v -0.18994 0.34784 -0.14874
v -0.17950 0.35957 -0.17912
v -0.15058 0.36683 -0.19588
v -0.11671 0.36622 -0.19117
v -0.09374 0.35801 -0.16720
v -0.09241 0.34606 -0.13518
v -0.11335 0.33595 -0.11010
v -0.14621 0.28053 -0.10413
v -0.17430 0.27588 -0.12006
v -0.18517 0.26852 -0.14992
v -0.17374 0.26188 -0.17975
v -0.14535 0.25908 -0.19559
v -0.11329 0.26143 -0.19002
v -0.09256 0.26782 -0.16565
v -0.09285 0.27527 -0.13389
v -0.11404 0.28029 -0.10959
v -0.14431 0.21857 -0.07432
v -0.17144 0.20942 -0.08826
v -0.18153 0.19382 -0.11413
v -0.16984 0.17906 -0.13982
v -0.14185 0.17205 -0.15331
v -0.11066 0.17607 -0.14829
v -0.09085 0.18925 -0.12711
v -0.09171 0.20540 -0.09968
v -0.11282 0.21699 -0.07883
v -0.14173 0.14747 -0.02533
v -0.16846 0.13792 -0.03875
v -0.17836 0.12155 -0.06365
v -0.16680 0.10603 -0.08837
v -0.13920 0.09862 -0.10136
v -0.10845 0.10278 -0.09652
v -0.08896 0.11658 -0.07614
v -0.08984 0.13354 -0.04974
v -0.11068 0.14575 -0.02967
v -0.13901 0.07218 0.01811
v -0.16523 0.06333 0.00463
v -0.17496 0.04824 -0.02038
v -0.16366 0.03398 -0.04521
v -0.13661 0.02721 -0.05824
v -0.10646 0.03111 -0.05338
v -0.08733 0.04384 -0.03290
v -0.08816 0.05946 -0.00639
v -0.10857 0.07065 0.01376
v -0.13668 1.12214 0.03277
v -0.20560 1.10526 0.00772
v -0.23914 1.06253 -0.04435
v -0.22161 1.01393 -0.09905
v -0.16122 0.98221 -0.13081
v -0.08622 0.98221 -0.12475
v -0.03170 1.01393 -0.08372
v -0.02318 1.06253 -0.02691
v -0.06464 1.10526 0.01910
v -0.13000 1.05000 -0.05000
v -0.13901 0.07218 0.01811
v -0.16523 0.06333 0.00463
v -0.17496 0.04824 -0.02038
v -0.16366 0.03398 -0.04521
v -0.13661 0.02721 -0.05824
v -0.10646 0.03111 -0.05338
v -0.08733 0.04384 -0.03290
v -0.08816 0.05946 -0.00639
v -0.10857 0.07065 0.01376
v -0.13000 0.05000 -0.02000
vn -0.0657 0.5772 0.8139
vn -0.6891 0.4253 0.5867
vn -0.9926 0.0402 0.1145
vn -0.8341 -0.3982 -0.3817
vn -0.2875 -0.6847 -0.6697
vn 0.3913 -0.6847 -0.6149
vn 0.8845 -0.3983 -0.2429
vn 0.9614 0.0401 0.2724
vn 0.5860 0.4252 0.6898
vn -0.0640 0.6060 0.7929
vn -0.6880 0.4473 0.5715
vn -0.9925 0.0465 0.1129
vn -0.8350 -0.4088 -0.3682
vn -0.2892 -0.7057 -0.6468
vn 0.3896 -0.7051 -0.5925
vn 0.8836 -0.4074 -0.2306
vn 0.9618 0.0481 0.2694
vn 0.5876 0.4484 0.6736
vn -0.0657 0.5785 0.8130
vn -0.6892 0.4279 0.5848
vn -0.9927 0.0414 0.1134
vn -0.8337 -0.4062 -0.3741
vn -0.2881 -0.7026 -0.6506
vn 0.3889 -0.7020 -0.5967
vn 0.8832 -0.4051 -0.2364
vn 0.9617 0.0418 0.2710
vn 0.5863 0.4277 0.6880
vn -0.0796 0.3241 0.9427
vn -0.6986 0.2398 0.6742
vn -0.9937 -0.0058 0.1122
vn -0.8229 -0.3383 -0.4565
vn -0.2731 -0.5984 -0.7532
vn 0.3917 -0.5962 -0.7008
vn 0.8863 -0.3412 -0.3131
vn 0.9594 -0.0186 0.2815
vn 0.5748 0.2283 0.7858
vn -0.1047 -0.2241 0.9689
vn -0.7190 -0.1732 0.6730
vn -0.9954 -0.0784 0.0552
vn -0.8067 0.0343 -0.5899
vn -0.2424 0.1198 -0.9627
vn 0.4358 0.0952 -0.8950
vn 0.9081 -0.0237 -0.4181
vn 0.9574 -0.1419 0.2515
vn 0.5582 -0.2142 0.8016
vn -0.1120 -0.6550 0.7472
vn -0.7239 -0.4747 0.5006
vn -0.9962 -0.0865 0.0078
vn -0.8031 0.3432 -0.4871
vn -0.2341 0.6096 -0.7573
vn 0.4454 0.5644 -0.6950
vn 0.9162 0.2319 -0.3269
vn 0.9586 -0.2089 0.1935
vn 0.5529 -0.5529 0.6234
vn -0.1093 -0.7640 0.6359
vn -0.7219 -0.5475 0.4232
vn -0.9964 -0.0854 0.0006
vn -0.8042 0.4067 -0.4333
vn -0.2355 0.6983 -0.6759
vn 0.4438 0.6523 -0.6144
vn 0.9158 0.2902 -0.2775
vn 0.9597 -0.2179 0.1778
vn 0.5548 -0.6340 0.5388
vn -0.1115 -0.7165 0.6886
vn -0.7233 -0.5137 0.4614
vn -0.9964 -0.0846 0.0047
vn -0.8022 0.3648 -0.4726
vn -0.2322 0.6291 -0.7419
vn 0.4466 0.5913 -0.6715
vn 0.9171 0.2673 -0.2959
vn 0.9589 -0.1990 0.2023
vn 0.5525 -0.5908 0.5880
vn -0.1325 -0.4181 0.8987
vn -0.7376 -0.3039 0.6030
vn -0.9972 -0.0735 0.0139
vn -0.7884 0.1580 -0.5945
vn -0.2101 0.2965 -0.9316
vn 0.4666 0.2872 -0.8366
vn 0.9258 0.1305 -0.3549
vn 0.9523 -0.1144 0.2828
vn 0.5340 -0.3393 0.7745
vn -0.1832 0.2419 0.9529
vn -0.7713 0.1167 0.6256
vn -0.9985 -0.0538 0.0033
vn -0.7596 -0.1769 -0.6259
vn -0.1650 -0.2176 -0.9620
vn 0.5074 -0.1741 -0.8439
vn 0.9427 -0.0618 -0.3280
vn 0.9365 0.0902 0.3389
vn 0.4915 0.2235 0.8417
vn -0.1999 0.4943 0.8460
vn -0.7825 0.2912 0.5504
vn -0.9988 -0.0479 -0.0028
vn -0.7481 -0.3601 -0.5574
vn -0.1472 -0.5051 -0.8504
vn 0.5228 -0.4209 -0.7413
vn 0.9483 -0.1446 -0.2824
vn 0.9300 0.2020 0.3070
vn 0.4764 0.4578 0.7506
vn -0.2009 0.5178 0.8316
vn -0.7832 0.3096 0.5393
vn -0.9989 -0.0470 -0.0031
vn -0.7471 -0.3851 -0.5418
vn -0.1456 -0.5466 -0.8246
vn 0.5241 -0.4558 -0.7194
vn 0.9487 -0.1553 -0.2752
vn 0.9296 0.2143 0.3000
vn 0.4755 0.4801 0.7371
vn -0.1999 0.4842 0.8518
vn -0.7825 0.2873 0.5524
vn -0.9988 -0.0481 -0.0031
vn -0.7477 -0.3650 -0.5547
vn -0.1466 -0.5152 -0.8444
vn 0.5233 -0.4288 -0.7364
vn 0.9485 -0.1459 -0.2813
vn 0.9299 0.2012 0.3078
vn 0.4764 0.4501 0.7552
vn 0.0528 0.7549 -0.6537
vn 0.0528 0.7549 -0.6537
vn 0.0528 0.7549 -0.6537
vn 0.0528 0.7549 -0.6537
vn 0.0528 0.7549 -0.6537
vn 0.0528 0.7549 -0.6537
vn 0.0528 0.7549 -0.6537
vn 0.0528 0.7549 -0.6537
vn 0.0528 0.7549 -0.6537
vn 0.0528 0.7549 -0.6537
vn 0.0293 -0.8609 0.5079
vn 0.0293 -0.8609 0.5079
vn 0.0293 -0.8609 0.5079
vn 0.0293 -0.8609 0.5079
vn 0.0293 -0.8609 0.5079
vn 0.0293 -0.8609 0.5079
vn 0.0293 -0.8609 0.5079
vn 0.0293 -0.8609 0.5079
vn 0.0293 -0.8609 0.5079
vn 0.0293 -0.8609 0.5079
f 1//1 2//2 11//11 10//10
f 2//2 3//3 12//12 11//11
f 3//3 4//4 13//13 12//12
f 4//4 5//5 14//14 13//13
f 5//5 6//6 15//15 14//14
f 6//6 7//7 16//16 15//15
f 7//7 8//8 17//17 16//16
f 8//8 9//9 18//18 17//17
f 9//9 1//1 10//10 18//18
f 10//10 11//11 20//20 19//19
f 11//11 12//12 21//21 20//20
f 12//12 13//13 22//22 21//21
f 13//13 14//14 23//23 22//22
f 14//14 15//15 24//24 23//23
f 15//15 16//16 25//25 24//24
f 16//16 17//17 26//26 25//25
f 17//17 18//18 27//27 26//26
f 18//18 10//10 19//19 27//27
f 19//19 20//20 29//29 28//28
f 20//20 21//21 30//30 29//29
f 21//21 22//22 31//31 30//30
f 22//22 23//23 32//32 31//31
f 23//23 24//24 33//33 32//32
f 24//24 25//25 34//34 33//33
f 25//25 26//26 35//35 34//34
f 26//26 27//27 36//36 35//35
f 27//27 19//19 28//28 36//36
f 28//28 29//29 38//38 37//37
f 29//29 30//30 39//39 38//38
f 30//30 31//31 40//40 39//39
f 31//31 32//32 41//41 40//40
f 32//32 33//33 42//42 41//41
f 33//33 34//34 43//43 42//42
f 34//34 35//35 44//44 43//43
f 35//35 36//36 45//45 44//44
f 36//36 28//28 37//37 45//45
f 37//37 38//38 47//47 46//46
f 38//38 39//39 48//48 47//47
f 39//39 40//40 49//49 48//48
f 40//40 41//41 50//50 49//49
f 41//41 42//42 51//51 50//50
f 42//42 43//43 52//52 51//51
f 43//43 44//44 53//53 52//52
f 44//44 45//45 54//54 53//53
f 45//45 37//37 46//46 54//54
f 46//46 47//47 56//56 55//55
f 47//47 48//48 57//57 56//56
f 48//48 49//49 58//58 57//57
f 49//49 50//50 59//59 58//58
f 50//50 51//51 60//60 59//59
f 51//51 52//52 61//61 60//60
f 52//52 53//53 62//62 61//61
f 53//53 54//54 63//63 62//62
f 54//54 46//46 55//55 63//63
f 55//55 56//56 65//65 64//64
f 56//56 57//57 66//66 65//65
f 57//57 58//58 67//67 66//66
f 58//58 59//59 68//68 67//67
f 59//59 60//60 69//69 68//68
f 60//60 61//61 70//70 69//69
f 61//61 62//62 71//71 70//70
f 62//62 63//63 72//72 71//71
f 63//63 55//55 64//64 72//72
f 64//64 65//65 74//74 73//73
f 65//65 66//66 75//75 74//74
f 66//66 67//67 76//76 75//75
f 67//67 68//68 77//77 76//76
f 68//68 69//69 78//78 77//77
f 69//69 70//70 79//79 78//78
f 70//70 71//71 80//80 79//79
f 71//71 72//72 81//81 80//80
f 72//72 64//64 73//73 81//81
f 73//73 74//74 83//83 82//82
f 74//74 75//75 84//84 83//83
f 75//75 76//76 85//85 84//84
f 76//76 77//77 86//86 85//85
f 77//77 78//78 87//87 86//86
f 78//78 79//79 88//88 87//87
f 79//79 80//80 89//89 88//88
f 80//80 81//81 90//90 89//89
f 81//81 73//73 82//82 90//90
f 82//82 83//83 92//92 91//91
f 83//83 84//84 93//93 92//92
f 84//84 85//85 94//94 93//93
f 85//85 86//86 95//95 94//94
f 86//86 87//87 96//96 95//95
f 87//87 88//88 97//97 96//96
f 88//88 89//89 98//98 97//97
f 89//89 90//90 99//99 98//98
f 90//90 82//82 91//91 99//99
f 91//91 92//92 101//101 100//100
f 92//92 93//93 102//102 101//101
f 93//93 94//94 103//103 102//102
f 94//94 95//95 104//104 103//103
f 95//95 96//96 105//105 104//104
f 96//96 97//97 106//106 105//105
f 97//97 98//98 107//107 106//106
f 98//98 99//99 108//108 107//107
f 99//99 91//91 100//100 108//108
f 100//100 101//101 110//110 109//109
f 101//101 102//102 111//111 110//110
f 102//102 103//103 112//112 111//111
f 103//103 104//104 113//113 112//112
f 104//104 105//105 114//114 113//113
f 105//105 106//106 115//115 114//114
f 106//106 107//107 116//116 115//115
f 107//107 108//108 117//117 116//116
f 108//108 100//100 109//109 117//117
f 119//119 127//127 118//118
f 120//120 127//127 119//119
f 121//121 127//127 120//120
f 122//122 127//127 121//121
f 123//123 127//127 122//122
f 124//124 127//127 123//123
f 125//125 127//127 124//124
f 126//126 127//127 125//125
f 118//118 127//127 126//126
f 129//129 137//137 128//128
f 130//130 137//137 129//129
f 131//131 137//137 130//130
f 132//132 137//137 131//131
f 133//133 137//137 132//132
f 134//134 137//137 133//133
f 135//135 137//137 134//134
f 136//136 137//137 135//135
f 128//128 137//137 136//136
g part1
usemtl rust
v 0.13668 1.12214 0.03277
v 0.06464 1.10526 0.01910
v 0.02318 1.06253 -0.02691
v 0.03170 1.01393 -0.08372
v 0.08622 0.98221 -0.12475
v 0.16122 0.98221 -0.13081
v 0.22161 1.01393 -0.09905
v 0.23914 1.06253 -0.04435
v 0.20560 1.10526 0.00772
v 0.14158 1.03606 0.09342
v 0.07644 1.02029 0.08149
v 0.03902 0.98026 0.04109
v 0.04684 0.93470 -0.00889
v 0.09624 0.90492 -0.04506
v 0.16411 0.90486 -0.05049
v 0.21868 0.93456 -0.02265
v 0.23443 0.98010 0.02544
v 0.20398 1.02019 0.07128
v 0.14727 0.94570 0.16678
v 0.08915 0.93209 0.15575
v 0.05569 0.89761 0.11863
v 0.06257 0.85840 0.07280
v 0.10655 0.83281 0.03969
v 0.16706 0.83281 0.03480
v 0.21579 0.85840 0.06042
v 0.22993 0.89760 0.10456
v 0.20287 0.93209 0.14656
v 0.15301 0.83932 0.23248
v 0.10130 0.83101 0.22034
v 0.07103 0.81068 0.18084
v 0.07635 0.78783 0.13246
v 0.11479 0.77317 0.09785
v 0.16835 0.77354 0.09320
v 0.21197 0.78878 0.12068
v 0.22524 0.81176 0.16744
v 0.20196 0.83172 0.21159
v 0.15731 0.70628 0.24825
v 0.11085 0.70795 0.23676
v 0.08272 0.71526 0.19871
v 0.08606 0.72479 0.15191
v 0.11933 0.73207 0.11825
v 0.16694 0.73371 0.11348
v 0.20663 0.72894 0.13984
v 0.21982 0.71998 0.18499
v 0.20034 0.71103 0.22780
v 0.15670 0.58792 0.17393
v 0.11465 0.59489 0.16655
v 0.08896 0.61767 0.14024
v 0.09164 0.64560 0.10731
v 0.12145 0.66561 0.08317
v 0.16444 0.66833 0.07912
v 0.20048 0.65250 0.09704
v 0.21272 0.62552 0.12857
v 0.19543 0.60001 0.15893
v 0.15324 0.49018 0.05943
v 0.11483 0.49773 0.05384
v 0.09141 0.52184 0.03301
v 0.09394 0.55123 0.00667
v 0.12124 0.57215 -0.01285
v 0.16054 0.57481 -0.01641
v 0.19344 0.55796 -0.00235
v 0.20455 0.52950 0.02275
v 0.18868 0.50273 0.04715
v 0.14925 0.40210 -0.04802
v 0.11369 0.40865 -0.05360
v 0.09195 0.42917 -0.07467
v 0.09418 0.45407 -0.10138
v 0.11936 0.47168 -0.12123
v 0.15569 0.47378 -0.12493
v 0.18618 0.45938 -0.11075
v 0.19656 0.43521 -0.08533
v 0.18197 0.41259 -0.06055
v 0.14676 0.33241 -0.10369
v 0.11335 0.33595 -0.11010
v 0.09241 0.34606 -0.13518
v 0.09374 0.35801 -0.16720
v 0.11671 0.36622 -0.19117
v 0.15058 0.36683 -0.19588
v 0.17950 0.35957 -0.17912
v 0.18994 0.34784 -0.14874
v 0.17701 0.33711 -0.11894
v 0.14621 0.28053 -0.10413
v 0.11404 0.28029 -0.10959
v 0.09285 0.27527 -0.13389
v 0.09256 0.26782 -0.16565
v 0.11329 0.26143 -0.19002
v 0.14535 0.25908 -0.19559
v 0.17374 0.26188 -0.17975
v 0.18517 0.26852 -0.14992
v 0.17430 0.27588 -0.12006
v 0.14431 0.21857 -0.07432
v 0.11282 0.21699 -0.07883
v 0.09171 0.20540 -0.09968
v 0.09085 0.18925 -0.12711
v 0.11066 0.17607 -0.14829
v 0.14185 0.17205 -0.15331
v 0.16984 0.17906 -0.13982
v 0.18153 0.19382 -0.11413
v 0.17144 0.20942 -0.08826
v 0.14173 0.14747 -0.02533
v 0.11068 0.14575 -0.02967
v 0.08984 0.13354 -0.04974
v 0.08896 0.11658 -0.07614
v 0.10845 0.10278 -0.09652
v 0.13920 0.09862 -0.10136
v 0.16680 0.10603 -0.08837
v 0.17836 0.12155 -0.06365
v 0.16846 0.13792 -0.03875
v 0.13901 0.07218 0.01811
v 0.10857 0.07065 0.01376
v 0.08816 0.05946 -0.00639
v 0.08733 0.04384 -0.03290
v 0.10646 0.03111 -0.05338
v 0.13661 0.02721 -0.05824
v 0.16366 0.03398 -0.04521
v 0.17496 0.04824 -0.02038
v 0.16523 0.06333 0.00463
v 0.13668 1.12214 0.03277
v 0.06464 1.10526 0.01910
v 0.02318 1.06253 -0.02691
v 0.03170 1.01393 -0.08372
v 0.08622 0.98221 -0.12475
v 0.16122 0.98221 -0.13081
v 0.22161 1.01393 -0.09905
v 0.23914 1.06253 -0.04435
v 0.20560 1.10526 0.00772
v 0.13000 1.05000 -0.05000
v 0.13901 0.07218 0.01811
v 0.10857 0.07065 0.01376
v 0.08816 0.05946 -0.00639
v 0.08733 0.04384 -0.03290
v 0.10646 0.03111 -0.05338
v 0.13661 0.02721 -0.05824
v 0.16366 0.03398 -0.04521
v 0.17496 0.04824 -0.02038
v 0.16523 0.06333 0.00463
v 0.13000 0.05000 -0.02000
vn 0.0657 0.5772 0.8139
vn -0.5860 0.4252 0.6898
vn -0.9614 0.0401 0.2724
vn -0.8845 -0.3983 -0.2429
vn -0.3913 -0.6847 -0.6149
vn 0.2875 -0.6847 -0.6697
vn 0.8341 -0.3982 -0.3817
vn 0.9926 0.0402 0.1145
vn 0.6891 0.4253 0.5867
vn 0.0640 0.6060 0.7929
vn -0.5876 0.4484 0.6736
vn -0.9618 0.0481 0.2694
vn -0.8836 -0.4074 -0.2306
vn -0.3896 -0.7051 -0.5925
vn 0.2892 -0.7057 -0.6468
vn 0.8350 -0.4088 -0.3682
vn 0.9925 0.0465 0.1129
vn 0.6880 0.4473 0.5715
vn 0.0657 0.5785 0.8130
vn -0.5863 0.4277 0.6880
vn -0.9617 0.0418 0.2710
vn -0.8832 -0.4051 -0.2364
vn -0.3889 -0.7020 -0.5967
vn 0.2881 -0.7026 -0.6506
vn 0.8337 -0.4062 -0.3741
vn 0.9927 0.0414 0.1134
vn 0.6892 0.4279 0.5848
vn 0.0796 0.3241 0.9427
vn -0.5748 0.2283 0.7858
vn -0.9594 -0.0186 0.2815
vn -0.8863 -0.3412 -0.3131
vn -0.3917 -0.5962 -0.7008
vn 0.2731 -0.5984 -0.7532
vn 0.8229 -0.3383 -0.4565
vn 0.9937 -0.0058 0.1122
vn 0.6986 0.2398 0.6742
vn 0.1047 -0.2241 0.9689
vn -0.5582 -0.2142 0.8016
vn -0.9574 -0.1419 0.2515
vn -0.9081 -0.0237 -0.4181
vn -0.4358 0.0952 -0.8950
vn 0.2424 0.1198 -0.9627
vn 0.8067 0.0343 -0.5899
vn 0.9954 -0.0784 0.0552
vn 0.7190 -0.1732 0.6730
vn 0.1120 -0.6550 0.7472
vn -0.5529 -0.5529 0.6234
vn -0.9586 -0.2089 0.1935
vn -0.9162 0.2319 -0.3269
vn -0.4454 0.5644 -0.6950
vn 0.2341 0.6096 -0.7573
vn 0.8031 0.3432 -0.4871
vn 0.9962 -0.0865 0.0078
vn 0.7239 -0.4747 0.5006
vn 0.1093 -0.7640 0.6359
vn -0.5548 -0.6340 0.5388
vn -0.9597 -0.2179 0.1778
vn -0.9158 0.2902 -0.2775
vn -0.4438 0.6523 -0.6144
vn 0.2355 0.6983 -0.6759
vn 0.8042 0.4067 -0.4333
vn 0.9964 -0.0854 0.0006
vn 0.7219 -0.5475 0.4232
vn 0.1115 -0.7165 0.6886
vn -0.5525 -0.5908 0.5880
vn -0.9589 -0.1990 0.2023
vn -0.9171 0.2673 -0.2959
vn -0.4466 0.5913 -0.6715
vn 0.2322 0.6291 -0.7419
vn 0.8022 0.3648 -0.4726
vn 0.9964 -0.0846 0.0047
vn 0.7233 -0.5137 0.4614
vn 0.1325 -0.4181 0.8987
vn -0.5340 -0.3393 0.7745
vn -0.9523 -0.1144 0.2828
vn -0.9258 0.1305 -0.3549
vn -0.4666 0.2872 -0.8366
vn 0.2101 0.2965 -0.9316
vn 0.7884 0.1580 -0.5945
vn 0.9972 -0.0735 0.0139
vn 0.7376 -0.3039 0.6030
vn 0.1832 0.2419 0.9529
vn -0.4915 0.2235 0.8417
vn -0.9365 0.0902 0.3389
vn -0.9427 -0.0618 -0.3280
vn -0.5074 -0.1741 -0.8439
vn 0.1650 -0.2176 -0.9620
vn 0.7596 -0.1769 -0.6259
vn 0.9985 -0.0538 0.0033
vn 0.7713 0.1167 0.6256
vn 0.1999 0.4943 0.8460
vn -0.4764 0.4578 0.7506
vn -0.9300 0.2020 0.3070
vn -0.9483 -0.1446 -0.2824
vn -0.5228 -0.4209 -0.7413
vn 0.1472 -0.5051 -0.8504
vn 0.7481 -0.3601 -0.5574
vn 0.9988 -0.0479 -0.0028
vn 0.7825 0.2912 0.5504
vn 0.2009 0.5178 0.8316
vn -0.4755 0.4801 0.7371
vn -0.9296 0.2143 0.3000
vn -0.9487 -0.1553 -0.2752
vn -0.5241 -0.4558 -0.7194
vn 0.1456 -0.5466 -0.8246
vn 0.7471 -0.3851 -0.5418
vn 0.9989 -0.0470 -0.0031
vn 0.7832 0.3096 0.5393
vn 0.1999 0.4842 0.8518
vn -0.4764 0.4501 0.7552
vn -0.9299 0.2012 0.3078
vn -0.9485 -0.1459 -0.2813
vn -0.5233 -0.4288 -0.7364
vn 0.1466 -0.5152 -0.8444
vn 0.7477 -0.3650 -0.5547
vn 0.9988 -0.0481 -0.0031
vn 0.7825 0.2873 0.5524
vn -0.0528 0.7549 -0.6537
vn -0.0528 0.7549 -0.6537
vn -0.0528 0.7549 -0.6537
vn -0.0528 0.7549 -0.6537
vn -0.0528 0.7549 -0.6537
vn -0.0528 0.7549 -0.6537
vn -0.0528 0.7549 -0.6537
vn -0.0528 0.7549 -0.6537
vn -0.0528 0.7549 -0.6537
vn -0.0528 0.7549 -0.6537
vn -0.0293 -0.8609 0.5079
vn -0.0293 -0.8609 0.5079
vn -0.0293 -0.8609 0.5079
vn -0.0293 -0.8609 0.5079
vn -0.0293 -0.8609 0.5079
vn -0.0293 -0.8609 0.5079
vn -0.0293 -0.8609 0.5079
vn -0.0293 -0.8609 0.5079
vn -0.0293 -0.8609 0.5079
vn -0.0293 -0.8609 0.5079
f 138//138 139//139 148//148 147//147
f 139//139 140//140 149//149 148//148
f 140//140 141//141 150//150 149//149
f 141//141 142//142 151//151 150//150
f 142//142 143//143 152//152 151//151
f 143//143 144//144 153//153 152//152
f 144//144 145//145 154//154 153//153
f 145//145 146//146 155//155 154//154
f 146//146 138//138 147//147 155//155
f 147//147 148//148 157//157 156//156
f 148//148 149//149 158//158 157//157
f 149//149 150//150 159//159 158//158
f 150//150 151//151 160//160 159//159
f 151//151 152//152 161//161 160//160
f 152//152 153//153 162//162 161//161
f 153//153 154//154 163//163 162//162
f 154//154 155//155 164//164 163//163
f 155//155 147//147 156//156 164//164
f 156//156 157//157 166//166 165//165
f 157//157 158//158 167//167 166//166
f 158//158 159//159 168//168 167//167
f 159//159 160//160 169//169 168//168
f 160//160 161//161 170//170 169//169
f 161//161 162//162 171//171 170//170
f 162//162 163//163 172//172 171//171
f 163//163 164//164 173//173 172//172
f 164//164 156//156 165//165 173//173
f 165//165 166//166 175//175 174//174
f 166//166 167//167 176//176 175//175
f 167//167 168//168 177//177 176//176
f 168//168 169//169 178//178 177//177
f 169//169 170//170 179//179 178//178
f 170//170 171//171 180//180 179//179
f 171//171 172//172 181//181 180//180
f 172//172 173//173 182//182 181//181
f 173//173 165//165 174//174 182//182
f 174//174 175//175 184//184 183//183
f 175//175 176//176 185//185 184//184
f 176//176 177//177 186//186 185//185
f 177//177 178//178 187//187 186//186
f 178//178 179//179 188//188 187//187
f 179//179 180//180 189//189 188//188
f 180//180 181//181 190//190 189//189
f 181//181 182//182 191//191 190//190
f 182//182 174//174 183//183 191//191
f 183//183 184//184 193//193 192//192
f 184//184 185//185 194//194 193//193
f 185//185 186//186 195//195 194//194
f 186//186 187//187 196//196 195//195
f 187//187 188//188 197//197 196//196
f 188//188 189//189 198//198 197//197
f 189//189 190//190 199//199 198//198
f 190//190 191//191 200//200 199//199
f 191//191 183//183 192//192 200//200
f 192//192 193//193 202//202 201//201
f 193//193 194//194 203//203 202//202
f 194//194 195//195 204//204 203//203
f 195//195 196//196 205//205 204//204
f 196//196 197//197 206//206 205//205
f 197//197 198//198 207//207 206//206
f 198//198 199//199 208//208 207//207
f 199//199 200//200 209//209 208//208
f 200//200 192//192 201//201 209//209
f 201//201 202//202 211//211 210//210
f 202//202 203//203 212//212 211//211
f 203//203 204//204 213//213 212//212
f 204//204 205//205 214//214 213//213
f 205//205 206//206 215//215 214//214
f 206//206 207//207 216//216 215//215
f 207//207 208//208 217//217 216//216
f 208//208 209//209 218//218 217//217
f 209//209 201//201 210//210 218//218
f 210//210 211//211 220//220 219//219
f 211//211 212//212 221//221 220//220
f 212//212 213//213 222//222 221//221
f 213//213 214//214 223//223 222//222
f 214//214 215//215 224//224 223//223
f 215//215 216//216 225//225 224//224
f 216//216 217//217 226//226 225//225
f 217//217 218//218 227//227 226//226
f 218//218 210//210 219//219 227//227
f 219//219 220//220 229//229 228//228
f 220//220 221//221 230//230 229//229
f 221//221 222//222 231//231 230//230
f 222//222 223//223 232//232 231//231
f 223//223 224//224 233//233 232//232
f 224//224 225//225 234//234 233//233
f 225//225 226//226 235//235 234//234
f 226//226 227//227 236//236 235//235
f 227//227 219//219 228//228 236//236
f 228//228 229//229 238//238 237//237
f 229//229 230//230 239//239 238//238
f 230//230 231//231 240//240 239//239
f 231//231 232//232 241//241 240//240
f 232//232 233//233 242//242 241//241
f 233//233 234//234 243//243 242//242
f 234//234 235//235 244//244 243//243
f 235//235 236//236 245//245 244//244
f 236//236 228//228 237//237 245//245
f 237//237 238//238 247//247 246//246
f 238//238 239//239 248//248 247//247
f 239//239 240//240 249//249 248//248
f 240//240 241//241 250//250 249//249
f 241//241 242//242 251//251 250//250
f 242//242 243//243 252//252 251//251
f 243//243 244//244 253//253 252//252
f 244//244 245//245 254//254 253//253
f 245//245 237//237 246//246 254//254
f 256//256 264//264 255//255
f 257//257 264//264 256//256
f 258//258 264//264 257//257
f 259//259 264//264 258//258
f 260//260 264//264 259//259
f 261//261 264//264 260//260
f 262//262 264//264 261//261
f 263//263 264//264 262//262
f 255//255 264//264 263//263
f 266//266 274//274 265//265
f 267//267 274//274 266//266
f 268//268 274//274 267//267
f 269//269 274//274 268//268
f 270//270 274//274 269//269
f 271//271 274//274 270//270
f 272//272 274//274 271//271
f 273//273 274//274 272//272
f 265//265 274//274 273//273
g part2
usemtl bone
v -0.13000 0.08000 0.00000
v -0.13000 0.08000 0.00000
v -0.13000 0.08000 0.00000
v -0.13000 0.08000 0.00000
v -0.13000 0.08000 0.00000
v -0.13000 0.08000 0.00000
v -0.13000 0.08000 0.00000
v -0.13000 0.08000 0.00000
v -0.13000 0.07464 0.03000
v -0.11232 0.07464 0.02121
v -0.10500 0.07464 0.00000
v -0.11232 0.07464 -0.02121
v -0.13000 0.07464 -0.03000
v -0.14768 0.07464 -0.02121
v -0.15500 0.07464 -0.00000
v -0.14768 0.07464 0.02121
v -0.13000 0.06000 0.05196
v -0.09938 0.06000 0.03674
v -0.08670 0.06000 0.00000
v -0.09938 0.06000 -0.03674
v -0.13000 0.06000 -0.05196
v -0.16062 0.06000 -0.03674
v -0.17330 0.06000 -0.00000
v -0.16062 0.06000 0.03674
v -0.13000 0.04000 0.06000
v -0.09464 0.04000 0.04243
v -0.08000 0.04000 0.00000
v -0.09464 0.04000 -0.04243
v -0.13000 0.04000 -0.06000
v -0.16536 0.04000 -0.04243
v -0.18000 0.04000 -0.00000
v -0.16536 0.04000 0.04243
v -0.13000 0.02000 0.05196
v -0.09938 0.02000 0.03674
v -0.08670 0.02000 0.00000
v -0.09938 0.02000 -0.03674
v -0.13000 0.02000 -0.05196
v -0.16062 0.02000 -0.03674
v -0.17330 0.02000 -0.00000
v -0.16062 0.02000 0.03674
v -0.13000 0.00536 0.03000
v -0.11232 0.00536 0.02121
v -0.10500 0.00536 0.00000
v -0.11232 0.00536 -0.02121
v -0.13000 0.00536 -0.03000
v -0.14768 0.00536 -0.02121
v -0.15500 0.00536 -0.00000
v -0.14768 0.00536 0.02121
v -0.13000 0.00000 0.00000
v -0.13000 0.00000 0.00000
v -0.13000 0.00000 0.00000
v -0.13000 0.00000 -0.00000
v -0.13000 0.00000 -0.00000
v -0.13000 0.00000 -0.00000
v -0.13000 0.00000 -0.00000
v -0.13000 0.00000 0.00000
vn 0.0000 1.0000 0.0000
vn 0.0000 1.0000 0.0000
vn 0.0000 1.0000 0.0000
vn 0.0000 1.0000 -0.0000
vn 0.0000 1.0000 -0.0000
vn -0.0000 1.0000 -0.0000
vn -0.0000 1.0000 -0.0000
vn -0.0000 1.0000 0.0000
vn 0.0000 0.9333 0.3592
vn 0.3006 0.9203 0.2505
vn 0.4193 0.9078 0.0000
vn 0.3006 0.9203 -0.2505
vn 0.0000 0.9333 -0.3592
vn -0.3006 0.9203 -0.2505
vn -0.4193 0.9078 -0.0000
vn -0.3006 0.9203 0.2505
vn 0.0000 0.6547 0.7559
vn 0.6046 0.6170 0.5038
vn 0.8109 0.5852 0.0000
vn 0.6046 0.6170 -0.5038
vn 0.0000 0.6547 -0.7559
vn -0.6046 0.6170 -0.5038
vn -0.8109 0.5852 -0.0000
vn -0.6046 0.6170 0.5038
vn 0.0000 0.0000 1.0000
vn 0.7682 0.0000 0.6402
vn 1.0000 0.0000 0.0000
vn 0.7682 0.0000 -0.6402
vn 0.0000 0.0000 -1.0000
vn -0.7682 0.0000 -0.6402
vn -1.0000 0.0000 -0.0000
vn -0.7682 0.0000 0.6402
vn 0.0000 -0.6547 0.7559
vn 0.6046 -0.6170 0.5038
vn 0.8109 -0.5852 0.0000
vn 0.6046 -0.6170 -0.5038
vn 0.0000 -0.6547 -0.7559
vn -0.6046 -0.6170 -0.5038
vn -0.8109 -0.5852 -0.0000
vn -0.6046 -0.6170 0.5038
vn 0.0000 -0.9333 0.3592
vn 0.3006 -0.9203 0.2505
vn 0.4193 -0.9078 0.0000
vn 0.3006 -0.9203 -0.2505
vn 0.0000 -0.9333 -0.3592
vn -0.3006 -0.9203 -0.2505
vn -0.4193 -0.9078 -0.0000
vn -0.3006 -0.9203 0.2505
vn 0.0000 -1.0000 0.0000
vn 0.0000 -1.0000 0.0000
vn 0.0000 -1.0000 0.0000
vn 0.0000 -1.0000 -0.0000
vn 0.0000 -1.0000 -0.0000
vn -0.0000 -1.0000 -0.0000
vn -0.0000 -1.0000 -0.0000
vn -0.0000 -1.0000 0.0000
f 283//283 284//284 276//276 275//275
f 284//284 285//285 277//277 276//276
f 285//285 286//286 278//278 277//277
f 286//286 287//287 279//279 278//278
f 287//287 288//288 280//280 279//279
f 288//288 289//289 281//281 280//280
f 289//289 290//290 282//282 281//281
f 290//290 283//283 275//275 282//282
f 291//291 292//292 284//284 283//283
f 292//292 293//293 285//285 284//284
f 293//293 294//294 286//286 285//285
f 294//294 295//295 287//287 286//286
f 295//295 296//296 288//288 287//287
f 296//296 297//297 289//289 288//288
f 297//297 298//298 290//290 289//289
f 298//298 291//291 283//283 290//290
f 299//299 300//300 292//292 291//291
f 300//300 301//301 293//293 292//292
f 301//301 302//302 294//294 293//293
f 302//302 303//303 295//295 294//294
f 303//303 304//304 296//296 295//295
f 304//304 305//305 297//297 296//296
f 305//305 306//306 298//298 297//297
f 306//306 299//299 291//291 298//298
f 307//307 308//308 300//300 299//299
f 308//308 309//309 301//301 300//300
f 309//309 310//310 302//302 301//301
f 310//310 311//311 303//303 302//302
f 311//311 312//312 304//304 303//303
f 312//312 313//313 305//305 304//304
f 313//313 314//314 306//306 305//305
f 314//314 307//307 299//299 306//306
f 315//315 316//316 308//308 307//307
f 316//316 317//317 309//309 308//308
f 317//317 318//318 310//310 309//309
f 318//318 319//319 311//311 310//310
f 319//319 320//320 312//312 311//311
f 320//320 321//321 313//313 312//312
f 321//321 322//322 314//314 313//313
f 322//322 315//315 307//307 314//314
f 323//323 324//324 316//316 315//315
f 324//324 325//325 317//317 316//316
f 325//325 326//326 318//318 317//317
f 326//326 327//327 319//319 318//318
f 327//327 328//328 320//320 319//319
f 328//328 329//329 321//321 320//320
f 329//329 330//330 322//322 321//321
f 330//330 323//323 315//315 322//322
g part3
usemtl bone
v 0.13000 0.08000 0.00000
v 0.13000 0.08000 0.00000
v 0.13000 0.08000 0.00000
v 0.13000 0.08000 0.00000
v 0.13000 0.08000 0.00000
v 0.13000 0.08000 0.00000
v 0.13000 0.08000 0.00000
v 0.13000 0.08000 0.00000
v 0.13000 0.07464 0.03000
v 0.14768 0.07464 0.02121
v 0.15500 0.07464 0.00000
v 0.14768 0.07464 -0.02121
v 0.13000 0.07464 -0.03000
v 0.11232 0.07464 -0.02121
v 0.10500 0.07464 -0.00000
v 0.11232 0.07464 0.02121
v 0.13000 0.06000 0.05196
v 0.16062 0.06000 0.03674
v 0.17330 0.06000 0.00000
v 0.16062 0.06000 -0.03674
v 0.13000 0.06000 -0.05196
v 0.09938 0.06000 -0.03674
v 0.08670 0.06000 -0.00000
v 0.09938 0.06000 0.03674
v 0.13000 0.04000 0.06000
v 0.16536 0.04000 0.04243
v 0.18000 0.04000 0.00000
v 0.16536 0.04000 -0.04243
v 0.13000 0.04000 -0.06000
v 0.09464 0.04000 -0.04243
v 0.08000 0.04000 -0.00000
v 0.09464 0.04000 0.04243
v 0.13000 0.02000 0.05196
v 0.16062 0.02000 0.03674
v 0.17330 0.02000 0.00000
v 0.16062 0.02000 -0.03674
v 0.13000 0.02000 -0.05196
v 0.09938 0.02000 -0.03674
v 0.08670 0.02000 -0.00000
v 0.09938 0.02000 0.03674
v 0.13000 0.00536 0.03000
v 0.14768 0.00536 0.02121
v 0.15500 0.00536 0.00000
v 0.14768 0.00536 -0.02121
v 0.13000 0.00536 -0.03000
v 0.11232 0.00536 -0.02121
v 0.10500 0.00536 -0.00000
v 0.11232 0.00536 0.02121
v 0.13000 0.00000 0.00000
v 0.13000 0.00000 0.00000
v 0.13000 0.00000 0.00000
v 0.13000 0.00000 -0.00000
v 0.13000 0.00000 -0.00000
v 0.13000 0.00000 -0.00000
v 0.13000 0.00000 -0.00000
v 0.13000 0.00000 0.00000
vn 0.0000 1.0000 0.0000
vn 0.0000 1.0000 0.0000
vn 0.0000 1.0000 0.0000
vn 0.0000 1.0000 -0.0000
vn 0.0000 1.0000 -0.0000
vn -0.0000 1.0000 -0.0000
vn -0.0000 1.0000 -0.0000
vn -0.0000 1.0000 0.0000
vn 0.0000 0.9333 0.3592
vn 0.3006 0.9203 0.2505
vn 0.4193 0.9078 0.0000
vn 0.3006 0.9203 -0.2505
vn 0.0000 0.9333 -0.3592
vn -0.3006 0.9203 -0.2505
vn -0.4193 0.9078 -0.0000
vn -0.3006 0.9203 0.2505
vn 0.0000 0.6547 0.7559
vn 0.6046 0.6170 0.5038
vn 0.8109 0.5852 0.0000
vn 0.6046 0.6170 -0.5038
vn 0.0000 0.6547 -0.7559
vn -0.6046 0.6170 -0.5038
vn -0.8109 0.5852 -0.0000
vn -0.6046 0.6170 0.5038
vn 0.0000 0.0000 1.0000
vn 0.7682 0.0000 0.6402
vn 1.0000 0.0000 0.0000
vn 0.7682 0.0000 -0.6402
vn 0.0000 0.0000 -1.0000
vn -0.7682 0.0000 -0.6402
vn -1.0000 0.0000 -0.0000
vn -0.7682 0.0000 0.6402
vn 0.0000 -0.6547 0.7559
vn 0.6046 -0.6170 0.5038
vn 0.8109 -0.5852 0.0000
vn 0.6046 -0.6170 -0.5038
vn 0.0000 -0.6547 -0.7559
vn -0.6046 -0.6170 -0.5038
vn -0.8109 -0.5852 -0.0000
vn -0.6046 -0.6170 0.5038
vn 0.0000 -0.9333 0.3592
vn 0.3006 -0.9203 0.2505
vn 0.4193 -0.9078 0.0000
vn 0.3006 -0.9203 -0.2505
vn 0.0000 -0.9333 -0.3592
vn -0.3006 -0.9203 -0.2505
vn -0.4193 -0.9078 -0.0000
vn -0.3006 -0.9203 0.2505
vn 0.0000 -1.0000 0.0000
vn 0.0000 -1.0000 0.0000
vn 0.0000 -1.0000 0.0000
vn 0.0000 -1.0000 -0.0000
vn 0.0000 -1.0000 -0.0000
vn -0.0000 -1.0000 -0.0000
vn -0.0000 -1.0000 -0.0000
vn -0.0000 -1.0000 0.0000
f 339//339 340//340 332//332 331//331
f 340//340 341//341 333//333 332//332
f 341//341 342//342 334//334 333//333
f 342//342 343//343 335//335 334//334
f 343//343 344//344 336//336 335//335
f 344//344 345//345 337//337 336//336
f 345//345 346//346 338//338 337//337
f 346//346 339//339 331//331 338//338
f 347//347 348//348 340//340 339//339
f 348//348 349//349 341//341 340//340
f 349//349 350//350 342//342 341//341
f 350//350 351//351 343//343 342//342
f 351//351 352//352 344//344 343//343
f 352//352 353//353 345//345 344//344
f 353//353 354//354 346//346 345//345
f 354//354 347//347 339//339 346//346
f 355//355 356//356 348//348 347//347
f 356//356 357//357 349//349 348//348
f 357//357 358//358 350//350 349//349
f 358//358 359//359 351//351 350//350
f 359//359 360//360 352//352 351//351
f 360//360 361//361 353//353 352//352
f 361//361 362//362 354//354 353//353
f 362//362 355//355 347//347 354//354
f 363//363 364//364 356//356 355//355
f 364//364 365//365 357//357 356//356
f 365//365 366//366 358//358 357//357
f 366//366 367//367 359//359 358//358
f 367//367 368//368 360//360 359//359
f 368//368 369//369 361//361 360//360
f 369//369 370//370 362//362 361//361
f 370//370 363//363 355//355 362//362
f 371//371 372//372 364//364 363//363
f 372//372 373//373 365//365 364//364
f 373//373 374//374 366//366 365//365
f 374//374 375//375 367//367 366//366
f 375//375 376//376 368//368 367//367
f 376//376 377//377 369//369 368//368
f 377//377 378//378 370//370 369//369
f 378//378 371//371 363//363 370//370
f 379//379 380//380 372//372 371//371
f 380//380 381//381 373//373 372//372
f 381//381 382//382 374//374 373//373
f 382//382 383//383 375//375 374//374
f 383//383 384//384 376//376 375//375
f 384//384 385//385 377//377 376//376
f 385//385 386//386 378//378 377//377
f 386//386 379//379 371//371 378//378
g part4
usemtl rust
v 0.00000 1.20092 -0.05000
v 0.00000 1.20092 -0.05000
v 0.00000 1.20092 -0.05000
v 0.00000 1.20092 -0.05000
v 0.00000 1.20092 -0.05000
v 0.00000 1.20092 -0.05000
v 0.00000 1.20092 -0.05000
v 0.00000 1.20092 -0.05000
v 0.00000 1.20092 -0.05000
v 0.00000 1.20092 -0.05000
v 0.00000 1.20092 -0.05000
v 0.00000 1.20092 -0.05000
v 0.00000 1.20092 -0.05000
v 0.00000 1.20092 -0.05000
v 0.00000 1.20092 -0.05000
v 0.00000 1.20092 -0.05000
v 0.00000 1.20092 -0.05000
v 0.00000 1.20092 -0.05000
v 0.00000 1.19757 -0.01587
v 0.01612 1.19724 -0.01802
v 0.03016 1.19674 -0.02404
v 0.04041 1.19609 -0.03315
v 0.04579 1.19568 -0.04417
v 0.04581 1.19575 -0.05583
v 0.04036 1.19596 -0.06683
v 0.02992 1.19581 -0.07575
v 0.01584 1.19525 -0.08144
v 0.00000 1.19479 -0.08332
v -0.01580 1.19493 -0.08135
v -0.02987 1.19564 -0.07571
v -0.04055 1.19649 -0.06691
v -0.04637 1.19714 -0.05590
v -0.04656 1.19762 -0.04407
v -0.04107 1.19799 -0.03287
v -0.03051 1.19810 -0.02374
v -0.01621 1.19788 -0.01784
v 0.00000 1.18044 0.01282
v 0.03050 1.18299 0.01053
v 0.05785 1.18392 -0.00021
v 0.07534 1.18045 -0.01859
v 0.08360 1.17802 -0.03935
v 0.08614 1.18101 -0.06097
v 0.07943 1.18591 -0.08312
v 0.05912 1.18621 -0.10089
v 0.03019 1.18192 -0.10990
v 0.00000 1.17833 -0.11150
v -0.02913 1.17835 -0.10781
v -0.05672 1.18189 -0.09882
v -0.07828 1.18437 -0.08264
v -0.08743 1.18251 -0.06113
v -0.08619 1.18106 -0.03902
v -0.07736 1.18315 -0.01774
v -0.05785 1.18393 -0.00021
v -0.03001 1.18133 0.00955
v 0.00000 1.15881 0.03538
v 0.04361 1.16500 0.03653
v 0.08624 1.16945 0.02423
v 0.10885 1.16379 -0.00461
v 0.11783 1.15977 -0.03499
v 0.12301 1.16327 -0.06567
v 0.11717 1.17020 -0.09886
v 0.08695 1.17018 -0.12484
v 0.04356 1.16491 -0.13644
v 0.00000 1.16368 -0.14065
v -0.04254 1.16292 -0.13441
v -0.08349 1.16660 -0.12186
v -0.11660 1.16976 -0.09862
v -0.12229 1.16278 -0.06557
v -0.11550 1.15818 -0.03529
v -0.10896 1.16388 -0.00457
v -0.08326 1.16636 0.02167
v -0.04114 1.16020 0.03164
v 0.00000 1.13938 0.06143
v 0.05358 1.14030 0.05632
v 0.10280 1.14156 0.03848
v 0.13554 1.14024 0.00652
v 0.15318 1.13987 -0.03049
v 0.15346 1.13998 -0.06954
v 0.13695 1.14087 -0.10710
v 0.10129 1.14065 -0.13718
v 0.05316 1.13982 -0.15548
v 0.00000 1.14093 -0.16432
v -0.05357 1.14029 -0.15631
v -0.10098 1.14047 -0.13692
v -0.13840 1.14151 -0.10771
v -0.15303 1.13981 -0.06949
v -0.15058 1.13885 -0.03082
v -0.13595 1.14042 0.00669
v -0.10207 1.14112 0.03785
v -0.05288 1.13951 0.05492
v 0.00000 1.11084 0.07469
v 0.05910 1.11087 0.06728
v 0.10542 1.10930 0.04074
v 0.14970 1.11088 0.01242
v 0.16712 1.11031 -0.02872
v 0.17095 1.11101 -0.07177
v 0.14893 1.11072 -0.11210
v 0.11172 1.11105 -0.14616
v 0.06086 1.11179 -0.17077
v 0.00000 1.10926 -0.16831
v -0.05847 1.11054 -0.16602
v -0.11172 1.11105 -0.14616
v -0.14256 1.10941 -0.10945
v -0.17149 1.11111 -0.07184
v -0.17516 1.11177 -0.02769
v -0.14630 1.11018 0.01100
v -0.10573 1.10938 0.04100
v -0.05973 1.11119 0.06851
v 0.00000 1.08000 0.07796
v 0.06151 1.08000 0.07205
v 0.11072 1.08000 0.04530
v 0.15577 1.08000 0.01495
v 0.17230 1.08000 -0.02806
v 0.17711 1.08000 -0.07255
v 0.15570 1.08000 -0.11492
v 0.11653 1.08000 -0.15030
v 0.06311 1.08000 -0.17523
v 0.00000 1.08000 -0.17326
v -0.06074 1.08000 -0.17053
v -0.11656 1.08000 -0.15032
v -0.14968 1.08000 -0.11241
v -0.17733 1.08000 -0.07258
v -0.17925 1.08000 -0.02717
v -0.15202 1.08000 0.01339
v -0.11051 1.08000 0.04512
v -0.06159 1.08000 0.07222
v 0.00000 1.04879 0.07618
v 0.05972 1.04881 0.06850
v 0.11615 1.04772 0.04997
v 0.15118 1.04882 0.01304
v 0.17407 1.04843 -0.02783
v 0.17142 1.04891 -0.07183
v 0.15171 1.04871 -0.11326
v 0.11179 1.04893 -0.14622
v 0.05850 1.04945 -0.16608
v 0.00000 1.04770 -0.18060
v -0.06016 1.04858 -0.16937
v -0.11179 1.04893 -0.14622
v -0.15612 1.04780 -0.11510
v -0.17104 1.04897 -0.07178
v -0.16850 1.04944 -0.02854
v -0.15353 1.04833 0.01402
v -0.11594 1.04778 0.04979
v -0.05929 1.04904 0.06764
v 0.00000 1.02180 0.05921
v 0.05409 1.01912 0.05734
v 0.10778 1.01546 0.04277
v 0.13658 1.01930 0.00695
v 0.15255 1.02038 -0.03057
v 0.15336 1.02006 -0.06953
v 0.14068 1.01748 -0.10866
v 0.10339 1.01809 -0.13899
v 0.05286 1.02052 -0.15488
v 0.00000 1.01730 -0.16764
v -0.05407 1.01915 -0.15729
v -0.10249 1.01863 -0.13821
v -0.14492 1.01559 -0.11043
v -0.15210 1.02055 -0.06937
v -0.14495 1.02335 -0.03154
v -0.13776 1.01877 0.00744
v -0.10564 1.01675 0.04092
v -0.05204 1.02144 0.05325
v 0.00000 0.99592 0.04109
v 0.04354 0.99513 0.03640
v 0.08238 0.99456 0.02090
v 0.11005 0.99528 -0.00411
v 0.12439 0.99579 -0.03416
v 0.12505 0.99535 -0.06592
v 0.11111 0.99447 -0.09633
v 0.08247 0.99447 -0.12098
v 0.04354 0.99514 -0.13639
v 0.00000 0.99530 -0.14176
v -0.04341 0.99539 -0.13613
v -0.08203 0.99493 -0.12060
v -0.11104 0.99452 -0.09630
v -0.12496 0.99541 -0.06591
v -0.12409 0.99599 -0.03420
v -0.11007 0.99527 -0.00411
v -0.08200 0.99496 0.02058
v -0.04323 0.99574 0.03578
v 0.00000 0.97297 0.01694
v 0.03103 0.97524 0.01157
v 0.05785 0.97607 -0.00021
v 0.08026 0.97298 -0.01653
v 0.09311 0.97082 -0.03814
v 0.09085 0.97348 -0.06157
v 0.07662 0.97784 -0.08195
v 0.05672 0.97811 -0.09882
v 0.03131 0.97429 -0.11213
v 0.00000 0.97109 -0.11812
v -0.03225 0.97112 -0.11399
v -0.05886 0.97427 -0.10066
v -0.07765 0.97647 -0.08238
v -0.08971 0.97482 -0.06142
v -0.09081 0.97353 -0.03844
v -0.07846 0.97538 -0.01728
v -0.05785 0.97608 -0.00021
v -0.03147 0.97377 0.01244
v 0.00000 0.96932 -0.01787
v 0.01536 0.96829 -0.01953
v 0.02927 0.96671 -0.02481
v 0.04015 0.96466 -0.03326
v 0.04617 0.96336 -0.04412
v 0.04609 0.96357 -0.05587
v 0.04029 0.96425 -0.06680
v 0.03003 0.96376 -0.07585
v 0.01622 0.96200 -0.08219
v 0.00000 0.96056 -0.08467
v -0.01636 0.96098 -0.08246
v -0.03017 0.96322 -0.07597
v -0.03971 0.96590 -0.06656
v -0.04435 0.96796 -0.05565
v -0.04374 0.96948 -0.04443
v -0.03806 0.97066 -0.03413
v -0.02816 0.97098 -0.02576
v -0.01508 0.97031 -0.02008
v 0.00000 0.96741 -0.05000
v 0.00000 0.96741 -0.05000
v 0.00000 0.96741 -0.05000
v 0.00000 0.96741 -0.05000
v 0.00000 0.96741 -0.05000
v 0.00000 0.96741 -0.05000
v 0.00000 0.96741 -0.05000
v 0.00000 0.96741 -0.05000
v 0.00000 0.96741 -0.05000
v 0.00000 0.96741 -0.05000
v -0.00000 0.96741 -0.05000
v -0.00000 0.96741 -0.05000
v -0.00000 0.96741 -0.05000
v -0.00000 0.96741 -0.05000
v -0.00000 0.96741 -0.05000
v -0.00000 0.96741 -0.05000
v -0.00000 0.96741 -0.05000
v -0.00000 0.96741 -0.05000
vn 0.0000 1.0000 0.0000
vn 0.0000 1.0000 0.0000
vn 0.0000 1.0000 0.0000
vn 0.0000 1.0000 0.0000
vn 0.0000 1.0000 0.0000
vn 0.0000 1.0000 -0.0000
vn 0.0000 1.0000 -0.0000
vn 0.0000 1.0000 -0.0000
vn 0.0000 1.0000 -0.0000
vn 0.0000 1.0000 -0.0000
vn -0.0000 1.0000 -0.0000
vn -0.0000 1.0000 -0.0000
vn -0.0000 1.0000 -0.0000
vn -0.0000 1.0000 -0.0000
vn -0.0000 1.0000 0.0000
vn -0.0000 1.0000 0.0000
vn -0.0000 1.0000 0.0000
vn -0.0000 1.0000 0.0000
vn 0.0000 0.9707 0.2401
vn 0.0594 0.9723 0.2260
vn 0.1121 0.9763 0.1850
vn 0.1518 0.9809 0.1213
vn 0.1731 0.9840 0.0423
vn 0.1731 0.9840 -0.0423
vn 0.1518 0.9809 -0.1213
vn 0.1121 0.9763 -0.1850
vn 0.0594 0.9723 -0.2260
vn 0.0000 0.9707 -0.2401
vn -0.0594 0.9723 -0.2260
vn -0.1121 0.9763 -0.1850
vn -0.1518 0.9809 -0.1213
vn -0.1731 0.9840 -0.0423
vn -0.1731 0.9840 0.0423
vn -0.1518 0.9809 0.1213
vn -0.1121 0.9763 0.1850
vn -0.0594 0.9723 0.2260
vn 0.0000 0.8825 0.4703
vn 0.1169 0.8880 0.4447
vn 0.2233 0.9024 0.3684
vn 0.3066 0.9197 0.2451
vn 0.3531 0.9316 0.0862
vn 0.3531 0.9316 -0.0862
vn 0.3066 0.9197 -0.2451
vn 0.2233 0.9024 -0.3684
vn 0.1169 0.8880 -0.4447
vn 0.0000 0.8825 -0.4703
vn -0.1169 0.8880 -0.4447
vn -0.2233 0.9024 -0.3684
vn -0.3066 0.9197 -0.2451
vn -0.3531 0.9316 -0.0862
vn -0.3531 0.9316 0.0862
vn -0.3066 0.9197 0.2451
vn -0.2233 0.9024 0.3684
vn -0.1169 0.8880 0.4447
vn 0.0000 0.7348 0.6783
vn 0.1697 0.7444 0.6457
vn 0.3303 0.7707 0.5450
vn 0.4643 0.8042 0.3712
vn 0.5440 0.8285 0.1328
vn 0.5440 0.8285 -0.1328
vn 0.4643 0.8042 -0.3712
vn 0.3303 0.7707 -0.5450
vn 0.1697 0.7444 -0.6457
vn 0.0000 0.7348 -0.6783
vn -0.1697 0.7444 -0.6457
vn -0.3303 0.7707 -0.5450
vn -0.4643 0.8042 -0.3712
vn -0.5440 0.8285 -0.1328
vn -0.5440 0.8285 0.1328
vn -0.4643 0.8042 0.3712
vn -0.3303 0.7707 0.5450
vn -0.1697 0.7444 0.6457
vn 0.0000 0.5303 0.8478
vn 0.2138 0.5413 0.8132
vn 0.4249 0.5725 0.7012
vn 0.6156 0.6156 0.4921
vn 0.7386 0.6495 0.1803
vn 0.7386 0.6495 -0.1803
vn 0.6156 0.6156 -0.4921
vn 0.4249 0.5725 -0.7012
vn 0.2138 0.5413 -0.8132
vn 0.0000 0.5303 -0.8478
vn -0.2138 0.5413 -0.8132
vn -0.4249 0.5725 -0.7012
vn -0.6156 0.6156 -0.4921
vn -0.7386 0.6495 -0.1803
vn -0.7386 0.6495 0.1803
vn -0.6156 0.6156 0.4921
vn -0.4249 0.5725 0.7012
vn -0.2138 0.5413 0.8132
vn 0.0000 0.2788 0.9604
vn 0.2436 0.2863 0.9267
vn 0.4930 0.3083 0.8136
vn 0.7343 0.3408 0.5870
vn 0.9031 0.3686 0.2205
vn 0.9031 0.3686 -0.2205
vn 0.7343 0.3408 -0.5870
vn 0.4930 0.3083 -0.8136
vn 0.2436 0.2863 -0.9267
vn 0.0000 0.2788 -0.9604
vn -0.2436 0.2863 -0.9267
vn -0.4930 0.3083 -0.8136
vn -0.7343 0.3408 -0.5870
vn -0.9031 0.3686 -0.2205
vn -0.9031 0.3686 0.2205
vn -0.7343 0.3408 0.5870
vn -0.4930 0.3083 0.8136
vn -0.2436 0.2863 0.9267
vn 0.0000 0.0000 1.0000
vn 0.2542 0.0000 0.9671
vn 0.5183 0.0000 0.8552
vn 0.7811 0.0000 0.6244
vn 0.9715 0.0000 0.2372
vn 0.9715 0.0000 -0.2372
vn 0.7811 0.0000 -0.6244
vn 0.5183 0.0000 -0.8552
vn 0.2542 0.0000 -0.9671
vn 0.0000 0.0000 -1.0000
vn -0.2542 0.0000 -0.9671
vn -0.5183 0.0000 -0.8552
vn -0.7811 0.0000 -0.6244
vn -0.9715 0.0000 -0.2372
vn -0.9715 0.0000 0.2372
vn -0.7811 0.0000 0.6244
vn -0.5183 0.0000 0.8552
vn -0.2542 0.0000 0.9671
vn 0.0000 -0.2788 0.9604
vn 0.2436 -0.2863 0.9267
vn 0.4930 -0.3083 0.8136
vn 0.7343 -0.3408 0.5870
vn 0.9031 -0.3686 0.2205
vn 0.9031 -0.3686 -0.2205
vn 0.7343 -0.3408 -0.5870
vn 0.4930 -0.3083 -0.8136
vn 0.2436 -0.2863 -0.9267
vn 0.0000 -0.2788 -0.9604
vn -0.2436 -0.2863 -0.9267
vn -0.4930 -0.3083 -0.8136
vn -0.7343 -0.3408 -0.5870
vn -0.9031 -0.3686 -0.2205
vn -0.9031 -0.3686 0.2205
vn -0.7343 -0.3408 0.5870
vn -0.4930 -0.3083 0.8136
vn -0.2436 -0.2863 0.9267
vn 0.0000 -0.5303 0.8478
vn 0.2138 -0.5413 0.8132
vn 0.4249 -0.5725 0.7012
vn 0.6156 -0.6156 0.4921
vn 0.7386 -0.6495 0.1803
vn 0.7386 -0.6495 -0.1803
vn 0.6156 -0.6156 -0.4921
vn 0.4249 -0.5725 -0.7012
vn 0.2138 -0.5413 -0.8132
vn 0.0000 -0.5303 -0.8478
vn -0.2138 -0.5413 -0.8132
vn -0.4249 -0.5725 -0.7012
vn -0.6156 -0.6156 -0.4921
vn -0.7386 -0.6495 -0.1803
vn -0.7386 -0.6495 0.1803
vn -0.6156 -0.6156 0.4921
vn -0.4249 -0.5725 0.7012
vn -0.2138 -0.5413 0.8132
vn 0.0000 -0.7348 0.6783
vn 0.1697 -0.7444 0.6457
vn 0.3303 -0.7707 0.5450
vn 0.4643 -0.8042 0.3712
vn 0.5440 -0.8285 0.1328
vn 0.5440 -0.8285 -0.1328
vn 0.4643 -0.8042 -0.3712
vn 0.3303 -0.7707 -0.5450
vn 0.1697 -0.7444 -0.6457
vn 0.0000 -0.7348 -0.6783
vn -0.1697 -0.7444 -0.6457
vn -0.3303 -0.7707 -0.5450
vn -0.4643 -0.8042 -0.3712
vn -0.5440 -0.8285 -0.1328
vn -0.5440 -0.8285 0.1328
vn -0.4643 -0.8042 0.3712
vn -0.3303 -0.7707 0.5450
vn -0.1697 -0.7444 0.6457
vn 0.0000 -0.8825 0.4703
vn 0.1169 -0.8880 0.4447
vn 0.2233 -0.9024 0.3684
vn 0.3066 -0.9197 0.2451
vn 0.3531 -0.9316 0.0862
vn 0.3531 -0.9316 -0.0862
vn 0.3066 -0.9197 -0.2451
vn 0.2233 -0.9024 -0.3684
vn 0.1169 -0.8880 -0.4447
vn 0.0000 -0.8825 -0.4703
vn -0.1169 -0.8880 -0.4447
vn -0.2233 -0.9024 -0.3684
vn -0.3066 -0.9197 -0.2451
vn -0.3531 -0.9316 -0.0862
vn -0.3531 -0.9316 0.0862
vn -0.3066 -0.9197 0.2451
vn -0.2233 -0.9024 0.3684
vn -0.1169 -0.8880 0.4447
vn 0.0000 -0.9707 0.2401
vn 0.0594 -0.9723 0.2260
vn 0.1121 -0.9763 0.1850
vn 0.1518 -0.9809 0.1213
vn 0.1731 -0.9840 0.0423
vn 0.1731 -0.9840 -0.0423
vn 0.1518 -0.9809 -0.1213
vn 0.1121 -0.9763 -0.1850
vn 0.0594 -0.9723 -0.2260
vn 0.0000 -0.9707 -0.2401
vn -0.0594 -0.9723 -0.2260
vn -0.1121 -0.9763 -0.1850
vn -0.1518 -0.9809 -0.1213
vn -0.1731 -0.9840 -0.0423
vn -0.1731 -0.9840 0.0423
vn -0.1518 -0.9809 0.1213
vn -0.1121 -0.9763 0.1850
vn -0.0594 -0.9723 0.2260
vn 0.0000 -1.0000 0.0000
vn 0.0000 -1.0000 0.0000
vn 0.0000 -1.0000 0.0000
vn 0.0000 -1.0000 0.0000
vn 0.0000 -1.0000 0.0000
vn 0.0000 -1.0000 -0.0000
vn 0.0000 -1.0000 -0.0000
vn 0.0000 -1.0000 -0.0000
vn 0.0000 -1.0000 -0.0000
vn 0.0000 -1.0000 -0.0000
vn -0.0000 -1.0000 -0.0000
vn -0.0000 -1.0000 -0.0000
vn -0.0000 -1.0000 -0.0000
vn -0.0000 -1.0000 -0.0000
vn -0.0000 -1.0000 0.0000
vn -0.0000 -1.0000 0.0000
vn -0.0000 -1.0000 0.0000
vn -0.0000 -1.0000 0.0000
f 405//405 406//406 388//388 387//387
f 406//406 407//407 389//389 388//388
f 407//407 408//408 390//390 389//389
f 408//408 409//409 391//391 390//390
f 409//409 410//410 392//392 391//391
f 410//410 411//411 393//393 392//392
f 411//411 412//412 394//394 393//393
f 412//412 413//413 395//395 394//394
f 413//413 414//414 396//396 395//395
f 414//414 415//415 397//397 396//396
f 415//415 416//416 398//398 397//397
f 416//416 417//417 399//399 398//398
f 417//417 418//418 400//400 399//399
f 418//418 419//419 401//401 400//400
f 419//419 420//420 402//402 401//401
f 420//420 421//421 403//403 402//402
f 421//421 422//422 404//404 403//403
f 422//422 405//405 387//387 404//404
f 423//423 424//424 406//406 405//405
f 424//424 425//425 407//407 406//406
f 425//425 426//426 408//408 407//407
f 426//426 427//427 409//409 408//408
f 427//427 428//428 410//410 409//409
f 428//428 429//429 411//411 410//410
f 429//429 430//430 412//412 411//411
f 430//430 431//431 413//413 412//412
f 431//431 432//432 414//414 413//413
f 432//432 433//433 415//415 414//414
f 433//433 434//434 416//416 415//415
f 434//434 435//435 417//417 416//416
f 435//435 436//436 418//418 417//417
f 436//436 437//437 419//419 418//418
f 437//437 438//438 420//420 419//419
f 438//438 439//439 421//421 420//420
f 439//439 440//440 422//422 421//421
f 440//440 423//423 405//405 422//422
f 441//441 442//442 424//424 423//423
f 442//442 443//443 425//425 424//424
f 443//443 444//444 426//426 425//425
f 444//444 445//445 427//427 426//426
f 445//445 446//446 428//428 427//427
f 446//446 447//447 429//429 428//428
f 447//447 448//448 430//430 429//429
f 448//448 449//449 431//431 430//430
f 449//449 450//450 432//432 431//431
f 450//450 451//451 433//433 432//432
f 451//451 452//452 434//434 433//433
f 452//452 453//453 435//435 434//434
f 453//453 454//454 436//436 435//435
f 454//454 455//455 437//437 436//436
f 455//455 456//456 438//438 437//437
f 456//456 457//457 439//439 438//438
f 457//457 458//458 440//440 439//439
f 458//458 441//441 423//423 440//440
f 459//459 460//460 442//442 441//441
f 460//460 461//461 443//443 442//442
f 461//461 462//462 444//444 443//443
f 462//462 463//463 445//445 444//444
f 463//463 464//464 446//446 445//445
f 464//464 465//465 447//447 446//446
f 465//465 466//466 448//448 447//447
f 466//466 467//467 449//449 448//448
f 467//467 468//468 450//450 449//449
f 468//468 469//469 451//451 450//450
f 469//469 470//470 452//452 451//451
f 470//470 471//471 453//453 452//452
f 471//471 472//472 454//454 453//453
f 472//472 473//473 455//455 454//454
f 473//473 474//474 456//456 455//455
f 474//474 475//475 457//457 456//456
f 475//475 476//476 458//458 457//457
f 476//476 459//459 441//441 458//458
f 477//477 478//478 460//460 459//459
f 478//478 479//479 461//461 460//460
f 479//479 480//480 462//462 461//461
f 480//480 481//481 463//463 462//462
f 481//481 482//482 464//464 463//463
f 482//482 483//483 465//465 464//464
f 483//483 484//484 466//466 465//465
f 484//484 485//485 467//467 466//466
f 485//485 486//486 468//468 467//467
f 486//486 487//487 469//469 468//468
f 487//487 488//488 470//470 469//469
f 488//488 489//489 471//471 470//470
f 489//489 490//490 472//472 471//471
f 490//490 491//491 473//473 472//472
f 491//491 492//492 474//474 473//473
f 492//492 493//493 475//475 474//474
f 493//493 494//494 476//476 475//475
f 494//494 477//477 459//459 476//476
f 495//495 496//496 478//478 477//477
f 496//496 497//497 479//479 478//478
f 497//497 498//498 480//480 479//479
f 498//498 499//499 481//481 480//480
f 499//499 500//500 482//482 481//481
f 500//500 501//501 483//483 482//482
f 501//501 502//502 484//484 483//483
f 502//502 503//503 485//485 484//484
f 503//503 504//504 486//486 485//485
f 504//504 505//505 487//487 486//486
f 505//505 506//506 488//488 487//487
f 506//506 507//507 489//489 488//488
f 507//507 508//508 490//490 489//489
f 508//508 509//509 491//491 490//490
f 509//509 510//510 492//492 491//491
f 510//510 511//511 493//493 492//492
f 511//511 512//512 494//494 493//493
f 512//512 495//495 477//477 494//494
f 513//513 514//514 496//496 495//495
f 514//514 515//515 497//497 496//496
f 515//515 516//516 498//498 497//497
f 516//516 517//517 499//499 498//498
f 517//517 518//518 500//500 499//499
f 518//518 519//519 501//501 500//500
f 519//519 520//520 502//502 501//501
f 520//520 521//521 503//503 502//502
f 521//521 522//522 504//504 503//503
f 522//522 523//523 505//505 504//504
f 523//523 524//524 506//506 505//505
f 524//524 525//525 507//507 506//506
f 525//525 526//526 508//508 507//507
f 526//526 527//527 509//509 508//508
f 527//527 528//528 510//510 509//509
f 528//528 529//529 511//511 510//510
f 529//529 530//530 512//512 511//511
f 530//530 513//513 495//495 512//512
f 531//531 532//532 514//514 513//513
f 532//532 533//533 515//515 514//514
f 533//533 534//534 516//516 515//515
f 534//534 535//535 517//517 516//516
f 535//535 536//536 518//518 517//517
f 536//536 537//537 519//519 518//518
f 537//537 538//538 520//520 519//519
f 538//538 539//539 521//521 520//520
f 539//539 540//540 522//522 521//521
f 540//540 541//541 523//523 522//522
f 541//541 542//542 524//524 523//523
f 542//542 543//543 525//525 524//524
f 543//543 544//544 526//526 525//525
f 544//544 545//545 527//527 526//526
f 545//545 546//546 528//528 527//527
f 546//546 547//547 529//529 528//528
f 547//547 548//548 530//530 529//529
f 548//548 531//531 513//513 530//530
f 549//549 550//550 532//532 531//531
f 550//550 551//551 533//533 532//532
f 551//551 552//552 534//534 533//533
f 552//552 553//553 535//535 534//534
f 553//553 554//554 536//536 535//535
f 554//554 555//555 537//537 536//536
f 555//555 556//556 538//538 537//537
f 556//556 557//557 539//539 538//538
f 557//557 558//558 540//540 539//539
f 558//558 559//559 541//541 540//540
f 559//559 560//560 542//542 541//541
f 560//560 561//561 543//543 542//542
f 561//561 562//562 544//544 543//543
f 562//562 563//563 545//545 544//544
f 563//563 564//564 546//546 545//545
f 564//564 565//565 547//547 546//546
f 565//565 566//566 548//548 547//547
f 566//566 549//549 531//531 548//548
f 567//567 568//568 550//550 549//549
f 568//568 569//569 551//551 550//550
f 569//569 570//570 552//552 551//551
f 570//570 571//571 553//553 552//552
f 571//571 572//572 554//554 553//553
f 572//572 573//573 555//555 554//554
f 573//573 574//574 556//556 555//555
f 574//574 575//575 557//557 556//556
f 575//575 576//576 558//558 557//557
f 576//576 577//577 559//559 558//558
f 577//577 578//578 560//560 559//559
f 578//578 579//579 561//561 560//560
f 579//579 580//580 562//562 561//561
f 580//580 581//581 563//563 562//562
f 581//581 582//582 564//564 563//563
f 582//582 583//583 565//565 564//564
f 583//583 584//584 566//566 565//565
f 584//584 567//567 549//549 566//566
f 585//585 586//586 568//568 567//567
f 586//586 587//587 569//569 568//568
f 587//587 588//588 570//570 569//569
f 588//588 589//589 571//571 570//570
f 589//589 590//590 572//572 571//571
f 590//590 591//591 573//573 572//572
f 591//591 592//592 574//574 573//573
f 592//592 593//593 575//575 574//574
f 593//593 594//594 576//576 575//575
f 594//594 595//595 577//577 576//576
f 595//595 596//596 578//578 577//577
f 596//596 597//597 579//579 578//578
f 597//597 598//598 580//580 579//579
f 598//598 599//599 581//581 580//580
f 599//599 600//600 582//582 581//581
f 600//600 601//601 583//583 582//582
f 601//601 602//602 584//584 583//583
f 602//602 585//585 567//567 584//584
f 603//603 604//604 586//586 585//585
f 604//604 605//605 587//587 586//586
f 605//605 606//606 588//588 587//587
f 606//606 607//607 589//589 588//588
f 607//607 608//608 590//590 589//589
f 608//608 609//609 591//591 590//590
f 609//609 610//610 592//592 591//591
f 610//610 611//611 593//593 592//592
f 611//611 612//612 594//594 593//593
f 612//612 613//613 595//595 594//594
f 613//613 614//614 596//596 595//595
f 614//614 615//615 597//597 596//596
f 615//615 616//616 598//598 597//597
f 616//616 617//617 599//599 598//598
f 617//617 618//618 600//600 599//599
f 618//618 619//619 601//601 600//600
f 619//619 620//620 602//602 601//601
f 620//620 603//603 585//585 602//602
g part5
usemtl rust
v 0.00000 1.05534 0.11820
v 0.10927 1.06111 0.07885
v 0.16742 1.07572 -0.02079
v 0.14722 1.09233 -0.13410
v 0.05814 1.10317 -0.20806
v -0.05814 1.10317 -0.20806
v -0.14722 1.09233 -0.13410
v -0.16742 1.07572 -0.02079
v -0.10927 1.06111 0.07885
v 0.00000 1.13728 0.12350
v 0.10501 1.14270 0.08567
v 0.16088 1.15644 -0.01012
v 0.14147 1.17206 -0.11906
v 0.05587 1.18226 -0.19016
v -0.05587 1.18226 -0.19016
v -0.14147 1.17206 -0.11906
v -0.16088 1.15644 -0.01012
v -0.10501 1.14270 0.08567
v 0.00000 1.21868 0.12710
v 0.10003 1.22396 0.09108
v 0.15326 1.23733 -0.00014
v 0.13478 1.25254 -0.10386
v 0.05323 1.26246 -0.17157
v -0.05323 1.26246 -0.17157
v -0.13478 1.25254 -0.10386
v -0.15326 1.23733 -0.00014
v -0.10003 1.22396 0.09108
v 0.00000 1.29636 0.13336
v 0.09647 1.30222 0.09874
v 0.14780 1.31706 0.01109
v 0.12997 1.33393 -0.08860
v 0.05133 1.34495 -0.15366
v -0.05133 1.34495 -0.15366
v -0.12997 1.33393 -0.08860
v -0.14780 1.31706 0.01109
v -0.09647 1.30222 0.09874
v 0.00000 1.36922 0.14681
v 0.09642 1.37642 0.11246
v 0.14772 1.39465 0.02549
v 0.12990 1.41539 -0.07340
v 0.05130 1.42893 -0.13795
v -0.05130 1.42893 -0.13795
v -0.12990 1.41539 -0.07340
v -0.14772 1.39465 0.02549
v -0.09642 1.37642 0.11246
v 0.00000 1.43789 0.17069
v 0.10129 1.44690 0.13494
v 0.15518 1.46972 0.04442
v 0.13647 1.49566 -0.05851
v 0.05389 1.51260 -0.12569
v -0.05389 1.51260 -0.12569
v -0.13647 1.49566 -0.05851
v -0.15518 1.46972 0.04442
v -0.10129 1.44690 0.13494
v 0.00000 1.50558 0.20253
v 0.10968 1.51627 0.16406
v 0.16803 1.54332 0.06667
v 0.14777 1.57408 -0.04408
v 0.05836 1.59416 -0.11636
v -0.05836 1.59416 -0.11636
v -0.14777 1.57408 -0.04408
v -0.16803 1.54332 0.06667
v -0.10968 1.51627 0.16406
v 0.00000 1.57510 0.23820
v 0.11947 1.58689 0.19635
v 0.18304 1.61672 0.09036
v 0.16096 1.65065 -0.03016
v 0.06357 1.67280 -0.10882
v -0.06357 1.67280 -0.10882
v -0.16096 1.65065 -0.03016
v -0.18304 1.61672 0.09036
v -0.11947 1.58689 0.19635
v 0.00000 1.64647 0.27270
v 0.12856 1.65899 0.22762
v 0.19696 1.69070 0.11346
v 0.17321 1.72676 -0.01635
v 0.06840 1.75030 -0.10108
v -0.06840 1.75030 -0.10108
v -0.17321 1.72676 -0.01635
v -0.19696 1.69070 0.11346
v -0.12856 1.65899 0.22762
v 0.00000 1.05534 0.11820
v 0.10927 1.06111 0.07885
v 0.16742 1.07572 -0.02079
v 0.14722 1.09233 -0.13410
v 0.05814 1.10317 -0.20806
v -0.05814 1.10317 -0.20806
v -0.14722 1.09233 -0.13410
v -0.16742 1.07572 -0.02079
v -0.10927 1.06111 0.07885
v 0.00000 1.08000 -0.05000
v 0.00000 1.64647 0.27270
v 0.12856 1.65899 0.22762
v 0.19696 1.69070 0.11346
v 0.17321 1.72676 -0.01635
v 0.06840 1.75030 -0.10108
v -0.06840 1.75030 -0.10108
v -0.17321 1.72676 -0.01635
v -0.19696 1.69070 0.11346
v -0.12856 1.65899 0.22762
v 0.00000 1.70000 0.08000
vn -0.0000 -0.0645 0.9979
vn 0.6407 -0.0306 0.7672
vn 0.9815 0.0553 0.1830
vn 0.8631 0.1531 -0.4812
vn 0.3409 0.2168 -0.9148
vn -0.3409 0.2168 -0.9148
vn -0.8631 0.1531 -0.4812
vn -0.9815 0.0553 0.1830
vn -0.6407 -0.0306 0.7672
vn -0.0000 -0.0544 0.9985
vn 0.6403 -0.0213 0.7678
vn 0.9810 0.0625 0.1837
vn 0.8627 0.1577 -0.4805
vn 0.3407 0.2199 -0.9141
vn -0.3407 0.2199 -0.9141
vn -0.8627 0.1577 -0.4805
vn -0.9810 0.0625 0.1837
vn -0.6403 -0.0213 0.7678
vn -0.0000 -0.0619 0.9981
vn 0.6406 -0.0286 0.7674
vn 0.9815 0.0558 0.1831
vn 0.8632 0.1519 -0.4814
vn 0.3409 0.2148 -0.9152
vn -0.3409 0.2148 -0.9152
vn -0.8632 0.1519 -0.4814
vn -0.9815 0.0558 0.1831
vn -0.6406 -0.0286 0.7674
vn -0.0000 -0.1298 0.9915
vn 0.6424 -0.0915 0.7609
vn 0.9842 0.0058 0.1770
vn 0.8655 0.1170 -0.4870
vn 0.3418 0.1898 -0.9204
vn -0.3418 0.1898 -0.9204
vn -0.8655 0.1170 -0.4870
vn -0.9842 0.0058 0.1770
vn -0.6424 -0.0915 0.7609
vn -0.0000 -0.2550 0.9669
vn 0.6420 -0.2061 0.7385
vn 0.9837 -0.0825 0.1599
vn 0.8651 0.0579 -0.4982
vn 0.3417 0.1495 -0.9278
vn -0.3417 0.1495 -0.9278
vn -0.8651 0.0579 -0.4982
vn -0.9837 -0.0825 0.1599
vn -0.6420 -0.2061 0.7385
vn -0.0000 -0.3782 0.9257
vn 0.6366 -0.3194 0.7019
vn 0.9761 -0.1706 0.1345
vn 0.8590 -0.0021 -0.5120
vn 0.3394 0.1076 -0.9345
vn -0.3394 0.1076 -0.9345
vn -0.8590 -0.0021 -0.5120
vn -0.9761 -0.1706 0.1345
vn -0.6366 -0.3194 0.7019
vn -0.0000 -0.4415 0.8973
vn 0.6318 -0.3787 0.6763
vn 0.9686 -0.2198 0.1162
vn 0.8523 -0.0393 -0.5216
vn 0.3367 0.0785 -0.9383
vn -0.3367 0.0785 -0.9383
vn -0.8523 -0.0393 -0.5216
vn -0.9686 -0.2198 0.1162
vn -0.6318 -0.3787 0.6763
vn -0.0000 -0.4459 0.8951
vn 0.6315 -0.3836 0.6738
vn 0.9675 -0.2260 0.1136
vn 0.8508 -0.0467 -0.5234
vn 0.3360 0.0703 -0.9392
vn -0.3360 0.0703 -0.9392
vn -0.8508 -0.0467 -0.5234
vn -0.9675 -0.2260 0.1136
vn -0.6315 -0.3836 0.6738
vn 0.0000 -0.4352 0.9003
vn 0.6324 -0.3739 0.6784
vn 0.9688 -0.2187 0.1165
vn 0.8518 -0.0423 -0.5222
vn 0.3364 0.0727 -0.9389
vn -0.3364 0.0727 -0.9389
vn -0.8518 -0.0423 -0.5222
vn -0.9688 -0.2187 0.1165
vn -0.6324 -0.3739 0.6784
vn -0.0000 -0.9894 -0.1451
vn -0.0000 -0.9894 -0.1451
vn -0.0000 -0.9894 -0.1451
vn -0.0000 -0.9894 -0.1451
vn -0.0000 -0.9894 -0.1451
vn -0.0000 -0.9894 -0.1451
vn -0.0000 -0.9894 -0.1451
vn -0.0000 -0.9894 -0.1451
vn -0.0000 -0.9894 -0.1451
vn -0.0000 -0.9894 -0.1451
vn 0.0000 0.9635 0.2676
vn 0.0000 0.9635 0.2676
vn 0.0000 0.9635 0.2676
vn 0.0000 0.9635 0.2676
vn 0.0000 0.9635 0.2676
vn 0.0000 0.9635 0.2676
vn 0.0000 0.9635 0.2676
vn 0.0000 0.9635 0.2676
vn 0.0000 0.9635 0.2676
vn 0.0000 0.9635 0.2676
f 621//621 622//622 631//631 630//630
f 622//622 623//623 632//632 631//631
f 623//623 624//624 633//633 632//632
f 624//624 625//625 634//634 633//633
f 625//625 626//626 635//635 634//634
f 626//626 627//627 636//636 635//635
f 627//627 628//628 637//637 636//636
f 628//628 629//629 638//638 637//637
f 629//629 621//621 630//630 638//638
f 630//630 631//631 640//640 639//639
f 631//631 632//632 641//641 640//640
f 632//632 633//633 642//642 641//641
f 633//633 634//634 643//643 642//642
f 634//634 635//635 644//644 643//643
f 635//635 636//636 645//645 644//644
f 636//636 637//637 646//646 645//645
f 637//637 638//638 647//647 646//646
f 638//638 630//630 639//639 647//647
f 639//639 640//640 649//649 648//648
f 640//640 641//641 650//650 649//649
f 641//641 642//642 651//651 650//650
f 642//642 643//643 652//652 651//651
f 643//643 644//644 653//653 652//652
f 644//644 645//645 654//654 653//653
f 645//645 646//646 655//655 654//654
f 646//646 647//647 656//656 655//655
f 647//647 639//639 648//648 656//656
f 648//648 649//649 658//658 657//657
f 649//649 650//650 659//659 658//658
f 650//650 651//651 660//660 659//659
f 651//651 652//652 661//661 660//660
f 652//652 653//653 662//662 661//661
f 653//653 654//654 663//663 662//662
f 654//654 655//655 664//664 663//663
f 655//655 656//656 665//665 664//664
f 656//656 648//648 657//657 665//665
f 657//657 658//658 667//667 666//666
f 658//658 659//659 668//668 667//667
f 659//659 660//660 669//669 668//668
f 660//660 661//661 670//670 669//669
f 661//661 662//662 671//671 670//670
f 662//662 663//663 672//672 671//671
f 663//663 664//664 673//673 672//672
f 664//664 665//665 674//674 673//673
f 665//665 657//657 666//666 674//674
f 666//666 667//667 676//676 675//675
f 667//667 668//668 677//677 676//676
f 668//668 669//669 678//678 677//677
f 669//669 670//670 679//679 678//678
f 670//670 671//671 680//680 679//679
f 671//671 672//672 681//681 680//680
f 672//672 673//673 682//682 681//681
f 673//673 674//674 683//683 682//682
f 674//674 666//666 675//675 683//683
f 675//675 676//676 685//685 684//684
f 676//676 677//677 686//686 685//685
f 677//677 678//678 687//687 686//686
f 678//678 679//679 688//688 687//687
f 679//679 680//680 689//689 688//688
f 680//680 681//681 690//690 689//689
f 681//681 682//682 691//691 690//690
f 682//682 683//683 692//692 691//691
f 683//683 675//675 684//684 692//692
f 684//684 685//685 694//694 693//693
f 685//685 686//686 695//695 694//694
f 686//686 687//687 696//696 695//695
f 687//687 688//688 697//697 696//696
f 688//688 689//689 698//698 697//697
f 689//689 690//690 699//699 698//698
f 690//690 691//691 700//700 699//699
f 691//691 692//692 701//701 700//700
f 692//692 684//684 693//693 701//701
f 703//703 711//711 702//702
f 704//704 711//711 703//703
f 705//705 711//711 704//704
f 706//706 711//711 705//705
f 707//707 711//711 706//706
f 708//708 711//711 707//707
f 709//709 711//711 708//708
f 710//710 711//711 709//709
f 702//702 711//711 710//710
f 713//713 721//721 712//712
f 714//714 721//721 713//713
f 715//715 721//721 714//714
f 716//716 721//721 715//715
f 717//717 721//721 716//716
f 718//718 721//721 717//717
f 719//719 721//721 718//718
f 720//720 721//721 719//719
f 712//712 721//721 720//720
g part6
usemtl rust
v 0.00000 1.83606 0.08000
v 0.00000 1.83606 0.08000
v 0.00000 1.83606 0.08000
v 0.00000 1.83606 0.08000
v 0.00000 1.83606 0.08000
v 0.00000 1.83606 0.08000
v 0.00000 1.83606 0.08000
v 0.00000 1.83606 0.08000
v 0.00000 1.83606 0.08000
v 0.00000 1.83606 0.08000
v 0.00000 1.83606 0.08000
v 0.00000 1.83606 0.08000
v 0.00000 1.83606 0.08000
v 0.00000 1.83606 0.08000
v 0.00000 1.83606 0.08000
v 0.00000 1.83606 0.08000
v 0.00000 1.83606 0.08000
v 0.00000 1.83606 0.08000
v 0.00000 1.82908 0.12329
v 0.02149 1.82631 0.12014
v 0.03979 1.82331 0.11225
v 0.05304 1.82114 0.10082
v 0.06036 1.82129 0.08724
v 0.06124 1.82422 0.07266
v 0.05504 1.82872 0.05839
v 0.04162 1.83265 0.04627
v 0.02233 1.83442 0.03828
v 0.00000 1.83400 0.03569
v -0.02216 1.83276 0.03860
v -0.04159 1.83247 0.04630
v -0.05644 1.83403 0.05784
v -0.06493 1.83653 0.07221
v -0.06536 1.83795 0.08784
v -0.05724 1.83708 0.10247
v -0.04199 1.83453 0.11403
v -0.02204 1.83168 0.12119
v 0.00000 1.81220 0.16575
v 0.04328 1.81288 0.16086
v 0.07951 1.80853 0.14443
v 0.10365 1.80243 0.12069
v 0.11680 1.80077 0.09400
v 0.11975 1.80534 0.06564
v 0.10992 1.81346 0.03685
v 0.08415 1.81955 0.01180
v 0.04476 1.81949 -0.00363
v 0.00000 1.81467 -0.00685
v -0.04228 1.80841 0.00101
v -0.07787 1.80465 0.01689
v -0.10672 1.80783 0.03810
v -0.12672 1.81613 0.06481
v -0.12991 1.82106 0.09558
v -0.11247 1.81796 0.12416
v -0.08090 1.81183 0.14556
v -0.04263 1.80997 0.15964
v 0.00000 1.77765 0.20182
v 0.06239 1.78053 0.19657
v 0.11589 1.77866 0.17392
v 0.15195 1.77440 0.13966
v 0.17164 1.77338 0.10058
v 0.17320 1.77477 0.05923
v 0.15562 1.77813 0.01890
v 0.11740 1.78072 -0.01514
v 0.06183 1.77910 -0.03552
v 0.00000 1.77661 -0.04102
v -0.05984 1.77397 -0.03180
v -0.10996 1.77054 -0.00911
v -0.14913 1.77154 0.02145
v -0.17619 1.77744 0.05887
v -0.17985 1.78071 0.10156
v -0.15488 1.77738 0.14081
v -0.11143 1.77255 0.17030
v -0.05959 1.77332 0.19133
v 0.00000 1.72956 0.22663
v 0.07311 1.72861 0.21660
v 0.13772 1.72885 0.19161
v 0.18746 1.72997 0.15360
v 0.21284 1.72980 0.10552
v 0.21313 1.72995 0.05445
v 0.18695 1.72968 0.00660
v 0.13813 1.72918 -0.03194
v 0.07407 1.73003 -0.05839
v 0.00000 1.73017 -0.06745
v -0.07404 1.72998 -0.05832
v -0.14052 1.73107 -0.03387
v -0.18960 1.73123 0.00556
v -0.21280 1.72979 0.05448
v -0.21143 1.72908 0.10535
v -0.18766 1.73010 0.15368
v -0.14105 1.73149 0.19431
v -0.07460 1.73082 0.21938
v 0.00000 1.67653 0.24303
v 0.07977 1.67500 0.22903
v 0.14980 1.67495 0.20140
v 0.20941 1.67702 0.16221
v 0.23201 1.67555 0.10782
v 0.23696 1.67673 0.05159
v 0.20999 1.67717 -0.00244
v 0.15332 1.67624 -0.04425
v 0.08486 1.67850 -0.07854
v 0.00000 1.67782 -0.08673
v -0.08107 1.67589 -0.07146
v -0.15829 1.67807 -0.04828
v -0.21676 1.67902 -0.00510
v -0.23723 1.67680 0.05156
v -0.23387 1.67600 0.10804
v -0.21161 1.67761 0.16308
v -0.16400 1.68016 0.21290
v -0.08449 1.67825 0.23784
v 0.00000 1.62000 0.24956
v 0.08387 1.62000 0.23670
v 0.15709 1.62000 0.20730
v 0.21713 1.62000 0.16524
v 0.24092 1.62000 0.10889
v 0.24558 1.62000 0.05055
v 0.21805 1.62000 -0.00561
v 0.15988 1.62000 -0.04957
v 0.08770 1.62000 -0.08385
v 0.00000 1.62000 -0.09219
v -0.08397 1.62000 -0.07688
v -0.16214 1.62000 -0.05140
v -0.22156 1.62000 -0.00698
v -0.24598 1.62000 0.05051
v -0.24433 1.62000 0.10930
v -0.21855 1.62000 0.16580
v -0.16709 1.62000 0.21541
v -0.08665 1.62000 0.24188
v 0.00000 1.56292 0.24462
v 0.08357 1.56238 0.23613
v 0.15710 1.56237 0.20731
v 0.20903 1.56309 0.16207
v 0.23983 1.56258 0.10876
v 0.23811 1.56299 0.05145
v 0.20883 1.56314 -0.00199
v 0.15588 1.56282 -0.04632
v 0.08180 1.56360 -0.07283
v 0.00000 1.56336 -0.08333
v -0.08312 1.56270 -0.07529
v -0.15415 1.56345 -0.04493
v -0.20648 1.56378 -0.00106
v -0.23801 1.56301 0.05146
v -0.23918 1.56273 0.10868
v -0.20827 1.56329 0.16177
v -0.15218 1.56418 0.20332
v -0.08193 1.56351 0.23308
v 0.00000 1.50818 0.22966
v 0.07790 1.50428 0.22554
v 0.14513 1.50529 0.19761
v 0.18768 1.50990 0.15368
v 0.21478 1.50919 0.10575
v 0.21358 1.50981 0.05439
v 0.18976 1.50867 0.00550
v 0.14344 1.50663 -0.03624
v 0.07396 1.51013 -0.05818
v 0.00000 1.51069 -0.06630
v -0.07410 1.50992 -0.05844
v -0.13362 1.51439 -0.02828
v -0.17888 1.51506 0.00977
v -0.21493 1.50912 0.05423
v -0.22055 1.50622 0.10644
v -0.18683 1.51039 0.15335
v -0.13142 1.51612 0.18650
v -0.07178 1.51338 0.21410
v 0.00000 1.46173 0.20230
v 0.06296 1.45800 0.19763
v 0.11656 1.46043 0.17446
v 0.15161 1.46594 0.13952
v 0.17092 1.46727 0.10049
v 0.17294 1.46547 0.05926
v 0.15636 1.46111 0.01861
v 0.11851 1.45776 -0.01604
v 0.06224 1.45986 -0.03628
v 0.00000 1.46308 -0.04126
v -0.05966 1.46650 -0.03146
v -0.10888 1.47094 -0.00824
v -0.14797 1.46965 0.02191
v -0.17681 1.46201 0.05880
v -0.18155 1.45777 0.10177
v -0.15541 1.46208 0.14101
v -0.11078 1.46834 0.16977
v -0.05933 1.46734 0.19085
v 0.00000 1.42911 0.16516
v 0.04287 1.42896 0.16009
v 0.08017 1.42991 0.14497
v 0.10726 1.43123 0.12211
v 0.12173 1.43159 0.09460
v 0.12237 1.43060 0.06533
v 0.10861 1.42884 0.03736
v 0.08117 1.42752 0.01422
v 0.04319 1.42753 -0.00069
v 0.00000 1.42857 -0.00540
v -0.04265 1.42993 0.00032
v -0.07981 1.43075 0.01532
v -0.10792 1.43006 0.03763
v -0.12389 1.42826 0.06515
v -0.12458 1.42719 0.09494
v -0.10917 1.42786 0.12286
v -0.08047 1.42919 0.14521
v -0.04273 1.42960 0.15982
v 0.00000 1.40676 0.12415
v 0.02227 1.40616 0.12161
v 0.04198 1.40551 0.11402
v 0.05668 1.40504 0.10225
v 0.06445 1.40507 0.08773
v 0.06426 1.40571 0.07230
v 0.05625 1.40668 0.05792
v 0.04159 1.40753 0.04630
v 0.02209 1.40791 0.03873
v 0.00000 1.40782 0.03607
v -0.02212 1.40755 0.03866
v -0.04159 1.40749 0.04629
v -0.05595 1.40783 0.05803
v -0.06346 1.40837 0.07239
v -0.06337 1.40868 0.08760
v -0.05577 1.40849 0.10190
v -0.04151 1.40793 0.11364
v -0.02215 1.40732 0.12138
v 0.00000 1.39854 0.08000
v 0.00000 1.39854 0.08000
v 0.00000 1.39854 0.08000
v 0.00000 1.39854 0.08000
v 0.00000 1.39854 0.08000
v 0.00000 1.39854 0.08000
v 0.00000 1.39854 0.08000
v 0.00000 1.39854 0.08000
v 0.00000 1.39854 0.08000
v 0.00000 1.39854 0.08000
v -0.00000 1.39854 0.08000
v -0.00000 1.39854 0.08000
v -0.00000 1.39854 0.08000
v -0.00000 1.39854 0.08000
v -0.00000 1.39854 0.08000
v -0.00000 1.39854 0.08000
v -0.00000 1.39854 0.08000
v -0.00000 1.39854 0.08000
vn 0.0000 1.0000 0.0000
vn 0.0000 1.0000 0.0000
vn 0.0000 1.0000 0.0000
vn 0.0000 1.0000 0.0000
vn 0.0000 1.0000 0.0000
vn 0.0000 1.0000 -0.0000
vn 0.0000 1.0000 -0.0000
vn 0.0000 1.0000 -0.0000
vn 0.0000 1.0000 -0.0000
vn 0.0000 1.0000 -0.0000
vn -0.0000 1.0000 -0.0000
vn -0.0000 1.0000 -0.0000
vn -0.0000 1.0000 -0.0000
vn -0.0000 1.0000 -0.0000
vn -0.0000 1.0000 0.0000
vn -0.0000 1.0000 0.0000
vn -0.0000 1.0000 0.0000
vn -0.0000 1.0000 0.0000
vn 0.0000 0.9448 0.3276
vn 0.0765 0.9480 0.3089
vn 0.1449 0.9563 0.2540
vn 0.1973 0.9659 0.1675
vn 0.2258 0.9724 0.0586
vn 0.2258 0.9724 -0.0586
vn 0.1973 0.9659 -0.1675
vn 0.1449 0.9563 -0.2540
vn 0.0765 0.9480 -0.3089
vn 0.0000 0.9448 -0.3276
vn -0.0765 0.9480 -0.3089
vn -0.1449 0.9563 -0.2540
vn -0.1973 0.9659 -0.1675
vn -0.2258 0.9724 -0.0586
vn -0.2258 0.9724 0.0586
vn -0.1973 0.9659 0.1675
vn -0.1449 0.9563 0.2540
vn -0.0765 0.9480 0.3089
vn 0.0000 0.8011 0.5985
vn 0.1408 0.8103 0.5689
vn 0.2727 0.8350 0.4779
vn 0.3811 0.8661 0.3236
vn 0.4445 0.8883 0.1153
vn 0.4445 0.8883 -0.1153
vn 0.3811 0.8661 -0.3236
vn 0.2727 0.8350 -0.4779
vn 0.1408 0.8103 -0.5689
vn 0.0000 0.8011 -0.5985
vn -0.1408 0.8103 -0.5689
vn -0.2727 0.8350 -0.4779
vn -0.3811 0.8661 -0.3236
vn -0.4445 0.8883 -0.1153
vn -0.4445 0.8883 0.1153
vn -0.3811 0.8661 0.3236
vn -0.2727 0.8350 0.4779
vn -0.1408 0.8103 0.5689
vn 0.0000 0.6114 0.7913
vn 0.1878 0.6239 0.7587
vn 0.3728 0.6590 0.6533
vn 0.5390 0.7072 0.4576
vn 0.6457 0.7450 0.1674
vn 0.6457 0.7450 -0.1674
vn 0.5390 0.7072 -0.4576
vn 0.3728 0.6590 -0.6533
vn 0.1878 0.6239 -0.7587
vn 0.0000 0.6114 -0.7913
vn -0.1878 0.6239 -0.7587
vn -0.3728 0.6590 -0.6533
vn -0.5390 0.7072 -0.4576
vn -0.6457 0.7450 -0.1674
vn -0.6457 0.7450 0.1674
vn -0.5390 0.7072 0.4576
vn -0.3728 0.6590 0.6533
vn -0.1878 0.6239 0.7587
vn 0.0000 0.4074 0.9132
vn 0.2182 0.4186 0.8816
vn 0.4422 0.4514 0.7750
vn 0.6601 0.5001 0.5605
vn 0.8135 0.5420 0.2109
vn 0.8135 0.5420 -0.2109
vn 0.6601 0.5001 -0.5605
vn 0.4422 0.4514 -0.7750
vn 0.2182 0.4186 -0.8816
vn 0.0000 0.4074 -0.9132
vn -0.2182 0.4186 -0.8816
vn -0.4422 0.4514 -0.7750
vn -0.6601 0.5001 -0.5605
vn -0.8135 0.5420 -0.2109
vn -0.8135 0.5420 0.2109
vn -0.6601 0.5001 0.5605
vn -0.4422 0.4514 0.7750
vn -0.2182 0.4186 0.8816
vn 0.0000 0.2028 0.9792
vn 0.2349 0.2092 0.9492
vn 0.4825 0.2285 0.8456
vn 0.7363 0.2589 0.6252
vn 0.9273 0.2867 0.2405
vn 0.9273 0.2867 -0.2405
vn 0.7363 0.2589 -0.6252
vn 0.4825 0.2285 -0.8456
vn 0.2349 0.2092 -0.9492
vn 0.0000 0.2028 -0.9792
vn -0.2349 0.2092 -0.9492
vn -0.4825 0.2285 -0.8456
vn -0.7363 0.2589 -0.6252
vn -0.9273 0.2867 -0.2405
vn -0.9273 0.2867 0.2405
vn -0.7363 0.2589 0.6252
vn -0.4825 0.2285 0.8456
vn -0.2349 0.2092 0.9492
vn 0.0000 0.0000 1.0000
vn 0.2403 0.0000 0.9707
vn 0.4956 0.0000 0.8686
vn 0.7623 0.0000 0.6472
vn 0.9680 0.0000 0.2510
vn 0.9680 0.0000 -0.2510
vn 0.7623 0.0000 -0.6472
vn 0.4956 0.0000 -0.8686
vn 0.2403 0.0000 -0.9707
vn 0.0000 0.0000 -1.0000
vn -0.2403 0.0000 -0.9707
vn -0.4956 0.0000 -0.8686
vn -0.7623 0.0000 -0.6472
vn -0.9680 0.0000 -0.2510
vn -0.9680 0.0000 0.2510
vn -0.7623 0.0000 0.6472
vn -0.4956 0.0000 0.8686
vn -0.2403 0.0000 0.9707
vn 0.0000 -0.2028 0.9792
vn 0.2349 -0.2092 0.9492
vn 0.4825 -0.2285 0.8456
vn 0.7363 -0.2589 0.6252
vn 0.9273 -0.2867 0.2405
vn 0.9273 -0.2867 -0.2405
vn 0.7363 -0.2589 -0.6252
vn 0.4825 -0.2285 -0.8456
vn 0.2349 -0.2092 -0.9492
vn 0.0000 -0.2028 -0.9792
vn -0.2349 -0.2092 -0.9492
vn -0.4825 -0.2285 -0.8456
vn -0.7363 -0.2589 -0.6252
vn -0.9273 -0.2867 -0.2405
vn -0.9273 -0.2867 0.2405
vn -0.7363 -0.2589 0.6252
vn -0.4825 -0.2285 0.8456
vn -0.2349 -0.2092 0.9492
vn 0.0000 -0.4074 0.9132
vn 0.2182 -0.4186 0.8816
vn 0.4422 -0.4514 0.7750
vn 0.6601 -0.5001 0.5605
vn 0.8135 -0.5420 0.2109
vn 0.8135 -0.5420 -0.2109
vn 0.6601 -0.5001 -0.5605
vn 0.4422 -0.4514 -0.7750
vn 0.2182 -0.4186 -0.8816
vn 0.0000 -0.4074 -0.9132
vn -0.2182 -0.4186 -0.8816
vn -0.4422 -0.4514 -0.7750
vn -0.6601 -0.5001 -0.5605
vn -0.8135 -0.5420 -0.2109
vn -0.8135 -0.5420 0.2109
vn -0.6601 -0.5001 0.5605
vn -0.4422 -0.4514 0.7750
vn -0.2182 -0.4186 0.8816
vn 0.0000 -0.6114 0.7913
vn 0.1878 -0.6239 0.7587
vn 0.3728 -0.6590 0.6533
vn 0.5390 -0.7072 0.4576
vn 0.6457 -0.7450 0.1674
vn 0.6457 -0.7450 -0.1674
vn 0.5390 -0.7072 -0.4576
vn 0.3728 -0.6590 -0.6533
vn 0.1878 -0.6239 -0.7587
vn 0.0000 -0.6114 -0.7913
vn -0.1878 -0.6239 -0.7587
vn -0.3728 -0.6590 -0.6533
vn -0.5390 -0.7072 -0.4576
vn -0.6457 -0.7450 -0.1674
vn -0.6457 -0.7450 0.1674
vn -0.5390 -0.7072 0.4576
vn -0.3728 -0.6590 0.6533
vn -0.1878 -0.6239 0.7587
vn 0.0000 -0.8011 0.5985
vn 0.1408 -0.8103 0.5689
vn 0.2727 -0.8350 0.4779
vn 0.3811 -0.8661 0.3236
vn 0.4445 -0.8883 0.1153
vn 0.4445 -0.8883 -0.1153
vn 0.3811 -0.8661 -0.3236
vn 0.2727 -0.8350 -0.4779
vn 0.1408 -0.8103 -0.5689
vn 0.0000 -0.8011 -0.5985
vn -0.1408 -0.8103 -0.5689
vn -0.2727 -0.8350 -0.4779
vn -0.3811 -0.8661 -0.3236
vn -0.4445 -0.8883 -0.1153
vn -0.4445 -0.8883 0.1153
vn -0.3811 -0.8661 0.3236
vn -0.2727 -0.8350 0.4779
vn -0.1408 -0.8103 0.5689
vn 0.0000 -0.9448 0.3276
vn 0.0765 -0.9480 0.3089
vn 0.1449 -0.9563 0.2540
vn 0.1973 -0.9659 0.1675
vn 0.2258 -0.9724 0.0586
vn 0.2258 -0.9724 -0.0586
vn 0.1973 -0.9659 -0.1675
vn 0.1449 -0.9563 -0.2540
vn 0.0765 -0.9480 -0.3089
vn 0.0000 -0.9448 -0.3276
vn -0.0765 -0.9480 -0.3089
vn -0.1449 -0.9563 -0.2540
vn -0.1973 -0.9659 -0.1675
vn -0.2258 -0.9724 -0.0586
vn -0.2258 -0.9724 0.0586
vn -0.1973 -0.9659 0.1675
vn -0.1449 -0.9563 0.2540
vn -0.0765 -0.9480 0.3089
vn 0.0000 -1.0000 0.0000
vn 0.0000 -1.0000 0.0000
vn 0.0000 -1.0000 0.0000
vn 0.0000 -1.0000 0.0000
vn 0.0000 -1.0000 0.0000
vn 0.0000 -1.0000 -0.0000
vn 0.0000 -1.0000 -0.0000
vn 0.0000 -1.0000 -0.0000
vn 0.0000 -1.0000 -0.0000
vn 0.0000 -1.0000 -0.0000
vn -0.0000 -1.0000 -0.0000
vn -0.0000 -1.0000 -0.0000
vn -0.0000 -1.0000 -0.0000
vn -0.0000 -1.0000 -0.0000
vn -0.0000 -1.0000 0.0000
vn -0.0000 -1.0000 0.0000
vn -0.0000 -1.0000 0.0000
vn -0.0000 -1.0000 0.0000
f 740//740 741//741 723//723 722//722
f 741//741 742//742 724//724 723//723
f 742//742 743//743 725//725 724//724
f 743//743 744//744 726//726 725//725
f 744//744 745//745 727//727 726//726
f 745//745 746//746 728//728 727//727
f 746//746 747//747 729//729 728//728
f 747//747 748//748 730//730 729//729
f 748//748 749//749 731//731 730//730
f 749//749 750//750 732//732 731//731
f 750//750 751//751 733//733 732//732
f 751//751 752//752 734//734 733//733
f 752//752 753//753 735//735 734//734
f 753//753 754//754 736//736 735//735
f 754//754 755//755 737//737 736//736
f 755//755 756//756 738//738 737//737
f 756//756 757//757 739//739 738//738
f 757//757 740//740 722//722 739//739
f 758//758 759//759 741//741 740//740
f 759//759 760//760 742//742 741//741
f 760//760 761//761 743//743 742//742
f 761//761 762//762 744//744 743//743
f 762//762 763//763 745//745 744//744
f 763//763 764//764 746//746 745//745
f 764//764 765//765 747//747 746//746
f 765//765 766//766 748//748 747//747
f 766//766 767//767 749//749 748//748
f 767//767 768//768 750//750 749//749
f 768//768 769//769 751//751 750//750
f 769//769 770//770 752//752 751//751
f 770//770 771//771 753//753 752//752
f 771//771 772//772 754//754 753//753
f 772//772 773//773 755//755 754//754
f 773//773 774//774 756//756 755//755
f 774//774 775//775 757//757 756//756
f 775//775 758//758 740//740 757//757
f 776//776 777//777 759//759 758//758
f 777//777 778//778 760//760 759//759
f 778//778 779//779 761//761 760//760
f 779//779 780//780 762//762 761//761
f 780//780 781//781 763//763 762//762
f 781//781 782//782 764//764 763//763
f 782//782 783//783 765//765 764//764
f 783//783 784//784 766//766 765//765
f 784//784 785//785 767//767 766//766
f 785//785 786//786 768//768 767//767
f 786//786 787//787 769//769 768//768
f 787//787 788//788 770//770 769//769
f 788//788 789//789 771//771 770//770
f 789//789 790//790 772//772 771//771
f 790//790 791//791 773//773 772//772
f 791//791 792//792 774//774 773//773
f 792//792 793//793 775//775 774//774
f 793//793 776//776 758//758 775//775
f 794//794 795//795 777//777 776//776
f 795//795 796//796 778//778 777//777
f 796//796 797//797 779//779 778//778
f 797//797 798//798 780//780 779//779
f 798//798 799//799 781//781 780//780
f 799//799 800//800 782//782 781//781
f 800//800 801//801 783//783 782//782
f 801//801 802//802 784//784 783//783
f 802//802 803//803 785//785 784//784
f 803//803 804//804 786//786 785//785
f 804//804 805//805 787//787 786//786
f 805//805 806//806 788//788 787//787
f 806//806 807//807 789//789 788//788
f 807//807 808//808 790//790 789//789
f 808//808 809//809 791//791 790//790
f 809//809 810//810 792//792 791//791
f 810//810 811//811 793//793 792//792
f 811//811 794//794 776//776 793//793
f 812//812 813//813 795//795 794//794
f 813//813 814//814 796//796 795//795
f 814//814 815//815 797//797 796//796
f 815//815 816//816 798//798 797//797
f 816//816 817//817 799//799 798//798
f 817//817 818//818 800//800 799//799
f 818//818 819//819 801//801 800//800
f 819//819 820//820 802//802 801//801
f 820//820 821//821 803//803 802//802
f 821//821 822//822 804//804 803//803
f 822//822 823//823 805//805 804//804
f 823//823 824//824 806//806 805//805
f 824//824 825//825 807//807 806//806
f 825//825 826//826 808//808 807//807
f 826//826 827//827 809//809 808//808
f 827//827 828//828 810//810 809//809
f 828//828 829//829 811//811 810//810
f 829//829 812//812 794//794 811//811
f 830//830 831//831 813//813 812//812
f 831//831 832//832 814//814 813//813
f 832//832 833//833 815//815 814//814
f 833//833 834//834 816//816 815//815
f 834//834 835//835 817//817 816//816
f 835//835 836//836 818//818 817//817
f 836//836 837//837 819//819 818//818
f 837//837 838//838 820//820 819//819
f 838//838 839//839 821//821 820//820
f 839//839 840//840 822//822 821//821
f 840//840 841//841 823//823 822//822
f 841//841 842//842 824//824 823//823
f 842//842 843//843 825//825 824//824
f 843//843 844//844 826//826 825//825
f 844//844 845//845 827//827 826//826
f 845//845 846//846 828//828 827//827
f 846//846 847//847 829//829 828//828
f 847//847 830//830 812//812 829//829
f 848//848 849//849 831//831 830//830
f 849//849 850//850 832//832 831//831
f 850//850 851//851 833//833 832//832
f 851//851 852//852 834//834 833//833
f 852//852 853//853 835//835 834//834
f 853//853 854//854 836//836 835//835
f 854//854 855//855 837//837 836//836
f 855//855 856//856 838//838 837//837
f 856//856 857//857 839//839 838//838
f 857//857 858//858 840//840 839//839
f 858//858 859//859 841//841 840//840
f 859//859 860//860 842//842 841//841
f 860//860 861//861 843//843 842//842
f 861//861 862//862 844//844 843//843
f 862//862 863//863 845//845 844//844
f 863//863 864//864 846//846 845//845
f 864//864 865//865 847//847 846//846
f 865//865 848//848 830//830 847//847
f 866//866 867//867 849//849 848//848
f 867//867 868//868 850//850 849//849
f 868//868 869//869 851//851 850//850
f 869//869 870//870 852//852 851//851
f 870//870 871//871 853//853 852//852
f 871//871 872//872 854//854 853//853
f 872//872 873//873 855//855 854//854
f 873//873 874//874 856//856 855//855
f 874//874 875//875 857//857 856//856
f 875//875 876//876 858//858 857//857
f 876//876 877//877 859//859 858//858
f 877//877 878//878 860//860 859//859
f 878//878 879//879 861//861 860//860
f 879//879 880//880 862//862 861//861
f 880//880 881//881 863//863 862//862
f 881//881 882//882 864//864 863//863
f 882//882 883//883 865//865 864//864
f 883//883 866//866 848//848 865//865
f 884//884 885//885 867//867 866//866
f 885//885 886//886 868//868 867//867
f 886//886 887//887 869//869 868//868
f 887//887 888//888 870//870 869//869
f 888//888 889//889 871//871 870//870
f 889//889 890//890 872//872 871//871
f 890//890 891//891 873//873 872//872
f 891//891 892//892 874//874 873//873
f 892//892 893//893 875//875 874//874
f 893//893 894//894 876//876 875//875
f 894//894 895//895 877//877 876//876
f 895//895 896//896 878//878 877//877
f 896//896 897//897 879//879 878//878
f 897//897 898//898 880//880 879//879
f 898//898 899//899 881//881 880//880
f 899//899 900//900 882//882 881//881
f 900//900 901//901 883//883 882//882
f 901//901 884//884 866//866 883//883
f 902//902 903//903 885//885 884//884
f 903//903 904//904 886//886 885//885
f 904//904 905//905 887//887 886//886
f 905//905 906//906 888//888 887//887
f 906//906 907//907 889//889 888//888
f 907//907 908//908 890//890 889//889
f 908//908 909//909 891//891 890//890
f 909//909 910//910 892//892 891//891
f 910//910 911//911 893//893 892//892
f 911//911 912//912 894//894 893//893
f 912//912 913//913 895//895 894//894
f 913//913 914//914 896//896 895//895
f 914//914 915//915 897//897 896//896
f 915//915 916//916 898//898 897//897
f 916//916 917//917 899//899 898//898
f 917//917 918//918 900//900 899//899
f 918//918 919//919 901//901 900//900
f 919//919 902//902 884//884 901//901
f 920//920 921//921 903//903 902//902
f 921//921 922//922 904//904 903//903
f 922//922 923//923 905//905 904//904
f 923//923 924//924 906//906 905//905
f 924//924 925//925 907//907 906//906
f 925//925 926//926 908//908 907//907
f 926//926 927//927 909//909 908//908
f 927//927 928//928 910//910 909//909
f 928//928 929//929 911//911 910//910
f 929//929 930//930 912//912 911//911
f 930//930 931//931 913//913 912//912
f 931//931 932//932 914//914 913//913
f 932//932 933//933 915//915 914//914
f 933//933 934//934 916//916 915//915
f 934//934 935//935 917//917 916//916
f 935//935 936//936 918//918 917//917
f 936//936 937//937 919//919 918//918
f 937//937 920//920 902//902 919//919
f 938//938 939//939 921//921 920//920
f 939//939 940//940 922//922 921//921
f 940//940 941//941 923//923 922//922
f 941//941 942//942 924//924 923//923
f 942//942 943//943 925//925 924//924
f 943//943 944//944 926//926 925//925
f 944//944 945//945 927//927 926//926
f 945//945 946//946 928//928 927//927
f 946//946 947//947 929//929 928//928
f 947//947 948//948 930//930 929//929
f 948//948 949//949 931//931 930//930
f 949//949 950//950 932//932 931//931
f 950//950 951//951 933//933 932//932
f 951//951 952//952 934//934 933//933
f 952//952 953//953 935//935 934//934
f 953//953 954//954 936//936 935//935
f 954//954 955//955 937//937 936//936
f 955//955 938//938 920//920 937//937
g part7
usemtl rust
v -0.24350 1.73416 0.14809
v -0.28662 1.74757 0.13216
v -0.30792 1.76212 0.09182
v -0.29745 1.77099 0.04595
v -0.26009 1.77005 0.01601
v -0.21333 1.75972 0.01601
v -0.17906 1.74485 0.04595
v -0.17329 1.73238 0.09182
v -0.19874 1.72816 0.13216
v -0.26584 1.63302 0.11955
v -0.30655 1.64616 0.10459
v -0.32657 1.66054 0.06656
v -0.31654 1.66945 0.02328
v -0.28115 1.66870 -0.00502
v -0.23696 1.65866 -0.00509
v -0.20465 1.64402 0.02311
v -0.19933 1.63162 0.06637
v -0.22350 1.62728 0.10446
v -0.28938 1.53273 0.08830
v -0.32788 1.54470 0.07407
v -0.34690 1.55769 0.03805
v -0.33754 1.56562 -0.00290
v -0.30418 1.56478 -0.02963
v -0.26244 1.55556 -0.02963
v -0.23183 1.54227 -0.00289
v -0.22669 1.53114 0.03806
v -0.24942 1.52738 0.07408
v -0.30903 1.43870 0.06413
v -0.34577 1.44696 0.05010
v -0.36439 1.45499 0.01540
v -0.35616 1.45905 -0.02372
v -0.32495 1.45723 -0.04897
v -0.28535 1.45038 -0.04853
v -0.25590 1.44171 -0.02260
v -0.25037 1.43527 0.01668
v -0.27135 1.43408 0.05094
v -0.32107 1.35301 0.05491
v -0.35605 1.35508 0.04122
v -0.37417 1.35477 0.00825
v -0.36694 1.35223 -0.02858
v -0.33774 1.34864 -0.05204
v -0.30025 1.34569 -0.05115
v -0.27199 1.34476 -0.02632
v -0.26620 1.34627 0.01082
v -0.28559 1.34953 0.04290
v -0.32327 1.27216 0.06545
v -0.35590 1.26823 0.05327
v -0.37269 1.25997 0.02362
v -0.36577 1.25125 -0.00962
v -0.33839 1.24615 -0.03091
v -0.30335 1.24706 -0.03027
v -0.27705 1.25354 -0.00802
v -0.27180 1.26258 0.02545
v -0.29005 1.26993 0.05446
v -0.31785 1.18946 0.09160
v -0.34790 1.18273 0.08122
v -0.36314 1.17092 0.05506
v -0.35643 1.15956 0.02537
v -0.33093 1.15396 0.00603
v -0.29856 1.15674 0.00610
v -0.27446 1.16661 0.02554
v -0.26992 1.17893 0.05526
v -0.28706 1.18796 0.08134
v -0.30888 1.10320 0.12565
v -0.33652 1.09662 0.11624
v -0.35051 1.08522 0.09237
v -0.34430 1.07435 0.06519
v -0.32079 1.06907 0.04742
v -0.29100 1.07188 0.04739
v -0.26885 1.08144 0.06510
v -0.26472 1.09329 0.09227
v -0.28053 1.10188 0.11618
v -0.30136 1.01481 0.15713
v -0.32666 1.00914 0.14839
v -0.33948 0.99920 0.12636
v -0.33384 0.98963 0.10136
v -0.31236 0.98492 0.08507
v -0.28510 0.98726 0.08514
v -0.26481 0.99556 0.10151
v -0.26099 1.00595 0.12654
v -0.27542 1.01354 0.14850
v -0.24350 1.73416 0.14809
v -0.28662 1.74757 0.13216
v -0.30792 1.76212 0.09182
v -0.29745 1.77099 0.04595
v -0.26009 1.77005 0.01601
v -0.21333 1.75972 0.01601
v -0.17906 1.74485 0.04595
v -0.17329 1.73238 0.09182
v -0.19874 1.72816 0.13216
v -0.24000 1.75000 0.08000
v -0.30136 1.01481 0.15713
v -0.32666 1.00914 0.14839
v -0.33948 0.99920 0.12636
v -0.33384 0.98963 0.10136
v -0.31236 0.98492 0.08507
v -0.28510 0.98726 0.08514
v -0.26481 0.99556 0.10151
v -0.26099 1.00595 0.12654
v -0.27542 1.01354 0.14850
v -0.30000 1.00000 0.12000
vn -0.0573 -0.2594 0.9641
vn -0.6729 -0.0681 0.7366
vn -0.9771 0.1395 0.1606
vn -0.8276 0.2660 -0.4943
vn -0.2943 0.2525 -0.9218
vn 0.3733 0.1052 -0.9217
vn 0.8627 -0.1070 -0.4942
vn 0.9450 -0.2848 0.1607
vn 0.5817 -0.3450 0.7366
vn -0.0603 -0.2714 0.9606
vn -0.6743 -0.0733 0.7348
vn -0.9764 0.1438 0.1612
vn -0.8251 0.2781 -0.4918
vn -0.2913 0.2668 -0.9187
vn 0.3754 0.1153 -0.9197
vn 0.8628 -0.1056 -0.4943
vn 0.9431 -0.2925 0.1583
vn 0.5785 -0.3580 0.7329
vn -0.0579 -0.2619 0.9634
vn -0.6731 -0.0689 0.7363
vn -0.9771 0.1398 0.1606
vn -0.8275 0.2662 -0.4943
vn -0.2942 0.2525 -0.9218
vn 0.3734 0.1055 -0.9216
vn 0.8628 -0.1069 -0.4942
vn 0.9447 -0.2862 0.1604
vn 0.5809 -0.3478 0.7359
vn -0.0414 -0.1755 0.9836
vn -0.6655 -0.0303 0.7458
vn -0.9817 0.1090 0.1560
vn -0.8419 0.1773 -0.5096
vn -0.3111 0.1457 -0.9391
vn 0.3626 0.0302 -0.9315
vn 0.8635 -0.1174 -0.4904
vn 0.9568 -0.2306 0.1772
vn 0.5991 -0.2549 0.7590
vn -0.0230 0.0099 0.9997
vn -0.6583 0.0506 0.7510
vn -0.9872 0.0484 0.1519
vn -0.8557 0.0045 -0.5175
vn -0.3252 -0.0601 -0.9437
vn 0.3560 -0.1148 -0.9274
vn 0.8690 -0.1346 -0.4761
vn 0.9738 -0.1107 0.1989
vn 0.6214 -0.0540 0.7816
vn -0.0233 0.2184 0.9756
vn -0.6595 0.1402 0.7385
vn -0.9870 -0.0185 0.1599
vn -0.8524 -0.1836 -0.4897
vn -0.3184 -0.2812 -0.9053
vn 0.3650 -0.2670 -0.8919
vn 0.8778 -0.1451 -0.4566
vn 0.9801 0.0303 0.1960
vn 0.6243 0.1754 0.7612
vn -0.0306 0.3332 0.9424
vn -0.6626 0.1909 0.7243
vn -0.9832 -0.0565 0.1737
vn -0.8425 -0.2934 -0.4519
vn -0.3060 -0.4104 -0.8590
vn 0.3752 -0.3534 -0.8569
vn 0.8822 -0.1479 -0.4471
vn 0.9777 0.1112 0.1781
vn 0.6172 0.3019 0.7266
vn -0.0317 0.3485 0.9368
vn -0.6629 0.1982 0.7220
vn -0.9823 -0.0620 0.1766
vn -0.8405 -0.3104 -0.4442
vn -0.3037 -0.4308 -0.8498
vn 0.3768 -0.3668 -0.8506
vn 0.8826 -0.1483 -0.4461
vn 0.9771 0.1223 0.1744
vn 0.6160 0.3185 0.7205
vn -0.0307 0.3331 0.9424
vn -0.6627 0.1913 0.7240
vn -0.9831 -0.0573 0.1738
vn -0.8420 -0.2964 -0.4507
vn -0.3055 -0.4142 -0.8574
vn 0.3755 -0.3556 -0.8559
vn 0.8822 -0.1480 -0.4469
vn 0.9777 0.1116 0.1781
vn 0.6171 0.3016 0.7268
vn 0.2098 0.9499 0.2318
vn 0.2098 0.9499 0.2318
vn 0.2098 0.9499 0.2318
vn 0.2098 0.9499 0.2318
vn 0.2098 0.9499 0.2318
vn 0.2098 0.9499 0.2318
vn 0.2098 0.9499 0.2318
vn 0.2098 0.9499 0.2318
vn 0.2098 0.9499 0.2318
vn 0.2098 0.9499 0.2318
vn 0.0787 -0.9250 0.3717
vn 0.0787 -0.9250 0.3717
vn 0.0787 -0.9250 0.3717
vn 0.0787 -0.9250 0.3717
vn 0.0787 -0.9250 0.3717
vn 0.0787 -0.9250 0.3717
vn 0.0787 -0.9250 0.3717
vn 0.0787 -0.9250 0.3717
vn 0.0787 -0.9250 0.3717
vn 0.0787 -0.9250 0.3717
f 956//956 957//957 966//966 965//965
f 957//957 958//958 967//967 966//966
f 958//958 959//959 968//968 967//967
f 959//959 960//960 969//969 968//968
f 960//960 961//961 970//970 969//969
f 961//961 962//962 971//971 970//970
f 962//962 963//963 972//972 971//971
f 963//963 964//964 973//973 972//972
f 964//964 956//956 965//965 973//973
f 965//965 966//966 975//975 974//974
f 966//966 967//967 976//976 975//975
f 967//967 968//968 977//977 976//976
f 968//968 969//969 978//978 977//977
f 969//969 970//970 979//979 978//978
f 970//970 971//971 980//980 979//979
f 971//971 972//972 981//981 980//980
f 972//972 973//973 982//982 981//981
f 973//973 965//965 974//974 982//982
f 974//974 975//975 984//984 983//983
f 975//975 976//976 985//985 984//984
f 976//976 977//977 986//986 985//985
f 977//977 978//978 987//987 986//986
f 978//978 979//979 988//988 987//987
f 979//979 980//980 989//989 988//988
f 980//980 981//981 990//990 989//989
f 981//981 982//982 991//991 990//990
f 982//982 974//974 983//983 991//991
f 983//983 984//984 993//993 992//992
f 984//984 985//985 994//994 993//993
f 985//985 986//986 995//995 994//994
f 986//986 987//987 996//996 995//995
f 987//987 988//988 997//997 996//996
f 988//988 989//989 998//998 997//997
f 989//989 990//990 999//999 998//998
f 990//990 991//991 1000//1000 999//999
f 991//991 983//983 992//992 1000//1000
f 992//992 993//993 1002//1002 1001//1001
f 993//993 994//994 1003//1003 1002//1002
f 994//994 995//995 1004//1004 1003//1003
f 995//995 996//996 1005//1005 1004//1004
f 996//996 997//997 1006//1006 1005//1005
f 997//997 998//998 1007//1007 1006//1006
f 998//998 999//999 1008//1008 1007//1007
f 999//999 1000//1000 1009//1009 1008//1008
f 1000//1000 992//992 1001//1001 1009//1009
f 1001//1001 1002//1002 1011//1011 1010//1010
f 1002//1002 1003//1003 1012//1012 1011//1011
f 1003//1003 1004//1004 1013//1013 1012//1012
f 1004//1004 1005//1005 1014//1014 1013//1013
f 1005//1005 1006//1006 1015//1015 1014//1014
f 1006//1006 1007//1007 1016//1016 1015//1015
f 1007//1007 1008//1008 1017//1017 1016//1016
f 1008//1008 1009//1009 1018//1018 1017//1017
f 1009//1009 1001//1001 1010//1010 1018//1018
f 1010//1010 1011//1011 1020//1020 1019//1019
f 1011//1011 1012//1012 1021//1021 1020//1020
f 1012//1012 1013//1013 1022//1022 1021//1021
f 1013//1013 1014//1014 1023//1023 1022//1022
f 1014//1014 1015//1015 1024//1024 1023//1023
f 1015//1015 1016//1016 1025//1025 1024//1024
f 1016//1016 1017//1017 1026//1026 1025//1025
f 1017//1017 1018//1018 1027//1027 1026//1026
f 1018//1018 1010//1010 1019//1019 1027//1027
f 1019//1019 1020//1020 1029//1029 1028//1028
f 1020//1020 1021//1021 1030//1030 1029//1029
f 1021//1021 1022//1022 1031//1031 1030//1030
f 1022//1022 1023//1023 1032//1032 1031//1031
f 1023//1023 1024//1024 1033//1033 1032//1032
f 1024//1024 1025//1025 1034//1034 1033//1033
f 1025//1025 1026//1026 1035//1035 1034//1034
f 1026//1026 1027//1027 1036//1036 1035//1035
f 1027//1027 1019//1019 1028//1028 1036//1036
f 1038//1038 1046//1046 1037//1037
f 1039//1039 1046//1046 1038//1038
f 1040//1040 1046//1046 1039//1039
f 1041//1041 1046//1046 1040//1040
f 1042//1042 1046//1046 1041//1041
f 1043//1043 1046//1046 1042//1042
f 1044//1044 1046//1046 1043//1043
f 1045//1045 1046//1046 1044//1044
f 1037//1037 1046//1046 1045//1045
f 1048//1048 1056//1056 1047//1047
f 1049//1049 1056//1056 1048//1048
f 1050//1050 1056//1056 1049//1049
f 1051//1051 1056//1056 1050//1050
f 1052//1052 1056//1056 1051//1051
f 1053//1053 1056//1056 1052//1052
f 1054//1054 1056//1056 1053//1053
f 1055//1055 1056//1056 1054//1054
f 1047//1047 1056//1056 1055//1055
g part8
usemtl bone
v -0.29886 1.00365 0.13450
v -0.31326 1.00539 0.12448
v -0.30934 0.99968 0.10827
v -0.29251 0.99442 0.10827
v -0.28603 0.99687 0.12448
v -0.30695 0.97780 0.14042
v -0.32018 0.97951 0.13116
v -0.31654 0.97434 0.11619
v -0.30105 0.96943 0.11621
v -0.29512 0.97157 0.13118
v -0.31529 0.95184 0.14602
v -0.32747 0.95331 0.13754
v -0.32415 0.94848 0.12382
v -0.30991 0.94403 0.12382
v -0.30444 0.94610 0.13754
v -0.32288 0.92694 0.15201
v -0.33407 0.92761 0.14454
v -0.33122 0.92273 0.13231
v -0.31826 0.91904 0.13222
v -0.31310 0.92165 0.14439
v -0.32890 0.90383 0.15917
v -0.33892 0.90334 0.15305
v -0.33662 0.89823 0.14271
v -0.32517 0.89557 0.14245
v -0.32040 0.89903 0.15262
v -0.33288 0.88254 0.16822
v -0.34127 0.88118 0.16365
v -0.33949 0.87625 0.15555
v -0.32999 0.87456 0.15511
v -0.32591 0.87845 0.16294
v -0.33544 0.86208 0.17890
v -0.34181 0.86063 0.17571
v -0.34050 0.85658 0.16981
v -0.33332 0.85553 0.16936
v -0.33019 0.85893 0.17497
v -0.33743 0.84176 0.19040
v -0.34163 0.84076 0.18832
v -0.34077 0.83806 0.18447
v -0.33604 0.83739 0.18415
v -0.33398 0.83968 0.18782
v -0.33974 0.82108 0.20166
v -0.34180 0.82061 0.20063
v -0.34137 0.81930 0.19873
v -0.33905 0.81896 0.19858
v -0.33804 0.82006 0.20040
v -0.29886 1.00365 0.13450
v -0.31326 1.00539 0.12448
v -0.30934 0.99968 0.10827
v -0.29251 0.99442 0.10827
v -0.28603 0.99687 0.12448
v -0.30000 1.00000 0.12000
v -0.33974 0.82108 0.20166
v -0.34180 0.82061 0.20063
v -0.34137 0.81930 0.19873
v -0.33905 0.81896 0.19858
v -0.33804 0.82006 0.20040
v -0.34000 0.82000 0.20000
vn 0.0637 0.2037 0.9770
vn -0.8957 0.3194 0.3094
vn -0.6343 -0.0608 -0.7707
vn 0.4866 -0.4114 -0.7707
vn 0.9180 -0.2480 0.3094
vn 0.0617 0.1978 0.9783
vn -0.8952 0.3215 0.3085
vn -0.6318 -0.0522 -0.7733
vn 0.4879 -0.4070 -0.7722
vn 0.9165 -0.2524 0.3103
vn 0.0634 0.2027 0.9772
vn -0.8957 0.3195 0.3094
vn -0.6342 -0.0604 -0.7708
vn 0.4867 -0.4111 -0.7708
vn 0.9178 -0.2486 0.3096
vn 0.0761 0.2433 0.9669
vn -0.8988 0.3040 0.3157
vn -0.6500 -0.1207 -0.7502
vn 0.4792 -0.4422 -0.7582
vn 0.9278 -0.2175 0.3033
vn 0.0966 0.3221 0.9418
vn -0.9030 0.2756 0.3296
vn -0.6725 -0.2317 -0.7028
vn 0.4697 -0.4987 -0.7285
vn 0.9448 -0.1563 0.2880
vn 0.1144 0.4097 0.9050
vn -0.9041 0.2464 0.3490
vn -0.6874 -0.3500 -0.6364
vn 0.4652 -0.5570 -0.6880
vn 0.9605 -0.0871 0.2644
vn 0.1234 0.4634 0.8775
vn -0.9027 0.2300 0.3637
vn -0.6918 -0.4211 -0.5866
vn 0.4647 -0.5910 -0.6594
vn 0.9684 -0.0441 0.2454
vn 0.1247 0.4716 0.8730
vn -0.9023 0.2277 0.3661
vn -0.6922 -0.4321 -0.5781
vn 0.4647 -0.5961 -0.6548
vn 0.9695 -0.0376 0.2420
vn 0.1234 0.4642 0.8771
vn -0.9027 0.2298 0.3638
vn -0.6918 -0.4226 -0.5855
vn 0.4647 -0.5915 -0.6589
vn 0.9685 -0.0435 0.2450
vn 0.2888 0.9229 -0.2548
vn 0.2888 0.9229 -0.2548
vn 0.2888 0.9229 -0.2548
vn 0.2888 0.9229 -0.2548
vn 0.2888 0.9229 -0.2548
vn 0.2888 0.9229 -0.2548
vn -0.0863 -0.8300 0.5511
vn -0.0863 -0.8300 0.5511
vn -0.0863 -0.8300 0.5511
vn -0.0863 -0.8300 0.5511
vn -0.0863 -0.8300 0.5511
vn -0.0863 -0.8300 0.5511
f 1057//1057 1058//1058 1063//1063 1062//1062
f 1058//1058 1059//1059 1064//1064 1063//1063
f 1059//1059 1060//1060 1065//1065 1064//1064
f 1060//1060 1061//1061 1066//1066 1065//1065
f 1061//1061 1057//1057 1062//1062 1066//1066
f 1062//1062 1063//1063 1068//1068 1067//1067
f 1063//1063 1064//1064 1069//1069 1068//1068
f 1064//1064 1065//1065 1070//1070 1069//1069
f 1065//1065 1066//1066 1071//1071 1070//1070
f 1066//1066 1062//1062 1067//1067 1071//1071
f 1067//1067 1068//1068 1073//1073 1072//1072
f 1068//1068 1069//1069 1074//1074 1073//1073
f 1069//1069 1070//1070 1075//1075 1074//1074
f 1070//1070 1071//1071 1076//1076 1075//1075
f 1071//1071 1067//1067 1072//1072 1076//1076
f 1072//1072 1073//1073 1078//1078 1077//1077
f 1073//1073 1074//1074 1079//1079 1078//1078
f 1074//1074 1075//1075 1080//1080 1079//1079
f 1075//1075 1076//1076 1081//1081 1080//1080
f 1076//1076 1072//1072 1077//1077 1081//1081
f 1077//1077 1078//1078 1083//1083 1082//1082
f 1078//1078 1079//1079 1084//1084 1083//1083
f 1079//1079 1080//1080 1085//1085 1084//1084
f 1080//1080 1081//1081 1086//1086 1085//1085
f 1081//1081 1077//1077 1082//1082 1086//1086
f 1082//1082 1083//1083 1088//1088 1087//1087
f 1083//1083 1084//1084 1089//1089 1088//1088
f 1084//1084 1085//1085 1090//1090 1089//1089
f 1085//1085 1086//1086 1091//1091 1090//1090
f 1086//1086 1082//1082 1087//1087 1091//1091
f 1087//1087 1088//1088 1093//1093 1092//1092
f 1088//1088 1089//1089 1094//1094 1093//1093
f 1089//1089 1090//1090 1095//1095 1094//1094
f 1090//1090 1091//1091 1096//1096 1095//1095
f 1091//1091 1087//1087 1092//1092 1096//1096
f 1092//1092 1093//1093 1098//1098 1097//1097
f 1093//1093 1094//1094 1099//1099 1098//1098
f 1094//1094 1095//1095 1100//1100 1099//1099
f 1095//1095 1096//1096 1101//1101 1100//1100
f 1096//1096 1092//1092 1097//1097 1101//1101
f 1103//1103 1107//1107 1102//1102
f 1104//1104 1107//1107 1103//1103
f 1105//1105 1107//1107 1104//1104
f 1106//1106 1107//1107 1105//1105
f 1102//1102 1107//1107 1106//1106
f 1109//1109 1113//1113 1108//1108
f 1110//1110 1113//1113 1109//1109
f 1111//1111 1113//1113 1110//1110
f 1112//1112 1113//1113 1111//1111
f 1108//1108 1113//1113 1112//1112
g part9
usemtl bone
v -0.30000 1.00399 0.13446
v -0.31427 1.00123 0.12447
v -0.30882 0.99677 0.10830
v -0.29118 0.99677 0.10830
v -0.28573 1.00123 0.12447
v -0.30000 0.97811 0.14038
v -0.31314 0.97564 0.13116
v -0.30812 0.97163 0.11623
v -0.29188 0.97163 0.11623
v -0.28686 0.97564 0.13116
v -0.30000 0.95213 0.14598
v -0.31207 0.94979 0.13753
v -0.30746 0.94602 0.12386
v -0.29254 0.94602 0.12386
v -0.28793 0.94979 0.13753
v -0.30000 0.92722 0.15197
v -0.31090 0.92471 0.14445
v -0.30674 0.92066 0.13230
v -0.29326 0.92066 0.13230
v -0.28910 0.92471 0.14445
v -0.30000 0.90406 0.15914
v -0.30951 0.90126 0.15282
v -0.30588 0.89671 0.14261
v -0.29412 0.89671 0.14261
v -0.29049 0.90126 0.15282
v -0.30000 0.88269 0.16821
v -0.30781 0.87986 0.16329
v -0.30483 0.87528 0.15534
v -0.29517 0.87528 0.15534
v -0.29219 0.87986 0.16329
v -0.30000 0.86217 0.17890
v -0.30588 0.85981 0.17534
v -0.30364 0.85598 0.16958
v -0.29636 0.85598 0.16958
v -0.29412 0.85981 0.17534
v -0.30000 0.84181 0.19040
v -0.30387 0.84024 0.18807
v -0.30239 0.83768 0.18430
v -0.29761 0.83768 0.18430
v -0.29613 0.84024 0.18807
v -0.30000 0.82111 0.20167
v -0.30190 0.82034 0.20051
v -0.30118 0.81910 0.19865
v -0.29882 0.81910 0.19865
v -0.29810 0.82034 0.20051
v -0.30000 1.00399 0.13446
v -0.31427 1.00123 0.12447
v -0.30882 0.99677 0.10830
v -0.29118 0.99677 0.10830
v -0.28573 1.00123 0.12447
v -0.30000 1.00000 0.12000
v -0.30000 0.82111 0.20167
v -0.30190 0.82034 0.20051
v -0.30118 0.81910 0.19865
v -0.29882 0.81910 0.19865
v -0.29810 0.82034 0.20051
v -0.30000 0.82000 0.20000
vn 0.0000 0.2230 0.9748
vn -0.9501 0.0392 0.3094
vn -0.5872 -0.2582 -0.7672
vn 0.5872 -0.2582 -0.7672
vn 0.9501 0.0392 0.3094
vn 0.0000 0.2168 0.9762
vn -0.9502 0.0380 0.3095
vn -0.5872 -0.2515 -0.7694
vn 0.5872 -0.2515 -0.7694
vn 0.9502 0.0380 0.3095
vn 0.0000 0.2220 0.9750
vn -0.9501 0.0390 0.3095
vn -0.5872 -0.2578 -0.7673
vn 0.5872 -0.2578 -0.7673
vn 0.9501 0.0390 0.3095
vn 0.0000 0.2640 0.9645
vn -0.9497 0.0475 0.3094
vn -0.5870 -0.3042 -0.7503
vn 0.5870 -0.3042 -0.7503
vn 0.9497 0.0475 0.3094
vn 0.0000 0.3427 0.9394
vn -0.9489 0.0643 0.3088
vn -0.5866 -0.3861 -0.7119
vn 0.5866 -0.3861 -0.7119
vn 0.9489 0.0643 0.3088
vn 0.0000 0.4268 0.9044
vn -0.9480 0.0839 0.3071
vn -0.5860 -0.4695 -0.6604
vn 0.5860 -0.4695 -0.6604
vn 0.9480 0.0839 0.3071
vn 0.0000 0.4771 0.8788
vn -0.9473 0.0967 0.3052
vn -0.5856 -0.5182 -0.6234
vn 0.5856 -0.5182 -0.6234
vn 0.9473 0.0967 0.3052
vn 0.0000 0.4848 0.8746
vn -0.9473 0.0988 0.3048
vn -0.5855 -0.5257 -0.6172
vn 0.5855 -0.5257 -0.6172
vn 0.9473 0.0988 0.3048
vn 0.0000 0.4779 0.8784
vn -0.9474 0.0970 0.3051
vn -0.5855 -0.5191 -0.6226
vn 0.5855 -0.5191 -0.6226
vn 0.9474 0.0970 0.3051
vn -0.0000 0.9639 -0.2661
vn -0.0000 0.9639 -0.2661
vn -0.0000 0.9639 -0.2661
vn -0.0000 0.9639 -0.2661
vn -0.0000 0.9639 -0.2661
vn -0.0000 0.9639 -0.2661
vn 0.0000 -0.8331 0.5532
vn 0.0000 -0.8331 0.5532
vn 0.0000 -0.8331 0.5532
vn 0.0000 -0.8331 0.5532
vn 0.0000 -0.8331 0.5532
vn 0.0000 -0.8331 0.5532
f 1114//1114 1115//1115 1120//1120 1119//1119
f 1115//1115 1116//1116 1121//1121 1120//1120
f 1116//1116 1117//1117 1122//1122 1121//1121
f 1117//1117 1118//1118 1123//1123 1122//1122
f 1118//1118 1114//1114 1119//1119 1123//1123
f 1119//1119 1120//1120 1125//1125 1124//1124
f 1120//1120 1121//1121 1126//1126 1125//1125
f 1121//1121 1122//1122 1127//1127 1126//1126
f 1122//1122 1123//1123 1128//1128 1127//1127
f 1123//1123 1119//1119 1124//1124 1128//1128
f 1124//1124 1125//1125 1130//1130 1129//1129
f 1125//1125 1126//1126 1131//1131 1130//1130
f 1126//1126 1127//1127 1132//1132 1131//1131
f 1127//1127 1128//1128 1133//1133 1132//1132
f 1128//1128 1124//1124 1129//1129 1133//1133
f 1129//1129 1130//1130 1135//1135 1134//1134
f 1130//1130 1131//1131 1136//1136 1135//1135
f 1131//1131 1132//1132 1137//1137 1136//1136
f 1132//1132 1133//1133 1138//1138 1137//1137
f 1133//1133 1129//1129 1134//1134 1138//1138
f 1134//1134 1135//1135 1140//1140 1139//1139
f 1135//1135 1136//1136 1141//1141 1140//1140
f 1136//1136 1137//1137 1142//1142 1141//1141
f 1137//1137 1138//1138 1143//1143 1142//1142
f 1138//1138 1134//1134 1139//1139 1143//1143
f 1139//1139 1140//1140 1145//1145 1144//1144
f 1140//1140 1141//1141 1146//1146 1145//1145
f 1141//1141 1142//1142 1147//1147 1146//1146
f 1142//1142 1143//1143 1148//1148 1147//1147
f 1143//1143 1139//1139 1144//1144 1148//1148
f 1144//1144 1145//1145 1150//1150 1149//1149
f 1145//1145 1146//1146 1151//1151 1150//1150
f 1146//1146 1147//1147 1152//1152 1151//1151
f 1147//1147 1148//1148 1153//1153 1152//1152
f 1148//1148 1144//1144 1149//1149 1153//1153
f 1149//1149 1150//1150 1155//1155 1154//1154
f 1150//1150 1151//1151 1156//1156 1155//1155
f 1151//1151 1152//1152 1157//1157 1156//1156
f 1152//1152 1153//1153 1158//1158 1157//1157
f 1153//1153 1149//1149 1154//1154 1158//1158
f 1160//1160 1164//1164 1159//1159
f 1161//1161 1164//1164 1160//1160
f 1162//1162 1164//1164 1161//1161
f 1163//1163 1164//1164 1162//1162
f 1159//1159 1164//1164 1163//1163
f 1166//1166 1170//1170 1165//1165
f 1167//1167 1170//1170 1166//1166
f 1168//1168 1170//1170 1167//1167
f 1169//1169 1170//1170 1168//1168
f 1165//1165 1170//1170 1169//1169
g part10
usemtl bone
v -0.30114 1.00365 0.13450
v -0.31397 0.99687 0.12448
v -0.30749 0.99442 0.10827
v -0.29066 0.99968 0.10827
v -0.28674 1.00539 0.12448
v -0.29305 0.97780 0.14042
v -0.30488 0.97157 0.13118
v -0.29895 0.96943 0.11621
v -0.28346 0.97434 0.11619
v -0.27982 0.97951 0.13116
v -0.28471 0.95184 0.14602
v -0.29556 0.94610 0.13754
v -0.29009 0.94403 0.12382
v -0.27585 0.94848 0.12382
v -0.27253 0.95331 0.13754
v -0.27712 0.92694 0.15201
v -0.28690 0.92165 0.14439
v -0.28174 0.91904 0.13222
v -0.26878 0.92273 0.13231
v -0.26593 0.92761 0.14454
v -0.27110 0.90383 0.15917
v -0.27960 0.89903 0.15262
v -0.27483 0.89557 0.14245
v -0.26338 0.89823 0.14271
v -0.26108 0.90334 0.15305
v -0.26712 0.88254 0.16822
v -0.27409 0.87845 0.16294
v -0.27001 0.87456 0.15511
v -0.26051 0.87625 0.15555
v -0.25873 0.88118 0.16365
v -0.26456 0.86208 0.17890
v -0.26981 0.85893 0.17497
v -0.26668 0.85553 0.16936
v -0.25950 0.85658 0.16981
v -0.25819 0.86063 0.17571
v -0.26257 0.84176 0.19040
v -0.26602 0.83968 0.18782
v -0.26396 0.83739 0.18415
v -0.25923 0.83806 0.18447
v -0.25837 0.84076 0.18832
v -0.26026 0.82108 0.20166
v -0.26196 0.82006 0.20040
v -0.26095 0.81896 0.19858
v -0.25863 0.81930 0.19873
v -0.25820 0.82061 0.20063
v -0.30114 1.00365 0.13450
v -0.31397 0.99687 0.12448
v -0.30749 0.99442 0.10827
v -0.29066 0.99968 0.10827
v -0.28674 1.00539 0.12448
v -0.30000 1.00000 0.12000
v -0.26026 0.82108 0.20166
v -0.26196 0.82006 0.20040
v -0.26095 0.81896 0.19858
v -0.25863 0.81930 0.19873
v -0.25820 0.82061 0.20063
v -0.26000 0.82000 0.20000
vn -0.0637 0.2037 0.9770
vn -0.9180 -0.2480 0.3094
vn -0.4866 -0.4114 -0.7707
vn 0.6343 -0.0608 -0.7707
vn 0.8957 0.3194 0.3094
vn -0.0617 0.1978 0.9783
vn -0.9165 -0.2524 0.3103
vn -0.4879 -0.4070 -0.7722
vn 0.6318 -0.0522 -0.7733
vn 0.8952 0.3215 0.3085
vn -0.0634 0.2027 0.9772
vn -0.9178 -0.2486 0.3096
vn -0.4867 -0.4111 -0.7708
vn 0.6342 -0.0604 -0.7708
vn 0.8957 0.3195 0.3094
vn -0.0761 0.2433 0.9669
vn -0.9278 -0.2175 0.3033
vn -0.4792 -0.4422 -0.7582
vn 0.6500 -0.1207 -0.7502
vn 0.8988 0.3040 0.3157
vn -0.0966 0.3221 0.9418
vn -0.9448 -0.1563 0.2880
vn -0.4697 -0.4987 -0.7285
vn 0.6725 -0.2317 -0.7028
vn 0.9030 0.2756 0.3296
vn -0.1144 0.4097 0.9050
vn -0.9605 -0.0871 0.2644
vn -0.4652 -0.5570 -0.6880
vn 0.6874 -0.3500 -0.6364
vn 0.9041 0.2464 0.3490
vn -0.1234 0.4634 0.8775
vn -0.9684 -0.0441 0.2454
vn -0.4647 -0.5910 -0.6594
vn 0.6918 -0.4211 -0.5866
vn 0.9027 0.2300 0.3637
vn -0.1247 0.4716 0.8730
vn -0.9695 -0.0376 0.2420
vn -0.4647 -0.5961 -0.6548
vn 0.6922 -0.4321 -0.5781
vn 0.9023 0.2277 0.3661
vn -0.1234 0.4642 0.8771
vn -0.9685 -0.0435 0.2450
vn -0.4647 -0.5915 -0.6589
vn 0.6918 -0.4226 -0.5855
vn 0.9027 0.2298 0.3638
vn -0.2888 0.9229 -0.2548
vn -0.2888 0.9229 -0.2548
vn -0.2888 0.9229 -0.2548
vn -0.2888 0.9229 -0.2548
vn -0.2888 0.9229 -0.2548
vn -0.2888 0.9229 -0.2548
vn 0.0863 -0.8300 0.5511
vn 0.0863 -0.8300 0.5511
vn 0.0863 -0.8300 0.5511
vn 0.0863 -0.8300 0.5511
vn 0.0863 -0.8300 0.5511
vn 0.0863 -0.8300 0.5511
f 1171//1171 1172//1172 1177//1177 1176//1176
f 1172//1172 1173//1173 1178//1178 1177//1177
f 1173//1173 1174//1174 1179//1179 1178//1178
f 1174//1174 1175//1175 1180//1180 1179//1179
f 1175//1175 1171//1171 1176//1176 1180//1180
f 1176//1176 1177//1177 1182//1182 1181//1181
f 1177//1177 1178//1178 1183//1183 1182//1182
f 1178//1178 1179//1179 1184//1184 1183//1183
f 1179//1179 1180//1180 1185//1185 1184//1184
f 1180//1180 1176//1176 1181//1181 1185//1185
f 1181//1181 1182//1182 1187//1187 1186//1186
f 1182//1182 1183//1183 1188//1188 1187//1187
f 1183//1183 1184//1184 1189//1189 1188//1188
f 1184//1184 1185//1185 1190//1190 1189//1189
f 1185//1185 1181//1181 1186//1186 1190//1190
f 1186//1186 1187//1187 1192//1192 1191//1191
f 1187//1187 1188//1188 1193//1193 1192//1192
f 1188//1188 1189//1189 1194//1194 1193//1193
f 1189//1189 1190//1190 1195//1195 1194//1194
f 1190//1190 1186//1186 1191//1191 1195//1195
f 1191//1191 1192//1192 1197//1197 1196//1196
f 1192//1192 1193//1193 1198//1198 1197//1197
f 1193//1193 1194//1194 1199//1199 1198//1198
f 1194//1194 1195//1195 1200//1200 1199//1199
f 1195//1195 1191//1191 1196//1196 1200//1200
f 1196//1196 1197//1197 1202//1202 1201//1201
f 1197//1197 1198//1198 1203//1203 1202//1202
f 1198//1198 1199//1199 1204//1204 1203//1203
f 1199//1199 1200//1200 1205//1205 1204//1204
f 1200//1200 1196//1196 1201//1201 1205//1205
f 1201//1201 1202//1202 1207//1207 1206//1206
f 1202//1202 1203//1203 1208//1208 1207//1207
f 1203//1203 1204//1204 1209//1209 1208//1208
f 1204//1204 1205//1205 1210//1210 1209//1209
f 1205//1205 1201//1201 1206//1206 1210//1210
f 1206//1206 1207//1207 1212//1212 1211//1211
f 1207//1207 1208//1208 1213//1213 1212//1212
f 1208//1208 1209//1209 1214//1214 1213//1213
f 1209//1209 1210//1210 1215//1215 1214//1214
f 1210//1210 1206//1206 1211//1211 1215//1215
f 1217//1217 1221//1221 1216//1216
f 1218//1218 1221//1221 1217//1217
f 1219//1219 1221//1221 1218//1218
f 1220//1220 1221//1221 1219//1219
f 1216//1216 1221//1221 1220//1220
f 1223//1223 1227//1227 1222//1222
f 1224//1224 1227//1227 1223//1223
f 1225//1225 1227//1227 1224//1224
f 1226//1226 1227//1227 1225//1225
f 1222//1222 1227//1227 1226//1226
g part11
usemtl rust
v 0.24350 1.73416 0.14809
v 0.19874 1.72816 0.13216
v 0.17329 1.73238 0.09182
v 0.17906 1.74485 0.04595
v 0.21333 1.75972 0.01601
v 0.26009 1.77005 0.01601
v 0.29745 1.77099 0.04595
v 0.30792 1.76212 0.09182
v 0.28662 1.74757 0.13216
v 0.26584 1.63302 0.11955
v 0.22350 1.62728 0.10446
v 0.19933 1.63162 0.06637
v 0.20465 1.64402 0.02311
v 0.23696 1.65866 -0.00509
v 0.28115 1.66870 -0.00502
v 0.31654 1.66945 0.02328
v 0.32657 1.66054 0.06656
v 0.30655 1.64616 0.10459
v 0.28938 1.53273 0.08830
v 0.24942 1.52738 0.07408
v 0.22669 1.53114 0.03806
v 0.23183 1.54227 -0.00289
v 0.26244 1.55556 -0.02963
v 0.30418 1.56478 -0.02963
v 0.33754 1.56562 -0.00290
v 0.34690 1.55769 0.03805
v 0.32788 1.54470 0.07407
v 0.30903 1.43870 0.06413
v 0.27135 1.43408 0.05094
v 0.25037 1.43527 0.01668
v 0.25590 1.44171 -0.02260
v 0.28535 1.45038 -0.04853
v 0.32495 1.45723 -0.04897
v 0.35616 1.45905 -0.02372
v 0.36439 1.45499 0.01540
v 0.34577 1.44696 0.05010
v 0.32107 1.35301 0.05491
v 0.28559 1.34953 0.04290
v 0.26620 1.34627 0.01082
v 0.27199 1.34476 -0.02632
v 0.30025 1.34569 -0.05115
v 0.33774 1.34864 -0.05204
v 0.36694 1.35223 -0.02858
v 0.37417 1.35477 0.00825
v 0.35605 1.35508 0.04122
v 0.32327 1.27216 0.06545
v 0.29005 1.26993 0.05446
v 0.27180 1.26258 0.02545
v 0.27705 1.25354 -0.00802
v 0.30335 1.24706 -0.03027
v 0.33839 1.24615 -0.03091
v 0.36577 1.25125 -0.00962
v 0.37269 1.25997 0.02362
v 0.35590 1.26823 0.05327
v 0.31785 1.18946 0.09160
v 0.28706 1.18796 0.08134
v 0.26992 1.17893 0.05526
v 0.27446 1.16661 0.02554
v 0.29856 1.15674 0.00610
v 0.33093 1.15396 0.00603
v 0.35643 1.15956 0.02537
v 0.36314 1.17092 0.05506
v 0.34790 1.18273 0.08122
v 0.30888 1.10320 0.12565
v 0.28053 1.10188 0.11618
v 0.26472 1.09329 0.09227
v 0.26885 1.08144 0.06510
v 0.29100 1.07188 0.04739
v 0.32079 1.06907 0.04742
v 0.34430 1.07435 0.06519
v 0.35051 1.08522 0.09237
v 0.33652 1.09662 0.11624
v 0.30136 1.01481 0.15713
v 0.27542 1.01354 0.14850
v 0.26099 1.00595 0.12654
v 0.26481 0.99556 0.10151
v 0.28510 0.98726 0.08514
v 0.31236 0.98492 0.08507
v 0.33384 0.98963 0.10136
v 0.33948 0.99920 0.12636
v 0.32666 1.00914 0.14839
v 0.24350 1.73416 0.14809
v 0.19874 1.72816 0.13216
v 0.17329 1.73238 0.09182
v 0.17906 1.74485 0.04595
v 0.21333 1.75972 0.01601
v 0.26009 1.77005 0.01601
v 0.29745 1.77099 0.04595
v 0.30792 1.76212 0.09182
v 0.28662 1.74757 0.13216
v 0.24000 1.75000 0.08000
v 0.30136 1.01481 0.15713
v 0.27542 1.01354 0.14850
v 0.26099 1.00595 0.12654
v 0.26481 0.99556 0.10151
v 0.28510 0.98726 0.08514
v 0.31236 0.98492 0.08507
v 0.33384 0.98963 0.10136
v 0.33948 0.99920 0.12636
v 0.32666 1.00914 0.14839
v 0.30000 1.00000 0.12000
vn 0.0573 -0.2594 0.9641
vn -0.5817 -0.3450 0.7366
vn -0.9450 -0.2848 0.1607
vn -0.8627 -0.1070 -0.4942
vn -0.3733 0.1052 -0.9217
vn 0.2943 0.2525 -0.9218
vn 0.8276 0.2660 -0.4943
vn 0.9771 0.1395 0.1606
vn 0.6729 -0.0681 0.7366
vn 0.0603 -0.2714 0.9606
vn -0.5785 -0.3580 0.7329
vn -0.9431 -0.2925 0.1583
vn -0.8628 -0.1056 -0.4943
vn -0.3754 0.1153 -0.9197
vn 0.2913 0.2668 -0.9187
vn 0.8251 0.2781 -0.4918
vn 0.9764 0.1438 0.1612
vn 0.6743 -0.0733 0.7348
vn 0.0579 -0.2619 0.9634
vn -0.5809 -0.3478 0.7359
vn -0.9447 -0.2862 0.1604
vn -0.8628 -0.1069 -0.4942
vn -0.3734 0.1055 -0.9216
vn 0.2942 0.2525 -0.9218
vn 0.8275 0.2662 -0.4943
vn 0.9771 0.1398 0.1606
vn 0.6731 -0.0689 0.7363
vn 0.0414 -0.1755 0.9836
vn -0.5991 -0.2549 0.7590
vn -0.9568 -0.2306 0.1772
vn -0.8635 -0.1174 -0.4904
vn -0.3626 0.0302 -0.9315
vn 0.3111 0.1457 -0.9391
vn 0.8419 0.1773 -0.5096
vn 0.9817 0.1090 0.1560
vn 0.6655 -0.0303 0.7458
vn 0.0230 0.0099 0.9997
vn -0.6214 -0.0540 0.7816
vn -0.9738 -0.1107 0.1989
vn -0.8690 -0.1346 -0.4761
vn -0.3560 -0.1148 -0.9274
vn 0.3252 -0.0601 -0.9437
vn 0.8557 0.0045 -0.5175
vn 0.9872 0.0484 0.1519
vn 0.6583 0.0506 0.7510
vn 0.0233 0.2184 0.9756
vn -0.6243 0.1754 0.7612
vn -0.9801 0.0303 0.1960
vn -0.8778 -0.1451 -0.4566
vn -0.3650 -0.2670 -0.8919
vn 0.3184 -0.2812 -0.9053
vn 0.8524 -0.1836 -0.4897
vn 0.9870 -0.0185 0.1599
vn 0.6595 0.1402 0.7385
vn 0.0306 0.3332 0.9424
vn -0.6172 0.3019 0.7266
vn -0.9777 0.1112 0.1781
vn -0.8822 -0.1479 -0.4471
vn -0.3752 -0.3534 -0.8569
vn 0.3060 -0.4104 -0.8590
vn 0.8425 -0.2934 -0.4519
vn 0.9832 -0.0565 0.1737
vn 0.6626 0.1909 0.7243
vn 0.0317 0.3485 0.9368
vn -0.6160 0.3185 0.7205
vn -0.9771 0.1223 0.1744
vn -0.8826 -0.1483 -0.4461
vn -0.3768 -0.3668 -0.8506
vn 0.3037 -0.4308 -0.8498
vn 0.8405 -0.3104 -0.4442
vn 0.9823 -0.0620 0.1766
vn 0.6629 0.1982 0.7220
vn 0.0307 0.3331 0.9424
vn -0.6171 0.3016 0.7268
vn -0.9777 0.1116 0.1781
vn -0.8822 -0.1480 -0.4469
vn -0.3755 -0.3556 -0.8559
vn 0.3055 -0.4142 -0.8574
vn 0.8420 -0.2964 -0.4507
vn 0.9831 -0.0573 0.1738
vn 0.6627 0.1913 0.7240
vn -0.2098 0.9499 0.2318
vn -0.2098 0.9499 0.2318
vn -0.2098 0.9499 0.2318
vn -0.2098 0.9499 0.2318
vn -0.2098 0.9499 0.2318
vn -0.2098 0.9499 0.2318
vn -0.2098 0.9499 0.2318
vn -0.2098 0.9499 0.2318
vn -0.2098 0.9499 0.2318
vn -0.2098 0.9499 0.2318
vn -0.0787 -0.9250 0.3717
vn -0.0787 -0.9250 0.3717
vn -0.0787 -0.9250 0.3717
vn -0.0787 -0.9250 0.3717
vn -0.0787 -0.9250 0.3717
vn -0.0787 -0.9250 0.3717
vn -0.0787 -0.9250 0.3717
vn -0.0787 -0.9250 0.3717
vn -0.0787 -0.9250 0.3717
vn -0.0787 -0.9250 0.3717
f 1228//1228 1229//1229 1238//1238 1237//1237
f 1229//1229 1230//1230 1239//1239 1238//1238
f 1230//1230 1231//1231 1240//1240 1239//1239
f 1231//1231 1232//1232 1241//1241 1240//1240
f 1232//1232 1233//1233 1242//1242 1241//1241
f 1233//1233 1234//1234 1243//1243 1242//1242
f 1234//1234 1235//1235 1244//1244 1243//1243
f 1235//1235 1236//1236 1245//1245 1244//1244
f 1236//1236 1228//1228 1237//1237 1245//1245
f 1237//1237 1238//1238 1247//1247 1246//1246
f 1238//1238 1239//1239 1248//1248 1247//1247
f 1239//1239 1240//1240 1249//1249 1248//1248
f 1240//1240 1241//1241 1250//1250 1249//1249
f 1241//1241 1242//1242 1251//1251 1250//1250
f 1242//1242 1243//1243 1252//1252 1251//1251
f 1243//1243 1244//1244 1253//1253 1252//1252
f 1244//1244 1245//1245 1254//1254 1253//1253
f 1245//1245 1237//1237 1246//1246 1254//1254
f 1246//1246 1247//1247 1256//1256 1255//1255
f 1247//1247 1248//1248 1257//1257 1256//1256
f 1248//1248 1249//1249 1258//1258 1257//1257
f 1249//1249 1250//1250 1259//1259 1258//1258
f 1250//1250 1251//1251 1260//1260 1259//1259
f 1251//1251 1252//1252 1261//1261 1260//1260
f 1252//1252 1253//1253 1262//1262 1261//1261
f 1253//1253 1254//1254 1263//1263 1262//1262
f 1254//1254 1246//1246 1255//1255 1263//1263
f 1255//1255 1256//1256 1265//1265 1264//1264
f 1256//1256 1257//1257 1266//1266 1265//1265
f 1257//1257 1258//1258 1267//1267 1266//1266
f 1258//1258 1259//1259 1268//1268 1267//1267
f 1259//1259 1260//1260 1269//1269 1268//1268
f 1260//1260 1261//1261 1270//1270 1269//1269
f 1261//1261 1262//1262 1271//1271 1270//1270
f 1262//1262 1263//1263 1272//1272 1271//1271
f 1263//1263 1255//1255 1264//1264 1272//1272
f 1264//1264 1265//1265 1274//1274 1273//1273
f 1265//1265 1266//1266 1275//1275 1274//1274
f 1266//1266 1267//1267 1276//1276 1275//1275
f 1267//1267 1268//1268 1277//1277 1276//1276
f 1268//1268 1269//1269 1278//1278 1277//1277
f 1269//1269 1270//1270 1279//1279 1278//1278
f 1270//1270 1271//1271 1280//1280 1279//1279
f 1271//1271 1272//1272 1281//1281 1280//1280
f 1272//1272 1264//1264 1273//1273 1281//1281
f 1273//1273 1274//1274 1283//1283 1282//1282
f 1274//1274 1275//1275 1284//1284 1283//1283
f 1275//1275 1276//1276 1285//1285 1284//1284
f 1276//1276 1277//1277 1286//1286 1285//1285
f 1277//1277 1278//1278 1287//1287 1286//1286
f 1278//1278 1279//1279 1288//1288 1287//1287
f 1279//1279 1280//1280 1289//1289 1288//1288
f 1280//1280 1281//1281 1290//1290 1289//1289
f 1281//1281 1273//1273 1282//1282 1290//1290
f 1282//1282 1283//1283 1292//1292 1291//1291
f 1283//1283 1284//1284 1293//1293 1292//1292
f 1284//1284 1285//1285 1294//1294 1293//1293
f 1285//1285 1286//1286 1295//1295 1294//1294
f 1286//1286 1287//1287 1296//1296 1295//1295
f 1287//1287 1288//1288 1297//1297 1296//1296
f 1288//1288 1289//1289 1298//1298 1297//1297
f 1289//1289 1290//1290 1299//1299 1298//1298
f 1290//1290 1282//1282 1291//1291 1299//1299
f 1291//1291 1292//1292 1301//1301 1300//1300
f 1292//1292 1293//1293 1302//1302 1301//1301
f 1293//1293 1294//1294 1303//1303 1302//1302
f 1294//1294 1295//1295 1304//1304 1303//1303
f 1295//1295 1296//1296 1305//1305 1304//1304
f 1296//1296 1297//1297 1306//1306 1305//1305
f 1297//1297 1298//1298 1307//1307 1306//1306
f 1298//1298 1299//1299 1308//1308 1307//1307
f 1299//1299 1291//1291 1300//1300 1308//1308
f 1310//1310 1318//1318 1309//1309
f 1311//1311 1318//1318 1310//1310
f 1312//1312 1318//1318 1311//1311
f 1313//1313 1318//1318 1312//1312
f 1314//1314 1318//1318 1313//1313
f 1315//1315 1318//1318 1314//1314
f 1316//1316 1318//1318 1315//1315
f 1317//1317 1318//1318 1316//1316
f 1309//1309 1318//1318 1317//1317
f 1320//1320 1328//1328 1319//1319
f 1321//1321 1328//1328 1320//1320
f 1322//1322 1328//1328 1321//1321
f 1323//1323 1328//1328 1322//1322
f 1324//1324 1328//1328 1323//1323
f 1325//1325 1328//1328 1324//1324
f 1326//1326 1328//1328 1325//1325
f 1327//1327 1328//1328 1326//1326
f 1319//1319 1328//1328 1327//1327
g part12
usemtl bone
v 0.30114 1.00365 0.13450
v 0.28674 1.00539 0.12448
v 0.29066 0.99968 0.10827
v 0.30749 0.99442 0.10827
v 0.31397 0.99687 0.12448
v 0.29305 0.97780 0.14042
v 0.27982 0.97951 0.13116
v 0.28346 0.97434 0.11619
v 0.29895 0.96943 0.11621
v 0.30488 0.97157 0.13118
v 0.28471 0.95184 0.14602
v 0.27253 0.95331 0.13754
v 0.27585 0.94848 0.12382
v 0.29009 0.94403 0.12382
v 0.29556 0.94610 0.13754
v 0.27712 0.92694 0.15201
v 0.26593 0.92761 0.14454
v 0.26878 0.92273 0.13231
v 0.28174 0.91904 0.13222
v 0.28690 0.92165 0.14439
v 0.27110 0.90383 0.15917
v 0.26108 0.90334 0.15305
v 0.26338 0.89823 0.14271
v 0.27483 0.89557 0.14245
v 0.27960 0.89903 0.15262
v 0.26712 0.88254 0.16822
v 0.25873 0.88118 0.16365
v 0.26051 0.87625 0.15555
v 0.27001 0.87456 0.15511
v 0.27409 0.87845 0.16294
v 0.26456 0.86208 0.17890
v 0.25819 0.86063 0.17571
v 0.25950 0.85658 0.16981
v 0.26668 0.85553 0.16936
v 0.26981 0.85893 0.17497
v 0.26257 0.84176 0.19040
v 0.25837 0.84076 0.18832
v 0.25923 0.83806 0.18447
v 0.26396 0.83739 0.18415
v 0.26602 0.83968 0.18782
v 0.26026 0.82108 0.20166
v 0.25820 0.82061 0.20063
v 0.25863 0.81930 0.19873
v 0.26095 0.81896 0.19858
v 0.26196 0.82006 0.20040
v 0.30114 1.00365 0.13450
v 0.28674 1.00539 0.12448
v 0.29066 0.99968 0.10827
v 0.30749 0.99442 0.10827
v 0.31397 0.99687 0.12448
v 0.30000 1.00000 0.12000
v 0.26026 0.82108 0.20166
v 0.25820 0.82061 0.20063
v 0.25863 0.81930 0.19873
v 0.26095 0.81896 0.19858
v 0.26196 0.82006 0.20040
v 0.26000 0.82000 0.20000
vn 0.0637 0.2037 0.9770
vn -0.8957 0.3194 0.3094
vn -0.6343 -0.0608 -0.7707
vn 0.4866 -0.4114 -0.7707
vn 0.9180 -0.2480 0.3094
vn 0.0617 0.1978 0.9783
vn -0.8952 0.3215 0.3085
vn -0.6318 -0.0522 -0.7733
vn 0.4879 -0.4070 -0.7722
vn 0.9165 -0.2524 0.3103
vn 0.0634 0.2027 0.9772
vn -0.8957 0.3195 0.3094
vn -0.6342 -0.0604 -0.7708
vn 0.4867 -0.4111 -0.7708
vn 0.9178 -0.2486 0.3096
vn 0.0761 0.2433 0.9669
vn -0.8988 0.3040 0.3157
vn -0.6500 -0.1207 -0.7502
vn 0.4792 -0.4422 -0.7582
vn 0.9278 -0.2175 0.3033
vn 0.0966 0.3221 0.9418
vn -0.9030 0.2756 0.3296
vn -0.6725 -0.2317 -0.7028
vn 0.4697 -0.4987 -0.7285
vn 0.9448 -0.1563 0.2880
vn 0.1144 0.4097 0.9050
vn -0.9041 0.2464 0.3490
vn -0.6874 -0.3500 -0.6364
vn 0.4652 -0.5570 -0.6880
vn 0.9605 -0.0871 0.2644
vn 0.1234 0.4634 0.8775
vn -0.9027 0.2300 0.3637
vn -0.6918 -0.4211 -0.5866
vn 0.4647 -0.5910 -0.6594
vn 0.9684 -0.0441 0.2454
vn 0.1247 0.4716 0.8730
vn -0.9023 0.2277 0.3661
vn -0.6922 -0.4321 -0.5781
vn 0.4647 -0.5961 -0.6548
vn 0.9695 -0.0376 0.2420
vn 0.1234 0.4642 0.8771
vn -0.9027 0.2298 0.3638
vn -0.6918 -0.4226 -0.5855
vn 0.4647 -0.5915 -0.6589
vn 0.9685 -0.0435 0.2450
vn 0.2888 0.9229 -0.2548
vn 0.2888 0.9229 -0.2548
vn 0.2888 0.9229 -0.2548
vn 0.2888 0.9229 -0.2548
vn 0.2888 0.9229 -0.2548
vn 0.2888 0.9229 -0.2548
vn -0.0863 -0.8300 0.5511
vn -0.0863 -0.8300 0.5511
vn -0.0863 -0.8300 0.5511
vn -0.0863 -0.8300 0.5511
vn -0.0863 -0.8300 0.5511
vn -0.0863 -0.8300 0.5511
f 1329//1329 1330//1330 1335//1335 1334//1334
f 1330//1330 1331//1331 1336//1336 1335//1335
f 1331//1331 1332//1332 1337//1337 1336//1336
f 1332//1332 1333//1333 1338//1338 1337//1337
f 1333//1333 1329//1329 1334//1334 1338//1338
f 1334//1334 1335//1335 1340//1340 1339//1339
f 1335//1335 1336//1336 1341//1341 1340//1340
f 1336//1336 1337//1337 1342//1342 1341//1341
f 1337//1337 1338//1338 1343//1343 1342//1342
f 1338//1338 1334//1334 1339//1339 1343//1343
f 1339//1339 1340//1340 1345//1345 1344//1344
f 1340//1340 1341//1341 1346//1346 1345//1345
f 1341//1341 1342//1342 1347//1347 1346//1346
f 1342//1342 1343//1343 1348//1348 1347//1347
f 1343//1343 1339//1339 1344//1344 1348//1348
f 1344//1344 1345//1345 1350//1350 1349//1349
f 1345//1345 1346//1346 1351//1351 1350//1350
f 1346//1346 1347//1347 1352//1352 1351//1351
f 1347//1347 1348//1348 1353//1353 1352//1352
f 1348//1348 1344//1344 1349//1349 1353//1353
f 1349//1349 1350//1350 1355//1355 1354//1354
f 1350//1350 1351//1351 1356//1356 1355//1355
f 1351//1351 1352//1352 1357//1357 1356//1356
f 1352//1352 1353//1353 1358//1358 1357//1357
f 1353//1353 1349//1349 1354//1354 1358//1358
f 1354//1354 1355//1355 1360//1360 1359//1359
f 1355//1355 1356//1356 1361//1361 1360//1360
f 1356//1356 1357//1357 1362//1362 1361//1361
f 1357//1357 1358//1358 1363//1363 1362//1362
f 1358//1358 1354//1354 1359//1359 1363//1363
f 1359//1359 1360//1360 1365//1365 1364//1364
f 1360//1360 1361//1361 1366//1366 1365//1365
f 1361//1361 1362//1362 1367//1367 1366//1366
f 1362//1362 1363//1363 1368//1368 1367//1367
f 1363//1363 1359//1359 1364//1364 1368//1368
f 1364//1364 1365//1365 1370//1370 1369//1369
f 1365//1365 1366//1366 1371//1371 1370//1370
f 1366//1366 1367//1367 1372//1372 1371//1371
f 1367//1367 1368//1368 1373//1373 1372//1372
f 1368//1368 1364//1364 1369//1369 1373//1373
f 1375//1375 1379//1379 1374//1374
f 1376//1376 1379//1379 1375//1375
f 1377//1377 1379//1379 1376//1376
f 1378//1378 1379//1379 1377//1377
f 1374//1374 1379//1379 1378//1378
f 1381//1381 1385//1385 1380//1380
f 1382//1382 1385//1385 1381//1381
f 1383//1383 1385//1385 1382//1382
f 1384//1384 1385//1385 1383//1383
f 1380//1380 1385//1385 1384//1384
g part13
usemtl bone
v 0.30000 1.00399 0.13446
v 0.28573 1.00123 0.12447
v 0.29118 0.99677 0.10830
v 0.30882 0.99677 0.10830
v 0.31427 1.00123 0.12447
v 0.30000 0.97811 0.14038
v 0.28686 0.97564 0.13116
v 0.29188 0.97163 0.11623
v 0.30812 0.97163 0.11623
v 0.31314 0.97564 0.13116
v 0.30000 0.95213 0.14598
v 0.28793 0.94979 0.13753
v 0.29254 0.94602 0.12386
v 0.30746 0.94602 0.12386
v 0.31207 0.94979 0.13753
v 0.30000 0.92722 0.15197
v 0.28910 0.92471 0.14445
v 0.29326 0.92066 0.13230
v 0.30674 0.92066 0.13230
v 0.31090 0.92471 0.14445
v 0.30000 0.90406 0.15914
v 0.29049 0.90126 0.15282
v 0.29412 0.89671 0.14261
v 0.30588 0.89671 0.14261
v 0.30951 0.90126 0.15282
v 0.30000 0.88269 0.16821
v 0.29219 0.87986 0.16329
v 0.29517 0.87528 0.15534
v 0.30483 0.87528 0.15534
v 0.30781 0.87986 0.16329
v 0.30000 0.86217 0.17890
v 0.29412 0.85981 0.17534
v 0.29636 0.85598 0.16958
v 0.30364 0.85598 0.16958
v 0.30588 0.85981 0.17534
v 0.30000 0.84181 0.19040
v 0.29613 0.84024 0.18807
v 0.29761 0.83768 0.18430
v 0.30239 0.83768 0.18430
v 0.30387 0.84024 0.18807
v 0.30000 0.82111 0.20167
v 0.29810 0.82034 0.20051
v 0.29882 0.81910 0.19865
v 0.30118 0.81910 0.19865
v 0.30190 0.82034 0.20051
v 0.30000 1.00399 0.13446
v 0.28573 1.00123 0.12447
v 0.29118 0.99677 0.10830
v 0.30882 0.99677 0.10830
v 0.31427 1.00123 0.12447
v 0.30000 1.00000 0.12000
v 0.30000 0.82111 0.20167
v 0.29810 0.82034 0.20051
v 0.29882 0.81910 0.19865
v 0.30118 0.81910 0.19865
v 0.30190 0.82034 0.20051
v 0.30000 0.82000 0.20000
vn 0.0000 0.2230 0.9748
vn -0.9501 0.0392 0.3094
vn -0.5872 -0.2582 -0.7672
vn 0.5872 -0.2582 -0.7672
vn 0.9501 0.0392 0.3094
vn 0.0000 0.2168 0.9762
vn -0.9502 0.0380 0.3095
vn -0.5872 -0.2515 -0.7694
vn 0.5872 -0.2515 -0.7694
vn 0.9502 0.0380 0.3095
vn 0.0000 0.2220 0.9750
vn -0.9501 0.0390 0.3095
vn -0.5872 -0.2578 -0.7673
vn 0.5872 -0.2578 -0.7673
vn 0.9501 0.0390 0.3095
vn 0.0000 0.2640 0.9645
vn -0.9497 0.0475 0.3094
vn -0.5870 -0.3042 -0.7503
vn 0.5870 -0.3042 -0.7503
vn 0.9497 0.0475 0.3094
vn 0.0000 0.3427 0.9394
vn -0.9489 0.0643 0.3088
vn -0.5866 -0.3861 -0.7119
vn 0.5866 -0.3861 -0.7119
vn 0.9489 0.0643 0.3088
vn 0.0000 0.4268 0.9044
vn -0.9480 0.0839 0.3071
vn -0.5860 -0.4695 -0.6604
vn 0.5860 -0.4695 -0.6604
vn 0.9480 0.0839 0.3071
vn 0.0000 0.4771 0.8788
vn -0.9473 0.0967 0.3052
vn -0.5856 -0.5182 -0.6234
vn 0.5856 -0.5182 -0.6234
vn 0.9473 0.0967 0.3052
vn 0.0000 0.4848 0.8746
vn -0.9473 0.0988 0.3048
vn -0.5855 -0.5257 -0.6172
vn 0.5855 -0.5257 -0.6172
vn 0.9473 0.0988 0.3048
vn 0.0000 0.4779 0.8784
vn -0.9474 0.0970 0.3051
vn -0.5855 -0.5191 -0.6226
vn 0.5855 -0.5191 -0.6226
vn 0.9474 0.0970 0.3051
vn -0.0000 0.9639 -0.2661
vn -0.0000 0.9639 -0.2661
vn -0.0000 0.9639 -0.2661
vn -0.0000 0.9639 -0.2661
vn -0.0000 0.9639 -0.2661
vn -0.0000 0.9639 -0.2661
vn 0.0000 -0.8331 0.5532
vn 0.0000 -0.8331 0.5532
vn 0.0000 -0.8331 0.5532
vn 0.0000 -0.8331 0.5532
vn 0.0000 -0.8331 0.5532
vn 0.0000 -0.8331 0.5532
f 1386//1386 1387//1387 1392//1392 1391//1391
f 1387//1387 1388//1388 1393//1393 1392//1392
f 1388//1388 1389//1389 1394//1394 1393//1393
f 1389//1389 1390//1390 1395//1395 1394//1394
f 1390//1390 1386//1386 1391//1391 1395//1395
f 1391//1391 1392//1392 1397//1397 1396//1396
f 1392//1392 1393//1393 1398//1398 1397//1397
f 1393//1393 1394//1394 1399//1399 1398//1398
f 1394//1394 1395//1395 1400//1400 1399//1399
f 1395//1395 1391//1391 1396//1396 1400//1400
f 1396//1396 1397//1397 1402//1402 1401//1401
f 1397//1397 1398//1398 1403//1403 1402//1402
f 1398//1398 1399//1399 1404//1404 1403//1403
f 1399//1399 1400//1400 1405//1405 1404//1404
f 1400//1400 1396//1396 1401//1401 1405//1405
f 1401//1401 1402//1402 1407//1407 1406//1406
f 1402//1402 1403//1403 1408//1408 1407//1407
f 1403//1403 1404//1404 1409//1409 1408//1408
f 1404//1404 1405//1405 1410//1410 1409//1409
f 1405//1405 1401//1401 1406//1406 1410//1410
f 1406//1406 1407//1407 1412//1412 1411//1411
f 1407//1407 1408//1408 1413//1413 1412//1412
f 1408//1408 1409//1409 1414//1414 1413//1413
f 1409//1409 1410//1410 1415//1415 1414//1414
f 1410//1410 1406//1406 1411//1411 1415//1415
f 1411//1411 1412//1412 1417//1417 1416//1416
f 1412//1412 1413//1413 1418//1418 1417//1417
f 1413//1413 1414//1414 1419//1419 1418//1418
f 1414//1414 1415//1415 1420//1420 1419//1419
f 1415//1415 1411//1411 1416//1416 1420//1420
f 1416//1416 1417//1417 1422//1422 1421//1421
f 1417//1417 1418//1418 1423//1423 1422//1422
f 1418//1418 1419//1419 1424//1424 1423//1423
f 1419//1419 1420//1420 1425//1425 1424//1424
f 1420//1420 1416//1416 1421//1421 1425//1425
f 1421//1421 1422//1422 1427//1427 1426//1426
f 1422//1422 1423//1423 1428//1428 1427//1427
f 1423//1423 1424//1424 1429//1429 1428//1428
f 1424//1424 1425//1425 1430//1430 1429//1429
f 1425//1425 1421//1421 1426//1426 1430//1430
f 1432//1432 1436//1436 1431//1431
f 1433//1433 1436//1436 1432//1432
f 1434//1434 1436//1436 1433//1433
f 1435//1435 1436//1436 1434//1434
f 1431//1431 1436//1436 1435//1435
f 1438//1438 1442//1442 1437//1437
f 1439//1439 1442//1442 1438//1438
f 1440//1440 1442//1442 1439//1439
f 1441//1441 1442//1442 1440//1440
f 1437//1437 1442//1442 1441//1441
g part14
usemtl bone
v 0.29886 1.00365 0.13450
v 0.28603 0.99687 0.12448
v 0.29251 0.99442 0.10827
v 0.30934 0.99968 0.10827
v 0.31326 1.00539 0.12448
v 0.30695 0.97780 0.14042
v 0.29512 0.97157 0.13118
v 0.30105 0.96943 0.11621
v 0.31654 0.97434 0.11619
v 0.32018 0.97951 0.13116
v 0.31529 0.95184 0.14602
v 0.30444 0.94610 0.13754
v 0.30991 0.94403 0.12382
v 0.32415 0.94848 0.12382
v 0.32747 0.95331 0.13754
v 0.32288 0.92694 0.15201
v 0.31310 0.92165 0.14439
v 0.31826 0.91904 0.13222
v 0.33122 0.92273 0.13231
v 0.33407 0.92761 0.14454
v 0.32890 0.90383 0.15917
v 0.32040 0.89903 0.15262
v 0.32517 0.89557 0.14245
v 0.33662 0.89823 0.14271
v 0.33892 0.90334 0.15305
v 0.33288 0.88254 0.16822
v 0.32591 0.87845 0.16294
v 0.32999 0.87456 0.15511
v 0.33949 0.87625 0.15555
v 0.34127 0.88118 0.16365
v 0.33544 0.86208 0.17890
v 0.33019 0.85893 0.17497
v 0.33332 0.85553 0.16936
v 0.34050 0.85658 0.16981
v 0.34181 0.86063 0.17571
v 0.33743 0.84176 0.19040
v 0.33398 0.83968 0.18782
v 0.33604 0.83739 0.18415
v 0.34077 0.83806 0.18447
v 0.34163 0.84076 0.18832
v 0.33974 0.82108 0.20166
v 0.33804 0.82006 0.20040
v 0.33905 0.81896 0.19858
v 0.34137 0.81930 0.19873
v 0.34180 0.82061 0.20063
v 0.29886 1.00365 0.13450
v 0.28603 0.99687 0.12448
v 0.29251 0.99442 0.10827
v 0.30934 0.99968 0.10827
v 0.31326 1.00539 0.12448
v 0.30000 1.00000 0.12000
v 0.33974 0.82108 0.20166
v 0.33804 0.82006 0.20040
v 0.33905 0.81896 0.19858
v 0.34137 0.81930 0.19873
v 0.34180 0.82061 0.20063
v 0.34000 0.82000 0.20000
vn -0.0637 0.2037 0.9770
vn -0.9180 -0.2480 0.3094
vn -0.4866 -0.4114 -0.7707
vn 0.6343 -0.0608 -0.7707
vn 0.8957 0.3194 0.3094
vn -0.0617 0.1978 0.9783
vn -0.9165 -0.2524 0.3103
vn -0.4879 -0.4070 -0.7722
vn 0.6318 -0.0522 -0.7733
vn 0.8952 0.3215 0.3085
vn -0.0634 0.2027 0.9772
vn -0.9178 -0.2486 0.3096
vn -0.4867 -0.4111 -0.7708
vn 0.6342 -0.0604 -0.7708
vn 0.8957 0.3195 0.3094
vn -0.0761 0.2433 0.9669
vn -0.9278 -0.2175 0.3033
vn -0.4792 -0.4422 -0.7582
vn 0.6500 -0.1207 -0.7502
vn 0.8988 0.3040 0.3157
vn -0.0966 0.3221 0.9418
vn -0.9448 -0.1563 0.2880
vn -0.4697 -0.4987 -0.7285
vn 0.6725 -0.2317 -0.7028
vn 0.9030 0.2756 0.3296
vn -0.1144 0.4097 0.9050
vn -0.9605 -0.0871 0.2644
vn -0.4652 -0.5570 -0.6880
vn 0.6874 -0.3500 -0.6364
vn 0.9041 0.2464 0.3490
vn -0.1234 0.4634 0.8775
vn -0.9684 -0.0441 0.2454
vn -0.4647 -0.5910 -0.6594
vn 0.6918 -0.4211 -0.5866
vn 0.9027 0.2300 0.3637
vn -0.1247 0.4716 0.8730
vn -0.9695 -0.0376 0.2420
vn -0.4647 -0.5961 -0.6548
vn 0.6922 -0.4321 -0.5781
vn 0.9023 0.2277 0.3661
vn -0.1234 0.4642 0.8771
vn -0.9685 -0.0435 0.2450
vn -0.4647 -0.5915 -0.6589
vn 0.6918 -0.4226 -0.5855
vn 0.9027 0.2298 0.3638
vn -0.2888 0.9229 -0.2548
vn -0.2888 0.9229 -0.2548
vn -0.2888 0.9229 -0.2548
vn -0.2888 0.9229 -0.2548
vn -0.2888 0.9229 -0.2548
vn -0.2888 0.9229 -0.2548
vn 0.0863 -0.8300 0.5511
vn 0.0863 -0.8300 0.5511
vn 0.0863 -0.8300 0.5511
vn 0.0863 -0.8300 0.5511
vn 0.0863 -0.8300 0.5511
vn 0.0863 -0.8300 0.5511
f 1443//1443 1444//1444 1449//1449 1448//1448
f 1444//1444 1445//1445 1450//1450 1449//1449
f 1445//1445 1446//1446 1451//1451 1450//1450
f 1446//1446 1447//1447 1452//1452 1451//1451
f 1447//1447 1443//1443 1448//1448 1452//1452
f 1448//1448 1449//1449 1454//1454 1453//1453
f 1449//1449 1450//1450 1455//1455 1454//1454
f 1450//1450 1451//1451 1456//1456 1455//1455
f 1451//1451 1452//1452 1457//1457 1456//1456
f 1452//1452 1448//1448 1453//1453 1457//1457
f 1453//1453 1454//1454 1459//1459 1458//1458
f 1454//1454 1455//1455 1460//1460 1459//1459
f 1455//1455 1456//1456 1461//1461 1460//1460
f 1456//1456 1457//1457 1462//1462 1461//1461
f 1457//1457 1453//1453 1458//1458 1462//1462
f 1458//1458 1459//1459 1464//1464 1463//1463
f 1459//1459 1460//1460 1465//1465 1464//1464
f 1460//1460 1461//1461 1466//1466 1465//1465
f 1461//1461 1462//1462 1467//1467 1466//1466
f 1462//1462 1458//1458 1463//1463 1467//1467
f 1463//1463 1464//1464 1469//1469 1468//1468
f 1464//1464 1465//1465 1470//1470 1469//1469
f 1465//1465 1466//1466 1471//1471 1470//1470
f 1466//1466 1467//1467 1472//1472 1471//1471
f 1467//1467 1463//1463 1468//1468 1472//1472
f 1468//1468 1469//1469 1474//1474 1473//1473
f 1469//1469 1470//1470 1475//1475 1474//1474
f 1470//1470 1471//1471 1476//1476 1475//1475
f 1471//1471 1472//1472 1477//1477 1476//1476
f 1472//1472 1468//1468 1473//1473 1477//1477
f 1473//1473 1474//1474 1479//1479 1478//1478
f 1474//1474 1475//1475 1480//1480 1479//1479
f 1475//1475 1476//1476 1481//1481 1480//1480
f 1476//1476 1477//1477 1482//1482 1481//1481
f 1477//1477 1473//1473 1478//1478 1482//1482
f 1478//1478 1479//1479 1484//1484 1483//1483
f 1479//1479 1480//1480 1485//1485 1484//1484
f 1480//1480 1481//1481 1486//1486 1485//1485
f 1481//1481 1482//1482 1487//1487 1486//1486
f 1482//1482 1478//1478 1483//1483 1487//1487
f 1489//1489 1493//1493 1488//1488
f 1490//1490 1493//1493 1489//1489
f 1491//1491 1493//1493 1490//1490
f 1492//1492 1493//1493 1491//1491
f 1488//1488 1493//1493 1492//1492
f 1495//1495 1499//1499 1494//1494
f 1496//1496 1499//1499 1495//1495
f 1497//1497 1499//1499 1496//1496
f 1498//1498 1499//1499 1497//1497
f 1494//1494 1499//1499 1498//1498
g part15
usemtl rust
v 0.00000 1.83765 0.02941
v -0.05142 1.82884 0.04593
v -0.07878 1.80654 0.08774
v -0.06928 1.78118 0.13529
v -0.02736 1.76462 0.16633
v 0.02736 1.76462 0.16633
v 0.06928 1.78118 0.13529
v 0.07878 1.80654 0.08774
v 0.05142 1.82884 0.04593
v 0.00000 1.87456 0.05051
v -0.05062 1.86589 0.06677
v -0.07755 1.84394 0.10793
v -0.06820 1.81897 0.15474
v -0.02693 1.80268 0.18529
v 0.02693 1.80268 0.18529
v 0.06820 1.81897 0.15474
v 0.07755 1.84394 0.10793
v 0.05062 1.86589 0.06677
v 0.00000 1.91147 0.07162
v -0.04982 1.90294 0.08762
v -0.07632 1.88133 0.12813
v -0.06712 1.85676 0.17419
v -0.02651 1.84073 0.20426
v 0.02651 1.84073 0.20426
v 0.06712 1.85676 0.17419
v 0.07632 1.88133 0.12813
v 0.04982 1.90294 0.08762
v 0.00000 1.94838 0.09272
v -0.04901 1.93999 0.10846
v -0.07509 1.91873 0.14832
v -0.06603 1.89456 0.19364
v -0.02608 1.87878 0.22322
v 0.02608 1.87878 0.22322
v 0.06603 1.89456 0.19364
v 0.07509 1.91873 0.14832
v 0.04901 1.93999 0.10846
v 0.00000 1.98529 0.11382
v -0.04821 1.97704 0.12931
v -0.07386 1.95613 0.16851
v -0.06495 1.93235 0.21309
v -0.02565 1.91683 0.24219
v 0.02565 1.91683 0.24219
v 0.06495 1.93235 0.21309
v 0.07386 1.95613 0.16851
v 0.04821 1.97704 0.12931
v 0.00000 1.83765 0.02941
v -0.05142 1.82884 0.04593
v -0.07878 1.80654 0.08774
v -0.06928 1.78118 0.13529
v -0.02736 1.76462 0.16633
v 0.02736 1.76462 0.16633
v 0.06928 1.78118 0.13529
v 0.07878 1.80654 0.08774
v 0.05142 1.82884 0.04593
v 0.00000 1.80000 0.10000
v 0.00000 1.98529 0.11382
v -0.04821 1.97704 0.12931
v -0.07386 1.95613 0.16851
v -0.06495 1.93235 0.21309
v -0.02565 1.91683 0.24219
v 0.02565 1.91683 0.24219
v 0.06495 1.93235 0.21309
v 0.07386 1.95613 0.16851
v 0.04821 1.97704 0.12931
v 0.00000 1.95000 0.18000
vn 0.0000 0.4963 -0.8681
vn -0.6425 0.3863 -0.6618
vn -0.9844 0.1076 -0.1393
vn -0.8657 -0.2093 0.4548
vn -0.3419 -0.4161 0.8426
vn 0.3419 -0.4161 0.8426
vn 0.8657 -0.2093 0.4548
vn 0.9844 0.1076 -0.1393
vn 0.6425 0.3863 -0.6618
vn 0.0000 0.4963 -0.8681
vn -0.6425 0.3863 -0.6618
vn -0.9844 0.1076 -0.1393
vn -0.8657 -0.2093 0.4548
vn -0.3419 -0.4161 0.8426
vn 0.3419 -0.4161 0.8426
vn 0.8657 -0.2093 0.4548
vn 0.9844 0.1076 -0.1393
vn 0.6425 0.3863 -0.6618
vn 0.0000 0.4963 -0.8681
vn -0.6425 0.3863 -0.6618
vn -0.9844 0.1076 -0.1393
vn -0.8657 -0.2093 0.4548
vn -0.3419 -0.4161 0.8426
vn 0.3419 -0.4161 0.8426
vn 0.8657 -0.2093 0.4548
vn 0.9844 0.1076 -0.1393
vn 0.6425 0.3863 -0.6618
vn 0.0000 0.4963 -0.8681
vn -0.6425 0.3863 -0.6618
vn -0.9844 0.1076 -0.1393
vn -0.8657 -0.2093 0.4548
vn -0.3419 -0.4161 0.8426
vn 0.3419 -0.4161 0.8426
vn 0.8657 -0.2093 0.4548
vn 0.9844 0.1076 -0.1393
vn 0.6425 0.3863 -0.6618
vn 0.0000 0.4963 -0.8681
vn -0.6425 0.3863 -0.6618
vn -0.9844 0.1076 -0.1393
vn -0.8657 -0.2093 0.4548
vn -0.3419 -0.4161 0.8426
vn 0.3419 -0.4161 0.8426
vn 0.8657 -0.2093 0.4548
vn 0.9844 0.1076 -0.1393
vn 0.6425 0.3863 -0.6618
vn -0.0000 -0.8824 -0.4706
vn -0.0000 -0.8824 -0.4706
vn -0.0000 -0.8824 -0.4706
vn -0.0000 -0.8824 -0.4706
vn -0.0000 -0.8824 -0.4706
vn -0.0000 -0.8824 -0.4706
vn -0.0000 -0.8824 -0.4706
vn -0.0000 -0.8824 -0.4706
vn -0.0000 -0.8824 -0.4706
vn -0.0000 -0.8824 -0.4706
vn 0.0000 0.8824 0.4706
vn 0.0000 0.8824 0.4706
vn 0.0000 0.8824 0.4706
vn 0.0000 0.8824 0.4706
vn 0.0000 0.8824 0.4706
vn 0.0000 0.8824 0.4706
vn 0.0000 0.8824 0.4706
vn 0.0000 0.8824 0.4706
vn 0.0000 0.8824 0.4706
vn 0.0000 0.8824 0.4706
f 1500//1500 1501//1501 1510//1510 1509//1509
f 1501//1501 1502//1502 1511//1511 1510//1510
f 1502//1502 1503//1503 1512//1512 1511//1511
f 1503//1503 1504//1504 1513//1513 1512//1512
f 1504//1504 1505//1505 1514//1514 1513//1513
f 1505//1505 1506//1506 1515//1515 1514//1514
f 1506//1506 1507//1507 1516//1516 1515//1515
f 1507//1507 1508//1508 1517//1517 1516//1516
f 1508//1508 1500//1500 1509//1509 1517//1517
f 1509//1509 1510//1510 1519//1519 1518//1518
f 1510//1510 1511//1511 1520//1520 1519//1519
f 1511//1511 1512//1512 1521//1521 1520//1520
f 1512//1512 1513//1513 1522//1522 1521//1521
f 1513//1513 1514//1514 1523//1523 1522//1522
f 1514//1514 1515//1515 1524//1524 1523//1523
f 1515//1515 1516//1516 1525//1525 1524//1524
f 1516//1516 1517//1517 1526//1526 1525//1525
f 1517//1517 1509//1509 1518//1518 1526//1526
f 1518//1518 1519//1519 1528//1528 1527//1527
f 1519//1519 1520//1520 1529//1529 1528//1528
f 1520//1520 1521//1521 1530//1530 1529//1529
f 1521//1521 1522//1522 1531//1531 1530//1530
f 1522//1522 1523//1523 1532//1532 1531//1531
f 1523//1523 1524//1524 1533//1533 1532//1532
f 1524//1524 1525//1525 1534//1534 1533//1533
f 1525//1525 1526//1526 1535//1535 1534//1534
f 1526//1526 1518//1518 1527//1527 1535//1535
f 1527//1527 1528//1528 1537//1537 1536//1536
f 1528//1528 1529//1529 1538//1538 1537//1537
f 1529//1529 1530//1530 1539//1539 1538//1538
f 1530//1530 1531//1531 1540//1540 1539//1539
f 1531//1531 1532//1532 1541//1541 1540//1540
f 1532//1532 1533//1533 1542//1542 1541//1541
f 1533//1533 1534//1534 1543//1543 1542//1542
f 1534//1534 1535//1535 1544//1544 1543//1543
f 1535//1535 1527//1527 1536//1536 1544//1544
f 1546//1546 1554//1554 1545//1545
f 1547//1547 1554//1554 1546//1546
f 1548//1548 1554//1554 1547//1547
f 1549//1549 1554//1554 1548//1548
f 1550//1550 1554//1554 1549//1549
f 1551//1551 1554//1554 1550//1550
f 1552//1552 1554//1554 1551//1551
f 1553//1553 1554//1554 1552//1552
f 1545//1545 1554//1554 1553//1553
f 1556//1556 1564//1564 1555//1555
f 1557//1557 1564//1564 1556//1556
f 1558//1558 1564//1564 1557//1557
f 1559//1559 1564//1564 1558//1558
f 1560//1560 1564//1564 1559//1559
f 1561//1561 1564//1564 1560//1560
f 1562//1562 1564//1564 1561//1561
f 1563//1563 1564//1564 1562//1562
f 1555//1555 1564//1564 1563//1563
g part16
usemtl rust
v 0.00000 2.14314 0.22000
v 0.00000 2.14314 0.22000
v 0.00000 2.14314 0.22000
v 0.00000 2.14314 0.22000
v 0.00000 2.14314 0.22000
v 0.00000 2.14314 0.22000
v 0.00000 2.14314 0.22000
v 0.00000 2.14314 0.22000
v 0.00000 2.14314 0.22000
v 0.00000 2.14314 0.22000
v 0.00000 2.14314 0.22000
v 0.00000 2.14314 0.22000
v 0.00000 2.14314 0.22000
v 0.00000 2.14314 0.22000
v 0.00000 2.14314 0.22000
v 0.00000 2.14314 0.22000
v 0.00000 2.14314 0.22000
v 0.00000 2.14314 0.22000
v 0.00000 2.13858 0.25442
v 0.00995 2.13846 0.25231
v 0.01865 2.13816 0.24627
v 0.02500 2.13755 0.23706
v 0.02829 2.13695 0.22590
v 0.02822 2.13666 0.21412
v 0.02476 2.13638 0.20311
v 0.01826 2.13568 0.19428
v 0.00964 2.13474 0.18870
v 0.00000 2.13424 0.18684
v -0.00963 2.13462 0.18873
v -0.01825 2.13562 0.19429
v -0.02480 2.13659 0.20308
v -0.02835 2.13721 0.21409
v -0.02847 2.13771 0.22593
v -0.02516 2.13828 0.23717
v -0.01874 2.13868 0.24639
v -0.00997 2.13871 0.25238
v 0.00000 2.12156 0.28352
v 0.01861 2.12282 0.28043
v 0.03535 2.12392 0.26979
v 0.04693 2.12239 0.25202
v 0.05256 2.12085 0.23095
v 0.05336 2.12238 0.20888
v 0.04800 2.12473 0.18725
v 0.03540 2.12406 0.17014
v 0.01835 2.12136 0.16043
v 0.00000 2.11986 0.15754
v -0.01823 2.12073 0.16080
v -0.03514 2.12328 0.17051
v -0.04787 2.12444 0.18734
v -0.05353 2.12271 0.20884
v -0.05290 2.12150 0.23102
v -0.04718 2.12294 0.25219
v -0.03536 2.12395 0.26980
v -0.01856 2.12255 0.28027
v 0.00000 2.10264 0.30953
v 0.02637 2.10411 0.30563
v 0.05060 2.10588 0.29127
v 0.06702 2.10442 0.26573
v 0.07462 2.10266 0.23555
v 0.07597 2.10415 0.20417
v 0.06879 2.10666 0.17306
v 0.05075 2.10612 0.14853
v 0.02649 2.10451 0.13397
v 0.00000 2.10430 0.12868
v -0.02643 2.10431 0.13418
v -0.05053 2.10575 0.14884
v -0.06871 2.10655 0.17312
v -0.07595 2.10413 0.20417
v -0.07457 2.10261 0.23554
v -0.06704 2.10445 0.26574
v -0.05043 2.10558 0.29102
v -0.02624 2.10368 0.30519
v 0.00000 2.08040 0.33333
v 0.03261 2.08005 0.32588
v 0.06049 2.07927 0.30519
v 0.08226 2.07983 0.27613
v 0.09453 2.08045 0.23970
v 0.09394 2.08008 0.20042
v 0.08153 2.07929 0.16437
v 0.06088 2.07965 0.13425
v 0.03257 2.07998 0.11424
v 0.00000 2.07953 0.10830
v -0.03254 2.07992 0.11434
v -0.06092 2.07969 0.13419
v -0.08144 2.07923 0.16443
v -0.09398 2.08010 0.20042
v -0.09472 2.08058 0.23974
v -0.08224 2.07981 0.27612
v -0.06057 2.07935 0.30532
v -0.03267 2.08017 0.32609
v 0.00000 2.05102 0.34541
v 0.03631 2.05103 0.33789
v 0.06576 2.04991 0.31262
v 0.09085 2.05067 0.28199
v 0.10526 2.05124 0.24193
v 0.10469 2.05107 0.19818
v 0.08967 2.05027 0.15882
v 0.06811 2.05097 0.12407
v 0.03643 2.05113 0.10172
v 0.00000 2.04992 0.09904
v -0.03620 2.05094 0.10247
v -0.06812 2.05098 0.12406
v -0.08913 2.05008 0.15918
v -0.10475 2.05109 0.19817
v -0.10606 2.05148 0.24210
v -0.09059 2.05058 0.28181
v -0.06589 2.04996 0.31280
v -0.03639 2.05110 0.33817
v 0.00000 2.02000 0.34976
v 0.03762 2.02000 0.34214
v 0.07019 2.02000 0.31886
v 0.09502 2.02000 0.28484
v 0.10833 2.02000 0.24257
v 0.10833 2.02000 0.19743
v 0.09485 2.02000 0.15528
v 0.07075 2.02000 0.12035
v 0.03766 2.02000 0.09772
v 0.00000 2.02000 0.09106
v -0.03760 2.02000 0.09791
v -0.07075 2.02000 0.12035
v -0.09472 2.02000 0.15537
v -0.10834 2.02000 0.19742
v -0.10851 2.02000 0.24261
v -0.09495 2.02000 0.28478
v -0.07020 2.02000 0.31888
v -0.03762 2.02000 0.34217
v 0.00000 1.98891 0.34572
v 0.03637 1.98892 0.33809
v 0.07059 1.98790 0.31942
v 0.09307 1.98859 0.28350
v 0.10408 1.98911 0.24169
v 0.10459 1.98896 0.19820
v 0.09414 1.98823 0.15577
v 0.06847 1.98886 0.12357
v 0.03626 1.98901 0.10226
v 0.00000 1.98791 0.09027
v -0.03647 1.98883 0.10158
v -0.06846 1.98887 0.12358
v -0.09462 1.98806 0.15544
v -0.10453 1.98897 0.19822
v -0.10336 1.98932 0.24154
v -0.09331 1.98851 0.28367
v -0.07047 1.98795 0.31926
v -0.03629 1.98898 0.33784
v 0.00000 1.96082 0.33105
v 0.03253 1.96010 0.32562
v 0.06277 1.95849 0.30841
v 0.08299 1.95965 0.27662
v 0.09236 1.96093 0.23925
v 0.09356 1.96017 0.20050
v 0.08450 1.95854 0.16234
v 0.06196 1.95929 0.13273
v 0.03261 1.95996 0.11413
v 0.00000 1.95903 0.10560
v -0.03267 1.95984 0.11393
v -0.06187 1.95937 0.13285
v -0.08467 1.95842 0.16223
v -0.09349 1.96021 0.20052
v -0.09196 1.96119 0.23916
v -0.08303 1.95962 0.27665
v -0.06259 1.95867 0.30815
v -0.03239 1.96034 0.32519
v 0.00000 1.93415 0.31301
v 0.02671 1.93481 0.30672
v 0.04972 1.93561 0.29003
v 0.06752 1.93495 0.26607
v 0.07749 1.93416 0.23615
v 0.07689 1.93483 0.20398
v 0.06671 1.93596 0.17448
v 0.04966 1.93572 0.15006
v 0.02665 1.93499 0.13346
v 0.00000 1.93490 0.12780
v -0.02668 1.93490 0.13337
v -0.04976 1.93555 0.14992
v -0.06675 1.93591 0.17445
v -0.07689 1.93482 0.20398
v -0.07752 1.93413 0.23615
v -0.06751 1.93496 0.26606
v -0.04980 1.93548 0.29014
v -0.02677 1.93462 0.30692
v 0.00000 1.91394 0.28634
v 0.01899 1.91508 0.28167
v 0.03535 1.91607 0.26980
v 0.04826 1.91470 0.25293
v 0.05561 1.91330 0.23159
v 0.05489 1.91469 0.20856
v 0.04730 1.91681 0.18773
v 0.03531 1.91620 0.17027
v 0.01923 1.91376 0.15756
v 0.00000 1.91240 0.15270
v -0.01933 1.91319 0.15722
v -0.03555 1.91550 0.16993
v -0.04742 1.91655 0.18765
v -0.05474 1.91498 0.20859
v -0.05531 1.91389 0.23153
v -0.04804 1.91519 0.25278
v -0.03535 1.91610 0.26978
v -0.01904 1.91484 0.28181
v 0.00000 1.90711 0.25277
v 0.00949 1.90698 0.25083
v 0.01790 1.90663 0.24521
v 0.02426 1.90594 0.23655
v 0.02775 1.90527 0.22578
v 0.02783 1.90494 0.21420
v 0.02454 1.90462 0.20325
v 0.01834 1.90382 0.19417
v 0.00985 1.90276 0.18802
v 0.00000 1.90220 0.18580
v -0.00986 1.90263 0.18798
v -0.01835 1.90376 0.19415
v -0.02449 1.90486 0.20329
v -0.02768 1.90556 0.21423
v -0.02754 1.90613 0.22574
v -0.02408 1.90678 0.23643
v -0.01780 1.90723 0.24508
v -0.00947 1.90726 0.25075
v 0.00000 1.90389 0.22000
v 0.00000 1.90389 0.22000
v 0.00000 1.90389 0.22000
v 0.00000 1.90389 0.22000
v 0.00000 1.90389 0.22000
v 0.00000 1.90389 0.22000
v 0.00000 1.90389 0.22000
v 0.00000 1.90389 0.22000
v 0.00000 1.90389 0.22000
v 0.00000 1.90389 0.22000
v -0.00000 1.90389 0.22000
v -0.00000 1.90389 0.22000
v -0.00000 1.90389 0.22000
v -0.00000 1.90389 0.22000
v -0.00000 1.90389 0.22000
v -0.00000 1.90389 0.22000
v -0.00000 1.90389 0.22000
v -0.00000 1.90389 0.22000
vn 0.0000 1.0000 0.0000
vn 0.0000 1.0000 0.0000
vn 0.0000 1.0000 0.0000
vn 0.0000 1.0000 0.0000
vn 0.0000 1.0000 0.0000
vn 0.0000 1.0000 -0.0000
vn 0.0000 1.0000 -0.0000
vn 0.0000 1.0000 -0.0000
vn 0.0000 1.0000 -0.0000
vn 0.0000 1.0000 -0.0000
vn -0.0000 1.0000 -0.0000
vn -0.0000 1.0000 -0.0000
vn -0.0000 1.0000 -0.0000
vn -0.0000 1.0000 -0.0000
vn -0.0000 1.0000 0.0000
vn -0.0000 1.0000 0.0000
vn -0.0000 1.0000 0.0000
vn -0.0000 1.0000 0.0000
vn 0.0000 0.9707 0.2401
vn 0.0969 0.9695 0.2253
vn 0.1815 0.9662 0.1831
vn 0.2437 0.9625 0.1190
vn 0.2764 0.9602 0.0412
vn 0.2764 0.9602 -0.0412
vn 0.2437 0.9625 -0.1190
vn 0.1815 0.9662 -0.1831
vn 0.0969 0.9695 -0.2253
vn 0.0000 0.9707 -0.2401
vn -0.0969 0.9695 -0.2253
vn -0.1815 0.9662 -0.1831
vn -0.2437 0.9625 -0.1190
vn -0.2764 0.9602 -0.0412
vn -0.2764 0.9602 0.0412
vn -0.2437 0.9625 0.1190
vn -0.1815 0.9662 0.1831
vn -0.0969 0.9695 0.2253
vn 0.0000 0.8825 0.4703
vn 0.1891 0.8780 0.4397
vn 0.3510 0.8669 0.3539
vn 0.4663 0.8548 0.2278
vn 0.5255 0.8472 0.0784
vn 0.5255 0.8472 -0.0784
vn 0.4663 0.8548 -0.2278
vn 0.3510 0.8669 -0.3539
vn 0.1891 0.8780 -0.4397
vn 0.0000 0.8825 -0.4703
vn -0.1891 0.8780 -0.4397
vn -0.3510 0.8669 -0.3539
vn -0.4663 0.8548 -0.2278
vn -0.5255 0.8472 -0.0784
vn -0.5255 0.8472 0.0784
vn -0.4663 0.8548 0.2278
vn -0.3510 0.8669 0.3539
vn -0.1891 0.8780 0.4397
vn 0.0000 0.7348 0.6783
vn 0.2713 0.7271 0.6307
vn 0.4969 0.7086 0.5010
vn 0.6511 0.6892 0.3181
vn 0.7277 0.6773 0.1086
vn 0.7277 0.6773 -0.1086
vn 0.6511 0.6892 -0.3181
vn 0.4969 0.7086 -0.5010
vn 0.2713 0.7271 -0.6307
vn 0.0000 0.7348 -0.6783
vn -0.2713 0.7271 -0.6307
vn -0.4969 0.7086 -0.5010
vn -0.6511 0.6892 -0.3181
vn -0.7277 0.6773 -0.1086
vn -0.7277 0.6773 0.1086
vn -0.6511 0.6892 0.3181
vn -0.4969 0.7086 0.5010
vn -0.2713 0.7271 0.6307
vn 0.0000 0.5303 0.8478
vn 0.3371 0.5217 0.7837
vn 0.6092 0.5016 0.6143
vn 0.7876 0.4813 0.3848
vn 0.8734 0.4693 0.1303
vn 0.8734 0.4693 -0.1303
vn 0.7876 0.4813 -0.3848
vn 0.6092 0.5016 -0.6143
vn 0.3371 0.5217 -0.7837
vn 0.0000 0.5303 -0.8478
vn -0.3371 0.5217 -0.7837
vn -0.6092 0.5016 -0.6143
vn -0.7876 0.4813 -0.3848
vn -0.8734 0.4693 -0.1303
vn -0.8734 0.4693 0.1303
vn -0.7876 0.4813 0.3848
vn -0.6092 0.5016 0.6143
vn -0.3371 0.5217 0.7837
vn 0.0000 0.2788 0.9604
vn 0.3801 0.2730 0.8837
vn 0.6800 0.2598 0.6857
vn 0.8707 0.2469 0.4254
vn 0.9603 0.2395 0.1433
vn 0.9603 0.2395 -0.1433
vn 0.8707 0.2469 -0.4254
vn 0.6800 0.2598 -0.6857
vn 0.3801 0.2730 -0.8837
vn 0.0000 0.2788 -0.9604
vn -0.3801 0.2730 -0.8837
vn -0.6800 0.2598 -0.6857
vn -0.8707 0.2469 -0.4254
vn -0.9603 0.2395 -0.1433
vn -0.9603 0.2395 0.1433
vn -0.8707 0.2469 0.4254
vn -0.6800 0.2598 0.6857
vn -0.3801 0.2730 0.8837
vn 0.0000 0.0000 1.0000
vn 0.3951 0.0000 0.9186
vn 0.7041 0.0000 0.7101
vn 0.8985 0.0000 0.4389
vn 0.9891 0.0000 0.1476
vn 0.9891 0.0000 -0.1476
vn 0.8985 0.0000 -0.4389
vn 0.7041 0.0000 -0.7101
vn 0.3951 0.0000 -0.9186
vn 0.0000 0.0000 -1.0000
vn -0.3951 0.0000 -0.9186
vn -0.7041 0.0000 -0.7101
vn -0.8985 0.0000 -0.4389
vn -0.9891 0.0000 -0.1476
vn -0.9891 0.0000 0.1476
vn -0.8985 0.0000 0.4389
vn -0.7041 0.0000 0.7101
vn -0.3951 0.0000 0.9186
vn 0.0000 -0.2788 0.9604
vn 0.3801 -0.2730 0.8837
vn 0.6800 -0.2598 0.6857
vn 0.8707 -0.2469 0.4254
vn 0.9603 -0.2395 0.1433
vn 0.9603 -0.2395 -0.1433
vn 0.8707 -0.2469 -0.4254
vn 0.6800 -0.2598 -0.6857
vn 0.3801 -0.2730 -0.8837
vn 0.0000 -0.2788 -0.9604
vn -0.3801 -0.2730 -0.8837
vn -0.6800 -0.2598 -0.6857
vn -0.8707 -0.2469 -0.4254
vn -0.9603 -0.2395 -0.1433
vn -0.9603 -0.2395 0.1433
vn -0.8707 -0.2469 0.4254
vn -0.6800 -0.2598 0.6857
vn -0.3801 -0.2730 0.8837
vn 0.0000 -0.5303 0.8478
vn 0.3371 -0.5217 0.7837
vn 0.6092 -0.5016 0.6143
vn 0.7876 -0.4813 0.3848
vn 0.8734 -0.4693 0.1303
vn 0.8734 -0.4693 -0.1303
vn 0.7876 -0.4813 -0.3848
vn 0.6092 -0.5016 -0.6143
vn 0.3371 -0.5217 -0.7837
vn 0.0000 -0.5303 -0.8478
vn -0.3371 -0.5217 -0.7837
vn -0.6092 -0.5016 -0.6143
vn -0.7876 -0.4813 -0.3848
vn -0.8734 -0.4693 -0.1303
vn -0.8734 -0.4693 0.1303
vn -0.7876 -0.4813 0.3848
vn -0.6092 -0.5016 0.6143
vn -0.3371 -0.5217 0.7837
vn 0.0000 -0.7348 0.6783
vn 0.2713 -0.7271 0.6307
vn 0.4969 -0.7086 0.5010
vn 0.6511 -0.6892 0.3181
vn 0.7277 -0.6773 0.1086
vn 0.7277 -0.6773 -0.1086
vn 0.6511 -0.6892 -0.3181
vn 0.4969 -0.7086 -0.5010
vn 0.2713 -0.7271 -0.6307
vn 0.0000 -0.7348 -0.6783
vn -0.2713 -0.7271 -0.6307
vn -0.4969 -0.7086 -0.5010
vn -0.6511 -0.6892 -0.3181
vn -0.7277 -0.6773 -0.1086
vn -0.7277 -0.6773 0.1086
vn -0.6511 -0.6892 0.3181
vn -0.4969 -0.7086 0.5010
vn -0.2713 -0.7271 0.6307
vn 0.0000 -0.8825 0.4703
vn 0.1891 -0.8780 0.4397
vn 0.3510 -0.8669 0.3539
vn 0.4663 -0.8548 0.2278
vn 0.5255 -0.8472 0.0784
vn 0.5255 -0.8472 -0.0784
vn 0.4663 -0.8548 -0.2278
vn 0.3510 -0.8669 -0.3539
vn 0.1891 -0.8780 -0.4397
vn 0.0000 -0.8825 -0.4703
vn -0.1891 -0.8780 -0.4397
vn -0.3510 -0.8669 -0.3539
vn -0.4663 -0.8548 -0.2278
vn -0.5255 -0.8472 -0.0784
vn -0.5255 -0.8472 0.0784
vn -0.4663 -0.8548 0.2278
vn -0.3510 -0.8669 0.3539
vn -0.1891 -0.8780 0.4397
vn 0.0000 -0.9707 0.2401
vn 0.0969 -0.9695 0.2253
vn 0.1815 -0.9662 0.1831
vn 0.2437 -0.9625 0.1190
vn 0.2764 -0.9602 0.0412
vn 0.2764 -0.9602 -0.0412
vn 0.2437 -0.9625 -0.1190
vn 0.1815 -0.9662 -0.1831
vn 0.0969 -0.9695 -0.2253
vn 0.0000 -0.9707 -0.2401
vn -0.0969 -0.9695 -0.2253
vn -0.1815 -0.9662 -0.1831
vn -0.2437 -0.9625 -0.1190
vn -0.2764 -0.9602 -0.0412
vn -0.2764 -0.9602 0.0412
vn -0.2437 -0.9625 0.1190
vn -0.1815 -0.9662 0.1831
vn -0.0969 -0.9695 0.2253
vn 0.0000 -1.0000 0.0000
vn 0.0000 -1.0000 0.0000
vn 0.0000 -1.0000 0.0000
vn 0.0000 -1.0000 0.0000
vn 0.0000 -1.0000 0.0000
vn 0.0000 -1.0000 -0.0000
vn 0.0000 -1.0000 -0.0000
vn 0.0000 -1.0000 -0.0000
vn 0.0000 -1.0000 -0.0000
vn 0.0000 -1.0000 -0.0000
vn -0.0000 -1.0000 -0.0000
vn -0.0000 -1.0000 -0.0000
vn -0.0000 -1.0000 -0.0000
vn -0.0000 -1.0000 -0.0000
vn -0.0000 -1.0000 0.0000
vn -0.0000 -1.0000 0.0000
vn -0.0000 -1.0000 0.0000
vn -0.0000 -1.0000 0.0000
f 1583//1583 1584//1584 1566//1566 1565//1565
f 1584//1584 1585//1585 1567//1567 1566//1566
f 1585//1585 1586//1586 1568//1568 1567//1567
f 1586//1586 1587//1587 1569//1569 1568//1568
f 1587//1587 1588//1588 1570//1570 1569//1569
f 1588//1588 1589//1589 1571//1571 1570//1570
f 1589//1589 1590//1590 1572//1572 1571//1571
f 1590//1590 1591//1591 1573//1573 1572//1572
f 1591//1591 1592//1592 1574//1574 1573//1573
f 1592//1592 1593//1593 1575//1575 1574//1574
f 1593//1593 1594//1594 1576//1576 1575//1575
f 1594//1594 1595//1595 1577//1577 1576//1576
f 1595//1595 1596//1596 1578//1578 1577//1577
f 1596//1596 1597//1597 1579//1579 1578//1578
f 1597//1597 1598//1598 1580//1580 1579//1579
f 1598//1598 1599//1599 1581//1581 1580//1580
f 1599//1599 1600//1600 1582//1582 1581//1581
f 1600//1600 1583//1583 1565//1565 1582//1582
f 1601//1601 1602//1602 1584//1584 1583//1583
f 1602//1602 1603//1603 1585//1585 1584//1584
f 1603//1603 1604//1604 1586//1586 1585//1585
f 1604//1604 1605//1605 1587//1587 1586//1586
f 1605//1605 1606//1606 1588//1588 1587//1587
f 1606//1606 1607//1607 1589//1589 1588//1588
f 1607//1607 1608//1608 1590//1590 1589//1589
f 1608//1608 1609//1609 1591//1591 1590//1590
f 1609//1609 1610//1610 1592//1592 1591//1591
f 1610//1610 1611//1611 1593//1593 1592//1592
f 1611//1611 1612//1612 1594//1594 1593//1593
f 1612//1612 1613//1613 1595//1595 1594//1594
f 1613//1613 1614//1614 1596//1596 1595//1595
f 1614//1614 1615//1615 1597//1597 1596//1596
f 1615//1615 1616//1616 1598//1598 1597//1597
f 1616//1616 1617//1617 1599//1599 1598//1598
f 1617//1617 1618//1618 1600//1600 1599//1599
f 1618//1618 1601//1601 1583//1583 1600//1600
f 1619//1619 1620//1620 1602//1602 1601//1601
f 1620//1620 1621//1621 1603//1603 1602//1602
f 1621//1621 1622//1622 1604//1604 1603//1603
f 1622//1622 1623//1623 1605//1605 1604//1604
f 1623//1623 1624//1624 1606//1606 1605//1605
f 1624//1624 1625//1625 1607//1607 1606//1606
f 1625//1625 1626//1626 1608//1608 1607//1607
f 1626//1626 1627//1627 1609//1609 1608//1608
f 1627//1627 1628//1628 1610//1610 1609//1609
f 1628//1628 1629//1629 1611//1611 1610//1610
f 1629//1629 1630//1630 1612//1612 1611//1611
f 1630//1630 1631//1631 1613//1613 1612//1612
f 1631//1631 1632//1632 1614//1614 1613//1613
f 1632//1632 1633//1633 1615//1615 1614//1614
f 1633//1633 1634//1634 1616//1616 1615//1615
f 1634//1634 1635//1635 1617//1617 1616//1616
f 1635//1635 1636//1636 1618//1618 1617//1617
f 1636//1636 1619//1619 1601//1601 1618//1618
f 1637//1637 1638//1638 1620//1620 1619//1619
f 1638//1638 1639//1639 1621//1621 1620//1620
f 1639//1639 1640//1640 1622//1622 1621//1621
f 1640//1640 1641//1641 1623//1623 1622//1622
f 1641//1641 1642//1642 1624//1624 1623//1623
f 1642//1642 1643//1643 1625//1625 1624//1624
f 1643//1643 1644//1644 1626//1626 1625//1625
f 1644//1644 1645//1645 1627//1627 1626//1626
f 1645//1645 1646//1646 1628//1628 1627//1627
f 1646//1646 1647//1647 1629//1629 1628//1628
f 1647//1647 1648//1648 1630//1630 1629//1629
f 1648//1648 1649//1649 1631//1631 1630//1630
f 1649//1649 1650//1650 1632//1632 1631//1631
f 1650//1650 1651//1651 1633//1633 1632//1632
f 1651//1651 1652//1652 1634//1634 1633//1633
f 1652//1652 1653//1653 1635//1635 1634//1634
f 1653//1653 1654//1654 1636//1636 1635//1635
f 1654//1654 1637//1637 1619//1619 1636//1636
f 1655//1655 1656//1656 1638//1638 1637//1637
f 1656//1656 1657//1657 1639//1639 1638//1638
f 1657//1657 1658//1658 1640//1640 1639//1639
f 1658//1658 1659//1659 1641//1641 1640//1640
f 1659//1659 1660//1660 1642//1642 1641//1641
f 1660//1660 1661//1661 1643//1643 1642//1642
f 1661//1661 1662//1662 1644//1644 1643//1643
f 1662//1662 1663//1663 1645//1645 1644//1644
f 1663//1663 1664//1664 1646//1646 1645//1645
f 1664//1664 1665//1665 1647//1647 1646//1646
f 1665//1665 1666//1666 1648//1648 1647//1647
f 1666//1666 1667//1667 1649//1649 1648//1648
f 1667//1667 1668//1668 1650//1650 1649//1649
f 1668//1668 1669//1669 1651//1651 1650//1650
f 1669//1669 1670//1670 1652//1652 1651//1651
f 1670//1670 1671//1671 1653//1653 1652//1652
f 1671//1671 1672//1672 1654//1654 1653//1653
f 1672//1672 1655//1655 1637//1637 1654//1654
f 1673//1673 1674//1674 1656//1656 1655//1655
f 1674//1674 1675//1675 1657//1657 1656//1656
f 1675//1675 1676//1676 1658//1658 1657//1657
f 1676//1676 1677//1677 1659//1659 1658//1658
f 1677//1677 1678//1678 1660//1660 1659//1659
f 1678//1678 1679//1679 1661//1661 1660//1660
f 1679//1679 1680//1680 1662//1662 1661//1661
f 1680//1680 1681//1681 1663//1663 1662//1662
f 1681//1681 1682//1682 1664//1664 1663//1663
f 1682//1682 1683//1683 1665//1665 1664//1664
f 1683//1683 1684//1684 1666//1666 1665//1665
f 1684//1684 1685//1685 1667//1667 1666//1666
f 1685//1685 1686//1686 1668//1668 1667//1667
f 1686//1686 1687//1687 1669//1669 1668//1668
f 1687//1687 1688//1688 1670//1670 1669//1669
f 1688//1688 1689//1689 1671//1671 1670//1670
f 1689//1689 1690//1690 1672//1672 1671//1671
f 1690//1690 1673//1673 1655//1655 1672//1672
f 1691//1691 1692//1692 1674//1674 1673//1673
f 1692//1692 1693//1693 1675//1675 1674//1674
f 1693//1693 1694//1694 1676//1676 1675//1675
f 1694//1694 1695//1695 1677//1677 1676//1676
f 1695//1695 1696//1696 1678//1678 1677//1677
f 1696//1696 1697//1697 1679//1679 1678//1678
f 1697//1697 1698//1698 1680//1680 1679//1679
f 1698//1698 1699//1699 1681//1681 1680//1680
f 1699//1699 1700//1700 1682//1682 1681//1681
f 1700//1700 1701//1701 1683//1683 1682//1682
f 1701//1701 1702//1702 1684//1684 1683//1683
f 1702//1702 1703//1703 1685//1685 1684//1684
f 1703//1703 1704//1704 1686//1686 1685//1685
f 1704//1704 1705//1705 1687//1687 1686//1686
f 1705//1705 1706//1706 1688//1688 1687//1687
f 1706//1706 1707//1707 1689//1689 1688//1688
f 1707//1707 1708//1708 1690//1690 1689//1689
f 1708//1708 1691//1691 1673//1673 1690//1690
f 1709//1709 1710//1710 1692//1692 1691//1691
f 1710//1710 1711//1711 1693//1693 1692//1692
f 1711//1711 1712//1712 1694//1694 1693//1693
f 1712//1712 1713//1713 1695//1695 1694//1694
f 1713//1713 1714//1714 1696//1696 1695//1695
f 1714//1714 1715//1715 1697//1697 1696//1696
f 1715//1715 1716//1716 1698//1698 1697//1697
f 1716//1716 1717//1717 1699//1699 1698//1698
f 1717//1717 1718//1718 1700//1700 1699//1699
f 1718//1718 1719//1719 1701//1701 1700//1700
f 1719//1719 1720//1720 1702//1702 1701//1701
f 1720//1720 1721//1721 1703//1703 1702//1702
f 1721//1721 1722//1722 1704//1704 1703//1703
f 1722//1722 1723//1723 1705//1705 1704//1704
f 1723//1723 1724//1724 1706//1706 1705//1705
f 1724//1724 1725//1725 1707//1707 1706//1706
f 1725//1725 1726//1726 1708//1708 1707//1707
f 1726//1726 1709//1709 1691//1691 1708//1708
f 1727//1727 1728//1728 1710//1710 1709//1709
f 1728//1728 1729//1729 1711//1711 1710//1710
f 1729//1729 1730//1730 1712//1712 1711//1711
f 1730//1730 1731//1731 1713//1713 1712//1712
f 1731//1731 1732//1732 1714//1714 1713//1713
f 1732//1732 1733//1733 1715//1715 1714//1714
f 1733//1733 1734//1734 1716//1716 1715//1715
f 1734//1734 1735//1735 1717//1717 1716//1716
f 1735//1735 1736//1736 1718//1718 1717//1717
f 1736//1736 1737//1737 1719//1719 1718//1718
f 1737//1737 1738//1738 1720//1720 1719//1719
f 1738//1738 1739//1739 1721//1721 1720//1720
f 1739//1739 1740//1740 1722//1722 1721//1721
f 1740//1740 1741//1741 1723//1723 1722//1722
f 1741//1741 1742//1742 1724//1724 1723//1723
f 1742//1742 1743//1743 1725//1725 1724//1724
f 1743//1743 1744//1744 1726//1726 1725//1725
f 1744//1744 1727//1727 1709//1709 1726//1726
f 1745//1745 1746//1746 1728//1728 1727//1727
f 1746//1746 1747//1747 1729//1729 1728//1728
f 1747//1747 1748//1748 1730//1730 1729//1729
f 1748//1748 1749//1749 1731//1731 1730//1730
f 1749//1749 1750//1750 1732//1732 1731//1731
f 1750//1750 1751//1751 1733//1733 1732//1732
f 1751//1751 1752//1752 1734//1734 1733//1733
f 1752//1752 1753//1753 1735//1735 1734//1734
f 1753//1753 1754//1754 1736//1736 1735//1735
f 1754//1754 1755//1755 1737//1737 1736//1736
f 1755//1755 1756//1756 1738//1738 1737//1737
f 1756//1756 1757//1757 1739//1739 1738//1738
f 1757//1757 1758//1758 1740//1740 1739//1739
f 1758//1758 1759//1759 1741//1741 1740//1740
f 1759//1759 1760//1760 1742//1742 1741//1741
f 1760//1760 1761//1761 1743//1743 1742//1742
f 1761//1761 1762//1762 1744//1744 1743//1743
f 1762//1762 1745//1745 1727//1727 1744//1744
f 1763//1763 1764//1764 1746//1746 1745//1745
f 1764//1764 1765//1765 1747//1747 1746//1746
f 1765//1765 1766//1766 1748//1748 1747//1747
f 1766//1766 1767//1767 1749//1749 1748//1748
f 1767//1767 1768//1768 1750//1750 1749//1749
f 1768//1768 1769//1769 1751//1751 1750//1750
f 1769//1769 1770//1770 1752//1752 1751//1751
f 1770//1770 1771//1771 1753//1753 1752//1752
f 1771//1771 1772//1772 1754//1754 1753//1753
f 1772//1772 1773//1773 1755//1755 1754//1754
f 1773//1773 1774//1774 1756//1756 1755//1755
f 1774//1774 1775//1775 1757//1757 1756//1756
f 1775//1775 1776//1776 1758//1758 1757//1757
f 1776//1776 1777//1777 1759//1759 1758//1758
f 1777//1777 1778//1778 1760//1760 1759//1759
f 1778//1778 1779//1779 1761//1761 1760//1760
f 1779//1779 1780//1780 1762//1762 1761//1761
f 1780//1780 1763//1763 1745//1745 1762//1762
f 1781//1781 1782//1782 1764//1764 1763//1763
f 1782//1782 1783//1783 1765//1765 1764//1764
f 1783//1783 1784//1784 1766//1766 1765//1765
f 1784//1784 1785//1785 1767//1767 1766//1766
f 1785//1785 1786//1786 1768//1768 1767//1767
f 1786//1786 1787//1787 1769//1769 1768//1768
f 1787//1787 1788//1788 1770//1770 1769//1769
f 1788//1788 1789//1789 1771//1771 1770//1770
f 1789//1789 1790//1790 1772//1772 1771//1771
f 1790//1790 1791//1791 1773//1773 1772//1772
f 1791//1791 1792//1792 1774//1774 1773//1773
f 1792//1792 1793//1793 1775//1775 1774//1774
f 1793//1793 1794//1794 1776//1776 1775//1775
f 1794//1794 1795//1795 1777//1777 1776//1776
f 1795//1795 1796//1796 1778//1778 1777//1777
f 1796//1796 1797//1797 1779//1779 1778//1778
f 1797//1797 1798//1798 1780//1780 1779//1779
f 1798//1798 1781//1781 1763//1763 1780//1780
g part17
usemtl rust
v 0.00000 2.07155 0.33578
v -0.05142 2.05481 0.32741
v -0.07878 2.01243 0.30621
v -0.06928 1.96422 0.28211
v -0.02736 1.93276 0.26638
v 0.02736 1.93276 0.26638
v 0.06928 1.96422 0.28211
v 0.07878 2.01243 0.30621
v 0.05142 2.05481 0.32741
v 0.00000 2.03873 0.38186
v -0.04580 2.02382 0.37441
v -0.07017 1.98607 0.35553
v -0.06170 1.94314 0.33407
v -0.02437 1.91512 0.32006
v 0.02437 1.91512 0.32006
v 0.06170 1.94314 0.33407
v 0.07017 1.98607 0.35553
v 0.04580 2.02382 0.37441
v 0.00000 2.00590 0.42795
v -0.04017 1.99282 0.42141
v -0.06155 1.95971 0.40485
v -0.05413 1.92205 0.38602
v -0.02138 1.89747 0.37373
v 0.02138 1.89747 0.37373
v 0.05413 1.92205 0.38602
v 0.06155 1.95971 0.40485
v 0.04017 1.99282 0.42141
v 0.00000 1.97308 0.47404
v -0.03455 1.96183 0.46841
v -0.05293 1.93335 0.45417
v -0.04655 1.90096 0.43798
v -0.01838 1.87982 0.42741
v 0.01838 1.87982 0.42741
v 0.04655 1.90096 0.43798
v 0.05293 1.93335 0.45417
v 0.03455 1.96183 0.46841
v 0.00000 1.94025 0.52012
v -0.02893 1.93083 0.51542
v -0.04432 1.90699 0.50349
v -0.03897 1.87988 0.48994
v -0.01539 1.86218 0.48109
v 0.01539 1.86218 0.48109
v 0.03897 1.87988 0.48994
v 0.04432 1.90699 0.50349
v 0.02893 1.93083 0.51542
v 0.00000 2.07155 0.33578
v -0.05142 2.05481 0.32741
v -0.07878 2.01243 0.30621
v -0.06928 1.96422 0.28211
v -0.02736 1.93276 0.26638
v 0.02736 1.93276 0.26638
v 0.06928 1.96422 0.28211
v 0.07878 2.01243 0.30621
v 0.05142 2.05481 0.32741
v 0.00000 2.00000 0.30000
v 0.00000 1.94025 0.52012
v -0.02893 1.93083 0.51542
v -0.04432 1.90699 0.50349
v -0.03897 1.87988 0.48994
v -0.01539 1.86218 0.48109
v 0.01539 1.86218 0.48109
v 0.03897 1.87988 0.48994
v 0.04432 1.90699 0.50349
v 0.02893 1.93083 0.51542
v 0.00000 1.90000 0.50000
vn 0.0000 0.8145 0.5801
vn -0.6351 0.6078 0.4768
vn -0.9730 0.0843 0.2150
vn -0.8556 -0.5110 -0.0826
vn -0.3379 -0.8995 -0.2769
vn 0.3379 -0.8995 -0.2769
vn 0.8556 -0.5110 -0.0826
vn 0.9730 0.0843 0.2150
vn 0.6351 0.6078 0.4768
vn 0.0000 0.8145 0.5801
vn -0.6351 0.6078 0.4768
vn -0.9730 0.0843 0.2150
vn -0.8556 -0.5110 -0.0826
vn -0.3379 -0.8995 -0.2769
vn 0.3379 -0.8995 -0.2769
vn 0.8556 -0.5110 -0.0826
vn 0.9730 0.0843 0.2150
vn 0.6351 0.6078 0.4768
vn 0.0000 0.8145 0.5801
vn -0.6351 0.6078 0.4768
vn -0.9730 0.0843 0.2150
vn -0.8556 -0.5110 -0.0826
vn -0.3379 -0.8995 -0.2769
vn 0.3379 -0.8995 -0.2769
vn 0.8556 -0.5110 -0.0826
vn 0.9730 0.0843 0.2150
vn 0.6351 0.6078 0.4768
vn 0.0000 0.8145 0.5801
vn -0.6351 0.6078 0.4768
vn -0.9730 0.0843 0.2150
vn -0.8556 -0.5110 -0.0826
vn -0.3379 -0.8995 -0.2769
vn 0.3379 -0.8995 -0.2769
vn 0.8556 -0.5110 -0.0826
vn 0.9730 0.0843 0.2150
vn 0.6351 0.6078 0.4768
vn 0.0000 0.8145 0.5801
vn -0.6351 0.6078 0.4768
vn -0.9730 0.0843 0.2150
vn -0.8556 -0.5110 -0.0826
vn -0.3379 -0.8995 -0.2769
vn 0.3379 -0.8995 -0.2769
vn 0.8556 -0.5110 -0.0826
vn 0.9730 0.0843 0.2150
vn 0.6351 0.6078 0.4768
vn -0.0000 0.4472 -0.8944
vn -0.0000 0.4472 -0.8944
vn -0.0000 0.4472 -0.8944
vn -0.0000 0.4472 -0.8944
vn -0.0000 0.4472 -0.8944
vn -0.0000 0.4472 -0.8944
vn -0.0000 0.4472 -0.8944
vn -0.0000 0.4472 -0.8944
vn -0.0000 0.4472 -0.8944
vn -0.0000 0.4472 -0.8944
vn 0.0000 -0.4472 0.8944
vn 0.0000 -0.4472 0.8944
vn 0.0000 -0.4472 0.8944
vn 0.0000 -0.4472 0.8944
vn 0.0000 -0.4472 0.8944
vn 0.0000 -0.4472 0.8944
vn 0.0000 -0.4472 0.8944
vn 0.0000 -0.4472 0.8944
vn 0.0000 -0.4472 0.8944
vn 0.0000 -0.4472 0.8944
f 1799//1799 1800//1800 1809//1809 1808//1808
f 1800//1800 1801//1801 1810//1810 1809//1809
f 1801//1801 1802//1802 1811//1811 1810//1810
f 1802//1802 1803//1803 1812//1812 1811//1811
f 1803//1803 1804//1804 1813//1813 1812//1812
f 1804//1804 1805//1805 1814//1814 1813//1813
f 1805//1805 1806//1806 1815//1815 1814//1814
f 1806//1806 1807//1807 1816//1816 1815//1815
f 1807//1807 1799//1799 1808//1808 1816//1816
f 1808//1808 1809//1809 1818//1818 1817//1817
f 1809//1809 1810//1810 1819//1819 1818//1818
f 1810//1810 1811//1811 1820//1820 1819//1819
f 1811//1811 1812//1812 1821//1821 1820//1820
f 1812//1812 1813//1813 1822//1822 1821//1821
f 1813//1813 1814//1814 1823//1823 1822//1822
f 1814//1814 1815//1815 1824//1824 1823//1823
f 1815//1815 1816//1816 1825//1825 1824//1824
f 1816//1816 1808//1808 1817//1817 1825//1825
f 1817//1817 1818//1818 1827//1827 1826//1826
f 1818//1818 1819//1819 1828//1828 1827//1827
f 1819//1819 1820//1820 1829//1829 1828//1828
f 1820//1820 1821//1821 1830//1830 1829//1829
f 1821//1821 1822//1822 1831//1831 1830//1830
f 1822//1822 1823//1823 1832//1832 1831//1831
f 1823//1823 1824//1824 1833//1833 1832//1832
f 1824//1824 1825//1825 1834//1834 1833//1833
f 1825//1825 1817//1817 1826//1826 1834//1834
f 1826//1826 1827//1827 1836//1836 1835//1835
f 1827//1827 1828//1828 1837//1837 1836//1836
f 1828//1828 1829//1829 1838//1838 1837//1837
f 1829//1829 1830//1830 1839//1839 1838//1838
f 1830//1830 1831//1831 1840//1840 1839//1839
f 1831//1831 1832//1832 1841//1841 1840//1840
f 1832//1832 1833//1833 1842//1842 1841//1841
f 1833//1833 1834//1834 1843//1843 1842//1842
f 1834//1834 1826//1826 1835//1835 1843//1843
f 1845//1845 1853//1853 1844//1844
f 1846//1846 1853//1853 1845//1845
f 1847//1847 1853//1853 1846//1846
f 1848//1848 1853//1853 1847//1847
f 1849//1849 1853//1853 1848//1848
f 1850//1850 1853//1853 1849//1849
f 1851//1851 1853//1853 1850//1850
f 1852//1852 1853//1853 1851//1851
f 1844//1844 1853//1853 1852//1852
f 1855//1855 1863//1863 1854//1854
f 1856//1856 1863//1863 1855//1855
f 1857//1857 1863//1863 1856//1856
f 1858//1858 1863//1863 1857//1857
f 1859//1859 1863//1863 1858//1858
f 1860//1860 1863//1863 1859//1859
f 1861//1861 1863//1863 1860//1860
f 1862//1862 1863//1863 1861//1861
f 1854//1854 1863//1863 1862//1862
g part18
usemtl bone
v -0.04699 2.14679 0.22789
v -0.03006 2.14052 0.20296
v -0.03182 2.12465 0.17664
v -0.05144 2.10661 0.16125
v -0.07975 2.09483 0.16400
v -0.10350 2.09483 0.18358
v -0.11157 2.10661 0.21085
v -0.10019 2.12465 0.23305
v -0.07468 2.14052 0.23977
v -0.07118 2.19391 0.19856
v -0.05536 2.18833 0.17481
v -0.05724 2.17382 0.14970
v -0.07595 2.15715 0.13496
v -0.10273 2.14613 0.13749
v -0.12506 2.14591 0.15612
v -0.13247 2.15660 0.18211
v -0.12152 2.17319 0.20332
v -0.09731 2.18793 0.20981
v -0.09642 2.24506 0.16979
v -0.08137 2.23949 0.14762
v -0.08294 2.22538 0.12423
v -0.10039 2.20934 0.11056
v -0.12555 2.19887 0.11300
v -0.14665 2.19888 0.13041
v -0.15382 2.20935 0.15465
v -0.14371 2.22539 0.17438
v -0.12103 2.23949 0.18035
v -0.12229 2.29395 0.13600
v -0.10713 2.28637 0.11675
v -0.10716 2.27003 0.09697
v -0.12238 2.25258 0.08593
v -0.14566 2.24218 0.08878
v -0.16610 2.24371 0.10419
v -0.17415 2.25644 0.12495
v -0.16604 2.27442 0.14135
v -0.14556 2.28923 0.14571
v -0.14698 2.33032 0.09167
v -0.13092 2.31935 0.07771
v -0.12847 2.29932 0.06482
v -0.14077 2.27961 0.05904
v -0.16207 2.26944 0.06306
v -0.18240 2.27357 0.07501
v -0.19225 2.29007 0.08930
v -0.18701 2.31121 0.09923
v -0.16913 2.32711 0.10017
v -0.16928 2.34773 0.03482
v -0.15279 2.33540 0.02644
v -0.14856 2.31440 0.02049
v -0.15856 2.29456 0.01976
v -0.17812 2.28516 0.02458
v -0.19809 2.29060 0.03271
v -0.20911 2.30834 0.04034
v -0.20604 2.33007 0.04390
v -0.19031 2.34562 0.04172
v -0.18927 2.35144 -0.02783
v -0.17318 2.33958 -0.03248
v -0.16818 2.31973 -0.03393
v -0.17660 2.30118 -0.03149
v -0.19451 2.29260 -0.02631
v -0.21353 2.29801 -0.02080
v -0.22475 2.31489 -0.01756
v -0.22293 2.33532 -0.01808
v -0.20892 2.34975 -0.02214
v -0.20555 2.34268 -0.08764
v -0.19012 2.33200 -0.08888
v -0.18460 2.31425 -0.08600
v -0.19159 2.29772 -0.08035
v -0.20782 2.29016 -0.07457
v -0.22569 2.29510 -0.07137
v -0.23684 2.31023 -0.07224
v -0.23605 2.32846 -0.07678
v -0.22369 2.34128 -0.08287
v -0.21534 2.31878 -0.13582
v -0.20072 2.31108 -0.13142
v -0.19512 2.29819 -0.12168
v -0.20117 2.28615 -0.11115
v -0.21602 2.28059 -0.10476
v -0.23274 2.28411 -0.10550
v -0.24350 2.29507 -0.11303
v -0.24326 2.30833 -0.12382
v -0.23214 2.31770 -0.13282
v -0.21349 2.27502 -0.16244
v -0.20090 2.27283 -0.15383
v -0.19688 2.26756 -0.13992
v -0.20332 2.26168 -0.12722
v -0.21719 2.25794 -0.12166
v -0.23202 2.25809 -0.12586
v -0.24085 2.26205 -0.13784
v -0.23957 2.26798 -0.15200
v -0.22876 2.27310 -0.16172
v -0.20526 2.22092 -0.17259
v -0.19453 2.22157 -0.16406
v -0.19162 2.22032 -0.15070
v -0.19790 2.21774 -0.13877
v -0.21043 2.21506 -0.13385
v -0.22334 2.21351 -0.13824
v -0.23059 2.21384 -0.14989
v -0.22880 2.21587 -0.16334
v -0.21879 2.21867 -0.17230
v -0.19698 2.16502 -0.17225
v -0.18770 2.16638 -0.16474
v -0.18542 2.16709 -0.15296
v -0.19120 2.16683 -0.14243
v -0.20235 2.16571 -0.13807
v -0.21364 2.16426 -0.14193
v -0.21979 2.16316 -0.15219
v -0.21793 2.16291 -0.16406
v -0.20892 2.16365 -0.17199
v -0.19513 2.11611 -0.16364
v -0.18716 2.11750 -0.15734
v -0.18519 2.12007 -0.14760
v -0.19016 2.12260 -0.13899
v -0.19972 2.12392 -0.13552
v -0.20942 2.12340 -0.13883
v -0.21471 2.12129 -0.14737
v -0.21312 2.11858 -0.15714
v -0.20539 2.11653 -0.16356
v -0.20246 2.07869 -0.14365
v -0.19579 2.08022 -0.13873
v -0.19380 2.08435 -0.13167
v -0.19741 2.08915 -0.12576
v -0.20494 2.09238 -0.12377
v -0.21286 2.09252 -0.12664
v -0.21747 2.08950 -0.13301
v -0.21661 2.08475 -0.13992
v -0.21069 2.08048 -0.14412
v -0.21415 2.04930 -0.11435
v -0.20889 2.05074 -0.11075
v -0.20707 2.05475 -0.10592
v -0.20954 2.05947 -0.10212
v -0.21516 2.06268 -0.10113
v -0.22128 2.06288 -0.10341
v -0.22505 2.05998 -0.10790
v -0.22470 2.05533 -0.11250
v -0.22040 2.05112 -0.11504
v -0.22716 2.02355 -0.08234
v -0.22342 2.02459 -0.07981
v -0.22210 2.02750 -0.07645
v -0.22382 2.03092 -0.07384
v -0.22777 2.03326 -0.07320
v -0.23211 2.03341 -0.07483
v -0.23480 2.03130 -0.07796
v -0.23459 2.02793 -0.08113
v -0.23157 2.02487 -0.08286
v -0.23912 1.99709 -0.05261
v -0.23692 1.99769 -0.05110
v -0.23616 1.99937 -0.04908
v -0.23719 2.00135 -0.04749
v -0.23954 2.00269 -0.04707
v -0.24210 2.00277 -0.04803
v -0.24368 2.00156 -0.04991
v -0.24354 1.99962 -0.05183
v -0.24174 1.99785 -0.05289
v -0.04699 2.14679 0.22789
v -0.03006 2.14052 0.20296
v -0.03182 2.12465 0.17664
v -0.05144 2.10661 0.16125
v -0.07975 2.09483 0.16400
v -0.10350 2.09483 0.18358
v -0.11157 2.10661 0.21085
v -0.10019 2.12465 0.23305
v -0.07468 2.14052 0.23977
v -0.07000 2.12000 0.20000
v -0.23912 1.99709 -0.05261
v -0.23692 1.99769 -0.05110
v -0.23616 1.99937 -0.04908
v -0.23719 2.00135 -0.04749
v -0.23954 2.00269 -0.04707
v -0.24210 2.00277 -0.04803
v -0.24368 2.00156 -0.04991
v -0.24354 1.99962 -0.05183
v -0.24174 1.99785 -0.05289
v -0.24000 2.00000 -0.05000
vn 0.4952 0.6280 0.6003
vn 0.8713 0.4886 0.0469
vn 0.8324 0.1359 -0.5373
vn 0.3967 -0.2649 -0.8789
vn -0.2318 -0.5265 -0.8180
vn -0.7591 -0.5264 -0.3831
vn -0.9384 -0.2646 0.2223
vn -0.6859 0.1364 0.7148
vn -0.1197 0.4889 0.8641
vn 0.5026 0.6131 0.6095
vn 0.8746 0.4821 0.0513
vn 0.8303 0.1408 -0.5392
vn 0.3904 -0.2511 -0.8857
vn -0.2392 -0.5102 -0.8261
vn -0.7640 -0.5153 -0.3883
vn -0.9384 -0.2640 0.2230
vn -0.6808 0.1261 0.7215
vn -0.1117 0.4725 0.8742
vn 0.4953 0.6282 0.6000
vn 0.8715 0.4881 0.0470
vn 0.8318 0.1368 -0.5380
vn 0.3945 -0.2608 -0.8811
vn -0.2344 -0.5210 -0.8207
vn -0.7604 -0.5233 -0.3846
vn -0.9384 -0.2645 0.2224
vn -0.6857 0.1362 0.7151
vn -0.1198 0.4895 0.8637
vn 0.4427 0.7342 0.5147
vn 0.8481 0.5298 0.0040
vn 0.8451 0.0981 -0.5256
vn 0.4343 -0.3569 -0.8271
vn -0.1870 -0.6301 -0.7537
vn -0.7271 -0.5980 -0.3372
vn -0.9379 -0.2667 0.2220
vn -0.7219 0.2125 0.6586
vn -0.1776 0.6096 0.7726
vn 0.3577 0.8832 0.3034
vn 0.8135 0.5728 -0.1004
vn 0.8806 0.0046 -0.4739
vn 0.5282 -0.5561 -0.6417
vn -0.0793 -0.8464 -0.5266
vn -0.6586 -0.7297 -0.1840
vn -0.9381 -0.2613 0.2273
vn -0.7863 0.3391 0.5164
vn -0.2743 0.7909 0.5469
vn 0.2877 0.9554 0.0670
vn 0.7921 0.5775 -0.1978
vn 0.9208 -0.0673 -0.3842
vn 0.6141 -0.6777 -0.4045
vn 0.0131 -0.9668 -0.2553
vn -0.6016 -0.7988 -0.0083
vn -0.9402 -0.2538 0.2270
vn -0.8437 0.4128 0.3432
vn -0.3582 0.8902 0.2814
vn 0.2421 0.9638 -0.1115
vn 0.7774 0.5688 -0.2684
vn 0.9432 -0.0922 -0.3191
vn 0.6618 -0.7100 -0.2408
vn 0.0651 -0.9954 -0.0697
vn -0.5675 -0.8153 0.1153
vn -0.9402 -0.2536 0.2273
vn -0.8789 0.4270 0.2129
vn -0.4120 0.9078 0.0787
vn 0.1968 0.9243 -0.3270
vn 0.7590 0.5382 -0.3663
vn 0.9575 -0.1079 -0.2675
vn 0.6981 -0.7114 -0.0810
vn 0.1080 -0.9867 0.1215
vn -0.5363 -0.8050 0.2538
vn -0.9381 -0.2529 0.2367
vn -0.9098 0.4091 0.0705
vn -0.4623 0.8729 -0.1558
vn 0.1815 0.7196 -0.6702
vn 0.7647 0.4080 -0.4987
vn 0.9855 -0.1175 -0.1227
vn 0.7414 -0.6087 0.2826
vn 0.1497 -0.8297 0.5378
vn -0.5154 -0.6799 0.5217
vn -0.9441 -0.2355 0.2307
vn -0.9343 0.2978 -0.1958
vn -0.4899 0.6748 -0.5520
vn 0.2571 0.3629 -0.8956
vn 0.8172 0.2465 -0.5210
vn 0.9955 0.0096 0.0944
vn 0.7090 -0.2347 0.6650
vn 0.0930 -0.3974 0.9129
vn -0.5625 -0.4083 0.7189
vn -0.9538 -0.2360 0.1861
vn -0.8995 0.0451 -0.4347
vn -0.4216 0.2862 -0.8604
vn 0.3052 0.1299 -0.9434
vn 0.8401 0.1574 -0.5190
vn 0.9849 0.0935 0.1457
vn 0.6720 -0.0328 0.7398
vn 0.0484 -0.1674 0.9847
vn -0.5938 -0.2474 0.7656
vn -0.9551 -0.2304 0.1861
vn -0.8669 -0.1231 -0.4830
vn -0.3693 0.0202 -0.9291
vn 0.3284 -0.0488 -0.9433
vn 0.8561 0.0273 -0.5161
vn 0.9858 0.0680 0.1534
vn 0.6571 0.0518 0.7520
vn 0.0241 -0.0155 0.9996
vn -0.6171 -0.1004 0.7804
vn -0.9671 -0.1606 0.1971
vn -0.8620 -0.1694 -0.4777
vn -0.3503 -0.1254 -0.9282
vn 0.3216 -0.3161 -0.8925
vn 0.8523 -0.2229 -0.4731
vn 0.9830 -0.0544 0.1756
vn 0.6523 0.1089 0.7501
vn 0.0156 0.1909 0.9815
vn -0.6292 0.1555 0.7615
vn -0.9810 0.0194 0.1929
vn -0.8751 -0.1562 -0.4581
vn -0.3607 -0.2894 -0.8867
vn 0.2572 -0.6201 -0.7412
vn 0.7973 -0.4978 -0.3414
vn 0.9568 -0.1699 0.2359
vn 0.6632 0.2150 0.7169
vn 0.0543 0.4785 0.8764
vn -0.5870 0.4915 0.6433
vn -0.9610 0.2448 0.1285
vn -0.8916 -0.1405 -0.4305
vn -0.4104 -0.4806 -0.7750
vn 0.2019 -0.7673 -0.6087
vn 0.7511 -0.6183 -0.2315
vn 0.9402 -0.2012 0.2748
vn 0.6815 0.2899 0.6719
vn 0.0960 0.6253 0.7744
vn -0.5431 0.6465 0.5358
vn -0.9368 0.3432 0.0679
vn -0.9004 -0.1411 -0.4116
vn -0.4506 -0.5792 -0.6793
vn 0.1929 -0.7864 -0.5869
vn 0.7437 -0.6334 -0.2138
vn 0.9378 -0.2047 0.2805
vn 0.6844 0.2993 0.6648
vn 0.1021 0.6427 0.7593
vn -0.5366 0.6648 0.5197
vn -0.9330 0.3553 0.0582
vn -0.9014 -0.1410 -0.4093
vn -0.4568 -0.5919 -0.6641
vn 0.2004 -0.7705 -0.6051
vn 0.7499 -0.6207 -0.2289
vn 0.9399 -0.2018 0.2753
vn 0.6817 0.2902 0.6716
vn 0.0960 0.6251 0.7746
vn -0.5432 0.6462 0.5361
vn -0.9367 0.3435 0.0677
vn -0.9004 -0.1412 -0.4114
vn -0.4514 -0.5812 -0.6771
vn 0.3788 -0.8035 0.4592
vn 0.3788 -0.8035 0.4592
vn 0.3788 -0.8035 0.4592
vn 0.3788 -0.8035 0.4592
vn 0.3788 -0.8035 0.4592
vn 0.3788 -0.8035 0.4592
vn 0.3788 -0.8035 0.4592
vn 0.3788 -0.8035 0.4592
vn 0.3788 -0.8035 0.4592
vn 0.3788 -0.8035 0.4592
vn -0.2739 -0.6866 0.6735
vn -0.2739 -0.6866 0.6735
vn -0.2739 -0.6866 0.6735
vn -0.2739 -0.6866 0.6735
vn -0.2739 -0.6866 0.6735
vn -0.2739 -0.6866 0.6735
vn -0.2739 -0.6866 0.6735
vn -0.2739 -0.6866 0.6735
vn -0.2739 -0.6866 0.6735
vn -0.2739 -0.6866 0.6735
f 1864//1864 1865//1865 1874//1874 1873//1873
f 1865//1865 1866//1866 1875//1875 1874//1874
f 1866//1866 1867//1867 1876//1876 1875//1875
f 1867//1867 1868//1868 1877//1877 1876//1876
f 1868//1868 1869//1869 1878//1878 1877//1877
f 1869//1869 1870//1870 1879//1879 1878//1878
f 1870//1870 1871//1871 1880//1880 1879//1879
f 1871//1871 1872//1872 1881//1881 1880//1880
f 1872//1872 1864//1864 1873//1873 1881//1881
f 1873//1873 1874//1874 1883//1883 1882//1882
f 1874//1874 1875//1875 1884//1884 1883//1883
f 1875//1875 1876//1876 1885//1885 1884//1884
f 1876//1876 1877//1877 1886//1886 1885//1885
f 1877//1877 1878//1878 1887//1887 1886//1886
f 1878//1878 1879//1879 1888//1888 1887//1887
f 1879//1879 1880//1880 1889//1889 1888//1888
f 1880//1880 1881//1881 1890//1890 1889//1889
f 1881//1881 1873//1873 1882//1882 1890//1890
f 1882//1882 1883//1883 1892//1892 1891//1891
f 1883//1883 1884//1884 1893//1893 1892//1892
f 1884//1884 1885//1885 1894//1894 1893//1893
f 1885//1885 1886//1886 1895//1895 1894//1894
f 1886//1886 1887//1887 1896//1896 1895//1895
f 1887//1887 1888//1888 1897//1897 1896//1896
f 1888//1888 1889//1889 1898//1898 1897//1897
f 1889//1889 1890//1890 1899//1899 1898//1898
f 1890//1890 1882//1882 1891//1891 1899//1899
f 1891//1891 1892//1892 1901//1901 1900//1900
f 1892//1892 1893//1893 1902//1902 1901//1901
f 1893//1893 1894//1894 1903//1903 1902//1902
f 1894//1894 1895//1895 1904//1904 1903//1903
f 1895//1895 1896//1896 1905//1905 1904//1904
f 1896//1896 1897//1897 1906//1906 1905//1905
f 1897//1897 1898//1898 1907//1907 1906//1906
f 1898//1898 1899//1899 1908//1908 1907//1907
f 1899//1899 1891//1891 1900//1900 1908//1908
f 1900//1900 1901//1901 1910//1910 1909//1909
f 1901//1901 1902//1902 1911//1911 1910//1910
f 1902//1902 1903//1903 1912//1912 1911//1911
f 1903//1903 1904//1904 1913//1913 1912//1912
f 1904//1904 1905//1905 1914//1914 1913//1913
f 1905//1905 1906//1906 1915//1915 1914//1914
f 1906//1906 1907//1907 1916//1916 1915//1915
f 1907//1907 1908//1908 1917//1917 1916//1916
f 1908//1908 1900//1900 1909//1909 1917//1917
f 1909//1909 1910//1910 1919//1919 1918//1918
f 1910//1910 1911//1911 1920//1920 1919//1919
f 1911//1911 1912//1912 1921//1921 1920//1920
f 1912//1912 1913//1913 1922//1922 1921//1921
f 1913//1913 1914//1914 1923//1923 1922//1922
f 1914//1914 1915//1915 1924//1924 1923//1923
f 1915//1915 1916//1916 1925//1925 1924//1924
f 1916//1916 1917//1917 1926//1926 1925//1925
f 1917//1917 1909//1909 1918//1918 1926//1926
f 1918//1918 1919//1919 1928//1928 1927//1927
f 1919//1919 1920//1920 1929//1929 1928//1928
f 1920//1920 1921//1921 1930//1930 1929//1929
f 1921//1921 1922//1922 1931//1931 1930//1930
f 1922//1922 1923//1923 1932//1932 1931//1931
f 1923//1923 1924//1924 1933//1933 1932//1932
f 1924//1924 1925//1925 1934//1934 1933//1933
f 1925//1925 1926//1926 1935//1935 1934//1934
f 1926//1926 1918//1918 1927//1927 1935//1935
f 1927//1927 1928//1928 1937//1937 1936//1936
f 1928//1928 1929//1929 1938//1938 1937//1937
f 1929//1929 1930//1930 1939//1939 1938//1938
f 1930//1930 1931//1931 1940//1940 1939//1939
f 1931//1931 1932//1932 1941//1941 1940//1940
f 1932//1932 1933//1933 1942//1942 1941//1941
f 1933//1933 1934//1934 1943//1943 1942//1942
f 1934//1934 1935//1935 1944//1944 1943//1943
f 1935//1935 1927//1927 1936//1936 1944//1944
f 1936//1936 1937//1937 1946//1946 1945//1945
f 1937//1937 1938//1938 1947//1947 1946//1946
f 1938//1938 1939//1939 1948//1948 1947//1947
f 1939//1939 1940//1940 1949//1949 1948//1948
f 1940//1940 1941//1941 1950//1950 1949//1949
f 1941//1941 1942//1942 1951//1951 1950//1950
f 1942//1942 1943//1943 1952//1952 1951//1951
f 1943//1943 1944//1944 1953//1953 1952//1952
f 1944//1944 1936//1936 1945//1945 1953//1953
f 1945//1945 1946//1946 1955//1955 1954//1954
f 1946//1946 1947//1947 1956//1956 1955//1955
f 1947//1947 1948//1948 1957//1957 1956//1956
f 1948//1948 1949//1949 1958//1958 1957//1957
f 1949//1949 1950//1950 1959//1959 1958//1958
f 1950//1950 1951//1951 1960//1960 1959//1959
f 1951//1951 1952//1952 1961//1961 1960//1960
f 1952//1952 1953//1953 1962//1962 1961//1961
f 1953//1953 1945//1945 1954//1954 1962//1962
f 1954//1954 1955//1955 1964//1964 1963//1963
f 1955//1955 1956//1956 1965//1965 1964//1964
f 1956//1956 1957//1957 1966//1966 1965//1965
f 1957//1957 1958//1958 1967//1967 1966//1966
f 1958//1958 1959//1959 1968//1968 1967//1967
f 1959//1959 1960//1960 1969//1969 1968//1968
f 1960//1960 1961//1961 1970//1970 1969//1969
f 1961//1961 1962//1962 1971//1971 1970//1970
f 1962//1962 1954//1954 1963//1963 1971//1971
f 1963//1963 1964//1964 1973//1973 1972//1972
f 1964//1964 1965//1965 1974//1974 1973//1973
f 1965//1965 1966//1966 1975//1975 1974//1974
f 1966//1966 1967//1967 1976//1976 1975//1975
f 1967//1967 1968//1968 1977//1977 1976//1976
f 1968//1968 1969//1969 1978//1978 1977//1977
f 1969//1969 1970//1970 1979//1979 1978//1978
f 1970//1970 1971//1971 1980//1980 1979//1979
f 1971//1971 1963//1963 1972//1972 1980//1980
f 1972//1972 1973//1973 1982//1982 1981//1981
f 1973//1973 1974//1974 1983//1983 1982//1982
f 1974//1974 1975//1975 1984//1984 1983//1983
f 1975//1975 1976//1976 1985//1985 1984//1984
f 1976//1976 1977//1977 1986//1986 1985//1985
f 1977//1977 1978//1978 1987//1987 1986//1986
f 1978//1978 1979//1979 1988//1988 1987//1987
f 1979//1979 1980//1980 1989//1989 1988//1988
f 1980//1980 1972//1972 1981//1981 1989//1989
f 1981//1981 1982//1982 1991//1991 1990//1990
f 1982//1982 1983//1983 1992//1992 1991//1991
f 1983//1983 1984//1984 1993//1993 1992//1992
f 1984//1984 1985//1985 1994//1994 1993//1993
f 1985//1985 1986//1986 1995//1995 1994//1994
f 1986//1986 1987//1987 1996//1996 1995//1995
f 1987//1987 1988//1988 1997//1997 1996//1996
f 1988//1988 1989//1989 1998//1998 1997//1997
f 1989//1989 1981//1981 1990//1990 1998//1998
f 1990//1990 1991//1991 2000//2000 1999//1999
f 1991//1991 1992//1992 2001//2001 2000//2000
f 1992//1992 1993//1993 2002//2002 2001//2001
f 1993//1993 1994//1994 2003//2003 2002//2002
f 1994//1994 1995//1995 2004//2004 2003//2003
f 1995//1995 1996//1996 2005//2005 2004//2004
f 1996//1996 1997//1997 2006//2006 2005//2005
f 1997//1997 1998//1998 2007//2007 2006//2006
f 1998//1998 1990//1990 1999//1999 2007//2007
f 1999//1999 2000//2000 2009//2009 2008//2008
f 2000//2000 2001//2001 2010//2010 2009//2009
f 2001//2001 2002//2002 2011//2011 2010//2010
f 2002//2002 2003//2003 2012//2012 2011//2011
f 2003//2003 2004//2004 2013//2013 2012//2012
f 2004//2004 2005//2005 2014//2014 2013//2013
f 2005//2005 2006//2006 2015//2015 2014//2014
f 2006//2006 2007//2007 2016//2016 2015//2015
f 2007//2007 1999//1999 2008//2008 2016//2016
f 2018//2018 2026//2026 2017//2017
f 2019//2019 2026//2026 2018//2018
f 2020//2020 2026//2026 2019//2019
f 2021//2021 2026//2026 2020//2020
f 2022//2022 2026//2026 2021//2021
f 2023//2023 2026//2026 2022//2022
f 2024//2024 2026//2026 2023//2023
f 2025//2025 2026//2026 2024//2024
f 2017//2017 2026//2026 2025//2025
f 2028//2028 2036//2036 2027//2027
f 2029//2029 2036//2036 2028//2028
f 2030//2030 2036//2036 2029//2029
f 2031//2031 2036//2036 2030//2030
f 2032//2032 2036//2036 2031//2031
f 2033//2033 2036//2036 2032//2032
f 2034//2034 2036//2036 2033//2033
f 2035//2035 2036//2036 2034//2034
f 2027//2027 2036//2036 2035//2035
g part19
usemtl bone
v 0.04699 2.14679 0.22789
v 0.07468 2.14052 0.23977
v 0.10019 2.12465 0.23305
v 0.11157 2.10661 0.21085
v 0.10350 2.09483 0.18358
v 0.07975 2.09483 0.16400
v 0.05144 2.10661 0.16125
v 0.03182 2.12465 0.17664
v 0.03006 2.14052 0.20296
v 0.07118 2.19391 0.19856
v 0.09731 2.18793 0.20981
v 0.12152 2.17319 0.20332
v 0.13247 2.15660 0.18211
v 0.12506 2.14591 0.15612
v 0.10273 2.14613 0.13749
v 0.07595 2.15715 0.13496
v 0.05724 2.17382 0.14970
v 0.05536 2.18833 0.17481
v 0.09642 2.24506 0.16979
v 0.12103 2.23949 0.18035
v 0.14371 2.22539 0.17438
v 0.15382 2.20935 0.15465
v 0.14665 2.19888 0.13041
v 0.12555 2.19887 0.11300
v 0.10039 2.20934 0.11056
v 0.08294 2.22538 0.12423
v 0.08137 2.23949 0.14762
v 0.12229 2.29395 0.13600
v 0.14556 2.28923 0.14571
v 0.16604 2.27442 0.14135
v 0.17415 2.25644 0.12495
v 0.16610 2.24371 0.10419
v 0.14566 2.24218 0.08878
v 0.12238 2.25258 0.08593
v 0.10716 2.27003 0.09697
v 0.10713 2.28637 0.11675
v 0.14698 2.33032 0.09167
v 0.16913 2.32711 0.10017
v 0.18701 2.31121 0.09923
v 0.19225 2.29007 0.08930
v 0.18240 2.27357 0.07501
v 0.16207 2.26944 0.06306
v 0.14077 2.27961 0.05904
v 0.12847 2.29932 0.06482
v 0.13092 2.31935 0.07771
v 0.16928 2.34773 0.03482
v 0.19031 2.34562 0.04172
v 0.20604 2.33007 0.04390
v 0.20911 2.30834 0.04034
v 0.19809 2.29060 0.03271
v 0.17812 2.28516 0.02458
v 0.15856 2.29456 0.01976
v 0.14856 2.31440 0.02049
v 0.15279 2.33540 0.02644
v 0.18927 2.35144 -0.02783
v 0.20892 2.34975 -0.02214
v 0.22293 2.33532 -0.01808
v 0.22475 2.31489 -0.01756
v 0.21353 2.29801 -0.02080
v 0.19451 2.29260 -0.02631
v 0.17660 2.30118 -0.03149
v 0.16818 2.31973 -0.03393
v 0.17318 2.33958 -0.03248
v 0.20555 2.34268 -0.08764
v 0.22369 2.34128 -0.08287
v 0.23605 2.32846 -0.07678
v 0.23684 2.31023 -0.07224
v 0.22569 2.29510 -0.07137
v 0.20782 2.29016 -0.07457
v 0.19159 2.29772 -0.08035
v 0.18460 2.31425 -0.08600
v 0.19012 2.33200 -0.08888
v 0.21534 2.31878 -0.13582
v 0.23214 2.31770 -0.13282
v 0.24326 2.30833 -0.12382
v 0.24350 2.29507 -0.11303
v 0.23274 2.28411 -0.10550
v 0.21602 2.28059 -0.10476
v 0.20117 2.28615 -0.11115
v 0.19512 2.29819 -0.12168
v 0.20072 2.31108 -0.13142
v 0.21349 2.27502 -0.16244
v 0.22876 2.27310 -0.16172
v 0.23957 2.26798 -0.15200
v 0.24085 2.26205 -0.13784
v 0.23202 2.25809 -0.12586
v 0.21719 2.25794 -0.12166
v 0.20332 2.26168 -0.12722
v 0.19688 2.26756 -0.13992
v 0.20090 2.27283 -0.15383
v 0.20526 2.22092 -0.17259
v 0.21879 2.21867 -0.17230
v 0.22880 2.21587 -0.16334
v 0.23059 2.21384 -0.14989
v 0.22334 2.21351 -0.13824
v 0.21043 2.21506 -0.13385
v 0.19790 2.21774 -0.13877
v 0.19162 2.22032 -0.15070
v 0.19453 2.22157 -0.16406
v 0.19698 2.16502 -0.17225
v 0.20892 2.16365 -0.17199
v 0.21793 2.16291 -0.16406
v 0.21979 2.16316 -0.15219
v 0.21364 2.16426 -0.14193
v 0.20235 2.16571 -0.13807
v 0.19120 2.16683 -0.14243
v 0.18542 2.16709 -0.15296
v 0.18770 2.16638 -0.16474
v 0.19513 2.11611 -0.16364
v 0.20539 2.11653 -0.16356
v 0.21312 2.11858 -0.15714
v 0.21471 2.12129 -0.14737
v 0.20942 2.12340 -0.13883
v 0.19972 2.12392 -0.13552
v 0.19016 2.12260 -0.13899
v 0.18519 2.12007 -0.14760
v 0.18716 2.11750 -0.15734
v 0.20246 2.07869 -0.14365
v 0.21069 2.08048 -0.14412
v 0.21661 2.08475 -0.13992
v 0.21747 2.08950 -0.13301
v 0.21286 2.09252 -0.12664
v 0.20494 2.09238 -0.12377
v 0.19741 2.08915 -0.12576
v 0.19380 2.08435 -0.13167
v 0.19579 2.08022 -0.13873
v 0.21415 2.04930 -0.11435
v 0.22040 2.05112 -0.11504
v 0.22470 2.05533 -0.11250
v 0.22505 2.05998 -0.10790
v 0.22128 2.06288 -0.10341
v 0.21516 2.06268 -0.10113
v 0.20954 2.05947 -0.10212
v 0.20707 2.05475 -0.10592
v 0.20889 2.05074 -0.11075
v 0.22716 2.02355 -0.08234
v 0.23157 2.02487 -0.08286
v 0.23459 2.02793 -0.08113
v 0.23480 2.03130 -0.07796
v 0.23211 2.03341 -0.07483
v 0.22777 2.03326 -0.07320
v 0.22382 2.03092 -0.07384
v 0.22210 2.02750 -0.07645
v 0.22342 2.02459 -0.07981
v 0.23912 1.99709 -0.05261
v 0.24174 1.99785 -0.05289
v 0.24354 1.99962 -0.05183
v 0.24368 2.00156 -0.04991
v 0.24210 2.00277 -0.04803
v 0.23954 2.00269 -0.04707
v 0.23719 2.00135 -0.04749
v 0.23616 1.99937 -0.04908
v 0.23692 1.99769 -0.05110
v 0.04699 2.14679 0.22789
v 0.07468 2.14052 0.23977
v 0.10019 2.12465 0.23305
v 0.11157 2.10661 0.21085
v 0.10350 2.09483 0.18358
v 0.07975 2.09483 0.16400
v 0.05144 2.10661 0.16125
v 0.03182 2.12465 0.17664
v 0.03006 2.14052 0.20296
v 0.07000 2.12000 0.20000
v 0.23912 1.99709 -0.05261
v 0.24174 1.99785 -0.05289
v 0.24354 1.99962 -0.05183
v 0.24368 2.00156 -0.04991
v 0.24210 2.00277 -0.04803
v 0.23954 2.00269 -0.04707
v 0.23719 2.00135 -0.04749
v 0.23616 1.99937 -0.04908
v 0.23692 1.99769 -0.05110
v 0.24000 2.00000 -0.05000
vn -0.4952 0.6280 0.6003
vn 0.1197 0.4889 0.8641
vn 0.6859 0.1364 0.7148
vn 0.9384 -0.2646 0.2223
vn 0.7591 -0.5264 -0.3831
vn 0.2318 -0.5265 -0.8180
vn -0.3967 -0.2649 -0.8789
vn -0.8324 0.1359 -0.5373
vn -0.8713 0.4886 0.0469
vn -0.5026 0.6131 0.6095
vn 0.1117 0.4725 0.8742
vn 0.6808 0.1261 0.7215
vn 0.9384 -0.2640 0.2230
vn 0.7640 -0.5153 -0.3883
vn 0.2392 -0.5102 -0.8261
vn -0.3904 -0.2511 -0.8857
vn -0.8303 0.1408 -0.5392
vn -0.8746 0.4821 0.0513
vn -0.4953 0.6282 0.6000
vn 0.1198 0.4895 0.8637
vn 0.6857 0.1362 0.7151
vn 0.9384 -0.2645 0.2224
vn 0.7604 -0.5233 -0.3846
vn 0.2344 -0.5210 -0.8207
vn -0.3945 -0.2608 -0.8811
vn -0.8318 0.1368 -0.5380
vn -0.8715 0.4881 0.0470
vn -0.4427 0.7342 0.5147
vn 0.1776 0.6096 0.7726
vn 0.7219 0.2125 0.6586
vn 0.9379 -0.2667 0.2220
vn 0.7271 -0.5980 -0.3372
vn 0.1870 -0.6301 -0.7537
vn -0.4343 -0.3569 -0.8271
vn -0.8451 0.0981 -0.5256
vn -0.8481 0.5298 0.0040
vn -0.3577 0.8832 0.3034
vn 0.2743 0.7909 0.5469
vn 0.7863 0.3391 0.5164
vn 0.9381 -0.2613 0.2273
vn 0.6586 -0.7297 -0.1840
vn 0.0793 -0.8464 -0.5266
vn -0.5282 -0.5561 -0.6417
vn -0.8806 0.0046 -0.4739
vn -0.8135 0.5728 -0.1004
vn -0.2877 0.9554 0.0670
vn 0.3582 0.8902 0.2814
vn 0.8437 0.4128 0.3432
vn 0.9402 -0.2538 0.2270
vn 0.6016 -0.7988 -0.0083
vn -0.0131 -0.9668 -0.2553
vn -0.6141 -0.6777 -0.4045
vn -0.9208 -0.0673 -0.3842
vn -0.7921 0.5775 -0.1978
vn -0.2421 0.9638 -0.1115
vn 0.4120 0.9078 0.0787
vn 0.8789 0.4270 0.2129
vn 0.9402 -0.2536 0.2273
vn 0.5675 -0.8153 0.1153
vn -0.0651 -0.9954 -0.0697
vn -0.6618 -0.7100 -0.2408
vn -0.9432 -0.0922 -0.3191
vn -0.7774 0.5688 -0.2684
vn -0.1968 0.9243 -0.3270
vn 0.4623 0.8729 -0.1558
vn 0.9098 0.4091 0.0705
vn 0.9381 -0.2529 0.2367
vn 0.5363 -0.8050 0.2538
vn -0.1080 -0.9867 0.1215
vn -0.6981 -0.7114 -0.0810
vn -0.9575 -0.1079 -0.2675
vn -0.7590 0.5382 -0.3663
vn -0.1815 0.7196 -0.6702
vn 0.4899 0.6748 -0.5520
vn 0.9343 0.2978 -0.1958
vn 0.9441 -0.2355 0.2307
vn 0.5154 -0.6799 0.5217
vn -0.1497 -0.8297 0.5378
vn -0.7414 -0.6087 0.2826
vn -0.9855 -0.1175 -0.1227
vn -0.7647 0.4080 -0.4987
vn -0.2571 0.3629 -0.8956
vn 0.4216 0.2862 -0.8604
vn 0.8995 0.0451 -0.4347
vn 0.9538 -0.2360 0.1861
vn 0.5625 -0.4083 0.7189
vn -0.0930 -0.3974 0.9129
vn -0.7090 -0.2347 0.6650
vn -0.9955 0.0096 0.0944
vn -0.8172 0.2465 -0.5210
vn -0.3052 0.1299 -0.9434
vn 0.3693 0.0202 -0.9291
vn 0.8669 -0.1231 -0.4830
vn 0.9551 -0.2304 0.1861
vn 0.5938 -0.2474 0.7656
vn -0.0484 -0.1674 0.9847
vn -0.6720 -0.0328 0.7398
vn -0.9849 0.0935 0.1457
vn -0.8401 0.1574 -0.5190
vn -0.3284 -0.0488 -0.9433
vn 0.3503 -0.1254 -0.9282
vn 0.8620 -0.1694 -0.4777
vn 0.9671 -0.1606 0.1971
vn 0.6171 -0.1004 0.7804
vn -0.0241 -0.0155 0.9996
vn -0.6571 0.0518 0.7520
vn -0.9858 0.0680 0.1534
vn -0.8561 0.0273 -0.5161
vn -0.3216 -0.3161 -0.8925
vn 0.3607 -0.2894 -0.8867
vn 0.8751 -0.1562 -0.4581
vn 0.9810 0.0194 0.1929
vn 0.6292 0.1555 0.7615
vn -0.0156 0.1909 0.9815
vn -0.6523 0.1089 0.7501
vn -0.9830 -0.0544 0.1756
vn -0.8523 -0.2229 -0.4731
vn -0.2572 -0.6201 -0.7412
vn 0.4104 -0.4806 -0.7750
vn 0.8916 -0.1405 -0.4305
vn 0.9610 0.2448 0.1285
vn 0.5870 0.4915 0.6433
vn -0.0543 0.4785 0.8764
vn -0.6632 0.2150 0.7169
vn -0.9568 -0.1699 0.2359
vn -0.7973 -0.4978 -0.3414
vn -0.2019 -0.7673 -0.6087
vn 0.4506 -0.5792 -0.6793
vn 0.9004 -0.1411 -0.4116
vn 0.9368 0.3432 0.0679
vn 0.5431 0.6465 0.5358
vn -0.0960 0.6253 0.7744
vn -0.6815 0.2899 0.6719
vn -0.9402 -0.2012 0.2748
vn -0.7511 -0.6183 -0.2315
vn -0.1929 -0.7864 -0.5869
vn 0.4568 -0.5919 -0.6641
vn 0.9014 -0.1410 -0.4093
vn 0.9330 0.3553 0.0582
vn 0.5366 0.6648 0.5197
vn -0.1021 0.6427 0.7593
vn -0.6844 0.2993 0.6648
vn -0.9378 -0.2047 0.2805
vn -0.7437 -0.6334 -0.2138
vn -0.2004 -0.7705 -0.6051
vn 0.4514 -0.5812 -0.6771
vn 0.9004 -0.1412 -0.4114
vn 0.9367 0.3435 0.0677
vn 0.5432 0.6462 0.5361
vn -0.0960 0.6251 0.7746
vn -0.6817 0.2902 0.6716
vn -0.9399 -0.2018 0.2753
vn -0.7499 -0.6207 -0.2289
vn -0.3788 -0.8035 0.4592
vn -0.3788 -0.8035 0.4592
vn -0.3788 -0.8035 0.4592
vn -0.3788 -0.8035 0.4592
vn -0.3788 -0.8035 0.4592
vn -0.3788 -0.8035 0.4592
vn -0.3788 -0.8035 0.4592
vn -0.3788 -0.8035 0.4592
vn -0.3788 -0.8035 0.4592
vn -0.3788 -0.8035 0.4592
vn 0.2739 -0.6866 0.6735
vn 0.2739 -0.6866 0.6735
vn 0.2739 -0.6866 0.6735
vn 0.2739 -0.6866 0.6735
vn 0.2739 -0.6866 0.6735
vn 0.2739 -0.6866 0.6735
vn 0.2739 -0.6866 0.6735
vn 0.2739 -0.6866 0.6735
vn 0.2739 -0.6866 0.6735
vn 0.2739 -0.6866 0.6735
f 2037//2037 2038//2038 2047//2047 2046//2046
f 2038//2038 2039//2039 2048//2048 2047//2047
f 2039//2039 2040//2040 2049//2049 2048//2048
f 2040//2040 2041//2041 2050//2050 2049//2049
f 2041//2041 2042//2042 2051//2051 2050//2050
f 2042//2042 2043//2043 2052//2052 2051//2051
f 2043//2043 2044//2044 2053//2053 2052//2052
f 2044//2044 2045//2045 2054//2054 2053//2053
f 2045//2045 2037//2037 2046//2046 2054//2054
f 2046//2046 2047//2047 2056//2056 2055//2055
f 2047//2047 2048//2048 2057//2057 2056//2056
f 2048//2048 2049//2049 2058//2058 2057//2057
f 2049//2049 2050//2050 2059//2059 2058//2058
f 2050//2050 2051//2051 2060//2060 2059//2059
f 2051//2051 2052//2052 2061//2061 2060//2060
f 2052//2052 2053//2053 2062//2062 2061//2061
f 2053//2053 2054//2054 2063//2063 2062//2062
f 2054//2054 2046//2046 2055//2055 2063//2063
f 2055//2055 2056//2056 2065//2065 2064//2064
f 2056//2056 2057//2057 2066//2066 2065//2065
f 2057//2057 2058//2058 2067//2067 2066//2066
f 2058//2058 2059//2059 2068//2068 2067//2067
f 2059//2059 2060//2060 2069//2069 2068//2068
f 2060//2060 2061//2061 2070//2070 2069//2069
f 2061//2061 2062//2062 2071//2071 2070//2070
f 2062//2062 2063//2063 2072//2072 2071//2071
f 2063//2063 2055//2055 2064//2064 2072//2072
f 2064//2064 2065//2065 2074//2074 2073//2073
f 2065//2065 2066//2066 2075//2075 2074//2074
f 2066//2066 2067//2067 2076//2076 2075//2075
f 2067//2067 2068//2068 2077//2077 2076//2076
f 2068//2068 2069//2069 2078//2078 2077//2077
f 2069//2069 2070//2070 2079//2079 2078//2078
f 2070//2070 2071//2071 2080//2080 2079//2079
f 2071//2071 2072//2072 2081//2081 2080//2080
f 2072//2072 2064//2064 2073//2073 2081//2081
f 2073//2073 2074//2074 2083//2083 2082//2082
f 2074//2074 2075//2075 2084//2084 2083//2083
f 2075//2075 2076//2076 2085//2085 2084//2084
f 2076//2076 2077//2077 2086//2086 2085//2085
f 2077//2077 2078//2078 2087//2087 2086//2086
f 2078//2078 2079//2079 2088//2088 2087//2087
f 2079//2079 2080//2080 2089//2089 2088//2088
f 2080//2080 2081//2081 2090//2090 2089//2089
f 2081//2081 2073//2073 2082//2082 2090//2090
f 2082//2082 2083//2083 2092//2092 2091//2091
f 2083//2083 2084//2084 2093//2093 2092//2092
f 2084//2084 2085//2085 2094//2094 2093//2093
f 2085//2085 2086//2086 2095//2095 2094//2094
f 2086//2086 2087//2087 2096//2096 2095//2095
f 2087//2087 2088//2088 2097//2097 2096//2096
f 2088//2088 2089//2089 2098//2098 2097//2097
f 2089//2089 2090//2090 2099//2099 2098//2098
f 2090//2090 2082//2082 2091//2091 2099//2099
f 2091//2091 2092//2092 2101//2101 2100//2100
f 2092//2092 2093//2093 2102//2102 2101//2101
f 2093//2093 2094//2094 2103//2103 2102//2102
f 2094//2094 2095//2095 2104//2104 2103//2103
f 2095//2095 2096//2096 2105//2105 2104//2104
f 2096//2096 2097//2097 2106//2106 2105//2105
f 2097//2097 2098//2098 2107//2107 2106//2106
f 2098//2098 2099//2099 2108//2108 2107//2107
f 2099//2099 2091//2091 2100//2100 2108//2108
f 2100//2100 2101//2101 2110//2110 2109//2109
f 2101//2101 2102//2102 2111//2111 2110//2110
f 2102//2102 2103//2103 2112//2112 2111//2111
f 2103//2103 2104//2104 2113//2113 2112//2112
f 2104//2104 2105//2105 2114//2114 2113//2113
f 2105//2105 2106//2106 2115//2115 2114//2114
f 2106//2106 2107//2107 2116//2116 2115//2115
f 2107//2107 2108//2108 2117//2117 2116//2116
f 2108//2108 2100//2100 2109//2109 2117//2117
f 2109//2109 2110//2110 2119//2119 2118//2118
f 2110//2110 2111//2111 2120//2120 2119//2119
f 2111//2111 2112//2112 2121//2121 2120//2120
f 2112//2112 2113//2113 2122//2122 2121//2121
f 2113//2113 2114//2114 2123//2123 2122//2122
f 2114//2114 2115//2115 2124//2124 2123//2123
f 2115//2115 2116//2116 2125//2125 2124//2124
f 2116//2116 2117//2117 2126//2126 2125//2125
f 2117//2117 2109//2109 2118//2118 2126//2126
f 2118//2118 2119//2119 2128//2128 2127//2127
f 2119//2119 2120//2120 2129//2129 2128//2128
f 2120//2120 2121//2121 2130//2130 2129//2129
f 2121//2121 2122//2122 2131//2131 2130//2130
f 2122//2122 2123//2123 2132//2132 2131//2131
f 2123//2123 2124//2124 2133//2133 2132//2132
f 2124//2124 2125//2125 2134//2134 2133//2133
f 2125//2125 2126//2126 2135//2135 2134//2134
f 2126//2126 2118//2118 2127//2127 2135//2135
f 2127//2127 2128//2128 2137//2137 2136//2136
f 2128//2128 2129//2129 2138//2138 2137//2137
f 2129//2129 2130//2130 2139//2139 2138//2138
f 2130//2130 2131//2131 2140//2140 2139//2139
f 2131//2131 2132//2132 2141//2141 2140//2140
f 2132//2132 2133//2133 2142//2142 2141//2141
f 2133//2133 2134//2134 2143//2143 2142//2142
f 2134//2134 2135//2135 2144//2144 2143//2143
f 2135//2135 2127//2127 2136//2136 2144//2144
f 2136//2136 2137//2137 2146//2146 2145//2145
f 2137//2137 2138//2138 2147//2147 2146//2146
f 2138//2138 2139//2139 2148//2148 2147//2147
f 2139//2139 2140//2140 2149//2149 2148//2148
f 2140//2140 2141//2141 2150//2150 2149//2149
f 2141//2141 2142//2142 2151//2151 2150//2150
f 2142//2142 2143//2143 2152//2152 2151//2151
f 2143//2143 2144//2144 2153//2153 2152//2152
f 2144//2144 2136//2136 2145//2145 2153//2153
f 2145//2145 2146//2146 2155//2155 2154//2154
f 2146//2146 2147//2147 2156//2156 2155//2155
f 2147//2147 2148//2148 2157//2157 2156//2156
f 2148//2148 2149//2149 2158//2158 2157//2157
f 2149//2149 2150//2150 2159//2159 2158//2158
f 2150//2150 2151//2151 2160//2160 2159//2159
f 2151//2151 2152//2152 2161//2161 2160//2160
f 2152//2152 2153//2153 2162//2162 2161//2161
f 2153//2153 2145//2145 2154//2154 2162//2162
f 2154//2154 2155//2155 2164//2164 2163//2163
f 2155//2155 2156//2156 2165//2165 2164//2164
f 2156//2156 2157//2157 2166//2166 2165//2165
f 2157//2157 2158//2158 2167//2167 2166//2166
f 2158//2158 2159//2159 2168//2168 2167//2167
f 2159//2159 2160//2160 2169//2169 2168//2168
f 2160//2160 2161//2161 2170//2170 2169//2169
f 2161//2161 2162//2162 2171//2171 2170//2170
f 2162//2162 2154//2154 2163//2163 2171//2171
f 2163//2163 2164//2164 2173//2173 2172//2172
f 2164//2164 2165//2165 2174//2174 2173//2173
f 2165//2165 2166//2166 2175//2175 2174//2174
f 2166//2166 2167//2167 2176//2176 2175//2175
f 2167//2167 2168//2168 2177//2177 2176//2176
f 2168//2168 2169//2169 2178//2178 2177//2177
f 2169//2169 2170//2170 2179//2179 2178//2178
f 2170//2170 2171//2171 2180//2180 2179//2179
f 2171//2171 2163//2163 2172//2172 2180//2180
f 2172//2172 2173//2173 2182//2182 2181//2181
f 2173//2173 2174//2174 2183//2183 2182//2182
f 2174//2174 2175//2175 2184//2184 2183//2183
f 2175//2175 2176//2176 2185//2185 2184//2184
f 2176//2176 2177//2177 2186//2186 2185//2185
f 2177//2177 2178//2178 2187//2187 2186//2186
f 2178//2178 2179//2179 2188//2188 2187//2187
f 2179//2179 2180//2180 2189//2189 2188//2188
f 2180//2180 2172//2172 2181//2181 2189//2189
f 2191//2191 2199//2199 2190//2190
f 2192//2192 2199//2199 2191//2191
f 2193//2193 2199//2199 2192//2192
f 2194//2194 2199//2199 2193//2193
f 2195//2195 2199//2199 2194//2194
f 2196//2196 2199//2199 2195//2195
f 2197//2197 2199//2199 2196//2196
f 2198//2198 2199//2199 2197//2197
f 2190//2190 2199//2199 2198//2198
f 2201//2201 2209//2209 2200//2200
f 2202//2202 2209//2209 2201//2201
f 2203//2203 2209//2209 2202//2202
f 2204//2204 2209//2209 2203//2203
f 2205//2205 2209//2209 2204//2204
f 2206//2206 2209//2209 2205//2205
f 2207//2207 2209//2209 2206//2206
f 2208//2208 2209//2209 2207//2207
f 2200//2200 2209//2209 2208//2208
g part20
usemtl rust
v -0.10808 2.08887 0.19885
v -0.10037 2.07443 0.17370
v -0.09228 2.04557 0.17486
v -0.09192 2.03113 0.20115
v -0.09963 2.04557 0.22630
v -0.10772 2.07443 0.22514
v -0.14133 2.07261 0.19410
v -0.13529 2.06131 0.17440
v -0.12896 2.03869 0.17531
v -0.12867 2.02739 0.19590
v -0.13471 2.03869 0.21560
v -0.14104 2.06131 0.21469
v -0.17458 2.05636 0.18935
v -0.17021 2.04818 0.17510
v -0.16563 2.03182 0.17575
v -0.16542 2.02364 0.19065
v -0.16979 2.03182 0.20490
v -0.17437 2.04818 0.20425
v -0.20783 2.04010 0.18460
v -0.20513 2.03505 0.17580
v -0.20230 2.02495 0.17620
v -0.20217 2.01990 0.18540
v -0.20487 2.02495 0.19420
v -0.20770 2.03505 0.19380
v -0.24108 2.02385 0.17985
v -0.24005 2.02192 0.17649
v -0.23897 2.01808 0.17665
v -0.23892 2.01615 0.18015
v -0.23995 2.01808 0.18351
v -0.24103 2.02192 0.18335
v -0.10808 2.08887 0.19885
v -0.10037 2.07443 0.17370
v -0.09228 2.04557 0.17486
v -0.09192 2.03113 0.20115
v -0.09963 2.04557 0.22630
v -0.10772 2.07443 0.22514
v -0.10000 2.06000 0.20000
v -0.24108 2.02385 0.17985
v -0.24005 2.02192 0.17649
v -0.23897 2.01808 0.17665
v -0.23892 2.01615 0.18015
v -0.23995 2.01808 0.18351
v -0.24103 2.02192 0.18335
v -0.24000 2.02000 0.18000
vn -0.4313 0.9001 -0.0616
vn -0.1780 0.4264 -0.8869
vn 0.0873 -0.5212 -0.8490
vn 0.0994 -0.9949 0.0142
vn -0.1539 -0.5212 0.8395
vn -0.4192 0.4264 0.8016
vn -0.4313 0.9001 -0.0616
vn -0.1780 0.4264 -0.8869
vn 0.0873 -0.5212 -0.8490
vn 0.0994 -0.9949 0.0142
vn -0.1539 -0.5212 0.8395
vn -0.4192 0.4264 0.8016
vn -0.4313 0.9001 -0.0616
vn -0.1780 0.4264 -0.8869
vn 0.0873 -0.5212 -0.8490
vn 0.0994 -0.9949 0.0142
vn -0.1539 -0.5212 0.8395
vn -0.4192 0.4264 0.8016
vn -0.4313 0.9001 -0.0616
vn -0.1780 0.4264 -0.8869
vn 0.0873 -0.5212 -0.8490
vn 0.0994 -0.9949 0.0142
vn -0.1539 -0.5212 0.8395
vn -0.4192 0.4264 0.8016
vn -0.4313 0.9001 -0.0616
vn -0.1780 0.4264 -0.8869
vn 0.0873 -0.5212 -0.8490
vn 0.0994 -0.9949 0.0142
vn -0.1539 -0.5212 0.8395
vn -0.4192 0.4264 0.8016
vn 0.9526 0.2722 0.1361
vn 0.9526 0.2722 0.1361
vn 0.9526 0.2722 0.1361
vn 0.9526 0.2722 0.1361
vn 0.9526 0.2722 0.1361
vn 0.9526 0.2722 0.1361
vn 0.9526 0.2722 0.1361
vn -0.9526 -0.2722 -0.1361
vn -0.9526 -0.2722 -0.1361
vn -0.9526 -0.2722 -0.1361
vn -0.9526 -0.2722 -0.1361
vn -0.9526 -0.2722 -0.1361
vn -0.9526 -0.2722 -0.1361
vn -0.9526 -0.2722 -0.1361
f 2210//2210 2211//2211 2217//2217 2216//2216
f 2211//2211 2212//2212 2218//2218 2217//2217
f 2212//2212 2213//2213 2219//2219 2218//2218
f 2213//2213 2214//2214 2220//2220 2219//2219
f 2214//2214 2215//2215 2221//2221 2220//2220
f 2215//2215 2210//2210 2216//2216 2221//2221
f 2216//2216 2217//2217 2223//2223 2222//2222
f 2217//2217 2218//2218 2224//2224 2223//2223
f 2218//2218 2219//2219 2225//2225 2224//2224
f 2219//2219 2220//2220 2226//2226 2225//2225
f 2220//2220 2221//2221 2227//2227 2226//2226
f 2221//2221 2216//2216 2222//2222 2227//2227
f 2222//2222 2223//2223 2229//2229 2228//2228
f 2223//2223 2224//2224 2230//2230 2229//2229
f 2224//2224 2225//2225 2231//2231 2230//2230
f 2225//2225 2226//2226 2232//2232 2231//2231
f 2226//2226 2227//2227 2233//2233 2232//2232
f 2227//2227 2222//2222 2228//2228 2233//2233
f 2228//2228 2229//2229 2235//2235 2234//2234
f 2229//2229 2230//2230 2236//2236 2235//2235
f 2230//2230 2231//2231 2237//2237 2236//2236
f 2231//2231 2232//2232 2238//2238 2237//2237
f 2232//2232 2233//2233 2239//2239 2238//2238
f 2233//2233 2228//2228 2234//2234 2239//2239
f 2241//2241 2246//2246 2240//2240
f 2242//2242 2246//2246 2241//2241
f 2243//2243 2246//2246 2242//2242
f 2244//2244 2246//2246 2243//2243
f 2245//2245 2246//2246 2244//2244
f 2240//2240 2246//2246 2245//2245
f 2248//2248 2253//2253 2247//2247
f 2249//2249 2253//2253 2248//2248
f 2250//2250 2253//2253 2249//2249
f 2251//2251 2253//2253 2250//2250
f 2252//2252 2253//2253 2251//2251
f 2247//2247 2253//2253 2252//2252
g part21
usemtl rust
v 0.10808 2.08887 0.19885
v 0.10772 2.07443 0.22514
v 0.09963 2.04557 0.22630
v 0.09192 2.03113 0.20115
v 0.09228 2.04557 0.17486
v 0.10037 2.07443 0.17370
v 0.14133 2.07261 0.19410
v 0.14104 2.06131 0.21469
v 0.13471 2.03869 0.21560
v 0.12867 2.02739 0.19590
v 0.12896 2.03869 0.17531
v 0.13529 2.06131 0.17440
v 0.17458 2.05636 0.18935
v 0.17437 2.04818 0.20425
v 0.16979 2.03182 0.20490
v 0.16542 2.02364 0.19065
v 0.16563 2.03182 0.17575
v 0.17021 2.04818 0.17510
v 0.20783 2.04010 0.18460
v 0.20770 2.03505 0.19380
v 0.20487 2.02495 0.19420
v 0.20217 2.01990 0.18540
v 0.20230 2.02495 0.17620
v 0.20513 2.03505 0.17580
v 0.24108 2.02385 0.17985
v 0.24103 2.02192 0.18335
v 0.23995 2.01808 0.18351
v 0.23892 2.01615 0.18015
v 0.23897 2.01808 0.17665
v 0.24005 2.02192 0.17649
v 0.10808 2.08887 0.19885
v 0.10772 2.07443 0.22514
v 0.09963 2.04557 0.22630
v 0.09192 2.03113 0.20115
v 0.09228 2.04557 0.17486
v 0.10037 2.07443 0.17370
v 0.10000 2.06000 0.20000
v 0.24108 2.02385 0.17985
v 0.24103 2.02192 0.18335
v 0.23995 2.01808 0.18351
v 0.23892 2.01615 0.18015
v 0.23897 2.01808 0.17665
v 0.24005 2.02192 0.17649
v 0.24000 2.02000 0.18000
vn 0.4313 0.9001 -0.0616
vn 0.4192 0.4264 0.8016
vn 0.1539 -0.5212 0.8395
vn -0.0994 -0.9949 0.0142
vn -0.0873 -0.5212 -0.8490
vn 0.1780 0.4264 -0.8869
vn 0.4313 0.9001 -0.0616
vn 0.4192 0.4264 0.8016
vn 0.1539 -0.5212 0.8395
vn -0.0994 -0.9949 0.0142
vn -0.0873 -0.5212 -0.8490
vn 0.1780 0.4264 -0.8869
vn 0.4313 0.9001 -0.0616
vn 0.4192 0.4264 0.8016
vn 0.1539 -0.5212 0.8395
vn -0.0994 -0.9949 0.0142
vn -0.0873 -0.5212 -0.8490
vn 0.1780 0.4264 -0.8869
vn 0.4313 0.9001 -0.0616
vn 0.4192 0.4264 0.8016
vn 0.1539 -0.5212 0.8395
vn -0.0994 -0.9949 0.0142
vn -0.0873 -0.5212 -0.8490
vn 0.1780 0.4264 -0.8869
vn 0.4313 0.9001 -0.0616
vn 0.4192 0.4264 0.8016
vn 0.1539 -0.5212 0.8395
vn -0.0994 -0.9949 0.0142
vn -0.0873 -0.5212 -0.8490
vn 0.1780 0.4264 -0.8869
vn -0.9526 0.2722 0.1361
vn -0.9526 0.2722 0.1361
vn -0.9526 0.2722 0.1361
vn -0.9526 0.2722 0.1361
vn -0.9526 0.2722 0.1361
vn -0.9526 0.2722 0.1361
vn -0.9526 0.2722 0.1361
vn 0.9526 -0.2722 -0.1361
vn 0.9526 -0.2722 -0.1361
vn 0.9526 -0.2722 -0.1361
vn 0.9526 -0.2722 -0.1361
vn 0.9526 -0.2722 -0.1361
vn 0.9526 -0.2722 -0.1361
vn 0.9526 -0.2722 -0.1361
f 2254//2254 2255//2255 2261//2261 2260//2260
f 2255//2255 2256//2256 2262//2262 2261//2261
f 2256//2256 2257//2257 2263//2263 2262//2262
f 2257//2257 2258//2258 2264//2264 2263//2263
f 2258//2258 2259//2259 2265//2265 2264//2264
f 2259//2259 2254//2254 2260//2260 2265//2265
f 2260//2260 2261//2261 2267//2267 2266//2266
f 2261//2261 2262//2262 2268//2268 2267//2267
f 2262//2262 2263//2263 2269//2269 2268//2268
f 2263//2263 2264//2264 2270//2270 2269//2269
f 2264//2264 2265//2265 2271//2271 2270//2270
f 2265//2265 2260//2260 2266//2266 2271//2271
f 2266//2266 2267//2267 2273//2273 2272//2272
f 2267//2267 2268//2268 2274//2274 2273//2273
f 2268//2268 2269//2269 2275//2275 2274//2274
f 2269//2269 2270//2270 2276//2276 2275//2275
f 2270//2270 2271//2271 2277//2277 2276//2276
f 2271//2271 2266//2266 2272//2272 2277//2277
f 2272//2272 2273//2273 2279//2279 2278//2278
f 2273//2273 2274//2274 2280//2280 2279//2279
f 2274//2274 2275//2275 2281//2281 2280//2280
f 2275//2275 2276//2276 2282//2282 2281//2281
f 2276//2276 2277//2277 2283//2283 2282//2282
f 2277//2277 2272//2272 2278//2278 2283//2283
f 2285//2285 2290//2290 2284//2284
f 2286//2286 2290//2290 2285//2285
f 2287//2287 2290//2290 2286//2286
f 2288//2288 2290//2290 2287//2287
f 2289//2289 2290//2290 2288//2288
f 2284//2284 2290//2290 2289//2289
f 2292//2292 2297//2297 2291//2291
f 2293//2293 2297//2297 2292//2292
f 2294//2294 2297//2297 2293//2293
f 2295//2295 2297//2297 2294//2294
f 2296//2296 2297//2297 2295//2295
f 2291//2291 2297//2297 2296//2296
g part22
usemtl rust
v 0.00000 1.08170 -0.19439
v 0.02571 1.07429 -0.18868
v 0.03939 1.05551 -0.17424
v 0.03464 1.03415 -0.15781
v 0.01368 1.02021 -0.14708
v -0.01368 1.02021 -0.14708
v -0.03464 1.03415 -0.15781
v -0.03939 1.05551 -0.17424
v -0.02571 1.07429 -0.18868
v 0.00000 1.04977 -0.22155
v 0.02009 1.04397 -0.21710
v 0.03078 1.02930 -0.20581
v 0.02706 1.01262 -0.19297
v 0.01069 1.00172 -0.18460
v -0.01069 1.00172 -0.18460
v -0.02706 1.01262 -0.19297
v -0.03078 1.02930 -0.20581
v -0.02009 1.04397 -0.21710
v 0.00000 1.01783 -0.24872
v 0.01446 1.01366 -0.24551
v 0.02216 1.00310 -0.23738
v 0.01949 0.99108 -0.22814
v 0.00770 0.98324 -0.22211
v -0.00770 0.98324 -0.22211
v -0.01949 0.99108 -0.22814
v -0.02216 1.00310 -0.23738
v -0.01446 1.01366 -0.24551
v 0.00000 0.98590 -0.27588
v 0.00884 0.98335 -0.27392
v 0.01354 0.97689 -0.26896
v 0.01191 0.96955 -0.26331
v 0.00470 0.96476 -0.25962
v -0.00470 0.96476 -0.25962
v -0.01191 0.96955 -0.26331
v -0.01354 0.97689 -0.26896
v -0.00884 0.98335 -0.27392
v 0.00000 0.95396 -0.30305
v 0.00321 0.95304 -0.30234
v 0.00492 0.95069 -0.30053
v 0.00433 0.94802 -0.29848
v 0.00171 0.94628 -0.29714
v -0.00171 0.94628 -0.29714
v -0.00433 0.94802 -0.29848
v -0.00492 0.95069 -0.30053
v -0.00321 0.95304 -0.30234
v 0.00000 1.08170 -0.19439
v 0.02571 1.07429 -0.18868
v 0.03939 1.05551 -0.17424
v 0.03464 1.03415 -0.15781
v 0.01368 1.02021 -0.14708
v -0.01368 1.02021 -0.14708
v -0.03464 1.03415 -0.15781
v -0.03939 1.05551 -0.17424
v -0.02571 1.07429 -0.18868
v 0.00000 1.05000 -0.17000
v 0.00000 0.95396 -0.30305
v 0.00321 0.95304 -0.30234
v 0.00492 0.95069 -0.30053
v 0.00433 0.94802 -0.29848
v 0.00171 0.94628 -0.29714
v -0.00171 0.94628 -0.29714
v -0.00433 0.94802 -0.29848
v -0.00492 0.95069 -0.30053
v -0.00321 0.95304 -0.30234
v 0.00000 0.95000 -0.30000
vn 0.0000 0.6479 -0.7617
vn 0.6286 0.4666 -0.6222
vn 0.9631 0.0074 -0.2690
vn 0.8470 -0.5148 0.1327
vn 0.3345 -0.8557 0.3949
vn -0.3345 -0.8557 0.3949
vn -0.8470 -0.5148 0.1327
vn -0.9631 0.0074 -0.2690
vn -0.6286 0.4666 -0.6222
vn 0.0000 0.6479 -0.7617
vn 0.6286 0.4666 -0.6222
vn 0.9631 0.0074 -0.2690
vn 0.8470 -0.5148 0.1327
vn 0.3345 -0.8557 0.3949
vn -0.3345 -0.8557 0.3949
vn -0.8470 -0.5148 0.1327
vn -0.9631 0.0074 -0.2690
vn -0.6286 0.4666 -0.6222
vn 0.0000 0.6479 -0.7617
vn 0.6286 0.4666 -0.6222
vn 0.9631 0.0074 -0.2690
vn 0.8470 -0.5148 0.1327
vn 0.3345 -0.8557 0.3949
vn -0.3345 -0.8557 0.3949
vn -0.8470 -0.5148 0.1327
vn -0.9631 0.0074 -0.2690
vn -0.6286 0.4666 -0.6222
vn 0.0000 0.6479 -0.7617
vn 0.6286 0.4666 -0.6222
vn 0.9631 0.0074 -0.2690
vn 0.8470 -0.5148 0.1327
vn 0.3345 -0.8557 0.3949
vn -0.3345 -0.8557 0.3949
vn -0.8470 -0.5148 0.1327
vn -0.9631 0.0074 -0.2690
vn -0.6286 0.4666 -0.6222
vn 0.0000 0.6479 -0.7617
vn 0.6286 0.4666 -0.6222
vn 0.9631 0.0074 -0.2690
vn 0.8470 -0.5148 0.1327
vn 0.3345 -0.8557 0.3949
vn -0.3345 -0.8557 0.3949
vn -0.8470 -0.5148 0.1327
vn -0.9631 0.0074 -0.2690
vn -0.6286 0.4666 -0.6222
vn -0.0000 0.6097 0.7926
vn -0.0000 0.6097 0.7926
vn -0.0000 0.6097 0.7926
vn -0.0000 0.6097 0.7926
vn -0.0000 0.6097 0.7926
vn -0.0000 0.6097 0.7926
vn -0.0000 0.6097 0.7926
vn -0.0000 0.6097 0.7926
vn -0.0000 0.6097 0.7926
vn -0.0000 0.6097 0.7926
vn 0.0000 -0.6097 -0.7926
vn 0.0000 -0.6097 -0.7926
vn 0.0000 -0.6097 -0.7926
vn 0.0000 -0.6097 -0.7926
vn 0.0000 -0.6097 -0.7926
vn 0.0000 -0.6097 -0.7926
vn 0.0000 -0.6097 -0.7926
vn 0.0000 -0.6097 -0.7926
vn 0.0000 -0.6097 -0.7926
vn 0.0000 -0.6097 -0.7926
f 2298//2298 2299//2299 2308//2308 2307//2307
f 2299//2299 2300//2300 2309//2309 2308//2308
f 2300//2300 2301//2301 2310//2310 2309//2309
f 2301//2301 2302//2302 2311//2311 2310//2310
f 2302//2302 2303//2303 2312//2312 2311//2311
f 2303//2303 2304//2304 2313//2313 2312//2312
f 2304//2304 2305//2305 2314//2314 2313//2313
f 2305//2305 2306//2306 2315//2315 2314//2314
f 2306//2306 2298//2298 2307//2307 2315//2315
f 2307//2307 2308//2308 2317//2317 2316//2316
f 2308//2308 2309//2309 2318//2318 2317//2317
f 2309//2309 2310//2310 2319//2319 2318//2318
f 2310//2310 2311//2311 2320//2320 2319//2319
f 2311//2311 2312//2312 2321//2321 2320//2320
f 2312//2312 2313//2313 2322//2322 2321//2321
f 2313//2313 2314//2314 2323//2323 2322//2322
f 2314//2314 2315//2315 2324//2324 2323//2323
f 2315//2315 2307//2307 2316//2316 2324//2324
f 2316//2316 2317//2317 2326//2326 2325//2325
f 2317//2317 2318//2318 2327//2327 2326//2326
f 2318//2318 2319//2319 2328//2328 2327//2327
f 2319//2319 2320//2320 2329//2329 2328//2328
f 2320//2320 2321//2321 2330//2330 2329//2329
f 2321//2321 2322//2322 2331//2331 2330//2330
f 2322//2322 2323//2323 2332//2332 2331//2331
f 2323//2323 2324//2324 2333//2333 2332//2332
f 2324//2324 2316//2316 2325//2325 2333//2333
f 2325//2325 2326//2326 2335//2335 2334//2334
f 2326//2326 2327//2327 2336//2336 2335//2335
f 2327//2327 2328//2328 2337//2337 2336//2336
f 2328//2328 2329//2329 2338//2338 2337//2337
f 2329//2329 2330//2330 2339//2339 2338//2338
f 2330//2330 2331//2331 2340//2340 2339//2339
f 2331//2331 2332//2332 2341//2341 2340//2340
f 2332//2332 2333//2333 2342//2342 2341//2341
f 2333//2333 2325//2325 2334//2334 2342//2342
f 2344//2344 2352//2352 2343//2343
f 2345//2345 2352//2352 2344//2344
f 2346//2346 2352//2352 2345//2345
f 2347//2347 2352//2352 2346//2346
f 2348//2348 2352//2352 2347//2347
f 2349//2349 2352//2352 2348//2348
f 2350//2350 2352//2352 2349//2349
f 2351//2351 2352//2352 2350//2350
f 2343//2343 2352//2352 2351//2351
f 2354//2354 2362//2362 2353//2353
f 2355//2355 2362//2362 2354//2354
f 2356//2356 2362//2362 2355//2355
f 2357//2357 2362//2362 2356//2356
f 2358//2358 2362//2362 2357//2357
f 2359//2359 2362//2362 2358//2358
f 2360//2360 2362//2362 2359//2359
f 2361//2361 2362//2362 2360//2360
f 2353//2353 2362//2362 2361//2361
g part23
usemtl rust
v -0.00049 1.87868 0.44557
v -0.02105 1.88703 0.43279
v -0.02056 1.88834 0.40721
v 0.00049 1.88132 0.39443
v 0.02105 1.87297 0.40721
v 0.02056 1.87166 0.43279
v -0.01228 1.84677 0.44166
v -0.03120 1.85445 0.42989
v -0.03075 1.85566 0.40636
v -0.01138 1.84919 0.39459
v 0.00754 1.84151 0.40636
v 0.00710 1.84030 0.42989
v -0.02410 1.81477 0.43775
v -0.04118 1.82232 0.42703
v -0.04074 1.82351 0.40553
v -0.02322 1.81715 0.39476
v -0.00614 1.80960 0.40547
v -0.00658 1.80841 0.42697
v -0.03807 1.78268 0.43321
v -0.05273 1.79069 0.42373
v -0.05223 1.79195 0.40457
v -0.03708 1.78520 0.39489
v -0.02242 1.77718 0.40436
v -0.02292 1.77592 0.42352
v -0.05618 1.75018 0.42753
v -0.06818 1.75799 0.41951
v -0.06767 1.75921 0.40316
v -0.05516 1.75263 0.39482
v -0.04316 1.74483 0.40284
v -0.04367 1.74360 0.41920
v -0.07627 1.71787 0.42126
v -0.08595 1.72432 0.41476
v -0.08553 1.72533 0.40148
v -0.07542 1.71989 0.39470
v -0.06574 1.71344 0.40120
v -0.06617 1.71243 0.41448
v -0.09423 1.68716 0.41533
v -0.10190 1.69172 0.41029
v -0.10161 1.69243 0.40008
v -0.09365 1.68859 0.39490
v -0.08598 1.68403 0.39994
v -0.08627 1.68332 0.41015
v -0.10803 1.65896 0.41015
v -0.11364 1.66183 0.40655
v -0.11346 1.66228 0.39931
v -0.10767 1.65986 0.39567
v -0.10206 1.65699 0.39927
v -0.10224 1.65654 0.40651
v -0.11978 1.63222 0.40529
v -0.12312 1.63383 0.40317
v -0.12302 1.63408 0.39891
v -0.11958 1.63273 0.39677
v -0.11625 1.63111 0.39890
v -0.11635 1.63086 0.40316
v -0.13154 1.60546 0.40044
v -0.13254 1.60594 0.39980
v -0.13251 1.60602 0.39852
v -0.13148 1.60561 0.39788
v -0.13048 1.60513 0.39852
v -0.13051 1.60505 0.39980
v -0.00049 1.87868 0.44557
v -0.02105 1.88703 0.43279
v -0.02056 1.88834 0.40721
v 0.00049 1.88132 0.39443
v 0.02105 1.87297 0.40721
v 0.02056 1.87166 0.43279
v 0.00000 1.88000 0.42000
v -0.13154 1.60546 0.40044
v -0.13254 1.60594 0.39980
v -0.13251 1.60602 0.39852
v -0.13148 1.60561 0.39788
v -0.13048 1.60513 0.39852
v -0.13051 1.60505 0.39980
v -0.13151 1.60553 0.39916
vn -0.0396 -0.1071 0.9935
vn -0.8410 0.2181 0.4951
vn -0.8220 0.2695 -0.5016
vn -0.0016 -0.0044 -1.0000
vn 0.7998 -0.3297 -0.5016
vn 0.7808 -0.3810 0.4951
vn -0.0395 -0.1070 0.9935
vn -0.8412 0.2176 0.4951
vn -0.8222 0.2689 -0.5016
vn -0.0017 -0.0045 -1.0000
vn 0.7999 -0.3294 -0.5016
vn 0.7810 -0.3807 0.4951
vn -0.0439 -0.1133 0.9926
vn -0.8363 0.2344 0.4956
vn -0.8160 0.2892 -0.5006
vn -0.0030 -0.0034 -1.0000
vn 0.7892 -0.3520 -0.5032
vn 0.7687 -0.4072 0.4932
vn -0.0568 -0.1283 0.9901
vn -0.8190 0.2856 0.4976
vn -0.7936 0.3507 -0.4973
vn -0.0059 0.0019 -1.0000
vn 0.7567 -0.4119 -0.5077
vn 0.7313 -0.4770 0.4875
vn -0.0699 -0.1408 0.9876
vn -0.7995 0.3326 0.5002
vn -0.7686 0.4070 -0.4935
vn -0.0083 0.0077 -0.9999
vn 0.7218 -0.4651 -0.5126
vn 0.6911 -0.5392 0.4813
vn -0.0742 -0.1463 0.9865
vn -0.7979 0.3364 0.5002
vn -0.7662 0.4121 -0.4930
vn -0.0108 0.0053 -0.9999
vn 0.7128 -0.4775 -0.5137
vn 0.6811 -0.5533 0.4795
vn -0.0706 -0.1480 0.9865
vn -0.8157 0.2962 0.4969
vn -0.7873 0.3659 -0.4963
vn -0.0138 -0.0087 -0.9999
vn 0.7311 -0.4529 -0.5102
vn 0.7027 -0.5226 0.4828
vn -0.0656 -0.1497 0.9866
vn -0.8346 0.2453 0.4933
vn -0.8098 0.3072 -0.4999
vn -0.0161 -0.0261 -0.9995
vn 0.7529 -0.4207 -0.5061
vn 0.7282 -0.4825 0.4869
vn -0.0639 -0.1510 0.9865
vn -0.8411 0.2250 0.4919
vn -0.8176 0.2838 -0.5010
vn -0.0170 -0.0333 -0.9993
vn 0.7601 -0.4092 -0.5047
vn 0.7367 -0.4680 0.4881
vn -0.0639 -0.1509 0.9865
vn -0.8411 0.2248 0.4919
vn -0.8177 0.2836 -0.5010
vn -0.0170 -0.0333 -0.9993
vn 0.7602 -0.4090 -0.5047
vn 0.7368 -0.4678 0.4881
vn 0.3460 0.9366 0.0548
vn 0.3460 0.9366 0.0548
vn 0.3460 0.9366 0.0548
vn 0.3460 0.9366 0.0548
vn 0.3460 0.9366 0.0548
vn 0.3460 0.9366 0.0548
vn 0.3460 0.9366 0.0548
vn -0.4013 -0.9138 -0.0636
vn -0.4013 -0.9138 -0.0636
vn -0.4013 -0.9138 -0.0636
vn -0.4013 -0.9138 -0.0636
vn -0.4013 -0.9138 -0.0636
vn -0.4013 -0.9138 -0.0636
vn -0.4013 -0.9138 -0.0636
f 2363//2363 2364//2364 2370//2370 2369//2369
f 2364//2364 2365//2365 2371//2371 2370//2370
f 2365//2365 2366//2366 2372//2372 2371//2371
f 2366//2366 2367//2367 2373//2373 2372//2372
f 2367//2367 2368//2368 2374//2374 2373//2373
f 2368//2368 2363//2363 2369//2369 2374//2374
f 2369//2369 2370//2370 2376//2376 2375//2375
f 2370//2370 2371//2371 2377//2377 2376//2376
f 2371//2371 2372//2372 2378//2378 2377//2377
f 2372//2372 2373//2373 2379//2379 2378//2378
f 2373//2373 2374//2374 2380//2380 2379//2379
f 2374//2374 2369//2369 2375//2375 2380//2380
f 2375//2375 2376//2376 2382//2382 2381//2381
f 2376//2376 2377//2377 2383//2383 2382//2382
f 2377//2377 2378//2378 2384//2384 2383//2383
f 2378//2378 2379//2379 2385//2385 2384//2384
f 2379//2379 2380//2380 2386//2386 2385//2385
f 2380//2380 2375//2375 2381//2381 2386//2386
f 2381//2381 2382//2382 2388//2388 2387//2387
f 2382//2382 2383//2383 2389//2389 2388//2388
f 2383//2383 2384//2384 2390//2390 2389//2389
f 2384//2384 2385//2385 2391//2391 2390//2390
f 2385//2385 2386//2386 2392//2392 2391//2391
f 2386//2386 2381//2381 2387//2387 2392//2392
f 2387//2387 2388//2388 2394//2394 2393//2393
f 2388//2388 2389//2389 2395//2395 2394//2394
f 2389//2389 2390//2390 2396//2396 2395//2395
f 2390//2390 2391//2391 2397//2397 2396//2396
f 2391//2391 2392//2392 2398//2398 2397//2397
f 2392//2392 2387//2387 2393//2393 2398//2398
f 2393//2393 2394//2394 2400//2400 2399//2399
f 2394//2394 2395//2395 2401//2401 2400//2400
f 2395//2395 2396//2396 2402//2402 2401//2401
f 2396//2396 2397//2397 2403//2403 2402//2402
f 2397//2397 2398//2398 2404//2404 2403//2403
f 2398//2398 2393//2393 2399//2399 2404//2404
f 2399//2399 2400//2400 2406//2406 2405//2405
f 2400//2400 2401//2401 2407//2407 2406//2406
f 2401//2401 2402//2402 2408//2408 2407//2407
f 2402//2402 2403//2403 2409//2409 2408//2408
f 2403//2403 2404//2404 2410//2410 2409//2409
f 2404//2404 2399//2399 2405//2405 2410//2410
f 2405//2405 2406//2406 2412//2412 2411//2411
f 2406//2406 2407//2407 2413//2413 2412//2412
f 2407//2407 2408//2408 2414//2414 2413//2413
f 2408//2408 2409//2409 2415//2415 2414//2414
f 2409//2409 2410//2410 2416//2416 2415//2415
f 2410//2410 2405//2405 2411//2411 2416//2416
f 2411//2411 2412//2412 2418//2418 2417//2417
f 2412//2412 2413//2413 2419//2419 2418//2418
f 2413//2413 2414//2414 2420//2420 2419//2419
f 2414//2414 2415//2415 2421//2421 2420//2420
f 2415//2415 2416//2416 2422//2422 2421//2421
f 2416//2416 2411//2411 2417//2417 2422//2422
f 2424//2424 2429//2429 2423//2423
f 2425//2425 2429//2429 2424//2424
f 2426//2426 2429//2429 2425//2425
f 2427//2427 2429//2429 2426//2426
f 2428//2428 2429//2429 2427//2427
f 2423//2423 2429//2429 2428//2428
f 2431//2431 2436//2436 2430//2430
f 2432//2432 2436//2436 2431//2431
f 2433//2433 2436//2436 2432//2432
f 2434//2434 2436//2436 2433//2433
f 2435//2435 2436//2436 2434//2434
f 2430//2430 2436//2436 2435//2435
g part24
usemtl rust
v 0.19991 1.04678 -0.02775
v 0.18049 1.04891 -0.03887
v 0.18058 1.05213 -0.06113
v 0.20009 1.05322 -0.07225
v 0.21951 1.05109 -0.06113
v 0.21942 1.04787 -0.03887
v 0.19822 0.98288 -0.03881
v 0.18034 0.98484 -0.04905
v 0.18042 0.98781 -0.06954
v 0.19838 0.98882 -0.07978
v 0.21625 0.98686 -0.06954
v 0.21617 0.98389 -0.04905
v 0.19651 0.91876 -0.04992
v 0.18019 0.92070 -0.05925
v 0.18027 0.92364 -0.07792
v 0.19667 0.92464 -0.08727
v 0.21300 0.92270 -0.07793
v 0.21292 0.91976 -0.05926
v 0.19450 0.85433 -0.06297
v 0.17995 0.85646 -0.07123
v 0.18004 0.85968 -0.08778
v 0.19468 0.86077 -0.09608
v 0.20923 0.85864 -0.08782
v 0.20914 0.85543 -0.07127
v 0.19189 0.78915 -0.07970
v 0.17947 0.79128 -0.08669
v 0.17957 0.79452 -0.10073
v 0.19208 0.79562 -0.10778
v 0.20450 0.79348 -0.10080
v 0.20440 0.79025 -0.08676
v 0.18900 0.72453 -0.09821
v 0.17891 0.72630 -0.10388
v 0.17899 0.72899 -0.11527
v 0.18916 0.72990 -0.12099
v 0.19924 0.72813 -0.11532
v 0.19916 0.72544 -0.10393
v 0.18642 0.66325 -0.11502
v 0.17866 0.66447 -0.11940
v 0.17872 0.66633 -0.12820
v 0.18653 0.66696 -0.13262
v 0.19428 0.66573 -0.12823
v 0.19423 0.66387 -0.11943
v 0.18444 0.60694 -0.12848
v 0.17894 0.60769 -0.13161
v 0.17897 0.60883 -0.13788
v 0.18450 0.60922 -0.14102
v 0.19000 0.60847 -0.13789
v 0.18997 0.60732 -0.13162
v 0.18275 0.55348 -0.14035
v 0.17951 0.55390 -0.14220
v 0.17953 0.55453 -0.14589
v 0.18278 0.55475 -0.14774
v 0.18602 0.55433 -0.14590
v 0.18600 0.55369 -0.14220
v 0.18106 0.49995 -0.15223
v 0.18009 0.50008 -0.15279
v 0.18009 0.50027 -0.15390
v 0.18107 0.50034 -0.15445
v 0.18204 0.50021 -0.15390
v 0.18203 0.50002 -0.15279
v 0.19991 1.04678 -0.02775
v 0.18049 1.04891 -0.03887
v 0.18058 1.05213 -0.06113
v 0.20009 1.05322 -0.07225
v 0.21951 1.05109 -0.06113
v 0.21942 1.04787 -0.03887
v 0.20000 1.05000 -0.05000
v 0.18106 0.49995 -0.15223
v 0.18009 0.50008 -0.15279
v 0.18009 0.50027 -0.15390
v 0.18107 0.50034 -0.15445
v 0.18204 0.50021 -0.15390
v 0.18203 0.50002 -0.15279
v 0.18106 0.50014 -0.15334
vn -0.0045 -0.1706 0.9853
vn -0.8680 -0.0760 0.4907
vn -0.8642 0.0673 -0.4986
vn 0.0031 0.1159 -0.9933
vn 0.8666 0.0213 -0.4986
vn 0.8628 -0.1219 0.4907
vn -0.0045 -0.1705 0.9853
vn -0.8680 -0.0759 0.4907
vn -0.8642 0.0673 -0.4986
vn 0.0031 0.1159 -0.9933
vn 0.8666 0.0213 -0.4986
vn 0.8628 -0.1219 0.4907
vn -0.0050 -0.1846 0.9828
vn -0.8682 -0.0819 0.4894
vn -0.8641 0.0735 -0.4980
vn 0.0033 0.1262 -0.9920
vn 0.8665 0.0237 -0.4986
vn 0.8624 -0.1318 0.4888
vn -0.0066 -0.2238 0.9746
vn -0.8689 -0.0981 0.4852
vn -0.8635 0.0923 -0.4959
vn 0.0042 0.1569 -0.9876
vn 0.8665 0.0312 -0.4982
vn 0.8611 -0.1592 0.4829
vn -0.0084 -0.2617 0.9651
vn -0.8696 -0.1136 0.4805
vn -0.8628 0.1106 -0.4933
vn 0.0052 0.1867 -0.9824
vn 0.8665 0.0386 -0.4978
vn 0.8596 -0.1856 0.4760
vn -0.0088 -0.2697 0.9629
vn -0.8698 -0.1181 0.4791
vn -0.8627 0.1114 -0.4933
vn 0.0053 0.1893 -0.9819
vn 0.8663 0.0377 -0.4981
vn 0.8592 -0.1918 0.4743
vn -0.0078 -0.2490 0.9685
vn -0.8693 -0.1127 0.4813
vn -0.8631 0.0936 -0.4962
vn 0.0045 0.1636 -0.9865
vn 0.8660 0.0273 -0.4993
vn 0.8598 -0.1790 0.4782
vn -0.0068 -0.2247 0.9744
vn -0.8688 -0.1064 0.4837
vn -0.8635 0.0727 -0.4991
vn 0.0037 0.1334 -0.9910
vn 0.8657 0.0151 -0.5003
vn 0.8605 -0.1640 0.4824
vn -0.0064 -0.2165 0.9763
vn -0.8686 -0.1046 0.4844
vn -0.8636 0.0648 -0.5000
vn 0.0035 0.1223 -0.9925
vn 0.8656 0.0104 -0.5006
vn 0.8606 -0.1591 0.4837
vn -0.0064 -0.2165 0.9763
vn -0.8686 -0.1046 0.4844
vn -0.8636 0.0648 -0.5000
vn 0.0035 0.1223 -0.9925
vn 0.8656 0.0104 -0.5006
vn 0.8606 -0.1590 0.4837
vn 0.0263 0.9893 0.1434
vn 0.0263 0.9893 0.1434
vn 0.0263 0.9893 0.1434
vn 0.0263 0.9893 0.1434
vn 0.0263 0.9893 0.1434
vn 0.0263 0.9893 0.1434
vn 0.0263 0.9893 0.1434
vn -0.0311 -0.9850 -0.1697
vn -0.0311 -0.9850 -0.1697
vn -0.0311 -0.9850 -0.1697
vn -0.0311 -0.9850 -0.1697
vn -0.0311 -0.9850 -0.1697
vn -0.0311 -0.9850 -0.1697
vn -0.0311 -0.9850 -0.1697
f 2437//2437 2438//2438 2444//2444 2443//2443
f 2438//2438 2439//2439 2445//2445 2444//2444
f 2439//2439 2440//2440 2446//2446 2445//2445
f 2440//2440 2441//2441 2447//2447 2446//2446
f 2441//2441 2442//2442 2448//2448 2447//2447
f 2442//2442 2437//2437 2443//2443 2448//2448
f 2443//2443 2444//2444 2450//2450 2449//2449
f 2444//2444 2445//2445 2451//2451 2450//2450
f 2445//2445 2446//2446 2452//2452 2451//2451
f 2446//2446 2447//2447 2453//2453 2452//2452
f 2447//2447 2448//2448 2454//2454 2453//2453
f 2448//2448 2443//2443 2449//2449 2454//2454
f 2449//2449 2450//2450 2456//2456 2455//2455
f 2450//2450 2451//2451 2457//2457 2456//2456
f 2451//2451 2452//2452 2458//2458 2457//2457
f 2452//2452 2453//2453 2459//2459 2458//2458
f 2453//2453 2454//2454 2460//2460 2459//2459
f 2454//2454 2449//2449 2455//2455 2460//2460
f 2455//2455 2456//2456 2462//2462 2461//2461
f 2456//2456 2457//2457 2463//2463 2462//2462
f 2457//2457 2458//2458 2464//2464 2463//2463
f 2458//2458 2459//2459 2465//2465 2464//2464
f 2459//2459 2460//2460 2466//2466 2465//2465
f 2460//2460 2455//2455 2461//2461 2466//2466
f 2461//2461 2462//2462 2468//2468 2467//2467
f 2462//2462 2463//2463 2469//2469 2468//2468
f 2463//2463 2464//2464 2470//2470 2469//2469
f 2464//2464 2465//2465 2471//2471 2470//2470
f 2465//2465 2466//2466 2472//2472 2471//2471
f 2466//2466 2461//2461 2467//2467 2472//2472
f 2467//2467 2468//2468 2474//2474 2473//2473
f 2468//2468 2469//2469 2475//2475 2474//2474
f 2469//2469 2470//2470 2476//2476 2475//2475
f 2470//2470 2471//2471 2477//2477 2476//2476
f 2471//2471 2472//2472 2478//2478 2477//2477
f 2472//2472 2467//2467 2473//2473 2478//2478
f 2473//2473 2474//2474 2480//2480 2479//2479
f 2474//2474 2475//2475 2481//2481 2480//2480
f 2475//2475 2476//2476 2482//2482 2481//2481
f 2476//2476 2477//2477 2483//2483 2482//2482
f 2477//2477 2478//2478 2484//2484 2483//2483
f 2478//2478 2473//2473 2479//2479 2484//2484
f 2479//2479 2480//2480 2486//2486 2485//2485
f 2480//2480 2481//2481 2487//2487 2486//2486
f 2481//2481 2482//2482 2488//2488 2487//2487
f 2482//2482 2483//2483 2489//2489 2488//2488
f 2483//2483 2484//2484 2490//2490 2489//2489
f 2484//2484 2479//2479 2485//2485 2490//2490
f 2485//2485 2486//2486 2492//2492 2491//2491
f 2486//2486 2487//2487 2493//2493 2492//2492
f 2487//2487 2488//2488 2494//2494 2493//2493
f 2488//2488 2489//2489 2495//2495 2494//2494
f 2489//2489 2490//2490 2496//2496 2495//2495
f 2490//2490 2485//2485 2491//2491 2496//2496
f 2498//2498 2503//2503 2497//2497
f 2499//2499 2503//2503 2498//2498
f 2500//2500 2503//2503 2499//2499
f 2501//2501 2503//2503 2500//2500
f 2502//2502 2503//2503 2501//2501
f 2497//2497 2503//2503 2502//2502
f 2505//2505 2510//2510 2504//2504
f 2506//2506 2510//2510 2505//2505
f 2507//2507 2510//2510 2506//2506
f 2508//2508 2510//2510 2507//2507
f 2509//2509 2510//2510 2508//2508
f 2504//2504 2510//2510 2509//2509
g part25
usemtl rust
v 0.10063 1.04721 0.09085
v 0.08359 1.04480 0.08105
v 0.08295 1.04759 0.06144
v 0.09937 1.05279 0.05164
v 0.11641 1.05520 0.06144
v 0.11705 1.05241 0.08105
v 0.11008 1.00566 0.08304
v 0.09439 1.00344 0.07402
v 0.09381 1.00601 0.05598
v 0.10891 1.01079 0.04695
v 0.12460 1.01301 0.05598
v 0.12519 1.01044 0.07402
v 0.11958 0.96392 0.07520
v 0.10528 0.96172 0.06694
v 0.10470 0.96426 0.05049
v 0.11842 0.96898 0.04230
v 0.13271 0.97117 0.05056
v 0.13329 0.96864 0.06702
v 0.13083 0.92195 0.06600
v 0.11818 0.91958 0.05856
v 0.11752 0.92231 0.04397
v 0.12951 0.92740 0.03681
v 0.14215 0.92977 0.04425
v 0.14281 0.92704 0.05884
v 0.14539 0.87954 0.05424
v 0.13469 0.87719 0.04782
v 0.13399 0.87989 0.03544
v 0.14400 0.88493 0.02947
v 0.15470 0.88728 0.03588
v 0.15539 0.88458 0.04827
v 0.16148 0.83756 0.04124
v 0.15280 0.83562 0.03603
v 0.15222 0.83785 0.02598
v 0.16031 0.84203 0.02115
v 0.16899 0.84398 0.02637
v 0.16957 0.84174 0.03642
v 0.17582 0.79779 0.02940
v 0.16910 0.79643 0.02543
v 0.16870 0.79799 0.01767
v 0.17503 0.80091 0.01388
v 0.18175 0.80227 0.01786
v 0.18214 0.80071 0.02562
v 0.18684 0.76124 0.01982
v 0.18204 0.76040 0.01703
v 0.18180 0.76137 0.01151
v 0.18636 0.76318 0.00877
v 0.19115 0.76403 0.01156
v 0.19139 0.76306 0.01709
v 0.19623 0.72653 0.01131
v 0.19340 0.72605 0.00967
v 0.19327 0.72660 0.00641
v 0.19596 0.72761 0.00480
v 0.19879 0.72809 0.00643
v 0.19892 0.72754 0.00969
v 0.20563 0.69176 0.00278
v 0.20478 0.69162 0.00229
v 0.20474 0.69178 0.00131
v 0.20555 0.69209 0.00083
v 0.20640 0.69223 0.00132
v 0.20644 0.69207 0.00230
v 0.10063 1.04721 0.09085
v 0.08359 1.04480 0.08105
v 0.08295 1.04759 0.06144
v 0.09937 1.05279 0.05164
v 0.11641 1.05520 0.06144
v 0.11705 1.05241 0.08105
v 0.10000 1.05000 0.07124
v 0.20563 0.69176 0.00278
v 0.20478 0.69162 0.00229
v 0.20474 0.69178 0.00131
v 0.20555 0.69209 0.00083
v 0.20640 0.69223 0.00132
v 0.20644 0.69207 0.00230
v 0.20559 0.69193 0.00181
vn 0.0399 -0.1757 0.9836
vn -0.8199 -0.2973 0.4892
vn -0.8519 -0.1567 -0.4997
vn -0.0240 0.1054 -0.9941
vn 0.8359 0.2270 -0.4997
vn 0.8679 0.0864 0.4892
vn 0.0399 -0.1757 0.9836
vn -0.8200 -0.2972 0.4892
vn -0.8519 -0.1567 -0.4997
vn -0.0240 0.1053 -0.9941
vn 0.8360 0.2268 -0.4997
vn 0.8679 0.0864 0.4892
vn 0.0439 -0.1889 0.9810
vn -0.8136 -0.3203 0.4852
vn -0.8484 -0.1684 -0.5019
vn -0.0255 0.1145 -0.9931
vn 0.8321 0.2455 -0.4973
vn 0.8668 0.0940 0.4898
vn 0.0569 -0.2244 0.9728
vn -0.7935 -0.3830 0.4730
vn -0.8376 -0.2002 -0.5082
vn -0.0316 0.1415 -0.9894
vn 0.8187 0.3002 -0.4895
vn 0.8629 0.1173 0.4916
vn 0.0710 -0.2569 0.9638
vn -0.7711 -0.4412 0.4592
vn -0.8257 -0.2294 -0.5154
vn -0.0384 0.1669 -0.9852
vn 0.8035 0.3515 -0.4805
vn 0.8582 0.1394 0.4940
vn 0.0742 -0.2645 0.9615
vn -0.7662 -0.4529 0.4560
vn -0.8225 -0.2364 -0.5172
vn -0.0386 0.1684 -0.9850
vn 0.8018 0.3567 -0.4794
vn 0.8582 0.1403 0.4938
vn 0.0671 -0.2489 0.9662
vn -0.7792 -0.4203 0.4650
vn -0.8290 -0.2236 -0.5126
vn -0.0325 0.1445 -0.9890
vn 0.8138 0.3159 -0.4878
vn 0.8636 0.1192 0.4898
vn 0.0593 -0.2298 0.9714
vn -0.7935 -0.3804 0.4750
vn -0.8364 -0.2078 -0.5072
vn -0.0266 0.1155 -0.9929
vn 0.8262 0.2663 -0.4965
vn 0.8691 0.0936 0.4857
vn 0.0566 -0.2233 0.9731
vn -0.7982 -0.3664 0.4782
vn -0.8387 -0.2025 -0.5055
vn -0.0245 0.1045 -0.9942
vn 0.8303 0.2476 -0.4993
vn 0.8709 0.0837 0.4844
vn 0.0566 -0.2233 0.9731
vn -0.7982 -0.3663 0.4782
vn -0.8388 -0.2025 -0.5055
vn -0.0245 0.1044 -0.9942
vn 0.8303 0.2475 -0.4993
vn 0.8709 0.0836 0.4843
vn -0.2194 0.9649 0.1443
vn -0.2194 0.9649 0.1443
vn -0.2194 0.9649 0.1443
vn -0.2194 0.9649 0.1443
vn -0.2194 0.9649 0.1443
vn -0.2194 0.9649 0.1443
vn -0.2194 0.9649 0.1443
vn 0.2571 -0.9515 -0.1691
vn 0.2571 -0.9515 -0.1691
vn 0.2571 -0.9515 -0.1691
vn 0.2571 -0.9515 -0.1691
vn 0.2571 -0.9515 -0.1691
vn 0.2571 -0.9515 -0.1691
vn 0.2571 -0.9515 -0.1691
f 2511//2511 2512//2512 2518//2518 2517//2517
f 2512//2512 2513//2513 2519//2519 2518//2518
f 2513//2513 2514//2514 2520//2520 2519//2519
f 2514//2514 2515//2515 2521//2521 2520//2520
f 2515//2515 2516//2516 2522//2522 2521//2521
f 2516//2516 2511//2511 2517//2517 2522//2522
f 2517//2517 2518//2518 2524//2524 2523//2523
f 2518//2518 2519//2519 2525//2525 2524//2524
f 2519//2519 2520//2520 2526//2526 2525//2525
f 2520//2520 2521//2521 2527//2527 2526//2526
f 2521//2521 2522//2522 2528//2528 2527//2527
f 2522//2522 2517//2517 2523//2523 2528//2528
f 2523//2523 2524//2524 2530//2530 2529//2529
f 2524//2524 2525//2525 2531//2531 2530//2530
f 2525//2525 2526//2526 2532//2532 2531//2531
f 2526//2526 2527//2527 2533//2533 2532//2532
f 2527//2527 2528//2528 2534//2534 2533//2533
f 2528//2528 2523//2523 2529//2529 2534//2534
f 2529//2529 2530//2530 2536//2536 2535//2535
f 2530//2530 2531//2531 2537//2537 2536//2536
f 2531//2531 2532//2532 2538//2538 2537//2537
f 2532//2532 2533//2533 2539//2539 2538//2538
f 2533//2533 2534//2534 2540//2540 2539//2539
f 2534//2534 2529//2529 2535//2535 2540//2540
f 2535//2535 2536//2536 2542//2542 2541//2541
f 2536//2536 2537//2537 2543//2543 2542//2542
f 2537//2537 2538//2538 2544//2544 2543//2543
f 2538//2538 2539//2539 2545//2545 2544//2544
f 2539//2539 2540//2540 2546//2546 2545//2545
f 2540//2540 2535//2535 2541//2541 2546//2546
f 2541//2541 2542//2542 2548//2548 2547//2547
f 2542//2542 2543//2543 2549//2549 2548//2548
f 2543//2543 2544//2544 2550//2550 2549//2549
f 2544//2544 2545//2545 2551//2551 2550//2550
f 2545//2545 2546//2546 2552//2552 2551//2551
f 2546//2546 2541//2541 2547//2547 2552//2552
f 2547//2547 2548//2548 2554//2554 2553//2553
f 2548//2548 2549//2549 2555//2555 2554//2554
f 2549//2549 2550//2550 2556//2556 2555//2555
f 2550//2550 2551//2551 2557//2557 2556//2556
f 2551//2551 2552//2552 2558//2558 2557//2557
f 2552//2552 2547//2547 2553//2553 2558//2558
f 2553//2553 2554//2554 2560//2560 2559//2559
f 2554//2554 2555//2555 2561//2561 2560//2560
f 2555//2555 2556//2556 2562//2562 2561//2561
f 2556//2556 2557//2557 2563//2563 2562//2562
f 2557//2557 2558//2558 2564//2564 2563//2563
f 2558//2558 2553//2553 2559//2559 2564//2564
f 2559//2559 2560//2560 2566//2566 2565//2565
f 2560//2560 2561//2561 2567//2567 2566//2566
f 2561//2561 2562//2562 2568//2568 2567//2567
f 2562//2562 2563//2563 2569//2569 2568//2568
f 2563//2563 2564//2564 2570//2570 2569//2569
f 2564//2564 2559//2559 2565//2565 2570//2570
f 2572//2572 2577//2577 2571//2571
f 2573//2573 2577//2577 2572//2572
f 2574//2574 2577//2577 2573//2573
f 2575//2575 2577//2577 2574//2574
f 2576//2576 2577//2577 2575//2575
f 2571//2571 2577//2577 2576//2576
f 2579//2579 2584//2584 2578//2578
f 2580//2580 2584//2584 2579//2579
f 2581//2581 2584//2584 2580//2580
f 2582//2582 2584//2584 2581//2581
f 2583//2583 2584//2584 2582//2582
f 2578//2578 2584//2584 2583//2583
g part26
usemtl rust
v -0.09930 1.04343 0.08763
v -0.11486 1.04509 0.07944
v -0.11557 1.05165 0.06305
v -0.10070 1.05657 0.05486
v -0.08514 1.05491 0.06305
v -0.08443 1.04835 0.07944
v -0.09483 1.00178 0.06923
v -0.10916 1.00330 0.06169
v -0.10980 1.00934 0.04661
v -0.09613 1.01387 0.03906
v -0.08180 1.01235 0.04661
v -0.08115 1.00630 0.06169
v -0.09032 0.95972 0.05065
v -0.10342 0.96121 0.04381
v -0.10406 0.96713 0.03021
v -0.09160 0.97157 0.02344
v -0.07850 0.97008 0.03029
v -0.07786 0.96415 0.04389
v -0.08493 0.91722 0.02860
v -0.09665 0.91879 0.02262
v -0.09736 0.92503 0.01096
v -0.08635 0.92971 0.00527
v -0.07462 0.92815 0.01125
v -0.07392 0.92190 0.02291
v -0.07800 0.87458 0.00033
v -0.08804 0.87609 -0.00466
v -0.08877 0.88213 -0.01421
v -0.07945 0.88666 -0.01876
v -0.06940 0.88515 -0.01377
v -0.06868 0.87911 -0.00422
v -0.07041 0.83279 -0.03068
v -0.07857 0.83403 -0.03472
v -0.07917 0.83902 -0.04242
v -0.07161 0.84276 -0.04608
v -0.06345 0.84151 -0.04204
v -0.06285 0.83653 -0.03434
v -0.06368 0.79339 -0.05842
v -0.06994 0.79428 -0.06158
v -0.07036 0.79782 -0.06768
v -0.06451 0.80047 -0.07063
v -0.05825 0.79959 -0.06748
v -0.05783 0.79605 -0.06138
v -0.05852 0.75720 -0.08017
v -0.06294 0.75776 -0.08244
v -0.06320 0.76000 -0.08691
v -0.05903 0.76168 -0.08911
v -0.05461 0.76113 -0.08684
v -0.05435 0.75888 -0.08237
v -0.05411 0.72270 -0.09908
v -0.05671 0.72301 -0.10042
v -0.05686 0.72427 -0.10308
v -0.05440 0.72522 -0.10439
v -0.05180 0.72491 -0.10305
v -0.05165 0.72364 -0.10040
v -0.04969 0.68810 -0.11804
v -0.05047 0.68819 -0.11844
v -0.05051 0.68857 -0.11924
v -0.04978 0.68885 -0.11963
v -0.04899 0.68876 -0.11923
v -0.04895 0.68838 -0.11843
v -0.09930 1.04343 0.08763
v -0.11486 1.04509 0.07944
v -0.11557 1.05165 0.06305
v -0.10070 1.05657 0.05486
v -0.08514 1.05491 0.06305
v -0.08443 1.04835 0.07944
v -0.10000 1.05000 0.07124
v -0.04969 0.68810 -0.11804
v -0.05047 0.68819 -0.11844
v -0.05051 0.68857 -0.11924
v -0.04978 0.68885 -0.11963
v -0.04899 0.68876 -0.11923
v -0.04895 0.68838 -0.11843
v -0.04973 0.68847 -0.11884
vn 0.0429 -0.3999 0.9156
vn -0.8377 -0.3064 0.4520
vn -0.8776 0.0651 -0.4750
vn -0.0368 0.3432 -0.9386
vn 0.8438 0.2497 -0.4750
vn 0.8836 -0.1218 0.4520
vn 0.0429 -0.3998 0.9156
vn -0.8377 -0.3063 0.4521
vn -0.8776 0.0651 -0.4750
vn -0.0368 0.3430 -0.9386
vn 0.8438 0.2495 -0.4751
vn 0.8836 -0.1218 0.4520
vn 0.0464 -0.4282 0.9025
vn -0.8350 -0.3278 0.4420
vn -0.8779 0.0706 -0.4736
vn -0.0395 0.3684 -0.9288
vn 0.8419 0.2684 -0.4682
vn 0.8848 -0.1297 0.4475
vn 0.0578 -0.5018 0.8631
vn -0.8263 -0.3839 0.4122
vn -0.8795 0.0864 -0.4680
vn -0.0487 0.4390 -0.8972
vn 0.8353 0.3210 -0.4464
vn 0.8886 -0.1494 0.4337
vn 0.0694 -0.5652 0.8220
vn -0.8174 -0.4322 0.3810
vn -0.8811 0.1004 -0.4621
vn -0.0583 0.5003 -0.8639
vn 0.8285 0.3670 -0.4230
vn 0.8923 -0.1658 0.4199
vn 0.0715 -0.5765 0.8140
vn -0.8156 -0.4411 0.3746
vn -0.8810 0.1008 -0.4623
vn -0.0594 0.5072 -0.8598
vn 0.8277 0.3718 -0.4204
vn 0.8931 -0.1700 0.4165
vn 0.0650 -0.5395 0.8395
vn -0.8203 -0.4145 0.3940
vn -0.8793 0.0860 -0.4685
vn -0.0529 0.4617 -0.8854
vn 0.8325 0.3368 -0.4399
vn 0.8914 -0.1638 0.4225
vn 0.0577 -0.4918 0.8688
vn -0.8257 -0.3803 0.4165
vn -0.8775 0.0674 -0.4747
vn -0.0459 0.4038 -0.9137
vn 0.8376 0.2922 -0.4615
vn 0.8894 -0.1557 0.4297
vn 0.0552 -0.4744 0.8786
vn -0.8276 -0.3678 0.4240
vn -0.8769 0.0601 -0.4770
vn -0.0434 0.3815 -0.9234
vn 0.8394 0.2749 -0.4688
vn 0.8887 -0.1530 0.4322
vn 0.0552 -0.4743 0.8786
vn -0.8276 -0.3678 0.4240
vn -0.8769 0.0601 -0.4770
vn -0.0433 0.3814 -0.9234
vn 0.8394 0.2749 -0.4688
vn 0.8887 -0.1530 0.4322
vn -0.0989 0.9222 0.3738
vn -0.0989 0.9222 0.3738
vn -0.0989 0.9222 0.3738
vn -0.0989 0.9222 0.3738
vn -0.0989 0.9222 0.3738
vn -0.0989 0.9222 0.3738
vn -0.0989 0.9222 0.3738
vn 0.1140 -0.8950 -0.4312
vn 0.1140 -0.8950 -0.4312
vn 0.1140 -0.8950 -0.4312
vn 0.1140 -0.8950 -0.4312
vn 0.1140 -0.8950 -0.4312
vn 0.1140 -0.8950 -0.4312
vn 0.1140 -0.8950 -0.4312
f 2585//2585 2586//2586 2592//2592 2591//2591
f 2586//2586 2587//2587 2593//2593 2592//2592
f 2587//2587 2588//2588 2594//2594 2593//2593
f 2588//2588 2589//2589 2595//2595 2594//2594
f 2589//2589 2590//2590 2596//2596 2595//2595
f 2590//2590 2585//2585 2591//2591 2596//2596
f 2591//2591 2592//2592 2598//2598 2597//2597
f 2592//2592 2593//2593 2599//2599 2598//2598
f 2593//2593 2594//2594 2600//2600 2599//2599
f 2594//2594 2595//2595 2601//2601 2600//2600
f 2595//2595 2596//2596 2602//2602 2601//2601
f 2596//2596 2591//2591 2597//2597 2602//2602
f 2597//2597 2598//2598 2604//2604 2603//2603
f 2598//2598 2599//2599 2605//2605 2604//2604
f 2599//2599 2600//2600 2606//2606 2605//2605
f 2600//2600 2601//2601 2607//2607 2606//2606
f 2601//2601 2602//2602 2608//2608 2607//2607
f 2602//2602 2597//2597 2603//2603 2608//2608
f 2603//2603 2604//2604 2610//2610 2609//2609
f 2604//2604 2605//2605 2611//2611 2610//2610
f 2605//2605 2606//2606 2612//2612 2611//2611
f 2606//2606 2607//2607 2613//2613 2612//2612
f 2607//2607 2608//2608 2614//2614 2613//2613
f 2608//2608 2603//2603 2609//2609 2614//2614
f 2609//2609 2610//2610 2616//2616 2615//2615
f 2610//2610 2611//2611 2617//2617 2616//2616
f 2611//2611 2612//2612 2618//2618 2617//2617
f 2612//2612 2613//2613 2619//2619 2618//2618
f 2613//2613 2614//2614 2620//2620 2619//2619
f 2614//2614 2609//2609 2615//2615 2620//2620
f 2615//2615 2616//2616 2622//2622 2621//2621
f 2616//2616 2617//2617 2623//2623 2622//2622
f 2617//2617 2618//2618 2624//2624 2623//2623
f 2618//2618 2619//2619 2625//2625 2624//2624
f 2619//2619 2620//2620 2626//2626 2625//2625
f 2620//2620 2615//2615 2621//2621 2626//2626
f 2621//2621 2622//2622 2628//2628 2627//2627
f 2622//2622 2623//2623 2629//2629 2628//2628
f 2623//2623 2624//2624 2630//2630 2629//2629
f 2624//2624 2625//2625 2631//2631 2630//2630
f 2625//2625 2626//2626 2632//2632 2631//2631
f 2626//2626 2621//2621 2627//2627 2632//2632
f 2627//2627 2628//2628 2634//2634 2633//2633
f 2628//2628 2629//2629 2635//2635 2634//2634
f 2629//2629 2630//2630 2636//2636 2635//2635
f 2630//2630 2631//2631 2637//2637 2636//2636
f 2631//2631 2632//2632 2638//2638 2637//2637
f 2632//2632 2627//2627 2633//2633 2638//2638
f 2633//2633 2634//2634 2640//2640 2639//2639
f 2634//2634 2635//2635 2641//2641 2640//2640
f 2635//2635 2636//2636 2642//2642 2641//2641
f 2636//2636 2637//2637 2643//2643 2642//2642
f 2637//2637 2638//2638 2644//2644 2643//2643
f 2638//2638 2633//2633 2639//2639 2644//2644
f 2646//2646 2651//2651 2645//2645
f 2647//2647 2651//2651 2646//2646
f 2648//2648 2651//2651 2647//2647
f 2649//2649 2651//2651 2648//2648
f 2650//2650 2651//2651 2649//2649
f 2645//2645 2651//2651 2650//2650
f 2653//2653 2658//2658 2652//2652
f 2654//2654 2658//2658 2653//2653
f 2655//2655 2658//2658 2654//2654
f 2656//2656 2658//2658 2655//2655
f 2657//2657 2658//2658 2656//2656
f 2652//2652 2658//2658 2657//2657
g part27
usemtl rust
v -0.19902 1.04692 -0.03250
v -0.21420 1.04378 -0.04125
v -0.21518 1.04687 -0.05875
v -0.20098 1.05308 -0.06750
v -0.18580 1.05622 -0.05875
v -0.18482 1.05313 -0.04125
v -0.18406 0.99993 -0.04306
v -0.19803 0.99704 -0.05111
v -0.19893 0.99988 -0.06722
v -0.18587 1.00560 -0.07528
v -0.17190 1.00849 -0.06722
v -0.17099 1.00565 -0.05111
v -0.16903 0.95274 -0.05366
v -0.18173 0.94990 -0.06106
v -0.18262 0.95269 -0.07573
v -0.17082 0.95832 -0.08301
v -0.15812 0.96115 -0.07561
v -0.15723 0.95836 -0.06094
v -0.15124 0.90534 -0.06614
v -0.16238 0.90232 -0.07284
v -0.16338 0.90527 -0.08582
v -0.15323 0.91125 -0.09210
v -0.14208 0.91427 -0.08541
v -0.14109 0.91131 -0.07243
v -0.12821 0.85743 -0.08215
v -0.13757 0.85448 -0.08797
v -0.13859 0.85736 -0.09896
v -0.13026 0.86318 -0.10413
v -0.12091 0.86613 -0.09832
v -0.11988 0.86325 -0.08733
v -0.10273 0.80995 -0.09987
v -0.11031 0.80751 -0.10461
v -0.11116 0.80989 -0.11352
v -0.10444 0.81470 -0.11769
v -0.09686 0.81713 -0.11296
v -0.09601 0.81476 -0.10405
v -0.08000 0.76491 -0.11591
v -0.08590 0.76319 -0.11950
v -0.08649 0.76486 -0.12639
v -0.08117 0.76826 -0.12970
v -0.07527 0.76998 -0.12611
v -0.07468 0.76831 -0.11921
v -0.06253 0.72354 -0.12867
v -0.06677 0.72246 -0.13118
v -0.06713 0.72351 -0.13609
v -0.06326 0.72565 -0.13851
v -0.05902 0.72674 -0.13600
v -0.05865 0.72568 -0.13109
v -0.04765 0.68427 -0.13986
v -0.05016 0.68366 -0.14132
v -0.05036 0.68425 -0.14422
v -0.04806 0.68545 -0.14566
v -0.04555 0.68606 -0.14419
v -0.04535 0.68547 -0.14129
v -0.03276 0.64494 -0.15106
v -0.03351 0.64476 -0.15150
v -0.03357 0.64494 -0.15237
v -0.03288 0.64530 -0.15280
v -0.03213 0.64548 -0.15236
v -0.03207 0.64530 -0.15149
v -0.19902 1.04692 -0.03250
v -0.21420 1.04378 -0.04125
v -0.21518 1.04687 -0.05875
v -0.20098 1.05308 -0.06750
v -0.18580 1.05622 -0.05875
v -0.18482 1.05313 -0.04125
v -0.20000 1.05000 -0.05000
v -0.03276 0.64494 -0.15106
v -0.03351 0.64476 -0.15150
v -0.03357 0.64494 -0.15237
v -0.03288 0.64530 -0.15280
v -0.03213 0.64548 -0.15236
v -0.03207 0.64530 -0.15149
v -0.03282 0.64512 -0.15193
vn 0.0635 -0.1996 0.9778
vn -0.7889 -0.3755 0.4864
vn -0.8441 -0.2023 -0.4966
vn -0.0468 0.1469 -0.9880
vn 0.8057 0.3229 -0.4966
vn 0.8608 0.1497 0.4864
vn 0.0635 -0.1995 0.9778
vn -0.7890 -0.3755 0.4864
vn -0.8441 -0.2023 -0.4966
vn -0.0467 0.1468 -0.9881
vn 0.8058 0.3227 -0.4966
vn 0.8609 0.1496 0.4863
vn 0.0692 -0.2138 0.9744
vn -0.7788 -0.4033 0.4804
vn -0.8385 -0.2169 -0.4998
vn -0.0501 0.1585 -0.9861
vn 0.7981 0.3475 -0.4922
vn 0.8577 0.1616 0.4881
vn 0.0872 -0.2509 0.9641
vn -0.7475 -0.4765 0.4628
vn -0.8219 -0.2556 -0.5090
vn -0.0617 0.1912 -0.9796
vn 0.7729 0.4170 -0.4783
vn 0.8474 0.1959 0.4935
vn 0.1060 -0.2832 0.9532
vn -0.7143 -0.5411 0.4439
vn -0.8042 -0.2895 -0.5191
vn -0.0741 0.2204 -0.9726
vn 0.7459 0.4787 -0.4632
vn 0.8360 0.2267 0.4997
vn 0.1097 -0.2897 0.9508
vn -0.7079 -0.5526 0.4400
vn -0.8003 -0.2962 -0.5213
vn -0.0751 0.2230 -0.9719
vn 0.7426 0.4857 -0.4612
vn 0.8349 0.2294 0.5002
vn 0.0999 -0.2725 0.9570
vn -0.7282 -0.5143 0.4530
vn -0.8109 -0.2789 -0.5144
vn -0.0655 0.1983 -0.9779
vn 0.7626 0.4401 -0.4740
vn 0.8453 0.2047 0.4935
vn 0.0888 -0.2507 0.9640
vn -0.7511 -0.4659 0.4678
vn -0.8232 -0.2569 -0.5063
vn -0.0555 0.1675 -0.9843
vn 0.7843 0.3829 -0.4881
vn 0.8565 0.1737 0.4861
vn 0.0850 -0.2430 0.9663
vn -0.7587 -0.4484 0.4726
vn -0.8272 -0.2490 -0.5038
vn -0.0520 0.1558 -0.9864
vn 0.7917 0.3611 -0.4927
vn 0.8602 0.1618 0.4837
vn 0.0850 -0.2430 0.9663
vn -0.7587 -0.4483 0.4726
vn -0.8272 -0.2490 -0.5038
vn -0.0520 0.1557 -0.9864
vn 0.7917 0.3611 -0.4927
vn 0.8602 0.1617 0.4836
vn -0.2983 0.9370 0.1819
vn -0.2983 0.9370 0.1819
vn -0.2983 0.9370 0.1819
vn -0.2983 0.9370 0.1819
vn -0.2983 0.9370 0.1819
vn -0.2983 0.9370 0.1819
vn -0.2983 0.9370 0.1819
vn 0.3460 -0.9142 -0.2109
vn 0.3460 -0.9142 -0.2109
vn 0.3460 -0.9142 -0.2109
vn 0.3460 -0.9142 -0.2109
vn 0.3460 -0.9142 -0.2109
vn 0.3460 -0.9142 -0.2109
vn 0.3460 -0.9142 -0.2109
f 2659//2659 2660//2660 2666//2666 2665//2665
f 2660//2660 2661//2661 2667//2667 2666//2666
f 2661//2661 2662//2662 2668//2668 2667//2667
f 2662//2662 2663//2663 2669//2669 2668//2668
f 2663//2663 2664//2664 2670//2670 2669//2669
f 2664//2664 2659//2659 2665//2665 2670//2670
f 2665//2665 2666//2666 2672//2672 2671//2671
f 2666//2666 2667//2667 2673//2673 2672//2672
f 2667//2667 2668//2668 2674//2674 2673//2673
f 2668//2668 2669//2669 2675//2675 2674//2674
f 2669//2669 2670//2670 2676//2676 2675//2675
f 2670//2670 2665//2665 2671//2671 2676//2676
f 2671//2671 2672//2672 2678//2678 2677//2677
f 2672//2672 2673//2673 2679//2679 2678//2678
f 2673//2673 2674//2674 2680//2680 2679//2679
f 2674//2674 2675//2675 2681//2681 2680//2680
f 2675//2675 2676//2676 2682//2682 2681//2681
f 2676//2676 2671//2671 2677//2677 2682//2682
f 2677//2677 2678//2678 2684//2684 2683//2683
f 2678//2678 2679//2679 2685//2685 2684//2684
f 2679//2679 2680//2680 2686//2686 2685//2685
f 2680//2680 2681//2681 2687//2687 2686//2686
f 2681//2681 2682//2682 2688//2688 2687//2687
f 2682//2682 2677//2677 2683//2683 2688//2688
f 2683//2683 2684//2684 2690//2690 2689//2689
f 2684//2684 2685//2685 2691//2691 2690//2690
f 2685//2685 2686//2686 2692//2692 2691//2691
f 2686//2686 2687//2687 2693//2693 2692//2692
f 2687//2687 2688//2688 2694//2694 2693//2693
f 2688//2688 2683//2683 2689//2689 2694//2694
f 2689//2689 2690//2690 2696//2696 2695//2695
f 2690//2690 2691//2691 2697//2697 2696//2696
f 2691//2691 2692//2692 2698//2698 2697//2697
f 2692//2692 2693//2693 2699//2699 2698//2698
f 2693//2693 2694//2694 2700//2700 2699//2699
f 2694//2694 2689//2689 2695//2695 2700//2700
f 2695//2695 2696//2696 2702//2702 2701//2701
f 2696//2696 2697//2697 2703//2703 2702//2702
f 2697//2697 2698//2698 2704//2704 2703//2703
f 2698//2698 2699//2699 2705//2705 2704//2704
f 2699//2699 2700//2700 2706//2706 2705//2705
f 2700//2700 2695//2695 2701//2701 2706//2706
f 2701//2701 2702//2702 2708//2708 2707//2707
f 2702//2702 2703//2703 2709//2709 2708//2708
f 2703//2703 2704//2704 2710//2710 2709//2709
f 2704//2704 2705//2705 2711//2711 2710//2710
f 2705//2705 2706//2706 2712//2712 2711//2711
f 2706//2706 2701//2701 2707//2707 2712//2712
f 2707//2707 2708//2708 2714//2714 2713//2713
f 2708//2708 2709//2709 2715//2715 2714//2714
f 2709//2709 2710//2710 2716//2716 2715//2715
f 2710//2710 2711//2711 2717//2717 2716//2716
f 2711//2711 2712//2712 2718//2718 2717//2717
f 2712//2712 2707//2707 2713//2713 2718//2718
f 2720//2720 2725//2725 2719//2719
f 2721//2721 2725//2725 2720//2720
f 2722//2722 2725//2725 2721//2721
f 2723//2723 2725//2725 2722//2722
f 2724//2724 2725//2725 2723//2723
f 2719//2719 2725//2725 2724//2724
f 2727//2727 2732//2732 2726//2726
f 2728//2728 2732//2732 2727//2727
f 2729//2729 2732//2732 2728//2728
f 2730//2730 2732//2732 2729//2729
f 2731//2731 2732//2732 2730//2730
f 2726//2726 2732//2732 2731//2731
g part28
usemtl rust
v -0.10181 1.05434 -0.14434
v -0.12274 1.04307 -0.15779
v -0.12093 1.03874 -0.18470
v -0.09819 1.04566 -0.19815
v -0.07726 1.05693 -0.18470
v -0.07907 1.06126 -0.15779
v -0.08529 1.01469 -0.13905
v -0.10456 1.00432 -0.15143
v -0.10290 1.00033 -0.17619
v -0.08197 1.00671 -0.18857
v -0.06270 1.01707 -0.17619
v -0.06437 1.02106 -0.15143
v -0.06890 0.97530 -0.13381
v -0.08620 0.96516 -0.14499
v -0.08457 0.96125 -0.16756
v -0.06563 0.96749 -0.17895
v -0.04833 0.97764 -0.16777
v -0.04996 0.98154 -0.14520
v -0.04980 0.93617 -0.12764
v -0.06442 0.92555 -0.13727
v -0.06263 0.92147 -0.15727
v -0.04622 0.92802 -0.16763
v -0.03159 0.93864 -0.15799
v -0.03338 0.94272 -0.13800
v -0.02478 0.89608 -0.11930
v -0.03658 0.88587 -0.12724
v -0.03477 0.88196 -0.14420
v -0.02116 0.88826 -0.15323
v -0.00937 0.89847 -0.14529
v -0.01118 0.90238 -0.12833
v 0.00344 0.85546 -0.10982
v -0.00605 0.84704 -0.11623
v -0.00454 0.84382 -0.12999
v 0.00645 0.84902 -0.13734
v 0.01594 0.85744 -0.13094
v 0.01444 0.86066 -0.11718
v 0.02894 0.81648 -0.10159
v 0.02134 0.81048 -0.10665
v 0.02239 0.80818 -0.11728
v 0.03103 0.81189 -0.12285
v 0.03862 0.81790 -0.11778
v 0.03758 0.82019 -0.10715
v 0.04858 0.78071 -0.09590
v 0.04297 0.77689 -0.09960
v 0.04362 0.77543 -0.10717
v 0.04989 0.77779 -0.11104
v 0.05551 0.78162 -0.10734
v 0.05486 0.78308 -0.09977
v 0.06524 0.74701 -0.09158
v 0.06189 0.74486 -0.09378
v 0.06225 0.74404 -0.09824
v 0.06597 0.74537 -0.10050
v 0.06933 0.74752 -0.09830
v 0.06896 0.74834 -0.09384
v 0.08186 0.71337 -0.08727
v 0.08086 0.71273 -0.08793
v 0.08097 0.71248 -0.08926
v 0.08208 0.71288 -0.08994
v 0.08309 0.71353 -0.08928
v 0.08298 0.71377 -0.08794
v -0.10181 1.05434 -0.14434
v -0.12274 1.04307 -0.15779
v -0.12093 1.03874 -0.18470
v -0.09819 1.04566 -0.19815
v -0.07726 1.05693 -0.18470
v -0.07907 1.06126 -0.15779
v -0.10000 1.05000 -0.17124
v 0.08186 0.71337 -0.08727
v 0.08086 0.71273 -0.08793
v 0.08097 0.71248 -0.08926
v 0.08208 0.71288 -0.08994
v 0.08309 0.71353 -0.08928
v 0.08298 0.71377 -0.08794
v 0.08197 0.71313 -0.08860
vn -0.0470 0.1129 0.9925
vn -0.8124 -0.2990 0.5006
vn -0.7464 -0.4575 -0.4833
vn 0.0851 -0.2043 -0.9752
vn 0.8505 0.2075 -0.4833
vn 0.7845 0.3661 0.5006
vn -0.0469 0.1127 0.9925
vn -0.8125 -0.2988 0.5005
vn -0.7465 -0.4573 -0.4833
vn 0.0850 -0.2041 -0.9752
vn 0.8506 0.2072 -0.4832
vn 0.7847 0.3656 0.5007
vn -0.0493 0.1217 0.9913
vn -0.8024 -0.3181 0.5049
vn -0.7314 -0.4878 -0.4766
vn 0.0924 -0.2167 -0.9719
vn 0.8455 0.2228 -0.4852
vn 0.7748 0.3915 0.4964
vn -0.0589 0.1480 0.9872
vn -0.7728 -0.3679 0.5172
vn -0.6861 -0.5657 -0.4576
vn 0.1148 -0.2479 -0.9620
vn 0.8284 0.2680 -0.4918
vn 0.7415 0.4661 0.4827
vn -0.0691 0.1713 0.9828
vn -0.7423 -0.4099 0.5300
vn -0.6395 -0.6321 -0.4375
vn 0.1370 -0.2736 -0.9520
vn 0.8099 0.3078 -0.4992
vn 0.7067 0.5306 0.4680
vn -0.0689 0.1722 0.9826
vn -0.7350 -0.4191 0.5330
vn -0.6293 -0.6455 -0.4329
vn 0.1424 -0.2804 -0.9493
vn 0.8085 0.3109 -0.4997
vn 0.7029 0.5371 0.4663
vn -0.0585 0.1486 0.9872
vn -0.7511 -0.4003 0.5250
vn -0.6554 -0.6101 -0.4452
vn 0.1328 -0.2711 -0.9534
vn 0.8255 0.2779 -0.4913
vn 0.7298 0.4877 0.4790
vn -0.0476 0.1181 0.9919
vn -0.7707 -0.3751 0.5151
vn -0.6865 -0.5632 -0.4600
vn 0.1211 -0.2583 -0.9584
vn 0.8442 0.2350 -0.4818
vn 0.7598 0.4233 0.4934
vn -0.0435 0.1059 0.9934
vn -0.7773 -0.3659 0.5118
vn -0.6971 -0.5458 -0.4649
vn 0.1169 -0.2541 -0.9601
vn 0.8507 0.2177 -0.4785
vn 0.7705 0.3977 0.4983
vn -0.0435 0.1058 0.9934
vn -0.7773 -0.3658 0.5118
vn -0.6972 -0.5457 -0.4650
vn 0.1169 -0.2540 -0.9601
vn 0.8507 0.2176 -0.4785
vn 0.7705 0.3974 0.4983
vn -0.3787 0.9094 -0.1720
vn -0.3787 0.9094 -0.1720
vn -0.3787 0.9094 -0.1720
vn -0.3787 0.9094 -0.1720
vn -0.3787 0.9094 -0.1720
vn -0.3787 0.9094 -0.1720
vn -0.3787 0.9094 -0.1720
vn 0.4349 -0.8785 0.1975
vn 0.4349 -0.8785 0.1975
vn 0.4349 -0.8785 0.1975
vn 0.4349 -0.8785 0.1975
vn 0.4349 -0.8785 0.1975
vn 0.4349 -0.8785 0.1975
vn 0.4349 -0.8785 0.1975
f 2733//2733 2734//2734 2740//2740 2739//2739
f 2734//2734 2735//2735 2741//2741 2740//2740
f 2735//2735 2736//2736 2742//2742 2741//2741
f 2736//2736 2737//2737 2743//2743 2742//2742
f 2737//2737 2738//2738 2744//2744 2743//2743
f 2738//2738 2733//2733 2739//2739 2744//2744
f 2739//2739 2740//2740 2746//2746 2745//2745
f 2740//2740 2741//2741 2747//2747 2746//2746
f 2741//2741 2742//2742 2748//2748 2747//2747
f 2742//2742 2743//2743 2749//2749 2748//2748
f 2743//2743 2744//2744 2750//2750 2749//2749
f 2744//2744 2739//2739 2745//2745 2750//2750
f 2745//2745 2746//2746 2752//2752 2751//2751
f 2746//2746 2747//2747 2753//2753 2752//2752
f 2747//2747 2748//2748 2754//2754 2753//2753
f 2748//2748 2749//2749 2755//2755 2754//2754
f 2749//2749 2750//2750 2756//2756 2755//2755
f 2750//2750 2745//2745 2751//2751 2756//2756
f 2751//2751 2752//2752 2758//2758 2757//2757
f 2752//2752 2753//2753 2759//2759 2758//2758
f 2753//2753 2754//2754 2760//2760 2759//2759
f 2754//2754 2755//2755 2761//2761 2760//2760
f 2755//2755 2756//2756 2762//2762 2761//2761
f 2756//2756 2751//2751 2757//2757 2762//2762
f 2757//2757 2758//2758 2764//2764 2763//2763
f 2758//2758 2759//2759 2765//2765 2764//2764
f 2759//2759 2760//2760 2766//2766 2765//2765
f 2760//2760 2761//2761 2767//2767 2766//2766
f 2761//2761 2762//2762 2768//2768 2767//2767
f 2762//2762 2757//2757 2763//2763 2768//2768
f 2763//2763 2764//2764 2770//2770 2769//2769
f 2764//2764 2765//2765 2771//2771 2770//2770
f 2765//2765 2766//2766 2772//2772 2771//2771
f 2766//2766 2767//2767 2773//2773 2772//2772
f 2767//2767 2768//2768 2774//2774 2773//2773
f 2768//2768 2763//2763 2769//2769 2774//2774
f 2769//2769 2770//2770 2776//2776 2775//2775
f 2770//2770 2771//2771 2777//2777 2776//2776
f 2771//2771 2772//2772 2778//2778 2777//2777
f 2772//2772 2773//2773 2779//2779 2778//2778
f 2773//2773 2774//2774 2780//2780 2779//2779
f 2774//2774 2769//2769 2775//2775 2780//2780
f 2775//2775 2776//2776 2782//2782 2781//2781
f 2776//2776 2777//2777 2783//2783 2782//2782
f 2777//2777 2778//2778 2784//2784 2783//2783
f 2778//2778 2779//2779 2785//2785 2784//2784
f 2779//2779 2780//2780 2786//2786 2785//2785
f 2780//2780 2775//2775 2781//2781 2786//2786
f 2781//2781 2782//2782 2788//2788 2787//2787
f 2782//2782 2783//2783 2789//2789 2788//2788
f 2783//2783 2784//2784 2790//2790 2789//2789
f 2784//2784 2785//2785 2791//2791 2790//2790
f 2785//2785 2786//2786 2792//2792 2791//2791
f 2786//2786 2781//2781 2787//2787 2792//2792
f 2794//2794 2799//2799 2793//2793
f 2795//2795 2799//2799 2794//2794
f 2796//2796 2799//2799 2795//2795
f 2797//2797 2799//2799 2796//2796
f 2798//2798 2799//2799 2797//2797
f 2793//2793 2799//2799 2798//2798
f 2801//2801 2806//2806 2800//2800
f 2802//2802 2806//2806 2801//2801
f 2803//2803 2806//2806 2802//2802
f 2804//2804 2806//2806 2803//2803
f 2805//2805 2806//2806 2804//2804
f 2800//2800 2806//2806 2805//2805
g part29
usemtl rust
v 0.10006 1.04946 -0.14433
v 0.07683 1.04737 -0.15778
v 0.07678 1.04792 -0.18470
v 0.09994 1.05054 -0.19816
v 0.12317 1.05263 -0.18470
v 0.12322 1.05208 -0.15778
v 0.10522 0.99861 -0.14751
v 0.08384 0.99669 -0.15989
v 0.08379 0.99719 -0.18467
v 0.10512 0.99961 -0.19706
v 0.12649 1.00153 -0.18467
v 0.12654 1.00103 -0.15989
v 0.11039 0.94772 -0.15069
v 0.09088 0.94582 -0.16201
v 0.09083 0.94631 -0.18464
v 0.11029 0.94871 -0.19595
v 0.12980 0.95062 -0.18463
v 0.12985 0.95012 -0.16200
v 0.11648 0.89678 -0.15435
v 0.09912 0.89469 -0.16446
v 0.09906 0.89524 -0.18464
v 0.11636 0.89787 -0.19472
v 0.13371 0.89996 -0.18462
v 0.13377 0.89941 -0.16443
v 0.12439 0.84508 -0.15888
v 0.10960 0.84297 -0.16752
v 0.10954 0.84352 -0.18477
v 0.12426 0.84617 -0.19337
v 0.13904 0.84828 -0.18472
v 0.13910 0.84773 -0.16748
v 0.13319 0.79347 -0.16389
v 0.12119 0.79172 -0.17091
v 0.12114 0.79217 -0.18491
v 0.13308 0.79438 -0.19190
v 0.14508 0.79614 -0.18488
v 0.14513 0.79568 -0.17087
v 0.14108 0.74434 -0.16871
v 0.13183 0.74313 -0.17411
v 0.13180 0.74344 -0.18487
v 0.14101 0.74496 -0.19024
v 0.15025 0.74617 -0.18485
v 0.15029 0.74586 -0.17409
v 0.14714 0.69922 -0.17307
v 0.14058 0.69848 -0.17689
v 0.14056 0.69867 -0.18451
v 0.14710 0.69961 -0.18832
v 0.15366 0.70035 -0.18451
v 0.15369 0.70015 -0.17688
v 0.15230 0.65649 -0.17725
v 0.14844 0.65608 -0.17949
v 0.14843 0.65619 -0.18398
v 0.15228 0.65671 -0.18622
v 0.15614 0.65712 -0.18398
v 0.15615 0.65701 -0.17949
v 0.15746 0.61375 -0.18143
v 0.15630 0.61363 -0.18210
v 0.15630 0.61366 -0.18345
v 0.15745 0.61382 -0.18412
v 0.15861 0.61394 -0.18345
v 0.15862 0.61391 -0.18210
v 0.10006 1.04946 -0.14433
v 0.07683 1.04737 -0.15778
v 0.07678 1.04792 -0.18470
v 0.09994 1.05054 -0.19816
v 0.12317 1.05263 -0.18470
v 0.12322 1.05208 -0.15778
v 0.10000 1.05000 -0.17124
v 0.15746 0.61375 -0.18143
v 0.15630 0.61363 -0.18210
v 0.15630 0.61366 -0.18345
v 0.15745 0.61382 -0.18412
v 0.15861 0.61394 -0.18345
v 0.15862 0.61391 -0.18210
v 0.15746 0.61379 -0.18277
vn 0.0063 -0.0618 0.9981
vn -0.8556 -0.1391 0.4986
vn -0.8576 -0.1190 -0.5003
vn 0.0022 -0.0215 -0.9998
vn 0.8640 0.0559 -0.5003
vn 0.8661 0.0357 0.4986
vn 0.0063 -0.0618 0.9981
vn -0.8556 -0.1391 0.4986
vn -0.8576 -0.1189 -0.5003
vn 0.0022 -0.0215 -0.9998
vn 0.8641 0.0558 -0.5003
vn 0.8661 0.0356 0.4986
vn 0.0071 -0.0663 0.9978
vn -0.8539 -0.1502 0.4982
vn -0.8562 -0.1283 -0.5005
vn 0.0027 -0.0226 -0.9997
vn 0.8637 0.0612 -0.5002
vn 0.8660 0.0393 0.4985
vn 0.0099 -0.0782 0.9969
vn -0.8486 -0.1812 0.4971
vn -0.8515 -0.1544 -0.5012
vn 0.0041 -0.0246 -0.9997
vn 0.8625 0.0784 -0.4999
vn 0.8654 0.0515 0.4984
vn 0.0131 -0.0898 0.9959
vn -0.8423 -0.2116 0.4958
vn -0.8460 -0.1799 -0.5020
vn 0.0057 -0.0264 -0.9996
vn 0.8610 0.0955 -0.4995
vn 0.8647 0.0638 0.4982
vn 0.0141 -0.0948 0.9954
vn -0.8404 -0.2198 0.4953
vn -0.8443 -0.1872 -0.5021
vn 0.0065 -0.0298 -0.9995
vn 0.8611 0.0952 -0.4995
vn 0.8649 0.0627 0.4980
vn 0.0131 -0.0950 0.9954
vn -0.8433 -0.2071 0.4959
vn -0.8467 -0.1780 -0.5015
vn 0.0064 -0.0367 -0.9993
vn 0.8629 0.0754 -0.4998
vn 0.8662 0.0462 0.4976
vn 0.0118 -0.0952 0.9954
vn -0.8465 -0.1922 0.4965
vn -0.8494 -0.1670 -0.5007
vn 0.0061 -0.0447 -0.9990
vn 0.8644 0.0523 -0.5001
vn 0.8672 0.0270 0.4971
vn 0.0114 -0.0959 0.9953
vn -0.8475 -0.1875 0.4966
vn -0.8501 -0.1637 -0.5005
vn 0.0060 -0.0482 -0.9988
vn 0.8649 0.0434 -0.5001
vn 0.8675 0.0196 0.4970
vn 0.0114 -0.0959 0.9953
vn -0.8475 -0.1875 0.4966
vn -0.8501 -0.1637 -0.5005
vn 0.0060 -0.0483 -0.9988
vn 0.8649 0.0433 -0.5001
vn 0.8675 0.0195 0.4970
vn -0.1010 0.9947 0.0203
vn -0.1010 0.9947 0.0203
vn -0.1010 0.9947 0.0203
vn -0.1010 0.9947 0.0203
vn -0.1010 0.9947 0.0203
vn -0.1010 0.9947 0.0203
vn -0.1010 0.9947 0.0203
vn 0.1198 -0.9925 -0.0240
vn 0.1198 -0.9925 -0.0240
vn 0.1198 -0.9925 -0.0240
vn 0.1198 -0.9925 -0.0240
vn 0.1198 -0.9925 -0.0240
vn 0.1198 -0.9925 -0.0240
vn 0.1198 -0.9925 -0.0240
f 2807//2807 2808//2808 2814//2814 2813//2813
f 2808//2808 2809//2809 2815//2815 2814//2814
f 2809//2809 2810//2810 2816//2816 2815//2815
f 2810//2810 2811//2811 2817//2817 2816//2816
f 2811//2811 2812//2812 2818//2818 2817//2817
f 2812//2812 2807//2807 2813//2813 2818//2818
f 2813//2813 2814//2814 2820//2820 2819//2819
f 2814//2814 2815//2815 2821//2821 2820//2820
f 2815//2815 2816//2816 2822//2822 2821//2821
f 2816//2816 2817//2817 2823//2823 2822//2822
f 2817//2817 2818//2818 2824//2824 2823//2823
f 2818//2818 2813//2813 2819//2819 2824//2824
f 2819//2819 2820//2820 2826//2826 2825//2825
f 2820//2820 2821//2821 2827//2827 2826//2826
f 2821//2821 2822//2822 2828//2828 2827//2827
f 2822//2822 2823//2823 2829//2829 2828//2828
f 2823//2823 2824//2824 2830//2830 2829//2829
f 2824//2824 2819//2819 2825//2825 2830//2830
f 2825//2825 2826//2826 2832//2832 2831//2831
f 2826//2826 2827//2827 2833//2833 2832//2832
f 2827//2827 2828//2828 2834//2834 2833//2833
f 2828//2828 2829//2829 2835//2835 2834//2834
f 2829//2829 2830//2830 2836//2836 2835//2835
f 2830//2830 2825//2825 2831//2831 2836//2836
f 2831//2831 2832//2832 2838//2838 2837//2837
f 2832//2832 2833//2833 2839//2839 2838//2838
f 2833//2833 2834//2834 2840//2840 2839//2839
f 2834//2834 2835//2835 2841//2841 2840//2840
f 2835//2835 2836//2836 2842//2842 2841//2841
f 2836//2836 2831//2831 2837//2837 2842//2842
f 2837//2837 2838//2838 2844//2844 2843//2843
f 2838//2838 2839//2839 2845//2845 2844//2844
f 2839//2839 2840//2840 2846//2846 2845//2845
f 2840//2840 2841//2841 2847//2847 2846//2846
f 2841//2841 2842//2842 2848//2848 2847//2847
f 2842//2842 2837//2837 2843//2843 2848//2848
f 2843//2843 2844//2844 2850//2850 2849//2849
f 2844//2844 2845//2845 2851//2851 2850//2850
f 2845//2845 2846//2846 2852//2852 2851//2851
f 2846//2846 2847//2847 2853//2853 2852//2852
f 2847//2847 2848//2848 2854//2854 2853//2853
f 2848//2848 2843//2843 2849//2849 2854//2854
f 2849//2849 2850//2850 2856//2856 2855//2855
f 2850//2850 2851//2851 2857//2857 2856//2856
f 2851//2851 2852//2852 2858//2858 2857//2857
f 2852//2852 2853//2853 2859//2859 2858//2858
f 2853//2853 2854//2854 2860//2860 2859//2859
f 2854//2854 2849//2849 2855//2855 2860//2860
f 2855//2855 2856//2856 2862//2862 2861//2861
f 2856//2856 2857//2857 2863//2863 2862//2862
f 2857//2857 2858//2858 2864//2864 2863//2863
f 2858//2858 2859//2859 2865//2865 2864//2864
f 2859//2859 2860//2860 2866//2866 2865//2865
f 2860//2860 2855//2855 2861//2861 2866//2866
f 2868//2868 2873//2873 2867//2867
f 2869//2869 2873//2873 2868//2868
f 2870//2870 2873//2873 2869//2869
f 2871//2871 2873//2873 2870//2870
f 2872//2872 2873//2873 2871//2871
f 2867//2867 2873//2873 2872//2872
f 2875//2875 2880//2880 2874//2874
f 2876//2876 2880//2880 2875//2875
f 2877//2877 2880//2880 2876//2876
f 2878//2878 2880//2880 2877//2877
f 2879//2879 2880//2880 2878//2878
f 2874//2874 2880//2880 2879//2879
