# generated by a generate_*.py
mtllib flatwoods.mtl
o flatwoods_body
g part0
usemtl cloth
v 0.00000 0.02000 0.00000
v 0.00000 0.02000 0.00000
v 0.00000 0.02000 0.00000
v 0.00000 0.02000 0.00000
v 0.00000 0.02000 0.00000
v 0.00000 0.02000 0.00000
v 0.00000 0.02000 0.00000
v 0.00000 0.02000 0.00000
v 0.00000 0.02000 0.00000
v 0.00000 0.02000 0.00000
v 0.00000 0.02000 0.00000
v 0.00000 0.02000 0.00000
v 0.00000 0.02000 0.00000
v 0.00000 0.02000 -0.00000
v 0.00000 0.02000 -0.00000
v 0.00000 0.02000 -0.00000
v 0.00000 0.02000 -0.00000
v 0.00000 0.02000 -0.00000
v 0.00000 0.02000 -0.00000
v 0.00000 0.02000 -0.00000
v 0.00000 0.02000 -0.00000
v 0.00000 0.02000 -0.00000
v 0.00000 0.02000 -0.00000
v 0.00000 0.02000 -0.00000
v 0.00000 0.02000 -0.00000
v -0.00000 0.02000 -0.00000
v -0.00000 0.02000 -0.00000
v -0.00000 0.02000 -0.00000
v -0.00000 0.02000 -0.00000
v -0.00000 0.02000 -0.00000
v -0.00000 0.02000 -0.00000
v -0.00000 0.02000 -0.00000
v -0.00000 0.02000 -0.00000
v -0.00000 0.02000 -0.00000
v -0.00000 0.02000 -0.00000
v -0.00000 0.02000 -0.00000
v -0.00000 0.02000 -0.00000
v -0.00000 0.02000 0.00000
v -0.00000 0.02000 0.00000
v -0.00000 0.02000 0.00000
v -0.00000 0.02000 0.00000
v -0.00000 0.02000 0.00000
v -0.00000 0.02000 0.00000
v -0.00000 0.02000 0.00000
v -0.00000 0.02000 0.00000
v -0.00000 0.02000 0.00000
v -0.00000 0.02000 0.00000
v -0.00000 0.02000 0.00000
v 0.00000 0.00000 0.65720
v 0.07967 0.00000 0.60515
v 0.15213 0.00000 0.56776
v 0.24733 0.00000 0.59711
v 0.31930 0.00000 0.55304
v 0.35556 0.00000 0.46337
v 0.43841 0.00000 0.43841
v 0.52039 0.00000 0.39931
v 0.52083 0.00000 0.30070
v 0.54850 0.00000 0.22720
v 0.62999 0.00000 0.16881
v 0.62424 0.00000 0.08218
v 0.58280 0.00000 0.00000
v 0.62424 0.00000 -0.08218
v 0.62999 0.00000 -0.16881
v 0.54850 0.00000 -0.22720
v 0.52083 0.00000 -0.30070
v 0.52039 0.00000 -0.39931
v 0.43841 0.00000 -0.43841
v 0.35556 0.00000 -0.46337
v 0.31930 0.00000 -0.55304
v 0.24733 0.00000 -0.59711
v 0.15213 0.00000 -0.56776
v 0.07967 0.00000 -0.60515
v 0.00000 0.00000 -0.65720
v -0.07967 0.00000 -0.60515
v -0.15213 0.00000 -0.56776
v -0.24733 0.00000 -0.59711
v -0.31930 0.00000 -0.55304
v -0.35556 0.00000 -0.46337
v -0.43841 0.00000 -0.43841
v -0.52039 0.00000 -0.39931
v -0.52083 0.00000 -0.30070
v -0.54850 0.00000 -0.22720
v -0.62999 0.00000 -0.16881
v -0.62424 0.00000 -0.08218
v -0.58280 0.00000 -0.00000
v -0.62424 0.00000 0.08218
v -0.62999 0.00000 0.16881
v -0.54850 0.00000 0.22720
v -0.52083 0.00000 0.30070
v -0.52039 0.00000 0.39931
v -0.43841 0.00000 0.43841
v -0.35556 0.00000 0.46337
v -0.31930 0.00000 0.55304
v -0.24733 0.00000 0.59711
v -0.15213 0.00000 0.56776
v -0.07967 0.00000 0.60515
v 0.00000 0.15000 0.63600
v 0.07710 0.15000 0.58563
v 0.14722 0.15000 0.54944
v 0.23935 0.15000 0.57785
v 0.30900 0.15000 0.53520
v 0.34409 0.15000 0.44842
v 0.42426 0.15000 0.42426
v 0.50360 0.15000 0.38643
v 0.50403 0.15000 0.29100
v 0.53081 0.15000 0.21987
v 0.60967 0.15000 0.16336
v 0.60410 0.15000 0.07953
v 0.56400 0.15000 0.00000
v 0.60410 0.15000 -0.07953
v 0.60967 0.15000 -0.16336
v 0.53081 0.15000 -0.21987
v 0.50403 0.15000 -0.29100
v 0.50360 0.15000 -0.38643
v 0.42426 0.15000 -0.42426
v 0.34409 0.15000 -0.44842
v 0.30900 0.15000 -0.53520
v 0.23935 0.15000 -0.57785
v 0.14722 0.15000 -0.54944
v 0.07710 0.15000 -0.58563
v 0.00000 0.15000 -0.63600
v -0.07710 0.15000 -0.58563
v -0.14722 0.15000 -0.54944
v -0.23935 0.15000 -0.57785
v -0.30900 0.15000 -0.53520
v -0.34409 0.15000 -0.44842
v -0.42426 0.15000 -0.42426
v -0.50360 0.15000 -0.38643
v -0.50403 0.15000 -0.29100
v -0.53081 0.15000 -0.21987
v -0.60967 0.15000 -0.16336
v -0.60410 0.15000 -0.07953
v -0.56400 0.15000 -0.00000
v -0.60410 0.15000 0.07953
v -0.60967 0.15000 0.16336
v -0.53081 0.15000 0.21987
v -0.50403 0.15000 0.29100
v -0.50360 0.15000 0.38643
v -0.42426 0.15000 0.42426
v -0.34409 0.15000 0.44842
v -0.30900 0.15000 0.53520
v -0.23935 0.15000 0.57785
v -0.14722 0.15000 0.54944
v -0.07710 0.15000 0.58563
v 0.00000 0.60000 0.55120
v 0.06682 0.60000 0.50755
v 0.12759 0.60000 0.47618
v 0.20744 0.60000 0.50080
v 0.26780 0.60000 0.46384
v 0.29821 0.60000 0.38863
v 0.36770 0.60000 0.36770
v 0.43645 0.60000 0.33490
v 0.43682 0.60000 0.25220
v 0.46003 0.60000 0.19055
v 0.52838 0.60000 0.14158
v 0.52356 0.60000 0.06893
v 0.48880 0.60000 0.00000
v 0.52356 0.60000 -0.06893
v 0.52838 0.60000 -0.14158
v 0.46003 0.60000 -0.19055
v 0.43682 0.60000 -0.25220
v 0.43645 0.60000 -0.33490
v 0.36770 0.60000 -0.36770
v 0.29821 0.60000 -0.38863
v 0.26780 0.60000 -0.46384
v 0.20744 0.60000 -0.50080
v 0.12759 0.60000 -0.47618
v 0.06682 0.60000 -0.50755
v 0.00000 0.60000 -0.55120
v -0.06682 0.60000 -0.50755
v -0.12759 0.60000 -0.47618
v -0.20744 0.60000 -0.50080
v -0.26780 0.60000 -0.46384
v -0.29821 0.60000 -0.38863
v -0.36770 0.60000 -0.36770
v -0.43645 0.60000 -0.33490
v -0.43682 0.60000 -0.25220
v -0.46003 0.60000 -0.19055
v -0.52838 0.60000 -0.14158
v -0.52356 0.60000 -0.06893
v -0.48880 0.60000 -0.00000
v -0.52356 0.60000 0.06893
v -0.52838 0.60000 0.14158
v -0.46003 0.60000 0.19055
v -0.43682 0.60000 0.25220
v -0.43645 0.60000 0.33490
v -0.36770 0.60000 0.36770
v -0.29821 0.60000 0.38863
v -0.26780 0.60000 0.46384
v -0.20744 0.60000 0.50080
v -0.12759 0.60000 0.47618
v -0.06682 0.60000 0.50755
v 0.00000 1.00000 0.44520
v 0.05397 1.00000 0.40994
v 0.10306 1.00000 0.38461
v 0.16755 1.00000 0.40449
v 0.21630 1.00000 0.37464
v 0.24086 1.00000 0.31390
v 0.29698 1.00000 0.29698
v 0.35252 1.00000 0.27050
v 0.35282 1.00000 0.20370
v 0.37157 1.00000 0.15391
v 0.42677 1.00000 0.11435
v 0.42287 1.00000 0.05567
v 0.39480 1.00000 0.00000
v 0.42287 1.00000 -0.05567
v 0.42677 1.00000 -0.11435
v 0.37157 1.00000 -0.15391
v 0.35282 1.00000 -0.20370
v 0.35252 1.00000 -0.27050
v 0.29698 1.00000 -0.29698
v 0.24086 1.00000 -0.31390
v 0.21630 1.00000 -0.37464
v 0.16755 1.00000 -0.40449
v 0.10306 1.00000 -0.38461
v 0.05397 1.00000 -0.40994
v 0.00000 1.00000 -0.44520
v -0.05397 1.00000 -0.40994
v -0.10306 1.00000 -0.38461
v -0.16755 1.00000 -0.40449
v -0.21630 1.00000 -0.37464
v -0.24086 1.00000 -0.31390
v -0.29698 1.00000 -0.29698
v -0.35252 1.00000 -0.27050
v -0.35282 1.00000 -0.20370
v -0.37157 1.00000 -0.15391
v -0.42677 1.00000 -0.11435
v -0.42287 1.00000 -0.05567
v -0.39480 1.00000 -0.00000
v -0.42287 1.00000 0.05567
v -0.42677 1.00000 0.11435
v -0.37157 1.00000 0.15391
v -0.35282 1.00000 0.20370
v -0.35252 1.00000 0.27050
v -0.29698 1.00000 0.29698
v -0.24086 1.00000 0.31390
v -0.21630 1.00000 0.37464
v -0.16755 1.00000 0.40449
v -0.10306 1.00000 0.38461
v -0.05397 1.00000 0.40994
v 0.00000 1.30000 0.34980
v 0.04240 1.30000 0.32210
v 0.08097 1.30000 0.30219
v 0.13164 1.30000 0.31782
v 0.16995 1.30000 0.29436
v 0.18925 1.30000 0.24663
v 0.23335 1.30000 0.23335
v 0.27698 1.30000 0.21253
v 0.27721 1.30000 0.16005
v 0.29195 1.30000 0.12093
v 0.33532 1.30000 0.08985
v 0.33226 1.30000 0.04374
v 0.31020 1.30000 0.00000
v 0.33226 1.30000 -0.04374
v 0.33532 1.30000 -0.08985
v 0.29195 1.30000 -0.12093
v 0.27721 1.30000 -0.16005
v 0.27698 1.30000 -0.21253
v 0.23335 1.30000 -0.23335
v 0.18925 1.30000 -0.24663
v 0.16995 1.30000 -0.29436
v 0.13164 1.30000 -0.31782
v 0.08097 1.30000 -0.30219
v 0.04240 1.30000 -0.32210
v 0.00000 1.30000 -0.34980
v -0.04240 1.30000 -0.32210
v -0.08097 1.30000 -0.30219
v -0.13164 1.30000 -0.31782
v -0.16995 1.30000 -0.29436
v -0.18925 1.30000 -0.24663
v -0.23335 1.30000 -0.23335
v -0.27698 1.30000 -0.21253
v -0.27721 1.30000 -0.16005
v -0.29195 1.30000 -0.12093
v -0.33532 1.30000 -0.08985
v -0.33226 1.30000 -0.04374
v -0.31020 1.30000 -0.00000
v -0.33226 1.30000 0.04374
v -0.33532 1.30000 0.08985
v -0.29195 1.30000 0.12093
v -0.27721 1.30000 0.16005
v -0.27698 1.30000 0.21253
v -0.23335 1.30000 0.23335
v -0.18925 1.30000 0.24663
v -0.16995 1.30000 0.29436
v -0.13164 1.30000 0.31782
v -0.08097 1.30000 0.30219
v -0.04240 1.30000 0.32210
vn -0.0000 -0.9995 -0.0322
vn -0.0042 -0.9995 -0.0320
vn -0.0083 -0.9995 -0.0311
vn -0.0123 -0.9995 -0.0298
vn -0.0161 -0.9995 -0.0279
vn -0.0196 -0.9995 -0.0256
vn -0.0228 -0.9995 -0.0228
vn -0.0256 -0.9995 -0.0196
vn -0.0279 -0.9995 -0.0161
vn -0.0298 -0.9995 -0.0123
vn -0.0311 -0.9995 -0.0083
vn -0.0320 -0.9995 -0.0042
vn -0.0322 -0.9995 -0.0000
vn -0.0320 -0.9995 0.0042
vn -0.0311 -0.9995 0.0083
vn -0.0298 -0.9995 0.0123
vn -0.0279 -0.9995 0.0161
vn -0.0256 -0.9995 0.0196
vn -0.0228 -0.9995 0.0228
vn -0.0196 -0.9995 0.0256
vn -0.0161 -0.9995 0.0279
vn -0.0123 -0.9995 0.0298
vn -0.0083 -0.9995 0.0311
vn -0.0042 -0.9995 0.0320
vn -0.0000 -0.9995 0.0322
vn 0.0042 -0.9995 0.0320
vn 0.0083 -0.9995 0.0311
vn 0.0123 -0.9995 0.0298
vn 0.0161 -0.9995 0.0279
vn 0.0196 -0.9995 0.0256
vn 0.0228 -0.9995 0.0228
vn 0.0256 -0.9995 0.0196
vn 0.0279 -0.9995 0.0161
vn 0.0298 -0.9995 0.0123
vn 0.0311 -0.9995 0.0083
vn 0.0320 -0.9995 0.0042
vn 0.0322 -0.9995 0.0000
vn 0.0320 -0.9995 -0.0042
vn 0.0311 -0.9995 -0.0083
vn 0.0298 -0.9995 -0.0123
vn 0.0279 -0.9995 -0.0161
vn 0.0256 -0.9995 -0.0196
vn 0.0228 -0.9995 -0.0228
vn 0.0196 -0.9995 -0.0256
vn 0.0161 -0.9995 -0.0279
vn 0.0123 -0.9995 -0.0298
vn 0.0083 -0.9995 -0.0311
vn 0.0042 -0.9995 -0.0320
vn 0.0000 -0.9773 0.2118
vn 0.0276 -0.9773 0.2099
vn 0.0548 -0.9773 0.2045
vn 0.0810 -0.9773 0.1956
vn 0.1059 -0.9773 0.1834
vn 0.1289 -0.9773 0.1680
vn 0.1497 -0.9773 0.1497
vn 0.1680 -0.9773 0.1289
vn 0.1834 -0.9773 0.1059
vn 0.1956 -0.9773 0.0810
vn 0.2045 -0.9773 0.0548
vn 0.2099 -0.9773 0.0276
vn 0.2118 -0.9773 0.0000
vn 0.2099 -0.9773 -0.0276
vn 0.2045 -0.9773 -0.0548
vn 0.1956 -0.9773 -0.0810
vn 0.1834 -0.9773 -0.1059
vn 0.1680 -0.9773 -0.1289
vn 0.1497 -0.9773 -0.1497
vn 0.1289 -0.9773 -0.1680
vn 0.1059 -0.9773 -0.1834
vn 0.0810 -0.9773 -0.1956
vn 0.0548 -0.9773 -0.2045
vn 0.0276 -0.9773 -0.2099
vn 0.0000 -0.9773 -0.2118
vn -0.0276 -0.9773 -0.2099
vn -0.0548 -0.9773 -0.2045
vn -0.0810 -0.9773 -0.1956
vn -0.1059 -0.9773 -0.1834
vn -0.1289 -0.9773 -0.1680
vn -0.1497 -0.9773 -0.1497
vn -0.1680 -0.9773 -0.1289
vn -0.1834 -0.9773 -0.1059
vn -0.1956 -0.9773 -0.0810
vn -0.2045 -0.9773 -0.0548
vn -0.2099 -0.9773 -0.0276
vn -0.2118 -0.9773 -0.0000
vn -0.2099 -0.9773 0.0276
vn -0.2045 -0.9773 0.0548
vn -0.1956 -0.9773 0.0810
vn -0.1834 -0.9773 0.1059
vn -0.1680 -0.9773 0.1289
vn -0.1497 -0.9773 0.1497
vn -0.1289 -0.9773 0.1680
vn -0.1059 -0.9773 0.1834
vn -0.0810 -0.9773 0.1956
vn -0.0548 -0.9773 0.2045
vn -0.0276 -0.9773 0.2099
vn 0.0000 0.1644 0.9864
vn 0.1288 0.1644 0.9780
vn 0.2553 0.1644 0.9528
vn 0.3775 0.1644 0.9113
vn 0.4932 0.1644 0.8542
vn 0.6005 0.1644 0.7826
vn 0.6975 0.1644 0.6975
vn 0.7826 0.1644 0.6005
vn 0.8542 0.1644 0.4932
vn 0.9113 0.1644 0.3775
vn 0.9528 0.1644 0.2553
vn 0.9780 0.1644 0.1288
vn 0.9864 0.1644 0.0000
vn 0.9780 0.1644 -0.1288
vn 0.9528 0.1644 -0.2553
vn 0.9113 0.1644 -0.3775
vn 0.8542 0.1644 -0.4932
vn 0.7826 0.1644 -0.6005
vn 0.6975 0.1644 -0.6975
vn 0.6005 0.1644 -0.7826
vn 0.4932 0.1644 -0.8542
vn 0.3775 0.1644 -0.9113
vn 0.2553 0.1644 -0.9528
vn 0.1288 0.1644 -0.9780
vn 0.0000 0.1644 -0.9864
vn -0.1288 0.1644 -0.9780
vn -0.2553 0.1644 -0.9528
vn -0.3775 0.1644 -0.9113
vn -0.4932 0.1644 -0.8542
vn -0.6005 0.1644 -0.7826
vn -0.6975 0.1644 -0.6975
vn -0.7826 0.1644 -0.6005
vn -0.8542 0.1644 -0.4932
vn -0.9113 0.1644 -0.3775
vn -0.9528 0.1644 -0.2553
vn -0.9780 0.1644 -0.1288
vn -0.9864 0.1644 -0.0000
vn -0.9780 0.1644 0.1288
vn -0.9528 0.1644 0.2553
vn -0.9113 0.1644 0.3775
vn -0.8542 0.1644 0.4932
vn -0.7826 0.1644 0.6005
vn -0.6975 0.1644 0.6975
vn -0.6005 0.1644 0.7826
vn -0.4932 0.1644 0.8542
vn -0.3775 0.1644 0.9113
vn -0.2553 0.1644 0.9528
vn -0.1288 0.1644 0.9780
vn 0.0000 0.2072 0.9783
vn 0.1277 0.2072 0.9699
vn 0.2532 0.2072 0.9450
vn 0.3744 0.2072 0.9038
vn 0.4892 0.2072 0.8472
vn 0.5956 0.2072 0.7761
vn 0.6918 0.2072 0.6918
vn 0.7761 0.2072 0.5956
vn 0.8472 0.2072 0.4892
vn 0.9038 0.2072 0.3744
vn 0.9450 0.2072 0.2532
vn 0.9699 0.2072 0.1277
vn 0.9783 0.2072 0.0000
vn 0.9699 0.2072 -0.1277
vn 0.9450 0.2072 -0.2532
vn 0.9038 0.2072 -0.3744
vn 0.8472 0.2072 -0.4892
vn 0.7761 0.2072 -0.5956
vn 0.6918 0.2072 -0.6918
vn 0.5956 0.2072 -0.7761
vn 0.4892 0.2072 -0.8472
vn 0.3744 0.2072 -0.9038
vn 0.2532 0.2072 -0.9450
vn 0.1277 0.2072 -0.9699
vn 0.0000 0.2072 -0.9783
vn -0.1277 0.2072 -0.9699
vn -0.2532 0.2072 -0.9450
vn -0.3744 0.2072 -0.9038
vn -0.4892 0.2072 -0.8472
vn -0.5956 0.2072 -0.7761
vn -0.6918 0.2072 -0.6918
vn -0.7761 0.2072 -0.5956
vn -0.8472 0.2072 -0.4892
vn -0.9038 0.2072 -0.3744
vn -0.9450 0.2072 -0.2532
vn -0.9699 0.2072 -0.1277
vn -0.9783 0.2072 -0.0000
vn -0.9699 0.2072 0.1277
vn -0.9450 0.2072 0.2532
vn -0.9038 0.2072 0.3744
vn -0.8472 0.2072 0.4892
vn -0.7761 0.2072 0.5956
vn -0.6918 0.2072 0.6918
vn -0.5956 0.2072 0.7761
vn -0.4892 0.2072 0.8472
vn -0.3744 0.2072 0.9038
vn -0.2532 0.2072 0.9450
vn -0.1277 0.2072 0.9699
vn 0.0000 0.2620 0.9651
vn 0.1260 0.2620 0.9568
vn 0.2498 0.2620 0.9322
vn 0.3693 0.2620 0.8916
vn 0.4825 0.2620 0.8358
vn 0.5875 0.2620 0.7657
vn 0.6824 0.2620 0.6824
vn 0.7657 0.2620 0.5875
vn 0.8358 0.2620 0.4825
vn 0.8916 0.2620 0.3693
vn 0.9322 0.2620 0.2498
vn 0.9568 0.2620 0.1260
vn 0.9651 0.2620 0.0000
vn 0.9568 0.2620 -0.1260
vn 0.9322 0.2620 -0.2498
vn 0.8916 0.2620 -0.3693
vn 0.8358 0.2620 -0.4825
vn 0.7657 0.2620 -0.5875
vn 0.6824 0.2620 -0.6824
vn 0.5875 0.2620 -0.7657
vn 0.4825 0.2620 -0.8358
vn 0.3693 0.2620 -0.8916
vn 0.2498 0.2620 -0.9322
vn 0.1260 0.2620 -0.9568
vn 0.0000 0.2620 -0.9651
vn -0.1260 0.2620 -0.9568
vn -0.2498 0.2620 -0.9322
vn -0.3693 0.2620 -0.8916
vn -0.4825 0.2620 -0.8358
vn -0.5875 0.2620 -0.7657
vn -0.6824 0.2620 -0.6824
vn -0.7657 0.2620 -0.5875
vn -0.8358 0.2620 -0.4825
vn -0.8916 0.2620 -0.3693
vn -0.9322 0.2620 -0.2498
vn -0.9568 0.2620 -0.1260
vn -0.9651 0.2620 -0.0000
vn -0.9568 0.2620 0.1260
vn -0.9322 0.2620 0.2498
vn -0.8916 0.2620 0.3693
vn -0.8358 0.2620 0.4825
vn -0.7657 0.2620 0.5875
vn -0.6824 0.2620 0.6824
vn -0.5875 0.2620 0.7657
vn -0.4825 0.2620 0.8358
vn -0.3693 0.2620 0.8916
vn -0.2498 0.2620 0.9322
vn -0.1260 0.2620 0.9568
vn 0.0000 0.2873 0.9578
vn 0.1250 0.2873 0.9496
vn 0.2479 0.2873 0.9252
vn 0.3665 0.2873 0.8849
vn 0.4789 0.2873 0.8295
vn 0.5831 0.2873 0.7599
vn 0.6773 0.2873 0.6773
vn 0.7599 0.2873 0.5831
vn 0.8295 0.2873 0.4789
vn 0.8849 0.2873 0.3665
vn 0.9252 0.2873 0.2479
vn 0.9496 0.2873 0.1250
vn 0.9578 0.2873 0.0000
vn 0.9496 0.2873 -0.1250
vn 0.9252 0.2873 -0.2479
vn 0.8849 0.2873 -0.3665
vn 0.8295 0.2873 -0.4789
vn 0.7599 0.2873 -0.5831
vn 0.6773 0.2873 -0.6773
vn 0.5831 0.2873 -0.7599
vn 0.4789 0.2873 -0.8295
vn 0.3665 0.2873 -0.8849
vn 0.2479 0.2873 -0.9252
vn 0.1250 0.2873 -0.9496
vn 0.0000 0.2873 -0.9578
vn -0.1250 0.2873 -0.9496
vn -0.2479 0.2873 -0.9252
vn -0.3665 0.2873 -0.8849
vn -0.4789 0.2873 -0.8295
vn -0.5831 0.2873 -0.7599
vn -0.6773 0.2873 -0.6773
vn -0.7599 0.2873 -0.5831
vn -0.8295 0.2873 -0.4789
vn -0.8849 0.2873 -0.3665
vn -0.9252 0.2873 -0.2479
vn -0.9496 0.2873 -0.1250
vn -0.9578 0.2873 -0.0000
vn -0.9496 0.2873 0.1250
vn -0.9252 0.2873 0.2479
vn -0.8849 0.2873 0.3665
vn -0.8295 0.2873 0.4789
vn -0.7599 0.2873 0.5831
vn -0.6773 0.2873 0.6773
vn -0.5831 0.2873 0.7599
vn -0.4789 0.2873 0.8295
vn -0.3665 0.2873 0.8849
vn -0.2479 0.2873 0.9252
vn -0.1250 0.2873 0.9496
f 1//1 2//2 50//50 49//49
f 2//2 3//3 51//51 50//50
f 3//3 4//4 52//52 51//51
f 4//4 5//5 53//53 52//52
f 5//5 6//6 54//54 53//53
f 6//6 7//7 55//55 54//54
f 7//7 8//8 56//56 55//55
f 8//8 9//9 57//57 56//56
f 9//9 10//10 58//58 57//57
f 10//10 11//11 59//59 58//58
f 11//11 12//12 60//60 59//59
f 12//12 13//13 61//61 60//60
f 13//13 14//14 62//62 61//61
f 14//14 15//15 63//63 62//62
f 15//15 16//16 64//64 63//63
f 16//16 17//17 65//65 64//64
f 17//17 18//18 66//66 65//65
f 18//18 19//19 67//67 66//66
f 19//19 20//20 68//68 67//67
f 20//20 21//21 69//69 68//68
f 21//21 22//22 70//70 69//69
f 22//22 23//23 71//71 70//70
f 23//23 24//24 72//72 71//71
f 24//24 25//25 73//73 72//72
f 25//25 26//26 74//74 73//73
f 26//26 27//27 75//75 74//74
f 27//27 28//28 76//76 75//75
f 28//28 29//29 77//77 76//76
f 29//29 30//30 78//78 77//77
f 30//30 31//31 79//79 78//78
f 31//31 32//32 80//80 79//79
f 32//32 33//33 81//81 80//80
f 33//33 34//34 82//82 81//81
f 34//34 35//35 83//83 82//82
f 35//35 36//36 84//84 83//83
f 36//36 37//37 85//85 84//84
f 37//37 38//38 86//86 85//85
f 38//38 39//39 87//87 86//86
f 39//39 40//40 88//88 87//87
f 40//40 41//41 89//89 88//88
f 41//41 42//42 90//90 89//89
f 42//42 43//43 91//91 90//90
f 43//43 44//44 92//92 91//91
f 44//44 45//45 93//93 92//92
f 45//45 46//46 94//94 93//93
f 46//46 47//47 95//95 94//94
f 47//47 48//48 96//96 95//95
f 48//48 1//1 49//49 96//96
f 49//49 50//50 98//98 97//97
f 50//50 51//51 99//99 98//98
f 51//51 52//52 100//100 99//99
f 52//52 53//53 101//101 100//100
f 53//53 54//54 102//102 101//101
f 54//54 55//55 103//103 102//102
f 55//55 56//56 104//104 103//103
f 56//56 57//57 105//105 104//104
f 57//57 58//58 106//106 105//105
f 58//58 59//59 107//107 106//106
f 59//59 60//60 108//108 107//107
f 60//60 61//61 109//109 108//108
f 61//61 62//62 110//110 109//109
f 62//62 63//63 111//111 110//110
f 63//63 64//64 112//112 111//111
f 64//64 65//65 113//113 112//112
f 65//65 66//66 114//114 113//113
f 66//66 67//67 115//115 114//114
f 67//67 68//68 116//116 115//115
f 68//68 69//69 117//117 116//116
f 69//69 70//70 118//118 117//117
f 70//70 71//71 119//119 118//118
f 71//71 72//72 120//120 119//119
f 72//72 73//73 121//121 120//120
f 73//73 74//74 122//122 121//121
f 74//74 75//75 123//123 122//122
f 75//75 76//76 124//124 123//123
f 76//76 77//77 125//125 124//124
f 77//77 78//78 126//126 125//125
f 78//78 79//79 127//127 126//126
f 79//79 80//80 128//128 127//127
f 80//80 81//81 129//129 128//128
f 81//81 82//82 130//130 129//129
f 82//82 83//83 131//131 130//130
f 83//83 84//84 132//132 131//131
f 84//84 85//85 133//133 132//132
f 85//85 86//86 134//134 133//133
f 86//86 87//87 135//135 134//134
f 87//87 88//88 136//136 135//135
f 88//88 89//89 137//137 136//136
f 89//89 90//90 138//138 137//137
f 90//90 91//91 139//139 138//138
f 91//91 92//92 140//140 139//139
f 92//92 93//93 141//141 140//140
f 93//93 94//94 142//142 141//141
f 94//94 95//95 143//143 142//142
f 95//95 96//96 144//144 143//143
f 96//96 49//49 97//97 144//144
f 97//97 98//98 146//146 145//145
f 98//98 99//99 147//147 146//146
f 99//99 100//100 148//148 147//147
f 100//100 101//101 149//149 148//148
f 101//101 102//102 150//150 149//149
f 102//102 103//103 151//151 150//150
f 103//103 104//104 152//152 151//151
f 104//104 105//105 153//153 152//152
f 105//105 106//106 154//154 153//153
f 106//106 107//107 155//155 154//154
f 107//107 108//108 156//156 155//155
f 108//108 109//109 157//157 156//156
f 109//109 110//110 158//158 157//157
f 110//110 111//111 159//159 158//158
f 111//111 112//112 160//160 159//159
f 112//112 113//113 161//161 160//160
f 113//113 114//114 162//162 161//161
f 114//114 115//115 163//163 162//162
f 115//115 116//116 164//164 163//163
f 116//116 117//117 165//165 164//164
f 117//117 118//118 166//166 165//165
f 118//118 119//119 167//167 166//166
f 119//119 120//120 168//168 167//167
f 120//120 121//121 169//169 168//168
f 121//121 122//122 170//170 169//169
f 122//122 123//123 171//171 170//170
f 123//123 124//124 172//172 171//171
f 124//124 125//125 173//173 172//172
f 125//125 126//126 174//174 173//173
f 126//126 127//127 175//175 174//174
f 127//127 128//128 176//176 175//175
f 128//128 129//129 177//177 176//176
f 129//129 130//130 178//178 177//177
f 130//130 131//131 179//179 178//178
f 131//131 132//132 180//180 179//179
f 132//132 133//133 181//181 180//180
f 133//133 134//134 182//182 181//181
f 134//134 135//135 183//183 182//182
f 135//135 136//136 184//184 183//183
f 136//136 137//137 185//185 184//184
f 137//137 138//138 186//186 185//185
f 138//138 139//139 187//187 186//186
f 139//139 140//140 188//188 187//187
f 140//140 141//141 189//189 188//188
f 141//141 142//142 190//190 189//189
f 142//142 143//143 191//191 190//190
f 143//143 144//144 192//192 191//191
f 144//144 97//97 145//145 192//192
f 145//145 146//146 194//194 193//193
f 146//146 147//147 195//195 194//194
f 147//147 148//148 196//196 195//195
f 148//148 149//149 197//197 196//196
f 149//149 150//150 198//198 197//197
f 150//150 151//151 199//199 198//198
f 151//151 152//152 200//200 199//199
f 152//152 153//153 201//201 200//200
f 153//153 154//154 202//202 201//201
f 154//154 155//155 203//203 202//202
f 155//155 156//156 204//204 203//203
f 156//156 157//157 205//205 204//204
f 157//157 158//158 206//206 205//205
f 158//158 159//159 207//207 206//206
f 159//159 160//160 208//208 207//207
f 160//160 161//161 209//209 208//208
f 161//161 162//162 210//210 209//209
f 162//162 163//163 211//211 210//210
f 163//163 164//164 212//212 211//211
f 164//164 165//165 213//213 212//212
f 165//165 166//166 214//214 213//213
f 166//166 167//167 215//215 214//214
f 167//167 168//168 216//216 215//215
f 168//168 169//169 217//217 216//216
f 169//169 170//170 218//218 217//217
f 170//170 171//171 219//219 218//218
f 171//171 172//172 220//220 219//219
f 172//172 173//173 221//221 220//220
f 173//173 174//174 222//222 221//221
f 174//174 175//175 223//223 222//222
f 175//175 176//176 224//224 223//223
f 176//176 177//177 225//225 224//224
f 177//177 178//178 226//226 225//225
f 178//178 179//179 227//227 226//226
f 179//179 180//180 228//228 227//227
f 180//180 181//181 229//229 228//228
f 181//181 182//182 230//230 229//229
f 182//182 183//183 231//231 230//230
f 183//183 184//184 232//232 231//231
f 184//184 185//185 233//233 232//232
f 185//185 186//186 234//234 233//233
f 186//186 187//187 235//235 234//234
f 187//187 188//188 236//236 235//235
f 188//188 189//189 237//237 236//236
f 189//189 190//190 238//238 237//237
f 190//190 191//191 239//239 238//238
f 191//191 192//192 240//240 239//239
f 192//192 145//145 193//193 240//240
f 193//193 194//194 242//242 241//241
f 194//194 195//195 243//243 242//242
f 195//195 196//196 244//244 243//243
f 196//196 197//197 245//245 244//244
f 197//197 198//198 246//246 245//245
f 198//198 199//199 247//247 246//246
f 199//199 200//200 248//248 247//247
f 200//200 201//201 249//249 248//248
f 201//201 202//202 250//250 249//249
f 202//202 203//203 251//251 250//250
f 203//203 204//204 252//252 251//251
f 204//204 205//205 253//253 252//252
f 205//205 206//206 254//254 253//253
f 206//206 207//207 255//255 254//254
f 207//207 208//208 256//256 255//255
f 208//208 209//209 257//257 256//256
f 209//209 210//210 258//258 257//257
f 210//210 211//211 259//259 258//258
f 211//211 212//212 260//260 259//259
f 212//212 213//213 261//261 260//260
f 213//213 214//214 262//262 261//261
f 214//214 215//215 263//263 262//262
f 215//215 216//216 264//264 263//263
f 216//216 217//217 265//265 264//264
f 217//217 218//218 266//266 265//265
f 218//218 219//219 267//267 266//266
f 219//219 220//220 268//268 267//267
f 220//220 221//221 269//269 268//268
f 221//221 222//222 270//270 269//269
f 222//222 223//223 271//271 270//270
f 223//223 224//224 272//272 271//271
f 224//224 225//225 273//273 272//272
f 225//225 226//226 274//274 273//273
f 226//226 227//227 275//275 274//274
f 227//227 228//228 276//276 275//275
f 228//228 229//229 277//277 276//276
f 229//229 230//230 278//278 277//277
f 230//230 231//231 279//279 278//278
f 231//231 232//232 280//280 279//279
f 232//232 233//233 281//281 280//280
f 233//233 234//234 282//282 281//281
f 234//234 235//235 283//283 282//282
f 235//235 236//236 284//284 283//283
f 236//236 237//237 285//285 284//284
f 237//237 238//238 286//286 285//285
f 238//238 239//239 287//287 286//286
f 239//239 240//240 288//288 287//287
f 240//240 193//193 241//241 288//288
g part1
usemtl metal
v 0.00000 1.27000 0.34000
v 0.04438 1.27000 0.33709
v 0.08800 1.27000 0.32841
v 0.13011 1.27000 0.31412
v 0.17000 1.27000 0.29445
v 0.20698 1.27000 0.26974
v 0.24042 1.27000 0.24042
v 0.26974 1.27000 0.20698
v 0.29445 1.27000 0.17000
v 0.31412 1.27000 0.13011
v 0.32841 1.27000 0.08800
v 0.33709 1.27000 0.04438
v 0.34000 1.27000 0.00000
v 0.33709 1.27000 -0.04438
v 0.32841 1.27000 -0.08800
v 0.31412 1.27000 -0.13011
v 0.29445 1.27000 -0.17000
v 0.26974 1.27000 -0.20698
v 0.24042 1.27000 -0.24042
v 0.20698 1.27000 -0.26974
v 0.17000 1.27000 -0.29445
v 0.13011 1.27000 -0.31412
v 0.08800 1.27000 -0.32841
v 0.04438 1.27000 -0.33709
v 0.00000 1.27000 -0.34000
v -0.04438 1.27000 -0.33709
v -0.08800 1.27000 -0.32841
v -0.13011 1.27000 -0.31412
v -0.17000 1.27000 -0.29445
v -0.20698 1.27000 -0.26974
v -0.24042 1.27000 -0.24042
v -0.26974 1.27000 -0.20698
v -0.29445 1.27000 -0.17000
v -0.31412 1.27000 -0.13011
v -0.32841 1.27000 -0.08800
v -0.33709 1.27000 -0.04438
v -0.34000 1.27000 -0.00000
v -0.33709 1.27000 0.04438
v -0.32841 1.27000 0.08800
v -0.31412 1.27000 0.13011
v -0.29445 1.27000 0.17000
v -0.26974 1.27000 0.20698
v -0.24042 1.27000 0.24042
v -0.20698 1.27000 0.26974
v -0.17000 1.27000 0.29445
v -0.13011 1.27000 0.31412
v -0.08800 1.27000 0.32841
v -0.04438 1.27000 0.33709
v 0.00000 1.50000 0.38000
v 0.04960 1.50000 0.37675
v 0.09835 1.50000 0.36705
v 0.14542 1.50000 0.35107
v 0.19000 1.50000 0.32909
v 0.23133 1.50000 0.30147
v 0.26870 1.50000 0.26870
v 0.30147 1.50000 0.23133
v 0.32909 1.50000 0.19000
v 0.35107 1.50000 0.14542
v 0.36705 1.50000 0.09835
v 0.37675 1.50000 0.04960
v 0.38000 1.50000 0.00000
v 0.37675 1.50000 -0.04960
v 0.36705 1.50000 -0.09835
v 0.35107 1.50000 -0.14542
v 0.32909 1.50000 -0.19000
v 0.30147 1.50000 -0.23133
v 0.26870 1.50000 -0.26870
v 0.23133 1.50000 -0.30147
v 0.19000 1.50000 -0.32909
v 0.14542 1.50000 -0.35107
v 0.09835 1.50000 -0.36705
v 0.04960 1.50000 -0.37675
v 0.00000 1.50000 -0.38000
v -0.04960 1.50000 -0.37675
v -0.09835 1.50000 -0.36705
v -0.14542 1.50000 -0.35107
v -0.19000 1.50000 -0.32909
v -0.23133 1.50000 -0.30147
v -0.26870 1.50000 -0.26870
v -0.30147 1.50000 -0.23133
v -0.32909 1.50000 -0.19000
v -0.35107 1.50000 -0.14542
v -0.36705 1.50000 -0.09835
v -0.37675 1.50000 -0.04960
v -0.38000 1.50000 -0.00000
v -0.37675 1.50000 0.04960
v -0.36705 1.50000 0.09835
v -0.35107 1.50000 0.14542
v -0.32909 1.50000 0.19000
v -0.30147 1.50000 0.23133
v -0.26870 1.50000 0.26870
v -0.23133 1.50000 0.30147
v -0.19000 1.50000 0.32909
v -0.14542 1.50000 0.35107
v -0.09835 1.50000 0.36705
v -0.04960 1.50000 0.37675
v 0.00000 1.70000 0.40000
v 0.05221 1.70000 0.39658
v 0.10353 1.70000 0.38637
v 0.15307 1.70000 0.36955
v 0.20000 1.70000 0.34641
v 0.24350 1.70000 0.31734
v 0.28284 1.70000 0.28284
v 0.31734 1.70000 0.24350
v 0.34641 1.70000 0.20000
v 0.36955 1.70000 0.15307
v 0.38637 1.70000 0.10353
v 0.39658 1.70000 0.05221
v 0.40000 1.70000 0.00000
v 0.39658 1.70000 -0.05221
v 0.38637 1.70000 -0.10353
v 0.36955 1.70000 -0.15307
v 0.34641 1.70000 -0.20000
v 0.31734 1.70000 -0.24350
v 0.28284 1.70000 -0.28284
v 0.24350 1.70000 -0.31734
v 0.20000 1.70000 -0.34641
v 0.15307 1.70000 -0.36955
v 0.10353 1.70000 -0.38637
v 0.05221 1.70000 -0.39658
v 0.00000 1.70000 -0.40000
v -0.05221 1.70000 -0.39658
v -0.10353 1.70000 -0.38637
v -0.15307 1.70000 -0.36955
v -0.20000 1.70000 -0.34641
v -0.24350 1.70000 -0.31734
v -0.28284 1.70000 -0.28284
v -0.31734 1.70000 -0.24350
v -0.34641 1.70000 -0.20000
v -0.36955 1.70000 -0.15307
v -0.38637 1.70000 -0.10353
v -0.39658 1.70000 -0.05221
v -0.40000 1.70000 -0.00000
v -0.39658 1.70000 0.05221
v -0.38637 1.70000 0.10353
v -0.36955 1.70000 0.15307
v -0.34641 1.70000 0.20000
v -0.31734 1.70000 0.24350
v -0.28284 1.70000 0.28284
v -0.24350 1.70000 0.31734
v -0.20000 1.70000 0.34641
v -0.15307 1.70000 0.36955
v -0.10353 1.70000 0.38637
v -0.05221 1.70000 0.39658
v 0.00000 1.85000 0.33000
v 0.04307 1.85000 0.32718
v 0.08541 1.85000 0.31876
v 0.12629 1.85000 0.30488
v 0.16500 1.85000 0.28579
v 0.20089 1.85000 0.26181
v 0.23335 1.85000 0.23335
v 0.26181 1.85000 0.20089
v 0.28579 1.85000 0.16500
v 0.30488 1.85000 0.12629
v 0.31876 1.85000 0.08541
v 0.32718 1.85000 0.04307
v 0.33000 1.85000 0.00000
v 0.32718 1.85000 -0.04307
v 0.31876 1.85000 -0.08541
v 0.30488 1.85000 -0.12629
v 0.28579 1.85000 -0.16500
v 0.26181 1.85000 -0.20089
v 0.23335 1.85000 -0.23335
v 0.20089 1.85000 -0.26181
v 0.16500 1.85000 -0.28579
v 0.12629 1.85000 -0.30488
v 0.08541 1.85000 -0.31876
v 0.04307 1.85000 -0.32718
v 0.00000 1.85000 -0.33000
v -0.04307 1.85000 -0.32718
v -0.08541 1.85000 -0.31876
v -0.12629 1.85000 -0.30488
v -0.16500 1.85000 -0.28579
v -0.20089 1.85000 -0.26181
v -0.23335 1.85000 -0.23335
v -0.26181 1.85000 -0.20089
v -0.28579 1.85000 -0.16500
v -0.30488 1.85000 -0.12629
v -0.31876 1.85000 -0.08541
v -0.32718 1.85000 -0.04307
v -0.33000 1.85000 -0.00000
v -0.32718 1.85000 0.04307
v -0.31876 1.85000 0.08541
v -0.30488 1.85000 0.12629
v -0.28579 1.85000 0.16500
v -0.26181 1.85000 0.20089
v -0.23335 1.85000 0.23335
v -0.20089 1.85000 0.26181
v -0.16500 1.85000 0.28579
v -0.12629 1.85000 0.30488
v -0.08541 1.85000 0.31876
v -0.04307 1.85000 0.32718
v 0.00000 1.93000 0.14000
v 0.01827 1.93000 0.13880
v 0.03623 1.93000 0.13523
v 0.05358 1.93000 0.12934
v 0.07000 1.93000 0.12124
v 0.08523 1.93000 0.11107
v 0.09899 1.93000 0.09899
v 0.11107 1.93000 0.08523
v 0.12124 1.93000 0.07000
v 0.12934 1.93000 0.05358
v 0.13523 1.93000 0.03623
v 0.13880 1.93000 0.01827
v 0.14000 1.93000 0.00000
v 0.13880 1.93000 -0.01827
v 0.13523 1.93000 -0.03623
v 0.12934 1.93000 -0.05358
v 0.12124 1.93000 -0.07000
v 0.11107 1.93000 -0.08523
v 0.09899 1.93000 -0.09899
v 0.08523 1.93000 -0.11107
v 0.07000 1.93000 -0.12124
v 0.05358 1.93000 -0.12934
v 0.03623 1.93000 -0.13523
v 0.01827 1.93000 -0.13880
v 0.00000 1.93000 -0.14000
v -0.01827 1.93000 -0.13880
v -0.03623 1.93000 -0.13523
v -0.05358 1.93000 -0.12934
v -0.07000 1.93000 -0.12124
v -0.08523 1.93000 -0.11107
v -0.09899 1.93000 -0.09899
v -0.11107 1.93000 -0.08523
v -0.12124 1.93000 -0.07000
v -0.12934 1.93000 -0.05358
v -0.13523 1.93000 -0.03623
v -0.13880 1.93000 -0.01827
v -0.14000 1.93000 -0.00000
v -0.13880 1.93000 0.01827
v -0.13523 1.93000 0.03623
v -0.12934 1.93000 0.05358
v -0.12124 1.93000 0.07000
v -0.11107 1.93000 0.08523
v -0.09899 1.93000 0.09899
v -0.08523 1.93000 0.11107
v -0.07000 1.93000 0.12124
v -0.05358 1.93000 0.12934
v -0.03623 1.93000 0.13523
v -0.01827 1.93000 0.13880
v 0.00000 1.94000 0.00000
v 0.00000 1.94000 0.00000
v 0.00000 1.94000 0.00000
v 0.00000 1.94000 0.00000
v 0.00000 1.94000 0.00000
v 0.00000 1.94000 0.00000
v 0.00000 1.94000 0.00000
v 0.00000 1.94000 0.00000
v 0.00000 1.94000 0.00000
v 0.00000 1.94000 0.00000
v 0.00000 1.94000 0.00000
v 0.00000 1.94000 0.00000
v 0.00000 1.94000 0.00000
v 0.00000 1.94000 -0.00000
v 0.00000 1.94000 -0.00000
v 0.00000 1.94000 -0.00000
v 0.00000 1.94000 -0.00000
v 0.00000 1.94000 -0.00000
v 0.00000 1.94000 -0.00000
v 0.00000 1.94000 -0.00000
v 0.00000 1.94000 -0.00000
v 0.00000 1.94000 -0.00000
v 0.00000 1.94000 -0.00000
v 0.00000 1.94000 -0.00000
v 0.00000 1.94000 -0.00000
v -0.00000 1.94000 -0.00000
v -0.00000 1.94000 -0.00000
v -0.00000 1.94000 -0.00000
v -0.00000 1.94000 -0.00000
v -0.00000 1.94000 -0.00000
v -0.00000 1.94000 -0.00000
v -0.00000 1.94000 -0.00000
v -0.00000 1.94000 -0.00000
v -0.00000 1.94000 -0.00000
v -0.00000 1.94000 -0.00000
v -0.00000 1.94000 -0.00000
v -0.00000 1.94000 -0.00000
v -0.00000 1.94000 0.00000
v -0.00000 1.94000 0.00000
v -0.00000 1.94000 0.00000
v -0.00000 1.94000 0.00000
v -0.00000 1.94000 0.00000
v -0.00000 1.94000 0.00000
v -0.00000 1.94000 0.00000
v -0.00000 1.94000 0.00000
v -0.00000 1.94000 0.00000
v -0.00000 1.94000 0.00000
v -0.00000 1.94000 0.00000
vn 0.0000 -0.1713 0.9852
vn 0.1286 -0.1713 0.9768
vn 0.2550 -0.1713 0.9516
vn 0.3770 -0.1713 0.9102
vn 0.4926 -0.1713 0.8532
vn 0.5998 -0.1713 0.7816
vn 0.6966 -0.1713 0.6966
vn 0.7816 -0.1713 0.5998
vn 0.8532 -0.1713 0.4926
vn 0.9102 -0.1713 0.3770
vn 0.9516 -0.1713 0.2550
vn 0.9768 -0.1713 0.1286
vn 0.9852 -0.1713 0.0000
vn 0.9768 -0.1713 -0.1286
vn 0.9516 -0.1713 -0.2550
vn 0.9102 -0.1713 -0.3770
vn 0.8532 -0.1713 -0.4926
vn 0.7816 -0.1713 -0.5998
vn 0.6966 -0.1713 -0.6966
vn 0.5998 -0.1713 -0.7816
vn 0.4926 -0.1713 -0.8532
vn 0.3770 -0.1713 -0.9102
vn 0.2550 -0.1713 -0.9516
vn 0.1286 -0.1713 -0.9768
vn 0.0000 -0.1713 -0.9852
vn -0.1286 -0.1713 -0.9768
vn -0.2550 -0.1713 -0.9516
vn -0.3770 -0.1713 -0.9102
vn -0.4926 -0.1713 -0.8532
vn -0.5998 -0.1713 -0.7816
vn -0.6966 -0.1713 -0.6966
vn -0.7816 -0.1713 -0.5998
vn -0.8532 -0.1713 -0.4926
vn -0.9102 -0.1713 -0.3770
vn -0.9516 -0.1713 -0.2550
vn -0.9768 -0.1713 -0.1286
vn -0.9852 -0.1713 -0.0000
vn -0.9768 -0.1713 0.1286
vn -0.9516 -0.1713 0.2550
vn -0.9102 -0.1713 0.3770
vn -0.8532 -0.1713 0.4926
vn -0.7816 -0.1713 0.5998
vn -0.6966 -0.1713 0.6966
vn -0.5998 -0.1713 0.7816
vn -0.4926 -0.1713 0.8532
vn -0.3770 -0.1713 0.9102
vn -0.2550 -0.1713 0.9516
vn -0.1286 -0.1713 0.9768
vn 0.0000 -0.1382 0.9904
vn 0.1293 -0.1382 0.9819
vn 0.2563 -0.1382 0.9567
vn 0.3790 -0.1382 0.9150
vn 0.4952 -0.1382 0.8577
vn 0.6029 -0.1382 0.7857
vn 0.7003 -0.1382 0.7003
vn 0.7857 -0.1382 0.6029
vn 0.8577 -0.1382 0.4952
vn 0.9150 -0.1382 0.3790
vn 0.9567 -0.1382 0.2563
vn 0.9819 -0.1382 0.1293
vn 0.9904 -0.1382 0.0000
vn 0.9819 -0.1382 -0.1293
vn 0.9567 -0.1382 -0.2563
vn 0.9150 -0.1382 -0.3790
vn 0.8577 -0.1382 -0.4952
vn 0.7857 -0.1382 -0.6029
vn 0.7003 -0.1382 -0.7003
vn 0.6029 -0.1382 -0.7857
vn 0.4952 -0.1382 -0.8577
vn 0.3790 -0.1382 -0.9150
vn 0.2563 -0.1382 -0.9567
vn 0.1293 -0.1382 -0.9819
vn 0.0000 -0.1382 -0.9904
vn -0.1293 -0.1382 -0.9819
vn -0.2563 -0.1382 -0.9567
vn -0.3790 -0.1382 -0.9150
vn -0.4952 -0.1382 -0.8577
vn -0.6029 -0.1382 -0.7857
vn -0.7003 -0.1382 -0.7003
vn -0.7857 -0.1382 -0.6029
vn -0.8577 -0.1382 -0.4952
vn -0.9150 -0.1382 -0.3790
vn -0.9567 -0.1382 -0.2563
vn -0.9819 -0.1382 -0.1293
vn -0.9904 -0.1382 -0.0000
vn -0.9819 -0.1382 0.1293
vn -0.9567 -0.1382 0.2563
vn -0.9150 -0.1382 0.3790
vn -0.8577 -0.1382 0.4952
vn -0.7857 -0.1382 0.6029
vn -0.7003 -0.1382 0.7003
vn -0.6029 -0.1382 0.7857
vn -0.4952 -0.1382 0.8577
vn -0.3790 -0.1382 0.9150
vn -0.2563 -0.1382 0.9567
vn -0.1293 -0.1382 0.9819
vn 0.0000 0.1414 0.9899
vn 0.1292 0.1414 0.9815
vn 0.2562 0.1414 0.9562
vn 0.3788 0.1414 0.9146
vn 0.4950 0.1414 0.8573
vn 0.6026 0.1414 0.7854
vn 0.7000 0.1414 0.7000
vn 0.7854 0.1414 0.6026
vn 0.8573 0.1414 0.4950
vn 0.9146 0.1414 0.3788
vn 0.9562 0.1414 0.2562
vn 0.9815 0.1414 0.1292
vn 0.9899 0.1414 0.0000
vn 0.9815 0.1414 -0.1292
vn 0.9562 0.1414 -0.2562
vn 0.9146 0.1414 -0.3788
vn 0.8573 0.1414 -0.4950
vn 0.7854 0.1414 -0.6026
vn 0.7000 0.1414 -0.7000
vn 0.6026 0.1414 -0.7854
vn 0.4950 0.1414 -0.8573
vn 0.3788 0.1414 -0.9146
vn 0.2562 0.1414 -0.9562
vn 0.1292 0.1414 -0.9815
vn 0.0000 0.1414 -0.9899
vn -0.1292 0.1414 -0.9815
vn -0.2562 0.1414 -0.9562
vn -0.3788 0.1414 -0.9146
vn -0.4950 0.1414 -0.8573
vn -0.6026 0.1414 -0.7854
vn -0.7000 0.1414 -0.7000
vn -0.7854 0.1414 -0.6026
vn -0.8573 0.1414 -0.4950
vn -0.9146 0.1414 -0.3788
vn -0.9562 0.1414 -0.2562
vn -0.9815 0.1414 -0.1292
vn -0.9899 0.1414 -0.0000
vn -0.9815 0.1414 0.1292
vn -0.9562 0.1414 0.2562
vn -0.9146 0.1414 0.3788
vn -0.8573 0.1414 0.4950
vn -0.7854 0.1414 0.6026
vn -0.7000 0.1414 0.7000
vn -0.6026 0.1414 0.7854
vn -0.4950 0.1414 0.8573
vn -0.3788 0.1414 0.9146
vn -0.2562 0.1414 0.9562
vn -0.1292 0.1414 0.9815
vn 0.0000 0.7490 0.6626
vn 0.0865 0.7490 0.6569
vn 0.1715 0.7490 0.6400
vn 0.2536 0.7490 0.6121
vn 0.3313 0.7490 0.5738
vn 0.4033 0.7490 0.5257
vn 0.4685 0.7490 0.4685
vn 0.5257 0.7490 0.4033
vn 0.5738 0.7490 0.3313
vn 0.6121 0.7490 0.2536
vn 0.6400 0.7490 0.1715
vn 0.6569 0.7490 0.0865
vn 0.6626 0.7490 0.0000
vn 0.6569 0.7490 -0.0865
vn 0.6400 0.7490 -0.1715
vn 0.6121 0.7490 -0.2536
vn 0.5738 0.7490 -0.3313
vn 0.5257 0.7490 -0.4033
vn 0.4685 0.7490 -0.4685
vn 0.4033 0.7490 -0.5257
vn 0.3313 0.7490 -0.5738
vn 0.2536 0.7490 -0.6121
vn 0.1715 0.7490 -0.6400
vn 0.0865 0.7490 -0.6569
vn 0.0000 0.7490 -0.6626
vn -0.0865 0.7490 -0.6569
vn -0.1715 0.7490 -0.6400
vn -0.2536 0.7490 -0.6121
vn -0.3313 0.7490 -0.5738
vn -0.4033 0.7490 -0.5257
vn -0.4685 0.7490 -0.4685
vn -0.5257 0.7490 -0.4033
vn -0.5738 0.7490 -0.3313
vn -0.6121 0.7490 -0.2536
vn -0.6400 0.7490 -0.1715
vn -0.6569 0.7490 -0.0865
vn -0.6626 0.7490 -0.0000
vn -0.6569 0.7490 0.0865
vn -0.6400 0.7490 0.1715
vn -0.6121 0.7490 0.2536
vn -0.5738 0.7490 0.3313
vn -0.5257 0.7490 0.4033
vn -0.4685 0.7490 0.4685
vn -0.4033 0.7490 0.5257
vn -0.3313 0.7490 0.5738
vn -0.2536 0.7490 0.6121
vn -0.1715 0.7490 0.6400
vn -0.0865 0.7490 0.6569
vn 0.0000 0.9648 0.2631
vn 0.0343 0.9648 0.2609
vn 0.0681 0.9648 0.2542
vn 0.1007 0.9648 0.2431
vn 0.1316 0.9648 0.2279
vn 0.1602 0.9648 0.2087
vn 0.1861 0.9648 0.1861
vn 0.2087 0.9648 0.1602
vn 0.2279 0.9648 0.1316
vn 0.2431 0.9648 0.1007
vn 0.2542 0.9648 0.0681
vn 0.2609 0.9648 0.0343
vn 0.2631 0.9648 0.0000
vn 0.2609 0.9648 -0.0343
vn 0.2542 0.9648 -0.0681
vn 0.2431 0.9648 -0.1007
vn 0.2279 0.9648 -0.1316
vn 0.2087 0.9648 -0.1602
vn 0.1861 0.9648 -0.1861
vn 0.1602 0.9648 -0.2087
vn 0.1316 0.9648 -0.2279
vn 0.1007 0.9648 -0.2431
vn 0.0681 0.9648 -0.2542
vn 0.0343 0.9648 -0.2609
vn 0.0000 0.9648 -0.2631
vn -0.0343 0.9648 -0.2609
vn -0.0681 0.9648 -0.2542
vn -0.1007 0.9648 -0.2431
vn -0.1316 0.9648 -0.2279
vn -0.1602 0.9648 -0.2087
vn -0.1861 0.9648 -0.1861
vn -0.2087 0.9648 -0.1602
vn -0.2279 0.9648 -0.1316
vn -0.2431 0.9648 -0.1007
vn -0.2542 0.9648 -0.0681
vn -0.2609 0.9648 -0.0343
vn -0.2631 0.9648 -0.0000
vn -0.2609 0.9648 0.0343
vn -0.2542 0.9648 0.0681
vn -0.2431 0.9648 0.1007
vn -0.2279 0.9648 0.1316
vn -0.2087 0.9648 0.1602
vn -0.1861 0.9648 0.1861
vn -0.1602 0.9648 0.2087
vn -0.1316 0.9648 0.2279
vn -0.1007 0.9648 0.2431
vn -0.0681 0.9648 0.2542
vn -0.0343 0.9648 0.2609
vn 0.0000 0.9975 0.0712
vn 0.0093 0.9975 0.0706
vn 0.0184 0.9975 0.0688
vn 0.0273 0.9975 0.0658
vn 0.0356 0.9975 0.0617
vn 0.0434 0.9975 0.0565
vn 0.0504 0.9975 0.0504
vn 0.0565 0.9975 0.0434
vn 0.0617 0.9975 0.0356
vn 0.0658 0.9975 0.0273
vn 0.0688 0.9975 0.0184
vn 0.0706 0.9975 0.0093
vn 0.0712 0.9975 0.0000
vn 0.0706 0.9975 -0.0093
vn 0.0688 0.9975 -0.0184
vn 0.0658 0.9975 -0.0273
vn 0.0617 0.9975 -0.0356
vn 0.0565 0.9975 -0.0434
vn 0.0504 0.9975 -0.0504
vn 0.0434 0.9975 -0.0565
vn 0.0356 0.9975 -0.0617
vn 0.0273 0.9975 -0.0658
vn 0.0184 0.9975 -0.0688
vn 0.0093 0.9975 -0.0706
vn 0.0000 0.9975 -0.0712
vn -0.0093 0.9975 -0.0706
vn -0.0184 0.9975 -0.0688
vn -0.0273 0.9975 -0.0658
vn -0.0356 0.9975 -0.0617
vn -0.0434 0.9975 -0.0565
vn -0.0504 0.9975 -0.0504
vn -0.0565 0.9975 -0.0434
vn -0.0617 0.9975 -0.0356
vn -0.0658 0.9975 -0.0273
vn -0.0688 0.9975 -0.0184
vn -0.0706 0.9975 -0.0093
vn -0.0712 0.9975 -0.0000
vn -0.0706 0.9975 0.0093
vn -0.0688 0.9975 0.0184
vn -0.0658 0.9975 0.0273
vn -0.0617 0.9975 0.0356
vn -0.0565 0.9975 0.0434
vn -0.0504 0.9975 0.0504
vn -0.0434 0.9975 0.0565
vn -0.0356 0.9975 0.0617
vn -0.0273 0.9975 0.0658
vn -0.0184 0.9975 0.0688
vn -0.0093 0.9975 0.0706
f 289//289 290//290 338//338 337//337
f 290//290 291//291 339//339 338//338
f 291//291 292//292 340//340 339//339
f 292//292 293//293 341//341 340//340
f 293//293 294//294 342//342 341//341
f 294//294 295//295 343//343 342//342
f 295//295 296//296 344//344 343//343
f 296//296 297//297 345//345 344//344
f 297//297 298//298 346//346 345//345
f 298//298 299//299 347//347 346//346
f 299//299 300//300 348//348 347//347
f 300//300 301//301 349//349 348//348
f 301//301 302//302 350//350 349//349
f 302//302 303//303 351//351 350//350
f 303//303 304//304 352//352 351//351
f 304//304 305//305 353//353 352//352
f 305//305 306//306 354//354 353//353
f 306//306 307//307 355//355 354//354
f 307//307 308//308 356//356 355//355
f 308//308 309//309 357//357 356//356
f 309//309 310//310 358//358 357//357
f 310//310 311//311 359//359 358//358
f 311//311 312//312 360//360 359//359
f 312//312 313//313 361//361 360//360
f 313//313 314//314 362//362 361//361
f 314//314 315//315 363//363 362//362
f 315//315 316//316 364//364 363//363
f 316//316 317//317 365//365 364//364
f 317//317 318//318 366//366 365//365
f 318//318 319//319 367//367 366//366
f 319//319 320//320 368//368 367//367
f 320//320 321//321 369//369 368//368
f 321//321 322//322 370//370 369//369
f 322//322 323//323 371//371 370//370
f 323//323 324//324 372//372 371//371
f 324//324 325//325 373//373 372//372
f 325//325 326//326 374//374 373//373
f 326//326 327//327 375//375 374//374
f 327//327 328//328 376//376 375//375
f 328//328 329//329 377//377 376//376
f 329//329 330//330 378//378 377//377
f 330//330 331//331 379//379 378//378
f 331//331 332//332 380//380 379//379
f 332//332 333//333 381//381 380//380
f 333//333 334//334 382//382 381//381
f 334//334 335//335 383//383 382//382
f 335//335 336//336 384//384 383//383
f 336//336 289//289 337//337 384//384
f 337//337 338//338 386//386 385//385
f 338//338 339//339 387//387 386//386
f 339//339 340//340 388//388 387//387
f 340//340 341//341 389//389 388//388
f 341//341 342//342 390//390 389//389
f 342//342 343//343 391//391 390//390
f 343//343 344//344 392//392 391//391
f 344//344 345//345 393//393 392//392
f 345//345 346//346 394//394 393//393
f 346//346 347//347 395//395 394//394
f 347//347 348//348 396//396 395//395
f 348//348 349//349 397//397 396//396
f 349//349 350//350 398//398 397//397
f 350//350 351//351 399//399 398//398
f 351//351 352//352 400//400 399//399
f 352//352 353//353 401//401 400//400
f 353//353 354//354 402//402 401//401
f 354//354 355//355 403//403 402//402
f 355//355 356//356 404//404 403//403
f 356//356 357//357 405//405 404//404
f 357//357 358//358 406//406 405//405
f 358//358 359//359 407//407 406//406
f 359//359 360//360 408//408 407//407
f 360//360 361//361 409//409 408//408
f 361//361 362//362 410//410 409//409
f 362//362 363//363 411//411 410//410
f 363//363 364//364 412//412 411//411
f 364//364 365//365 413//413 412//412
f 365//365 366//366 414//414 413//413
f 366//366 367//367 415//415 414//414
f 367//367 368//368 416//416 415//415
f 368//368 369//369 417//417 416//416
f 369//369 370//370 418//418 417//417
f 370//370 371//371 419//419 418//418
f 371//371 372//372 420//420 419//419
f 372//372 373//373 421//421 420//420
f 373//373 374//374 422//422 421//421
f 374//374 375//375 423//423 422//422
f 375//375 376//376 424//424 423//423
f 376//376 377//377 425//425 424//424
f 377//377 378//378 426//426 425//425
f 378//378 379//379 427//427 426//426
f 379//379 380//380 428//428 427//427
f 380//380 381//381 429//429 428//428
f 381//381 382//382 430//430 429//429
f 382//382 383//383 431//431 430//430
f 383//383 384//384 432//432 431//431
f 384//384 337//337 385//385 432//432
f 385//385 386//386 434//434 433//433
f 386//386 387//387 435//435 434//434
f 387//387 388//388 436//436 435//435
f 388//388 389//389 437//437 436//436
f 389//389 390//390 438//438 437//437
f 390//390 391//391 439//439 438//438
f 391//391 392//392 440//440 439//439
f 392//392 393//393 441//441 440//440
f 393//393 394//394 442//442 441//441
f 394//394 395//395 443//443 442//442
f 395//395 396//396 444//444 443//443
f 396//396 397//397 445//445 444//444
f 397//397 398//398 446//446 445//445
f 398//398 399//399 447//447 446//446
f 399//399 400//400 448//448 447//447
f 400//400 401//401 449//449 448//448
f 401//401 402//402 450//450 449//449
f 402//402 403//403 451//451 450//450
f 403//403 404//404 452//452 451//451
f 404//404 405//405 453//453 452//452
f 405//405 406//406 454//454 453//453
f 406//406 407//407 455//455 454//454
f 407//407 408//408 456//456 455//455
f 408//408 409//409 457//457 456//456
f 409//409 410//410 458//458 457//457
f 410//410 411//411 459//459 458//458
f 411//411 412//412 460//460 459//459
f 412//412 413//413 461//461 460//460
f 413//413 414//414 462//462 461//461
f 414//414 415//415 463//463 462//462
f 415//415 416//416 464//464 463//463
f 416//416 417//417 465//465 464//464
f 417//417 418//418 466//466 465//465
f 418//418 419//419 467//467 466//466
f 419//419 420//420 468//468 467//467
f 420//420 421//421 469//469 468//468
f 421//421 422//422 470//470 469//469
f 422//422 423//423 471//471 470//470
f 423//423 424//424 472//472 471//471
f 424//424 425//425 473//473 472//472
f 425//425 426//426 474//474 473//473
f 426//426 427//427 475//475 474//474
f 427//427 428//428 476//476 475//475
f 428//428 429//429 477//477 476//476
f 429//429 430//430 478//478 477//477
f 430//430 431//431 479//479 478//478
f 431//431 432//432 480//480 479//479
f 432//432 385//385 433//433 480//480
f 433//433 434//434 482//482 481//481
f 434//434 435//435 483//483 482//482
f 435//435 436//436 484//484 483//483
f 436//436 437//437 485//485 484//484
f 437//437 438//438 486//486 485//485
f 438//438 439//439 487//487 486//486
f 439//439 440//440 488//488 487//487
f 440//440 441//441 489//489 488//488
f 441//441 442//442 490//490 489//489
f 442//442 443//443 491//491 490//490
f 443//443 444//444 492//492 491//491
f 444//444 445//445 493//493 492//492
f 445//445 446//446 494//494 493//493
f 446//446 447//447 495//495 494//494
f 447//447 448//448 496//496 495//495
f 448//448 449//449 497//497 496//496
f 449//449 450//450 498//498 497//497
f 450//450 451//451 499//499 498//498
f 451//451 452//452 500//500 499//499
f 452//452 453//453 501//501 500//500
f 453//453 454//454 502//502 501//501
f 454//454 455//455 503//503 502//502
f 455//455 456//456 504//504 503//503
f 456//456 457//457 505//505 504//504
f 457//457 458//458 506//506 505//505
f 458//458 459//459 507//507 506//506
f 459//459 460//460 508//508 507//507
f 460//460 461//461 509//509 508//508
f 461//461 462//462 510//510 509//509
f 462//462 463//463 511//511 510//510
f 463//463 464//464 512//512 511//511
f 464//464 465//465 513//513 512//512
f 465//465 466//466 514//514 513//513
f 466//466 467//467 515//515 514//514
f 467//467 468//468 516//516 515//515
f 468//468 469//469 517//517 516//516
f 469//469 470//470 518//518 517//517
f 470//470 471//471 519//519 518//518
f 471//471 472//472 520//520 519//519
f 472//472 473//473 521//521 520//520
f 473//473 474//474 522//522 521//521
f 474//474 475//475 523//523 522//522
f 475//475 476//476 524//524 523//523
f 476//476 477//477 525//525 524//524
f 477//477 478//478 526//526 525//525
f 478//478 479//479 527//527 526//526
f 479//479 480//480 528//528 527//527
f 480//480 433//433 481//481 528//528
f 481//481 482//482 530//530 529//529
f 482//482 483//483 531//531 530//530
f 483//483 484//484 532//532 531//531
f 484//484 485//485 533//533 532//532
f 485//485 486//486 534//534 533//533
f 486//486 487//487 535//535 534//534
f 487//487 488//488 536//536 535//535
f 488//488 489//489 537//537 536//536
f 489//489 490//490 538//538 537//537
f 490//490 491//491 539//539 538//538
f 491//491 492//492 540//540 539//539
f 492//492 493//493 541//541 540//540
f 493//493 494//494 542//542 541//541
f 494//494 495//495 543//543 542//542
f 495//495 496//496 544//544 543//543
f 496//496 497//497 545//545 544//544
f 497//497 498//498 546//546 545//545
f 498//498 499//499 547//547 546//546
f 499//499 500//500 548//548 547//547
f 500//500 501//501 549//549 548//548
f 501//501 502//502 550//550 549//549
f 502//502 503//503 551//551 550//550
f 503//503 504//504 552//552 551//551
f 504//504 505//505 553//553 552//552
f 505//505 506//506 554//554 553//553
f 506//506 507//507 555//555 554//554
f 507//507 508//508 556//556 555//555
f 508//508 509//509 557//557 556//556
f 509//509 510//510 558//558 557//557
f 510//510 511//511 559//559 558//558
f 511//511 512//512 560//560 559//559
f 512//512 513//513 561//561 560//560
f 513//513 514//514 562//562 561//561
f 514//514 515//515 563//563 562//562
f 515//515 516//516 564//564 563//563
f 516//516 517//517 565//565 564//564
f 517//517 518//518 566//566 565//565
f 518//518 519//519 567//567 566//566
f 519//519 520//520 568//568 567//567
f 520//520 521//521 569//569 568//568
f 521//521 522//522 570//570 569//569
f 522//522 523//523 571//571 570//570
f 523//523 524//524 572//572 571//571
f 524//524 525//525 573//573 572//572
f 525//525 526//526 574//574 573//573
f 526//526 527//527 575//575 574//574
f 527//527 528//528 576//576 575//575
f 528//528 481//481 529//529 576//576
g part2
usemtl claw
v 0.00000 1.24000 0.36000
v 0.04699 1.24000 0.35692
v 0.09317 1.24000 0.34773
v 0.13777 1.24000 0.33260
v 0.18000 1.24000 0.31177
v 0.21915 1.24000 0.28561
v 0.25456 1.24000 0.25456
v 0.28561 1.24000 0.21915
v 0.31177 1.24000 0.18000
v 0.33260 1.24000 0.13777
v 0.34773 1.24000 0.09317
v 0.35692 1.24000 0.04699
v 0.36000 1.24000 0.00000
v 0.35692 1.24000 -0.04699
v 0.34773 1.24000 -0.09317
v 0.33260 1.24000 -0.13777
v 0.31177 1.24000 -0.18000
v 0.28561 1.24000 -0.21915
v 0.25456 1.24000 -0.25456
v 0.21915 1.24000 -0.28561
v 0.18000 1.24000 -0.31177
v 0.13777 1.24000 -0.33260
v 0.09317 1.24000 -0.34773
v 0.04699 1.24000 -0.35692
v 0.00000 1.24000 -0.36000
v -0.04699 1.24000 -0.35692
v -0.09317 1.24000 -0.34773
v -0.13777 1.24000 -0.33260
v -0.18000 1.24000 -0.31177
v -0.21915 1.24000 -0.28561
v -0.25456 1.24000 -0.25456
v -0.28561 1.24000 -0.21915
v -0.31177 1.24000 -0.18000
v -0.33260 1.24000 -0.13777
v -0.34773 1.24000 -0.09317
v -0.35692 1.24000 -0.04699
v -0.36000 1.24000 -0.00000
v -0.35692 1.24000 0.04699
v -0.34773 1.24000 0.09317
v -0.33260 1.24000 0.13777
v -0.31177 1.24000 0.18000
v -0.28561 1.24000 0.21915
v -0.25456 1.24000 0.25456
v -0.21915 1.24000 0.28561
v -0.18000 1.24000 0.31177
v -0.13777 1.24000 0.33260
v -0.09317 1.24000 0.34773
v -0.04699 1.24000 0.35692
v 0.00000 1.28000 0.37000
v 0.04829 1.28000 0.36683
v 0.09576 1.28000 0.35739
v 0.14159 1.28000 0.34184
v 0.18500 1.28000 0.32043
v 0.22524 1.28000 0.29354
v 0.26163 1.28000 0.26163
v 0.29354 1.28000 0.22524
v 0.32043 1.28000 0.18500
v 0.34184 1.28000 0.14159
v 0.35739 1.28000 0.09576
v 0.36683 1.28000 0.04829
v 0.37000 1.28000 0.00000
v 0.36683 1.28000 -0.04829
v 0.35739 1.28000 -0.09576
v 0.34184 1.28000 -0.14159
v 0.32043 1.28000 -0.18500
v 0.29354 1.28000 -0.22524
v 0.26163 1.28000 -0.26163
v 0.22524 1.28000 -0.29354
v 0.18500 1.28000 -0.32043
v 0.14159 1.28000 -0.34184
v 0.09576 1.28000 -0.35739
v 0.04829 1.28000 -0.36683
v 0.00000 1.28000 -0.37000
v -0.04829 1.28000 -0.36683
v -0.09576 1.28000 -0.35739
v -0.14159 1.28000 -0.34184
v -0.18500 1.28000 -0.32043
v -0.22524 1.28000 -0.29354
v -0.26163 1.28000 -0.26163
v -0.29354 1.28000 -0.22524
v -0.32043 1.28000 -0.18500
v -0.34184 1.28000 -0.14159
v -0.35739 1.28000 -0.09576
v -0.36683 1.28000 -0.04829
v -0.37000 1.28000 -0.00000
v -0.36683 1.28000 0.04829
v -0.35739 1.28000 0.09576
v -0.34184 1.28000 0.14159
v -0.32043 1.28000 0.18500
v -0.29354 1.28000 0.22524
v -0.26163 1.28000 0.26163
v -0.22524 1.28000 0.29354
v -0.18500 1.28000 0.32043
v -0.14159 1.28000 0.34184
v -0.09576 1.28000 0.35739
v -0.04829 1.28000 0.36683
v 0.00000 1.34000 0.37000
v 0.04829 1.34000 0.36683
v 0.09576 1.34000 0.35739
v 0.14159 1.34000 0.34184
v 0.18500 1.34000 0.32043
v 0.22524 1.34000 0.29354
v 0.26163 1.34000 0.26163
v 0.29354 1.34000 0.22524
v 0.32043 1.34000 0.18500
v 0.34184 1.34000 0.14159
v 0.35739 1.34000 0.09576
v 0.36683 1.34000 0.04829
v 0.37000 1.34000 0.00000
v 0.36683 1.34000 -0.04829
v 0.35739 1.34000 -0.09576
v 0.34184 1.34000 -0.14159
v 0.32043 1.34000 -0.18500
v 0.29354 1.34000 -0.22524
v 0.26163 1.34000 -0.26163
v 0.22524 1.34000 -0.29354
v 0.18500 1.34000 -0.32043
v 0.14159 1.34000 -0.34184
v 0.09576 1.34000 -0.35739
v 0.04829 1.34000 -0.36683
v 0.00000 1.34000 -0.37000
v -0.04829 1.34000 -0.36683
v -0.09576 1.34000 -0.35739
v -0.14159 1.34000 -0.34184
v -0.18500 1.34000 -0.32043
v -0.22524 1.34000 -0.29354
v -0.26163 1.34000 -0.26163
v -0.29354 1.34000 -0.22524
v -0.32043 1.34000 -0.18500
v -0.34184 1.34000 -0.14159
v -0.35739 1.34000 -0.09576
v -0.36683 1.34000 -0.04829
v -0.37000 1.34000 -0.00000
v -0.36683 1.34000 0.04829
v -0.35739 1.34000 0.09576
v -0.34184 1.34000 0.14159
v -0.32043 1.34000 0.18500
v -0.29354 1.34000 0.22524
v -0.26163 1.34000 0.26163
v -0.22524 1.34000 0.29354
v -0.18500 1.34000 0.32043
v -0.14159 1.34000 0.34184
v -0.09576 1.34000 0.35739
v -0.04829 1.34000 0.36683
v 0.00000 1.36000 0.35000
v 0.04568 1.36000 0.34701
v 0.09059 1.36000 0.33807
v 0.13394 1.36000 0.32336
v 0.17500 1.36000 0.30311
v 0.21307 1.36000 0.27767
v 0.24749 1.36000 0.24749
v 0.27767 1.36000 0.21307
v 0.30311 1.36000 0.17500
v 0.32336 1.36000 0.13394
v 0.33807 1.36000 0.09059
v 0.34701 1.36000 0.04568
v 0.35000 1.36000 0.00000
v 0.34701 1.36000 -0.04568
v 0.33807 1.36000 -0.09059
v 0.32336 1.36000 -0.13394
v 0.30311 1.36000 -0.17500
v 0.27767 1.36000 -0.21307
v 0.24749 1.36000 -0.24749
v 0.21307 1.36000 -0.27767
v 0.17500 1.36000 -0.30311
v 0.13394 1.36000 -0.32336
v 0.09059 1.36000 -0.33807
v 0.04568 1.36000 -0.34701
v 0.00000 1.36000 -0.35000
v -0.04568 1.36000 -0.34701
v -0.09059 1.36000 -0.33807
v -0.13394 1.36000 -0.32336
v -0.17500 1.36000 -0.30311
v -0.21307 1.36000 -0.27767
v -0.24749 1.36000 -0.24749
v -0.27767 1.36000 -0.21307
v -0.30311 1.36000 -0.17500
v -0.32336 1.36000 -0.13394
v -0.33807 1.36000 -0.09059
v -0.34701 1.36000 -0.04568
v -0.35000 1.36000 -0.00000
v -0.34701 1.36000 0.04568
v -0.33807 1.36000 0.09059
v -0.32336 1.36000 0.13394
v -0.30311 1.36000 0.17500
v -0.27767 1.36000 0.21307
v -0.24749 1.36000 0.24749
v -0.21307 1.36000 0.27767
v -0.17500 1.36000 0.30311
v -0.13394 1.36000 0.32336
v -0.09059 1.36000 0.33807
v -0.04568 1.36000 0.34701
vn 0.0000 -0.2425 0.9701
vn 0.1266 -0.2425 0.9618
vn 0.2511 -0.2425 0.9371
vn 0.3713 -0.2425 0.8963
vn 0.4851 -0.2425 0.8402
vn 0.5906 -0.2425 0.7697
vn 0.6860 -0.2425 0.6860
vn 0.7697 -0.2425 0.5906
vn 0.8402 -0.2425 0.4851
vn 0.8963 -0.2425 0.3713
vn 0.9371 -0.2425 0.2511
vn 0.9618 -0.2425 0.1266
vn 0.9701 -0.2425 0.0000
vn 0.9618 -0.2425 -0.1266
vn 0.9371 -0.2425 -0.2511
vn 0.8963 -0.2425 -0.3713
vn 0.8402 -0.2425 -0.4851
vn 0.7697 -0.2425 -0.5906
vn 0.6860 -0.2425 -0.6860
vn 0.5906 -0.2425 -0.7697
vn 0.4851 -0.2425 -0.8402
vn 0.3713 -0.2425 -0.8963
vn 0.2511 -0.2425 -0.9371
vn 0.1266 -0.2425 -0.9618
vn 0.0000 -0.2425 -0.9701
vn -0.1266 -0.2425 -0.9618
vn -0.2511 -0.2425 -0.9371
vn -0.3713 -0.2425 -0.8963
vn -0.4851 -0.2425 -0.8402
vn -0.5906 -0.2425 -0.7697
vn -0.6860 -0.2425 -0.6860
vn -0.7697 -0.2425 -0.5906
vn -0.8402 -0.2425 -0.4851
vn -0.8963 -0.2425 -0.3713
vn -0.9371 -0.2425 -0.2511
vn -0.9618 -0.2425 -0.1266
vn -0.9701 -0.2425 -0.0000
vn -0.9618 -0.2425 0.1266
vn -0.9371 -0.2425 0.2511
vn -0.8963 -0.2425 0.3713
vn -0.8402 -0.2425 0.4851
vn -0.7697 -0.2425 0.5906
vn -0.6860 -0.2425 0.6860
vn -0.5906 -0.2425 0.7697
vn -0.4851 -0.2425 0.8402
vn -0.3713 -0.2425 0.8963
vn -0.2511 -0.2425 0.9371
vn -0.1266 -0.2425 0.9618
vn 0.0000 -0.0995 0.9950
vn 0.1299 -0.0995 0.9865
vn 0.2575 -0.0995 0.9611
vn 0.3808 -0.0995 0.9193
vn 0.4975 -0.0995 0.8617
vn 0.6057 -0.0995 0.7894
vn 0.7036 -0.0995 0.7036
vn 0.7894 -0.0995 0.6057
vn 0.8617 -0.0995 0.4975
vn 0.9193 -0.0995 0.3808
vn 0.9611 -0.0995 0.2575
vn 0.9865 -0.0995 0.1299
vn 0.9950 -0.0995 0.0000
vn 0.9865 -0.0995 -0.1299
vn 0.9611 -0.0995 -0.2575
vn 0.9193 -0.0995 -0.3808
vn 0.8617 -0.0995 -0.4975
vn 0.7894 -0.0995 -0.6057
vn 0.7036 -0.0995 -0.7036
vn 0.6057 -0.0995 -0.7894
vn 0.4975 -0.0995 -0.8617
vn 0.3808 -0.0995 -0.9193
vn 0.2575 -0.0995 -0.9611
vn 0.1299 -0.0995 -0.9865
vn 0.0000 -0.0995 -0.9950
vn -0.1299 -0.0995 -0.9865
vn -0.2575 -0.0995 -0.9611
vn -0.3808 -0.0995 -0.9193
vn -0.4975 -0.0995 -0.8617
vn -0.6057 -0.0995 -0.7894
vn -0.7036 -0.0995 -0.7036
vn -0.7894 -0.0995 -0.6057
vn -0.8617 -0.0995 -0.4975
vn -0.9193 -0.0995 -0.3808
vn -0.9611 -0.0995 -0.2575
vn -0.9865 -0.0995 -0.1299
vn -0.9950 -0.0995 -0.0000
vn -0.9865 -0.0995 0.1299
vn -0.9611 -0.0995 0.2575
vn -0.9193 -0.0995 0.3808
vn -0.8617 -0.0995 0.4975
vn -0.7894 -0.0995 0.6057
vn -0.7036 -0.0995 0.7036
vn -0.6057 -0.0995 0.7894
vn -0.4975 -0.0995 0.8617
vn -0.3808 -0.0995 0.9193
vn -0.2575 -0.0995 0.9611
vn -0.1299 -0.0995 0.9865
vn 0.0000 0.2425 0.9701
vn 0.1266 0.2425 0.9618
vn 0.2511 0.2425 0.9371
vn 0.3713 0.2425 0.8963
vn 0.4851 0.2425 0.8402
vn 0.5906 0.2425 0.7697
vn 0.6860 0.2425 0.6860
vn 0.7697 0.2425 0.5906
vn 0.8402 0.2425 0.4851
vn 0.8963 0.2425 0.3713
vn 0.9371 0.2425 0.2511
vn 0.9618 0.2425 0.1266
vn 0.9701 0.2425 0.0000
vn 0.9618 0.2425 -0.1266
vn 0.9371 0.2425 -0.2511
vn 0.8963 0.2425 -0.3713
vn 0.8402 0.2425 -0.4851
vn 0.7697 0.2425 -0.5906
vn 0.6860 0.2425 -0.6860
vn 0.5906 0.2425 -0.7697
vn 0.4851 0.2425 -0.8402
vn 0.3713 0.2425 -0.8963
vn 0.2511 0.2425 -0.9371
vn 0.1266 0.2425 -0.9618
vn 0.0000 0.2425 -0.9701
vn -0.1266 0.2425 -0.9618
vn -0.2511 0.2425 -0.9371
vn -0.3713 0.2425 -0.8963
vn -0.4851 0.2425 -0.8402
vn -0.5906 0.2425 -0.7697
vn -0.6860 0.2425 -0.6860
vn -0.7697 0.2425 -0.5906
vn -0.8402 0.2425 -0.4851
vn -0.8963 0.2425 -0.3713
vn -0.9371 0.2425 -0.2511
vn -0.9618 0.2425 -0.1266
vn -0.9701 0.2425 -0.0000
vn -0.9618 0.2425 0.1266
vn -0.9371 0.2425 0.2511
vn -0.8963 0.2425 0.3713
vn -0.8402 0.2425 0.4851
vn -0.7697 0.2425 0.5906
vn -0.6860 0.2425 0.6860
vn -0.5906 0.2425 0.7697
vn -0.4851 0.2425 0.8402
vn -0.3713 0.2425 0.8963
vn -0.2511 0.2425 0.9371
vn -0.1266 0.2425 0.9618
vn 0.0000 0.7071 0.7071
vn 0.0923 0.7071 0.7011
vn 0.1830 0.7071 0.6830
vn 0.2706 0.7071 0.6533
vn 0.3536 0.7071 0.6124
vn 0.4305 0.7071 0.5610
vn 0.5000 0.7071 0.5000
vn 0.5610 0.7071 0.4305
vn 0.6124 0.7071 0.3536
vn 0.6533 0.7071 0.2706
vn 0.6830 0.7071 0.1830
vn 0.7011 0.7071 0.0923
vn 0.7071 0.7071 0.0000
vn 0.7011 0.7071 -0.0923
vn 0.6830 0.7071 -0.1830
vn 0.6533 0.7071 -0.2706
vn 0.6124 0.7071 -0.3536
vn 0.5610 0.7071 -0.4305
vn 0.5000 0.7071 -0.5000
vn 0.4305 0.7071 -0.5610
vn 0.3536 0.7071 -0.6124
vn 0.2706 0.7071 -0.6533
vn 0.1830 0.7071 -0.6830
vn 0.0923 0.7071 -0.7011
vn 0.0000 0.7071 -0.7071
vn -0.0923 0.7071 -0.7011
vn -0.1830 0.7071 -0.6830
vn -0.2706 0.7071 -0.6533
vn -0.3536 0.7071 -0.6124
vn -0.4305 0.7071 -0.5610
vn -0.5000 0.7071 -0.5000
vn -0.5610 0.7071 -0.4305
vn -0.6124 0.7071 -0.3536
vn -0.6533 0.7071 -0.2706
vn -0.6830 0.7071 -0.1830
vn -0.7011 0.7071 -0.0923
vn -0.7071 0.7071 -0.0000
vn -0.7011 0.7071 0.0923
vn -0.6830 0.7071 0.1830
vn -0.6533 0.7071 0.2706
vn -0.6124 0.7071 0.3536
vn -0.5610 0.7071 0.4305
vn -0.5000 0.7071 0.5000
vn -0.4305 0.7071 0.5610
vn -0.3536 0.7071 0.6124
vn -0.2706 0.7071 0.6533
vn -0.1830 0.7071 0.6830
vn -0.0923 0.7071 0.7011
f 577//577 578//578 626//626 625//625
f 578//578 579//579 627//627 626//626
f 579//579 580//580 628//628 627//627
f 580//580 581//581 629//629 628//628
f 581//581 582//582 630//630 629//629
f 582//582 583//583 631//631 630//630
f 583//583 584//584 632//632 631//631
f 584//584 585//585 633//633 632//632
f 585//585 586//586 634//634 633//633
f 586//586 587//587 635//635 634//634
f 587//587 588//588 636//636 635//635
f 588//588 589//589 637//637 636//636
f 589//589 590//590 638//638 637//637
f 590//590 591//591 639//639 638//638
f 591//591 592//592 640//640 639//639
f 592//592 593//593 641//641 640//640
f 593//593 594//594 642//642 641//641
f 594//594 595//595 643//643 642//642
f 595//595 596//596 644//644 643//643
f 596//596 597//597 645//645 644//644
f 597//597 598//598 646//646 645//645
f 598//598 599//599 647//647 646//646
f 599//599 600//600 648//648 647//647
f 600//600 601//601 649//649 648//648
f 601//601 602//602 650//650 649//649
f 602//602 603//603 651//651 650//650
f 603//603 604//604 652//652 651//651
f 604//604 605//605 653//653 652//652
f 605//605 606//606 654//654 653//653
f 606//606 607//607 655//655 654//654
f 607//607 608//608 656//656 655//655
f 608//608 609//609 657//657 656//656
f 609//609 610//610 658//658 657//657
f 610//610 611//611 659//659 658//658
f 611//611 612//612 660//660 659//659
f 612//612 613//613 661//661 660//660
f 613//613 614//614 662//662 661//661
f 614//614 615//615 663//663 662//662
f 615//615 616//616 664//664 663//663
f 616//616 617//617 665//665 664//664
f 617//617 618//618 666//666 665//665
f 618//618 619//619 667//667 666//666
f 619//619 620//620 668//668 667//667
f 620//620 621//621 669//669 668//668
f 621//621 622//622 670//670 669//669
f 622//622 623//623 671//671 670//670
f 623//623 624//624 672//672 671//671
f 624//624 577//577 625//625 672//672
f 625//625 626//626 674//674 673//673
f 626//626 627//627 675//675 674//674
f 627//627 628//628 676//676 675//675
f 628//628 629//629 677//677 676//676
f 629//629 630//630 678//678 677//677
f 630//630 631//631 679//679 678//678
f 631//631 632//632 680//680 679//679
f 632//632 633//633 681//681 680//680
f 633//633 634//634 682//682 681//681
f 634//634 635//635 683//683 682//682
f 635//635 636//636 684//684 683//683
f 636//636 637//637 685//685 684//684
f 637//637 638//638 686//686 685//685
f 638//638 639//639 687//687 686//686
f 639//639 640//640 688//688 687//687
f 640//640 641//641 689//689 688//688
f 641//641 642//642 690//690 689//689
f 642//642 643//643 691//691 690//690
f 643//643 644//644 692//692 691//691
f 644//644 645//645 693//693 692//692
f 645//645 646//646 694//694 693//693
f 646//646 647//647 695//695 694//694
f 647//647 648//648 696//696 695//695
f 648//648 649//649 697//697 696//696
f 649//649 650//650 698//698 697//697
f 650//650 651//651 699//699 698//698
f 651//651 652//652 700//700 699//699
f 652//652 653//653 701//701 700//700
f 653//653 654//654 702//702 701//701
f 654//654 655//655 703//703 702//702
f 655//655 656//656 704//704 703//703
f 656//656 657//657 705//705 704//704
f 657//657 658//658 706//706 705//705
f 658//658 659//659 707//707 706//706
f 659//659 660//660 708//708 707//707
f 660//660 661//661 709//709 708//708
f 661//661 662//662 710//710 709//709
f 662//662 663//663 711//711 710//710
f 663//663 664//664 712//712 711//711
f 664//664 665//665 713//713 712//712
f 665//665 666//666 714//714 713//713
f 666//666 667//667 715//715 714//714
f 667//667 668//668 716//716 715//715
f 668//668 669//669 717//717 716//716
f 669//669 670//670 718//718 717//717
f 670//670 671//671 719//719 718//718
f 671//671 672//672 720//720 719//719
f 672//672 625//625 673//673 720//720
f 673//673 674//674 722//722 721//721
f 674//674 675//675 723//723 722//722
f 675//675 676//676 724//724 723//723
f 676//676 677//677 725//725 724//724
f 677//677 678//678 726//726 725//725
f 678//678 679//679 727//727 726//726
f 679//679 680//680 728//728 727//727
f 680//680 681//681 729//729 728//728
f 681//681 682//682 730//730 729//729
f 682//682 683//683 731//731 730//730
f 683//683 684//684 732//732 731//731
f 684//684 685//685 733//733 732//732
f 685//685 686//686 734//734 733//733
f 686//686 687//687 735//735 734//734
f 687//687 688//688 736//736 735//735
f 688//688 689//689 737//737 736//736
f 689//689 690//690 738//738 737//737
f 690//690 691//691 739//739 738//738
f 691//691 692//692 740//740 739//739
f 692//692 693//693 741//741 740//740
f 693//693 694//694 742//742 741//741
f 694//694 695//695 743//743 742//742
f 695//695 696//696 744//744 743//743
f 696//696 697//697 745//745 744//744
f 697//697 698//698 746//746 745//745
f 698//698 699//699 747//747 746//746
f 699//699 700//700 748//748 747//747
f 700//700 701//701 749//749 748//748
f 701//701 702//702 750//750 749//749
f 702//702 703//703 751//751 750//750
f 703//703 704//704 752//752 751//751
f 704//704 705//705 753//753 752//752
f 705//705 706//706 754//754 753//753
f 706//706 707//707 755//755 754//754
f 707//707 708//708 756//756 755//755
f 708//708 709//709 757//757 756//756
f 709//709 710//710 758//758 757//757
f 710//710 711//711 759//759 758//758
f 711//711 712//712 760//760 759//759
f 712//712 713//713 761//761 760//760
f 713//713 714//714 762//762 761//761
f 714//714 715//715 763//763 762//762
f 715//715 716//716 764//764 763//763
f 716//716 717//717 765//765 764//764
f 717//717 718//718 766//766 765//765
f 718//718 719//719 767//767 766//766
f 719//719 720//720 768//768 767//767
f 720//720 673//673 721//721 768//768
g part3
usemtl claw
v -0.40226 1.76224 0.01481
v -0.40158 1.75572 -0.02289
v -0.37653 1.74000 -0.04719
v -0.34181 1.72428 -0.04384
v -0.31774 1.71776 -0.01481
v -0.31842 1.72428 0.02289
v -0.34347 1.74000 0.04719
v -0.37819 1.75572 0.04384
v -0.43858 1.67579 0.02753
v -0.43760 1.67053 -0.00728
v -0.41441 1.65635 -0.02968
v -0.38260 1.64157 -0.02655
v -0.36080 1.63484 0.00028
v -0.36178 1.64010 0.03509
v -0.38496 1.65427 0.05749
v -0.41678 1.66906 0.05436
v -0.47790 1.58612 0.03615
v -0.47732 1.58067 0.00458
v -0.45635 1.56750 -0.01577
v -0.42726 1.55433 -0.01296
v -0.40710 1.54888 0.01135
v -0.40768 1.55433 0.04292
v -0.42865 1.56750 0.06327
v -0.45774 1.58067 0.06046
v -0.51125 1.50279 0.05301
v -0.51282 1.49297 0.02565
v -0.49462 1.47903 0.00769
v -0.46731 1.46913 0.00967
v -0.44688 1.46908 0.03042
v -0.44530 1.47891 0.05779
v -0.46350 1.49285 0.07574
v -0.49082 1.50274 0.07376
v -0.52963 1.43540 0.09049
v -0.53372 1.41751 0.07097
v -0.51807 1.40109 0.05674
v -0.49182 1.39574 0.05614
v -0.47037 1.40460 0.06951
v -0.46628 1.42249 0.08903
v -0.48193 1.43891 0.10326
v -0.50818 1.44426 0.10386
v -0.52702 1.39043 0.15673
v -0.53106 1.36767 0.14646
v -0.51635 1.34975 0.13634
v -0.49151 1.34718 0.13230
v -0.47110 1.36145 0.13670
v -0.46707 1.38421 0.14698
v -0.48178 1.40212 0.15710
v -0.50661 1.40470 0.16114
v -0.50946 1.36146 0.24346
v -0.51268 1.33799 0.23763
v -0.49821 1.32009 0.22953
v -0.47455 1.31825 0.22390
v -0.45554 1.33354 0.22404
v -0.45232 1.35701 0.22987
v -0.46679 1.37491 0.23797
v -0.49045 1.37675 0.24360
v -0.48592 1.33890 0.33836
v -0.48894 1.31593 0.33319
v -0.47482 1.29845 0.32551
v -0.45184 1.29671 0.31982
v -0.43346 1.31173 0.31946
v -0.43044 1.33470 0.32463
v -0.44455 1.35217 0.33230
v -0.46754 1.35391 0.33799
v -0.46537 1.31314 0.42914
v -0.46840 1.29105 0.42365
v -0.45479 1.27420 0.41603
v -0.43252 1.27247 0.41073
v -0.41463 1.28686 0.41086
v -0.41160 1.30895 0.41635
v -0.42521 1.32580 0.42397
v -0.44748 1.32753 0.42927
v -0.40226 1.76224 0.01481
v -0.40158 1.75572 -0.02289
v -0.37653 1.74000 -0.04719
v -0.34181 1.72428 -0.04384
v -0.31774 1.71776 -0.01481
v -0.31842 1.72428 0.02289
v -0.34347 1.74000 0.04719
v -0.37819 1.75572 0.04384
v -0.36000 1.74000 0.00000
v -0.46537 1.31314 0.42914
v -0.46840 1.29105 0.42365
v -0.45479 1.27420 0.41603
v -0.43252 1.27247 0.41073
v -0.41463 1.28686 0.41086
v -0.41160 1.30895 0.41635
v -0.42521 1.32580 0.42397
v -0.44748 1.32753 0.42927
v -0.44000 1.30000 0.42000
vn -0.8622 0.4066 0.3021
vn -0.8486 0.2761 -0.4512
vn -0.3483 -0.0383 -0.9366
vn 0.3457 -0.3523 -0.8697
vn 0.8268 -0.4821 -0.2897
vn 0.8132 -0.3517 0.4636
vn 0.3129 -0.0374 0.9491
vn -0.3811 0.2768 0.8821
vn -0.8624 0.4069 0.3011
vn -0.8412 0.2926 -0.4547
vn -0.3377 -0.0151 -0.9411
vn 0.3530 -0.3361 -0.8732
vn 0.8264 -0.4823 -0.2907
vn 0.8051 -0.3680 0.4651
vn 0.3017 -0.0603 0.9515
vn -0.3891 0.2607 0.8836
vn -0.8622 0.4067 0.3021
vn -0.8487 0.2759 -0.4512
vn -0.3489 -0.0395 -0.9363
vn 0.3456 -0.3524 -0.8697
vn 0.8268 -0.4821 -0.2897
vn 0.8115 -0.3551 0.4641
vn 0.3100 -0.0434 0.9498
vn -0.3826 0.2733 0.8826
vn -0.8592 0.4068 0.3103
vn -0.9016 0.1459 -0.4073
vn -0.4252 -0.2244 -0.8768
vn 0.2937 -0.4798 -0.8268
vn 0.8312 -0.4786 -0.2829
vn 0.8676 -0.2318 0.4399
vn 0.3859 0.1244 0.9141
vn -0.3269 0.3941 0.8590
vn -0.8503 0.4164 0.3218
vn -0.9667 -0.0902 -0.2395
vn -0.5191 -0.5575 -0.6479
vn 0.2300 -0.7124 -0.6631
vn 0.8418 -0.4632 -0.2772
vn 0.9583 0.0454 0.2821
vn 0.5112 0.5144 0.6885
vn -0.2381 0.6673 0.7057
vn -0.8441 0.4306 0.3194
vn -0.9671 -0.2543 0.0008
vn -0.5228 -0.7934 -0.3118
vn 0.2295 -0.8744 -0.4275
vn 0.8479 -0.4461 -0.2865
vn 0.9693 0.2454 0.0181
vn 0.5234 0.7910 0.3170
vn -0.2272 0.8653 0.4469
vn -0.8436 0.4352 0.3144
vn -0.9449 -0.3006 0.1298
vn -0.4915 -0.8617 -0.1258
vn 0.2512 -0.9200 -0.3007
vn 0.8479 -0.4408 -0.2946
vn 0.9485 0.2959 -0.1131
vn 0.4945 0.8579 0.1395
vn -0.2476 0.9153 0.3176
vn -0.8437 0.4357 0.3137
vn -0.9410 -0.3049 0.1470
vn -0.4858 -0.8683 -0.1005
vn 0.2551 -0.9243 -0.2839
vn 0.8478 -0.4403 -0.2957
vn 0.9451 0.3003 -0.1290
vn 0.4899 0.8637 0.1185
vn -0.2510 0.9197 0.3019
vn -0.8436 0.4352 0.3144
vn -0.9445 -0.3011 0.1316
vn -0.4908 -0.8626 -0.1225
vn 0.2516 -0.9205 -0.2990
vn 0.8479 -0.4408 -0.2946
vn 0.9487 0.2956 -0.1119
vn 0.4951 0.8571 0.1421
vn -0.2473 0.9150 0.3187
vn 0.4197 0.8957 -0.1471
vn 0.4197 0.8957 -0.1471
vn 0.4197 0.8957 -0.1471
vn 0.4197 0.8957 -0.1471
vn 0.4197 0.8957 -0.1471
vn 0.4197 0.8957 -0.1471
vn 0.4197 0.8957 -0.1471
vn 0.4197 0.8957 -0.1471
vn 0.4197 0.8957 -0.1471
vn 0.2039 -0.2621 0.9433
vn 0.2039 -0.2621 0.9433
vn 0.2039 -0.2621 0.9433
vn 0.2039 -0.2621 0.9433
vn 0.2039 -0.2621 0.9433
vn 0.2039 -0.2621 0.9433
vn 0.2039 -0.2621 0.9433
vn 0.2039 -0.2621 0.9433
vn 0.2039 -0.2621 0.9433
f 769//769 770//770 778//778 777//777
f 770//770 771//771 779//779 778//778
f 771//771 772//772 780//780 779//779
f 772//772 773//773 781//781 780//780
f 773//773 774//774 782//782 781//781
f 774//774 775//775 783//783 782//782
f 775//775 776//776 784//784 783//783
f 776//776 769//769 777//777 784//784
f 777//777 778//778 786//786 785//785
f 778//778 779//779 787//787 786//786
f 779//779 780//780 788//788 787//787
f 780//780 781//781 789//789 788//788
f 781//781 782//782 790//790 789//789
f 782//782 783//783 791//791 790//790
f 783//783 784//784 792//792 791//791
f 784//784 777//777 785//785 792//792
f 785//785 786//786 794//794 793//793
f 786//786 787//787 795//795 794//794
f 787//787 788//788 796//796 795//795
f 788//788 789//789 797//797 796//796
f 789//789 790//790 798//798 797//797
f 790//790 791//791 799//799 798//798
f 791//791 792//792 800//800 799//799
f 792//792 785//785 793//793 800//800
f 793//793 794//794 802//802 801//801
f 794//794 795//795 803//803 802//802
f 795//795 796//796 804//804 803//803
f 796//796 797//797 805//805 804//804
f 797//797 798//798 806//806 805//805
f 798//798 799//799 807//807 806//806
f 799//799 800//800 808//808 807//807
f 800//800 793//793 801//801 808//808
f 801//801 802//802 810//810 809//809
f 802//802 803//803 811//811 810//810
f 803//803 804//804 812//812 811//811
f 804//804 805//805 813//813 812//812
f 805//805 806//806 814//814 813//813
f 806//806 807//807 815//815 814//814
f 807//807 808//808 816//816 815//815
f 808//808 801//801 809//809 816//816
f 809//809 810//810 818//818 817//817
f 810//810 811//811 819//819 818//818
f 811//811 812//812 820//820 819//819
f 812//812 813//813 821//821 820//820
f 813//813 814//814 822//822 821//821
f 814//814 815//815 823//823 822//822
f 815//815 816//816 824//824 823//823
f 816//816 809//809 817//817 824//824
f 817//817 818//818 826//826 825//825
f 818//818 819//819 827//827 826//826
f 819//819 820//820 828//828 827//827
f 820//820 821//821 829//829 828//828
f 821//821 822//822 830//830 829//829
f 822//822 823//823 831//831 830//830
f 823//823 824//824 832//832 831//831
f 824//824 817//817 825//825 832//832
f 825//825 826//826 834//834 833//833
f 826//826 827//827 835//835 834//834
f 827//827 828//828 836//836 835//835
f 828//828 829//829 837//837 836//836
f 829//829 830//830 838//838 837//837
f 830//830 831//831 839//839 838//838
f 831//831 832//832 840//840 839//839
f 832//832 825//825 833//833 840//840
f 842//842 849//849 841//841
f 843//843 849//849 842//842
f 844//844 849//849 843//843
f 845//845 849//849 844//844
f 846//846 849//849 845//845
f 847//847 849//849 846//846
f 848//848 849//849 847//847
f 841//841 849//849 848//848
f 851//851 858//858 850//850
f 852//852 858//858 851//851
f 853//853 858//858 852//852
f 854//854 858//858 853//853
f 855//855 858//858 854//854
f 856//856 858//858 855//855
f 857//857 858//858 856//856
f 850//850 858//858 857//857
g part4
usemtl claw
v -0.44000 1.32500 0.46000
v -0.44000 1.32500 0.46000
v -0.44000 1.32500 0.46000
v -0.44000 1.32500 0.46000
v -0.44000 1.32500 0.46000
v -0.44000 1.32500 0.46000
v -0.44000 1.32500 0.46000
v -0.44000 1.32500 0.46000
v -0.44000 1.31832 0.50114
v -0.41922 1.31832 0.48909
v -0.41061 1.31832 0.46000
v -0.41922 1.31832 0.43091
v -0.44000 1.31832 0.41886
v -0.46078 1.31832 0.43091
v -0.46939 1.31832 0.46000
v -0.46078 1.31832 0.48909
v -0.44000 1.30082 0.52657
v -0.40638 1.30082 0.50707
v -0.39245 1.30082 0.46000
v -0.40638 1.30082 0.41293
v -0.44000 1.30082 0.39343
v -0.47362 1.30082 0.41293
v -0.48755 1.30082 0.46000
v -0.47362 1.30082 0.50707
v -0.44000 1.27918 0.52657
v -0.40638 1.27918 0.50707
v -0.39245 1.27918 0.46000
v -0.40638 1.27918 0.41293
v -0.44000 1.27918 0.39343
v -0.47362 1.27918 0.41293
v -0.48755 1.27918 0.46000
v -0.47362 1.27918 0.50707
v -0.44000 1.26168 0.50114
v -0.41922 1.26168 0.48909
v -0.41061 1.26168 0.46000
v -0.41922 1.26168 0.43091
v -0.44000 1.26168 0.41886
v -0.46078 1.26168 0.43091
v -0.46939 1.26168 0.46000
v -0.46078 1.26168 0.48909
v -0.44000 1.25500 0.46000
v -0.44000 1.25500 0.46000
v -0.44000 1.25500 0.46000
v -0.44000 1.25500 0.46000
v -0.44000 1.25500 0.46000
v -0.44000 1.25500 0.46000
v -0.44000 1.25500 0.46000
v -0.44000 1.25500 0.46000
vn 0.0000 1.0000 0.0000
vn 0.0000 1.0000 0.0000
vn 0.0000 1.0000 0.0000
vn 0.0000 1.0000 -0.0000
vn 0.0000 1.0000 -0.0000
vn -0.0000 1.0000 -0.0000
vn -0.0000 1.0000 -0.0000
vn -0.0000 1.0000 0.0000
vn 0.0000 0.9399 0.3414
vn 0.3289 0.9147 0.2350
vn 0.4533 0.8913 0.0000
vn 0.3289 0.9147 -0.2350
vn 0.0000 0.9399 -0.3414
vn -0.3289 0.9147 -0.2350
vn -0.4533 0.8913 -0.0000
vn -0.3289 0.9147 0.2350
vn 0.0000 0.5449 0.8385
vn 0.7178 0.4712 0.5127
vn 0.9070 0.4210 0.0000
vn 0.7178 0.4712 -0.5127
vn 0.0000 0.5449 -0.8385
vn -0.7178 0.4712 -0.5127
vn -0.9070 0.4210 -0.0000
vn -0.7178 0.4712 0.5127
vn 0.0000 -0.5449 0.8385
vn 0.7178 -0.4712 0.5127
vn 0.9070 -0.4210 0.0000
vn 0.7178 -0.4712 -0.5127
vn 0.0000 -0.5449 -0.8385
vn -0.7178 -0.4712 -0.5127
vn -0.9070 -0.4210 -0.0000
vn -0.7178 -0.4712 0.5127
vn 0.0000 -0.9399 0.3414
vn 0.3289 -0.9147 0.2350
vn 0.4533 -0.8913 0.0000
vn 0.3289 -0.9147 -0.2350
vn 0.0000 -0.9399 -0.3414
vn -0.3289 -0.9147 -0.2350
vn -0.4533 -0.8913 -0.0000
vn -0.3289 -0.9147 0.2350
vn 0.0000 -1.0000 0.0000
vn 0.0000 -1.0000 0.0000
vn 0.0000 -1.0000 0.0000
vn 0.0000 -1.0000 -0.0000
vn 0.0000 -1.0000 -0.0000
vn -0.0000 -1.0000 -0.0000
vn -0.0000 -1.0000 -0.0000
vn -0.0000 -1.0000 0.0000
f 867//867 868//868 860//860 859//859
f 868//868 869//869 861//861 860//860
f 869//869 870//870 862//862 861//861
f 870//870 871//871 863//863 862//862
f 871//871 872//872 864//864 863//863
f 872//872 873//873 865//865 864//864
f 873//873 874//874 866//866 865//865
f 874//874 867//867 859//859 866//866
f 875//875 876//876 868//868 867//867
f 876//876 877//877 869//869 868//868
f 877//877 878//878 870//870 869//869
f 878//878 879//879 871//871 870//870
f 879//879 880//880 872//872 871//871
f 880//880 881//881 873//873 872//872
f 881//881 882//882 874//874 873//873
f 882//882 875//875 867//867 874//874
f 883//883 884//884 876//876 875//875
f 884//884 885//885 877//877 876//876
f 885//885 886//886 878//878 877//877
f 886//886 887//887 879//879 878//878
f 887//887 888//888 880//880 879//879
f 888//888 889//889 881//881 880//880
f 889//889 890//890 882//882 881//881
f 890//890 883//883 875//875 882//882
f 891//891 892//892 884//884 883//883
f 892//892 893//893 885//885 884//884
f 893//893 894//894 886//886 885//885
f 894//894 895//895 887//887 886//886
f 895//895 896//896 888//888 887//887
f 896//896 897//897 889//889 888//888
f 897//897 898//898 890//890 889//889
f 898//898 891//891 883//883 890//890
f 899//899 900//900 892//892 891//891
f 900//900 901//901 893//893 892//892
f 901//901 902//902 894//894 893//893
f 902//902 903//903 895//895 894//894
f 903//903 904//904 896//896 895//895
f 904//904 905//905 897//897 896//896
f 905//905 906//906 898//898 897//897
f 906//906 899//899 891//891 898//898
g part5
usemtl claw
v -0.47598 1.30564 0.50321
v -0.48874 1.29782 0.49757
v -0.48777 1.28218 0.49437
v -0.47402 1.27436 0.49679
v -0.46126 1.28218 0.50243
v -0.46223 1.29782 0.50563
v -0.48996 1.29379 0.54920
v -0.50151 1.28671 0.54410
v -0.50063 1.27255 0.54120
v -0.48819 1.26547 0.54339
v -0.47663 1.27255 0.54849
v -0.47752 1.28671 0.55140
v -0.50436 1.28154 0.59656
v -0.51448 1.27541 0.59126
v -0.51327 1.26313 0.58729
v -0.50193 1.25698 0.58862
v -0.49182 1.26311 0.59392
v -0.49303 1.27539 0.59790
v -0.51715 1.25841 0.63676
v -0.52513 1.25427 0.63042
v -0.52298 1.24586 0.62366
v -0.51285 1.24159 0.62324
v -0.50487 1.24573 0.62958
v -0.50702 1.25414 0.63634
v -0.52549 1.21966 0.65962
v -0.53111 1.21793 0.65377
v -0.52877 1.21420 0.64674
v -0.52081 1.21219 0.64557
v -0.51518 1.21392 0.65142
v -0.51753 1.21766 0.65844
v -0.53063 1.17465 0.67091
v -0.53406 1.17392 0.66714
v -0.53251 1.17223 0.66253
v -0.52752 1.17128 0.66169
v -0.52409 1.17201 0.66546
v -0.52564 1.17369 0.67006
v -0.53560 1.13065 0.68179
v -0.53694 1.13037 0.68033
v -0.53633 1.12972 0.67854
v -0.53440 1.12935 0.67821
v -0.53306 1.12963 0.67967
v -0.53367 1.13028 0.68146
v -0.47598 1.30564 0.50321
v -0.48874 1.29782 0.49757
v -0.48777 1.28218 0.49437
v -0.47402 1.27436 0.49679
v -0.46126 1.28218 0.50243
v -0.46223 1.29782 0.50563
v -0.47500 1.29000 0.50000
v -0.53560 1.13065 0.68179
v -0.53694 1.13037 0.68033
v -0.53633 1.12972 0.67854
v -0.53440 1.12935 0.67821
v -0.53306 1.12963 0.67967
v -0.53367 1.13028 0.68146
v -0.53500 1.13000 0.68000
vn -0.0696 0.9709 0.2291
vn -0.8674 0.4822 -0.1229
vn -0.8065 -0.4951 -0.3233
vn 0.0522 -0.9838 -0.1717
vn 0.8499 -0.4951 0.1803
vn 0.7890 0.4822 0.3807
vn -0.0698 0.9708 0.2295
vn -0.8674 0.4822 -0.1229
vn -0.8066 -0.4952 -0.3228
vn 0.0518 -0.9840 -0.1704
vn 0.8498 -0.4952 0.1806
vn 0.7890 0.4822 0.3807
vn -0.1055 0.9329 0.3442
vn -0.8842 0.4620 -0.0683
vn -0.7913 -0.4855 -0.3716
vn 0.0802 -0.9615 -0.2628
vn 0.8622 -0.4871 0.1391
vn 0.7691 0.4601 0.4436
vn -0.2073 0.7321 0.6489
vn -0.9325 0.3529 0.0764
vn -0.7381 -0.4137 -0.5330
vn 0.1811 -0.8013 -0.5702
vn 0.9053 -0.4248 0.0045
vn 0.7114 0.3420 0.6139
vn -0.2908 0.4010 0.8687
vn -0.9683 0.1845 0.1683
vn -0.6870 -0.2677 -0.6756
vn 0.2717 -0.5047 -0.8194
vn 0.9467 -0.3017 -0.1130
vn 0.6660 0.1520 0.7303
vn -0.3105 0.2628 0.9135
vn -0.9756 0.1206 0.1836
vn -0.6740 -0.2066 -0.7093
vn 0.2927 -0.3917 -0.8723
vn 0.9576 -0.2507 -0.1421
vn 0.6561 0.0766 0.7508
vn -0.3107 0.2613 0.9139
vn -0.9756 0.1201 0.1837
vn -0.6739 -0.2064 -0.7094
vn 0.2927 -0.3917 -0.8723
vn 0.9576 -0.2505 -0.1421
vn 0.6559 0.0760 0.7510
vn 0.2844 0.2096 -0.9355
vn 0.2844 0.2096 -0.9355
vn 0.2844 0.2096 -0.9355
vn 0.2844 0.2096 -0.9355
vn 0.2844 0.2096 -0.9355
vn 0.2844 0.2096 -0.9355
vn 0.2844 0.2096 -0.9355
vn -0.1303 -0.9446 0.3013
vn -0.1303 -0.9446 0.3013
vn -0.1303 -0.9446 0.3013
vn -0.1303 -0.9446 0.3013
vn -0.1303 -0.9446 0.3013
vn -0.1303 -0.9446 0.3013
vn -0.1303 -0.9446 0.3013
f 907//907 908//908 914//914 913//913
f 908//908 909//909 915//915 914//914
f 909//909 910//910 916//916 915//915
f 910//910 911//911 917//917 916//916
f 911//911 912//912 918//918 917//917
f 912//912 907//907 913//913 918//918
f 913//913 914//914 920//920 919//919
f 914//914 915//915 921//921 920//920
f 915//915 916//916 922//922 921//921
f 916//916 917//917 923//923 922//922
f 917//917 918//918 924//924 923//923
f 918//918 913//913 919//919 924//924
f 919//919 920//920 926//926 925//925
f 920//920 921//921 927//927 926//926
f 921//921 922//922 928//928 927//927
f 922//922 923//923 929//929 928//928
f 923//923 924//924 930//930 929//929
f 924//924 919//919 925//925 930//930
f 925//925 926//926 932//932 931//931
f 926//926 927//927 933//933 932//932
f 927//927 928//928 934//934 933//933
f 928//928 929//929 935//935 934//934
f 929//929 930//930 936//936 935//935
f 930//930 925//925 931//931 936//936
f 931//931 932//932 938//938 937//937
f 932//932 933//933 939//939 938//938
f 933//933 934//934 940//940 939//939
f 934//934 935//935 941//941 940//940
f 935//935 936//936 942//942 941//941
f 936//936 931//931 937//937 942//942
f 937//937 938//938 944//944 943//943
f 938//938 939//939 945//945 944//944
f 939//939 940//940 946//946 945//945
f 940//940 941//941 947//947 946//946
f 941//941 942//942 948//948 947//947
f 942//942 937//937 943//943 948//948
f 950//950 955//955 949//949
f 951//951 955//955 950//950
f 952//952 955//955 951//951
f 953//953 955//955 952//952
f 954//954 955//955 953//953
f 949//949 955//955 954//954
f 957//957 962//962 956//956
f 958//958 962//962 957//957
f 959//959 962//962 958//958
f 960//960 962//962 959//959
f 961//961 962//962 960//960
f 956//956 962//962 961//961
g part6
usemtl claw
v -0.44000 1.30561 0.50350
v -0.45386 1.29781 0.50175
v -0.45386 1.28219 0.49825
v -0.44000 1.27439 0.49650
v -0.42614 1.28219 0.49825
v -0.42614 1.29781 0.50175
v -0.44000 1.29376 0.54946
v -0.45254 1.28670 0.54788
v -0.45254 1.27256 0.54471
v -0.44000 1.26550 0.54313
v -0.42746 1.27256 0.54471
v -0.42746 1.28670 0.54788
v -0.44000 1.28148 0.59692
v -0.45123 1.27537 0.59476
v -0.45123 1.26315 0.59043
v -0.44000 1.25704 0.58827
v -0.42877 1.26315 0.59043
v -0.42877 1.27537 0.59476
v -0.44000 1.25822 0.63731
v -0.44953 1.25411 0.63365
v -0.44953 1.24589 0.62635
v -0.44000 1.24178 0.62269
v -0.43047 1.24589 0.62635
v -0.43047 1.25411 0.63365
v -0.44000 1.21946 0.66010
v -0.44718 1.21769 0.65635
v -0.44718 1.21416 0.64884
v -0.44000 1.21239 0.64509
v -0.43282 1.21416 0.64884
v -0.43282 1.21769 0.65635
v -0.44000 1.17453 0.67120
v -0.44446 1.17375 0.66875
v -0.44446 1.17218 0.66384
v -0.44000 1.17140 0.66139
v -0.43554 1.17218 0.66384
v -0.43554 1.17375 0.66875
v -0.44000 1.13061 0.68191
v -0.44173 1.13030 0.68095
v -0.44173 1.12970 0.67905
v -0.44000 1.12939 0.67809
v -0.43827 1.12970 0.67905
v -0.43827 1.13030 0.68095
v -0.44000 1.30561 0.50350
v -0.45386 1.29781 0.50175
v -0.45386 1.28219 0.49825
v -0.44000 1.27439 0.49650
v -0.42614 1.28219 0.49825
v -0.42614 1.29781 0.50175
v -0.44000 1.29000 0.50000
v -0.44000 1.13061 0.68191
v -0.44173 1.13030 0.68095
v -0.44173 1.12970 0.67905
v -0.44000 1.12939 0.67809
v -0.43827 1.12970 0.67905
v -0.43827 1.13030 0.68095
v -0.44000 1.13000 0.68000
vn 0.0000 0.9683 0.2497
vn -0.8656 0.4807 0.1405
vn -0.8656 -0.4947 -0.0780
vn 0.0000 -0.9823 -0.1873
vn 0.8656 -0.4947 -0.0780
vn 0.8656 0.4807 0.1405
vn 0.0000 0.9682 0.2501
vn -0.8656 0.4807 0.1404
vn -0.8656 -0.4948 -0.0775
vn 0.0000 -0.9826 -0.1858
vn 0.8656 -0.4948 -0.0775
vn 0.8656 0.4807 0.1404
vn 0.0000 0.9270 0.3750
vn -0.8653 0.4577 0.2043
vn -0.8652 -0.4851 -0.1266
vn 0.0000 -0.9583 -0.2857
vn 0.8652 -0.4851 -0.1266
vn 0.8653 0.4577 0.2043
vn -0.0000 0.7136 0.7005
vn -0.8647 0.3370 0.3723
vn -0.8645 -0.4130 -0.2866
vn 0.0000 -0.7863 -0.6179
vn 0.8645 -0.4130 -0.2866
vn 0.8647 0.3370 0.3723
vn 0.0000 0.3754 0.9269
vn -0.8642 0.1546 0.4788
vn -0.8640 -0.2742 -0.4222
vn -0.0000 -0.4818 -0.8763
vn 0.8640 -0.2742 -0.4222
vn 0.8642 0.1546 0.4788
vn 0.0000 0.2384 0.9712
vn -0.8640 0.0858 0.4962
vn -0.8639 -0.2181 -0.4540
vn 0.0000 -0.3695 -0.9292
vn 0.8639 -0.2181 -0.4540
vn 0.8640 0.0858 0.4962
vn 0.0000 0.2368 0.9716
vn -0.8639 0.0852 0.4964
vn -0.8639 -0.2179 -0.4540
vn 0.0000 -0.3695 -0.9292
vn 0.8639 -0.2179 -0.4540
vn 0.8639 0.0852 0.4964
vn -0.0000 0.2186 -0.9758
vn -0.0000 0.2186 -0.9758
vn -0.0000 0.2186 -0.9758
vn -0.0000 0.2186 -0.9758
vn -0.0000 0.2186 -0.9758
vn -0.0000 0.2186 -0.9758
vn -0.0000 0.2186 -0.9758
vn -0.0000 -0.9527 0.3039
vn -0.0000 -0.9527 0.3039
vn -0.0000 -0.9527 0.3039
vn -0.0000 -0.9527 0.3039
vn -0.0000 -0.9527 0.3039
vn -0.0000 -0.9527 0.3039
vn -0.0000 -0.9527 0.3039
f 963//963 964//964 970//970 969//969
f 964//964 965//965 971//971 970//970
f 965//965 966//966 972//972 971//971
f 966//966 967//967 973//973 972//972
f 967//967 968//968 974//974 973//973
f 968//968 963//963 969//969 974//974
f 969//969 970//970 976//976 975//975
f 970//970 971//971 977//977 976//976
f 971//971 972//972 978//978 977//977
f 972//972 973//973 979//979 978//978
f 973//973 974//974 980//980 979//979
f 974//974 969//969 975//975 980//980
f 975//975 976//976 982//982 981//981
f 976//976 977//977 983//983 982//982
f 977//977 978//978 984//984 983//983
f 978//978 979//979 985//985 984//984
f 979//979 980//980 986//986 985//985
f 980//980 975//975 981//981 986//986
f 981//981 982//982 988//988 987//987
f 982//982 983//983 989//989 988//988
f 983//983 984//984 990//990 989//989
f 984//984 985//985 991//991 990//990
f 985//985 986//986 992//992 991//991
f 986//986 981//981 987//987 992//992
f 987//987 988//988 994//994 993//993
f 988//988 989//989 995//995 994//994
f 989//989 990//990 996//996 995//995
f 990//990 991//991 997//997 996//996
f 991//991 992//992 998//998 997//997
f 992//992 987//987 993//993 998//998
f 993//993 994//994 1000//1000 999//999
f 994//994 995//995 1001//1001 1000//1000
f 995//995 996//996 1002//1002 1001//1001
f 996//996 997//997 1003//1003 1002//1002
f 997//997 998//998 1004//1004 1003//1003
f 998//998 993//993 999//999 1004//1004
f 1006//1006 1011//1011 1005//1005
f 1007//1007 1011//1011 1006//1006
f 1008//1008 1011//1011 1007//1007
f 1009//1009 1011//1011 1008//1008
f 1010//1010 1011//1011 1009//1009
f 1005//1005 1011//1011 1010//1010
f 1013//1013 1018//1018 1012//1012
f 1014//1014 1018//1018 1013//1013
f 1015//1015 1018//1018 1014//1014
f 1016//1016 1018//1018 1015//1015
f 1017//1017 1018//1018 1016//1016
f 1012//1012 1018//1018 1017//1017
g part7
usemtl claw
v -0.40402 1.30564 0.50321
v -0.41777 1.29782 0.50563
v -0.41874 1.28218 0.50243
v -0.40598 1.27436 0.49679
v -0.39223 1.28218 0.49437
v -0.39126 1.29782 0.49757
v -0.39004 1.29379 0.54920
v -0.40248 1.28671 0.55140
v -0.40337 1.27255 0.54849
v -0.39181 1.26547 0.54339
v -0.37937 1.27255 0.54120
v -0.37849 1.28671 0.54410
v -0.37564 1.28154 0.59656
v -0.38697 1.27539 0.59790
v -0.38818 1.26311 0.59392
v -0.37807 1.25698 0.58862
v -0.36673 1.26313 0.58729
v -0.36552 1.27541 0.59126
v -0.36285 1.25841 0.63676
v -0.37298 1.25414 0.63634
v -0.37513 1.24573 0.62958
v -0.36715 1.24159 0.62324
v -0.35702 1.24586 0.62366
v -0.35487 1.25427 0.63042
v -0.35451 1.21966 0.65962
v -0.36247 1.21766 0.65844
v -0.36482 1.21392 0.65142
v -0.35919 1.21219 0.64557
v -0.35123 1.21420 0.64674
v -0.34889 1.21793 0.65377
v -0.34937 1.17465 0.67091
v -0.35436 1.17369 0.67006
v -0.35591 1.17201 0.66546
v -0.35248 1.17128 0.66169
v -0.34749 1.17223 0.66253
v -0.34594 1.17392 0.66714
v -0.34440 1.13065 0.68179
v -0.34633 1.13028 0.68146
v -0.34694 1.12963 0.67967
v -0.34560 1.12935 0.67821
v -0.34367 1.12972 0.67854
v -0.34306 1.13037 0.68033
v -0.40402 1.30564 0.50321
v -0.41777 1.29782 0.50563
v -0.41874 1.28218 0.50243
v -0.40598 1.27436 0.49679
v -0.39223 1.28218 0.49437
v -0.39126 1.29782 0.49757
v -0.40500 1.29000 0.50000
v -0.34440 1.13065 0.68179
v -0.34633 1.13028 0.68146
v -0.34694 1.12963 0.67967
v -0.34560 1.12935 0.67821
v -0.34367 1.12972 0.67854
v -0.34306 1.13037 0.68033
v -0.34500 1.13000 0.68000
vn 0.0696 0.9709 0.2291
vn -0.7890 0.4822 0.3807
vn -0.8499 -0.4951 0.1803
vn -0.0522 -0.9838 -0.1717
vn 0.8065 -0.4951 -0.3233
vn 0.8674 0.4822 -0.1229
vn 0.0698 0.9708 0.2295
vn -0.7890 0.4822 0.3807
vn -0.8498 -0.4952 0.1806
vn -0.0518 -0.9840 -0.1704
vn 0.8066 -0.4952 -0.3228
vn 0.8674 0.4822 -0.1229
vn 0.1055 0.9329 0.3442
vn -0.7691 0.4601 0.4436
vn -0.8622 -0.4871 0.1391
vn -0.0802 -0.9615 -0.2628
vn 0.7913 -0.4855 -0.3716
vn 0.8842 0.4620 -0.0683
vn 0.2073 0.7321 0.6489
vn -0.7114 0.3420 0.6139
vn -0.9053 -0.4248 0.0045
vn -0.1811 -0.8013 -0.5702
vn 0.7381 -0.4137 -0.5330
vn 0.9325 0.3529 0.0764
vn 0.2908 0.4010 0.8687
vn -0.6660 0.1520 0.7303
vn -0.9467 -0.3017 -0.1130
vn -0.2717 -0.5047 -0.8194
vn 0.6870 -0.2677 -0.6756
vn 0.9683 0.1845 0.1683
vn 0.3105 0.2628 0.9135
vn -0.6561 0.0766 0.7508
vn -0.9576 -0.2507 -0.1421
vn -0.2927 -0.3917 -0.8723
vn 0.6740 -0.2066 -0.7093
vn 0.9756 0.1206 0.1836
vn 0.3107 0.2613 0.9139
vn -0.6559 0.0760 0.7510
vn -0.9576 -0.2505 -0.1421
vn -0.2927 -0.3917 -0.8723
vn 0.6739 -0.2064 -0.7094
vn 0.9756 0.1201 0.1837
vn -0.2844 0.2096 -0.9355
vn -0.2844 0.2096 -0.9355
vn -0.2844 0.2096 -0.9355
vn -0.2844 0.2096 -0.9355
vn -0.2844 0.2096 -0.9355
vn -0.2844 0.2096 -0.9355
vn -0.2844 0.2096 -0.9355
vn 0.1303 -0.9446 0.3013
vn 0.1303 -0.9446 0.3013
vn 0.1303 -0.9446 0.3013
vn 0.1303 -0.9446 0.3013
vn 0.1303 -0.9446 0.3013
vn 0.1303 -0.9446 0.3013
vn 0.1303 -0.9446 0.3013
f 1019//1019 1020//1020 1026//1026 1025//1025
f 1020//1020 1021//1021 1027//1027 1026//1026
f 1021//1021 1022//1022 1028//1028 1027//1027
f 1022//1022 1023//1023 1029//1029 1028//1028
f 1023//1023 1024//1024 1030//1030 1029//1029
f 1024//1024 1019//1019 1025//1025 1030//1030
f 1025//1025 1026//1026 1032//1032 1031//1031
f 1026//1026 1027//1027 1033//1033 1032//1032
f 1027//1027 1028//1028 1034//1034 1033//1033
f 1028//1028 1029//1029 1035//1035 1034//1034
f 1029//1029 1030//1030 1036//1036 1035//1035
f 1030//1030 1025//1025 1031//1031 1036//1036
f 1031//1031 1032//1032 1038//1038 1037//1037
f 1032//1032 1033//1033 1039//1039 1038//1038
f 1033//1033 1034//1034 1040//1040 1039//1039
f 1034//1034 1035//1035 1041//1041 1040//1040
f 1035//1035 1036//1036 1042//1042 1041//1041
f 1036//1036 1031//1031 1037//1037 1042//1042
f 1037//1037 1038//1038 1044//1044 1043//1043
f 1038//1038 1039//1039 1045//1045 1044//1044
f 1039//1039 1040//1040 1046//1046 1045//1045
f 1040//1040 1041//1041 1047//1047 1046//1046
f 1041//1041 1042//1042 1048//1048 1047//1047
f 1042//1042 1037//1037 1043//1043 1048//1048
f 1043//1043 1044//1044 1050//1050 1049//1049
f 1044//1044 1045//1045 1051//1051 1050//1050
f 1045//1045 1046//1046 1052//1052 1051//1051
f 1046//1046 1047//1047 1053//1053 1052//1052
f 1047//1047 1048//1048 1054//1054 1053//1053
f 1048//1048 1043//1043 1049//1049 1054//1054
f 1049//1049 1050//1050 1056//1056 1055//1055
f 1050//1050 1051//1051 1057//1057 1056//1056
f 1051//1051 1052//1052 1058//1058 1057//1057
f 1052//1052 1053//1053 1059//1059 1058//1058
f 1053//1053 1054//1054 1060//1060 1059//1059
f 1054//1054 1049//1049 1055//1055 1060//1060
f 1062//1062 1067//1067 1061//1061
f 1063//1063 1067//1067 1062//1062
f 1064//1064 1067//1067 1063//1063
f 1065//1065 1067//1067 1064//1064
f 1066//1066 1067//1067 1065//1065
f 1061//1061 1067//1067 1066//1066
f 1069//1069 1074//1074 1068//1068
f 1070//1070 1074//1074 1069//1069
f 1071//1071 1074//1074 1070//1070
f 1072//1072 1074//1074 1071//1071
f 1073//1073 1074//1074 1072//1072
f 1068//1068 1074//1074 1073//1073
g part8
usemtl claw
v 0.40226 1.76224 0.01481
v 0.37819 1.75572 0.04384
v 0.34347 1.74000 0.04719
v 0.31842 1.72428 0.02289
v 0.31774 1.71776 -0.01481
v 0.34181 1.72428 -0.04384
v 0.37653 1.74000 -0.04719
v 0.40158 1.75572 -0.02289
v 0.43858 1.67579 0.02753
v 0.41678 1.66906 0.05436
v 0.38496 1.65427 0.05749
v 0.36178 1.64010 0.03509
v 0.36080 1.63484 0.00028
v 0.38260 1.64157 -0.02655
v 0.41441 1.65635 -0.02968
v 0.43760 1.67053 -0.00728
v 0.47790 1.58612 0.03615
v 0.45774 1.58067 0.06046
v 0.42865 1.56750 0.06327
v 0.40768 1.55433 0.04292
v 0.40710 1.54888 0.01135
v 0.42726 1.55433 -0.01296
v 0.45635 1.56750 -0.01577
v 0.47732 1.58067 0.00458
v 0.51125 1.50279 0.05301
v 0.49082 1.50274 0.07376
v 0.46350 1.49285 0.07574
v 0.44530 1.47891 0.05779
v 0.44688 1.46908 0.03042
v 0.46731 1.46913 0.00967
v 0.49462 1.47903 0.00769
v 0.51282 1.49297 0.02565
v 0.52963 1.43540 0.09049
v 0.50818 1.44426 0.10386
v 0.48193 1.43891 0.10326
v 0.46628 1.42249 0.08903
v 0.47037 1.40460 0.06951
v 0.49182 1.39574 0.05614
v 0.51807 1.40109 0.05674
v 0.53372 1.41751 0.07097
v 0.52702 1.39043 0.15673
v 0.50661 1.40470 0.16114
v 0.48178 1.40212 0.15710
v 0.46707 1.38421 0.14698
v 0.47110 1.36145 0.13670
v 0.49151 1.34718 0.13230
v 0.51635 1.34975 0.13634
v 0.53106 1.36767 0.14646
v 0.50946 1.36146 0.24346
v 0.49045 1.37675 0.24360
v 0.46679 1.37491 0.23797
v 0.45232 1.35701 0.22987
v 0.45554 1.33354 0.22404
v 0.47455 1.31825 0.22390
v 0.49821 1.32009 0.22953
v 0.51268 1.33799 0.23763
v 0.48592 1.33890 0.33836
v 0.46754 1.35391 0.33799
v 0.44455 1.35217 0.33230
v 0.43044 1.33470 0.32463
v 0.43346 1.31173 0.31946
v 0.45184 1.29671 0.31982
v 0.47482 1.29845 0.32551
v 0.48894 1.31593 0.33319
v 0.46537 1.31314 0.42914
v 0.44748 1.32753 0.42927
v 0.42521 1.32580 0.42397
v 0.41160 1.30895 0.41635
v 0.41463 1.28686 0.41086
v 0.43252 1.27247 0.41073
v 0.45479 1.27420 0.41603
v 0.46840 1.29105 0.42365
v 0.40226 1.76224 0.01481
v 0.37819 1.75572 0.04384
v 0.34347 1.74000 0.04719
v 0.31842 1.72428 0.02289
v 0.31774 1.71776 -0.01481
v 0.34181 1.72428 -0.04384
v 0.37653 1.74000 -0.04719
v 0.40158 1.75572 -0.02289
v 0.36000 1.74000 0.00000
v 0.46537 1.31314 0.42914
v 0.44748 1.32753 0.42927
v 0.42521 1.32580 0.42397
v 0.41160 1.30895 0.41635
v 0.41463 1.28686 0.41086
v 0.43252 1.27247 0.41073
v 0.45479 1.27420 0.41603
v 0.46840 1.29105 0.42365
v 0.44000 1.30000 0.42000
vn 0.8622 0.4066 0.3021
vn 0.3811 0.2768 0.8821
vn -0.3129 -0.0374 0.9491
vn -0.8132 -0.3517 0.4636
vn -0.8268 -0.4821 -0.2897
vn -0.3457 -0.3523 -0.8697
vn 0.3483 -0.0383 -0.9366
vn 0.8486 0.2761 -0.4512
vn 0.8624 0.4069 0.3011
vn 0.3891 0.2607 0.8836
vn -0.3017 -0.0603 0.9515
vn -0.8051 -0.3680 0.4651
vn -0.8264 -0.4823 -0.2907
vn -0.3530 -0.3361 -0.8732
vn 0.3377 -0.0151 -0.9411
vn 0.8412 0.2926 -0.4547
vn 0.8622 0.4067 0.3021
vn 0.3826 0.2733 0.8826
vn -0.3100 -0.0434 0.9498
vn -0.8115 -0.3551 0.4641
vn -0.8268 -0.4821 -0.2897
vn -0.3456 -0.3524 -0.8697
vn 0.3489 -0.0395 -0.9363
vn 0.8487 0.2759 -0.4512
vn 0.8592 0.4068 0.3103
vn 0.3269 0.3941 0.8590
vn -0.3859 0.1244 0.9141
vn -0.8676 -0.2318 0.4399
vn -0.8312 -0.4786 -0.2829
vn -0.2937 -0.4798 -0.8268
vn 0.4252 -0.2244 -0.8768
vn 0.9016 0.1459 -0.4073
vn 0.8503 0.4164 0.3218
vn 0.2381 0.6673 0.7057
vn -0.5112 0.5144 0.6885
vn -0.9583 0.0454 0.2821
vn -0.8418 -0.4632 -0.2772
vn -0.2300 -0.7124 -0.6631
vn 0.5191 -0.5575 -0.6479
vn 0.9667 -0.0902 -0.2395
vn 0.8441 0.4306 0.3194
vn 0.2272 0.8653 0.4469
vn -0.5234 0.7910 0.3170
vn -0.9693 0.2454 0.0181
vn -0.8479 -0.4461 -0.2865
vn -0.2295 -0.8744 -0.4275
vn 0.5228 -0.7934 -0.3118
vn 0.9671 -0.2543 0.0008
vn 0.8436 0.4352 0.3144
vn 0.2476 0.9153 0.3176
vn -0.4945 0.8579 0.1395
vn -0.9485 0.2959 -0.1131
vn -0.8479 -0.4408 -0.2946
vn -0.2512 -0.9200 -0.3007
vn 0.4915 -0.8617 -0.1258
vn 0.9449 -0.3006 0.1298
vn 0.8437 0.4357 0.3137
vn 0.2510 0.9197 0.3019
vn -0.4899 0.8637 0.1185
vn -0.9451 0.3003 -0.1290
vn -0.8478 -0.4403 -0.2957
vn -0.2551 -0.9243 -0.2839
vn 0.4858 -0.8683 -0.1005
vn 0.9410 -0.3049 0.1470
vn 0.8436 0.4352 0.3144
vn 0.2473 0.9150 0.3187
vn -0.4951 0.8571 0.1421
vn -0.9487 0.2956 -0.1119
vn -0.8479 -0.4408 -0.2946
vn -0.2516 -0.9205 -0.2990
vn 0.4908 -0.8626 -0.1225
vn 0.9445 -0.3011 0.1316
vn -0.4197 0.8957 -0.1471
vn -0.4197 0.8957 -0.1471
vn -0.4197 0.8957 -0.1471
vn -0.4197 0.8957 -0.1471
vn -0.4197 0.8957 -0.1471
vn -0.4197 0.8957 -0.1471
vn -0.4197 0.8957 -0.1471
vn -0.4197 0.8957 -0.1471
vn -0.4197 0.8957 -0.1471
vn -0.2039 -0.2621 0.9433
vn -0.2039 -0.2621 0.9433
vn -0.2039 -0.2621 0.9433
vn -0.2039 -0.2621 0.9433
vn -0.2039 -0.2621 0.9433
vn -0.2039 -0.2621 0.9433
vn -0.2039 -0.2621 0.9433
vn -0.2039 -0.2621 0.9433
vn -0.2039 -0.2621 0.9433
f 1075//1075 1076//1076 1084//1084 1083//1083
f 1076//1076 1077//1077 1085//1085 1084//1084
f 1077//1077 1078//1078 1086//1086 1085//1085
f 1078//1078 1079//1079 1087//1087 1086//1086
f 1079//1079 1080//1080 1088//1088 1087//1087
f 1080//1080 1081//1081 1089//1089 1088//1088
f 1081//1081 1082//1082 1090//1090 1089//1089
f 1082//1082 1075//1075 1083//1083 1090//1090
f 1083//1083 1084//1084 1092//1092 1091//1091
f 1084//1084 1085//1085 1093//1093 1092//1092
f 1085//1085 1086//1086 1094//1094 1093//1093
f 1086//1086 1087//1087 1095//1095 1094//1094
f 1087//1087 1088//1088 1096//1096 1095//1095
f 1088//1088 1089//1089 1097//1097 1096//1096
f 1089//1089 1090//1090 1098//1098 1097//1097
f 1090//1090 1083//1083 1091//1091 1098//1098
f 1091//1091 1092//1092 1100//1100 1099//1099
f 1092//1092 1093//1093 1101//1101 1100//1100
f 1093//1093 1094//1094 1102//1102 1101//1101
f 1094//1094 1095//1095 1103//1103 1102//1102
f 1095//1095 1096//1096 1104//1104 1103//1103
f 1096//1096 1097//1097 1105//1105 1104//1104
f 1097//1097 1098//1098 1106//1106 1105//1105
f 1098//1098 1091//1091 1099//1099 1106//1106
f 1099//1099 1100//1100 1108//1108 1107//1107
f 1100//1100 1101//1101 1109//1109 1108//1108
f 1101//1101 1102//1102 1110//1110 1109//1109
f 1102//1102 1103//1103 1111//1111 1110//1110
f 1103//1103 1104//1104 1112//1112 1111//1111
f 1104//1104 1105//1105 1113//1113 1112//1112
f 1105//1105 1106//1106 1114//1114 1113//1113
f 1106//1106 1099//1099 1107//1107 1114//1114
f 1107//1107 1108//1108 1116//1116 1115//1115
f 1108//1108 1109//1109 1117//1117 1116//1116
f 1109//1109 1110//1110 1118//1118 1117//1117
f 1110//1110 1111//1111 1119//1119 1118//1118
f 1111//1111 1112//1112 1120//1120 1119//1119
f 1112//1112 1113//1113 1121//1121 1120//1120
f 1113//1113 1114//1114 1122//1122 1121//1121
f 1114//1114 1107//1107 1115//1115 1122//1122
f 1115//1115 1116//1116 1124//1124 1123//1123
f 1116//1116 1117//1117 1125//1125 1124//1124
f 1117//1117 1118//1118 1126//1126 1125//1125
f 1118//1118 1119//1119 1127//1127 1126//1126
f 1119//1119 1120//1120 1128//1128 1127//1127
f 1120//1120 1121//1121 1129//1129 1128//1128
f 1121//1121 1122//1122 1130//1130 1129//1129
f 1122//1122 1115//1115 1123//1123 1130//1130
f 1123//1123 1124//1124 1132//1132 1131//1131
f 1124//1124 1125//1125 1133//1133 1132//1132
f 1125//1125 1126//1126 1134//1134 1133//1133
f 1126//1126 1127//1127 1135//1135 1134//1134
f 1127//1127 1128//1128 1136//1136 1135//1135
f 1128//1128 1129//1129 1137//1137 1136//1136
f 1129//1129 1130//1130 1138//1138 1137//1137
f 1130//1130 1123//1123 1131//1131 1138//1138
f 1131//1131 1132//1132 1140//1140 1139//1139
f 1132//1132 1133//1133 1141//1141 1140//1140
f 1133//1133 1134//1134 1142//1142 1141//1141
f 1134//1134 1135//1135 1143//1143 1142//1142
f 1135//1135 1136//1136 1144//1144 1143//1143
f 1136//1136 1137//1137 1145//1145 1144//1144
f 1137//1137 1138//1138 1146//1146 1145//1145
f 1138//1138 1131//1131 1139//1139 1146//1146
f 1148//1148 1155//1155 1147//1147
f 1149//1149 1155//1155 1148//1148
f 1150//1150 1155//1155 1149//1149
f 1151//1151 1155//1155 1150//1150
f 1152//1152 1155//1155 1151//1151
f 1153//1153 1155//1155 1152//1152
f 1154//1154 1155//1155 1153//1153
f 1147//1147 1155//1155 1154//1154
f 1157//1157 1164//1164 1156//1156
f 1158//1158 1164//1164 1157//1157
f 1159//1159 1164//1164 1158//1158
f 1160//1160 1164//1164 1159//1159
f 1161//1161 1164//1164 1160//1160
f 1162//1162 1164//1164 1161//1161
f 1163//1163 1164//1164 1162//1162
f 1156//1156 1164//1164 1163//1163
g part9
usemtl claw
v 0.44000 1.32500 0.46000
v 0.44000 1.32500 0.46000
v 0.44000 1.32500 0.46000
v 0.44000 1.32500 0.46000
v 0.44000 1.32500 0.46000
v 0.44000 1.32500 0.46000
v 0.44000 1.32500 0.46000
v 0.44000 1.32500 0.46000
v 0.44000 1.31832 0.50114
v 0.46078 1.31832 0.48909
v 0.46939 1.31832 0.46000
v 0.46078 1.31832 0.43091
v 0.44000 1.31832 0.41886
v 0.41922 1.31832 0.43091
v 0.41061 1.31832 0.46000
v 0.41922 1.31832 0.48909
v 0.44000 1.30082 0.52657
v 0.47362 1.30082 0.50707
v 0.48755 1.30082 0.46000
v 0.47362 1.30082 0.41293
v 0.44000 1.30082 0.39343
v 0.40638 1.30082 0.41293
v 0.39245 1.30082 0.46000
v 0.40638 1.30082 0.50707
v 0.44000 1.27918 0.52657
v 0.47362 1.27918 0.50707
v 0.48755 1.27918 0.46000
v 0.47362 1.27918 0.41293
v 0.44000 1.27918 0.39343
v 0.40638 1.27918 0.41293
v 0.39245 1.27918 0.46000
v 0.40638 1.27918 0.50707
v 0.44000 1.26168 0.50114
v 0.46078 1.26168 0.48909
v 0.46939 1.26168 0.46000
v 0.46078 1.26168 0.43091
v 0.44000 1.26168 0.41886
v 0.41922 1.26168 0.43091
v 0.41061 1.26168 0.46000
v 0.41922 1.26168 0.48909
v 0.44000 1.25500 0.46000
v 0.44000 1.25500 0.46000
v 0.44000 1.25500 0.46000
v 0.44000 1.25500 0.46000
v 0.44000 1.25500 0.46000
v 0.44000 1.25500 0.46000
v 0.44000 1.25500 0.46000
v 0.44000 1.25500 0.46000
vn 0.0000 1.0000 0.0000
vn 0.0000 1.0000 0.0000
vn 0.0000 1.0000 0.0000
vn 0.0000 1.0000 -0.0000
vn 0.0000 1.0000 -0.0000
vn -0.0000 1.0000 -0.0000
vn -0.0000 1.0000 -0.0000
vn -0.0000 1.0000 0.0000
vn 0.0000 0.9399 0.3414
vn 0.3289 0.9147 0.2350
vn 0.4533 0.8913 0.0000
vn 0.3289 0.9147 -0.2350
vn 0.0000 0.9399 -0.3414
vn -0.3289 0.9147 -0.2350
vn -0.4533 0.8913 -0.0000
vn -0.3289 0.9147 0.2350
vn 0.0000 0.5449 0.8385
vn 0.7178 0.4712 0.5127
vn 0.9070 0.4210 0.0000
vn 0.7178 0.4712 -0.5127
vn 0.0000 0.5449 -0.8385
vn -0.7178 0.4712 -0.5127
vn -0.9070 0.4210 -0.0000
vn -0.7178 0.4712 0.5127
vn 0.0000 -0.5449 0.8385
vn 0.7178 -0.4712 0.5127
vn 0.9070 -0.4210 0.0000
vn 0.7178 -0.4712 -0.5127
vn 0.0000 -0.5449 -0.8385
vn -0.7178 -0.4712 -0.5127
vn -0.9070 -0.4210 -0.0000
vn -0.7178 -0.4712 0.5127
vn 0.0000 -0.9399 0.3414
vn 0.3289 -0.9147 0.2350
vn 0.4533 -0.8913 0.0000
vn 0.3289 -0.9147 -0.2350
vn 0.0000 -0.9399 -0.3414
vn -0.3289 -0.9147 -0.2350
vn -0.4533 -0.8913 -0.0000
vn -0.3289 -0.9147 0.2350
vn 0.0000 -1.0000 0.0000
vn 0.0000 -1.0000 0.0000
vn 0.0000 -1.0000 0.0000
vn 0.0000 -1.0000 -0.0000
vn 0.0000 -1.0000 -0.0000
vn -0.0000 -1.0000 -0.0000
vn -0.0000 -1.0000 -0.0000
vn -0.0000 -1.0000 0.0000
f 1173//1173 1174//1174 1166//1166 1165//1165
f 1174//1174 1175//1175 1167//1167 1166//1166
f 1175//1175 1176//1176 1168//1168 1167//1167
f 1176//1176 1177//1177 1169//1169 1168//1168
f 1177//1177 1178//1178 1170//1170 1169//1169
f 1178//1178 1179//1179 1171//1171 1170//1170
f 1179//1179 1180//1180 1172//1172 1171//1171
f 1180//1180 1173//1173 1165//1165 1172//1172
f 1181//1181 1182//1182 1174//1174 1173//1173
f 1182//1182 1183//1183 1175//1175 1174//1174
f 1183//1183 1184//1184 1176//1176 1175//1175
f 1184//1184 1185//1185 1177//1177 1176//1176
f 1185//1185 1186//1186 1178//1178 1177//1177
f 1186//1186 1187//1187 1179//1179 1178//1178
f 1187//1187 1188//1188 1180//1180 1179//1179
f 1188//1188 1181//1181 1173//1173 1180//1180
f 1189//1189 1190//1190 1182//1182 1181//1181
f 1190//1190 1191//1191 1183//1183 1182//1182
f 1191//1191 1192//1192 1184//1184 1183//1183
f 1192//1192 1193//1193 1185//1185 1184//1184
f 1193//1193 1194//1194 1186//1186 1185//1185
f 1194//1194 1195//1195 1187//1187 1186//1186
f 1195//1195 1196//1196 1188//1188 1187//1187
f 1196//1196 1189//1189 1181//1181 1188//1188
f 1197//1197 1198//1198 1190//1190 1189//1189
f 1198//1198 1199//1199 1191//1191 1190//1190
f 1199//1199 1200//1200 1192//1192 1191//1191
f 1200//1200 1201//1201 1193//1193 1192//1192
f 1201//1201 1202//1202 1194//1194 1193//1193
f 1202//1202 1203//1203 1195//1195 1194//1194
f 1203//1203 1204//1204 1196//1196 1195//1195
f 1204//1204 1197//1197 1189//1189 1196//1196
f 1205//1205 1206//1206 1198//1198 1197//1197
f 1206//1206 1207//1207 1199//1199 1198//1198
f 1207//1207 1208//1208 1200//1200 1199//1199
f 1208//1208 1209//1209 1201//1201 1200//1200
f 1209//1209 1210//1210 1202//1202 1201//1201
f 1210//1210 1211//1211 1203//1203 1202//1202
f 1211//1211 1212//1212 1204//1204 1203//1203
f 1212//1212 1205//1205 1197//1197 1204//1204
g part10
usemtl claw
v 0.40402 1.30564 0.50321
v 0.39126 1.29782 0.49757
v 0.39223 1.28218 0.49437
v 0.40598 1.27436 0.49679
v 0.41874 1.28218 0.50243
v 0.41777 1.29782 0.50563
v 0.39004 1.29379 0.54920
v 0.37849 1.28671 0.54410
v 0.37937 1.27255 0.54120
v 0.39181 1.26547 0.54339
v 0.40337 1.27255 0.54849
v 0.40248 1.28671 0.55140
v 0.37564 1.28154 0.59656
v 0.36552 1.27541 0.59126
v 0.36673 1.26313 0.58729
v 0.37807 1.25698 0.58862
v 0.38818 1.26311 0.59392
v 0.38697 1.27539 0.59790
v 0.36285 1.25841 0.63676
v 0.35487 1.25427 0.63042
v 0.35702 1.24586 0.62366
v 0.36715 1.24159 0.62324
v 0.37513 1.24573 0.62958
v 0.37298 1.25414 0.63634
v 0.35451 1.21966 0.65962
v 0.34889 1.21793 0.65377
v 0.35123 1.21420 0.64674
v 0.35919 1.21219 0.64557
v 0.36482 1.21392 0.65142
v 0.36247 1.21766 0.65844
v 0.34937 1.17465 0.67091
v 0.34594 1.17392 0.66714
v 0.34749 1.17223 0.66253
v 0.35248 1.17128 0.66169
v 0.35591 1.17201 0.66546
v 0.35436 1.17369 0.67006
v 0.34440 1.13065 0.68179
v 0.34306 1.13037 0.68033
v 0.34367 1.12972 0.67854
v 0.34560 1.12935 0.67821
v 0.34694 1.12963 0.67967
v 0.34633 1.13028 0.68146
v 0.40402 1.30564 0.50321
v 0.39126 1.29782 0.49757
v 0.39223 1.28218 0.49437
v 0.40598 1.27436 0.49679
v 0.41874 1.28218 0.50243
v 0.41777 1.29782 0.50563
v 0.40500 1.29000 0.50000
v 0.34440 1.13065 0.68179
v 0.34306 1.13037 0.68033
v 0.34367 1.12972 0.67854
v 0.34560 1.12935 0.67821
v 0.34694 1.12963 0.67967
v 0.34633 1.13028 0.68146
v 0.34500 1.13000 0.68000
vn -0.0696 0.9709 0.2291
vn -0.8674 0.4822 -0.1229
vn -0.8065 -0.4951 -0.3233
vn 0.0522 -0.9838 -0.1717
vn 0.8499 -0.4951 0.1803
vn 0.7890 0.4822 0.3807
vn -0.0698 0.9708 0.2295
vn -0.8674 0.4822 -0.1229
vn -0.8066 -0.4952 -0.3228
vn 0.0518 -0.9840 -0.1704
vn 0.8498 -0.4952 0.1806
vn 0.7890 0.4822 0.3807
vn -0.1055 0.9329 0.3442
vn -0.8842 0.4620 -0.0683
vn -0.7913 -0.4855 -0.3716
vn 0.0802 -0.9615 -0.2628
vn 0.8622 -0.4871 0.1391
vn 0.7691 0.4601 0.4436
vn -0.2073 0.7321 0.6489
vn -0.9325 0.3529 0.0764
vn -0.7381 -0.4137 -0.5330
vn 0.1811 -0.8013 -0.5702
vn 0.9053 -0.4248 0.0045
vn 0.7114 0.3420 0.6139
vn -0.2908 0.4010 0.8687
vn -0.9683 0.1845 0.1683
vn -0.6870 -0.2677 -0.6756
vn 0.2717 -0.5047 -0.8194
vn 0.9467 -0.3017 -0.1130
vn 0.6660 0.1520 0.7303
vn -0.3105 0.2628 0.9135
vn -0.9756 0.1206 0.1836
vn -0.6740 -0.2066 -0.7093
vn 0.2927 -0.3917 -0.8723
vn 0.9576 -0.2507 -0.1421
vn 0.6561 0.0766 0.7508
vn -0.3107 0.2613 0.9139
vn -0.9756 0.1201 0.1837
vn -0.6739 -0.2064 -0.7094
vn 0.2927 -0.3917 -0.8723
vn 0.9576 -0.2505 -0.1421
vn 0.6559 0.0760 0.7510
vn 0.2844 0.2096 -0.9355
vn 0.2844 0.2096 -0.9355
vn 0.2844 0.2096 -0.9355
vn 0.2844 0.2096 -0.9355
vn 0.2844 0.2096 -0.9355
vn 0.2844 0.2096 -0.9355
vn 0.2844 0.2096 -0.9355
vn -0.1303 -0.9446 0.3013
vn -0.1303 -0.9446 0.3013
vn -0.1303 -0.9446 0.3013
vn -0.1303 -0.9446 0.3013
vn -0.1303 -0.9446 0.3013
vn -0.1303 -0.9446 0.3013
vn -0.1303 -0.9446 0.3013
f 1213//1213 1214//1214 1220//1220 1219//1219
f 1214//1214 1215//1215 1221//1221 1220//1220
f 1215//1215 1216//1216 1222//1222 1221//1221
f 1216//1216 1217//1217 1223//1223 1222//1222
f 1217//1217 1218//1218 1224//1224 1223//1223
f 1218//1218 1213//1213 1219//1219 1224//1224
f 1219//1219 1220//1220 1226//1226 1225//1225
f 1220//1220 1221//1221 1227//1227 1226//1226
f 1221//1221 1222//1222 1228//1228 1227//1227
f 1222//1222 1223//1223 1229//1229 1228//1228
f 1223//1223 1224//1224 1230//1230 1229//1229
f 1224//1224 1219//1219 1225//1225 1230//1230
f 1225//1225 1226//1226 1232//1232 1231//1231
f 1226//1226 1227//1227 1233//1233 1232//1232
f 1227//1227 1228//1228 1234//1234 1233//1233
f 1228//1228 1229//1229 1235//1235 1234//1234
f 1229//1229 1230//1230 1236//1236 1235//1235
f 1230//1230 1225//1225 1231//1231 1236//1236
f 1231//1231 1232//1232 1238//1238 1237//1237
f 1232//1232 1233//1233 1239//1239 1238//1238
f 1233//1233 1234//1234 1240//1240 1239//1239
f 1234//1234 1235//1235 1241//1241 1240//1240
f 1235//1235 1236//1236 1242//1242 1241//1241
f 1236//1236 1231//1231 1237//1237 1242//1242
f 1237//1237 1238//1238 1244//1244 1243//1243
f 1238//1238 1239//1239 1245//1245 1244//1244
f 1239//1239 1240//1240 1246//1246 1245//1245
f 1240//1240 1241//1241 1247//1247 1246//1246
f 1241//1241 1242//1242 1248//1248 1247//1247
f 1242//1242 1237//1237 1243//1243 1248//1248
f 1243//1243 1244//1244 1250//1250 1249//1249
f 1244//1244 1245//1245 1251//1251 1250//1250
f 1245//1245 1246//1246 1252//1252 1251//1251
f 1246//1246 1247//1247 1253//1253 1252//1252
f 1247//1247 1248//1248 1254//1254 1253//1253
f 1248//1248 1243//1243 1249//1249 1254//1254
f 1256//1256 1261//1261 1255//1255
f 1257//1257 1261//1261 1256//1256
f 1258//1258 1261//1261 1257//1257
f 1259//1259 1261//1261 1258//1258
f 1260//1260 1261//1261 1259//1259
f 1255//1255 1261//1261 1260//1260
f 1263//1263 1268//1268 1262//1262
f 1264//1264 1268//1268 1263//1263
f 1265//1265 1268//1268 1264//1264
f 1266//1266 1268//1268 1265//1265
f 1267//1267 1268//1268 1266//1266
f 1262//1262 1268//1268 1267//1267
g part11
usemtl claw
v 0.44000 1.30561 0.50350
v 0.42614 1.29781 0.50175
v 0.42614 1.28219 0.49825
v 0.44000 1.27439 0.49650
v 0.45386 1.28219 0.49825
v 0.45386 1.29781 0.50175
v 0.44000 1.29376 0.54946
v 0.42746 1.28670 0.54788
v 0.42746 1.27256 0.54471
v 0.44000 1.26550 0.54313
v 0.45254 1.27256 0.54471
v 0.45254 1.28670 0.54788
v 0.44000 1.28148 0.59692
v 0.42877 1.27537 0.59476
v 0.42877 1.26315 0.59043
v 0.44000 1.25704 0.58827
v 0.45123 1.26315 0.59043
v 0.45123 1.27537 0.59476
v 0.44000 1.25822 0.63731
v 0.43047 1.25411 0.63365
v 0.43047 1.24589 0.62635
v 0.44000 1.24178 0.62269
v 0.44953 1.24589 0.62635
v 0.44953 1.25411 0.63365
v 0.44000 1.21946 0.66010
v 0.43282 1.21769 0.65635
v 0.43282 1.21416 0.64884
v 0.44000 1.21239 0.64509
v 0.44718 1.21416 0.64884
v 0.44718 1.21769 0.65635
v 0.44000 1.17453 0.67120
v 0.43554 1.17375 0.66875
v 0.43554 1.17218 0.66384
v 0.44000 1.17140 0.66139
v 0.44446 1.17218 0.66384
v 0.44446 1.17375 0.66875
v 0.44000 1.13061 0.68191
v 0.43827 1.13030 0.68095
v 0.43827 1.12970 0.67905
v 0.44000 1.12939 0.67809
v 0.44173 1.12970 0.67905
v 0.44173 1.13030 0.68095
v 0.44000 1.30561 0.50350
v 0.42614 1.29781 0.50175
v 0.42614 1.28219 0.49825
v 0.44000 1.27439 0.49650
v 0.45386 1.28219 0.49825
v 0.45386 1.29781 0.50175
v 0.44000 1.29000 0.50000
v 0.44000 1.13061 0.68191
v 0.43827 1.13030 0.68095
v 0.43827 1.12970 0.67905
v 0.44000 1.12939 0.67809
v 0.44173 1.12970 0.67905
v 0.44173 1.13030 0.68095
v 0.44000 1.13000 0.68000
vn 0.0000 0.9683 0.2497
vn -0.8656 0.4807 0.1405
vn -0.8656 -0.4947 -0.0780
vn 0.0000 -0.9823 -0.1873
vn 0.8656 -0.4947 -0.0780
vn 0.8656 0.4807 0.1405
vn 0.0000 0.9682 0.2501
vn -0.8656 0.4807 0.1404
vn -0.8656 -0.4948 -0.0775
vn 0.0000 -0.9826 -0.1858
vn 0.8656 -0.4948 -0.0775
vn 0.8656 0.4807 0.1404
vn 0.0000 0.9270 0.3750
vn -0.8653 0.4577 0.2043
vn -0.8652 -0.4851 -0.1266
vn 0.0000 -0.9583 -0.2857
vn 0.8652 -0.4851 -0.1266
vn 0.8653 0.4577 0.2043
vn 0.0000 0.7136 0.7005
vn -0.8647 0.3370 0.3723
vn -0.8645 -0.4130 -0.2866
vn -0.0000 -0.7863 -0.6179
vn 0.8645 -0.4130 -0.2866
vn 0.8647 0.3370 0.3723
vn 0.0000 0.3754 0.9269
vn -0.8642 0.1546 0.4788
vn -0.8640 -0.2742 -0.4222
vn 0.0000 -0.4818 -0.8763
vn 0.8640 -0.2742 -0.4222
vn 0.8642 0.1546 0.4788
vn 0.0000 0.2384 0.9712
vn -0.8640 0.0858 0.4962
vn -0.8639 -0.2181 -0.4540
vn 0.0000 -0.3695 -0.9292
vn 0.8639 -0.2181 -0.4540
vn 0.8640 0.0858 0.4962
vn 0.0000 0.2368 0.9716
vn -0.8639 0.0852 0.4964
vn -0.8639 -0.2179 -0.4540
vn 0.0000 -0.3695 -0.9292
vn 0.8639 -0.2179 -0.4540
vn 0.8639 0.0852 0.4964
vn -0.0000 0.2186 -0.9758
vn -0.0000 0.2186 -0.9758
vn -0.0000 0.2186 -0.9758
vn -0.0000 0.2186 -0.9758
vn -0.0000 0.2186 -0.9758
vn -0.0000 0.2186 -0.9758
vn -0.0000 0.2186 -0.9758
vn 0.0000 -0.9527 0.3039
vn 0.0000 -0.9527 0.3039
vn 0.0000 -0.9527 0.3039
vn 0.0000 -0.9527 0.3039
vn 0.0000 -0.9527 0.3039
vn 0.0000 -0.9527 0.3039
vn 0.0000 -0.9527 0.3039
f 1269//1269 1270//1270 1276//1276 1275//1275
f 1270//1270 1271//1271 1277//1277 1276//1276
f 1271//1271 1272//1272 1278//1278 1277//1277
f 1272//1272 1273//1273 1279//1279 1278//1278
f 1273//1273 1274//1274 1280//1280 1279//1279
f 1274//1274 1269//1269 1275//1275 1280//1280
f 1275//1275 1276//1276 1282//1282 1281//1281
f 1276//1276 1277//1277 1283//1283 1282//1282
f 1277//1277 1278//1278 1284//1284 1283//1283
f 1278//1278 1279//1279 1285//1285 1284//1284
f 1279//1279 1280//1280 1286//1286 1285//1285
f 1280//1280 1275//1275 1281//1281 1286//1286
f 1281//1281 1282//1282 1288//1288 1287//1287
f 1282//1282 1283//1283 1289//1289 1288//1288
f 1283//1283 1284//1284 1290//1290 1289//1289
f 1284//1284 1285//1285 1291//1291 1290//1290
f 1285//1285 1286//1286 1292//1292 1291//1291
f 1286//1286 1281//1281 1287//1287 1292//1292
f 1287//1287 1288//1288 1294//1294 1293//1293
f 1288//1288 1289//1289 1295//1295 1294//1294
f 1289//1289 1290//1290 1296//1296 1295//1295
f 1290//1290 1291//1291 1297//1297 1296//1296
f 1291//1291 1292//1292 1298//1298 1297//1297
f 1292//1292 1287//1287 1293//1293 1298//1298
f 1293//1293 1294//1294 1300//1300 1299//1299
f 1294//1294 1295//1295 1301//1301 1300//1300
f 1295//1295 1296//1296 1302//1302 1301//1301
f 1296//1296 1297//1297 1303//1303 1302//1302
f 1297//1297 1298//1298 1304//1304 1303//1303
f 1298//1298 1293//1293 1299//1299 1304//1304
f 1299//1299 1300//1300 1306//1306 1305//1305
f 1300//1300 1301//1301 1307//1307 1306//1306
f 1301//1301 1302//1302 1308//1308 1307//1307
f 1302//1302 1303//1303 1309//1309 1308//1308
f 1303//1303 1304//1304 1310//1310 1309//1309
f 1304//1304 1299//1299 1305//1305 1310//1310
f 1312//1312 1317//1317 1311//1311
f 1313//1313 1317//1317 1312//1312
f 1314//1314 1317//1317 1313//1313
f 1315//1315 1317//1317 1314//1314
f 1316//1316 1317//1317 1315//1315
f 1311//1311 1317//1317 1316//1316
f 1319//1319 1324//1324 1318//1318
f 1320//1320 1324//1324 1319//1319
f 1321//1321 1324//1324 1320//1320
f 1322//1322 1324//1324 1321//1321
f 1323//1323 1324//1324 1322//1322
f 1318//1318 1324//1324 1323//1323
g part12
usemtl claw
v 0.47598 1.30564 0.50321
v 0.46223 1.29782 0.50563
v 0.46126 1.28218 0.50243
v 0.47402 1.27436 0.49679
v 0.48777 1.28218 0.49437
v 0.48874 1.29782 0.49757
v 0.48996 1.29379 0.54920
v 0.47752 1.28671 0.55140
v 0.47663 1.27255 0.54849
v 0.48819 1.26547 0.54339
v 0.50063 1.27255 0.54120
v 0.50151 1.28671 0.54410
v 0.50436 1.28154 0.59656
v 0.49303 1.27539 0.59790
v 0.49182 1.26311 0.59392
v 0.50193 1.25698 0.58862
v 0.51327 1.26313 0.58729
v 0.51448 1.27541 0.59126
v 0.51715 1.25841 0.63676
v 0.50702 1.25414 0.63634
v 0.50487 1.24573 0.62958
v 0.51285 1.24159 0.62324
v 0.52298 1.24586 0.62366
v 0.52513 1.25427 0.63042
v 0.52549 1.21966 0.65962
v 0.51753 1.21766 0.65844
v 0.51518 1.21392 0.65142
v 0.52081 1.21219 0.64557
v 0.52877 1.21420 0.64674
v 0.53111 1.21793 0.65377
v 0.53063 1.17465 0.67091
v 0.52564 1.17369 0.67006
v 0.52409 1.17201 0.66546
v 0.52752 1.17128 0.66169
v 0.53251 1.17223 0.66253
v 0.53406 1.17392 0.66714
v 0.53560 1.13065 0.68179
v 0.53367 1.13028 0.68146
v 0.53306 1.12963 0.67967
v 0.53440 1.12935 0.67821
v 0.53633 1.12972 0.67854
v 0.53694 1.13037 0.68033
v 0.47598 1.30564 0.50321
v 0.46223 1.29782 0.50563
v 0.46126 1.28218 0.50243
v 0.47402 1.27436 0.49679
v 0.48777 1.28218 0.49437
v 0.48874 1.29782 0.49757
v 0.47500 1.29000 0.50000
v 0.53560 1.13065 0.68179
v 0.53367 1.13028 0.68146
v 0.53306 1.12963 0.67967
v 0.53440 1.12935 0.67821
v 0.53633 1.12972 0.67854
v 0.53694 1.13037 0.68033
v 0.53500 1.13000 0.68000
vn 0.0696 0.9709 0.2291
vn -0.7890 0.4822 0.3807
vn -0.8499 -0.4951 0.1803
vn -0.0522 -0.9838 -0.1717
vn 0.8065 -0.4951 -0.3233
vn 0.8674 0.4822 -0.1229
vn 0.0698 0.9708 0.2295
vn -0.7890 0.4822 0.3807
vn -0.8498 -0.4952 0.1806
vn -0.0518 -0.9840 -0.1704
vn 0.8066 -0.4952 -0.3228
vn 0.8674 0.4822 -0.1229
vn 0.1055 0.9329 0.3442
vn -0.7691 0.4601 0.4436
vn -0.8622 -0.4871 0.1391
vn -0.0802 -0.9615 -0.2628
vn 0.7913 -0.4855 -0.3716
vn 0.8842 0.4620 -0.0683
vn 0.2073 0.7321 0.6489
vn -0.7114 0.3420 0.6139
vn -0.9053 -0.4248 0.0045
vn -0.1811 -0.8013 -0.5702
vn 0.7381 -0.4137 -0.5330
vn 0.9325 0.3529 0.0764
vn 0.2908 0.4010 0.8687
vn -0.6660 0.1520 0.7303
vn -0.9467 -0.3017 -0.1130
vn -0.2717 -0.5047 -0.8194
vn 0.6870 -0.2677 -0.6756
vn 0.9683 0.1845 0.1683
vn 0.3105 0.2628 0.9135
vn -0.6561 0.0766 0.7508
vn -0.9576 -0.2507 -0.1421
vn -0.2927 -0.3917 -0.8723
vn 0.6740 -0.2066 -0.7093
vn 0.9756 0.1206 0.1836
vn 0.3107 0.2613 0.9139
vn -0.6559 0.0760 0.7510
vn -0.9576 -0.2505 -0.1421
vn -0.2927 -0.3917 -0.8723
vn 0.6739 -0.2064 -0.7094
vn 0.9756 0.1201 0.1837
vn -0.2844 0.2096 -0.9355
vn -0.2844 0.2096 -0.9355
vn -0.2844 0.2096 -0.9355
vn -0.2844 0.2096 -0.9355
vn -0.2844 0.2096 -0.9355
vn -0.2844 0.2096 -0.9355
vn -0.2844 0.2096 -0.9355
vn 0.1303 -0.9446 0.3013
vn 0.1303 -0.9446 0.3013
vn 0.1303 -0.9446 0.3013
vn 0.1303 -0.9446 0.3013
vn 0.1303 -0.9446 0.3013
vn 0.1303 -0.9446 0.3013
vn 0.1303 -0.9446 0.3013
f 1325//1325 1326//1326 1332//1332 1331//1331
f 1326//1326 1327//1327 1333//1333 1332//1332
f 1327//1327 1328//1328 1334//1334 1333//1333
f 1328//1328 1329//1329 1335//1335 1334//1334
f 1329//1329 1330//1330 1336//1336 1335//1335
f 1330//1330 1325//1325 1331//1331 1336//1336
f 1331//1331 1332//1332 1338//1338 1337//1337
f 1332//1332 1333//1333 1339//1339 1338//1338
f 1333//1333 1334//1334 1340//1340 1339//1339
f 1334//1334 1335//1335 1341//1341 1340//1340
f 1335//1335 1336//1336 1342//1342 1341//1341
f 1336//1336 1331//1331 1337//1337 1342//1342
f 1337//1337 1338//1338 1344//1344 1343//1343
f 1338//1338 1339//1339 1345//1345 1344//1344
f 1339//1339 1340//1340 1346//1346 1345//1345
f 1340//1340 1341//1341 1347//1347 1346//1346
f 1341//1341 1342//1342 1348//1348 1347//1347
f 1342//1342 1337//1337 1343//1343 1348//1348
f 1343//1343 1344//1344 1350//1350 1349//1349
f 1344//1344 1345//1345 1351//1351 1350//1350
f 1345//1345 1346//1346 1352//1352 1351//1351
f 1346//1346 1347//1347 1353//1353 1352//1352
f 1347//1347 1348//1348 1354//1354 1353//1353
f 1348//1348 1343//1343 1349//1349 1354//1354
f 1349//1349 1350//1350 1356//1356 1355//1355
f 1350//1350 1351//1351 1357//1357 1356//1356
f 1351//1351 1352//1352 1358//1358 1357//1357
f 1352//1352 1353//1353 1359//1359 1358//1358
f 1353//1353 1354//1354 1360//1360 1359//1359
f 1354//1354 1349//1349 1355//1355 1360//1360
f 1355//1355 1356//1356 1362//1362 1361//1361
f 1356//1356 1357//1357 1363//1363 1362//1362
f 1357//1357 1358//1358 1364//1364 1363//1363
f 1358//1358 1359//1359 1365//1365 1364//1364
f 1359//1359 1360//1360 1366//1366 1365//1365
f 1360//1360 1355//1355 1361//1361 1366//1366
f 1368//1368 1373//1373 1367//1367
f 1369//1369 1373//1373 1368//1368
f 1370//1370 1373//1373 1369//1369
f 1371//1371 1373//1373 1370//1370
f 1372//1372 1373//1373 1371//1371
f 1367//1367 1373//1373 1372//1372
f 1375//1375 1380//1380 1374//1374
f 1376//1376 1380//1380 1375//1375
f 1377//1377 1380//1380 1376//1376
f 1378//1378 1380//1380 1377//1377
f 1379//1379 1380//1380 1378//1378
f 1374//1374 1380//1380 1379//1379
g part13
usemtl face
v 0.00000 2.34000 0.08000
v 0.00000 2.34000 0.08000
v 0.00000 2.34000 0.08000
v 0.00000 2.34000 0.08000
v 0.00000 2.34000 0.08000
v 0.00000 2.34000 0.08000
v 0.00000 2.34000 0.08000
v 0.00000 2.34000 0.08000
v 0.00000 2.34000 0.08000
v 0.00000 2.34000 0.08000
v 0.00000 2.34000 0.08000
v 0.00000 2.34000 0.08000
v 0.00000 2.34000 0.08000
v 0.00000 2.34000 0.08000
v 0.00000 2.34000 0.08000
v 0.00000 2.34000 0.08000
v 0.00000 2.32727 0.12635
v 0.02956 2.32727 0.12282
v 0.05463 2.32727 0.11278
v 0.07137 2.32727 0.09774
v 0.07725 2.32727 0.08000
v 0.07137 2.32727 0.06226
v 0.05463 2.32727 0.04722
v 0.02956 2.32727 0.03718
v 0.00000 2.32727 0.03365
v -0.02956 2.32727 0.03718
v -0.05463 2.32727 0.04722
v -0.07137 2.32727 0.06226
v -0.07725 2.32727 0.08000
v -0.07137 2.32727 0.09774
v -0.05463 2.32727 0.11278
v -0.02956 2.32727 0.12282
v 0.00000 2.29034 0.16817
v 0.05623 2.29034 0.16146
v 0.10391 2.29034 0.14234
v 0.13576 2.29034 0.11374
v 0.14695 2.29034 0.08000
v 0.13576 2.29034 0.04626
v 0.10391 2.29034 0.01766
v 0.05623 2.29034 -0.00146
v 0.00000 2.29034 -0.00817
v -0.05623 2.29034 -0.00146
v -0.10391 2.29034 0.01766
v -0.13576 2.29034 0.04626
v -0.14695 2.29034 0.08000
v -0.13576 2.29034 0.11374
v -0.10391 2.29034 0.14234
v -0.05623 2.29034 0.16146
v 0.00000 2.23282 0.20135
v 0.07740 2.23282 0.19212
v 0.14302 2.23282 0.16581
v 0.18686 2.23282 0.12644
v 0.20225 2.23282 0.08000
v 0.18686 2.23282 0.03356
v 0.14302 2.23282 -0.00581
v 0.07740 2.23282 -0.03212
v 0.00000 2.23282 -0.04135
v -0.07740 2.23282 -0.03212
v -0.14302 2.23282 -0.00581
v -0.18686 2.23282 0.03356
v -0.20225 2.23282 0.08000
v -0.18686 2.23282 0.12644
v -0.14302 2.23282 0.16581
v -0.07740 2.23282 0.19212
v 0.00000 2.16034 0.22266
v 0.09099 2.16034 0.21180
v 0.16812 2.16034 0.18087
v 0.21967 2.16034 0.13459
v 0.23776 2.16034 0.08000
v 0.21967 2.16034 0.02541
v 0.16812 2.16034 -0.02087
v 0.09099 2.16034 -0.05180
v 0.00000 2.16034 -0.06266
v -0.09099 2.16034 -0.05180
v -0.16812 2.16034 -0.02087
v -0.21967 2.16034 0.02541
v -0.23776 2.16034 0.08000
v -0.21967 2.16034 0.13459
v -0.16812 2.16034 0.18087
v -0.09099 2.16034 0.21180
v 0.00000 2.08000 0.23000
v 0.09567 2.08000 0.21858
v 0.17678 2.08000 0.18607
v 0.23097 2.08000 0.13740
v 0.25000 2.08000 0.08000
v 0.23097 2.08000 0.02260
v 0.17678 2.08000 -0.02607
v 0.09567 2.08000 -0.05858
v 0.00000 2.08000 -0.07000
v -0.09567 2.08000 -0.05858
v -0.17678 2.08000 -0.02607
v -0.23097 2.08000 0.02260
v -0.25000 2.08000 0.08000
v -0.23097 2.08000 0.13740
v -0.17678 2.08000 0.18607
v -0.09567 2.08000 0.21858
v 0.00000 1.99966 0.22266
v 0.09099 1.99966 0.21180
v 0.16812 1.99966 0.18087
v 0.21967 1.99966 0.13459
v 0.23776 1.99966 0.08000
v 0.21967 1.99966 0.02541
v 0.16812 1.99966 -0.02087
v 0.09099 1.99966 -0.05180
v 0.00000 1.99966 -0.06266
v -0.09099 1.99966 -0.05180
v -0.16812 1.99966 -0.02087
v -0.21967 1.99966 0.02541
v -0.23776 1.99966 0.08000
v -0.21967 1.99966 0.13459
v -0.16812 1.99966 0.18087
v -0.09099 1.99966 0.21180
v 0.00000 1.92718 0.20135
v 0.07740 1.92718 0.19212
v 0.14302 1.92718 0.16581
v 0.18686 1.92718 0.12644
v 0.20225 1.92718 0.08000
v 0.18686 1.92718 0.03356
v 0.14302 1.92718 -0.00581
v 0.07740 1.92718 -0.03212
v 0.00000 1.92718 -0.04135
v -0.07740 1.92718 -0.03212
v -0.14302 1.92718 -0.00581
v -0.18686 1.92718 0.03356
v -0.20225 1.92718 0.08000
v -0.18686 1.92718 0.12644
v -0.14302 1.92718 0.16581
v -0.07740 1.92718 0.19212
v 0.00000 1.86966 0.16817
v 0.05623 1.86966 0.16146
v 0.10391 1.86966 0.14234
v 0.13576 1.86966 0.11374
v 0.14695 1.86966 0.08000
v 0.13576 1.86966 0.04626
v 0.10391 1.86966 0.01766
v 0.05623 1.86966 -0.00146
v 0.00000 1.86966 -0.00817
v -0.05623 1.86966 -0.00146
v -0.10391 1.86966 0.01766
v -0.13576 1.86966 0.04626
v -0.14695 1.86966 0.08000
v -0.13576 1.86966 0.11374
v -0.10391 1.86966 0.14234
v -0.05623 1.86966 0.16146
v 0.00000 1.83273 0.12635
v 0.02956 1.83273 0.12282
v 0.05463 1.83273 0.11278
v 0.07137 1.83273 0.09774
v 0.07725 1.83273 0.08000
v 0.07137 1.83273 0.06226
v 0.05463 1.83273 0.04722
v 0.02956 1.83273 0.03718
v 0.00000 1.83273 0.03365
v -0.02956 1.83273 0.03718
v -0.05463 1.83273 0.04722
v -0.07137 1.83273 0.06226
v -0.07725 1.83273 0.08000
v -0.07137 1.83273 0.09774
v -0.05463 1.83273 0.11278
v -0.02956 1.83273 0.12282
v 0.00000 1.82000 0.08000
v 0.00000 1.82000 0.08000
v 0.00000 1.82000 0.08000
v 0.00000 1.82000 0.08000
v 0.00000 1.82000 0.08000
v 0.00000 1.82000 0.08000
v 0.00000 1.82000 0.08000
v 0.00000 1.82000 0.08000
v 0.00000 1.82000 0.08000
v -0.00000 1.82000 0.08000
v -0.00000 1.82000 0.08000
v -0.00000 1.82000 0.08000
v -0.00000 1.82000 0.08000
v -0.00000 1.82000 0.08000
v -0.00000 1.82000 0.08000
v -0.00000 1.82000 0.08000
vn 0.0000 1.0000 0.0000
vn 0.0000 1.0000 0.0000
vn 0.0000 1.0000 0.0000
vn 0.0000 1.0000 0.0000
vn 0.0000 1.0000 0.0000
vn 0.0000 1.0000 -0.0000
vn 0.0000 1.0000 -0.0000
vn 0.0000 1.0000 -0.0000
vn 0.0000 1.0000 -0.0000
vn -0.0000 1.0000 -0.0000
vn -0.0000 1.0000 -0.0000
vn -0.0000 1.0000 -0.0000
vn -0.0000 1.0000 -0.0000
vn -0.0000 1.0000 0.0000
vn -0.0000 1.0000 0.0000
vn -0.0000 1.0000 0.0000
vn 0.0000 0.8713 0.4907
vn 0.1140 0.8813 0.4586
vn 0.2167 0.9070 0.3612
vn 0.2919 0.9350 0.2015
vn 0.3201 0.9474 0.0000
vn 0.2919 0.9350 -0.2015
vn 0.2167 0.9070 -0.3612
vn 0.1140 0.8813 -0.4586
vn 0.0000 0.8713 -0.4907
vn -0.1140 0.8813 -0.4586
vn -0.2167 0.9070 -0.3612
vn -0.2919 0.9350 -0.2015
vn -0.3201 0.9474 -0.0000
vn -0.2919 0.9350 0.2015
vn -0.2167 0.9070 0.3612
vn -0.1140 0.8813 0.4586
vn 0.0000 0.6219 0.7831
vn 0.1852 0.6405 0.7453
vn 0.3706 0.6936 0.6177
vn 0.5324 0.7626 0.3675
vn 0.6029 0.7978 0.0000
vn 0.5324 0.7626 -0.3675
vn 0.3706 0.6936 -0.6177
vn 0.1852 0.6405 -0.7453
vn 0.0000 0.6219 -0.7831
vn -0.1852 0.6405 -0.7453
vn -0.3706 0.6936 -0.6177
vn -0.5324 0.7626 -0.3675
vn -0.6029 0.7978 -0.0000
vn -0.5324 0.7626 0.3675
vn -0.3706 0.6936 0.6177
vn -0.1852 0.6405 0.7453
vn 0.0000 0.3866 0.9223
vn 0.2207 0.4030 0.8882
vn 0.4586 0.4531 0.7644
vn 0.6987 0.5283 0.4824
vn 0.8198 0.5727 0.0000
vn 0.6987 0.5283 -0.4824
vn 0.4586 0.4531 -0.7644
vn 0.2207 0.4030 -0.8882
vn 0.0000 0.3866 -0.9223
vn -0.2207 0.4030 -0.8882
vn -0.4586 0.4531 -0.7644
vn -0.6987 0.5283 -0.4824
vn -0.8198 0.5727 -0.0000
vn -0.6987 0.5283 0.4824
vn -0.4586 0.4531 0.7644
vn -0.2207 0.4030 0.8882
vn 0.0000 0.1842 0.9829
vn 0.2366 0.1932 0.9522
vn 0.5017 0.2217 0.8362
vn 0.7928 0.2681 0.5473
vn 0.9545 0.2982 0.0000
vn 0.7928 0.2681 -0.5473
vn 0.5017 0.2217 -0.8362
vn 0.2366 0.1932 -0.9522
vn 0.0000 0.1842 -0.9829
vn -0.2366 0.1932 -0.9522
vn -0.5017 0.2217 -0.8362
vn -0.7928 0.2681 -0.5473
vn -0.9545 0.2982 -0.0000
vn -0.7928 0.2681 0.5473
vn -0.5017 0.2217 0.8362
vn -0.2366 0.1932 0.9522
vn 0.0000 0.0000 1.0000
vn 0.2412 0.0000 0.9705
vn 0.5145 0.0000 0.8575
vn 0.8229 0.0000 0.5681
vn 1.0000 0.0000 0.0000
vn 0.8229 0.0000 -0.5681
vn 0.5145 0.0000 -0.8575
vn 0.2412 0.0000 -0.9705
vn 0.0000 0.0000 -1.0000
vn -0.2412 0.0000 -0.9705
vn -0.5145 0.0000 -0.8575
vn -0.8229 0.0000 -0.5681
vn -1.0000 0.0000 -0.0000
vn -0.8229 0.0000 0.5681
vn -0.5145 0.0000 0.8575
vn -0.2412 0.0000 0.9705
vn 0.0000 -0.1842 0.9829
vn 0.2366 -0.1932 0.9522
vn 0.5017 -0.2217 0.8362
vn 0.7928 -0.2681 0.5473
vn 0.9545 -0.2982 0.0000
vn 0.7928 -0.2681 -0.5473
vn 0.5017 -0.2217 -0.8362
vn 0.2366 -0.1932 -0.9522
vn 0.0000 -0.1842 -0.9829
vn -0.2366 -0.1932 -0.9522
vn -0.5017 -0.2217 -0.8362
vn -0.7928 -0.2681 -0.5473
vn -0.9545 -0.2982 -0.0000
vn -0.7928 -0.2681 0.5473
vn -0.5017 -0.2217 0.8362
vn -0.2366 -0.1932 0.9522
vn 0.0000 -0.3866 0.9223
vn 0.2207 -0.4030 0.8882
vn 0.4586 -0.4531 0.7644
vn 0.6987 -0.5283 0.4824
vn 0.8198 -0.5727 0.0000
vn 0.6987 -0.5283 -0.4824
vn 0.4586 -0.4531 -0.7644
vn 0.2207 -0.4030 -0.8882
vn 0.0000 -0.3866 -0.9223
vn -0.2207 -0.4030 -0.8882
vn -0.4586 -0.4531 -0.7644
vn -0.6987 -0.5283 -0.4824
vn -0.8198 -0.5727 -0.0000
vn -0.6987 -0.5283 0.4824
vn -0.4586 -0.4531 0.7644
vn -0.2207 -0.4030 0.8882
vn 0.0000 -0.6219 0.7831
vn 0.1852 -0.6405 0.7453
vn 0.3706 -0.6936 0.6177
vn 0.5324 -0.7626 0.3675
vn 0.6029 -0.7978 0.0000
vn 0.5324 -0.7626 -0.3675
vn 0.3706 -0.6936 -0.6177
vn 0.1852 -0.6405 -0.7453
vn 0.0000 -0.6219 -0.7831
vn -0.1852 -0.6405 -0.7453
vn -0.3706 -0.6936 -0.6177
vn -0.5324 -0.7626 -0.3675
vn -0.6029 -0.7978 -0.0000
vn -0.5324 -0.7626 0.3675
vn -0.3706 -0.6936 0.6177
vn -0.1852 -0.6405 0.7453
vn 0.0000 -0.8713 0.4907
vn 0.1140 -0.8813 0.4586
vn 0.2167 -0.9070 0.3612
vn 0.2919 -0.9350 0.2015
vn 0.3201 -0.9474 0.0000
vn 0.2919 -0.9350 -0.2015
vn 0.2167 -0.9070 -0.3612
vn 0.1140 -0.8813 -0.4586
vn 0.0000 -0.8713 -0.4907
vn -0.1140 -0.8813 -0.4586
vn -0.2167 -0.9070 -0.3612
vn -0.2919 -0.9350 -0.2015
vn -0.3201 -0.9474 -0.0000
vn -0.2919 -0.9350 0.2015
vn -0.2167 -0.9070 0.3612
vn -0.1140 -0.8813 0.4586
vn 0.0000 -1.0000 0.0000
vn 0.0000 -1.0000 0.0000
vn 0.0000 -1.0000 0.0000
vn 0.0000 -1.0000 0.0000
vn 0.0000 -1.0000 0.0000
vn 0.0000 -1.0000 -0.0000
vn 0.0000 -1.0000 -0.0000
vn 0.0000 -1.0000 -0.0000
vn 0.0000 -1.0000 -0.0000
vn -0.0000 -1.0000 -0.0000
vn -0.0000 -1.0000 -0.0000
vn -0.0000 -1.0000 -0.0000
vn -0.0000 -1.0000 -0.0000
vn -0.0000 -1.0000 0.0000
vn -0.0000 -1.0000 0.0000
vn -0.0000 -1.0000 0.0000
f 1397//1397 1398//1398 1382//1382 1381//1381
f 1398//1398 1399//1399 1383//1383 1382//1382
f 1399//1399 1400//1400 1384//1384 1383//1383
f 1400//1400 1401//1401 1385//1385 1384//1384
f 1401//1401 1402//1402 1386//1386 1385//1385
f 1402//1402 1403//1403 1387//1387 1386//1386
f 1403//1403 1404//1404 1388//1388 1387//1387
f 1404//1404 1405//1405 1389//1389 1388//1388
f 1405//1405 1406//1406 1390//1390 1389//1389
f 1406//1406 1407//1407 1391//1391 1390//1390
f 1407//1407 1408//1408 1392//1392 1391//1391
f 1408//1408 1409//1409 1393//1393 1392//1392
f 1409//1409 1410//1410 1394//1394 1393//1393
f 1410//1410 1411//1411 1395//1395 1394//1394
f 1411//1411 1412//1412 1396//1396 1395//1395
f 1412//1412 1397//1397 1381//1381 1396//1396
f 1413//1413 1414//1414 1398//1398 1397//1397
f 1414//1414 1415//1415 1399//1399 1398//1398
f 1415//1415 1416//1416 1400//1400 1399//1399
f 1416//1416 1417//1417 1401//1401 1400//1400
f 1417//1417 1418//1418 1402//1402 1401//1401
f 1418//1418 1419//1419 1403//1403 1402//1402
f 1419//1419 1420//1420 1404//1404 1403//1403
f 1420//1420 1421//1421 1405//1405 1404//1404
f 1421//1421 1422//1422 1406//1406 1405//1405
f 1422//1422 1423//1423 1407//1407 1406//1406
f 1423//1423 1424//1424 1408//1408 1407//1407
f 1424//1424 1425//1425 1409//1409 1408//1408
f 1425//1425 1426//1426 1410//1410 1409//1409
f 1426//1426 1427//1427 1411//1411 1410//1410
f 1427//1427 1428//1428 1412//1412 1411//1411
f 1428//1428 1413//1413 1397//1397 1412//1412
f 1429//1429 1430//1430 1414//1414 1413//1413
f 1430//1430 1431//1431 1415//1415 1414//1414
f 1431//1431 1432//1432 1416//1416 1415//1415
f 1432//1432 1433//1433 1417//1417 1416//1416
f 1433//1433 1434//1434 1418//1418 1417//1417
f 1434//1434 1435//1435 1419//1419 1418//1418
f 1435//1435 1436//1436 1420//1420 1419//1419
f 1436//1436 1437//1437 1421//1421 1420//1420
f 1437//1437 1438//1438 1422//1422 1421//1421
f 1438//1438 1439//1439 1423//1423 1422//1422
f 1439//1439 1440//1440 1424//1424 1423//1423
f 1440//1440 1441//1441 1425//1425 1424//1424
f 1441//1441 1442//1442 1426//1426 1425//1425
f 1442//1442 1443//1443 1427//1427 1426//1426
f 1443//1443 1444//1444 1428//1428 1427//1427
f 1444//1444 1429//1429 1413//1413 1428//1428
f 1445//1445 1446//1446 1430//1430 1429//1429
f 1446//1446 1447//1447 1431//1431 1430//1430
f 1447//1447 1448//1448 1432//1432 1431//1431
f 1448//1448 1449//1449 1433//1433 1432//1432
f 1449//1449 1450//1450 1434//1434 1433//1433
f 1450//1450 1451//1451 1435//1435 1434//1434
f 1451//1451 1452//1452 1436//1436 1435//1435
f 1452//1452 1453//1453 1437//1437 1436//1436
f 1453//1453 1454//1454 1438//1438 1437//1437
f 1454//1454 1455//1455 1439//1439 1438//1438
f 1455//1455 1456//1456 1440//1440 1439//1439
f 1456//1456 1457//1457 1441//1441 1440//1440
f 1457//1457 1458//1458 1442//1442 1441//1441
f 1458//1458 1459//1459 1443//1443 1442//1442
f 1459//1459 1460//1460 1444//1444 1443//1443
f 1460//1460 1445//1445 1429//1429 1444//1444
f 1461//1461 1462//1462 1446//1446 1445//1445
f 1462//1462 1463//1463 1447//1447 1446//1446
f 1463//1463 1464//1464 1448//1448 1447//1447
f 1464//1464 1465//1465 1449//1449 1448//1448
f 1465//1465 1466//1466 1450//1450 1449//1449
f 1466//1466 1467//1467 1451//1451 1450//1450
f 1467//1467 1468//1468 1452//1452 1451//1451
f 1468//1468 1469//1469 1453//1453 1452//1452
f 1469//1469 1470//1470 1454//1454 1453//1453
f 1470//1470 1471//1471 1455//1455 1454//1454
f 1471//1471 1472//1472 1456//1456 1455//1455
f 1472//1472 1473//1473 1457//1457 1456//1456
f 1473//1473 1474//1474 1458//1458 1457//1457
f 1474//1474 1475//1475 1459//1459 1458//1458
f 1475//1475 1476//1476 1460//1460 1459//1459
f 1476//1476 1461//1461 1445//1445 1460//1460
f 1477//1477 1478//1478 1462//1462 1461//1461
f 1478//1478 1479//1479 1463//1463 1462//1462
f 1479//1479 1480//1480 1464//1464 1463//1463
f 1480//1480 1481//1481 1465//1465 1464//1464
f 1481//1481 1482//1482 1466//1466 1465//1465
f 1482//1482 1483//1483 1467//1467 1466//1466
f 1483//1483 1484//1484 1468//1468 1467//1467
f 1484//1484 1485//1485 1469//1469 1468//1468
f 1485//1485 1486//1486 1470//1470 1469//1469
f 1486//1486 1487//1487 1471//1471 1470//1470
f 1487//1487 1488//1488 1472//1472 1471//1471
f 1488//1488 1489//1489 1473//1473 1472//1472
f 1489//1489 1490//1490 1474//1474 1473//1473
f 1490//1490 1491//1491 1475//1475 1474//1474
f 1491//1491 1492//1492 1476//1476 1475//1475
f 1492//1492 1477//1477 1461//1461 1476//1476
f 1493//1493 1494//1494 1478//1478 1477//1477
f 1494//1494 1495//1495 1479//1479 1478//1478
f 1495//1495 1496//1496 1480//1480 1479//1479
f 1496//1496 1497//1497 1481//1481 1480//1480
f 1497//1497 1498//1498 1482//1482 1481//1481
f 1498//1498 1499//1499 1483//1483 1482//1482
f 1499//1499 1500//1500 1484//1484 1483//1483
f 1500//1500 1501//1501 1485//1485 1484//1484
f 1501//1501 1502//1502 1486//1486 1485//1485
f 1502//1502 1503//1503 1487//1487 1486//1486
f 1503//1503 1504//1504 1488//1488 1487//1487
f 1504//1504 1505//1505 1489//1489 1488//1488
f 1505//1505 1506//1506 1490//1490 1489//1489
f 1506//1506 1507//1507 1491//1491 1490//1490
f 1507//1507 1508//1508 1492//1492 1491//1491
f 1508//1508 1493//1493 1477//1477 1492//1492
f 1509//1509 1510//1510 1494//1494 1493//1493
f 1510//1510 1511//1511 1495//1495 1494//1494
f 1511//1511 1512//1512 1496//1496 1495//1495
f 1512//1512 1513//1513 1497//1497 1496//1496
f 1513//1513 1514//1514 1498//1498 1497//1497
f 1514//1514 1515//1515 1499//1499 1498//1498
f 1515//1515 1516//1516 1500//1500 1499//1499
f 1516//1516 1517//1517 1501//1501 1500//1500
f 1517//1517 1518//1518 1502//1502 1501//1501
f 1518//1518 1519//1519 1503//1503 1502//1502
f 1519//1519 1520//1520 1504//1504 1503//1503
f 1520//1520 1521//1521 1505//1505 1504//1504
f 1521//1521 1522//1522 1506//1506 1505//1505
f 1522//1522 1523//1523 1507//1507 1506//1506
f 1523//1523 1524//1524 1508//1508 1507//1507
f 1524//1524 1509//1509 1493//1493 1508//1508
f 1525//1525 1526//1526 1510//1510 1509//1509
f 1526//1526 1527//1527 1511//1511 1510//1510
f 1527//1527 1528//1528 1512//1512 1511//1511
f 1528//1528 1529//1529 1513//1513 1512//1512
f 1529//1529 1530//1530 1514//1514 1513//1513
f 1530//1530 1531//1531 1515//1515 1514//1514
f 1531//1531 1532//1532 1516//1516 1515//1515
f 1532//1532 1533//1533 1517//1517 1516//1516
f 1533//1533 1534//1534 1518//1518 1517//1517
f 1534//1534 1535//1535 1519//1519 1518//1518
f 1535//1535 1536//1536 1520//1520 1519//1519
f 1536//1536 1537//1537 1521//1521 1520//1520
f 1537//1537 1538//1538 1522//1522 1521//1521
f 1538//1538 1539//1539 1523//1523 1522//1522
f 1539//1539 1540//1540 1524//1524 1523//1523
f 1540//1540 1525//1525 1509//1509 1524//1524
f 1541//1541 1542//1542 1526//1526 1525//1525
f 1542//1542 1543//1543 1527//1527 1526//1526
f 1543//1543 1544//1544 1528//1528 1527//1527
f 1544//1544 1545//1545 1529//1529 1528//1528
f 1545//1545 1546//1546 1530//1530 1529//1529
f 1546//1546 1547//1547 1531//1531 1530//1530
f 1547//1547 1548//1548 1532//1532 1531//1531
f 1548//1548 1549//1549 1533//1533 1532//1532
f 1549//1549 1550//1550 1534//1534 1533//1533
f 1550//1550 1551//1551 1535//1535 1534//1534
f 1551//1551 1552//1552 1536//1536 1535//1535
f 1552//1552 1553//1553 1537//1537 1536//1536
f 1553//1553 1554//1554 1538//1538 1537//1537
f 1554//1554 1555//1555 1539//1539 1538//1538
f 1555//1555 1556//1556 1540//1540 1539//1539
f 1556//1556 1541//1541 1525//1525 1540//1540
g part14
usemtl hood
v 0.00000 2.01600 -0.04000
v 0.00035 2.01122 -0.04000
v 0.00275 1.99727 -0.04001
v 0.00910 1.97531 -0.04006
v 0.02100 1.94719 -0.04032
v 0.03963 1.91524 -0.04113
v 0.06562 1.88213 -0.04310
v 0.09907 1.85064 -0.04707
v 0.13943 1.82346 -0.05400
v 0.18562 1.80294 -0.06481
v 0.23600 1.79100 -0.08010
v 0.28857 1.78896 -0.09996
v 0.34100 1.79750 -0.12372
v 0.39083 1.81668 -0.14998
v 0.43563 1.84596 -0.17664
v 0.47314 1.88430 -0.20118
v 0.50143 1.93034 -0.22103
v 0.51903 1.98246 -0.23396
v 0.52500 2.03900 -0.23845
v 0.51903 2.09836 -0.23396
v 0.50143 2.15909 -0.22103
v 0.47314 2.22000 -0.20118
v 0.43563 2.28013 -0.17664
v 0.39083 2.33879 -0.14998
v 0.34100 2.39550 -0.12372
v 0.28857 2.44994 -0.09996
v 0.23600 2.50187 -0.08010
v 0.18562 2.55106 -0.06481
v 0.13943 2.59722 -0.05400
v 0.09907 2.63998 -0.04707
v 0.06562 2.67887 -0.04310
v 0.03963 2.71332 -0.04113
v 0.02100 2.74270 -0.04032
v 0.00910 2.76638 -0.04006
v 0.00275 2.78378 -0.04001
v 0.00035 2.79442 -0.04000
v 0.00000 2.79800 -0.04000
v -0.00035 2.79442 -0.04000
v -0.00275 2.78378 -0.04001
v -0.00910 2.76638 -0.04006
v -0.02100 2.74270 -0.04032
v -0.03963 2.71332 -0.04113
v -0.06563 2.67887 -0.04310
v -0.09907 2.63998 -0.04707
v -0.13943 2.59722 -0.05400
v -0.18562 2.55106 -0.06481
v -0.23600 2.50187 -0.08010
v -0.28857 2.44994 -0.09996
v -0.34100 2.39550 -0.12372
v -0.39083 2.33879 -0.14998
v -0.43563 2.28013 -0.17664
v -0.47314 2.22000 -0.20118
v -0.50143 2.15909 -0.22103
v -0.51903 2.09836 -0.23396
v -0.52500 2.03900 -0.23845
v -0.51903 1.98246 -0.23396
v -0.50143 1.93034 -0.22103
v -0.47314 1.88430 -0.20118
v -0.43563 1.84596 -0.17664
v -0.39083 1.81668 -0.14998
v -0.34100 1.79750 -0.12372
v -0.28857 1.78896 -0.09996
v -0.23600 1.79100 -0.08010
v -0.18562 1.80294 -0.06481
v -0.13943 1.82346 -0.05400
v -0.09907 1.85064 -0.04707
v -0.06563 1.88213 -0.04310
v -0.03963 1.91524 -0.04113
v -0.02100 1.94719 -0.04032
v -0.00910 1.97531 -0.04006
v -0.00275 1.99727 -0.04001
v -0.00035 2.01122 -0.04000
v 0.00000 2.18000 -0.04000
vn 0.0000 0.0000 1.0000
vn 0.0000 0.0000 1.0000
vn 0.0000 0.0000 1.0000
vn 0.0000 0.0000 1.0000
vn 0.0000 0.0000 1.0000
vn 0.0000 0.0000 1.0000
vn 0.0000 0.0000 1.0000
vn 0.0000 0.0000 1.0000
vn 0.0000 0.0000 1.0000
vn 0.0000 0.0000 1.0000
vn 0.0000 0.0000 1.0000
vn 0.0000 0.0000 1.0000
vn 0.0000 0.0000 1.0000
vn 0.0000 0.0000 1.0000
vn 0.0000 0.0000 1.0000
vn 0.0000 0.0000 1.0000
vn 0.0000 0.0000 1.0000
vn 0.0000 0.0000 1.0000
vn 0.0000 0.0000 1.0000
vn 0.0000 0.0000 1.0000
vn 0.0000 0.0000 1.0000
vn 0.0000 0.0000 1.0000
vn 0.0000 0.0000 1.0000
vn 0.0000 0.0000 1.0000
vn 0.0000 0.0000 1.0000
vn 0.0000 0.0000 1.0000
vn 0.0000 0.0000 1.0000
vn 0.0000 0.0000 1.0000
vn 0.0000 0.0000 1.0000
vn 0.0000 0.0000 1.0000
vn 0.0000 0.0000 1.0000
vn 0.0000 0.0000 1.0000
vn 0.0000 0.0000 1.0000
vn 0.0000 0.0000 1.0000
vn 0.0000 0.0000 1.0000
vn 0.0000 0.0000 1.0000
vn 0.0000 0.0000 1.0000
vn 0.0000 0.0000 1.0000
vn 0.0000 0.0000 1.0000
vn 0.0000 0.0000 1.0000
vn 0.0000 0.0000 1.0000
vn 0.0000 0.0000 1.0000
vn 0.0000 0.0000 1.0000
vn 0.0000 0.0000 1.0000
vn 0.0000 0.0000 1.0000
vn 0.0000 0.0000 1.0000
vn 0.0000 0.0000 1.0000
vn 0.0000 0.0000 1.0000
vn 0.0000 0.0000 1.0000
vn 0.0000 0.0000 1.0000
vn 0.0000 0.0000 1.0000
vn 0.0000 0.0000 1.0000
vn 0.0000 0.0000 1.0000
vn 0.0000 0.0000 1.0000
vn 0.0000 0.0000 1.0000
vn 0.0000 0.0000 1.0000
vn 0.0000 0.0000 1.0000
vn 0.0000 0.0000 1.0000
vn 0.0000 0.0000 1.0000
vn 0.0000 0.0000 1.0000
vn 0.0000 0.0000 1.0000
vn 0.0000 0.0000 1.0000
vn 0.0000 0.0000 1.0000
vn 0.0000 0.0000 1.0000
vn 0.0000 0.0000 1.0000
vn 0.0000 0.0000 1.0000
vn 0.0000 0.0000 1.0000
vn 0.0000 0.0000 1.0000
vn 0.0000 0.0000 1.0000
vn 0.0000 0.0000 1.0000
vn 0.0000 0.0000 1.0000
vn 0.0000 0.0000 1.0000
vn 0.0000 0.0000 1.0000
f 1629//1629 1557//1557 1558//1558
f 1629//1629 1558//1558 1559//1559
f 1629//1629 1559//1559 1560//1560
f 1629//1629 1560//1560 1561//1561
f 1629//1629 1561//1561 1562//1562
f 1629//1629 1562//1562 1563//1563
f 1629//1629 1563//1563 1564//1564
f 1629//1629 1564//1564 1565//1565
f 1629//1629 1565//1565 1566//1566
f 1629//1629 1566//1566 1567//1567
f 1629//1629 1567//1567 1568//1568
f 1629//1629 1568//1568 1569//1569
f 1629//1629 1569//1569 1570//1570
f 1629//1629 1570//1570 1571//1571
f 1629//1629 1571//1571 1572//1572
f 1629//1629 1572//1572 1573//1573
f 1629//1629 1573//1573 1574//1574
f 1629//1629 1574//1574 1575//1575
f 1629//1629 1575//1575 1576//1576
f 1629//1629 1576//1576 1577//1577
f 1629//1629 1577//1577 1578//1578
f 1629//1629 1578//1578 1579//1579
f 1629//1629 1579//1579 1580//1580
f 1629//1629 1580//1580 1581//1581
f 1629//1629 1581//1581 1582//1582
f 1629//1629 1582//1582 1583//1583
f 1629//1629 1583//1583 1584//1584
f 1629//1629 1584//1584 1585//1585
f 1629//1629 1585//1585 1586//1586
f 1629//1629 1586//1586 1587//1587
f 1629//1629 1587//1587 1588//1588
f 1629//1629 1588//1588 1589//1589
f 1629//1629 1589//1589 1590//1590
f 1629//1629 1590//1590 1591//1591
f 1629//1629 1591//1591 1592//1592
f 1629//1629 1592//1592 1593//1593
f 1629//1629 1593//1593 1594//1594
f 1629//1629 1594//1594 1595//1595
f 1629//1629 1595//1595 1596//1596
f 1629//1629 1596//1596 1597//1597
f 1629//1629 1597//1597 1598//1598
f 1629//1629 1598//1598 1599//1599
f 1629//1629 1599//1599 1600//1600
f 1629//1629 1600//1600 1601//1601
f 1629//1629 1601//1601 1602//1602
f 1629//1629 1602//1602 1603//1603
f 1629//1629 1603//1603 1604//1604
f 1629//1629 1604//1604 1605//1605
f 1629//1629 1605//1605 1606//1606
f 1629//1629 1606//1606 1607//1607
f 1629//1629 1607//1607 1608//1608
f 1629//1629 1608//1608 1609//1609
f 1629//1629 1609//1609 1610//1610
f 1629//1629 1610//1610 1611//1611
f 1629//1629 1611//1611 1612//1612
f 1629//1629 1612//1612 1613//1613
f 1629//1629 1613//1613 1614//1614
f 1629//1629 1614//1614 1615//1615
f 1629//1629 1615//1615 1616//1616
f 1629//1629 1616//1616 1617//1617
f 1629//1629 1617//1617 1618//1618
f 1629//1629 1618//1618 1619//1619
f 1629//1629 1619//1619 1620//1620
f 1629//1629 1620//1620 1621//1621
f 1629//1629 1621//1621 1622//1622
f 1629//1629 1622//1622 1623//1623
f 1629//1629 1623//1623 1624//1624
f 1629//1629 1624//1624 1625//1625
f 1629//1629 1625//1625 1626//1626
f 1629//1629 1626//1626 1627//1627
f 1629//1629 1627//1627 1628//1628
f 1629//1629 1628//1628 1557//1557
g part15
usemtl hood
v 0.00000 2.01600 -0.08000
v 0.00035 2.01122 -0.08000
v 0.00275 1.99727 -0.08001
v 0.00910 1.97531 -0.08006
v 0.02100 1.94719 -0.08032
v 0.03963 1.91524 -0.08113
v 0.06562 1.88213 -0.08310
v 0.09907 1.85064 -0.08707
v 0.13943 1.82346 -0.09400
v 0.18562 1.80294 -0.10481
v 0.23600 1.79100 -0.12010
v 0.28857 1.78896 -0.13996
v 0.34100 1.79750 -0.16372
v 0.39083 1.81668 -0.18998
v 0.43563 1.84596 -0.21664
v 0.47314 1.88430 -0.24118
v 0.50143 1.93034 -0.26103
v 0.51903 1.98246 -0.27396
v 0.52500 2.03900 -0.27845
v 0.51903 2.09836 -0.27396
v 0.50143 2.15909 -0.26103
v 0.47314 2.22000 -0.24118
v 0.43563 2.28013 -0.21664
v 0.39083 2.33879 -0.18998
v 0.34100 2.39550 -0.16372
v 0.28857 2.44994 -0.13996
v 0.23600 2.50187 -0.12010
v 0.18562 2.55106 -0.10481
v 0.13943 2.59722 -0.09400
v 0.09907 2.63998 -0.08707
v 0.06562 2.67887 -0.08310
v 0.03963 2.71332 -0.08113
v 0.02100 2.74270 -0.08032
v 0.00910 2.76638 -0.08006
v 0.00275 2.78378 -0.08001
v 0.00035 2.79442 -0.08000
v 0.00000 2.79800 -0.08000
v -0.00035 2.79442 -0.08000
v -0.00275 2.78378 -0.08001
v -0.00910 2.76638 -0.08006
v -0.02100 2.74270 -0.08032
v -0.03963 2.71332 -0.08113
v -0.06563 2.67887 -0.08310
v -0.09907 2.63998 -0.08707
v -0.13943 2.59722 -0.09400
v -0.18562 2.55106 -0.10481
v -0.23600 2.50187 -0.12010
v -0.28857 2.44994 -0.13996
v -0.34100 2.39550 -0.16372
v -0.39083 2.33879 -0.18998
v -0.43563 2.28013 -0.21664
v -0.47314 2.22000 -0.24118
v -0.50143 2.15909 -0.26103
v -0.51903 2.09836 -0.27396
v -0.52500 2.03900 -0.27845
v -0.51903 1.98246 -0.27396
v -0.50143 1.93034 -0.26103
v -0.47314 1.88430 -0.24118
v -0.43563 1.84596 -0.21664
v -0.39083 1.81668 -0.18998
v -0.34100 1.79750 -0.16372
v -0.28857 1.78896 -0.13996
v -0.23600 1.79100 -0.12010
v -0.18562 1.80294 -0.10481
v -0.13943 1.82346 -0.09400
v -0.09907 1.85064 -0.08707
v -0.06563 1.88213 -0.08310
v -0.03963 1.91524 -0.08113
v -0.02100 1.94719 -0.08032
v -0.00910 1.97531 -0.08006
v -0.00275 1.99727 -0.08001
v -0.00035 2.01122 -0.08000
v 0.00000 2.18000 -0.08000
vn 0.0000 0.0000 -1.0000
vn 0.0000 0.0000 -1.0000
vn 0.0000 0.0000 -1.0000
vn 0.0000 0.0000 -1.0000
vn 0.0000 0.0000 -1.0000
vn 0.0000 0.0000 -1.0000
vn 0.0000 0.0000 -1.0000
vn 0.0000 0.0000 -1.0000
vn 0.0000 0.0000 -1.0000
vn 0.0000 0.0000 -1.0000
vn 0.0000 0.0000 -1.0000
vn 0.0000 0.0000 -1.0000
vn 0.0000 0.0000 -1.0000
vn 0.0000 0.0000 -1.0000
vn 0.0000 0.0000 -1.0000
vn 0.0000 0.0000 -1.0000
vn 0.0000 0.0000 -1.0000
vn 0.0000 0.0000 -1.0000
vn 0.0000 0.0000 -1.0000
vn 0.0000 0.0000 -1.0000
vn 0.0000 0.0000 -1.0000
vn 0.0000 0.0000 -1.0000
vn 0.0000 0.0000 -1.0000
vn 0.0000 0.0000 -1.0000
vn 0.0000 0.0000 -1.0000
vn 0.0000 0.0000 -1.0000
vn 0.0000 0.0000 -1.0000
vn 0.0000 0.0000 -1.0000
vn 0.0000 0.0000 -1.0000
vn 0.0000 0.0000 -1.0000
vn 0.0000 0.0000 -1.0000
vn 0.0000 0.0000 -1.0000
vn 0.0000 0.0000 -1.0000
vn 0.0000 0.0000 -1.0000
vn 0.0000 0.0000 -1.0000
vn 0.0000 0.0000 -1.0000
vn 0.0000 0.0000 -1.0000
vn 0.0000 0.0000 -1.0000
vn 0.0000 0.0000 -1.0000
vn 0.0000 0.0000 -1.0000
vn 0.0000 0.0000 -1.0000
vn 0.0000 0.0000 -1.0000
vn 0.0000 0.0000 -1.0000
vn 0.0000 0.0000 -1.0000
vn 0.0000 0.0000 -1.0000
vn 0.0000 0.0000 -1.0000
vn 0.0000 0.0000 -1.0000
vn 0.0000 0.0000 -1.0000
vn 0.0000 0.0000 -1.0000
vn 0.0000 0.0000 -1.0000
vn 0.0000 0.0000 -1.0000
vn 0.0000 0.0000 -1.0000
vn 0.0000 0.0000 -1.0000
vn 0.0000 0.0000 -1.0000
vn 0.0000 0.0000 -1.0000
vn 0.0000 0.0000 -1.0000
vn 0.0000 0.0000 -1.0000
vn 0.0000 0.0000 -1.0000
vn 0.0000 0.0000 -1.0000
vn 0.0000 0.0000 -1.0000
vn 0.0000 0.0000 -1.0000
vn 0.0000 0.0000 -1.0000
vn 0.0000 0.0000 -1.0000
vn 0.0000 0.0000 -1.0000
vn 0.0000 0.0000 -1.0000
vn 0.0000 0.0000 -1.0000
vn 0.0000 0.0000 -1.0000
vn 0.0000 0.0000 -1.0000
vn 0.0000 0.0000 -1.0000
vn 0.0000 0.0000 -1.0000
vn 0.0000 0.0000 -1.0000
vn 0.0000 0.0000 -1.0000
vn 0.0000 0.0000 -1.0000
f 1702//1702 1631//1631 1630//1630
f 1702//1702 1632//1632 1631//1631
f 1702//1702 1633//1633 1632//1632
f 1702//1702 1634//1634 1633//1633
f 1702//1702 1635//1635 1634//1634
f 1702//1702 1636//1636 1635//1635
f 1702//1702 1637//1637 1636//1636
f 1702//1702 1638//1638 1637//1637
f 1702//1702 1639//1639 1638//1638
f 1702//1702 1640//1640 1639//1639
f 1702//1702 1641//1641 1640//1640
f 1702//1702 1642//1642 1641//1641
f 1702//1702 1643//1643 1642//1642
f 1702//1702 1644//1644 1643//1643
f 1702//1702 1645//1645 1644//1644
f 1702//1702 1646//1646 1645//1645
f 1702//1702 1647//1647 1646//1646
f 1702//1702 1648//1648 1647//1647
f 1702//1702 1649//1649 1648//1648
f 1702//1702 1650//1650 1649//1649
f 1702//1702 1651//1651 1650//1650
f 1702//1702 1652//1652 1651//1651
f 1702//1702 1653//1653 1652//1652
f 1702//1702 1654//1654 1653//1653
f 1702//1702 1655//1655 1654//1654
f 1702//1702 1656//1656 1655//1655
f 1702//1702 1657//1657 1656//1656
f 1702//1702 1658//1658 1657//1657
f 1702//1702 1659//1659 1658//1658
f 1702//1702 1660//1660 1659//1659
f 1702//1702 1661//1661 1660//1660
f 1702//1702 1662//1662 1661//1661
f 1702//1702 1663//1663 1662//1662
f 1702//1702 1664//1664 1663//1663
f 1702//1702 1665//1665 1664//1664
f 1702//1702 1666//1666 1665//1665
f 1702//1702 1667//1667 1666//1666
f 1702//1702 1668//1668 1667//1667
f 1702//1702 1669//1669 1668//1668
f 1702//1702 1670//1670 1669//1669
f 1702//1702 1671//1671 1670//1670
f 1702//1702 1672//1672 1671//1671
f 1702//1702 1673//1673 1672//1672
f 1702//1702 1674//1674 1673//1673
f 1702//1702 1675//1675 1674//1674
f 1702//1702 1676//1676 1675//1675
f 1702//1702 1677//1677 1676//1676
f 1702//1702 1678//1678 1677//1677
f 1702//1702 1679//1679 1678//1678
f 1702//1702 1680//1680 1679//1679
f 1702//1702 1681//1681 1680//1680
f 1702//1702 1682//1682 1681//1681
f 1702//1702 1683//1683 1682//1682
f 1702//1702 1684//1684 1683//1683
f 1702//1702 1685//1685 1684//1684
f 1702//1702 1686//1686 1685//1685
f 1702//1702 1687//1687 1686//1686
f 1702//1702 1688//1688 1687//1687
f 1702//1702 1689//1689 1688//1688
f 1702//1702 1690//1690 1689//1689
f 1702//1702 1691//1691 1690//1690
f 1702//1702 1692//1692 1691//1691
f 1702//1702 1693//1693 1692//1692
f 1702//1702 1694//1694 1693//1693
f 1702//1702 1695//1695 1694//1694
f 1702//1702 1696//1696 1695//1695
f 1702//1702 1697//1697 1696//1696
f 1702//1702 1698//1698 1697//1697
f 1702//1702 1699//1699 1698//1698
f 1702//1702 1700//1700 1699//1699
f 1702//1702 1701//1701 1700//1700
f 1702//1702 1630//1630 1701//1701
g part16
usemtl hood
v 0.00000 2.01600 -0.04000
v 0.00000 2.01600 -0.08000
v 0.00035 2.01122 -0.04000
v 0.00035 2.01122 -0.08000
v 0.00275 1.99727 -0.04001
v 0.00275 1.99727 -0.08001
v 0.00910 1.97531 -0.04006
v 0.00910 1.97531 -0.08006
v 0.02100 1.94719 -0.04032
v 0.02100 1.94719 -0.08032
v 0.03963 1.91524 -0.04113
v 0.03963 1.91524 -0.08113
v 0.06562 1.88213 -0.04310
v 0.06562 1.88213 -0.08310
v 0.09907 1.85064 -0.04707
v 0.09907 1.85064 -0.08707
v 0.13943 1.82346 -0.05400
v 0.13943 1.82346 -0.09400
v 0.18562 1.80294 -0.06481
v 0.18562 1.80294 -0.10481
v 0.23600 1.79100 -0.08010
v 0.23600 1.79100 -0.12010
v 0.28857 1.78896 -0.09996
v 0.28857 1.78896 -0.13996
v 0.34100 1.79750 -0.12372
v 0.34100 1.79750 -0.16372
v 0.39083 1.81668 -0.14998
v 0.39083 1.81668 -0.18998
v 0.43563 1.84596 -0.17664
v 0.43563 1.84596 -0.21664
v 0.47314 1.88430 -0.20118
v 0.47314 1.88430 -0.24118
v 0.50143 1.93034 -0.22103
v 0.50143 1.93034 -0.26103
v 0.51903 1.98246 -0.23396
v 0.51903 1.98246 -0.27396
v 0.52500 2.03900 -0.23845
v 0.52500 2.03900 -0.27845
v 0.51903 2.09836 -0.23396
v 0.51903 2.09836 -0.27396
v 0.50143 2.15909 -0.22103
v 0.50143 2.15909 -0.26103
v 0.47314 2.22000 -0.20118
v 0.47314 2.22000 -0.24118
v 0.43563 2.28013 -0.17664
v 0.43563 2.28013 -0.21664
v 0.39083 2.33879 -0.14998
v 0.39083 2.33879 -0.18998
v 0.34100 2.39550 -0.12372
v 0.34100 2.39550 -0.16372
v 0.28857 2.44994 -0.09996
v 0.28857 2.44994 -0.13996
v 0.23600 2.50187 -0.08010
v 0.23600 2.50187 -0.12010
v 0.18562 2.55106 -0.06481
v 0.18562 2.55106 -0.10481
v 0.13943 2.59722 -0.05400
v 0.13943 2.59722 -0.09400
v 0.09907 2.63998 -0.04707
v 0.09907 2.63998 -0.08707
v 0.06562 2.67887 -0.04310
v 0.06562 2.67887 -0.08310
v 0.03963 2.71332 -0.04113
v 0.03963 2.71332 -0.08113
v 0.02100 2.74270 -0.04032
v 0.02100 2.74270 -0.08032
v 0.00910 2.76638 -0.04006
v 0.00910 2.76638 -0.08006
v 0.00275 2.78378 -0.04001
v 0.00275 2.78378 -0.08001
v 0.00035 2.79442 -0.04000
v 0.00035 2.79442 -0.08000
v 0.00000 2.79800 -0.04000
v 0.00000 2.79800 -0.08000
v -0.00035 2.79442 -0.04000
v -0.00035 2.79442 -0.08000
v -0.00275 2.78378 -0.04001
v -0.00275 2.78378 -0.08001
v -0.00910 2.76638 -0.04006
v -0.00910 2.76638 -0.08006
v -0.02100 2.74270 -0.04032
v -0.02100 2.74270 -0.08032
v -0.03963 2.71332 -0.04113
v -0.03963 2.71332 -0.08113
v -0.06563 2.67887 -0.04310
v -0.06563 2.67887 -0.08310
v -0.09907 2.63998 -0.04707
v -0.09907 2.63998 -0.08707
v -0.13943 2.59722 -0.05400
v -0.13943 2.59722 -0.09400
v -0.18562 2.55106 -0.06481
v -0.18562 2.55106 -0.10481
v -0.23600 2.50187 -0.08010
v -0.23600 2.50187 -0.12010
v -0.28857 2.44994 -0.09996
v -0.28857 2.44994 -0.13996
v -0.34100 2.39550 -0.12372
v -0.34100 2.39550 -0.16372
v -0.39083 2.33879 -0.14998
v -0.39083 2.33879 -0.18998
v -0.43563 2.28013 -0.17664
v -0.43563 2.28013 -0.21664
v -0.47314 2.22000 -0.20118
v -0.47314 2.22000 -0.24118
v -0.50143 2.15909 -0.22103
v -0.50143 2.15909 -0.26103
v -0.51903 2.09836 -0.23396
v -0.51903 2.09836 -0.27396
v -0.52500 2.03900 -0.23845
v -0.52500 2.03900 -0.27845
v -0.51903 1.98246 -0.23396
v -0.51903 1.98246 -0.27396
v -0.50143 1.93034 -0.22103
v -0.50143 1.93034 -0.26103
v -0.47314 1.88430 -0.20118
v -0.47314 1.88430 -0.24118
v -0.43563 1.84596 -0.17664
v -0.43563 1.84596 -0.21664
v -0.39083 1.81668 -0.14998
v -0.39083 1.81668 -0.18998
v -0.34100 1.79750 -0.12372
v -0.34100 1.79750 -0.16372
v -0.28857 1.78896 -0.09996
v -0.28857 1.78896 -0.13996
v -0.23600 1.79100 -0.08010
v -0.23600 1.79100 -0.12010
v -0.18562 1.80294 -0.06481
v -0.18562 1.80294 -0.10481
v -0.13943 1.82346 -0.05400
v -0.13943 1.82346 -0.09400
v -0.09907 1.85064 -0.04707
v -0.09907 1.85064 -0.08707
v -0.06563 1.88213 -0.04310
v -0.06563 1.88213 -0.08310
v -0.03963 1.91524 -0.04113
v -0.03963 1.91524 -0.08113
v -0.02100 1.94719 -0.04032
v -0.02100 1.94719 -0.08032
v -0.00910 1.97531 -0.04006
v -0.00910 1.97531 -0.08006
v -0.00275 1.99727 -0.04001
v -0.00275 1.99727 -0.08001
v -0.00035 2.01122 -0.04000
v -0.00035 2.01122 -0.08000
vn 0.0000 -1.0000 0.0000
vn 0.0000 -1.0000 0.0000
vn 0.0018 -1.0000 0.0000
vn 0.0018 -1.0000 0.0000
vn 0.0136 -0.9999 0.0000
vn 0.0136 -0.9999 0.0000
vn 0.0405 -0.9992 0.0000
vn 0.0405 -0.9992 0.0000
vn 0.0828 -0.9966 0.0000
vn 0.0828 -0.9966 0.0000
vn 0.1378 -0.9905 0.0000
vn 0.1378 -0.9905 0.0000
vn 0.2022 -0.9793 0.0000
vn 0.2022 -0.9793 0.0000
vn 0.2728 -0.9621 0.0000
vn 0.2728 -0.9621 0.0000
vn 0.3473 -0.9378 0.0000
vn 0.3473 -0.9378 0.0000
vn 0.4235 -0.9059 0.0000
vn 0.4235 -0.9059 0.0000
vn 0.4998 -0.8661 0.0000
vn 0.4998 -0.8661 0.0000
vn 0.5746 -0.8184 0.0000
vn 0.5746 -0.8184 0.0000
vn 0.6464 -0.7630 0.0000
vn 0.6464 -0.7630 0.0000
vn 0.7139 -0.7002 0.0000
vn 0.7139 -0.7002 0.0000
vn 0.7760 -0.6307 0.0000
vn 0.7760 -0.6307 0.0000
vn 0.8318 -0.5550 0.0000
vn 0.8318 -0.5550 0.0000
vn 0.8807 -0.4736 0.0000
vn 0.8807 -0.4736 0.0000
vn 0.9223 -0.3866 0.0000
vn 0.9223 -0.3866 0.0000
vn 0.9561 -0.2932 0.0000
vn 0.9561 -0.2932 0.0000
vn 0.9814 -0.1922 0.0000
vn 0.9814 -0.1922 0.0000
vn 0.9967 -0.0813 0.0000
vn 0.9967 -0.0813 0.0000
vn 0.9991 0.0422 0.0000
vn 0.9991 0.0422 0.0000
vn 0.9835 0.1809 0.0000
vn 0.9835 0.1809 0.0000
vn 0.9423 0.3346 0.0000
vn 0.9423 0.3346 0.0000
vn 0.8675 0.4974 0.0000
vn 0.8675 0.4974 0.0000
vn 0.7559 0.6547 0.0000
vn 0.7559 0.6547 0.0000
vn 0.6159 0.7878 0.0000
vn 0.6159 0.7878 0.0000
vn 0.4674 0.8840 0.0000
vn 0.4674 0.8840 0.0000
vn 0.3312 0.9436 0.0000
vn 0.3312 0.9436 0.0000
vn 0.2197 0.9756 0.0000
vn 0.2197 0.9756 0.0000
vn 0.1358 0.9907 0.0000
vn 0.1358 0.9907 0.0000
vn 0.0770 0.9970 0.0000
vn 0.0770 0.9970 0.0000
vn 0.0387 0.9993 0.0000
vn 0.0387 0.9993 0.0000
vn 0.0161 0.9999 0.0000
vn 0.0161 0.9999 0.0000
vn 0.0047 1.0000 0.0000
vn 0.0047 1.0000 0.0000
vn 0.0006 1.0000 0.0000
vn 0.0006 1.0000 0.0000
vn 0.0000 1.0000 0.0000
vn 0.0000 1.0000 0.0000
vn -0.0006 1.0000 0.0000
vn -0.0006 1.0000 0.0000
vn -0.0047 1.0000 0.0000
vn -0.0047 1.0000 0.0000
vn -0.0161 0.9999 0.0000
vn -0.0161 0.9999 0.0000
vn -0.0387 0.9993 0.0000
vn -0.0387 0.9993 0.0000
vn -0.0770 0.9970 0.0000
vn -0.0770 0.9970 0.0000
vn -0.1358 0.9907 0.0000
vn -0.1358 0.9907 0.0000
vn -0.2197 0.9756 0.0000
vn -0.2197 0.9756 0.0000
vn -0.3312 0.9436 0.0000
vn -0.3312 0.9436 0.0000
vn -0.4674 0.8840 0.0000
vn -0.4674 0.8840 0.0000
vn -0.6159 0.7878 0.0000
vn -0.6159 0.7878 0.0000
vn -0.7559 0.6547 0.0000
vn -0.7559 0.6547 0.0000
vn -0.8675 0.4974 0.0000
vn -0.8675 0.4974 0.0000
vn -0.9423 0.3346 0.0000
vn -0.9423 0.3346 0.0000
vn -0.9835 0.1809 0.0000
vn -0.9835 0.1809 0.0000
vn -0.9991 0.0422 0.0000
vn -0.9991 0.0422 0.0000
vn -0.9967 -0.0813 0.0000
vn -0.9967 -0.0813 0.0000
vn -0.9814 -0.1922 0.0000
vn -0.9814 -0.1922 0.0000
vn -0.9561 -0.2932 0.0000
vn -0.9561 -0.2932 0.0000
vn -0.9223 -0.3866 0.0000
vn -0.9223 -0.3866 0.0000
vn -0.8807 -0.4736 0.0000
vn -0.8807 -0.4736 0.0000
vn -0.8318 -0.5550 0.0000
vn -0.8318 -0.5550 0.0000
vn -0.7760 -0.6307 0.0000
vn -0.7760 -0.6307 0.0000
vn -0.7139 -0.7002 0.0000
vn -0.7139 -0.7002 0.0000
vn -0.6464 -0.7630 0.0000
vn -0.6464 -0.7630 0.0000
vn -0.5746 -0.8184 0.0000
vn -0.5746 -0.8184 0.0000
vn -0.4998 -0.8661 0.0000
vn -0.4998 -0.8661 0.0000
vn -0.4235 -0.9059 0.0000
vn -0.4235 -0.9059 0.0000
vn -0.3473 -0.9378 0.0000
vn -0.3473 -0.9378 0.0000
vn -0.2728 -0.9621 0.0000
vn -0.2728 -0.9621 0.0000
vn -0.2022 -0.9793 0.0000
vn -0.2022 -0.9793 0.0000
vn -0.1378 -0.9905 0.0000
vn -0.1378 -0.9905 0.0000
vn -0.0828 -0.9966 0.0000
vn -0.0828 -0.9966 0.0000
vn -0.0405 -0.9992 0.0000
vn -0.0405 -0.9992 0.0000
vn -0.0136 -0.9999 0.0000
vn -0.0136 -0.9999 0.0000
vn -0.0018 -1.0000 0.0000
vn -0.0018 -1.0000 0.0000
f 1704//1704 1706//1706 1705//1705 1703//1703
f 1706//1706 1708//1708 1707//1707 1705//1705
f 1708//1708 1710//1710 1709//1709 1707//1707
f 1710//1710 1712//1712 1711//1711 1709//1709
f 1712//1712 1714//1714 1713//1713 1711//1711
f 1714//1714 1716//1716 1715//1715 1713//1713
f 1716//1716 1718//1718 1717//1717 1715//1715
f 1718//1718 1720//1720 1719//1719 1717//1717
f 1720//1720 1722//1722 1721//1721 1719//1719
f 1722//1722 1724//1724 1723//1723 1721//1721
f 1724//1724 1726//1726 1725//1725 1723//1723
f 1726//1726 1728//1728 1727//1727 1725//1725
f 1728//1728 1730//1730 1729//1729 1727//1727
f 1730//1730 1732//1732 1731//1731 1729//1729
f 1732//1732 1734//1734 1733//1733 1731//1731
f 1734//1734 1736//1736 1735//1735 1733//1733
f 1736//1736 1738//1738 1737//1737 1735//1735
f 1738//1738 1740//1740 1739//1739 1737//1737
f 1740//1740 1742//1742 1741//1741 1739//1739
f 1742//1742 1744//1744 1743//1743 1741//1741
f 1744//1744 1746//1746 1745//1745 1743//1743
f 1746//1746 1748//1748 1747//1747 1745//1745
f 1748//1748 1750//1750 1749//1749 1747//1747
f 1750//1750 1752//1752 1751//1751 1749//1749
f 1752//1752 1754//1754 1753//1753 1751//1751
f 1754//1754 1756//1756 1755//1755 1753//1753
f 1756//1756 1758//1758 1757//1757 1755//1755
f 1758//1758 1760//1760 1759//1759 1757//1757
f 1760//1760 1762//1762 1761//1761 1759//1759
f 1762//1762 1764//1764 1763//1763 1761//1761
f 1764//1764 1766//1766 1765//1765 1763//1763
f 1766//1766 1768//1768 1767//1767 1765//1765
f 1768//1768 1770//1770 1769//1769 1767//1767
f 1770//1770 1772//1772 1771//1771 1769//1769
f 1772//1772 1774//1774 1773//1773 1771//1771
f 1774//1774 1776//1776 1775//1775 1773//1773
f 1776//1776 1778//1778 1777//1777 1775//1775
f 1778//1778 1780//1780 1779//1779 1777//1777
f 1780//1780 1782//1782 1781//1781 1779//1779
f 1782//1782 1784//1784 1783//1783 1781//1781
f 1784//1784 1786//1786 1785//1785 1783//1783
f 1786//1786 1788//1788 1787//1787 1785//1785
f 1788//1788 1790//1790 1789//1789 1787//1787
f 1790//1790 1792//1792 1791//1791 1789//1789
f 1792//1792 1794//1794 1793//1793 1791//1791
f 1794//1794 1796//1796 1795//1795 1793//1793
f 1796//1796 1798//1798 1797//1797 1795//1795
f 1798//1798 1800//1800 1799//1799 1797//1797
f 1800//1800 1802//1802 1801//1801 1799//1799
f 1802//1802 1804//1804 1803//1803 1801//1801
f 1804//1804 1806//1806 1805//1805 1803//1803
f 1806//1806 1808//1808 1807//1807 1805//1805
f 1808//1808 1810//1810 1809//1809 1807//1807
f 1810//1810 1812//1812 1811//1811 1809//1809
f 1812//1812 1814//1814 1813//1813 1811//1811
f 1814//1814 1816//1816 1815//1815 1813//1813
f 1816//1816 1818//1818 1817//1817 1815//1815
f 1818//1818 1820//1820 1819//1819 1817//1817
f 1820//1820 1822//1822 1821//1821 1819//1819
f 1822//1822 1824//1824 1823//1823 1821//1821
f 1824//1824 1826//1826 1825//1825 1823//1823
f 1826//1826 1828//1828 1827//1827 1825//1825
f 1828//1828 1830//1830 1829//1829 1827//1827
f 1830//1830 1832//1832 1831//1831 1829//1829
f 1832//1832 1834//1834 1833//1833 1831//1831
f 1834//1834 1836//1836 1835//1835 1833//1833
f 1836//1836 1838//1838 1837//1837 1835//1835
f 1838//1838 1840//1840 1839//1839 1837//1837
f 1840//1840 1842//1842 1841//1841 1839//1839
f 1842//1842 1844//1844 1843//1843 1841//1841
f 1844//1844 1846//1846 1845//1845 1843//1843
f 1846//1846 1704//1704 1703//1703 1845//1845
