# generated by generate_folla_culos.py
mtllib folla_culos.mtl
o folla_culos
g part0
usemtl skin
v 0.00000 1.00000 0.08500
v 0.02599 1.00000 0.08314
v 0.05084 1.00000 0.07765
v 0.07347 1.00000 0.06877
v 0.09289 1.00000 0.05688
v 0.10825 1.00000 0.04250
v 0.11888 1.00000 0.02627
v 0.12432 1.00000 0.00888
v 0.12432 1.00000 -0.00888
v 0.11888 1.00000 -0.02627
v 0.10825 1.00000 -0.04250
v 0.09289 1.00000 -0.05688
v 0.07347 1.00000 -0.06877
v 0.05084 1.00000 -0.07765
v 0.02599 1.00000 -0.08314
v 0.00000 1.00000 -0.08500
v -0.02599 1.00000 -0.08314
v -0.05084 1.00000 -0.07765
v -0.07347 1.00000 -0.06877
v -0.09289 1.00000 -0.05688
v -0.10825 1.00000 -0.04250
v -0.11888 1.00000 -0.02627
v -0.12432 1.00000 -0.00888
v -0.12432 1.00000 0.00888
v -0.11888 1.00000 0.02627
v -0.10825 1.00000 0.04250
v -0.09289 1.00000 0.05688
v -0.07347 1.00000 0.06877
v -0.05084 1.00000 0.07765
v -0.02599 1.00000 0.08314
v 0.00000 1.02156 0.08782
v 0.02666 1.02156 0.08590
v 0.05215 1.02156 0.08023
v 0.07536 1.02156 0.07105
v 0.09528 1.02156 0.05877
v 0.11104 1.02156 0.04391
v 0.12194 1.02156 0.02714
v 0.12751 1.02156 0.00918
v 0.12751 1.02156 -0.00918
v 0.12194 1.02156 -0.02714
v 0.11104 1.02156 -0.04391
v 0.09528 1.02156 -0.05877
v 0.07536 1.02156 -0.07105
v 0.05215 1.02156 -0.08023
v 0.02666 1.02156 -0.08590
v 0.00000 1.02156 -0.08782
v -0.02666 1.02156 -0.08590
v -0.05215 1.02156 -0.08023
v -0.07536 1.02156 -0.07105
v -0.09528 1.02156 -0.05877
v -0.11104 1.02156 -0.04391
v -0.12194 1.02156 -0.02714
v -0.12751 1.02156 -0.00918
v -0.12751 1.02156 0.00918
v -0.12194 1.02156 0.02714
v -0.11104 1.02156 0.04391
v -0.09528 1.02156 0.05877
v -0.07536 1.02156 0.07105
v -0.05215 1.02156 0.08023
v -0.02666 1.02156 0.08590
v 0.00000 1.04311 0.09121
v 0.02751 1.04311 0.08922
v 0.05382 1.04311 0.08333
v 0.07778 1.04311 0.07379
v 0.09834 1.04311 0.06103
v 0.11460 1.04311 0.04561
v 0.12585 1.04311 0.02819
v 0.13160 1.04311 0.00953
v 0.13160 1.04311 -0.00953
v 0.12585 1.04311 -0.02819
v 0.11460 1.04311 -0.04561
v 0.09834 1.04311 -0.06103
v 0.07778 1.04311 -0.07379
v 0.05382 1.04311 -0.08333
v 0.02751 1.04311 -0.08922
v 0.00000 1.04311 -0.09121
v -0.02751 1.04311 -0.08922
v -0.05382 1.04311 -0.08333
v -0.07778 1.04311 -0.07379
v -0.09834 1.04311 -0.06103
v -0.11460 1.04311 -0.04561
v -0.12585 1.04311 -0.02819
v -0.13160 1.04311 -0.00953
v -0.13160 1.04311 0.00953
v -0.12585 1.04311 0.02819
v -0.11460 1.04311 0.04561
v -0.09834 1.04311 0.06103
v -0.07778 1.04311 0.07379
v -0.05382 1.04311 0.08333
v -0.02751 1.04311 0.08922
v 0.00000 1.06467 0.09397
v 0.02816 1.06467 0.09192
v 0.05509 1.06467 0.08585
v 0.07961 1.06467 0.07602
v 0.10065 1.06467 0.06288
v 0.11730 1.06467 0.04699
v 0.12881 1.06467 0.02904
v 0.13470 1.06467 0.00982
v 0.13470 1.06467 -0.00982
v 0.12881 1.06467 -0.02904
v 0.11730 1.06467 -0.04699
v 0.10065 1.06467 -0.06288
v 0.07961 1.06467 -0.07602
v 0.05509 1.06467 -0.08585
v 0.02816 1.06467 -0.09192
v 0.00000 1.06467 -0.09397
v -0.02816 1.06467 -0.09192
v -0.05509 1.06467 -0.08585
v -0.07961 1.06467 -0.07602
v -0.10065 1.06467 -0.06288
v -0.11730 1.06467 -0.04699
v -0.12881 1.06467 -0.02904
v -0.13470 1.06467 -0.00982
v -0.13470 1.06467 0.00982
v -0.12881 1.06467 0.02904
v -0.11730 1.06467 0.04699
v -0.10065 1.06467 0.06288
v -0.07961 1.06467 0.07602
v -0.05509 1.06467 0.08585
v -0.02816 1.06467 0.09192
v 0.00000 1.08622 0.09515
v 0.02829 1.08622 0.09307
v 0.05534 1.08622 0.08693
v 0.07997 1.08622 0.07698
v 0.10111 1.08622 0.06367
v 0.11783 1.08622 0.04758
v 0.12939 1.08622 0.02940
v 0.13531 1.08622 0.00995
v 0.13531 1.08622 -0.00995
v 0.12939 1.08622 -0.02940
v 0.11783 1.08622 -0.04758
v 0.10111 1.08622 -0.06367
v 0.07997 1.08622 -0.07698
v 0.05534 1.08622 -0.08693
v 0.02829 1.08622 -0.09307
v 0.00000 1.08622 -0.09515
v -0.02829 1.08622 -0.09307
v -0.05534 1.08622 -0.08693
v -0.07997 1.08622 -0.07698
v -0.10111 1.08622 -0.06367
v -0.11783 1.08622 -0.04758
v -0.12939 1.08622 -0.02940
v -0.13531 1.08622 -0.00995
v -0.13531 1.08622 0.00995
v -0.12939 1.08622 0.02940
v -0.11783 1.08622 0.04758
v -0.10111 1.08622 0.06367
v -0.07997 1.08622 0.07698
v -0.05534 1.08622 0.08693
v -0.02829 1.08622 0.09307
v 0.00000 1.10778 0.09445
v 0.02779 1.10778 0.09239
v 0.05436 1.10778 0.08629
v 0.07855 1.10778 0.07641
v 0.09931 1.10778 0.06320
v 0.11574 1.10778 0.04723
v 0.12710 1.10778 0.02919
v 0.13291 1.10778 0.00987
v 0.13291 1.10778 -0.00987
v 0.12710 1.10778 -0.02919
v 0.11574 1.10778 -0.04723
v 0.09931 1.10778 -0.06320
v 0.07855 1.10778 -0.07641
v 0.05436 1.10778 -0.08629
v 0.02779 1.10778 -0.09239
v 0.00000 1.10778 -0.09445
v -0.02779 1.10778 -0.09239
v -0.05436 1.10778 -0.08629
v -0.07855 1.10778 -0.07641
v -0.09931 1.10778 -0.06320
v -0.11574 1.10778 -0.04723
v -0.12710 1.10778 -0.02919
v -0.13291 1.10778 -0.00987
v -0.13291 1.10778 0.00987
v -0.12710 1.10778 0.02919
v -0.11574 1.10778 0.04723
v -0.09931 1.10778 0.06320
v -0.07855 1.10778 0.07641
v -0.05436 1.10778 0.08629
v -0.02779 1.10778 0.09239
v 0.00000 1.12933 0.09170
v 0.02656 1.12933 0.08970
v 0.05195 1.12933 0.08377
v 0.07507 1.12933 0.07419
v 0.09492 1.12933 0.06136
v 0.11061 1.12933 0.04585
v 0.12147 1.12933 0.02834
v 0.12702 1.12933 0.00959
v 0.12702 1.12933 -0.00959
v 0.12147 1.12933 -0.02834
v 0.11061 1.12933 -0.04585
v 0.09492 1.12933 -0.06136
v 0.07507 1.12933 -0.07419
v 0.05195 1.12933 -0.08377
v 0.02656 1.12933 -0.08970
v 0.00000 1.12933 -0.09170
v -0.02656 1.12933 -0.08970
v -0.05195 1.12933 -0.08377
v -0.07507 1.12933 -0.07419
v -0.09492 1.12933 -0.06136
v -0.11061 1.12933 -0.04585
v -0.12147 1.12933 -0.02834
v -0.12702 1.12933 -0.00959
v -0.12702 1.12933 0.00959
v -0.12147 1.12933 0.02834
v -0.11061 1.12933 0.04585
v -0.09492 1.12933 0.06136
v -0.07507 1.12933 0.07419
v -0.05195 1.12933 0.08377
v -0.02656 1.12933 0.08970
v 0.00000 1.15089 0.08777
v 0.02491 1.15089 0.08585
v 0.04874 1.15089 0.08018
v 0.07043 1.15089 0.07101
v 0.08905 1.15089 0.05873
v 0.10377 1.15089 0.04389
v 0.11396 1.15089 0.02712
v 0.11917 1.15089 0.00917
v 0.11917 1.15089 -0.00917
v 0.11396 1.15089 -0.02712
v 0.10377 1.15089 -0.04389
v 0.08905 1.15089 -0.05873
v 0.07043 1.15089 -0.07101
v 0.04874 1.15089 -0.08018
v 0.02491 1.15089 -0.08585
v 0.00000 1.15089 -0.08777
v -0.02491 1.15089 -0.08585
v -0.04874 1.15089 -0.08018
v -0.07043 1.15089 -0.07101
v -0.08905 1.15089 -0.05873
v -0.10377 1.15089 -0.04389
v -0.11396 1.15089 -0.02712
v -0.11917 1.15089 -0.00917
v -0.11917 1.15089 0.00917
v -0.11396 1.15089 0.02712
v -0.10377 1.15089 0.04389
v -0.08905 1.15089 0.05873
v -0.07043 1.15089 0.07101
v -0.04874 1.15089 0.08018
v -0.02491 1.15089 0.08585
v 0.00000 1.17244 0.08357
v 0.02320 1.17244 0.08174
v 0.04538 1.17244 0.07634
v 0.06559 1.17244 0.06761
v 0.08292 1.17244 0.05592
v 0.09663 1.17244 0.04178
v 0.10612 1.17244 0.02582
v 0.11097 1.17244 0.00874
v 0.11097 1.17244 -0.00874
v 0.10612 1.17244 -0.02582
v 0.09663 1.17244 -0.04178
v 0.08292 1.17244 -0.05592
v 0.06559 1.17244 -0.06761
v 0.04538 1.17244 -0.07634
v 0.02320 1.17244 -0.08174
v 0.00000 1.17244 -0.08357
v -0.02320 1.17244 -0.08174
v -0.04538 1.17244 -0.07634
v -0.06559 1.17244 -0.06761
v -0.08292 1.17244 -0.05592
v -0.09663 1.17244 -0.04178
v -0.10612 1.17244 -0.02582
v -0.11097 1.17244 -0.00874
v -0.11097 1.17244 0.00874
v -0.10612 1.17244 0.02582
v -0.09663 1.17244 0.04178
v -0.08292 1.17244 0.05592
v -0.06559 1.17244 0.06761
v -0.04538 1.17244 0.07634
v -0.02320 1.17244 0.08174
v 0.00000 1.19400 0.07974
v 0.02166 1.19400 0.07800
v 0.04237 1.19400 0.07285
v 0.06123 1.19400 0.06451
v 0.07742 1.19400 0.05336
v 0.09022 1.19400 0.03987
v 0.09908 1.19400 0.02464
v 0.10360 1.19400 0.00834
v 0.10360 1.19400 -0.00834
v 0.09908 1.19400 -0.02464
v 0.09022 1.19400 -0.03987
v 0.07742 1.19400 -0.05336
v 0.06123 1.19400 -0.06451
v 0.04237 1.19400 -0.07285
v 0.02166 1.19400 -0.07800
v 0.00000 1.19400 -0.07974
v -0.02166 1.19400 -0.07800
v -0.04237 1.19400 -0.07285
v -0.06123 1.19400 -0.06451
v -0.07742 1.19400 -0.05336
v -0.09022 1.19400 -0.03987
v -0.09908 1.19400 -0.02464
v -0.10360 1.19400 -0.00834
v -0.10360 1.19400 0.00834
v -0.09908 1.19400 0.02464
v -0.09022 1.19400 0.03987
v -0.07742 1.19400 0.05336
v -0.06123 1.19400 0.06451
v -0.04237 1.19400 0.07285
v -0.02166 1.19400 0.07800
v 0.00000 1.21556 0.07679
v 0.02047 1.21556 0.07511
v 0.04005 1.21556 0.07015
v 0.05788 1.21556 0.06212
v 0.07317 1.21556 0.05138
v 0.08527 1.21556 0.03839
v 0.09365 1.21556 0.02373
v 0.09793 1.21556 0.00803
v 0.09793 1.21556 -0.00803
v 0.09365 1.21556 -0.02373
v 0.08527 1.21556 -0.03839
v 0.07317 1.21556 -0.05138
v 0.05788 1.21556 -0.06212
v 0.04005 1.21556 -0.07015
v 0.02047 1.21556 -0.07511
v 0.00000 1.21556 -0.07679
v -0.02047 1.21556 -0.07511
v -0.04005 1.21556 -0.07015
v -0.05788 1.21556 -0.06212
v -0.07317 1.21556 -0.05138
v -0.08527 1.21556 -0.03839
v -0.09365 1.21556 -0.02373
v -0.09793 1.21556 -0.00803
v -0.09793 1.21556 0.00803
v -0.09365 1.21556 0.02373
v -0.08527 1.21556 0.03839
v -0.07317 1.21556 0.05138
v -0.05788 1.21556 0.06212
v -0.04005 1.21556 0.07015
v -0.02047 1.21556 0.07511
v 0.00000 1.23711 0.07516
v 0.01981 1.23711 0.07351
v 0.03876 1.23711 0.06866
v 0.05602 1.23711 0.06080
v 0.07083 1.23711 0.05029
v 0.08254 1.23711 0.03758
v 0.09064 1.23711 0.02322
v 0.09478 1.23711 0.00786
v 0.09478 1.23711 -0.00786
v 0.09064 1.23711 -0.02322
v 0.08254 1.23711 -0.03758
v 0.07083 1.23711 -0.05029
v 0.05602 1.23711 -0.06080
v 0.03876 1.23711 -0.06866
v 0.01981 1.23711 -0.07351
v 0.00000 1.23711 -0.07516
v -0.01981 1.23711 -0.07351
v -0.03876 1.23711 -0.06866
v -0.05602 1.23711 -0.06080
v -0.07083 1.23711 -0.05029
v -0.08254 1.23711 -0.03758
v -0.09064 1.23711 -0.02322
v -0.09478 1.23711 -0.00786
v -0.09478 1.23711 0.00786
v -0.09064 1.23711 0.02322
v -0.08254 1.23711 0.03758
v -0.07083 1.23711 0.05029
v -0.05602 1.23711 0.06080
v -0.03876 1.23711 0.06866
v -0.01981 1.23711 0.07351
v 0.00000 1.25867 0.07481
v 0.01966 1.25867 0.07317
v 0.03847 1.25867 0.06834
v 0.05559 1.25867 0.06052
v 0.07029 1.25867 0.05005
v 0.08191 1.25867 0.03740
v 0.08995 1.25867 0.02312
v 0.09406 1.25867 0.00782
v 0.09406 1.25867 -0.00782
v 0.08995 1.25867 -0.02312
v 0.08191 1.25867 -0.03740
v 0.07029 1.25867 -0.05005
v 0.05559 1.25867 -0.06052
v 0.03847 1.25867 -0.06834
v 0.01966 1.25867 -0.07317
v 0.00000 1.25867 -0.07481
v -0.01966 1.25867 -0.07317
v -0.03847 1.25867 -0.06834
v -0.05559 1.25867 -0.06052
v -0.07029 1.25867 -0.05005
v -0.08191 1.25867 -0.03740
v -0.08995 1.25867 -0.02312
v -0.09406 1.25867 -0.00782
v -0.09406 1.25867 0.00782
v -0.08995 1.25867 0.02312
v -0.08191 1.25867 0.03740
v -0.07029 1.25867 0.05005
v -0.05559 1.25867 0.06052
v -0.03847 1.25867 0.06834
v -0.01966 1.25867 0.07317
v 0.00000 1.28022 0.07522
v 0.01982 1.28022 0.07358
v 0.03877 1.28022 0.06872
v 0.05603 1.28022 0.06085
v 0.07084 1.28022 0.05033
v 0.08256 1.28022 0.03761
v 0.09066 1.28022 0.02324
v 0.09481 1.28022 0.00786
v 0.09481 1.28022 -0.00786
v 0.09066 1.28022 -0.02324
v 0.08256 1.28022 -0.03761
v 0.07084 1.28022 -0.05033
v 0.05603 1.28022 -0.06085
v 0.03877 1.28022 -0.06872
v 0.01982 1.28022 -0.07358
v 0.00000 1.28022 -0.07522
v -0.01982 1.28022 -0.07358
v -0.03877 1.28022 -0.06872
v -0.05603 1.28022 -0.06085
v -0.07084 1.28022 -0.05033
v -0.08256 1.28022 -0.03761
v -0.09066 1.28022 -0.02324
v -0.09481 1.28022 -0.00786
v -0.09481 1.28022 0.00786
v -0.09066 1.28022 0.02324
v -0.08256 1.28022 0.03761
v -0.07084 1.28022 0.05033
v -0.05603 1.28022 0.06085
v -0.03877 1.28022 0.06872
v -0.01982 1.28022 0.07358
v 0.00000 1.30178 0.07620
v 0.02021 1.30178 0.07453
v 0.03953 1.30178 0.06961
v 0.05712 1.30178 0.06164
v 0.07222 1.30178 0.05098
v 0.08416 1.30178 0.03810
v 0.09243 1.30178 0.02355
v 0.09665 1.30178 0.00796
v 0.09665 1.30178 -0.00796
v 0.09243 1.30178 -0.02355
v 0.08416 1.30178 -0.03810
v 0.07222 1.30178 -0.05098
v 0.05712 1.30178 -0.06164
v 0.03953 1.30178 -0.06961
v 0.02021 1.30178 -0.07453
v 0.00000 1.30178 -0.07620
v -0.02021 1.30178 -0.07453
v -0.03953 1.30178 -0.06961
v -0.05712 1.30178 -0.06164
v -0.07222 1.30178 -0.05098
v -0.08416 1.30178 -0.03810
v -0.09243 1.30178 -0.02355
v -0.09665 1.30178 -0.00796
v -0.09665 1.30178 0.00796
v -0.09243 1.30178 0.02355
v -0.08416 1.30178 0.03810
v -0.07222 1.30178 0.05098
v -0.05712 1.30178 0.06164
v -0.03953 1.30178 0.06961
v -0.02021 1.30178 0.07453
v 0.00000 1.32333 0.07753
v 0.02074 1.32333 0.07584
v 0.04058 1.32333 0.07083
v 0.05864 1.32333 0.06273
v 0.07414 1.32333 0.05188
v 0.08640 1.32333 0.03877
v 0.09489 1.32333 0.02396
v 0.09922 1.32333 0.00810
v 0.09922 1.32333 -0.00810
v 0.09489 1.32333 -0.02396
v 0.08640 1.32333 -0.03877
v 0.07414 1.32333 -0.05188
v 0.05864 1.32333 -0.06273
v 0.04058 1.32333 -0.07083
v 0.02074 1.32333 -0.07584
v 0.00000 1.32333 -0.07753
v -0.02074 1.32333 -0.07584
v -0.04058 1.32333 -0.07083
v -0.05864 1.32333 -0.06273
v -0.07414 1.32333 -0.05188
v -0.08640 1.32333 -0.03877
v -0.09489 1.32333 -0.02396
v -0.09922 1.32333 -0.00810
v -0.09922 1.32333 0.00810
v -0.09489 1.32333 0.02396
v -0.08640 1.32333 0.03877
v -0.07414 1.32333 0.05188
v -0.05864 1.32333 0.06273
v -0.04058 1.32333 0.07083
v -0.02074 1.32333 0.07584
v 0.00000 1.34489 0.07911
v 0.02139 1.34489 0.07738
v 0.04184 1.34489 0.07227
v 0.06046 1.34489 0.06400
v 0.07644 1.34489 0.05294
v 0.08908 1.34489 0.03956
v 0.09783 1.34489 0.02445
v 0.10230 1.34489 0.00827
v 0.10230 1.34489 -0.00827
v 0.09783 1.34489 -0.02445
v 0.08908 1.34489 -0.03956
v 0.07644 1.34489 -0.05294
v 0.06046 1.34489 -0.06400
v 0.04184 1.34489 -0.07227
v 0.02139 1.34489 -0.07738
v 0.00000 1.34489 -0.07911
v -0.02139 1.34489 -0.07738
v -0.04184 1.34489 -0.07227
v -0.06046 1.34489 -0.06400
v -0.07644 1.34489 -0.05294
v -0.08908 1.34489 -0.03956
v -0.09783 1.34489 -0.02445
v -0.10230 1.34489 -0.00827
v -0.10230 1.34489 0.00827
v -0.09783 1.34489 0.02445
v -0.08908 1.34489 0.03956
v -0.07644 1.34489 0.05294
v -0.06046 1.34489 0.06400
v -0.04184 1.34489 0.07227
v -0.02139 1.34489 0.07738
v 0.00000 1.36644 0.08083
v 0.02210 1.36644 0.07906
v 0.04323 1.36644 0.07384
v 0.06248 1.36644 0.06539
v 0.07899 1.36644 0.05409
v 0.09205 1.36644 0.04041
v 0.10109 1.36644 0.02498
v 0.10571 1.36644 0.00845
v 0.10571 1.36644 -0.00845
v 0.10109 1.36644 -0.02498
v 0.09205 1.36644 -0.04041
v 0.07899 1.36644 -0.05408
v 0.06248 1.36644 -0.06539
v 0.04323 1.36644 -0.07384
v 0.02210 1.36644 -0.07906
v 0.00000 1.36644 -0.08083
v -0.02210 1.36644 -0.07906
v -0.04323 1.36644 -0.07384
v -0.06248 1.36644 -0.06539
v -0.07899 1.36644 -0.05408
v -0.09205 1.36644 -0.04041
v -0.10109 1.36644 -0.02498
v -0.10571 1.36644 -0.00845
v -0.10571 1.36644 0.00845
v -0.10109 1.36644 0.02498
v -0.09205 1.36644 0.04041
v -0.07899 1.36644 0.05409
v -0.06248 1.36644 0.06539
v -0.04323 1.36644 0.07384
v -0.02210 1.36644 0.07906
v 0.00000 1.38800 0.08491
v 0.02337 1.38800 0.08495
v 0.04587 1.38800 0.07990
v 0.06637 1.38800 0.07093
v 0.08386 1.38800 0.05859
v 0.09748 1.38800 0.04355
v 0.10656 1.38800 0.02665
v 0.11054 1.38800 0.00886
v 0.10925 1.38800 -0.00863
v 0.10447 1.38800 -0.02552
v 0.09513 1.38800 -0.04129
v 0.08163 1.38800 -0.05525
v 0.06457 1.38800 -0.06680
v 0.04468 1.38800 -0.07543
v 0.02284 1.38800 -0.08077
v 0.00000 1.38800 -0.08257
v -0.02284 1.38800 -0.08077
v -0.04468 1.38800 -0.07543
v -0.06457 1.38800 -0.06680
v -0.08163 1.38800 -0.05525
v -0.09513 1.38800 -0.04129
v -0.10447 1.38800 -0.02552
v -0.10925 1.38800 -0.00863
v -0.11054 1.38800 0.00886
v -0.10656 1.38800 0.02665
v -0.09748 1.38800 0.04355
v -0.08386 1.38800 0.05859
v -0.06637 1.38800 0.07093
v -0.04587 1.38800 0.07990
v -0.02337 1.38800 0.08495
v 0.00000 1.40956 0.09386
v 0.02439 1.40956 0.09038
v 0.04795 1.40956 0.08390
v 0.06941 1.40956 0.07454
v 0.08768 1.40956 0.06153
v 0.10180 1.40956 0.04561
v 0.11104 1.40956 0.02778
v 0.11473 1.40956 0.00915
v 0.11273 1.40956 -0.00881
v 0.10781 1.40956 -0.02603
v 0.09817 1.40956 -0.04212
v 0.08424 1.40956 -0.05637
v 0.06663 1.40956 -0.06815
v 0.04611 1.40956 -0.07696
v 0.02357 1.40956 -0.08240
v 0.00000 1.40956 -0.08424
v -0.02357 1.40956 -0.08240
v -0.04611 1.40956 -0.07696
v -0.06663 1.40956 -0.06815
v -0.08424 1.40956 -0.05637
v -0.09817 1.40956 -0.04212
v -0.10781 1.40956 -0.02603
v -0.11273 1.40956 -0.00881
v -0.11473 1.40956 0.00915
v -0.11104 1.40956 0.02778
v -0.10180 1.40956 0.04561
v -0.08768 1.40956 0.06153
v -0.06941 1.40956 0.07454
v -0.04795 1.40956 0.08390
v -0.02439 1.40956 0.09038
v 0.00000 1.43111 0.09584
v 0.02519 1.43111 0.09263
v 0.04953 1.43111 0.08609
v 0.07171 1.43111 0.07651
v 0.09057 1.43111 0.06314
v 0.10514 1.43111 0.04678
v 0.11462 1.43111 0.02846
v 0.11833 1.43111 0.00936
v 0.11612 1.43111 -0.00897
v 0.11105 1.43111 -0.02652
v 0.10112 1.43111 -0.04291
v 0.08677 1.43111 -0.05743
v 0.06863 1.43111 -0.06943
v 0.04749 1.43111 -0.07841
v 0.02428 1.43111 -0.08395
v 0.00000 1.43111 -0.08583
v -0.02428 1.43111 -0.08395
v -0.04749 1.43111 -0.07841
v -0.06863 1.43111 -0.06943
v -0.08677 1.43111 -0.05743
v -0.10112 1.43111 -0.04291
v -0.11105 1.43111 -0.02652
v -0.11612 1.43111 -0.00897
v -0.11833 1.43111 0.00936
v -0.11462 1.43111 0.02846
v -0.10514 1.43111 0.04678
v -0.09057 1.43111 0.06314
v -0.07171 1.43111 0.07651
v -0.04953 1.43111 0.08609
v -0.02519 1.43111 0.09263
v 0.00000 1.45267 0.09565
v 0.02550 1.45267 0.09087
v 0.05001 1.45267 0.08398
v 0.07234 1.45267 0.07450
v 0.09141 1.45267 0.06154
v 0.10632 1.45267 0.04578
v 0.11632 1.45267 0.02806
v 0.12085 1.45267 0.00935
v 0.11972 1.45267 -0.00916
v 0.11449 1.45267 -0.02707
v 0.10425 1.45267 -0.04380
v 0.08946 1.45267 -0.05861
v 0.07076 1.45267 -0.07086
v 0.04896 1.45267 -0.08002
v 0.02503 1.45267 -0.08568
v 0.00000 1.45267 -0.08759
v -0.02503 1.45267 -0.08568
v -0.04896 1.45267 -0.08002
v -0.07076 1.45267 -0.07086
v -0.08946 1.45267 -0.05861
v -0.10425 1.45267 -0.04380
v -0.11449 1.45267 -0.02707
v -0.11972 1.45267 -0.00916
v -0.12085 1.45267 0.00935
v -0.11632 1.45267 0.02806
v -0.10632 1.45267 0.04578
v -0.09141 1.45267 0.06154
v -0.07234 1.45267 0.07450
v -0.05001 1.45267 0.08398
v -0.02550 1.45267 0.09087
v 0.00000 1.47422 0.10139
v 0.02717 1.47422 0.09954
v 0.05353 1.47422 0.09298
v 0.07754 1.47422 0.08275
v 0.09790 1.47422 0.06824
v 0.11348 1.47422 0.05041
v 0.12341 1.47422 0.03049
v 0.12681 1.47422 0.00992
v 0.12360 1.47422 -0.00936
v 0.11819 1.47422 -0.02767
v 0.10763 1.47422 -0.04477
v 0.09236 1.47422 -0.05992
v 0.07305 1.47422 -0.07244
v 0.05055 1.47422 -0.08180
v 0.02584 1.47422 -0.08759
v 0.00000 1.47422 -0.08954
v -0.02584 1.47422 -0.08759
v -0.05055 1.47422 -0.08180
v -0.07305 1.47422 -0.07244
v -0.09236 1.47422 -0.05992
v -0.10763 1.47422 -0.04477
v -0.11819 1.47422 -0.02767
v -0.12360 1.47422 -0.00936
v -0.12681 1.47422 0.00992
v -0.12341 1.47422 0.03049
v -0.11348 1.47422 0.05041
v -0.09790 1.47422 0.06824
v -0.07754 1.47422 0.08275
v -0.05353 1.47422 0.09298
v -0.02717 1.47422 0.09954
v 0.00000 1.49578 0.09863
v 0.02693 1.49578 0.09296
v 0.05275 1.49578 0.08569
v 0.07626 1.49578 0.07594
v 0.09639 1.49578 0.06277
v 0.11222 1.49578 0.04680
v 0.12303 1.49578 0.02881
v 0.12825 1.49578 0.00967
v 0.12767 1.49578 -0.00957
v 0.12209 1.49578 -0.02830
v 0.11118 1.49578 -0.04579
v 0.09540 1.49578 -0.06128
v 0.07546 1.49578 -0.07409
v 0.05222 1.49578 -0.08367
v 0.02669 1.49578 -0.08958
v 0.00000 1.49578 -0.09158
v -0.02669 1.49578 -0.08958
v -0.05222 1.49578 -0.08367
v -0.07546 1.49578 -0.07409
v -0.09540 1.49578 -0.06128
v -0.11118 1.49578 -0.04579
v -0.12209 1.49578 -0.02830
v -0.12767 1.49578 -0.00957
v -0.12825 1.49578 0.00967
v -0.12303 1.49578 0.02881
v -0.11222 1.49578 0.04680
v -0.09639 1.49578 0.06277
v -0.07626 1.49578 0.07594
v -0.05275 1.49578 0.08569
v -0.02693 1.49578 0.09296
v 0.00000 1.51733 0.10690
v 0.02924 1.51733 0.10608
v 0.05766 1.51733 0.09942
v 0.08356 1.51733 0.08856
v 0.10548 1.51733 0.07299
v 0.12217 1.51733 0.05382
v 0.13265 1.51733 0.03244
v 0.13594 1.51733 0.01049
v 0.13194 1.51733 -0.00979
v 0.12618 1.51733 -0.02894
v 0.11490 1.51733 -0.04682
v 0.09859 1.51733 -0.06266
v 0.07798 1.51733 -0.07576
v 0.05396 1.51733 -0.08554
v 0.02758 1.51733 -0.09159
v 0.00000 1.51733 -0.09364
v -0.02758 1.51733 -0.09159
v -0.05396 1.51733 -0.08554
v -0.07798 1.51733 -0.07576
v -0.09859 1.51733 -0.06266
v -0.11490 1.51733 -0.04682
v -0.12618 1.51733 -0.02894
v -0.13194 1.51733 -0.00979
v -0.13594 1.51733 0.01049
v -0.13265 1.51733 0.03244
v -0.12217 1.51733 0.05382
v -0.10548 1.51733 0.07299
v -0.08356 1.51733 0.08856
v -0.05766 1.51733 0.09942
v -0.02924 1.51733 0.10608
v 0.00000 1.53889 0.10222
v 0.02864 1.53889 0.09611
v 0.05606 1.53889 0.08853
v 0.08104 1.53889 0.07841
v 0.10244 1.53889 0.06484
v 0.11932 1.53889 0.04839
v 0.13091 1.53889 0.02984
v 0.13667 1.53889 0.01005
v 0.13634 1.53889 -0.01000
v 0.13038 1.53889 -0.02955
v 0.11872 1.53889 -0.04781
v 0.10188 1.53889 -0.06399
v 0.08058 1.53889 -0.07736
v 0.05576 1.53889 -0.08736
v 0.02850 1.53889 -0.09353
v 0.00000 1.53889 -0.09562
v -0.02850 1.53889 -0.09353
v -0.05576 1.53889 -0.08736
v -0.08058 1.53889 -0.07736
v -0.10188 1.53889 -0.06399
v -0.11872 1.53889 -0.04781
v -0.13038 1.53889 -0.02955
v -0.13634 1.53889 -0.01000
v -0.13667 1.53889 0.01005
v -0.13091 1.53889 0.02984
v -0.11932 1.53889 0.04839
v -0.10244 1.53889 0.06484
v -0.08104 1.53889 0.07841
v -0.05606 1.53889 0.08853
v -0.02864 1.53889 0.09611
v 0.00000 1.56044 0.11113
v 0.03119 1.56044 0.11056
v 0.06151 1.56044 0.10371
v 0.08914 1.56044 0.09239
v 0.11253 1.56044 0.07615
v 0.13034 1.56044 0.05614
v 0.14153 1.56044 0.03382
v 0.14506 1.56044 0.01093
v 0.14083 1.56044 -0.01019
v 0.13467 1.56044 -0.03011
v 0.12263 1.56044 -0.04872
v 0.10523 1.56044 -0.06520
v 0.08323 1.56044 -0.07883
v 0.05760 1.56044 -0.08902
v 0.02944 1.56044 -0.09531
v 0.00000 1.56044 -0.09744
v -0.02944 1.56044 -0.09531
v -0.05760 1.56044 -0.08902
v -0.08323 1.56044 -0.07883
v -0.10523 1.56044 -0.06520
v -0.12263 1.56044 -0.04872
v -0.13467 1.56044 -0.03011
v -0.14083 1.56044 -0.01019
v -0.14506 1.56044 0.01093
v -0.14153 1.56044 0.03382
v -0.13034 1.56044 0.05614
v -0.11253 1.56044 0.07615
v -0.08914 1.56044 0.09239
v -0.06151 1.56044 0.10371
v -0.03119 1.56044 0.11056
v 0.00000 1.58200 0.10566
v 0.03054 1.58200 0.09954
v 0.05980 1.58200 0.09174
v 0.08643 1.58200 0.08127
v 0.10926 1.58200 0.06719
v 0.12726 1.58200 0.05014
v 0.13962 1.58200 0.03091
v 0.14574 1.58200 0.01041
v 0.14537 1.58200 -0.01035
v 0.13902 1.58200 -0.03059
v 0.12659 1.58200 -0.04950
v 0.10863 1.58200 -0.06624
v 0.08592 1.58200 -0.08009
v 0.05945 1.58200 -0.09043
v 0.03039 1.58200 -0.09683
v 0.00000 1.58200 -0.09899
v -0.03039 1.58200 -0.09683
v -0.05945 1.58200 -0.09043
v -0.08592 1.58200 -0.08009
v -0.10863 1.58200 -0.06624
v -0.12659 1.58200 -0.04950
v -0.13902 1.58200 -0.03059
v -0.14537 1.58200 -0.01035
v -0.14574 1.58200 0.01041
v -0.13962 1.58200 0.03091
v -0.12726 1.58200 0.05014
v -0.10926 1.58200 0.06719
v -0.08643 1.58200 0.08127
v -0.05980 1.58200 0.09174
v -0.03054 1.58200 0.09954
v 0.00000 1.60356 0.11308
v 0.03293 1.60356 0.11186
v 0.06487 1.60356 0.10475
v 0.09397 1.60356 0.09325
v 0.11865 1.60356 0.07688
v 0.13755 1.60356 0.05676
v 0.14960 1.60356 0.03430
v 0.15379 1.60356 0.01114
v 0.14997 1.60356 -0.01047
v 0.14342 1.60356 -0.03095
v 0.13060 1.60356 -0.05007
v 0.11207 1.60356 -0.06701
v 0.08864 1.60356 -0.08102
v 0.06134 1.60356 -0.09149
v 0.03135 1.60356 -0.09796
v 0.00000 1.60356 -0.10014
v -0.03135 1.60356 -0.09796
v -0.06134 1.60356 -0.09149
v -0.08864 1.60356 -0.08102
v -0.11207 1.60356 -0.06701
v -0.13060 1.60356 -0.05007
v -0.14342 1.60356 -0.03095
v -0.14997 1.60356 -0.01047
v -0.15379 1.60356 0.01114
v -0.14960 1.60356 0.03430
v -0.13755 1.60356 0.05676
v -0.11865 1.60356 0.07688
v -0.09397 1.60356 0.09325
v -0.06487 1.60356 0.10475
v -0.03293 1.60356 0.11186
v 0.00000 1.62511 0.10819
v 0.03270 1.62511 0.10250
v 0.06406 1.62511 0.09465
v 0.09261 1.62511 0.08389
v 0.11706 1.62511 0.06934
v 0.13629 1.62511 0.05169
v 0.14940 1.62511 0.03180
v 0.15574 1.62511 0.01067
v 0.15504 1.62511 -0.01055
v 0.14827 1.62511 -0.03119
v 0.13501 1.62511 -0.05046
v 0.11585 1.62511 -0.06753
v 0.09163 1.62511 -0.08164
v 0.06341 1.62511 -0.09219
v 0.03241 1.62511 -0.09871
v 0.00000 1.62511 -0.10092
v -0.03241 1.62511 -0.09871
v -0.06341 1.62511 -0.09219
v -0.09163 1.62511 -0.08164
v -0.11585 1.62511 -0.06753
v -0.13501 1.62511 -0.05046
v -0.14827 1.62511 -0.03119
v -0.15504 1.62511 -0.01055
v -0.15574 1.62511 0.01067
v -0.14940 1.62511 0.03180
v -0.13629 1.62511 0.05169
v -0.11706 1.62511 0.06934
v -0.09261 1.62511 0.08389
v -0.06406 1.62511 0.09465
v -0.03270 1.62511 0.10250
v 0.00000 1.64667 0.11271
v 0.03481 1.64667 0.11020
v 0.06844 1.64667 0.10282
v 0.09908 1.64667 0.09142
v 0.12515 1.64667 0.07543
v 0.14529 1.64667 0.05583
v 0.15844 1.64667 0.03390
v 0.16364 1.64667 0.01111
v 0.16071 1.64667 -0.01060
v 0.15369 1.64667 -0.03133
v 0.13995 1.64667 -0.05069
v 0.12009 1.64667 -0.06784
v 0.09498 1.64667 -0.08202
v 0.06573 1.64667 -0.09261
v 0.03360 1.64667 -0.09916
v 0.00000 1.64667 -0.10138
v -0.03360 1.64667 -0.09916
v -0.06573 1.64667 -0.09261
v -0.09498 1.64667 -0.08202
v -0.12009 1.64667 -0.06784
v -0.13995 1.64667 -0.05069
v -0.15369 1.64667 -0.03133
v -0.16071 1.64667 -0.01060
v -0.16364 1.64667 0.01111
v -0.15844 1.64667 0.03390
v -0.14529 1.64667 0.05583
v -0.12515 1.64667 0.07543
v -0.09908 1.64667 0.09142
v -0.06844 1.64667 0.10282
v -0.03481 1.64667 0.11020
v 0.00000 1.66822 0.11003
v 0.03540 1.66822 0.10525
v 0.06940 1.66822 0.09751
v 0.10037 1.66822 0.08651
v 0.12684 1.66822 0.07146
v 0.14756 1.66822 0.05315
v 0.16154 1.66822 0.03257
v 0.16798 1.66822 0.01085
v 0.16663 1.66822 -0.01062
v 0.15935 1.66822 -0.03139
v 0.14510 1.66822 -0.05078
v 0.12451 1.66822 -0.06796
v 0.09848 1.66822 -0.08217
v 0.06815 1.66822 -0.09279
v 0.03484 1.66822 -0.09935
v 0.00000 1.66822 -0.10157
v -0.03484 1.66822 -0.09935
v -0.06815 1.66822 -0.09279
v -0.09848 1.66822 -0.08217
v -0.12451 1.66822 -0.06796
v -0.14510 1.66822 -0.05078
v -0.15935 1.66822 -0.03139
v -0.16663 1.66822 -0.01062
v -0.16798 1.66822 0.01085
v -0.16154 1.66822 0.03257
v -0.14756 1.66822 0.05315
v -0.12684 1.66822 0.07146
v -0.10037 1.66822 0.08651
v -0.06940 1.66822 0.09751
v -0.03540 1.66822 0.10525
v 0.00000 1.68978 0.11098
v 0.03685 1.68978 0.10703
v 0.07231 1.68978 0.09941
v 0.10462 1.68978 0.08827
v 0.13218 1.68978 0.07289
v 0.15368 1.68978 0.05412
v 0.16804 1.68978 0.03305
v 0.17438 1.68978 0.01095
v 0.17246 1.68978 -0.01061
v 0.16492 1.68978 -0.03136
v 0.15017 1.68978 -0.05074
v 0.12887 1.68978 -0.06791
v 0.10193 1.68978 -0.08210
v 0.07053 1.68978 -0.09271
v 0.03605 1.68978 -0.09927
v 0.00000 1.68978 -0.10148
v -0.03605 1.68978 -0.09927
v -0.07053 1.68978 -0.09271
v -0.10193 1.68978 -0.08210
v -0.12887 1.68978 -0.06791
v -0.15017 1.68978 -0.05074
v -0.16492 1.68978 -0.03136
v -0.17246 1.68978 -0.01061
v -0.17438 1.68978 0.01095
v -0.16804 1.68978 0.03305
v -0.15368 1.68978 0.05412
v -0.13218 1.68978 0.07289
v -0.10462 1.68978 0.08827
v -0.07231 1.68978 0.09941
v -0.03685 1.68978 0.10703
v 0.00000 1.71133 0.11129
v 0.03810 1.71133 0.10785
v 0.07479 1.71133 0.10033
v 0.10822 1.71133 0.08914
v 0.13673 1.71133 0.07358
v 0.15891 1.71133 0.05457
v 0.17364 1.71133 0.03326
v 0.18000 1.71133 0.01097
v 0.17772 1.71133 -0.01057
v 0.16995 1.71133 -0.03126
v 0.15476 1.71133 -0.05057
v 0.13280 1.71133 -0.06768
v 0.10503 1.71133 -0.08183
v 0.07268 1.71133 -0.09240
v 0.03715 1.71133 -0.09894
v 0.00000 1.71133 -0.10115
v -0.03715 1.71133 -0.09894
v -0.07268 1.71133 -0.09240
v -0.10503 1.71133 -0.08183
v -0.13280 1.71133 -0.06768
v -0.15476 1.71133 -0.05057
v -0.16995 1.71133 -0.03126
v -0.17772 1.71133 -0.01057
v -0.18000 1.71133 0.01097
v -0.17364 1.71133 0.03326
v -0.15891 1.71133 0.05457
v -0.13673 1.71133 0.07358
v -0.10822 1.71133 0.08914
v -0.07479 1.71133 0.10033
v -0.03810 1.71133 0.10785
v 0.00000 1.73289 0.10854
v 0.03847 1.73289 0.10339
v 0.07538 1.73289 0.09564
v 0.10899 1.73289 0.08482
v 0.13776 1.73289 0.07008
v 0.16033 1.73289 0.05218
v 0.17567 1.73289 0.03203
v 0.18295 1.73289 0.01070
v 0.18188 1.73289 -0.01051
v 0.17393 1.73289 -0.03108
v 0.15838 1.73289 -0.05029
v 0.13590 1.73289 -0.06731
v 0.10749 1.73289 -0.08138
v 0.07438 1.73289 -0.09189
v 0.03802 1.73289 -0.09839
v 0.00000 1.73289 -0.10059
v -0.03802 1.73289 -0.09839
v -0.07438 1.73289 -0.09189
v -0.10749 1.73289 -0.08138
v -0.13590 1.73289 -0.06731
v -0.15838 1.73289 -0.05029
v -0.17393 1.73289 -0.03108
v -0.18188 1.73289 -0.01051
v -0.18295 1.73289 0.01070
v -0.17567 1.73289 0.03203
v -0.16033 1.73289 0.05218
v -0.13776 1.73289 0.07008
v -0.10899 1.73289 0.08482
v -0.07538 1.73289 0.09564
v -0.03847 1.73289 0.10339
v 0.00000 1.75444 0.10581
v 0.03853 1.75444 0.09914
v 0.07537 1.75444 0.09121
v 0.10893 1.75444 0.08075
v 0.13772 1.75444 0.06679
v 0.16049 1.75444 0.04991
v 0.17625 1.75444 0.03084
v 0.18430 1.75444 0.01043
v 0.18430 1.75444 -0.01043
v 0.17624 1.75444 -0.03084
v 0.16049 1.75444 -0.04991
v 0.13772 1.75444 -0.06679
v 0.10893 1.75444 -0.08075
v 0.07537 1.75444 -0.09118
v 0.03853 1.75444 -0.09763
v 0.00000 1.75444 -0.09981
v -0.03853 1.75444 -0.09763
v -0.07537 1.75444 -0.09118
v -0.10893 1.75444 -0.08075
v -0.13772 1.75444 -0.06679
v -0.16049 1.75444 -0.04991
v -0.17624 1.75444 -0.03084
v -0.18430 1.75444 -0.01043
v -0.18430 1.75444 0.01043
v -0.17625 1.75444 0.03084
v -0.16049 1.75444 0.04991
v -0.13772 1.75444 0.06679
v -0.10893 1.75444 0.08075
v -0.07537 1.75444 0.09121
v -0.03853 1.75444 0.09914
v 0.00000 1.77600 0.10473
v 0.03877 1.77600 0.09809
v 0.07585 1.77600 0.09023
v 0.10961 1.77600 0.07988
v 0.13858 1.77600 0.06607
v 0.16150 1.77600 0.04937
v 0.17735 1.77600 0.03051
v 0.18546 1.77600 0.01032
v 0.18546 1.77600 -0.01032
v 0.17735 1.77600 -0.03051
v 0.16150 1.77600 -0.04937
v 0.13858 1.77600 -0.06607
v 0.10961 1.77600 -0.07988
v 0.07585 1.77600 -0.09020
v 0.03877 1.77600 -0.09658
v 0.00000 1.77600 -0.09873
v -0.03877 1.77600 -0.09658
v -0.07585 1.77600 -0.09020
v -0.10961 1.77600 -0.07988
v -0.13858 1.77600 -0.06607
v -0.16150 1.77600 -0.04937
v -0.17735 1.77600 -0.03051
v -0.18546 1.77600 -0.01032
v -0.18546 1.77600 0.01032
v -0.17735 1.77600 0.03051
v -0.16150 1.77600 0.04937
v -0.13858 1.77600 0.06607
v -0.10961 1.77600 0.07988
v -0.07585 1.77600 0.09023
v -0.03877 1.77600 0.09809
v 0.00000 1.79756 0.10325
v 0.03876 1.79756 0.09664
v 0.07583 1.79756 0.08887
v 0.10958 1.79756 0.07868
v 0.13855 1.79756 0.06507
v 0.16146 1.79756 0.04863
v 0.17731 1.79756 0.03005
v 0.18541 1.79756 0.01017
v 0.18541 1.79756 -0.01017
v 0.17731 1.79756 -0.03005
v 0.16146 1.79756 -0.04863
v 0.13855 1.79756 -0.06507
v 0.10958 1.79756 -0.07868
v 0.07583 1.79756 -0.08884
v 0.03876 1.79756 -0.09513
v 0.00000 1.79756 -0.09725
v -0.03876 1.79756 -0.09513
v -0.07583 1.79756 -0.08884
v -0.10958 1.79756 -0.07868
v -0.13855 1.79756 -0.06507
v -0.16146 1.79756 -0.04863
v -0.17731 1.79756 -0.03005
v -0.18541 1.79756 -0.01017
v -0.18541 1.79756 0.01017
v -0.17731 1.79756 0.03005
v -0.16146 1.79756 0.04863
v -0.13855 1.79756 0.06507
v -0.10958 1.79756 0.07868
v -0.07583 1.79756 0.08887
v -0.03876 1.79756 0.09664
v 0.00000 1.81911 0.09530
v 0.03832 1.81911 0.09321
v 0.07496 1.81911 0.08706
v 0.10833 1.81911 0.07710
v 0.13696 1.81911 0.06377
v 0.15961 1.81911 0.04765
v 0.17528 1.81911 0.02945
v 0.18329 1.81911 0.00996
v 0.18329 1.81911 -0.00996
v 0.17528 1.81911 -0.02945
v 0.15961 1.81911 -0.04765
v 0.13696 1.81911 -0.06377
v 0.10833 1.81911 -0.07710
v 0.07496 1.81911 -0.08706
v 0.03832 1.81911 -0.09321
v 0.00000 1.81911 -0.09530
v -0.03832 1.81911 -0.09321
v -0.07496 1.81911 -0.08706
v -0.10833 1.81911 -0.07710
v -0.13696 1.81911 -0.06377
v -0.15961 1.81911 -0.04765
v -0.17528 1.81911 -0.02945
v -0.18329 1.81911 -0.00996
v -0.18329 1.81911 0.00996
v -0.17528 1.81911 0.02945
v -0.15961 1.81911 0.04765
v -0.13696 1.81911 0.06377
v -0.10833 1.81911 0.07710
v -0.07496 1.81911 0.08706
v -0.03832 1.81911 0.09321
v 0.00000 1.84067 0.09278
v 0.03717 1.84067 0.09075
v 0.07272 1.84067 0.08475
v 0.10510 1.84067 0.07506
v 0.13287 1.84067 0.06208
v 0.15485 1.84067 0.04639
v 0.17005 1.84067 0.02867
v 0.17782 1.84067 0.00970
v 0.17782 1.84067 -0.00970
v 0.17005 1.84067 -0.02867
v 0.15485 1.84067 -0.04639
v 0.13287 1.84067 -0.06208
v 0.10510 1.84067 -0.07506
v 0.07272 1.84067 -0.08475
v 0.03717 1.84067 -0.09075
v 0.00000 1.84067 -0.09278
v -0.03717 1.84067 -0.09075
v -0.07272 1.84067 -0.08475
v -0.10510 1.84067 -0.07506
v -0.13287 1.84067 -0.06208
v -0.15485 1.84067 -0.04639
v -0.17005 1.84067 -0.02867
v -0.17782 1.84067 -0.00970
v -0.17782 1.84067 0.00970
v -0.17005 1.84067 0.02867
v -0.15485 1.84067 0.04639
v -0.13287 1.84067 0.06208
v -0.10510 1.84067 0.07506
v -0.07272 1.84067 0.08475
v -0.03717 1.84067 0.09075
v 0.00000 1.86222 0.08963
v 0.03503 1.86222 0.08767
v 0.06853 1.86222 0.08188
v 0.09904 1.86222 0.07251
v 0.12522 1.86222 0.05997
v 0.14592 1.86222 0.04481
v 0.16025 1.86222 0.02770
v 0.16757 1.86222 0.00937
v 0.16757 1.86222 -0.00937
v 0.16025 1.86222 -0.02770
v 0.14592 1.86222 -0.04481
v 0.12522 1.86222 -0.05997
v 0.09904 1.86222 -0.07251
v 0.06853 1.86222 -0.08188
v 0.03503 1.86222 -0.08767
v 0.00000 1.86222 -0.08963
v -0.03503 1.86222 -0.08767
v -0.06853 1.86222 -0.08188
v -0.09904 1.86222 -0.07251
v -0.12522 1.86222 -0.05997
v -0.14592 1.86222 -0.04481
v -0.16025 1.86222 -0.02770
v -0.16757 1.86222 -0.00937
v -0.16757 1.86222 0.00937
v -0.16025 1.86222 0.02770
v -0.14592 1.86222 0.04481
v -0.12522 1.86222 0.05997
v -0.09904 1.86222 0.07251
v -0.06853 1.86222 0.08188
v -0.03503 1.86222 0.08767
v 0.00000 1.88378 0.08559
v 0.03112 1.88378 0.08372
v 0.06087 1.88378 0.07819
v 0.08797 1.88378 0.06925
v 0.11122 1.88378 0.05727
v 0.12961 1.88378 0.04280
v 0.14234 1.88378 0.02645
v 0.14884 1.88378 0.00895
v 0.14884 1.88378 -0.00895
v 0.14234 1.88378 -0.02645
v 0.12961 1.88378 -0.04280
v 0.11122 1.88378 -0.05727
v 0.08797 1.88378 -0.06925
v 0.06087 1.88378 -0.07819
v 0.03112 1.88378 -0.08372
v 0.00000 1.88378 -0.08559
v -0.03112 1.88378 -0.08372
v -0.06087 1.88378 -0.07819
v -0.08797 1.88378 -0.06925
v -0.11122 1.88378 -0.05727
v -0.12961 1.88378 -0.04280
v -0.14234 1.88378 -0.02645
v -0.14884 1.88378 -0.00895
v -0.14884 1.88378 0.00895
v -0.14234 1.88378 0.02645
v -0.12961 1.88378 0.04280
v -0.11122 1.88378 0.05727
v -0.08797 1.88378 0.06925
v -0.06087 1.88378 0.07819
v -0.03112 1.88378 0.08372
v 0.00000 1.90533 0.08054
v 0.02550 1.90533 0.07878
v 0.04989 1.90533 0.07357
v 0.07210 1.90533 0.06516
v 0.09115 1.90533 0.05389
v 0.10622 1.90533 0.04027
v 0.11665 1.90533 0.02489
v 0.12198 1.90533 0.00842
v 0.12198 1.90533 -0.00842
v 0.11665 1.90533 -0.02489
v 0.10622 1.90533 -0.04027
v 0.09115 1.90533 -0.05389
v 0.07210 1.90533 -0.06516
v 0.04989 1.90533 -0.07357
v 0.02550 1.90533 -0.07878
v 0.00000 1.90533 -0.08054
v -0.02550 1.90533 -0.07878
v -0.04989 1.90533 -0.07357
v -0.07210 1.90533 -0.06516
v -0.09115 1.90533 -0.05389
v -0.10622 1.90533 -0.04027
v -0.11665 1.90533 -0.02489
v -0.12198 1.90533 -0.00842
v -0.12198 1.90533 0.00842
v -0.11665 1.90533 0.02489
v -0.10622 1.90533 0.04027
v -0.09115 1.90533 0.05389
v -0.07210 1.90533 0.06516
v -0.04989 1.90533 0.07357
v -0.02550 1.90533 0.07878
v 0.00000 1.92689 0.07440
v 0.01912 1.92689 0.07277
v 0.03740 1.92689 0.06796
v 0.05405 1.92689 0.06019
v 0.06833 1.92689 0.04978
v 0.07963 1.92689 0.03720
v 0.08745 1.92689 0.02299
v 0.09145 1.92689 0.00778
v 0.09145 1.92689 -0.00778
v 0.08745 1.92689 -0.02299
v 0.07963 1.92689 -0.03720
v 0.06833 1.92689 -0.04978
v 0.05405 1.92689 -0.06019
v 0.03740 1.92689 -0.06796
v 0.01912 1.92689 -0.07277
v 0.00000 1.92689 -0.07440
v -0.01912 1.92689 -0.07277
v -0.03740 1.92689 -0.06796
v -0.05405 1.92689 -0.06019
v -0.06833 1.92689 -0.04978
v -0.07963 1.92689 -0.03720
v -0.08745 1.92689 -0.02299
v -0.09145 1.92689 -0.00778
v -0.09145 1.92689 0.00778
v -0.08745 1.92689 0.02299
v -0.07963 1.92689 0.03720
v -0.06833 1.92689 0.04978
v -0.05405 1.92689 0.06019
v -0.03740 1.92689 0.06796
v -0.01912 1.92689 0.07277
v 0.00000 1.94844 0.06637
v 0.01378 1.94844 0.06492
v 0.02695 1.94844 0.06063
v 0.03895 1.94844 0.05370
v 0.04924 1.94844 0.04441
v 0.05738 1.94844 0.03319
v 0.06302 1.94844 0.02051
v 0.06590 1.94844 0.00694
v 0.06590 1.94844 -0.00694
v 0.06302 1.94844 -0.02051
v 0.05738 1.94844 -0.03319
v 0.04924 1.94844 -0.04441
v 0.03895 1.94844 -0.05370
v 0.02695 1.94844 -0.06063
v 0.01378 1.94844 -0.06492
v 0.00000 1.94844 -0.06637
v -0.01378 1.94844 -0.06492
v -0.02695 1.94844 -0.06063
v -0.03895 1.94844 -0.05370
v -0.04924 1.94844 -0.04441
v -0.05738 1.94844 -0.03319
v -0.06302 1.94844 -0.02051
v -0.06590 1.94844 -0.00694
v -0.06590 1.94844 0.00694
v -0.06302 1.94844 0.02051
v -0.05738 1.94844 0.03319
v -0.04924 1.94844 0.04441
v -0.03895 1.94844 0.05370
v -0.02695 1.94844 0.06063
v -0.01378 1.94844 0.06492
v 0.00000 1.97000 0.05000
v 0.01040 1.97000 0.04891
v 0.02034 1.97000 0.04568
v 0.02939 1.97000 0.04045
v 0.03716 1.97000 0.03346
v 0.04330 1.97000 0.02500
v 0.04755 1.97000 0.01545
v 0.04973 1.97000 0.00523
v 0.04973 1.97000 -0.00523
v 0.04755 1.97000 -0.01545
v 0.04330 1.97000 -0.02500
v 0.03716 1.97000 -0.03346
v 0.02939 1.97000 -0.04045
v 0.02034 1.97000 -0.04568
v 0.01040 1.97000 -0.04891
v 0.00000 1.97000 -0.05000
v -0.01040 1.97000 -0.04891
v -0.02034 1.97000 -0.04568
v -0.02939 1.97000 -0.04045
v -0.03716 1.97000 -0.03346
v -0.04330 1.97000 -0.02500
v -0.04755 1.97000 -0.01545
v -0.04973 1.97000 -0.00523
v -0.04973 1.97000 0.00523
v -0.04755 1.97000 0.01545
v -0.04330 1.97000 0.02500
v -0.03716 1.97000 0.03346
v -0.02939 1.97000 0.04045
v -0.02034 1.97000 0.04568
v -0.01040 1.97000 0.04891
v 0.00000 1.00000 0.08500
v 0.02599 1.00000 0.08314
v 0.05084 1.00000 0.07765
v 0.07347 1.00000 0.06877
v 0.09289 1.00000 0.05688
v 0.10825 1.00000 0.04250
v 0.11888 1.00000 0.02627
v 0.12432 1.00000 0.00888
v 0.12432 1.00000 -0.00888
v 0.11888 1.00000 -0.02627
v 0.10825 1.00000 -0.04250
v 0.09289 1.00000 -0.05688
v 0.07347 1.00000 -0.06877
v 0.05084 1.00000 -0.07765
v 0.02599 1.00000 -0.08314
v 0.00000 1.00000 -0.08500
v -0.02599 1.00000 -0.08314
v -0.05084 1.00000 -0.07765
v -0.07347 1.00000 -0.06877
v -0.09289 1.00000 -0.05688
v -0.10825 1.00000 -0.04250
v -0.11888 1.00000 -0.02627
v -0.12432 1.00000 -0.00888
v -0.12432 1.00000 0.00888
v -0.11888 1.00000 0.02627
v -0.10825 1.00000 0.04250
v -0.09289 1.00000 0.05688
v -0.07347 1.00000 0.06877
v -0.05084 1.00000 0.07765
v -0.02599 1.00000 0.08314
v 0.00000 1.00000 0.00000
v 0.00000 1.97000 0.05000
v 0.01040 1.97000 0.04891
v 0.02034 1.97000 0.04568
v 0.02939 1.97000 0.04045
v 0.03716 1.97000 0.03346
v 0.04330 1.97000 0.02500
v 0.04755 1.97000 0.01545
v 0.04973 1.97000 0.00523
v 0.04973 1.97000 -0.00523
v 0.04755 1.97000 -0.01545
v 0.04330 1.97000 -0.02500
v 0.03716 1.97000 -0.03346
v 0.02939 1.97000 -0.04045
v 0.02034 1.97000 -0.04568
v 0.01040 1.97000 -0.04891
v 0.00000 1.97000 -0.05000
v -0.01040 1.97000 -0.04891
v -0.02034 1.97000 -0.04568
v -0.02939 1.97000 -0.04045
v -0.03716 1.97000 -0.03346
v -0.04330 1.97000 -0.02500
v -0.04755 1.97000 -0.01545
v -0.04973 1.97000 -0.00523
v -0.04973 1.97000 0.00523
v -0.04755 1.97000 0.01545
v -0.04330 1.97000 0.02500
v -0.03716 1.97000 0.03346
v -0.02939 1.97000 0.04045
v -0.02034 1.97000 0.04568
v -0.01040 1.97000 0.04891
v 0.00000 1.97000 0.00000
vn 0.0000 -0.1299 0.9915
vn 0.1418 -0.1301 0.9813
vn 0.2873 -0.1310 0.9489
vn 0.4390 -0.1327 0.8886
vn 0.5971 -0.1355 0.7906
vn 0.7548 -0.1395 0.6409
vn 0.8929 -0.1440 0.4266
vn 0.9775 -0.1471 0.1511
vn 0.9775 -0.1471 -0.1511
vn 0.8929 -0.1440 -0.4266
vn 0.7548 -0.1395 -0.6409
vn 0.5971 -0.1355 -0.7906
vn 0.4390 -0.1327 -0.8886
vn 0.2873 -0.1310 -0.9489
vn 0.1418 -0.1301 -0.9813
vn -0.0000 -0.1299 -0.9915
vn -0.1418 -0.1301 -0.9813
vn -0.2873 -0.1310 -0.9489
vn -0.4390 -0.1327 -0.8886
vn -0.5971 -0.1355 -0.7906
vn -0.7548 -0.1395 -0.6409
vn -0.8929 -0.1440 -0.4266
vn -0.9775 -0.1471 -0.1511
vn -0.9775 -0.1471 0.1511
vn -0.8929 -0.1440 0.4266
vn -0.7548 -0.1395 0.6409
vn -0.5971 -0.1355 0.7906
vn -0.4390 -0.1327 0.8886
vn -0.2873 -0.1310 0.9489
vn -0.1418 -0.1301 0.9813
vn 0.0000 -0.1426 0.9898
vn 0.1426 -0.1431 0.9794
vn 0.2886 -0.1445 0.9465
vn 0.4407 -0.1472 0.8855
vn 0.5985 -0.1514 0.7867
vn 0.7551 -0.1570 0.6365
vn 0.8914 -0.1629 0.4229
vn 0.9745 -0.1670 0.1495
vn 0.9745 -0.1670 -0.1495
vn 0.8914 -0.1629 -0.4229
vn 0.7551 -0.1570 -0.6365
vn 0.5985 -0.1514 -0.7867
vn 0.4407 -0.1472 -0.8855
vn 0.2886 -0.1445 -0.9465
vn 0.1426 -0.1431 -0.9794
vn -0.0000 -0.1426 -0.9898
vn -0.1426 -0.1431 -0.9794
vn -0.2886 -0.1445 -0.9465
vn -0.4407 -0.1472 -0.8855
vn -0.5985 -0.1514 -0.7867
vn -0.7551 -0.1570 -0.6365
vn -0.8914 -0.1629 -0.4229
vn -0.9745 -0.1670 -0.1495
vn -0.9745 -0.1670 0.1495
vn -0.8914 -0.1629 0.4229
vn -0.7551 -0.1570 0.6365
vn -0.5985 -0.1514 0.7867
vn -0.4407 -0.1472 0.8855
vn -0.2886 -0.1445 0.9465
vn -0.1426 -0.1431 0.9794
vn 0.0000 -0.1412 0.9900
vn 0.1435 -0.1416 0.9795
vn 0.2904 -0.1430 0.9462
vn 0.4430 -0.1457 0.8846
vn 0.6010 -0.1498 0.7851
vn 0.7573 -0.1552 0.6343
vn 0.8928 -0.1609 0.4208
vn 0.9751 -0.1648 0.1487
vn 0.9751 -0.1648 -0.1487
vn 0.8928 -0.1609 -0.4208
vn 0.7573 -0.1552 -0.6343
vn 0.6010 -0.1498 -0.7851
vn 0.4430 -0.1457 -0.8846
vn 0.2904 -0.1430 -0.9462
vn 0.1435 -0.1416 -0.9795
vn -0.0000 -0.1412 -0.9900
vn -0.1435 -0.1416 -0.9795
vn -0.2904 -0.1430 -0.9462
vn -0.4430 -0.1457 -0.8846
vn -0.6010 -0.1498 -0.7851
vn -0.7573 -0.1552 -0.6343
vn -0.8928 -0.1609 -0.4208
vn -0.9751 -0.1648 -0.1487
vn -0.9751 -0.1648 0.1487
vn -0.8928 -0.1609 0.4208
vn -0.7573 -0.1552 0.6343
vn -0.6010 -0.1498 0.7851
vn -0.4430 -0.1457 0.8846
vn -0.2904 -0.1430 0.9462
vn -0.1435 -0.1416 0.9795
vn 0.0000 -0.0910 0.9958
vn 0.1453 -0.0907 0.9852
vn 0.2939 -0.0898 0.9516
vn 0.4484 -0.0886 0.8895
vn 0.6080 -0.0873 0.7891
vn 0.7658 -0.0864 0.6373
vn 0.9022 -0.0861 0.4225
vn 0.9851 -0.0861 0.1492
vn 0.9851 -0.0861 -0.1492
vn 0.9022 -0.0861 -0.4225
vn 0.7658 -0.0864 -0.6373
vn 0.6080 -0.0873 -0.7891
vn 0.4484 -0.0886 -0.8895
vn 0.2939 -0.0898 -0.9516
vn 0.1453 -0.0907 -0.9852
vn -0.0000 -0.0910 -0.9958
vn -0.1453 -0.0907 -0.9852
vn -0.2939 -0.0898 -0.9516
vn -0.4484 -0.0886 -0.8895
vn -0.6080 -0.0873 -0.7891
vn -0.7658 -0.0864 -0.6373
vn -0.9022 -0.0861 -0.4225
vn -0.9851 -0.0861 -0.1492
vn -0.9851 -0.0861 0.1492
vn -0.9022 -0.0861 0.4225
vn -0.7658 -0.0864 0.6373
vn -0.6080 -0.0873 0.7891
vn -0.4484 -0.0886 0.8895
vn -0.2939 -0.0898 0.9516
vn -0.1453 -0.0907 0.9852
vn 0.0000 -0.0112 0.9999
vn 0.1470 -0.0096 0.9891
vn 0.2973 -0.0047 0.9548
vn 0.4530 0.0031 0.8915
vn 0.6134 0.0132 0.7897
vn 0.7709 0.0244 0.6364
vn 0.9064 0.0346 0.4211
vn 0.9881 0.0410 0.1485
vn 0.9881 0.0410 -0.1485
vn 0.9064 0.0346 -0.4211
vn 0.7709 0.0244 -0.6364
vn 0.6134 0.0132 -0.7897
vn 0.4530 0.0031 -0.8915
vn 0.2973 -0.0047 -0.9548
vn 0.1470 -0.0096 -0.9891
vn -0.0000 -0.0112 -0.9999
vn -0.1470 -0.0096 -0.9891
vn -0.2973 -0.0047 -0.9548
vn -0.4530 0.0031 -0.8915
vn -0.6134 0.0132 -0.7897
vn -0.7709 0.0244 -0.6364
vn -0.9064 0.0346 -0.4211
vn -0.9881 0.0410 -0.1485
vn -0.9881 0.0410 0.1485
vn -0.9064 0.0346 0.4211
vn -0.7709 0.0244 0.6364
vn -0.6134 0.0132 0.7897
vn -0.4530 0.0031 0.8915
vn -0.2973 -0.0047 0.9548
vn -0.1470 -0.0096 0.9891
vn -0.0000 0.0798 0.9968
vn 0.1481 0.0831 0.9855
vn 0.2989 0.0929 0.9498
vn 0.4541 0.1088 0.8843
vn 0.6122 0.1297 0.7800
vn 0.7653 0.1531 0.6252
vn 0.8946 0.1746 0.4113
vn 0.9715 0.1879 0.1445
vn 0.9715 0.1879 -0.1445
vn 0.8946 0.1746 -0.4113
vn 0.7653 0.1531 -0.6252
vn 0.6122 0.1297 -0.7800
vn 0.4541 0.1088 -0.8843
vn 0.2989 0.0929 -0.9498
vn 0.1481 0.0831 -0.9855
vn 0.0000 0.0798 -0.9968
vn -0.1481 0.0831 -0.9855
vn -0.2989 0.0929 -0.9498
vn -0.4541 0.1088 -0.8843
vn -0.6122 0.1297 -0.7800
vn -0.7653 0.1531 -0.6252
vn -0.8946 0.1746 -0.4113
vn -0.9715 0.1879 -0.1445
vn -0.9715 0.1879 0.1445
vn -0.8946 0.1746 0.4113
vn -0.7653 0.1531 0.6252
vn -0.6122 0.1297 0.7800
vn -0.4541 0.1088 0.8843
vn -0.2989 0.0929 0.9498
vn -0.1481 0.0831 0.9855
vn -0.0000 0.1532 0.9882
vn 0.1490 0.1579 0.9762
vn 0.3000 0.1719 0.9383
vn 0.4537 0.1945 0.8697
vn 0.6077 0.2237 0.7621
vn 0.7533 0.2559 0.6058
vn 0.8733 0.2850 0.3952
vn 0.9430 0.3027 0.1381
vn 0.9430 0.3027 -0.1381
vn 0.8733 0.2850 -0.3952
vn 0.7533 0.2559 -0.6058
vn 0.6077 0.2237 -0.7621
vn 0.4537 0.1945 -0.8697
vn 0.3000 0.1719 -0.9383
vn 0.1490 0.1579 -0.9762
vn 0.0000 0.1532 -0.9882
vn -0.1490 0.1579 -0.9762
vn -0.3000 0.1719 -0.9383
vn -0.4537 0.1945 -0.8697
vn -0.6077 0.2237 -0.7621
vn -0.7533 0.2559 -0.6058
vn -0.8733 0.2850 -0.3952
vn -0.9430 0.3027 -0.1381
vn -0.9430 0.3027 0.1381
vn -0.8733 0.2850 0.3952
vn -0.7533 0.2559 0.6058
vn -0.6077 0.2237 0.7621
vn -0.4537 0.1945 0.8697
vn -0.3000 0.1719 0.9383
vn -0.1490 0.1579 0.9762
vn -0.0000 0.1854 0.9827
vn 0.1510 0.1908 0.9699
vn 0.3034 0.2066 0.9302
vn 0.4570 0.2317 0.8588
vn 0.6087 0.2639 0.7482
vn 0.7495 0.2988 0.5908
vn 0.8630 0.3296 0.3828
vn 0.9279 0.3482 0.1331
vn 0.9279 0.3482 -0.1331
vn 0.8630 0.3296 -0.3828
vn 0.7495 0.2988 -0.5908
vn 0.6087 0.2639 -0.7482
vn 0.4570 0.2317 -0.8588
vn 0.3034 0.2066 -0.9302
vn 0.1510 0.1908 -0.9699
vn 0.0000 0.1854 -0.9827
vn -0.1510 0.1908 -0.9699
vn -0.3034 0.2066 -0.9302
vn -0.4570 0.2317 -0.8588
vn -0.6087 0.2639 -0.7482
vn -0.7495 0.2988 -0.5908
vn -0.8630 0.3296 -0.3828
vn -0.9279 0.3482 -0.1331
vn -0.9279 0.3482 0.1331
vn -0.8630 0.3296 0.3828
vn -0.7495 0.2988 0.5908
vn -0.6087 0.2639 0.7482
vn -0.4570 0.2317 0.8588
vn -0.3034 0.2066 0.9302
vn -0.1510 0.1908 0.9699
vn -0.0000 0.1831 0.9831
vn 0.1544 0.1883 0.9699
vn 0.3097 0.2037 0.9288
vn 0.4653 0.2282 0.8552
vn 0.6176 0.2592 0.7425
vn 0.7573 0.2925 0.5838
vn 0.8686 0.3217 0.3769
vn 0.9317 0.3390 0.1307
vn 0.9317 0.3390 -0.1307
vn 0.8686 0.3217 -0.3769
vn 0.7573 0.2925 -0.5838
vn 0.6176 0.2592 -0.7425
vn 0.4653 0.2282 -0.8552
vn 0.3097 0.2037 -0.9288
vn 0.1544 0.1883 -0.9699
vn 0.0000 0.1831 -0.9831
vn -0.1544 0.1883 -0.9699
vn -0.3097 0.2037 -0.9288
vn -0.4653 0.2282 -0.8552
vn -0.6176 0.2592 -0.7425
vn -0.7573 0.2925 -0.5838
vn -0.8686 0.3217 -0.3769
vn -0.9317 0.3390 -0.1307
vn -0.9317 0.3390 0.1307
vn -0.8686 0.3217 0.3769
vn -0.7573 0.2925 0.5838
vn -0.6176 0.2592 0.7425
vn -0.4653 0.2282 0.8552
vn -0.3097 0.2037 0.9288
vn -0.1544 0.1883 0.9699
vn -0.0000 0.1554 0.9879
vn 0.1585 0.1599 0.9743
vn 0.3177 0.1733 0.9322
vn 0.4768 0.1943 0.8573
vn 0.6317 0.2210 0.7430
vn 0.7731 0.2495 0.5831
vn 0.8852 0.2744 0.3757
vn 0.9484 0.2891 0.1302
vn 0.9484 0.2891 -0.1302
vn 0.8852 0.2744 -0.3757
vn 0.7731 0.2495 -0.5831
vn 0.6317 0.2210 -0.7430
vn 0.4768 0.1943 -0.8573
vn 0.3177 0.1733 -0.9322
vn 0.1585 0.1599 -0.9743
vn 0.0000 0.1554 -0.9879
vn -0.1585 0.1599 -0.9743
vn -0.3177 0.1733 -0.9322
vn -0.4768 0.1943 -0.8573
vn -0.6317 0.2210 -0.7430
vn -0.7731 0.2495 -0.5831
vn -0.8852 0.2744 -0.3757
vn -0.9484 0.2891 -0.1302
vn -0.9484 0.2891 0.1302
vn -0.8852 0.2744 0.3757
vn -0.7731 0.2495 0.5831
vn -0.6317 0.2210 0.7430
vn -0.4768 0.1943 0.8573
vn -0.3177 0.1733 0.9322
vn -0.1585 0.1599 0.9743
vn -0.0000 0.1058 0.9944
vn 0.1625 0.1090 0.9807
vn 0.3257 0.1185 0.9380
vn 0.4885 0.1333 0.8623
vn 0.6471 0.1521 0.7471
vn 0.7917 0.1723 0.5861
vn 0.9063 0.1898 0.3776
vn 0.9710 0.2001 0.1309
vn 0.9710 0.2001 -0.1309
vn 0.9063 0.1898 -0.3776
vn 0.7917 0.1723 -0.5861
vn 0.6471 0.1521 -0.7471
vn 0.4885 0.1333 -0.8623
vn 0.3257 0.1185 -0.9380
vn 0.1625 0.1090 -0.9807
vn 0.0000 0.1058 -0.9944
vn -0.1625 0.1090 -0.9807
vn -0.3257 0.1185 -0.9380
vn -0.4885 0.1333 -0.8623
vn -0.6471 0.1521 -0.7471
vn -0.7917 0.1723 -0.5861
vn -0.9063 0.1898 -0.3776
vn -0.9710 0.2001 -0.1309
vn -0.9710 0.2001 0.1309
vn -0.9063 0.1898 0.3776
vn -0.7917 0.1723 0.5861
vn -0.6471 0.1521 0.7471
vn -0.4885 0.1333 0.8623
vn -0.3257 0.1185 0.9380
vn -0.1625 0.1090 0.9807
vn -0.0000 0.0459 0.9989
vn 0.1651 0.0474 0.9851
vn 0.3308 0.0517 0.9423
vn 0.4963 0.0585 0.8662
vn 0.6574 0.0671 0.7506
vn 0.8045 0.0763 0.5890
vn 0.9213 0.0844 0.3796
vn 0.9873 0.0892 0.1316
vn 0.9873 0.0892 -0.1316
vn 0.9213 0.0844 -0.3796
vn 0.8045 0.0763 -0.5890
vn 0.6574 0.0671 -0.7506
vn 0.4963 0.0585 -0.8662
vn 0.3308 0.0517 -0.9423
vn 0.1651 0.0474 -0.9851
vn 0.0000 0.0459 -0.9989
vn -0.1651 0.0474 -0.9851
vn -0.3308 0.0517 -0.9423
vn -0.4963 0.0585 -0.8662
vn -0.6574 0.0671 -0.7506
vn -0.8045 0.0763 -0.5890
vn -0.9213 0.0844 -0.3796
vn -0.9873 0.0892 -0.1316
vn -0.9873 0.0892 0.1316
vn -0.9213 0.0844 0.3796
vn -0.8045 0.0763 0.5890
vn -0.6574 0.0671 0.7506
vn -0.4963 0.0585 0.8662
vn -0.3308 0.0517 0.9423
vn -0.1651 0.0474 0.9851
vn 0.0000 -0.0015 1.0000
vn 0.1658 -0.0014 0.9862
vn 0.3322 -0.0013 0.9432
vn 0.4982 -0.0012 0.8670
vn 0.6600 -0.0010 0.7513
vn 0.8077 -0.0008 0.5896
vn 0.9250 -0.0007 0.3800
vn 0.9913 -0.0006 0.1317
vn 0.9913 -0.0006 -0.1317
vn 0.9250 -0.0007 -0.3800
vn 0.8077 -0.0008 -0.5896
vn 0.6600 -0.0010 -0.7513
vn 0.4982 -0.0012 -0.8670
vn 0.3322 -0.0013 -0.9432
vn 0.1658 -0.0014 -0.9862
vn -0.0000 -0.0015 -1.0000
vn -0.1658 -0.0014 -0.9862
vn -0.3322 -0.0013 -0.9432
vn -0.4982 -0.0012 -0.8670
vn -0.6600 -0.0010 -0.7513
vn -0.8077 -0.0008 -0.5896
vn -0.9250 -0.0007 -0.3800
vn -0.9913 -0.0006 -0.1317
vn -0.9913 -0.0006 0.1317
vn -0.9250 -0.0007 0.3800
vn -0.8077 -0.0008 0.5896
vn -0.6600 -0.0010 0.7513
vn -0.4982 -0.0012 0.8670
vn -0.3322 -0.0013 0.9432
vn -0.1658 -0.0014 0.9862
vn 0.0000 -0.0322 0.9995
vn 0.1653 -0.0332 0.9857
vn 0.3312 -0.0359 0.9429
vn 0.4969 -0.0403 0.8668
vn 0.6584 -0.0458 0.7513
vn 0.8060 -0.0517 0.5897
vn 0.9232 -0.0569 0.3802
vn 0.9895 -0.0599 0.1318
vn 0.9895 -0.0599 -0.1318
vn 0.9232 -0.0569 -0.3802
vn 0.8060 -0.0517 -0.5897
vn 0.6584 -0.0458 -0.7513
vn 0.4969 -0.0403 -0.8668
vn 0.3312 -0.0359 -0.9429
vn 0.1653 -0.0332 -0.9857
vn -0.0000 -0.0322 -0.9995
vn -0.1653 -0.0332 -0.9857
vn -0.3312 -0.0359 -0.9429
vn -0.4969 -0.0403 -0.8668
vn -0.6584 -0.0458 -0.7513
vn -0.8060 -0.0517 -0.5897
vn -0.9232 -0.0569 -0.3802
vn -0.9895 -0.0599 -0.1318
vn -0.9895 -0.0599 0.1318
vn -0.9232 -0.0569 0.3802
vn -0.8060 -0.0517 0.5897
vn -0.6584 -0.0458 0.7513
vn -0.4969 -0.0403 0.8668
vn -0.3312 -0.0359 0.9429
vn -0.1653 -0.0332 0.9857
vn 0.0000 -0.0536 0.9986
vn 0.1641 -0.0552 0.9849
vn 0.3290 -0.0600 0.9424
vn 0.4938 -0.0676 0.8669
vn 0.6547 -0.0771 0.7519
vn 0.8021 -0.0874 0.5907
vn 0.9195 -0.0964 0.3811
vn 0.9860 -0.1018 0.1322
vn 0.9860 -0.1018 -0.1322
vn 0.9195 -0.0964 -0.3811
vn 0.8021 -0.0874 -0.5907
vn 0.6547 -0.0771 -0.7519
vn 0.4938 -0.0676 -0.8669
vn 0.3290 -0.0600 -0.9424
vn 0.1641 -0.0552 -0.9849
vn -0.0000 -0.0536 -0.9986
vn -0.1641 -0.0552 -0.9849
vn -0.3290 -0.0600 -0.9424
vn -0.4938 -0.0676 -0.8669
vn -0.6547 -0.0771 -0.7519
vn -0.8021 -0.0874 -0.5907
vn -0.9195 -0.0964 -0.3811
vn -0.9860 -0.1018 -0.1322
vn -0.9860 -0.1018 0.1322
vn -0.9195 -0.0964 0.3811
vn -0.8021 -0.0874 0.5907
vn -0.6547 -0.0771 0.7519
vn -0.4938 -0.0676 0.8669
vn -0.3290 -0.0600 0.9424
vn -0.1641 -0.0552 0.9849
vn 0.0000 -0.0675 0.9977
vn 0.1626 -0.0695 0.9842
vn 0.3260 -0.0757 0.9423
vn 0.4899 -0.0854 0.8676
vn 0.6502 -0.0978 0.7534
vn 0.7977 -0.1111 0.5927
vn 0.9156 -0.1227 0.3828
vn 0.9826 -0.1297 0.1329
vn 0.9826 -0.1297 -0.1329
vn 0.9156 -0.1227 -0.3828
vn 0.7977 -0.1111 -0.5927
vn 0.6502 -0.0978 -0.7534
vn 0.4899 -0.0854 -0.8676
vn 0.3260 -0.0757 -0.9423
vn 0.1626 -0.0695 -0.9842
vn -0.0000 -0.0675 -0.9977
vn -0.1626 -0.0695 -0.9842
vn -0.3260 -0.0757 -0.9423
vn -0.4899 -0.0854 -0.8676
vn -0.6502 -0.0978 -0.7534
vn -0.7977 -0.1111 -0.5927
vn -0.9156 -0.1227 -0.3828
vn -0.9826 -0.1297 -0.1329
vn -0.9826 -0.1297 0.1329
vn -0.9156 -0.1227 0.3828
vn -0.7977 -0.1111 0.5927
vn -0.6502 -0.0978 0.7534
vn -0.4899 -0.0854 0.8676
vn -0.3260 -0.0757 0.9423
vn -0.1626 -0.0695 0.9842
vn 0.0000 -0.0762 0.9971
vn 0.1608 -0.0786 0.9838
vn 0.3228 -0.0857 0.9426
vn 0.4855 -0.0969 0.8689
vn 0.6454 -0.1112 0.7557
vn 0.7933 -0.1267 0.5955
vn 0.9120 -0.1404 0.3853
vn 0.9798 -0.1485 0.1339
vn 0.9798 -0.1485 -0.1339
vn 0.9120 -0.1404 -0.3853
vn 0.7933 -0.1267 -0.5955
vn 0.6454 -0.1112 -0.7557
vn 0.4855 -0.0969 -0.8689
vn 0.3228 -0.0857 -0.9426
vn 0.1608 -0.0786 -0.9838
vn -0.0000 -0.0762 -0.9971
vn -0.1608 -0.0786 -0.9838
vn -0.3228 -0.0857 -0.9426
vn -0.4855 -0.0969 -0.8689
vn -0.6454 -0.1112 -0.7557
vn -0.7933 -0.1267 -0.5955
vn -0.9120 -0.1404 -0.3853
vn -0.9798 -0.1485 -0.1339
vn -0.9798 -0.1485 0.1339
vn -0.9120 -0.1404 0.3853
vn -0.7933 -0.1267 0.5955
vn -0.6454 -0.1112 0.7557
vn -0.4855 -0.0969 0.8689
vn -0.3228 -0.0857 0.9426
vn -0.1608 -0.0786 0.9838
vn 0.0000 -0.1334 0.9911
vn 0.1570 -0.1778 0.9715
vn 0.3146 -0.1939 0.9292
vn 0.4735 -0.2027 0.8571
vn 0.6313 -0.2065 0.7475
vn 0.7793 -0.2065 0.5917
vn 0.9006 -0.2020 0.3848
vn 0.9730 -0.1877 0.1345
vn 0.9780 -0.1587 -0.1352
vn 0.9092 -0.1497 -0.3885
vn 0.7892 -0.1348 -0.5992
vn 0.6407 -0.1179 -0.7587
vn 0.4810 -0.1024 -0.8707
vn 0.3194 -0.0902 -0.9433
vn 0.1590 -0.0826 -0.9838
vn -0.0000 -0.0800 -0.9968
vn -0.1590 -0.0826 -0.9838
vn -0.3194 -0.0902 -0.9433
vn -0.4810 -0.1024 -0.8707
vn -0.6407 -0.1179 -0.7587
vn -0.7892 -0.1348 -0.5992
vn -0.9092 -0.1497 -0.3885
vn -0.9780 -0.1587 -0.1352
vn -0.9730 -0.1877 0.1345
vn -0.9006 -0.2020 0.3848
vn -0.7793 -0.2065 0.5917
vn -0.6313 -0.2065 0.7475
vn -0.4735 -0.2027 0.8571
vn -0.3146 -0.1939 0.9292
vn -0.1570 -0.1778 0.9715
vn 0.0000 -0.2894 0.9572
vn 0.1050 -0.2578 0.9605
vn 0.3003 -0.2477 0.9211
vn 0.4732 -0.2551 0.8432
vn 0.6391 -0.2540 0.7260
vn 0.7899 -0.2463 0.5616
vn 0.9103 -0.2323 0.3426
vn 0.9759 -0.2053 0.0743
vn 0.9721 -0.1598 -0.1715
vn 0.9074 -0.1509 -0.3922
vn 0.7858 -0.1353 -0.6035
vn 0.6364 -0.1178 -0.7623
vn 0.4768 -0.1018 -0.8731
vn 0.3161 -0.0893 -0.9445
vn 0.1573 -0.0815 -0.9842
vn -0.0000 -0.0789 -0.9969
vn -0.1573 -0.0815 -0.9842
vn -0.3161 -0.0893 -0.9445
vn -0.4768 -0.1018 -0.8731
vn -0.6364 -0.1178 -0.7623
vn -0.7858 -0.1353 -0.6035
vn -0.9074 -0.1509 -0.3922
vn -0.9721 -0.1598 -0.1715
vn -0.9759 -0.2053 0.0743
vn -0.9103 -0.2323 0.3426
vn -0.7899 -0.2463 0.5616
vn -0.6391 -0.2540 0.7260
vn -0.4732 -0.2551 0.8432
vn -0.3003 -0.2477 0.9211
vn -0.1050 -0.2578 0.9605
vn 0.0000 -0.2456 0.9694
vn 0.2001 -0.1799 0.9631
vn 0.3276 -0.1614 0.9309
vn 0.4835 -0.1709 0.8585
vn 0.6553 -0.1796 0.7337
vn 0.8079 -0.1855 0.5593
vn 0.9259 -0.1869 0.3283
vn 0.9829 -0.1782 0.0455
vn 0.9692 -0.1560 -0.1906
vn 0.9062 -0.1474 -0.3962
vn 0.7828 -0.1316 -0.6082
vn 0.6324 -0.1140 -0.7662
vn 0.4728 -0.0980 -0.8757
vn 0.3130 -0.0856 -0.9459
vn 0.1555 -0.0779 -0.9848
vn -0.0000 -0.0753 -0.9972
vn -0.1555 -0.0779 -0.9848
vn -0.3130 -0.0856 -0.9459
vn -0.4728 -0.0980 -0.8757
vn -0.6324 -0.1140 -0.7662
vn -0.7828 -0.1316 -0.6082
vn -0.9062 -0.1474 -0.3962
vn -0.9692 -0.1560 -0.1906
vn -0.9829 -0.1782 0.0455
vn -0.9259 -0.1869 0.3283
vn -0.8079 -0.1855 0.5593
vn -0.6553 -0.1796 0.7337
vn -0.4835 -0.1709 0.8585
vn -0.3276 -0.1614 0.9309
vn -0.2001 -0.1799 0.9631
vn 0.0000 -0.0415 0.9991
vn 0.1931 -0.0160 0.9810
vn 0.3273 -0.0174 0.9447
vn 0.4878 -0.0322 0.8724
vn 0.6635 -0.0578 0.7460
vn 0.8186 -0.0879 0.5676
vn 0.9367 -0.1170 0.3301
vn 0.9893 -0.1407 0.0396
vn 0.9677 -0.1584 -0.1964
vn 0.9043 -0.1497 -0.3997
vn 0.7794 -0.1338 -0.6121
vn 0.6281 -0.1161 -0.7694
vn 0.4687 -0.1001 -0.8777
vn 0.3098 -0.0878 -0.9467
vn 0.1539 -0.0801 -0.9848
vn -0.0000 -0.0775 -0.9970
vn -0.1539 -0.0801 -0.9848
vn -0.3098 -0.0878 -0.9467
vn -0.4687 -0.1001 -0.8777
vn -0.6281 -0.1161 -0.7694
vn -0.7794 -0.1338 -0.6121
vn -0.9043 -0.1497 -0.3997
vn -0.9677 -0.1584 -0.1964
vn -0.9893 -0.1407 0.0396
vn -0.9367 -0.1170 0.3301
vn -0.8186 -0.0879 0.5676
vn -0.6635 -0.0578 0.7460
vn -0.4878 -0.0322 0.8724
vn -0.3273 -0.0174 0.9447
vn -0.1931 -0.0160 0.9810
vn 0.0000 -0.1277 0.9918
vn 0.2242 -0.1643 0.9606
vn 0.3247 -0.1786 0.9288
vn 0.4679 -0.1883 0.8635
vn 0.6330 -0.1961 0.7489
vn 0.7859 -0.2014 0.5847
vn 0.9096 -0.2024 0.3629
vn 0.9771 -0.1935 0.0891
vn 0.9708 -0.1699 -0.1697
vn 0.9013 -0.1602 -0.4025
vn 0.7752 -0.1436 -0.6151
vn 0.6236 -0.1253 -0.7716
vn 0.4646 -0.1089 -0.8788
vn 0.3068 -0.0963 -0.9469
vn 0.1522 -0.0885 -0.9844
vn -0.0000 -0.0859 -0.9963
vn -0.1522 -0.0885 -0.9844
vn -0.3068 -0.0963 -0.9469
vn -0.4646 -0.1089 -0.8788
vn -0.6236 -0.1253 -0.7716
vn -0.7752 -0.1436 -0.6151
vn -0.9013 -0.1602 -0.4025
vn -0.9708 -0.1699 -0.1697
vn -0.9771 -0.1935 0.0891
vn -0.9096 -0.2024 0.3629
vn -0.7859 -0.2014 0.5847
vn -0.6330 -0.1961 0.7489
vn -0.4679 -0.1883 0.8635
vn -0.3247 -0.1786 0.9288
vn -0.2242 -0.1643 0.9606
vn 0.0000 -0.0689 0.9976
vn 0.1550 -0.0530 0.9865
vn 0.3157 -0.0576 0.9471
vn 0.4857 -0.0732 0.8711
vn 0.6657 -0.0979 0.7398
vn 0.8220 -0.1258 0.5555
vn 0.9389 -0.1513 0.3091
vn 0.9856 -0.1691 0.0047
vn 0.9590 -0.1791 -0.2198
vn 0.8983 -0.1701 -0.4051
vn 0.7712 -0.1526 -0.6180
vn 0.6192 -0.1334 -0.7738
vn 0.4606 -0.1162 -0.8799
vn 0.3038 -0.1031 -0.9471
vn 0.1507 -0.0950 -0.9840
vn -0.0000 -0.0922 -0.9957
vn -0.1507 -0.0950 -0.9840
vn -0.3038 -0.1031 -0.9471
vn -0.4606 -0.1162 -0.8799
vn -0.6192 -0.1334 -0.7738
vn -0.7712 -0.1526 -0.6180
vn -0.8983 -0.1701 -0.4051
vn -0.9590 -0.1791 -0.2198
vn -0.9856 -0.1691 0.0047
vn -0.9389 -0.1513 0.3091
vn -0.8220 -0.1258 0.5555
vn -0.6657 -0.0979 0.7398
vn -0.4857 -0.0732 0.8711
vn -0.3157 -0.0576 0.9471
vn -0.1550 -0.0530 0.9865
vn 0.0000 -0.1268 0.9919
vn 0.2353 -0.1567 0.9592
vn 0.3215 -0.1701 0.9315
vn 0.4572 -0.1812 0.8707
vn 0.6177 -0.1928 0.7624
vn 0.7705 -0.2031 0.6042
vn 0.8977 -0.2100 0.3874
vn 0.9712 -0.2071 0.1176
vn 0.9693 -0.1892 -0.1571
vn 0.8956 -0.1778 -0.4079
vn 0.7675 -0.1589 -0.6211
vn 0.6150 -0.1383 -0.7763
vn 0.4568 -0.1200 -0.8814
vn 0.3010 -0.1061 -0.9477
vn 0.1492 -0.0975 -0.9840
vn -0.0000 -0.0946 -0.9955
vn -0.1492 -0.0975 -0.9840
vn -0.3010 -0.1061 -0.9477
vn -0.4568 -0.1200 -0.8814
vn -0.6150 -0.1383 -0.7763
vn -0.7675 -0.1589 -0.6211
vn -0.8956 -0.1778 -0.4079
vn -0.9693 -0.1892 -0.1571
vn -0.9712 -0.2071 0.1176
vn -0.8977 -0.2100 0.3874
vn -0.7705 -0.2031 0.6042
vn -0.6177 -0.1928 0.7624
vn -0.4572 -0.1812 0.8707
vn -0.3215 -0.1701 0.9315
vn -0.2353 -0.1567 0.9592
vn 0.0000 -0.0830 0.9965
vn 0.1282 -0.0774 0.9887
vn 0.3057 -0.0859 0.9482
vn 0.4811 -0.1034 0.8705
vn 0.6633 -0.1284 0.7372
vn 0.8207 -0.1553 0.5499
vn 0.9377 -0.1787 0.2979
vn 0.9814 -0.1915 -0.0164
vn 0.9523 -0.1937 -0.2358
vn 0.8929 -0.1835 -0.4111
vn 0.7637 -0.1629 -0.6247
vn 0.6108 -0.1406 -0.7792
vn 0.4530 -0.1208 -0.8833
vn 0.2981 -0.1057 -0.9487
vn 0.1477 -0.0964 -0.9843
vn -0.0000 -0.0933 -0.9956
vn -0.1477 -0.0964 -0.9843
vn -0.2981 -0.1057 -0.9487
vn -0.4530 -0.1208 -0.8833
vn -0.6108 -0.1406 -0.7792
vn -0.7637 -0.1629 -0.6247
vn -0.8929 -0.1835 -0.4111
vn -0.9523 -0.1937 -0.2358
vn -0.9814 -0.1915 -0.0164
vn -0.9377 -0.1787 0.2979
vn -0.8207 -0.1553 0.5499
vn -0.6633 -0.1284 0.7372
vn -0.4811 -0.1034 0.8705
vn -0.3057 -0.0859 0.9482
vn -0.1282 -0.0774 0.9887
vn 0.0000 -0.0977 0.9952
vn 0.2358 -0.1111 0.9654
vn 0.3176 -0.1220 0.9403
vn 0.4506 -0.1367 0.8822
vn 0.6096 -0.1564 0.7772
vn 0.7634 -0.1779 0.6210
vn 0.8932 -0.1969 0.4042
vn 0.9695 -0.2064 0.1321
vn 0.9675 -0.2008 -0.1536
vn 0.8905 -0.1868 -0.4148
vn 0.7599 -0.1641 -0.6290
vn 0.6064 -0.1396 -0.7828
vn 0.4489 -0.1179 -0.8858
vn 0.2951 -0.1015 -0.9501
vn 0.1460 -0.0913 -0.9851
vn -0.0000 -0.0879 -0.9961
vn -0.1460 -0.0913 -0.9851
vn -0.2951 -0.1015 -0.9501
vn -0.4489 -0.1179 -0.8858
vn -0.6064 -0.1396 -0.7828
vn -0.7599 -0.1641 -0.6290
vn -0.8905 -0.1868 -0.4148
vn -0.9675 -0.2008 -0.1536
vn -0.9695 -0.2064 0.1321
vn -0.8932 -0.1969 0.4042
vn -0.7634 -0.1779 0.6210
vn -0.6096 -0.1564 0.7772
vn -0.4506 -0.1367 0.8822
vn -0.3176 -0.1220 0.9403
vn -0.2358 -0.1111 0.9654
vn 0.0000 -0.0795 0.9968
vn 0.1193 -0.0838 0.9893
vn 0.2978 -0.0966 0.9497
vn 0.4721 -0.1169 0.8737
vn 0.6538 -0.1441 0.7429
vn 0.8125 -0.1723 0.5568
vn 0.9325 -0.1959 0.3036
vn 0.9785 -0.2059 -0.0156
vn 0.9497 -0.2010 -0.2403
vn 0.8881 -0.1881 -0.4193
vn 0.7559 -0.1627 -0.6342
vn 0.6016 -0.1354 -0.7872
vn 0.4444 -0.1112 -0.8889
vn 0.2917 -0.0929 -0.9520
vn 0.1442 -0.0816 -0.9862
vn -0.0000 -0.0778 -0.9970
vn -0.1442 -0.0816 -0.9862
vn -0.2917 -0.0929 -0.9520
vn -0.4444 -0.1112 -0.8889
vn -0.6016 -0.1354 -0.7872
vn -0.7559 -0.1627 -0.6342
vn -0.8881 -0.1881 -0.4193
vn -0.9497 -0.2010 -0.2403
vn -0.9785 -0.2059 -0.0156
vn -0.9325 -0.1959 0.3036
vn -0.8125 -0.1723 0.5568
vn -0.6538 -0.1441 0.7429
vn -0.4721 -0.1169 0.8737
vn -0.2978 -0.0966 0.9497
vn -0.1193 -0.0838 0.9893
vn 0.0000 -0.0452 0.9990
vn 0.2266 -0.0385 0.9732
vn 0.3104 -0.0470 0.9495
vn 0.4435 -0.0675 0.8937
vn 0.6033 -0.0992 0.7913
vn 0.7598 -0.1363 0.6357
vn 0.8932 -0.1719 0.4155
vn 0.9709 -0.1973 0.1354
vn 0.9657 -0.2059 -0.1583
vn 0.8855 -0.1879 -0.4249
vn 0.7513 -0.1589 -0.6405
vn 0.5962 -0.1277 -0.7926
vn 0.4392 -0.1003 -0.8927
vn 0.2878 -0.0796 -0.9544
vn 0.1422 -0.0668 -0.9876
vn -0.0000 -0.0625 -0.9980
vn -0.1422 -0.0668 -0.9876
vn -0.2878 -0.0796 -0.9544
vn -0.4392 -0.1003 -0.8927
vn -0.5962 -0.1277 -0.7926
vn -0.7513 -0.1589 -0.6405
vn -0.8855 -0.1879 -0.4249
vn -0.9657 -0.2059 -0.1583
vn -0.9709 -0.1973 0.1354
vn -0.8932 -0.1719 0.4155
vn -0.7598 -0.1363 0.6357
vn -0.6033 -0.0992 0.7913
vn -0.4435 -0.0675 0.8937
vn -0.3104 -0.0470 0.9495
vn -0.2266 -0.0385 0.9732
vn 0.0000 -0.0586 0.9983
vn 0.1271 -0.0744 0.9891
vn 0.2903 -0.0931 0.9524
vn 0.4568 -0.1192 0.8816
vn 0.6345 -0.1526 0.7577
vn 0.7946 -0.1871 0.5776
vn 0.9200 -0.2156 0.3275
vn 0.9741 -0.2260 0.0080
vn 0.9485 -0.2138 -0.2337
vn 0.8810 -0.1949 -0.4311
vn 0.7450 -0.1600 -0.6477
vn 0.5891 -0.1226 -0.7987
vn 0.4328 -0.0898 -0.8970
vn 0.2829 -0.0650 -0.9569
vn 0.1396 -0.0498 -0.9890
vn -0.0000 -0.0447 -0.9990
vn -0.1396 -0.0498 -0.9890
vn -0.2829 -0.0650 -0.9569
vn -0.4328 -0.0898 -0.8970
vn -0.5891 -0.1226 -0.7987
vn -0.7450 -0.1600 -0.6477
vn -0.8810 -0.1949 -0.4311
vn -0.9485 -0.2138 -0.2337
vn -0.9741 -0.2260 0.0080
vn -0.9200 -0.2156 0.3275
vn -0.7946 -0.1871 0.5776
vn -0.6345 -0.1526 0.7577
vn -0.4568 -0.1192 0.8816
vn -0.2903 -0.0931 0.9524
vn -0.1271 -0.0744 0.9891
vn 0.0000 0.0086 1.0000
vn 0.2067 0.0286 0.9780
vn 0.2966 0.0181 0.9548
vn 0.4309 -0.0128 0.9023
vn 0.5923 -0.0622 0.8033
vn 0.7521 -0.1211 0.6479
vn 0.8890 -0.1784 0.4217
vn 0.9668 -0.2209 0.1287
vn 0.9560 -0.2386 -0.1708
vn 0.8734 -0.2119 -0.4384
vn 0.7356 -0.1689 -0.6560
vn 0.5793 -0.1232 -0.8058
vn 0.4241 -0.0833 -0.9018
vn 0.2765 -0.0533 -0.9595
vn 0.1362 -0.0348 -0.9901
vn -0.0000 -0.0286 -0.9996
vn -0.1362 -0.0348 -0.9901
vn -0.2765 -0.0533 -0.9595
vn -0.4241 -0.0833 -0.9018
vn -0.5793 -0.1232 -0.8058
vn -0.7356 -0.1689 -0.6560
vn -0.8734 -0.2119 -0.4384
vn -0.9560 -0.2386 -0.1708
vn -0.9668 -0.2209 0.1287
vn -0.8890 -0.1784 0.4217
vn -0.7521 -0.1211 0.6479
vn -0.5923 -0.0622 0.8033
vn -0.4309 -0.0128 0.9023
vn -0.2966 0.0181 0.9548
vn -0.2067 0.0286 0.9780
vn 0.0000 -0.0425 0.9991
vn 0.1427 -0.0719 0.9872
vn 0.2791 -0.0978 0.9553
vn 0.4311 -0.1317 0.8926
vn 0.6008 -0.1747 0.7801
vn 0.7611 -0.2198 0.6102
vn 0.8938 -0.2582 0.3668
vn 0.9608 -0.2730 0.0490
vn 0.9418 -0.2535 -0.2210
vn 0.8653 -0.2245 -0.4482
vn 0.7245 -0.1746 -0.6668
vn 0.5674 -0.1222 -0.8143
vn 0.4135 -0.0768 -0.9072
vn 0.2688 -0.0428 -0.9623
vn 0.1321 -0.0221 -0.9910
vn -0.0000 -0.0151 -0.9999
vn -0.1321 -0.0221 -0.9910
vn -0.2688 -0.0428 -0.9623
vn -0.4135 -0.0768 -0.9072
vn -0.5674 -0.1222 -0.8143
vn -0.7245 -0.1746 -0.6668
vn -0.8653 -0.2245 -0.4482
vn -0.9418 -0.2535 -0.2210
vn -0.9608 -0.2730 0.0490
vn -0.8938 -0.2582 0.3668
vn -0.7611 -0.2198 0.6102
vn -0.6008 -0.1747 0.7801
vn -0.4311 -0.1317 0.8926
vn -0.2791 -0.0978 0.9553
vn -0.1427 -0.0719 0.9872
vn 0.0000 0.0401 0.9992
vn 0.1772 0.0640 0.9821
vn 0.2768 0.0509 0.9596
vn 0.4129 0.0136 0.9107
vn 0.5765 -0.0460 0.8158
vn 0.7410 -0.1178 0.6611
vn 0.8844 -0.1884 0.4269
vn 0.9642 -0.2397 0.1137
vn 0.9466 -0.2580 -0.1935
vn 0.8590 -0.2242 -0.4604
vn 0.7136 -0.1701 -0.6796
vn 0.5548 -0.1143 -0.8241
vn 0.4022 -0.0666 -0.9131
vn 0.2604 -0.0312 -0.9650
vn 0.1278 -0.0097 -0.9918
vn -0.0000 -0.0024 -1.0000
vn -0.1278 -0.0097 -0.9918
vn -0.2604 -0.0312 -0.9650
vn -0.4022 -0.0666 -0.9131
vn -0.5548 -0.1143 -0.8241
vn -0.7136 -0.1701 -0.6796
vn -0.8590 -0.2242 -0.4604
vn -0.9466 -0.2580 -0.1935
vn -0.9642 -0.2397 0.1137
vn -0.8844 -0.1884 0.4269
vn -0.7410 -0.1178 0.6611
vn -0.5765 -0.0460 0.8158
vn -0.4129 0.0136 0.9107
vn -0.2768 0.0509 0.9596
vn -0.1772 0.0640 0.9821
vn 0.0000 -0.0293 0.9996
vn 0.1576 -0.0692 0.9851
vn 0.2655 -0.0961 0.9593
vn 0.4017 -0.1284 0.9067
vn 0.5631 -0.1688 0.8089
vn 0.7263 -0.2125 0.6537
vn 0.8727 -0.2516 0.4184
vn 0.9587 -0.2674 0.0970
vn 0.9466 -0.2432 -0.2117
vn 0.8550 -0.2088 -0.4747
vn 0.7034 -0.1541 -0.6939
vn 0.5423 -0.0988 -0.8344
vn 0.3908 -0.0522 -0.9190
vn 0.2521 -0.0179 -0.9675
vn 0.1234 0.0028 -0.9923
vn 0.0000 0.0097 -1.0000
vn -0.1234 0.0028 -0.9923
vn -0.2521 -0.0179 -0.9675
vn -0.3908 -0.0522 -0.9190
vn -0.5423 -0.0988 -0.8344
vn -0.7034 -0.1541 -0.6939
vn -0.8550 -0.2088 -0.4747
vn -0.9466 -0.2432 -0.2117
vn -0.9587 -0.2674 0.0970
vn -0.8727 -0.2516 0.4184
vn -0.7263 -0.2125 0.6537
vn -0.5631 -0.1688 0.8089
vn -0.4017 -0.1284 0.9067
vn -0.2655 -0.0961 0.9593
vn -0.1576 -0.0692 0.9851
vn 0.0000 0.0566 0.9984
vn 0.1445 0.0779 0.9864
vn 0.2573 0.0660 0.9641
vn 0.3964 0.0332 0.9175
vn 0.5633 -0.0191 0.8260
vn 0.7350 -0.0831 0.6729
vn 0.8904 -0.1473 0.4307
vn 0.9769 -0.1937 0.0908
vn 0.9517 -0.2075 -0.2264
vn 0.8538 -0.1753 -0.4901
vn 0.6946 -0.1248 -0.7085
vn 0.5307 -0.0749 -0.8442
vn 0.3801 -0.0336 -0.9243
vn 0.2444 -0.0034 -0.9697
vn 0.1194 0.0147 -0.9927
vn 0.0000 0.0208 -0.9998
vn -0.1194 0.0147 -0.9927
vn -0.2444 -0.0034 -0.9697
vn -0.3801 -0.0336 -0.9243
vn -0.5307 -0.0749 -0.8442
vn -0.6946 -0.1248 -0.7085
vn -0.8538 -0.1753 -0.4901
vn -0.9517 -0.2075 -0.2264
vn -0.9769 -0.1937 0.0908
vn -0.8904 -0.1473 0.4307
vn -0.7350 -0.0831 0.6729
vn -0.5633 -0.0191 0.8260
vn -0.3964 0.0332 0.9175
vn -0.2573 0.0660 0.9641
vn -0.1445 0.0779 0.9864
vn 0.0000 0.1261 0.9920
vn 0.1654 0.1936 0.9670
vn 0.2496 0.1972 0.9481
vn 0.3736 0.1712 0.9117
vn 0.5327 0.1197 0.8378
vn 0.7076 0.0503 0.7048
vn 0.8776 -0.0262 0.4786
vn 0.9849 -0.0965 0.1438
vn 0.9669 -0.1470 -0.2088
vn 0.8548 -0.1200 -0.5049
vn 0.6875 -0.0802 -0.7217
vn 0.5208 -0.0417 -0.8526
vn 0.3711 -0.0102 -0.9285
vn 0.2378 0.0127 -0.9712
vn 0.1161 0.0264 -0.9929
vn 0.0000 0.0310 -0.9995
vn -0.1161 0.0264 -0.9929
vn -0.2378 0.0127 -0.9712
vn -0.3711 -0.0102 -0.9285
vn -0.5208 -0.0417 -0.8526
vn -0.6875 -0.0802 -0.7217
vn -0.8548 -0.1200 -0.5049
vn -0.9669 -0.1470 -0.2088
vn -0.9849 -0.0965 0.1438
vn -0.8776 -0.0262 0.4786
vn -0.7076 0.0503 0.7048
vn -0.5327 0.1197 0.8378
vn -0.3736 0.1712 0.9117
vn -0.2496 0.1972 0.9481
vn -0.1654 0.1936 0.9670
vn 0.0000 0.0880 0.9961
vn 0.1888 0.1185 0.9748
vn 0.2510 0.1180 0.9608
vn 0.3629 0.1010 0.9263
vn 0.5121 0.0700 0.8561
vn 0.6819 0.0292 0.7309
vn 0.8562 -0.0153 0.5165
vn 0.9800 -0.0553 0.1912
vn 0.9783 -0.0804 -0.1909
vn 0.8547 -0.0610 -0.5156
vn 0.6818 -0.0336 -0.7308
vn 0.5133 -0.0072 -0.8582
vn 0.3644 0.0145 -0.9311
vn 0.2331 0.0303 -0.9720
vn 0.1137 0.0398 -0.9927
vn 0.0000 0.0430 -0.9991
vn -0.1137 0.0398 -0.9927
vn -0.2331 0.0303 -0.9720
vn -0.3644 0.0145 -0.9311
vn -0.5133 -0.0072 -0.8582
vn -0.6818 -0.0336 -0.7308
vn -0.8547 -0.0610 -0.5156
vn -0.9783 -0.0804 -0.1909
vn -0.9800 -0.0553 0.1912
vn -0.8562 -0.0153 0.5165
vn -0.6819 0.0292 0.7309
vn -0.5121 0.0700 0.8561
vn -0.3629 0.1010 0.9263
vn -0.2510 0.1180 0.9608
vn -0.1888 0.1185 0.9748
vn 0.0000 0.0593 0.9982
vn 0.1875 0.0560 0.9807
vn 0.2487 0.0499 0.9673
vn 0.3591 0.0393 0.9325
vn 0.5067 0.0245 0.8618
vn 0.6759 0.0067 0.7370
vn 0.8522 -0.0115 0.5230
vn 0.9806 -0.0241 0.1947
vn 0.9806 -0.0241 -0.1947
vn 0.8522 -0.0115 -0.5230
vn 0.6759 0.0067 -0.7370
vn 0.5067 0.0245 -0.8618
vn 0.3587 0.0393 -0.9326
vn 0.2291 0.0503 -0.9721
vn 0.1117 0.0570 -0.9921
vn 0.0000 0.0593 -0.9982
vn -0.1117 0.0570 -0.9921
vn -0.2291 0.0503 -0.9721
vn -0.3587 0.0393 -0.9326
vn -0.5067 0.0245 -0.8618
vn -0.6759 0.0067 -0.7370
vn -0.8522 -0.0115 -0.5230
vn -0.9806 -0.0241 -0.1947
vn -0.9806 -0.0241 0.1947
vn -0.8522 -0.0115 0.5230
vn -0.6759 0.0067 0.7370
vn -0.5067 0.0245 0.8618
vn -0.3591 0.0393 0.9325
vn -0.2487 0.0499 0.9673
vn -0.1875 0.0560 0.9807
vn 0.0000 0.2138 0.9769
vn 0.1851 0.1123 0.9763
vn 0.2451 0.0761 0.9665
vn 0.3539 0.0707 0.9326
vn 0.5002 0.0648 0.8635
vn 0.6692 0.0588 0.7407
vn 0.8476 0.0537 0.5279
vn 0.9790 0.0509 0.1973
vn 0.9790 0.0509 -0.1973
vn 0.8476 0.0537 -0.5279
vn 0.6692 0.0588 -0.7407
vn 0.5002 0.0648 -0.8635
vn 0.3535 0.0706 -0.9328
vn 0.2256 0.0754 -0.9713
vn 0.1099 0.0784 -0.9908
vn 0.0000 0.0795 -0.9968
vn -0.1099 0.0784 -0.9908
vn -0.2256 0.0754 -0.9713
vn -0.3535 0.0706 -0.9328
vn -0.5002 0.0648 -0.8635
vn -0.6692 0.0588 -0.7407
vn -0.8476 0.0537 -0.5279
vn -0.9790 0.0509 -0.1973
vn -0.9790 0.0509 0.1973
vn -0.8476 0.0537 0.5279
vn -0.6692 0.0588 0.7407
vn -0.5002 0.0648 0.8635
vn -0.3539 0.0707 0.9326
vn -0.2451 0.0761 0.9665
vn -0.1851 0.1123 0.9763
vn -0.0000 0.2361 0.9717
vn 0.1082 0.1385 0.9844
vn 0.2230 0.1086 0.9687
vn 0.3494 0.1145 0.9300
vn 0.4941 0.1248 0.8604
vn 0.6606 0.1396 0.7376
vn 0.8361 0.1577 0.5254
vn 0.9653 0.1722 0.1962
vn 0.9653 0.1722 -0.1962
vn 0.8361 0.1577 -0.5254
vn 0.6606 0.1396 -0.7376
vn 0.4941 0.1248 -0.8604
vn 0.3494 0.1145 -0.9300
vn 0.2230 0.1080 -0.9688
vn 0.1087 0.1044 -0.9886
vn 0.0000 0.1033 -0.9947
vn -0.1087 0.1044 -0.9886
vn -0.2230 0.1080 -0.9688
vn -0.3494 0.1145 -0.9300
vn -0.4941 0.1248 -0.8604
vn -0.6606 0.1396 -0.7376
vn -0.8361 0.1577 -0.5254
vn -0.9653 0.1722 -0.1962
vn -0.9653 0.1722 0.1962
vn -0.8361 0.1577 0.5254
vn -0.6606 0.1396 0.7376
vn -0.4941 0.1248 0.8604
vn -0.3494 0.1145 0.9300
vn -0.2230 0.1086 0.9687
vn -0.1082 0.1385 0.9844
vn -0.0000 0.1304 0.9915
vn 0.1086 0.1349 0.9849
vn 0.2226 0.1489 0.9635
vn 0.3474 0.1729 0.9216
vn 0.4884 0.2076 0.8475
vn 0.6467 0.2527 0.7196
vn 0.8079 0.3023 0.5059
vn 0.9221 0.3388 0.1868
vn 0.9221 0.3388 -0.1868
vn 0.8079 0.3023 -0.5059
vn 0.6467 0.2527 -0.7196
vn 0.4884 0.2076 -0.8475
vn 0.3474 0.1729 -0.9216
vn 0.2226 0.1489 -0.9635
vn 0.1086 0.1349 -0.9849
vn 0.0000 0.1304 -0.9915
vn -0.1086 0.1349 -0.9849
vn -0.2226 0.1489 -0.9635
vn -0.3474 0.1729 -0.9216
vn -0.4884 0.2076 -0.8475
vn -0.6467 0.2527 -0.7196
vn -0.8079 0.3023 -0.5059
vn -0.9221 0.3388 -0.1868
vn -0.9221 0.3388 0.1868
vn -0.8079 0.3023 0.5059
vn -0.6467 0.2527 0.7196
vn -0.4884 0.2076 0.8475
vn -0.3474 0.1729 0.9216
vn -0.2226 0.1489 0.9635
vn -0.1086 0.1349 0.9849
vn -0.0000 0.1643 0.9864
vn 0.1106 0.1749 0.9783
vn 0.2255 0.2068 0.9520
vn 0.3481 0.2597 0.9008
vn 0.4799 0.3315 0.8123
vn 0.6161 0.4163 0.6687
vn 0.7397 0.4987 0.4518
vn 0.8177 0.5524 0.1616
vn 0.8177 0.5524 -0.1616
vn 0.7397 0.4987 -0.4518
vn 0.6161 0.4163 -0.6687
vn 0.4799 0.3315 -0.8123
vn 0.3481 0.2597 -0.9008
vn 0.2255 0.2068 -0.9520
vn 0.1106 0.1749 -0.9783
vn 0.0000 0.1643 -0.9864
vn -0.1106 0.1749 -0.9783
vn -0.2255 0.2068 -0.9520
vn -0.3481 0.2597 -0.9008
vn -0.4799 0.3315 -0.8123
vn -0.6161 0.4163 -0.6687
vn -0.7397 0.4987 -0.4518
vn -0.8177 0.5524 -0.1616
vn -0.8177 0.5524 0.1616
vn -0.7397 0.4987 0.4518
vn -0.6161 0.4163 0.6687
vn -0.4799 0.3315 0.8123
vn -0.3481 0.2597 0.9008
vn -0.2255 0.2068 0.9520
vn -0.1106 0.1749 0.9783
vn -0.0000 0.2064 0.9785
vn 0.1176 0.2255 0.9671
vn 0.2368 0.2815 0.9299
vn 0.3566 0.3693 0.8582
vn 0.4712 0.4770 0.7419
vn 0.5703 0.5859 0.5758
vn 0.6426 0.6736 0.3651
vn 0.6803 0.7222 0.1250
vn 0.6803 0.7222 -0.1250
vn 0.6426 0.6736 -0.3651
vn 0.5703 0.5859 -0.5758
vn 0.4712 0.4770 -0.7419
vn 0.3566 0.3693 -0.8582
vn 0.2368 0.2815 -0.9299
vn 0.1176 0.2255 -0.9671
vn 0.0000 0.2064 -0.9785
vn -0.1176 0.2255 -0.9671
vn -0.2368 0.2815 -0.9299
vn -0.3566 0.3693 -0.8582
vn -0.4712 0.4770 -0.7419
vn -0.5703 0.5859 -0.5758
vn -0.6426 0.6736 -0.3651
vn -0.6803 0.7222 -0.1250
vn -0.6803 0.7222 0.1250
vn -0.6426 0.6736 0.3651
vn -0.5703 0.5859 0.5758
vn -0.4712 0.4770 0.7419
vn -0.3566 0.3693 0.8582
vn -0.2368 0.2815 0.9299
vn -0.1176 0.2255 0.9671
vn -0.0000 0.2514 0.9679
vn 0.1328 0.2786 0.9512
vn 0.2622 0.3557 0.8971
vn 0.3807 0.4672 0.7980
vn 0.4767 0.5878 0.6537
vn 0.5427 0.6912 0.4772
vn 0.5804 0.7620 0.2872
vn 0.5966 0.7969 0.0955
vn 0.5966 0.7969 -0.0955
vn 0.5804 0.7620 -0.2872
vn 0.5427 0.6912 -0.4772
vn 0.4767 0.5878 -0.6537
vn 0.3807 0.4672 -0.7980
vn 0.2622 0.3557 -0.8971
vn 0.1328 0.2786 -0.9512
vn 0.0000 0.2514 -0.9679
vn -0.1328 0.2786 -0.9512
vn -0.2622 0.3557 -0.8971
vn -0.3807 0.4672 -0.7980
vn -0.4767 0.5878 -0.6537
vn -0.5427 0.6912 -0.4772
vn -0.5804 0.7620 -0.2872
vn -0.5966 0.7969 -0.0955
vn -0.5966 0.7969 0.0955
vn -0.5804 0.7620 0.2872
vn -0.5427 0.6912 0.4772
vn -0.4767 0.5878 0.6537
vn -0.3807 0.4672 0.7980
vn -0.2622 0.3557 0.8971
vn -0.1328 0.2786 0.9512
vn -0.0000 0.3121 0.9500
vn 0.1593 0.3411 0.9264
vn 0.3076 0.4199 0.8538
vn 0.4309 0.5262 0.7331
vn 0.5185 0.6310 0.5771
vn 0.5705 0.7132 0.4071
vn 0.5963 0.7662 0.2395
vn 0.6062 0.7914 0.0788
vn 0.6062 0.7914 -0.0788
vn 0.5963 0.7662 -0.2395
vn 0.5705 0.7132 -0.4071
vn 0.5185 0.6310 -0.5771
vn 0.4309 0.5262 -0.7331
vn 0.3076 0.4199 -0.8538
vn 0.1593 0.3411 -0.9264
vn 0.0000 0.3121 -0.9500
vn -0.1593 0.3411 -0.9264
vn -0.3076 0.4199 -0.8538
vn -0.4309 0.5262 -0.7331
vn -0.5185 0.6310 -0.5771
vn -0.5705 0.7132 -0.4071
vn -0.5963 0.7662 -0.2395
vn -0.6062 0.7914 -0.0788
vn -0.6062 0.7914 0.0788
vn -0.5963 0.7662 0.2395
vn -0.5705 0.7132 0.4071
vn -0.5185 0.6310 0.5771
vn -0.4309 0.5262 0.7331
vn -0.3076 0.4199 0.8538
vn -0.1593 0.3411 0.9264
vn -0.0000 0.4925 0.8703
vn 0.1799 0.5040 0.8448
vn 0.3441 0.5351 0.7716
vn 0.4805 0.5771 0.6603
vn 0.5833 0.6204 0.5243
vn 0.6532 0.6570 0.3765
vn 0.6951 0.6827 0.2255
vn 0.7144 0.6958 0.0750
vn 0.7144 0.6958 -0.0750
vn 0.6951 0.6827 -0.2255
vn 0.6532 0.6570 -0.3765
vn 0.5833 0.6204 -0.5243
vn 0.4805 0.5771 -0.6603
vn 0.3441 0.5351 -0.7716
vn 0.1799 0.5040 -0.8448
vn 0.0000 0.4925 -0.8703
vn -0.1799 0.5040 -0.8448
vn -0.3441 0.5351 -0.7716
vn -0.4805 0.5771 -0.6603
vn -0.5833 0.6204 -0.5243
vn -0.6532 0.6570 -0.3765
vn -0.6951 0.6827 -0.2255
vn -0.7144 0.6958 -0.0750
vn -0.7144 0.6958 0.0750
vn -0.6951 0.6827 0.2255
vn -0.6532 0.6570 0.3765
vn -0.5833 0.6204 0.5243
vn -0.4805 0.5771 0.6603
vn -0.3441 0.5351 0.7716
vn -0.1799 0.5040 0.8448
vn -0.0000 0.6049 0.7963
vn 0.1656 0.6047 0.7790
vn 0.3240 0.6044 0.7278
vn 0.4685 0.6040 0.6448
vn 0.5926 0.6034 0.5336
vn 0.6909 0.6029 0.3989
vn 0.7591 0.6025 0.2466
vn 0.7939 0.6023 0.0834
vn 0.7939 0.6023 -0.0834
vn 0.7591 0.6025 -0.2466
vn 0.6909 0.6029 -0.3989
vn 0.5926 0.6034 -0.5336
vn 0.4685 0.6040 -0.6448
vn 0.3240 0.6044 -0.7278
vn 0.1656 0.6047 -0.7790
vn 0.0000 0.6049 -0.7963
vn -0.1656 0.6047 -0.7790
vn -0.3240 0.6044 -0.7278
vn -0.4685 0.6040 -0.6448
vn -0.5926 0.6034 -0.5336
vn -0.6909 0.6029 -0.3989
vn -0.7591 0.6025 -0.2466
vn -0.7939 0.6023 -0.0834
vn -0.7939 0.6023 0.0834
vn -0.7591 0.6025 0.2466
vn -0.6909 0.6029 0.3989
vn -0.5926 0.6034 0.5336
vn -0.4685 0.6040 0.6448
vn -0.3240 0.6044 0.7278
vn -0.1656 0.6047 0.7790
vn 0.0000 -1.0000 0.0000
vn 0.0000 -1.0000 0.0000
vn 0.0000 -1.0000 0.0000
vn 0.0000 -1.0000 0.0000
vn 0.0000 -1.0000 0.0000
vn 0.0000 -1.0000 0.0000
vn 0.0000 -1.0000 0.0000
vn 0.0000 -1.0000 0.0000
vn 0.0000 -1.0000 0.0000
vn 0.0000 -1.0000 0.0000
vn 0.0000 -1.0000 0.0000
vn 0.0000 -1.0000 0.0000
vn 0.0000 -1.0000 0.0000
vn 0.0000 -1.0000 0.0000
vn 0.0000 -1.0000 0.0000
vn 0.0000 -1.0000 0.0000
vn 0.0000 -1.0000 0.0000
vn 0.0000 -1.0000 0.0000
vn 0.0000 -1.0000 0.0000
vn 0.0000 -1.0000 0.0000
vn 0.0000 -1.0000 0.0000
vn 0.0000 -1.0000 0.0000
vn 0.0000 -1.0000 0.0000
vn 0.0000 -1.0000 0.0000
vn 0.0000 -1.0000 0.0000
vn 0.0000 -1.0000 0.0000
vn 0.0000 -1.0000 0.0000
vn 0.0000 -1.0000 0.0000
vn 0.0000 -1.0000 0.0000
vn 0.0000 -1.0000 0.0000
vn 0.0000 -1.0000 0.0000
vn 0.0000 1.0000 0.0000
vn 0.0000 1.0000 0.0000
vn 0.0000 1.0000 0.0000
vn 0.0000 1.0000 0.0000
vn 0.0000 1.0000 0.0000
vn 0.0000 1.0000 0.0000
vn 0.0000 1.0000 0.0000
vn 0.0000 1.0000 0.0000
vn 0.0000 1.0000 0.0000
vn 0.0000 1.0000 0.0000
vn 0.0000 1.0000 0.0000
vn 0.0000 1.0000 0.0000
vn 0.0000 1.0000 0.0000
vn 0.0000 1.0000 0.0000
vn 0.0000 1.0000 0.0000
vn 0.0000 1.0000 0.0000
vn 0.0000 1.0000 0.0000
vn 0.0000 1.0000 0.0000
vn 0.0000 1.0000 0.0000
vn 0.0000 1.0000 0.0000
vn 0.0000 1.0000 0.0000
vn 0.0000 1.0000 0.0000
vn 0.0000 1.0000 0.0000
vn 0.0000 1.0000 0.0000
vn 0.0000 1.0000 0.0000
vn 0.0000 1.0000 0.0000
vn 0.0000 1.0000 0.0000
vn 0.0000 1.0000 0.0000
vn 0.0000 1.0000 0.0000
vn 0.0000 1.0000 0.0000
vn 0.0000 1.0000 0.0000
f 1//1 2//2 32//32 31//31
f 2//2 3//3 33//33 32//32
f 3//3 4//4 34//34 33//33
f 4//4 5//5 35//35 34//34
f 5//5 6//6 36//36 35//35
f 6//6 7//7 37//37 36//36
f 7//7 8//8 38//38 37//37
f 8//8 9//9 39//39 38//38
f 9//9 10//10 40//40 39//39
f 10//10 11//11 41//41 40//40
f 11//11 12//12 42//42 41//41
f 12//12 13//13 43//43 42//42
f 13//13 14//14 44//44 43//43
f 14//14 15//15 45//45 44//44
f 15//15 16//16 46//46 45//45
f 16//16 17//17 47//47 46//46
f 17//17 18//18 48//48 47//47
f 18//18 19//19 49//49 48//48
f 19//19 20//20 50//50 49//49
f 20//20 21//21 51//51 50//50
f 21//21 22//22 52//52 51//51
f 22//22 23//23 53//53 52//52
f 23//23 24//24 54//54 53//53
f 24//24 25//25 55//55 54//54
f 25//25 26//26 56//56 55//55
f 26//26 27//27 57//57 56//56
f 27//27 28//28 58//58 57//57
f 28//28 29//29 59//59 58//58
f 29//29 30//30 60//60 59//59
f 30//30 1//1 31//31 60//60
f 31//31 32//32 62//62 61//61
f 32//32 33//33 63//63 62//62
f 33//33 34//34 64//64 63//63
f 34//34 35//35 65//65 64//64
f 35//35 36//36 66//66 65//65
f 36//36 37//37 67//67 66//66
f 37//37 38//38 68//68 67//67
f 38//38 39//39 69//69 68//68
f 39//39 40//40 70//70 69//69
f 40//40 41//41 71//71 70//70
f 41//41 42//42 72//72 71//71
f 42//42 43//43 73//73 72//72
f 43//43 44//44 74//74 73//73
f 44//44 45//45 75//75 74//74
f 45//45 46//46 76//76 75//75
f 46//46 47//47 77//77 76//76
f 47//47 48//48 78//78 77//77
f 48//48 49//49 79//79 78//78
f 49//49 50//50 80//80 79//79
f 50//50 51//51 81//81 80//80
f 51//51 52//52 82//82 81//81
f 52//52 53//53 83//83 82//82
f 53//53 54//54 84//84 83//83
f 54//54 55//55 85//85 84//84
f 55//55 56//56 86//86 85//85
f 56//56 57//57 87//87 86//86
f 57//57 58//58 88//88 87//87
f 58//58 59//59 89//89 88//88
f 59//59 60//60 90//90 89//89
f 60//60 31//31 61//61 90//90
f 61//61 62//62 92//92 91//91
f 62//62 63//63 93//93 92//92
f 63//63 64//64 94//94 93//93
f 64//64 65//65 95//95 94//94
f 65//65 66//66 96//96 95//95
f 66//66 67//67 97//97 96//96
f 67//67 68//68 98//98 97//97
f 68//68 69//69 99//99 98//98
f 69//69 70//70 100//100 99//99
f 70//70 71//71 101//101 100//100
f 71//71 72//72 102//102 101//101
f 72//72 73//73 103//103 102//102
f 73//73 74//74 104//104 103//103
f 74//74 75//75 105//105 104//104
f 75//75 76//76 106//106 105//105
f 76//76 77//77 107//107 106//106
f 77//77 78//78 108//108 107//107
f 78//78 79//79 109//109 108//108
f 79//79 80//80 110//110 109//109
f 80//80 81//81 111//111 110//110
f 81//81 82//82 112//112 111//111
f 82//82 83//83 113//113 112//112
f 83//83 84//84 114//114 113//113
f 84//84 85//85 115//115 114//114
f 85//85 86//86 116//116 115//115
f 86//86 87//87 117//117 116//116
f 87//87 88//88 118//118 117//117
f 88//88 89//89 119//119 118//118
f 89//89 90//90 120//120 119//119
f 90//90 61//61 91//91 120//120
f 91//91 92//92 122//122 121//121
f 92//92 93//93 123//123 122//122
f 93//93 94//94 124//124 123//123
f 94//94 95//95 125//125 124//124
f 95//95 96//96 126//126 125//125
f 96//96 97//97 127//127 126//126
f 97//97 98//98 128//128 127//127
f 98//98 99//99 129//129 128//128
f 99//99 100//100 130//130 129//129
f 100//100 101//101 131//131 130//130
f 101//101 102//102 132//132 131//131
f 102//102 103//103 133//133 132//132
f 103//103 104//104 134//134 133//133
f 104//104 105//105 135//135 134//134
f 105//105 106//106 136//136 135//135
f 106//106 107//107 137//137 136//136
f 107//107 108//108 138//138 137//137
f 108//108 109//109 139//139 138//138
f 109//109 110//110 140//140 139//139
f 110//110 111//111 141//141 140//140
f 111//111 112//112 142//142 141//141
f 112//112 113//113 143//143 142//142
f 113//113 114//114 144//144 143//143
f 114//114 115//115 145//145 144//144
f 115//115 116//116 146//146 145//145
f 116//116 117//117 147//147 146//146
f 117//117 118//118 148//148 147//147
f 118//118 119//119 149//149 148//148
f 119//119 120//120 150//150 149//149
f 120//120 91//91 121//121 150//150
f 121//121 122//122 152//152 151//151
f 122//122 123//123 153//153 152//152
f 123//123 124//124 154//154 153//153
f 124//124 125//125 155//155 154//154
f 125//125 126//126 156//156 155//155
f 126//126 127//127 157//157 156//156
f 127//127 128//128 158//158 157//157
f 128//128 129//129 159//159 158//158
f 129//129 130//130 160//160 159//159
f 130//130 131//131 161//161 160//160
f 131//131 132//132 162//162 161//161
f 132//132 133//133 163//163 162//162
f 133//133 134//134 164//164 163//163
f 134//134 135//135 165//165 164//164
f 135//135 136//136 166//166 165//165
f 136//136 137//137 167//167 166//166
f 137//137 138//138 168//168 167//167
f 138//138 139//139 169//169 168//168
f 139//139 140//140 170//170 169//169
f 140//140 141//141 171//171 170//170
f 141//141 142//142 172//172 171//171
f 142//142 143//143 173//173 172//172
f 143//143 144//144 174//174 173//173
f 144//144 145//145 175//175 174//174
f 145//145 146//146 176//176 175//175
f 146//146 147//147 177//177 176//176
f 147//147 148//148 178//178 177//177
f 148//148 149//149 179//179 178//178
f 149//149 150//150 180//180 179//179
f 150//150 121//121 151//151 180//180
f 151//151 152//152 182//182 181//181
f 152//152 153//153 183//183 182//182
f 153//153 154//154 184//184 183//183
f 154//154 155//155 185//185 184//184
f 155//155 156//156 186//186 185//185
f 156//156 157//157 187//187 186//186
f 157//157 158//158 188//188 187//187
f 158//158 159//159 189//189 188//188
f 159//159 160//160 190//190 189//189
f 160//160 161//161 191//191 190//190
f 161//161 162//162 192//192 191//191
f 162//162 163//163 193//193 192//192
f 163//163 164//164 194//194 193//193
f 164//164 165//165 195//195 194//194
f 165//165 166//166 196//196 195//195
f 166//166 167//167 197//197 196//196
f 167//167 168//168 198//198 197//197
f 168//168 169//169 199//199 198//198
f 169//169 170//170 200//200 199//199
f 170//170 171//171 201//201 200//200
f 171//171 172//172 202//202 201//201
f 172//172 173//173 203//203 202//202
f 173//173 174//174 204//204 203//203
f 174//174 175//175 205//205 204//204
f 175//175 176//176 206//206 205//205
f 176//176 177//177 207//207 206//206
f 177//177 178//178 208//208 207//207
f 178//178 179//179 209//209 208//208
f 179//179 180//180 210//210 209//209
f 180//180 151//151 181//181 210//210
f 181//181 182//182 212//212 211//211
f 182//182 183//183 213//213 212//212
f 183//183 184//184 214//214 213//213
f 184//184 185//185 215//215 214//214
f 185//185 186//186 216//216 215//215
f 186//186 187//187 217//217 216//216
f 187//187 188//188 218//218 217//217
f 188//188 189//189 219//219 218//218
f 189//189 190//190 220//220 219//219
f 190//190 191//191 221//221 220//220
f 191//191 192//192 222//222 221//221
f 192//192 193//193 223//223 222//222
f 193//193 194//194 224//224 223//223
f 194//194 195//195 225//225 224//224
f 195//195 196//196 226//226 225//225
f 196//196 197//197 227//227 226//226
f 197//197 198//198 228//228 227//227
f 198//198 199//199 229//229 228//228
f 199//199 200//200 230//230 229//229
f 200//200 201//201 231//231 230//230
f 201//201 202//202 232//232 231//231
f 202//202 203//203 233//233 232//232
f 203//203 204//204 234//234 233//233
f 204//204 205//205 235//235 234//234
f 205//205 206//206 236//236 235//235
f 206//206 207//207 237//237 236//236
f 207//207 208//208 238//238 237//237
f 208//208 209//209 239//239 238//238
f 209//209 210//210 240//240 239//239
f 210//210 181//181 211//211 240//240
f 211//211 212//212 242//242 241//241
f 212//212 213//213 243//243 242//242
f 213//213 214//214 244//244 243//243
f 214//214 215//215 245//245 244//244
f 215//215 216//216 246//246 245//245
f 216//216 217//217 247//247 246//246
f 217//217 218//218 248//248 247//247
f 218//218 219//219 249//249 248//248
f 219//219 220//220 250//250 249//249
f 220//220 221//221 251//251 250//250
f 221//221 222//222 252//252 251//251
f 222//222 223//223 253//253 252//252
f 223//223 224//224 254//254 253//253
f 224//224 225//225 255//255 254//254
f 225//225 226//226 256//256 255//255
f 226//226 227//227 257//257 256//256
f 227//227 228//228 258//258 257//257
f 228//228 229//229 259//259 258//258
f 229//229 230//230 260//260 259//259
f 230//230 231//231 261//261 260//260
f 231//231 232//232 262//262 261//261
f 232//232 233//233 263//263 262//262
f 233//233 234//234 264//264 263//263
f 234//234 235//235 265//265 264//264
f 235//235 236//236 266//266 265//265
f 236//236 237//237 267//267 266//266
f 237//237 238//238 268//268 267//267
f 238//238 239//239 269//269 268//268
f 239//239 240//240 270//270 269//269
f 240//240 211//211 241//241 270//270
f 241//241 242//242 272//272 271//271
f 242//242 243//243 273//273 272//272
f 243//243 244//244 274//274 273//273
f 244//244 245//245 275//275 274//274
f 245//245 246//246 276//276 275//275
f 246//246 247//247 277//277 276//276
f 247//247 248//248 278//278 277//277
f 248//248 249//249 279//279 278//278
f 249//249 250//250 280//280 279//279
f 250//250 251//251 281//281 280//280
f 251//251 252//252 282//282 281//281
f 252//252 253//253 283//283 282//282
f 253//253 254//254 284//284 283//283
f 254//254 255//255 285//285 284//284
f 255//255 256//256 286//286 285//285
f 256//256 257//257 287//287 286//286
f 257//257 258//258 288//288 287//287
f 258//258 259//259 289//289 288//288
f 259//259 260//260 290//290 289//289
f 260//260 261//261 291//291 290//290
f 261//261 262//262 292//292 291//291
f 262//262 263//263 293//293 292//292
f 263//263 264//264 294//294 293//293
f 264//264 265//265 295//295 294//294
f 265//265 266//266 296//296 295//295
f 266//266 267//267 297//297 296//296
f 267//267 268//268 298//298 297//297
f 268//268 269//269 299//299 298//298
f 269//269 270//270 300//300 299//299
f 270//270 241//241 271//271 300//300
f 271//271 272//272 302//302 301//301
f 272//272 273//273 303//303 302//302
f 273//273 274//274 304//304 303//303
f 274//274 275//275 305//305 304//304
f 275//275 276//276 306//306 305//305
f 276//276 277//277 307//307 306//306
f 277//277 278//278 308//308 307//307
f 278//278 279//279 309//309 308//308
f 279//279 280//280 310//310 309//309
f 280//280 281//281 311//311 310//310
f 281//281 282//282 312//312 311//311
f 282//282 283//283 313//313 312//312
f 283//283 284//284 314//314 313//313
f 284//284 285//285 315//315 314//314
f 285//285 286//286 316//316 315//315
f 286//286 287//287 317//317 316//316
f 287//287 288//288 318//318 317//317
f 288//288 289//289 319//319 318//318
f 289//289 290//290 320//320 319//319
f 290//290 291//291 321//321 320//320
f 291//291 292//292 322//322 321//321
f 292//292 293//293 323//323 322//322
f 293//293 294//294 324//324 323//323
f 294//294 295//295 325//325 324//324
f 295//295 296//296 326//326 325//325
f 296//296 297//297 327//327 326//326
f 297//297 298//298 328//328 327//327
f 298//298 299//299 329//329 328//328
f 299//299 300//300 330//330 329//329
f 300//300 271//271 301//301 330//330
f 301//301 302//302 332//332 331//331
f 302//302 303//303 333//333 332//332
f 303//303 304//304 334//334 333//333
f 304//304 305//305 335//335 334//334
f 305//305 306//306 336//336 335//335
f 306//306 307//307 337//337 336//336
f 307//307 308//308 338//338 337//337
f 308//308 309//309 339//339 338//338
f 309//309 310//310 340//340 339//339
f 310//310 311//311 341//341 340//340
f 311//311 312//312 342//342 341//341
f 312//312 313//313 343//343 342//342
f 313//313 314//314 344//344 343//343
f 314//314 315//315 345//345 344//344
f 315//315 316//316 346//346 345//345
f 316//316 317//317 347//347 346//346
f 317//317 318//318 348//348 347//347
f 318//318 319//319 349//349 348//348
f 319//319 320//320 350//350 349//349
f 320//320 321//321 351//351 350//350
f 321//321 322//322 352//352 351//351
f 322//322 323//323 353//353 352//352
f 323//323 324//324 354//354 353//353
f 324//324 325//325 355//355 354//354
f 325//325 326//326 356//356 355//355
f 326//326 327//327 357//357 356//356
f 327//327 328//328 358//358 357//357
f 328//328 329//329 359//359 358//358
f 329//329 330//330 360//360 359//359
f 330//330 301//301 331//331 360//360
f 331//331 332//332 362//362 361//361
f 332//332 333//333 363//363 362//362
f 333//333 334//334 364//364 363//363
f 334//334 335//335 365//365 364//364
f 335//335 336//336 366//366 365//365
f 336//336 337//337 367//367 366//366
f 337//337 338//338 368//368 367//367
f 338//338 339//339 369//369 368//368
f 339//339 340//340 370//370 369//369
f 340//340 341//341 371//371 370//370
f 341//341 342//342 372//372 371//371
f 342//342 343//343 373//373 372//372
f 343//343 344//344 374//374 373//373
f 344//344 345//345 375//375 374//374
f 345//345 346//346 376//376 375//375
f 346//346 347//347 377//377 376//376
f 347//347 348//348 378//378 377//377
f 348//348 349//349 379//379 378//378
f 349//349 350//350 380//380 379//379
f 350//350 351//351 381//381 380//380
f 351//351 352//352 382//382 381//381
f 352//352 353//353 383//383 382//382
f 353//353 354//354 384//384 383//383
f 354//354 355//355 385//385 384//384
f 355//355 356//356 386//386 385//385
f 356//356 357//357 387//387 386//386
f 357//357 358//358 388//388 387//387
f 358//358 359//359 389//389 388//388
f 359//359 360//360 390//390 389//389
f 360//360 331//331 361//361 390//390
f 361//361 362//362 392//392 391//391
f 362//362 363//363 393//393 392//392
f 363//363 364//364 394//394 393//393
f 364//364 365//365 395//395 394//394
f 365//365 366//366 396//396 395//395
f 366//366 367//367 397//397 396//396
f 367//367 368//368 398//398 397//397
f 368//368 369//369 399//399 398//398
f 369//369 370//370 400//400 399//399
f 370//370 371//371 401//401 400//400
f 371//371 372//372 402//402 401//401
f 372//372 373//373 403//403 402//402
f 373//373 374//374 404//404 403//403
f 374//374 375//375 405//405 404//404
f 375//375 376//376 406//406 405//405
f 376//376 377//377 407//407 406//406
f 377//377 378//378 408//408 407//407
f 378//378 379//379 409//409 408//408
f 379//379 380//380 410//410 409//409
f 380//380 381//381 411//411 410//410
f 381//381 382//382 412//412 411//411
f 382//382 383//383 413//413 412//412
f 383//383 384//384 414//414 413//413
f 384//384 385//385 415//415 414//414
f 385//385 386//386 416//416 415//415
f 386//386 387//387 417//417 416//416
f 387//387 388//388 418//418 417//417
f 388//388 389//389 419//419 418//418
f 389//389 390//390 420//420 419//419
f 390//390 361//361 391//391 420//420
f 391//391 392//392 422//422 421//421
f 392//392 393//393 423//423 422//422
f 393//393 394//394 424//424 423//423
f 394//394 395//395 425//425 424//424
f 395//395 396//396 426//426 425//425
f 396//396 397//397 427//427 426//426
f 397//397 398//398 428//428 427//427
f 398//398 399//399 429//429 428//428
f 399//399 400//400 430//430 429//429
f 400//400 401//401 431//431 430//430
f 401//401 402//402 432//432 431//431
f 402//402 403//403 433//433 432//432
f 403//403 404//404 434//434 433//433
f 404//404 405//405 435//435 434//434
f 405//405 406//406 436//436 435//435
f 406//406 407//407 437//437 436//436
f 407//407 408//408 438//438 437//437
f 408//408 409//409 439//439 438//438
f 409//409 410//410 440//440 439//439
f 410//410 411//411 441//441 440//440
f 411//411 412//412 442//442 441//441
f 412//412 413//413 443//443 442//442
f 413//413 414//414 444//444 443//443
f 414//414 415//415 445//445 444//444
f 415//415 416//416 446//446 445//445
f 416//416 417//417 447//447 446//446
f 417//417 418//418 448//448 447//447
f 418//418 419//419 449//449 448//448
f 419//419 420//420 450//450 449//449
f 420//420 391//391 421//421 450//450
f 421//421 422//422 452//452 451//451
f 422//422 423//423 453//453 452//452
f 423//423 424//424 454//454 453//453
f 424//424 425//425 455//455 454//454
f 425//425 426//426 456//456 455//455
f 426//426 427//427 457//457 456//456
f 427//427 428//428 458//458 457//457
f 428//428 429//429 459//459 458//458
f 429//429 430//430 460//460 459//459
f 430//430 431//431 461//461 460//460
f 431//431 432//432 462//462 461//461
f 432//432 433//433 463//463 462//462
f 433//433 434//434 464//464 463//463
f 434//434 435//435 465//465 464//464
f 435//435 436//436 466//466 465//465
f 436//436 437//437 467//467 466//466
f 437//437 438//438 468//468 467//467
f 438//438 439//439 469//469 468//468
f 439//439 440//440 470//470 469//469
f 440//440 441//441 471//471 470//470
f 441//441 442//442 472//472 471//471
f 442//442 443//443 473//473 472//472
f 443//443 444//444 474//474 473//473
f 444//444 445//445 475//475 474//474
f 445//445 446//446 476//476 475//475
f 446//446 447//447 477//477 476//476
f 447//447 448//448 478//478 477//477
f 448//448 449//449 479//479 478//478
f 449//449 450//450 480//480 479//479
f 450//450 421//421 451//451 480//480
f 451//451 452//452 482//482 481//481
f 452//452 453//453 483//483 482//482
f 453//453 454//454 484//484 483//483
f 454//454 455//455 485//485 484//484
f 455//455 456//456 486//486 485//485
f 456//456 457//457 487//487 486//486
f 457//457 458//458 488//488 487//487
f 458//458 459//459 489//489 488//488
f 459//459 460//460 490//490 489//489
f 460//460 461//461 491//491 490//490
f 461//461 462//462 492//492 491//491
f 462//462 463//463 493//493 492//492
f 463//463 464//464 494//494 493//493
f 464//464 465//465 495//495 494//494
f 465//465 466//466 496//496 495//495
f 466//466 467//467 497//497 496//496
f 467//467 468//468 498//498 497//497
f 468//468 469//469 499//499 498//498
f 469//469 470//470 500//500 499//499
f 470//470 471//471 501//501 500//500
f 471//471 472//472 502//502 501//501
f 472//472 473//473 503//503 502//502
f 473//473 474//474 504//504 503//503
f 474//474 475//475 505//505 504//504
f 475//475 476//476 506//506 505//505
f 476//476 477//477 507//507 506//506
f 477//477 478//478 508//508 507//507
f 478//478 479//479 509//509 508//508
f 479//479 480//480 510//510 509//509
f 480//480 451//451 481//481 510//510
f 481//481 482//482 512//512 511//511
f 482//482 483//483 513//513 512//512
f 483//483 484//484 514//514 513//513
f 484//484 485//485 515//515 514//514
f 485//485 486//486 516//516 515//515
f 486//486 487//487 517//517 516//516
f 487//487 488//488 518//518 517//517
f 488//488 489//489 519//519 518//518
f 489//489 490//490 520//520 519//519
f 490//490 491//491 521//521 520//520
f 491//491 492//492 522//522 521//521
f 492//492 493//493 523//523 522//522
f 493//493 494//494 524//524 523//523
f 494//494 495//495 525//525 524//524
f 495//495 496//496 526//526 525//525
f 496//496 497//497 527//527 526//526
f 497//497 498//498 528//528 527//527
f 498//498 499//499 529//529 528//528
f 499//499 500//500 530//530 529//529
f 500//500 501//501 531//531 530//530
f 501//501 502//502 532//532 531//531
f 502//502 503//503 533//533 532//532
f 503//503 504//504 534//534 533//533
f 504//504 505//505 535//535 534//534
f 505//505 506//506 536//536 535//535
f 506//506 507//507 537//537 536//536
f 507//507 508//508 538//538 537//537
f 508//508 509//509 539//539 538//538
f 509//509 510//510 540//540 539//539
f 510//510 481//481 511//511 540//540
f 511//511 512//512 542//542 541//541
f 512//512 513//513 543//543 542//542
f 513//513 514//514 544//544 543//543
f 514//514 515//515 545//545 544//544
f 515//515 516//516 546//546 545//545
f 516//516 517//517 547//547 546//546
f 517//517 518//518 548//548 547//547
f 518//518 519//519 549//549 548//548
f 519//519 520//520 550//550 549//549
f 520//520 521//521 551//551 550//550
f 521//521 522//522 552//552 551//551
f 522//522 523//523 553//553 552//552
f 523//523 524//524 554//554 553//553
f 524//524 525//525 555//555 554//554
f 525//525 526//526 556//556 555//555
f 526//526 527//527 557//557 556//556
f 527//527 528//528 558//558 557//557
f 528//528 529//529 559//559 558//558
f 529//529 530//530 560//560 559//559
f 530//530 531//531 561//561 560//560
f 531//531 532//532 562//562 561//561
f 532//532 533//533 563//563 562//562
f 533//533 534//534 564//564 563//563
f 534//534 535//535 565//565 564//564
f 535//535 536//536 566//566 565//565
f 536//536 537//537 567//567 566//566
f 537//537 538//538 568//568 567//567
f 538//538 539//539 569//569 568//568
f 539//539 540//540 570//570 569//569
f 540//540 511//511 541//541 570//570
f 541//541 542//542 572//572 571//571
f 542//542 543//543 573//573 572//572
f 543//543 544//544 574//574 573//573
f 544//544 545//545 575//575 574//574
f 545//545 546//546 576//576 575//575
f 546//546 547//547 577//577 576//576
f 547//547 548//548 578//578 577//577
f 548//548 549//549 579//579 578//578
f 549//549 550//550 580//580 579//579
f 550//550 551//551 581//581 580//580
f 551//551 552//552 582//582 581//581
f 552//552 553//553 583//583 582//582
f 553//553 554//554 584//584 583//583
f 554//554 555//555 585//585 584//584
f 555//555 556//556 586//586 585//585
f 556//556 557//557 587//587 586//586
f 557//557 558//558 588//588 587//587
f 558//558 559//559 589//589 588//588
f 559//559 560//560 590//590 589//589
f 560//560 561//561 591//591 590//590
f 561//561 562//562 592//592 591//591
f 562//562 563//563 593//593 592//592
f 563//563 564//564 594//594 593//593
f 564//564 565//565 595//595 594//594
f 565//565 566//566 596//596 595//595
f 566//566 567//567 597//597 596//596
f 567//567 568//568 598//598 597//597
f 568//568 569//569 599//599 598//598
f 569//569 570//570 600//600 599//599
f 570//570 541//541 571//571 600//600
f 571//571 572//572 602//602 601//601
f 572//572 573//573 603//603 602//602
f 573//573 574//574 604//604 603//603
f 574//574 575//575 605//605 604//604
f 575//575 576//576 606//606 605//605
f 576//576 577//577 607//607 606//606
f 577//577 578//578 608//608 607//607
f 578//578 579//579 609//609 608//608
f 579//579 580//580 610//610 609//609
f 580//580 581//581 611//611 610//610
f 581//581 582//582 612//612 611//611
f 582//582 583//583 613//613 612//612
f 583//583 584//584 614//614 613//613
f 584//584 585//585 615//615 614//614
f 585//585 586//586 616//616 615//615
f 586//586 587//587 617//617 616//616
f 587//587 588//588 618//618 617//617
f 588//588 589//589 619//619 618//618
f 589//589 590//590 620//620 619//619
f 590//590 591//591 621//621 620//620
f 591//591 592//592 622//622 621//621
f 592//592 593//593 623//623 622//622
f 593//593 594//594 624//624 623//623
f 594//594 595//595 625//625 624//624
f 595//595 596//596 626//626 625//625
f 596//596 597//597 627//627 626//626
f 597//597 598//598 628//628 627//627
f 598//598 599//599 629//629 628//628
f 599//599 600//600 630//630 629//629
f 600//600 571//571 601//601 630//630
f 601//601 602//602 632//632 631//631
f 602//602 603//603 633//633 632//632
f 603//603 604//604 634//634 633//633
f 604//604 605//605 635//635 634//634
f 605//605 606//606 636//636 635//635
f 606//606 607//607 637//637 636//636
f 607//607 608//608 638//638 637//637
f 608//608 609//609 639//639 638//638
f 609//609 610//610 640//640 639//639
f 610//610 611//611 641//641 640//640
f 611//611 612//612 642//642 641//641
f 612//612 613//613 643//643 642//642
f 613//613 614//614 644//644 643//643
f 614//614 615//615 645//645 644//644
f 615//615 616//616 646//646 645//645
f 616//616 617//617 647//647 646//646
f 617//617 618//618 648//648 647//647
f 618//618 619//619 649//649 648//648
f 619//619 620//620 650//650 649//649
f 620//620 621//621 651//651 650//650
f 621//621 622//622 652//652 651//651
f 622//622 623//623 653//653 652//652
f 623//623 624//624 654//654 653//653
f 624//624 625//625 655//655 654//654
f 625//625 626//626 656//656 655//655
f 626//626 627//627 657//657 656//656
f 627//627 628//628 658//658 657//657
f 628//628 629//629 659//659 658//658
f 629//629 630//630 660//660 659//659
f 630//630 601//601 631//631 660//660
f 631//631 632//632 662//662 661//661
f 632//632 633//633 663//663 662//662
f 633//633 634//634 664//664 663//663
f 634//634 635//635 665//665 664//664
f 635//635 636//636 666//666 665//665
f 636//636 637//637 667//667 666//666
f 637//637 638//638 668//668 667//667
f 638//638 639//639 669//669 668//668
f 639//639 640//640 670//670 669//669
f 640//640 641//641 671//671 670//670
f 641//641 642//642 672//672 671//671
f 642//642 643//643 673//673 672//672
f 643//643 644//644 674//674 673//673
f 644//644 645//645 675//675 674//674
f 645//645 646//646 676//676 675//675
f 646//646 647//647 677//677 676//676
f 647//647 648//648 678//678 677//677
f 648//648 649//649 679//679 678//678
f 649//649 650//650 680//680 679//679
f 650//650 651//651 681//681 680//680
f 651//651 652//652 682//682 681//681
f 652//652 653//653 683//683 682//682
f 653//653 654//654 684//684 683//683
f 654//654 655//655 685//685 684//684
f 655//655 656//656 686//686 685//685
f 656//656 657//657 687//687 686//686
f 657//657 658//658 688//688 687//687
f 658//658 659//659 689//689 688//688
f 659//659 660//660 690//690 689//689
f 660//660 631//631 661//661 690//690
f 661//661 662//662 692//692 691//691
f 662//662 663//663 693//693 692//692
f 663//663 664//664 694//694 693//693
f 664//664 665//665 695//695 694//694
f 665//665 666//666 696//696 695//695
f 666//666 667//667 697//697 696//696
f 667//667 668//668 698//698 697//697
f 668//668 669//669 699//699 698//698
f 669//669 670//670 700//700 699//699
f 670//670 671//671 701//701 700//700
f 671//671 672//672 702//702 701//701
f 672//672 673//673 703//703 702//702
f 673//673 674//674 704//704 703//703
f 674//674 675//675 705//705 704//704
f 675//675 676//676 706//706 705//705
f 676//676 677//677 707//707 706//706
f 677//677 678//678 708//708 707//707
f 678//678 679//679 709//709 708//708
f 679//679 680//680 710//710 709//709
f 680//680 681//681 711//711 710//710
f 681//681 682//682 712//712 711//711
f 682//682 683//683 713//713 712//712
f 683//683 684//684 714//714 713//713
f 684//684 685//685 715//715 714//714
f 685//685 686//686 716//716 715//715
f 686//686 687//687 717//717 716//716
f 687//687 688//688 718//718 717//717
f 688//688 689//689 719//719 718//718
f 689//689 690//690 720//720 719//719
f 690//690 661//661 691//691 720//720
f 691//691 692//692 722//722 721//721
f 692//692 693//693 723//723 722//722
f 693//693 694//694 724//724 723//723
f 694//694 695//695 725//725 724//724
f 695//695 696//696 726//726 725//725
f 696//696 697//697 727//727 726//726
f 697//697 698//698 728//728 727//727
f 698//698 699//699 729//729 728//728
f 699//699 700//700 730//730 729//729
f 700//700 701//701 731//731 730//730
f 701//701 702//702 732//732 731//731
f 702//702 703//703 733//733 732//732
f 703//703 704//704 734//734 733//733
f 704//704 705//705 735//735 734//734
f 705//705 706//706 736//736 735//735
f 706//706 707//707 737//737 736//736
f 707//707 708//708 738//738 737//737
f 708//708 709//709 739//739 738//738
f 709//709 710//710 740//740 739//739
f 710//710 711//711 741//741 740//740
f 711//711 712//712 742//742 741//741
f 712//712 713//713 743//743 742//742
f 713//713 714//714 744//744 743//743
f 714//714 715//715 745//745 744//744
f 715//715 716//716 746//746 745//745
f 716//716 717//717 747//747 746//746
f 717//717 718//718 748//748 747//747
f 718//718 719//719 749//749 748//748
f 719//719 720//720 750//750 749//749
f 720//720 691//691 721//721 750//750
f 721//721 722//722 752//752 751//751
f 722//722 723//723 753//753 752//752
f 723//723 724//724 754//754 753//753
f 724//724 725//725 755//755 754//754
f 725//725 726//726 756//756 755//755
f 726//726 727//727 757//757 756//756
f 727//727 728//728 758//758 757//757
f 728//728 729//729 759//759 758//758
f 729//729 730//730 760//760 759//759
f 730//730 731//731 761//761 760//760
f 731//731 732//732 762//762 761//761
f 732//732 733//733 763//763 762//762
f 733//733 734//734 764//764 763//763
f 734//734 735//735 765//765 764//764
f 735//735 736//736 766//766 765//765
f 736//736 737//737 767//767 766//766
f 737//737 738//738 768//768 767//767
f 738//738 739//739 769//769 768//768
f 739//739 740//740 770//770 769//769
f 740//740 741//741 771//771 770//770
f 741//741 742//742 772//772 771//771
f 742//742 743//743 773//773 772//772
f 743//743 744//744 774//774 773//773
f 744//744 745//745 775//775 774//774
f 745//745 746//746 776//776 775//775
f 746//746 747//747 777//777 776//776
f 747//747 748//748 778//778 777//777
f 748//748 749//749 779//779 778//778
f 749//749 750//750 780//780 779//779
f 750//750 721//721 751//751 780//780
f 751//751 752//752 782//782 781//781
f 752//752 753//753 783//783 782//782
f 753//753 754//754 784//784 783//783
f 754//754 755//755 785//785 784//784
f 755//755 756//756 786//786 785//785
f 756//756 757//757 787//787 786//786
f 757//757 758//758 788//788 787//787
f 758//758 759//759 789//789 788//788
f 759//759 760//760 790//790 789//789
f 760//760 761//761 791//791 790//790
f 761//761 762//762 792//792 791//791
f 762//762 763//763 793//793 792//792
f 763//763 764//764 794//794 793//793
f 764//764 765//765 795//795 794//794
f 765//765 766//766 796//796 795//795
f 766//766 767//767 797//797 796//796
f 767//767 768//768 798//798 797//797
f 768//768 769//769 799//799 798//798
f 769//769 770//770 800//800 799//799
f 770//770 771//771 801//801 800//800
f 771//771 772//772 802//802 801//801
f 772//772 773//773 803//803 802//802
f 773//773 774//774 804//804 803//803
f 774//774 775//775 805//805 804//804
f 775//775 776//776 806//806 805//805
f 776//776 777//777 807//807 806//806
f 777//777 778//778 808//808 807//807
f 778//778 779//779 809//809 808//808
f 779//779 780//780 810//810 809//809
f 780//780 751//751 781//781 810//810
f 781//781 782//782 812//812 811//811
f 782//782 783//783 813//813 812//812
f 783//783 784//784 814//814 813//813
f 784//784 785//785 815//815 814//814
f 785//785 786//786 816//816 815//815
f 786//786 787//787 817//817 816//816
f 787//787 788//788 818//818 817//817
f 788//788 789//789 819//819 818//818
f 789//789 790//790 820//820 819//819
f 790//790 791//791 821//821 820//820
f 791//791 792//792 822//822 821//821
f 792//792 793//793 823//823 822//822
f 793//793 794//794 824//824 823//823
f 794//794 795//795 825//825 824//824
f 795//795 796//796 826//826 825//825
f 796//796 797//797 827//827 826//826
f 797//797 798//798 828//828 827//827
f 798//798 799//799 829//829 828//828
f 799//799 800//800 830//830 829//829
f 800//800 801//801 831//831 830//830
f 801//801 802//802 832//832 831//831
f 802//802 803//803 833//833 832//832
f 803//803 804//804 834//834 833//833
f 804//804 805//805 835//835 834//834
f 805//805 806//806 836//836 835//835
f 806//806 807//807 837//837 836//836
f 807//807 808//808 838//838 837//837
f 808//808 809//809 839//839 838//838
f 809//809 810//810 840//840 839//839
f 810//810 781//781 811//811 840//840
f 811//811 812//812 842//842 841//841
f 812//812 813//813 843//843 842//842
f 813//813 814//814 844//844 843//843
f 814//814 815//815 845//845 844//844
f 815//815 816//816 846//846 845//845
f 816//816 817//817 847//847 846//846
f 817//817 818//818 848//848 847//847
f 818//818 819//819 849//849 848//848
f 819//819 820//820 850//850 849//849
f 820//820 821//821 851//851 850//850
f 821//821 822//822 852//852 851//851
f 822//822 823//823 853//853 852//852
f 823//823 824//824 854//854 853//853
f 824//824 825//825 855//855 854//854
f 825//825 826//826 856//856 855//855
f 826//826 827//827 857//857 856//856
f 827//827 828//828 858//858 857//857
f 828//828 829//829 859//859 858//858
f 829//829 830//830 860//860 859//859
f 830//830 831//831 861//861 860//860
f 831//831 832//832 862//862 861//861
f 832//832 833//833 863//863 862//862
f 833//833 834//834 864//864 863//863
f 834//834 835//835 865//865 864//864
f 835//835 836//836 866//866 865//865
f 836//836 837//837 867//867 866//866
f 837//837 838//838 868//868 867//867
f 838//838 839//839 869//869 868//868
f 839//839 840//840 870//870 869//869
f 840//840 811//811 841//841 870//870
f 841//841 842//842 872//872 871//871
f 842//842 843//843 873//873 872//872
f 843//843 844//844 874//874 873//873
f 844//844 845//845 875//875 874//874
f 845//845 846//846 876//876 875//875
f 846//846 847//847 877//877 876//876
f 847//847 848//848 878//878 877//877
f 848//848 849//849 879//879 878//878
f 849//849 850//850 880//880 879//879
f 850//850 851//851 881//881 880//880
f 851//851 852//852 882//882 881//881
f 852//852 853//853 883//883 882//882
f 853//853 854//854 884//884 883//883
f 854//854 855//855 885//885 884//884
f 855//855 856//856 886//886 885//885
f 856//856 857//857 887//887 886//886
f 857//857 858//858 888//888 887//887
f 858//858 859//859 889//889 888//888
f 859//859 860//860 890//890 889//889
f 860//860 861//861 891//891 890//890
f 861//861 862//862 892//892 891//891
f 862//862 863//863 893//893 892//892
f 863//863 864//864 894//894 893//893
f 864//864 865//865 895//895 894//894
f 865//865 866//866 896//896 895//895
f 866//866 867//867 897//897 896//896
f 867//867 868//868 898//898 897//897
f 868//868 869//869 899//899 898//898
f 869//869 870//870 900//900 899//899
f 870//870 841//841 871//871 900//900
f 871//871 872//872 902//902 901//901
f 872//872 873//873 903//903 902//902
f 873//873 874//874 904//904 903//903
f 874//874 875//875 905//905 904//904
f 875//875 876//876 906//906 905//905
f 876//876 877//877 907//907 906//906
f 877//877 878//878 908//908 907//907
f 878//878 879//879 909//909 908//908
f 879//879 880//880 910//910 909//909
f 880//880 881//881 911//911 910//910
f 881//881 882//882 912//912 911//911
f 882//882 883//883 913//913 912//912
f 883//883 884//884 914//914 913//913
f 884//884 885//885 915//915 914//914
f 885//885 886//886 916//916 915//915
f 886//886 887//887 917//917 916//916
f 887//887 888//888 918//918 917//917
f 888//888 889//889 919//919 918//918
f 889//889 890//890 920//920 919//919
f 890//890 891//891 921//921 920//920
f 891//891 892//892 922//922 921//921
f 892//892 893//893 923//923 922//922
f 893//893 894//894 924//924 923//923
f 894//894 895//895 925//925 924//924
f 895//895 896//896 926//926 925//925
f 896//896 897//897 927//927 926//926
f 897//897 898//898 928//928 927//927
f 898//898 899//899 929//929 928//928
f 899//899 900//900 930//930 929//929
f 900//900 871//871 901//901 930//930
f 901//901 902//902 932//932 931//931
f 902//902 903//903 933//933 932//932
f 903//903 904//904 934//934 933//933
f 904//904 905//905 935//935 934//934
f 905//905 906//906 936//936 935//935
f 906//906 907//907 937//937 936//936
f 907//907 908//908 938//938 937//937
f 908//908 909//909 939//939 938//938
f 909//909 910//910 940//940 939//939
f 910//910 911//911 941//941 940//940
f 911//911 912//912 942//942 941//941
f 912//912 913//913 943//943 942//942
f 913//913 914//914 944//944 943//943
f 914//914 915//915 945//945 944//944
f 915//915 916//916 946//946 945//945
f 916//916 917//917 947//947 946//946
f 917//917 918//918 948//948 947//947
f 918//918 919//919 949//949 948//948
f 919//919 920//920 950//950 949//949
f 920//920 921//921 951//951 950//950
f 921//921 922//922 952//952 951//951
f 922//922 923//923 953//953 952//952
f 923//923 924//924 954//954 953//953
f 924//924 925//925 955//955 954//954
f 925//925 926//926 956//956 955//955
f 926//926 927//927 957//957 956//956
f 927//927 928//928 958//958 957//957
f 928//928 929//929 959//959 958//958
f 929//929 930//930 960//960 959//959
f 930//930 901//901 931//931 960//960
f 931//931 932//932 962//962 961//961
f 932//932 933//933 963//963 962//962
f 933//933 934//934 964//964 963//963
f 934//934 935//935 965//965 964//964
f 935//935 936//936 966//966 965//965
f 936//936 937//937 967//967 966//966
f 937//937 938//938 968//968 967//967
f 938//938 939//939 969//969 968//968
f 939//939 940//940 970//970 969//969
f 940//940 941//941 971//971 970//970
f 941//941 942//942 972//972 971//971
f 942//942 943//943 973//973 972//972
f 943//943 944//944 974//974 973//973
f 944//944 945//945 975//975 974//974
f 945//945 946//946 976//976 975//975
f 946//946 947//947 977//977 976//976
f 947//947 948//948 978//978 977//977
f 948//948 949//949 979//979 978//978
f 949//949 950//950 980//980 979//979
f 950//950 951//951 981//981 980//980
f 951//951 952//952 982//982 981//981
f 952//952 953//953 983//983 982//982
f 953//953 954//954 984//984 983//983
f 954//954 955//955 985//985 984//984
f 955//955 956//956 986//986 985//985
f 956//956 957//957 987//987 986//986
f 957//957 958//958 988//988 987//987
f 958//958 959//959 989//989 988//988
f 959//959 960//960 990//990 989//989
f 960//960 931//931 961//961 990//990
f 961//961 962//962 992//992 991//991
f 962//962 963//963 993//993 992//992
f 963//963 964//964 994//994 993//993
f 964//964 965//965 995//995 994//994
f 965//965 966//966 996//996 995//995
f 966//966 967//967 997//997 996//996
f 967//967 968//968 998//998 997//997
f 968//968 969//969 999//999 998//998
f 969//969 970//970 1000//1000 999//999
f 970//970 971//971 1001//1001 1000//1000
f 971//971 972//972 1002//1002 1001//1001
f 972//972 973//973 1003//1003 1002//1002
f 973//973 974//974 1004//1004 1003//1003
f 974//974 975//975 1005//1005 1004//1004
f 975//975 976//976 1006//1006 1005//1005
f 976//976 977//977 1007//1007 1006//1006
f 977//977 978//978 1008//1008 1007//1007
f 978//978 979//979 1009//1009 1008//1008
f 979//979 980//980 1010//1010 1009//1009
f 980//980 981//981 1011//1011 1010//1010
f 981//981 982//982 1012//1012 1011//1011
f 982//982 983//983 1013//1013 1012//1012
f 983//983 984//984 1014//1014 1013//1013
f 984//984 985//985 1015//1015 1014//1014
f 985//985 986//986 1016//1016 1015//1015
f 986//986 987//987 1017//1017 1016//1016
f 987//987 988//988 1018//1018 1017//1017
f 988//988 989//989 1019//1019 1018//1018
f 989//989 990//990 1020//1020 1019//1019
f 990//990 961//961 991//991 1020//1020
f 991//991 992//992 1022//1022 1021//1021
f 992//992 993//993 1023//1023 1022//1022
f 993//993 994//994 1024//1024 1023//1023
f 994//994 995//995 1025//1025 1024//1024
f 995//995 996//996 1026//1026 1025//1025
f 996//996 997//997 1027//1027 1026//1026
f 997//997 998//998 1028//1028 1027//1027
f 998//998 999//999 1029//1029 1028//1028
f 999//999 1000//1000 1030//1030 1029//1029
f 1000//1000 1001//1001 1031//1031 1030//1030
f 1001//1001 1002//1002 1032//1032 1031//1031
f 1002//1002 1003//1003 1033//1033 1032//1032
f 1003//1003 1004//1004 1034//1034 1033//1033
f 1004//1004 1005//1005 1035//1035 1034//1034
f 1005//1005 1006//1006 1036//1036 1035//1035
f 1006//1006 1007//1007 1037//1037 1036//1036
f 1007//1007 1008//1008 1038//1038 1037//1037
f 1008//1008 1009//1009 1039//1039 1038//1038
f 1009//1009 1010//1010 1040//1040 1039//1039
f 1010//1010 1011//1011 1041//1041 1040//1040
f 1011//1011 1012//1012 1042//1042 1041//1041
f 1012//1012 1013//1013 1043//1043 1042//1042
f 1013//1013 1014//1014 1044//1044 1043//1043
f 1014//1014 1015//1015 1045//1045 1044//1044
f 1015//1015 1016//1016 1046//1046 1045//1045
f 1016//1016 1017//1017 1047//1047 1046//1046
f 1017//1017 1018//1018 1048//1048 1047//1047
f 1018//1018 1019//1019 1049//1049 1048//1048
f 1019//1019 1020//1020 1050//1050 1049//1049
f 1020//1020 991//991 1021//1021 1050//1050
f 1021//1021 1022//1022 1052//1052 1051//1051
f 1022//1022 1023//1023 1053//1053 1052//1052
f 1023//1023 1024//1024 1054//1054 1053//1053
f 1024//1024 1025//1025 1055//1055 1054//1054
f 1025//1025 1026//1026 1056//1056 1055//1055
f 1026//1026 1027//1027 1057//1057 1056//1056
f 1027//1027 1028//1028 1058//1058 1057//1057
f 1028//1028 1029//1029 1059//1059 1058//1058
f 1029//1029 1030//1030 1060//1060 1059//1059
f 1030//1030 1031//1031 1061//1061 1060//1060
f 1031//1031 1032//1032 1062//1062 1061//1061
f 1032//1032 1033//1033 1063//1063 1062//1062
f 1033//1033 1034//1034 1064//1064 1063//1063
f 1034//1034 1035//1035 1065//1065 1064//1064
f 1035//1035 1036//1036 1066//1066 1065//1065
f 1036//1036 1037//1037 1067//1067 1066//1066
f 1037//1037 1038//1038 1068//1068 1067//1067
f 1038//1038 1039//1039 1069//1069 1068//1068
f 1039//1039 1040//1040 1070//1070 1069//1069
f 1040//1040 1041//1041 1071//1071 1070//1070
f 1041//1041 1042//1042 1072//1072 1071//1071
f 1042//1042 1043//1043 1073//1073 1072//1072
f 1043//1043 1044//1044 1074//1074 1073//1073
f 1044//1044 1045//1045 1075//1075 1074//1074
f 1045//1045 1046//1046 1076//1076 1075//1075
f 1046//1046 1047//1047 1077//1077 1076//1076
f 1047//1047 1048//1048 1078//1078 1077//1077
f 1048//1048 1049//1049 1079//1079 1078//1078
f 1049//1049 1050//1050 1080//1080 1079//1079
f 1050//1050 1021//1021 1051//1051 1080//1080
f 1051//1051 1052//1052 1082//1082 1081//1081
f 1052//1052 1053//1053 1083//1083 1082//1082
f 1053//1053 1054//1054 1084//1084 1083//1083
f 1054//1054 1055//1055 1085//1085 1084//1084
f 1055//1055 1056//1056 1086//1086 1085//1085
f 1056//1056 1057//1057 1087//1087 1086//1086
f 1057//1057 1058//1058 1088//1088 1087//1087
f 1058//1058 1059//1059 1089//1089 1088//1088
f 1059//1059 1060//1060 1090//1090 1089//1089
f 1060//1060 1061//1061 1091//1091 1090//1090
f 1061//1061 1062//1062 1092//1092 1091//1091
f 1062//1062 1063//1063 1093//1093 1092//1092
f 1063//1063 1064//1064 1094//1094 1093//1093
f 1064//1064 1065//1065 1095//1095 1094//1094
f 1065//1065 1066//1066 1096//1096 1095//1095
f 1066//1066 1067//1067 1097//1097 1096//1096
f 1067//1067 1068//1068 1098//1098 1097//1097
f 1068//1068 1069//1069 1099//1099 1098//1098
f 1069//1069 1070//1070 1100//1100 1099//1099
f 1070//1070 1071//1071 1101//1101 1100//1100
f 1071//1071 1072//1072 1102//1102 1101//1101
f 1072//1072 1073//1073 1103//1103 1102//1102
f 1073//1073 1074//1074 1104//1104 1103//1103
f 1074//1074 1075//1075 1105//1105 1104//1104
f 1075//1075 1076//1076 1106//1106 1105//1105
f 1076//1076 1077//1077 1107//1107 1106//1106
f 1077//1077 1078//1078 1108//1108 1107//1107
f 1078//1078 1079//1079 1109//1109 1108//1108
f 1079//1079 1080//1080 1110//1110 1109//1109
f 1080//1080 1051//1051 1081//1081 1110//1110
f 1081//1081 1082//1082 1112//1112 1111//1111
f 1082//1082 1083//1083 1113//1113 1112//1112
f 1083//1083 1084//1084 1114//1114 1113//1113
f 1084//1084 1085//1085 1115//1115 1114//1114
f 1085//1085 1086//1086 1116//1116 1115//1115
f 1086//1086 1087//1087 1117//1117 1116//1116
f 1087//1087 1088//1088 1118//1118 1117//1117
f 1088//1088 1089//1089 1119//1119 1118//1118
f 1089//1089 1090//1090 1120//1120 1119//1119
f 1090//1090 1091//1091 1121//1121 1120//1120
f 1091//1091 1092//1092 1122//1122 1121//1121
f 1092//1092 1093//1093 1123//1123 1122//1122
f 1093//1093 1094//1094 1124//1124 1123//1123
f 1094//1094 1095//1095 1125//1125 1124//1124
f 1095//1095 1096//1096 1126//1126 1125//1125
f 1096//1096 1097//1097 1127//1127 1126//1126
f 1097//1097 1098//1098 1128//1128 1127//1127
f 1098//1098 1099//1099 1129//1129 1128//1128
f 1099//1099 1100//1100 1130//1130 1129//1129
f 1100//1100 1101//1101 1131//1131 1130//1130
f 1101//1101 1102//1102 1132//1132 1131//1131
f 1102//1102 1103//1103 1133//1133 1132//1132
f 1103//1103 1104//1104 1134//1134 1133//1133
f 1104//1104 1105//1105 1135//1135 1134//1134
f 1105//1105 1106//1106 1136//1136 1135//1135
f 1106//1106 1107//1107 1137//1137 1136//1136
f 1107//1107 1108//1108 1138//1138 1137//1137
f 1108//1108 1109//1109 1139//1139 1138//1138
f 1109//1109 1110//1110 1140//1140 1139//1139
f 1110//1110 1081//1081 1111//1111 1140//1140
f 1111//1111 1112//1112 1142//1142 1141//1141
f 1112//1112 1113//1113 1143//1143 1142//1142
f 1113//1113 1114//1114 1144//1144 1143//1143
f 1114//1114 1115//1115 1145//1145 1144//1144
f 1115//1115 1116//1116 1146//1146 1145//1145
f 1116//1116 1117//1117 1147//1147 1146//1146
f 1117//1117 1118//1118 1148//1148 1147//1147
f 1118//1118 1119//1119 1149//1149 1148//1148
f 1119//1119 1120//1120 1150//1150 1149//1149
f 1120//1120 1121//1121 1151//1151 1150//1150
f 1121//1121 1122//1122 1152//1152 1151//1151
f 1122//1122 1123//1123 1153//1153 1152//1152
f 1123//1123 1124//1124 1154//1154 1153//1153
f 1124//1124 1125//1125 1155//1155 1154//1154
f 1125//1125 1126//1126 1156//1156 1155//1155
f 1126//1126 1127//1127 1157//1157 1156//1156
f 1127//1127 1128//1128 1158//1158 1157//1157
f 1128//1128 1129//1129 1159//1159 1158//1158
f 1129//1129 1130//1130 1160//1160 1159//1159
f 1130//1130 1131//1131 1161//1161 1160//1160
f 1131//1131 1132//1132 1162//1162 1161//1161
f 1132//1132 1133//1133 1163//1163 1162//1162
f 1133//1133 1134//1134 1164//1164 1163//1163
f 1134//1134 1135//1135 1165//1165 1164//1164
f 1135//1135 1136//1136 1166//1166 1165//1165
f 1136//1136 1137//1137 1167//1167 1166//1166
f 1137//1137 1138//1138 1168//1168 1167//1167
f 1138//1138 1139//1139 1169//1169 1168//1168
f 1139//1139 1140//1140 1170//1170 1169//1169
f 1140//1140 1111//1111 1141//1141 1170//1170
f 1141//1141 1142//1142 1172//1172 1171//1171
f 1142//1142 1143//1143 1173//1173 1172//1172
f 1143//1143 1144//1144 1174//1174 1173//1173
f 1144//1144 1145//1145 1175//1175 1174//1174
f 1145//1145 1146//1146 1176//1176 1175//1175
f 1146//1146 1147//1147 1177//1177 1176//1176
f 1147//1147 1148//1148 1178//1178 1177//1177
f 1148//1148 1149//1149 1179//1179 1178//1178
f 1149//1149 1150//1150 1180//1180 1179//1179
f 1150//1150 1151//1151 1181//1181 1180//1180
f 1151//1151 1152//1152 1182//1182 1181//1181
f 1152//1152 1153//1153 1183//1183 1182//1182
f 1153//1153 1154//1154 1184//1184 1183//1183
f 1154//1154 1155//1155 1185//1185 1184//1184
f 1155//1155 1156//1156 1186//1186 1185//1185
f 1156//1156 1157//1157 1187//1187 1186//1186
f 1157//1157 1158//1158 1188//1188 1187//1187
f 1158//1158 1159//1159 1189//1189 1188//1188
f 1159//1159 1160//1160 1190//1190 1189//1189
f 1160//1160 1161//1161 1191//1191 1190//1190
f 1161//1161 1162//1162 1192//1192 1191//1191
f 1162//1162 1163//1163 1193//1193 1192//1192
f 1163//1163 1164//1164 1194//1194 1193//1193
f 1164//1164 1165//1165 1195//1195 1194//1194
f 1165//1165 1166//1166 1196//1196 1195//1195
f 1166//1166 1167//1167 1197//1197 1196//1196
f 1167//1167 1168//1168 1198//1198 1197//1197
f 1168//1168 1169//1169 1199//1199 1198//1198
f 1169//1169 1170//1170 1200//1200 1199//1199
f 1170//1170 1141//1141 1171//1171 1200//1200
f 1171//1171 1172//1172 1202//1202 1201//1201
f 1172//1172 1173//1173 1203//1203 1202//1202
f 1173//1173 1174//1174 1204//1204 1203//1203
f 1174//1174 1175//1175 1205//1205 1204//1204
f 1175//1175 1176//1176 1206//1206 1205//1205
f 1176//1176 1177//1177 1207//1207 1206//1206
f 1177//1177 1178//1178 1208//1208 1207//1207
f 1178//1178 1179//1179 1209//1209 1208//1208
f 1179//1179 1180//1180 1210//1210 1209//1209
f 1180//1180 1181//1181 1211//1211 1210//1210
f 1181//1181 1182//1182 1212//1212 1211//1211
f 1182//1182 1183//1183 1213//1213 1212//1212
f 1183//1183 1184//1184 1214//1214 1213//1213
f 1184//1184 1185//1185 1215//1215 1214//1214
f 1185//1185 1186//1186 1216//1216 1215//1215
f 1186//1186 1187//1187 1217//1217 1216//1216
f 1187//1187 1188//1188 1218//1218 1217//1217
f 1188//1188 1189//1189 1219//1219 1218//1218
f 1189//1189 1190//1190 1220//1220 1219//1219
f 1190//1190 1191//1191 1221//1221 1220//1220
f 1191//1191 1192//1192 1222//1222 1221//1221
f 1192//1192 1193//1193 1223//1223 1222//1222
f 1193//1193 1194//1194 1224//1224 1223//1223
f 1194//1194 1195//1195 1225//1225 1224//1224
f 1195//1195 1196//1196 1226//1226 1225//1225
f 1196//1196 1197//1197 1227//1227 1226//1226
f 1197//1197 1198//1198 1228//1228 1227//1227
f 1198//1198 1199//1199 1229//1229 1228//1228
f 1199//1199 1200//1200 1230//1230 1229//1229
f 1200//1200 1171//1171 1201//1201 1230//1230
f 1201//1201 1202//1202 1232//1232 1231//1231
f 1202//1202 1203//1203 1233//1233 1232//1232
f 1203//1203 1204//1204 1234//1234 1233//1233
f 1204//1204 1205//1205 1235//1235 1234//1234
f 1205//1205 1206//1206 1236//1236 1235//1235
f 1206//1206 1207//1207 1237//1237 1236//1236
f 1207//1207 1208//1208 1238//1238 1237//1237
f 1208//1208 1209//1209 1239//1239 1238//1238
f 1209//1209 1210//1210 1240//1240 1239//1239
f 1210//1210 1211//1211 1241//1241 1240//1240
f 1211//1211 1212//1212 1242//1242 1241//1241
f 1212//1212 1213//1213 1243//1243 1242//1242
f 1213//1213 1214//1214 1244//1244 1243//1243
f 1214//1214 1215//1215 1245//1245 1244//1244
f 1215//1215 1216//1216 1246//1246 1245//1245
f 1216//1216 1217//1217 1247//1247 1246//1246
f 1217//1217 1218//1218 1248//1248 1247//1247
f 1218//1218 1219//1219 1249//1249 1248//1248
f 1219//1219 1220//1220 1250//1250 1249//1249
f 1220//1220 1221//1221 1251//1251 1250//1250
f 1221//1221 1222//1222 1252//1252 1251//1251
f 1222//1222 1223//1223 1253//1253 1252//1252
f 1223//1223 1224//1224 1254//1254 1253//1253
f 1224//1224 1225//1225 1255//1255 1254//1254
f 1225//1225 1226//1226 1256//1256 1255//1255
f 1226//1226 1227//1227 1257//1257 1256//1256
f 1227//1227 1228//1228 1258//1258 1257//1257
f 1228//1228 1229//1229 1259//1259 1258//1258
f 1229//1229 1230//1230 1260//1260 1259//1259
f 1230//1230 1201//1201 1231//1231 1260//1260
f 1231//1231 1232//1232 1262//1262 1261//1261
f 1232//1232 1233//1233 1263//1263 1262//1262
f 1233//1233 1234//1234 1264//1264 1263//1263
f 1234//1234 1235//1235 1265//1265 1264//1264
f 1235//1235 1236//1236 1266//1266 1265//1265
f 1236//1236 1237//1237 1267//1267 1266//1266
f 1237//1237 1238//1238 1268//1268 1267//1267
f 1238//1238 1239//1239 1269//1269 1268//1268
f 1239//1239 1240//1240 1270//1270 1269//1269
f 1240//1240 1241//1241 1271//1271 1270//1270
f 1241//1241 1242//1242 1272//1272 1271//1271
f 1242//1242 1243//1243 1273//1273 1272//1272
f 1243//1243 1244//1244 1274//1274 1273//1273
f 1244//1244 1245//1245 1275//1275 1274//1274
f 1245//1245 1246//1246 1276//1276 1275//1275
f 1246//1246 1247//1247 1277//1277 1276//1276
f 1247//1247 1248//1248 1278//1278 1277//1277
f 1248//1248 1249//1249 1279//1279 1278//1278
f 1249//1249 1250//1250 1280//1280 1279//1279
f 1250//1250 1251//1251 1281//1281 1280//1280
f 1251//1251 1252//1252 1282//1282 1281//1281
f 1252//1252 1253//1253 1283//1283 1282//1282
f 1253//1253 1254//1254 1284//1284 1283//1283
f 1254//1254 1255//1255 1285//1285 1284//1284
f 1255//1255 1256//1256 1286//1286 1285//1285
f 1256//1256 1257//1257 1287//1287 1286//1286
f 1257//1257 1258//1258 1288//1288 1287//1287
f 1258//1258 1259//1259 1289//1289 1288//1288
f 1259//1259 1260//1260 1290//1290 1289//1289
f 1260//1260 1231//1231 1261//1261 1290//1290
f 1261//1261 1262//1262 1292//1292 1291//1291
f 1262//1262 1263//1263 1293//1293 1292//1292
f 1263//1263 1264//1264 1294//1294 1293//1293
f 1264//1264 1265//1265 1295//1295 1294//1294
f 1265//1265 1266//1266 1296//1296 1295//1295
f 1266//1266 1267//1267 1297//1297 1296//1296
f 1267//1267 1268//1268 1298//1298 1297//1297
f 1268//1268 1269//1269 1299//1299 1298//1298
f 1269//1269 1270//1270 1300//1300 1299//1299
f 1270//1270 1271//1271 1301//1301 1300//1300
f 1271//1271 1272//1272 1302//1302 1301//1301
f 1272//1272 1273//1273 1303//1303 1302//1302
f 1273//1273 1274//1274 1304//1304 1303//1303
f 1274//1274 1275//1275 1305//1305 1304//1304
f 1275//1275 1276//1276 1306//1306 1305//1305
f 1276//1276 1277//1277 1307//1307 1306//1306
f 1277//1277 1278//1278 1308//1308 1307//1307
f 1278//1278 1279//1279 1309//1309 1308//1308
f 1279//1279 1280//1280 1310//1310 1309//1309
f 1280//1280 1281//1281 1311//1311 1310//1310
f 1281//1281 1282//1282 1312//1312 1311//1311
f 1282//1282 1283//1283 1313//1313 1312//1312
f 1283//1283 1284//1284 1314//1314 1313//1313
f 1284//1284 1285//1285 1315//1315 1314//1314
f 1285//1285 1286//1286 1316//1316 1315//1315
f 1286//1286 1287//1287 1317//1317 1316//1316
f 1287//1287 1288//1288 1318//1318 1317//1317
f 1288//1288 1289//1289 1319//1319 1318//1318
f 1289//1289 1290//1290 1320//1320 1319//1319
f 1290//1290 1261//1261 1291//1291 1320//1320
f 1291//1291 1292//1292 1322//1322 1321//1321
f 1292//1292 1293//1293 1323//1323 1322//1322
f 1293//1293 1294//1294 1324//1324 1323//1323
f 1294//1294 1295//1295 1325//1325 1324//1324
f 1295//1295 1296//1296 1326//1326 1325//1325
f 1296//1296 1297//1297 1327//1327 1326//1326
f 1297//1297 1298//1298 1328//1328 1327//1327
f 1298//1298 1299//1299 1329//1329 1328//1328
f 1299//1299 1300//1300 1330//1330 1329//1329
f 1300//1300 1301//1301 1331//1331 1330//1330
f 1301//1301 1302//1302 1332//1332 1331//1331
f 1302//1302 1303//1303 1333//1333 1332//1332
f 1303//1303 1304//1304 1334//1334 1333//1333
f 1304//1304 1305//1305 1335//1335 1334//1334
f 1305//1305 1306//1306 1336//1336 1335//1335
f 1306//1306 1307//1307 1337//1337 1336//1336
f 1307//1307 1308//1308 1338//1338 1337//1337
f 1308//1308 1309//1309 1339//1339 1338//1338
f 1309//1309 1310//1310 1340//1340 1339//1339
f 1310//1310 1311//1311 1341//1341 1340//1340
f 1311//1311 1312//1312 1342//1342 1341//1341
f 1312//1312 1313//1313 1343//1343 1342//1342
f 1313//1313 1314//1314 1344//1344 1343//1343
f 1314//1314 1315//1315 1345//1345 1344//1344
f 1315//1315 1316//1316 1346//1346 1345//1345
f 1316//1316 1317//1317 1347//1347 1346//1346
f 1317//1317 1318//1318 1348//1348 1347//1347
f 1318//1318 1319//1319 1349//1349 1348//1348
f 1319//1319 1320//1320 1350//1350 1349//1349
f 1320//1320 1291//1291 1321//1321 1350//1350
f 1321//1321 1322//1322 1352//1352 1351//1351
f 1322//1322 1323//1323 1353//1353 1352//1352
f 1323//1323 1324//1324 1354//1354 1353//1353
f 1324//1324 1325//1325 1355//1355 1354//1354
f 1325//1325 1326//1326 1356//1356 1355//1355
f 1326//1326 1327//1327 1357//1357 1356//1356
f 1327//1327 1328//1328 1358//1358 1357//1357
f 1328//1328 1329//1329 1359//1359 1358//1358
f 1329//1329 1330//1330 1360//1360 1359//1359
f 1330//1330 1331//1331 1361//1361 1360//1360
f 1331//1331 1332//1332 1362//1362 1361//1361
f 1332//1332 1333//1333 1363//1363 1362//1362
f 1333//1333 1334//1334 1364//1364 1363//1363
f 1334//1334 1335//1335 1365//1365 1364//1364
f 1335//1335 1336//1336 1366//1366 1365//1365
f 1336//1336 1337//1337 1367//1367 1366//1366
f 1337//1337 1338//1338 1368//1368 1367//1367
f 1338//1338 1339//1339 1369//1369 1368//1368
f 1339//1339 1340//1340 1370//1370 1369//1369
f 1340//1340 1341//1341 1371//1371 1370//1370
f 1341//1341 1342//1342 1372//1372 1371//1371
f 1342//1342 1343//1343 1373//1373 1372//1372
f 1343//1343 1344//1344 1374//1374 1373//1373
f 1344//1344 1345//1345 1375//1375 1374//1374
f 1345//1345 1346//1346 1376//1376 1375//1375
f 1346//1346 1347//1347 1377//1377 1376//1376
f 1347//1347 1348//1348 1378//1378 1377//1377
f 1348//1348 1349//1349 1379//1379 1378//1378
f 1349//1349 1350//1350 1380//1380 1379//1379
f 1350//1350 1321//1321 1351//1351 1380//1380
f 1382//1382 1411//1411 1381//1381
f 1383//1383 1411//1411 1382//1382
f 1384//1384 1411//1411 1383//1383
f 1385//1385 1411//1411 1384//1384
f 1386//1386 1411//1411 1385//1385
f 1387//1387 1411//1411 1386//1386
f 1388//1388 1411//1411 1387//1387
f 1389//1389 1411//1411 1388//1388
f 1390//1390 1411//1411 1389//1389
f 1391//1391 1411//1411 1390//1390
f 1392//1392 1411//1411 1391//1391
f 1393//1393 1411//1411 1392//1392
f 1394//1394 1411//1411 1393//1393
f 1395//1395 1411//1411 1394//1394
f 1396//1396 1411//1411 1395//1395
f 1397//1397 1411//1411 1396//1396
f 1398//1398 1411//1411 1397//1397
f 1399//1399 1411//1411 1398//1398
f 1400//1400 1411//1411 1399//1399
f 1401//1401 1411//1411 1400//1400
f 1402//1402 1411//1411 1401//1401
f 1403//1403 1411//1411 1402//1402
f 1404//1404 1411//1411 1403//1403
f 1405//1405 1411//1411 1404//1404
f 1406//1406 1411//1411 1405//1405
f 1407//1407 1411//1411 1406//1406
f 1408//1408 1411//1411 1407//1407
f 1409//1409 1411//1411 1408//1408
f 1410//1410 1411//1411 1409//1409
f 1381//1381 1411//1411 1410//1410
f 1412//1412 1442//1442 1413//1413
f 1413//1413 1442//1442 1414//1414
f 1414//1414 1442//1442 1415//1415
f 1415//1415 1442//1442 1416//1416
f 1416//1416 1442//1442 1417//1417
f 1417//1417 1442//1442 1418//1418
f 1418//1418 1442//1442 1419//1419
f 1419//1419 1442//1442 1420//1420
f 1420//1420 1442//1442 1421//1421
f 1421//1421 1442//1442 1422//1422
f 1422//1422 1442//1442 1423//1423
f 1423//1423 1442//1442 1424//1424
f 1424//1424 1442//1442 1425//1425
f 1425//1425 1442//1442 1426//1426
f 1426//1426 1442//1442 1427//1427
f 1427//1427 1442//1442 1428//1428
f 1428//1428 1442//1442 1429//1429
f 1429//1429 1442//1442 1430//1430
f 1430//1430 1442//1442 1431//1431
f 1431//1431 1442//1442 1432//1432
f 1432//1432 1442//1442 1433//1433
f 1433//1433 1442//1442 1434//1434
f 1434//1434 1442//1442 1435//1435
f 1435//1435 1442//1442 1436//1436
f 1436//1436 1442//1442 1437//1437
f 1437//1437 1442//1442 1438//1438
f 1438//1438 1442//1442 1439//1439
f 1439//1439 1442//1442 1440//1440
f 1440//1440 1442//1442 1441//1441
f 1441//1441 1442//1442 1412//1412
g part1
usemtl skin
v 0.00000 1.16000 0.00000
v 0.00000 1.16000 0.00000
v 0.00000 1.16000 0.00000
v 0.00000 1.16000 0.00000
v 0.00000 1.16000 0.00000
v 0.00000 1.16000 0.00000
v 0.00000 1.16000 0.00000
v 0.00000 1.16000 0.00000
v 0.00000 1.16000 0.00000
v 0.00000 1.16000 0.00000
v 0.00000 1.16000 0.00000
v 0.00000 1.16000 0.00000
v 0.00000 1.16000 0.00000
v 0.00000 1.16000 0.00000
v 0.00000 1.16000 0.00000
v 0.00000 1.16000 0.00000
v 0.00000 1.15511 0.03090
v 0.01774 1.15511 0.02855
v 0.03278 1.15511 0.02185
v 0.04282 1.15511 0.01183
v 0.04635 1.15511 0.00000
v 0.04282 1.15511 -0.01183
v 0.03278 1.15511 -0.02185
v 0.01774 1.15511 -0.02855
v 0.00000 1.15511 -0.03090
v -0.01774 1.15511 -0.02855
v -0.03278 1.15511 -0.02185
v -0.04282 1.15511 -0.01183
v -0.04635 1.15511 -0.00000
v -0.04282 1.15511 0.01183
v -0.03278 1.15511 0.02185
v -0.01774 1.15511 0.02855
v 0.00000 1.14090 0.05878
v 0.03374 1.14090 0.05430
v 0.06234 1.14090 0.04156
v 0.08146 1.14090 0.02249
v 0.08817 1.14090 0.00000
v 0.08146 1.14090 -0.02249
v 0.06234 1.14090 -0.04156
v 0.03374 1.14090 -0.05430
v 0.00000 1.14090 -0.05878
v -0.03374 1.14090 -0.05430
v -0.06234 1.14090 -0.04156
v -0.08146 1.14090 -0.02249
v -0.08817 1.14090 -0.00000
v -0.08146 1.14090 0.02249
v -0.06234 1.14090 0.04156
v -0.03374 1.14090 0.05430
v 0.00000 1.11878 0.08090
v 0.04644 1.11878 0.07474
v 0.08581 1.11878 0.05721
v 0.11212 1.11878 0.03096
v 0.12135 1.11878 0.00000
v 0.11212 1.11878 -0.03096
v 0.08581 1.11878 -0.05721
v 0.04644 1.11878 -0.07474
v 0.00000 1.11878 -0.08090
v -0.04644 1.11878 -0.07474
v -0.08581 1.11878 -0.05721
v -0.11212 1.11878 -0.03096
v -0.12135 1.11878 -0.00000
v -0.11212 1.11878 0.03096
v -0.08581 1.11878 0.05721
v -0.04644 1.11878 0.07474
v 0.00000 1.09090 0.09511
v 0.05459 1.09090 0.08787
v 0.10087 1.09090 0.06725
v 0.13180 1.09090 0.03640
v 0.14266 1.09090 0.00000
v 0.13180 1.09090 -0.03640
v 0.10087 1.09090 -0.06725
v 0.05459 1.09090 -0.08787
v 0.00000 1.09090 -0.09511
v -0.05459 1.09090 -0.08787
v -0.10087 1.09090 -0.06725
v -0.13180 1.09090 -0.03640
v -0.14266 1.09090 -0.00000
v -0.13180 1.09090 0.03640
v -0.10087 1.09090 0.06725
v -0.05459 1.09090 0.08787
v 0.00000 1.06000 0.10000
v 0.05740 1.06000 0.09239
v 0.10607 1.06000 0.07071
v 0.13858 1.06000 0.03827
v 0.15000 1.06000 0.00000
v 0.13858 1.06000 -0.03827
v 0.10607 1.06000 -0.07071
v 0.05740 1.06000 -0.09239
v 0.00000 1.06000 -0.10000
v -0.05740 1.06000 -0.09239
v -0.10607 1.06000 -0.07071
v -0.13858 1.06000 -0.03827
v -0.15000 1.06000 -0.00000
v -0.13858 1.06000 0.03827
v -0.10607 1.06000 0.07071
v -0.05740 1.06000 0.09239
v 0.00000 1.02910 0.09511
v 0.05459 1.02910 0.08787
v 0.10087 1.02910 0.06725
v 0.13180 1.02910 0.03640
v 0.14266 1.02910 0.00000
v 0.13180 1.02910 -0.03640
v 0.10087 1.02910 -0.06725
v 0.05459 1.02910 -0.08787
v 0.00000 1.02910 -0.09511
v -0.05459 1.02910 -0.08787
v -0.10087 1.02910 -0.06725
v -0.13180 1.02910 -0.03640
v -0.14266 1.02910 -0.00000
v -0.13180 1.02910 0.03640
v -0.10087 1.02910 0.06725
v -0.05459 1.02910 0.08787
v 0.00000 1.00122 0.08090
v 0.04644 1.00122 0.07474
v 0.08581 1.00122 0.05721
v 0.11212 1.00122 0.03096
v 0.12135 1.00122 0.00000
v 0.11212 1.00122 -0.03096
v 0.08581 1.00122 -0.05721
v 0.04644 1.00122 -0.07474
v 0.00000 1.00122 -0.08090
v -0.04644 1.00122 -0.07474
v -0.08581 1.00122 -0.05721
v -0.11212 1.00122 -0.03096
v -0.12135 1.00122 -0.00000
v -0.11212 1.00122 0.03096
v -0.08581 1.00122 0.05721
v -0.04644 1.00122 0.07474
v 0.00000 0.97910 0.05878
v 0.03374 0.97910 0.05430
v 0.06234 0.97910 0.04156
v 0.08146 0.97910 0.02249
v 0.08817 0.97910 0.00000
v 0.08146 0.97910 -0.02249
v 0.06234 0.97910 -0.04156
v 0.03374 0.97910 -0.05430
v 0.00000 0.97910 -0.05878
v -0.03374 0.97910 -0.05430
v -0.06234 0.97910 -0.04156
v -0.08146 0.97910 -0.02249
v -0.08817 0.97910 -0.00000
v -0.08146 0.97910 0.02249
v -0.06234 0.97910 0.04156
v -0.03374 0.97910 0.05430
v 0.00000 0.96489 0.03090
v 0.01774 0.96489 0.02855
v 0.03278 0.96489 0.02185
v 0.04282 0.96489 0.01183
v 0.04635 0.96489 0.00000
v 0.04282 0.96489 -0.01183
v 0.03278 0.96489 -0.02185
v 0.01774 0.96489 -0.02855
v 0.00000 0.96489 -0.03090
v -0.01774 0.96489 -0.02855
v -0.03278 0.96489 -0.02185
v -0.04282 0.96489 -0.01183
v -0.04635 0.96489 -0.00000
v -0.04282 0.96489 0.01183
v -0.03278 0.96489 0.02185
v -0.01774 0.96489 0.02855
v 0.00000 0.96000 0.00000
v 0.00000 0.96000 0.00000
v 0.00000 0.96000 0.00000
v 0.00000 0.96000 0.00000
v 0.00000 0.96000 0.00000
v 0.00000 0.96000 -0.00000
v 0.00000 0.96000 -0.00000
v 0.00000 0.96000 -0.00000
v 0.00000 0.96000 -0.00000
v -0.00000 0.96000 -0.00000
v -0.00000 0.96000 -0.00000
v -0.00000 0.96000 -0.00000
v -0.00000 0.96000 -0.00000
v -0.00000 0.96000 0.00000
v -0.00000 0.96000 0.00000
v -0.00000 0.96000 0.00000
vn 0.0000 1.0000 0.0000
vn 0.0000 1.0000 0.0000
vn 0.0000 1.0000 0.0000
vn 0.0000 1.0000 0.0000
vn 0.0000 1.0000 0.0000
vn 0.0000 1.0000 -0.0000
vn 0.0000 1.0000 -0.0000
vn 0.0000 1.0000 -0.0000
vn 0.0000 1.0000 -0.0000
vn -0.0000 1.0000 -0.0000
vn -0.0000 1.0000 -0.0000
vn -0.0000 1.0000 -0.0000
vn -0.0000 1.0000 -0.0000
vn -0.0000 1.0000 0.0000
vn -0.0000 1.0000 0.0000
vn -0.0000 1.0000 0.0000
vn 0.0000 0.9511 0.3090
vn 0.0791 0.9548 0.2866
vn 0.1476 0.9639 0.2215
vn 0.1948 0.9733 0.1210
vn 0.2117 0.9773 0.0000
vn 0.1948 0.9733 -0.1210
vn 0.1476 0.9639 -0.2215
vn 0.0791 0.9548 -0.2866
vn 0.0000 0.9511 -0.3090
vn -0.0791 0.9548 -0.2866
vn -0.1476 0.9639 -0.2215
vn -0.1948 0.9733 -0.1210
vn -0.2117 0.9773 -0.0000
vn -0.1948 0.9733 0.1210
vn -0.1476 0.9639 0.2215
vn -0.0791 0.9548 0.2866
vn 0.0000 0.8090 0.5878
vn 0.1521 0.8206 0.5508
vn 0.2914 0.8509 0.4371
vn 0.3959 0.8847 0.2460
vn 0.4359 0.9000 0.0000
vn 0.3959 0.8847 -0.2460
vn 0.2914 0.8509 -0.4371
vn 0.1521 0.8206 -0.5508
vn 0.0000 0.8090 -0.5878
vn -0.1521 0.8206 -0.5508
vn -0.2914 0.8509 -0.4371
vn -0.3959 0.8847 -0.2460
vn -0.4359 0.9000 -0.0000
vn -0.3959 0.8847 0.2460
vn -0.2914 0.8509 0.4371
vn -0.1521 0.8206 0.5508
vn 0.0000 0.5878 0.8090
vn 0.2121 0.6041 0.7682
vn 0.4216 0.6498 0.6324
vn 0.6000 0.7078 0.3728
vn 0.6761 0.7368 0.0000
vn 0.6000 0.7078 -0.3728
vn 0.4216 0.6498 -0.6324
vn 0.2121 0.6041 -0.7682
vn 0.0000 0.5878 -0.8090
vn -0.2121 0.6041 -0.7682
vn -0.4216 0.6498 -0.6324
vn -0.6000 0.7078 -0.3728
vn -0.6761 0.7368 -0.0000
vn -0.6000 0.7078 0.3728
vn -0.4216 0.6498 0.6324
vn -0.2121 0.6041 0.7682
vn 0.0000 0.3090 0.9511
vn 0.2521 0.3211 0.9129
vn 0.5181 0.3571 0.7772
vn 0.7751 0.4089 0.4816
vn 0.8989 0.4381 0.0000
vn 0.7751 0.4089 -0.4816
vn 0.5181 0.3571 -0.7772
vn 0.2521 0.3211 -0.9129
vn 0.0000 0.3090 -0.9511
vn -0.2521 0.3211 -0.9129
vn -0.5181 0.3571 -0.7772
vn -0.7751 0.4089 -0.4816
vn -0.8989 0.4381 -0.0000
vn -0.7751 0.4089 0.4816
vn -0.5181 0.3571 0.7772
vn -0.2521 0.3211 0.9129
vn 0.0000 0.0000 1.0000
vn 0.2662 0.0000 0.9639
vn 0.5547 0.0000 0.8321
vn 0.8494 0.0000 0.5277
vn 1.0000 0.0000 0.0000
vn 0.8494 0.0000 -0.5277
vn 0.5547 0.0000 -0.8321
vn 0.2662 0.0000 -0.9639
vn 0.0000 0.0000 -1.0000
vn -0.2662 0.0000 -0.9639
vn -0.5547 0.0000 -0.8321
vn -0.8494 0.0000 -0.5277
vn -1.0000 0.0000 -0.0000
vn -0.8494 0.0000 0.5277
vn -0.5547 0.0000 0.8321
vn -0.2662 0.0000 0.9639
vn 0.0000 -0.3090 0.9511
vn 0.2521 -0.3211 0.9129
vn 0.5181 -0.3571 0.7772
vn 0.7751 -0.4089 0.4816
vn 0.8989 -0.4381 0.0000
vn 0.7751 -0.4089 -0.4816
vn 0.5181 -0.3571 -0.7772
vn 0.2521 -0.3211 -0.9129
vn 0.0000 -0.3090 -0.9511
vn -0.2521 -0.3211 -0.9129
vn -0.5181 -0.3571 -0.7772
vn -0.7751 -0.4089 -0.4816
vn -0.8989 -0.4381 -0.0000
vn -0.7751 -0.4089 0.4816
vn -0.5181 -0.3571 0.7772
vn -0.2521 -0.3211 0.9129
vn 0.0000 -0.5878 0.8090
vn 0.2121 -0.6041 0.7682
vn 0.4216 -0.6498 0.6324
vn 0.6000 -0.7078 0.3728
vn 0.6761 -0.7368 0.0000
vn 0.6000 -0.7078 -0.3728
vn 0.4216 -0.6498 -0.6324
vn 0.2121 -0.6041 -0.7682
vn 0.0000 -0.5878 -0.8090
vn -0.2121 -0.6041 -0.7682
vn -0.4216 -0.6498 -0.6324
vn -0.6000 -0.7078 -0.3728
vn -0.6761 -0.7368 -0.0000
vn -0.6000 -0.7078 0.3728
vn -0.4216 -0.6498 0.6324
vn -0.2121 -0.6041 0.7682
vn 0.0000 -0.8090 0.5878
vn 0.1521 -0.8206 0.5508
vn 0.2914 -0.8509 0.4371
vn 0.3959 -0.8847 0.2460
vn 0.4359 -0.9000 0.0000
vn 0.3959 -0.8847 -0.2460
vn 0.2914 -0.8509 -0.4371
vn 0.1521 -0.8206 -0.5508
vn 0.0000 -0.8090 -0.5878
vn -0.1521 -0.8206 -0.5508
vn -0.2914 -0.8509 -0.4371
vn -0.3959 -0.8847 -0.2460
vn -0.4359 -0.9000 -0.0000
vn -0.3959 -0.8847 0.2460
vn -0.2914 -0.8509 0.4371
vn -0.1521 -0.8206 0.5508
vn 0.0000 -0.9511 0.3090
vn 0.0791 -0.9548 0.2866
vn 0.1476 -0.9639 0.2215
vn 0.1948 -0.9733 0.1210
vn 0.2117 -0.9773 0.0000
vn 0.1948 -0.9733 -0.1210
vn 0.1476 -0.9639 -0.2215
vn 0.0791 -0.9548 -0.2866
vn 0.0000 -0.9511 -0.3090
vn -0.0791 -0.9548 -0.2866
vn -0.1476 -0.9639 -0.2215
vn -0.1948 -0.9733 -0.1210
vn -0.2117 -0.9773 -0.0000
vn -0.1948 -0.9733 0.1210
vn -0.1476 -0.9639 0.2215
vn -0.0791 -0.9548 0.2866
vn 0.0000 -1.0000 0.0000
vn 0.0000 -1.0000 0.0000
vn 0.0000 -1.0000 0.0000
vn 0.0000 -1.0000 0.0000
vn 0.0000 -1.0000 0.0000
vn 0.0000 -1.0000 -0.0000
vn 0.0000 -1.0000 -0.0000
vn 0.0000 -1.0000 -0.0000
vn 0.0000 -1.0000 -0.0000
vn -0.0000 -1.0000 -0.0000
vn -0.0000 -1.0000 -0.0000
vn -0.0000 -1.0000 -0.0000
vn -0.0000 -1.0000 -0.0000
vn -0.0000 -1.0000 0.0000
vn -0.0000 -1.0000 0.0000
vn -0.0000 -1.0000 0.0000
f 1459//1459 1460//1460 1444//1444 1443//1443
f 1460//1460 1461//1461 1445//1445 1444//1444
f 1461//1461 1462//1462 1446//1446 1445//1445
f 1462//1462 1463//1463 1447//1447 1446//1446
f 1463//1463 1464//1464 1448//1448 1447//1447
f 1464//1464 1465//1465 1449//1449 1448//1448
f 1465//1465 1466//1466 1450//1450 1449//1449
f 1466//1466 1467//1467 1451//1451 1450//1450
f 1467//1467 1468//1468 1452//1452 1451//1451
f 1468//1468 1469//1469 1453//1453 1452//1452
f 1469//1469 1470//1470 1454//1454 1453//1453
f 1470//1470 1471//1471 1455//1455 1454//1454
f 1471//1471 1472//1472 1456//1456 1455//1455
f 1472//1472 1473//1473 1457//1457 1456//1456
f 1473//1473 1474//1474 1458//1458 1457//1457
f 1474//1474 1459//1459 1443//1443 1458//1458
f 1475//1475 1476//1476 1460//1460 1459//1459
f 1476//1476 1477//1477 1461//1461 1460//1460
f 1477//1477 1478//1478 1462//1462 1461//1461
f 1478//1478 1479//1479 1463//1463 1462//1462
f 1479//1479 1480//1480 1464//1464 1463//1463
f 1480//1480 1481//1481 1465//1465 1464//1464
f 1481//1481 1482//1482 1466//1466 1465//1465
f 1482//1482 1483//1483 1467//1467 1466//1466
f 1483//1483 1484//1484 1468//1468 1467//1467
f 1484//1484 1485//1485 1469//1469 1468//1468
f 1485//1485 1486//1486 1470//1470 1469//1469
f 1486//1486 1487//1487 1471//1471 1470//1470
f 1487//1487 1488//1488 1472//1472 1471//1471
f 1488//1488 1489//1489 1473//1473 1472//1472
f 1489//1489 1490//1490 1474//1474 1473//1473
f 1490//1490 1475//1475 1459//1459 1474//1474
f 1491//1491 1492//1492 1476//1476 1475//1475
f 1492//1492 1493//1493 1477//1477 1476//1476
f 1493//1493 1494//1494 1478//1478 1477//1477
f 1494//1494 1495//1495 1479//1479 1478//1478
f 1495//1495 1496//1496 1480//1480 1479//1479
f 1496//1496 1497//1497 1481//1481 1480//1480
f 1497//1497 1498//1498 1482//1482 1481//1481
f 1498//1498 1499//1499 1483//1483 1482//1482
f 1499//1499 1500//1500 1484//1484 1483//1483
f 1500//1500 1501//1501 1485//1485 1484//1484
f 1501//1501 1502//1502 1486//1486 1485//1485
f 1502//1502 1503//1503 1487//1487 1486//1486
f 1503//1503 1504//1504 1488//1488 1487//1487
f 1504//1504 1505//1505 1489//1489 1488//1488
f 1505//1505 1506//1506 1490//1490 1489//1489
f 1506//1506 1491//1491 1475//1475 1490//1490
f 1507//1507 1508//1508 1492//1492 1491//1491
f 1508//1508 1509//1509 1493//1493 1492//1492
f 1509//1509 1510//1510 1494//1494 1493//1493
f 1510//1510 1511//1511 1495//1495 1494//1494
f 1511//1511 1512//1512 1496//1496 1495//1495
f 1512//1512 1513//1513 1497//1497 1496//1496
f 1513//1513 1514//1514 1498//1498 1497//1497
f 1514//1514 1515//1515 1499//1499 1498//1498
f 1515//1515 1516//1516 1500//1500 1499//1499
f 1516//1516 1517//1517 1501//1501 1500//1500
f 1517//1517 1518//1518 1502//1502 1501//1501
f 1518//1518 1519//1519 1503//1503 1502//1502
f 1519//1519 1520//1520 1504//1504 1503//1503
f 1520//1520 1521//1521 1505//1505 1504//1504
f 1521//1521 1522//1522 1506//1506 1505//1505
f 1522//1522 1507//1507 1491//1491 1506//1506
f 1523//1523 1524//1524 1508//1508 1507//1507
f 1524//1524 1525//1525 1509//1509 1508//1508
f 1525//1525 1526//1526 1510//1510 1509//1509
f 1526//1526 1527//1527 1511//1511 1510//1510
f 1527//1527 1528//1528 1512//1512 1511//1511
f 1528//1528 1529//1529 1513//1513 1512//1512
f 1529//1529 1530//1530 1514//1514 1513//1513
f 1530//1530 1531//1531 1515//1515 1514//1514
f 1531//1531 1532//1532 1516//1516 1515//1515
f 1532//1532 1533//1533 1517//1517 1516//1516
f 1533//1533 1534//1534 1518//1518 1517//1517
f 1534//1534 1535//1535 1519//1519 1518//1518
f 1535//1535 1536//1536 1520//1520 1519//1519
f 1536//1536 1537//1537 1521//1521 1520//1520
f 1537//1537 1538//1538 1522//1522 1521//1521
f 1538//1538 1523//1523 1507//1507 1522//1522
f 1539//1539 1540//1540 1524//1524 1523//1523
f 1540//1540 1541//1541 1525//1525 1524//1524
f 1541//1541 1542//1542 1526//1526 1525//1525
f 1542//1542 1543//1543 1527//1527 1526//1526
f 1543//1543 1544//1544 1528//1528 1527//1527
f 1544//1544 1545//1545 1529//1529 1528//1528
f 1545//1545 1546//1546 1530//1530 1529//1529
f 1546//1546 1547//1547 1531//1531 1530//1530
f 1547//1547 1548//1548 1532//1532 1531//1531
f 1548//1548 1549//1549 1533//1533 1532//1532
f 1549//1549 1550//1550 1534//1534 1533//1533
f 1550//1550 1551//1551 1535//1535 1534//1534
f 1551//1551 1552//1552 1536//1536 1535//1535
f 1552//1552 1553//1553 1537//1537 1536//1536
f 1553//1553 1554//1554 1538//1538 1537//1537
f 1554//1554 1539//1539 1523//1523 1538//1538
f 1555//1555 1556//1556 1540//1540 1539//1539
f 1556//1556 1557//1557 1541//1541 1540//1540
f 1557//1557 1558//1558 1542//1542 1541//1541
f 1558//1558 1559//1559 1543//1543 1542//1542
f 1559//1559 1560//1560 1544//1544 1543//1543
f 1560//1560 1561//1561 1545//1545 1544//1544
f 1561//1561 1562//1562 1546//1546 1545//1545
f 1562//1562 1563//1563 1547//1547 1546//1546
f 1563//1563 1564//1564 1548//1548 1547//1547
f 1564//1564 1565//1565 1549//1549 1548//1548
f 1565//1565 1566//1566 1550//1550 1549//1549
f 1566//1566 1567//1567 1551//1551 1550//1550
f 1567//1567 1568//1568 1552//1552 1551//1551
f 1568//1568 1569//1569 1553//1553 1552//1552
f 1569//1569 1570//1570 1554//1554 1553//1553
f 1570//1570 1555//1555 1539//1539 1554//1554
f 1571//1571 1572//1572 1556//1556 1555//1555
f 1572//1572 1573//1573 1557//1557 1556//1556
f 1573//1573 1574//1574 1558//1558 1557//1557
f 1574//1574 1575//1575 1559//1559 1558//1558
f 1575//1575 1576//1576 1560//1560 1559//1559
f 1576//1576 1577//1577 1561//1561 1560//1560
f 1577//1577 1578//1578 1562//1562 1561//1561
f 1578//1578 1579//1579 1563//1563 1562//1562
f 1579//1579 1580//1580 1564//1564 1563//1563
f 1580//1580 1581//1581 1565//1565 1564//1564
f 1581//1581 1582//1582 1566//1566 1565//1565
f 1582//1582 1583//1583 1567//1567 1566//1566
f 1583//1583 1584//1584 1568//1568 1567//1567
f 1584//1584 1585//1585 1569//1569 1568//1568
f 1585//1585 1586//1586 1570//1570 1569//1569
f 1586//1586 1571//1571 1555//1555 1570//1570
f 1587//1587 1588//1588 1572//1572 1571//1571
f 1588//1588 1589//1589 1573//1573 1572//1572
f 1589//1589 1590//1590 1574//1574 1573//1573
f 1590//1590 1591//1591 1575//1575 1574//1574
f 1591//1591 1592//1592 1576//1576 1575//1575
f 1592//1592 1593//1593 1577//1577 1576//1576
f 1593//1593 1594//1594 1578//1578 1577//1577
f 1594//1594 1595//1595 1579//1579 1578//1578
f 1595//1595 1596//1596 1580//1580 1579//1579
f 1596//1596 1597//1597 1581//1581 1580//1580
f 1597//1597 1598//1598 1582//1582 1581//1581
f 1598//1598 1599//1599 1583//1583 1582//1582
f 1599//1599 1600//1600 1584//1584 1583//1583
f 1600//1600 1601//1601 1585//1585 1584//1584
f 1601//1601 1602//1602 1586//1586 1585//1585
f 1602//1602 1587//1587 1571//1571 1586//1586
f 1603//1603 1604//1604 1588//1588 1587//1587
f 1604//1604 1605//1605 1589//1589 1588//1588
f 1605//1605 1606//1606 1590//1590 1589//1589
f 1606//1606 1607//1607 1591//1591 1590//1590
f 1607//1607 1608//1608 1592//1592 1591//1591
f 1608//1608 1609//1609 1593//1593 1592//1592
f 1609//1609 1610//1610 1594//1594 1593//1593
f 1610//1610 1611//1611 1595//1595 1594//1594
f 1611//1611 1612//1612 1596//1596 1595//1595
f 1612//1612 1613//1613 1597//1597 1596//1596
f 1613//1613 1614//1614 1598//1598 1597//1597
f 1614//1614 1615//1615 1599//1599 1598//1598
f 1615//1615 1616//1616 1600//1600 1599//1599
f 1616//1616 1617//1617 1601//1601 1600//1600
f 1617//1617 1618//1618 1602//1602 1601//1601
f 1618//1618 1603//1603 1587//1587 1602//1602
g part2
usemtl skin
v -0.12500 1.18200 0.01000
v -0.12500 1.18200 0.01000
v -0.12500 1.18200 0.01000
v -0.12500 1.18200 0.01000
v -0.12500 1.18200 0.01000
v -0.12500 1.18200 0.01000
v -0.12500 1.18200 0.01000
v -0.12500 1.18200 0.01000
v -0.12500 1.18200 0.01000
v -0.12500 1.18200 0.01000
v -0.12500 1.18200 0.01000
v -0.12500 1.18200 0.01000
v -0.12500 1.18200 0.01000
v -0.12500 1.18200 0.01000
v -0.12500 1.18200 0.01000
v -0.12500 1.18200 0.01000
v -0.12500 1.17945 0.03009
v -0.11790 1.17945 0.02856
v -0.11189 1.17945 0.02420
v -0.10787 1.17945 0.01769
v -0.10646 1.17945 0.01000
v -0.10787 1.17945 0.00231
v -0.11189 1.17945 -0.00420
v -0.11790 1.17945 -0.00856
v -0.12500 1.17945 -0.01009
v -0.13210 1.17945 -0.00856
v -0.13811 1.17945 -0.00420
v -0.14213 1.17945 0.00231
v -0.14354 1.17945 0.01000
v -0.14213 1.17945 0.01769
v -0.13811 1.17945 0.02420
v -0.13210 1.17945 0.02856
v -0.12500 1.17207 0.04821
v -0.11150 1.17207 0.04530
v -0.10006 1.17207 0.03702
v -0.09242 1.17207 0.02462
v -0.08973 1.17207 0.01000
v -0.09242 1.17207 -0.00462
v -0.10006 1.17207 -0.01702
v -0.11150 1.17207 -0.02530
v -0.12500 1.17207 -0.02821
v -0.13850 1.17207 -0.02530
v -0.14994 1.17207 -0.01702
v -0.15758 1.17207 -0.00462
v -0.16027 1.17207 0.01000
v -0.15758 1.17207 0.02462
v -0.14994 1.17207 0.03702
v -0.13850 1.17207 0.04530
v -0.12500 1.16056 0.06259
v -0.10642 1.16056 0.05858
v -0.09068 1.16056 0.04718
v -0.08015 1.16056 0.03012
v -0.07646 1.16056 0.01000
v -0.08015 1.16056 -0.01012
v -0.09068 1.16056 -0.02718
v -0.10642 1.16056 -0.03858
v -0.12500 1.16056 -0.04259
v -0.14358 1.16056 -0.03858
v -0.15932 1.16056 -0.02718
v -0.16985 1.16056 -0.01012
v -0.17354 1.16056 0.01000
v -0.16985 1.16056 0.03012
v -0.15932 1.16056 0.04718
v -0.14358 1.16056 0.05858
v -0.12500 1.14607 0.07182
v -0.10316 1.14607 0.06711
v -0.08465 1.14607 0.05371
v -0.07228 1.14607 0.03366
v -0.06794 1.14607 0.01000
v -0.07228 1.14607 -0.01366
v -0.08465 1.14607 -0.03371
v -0.10316 1.14607 -0.04711
v -0.12500 1.14607 -0.05182
v -0.14684 1.14607 -0.04711
v -0.16535 1.14607 -0.03371
v -0.17772 1.14607 -0.01366
v -0.18206 1.14607 0.01000
v -0.17772 1.14607 0.03366
v -0.16535 1.14607 0.05371
v -0.14684 1.14607 0.06711
v -0.12500 1.13000 0.07500
v -0.10204 1.13000 0.07005
v -0.08257 1.13000 0.05596
v -0.06957 1.13000 0.03487
v -0.06500 1.13000 0.01000
v -0.06957 1.13000 -0.01487
v -0.08257 1.13000 -0.03596
v -0.10204 1.13000 -0.05005
v -0.12500 1.13000 -0.05500
v -0.14796 1.13000 -0.05005
v -0.16743 1.13000 -0.03596
v -0.18043 1.13000 -0.01487
v -0.18500 1.13000 0.01000
v -0.18043 1.13000 0.03487
v -0.16743 1.13000 0.05596
v -0.14796 1.13000 0.07005
v -0.12500 1.11393 0.07182
v -0.10316 1.11393 0.06711
v -0.08465 1.11393 0.05371
v -0.07228 1.11393 0.03366
v -0.06794 1.11393 0.01000
v -0.07228 1.11393 -0.01366
v -0.08465 1.11393 -0.03371
v -0.10316 1.11393 -0.04711
v -0.12500 1.11393 -0.05182
v -0.14684 1.11393 -0.04711
v -0.16535 1.11393 -0.03371
v -0.17772 1.11393 -0.01366
v -0.18206 1.11393 0.01000
v -0.17772 1.11393 0.03366
v -0.16535 1.11393 0.05371
v -0.14684 1.11393 0.06711
v -0.12500 1.09944 0.06259
v -0.10642 1.09944 0.05858
v -0.09068 1.09944 0.04718
v -0.08015 1.09944 0.03012
v -0.07646 1.09944 0.01000
v -0.08015 1.09944 -0.01012
v -0.09068 1.09944 -0.02718
v -0.10642 1.09944 -0.03858
v -0.12500 1.09944 -0.04259
v -0.14358 1.09944 -0.03858
v -0.15932 1.09944 -0.02718
v -0.16985 1.09944 -0.01012
v -0.17354 1.09944 0.01000
v -0.16985 1.09944 0.03012
v -0.15932 1.09944 0.04718
v -0.14358 1.09944 0.05858
v -0.12500 1.08793 0.04821
v -0.11150 1.08793 0.04530
v -0.10006 1.08793 0.03702
v -0.09242 1.08793 0.02462
v -0.08973 1.08793 0.01000
v -0.09242 1.08793 -0.00462
v -0.10006 1.08793 -0.01702
v -0.11150 1.08793 -0.02530
v -0.12500 1.08793 -0.02821
v -0.13850 1.08793 -0.02530
v -0.14994 1.08793 -0.01702
v -0.15758 1.08793 -0.00462
v -0.16027 1.08793 0.01000
v -0.15758 1.08793 0.02462
v -0.14994 1.08793 0.03702
v -0.13850 1.08793 0.04530
v -0.12500 1.08055 0.03009
v -0.11790 1.08055 0.02856
v -0.11189 1.08055 0.02420
v -0.10787 1.08055 0.01769
v -0.10646 1.08055 0.01000
v -0.10787 1.08055 0.00231
v -0.11189 1.08055 -0.00420
v -0.11790 1.08055 -0.00856
v -0.12500 1.08055 -0.01009
v -0.13210 1.08055 -0.00856
v -0.13811 1.08055 -0.00420
v -0.14213 1.08055 0.00231
v -0.14354 1.08055 0.01000
v -0.14213 1.08055 0.01769
v -0.13811 1.08055 0.02420
v -0.13210 1.08055 0.02856
v -0.12500 1.07800 0.01000
v -0.12500 1.07800 0.01000
v -0.12500 1.07800 0.01000
v -0.12500 1.07800 0.01000
v -0.12500 1.07800 0.01000
v -0.12500 1.07800 0.01000
v -0.12500 1.07800 0.01000
v -0.12500 1.07800 0.01000
v -0.12500 1.07800 0.01000
v -0.12500 1.07800 0.01000
v -0.12500 1.07800 0.01000
v -0.12500 1.07800 0.01000
v -0.12500 1.07800 0.01000
v -0.12500 1.07800 0.01000
v -0.12500 1.07800 0.01000
v -0.12500 1.07800 0.01000
vn 0.0000 1.0000 0.0000
vn 0.0000 1.0000 0.0000
vn 0.0000 1.0000 0.0000
vn 0.0000 1.0000 0.0000
vn 0.0000 1.0000 0.0000
vn 0.0000 1.0000 -0.0000
vn 0.0000 1.0000 -0.0000
vn 0.0000 1.0000 -0.0000
vn 0.0000 1.0000 -0.0000
vn -0.0000 1.0000 -0.0000
vn -0.0000 1.0000 -0.0000
vn -0.0000 1.0000 -0.0000
vn -0.0000 1.0000 -0.0000
vn -0.0000 1.0000 0.0000
vn -0.0000 1.0000 0.0000
vn -0.0000 1.0000 0.0000
vn 0.0000 0.9678 0.2516
vn 0.1042 0.9671 0.2322
vn 0.1922 0.9652 0.1774
vn 0.2506 0.9633 0.0958
vn 0.2711 0.9626 0.0000
vn 0.2506 0.9633 -0.0958
vn 0.1922 0.9652 -0.1774
vn 0.1042 0.9671 -0.2322
vn 0.0000 0.9678 -0.2516
vn -0.1042 0.9671 -0.2322
vn -0.1922 0.9652 -0.1774
vn -0.2506 0.9633 -0.0958
vn -0.2711 0.9626 -0.0000
vn -0.2506 0.9633 0.0958
vn -0.1922 0.9652 0.1774
vn -0.1042 0.9671 0.2322
vn 0.0000 0.8646 0.5025
vn 0.2077 0.8618 0.4628
vn 0.3808 0.8552 0.3515
vn 0.4938 0.8488 0.1888
vn 0.5328 0.8462 0.0000
vn 0.4938 0.8488 -0.1888
vn 0.3808 0.8552 -0.3515
vn 0.2077 0.8618 -0.4628
vn 0.0000 0.8646 -0.5025
vn -0.2077 0.8618 -0.4628
vn -0.3808 0.8552 -0.3515
vn -0.4938 0.8488 -0.1888
vn -0.5328 0.8462 -0.0000
vn -0.4938 0.8488 0.1888
vn -0.3808 0.8552 0.3515
vn -0.2077 0.8618 0.4628
vn 0.0000 0.6723 0.7403
vn 0.3048 0.6677 0.6792
vn 0.5541 0.6569 0.5114
vn 0.7126 0.6466 0.2724
vn 0.7663 0.6424 0.0000
vn 0.7126 0.6466 -0.2724
vn 0.5541 0.6569 -0.5114
vn 0.3048 0.6677 -0.6792
vn 0.0000 0.6723 -0.7403
vn -0.3048 0.6677 -0.6792
vn -0.5541 0.6569 -0.5114
vn -0.7126 0.6466 -0.2724
vn -0.7663 0.6424 -0.0000
vn -0.7126 0.6466 0.2724
vn -0.5541 0.6569 0.5114
vn -0.3048 0.6677 0.6792
vn 0.0000 0.3763 0.9265
vn 0.3800 0.3723 0.8468
vn 0.6847 0.3630 0.6320
vn 0.8734 0.3544 0.3340
vn 0.9364 0.3510 0.0000
vn 0.8734 0.3544 -0.3340
vn 0.6847 0.3630 -0.6320
vn 0.3800 0.3723 -0.8468
vn 0.0000 0.3763 -0.9265
vn -0.3800 0.3723 -0.8468
vn -0.6847 0.3630 -0.6320
vn -0.8734 0.3544 -0.3340
vn -0.9364 0.3510 -0.0000
vn -0.8734 0.3544 0.3340
vn -0.6847 0.3630 0.6320
vn -0.3800 0.3723 0.8468
vn 0.0000 0.0000 1.0000
vn 0.4094 0.0000 0.9124
vn 0.7348 0.0000 0.6783
vn 0.9341 0.0000 0.3571
vn 1.0000 0.0000 0.0000
vn 0.9341 0.0000 -0.3571
vn 0.7348 0.0000 -0.6783
vn 0.4094 0.0000 -0.9124
vn 0.0000 0.0000 -1.0000
vn -0.4094 0.0000 -0.9124
vn -0.7348 0.0000 -0.6783
vn -0.9341 0.0000 -0.3571
vn -1.0000 0.0000 -0.0000
vn -0.9341 0.0000 0.3571
vn -0.7348 0.0000 0.6783
vn -0.4094 0.0000 0.9124
vn 0.0000 -0.3763 0.9265
vn 0.3800 -0.3723 0.8468
vn 0.6847 -0.3630 0.6320
vn 0.8734 -0.3544 0.3340
vn 0.9364 -0.3510 0.0000
vn 0.8734 -0.3544 -0.3340
vn 0.6847 -0.3630 -0.6320
vn 0.3800 -0.3723 -0.8468
vn 0.0000 -0.3763 -0.9265
vn -0.3800 -0.3723 -0.8468
vn -0.6847 -0.3630 -0.6320
vn -0.8734 -0.3544 -0.3340
vn -0.9364 -0.3510 -0.0000
vn -0.8734 -0.3544 0.3340
vn -0.6847 -0.3630 0.6320
vn -0.3800 -0.3723 0.8468
vn 0.0000 -0.6723 0.7403
vn 0.3048 -0.6677 0.6792
vn 0.5541 -0.6569 0.5114
vn 0.7126 -0.6466 0.2724
vn 0.7663 -0.6424 0.0000
vn 0.7126 -0.6466 -0.2724
vn 0.5541 -0.6569 -0.5114
vn 0.3048 -0.6677 -0.6792
vn 0.0000 -0.6723 -0.7403
vn -0.3048 -0.6677 -0.6792
vn -0.5541 -0.6569 -0.5114
vn -0.7126 -0.6466 -0.2724
vn -0.7663 -0.6424 -0.0000
vn -0.7126 -0.6466 0.2724
vn -0.5541 -0.6569 0.5114
vn -0.3048 -0.6677 0.6792
vn 0.0000 -0.8646 0.5025
vn 0.2077 -0.8618 0.4628
vn 0.3808 -0.8552 0.3515
vn 0.4938 -0.8488 0.1888
vn 0.5328 -0.8462 0.0000
vn 0.4938 -0.8488 -0.1888
vn 0.3808 -0.8552 -0.3515
vn 0.2077 -0.8618 -0.4628
vn 0.0000 -0.8646 -0.5025
vn -0.2077 -0.8618 -0.4628
vn -0.3808 -0.8552 -0.3515
vn -0.4938 -0.8488 -0.1888
vn -0.5328 -0.8462 -0.0000
vn -0.4938 -0.8488 0.1888
vn -0.3808 -0.8552 0.3515
vn -0.2077 -0.8618 0.4628
vn 0.0000 -0.9678 0.2516
vn 0.1042 -0.9671 0.2322
vn 0.1922 -0.9652 0.1774
vn 0.2506 -0.9633 0.0958
vn 0.2711 -0.9626 0.0000
vn 0.2506 -0.9633 -0.0958
vn 0.1922 -0.9652 -0.1774
vn 0.1042 -0.9671 -0.2322
vn 0.0000 -0.9678 -0.2516
vn -0.1042 -0.9671 -0.2322
vn -0.1922 -0.9652 -0.1774
vn -0.2506 -0.9633 -0.0958
vn -0.2711 -0.9626 -0.0000
vn -0.2506 -0.9633 0.0958
vn -0.1922 -0.9652 0.1774
vn -0.1042 -0.9671 0.2322
vn 0.0000 -1.0000 0.0000
vn 0.0000 -1.0000 0.0000
vn 0.0000 -1.0000 0.0000
vn 0.0000 -1.0000 0.0000
vn 0.0000 -1.0000 0.0000
vn 0.0000 -1.0000 -0.0000
vn 0.0000 -1.0000 -0.0000
vn 0.0000 -1.0000 -0.0000
vn 0.0000 -1.0000 -0.0000
vn -0.0000 -1.0000 -0.0000
vn -0.0000 -1.0000 -0.0000
vn -0.0000 -1.0000 -0.0000
vn -0.0000 -1.0000 -0.0000
vn -0.0000 -1.0000 0.0000
vn -0.0000 -1.0000 0.0000
vn -0.0000 -1.0000 0.0000
f 1635//1635 1636//1636 1620//1620 1619//1619
f 1636//1636 1637//1637 1621//1621 1620//1620
f 1637//1637 1638//1638 1622//1622 1621//1621
f 1638//1638 1639//1639 1623//1623 1622//1622
f 1639//1639 1640//1640 1624//1624 1623//1623
f 1640//1640 1641//1641 1625//1625 1624//1624
f 1641//1641 1642//1642 1626//1626 1625//1625
f 1642//1642 1643//1643 1627//1627 1626//1626
f 1643//1643 1644//1644 1628//1628 1627//1627
f 1644//1644 1645//1645 1629//1629 1628//1628
f 1645//1645 1646//1646 1630//1630 1629//1629
f 1646//1646 1647//1647 1631//1631 1630//1630
f 1647//1647 1648//1648 1632//1632 1631//1631
f 1648//1648 1649//1649 1633//1633 1632//1632
f 1649//1649 1650//1650 1634//1634 1633//1633
f 1650//1650 1635//1635 1619//1619 1634//1634
f 1651//1651 1652//1652 1636//1636 1635//1635
f 1652//1652 1653//1653 1637//1637 1636//1636
f 1653//1653 1654//1654 1638//1638 1637//1637
f 1654//1654 1655//1655 1639//1639 1638//1638
f 1655//1655 1656//1656 1640//1640 1639//1639
f 1656//1656 1657//1657 1641//1641 1640//1640
f 1657//1657 1658//1658 1642//1642 1641//1641
f 1658//1658 1659//1659 1643//1643 1642//1642
f 1659//1659 1660//1660 1644//1644 1643//1643
f 1660//1660 1661//1661 1645//1645 1644//1644
f 1661//1661 1662//1662 1646//1646 1645//1645
f 1662//1662 1663//1663 1647//1647 1646//1646
f 1663//1663 1664//1664 1648//1648 1647//1647
f 1664//1664 1665//1665 1649//1649 1648//1648
f 1665//1665 1666//1666 1650//1650 1649//1649
f 1666//1666 1651//1651 1635//1635 1650//1650
f 1667//1667 1668//1668 1652//1652 1651//1651
f 1668//1668 1669//1669 1653//1653 1652//1652
f 1669//1669 1670//1670 1654//1654 1653//1653
f 1670//1670 1671//1671 1655//1655 1654//1654
f 1671//1671 1672//1672 1656//1656 1655//1655
f 1672//1672 1673//1673 1657//1657 1656//1656
f 1673//1673 1674//1674 1658//1658 1657//1657
f 1674//1674 1675//1675 1659//1659 1658//1658
f 1675//1675 1676//1676 1660//1660 1659//1659
f 1676//1676 1677//1677 1661//1661 1660//1660
f 1677//1677 1678//1678 1662//1662 1661//1661
f 1678//1678 1679//1679 1663//1663 1662//1662
f 1679//1679 1680//1680 1664//1664 1663//1663
f 1680//1680 1681//1681 1665//1665 1664//1664
f 1681//1681 1682//1682 1666//1666 1665//1665
f 1682//1682 1667//1667 1651//1651 1666//1666
f 1683//1683 1684//1684 1668//1668 1667//1667
f 1684//1684 1685//1685 1669//1669 1668//1668
f 1685//1685 1686//1686 1670//1670 1669//1669
f 1686//1686 1687//1687 1671//1671 1670//1670
f 1687//1687 1688//1688 1672//1672 1671//1671
f 1688//1688 1689//1689 1673//1673 1672//1672
f 1689//1689 1690//1690 1674//1674 1673//1673
f 1690//1690 1691//1691 1675//1675 1674//1674
f 1691//1691 1692//1692 1676//1676 1675//1675
f 1692//1692 1693//1693 1677//1677 1676//1676
f 1693//1693 1694//1694 1678//1678 1677//1677
f 1694//1694 1695//1695 1679//1679 1678//1678
f 1695//1695 1696//1696 1680//1680 1679//1679
f 1696//1696 1697//1697 1681//1681 1680//1680
f 1697//1697 1698//1698 1682//1682 1681//1681
f 1698//1698 1683//1683 1667//1667 1682//1682
f 1699//1699 1700//1700 1684//1684 1683//1683
f 1700//1700 1701//1701 1685//1685 1684//1684
f 1701//1701 1702//1702 1686//1686 1685//1685
f 1702//1702 1703//1703 1687//1687 1686//1686
f 1703//1703 1704//1704 1688//1688 1687//1687
f 1704//1704 1705//1705 1689//1689 1688//1688
f 1705//1705 1706//1706 1690//1690 1689//1689
f 1706//1706 1707//1707 1691//1691 1690//1690
f 1707//1707 1708//1708 1692//1692 1691//1691
f 1708//1708 1709//1709 1693//1693 1692//1692
f 1709//1709 1710//1710 1694//1694 1693//1693
f 1710//1710 1711//1711 1695//1695 1694//1694
f 1711//1711 1712//1712 1696//1696 1695//1695
f 1712//1712 1713//1713 1697//1697 1696//1696
f 1713//1713 1714//1714 1698//1698 1697//1697
f 1714//1714 1699//1699 1683//1683 1698//1698
f 1715//1715 1716//1716 1700//1700 1699//1699
f 1716//1716 1717//1717 1701//1701 1700//1700
f 1717//1717 1718//1718 1702//1702 1701//1701
f 1718//1718 1719//1719 1703//1703 1702//1702
f 1719//1719 1720//1720 1704//1704 1703//1703
f 1720//1720 1721//1721 1705//1705 1704//1704
f 1721//1721 1722//1722 1706//1706 1705//1705
f 1722//1722 1723//1723 1707//1707 1706//1706
f 1723//1723 1724//1724 1708//1708 1707//1707
f 1724//1724 1725//1725 1709//1709 1708//1708
f 1725//1725 1726//1726 1710//1710 1709//1709
f 1726//1726 1727//1727 1711//1711 1710//1710
f 1727//1727 1728//1728 1712//1712 1711//1711
f 1728//1728 1729//1729 1713//1713 1712//1712
f 1729//1729 1730//1730 1714//1714 1713//1713
f 1730//1730 1715//1715 1699//1699 1714//1714
f 1731//1731 1732//1732 1716//1716 1715//1715
f 1732//1732 1733//1733 1717//1717 1716//1716
f 1733//1733 1734//1734 1718//1718 1717//1717
f 1734//1734 1735//1735 1719//1719 1718//1718
f 1735//1735 1736//1736 1720//1720 1719//1719
f 1736//1736 1737//1737 1721//1721 1720//1720
f 1737//1737 1738//1738 1722//1722 1721//1721
f 1738//1738 1739//1739 1723//1723 1722//1722
f 1739//1739 1740//1740 1724//1724 1723//1723
f 1740//1740 1741//1741 1725//1725 1724//1724
f 1741//1741 1742//1742 1726//1726 1725//1725
f 1742//1742 1743//1743 1727//1727 1726//1726
f 1743//1743 1744//1744 1728//1728 1727//1727
f 1744//1744 1745//1745 1729//1729 1728//1728
f 1745//1745 1746//1746 1730//1730 1729//1729
f 1746//1746 1731//1731 1715//1715 1730//1730
f 1747//1747 1748//1748 1732//1732 1731//1731
f 1748//1748 1749//1749 1733//1733 1732//1732
f 1749//1749 1750//1750 1734//1734 1733//1733
f 1750//1750 1751//1751 1735//1735 1734//1734
f 1751//1751 1752//1752 1736//1736 1735//1735
f 1752//1752 1753//1753 1737//1737 1736//1736
f 1753//1753 1754//1754 1738//1738 1737//1737
f 1754//1754 1755//1755 1739//1739 1738//1738
f 1755//1755 1756//1756 1740//1740 1739//1739
f 1756//1756 1757//1757 1741//1741 1740//1740
f 1757//1757 1758//1758 1742//1742 1741//1741
f 1758//1758 1759//1759 1743//1743 1742//1742
f 1759//1759 1760//1760 1744//1744 1743//1743
f 1760//1760 1761//1761 1745//1745 1744//1744
f 1761//1761 1762//1762 1746//1746 1745//1745
f 1762//1762 1747//1747 1731//1731 1746//1746
f 1763//1763 1764//1764 1748//1748 1747//1747
f 1764//1764 1765//1765 1749//1749 1748//1748
f 1765//1765 1766//1766 1750//1750 1749//1749
f 1766//1766 1767//1767 1751//1751 1750//1750
f 1767//1767 1768//1768 1752//1752 1751//1751
f 1768//1768 1769//1769 1753//1753 1752//1752
f 1769//1769 1770//1770 1754//1754 1753//1753
f 1770//1770 1771//1771 1755//1755 1754//1754
f 1771//1771 1772//1772 1756//1756 1755//1755
f 1772//1772 1773//1773 1757//1757 1756//1756
f 1773//1773 1774//1774 1758//1758 1757//1757
f 1774//1774 1775//1775 1759//1759 1758//1758
f 1775//1775 1776//1776 1760//1760 1759//1759
f 1776//1776 1777//1777 1761//1761 1760//1760
f 1777//1777 1778//1778 1762//1762 1761//1761
f 1778//1778 1763//1763 1747//1747 1762//1762
f 1779//1779 1780//1780 1764//1764 1763//1763
f 1780//1780 1781//1781 1765//1765 1764//1764
f 1781//1781 1782//1782 1766//1766 1765//1765
f 1782//1782 1783//1783 1767//1767 1766//1766
f 1783//1783 1784//1784 1768//1768 1767//1767
f 1784//1784 1785//1785 1769//1769 1768//1768
f 1785//1785 1786//1786 1770//1770 1769//1769
f 1786//1786 1787//1787 1771//1771 1770//1770
f 1787//1787 1788//1788 1772//1772 1771//1771
f 1788//1788 1789//1789 1773//1773 1772//1772
f 1789//1789 1790//1790 1774//1774 1773//1773
f 1790//1790 1791//1791 1775//1775 1774//1774
f 1791//1791 1792//1792 1776//1776 1775//1775
f 1792//1792 1793//1793 1777//1777 1776//1776
f 1793//1793 1794//1794 1778//1778 1777//1777
f 1794//1794 1779//1779 1763//1763 1778//1778
g part3
usemtl skin
v -0.02729 1.87962 0.08538
v -0.02711 1.87680 0.07826
v -0.02863 1.87000 0.07509
v -0.03095 1.86320 0.07773
v -0.03271 1.86038 0.08462
v -0.03289 1.86320 0.09174
v -0.03137 1.87000 0.09491
v -0.02905 1.87680 0.09227
v -0.04692 1.88570 0.08265
v -0.04683 1.88279 0.07522
v -0.04854 1.87574 0.07190
v -0.05107 1.86867 0.07464
v -0.05292 1.86574 0.08183
v -0.05301 1.86865 0.08926
v -0.05130 1.87570 0.09258
v -0.04877 1.88277 0.08984
v -0.06654 1.89256 0.08016
v -0.06648 1.88953 0.07239
v -0.06835 1.88218 0.06892
v -0.07104 1.87482 0.07177
v -0.07298 1.87176 0.07928
v -0.07304 1.87479 0.08705
v -0.07117 1.88214 0.09052
v -0.06848 1.88950 0.08767
v -0.08675 1.89920 0.07748
v -0.08646 1.89598 0.06942
v -0.08803 1.88822 0.06585
v -0.09054 1.88047 0.06886
v -0.09253 1.87728 0.07668
v -0.09282 1.88050 0.08474
v -0.09125 1.88826 0.08831
v -0.08874 1.89601 0.08530
v -0.10778 1.90445 0.07418
v -0.10692 1.90098 0.06594
v -0.10767 1.89277 0.06241
v -0.10960 1.88462 0.06564
v -0.11158 1.88131 0.07374
v -0.11244 1.88478 0.08198
v -0.11169 1.89299 0.08551
v -0.10976 1.90114 0.08228
v -0.12968 1.90699 0.06987
v -0.12796 1.90334 0.06162
v -0.12743 1.89480 0.05828
v -0.12841 1.88638 0.06181
v -0.13032 1.88301 0.07013
v -0.13204 1.88666 0.07838
v -0.13257 1.89520 0.08172
v -0.13159 1.90362 0.07819
v -0.15191 1.90593 0.06441
v -0.14936 1.90225 0.05628
v -0.14758 1.89366 0.05324
v -0.14762 1.88521 0.05706
v -0.14945 1.88183 0.06551
v -0.15200 1.88551 0.07364
v -0.15378 1.89410 0.07668
v -0.15374 1.90255 0.07286
v -0.17386 1.90215 0.05824
v -0.17079 1.89853 0.05025
v -0.16821 1.89006 0.04743
v -0.16764 1.88169 0.05143
v -0.16942 1.87833 0.05992
v -0.17249 1.88195 0.06791
v -0.17507 1.89042 0.07073
v -0.17564 1.89879 0.06673
v -0.19540 1.89693 0.05176
v -0.19211 1.89337 0.04386
v -0.18921 1.88501 0.04116
v -0.18839 1.87673 0.04522
v -0.19012 1.87339 0.05368
v -0.19341 1.87695 0.06158
v -0.19631 1.88531 0.06428
v -0.19713 1.89359 0.06022
v -0.21646 1.89144 0.04531
v -0.21324 1.88790 0.03744
v -0.21042 1.87956 0.03473
v -0.20965 1.87132 0.03876
v -0.21138 1.86800 0.04717
v -0.21460 1.87154 0.05504
v -0.21742 1.87988 0.05775
v -0.21819 1.88812 0.05372
v -0.23737 1.88673 0.03912
v -0.23424 1.88318 0.03125
v -0.23156 1.87483 0.02850
v -0.23089 1.86659 0.03249
v -0.23263 1.86327 0.04088
v -0.23576 1.86682 0.04875
v -0.23844 1.87517 0.05150
v -0.23911 1.88341 0.04751
v -0.02729 1.87962 0.08538
v -0.02711 1.87680 0.07826
v -0.02863 1.87000 0.07509
v -0.03095 1.86320 0.07773
v -0.03271 1.86038 0.08462
v -0.03289 1.86320 0.09174
v -0.03137 1.87000 0.09491
v -0.02905 1.87680 0.09227
v -0.03000 1.87000 0.08500
v -0.23737 1.88673 0.03912
v -0.23424 1.88318 0.03125
v -0.23156 1.87483 0.02850
v -0.23089 1.86659 0.03249
v -0.23263 1.86327 0.04088
v -0.23576 1.86682 0.04875
v -0.23844 1.87517 0.05150
v -0.23911 1.88341 0.04751
v -0.23500 1.87500 0.04000
vn 0.2907 0.9560 0.0403
vn 0.3084 0.6743 -0.6710
vn 0.1568 -0.0056 -0.9876
vn -0.0751 -0.6856 -0.7241
vn -0.2515 -0.9672 -0.0348
vn -0.2690 -0.6856 0.6764
vn -0.1175 -0.0057 0.9931
vn 0.1143 0.6743 0.7295
vn 0.3078 0.9505 0.0424
vn 0.3169 0.6714 -0.6700
vn 0.1523 -0.0047 -0.9883
vn -0.0896 -0.6817 -0.7262
vn -0.2672 -0.9629 -0.0370
vn -0.2763 -0.6838 0.6754
vn -0.1117 -0.0077 0.9937
vn 0.1302 0.6692 0.7315
vn 0.3156 0.9479 0.0434
vn 0.3209 0.6699 -0.6695
vn 0.1501 -0.0042 -0.9887
vn -0.0968 -0.6796 -0.7271
vn -0.2750 -0.9607 -0.0381
vn -0.2799 -0.6828 0.6748
vn -0.1090 -0.0087 0.9940
vn 0.1376 0.6668 0.7324
vn 0.2718 0.9616 0.0374
vn 0.2990 0.6770 -0.6725
vn 0.1615 -0.0069 -0.9868
vn -0.0604 -0.6896 -0.7217
vn -0.2357 -0.9713 -0.0321
vn -0.2614 -0.6871 0.6779
vn -0.1236 -0.0033 0.9923
vn 0.0969 0.6798 0.7270
vn 0.1750 0.9844 0.0209
vn 0.2501 0.6884 -0.6809
vn 0.1867 -0.0122 -0.9823
vn 0.0215 -0.7068 -0.7071
vn -0.1471 -0.9890 -0.0160
vn -0.2201 -0.6934 0.6861
vn -0.1563 0.0071 0.9877
vn 0.0067 0.7021 0.7120
vn 0.0356 0.9993 -0.0093
vn 0.1793 0.6947 -0.6966
vn 0.2235 -0.0170 -0.9746
vn 0.1425 -0.7188 -0.6804
vn -0.0166 -0.9998 0.0135
vn -0.1606 -0.6952 0.7007
vn -0.2049 0.0165 0.9786
vn -0.1235 0.7184 0.6846
vn -0.0975 0.9943 -0.0440
vn 0.1121 0.6906 -0.7145
vn 0.2589 -0.0173 -0.9657
vn 0.2573 -0.7147 -0.6504
vn 0.1066 -0.9932 0.0464
vn -0.1051 -0.6898 0.7164
vn -0.2523 0.0181 0.9675
vn -0.2485 0.7157 0.6527
vn -0.1831 0.9807 -0.0689
vn 0.0694 0.6829 -0.7272
vn 0.2815 -0.0148 -0.9595
vn 0.3290 -0.7038 -0.6296
vn 0.1833 -0.9806 0.0689
vn -0.0704 -0.6832 0.7269
vn -0.2827 0.0146 0.9591
vn -0.3290 0.7038 0.6296
vn -0.2200 0.9722 -0.0801
vn 0.0511 0.6785 -0.7328
vn 0.2911 -0.0129 -0.9566
vn 0.3594 -0.6971 -0.6204
vn 0.2158 -0.9733 0.0788
vn -0.0556 -0.6797 0.7314
vn -0.2956 0.0118 0.9552
vn -0.3637 0.6960 0.6191
vn -0.2131 0.9739 -0.0780
vn 0.0546 0.6794 -0.7317
vn 0.2892 -0.0134 -0.9572
vn 0.3531 -0.6986 -0.6223
vn 0.2091 -0.9749 0.0768
vn -0.0586 -0.6804 0.7305
vn -0.2931 0.0124 0.9560
vn -0.3571 0.6976 0.6211
vn -0.1985 0.9773 -0.0737
vn 0.0619 0.6811 -0.7296
vn 0.2854 -0.0143 -0.9583
vn 0.3409 -0.7014 -0.6259
vn 0.1959 -0.9779 0.0729
vn -0.0646 -0.6817 0.7288
vn -0.2880 0.0137 0.9575
vn -0.3435 0.7009 0.6252
vn 0.9527 -0.2736 0.1320
vn 0.9527 -0.2736 0.1320
vn 0.9527 -0.2736 0.1320
vn 0.9527 -0.2736 0.1320
vn 0.9527 -0.2736 0.1320
vn 0.9527 -0.2736 0.1320
vn 0.9527 -0.2736 0.1320
vn 0.9527 -0.2736 0.1320
vn 0.9527 -0.2736 0.1320
vn -0.9375 -0.2099 -0.2775
vn -0.9375 -0.2099 -0.2775
vn -0.9375 -0.2099 -0.2775
vn -0.9375 -0.2099 -0.2775
vn -0.9375 -0.2099 -0.2775
vn -0.9375 -0.2099 -0.2775
vn -0.9375 -0.2099 -0.2775
vn -0.9375 -0.2099 -0.2775
vn -0.9375 -0.2099 -0.2775
f 1795//1795 1796//1796 1804//1804 1803//1803
f 1796//1796 1797//1797 1805//1805 1804//1804
f 1797//1797 1798//1798 1806//1806 1805//1805
f 1798//1798 1799//1799 1807//1807 1806//1806
f 1799//1799 1800//1800 1808//1808 1807//1807
f 1800//1800 1801//1801 1809//1809 1808//1808
f 1801//1801 1802//1802 1810//1810 1809//1809
f 1802//1802 1795//1795 1803//1803 1810//1810
f 1803//1803 1804//1804 1812//1812 1811//1811
f 1804//1804 1805//1805 1813//1813 1812//1812
f 1805//1805 1806//1806 1814//1814 1813//1813
f 1806//1806 1807//1807 1815//1815 1814//1814
f 1807//1807 1808//1808 1816//1816 1815//1815
f 1808//1808 1809//1809 1817//1817 1816//1816
f 1809//1809 1810//1810 1818//1818 1817//1817
f 1810//1810 1803//1803 1811//1811 1818//1818
f 1811//1811 1812//1812 1820//1820 1819//1819
f 1812//1812 1813//1813 1821//1821 1820//1820
f 1813//1813 1814//1814 1822//1822 1821//1821
f 1814//1814 1815//1815 1823//1823 1822//1822
f 1815//1815 1816//1816 1824//1824 1823//1823
f 1816//1816 1817//1817 1825//1825 1824//1824
f 1817//1817 1818//1818 1826//1826 1825//1825
f 1818//1818 1811//1811 1819//1819 1826//1826
f 1819//1819 1820//1820 1828//1828 1827//1827
f 1820//1820 1821//1821 1829//1829 1828//1828
f 1821//1821 1822//1822 1830//1830 1829//1829
f 1822//1822 1823//1823 1831//1831 1830//1830
f 1823//1823 1824//1824 1832//1832 1831//1831
f 1824//1824 1825//1825 1833//1833 1832//1832
f 1825//1825 1826//1826 1834//1834 1833//1833
f 1826//1826 1819//1819 1827//1827 1834//1834
f 1827//1827 1828//1828 1836//1836 1835//1835
f 1828//1828 1829//1829 1837//1837 1836//1836
f 1829//1829 1830//1830 1838//1838 1837//1837
f 1830//1830 1831//1831 1839//1839 1838//1838
f 1831//1831 1832//1832 1840//1840 1839//1839
f 1832//1832 1833//1833 1841//1841 1840//1840
f 1833//1833 1834//1834 1842//1842 1841//1841
f 1834//1834 1827//1827 1835//1835 1842//1842
f 1835//1835 1836//1836 1844//1844 1843//1843
f 1836//1836 1837//1837 1845//1845 1844//1844
f 1837//1837 1838//1838 1846//1846 1845//1845
f 1838//1838 1839//1839 1847//1847 1846//1846
f 1839//1839 1840//1840 1848//1848 1847//1847
f 1840//1840 1841//1841 1849//1849 1848//1848
f 1841//1841 1842//1842 1850//1850 1849//1849
f 1842//1842 1835//1835 1843//1843 1850//1850
f 1843//1843 1844//1844 1852//1852 1851//1851
f 1844//1844 1845//1845 1853//1853 1852//1852
f 1845//1845 1846//1846 1854//1854 1853//1853
f 1846//1846 1847//1847 1855//1855 1854//1854
f 1847//1847 1848//1848 1856//1856 1855//1855
f 1848//1848 1849//1849 1857//1857 1856//1856
f 1849//1849 1850//1850 1858//1858 1857//1857
f 1850//1850 1843//1843 1851//1851 1858//1858
f 1851//1851 1852//1852 1860//1860 1859//1859
f 1852//1852 1853//1853 1861//1861 1860//1860
f 1853//1853 1854//1854 1862//1862 1861//1861
f 1854//1854 1855//1855 1863//1863 1862//1862
f 1855//1855 1856//1856 1864//1864 1863//1863
f 1856//1856 1857//1857 1865//1865 1864//1864
f 1857//1857 1858//1858 1866//1866 1865//1865
f 1858//1858 1851//1851 1859//1859 1866//1866
f 1859//1859 1860//1860 1868//1868 1867//1867
f 1860//1860 1861//1861 1869//1869 1868//1868
f 1861//1861 1862//1862 1870//1870 1869//1869
f 1862//1862 1863//1863 1871//1871 1870//1870
f 1863//1863 1864//1864 1872//1872 1871//1871
f 1864//1864 1865//1865 1873//1873 1872//1872
f 1865//1865 1866//1866 1874//1874 1873//1873
f 1866//1866 1859//1859 1867//1867 1874//1874
f 1867//1867 1868//1868 1876//1876 1875//1875
f 1868//1868 1869//1869 1877//1877 1876//1876
f 1869//1869 1870//1870 1878//1878 1877//1877
f 1870//1870 1871//1871 1879//1879 1878//1878
f 1871//1871 1872//1872 1880//1880 1879//1879
f 1872//1872 1873//1873 1881//1881 1880//1880
f 1873//1873 1874//1874 1882//1882 1881//1881
f 1874//1874 1867//1867 1875//1875 1882//1882
f 1884//1884 1891//1891 1883//1883
f 1885//1885 1891//1891 1884//1884
f 1886//1886 1891//1891 1885//1885
f 1887//1887 1891//1891 1886//1886
f 1888//1888 1891//1891 1887//1887
f 1889//1889 1891//1891 1888//1888
f 1890//1890 1891//1891 1889//1889
f 1883//1883 1891//1891 1890//1890
f 1893//1893 1900//1900 1892//1892
f 1894//1894 1900//1900 1893//1893
f 1895//1895 1900//1900 1894//1894
f 1896//1896 1900//1900 1895//1895
f 1897//1897 1900//1900 1896//1896
f 1898//1898 1900//1900 1897//1897
f 1899//1899 1900//1900 1898//1898
f 1892//1892 1900//1900 1899//1899
g part4
usemtl skin
v 0.12500 1.18200 0.01000
v 0.12500 1.18200 0.01000
v 0.12500 1.18200 0.01000
v 0.12500 1.18200 0.01000
v 0.12500 1.18200 0.01000
v 0.12500 1.18200 0.01000
v 0.12500 1.18200 0.01000
v 0.12500 1.18200 0.01000
v 0.12500 1.18200 0.01000
v 0.12500 1.18200 0.01000
v 0.12500 1.18200 0.01000
v 0.12500 1.18200 0.01000
v 0.12500 1.18200 0.01000
v 0.12500 1.18200 0.01000
v 0.12500 1.18200 0.01000
v 0.12500 1.18200 0.01000
v 0.12500 1.17945 0.03009
v 0.13210 1.17945 0.02856
v 0.13811 1.17945 0.02420
v 0.14213 1.17945 0.01769
v 0.14354 1.17945 0.01000
v 0.14213 1.17945 0.00231
v 0.13811 1.17945 -0.00420
v 0.13210 1.17945 -0.00856
v 0.12500 1.17945 -0.01009
v 0.11790 1.17945 -0.00856
v 0.11189 1.17945 -0.00420
v 0.10787 1.17945 0.00231
v 0.10646 1.17945 0.01000
v 0.10787 1.17945 0.01769
v 0.11189 1.17945 0.02420
v 0.11790 1.17945 0.02856
v 0.12500 1.17207 0.04821
v 0.13850 1.17207 0.04530
v 0.14994 1.17207 0.03702
v 0.15758 1.17207 0.02462
v 0.16027 1.17207 0.01000
v 0.15758 1.17207 -0.00462
v 0.14994 1.17207 -0.01702
v 0.13850 1.17207 -0.02530
v 0.12500 1.17207 -0.02821
v 0.11150 1.17207 -0.02530
v 0.10006 1.17207 -0.01702
v 0.09242 1.17207 -0.00462
v 0.08973 1.17207 0.01000
v 0.09242 1.17207 0.02462
v 0.10006 1.17207 0.03702
v 0.11150 1.17207 0.04530
v 0.12500 1.16056 0.06259
v 0.14358 1.16056 0.05858
v 0.15932 1.16056 0.04718
v 0.16985 1.16056 0.03012
v 0.17354 1.16056 0.01000
v 0.16985 1.16056 -0.01012
v 0.15932 1.16056 -0.02718
v 0.14358 1.16056 -0.03858
v 0.12500 1.16056 -0.04259
v 0.10642 1.16056 -0.03858
v 0.09068 1.16056 -0.02718
v 0.08015 1.16056 -0.01012
v 0.07646 1.16056 0.01000
v 0.08015 1.16056 0.03012
v 0.09068 1.16056 0.04718
v 0.10642 1.16056 0.05858
v 0.12500 1.14607 0.07182
v 0.14684 1.14607 0.06711
v 0.16535 1.14607 0.05371
v 0.17772 1.14607 0.03366
v 0.18206 1.14607 0.01000
v 0.17772 1.14607 -0.01366
v 0.16535 1.14607 -0.03371
v 0.14684 1.14607 -0.04711
v 0.12500 1.14607 -0.05182
v 0.10316 1.14607 -0.04711
v 0.08465 1.14607 -0.03371
v 0.07228 1.14607 -0.01366
v 0.06794 1.14607 0.01000
v 0.07228 1.14607 0.03366
v 0.08465 1.14607 0.05371
v 0.10316 1.14607 0.06711
v 0.12500 1.13000 0.07500
v 0.14796 1.13000 0.07005
v 0.16743 1.13000 0.05596
v 0.18043 1.13000 0.03487
v 0.18500 1.13000 0.01000
v 0.18043 1.13000 -0.01487
v 0.16743 1.13000 -0.03596
v 0.14796 1.13000 -0.05005
v 0.12500 1.13000 -0.05500
v 0.10204 1.13000 -0.05005
v 0.08257 1.13000 -0.03596
v 0.06957 1.13000 -0.01487
v 0.06500 1.13000 0.01000
v 0.06957 1.13000 0.03487
v 0.08257 1.13000 0.05596
v 0.10204 1.13000 0.07005
v 0.12500 1.11393 0.07182
v 0.14684 1.11393 0.06711
v 0.16535 1.11393 0.05371
v 0.17772 1.11393 0.03366
v 0.18206 1.11393 0.01000
v 0.17772 1.11393 -0.01366
v 0.16535 1.11393 -0.03371
v 0.14684 1.11393 -0.04711
v 0.12500 1.11393 -0.05182
v 0.10316 1.11393 -0.04711
v 0.08465 1.11393 -0.03371
v 0.07228 1.11393 -0.01366
v 0.06794 1.11393 0.01000
v 0.07228 1.11393 0.03366
v 0.08465 1.11393 0.05371
v 0.10316 1.11393 0.06711
v 0.12500 1.09944 0.06259
v 0.14358 1.09944 0.05858
v 0.15932 1.09944 0.04718
v 0.16985 1.09944 0.03012
v 0.17354 1.09944 0.01000
v 0.16985 1.09944 -0.01012
v 0.15932 1.09944 -0.02718
v 0.14358 1.09944 -0.03858
v 0.12500 1.09944 -0.04259
v 0.10642 1.09944 -0.03858
v 0.09068 1.09944 -0.02718
v 0.08015 1.09944 -0.01012
v 0.07646 1.09944 0.01000
v 0.08015 1.09944 0.03012
v 0.09068 1.09944 0.04718
v 0.10642 1.09944 0.05858
v 0.12500 1.08793 0.04821
v 0.13850 1.08793 0.04530
v 0.14994 1.08793 0.03702
v 0.15758 1.08793 0.02462
v 0.16027 1.08793 0.01000
v 0.15758 1.08793 -0.00462
v 0.14994 1.08793 -0.01702
v 0.13850 1.08793 -0.02530
v 0.12500 1.08793 -0.02821
v 0.11150 1.08793 -0.02530
v 0.10006 1.08793 -0.01702
v 0.09242 1.08793 -0.00462
v 0.08973 1.08793 0.01000
v 0.09242 1.08793 0.02462
v 0.10006 1.08793 0.03702
v 0.11150 1.08793 0.04530
v 0.12500 1.08055 0.03009
v 0.13210 1.08055 0.02856
v 0.13811 1.08055 0.02420
v 0.14213 1.08055 0.01769
v 0.14354 1.08055 0.01000
v 0.14213 1.08055 0.00231
v 0.13811 1.08055 -0.00420
v 0.13210 1.08055 -0.00856
v 0.12500 1.08055 -0.01009
v 0.11790 1.08055 -0.00856
v 0.11189 1.08055 -0.00420
v 0.10787 1.08055 0.00231
v 0.10646 1.08055 0.01000
v 0.10787 1.08055 0.01769
v 0.11189 1.08055 0.02420
v 0.11790 1.08055 0.02856
v 0.12500 1.07800 0.01000
v 0.12500 1.07800 0.01000
v 0.12500 1.07800 0.01000
v 0.12500 1.07800 0.01000
v 0.12500 1.07800 0.01000
v 0.12500 1.07800 0.01000
v 0.12500 1.07800 0.01000
v 0.12500 1.07800 0.01000
v 0.12500 1.07800 0.01000
v 0.12500 1.07800 0.01000
v 0.12500 1.07800 0.01000
v 0.12500 1.07800 0.01000
v 0.12500 1.07800 0.01000
v 0.12500 1.07800 0.01000
v 0.12500 1.07800 0.01000
v 0.12500 1.07800 0.01000
vn 0.0000 1.0000 0.0000
vn 0.0000 1.0000 0.0000
vn 0.0000 1.0000 0.0000
vn 0.0000 1.0000 0.0000
vn 0.0000 1.0000 0.0000
vn 0.0000 1.0000 -0.0000
vn 0.0000 1.0000 -0.0000
vn 0.0000 1.0000 -0.0000
vn 0.0000 1.0000 -0.0000
vn -0.0000 1.0000 -0.0000
vn -0.0000 1.0000 -0.0000
vn -0.0000 1.0000 -0.0000
vn -0.0000 1.0000 -0.0000
vn -0.0000 1.0000 0.0000
vn -0.0000 1.0000 0.0000
vn -0.0000 1.0000 0.0000
vn 0.0000 0.9678 0.2516
vn 0.1042 0.9671 0.2322
vn 0.1922 0.9652 0.1774
vn 0.2506 0.9633 0.0958
vn 0.2711 0.9626 0.0000
vn 0.2506 0.9633 -0.0958
vn 0.1922 0.9652 -0.1774
vn 0.1042 0.9671 -0.2322
vn 0.0000 0.9678 -0.2516
vn -0.1042 0.9671 -0.2322
vn -0.1922 0.9652 -0.1774
vn -0.2506 0.9633 -0.0958
vn -0.2711 0.9626 -0.0000
vn -0.2506 0.9633 0.0958
vn -0.1922 0.9652 0.1774
vn -0.1042 0.9671 0.2322
vn 0.0000 0.8646 0.5025
vn 0.2077 0.8618 0.4628
vn 0.3808 0.8552 0.3515
vn 0.4938 0.8488 0.1888
vn 0.5328 0.8462 0.0000
vn 0.4938 0.8488 -0.1888
vn 0.3808 0.8552 -0.3515
vn 0.2077 0.8618 -0.4628
vn 0.0000 0.8646 -0.5025
vn -0.2077 0.8618 -0.4628
vn -0.3808 0.8552 -0.3515
vn -0.4938 0.8488 -0.1888
vn -0.5328 0.8462 -0.0000
vn -0.4938 0.8488 0.1888
vn -0.3808 0.8552 0.3515
vn -0.2077 0.8618 0.4628
vn 0.0000 0.6723 0.7403
vn 0.3048 0.6677 0.6792
vn 0.5541 0.6569 0.5114
vn 0.7126 0.6466 0.2724
vn 0.7663 0.6424 0.0000
vn 0.7126 0.6466 -0.2724
vn 0.5541 0.6569 -0.5114
vn 0.3048 0.6677 -0.6792
vn 0.0000 0.6723 -0.7403
vn -0.3048 0.6677 -0.6792
vn -0.5541 0.6569 -0.5114
vn -0.7126 0.6466 -0.2724
vn -0.7663 0.6424 -0.0000
vn -0.7126 0.6466 0.2724
vn -0.5541 0.6569 0.5114
vn -0.3048 0.6677 0.6792
vn 0.0000 0.3763 0.9265
vn 0.3800 0.3723 0.8468
vn 0.6847 0.3630 0.6320
vn 0.8734 0.3544 0.3340
vn 0.9364 0.3510 0.0000
vn 0.8734 0.3544 -0.3340
vn 0.6847 0.3630 -0.6320
vn 0.3800 0.3723 -0.8468
vn 0.0000 0.3763 -0.9265
vn -0.3800 0.3723 -0.8468
vn -0.6847 0.3630 -0.6320
vn -0.8734 0.3544 -0.3340
vn -0.9364 0.3510 -0.0000
vn -0.8734 0.3544 0.3340
vn -0.6847 0.3630 0.6320
vn -0.3800 0.3723 0.8468
vn 0.0000 0.0000 1.0000
vn 0.4094 0.0000 0.9124
vn 0.7348 0.0000 0.6783
vn 0.9341 0.0000 0.3571
vn 1.0000 0.0000 0.0000
vn 0.9341 0.0000 -0.3571
vn 0.7348 0.0000 -0.6783
vn 0.4094 0.0000 -0.9124
vn 0.0000 0.0000 -1.0000
vn -0.4094 0.0000 -0.9124
vn -0.7348 0.0000 -0.6783
vn -0.9341 0.0000 -0.3571
vn -1.0000 0.0000 -0.0000
vn -0.9341 0.0000 0.3571
vn -0.7348 0.0000 0.6783
vn -0.4094 0.0000 0.9124
vn 0.0000 -0.3763 0.9265
vn 0.3800 -0.3723 0.8468
vn 0.6847 -0.3630 0.6320
vn 0.8734 -0.3544 0.3340
vn 0.9364 -0.3510 0.0000
vn 0.8734 -0.3544 -0.3340
vn 0.6847 -0.3630 -0.6320
vn 0.3800 -0.3723 -0.8468
vn 0.0000 -0.3763 -0.9265
vn -0.3800 -0.3723 -0.8468
vn -0.6847 -0.3630 -0.6320
vn -0.8734 -0.3544 -0.3340
vn -0.9364 -0.3510 -0.0000
vn -0.8734 -0.3544 0.3340
vn -0.6847 -0.3630 0.6320
vn -0.3800 -0.3723 0.8468
vn 0.0000 -0.6723 0.7403
vn 0.3048 -0.6677 0.6792
vn 0.5541 -0.6569 0.5114
vn 0.7126 -0.6466 0.2724
vn 0.7663 -0.6424 0.0000
vn 0.7126 -0.6466 -0.2724
vn 0.5541 -0.6569 -0.5114
vn 0.3048 -0.6677 -0.6792
vn 0.0000 -0.6723 -0.7403
vn -0.3048 -0.6677 -0.6792
vn -0.5541 -0.6569 -0.5114
vn -0.7126 -0.6466 -0.2724
vn -0.7663 -0.6424 -0.0000
vn -0.7126 -0.6466 0.2724
vn -0.5541 -0.6569 0.5114
vn -0.3048 -0.6677 0.6792
vn 0.0000 -0.8646 0.5025
vn 0.2077 -0.8618 0.4628
vn 0.3808 -0.8552 0.3515
vn 0.4938 -0.8488 0.1888
vn 0.5328 -0.8462 0.0000
vn 0.4938 -0.8488 -0.1888
vn 0.3808 -0.8552 -0.3515
vn 0.2077 -0.8618 -0.4628
vn 0.0000 -0.8646 -0.5025
vn -0.2077 -0.8618 -0.4628
vn -0.3808 -0.8552 -0.3515
vn -0.4938 -0.8488 -0.1888
vn -0.5328 -0.8462 -0.0000
vn -0.4938 -0.8488 0.1888
vn -0.3808 -0.8552 0.3515
vn -0.2077 -0.8618 0.4628
vn 0.0000 -0.9678 0.2516
vn 0.1042 -0.9671 0.2322
vn 0.1922 -0.9652 0.1774
vn 0.2506 -0.9633 0.0958
vn 0.2711 -0.9626 0.0000
vn 0.2506 -0.9633 -0.0958
vn 0.1922 -0.9652 -0.1774
vn 0.1042 -0.9671 -0.2322
vn 0.0000 -0.9678 -0.2516
vn -0.1042 -0.9671 -0.2322
vn -0.1922 -0.9652 -0.1774
vn -0.2506 -0.9633 -0.0958
vn -0.2711 -0.9626 -0.0000
vn -0.2506 -0.9633 0.0958
vn -0.1922 -0.9652 0.1774
vn -0.1042 -0.9671 0.2322
vn 0.0000 -1.0000 0.0000
vn 0.0000 -1.0000 0.0000
vn 0.0000 -1.0000 0.0000
vn 0.0000 -1.0000 0.0000
vn 0.0000 -1.0000 0.0000
vn 0.0000 -1.0000 -0.0000
vn 0.0000 -1.0000 -0.0000
vn 0.0000 -1.0000 -0.0000
vn 0.0000 -1.0000 -0.0000
vn -0.0000 -1.0000 -0.0000
vn -0.0000 -1.0000 -0.0000
vn -0.0000 -1.0000 -0.0000
vn -0.0000 -1.0000 -0.0000
vn -0.0000 -1.0000 0.0000
vn -0.0000 -1.0000 0.0000
vn -0.0000 -1.0000 0.0000
f 1917//1917 1918//1918 1902//1902 1901//1901
f 1918//1918 1919//1919 1903//1903 1902//1902
f 1919//1919 1920//1920 1904//1904 1903//1903
f 1920//1920 1921//1921 1905//1905 1904//1904
f 1921//1921 1922//1922 1906//1906 1905//1905
f 1922//1922 1923//1923 1907//1907 1906//1906
f 1923//1923 1924//1924 1908//1908 1907//1907
f 1924//1924 1925//1925 1909//1909 1908//1908
f 1925//1925 1926//1926 1910//1910 1909//1909
f 1926//1926 1927//1927 1911//1911 1910//1910
f 1927//1927 1928//1928 1912//1912 1911//1911
f 1928//1928 1929//1929 1913//1913 1912//1912
f 1929//1929 1930//1930 1914//1914 1913//1913
f 1930//1930 1931//1931 1915//1915 1914//1914
f 1931//1931 1932//1932 1916//1916 1915//1915
f 1932//1932 1917//1917 1901//1901 1916//1916
f 1933//1933 1934//1934 1918//1918 1917//1917
f 1934//1934 1935//1935 1919//1919 1918//1918
f 1935//1935 1936//1936 1920//1920 1919//1919
f 1936//1936 1937//1937 1921//1921 1920//1920
f 1937//1937 1938//1938 1922//1922 1921//1921
f 1938//1938 1939//1939 1923//1923 1922//1922
f 1939//1939 1940//1940 1924//1924 1923//1923
f 1940//1940 1941//1941 1925//1925 1924//1924
f 1941//1941 1942//1942 1926//1926 1925//1925
f 1942//1942 1943//1943 1927//1927 1926//1926
f 1943//1943 1944//1944 1928//1928 1927//1927
f 1944//1944 1945//1945 1929//1929 1928//1928
f 1945//1945 1946//1946 1930//1930 1929//1929
f 1946//1946 1947//1947 1931//1931 1930//1930
f 1947//1947 1948//1948 1932//1932 1931//1931
f 1948//1948 1933//1933 1917//1917 1932//1932
f 1949//1949 1950//1950 1934//1934 1933//1933
f 1950//1950 1951//1951 1935//1935 1934//1934
f 1951//1951 1952//1952 1936//1936 1935//1935
f 1952//1952 1953//1953 1937//1937 1936//1936
f 1953//1953 1954//1954 1938//1938 1937//1937
f 1954//1954 1955//1955 1939//1939 1938//1938
f 1955//1955 1956//1956 1940//1940 1939//1939
f 1956//1956 1957//1957 1941//1941 1940//1940
f 1957//1957 1958//1958 1942//1942 1941//1941
f 1958//1958 1959//1959 1943//1943 1942//1942
f 1959//1959 1960//1960 1944//1944 1943//1943
f 1960//1960 1961//1961 1945//1945 1944//1944
f 1961//1961 1962//1962 1946//1946 1945//1945
f 1962//1962 1963//1963 1947//1947 1946//1946
f 1963//1963 1964//1964 1948//1948 1947//1947
f 1964//1964 1949//1949 1933//1933 1948//1948
f 1965//1965 1966//1966 1950//1950 1949//1949
f 1966//1966 1967//1967 1951//1951 1950//1950
f 1967//1967 1968//1968 1952//1952 1951//1951
f 1968//1968 1969//1969 1953//1953 1952//1952
f 1969//1969 1970//1970 1954//1954 1953//1953
f 1970//1970 1971//1971 1955//1955 1954//1954
f 1971//1971 1972//1972 1956//1956 1955//1955
f 1972//1972 1973//1973 1957//1957 1956//1956
f 1973//1973 1974//1974 1958//1958 1957//1957
f 1974//1974 1975//1975 1959//1959 1958//1958
f 1975//1975 1976//1976 1960//1960 1959//1959
f 1976//1976 1977//1977 1961//1961 1960//1960
f 1977//1977 1978//1978 1962//1962 1961//1961
f 1978//1978 1979//1979 1963//1963 1962//1962
f 1979//1979 1980//1980 1964//1964 1963//1963
f 1980//1980 1965//1965 1949//1949 1964//1964
f 1981//1981 1982//1982 1966//1966 1965//1965
f 1982//1982 1983//1983 1967//1967 1966//1966
f 1983//1983 1984//1984 1968//1968 1967//1967
f 1984//1984 1985//1985 1969//1969 1968//1968
f 1985//1985 1986//1986 1970//1970 1969//1969
f 1986//1986 1987//1987 1971//1971 1970//1970
f 1987//1987 1988//1988 1972//1972 1971//1971
f 1988//1988 1989//1989 1973//1973 1972//1972
f 1989//1989 1990//1990 1974//1974 1973//1973
f 1990//1990 1991//1991 1975//1975 1974//1974
f 1991//1991 1992//1992 1976//1976 1975//1975
f 1992//1992 1993//1993 1977//1977 1976//1976
f 1993//1993 1994//1994 1978//1978 1977//1977
f 1994//1994 1995//1995 1979//1979 1978//1978
f 1995//1995 1996//1996 1980//1980 1979//1979
f 1996//1996 1981//1981 1965//1965 1980//1980
f 1997//1997 1998//1998 1982//1982 1981//1981
f 1998//1998 1999//1999 1983//1983 1982//1982
f 1999//1999 2000//2000 1984//1984 1983//1983
f 2000//2000 2001//2001 1985//1985 1984//1984
f 2001//2001 2002//2002 1986//1986 1985//1985
f 2002//2002 2003//2003 1987//1987 1986//1986
f 2003//2003 2004//2004 1988//1988 1987//1987
f 2004//2004 2005//2005 1989//1989 1988//1988
f 2005//2005 2006//2006 1990//1990 1989//1989
f 2006//2006 2007//2007 1991//1991 1990//1990
f 2007//2007 2008//2008 1992//1992 1991//1991
f 2008//2008 2009//2009 1993//1993 1992//1992
f 2009//2009 2010//2010 1994//1994 1993//1993
f 2010//2010 2011//2011 1995//1995 1994//1994
f 2011//2011 2012//2012 1996//1996 1995//1995
f 2012//2012 1997//1997 1981//1981 1996//1996
f 2013//2013 2014//2014 1998//1998 1997//1997
f 2014//2014 2015//2015 1999//1999 1998//1998
f 2015//2015 2016//2016 2000//2000 1999//1999
f 2016//2016 2017//2017 2001//2001 2000//2000
f 2017//2017 2018//2018 2002//2002 2001//2001
f 2018//2018 2019//2019 2003//2003 2002//2002
f 2019//2019 2020//2020 2004//2004 2003//2003
f 2020//2020 2021//2021 2005//2005 2004//2004
f 2021//2021 2022//2022 2006//2006 2005//2005
f 2022//2022 2023//2023 2007//2007 2006//2006
f 2023//2023 2024//2024 2008//2008 2007//2007
f 2024//2024 2025//2025 2009//2009 2008//2008
f 2025//2025 2026//2026 2010//2010 2009//2009
f 2026//2026 2027//2027 2011//2011 2010//2010
f 2027//2027 2028//2028 2012//2012 2011//2011
f 2028//2028 2013//2013 1997//1997 2012//2012
f 2029//2029 2030//2030 2014//2014 2013//2013
f 2030//2030 2031//2031 2015//2015 2014//2014
f 2031//2031 2032//2032 2016//2016 2015//2015
f 2032//2032 2033//2033 2017//2017 2016//2016
f 2033//2033 2034//2034 2018//2018 2017//2017
f 2034//2034 2035//2035 2019//2019 2018//2018
f 2035//2035 2036//2036 2020//2020 2019//2019
f 2036//2036 2037//2037 2021//2021 2020//2020
f 2037//2037 2038//2038 2022//2022 2021//2021
f 2038//2038 2039//2039 2023//2023 2022//2022
f 2039//2039 2040//2040 2024//2024 2023//2023
f 2040//2040 2041//2041 2025//2025 2024//2024
f 2041//2041 2042//2042 2026//2026 2025//2025
f 2042//2042 2043//2043 2027//2027 2026//2026
f 2043//2043 2044//2044 2028//2028 2027//2027
f 2044//2044 2029//2029 2013//2013 2028//2028
f 2045//2045 2046//2046 2030//2030 2029//2029
f 2046//2046 2047//2047 2031//2031 2030//2030
f 2047//2047 2048//2048 2032//2032 2031//2031
f 2048//2048 2049//2049 2033//2033 2032//2032
f 2049//2049 2050//2050 2034//2034 2033//2033
f 2050//2050 2051//2051 2035//2035 2034//2034
f 2051//2051 2052//2052 2036//2036 2035//2035
f 2052//2052 2053//2053 2037//2037 2036//2036
f 2053//2053 2054//2054 2038//2038 2037//2037
f 2054//2054 2055//2055 2039//2039 2038//2038
f 2055//2055 2056//2056 2040//2040 2039//2039
f 2056//2056 2057//2057 2041//2041 2040//2040
f 2057//2057 2058//2058 2042//2042 2041//2041
f 2058//2058 2059//2059 2043//2043 2042//2042
f 2059//2059 2060//2060 2044//2044 2043//2043
f 2060//2060 2045//2045 2029//2029 2044//2044
f 2061//2061 2062//2062 2046//2046 2045//2045
f 2062//2062 2063//2063 2047//2047 2046//2046
f 2063//2063 2064//2064 2048//2048 2047//2047
f 2064//2064 2065//2065 2049//2049 2048//2048
f 2065//2065 2066//2066 2050//2050 2049//2049
f 2066//2066 2067//2067 2051//2051 2050//2050
f 2067//2067 2068//2068 2052//2052 2051//2051
f 2068//2068 2069//2069 2053//2053 2052//2052
f 2069//2069 2070//2070 2054//2054 2053//2053
f 2070//2070 2071//2071 2055//2055 2054//2054
f 2071//2071 2072//2072 2056//2056 2055//2055
f 2072//2072 2073//2073 2057//2057 2056//2056
f 2073//2073 2074//2074 2058//2058 2057//2057
f 2074//2074 2075//2075 2059//2059 2058//2058
f 2075//2075 2076//2076 2060//2060 2059//2059
f 2076//2076 2061//2061 2045//2045 2060//2060
g part5
usemtl skin
v 0.02729 1.87962 0.08538
v 0.02905 1.87680 0.09227
v 0.03137 1.87000 0.09491
v 0.03289 1.86320 0.09174
v 0.03271 1.86038 0.08462
v 0.03095 1.86320 0.07773
v 0.02863 1.87000 0.07509
v 0.02711 1.87680 0.07826
v 0.04692 1.88570 0.08265
v 0.04877 1.88277 0.08984
v 0.05130 1.87570 0.09258
v 0.05301 1.86865 0.08926
v 0.05292 1.86574 0.08183
v 0.05107 1.86867 0.07464
v 0.04854 1.87574 0.07190
v 0.04683 1.88279 0.07522
v 0.06654 1.89256 0.08016
v 0.06848 1.88950 0.08767
v 0.07117 1.88214 0.09052
v 0.07304 1.87479 0.08705
v 0.07298 1.87176 0.07928
v 0.07104 1.87482 0.07177
v 0.06835 1.88218 0.06892
v 0.06648 1.88953 0.07239
v 0.08675 1.89920 0.07748
v 0.08874 1.89601 0.08530
v 0.09125 1.88826 0.08831
v 0.09282 1.88050 0.08474
v 0.09253 1.87728 0.07668
v 0.09054 1.88047 0.06886
v 0.08803 1.88822 0.06585
v 0.08646 1.89598 0.06942
v 0.10778 1.90445 0.07418
v 0.10976 1.90114 0.08228
v 0.11169 1.89299 0.08551
v 0.11244 1.88478 0.08198
v 0.11158 1.88131 0.07374
v 0.10960 1.88462 0.06564
v 0.10767 1.89277 0.06241
v 0.10692 1.90098 0.06594
v 0.12968 1.90699 0.06987
v 0.13159 1.90362 0.07819
v 0.13257 1.89520 0.08172
v 0.13204 1.88666 0.07838
v 0.13032 1.88301 0.07013
v 0.12841 1.88638 0.06181
v 0.12743 1.89480 0.05828
v 0.12796 1.90334 0.06162
v 0.15191 1.90593 0.06441
v 0.15374 1.90255 0.07286
v 0.15378 1.89410 0.07668
v 0.15200 1.88551 0.07364
v 0.14945 1.88183 0.06551
v 0.14762 1.88521 0.05706
v 0.14758 1.89366 0.05324
v 0.14936 1.90225 0.05628
v 0.17386 1.90215 0.05824
v 0.17564 1.89879 0.06673
v 0.17507 1.89042 0.07073
v 0.17249 1.88195 0.06791
v 0.16942 1.87833 0.05992
v 0.16764 1.88169 0.05143
v 0.16821 1.89006 0.04743
v 0.17079 1.89853 0.05025
v 0.19540 1.89693 0.05176
v 0.19713 1.89359 0.06022
v 0.19631 1.88531 0.06428
v 0.19341 1.87695 0.06158
v 0.19012 1.87339 0.05368
v 0.18839 1.87673 0.04522
v 0.18921 1.88501 0.04116
v 0.19211 1.89337 0.04386
v 0.21646 1.89144 0.04531
v 0.21819 1.88812 0.05372
v 0.21742 1.87988 0.05775
v 0.21460 1.87154 0.05504
v 0.21138 1.86800 0.04717
v 0.20965 1.87132 0.03876
v 0.21042 1.87956 0.03473
v 0.21324 1.88790 0.03744
v 0.23737 1.88673 0.03912
v 0.23911 1.88341 0.04751
v 0.23844 1.87517 0.05150
v 0.23576 1.86682 0.04875
v 0.23263 1.86327 0.04088
v 0.23089 1.86659 0.03249
v 0.23156 1.87483 0.02850
v 0.23424 1.88318 0.03125
v 0.02729 1.87962 0.08538
v 0.02905 1.87680 0.09227
v 0.03137 1.87000 0.09491
v 0.03289 1.86320 0.09174
v 0.03271 1.86038 0.08462
v 0.03095 1.86320 0.07773
v 0.02863 1.87000 0.07509
v 0.02711 1.87680 0.07826
v 0.03000 1.87000 0.08500
v 0.23737 1.88673 0.03912
v 0.23911 1.88341 0.04751
v 0.23844 1.87517 0.05150
v 0.23576 1.86682 0.04875
v 0.23263 1.86327 0.04088
v 0.23089 1.86659 0.03249
v 0.23156 1.87483 0.02850
v 0.23424 1.88318 0.03125
v 0.23500 1.87500 0.04000
vn -0.2907 0.9560 0.0403
vn -0.1143 0.6743 0.7295
vn 0.1175 -0.0057 0.9931
vn 0.2690 -0.6856 0.6764
vn 0.2515 -0.9672 -0.0348
vn 0.0751 -0.6856 -0.7241
vn -0.1568 -0.0056 -0.9876
vn -0.3084 0.6743 -0.6710
vn -0.3078 0.9505 0.0424
vn -0.1302 0.6692 0.7315
vn 0.1117 -0.0077 0.9937
vn 0.2763 -0.6838 0.6754
vn 0.2672 -0.9629 -0.0370
vn 0.0896 -0.6817 -0.7262
vn -0.1523 -0.0047 -0.9883
vn -0.3169 0.6714 -0.6700
vn -0.3156 0.9479 0.0434
vn -0.1376 0.6668 0.7324
vn 0.1090 -0.0087 0.9940
vn 0.2799 -0.6828 0.6748
vn 0.2750 -0.9607 -0.0381
vn 0.0968 -0.6796 -0.7271
vn -0.1501 -0.0042 -0.9887
vn -0.3209 0.6699 -0.6695
vn -0.2718 0.9616 0.0374
vn -0.0969 0.6798 0.7270
vn 0.1236 -0.0033 0.9923
vn 0.2614 -0.6871 0.6779
vn 0.2357 -0.9713 -0.0321
vn 0.0604 -0.6896 -0.7217
vn -0.1615 -0.0069 -0.9868
vn -0.2990 0.6770 -0.6725
vn -0.1750 0.9844 0.0209
vn -0.0067 0.7021 0.7120
vn 0.1563 0.0071 0.9877
vn 0.2201 -0.6934 0.6861
vn 0.1471 -0.9890 -0.0160
vn -0.0215 -0.7068 -0.7071
vn -0.1867 -0.0122 -0.9823
vn -0.2501 0.6884 -0.6809
vn -0.0356 0.9993 -0.0093
vn 0.1235 0.7184 0.6846
vn 0.2049 0.0165 0.9786
vn 0.1606 -0.6952 0.7007
vn 0.0166 -0.9998 0.0135
vn -0.1425 -0.7188 -0.6804
vn -0.2235 -0.0170 -0.9746
vn -0.1793 0.6947 -0.6966
vn 0.0975 0.9943 -0.0440
vn 0.2485 0.7157 0.6527
vn 0.2523 0.0181 0.9675
vn 0.1051 -0.6898 0.7164
vn -0.1066 -0.9932 0.0464
vn -0.2573 -0.7147 -0.6504
vn -0.2589 -0.0173 -0.9657
vn -0.1121 0.6906 -0.7145
vn 0.1831 0.9807 -0.0689
vn 0.3290 0.7038 0.6296
vn 0.2827 0.0146 0.9591
vn 0.0704 -0.6832 0.7269
vn -0.1833 -0.9806 0.0689
vn -0.3290 -0.7038 -0.6296
vn -0.2815 -0.0148 -0.9595
vn -0.0694 0.6829 -0.7272
vn 0.2200 0.9722 -0.0801
vn 0.3637 0.6960 0.6191
vn 0.2956 0.0118 0.9552
vn 0.0556 -0.6797 0.7314
vn -0.2158 -0.9733 0.0788
vn -0.3594 -0.6971 -0.6204
vn -0.2911 -0.0129 -0.9566
vn -0.0511 0.6785 -0.7328
vn 0.2131 0.9739 -0.0780
vn 0.3571 0.6976 0.6211
vn 0.2931 0.0124 0.9560
vn 0.0586 -0.6804 0.7305
vn -0.2091 -0.9749 0.0768
vn -0.3531 -0.6986 -0.6223
vn -0.2892 -0.0134 -0.9572
vn -0.0546 0.6794 -0.7317
vn 0.1985 0.9773 -0.0737
vn 0.3435 0.7009 0.6252
vn 0.2880 0.0137 0.9575
vn 0.0646 -0.6817 0.7288
vn -0.1959 -0.9779 0.0729
vn -0.3409 -0.7014 -0.6259
vn -0.2854 -0.0143 -0.9583
vn -0.0619 0.6811 -0.7296
vn -0.9527 -0.2736 0.1320
vn -0.9527 -0.2736 0.1320
vn -0.9527 -0.2736 0.1320
vn -0.9527 -0.2736 0.1320
vn -0.9527 -0.2736 0.1320
vn -0.9527 -0.2736 0.1320
vn -0.9527 -0.2736 0.1320
vn -0.9527 -0.2736 0.1320
vn -0.9527 -0.2736 0.1320
vn 0.9375 -0.2099 -0.2775
vn 0.9375 -0.2099 -0.2775
vn 0.9375 -0.2099 -0.2775
vn 0.9375 -0.2099 -0.2775
vn 0.9375 -0.2099 -0.2775
vn 0.9375 -0.2099 -0.2775
vn 0.9375 -0.2099 -0.2775
vn 0.9375 -0.2099 -0.2775
vn 0.9375 -0.2099 -0.2775
f 2077//2077 2078//2078 2086//2086 2085//2085
f 2078//2078 2079//2079 2087//2087 2086//2086
f 2079//2079 2080//2080 2088//2088 2087//2087
f 2080//2080 2081//2081 2089//2089 2088//2088
f 2081//2081 2082//2082 2090//2090 2089//2089
f 2082//2082 2083//2083 2091//2091 2090//2090
f 2083//2083 2084//2084 2092//2092 2091//2091
f 2084//2084 2077//2077 2085//2085 2092//2092
f 2085//2085 2086//2086 2094//2094 2093//2093
f 2086//2086 2087//2087 2095//2095 2094//2094
f 2087//2087 2088//2088 2096//2096 2095//2095
f 2088//2088 2089//2089 2097//2097 2096//2096
f 2089//2089 2090//2090 2098//2098 2097//2097
f 2090//2090 2091//2091 2099//2099 2098//2098
f 2091//2091 2092//2092 2100//2100 2099//2099
f 2092//2092 2085//2085 2093//2093 2100//2100
f 2093//2093 2094//2094 2102//2102 2101//2101
f 2094//2094 2095//2095 2103//2103 2102//2102
f 2095//2095 2096//2096 2104//2104 2103//2103
f 2096//2096 2097//2097 2105//2105 2104//2104
f 2097//2097 2098//2098 2106//2106 2105//2105
f 2098//2098 2099//2099 2107//2107 2106//2106
f 2099//2099 2100//2100 2108//2108 2107//2107
f 2100//2100 2093//2093 2101//2101 2108//2108
f 2101//2101 2102//2102 2110//2110 2109//2109
f 2102//2102 2103//2103 2111//2111 2110//2110
f 2103//2103 2104//2104 2112//2112 2111//2111
f 2104//2104 2105//2105 2113//2113 2112//2112
f 2105//2105 2106//2106 2114//2114 2113//2113
f 2106//2106 2107//2107 2115//2115 2114//2114
f 2107//2107 2108//2108 2116//2116 2115//2115
f 2108//2108 2101//2101 2109//2109 2116//2116
f 2109//2109 2110//2110 2118//2118 2117//2117
f 2110//2110 2111//2111 2119//2119 2118//2118
f 2111//2111 2112//2112 2120//2120 2119//2119
f 2112//2112 2113//2113 2121//2121 2120//2120
f 2113//2113 2114//2114 2122//2122 2121//2121
f 2114//2114 2115//2115 2123//2123 2122//2122
f 2115//2115 2116//2116 2124//2124 2123//2123
f 2116//2116 2109//2109 2117//2117 2124//2124
f 2117//2117 2118//2118 2126//2126 2125//2125
f 2118//2118 2119//2119 2127//2127 2126//2126
f 2119//2119 2120//2120 2128//2128 2127//2127
f 2120//2120 2121//2121 2129//2129 2128//2128
f 2121//2121 2122//2122 2130//2130 2129//2129
f 2122//2122 2123//2123 2131//2131 2130//2130
f 2123//2123 2124//2124 2132//2132 2131//2131
f 2124//2124 2117//2117 2125//2125 2132//2132
f 2125//2125 2126//2126 2134//2134 2133//2133
f 2126//2126 2127//2127 2135//2135 2134//2134
f 2127//2127 2128//2128 2136//2136 2135//2135
f 2128//2128 2129//2129 2137//2137 2136//2136
f 2129//2129 2130//2130 2138//2138 2137//2137
f 2130//2130 2131//2131 2139//2139 2138//2138
f 2131//2131 2132//2132 2140//2140 2139//2139
f 2132//2132 2125//2125 2133//2133 2140//2140
f 2133//2133 2134//2134 2142//2142 2141//2141
f 2134//2134 2135//2135 2143//2143 2142//2142
f 2135//2135 2136//2136 2144//2144 2143//2143
f 2136//2136 2137//2137 2145//2145 2144//2144
f 2137//2137 2138//2138 2146//2146 2145//2145
f 2138//2138 2139//2139 2147//2147 2146//2146
f 2139//2139 2140//2140 2148//2148 2147//2147
f 2140//2140 2133//2133 2141//2141 2148//2148
f 2141//2141 2142//2142 2150//2150 2149//2149
f 2142//2142 2143//2143 2151//2151 2150//2150
f 2143//2143 2144//2144 2152//2152 2151//2151
f 2144//2144 2145//2145 2153//2153 2152//2152
f 2145//2145 2146//2146 2154//2154 2153//2153
f 2146//2146 2147//2147 2155//2155 2154//2154
f 2147//2147 2148//2148 2156//2156 2155//2155
f 2148//2148 2141//2141 2149//2149 2156//2156
f 2149//2149 2150//2150 2158//2158 2157//2157
f 2150//2150 2151//2151 2159//2159 2158//2158
f 2151//2151 2152//2152 2160//2160 2159//2159
f 2152//2152 2153//2153 2161//2161 2160//2160
f 2153//2153 2154//2154 2162//2162 2161//2161
f 2154//2154 2155//2155 2163//2163 2162//2162
f 2155//2155 2156//2156 2164//2164 2163//2163
f 2156//2156 2149//2149 2157//2157 2164//2164
f 2166//2166 2173//2173 2165//2165
f 2167//2167 2173//2173 2166//2166
f 2168//2168 2173//2173 2167//2167
f 2169//2169 2173//2173 2168//2168
f 2170//2170 2173//2173 2169//2169
f 2171//2171 2173//2173 2170//2170
f 2172//2172 2173//2173 2171//2171
f 2165//2165 2173//2173 2172//2172
f 2175//2175 2182//2182 2174//2174
f 2176//2176 2182//2182 2175//2175
f 2177//2177 2182//2182 2176//2176
f 2178//2178 2182//2182 2177//2177
f 2179//2179 2182//2182 2178//2178
f 2180//2180 2182//2182 2179//2179
f 2181//2181 2182//2182 2180//2180
f 2174//2174 2182//2182 2181//2181
g part6
usemtl skin
v 0.00000 1.23400 -0.07236
v 0.00000 1.23400 -0.07236
v 0.00000 1.23400 -0.07236
v 0.00000 1.23400 -0.07236
v 0.00000 1.23400 -0.07236
v 0.00000 1.23400 -0.07236
v 0.00000 1.23400 -0.07236
v 0.00000 1.23400 -0.07236
v 0.00000 1.23133 -0.06413
v 0.00665 1.23133 -0.06654
v 0.00940 1.23133 -0.07236
v 0.00665 1.23133 -0.07818
v 0.00000 1.23133 -0.08059
v -0.00665 1.23133 -0.07818
v -0.00940 1.23133 -0.07236
v -0.00665 1.23133 -0.06654
v 0.00000 1.22433 -0.05905
v 0.01076 1.22433 -0.06295
v 0.01522 1.22433 -0.07236
v 0.01076 1.22433 -0.08178
v 0.00000 1.22433 -0.08568
v -0.01076 1.22433 -0.08178
v -0.01522 1.22433 -0.07236
v -0.01076 1.22433 -0.06295
v 0.00000 1.21567 -0.05905
v 0.01076 1.21567 -0.06295
v 0.01522 1.21567 -0.07236
v 0.01076 1.21567 -0.08178
v 0.00000 1.21567 -0.08568
v -0.01076 1.21567 -0.08178
v -0.01522 1.21567 -0.07236
v -0.01076 1.21567 -0.06295
v 0.00000 1.20867 -0.06413
v 0.00665 1.20867 -0.06654
v 0.00940 1.20867 -0.07236
v 0.00665 1.20867 -0.07818
v 0.00000 1.20867 -0.08059
v -0.00665 1.20867 -0.07818
v -0.00940 1.20867 -0.07236
v -0.00665 1.20867 -0.06654
v 0.00000 1.20600 -0.07236
v 0.00000 1.20600 -0.07236
v 0.00000 1.20600 -0.07236
v 0.00000 1.20600 -0.07236
v 0.00000 1.20600 -0.07236
v -0.00000 1.20600 -0.07236
v -0.00000 1.20600 -0.07236
v -0.00000 1.20600 -0.07236
vn 0.0000 1.0000 0.0000
vn 0.0000 1.0000 0.0000
vn 0.0000 1.0000 0.0000
vn 0.0000 1.0000 -0.0000
vn 0.0000 1.0000 -0.0000
vn -0.0000 1.0000 -0.0000
vn -0.0000 1.0000 -0.0000
vn -0.0000 1.0000 0.0000
vn 0.0000 0.8090 0.5878
vn 0.3713 0.8259 0.4243
vn 0.5365 0.8439 0.0000
vn 0.3713 0.8259 -0.4243
vn 0.0000 0.8090 -0.5878
vn -0.3713 0.8259 -0.4243
vn -0.5365 0.8439 -0.0000
vn -0.3713 0.8259 0.4243
vn 0.0000 0.3090 0.9511
vn 0.6223 0.3268 0.7112
vn 0.9375 0.3481 0.0000
vn 0.6223 0.3268 -0.7112
vn 0.0000 0.3090 -0.9511
vn -0.6223 0.3268 -0.7112
vn -0.9375 0.3481 -0.0000
vn -0.6223 0.3268 0.7112
vn 0.0000 -0.3090 0.9511
vn 0.6223 -0.3268 0.7112
vn 0.9375 -0.3481 0.0000
vn 0.6223 -0.3268 -0.7112
vn 0.0000 -0.3090 -0.9511
vn -0.6223 -0.3268 -0.7112
vn -0.9375 -0.3481 -0.0000
vn -0.6223 -0.3268 0.7112
vn 0.0000 -0.8090 0.5878
vn 0.3713 -0.8259 0.4243
vn 0.5365 -0.8439 0.0000
vn 0.3713 -0.8259 -0.4243
vn 0.0000 -0.8090 -0.5878
vn -0.3713 -0.8259 -0.4243
vn -0.5365 -0.8439 -0.0000
vn -0.3713 -0.8259 0.4243
vn 0.0000 -1.0000 0.0000
vn 0.0000 -1.0000 0.0000
vn 0.0000 -1.0000 0.0000
vn 0.0000 -1.0000 -0.0000
vn 0.0000 -1.0000 -0.0000
vn -0.0000 -1.0000 -0.0000
vn -0.0000 -1.0000 -0.0000
vn -0.0000 -1.0000 0.0000
f 2191//2191 2192//2192 2184//2184 2183//2183
f 2192//2192 2193//2193 2185//2185 2184//2184
f 2193//2193 2194//2194 2186//2186 2185//2185
f 2194//2194 2195//2195 2187//2187 2186//2186
f 2195//2195 2196//2196 2188//2188 2187//2187
f 2196//2196 2197//2197 2189//2189 2188//2188
f 2197//2197 2198//2198 2190//2190 2189//2189
f 2198//2198 2191//2191 2183//2183 2190//2190
f 2199//2199 2200//2200 2192//2192 2191//2191
f 2200//2200 2201//2201 2193//2193 2192//2192
f 2201//2201 2202//2202 2194//2194 2193//2193
f 2202//2202 2203//2203 2195//2195 2194//2194
f 2203//2203 2204//2204 2196//2196 2195//2195
f 2204//2204 2205//2205 2197//2197 2196//2196
f 2205//2205 2206//2206 2198//2198 2197//2197
f 2206//2206 2199//2199 2191//2191 2198//2198
f 2207//2207 2208//2208 2200//2200 2199//2199
f 2208//2208 2209//2209 2201//2201 2200//2200
f 2209//2209 2210//2210 2202//2202 2201//2201
f 2210//2210 2211//2211 2203//2203 2202//2202
f 2211//2211 2212//2212 2204//2204 2203//2203
f 2212//2212 2213//2213 2205//2205 2204//2204
f 2213//2213 2214//2214 2206//2206 2205//2205
f 2214//2214 2207//2207 2199//2199 2206//2206
f 2215//2215 2216//2216 2208//2208 2207//2207
f 2216//2216 2217//2217 2209//2209 2208//2208
f 2217//2217 2218//2218 2210//2210 2209//2209
f 2218//2218 2219//2219 2211//2211 2210//2210
f 2219//2219 2220//2220 2212//2212 2211//2211
f 2220//2220 2221//2221 2213//2213 2212//2212
f 2221//2221 2222//2222 2214//2214 2213//2213
f 2222//2222 2215//2215 2207//2207 2214//2214
f 2223//2223 2224//2224 2216//2216 2215//2215
f 2224//2224 2225//2225 2217//2217 2216//2216
f 2225//2225 2226//2226 2218//2218 2217//2217
f 2226//2226 2227//2227 2219//2219 2218//2218
f 2227//2227 2228//2228 2220//2220 2219//2219
f 2228//2228 2229//2229 2221//2221 2220//2220
f 2229//2229 2230//2230 2222//2222 2221//2221
f 2230//2230 2223//2223 2215//2215 2222//2222
g part7
usemtl skin
v 0.00000 1.29000 -0.07110
v 0.00000 1.29000 -0.07110
v 0.00000 1.29000 -0.07110
v 0.00000 1.29000 -0.07110
v 0.00000 1.29000 -0.07110
v 0.00000 1.29000 -0.07110
v 0.00000 1.29000 -0.07110
v 0.00000 1.29000 -0.07110
v 0.00000 1.28733 -0.06287
v 0.00665 1.28733 -0.06528
v 0.00940 1.28733 -0.07110
v 0.00665 1.28733 -0.07692
v 0.00000 1.28733 -0.07933
v -0.00665 1.28733 -0.07692
v -0.00940 1.28733 -0.07110
v -0.00665 1.28733 -0.06528
v 0.00000 1.28033 -0.05779
v 0.01076 1.28033 -0.06169
v 0.01522 1.28033 -0.07110
v 0.01076 1.28033 -0.08052
v 0.00000 1.28033 -0.08442
v -0.01076 1.28033 -0.08052
v -0.01522 1.28033 -0.07110
v -0.01076 1.28033 -0.06169
v 0.00000 1.27167 -0.05779
v 0.01076 1.27167 -0.06169
v 0.01522 1.27167 -0.07110
v 0.01076 1.27167 -0.08052
v 0.00000 1.27167 -0.08442
v -0.01076 1.27167 -0.08052
v -0.01522 1.27167 -0.07110
v -0.01076 1.27167 -0.06169
v 0.00000 1.26467 -0.06287
v 0.00665 1.26467 -0.06528
v 0.00940 1.26467 -0.07110
v 0.00665 1.26467 -0.07692
v 0.00000 1.26467 -0.07933
v -0.00665 1.26467 -0.07692
v -0.00940 1.26467 -0.07110
v -0.00665 1.26467 -0.06528
v 0.00000 1.26200 -0.07110
v 0.00000 1.26200 -0.07110
v 0.00000 1.26200 -0.07110
v 0.00000 1.26200 -0.07110
v 0.00000 1.26200 -0.07110
v -0.00000 1.26200 -0.07110
v -0.00000 1.26200 -0.07110
v -0.00000 1.26200 -0.07110
vn 0.0000 1.0000 0.0000
vn 0.0000 1.0000 0.0000
vn 0.0000 1.0000 0.0000
vn 0.0000 1.0000 -0.0000
vn 0.0000 1.0000 -0.0000
vn -0.0000 1.0000 -0.0000
vn -0.0000 1.0000 -0.0000
vn -0.0000 1.0000 0.0000
vn 0.0000 0.8090 0.5878
vn 0.3713 0.8259 0.4243
vn 0.5365 0.8439 0.0000
vn 0.3713 0.8259 -0.4243
vn 0.0000 0.8090 -0.5878
vn -0.3713 0.8259 -0.4243
vn -0.5365 0.8439 -0.0000
vn -0.3713 0.8259 0.4243
vn 0.0000 0.3090 0.9511
vn 0.6223 0.3268 0.7112
vn 0.9375 0.3481 0.0000
vn 0.6223 0.3268 -0.7112
vn 0.0000 0.3090 -0.9511
vn -0.6223 0.3268 -0.7112
vn -0.9375 0.3481 -0.0000
vn -0.6223 0.3268 0.7112
vn 0.0000 -0.3090 0.9511
vn 0.6223 -0.3268 0.7112
vn 0.9375 -0.3481 0.0000
vn 0.6223 -0.3268 -0.7112
vn 0.0000 -0.3090 -0.9511
vn -0.6223 -0.3268 -0.7112
vn -0.9375 -0.3481 -0.0000
vn -0.6223 -0.3268 0.7112
vn 0.0000 -0.8090 0.5878
vn 0.3713 -0.8259 0.4243
vn 0.5365 -0.8439 0.0000
vn 0.3713 -0.8259 -0.4243
vn 0.0000 -0.8090 -0.5878
vn -0.3713 -0.8259 -0.4243
vn -0.5365 -0.8439 -0.0000
vn -0.3713 -0.8259 0.4243
vn 0.0000 -1.0000 0.0000
vn 0.0000 -1.0000 0.0000
vn 0.0000 -1.0000 0.0000
vn 0.0000 -1.0000 -0.0000
vn 0.0000 -1.0000 -0.0000
vn -0.0000 -1.0000 -0.0000
vn -0.0000 -1.0000 -0.0000
vn -0.0000 -1.0000 0.0000
f 2239//2239 2240//2240 2232//2232 2231//2231
f 2240//2240 2241//2241 2233//2233 2232//2232
f 2241//2241 2242//2242 2234//2234 2233//2233
f 2242//2242 2243//2243 2235//2235 2234//2234
f 2243//2243 2244//2244 2236//2236 2235//2235
f 2244//2244 2245//2245 2237//2237 2236//2236
f 2245//2245 2246//2246 2238//2238 2237//2237
f 2246//2246 2239//2239 2231//2231 2238//2238
f 2247//2247 2248//2248 2240//2240 2239//2239
f 2248//2248 2249//2249 2241//2241 2240//2240
f 2249//2249 2250//2250 2242//2242 2241//2241
f 2250//2250 2251//2251 2243//2243 2242//2242
f 2251//2251 2252//2252 2244//2244 2243//2243
f 2252//2252 2253//2253 2245//2245 2244//2244
f 2253//2253 2254//2254 2246//2246 2245//2245
f 2254//2254 2247//2247 2239//2239 2246//2246
f 2255//2255 2256//2256 2248//2248 2247//2247
f 2256//2256 2257//2257 2249//2249 2248//2248
f 2257//2257 2258//2258 2250//2250 2249//2249
f 2258//2258 2259//2259 2251//2251 2250//2250
f 2259//2259 2260//2260 2252//2252 2251//2251
f 2260//2260 2261//2261 2253//2253 2252//2252
f 2261//2261 2262//2262 2254//2254 2253//2253
f 2262//2262 2255//2255 2247//2247 2254//2254
f 2263//2263 2264//2264 2256//2256 2255//2255
f 2264//2264 2265//2265 2257//2257 2256//2256
f 2265//2265 2266//2266 2258//2258 2257//2257
f 2266//2266 2267//2267 2259//2259 2258//2258
f 2267//2267 2268//2268 2260//2260 2259//2259
f 2268//2268 2269//2269 2261//2261 2260//2260
f 2269//2269 2270//2270 2262//2262 2261//2261
f 2270//2270 2263//2263 2255//2255 2262//2262
f 2271//2271 2272//2272 2264//2264 2263//2263
f 2272//2272 2273//2273 2265//2265 2264//2264
f 2273//2273 2274//2274 2266//2266 2265//2265
f 2274//2274 2275//2275 2267//2267 2266//2266
f 2275//2275 2276//2276 2268//2268 2267//2267
f 2276//2276 2277//2277 2269//2269 2268//2268
f 2277//2277 2278//2278 2270//2270 2269//2269
f 2278//2278 2271//2271 2263//2263 2270//2270
g part8
usemtl skin
v 0.00000 1.34600 -0.07415
v 0.00000 1.34600 -0.07415
v 0.00000 1.34600 -0.07415
v 0.00000 1.34600 -0.07415
v 0.00000 1.34600 -0.07415
v 0.00000 1.34600 -0.07415
v 0.00000 1.34600 -0.07415
v 0.00000 1.34600 -0.07415
v 0.00000 1.34333 -0.06592
v 0.00665 1.34333 -0.06833
v 0.00940 1.34333 -0.07415
v 0.00665 1.34333 -0.07996
v 0.00000 1.34333 -0.08238
v -0.00665 1.34333 -0.07996
v -0.00940 1.34333 -0.07415
v -0.00665 1.34333 -0.06833
v 0.00000 1.33633 -0.06083
v 0.01076 1.33633 -0.06473
v 0.01522 1.33633 -0.07415
v 0.01076 1.33633 -0.08356
v 0.00000 1.33633 -0.08746
v -0.01076 1.33633 -0.08356
v -0.01522 1.33633 -0.07415
v -0.01076 1.33633 -0.06473
v 0.00000 1.32767 -0.06083
v 0.01076 1.32767 -0.06473
v 0.01522 1.32767 -0.07415
v 0.01076 1.32767 -0.08356
v 0.00000 1.32767 -0.08746
v -0.01076 1.32767 -0.08356
v -0.01522 1.32767 -0.07415
v -0.01076 1.32767 -0.06473
v 0.00000 1.32067 -0.06592
v 0.00665 1.32067 -0.06833
v 0.00940 1.32067 -0.07415
v 0.00665 1.32067 -0.07996
v 0.00000 1.32067 -0.08238
v -0.00665 1.32067 -0.07996
v -0.00940 1.32067 -0.07415
v -0.00665 1.32067 -0.06833
v 0.00000 1.31800 -0.07415
v 0.00000 1.31800 -0.07415
v 0.00000 1.31800 -0.07415
v 0.00000 1.31800 -0.07415
v 0.00000 1.31800 -0.07415
v -0.00000 1.31800 -0.07415
v -0.00000 1.31800 -0.07415
v -0.00000 1.31800 -0.07415
vn 0.0000 1.0000 0.0000
vn 0.0000 1.0000 0.0000
vn 0.0000 1.0000 0.0000
vn 0.0000 1.0000 -0.0000
vn 0.0000 1.0000 -0.0000
vn -0.0000 1.0000 -0.0000
vn -0.0000 1.0000 -0.0000
vn -0.0000 1.0000 0.0000
vn 0.0000 0.8090 0.5878
vn 0.3713 0.8259 0.4243
vn 0.5365 0.8439 0.0000
vn 0.3713 0.8259 -0.4243
vn 0.0000 0.8090 -0.5878
vn -0.3713 0.8259 -0.4243
vn -0.5365 0.8439 -0.0000
vn -0.3713 0.8259 0.4243
vn 0.0000 0.3090 0.9511
vn 0.6223 0.3268 0.7112
vn 0.9375 0.3481 0.0000
vn 0.6223 0.3268 -0.7112
vn 0.0000 0.3090 -0.9511
vn -0.6223 0.3268 -0.7112
vn -0.9375 0.3481 -0.0000
vn -0.6223 0.3268 0.7112
vn 0.0000 -0.3090 0.9511
vn 0.6223 -0.3268 0.7112
vn 0.9375 -0.3481 0.0000
vn 0.6223 -0.3268 -0.7112
vn 0.0000 -0.3090 -0.9511
vn -0.6223 -0.3268 -0.7112
vn -0.9375 -0.3481 -0.0000
vn -0.6223 -0.3268 0.7112
vn 0.0000 -0.8090 0.5878
vn 0.3713 -0.8259 0.4243
vn 0.5365 -0.8439 0.0000
vn 0.3713 -0.8259 -0.4243
vn 0.0000 -0.8090 -0.5878
vn -0.3713 -0.8259 -0.4243
vn -0.5365 -0.8439 -0.0000
vn -0.3713 -0.8259 0.4243
vn 0.0000 -1.0000 0.0000
vn 0.0000 -1.0000 0.0000
vn 0.0000 -1.0000 0.0000
vn 0.0000 -1.0000 -0.0000
vn 0.0000 -1.0000 -0.0000
vn -0.0000 -1.0000 -0.0000
vn -0.0000 -1.0000 -0.0000
vn -0.0000 -1.0000 0.0000
f 2287//2287 2288//2288 2280//2280 2279//2279
f 2288//2288 2289//2289 2281//2281 2280//2280
f 2289//2289 2290//2290 2282//2282 2281//2281
f 2290//2290 2291//2291 2283//2283 2282//2282
f 2291//2291 2292//2292 2284//2284 2283//2283
f 2292//2292 2293//2293 2285//2285 2284//2284
f 2293//2293 2294//2294 2286//2286 2285//2285
f 2294//2294 2287//2287 2279//2279 2286//2286
f 2295//2295 2296//2296 2288//2288 2287//2287
f 2296//2296 2297//2297 2289//2289 2288//2288
f 2297//2297 2298//2298 2290//2290 2289//2289
f 2298//2298 2299//2299 2291//2291 2290//2290
f 2299//2299 2300//2300 2292//2292 2291//2291
f 2300//2300 2301//2301 2293//2293 2292//2292
f 2301//2301 2302//2302 2294//2294 2293//2293
f 2302//2302 2295//2295 2287//2287 2294//2294
f 2303//2303 2304//2304 2296//2296 2295//2295
f 2304//2304 2305//2305 2297//2297 2296//2296
f 2305//2305 2306//2306 2298//2298 2297//2297
f 2306//2306 2307//2307 2299//2299 2298//2298
f 2307//2307 2308//2308 2300//2300 2299//2299
f 2308//2308 2309//2309 2301//2301 2300//2300
f 2309//2309 2310//2310 2302//2302 2301//2301
f 2310//2310 2303//2303 2295//2295 2302//2302
f 2311//2311 2312//2312 2304//2304 2303//2303
f 2312//2312 2313//2313 2305//2305 2304//2304
f 2313//2313 2314//2314 2306//2306 2305//2305
f 2314//2314 2315//2315 2307//2307 2306//2306
f 2315//2315 2316//2316 2308//2308 2307//2307
f 2316//2316 2317//2317 2309//2309 2308//2308
f 2317//2317 2318//2318 2310//2310 2309//2309
f 2318//2318 2311//2311 2303//2303 2310//2310
f 2319//2319 2320//2320 2312//2312 2311//2311
f 2320//2320 2321//2321 2313//2313 2312//2312
f 2321//2321 2322//2322 2314//2314 2313//2313
f 2322//2322 2323//2323 2315//2315 2314//2314
f 2323//2323 2324//2324 2316//2316 2315//2315
f 2324//2324 2325//2325 2317//2317 2316//2316
f 2325//2325 2326//2326 2318//2318 2317//2317
f 2326//2326 2319//2319 2311//2311 2318//2318
g part9
usemtl skin
v 0.00000 1.40200 -0.07857
v 0.00000 1.40200 -0.07857
v 0.00000 1.40200 -0.07857
v 0.00000 1.40200 -0.07857
v 0.00000 1.40200 -0.07857
v 0.00000 1.40200 -0.07857
v 0.00000 1.40200 -0.07857
v 0.00000 1.40200 -0.07857
v 0.00000 1.39933 -0.07034
v 0.00665 1.39933 -0.07275
v 0.00940 1.39933 -0.07857
v 0.00665 1.39933 -0.08439
v 0.00000 1.39933 -0.08680
v -0.00665 1.39933 -0.08439
v -0.00940 1.39933 -0.07857
v -0.00665 1.39933 -0.07275
v 0.00000 1.39233 -0.06526
v 0.01076 1.39233 -0.06916
v 0.01522 1.39233 -0.07857
v 0.01076 1.39233 -0.08799
v 0.00000 1.39233 -0.09189
v -0.01076 1.39233 -0.08799
v -0.01522 1.39233 -0.07857
v -0.01076 1.39233 -0.06916
v 0.00000 1.38367 -0.06526
v 0.01076 1.38367 -0.06916
v 0.01522 1.38367 -0.07857
v 0.01076 1.38367 -0.08799
v 0.00000 1.38367 -0.09189
v -0.01076 1.38367 -0.08799
v -0.01522 1.38367 -0.07857
v -0.01076 1.38367 -0.06916
v 0.00000 1.37667 -0.07034
v 0.00665 1.37667 -0.07275
v 0.00940 1.37667 -0.07857
v 0.00665 1.37667 -0.08439
v 0.00000 1.37667 -0.08680
v -0.00665 1.37667 -0.08439
v -0.00940 1.37667 -0.07857
v -0.00665 1.37667 -0.07275
v 0.00000 1.37400 -0.07857
v 0.00000 1.37400 -0.07857
v 0.00000 1.37400 -0.07857
v 0.00000 1.37400 -0.07857
v 0.00000 1.37400 -0.07857
v -0.00000 1.37400 -0.07857
v -0.00000 1.37400 -0.07857
v -0.00000 1.37400 -0.07857
vn 0.0000 1.0000 0.0000
vn 0.0000 1.0000 0.0000
vn 0.0000 1.0000 0.0000
vn 0.0000 1.0000 -0.0000
vn 0.0000 1.0000 -0.0000
vn -0.0000 1.0000 -0.0000
vn -0.0000 1.0000 -0.0000
vn -0.0000 1.0000 0.0000
vn 0.0000 0.8090 0.5878
vn 0.3713 0.8259 0.4243
vn 0.5365 0.8439 0.0000
vn 0.3713 0.8259 -0.4243
vn 0.0000 0.8090 -0.5878
vn -0.3713 0.8259 -0.4243
vn -0.5365 0.8439 -0.0000
vn -0.3713 0.8259 0.4243
vn 0.0000 0.3090 0.9511
vn 0.6223 0.3268 0.7112
vn 0.9375 0.3481 0.0000
vn 0.6223 0.3268 -0.7112
vn 0.0000 0.3090 -0.9511
vn -0.6223 0.3268 -0.7112
vn -0.9375 0.3481 -0.0000
vn -0.6223 0.3268 0.7112
vn 0.0000 -0.3090 0.9511
vn 0.6223 -0.3268 0.7112
vn 0.9375 -0.3481 0.0000
vn 0.6223 -0.3268 -0.7112
vn 0.0000 -0.3090 -0.9511
vn -0.6223 -0.3268 -0.7112
vn -0.9375 -0.3481 -0.0000
vn -0.6223 -0.3268 0.7112
vn 0.0000 -0.8090 0.5878
vn 0.3713 -0.8259 0.4243
vn 0.5365 -0.8439 0.0000
vn 0.3713 -0.8259 -0.4243
vn 0.0000 -0.8090 -0.5878
vn -0.3713 -0.8259 -0.4243
vn -0.5365 -0.8439 -0.0000
vn -0.3713 -0.8259 0.4243
vn 0.0000 -1.0000 0.0000
vn 0.0000 -1.0000 0.0000
vn 0.0000 -1.0000 0.0000
vn 0.0000 -1.0000 -0.0000
vn 0.0000 -1.0000 -0.0000
vn -0.0000 -1.0000 -0.0000
vn -0.0000 -1.0000 -0.0000
vn -0.0000 -1.0000 0.0000
f 2335//2335 2336//2336 2328//2328 2327//2327
f 2336//2336 2337//2337 2329//2329 2328//2328
f 2337//2337 2338//2338 2330//2330 2329//2329
f 2338//2338 2339//2339 2331//2331 2330//2330
f 2339//2339 2340//2340 2332//2332 2331//2331
f 2340//2340 2341//2341 2333//2333 2332//2332
f 2341//2341 2342//2342 2334//2334 2333//2333
f 2342//2342 2335//2335 2327//2327 2334//2334
f 2343//2343 2344//2344 2336//2336 2335//2335
f 2344//2344 2345//2345 2337//2337 2336//2336
f 2345//2345 2346//2346 2338//2338 2337//2337
f 2346//2346 2347//2347 2339//2339 2338//2338
f 2347//2347 2348//2348 2340//2340 2339//2339
f 2348//2348 2349//2349 2341//2341 2340//2340
f 2349//2349 2350//2350 2342//2342 2341//2341
f 2350//2350 2343//2343 2335//2335 2342//2342
f 2351//2351 2352//2352 2344//2344 2343//2343
f 2352//2352 2353//2353 2345//2345 2344//2344
f 2353//2353 2354//2354 2346//2346 2345//2345
f 2354//2354 2355//2355 2347//2347 2346//2346
f 2355//2355 2356//2356 2348//2348 2347//2347
f 2356//2356 2357//2357 2349//2349 2348//2348
f 2357//2357 2358//2358 2350//2350 2349//2349
f 2358//2358 2351//2351 2343//2343 2350//2350
f 2359//2359 2360//2360 2352//2352 2351//2351
f 2360//2360 2361//2361 2353//2353 2352//2352
f 2361//2361 2362//2362 2354//2354 2353//2353
f 2362//2362 2363//2363 2355//2355 2354//2354
f 2363//2363 2364//2364 2356//2356 2355//2355
f 2364//2364 2365//2365 2357//2357 2356//2356
f 2365//2365 2366//2366 2358//2358 2357//2357
f 2366//2366 2359//2359 2351//2351 2358//2358
f 2367//2367 2368//2368 2360//2360 2359//2359
f 2368//2368 2369//2369 2361//2361 2360//2360
f 2369//2369 2370//2370 2362//2362 2361//2361
f 2370//2370 2371//2371 2363//2363 2362//2362
f 2371//2371 2372//2372 2364//2364 2363//2363
f 2372//2372 2373//2373 2365//2365 2364//2364
f 2373//2373 2374//2374 2366//2366 2365//2365
f 2374//2374 2367//2367 2359//2359 2366//2366
g part10
usemtl skin
v 0.00000 1.45800 -0.08286
v 0.00000 1.45800 -0.08286
v 0.00000 1.45800 -0.08286
v 0.00000 1.45800 -0.08286
v 0.00000 1.45800 -0.08286
v 0.00000 1.45800 -0.08286
v 0.00000 1.45800 -0.08286
v 0.00000 1.45800 -0.08286
v 0.00000 1.45533 -0.07463
v 0.00665 1.45533 -0.07704
v 0.00940 1.45533 -0.08286
v 0.00665 1.45533 -0.08868
v 0.00000 1.45533 -0.09109
v -0.00665 1.45533 -0.08868
v -0.00940 1.45533 -0.08286
v -0.00665 1.45533 -0.07704
v 0.00000 1.44833 -0.06954
v 0.01076 1.44833 -0.07344
v 0.01522 1.44833 -0.08286
v 0.01076 1.44833 -0.09227
v 0.00000 1.44833 -0.09617
v -0.01076 1.44833 -0.09227
v -0.01522 1.44833 -0.08286
v -0.01076 1.44833 -0.07344
v 0.00000 1.43967 -0.06954
v 0.01076 1.43967 -0.07344
v 0.01522 1.43967 -0.08286
v 0.01076 1.43967 -0.09227
v 0.00000 1.43967 -0.09617
v -0.01076 1.43967 -0.09227
v -0.01522 1.43967 -0.08286
v -0.01076 1.43967 -0.07344
v 0.00000 1.43267 -0.07463
v 0.00665 1.43267 -0.07704
v 0.00940 1.43267 -0.08286
v 0.00665 1.43267 -0.08868
v 0.00000 1.43267 -0.09109
v -0.00665 1.43267 -0.08868
v -0.00940 1.43267 -0.08286
v -0.00665 1.43267 -0.07704
v 0.00000 1.43000 -0.08286
v 0.00000 1.43000 -0.08286
v 0.00000 1.43000 -0.08286
v 0.00000 1.43000 -0.08286
v 0.00000 1.43000 -0.08286
v -0.00000 1.43000 -0.08286
v -0.00000 1.43000 -0.08286
v -0.00000 1.43000 -0.08286
vn 0.0000 1.0000 0.0000
vn 0.0000 1.0000 0.0000
vn 0.0000 1.0000 0.0000
vn 0.0000 1.0000 -0.0000
vn 0.0000 1.0000 -0.0000
vn -0.0000 1.0000 -0.0000
vn -0.0000 1.0000 -0.0000
vn -0.0000 1.0000 0.0000
vn 0.0000 0.8090 0.5878
vn 0.3713 0.8259 0.4243
vn 0.5365 0.8439 0.0000
vn 0.3713 0.8259 -0.4243
vn 0.0000 0.8090 -0.5878
vn -0.3713 0.8259 -0.4243
vn -0.5365 0.8439 -0.0000
vn -0.3713 0.8259 0.4243
vn 0.0000 0.3090 0.9511
vn 0.6223 0.3268 0.7112
vn 0.9375 0.3481 0.0000
vn 0.6223 0.3268 -0.7112
vn 0.0000 0.3090 -0.9511
vn -0.6223 0.3268 -0.7112
vn -0.9375 0.3481 -0.0000
vn -0.6223 0.3268 0.7112
vn 0.0000 -0.3090 0.9511
vn 0.6223 -0.3268 0.7112
vn 0.9375 -0.3481 0.0000
vn 0.6223 -0.3268 -0.7112
vn 0.0000 -0.3090 -0.9511
vn -0.6223 -0.3268 -0.7112
vn -0.9375 -0.3481 -0.0000
vn -0.6223 -0.3268 0.7112
vn 0.0000 -0.8090 0.5878
vn 0.3713 -0.8259 0.4243
vn 0.5365 -0.8439 0.0000
vn 0.3713 -0.8259 -0.4243
vn 0.0000 -0.8090 -0.5878
vn -0.3713 -0.8259 -0.4243
vn -0.5365 -0.8439 -0.0000
vn -0.3713 -0.8259 0.4243
vn 0.0000 -1.0000 0.0000
vn 0.0000 -1.0000 0.0000
vn 0.0000 -1.0000 0.0000
vn 0.0000 -1.0000 -0.0000
vn 0.0000 -1.0000 -0.0000
vn -0.0000 -1.0000 -0.0000
vn -0.0000 -1.0000 -0.0000
vn -0.0000 -1.0000 0.0000
f 2383//2383 2384//2384 2376//2376 2375//2375
f 2384//2384 2385//2385 2377//2377 2376//2376
f 2385//2385 2386//2386 2378//2378 2377//2377
f 2386//2386 2387//2387 2379//2379 2378//2378
f 2387//2387 2388//2388 2380//2380 2379//2379
f 2388//2388 2389//2389 2381//2381 2380//2380
f 2389//2389 2390//2390 2382//2382 2381//2381
f 2390//2390 2383//2383 2375//2375 2382//2382
f 2391//2391 2392//2392 2384//2384 2383//2383
f 2392//2392 2393//2393 2385//2385 2384//2384
f 2393//2393 2394//2394 2386//2386 2385//2385
f 2394//2394 2395//2395 2387//2387 2386//2386
f 2395//2395 2396//2396 2388//2388 2387//2387
f 2396//2396 2397//2397 2389//2389 2388//2388
f 2397//2397 2398//2398 2390//2390 2389//2389
f 2398//2398 2391//2391 2383//2383 2390//2390
f 2399//2399 2400//2400 2392//2392 2391//2391
f 2400//2400 2401//2401 2393//2393 2392//2392
f 2401//2401 2402//2402 2394//2394 2393//2393
f 2402//2402 2403//2403 2395//2395 2394//2394
f 2403//2403 2404//2404 2396//2396 2395//2395
f 2404//2404 2405//2405 2397//2397 2396//2396
f 2405//2405 2406//2406 2398//2398 2397//2397
f 2406//2406 2399//2399 2391//2391 2398//2398
f 2407//2407 2408//2408 2400//2400 2399//2399
f 2408//2408 2409//2409 2401//2401 2400//2400
f 2409//2409 2410//2410 2402//2402 2401//2401
f 2410//2410 2411//2411 2403//2403 2402//2402
f 2411//2411 2412//2412 2404//2404 2403//2403
f 2412//2412 2413//2413 2405//2405 2404//2404
f 2413//2413 2414//2414 2406//2406 2405//2405
f 2414//2414 2407//2407 2399//2399 2406//2406
f 2415//2415 2416//2416 2408//2408 2407//2407
f 2416//2416 2417//2417 2409//2409 2408//2408
f 2417//2417 2418//2418 2410//2410 2409//2409
f 2418//2418 2419//2419 2411//2411 2410//2410
f 2419//2419 2420//2420 2412//2412 2411//2411
f 2420//2420 2421//2421 2413//2413 2412//2412
f 2421//2421 2422//2422 2414//2414 2413//2413
f 2422//2422 2415//2415 2407//2407 2414//2414
g part11
usemtl skin
v 0.00000 1.51400 -0.08799
v 0.00000 1.51400 -0.08799
v 0.00000 1.51400 -0.08799
v 0.00000 1.51400 -0.08799
v 0.00000 1.51400 -0.08799
v 0.00000 1.51400 -0.08799
v 0.00000 1.51400 -0.08799
v 0.00000 1.51400 -0.08799
v 0.00000 1.51133 -0.07976
v 0.00665 1.51133 -0.08217
v 0.00940 1.51133 -0.08799
v 0.00665 1.51133 -0.09381
v 0.00000 1.51133 -0.09622
v -0.00665 1.51133 -0.09381
v -0.00940 1.51133 -0.08799
v -0.00665 1.51133 -0.08217
v 0.00000 1.50433 -0.07467
v 0.01076 1.50433 -0.07857
v 0.01522 1.50433 -0.08799
v 0.01076 1.50433 -0.09740
v 0.00000 1.50433 -0.10130
v -0.01076 1.50433 -0.09740
v -0.01522 1.50433 -0.08799
v -0.01076 1.50433 -0.07857
v 0.00000 1.49567 -0.07467
v 0.01076 1.49567 -0.07857
v 0.01522 1.49567 -0.08799
v 0.01076 1.49567 -0.09740
v 0.00000 1.49567 -0.10130
v -0.01076 1.49567 -0.09740
v -0.01522 1.49567 -0.08799
v -0.01076 1.49567 -0.07857
v 0.00000 1.48867 -0.07976
v 0.00665 1.48867 -0.08217
v 0.00940 1.48867 -0.08799
v 0.00665 1.48867 -0.09381
v 0.00000 1.48867 -0.09622
v -0.00665 1.48867 -0.09381
v -0.00940 1.48867 -0.08799
v -0.00665 1.48867 -0.08217
v 0.00000 1.48600 -0.08799
v 0.00000 1.48600 -0.08799
v 0.00000 1.48600 -0.08799
v 0.00000 1.48600 -0.08799
v 0.00000 1.48600 -0.08799
v -0.00000 1.48600 -0.08799
v -0.00000 1.48600 -0.08799
v -0.00000 1.48600 -0.08799
vn 0.0000 1.0000 0.0000
vn 0.0000 1.0000 0.0000
vn 0.0000 1.0000 0.0000
vn 0.0000 1.0000 -0.0000
vn 0.0000 1.0000 -0.0000
vn -0.0000 1.0000 -0.0000
vn -0.0000 1.0000 -0.0000
vn -0.0000 1.0000 0.0000
vn 0.0000 0.8090 0.5878
vn 0.3713 0.8259 0.4243
vn 0.5365 0.8439 0.0000
vn 0.3713 0.8259 -0.4243
vn 0.0000 0.8090 -0.5878
vn -0.3713 0.8259 -0.4243
vn -0.5365 0.8439 -0.0000
vn -0.3713 0.8259 0.4243
vn 0.0000 0.3090 0.9511
vn 0.6223 0.3268 0.7112
vn 0.9375 0.3481 0.0000
vn 0.6223 0.3268 -0.7112
vn 0.0000 0.3090 -0.9511
vn -0.6223 0.3268 -0.7112
vn -0.9375 0.3481 -0.0000
vn -0.6223 0.3268 0.7112
vn 0.0000 -0.3090 0.9511
vn 0.6223 -0.3268 0.7112
vn 0.9375 -0.3481 0.0000
vn 0.6223 -0.3268 -0.7112
vn 0.0000 -0.3090 -0.9511
vn -0.6223 -0.3268 -0.7112
vn -0.9375 -0.3481 -0.0000
vn -0.6223 -0.3268 0.7112
vn 0.0000 -0.8090 0.5878
vn 0.3713 -0.8259 0.4243
vn 0.5365 -0.8439 0.0000
vn 0.3713 -0.8259 -0.4243
vn 0.0000 -0.8090 -0.5878
vn -0.3713 -0.8259 -0.4243
vn -0.5365 -0.8439 -0.0000
vn -0.3713 -0.8259 0.4243
vn 0.0000 -1.0000 0.0000
vn 0.0000 -1.0000 0.0000
vn 0.0000 -1.0000 0.0000
vn 0.0000 -1.0000 -0.0000
vn 0.0000 -1.0000 -0.0000
vn -0.0000 -1.0000 -0.0000
vn -0.0000 -1.0000 -0.0000
vn -0.0000 -1.0000 0.0000
f 2431//2431 2432//2432 2424//2424 2423//2423
f 2432//2432 2433//2433 2425//2425 2424//2424
f 2433//2433 2434//2434 2426//2426 2425//2425
f 2434//2434 2435//2435 2427//2427 2426//2426
f 2435//2435 2436//2436 2428//2428 2427//2427
f 2436//2436 2437//2437 2429//2429 2428//2428
f 2437//2437 2438//2438 2430//2430 2429//2429
f 2438//2438 2431//2431 2423//2423 2430//2430
f 2439//2439 2440//2440 2432//2432 2431//2431
f 2440//2440 2441//2441 2433//2433 2432//2432
f 2441//2441 2442//2442 2434//2434 2433//2433
f 2442//2442 2443//2443 2435//2435 2434//2434
f 2443//2443 2444//2444 2436//2436 2435//2435
f 2444//2444 2445//2445 2437//2437 2436//2436
f 2445//2445 2446//2446 2438//2438 2437//2437
f 2446//2446 2439//2439 2431//2431 2438//2438
f 2447//2447 2448//2448 2440//2440 2439//2439
f 2448//2448 2449//2449 2441//2441 2440//2440
f 2449//2449 2450//2450 2442//2442 2441//2441
f 2450//2450 2451//2451 2443//2443 2442//2442
f 2451//2451 2452//2452 2444//2444 2443//2443
f 2452//2452 2453//2453 2445//2445 2444//2444
f 2453//2453 2454//2454 2446//2446 2445//2445
f 2454//2454 2447//2447 2439//2439 2446//2446
f 2455//2455 2456//2456 2448//2448 2447//2447
f 2456//2456 2457//2457 2449//2449 2448//2448
f 2457//2457 2458//2458 2450//2450 2449//2449
f 2458//2458 2459//2459 2451//2451 2450//2450
f 2459//2459 2460//2460 2452//2452 2451//2451
f 2460//2460 2461//2461 2453//2453 2452//2452
f 2461//2461 2462//2462 2454//2454 2453//2453
f 2462//2462 2455//2455 2447//2447 2454//2454
f 2463//2463 2464//2464 2456//2456 2455//2455
f 2464//2464 2465//2465 2457//2457 2456//2456
f 2465//2465 2466//2466 2458//2458 2457//2457
f 2466//2466 2467//2467 2459//2459 2458//2458
f 2467//2467 2468//2468 2460//2460 2459//2459
f 2468//2468 2469//2469 2461//2461 2460//2460
f 2469//2469 2470//2470 2462//2462 2461//2461
f 2470//2470 2463//2463 2455//2455 2462//2462
g part12
usemtl skin
v 0.00000 1.57000 -0.09309
v 0.00000 1.57000 -0.09309
v 0.00000 1.57000 -0.09309
v 0.00000 1.57000 -0.09309
v 0.00000 1.57000 -0.09309
v 0.00000 1.57000 -0.09309
v 0.00000 1.57000 -0.09309
v 0.00000 1.57000 -0.09309
v 0.00000 1.56733 -0.08486
v 0.00665 1.56733 -0.08727
v 0.00940 1.56733 -0.09309
v 0.00665 1.56733 -0.09891
v 0.00000 1.56733 -0.10132
v -0.00665 1.56733 -0.09891
v -0.00940 1.56733 -0.09309
v -0.00665 1.56733 -0.08727
v 0.00000 1.56033 -0.07978
v 0.01076 1.56033 -0.08368
v 0.01522 1.56033 -0.09309
v 0.01076 1.56033 -0.10251
v 0.00000 1.56033 -0.10641
v -0.01076 1.56033 -0.10251
v -0.01522 1.56033 -0.09309
v -0.01076 1.56033 -0.08368
v 0.00000 1.55167 -0.07978
v 0.01076 1.55167 -0.08368
v 0.01522 1.55167 -0.09309
v 0.01076 1.55167 -0.10251
v 0.00000 1.55167 -0.10641
v -0.01076 1.55167 -0.10251
v -0.01522 1.55167 -0.09309
v -0.01076 1.55167 -0.08368
v 0.00000 1.54467 -0.08486
v 0.00665 1.54467 -0.08727
v 0.00940 1.54467 -0.09309
v 0.00665 1.54467 -0.09891
v 0.00000 1.54467 -0.10132
v -0.00665 1.54467 -0.09891
v -0.00940 1.54467 -0.09309
v -0.00665 1.54467 -0.08727
v 0.00000 1.54200 -0.09309
v 0.00000 1.54200 -0.09309
v 0.00000 1.54200 -0.09309
v 0.00000 1.54200 -0.09309
v 0.00000 1.54200 -0.09309
v -0.00000 1.54200 -0.09309
v -0.00000 1.54200 -0.09309
v -0.00000 1.54200 -0.09309
vn 0.0000 1.0000 0.0000
vn 0.0000 1.0000 0.0000
vn 0.0000 1.0000 0.0000
vn 0.0000 1.0000 -0.0000
vn 0.0000 1.0000 -0.0000
vn -0.0000 1.0000 -0.0000
vn -0.0000 1.0000 -0.0000
vn -0.0000 1.0000 0.0000
vn 0.0000 0.8090 0.5878
vn 0.3713 0.8259 0.4243
vn 0.5365 0.8439 0.0000
vn 0.3713 0.8259 -0.4243
vn 0.0000 0.8090 -0.5878
vn -0.3713 0.8259 -0.4243
vn -0.5365 0.8439 -0.0000
vn -0.3713 0.8259 0.4243
vn 0.0000 0.3090 0.9511
vn 0.6223 0.3268 0.7112
vn 0.9375 0.3481 0.0000
vn 0.6223 0.3268 -0.7112
vn 0.0000 0.3090 -0.9511
vn -0.6223 0.3268 -0.7112
vn -0.9375 0.3481 -0.0000
vn -0.6223 0.3268 0.7112
vn 0.0000 -0.3090 0.9511
vn 0.6223 -0.3268 0.7112
vn 0.9375 -0.3481 0.0000
vn 0.6223 -0.3268 -0.7112
vn 0.0000 -0.3090 -0.9511
vn -0.6223 -0.3268 -0.7112
vn -0.9375 -0.3481 -0.0000
vn -0.6223 -0.3268 0.7112
vn 0.0000 -0.8090 0.5878
vn 0.3713 -0.8259 0.4243
vn 0.5365 -0.8439 0.0000
vn 0.3713 -0.8259 -0.4243
vn 0.0000 -0.8090 -0.5878
vn -0.3713 -0.8259 -0.4243
vn -0.5365 -0.8439 -0.0000
vn -0.3713 -0.8259 0.4243
vn 0.0000 -1.0000 0.0000
vn 0.0000 -1.0000 0.0000
vn 0.0000 -1.0000 0.0000
vn 0.0000 -1.0000 -0.0000
vn 0.0000 -1.0000 -0.0000
vn -0.0000 -1.0000 -0.0000
vn -0.0000 -1.0000 -0.0000
vn -0.0000 -1.0000 0.0000
f 2479//2479 2480//2480 2472//2472 2471//2471
f 2480//2480 2481//2481 2473//2473 2472//2472
f 2481//2481 2482//2482 2474//2474 2473//2473
f 2482//2482 2483//2483 2475//2475 2474//2474
f 2483//2483 2484//2484 2476//2476 2475//2475
f 2484//2484 2485//2485 2477//2477 2476//2476
f 2485//2485 2486//2486 2478//2478 2477//2477
f 2486//2486 2479//2479 2471//2471 2478//2478
f 2487//2487 2488//2488 2480//2480 2479//2479
f 2488//2488 2489//2489 2481//2481 2480//2480
f 2489//2489 2490//2490 2482//2482 2481//2481
f 2490//2490 2491//2491 2483//2483 2482//2482
f 2491//2491 2492//2492 2484//2484 2483//2483
f 2492//2492 2493//2493 2485//2485 2484//2484
f 2493//2493 2494//2494 2486//2486 2485//2485
f 2494//2494 2487//2487 2479//2479 2486//2486
f 2495//2495 2496//2496 2488//2488 2487//2487
f 2496//2496 2497//2497 2489//2489 2488//2488
f 2497//2497 2498//2498 2490//2490 2489//2489
f 2498//2498 2499//2499 2491//2491 2490//2490
f 2499//2499 2500//2500 2492//2492 2491//2491
f 2500//2500 2501//2501 2493//2493 2492//2492
f 2501//2501 2502//2502 2494//2494 2493//2493
f 2502//2502 2495//2495 2487//2487 2494//2494
f 2503//2503 2504//2504 2496//2496 2495//2495
f 2504//2504 2505//2505 2497//2497 2496//2496
f 2505//2505 2506//2506 2498//2498 2497//2497
f 2506//2506 2507//2507 2499//2499 2498//2498
f 2507//2507 2508//2508 2500//2500 2499//2499
f 2508//2508 2509//2509 2501//2501 2500//2500
f 2509//2509 2510//2510 2502//2502 2501//2501
f 2510//2510 2503//2503 2495//2495 2502//2502
f 2511//2511 2512//2512 2504//2504 2503//2503
f 2512//2512 2513//2513 2505//2505 2504//2504
f 2513//2513 2514//2514 2506//2506 2505//2505
f 2514//2514 2515//2515 2507//2507 2506//2506
f 2515//2515 2516//2516 2508//2508 2507//2507
f 2516//2516 2517//2517 2509//2509 2508//2508
f 2517//2517 2518//2518 2510//2510 2509//2509
f 2518//2518 2511//2511 2503//2503 2510//2510
g part13
usemtl skin
v 0.00000 1.62600 -0.09649
v 0.00000 1.62600 -0.09649
v 0.00000 1.62600 -0.09649
v 0.00000 1.62600 -0.09649
v 0.00000 1.62600 -0.09649
v 0.00000 1.62600 -0.09649
v 0.00000 1.62600 -0.09649
v 0.00000 1.62600 -0.09649
v 0.00000 1.62333 -0.08826
v 0.00665 1.62333 -0.09067
v 0.00940 1.62333 -0.09649
v 0.00665 1.62333 -0.10231
v 0.00000 1.62333 -0.10472
v -0.00665 1.62333 -0.10231
v -0.00940 1.62333 -0.09649
v -0.00665 1.62333 -0.09067
v 0.00000 1.61633 -0.08317
v 0.01076 1.61633 -0.08707
v 0.01522 1.61633 -0.09649
v 0.01076 1.61633 -0.10590
v 0.00000 1.61633 -0.10980
v -0.01076 1.61633 -0.10590
v -0.01522 1.61633 -0.09649
v -0.01076 1.61633 -0.08707
v 0.00000 1.60767 -0.08317
v 0.01076 1.60767 -0.08707
v 0.01522 1.60767 -0.09649
v 0.01076 1.60767 -0.10590
v 0.00000 1.60767 -0.10980
v -0.01076 1.60767 -0.10590
v -0.01522 1.60767 -0.09649
v -0.01076 1.60767 -0.08707
v 0.00000 1.60067 -0.08826
v 0.00665 1.60067 -0.09067
v 0.00940 1.60067 -0.09649
v 0.00665 1.60067 -0.10231
v 0.00000 1.60067 -0.10472
v -0.00665 1.60067 -0.10231
v -0.00940 1.60067 -0.09649
v -0.00665 1.60067 -0.09067
v 0.00000 1.59800 -0.09649
v 0.00000 1.59800 -0.09649
v 0.00000 1.59800 -0.09649
v 0.00000 1.59800 -0.09649
v 0.00000 1.59800 -0.09649
v -0.00000 1.59800 -0.09649
v -0.00000 1.59800 -0.09649
v -0.00000 1.59800 -0.09649
vn 0.0000 1.0000 0.0000
vn 0.0000 1.0000 0.0000
vn 0.0000 1.0000 0.0000
vn 0.0000 1.0000 -0.0000
vn 0.0000 1.0000 -0.0000
vn -0.0000 1.0000 -0.0000
vn -0.0000 1.0000 -0.0000
vn -0.0000 1.0000 0.0000
vn 0.0000 0.8090 0.5878
vn 0.3713 0.8259 0.4243
vn 0.5365 0.8439 0.0000
vn 0.3713 0.8259 -0.4243
vn 0.0000 0.8090 -0.5878
vn -0.3713 0.8259 -0.4243
vn -0.5365 0.8439 -0.0000
vn -0.3713 0.8259 0.4243
vn 0.0000 0.3090 0.9511
vn 0.6223 0.3268 0.7112
vn 0.9375 0.3481 0.0000
vn 0.6223 0.3268 -0.7112
vn 0.0000 0.3090 -0.9511
vn -0.6223 0.3268 -0.7112
vn -0.9375 0.3481 -0.0000
vn -0.6223 0.3268 0.7112
vn 0.0000 -0.3090 0.9511
vn 0.6223 -0.3268 0.7112
vn 0.9375 -0.3481 0.0000
vn 0.6223 -0.3268 -0.7112
vn 0.0000 -0.3090 -0.9511
vn -0.6223 -0.3268 -0.7112
vn -0.9375 -0.3481 -0.0000
vn -0.6223 -0.3268 0.7112
vn 0.0000 -0.8090 0.5878
vn 0.3713 -0.8259 0.4243
vn 0.5365 -0.8439 0.0000
vn 0.3713 -0.8259 -0.4243
vn 0.0000 -0.8090 -0.5878
vn -0.3713 -0.8259 -0.4243
vn -0.5365 -0.8439 -0.0000
vn -0.3713 -0.8259 0.4243
vn 0.0000 -1.0000 0.0000
vn 0.0000 -1.0000 0.0000
vn 0.0000 -1.0000 0.0000
vn 0.0000 -1.0000 -0.0000
vn 0.0000 -1.0000 -0.0000
vn -0.0000 -1.0000 -0.0000
vn -0.0000 -1.0000 -0.0000
vn -0.0000 -1.0000 0.0000
f 2527//2527 2528//2528 2520//2520 2519//2519
f 2528//2528 2529//2529 2521//2521 2520//2520
f 2529//2529 2530//2530 2522//2522 2521//2521
f 2530//2530 2531//2531 2523//2523 2522//2522
f 2531//2531 2532//2532 2524//2524 2523//2523
f 2532//2532 2533//2533 2525//2525 2524//2524
f 2533//2533 2534//2534 2526//2526 2525//2525
f 2534//2534 2527//2527 2519//2519 2526//2526
f 2535//2535 2536//2536 2528//2528 2527//2527
f 2536//2536 2537//2537 2529//2529 2528//2528
f 2537//2537 2538//2538 2530//2530 2529//2529
f 2538//2538 2539//2539 2531//2531 2530//2530
f 2539//2539 2540//2540 2532//2532 2531//2531
f 2540//2540 2541//2541 2533//2533 2532//2532
f 2541//2541 2542//2542 2534//2534 2533//2533
f 2542//2542 2535//2535 2527//2527 2534//2534
f 2543//2543 2544//2544 2536//2536 2535//2535
f 2544//2544 2545//2545 2537//2537 2536//2536
f 2545//2545 2546//2546 2538//2538 2537//2537
f 2546//2546 2547//2547 2539//2539 2538//2538
f 2547//2547 2548//2548 2540//2540 2539//2539
f 2548//2548 2549//2549 2541//2541 2540//2540
f 2549//2549 2550//2550 2542//2542 2541//2541
f 2550//2550 2543//2543 2535//2535 2542//2542
f 2551//2551 2552//2552 2544//2544 2543//2543
f 2552//2552 2553//2553 2545//2545 2544//2544
f 2553//2553 2554//2554 2546//2546 2545//2545
f 2554//2554 2555//2555 2547//2547 2546//2546
f 2555//2555 2556//2556 2548//2548 2547//2547
f 2556//2556 2557//2557 2549//2549 2548//2548
f 2557//2557 2558//2558 2550//2550 2549//2549
f 2558//2558 2551//2551 2543//2543 2550//2550
f 2559//2559 2560//2560 2552//2552 2551//2551
f 2560//2560 2561//2561 2553//2553 2552//2552
f 2561//2561 2562//2562 2554//2554 2553//2553
f 2562//2562 2563//2563 2555//2555 2554//2554
f 2563//2563 2564//2564 2556//2556 2555//2555
f 2564//2564 2565//2565 2557//2557 2556//2556
f 2565//2565 2566//2566 2558//2558 2557//2557
f 2566//2566 2559//2559 2551//2551 2558//2558
g part14
usemtl skin
v 0.00000 1.68200 -0.09757
v 0.00000 1.68200 -0.09757
v 0.00000 1.68200 -0.09757
v 0.00000 1.68200 -0.09757
v 0.00000 1.68200 -0.09757
v 0.00000 1.68200 -0.09757
v 0.00000 1.68200 -0.09757
v 0.00000 1.68200 -0.09757
v 0.00000 1.67933 -0.08934
v 0.00665 1.67933 -0.09175
v 0.00940 1.67933 -0.09757
v 0.00665 1.67933 -0.10339
v 0.00000 1.67933 -0.10580
v -0.00665 1.67933 -0.10339
v -0.00940 1.67933 -0.09757
v -0.00665 1.67933 -0.09175
v 0.00000 1.67233 -0.08425
v 0.01076 1.67233 -0.08815
v 0.01522 1.67233 -0.09757
v 0.01076 1.67233 -0.10698
v 0.00000 1.67233 -0.11088
v -0.01076 1.67233 -0.10698
v -0.01522 1.67233 -0.09757
v -0.01076 1.67233 -0.08815
v 0.00000 1.66367 -0.08425
v 0.01076 1.66367 -0.08815
v 0.01522 1.66367 -0.09757
v 0.01076 1.66367 -0.10698
v 0.00000 1.66367 -0.11088
v -0.01076 1.66367 -0.10698
v -0.01522 1.66367 -0.09757
v -0.01076 1.66367 -0.08815
v 0.00000 1.65667 -0.08934
v 0.00665 1.65667 -0.09175
v 0.00940 1.65667 -0.09757
v 0.00665 1.65667 -0.10339
v 0.00000 1.65667 -0.10580
v -0.00665 1.65667 -0.10339
v -0.00940 1.65667 -0.09757
v -0.00665 1.65667 -0.09175
v 0.00000 1.65400 -0.09757
v 0.00000 1.65400 -0.09757
v 0.00000 1.65400 -0.09757
v 0.00000 1.65400 -0.09757
v 0.00000 1.65400 -0.09757
v -0.00000 1.65400 -0.09757
v -0.00000 1.65400 -0.09757
v -0.00000 1.65400 -0.09757
vn 0.0000 1.0000 0.0000
vn 0.0000 1.0000 0.0000
vn 0.0000 1.0000 0.0000
vn 0.0000 1.0000 -0.0000
vn 0.0000 1.0000 -0.0000
vn -0.0000 1.0000 -0.0000
vn -0.0000 1.0000 -0.0000
vn -0.0000 1.0000 0.0000
vn 0.0000 0.8090 0.5878
vn 0.3713 0.8259 0.4243
vn 0.5365 0.8439 0.0000
vn 0.3713 0.8259 -0.4243
vn 0.0000 0.8090 -0.5878
vn -0.3713 0.8259 -0.4243
vn -0.5365 0.8439 -0.0000
vn -0.3713 0.8259 0.4243
vn 0.0000 0.3090 0.9511
vn 0.6223 0.3268 0.7112
vn 0.9375 0.3481 0.0000
vn 0.6223 0.3268 -0.7112
vn 0.0000 0.3090 -0.9511
vn -0.6223 0.3268 -0.7112
vn -0.9375 0.3481 -0.0000
vn -0.6223 0.3268 0.7112
vn 0.0000 -0.3090 0.9511
vn 0.6223 -0.3268 0.7112
vn 0.9375 -0.3481 0.0000
vn 0.6223 -0.3268 -0.7112
vn 0.0000 -0.3090 -0.9511
vn -0.6223 -0.3268 -0.7112
vn -0.9375 -0.3481 -0.0000
vn -0.6223 -0.3268 0.7112
vn 0.0000 -0.8090 0.5878
vn 0.3713 -0.8259 0.4243
vn 0.5365 -0.8439 0.0000
vn 0.3713 -0.8259 -0.4243
vn 0.0000 -0.8090 -0.5878
vn -0.3713 -0.8259 -0.4243
vn -0.5365 -0.8439 -0.0000
vn -0.3713 -0.8259 0.4243
vn 0.0000 -1.0000 0.0000
vn 0.0000 -1.0000 0.0000
vn 0.0000 -1.0000 0.0000
vn 0.0000 -1.0000 -0.0000
vn 0.0000 -1.0000 -0.0000
vn -0.0000 -1.0000 -0.0000
vn -0.0000 -1.0000 -0.0000
vn -0.0000 -1.0000 0.0000
f 2575//2575 2576//2576 2568//2568 2567//2567
f 2576//2576 2577//2577 2569//2569 2568//2568
f 2577//2577 2578//2578 2570//2570 2569//2569
f 2578//2578 2579//2579 2571//2571 2570//2570
f 2579//2579 2580//2580 2572//2572 2571//2571
f 2580//2580 2581//2581 2573//2573 2572//2572
f 2581//2581 2582//2582 2574//2574 2573//2573
f 2582//2582 2575//2575 2567//2567 2574//2574
f 2583//2583 2584//2584 2576//2576 2575//2575
f 2584//2584 2585//2585 2577//2577 2576//2576
f 2585//2585 2586//2586 2578//2578 2577//2577
f 2586//2586 2587//2587 2579//2579 2578//2578
f 2587//2587 2588//2588 2580//2580 2579//2579
f 2588//2588 2589//2589 2581//2581 2580//2580
f 2589//2589 2590//2590 2582//2582 2581//2581
f 2590//2590 2583//2583 2575//2575 2582//2582
f 2591//2591 2592//2592 2584//2584 2583//2583
f 2592//2592 2593//2593 2585//2585 2584//2584
f 2593//2593 2594//2594 2586//2586 2585//2585
f 2594//2594 2595//2595 2587//2587 2586//2586
f 2595//2595 2596//2596 2588//2588 2587//2587
f 2596//2596 2597//2597 2589//2589 2588//2588
f 2597//2597 2598//2598 2590//2590 2589//2589
f 2598//2598 2591//2591 2583//2583 2590//2590
f 2599//2599 2600//2600 2592//2592 2591//2591
f 2600//2600 2601//2601 2593//2593 2592//2592
f 2601//2601 2602//2602 2594//2594 2593//2593
f 2602//2602 2603//2603 2595//2595 2594//2594
f 2603//2603 2604//2604 2596//2596 2595//2595
f 2604//2604 2605//2605 2597//2597 2596//2596
f 2605//2605 2606//2606 2598//2598 2597//2597
f 2606//2606 2599//2599 2591//2591 2598//2598
f 2607//2607 2608//2608 2600//2600 2599//2599
f 2608//2608 2609//2609 2601//2601 2600//2600
f 2609//2609 2610//2610 2602//2602 2601//2601
f 2610//2610 2611//2611 2603//2603 2602//2602
f 2611//2611 2612//2612 2604//2604 2603//2603
f 2612//2612 2613//2613 2605//2605 2604//2604
f 2613//2613 2614//2614 2606//2606 2605//2605
f 2614//2614 2607//2607 2599//2599 2606//2606
g part15
usemtl skin
v 0.00000 1.73800 -0.09685
v 0.00000 1.73800 -0.09685
v 0.00000 1.73800 -0.09685
v 0.00000 1.73800 -0.09685
v 0.00000 1.73800 -0.09685
v 0.00000 1.73800 -0.09685
v 0.00000 1.73800 -0.09685
v 0.00000 1.73800 -0.09685
v 0.00000 1.73533 -0.08862
v 0.00665 1.73533 -0.09103
v 0.00940 1.73533 -0.09685
v 0.00665 1.73533 -0.10267
v 0.00000 1.73533 -0.10508
v -0.00665 1.73533 -0.10267
v -0.00940 1.73533 -0.09685
v -0.00665 1.73533 -0.09103
v 0.00000 1.72833 -0.08353
v 0.01076 1.72833 -0.08743
v 0.01522 1.72833 -0.09685
v 0.01076 1.72833 -0.10626
v 0.00000 1.72833 -0.11016
v -0.01076 1.72833 -0.10626
v -0.01522 1.72833 -0.09685
v -0.01076 1.72833 -0.08743
v 0.00000 1.71967 -0.08353
v 0.01076 1.71967 -0.08743
v 0.01522 1.71967 -0.09685
v 0.01076 1.71967 -0.10626
v 0.00000 1.71967 -0.11016
v -0.01076 1.71967 -0.10626
v -0.01522 1.71967 -0.09685
v -0.01076 1.71967 -0.08743
v 0.00000 1.71267 -0.08862
v 0.00665 1.71267 -0.09103
v 0.00940 1.71267 -0.09685
v 0.00665 1.71267 -0.10267
v 0.00000 1.71267 -0.10508
v -0.00665 1.71267 -0.10267
v -0.00940 1.71267 -0.09685
v -0.00665 1.71267 -0.09103
v 0.00000 1.71000 -0.09685
v 0.00000 1.71000 -0.09685
v 0.00000 1.71000 -0.09685
v 0.00000 1.71000 -0.09685
v 0.00000 1.71000 -0.09685
v -0.00000 1.71000 -0.09685
v -0.00000 1.71000 -0.09685
v -0.00000 1.71000 -0.09685
vn 0.0000 1.0000 0.0000
vn 0.0000 1.0000 0.0000
vn 0.0000 1.0000 0.0000
vn 0.0000 1.0000 -0.0000
vn 0.0000 1.0000 -0.0000
vn -0.0000 1.0000 -0.0000
vn -0.0000 1.0000 -0.0000
vn -0.0000 1.0000 0.0000
vn 0.0000 0.8090 0.5878
vn 0.3713 0.8259 0.4243
vn 0.5365 0.8439 0.0000
vn 0.3713 0.8259 -0.4243
vn 0.0000 0.8090 -0.5878
vn -0.3713 0.8259 -0.4243
vn -0.5365 0.8439 -0.0000
vn -0.3713 0.8259 0.4243
vn 0.0000 0.3090 0.9511
vn 0.6223 0.3268 0.7112
vn 0.9375 0.3481 0.0000
vn 0.6223 0.3268 -0.7112
vn 0.0000 0.3090 -0.9511
vn -0.6223 0.3268 -0.7112
vn -0.9375 0.3481 -0.0000
vn -0.6223 0.3268 0.7112
vn 0.0000 -0.3090 0.9511
vn 0.6223 -0.3268 0.7112
vn 0.9375 -0.3481 0.0000
vn 0.6223 -0.3268 -0.7112
vn 0.0000 -0.3090 -0.9511
vn -0.6223 -0.3268 -0.7112
vn -0.9375 -0.3481 -0.0000
vn -0.6223 -0.3268 0.7112
vn 0.0000 -0.8090 0.5878
vn 0.3713 -0.8259 0.4243
vn 0.5365 -0.8439 0.0000
vn 0.3713 -0.8259 -0.4243
vn 0.0000 -0.8090 -0.5878
vn -0.3713 -0.8259 -0.4243
vn -0.5365 -0.8439 -0.0000
vn -0.3713 -0.8259 0.4243
vn 0.0000 -1.0000 0.0000
vn 0.0000 -1.0000 0.0000
vn 0.0000 -1.0000 0.0000
vn 0.0000 -1.0000 -0.0000
vn 0.0000 -1.0000 -0.0000
vn -0.0000 -1.0000 -0.0000
vn -0.0000 -1.0000 -0.0000
vn -0.0000 -1.0000 0.0000
f 2623//2623 2624//2624 2616//2616 2615//2615
f 2624//2624 2625//2625 2617//2617 2616//2616
f 2625//2625 2626//2626 2618//2618 2617//2617
f 2626//2626 2627//2627 2619//2619 2618//2618
f 2627//2627 2628//2628 2620//2620 2619//2619
f 2628//2628 2629//2629 2621//2621 2620//2620
f 2629//2629 2630//2630 2622//2622 2621//2621
f 2630//2630 2623//2623 2615//2615 2622//2622
f 2631//2631 2632//2632 2624//2624 2623//2623
f 2632//2632 2633//2633 2625//2625 2624//2624
f 2633//2633 2634//2634 2626//2626 2625//2625
f 2634//2634 2635//2635 2627//2627 2626//2626
f 2635//2635 2636//2636 2628//2628 2627//2627
f 2636//2636 2637//2637 2629//2629 2628//2628
f 2637//2637 2638//2638 2630//2630 2629//2629
f 2638//2638 2631//2631 2623//2623 2630//2630
f 2639//2639 2640//2640 2632//2632 2631//2631
f 2640//2640 2641//2641 2633//2633 2632//2632
f 2641//2641 2642//2642 2634//2634 2633//2633
f 2642//2642 2643//2643 2635//2635 2634//2634
f 2643//2643 2644//2644 2636//2636 2635//2635
f 2644//2644 2645//2645 2637//2637 2636//2636
f 2645//2645 2646//2646 2638//2638 2637//2637
f 2646//2646 2639//2639 2631//2631 2638//2638
f 2647//2647 2648//2648 2640//2640 2639//2639
f 2648//2648 2649//2649 2641//2641 2640//2640
f 2649//2649 2650//2650 2642//2642 2641//2641
f 2650//2650 2651//2651 2643//2643 2642//2642
f 2651//2651 2652//2652 2644//2644 2643//2643
f 2652//2652 2653//2653 2645//2645 2644//2644
f 2653//2653 2654//2654 2646//2646 2645//2645
f 2654//2654 2647//2647 2639//2639 2646//2646
f 2655//2655 2656//2656 2648//2648 2647//2647
f 2656//2656 2657//2657 2649//2649 2648//2648
f 2657//2657 2658//2658 2650//2650 2649//2649
f 2658//2658 2659//2659 2651//2651 2650//2650
f 2659//2659 2660//2660 2652//2652 2651//2651
f 2660//2660 2661//2661 2653//2653 2652//2652
f 2661//2661 2662//2662 2654//2654 2653//2653
f 2662//2662 2655//2655 2647//2647 2654//2654
g part16
usemtl skin
v 0.00000 1.79400 -0.09450
v 0.00000 1.79400 -0.09450
v 0.00000 1.79400 -0.09450
v 0.00000 1.79400 -0.09450
v 0.00000 1.79400 -0.09450
v 0.00000 1.79400 -0.09450
v 0.00000 1.79400 -0.09450
v 0.00000 1.79400 -0.09450
v 0.00000 1.79133 -0.08627
v 0.00665 1.79133 -0.08868
v 0.00940 1.79133 -0.09450
v 0.00665 1.79133 -0.10032
v 0.00000 1.79133 -0.10273
v -0.00665 1.79133 -0.10032
v -0.00940 1.79133 -0.09450
v -0.00665 1.79133 -0.08868
v 0.00000 1.78433 -0.08118
v 0.01076 1.78433 -0.08508
v 0.01522 1.78433 -0.09450
v 0.01076 1.78433 -0.10391
v 0.00000 1.78433 -0.10781
v -0.01076 1.78433 -0.10391
v -0.01522 1.78433 -0.09450
v -0.01076 1.78433 -0.08508
v 0.00000 1.77567 -0.08118
v 0.01076 1.77567 -0.08508
v 0.01522 1.77567 -0.09450
v 0.01076 1.77567 -0.10391
v 0.00000 1.77567 -0.10781
v -0.01076 1.77567 -0.10391
v -0.01522 1.77567 -0.09450
v -0.01076 1.77567 -0.08508
v 0.00000 1.76867 -0.08627
v 0.00665 1.76867 -0.08868
v 0.00940 1.76867 -0.09450
v 0.00665 1.76867 -0.10032
v 0.00000 1.76867 -0.10273
v -0.00665 1.76867 -0.10032
v -0.00940 1.76867 -0.09450
v -0.00665 1.76867 -0.08868
v 0.00000 1.76600 -0.09450
v 0.00000 1.76600 -0.09450
v 0.00000 1.76600 -0.09450
v 0.00000 1.76600 -0.09450
v 0.00000 1.76600 -0.09450
v -0.00000 1.76600 -0.09450
v -0.00000 1.76600 -0.09450
v -0.00000 1.76600 -0.09450
vn 0.0000 1.0000 0.0000
vn 0.0000 1.0000 0.0000
vn 0.0000 1.0000 0.0000
vn 0.0000 1.0000 -0.0000
vn 0.0000 1.0000 -0.0000
vn -0.0000 1.0000 -0.0000
vn -0.0000 1.0000 -0.0000
vn -0.0000 1.0000 0.0000
vn 0.0000 0.8090 0.5878
vn 0.3713 0.8259 0.4243
vn 0.5365 0.8439 0.0000
vn 0.3713 0.8259 -0.4243
vn 0.0000 0.8090 -0.5878
vn -0.3713 0.8259 -0.4243
vn -0.5365 0.8439 -0.0000
vn -0.3713 0.8259 0.4243
vn 0.0000 0.3090 0.9511
vn 0.6223 0.3268 0.7112
vn 0.9375 0.3481 0.0000
vn 0.6223 0.3268 -0.7112
vn 0.0000 0.3090 -0.9511
vn -0.6223 0.3268 -0.7112
vn -0.9375 0.3481 -0.0000
vn -0.6223 0.3268 0.7112
vn 0.0000 -0.3090 0.9511
vn 0.6223 -0.3268 0.7112
vn 0.9375 -0.3481 0.0000
vn 0.6223 -0.3268 -0.7112
vn 0.0000 -0.3090 -0.9511
vn -0.6223 -0.3268 -0.7112
vn -0.9375 -0.3481 -0.0000
vn -0.6223 -0.3268 0.7112
vn 0.0000 -0.8090 0.5878
vn 0.3713 -0.8259 0.4243
vn 0.5365 -0.8439 0.0000
vn 0.3713 -0.8259 -0.4243
vn 0.0000 -0.8090 -0.5878
vn -0.3713 -0.8259 -0.4243
vn -0.5365 -0.8439 -0.0000
vn -0.3713 -0.8259 0.4243
vn 0.0000 -1.0000 0.0000
vn 0.0000 -1.0000 0.0000
vn 0.0000 -1.0000 0.0000
vn 0.0000 -1.0000 -0.0000
vn 0.0000 -1.0000 -0.0000
vn -0.0000 -1.0000 -0.0000
vn -0.0000 -1.0000 -0.0000
vn -0.0000 -1.0000 0.0000
f 2671//2671 2672//2672 2664//2664 2663//2663
f 2672//2672 2673//2673 2665//2665 2664//2664
f 2673//2673 2674//2674 2666//2666 2665//2665
f 2674//2674 2675//2675 2667//2667 2666//2666
f 2675//2675 2676//2676 2668//2668 2667//2667
f 2676//2676 2677//2677 2669//2669 2668//2668
f 2677//2677 2678//2678 2670//2670 2669//2669
f 2678//2678 2671//2671 2663//2663 2670//2670
f 2679//2679 2680//2680 2672//2672 2671//2671
f 2680//2680 2681//2681 2673//2673 2672//2672
f 2681//2681 2682//2682 2674//2674 2673//2673
f 2682//2682 2683//2683 2675//2675 2674//2674
f 2683//2683 2684//2684 2676//2676 2675//2675
f 2684//2684 2685//2685 2677//2677 2676//2676
f 2685//2685 2686//2686 2678//2678 2677//2677
f 2686//2686 2679//2679 2671//2671 2678//2678
f 2687//2687 2688//2688 2680//2680 2679//2679
f 2688//2688 2689//2689 2681//2681 2680//2680
f 2689//2689 2690//2690 2682//2682 2681//2681
f 2690//2690 2691//2691 2683//2683 2682//2682
f 2691//2691 2692//2692 2684//2684 2683//2683
f 2692//2692 2693//2693 2685//2685 2684//2684
f 2693//2693 2694//2694 2686//2686 2685//2685
f 2694//2694 2687//2687 2679//2679 2686//2686
f 2695//2695 2696//2696 2688//2688 2687//2687
f 2696//2696 2697//2697 2689//2689 2688//2688
f 2697//2697 2698//2698 2690//2690 2689//2689
f 2698//2698 2699//2699 2691//2691 2690//2690
f 2699//2699 2700//2700 2692//2692 2691//2691
f 2700//2700 2701//2701 2693//2693 2692//2692
f 2701//2701 2702//2702 2694//2694 2693//2693
f 2702//2702 2695//2695 2687//2687 2694//2694
f 2703//2703 2704//2704 2696//2696 2695//2695
f 2704//2704 2705//2705 2697//2697 2696//2696
f 2705//2705 2706//2706 2698//2698 2697//2697
f 2706//2706 2707//2707 2699//2699 2698//2698
f 2707//2707 2708//2708 2700//2700 2699//2699
f 2708//2708 2709//2709 2701//2701 2700//2700
f 2709//2709 2710//2710 2702//2702 2701//2701
f 2710//2710 2703//2703 2695//2695 2702//2702
g part17
usemtl skin
v 0.00000 1.85000 -0.08938
v 0.00000 1.85000 -0.08938
v 0.00000 1.85000 -0.08938
v 0.00000 1.85000 -0.08938
v 0.00000 1.85000 -0.08938
v 0.00000 1.85000 -0.08938
v 0.00000 1.85000 -0.08938
v 0.00000 1.85000 -0.08938
v 0.00000 1.84733 -0.08115
v 0.00665 1.84733 -0.08356
v 0.00940 1.84733 -0.08938
v 0.00665 1.84733 -0.09520
v 0.00000 1.84733 -0.09761
v -0.00665 1.84733 -0.09520
v -0.00940 1.84733 -0.08938
v -0.00665 1.84733 -0.08356
v 0.00000 1.84033 -0.07606
v 0.01076 1.84033 -0.07996
v 0.01522 1.84033 -0.08938
v 0.01076 1.84033 -0.09879
v 0.00000 1.84033 -0.10269
v -0.01076 1.84033 -0.09879
v -0.01522 1.84033 -0.08938
v -0.01076 1.84033 -0.07996
v 0.00000 1.83167 -0.07606
v 0.01076 1.83167 -0.07996
v 0.01522 1.83167 -0.08938
v 0.01076 1.83167 -0.09879
v 0.00000 1.83167 -0.10269
v -0.01076 1.83167 -0.09879
v -0.01522 1.83167 -0.08938
v -0.01076 1.83167 -0.07996
v 0.00000 1.82467 -0.08115
v 0.00665 1.82467 -0.08356
v 0.00940 1.82467 -0.08938
v 0.00665 1.82467 -0.09520
v 0.00000 1.82467 -0.09761
v -0.00665 1.82467 -0.09520
v -0.00940 1.82467 -0.08938
v -0.00665 1.82467 -0.08356
v 0.00000 1.82200 -0.08938
v 0.00000 1.82200 -0.08938
v 0.00000 1.82200 -0.08938
v 0.00000 1.82200 -0.08938
v 0.00000 1.82200 -0.08938
v -0.00000 1.82200 -0.08938
v -0.00000 1.82200 -0.08938
v -0.00000 1.82200 -0.08938
vn 0.0000 1.0000 0.0000
vn 0.0000 1.0000 0.0000
vn 0.0000 1.0000 0.0000
vn 0.0000 1.0000 -0.0000
vn 0.0000 1.0000 -0.0000
vn -0.0000 1.0000 -0.0000
vn -0.0000 1.0000 -0.0000
vn -0.0000 1.0000 0.0000
vn 0.0000 0.8090 0.5878
vn 0.3713 0.8259 0.4243
vn 0.5365 0.8439 0.0000
vn 0.3713 0.8259 -0.4243
vn 0.0000 0.8090 -0.5878
vn -0.3713 0.8259 -0.4243
vn -0.5365 0.8439 -0.0000
vn -0.3713 0.8259 0.4243
vn 0.0000 0.3090 0.9511
vn 0.6223 0.3268 0.7112
vn 0.9375 0.3481 0.0000
vn 0.6223 0.3268 -0.7112
vn 0.0000 0.3090 -0.9511
vn -0.6223 0.3268 -0.7112
vn -0.9375 0.3481 -0.0000
vn -0.6223 0.3268 0.7112
vn 0.0000 -0.3090 0.9511
vn 0.6223 -0.3268 0.7112
vn 0.9375 -0.3481 0.0000
vn 0.6223 -0.3268 -0.7112
vn 0.0000 -0.3090 -0.9511
vn -0.6223 -0.3268 -0.7112
vn -0.9375 -0.3481 -0.0000
vn -0.6223 -0.3268 0.7112
vn 0.0000 -0.8090 0.5878
vn 0.3713 -0.8259 0.4243
vn 0.5365 -0.8439 0.0000
vn 0.3713 -0.8259 -0.4243
vn 0.0000 -0.8090 -0.5878
vn -0.3713 -0.8259 -0.4243
vn -0.5365 -0.8439 -0.0000
vn -0.3713 -0.8259 0.4243
vn 0.0000 -1.0000 0.0000
vn 0.0000 -1.0000 0.0000
vn 0.0000 -1.0000 0.0000
vn 0.0000 -1.0000 -0.0000
vn 0.0000 -1.0000 -0.0000
vn -0.0000 -1.0000 -0.0000
vn -0.0000 -1.0000 -0.0000
vn -0.0000 -1.0000 0.0000
f 2719//2719 2720//2720 2712//2712 2711//2711
f 2720//2720 2721//2721 2713//2713 2712//2712
f 2721//2721 2722//2722 2714//2714 2713//2713
f 2722//2722 2723//2723 2715//2715 2714//2714
f 2723//2723 2724//2724 2716//2716 2715//2715
f 2724//2724 2725//2725 2717//2717 2716//2716
f 2725//2725 2726//2726 2718//2718 2717//2717
f 2726//2726 2719//2719 2711//2711 2718//2718
f 2727//2727 2728//2728 2720//2720 2719//2719
f 2728//2728 2729//2729 2721//2721 2720//2720
f 2729//2729 2730//2730 2722//2722 2721//2721
f 2730//2730 2731//2731 2723//2723 2722//2722
f 2731//2731 2732//2732 2724//2724 2723//2723
f 2732//2732 2733//2733 2725//2725 2724//2724
f 2733//2733 2734//2734 2726//2726 2725//2725
f 2734//2734 2727//2727 2719//2719 2726//2726
f 2735//2735 2736//2736 2728//2728 2727//2727
f 2736//2736 2737//2737 2729//2729 2728//2728
f 2737//2737 2738//2738 2730//2730 2729//2729
f 2738//2738 2739//2739 2731//2731 2730//2730
f 2739//2739 2740//2740 2732//2732 2731//2731
f 2740//2740 2741//2741 2733//2733 2732//2732
f 2741//2741 2742//2742 2734//2734 2733//2733
f 2742//2742 2735//2735 2727//2727 2734//2734
f 2743//2743 2744//2744 2736//2736 2735//2735
f 2744//2744 2745//2745 2737//2737 2736//2736
f 2745//2745 2746//2746 2738//2738 2737//2737
f 2746//2746 2747//2747 2739//2739 2738//2738
f 2747//2747 2748//2748 2740//2740 2739//2739
f 2748//2748 2749//2749 2741//2741 2740//2740
f 2749//2749 2750//2750 2742//2742 2741//2741
f 2750//2750 2743//2743 2735//2735 2742//2742
f 2751//2751 2752//2752 2744//2744 2743//2743
f 2752//2752 2753//2753 2745//2745 2744//2744
f 2753//2753 2754//2754 2746//2746 2745//2745
f 2754//2754 2755//2755 2747//2747 2746//2746
f 2755//2755 2756//2756 2748//2748 2747//2747
f 2756//2756 2757//2757 2749//2749 2748//2748
f 2757//2757 2758//2758 2750//2750 2749//2749
f 2758//2758 2751//2751 2743//2743 2750//2750
g part18
usemtl skin
v 0.00000 1.90600 -0.07978
v 0.00000 1.90600 -0.07978
v 0.00000 1.90600 -0.07978
v 0.00000 1.90600 -0.07978
v 0.00000 1.90600 -0.07978
v 0.00000 1.90600 -0.07978
v 0.00000 1.90600 -0.07978
v 0.00000 1.90600 -0.07978
v 0.00000 1.90333 -0.07155
v 0.00665 1.90333 -0.07396
v 0.00940 1.90333 -0.07978
v 0.00665 1.90333 -0.08560
v 0.00000 1.90333 -0.08801
v -0.00665 1.90333 -0.08560
v -0.00940 1.90333 -0.07978
v -0.00665 1.90333 -0.07396
v 0.00000 1.89633 -0.06646
v 0.01076 1.89633 -0.07036
v 0.01522 1.89633 -0.07978
v 0.01076 1.89633 -0.08919
v 0.00000 1.89633 -0.09309
v -0.01076 1.89633 -0.08919
v -0.01522 1.89633 -0.07978
v -0.01076 1.89633 -0.07036
v 0.00000 1.88767 -0.06646
v 0.01076 1.88767 -0.07036
v 0.01522 1.88767 -0.07978
v 0.01076 1.88767 -0.08919
v 0.00000 1.88767 -0.09309
v -0.01076 1.88767 -0.08919
v -0.01522 1.88767 -0.07978
v -0.01076 1.88767 -0.07036
v 0.00000 1.88067 -0.07155
v 0.00665 1.88067 -0.07396
v 0.00940 1.88067 -0.07978
v 0.00665 1.88067 -0.08560
v 0.00000 1.88067 -0.08801
v -0.00665 1.88067 -0.08560
v -0.00940 1.88067 -0.07978
v -0.00665 1.88067 -0.07396
v 0.00000 1.87800 -0.07978
v 0.00000 1.87800 -0.07978
v 0.00000 1.87800 -0.07978
v 0.00000 1.87800 -0.07978
v 0.00000 1.87800 -0.07978
v -0.00000 1.87800 -0.07978
v -0.00000 1.87800 -0.07978
v -0.00000 1.87800 -0.07978
vn 0.0000 1.0000 0.0000
vn 0.0000 1.0000 0.0000
vn 0.0000 1.0000 0.0000
vn 0.0000 1.0000 -0.0000
vn 0.0000 1.0000 -0.0000
vn -0.0000 1.0000 -0.0000
vn -0.0000 1.0000 -0.0000
vn -0.0000 1.0000 0.0000
vn 0.0000 0.8090 0.5878
vn 0.3713 0.8259 0.4243
vn 0.5365 0.8439 0.0000
vn 0.3713 0.8259 -0.4243
vn 0.0000 0.8090 -0.5878
vn -0.3713 0.8259 -0.4243
vn -0.5365 0.8439 -0.0000
vn -0.3713 0.8259 0.4243
vn 0.0000 0.3090 0.9511
vn 0.6223 0.3268 0.7112
vn 0.9375 0.3481 0.0000
vn 0.6223 0.3268 -0.7112
vn 0.0000 0.3090 -0.9511
vn -0.6223 0.3268 -0.7112
vn -0.9375 0.3481 -0.0000
vn -0.6223 0.3268 0.7112
vn 0.0000 -0.3090 0.9511
vn 0.6223 -0.3268 0.7112
vn 0.9375 -0.3481 0.0000
vn 0.6223 -0.3268 -0.7112
vn 0.0000 -0.3090 -0.9511
vn -0.6223 -0.3268 -0.7112
vn -0.9375 -0.3481 -0.0000
vn -0.6223 -0.3268 0.7112
vn 0.0000 -0.8090 0.5878
vn 0.3713 -0.8259 0.4243
vn 0.5365 -0.8439 0.0000
vn 0.3713 -0.8259 -0.4243
vn 0.0000 -0.8090 -0.5878
vn -0.3713 -0.8259 -0.4243
vn -0.5365 -0.8439 -0.0000
vn -0.3713 -0.8259 0.4243
vn 0.0000 -1.0000 0.0000
vn 0.0000 -1.0000 0.0000
vn 0.0000 -1.0000 0.0000
vn 0.0000 -1.0000 -0.0000
vn 0.0000 -1.0000 -0.0000
vn -0.0000 -1.0000 -0.0000
vn -0.0000 -1.0000 -0.0000
vn -0.0000 -1.0000 0.0000
f 2767//2767 2768//2768 2760//2760 2759//2759
f 2768//2768 2769//2769 2761//2761 2760//2760
f 2769//2769 2770//2770 2762//2762 2761//2761
f 2770//2770 2771//2771 2763//2763 2762//2762
f 2771//2771 2772//2772 2764//2764 2763//2763
f 2772//2772 2773//2773 2765//2765 2764//2764
f 2773//2773 2774//2774 2766//2766 2765//2765
f 2774//2774 2767//2767 2759//2759 2766//2766
f 2775//2775 2776//2776 2768//2768 2767//2767
f 2776//2776 2777//2777 2769//2769 2768//2768
f 2777//2777 2778//2778 2770//2770 2769//2769
f 2778//2778 2779//2779 2771//2771 2770//2770
f 2779//2779 2780//2780 2772//2772 2771//2771
f 2780//2780 2781//2781 2773//2773 2772//2772
f 2781//2781 2782//2782 2774//2774 2773//2773
f 2782//2782 2775//2775 2767//2767 2774//2774
f 2783//2783 2784//2784 2776//2776 2775//2775
f 2784//2784 2785//2785 2777//2777 2776//2776
f 2785//2785 2786//2786 2778//2778 2777//2777
f 2786//2786 2787//2787 2779//2779 2778//2778
f 2787//2787 2788//2788 2780//2780 2779//2779
f 2788//2788 2789//2789 2781//2781 2780//2780
f 2789//2789 2790//2790 2782//2782 2781//2781
f 2790//2790 2783//2783 2775//2775 2782//2782
f 2791//2791 2792//2792 2784//2784 2783//2783
f 2792//2792 2793//2793 2785//2785 2784//2784
f 2793//2793 2794//2794 2786//2786 2785//2785
f 2794//2794 2795//2795 2787//2787 2786//2786
f 2795//2795 2796//2796 2788//2788 2787//2787
f 2796//2796 2797//2797 2789//2789 2788//2788
f 2797//2797 2798//2798 2790//2790 2789//2789
f 2798//2798 2791//2791 2783//2783 2790//2790
f 2799//2799 2800//2800 2792//2792 2791//2791
f 2800//2800 2801//2801 2793//2793 2792//2792
f 2801//2801 2802//2802 2794//2794 2793//2793
f 2802//2802 2803//2803 2795//2795 2794//2794
f 2803//2803 2804//2804 2796//2796 2795//2795
f 2804//2804 2805//2805 2797//2797 2796//2796
f 2805//2805 2806//2806 2798//2798 2797//2797
f 2806//2806 2799//2799 2791//2791 2798//2798
g part19
usemtl skin
v 0.00000 2.32800 0.03000
v 0.00000 2.32800 0.03000
v 0.00000 2.32800 0.03000
v 0.00000 2.32800 0.03000
v 0.00000 2.32800 0.03000
v 0.00000 2.32800 0.03000
v 0.00000 2.32800 0.03000
v 0.00000 2.32800 0.03000
v 0.00000 2.32800 0.03000
v 0.00000 2.32800 0.03000
v 0.00000 2.32800 0.03000
v 0.00000 2.32800 0.03000
v 0.00000 2.32800 0.03000
v 0.00000 2.32800 0.03000
v 0.00000 2.32800 0.03000
v 0.00000 2.32800 0.03000
v 0.00000 2.32800 0.03000
v 0.00000 2.32800 0.03000
v 0.00000 2.32800 0.03000
v 0.00000 2.32800 0.03000
v 0.00000 2.32404 0.05937
v 0.00770 2.32404 0.05794
v 0.01465 2.32404 0.05376
v 0.02016 2.32404 0.04726
v 0.02370 2.32404 0.03908
v 0.02492 2.32404 0.03000
v 0.02370 2.32404 0.02092
v 0.02016 2.32404 0.01274
v 0.01465 2.32404 0.00624
v 0.00770 2.32404 0.00206
v 0.00000 2.32404 0.00063
v -0.00770 2.32404 0.00206
v -0.01465 2.32404 0.00624
v -0.02016 2.32404 0.01274
v -0.02370 2.32404 0.02092
v -0.02492 2.32404 0.03000
v -0.02370 2.32404 0.03908
v -0.02016 2.32404 0.04726
v -0.01465 2.32404 0.05376
v -0.00770 2.32404 0.05794
v 0.00000 2.31235 0.08727
v 0.01502 2.31235 0.08447
v 0.02856 2.31235 0.07633
v 0.03931 2.31235 0.06366
v 0.04622 2.31235 0.04770
v 0.04859 2.31235 0.03000
v 0.04622 2.31235 0.01230
v 0.03931 2.31235 -0.00366
v 0.02856 2.31235 -0.01633
v 0.01502 2.31235 -0.02447
v 0.00000 2.31235 -0.02727
v -0.01502 2.31235 -0.02447
v -0.02856 2.31235 -0.01633
v -0.03931 2.31235 -0.00366
v -0.04622 2.31235 0.01230
v -0.04859 2.31235 0.03000
v -0.04622 2.31235 0.04770
v -0.03931 2.31235 0.06366
v -0.02856 2.31235 0.07633
v -0.01502 2.31235 0.08447
v 0.00000 2.29353 0.11230
v 0.02158 2.29353 0.10827
v 0.04105 2.29353 0.09658
v 0.05649 2.29353 0.07838
v 0.06641 2.29353 0.05543
v 0.06983 2.29353 0.03000
v 0.06641 2.29353 0.00457
v 0.05649 2.29353 -0.01838
v 0.04105 2.29353 -0.03658
v 0.02158 2.29353 -0.04827
v 0.00000 2.29353 -0.05230
v -0.02158 2.29353 -0.04827
v -0.04105 2.29353 -0.03658
v -0.05649 2.29353 -0.01838
v -0.06641 2.29353 0.00457
v -0.06983 2.29353 0.03000
v -0.06641 2.29353 0.05543
v -0.05649 2.29353 0.07838
v -0.04105 2.29353 0.09658
v -0.02158 2.29353 0.10827
v 0.00000 2.26851 0.13320
v 0.02706 2.26851 0.12815
v 0.05147 2.26851 0.11349
v 0.07084 2.26851 0.09066
v 0.08328 2.26851 0.06189
v 0.08757 2.26851 0.03000
v 0.08328 2.26851 -0.00189
v 0.07084 2.26851 -0.03066
v 0.05147 2.26851 -0.05349
v 0.02706 2.26851 -0.06815
v 0.00000 2.26851 -0.07320
v -0.02706 2.26851 -0.06815
v -0.05147 2.26851 -0.05349
v -0.07084 2.26851 -0.03066
v -0.08328 2.26851 -0.00189
v -0.08757 2.26851 0.03000
v -0.08328 2.26851 0.06189
v -0.07084 2.26851 0.09066
v -0.05147 2.26851 0.11349
v -0.02706 2.26851 0.12815
v 0.00000 2.23855 0.14893
v 0.03118 2.23855 0.14311
v 0.05931 2.23855 0.12621
v 0.08164 2.23855 0.09990
v 0.09597 2.23855 0.06675
v 0.10091 2.23855 0.03000
v 0.09597 2.23855 -0.00675
v 0.08164 2.23855 -0.03990
v 0.05931 2.23855 -0.06621
v 0.03118 2.23855 -0.08311
v 0.00000 2.23855 -0.08893
v -0.03118 2.23855 -0.08311
v -0.05931 2.23855 -0.06621
v -0.08164 2.23855 -0.03990
v -0.09597 2.23855 -0.00675
v -0.10091 2.23855 0.03000
v -0.09597 2.23855 0.06675
v -0.08164 2.23855 0.09990
v -0.05931 2.23855 0.12621
v -0.03118 2.23855 0.14311
v 0.00000 2.20516 0.15869
v 0.03374 2.20516 0.15239
v 0.06418 2.20516 0.13411
v 0.08834 2.20516 0.10564
v 0.10385 2.20516 0.06977
v 0.10919 2.20516 0.03000
v 0.10385 2.20516 -0.00977
v 0.08834 2.20516 -0.04564
v 0.06418 2.20516 -0.07411
v 0.03374 2.20516 -0.09239
v 0.00000 2.20516 -0.09869
v -0.03374 2.20516 -0.09239
v -0.06418 2.20516 -0.07411
v -0.08834 2.20516 -0.04564
v -0.10385 2.20516 -0.00977
v -0.10919 2.20516 0.03000
v -0.10385 2.20516 0.06977
v -0.08834 2.20516 0.10564
v -0.06418 2.20516 0.13411
v -0.03374 2.20516 0.15239
v 0.00000 2.17000 0.16200
v 0.03461 2.17000 0.15554
v 0.06583 2.17000 0.13679
v 0.09061 2.17000 0.10759
v 0.10652 2.17000 0.07079
v 0.11200 2.17000 0.03000
v 0.10652 2.17000 -0.01079
v 0.09061 2.17000 -0.04759
v 0.06583 2.17000 -0.07679
v 0.03461 2.17000 -0.09554
v 0.00000 2.17000 -0.10200
v -0.03461 2.17000 -0.09554
v -0.06583 2.17000 -0.07679
v -0.09061 2.17000 -0.04759
v -0.10652 2.17000 -0.01079
v -0.11200 2.17000 0.03000
v -0.10652 2.17000 0.07079
v -0.09061 2.17000 0.10759
v -0.06583 2.17000 0.13679
v -0.03461 2.17000 0.15554
v 0.00000 2.13484 0.15583
v 0.03267 2.13484 0.14967
v 0.06215 2.13484 0.13180
v 0.08554 2.13484 0.10396
v 0.10055 2.13484 0.06888
v 0.10573 2.13484 0.03000
v 0.10055 2.13484 -0.00888
v 0.08554 2.13484 -0.04396
v 0.06215 2.13484 -0.07180
v 0.03267 2.13484 -0.08967
v 0.00000 2.13484 -0.09583
v -0.03267 2.13484 -0.08967
v -0.06215 2.13484 -0.07180
v -0.08554 2.13484 -0.04396
v -0.10055 2.13484 -0.00888
v -0.10573 2.13484 0.03000
v -0.10055 2.13484 0.06888
v -0.08554 2.13484 0.10396
v -0.06215 2.13484 0.13180
v -0.03267 2.13484 0.14967
v 0.00000 2.10145 0.14377
v 0.02866 2.10145 0.13820
v 0.05452 2.10145 0.12204
v 0.07504 2.10145 0.09687
v 0.08822 2.10145 0.06516
v 0.09276 2.10145 0.03000
v 0.08822 2.10145 -0.00516
v 0.07504 2.10145 -0.03687
v 0.05452 2.10145 -0.06204
v 0.02866 2.10145 -0.07820
v 0.00000 2.10145 -0.08377
v -0.02866 2.10145 -0.07820
v -0.05452 2.10145 -0.06204
v -0.07504 2.10145 -0.03687
v -0.08822 2.10145 -0.00516
v -0.09276 2.10145 0.03000
v -0.08822 2.10145 0.06516
v -0.07504 2.10145 0.09687
v -0.05452 2.10145 0.12204
v -0.02866 2.10145 0.13820
v 0.00000 2.07149 0.12677
v 0.02343 2.07149 0.12203
v 0.04456 2.07149 0.10829
v 0.06134 2.07149 0.08688
v 0.07210 2.07149 0.05990
v 0.07581 2.07149 0.03000
v 0.07210 2.07149 0.00010
v 0.06134 2.07149 -0.02688
v 0.04456 2.07149 -0.04829
v 0.02343 2.07149 -0.06203
v 0.00000 2.07149 -0.06677
v -0.02343 2.07149 -0.06203
v -0.04456 2.07149 -0.04829
v -0.06134 2.07149 -0.02688
v -0.07210 2.07149 0.00010
v -0.07581 2.07149 0.03000
v -0.07210 2.07149 0.05990
v -0.06134 2.07149 0.08688
v -0.04456 2.07149 0.10829
v -0.02343 2.07149 0.12203
v 0.00000 2.04647 0.10587
v 0.01760 2.04647 0.10215
v 0.03348 2.04647 0.09138
v 0.04609 2.04647 0.07459
v 0.05418 2.04647 0.05344
v 0.05697 2.04647 0.03000
v 0.05418 2.04647 0.00656
v 0.04609 2.04647 -0.01459
v 0.03348 2.04647 -0.03138
v 0.01760 2.04647 -0.04215
v 0.00000 2.04647 -0.04587
v -0.01760 2.04647 -0.04215
v -0.03348 2.04647 -0.03138
v -0.04609 2.04647 -0.01459
v -0.05418 2.04647 0.00656
v -0.05697 2.04647 0.03000
v -0.05418 2.04647 0.05344
v -0.04609 2.04647 0.07459
v -0.03348 2.04647 0.09138
v -0.01760 2.04647 0.10215
v 0.00000 2.02765 0.08211
v 0.01164 2.02765 0.07956
v 0.02215 2.02765 0.07216
v 0.03048 2.02765 0.06063
v 0.03583 2.02765 0.04610
v 0.03768 2.02765 0.03000
v 0.03583 2.02765 0.01390
v 0.03048 2.02765 -0.00063
v 0.02215 2.02765 -0.01216
v 0.01164 2.02765 -0.01956
v 0.00000 2.02765 -0.02211
v -0.01164 2.02765 -0.01956
v -0.02215 2.02765 -0.01216
v -0.03048 2.02765 -0.00063
v -0.03583 2.02765 0.01390
v -0.03768 2.02765 0.03000
v -0.03583 2.02765 0.04610
v -0.03048 2.02765 0.06063
v -0.02215 2.02765 0.07216
v -0.01164 2.02765 0.07956
v 0.00000 2.01596 0.05651
v 0.00577 2.01596 0.05521
v 0.01097 2.01596 0.05145
v 0.01510 2.01596 0.04558
v 0.01776 2.01596 0.03819
v 0.01867 2.01596 0.03000
v 0.01776 2.01596 0.02181
v 0.01510 2.01596 0.01442
v 0.01097 2.01596 0.00855
v 0.00577 2.01596 0.00479
v 0.00000 2.01596 0.00349
v -0.00577 2.01596 0.00479
v -0.01097 2.01596 0.00855
v -0.01510 2.01596 0.01442
v -0.01776 2.01596 0.02181
v -0.01867 2.01596 0.03000
v -0.01776 2.01596 0.03819
v -0.01510 2.01596 0.04558
v -0.01097 2.01596 0.05145
v -0.00577 2.01596 0.05521
v 0.00000 2.01200 0.03000
v 0.00000 2.01200 0.03000
v 0.00000 2.01200 0.03000
v 0.00000 2.01200 0.03000
v 0.00000 2.01200 0.03000
v 0.00000 2.01200 0.03000
v 0.00000 2.01200 0.03000
v 0.00000 2.01200 0.03000
v 0.00000 2.01200 0.03000
v 0.00000 2.01200 0.03000
v 0.00000 2.01200 0.03000
v -0.00000 2.01200 0.03000
v -0.00000 2.01200 0.03000
v -0.00000 2.01200 0.03000
v -0.00000 2.01200 0.03000
v -0.00000 2.01200 0.03000
v -0.00000 2.01200 0.03000
v -0.00000 2.01200 0.03000
v -0.00000 2.01200 0.03000
v -0.00000 2.01200 0.03000
vn 0.0000 1.0000 0.0000
vn 0.0000 1.0000 0.0000
vn 0.0000 1.0000 0.0000
vn 0.0000 1.0000 0.0000
vn 0.0000 1.0000 0.0000
vn 0.0000 1.0000 0.0000
vn 0.0000 1.0000 -0.0000
vn 0.0000 1.0000 -0.0000
vn 0.0000 1.0000 -0.0000
vn 0.0000 1.0000 -0.0000
vn 0.0000 1.0000 -0.0000
vn -0.0000 1.0000 -0.0000
vn -0.0000 1.0000 -0.0000
vn -0.0000 1.0000 -0.0000
vn -0.0000 1.0000 -0.0000
vn -0.0000 1.0000 -0.0000
vn -0.0000 1.0000 0.0000
vn -0.0000 1.0000 0.0000
vn -0.0000 1.0000 0.0000
vn -0.0000 1.0000 0.0000
vn 0.0000 0.9646 0.2635
vn 0.0959 0.9634 0.2503
vn 0.1817 0.9602 0.2122
vn 0.2491 0.9562 0.1536
vn 0.2919 0.9531 0.0805
vn 0.3065 0.9519 0.0000
vn 0.2919 0.9531 -0.0805
vn 0.2491 0.9562 -0.1536
vn 0.1817 0.9602 -0.2122
vn 0.0959 0.9634 -0.2503
vn 0.0000 0.9646 -0.2635
vn -0.0959 0.9634 -0.2503
vn -0.1817 0.9602 -0.2122
vn -0.2491 0.9562 -0.1536
vn -0.2919 0.9531 -0.0805
vn -0.3065 0.9519 -0.0000
vn -0.2919 0.9531 0.0805
vn -0.2491 0.9562 0.1536
vn -0.1817 0.9602 0.2122
vn -0.0959 0.9634 0.2503
vn 0.0000 0.8664 0.4994
vn 0.1810 0.8624 0.4728
vn 0.3403 0.8522 0.3974
vn 0.4617 0.8401 0.2846
vn 0.5367 0.8307 0.1480
vn 0.5620 0.8272 0.0000
vn 0.5367 0.8307 -0.1480
vn 0.4617 0.8401 -0.2846
vn 0.3403 0.8522 -0.3974
vn 0.1810 0.8624 -0.4728
vn 0.0000 0.8664 -0.4994
vn -0.1810 0.8624 -0.4728
vn -0.3403 0.8522 -0.3974
vn -0.4617 0.8401 -0.2846
vn -0.5367 0.8307 -0.1480
vn -0.5620 0.8272 -0.0000
vn -0.5367 0.8307 0.1480
vn -0.4617 0.8401 0.2846
vn -0.3403 0.8522 0.3974
vn -0.1810 0.8624 0.4728
vn 0.0000 0.7234 0.6905
vn 0.2493 0.7170 0.6509
vn 0.4637 0.7012 0.5415
vn 0.6217 0.6831 0.3833
vn 0.7162 0.6694 0.1974
vn 0.7474 0.6644 0.0000
vn 0.7162 0.6694 -0.1974
vn 0.6217 0.6831 -0.3833
vn 0.4637 0.7012 -0.5415
vn 0.2493 0.7170 -0.6509
vn 0.0000 0.7234 -0.6905
vn -0.2493 0.7170 -0.6509
vn -0.4637 0.7012 -0.5415
vn -0.6217 0.6831 -0.3833
vn -0.7162 0.6694 -0.1974
vn -0.7474 0.6644 -0.0000
vn -0.7162 0.6694 0.1974
vn -0.6217 0.6831 0.3833
vn -0.4637 0.7012 0.5415
vn -0.2493 0.7170 0.6509
vn 0.0000 0.5545 0.8322
vn 0.2993 0.5475 0.7815
vn 0.5514 0.5303 0.6440
vn 0.7316 0.5112 0.4510
vn 0.8364 0.4972 0.2306
vn 0.8705 0.4921 0.0000
vn 0.8364 0.4972 -0.2306
vn 0.7316 0.5112 -0.4510
vn 0.5514 0.5303 -0.6440
vn 0.2993 0.5475 -0.7815
vn 0.0000 0.5545 -0.8322
vn -0.2993 0.5475 -0.7815
vn -0.5514 0.5303 -0.6440
vn -0.7316 0.5112 -0.4510
vn -0.8364 0.4972 -0.2306
vn -0.8705 0.4921 -0.0000
vn -0.8364 0.4972 0.2306
vn -0.7316 0.5112 0.4510
vn -0.5514 0.5303 0.6440
vn -0.2993 0.5475 0.7815
vn 0.0000 0.3733 0.9277
vn 0.3326 0.3674 0.8685
vn 0.6085 0.3534 0.7106
vn 0.8011 0.3380 0.4939
vn 0.9110 0.3270 0.2512
vn 0.9464 0.3231 0.0000
vn 0.9110 0.3270 -0.2512
vn 0.8011 0.3380 -0.4939
vn 0.6085 0.3534 -0.7106
vn 0.3326 0.3674 -0.8685
vn 0.0000 0.3733 -0.9277
vn -0.3326 0.3674 -0.8685
vn -0.6085 0.3534 -0.7106
vn -0.8011 0.3380 -0.4939
vn -0.9110 0.3270 -0.2512
vn -0.9464 0.3231 -0.0000
vn -0.9110 0.3270 0.2512
vn -0.8011 0.3380 0.4939
vn -0.6085 0.3534 0.7106
vn -0.3326 0.3674 0.8685
vn 0.0000 0.1873 0.9823
vn 0.3515 0.1840 0.9179
vn 0.6402 0.1762 0.7477
vn 0.8392 0.1678 0.5173
vn 0.9513 0.1618 0.2623
vn 0.9872 0.1597 0.0000
vn 0.9513 0.1618 -0.2623
vn 0.8392 0.1678 -0.5173
vn 0.6402 0.1762 -0.7477
vn 0.3515 0.1840 -0.9179
vn 0.0000 0.1873 -0.9823
vn -0.3515 0.1840 -0.9179
vn -0.6402 0.1762 -0.7477
vn -0.8392 0.1678 -0.5173
vn -0.9513 0.1618 -0.2623
vn -0.9872 0.1597 -0.0000
vn -0.9513 0.1618 0.2623
vn -0.8392 0.1678 0.5173
vn -0.6402 0.1762 0.7477
vn -0.3515 0.1840 0.9179
vn 0.0000 0.0000 1.0000
vn 0.3576 0.0000 0.9339
vn 0.6504 0.0000 0.7596
vn 0.8512 0.0000 0.5248
vn 0.9640 0.0000 0.2658
vn 1.0000 0.0000 0.0000
vn 0.9640 0.0000 -0.2658
vn 0.8512 0.0000 -0.5248
vn 0.6504 0.0000 -0.7596
vn 0.3576 0.0000 -0.9339
vn 0.0000 0.0000 -1.0000
vn -0.3576 0.0000 -0.9339
vn -0.6504 0.0000 -0.7596
vn -0.8512 0.0000 -0.5248
vn -0.9640 0.0000 -0.2658
vn -1.0000 0.0000 -0.0000
vn -0.9640 0.0000 0.2658
vn -0.8512 0.0000 0.5248
vn -0.6504 0.0000 0.7596
vn -0.3576 0.0000 0.9339
vn 0.0000 -0.1914 0.9815
vn 0.3482 -0.1883 0.9183
vn 0.6361 -0.1808 0.7501
vn 0.8362 -0.1727 0.5205
vn 0.9499 -0.1669 0.2644
vn 0.9863 -0.1648 0.0000
vn 0.9499 -0.1669 -0.2644
vn 0.8362 -0.1727 -0.5205
vn 0.6361 -0.1808 -0.7501
vn 0.3482 -0.1883 -0.9183
vn 0.0000 -0.1914 -0.9815
vn -0.3482 -0.1883 -0.9183
vn -0.6361 -0.1808 -0.7501
vn -0.8362 -0.1727 -0.5205
vn -0.9499 -0.1669 -0.2644
vn -0.9863 -0.1648 -0.0000
vn -0.9499 -0.1669 0.2644
vn -0.8362 -0.1727 0.5205
vn -0.6361 -0.1808 0.7501
vn -0.3482 -0.1883 0.9183
vn 0.0000 -0.3877 0.9218
vn 0.3190 -0.3833 0.8668
vn 0.5896 -0.3725 0.7166
vn 0.7851 -0.3604 0.5037
vn 0.8999 -0.3514 0.2582
vn 0.9374 -0.3481 0.0000
vn 0.8999 -0.3514 -0.2582
vn 0.7851 -0.3604 -0.5037
vn 0.5896 -0.3725 -0.7166
vn 0.3190 -0.3833 -0.8668
vn 0.0000 -0.3877 -0.9218
vn -0.3190 -0.3833 -0.8668
vn -0.5896 -0.3725 -0.7166
vn -0.7851 -0.3604 -0.5037
vn -0.8999 -0.3514 -0.2582
vn -0.9374 -0.3481 -0.0000
vn -0.8999 -0.3514 0.2582
vn -0.7851 -0.3604 0.5037
vn -0.5896 -0.3725 0.7166
vn -0.3190 -0.3833 0.8668
vn 0.0000 -0.5792 0.8152
vn 0.2725 -0.5759 0.7708
vn 0.5107 -0.5673 0.6460
vn 0.6906 -0.5573 0.4610
vn 0.8005 -0.5496 0.2390
vn 0.8373 -0.5467 0.0000
vn 0.8005 -0.5496 -0.2390
vn 0.6906 -0.5573 -0.4610
vn 0.5107 -0.5673 -0.6460
vn 0.2725 -0.5759 -0.7708
vn 0.0000 -0.5792 -0.8152
vn -0.2725 -0.5759 -0.7708
vn -0.5107 -0.5673 -0.6460
vn -0.6906 -0.5573 -0.4610
vn -0.8005 -0.5496 -0.2390
vn -0.8373 -0.5467 -0.0000
vn -0.8005 -0.5496 0.2390
vn -0.6906 -0.5573 0.4610
vn -0.5107 -0.5673 0.6460
vn -0.2725 -0.5759 0.7708
vn 0.0000 -0.7507 0.6606
vn 0.2125 -0.7494 0.6271
vn 0.4023 -0.7458 0.5309
vn 0.5505 -0.7415 0.3835
vn 0.6442 -0.7381 0.2007
vn 0.6762 -0.7368 0.0000
vn 0.6442 -0.7381 -0.2007
vn 0.5505 -0.7415 -0.3835
vn 0.4023 -0.7458 -0.5309
vn 0.2125 -0.7494 -0.6271
vn 0.0000 -0.7507 -0.6606
vn -0.2125 -0.7494 -0.6271
vn -0.4023 -0.7458 -0.5309
vn -0.5505 -0.7415 -0.3835
vn -0.6442 -0.7381 -0.2007
vn -0.6762 -0.7368 -0.0000
vn -0.6442 -0.7381 0.2007
vn -0.5505 -0.7415 0.3835
vn -0.4023 -0.7458 0.5309
vn -0.2125 -0.7494 0.6271
vn 0.0000 -0.8856 0.4645
vn 0.1441 -0.8855 0.4417
vn 0.2741 -0.8853 0.3757
vn 0.3771 -0.8850 0.2729
vn 0.4433 -0.8848 0.1434
vn 0.4660 -0.8848 0.0000
vn 0.4433 -0.8848 -0.1434
vn 0.3771 -0.8850 -0.2729
vn 0.2741 -0.8853 -0.3757
vn 0.1441 -0.8855 -0.4417
vn 0.0000 -0.8856 -0.4645
vn -0.1441 -0.8855 -0.4417
vn -0.2741 -0.8853 -0.3757
vn -0.3771 -0.8850 -0.2729
vn -0.4433 -0.8848 -0.1434
vn -0.4660 -0.8848 -0.0000
vn -0.4433 -0.8848 0.1434
vn -0.3771 -0.8850 0.2729
vn -0.2741 -0.8853 0.3757
vn -0.1441 -0.8855 0.4417
vn 0.0000 -0.9709 0.2394
vn 0.0724 -0.9710 0.2277
vn 0.1377 -0.9713 0.1938
vn 0.1896 -0.9717 0.1408
vn 0.2230 -0.9720 0.0741
vn 0.2345 -0.9721 0.0000
vn 0.2230 -0.9720 -0.0741
vn 0.1896 -0.9717 -0.1408
vn 0.1377 -0.9713 -0.1938
vn 0.0724 -0.9710 -0.2277
vn 0.0000 -0.9709 -0.2394
vn -0.0724 -0.9710 -0.2277
vn -0.1377 -0.9713 -0.1938
vn -0.1896 -0.9717 -0.1408
vn -0.2230 -0.9720 -0.0741
vn -0.2345 -0.9721 -0.0000
vn -0.2230 -0.9720 0.0741
vn -0.1896 -0.9717 0.1408
vn -0.1377 -0.9713 0.1938
vn -0.0724 -0.9710 0.2277
vn 0.0000 -1.0000 0.0000
vn 0.0000 -1.0000 0.0000
vn 0.0000 -1.0000 0.0000
vn 0.0000 -1.0000 0.0000
vn 0.0000 -1.0000 0.0000
vn 0.0000 -1.0000 0.0000
vn 0.0000 -1.0000 -0.0000
vn 0.0000 -1.0000 -0.0000
vn 0.0000 -1.0000 -0.0000
vn 0.0000 -1.0000 -0.0000
vn 0.0000 -1.0000 -0.0000
vn -0.0000 -1.0000 -0.0000
vn -0.0000 -1.0000 -0.0000
vn -0.0000 -1.0000 -0.0000
vn -0.0000 -1.0000 -0.0000
vn -0.0000 -1.0000 -0.0000
vn -0.0000 -1.0000 0.0000
vn -0.0000 -1.0000 0.0000
vn -0.0000 -1.0000 0.0000
vn -0.0000 -1.0000 0.0000
f 2827//2827 2828//2828 2808//2808 2807//2807
f 2828//2828 2829//2829 2809//2809 2808//2808
f 2829//2829 2830//2830 2810//2810 2809//2809
f 2830//2830 2831//2831 2811//2811 2810//2810
f 2831//2831 2832//2832 2812//2812 2811//2811
f 2832//2832 2833//2833 2813//2813 2812//2812
f 2833//2833 2834//2834 2814//2814 2813//2813
f 2834//2834 2835//2835 2815//2815 2814//2814
f 2835//2835 2836//2836 2816//2816 2815//2815
f 2836//2836 2837//2837 2817//2817 2816//2816
f 2837//2837 2838//2838 2818//2818 2817//2817
f 2838//2838 2839//2839 2819//2819 2818//2818
f 2839//2839 2840//2840 2820//2820 2819//2819
f 2840//2840 2841//2841 2821//2821 2820//2820
f 2841//2841 2842//2842 2822//2822 2821//2821
f 2842//2842 2843//2843 2823//2823 2822//2822
f 2843//2843 2844//2844 2824//2824 2823//2823
f 2844//2844 2845//2845 2825//2825 2824//2824
f 2845//2845 2846//2846 2826//2826 2825//2825
f 2846//2846 2827//2827 2807//2807 2826//2826
f 2847//2847 2848//2848 2828//2828 2827//2827
f 2848//2848 2849//2849 2829//2829 2828//2828
f 2849//2849 2850//2850 2830//2830 2829//2829
f 2850//2850 2851//2851 2831//2831 2830//2830
f 2851//2851 2852//2852 2832//2832 2831//2831
f 2852//2852 2853//2853 2833//2833 2832//2832
f 2853//2853 2854//2854 2834//2834 2833//2833
f 2854//2854 2855//2855 2835//2835 2834//2834
f 2855//2855 2856//2856 2836//2836 2835//2835
f 2856//2856 2857//2857 2837//2837 2836//2836
f 2857//2857 2858//2858 2838//2838 2837//2837
f 2858//2858 2859//2859 2839//2839 2838//2838
f 2859//2859 2860//2860 2840//2840 2839//2839
f 2860//2860 2861//2861 2841//2841 2840//2840
f 2861//2861 2862//2862 2842//2842 2841//2841
f 2862//2862 2863//2863 2843//2843 2842//2842
f 2863//2863 2864//2864 2844//2844 2843//2843
f 2864//2864 2865//2865 2845//2845 2844//2844
f 2865//2865 2866//2866 2846//2846 2845//2845
f 2866//2866 2847//2847 2827//2827 2846//2846
f 2867//2867 2868//2868 2848//2848 2847//2847
f 2868//2868 2869//2869 2849//2849 2848//2848
f 2869//2869 2870//2870 2850//2850 2849//2849
f 2870//2870 2871//2871 2851//2851 2850//2850
f 2871//2871 2872//2872 2852//2852 2851//2851
f 2872//2872 2873//2873 2853//2853 2852//2852
f 2873//2873 2874//2874 2854//2854 2853//2853
f 2874//2874 2875//2875 2855//2855 2854//2854
f 2875//2875 2876//2876 2856//2856 2855//2855
f 2876//2876 2877//2877 2857//2857 2856//2856
f 2877//2877 2878//2878 2858//2858 2857//2857
f 2878//2878 2879//2879 2859//2859 2858//2858
f 2879//2879 2880//2880 2860//2860 2859//2859
f 2880//2880 2881//2881 2861//2861 2860//2860
f 2881//2881 2882//2882 2862//2862 2861//2861
f 2882//2882 2883//2883 2863//2863 2862//2862
f 2883//2883 2884//2884 2864//2864 2863//2863
f 2884//2884 2885//2885 2865//2865 2864//2864
f 2885//2885 2886//2886 2866//2866 2865//2865
f 2886//2886 2867//2867 2847//2847 2866//2866
f 2887//2887 2888//2888 2868//2868 2867//2867
f 2888//2888 2889//2889 2869//2869 2868//2868
f 2889//2889 2890//2890 2870//2870 2869//2869
f 2890//2890 2891//2891 2871//2871 2870//2870
f 2891//2891 2892//2892 2872//2872 2871//2871
f 2892//2892 2893//2893 2873//2873 2872//2872
f 2893//2893 2894//2894 2874//2874 2873//2873
f 2894//2894 2895//2895 2875//2875 2874//2874
f 2895//2895 2896//2896 2876//2876 2875//2875
f 2896//2896 2897//2897 2877//2877 2876//2876
f 2897//2897 2898//2898 2878//2878 2877//2877
f 2898//2898 2899//2899 2879//2879 2878//2878
f 2899//2899 2900//2900 2880//2880 2879//2879
f 2900//2900 2901//2901 2881//2881 2880//2880
f 2901//2901 2902//2902 2882//2882 2881//2881
f 2902//2902 2903//2903 2883//2883 2882//2882
f 2903//2903 2904//2904 2884//2884 2883//2883
f 2904//2904 2905//2905 2885//2885 2884//2884
f 2905//2905 2906//2906 2886//2886 2885//2885
f 2906//2906 2887//2887 2867//2867 2886//2886
f 2907//2907 2908//2908 2888//2888 2887//2887
f 2908//2908 2909//2909 2889//2889 2888//2888
f 2909//2909 2910//2910 2890//2890 2889//2889
f 2910//2910 2911//2911 2891//2891 2890//2890
f 2911//2911 2912//2912 2892//2892 2891//2891
f 2912//2912 2913//2913 2893//2893 2892//2892
f 2913//2913 2914//2914 2894//2894 2893//2893
f 2914//2914 2915//2915 2895//2895 2894//2894
f 2915//2915 2916//2916 2896//2896 2895//2895
f 2916//2916 2917//2917 2897//2897 2896//2896
f 2917//2917 2918//2918 2898//2898 2897//2897
f 2918//2918 2919//2919 2899//2899 2898//2898
f 2919//2919 2920//2920 2900//2900 2899//2899
f 2920//2920 2921//2921 2901//2901 2900//2900
f 2921//2921 2922//2922 2902//2902 2901//2901
f 2922//2922 2923//2923 2903//2903 2902//2902
f 2923//2923 2924//2924 2904//2904 2903//2903
f 2924//2924 2925//2925 2905//2905 2904//2904
f 2925//2925 2926//2926 2906//2906 2905//2905
f 2926//2926 2907//2907 2887//2887 2906//2906
f 2927//2927 2928//2928 2908//2908 2907//2907
f 2928//2928 2929//2929 2909//2909 2908//2908
f 2929//2929 2930//2930 2910//2910 2909//2909
f 2930//2930 2931//2931 2911//2911 2910//2910
f 2931//2931 2932//2932 2912//2912 2911//2911
f 2932//2932 2933//2933 2913//2913 2912//2912
f 2933//2933 2934//2934 2914//2914 2913//2913
f 2934//2934 2935//2935 2915//2915 2914//2914
f 2935//2935 2936//2936 2916//2916 2915//2915
f 2936//2936 2937//2937 2917//2917 2916//2916
f 2937//2937 2938//2938 2918//2918 2917//2917
f 2938//2938 2939//2939 2919//2919 2918//2918
f 2939//2939 2940//2940 2920//2920 2919//2919
f 2940//2940 2941//2941 2921//2921 2920//2920
f 2941//2941 2942//2942 2922//2922 2921//2921
f 2942//2942 2943//2943 2923//2923 2922//2922
f 2943//2943 2944//2944 2924//2924 2923//2923
f 2944//2944 2945//2945 2925//2925 2924//2924
f 2945//2945 2946//2946 2926//2926 2925//2925
f 2946//2946 2927//2927 2907//2907 2926//2926
f 2947//2947 2948//2948 2928//2928 2927//2927
f 2948//2948 2949//2949 2929//2929 2928//2928
f 2949//2949 2950//2950 2930//2930 2929//2929
f 2950//2950 2951//2951 2931//2931 2930//2930
f 2951//2951 2952//2952 2932//2932 2931//2931
f 2952//2952 2953//2953 2933//2933 2932//2932
f 2953//2953 2954//2954 2934//2934 2933//2933
f 2954//2954 2955//2955 2935//2935 2934//2934
f 2955//2955 2956//2956 2936//2936 2935//2935
f 2956//2956 2957//2957 2937//2937 2936//2936
f 2957//2957 2958//2958 2938//2938 2937//2937
f 2958//2958 2959//2959 2939//2939 2938//2938
f 2959//2959 2960//2960 2940//2940 2939//2939
f 2960//2960 2961//2961 2941//2941 2940//2940
f 2961//2961 2962//2962 2942//2942 2941//2941
f 2962//2962 2963//2963 2943//2943 2942//2942
f 2963//2963 2964//2964 2944//2944 2943//2943
f 2964//2964 2965//2965 2945//2945 2944//2944
f 2965//2965 2966//2966 2946//2946 2945//2945
f 2966//2966 2947//2947 2927//2927 2946//2946
f 2967//2967 2968//2968 2948//2948 2947//2947
f 2968//2968 2969//2969 2949//2949 2948//2948
f 2969//2969 2970//2970 2950//2950 2949//2949
f 2970//2970 2971//2971 2951//2951 2950//2950
f 2971//2971 2972//2972 2952//2952 2951//2951
f 2972//2972 2973//2973 2953//2953 2952//2952
f 2973//2973 2974//2974 2954//2954 2953//2953
f 2974//2974 2975//2975 2955//2955 2954//2954
f 2975//2975 2976//2976 2956//2956 2955//2955
f 2976//2976 2977//2977 2957//2957 2956//2956
f 2977//2977 2978//2978 2958//2958 2957//2957
f 2978//2978 2979//2979 2959//2959 2958//2958
f 2979//2979 2980//2980 2960//2960 2959//2959
f 2980//2980 2981//2981 2961//2961 2960//2960
f 2981//2981 2982//2982 2962//2962 2961//2961
f 2982//2982 2983//2983 2963//2963 2962//2962
f 2983//2983 2984//2984 2964//2964 2963//2963
f 2984//2984 2985//2985 2965//2965 2964//2964
f 2985//2985 2986//2986 2966//2966 2965//2965
f 2986//2986 2967//2967 2947//2947 2966//2966
f 2987//2987 2988//2988 2968//2968 2967//2967
f 2988//2988 2989//2989 2969//2969 2968//2968
f 2989//2989 2990//2990 2970//2970 2969//2969
f 2990//2990 2991//2991 2971//2971 2970//2970
f 2991//2991 2992//2992 2972//2972 2971//2971
f 2992//2992 2993//2993 2973//2973 2972//2972
f 2993//2993 2994//2994 2974//2974 2973//2973
f 2994//2994 2995//2995 2975//2975 2974//2974
f 2995//2995 2996//2996 2976//2976 2975//2975
f 2996//2996 2997//2997 2977//2977 2976//2976
f 2997//2997 2998//2998 2978//2978 2977//2977
f 2998//2998 2999//2999 2979//2979 2978//2978
f 2999//2999 3000//3000 2980//2980 2979//2979
f 3000//3000 3001//3001 2981//2981 2980//2980
f 3001//3001 3002//3002 2982//2982 2981//2981
f 3002//3002 3003//3003 2983//2983 2982//2982
f 3003//3003 3004//3004 2984//2984 2983//2983
f 3004//3004 3005//3005 2985//2985 2984//2984
f 3005//3005 3006//3006 2986//2986 2985//2985
f 3006//3006 2987//2987 2967//2967 2986//2986
f 3007//3007 3008//3008 2988//2988 2987//2987
f 3008//3008 3009//3009 2989//2989 2988//2988
f 3009//3009 3010//3010 2990//2990 2989//2989
f 3010//3010 3011//3011 2991//2991 2990//2990
f 3011//3011 3012//3012 2992//2992 2991//2991
f 3012//3012 3013//3013 2993//2993 2992//2992
f 3013//3013 3014//3014 2994//2994 2993//2993
f 3014//3014 3015//3015 2995//2995 2994//2994
f 3015//3015 3016//3016 2996//2996 2995//2995
f 3016//3016 3017//3017 2997//2997 2996//2996
f 3017//3017 3018//3018 2998//2998 2997//2997
f 3018//3018 3019//3019 2999//2999 2998//2998
f 3019//3019 3020//3020 3000//3000 2999//2999
f 3020//3020 3021//3021 3001//3001 3000//3000
f 3021//3021 3022//3022 3002//3002 3001//3001
f 3022//3022 3023//3023 3003//3003 3002//3002
f 3023//3023 3024//3024 3004//3004 3003//3003
f 3024//3024 3025//3025 3005//3005 3004//3004
f 3025//3025 3026//3026 3006//3006 3005//3005
f 3026//3026 3007//3007 2987//2987 3006//3006
f 3027//3027 3028//3028 3008//3008 3007//3007
f 3028//3028 3029//3029 3009//3009 3008//3008
f 3029//3029 3030//3030 3010//3010 3009//3009
f 3030//3030 3031//3031 3011//3011 3010//3010
f 3031//3031 3032//3032 3012//3012 3011//3011
f 3032//3032 3033//3033 3013//3013 3012//3012
f 3033//3033 3034//3034 3014//3014 3013//3013
f 3034//3034 3035//3035 3015//3015 3014//3014
f 3035//3035 3036//3036 3016//3016 3015//3015
f 3036//3036 3037//3037 3017//3017 3016//3016
f 3037//3037 3038//3038 3018//3018 3017//3017
f 3038//3038 3039//3039 3019//3019 3018//3018
f 3039//3039 3040//3040 3020//3020 3019//3019
f 3040//3040 3041//3041 3021//3021 3020//3020
f 3041//3041 3042//3042 3022//3022 3021//3021
f 3042//3042 3043//3043 3023//3023 3022//3022
f 3043//3043 3044//3044 3024//3024 3023//3023
f 3044//3044 3045//3045 3025//3025 3024//3024
f 3045//3045 3046//3046 3026//3026 3025//3025
f 3046//3046 3027//3027 3007//3007 3026//3026
f 3047//3047 3048//3048 3028//3028 3027//3027
f 3048//3048 3049//3049 3029//3029 3028//3028
f 3049//3049 3050//3050 3030//3030 3029//3029
f 3050//3050 3051//3051 3031//3031 3030//3030
f 3051//3051 3052//3052 3032//3032 3031//3031
f 3052//3052 3053//3053 3033//3033 3032//3032
f 3053//3053 3054//3054 3034//3034 3033//3033
f 3054//3054 3055//3055 3035//3035 3034//3034
f 3055//3055 3056//3056 3036//3036 3035//3035
f 3056//3056 3057//3057 3037//3037 3036//3036
f 3057//3057 3058//3058 3038//3038 3037//3037
f 3058//3058 3059//3059 3039//3039 3038//3038
f 3059//3059 3060//3060 3040//3040 3039//3039
f 3060//3060 3061//3061 3041//3041 3040//3040
f 3061//3061 3062//3062 3042//3042 3041//3041
f 3062//3062 3063//3063 3043//3043 3042//3042
f 3063//3063 3064//3064 3044//3044 3043//3043
f 3064//3064 3065//3065 3045//3045 3044//3044
f 3065//3065 3066//3066 3046//3046 3045//3045
f 3066//3066 3047//3047 3027//3027 3046//3046
f 3067//3067 3068//3068 3048//3048 3047//3047
f 3068//3068 3069//3069 3049//3049 3048//3048
f 3069//3069 3070//3070 3050//3050 3049//3049
f 3070//3070 3071//3071 3051//3051 3050//3050
f 3071//3071 3072//3072 3052//3052 3051//3051
f 3072//3072 3073//3073 3053//3053 3052//3052
f 3073//3073 3074//3074 3054//3054 3053//3053
f 3074//3074 3075//3075 3055//3055 3054//3054
f 3075//3075 3076//3076 3056//3056 3055//3055
f 3076//3076 3077//3077 3057//3057 3056//3056
f 3077//3077 3078//3078 3058//3058 3057//3057
f 3078//3078 3079//3079 3059//3059 3058//3058
f 3079//3079 3080//3080 3060//3060 3059//3059
f 3080//3080 3081//3081 3061//3061 3060//3060
f 3081//3081 3082//3082 3062//3062 3061//3061
f 3082//3082 3083//3083 3063//3063 3062//3062
f 3083//3083 3084//3084 3064//3064 3063//3063
f 3084//3084 3085//3085 3065//3065 3064//3064
f 3085//3085 3086//3086 3066//3066 3065//3065
f 3086//3086 3067//3067 3047//3047 3066//3066
f 3087//3087 3088//3088 3068//3068 3067//3067
f 3088//3088 3089//3089 3069//3069 3068//3068
f 3089//3089 3090//3090 3070//3070 3069//3069
f 3090//3090 3091//3091 3071//3071 3070//3070
f 3091//3091 3092//3092 3072//3072 3071//3071
f 3092//3092 3093//3093 3073//3073 3072//3072
f 3093//3093 3094//3094 3074//3074 3073//3073
f 3094//3094 3095//3095 3075//3075 3074//3074
f 3095//3095 3096//3096 3076//3076 3075//3075
f 3096//3096 3097//3097 3077//3077 3076//3076
f 3097//3097 3098//3098 3078//3078 3077//3077
f 3098//3098 3099//3099 3079//3079 3078//3078
f 3099//3099 3100//3100 3080//3080 3079//3079
f 3100//3100 3101//3101 3081//3081 3080//3080
f 3101//3101 3102//3102 3082//3082 3081//3081
f 3102//3102 3103//3103 3083//3083 3082//3082
f 3103//3103 3104//3104 3084//3084 3083//3083
f 3104//3104 3105//3105 3085//3085 3084//3084
f 3105//3105 3106//3106 3086//3086 3085//3085
f 3106//3106 3087//3087 3067//3067 3086//3086
g part20
usemtl skin
v 0.00000 2.15000 0.06500
v 0.00000 2.15000 0.06500
v 0.00000 2.15000 0.06500
v 0.00000 2.15000 0.06500
v 0.00000 2.15000 0.06500
v 0.00000 2.15000 0.06500
v 0.00000 2.15000 0.06500
v 0.00000 2.15000 0.06500
v 0.00000 2.15000 0.06500
v 0.00000 2.15000 0.06500
v 0.00000 2.15000 0.06500
v 0.00000 2.15000 0.06500
v 0.00000 2.15000 0.06500
v 0.00000 2.15000 0.06500
v 0.00000 2.15000 0.06500
v 0.00000 2.15000 0.06500
v 0.00000 2.14633 0.09127
v 0.00922 2.14633 0.08927
v 0.01704 2.14633 0.08357
v 0.02227 2.14633 0.07505
v 0.02410 2.14633 0.06500
v 0.02227 2.14633 0.05495
v 0.01704 2.14633 0.04643
v 0.00922 2.14633 0.04073
v 0.00000 2.14633 0.03873
v -0.00922 2.14633 0.04073
v -0.01704 2.14633 0.04643
v -0.02227 2.14633 0.05495
v -0.02410 2.14633 0.06500
v -0.02227 2.14633 0.07505
v -0.01704 2.14633 0.08357
v -0.00922 2.14633 0.08927
v 0.00000 2.13568 0.11496
v 0.01754 2.13568 0.11116
v 0.03242 2.13568 0.10033
v 0.04236 2.13568 0.08412
v 0.04585 2.13568 0.06500
v 0.04236 2.13568 0.04588
v 0.03242 2.13568 0.02967
v 0.01754 2.13568 0.01884
v 0.00000 2.13568 0.01504
v -0.01754 2.13568 0.01884
v -0.03242 2.13568 0.02967
v -0.04236 2.13568 0.04588
v -0.04585 2.13568 0.06500
v -0.04236 2.13568 0.08412
v -0.03242 2.13568 0.10033
v -0.01754 2.13568 0.11116
v 0.00000 2.11908 0.13377
v 0.02415 2.11908 0.12853
v 0.04462 2.11908 0.11363
v 0.05830 2.11908 0.09132
v 0.06310 2.11908 0.06500
v 0.05830 2.11908 0.03868
v 0.04462 2.11908 0.01637
v 0.02415 2.11908 0.00147
v 0.00000 2.11908 -0.00377
v -0.02415 2.11908 0.00147
v -0.04462 2.11908 0.01637
v -0.05830 2.11908 0.03868
v -0.06310 2.11908 0.06500
v -0.05830 2.11908 0.09132
v -0.04462 2.11908 0.11363
v -0.02415 2.11908 0.12853
v 0.00000 2.09818 0.14584
v 0.02839 2.09818 0.13969
v 0.05245 2.09818 0.12216
v 0.06854 2.09818 0.09594
v 0.07418 2.09818 0.06500
v 0.06854 2.09818 0.03406
v 0.05245 2.09818 0.00784
v 0.02839 2.09818 -0.00969
v 0.00000 2.09818 -0.01584
v -0.02839 2.09818 -0.00969
v -0.05245 2.09818 0.00784
v -0.06854 2.09818 0.03406
v -0.07418 2.09818 0.06500
v -0.06854 2.09818 0.09594
v -0.05245 2.09818 0.12216
v -0.02839 2.09818 0.13969
v 0.00000 2.07500 0.15000
v 0.02985 2.07500 0.14353
v 0.05515 2.07500 0.12510
v 0.07206 2.07500 0.09753
v 0.07800 2.07500 0.06500
v 0.07206 2.07500 0.03247
v 0.05515 2.07500 0.00490
v 0.02985 2.07500 -0.01353
v 0.00000 2.07500 -0.02000
v -0.02985 2.07500 -0.01353
v -0.05515 2.07500 0.00490
v -0.07206 2.07500 0.03247
v -0.07800 2.07500 0.06500
v -0.07206 2.07500 0.09753
v -0.05515 2.07500 0.12510
v -0.02985 2.07500 0.14353
v 0.00000 2.05182 0.14584
v 0.02839 2.05182 0.13969
v 0.05245 2.05182 0.12216
v 0.06854 2.05182 0.09594
v 0.07418 2.05182 0.06500
v 0.06854 2.05182 0.03406
v 0.05245 2.05182 0.00784
v 0.02839 2.05182 -0.00969
v 0.00000 2.05182 -0.01584
v -0.02839 2.05182 -0.00969
v -0.05245 2.05182 0.00784
v -0.06854 2.05182 0.03406
v -0.07418 2.05182 0.06500
v -0.06854 2.05182 0.09594
v -0.05245 2.05182 0.12216
v -0.02839 2.05182 0.13969
v 0.00000 2.03092 0.13377
v 0.02415 2.03092 0.12853
v 0.04462 2.03092 0.11363
v 0.05830 2.03092 0.09132
v 0.06310 2.03092 0.06500
v 0.05830 2.03092 0.03868
v 0.04462 2.03092 0.01637
v 0.02415 2.03092 0.00147
v 0.00000 2.03092 -0.00377
v -0.02415 2.03092 0.00147
v -0.04462 2.03092 0.01637
v -0.05830 2.03092 0.03868
v -0.06310 2.03092 0.06500
v -0.05830 2.03092 0.09132
v -0.04462 2.03092 0.11363
v -0.02415 2.03092 0.12853
v 0.00000 2.01432 0.11496
v 0.01754 2.01432 0.11116
v 0.03242 2.01432 0.10033
v 0.04236 2.01432 0.08412
v 0.04585 2.01432 0.06500
v 0.04236 2.01432 0.04588
v 0.03242 2.01432 0.02967
v 0.01754 2.01432 0.01884
v 0.00000 2.01432 0.01504
v -0.01754 2.01432 0.01884
v -0.03242 2.01432 0.02967
v -0.04236 2.01432 0.04588
v -0.04585 2.01432 0.06500
v -0.04236 2.01432 0.08412
v -0.03242 2.01432 0.10033
v -0.01754 2.01432 0.11116
v 0.00000 2.00367 0.09127
v 0.00922 2.00367 0.08927
v 0.01704 2.00367 0.08357
v 0.02227 2.00367 0.07505
v 0.02410 2.00367 0.06500
v 0.02227 2.00367 0.05495
v 0.01704 2.00367 0.04643
v 0.00922 2.00367 0.04073
v 0.00000 2.00367 0.03873
v -0.00922 2.00367 0.04073
v -0.01704 2.00367 0.04643
v -0.02227 2.00367 0.05495
v -0.02410 2.00367 0.06500
v -0.02227 2.00367 0.07505
v -0.01704 2.00367 0.08357
v -0.00922 2.00367 0.08927
v 0.00000 2.00000 0.06500
v 0.00000 2.00000 0.06500
v 0.00000 2.00000 0.06500
v 0.00000 2.00000 0.06500
v 0.00000 2.00000 0.06500
v 0.00000 2.00000 0.06500
v 0.00000 2.00000 0.06500
v 0.00000 2.00000 0.06500
v 0.00000 2.00000 0.06500
v -0.00000 2.00000 0.06500
v -0.00000 2.00000 0.06500
v -0.00000 2.00000 0.06500
v -0.00000 2.00000 0.06500
v -0.00000 2.00000 0.06500
v -0.00000 2.00000 0.06500
v -0.00000 2.00000 0.06500
vn 0.0000 1.0000 0.0000
vn 0.0000 1.0000 0.0000
vn 0.0000 1.0000 0.0000
vn 0.0000 1.0000 0.0000
vn 0.0000 1.0000 0.0000
vn 0.0000 1.0000 -0.0000
vn 0.0000 1.0000 -0.0000
vn 0.0000 1.0000 -0.0000
vn 0.0000 1.0000 -0.0000
vn -0.0000 1.0000 -0.0000
vn -0.0000 1.0000 -0.0000
vn -0.0000 1.0000 -0.0000
vn -0.0000 1.0000 -0.0000
vn -0.0000 1.0000 0.0000
vn -0.0000 1.0000 0.0000
vn -0.0000 1.0000 0.0000
vn 0.0000 0.9613 0.2756
vn 0.1148 0.9603 0.2543
vn 0.2116 0.9579 0.1942
vn 0.2758 0.9555 0.1048
vn 0.2982 0.9545 0.0000
vn 0.2758 0.9555 -0.1048
vn 0.2116 0.9579 -0.1942
vn 0.1148 0.9603 -0.2543
vn 0.0000 0.9613 -0.2756
vn -0.1148 0.9603 -0.2543
vn -0.2116 0.9579 -0.1942
vn -0.2758 0.9555 -0.1048
vn -0.2982 0.9545 -0.0000
vn -0.2758 0.9555 0.1048
vn -0.2116 0.9579 0.1942
vn -0.1148 0.9603 0.2543
vn 0.0000 0.8419 0.5397
vn 0.2242 0.8385 0.4966
vn 0.4103 0.8306 0.3765
vn 0.5311 0.8229 0.2019
vn 0.5727 0.8198 0.0000
vn 0.5311 0.8229 -0.2019
vn 0.4103 0.8306 -0.3765
vn 0.2242 0.8385 -0.4966
vn 0.0000 0.8419 -0.5397
vn -0.2242 0.8385 -0.4966
vn -0.4103 0.8306 -0.3765
vn -0.5311 0.8229 -0.2019
vn -0.5727 0.8198 -0.0000
vn -0.5311 0.8229 0.2019
vn -0.4103 0.8306 0.3765
vn -0.2242 0.8385 0.4966
vn 0.0000 0.6357 0.7720
vn 0.3193 0.6305 0.7074
vn 0.5789 0.6186 0.5312
vn 0.7426 0.6073 0.2823
vn 0.7978 0.6029 0.0000
vn 0.7426 0.6073 -0.2823
vn 0.5789 0.6186 -0.5312
vn 0.3193 0.6305 -0.7074
vn 0.0000 0.6357 -0.7720
vn -0.3193 0.6305 -0.7074
vn -0.5789 0.6186 -0.5312
vn -0.7426 0.6073 -0.2823
vn -0.7978 0.6029 -0.0000
vn -0.7426 0.6073 0.2823
vn -0.5789 0.6186 0.5312
vn -0.3193 0.6305 0.7074
vn 0.0000 0.3456 0.9384
vn 0.3867 0.3415 0.8567
vn 0.6950 0.3321 0.6377
vn 0.8845 0.3235 0.3362
vn 0.9474 0.3201 0.0000
vn 0.8845 0.3235 -0.3362
vn 0.6950 0.3321 -0.6377
vn 0.3867 0.3415 -0.8567
vn 0.0000 0.3456 -0.9384
vn -0.3867 0.3415 -0.8567
vn -0.6950 0.3321 -0.6377
vn -0.8845 0.3235 -0.3362
vn -0.9474 0.3201 -0.0000
vn -0.8845 0.3235 0.3362
vn -0.6950 0.3321 0.6377
vn -0.3867 0.3415 0.8567
vn 0.0000 0.0000 1.0000
vn 0.4114 0.0000 0.9114
vn 0.7368 0.0000 0.6761
vn 0.9348 0.0000 0.3553
vn 1.0000 0.0000 0.0000
vn 0.9348 0.0000 -0.3553
vn 0.7368 0.0000 -0.6761
vn 0.4114 0.0000 -0.9114
vn 0.0000 0.0000 -1.0000
vn -0.4114 0.0000 -0.9114
vn -0.7368 0.0000 -0.6761
vn -0.9348 0.0000 -0.3553
vn -1.0000 0.0000 -0.0000
vn -0.9348 0.0000 0.3553
vn -0.7368 0.0000 0.6761
vn -0.4114 0.0000 0.9114
vn 0.0000 -0.3456 0.9384
vn 0.3867 -0.3415 0.8567
vn 0.6950 -0.3321 0.6377
vn 0.8845 -0.3235 0.3362
vn 0.9474 -0.3201 0.0000
vn 0.8845 -0.3235 -0.3362
vn 0.6950 -0.3321 -0.6377
vn 0.3867 -0.3415 -0.8567
vn 0.0000 -0.3456 -0.9384
vn -0.3867 -0.3415 -0.8567
vn -0.6950 -0.3321 -0.6377
vn -0.8845 -0.3235 -0.3362
vn -0.9474 -0.3201 -0.0000
vn -0.8845 -0.3235 0.3362
vn -0.6950 -0.3321 0.6377
vn -0.3867 -0.3415 0.8567
vn 0.0000 -0.6357 0.7720
vn 0.3193 -0.6305 0.7074
vn 0.5789 -0.6186 0.5312
vn 0.7426 -0.6073 0.2823
vn 0.7978 -0.6029 0.0000
vn 0.7426 -0.6073 -0.2823
vn 0.5789 -0.6186 -0.5312
vn 0.3193 -0.6305 -0.7074
vn 0.0000 -0.6357 -0.7720
vn -0.3193 -0.6305 -0.7074
vn -0.5789 -0.6186 -0.5312
vn -0.7426 -0.6073 -0.2823
vn -0.7978 -0.6029 -0.0000
vn -0.7426 -0.6073 0.2823
vn -0.5789 -0.6186 0.5312
vn -0.3193 -0.6305 0.7074
vn 0.0000 -0.8419 0.5397
vn 0.2242 -0.8385 0.4966
vn 0.4103 -0.8306 0.3765
vn 0.5311 -0.8229 0.2019
vn 0.5727 -0.8198 0.0000
vn 0.5311 -0.8229 -0.2019
vn 0.4103 -0.8306 -0.3765
vn 0.2242 -0.8385 -0.4966
vn 0.0000 -0.8419 -0.5397
vn -0.2242 -0.8385 -0.4966
vn -0.4103 -0.8306 -0.3765
vn -0.5311 -0.8229 -0.2019
vn -0.5727 -0.8198 -0.0000
vn -0.5311 -0.8229 0.2019
vn -0.4103 -0.8306 0.3765
vn -0.2242 -0.8385 0.4966
vn 0.0000 -0.9613 0.2756
vn 0.1148 -0.9603 0.2543
vn 0.2116 -0.9579 0.1942
vn 0.2758 -0.9555 0.1048
vn 0.2982 -0.9545 0.0000
vn 0.2758 -0.9555 -0.1048
vn 0.2116 -0.9579 -0.1942
vn 0.1148 -0.9603 -0.2543
vn 0.0000 -0.9613 -0.2756
vn -0.1148 -0.9603 -0.2543
vn -0.2116 -0.9579 -0.1942
vn -0.2758 -0.9555 -0.1048
vn -0.2982 -0.9545 -0.0000
vn -0.2758 -0.9555 0.1048
vn -0.2116 -0.9579 0.1942
vn -0.1148 -0.9603 0.2543
vn 0.0000 -1.0000 0.0000
vn 0.0000 -1.0000 0.0000
vn 0.0000 -1.0000 0.0000
vn 0.0000 -1.0000 0.0000
vn 0.0000 -1.0000 0.0000
vn 0.0000 -1.0000 -0.0000
vn 0.0000 -1.0000 -0.0000
vn 0.0000 -1.0000 -0.0000
vn 0.0000 -1.0000 -0.0000
vn -0.0000 -1.0000 -0.0000
vn -0.0000 -1.0000 -0.0000
vn -0.0000 -1.0000 -0.0000
vn -0.0000 -1.0000 -0.0000
vn -0.0000 -1.0000 0.0000
vn -0.0000 -1.0000 0.0000
vn -0.0000 -1.0000 0.0000
f 3123//3123 3124//3124 3108//3108 3107//3107
f 3124//3124 3125//3125 3109//3109 3108//3108
f 3125//3125 3126//3126 3110//3110 3109//3109
f 3126//3126 3127//3127 3111//3111 3110//3110
f 3127//3127 3128//3128 3112//3112 3111//3111
f 3128//3128 3129//3129 3113//3113 3112//3112
f 3129//3129 3130//3130 3114//3114 3113//3113
f 3130//3130 3131//3131 3115//3115 3114//3114
f 3131//3131 3132//3132 3116//3116 3115//3115
f 3132//3132 3133//3133 3117//3117 3116//3116
f 3133//3133 3134//3134 3118//3118 3117//3117
f 3134//3134 3135//3135 3119//3119 3118//3118
f 3135//3135 3136//3136 3120//3120 3119//3119
f 3136//3136 3137//3137 3121//3121 3120//3120
f 3137//3137 3138//3138 3122//3122 3121//3121
f 3138//3138 3123//3123 3107//3107 3122//3122
f 3139//3139 3140//3140 3124//3124 3123//3123
f 3140//3140 3141//3141 3125//3125 3124//3124
f 3141//3141 3142//3142 3126//3126 3125//3125
f 3142//3142 3143//3143 3127//3127 3126//3126
f 3143//3143 3144//3144 3128//3128 3127//3127
f 3144//3144 3145//3145 3129//3129 3128//3128
f 3145//3145 3146//3146 3130//3130 3129//3129
f 3146//3146 3147//3147 3131//3131 3130//3130
f 3147//3147 3148//3148 3132//3132 3131//3131
f 3148//3148 3149//3149 3133//3133 3132//3132
f 3149//3149 3150//3150 3134//3134 3133//3133
f 3150//3150 3151//3151 3135//3135 3134//3134
f 3151//3151 3152//3152 3136//3136 3135//3135
f 3152//3152 3153//3153 3137//3137 3136//3136
f 3153//3153 3154//3154 3138//3138 3137//3137
f 3154//3154 3139//3139 3123//3123 3138//3138
f 3155//3155 3156//3156 3140//3140 3139//3139
f 3156//3156 3157//3157 3141//3141 3140//3140
f 3157//3157 3158//3158 3142//3142 3141//3141
f 3158//3158 3159//3159 3143//3143 3142//3142
f 3159//3159 3160//3160 3144//3144 3143//3143
f 3160//3160 3161//3161 3145//3145 3144//3144
f 3161//3161 3162//3162 3146//3146 3145//3145
f 3162//3162 3163//3163 3147//3147 3146//3146
f 3163//3163 3164//3164 3148//3148 3147//3147
f 3164//3164 3165//3165 3149//3149 3148//3148
f 3165//3165 3166//3166 3150//3150 3149//3149
f 3166//3166 3167//3167 3151//3151 3150//3150
f 3167//3167 3168//3168 3152//3152 3151//3151
f 3168//3168 3169//3169 3153//3153 3152//3152
f 3169//3169 3170//3170 3154//3154 3153//3153
f 3170//3170 3155//3155 3139//3139 3154//3154
f 3171//3171 3172//3172 3156//3156 3155//3155
f 3172//3172 3173//3173 3157//3157 3156//3156
f 3173//3173 3174//3174 3158//3158 3157//3157
f 3174//3174 3175//3175 3159//3159 3158//3158
f 3175//3175 3176//3176 3160//3160 3159//3159
f 3176//3176 3177//3177 3161//3161 3160//3160
f 3177//3177 3178//3178 3162//3162 3161//3161
f 3178//3178 3179//3179 3163//3163 3162//3162
f 3179//3179 3180//3180 3164//3164 3163//3163
f 3180//3180 3181//3181 3165//3165 3164//3164
f 3181//3181 3182//3182 3166//3166 3165//3165
f 3182//3182 3183//3183 3167//3167 3166//3166
f 3183//3183 3184//3184 3168//3168 3167//3167
f 3184//3184 3185//3185 3169//3169 3168//3168
f 3185//3185 3186//3186 3170//3170 3169//3169
f 3186//3186 3171//3171 3155//3155 3170//3170
f 3187//3187 3188//3188 3172//3172 3171//3171
f 3188//3188 3189//3189 3173//3173 3172//3172
f 3189//3189 3190//3190 3174//3174 3173//3173
f 3190//3190 3191//3191 3175//3175 3174//3174
f 3191//3191 3192//3192 3176//3176 3175//3175
f 3192//3192 3193//3193 3177//3177 3176//3176
f 3193//3193 3194//3194 3178//3178 3177//3177
f 3194//3194 3195//3195 3179//3179 3178//3178
f 3195//3195 3196//3196 3180//3180 3179//3179
f 3196//3196 3197//3197 3181//3181 3180//3180
f 3197//3197 3198//3198 3182//3182 3181//3181
f 3198//3198 3199//3199 3183//3183 3182//3182
f 3199//3199 3200//3200 3184//3184 3183//3183
f 3200//3200 3201//3201 3185//3185 3184//3184
f 3201//3201 3202//3202 3186//3186 3185//3185
f 3202//3202 3187//3187 3171//3171 3186//3186
f 3203//3203 3204//3204 3188//3188 3187//3187
f 3204//3204 3205//3205 3189//3189 3188//3188
f 3205//3205 3206//3206 3190//3190 3189//3189
f 3206//3206 3207//3207 3191//3191 3190//3190
f 3207//3207 3208//3208 3192//3192 3191//3191
f 3208//3208 3209//3209 3193//3193 3192//3192
f 3209//3209 3210//3210 3194//3194 3193//3193
f 3210//3210 3211//3211 3195//3195 3194//3194
f 3211//3211 3212//3212 3196//3196 3195//3195
f 3212//3212 3213//3213 3197//3197 3196//3196
f 3213//3213 3214//3214 3198//3198 3197//3197
f 3214//3214 3215//3215 3199//3199 3198//3198
f 3215//3215 3216//3216 3200//3200 3199//3199
f 3216//3216 3217//3217 3201//3201 3200//3200
f 3217//3217 3218//3218 3202//3202 3201//3201
f 3218//3218 3203//3203 3187//3187 3202//3202
f 3219//3219 3220//3220 3204//3204 3203//3203
f 3220//3220 3221//3221 3205//3205 3204//3204
f 3221//3221 3222//3222 3206//3206 3205//3205
f 3222//3222 3223//3223 3207//3207 3206//3206
f 3223//3223 3224//3224 3208//3208 3207//3207
f 3224//3224 3225//3225 3209//3209 3208//3208
f 3225//3225 3226//3226 3210//3210 3209//3209
f 3226//3226 3227//3227 3211//3211 3210//3210
f 3227//3227 3228//3228 3212//3212 3211//3211
f 3228//3228 3229//3229 3213//3213 3212//3212
f 3229//3229 3230//3230 3214//3214 3213//3213
f 3230//3230 3231//3231 3215//3215 3214//3214
f 3231//3231 3232//3232 3216//3216 3215//3215
f 3232//3232 3233//3233 3217//3217 3216//3216
f 3233//3233 3234//3234 3218//3218 3217//3217
f 3234//3234 3219//3219 3203//3203 3218//3218
f 3235//3235 3236//3236 3220//3220 3219//3219
f 3236//3236 3237//3237 3221//3221 3220//3220
f 3237//3237 3238//3238 3222//3222 3221//3221
f 3238//3238 3239//3239 3223//3223 3222//3222
f 3239//3239 3240//3240 3224//3224 3223//3223
f 3240//3240 3241//3241 3225//3225 3224//3224
f 3241//3241 3242//3242 3226//3226 3225//3225
f 3242//3242 3243//3243 3227//3227 3226//3226
f 3243//3243 3244//3244 3228//3228 3227//3227
f 3244//3244 3245//3245 3229//3229 3228//3228
f 3245//3245 3246//3246 3230//3230 3229//3229
f 3246//3246 3247//3247 3231//3231 3230//3230
f 3247//3247 3248//3248 3232//3232 3231//3231
f 3248//3248 3249//3249 3233//3233 3232//3232
f 3249//3249 3250//3250 3234//3234 3233//3233
f 3250//3250 3235//3235 3219//3219 3234//3234
f 3251//3251 3252//3252 3236//3236 3235//3235
f 3252//3252 3253//3253 3237//3237 3236//3236
f 3253//3253 3254//3254 3238//3238 3237//3237
f 3254//3254 3255//3255 3239//3239 3238//3238
f 3255//3255 3256//3256 3240//3240 3239//3239
f 3256//3256 3257//3257 3241//3241 3240//3240
f 3257//3257 3258//3258 3242//3242 3241//3241
f 3258//3258 3259//3259 3243//3243 3242//3242
f 3259//3259 3260//3260 3244//3244 3243//3243
f 3260//3260 3261//3261 3245//3245 3244//3244
f 3261//3261 3262//3262 3246//3246 3245//3245
f 3262//3262 3263//3263 3247//3247 3246//3246
f 3263//3263 3264//3264 3248//3248 3247//3247
f 3264//3264 3265//3265 3249//3249 3248//3248
f 3265//3265 3266//3266 3250//3250 3249//3249
f 3266//3266 3251//3251 3235//3235 3250//3250
f 3267//3267 3268//3268 3252//3252 3251//3251
f 3268//3268 3269//3269 3253//3253 3252//3252
f 3269//3269 3270//3270 3254//3254 3253//3253
f 3270//3270 3271//3271 3255//3255 3254//3254
f 3271//3271 3272//3272 3256//3256 3255//3255
f 3272//3272 3273//3273 3257//3257 3256//3256
f 3273//3273 3274//3274 3258//3258 3257//3257
f 3274//3274 3275//3275 3259//3259 3258//3258
f 3275//3275 3276//3276 3260//3260 3259//3259
f 3276//3276 3277//3277 3261//3261 3260//3260
f 3277//3277 3278//3278 3262//3262 3261//3261
f 3278//3278 3279//3279 3263//3263 3262//3262
f 3279//3279 3280//3280 3264//3264 3263//3263
f 3280//3280 3281//3281 3265//3265 3264//3264
f 3281//3281 3282//3282 3266//3266 3265//3265
f 3282//3282 3267//3267 3251//3251 3266//3266
g part21
usemtl skin
v 0.00000 1.83798 0.05396
v 0.02700 1.83825 0.04673
v 0.04677 1.83899 0.02698
v 0.05400 1.84000 0.00000
v 0.04677 1.84101 -0.02698
v 0.02700 1.84175 -0.04673
v 0.00000 1.84202 -0.05396
v -0.02700 1.84175 -0.04673
v -0.04677 1.84101 -0.02698
v -0.05400 1.84000 -0.00000
v -0.04677 1.83899 0.02698
v -0.02700 1.83825 0.04673
v 0.00000 1.86073 0.05325
v 0.02622 1.86096 0.04623
v 0.04541 1.86160 0.02705
v 0.05244 1.86248 0.00084
v 0.04541 1.86336 -0.02537
v 0.02622 1.86400 -0.04455
v 0.00000 1.86423 -0.05157
v -0.02622 1.86400 -0.04455
v -0.04541 1.86336 -0.02537
v -0.05244 1.86248 0.00084
v -0.04541 1.86160 0.02705
v -0.02622 1.86096 0.04623
v 0.00000 1.88384 0.05221
v 0.02536 1.88406 0.04542
v 0.04392 1.88464 0.02687
v 0.05072 1.88544 0.00152
v 0.04392 1.88624 -0.02383
v 0.02536 1.88682 -0.04238
v 0.00000 1.88704 -0.04917
v -0.02536 1.88682 -0.04238
v -0.04392 1.88624 -0.02383
v -0.05072 1.88544 0.00152
v -0.04392 1.88464 0.02687
v -0.02536 1.88406 0.04542
v 0.00000 1.90613 0.05132
v 0.02454 1.90640 0.04475
v 0.04250 1.90715 0.02680
v 0.04908 1.90816 0.00228
v 0.04250 1.90917 -0.02224
v 0.02454 1.90992 -0.04019
v 0.00000 1.91019 -0.04676
v -0.02454 1.90992 -0.04019
v -0.04250 1.90917 -0.02224
v -0.04908 1.90816 0.00228
v -0.04250 1.90715 0.02680
v -0.02454 1.90640 0.04475
v 0.00000 1.92682 0.05102
v 0.02388 1.92724 0.04463
v 0.04136 1.92837 0.02719
v 0.04776 1.92992 0.00336
v 0.04136 1.93147 -0.02047
v 0.02388 1.93260 -0.03791
v 0.00000 1.93302 -0.04430
v -0.02388 1.93260 -0.03791
v -0.04136 1.93147 -0.02047
v -0.04776 1.92992 0.00336
v -0.04136 1.92837 0.02719
v -0.02388 1.92724 0.04463
v 0.00000 1.94508 0.05174
v 0.02350 1.94574 0.04548
v 0.04070 1.94754 0.02837
v 0.04700 1.95000 0.00500
v 0.04070 1.95246 -0.01837
v 0.02350 1.95426 -0.03548
v 0.00000 1.95492 -0.04174
v -0.02350 1.95426 -0.03548
v -0.04070 1.95246 -0.01837
v -0.04700 1.95000 0.00500
v -0.04070 1.94754 0.02837
v -0.02350 1.94574 0.04548
v 0.00000 1.96075 0.05377
v 0.02348 1.96171 0.04755
v 0.04067 1.96433 0.03056
v 0.04696 1.96792 0.00736
v 0.04067 1.97151 -0.01584
v 0.02348 1.97413 -0.03283
v 0.00000 1.97509 -0.03905
v -0.02348 1.97413 -0.03283
v -0.04067 1.97151 -0.01584
v -0.04696 1.96792 0.00736
v -0.04067 1.96433 0.03056
v -0.02348 1.96171 0.04755
v 0.00000 1.97505 0.05688
v 0.02374 1.97627 0.05064
v 0.04112 1.97961 0.03358
v 0.04748 1.98416 0.01028
v 0.04112 1.98871 -0.01302
v 0.02374 1.99205 -0.03008
v 0.00000 1.99327 -0.03632
v -0.02374 1.99205 -0.03008
v -0.04112 1.98871 -0.01302
v -0.04748 1.98416 0.01028
v -0.04112 1.97961 0.03358
v -0.02374 1.97627 0.05064
v 0.00000 1.98922 0.06075
v 0.02416 1.99059 0.05442
v 0.04185 1.99433 0.03713
v 0.04832 1.99944 0.01352
v 0.04185 2.00455 -0.01009
v 0.02416 2.00829 -0.02738
v 0.00000 2.00966 -0.03371
v -0.02416 2.00829 -0.02738
v -0.04185 2.00455 -0.01009
v -0.04832 1.99944 0.01352
v -0.04185 1.99433 0.03713
v -0.02416 1.99059 0.05442
v 0.00000 2.00427 0.06501
v 0.02462 2.00563 0.05856
v 0.04264 2.00937 0.04092
v 0.04924 2.01448 0.01684
v 0.04264 2.01959 -0.00724
v 0.02462 2.02333 -0.02488
v 0.00000 2.02469 -0.03133
v -0.02462 2.02333 -0.02488
v -0.04264 2.01959 -0.00724
v -0.04924 2.01448 0.01684
v -0.04264 2.00937 0.04092
v -0.02462 2.00563 0.05856
v 0.00000 2.02002 0.06899
v 0.02500 2.02136 0.06243
v 0.04330 2.02501 0.04450
v 0.05000 2.03000 0.02000
v 0.04330 2.03499 -0.00450
v 0.02500 2.03864 -0.02243
v 0.00000 2.03998 -0.02899
v -0.02500 2.03864 -0.02243
v -0.04330 2.03499 -0.00450
v -0.05000 2.03000 0.02000
v -0.04330 2.02501 0.04450
v -0.02500 2.02136 0.06243
v 0.00000 1.83798 0.05396
v 0.02700 1.83825 0.04673
v 0.04677 1.83899 0.02698
v 0.05400 1.84000 0.00000
v 0.04677 1.84101 -0.02698
v 0.02700 1.84175 -0.04673
v 0.00000 1.84202 -0.05396
v -0.02700 1.84175 -0.04673
v -0.04677 1.84101 -0.02698
v -0.05400 1.84000 -0.00000
v -0.04677 1.83899 0.02698
v -0.02700 1.83825 0.04673
v 0.00000 1.84000 0.00000
v 0.00000 2.02002 0.06899
v 0.02500 2.02136 0.06243
v 0.04330 2.02501 0.04450
v 0.05000 2.03000 0.02000
v 0.04330 2.03499 -0.00450
v 0.02500 2.03864 -0.02243
v 0.00000 2.03998 -0.02899
v -0.02500 2.03864 -0.02243
v -0.04330 2.03499 -0.00450
v -0.05000 2.03000 0.02000
v -0.04330 2.02501 0.04450
v -0.02500 2.02136 0.06243
v 0.00000 2.03000 0.02000
vn -0.0000 0.0313 0.9995
vn 0.4988 0.0363 0.8659
vn 0.8640 0.0502 0.5010
vn 0.9976 0.0691 0.0026
vn 0.8639 0.0881 -0.4958
vn 0.4988 0.1020 -0.8607
vn 0.0000 0.1070 -0.9943
vn -0.4988 0.1020 -0.8607
vn -0.8639 0.0881 -0.4958
vn -0.9976 0.0691 0.0026
vn -0.8640 0.0502 0.5010
vn -0.4988 0.0363 0.8659
vn -0.0000 0.0381 0.9993
vn 0.4987 0.0426 0.8657
vn 0.8638 0.0550 0.5008
vn 0.9974 0.0719 0.0024
vn 0.8638 0.0888 -0.4960
vn 0.4987 0.1012 -0.8609
vn 0.0000 0.1057 -0.9944
vn -0.4987 0.1012 -0.8609
vn -0.8638 0.0888 -0.4960
vn -0.9974 0.0719 0.0024
vn -0.8638 0.0550 0.5008
vn -0.4987 0.0426 0.8657
vn -0.0000 0.0425 0.9991
vn 0.4986 0.0466 0.8656
vn 0.8637 0.0579 0.5007
vn 0.9973 0.0733 0.0023
vn 0.8637 0.0887 -0.4961
vn 0.4987 0.1000 -0.8610
vn 0.0000 0.1042 -0.9946
vn -0.4987 0.1000 -0.8610
vn -0.8637 0.0887 -0.4961
vn -0.9973 0.0733 0.0023
vn -0.8637 0.0579 0.5007
vn -0.4986 0.0466 0.8656
vn -0.0000 0.0278 0.9996
vn 0.4988 0.0329 0.8661
vn 0.8640 0.0470 0.5012
vn 0.9978 0.0663 0.0027
vn 0.8642 0.0858 -0.4958
vn 0.4990 0.1002 -0.8608
vn 0.0000 0.1054 -0.9944
vn -0.4990 0.1002 -0.8608
vn -0.8642 0.0858 -0.4958
vn -0.9978 0.0663 0.0027
vn -0.8640 0.0470 0.5012
vn -0.4988 0.0329 0.8661
vn -0.0000 -0.0109 0.9999
vn 0.4993 -0.0029 0.8664
vn 0.8649 0.0190 0.5016
vn 0.9988 0.0494 0.0032
vn 0.8650 0.0803 -0.4953
vn 0.4994 0.1031 -0.8602
vn 0.0000 0.1114 -0.9938
vn -0.4994 0.1031 -0.8602
vn -0.8650 0.0803 -0.4953
vn -0.9988 0.0494 0.0032
vn -0.8649 0.0190 0.5016
vn -0.4993 -0.0029 0.8664
vn -0.0000 -0.0808 0.9967
vn 0.4999 -0.0673 0.8635
vn 0.8658 -0.0302 0.4995
vn 0.9998 0.0208 0.0022
vn 0.8659 0.0722 -0.4951
vn 0.4999 0.1100 -0.8591
vn 0.0000 0.1238 -0.9923
vn -0.4999 0.1100 -0.8591
vn -0.8659 0.0722 -0.4951
vn -0.9998 0.0208 0.0022
vn -0.8658 -0.0302 0.4995
vn -0.4999 -0.0673 0.8635
vn -0.0000 -0.1689 0.9856
vn 0.4999 -0.1480 0.8533
vn 0.8659 -0.0911 0.4918
vn 0.9999 -0.0137 -0.0021
vn 0.8659 0.0633 -0.4961
vn 0.5000 0.1195 -0.8578
vn 0.0000 0.1400 -0.9901
vn -0.5000 0.1195 -0.8578
vn -0.8659 0.0633 -0.4961
vn -0.9999 -0.0137 -0.0021
vn -0.8659 -0.0911 0.4918
vn -0.4999 -0.1480 0.8533
vn -0.0000 -0.2380 0.9713
vn 0.4995 -0.2115 0.8401
vn 0.8652 -0.1395 0.4817
vn 0.9991 -0.0415 -0.0081
vn 0.8653 0.0559 -0.4981
vn 0.4996 0.1268 -0.8569
vn 0.0000 0.1527 -0.9883
vn -0.4996 0.1268 -0.8569
vn -0.8653 0.0559 -0.4981
vn -0.9991 -0.0415 -0.0081
vn -0.8652 -0.1395 0.4817
vn -0.4995 -0.2115 0.8401
vn -0.0000 -0.2681 0.9634
vn 0.4992 -0.2396 0.8327
vn 0.8646 -0.1617 0.4757
vn 0.9984 -0.0554 -0.0120
vn 0.8647 0.0508 -0.4998
vn 0.4992 0.1284 -0.8569
vn 0.0000 0.1568 -0.9876
vn -0.4992 0.1284 -0.8569
vn -0.8647 0.0508 -0.4998
vn -0.9984 -0.0554 -0.0120
vn -0.8646 -0.1617 0.4757
vn -0.4992 -0.2396 0.8327
vn -0.0000 -0.2586 0.9660
vn 0.4993 -0.2310 0.8351
vn 0.8648 -0.1556 0.4774
vn 0.9986 -0.0525 -0.0111
vn 0.8648 0.0505 -0.4997
vn 0.4993 0.1260 -0.8572
vn 0.0000 0.1536 -0.9881
vn -0.4993 0.1260 -0.8572
vn -0.8648 0.0505 -0.4997
vn -0.9986 -0.0525 -0.0111
vn -0.8648 -0.1556 0.4774
vn -0.4993 -0.2310 0.8351
vn -0.0000 -0.2452 0.9695
vn 0.4994 -0.2186 0.8383
vn 0.8651 -0.1461 0.4799
vn 0.9989 -0.0470 -0.0096
vn 0.8650 0.0521 -0.4991
vn 0.4994 0.1245 -0.8574
vn 0.0000 0.1510 -0.9885
vn -0.4994 0.1245 -0.8574
vn -0.8650 0.0521 -0.4991
vn -0.9989 -0.0470 -0.0096
vn -0.8651 -0.1461 0.4799
vn -0.4994 -0.2186 0.8383
vn -0.0000 -0.9993 -0.0373
vn -0.0000 -0.9993 -0.0373
vn -0.0000 -0.9993 -0.0373
vn -0.0000 -0.9993 -0.0373
vn -0.0000 -0.9993 -0.0373
vn -0.0000 -0.9993 -0.0373
vn -0.0000 -0.9993 -0.0373
vn -0.0000 -0.9993 -0.0373
vn -0.0000 -0.9993 -0.0373
vn -0.0000 -0.9993 -0.0373
vn -0.0000 -0.9993 -0.0373
vn -0.0000 -0.9993 -0.0373
vn -0.0000 -0.9993 -0.0373
vn 0.0000 0.9799 0.1995
vn 0.0000 0.9799 0.1995
vn 0.0000 0.9799 0.1995
vn 0.0000 0.9799 0.1995
vn 0.0000 0.9799 0.1995
vn 0.0000 0.9799 0.1995
vn 0.0000 0.9799 0.1995
vn 0.0000 0.9799 0.1995
vn 0.0000 0.9799 0.1995
vn 0.0000 0.9799 0.1995
vn 0.0000 0.9799 0.1995
vn 0.0000 0.9799 0.1995
vn 0.0000 0.9799 0.1995
f 3283//3283 3284//3284 3296//3296 3295//3295
f 3284//3284 3285//3285 3297//3297 3296//3296
f 3285//3285 3286//3286 3298//3298 3297//3297
f 3286//3286 3287//3287 3299//3299 3298//3298
f 3287//3287 3288//3288 3300//3300 3299//3299
f 3288//3288 3289//3289 3301//3301 3300//3300
f 3289//3289 3290//3290 3302//3302 3301//3301
f 3290//3290 3291//3291 3303//3303 3302//3302
f 3291//3291 3292//3292 3304//3304 3303//3303
f 3292//3292 3293//3293 3305//3305 3304//3304
f 3293//3293 3294//3294 3306//3306 3305//3305
f 3294//3294 3283//3283 3295//3295 3306//3306
f 3295//3295 3296//3296 3308//3308 3307//3307
f 3296//3296 3297//3297 3309//3309 3308//3308
f 3297//3297 3298//3298 3310//3310 3309//3309
f 3298//3298 3299//3299 3311//3311 3310//3310
f 3299//3299 3300//3300 3312//3312 3311//3311
f 3300//3300 3301//3301 3313//3313 3312//3312
f 3301//3301 3302//3302 3314//3314 3313//3313
f 3302//3302 3303//3303 3315//3315 3314//3314
f 3303//3303 3304//3304 3316//3316 3315//3315
f 3304//3304 3305//3305 3317//3317 3316//3316
f 3305//3305 3306//3306 3318//3318 3317//3317
f 3306//3306 3295//3295 3307//3307 3318//3318
f 3307//3307 3308//3308 3320//3320 3319//3319
f 3308//3308 3309//3309 3321//3321 3320//3320
f 3309//3309 3310//3310 3322//3322 3321//3321
f 3310//3310 3311//3311 3323//3323 3322//3322
f 3311//3311 3312//3312 3324//3324 3323//3323
f 3312//3312 3313//3313 3325//3325 3324//3324
f 3313//3313 3314//3314 3326//3326 3325//3325
f 3314//3314 3315//3315 3327//3327 3326//3326
f 3315//3315 3316//3316 3328//3328 3327//3327
f 3316//3316 3317//3317 3329//3329 3328//3328
f 3317//3317 3318//3318 3330//3330 3329//3329
f 3318//3318 3307//3307 3319//3319 3330//3330
f 3319//3319 3320//3320 3332//3332 3331//3331
f 3320//3320 3321//3321 3333//3333 3332//3332
f 3321//3321 3322//3322 3334//3334 3333//3333
f 3322//3322 3323//3323 3335//3335 3334//3334
f 3323//3323 3324//3324 3336//3336 3335//3335
f 3324//3324 3325//3325 3337//3337 3336//3336
f 3325//3325 3326//3326 3338//3338 3337//3337
f 3326//3326 3327//3327 3339//3339 3338//3338
f 3327//3327 3328//3328 3340//3340 3339//3339
f 3328//3328 3329//3329 3341//3341 3340//3340
f 3329//3329 3330//3330 3342//3342 3341//3341
f 3330//3330 3319//3319 3331//3331 3342//3342
f 3331//3331 3332//3332 3344//3344 3343//3343
f 3332//3332 3333//3333 3345//3345 3344//3344
f 3333//3333 3334//3334 3346//3346 3345//3345
f 3334//3334 3335//3335 3347//3347 3346//3346
f 3335//3335 3336//3336 3348//3348 3347//3347
f 3336//3336 3337//3337 3349//3349 3348//3348
f 3337//3337 3338//3338 3350//3350 3349//3349
f 3338//3338 3339//3339 3351//3351 3350//3350
f 3339//3339 3340//3340 3352//3352 3351//3351
f 3340//3340 3341//3341 3353//3353 3352//3352
f 3341//3341 3342//3342 3354//3354 3353//3353
f 3342//3342 3331//3331 3343//3343 3354//3354
f 3343//3343 3344//3344 3356//3356 3355//3355
f 3344//3344 3345//3345 3357//3357 3356//3356
f 3345//3345 3346//3346 3358//3358 3357//3357
f 3346//3346 3347//3347 3359//3359 3358//3358
f 3347//3347 3348//3348 3360//3360 3359//3359
f 3348//3348 3349//3349 3361//3361 3360//3360
f 3349//3349 3350//3350 3362//3362 3361//3361
f 3350//3350 3351//3351 3363//3363 3362//3362
f 3351//3351 3352//3352 3364//3364 3363//3363
f 3352//3352 3353//3353 3365//3365 3364//3364
f 3353//3353 3354//3354 3366//3366 3365//3365
f 3354//3354 3343//3343 3355//3355 3366//3366
f 3355//3355 3356//3356 3368//3368 3367//3367
f 3356//3356 3357//3357 3369//3369 3368//3368
f 3357//3357 3358//3358 3370//3370 3369//3369
f 3358//3358 3359//3359 3371//3371 3370//3370
f 3359//3359 3360//3360 3372//3372 3371//3371
f 3360//3360 3361//3361 3373//3373 3372//3372
f 3361//3361 3362//3362 3374//3374 3373//3373
f 3362//3362 3363//3363 3375//3375 3374//3374
f 3363//3363 3364//3364 3376//3376 3375//3375
f 3364//3364 3365//3365 3377//3377 3376//3376
f 3365//3365 3366//3366 3378//3378 3377//3377
f 3366//3366 3355//3355 3367//3367 3378//3378
f 3367//3367 3368//3368 3380//3380 3379//3379
f 3368//3368 3369//3369 3381//3381 3380//3380
f 3369//3369 3370//3370 3382//3382 3381//3381
f 3370//3370 3371//3371 3383//3383 3382//3382
f 3371//3371 3372//3372 3384//3384 3383//3383
f 3372//3372 3373//3373 3385//3385 3384//3384
f 3373//3373 3374//3374 3386//3386 3385//3385
f 3374//3374 3375//3375 3387//3387 3386//3386
f 3375//3375 3376//3376 3388//3388 3387//3387
f 3376//3376 3377//3377 3389//3389 3388//3388
f 3377//3377 3378//3378 3390//3390 3389//3389
f 3378//3378 3367//3367 3379//3379 3390//3390
f 3379//3379 3380//3380 3392//3392 3391//3391
f 3380//3380 3381//3381 3393//3393 3392//3392
f 3381//3381 3382//3382 3394//3394 3393//3393
f 3382//3382 3383//3383 3395//3395 3394//3394
f 3383//3383 3384//3384 3396//3396 3395//3395
f 3384//3384 3385//3385 3397//3397 3396//3396
f 3385//3385 3386//3386 3398//3398 3397//3397
f 3386//3386 3387//3387 3399//3399 3398//3398
f 3387//3387 3388//3388 3400//3400 3399//3399
f 3388//3388 3389//3389 3401//3401 3400//3400
f 3389//3389 3390//3390 3402//3402 3401//3401
f 3390//3390 3379//3379 3391//3391 3402//3402
f 3391//3391 3392//3392 3404//3404 3403//3403
f 3392//3392 3393//3393 3405//3405 3404//3404
f 3393//3393 3394//3394 3406//3406 3405//3405
f 3394//3394 3395//3395 3407//3407 3406//3406
f 3395//3395 3396//3396 3408//3408 3407//3407
f 3396//3396 3397//3397 3409//3409 3408//3408
f 3397//3397 3398//3398 3410//3410 3409//3409
f 3398//3398 3399//3399 3411//3411 3410//3410
f 3399//3399 3400//3400 3412//3412 3411//3411
f 3400//3400 3401//3401 3413//3413 3412//3412
f 3401//3401 3402//3402 3414//3414 3413//3413
f 3402//3402 3391//3391 3403//3403 3414//3414
f 3416//3416 3427//3427 3415//3415
f 3417//3417 3427//3427 3416//3416
f 3418//3418 3427//3427 3417//3417
f 3419//3419 3427//3427 3418//3418
f 3420//3420 3427//3427 3419//3419
f 3421//3421 3427//3427 3420//3420
f 3422//3422 3427//3427 3421//3421
f 3423//3423 3427//3427 3422//3422
f 3424//3424 3427//3427 3423//3423
f 3425//3425 3427//3427 3424//3424
f 3426//3426 3427//3427 3425//3425
f 3415//3415 3427//3427 3426//3426
f 3429//3429 3440//3440 3428//3428
f 3430//3430 3440//3440 3429//3429
f 3431//3431 3440//3440 3430//3430
f 3432//3432 3440//3440 3431//3431
f 3433//3433 3440//3440 3432//3432
f 3434//3434 3440//3440 3433//3433
f 3435//3435 3440//3440 3434//3434
f 3436//3436 3440//3440 3435//3435
f 3437//3437 3440//3440 3436//3436
f 3438//3438 3440//3440 3437//3437
f 3439//3439 3440//3440 3438//3438
f 3428//3428 3440//3440 3439//3439
g part22
usemtl skin
v -0.06600 2.13500 0.10800
v -0.06600 2.13500 0.10800
v -0.06600 2.13500 0.10800
v -0.06600 2.13500 0.10800
v -0.06600 2.13500 0.10800
v -0.06600 2.13500 0.10800
v -0.06600 2.13500 0.10800
v -0.06600 2.13500 0.10800
v -0.06600 2.13500 0.10800
v -0.06600 2.13500 0.10800
v -0.06600 2.13232 0.11900
v -0.05836 2.13232 0.11690
v -0.05364 2.13232 0.11140
v -0.05364 2.13232 0.10460
v -0.05836 2.13232 0.09910
v -0.06600 2.13232 0.09700
v -0.07364 2.13232 0.09910
v -0.07836 2.13232 0.10460
v -0.07836 2.13232 0.11140
v -0.07364 2.13232 0.11690
v -0.06600 2.12500 0.12705
v -0.05277 2.12500 0.12341
v -0.04459 2.12500 0.11389
v -0.04459 2.12500 0.10211
v -0.05277 2.12500 0.09259
v -0.06600 2.12500 0.08895
v -0.07923 2.12500 0.09259
v -0.08741 2.12500 0.10211
v -0.08741 2.12500 0.11389
v -0.07923 2.12500 0.12341
v -0.06600 2.11500 0.13000
v -0.05072 2.11500 0.12580
v -0.04127 2.11500 0.11480
v -0.04127 2.11500 0.10120
v -0.05072 2.11500 0.09020
v -0.06600 2.11500 0.08600
v -0.08128 2.11500 0.09020
v -0.09073 2.11500 0.10120
v -0.09073 2.11500 0.11480
v -0.08128 2.11500 0.12580
v -0.06600 2.10500 0.12705
v -0.05277 2.10500 0.12341
v -0.04459 2.10500 0.11389
v -0.04459 2.10500 0.10211
v -0.05277 2.10500 0.09259
v -0.06600 2.10500 0.08895
v -0.07923 2.10500 0.09259
v -0.08741 2.10500 0.10211
v -0.08741 2.10500 0.11389
v -0.07923 2.10500 0.12341
v -0.06600 2.09768 0.11900
v -0.05836 2.09768 0.11690
v -0.05364 2.09768 0.11140
v -0.05364 2.09768 0.10460
v -0.05836 2.09768 0.09910
v -0.06600 2.09768 0.09700
v -0.07364 2.09768 0.09910
v -0.07836 2.09768 0.10460
v -0.07836 2.09768 0.11140
v -0.07364 2.09768 0.11690
v -0.06600 2.09500 0.10800
v -0.06600 2.09500 0.10800
v -0.06600 2.09500 0.10800
v -0.06600 2.09500 0.10800
v -0.06600 2.09500 0.10800
v -0.06600 2.09500 0.10800
v -0.06600 2.09500 0.10800
v -0.06600 2.09500 0.10800
v -0.06600 2.09500 0.10800
v -0.06600 2.09500 0.10800
vn 0.0000 1.0000 0.0000
vn 0.0000 1.0000 0.0000
vn 0.0000 1.0000 0.0000
vn 0.0000 1.0000 -0.0000
vn 0.0000 1.0000 -0.0000
vn 0.0000 1.0000 -0.0000
vn -0.0000 1.0000 -0.0000
vn -0.0000 1.0000 -0.0000
vn -0.0000 1.0000 0.0000
vn -0.0000 1.0000 0.0000
vn 0.0000 0.8854 0.4647
vn 0.2336 0.8950 0.3800
vn 0.3848 0.9111 0.1478
vn 0.3848 0.9111 -0.1478
vn 0.2336 0.8950 -0.3800
vn 0.0000 0.8854 -0.4647
vn -0.2336 0.8950 -0.3800
vn -0.3848 0.9111 -0.1478
vn -0.3848 0.9111 0.1478
vn -0.2336 0.8950 0.3800
vn 0.0000 0.5361 0.8441
vn 0.4353 0.5559 0.7081
vn 0.7516 0.5931 0.2886
vn 0.7516 0.5931 -0.2886
vn 0.4353 0.5559 -0.7081
vn 0.0000 0.5361 -0.8441
vn -0.4353 0.5559 -0.7081
vn -0.7516 0.5931 -0.2886
vn -0.7516 0.5931 0.2886
vn -0.4353 0.5559 0.7081
vn 0.0000 0.0000 1.0000
vn 0.5237 0.0000 0.8519
vn 0.9335 0.0000 0.3585
vn 0.9335 0.0000 -0.3585
vn 0.5237 0.0000 -0.8519
vn 0.0000 0.0000 -1.0000
vn -0.5237 0.0000 -0.8519
vn -0.9335 0.0000 -0.3585
vn -0.9335 0.0000 0.3585
vn -0.5237 0.0000 0.8519
vn 0.0000 -0.5361 0.8441
vn 0.4353 -0.5559 0.7081
vn 0.7516 -0.5931 0.2886
vn 0.7516 -0.5931 -0.2886
vn 0.4353 -0.5559 -0.7081
vn 0.0000 -0.5361 -0.8441
vn -0.4353 -0.5559 -0.7081
vn -0.7516 -0.5931 -0.2886
vn -0.7516 -0.5931 0.2886
vn -0.4353 -0.5559 0.7081
vn 0.0000 -0.8854 0.4647
vn 0.2336 -0.8950 0.3800
vn 0.3848 -0.9111 0.1478
vn 0.3848 -0.9111 -0.1478
vn 0.2336 -0.8950 -0.3800
vn 0.0000 -0.8854 -0.4647
vn -0.2336 -0.8950 -0.3800
vn -0.3848 -0.9111 -0.1478
vn -0.3848 -0.9111 0.1478
vn -0.2336 -0.8950 0.3800
vn 0.0000 -1.0000 0.0000
vn 0.0000 -1.0000 0.0000
vn 0.0000 -1.0000 0.0000
vn 0.0000 -1.0000 -0.0000
vn 0.0000 -1.0000 -0.0000
vn 0.0000 -1.0000 -0.0000
vn -0.0000 -1.0000 -0.0000
vn -0.0000 -1.0000 -0.0000
vn -0.0000 -1.0000 0.0000
vn -0.0000 -1.0000 0.0000
f 3451//3451 3452//3452 3442//3442 3441//3441
f 3452//3452 3453//3453 3443//3443 3442//3442
f 3453//3453 3454//3454 3444//3444 3443//3443
f 3454//3454 3455//3455 3445//3445 3444//3444
f 3455//3455 3456//3456 3446//3446 3445//3445
f 3456//3456 3457//3457 3447//3447 3446//3446
f 3457//3457 3458//3458 3448//3448 3447//3447
f 3458//3458 3459//3459 3449//3449 3448//3448
f 3459//3459 3460//3460 3450//3450 3449//3449
f 3460//3460 3451//3451 3441//3441 3450//3450
f 3461//3461 3462//3462 3452//3452 3451//3451
f 3462//3462 3463//3463 3453//3453 3452//3452
f 3463//3463 3464//3464 3454//3454 3453//3453
f 3464//3464 3465//3465 3455//3455 3454//3454
f 3465//3465 3466//3466 3456//3456 3455//3455
f 3466//3466 3467//3467 3457//3457 3456//3456
f 3467//3467 3468//3468 3458//3458 3457//3457
f 3468//3468 3469//3469 3459//3459 3458//3458
f 3469//3469 3470//3470 3460//3460 3459//3459
f 3470//3470 3461//3461 3451//3451 3460//3460
f 3471//3471 3472//3472 3462//3462 3461//3461
f 3472//3472 3473//3473 3463//3463 3462//3462
f 3473//3473 3474//3474 3464//3464 3463//3463
f 3474//3474 3475//3475 3465//3465 3464//3464
f 3475//3475 3476//3476 3466//3466 3465//3465
f 3476//3476 3477//3477 3467//3467 3466//3466
f 3477//3477 3478//3478 3468//3468 3467//3467
f 3478//3478 3479//3479 3469//3469 3468//3468
f 3479//3479 3480//3480 3470//3470 3469//3469
f 3480//3480 3471//3471 3461//3461 3470//3470
f 3481//3481 3482//3482 3472//3472 3471//3471
f 3482//3482 3483//3483 3473//3473 3472//3472
f 3483//3483 3484//3484 3474//3474 3473//3473
f 3484//3484 3485//3485 3475//3475 3474//3474
f 3485//3485 3486//3486 3476//3476 3475//3475
f 3486//3486 3487//3487 3477//3477 3476//3476
f 3487//3487 3488//3488 3478//3478 3477//3477
f 3488//3488 3489//3489 3479//3479 3478//3478
f 3489//3489 3490//3490 3480//3480 3479//3479
f 3490//3490 3481//3481 3471//3471 3480//3480
f 3491//3491 3492//3492 3482//3482 3481//3481
f 3492//3492 3493//3493 3483//3483 3482//3482
f 3493//3493 3494//3494 3484//3484 3483//3483
f 3494//3494 3495//3495 3485//3485 3484//3484
f 3495//3495 3496//3496 3486//3486 3485//3485
f 3496//3496 3497//3497 3487//3487 3486//3486
f 3497//3497 3498//3498 3488//3488 3487//3487
f 3498//3498 3499//3499 3489//3489 3488//3488
f 3499//3499 3500//3500 3490//3490 3489//3489
f 3500//3500 3491//3491 3481//3481 3490//3490
f 3501//3501 3502//3502 3492//3492 3491//3491
f 3502//3502 3503//3503 3493//3493 3492//3492
f 3503//3503 3504//3504 3494//3494 3493//3493
f 3504//3504 3505//3505 3495//3495 3494//3494
f 3505//3505 3506//3506 3496//3496 3495//3495
f 3506//3506 3507//3507 3497//3497 3496//3496
f 3507//3507 3508//3508 3498//3498 3497//3497
f 3508//3508 3509//3509 3499//3499 3498//3498
f 3509//3509 3510//3510 3500//3500 3499//3499
f 3510//3510 3501//3501 3491//3491 3500//3500
g part23
usemtl skin
v -0.04500 2.24900 0.12200
v -0.04500 2.24900 0.12200
v -0.04500 2.24900 0.12200
v -0.04500 2.24900 0.12200
v -0.04500 2.24900 0.12200
v -0.04500 2.24900 0.12200
v -0.04500 2.24900 0.12200
v -0.04500 2.24900 0.12200
v -0.04500 2.24900 0.12200
v -0.04500 2.24900 0.12200
v -0.04500 2.24726 0.13000
v -0.03236 2.24726 0.12847
v -0.02455 2.24726 0.12447
v -0.02455 2.24726 0.11953
v -0.03236 2.24726 0.11553
v -0.04500 2.24726 0.11400
v -0.05764 2.24726 0.11553
v -0.06545 2.24726 0.11953
v -0.06545 2.24726 0.12447
v -0.05764 2.24726 0.12847
v -0.04500 2.24250 0.13586
v -0.02311 2.24250 0.13321
v -0.00958 2.24250 0.12628
v -0.00958 2.24250 0.11772
v -0.02311 2.24250 0.11079
v -0.04500 2.24250 0.10814
v -0.06689 2.24250 0.11079
v -0.08042 2.24250 0.11772
v -0.08042 2.24250 0.12628
v -0.06689 2.24250 0.13321
v -0.04500 2.23600 0.13800
v -0.01973 2.23600 0.13494
v -0.00410 2.23600 0.12694
v -0.00410 2.23600 0.11706
v -0.01973 2.23600 0.10906
v -0.04500 2.23600 0.10600
v -0.07027 2.23600 0.10906
v -0.08590 2.23600 0.11706
v -0.08590 2.23600 0.12694
v -0.07027 2.23600 0.13494
v -0.04500 2.22950 0.13586
v -0.02311 2.22950 0.13321
v -0.00958 2.22950 0.12628
v -0.00958 2.22950 0.11772
v -0.02311 2.22950 0.11079
v -0.04500 2.22950 0.10814
v -0.06689 2.22950 0.11079
v -0.08042 2.22950 0.11772
v -0.08042 2.22950 0.12628
v -0.06689 2.22950 0.13321
v -0.04500 2.22474 0.13000
v -0.03236 2.22474 0.12847
v -0.02455 2.22474 0.12447
v -0.02455 2.22474 0.11953
v -0.03236 2.22474 0.11553
v -0.04500 2.22474 0.11400
v -0.05764 2.22474 0.11553
v -0.06545 2.22474 0.11953
v -0.06545 2.22474 0.12447
v -0.05764 2.22474 0.12847
v -0.04500 2.22300 0.12200
v -0.04500 2.22300 0.12200
v -0.04500 2.22300 0.12200
v -0.04500 2.22300 0.12200
v -0.04500 2.22300 0.12200
v -0.04500 2.22300 0.12200
v -0.04500 2.22300 0.12200
v -0.04500 2.22300 0.12200
v -0.04500 2.22300 0.12200
v -0.04500 2.22300 0.12200
vn 0.0000 1.0000 0.0000
vn 0.0000 1.0000 0.0000
vn 0.0000 1.0000 0.0000
vn 0.0000 1.0000 -0.0000
vn 0.0000 1.0000 -0.0000
vn 0.0000 1.0000 -0.0000
vn -0.0000 1.0000 -0.0000
vn -0.0000 1.0000 -0.0000
vn -0.0000 1.0000 0.0000
vn -0.0000 1.0000 0.0000
vn 0.0000 0.9053 0.4247
vn 0.0955 0.9307 0.3532
vn 0.1621 0.9766 0.1416
vn 0.1621 0.9766 -0.1416
vn 0.0955 0.9307 -0.3532
vn 0.0000 0.9053 -0.4247
vn -0.0955 0.9307 -0.3532
vn -0.1621 0.9766 -0.1416
vn -0.1621 0.9766 0.1416
vn -0.0955 0.9307 0.3532
vn 0.0000 0.5792 0.8152
vn 0.1991 0.6467 0.7363
vn 0.4154 0.8342 0.3628
vn 0.4154 0.8342 -0.3628
vn 0.1991 0.6467 -0.7363
vn 0.0000 0.5792 -0.8152
vn -0.1991 0.6467 -0.7363
vn -0.4154 0.8342 -0.3628
vn -0.4154 0.8342 0.3628
vn -0.1991 0.6467 0.7363
vn 0.0000 0.0000 1.0000
vn 0.2610 0.0000 0.9653
vn 0.7532 0.0000 0.6577
vn 0.7532 0.0000 -0.6577
vn 0.2610 0.0000 -0.9653
vn 0.0000 0.0000 -1.0000
vn -0.2610 0.0000 -0.9653
vn -0.7532 0.0000 -0.6577
vn -0.7532 0.0000 0.6577
vn -0.2610 0.0000 0.9653
vn 0.0000 -0.5792 0.8152
vn 0.1991 -0.6467 0.7363
vn 0.4154 -0.8342 0.3628
vn 0.4154 -0.8342 -0.3628
vn 0.1991 -0.6467 -0.7363
vn 0.0000 -0.5792 -0.8152
vn -0.1991 -0.6467 -0.7363
vn -0.4154 -0.8342 -0.3628
vn -0.4154 -0.8342 0.3628
vn -0.1991 -0.6467 0.7363
vn 0.0000 -0.9053 0.4247
vn 0.0955 -0.9307 0.3532
vn 0.1621 -0.9766 0.1416
vn 0.1621 -0.9766 -0.1416
vn 0.0955 -0.9307 -0.3532
vn 0.0000 -0.9053 -0.4247
vn -0.0955 -0.9307 -0.3532
vn -0.1621 -0.9766 -0.1416
vn -0.1621 -0.9766 0.1416
vn -0.0955 -0.9307 0.3532
vn 0.0000 -1.0000 0.0000
vn 0.0000 -1.0000 0.0000
vn 0.0000 -1.0000 0.0000
vn 0.0000 -1.0000 -0.0000
vn 0.0000 -1.0000 -0.0000
vn 0.0000 -1.0000 -0.0000
vn -0.0000 -1.0000 -0.0000
vn -0.0000 -1.0000 -0.0000
vn -0.0000 -1.0000 0.0000
vn -0.0000 -1.0000 0.0000
f 3521//3521 3522//3522 3512//3512 3511//3511
f 3522//3522 3523//3523 3513//3513 3512//3512
f 3523//3523 3524//3524 3514//3514 3513//3513
f 3524//3524 3525//3525 3515//3515 3514//3514
f 3525//3525 3526//3526 3516//3516 3515//3515
f 3526//3526 3527//3527 3517//3517 3516//3516
f 3527//3527 3528//3528 3518//3518 3517//3517
f 3528//3528 3529//3529 3519//3519 3518//3518
f 3529//3529 3530//3530 3520//3520 3519//3519
f 3530//3530 3521//3521 3511//3511 3520//3520
f 3531//3531 3532//3532 3522//3522 3521//3521
f 3532//3532 3533//3533 3523//3523 3522//3522
f 3533//3533 3534//3534 3524//3524 3523//3523
f 3534//3534 3535//3535 3525//3525 3524//3524
f 3535//3535 3536//3536 3526//3526 3525//3525
f 3536//3536 3537//3537 3527//3527 3526//3526
f 3537//3537 3538//3538 3528//3528 3527//3527
f 3538//3538 3539//3539 3529//3529 3528//3528
f 3539//3539 3540//3540 3530//3530 3529//3529
f 3540//3540 3531//3531 3521//3521 3530//3530
f 3541//3541 3542//3542 3532//3532 3531//3531
f 3542//3542 3543//3543 3533//3533 3532//3532
f 3543//3543 3544//3544 3534//3534 3533//3533
f 3544//3544 3545//3545 3535//3535 3534//3534
f 3545//3545 3546//3546 3536//3536 3535//3535
f 3546//3546 3547//3547 3537//3537 3536//3536
f 3547//3547 3548//3548 3538//3538 3537//3537
f 3548//3548 3549//3549 3539//3539 3538//3538
f 3549//3549 3550//3550 3540//3540 3539//3539
f 3550//3550 3541//3541 3531//3531 3540//3540
f 3551//3551 3552//3552 3542//3542 3541//3541
f 3552//3552 3553//3553 3543//3543 3542//3542
f 3553//3553 3554//3554 3544//3544 3543//3543
f 3554//3554 3555//3555 3545//3545 3544//3544
f 3555//3555 3556//3556 3546//3546 3545//3545
f 3556//3556 3557//3557 3547//3547 3546//3546
f 3557//3557 3558//3558 3548//3548 3547//3547
f 3558//3558 3559//3559 3549//3549 3548//3548
f 3559//3559 3560//3560 3550//3550 3549//3549
f 3560//3560 3551//3551 3541//3541 3550//3550
f 3561//3561 3562//3562 3552//3552 3551//3551
f 3562//3562 3563//3563 3553//3553 3552//3552
f 3563//3563 3564//3564 3554//3554 3553//3553
f 3564//3564 3565//3565 3555//3555 3554//3554
f 3565//3565 3566//3566 3556//3556 3555//3555
f 3566//3566 3567//3567 3557//3557 3556//3556
f 3567//3567 3568//3568 3558//3558 3557//3557
f 3568//3568 3569//3569 3559//3559 3558//3558
f 3569//3569 3570//3570 3560//3560 3559//3559
f 3570//3570 3561//3561 3551//3551 3560//3560
f 3571//3571 3572//3572 3562//3562 3561//3561
f 3572//3572 3573//3573 3563//3563 3562//3562
f 3573//3573 3574//3574 3564//3564 3563//3563
f 3574//3574 3575//3575 3565//3565 3564//3564
f 3575//3575 3576//3576 3566//3566 3565//3565
f 3576//3576 3577//3577 3567//3567 3566//3566
f 3577//3577 3578//3578 3568//3568 3567//3567
f 3578//3578 3579//3579 3569//3569 3568//3568
f 3579//3579 3580//3580 3570//3570 3569//3569
f 3580//3580 3571//3571 3561//3561 3570//3570
g part24
usemtl eye
v -0.04600 2.22100 0.13100
v -0.04600 2.22100 0.13100
v -0.04600 2.22100 0.13100
v -0.04600 2.22100 0.13100
v -0.04600 2.22100 0.13100
v -0.04600 2.22100 0.13100
v -0.04600 2.22100 0.13100
v -0.04600 2.22100 0.13100
v -0.04600 2.22100 0.13100
v -0.04600 2.22100 0.13100
v -0.04600 2.22100 0.13100
v -0.04600 2.22100 0.13100
v -0.04600 2.21902 0.13827
v -0.03949 2.21902 0.13730
v -0.03473 2.21902 0.13464
v -0.03299 2.21902 0.13100
v -0.03473 2.21902 0.12736
v -0.03949 2.21902 0.12470
v -0.04600 2.21902 0.12373
v -0.05251 2.21902 0.12470
v -0.05727 2.21902 0.12736
v -0.05901 2.21902 0.13100
v -0.05727 2.21902 0.13464
v -0.05251 2.21902 0.13730
v -0.04600 2.21338 0.14444
v -0.03398 2.21338 0.14264
v -0.02518 2.21338 0.13772
v -0.02196 2.21338 0.13100
v -0.02518 2.21338 0.12428
v -0.03398 2.21338 0.11936
v -0.04600 2.21338 0.11756
v -0.05802 2.21338 0.11936
v -0.06682 2.21338 0.12428
v -0.07004 2.21338 0.13100
v -0.06682 2.21338 0.13772
v -0.05802 2.21338 0.14264
v -0.04600 2.20495 0.14855
v -0.03029 2.20495 0.14620
v -0.01880 2.20495 0.13978
v -0.01459 2.20495 0.13100
v -0.01880 2.20495 0.12222
v -0.03029 2.20495 0.11580
v -0.04600 2.20495 0.11345
v -0.06171 2.20495 0.11580
v -0.07320 2.20495 0.12222
v -0.07741 2.20495 0.13100
v -0.07320 2.20495 0.13978
v -0.06171 2.20495 0.14620
v -0.04600 2.19500 0.15000
v -0.02900 2.19500 0.14745
v -0.01656 2.19500 0.14050
v -0.01200 2.19500 0.13100
v -0.01656 2.19500 0.12150
v -0.02900 2.19500 0.11455
v -0.04600 2.19500 0.11200
v -0.06300 2.19500 0.11455
v -0.07544 2.19500 0.12150
v -0.08000 2.19500 0.13100
v -0.07544 2.19500 0.14050
v -0.06300 2.19500 0.14745
v -0.04600 2.18505 0.14855
v -0.03029 2.18505 0.14620
v -0.01880 2.18505 0.13978
v -0.01459 2.18505 0.13100
v -0.01880 2.18505 0.12222
v -0.03029 2.18505 0.11580
v -0.04600 2.18505 0.11345
v -0.06171 2.18505 0.11580
v -0.07320 2.18505 0.12222
v -0.07741 2.18505 0.13100
v -0.07320 2.18505 0.13978
v -0.06171 2.18505 0.14620
v -0.04600 2.17662 0.14444
v -0.03398 2.17662 0.14264
v -0.02518 2.17662 0.13772
v -0.02196 2.17662 0.13100
v -0.02518 2.17662 0.12428
v -0.03398 2.17662 0.11936
v -0.04600 2.17662 0.11756
v -0.05802 2.17662 0.11936
v -0.06682 2.17662 0.12428
v -0.07004 2.17662 0.13100
v -0.06682 2.17662 0.13772
v -0.05802 2.17662 0.14264
v -0.04600 2.17098 0.13827
v -0.03949 2.17098 0.13730
v -0.03473 2.17098 0.13464
v -0.03299 2.17098 0.13100
v -0.03473 2.17098 0.12736
v -0.03949 2.17098 0.12470
v -0.04600 2.17098 0.12373
v -0.05251 2.17098 0.12470
v -0.05727 2.17098 0.12736
v -0.05901 2.17098 0.13100
v -0.05727 2.17098 0.13464
v -0.05251 2.17098 0.13730
v -0.04600 2.16900 0.13100
v -0.04600 2.16900 0.13100
v -0.04600 2.16900 0.13100
v -0.04600 2.16900 0.13100
v -0.04600 2.16900 0.13100
v -0.04600 2.16900 0.13100
v -0.04600 2.16900 0.13100
v -0.04600 2.16900 0.13100
v -0.04600 2.16900 0.13100
v -0.04600 2.16900 0.13100
v -0.04600 2.16900 0.13100
v -0.04600 2.16900 0.13100
vn 0.0000 1.0000 0.0000
vn 0.0000 1.0000 0.0000
vn 0.0000 1.0000 0.0000
vn 0.0000 1.0000 0.0000
vn 0.0000 1.0000 -0.0000
vn 0.0000 1.0000 -0.0000
vn 0.0000 1.0000 -0.0000
vn -0.0000 1.0000 -0.0000
vn -0.0000 1.0000 -0.0000
vn -0.0000 1.0000 -0.0000
vn -0.0000 1.0000 0.0000
vn -0.0000 1.0000 0.0000
vn 0.0000 0.8700 0.4931
vn 0.1408 0.8887 0.4363
vn 0.2552 0.9303 0.2636
vn 0.3020 0.9533 0.0000
vn 0.2552 0.9303 -0.2636
vn 0.1408 0.8887 -0.4363
vn 0.0000 0.8700 -0.4931
vn -0.1408 0.8887 -0.4363
vn -0.2552 0.9303 -0.2636
vn -0.3020 0.9533 -0.0000
vn -0.2552 0.9303 0.2636
vn -0.1408 0.8887 0.4363
vn 0.0000 0.5900 0.8074
vn 0.2394 0.6261 0.7420
vn 0.4796 0.7242 0.4955
vn 0.6075 0.7944 0.0000
vn 0.4796 0.7242 -0.4955
vn 0.2394 0.6261 -0.7420
vn 0.0000 0.5900 -0.8074
vn -0.2394 0.6261 -0.7420
vn -0.4796 0.7242 -0.4955
vn -0.6075 0.7944 -0.0000
vn -0.4796 0.7242 0.4955
vn -0.2394 0.6261 0.7420
vn 0.0000 0.2897 0.9571
vn 0.2914 0.3156 0.9030
vn 0.6378 0.3989 0.6589
vn 0.8793 0.4763 0.0000
vn 0.6378 0.3989 -0.6589
vn 0.2914 0.3156 -0.9030
vn 0.0000 0.2897 -0.9571
vn -0.2914 0.3156 -0.9030
vn -0.6378 0.3989 -0.6589
vn -0.8793 0.4763 -0.0000
vn -0.6378 0.3989 0.6589
vn -0.2914 0.3156 0.9030
vn 0.0000 0.0000 1.0000
vn 0.3071 0.0000 0.9517
vn 0.6955 0.0000 0.7185
vn 1.0000 0.0000 0.0000
vn 0.6955 0.0000 -0.7185
vn 0.3071 0.0000 -0.9517
vn 0.0000 0.0000 -1.0000
vn -0.3071 0.0000 -0.9517
vn -0.6955 0.0000 -0.7185
vn -1.0000 0.0000 -0.0000
vn -0.6955 0.0000 0.7185
vn -0.3071 0.0000 0.9517
vn 0.0000 -0.2897 0.9571
vn 0.2914 -0.3156 0.9030
vn 0.6378 -0.3989 0.6589
vn 0.8793 -0.4763 0.0000
vn 0.6378 -0.3989 -0.6589
vn 0.2914 -0.3156 -0.9030
vn 0.0000 -0.2897 -0.9571
vn -0.2914 -0.3156 -0.9030
vn -0.6378 -0.3989 -0.6589
vn -0.8793 -0.4763 -0.0000
vn -0.6378 -0.3989 0.6589
vn -0.2914 -0.3156 0.9030
vn 0.0000 -0.5900 0.8074
vn 0.2394 -0.6261 0.7420
vn 0.4796 -0.7242 0.4955
vn 0.6075 -0.7944 0.0000
vn 0.4796 -0.7242 -0.4955
vn 0.2394 -0.6261 -0.7420
vn 0.0000 -0.5900 -0.8074
vn -0.2394 -0.6261 -0.7420
vn -0.4796 -0.7242 -0.4955
vn -0.6075 -0.7944 -0.0000
vn -0.4796 -0.7242 0.4955
vn -0.2394 -0.6261 0.7420
vn 0.0000 -0.8700 0.4931
vn 0.1408 -0.8887 0.4363
vn 0.2552 -0.9303 0.2636
vn 0.3020 -0.9533 0.0000
vn 0.2552 -0.9303 -0.2636
vn 0.1408 -0.8887 -0.4363
vn 0.0000 -0.8700 -0.4931
vn -0.1408 -0.8887 -0.4363
vn -0.2552 -0.9303 -0.2636
vn -0.3020 -0.9533 -0.0000
vn -0.2552 -0.9303 0.2636
vn -0.1408 -0.8887 0.4363
vn 0.0000 -1.0000 0.0000
vn 0.0000 -1.0000 0.0000
vn 0.0000 -1.0000 0.0000
vn 0.0000 -1.0000 0.0000
vn 0.0000 -1.0000 -0.0000
vn 0.0000 -1.0000 -0.0000
vn 0.0000 -1.0000 -0.0000
vn -0.0000 -1.0000 -0.0000
vn -0.0000 -1.0000 -0.0000
vn -0.0000 -1.0000 -0.0000
vn -0.0000 -1.0000 0.0000
vn -0.0000 -1.0000 0.0000
f 3593//3593 3594//3594 3582//3582 3581//3581
f 3594//3594 3595//3595 3583//3583 3582//3582
f 3595//3595 3596//3596 3584//3584 3583//3583
f 3596//3596 3597//3597 3585//3585 3584//3584
f 3597//3597 3598//3598 3586//3586 3585//3585
f 3598//3598 3599//3599 3587//3587 3586//3586
f 3599//3599 3600//3600 3588//3588 3587//3587
f 3600//3600 3601//3601 3589//3589 3588//3588
f 3601//3601 3602//3602 3590//3590 3589//3589
f 3602//3602 3603//3603 3591//3591 3590//3590
f 3603//3603 3604//3604 3592//3592 3591//3591
f 3604//3604 3593//3593 3581//3581 3592//3592
f 3605//3605 3606//3606 3594//3594 3593//3593
f 3606//3606 3607//3607 3595//3595 3594//3594
f 3607//3607 3608//3608 3596//3596 3595//3595
f 3608//3608 3609//3609 3597//3597 3596//3596
f 3609//3609 3610//3610 3598//3598 3597//3597
f 3610//3610 3611//3611 3599//3599 3598//3598
f 3611//3611 3612//3612 3600//3600 3599//3599
f 3612//3612 3613//3613 3601//3601 3600//3600
f 3613//3613 3614//3614 3602//3602 3601//3601
f 3614//3614 3615//3615 3603//3603 3602//3602
f 3615//3615 3616//3616 3604//3604 3603//3603
f 3616//3616 3605//3605 3593//3593 3604//3604
f 3617//3617 3618//3618 3606//3606 3605//3605
f 3618//3618 3619//3619 3607//3607 3606//3606
f 3619//3619 3620//3620 3608//3608 3607//3607
f 3620//3620 3621//3621 3609//3609 3608//3608
f 3621//3621 3622//3622 3610//3610 3609//3609
f 3622//3622 3623//3623 3611//3611 3610//3610
f 3623//3623 3624//3624 3612//3612 3611//3611
f 3624//3624 3625//3625 3613//3613 3612//3612
f 3625//3625 3626//3626 3614//3614 3613//3613
f 3626//3626 3627//3627 3615//3615 3614//3614
f 3627//3627 3628//3628 3616//3616 3615//3615
f 3628//3628 3617//3617 3605//3605 3616//3616
f 3629//3629 3630//3630 3618//3618 3617//3617
f 3630//3630 3631//3631 3619//3619 3618//3618
f 3631//3631 3632//3632 3620//3620 3619//3619
f 3632//3632 3633//3633 3621//3621 3620//3620
f 3633//3633 3634//3634 3622//3622 3621//3621
f 3634//3634 3635//3635 3623//3623 3622//3622
f 3635//3635 3636//3636 3624//3624 3623//3623
f 3636//3636 3637//3637 3625//3625 3624//3624
f 3637//3637 3638//3638 3626//3626 3625//3625
f 3638//3638 3639//3639 3627//3627 3626//3626
f 3639//3639 3640//3640 3628//3628 3627//3627
f 3640//3640 3629//3629 3617//3617 3628//3628
f 3641//3641 3642//3642 3630//3630 3629//3629
f 3642//3642 3643//3643 3631//3631 3630//3630
f 3643//3643 3644//3644 3632//3632 3631//3631
f 3644//3644 3645//3645 3633//3633 3632//3632
f 3645//3645 3646//3646 3634//3634 3633//3633
f 3646//3646 3647//3647 3635//3635 3634//3634
f 3647//3647 3648//3648 3636//3636 3635//3635
f 3648//3648 3649//3649 3637//3637 3636//3636
f 3649//3649 3650//3650 3638//3638 3637//3637
f 3650//3650 3651//3651 3639//3639 3638//3638
f 3651//3651 3652//3652 3640//3640 3639//3639
f 3652//3652 3641//3641 3629//3629 3640//3640
f 3653//3653 3654//3654 3642//3642 3641//3641
f 3654//3654 3655//3655 3643//3643 3642//3642
f 3655//3655 3656//3656 3644//3644 3643//3643
f 3656//3656 3657//3657 3645//3645 3644//3644
f 3657//3657 3658//3658 3646//3646 3645//3645
f 3658//3658 3659//3659 3647//3647 3646//3646
f 3659//3659 3660//3660 3648//3648 3647//3647
f 3660//3660 3661//3661 3649//3649 3648//3648
f 3661//3661 3662//3662 3650//3650 3649//3649
f 3662//3662 3663//3663 3651//3651 3650//3650
f 3663//3663 3664//3664 3652//3652 3651//3651
f 3664//3664 3653//3653 3641//3641 3652//3652
f 3665//3665 3666//3666 3654//3654 3653//3653
f 3666//3666 3667//3667 3655//3655 3654//3654
f 3667//3667 3668//3668 3656//3656 3655//3655
f 3668//3668 3669//3669 3657//3657 3656//3656
f 3669//3669 3670//3670 3658//3658 3657//3657
f 3670//3670 3671//3671 3659//3659 3658//3658
f 3671//3671 3672//3672 3660//3660 3659//3659
f 3672//3672 3673//3673 3661//3661 3660//3660
f 3673//3673 3674//3674 3662//3662 3661//3661
f 3674//3674 3675//3675 3663//3663 3662//3662
f 3675//3675 3676//3676 3664//3664 3663//3663
f 3676//3676 3665//3665 3653//3653 3664//3664
f 3677//3677 3678//3678 3666//3666 3665//3665
f 3678//3678 3679//3679 3667//3667 3666//3666
f 3679//3679 3680//3680 3668//3668 3667//3667
f 3680//3680 3681//3681 3669//3669 3668//3668
f 3681//3681 3682//3682 3670//3670 3669//3669
f 3682//3682 3683//3683 3671//3671 3670//3670
f 3683//3683 3684//3684 3672//3672 3671//3671
f 3684//3684 3685//3685 3673//3673 3672//3672
f 3685//3685 3686//3686 3674//3674 3673//3673
f 3686//3686 3687//3687 3675//3675 3674//3674
f 3687//3687 3688//3688 3676//3676 3675//3675
f 3688//3688 3677//3677 3665//3665 3676//3676
g part25
usemtl skin
v 0.06600 2.13500 0.10800
v 0.06600 2.13500 0.10800
v 0.06600 2.13500 0.10800
v 0.06600 2.13500 0.10800
v 0.06600 2.13500 0.10800
v 0.06600 2.13500 0.10800
v 0.06600 2.13500 0.10800
v 0.06600 2.13500 0.10800
v 0.06600 2.13500 0.10800
v 0.06600 2.13500 0.10800
v 0.06600 2.13232 0.11900
v 0.07364 2.13232 0.11690
v 0.07836 2.13232 0.11140
v 0.07836 2.13232 0.10460
v 0.07364 2.13232 0.09910
v 0.06600 2.13232 0.09700
v 0.05836 2.13232 0.09910
v 0.05364 2.13232 0.10460
v 0.05364 2.13232 0.11140
v 0.05836 2.13232 0.11690
v 0.06600 2.12500 0.12705
v 0.07923 2.12500 0.12341
v 0.08741 2.12500 0.11389
v 0.08741 2.12500 0.10211
v 0.07923 2.12500 0.09259
v 0.06600 2.12500 0.08895
v 0.05277 2.12500 0.09259
v 0.04459 2.12500 0.10211
v 0.04459 2.12500 0.11389
v 0.05277 2.12500 0.12341
v 0.06600 2.11500 0.13000
v 0.08128 2.11500 0.12580
v 0.09073 2.11500 0.11480
v 0.09073 2.11500 0.10120
v 0.08128 2.11500 0.09020
v 0.06600 2.11500 0.08600
v 0.05072 2.11500 0.09020
v 0.04127 2.11500 0.10120
v 0.04127 2.11500 0.11480
v 0.05072 2.11500 0.12580
v 0.06600 2.10500 0.12705
v 0.07923 2.10500 0.12341
v 0.08741 2.10500 0.11389
v 0.08741 2.10500 0.10211
v 0.07923 2.10500 0.09259
v 0.06600 2.10500 0.08895
v 0.05277 2.10500 0.09259
v 0.04459 2.10500 0.10211
v 0.04459 2.10500 0.11389
v 0.05277 2.10500 0.12341
v 0.06600 2.09768 0.11900
v 0.07364 2.09768 0.11690
v 0.07836 2.09768 0.11140
v 0.07836 2.09768 0.10460
v 0.07364 2.09768 0.09910
v 0.06600 2.09768 0.09700
v 0.05836 2.09768 0.09910
v 0.05364 2.09768 0.10460
v 0.05364 2.09768 0.11140
v 0.05836 2.09768 0.11690
v 0.06600 2.09500 0.10800
v 0.06600 2.09500 0.10800
v 0.06600 2.09500 0.10800
v 0.06600 2.09500 0.10800
v 0.06600 2.09500 0.10800
v 0.06600 2.09500 0.10800
v 0.06600 2.09500 0.10800
v 0.06600 2.09500 0.10800
v 0.06600 2.09500 0.10800
v 0.06600 2.09500 0.10800
vn 0.0000 1.0000 0.0000
vn 0.0000 1.0000 0.0000
vn 0.0000 1.0000 0.0000
vn 0.0000 1.0000 -0.0000
vn 0.0000 1.0000 -0.0000
vn 0.0000 1.0000 -0.0000
vn -0.0000 1.0000 -0.0000
vn -0.0000 1.0000 -0.0000
vn -0.0000 1.0000 0.0000
vn -0.0000 1.0000 0.0000
vn 0.0000 0.8854 0.4647
vn 0.2336 0.8950 0.3800
vn 0.3848 0.9111 0.1478
vn 0.3848 0.9111 -0.1478
vn 0.2336 0.8950 -0.3800
vn 0.0000 0.8854 -0.4647
vn -0.2336 0.8950 -0.3800
vn -0.3848 0.9111 -0.1478
vn -0.3848 0.9111 0.1478
vn -0.2336 0.8950 0.3800
vn 0.0000 0.5361 0.8441
vn 0.4353 0.5559 0.7081
vn 0.7516 0.5931 0.2886
vn 0.7516 0.5931 -0.2886
vn 0.4353 0.5559 -0.7081
vn 0.0000 0.5361 -0.8441
vn -0.4353 0.5559 -0.7081
vn -0.7516 0.5931 -0.2886
vn -0.7516 0.5931 0.2886
vn -0.4353 0.5559 0.7081
vn 0.0000 0.0000 1.0000
vn 0.5237 0.0000 0.8519
vn 0.9335 0.0000 0.3585
vn 0.9335 0.0000 -0.3585
vn 0.5237 0.0000 -0.8519
vn 0.0000 0.0000 -1.0000
vn -0.5237 0.0000 -0.8519
vn -0.9335 0.0000 -0.3585
vn -0.9335 0.0000 0.3585
vn -0.5237 0.0000 0.8519
vn 0.0000 -0.5361 0.8441
vn 0.4353 -0.5559 0.7081
vn 0.7516 -0.5931 0.2886
vn 0.7516 -0.5931 -0.2886
vn 0.4353 -0.5559 -0.7081
vn 0.0000 -0.5361 -0.8441
vn -0.4353 -0.5559 -0.7081
vn -0.7516 -0.5931 -0.2886
vn -0.7516 -0.5931 0.2886
vn -0.4353 -0.5559 0.7081
vn 0.0000 -0.8854 0.4647
vn 0.2336 -0.8950 0.3800
vn 0.3848 -0.9111 0.1478
vn 0.3848 -0.9111 -0.1478
vn 0.2336 -0.8950 -0.3800
vn 0.0000 -0.8854 -0.4647
vn -0.2336 -0.8950 -0.3800
vn -0.3848 -0.9111 -0.1478
vn -0.3848 -0.9111 0.1478
vn -0.2336 -0.8950 0.3800
vn 0.0000 -1.0000 0.0000
vn 0.0000 -1.0000 0.0000
vn 0.0000 -1.0000 0.0000
vn 0.0000 -1.0000 -0.0000
vn 0.0000 -1.0000 -0.0000
vn 0.0000 -1.0000 -0.0000
vn -0.0000 -1.0000 -0.0000
vn -0.0000 -1.0000 -0.0000
vn -0.0000 -1.0000 0.0000
vn -0.0000 -1.0000 0.0000
f 3699//3699 3700//3700 3690//3690 3689//3689
f 3700//3700 3701//3701 3691//3691 3690//3690
f 3701//3701 3702//3702 3692//3692 3691//3691
f 3702//3702 3703//3703 3693//3693 3692//3692
f 3703//3703 3704//3704 3694//3694 3693//3693
f 3704//3704 3705//3705 3695//3695 3694//3694
f 3705//3705 3706//3706 3696//3696 3695//3695
f 3706//3706 3707//3707 3697//3697 3696//3696
f 3707//3707 3708//3708 3698//3698 3697//3697
f 3708//3708 3699//3699 3689//3689 3698//3698
f 3709//3709 3710//3710 3700//3700 3699//3699
f 3710//3710 3711//3711 3701//3701 3700//3700
f 3711//3711 3712//3712 3702//3702 3701//3701
f 3712//3712 3713//3713 3703//3703 3702//3702
f 3713//3713 3714//3714 3704//3704 3703//3703
f 3714//3714 3715//3715 3705//3705 3704//3704
f 3715//3715 3716//3716 3706//3706 3705//3705
f 3716//3716 3717//3717 3707//3707 3706//3706
f 3717//3717 3718//3718 3708//3708 3707//3707
f 3718//3718 3709//3709 3699//3699 3708//3708
f 3719//3719 3720//3720 3710//3710 3709//3709
f 3720//3720 3721//3721 3711//3711 3710//3710
f 3721//3721 3722//3722 3712//3712 3711//3711
f 3722//3722 3723//3723 3713//3713 3712//3712
f 3723//3723 3724//3724 3714//3714 3713//3713
f 3724//3724 3725//3725 3715//3715 3714//3714
f 3725//3725 3726//3726 3716//3716 3715//3715
f 3726//3726 3727//3727 3717//3717 3716//3716
f 3727//3727 3728//3728 3718//3718 3717//3717
f 3728//3728 3719//3719 3709//3709 3718//3718
f 3729//3729 3730//3730 3720//3720 3719//3719
f 3730//3730 3731//3731 3721//3721 3720//3720
f 3731//3731 3732//3732 3722//3722 3721//3721
f 3732//3732 3733//3733 3723//3723 3722//3722
f 3733//3733 3734//3734 3724//3724 3723//3723
f 3734//3734 3735//3735 3725//3725 3724//3724
f 3735//3735 3736//3736 3726//3726 3725//3725
f 3736//3736 3737//3737 3727//3727 3726//3726
f 3737//3737 3738//3738 3728//3728 3727//3727
f 3738//3738 3729//3729 3719//3719 3728//3728
f 3739//3739 3740//3740 3730//3730 3729//3729
f 3740//3740 3741//3741 3731//3731 3730//3730
f 3741//3741 3742//3742 3732//3732 3731//3731
f 3742//3742 3743//3743 3733//3733 3732//3732
f 3743//3743 3744//3744 3734//3734 3733//3733
f 3744//3744 3745//3745 3735//3735 3734//3734
f 3745//3745 3746//3746 3736//3736 3735//3735
f 3746//3746 3747//3747 3737//3737 3736//3736
f 3747//3747 3748//3748 3738//3738 3737//3737
f 3748//3748 3739//3739 3729//3729 3738//3738
f 3749//3749 3750//3750 3740//3740 3739//3739
f 3750//3750 3751//3751 3741//3741 3740//3740
f 3751//3751 3752//3752 3742//3742 3741//3741
f 3752//3752 3753//3753 3743//3743 3742//3742
f 3753//3753 3754//3754 3744//3744 3743//3743
f 3754//3754 3755//3755 3745//3745 3744//3744
f 3755//3755 3756//3756 3746//3746 3745//3745
f 3756//3756 3757//3757 3747//3747 3746//3746
f 3757//3757 3758//3758 3748//3748 3747//3747
f 3758//3758 3749//3749 3739//3739 3748//3748
g part26
usemtl skin
v 0.04500 2.24900 0.12200
v 0.04500 2.24900 0.12200
v 0.04500 2.24900 0.12200
v 0.04500 2.24900 0.12200
v 0.04500 2.24900 0.12200
v 0.04500 2.24900 0.12200
v 0.04500 2.24900 0.12200
v 0.04500 2.24900 0.12200
v 0.04500 2.24900 0.12200
v 0.04500 2.24900 0.12200
v 0.04500 2.24726 0.13000
v 0.05764 2.24726 0.12847
v 0.06545 2.24726 0.12447
v 0.06545 2.24726 0.11953
v 0.05764 2.24726 0.11553
v 0.04500 2.24726 0.11400
v 0.03236 2.24726 0.11553
v 0.02455 2.24726 0.11953
v 0.02455 2.24726 0.12447
v 0.03236 2.24726 0.12847
v 0.04500 2.24250 0.13586
v 0.06689 2.24250 0.13321
v 0.08042 2.24250 0.12628
v 0.08042 2.24250 0.11772
v 0.06689 2.24250 0.11079
v 0.04500 2.24250 0.10814
v 0.02311 2.24250 0.11079
v 0.00958 2.24250 0.11772
v 0.00958 2.24250 0.12628
v 0.02311 2.24250 0.13321
v 0.04500 2.23600 0.13800
v 0.07027 2.23600 0.13494
v 0.08590 2.23600 0.12694
v 0.08590 2.23600 0.11706
v 0.07027 2.23600 0.10906
v 0.04500 2.23600 0.10600
v 0.01973 2.23600 0.10906
v 0.00410 2.23600 0.11706
v 0.00410 2.23600 0.12694
v 0.01973 2.23600 0.13494
v 0.04500 2.22950 0.13586
v 0.06689 2.22950 0.13321
v 0.08042 2.22950 0.12628
v 0.08042 2.22950 0.11772
v 0.06689 2.22950 0.11079
v 0.04500 2.22950 0.10814
v 0.02311 2.22950 0.11079
v 0.00958 2.22950 0.11772
v 0.00958 2.22950 0.12628
v 0.02311 2.22950 0.13321
v 0.04500 2.22474 0.13000
v 0.05764 2.22474 0.12847
v 0.06545 2.22474 0.12447
v 0.06545 2.22474 0.11953
v 0.05764 2.22474 0.11553
v 0.04500 2.22474 0.11400
v 0.03236 2.22474 0.11553
v 0.02455 2.22474 0.11953
v 0.02455 2.22474 0.12447
v 0.03236 2.22474 0.12847
v 0.04500 2.22300 0.12200
v 0.04500 2.22300 0.12200
v 0.04500 2.22300 0.12200
v 0.04500 2.22300 0.12200
v 0.04500 2.22300 0.12200
v 0.04500 2.22300 0.12200
v 0.04500 2.22300 0.12200
v 0.04500 2.22300 0.12200
v 0.04500 2.22300 0.12200
v 0.04500 2.22300 0.12200
vn 0.0000 1.0000 0.0000
vn 0.0000 1.0000 0.0000
vn 0.0000 1.0000 0.0000
vn 0.0000 1.0000 -0.0000
vn 0.0000 1.0000 -0.0000
vn 0.0000 1.0000 -0.0000
vn -0.0000 1.0000 -0.0000
vn -0.0000 1.0000 -0.0000
vn -0.0000 1.0000 0.0000
vn -0.0000 1.0000 0.0000
vn 0.0000 0.9053 0.4247
vn 0.0955 0.9307 0.3532
vn 0.1621 0.9766 0.1416
vn 0.1621 0.9766 -0.1416
vn 0.0955 0.9307 -0.3532
vn 0.0000 0.9053 -0.4247
vn -0.0955 0.9307 -0.3532
vn -0.1621 0.9766 -0.1416
vn -0.1621 0.9766 0.1416
vn -0.0955 0.9307 0.3532
vn 0.0000 0.5792 0.8152
vn 0.1991 0.6467 0.7363
vn 0.4154 0.8342 0.3628
vn 0.4154 0.8342 -0.3628
vn 0.1991 0.6467 -0.7363
vn 0.0000 0.5792 -0.8152
vn -0.1991 0.6467 -0.7363
vn -0.4154 0.8342 -0.3628
vn -0.4154 0.8342 0.3628
vn -0.1991 0.6467 0.7363
vn 0.0000 0.0000 1.0000
vn 0.2610 0.0000 0.9653
vn 0.7532 0.0000 0.6577
vn 0.7532 0.0000 -0.6577
vn 0.2610 0.0000 -0.9653
vn 0.0000 0.0000 -1.0000
vn -0.2610 0.0000 -0.9653
vn -0.7532 0.0000 -0.6577
vn -0.7532 0.0000 0.6577
vn -0.2610 0.0000 0.9653
vn 0.0000 -0.5792 0.8152
vn 0.1991 -0.6467 0.7363
vn 0.4154 -0.8342 0.3628
vn 0.4154 -0.8342 -0.3628
vn 0.1991 -0.6467 -0.7363
vn 0.0000 -0.5792 -0.8152
vn -0.1991 -0.6467 -0.7363
vn -0.4154 -0.8342 -0.3628
vn -0.4154 -0.8342 0.3628
vn -0.1991 -0.6467 0.7363
vn 0.0000 -0.9053 0.4247
vn 0.0955 -0.9307 0.3532
vn 0.1621 -0.9766 0.1416
vn 0.1621 -0.9766 -0.1416
vn 0.0955 -0.9307 -0.3532
vn 0.0000 -0.9053 -0.4247
vn -0.0955 -0.9307 -0.3532
vn -0.1621 -0.9766 -0.1416
vn -0.1621 -0.9766 0.1416
vn -0.0955 -0.9307 0.3532
vn 0.0000 -1.0000 0.0000
vn 0.0000 -1.0000 0.0000
vn 0.0000 -1.0000 0.0000
vn 0.0000 -1.0000 -0.0000
vn 0.0000 -1.0000 -0.0000
vn 0.0000 -1.0000 -0.0000
vn -0.0000 -1.0000 -0.0000
vn -0.0000 -1.0000 -0.0000
vn -0.0000 -1.0000 0.0000
vn -0.0000 -1.0000 0.0000
f 3769//3769 3770//3770 3760//3760 3759//3759
f 3770//3770 3771//3771 3761//3761 3760//3760
f 3771//3771 3772//3772 3762//3762 3761//3761
f 3772//3772 3773//3773 3763//3763 3762//3762
f 3773//3773 3774//3774 3764//3764 3763//3763
f 3774//3774 3775//3775 3765//3765 3764//3764
f 3775//3775 3776//3776 3766//3766 3765//3765
f 3776//3776 3777//3777 3767//3767 3766//3766
f 3777//3777 3778//3778 3768//3768 3767//3767
f 3778//3778 3769//3769 3759//3759 3768//3768
f 3779//3779 3780//3780 3770//3770 3769//3769
f 3780//3780 3781//3781 3771//3771 3770//3770
f 3781//3781 3782//3782 3772//3772 3771//3771
f 3782//3782 3783//3783 3773//3773 3772//3772
f 3783//3783 3784//3784 3774//3774 3773//3773
f 3784//3784 3785//3785 3775//3775 3774//3774
f 3785//3785 3786//3786 3776//3776 3775//3775
f 3786//3786 3787//3787 3777//3777 3776//3776
f 3787//3787 3788//3788 3778//3778 3777//3777
f 3788//3788 3779//3779 3769//3769 3778//3778
f 3789//3789 3790//3790 3780//3780 3779//3779
f 3790//3790 3791//3791 3781//3781 3780//3780
f 3791//3791 3792//3792 3782//3782 3781//3781
f 3792//3792 3793//3793 3783//3783 3782//3782
f 3793//3793 3794//3794 3784//3784 3783//3783
f 3794//3794 3795//3795 3785//3785 3784//3784
f 3795//3795 3796//3796 3786//3786 3785//3785
f 3796//3796 3797//3797 3787//3787 3786//3786
f 3797//3797 3798//3798 3788//3788 3787//3787
f 3798//3798 3789//3789 3779//3779 3788//3788
f 3799//3799 3800//3800 3790//3790 3789//3789
f 3800//3800 3801//3801 3791//3791 3790//3790
f 3801//3801 3802//3802 3792//3792 3791//3791
f 3802//3802 3803//3803 3793//3793 3792//3792
f 3803//3803 3804//3804 3794//3794 3793//3793
f 3804//3804 3805//3805 3795//3795 3794//3794
f 3805//3805 3806//3806 3796//3796 3795//3795
f 3806//3806 3807//3807 3797//3797 3796//3796
f 3807//3807 3808//3808 3798//3798 3797//3797
f 3808//3808 3799//3799 3789//3789 3798//3798
f 3809//3809 3810//3810 3800//3800 3799//3799
f 3810//3810 3811//3811 3801//3801 3800//3800
f 3811//3811 3812//3812 3802//3802 3801//3801
f 3812//3812 3813//3813 3803//3803 3802//3802
f 3813//3813 3814//3814 3804//3804 3803//3803
f 3814//3814 3815//3815 3805//3805 3804//3804
f 3815//3815 3816//3816 3806//3806 3805//3805
f 3816//3816 3817//3817 3807//3807 3806//3806
f 3817//3817 3818//3818 3808//3808 3807//3807
f 3818//3818 3809//3809 3799//3799 3808//3808
f 3819//3819 3820//3820 3810//3810 3809//3809
f 3820//3820 3821//3821 3811//3811 3810//3810
f 3821//3821 3822//3822 3812//3812 3811//3811
f 3822//3822 3823//3823 3813//3813 3812//3812
f 3823//3823 3824//3824 3814//3814 3813//3813
f 3824//3824 3825//3825 3815//3815 3814//3814
f 3825//3825 3826//3826 3816//3816 3815//3815
f 3826//3826 3827//3827 3817//3817 3816//3816
f 3827//3827 3828//3828 3818//3818 3817//3817
f 3828//3828 3819//3819 3809//3809 3818//3818
g part27
usemtl eye
v 0.04600 2.22100 0.13100
v 0.04600 2.22100 0.13100
v 0.04600 2.22100 0.13100
v 0.04600 2.22100 0.13100
v 0.04600 2.22100 0.13100
v 0.04600 2.22100 0.13100
v 0.04600 2.22100 0.13100
v 0.04600 2.22100 0.13100
v 0.04600 2.22100 0.13100
v 0.04600 2.22100 0.13100
v 0.04600 2.22100 0.13100
v 0.04600 2.22100 0.13100
v 0.04600 2.21902 0.13827
v 0.05251 2.21902 0.13730
v 0.05727 2.21902 0.13464
v 0.05901 2.21902 0.13100
v 0.05727 2.21902 0.12736
v 0.05251 2.21902 0.12470
v 0.04600 2.21902 0.12373
v 0.03949 2.21902 0.12470
v 0.03473 2.21902 0.12736
v 0.03299 2.21902 0.13100
v 0.03473 2.21902 0.13464
v 0.03949 2.21902 0.13730
v 0.04600 2.21338 0.14444
v 0.05802 2.21338 0.14264
v 0.06682 2.21338 0.13772
v 0.07004 2.21338 0.13100
v 0.06682 2.21338 0.12428
v 0.05802 2.21338 0.11936
v 0.04600 2.21338 0.11756
v 0.03398 2.21338 0.11936
v 0.02518 2.21338 0.12428
v 0.02196 2.21338 0.13100
v 0.02518 2.21338 0.13772
v 0.03398 2.21338 0.14264
v 0.04600 2.20495 0.14855
v 0.06171 2.20495 0.14620
v 0.07320 2.20495 0.13978
v 0.07741 2.20495 0.13100
v 0.07320 2.20495 0.12222
v 0.06171 2.20495 0.11580
v 0.04600 2.20495 0.11345
v 0.03029 2.20495 0.11580
v 0.01880 2.20495 0.12222
v 0.01459 2.20495 0.13100
v 0.01880 2.20495 0.13978
v 0.03029 2.20495 0.14620
v 0.04600 2.19500 0.15000
v 0.06300 2.19500 0.14745
v 0.07544 2.19500 0.14050
v 0.08000 2.19500 0.13100
v 0.07544 2.19500 0.12150
v 0.06300 2.19500 0.11455
v 0.04600 2.19500 0.11200
v 0.02900 2.19500 0.11455
v 0.01656 2.19500 0.12150
v 0.01200 2.19500 0.13100
v 0.01656 2.19500 0.14050
v 0.02900 2.19500 0.14745
v 0.04600 2.18505 0.14855
v 0.06171 2.18505 0.14620
v 0.07320 2.18505 0.13978
v 0.07741 2.18505 0.13100
v 0.07320 2.18505 0.12222
v 0.06171 2.18505 0.11580
v 0.04600 2.18505 0.11345
v 0.03029 2.18505 0.11580
v 0.01880 2.18505 0.12222
v 0.01459 2.18505 0.13100
v 0.01880 2.18505 0.13978
v 0.03029 2.18505 0.14620
v 0.04600 2.17662 0.14444
v 0.05802 2.17662 0.14264
v 0.06682 2.17662 0.13772
v 0.07004 2.17662 0.13100
v 0.06682 2.17662 0.12428
v 0.05802 2.17662 0.11936
v 0.04600 2.17662 0.11756
v 0.03398 2.17662 0.11936
v 0.02518 2.17662 0.12428
v 0.02196 2.17662 0.13100
v 0.02518 2.17662 0.13772
v 0.03398 2.17662 0.14264
v 0.04600 2.17098 0.13827
v 0.05251 2.17098 0.13730
v 0.05727 2.17098 0.13464
v 0.05901 2.17098 0.13100
v 0.05727 2.17098 0.12736
v 0.05251 2.17098 0.12470
v 0.04600 2.17098 0.12373
v 0.03949 2.17098 0.12470
v 0.03473 2.17098 0.12736
v 0.03299 2.17098 0.13100
v 0.03473 2.17098 0.13464
v 0.03949 2.17098 0.13730
v 0.04600 2.16900 0.13100
v 0.04600 2.16900 0.13100
v 0.04600 2.16900 0.13100
v 0.04600 2.16900 0.13100
v 0.04600 2.16900 0.13100
v 0.04600 2.16900 0.13100
v 0.04600 2.16900 0.13100
v 0.04600 2.16900 0.13100
v 0.04600 2.16900 0.13100
v 0.04600 2.16900 0.13100
v 0.04600 2.16900 0.13100
v 0.04600 2.16900 0.13100
vn 0.0000 1.0000 0.0000
vn 0.0000 1.0000 0.0000
vn 0.0000 1.0000 0.0000
vn 0.0000 1.0000 0.0000
vn 0.0000 1.0000 -0.0000
vn 0.0000 1.0000 -0.0000
vn 0.0000 1.0000 -0.0000
vn -0.0000 1.0000 -0.0000
vn -0.0000 1.0000 -0.0000
vn -0.0000 1.0000 -0.0000
vn -0.0000 1.0000 0.0000
vn -0.0000 1.0000 0.0000
vn 0.0000 0.8700 0.4931
vn 0.1408 0.8887 0.4363
vn 0.2552 0.9303 0.2636
vn 0.3020 0.9533 0.0000
vn 0.2552 0.9303 -0.2636
vn 0.1408 0.8887 -0.4363
vn 0.0000 0.8700 -0.4931
vn -0.1408 0.8887 -0.4363
vn -0.2552 0.9303 -0.2636
vn -0.3020 0.9533 -0.0000
vn -0.2552 0.9303 0.2636
vn -0.1408 0.8887 0.4363
vn 0.0000 0.5900 0.8074
vn 0.2394 0.6261 0.7420
vn 0.4796 0.7242 0.4955
vn 0.6075 0.7944 0.0000
vn 0.4796 0.7242 -0.4955
vn 0.2394 0.6261 -0.7420
vn 0.0000 0.5900 -0.8074
vn -0.2394 0.6261 -0.7420
vn -0.4796 0.7242 -0.4955
vn -0.6075 0.7944 -0.0000
vn -0.4796 0.7242 0.4955
vn -0.2394 0.6261 0.7420
vn 0.0000 0.2897 0.9571
vn 0.2914 0.3156 0.9030
vn 0.6378 0.3989 0.6589
vn 0.8793 0.4763 0.0000
vn 0.6378 0.3989 -0.6589
vn 0.2914 0.3156 -0.9030
vn 0.0000 0.2897 -0.9571
vn -0.2914 0.3156 -0.9030
vn -0.6378 0.3989 -0.6589
vn -0.8793 0.4763 -0.0000
vn -0.6378 0.3989 0.6589
vn -0.2914 0.3156 0.9030
vn 0.0000 0.0000 1.0000
vn 0.3071 0.0000 0.9517
vn 0.6955 0.0000 0.7185
vn 1.0000 0.0000 0.0000
vn 0.6955 0.0000 -0.7185
vn 0.3071 0.0000 -0.9517
vn 0.0000 0.0000 -1.0000
vn -0.3071 0.0000 -0.9517
vn -0.6955 0.0000 -0.7185
vn -1.0000 0.0000 -0.0000
vn -0.6955 0.0000 0.7185
vn -0.3071 0.0000 0.9517
vn 0.0000 -0.2897 0.9571
vn 0.2914 -0.3156 0.9030
vn 0.6378 -0.3989 0.6589
vn 0.8793 -0.4763 0.0000
vn 0.6378 -0.3989 -0.6589
vn 0.2914 -0.3156 -0.9030
vn 0.0000 -0.2897 -0.9571
vn -0.2914 -0.3156 -0.9030
vn -0.6378 -0.3989 -0.6589
vn -0.8793 -0.4763 -0.0000
vn -0.6378 -0.3989 0.6589
vn -0.2914 -0.3156 0.9030
vn 0.0000 -0.5900 0.8074
vn 0.2394 -0.6261 0.7420
vn 0.4796 -0.7242 0.4955
vn 0.6075 -0.7944 0.0000
vn 0.4796 -0.7242 -0.4955
vn 0.2394 -0.6261 -0.7420
vn 0.0000 -0.5900 -0.8074
vn -0.2394 -0.6261 -0.7420
vn -0.4796 -0.7242 -0.4955
vn -0.6075 -0.7944 -0.0000
vn -0.4796 -0.7242 0.4955
vn -0.2394 -0.6261 0.7420
vn 0.0000 -0.8700 0.4931
vn 0.1408 -0.8887 0.4363
vn 0.2552 -0.9303 0.2636
vn 0.3020 -0.9533 0.0000
vn 0.2552 -0.9303 -0.2636
vn 0.1408 -0.8887 -0.4363
vn 0.0000 -0.8700 -0.4931
vn -0.1408 -0.8887 -0.4363
vn -0.2552 -0.9303 -0.2636
vn -0.3020 -0.9533 -0.0000
vn -0.2552 -0.9303 0.2636
vn -0.1408 -0.8887 0.4363
vn 0.0000 -1.0000 0.0000
vn 0.0000 -1.0000 0.0000
vn 0.0000 -1.0000 0.0000
vn 0.0000 -1.0000 0.0000
vn 0.0000 -1.0000 -0.0000
vn 0.0000 -1.0000 -0.0000
vn 0.0000 -1.0000 -0.0000
vn -0.0000 -1.0000 -0.0000
vn -0.0000 -1.0000 -0.0000
vn -0.0000 -1.0000 -0.0000
vn -0.0000 -1.0000 0.0000
vn -0.0000 -1.0000 0.0000
f 3841//3841 3842//3842 3830//3830 3829//3829
f 3842//3842 3843//3843 3831//3831 3830//3830
f 3843//3843 3844//3844 3832//3832 3831//3831
f 3844//3844 3845//3845 3833//3833 3832//3832
f 3845//3845 3846//3846 3834//3834 3833//3833
f 3846//3846 3847//3847 3835//3835 3834//3834
f 3847//3847 3848//3848 3836//3836 3835//3835
f 3848//3848 3849//3849 3837//3837 3836//3836
f 3849//3849 3850//3850 3838//3838 3837//3837
f 3850//3850 3851//3851 3839//3839 3838//3838
f 3851//3851 3852//3852 3840//3840 3839//3839
f 3852//3852 3841//3841 3829//3829 3840//3840
f 3853//3853 3854//3854 3842//3842 3841//3841
f 3854//3854 3855//3855 3843//3843 3842//3842
f 3855//3855 3856//3856 3844//3844 3843//3843
f 3856//3856 3857//3857 3845//3845 3844//3844
f 3857//3857 3858//3858 3846//3846 3845//3845
f 3858//3858 3859//3859 3847//3847 3846//3846
f 3859//3859 3860//3860 3848//3848 3847//3847
f 3860//3860 3861//3861 3849//3849 3848//3848
f 3861//3861 3862//3862 3850//3850 3849//3849
f 3862//3862 3863//3863 3851//3851 3850//3850
f 3863//3863 3864//3864 3852//3852 3851//3851
f 3864//3864 3853//3853 3841//3841 3852//3852
f 3865//3865 3866//3866 3854//3854 3853//3853
f 3866//3866 3867//3867 3855//3855 3854//3854
f 3867//3867 3868//3868 3856//3856 3855//3855
f 3868//3868 3869//3869 3857//3857 3856//3856
f 3869//3869 3870//3870 3858//3858 3857//3857
f 3870//3870 3871//3871 3859//3859 3858//3858
f 3871//3871 3872//3872 3860//3860 3859//3859
f 3872//3872 3873//3873 3861//3861 3860//3860
f 3873//3873 3874//3874 3862//3862 3861//3861
f 3874//3874 3875//3875 3863//3863 3862//3862
f 3875//3875 3876//3876 3864//3864 3863//3863
f 3876//3876 3865//3865 3853//3853 3864//3864
f 3877//3877 3878//3878 3866//3866 3865//3865
f 3878//3878 3879//3879 3867//3867 3866//3866
f 3879//3879 3880//3880 3868//3868 3867//3867
f 3880//3880 3881//3881 3869//3869 3868//3868
f 3881//3881 3882//3882 3870//3870 3869//3869
f 3882//3882 3883//3883 3871//3871 3870//3870
f 3883//3883 3884//3884 3872//3872 3871//3871
f 3884//3884 3885//3885 3873//3873 3872//3872
f 3885//3885 3886//3886 3874//3874 3873//3873
f 3886//3886 3887//3887 3875//3875 3874//3874
f 3887//3887 3888//3888 3876//3876 3875//3875
f 3888//3888 3877//3877 3865//3865 3876//3876
f 3889//3889 3890//3890 3878//3878 3877//3877
f 3890//3890 3891//3891 3879//3879 3878//3878
f 3891//3891 3892//3892 3880//3880 3879//3879
f 3892//3892 3893//3893 3881//3881 3880//3880
f 3893//3893 3894//3894 3882//3882 3881//3881
f 3894//3894 3895//3895 3883//3883 3882//3882
f 3895//3895 3896//3896 3884//3884 3883//3883
f 3896//3896 3897//3897 3885//3885 3884//3884
f 3897//3897 3898//3898 3886//3886 3885//3885
f 3898//3898 3899//3899 3887//3887 3886//3886
f 3899//3899 3900//3900 3888//3888 3887//3887
f 3900//3900 3889//3889 3877//3877 3888//3888
f 3901//3901 3902//3902 3890//3890 3889//3889
f 3902//3902 3903//3903 3891//3891 3890//3890
f 3903//3903 3904//3904 3892//3892 3891//3891
f 3904//3904 3905//3905 3893//3893 3892//3892
f 3905//3905 3906//3906 3894//3894 3893//3893
f 3906//3906 3907//3907 3895//3895 3894//3894
f 3907//3907 3908//3908 3896//3896 3895//3895
f 3908//3908 3909//3909 3897//3897 3896//3896
f 3909//3909 3910//3910 3898//3898 3897//3897
f 3910//3910 3911//3911 3899//3899 3898//3898
f 3911//3911 3912//3912 3900//3900 3899//3899
f 3912//3912 3901//3901 3889//3889 3900//3900
f 3913//3913 3914//3914 3902//3902 3901//3901
f 3914//3914 3915//3915 3903//3903 3902//3902
f 3915//3915 3916//3916 3904//3904 3903//3903
f 3916//3916 3917//3917 3905//3905 3904//3904
f 3917//3917 3918//3918 3906//3906 3905//3905
f 3918//3918 3919//3919 3907//3907 3906//3906
f 3919//3919 3920//3920 3908//3908 3907//3907
f 3920//3920 3921//3921 3909//3909 3908//3908
f 3921//3921 3922//3922 3910//3910 3909//3909
f 3922//3922 3923//3923 3911//3911 3910//3910
f 3923//3923 3924//3924 3912//3912 3911//3911
f 3924//3924 3913//3913 3901//3901 3912//3912
f 3925//3925 3926//3926 3914//3914 3913//3913
f 3926//3926 3927//3927 3915//3915 3914//3914
f 3927//3927 3928//3928 3916//3916 3915//3915
f 3928//3928 3929//3929 3917//3917 3916//3916
f 3929//3929 3930//3930 3918//3918 3917//3917
f 3930//3930 3931//3931 3919//3919 3918//3918
f 3931//3931 3932//3932 3920//3920 3919//3919
f 3932//3932 3933//3933 3921//3921 3920//3920
f 3933//3933 3934//3934 3922//3922 3921//3921
f 3934//3934 3935//3935 3923//3923 3922//3922
f 3935//3935 3936//3936 3924//3924 3923//3923
f 3936//3936 3925//3925 3913//3913 3924//3924
g part28
usemtl mouth
v 0.00000 2.09100 0.12600
v 0.00000 2.09100 0.12600
v 0.00000 2.09100 0.12600
v 0.00000 2.09100 0.12600
v 0.00000 2.09100 0.12600
v 0.00000 2.09100 0.12600
v 0.00000 2.09100 0.12600
v 0.00000 2.09100 0.12600
v 0.00000 2.09100 0.12600
v 0.00000 2.09100 0.12600
v 0.00000 2.09100 0.12600
v 0.00000 2.09100 0.12600
v 0.00000 2.09100 0.12600
v 0.00000 2.09100 0.12600
v 0.00000 2.08845 0.13300
v 0.01388 2.08845 0.13231
v 0.02502 2.08845 0.13036
v 0.03120 2.08845 0.12756
v 0.03120 2.08845 0.12444
v 0.02502 2.08845 0.12164
v 0.01388 2.08845 0.11969
v 0.00000 2.08845 0.11900
v -0.01388 2.08845 0.11969
v -0.02502 2.08845 0.12164
v -0.03120 2.08845 0.12444
v -0.03120 2.08845 0.12756
v -0.02502 2.08845 0.13036
v -0.01388 2.08845 0.13231
v 0.00000 2.08150 0.13812
v 0.02405 2.08150 0.13692
v 0.04333 2.08150 0.13356
v 0.05404 2.08150 0.12870
v 0.05404 2.08150 0.12330
v 0.04333 2.08150 0.11844
v 0.02405 2.08150 0.11508
v 0.00000 2.08150 0.11388
v -0.02405 2.08150 0.11508
v -0.04333 2.08150 0.11844
v -0.05404 2.08150 0.12330
v -0.05404 2.08150 0.12870
v -0.04333 2.08150 0.13356
v -0.02405 2.08150 0.13692
v 0.00000 2.07200 0.14000
v 0.02777 2.07200 0.13861
v 0.05004 2.07200 0.13473
v 0.06240 2.07200 0.12912
v 0.06240 2.07200 0.12288
v 0.05004 2.07200 0.11727
v 0.02777 2.07200 0.11339
v 0.00000 2.07200 0.11200
v -0.02777 2.07200 0.11339
v -0.05004 2.07200 0.11727
v -0.06240 2.07200 0.12288
v -0.06240 2.07200 0.12912
v -0.05004 2.07200 0.13473
v -0.02777 2.07200 0.13861
v 0.00000 2.06250 0.13812
v 0.02405 2.06250 0.13692
v 0.04333 2.06250 0.13356
v 0.05404 2.06250 0.12870
v 0.05404 2.06250 0.12330
v 0.04333 2.06250 0.11844
v 0.02405 2.06250 0.11508
v 0.00000 2.06250 0.11388
v -0.02405 2.06250 0.11508
v -0.04333 2.06250 0.11844
v -0.05404 2.06250 0.12330
v -0.05404 2.06250 0.12870
v -0.04333 2.06250 0.13356
v -0.02405 2.06250 0.13692
v 0.00000 2.05555 0.13300
v 0.01388 2.05555 0.13231
v 0.02502 2.05555 0.13036
v 0.03120 2.05555 0.12756
v 0.03120 2.05555 0.12444
v 0.02502 2.05555 0.12164
v 0.01388 2.05555 0.11969
v 0.00000 2.05555 0.11900
v -0.01388 2.05555 0.11969
v -0.02502 2.05555 0.12164
v -0.03120 2.05555 0.12444
v -0.03120 2.05555 0.12756
v -0.02502 2.05555 0.13036
v -0.01388 2.05555 0.13231
v 0.00000 2.05300 0.12600
v 0.00000 2.05300 0.12600
v 0.00000 2.05300 0.12600
v 0.00000 2.05300 0.12600
v 0.00000 2.05300 0.12600
v 0.00000 2.05300 0.12600
v 0.00000 2.05300 0.12600
v 0.00000 2.05300 0.12600
v -0.00000 2.05300 0.12600
v -0.00000 2.05300 0.12600
v -0.00000 2.05300 0.12600
v -0.00000 2.05300 0.12600
v -0.00000 2.05300 0.12600
v -0.00000 2.05300 0.12600
vn 0.0000 1.0000 0.0000
vn 0.0000 1.0000 0.0000
vn 0.0000 1.0000 0.0000
vn 0.0000 1.0000 0.0000
vn 0.0000 1.0000 -0.0000
vn 0.0000 1.0000 -0.0000
vn 0.0000 1.0000 -0.0000
vn 0.0000 1.0000 -0.0000
vn -0.0000 1.0000 -0.0000
vn -0.0000 1.0000 -0.0000
vn -0.0000 1.0000 -0.0000
vn -0.0000 1.0000 0.0000
vn -0.0000 1.0000 0.0000
vn -0.0000 1.0000 0.0000
vn 0.0000 0.7871 0.6168
vn 0.0606 0.8154 0.5757
vn 0.1195 0.8921 0.4358
vn 0.1624 0.9721 0.1695
vn 0.1624 0.9721 -0.1695
vn 0.1195 0.8921 -0.4358
vn 0.0606 0.8154 -0.5757
vn 0.0000 0.7871 -0.6168
vn -0.0606 0.8154 -0.5757
vn -0.1195 0.8921 -0.4358
vn -0.1624 0.9721 -0.1695
vn -0.1624 0.9721 0.1695
vn -0.1195 0.8921 0.4358
vn -0.0606 0.8154 0.5757
vn 0.0000 0.3915 0.9202
vn 0.0948 0.4250 0.9002
vn 0.2210 0.5497 0.8056
vn 0.4060 0.8098 0.4236
vn 0.4060 0.8098 -0.4236
vn 0.2210 0.5497 -0.8056
vn 0.0948 0.4250 -0.9002
vn 0.0000 0.3915 -0.9202
vn -0.0948 0.4250 -0.9002
vn -0.2210 0.5497 -0.8056
vn -0.4060 0.8098 -0.4236
vn -0.4060 0.8098 0.4236
vn -0.2210 0.5497 0.8056
vn -0.0948 0.4250 0.9002
vn 0.0000 0.0000 1.0000
vn 0.1048 0.0000 0.9945
vn 0.2645 0.0000 0.9644
vn 0.6919 0.0000 0.7220
vn 0.6919 0.0000 -0.7220
vn 0.2645 0.0000 -0.9644
vn 0.1048 0.0000 -0.9945
vn 0.0000 0.0000 -1.0000
vn -0.1048 0.0000 -0.9945
vn -0.2645 0.0000 -0.9644
vn -0.6919 0.0000 -0.7220
vn -0.6919 0.0000 0.7220
vn -0.2645 0.0000 0.9644
vn -0.1048 0.0000 0.9945
vn 0.0000 -0.3915 0.9202
vn 0.0948 -0.4250 0.9002
vn 0.2210 -0.5497 0.8056
vn 0.4060 -0.8098 0.4236
vn 0.4060 -0.8098 -0.4236
vn 0.2210 -0.5497 -0.8056
vn 0.0948 -0.4250 -0.9002
vn 0.0000 -0.3915 -0.9202
vn -0.0948 -0.4250 -0.9002
vn -0.2210 -0.5497 -0.8056
vn -0.4060 -0.8098 -0.4236
vn -0.4060 -0.8098 0.4236
vn -0.2210 -0.5497 0.8056
vn -0.0948 -0.4250 0.9002
vn 0.0000 -0.7871 0.6168
vn 0.0606 -0.8154 0.5757
vn 0.1195 -0.8921 0.4358
vn 0.1624 -0.9721 0.1695
vn 0.1624 -0.9721 -0.1695
vn 0.1195 -0.8921 -0.4358
vn 0.0606 -0.8154 -0.5757
vn 0.0000 -0.7871 -0.6168
vn -0.0606 -0.8154 -0.5757
vn -0.1195 -0.8921 -0.4358
vn -0.1624 -0.9721 -0.1695
vn -0.1624 -0.9721 0.1695
vn -0.1195 -0.8921 0.4358
vn -0.0606 -0.8154 0.5757
vn 0.0000 -1.0000 0.0000
vn 0.0000 -1.0000 0.0000
vn 0.0000 -1.0000 0.0000
vn 0.0000 -1.0000 0.0000
vn 0.0000 -1.0000 -0.0000
vn 0.0000 -1.0000 -0.0000
vn 0.0000 -1.0000 -0.0000
vn 0.0000 -1.0000 -0.0000
vn -0.0000 -1.0000 -0.0000
vn -0.0000 -1.0000 -0.0000
vn -0.0000 -1.0000 -0.0000
vn -0.0000 -1.0000 0.0000
vn -0.0000 -1.0000 0.0000
vn -0.0000 -1.0000 0.0000
f 3951//3951 3952//3952 3938//3938 3937//3937
f 3952//3952 3953//3953 3939//3939 3938//3938
f 3953//3953 3954//3954 3940//3940 3939//3939
f 3954//3954 3955//3955 3941//3941 3940//3940
f 3955//3955 3956//3956 3942//3942 3941//3941
f 3956//3956 3957//3957 3943//3943 3942//3942
f 3957//3957 3958//3958 3944//3944 3943//3943
f 3958//3958 3959//3959 3945//3945 3944//3944
f 3959//3959 3960//3960 3946//3946 3945//3945
f 3960//3960 3961//3961 3947//3947 3946//3946
f 3961//3961 3962//3962 3948//3948 3947//3947
f 3962//3962 3963//3963 3949//3949 3948//3948
f 3963//3963 3964//3964 3950//3950 3949//3949
f 3964//3964 3951//3951 3937//3937 3950//3950
f 3965//3965 3966//3966 3952//3952 3951//3951
f 3966//3966 3967//3967 3953//3953 3952//3952
f 3967//3967 3968//3968 3954//3954 3953//3953
f 3968//3968 3969//3969 3955//3955 3954//3954
f 3969//3969 3970//3970 3956//3956 3955//3955
f 3970//3970 3971//3971 3957//3957 3956//3956
f 3971//3971 3972//3972 3958//3958 3957//3957
f 3972//3972 3973//3973 3959//3959 3958//3958
f 3973//3973 3974//3974 3960//3960 3959//3959
f 3974//3974 3975//3975 3961//3961 3960//3960
f 3975//3975 3976//3976 3962//3962 3961//3961
f 3976//3976 3977//3977 3963//3963 3962//3962
f 3977//3977 3978//3978 3964//3964 3963//3963
f 3978//3978 3965//3965 3951//3951 3964//3964
f 3979//3979 3980//3980 3966//3966 3965//3965
f 3980//3980 3981//3981 3967//3967 3966//3966
f 3981//3981 3982//3982 3968//3968 3967//3967
f 3982//3982 3983//3983 3969//3969 3968//3968
f 3983//3983 3984//3984 3970//3970 3969//3969
f 3984//3984 3985//3985 3971//3971 3970//3970
f 3985//3985 3986//3986 3972//3972 3971//3971
f 3986//3986 3987//3987 3973//3973 3972//3972
f 3987//3987 3988//3988 3974//3974 3973//3973
f 3988//3988 3989//3989 3975//3975 3974//3974
f 3989//3989 3990//3990 3976//3976 3975//3975
f 3990//3990 3991//3991 3977//3977 3976//3976
f 3991//3991 3992//3992 3978//3978 3977//3977
f 3992//3992 3979//3979 3965//3965 3978//3978
f 3993//3993 3994//3994 3980//3980 3979//3979
f 3994//3994 3995//3995 3981//3981 3980//3980
f 3995//3995 3996//3996 3982//3982 3981//3981
f 3996//3996 3997//3997 3983//3983 3982//3982
f 3997//3997 3998//3998 3984//3984 3983//3983
f 3998//3998 3999//3999 3985//3985 3984//3984
f 3999//3999 4000//4000 3986//3986 3985//3985
f 4000//4000 4001//4001 3987//3987 3986//3986
f 4001//4001 4002//4002 3988//3988 3987//3987
f 4002//4002 4003//4003 3989//3989 3988//3988
f 4003//4003 4004//4004 3990//3990 3989//3989
f 4004//4004 4005//4005 3991//3991 3990//3990
f 4005//4005 4006//4006 3992//3992 3991//3991
f 4006//4006 3993//3993 3979//3979 3992//3992
f 4007//4007 4008//4008 3994//3994 3993//3993
f 4008//4008 4009//4009 3995//3995 3994//3994
f 4009//4009 4010//4010 3996//3996 3995//3995
f 4010//4010 4011//4011 3997//3997 3996//3996
f 4011//4011 4012//4012 3998//3998 3997//3997
f 4012//4012 4013//4013 3999//3999 3998//3998
f 4013//4013 4014//4014 4000//4000 3999//3999
f 4014//4014 4015//4015 4001//4001 4000//4000
f 4015//4015 4016//4016 4002//4002 4001//4001
f 4016//4016 4017//4017 4003//4003 4002//4002
f 4017//4017 4018//4018 4004//4004 4003//4003
f 4018//4018 4019//4019 4005//4005 4004//4004
f 4019//4019 4020//4020 4006//4006 4005//4005
f 4020//4020 4007//4007 3993//3993 4006//4006
f 4021//4021 4022//4022 4008//4008 4007//4007
f 4022//4022 4023//4023 4009//4009 4008//4008
f 4023//4023 4024//4024 4010//4010 4009//4009
f 4024//4024 4025//4025 4011//4011 4010//4010
f 4025//4025 4026//4026 4012//4012 4011//4011
f 4026//4026 4027//4027 4013//4013 4012//4012
f 4027//4027 4028//4028 4014//4014 4013//4013
f 4028//4028 4029//4029 4015//4015 4014//4014
f 4029//4029 4030//4030 4016//4016 4015//4015
f 4030//4030 4031//4031 4017//4017 4016//4016
f 4031//4031 4032//4032 4018//4018 4017//4017
f 4032//4032 4033//4033 4019//4019 4018//4018
f 4033//4033 4034//4034 4020//4020 4019//4019
f 4034//4034 4021//4021 4007//4007 4020//4020
g part29
usemtl bone
v -0.06610 2.08895 0.11598
v -0.06932 2.08812 0.11414
v -0.06922 2.08717 0.11046
v -0.06590 2.08705 0.10862
v -0.06268 2.08788 0.11046
v -0.06278 2.08883 0.11414
v -0.06568 2.08502 0.11658
v -0.06855 2.08431 0.11493
v -0.06846 2.08346 0.11165
v -0.06549 2.08332 0.11002
v -0.06261 2.08403 0.11167
v -0.06270 2.08488 0.11495
v -0.06534 2.08104 0.11701
v -0.06772 2.08056 0.11562
v -0.06764 2.07986 0.11291
v -0.06518 2.07963 0.11159
v -0.06280 2.08011 0.11298
v -0.06288 2.08081 0.11569
v -0.06526 2.07692 0.11689
v -0.06666 2.07670 0.11606
v -0.06661 2.07628 0.11447
v -0.06517 2.07609 0.11371
v -0.06377 2.07630 0.11454
v -0.06381 2.07672 0.11613
v -0.06527 2.07274 0.11659
v -0.06552 2.07271 0.11644
v -0.06551 2.07263 0.11615
v -0.06525 2.07259 0.11601
v -0.06500 2.07263 0.11616
v -0.06500 2.07271 0.11645
v -0.06527 2.07274 0.11659
v -0.06552 2.07271 0.11644
v -0.06551 2.07263 0.11615
v -0.06525 2.07259 0.11601
v -0.06500 2.07263 0.11616
v -0.06500 2.07271 0.11645
v -0.06526 2.07267 0.11630
vn -0.0164 0.1506 0.9885
vn -0.8592 -0.0675 0.5071
vn -0.8322 -0.3158 -0.4557
vn 0.0376 -0.3459 -0.9375
vn 0.8806 -0.1279 -0.4563
vn 0.8536 0.1204 0.5068
vn -0.0153 0.1277 0.9917
vn -0.8565 -0.0821 0.5095
vn -0.8296 -0.3299 -0.4505
vn 0.0386 -0.3680 -0.9290
vn 0.8803 -0.1588 -0.4470
vn 0.8534 0.0892 0.5136
vn -0.0165 0.0368 0.9992
vn -0.8464 -0.1349 0.5152
vn -0.8199 -0.3797 -0.4286
vn 0.0367 -0.4533 -0.8906
vn 0.8686 -0.2817 -0.4077
vn 0.8419 -0.0364 0.5383
vn -0.0260 -0.0507 0.9984
vn -0.8375 -0.1804 0.5158
vn -0.8116 -0.4207 -0.4054
vn 0.0260 -0.5317 -0.8465
vn 0.8397 -0.4019 -0.3652
vn 0.8137 -0.1610 0.5586
vn -0.0295 -0.0716 0.9970
vn -0.8361 -0.1888 0.5151
vn -0.8103 -0.4279 -0.4004
vn 0.0220 -0.5501 -0.8348
vn 0.8293 -0.4329 -0.3533
vn 0.8035 -0.1936 0.5630
vn -0.0117 -0.9675 0.2524
vn -0.0117 -0.9675 0.2524
vn -0.0117 -0.9675 0.2524
vn -0.0117 -0.9675 0.2524
vn -0.0117 -0.9675 0.2524
vn -0.0117 -0.9675 0.2524
vn -0.0117 -0.9675 0.2524
f 4035//4035 4036//4036 4042//4042 4041//4041
f 4036//4036 4037//4037 4043//4043 4042//4042
f 4037//4037 4038//4038 4044//4044 4043//4043
f 4038//4038 4039//4039 4045//4045 4044//4044
f 4039//4039 4040//4040 4046//4046 4045//4045
f 4040//4040 4035//4035 4041//4041 4046//4046
f 4041//4041 4042//4042 4048//4048 4047//4047
f 4042//4042 4043//4043 4049//4049 4048//4048
f 4043//4043 4044//4044 4050//4050 4049//4049
f 4044//4044 4045//4045 4051//4051 4050//4050
f 4045//4045 4046//4046 4052//4052 4051//4051
f 4046//4046 4041//4041 4047//4047 4052//4052
f 4047//4047 4048//4048 4054//4054 4053//4053
f 4048//4048 4049//4049 4055//4055 4054//4054
f 4049//4049 4050//4050 4056//4056 4055//4055
f 4050//4050 4051//4051 4057//4057 4056//4056
f 4051//4051 4052//4052 4058//4058 4057//4057
f 4052//4052 4047//4047 4053//4053 4058//4058
f 4053//4053 4054//4054 4060//4060 4059//4059
f 4054//4054 4055//4055 4061//4061 4060//4060
f 4055//4055 4056//4056 4062//4062 4061//4061
f 4056//4056 4057//4057 4063//4063 4062//4062
f 4057//4057 4058//4058 4064//4064 4063//4063
f 4058//4058 4053//4053 4059//4059 4064//4064
f 4066//4066 4071//4071 4065//4065
f 4067//4067 4071//4071 4066//4066
f 4068//4068 4071//4071 4067//4067
f 4069//4069 4071//4071 4068//4068
f 4070//4070 4071//4071 4069//4069
f 4065//4065 4071//4071 4070//4070
g part30
usemtl bone
v -0.05787 2.08876 0.12786
v -0.06106 2.08785 0.12600
v -0.06094 2.08709 0.12227
v -0.05763 2.08724 0.12041
v -0.05444 2.08815 0.12227
v -0.05456 2.08891 0.12600
v -0.05708 2.08389 0.12846
v -0.05993 2.08312 0.12679
v -0.05982 2.08245 0.12346
v -0.05685 2.08253 0.12181
v -0.05400 2.08330 0.12348
v -0.05411 2.08398 0.12681
v -0.05644 2.07899 0.12888
v -0.05882 2.07852 0.12746
v -0.05872 2.07795 0.12472
v -0.05626 2.07786 0.12339
v -0.05389 2.07832 0.12481
v -0.05398 2.07889 0.12755
v -0.05632 2.07397 0.12874
v -0.05772 2.07379 0.12789
v -0.05766 2.07345 0.12629
v -0.05621 2.07330 0.12553
v -0.05482 2.07347 0.12638
v -0.05487 2.07381 0.12799
v -0.05636 2.06890 0.12843
v -0.05662 2.06888 0.12827
v -0.05661 2.06882 0.12798
v -0.05634 2.06878 0.12784
v -0.05609 2.06881 0.12800
v -0.05610 2.06887 0.12829
v -0.05636 2.06890 0.12843
v -0.05662 2.06888 0.12827
v -0.05661 2.06882 0.12798
v -0.05634 2.06878 0.12784
v -0.05609 2.06881 0.12800
v -0.05610 2.06887 0.12829
v -0.05635 2.06884 0.12814
vn -0.0196 0.1195 0.9926
vn -0.8548 -0.1204 0.5047
vn -0.8223 -0.3189 -0.4714
vn 0.0455 -0.2774 -0.9597
vn 0.8809 -0.0377 -0.4718
vn 0.8483 0.1608 0.5044
vn -0.0184 0.1011 0.9947
vn -0.8539 -0.1260 0.5049
vn -0.8213 -0.3245 -0.4691
vn 0.0468 -0.2961 -0.9540
vn 0.8829 -0.0701 -0.4642
vn 0.8503 0.1285 0.5103
vn -0.0199 0.0272 0.9994
vn -0.8524 -0.1424 0.5031
vn -0.8201 -0.3409 -0.4596
vn 0.0449 -0.3701 -0.9279
vn 0.8791 -0.2003 -0.4325
vn 0.8467 -0.0015 0.5321
vn -0.0319 -0.0446 0.9985
vn -0.8537 -0.1529 0.4978
vn -0.8219 -0.3505 -0.4492
vn 0.0319 -0.4401 -0.8974
vn 0.8556 -0.3311 -0.3978
vn 0.8236 -0.1331 0.5513
vn -0.0365 -0.0617 0.9974
vn -0.8548 -0.1527 0.4959
vn -0.8231 -0.3502 -0.4471
vn 0.0270 -0.4567 -0.8892
vn 0.8460 -0.3656 -0.3880
vn 0.8142 -0.1681 0.5557
vn -0.0178 -0.9787 0.2044
vn -0.0178 -0.9787 0.2044
vn -0.0178 -0.9787 0.2044
vn -0.0178 -0.9787 0.2044
vn -0.0178 -0.9787 0.2044
vn -0.0178 -0.9787 0.2044
vn -0.0178 -0.9787 0.2044
f 4072//4072 4073//4073 4079//4079 4078//4078
f 4073//4073 4074//4074 4080//4080 4079//4079
f 4074//4074 4075//4075 4081//4081 4080//4080
f 4075//4075 4076//4076 4082//4082 4081//4081
f 4076//4076 4077//4077 4083//4083 4082//4082
f 4077//4077 4072//4072 4078//4078 4083//4083
f 4078//4078 4079//4079 4085//4085 4084//4084
f 4079//4079 4080//4080 4086//4086 4085//4085
f 4080//4080 4081//4081 4087//4087 4086//4086
f 4081//4081 4082//4082 4088//4088 4087//4087
f 4082//4082 4083//4083 4089//4089 4088//4088
f 4083//4083 4078//4078 4084//4084 4089//4089
f 4084//4084 4085//4085 4091//4091 4090//4090
f 4085//4085 4086//4086 4092//4092 4091//4091
f 4086//4086 4087//4087 4093//4093 4092//4092
f 4087//4087 4088//4088 4094//4094 4093//4093
f 4088//4088 4089//4089 4095//4095 4094//4094
f 4089//4089 4084//4084 4090//4090 4095//4095
f 4090//4090 4091//4091 4097//4097 4096//4096
f 4091//4091 4092//4092 4098//4098 4097//4097
f 4092//4092 4093//4093 4099//4099 4098//4098
f 4093//4093 4094//4094 4100//4100 4099//4099
f 4094//4094 4095//4095 4101//4101 4100//4100
f 4095//4095 4090//4090 4096//4096 4101//4101
f 4103//4103 4108//4108 4102//4102
f 4104//4104 4108//4108 4103//4103
f 4105//4105 4108//4108 4104//4104
f 4106//4106 4108//4108 4105//4105
f 4107//4107 4108//4108 4106//4106
f 4102//4102 4108//4108 4107//4107
g part31
usemtl bone
v -0.04939 2.08880 0.13640
v -0.05271 2.08883 0.13455
v -0.05282 2.08803 0.13083
v -0.04961 2.08720 0.12898
v -0.04629 2.08717 0.13083
v -0.04618 2.08797 0.13455
v -0.05001 2.08413 0.13701
v -0.05298 2.08412 0.13536
v -0.05307 2.08340 0.13204
v -0.05020 2.08270 0.13037
v -0.04723 2.08271 0.13202
v -0.04714 2.08343 0.13534
v -0.05050 2.07942 0.13743
v -0.05296 2.07928 0.13609
v -0.05304 2.07868 0.13336
v -0.05066 2.07824 0.13195
v -0.04820 2.07838 0.13329
v -0.04812 2.07898 0.13602
v -0.05060 2.07460 0.13730
v -0.05205 2.07443 0.13653
v -0.05209 2.07408 0.13493
v -0.05069 2.07390 0.13409
v -0.04925 2.07406 0.13485
v -0.04920 2.07441 0.13645
v -0.05057 2.06972 0.13698
v -0.05083 2.06969 0.13684
v -0.05084 2.06963 0.13655
v -0.05059 2.06960 0.13640
v -0.05032 2.06963 0.13654
v -0.05031 2.06969 0.13683
v -0.05057 2.06972 0.13698
v -0.05083 2.06969 0.13684
v -0.05084 2.06963 0.13655
v -0.05059 2.06960 0.13640
v -0.05032 2.06963 0.13654
v -0.05031 2.06969 0.13683
v -0.05058 2.06966 0.13669
vn 0.0166 0.1258 0.9919
vn -0.8525 0.1353 0.5049
vn -0.8801 -0.0735 -0.4690
vn -0.0386 -0.2916 -0.9558
vn 0.8305 -0.3011 -0.4686
vn 0.8581 -0.0924 0.5051
vn 0.0156 0.1065 0.9942
vn -0.8534 0.1049 0.5105
vn -0.8810 -0.1038 -0.4615
vn -0.0396 -0.3109 -0.9496
vn 0.8290 -0.3099 -0.4656
vn 0.8565 -0.1013 0.5061
vn 0.0169 0.0292 0.9994
vn -0.8469 -0.0171 0.5314
vn -0.8743 -0.2250 -0.4300
vn -0.0379 -0.3863 -0.9216
vn 0.8245 -0.3394 -0.4527
vn 0.8518 -0.1319 0.5070
vn 0.0269 -0.0458 0.9986
vn -0.8239 -0.1397 0.5492
vn -0.8509 -0.3456 -0.3956
vn -0.0269 -0.4572 -0.8889
vn 0.8223 -0.3625 -0.4386
vn 0.8492 -0.1570 0.5043
vn 0.0307 -0.0638 0.9975
vn -0.8151 -0.1719 0.5532
vn -0.8419 -0.3771 -0.3860
vn -0.0228 -0.4740 -0.8802
vn 0.8225 -0.3658 -0.4356
vn 0.8492 -0.1607 0.5030
vn 0.0144 -0.9769 0.2131
vn 0.0144 -0.9769 0.2131
vn 0.0144 -0.9769 0.2131
vn 0.0144 -0.9769 0.2131
vn 0.0144 -0.9769 0.2131
vn 0.0144 -0.9769 0.2131
vn 0.0144 -0.9769 0.2131
f 4109//4109 4110//4110 4116//4116 4115//4115
f 4110//4110 4111//4111 4117//4117 4116//4116
f 4111//4111 4112//4112 4118//4118 4117//4117
f 4112//4112 4113//4113 4119//4119 4118//4118
f 4113//4113 4114//4114 4120//4120 4119//4119
f 4114//4114 4109//4109 4115//4115 4120//4120
f 4115//4115 4116//4116 4122//4122 4121//4121
f 4116//4116 4117//4117 4123//4123 4122//4122
f 4117//4117 4118//4118 4124//4124 4123//4123
f 4118//4118 4119//4119 4125//4125 4124//4124
f 4119//4119 4120//4120 4126//4126 4125//4125
f 4120//4120 4115//4115 4121//4121 4126//4126
f 4121//4121 4122//4122 4128//4128 4127//4127
f 4122//4122 4123//4123 4129//4129 4128//4128
f 4123//4123 4124//4124 4130//4130 4129//4129
f 4124//4124 4125//4125 4131//4131 4130//4130
f 4125//4125 4126//4126 4132//4132 4131//4131
f 4126//4126 4121//4121 4127//4127 4132//4132
f 4127//4127 4128//4128 4134//4134 4133//4133
f 4128//4128 4129//4129 4135//4135 4134//4134
f 4129//4129 4130//4130 4136//4136 4135//4135
f 4130//4130 4131//4131 4137//4137 4136//4136
f 4131//4131 4132//4132 4138//4138 4137//4137
f 4132//4132 4127//4127 4133//4133 4138//4138
f 4140//4140 4145//4145 4139//4139
f 4141//4141 4145//4145 4140//4140
f 4142//4142 4145//4145 4141//4141
f 4143//4143 4145//4145 4142//4142
f 4144//4144 4145//4145 4143//4143
f 4139//4139 4145//4145 4144//4144
g part32
usemtl bone
v -0.04108 2.08899 0.14280
v -0.04441 2.08906 0.14097
v -0.04458 2.08806 0.13731
v -0.04142 2.08701 0.13548
v -0.03809 2.08694 0.13731
v -0.03792 2.08794 0.14097
v -0.04171 2.08531 0.14341
v -0.04470 2.08531 0.14179
v -0.04485 2.08442 0.13852
v -0.04202 2.08353 0.13687
v -0.03904 2.08352 0.13849
v -0.03889 2.08441 0.14176
v -0.04222 2.08158 0.14384
v -0.04470 2.08141 0.14255
v -0.04483 2.08067 0.13985
v -0.04248 2.08009 0.13844
v -0.04000 2.08026 0.13973
v -0.03987 2.08101 0.14243
v -0.04234 2.07770 0.14372
v -0.04380 2.07749 0.14299
v -0.04388 2.07705 0.14141
v -0.04249 2.07682 0.14056
v -0.04103 2.07702 0.14129
v -0.04096 2.07746 0.14287
v -0.04234 2.07376 0.14343
v -0.04260 2.07371 0.14330
v -0.04262 2.07363 0.14301
v -0.04236 2.07359 0.14285
v -0.04210 2.07364 0.14298
v -0.04208 2.07372 0.14327
v -0.04234 2.07376 0.14343
v -0.04260 2.07371 0.14330
v -0.04262 2.07363 0.14301
v -0.04236 2.07359 0.14285
v -0.04210 2.07364 0.14298
v -0.04208 2.07372 0.14327
v -0.04235 2.07368 0.14314
vn 0.0273 0.1580 0.9871
vn -0.8435 0.1760 0.5075
vn -0.8884 -0.0839 -0.4513
vn -0.0625 -0.3617 -0.9302
vn 0.8081 -0.3797 -0.4504
vn 0.8529 -0.1199 0.5081
vn 0.0256 0.1341 0.9906
vn -0.8451 0.1389 0.5163
vn -0.8900 -0.1210 -0.4397
vn -0.0641 -0.3854 -0.9205
vn 0.8054 -0.3913 -0.4452
vn 0.8502 -0.1318 0.5098
vn 0.0274 0.0384 0.9989
vn -0.8357 -0.0110 0.5490
vn -0.8802 -0.2695 -0.3907
vn -0.0611 -0.4774 -0.8765
vn 0.7985 -0.4270 -0.4244
vn 0.8426 -0.1696 0.5112
vn 0.0431 -0.0526 0.9977
vn -0.8005 -0.1621 0.5770
vn -0.8439 -0.4170 -0.3375
vn -0.0431 -0.5613 -0.8265
vn 0.7966 -0.4501 -0.4034
vn 0.8396 -0.1964 0.5065
vn 0.0491 -0.0739 0.9961
vn -0.7865 -0.2029 0.5833
vn -0.8294 -0.4565 -0.3222
vn -0.0365 -0.5806 -0.8134
vn 0.7978 -0.4513 -0.3998
vn 0.8405 -0.1982 0.5042
vn 0.0185 -0.9630 0.2689
vn 0.0185 -0.9630 0.2689
vn 0.0185 -0.9630 0.2689
vn 0.0185 -0.9630 0.2689
vn 0.0185 -0.9630 0.2689
vn 0.0185 -0.9630 0.2689
vn 0.0185 -0.9630 0.2689
f 4146//4146 4147//4147 4153//4153 4152//4152
f 4147//4147 4148//4148 4154//4154 4153//4153
f 4148//4148 4149//4149 4155//4155 4154//4154
f 4149//4149 4150//4150 4156//4156 4155//4155
f 4150//4150 4151//4151 4157//4157 4156//4156
f 4151//4151 4146//4146 4152//4152 4157//4157
f 4152//4152 4153//4153 4159//4159 4158//4158
f 4153//4153 4154//4154 4160//4160 4159//4159
f 4154//4154 4155//4155 4161//4161 4160//4160
f 4155//4155 4156//4156 4162//4162 4161//4161
f 4156//4156 4157//4157 4163//4163 4162//4162
f 4157//4157 4152//4152 4158//4158 4163//4163
f 4158//4158 4159//4159 4165//4165 4164//4164
f 4159//4159 4160//4160 4166//4166 4165//4165
f 4160//4160 4161//4161 4167//4167 4166//4166
f 4161//4161 4162//4162 4168//4168 4167//4167
f 4162//4162 4163//4163 4169//4169 4168//4168
f 4163//4163 4158//4158 4164//4164 4169//4169
f 4164//4164 4165//4165 4171//4171 4170//4170
f 4165//4165 4166//4166 4172//4172 4171//4171
f 4166//4166 4167//4167 4173//4173 4172//4172
f 4167//4167 4168//4168 4174//4174 4173//4173
f 4168//4168 4169//4169 4175//4175 4174//4174
f 4169//4169 4164//4164 4170//4170 4175//4175
f 4177//4177 4182//4182 4176//4176
f 4178//4178 4182//4182 4177//4177
f 4179//4179 4182//4182 4178//4178
f 4180//4180 4182//4182 4179//4179
f 4181//4181 4182//4182 4180//4180
f 4176//4176 4182//4182 4181//4181
g part33
usemtl bone
v -0.03287 2.08874 0.14774
v -0.03618 2.08892 0.14588
v -0.03631 2.08818 0.14216
v -0.03313 2.08726 0.14029
v -0.02982 2.08708 0.14216
v -0.02969 2.08782 0.14588
v -0.03372 2.08376 0.14834
v -0.03668 2.08387 0.14669
v -0.03679 2.08321 0.14337
v -0.03394 2.08244 0.14169
v -0.03098 2.08233 0.14334
v -0.03087 2.08299 0.14667
v -0.03439 2.07875 0.14876
v -0.03685 2.07866 0.14743
v -0.03694 2.07811 0.14469
v -0.03457 2.07764 0.14327
v -0.03211 2.07773 0.14460
v -0.03202 2.07828 0.14735
v -0.03452 2.07362 0.14863
v -0.03597 2.07347 0.14787
v -0.03602 2.07314 0.14626
v -0.03463 2.07297 0.14541
v -0.03318 2.07312 0.14617
v -0.03312 2.07345 0.14778
v -0.03447 2.06845 0.14831
v -0.03473 2.06842 0.14817
v -0.03474 2.06836 0.14788
v -0.03449 2.06833 0.14772
v -0.03422 2.06837 0.14786
v -0.03421 2.06843 0.14816
v -0.03447 2.06845 0.14831
v -0.03473 2.06842 0.14817
v -0.03474 2.06836 0.14788
v -0.03449 2.06833 0.14772
v -0.03422 2.06837 0.14786
v -0.03421 2.06843 0.14816
v -0.03448 2.06839 0.14802
vn 0.0198 0.1166 0.9930
vn -0.8477 0.1649 0.5042
vn -0.8806 -0.0289 -0.4730
vn -0.0460 -0.2709 -0.9615
vn 0.8213 -0.3194 -0.4727
vn 0.8542 -0.1257 0.5045
vn 0.0185 0.0986 0.9950
vn -0.8499 0.1325 0.5100
vn -0.8828 -0.0615 -0.4657
vn -0.0473 -0.2893 -0.9561
vn 0.8206 -0.3242 -0.4707
vn 0.8535 -0.1303 0.5046
vn 0.0201 0.0263 0.9995
vn -0.8470 0.0020 0.5316
vn -0.8798 -0.1924 -0.4346
vn -0.0454 -0.3622 -0.9310
vn 0.8202 -0.3372 -0.4622
vn 0.8529 -0.1431 0.5021
vn 0.0323 -0.0439 0.9985
vn -0.8245 -0.1305 0.5506
vn -0.8569 -0.3243 -0.4007
vn -0.0323 -0.4312 -0.9017
vn 0.8228 -0.3435 -0.4527
vn 0.8550 -0.1500 0.4964
vn 0.0369 -0.0606 0.9975
vn -0.8152 -0.1656 0.5549
vn -0.8474 -0.3592 -0.3911
vn -0.0273 -0.4476 -0.8938
vn 0.8243 -0.3425 -0.4509
vn 0.8564 -0.1490 0.4944
vn 0.0185 -0.9796 0.1999
vn 0.0185 -0.9796 0.1999
vn 0.0185 -0.9796 0.1999
vn 0.0185 -0.9796 0.1999
vn 0.0185 -0.9796 0.1999
vn 0.0185 -0.9796 0.1999
vn 0.0185 -0.9796 0.1999
f 4183//4183 4184//4184 4190//4190 4189//4189
f 4184//4184 4185//4185 4191//4191 4190//4190
f 4185//4185 4186//4186 4192//4192 4191//4191
f 4186//4186 4187//4187 4193//4193 4192//4192
f 4187//4187 4188//4188 4194//4194 4193//4193
f 4188//4188 4183//4183 4189//4189 4194//4194
f 4189//4189 4190//4190 4196//4196 4195//4195
f 4190//4190 4191//4191 4197//4197 4196//4196
f 4191//4191 4192//4192 4198//4198 4197//4197
f 4192//4192 4193//4193 4199//4199 4198//4198
f 4193//4193 4194//4194 4200//4200 4199//4199
f 4194//4194 4189//4189 4195//4195 4200//4200
f 4195//4195 4196//4196 4202//4202 4201//4201
f 4196//4196 4197//4197 4203//4203 4202//4202
f 4197//4197 4198//4198 4204//4204 4203//4203
f 4198//4198 4199//4199 4205//4205 4204//4204
f 4199//4199 4200//4200 4206//4206 4205//4205
f 4200//4200 4195//4195 4201//4201 4206//4206
f 4201//4201 4202//4202 4208//4208 4207//4207
f 4202//4202 4203//4203 4209//4209 4208//4208
f 4203//4203 4204//4204 4210//4210 4209//4209
f 4204//4204 4205//4205 4211//4211 4210//4210
f 4205//4205 4206//4206 4212//4212 4211//4211
f 4206//4206 4201//4201 4207//4207 4212//4212
f 4214//4214 4219//4219 4213//4213
f 4215//4215 4219//4219 4214//4214
f 4216//4216 4219//4219 4215//4215
f 4217//4217 4219//4219 4216//4216
f 4218//4218 4219//4219 4217//4217
f 4213//4213 4219//4219 4218//4218
g part34
usemtl bone
v -0.02463 2.08882 0.15132
v -0.02795 2.08888 0.14946
v -0.02807 2.08806 0.14575
v -0.02487 2.08718 0.14390
v -0.02155 2.08712 0.14575
v -0.02143 2.08794 0.14946
v -0.02529 2.08429 0.15192
v -0.02826 2.08430 0.15027
v -0.02836 2.08357 0.14696
v -0.02550 2.08282 0.14530
v -0.02253 2.08281 0.14694
v -0.02243 2.08354 0.15025
v -0.02581 2.07972 0.15234
v -0.02827 2.07958 0.15101
v -0.02836 2.07897 0.14828
v -0.02598 2.07850 0.14688
v -0.02352 2.07864 0.14820
v -0.02343 2.07925 0.15093
v -0.02591 2.07502 0.15221
v -0.02736 2.07485 0.15145
v -0.02741 2.07449 0.14985
v -0.02602 2.07430 0.14900
v -0.02457 2.07447 0.14976
v -0.02452 2.07483 0.15137
v -0.02588 2.07028 0.15190
v -0.02615 2.07025 0.15176
v -0.02616 2.07018 0.15147
v -0.02590 2.07015 0.15131
v -0.02564 2.07019 0.15145
v -0.02563 2.07025 0.15174
v -0.02588 2.07028 0.15190
v -0.02615 2.07025 0.15176
v -0.02616 2.07018 0.15147
v -0.02590 2.07015 0.15131
v -0.02564 2.07019 0.15145
v -0.02563 2.07025 0.15174
v -0.02589 2.07022 0.15161
vn 0.0187 0.1292 0.9914
vn -0.8505 0.1466 0.5051
vn -0.8815 -0.0677 -0.4673
vn -0.0433 -0.2992 -0.9532
vn 0.8258 -0.3166 -0.4668
vn 0.8568 -0.1024 0.5054
vn 0.0175 0.1094 0.9938
vn -0.8517 0.1148 0.5113
vn -0.8827 -0.0995 -0.4592
vn -0.0445 -0.3190 -0.9467
vn 0.8242 -0.3250 -0.4637
vn 0.8552 -0.1110 0.5063
vn 0.0190 0.0301 0.9994
vn -0.8454 -0.0132 0.5340
vn -0.8762 -0.2268 -0.4252
vn -0.0425 -0.3966 -0.9170
vn 0.8201 -0.3528 -0.4505
vn 0.8508 -0.1396 0.5066
vn 0.0302 -0.0467 0.9985
vn -0.8207 -0.1421 0.5534
vn -0.8510 -0.3537 -0.3882
vn -0.0302 -0.4695 -0.8824
vn 0.8188 -0.3732 -0.4363
vn 0.8489 -0.1620 0.5031
vn 0.0345 -0.0651 0.9973
vn -0.8110 -0.1762 0.5578
vn -0.8411 -0.3871 -0.3778
vn -0.0256 -0.4867 -0.8732
vn 0.8193 -0.3755 -0.4333
vn 0.8493 -0.1648 0.5015
vn 0.0157 -0.9755 0.2194
vn 0.0157 -0.9755 0.2194
vn 0.0157 -0.9755 0.2194
vn 0.0157 -0.9755 0.2194
vn 0.0157 -0.9755 0.2194
vn 0.0157 -0.9755 0.2194
vn 0.0157 -0.9755 0.2194
f 4220//4220 4221//4221 4227//4227 4226//4226
f 4221//4221 4222//4222 4228//4228 4227//4227
f 4222//4222 4223//4223 4229//4229 4228//4228
f 4223//4223 4224//4224 4230//4230 4229//4229
f 4224//4224 4225//4225 4231//4231 4230//4230
f 4225//4225 4220//4220 4226//4226 4231//4231
f 4226//4226 4227//4227 4233//4233 4232//4232
f 4227//4227 4228//4228 4234//4234 4233//4233
f 4228//4228 4229//4229 4235//4235 4234//4234
f 4229//4229 4230//4230 4236//4236 4235//4235
f 4230//4230 4231//4231 4237//4237 4236//4236
f 4231//4231 4226//4226 4232//4232 4237//4237
f 4232//4232 4233//4233 4239//4239 4238//4238
f 4233//4233 4234//4234 4240//4240 4239//4239
f 4234//4234 4235//4235 4241//4241 4240//4240
f 4235//4235 4236//4236 4242//4242 4241//4241
f 4236//4236 4237//4237 4243//4243 4242//4242
f 4237//4237 4232//4232 4238//4238 4243//4243
f 4238//4238 4239//4239 4245//4245 4244//4244
f 4239//4239 4240//4240 4246//4246 4245//4245
f 4240//4240 4241//4241 4247//4247 4246//4246
f 4241//4241 4242//4242 4248//4248 4247//4247
f 4242//4242 4243//4243 4249//4249 4248//4248
f 4243//4243 4238//4238 4244//4244 4249//4249
f 4251//4251 4256//4256 4250//4250
f 4252//4252 4256//4256 4251//4251
f 4253//4253 4256//4256 4252//4252
f 4254//4254 4256//4256 4253//4253
f 4255//4255 4256//4256 4254//4254
f 4250//4250 4256//4256 4255//4255
g part35
usemtl bone
v -0.01648 2.08876 0.15380
v -0.01978 2.08848 0.15194
v -0.01980 2.08772 0.14821
v -0.01652 2.08724 0.14635
v -0.01322 2.08752 0.14821
v -0.01320 2.08828 0.15194
v -0.01663 2.08379 0.15440
v -0.01958 2.08353 0.15274
v -0.01960 2.08285 0.14942
v -0.01668 2.08243 0.14775
v -0.01373 2.08269 0.14941
v -0.01371 2.08337 0.15274
v -0.01676 2.07878 0.15482
v -0.01919 2.07853 0.15346
v -0.01921 2.07797 0.15071
v -0.01679 2.07766 0.14933
v -0.01436 2.07790 0.15070
v -0.01434 2.07846 0.15344
v -0.01678 2.07366 0.15469
v -0.01821 2.07349 0.15389
v -0.01822 2.07316 0.15228
v -0.01680 2.07300 0.15147
v -0.01537 2.07316 0.15226
v -0.01536 2.07349 0.15387
v -0.01677 2.06850 0.15437
v -0.01703 2.06846 0.15423
v -0.01703 2.06840 0.15393
v -0.01678 2.06838 0.15378
v -0.01651 2.06841 0.15393
v -0.01651 2.06847 0.15422
v -0.01677 2.06850 0.15437
v -0.01703 2.06846 0.15423
v -0.01703 2.06840 0.15393
v -0.01678 2.06838 0.15378
v -0.01651 2.06841 0.15393
v -0.01651 2.06847 0.15422
v -0.01677 2.06844 0.15408
vn 0.0038 0.1201 0.9928
vn -0.8621 0.0476 0.5045
vn -0.8684 -0.1518 -0.4721
vn -0.0088 -0.2788 -0.9603
vn 0.8571 -0.2064 -0.4720
vn 0.8634 -0.0070 0.5045
vn 0.0035 0.1016 0.9948
vn -0.8610 0.0266 0.5079
vn -0.8673 -0.1725 -0.4670
vn -0.0090 -0.2967 -0.9549
vn 0.8555 -0.2218 -0.4680
vn 0.8617 -0.0227 0.5069
vn 0.0038 0.0281 0.9996
vn -0.8523 -0.0570 0.5199
vn -0.8585 -0.2542 -0.4453
vn -0.0086 -0.3663 -0.9305
vn 0.8473 -0.2812 -0.4506
vn 0.8535 -0.0840 0.5143
vn 0.0061 -0.0437 0.9990
vn -0.8372 -0.1390 0.5290
vn -0.8433 -0.3333 -0.4216
vn -0.0061 -0.4323 -0.9017
vn 0.8369 -0.3369 -0.4315
vn 0.8430 -0.1426 0.5187
vn 0.0070 -0.0612 0.9981
vn -0.8324 -0.1594 0.5308
vn -0.8384 -0.3529 -0.4153
vn -0.0052 -0.4481 -0.8940
vn 0.8340 -0.3498 -0.4266
vn 0.8401 -0.1564 0.5194
vn 0.0034 -0.9797 0.2003
vn 0.0034 -0.9797 0.2003
vn 0.0034 -0.9797 0.2003
vn 0.0034 -0.9797 0.2003
vn 0.0034 -0.9797 0.2003
vn 0.0034 -0.9797 0.2003
vn 0.0034 -0.9797 0.2003
f 4257//4257 4258//4258 4264//4264 4263//4263
f 4258//4258 4259//4259 4265//4265 4264//4264
f 4259//4259 4260//4260 4266//4266 4265//4265
f 4260//4260 4261//4261 4267//4267 4266//4266
f 4261//4261 4262//4262 4268//4268 4267//4267
f 4262//4262 4257//4257 4263//4263 4268//4268
f 4263//4263 4264//4264 4270//4270 4269//4269
f 4264//4264 4265//4265 4271//4271 4270//4270
f 4265//4265 4266//4266 4272//4272 4271//4271
f 4266//4266 4267//4267 4273//4273 4272//4272
f 4267//4267 4268//4268 4274//4274 4273//4273
f 4268//4268 4263//4263 4269//4269 4274//4274
f 4269//4269 4270//4270 4276//4276 4275//4275
f 4270//4270 4271//4271 4277//4277 4276//4276
f 4271//4271 4272//4272 4278//4278 4277//4277
f 4272//4272 4273//4273 4279//4279 4278//4278
f 4273//4273 4274//4274 4280//4280 4279//4279
f 4274//4274 4269//4269 4275//4275 4280//4280
f 4275//4275 4276//4276 4282//4282 4281//4281
f 4276//4276 4277//4277 4283//4283 4282//4282
f 4277//4277 4278//4278 4284//4284 4283//4283
f 4278//4278 4279//4279 4285//4285 4284//4284
f 4279//4279 4280//4280 4286//4286 4285//4285
f 4280//4280 4275//4275 4281//4281 4286//4286
f 4288//4288 4293//4293 4287//4287
f 4289//4289 4293//4293 4288//4288
f 4290//4290 4293//4293 4289//4289
f 4291//4291 4293//4293 4290//4290
f 4292//4292 4293//4293 4291//4291
f 4287//4287 4293//4293 4292//4292
g part36
usemtl bone
v -0.00828 2.08872 0.15525
v -0.01155 2.08821 0.15339
v -0.01152 2.08748 0.14966
v -0.00822 2.08728 0.14779
v -0.00495 2.08779 0.14966
v -0.00498 2.08852 0.15339
v -0.00804 2.08351 0.15585
v -0.01096 2.08306 0.15419
v -0.01093 2.08242 0.15085
v -0.00798 2.08222 0.14919
v -0.00505 2.08267 0.15086
v -0.00509 2.08331 0.15419
v -0.00784 2.07827 0.15627
v -0.01025 2.07794 0.15489
v -0.01023 2.07741 0.15214
v -0.00779 2.07720 0.15077
v -0.00538 2.07752 0.15216
v -0.00540 2.07805 0.15491
v -0.00780 2.07291 0.15614
v -0.00922 2.07275 0.15532
v -0.00921 2.07244 0.15370
v -0.00777 2.07228 0.15291
v -0.00636 2.07244 0.15373
v -0.00637 2.07276 0.15534
v -0.00782 2.06752 0.15582
v -0.00808 2.06749 0.15567
v -0.00807 2.06743 0.15537
v -0.00781 2.06740 0.15523
v -0.00756 2.06743 0.15538
v -0.00756 2.06749 0.15567
v -0.00782 2.06752 0.15582
v -0.00808 2.06749 0.15567
v -0.00807 2.06743 0.15537
v -0.00781 2.06740 0.15523
v -0.00756 2.06743 0.15538
v -0.00756 2.06749 0.15567
v -0.00782 2.06746 0.15552
vn -0.0054 0.1143 0.9934
vn -0.8633 -0.0219 0.5041
vn -0.8543 -0.2121 -0.4745
vn 0.0126 -0.2660 -0.9639
vn 0.8706 -0.1297 -0.4746
vn 0.8615 0.0604 0.5041
vn -0.0051 0.0967 0.9953
vn -0.8618 -0.0354 0.5060
vn -0.8528 -0.2253 -0.4711
vn 0.0130 -0.2831 -0.9590
vn 0.8698 -0.1511 -0.4697
vn 0.8608 0.0388 0.5075
vn -0.0055 0.0265 0.9996
vn -0.8548 -0.0879 0.5115
vn -0.8458 -0.2762 -0.4564
vn 0.0124 -0.3502 -0.9366
vn 0.8620 -0.2358 -0.4487
vn 0.8531 -0.0474 0.5196
vn -0.0088 -0.0422 0.9991
vn -0.8465 -0.1377 0.5143
vn -0.8377 -0.3235 -0.4401
vn 0.0088 -0.4140 -0.9102
vn 0.8469 -0.3185 -0.4257
vn 0.8381 -0.1326 0.5292
vn -0.0101 -0.0590 0.9982
vn -0.8444 -0.1491 0.5146
vn -0.8356 -0.3343 -0.4360
vn 0.0075 -0.4294 -0.9031
vn 0.8419 -0.3393 -0.4196
vn 0.8331 -0.1541 0.5312
vn -0.0052 -0.9815 0.1912
vn -0.0052 -0.9815 0.1912
vn -0.0052 -0.9815 0.1912
vn -0.0052 -0.9815 0.1912
vn -0.0052 -0.9815 0.1912
vn -0.0052 -0.9815 0.1912
vn -0.0052 -0.9815 0.1912
f 4294//4294 4295//4295 4301//4301 4300//4300
f 4295//4295 4296//4296 4302//4302 4301//4301
f 4296//4296 4297//4297 4303//4303 4302//4302
f 4297//4297 4298//4298 4304//4304 4303//4303
f 4298//4298 4299//4299 4305//4305 4304//4304
f 4299//4299 4294//4294 4300//4300 4305//4305
f 4300//4300 4301//4301 4307//4307 4306//4306
f 4301//4301 4302//4302 4308//4308 4307//4307
f 4302//4302 4303//4303 4309//4309 4308//4308
f 4303//4303 4304//4304 4310//4310 4309//4309
f 4304//4304 4305//4305 4311//4311 4310//4310
f 4305//4305 4300//4300 4306//4306 4311//4311
f 4306//4306 4307//4307 4313//4313 4312//4312
f 4307//4307 4308//4308 4314//4314 4313//4313
f 4308//4308 4309//4309 4315//4315 4314//4314
f 4309//4309 4310//4310 4316//4316 4315//4315
f 4310//4310 4311//4311 4317//4317 4316//4316
f 4311//4311 4306//4306 4312//4312 4317//4317
f 4312//4312 4313//4313 4319//4319 4318//4318
f 4313//4313 4314//4314 4320//4320 4319//4319
f 4314//4314 4315//4315 4321//4321 4320//4320
f 4315//4315 4316//4316 4322//4322 4321//4321
f 4316//4316 4317//4317 4323//4323 4322//4322
f 4317//4317 4312//4312 4318//4318 4323//4323
f 4325//4325 4330//4330 4324//4324
f 4326//4326 4330//4330 4325//4325
f 4327//4327 4330//4330 4326//4326
f 4328//4328 4330//4330 4327//4327
f 4329//4329 4330//4330 4328//4328
f 4324//4324 4330//4330 4329//4329
g part37
usemtl bone
v 0.00017 2.08908 0.15564
v -0.00317 2.08904 0.15382
v -0.00334 2.08796 0.15018
v -0.00017 2.08692 0.14836
v 0.00317 2.08696 0.15018
v 0.00334 2.08804 0.15382
v -0.00036 2.08569 0.15625
v -0.00334 2.08560 0.15464
v -0.00349 2.08463 0.15139
v -0.00065 2.08375 0.14975
v 0.00233 2.08383 0.15136
v 0.00248 2.08480 0.15461
v -0.00077 2.08224 0.15668
v -0.00325 2.08202 0.15540
v -0.00338 2.08121 0.15272
v -0.00102 2.08063 0.15132
v 0.00146 2.08085 0.15260
v 0.00158 2.08166 0.15528
v -0.00088 2.07863 0.15657
v -0.00234 2.07841 0.15585
v -0.00241 2.07793 0.15427
v -0.00103 2.07767 0.15343
v 0.00043 2.07790 0.15415
v 0.00051 2.07837 0.15573
v -0.00088 2.07496 0.15629
v -0.00115 2.07491 0.15616
v -0.00116 2.07483 0.15587
v -0.00091 2.07478 0.15571
v -0.00064 2.07483 0.15584
v -0.00063 2.07491 0.15613
v -0.00088 2.07496 0.15629
v -0.00115 2.07491 0.15616
v -0.00116 2.07483 0.15587
v -0.00091 2.07478 0.15571
v -0.00064 2.07483 0.15584
v -0.00063 2.07491 0.15613
v -0.00090 2.07487 0.15600
vn 0.0266 0.1729 0.9846
vn -0.8453 0.1634 0.5087
vn -0.8888 -0.1196 -0.4425
vn -0.0604 -0.3931 -0.9175
vn 0.8111 -0.3837 -0.4414
vn 0.8546 -0.1008 0.5095
vn 0.0249 0.1469 0.9888
vn -0.8458 0.1263 0.5183
vn -0.8893 -0.1564 -0.4298
vn -0.0619 -0.4182 -0.9063
vn 0.8076 -0.3985 -0.4347
vn 0.8509 -0.1163 0.5122
vn 0.0266 0.0436 0.9987
vn -0.8327 -0.0232 0.5532
vn -0.8756 -0.3029 -0.3762
vn -0.0588 -0.5144 -0.8555
vn 0.7966 -0.4466 -0.4074
vn 0.8391 -0.1682 0.5173
vn 0.0414 -0.0543 0.9977
vn -0.7944 -0.1728 0.5822
vn -0.8361 -0.4467 -0.3184
vn -0.0414 -0.6007 -0.7984
vn 0.7902 -0.4806 -0.3804
vn 0.8314 -0.2080 0.5153
vn 0.0470 -0.0771 0.9959
vn -0.7798 -0.2129 0.5887
vn -0.8209 -0.4848 -0.3018
vn -0.0351 -0.6204 -0.7835
vn 0.7903 -0.4842 -0.3754
vn 0.8313 -0.2128 0.5135
vn 0.0163 -0.9565 0.2914
vn 0.0163 -0.9565 0.2914
vn 0.0163 -0.9565 0.2914
vn 0.0163 -0.9565 0.2914
vn 0.0163 -0.9565 0.2914
vn 0.0163 -0.9565 0.2914
vn 0.0163 -0.9565 0.2914
f 4331//4331 4332//4332 4338//4338 4337//4337
f 4332//4332 4333//4333 4339//4339 4338//4338
f 4333//4333 4334//4334 4340//4340 4339//4339
f 4334//4334 4335//4335 4341//4341 4340//4340
f 4335//4335 4336//4336 4342//4342 4341//4341
f 4336//4336 4331//4331 4337//4337 4342//4342
f 4337//4337 4338//4338 4344//4344 4343//4343
f 4338//4338 4339//4339 4345//4345 4344//4344
f 4339//4339 4340//4340 4346//4346 4345//4345
f 4340//4340 4341//4341 4347//4347 4346//4346
f 4341//4341 4342//4342 4348//4348 4347//4347
f 4342//4342 4337//4337 4343//4343 4348//4348
f 4343//4343 4344//4344 4350//4350 4349//4349
f 4344//4344 4345//4345 4351//4351 4350//4350
f 4345//4345 4346//4346 4352//4352 4351//4351
f 4346//4346 4347//4347 4353//4353 4352//4352
f 4347//4347 4348//4348 4354//4354 4353//4353
f 4348//4348 4343//4343 4349//4349 4354//4354
f 4349//4349 4350//4350 4356//4356 4355//4355
f 4350//4350 4351//4351 4357//4357 4356//4356
f 4351//4351 4352//4352 4358//4358 4357//4357
f 4352//4352 4353//4353 4359//4359 4358//4358
f 4353//4353 4354//4354 4360//4360 4359//4359
f 4354//4354 4349//4349 4355//4355 4360//4360
f 4362//4362 4367//4367 4361//4361
f 4363//4363 4367//4367 4362//4362
f 4364//4364 4367//4367 4363//4363
f 4365//4365 4367//4367 4364//4364
f 4366//4366 4367//4367 4365//4365
f 4361//4361 4367//4367 4366//4366
g part38
usemtl bone
v 0.00802 2.08897 0.15519
v 0.00493 2.08774 0.15336
v 0.00516 2.08677 0.14969
v 0.00848 2.08703 0.14786
v 0.01157 2.08826 0.14969
v 0.01134 2.08923 0.15336
v 0.00888 2.08529 0.15580
v 0.00611 2.08425 0.15414
v 0.00631 2.08338 0.15087
v 0.00929 2.08355 0.14925
v 0.01206 2.08459 0.15090
v 0.01186 2.08546 0.15418
v 0.00957 2.08158 0.15622
v 0.00724 2.08094 0.15479
v 0.00741 2.08020 0.15210
v 0.00990 2.08010 0.15083
v 0.01223 2.08074 0.15225
v 0.01206 2.08148 0.15495
v 0.00973 2.07770 0.15610
v 0.00836 2.07746 0.15523
v 0.00846 2.07702 0.15365
v 0.00993 2.07682 0.15294
v 0.01130 2.07706 0.15382
v 0.01120 2.07750 0.15540
v 0.00972 2.07376 0.15581
v 0.00947 2.07372 0.15565
v 0.00948 2.07364 0.15536
v 0.00975 2.07360 0.15523
v 0.01000 2.07364 0.15540
v 0.00999 2.07372 0.15568
v 0.00972 2.07376 0.15581
v 0.00947 2.07372 0.15565
v 0.00948 2.07364 0.15536
v 0.00975 2.07360 0.15523
v 0.01000 2.07364 0.15540
v 0.00999 2.07372 0.15568
v 0.00974 2.07368 0.15552
vn -0.0360 0.1544 0.9874
vn -0.8443 -0.1703 0.5081
vn -0.7851 -0.4243 -0.4513
vn 0.0825 -0.3537 -0.9317
vn 0.8913 -0.0294 -0.4525
vn 0.8320 0.2247 0.5072
vn -0.0337 0.1309 0.9908
vn -0.8422 -0.1786 0.5087
vn -0.7831 -0.4326 -0.4469
vn 0.0850 -0.3780 -0.9219
vn 0.8954 -0.0712 -0.4396
vn 0.8359 0.1835 0.5172
vn -0.0362 0.0363 0.9987
vn -0.8403 -0.1973 0.5050
vn -0.7818 -0.4515 -0.4300
vn 0.0815 -0.4736 -0.8770
vn 0.8909 -0.2398 -0.3856
vn 0.8318 0.0158 0.5549
vn -0.0574 -0.0532 0.9969
vn -0.8453 -0.2020 0.4946
vn -0.7883 -0.4552 -0.4140
vn 0.0574 -0.5609 -0.8259
vn 0.8512 -0.4109 -0.3265
vn 0.7934 -0.1562 0.5883
vn -0.0654 -0.0735 0.9951
vn -0.8488 -0.1969 0.4907
vn -0.7920 -0.4504 -0.4121
vn 0.0484 -0.5810 -0.8125
vn 0.8337 -0.4577 -0.3088
vn 0.7767 -0.2037 0.5960
vn -0.0250 -0.9628 0.2689
vn -0.0250 -0.9628 0.2689
vn -0.0250 -0.9628 0.2689
vn -0.0250 -0.9628 0.2689
vn -0.0250 -0.9628 0.2689
vn -0.0250 -0.9628 0.2689
vn -0.0250 -0.9628 0.2689
f 4368//4368 4369//4369 4375//4375 4374//4374
f 4369//4369 4370//4370 4376//4376 4375//4375
f 4370//4370 4371//4371 4377//4377 4376//4376
f 4371//4371 4372//4372 4378//4378 4377//4377
f 4372//4372 4373//4373 4379//4379 4378//4378
f 4373//4373 4368//4368 4374//4374 4379//4379
f 4374//4374 4375//4375 4381//4381 4380//4380
f 4375//4375 4376//4376 4382//4382 4381//4381
f 4376//4376 4377//4377 4383//4383 4382//4382
f 4377//4377 4378//4378 4384//4384 4383//4383
f 4378//4378 4379//4379 4385//4385 4384//4384
f 4379//4379 4374//4374 4380//4380 4385//4385
f 4380//4380 4381//4381 4387//4387 4386//4386
f 4381//4381 4382//4382 4388//4388 4387//4387
f 4382//4382 4383//4383 4389//4389 4388//4388
f 4383//4383 4384//4384 4390//4390 4389//4389
f 4384//4384 4385//4385 4391//4391 4390//4390
f 4385//4385 4380//4380 4386//4386 4391//4391
f 4386//4386 4387//4387 4393//4393 4392//4392
f 4387//4387 4388//4388 4394//4394 4393//4393
f 4388//4388 4389//4389 4395//4395 4394//4394
f 4389//4389 4390//4390 4396//4396 4395//4395
f 4390//4390 4391//4391 4397//4397 4396//4396
f 4391//4391 4386//4386 4392//4392 4397//4397
f 4399//4399 4404//4404 4398//4398
f 4400//4400 4404//4404 4399//4399
f 4401//4401 4404//4404 4400//4400
f 4402//4402 4404//4404 4401//4401
f 4403//4403 4404//4404 4402//4402
f 4398//4398 4404//4404 4403//4403
g part39
usemtl bone
v 0.01644 2.08859 0.15383
v 0.01320 2.08794 0.15195
v 0.01326 2.08735 0.14820
v 0.01656 2.08741 0.14632
v 0.01980 2.08806 0.14820
v 0.01974 2.08865 0.15195
v 0.01713 2.08218 0.15443
v 0.01423 2.08164 0.15275
v 0.01429 2.08112 0.14939
v 0.01725 2.08114 0.14772
v 0.02014 2.08168 0.14941
v 0.02009 2.08221 0.15276
v 0.01768 2.07575 0.15484
v 0.01528 2.07542 0.15344
v 0.01533 2.07498 0.15067
v 0.01777 2.07489 0.14931
v 0.02017 2.07522 0.15072
v 0.02012 2.07566 0.15348
v 0.01777 2.06924 0.15470
v 0.01636 2.06910 0.15386
v 0.01639 2.06885 0.15224
v 0.01783 2.06872 0.15145
v 0.01924 2.06886 0.15229
v 0.01921 2.06911 0.15391
v 0.01772 2.06269 0.15437
v 0.01746 2.06267 0.15422
v 0.01747 2.06262 0.15392
v 0.01773 2.06259 0.15378
v 0.01799 2.06261 0.15393
v 0.01798 2.06266 0.15423
v 0.01772 2.06269 0.15437
v 0.01746 2.06267 0.15422
v 0.01747 2.06262 0.15392
v 0.01773 2.06259 0.15378
v 0.01799 2.06261 0.15393
v 0.01798 2.06266 0.15423
v 0.01772 2.06264 0.15408
vn -0.0100 0.0920 0.9957
vn -0.8608 -0.0785 0.5028
vn -0.8442 -0.2322 -0.4832
vn 0.0234 -0.2154 -0.9762
vn 0.8743 -0.0449 -0.4833
vn 0.8576 0.1088 0.5027
vn -0.0094 0.0777 0.9969
vn -0.8602 -0.0835 0.5030
vn -0.8435 -0.2372 -0.4818
vn 0.0240 -0.2298 -0.9730
vn 0.8751 -0.0689 -0.4790
vn 0.8584 0.0848 0.5060
vn -0.0102 0.0204 0.9997
vn -0.8586 -0.1010 0.5027
vn -0.8419 -0.2545 -0.4758
vn 0.0231 -0.2867 -0.9578
vn 0.8719 -0.1651 -0.4610
vn 0.8553 -0.0115 0.5181
vn -0.0165 -0.0360 0.9992
vn -0.8579 -0.1162 0.5005
vn -0.8414 -0.2690 -0.4686
vn 0.0165 -0.3417 -0.9397
vn 0.8585 -0.2612 -0.4413
vn 0.8420 -0.1083 0.5285
vn -0.0189 -0.0497 0.9986
vn -0.8580 -0.1188 0.4997
vn -0.8416 -0.2715 -0.4669
vn 0.0140 -0.3551 -0.9347
vn 0.8533 -0.2860 -0.4359
vn 0.8369 -0.1333 0.5309
vn -0.0119 -0.9877 0.1558
vn -0.0119 -0.9877 0.1558
vn -0.0119 -0.9877 0.1558
vn -0.0119 -0.9877 0.1558
vn -0.0119 -0.9877 0.1558
vn -0.0119 -0.9877 0.1558
vn -0.0119 -0.9877 0.1558
f 4405//4405 4406//4406 4412//4412 4411//4411
f 4406//4406 4407//4407 4413//4413 4412//4412
f 4407//4407 4408//4408 4414//4414 4413//4413
f 4408//4408 4409//4409 4415//4415 4414//4414
f 4409//4409 4410//4410 4416//4416 4415//4415
f 4410//4410 4405//4405 4411//4411 4416//4416
f 4411//4411 4412//4412 4418//4418 4417//4417
f 4412//4412 4413//4413 4419//4419 4418//4418
f 4413//4413 4414//4414 4420//4420 4419//4419
f 4414//4414 4415//4415 4421//4421 4420//4420
f 4415//4415 4416//4416 4422//4422 4421//4421
f 4416//4416 4411//4411 4417//4417 4422//4422
f 4417//4417 4418//4418 4424//4424 4423//4423
f 4418//4418 4419//4419 4425//4425 4424//4424
f 4419//4419 4420//4420 4426//4426 4425//4425
f 4420//4420 4421//4421 4427//4427 4426//4426
f 4421//4421 4422//4422 4428//4428 4427//4427
f 4422//4422 4417//4417 4423//4423 4428//4428
f 4423//4423 4424//4424 4430//4430 4429//4429
f 4424//4424 4425//4425 4431//4431 4430//4430
f 4425//4425 4426//4426 4432//4432 4431//4431
f 4426//4426 4427//4427 4433//4433 4432//4432
f 4427//4427 4428//4428 4434//4434 4433//4433
f 4428//4428 4423//4423 4429//4429 4434//4434
f 4436//4436 4441//4441 4435//4435
f 4437//4437 4441//4441 4436//4436
f 4438//4438 4441//4441 4437//4437
f 4439//4439 4441//4441 4438//4438
f 4440//4440 4441//4441 4439//4439
f 4435//4435 4441//4441 4440//4440
g part40
usemtl bone
v 0.02467 2.08872 0.15134
v 0.02144 2.08801 0.14947
v 0.02152 2.08729 0.14574
v 0.02483 2.08728 0.14388
v 0.02806 2.08799 0.14574
v 0.02798 2.08871 0.14947
v 0.02523 2.08354 0.15194
v 0.02234 2.08293 0.15027
v 0.02241 2.08229 0.14694
v 0.02537 2.08225 0.14528
v 0.02826 2.08285 0.14695
v 0.02819 2.08349 0.15028
v 0.02567 2.07832 0.15236
v 0.02328 2.07793 0.15095
v 0.02334 2.07739 0.14821
v 0.02579 2.07725 0.14686
v 0.02818 2.07764 0.14826
v 0.02812 2.07817 0.15101
v 0.02576 2.07299 0.15222
v 0.02435 2.07282 0.15139
v 0.02438 2.07251 0.14977
v 0.02582 2.07236 0.14899
v 0.02723 2.07252 0.14983
v 0.02720 2.07284 0.15144
v 0.02572 2.06762 0.15190
v 0.02547 2.06759 0.15175
v 0.02547 2.06754 0.15145
v 0.02574 2.06751 0.15131
v 0.02599 2.06753 0.15147
v 0.02599 2.06759 0.15176
v 0.02572 2.06762 0.15190
v 0.02547 2.06759 0.15175
v 0.02547 2.06754 0.15145
v 0.02574 2.06751 0.15131
v 0.02599 2.06753 0.15147
v 0.02599 2.06759 0.15176
v 0.02573 2.06756 0.15161
vn -0.0123 0.1138 0.9934
vn -0.8604 -0.0739 0.5042
vn -0.8400 -0.2632 -0.4744
vn 0.0285 -0.2648 -0.9639
vn 0.8768 -0.0772 -0.4747
vn 0.8564 0.1121 0.5040
vn -0.0115 0.0962 0.9953
vn -0.8591 -0.0825 0.5051
vn -0.8387 -0.2717 -0.4719
vn 0.0293 -0.2823 -0.9589
vn 0.8772 -0.1039 -0.4687
vn 0.8568 0.0854 0.5085
vn -0.0125 0.0261 0.9996
vn -0.8547 -0.1139 0.5065
vn -0.8345 -0.3022 -0.4608
vn 0.0280 -0.3507 -0.9361
vn 0.8712 -0.2106 -0.4435
vn 0.8509 -0.0222 0.5249
vn -0.0200 -0.0424 0.9989
vn -0.8514 -0.1414 0.5051
vn -0.8315 -0.3280 -0.4484
vn 0.0200 -0.4158 -0.9092
vn 0.8525 -0.3166 -0.4160
vn 0.8325 -0.1298 0.5387
vn -0.0228 -0.0591 0.9980
vn -0.8510 -0.1465 0.5043
vn -0.8312 -0.3327 -0.4456
vn 0.0169 -0.4314 -0.9020
vn 0.8455 -0.3439 -0.4085
vn 0.8256 -0.1577 0.5417
vn -0.0118 -0.9813 0.1921
vn -0.0118 -0.9813 0.1921
vn -0.0118 -0.9813 0.1921
vn -0.0118 -0.9813 0.1921
vn -0.0118 -0.9813 0.1921
vn -0.0118 -0.9813 0.1921
vn -0.0118 -0.9813 0.1921
f 4442//4442 4443//4443 4449//4449 4448//4448
f 4443//4443 4444//4444 4450//4450 4449//4449
f 4444//4444 4445//4445 4451//4451 4450//4450
f 4445//4445 4446//4446 4452//4452 4451//4451
f 4446//4446 4447//4447 4453//4453 4452//4452
f 4447//4447 4442//4442 4448//4448 4453//4453
f 4448//4448 4449//4449 4455//4455 4454//4454
f 4449//4449 4450//4450 4456//4456 4455//4455
f 4450//4450 4451//4451 4457//4457 4456//4456
f 4451//4451 4452//4452 4458//4458 4457//4457
f 4452//4452 4453//4453 4459//4459 4458//4458
f 4453//4453 4448//4448 4454//4454 4459//4459
f 4454//4454 4455//4455 4461//4461 4460//4460
f 4455//4455 4456//4456 4462//4462 4461//4461
f 4456//4456 4457//4457 4463//4463 4462//4462
f 4457//4457 4458//4458 4464//4464 4463//4463
f 4458//4458 4459//4459 4465//4465 4464//4464
f 4459//4459 4454//4454 4460//4460 4465//4465
f 4460//4460 4461//4461 4467//4467 4466//4466
f 4461//4461 4462//4462 4468//4468 4467//4467
f 4462//4462 4463//4463 4469//4469 4468//4468
f 4463//4463 4464//4464 4470//4470 4469//4469
f 4464//4464 4465//4465 4471//4471 4470//4470
f 4465//4465 4460//4460 4466//4466 4471//4471
f 4473//4473 4478//4478 4472//4472
f 4474//4474 4478//4478 4473//4473
f 4475//4475 4478//4478 4474//4474
f 4476//4476 4478//4478 4475//4475
f 4477//4477 4478//4478 4476//4476
f 4472//4472 4478//4478 4477//4477
g part41
usemtl bone
v 0.03292 2.08868 0.14776
v 0.02969 2.08794 0.14589
v 0.02978 2.08726 0.14215
v 0.03308 2.08732 0.14028
v 0.03631 2.08806 0.14215
v 0.03622 2.08874 0.14589
v 0.03359 2.08323 0.14836
v 0.03070 2.08260 0.14668
v 0.03078 2.08199 0.14334
v 0.03374 2.08200 0.14168
v 0.03662 2.08263 0.14336
v 0.03655 2.08324 0.14669
v 0.03411 2.07774 0.14877
v 0.03172 2.07734 0.14737
v 0.03179 2.07684 0.14461
v 0.03424 2.07672 0.14327
v 0.03663 2.07711 0.14467
v 0.03656 2.07762 0.14742
v 0.03421 2.07214 0.14863
v 0.03281 2.07199 0.14779
v 0.03284 2.07169 0.14618
v 0.03428 2.07154 0.14540
v 0.03569 2.07170 0.14624
v 0.03565 2.07200 0.14786
v 0.03417 2.06651 0.14831
v 0.03391 2.06649 0.14816
v 0.03392 2.06643 0.14786
v 0.03418 2.06640 0.14772
v 0.03444 2.06643 0.14788
v 0.03443 2.06648 0.14817
v 0.03417 2.06651 0.14831
v 0.03391 2.06649 0.14816
v 0.03392 2.06643 0.14786
v 0.03418 2.06640 0.14772
v 0.03444 2.06643 0.14788
v 0.03443 2.06648 0.14817
v 0.03418 2.06646 0.14802
vn -0.0132 0.1077 0.9941
vn -0.8594 -0.0877 0.5038
vn -0.8374 -0.2671 -0.4770
vn 0.0308 -0.2511 -0.9675
vn 0.8770 -0.0557 -0.4772
vn 0.8550 0.1237 0.5036
vn -0.0124 0.0910 0.9958
vn -0.8584 -0.0942 0.5043
vn -0.8364 -0.2736 -0.4750
vn 0.0317 -0.2678 -0.9630
vn 0.8780 -0.0830 -0.4715
vn 0.8559 0.0964 0.5080
vn -0.0135 0.0243 0.9996
vn -0.8557 -0.1168 0.5042
vn -0.8338 -0.2957 -0.4662
vn 0.0303 -0.3336 -0.9422
vn 0.8734 -0.1924 -0.4473
vn 0.8515 -0.0133 0.5241
vn -0.0216 -0.0409 0.9989
vn -0.8544 -0.1356 0.5015
vn -0.8329 -0.3133 -0.4563
vn 0.0216 -0.3966 -0.9177
vn 0.8555 -0.3015 -0.4210
vn 0.8338 -0.1236 0.5380
vn -0.0247 -0.0567 0.9981
vn -0.8546 -0.1385 0.5004
vn -0.8331 -0.3160 -0.4540
vn 0.0183 -0.4117 -0.9111
vn 0.8486 -0.3299 -0.4137
vn 0.8270 -0.1523 0.5411
vn -0.0134 -0.9831 0.1825
vn -0.0134 -0.9831 0.1825
vn -0.0134 -0.9831 0.1825
vn -0.0134 -0.9831 0.1825
vn -0.0134 -0.9831 0.1825
vn -0.0134 -0.9831 0.1825
vn -0.0134 -0.9831 0.1825
f 4479//4479 4480//4480 4486//4486 4485//4485
f 4480//4480 4481//4481 4487//4487 4486//4486
f 4481//4481 4482//4482 4488//4488 4487//4487
f 4482//4482 4483//4483 4489//4489 4488//4488
f 4483//4483 4484//4484 4490//4490 4489//4489
f 4484//4484 4479//4479 4485//4485 4490//4490
f 4485//4485 4486//4486 4492//4492 4491//4491
f 4486//4486 4487//4487 4493//4493 4492//4492
f 4487//4487 4488//4488 4494//4494 4493//4493
f 4488//4488 4489//4489 4495//4495 4494//4494
f 4489//4489 4490//4490 4496//4496 4495//4495
f 4490//4490 4485//4485 4491//4491 4496//4496
f 4491//4491 4492//4492 4498//4498 4497//4497
f 4492//4492 4493//4493 4499//4499 4498//4498
f 4493//4493 4494//4494 4500//4500 4499//4499
f 4494//4494 4495//4495 4501//4501 4500//4500
f 4495//4495 4496//4496 4502//4502 4501//4501
f 4496//4496 4491//4491 4497//4497 4502//4502
f 4497//4497 4498//4498 4504//4504 4503//4503
f 4498//4498 4499//4499 4505//4505 4504//4504
f 4499//4499 4500//4500 4506//4506 4505//4505
f 4500//4500 4501//4501 4507//4507 4506//4506
f 4501//4501 4502//4502 4508//4508 4507//4507
f 4502//4502 4497//4497 4503//4503 4508//4508
f 4510//4510 4515//4515 4509//4509
f 4511//4511 4515//4515 4510//4510
f 4512//4512 4515//4515 4511//4511
f 4513//4513 4515//4515 4512//4512
f 4514//4514 4515//4515 4513//4513
f 4509//4509 4515//4515 4514//4514
g part42
usemtl bone
v 0.04106 2.08892 0.14282
v 0.03793 2.08780 0.14098
v 0.03812 2.08688 0.13730
v 0.04144 2.08708 0.13546
v 0.04457 2.08820 0.13730
v 0.04438 2.08912 0.14098
v 0.04187 2.08500 0.14343
v 0.03906 2.08405 0.14177
v 0.03923 2.08323 0.13848
v 0.04221 2.08334 0.13685
v 0.04501 2.08429 0.13851
v 0.04484 2.08512 0.14180
v 0.04251 2.08104 0.14385
v 0.04017 2.08045 0.14243
v 0.04031 2.07976 0.13972
v 0.04279 2.07965 0.13843
v 0.04513 2.08023 0.13985
v 0.04499 2.08093 0.14256
v 0.04265 2.07693 0.14373
v 0.04127 2.07671 0.14287
v 0.04136 2.07629 0.14128
v 0.04282 2.07610 0.14055
v 0.04420 2.07633 0.14142
v 0.04412 2.07674 0.14300
v 0.04263 2.07277 0.14343
v 0.04238 2.07273 0.14327
v 0.04240 2.07265 0.14298
v 0.04266 2.07261 0.14285
v 0.04292 2.07265 0.14301
v 0.04290 2.07273 0.14330
v 0.04263 2.07277 0.14343
v 0.04238 2.07273 0.14327
v 0.04240 2.07265 0.14298
v 0.04266 2.07261 0.14285
v 0.04292 2.07265 0.14301
v 0.04290 2.07273 0.14330
v 0.04265 2.07269 0.14314
vn -0.0301 0.1464 0.9888
vn -0.8488 -0.1496 0.5071
vn -0.7991 -0.3910 -0.4566
vn 0.0692 -0.3366 -0.9391
vn 0.8883 -0.0409 -0.4575
vn 0.8386 0.2006 0.5065
vn -0.0282 0.1241 0.9919
vn -0.8470 -0.1576 0.5078
vn -0.7973 -0.3991 -0.4528
vn 0.0712 -0.3594 -0.9304
vn 0.8913 -0.0798 -0.4463
vn 0.8416 0.1622 0.5152
vn -0.0303 0.0344 0.9989
vn -0.8442 -0.1788 0.5053
vn -0.7951 -0.4200 -0.4375
vn 0.0683 -0.4492 -0.8908
vn 0.8860 -0.2359 -0.3991
vn 0.8365 0.0064 0.5479
vn -0.0482 -0.0512 0.9975
vn -0.8468 -0.1888 0.4973
vn -0.7988 -0.4286 -0.4221
vn 0.0482 -0.5318 -0.8455
vn 0.8512 -0.3934 -0.3475
vn 0.8027 -0.1525 0.5765
vn -0.0549 -0.0711 0.9960
vn -0.8492 -0.1863 0.4942
vn -0.8014 -0.4260 -0.4198
vn 0.0407 -0.5510 -0.8335
vn 0.8364 -0.4359 -0.3324
vn 0.7885 -0.1958 0.5831
vn -0.0221 -0.9673 0.2527
vn -0.0221 -0.9673 0.2527
vn -0.0221 -0.9673 0.2527
vn -0.0221 -0.9673 0.2527
vn -0.0221 -0.9673 0.2527
vn -0.0221 -0.9673 0.2527
vn -0.0221 -0.9673 0.2527
f 4516//4516 4517//4517 4523//4523 4522//4522
f 4517//4517 4518//4518 4524//4524 4523//4523
f 4518//4518 4519//4519 4525//4525 4524//4524
f 4519//4519 4520//4520 4526//4526 4525//4525
f 4520//4520 4521//4521 4527//4527 4526//4526
f 4521//4521 4516//4516 4522//4522 4527//4527
f 4522//4522 4523//4523 4529//4529 4528//4528
f 4523//4523 4524//4524 4530//4530 4529//4529
f 4524//4524 4525//4525 4531//4531 4530//4530
f 4525//4525 4526//4526 4532//4532 4531//4531
f 4526//4526 4527//4527 4533//4533 4532//4532
f 4527//4527 4522//4522 4528//4528 4533//4533
f 4528//4528 4529//4529 4535//4535 4534//4534
f 4529//4529 4530//4530 4536//4536 4535//4535
f 4530//4530 4531//4531 4537//4537 4536//4536
f 4531//4531 4532//4532 4538//4538 4537//4537
f 4532//4532 4533//4533 4539//4539 4538//4538
f 4533//4533 4528//4528 4534//4534 4539//4539
f 4534//4534 4535//4535 4541//4541 4540//4540
f 4535//4535 4536//4536 4542//4542 4541//4541
f 4536//4536 4537//4537 4543//4543 4542//4542
f 4537//4537 4538//4538 4544//4544 4543//4543
f 4538//4538 4539//4539 4545//4545 4544//4544
f 4539//4539 4534//4534 4540//4540 4545//4545
f 4547//4547 4552//4552 4546//4546
f 4548//4548 4552//4552 4547//4547
f 4549//4549 4552//4552 4548//4548
f 4550//4550 4552//4552 4549//4549
f 4551//4551 4552//4552 4550//4550
f 4546//4546 4552//4552 4551//4551
g part43
usemtl bone
v 0.04943 2.08868 0.13643
v 0.04619 2.08799 0.13456
v 0.04626 2.08731 0.13082
v 0.04957 2.08732 0.12895
v 0.05281 2.08801 0.13082
v 0.05274 2.08869 0.13456
v 0.05001 2.08318 0.13703
v 0.04712 2.08260 0.13535
v 0.04718 2.08199 0.13202
v 0.05014 2.08196 0.13035
v 0.05303 2.08254 0.13203
v 0.05297 2.08315 0.13537
v 0.05047 2.07764 0.13744
v 0.04807 2.07727 0.13604
v 0.04812 2.07677 0.13329
v 0.05057 2.07663 0.13194
v 0.05297 2.07700 0.13334
v 0.05292 2.07751 0.13609
v 0.05055 2.07200 0.13731
v 0.04914 2.07185 0.13647
v 0.04918 2.07155 0.13486
v 0.05061 2.07141 0.13407
v 0.05202 2.07156 0.13491
v 0.05199 2.07186 0.13653
v 0.05051 2.06633 0.13699
v 0.05026 2.06630 0.13683
v 0.05026 2.06625 0.13654
v 0.05053 2.06622 0.13640
v 0.05078 2.06624 0.13655
v 0.05078 2.06630 0.13684
v 0.05051 2.06633 0.13699
v 0.05026 2.06630 0.13683
v 0.05026 2.06625 0.13654
v 0.05053 2.06622 0.13640
v 0.05078 2.06624 0.13655
v 0.05078 2.06630 0.13684
v 0.05052 2.06627 0.13669
vn -0.0113 0.1072 0.9942
vn -0.8608 -0.0733 0.5037
vn -0.8419 -0.2519 -0.4773
vn 0.0264 -0.2500 -0.9679
vn 0.8759 -0.0696 -0.4775
vn 0.8570 0.1091 0.5036
vn -0.0106 0.0906 0.9958
vn -0.8597 -0.0810 0.5044
vn -0.8408 -0.2595 -0.4751
vn 0.0271 -0.2665 -0.9635
vn 0.8764 -0.0953 -0.4721
vn 0.8575 0.0833 0.5076
vn -0.0115 0.0243 0.9996
vn -0.8560 -0.1090 0.5054
vn -0.8372 -0.2868 -0.4656
vn 0.0260 -0.3315 -0.9431
vn 0.8712 -0.1980 -0.4493
vn 0.8524 -0.0200 0.5225
vn -0.0185 -0.0406 0.9990
vn -0.8534 -0.1338 0.5039
vn -0.8349 -0.3102 -0.4547
vn 0.0185 -0.3936 -0.9191
vn 0.8542 -0.3002 -0.4245
vn 0.8357 -0.1236 0.5351
vn -0.0212 -0.0564 0.9982
vn -0.8531 -0.1384 0.5031
vn -0.8347 -0.3145 -0.4522
vn 0.0157 -0.4086 -0.9126
vn 0.8479 -0.3265 -0.4176
vn 0.8295 -0.1504 0.5379
vn -0.0115 -0.9834 0.1811
vn -0.0115 -0.9834 0.1811
vn -0.0115 -0.9834 0.1811
vn -0.0115 -0.9834 0.1811
vn -0.0115 -0.9834 0.1811
vn -0.0115 -0.9834 0.1811
vn -0.0115 -0.9834 0.1811
f 4553//4553 4554//4554 4560//4560 4559//4559
f 4554//4554 4555//4555 4561//4561 4560//4560
f 4555//4555 4556//4556 4562//4562 4561//4561
f 4556//4556 4557//4557 4563//4563 4562//4562
f 4557//4557 4558//4558 4564//4564 4563//4563
f 4558//4558 4553//4553 4559//4559 4564//4564
f 4559//4559 4560//4560 4566//4566 4565//4565
f 4560//4560 4561//4561 4567//4567 4566//4566
f 4561//4561 4562//4562 4568//4568 4567//4567
f 4562//4562 4563//4563 4569//4569 4568//4568
f 4563//4563 4564//4564 4570//4570 4569//4569
f 4564//4564 4559//4559 4565//4565 4570//4570
f 4565//4565 4566//4566 4572//4572 4571//4571
f 4566//4566 4567//4567 4573//4573 4572//4572
f 4567//4567 4568//4568 4574//4574 4573//4573
f 4568//4568 4569//4569 4575//4575 4574//4574
f 4569//4569 4570//4570 4576//4576 4575//4575
f 4570//4570 4565//4565 4571//4571 4576//4576
f 4571//4571 4572//4572 4578//4578 4577//4577
f 4572//4572 4573//4573 4579//4579 4578//4578
f 4573//4573 4574//4574 4580//4580 4579//4579
f 4574//4574 4575//4575 4581//4581 4580//4580
f 4575//4575 4576//4576 4582//4582 4581//4581
f 4576//4576 4571//4571 4577//4577 4582//4582
f 4584//4584 4589//4589 4583//4583
f 4585//4585 4589//4589 4584//4584
f 4586//4586 4589//4589 4585//4585
f 4587//4587 4589//4589 4586//4586
f 4588//4588 4589//4589 4587//4587
f 4583//4583 4589//4589 4588//4588
g part44
usemtl bone
v 0.05778 2.08882 0.12785
v 0.05448 2.08853 0.12599
v 0.05445 2.08771 0.12228
v 0.05772 2.08718 0.12043
v 0.06102 2.08747 0.12228
v 0.06105 2.08829 0.12599
v 0.05762 2.08421 0.12845
v 0.05467 2.08394 0.12679
v 0.05464 2.08321 0.12348
v 0.05757 2.08275 0.12182
v 0.06052 2.08302 0.12348
v 0.06054 2.08375 0.12679
v 0.05749 2.07957 0.12887
v 0.05505 2.07930 0.12751
v 0.05503 2.07870 0.12478
v 0.05745 2.07836 0.12340
v 0.05988 2.07862 0.12476
v 0.05990 2.07922 0.12749
v 0.05746 2.07480 0.12874
v 0.05603 2.07462 0.12795
v 0.05602 2.07427 0.12634
v 0.05744 2.07409 0.12553
v 0.05887 2.07426 0.12632
v 0.05888 2.07462 0.12793
v 0.05747 2.06999 0.12843
v 0.05721 2.06995 0.12828
v 0.05721 2.06989 0.12799
v 0.05747 2.06986 0.12784
v 0.05773 2.06989 0.12799
v 0.05773 2.06996 0.12828
v 0.05747 2.06999 0.12843
v 0.05721 2.06995 0.12828
v 0.05721 2.06989 0.12799
v 0.05747 2.06986 0.12784
v 0.05773 2.06989 0.12799
v 0.05773 2.06996 0.12828
v 0.05747 2.06992 0.12814
vn 0.0045 0.1297 0.9915
vn -0.8614 0.0526 0.5052
vn -0.8689 -0.1623 -0.4675
vn -0.0105 -0.3002 -0.9538
vn 0.8554 -0.2232 -0.4674
vn 0.8629 -0.0082 0.5052
vn 0.0043 0.1098 0.9939
vn -0.8601 0.0300 0.5092
vn -0.8677 -0.1845 -0.4616
vn -0.0108 -0.3193 -0.9476
vn 0.8535 -0.2396 -0.4627
vn 0.8610 -0.0250 0.5080
vn 0.0046 0.0308 0.9995
vn -0.8501 -0.0599 0.5232
vn -0.8576 -0.2721 -0.4365
vn -0.0103 -0.3935 -0.9193
vn 0.8441 -0.3027 -0.4427
vn 0.8515 -0.0905 0.5165
vn 0.0073 -0.0460 0.9989
vn -0.8326 -0.1479 0.5337
vn -0.8399 -0.3565 -0.4091
vn -0.0073 -0.4631 -0.8863
vn 0.8322 -0.3611 -0.4208
vn 0.8395 -0.1526 0.5215
vn 0.0083 -0.0647 0.9979
vn -0.8270 -0.1699 0.5359
vn -0.8343 -0.3774 -0.4019
vn -0.0062 -0.4797 -0.8774
vn 0.8290 -0.3745 -0.4153
vn 0.8363 -0.1670 0.5222
vn 0.0038 -0.9764 0.2160
vn 0.0038 -0.9764 0.2160
vn 0.0038 -0.9764 0.2160
vn 0.0038 -0.9764 0.2160
vn 0.0038 -0.9764 0.2160
vn 0.0038 -0.9764 0.2160
vn 0.0038 -0.9764 0.2160
f 4590//4590 4591//4591 4597//4597 4596//4596
f 4591//4591 4592//4592 4598//4598 4597//4597
f 4592//4592 4593//4593 4599//4599 4598//4598
f 4593//4593 4594//4594 4600//4600 4599//4599
f 4594//4594 4595//4595 4601//4601 4600//4600
f 4595//4595 4590//4590 4596//4596 4601//4601
f 4596//4596 4597//4597 4603//4603 4602//4602
f 4597//4597 4598//4598 4604//4604 4603//4603
f 4598//4598 4599//4599 4605//4605 4604//4604
f 4599//4599 4600//4600 4606//4606 4605//4605
f 4600//4600 4601//4601 4607//4607 4606//4606
f 4601//4601 4596//4596 4602//4602 4607//4607
f 4602//4602 4603//4603 4609//4609 4608//4608
f 4603//4603 4604//4604 4610//4610 4609//4609
f 4604//4604 4605//4605 4611//4611 4610//4610
f 4605//4605 4606//4606 4612//4612 4611//4611
f 4606//4606 4607//4607 4613//4613 4612//4612
f 4607//4607 4602//4602 4608//4608 4613//4613
f 4608//4608 4609//4609 4615//4615 4614//4614
f 4609//4609 4610//4610 4616//4616 4615//4615
f 4610//4610 4611//4611 4617//4617 4616//4616
f 4611//4611 4612//4612 4618//4618 4617//4617
f 4612//4612 4613//4613 4619//4619 4618//4618
f 4613//4613 4608//4608 4614//4614 4619//4619
f 4621//4621 4626//4626 4620//4620
f 4622//4622 4626//4626 4621//4621
f 4623//4623 4626//4626 4622//4622
f 4624//4624 4626//4626 4623//4623
f 4625//4625 4626//4626 4624//4624
f 4620//4620 4626//4626 4625//4625
g part45
usemtl bone
v 0.06604 2.08891 0.11599
v 0.06273 2.08858 0.11414
v 0.06269 2.08767 0.11045
v 0.06596 2.08709 0.10861
v 0.06927 2.08742 0.11045
v 0.06931 2.08833 0.11414
v 0.06587 2.08474 0.11660
v 0.06292 2.08444 0.11495
v 0.06289 2.08363 0.11165
v 0.06581 2.08312 0.11000
v 0.06876 2.08342 0.11165
v 0.06880 2.08423 0.11494
v 0.06575 2.08053 0.11702
v 0.06331 2.08024 0.11567
v 0.06328 2.07957 0.11295
v 0.06569 2.07919 0.11158
v 0.06813 2.07948 0.11293
v 0.06816 2.08015 0.11565
v 0.06572 2.07618 0.11690
v 0.06429 2.07599 0.11611
v 0.06427 2.07560 0.11451
v 0.06569 2.07540 0.11370
v 0.06712 2.07559 0.11449
v 0.06713 2.07598 0.11609
v 0.06572 2.07179 0.11659
v 0.06546 2.07176 0.11645
v 0.06546 2.07169 0.11616
v 0.06572 2.07165 0.11601
v 0.06598 2.07169 0.11615
v 0.06598 2.07176 0.11644
v 0.06572 2.07179 0.11659
v 0.06546 2.07176 0.11645
v 0.06546 2.07169 0.11616
v 0.06572 2.07165 0.11601
v 0.06598 2.07169 0.11615
v 0.06598 2.07176 0.11644
v 0.06572 2.07172 0.11630
vn 0.0056 0.1436 0.9896
vn -0.8604 0.0587 0.5063
vn -0.8696 -0.1785 -0.4604
vn -0.0128 -0.3307 -0.9436
vn 0.8531 -0.2459 -0.4602
vn 0.8623 -0.0087 0.5064
vn 0.0052 0.1217 0.9926
vn -0.8588 0.0340 0.5111
vn -0.8680 -0.2027 -0.4533
vn -0.0131 -0.3516 -0.9361
vn 0.8508 -0.2639 -0.4545
vn 0.8599 -0.0272 0.5097
vn 0.0056 0.0350 0.9994
vn -0.8468 -0.0644 0.5281
vn -0.8558 -0.2979 -0.4229
vn -0.0125 -0.4319 -0.9019
vn 0.8393 -0.3324 -0.4302
vn 0.8484 -0.0991 0.5201
vn 0.0089 -0.0489 0.9988
vn -0.8258 -0.1601 0.5408
vn -0.8346 -0.3888 -0.3901
vn -0.0089 -0.5062 -0.8623
vn 0.8251 -0.3949 -0.4040
vn 0.8340 -0.1664 0.5262
vn 0.0101 -0.0693 0.9975
vn -0.8191 -0.1840 0.5434
vn -0.8279 -0.4113 -0.3814
vn -0.0075 -0.5238 -0.8518
vn 0.8214 -0.4090 -0.3976
vn 0.8302 -0.1818 0.5270
vn 0.0042 -0.9711 0.2386
vn 0.0042 -0.9711 0.2386
vn 0.0042 -0.9711 0.2386
vn 0.0042 -0.9711 0.2386
vn 0.0042 -0.9711 0.2386
vn 0.0042 -0.9711 0.2386
vn 0.0042 -0.9711 0.2386
f 4627//4627 4628//4628 4634//4634 4633//4633
f 4628//4628 4629//4629 4635//4635 4634//4634
f 4629//4629 4630//4630 4636//4636 4635//4635
f 4630//4630 4631//4631 4637//4637 4636//4636
f 4631//4631 4632//4632 4638//4638 4637//4637
f 4632//4632 4627//4627 4633//4633 4638//4638
f 4633//4633 4634//4634 4640//4640 4639//4639
f 4634//4634 4635//4635 4641//4641 4640//4640
f 4635//4635 4636//4636 4642//4642 4641//4641
f 4636//4636 4637//4637 4643//4643 4642//4642
f 4637//4637 4638//4638 4644//4644 4643//4643
f 4638//4638 4633//4633 4639//4639 4644//4644
f 4639//4639 4640//4640 4646//4646 4645//4645
f 4640//4640 4641//4641 4647//4647 4646//4646
f 4641//4641 4642//4642 4648//4648 4647//4647
f 4642//4642 4643//4643 4649//4649 4648//4648
f 4643//4643 4644//4644 4650//4650 4649//4649
f 4644//4644 4639//4639 4645//4645 4650//4650
f 4645//4645 4646//4646 4652//4652 4651//4651
f 4646//4646 4647//4647 4653//4653 4652//4652
f 4647//4647 4648//4648 4654//4654 4653//4653
f 4648//4648 4649//4649 4655//4655 4654//4654
f 4649//4649 4650//4650 4656//4656 4655//4655
f 4650//4650 4645//4645 4651//4651 4656//4656
f 4658//4658 4663//4663 4657//4657
f 4659//4659 4663//4663 4658//4658
f 4660//4660 4663//4663 4659//4659
f 4661//4661 4663//4663 4660//4660
f 4662//4662 4663//4663 4661//4661
f 4657//4657 4663//4663 4662//4662
g part46
usemtl bone
v -0.06581 2.05511 0.11599
v -0.06269 2.05625 0.11414
v -0.06288 2.05715 0.11046
v -0.06619 2.05689 0.10861
v -0.06931 2.05575 0.11046
v -0.06912 2.05485 0.11414
v -0.06669 2.05916 0.11659
v -0.06389 2.06012 0.11493
v -0.06406 2.06092 0.11164
v -0.06703 2.06075 0.11001
v -0.06983 2.05979 0.11167
v -0.06966 2.05899 0.11496
v -0.06739 2.06324 0.11701
v -0.06505 2.06383 0.11559
v -0.06519 2.06450 0.11288
v -0.06768 2.06458 0.11159
v -0.07001 2.06400 0.11301
v -0.06987 2.06333 0.11572
v -0.06754 2.06747 0.11689
v -0.06616 2.06768 0.11602
v -0.06625 2.06809 0.11443
v -0.06771 2.06827 0.11371
v -0.06909 2.06805 0.11458
v -0.06901 2.06765 0.11617
v -0.06752 2.07175 0.11659
v -0.06726 2.07178 0.11643
v -0.06728 2.07186 0.11614
v -0.06755 2.07190 0.11601
v -0.06780 2.07186 0.11617
v -0.06778 2.07179 0.11646
v -0.06752 2.07175 0.11659
v -0.06726 2.07178 0.11643
v -0.06728 2.07186 0.11614
v -0.06755 2.07190 0.11601
v -0.06780 2.07186 0.11617
v -0.06778 2.07179 0.11646
v -0.06753 2.07182 0.11630
vn 0.0307 -0.1411 0.9895
vn 0.8471 0.1603 0.5067
vn 0.7964 0.3934 -0.4594
vn -0.0708 0.3251 -0.9430
vn -0.8875 0.0240 -0.4603
vn -0.8367 -0.2092 0.5061
vn 0.0288 -0.1195 0.9924
vn 0.8457 0.1668 0.5070
vn 0.7950 0.4000 -0.4561
vn -0.0728 0.3475 -0.9349
vn -0.8911 0.0633 -0.4493
vn -0.8403 -0.1704 0.5147
vn 0.0310 -0.0326 0.9990
vn 0.8450 0.1811 0.5031
vn 0.7948 0.4148 -0.4430
vn -0.0700 0.4358 -0.8973
vn -0.8878 0.2218 -0.4033
vn -0.8371 -0.0129 0.5469
vn 0.0494 0.0504 0.9975
vn 0.8497 0.1845 0.4939
vn 0.8005 0.4176 -0.4298
vn -0.0494 0.5176 -0.8542
vn -0.8540 0.3824 -0.3529
vn -0.8043 0.1483 0.5754
vn 0.0564 0.0697 0.9960
vn 0.8525 0.1804 0.4906
vn 0.8035 0.4137 -0.4281
vn -0.0417 0.5366 -0.8428
vn -0.8392 0.4259 -0.3381
vn -0.7901 0.1923 0.5820
vn 0.0234 0.9692 0.2450
vn 0.0234 0.9692 0.2450
vn 0.0234 0.9692 0.2450
vn 0.0234 0.9692 0.2450
vn 0.0234 0.9692 0.2450
vn 0.0234 0.9692 0.2450
vn 0.0234 0.9692 0.2450
f 4664//4664 4665//4665 4671//4671 4670//4670
f 4665//4665 4666//4666 4672//4672 4671//4671
f 4666//4666 4667//4667 4673//4673 4672//4672
f 4667//4667 4668//4668 4674//4674 4673//4673
f 4668//4668 4669//4669 4675//4675 4674//4674
f 4669//4669 4664//4664 4670//4670 4675//4675
f 4670//4670 4671//4671 4677//4677 4676//4676
f 4671//4671 4672//4672 4678//4678 4677//4677
f 4672//4672 4673//4673 4679//4679 4678//4678
f 4673//4673 4674//4674 4680//4680 4679//4679
f 4674//4674 4675//4675 4681//4681 4680//4680
f 4675//4675 4670//4670 4676//4676 4681//4681
f 4676//4676 4677//4677 4683//4683 4682//4682
f 4677//4677 4678//4678 4684//4684 4683//4683
f 4678//4678 4679//4679 4685//4685 4684//4684
f 4679//4679 4680//4680 4686//4686 4685//4685
f 4680//4680 4681//4681 4687//4687 4686//4686
f 4681//4681 4676//4676 4682//4682 4687//4687
f 4682//4682 4683//4683 4689//4689 4688//4688
f 4683//4683 4684//4684 4690//4690 4689//4689
f 4684//4684 4685//4685 4691//4691 4690//4690
f 4685//4685 4686//4686 4692//4692 4691//4691
f 4686//4686 4687//4687 4693//4693 4692//4692
f 4687//4687 4682//4682 4688//4688 4693//4693
f 4695//4695 4700//4700 4694//4694
f 4696//4696 4700//4700 4695//4695
f 4697//4697 4700//4700 4696//4696
f 4698//4698 4700//4700 4697//4697
f 4699//4699 4700//4700 4698//4698
f 4694//4694 4700//4700 4699//4699
g part47
usemtl bone
v -0.05784 2.05528 0.12787
v -0.05453 2.05521 0.12600
v -0.05444 2.05593 0.12227
v -0.05766 2.05672 0.12041
v -0.06097 2.05679 0.12227
v -0.06106 2.05607 0.12600
v -0.05716 2.06045 0.12847
v -0.05420 2.06043 0.12681
v -0.05412 2.06107 0.12348
v -0.05699 2.06174 0.12180
v -0.05996 2.06176 0.12346
v -0.06004 2.06112 0.12679
v -0.05663 2.06565 0.12888
v -0.05417 2.06577 0.12754
v -0.05410 2.06631 0.12479
v -0.05649 2.06672 0.12339
v -0.05894 2.06660 0.12473
v -0.05901 2.06607 0.12748
v -0.05652 2.07097 0.12875
v -0.05508 2.07112 0.12798
v -0.05504 2.07143 0.12636
v -0.05644 2.07160 0.12552
v -0.05788 2.07145 0.12629
v -0.05793 2.07113 0.12791
v -0.05656 2.07632 0.12843
v -0.05630 2.07635 0.12829
v -0.05629 2.07641 0.12800
v -0.05655 2.07643 0.12784
v -0.05681 2.07640 0.12798
v -0.05682 2.07635 0.12828
v -0.05656 2.07632 0.12843
v -0.05630 2.07635 0.12829
v -0.05629 2.07641 0.12800
v -0.05655 2.07643 0.12784
v -0.05681 2.07640 0.12798
v -0.05682 2.07635 0.12828
v -0.05656 2.07638 0.12814
vn -0.0150 -0.1135 0.9934
vn 0.8535 -0.1324 0.5040
vn 0.8784 0.0564 -0.4747
vn 0.0348 0.2641 -0.9639
vn -0.8335 0.2831 -0.4744
vn -0.8584 0.0943 0.5042
vn -0.0140 -0.0960 0.9953
vn 0.8546 -0.1036 0.5089
vn 0.8795 0.0853 -0.4683
vn 0.0357 0.2817 -0.9588
vn -0.8325 0.2899 -0.4722
vn -0.8573 0.1011 0.5047
vn -0.0152 -0.0258 0.9996
vn 0.8498 0.0122 0.5269
vn 0.8746 0.2007 -0.4414
vn 0.0342 0.3510 -0.9358
vn -0.8297 0.3125 -0.4625
vn -0.8544 0.1243 0.5045
vn -0.0244 0.0426 0.9988
vn 0.8302 0.1288 0.5424
vn 0.8546 0.3160 -0.4121
vn 0.0244 0.4168 -0.9087
vn -0.8289 0.3300 -0.4516
vn -0.8533 0.1430 0.5015
vn -0.0279 0.0591 0.9979
vn 0.8225 0.1593 0.5460
vn 0.8468 0.3461 -0.4039
vn 0.0207 0.4326 -0.9014
vn -0.8293 0.3323 -0.4492
vn -0.8536 0.1456 0.5002
vn -0.0144 0.9812 0.1926
vn -0.0144 0.9812 0.1926
vn -0.0144 0.9812 0.1926
vn -0.0144 0.9812 0.1926
vn -0.0144 0.9812 0.1926
vn -0.0144 0.9812 0.1926
vn -0.0144 0.9812 0.1926
f 4701//4701 4702//4702 4708//4708 4707//4707
f 4702//4702 4703//4703 4709//4709 4708//4708
f 4703//4703 4704//4704 4710//4710 4709//4709
f 4704//4704 4705//4705 4711//4711 4710//4710
f 4705//4705 4706//4706 4712//4712 4711//4711
f 4706//4706 4701//4701 4707//4707 4712//4712
f 4707//4707 4708//4708 4714//4714 4713//4713
f 4708//4708 4709//4709 4715//4715 4714//4714
f 4709//4709 4710//4710 4716//4716 4715//4715
f 4710//4710 4711//4711 4717//4717 4716//4716
f 4711//4711 4712//4712 4718//4718 4717//4717
f 4712//4712 4707//4707 4713//4713 4718//4718
f 4713//4713 4714//4714 4720//4720 4719//4719
f 4714//4714 4715//4715 4721//4721 4720//4720
f 4715//4715 4716//4716 4722//4722 4721//4721
f 4716//4716 4717//4717 4723//4723 4722//4722
f 4717//4717 4718//4718 4724//4724 4723//4723
f 4718//4718 4713//4713 4719//4719 4724//4724
f 4719//4719 4720//4720 4726//4726 4725//4725
f 4720//4720 4721//4721 4727//4727 4726//4726
f 4721//4721 4722//4722 4728//4728 4727//4727
f 4722//4722 4723//4723 4729//4729 4728//4728
f 4723//4723 4724//4724 4730//4730 4729//4729
f 4724//4724 4719//4719 4725//4725 4730//4730
f 4732//4732 4737//4737 4731//4731
f 4733//4733 4737//4737 4732//4732
f 4734//4734 4737//4737 4733//4733
f 4735//4735 4737//4737 4734//4734
f 4736//4736 4737//4737 4735//4735
f 4731//4731 4737//4737 4736//4736
g part48
usemtl bone
v -0.04953 2.05545 0.13645
v -0.04623 2.05552 0.13457
v -0.04620 2.05607 0.13081
v -0.04947 2.05655 0.12893
v -0.05277 2.05648 0.13081
v -0.05280 2.05593 0.13457
v -0.04910 2.06235 0.13705
v -0.04615 2.06243 0.13537
v -0.04612 2.06292 0.13201
v -0.04904 2.06332 0.13033
v -0.05199 2.06324 0.13201
v -0.05202 2.06275 0.13537
v -0.04876 2.06926 0.13746
v -0.04633 2.06940 0.13609
v -0.04630 2.06980 0.13332
v -0.04871 2.07007 0.13192
v -0.05115 2.06994 0.13329
v -0.05117 2.06954 0.13606
v -0.04870 2.07627 0.13732
v -0.04727 2.07638 0.13652
v -0.04726 2.07662 0.13489
v -0.04867 2.07674 0.13406
v -0.05010 2.07663 0.13486
v -0.05012 2.07639 0.13649
v -0.04874 2.08330 0.13699
v -0.04848 2.08332 0.13684
v -0.04848 2.08336 0.13654
v -0.04873 2.08338 0.13639
v -0.04899 2.08336 0.13654
v -0.04900 2.08332 0.13684
v -0.04874 2.08330 0.13699
v -0.04848 2.08332 0.13684
v -0.04848 2.08336 0.13654
v -0.04873 2.08338 0.13639
v -0.04899 2.08336 0.13654
v -0.04900 2.08332 0.13684
v -0.04874 2.08334 0.13669
vn -0.0054 -0.0861 0.9963
vn 0.8619 -0.0685 0.5024
vn 0.8710 0.0755 -0.4855
vn 0.0127 0.2018 -0.9793
vn -0.8547 0.1843 -0.4854
vn -0.8637 0.0403 0.5024
vn -0.0051 -0.0727 0.9973
vn 0.8619 -0.0494 0.5047
vn 0.8709 0.0945 -0.4823
vn 0.0130 0.2151 -0.9765
vn -0.8539 0.1920 -0.4838
vn -0.8629 0.0481 0.5031
vn -0.0055 -0.0191 0.9998
vn 0.8579 0.0269 0.5132
vn 0.8669 0.1702 -0.4686
vn 0.0125 0.2676 -0.9634
vn -0.8507 0.2216 -0.4767
vn -0.8597 0.0782 0.5048
vn -0.0089 0.0338 0.9994
vn 0.8478 0.1029 0.5202
vn 0.8568 0.2454 -0.4536
vn 0.0089 0.3186 -0.9478
vn -0.8476 0.2493 -0.4685
vn -0.8565 0.1069 0.5050
vn -0.0102 0.0468 0.9989
vn 0.8443 0.1223 0.5217
vn 0.8532 0.2645 -0.4495
vn 0.0076 0.3311 -0.9436
vn -0.8469 0.2556 -0.4664
vn -0.8558 0.1134 0.5048
vn -0.0069 0.9894 0.1448
vn -0.0069 0.9894 0.1448
vn -0.0069 0.9894 0.1448
vn -0.0069 0.9894 0.1448
vn -0.0069 0.9894 0.1448
vn -0.0069 0.9894 0.1448
vn -0.0069 0.9894 0.1448
f 4738//4738 4739//4739 4745//4745 4744//4744
f 4739//4739 4740//4740 4746//4746 4745//4745
f 4740//4740 4741//4741 4747//4747 4746//4746
f 4741//4741 4742//4742 4748//4748 4747//4747
f 4742//4742 4743//4743 4749//4749 4748//4748
f 4743//4743 4738//4738 4744//4744 4749//4749
f 4744//4744 4745//4745 4751//4751 4750//4750
f 4745//4745 4746//4746 4752//4752 4751//4751
f 4746//4746 4747//4747 4753//4753 4752//4752
f 4747//4747 4748//4748 4754//4754 4753//4753
f 4748//4748 4749//4749 4755//4755 4754//4754
f 4749//4749 4744//4744 4750//4750 4755//4755
f 4750//4750 4751//4751 4757//4757 4756//4756
f 4751//4751 4752//4752 4758//4758 4757//4757
f 4752//4752 4753//4753 4759//4759 4758//4758
f 4753//4753 4754//4754 4760//4760 4759//4759
f 4754//4754 4755//4755 4761//4761 4760//4760
f 4755//4755 4750//4750 4756//4756 4761//4761
f 4756//4756 4757//4757 4763//4763 4762//4762
f 4757//4757 4758//4758 4764//4764 4763//4763
f 4758//4758 4759//4759 4765//4765 4764//4764
f 4759//4759 4760//4760 4766//4766 4765//4765
f 4760//4760 4761//4761 4767//4767 4766//4766
f 4761//4761 4756//4756 4762//4762 4767//4767
f 4769//4769 4774//4774 4768//4768
f 4770//4770 4774//4774 4769//4769
f 4771//4771 4774//4774 4770//4770
f 4772//4772 4774//4774 4771//4771
f 4773//4773 4774//4774 4772//4772
f 4768//4768 4774//4774 4773//4773
g part49
usemtl bone
v -0.04135 2.05519 0.14285
v -0.03803 2.05519 0.14100
v -0.03793 2.05600 0.13729
v -0.04115 2.05681 0.13543
v -0.04447 2.05681 0.13729
v -0.04457 2.05600 0.14100
v -0.04078 2.05977 0.14345
v -0.03782 2.05981 0.14181
v -0.03772 2.06054 0.13849
v -0.04060 2.06122 0.13683
v -0.04357 2.06119 0.13848
v -0.04366 2.06046 0.14179
v -0.04033 2.06439 0.14387
v -0.03787 2.06455 0.14254
v -0.03780 2.06515 0.13981
v -0.04018 2.06560 0.13841
v -0.04264 2.06544 0.13974
v -0.04271 2.06483 0.14247
v -0.04024 2.06913 0.14374
v -0.03879 2.06930 0.14298
v -0.03875 2.06966 0.14138
v -0.04015 2.06985 0.14054
v -0.04160 2.06968 0.14130
v -0.04164 2.06932 0.14291
v -0.04026 2.07392 0.14343
v -0.04000 2.07396 0.14329
v -0.03999 2.07402 0.14300
v -0.04025 2.07405 0.14285
v -0.04051 2.07402 0.14299
v -0.04052 2.07395 0.14328
v -0.04026 2.07392 0.14343
v -0.04000 2.07396 0.14329
v -0.03999 2.07402 0.14300
v -0.04025 2.07405 0.14285
v -0.04051 2.07402 0.14299
v -0.04052 2.07395 0.14328
v -0.04026 2.07399 0.14314
vn -0.0160 -0.1285 0.9916
vn 0.8534 -0.1291 0.5051
vn 0.8799 0.0840 -0.4678
vn 0.0370 0.2975 -0.9540
vn -0.8322 0.2982 -0.4674
vn -0.8587 0.0852 0.5053
vn -0.0150 -0.1088 0.9940
vn 0.8540 -0.0991 0.5108
vn 0.8805 0.1139 -0.4602
vn 0.0380 0.3170 -0.9477
vn -0.8306 0.3079 -0.4641
vn -0.8570 0.0950 0.5065
vn -0.0162 -0.0300 0.9994
vn 0.8467 0.0215 0.5316
vn 0.8730 0.2333 -0.4283
vn 0.0363 0.3933 -0.9187
vn -0.8252 0.3413 -0.4500
vn -0.8514 0.1298 0.5082
vn -0.0258 0.0463 0.9986
vn 0.8235 0.1423 0.5492
vn 0.8493 0.3518 -0.3936
vn 0.0258 0.4649 -0.8850
vn -0.8219 0.3682 -0.4347
vn -0.8476 0.1591 0.5062
vn -0.0294 0.0647 0.9975
vn 0.8147 0.1740 0.5531
vn 0.8403 0.3827 -0.3839
vn 0.0218 0.4819 -0.8759
vn -0.8217 0.3725 -0.4313
vn -0.8473 0.1639 0.5051
vn -0.0135 0.9761 0.2170
vn -0.0135 0.9761 0.2170
vn -0.0135 0.9761 0.2170
vn -0.0135 0.9761 0.2170
vn -0.0135 0.9761 0.2170
vn -0.0135 0.9761 0.2170
vn -0.0135 0.9761 0.2170
f 4775//4775 4776//4776 4782//4782 4781//4781
f 4776//4776 4777//4777 4783//4783 4782//4782
f 4777//4777 4778//4778 4784//4784 4783//4783
f 4778//4778 4779//4779 4785//4785 4784//4784
f 4779//4779 4780//4780 4786//4786 4785//4785
f 4780//4780 4775//4775 4781//4781 4786//4786
f 4781//4781 4782//4782 4788//4788 4787//4787
f 4782//4782 4783//4783 4789//4789 4788//4788
f 4783//4783 4784//4784 4790//4790 4789//4789
f 4784//4784 4785//4785 4791//4791 4790//4790
f 4785//4785 4786//4786 4792//4792 4791//4791
f 4786//4786 4781//4781 4787//4787 4792//4792
f 4787//4787 4788//4788 4794//4794 4793//4793
f 4788//4788 4789//4789 4795//4795 4794//4794
f 4789//4789 4790//4790 4796//4796 4795//4795
f 4790//4790 4791//4791 4797//4797 4796//4796
f 4791//4791 4792//4792 4798//4798 4797//4797
f 4792//4792 4787//4787 4793//4793 4798//4798
f 4793//4793 4794//4794 4800//4800 4799//4799
f 4794//4794 4795//4795 4801//4801 4800//4800
f 4795//4795 4796//4796 4802//4802 4801//4801
f 4796//4796 4797//4797 4803//4803 4802//4802
f 4797//4797 4798//4798 4804//4804 4803//4803
f 4798//4798 4793//4793 4799//4799 4804//4804
f 4806//4806 4811//4811 4805//4805
f 4807//4807 4811//4811 4806//4806
f 4808//4808 4811//4811 4807//4807
f 4809//4809 4811//4811 4808//4808
f 4810//4810 4811//4811 4809//4809
f 4805//4805 4811//4811 4810//4810
g part50
usemtl bone
v -0.03311 2.05498 0.14768
v -0.02979 2.05513 0.14585
v -0.02967 2.05614 0.14219
v -0.03289 2.05702 0.14036
v -0.03621 2.05687 0.14219
v -0.03633 2.05586 0.14585
v -0.03270 2.05864 0.14829
v -0.02973 2.05880 0.14666
v -0.02963 2.05971 0.14339
v -0.03250 2.06046 0.14175
v -0.03548 2.06030 0.14337
v -0.03558 2.05939 0.14664
v -0.03238 2.06235 0.14871
v -0.02991 2.06260 0.14740
v -0.02983 2.06335 0.14471
v -0.03221 2.06386 0.14332
v -0.03467 2.06362 0.14463
v -0.03476 2.06286 0.14733
v -0.03230 2.06622 0.14860
v -0.03085 2.06643 0.14785
v -0.03080 2.06687 0.14627
v -0.03220 2.06711 0.14544
v -0.03365 2.06689 0.14619
v -0.03370 2.06645 0.14777
v -0.03230 2.07013 0.14831
v -0.03204 2.07017 0.14817
v -0.03203 2.07026 0.14788
v -0.03228 2.07030 0.14773
v -0.03255 2.07025 0.14787
v -0.03256 2.07017 0.14815
v -0.03230 2.07013 0.14831
v -0.03204 2.07017 0.14817
v -0.03203 2.07026 0.14788
v -0.03228 2.07030 0.14773
v -0.03255 2.07025 0.14787
v -0.03256 2.07017 0.14815
v -0.03229 2.07021 0.14802
vn -0.0181 -0.1619 0.9866
vn 0.8523 -0.1256 0.5078
vn 0.8821 0.1404 -0.4497
vn 0.0414 0.3701 -0.9281
vn -0.8288 0.3339 -0.4490
vn -0.8586 0.0679 0.5082
vn -0.0170 -0.1375 0.9904
vn 0.8519 -0.0929 0.5154
vn 0.8816 0.1728 -0.4392
vn 0.0425 0.3936 -0.9183
vn -0.8257 0.3494 -0.4428
vn -0.8554 0.0840 0.5111
vn -0.0182 -0.0404 0.9990
vn 0.8387 0.0387 0.5432
vn 0.8680 0.3010 -0.3949
vn 0.0403 0.4835 -0.8744
vn -0.8142 0.4038 -0.4172
vn -0.8434 0.1422 0.5182
vn -0.0285 0.0524 0.9982
vn 0.8070 0.1690 0.5658
vn 0.8356 0.4258 -0.3471
vn 0.0285 0.5651 -0.8246
vn -0.8044 0.4476 -0.3906
vn -0.8328 0.1917 0.5193
vn -0.0323 0.0745 0.9967
vn 0.7956 0.2032 0.5707
vn 0.8239 0.4580 -0.3338
vn 0.0242 0.5840 -0.8114
vn -0.8029 0.4551 -0.3849
vn -0.8312 0.2005 0.5186
vn -0.0120 0.9625 0.2709
vn -0.0120 0.9625 0.2709
vn -0.0120 0.9625 0.2709
vn -0.0120 0.9625 0.2709
vn -0.0120 0.9625 0.2709
vn -0.0120 0.9625 0.2709
vn -0.0120 0.9625 0.2709
f 4812//4812 4813//4813 4819//4819 4818//4818
f 4813//4813 4814//4814 4820//4820 4819//4819
f 4814//4814 4815//4815 4821//4821 4820//4820
f 4815//4815 4816//4816 4822//4822 4821//4821
f 4816//4816 4817//4817 4823//4823 4822//4822
f 4817//4817 4812//4812 4818//4818 4823//4823
f 4818//4818 4819//4819 4825//4825 4824//4824
f 4819//4819 4820//4820 4826//4826 4825//4825
f 4820//4820 4821//4821 4827//4827 4826//4826
f 4821//4821 4822//4822 4828//4828 4827//4827
f 4822//4822 4823//4823 4829//4829 4828//4828
f 4823//4823 4818//4818 4824//4824 4829//4829
f 4824//4824 4825//4825 4831//4831 4830//4830
f 4825//4825 4826//4826 4832//4832 4831//4831
f 4826//4826 4827//4827 4833//4833 4832//4832
f 4827//4827 4828//4828 4834//4834 4833//4833
f 4828//4828 4829//4829 4835//4835 4834//4834
f 4829//4829 4824//4824 4830//4830 4835//4835
f 4830//4830 4831//4831 4837//4837 4836//4836
f 4831//4831 4832//4832 4838//4838 4837//4837
f 4832//4832 4833//4833 4839//4839 4838//4838
f 4833//4833 4834//4834 4840//4840 4839//4839
f 4834//4834 4835//4835 4841//4841 4840//4840
f 4835//4835 4830//4830 4836//4836 4841//4841
f 4843//4843 4848//4848 4842//4842
f 4844//4844 4848//4848 4843//4843
f 4845//4845 4848//4848 4844//4844
f 4846//4846 4848//4848 4845//4845
f 4847//4847 4848//4848 4846//4846
f 4842//4842 4848//4848 4847//4847
g part51
usemtl bone
v -0.02460 2.05515 0.15131
v -0.02143 2.05613 0.14946
v -0.02158 2.05698 0.14576
v -0.02490 2.05685 0.14391
v -0.02807 2.05587 0.14576
v -0.02792 2.05502 0.14946
v -0.02535 2.05949 0.15191
v -0.02251 2.06031 0.15025
v -0.02264 2.06107 0.14694
v -0.02561 2.06101 0.14530
v -0.02845 2.06018 0.14697
v -0.02832 2.05942 0.15027
v -0.02594 2.06386 0.15233
v -0.02357 2.06437 0.15092
v -0.02368 2.06501 0.14819
v -0.02615 2.06513 0.14688
v -0.02851 2.06462 0.14829
v -0.02841 2.06398 0.15102
v -0.02606 2.06837 0.15221
v -0.02467 2.06857 0.15135
v -0.02473 2.06894 0.14975
v -0.02619 2.06912 0.14901
v -0.02758 2.06892 0.14986
v -0.02752 2.06854 0.15146
v -0.02603 2.07292 0.15190
v -0.02578 2.07295 0.15174
v -0.02579 2.07302 0.15145
v -0.02606 2.07306 0.15132
v -0.02631 2.07303 0.15147
v -0.02630 2.07296 0.15176
v -0.02603 2.07292 0.15190
v -0.02578 2.07295 0.15174
v -0.02579 2.07302 0.15145
v -0.02606 2.07306 0.15132
v -0.02631 2.07303 0.15147
v -0.02630 2.07296 0.15176
v -0.02604 2.07299 0.15161
vn 0.0230 -0.1340 0.9907
vn 0.8537 0.1236 0.5059
vn 0.8157 0.3454 -0.4640
vn -0.0530 0.3096 -0.9494
vn -0.8840 0.0522 -0.4646
vn -0.8460 -0.1697 0.5055
vn 0.0215 -0.1135 0.9933
vn 0.8522 0.1313 0.5065
vn 0.8142 0.3531 -0.4609
vn -0.0545 0.3304 -0.9423
vn -0.8860 0.0868 -0.4555
vn -0.8480 -0.1352 0.5125
vn 0.0232 -0.0312 0.9992
vn 0.8489 0.1547 0.5054
vn 0.8113 0.3760 -0.4477
vn -0.0522 0.4119 -0.9097
vn -0.8803 0.2258 -0.4172
vn -0.8425 0.0040 0.5387
vn 0.0370 0.0482 0.9982
vn 0.8491 0.1703 0.4999
vn 0.8123 0.3899 -0.4338
vn -0.0370 0.4880 -0.8721
vn -0.8519 0.3651 -0.3754
vn -0.8148 0.1449 0.5613
vn 0.0422 0.0669 0.9969
vn 0.8503 0.1706 0.4978
vn 0.8136 0.3900 -0.4312
vn -0.0313 0.5058 -0.8621
vn -0.8404 0.4022 -0.3634
vn -0.8036 0.1826 0.5665
vn 0.0185 0.9732 0.2291
vn 0.0185 0.9732 0.2291
vn 0.0185 0.9732 0.2291
vn 0.0185 0.9732 0.2291
vn 0.0185 0.9732 0.2291
vn 0.0185 0.9732 0.2291
vn 0.0185 0.9732 0.2291
f 4849//4849 4850//4850 4856//4856 4855//4855
f 4850//4850 4851//4851 4857//4857 4856//4856
f 4851//4851 4852//4852 4858//4858 4857//4857
f 4852//4852 4853//4853 4859//4859 4858//4858
f 4853//4853 4854//4854 4860//4860 4859//4859
f 4854//4854 4849//4849 4855//4855 4860//4860
f 4855//4855 4856//4856 4862//4862 4861//4861
f 4856//4856 4857//4857 4863//4863 4862//4862
f 4857//4857 4858//4858 4864//4864 4863//4863
f 4858//4858 4859//4859 4865//4865 4864//4864
f 4859//4859 4860//4860 4866//4866 4865//4865
f 4860//4860 4855//4855 4861//4861 4866//4866
f 4861//4861 4862//4862 4868//4868 4867//4867
f 4862//4862 4863//4863 4869//4869 4868//4868
f 4863//4863 4864//4864 4870//4870 4869//4869
f 4864//4864 4865//4865 4871//4871 4870//4870
f 4865//4865 4866//4866 4872//4872 4871//4871
f 4866//4866 4861//4861 4867//4867 4872//4872
f 4867//4867 4868//4868 4874//4874 4873//4873
f 4868//4868 4869//4869 4875//4875 4874//4874
f 4869//4869 4870//4870 4876//4876 4875//4875
f 4870//4870 4871//4871 4877//4877 4876//4876
f 4871//4871 4872//4872 4878//4878 4877//4877
f 4872//4872 4867//4867 4873//4873 4878//4878
f 4880//4880 4885//4885 4879//4879
f 4881//4881 4885//4885 4880//4880
f 4882//4882 4885//4885 4881//4881
f 4883//4883 4885//4885 4882//4882
f 4884//4884 4885//4885 4883//4883
f 4879//4879 4885//4885 4884//4884
g part52
usemtl bone
v -0.01651 2.05520 0.15379
v -0.01321 2.05556 0.15193
v -0.01320 2.05636 0.14822
v -0.01649 2.05680 0.14636
v -0.01979 2.05644 0.14822
v -0.01980 2.05564 0.15193
v -0.01646 2.05992 0.15439
v -0.01351 2.06025 0.15274
v -0.01351 2.06096 0.14942
v -0.01644 2.06135 0.14776
v -0.01938 2.06102 0.14942
v -0.01939 2.06030 0.15273
v -0.01642 2.06467 0.15481
v -0.01399 2.06496 0.15345
v -0.01398 2.06555 0.15071
v -0.01640 2.06586 0.14934
v -0.01883 2.06557 0.15070
v -0.01884 2.06498 0.15344
v -0.01641 2.06955 0.15468
v -0.01498 2.06972 0.15388
v -0.01498 2.07007 0.15228
v -0.01640 2.07024 0.15147
v -0.01783 2.07007 0.15227
v -0.01783 2.06972 0.15388
v -0.01641 2.07447 0.15437
v -0.01615 2.07450 0.15422
v -0.01615 2.07456 0.15393
v -0.01641 2.07459 0.15378
v -0.01667 2.07456 0.15393
v -0.01667 2.07450 0.15422
v -0.01641 2.07447 0.15437
v -0.01615 2.07450 0.15422
v -0.01615 2.07456 0.15393
v -0.01641 2.07459 0.15378
v -0.01667 2.07456 0.15393
v -0.01667 2.07450 0.15422
v -0.01641 2.07453 0.15408
vn -0.0014 -0.1267 0.9919
vn 0.8626 -0.0312 0.5050
vn 0.8649 0.1790 -0.4690
vn 0.0032 0.2937 -0.9559
vn -0.8607 0.1982 -0.4689
vn -0.8630 -0.0121 0.5050
vn -0.0013 -0.1073 0.9942
vn 0.8611 -0.0110 0.5084
vn 0.8634 0.1988 -0.4637
vn 0.0033 0.3124 -0.9500
vn -0.8590 0.2161 -0.4641
vn -0.8613 0.0063 0.5080
vn -0.0014 -0.0300 0.9995
vn 0.8514 0.0689 0.5200
vn 0.8537 0.2764 -0.4413
vn 0.0032 0.3850 -0.9229
vn -0.8495 0.2860 -0.4433
vn -0.8518 0.0785 0.5179
vn -0.0022 0.0453 0.9990
vn 0.8363 0.1466 0.5283
vn 0.8386 0.3506 -0.4170
vn 0.0022 0.4533 -0.8913
vn -0.8362 0.3520 -0.4206
vn -0.8384 0.1480 0.5245
vn -0.0026 0.0636 0.9980
vn 0.8318 0.1656 0.5299
vn 0.8340 0.3686 -0.4106
vn 0.0019 0.4697 -0.8828
vn -0.8324 0.3677 -0.4147
vn -0.8346 0.1647 0.5257
vn -0.0012 0.9775 0.2110
vn -0.0012 0.9775 0.2110
vn -0.0012 0.9775 0.2110
vn -0.0012 0.9775 0.2110
vn -0.0012 0.9775 0.2110
vn -0.0012 0.9775 0.2110
vn -0.0012 0.9775 0.2110
f 4886//4886 4887//4887 4893//4893 4892//4892
f 4887//4887 4888//4888 4894//4894 4893//4893
f 4888//4888 4889//4889 4895//4895 4894//4894
f 4889//4889 4890//4890 4896//4896 4895//4895
f 4890//4890 4891//4891 4897//4897 4896//4896
f 4891//4891 4886//4886 4892//4892 4897//4897
f 4892//4892 4893//4893 4899//4899 4898//4898
f 4893//4893 4894//4894 4900//4900 4899//4899
f 4894//4894 4895//4895 4901//4901 4900//4900
f 4895//4895 4896//4896 4902//4902 4901//4901
f 4896//4896 4897//4897 4903//4903 4902//4902
f 4897//4897 4892//4892 4898//4898 4903//4903
f 4898//4898 4899//4899 4905//4905 4904//4904
f 4899//4899 4900//4900 4906//4906 4905//4905
f 4900//4900 4901//4901 4907//4907 4906//4906
f 4901//4901 4902//4902 4908//4908 4907//4907
f 4902//4902 4903//4903 4909//4909 4908//4908
f 4903//4903 4898//4898 4904//4904 4909//4909
f 4904//4904 4905//4905 4911//4911 4910//4910
f 4905//4905 4906//4906 4912//4912 4911//4911
f 4906//4906 4907//4907 4913//4913 4912//4912
f 4907//4907 4908//4908 4914//4914 4913//4913
f 4908//4908 4909//4909 4915//4915 4914//4914
f 4909//4909 4904//4904 4910//4910 4915//4915
f 4917//4917 4922//4922 4916//4916
f 4918//4918 4922//4922 4917//4917
f 4919//4919 4922//4922 4918//4918
f 4920//4920 4922//4922 4919//4919
f 4921//4921 4922//4922 4920//4920
f 4916//4916 4922//4922 4921//4921
g part53
usemtl bone
v -0.00823 2.05504 0.15520
v -0.00495 2.05560 0.15336
v -0.00497 2.05656 0.14969
v -0.00827 2.05696 0.14785
v -0.01155 2.05640 0.14969
v -0.01153 2.05544 0.15336
v -0.00832 2.05896 0.15581
v -0.00539 2.05945 0.15416
v -0.00541 2.06031 0.15088
v -0.00836 2.06068 0.14924
v -0.01129 2.06019 0.15088
v -0.01127 2.05933 0.15417
v -0.00840 2.06293 0.15623
v -0.00598 2.06331 0.15487
v -0.00600 2.06402 0.15216
v -0.00843 2.06435 0.15081
v -0.01085 2.06397 0.15218
v -0.01083 2.06326 0.15489
v -0.00841 2.06704 0.15611
v -0.00699 2.06725 0.15531
v -0.00700 2.06767 0.15372
v -0.00843 2.06788 0.15293
v -0.00985 2.06767 0.15374
v -0.00984 2.06725 0.15533
v -0.00841 2.07120 0.15581
v -0.00815 2.07124 0.15567
v -0.00815 2.07132 0.15538
v -0.00841 2.07136 0.15523
v -0.00867 2.07132 0.15538
v -0.00867 2.07124 0.15567
v -0.00841 2.07120 0.15581
v -0.00815 2.07124 0.15567
v -0.00815 2.07132 0.15538
v -0.00841 2.07136 0.15523
v -0.00867 2.07132 0.15538
v -0.00867 2.07124 0.15567
v -0.00841 2.07128 0.15552
vn 0.0036 -0.1528 0.9882
vn 0.8619 -0.0062 0.5071
vn 0.8558 0.2456 -0.4552
vn -0.0084 0.3507 -0.9364
vn -0.8666 0.2041 -0.4553
vn -0.8606 -0.0477 0.5070
vn 0.0034 -0.1296 0.9916
vn 0.8593 0.0148 0.5112
vn 0.8533 0.2659 -0.4485
vn -0.0086 0.3726 -0.9280
vn -0.8646 0.2282 -0.4477
vn -0.8586 -0.0230 0.5121
vn 0.0037 -0.0379 0.9993
vn 0.8459 0.0965 0.5245
vn 0.8401 0.3436 -0.4198
vn -0.0081 0.4565 -0.8897
vn -0.8508 0.3221 -0.4151
vn -0.8449 0.0748 0.5296
vn 0.0058 0.0505 0.9987
vn 0.8283 0.1734 0.5328
vn 0.8225 0.4148 -0.3892
vn -0.0058 0.5334 -0.8458
vn -0.8288 0.4106 -0.3802
vn -0.8230 0.1691 0.5423
vn 0.0065 0.0719 0.9974
vn 0.8234 0.1913 0.5342
vn 0.8177 0.4310 -0.3815
vn -0.0049 0.5514 -0.8342
vn -0.8220 0.4321 -0.3711
vn -0.8162 0.1923 0.5448
vn 0.0026 0.9674 0.2532
vn 0.0026 0.9674 0.2532
vn 0.0026 0.9674 0.2532
vn 0.0026 0.9674 0.2532
vn 0.0026 0.9674 0.2532
vn 0.0026 0.9674 0.2532
vn 0.0026 0.9674 0.2532
f 4923//4923 4924//4924 4930//4930 4929//4929
f 4924//4924 4925//4925 4931//4931 4930//4930
f 4925//4925 4926//4926 4932//4932 4931//4931
f 4926//4926 4927//4927 4933//4933 4932//4932
f 4927//4927 4928//4928 4934//4934 4933//4933
f 4928//4928 4923//4923 4929//4929 4934//4934
f 4929//4929 4930//4930 4936//4936 4935//4935
f 4930//4930 4931//4931 4937//4937 4936//4936
f 4931//4931 4932//4932 4938//4938 4937//4937
f 4932//4932 4933//4933 4939//4939 4938//4938
f 4933//4933 4934//4934 4940//4940 4939//4939
f 4934//4934 4929//4929 4935//4935 4940//4940
f 4935//4935 4936//4936 4942//4942 4941//4941
f 4936//4936 4937//4937 4943//4943 4942//4942
f 4937//4937 4938//4938 4944//4944 4943//4943
f 4938//4938 4939//4939 4945//4945 4944//4944
f 4939//4939 4940//4940 4946//4946 4945//4945
f 4940//4940 4935//4935 4941//4941 4946//4946
f 4941//4941 4942//4942 4948//4948 4947//4947
f 4942//4942 4943//4943 4949//4949 4948//4948
f 4943//4943 4944//4944 4950//4950 4949//4949
f 4944//4944 4945//4945 4951//4951 4950//4950
f 4945//4945 4946//4946 4952//4952 4951//4951
f 4946//4946 4941//4941 4947//4947 4952//4952
f 4954//4954 4959//4959 4953//4953
f 4955//4955 4959//4959 4954//4954
f 4956//4956 4959//4959 4955//4955
f 4957//4957 4959//4959 4956//4956
f 4958//4958 4959//4959 4957//4957
f 4953//4953 4959//4959 4958//4958
g part54
usemtl bone
v 0.00004 2.05520 0.15571
v 0.00331 2.05577 0.15386
v 0.00327 2.05657 0.15014
v -0.00004 2.05680 0.14829
v -0.00331 2.05623 0.15014
v -0.00327 2.05543 0.15386
v -0.00020 2.05989 0.15632
v 0.00272 2.06039 0.15465
v 0.00268 2.06110 0.15134
v -0.00027 2.06133 0.14968
v -0.00319 2.06084 0.15135
v -0.00315 2.06012 0.15466
v -0.00039 2.06463 0.15674
v 0.00202 2.06499 0.15535
v 0.00199 2.06558 0.15262
v -0.00045 2.06582 0.15126
v -0.00286 2.06546 0.15265
v -0.00283 2.06487 0.15538
v -0.00043 2.06949 0.15661
v 0.00099 2.06967 0.15579
v 0.00097 2.07001 0.15418
v -0.00046 2.07019 0.15339
v -0.00188 2.07001 0.15421
v -0.00186 2.06966 0.15582
v -0.00041 2.07439 0.15629
v -0.00016 2.07442 0.15614
v -0.00016 2.07448 0.15585
v -0.00042 2.07451 0.15571
v -0.00068 2.07448 0.15586
v -0.00068 2.07442 0.15615
v -0.00041 2.07439 0.15629
v -0.00016 2.07442 0.15614
v -0.00016 2.07448 0.15585
v -0.00042 2.07451 0.15571
v -0.00068 2.07448 0.15586
v -0.00068 2.07442 0.15615
v -0.00042 2.07445 0.15600
vn 0.0065 -0.1270 0.9919
vn 0.8628 0.0224 0.5051
vn 0.8521 0.2330 -0.4687
vn -0.0150 0.2942 -0.9556
vn -0.8713 0.1448 -0.4688
vn -0.8606 -0.0658 0.5050
vn 0.0060 -0.1075 0.9942
vn 0.8609 0.0376 0.5074
vn 0.8502 0.2478 -0.4645
vn -0.0153 0.3130 -0.9496
vn -0.8704 0.1681 -0.4629
vn -0.8597 -0.0422 0.5091
vn 0.0066 -0.0300 0.9995
vn 0.8522 0.0961 0.5143
vn 0.8416 0.3041 -0.4463
vn -0.0146 0.3861 -0.9223
vn -0.8608 0.2600 -0.4374
vn -0.8502 0.0519 0.5238
vn 0.0104 0.0454 0.9989
vn 0.8420 0.1511 0.5179
vn 0.8316 0.3558 -0.4264
vn -0.0104 0.4550 -0.8904
vn -0.8426 0.3493 -0.4098
vn -0.8322 0.1445 0.5353
vn 0.0119 0.0638 0.9979
vn 0.8394 0.1635 0.5183
vn 0.8291 0.3673 -0.4215
vn -0.0088 0.4714 -0.8819
vn -0.8366 0.3717 -0.4023
vn -0.8263 0.1679 0.5377
vn 0.0055 0.9773 0.2119
vn 0.0055 0.9773 0.2119
vn 0.0055 0.9773 0.2119
vn 0.0055 0.9773 0.2119
vn 0.0055 0.9773 0.2119
vn 0.0055 0.9773 0.2119
vn 0.0055 0.9773 0.2119
f 4960//4960 4961//4961 4967//4967 4966//4966
f 4961//4961 4962//4962 4968//4968 4967//4967
f 4962//4962 4963//4963 4969//4969 4968//4968
f 4963//4963 4964//4964 4970//4970 4969//4969
f 4964//4964 4965//4965 4971//4971 4970//4970
f 4965//4965 4960//4960 4966//4966 4971//4971
f 4966//4966 4967//4967 4973//4973 4972//4972
f 4967//4967 4968//4968 4974//4974 4973//4973
f 4968//4968 4969//4969 4975//4975 4974//4974
f 4969//4969 4970//4970 4976//4976 4975//4975
f 4970//4970 4971//4971 4977//4977 4976//4976
f 4971//4971 4966//4966 4972//4972 4977//4977
f 4972//4972 4973//4973 4979//4979 4978//4978
f 4973//4973 4974//4974 4980//4980 4979//4979
f 4974//4974 4975//4975 4981//4981 4980//4980
f 4975//4975 4976//4976 4982//4982 4981//4981
f 4976//4976 4977//4977 4983//4983 4982//4982
f 4977//4977 4972//4972 4978//4978 4983//4983
f 4978//4978 4979//4979 4985//4985 4984//4984
f 4979//4979 4980//4980 4986//4986 4985//4985
f 4980//4980 4981//4981 4987//4987 4986//4986
f 4981//4981 4982//4982 4988//4988 4987//4987
f 4982//4982 4983//4983 4989//4989 4988//4988
f 4983//4983 4978//4978 4984//4984 4989//4989
f 4991//4991 4996//4996 4990//4990
f 4992//4992 4996//4996 4991//4991
f 4993//4993 4996//4996 4992//4992
f 4994//4994 4996//4996 4993//4993
f 4995//4995 4996//4996 4994//4994
f 4990//4990 4996//4996 4995//4995
g part55
usemtl bone
v 0.00826 2.05497 0.15518
v 0.01154 2.05550 0.15335
v 0.01154 2.05654 0.14969
v 0.00824 2.05703 0.14787
v 0.00496 2.05650 0.14969
v 0.00496 2.05546 0.15335
v 0.00823 2.05862 0.15579
v 0.01117 2.05910 0.15416
v 0.01117 2.06002 0.15089
v 0.00822 2.06047 0.14926
v 0.00529 2.05999 0.15089
v 0.00529 2.05907 0.15416
v 0.00822 2.06233 0.15622
v 0.01064 2.06272 0.15487
v 0.01064 2.06348 0.15217
v 0.00821 2.06385 0.15083
v 0.00579 2.06346 0.15218
v 0.00579 2.06270 0.15487
v 0.00821 2.06619 0.15611
v 0.00964 2.06641 0.15531
v 0.00963 2.06686 0.15373
v 0.00821 2.06708 0.15294
v 0.00679 2.06686 0.15373
v 0.00679 2.06641 0.15532
v 0.00821 2.07010 0.15581
v 0.00847 2.07014 0.15567
v 0.00847 2.07022 0.15538
v 0.00821 2.07026 0.15523
v 0.00795 2.07022 0.15538
v 0.00795 2.07014 0.15567
v 0.00821 2.07010 0.15581
v 0.00847 2.07014 0.15567
v 0.00847 2.07022 0.15538
v 0.00821 2.07026 0.15523
v 0.00795 2.07022 0.15538
v 0.00795 2.07014 0.15567
v 0.00821 2.07018 0.15552
vn 0.0010 -0.1644 0.9864
vn 0.8610 -0.0244 0.5081
vn 0.8594 0.2455 -0.4485
vn -0.0022 0.3754 -0.9268
vn -0.8622 0.2354 -0.4486
vn -0.8606 -0.0345 0.5081
vn 0.0009 -0.1396 0.9902
vn 0.8582 -0.0004 0.5133
vn 0.8567 0.2686 -0.4404
vn -0.0022 0.3985 -0.9171
vn -0.8596 0.2594 -0.4402
vn -0.8580 -0.0097 0.5135
vn 0.0010 -0.0417 0.9991
vn 0.8427 0.0931 0.5303
vn 0.8412 0.3572 -0.4060
vn -0.0021 0.4867 -0.8736
vn -0.8440 0.3519 -0.4048
vn -0.8424 0.0877 0.5316
vn 0.0015 0.0522 0.9986
vn 0.8207 0.1814 0.5417
vn 0.8193 0.4385 -0.3695
vn -0.0015 0.5665 -0.8241
vn -0.8209 0.4373 -0.3673
vn -0.8194 0.1802 0.5442
vn 0.0017 0.0748 0.9972
vn 0.8145 0.2023 0.5438
vn 0.8130 0.4574 -0.3603
vn -0.0013 0.5850 -0.8110
vn -0.8141 0.4575 -0.3576
vn -0.8126 0.2024 0.5465
vn 0.0006 0.9624 0.2715
vn 0.0006 0.9624 0.2715
vn 0.0006 0.9624 0.2715
vn 0.0006 0.9624 0.2715
vn 0.0006 0.9624 0.2715
vn 0.0006 0.9624 0.2715
vn 0.0006 0.9624 0.2715
f 4997//4997 4998//4998 5004//5004 5003//5003
f 4998//4998 4999//4999 5005//5005 5004//5004
f 4999//4999 5000//5000 5006//5006 5005//5005
f 5000//5000 5001//5001 5007//5007 5006//5006
f 5001//5001 5002//5002 5008//5008 5007//5007
f 5002//5002 4997//4997 5003//5003 5008//5008
f 5003//5003 5004//5004 5010//5010 5009//5009
f 5004//5004 5005//5005 5011//5011 5010//5010
f 5005//5005 5006//5006 5012//5012 5011//5011
f 5006//5006 5007//5007 5013//5013 5012//5012
f 5007//5007 5008//5008 5014//5014 5013//5013
f 5008//5008 5003//5003 5009//5009 5014//5014
f 5009//5009 5010//5010 5016//5016 5015//5015
f 5010//5010 5011//5011 5017//5017 5016//5016
f 5011//5011 5012//5012 5018//5018 5017//5017
f 5012//5012 5013//5013 5019//5019 5018//5018
f 5013//5013 5014//5014 5020//5020 5019//5019
f 5014//5014 5009//5009 5015//5015 5020//5020
f 5015//5015 5016//5016 5022//5022 5021//5021
f 5016//5016 5017//5017 5023//5023 5022//5022
f 5017//5017 5018//5018 5024//5024 5023//5023
f 5018//5018 5019//5019 5025//5025 5024//5024
f 5019//5019 5020//5020 5026//5026 5025//5025
f 5020//5020 5015//5015 5021//5021 5026//5026
f 5028//5028 5033//5033 5027//5027
f 5029//5029 5033//5033 5028//5028
f 5030//5030 5033//5033 5029//5029
f 5031//5031 5033//5033 5030//5030
f 5032//5032 5033//5033 5031//5031
f 5027//5027 5033//5033 5032//5032
g part56
usemtl bone
v 0.01660 2.05523 0.15380
v 0.01981 2.05602 0.15194
v 0.01972 2.05680 0.14822
v 0.01640 2.05677 0.14636
v 0.01319 2.05598 0.14822
v 0.01328 2.05520 0.15194
v 0.01599 2.06003 0.15440
v 0.01887 2.06071 0.15273
v 0.01878 2.06140 0.14941
v 0.01582 2.06142 0.14776
v 0.01294 2.06074 0.14942
v 0.01303 2.06005 0.15275
v 0.01551 2.06487 0.15482
v 0.01790 2.06530 0.15341
v 0.01783 2.06588 0.15067
v 0.01537 2.06603 0.14934
v 0.01299 2.06559 0.15074
v 0.01306 2.06502 0.15348
v 0.01542 2.06983 0.15468
v 0.01682 2.07001 0.15384
v 0.01678 2.07035 0.15224
v 0.01533 2.07051 0.15147
v 0.01393 2.07034 0.15231
v 0.01397 2.07000 0.15392
v 0.01545 2.07484 0.15437
v 0.01571 2.07487 0.15422
v 0.01570 2.07493 0.15392
v 0.01543 2.07496 0.15378
v 0.01518 2.07493 0.15394
v 0.01519 2.07487 0.15423
v 0.01545 2.07484 0.15437
v 0.01571 2.07487 0.15422
v 0.01570 2.07493 0.15392
v 0.01543 2.07496 0.15378
v 0.01518 2.07493 0.15394
v 0.01519 2.07487 0.15423
v 0.01544 2.07490 0.15408
vn 0.0154 -0.1224 0.9924
vn 0.8587 0.0877 0.5049
vn 0.8332 0.2909 -0.4704
vn -0.0357 0.2840 -0.9582
vn -0.8792 0.0740 -0.4707
vn -0.8536 -0.1292 0.5046
vn 0.0144 -0.1036 0.9945
vn 0.8573 0.0964 0.5057
vn 0.8317 0.2995 -0.4675
vn -0.0367 0.3027 -0.9524
vn -0.8800 0.1034 -0.4637
vn -0.8544 -0.0998 0.5099
vn 0.0156 -0.0283 0.9995
vn 0.8527 0.1270 0.5068
vn 0.8274 0.3290 -0.4552
vn -0.0351 0.3761 -0.9259
vn -0.8735 0.2207 -0.4339
vn -0.8481 0.0184 0.5295
vn 0.0250 0.0449 0.9987
vn 0.8499 0.1525 0.5044
vn 0.8250 0.3527 -0.4416
vn -0.0250 0.4454 -0.8950
vn -0.8514 0.3374 -0.4015
vn -0.8264 0.1370 0.5462
vn 0.0285 0.0625 0.9976
vn 0.8498 0.1566 0.5032
vn 0.8250 0.3563 -0.4386
vn -0.0212 0.4619 -0.8867
vn -0.8430 0.3678 -0.3925
vn -0.8181 0.1680 0.5499
vn 0.0137 0.9782 0.2070
vn 0.0137 0.9782 0.2070
vn 0.0137 0.9782 0.2070
vn 0.0137 0.9782 0.2070
vn 0.0137 0.9782 0.2070
vn 0.0137 0.9782 0.2070
vn 0.0137 0.9782 0.2070
f 5034//5034 5035//5035 5041//5041 5040//5040
f 5035//5035 5036//5036 5042//5042 5041//5041
f 5036//5036 5037//5037 5043//5043 5042//5042
f 5037//5037 5038//5038 5044//5044 5043//5043
f 5038//5038 5039//5039 5045//5045 5044//5044
f 5039//5039 5034//5034 5040//5040 5045//5045
f 5040//5040 5041//5041 5047//5047 5046//5046
f 5041//5041 5042//5042 5048//5048 5047//5047
f 5042//5042 5043//5043 5049//5049 5048//5048
f 5043//5043 5044//5044 5050//5050 5049//5049
f 5044//5044 5045//5045 5051//5051 5050//5050
f 5045//5045 5040//5040 5046//5046 5051//5051
f 5046//5046 5047//5047 5053//5053 5052//5052
f 5047//5047 5048//5048 5054//5054 5053//5053
f 5048//5048 5049//5049 5055//5055 5054//5054
f 5049//5049 5050//5050 5056//5056 5055//5055
f 5050//5050 5051//5051 5057//5057 5056//5056
f 5051//5051 5046//5046 5052//5052 5057//5057
f 5052//5052 5053//5053 5059//5059 5058//5058
f 5053//5053 5054//5054 5060//5060 5059//5059
f 5054//5054 5055//5055 5061//5061 5060//5060
f 5055//5055 5056//5056 5062//5062 5061//5061
f 5056//5056 5057//5057 5063//5063 5062//5062
f 5057//5057 5052//5052 5058//5058 5063//5063
f 5065//5065 5070//5070 5064//5064
f 5066//5066 5070//5070 5065//5065
f 5067//5067 5070//5070 5066//5066
f 5068//5068 5070//5070 5067//5067
f 5069//5069 5070//5070 5068//5068
f 5064//5064 5070//5070 5069//5069
g part57
usemtl bone
v 0.02483 2.05501 0.15128
v 0.02807 2.05577 0.14944
v 0.02799 2.05676 0.14577
v 0.02467 2.05699 0.14394
v 0.02143 2.05623 0.14577
v 0.02151 2.05524 0.14944
v 0.02452 2.05880 0.15188
v 0.02742 2.05946 0.15024
v 0.02734 2.06034 0.14696
v 0.02438 2.06057 0.14533
v 0.02148 2.05992 0.14698
v 0.02155 2.05903 0.15025
v 0.02428 2.06264 0.15231
v 0.02667 2.06311 0.15093
v 0.02661 2.06384 0.14823
v 0.02416 2.06411 0.14691
v 0.02176 2.06365 0.14828
v 0.02182 2.06291 0.15099
v 0.02422 2.06663 0.15219
v 0.02562 2.06686 0.15137
v 0.02559 2.06729 0.14979
v 0.02415 2.06749 0.14902
v 0.02274 2.06727 0.14984
v 0.02278 2.06684 0.15143
v 0.02422 2.07067 0.15190
v 0.02448 2.07071 0.15175
v 0.02447 2.07079 0.15146
v 0.02421 2.07083 0.15132
v 0.02395 2.07079 0.15147
v 0.02396 2.07071 0.15176
v 0.02422 2.07067 0.15190
v 0.02448 2.07071 0.15175
v 0.02447 2.07079 0.15146
v 0.02421 2.07083 0.15132
v 0.02395 2.07079 0.15147
v 0.02396 2.07071 0.15176
v 0.02422 2.07075 0.15161
vn 0.0128 -0.1572 0.9875
vn 0.8605 0.0428 0.5076
vn 0.8394 0.3014 -0.4523
vn -0.0293 0.3600 -0.9325
vn -0.8772 0.1601 -0.4527
vn -0.8561 -0.0985 0.5074
vn 0.0120 -0.1334 0.9910
vn 0.8576 0.0602 0.5109
vn 0.8365 0.3181 -0.4461
vn -0.0301 0.3826 -0.9234
vn -0.8761 0.1894 -0.4434
vn -0.8550 -0.0686 0.5140
vn 0.0129 -0.0391 0.9992
vn 0.8450 0.1254 0.5198
vn 0.8244 0.3794 -0.4201
vn -0.0285 0.4695 -0.8825
vn -0.8623 0.3052 -0.4040
vn -0.8416 0.0507 0.5377
vn 0.0202 0.0515 0.9985
vn 0.8321 0.1835 0.5234
vn 0.8120 0.4318 -0.3927
vn -0.0202 0.5487 -0.8358
vn -0.8340 0.4168 -0.3617
vn -0.8137 0.1679 0.5565
vn 0.0229 0.0732 0.9971
vn 0.8294 0.1953 0.5234
vn 0.8094 0.4422 -0.3865
vn -0.0171 0.5672 -0.8234
vn -0.8242 0.4451 -0.3501
vn -0.8041 0.1981 0.5605
vn 0.0087 0.9651 0.2617
vn 0.0087 0.9651 0.2617
vn 0.0087 0.9651 0.2617
vn 0.0087 0.9651 0.2617
vn 0.0087 0.9651 0.2617
vn 0.0087 0.9651 0.2617
vn 0.0087 0.9651 0.2617
f 5071//5071 5072//5072 5078//5078 5077//5077
f 5072//5072 5073//5073 5079//5079 5078//5078
f 5073//5073 5074//5074 5080//5080 5079//5079
f 5074//5074 5075//5075 5081//5081 5080//5080
f 5075//5075 5076//5076 5082//5082 5081//5081
f 5076//5076 5071//5071 5077//5077 5082//5082
f 5077//5077 5078//5078 5084//5084 5083//5083
f 5078//5078 5079//5079 5085//5085 5084//5084
f 5079//5079 5080//5080 5086//5086 5085//5085
f 5080//5080 5081//5081 5087//5087 5086//5086
f 5081//5081 5082//5082 5088//5088 5087//5087
f 5082//5082 5077//5077 5083//5083 5088//5088
f 5083//5083 5084//5084 5090//5090 5089//5089
f 5084//5084 5085//5085 5091//5091 5090//5090
f 5085//5085 5086//5086 5092//5092 5091//5091
f 5086//5086 5087//5087 5093//5093 5092//5092
f 5087//5087 5088//5088 5094//5094 5093//5093
f 5088//5088 5083//5083 5089//5089 5094//5094
f 5089//5089 5090//5090 5096//5096 5095//5095
f 5090//5090 5091//5091 5097//5097 5096//5096
f 5091//5091 5092//5092 5098//5098 5097//5097
f 5092//5092 5093//5093 5099//5099 5098//5098
f 5093//5093 5094//5094 5100//5100 5099//5099
f 5094//5094 5089//5089 5095//5095 5100//5100
f 5102//5102 5107//5107 5101//5101
f 5103//5103 5107//5107 5102//5102
f 5104//5104 5107//5107 5103//5103
f 5105//5105 5107//5107 5104//5104
f 5106//5106 5107//5107 5105//5105
f 5101//5101 5107//5107 5106//5106
g part58
usemtl bone
v 0.03289 2.05494 0.14767
v 0.03622 2.05514 0.14584
v 0.03633 2.05620 0.14219
v 0.03311 2.05706 0.14037
v 0.02978 2.05686 0.14219
v 0.02967 2.05580 0.14584
v 0.03325 2.05847 0.14828
v 0.03622 2.05868 0.14666
v 0.03631 2.05963 0.14340
v 0.03343 2.06036 0.14176
v 0.03046 2.06015 0.14338
v 0.03037 2.05920 0.14664
v 0.03353 2.06205 0.14871
v 0.03599 2.06232 0.14740
v 0.03607 2.06310 0.14471
v 0.03368 2.06361 0.14333
v 0.03122 2.06334 0.14464
v 0.03114 2.06256 0.14733
v 0.03360 2.06578 0.14859
v 0.03504 2.06600 0.14784
v 0.03509 2.06646 0.14627
v 0.03369 2.06671 0.14544
v 0.03224 2.06649 0.14619
v 0.03220 2.06602 0.14777
v 0.03360 2.06958 0.14831
v 0.03386 2.06962 0.14817
v 0.03387 2.06970 0.14788
v 0.03361 2.06974 0.14773
v 0.03335 2.06970 0.14787
v 0.03334 2.06962 0.14815
v 0.03360 2.06958 0.14831
v 0.03386 2.06962 0.14817
v 0.03387 2.06970 0.14788
v 0.03361 2.06974 0.14773
v 0.03335 2.06970 0.14787
v 0.03334 2.06962 0.14815
v 0.03360 2.06966 0.14802
vn -0.0168 -0.1687 0.9855
vn 0.8532 -0.1166 0.5084
vn 0.8808 0.1600 -0.4457
vn 0.0383 0.3845 -0.9223
vn -0.8315 0.3324 -0.4450
vn -0.8591 0.0559 0.5088
vn -0.0157 -0.1433 0.9896
vn 0.8523 -0.0841 0.5162
vn 0.8798 0.1919 -0.4348
vn 0.0392 0.4085 -0.9119
vn -0.8282 0.3496 -0.4381
vn -0.8556 0.0739 0.5123
vn -0.0169 -0.0428 0.9989
vn 0.8375 0.0463 0.5445
vn 0.8646 0.3182 -0.3889
vn 0.0371 0.5003 -0.8650
vn -0.8148 0.4107 -0.4091
vn -0.8418 0.1396 0.5215
vn -0.0262 0.0532 0.9982
vn 0.8050 0.1746 0.5670
vn 0.8313 0.4400 -0.3396
vn 0.0262 0.5830 -0.8120
vn -0.8024 0.4608 -0.3793
vn -0.8285 0.1963 0.5244
vn -0.0298 0.0760 0.9967
vn 0.7935 0.2081 0.5719
vn 0.8195 0.4713 -0.3260
vn 0.0223 0.6021 -0.7981
vn -0.8002 0.4698 -0.3729
vn -0.8262 0.2069 0.5241
vn -0.0106 0.9596 0.2810
vn -0.0106 0.9596 0.2810
vn -0.0106 0.9596 0.2810
vn -0.0106 0.9596 0.2810
vn -0.0106 0.9596 0.2810
vn -0.0106 0.9596 0.2810
vn -0.0106 0.9596 0.2810
f 5108//5108 5109//5109 5115//5115 5114//5114
f 5109//5109 5110//5110 5116//5116 5115//5115
f 5110//5110 5111//5111 5117//5117 5116//5116
f 5111//5111 5112//5112 5118//5118 5117//5117
f 5112//5112 5113//5113 5119//5119 5118//5118
f 5113//5113 5108//5108 5114//5114 5119//5119
f 5114//5114 5115//5115 5121//5121 5120//5120
f 5115//5115 5116//5116 5122//5122 5121//5121
f 5116//5116 5117//5117 5123//5123 5122//5122
f 5117//5117 5118//5118 5124//5124 5123//5123
f 5118//5118 5119//5119 5125//5125 5124//5124
f 5119//5119 5114//5114 5120//5120 5125//5125
f 5120//5120 5121//5121 5127//5127 5126//5126
f 5121//5121 5122//5122 5128//5128 5127//5127
f 5122//5122 5123//5123 5129//5129 5128//5128
f 5123//5123 5124//5124 5130//5130 5129//5129
f 5124//5124 5125//5125 5131//5131 5130//5130
f 5125//5125 5120//5120 5126//5126 5131//5131
f 5126//5126 5127//5127 5133//5133 5132//5132
f 5127//5127 5128//5128 5134//5134 5133//5133
f 5128//5128 5129//5129 5135//5135 5134//5134
f 5129//5129 5130//5130 5136//5136 5135//5135
f 5130//5130 5131//5131 5137//5137 5136//5136
f 5131//5131 5126//5126 5132//5132 5137//5137
f 5139//5139 5144//5144 5138//5138
f 5140//5140 5144//5144 5139//5139
f 5141//5141 5144//5144 5140//5140
f 5142//5142 5144//5144 5141//5141
f 5143//5143 5144//5144 5142//5142
f 5138//5138 5144//5144 5143//5143
g part59
usemtl bone
v 0.04128 2.05531 0.14288
v 0.04455 2.05581 0.14101
v 0.04452 2.05650 0.13727
v 0.04122 2.05669 0.13540
v 0.03795 2.05619 0.13727
v 0.03798 2.05550 0.14101
v 0.04103 2.06078 0.14348
v 0.04395 2.06121 0.14181
v 0.04392 2.06182 0.13847
v 0.04097 2.06201 0.13680
v 0.03805 2.06158 0.13848
v 0.03808 2.06097 0.14181
v 0.04083 2.06628 0.14389
v 0.04324 2.06659 0.14251
v 0.04322 2.06710 0.13975
v 0.04079 2.06730 0.13839
v 0.03837 2.06699 0.13978
v 0.03840 2.06649 0.14253
v 0.04079 2.07189 0.14376
v 0.04221 2.07204 0.14294
v 0.04220 2.07234 0.14132
v 0.04077 2.07249 0.14052
v 0.03935 2.07233 0.14134
v 0.03936 2.07204 0.14296
v 0.04081 2.07753 0.14344
v 0.04107 2.07755 0.14329
v 0.04107 2.07761 0.14299
v 0.04081 2.07764 0.14285
v 0.04055 2.07761 0.14300
v 0.04055 2.07756 0.14329
v 0.04081 2.07753 0.14344
v 0.04107 2.07755 0.14329
v 0.04107 2.07761 0.14299
v 0.04081 2.07764 0.14285
v 0.04055 2.07761 0.14300
v 0.04055 2.07756 0.14329
v 0.04081 2.07758 0.14314
vn 0.0050 -0.1089 0.9940
vn 0.8636 0.0217 0.5038
vn 0.8552 0.2030 -0.4768
vn -0.0117 0.2538 -0.9672
vn -0.8703 0.1232 -0.4769
vn -0.8619 -0.0581 0.5037
vn 0.0047 -0.0921 0.9957
vn 0.8622 0.0345 0.5054
vn 0.8539 0.2156 -0.4738
vn -0.0120 0.2702 -0.9627
vn -0.8696 0.1438 -0.4724
vn -0.8612 -0.0374 0.5068
vn 0.0051 -0.0250 0.9997
vn 0.8558 0.0843 0.5104
vn 0.8475 0.2640 -0.4604
vn -0.0114 0.3345 -0.9423
vn -0.8625 0.2252 -0.4532
vn -0.8542 0.0454 0.5180
vn 0.0082 0.0407 0.9991
vn 0.8483 0.1318 0.5129
vn 0.8401 0.3094 -0.4455
vn -0.0082 0.3960 -0.9182
vn -0.8486 0.3050 -0.4322
vn -0.8405 0.1273 0.5267
vn 0.0093 0.0568 0.9983
vn 0.8463 0.1428 0.5132
vn 0.8382 0.3198 -0.4418
vn -0.0069 0.4109 -0.9117
vn -0.8441 0.3250 -0.4266
vn -0.8359 0.1479 0.5285
vn 0.0050 0.9832 0.1822
vn 0.0050 0.9832 0.1822
vn 0.0050 0.9832 0.1822
vn 0.0050 0.9832 0.1822
vn 0.0050 0.9832 0.1822
vn 0.0050 0.9832 0.1822
vn 0.0050 0.9832 0.1822
f 5145//5145 5146//5146 5152//5152 5151//5151
f 5146//5146 5147//5147 5153//5153 5152//5152
f 5147//5147 5148//5148 5154//5154 5153//5153
f 5148//5148 5149//5149 5155//5155 5154//5154
f 5149//5149 5150//5150 5156//5156 5155//5155
f 5150//5150 5145//5145 5151//5151 5156//5156
f 5151//5151 5152//5152 5158//5158 5157//5157
f 5152//5152 5153//5153 5159//5159 5158//5158
f 5153//5153 5154//5154 5160//5160 5159//5159
f 5154//5154 5155//5155 5161//5161 5160//5160
f 5155//5155 5156//5156 5162//5162 5161//5161
f 5156//5156 5151//5151 5157//5157 5162//5162
f 5157//5157 5158//5158 5164//5164 5163//5163
f 5158//5158 5159//5159 5165//5165 5164//5164
f 5159//5159 5160//5160 5166//5166 5165//5165
f 5160//5160 5161//5161 5167//5167 5166//5166
f 5161//5161 5162//5162 5168//5168 5167//5167
f 5162//5162 5157//5157 5163//5163 5168//5168
f 5163//5163 5164//5164 5170//5170 5169//5169
f 5164//5164 5165//5165 5171//5171 5170//5170
f 5165//5165 5166//5166 5172//5172 5171//5171
f 5166//5166 5167//5167 5173//5173 5172//5172
f 5167//5167 5168//5168 5174//5174 5173//5173
f 5168//5168 5163//5163 5169//5169 5174//5174
f 5176//5176 5181//5181 5175//5175
f 5177//5177 5181//5181 5176//5176
f 5178//5178 5181//5181 5177//5177
f 5179//5179 5181//5181 5178//5178
f 5180//5180 5181//5181 5179//5179
f 5175//5175 5181//5181 5180//5180
g part60
usemtl bone
v 0.04940 2.05540 0.13644
v 0.05270 2.05518 0.13457
v 0.05280 2.05578 0.13081
v 0.04960 2.05660 0.12894
v 0.04630 2.05682 0.13081
v 0.04620 2.05622 0.13457
v 0.05039 2.06155 0.13704
v 0.05334 2.06140 0.13537
v 0.05343 2.06194 0.13202
v 0.05056 2.06262 0.13034
v 0.04761 2.06277 0.13201
v 0.04752 2.06223 0.13536
v 0.05116 2.06772 0.13745
v 0.05361 2.06777 0.13611
v 0.05369 2.06822 0.13334
v 0.05130 2.06862 0.13193
v 0.04885 2.06857 0.13328
v 0.04878 2.06812 0.13604
v 0.05130 2.07399 0.13731
v 0.05274 2.07411 0.13654
v 0.05278 2.07438 0.13492
v 0.05138 2.07452 0.13407
v 0.04994 2.07439 0.13484
v 0.04990 2.07413 0.13647
v 0.05122 2.08029 0.13699
v 0.05149 2.08032 0.13685
v 0.05150 2.08037 0.13655
v 0.05124 2.08039 0.13639
v 0.05098 2.08036 0.13654
v 0.05097 2.08031 0.13683
v 0.05122 2.08029 0.13699
v 0.05149 2.08032 0.13685
v 0.05150 2.08037 0.13655
v 0.05124 2.08039 0.13639
v 0.05098 2.08036 0.13654
v 0.05097 2.08031 0.13683
v 0.05123 2.08034 0.13669
vn -0.0151 -0.0945 0.9954
vn 0.8508 -0.1527 0.5028
vn 0.8761 0.0051 -0.4822
vn 0.0354 0.2211 -0.9746
vn -0.8304 0.2794 -0.4820
vn -0.8557 0.1216 0.5030
vn -0.0142 -0.0798 0.9967
vn 0.8530 -0.1239 0.5070
vn 0.8783 0.0342 -0.4769
vn 0.0364 0.2363 -0.9710
vn -0.8304 0.2810 -0.4811
vn -0.8557 0.1230 0.5026
vn -0.0154 -0.0207 0.9997
vn 0.8524 -0.0077 0.5228
vn 0.8777 0.1510 -0.4547
vn 0.0351 0.2966 -0.9543
vn -0.8320 0.2832 -0.4770
vn -0.8573 0.1246 0.4996
vn -0.0250 0.0372 0.9990
vn 0.8365 0.1101 0.5368
vn 0.8615 0.2690 -0.4306
vn 0.0250 0.3549 -0.9346
vn -0.8356 0.2813 -0.4719
vn -0.8606 0.1225 0.4944
vn -0.0287 0.0512 0.9983
vn 0.8297 0.1409 0.5401
vn 0.8547 0.2998 -0.4239
vn 0.0212 0.3689 -0.9292
vn -0.8369 0.2791 -0.4708
vn -0.8618 0.1203 0.4927
vn -0.0176 0.9866 0.1622
vn -0.0176 0.9866 0.1622
vn -0.0176 0.9866 0.1622
vn -0.0176 0.9866 0.1622
vn -0.0176 0.9866 0.1622
vn -0.0176 0.9866 0.1622
vn -0.0176 0.9866 0.1622
f 5182//5182 5183//5183 5189//5189 5188//5188
f 5183//5183 5184//5184 5190//5190 5189//5189
f 5184//5184 5185//5185 5191//5191 5190//5190
f 5185//5185 5186//5186 5192//5192 5191//5191
f 5186//5186 5187//5187 5193//5193 5192//5192
f 5187//5187 5182//5182 5188//5188 5193//5193
f 5188//5188 5189//5189 5195//5195 5194//5194
f 5189//5189 5190//5190 5196//5196 5195//5195
f 5190//5190 5191//5191 5197//5197 5196//5196
f 5191//5191 5192//5192 5198//5198 5197//5197
f 5192//5192 5193//5193 5199//5199 5198//5198
f 5193//5193 5188//5188 5194//5194 5199//5199
f 5194//5194 5195//5195 5201//5201 5200//5200
f 5195//5195 5196//5196 5202//5202 5201//5201
f 5196//5196 5197//5197 5203//5203 5202//5202
f 5197//5197 5198//5198 5204//5204 5203//5203
f 5198//5198 5199//5199 5205//5205 5204//5204
f 5199//5199 5194//5194 5200//5200 5205//5205
f 5200//5200 5201//5201 5207//5207 5206//5206
f 5201//5201 5202//5202 5208//5208 5207//5207
f 5202//5202 5203//5203 5209//5209 5208//5208
f 5203//5203 5204//5204 5210//5210 5209//5209
f 5204//5204 5205//5205 5211//5211 5210//5210
f 5205//5205 5200//5200 5206//5206 5211//5211
f 5213//5213 5218//5218 5212//5212
f 5214//5214 5218//5218 5213//5213
f 5215//5215 5218//5218 5214//5214
f 5216//5216 5218//5218 5215//5215
f 5217//5217 5218//5218 5216//5216
f 5212//5212 5218//5218 5217//5217
g part61
usemtl bone
v 0.05800 2.05497 0.12778
v 0.06107 2.05626 0.12596
v 0.06083 2.05729 0.12231
v 0.05750 2.05703 0.12049
v 0.05443 2.05574 0.12231
v 0.05467 2.05471 0.12596
v 0.05717 2.05842 0.12839
v 0.05993 2.05951 0.12674
v 0.05971 2.06043 0.12349
v 0.05672 2.06027 0.12188
v 0.05396 2.05919 0.12353
v 0.05418 2.05826 0.12678
v 0.05650 2.06191 0.12882
v 0.05882 2.06259 0.12739
v 0.05863 2.06337 0.12471
v 0.05613 2.06348 0.12345
v 0.05382 2.06280 0.12488
v 0.05400 2.06202 0.12756
v 0.05634 2.06557 0.12871
v 0.05770 2.06583 0.12783
v 0.05759 2.06630 0.12626
v 0.05612 2.06651 0.12556
v 0.05475 2.06625 0.12644
v 0.05486 2.06578 0.12801
v 0.05634 2.06930 0.12842
v 0.05659 2.06934 0.12826
v 0.05657 2.06943 0.12797
v 0.05630 2.06948 0.12785
v 0.05605 2.06943 0.12801
v 0.05607 2.06935 0.12830
v 0.05634 2.06930 0.12842
v 0.05659 2.06934 0.12826
v 0.05657 2.06943 0.12797
v 0.05630 2.06948 0.12785
v 0.05605 2.06943 0.12801
v 0.05607 2.06935 0.12830
v 0.05632 2.06939 0.12814
vn 0.0395 -0.1642 0.9856
vn 0.8429 0.1743 0.5091
vn 0.7781 0.4434 -0.4449
vn -0.0902 0.3744 -0.9229
vn -0.8941 0.0364 -0.4464
vn -0.8292 -0.2329 0.5081
vn 0.0370 -0.1393 0.9896
vn 0.8402 0.1841 0.5101
vn 0.7755 0.4532 -0.4396
vn -0.0928 0.4000 -0.9118
vn -0.8983 0.0797 -0.4321
vn -0.8333 -0.1903 0.5191
vn 0.0396 -0.0393 0.9984
vn 0.8367 0.2072 0.5069
vn 0.7730 0.4760 -0.4195
vn -0.0889 0.5003 -0.8613
vn -0.8926 0.2539 -0.3725
vn -0.8279 -0.0168 0.5606
vn 0.0624 0.0548 0.9965
vn 0.8415 0.2140 0.4960
vn 0.7795 0.4813 -0.4009
vn -0.0625 0.5910 -0.8042
vn -0.8487 0.4306 -0.3072
vn -0.7857 0.1614 0.5972
vn 0.0711 0.0759 0.9946
vn 0.8453 0.2086 0.4918
vn 0.7836 0.4761 -0.3990
vn -0.0527 0.6117 -0.7894
vn -0.8293 0.4792 -0.2875
vn -0.7672 0.2110 0.6057
vn 0.0256 0.9578 0.2862
vn 0.0256 0.9578 0.2862
vn 0.0256 0.9578 0.2862
vn 0.0256 0.9578 0.2862
vn 0.0256 0.9578 0.2862
vn 0.0256 0.9578 0.2862
vn 0.0256 0.9578 0.2862
f 5219//5219 5220//5220 5226//5226 5225//5225
f 5220//5220 5221//5221 5227//5227 5226//5226
f 5221//5221 5222//5222 5228//5228 5227//5227
f 5222//5222 5223//5223 5229//5229 5228//5228
f 5223//5223 5224//5224 5230//5230 5229//5229
f 5224//5224 5219//5219 5225//5225 5230//5230
f 5225//5225 5226//5226 5232//5232 5231//5231
f 5226//5226 5227//5227 5233//5233 5232//5232
f 5227//5227 5228//5228 5234//5234 5233//5233
f 5228//5228 5229//5229 5235//5235 5234//5234
f 5229//5229 5230//5230 5236//5236 5235//5235
f 5230//5230 5225//5225 5231//5231 5236//5236
f 5231//5231 5232//5232 5238//5238 5237//5237
f 5232//5232 5233//5233 5239//5239 5238//5238
f 5233//5233 5234//5234 5240//5240 5239//5239
f 5234//5234 5235//5235 5241//5241 5240//5240
f 5235//5235 5236//5236 5242//5242 5241//5241
f 5236//5236 5231//5231 5237//5237 5242//5242
f 5237//5237 5238//5238 5244//5244 5243//5243
f 5238//5238 5239//5239 5245//5245 5244//5244
f 5239//5239 5240//5240 5246//5246 5245//5245
f 5240//5240 5241//5241 5247//5247 5246//5246
f 5241//5241 5242//5242 5248//5248 5247//5247
f 5242//5242 5237//5237 5243//5243 5248//5248
f 5250//5250 5255//5255 5249//5249
f 5251//5251 5255//5255 5250//5250
f 5252//5252 5255//5255 5251//5251
f 5253//5253 5255//5255 5252//5252
f 5254//5254 5255//5255 5253//5253
f 5249//5249 5255//5255 5254//5254
g part62
usemtl bone
v 0.06589 2.05528 0.11603
v 0.06920 2.05515 0.11416
v 0.06931 2.05587 0.11044
v 0.06611 2.05672 0.10857
v 0.06280 2.05685 0.11044
v 0.06269 2.05613 0.11416
v 0.06666 2.06042 0.11663
v 0.06963 2.06035 0.11497
v 0.06972 2.06100 0.11164
v 0.06686 2.06171 0.10997
v 0.06390 2.06178 0.11163
v 0.06380 2.06113 0.11496
v 0.06727 2.06559 0.11705
v 0.06973 2.06569 0.11571
v 0.06981 2.06623 0.11296
v 0.06743 2.06666 0.11155
v 0.06497 2.06656 0.11289
v 0.06489 2.06603 0.11564
v 0.06739 2.07087 0.11691
v 0.06884 2.07102 0.11615
v 0.06888 2.07134 0.11453
v 0.06748 2.07151 0.11369
v 0.06604 2.07136 0.11445
v 0.06599 2.07104 0.11607
v 0.06734 2.07620 0.11659
v 0.06761 2.07623 0.11646
v 0.06762 2.07629 0.11616
v 0.06736 2.07631 0.11601
v 0.06710 2.07628 0.11614
v 0.06709 2.07622 0.11644
v 0.06734 2.07620 0.11659
v 0.06761 2.07623 0.11646
v 0.06762 2.07629 0.11616
v 0.06736 2.07631 0.11601
v 0.06710 2.07628 0.11614
v 0.06709 2.07622 0.11644
v 0.06735 2.07625 0.11630
vn -0.0171 -0.1136 0.9934
vn 0.8509 -0.1480 0.5040
vn 0.8793 0.0409 -0.4745
vn 0.0397 0.2643 -0.9636
vn -0.8282 0.2988 -0.4742
vn -0.8565 0.1099 0.5042
vn -0.0160 -0.0961 0.9952
vn 0.8525 -0.1177 0.5092
vn 0.8810 0.0715 -0.4678
vn 0.0408 0.2821 -0.9585
vn -0.8273 0.3044 -0.4722
vn -0.8557 0.1154 0.5045
vn -0.0173 -0.0257 0.9995
vn 0.8488 0.0047 0.5286
vn 0.8771 0.1938 -0.4394
vn 0.0392 0.3523 -0.9351
vn -0.8258 0.3214 -0.4635
vn -0.8540 0.1325 0.5031
vn -0.0279 0.0428 0.9987
vn 0.8282 0.1283 0.5456
vn 0.8561 0.3166 -0.4085
vn 0.0279 0.4190 -0.9075
vn -0.8268 0.3327 -0.4536
vn -0.8546 0.1447 0.4987
vn -0.0319 0.0593 0.9977
vn 0.8199 0.1609 0.5494
vn 0.8477 0.3488 -0.3998
vn 0.0236 0.4349 -0.9002
vn -0.8277 0.3332 -0.4516
vn -0.8554 0.1454 0.4971
vn -0.0164 0.9809 0.1937
vn -0.0164 0.9809 0.1937
vn -0.0164 0.9809 0.1937
vn -0.0164 0.9809 0.1937
vn -0.0164 0.9809 0.1937
vn -0.0164 0.9809 0.1937
vn -0.0164 0.9809 0.1937
f 5256//5256 5257//5257 5263//5263 5262//5262
f 5257//5257 5258//5258 5264//5264 5263//5263
f 5258//5258 5259//5259 5265//5265 5264//5264
f 5259//5259 5260//5260 5266//5266 5265//5265
f 5260//5260 5261//5261 5267//5267 5266//5266
f 5261//5261 5256//5256 5262//5262 5267//5267
f 5262//5262 5263//5263 5269//5269 5268//5268
f 5263//5263 5264//5264 5270//5270 5269//5269
f 5264//5264 5265//5265 5271//5271 5270//5270
f 5265//5265 5266//5266 5272//5272 5271//5271
f 5266//5266 5267//5267 5273//5273 5272//5272
f 5267//5267 5262//5262 5268//5268 5273//5273
f 5268//5268 5269//5269 5275//5275 5274//5274
f 5269//5269 5270//5270 5276//5276 5275//5275
f 5270//5270 5271//5271 5277//5277 5276//5276
f 5271//5271 5272//5272 5278//5278 5277//5277
f 5272//5272 5273//5273 5279//5279 5278//5278
f 5273//5273 5268//5268 5274//5274 5279//5279
f 5274//5274 5275//5275 5281//5281 5280//5280
f 5275//5275 5276//5276 5282//5282 5281//5281
f 5276//5276 5277//5277 5283//5283 5282//5282
f 5277//5277 5278//5278 5284//5284 5283//5283
f 5278//5278 5279//5279 5285//5285 5284//5284
f 5279//5279 5274//5274 5280//5280 5285//5285
f 5287//5287 5292//5292 5286//5286
f 5288//5288 5292//5292 5287//5287
f 5289//5289 5292//5292 5288//5288
f 5290//5290 5292//5292 5289//5289
f 5291//5291 5292//5292 5290//5290
f 5286//5286 5292//5292 5291//5291
g part63
usemtl skin
v -0.25500 1.90000 0.00000
v -0.25500 1.90000 0.00000
v -0.25500 1.90000 0.00000
v -0.25500 1.90000 0.00000
v -0.25500 1.90000 0.00000
v -0.25500 1.90000 0.00000
v -0.25500 1.90000 0.00000
v -0.25500 1.90000 0.00000
v -0.25500 1.90000 0.00000
v -0.25500 1.90000 0.00000
v -0.25500 1.90000 0.00000
v -0.25500 1.90000 0.00000
v -0.25500 1.89543 0.02296
v -0.24256 1.89543 0.01988
v -0.23346 1.89543 0.01148
v -0.23013 1.89543 0.00000
v -0.23346 1.89543 -0.01148
v -0.24256 1.89543 -0.01988
v -0.25500 1.89543 -0.02296
v -0.26744 1.89543 -0.01988
v -0.27654 1.89543 -0.01148
v -0.27987 1.89543 -0.00000
v -0.27654 1.89543 0.01148
v -0.26744 1.89543 0.01988
v -0.25500 1.88243 0.04243
v -0.23202 1.88243 0.03674
v -0.21520 1.88243 0.02121
v -0.20904 1.88243 0.00000
v -0.21520 1.88243 -0.02121
v -0.23202 1.88243 -0.03674
v -0.25500 1.88243 -0.04243
v -0.27798 1.88243 -0.03674
v -0.29480 1.88243 -0.02121
v -0.30096 1.88243 -0.00000
v -0.29480 1.88243 0.02121
v -0.27798 1.88243 0.03674
v -0.25500 1.86296 0.05543
v -0.22497 1.86296 0.04801
v -0.20299 1.86296 0.02772
v -0.19495 1.86296 0.00000
v -0.20299 1.86296 -0.02772
v -0.22497 1.86296 -0.04801
v -0.25500 1.86296 -0.05543
v -0.28503 1.86296 -0.04801
v -0.30701 1.86296 -0.02772
v -0.31505 1.86296 -0.00000
v -0.30701 1.86296 0.02772
v -0.28503 1.86296 0.04801
v -0.25500 1.84000 0.06000
v -0.22250 1.84000 0.05196
v -0.19871 1.84000 0.03000
v -0.19000 1.84000 0.00000
v -0.19871 1.84000 -0.03000
v -0.22250 1.84000 -0.05196
v -0.25500 1.84000 -0.06000
v -0.28750 1.84000 -0.05196
v -0.31129 1.84000 -0.03000
v -0.32000 1.84000 -0.00000
v -0.31129 1.84000 0.03000
v -0.28750 1.84000 0.05196
v -0.25500 1.81704 0.05543
v -0.22497 1.81704 0.04801
v -0.20299 1.81704 0.02772
v -0.19495 1.81704 0.00000
v -0.20299 1.81704 -0.02772
v -0.22497 1.81704 -0.04801
v -0.25500 1.81704 -0.05543
v -0.28503 1.81704 -0.04801
v -0.30701 1.81704 -0.02772
v -0.31505 1.81704 -0.00000
v -0.30701 1.81704 0.02772
v -0.28503 1.81704 0.04801
v -0.25500 1.79757 0.04243
v -0.23202 1.79757 0.03674
v -0.21520 1.79757 0.02121
v -0.20904 1.79757 0.00000
v -0.21520 1.79757 -0.02121
v -0.23202 1.79757 -0.03674
v -0.25500 1.79757 -0.04243
v -0.27798 1.79757 -0.03674
v -0.29480 1.79757 -0.02121
v -0.30096 1.79757 -0.00000
v -0.29480 1.79757 0.02121
v -0.27798 1.79757 0.03674
v -0.25500 1.78457 0.02296
v -0.24256 1.78457 0.01988
v -0.23346 1.78457 0.01148
v -0.23013 1.78457 0.00000
v -0.23346 1.78457 -0.01148
v -0.24256 1.78457 -0.01988
v -0.25500 1.78457 -0.02296
v -0.26744 1.78457 -0.01988
v -0.27654 1.78457 -0.01148
v -0.27987 1.78457 -0.00000
v -0.27654 1.78457 0.01148
v -0.26744 1.78457 0.01988
v -0.25500 1.78000 0.00000
v -0.25500 1.78000 0.00000
v -0.25500 1.78000 0.00000
v -0.25500 1.78000 0.00000
v -0.25500 1.78000 -0.00000
v -0.25500 1.78000 -0.00000
v -0.25500 1.78000 -0.00000
v -0.25500 1.78000 -0.00000
v -0.25500 1.78000 -0.00000
v -0.25500 1.78000 -0.00000
v -0.25500 1.78000 0.00000
v -0.25500 1.78000 0.00000
vn 0.0000 1.0000 0.0000
vn 0.0000 1.0000 0.0000
vn 0.0000 1.0000 0.0000
vn 0.0000 1.0000 0.0000
vn 0.0000 1.0000 -0.0000
vn 0.0000 1.0000 -0.0000
vn 0.0000 1.0000 -0.0000
vn -0.0000 1.0000 -0.0000
vn -0.0000 1.0000 -0.0000
vn -0.0000 1.0000 -0.0000
vn -0.0000 1.0000 0.0000
vn -0.0000 1.0000 0.0000
vn 0.0000 0.9239 0.3827
vn 0.1771 0.9264 0.3323
vn 0.3084 0.9315 0.1929
vn 0.3571 0.9341 0.0000
vn 0.3084 0.9315 -0.1929
vn 0.1771 0.9264 -0.3323
vn 0.0000 0.9239 -0.3827
vn -0.1771 0.9264 -0.3323
vn -0.3084 0.9315 -0.1929
vn -0.3571 0.9341 -0.0000
vn -0.3084 0.9315 0.1929
vn -0.1771 0.9264 0.3323
vn 0.0000 0.7071 0.7071
vn 0.3294 0.7137 0.6181
vn 0.5816 0.7276 0.3638
vn 0.6783 0.7348 0.0000
vn 0.5816 0.7276 -0.3638
vn 0.3294 0.7137 -0.6181
vn 0.0000 0.7071 -0.7071
vn -0.3294 0.7137 -0.6181
vn -0.5816 0.7276 -0.3638
vn -0.6783 0.7348 -0.0000
vn -0.5816 0.7276 0.3638
vn -0.3294 0.7137 0.6181
vn 0.0000 0.3827 0.9239
vn 0.4333 0.3889 0.8130
vn 0.7762 0.4022 0.4855
vn 0.9124 0.4094 0.0000
vn 0.7762 0.4022 -0.4855
vn 0.4333 0.3889 -0.8130
vn 0.0000 0.3827 -0.9239
vn -0.4333 0.3889 -0.8130
vn -0.7762 0.4022 -0.4855
vn -0.9124 0.4094 -0.0000
vn -0.7762 0.4022 0.4855
vn -0.4333 0.3889 0.8130
vn 0.0000 0.0000 1.0000
vn 0.4703 0.0000 0.8825
vn 0.8478 0.0000 0.5303
vn 1.0000 0.0000 0.0000
vn 0.8478 0.0000 -0.5303
vn 0.4703 0.0000 -0.8825
vn 0.0000 0.0000 -1.0000
vn -0.4703 0.0000 -0.8825
vn -0.8478 0.0000 -0.5303
vn -1.0000 0.0000 -0.0000
vn -0.8478 0.0000 0.5303
vn -0.4703 0.0000 0.8825
vn 0.0000 -0.3827 0.9239
vn 0.4333 -0.3889 0.8130
vn 0.7762 -0.4022 0.4855
vn 0.9124 -0.4094 0.0000
vn 0.7762 -0.4022 -0.4855
vn 0.4333 -0.3889 -0.8130
vn 0.0000 -0.3827 -0.9239
vn -0.4333 -0.3889 -0.8130
vn -0.7762 -0.4022 -0.4855
vn -0.9124 -0.4094 -0.0000
vn -0.7762 -0.4022 0.4855
vn -0.4333 -0.3889 0.8130
vn 0.0000 -0.7071 0.7071
vn 0.3294 -0.7137 0.6181
vn 0.5816 -0.7276 0.3638
vn 0.6783 -0.7348 0.0000
vn 0.5816 -0.7276 -0.3638
vn 0.3294 -0.7137 -0.6181
vn 0.0000 -0.7071 -0.7071
vn -0.3294 -0.7137 -0.6181
vn -0.5816 -0.7276 -0.3638
vn -0.6783 -0.7348 -0.0000
vn -0.5816 -0.7276 0.3638
vn -0.3294 -0.7137 0.6181
vn 0.0000 -0.9239 0.3827
vn 0.1771 -0.9264 0.3323
vn 0.3084 -0.9315 0.1929
vn 0.3571 -0.9341 0.0000
vn 0.3084 -0.9315 -0.1929
vn 0.1771 -0.9264 -0.3323
vn 0.0000 -0.9239 -0.3827
vn -0.1771 -0.9264 -0.3323
vn -0.3084 -0.9315 -0.1929
vn -0.3571 -0.9341 -0.0000
vn -0.3084 -0.9315 0.1929
vn -0.1771 -0.9264 0.3323
vn 0.0000 -1.0000 0.0000
vn 0.0000 -1.0000 0.0000
vn 0.0000 -1.0000 0.0000
vn 0.0000 -1.0000 0.0000
vn 0.0000 -1.0000 -0.0000
vn 0.0000 -1.0000 -0.0000
vn 0.0000 -1.0000 -0.0000
vn -0.0000 -1.0000 -0.0000
vn -0.0000 -1.0000 -0.0000
vn -0.0000 -1.0000 -0.0000
vn -0.0000 -1.0000 0.0000
vn -0.0000 -1.0000 0.0000
f 5305//5305 5306//5306 5294//5294 5293//5293
f 5306//5306 5307//5307 5295//5295 5294//5294
f 5307//5307 5308//5308 5296//5296 5295//5295
f 5308//5308 5309//5309 5297//5297 5296//5296
f 5309//5309 5310//5310 5298//5298 5297//5297
f 5310//5310 5311//5311 5299//5299 5298//5298
f 5311//5311 5312//5312 5300//5300 5299//5299
f 5312//5312 5313//5313 5301//5301 5300//5300
f 5313//5313 5314//5314 5302//5302 5301//5301
f 5314//5314 5315//5315 5303//5303 5302//5302
f 5315//5315 5316//5316 5304//5304 5303//5303
f 5316//5316 5305//5305 5293//5293 5304//5304
f 5317//5317 5318//5318 5306//5306 5305//5305
f 5318//5318 5319//5319 5307//5307 5306//5306
f 5319//5319 5320//5320 5308//5308 5307//5307
f 5320//5320 5321//5321 5309//5309 5308//5308
f 5321//5321 5322//5322 5310//5310 5309//5309
f 5322//5322 5323//5323 5311//5311 5310//5310
f 5323//5323 5324//5324 5312//5312 5311//5311
f 5324//5324 5325//5325 5313//5313 5312//5312
f 5325//5325 5326//5326 5314//5314 5313//5313
f 5326//5326 5327//5327 5315//5315 5314//5314
f 5327//5327 5328//5328 5316//5316 5315//5315
f 5328//5328 5317//5317 5305//5305 5316//5316
f 5329//5329 5330//5330 5318//5318 5317//5317
f 5330//5330 5331//5331 5319//5319 5318//5318
f 5331//5331 5332//5332 5320//5320 5319//5319
f 5332//5332 5333//5333 5321//5321 5320//5320
f 5333//5333 5334//5334 5322//5322 5321//5321
f 5334//5334 5335//5335 5323//5323 5322//5322
f 5335//5335 5336//5336 5324//5324 5323//5323
f 5336//5336 5337//5337 5325//5325 5324//5324
f 5337//5337 5338//5338 5326//5326 5325//5325
f 5338//5338 5339//5339 5327//5327 5326//5326
f 5339//5339 5340//5340 5328//5328 5327//5327
f 5340//5340 5329//5329 5317//5317 5328//5328
f 5341//5341 5342//5342 5330//5330 5329//5329
f 5342//5342 5343//5343 5331//5331 5330//5330
f 5343//5343 5344//5344 5332//5332 5331//5331
f 5344//5344 5345//5345 5333//5333 5332//5332
f 5345//5345 5346//5346 5334//5334 5333//5333
f 5346//5346 5347//5347 5335//5335 5334//5334
f 5347//5347 5348//5348 5336//5336 5335//5335
f 5348//5348 5349//5349 5337//5337 5336//5336
f 5349//5349 5350//5350 5338//5338 5337//5337
f 5350//5350 5351//5351 5339//5339 5338//5338
f 5351//5351 5352//5352 5340//5340 5339//5339
f 5352//5352 5341//5341 5329//5329 5340//5340
f 5353//5353 5354//5354 5342//5342 5341//5341
f 5354//5354 5355//5355 5343//5343 5342//5342
f 5355//5355 5356//5356 5344//5344 5343//5343
f 5356//5356 5357//5357 5345//5345 5344//5344
f 5357//5357 5358//5358 5346//5346 5345//5345
f 5358//5358 5359//5359 5347//5347 5346//5346
f 5359//5359 5360//5360 5348//5348 5347//5347
f 5360//5360 5361//5361 5349//5349 5348//5348
f 5361//5361 5362//5362 5350//5350 5349//5349
f 5362//5362 5363//5363 5351//5351 5350//5350
f 5363//5363 5364//5364 5352//5352 5351//5351
f 5364//5364 5353//5353 5341//5341 5352//5352
f 5365//5365 5366//5366 5354//5354 5353//5353
f 5366//5366 5367//5367 5355//5355 5354//5354
f 5367//5367 5368//5368 5356//5356 5355//5355
f 5368//5368 5369//5369 5357//5357 5356//5356
f 5369//5369 5370//5370 5358//5358 5357//5357
f 5370//5370 5371//5371 5359//5359 5358//5358
f 5371//5371 5372//5372 5360//5360 5359//5359
f 5372//5372 5373//5373 5361//5361 5360//5360
f 5373//5373 5374//5374 5362//5362 5361//5361
f 5374//5374 5375//5375 5363//5363 5362//5362
f 5375//5375 5376//5376 5364//5364 5363//5363
f 5376//5376 5365//5365 5353//5353 5364//5364
f 5377//5377 5378//5378 5366//5366 5365//5365
f 5378//5378 5379//5379 5367//5367 5366//5366
f 5379//5379 5380//5380 5368//5368 5367//5367
f 5380//5380 5381//5381 5369//5369 5368//5368
f 5381//5381 5382//5382 5370//5370 5369//5369
f 5382//5382 5383//5383 5371//5371 5370//5370
f 5383//5383 5384//5384 5372//5372 5371//5371
f 5384//5384 5385//5385 5373//5373 5372//5372
f 5385//5385 5386//5386 5374//5374 5373//5373
f 5386//5386 5387//5387 5375//5375 5374//5374
f 5387//5387 5388//5388 5376//5376 5375//5375
f 5388//5388 5377//5377 5365//5365 5376//5376
f 5389//5389 5390//5390 5378//5378 5377//5377
f 5390//5390 5391//5391 5379//5379 5378//5378
f 5391//5391 5392//5392 5380//5380 5379//5379
f 5392//5392 5393//5393 5381//5381 5380//5380
f 5393//5393 5394//5394 5382//5382 5381//5381
f 5394//5394 5395//5395 5383//5383 5382//5382
f 5395//5395 5396//5396 5384//5384 5383//5383
f 5396//5396 5397//5397 5385//5385 5384//5384
f 5397//5397 5398//5398 5386//5386 5385//5385
f 5398//5398 5399//5399 5387//5387 5386//5386
f 5399//5399 5400//5400 5388//5388 5387//5387
f 5400//5400 5389//5389 5377//5377 5388//5388
g part64
usemtl skin
v -0.25000 1.89000 0.00000
v -0.24905 1.88330 -0.02248
v -0.24835 1.86500 -0.03894
v -0.24810 1.84000 -0.04496
v -0.24835 1.81500 -0.03894
v -0.24905 1.79670 -0.02248
v -0.25000 1.79000 -0.00000
v -0.25095 1.79670 0.02248
v -0.25165 1.81500 0.03894
v -0.25190 1.84000 0.04496
v -0.25165 1.86500 0.03894
v -0.25095 1.88330 0.02248
v -0.30816 1.88744 -0.00246
v -0.30725 1.88108 -0.02379
v -0.30658 1.86372 -0.03941
v -0.30633 1.84000 -0.04512
v -0.30658 1.81628 -0.03941
v -0.30725 1.79892 -0.02379
v -0.30816 1.79256 -0.00246
v -0.30907 1.79892 0.01886
v -0.30974 1.81628 0.03448
v -0.30999 1.84000 0.04019
v -0.30974 1.86372 0.03448
v -0.30907 1.88108 0.01886
v -0.36648 1.88472 -0.00499
v -0.36561 1.87873 -0.02510
v -0.36498 1.86236 -0.03982
v -0.36475 1.84000 -0.04520
v -0.36498 1.81764 -0.03982
v -0.36561 1.80127 -0.02510
v -0.36648 1.79528 -0.00499
v -0.36735 1.80127 0.01511
v -0.36798 1.81764 0.02983
v -0.36821 1.84000 0.03522
v -0.36798 1.86236 0.02983
v -0.36735 1.87873 0.01511
v -0.42472 1.88208 -0.00749
v -0.42393 1.87644 -0.02641
v -0.42335 1.86104 -0.04026
v -0.42314 1.84000 -0.04533
v -0.42335 1.81896 -0.04026
v -0.42393 1.80356 -0.02641
v -0.42472 1.79792 -0.00749
v -0.42551 1.80356 0.01143
v -0.42609 1.81896 0.02528
v -0.42630 1.84000 0.03035
v -0.42609 1.86104 0.02528
v -0.42551 1.87644 0.01143
v -0.48264 1.87976 -0.00986
v -0.48194 1.87443 -0.02773
v -0.48143 1.85988 -0.04082
v -0.48124 1.84000 -0.04561
v -0.48143 1.82012 -0.04082
v -0.48194 1.80557 -0.02773
v -0.48264 1.80024 -0.00986
v -0.48334 1.80557 0.00802
v -0.48385 1.82012 0.02111
v -0.48404 1.84000 0.02590
v -0.48385 1.85988 0.02111
v -0.48334 1.87443 0.00802
v -0.54000 1.87800 -0.01200
v -0.53935 1.87291 -0.02909
v -0.53888 1.85900 -0.04160
v -0.53870 1.84000 -0.04618
v -0.53888 1.82100 -0.04160
v -0.53935 1.80709 -0.02909
v -0.54000 1.80200 -0.01200
v -0.54065 1.80709 0.00509
v -0.54112 1.82100 0.01760
v -0.54130 1.84000 0.02218
v -0.54112 1.85900 0.01760
v -0.54065 1.87291 0.00509
v -0.59664 1.87702 -0.01418
v -0.59598 1.87206 -0.03082
v -0.59550 1.85851 -0.04301
v -0.59533 1.84000 -0.04747
v -0.59550 1.82149 -0.04301
v -0.59598 1.80794 -0.03082
v -0.59664 1.80298 -0.01418
v -0.59730 1.80794 0.00247
v -0.59778 1.82149 0.01466
v -0.59795 1.84000 0.01912
v -0.59778 1.85851 0.01466
v -0.59730 1.87206 0.00247
v -0.65272 1.87667 -0.01645
v -0.65209 1.87176 -0.03294
v -0.65163 1.85834 -0.04501
v -0.65146 1.84000 -0.04943
v -0.65163 1.82166 -0.04501
v -0.65209 1.80824 -0.03294
v -0.65272 1.80333 -0.01645
v -0.65335 1.80824 0.00004
v -0.65381 1.82166 0.01211
v -0.65398 1.84000 0.01653
v -0.65381 1.85834 0.01211
v -0.65335 1.87176 0.00004
v -0.70848 1.87661 -0.01843
v -0.70799 1.87170 -0.03490
v -0.70764 1.85830 -0.04695
v -0.70751 1.84000 -0.05136
v -0.70764 1.82170 -0.04695
v -0.70799 1.80830 -0.03490
v -0.70848 1.80339 -0.01843
v -0.70897 1.80830 -0.00197
v -0.70932 1.82170 0.01009
v -0.70945 1.84000 0.01450
v -0.70932 1.85830 0.01009
v -0.70897 1.87170 -0.00197
v -0.76416 1.87650 -0.01974
v -0.76393 1.87161 -0.03617
v -0.76376 1.85825 -0.04819
v -0.76370 1.84000 -0.05259
v -0.76376 1.82175 -0.04819
v -0.76393 1.80839 -0.03617
v -0.76416 1.80350 -0.01974
v -0.76439 1.80839 -0.00332
v -0.76456 1.82175 0.00870
v -0.76462 1.84000 0.01310
v -0.76456 1.85825 0.00870
v -0.76439 1.87161 -0.00332
v -0.82000 1.87600 -0.02000
v -0.82013 1.87118 -0.03620
v -0.82023 1.85800 -0.04806
v -0.82027 1.84000 -0.05240
v -0.82023 1.82200 -0.04806
v -0.82013 1.80882 -0.03620
v -0.82000 1.80400 -0.02000
v -0.81987 1.80882 -0.00380
v -0.81977 1.82200 0.00806
v -0.81973 1.84000 0.01240
v -0.81977 1.85800 0.00806
v -0.81987 1.87118 -0.00380
v -0.87600 1.87510 -0.01882
v -0.87650 1.87040 -0.03460
v -0.87687 1.85755 -0.04616
v -0.87700 1.84000 -0.05039
v -0.87687 1.82245 -0.04616
v -0.87650 1.80960 -0.03460
v -0.87600 1.80490 -0.01882
v -0.87550 1.80960 -0.00303
v -0.87513 1.82245 0.00853
v -0.87500 1.84000 0.01276
v -0.87513 1.85755 0.00853
v -0.87550 1.87040 -0.00303
v -0.93200 1.87403 -0.01645
v -0.93273 1.86947 -0.03174
v -0.93326 1.85702 -0.04294
v -0.93346 1.84000 -0.04704
v -0.93326 1.82298 -0.04294
v -0.93273 1.81053 -0.03174
v -0.93200 1.80597 -0.01645
v -0.93127 1.81053 -0.00115
v -0.93074 1.82298 0.01005
v -0.93054 1.84000 0.01415
v -0.93074 1.85702 0.01005
v -0.93127 1.86947 -0.00115
v -0.98800 1.87281 -0.01347
v -0.98879 1.86841 -0.02821
v -0.98936 1.85640 -0.03901
v -0.98958 1.84000 -0.04296
v -0.98936 1.82360 -0.03901
v -0.98879 1.81159 -0.02821
v -0.98800 1.80719 -0.01347
v -0.98721 1.81159 0.00127
v -0.98664 1.82360 0.01206
v -0.98642 1.84000 0.01601
v -0.98664 1.85640 0.01206
v -0.98721 1.86841 0.00127
v -1.04400 1.87146 -0.01046
v -1.04469 1.86724 -0.02460
v -1.04520 1.85573 -0.03495
v -1.04538 1.84000 -0.03874
v -1.04520 1.82427 -0.03495
v -1.04469 1.81276 -0.02460
v -1.04400 1.80854 -0.01046
v -1.04331 1.81276 0.00367
v -1.04280 1.82427 0.01402
v -1.04262 1.84000 0.01781
v -1.04280 1.85573 0.01402
v -1.04331 1.86724 0.00367
v -1.10000 1.87000 -0.00800
v -1.10052 1.86598 -0.02149
v -1.10090 1.85500 -0.03137
v -1.10104 1.84000 -0.03498
v -1.10090 1.82500 -0.03137
v -1.10052 1.81402 -0.02149
v -1.10000 1.81000 -0.00800
v -1.09948 1.81402 0.00549
v -1.09910 1.82500 0.01537
v -1.09896 1.84000 0.01898
v -1.09910 1.85500 0.01537
v -1.09948 1.86598 0.00549
v -1.15600 1.86839 -0.00614
v -1.15640 1.86459 -0.01891
v -1.15669 1.85420 -0.02826
v -1.15680 1.84000 -0.03168
v -1.15669 1.82580 -0.02826
v -1.15640 1.81541 -0.01891
v -1.15600 1.81161 -0.00614
v -1.15560 1.81541 0.00663
v -1.15531 1.82580 0.01597
v -1.15520 1.84000 0.01940
v -1.15531 1.85420 0.01597
v -1.15560 1.86459 0.00663
v -1.21200 1.86662 -0.00451
v -1.21234 1.86305 -0.01648
v -1.21258 1.85331 -0.02525
v -1.21267 1.84000 -0.02846
v -1.21258 1.82669 -0.02525
v -1.21234 1.81695 -0.01648
v -1.21200 1.81338 -0.00451
v -1.21166 1.81695 0.00746
v -1.21142 1.82669 0.01622
v -1.21133 1.84000 0.01943
v -1.21142 1.85331 0.01622
v -1.21166 1.86305 0.00746
v -1.26800 1.86474 -0.00301
v -1.26830 1.86143 -0.01414
v -1.26851 1.85237 -0.02229
v -1.26859 1.84000 -0.02527
v -1.26851 1.82763 -0.02229
v -1.26830 1.81857 -0.01414
v -1.26800 1.81526 -0.00301
v -1.26770 1.81857 0.00812
v -1.26749 1.82763 0.01627
v -1.26741 1.84000 0.01925
v -1.26749 1.85237 0.01627
v -1.26770 1.86143 0.00812
v -1.32400 1.86285 -0.00154
v -1.32428 1.85979 -0.01181
v -1.32448 1.85142 -0.01934
v -1.32455 1.84000 -0.02209
v -1.32448 1.82858 -0.01934
v -1.32428 1.82021 -0.01181
v -1.32400 1.81715 -0.00154
v -1.32372 1.82021 0.00874
v -1.32352 1.82858 0.01627
v -1.32345 1.84000 0.01902
v -1.32352 1.85142 0.01627
v -1.32372 1.85979 0.00874
v -1.38000 1.86100 -0.00000
v -1.38026 1.85819 -0.00945
v -1.38045 1.85050 -0.01636
v -1.38052 1.84000 -0.01889
v -1.38045 1.82950 -0.01636
v -1.38026 1.82181 -0.00945
v -1.38000 1.81900 0.00000
v -1.37974 1.82181 0.00945
v -1.37955 1.82950 0.01636
v -1.37948 1.84000 0.01889
v -1.37955 1.85050 0.01636
v -1.37974 1.85819 0.00945
v -0.25000 1.89000 0.00000
v -0.24905 1.88330 -0.02248
v -0.24835 1.86500 -0.03894
v -0.24810 1.84000 -0.04496
v -0.24835 1.81500 -0.03894
v -0.24905 1.79670 -0.02248
v -0.25000 1.79000 -0.00000
v -0.25095 1.79670 0.02248
v -0.25165 1.81500 0.03894
v -0.25190 1.84000 0.04496
v -0.25165 1.86500 0.03894
v -0.25095 1.88330 0.02248
v -0.25000 1.84000 0.00000
v -1.38000 1.86100 -0.00000
v -1.38026 1.85819 -0.00945
v -1.38045 1.85050 -0.01636
v -1.38052 1.84000 -0.01889
v -1.38045 1.82950 -0.01636
v -1.38026 1.82181 -0.00945
v -1.38000 1.81900 0.00000
v -1.37974 1.82181 0.00945
v -1.37955 1.82950 0.01636
v -1.37948 1.84000 0.01889
v -1.37955 1.85050 0.01636
v -1.37974 1.85819 0.00945
v -1.38000 1.84000 0.00000
vn -0.0439 0.9990 -0.0019
vn -0.0198 0.8409 -0.5408
vn -0.0030 0.4607 -0.8875
vn 0.0028 0.0000 -1.0000
vn -0.0030 -0.4607 -0.8875
vn -0.0198 -0.8409 -0.5408
vn -0.0439 -0.9990 -0.0019
vn -0.0655 -0.8409 0.5372
vn -0.0780 -0.4607 0.8841
vn -0.0818 -0.0000 0.9966
vn -0.0780 0.4607 0.8841
vn -0.0655 0.8409 0.5372
vn -0.0452 0.9990 -0.0019
vn -0.0208 0.8409 -0.5408
vn -0.0037 0.4607 -0.8876
vn 0.0021 0.0000 -1.0000
vn -0.0037 -0.4607 -0.8876
vn -0.0208 -0.8409 -0.5408
vn -0.0452 -0.9990 -0.0019
vn -0.0670 -0.8409 0.5370
vn -0.0796 -0.4607 0.8840
vn -0.0835 -0.0000 0.9965
vn -0.0796 0.4607 0.8840
vn -0.0670 0.8409 0.5370
vn -0.0459 0.9989 -0.0020
vn -0.0213 0.8409 -0.5408
vn -0.0041 0.4607 -0.8876
vn 0.0018 0.0000 -1.0000
vn -0.0041 -0.4607 -0.8876
vn -0.0213 -0.8409 -0.5408
vn -0.0459 -0.9989 -0.0020
vn -0.0678 -0.8409 0.5370
vn -0.0805 -0.4607 0.8839
vn -0.0843 -0.0000 0.9964
vn -0.0805 0.4607 0.8839
vn -0.0678 0.8409 0.5370
vn -0.0426 0.9991 -0.0018
vn -0.0188 0.8410 -0.5407
vn -0.0021 0.4607 -0.8875
vn 0.0035 -0.0000 -1.0000
vn -0.0021 -0.4607 -0.8875
vn -0.0188 -0.8410 -0.5407
vn -0.0426 -0.9991 -0.0018
vn -0.0640 -0.8410 0.5373
vn -0.0764 -0.4607 0.8842
vn -0.0802 -0.0000 0.9968
vn -0.0764 0.4607 0.8842
vn -0.0640 0.8410 0.5373
vn -0.0353 0.9994 -0.0014
vn -0.0132 0.8412 -0.5406
vn 0.0022 0.4608 -0.8875
vn 0.0073 -0.0000 -1.0000
vn 0.0022 -0.4608 -0.8875
vn -0.0132 -0.8412 -0.5406
vn -0.0353 -0.9994 -0.0014
vn -0.0555 -0.8412 0.5379
vn -0.0673 -0.4608 0.8849
vn -0.0709 -0.0000 0.9975
vn -0.0673 0.4608 0.8849
vn -0.0555 0.8412 0.5379
vn -0.0240 0.9997 -0.0009
vn -0.0028 0.8415 -0.5403
vn 0.0115 0.4610 -0.8873
vn 0.0163 0.0000 -0.9999
vn 0.0115 -0.4610 -0.8873
vn -0.0028 -0.8415 -0.5403
vn -0.0240 -0.9997 -0.0009
vn -0.0437 -0.8415 0.5385
vn -0.0557 -0.4610 0.8857
vn -0.0594 -0.0000 0.9982
vn -0.0557 0.4610 0.8857
vn -0.0437 0.8415 0.5385
vn -0.0118 0.9999 -0.0005
vn 0.0099 0.8416 -0.5399
vn 0.0241 0.4611 -0.8870
vn 0.0288 0.0000 -0.9996
vn 0.0241 -0.4611 -0.8870
vn 0.0099 -0.8416 -0.5399
vn -0.0118 -0.9999 -0.0005
vn -0.0327 -0.8416 0.5390
vn -0.0458 -0.4611 0.8862
vn -0.0500 -0.0000 0.9987
vn -0.0458 0.4611 0.8862
vn -0.0327 0.8416 0.5390
vn -0.0037 1.0000 -0.0001
vn 0.0169 0.8417 -0.5397
vn 0.0303 0.4611 -0.8868
vn 0.0347 0.0000 -0.9994
vn 0.0303 -0.4611 -0.8868
vn 0.0169 -0.8417 -0.5397
vn -0.0037 -1.0000 -0.0001
vn -0.0242 -0.8417 0.5394
vn -0.0372 -0.4611 0.8866
vn -0.0414 -0.0000 0.9991
vn -0.0372 0.4611 0.8866
vn -0.0242 0.8417 0.5394
vn -0.0016 1.0000 -0.0000
vn 0.0144 0.8417 -0.5398
vn 0.0248 0.4611 -0.8870
vn 0.0281 0.0000 -0.9996
vn 0.0248 -0.4611 -0.8870
vn 0.0144 -0.8417 -0.5398
vn -0.0016 -1.0000 -0.0000
vn -0.0175 -0.8417 0.5397
vn -0.0277 -0.4611 0.8869
vn -0.0310 -0.0000 0.9995
vn -0.0277 0.4611 0.8869
vn -0.0175 0.8417 0.5397
vn -0.0055 1.0000 -0.0001
vn 0.0023 0.8417 -0.5400
vn 0.0075 0.4611 -0.8873
vn 0.0092 0.0000 -1.0000
vn 0.0075 -0.4611 -0.8873
vn 0.0023 -0.8417 -0.5400
vn -0.0055 -1.0000 -0.0001
vn -0.0129 -0.8417 0.5398
vn -0.0176 -0.4611 0.8872
vn -0.0191 -0.0000 0.9998
vn -0.0176 0.4611 0.8872
vn -0.0129 0.8417 0.5398
vn -0.0124 0.9999 0.0001
vn -0.0165 0.8416 -0.5398
vn -0.0187 0.4611 -0.8872
vn -0.0194 0.0000 -0.9998
vn -0.0187 -0.4611 -0.8872
vn -0.0165 -0.8416 -0.5398
vn -0.0124 -0.9999 0.0001
vn -0.0077 -0.8416 0.5400
vn -0.0042 -0.4611 0.8874
vn -0.0031 -0.0000 1.0000
vn -0.0042 0.4611 0.8874
vn -0.0077 0.8416 0.5400
vn -0.0176 0.9998 0.0006
vn -0.0341 0.8416 -0.5391
vn -0.0441 0.4610 -0.8863
vn -0.0473 -0.0000 -0.9989
vn -0.0441 -0.4610 -0.8863
vn -0.0341 -0.8416 -0.5391
vn -0.0176 -0.9998 0.0006
vn -0.0000 -0.8416 0.5401
vn 0.0118 -0.4610 0.8873
vn 0.0158 -0.0000 0.9999
vn 0.0118 0.4610 0.8873
vn -0.0000 0.8416 0.5401
vn -0.0204 0.9998 0.0010
vn -0.0455 0.8415 -0.5383
vn -0.0610 0.4610 -0.8853
vn -0.0659 -0.0000 -0.9978
vn -0.0610 -0.4610 -0.8853
vn -0.0455 -0.8415 -0.5383
vn -0.0204 -0.9998 0.0010
vn 0.0058 -0.8415 0.5402
vn 0.0234 -0.4610 0.8871
vn 0.0292 -0.0000 0.9996
vn 0.0234 0.4610 0.8871
vn 0.0058 0.8415 0.5402
vn -0.0229 0.9997 0.0012
vn -0.0511 0.8415 -0.5379
vn -0.0685 0.4610 -0.8848
vn -0.0740 0.0000 -0.9973
vn -0.0685 -0.4610 -0.8848
vn -0.0511 -0.8415 -0.5379
vn -0.0229 -0.9997 0.0012
vn 0.0065 -0.8415 0.5402
vn 0.0262 -0.4610 0.8870
vn 0.0327 -0.0000 0.9995
vn 0.0262 0.4610 0.8870
vn 0.0065 0.8415 0.5402
vn -0.0250 0.9997 0.0012
vn -0.0507 0.8414 -0.5380
vn -0.0664 0.4610 -0.8849
vn -0.0714 0.0000 -0.9974
vn -0.0664 -0.4610 -0.8849
vn -0.0507 -0.8414 -0.5380
vn -0.0250 -0.9997 0.0012
vn 0.0021 -0.8414 0.5403
vn 0.0203 -0.4610 0.8872
vn 0.0264 -0.0000 0.9997
vn 0.0203 0.4610 0.8872
vn 0.0021 0.8414 0.5403
vn -0.0273 0.9996 0.0011
vn -0.0474 0.8414 -0.5383
vn -0.0595 0.4609 -0.8854
vn -0.0632 0.0000 -0.9980
vn -0.0595 -0.4609 -0.8854
vn -0.0474 -0.8414 -0.5383
vn -0.0273 -0.9996 0.0011
vn -0.0057 -0.8414 0.5404
vn 0.0091 -0.4609 0.8874
vn 0.0141 -0.0000 0.9999
vn 0.0091 0.4609 0.8874
vn -0.0057 0.8414 0.5404
vn -0.0302 0.9995 0.0009
vn -0.0462 0.8413 -0.5385
vn -0.0555 0.4609 -0.8857
vn -0.0583 0.0000 -0.9983
vn -0.0555 -0.4609 -0.8857
vn -0.0462 -0.8413 -0.5385
vn -0.0302 -0.9995 0.0009
vn -0.0125 -0.8413 0.5404
vn -0.0002 -0.4609 0.8874
vn 0.0040 -0.0000 1.0000
vn -0.0002 0.4609 0.8874
vn -0.0125 0.8413 0.5404
vn -0.0325 0.9995 0.0009
vn -0.0467 0.8413 -0.5386
vn -0.0548 0.4609 -0.8858
vn -0.0573 0.0000 -0.9984
vn -0.0548 -0.4609 -0.8858
vn -0.0467 -0.8413 -0.5386
vn -0.0325 -0.9995 0.0009
vn -0.0165 -0.8413 0.5404
vn -0.0051 -0.4609 0.8874
vn -0.0013 -0.0000 1.0000
vn -0.0051 0.4609 0.8874
vn -0.0165 0.8413 0.5404
vn -0.0336 0.9994 0.0009
vn -0.0470 0.8412 -0.5386
vn -0.0546 0.4609 -0.8858
vn -0.0568 0.0000 -0.9984
vn -0.0546 -0.4609 -0.8858
vn -0.0470 -0.8412 -0.5386
vn -0.0336 -0.9994 0.0009
vn -0.0183 -0.8412 0.5403
vn -0.0074 -0.4609 0.8874
vn -0.0037 -0.0000 1.0000
vn -0.0074 0.4609 0.8874
vn -0.0183 0.8412 0.5403
vn -0.0334 0.9994 0.0009
vn -0.0469 0.8413 -0.5386
vn -0.0546 0.4609 -0.8858
vn -0.0569 0.0000 -0.9984
vn -0.0546 -0.4609 -0.8858
vn -0.0469 -0.8413 -0.5386
vn -0.0334 -0.9994 0.0009
vn -0.0180 -0.8413 0.5403
vn -0.0070 -0.4609 0.8874
vn -0.0032 -0.0000 1.0000
vn -0.0070 0.4609 0.8874
vn -0.0180 0.8413 0.5403
vn -0.0330 0.9995 0.0009
vn -0.0468 0.8413 -0.5386
vn -0.0547 0.4609 -0.8858
vn -0.0571 0.0000 -0.9984
vn -0.0547 -0.4609 -0.8858
vn -0.0468 -0.8413 -0.5386
vn -0.0330 -0.9995 0.0009
vn -0.0172 -0.8413 0.5403
vn -0.0061 -0.4609 0.8874
vn -0.0023 0.0000 1.0000
vn -0.0061 0.4609 0.8874
vn -0.0172 0.8413 0.5403
vn 0.9991 -0.0000 0.0423
vn 0.9991 -0.0000 0.0423
vn 0.9991 -0.0000 0.0423
vn 0.9991 -0.0000 0.0423
vn 0.9991 -0.0000 0.0423
vn 0.9991 -0.0000 0.0423
vn 0.9991 -0.0000 0.0423
vn 0.9991 -0.0000 0.0423
vn 0.9991 -0.0000 0.0423
vn 0.9991 -0.0000 0.0423
vn 0.9991 -0.0000 0.0423
vn 0.9991 -0.0000 0.0423
vn 0.9991 -0.0000 0.0423
vn -0.9996 0.0000 0.0274
vn -0.9996 0.0000 0.0274
vn -0.9996 0.0000 0.0274
vn -0.9996 0.0000 0.0274
vn -0.9996 0.0000 0.0274
vn -0.9996 0.0000 0.0274
vn -0.9996 0.0000 0.0274
vn -0.9996 0.0000 0.0274
vn -0.9996 0.0000 0.0274
vn -0.9996 0.0000 0.0274
vn -0.9996 0.0000 0.0274
vn -0.9996 0.0000 0.0274
vn -0.9996 0.0000 0.0274
f 5401//5401 5402//5402 5414//5414 5413//5413
f 5402//5402 5403//5403 5415//5415 5414//5414
f 5403//5403 5404//5404 5416//5416 5415//5415
f 5404//5404 5405//5405 5417//5417 5416//5416
f 5405//5405 5406//5406 5418//5418 5417//5417
f 5406//5406 5407//5407 5419//5419 5418//5418
f 5407//5407 5408//5408 5420//5420 5419//5419
f 5408//5408 5409//5409 5421//5421 5420//5420
f 5409//5409 5410//5410 5422//5422 5421//5421
f 5410//5410 5411//5411 5423//5423 5422//5422
f 5411//5411 5412//5412 5424//5424 5423//5423
f 5412//5412 5401//5401 5413//5413 5424//5424
f 5413//5413 5414//5414 5426//5426 5425//5425
f 5414//5414 5415//5415 5427//5427 5426//5426
f 5415//5415 5416//5416 5428//5428 5427//5427
f 5416//5416 5417//5417 5429//5429 5428//5428
f 5417//5417 5418//5418 5430//5430 5429//5429
f 5418//5418 5419//5419 5431//5431 5430//5430
f 5419//5419 5420//5420 5432//5432 5431//5431
f 5420//5420 5421//5421 5433//5433 5432//5432
f 5421//5421 5422//5422 5434//5434 5433//5433
f 5422//5422 5423//5423 5435//5435 5434//5434
f 5423//5423 5424//5424 5436//5436 5435//5435
f 5424//5424 5413//5413 5425//5425 5436//5436
f 5425//5425 5426//5426 5438//5438 5437//5437
f 5426//5426 5427//5427 5439//5439 5438//5438
f 5427//5427 5428//5428 5440//5440 5439//5439
f 5428//5428 5429//5429 5441//5441 5440//5440
f 5429//5429 5430//5430 5442//5442 5441//5441
f 5430//5430 5431//5431 5443//5443 5442//5442
f 5431//5431 5432//5432 5444//5444 5443//5443
f 5432//5432 5433//5433 5445//5445 5444//5444
f 5433//5433 5434//5434 5446//5446 5445//5445
f 5434//5434 5435//5435 5447//5447 5446//5446
f 5435//5435 5436//5436 5448//5448 5447//5447
f 5436//5436 5425//5425 5437//5437 5448//5448
f 5437//5437 5438//5438 5450//5450 5449//5449
f 5438//5438 5439//5439 5451//5451 5450//5450
f 5439//5439 5440//5440 5452//5452 5451//5451
f 5440//5440 5441//5441 5453//5453 5452//5452
f 5441//5441 5442//5442 5454//5454 5453//5453
f 5442//5442 5443//5443 5455//5455 5454//5454
f 5443//5443 5444//5444 5456//5456 5455//5455
f 5444//5444 5445//5445 5457//5457 5456//5456
f 5445//5445 5446//5446 5458//5458 5457//5457
f 5446//5446 5447//5447 5459//5459 5458//5458
f 5447//5447 5448//5448 5460//5460 5459//5459
f 5448//5448 5437//5437 5449//5449 5460//5460
f 5449//5449 5450//5450 5462//5462 5461//5461
f 5450//5450 5451//5451 5463//5463 5462//5462
f 5451//5451 5452//5452 5464//5464 5463//5463
f 5452//5452 5453//5453 5465//5465 5464//5464
f 5453//5453 5454//5454 5466//5466 5465//5465
f 5454//5454 5455//5455 5467//5467 5466//5466
f 5455//5455 5456//5456 5468//5468 5467//5467
f 5456//5456 5457//5457 5469//5469 5468//5468
f 5457//5457 5458//5458 5470//5470 5469//5469
f 5458//5458 5459//5459 5471//5471 5470//5470
f 5459//5459 5460//5460 5472//5472 5471//5471
f 5460//5460 5449//5449 5461//5461 5472//5472
f 5461//5461 5462//5462 5474//5474 5473//5473
f 5462//5462 5463//5463 5475//5475 5474//5474
f 5463//5463 5464//5464 5476//5476 5475//5475
f 5464//5464 5465//5465 5477//5477 5476//5476
f 5465//5465 5466//5466 5478//5478 5477//5477
f 5466//5466 5467//5467 5479//5479 5478//5478
f 5467//5467 5468//5468 5480//5480 5479//5479
f 5468//5468 5469//5469 5481//5481 5480//5480
f 5469//5469 5470//5470 5482//5482 5481//5481
f 5470//5470 5471//5471 5483//5483 5482//5482
f 5471//5471 5472//5472 5484//5484 5483//5483
f 5472//5472 5461//5461 5473//5473 5484//5484
f 5473//5473 5474//5474 5486//5486 5485//5485
f 5474//5474 5475//5475 5487//5487 5486//5486
f 5475//5475 5476//5476 5488//5488 5487//5487
f 5476//5476 5477//5477 5489//5489 5488//5488
f 5477//5477 5478//5478 5490//5490 5489//5489
f 5478//5478 5479//5479 5491//5491 5490//5490
f 5479//5479 5480//5480 5492//5492 5491//5491
f 5480//5480 5481//5481 5493//5493 5492//5492
f 5481//5481 5482//5482 5494//5494 5493//5493
f 5482//5482 5483//5483 5495//5495 5494//5494
f 5483//5483 5484//5484 5496//5496 5495//5495
f 5484//5484 5473//5473 5485//5485 5496//5496
f 5485//5485 5486//5486 5498//5498 5497//5497
f 5486//5486 5487//5487 5499//5499 5498//5498
f 5487//5487 5488//5488 5500//5500 5499//5499
f 5488//5488 5489//5489 5501//5501 5500//5500
f 5489//5489 5490//5490 5502//5502 5501//5501
f 5490//5490 5491//5491 5503//5503 5502//5502
f 5491//5491 5492//5492 5504//5504 5503//5503
f 5492//5492 5493//5493 5505//5505 5504//5504
f 5493//5493 5494//5494 5506//5506 5505//5505
f 5494//5494 5495//5495 5507//5507 5506//5506
f 5495//5495 5496//5496 5508//5508 5507//5507
f 5496//5496 5485//5485 5497//5497 5508//5508
f 5497//5497 5498//5498 5510//5510 5509//5509
f 5498//5498 5499//5499 5511//5511 5510//5510
f 5499//5499 5500//5500 5512//5512 5511//5511
f 5500//5500 5501//5501 5513//5513 5512//5512
f 5501//5501 5502//5502 5514//5514 5513//5513
f 5502//5502 5503//5503 5515//5515 5514//5514
f 5503//5503 5504//5504 5516//5516 5515//5515
f 5504//5504 5505//5505 5517//5517 5516//5516
f 5505//5505 5506//5506 5518//5518 5517//5517
f 5506//5506 5507//5507 5519//5519 5518//5518
f 5507//5507 5508//5508 5520//5520 5519//5519
f 5508//5508 5497//5497 5509//5509 5520//5520
f 5509//5509 5510//5510 5522//5522 5521//5521
f 5510//5510 5511//5511 5523//5523 5522//5522
f 5511//5511 5512//5512 5524//5524 5523//5523
f 5512//5512 5513//5513 5525//5525 5524//5524
f 5513//5513 5514//5514 5526//5526 5525//5525
f 5514//5514 5515//5515 5527//5527 5526//5526
f 5515//5515 5516//5516 5528//5528 5527//5527
f 5516//5516 5517//5517 5529//5529 5528//5528
f 5517//5517 5518//5518 5530//5530 5529//5529
f 5518//5518 5519//5519 5531//5531 5530//5530
f 5519//5519 5520//5520 5532//5532 5531//5531
f 5520//5520 5509//5509 5521//5521 5532//5532
f 5521//5521 5522//5522 5534//5534 5533//5533
f 5522//5522 5523//5523 5535//5535 5534//5534
f 5523//5523 5524//5524 5536//5536 5535//5535
f 5524//5524 5525//5525 5537//5537 5536//5536
f 5525//5525 5526//5526 5538//5538 5537//5537
f 5526//5526 5527//5527 5539//5539 5538//5538
f 5527//5527 5528//5528 5540//5540 5539//5539
f 5528//5528 5529//5529 5541//5541 5540//5540
f 5529//5529 5530//5530 5542//5542 5541//5541
f 5530//5530 5531//5531 5543//5543 5542//5542
f 5531//5531 5532//5532 5544//5544 5543//5543
f 5532//5532 5521//5521 5533//5533 5544//5544
f 5533//5533 5534//5534 5546//5546 5545//5545
f 5534//5534 5535//5535 5547//5547 5546//5546
f 5535//5535 5536//5536 5548//5548 5547//5547
f 5536//5536 5537//5537 5549//5549 5548//5548
f 5537//5537 5538//5538 5550//5550 5549//5549
f 5538//5538 5539//5539 5551//5551 5550//5550
f 5539//5539 5540//5540 5552//5552 5551//5551
f 5540//5540 5541//5541 5553//5553 5552//5552
f 5541//5541 5542//5542 5554//5554 5553//5553
f 5542//5542 5543//5543 5555//5555 5554//5554
f 5543//5543 5544//5544 5556//5556 5555//5555
f 5544//5544 5533//5533 5545//5545 5556//5556
f 5545//5545 5546//5546 5558//5558 5557//5557
f 5546//5546 5547//5547 5559//5559 5558//5558
f 5547//5547 5548//5548 5560//5560 5559//5559
f 5548//5548 5549//5549 5561//5561 5560//5560
f 5549//5549 5550//5550 5562//5562 5561//5561
f 5550//5550 5551//5551 5563//5563 5562//5562
f 5551//5551 5552//5552 5564//5564 5563//5563
f 5552//5552 5553//5553 5565//5565 5564//5564
f 5553//5553 5554//5554 5566//5566 5565//5565
f 5554//5554 5555//5555 5567//5567 5566//5566
f 5555//5555 5556//5556 5568//5568 5567//5567
f 5556//5556 5545//5545 5557//5557 5568//5568
f 5557//5557 5558//5558 5570//5570 5569//5569
f 5558//5558 5559//5559 5571//5571 5570//5570
f 5559//5559 5560//5560 5572//5572 5571//5571
f 5560//5560 5561//5561 5573//5573 5572//5572
f 5561//5561 5562//5562 5574//5574 5573//5573
f 5562//5562 5563//5563 5575//5575 5574//5574
f 5563//5563 5564//5564 5576//5576 5575//5575
f 5564//5564 5565//5565 5577//5577 5576//5576
f 5565//5565 5566//5566 5578//5578 5577//5577
f 5566//5566 5567//5567 5579//5579 5578//5578
f 5567//5567 5568//5568 5580//5580 5579//5579
f 5568//5568 5557//5557 5569//5569 5580//5580
f 5569//5569 5570//5570 5582//5582 5581//5581
f 5570//5570 5571//5571 5583//5583 5582//5582
f 5571//5571 5572//5572 5584//5584 5583//5583
f 5572//5572 5573//5573 5585//5585 5584//5584
f 5573//5573 5574//5574 5586//5586 5585//5585
f 5574//5574 5575//5575 5587//5587 5586//5586
f 5575//5575 5576//5576 5588//5588 5587//5587
f 5576//5576 5577//5577 5589//5589 5588//5588
f 5577//5577 5578//5578 5590//5590 5589//5589
f 5578//5578 5579//5579 5591//5591 5590//5590
f 5579//5579 5580//5580 5592//5592 5591//5591
f 5580//5580 5569//5569 5581//5581 5592//5592
f 5581//5581 5582//5582 5594//5594 5593//5593
f 5582//5582 5583//5583 5595//5595 5594//5594
f 5583//5583 5584//5584 5596//5596 5595//5595
f 5584//5584 5585//5585 5597//5597 5596//5596
f 5585//5585 5586//5586 5598//5598 5597//5597
f 5586//5586 5587//5587 5599//5599 5598//5598
f 5587//5587 5588//5588 5600//5600 5599//5599
f 5588//5588 5589//5589 5601//5601 5600//5600
f 5589//5589 5590//5590 5602//5602 5601//5601
f 5590//5590 5591//5591 5603//5603 5602//5602
f 5591//5591 5592//5592 5604//5604 5603//5603
f 5592//5592 5581//5581 5593//5593 5604//5604
f 5593//5593 5594//5594 5606//5606 5605//5605
f 5594//5594 5595//5595 5607//5607 5606//5606
f 5595//5595 5596//5596 5608//5608 5607//5607
f 5596//5596 5597//5597 5609//5609 5608//5608
f 5597//5597 5598//5598 5610//5610 5609//5609
f 5598//5598 5599//5599 5611//5611 5610//5610
f 5599//5599 5600//5600 5612//5612 5611//5611
f 5600//5600 5601//5601 5613//5613 5612//5612
f 5601//5601 5602//5602 5614//5614 5613//5613
f 5602//5602 5603//5603 5615//5615 5614//5614
f 5603//5603 5604//5604 5616//5616 5615//5615
f 5604//5604 5593//5593 5605//5605 5616//5616
f 5605//5605 5606//5606 5618//5618 5617//5617
f 5606//5606 5607//5607 5619//5619 5618//5618
f 5607//5607 5608//5608 5620//5620 5619//5619
f 5608//5608 5609//5609 5621//5621 5620//5620
f 5609//5609 5610//5610 5622//5622 5621//5621
f 5610//5610 5611//5611 5623//5623 5622//5622
f 5611//5611 5612//5612 5624//5624 5623//5623
f 5612//5612 5613//5613 5625//5625 5624//5624
f 5613//5613 5614//5614 5626//5626 5625//5625
f 5614//5614 5615//5615 5627//5627 5626//5626
f 5615//5615 5616//5616 5628//5628 5627//5627
f 5616//5616 5605//5605 5617//5617 5628//5628
f 5617//5617 5618//5618 5630//5630 5629//5629
f 5618//5618 5619//5619 5631//5631 5630//5630
f 5619//5619 5620//5620 5632//5632 5631//5631
f 5620//5620 5621//5621 5633//5633 5632//5632
f 5621//5621 5622//5622 5634//5634 5633//5633
f 5622//5622 5623//5623 5635//5635 5634//5634
f 5623//5623 5624//5624 5636//5636 5635//5635
f 5624//5624 5625//5625 5637//5637 5636//5636
f 5625//5625 5626//5626 5638//5638 5637//5637
f 5626//5626 5627//5627 5639//5639 5638//5638
f 5627//5627 5628//5628 5640//5640 5639//5639
f 5628//5628 5617//5617 5629//5629 5640//5640
f 5629//5629 5630//5630 5642//5642 5641//5641
f 5630//5630 5631//5631 5643//5643 5642//5642
f 5631//5631 5632//5632 5644//5644 5643//5643
f 5632//5632 5633//5633 5645//5645 5644//5644
f 5633//5633 5634//5634 5646//5646 5645//5645
f 5634//5634 5635//5635 5647//5647 5646//5646
f 5635//5635 5636//5636 5648//5648 5647//5647
f 5636//5636 5637//5637 5649//5649 5648//5648
f 5637//5637 5638//5638 5650//5650 5649//5649
f 5638//5638 5639//5639 5651//5651 5650//5650
f 5639//5639 5640//5640 5652//5652 5651//5651
f 5640//5640 5629//5629 5641//5641 5652//5652
f 5654//5654 5665//5665 5653//5653
f 5655//5655 5665//5665 5654//5654
f 5656//5656 5665//5665 5655//5655
f 5657//5657 5665//5665 5656//5656
f 5658//5658 5665//5665 5657//5657
f 5659//5659 5665//5665 5658//5658
f 5660//5660 5665//5665 5659//5659
f 5661//5661 5665//5665 5660//5660
f 5662//5662 5665//5665 5661//5661
f 5663//5663 5665//5665 5662//5662
f 5664//5664 5665//5665 5663//5663
f 5653//5653 5665//5665 5664//5664
f 5667//5667 5678//5678 5666//5666
f 5668//5668 5678//5678 5667//5667
f 5669//5669 5678//5678 5668//5668
f 5670//5670 5678//5678 5669//5669
f 5671//5671 5678//5678 5670//5670
f 5672//5672 5678//5678 5671//5671
f 5673//5673 5678//5678 5672//5672
f 5674//5674 5678//5678 5673//5673
f 5675//5675 5678//5678 5674//5674
f 5676//5676 5678//5678 5675//5675
f 5677//5677 5678//5678 5676//5676
f 5666//5666 5678//5678 5677//5677
g part65
usemtl skin
v -0.82000 1.88000 -0.02000
v -0.82000 1.88000 -0.02000
v -0.82000 1.88000 -0.02000
v -0.82000 1.88000 -0.02000
v -0.82000 1.88000 -0.02000
v -0.82000 1.88000 -0.02000
v -0.82000 1.88000 -0.02000
v -0.82000 1.88000 -0.02000
v -0.82000 1.88000 -0.02000
v -0.82000 1.88000 -0.02000
v -0.82000 1.87464 -0.00000
v -0.80766 1.87464 -0.00382
v -0.80003 1.87464 -0.01382
v -0.80003 1.87464 -0.02618
v -0.80766 1.87464 -0.03618
v -0.82000 1.87464 -0.04000
v -0.83234 1.87464 -0.03618
v -0.83997 1.87464 -0.02618
v -0.83997 1.87464 -0.01382
v -0.83234 1.87464 -0.00382
v -0.82000 1.86000 0.01464
v -0.79862 1.86000 0.00803
v -0.78541 1.86000 -0.00930
v -0.78541 1.86000 -0.03070
v -0.79862 1.86000 -0.04803
v -0.82000 1.86000 -0.05464
v -0.84138 1.86000 -0.04803
v -0.85459 1.86000 -0.03070
v -0.85459 1.86000 -0.00930
v -0.84138 1.86000 0.00803
v -0.82000 1.84000 0.02000
v -0.79531 1.84000 0.01236
v -0.78006 1.84000 -0.00764
v -0.78006 1.84000 -0.03236
v -0.79531 1.84000 -0.05236
v -0.82000 1.84000 -0.06000
v -0.84469 1.84000 -0.05236
v -0.85994 1.84000 -0.03236
v -0.85994 1.84000 -0.00764
v -0.84469 1.84000 0.01236
v -0.82000 1.82000 0.01464
v -0.79862 1.82000 0.00803
v -0.78541 1.82000 -0.00930
v -0.78541 1.82000 -0.03070
v -0.79862 1.82000 -0.04803
v -0.82000 1.82000 -0.05464
v -0.84138 1.82000 -0.04803
v -0.85459 1.82000 -0.03070
v -0.85459 1.82000 -0.00930
v -0.84138 1.82000 0.00803
v -0.82000 1.80536 -0.00000
v -0.80766 1.80536 -0.00382
v -0.80003 1.80536 -0.01382
v -0.80003 1.80536 -0.02618
v -0.80766 1.80536 -0.03618
v -0.82000 1.80536 -0.04000
v -0.83234 1.80536 -0.03618
v -0.83997 1.80536 -0.02618
v -0.83997 1.80536 -0.01382
v -0.83234 1.80536 -0.00382
v -0.82000 1.80000 -0.02000
v -0.82000 1.80000 -0.02000
v -0.82000 1.80000 -0.02000
v -0.82000 1.80000 -0.02000
v -0.82000 1.80000 -0.02000
v -0.82000 1.80000 -0.02000
v -0.82000 1.80000 -0.02000
v -0.82000 1.80000 -0.02000
v -0.82000 1.80000 -0.02000
v -0.82000 1.80000 -0.02000
vn 0.0000 1.0000 0.0000
vn 0.0000 1.0000 0.0000
vn 0.0000 1.0000 0.0000
vn 0.0000 1.0000 -0.0000
vn 0.0000 1.0000 -0.0000
vn 0.0000 1.0000 -0.0000
vn -0.0000 1.0000 -0.0000
vn -0.0000 1.0000 -0.0000
vn -0.0000 1.0000 0.0000
vn -0.0000 1.0000 0.0000
vn 0.0000 0.8660 0.5000
vn 0.2810 0.8695 0.4061
vn 0.4577 0.8753 0.1562
vn 0.4577 0.8753 -0.1562
vn 0.2810 0.8695 -0.4061
vn 0.0000 0.8660 -0.5000
vn -0.2810 0.8695 -0.4061
vn -0.4577 0.8753 -0.1562
vn -0.4577 0.8753 0.1562
vn -0.2810 0.8695 0.4061
vn 0.0000 0.5000 0.8660
vn 0.4907 0.5061 0.7092
vn 0.8104 0.5166 0.2765
vn 0.8104 0.5166 -0.2765
vn 0.4907 0.5061 -0.7092
vn 0.0000 0.5000 -0.8660
vn -0.4907 0.5061 -0.7092
vn -0.8104 0.5166 -0.2765
vn -0.8104 0.5166 0.2765
vn -0.4907 0.5061 0.7092
vn 0.0000 0.0000 1.0000
vn 0.5690 0.0000 0.8223
vn 0.9464 0.0000 0.3229
vn 0.9464 0.0000 -0.3229
vn 0.5690 0.0000 -0.8223
vn 0.0000 0.0000 -1.0000
vn -0.5690 0.0000 -0.8223
vn -0.9464 0.0000 -0.3229
vn -0.9464 0.0000 0.3229
vn -0.5690 0.0000 0.8223
vn 0.0000 -0.5000 0.8660
vn 0.4907 -0.5061 0.7092
vn 0.8104 -0.5166 0.2765
vn 0.8104 -0.5166 -0.2765
vn 0.4907 -0.5061 -0.7092
vn 0.0000 -0.5000 -0.8660
vn -0.4907 -0.5061 -0.7092
vn -0.8104 -0.5166 -0.2765
vn -0.8104 -0.5166 0.2765
vn -0.4907 -0.5061 0.7092
vn 0.0000 -0.8660 0.5000
vn 0.2810 -0.8695 0.4061
vn 0.4577 -0.8753 0.1562
vn 0.4577 -0.8753 -0.1562
vn 0.2810 -0.8695 -0.4061
vn 0.0000 -0.8660 -0.5000
vn -0.2810 -0.8695 -0.4061
vn -0.4577 -0.8753 -0.1562
vn -0.4577 -0.8753 0.1562
vn -0.2810 -0.8695 0.4061
vn 0.0000 -1.0000 0.0000
vn 0.0000 -1.0000 0.0000
vn 0.0000 -1.0000 0.0000
vn 0.0000 -1.0000 -0.0000
vn 0.0000 -1.0000 -0.0000
vn 0.0000 -1.0000 -0.0000
vn -0.0000 -1.0000 -0.0000
vn -0.0000 -1.0000 -0.0000
vn -0.0000 -1.0000 0.0000
vn -0.0000 -1.0000 0.0000
f 5689//5689 5690//5690 5680//5680 5679//5679
f 5690//5690 5691//5691 5681//5681 5680//5680
f 5691//5691 5692//5692 5682//5682 5681//5681
f 5692//5692 5693//5693 5683//5683 5682//5682
f 5693//5693 5694//5694 5684//5684 5683//5683
f 5694//5694 5695//5695 5685//5685 5684//5684
f 5695//5695 5696//5696 5686//5686 5685//5685
f 5696//5696 5697//5697 5687//5687 5686//5686
f 5697//5697 5698//5698 5688//5688 5687//5687
f 5698//5698 5689//5689 5679//5679 5688//5688
f 5699//5699 5700//5700 5690//5690 5689//5689
f 5700//5700 5701//5701 5691//5691 5690//5690
f 5701//5701 5702//5702 5692//5692 5691//5691
f 5702//5702 5703//5703 5693//5693 5692//5692
f 5703//5703 5704//5704 5694//5694 5693//5693
f 5704//5704 5705//5705 5695//5695 5694//5694
f 5705//5705 5706//5706 5696//5696 5695//5695
f 5706//5706 5707//5707 5697//5697 5696//5696
f 5707//5707 5708//5708 5698//5698 5697//5697
f 5708//5708 5699//5699 5689//5689 5698//5698
f 5709//5709 5710//5710 5700//5700 5699//5699
f 5710//5710 5711//5711 5701//5701 5700//5700
f 5711//5711 5712//5712 5702//5702 5701//5701
f 5712//5712 5713//5713 5703//5703 5702//5702
f 5713//5713 5714//5714 5704//5704 5703//5703
f 5714//5714 5715//5715 5705//5705 5704//5704
f 5715//5715 5716//5716 5706//5706 5705//5705
f 5716//5716 5717//5717 5707//5707 5706//5706
f 5717//5717 5718//5718 5708//5708 5707//5707
f 5718//5718 5709//5709 5699//5699 5708//5708
f 5719//5719 5720//5720 5710//5710 5709//5709
f 5720//5720 5721//5721 5711//5711 5710//5710
f 5721//5721 5722//5722 5712//5712 5711//5711
f 5722//5722 5723//5723 5713//5713 5712//5712
f 5723//5723 5724//5724 5714//5714 5713//5713
f 5724//5724 5725//5725 5715//5715 5714//5714
f 5725//5725 5726//5726 5716//5716 5715//5715
f 5726//5726 5727//5727 5717//5717 5716//5716
f 5727//5727 5728//5728 5718//5718 5717//5717
f 5728//5728 5719//5719 5709//5709 5718//5718
f 5729//5729 5730//5730 5720//5720 5719//5719
f 5730//5730 5731//5731 5721//5721 5720//5720
f 5731//5731 5732//5732 5722//5722 5721//5721
f 5732//5732 5733//5733 5723//5723 5722//5722
f 5733//5733 5734//5734 5724//5724 5723//5723
f 5734//5734 5735//5735 5725//5725 5724//5724
f 5735//5735 5736//5736 5726//5726 5725//5725
f 5736//5736 5737//5737 5727//5727 5726//5726
f 5737//5737 5738//5738 5728//5728 5727//5727
f 5738//5738 5729//5729 5719//5719 5728//5728
f 5739//5739 5740//5740 5730//5730 5729//5729
f 5740//5740 5741//5741 5731//5731 5730//5730
f 5741//5741 5742//5742 5732//5732 5731//5731
f 5742//5742 5743//5743 5733//5733 5732//5732
f 5743//5743 5744//5744 5734//5734 5733//5733
f 5744//5744 5745//5745 5735//5735 5734//5734
f 5745//5745 5746//5746 5736//5736 5735//5735
f 5746//5746 5747//5747 5737//5737 5736//5736
f 5747//5747 5748//5748 5738//5738 5737//5737
f 5748//5748 5739//5739 5729//5729 5738//5738
g part66
usemtl skin
v -1.47000 1.85200 0.00000
v -1.47000 1.85200 0.00000
v -1.47000 1.85200 0.00000
v -1.47000 1.85200 0.00000
v -1.47000 1.85200 0.00000
v -1.47000 1.85200 0.00000
v -1.47000 1.85200 0.00000
v -1.47000 1.85200 0.00000
v -1.47000 1.85200 0.00000
v -1.47000 1.85200 0.00000
v -1.47000 1.84986 0.03100
v -1.44796 1.84986 0.02508
v -1.43434 1.84986 0.00958
v -1.43434 1.84986 -0.00958
v -1.44796 1.84986 -0.02508
v -1.47000 1.84986 -0.03100
v -1.49204 1.84986 -0.02508
v -1.50566 1.84986 -0.00958
v -1.50566 1.84986 0.00958
v -1.49204 1.84986 0.02508
v -1.47000 1.84400 0.05369
v -1.43182 1.84400 0.04344
v -1.40823 1.84400 0.01659
v -1.40823 1.84400 -0.01659
v -1.43182 1.84400 -0.04344
v -1.47000 1.84400 -0.05369
v -1.50818 1.84400 -0.04344
v -1.53177 1.84400 -0.01659
v -1.53177 1.84400 0.01659
v -1.50818 1.84400 0.04344
v -1.47000 1.83600 0.06200
v -1.42592 1.83600 0.05016
v -1.39867 1.83600 0.01916
v -1.39867 1.83600 -0.01916
v -1.42592 1.83600 -0.05016
v -1.47000 1.83600 -0.06200
v -1.51408 1.83600 -0.05016
v -1.54133 1.83600 -0.01916
v -1.54133 1.83600 0.01916
v -1.51408 1.83600 0.05016
v -1.47000 1.82800 0.05369
v -1.43182 1.82800 0.04344
v -1.40823 1.82800 0.01659
v -1.40823 1.82800 -0.01659
v -1.43182 1.82800 -0.04344
v -1.47000 1.82800 -0.05369
v -1.50818 1.82800 -0.04344
v -1.53177 1.82800 -0.01659
v -1.53177 1.82800 0.01659
v -1.50818 1.82800 0.04344
v -1.47000 1.82214 0.03100
v -1.44796 1.82214 0.02508
v -1.43434 1.82214 0.00958
v -1.43434 1.82214 -0.00958
v -1.44796 1.82214 -0.02508
v -1.47000 1.82214 -0.03100
v -1.49204 1.82214 -0.02508
v -1.50566 1.82214 -0.00958
v -1.50566 1.82214 0.00958
v -1.49204 1.82214 0.02508
v -1.47000 1.82000 0.00000
v -1.47000 1.82000 0.00000
v -1.47000 1.82000 0.00000
v -1.47000 1.82000 -0.00000
v -1.47000 1.82000 -0.00000
v -1.47000 1.82000 -0.00000
v -1.47000 1.82000 -0.00000
v -1.47000 1.82000 -0.00000
v -1.47000 1.82000 0.00000
v -1.47000 1.82000 0.00000
vn 0.0000 1.0000 0.0000
vn 0.0000 1.0000 0.0000
vn 0.0000 1.0000 0.0000
vn 0.0000 1.0000 -0.0000
vn 0.0000 1.0000 -0.0000
vn 0.0000 1.0000 -0.0000
vn -0.0000 1.0000 -0.0000
vn -0.0000 1.0000 -0.0000
vn -0.0000 1.0000 0.0000
vn -0.0000 1.0000 0.0000
vn 0.0000 0.9891 0.1474
vn 0.0717 0.9903 0.1194
vn 0.1162 0.9922 0.0457
vn 0.1162 0.9922 -0.0457
vn 0.0717 0.9903 -0.1194
vn 0.0000 0.9891 -0.1474
vn -0.0717 0.9903 -0.1194
vn -0.1162 0.9922 -0.0457
vn -0.1162 0.9922 0.0457
vn -0.0717 0.9903 0.1194
vn 0.0000 0.9130 0.4081
vn 0.2001 0.9214 0.3332
vn 0.3288 0.9355 0.1292
vn 0.3288 0.9355 -0.1292
vn 0.2001 0.9214 -0.3332
vn 0.0000 0.9130 -0.4081
vn -0.2001 0.9214 -0.3332
vn -0.3288 0.9355 -0.1292
vn -0.3288 0.9355 0.1292
vn -0.2001 0.9214 0.3332
vn 0.0000 0.0000 1.0000
vn 0.5149 0.0000 0.8573
vn 0.9307 0.0000 0.3658
vn 0.9307 0.0000 -0.3658
vn 0.5149 0.0000 -0.8573
vn 0.0000 0.0000 -1.0000
vn -0.5149 0.0000 -0.8573
vn -0.9307 0.0000 -0.3658
vn -0.9307 0.0000 0.3658
vn -0.5149 0.0000 0.8573
vn 0.0000 -0.9130 0.4081
vn 0.2001 -0.9214 0.3332
vn 0.3288 -0.9355 0.1292
vn 0.3288 -0.9355 -0.1292
vn 0.2001 -0.9214 -0.3332
vn 0.0000 -0.9130 -0.4081
vn -0.2001 -0.9214 -0.3332
vn -0.3288 -0.9355 -0.1292
vn -0.3288 -0.9355 0.1292
vn -0.2001 -0.9214 0.3332
vn 0.0000 -0.9891 0.1474
vn 0.0717 -0.9903 0.1194
vn 0.1162 -0.9922 0.0457
vn 0.1162 -0.9922 -0.0457
vn 0.0717 -0.9903 -0.1194
vn 0.0000 -0.9891 -0.1474
vn -0.0717 -0.9903 -0.1194
vn -0.1162 -0.9922 -0.0457
vn -0.1162 -0.9922 0.0457
vn -0.0717 -0.9903 0.1194
vn 0.0000 -1.0000 0.0000
vn 0.0000 -1.0000 0.0000
vn 0.0000 -1.0000 0.0000
vn 0.0000 -1.0000 -0.0000
vn 0.0000 -1.0000 -0.0000
vn 0.0000 -1.0000 -0.0000
vn -0.0000 -1.0000 -0.0000
vn -0.0000 -1.0000 -0.0000
vn -0.0000 -1.0000 0.0000
vn -0.0000 -1.0000 0.0000
f 5759//5759 5760//5760 5750//5750 5749//5749
f 5760//5760 5761//5761 5751//5751 5750//5750
f 5761//5761 5762//5762 5752//5752 5751//5751
f 5762//5762 5763//5763 5753//5753 5752//5752
f 5763//5763 5764//5764 5754//5754 5753//5753
f 5764//5764 5765//5765 5755//5755 5754//5754
f 5765//5765 5766//5766 5756//5756 5755//5755
f 5766//5766 5767//5767 5757//5757 5756//5756
f 5767//5767 5768//5768 5758//5758 5757//5757
f 5768//5768 5759//5759 5749//5749 5758//5758
f 5769//5769 5770//5770 5760//5760 5759//5759
f 5770//5770 5771//5771 5761//5761 5760//5760
f 5771//5771 5772//5772 5762//5762 5761//5761
f 5772//5772 5773//5773 5763//5763 5762//5762
f 5773//5773 5774//5774 5764//5764 5763//5763
f 5774//5774 5775//5775 5765//5765 5764//5764
f 5775//5775 5776//5776 5766//5766 5765//5765
f 5776//5776 5777//5777 5767//5767 5766//5766
f 5777//5777 5778//5778 5768//5768 5767//5767
f 5778//5778 5769//5769 5759//5759 5768//5768
f 5779//5779 5780//5780 5770//5770 5769//5769
f 5780//5780 5781//5781 5771//5771 5770//5770
f 5781//5781 5782//5782 5772//5772 5771//5771
f 5782//5782 5783//5783 5773//5773 5772//5772
f 5783//5783 5784//5784 5774//5774 5773//5773
f 5784//5784 5785//5785 5775//5775 5774//5774
f 5785//5785 5786//5786 5776//5776 5775//5775
f 5786//5786 5787//5787 5777//5777 5776//5776
f 5787//5787 5788//5788 5778//5778 5777//5777
f 5788//5788 5779//5779 5769//5769 5778//5778
f 5789//5789 5790//5790 5780//5780 5779//5779
f 5790//5790 5791//5791 5781//5781 5780//5780
f 5791//5791 5792//5792 5782//5782 5781//5781
f 5792//5792 5793//5793 5783//5783 5782//5782
f 5793//5793 5794//5794 5784//5784 5783//5783
f 5794//5794 5795//5795 5785//5785 5784//5784
f 5795//5795 5796//5796 5786//5786 5785//5785
f 5796//5796 5797//5797 5787//5787 5786//5786
f 5797//5797 5798//5798 5788//5788 5787//5787
f 5798//5798 5789//5789 5779//5779 5788//5788
f 5799//5799 5800//5800 5790//5790 5789//5789
f 5800//5800 5801//5801 5791//5791 5790//5790
f 5801//5801 5802//5802 5792//5792 5791//5791
f 5802//5802 5803//5803 5793//5793 5792//5792
f 5803//5803 5804//5804 5794//5794 5793//5793
f 5804//5804 5805//5805 5795//5795 5794//5794
f 5805//5805 5806//5806 5796//5796 5795//5795
f 5806//5806 5807//5807 5797//5797 5796//5796
f 5807//5807 5808//5808 5798//5798 5797//5797
f 5808//5808 5799//5799 5789//5789 5798//5798
f 5809//5809 5810//5810 5800//5800 5799//5799
f 5810//5810 5811//5811 5801//5801 5800//5800
f 5811//5811 5812//5812 5802//5802 5801//5801
f 5812//5812 5813//5813 5803//5803 5802//5802
f 5813//5813 5814//5814 5804//5804 5803//5803
f 5814//5814 5815//5815 5805//5805 5804//5804
f 5815//5815 5816//5816 5806//5806 5805//5805
f 5816//5816 5817//5817 5807//5807 5806//5806
f 5817//5817 5818//5818 5808//5808 5807//5807
f 5818//5818 5809//5809 5799//5799 5808//5808
g part67
usemtl skin
v -1.52752 1.84821 0.04689
v -1.52973 1.84463 0.03830
v -1.52917 1.83600 0.03422
v -1.52617 1.82737 0.03704
v -1.52248 1.82379 0.04511
v -1.52027 1.82737 0.05370
v -1.52083 1.83600 0.05778
v -1.52383 1.84463 0.05496
v -1.56027 1.83948 0.05848
v -1.56229 1.83622 0.05064
v -1.56177 1.82835 0.04692
v -1.55904 1.82048 0.04949
v -1.55568 1.81722 0.05685
v -1.55366 1.82048 0.06469
v -1.55417 1.82835 0.06841
v -1.55691 1.83622 0.06584
v -1.59326 1.83069 0.07015
v -1.59501 1.82777 0.06305
v -1.59438 1.82070 0.05963
v -1.59174 1.81363 0.06189
v -1.58863 1.81070 0.06851
v -1.58689 1.81363 0.07561
v -1.58752 1.82070 0.07903
v -1.59016 1.82777 0.07677
v -1.62404 1.82069 0.08103
v -1.62544 1.81810 0.07455
v -1.62444 1.81184 0.07131
v -1.62161 1.80559 0.07320
v -1.61863 1.80300 0.07912
v -1.61723 1.80559 0.08560
v -1.61823 1.81184 0.08884
v -1.62105 1.81810 0.08695
v -1.65115 1.80889 0.09062
v -1.65224 1.80659 0.08464
v -1.65087 1.80106 0.08152
v -1.64784 1.79553 0.08308
v -1.64492 1.79324 0.08842
v -1.64383 1.79553 0.09440
v -1.64520 1.80106 0.09753
v -1.64824 1.80659 0.09596
v -1.67540 1.79607 0.09920
v -1.67629 1.79402 0.09367
v -1.67475 1.78908 0.09070
v -1.67169 1.78413 0.09204
v -1.66890 1.78208 0.09690
v -1.66801 1.78413 0.10244
v -1.66955 1.78908 0.10540
v -1.67261 1.79402 0.10406
v -1.69758 1.78308 0.10705
v -1.69831 1.78125 0.10198
v -1.69673 1.77685 0.09922
v -1.69376 1.77245 0.10037
v -1.69115 1.77062 0.10477
v -1.69042 1.77245 0.10984
v -1.69200 1.77685 0.11260
v -1.69496 1.78125 0.11145
v -1.71741 1.77005 0.11406
v -1.71799 1.76846 0.10949
v -1.71639 1.76462 0.10695
v -1.71355 1.76079 0.10792
v -1.71113 1.75920 0.11184
v -1.71055 1.76079 0.11641
v -1.71215 1.76462 0.11895
v -1.71499 1.76846 0.11798
v -1.73518 1.75687 0.12035
v -1.73566 1.75549 0.11629
v -1.73416 1.75215 0.11401
v -1.73155 1.74882 0.11484
v -1.72937 1.74743 0.11829
v -1.72889 1.74882 0.12235
v -1.73040 1.75215 0.12463
v -1.73300 1.75549 0.12380
v -1.75281 1.74378 0.12658
v -1.75322 1.74258 0.12306
v -1.75192 1.73968 0.12107
v -1.74965 1.73678 0.12179
v -1.74776 1.73558 0.12480
v -1.74734 1.73678 0.12833
v -1.74865 1.73968 0.13031
v -1.75091 1.74258 0.12959
v -1.52752 1.84821 0.04689
v -1.52973 1.84463 0.03830
v -1.52917 1.83600 0.03422
v -1.52617 1.82737 0.03704
v -1.52248 1.82379 0.04511
v -1.52027 1.82737 0.05370
v -1.52083 1.83600 0.05778
v -1.52383 1.84463 0.05496
v -1.52500 1.83600 0.04600
vn -0.2298 0.9699 0.0813
vn -0.4065 0.6839 -0.6059
vn -0.3617 -0.0066 -0.9323
vn -0.1217 -0.6970 -0.7066
vn 0.1730 -0.9830 -0.0612
vn 0.3497 -0.6970 0.6260
vn 0.3050 -0.0066 0.9523
vn 0.0649 0.6839 0.7267
vn -0.2297 0.9699 0.0812
vn -0.4064 0.6839 -0.6059
vn -0.3617 -0.0066 -0.9323
vn -0.1218 -0.6970 -0.7066
vn 0.1728 -0.9830 -0.0611
vn 0.3496 -0.6970 0.6260
vn 0.3050 -0.0066 0.9523
vn 0.0650 0.6839 0.7267
vn -0.2524 0.9635 0.0893
vn -0.4222 0.6792 -0.6003
vn -0.3611 -0.0072 -0.9325
vn -0.1049 -0.6937 -0.7126
vn 0.1964 -0.9781 -0.0695
vn 0.3665 -0.6937 0.6200
vn 0.3056 -0.0072 0.9521
vn 0.0492 0.6792 0.7323
vn -0.3155 0.9423 0.1116
vn -0.4662 0.6638 -0.5848
vn -0.3587 -0.0087 -0.9334
vn -0.0560 -0.6812 -0.7299
vn 0.2647 -0.9598 -0.0936
vn 0.4155 -0.6812 0.6028
vn 0.3080 -0.0087 0.9513
vn 0.0052 0.6638 0.7479
vn -0.3882 0.9113 0.1373
vn -0.5168 0.6414 -0.5670
vn -0.3557 -0.0100 -0.9346
vn 0.0010 -0.6613 -0.7502
vn 0.3442 -0.9310 -0.1218
vn 0.4725 -0.6613 0.5826
vn 0.3111 -0.0100 0.9503
vn -0.0454 0.6414 0.7659
vn -0.4376 0.8857 0.1548
vn -0.5515 0.6230 -0.5547
vn -0.3549 -0.0112 -0.9348
vn 0.0371 -0.6454 -0.7629
vn 0.3948 -0.9081 -0.1397
vn 0.5086 -0.6454 0.5699
vn 0.3119 -0.0112 0.9501
vn -0.0800 0.6230 0.7781
vn -0.4754 0.8635 0.1682
vn -0.5787 0.6067 -0.5451
vn -0.3566 -0.0135 -0.9342
vn 0.0608 -0.6336 -0.7713
vn 0.4290 -0.8905 -0.1517
vn 0.5322 -0.6336 0.5615
vn 0.3102 -0.0135 0.9506
vn -0.1072 0.6067 0.7877
vn -0.5177 0.8357 0.1831
vn -0.6091 0.5862 -0.5342
vn -0.3583 -0.0163 -0.9335
vn 0.0879 -0.6186 -0.7808
vn 0.4680 -0.8681 -0.1656
vn 0.5593 -0.6186 0.5518
vn 0.3084 -0.0163 0.9511
vn -0.1377 0.5862 0.7984
vn -0.5404 0.8194 0.1912
vn -0.6252 0.5743 -0.5285
vn -0.3587 -0.0176 -0.9333
vn 0.1032 -0.6094 -0.7861
vn 0.4897 -0.8545 -0.1732
vn 0.5745 -0.6094 0.5464
vn 0.3080 -0.0176 0.9512
vn -0.1539 0.5743 0.8041
vn -0.5405 0.8193 0.1912
vn -0.6253 0.5742 -0.5285
vn -0.3587 -0.0176 -0.9333
vn 0.1032 -0.6093 -0.7862
vn 0.4898 -0.8545 -0.1733
vn 0.5746 -0.6093 0.5464
vn 0.3080 -0.0176 0.9512
vn -0.1539 0.5742 0.8041
vn 0.9210 0.2137 -0.3258
vn 0.9210 0.2137 -0.3258
vn 0.9210 0.2137 -0.3258
vn 0.9210 0.2137 -0.3258
vn 0.9210 0.2137 -0.3258
vn 0.9210 0.2137 -0.3258
vn 0.9210 0.2137 -0.3258
vn 0.9210 0.2137 -0.3258
vn 0.9210 0.2137 -0.3258
f 5819//5819 5820//5820 5828//5828 5827//5827
f 5820//5820 5821//5821 5829//5829 5828//5828
f 5821//5821 5822//5822 5830//5830 5829//5829
f 5822//5822 5823//5823 5831//5831 5830//5830
f 5823//5823 5824//5824 5832//5832 5831//5831
f 5824//5824 5825//5825 5833//5833 5832//5832
f 5825//5825 5826//5826 5834//5834 5833//5833
f 5826//5826 5819//5819 5827//5827 5834//5834
f 5827//5827 5828//5828 5836//5836 5835//5835
f 5828//5828 5829//5829 5837//5837 5836//5836
f 5829//5829 5830//5830 5838//5838 5837//5837
f 5830//5830 5831//5831 5839//5839 5838//5838
f 5831//5831 5832//5832 5840//5840 5839//5839
f 5832//5832 5833//5833 5841//5841 5840//5840
f 5833//5833 5834//5834 5842//5842 5841//5841
f 5834//5834 5827//5827 5835//5835 5842//5842
f 5835//5835 5836//5836 5844//5844 5843//5843
f 5836//5836 5837//5837 5845//5845 5844//5844
f 5837//5837 5838//5838 5846//5846 5845//5845
f 5838//5838 5839//5839 5847//5847 5846//5846
f 5839//5839 5840//5840 5848//5848 5847//5847
f 5840//5840 5841//5841 5849//5849 5848//5848
f 5841//5841 5842//5842 5850//5850 5849//5849
f 5842//5842 5835//5835 5843//5843 5850//5850
f 5843//5843 5844//5844 5852//5852 5851//5851
f 5844//5844 5845//5845 5853//5853 5852//5852
f 5845//5845 5846//5846 5854//5854 5853//5853
f 5846//5846 5847//5847 5855//5855 5854//5854
f 5847//5847 5848//5848 5856//5856 5855//5855
f 5848//5848 5849//5849 5857//5857 5856//5856
f 5849//5849 5850//5850 5858//5858 5857//5857
f 5850//5850 5843//5843 5851//5851 5858//5858
f 5851//5851 5852//5852 5860//5860 5859//5859
f 5852//5852 5853//5853 5861//5861 5860//5860
f 5853//5853 5854//5854 5862//5862 5861//5861
f 5854//5854 5855//5855 5863//5863 5862//5862
f 5855//5855 5856//5856 5864//5864 5863//5863
f 5856//5856 5857//5857 5865//5865 5864//5864
f 5857//5857 5858//5858 5866//5866 5865//5865
f 5858//5858 5851//5851 5859//5859 5866//5866
f 5859//5859 5860//5860 5868//5868 5867//5867
f 5860//5860 5861//5861 5869//5869 5868//5868
f 5861//5861 5862//5862 5870//5870 5869//5869
f 5862//5862 5863//5863 5871//5871 5870//5870
f 5863//5863 5864//5864 5872//5872 5871//5871
f 5864//5864 5865//5865 5873//5873 5872//5872
f 5865//5865 5866//5866 5874//5874 5873//5873
f 5866//5866 5859//5859 5867//5867 5874//5874
f 5867//5867 5868//5868 5876//5876 5875//5875
f 5868//5868 5869//5869 5877//5877 5876//5876
f 5869//5869 5870//5870 5878//5878 5877//5877
f 5870//5870 5871//5871 5879//5879 5878//5878
f 5871//5871 5872//5872 5880//5880 5879//5879
f 5872//5872 5873//5873 5881//5881 5880//5880
f 5873//5873 5874//5874 5882//5882 5881//5881
f 5874//5874 5867//5867 5875//5875 5882//5882
f 5875//5875 5876//5876 5884//5884 5883//5883
f 5876//5876 5877//5877 5885//5885 5884//5884
f 5877//5877 5878//5878 5886//5886 5885//5885
f 5878//5878 5879//5879 5887//5887 5886//5886
f 5879//5879 5880//5880 5888//5888 5887//5887
f 5880//5880 5881//5881 5889//5889 5888//5888
f 5881//5881 5882//5882 5890//5890 5889//5889
f 5882//5882 5875//5875 5883//5883 5890//5890
f 5883//5883 5884//5884 5892//5892 5891//5891
f 5884//5884 5885//5885 5893//5893 5892//5892
f 5885//5885 5886//5886 5894//5894 5893//5893
f 5886//5886 5887//5887 5895//5895 5894//5894
f 5887//5887 5888//5888 5896//5896 5895//5895
f 5888//5888 5889//5889 5897//5897 5896//5896
f 5889//5889 5890//5890 5898//5898 5897//5897
f 5890//5890 5883//5883 5891//5891 5898//5898
f 5900//5900 5907//5907 5899//5899
f 5901//5901 5907//5907 5900//5900
f 5902//5902 5907//5907 5901//5901
f 5903//5903 5907//5907 5902//5902
f 5904//5904 5907//5907 5903//5903
f 5905//5905 5907//5907 5904//5904
f 5906//5906 5907//5907 5905//5905
f 5899//5899 5907//5907 5906//5906
g part68
usemtl bone
v -1.75507 1.74642 0.12768
v -1.75598 1.74444 0.12155
v -1.75355 1.73968 0.11784
v -1.74921 1.73492 0.11873
v -1.74550 1.73294 0.12370
v -1.74459 1.73492 0.12983
v -1.74702 1.73968 0.13354
v -1.75136 1.74444 0.13265
v -1.77373 1.72991 0.13544
v -1.77455 1.72811 0.12985
v -1.77234 1.72377 0.12648
v -1.76839 1.71943 0.12729
v -1.76501 1.71764 0.13181
v -1.76418 1.71943 0.13740
v -1.76639 1.72377 0.14078
v -1.77035 1.72811 0.13997
v -1.79257 1.71324 0.14328
v -1.79329 1.71164 0.13823
v -1.79118 1.70783 0.13513
v -1.78747 1.70403 0.13580
v -1.78433 1.70249 0.13985
v -1.78361 1.70409 0.14490
v -1.78572 1.70790 0.14800
v -1.78943 1.71170 0.14732
v -1.81021 1.69493 0.15116
v -1.81082 1.69355 0.14666
v -1.80873 1.69038 0.14381
v -1.80516 1.68729 0.14428
v -1.80220 1.68609 0.14779
v -1.80158 1.68747 0.15228
v -1.80368 1.69064 0.15513
v -1.80725 1.69373 0.15467
v -1.82637 1.67430 0.15925
v -1.82688 1.67313 0.15534
v -1.82489 1.67058 0.15278
v -1.82158 1.66815 0.15307
v -1.81888 1.66726 0.15605
v -1.81837 1.66843 0.15997
v -1.82035 1.67098 0.16253
v -1.82366 1.67341 0.16223
v -1.84106 1.65229 0.16726
v -1.84145 1.65135 0.16394
v -1.83966 1.64939 0.16172
v -1.83673 1.64755 0.16189
v -1.83437 1.64691 0.16435
v -1.83397 1.64785 0.16766
v -1.83576 1.64982 0.16989
v -1.83870 1.65166 0.16972
v -1.85299 1.63010 0.17429
v -1.85327 1.62942 0.17163
v -1.85171 1.62810 0.16978
v -1.84924 1.62689 0.16983
v -1.84729 1.62651 0.17174
v -1.84701 1.62718 0.17440
v -1.84857 1.62851 0.17625
v -1.85104 1.62972 0.17620
v -1.86072 1.60826 0.17965
v -1.86089 1.60785 0.17775
v -1.85970 1.60711 0.17638
v -1.85785 1.60648 0.17635
v -1.85643 1.60633 0.17768
v -1.85626 1.60674 0.17958
v -1.85744 1.60747 0.18094
v -1.85929 1.60810 0.18097
v -1.86556 1.58662 0.18394
v -1.86566 1.58641 0.18287
v -1.86498 1.58605 0.18210
v -1.86393 1.58576 0.18207
v -1.86312 1.58570 0.18280
v -1.86303 1.58591 0.18387
v -1.86371 1.58627 0.18464
v -1.86476 1.58656 0.18467
v -1.87037 1.56513 0.18820
v -1.87039 1.56508 0.18797
v -1.87024 1.56501 0.18781
v -1.87002 1.56494 0.18780
v -1.86985 1.56493 0.18796
v -1.86984 1.56498 0.18818
v -1.86998 1.56505 0.18835
v -1.87020 1.56511 0.18835
v -1.87037 1.56513 0.18820
v -1.87039 1.56508 0.18797
v -1.87024 1.56501 0.18781
v -1.87002 1.56494 0.18780
v -1.86985 1.56493 0.18796
v -1.86984 1.56498 0.18818
v -1.86998 1.56505 0.18835
v -1.87020 1.56511 0.18835
v -1.87011 1.56503 0.18808
vn -0.5841 0.7745 0.2429
vn -0.6906 0.5425 -0.4783
vn -0.4050 -0.0177 -0.9141
vn 0.1055 -0.5778 -0.8093
vn 0.5417 -0.8098 -0.2253
vn 0.6483 -0.5778 0.4959
vn 0.3626 -0.0177 0.9318
vn -0.1479 0.5425 0.8270
vn -0.5841 0.7745 0.2429
vn -0.6906 0.5425 -0.4783
vn -0.4050 -0.0176 -0.9142
vn 0.1054 -0.5778 -0.8093
vn 0.5416 -0.8099 -0.2252
vn 0.6481 -0.5779 0.4960
vn 0.3626 -0.0177 0.9318
vn -0.1478 0.5425 0.8270
vn -0.6100 0.7505 0.2543
vn -0.7136 0.5211 -0.4681
vn -0.4115 -0.0246 -0.9111
vn 0.1192 -0.5671 -0.8150
vn 0.5676 -0.7887 -0.2361
vn 0.6713 -0.5593 0.4863
vn 0.3696 -0.0133 0.9291
vn -0.1612 0.5292 0.8330
vn -0.6648 0.6922 0.2809
vn -0.7637 0.4686 -0.4441
vn -0.4266 -0.0419 -0.9035
vn 0.1489 -0.5402 -0.8282
vn 0.6258 -0.7345 -0.2625
vn 0.7246 -0.5110 0.4624
vn 0.3875 -0.0006 0.9219
vn -0.1881 0.4977 0.8467
vn -0.7126 0.6312 0.3063
vn -0.8073 0.4137 -0.4210
vn -0.4396 -0.0598 -0.8962
vn 0.1752 -0.5118 -0.8410
vn 0.6768 -0.6775 -0.2878
vn 0.7715 -0.4600 0.4395
vn 0.4037 0.0133 0.9148
vn -0.2110 0.4653 0.8596
vn -0.7547 0.5669 0.3303
vn -0.8427 0.3595 -0.4007
vn -0.4474 -0.0744 -0.8912
vn 0.1997 -0.4806 -0.8539
vn 0.7195 -0.6212 -0.3106
vn 0.8076 -0.4137 0.4203
vn 0.4124 0.0203 0.9108
vn -0.2348 0.4264 0.8735
vn -0.8083 0.4632 0.3635
vn -0.8851 0.2767 -0.3742
vn -0.4536 -0.0924 -0.8864
vn 0.2336 -0.4277 -0.8732
vn 0.7739 -0.5329 -0.3423
vn 0.8507 -0.3465 0.3954
vn 0.4191 0.0225 0.9077
vn -0.2681 0.3579 0.8945
vn -0.8544 0.3353 0.3970
vn -0.9213 0.1745 -0.3474
vn -0.4572 -0.1141 -0.8820
vn 0.2662 -0.3610 -0.8938
vn 0.8251 -0.4219 -0.3757
vn 0.8920 -0.2615 0.3688
vn 0.4277 0.0263 0.9036
vn -0.2956 0.2737 0.9153
vn -0.8694 0.2758 0.4101
vn -0.9330 0.1267 -0.3370
vn -0.4576 -0.1244 -0.8804
vn 0.2783 -0.3302 -0.9020
vn 0.8436 -0.3703 -0.3890
vn 0.9071 -0.2212 0.3580
vn 0.4318 0.0297 0.9015
vn -0.3041 0.2356 0.9231
vn -0.8694 0.2755 0.4101
vn -0.9330 0.1265 -0.3369
vn -0.4576 -0.1244 -0.8804
vn 0.2783 -0.3301 -0.9020
vn 0.8436 -0.3702 -0.3890
vn 0.9072 -0.2211 0.3580
vn 0.4318 0.0297 0.9015
vn -0.3041 0.2355 0.9231
vn -0.2575 -0.9432 0.2101
vn -0.2575 -0.9432 0.2101
vn -0.2575 -0.9432 0.2101
vn -0.2575 -0.9432 0.2101
vn -0.2575 -0.9432 0.2101
vn -0.2575 -0.9432 0.2101
vn -0.2575 -0.9432 0.2101
vn -0.2575 -0.9432 0.2101
vn -0.2575 -0.9432 0.2101
f 5908//5908 5909//5909 5917//5917 5916//5916
f 5909//5909 5910//5910 5918//5918 5917//5917
f 5910//5910 5911//5911 5919//5919 5918//5918
f 5911//5911 5912//5912 5920//5920 5919//5919
f 5912//5912 5913//5913 5921//5921 5920//5920
f 5913//5913 5914//5914 5922//5922 5921//5921
f 5914//5914 5915//5915 5923//5923 5922//5922
f 5915//5915 5908//5908 5916//5916 5923//5923
f 5916//5916 5917//5917 5925//5925 5924//5924
f 5917//5917 5918//5918 5926//5926 5925//5925
f 5918//5918 5919//5919 5927//5927 5926//5926
f 5919//5919 5920//5920 5928//5928 5927//5927
f 5920//5920 5921//5921 5929//5929 5928//5928
f 5921//5921 5922//5922 5930//5930 5929//5929
f 5922//5922 5923//5923 5931//5931 5930//5930
f 5923//5923 5916//5916 5924//5924 5931//5931
f 5924//5924 5925//5925 5933//5933 5932//5932
f 5925//5925 5926//5926 5934//5934 5933//5933
f 5926//5926 5927//5927 5935//5935 5934//5934
f 5927//5927 5928//5928 5936//5936 5935//5935
f 5928//5928 5929//5929 5937//5937 5936//5936
f 5929//5929 5930//5930 5938//5938 5937//5937
f 5930//5930 5931//5931 5939//5939 5938//5938
f 5931//5931 5924//5924 5932//5932 5939//5939
f 5932//5932 5933//5933 5941//5941 5940//5940
f 5933//5933 5934//5934 5942//5942 5941//5941
f 5934//5934 5935//5935 5943//5943 5942//5942
f 5935//5935 5936//5936 5944//5944 5943//5943
f 5936//5936 5937//5937 5945//5945 5944//5944
f 5937//5937 5938//5938 5946//5946 5945//5945
f 5938//5938 5939//5939 5947//5947 5946//5946
f 5939//5939 5932//5932 5940//5940 5947//5947
f 5940//5940 5941//5941 5949//5949 5948//5948
f 5941//5941 5942//5942 5950//5950 5949//5949
f 5942//5942 5943//5943 5951//5951 5950//5950
f 5943//5943 5944//5944 5952//5952 5951//5951
f 5944//5944 5945//5945 5953//5953 5952//5952
f 5945//5945 5946//5946 5954//5954 5953//5953
f 5946//5946 5947//5947 5955//5955 5954//5954
f 5947//5947 5940//5940 5948//5948 5955//5955
f 5948//5948 5949//5949 5957//5957 5956//5956
f 5949//5949 5950//5950 5958//5958 5957//5957
f 5950//5950 5951//5951 5959//5959 5958//5958
f 5951//5951 5952//5952 5960//5960 5959//5959
f 5952//5952 5953//5953 5961//5961 5960//5960
f 5953//5953 5954//5954 5962//5962 5961//5961
f 5954//5954 5955//5955 5963//5963 5962//5962
f 5955//5955 5948//5948 5956//5956 5963//5963
f 5956//5956 5957//5957 5965//5965 5964//5964
f 5957//5957 5958//5958 5966//5966 5965//5965
f 5958//5958 5959//5959 5967//5967 5966//5966
f 5959//5959 5960//5960 5968//5968 5967//5967
f 5960//5960 5961//5961 5969//5969 5968//5968
f 5961//5961 5962//5962 5970//5970 5969//5969
f 5962//5962 5963//5963 5971//5971 5970//5970
f 5963//5963 5956//5956 5964//5964 5971//5971
f 5964//5964 5965//5965 5973//5973 5972//5972
f 5965//5965 5966//5966 5974//5974 5973//5973
f 5966//5966 5967//5967 5975//5975 5974//5974
f 5967//5967 5968//5968 5976//5976 5975//5975
f 5968//5968 5969//5969 5977//5977 5976//5976
f 5969//5969 5970//5970 5978//5978 5977//5977
f 5970//5970 5971//5971 5979//5979 5978//5978
f 5971//5971 5964//5964 5972//5972 5979//5979
f 5972//5972 5973//5973 5981//5981 5980//5980
f 5973//5973 5974//5974 5982//5982 5981//5981
f 5974//5974 5975//5975 5983//5983 5982//5982
f 5975//5975 5976//5976 5984//5984 5983//5983
f 5976//5976 5977//5977 5985//5985 5984//5984
f 5977//5977 5978//5978 5986//5986 5985//5985
f 5978//5978 5979//5979 5987//5987 5986//5986
f 5979//5979 5972//5972 5980//5980 5987//5987
f 5989//5989 5996//5996 5988//5988
f 5990//5990 5996//5996 5989//5989
f 5991//5991 5996//5996 5990//5990
f 5992//5992 5996//5996 5991//5991
f 5993//5993 5996//5996 5992//5992
f 5994//5994 5996//5996 5993//5993
f 5995//5995 5996//5996 5994//5994
f 5988//5988 5996//5996 5995//5995
g part69
usemtl skin
v -1.52767 1.84821 0.01632
v -1.52794 1.84463 0.00745
v -1.52650 1.83600 0.00359
v -1.52417 1.82737 0.00700
v -1.52233 1.82379 0.01568
v -1.52206 1.82737 0.02455
v -1.52350 1.83600 0.02841
v -1.52583 1.84463 0.02500
v -1.56898 1.83793 0.02130
v -1.56923 1.83467 0.01322
v -1.56791 1.82680 0.00970
v -1.56579 1.81893 0.01280
v -1.56412 1.81567 0.02072
v -1.56386 1.81893 0.02880
v -1.56518 1.82680 0.03232
v -1.56730 1.83467 0.02922
v -1.61053 1.82759 0.02631
v -1.61068 1.82466 0.01900
v -1.60933 1.81759 0.01580
v -1.60725 1.81052 0.01859
v -1.60566 1.80760 0.02573
v -1.60550 1.81052 0.03304
v -1.60686 1.81759 0.03624
v -1.60894 1.82466 0.03345
v -1.64859 1.81610 0.03090
v -1.64855 1.81350 0.02427
v -1.64689 1.80724 0.02133
v -1.64456 1.80098 0.02379
v -1.64295 1.79839 0.03022
v -1.64299 1.80098 0.03685
v -1.64466 1.80724 0.03980
v -1.64698 1.81350 0.03733
v -1.68097 1.80292 0.03481
v -1.68073 1.80063 0.02873
v -1.67871 1.79510 0.02598
v -1.67610 1.78956 0.02817
v -1.67442 1.78727 0.03402
v -1.67466 1.78956 0.04009
v -1.67668 1.79510 0.04284
v -1.67929 1.80063 0.04065
v -1.70918 1.78879 0.03821
v -1.70884 1.78674 0.03261
v -1.70668 1.78180 0.03005
v -1.70398 1.77686 0.03203
v -1.70231 1.77482 0.03738
v -1.70266 1.77686 0.04297
v -1.70481 1.78180 0.04553
v -1.70752 1.78674 0.04356
v -1.73512 1.77435 0.04134
v -1.73473 1.77253 0.03623
v -1.73258 1.76813 0.03388
v -1.72993 1.76373 0.03565
v -1.72833 1.76191 0.04052
v -1.72872 1.76373 0.04562
v -1.73088 1.76813 0.04798
v -1.73353 1.77253 0.04620
v -1.75885 1.75965 0.04420
v -1.75842 1.75806 0.03961
v -1.75630 1.75422 0.03748
v -1.75374 1.75039 0.03905
v -1.75223 1.74880 0.04340
v -1.75266 1.75039 0.04799
v -1.75478 1.75422 0.05012
v -1.75734 1.75806 0.04855
v -1.78034 1.74466 0.04679
v -1.77992 1.74327 0.04273
v -1.77796 1.73994 0.04083
v -1.77560 1.73660 0.04221
v -1.77423 1.73522 0.04605
v -1.77465 1.73660 0.05011
v -1.77661 1.73994 0.05201
v -1.77897 1.74327 0.05064
v -1.80169 1.72976 0.04936
v -1.80132 1.72855 0.04583
v -1.79961 1.72565 0.04418
v -1.79756 1.72275 0.04538
v -1.79637 1.72155 0.04872
v -1.79673 1.72275 0.05226
v -1.79844 1.72565 0.05391
v -1.80049 1.72855 0.05271
v -1.52767 1.84821 0.01632
v -1.52794 1.84463 0.00745
v -1.52650 1.83600 0.00359
v -1.52417 1.82737 0.00700
v -1.52233 1.82379 0.01568
v -1.52206 1.82737 0.02455
v -1.52350 1.83600 0.02841
v -1.52583 1.84463 0.02500
v -1.52500 1.83600 0.01600
vn -0.2381 0.9708 0.0287
vn -0.2603 0.6848 -0.6806
vn -0.1446 -0.0055 -0.9895
vn 0.0411 -0.6959 -0.7170
vn 0.1882 -0.9819 -0.0227
vn 0.2104 -0.6959 0.6866
vn 0.0947 -0.0055 0.9955
vn -0.0911 0.6848 0.7230
vn -0.2381 0.9708 0.0287
vn -0.2603 0.6849 -0.6806
vn -0.1446 -0.0055 -0.9895
vn 0.0411 -0.6959 -0.7169
vn 0.1881 -0.9819 -0.0227
vn 0.2103 -0.6959 0.6866
vn 0.0947 -0.0055 0.9955
vn -0.0910 0.6849 0.7230
vn -0.2608 0.9649 0.0314
vn -0.2762 0.6805 -0.6787
vn -0.1443 -0.0061 -0.9895
vn 0.0575 -0.6927 -0.7189
vn 0.2111 -0.9771 -0.0255
vn 0.2268 -0.6927 0.6846
vn 0.0951 -0.0061 0.9955
vn -0.1069 0.6805 0.7249
vn -0.3260 0.9445 0.0393
vn -0.3219 0.6657 -0.6732
vn -0.1428 -0.0075 -0.9897
vn 0.1063 -0.6807 -0.7248
vn 0.2796 -0.9595 -0.0337
vn 0.2756 -0.6807 0.6788
vn 0.0966 -0.0075 0.9953
vn -0.1527 0.6657 0.7304
vn -0.4055 0.9128 0.0489
vn -0.3776 0.6428 -0.6665
vn -0.1407 -0.0089 -0.9900
vn 0.1666 -0.6605 -0.7321
vn 0.3641 -0.9303 -0.0439
vn 0.3359 -0.6605 0.6715
vn 0.0987 -0.0089 0.9951
vn -0.2083 0.6428 0.7372
vn -0.4606 0.8859 0.0555
vn -0.4163 0.6234 -0.6618
vn -0.1401 -0.0102 -0.9901
vn 0.2064 -0.6437 -0.7369
vn 0.4201 -0.9061 -0.0507
vn 0.3757 -0.6437 0.6667
vn 0.0993 -0.0102 0.9950
vn -0.2471 0.6234 0.7418
vn -0.4997 0.8641 0.0603
vn -0.4443 0.6075 -0.6584
vn -0.1414 -0.0120 -0.9899
vn 0.2316 -0.6315 -0.7399
vn 0.4562 -0.8882 -0.0550
vn 0.4009 -0.6315 0.6637
vn 0.0980 -0.0120 0.9951
vn -0.2751 0.6075 0.7452
vn -0.5423 0.8376 0.0654
vn -0.4748 0.5881 -0.6547
vn -0.1427 -0.0143 -0.9897
vn 0.2596 -0.6166 -0.7433
vn 0.4964 -0.8660 -0.0599
vn 0.4289 -0.6166 0.6602
vn 0.0966 -0.0143 0.9952
vn -0.3056 0.5881 0.7488
vn -0.5654 0.8220 0.0682
vn -0.4912 0.5768 -0.6527
vn -0.1430 -0.0153 -0.9896
vn 0.2754 -0.6074 -0.7452
vn 0.5188 -0.8526 -0.0626
vn 0.4447 -0.6074 0.6583
vn 0.0964 -0.0153 0.9952
vn -0.3220 0.5768 0.7508
vn -0.5655 0.8219 0.0682
vn -0.4913 0.5767 -0.6527
vn -0.1430 -0.0153 -0.9896
vn 0.2755 -0.6073 -0.7452
vn 0.5189 -0.8526 -0.0626
vn 0.4447 -0.6073 0.6583
vn 0.0964 -0.0153 0.9952
vn -0.3221 0.5767 0.7508
vn 0.9696 0.2148 -0.1169
vn 0.9696 0.2148 -0.1169
vn 0.9696 0.2148 -0.1169
vn 0.9696 0.2148 -0.1169
vn 0.9696 0.2148 -0.1169
vn 0.9696 0.2148 -0.1169
vn 0.9696 0.2148 -0.1169
vn 0.9696 0.2148 -0.1169
vn 0.9696 0.2148 -0.1169
f 5997//5997 5998//5998 6006//6006 6005//6005
f 5998//5998 5999//5999 6007//6007 6006//6006
f 5999//5999 6000//6000 6008//6008 6007//6007
f 6000//6000 6001//6001 6009//6009 6008//6008
f 6001//6001 6002//6002 6010//6010 6009//6009
f 6002//6002 6003//6003 6011//6011 6010//6010
f 6003//6003 6004//6004 6012//6012 6011//6011
f 6004//6004 5997//5997 6005//6005 6012//6012
f 6005//6005 6006//6006 6014//6014 6013//6013
f 6006//6006 6007//6007 6015//6015 6014//6014
f 6007//6007 6008//6008 6016//6016 6015//6015
f 6008//6008 6009//6009 6017//6017 6016//6016
f 6009//6009 6010//6010 6018//6018 6017//6017
f 6010//6010 6011//6011 6019//6019 6018//6018
f 6011//6011 6012//6012 6020//6020 6019//6019
f 6012//6012 6005//6005 6013//6013 6020//6020
f 6013//6013 6014//6014 6022//6022 6021//6021
f 6014//6014 6015//6015 6023//6023 6022//6022
f 6015//6015 6016//6016 6024//6024 6023//6023
f 6016//6016 6017//6017 6025//6025 6024//6024
f 6017//6017 6018//6018 6026//6026 6025//6025
f 6018//6018 6019//6019 6027//6027 6026//6026
f 6019//6019 6020//6020 6028//6028 6027//6027
f 6020//6020 6013//6013 6021//6021 6028//6028
f 6021//6021 6022//6022 6030//6030 6029//6029
f 6022//6022 6023//6023 6031//6031 6030//6030
f 6023//6023 6024//6024 6032//6032 6031//6031
f 6024//6024 6025//6025 6033//6033 6032//6032
f 6025//6025 6026//6026 6034//6034 6033//6033
f 6026//6026 6027//6027 6035//6035 6034//6034
f 6027//6027 6028//6028 6036//6036 6035//6035
f 6028//6028 6021//6021 6029//6029 6036//6036
f 6029//6029 6030//6030 6038//6038 6037//6037
f 6030//6030 6031//6031 6039//6039 6038//6038
f 6031//6031 6032//6032 6040//6040 6039//6039
f 6032//6032 6033//6033 6041//6041 6040//6040
f 6033//6033 6034//6034 6042//6042 6041//6041
f 6034//6034 6035//6035 6043//6043 6042//6042
f 6035//6035 6036//6036 6044//6044 6043//6043
f 6036//6036 6029//6029 6037//6037 6044//6044
f 6037//6037 6038//6038 6046//6046 6045//6045
f 6038//6038 6039//6039 6047//6047 6046//6046
f 6039//6039 6040//6040 6048//6048 6047//6047
f 6040//6040 6041//6041 6049//6049 6048//6048
f 6041//6041 6042//6042 6050//6050 6049//6049
f 6042//6042 6043//6043 6051//6051 6050//6050
f 6043//6043 6044//6044 6052//6052 6051//6051
f 6044//6044 6037//6037 6045//6045 6052//6052
f 6045//6045 6046//6046 6054//6054 6053//6053
f 6046//6046 6047//6047 6055//6055 6054//6054
f 6047//6047 6048//6048 6056//6056 6055//6055
f 6048//6048 6049//6049 6057//6057 6056//6056
f 6049//6049 6050//6050 6058//6058 6057//6057
f 6050//6050 6051//6051 6059//6059 6058//6058
f 6051//6051 6052//6052 6060//6060 6059//6059
f 6052//6052 6045//6045 6053//6053 6060//6060
f 6053//6053 6054//6054 6062//6062 6061//6061
f 6054//6054 6055//6055 6063//6063 6062//6062
f 6055//6055 6056//6056 6064//6064 6063//6063
f 6056//6056 6057//6057 6065//6065 6064//6064
f 6057//6057 6058//6058 6066//6066 6065//6065
f 6058//6058 6059//6059 6067//6067 6066//6066
f 6059//6059 6060//6060 6068//6068 6067//6067
f 6060//6060 6053//6053 6061//6061 6068//6068
f 6061//6061 6062//6062 6070//6070 6069//6069
f 6062//6062 6063//6063 6071//6071 6070//6070
f 6063//6063 6064//6064 6072//6072 6071//6071
f 6064//6064 6065//6065 6073//6073 6072//6072
f 6065//6065 6066//6066 6074//6074 6073//6073
f 6066//6066 6067//6067 6075//6075 6074//6074
f 6067//6067 6068//6068 6076//6076 6075//6075
f 6068//6068 6061//6061 6069//6069 6076//6076
f 6078//6078 6085//6085 6077//6077
f 6079//6079 6085//6085 6078//6078
f 6080//6080 6085//6085 6079//6079
f 6081//6081 6085//6085 6080//6080
f 6082//6082 6085//6085 6081//6081
f 6083//6083 6085//6085 6082//6082
f 6084//6084 6085//6085 6083//6083
f 6077//6077 6085//6085 6084//6084
g part70
usemtl bone
v -1.80417 1.73236 0.04997
v -1.80373 1.73039 0.04378
v -1.80053 1.72565 0.04068
v -1.79645 1.72091 0.04247
v -1.79389 1.71895 0.04812
v -1.79433 1.72091 0.05431
v -1.79753 1.72565 0.05741
v -1.80160 1.73039 0.05561
v -1.82381 1.71585 0.05349
v -1.82341 1.71406 0.04786
v -1.82049 1.70974 0.04503
v -1.81678 1.70542 0.04667
v -1.81444 1.70364 0.05181
v -1.81484 1.70542 0.05745
v -1.81776 1.70974 0.06027
v -1.82147 1.71406 0.05864
v -1.84365 1.69918 0.05706
v -1.84327 1.69759 0.05197
v -1.84051 1.69379 0.04939
v -1.83700 1.69003 0.05084
v -1.83479 1.68849 0.05546
v -1.83518 1.69009 0.06055
v -1.83793 1.69388 0.06313
v -1.84144 1.69765 0.06168
v -1.86224 1.68085 0.06094
v -1.86187 1.67947 0.05642
v -1.85918 1.67634 0.05407
v -1.85575 1.67329 0.05529
v -1.85360 1.67211 0.05934
v -1.85397 1.67349 0.06387
v -1.85665 1.67662 0.06621
v -1.86008 1.67967 0.06500
v -1.87926 1.66021 0.06537
v -1.87891 1.65904 0.06144
v -1.87640 1.65654 0.05935
v -1.87319 1.65415 0.06034
v -1.87116 1.65329 0.06382
v -1.87151 1.65446 0.06776
v -1.87402 1.65697 0.06984
v -1.87723 1.65935 0.06885
v -1.89472 1.63820 0.07005
v -1.89440 1.63726 0.06672
v -1.89214 1.63534 0.06493
v -1.88928 1.63355 0.06571
v -1.88748 1.63295 0.06861
v -1.88780 1.63388 0.07193
v -1.89006 1.63581 0.07373
v -1.89292 1.63759 0.07295
v -1.90728 1.61600 0.07437
v -1.90698 1.61534 0.07171
v -1.90504 1.61405 0.07023
v -1.90261 1.61289 0.07080
v -1.90110 1.61255 0.07308
v -1.90140 1.61321 0.07573
v -1.90333 1.61450 0.07721
v -1.90577 1.61566 0.07665
v -1.91539 1.59418 0.07798
v -1.91515 1.59377 0.07608
v -1.91369 1.59307 0.07499
v -1.91186 1.59248 0.07535
v -1.91074 1.59235 0.07694
v -1.91098 1.59276 0.07884
v -1.91244 1.59346 0.07993
v -1.91427 1.59405 0.07957
v -1.92047 1.57256 0.08116
v -1.92033 1.57235 0.08010
v -1.91950 1.57201 0.07948
v -1.91845 1.57174 0.07967
v -1.91782 1.57170 0.08056
v -1.91796 1.57191 0.08162
v -1.91879 1.57225 0.08224
v -1.91983 1.57252 0.08205
v -1.92550 1.55109 0.08432
v -1.92547 1.55105 0.08410
v -1.92529 1.55097 0.08397
v -1.92507 1.55092 0.08401
v -1.92494 1.55091 0.08419
v -1.92497 1.55095 0.08442
v -1.92514 1.55103 0.08455
v -1.92536 1.55108 0.08451
v -1.92550 1.55109 0.08432
v -1.92547 1.55105 0.08410
v -1.92529 1.55097 0.08397
v -1.92507 1.55092 0.08401
v -1.92494 1.55091 0.08419
v -1.92497 1.55095 0.08442
v -1.92514 1.55103 0.08455
v -1.92536 1.55108 0.08451
v -1.92522 1.55100 0.08426
vn -0.6273 0.7706 0.1126
vn -0.5751 0.5396 -0.6148
vn -0.1993 -0.0179 -0.9798
vn 0.2800 -0.5755 -0.7684
vn 0.5820 -0.8065 -0.1045
vn 0.5298 -0.5755 0.6230
vn 0.1540 -0.0179 0.9879
vn -0.3253 0.5396 0.7765
vn -0.6273 0.7706 0.1126
vn -0.5751 0.5397 -0.6149
vn -0.1993 -0.0179 -0.9798
vn 0.2799 -0.5756 -0.7684
vn 0.5818 -0.8066 -0.1045
vn 0.5296 -0.5756 0.6230
vn 0.1540 -0.0180 0.9879
vn -0.3253 0.5397 0.7765
vn -0.6560 0.7454 0.1185
vn -0.6008 0.5171 -0.6096
vn -0.2068 -0.0254 -0.9781
vn 0.2949 -0.5645 -0.7710
vn 0.6105 -0.7844 -0.1097
vn 0.5554 -0.5560 0.6184
vn 0.1619 -0.0132 0.9867
vn -0.3399 0.5259 0.7797
vn -0.7173 0.6838 0.1334
vn -0.6572 0.4613 -0.5960
vn -0.2244 -0.0442 -0.9735
vn 0.3275 -0.5364 -0.7778
vn 0.6753 -0.7271 -0.1237
vn 0.6151 -0.5047 0.6058
vn 0.1823 0.0007 0.9833
vn -0.3697 0.4930 0.7876
vn -0.7711 0.6190 0.1490
vn -0.7067 0.4025 -0.5819
vn -0.2396 -0.0638 -0.9688
vn 0.3565 -0.5066 -0.7850
vn 0.7325 -0.6666 -0.1383
vn 0.6681 -0.4501 0.5926
vn 0.2009 0.0160 0.9795
vn -0.3952 0.4589 0.7958
vn -0.8177 0.5517 0.1641
vn -0.7463 0.3454 -0.5690
vn -0.2487 -0.0795 -0.9653
vn 0.3833 -0.4742 -0.7926
vn 0.7797 -0.6074 -0.1522
vn 0.7083 -0.4010 0.5809
vn 0.2109 0.0240 0.9772
vn -0.4212 0.4186 0.8046
vn -0.8761 0.4449 0.1858
vn -0.7928 0.2597 -0.5515
vn -0.2559 -0.0985 -0.9617
vn 0.4200 -0.4198 -0.8045
vn 0.8391 -0.5161 -0.1721
vn 0.7557 -0.3310 0.5651
vn 0.2188 0.0270 0.9754
vn -0.4571 0.3485 0.8183
vn -0.9260 0.3139 0.2095
vn -0.8323 0.1547 -0.5323
vn -0.2603 -0.1213 -0.9579
vn 0.4551 -0.3517 -0.8180
vn 0.8947 -0.4019 -0.1946
vn 0.8009 -0.2431 0.5473
vn 0.2286 0.0320 0.9730
vn -0.4866 0.2629 0.8331
vn -0.9422 0.2533 0.2194
vn -0.8450 0.1056 -0.5243
vn -0.2608 -0.1320 -0.9563
vn 0.4680 -0.3203 -0.8236
vn 0.9146 -0.3491 -0.2039
vn 0.8174 -0.2015 0.5397
vn 0.2332 0.0360 0.9718
vn -0.4956 0.2244 0.8391
vn -0.9423 0.2530 0.2194
vn -0.8450 0.1054 -0.5243
vn -0.2608 -0.1321 -0.9563
vn 0.4680 -0.3203 -0.8236
vn 0.9147 -0.3490 -0.2040
vn 0.8174 -0.2014 0.5397
vn 0.2332 0.0360 0.9718
vn -0.4956 0.2243 0.8391
vn -0.2731 -0.9498 0.1528
vn -0.2731 -0.9498 0.1528
vn -0.2731 -0.9498 0.1528
vn -0.2731 -0.9498 0.1528
vn -0.2731 -0.9498 0.1528
vn -0.2731 -0.9498 0.1528
vn -0.2731 -0.9498 0.1528
vn -0.2731 -0.9498 0.1528
vn -0.2731 -0.9498 0.1528
f 6086//6086 6087//6087 6095//6095 6094//6094
f 6087//6087 6088//6088 6096//6096 6095//6095
f 6088//6088 6089//6089 6097//6097 6096//6096
f 6089//6089 6090//6090 6098//6098 6097//6097
f 6090//6090 6091//6091 6099//6099 6098//6098
f 6091//6091 6092//6092 6100//6100 6099//6099
f 6092//6092 6093//6093 6101//6101 6100//6100
f 6093//6093 6086//6086 6094//6094 6101//6101
f 6094//6094 6095//6095 6103//6103 6102//6102
f 6095//6095 6096//6096 6104//6104 6103//6103
f 6096//6096 6097//6097 6105//6105 6104//6104
f 6097//6097 6098//6098 6106//6106 6105//6105
f 6098//6098 6099//6099 6107//6107 6106//6106
f 6099//6099 6100//6100 6108//6108 6107//6107
f 6100//6100 6101//6101 6109//6109 6108//6108
f 6101//6101 6094//6094 6102//6102 6109//6109
f 6102//6102 6103//6103 6111//6111 6110//6110
f 6103//6103 6104//6104 6112//6112 6111//6111
f 6104//6104 6105//6105 6113//6113 6112//6112
f 6105//6105 6106//6106 6114//6114 6113//6113
f 6106//6106 6107//6107 6115//6115 6114//6114
f 6107//6107 6108//6108 6116//6116 6115//6115
f 6108//6108 6109//6109 6117//6117 6116//6116
f 6109//6109 6102//6102 6110//6110 6117//6117
f 6110//6110 6111//6111 6119//6119 6118//6118
f 6111//6111 6112//6112 6120//6120 6119//6119
f 6112//6112 6113//6113 6121//6121 6120//6120
f 6113//6113 6114//6114 6122//6122 6121//6121
f 6114//6114 6115//6115 6123//6123 6122//6122
f 6115//6115 6116//6116 6124//6124 6123//6123
f 6116//6116 6117//6117 6125//6125 6124//6124
f 6117//6117 6110//6110 6118//6118 6125//6125
f 6118//6118 6119//6119 6127//6127 6126//6126
f 6119//6119 6120//6120 6128//6128 6127//6127
f 6120//6120 6121//6121 6129//6129 6128//6128
f 6121//6121 6122//6122 6130//6130 6129//6129
f 6122//6122 6123//6123 6131//6131 6130//6130
f 6123//6123 6124//6124 6132//6132 6131//6131
f 6124//6124 6125//6125 6133//6133 6132//6132
f 6125//6125 6118//6118 6126//6126 6133//6133
f 6126//6126 6127//6127 6135//6135 6134//6134
f 6127//6127 6128//6128 6136//6136 6135//6135
f 6128//6128 6129//6129 6137//6137 6136//6136
f 6129//6129 6130//6130 6138//6138 6137//6137
f 6130//6130 6131//6131 6139//6139 6138//6138
f 6131//6131 6132//6132 6140//6140 6139//6139
f 6132//6132 6133//6133 6141//6141 6140//6140
f 6133//6133 6126//6126 6134//6134 6141//6141
f 6134//6134 6135//6135 6143//6143 6142//6142
f 6135//6135 6136//6136 6144//6144 6143//6143
f 6136//6136 6137//6137 6145//6145 6144//6144
f 6137//6137 6138//6138 6146//6146 6145//6145
f 6138//6138 6139//6139 6147//6147 6146//6146
f 6139//6139 6140//6140 6148//6148 6147//6147
f 6140//6140 6141//6141 6149//6149 6148//6148
f 6141//6141 6134//6134 6142//6142 6149//6149
f 6142//6142 6143//6143 6151//6151 6150//6150
f 6143//6143 6144//6144 6152//6152 6151//6151
f 6144//6144 6145//6145 6153//6153 6152//6152
f 6145//6145 6146//6146 6154//6154 6153//6153
f 6146//6146 6147//6147 6155//6155 6154//6154
f 6147//6147 6148//6148 6156//6156 6155//6155
f 6148//6148 6149//6149 6157//6157 6156//6156
f 6149//6149 6142//6142 6150//6150 6157//6157
f 6150//6150 6151//6151 6159//6159 6158//6158
f 6151//6151 6152//6152 6160//6160 6159//6159
f 6152//6152 6153//6153 6161//6161 6160//6160
f 6153//6153 6154//6154 6162//6162 6161//6161
f 6154//6154 6155//6155 6163//6163 6162//6162
f 6155//6155 6156//6156 6164//6164 6163//6163
f 6156//6156 6157//6157 6165//6165 6164//6164
f 6157//6157 6150//6150 6158//6158 6165//6165
f 6167//6167 6174//6174 6166//6166
f 6168//6168 6174//6174 6167//6167
f 6169//6169 6174//6174 6168//6168
f 6170//6170 6174//6174 6169//6169
f 6171//6171 6174//6174 6170//6170
f 6172//6172 6174//6174 6171//6171
f 6173//6173 6174//6174 6172//6172
f 6166//6166 6174//6174 6173//6173
g part71
usemtl skin
v -1.52766 1.84821 -0.01632
v -1.52582 1.84463 -0.02500
v -1.52350 1.83600 -0.02841
v -1.52206 1.82737 -0.02455
v -1.52234 1.82379 -0.01568
v -1.52418 1.82737 -0.00700
v -1.52650 1.83600 -0.00359
v -1.52794 1.84463 -0.00745
v -1.56556 1.83870 -0.02089
v -1.56389 1.83544 -0.02881
v -1.56177 1.82757 -0.03191
v -1.56046 1.81970 -0.02839
v -1.56071 1.81644 -0.02031
v -1.56239 1.81970 -0.01239
v -1.56450 1.82757 -0.00928
v -1.56582 1.83544 -0.01280
v -1.60371 1.82914 -0.02549
v -1.60212 1.82621 -0.03263
v -1.60004 1.81915 -0.03542
v -1.59868 1.81208 -0.03221
v -1.59884 1.80915 -0.02490
v -1.60042 1.81208 -0.01776
v -1.60250 1.81915 -0.01498
v -1.60386 1.82621 -0.01818
v -1.63894 1.81839 -0.02974
v -1.63733 1.81580 -0.03617
v -1.63500 1.80954 -0.03863
v -1.63332 1.80328 -0.03568
v -1.63328 1.80069 -0.02906
v -1.63489 1.80328 -0.02263
v -1.63722 1.80954 -0.02016
v -1.63890 1.81580 -0.02311
v -1.66941 1.80590 -0.03341
v -1.66773 1.80361 -0.03926
v -1.66511 1.79808 -0.04145
v -1.66310 1.79255 -0.03870
v -1.66286 1.79025 -0.03262
v -1.66453 1.79255 -0.02678
v -1.66715 1.79808 -0.02459
v -1.66917 1.80361 -0.02733
v -1.69628 1.79243 -0.03665
v -1.69462 1.79038 -0.04201
v -1.69192 1.78544 -0.04398
v -1.68977 1.78050 -0.04142
v -1.68943 1.77845 -0.03583
v -1.69109 1.78050 -0.03047
v -1.69379 1.78544 -0.02850
v -1.69594 1.79038 -0.03106
v -1.72093 1.77872 -0.03963
v -1.71934 1.77689 -0.04449
v -1.71669 1.77249 -0.04627
v -1.71454 1.76809 -0.04391
v -1.71415 1.76627 -0.03881
v -1.71574 1.76809 -0.03394
v -1.71839 1.77249 -0.03217
v -1.72054 1.77689 -0.03452
v -1.74324 1.76485 -0.04232
v -1.74173 1.76326 -0.04667
v -1.73917 1.75942 -0.04824
v -1.73705 1.75559 -0.04610
v -1.73662 1.75400 -0.04152
v -1.73813 1.75559 -0.03716
v -1.74069 1.75942 -0.03560
v -1.74281 1.76326 -0.03773
v -1.76334 1.75076 -0.04474
v -1.76197 1.74938 -0.04859
v -1.75961 1.74604 -0.04996
v -1.75764 1.74271 -0.04806
v -1.75723 1.74133 -0.04400
v -1.75860 1.74271 -0.04015
v -1.76096 1.74604 -0.03878
v -1.76292 1.74938 -0.04068
v -1.78329 1.73677 -0.04714
v -1.78210 1.73557 -0.05049
v -1.78005 1.73267 -0.05169
v -1.77834 1.72976 -0.05004
v -1.77798 1.72856 -0.04650
v -1.77917 1.72976 -0.04316
v -1.78122 1.73267 -0.04196
v -1.78293 1.73557 -0.04361
v -1.52766 1.84821 -0.01632
v -1.52582 1.84463 -0.02500
v -1.52350 1.83600 -0.02841
v -1.52206 1.82737 -0.02455
v -1.52234 1.82379 -0.01568
v -1.52418 1.82737 -0.00700
v -1.52650 1.83600 -0.00359
v -1.52794 1.84463 -0.00745
v -1.52500 1.83600 -0.01600
vn -0.2399 0.9704 -0.0289
vn -0.0930 0.6844 -0.7232
vn 0.0925 -0.0060 -0.9957
vn 0.2078 -0.6964 -0.6869
vn 0.1855 -0.9824 0.0224
vn 0.0386 -0.6964 0.7166
vn -0.1469 -0.0060 0.9891
vn -0.2622 0.6844 0.6803
vn -0.2398 0.9704 -0.0289
vn -0.0929 0.6844 -0.7232
vn 0.0925 -0.0060 -0.9957
vn 0.2077 -0.6964 -0.6869
vn 0.1853 -0.9824 0.0223
vn 0.0385 -0.6964 0.7166
vn -0.1469 -0.0060 0.9891
vn -0.2622 0.6844 0.6803
vn -0.2631 0.9643 -0.0317
vn -0.1092 0.6799 -0.7251
vn 0.0930 -0.0066 -0.9956
vn 0.2247 -0.6932 -0.6848
vn 0.2091 -0.9776 0.0252
vn 0.0555 -0.6932 0.7186
vn -0.1464 -0.0066 0.9892
vn -0.2784 0.6799 0.6784
vn -0.3289 0.9435 -0.0397
vn -0.1552 0.6648 -0.7307
vn 0.0949 -0.0080 -0.9955
vn 0.2748 -0.6809 -0.6788
vn 0.2792 -0.9596 0.0337
vn 0.1056 -0.6809 0.7247
vn -0.1444 -0.0080 0.9895
vn -0.3244 0.6648 0.6729
vn -0.4071 0.9121 -0.0491
vn -0.2098 0.6421 -0.7373
vn 0.0975 -0.0094 -0.9952
vn 0.3350 -0.6608 -0.6716
vn 0.3633 -0.9306 0.0438
vn 0.1657 -0.6608 0.7320
vn -0.1418 -0.0094 0.9898
vn -0.3790 0.6421 0.6663
vn -0.4607 0.8858 -0.0556
vn -0.2475 0.6232 -0.7419
vn 0.0982 -0.0107 -0.9951
vn 0.3739 -0.6445 -0.6669
vn 0.4181 -0.9070 0.0504
vn 0.2047 -0.6445 0.7367
vn -0.1411 -0.0107 0.9899
vn -0.4167 0.6232 0.6618
vn -0.5002 0.8638 -0.0603
vn -0.2758 0.6071 -0.7452
vn 0.0967 -0.0127 -0.9952
vn 0.3990 -0.6325 -0.6639
vn 0.4541 -0.8893 0.0548
vn 0.2298 -0.6325 0.7397
vn -0.1427 -0.0127 0.9897
vn -0.4450 0.6071 0.6583
vn -0.5437 0.8367 -0.0656
vn -0.3070 0.5872 -0.7490
vn 0.0951 -0.0152 -0.9954
vn 0.4273 -0.6175 -0.6604
vn 0.4948 -0.8670 0.0597
vn 0.2580 -0.6175 0.7430
vn -0.1442 -0.0152 0.9894
vn -0.4762 0.5872 0.6545
vn -0.5671 0.8208 -0.0684
vn -0.3237 0.5756 -0.7509
vn 0.0948 -0.0164 -0.9954
vn 0.4432 -0.6083 -0.6585
vn 0.5174 -0.8535 0.0624
vn 0.2739 -0.6083 0.7449
vn -0.1446 -0.0164 0.9894
vn -0.4929 0.5756 0.6525
vn -0.5672 0.8207 -0.0684
vn -0.3238 0.5755 -0.7509
vn 0.0948 -0.0164 -0.9954
vn 0.4432 -0.6083 -0.6585
vn 0.5174 -0.8534 0.0624
vn 0.2740 -0.6083 0.7449
vn -0.1446 -0.0164 0.9894
vn -0.4930 0.5755 0.6525
vn 0.9697 0.2143 0.1169
vn 0.9697 0.2143 0.1169
vn 0.9697 0.2143 0.1169
vn 0.9697 0.2143 0.1169
vn 0.9697 0.2143 0.1169
vn 0.9697 0.2143 0.1169
vn 0.9697 0.2143 0.1169
vn 0.9697 0.2143 0.1169
vn 0.9697 0.2143 0.1169
f 6175//6175 6176//6176 6184//6184 6183//6183
f 6176//6176 6177//6177 6185//6185 6184//6184
f 6177//6177 6178//6178 6186//6186 6185//6185
f 6178//6178 6179//6179 6187//6187 6186//6186
f 6179//6179 6180//6180 6188//6188 6187//6187
f 6180//6180 6181//6181 6189//6189 6188//6188
f 6181//6181 6182//6182 6190//6190 6189//6189
f 6182//6182 6175//6175 6183//6183 6190//6190
f 6183//6183 6184//6184 6192//6192 6191//6191
f 6184//6184 6185//6185 6193//6193 6192//6192
f 6185//6185 6186//6186 6194//6194 6193//6193
f 6186//6186 6187//6187 6195//6195 6194//6194
f 6187//6187 6188//6188 6196//6196 6195//6195
f 6188//6188 6189//6189 6197//6197 6196//6196
f 6189//6189 6190//6190 6198//6198 6197//6197
f 6190//6190 6183//6183 6191//6191 6198//6198
f 6191//6191 6192//6192 6200//6200 6199//6199
f 6192//6192 6193//6193 6201//6201 6200//6200
f 6193//6193 6194//6194 6202//6202 6201//6201
f 6194//6194 6195//6195 6203//6203 6202//6202
f 6195//6195 6196//6196 6204//6204 6203//6203
f 6196//6196 6197//6197 6205//6205 6204//6204
f 6197//6197 6198//6198 6206//6206 6205//6205
f 6198//6198 6191//6191 6199//6199 6206//6206
f 6199//6199 6200//6200 6208//6208 6207//6207
f 6200//6200 6201//6201 6209//6209 6208//6208
f 6201//6201 6202//6202 6210//6210 6209//6209
f 6202//6202 6203//6203 6211//6211 6210//6210
f 6203//6203 6204//6204 6212//6212 6211//6211
f 6204//6204 6205//6205 6213//6213 6212//6212
f 6205//6205 6206//6206 6214//6214 6213//6213
f 6206//6206 6199//6199 6207//6207 6214//6214
f 6207//6207 6208//6208 6216//6216 6215//6215
f 6208//6208 6209//6209 6217//6217 6216//6216
f 6209//6209 6210//6210 6218//6218 6217//6217
f 6210//6210 6211//6211 6219//6219 6218//6218
f 6211//6211 6212//6212 6220//6220 6219//6219
f 6212//6212 6213//6213 6221//6221 6220//6220
f 6213//6213 6214//6214 6222//6222 6221//6221
f 6214//6214 6207//6207 6215//6215 6222//6222
f 6215//6215 6216//6216 6224//6224 6223//6223
f 6216//6216 6217//6217 6225//6225 6224//6224
f 6217//6217 6218//6218 6226//6226 6225//6225
f 6218//6218 6219//6219 6227//6227 6226//6226
f 6219//6219 6220//6220 6228//6228 6227//6227
f 6220//6220 6221//6221 6229//6229 6228//6228
f 6221//6221 6222//6222 6230//6230 6229//6229
f 6222//6222 6215//6215 6223//6223 6230//6230
f 6223//6223 6224//6224 6232//6232 6231//6231
f 6224//6224 6225//6225 6233//6233 6232//6232
f 6225//6225 6226//6226 6234//6234 6233//6233
f 6226//6226 6227//6227 6235//6235 6234//6234
f 6227//6227 6228//6228 6236//6236 6235//6235
f 6228//6228 6229//6229 6237//6237 6236//6236
f 6229//6229 6230//6230 6238//6238 6237//6237
f 6230//6230 6223//6223 6231//6231 6238//6238
f 6231//6231 6232//6232 6240//6240 6239//6239
f 6232//6232 6233//6233 6241//6241 6240//6240
f 6233//6233 6234//6234 6242//6242 6241//6241
f 6234//6234 6235//6235 6243//6243 6242//6242
f 6235//6235 6236//6236 6244//6244 6243//6243
f 6236//6236 6237//6237 6245//6245 6244//6244
f 6237//6237 6238//6238 6246//6246 6245//6245
f 6238//6238 6231//6231 6239//6239 6246//6246
f 6239//6239 6240//6240 6248//6248 6247//6247
f 6240//6240 6241//6241 6249//6249 6248//6248
f 6241//6241 6242//6242 6250//6250 6249//6249
f 6242//6242 6243//6243 6251//6251 6250//6250
f 6243//6243 6244//6244 6252//6252 6251//6251
f 6244//6244 6245//6245 6253//6253 6252//6252
f 6245//6245 6246//6246 6254//6254 6253//6253
f 6246//6246 6239//6239 6247//6247 6254//6254
f 6256//6256 6263//6263 6255//6255
f 6257//6257 6263//6263 6256//6256
f 6258//6258 6263//6263 6257//6257
f 6259//6259 6263//6263 6258//6258
f 6260//6260 6263//6263 6259//6259
f 6261//6261 6263//6263 6260//6260
f 6262//6262 6263//6263 6261//6261
f 6255//6255 6263//6263 6262//6262
g part72
usemtl bone
v -1.78590 1.73934 -0.04715
v -1.78399 1.73738 -0.05305
v -1.78011 1.73267 -0.05531
v -1.77655 1.72795 -0.05259
v -1.77538 1.72600 -0.04650
v -1.77729 1.72795 -0.04060
v -1.78116 1.73267 -0.03834
v -1.78472 1.73738 -0.04105
v -1.80552 1.72284 -0.04836
v -1.80378 1.72106 -0.05374
v -1.80026 1.71676 -0.05579
v -1.79701 1.71246 -0.05332
v -1.79594 1.71068 -0.04777
v -1.79768 1.71246 -0.04239
v -1.80121 1.71676 -0.04033
v -1.80446 1.72106 -0.04281
v -1.82537 1.70616 -0.04958
v -1.82377 1.70457 -0.05443
v -1.82046 1.70081 -0.05628
v -1.81736 1.69707 -0.05404
v -1.81629 1.69554 -0.04902
v -1.81788 1.69713 -0.04417
v -1.82120 1.70090 -0.04232
v -1.82430 1.70464 -0.04456
v -1.84397 1.68781 -0.05018
v -1.84252 1.68644 -0.05448
v -1.83932 1.68335 -0.05612
v -1.83623 1.68034 -0.05413
v -1.83508 1.67918 -0.04967
v -1.83653 1.68055 -0.04537
v -1.83973 1.68364 -0.04373
v -1.84281 1.68665 -0.04572
v -1.86100 1.66715 -0.04985
v -1.85971 1.66600 -0.05359
v -1.85673 1.66354 -0.05502
v -1.85380 1.66121 -0.05329
v -1.85264 1.66038 -0.04943
v -1.85392 1.66153 -0.04569
v -1.85690 1.66399 -0.04426
v -1.85983 1.66632 -0.04599
v -1.87645 1.64513 -0.04890
v -1.87534 1.64421 -0.05205
v -1.87268 1.64234 -0.05326
v -1.87004 1.64061 -0.05183
v -1.86897 1.64004 -0.04858
v -1.87008 1.64096 -0.04543
v -1.87273 1.64283 -0.04422
v -1.87537 1.64456 -0.04566
v -1.88899 1.62294 -0.04761
v -1.88806 1.62229 -0.05012
v -1.88580 1.62105 -0.05110
v -1.88354 1.61995 -0.04997
v -1.88260 1.61964 -0.04740
v -1.88353 1.62029 -0.04489
v -1.88579 1.62153 -0.04391
v -1.88805 1.62263 -0.04504
v -1.89708 1.60113 -0.04595
v -1.89639 1.60073 -0.04774
v -1.89470 1.60007 -0.04845
v -1.89299 1.59953 -0.04768
v -1.89227 1.59943 -0.04586
v -1.89296 1.59982 -0.04408
v -1.89465 1.60048 -0.04336
v -1.89636 1.60102 -0.04414
v -1.90212 1.57954 -0.04399
v -1.90173 1.57933 -0.04499
v -1.90077 1.57902 -0.04539
v -1.89979 1.57878 -0.04497
v -1.89938 1.57875 -0.04396
v -1.89977 1.57896 -0.04296
v -1.90073 1.57927 -0.04255
v -1.90171 1.57951 -0.04298
v -1.90711 1.55810 -0.04204
v -1.90703 1.55805 -0.04225
v -1.90683 1.55799 -0.04234
v -1.90663 1.55794 -0.04225
v -1.90654 1.55793 -0.04204
v -1.90662 1.55797 -0.04183
v -1.90682 1.55804 -0.04174
v -1.90703 1.55809 -0.04183
v -1.90711 1.55810 -0.04204
v -1.90703 1.55805 -0.04225
v -1.90683 1.55799 -0.04234
v -1.90663 1.55794 -0.04225
v -1.90654 1.55793 -0.04204
v -1.90662 1.55797 -0.04183
v -1.90682 1.55804 -0.04174
v -1.90703 1.55809 -0.04183
v -1.90683 1.55801 -0.04204
vn -0.6415 0.7661 -0.0395
vn -0.4169 0.5364 -0.7338
vn 0.0384 -0.0182 -0.9991
vn 0.4577 -0.5728 -0.6799
vn 0.5954 -0.8026 0.0367
vn 0.3708 -0.5728 0.7310
vn -0.0845 -0.0182 0.9963
vn -0.5038 0.5364 0.6771
vn -0.6415 0.7661 -0.0395
vn -0.4169 0.5364 -0.7338
vn 0.0384 -0.0182 -0.9991
vn 0.4576 -0.5729 -0.6799
vn 0.5952 -0.8027 0.0367
vn 0.3706 -0.5730 0.7310
vn -0.0846 -0.0183 0.9963
vn -0.5038 0.5364 0.6771
vn -0.6719 0.7396 -0.0407
vn -0.4440 0.5127 -0.7348
vn 0.0306 -0.0259 -0.9992
vn 0.4735 -0.5612 -0.6789
vn 0.6254 -0.7794 0.0384
vn 0.3976 -0.5524 0.7326
vn -0.0764 -0.0134 0.9970
vn -0.5195 0.5218 0.6767
vn -0.7376 0.6740 -0.0406
vn -0.5041 0.4536 -0.7349
vn 0.0120 -0.0456 -0.9989
vn 0.5085 -0.5310 -0.6778
vn 0.6945 -0.7184 0.0401
vn 0.4610 -0.4980 0.7345
vn -0.0553 0.0010 0.9985
vn -0.5518 0.4864 0.6774
vn -0.7957 0.6045 -0.0378
vn -0.5573 0.3909 -0.7326
vn -0.0041 -0.0662 -0.9978
vn 0.5399 -0.4987 -0.6781
vn 0.7560 -0.6534 0.0392
vn 0.5175 -0.4398 0.7340
vn -0.0358 0.0170 0.9992
vn -0.5798 0.4496 0.6795
vn -0.8451 0.5335 -0.0337
vn -0.5992 0.3307 -0.7291
vn -0.0137 -0.0825 -0.9965
vn 0.5683 -0.4643 -0.6793
vn 0.8060 -0.5908 0.0366
vn 0.5602 -0.3879 0.7319
vn -0.0252 0.0254 0.9994
vn -0.6074 0.4071 0.6822
vn -0.9058 0.4229 -0.0258
vn -0.6476 0.2419 -0.7226
vn -0.0212 -0.1022 -0.9945
vn 0.6065 -0.4078 -0.6825
vn 0.8678 -0.4959 0.0307
vn 0.6096 -0.3151 0.7274
vn -0.0169 0.0289 0.9994
vn -0.6446 0.3346 0.6874
vn -0.9574 0.2885 -0.0139
vn -0.6885 0.1341 -0.7127
vn -0.0258 -0.1254 -0.9918
vn 0.6428 -0.3374 -0.6877
vn 0.9255 -0.3781 0.0214
vn 0.6565 -0.2242 0.7202
vn -0.0065 0.0344 0.9994
vn -0.6750 0.2469 0.6953
vn -0.9740 0.2264 -0.0078
vn -0.7015 0.0840 -0.7077
vn -0.0263 -0.1363 -0.9903
vn 0.6561 -0.3051 -0.6903
vn 0.9460 -0.3238 0.0168
vn 0.6735 -0.1814 0.7166
vn -0.0017 0.0387 0.9992
vn -0.6841 0.2076 0.6992
vn -0.9741 0.2261 -0.0078
vn -0.7016 0.0837 -0.7076
vn -0.0264 -0.1363 -0.9903
vn 0.6561 -0.3050 -0.6903
vn 0.9460 -0.3237 0.0167
vn 0.6735 -0.1813 0.7166
vn -0.0017 0.0387 0.9992
vn -0.6842 0.2075 0.6992
vn -0.2753 -0.9574 0.0876
vn -0.2753 -0.9574 0.0876
vn -0.2753 -0.9574 0.0876
vn -0.2753 -0.9574 0.0876
vn -0.2753 -0.9574 0.0876
vn -0.2753 -0.9574 0.0876
vn -0.2753 -0.9574 0.0876
vn -0.2753 -0.9574 0.0876
vn -0.2753 -0.9574 0.0876
f 6264//6264 6265//6265 6273//6273 6272//6272
f 6265//6265 6266//6266 6274//6274 6273//6273
f 6266//6266 6267//6267 6275//6275 6274//6274
f 6267//6267 6268//6268 6276//6276 6275//6275
f 6268//6268 6269//6269 6277//6277 6276//6276
f 6269//6269 6270//6270 6278//6278 6277//6277
f 6270//6270 6271//6271 6279//6279 6278//6278
f 6271//6271 6264//6264 6272//6272 6279//6279
f 6272//6272 6273//6273 6281//6281 6280//6280
f 6273//6273 6274//6274 6282//6282 6281//6281
f 6274//6274 6275//6275 6283//6283 6282//6282
f 6275//6275 6276//6276 6284//6284 6283//6283
f 6276//6276 6277//6277 6285//6285 6284//6284
f 6277//6277 6278//6278 6286//6286 6285//6285
f 6278//6278 6279//6279 6287//6287 6286//6286
f 6279//6279 6272//6272 6280//6280 6287//6287
f 6280//6280 6281//6281 6289//6289 6288//6288
f 6281//6281 6282//6282 6290//6290 6289//6289
f 6282//6282 6283//6283 6291//6291 6290//6290
f 6283//6283 6284//6284 6292//6292 6291//6291
f 6284//6284 6285//6285 6293//6293 6292//6292
f 6285//6285 6286//6286 6294//6294 6293//6293
f 6286//6286 6287//6287 6295//6295 6294//6294
f 6287//6287 6280//6280 6288//6288 6295//6295
f 6288//6288 6289//6289 6297//6297 6296//6296
f 6289//6289 6290//6290 6298//6298 6297//6297
f 6290//6290 6291//6291 6299//6299 6298//6298
f 6291//6291 6292//6292 6300//6300 6299//6299
f 6292//6292 6293//6293 6301//6301 6300//6300
f 6293//6293 6294//6294 6302//6302 6301//6301
f 6294//6294 6295//6295 6303//6303 6302//6302
f 6295//6295 6288//6288 6296//6296 6303//6303
f 6296//6296 6297//6297 6305//6305 6304//6304
f 6297//6297 6298//6298 6306//6306 6305//6305
f 6298//6298 6299//6299 6307//6307 6306//6306
f 6299//6299 6300//6300 6308//6308 6307//6307
f 6300//6300 6301//6301 6309//6309 6308//6308
f 6301//6301 6302//6302 6310//6310 6309//6309
f 6302//6302 6303//6303 6311//6311 6310//6310
f 6303//6303 6296//6296 6304//6304 6311//6311
f 6304//6304 6305//6305 6313//6313 6312//6312
f 6305//6305 6306//6306 6314//6314 6313//6313
f 6306//6306 6307//6307 6315//6315 6314//6314
f 6307//6307 6308//6308 6316//6316 6315//6315
f 6308//6308 6309//6309 6317//6317 6316//6316
f 6309//6309 6310//6310 6318//6318 6317//6317
f 6310//6310 6311//6311 6319//6319 6318//6318
f 6311//6311 6304//6304 6312//6312 6319//6319
f 6312//6312 6313//6313 6321//6321 6320//6320
f 6313//6313 6314//6314 6322//6322 6321//6321
f 6314//6314 6315//6315 6323//6323 6322//6322
f 6315//6315 6316//6316 6324//6324 6323//6323
f 6316//6316 6317//6317 6325//6325 6324//6324
f 6317//6317 6318//6318 6326//6326 6325//6325
f 6318//6318 6319//6319 6327//6327 6326//6326
f 6319//6319 6312//6312 6320//6320 6327//6327
f 6320//6320 6321//6321 6329//6329 6328//6328
f 6321//6321 6322//6322 6330//6330 6329//6329
f 6322//6322 6323//6323 6331//6331 6330//6330
f 6323//6323 6324//6324 6332//6332 6331//6331
f 6324//6324 6325//6325 6333//6333 6332//6332
f 6325//6325 6326//6326 6334//6334 6333//6333
f 6326//6326 6327//6327 6335//6335 6334//6334
f 6327//6327 6320//6320 6328//6328 6335//6335
f 6328//6328 6329//6329 6337//6337 6336//6336
f 6329//6329 6330//6330 6338//6338 6337//6337
f 6330//6330 6331//6331 6339//6339 6338//6338
f 6331//6331 6332//6332 6340//6340 6339//6339
f 6332//6332 6333//6333 6341//6341 6340//6340
f 6333//6333 6334//6334 6342//6342 6341//6341
f 6334//6334 6335//6335 6343//6343 6342//6342
f 6335//6335 6328//6328 6336//6336 6343//6343
f 6345//6345 6352//6352 6344//6344
f 6346//6346 6352//6352 6345//6345
f 6347//6347 6352//6352 6346//6346
f 6348//6348 6352//6352 6347//6347
f 6349//6349 6352//6352 6348//6348
f 6350//6350 6352//6352 6349//6349
f 6351//6351 6352//6352 6350//6350
f 6344//6344 6352//6352 6351//6351
g part73
usemtl skin
v -1.52752 1.84821 -0.04689
v -1.52384 1.84463 -0.05496
v -1.52083 1.83600 -0.05778
v -1.52027 1.82737 -0.05370
v -1.52248 1.82379 -0.04511
v -1.52616 1.82737 -0.03704
v -1.52917 1.83600 -0.03422
v -1.52973 1.84463 -0.03830
v -1.55720 1.84018 -0.05739
v -1.55383 1.83692 -0.06475
v -1.55109 1.82905 -0.06732
v -1.55058 1.82118 -0.06360
v -1.55259 1.81792 -0.05576
v -1.55596 1.82118 -0.04840
v -1.55870 1.82905 -0.04583
v -1.55921 1.83692 -0.04955
v -1.58710 1.83209 -0.06797
v -1.58400 1.82916 -0.07459
v -1.58136 1.82210 -0.07685
v -1.58073 1.81503 -0.07343
v -1.58248 1.81210 -0.06633
v -1.58558 1.81503 -0.05971
v -1.58822 1.82210 -0.05745
v -1.58885 1.82916 -0.06087
v -1.61485 1.82299 -0.07778
v -1.61187 1.82040 -0.08371
v -1.60906 1.81414 -0.08560
v -1.60806 1.80789 -0.08236
v -1.60946 1.80529 -0.07588
v -1.61245 1.80789 -0.06996
v -1.61526 1.81414 -0.06806
v -1.61626 1.82040 -0.07131
v -1.63899 1.81242 -0.08632
v -1.63607 1.81013 -0.09166
v -1.63304 1.80460 -0.09323
v -1.63167 1.79906 -0.09010
v -1.63276 1.79677 -0.08412
v -1.63568 1.79906 -0.07878
v -1.63871 1.80460 -0.07721
v -1.64008 1.81013 -0.08034
v -1.66032 1.80104 -0.09387
v -1.65753 1.79899 -0.09873
v -1.65446 1.79405 -0.10007
v -1.65292 1.78910 -0.09710
v -1.65381 1.78705 -0.09156
v -1.65660 1.78910 -0.08670
v -1.65966 1.79405 -0.08537
v -1.66120 1.79899 -0.08833
v -1.67981 1.78949 -0.10076
v -1.67720 1.78767 -0.10516
v -1.67423 1.78327 -0.10632
v -1.67265 1.77887 -0.10355
v -1.67338 1.77704 -0.09849
v -1.67600 1.77887 -0.09409
v -1.67896 1.78327 -0.09293
v -1.68055 1.78767 -0.09570
v -1.69735 1.77787 -0.10697
v -1.69493 1.77628 -0.11089
v -1.69209 1.77245 -0.11186
v -1.69049 1.76861 -0.10931
v -1.69107 1.76702 -0.10474
v -1.69349 1.76861 -0.10083
v -1.69633 1.77245 -0.09985
v -1.69793 1.77628 -0.10240
v -1.71307 1.76611 -0.11253
v -1.71089 1.76473 -0.11598
v -1.70829 1.76140 -0.11681
v -1.70679 1.75806 -0.11453
v -1.70726 1.75668 -0.11047
v -1.70944 1.75806 -0.10702
v -1.71205 1.76140 -0.10619
v -1.71355 1.76473 -0.10847
v -1.72865 1.75445 -0.11804
v -1.72676 1.75325 -0.12104
v -1.72449 1.75035 -0.12177
v -1.72318 1.74744 -0.11978
v -1.72360 1.74624 -0.11625
v -1.72550 1.74744 -0.11325
v -1.72776 1.75035 -0.11253
v -1.72907 1.75325 -0.11451
v -1.52752 1.84821 -0.04689
v -1.52384 1.84463 -0.05496
v -1.52083 1.83600 -0.05778
v -1.52027 1.82737 -0.05370
v -1.52248 1.82379 -0.04511
v -1.52616 1.82737 -0.03704
v -1.52917 1.83600 -0.03422
v -1.52973 1.84463 -0.03830
v -1.52500 1.83600 -0.04600
vn -0.2331 0.9690 -0.0824
vn 0.0617 0.6830 -0.7278
vn 0.3020 -0.0073 -0.9533
vn 0.3471 -0.6976 -0.6268
vn 0.1705 -0.9835 0.0603
vn -0.1243 -0.6976 0.7056
vn -0.3646 -0.0073 0.9311
vn -0.4096 0.6830 0.6047
vn -0.2330 0.9690 -0.0824
vn 0.0618 0.6830 -0.7278
vn 0.3020 -0.0073 -0.9533
vn 0.3469 -0.6976 -0.6269
vn 0.1703 -0.9835 0.0602
vn -0.1244 -0.6976 0.7056
vn -0.3646 -0.0073 0.9311
vn -0.4096 0.6830 0.6047
vn -0.2551 0.9627 -0.0902
vn 0.0464 0.6784 -0.7332
vn 0.3026 -0.0080 -0.9531
vn 0.3633 -0.6944 -0.6211
vn 0.1931 -0.9788 0.0683
vn -0.1081 -0.6944 0.7114
vn -0.3640 -0.0080 0.9314
vn -0.4250 0.6784 0.5993
vn -0.3173 0.9416 -0.1123
vn 0.0030 0.6630 -0.7486
vn 0.3050 -0.0097 -0.9523
vn 0.4116 -0.6824 -0.6041
vn 0.2604 -0.9611 0.0921
vn -0.0598 -0.6824 0.7285
vn -0.3617 -0.0097 0.9323
vn -0.4684 0.6630 0.5840
vn -0.3907 0.9101 -0.1382
vn -0.0480 0.6402 -0.7667
vn 0.3081 -0.0113 -0.9513
vn 0.4692 -0.6626 -0.5837
vn 0.3408 -0.9324 0.1206
vn -0.0022 -0.6626 0.7489
vn -0.3586 -0.0113 0.9334
vn -0.5194 0.6402 0.5660
vn -0.4411 0.8838 -0.1560
vn -0.0834 0.6212 -0.7792
vn 0.3089 -0.0128 -0.9510
vn 0.5061 -0.6467 -0.5707
vn 0.3925 -0.9092 0.1388
vn 0.0346 -0.6467 0.7620
vn -0.3578 -0.0128 0.9337
vn -0.5548 0.6212 0.5535
vn -0.4789 0.8614 -0.1694
vn -0.1106 0.6046 -0.7888
vn 0.3070 -0.0153 -0.9516
vn 0.5294 -0.6352 -0.5624
vn 0.4263 -0.8919 0.1508
vn 0.0580 -0.6352 0.7702
vn -0.3596 -0.0153 0.9330
vn -0.5820 0.6046 0.5438
vn -0.5208 0.8335 -0.1842
vn -0.1409 0.5840 -0.7994
vn 0.3051 -0.0184 -0.9521
vn 0.5560 -0.6206 -0.5529
vn 0.4647 -0.8701 0.1644
vn 0.0847 -0.6206 0.7795
vn -0.3615 -0.0184 0.9322
vn -0.6122 0.5840 0.5330
vn -0.5435 0.8171 -0.1922
vn -0.1570 0.5720 -0.8051
vn 0.3046 -0.0198 -0.9523
vn 0.5711 -0.6116 -0.5475
vn 0.4863 -0.8567 0.1720
vn 0.0998 -0.6116 0.7849
vn -0.3619 -0.0198 0.9320
vn -0.6283 0.5720 0.5273
vn -0.5436 0.8170 -0.1923
vn -0.1571 0.5719 -0.8051
vn 0.3046 -0.0198 -0.9523
vn 0.5712 -0.6115 -0.5475
vn 0.4864 -0.8566 0.1721
vn 0.0999 -0.6115 0.7849
vn -0.3619 -0.0198 0.9320
vn -0.6284 0.5719 0.5272
vn 0.9209 0.2141 0.3258
vn 0.9209 0.2141 0.3258
vn 0.9209 0.2141 0.3258
vn 0.9209 0.2141 0.3258
vn 0.9209 0.2141 0.3258
vn 0.9209 0.2141 0.3258
vn 0.9209 0.2141 0.3258
vn 0.9209 0.2141 0.3258
vn 0.9209 0.2141 0.3258
f 6353//6353 6354//6354 6362//6362 6361//6361
f 6354//6354 6355//6355 6363//6363 6362//6362
f 6355//6355 6356//6356 6364//6364 6363//6363
f 6356//6356 6357//6357 6365//6365 6364//6364
f 6357//6357 6358//6358 6366//6366 6365//6365
f 6358//6358 6359//6359 6367//6367 6366//6366
f 6359//6359 6360//6360 6368//6368 6367//6367
f 6360//6360 6353//6353 6361//6361 6368//6368
f 6361//6361 6362//6362 6370//6370 6369//6369
f 6362//6362 6363//6363 6371//6371 6370//6370
f 6363//6363 6364//6364 6372//6372 6371//6371
f 6364//6364 6365//6365 6373//6373 6372//6372
f 6365//6365 6366//6366 6374//6374 6373//6373
f 6366//6366 6367//6367 6375//6375 6374//6374
f 6367//6367 6368//6368 6376//6376 6375//6375
f 6368//6368 6361//6361 6369//6369 6376//6376
f 6369//6369 6370//6370 6378//6378 6377//6377
f 6370//6370 6371//6371 6379//6379 6378//6378
f 6371//6371 6372//6372 6380//6380 6379//6379
f 6372//6372 6373//6373 6381//6381 6380//6380
f 6373//6373 6374//6374 6382//6382 6381//6381
f 6374//6374 6375//6375 6383//6383 6382//6382
f 6375//6375 6376//6376 6384//6384 6383//6383
f 6376//6376 6369//6369 6377//6377 6384//6384
f 6377//6377 6378//6378 6386//6386 6385//6385
f 6378//6378 6379//6379 6387//6387 6386//6386
f 6379//6379 6380//6380 6388//6388 6387//6387
f 6380//6380 6381//6381 6389//6389 6388//6388
f 6381//6381 6382//6382 6390//6390 6389//6389
f 6382//6382 6383//6383 6391//6391 6390//6390
f 6383//6383 6384//6384 6392//6392 6391//6391
f 6384//6384 6377//6377 6385//6385 6392//6392
f 6385//6385 6386//6386 6394//6394 6393//6393
f 6386//6386 6387//6387 6395//6395 6394//6394
f 6387//6387 6388//6388 6396//6396 6395//6395
f 6388//6388 6389//6389 6397//6397 6396//6396
f 6389//6389 6390//6390 6398//6398 6397//6397
f 6390//6390 6391//6391 6399//6399 6398//6398
f 6391//6391 6392//6392 6400//6400 6399//6399
f 6392//6392 6385//6385 6393//6393 6400//6400
f 6393//6393 6394//6394 6402//6402 6401//6401
f 6394//6394 6395//6395 6403//6403 6402//6402
f 6395//6395 6396//6396 6404//6404 6403//6403
f 6396//6396 6397//6397 6405//6405 6404//6404
f 6397//6397 6398//6398 6406//6406 6405//6405
f 6398//6398 6399//6399 6407//6407 6406//6406
f 6399//6399 6400//6400 6408//6408 6407//6407
f 6400//6400 6393//6393 6401//6401 6408//6408
f 6401//6401 6402//6402 6410//6410 6409//6409
f 6402//6402 6403//6403 6411//6411 6410//6410
f 6403//6403 6404//6404 6412//6412 6411//6411
f 6404//6404 6405//6405 6413//6413 6412//6412
f 6405//6405 6406//6406 6414//6414 6413//6413
f 6406//6406 6407//6407 6415//6415 6414//6414
f 6407//6407 6408//6408 6416//6416 6415//6415
f 6408//6408 6401//6401 6409//6409 6416//6416
f 6409//6409 6410//6410 6418//6418 6417//6417
f 6410//6410 6411//6411 6419//6419 6418//6418
f 6411//6411 6412//6412 6420//6420 6419//6419
f 6412//6412 6413//6413 6421//6421 6420//6420
f 6413//6413 6414//6414 6422//6422 6421//6421
f 6414//6414 6415//6415 6423//6423 6422//6422
f 6415//6415 6416//6416 6424//6424 6423//6423
f 6416//6416 6409//6409 6417//6417 6424//6424
f 6417//6417 6418//6418 6426//6426 6425//6425
f 6418//6418 6419//6419 6427//6427 6426//6426
f 6419//6419 6420//6420 6428//6428 6427//6427
f 6420//6420 6421//6421 6429//6429 6428//6428
f 6421//6421 6422//6422 6430//6430 6429//6429
f 6422//6422 6423//6423 6431//6431 6430//6430
f 6423//6423 6424//6424 6432//6432 6431//6431
f 6424//6424 6417//6417 6425//6425 6432//6432
f 6434//6434 6441//6441 6433//6433
f 6435//6435 6441//6441 6434//6434
f 6436//6436 6441//6441 6435//6435
f 6437//6437 6441//6441 6436//6436
f 6438//6438 6441//6441 6437//6437
f 6439//6439 6441//6441 6438//6438
f 6440//6440 6441//6441 6439//6439
f 6433//6433 6441//6441 6440//6440
g part74
usemtl bone
v -1.73122 1.75698 -0.11863
v -1.72805 1.75504 -0.12397
v -1.72375 1.75035 -0.12531
v -1.72084 1.74565 -0.12186
v -1.72103 1.74371 -0.11566
v -1.72420 1.74565 -0.11032
v -1.72851 1.75035 -0.10899
v -1.73141 1.75504 -0.11243
v -1.74985 1.74048 -0.12407
v -1.74696 1.73871 -0.12893
v -1.74304 1.73444 -0.13015
v -1.74039 1.73016 -0.12701
v -1.74056 1.72839 -0.12136
v -1.74346 1.73016 -0.11650
v -1.74738 1.73444 -0.11528
v -1.75003 1.73871 -0.11841
v -1.76870 1.72380 -0.12956
v -1.76606 1.72223 -0.13394
v -1.76239 1.71849 -0.13500
v -1.75983 1.71477 -0.13212
v -1.75989 1.71326 -0.12699
v -1.76252 1.71483 -0.12262
v -1.76620 1.71857 -0.12155
v -1.76875 1.72229 -0.12443
v -1.78638 1.70544 -0.13416
v -1.78400 1.70409 -0.13804
v -1.78047 1.70103 -0.13892
v -1.77787 1.69806 -0.13629
v -1.77772 1.69691 -0.13169
v -1.78010 1.69826 -0.12781
v -1.78362 1.70132 -0.12693
v -1.78622 1.70429 -0.12956
v -1.80255 1.68476 -0.13750
v -1.80045 1.68363 -0.14086
v -1.79719 1.68122 -0.14159
v -1.79468 1.67895 -0.13925
v -1.79438 1.67813 -0.13523
v -1.79648 1.67926 -0.13187
v -1.79974 1.68167 -0.13114
v -1.80226 1.68394 -0.13348
v -1.81722 1.66274 -0.13988
v -1.81542 1.66184 -0.14270
v -1.81253 1.66002 -0.14329
v -1.81024 1.65835 -0.14130
v -1.80989 1.65780 -0.13789
v -1.81169 1.65869 -0.13507
v -1.81459 1.66051 -0.13448
v -1.81688 1.66218 -0.13648
v -1.82911 1.64055 -0.14128
v -1.82764 1.63992 -0.14352
v -1.82519 1.63874 -0.14397
v -1.82321 1.63769 -0.14237
v -1.82285 1.63739 -0.13966
v -1.82433 1.63802 -0.13742
v -1.82678 1.63920 -0.13696
v -1.82876 1.64025 -0.13857
v -1.83677 1.61875 -0.14136
v -1.83570 1.61837 -0.14295
v -1.83387 1.61776 -0.14327
v -1.83236 1.61726 -0.14213
v -1.83206 1.61717 -0.14021
v -1.83313 1.61754 -0.13862
v -1.83496 1.61816 -0.13830
v -1.83647 1.61866 -0.13944
v -1.84153 1.59718 -0.14048
v -1.84092 1.59699 -0.14137
v -1.83988 1.59670 -0.14155
v -1.83902 1.59649 -0.14091
v -1.83884 1.59647 -0.13984
v -1.83945 1.59666 -0.13895
v -1.84049 1.59695 -0.13877
v -1.84135 1.59716 -0.13941
v -1.84624 1.57577 -0.13960
v -1.84611 1.57573 -0.13979
v -1.84589 1.57567 -0.13983
v -1.84571 1.57562 -0.13969
v -1.84567 1.57562 -0.13947
v -1.84580 1.57566 -0.13928
v -1.84602 1.57572 -0.13924
v -1.84620 1.57577 -0.13937
v -1.84624 1.57577 -0.13960
v -1.84611 1.57573 -0.13979
v -1.84589 1.57567 -0.13983
v -1.84571 1.57562 -0.13969
v -1.84567 1.57562 -0.13947
v -1.84580 1.57566 -0.13928
v -1.84602 1.57572 -0.13924
v -1.84620 1.57577 -0.13937
v -1.84595 1.57569 -0.13953
vn -0.6218 0.7619 -0.1813
vn -0.2483 0.5333 -0.8087
vn 0.2576 -0.0185 -0.9661
vn 0.5996 -0.5704 -0.5614
vn 0.5773 -0.7990 0.1684
vn 0.2038 -0.5704 0.7957
vn -0.3021 -0.0185 0.9531
vn -0.6441 0.5333 0.5484
vn -0.6217 0.7619 -0.1813
vn -0.2483 0.5334 -0.8086
vn 0.2576 -0.0185 -0.9661
vn 0.5995 -0.5705 -0.5614
vn 0.5771 -0.7991 0.1683
vn 0.2037 -0.5705 0.7956
vn -0.3021 -0.0186 0.9531
vn -0.6440 0.5334 0.5484
vn -0.6521 0.7341 -0.1894
vn -0.2750 0.5088 -0.8158
vn 0.2503 -0.0262 -0.9678
vn 0.6156 -0.5578 -0.5566
vn 0.6071 -0.7746 0.1770
vn 0.2301 -0.5493 0.8033
vn -0.2946 -0.0139 0.9555
vn -0.6601 0.5177 0.5443
vn -0.7186 0.6647 -0.2044
vn -0.3348 0.4472 -0.8294
vn 0.2328 -0.0457 -0.9715
vn 0.6518 -0.5250 -0.5473
vn 0.6767 -0.7101 0.1945
vn 0.2929 -0.4926 0.8195
vn -0.2749 0.0000 0.9615
vn -0.6938 0.4794 0.5374
vn -0.7778 0.5906 -0.2150
vn -0.3881 0.3813 -0.8391
vn 0.2175 -0.0663 -0.9738
vn 0.6844 -0.4896 -0.5402
vn 0.7391 -0.6409 0.2076
vn 0.3493 -0.4315 0.8317
vn -0.2564 0.0157 0.9664
vn -0.7233 0.4391 0.5329
vn -0.8273 0.5160 -0.2219
vn -0.4297 0.3186 -0.8449
vn 0.2084 -0.0827 -0.9745
vn 0.7132 -0.4528 -0.5350
vn 0.7891 -0.5749 0.2162
vn 0.3916 -0.3774 0.8392
vn -0.2464 0.0240 0.9689
vn -0.7514 0.3940 0.5293
vn -0.8870 0.4019 -0.2274
vn -0.4771 0.2274 -0.8489
vn 0.2014 -0.1022 -0.9742
vn 0.7512 -0.3938 -0.5297
vn 0.8501 -0.4766 0.2240
vn 0.4402 -0.3022 0.8455
vn -0.2384 0.0272 0.9708
vn -0.7882 0.3189 0.5264
vn -0.9375 0.2642 -0.2266
vn -0.5169 0.1175 -0.8479
vn 0.1973 -0.1251 -0.9723
vn 0.7870 -0.3207 -0.5270
vn 0.9067 -0.3553 0.2272
vn 0.4860 -0.2091 0.8486
vn -0.2285 0.0325 0.9730
vn -0.8180 0.2287 0.5277
vn -0.9537 0.2008 -0.2241
vn -0.5296 0.0666 -0.8457
vn 0.1968 -0.1357 -0.9710
vn 0.8000 -0.2873 -0.5267
vn 0.9267 -0.2996 0.2270
vn 0.5026 -0.1654 0.8486
vn -0.2238 0.0367 0.9739
vn -0.8270 0.1884 0.5296
vn -0.9537 0.2005 -0.2241
vn -0.5296 0.0663 -0.8456
vn 0.1968 -0.1357 -0.9710
vn 0.8000 -0.2872 -0.5267
vn 0.9267 -0.2995 0.2270
vn 0.5026 -0.1653 0.8486
vn -0.2238 0.0367 0.9739
vn -0.8271 0.1883 0.5296
vn -0.2633 -0.9643 0.0286
vn -0.2633 -0.9643 0.0286
vn -0.2633 -0.9643 0.0286
vn -0.2633 -0.9643 0.0286
vn -0.2633 -0.9643 0.0286
vn -0.2633 -0.9643 0.0286
vn -0.2633 -0.9643 0.0286
vn -0.2633 -0.9643 0.0286
vn -0.2633 -0.9643 0.0286
f 6442//6442 6443//6443 6451//6451 6450//6450
f 6443//6443 6444//6444 6452//6452 6451//6451
f 6444//6444 6445//6445 6453//6453 6452//6452
f 6445//6445 6446//6446 6454//6454 6453//6453
f 6446//6446 6447//6447 6455//6455 6454//6454
f 6447//6447 6448//6448 6456//6456 6455//6455
f 6448//6448 6449//6449 6457//6457 6456//6456
f 6449//6449 6442//6442 6450//6450 6457//6457
f 6450//6450 6451//6451 6459//6459 6458//6458
f 6451//6451 6452//6452 6460//6460 6459//6459
f 6452//6452 6453//6453 6461//6461 6460//6460
f 6453//6453 6454//6454 6462//6462 6461//6461
f 6454//6454 6455//6455 6463//6463 6462//6462
f 6455//6455 6456//6456 6464//6464 6463//6463
f 6456//6456 6457//6457 6465//6465 6464//6464
f 6457//6457 6450//6450 6458//6458 6465//6465
f 6458//6458 6459//6459 6467//6467 6466//6466
f 6459//6459 6460//6460 6468//6468 6467//6467
f 6460//6460 6461//6461 6469//6469 6468//6468
f 6461//6461 6462//6462 6470//6470 6469//6469
f 6462//6462 6463//6463 6471//6471 6470//6470
f 6463//6463 6464//6464 6472//6472 6471//6471
f 6464//6464 6465//6465 6473//6473 6472//6472
f 6465//6465 6458//6458 6466//6466 6473//6473
f 6466//6466 6467//6467 6475//6475 6474//6474
f 6467//6467 6468//6468 6476//6476 6475//6475
f 6468//6468 6469//6469 6477//6477 6476//6476
f 6469//6469 6470//6470 6478//6478 6477//6477
f 6470//6470 6471//6471 6479//6479 6478//6478
f 6471//6471 6472//6472 6480//6480 6479//6479
f 6472//6472 6473//6473 6481//6481 6480//6480
f 6473//6473 6466//6466 6474//6474 6481//6481
f 6474//6474 6475//6475 6483//6483 6482//6482
f 6475//6475 6476//6476 6484//6484 6483//6483
f 6476//6476 6477//6477 6485//6485 6484//6484
f 6477//6477 6478//6478 6486//6486 6485//6485
f 6478//6478 6479//6479 6487//6487 6486//6486
f 6479//6479 6480//6480 6488//6488 6487//6487
f 6480//6480 6481//6481 6489//6489 6488//6488
f 6481//6481 6474//6474 6482//6482 6489//6489
f 6482//6482 6483//6483 6491//6491 6490//6490
f 6483//6483 6484//6484 6492//6492 6491//6491
f 6484//6484 6485//6485 6493//6493 6492//6492
f 6485//6485 6486//6486 6494//6494 6493//6493
f 6486//6486 6487//6487 6495//6495 6494//6494
f 6487//6487 6488//6488 6496//6496 6495//6495
f 6488//6488 6489//6489 6497//6497 6496//6496
f 6489//6489 6482//6482 6490//6490 6497//6497
f 6490//6490 6491//6491 6499//6499 6498//6498
f 6491//6491 6492//6492 6500//6500 6499//6499
f 6492//6492 6493//6493 6501//6501 6500//6500
f 6493//6493 6494//6494 6502//6502 6501//6501
f 6494//6494 6495//6495 6503//6503 6502//6502
f 6495//6495 6496//6496 6504//6504 6503//6503
f 6496//6496 6497//6497 6505//6505 6504//6504
f 6497//6497 6490//6490 6498//6498 6505//6505
f 6498//6498 6499//6499 6507//6507 6506//6506
f 6499//6499 6500//6500 6508//6508 6507//6507
f 6500//6500 6501//6501 6509//6509 6508//6508
f 6501//6501 6502//6502 6510//6510 6509//6509
f 6502//6502 6503//6503 6511//6511 6510//6510
f 6503//6503 6504//6504 6512//6512 6511//6511
f 6504//6504 6505//6505 6513//6513 6512//6512
f 6505//6505 6498//6498 6506//6506 6513//6513
f 6506//6506 6507//6507 6515//6515 6514//6514
f 6507//6507 6508//6508 6516//6516 6515//6515
f 6508//6508 6509//6509 6517//6517 6516//6516
f 6509//6509 6510//6510 6518//6518 6517//6517
f 6510//6510 6511//6511 6519//6519 6518//6518
f 6511//6511 6512//6512 6520//6520 6519//6519
f 6512//6512 6513//6513 6521//6521 6520//6520
f 6513//6513 6506//6506 6514//6514 6521//6521
f 6523//6523 6530//6530 6522//6522
f 6524//6524 6530//6530 6523//6523
f 6525//6525 6530//6530 6524//6524
f 6526//6526 6530//6530 6525//6525
f 6527//6527 6530//6530 6526//6526
f 6528//6528 6530//6530 6527//6527
f 6529//6529 6530//6530 6528//6528
f 6522//6522 6530//6530 6529//6529
g part75
usemtl skin
v -1.46042 1.84944 0.04620
v -1.46931 1.84550 0.04269
v -1.47274 1.83600 0.04054
v -1.46871 1.82650 0.04100
v -1.45958 1.82256 0.04380
v -1.45069 1.82650 0.04731
v -1.44726 1.83600 0.04946
v -1.45129 1.84550 0.04900
v -1.46704 1.84689 0.06511
v -1.47549 1.84315 0.06177
v -1.47876 1.83410 0.05972
v -1.47493 1.82506 0.06016
v -1.46624 1.82132 0.06283
v -1.45778 1.82506 0.06616
v -1.45452 1.83410 0.06821
v -1.45835 1.84315 0.06777
v -1.47366 1.84434 0.08402
v -1.48168 1.84079 0.08085
v -1.48478 1.83221 0.07891
v -1.48114 1.82363 0.07932
v -1.47290 1.82007 0.08185
v -1.46487 1.82363 0.08502
v -1.46177 1.83221 0.08696
v -1.46541 1.84079 0.08655
v -1.48002 1.84183 0.10219
v -1.48761 1.83847 0.09927
v -1.49059 1.83036 0.09758
v -1.48721 1.82225 0.09812
v -1.47945 1.81889 0.10057
v -1.47186 1.82225 0.10349
v -1.46888 1.83036 0.10518
v -1.47226 1.83847 0.10464
v -1.48620 1.84003 0.11986
v -1.49331 1.83689 0.11719
v -1.49614 1.82931 0.11576
v -1.49303 1.82173 0.11641
v -1.48581 1.81859 0.11875
v -1.47871 1.82173 0.12142
v -1.47588 1.82931 0.12285
v -1.47898 1.83689 0.12220
v -1.49247 1.83818 0.13778
v -1.49899 1.83529 0.13514
v -1.50147 1.82831 0.13342
v -1.49846 1.82133 0.13363
v -1.49172 1.81844 0.13563
v -1.48520 1.82133 0.13827
v -1.48272 1.82831 0.13999
v -1.48573 1.83529 0.13978
v -1.49869 1.83401 0.15553
v -1.50457 1.83143 0.15266
v -1.50651 1.82519 0.15002
v -1.50335 1.81896 0.14917
v -1.49696 1.81637 0.15060
v -1.49107 1.81896 0.15347
v -1.48914 1.82519 0.15610
v -1.49229 1.83143 0.15696
v -1.50429 1.82618 0.17154
v -1.50964 1.82394 0.16846
v -1.51111 1.81853 0.16502
v -1.50782 1.81312 0.16324
v -1.50171 1.81088 0.16417
v -1.49635 1.81312 0.16725
v -1.49489 1.81853 0.17069
v -1.49818 1.82394 0.17247
v -1.50918 1.81664 0.18552
v -1.51415 1.81462 0.18250
v -1.51540 1.80975 0.17894
v -1.51221 1.80488 0.17695
v -1.50644 1.80286 0.17768
v -1.50147 1.80488 0.18071
v -1.50022 1.80975 0.18426
v -1.50341 1.81462 0.18625
v -1.51390 1.80739 0.19900
v -1.51853 1.80551 0.19618
v -1.51970 1.80097 0.19287
v -1.51672 1.79642 0.19101
v -1.51134 1.79454 0.19169
v -1.50671 1.79642 0.19452
v -1.50554 1.80097 0.19783
v -1.50852 1.80551 0.19969
v -1.46042 1.84944 0.04620
v -1.46931 1.84550 0.04269
v -1.47274 1.83600 0.04054
v -1.46871 1.82650 0.04100
v -1.45958 1.82256 0.04380
v -1.45069 1.82650 0.04731
v -1.44726 1.83600 0.04946
v -1.45129 1.84550 0.04900
v -1.46000 1.83600 0.04500
vn -0.0417 0.9920 0.1191
vn -0.6997 0.7006 -0.1403
vn -0.9540 -0.0031 -0.2997
vn -0.6558 -0.7067 -0.2657
vn 0.0204 -0.9981 -0.0581
vn 0.6783 -0.7067 0.2013
vn 0.9327 -0.0031 0.3607
vn 0.6344 0.7006 0.3267
vn -0.0417 0.9920 0.1191
vn -0.6997 0.7006 -0.1403
vn -0.9540 -0.0031 -0.2997
vn -0.6558 -0.7067 -0.2657
vn 0.0204 -0.9981 -0.0581
vn 0.6783 -0.7067 0.2013
vn 0.9327 -0.0031 0.3607
vn 0.6344 0.7006 0.3267
vn -0.0422 0.9918 0.1206
vn -0.7001 0.7004 -0.1389
vn -0.9544 -0.0032 -0.2984
vn -0.6562 -0.7067 -0.2645
vn 0.0200 -0.9982 -0.0571
vn 0.6779 -0.7067 0.2024
vn 0.9322 -0.0032 0.3619
vn 0.6339 0.7004 0.3280
vn -0.0373 0.9936 0.1065
vn -0.6969 0.7018 -0.1477
vn -0.9556 -0.0028 -0.2947
vn -0.6617 -0.7074 -0.2483
vn 0.0125 -0.9993 -0.0357
vn 0.6721 -0.7074 0.2186
vn 0.9308 -0.0028 0.3655
vn 0.6369 0.7018 0.3191
vn -0.0318 0.9953 0.0910
vn -0.6933 0.7032 -0.1576
vn -0.9568 -0.0023 -0.2907
vn -0.6680 -0.7077 -0.2301
vn 0.0040 -0.9999 -0.0115
vn 0.6656 -0.7077 0.2367
vn 0.9293 -0.0023 0.3694
vn 0.6403 0.7032 0.3092
vn -0.0519 0.9876 0.1483
vn -0.7074 0.6970 -0.1174
vn -0.9570 -0.0049 -0.2902
vn -0.6552 -0.7070 -0.2662
vn 0.0217 -0.9978 -0.0620
vn 0.6782 -0.7070 0.2005
vn 0.9290 -0.0049 0.3699
vn 0.6262 0.6970 0.3493
vn -0.1051 0.9481 0.3002
vn -0.7449 0.6671 -0.0109
vn -0.9555 -0.0111 -0.2948
vn -0.6137 -0.6892 -0.3851
vn 0.0802 -0.9701 -0.2290
vn 0.7199 -0.6892 0.0817
vn 0.9308 -0.0111 0.3654
vn 0.5891 0.6671 0.4560
vn -0.1585 0.8774 0.4529
vn -0.7823 0.6155 0.0957
vn -0.9533 -0.0155 -0.3016
vn -0.5707 -0.6446 -0.5087
vn 0.1408 -0.9047 -0.4021
vn 0.7634 -0.6446 -0.0418
vn 0.9333 -0.0155 0.3587
vn 0.5519 0.6155 0.5627
vn -0.1792 0.8400 0.5121
vn -0.7965 0.5891 0.1363
vn -0.9524 -0.0165 -0.3043
vn -0.5556 -0.6218 -0.5520
vn 0.1615 -0.8724 -0.4613
vn 0.7785 -0.6218 -0.0850
vn 0.9343 -0.0165 0.3560
vn 0.5377 0.5891 0.6032
vn -0.1795 0.8394 0.5130
vn -0.7967 0.5887 0.1368
vn -0.9524 -0.0165 -0.3043
vn -0.5556 -0.6218 -0.5521
vn 0.1614 -0.8725 -0.4613
vn 0.7786 -0.6218 -0.0851
vn 0.9343 -0.0165 0.3560
vn 0.5375 0.5887 0.6038
vn 0.3289 0.0940 -0.9397
vn 0.3289 0.0940 -0.9397
vn 0.3289 0.0940 -0.9397
vn 0.3289 0.0940 -0.9397
vn 0.3289 0.0940 -0.9397
vn 0.3289 0.0940 -0.9397
vn 0.3289 0.0940 -0.9397
vn 0.3289 0.0940 -0.9397
vn 0.3289 0.0940 -0.9397
f 6531//6531 6532//6532 6540//6540 6539//6539
f 6532//6532 6533//6533 6541//6541 6540//6540
f 6533//6533 6534//6534 6542//6542 6541//6541
f 6534//6534 6535//6535 6543//6543 6542//6542
f 6535//6535 6536//6536 6544//6544 6543//6543
f 6536//6536 6537//6537 6545//6545 6544//6544
f 6537//6537 6538//6538 6546//6546 6545//6545
f 6538//6538 6531//6531 6539//6539 6546//6546
f 6539//6539 6540//6540 6548//6548 6547//6547
f 6540//6540 6541//6541 6549//6549 6548//6548
f 6541//6541 6542//6542 6550//6550 6549//6549
f 6542//6542 6543//6543 6551//6551 6550//6550
f 6543//6543 6544//6544 6552//6552 6551//6551
f 6544//6544 6545//6545 6553//6553 6552//6552
f 6545//6545 6546//6546 6554//6554 6553//6553
f 6546//6546 6539//6539 6547//6547 6554//6554
f 6547//6547 6548//6548 6556//6556 6555//6555
f 6548//6548 6549//6549 6557//6557 6556//6556
f 6549//6549 6550//6550 6558//6558 6557//6557
f 6550//6550 6551//6551 6559//6559 6558//6558
f 6551//6551 6552//6552 6560//6560 6559//6559
f 6552//6552 6553//6553 6561//6561 6560//6560
f 6553//6553 6554//6554 6562//6562 6561//6561
f 6554//6554 6547//6547 6555//6555 6562//6562
f 6555//6555 6556//6556 6564//6564 6563//6563
f 6556//6556 6557//6557 6565//6565 6564//6564
f 6557//6557 6558//6558 6566//6566 6565//6565
f 6558//6558 6559//6559 6567//6567 6566//6566
f 6559//6559 6560//6560 6568//6568 6567//6567
f 6560//6560 6561//6561 6569//6569 6568//6568
f 6561//6561 6562//6562 6570//6570 6569//6569
f 6562//6562 6555//6555 6563//6563 6570//6570
f 6563//6563 6564//6564 6572//6572 6571//6571
f 6564//6564 6565//6565 6573//6573 6572//6572
f 6565//6565 6566//6566 6574//6574 6573//6573
f 6566//6566 6567//6567 6575//6575 6574//6574
f 6567//6567 6568//6568 6576//6576 6575//6575
f 6568//6568 6569//6569 6577//6577 6576//6576
f 6569//6569 6570//6570 6578//6578 6577//6577
f 6570//6570 6563//6563 6571//6571 6578//6578
f 6571//6571 6572//6572 6580//6580 6579//6579
f 6572//6572 6573//6573 6581//6581 6580//6580
f 6573//6573 6574//6574 6582//6582 6581//6581
f 6574//6574 6575//6575 6583//6583 6582//6582
f 6575//6575 6576//6576 6584//6584 6583//6583
f 6576//6576 6577//6577 6585//6585 6584//6584
f 6577//6577 6578//6578 6586//6586 6585//6585
f 6578//6578 6571//6571 6579//6579 6586//6586
f 6579//6579 6580//6580 6588//6588 6587//6587
f 6580//6580 6581//6581 6589//6589 6588//6588
f 6581//6581 6582//6582 6590//6590 6589//6589
f 6582//6582 6583//6583 6591//6591 6590//6590
f 6583//6583 6584//6584 6592//6592 6591//6591
f 6584//6584 6585//6585 6593//6593 6592//6592
f 6585//6585 6586//6586 6594//6594 6593//6593
f 6586//6586 6579//6579 6587//6587 6594//6594
f 6587//6587 6588//6588 6596//6596 6595//6595
f 6588//6588 6589//6589 6597//6597 6596//6596
f 6589//6589 6590//6590 6598//6598 6597//6597
f 6590//6590 6591//6591 6599//6599 6598//6598
f 6591//6591 6592//6592 6600//6600 6599//6599
f 6592//6592 6593//6593 6601//6601 6600//6600
f 6593//6593 6594//6594 6602//6602 6601//6601
f 6594//6594 6587//6587 6595//6595 6602//6602
f 6595//6595 6596//6596 6604//6604 6603//6603
f 6596//6596 6597//6597 6605//6605 6604//6604
f 6597//6597 6598//6598 6606//6606 6605//6605
f 6598//6598 6599//6599 6607//6607 6606//6606
f 6599//6599 6600//6600 6608//6608 6607//6607
f 6600//6600 6601//6601 6609//6609 6608//6608
f 6601//6601 6602//6602 6610//6610 6609//6609
f 6602//6602 6595//6595 6603//6603 6610//6610
f 6612//6612 6619//6619 6611//6611
f 6613//6613 6619//6619 6612//6612
f 6614//6614 6619//6619 6613//6613
f 6615//6615 6619//6619 6614//6614
f 6616//6616 6619//6619 6615//6615
f 6617//6617 6619//6619 6616//6616
f 6618//6618 6619//6619 6617//6617
f 6611//6611 6619//6619 6618//6618
g part76
usemtl bone
v -1.51413 1.80701 0.19953
v -1.51868 1.80524 0.19651
v -1.51968 1.80097 0.19281
v -1.51655 1.79669 0.19060
v -1.51112 1.79492 0.19117
v -1.50657 1.79669 0.19419
v -1.50556 1.80097 0.19789
v -1.50869 1.80524 0.20010
v -1.51884 1.79596 0.21263
v -1.52299 1.79434 0.20988
v -1.52391 1.79044 0.20650
v -1.52105 1.78654 0.20448
v -1.51609 1.78493 0.20500
v -1.51194 1.78654 0.20776
v -1.51102 1.79044 0.21113
v -1.51388 1.79434 0.21315
v -1.52360 1.78479 0.22588
v -1.52735 1.78334 0.22338
v -1.52815 1.77989 0.22024
v -1.52553 1.77645 0.21829
v -1.52102 1.77505 0.21869
v -1.51727 1.77651 0.22119
v -1.51647 1.77996 0.22433
v -1.51909 1.78339 0.22627
v -1.52836 1.77133 0.24026
v -1.53170 1.77004 0.23804
v -1.53237 1.76707 0.23513
v -1.52999 1.76417 0.23324
v -1.52594 1.76303 0.23347
v -1.52260 1.76432 0.23568
v -1.52193 1.76729 0.23859
v -1.52431 1.77020 0.24048
v -1.53340 1.75425 0.25747
v -1.53630 1.75313 0.25555
v -1.53687 1.75061 0.25296
v -1.53477 1.74819 0.25120
v -1.53123 1.74727 0.25132
v -1.52833 1.74839 0.25324
v -1.52776 1.75091 0.25584
v -1.52987 1.75333 0.25759
v -1.53845 1.73487 0.27581
v -1.54088 1.73397 0.27415
v -1.54132 1.73198 0.27184
v -1.53951 1.73007 0.27024
v -1.53652 1.72936 0.27028
v -1.53409 1.73026 0.27194
v -1.53365 1.73225 0.27425
v -1.53545 1.73416 0.27585
v -1.54253 1.71522 0.29086
v -1.54443 1.71462 0.28944
v -1.54473 1.71330 0.28740
v -1.54324 1.71204 0.28593
v -1.54083 1.71157 0.28588
v -1.53893 1.71217 0.28730
v -1.53863 1.71349 0.28934
v -1.54012 1.71475 0.29082
v -1.54492 1.69620 0.29976
v -1.54626 1.69589 0.29869
v -1.54643 1.69523 0.29709
v -1.54533 1.69459 0.29590
v -1.54360 1.69436 0.29581
v -1.54226 1.69466 0.29689
v -1.54210 1.69533 0.29849
v -1.54320 1.69596 0.29968
v -1.54626 1.67750 0.30504
v -1.54702 1.67736 0.30442
v -1.54710 1.67705 0.30348
v -1.54647 1.67676 0.30278
v -1.54549 1.67666 0.30273
v -1.54474 1.67680 0.30335
v -1.54465 1.67710 0.30428
v -1.54528 1.67740 0.30498
v -1.54758 1.65898 0.31025
v -1.54776 1.65895 0.31010
v -1.54778 1.65888 0.30988
v -1.54763 1.65881 0.30972
v -1.54740 1.65878 0.30971
v -1.54723 1.65882 0.30985
v -1.54721 1.65889 0.31007
v -1.54735 1.65895 0.31023
v -1.54758 1.65898 0.31025
v -1.54776 1.65895 0.31010
v -1.54778 1.65888 0.30988
v -1.54763 1.65881 0.30972
v -1.54740 1.65878 0.30971
v -1.54723 1.65882 0.30985
v -1.54721 1.65889 0.31007
v -1.54735 1.65895 0.31023
v -1.54749 1.65888 0.30998
vn -0.2104 0.7833 0.5850
vn -0.8166 0.5475 0.1827
vn -0.9504 -0.0218 -0.3102
vn -0.5334 -0.5912 -0.6050
vn 0.1903 -0.8270 -0.5290
vn 0.7965 -0.5912 -0.1268
vn 0.9303 -0.0218 0.3661
vn 0.5132 0.5475 0.6609
vn -0.2103 0.7834 0.5849
vn -0.8166 0.5476 0.1826
vn -0.9504 -0.0218 -0.3103
vn -0.5334 -0.5912 -0.6049
vn 0.1902 -0.8272 -0.5288
vn 0.7964 -0.5913 -0.1266
vn 0.9303 -0.0219 0.3662
vn 0.5133 0.5475 0.6609
vn -0.2175 0.7647 0.6066
vn -0.8233 0.5301 0.2029
vn -0.9522 -0.0278 -0.3042
vn -0.5287 -0.5824 -0.6175
vn 0.1991 -0.8087 -0.5535
vn 0.8049 -0.5742 -0.1497
vn 0.9339 -0.0162 0.3573
vn 0.5104 0.5384 0.6705
vn -0.2269 0.7345 0.6396
vn -0.8334 0.4993 0.2370
vn -0.9559 -0.0405 -0.2910
vn -0.5226 -0.5687 -0.6352
vn 0.2127 -0.7759 -0.5940
vn 0.8192 -0.5407 -0.1914
vn 0.9416 -0.0010 0.3367
vn 0.5083 0.5272 0.6809
vn -0.2331 0.7112 0.6632
vn -0.8400 0.4755 0.2614
vn -0.9582 -0.0503 -0.2816
vn -0.5186 -0.5581 -0.6477
vn 0.2215 -0.7505 -0.6226
vn 0.8284 -0.5147 -0.2210
vn 0.9467 0.0111 0.3220
vn 0.5070 0.5189 0.6883
vn -0.2452 0.6626 0.7076
vn -0.8490 0.4386 0.2947
vn -0.9587 -0.0555 -0.2789
vn -0.5102 -0.5306 -0.6768
vn 0.2338 -0.7080 -0.6664
vn 0.8377 -0.4836 -0.2538
vn 0.9475 0.0109 0.3195
vn 0.4989 0.4855 0.7179
vn -0.2704 0.5392 0.7976
vn -0.8659 0.3517 0.3558
vn -0.9575 -0.0605 -0.2819
vn -0.4917 -0.4558 -0.7419
vn 0.2586 -0.6029 -0.7548
vn 0.8541 -0.4154 -0.3130
vn 0.9458 -0.0033 0.3247
vn 0.4800 0.3922 0.7847
vn -0.2948 0.3617 0.8845
vn -0.8818 0.2272 0.4134
vn -0.9551 -0.0657 -0.2890
vn -0.4718 -0.3446 -0.8116
vn 0.2849 -0.4471 -0.8479
vn 0.8717 -0.3140 -0.3763
vn 0.9449 -0.0223 0.3266
vn 0.4618 0.2580 0.8486
vn -0.3021 0.2783 0.9117
vn -0.8863 0.1690 0.4311
vn -0.9538 -0.0676 -0.2926
vn -0.4651 -0.2928 -0.8354
vn 0.2936 -0.3748 -0.8794
vn 0.8777 -0.2657 -0.3987
vn 0.9452 -0.0293 0.3250
vn 0.4565 0.1961 0.8678
vn -0.3022 0.2779 0.9119
vn -0.8864 0.1687 0.4312
vn -0.9538 -0.0676 -0.2926
vn -0.4651 -0.2928 -0.8354
vn 0.2936 -0.3748 -0.8794
vn 0.8778 -0.2656 -0.3987
vn 0.9452 -0.0293 0.3250
vn 0.4565 0.1959 0.8679
vn -0.0838 -0.9449 0.3164
vn -0.0838 -0.9449 0.3164
vn -0.0838 -0.9449 0.3164
vn -0.0838 -0.9449 0.3164
vn -0.0838 -0.9449 0.3164
vn -0.0838 -0.9449 0.3164
vn -0.0838 -0.9449 0.3164
vn -0.0838 -0.9449 0.3164
vn -0.0838 -0.9449 0.3164
f 6620//6620 6621//6621 6629//6629 6628//6628
f 6621//6621 6622//6622 6630//6630 6629//6629
f 6622//6622 6623//6623 6631//6631 6630//6630
f 6623//6623 6624//6624 6632//6632 6631//6631
f 6624//6624 6625//6625 6633//6633 6632//6632
f 6625//6625 6626//6626 6634//6634 6633//6633
f 6626//6626 6627//6627 6635//6635 6634//6634
f 6627//6627 6620//6620 6628//6628 6635//6635
f 6628//6628 6629//6629 6637//6637 6636//6636
f 6629//6629 6630//6630 6638//6638 6637//6637
f 6630//6630 6631//6631 6639//6639 6638//6638
f 6631//6631 6632//6632 6640//6640 6639//6639
f 6632//6632 6633//6633 6641//6641 6640//6640
f 6633//6633 6634//6634 6642//6642 6641//6641
f 6634//6634 6635//6635 6643//6643 6642//6642
f 6635//6635 6628//6628 6636//6636 6643//6643
f 6636//6636 6637//6637 6645//6645 6644//6644
f 6637//6637 6638//6638 6646//6646 6645//6645
f 6638//6638 6639//6639 6647//6647 6646//6646
f 6639//6639 6640//6640 6648//6648 6647//6647
f 6640//6640 6641//6641 6649//6649 6648//6648
f 6641//6641 6642//6642 6650//6650 6649//6649
f 6642//6642 6643//6643 6651//6651 6650//6650
f 6643//6643 6636//6636 6644//6644 6651//6651
f 6644//6644 6645//6645 6653//6653 6652//6652
f 6645//6645 6646//6646 6654//6654 6653//6653
f 6646//6646 6647//6647 6655//6655 6654//6654
f 6647//6647 6648//6648 6656//6656 6655//6655
f 6648//6648 6649//6649 6657//6657 6656//6656
f 6649//6649 6650//6650 6658//6658 6657//6657
f 6650//6650 6651//6651 6659//6659 6658//6658
f 6651//6651 6644//6644 6652//6652 6659//6659
f 6652//6652 6653//6653 6661//6661 6660//6660
f 6653//6653 6654//6654 6662//6662 6661//6661
f 6654//6654 6655//6655 6663//6663 6662//6662
f 6655//6655 6656//6656 6664//6664 6663//6663
f 6656//6656 6657//6657 6665//6665 6664//6664
f 6657//6657 6658//6658 6666//6666 6665//6665
f 6658//6658 6659//6659 6667//6667 6666//6666
f 6659//6659 6652//6652 6660//6660 6667//6667
f 6660//6660 6661//6661 6669//6669 6668//6668
f 6661//6661 6662//6662 6670//6670 6669//6669
f 6662//6662 6663//6663 6671//6671 6670//6670
f 6663//6663 6664//6664 6672//6672 6671//6671
f 6664//6664 6665//6665 6673//6673 6672//6672
f 6665//6665 6666//6666 6674//6674 6673//6673
f 6666//6666 6667//6667 6675//6675 6674//6674
f 6667//6667 6660//6660 6668//6668 6675//6675
f 6668//6668 6669//6669 6677//6677 6676//6676
f 6669//6669 6670//6670 6678//6678 6677//6677
f 6670//6670 6671//6671 6679//6679 6678//6678
f 6671//6671 6672//6672 6680//6680 6679//6679
f 6672//6672 6673//6673 6681//6681 6680//6680
f 6673//6673 6674//6674 6682//6682 6681//6681
f 6674//6674 6675//6675 6683//6683 6682//6682
f 6675//6675 6668//6668 6676//6676 6683//6683
f 6676//6676 6677//6677 6685//6685 6684//6684
f 6677//6677 6678//6678 6686//6686 6685//6685
f 6678//6678 6679//6679 6687//6687 6686//6686
f 6679//6679 6680//6680 6688//6688 6687//6687
f 6680//6680 6681//6681 6689//6689 6688//6688
f 6681//6681 6682//6682 6690//6690 6689//6689
f 6682//6682 6683//6683 6691//6691 6690//6690
f 6683//6683 6676//6676 6684//6684 6691//6691
f 6684//6684 6685//6685 6693//6693 6692//6692
f 6685//6685 6686//6686 6694//6694 6693//6693
f 6686//6686 6687//6687 6695//6695 6694//6694
f 6687//6687 6688//6688 6696//6696 6695//6695
f 6688//6688 6689//6689 6697//6697 6696//6696
f 6689//6689 6690//6690 6698//6698 6697//6697
f 6690//6690 6691//6691 6699//6699 6698//6698
f 6691//6691 6684//6684 6692//6692 6699//6699
f 6701//6701 6708//6708 6700//6700
f 6702//6702 6708//6708 6701//6701
f 6703//6703 6708//6708 6702//6702
f 6704//6704 6708//6708 6703//6703
f 6705//6705 6708//6708 6704//6704
f 6706//6706 6708//6708 6705//6705
f 6707//6707 6708//6708 6706//6706
f 6700//6700 6708//6708 6707//6707
g part77
usemtl skin
v 0.25500 1.90000 0.00000
v 0.25500 1.90000 0.00000
v 0.25500 1.90000 0.00000
v 0.25500 1.90000 0.00000
v 0.25500 1.90000 0.00000
v 0.25500 1.90000 0.00000
v 0.25500 1.90000 0.00000
v 0.25500 1.90000 0.00000
v 0.25500 1.90000 0.00000
v 0.25500 1.90000 0.00000
v 0.25500 1.90000 0.00000
v 0.25500 1.90000 0.00000
v 0.25500 1.89543 0.02296
v 0.26744 1.89543 0.01988
v 0.27654 1.89543 0.01148
v 0.27987 1.89543 0.00000
v 0.27654 1.89543 -0.01148
v 0.26744 1.89543 -0.01988
v 0.25500 1.89543 -0.02296
v 0.24256 1.89543 -0.01988
v 0.23346 1.89543 -0.01148
v 0.23013 1.89543 -0.00000
v 0.23346 1.89543 0.01148
v 0.24256 1.89543 0.01988
v 0.25500 1.88243 0.04243
v 0.27798 1.88243 0.03674
v 0.29480 1.88243 0.02121
v 0.30096 1.88243 0.00000
v 0.29480 1.88243 -0.02121
v 0.27798 1.88243 -0.03674
v 0.25500 1.88243 -0.04243
v 0.23202 1.88243 -0.03674
v 0.21520 1.88243 -0.02121
v 0.20904 1.88243 -0.00000
v 0.21520 1.88243 0.02121
v 0.23202 1.88243 0.03674
v 0.25500 1.86296 0.05543
v 0.28503 1.86296 0.04801
v 0.30701 1.86296 0.02772
v 0.31505 1.86296 0.00000
v 0.30701 1.86296 -0.02772
v 0.28503 1.86296 -0.04801
v 0.25500 1.86296 -0.05543
v 0.22497 1.86296 -0.04801
v 0.20299 1.86296 -0.02772
v 0.19495 1.86296 -0.00000
v 0.20299 1.86296 0.02772
v 0.22497 1.86296 0.04801
v 0.25500 1.84000 0.06000
v 0.28750 1.84000 0.05196
v 0.31129 1.84000 0.03000
v 0.32000 1.84000 0.00000
v 0.31129 1.84000 -0.03000
v 0.28750 1.84000 -0.05196
v 0.25500 1.84000 -0.06000
v 0.22250 1.84000 -0.05196
v 0.19871 1.84000 -0.03000
v 0.19000 1.84000 -0.00000
v 0.19871 1.84000 0.03000
v 0.22250 1.84000 0.05196
v 0.25500 1.81704 0.05543
v 0.28503 1.81704 0.04801
v 0.30701 1.81704 0.02772
v 0.31505 1.81704 0.00000
v 0.30701 1.81704 -0.02772
v 0.28503 1.81704 -0.04801
v 0.25500 1.81704 -0.05543
v 0.22497 1.81704 -0.04801
v 0.20299 1.81704 -0.02772
v 0.19495 1.81704 -0.00000
v 0.20299 1.81704 0.02772
v 0.22497 1.81704 0.04801
v 0.25500 1.79757 0.04243
v 0.27798 1.79757 0.03674
v 0.29480 1.79757 0.02121
v 0.30096 1.79757 0.00000
v 0.29480 1.79757 -0.02121
v 0.27798 1.79757 -0.03674
v 0.25500 1.79757 -0.04243
v 0.23202 1.79757 -0.03674
v 0.21520 1.79757 -0.02121
v 0.20904 1.79757 -0.00000
v 0.21520 1.79757 0.02121
v 0.23202 1.79757 0.03674
v 0.25500 1.78457 0.02296
v 0.26744 1.78457 0.01988
v 0.27654 1.78457 0.01148
v 0.27987 1.78457 0.00000
v 0.27654 1.78457 -0.01148
v 0.26744 1.78457 -0.01988
v 0.25500 1.78457 -0.02296
v 0.24256 1.78457 -0.01988
v 0.23346 1.78457 -0.01148
v 0.23013 1.78457 -0.00000
v 0.23346 1.78457 0.01148
v 0.24256 1.78457 0.01988
v 0.25500 1.78000 0.00000
v 0.25500 1.78000 0.00000
v 0.25500 1.78000 0.00000
v 0.25500 1.78000 0.00000
v 0.25500 1.78000 -0.00000
v 0.25500 1.78000 -0.00000
v 0.25500 1.78000 -0.00000
v 0.25500 1.78000 -0.00000
v 0.25500 1.78000 -0.00000
v 0.25500 1.78000 -0.00000
v 0.25500 1.78000 0.00000
v 0.25500 1.78000 0.00000
vn 0.0000 1.0000 0.0000
vn 0.0000 1.0000 0.0000
vn 0.0000 1.0000 0.0000
vn 0.0000 1.0000 0.0000
vn 0.0000 1.0000 -0.0000
vn 0.0000 1.0000 -0.0000
vn 0.0000 1.0000 -0.0000
vn -0.0000 1.0000 -0.0000
vn -0.0000 1.0000 -0.0000
vn -0.0000 1.0000 -0.0000
vn -0.0000 1.0000 0.0000
vn -0.0000 1.0000 0.0000
vn 0.0000 0.9239 0.3827
vn 0.1771 0.9264 0.3323
vn 0.3084 0.9315 0.1929
vn 0.3571 0.9341 0.0000
vn 0.3084 0.9315 -0.1929
vn 0.1771 0.9264 -0.3323
vn 0.0000 0.9239 -0.3827
vn -0.1771 0.9264 -0.3323
vn -0.3084 0.9315 -0.1929
vn -0.3571 0.9341 -0.0000
vn -0.3084 0.9315 0.1929
vn -0.1771 0.9264 0.3323
vn 0.0000 0.7071 0.7071
vn 0.3294 0.7137 0.6181
vn 0.5816 0.7276 0.3638
vn 0.6783 0.7348 0.0000
vn 0.5816 0.7276 -0.3638
vn 0.3294 0.7137 -0.6181
vn 0.0000 0.7071 -0.7071
vn -0.3294 0.7137 -0.6181
vn -0.5816 0.7276 -0.3638
vn -0.6783 0.7348 -0.0000
vn -0.5816 0.7276 0.3638
vn -0.3294 0.7137 0.6181
vn 0.0000 0.3827 0.9239
vn 0.4333 0.3889 0.8130
vn 0.7762 0.4022 0.4855
vn 0.9124 0.4094 0.0000
vn 0.7762 0.4022 -0.4855
vn 0.4333 0.3889 -0.8130
vn 0.0000 0.3827 -0.9239
vn -0.4333 0.3889 -0.8130
vn -0.7762 0.4022 -0.4855
vn -0.9124 0.4094 -0.0000
vn -0.7762 0.4022 0.4855
vn -0.4333 0.3889 0.8130
vn 0.0000 0.0000 1.0000
vn 0.4703 0.0000 0.8825
vn 0.8478 0.0000 0.5303
vn 1.0000 0.0000 0.0000
vn 0.8478 0.0000 -0.5303
vn 0.4703 0.0000 -0.8825
vn 0.0000 0.0000 -1.0000
vn -0.4703 0.0000 -0.8825
vn -0.8478 0.0000 -0.5303
vn -1.0000 0.0000 -0.0000
vn -0.8478 0.0000 0.5303
vn -0.4703 0.0000 0.8825
vn 0.0000 -0.3827 0.9239
vn 0.4333 -0.3889 0.8130
vn 0.7762 -0.4022 0.4855
vn 0.9124 -0.4094 0.0000
vn 0.7762 -0.4022 -0.4855
vn 0.4333 -0.3889 -0.8130
vn 0.0000 -0.3827 -0.9239
vn -0.4333 -0.3889 -0.8130
vn -0.7762 -0.4022 -0.4855
vn -0.9124 -0.4094 -0.0000
vn -0.7762 -0.4022 0.4855
vn -0.4333 -0.3889 0.8130
vn 0.0000 -0.7071 0.7071
vn 0.3294 -0.7137 0.6181
vn 0.5816 -0.7276 0.3638
vn 0.6783 -0.7348 0.0000
vn 0.5816 -0.7276 -0.3638
vn 0.3294 -0.7137 -0.6181
vn 0.0000 -0.7071 -0.7071
vn -0.3294 -0.7137 -0.6181
vn -0.5816 -0.7276 -0.3638
vn -0.6783 -0.7348 -0.0000
vn -0.5816 -0.7276 0.3638
vn -0.3294 -0.7137 0.6181
vn 0.0000 -0.9239 0.3827
vn 0.1771 -0.9264 0.3323
vn 0.3084 -0.9315 0.1929
vn 0.3571 -0.9341 0.0000
vn 0.3084 -0.9315 -0.1929
vn 0.1771 -0.9264 -0.3323
vn 0.0000 -0.9239 -0.3827
vn -0.1771 -0.9264 -0.3323
vn -0.3084 -0.9315 -0.1929
vn -0.3571 -0.9341 -0.0000
vn -0.3084 -0.9315 0.1929
vn -0.1771 -0.9264 0.3323
vn 0.0000 -1.0000 0.0000
vn 0.0000 -1.0000 0.0000
vn 0.0000 -1.0000 0.0000
vn 0.0000 -1.0000 0.0000
vn 0.0000 -1.0000 -0.0000
vn 0.0000 -1.0000 -0.0000
vn 0.0000 -1.0000 -0.0000
vn -0.0000 -1.0000 -0.0000
vn -0.0000 -1.0000 -0.0000
vn -0.0000 -1.0000 -0.0000
vn -0.0000 -1.0000 0.0000
vn -0.0000 -1.0000 0.0000
f 6721//6721 6722//6722 6710//6710 6709//6709
f 6722//6722 6723//6723 6711//6711 6710//6710
f 6723//6723 6724//6724 6712//6712 6711//6711
f 6724//6724 6725//6725 6713//6713 6712//6712
f 6725//6725 6726//6726 6714//6714 6713//6713
f 6726//6726 6727//6727 6715//6715 6714//6714
f 6727//6727 6728//6728 6716//6716 6715//6715
f 6728//6728 6729//6729 6717//6717 6716//6716
f 6729//6729 6730//6730 6718//6718 6717//6717
f 6730//6730 6731//6731 6719//6719 6718//6718
f 6731//6731 6732//6732 6720//6720 6719//6719
f 6732//6732 6721//6721 6709//6709 6720//6720
f 6733//6733 6734//6734 6722//6722 6721//6721
f 6734//6734 6735//6735 6723//6723 6722//6722
f 6735//6735 6736//6736 6724//6724 6723//6723
f 6736//6736 6737//6737 6725//6725 6724//6724
f 6737//6737 6738//6738 6726//6726 6725//6725
f 6738//6738 6739//6739 6727//6727 6726//6726
f 6739//6739 6740//6740 6728//6728 6727//6727
f 6740//6740 6741//6741 6729//6729 6728//6728
f 6741//6741 6742//6742 6730//6730 6729//6729
f 6742//6742 6743//6743 6731//6731 6730//6730
f 6743//6743 6744//6744 6732//6732 6731//6731
f 6744//6744 6733//6733 6721//6721 6732//6732
f 6745//6745 6746//6746 6734//6734 6733//6733
f 6746//6746 6747//6747 6735//6735 6734//6734
f 6747//6747 6748//6748 6736//6736 6735//6735
f 6748//6748 6749//6749 6737//6737 6736//6736
f 6749//6749 6750//6750 6738//6738 6737//6737
f 6750//6750 6751//6751 6739//6739 6738//6738
f 6751//6751 6752//6752 6740//6740 6739//6739
f 6752//6752 6753//6753 6741//6741 6740//6740
f 6753//6753 6754//6754 6742//6742 6741//6741
f 6754//6754 6755//6755 6743//6743 6742//6742
f 6755//6755 6756//6756 6744//6744 6743//6743
f 6756//6756 6745//6745 6733//6733 6744//6744
f 6757//6757 6758//6758 6746//6746 6745//6745
f 6758//6758 6759//6759 6747//6747 6746//6746
f 6759//6759 6760//6760 6748//6748 6747//6747
f 6760//6760 6761//6761 6749//6749 6748//6748
f 6761//6761 6762//6762 6750//6750 6749//6749
f 6762//6762 6763//6763 6751//6751 6750//6750
f 6763//6763 6764//6764 6752//6752 6751//6751
f 6764//6764 6765//6765 6753//6753 6752//6752
f 6765//6765 6766//6766 6754//6754 6753//6753
f 6766//6766 6767//6767 6755//6755 6754//6754
f 6767//6767 6768//6768 6756//6756 6755//6755
f 6768//6768 6757//6757 6745//6745 6756//6756
f 6769//6769 6770//6770 6758//6758 6757//6757
f 6770//6770 6771//6771 6759//6759 6758//6758
f 6771//6771 6772//6772 6760//6760 6759//6759
f 6772//6772 6773//6773 6761//6761 6760//6760
f 6773//6773 6774//6774 6762//6762 6761//6761
f 6774//6774 6775//6775 6763//6763 6762//6762
f 6775//6775 6776//6776 6764//6764 6763//6763
f 6776//6776 6777//6777 6765//6765 6764//6764
f 6777//6777 6778//6778 6766//6766 6765//6765
f 6778//6778 6779//6779 6767//6767 6766//6766
f 6779//6779 6780//6780 6768//6768 6767//6767
f 6780//6780 6769//6769 6757//6757 6768//6768
f 6781//6781 6782//6782 6770//6770 6769//6769
f 6782//6782 6783//6783 6771//6771 6770//6770
f 6783//6783 6784//6784 6772//6772 6771//6771
f 6784//6784 6785//6785 6773//6773 6772//6772
f 6785//6785 6786//6786 6774//6774 6773//6773
f 6786//6786 6787//6787 6775//6775 6774//6774
f 6787//6787 6788//6788 6776//6776 6775//6775
f 6788//6788 6789//6789 6777//6777 6776//6776
f 6789//6789 6790//6790 6778//6778 6777//6777
f 6790//6790 6791//6791 6779//6779 6778//6778
f 6791//6791 6792//6792 6780//6780 6779//6779
f 6792//6792 6781//6781 6769//6769 6780//6780
f 6793//6793 6794//6794 6782//6782 6781//6781
f 6794//6794 6795//6795 6783//6783 6782//6782
f 6795//6795 6796//6796 6784//6784 6783//6783
f 6796//6796 6797//6797 6785//6785 6784//6784
f 6797//6797 6798//6798 6786//6786 6785//6785
f 6798//6798 6799//6799 6787//6787 6786//6786
f 6799//6799 6800//6800 6788//6788 6787//6787
f 6800//6800 6801//6801 6789//6789 6788//6788
f 6801//6801 6802//6802 6790//6790 6789//6789
f 6802//6802 6803//6803 6791//6791 6790//6790
f 6803//6803 6804//6804 6792//6792 6791//6791
f 6804//6804 6793//6793 6781//6781 6792//6792
f 6805//6805 6806//6806 6794//6794 6793//6793
f 6806//6806 6807//6807 6795//6795 6794//6794
f 6807//6807 6808//6808 6796//6796 6795//6795
f 6808//6808 6809//6809 6797//6797 6796//6796
f 6809//6809 6810//6810 6798//6798 6797//6797
f 6810//6810 6811//6811 6799//6799 6798//6798
f 6811//6811 6812//6812 6800//6800 6799//6799
f 6812//6812 6813//6813 6801//6801 6800//6800
f 6813//6813 6814//6814 6802//6802 6801//6801
f 6814//6814 6815//6815 6803//6803 6802//6802
f 6815//6815 6816//6816 6804//6804 6803//6803
f 6816//6816 6805//6805 6793//6793 6804//6804
g part78
usemtl skin
v 0.25000 1.89000 0.00000
v 0.25095 1.88330 0.02248
v 0.25165 1.86500 0.03894
v 0.25190 1.84000 0.04496
v 0.25165 1.81500 0.03894
v 0.25095 1.79670 0.02248
v 0.25000 1.79000 0.00000
v 0.24905 1.79670 -0.02248
v 0.24835 1.81500 -0.03894
v 0.24810 1.84000 -0.04496
v 0.24835 1.86500 -0.03894
v 0.24905 1.88330 -0.02248
v 0.30816 1.88744 -0.00246
v 0.30907 1.88108 0.01886
v 0.30974 1.86372 0.03448
v 0.30999 1.84000 0.04019
v 0.30974 1.81628 0.03448
v 0.30907 1.79892 0.01886
v 0.30816 1.79256 -0.00246
v 0.30725 1.79892 -0.02379
v 0.30658 1.81628 -0.03941
v 0.30633 1.84000 -0.04512
v 0.30658 1.86372 -0.03941
v 0.30725 1.88108 -0.02379
v 0.36648 1.88472 -0.00499
v 0.36735 1.87873 0.01511
v 0.36798 1.86236 0.02983
v 0.36821 1.84000 0.03522
v 0.36798 1.81764 0.02983
v 0.36735 1.80127 0.01511
v 0.36648 1.79528 -0.00499
v 0.36561 1.80127 -0.02510
v 0.36498 1.81764 -0.03982
v 0.36475 1.84000 -0.04520
v 0.36498 1.86236 -0.03982
v 0.36561 1.87873 -0.02510
v 0.42472 1.88208 -0.00749
v 0.42551 1.87644 0.01143
v 0.42609 1.86104 0.02528
v 0.42630 1.84000 0.03035
v 0.42609 1.81896 0.02528
v 0.42551 1.80356 0.01143
v 0.42472 1.79792 -0.00749
v 0.42393 1.80356 -0.02641
v 0.42335 1.81896 -0.04026
v 0.42314 1.84000 -0.04533
v 0.42335 1.86104 -0.04026
v 0.42393 1.87644 -0.02641
v 0.48264 1.87976 -0.00986
v 0.48334 1.87443 0.00802
v 0.48385 1.85988 0.02111
v 0.48404 1.84000 0.02590
v 0.48385 1.82012 0.02111
v 0.48334 1.80557 0.00802
v 0.48264 1.80024 -0.00986
v 0.48194 1.80557 -0.02773
v 0.48143 1.82012 -0.04082
v 0.48124 1.84000 -0.04561
v 0.48143 1.85988 -0.04082
v 0.48194 1.87443 -0.02773
v 0.54000 1.87800 -0.01200
v 0.54065 1.87291 0.00509
v 0.54112 1.85900 0.01760
v 0.54130 1.84000 0.02218
v 0.54112 1.82100 0.01760
v 0.54065 1.80709 0.00509
v 0.54000 1.80200 -0.01200
v 0.53935 1.80709 -0.02909
v 0.53888 1.82100 -0.04160
v 0.53870 1.84000 -0.04618
v 0.53888 1.85900 -0.04160
v 0.53935 1.87291 -0.02909
v 0.59664 1.87702 -0.01418
v 0.59730 1.87206 0.00247
v 0.59778 1.85851 0.01466
v 0.59795 1.84000 0.01912
v 0.59778 1.82149 0.01466
v 0.59730 1.80794 0.00247
v 0.59664 1.80298 -0.01418
v 0.59598 1.80794 -0.03082
v 0.59550 1.82149 -0.04301
v 0.59533 1.84000 -0.04747
v 0.59550 1.85851 -0.04301
v 0.59598 1.87206 -0.03082
v 0.65272 1.87667 -0.01645
v 0.65335 1.87176 0.00004
v 0.65381 1.85834 0.01211
v 0.65398 1.84000 0.01653
v 0.65381 1.82166 0.01211
v 0.65335 1.80824 0.00004
v 0.65272 1.80333 -0.01645
v 0.65209 1.80824 -0.03294
v 0.65163 1.82166 -0.04501
v 0.65146 1.84000 -0.04943
v 0.65163 1.85834 -0.04501
v 0.65209 1.87176 -0.03294
v 0.70848 1.87661 -0.01843
v 0.70897 1.87170 -0.00197
v 0.70932 1.85830 0.01009
v 0.70945 1.84000 0.01450
v 0.70932 1.82170 0.01009
v 0.70897 1.80830 -0.00197
v 0.70848 1.80339 -0.01843
v 0.70799 1.80830 -0.03490
v 0.70764 1.82170 -0.04695
v 0.70751 1.84000 -0.05136
v 0.70764 1.85830 -0.04695
v 0.70799 1.87170 -0.03490
v 0.76416 1.87650 -0.01974
v 0.76439 1.87161 -0.00332
v 0.76456 1.85825 0.00870
v 0.76462 1.84000 0.01310
v 0.76456 1.82175 0.00870
v 0.76439 1.80839 -0.00332
v 0.76416 1.80350 -0.01974
v 0.76393 1.80839 -0.03617
v 0.76376 1.82175 -0.04819
v 0.76370 1.84000 -0.05259
v 0.76376 1.85825 -0.04819
v 0.76393 1.87161 -0.03617
v 0.82000 1.87600 -0.02000
v 0.81987 1.87118 -0.00380
v 0.81977 1.85800 0.00806
v 0.81973 1.84000 0.01240
v 0.81977 1.82200 0.00806
v 0.81987 1.80882 -0.00380
v 0.82000 1.80400 -0.02000
v 0.82013 1.80882 -0.03620
v 0.82023 1.82200 -0.04806
v 0.82027 1.84000 -0.05240
v 0.82023 1.85800 -0.04806
v 0.82013 1.87118 -0.03620
v 0.87600 1.87510 -0.01882
v 0.87550 1.87040 -0.00303
v 0.87513 1.85755 0.00853
v 0.87500 1.84000 0.01276
v 0.87513 1.82245 0.00853
v 0.87550 1.80960 -0.00303
v 0.87600 1.80490 -0.01882
v 0.87650 1.80960 -0.03460
v 0.87687 1.82245 -0.04616
v 0.87700 1.84000 -0.05039
v 0.87687 1.85755 -0.04616
v 0.87650 1.87040 -0.03460
v 0.93200 1.87403 -0.01645
v 0.93127 1.86947 -0.00115
v 0.93074 1.85702 0.01005
v 0.93054 1.84000 0.01415
v 0.93074 1.82298 0.01005
v 0.93127 1.81053 -0.00115
v 0.93200 1.80597 -0.01645
v 0.93273 1.81053 -0.03174
v 0.93326 1.82298 -0.04294
v 0.93346 1.84000 -0.04704
v 0.93326 1.85702 -0.04294
v 0.93273 1.86947 -0.03174
v 0.98800 1.87281 -0.01347
v 0.98721 1.86841 0.00127
v 0.98664 1.85640 0.01206
v 0.98642 1.84000 0.01601
v 0.98664 1.82360 0.01206
v 0.98721 1.81159 0.00127
v 0.98800 1.80719 -0.01347
v 0.98879 1.81159 -0.02821
v 0.98936 1.82360 -0.03901
v 0.98958 1.84000 -0.04296
v 0.98936 1.85640 -0.03901
v 0.98879 1.86841 -0.02821
v 1.04400 1.87146 -0.01046
v 1.04331 1.86724 0.00367
v 1.04280 1.85573 0.01402
v 1.04262 1.84000 0.01781
v 1.04280 1.82427 0.01402
v 1.04331 1.81276 0.00367
v 1.04400 1.80854 -0.01046
v 1.04469 1.81276 -0.02460
v 1.04520 1.82427 -0.03495
v 1.04538 1.84000 -0.03874
v 1.04520 1.85573 -0.03495
v 1.04469 1.86724 -0.02460
v 1.10000 1.87000 -0.00800
v 1.09948 1.86598 0.00549
v 1.09910 1.85500 0.01537
v 1.09896 1.84000 0.01898
v 1.09910 1.82500 0.01537
v 1.09948 1.81402 0.00549
v 1.10000 1.81000 -0.00800
v 1.10052 1.81402 -0.02149
v 1.10090 1.82500 -0.03137
v 1.10104 1.84000 -0.03498
v 1.10090 1.85500 -0.03137
v 1.10052 1.86598 -0.02149
v 1.15600 1.86839 -0.00614
v 1.15560 1.86459 0.00663
v 1.15531 1.85420 0.01597
v 1.15520 1.84000 0.01940
v 1.15531 1.82580 0.01597
v 1.15560 1.81541 0.00663
v 1.15600 1.81161 -0.00614
v 1.15640 1.81541 -0.01891
v 1.15669 1.82580 -0.02826
v 1.15680 1.84000 -0.03168
v 1.15669 1.85420 -0.02826
v 1.15640 1.86459 -0.01891
v 1.21200 1.86662 -0.00451
v 1.21166 1.86305 0.00746
v 1.21142 1.85331 0.01622
v 1.21133 1.84000 0.01943
v 1.21142 1.82669 0.01622
v 1.21166 1.81695 0.00746
v 1.21200 1.81338 -0.00451
v 1.21234 1.81695 -0.01648
v 1.21258 1.82669 -0.02525
v 1.21267 1.84000 -0.02846
v 1.21258 1.85331 -0.02525
v 1.21234 1.86305 -0.01648
v 1.26800 1.86474 -0.00301
v 1.26770 1.86143 0.00812
v 1.26749 1.85237 0.01627
v 1.26741 1.84000 0.01925
v 1.26749 1.82763 0.01627
v 1.26770 1.81857 0.00812
v 1.26800 1.81526 -0.00301
v 1.26830 1.81857 -0.01414
v 1.26851 1.82763 -0.02229
v 1.26859 1.84000 -0.02527
v 1.26851 1.85237 -0.02229
v 1.26830 1.86143 -0.01414
v 1.32400 1.86285 -0.00154
v 1.32372 1.85979 0.00874
v 1.32352 1.85142 0.01627
v 1.32345 1.84000 0.01902
v 1.32352 1.82858 0.01627
v 1.32372 1.82021 0.00874
v 1.32400 1.81715 -0.00154
v 1.32428 1.82021 -0.01181
v 1.32448 1.82858 -0.01934
v 1.32455 1.84000 -0.02209
v 1.32448 1.85142 -0.01934
v 1.32428 1.85979 -0.01181
v 1.38000 1.86100 -0.00000
v 1.37974 1.85819 0.00945
v 1.37955 1.85050 0.01636
v 1.37948 1.84000 0.01889
v 1.37955 1.82950 0.01636
v 1.37974 1.82181 0.00945
v 1.38000 1.81900 0.00000
v 1.38026 1.82181 -0.00945
v 1.38045 1.82950 -0.01636
v 1.38052 1.84000 -0.01889
v 1.38045 1.85050 -0.01636
v 1.38026 1.85819 -0.00945
v 0.25000 1.89000 0.00000
v 0.25095 1.88330 0.02248
v 0.25165 1.86500 0.03894
v 0.25190 1.84000 0.04496
v 0.25165 1.81500 0.03894
v 0.25095 1.79670 0.02248
v 0.25000 1.79000 0.00000
v 0.24905 1.79670 -0.02248
v 0.24835 1.81500 -0.03894
v 0.24810 1.84000 -0.04496
v 0.24835 1.86500 -0.03894
v 0.24905 1.88330 -0.02248
v 0.25000 1.84000 0.00000
v 1.38000 1.86100 -0.00000
v 1.37974 1.85819 0.00945
v 1.37955 1.85050 0.01636
v 1.37948 1.84000 0.01889
v 1.37955 1.82950 0.01636
v 1.37974 1.82181 0.00945
v 1.38000 1.81900 0.00000
v 1.38026 1.82181 -0.00945
v 1.38045 1.82950 -0.01636
v 1.38052 1.84000 -0.01889
v 1.38045 1.85050 -0.01636
v 1.38026 1.85819 -0.00945
v 1.38000 1.84000 0.00000
vn 0.0439 0.9990 -0.0019
vn 0.0655 0.8409 0.5372
vn 0.0780 0.4607 0.8841
vn 0.0818 0.0000 0.9966
vn 0.0780 -0.4607 0.8841
vn 0.0655 -0.8409 0.5372
vn 0.0439 -0.9990 -0.0019
vn 0.0198 -0.8409 -0.5408
vn 0.0030 -0.4607 -0.8875
vn -0.0028 -0.0000 -1.0000
vn 0.0030 0.4607 -0.8875
vn 0.0198 0.8409 -0.5408
vn 0.0452 0.9990 -0.0019
vn 0.0670 0.8409 0.5370
vn 0.0796 0.4607 0.8840
vn 0.0835 0.0000 0.9965
vn 0.0796 -0.4607 0.8840
vn 0.0670 -0.8409 0.5370
vn 0.0452 -0.9990 -0.0019
vn 0.0208 -0.8409 -0.5408
vn 0.0037 -0.4607 -0.8876
vn -0.0021 -0.0000 -1.0000
vn 0.0037 0.4607 -0.8876
vn 0.0208 0.8409 -0.5408
vn 0.0459 0.9989 -0.0020
vn 0.0678 0.8409 0.5370
vn 0.0805 0.4607 0.8839
vn 0.0843 0.0000 0.9964
vn 0.0805 -0.4607 0.8839
vn 0.0678 -0.8409 0.5370
vn 0.0459 -0.9989 -0.0020
vn 0.0213 -0.8409 -0.5408
vn 0.0041 -0.4607 -0.8876
vn -0.0018 -0.0000 -1.0000
vn 0.0041 0.4607 -0.8876
vn 0.0213 0.8409 -0.5408
vn 0.0426 0.9991 -0.0018
vn 0.0640 0.8410 0.5373
vn 0.0764 0.4607 0.8842
vn 0.0802 0.0000 0.9968
vn 0.0764 -0.4607 0.8842
vn 0.0640 -0.8410 0.5373
vn 0.0426 -0.9991 -0.0018
vn 0.0188 -0.8410 -0.5407
vn 0.0021 -0.4607 -0.8875
vn -0.0035 -0.0000 -1.0000
vn 0.0021 0.4607 -0.8875
vn 0.0188 0.8410 -0.5407
vn 0.0353 0.9994 -0.0014
vn 0.0555 0.8412 0.5379
vn 0.0673 0.4608 0.8849
vn 0.0709 0.0000 0.9975
vn 0.0673 -0.4608 0.8849
vn 0.0555 -0.8412 0.5379
vn 0.0353 -0.9994 -0.0014
vn 0.0132 -0.8412 -0.5406
vn -0.0022 -0.4608 -0.8875
vn -0.0073 -0.0000 -1.0000
vn -0.0022 0.4608 -0.8875
vn 0.0132 0.8412 -0.5406
vn 0.0240 0.9997 -0.0009
vn 0.0437 0.8415 0.5385
vn 0.0557 0.4610 0.8857
vn 0.0594 0.0000 0.9982
vn 0.0557 -0.4610 0.8857
vn 0.0437 -0.8415 0.5385
vn 0.0240 -0.9997 -0.0009
vn 0.0028 -0.8415 -0.5403
vn -0.0115 -0.4610 -0.8873
vn -0.0163 -0.0000 -0.9999
vn -0.0115 0.4610 -0.8873
vn 0.0028 0.8415 -0.5403
vn 0.0118 0.9999 -0.0005
vn 0.0327 0.8416 0.5390
vn 0.0458 0.4611 0.8862
vn 0.0500 0.0000 0.9987
vn 0.0458 -0.4611 0.8862
vn 0.0327 -0.8416 0.5390
vn 0.0118 -0.9999 -0.0005
vn -0.0099 -0.8416 -0.5399
vn -0.0241 -0.4611 -0.8870
vn -0.0288 -0.0000 -0.9996
vn -0.0241 0.4611 -0.8870
vn -0.0099 0.8416 -0.5399
vn 0.0037 1.0000 -0.0001
vn 0.0242 0.8417 0.5394
vn 0.0372 0.4611 0.8866
vn 0.0414 0.0000 0.9991
vn 0.0372 -0.4611 0.8866
vn 0.0242 -0.8417 0.5394
vn 0.0037 -1.0000 -0.0001
vn -0.0169 -0.8417 -0.5397
vn -0.0303 -0.4611 -0.8868
vn -0.0347 0.0000 -0.9994
vn -0.0303 0.4611 -0.8868
vn -0.0169 0.8417 -0.5397
vn 0.0016 1.0000 -0.0000
vn 0.0175 0.8417 0.5397
vn 0.0277 0.4611 0.8869
vn 0.0310 0.0000 0.9995
vn 0.0277 -0.4611 0.8869
vn 0.0175 -0.8417 0.5397
vn 0.0016 -1.0000 -0.0000
vn -0.0144 -0.8417 -0.5398
vn -0.0248 -0.4611 -0.8870
vn -0.0281 -0.0000 -0.9996
vn -0.0248 0.4611 -0.8870
vn -0.0144 0.8417 -0.5398
vn 0.0055 1.0000 -0.0001
vn 0.0129 0.8417 0.5398
vn 0.0176 0.4611 0.8872
vn 0.0191 0.0000 0.9998
vn 0.0176 -0.4611 0.8872
vn 0.0129 -0.8417 0.5398
vn 0.0055 -1.0000 -0.0001
vn -0.0023 -0.8417 -0.5400
vn -0.0075 -0.4611 -0.8873
vn -0.0092 -0.0000 -1.0000
vn -0.0075 0.4611 -0.8873
vn -0.0023 0.8417 -0.5400
vn 0.0124 0.9999 0.0001
vn 0.0077 0.8416 0.5400
vn 0.0042 0.4611 0.8874
vn 0.0031 0.0000 1.0000
vn 0.0042 -0.4611 0.8874
vn 0.0077 -0.8416 0.5400
vn 0.0124 -0.9999 0.0001
vn 0.0165 -0.8416 -0.5398
vn 0.0187 -0.4611 -0.8872
vn 0.0194 -0.0000 -0.9998
vn 0.0187 0.4611 -0.8872
vn 0.0165 0.8416 -0.5398
vn 0.0176 0.9998 0.0006
vn 0.0000 0.8416 0.5401
vn -0.0118 0.4610 0.8873
vn -0.0158 0.0000 0.9999
vn -0.0118 -0.4610 0.8873
vn 0.0000 -0.8416 0.5401
vn 0.0176 -0.9998 0.0006
vn 0.0341 -0.8416 -0.5391
vn 0.0441 -0.4610 -0.8863
vn 0.0473 -0.0000 -0.9989
vn 0.0441 0.4610 -0.8863
vn 0.0341 0.8416 -0.5391
vn 0.0204 0.9998 0.0010
vn -0.0058 0.8415 0.5402
vn -0.0234 0.4610 0.8871
vn -0.0292 -0.0000 0.9996
vn -0.0234 -0.4610 0.8871
vn -0.0058 -0.8415 0.5402
vn 0.0204 -0.9998 0.0010
vn 0.0455 -0.8415 -0.5383
vn 0.0610 -0.4610 -0.8853
vn 0.0659 -0.0000 -0.9978
vn 0.0610 0.4610 -0.8853
vn 0.0455 0.8415 -0.5383
vn 0.0229 0.9997 0.0012
vn -0.0065 0.8415 0.5402
vn -0.0262 0.4610 0.8870
vn -0.0327 0.0000 0.9995
vn -0.0262 -0.4610 0.8870
vn -0.0065 -0.8415 0.5402
vn 0.0229 -0.9997 0.0012
vn 0.0511 -0.8415 -0.5379
vn 0.0685 -0.4610 -0.8848
vn 0.0740 -0.0000 -0.9973
vn 0.0685 0.4610 -0.8848
vn 0.0511 0.8415 -0.5379
vn 0.0250 0.9997 0.0012
vn -0.0021 0.8414 0.5403
vn -0.0203 0.4610 0.8872
vn -0.0264 0.0000 0.9997
vn -0.0203 -0.4610 0.8872
vn -0.0021 -0.8414 0.5403
vn 0.0250 -0.9997 0.0012
vn 0.0507 -0.8414 -0.5380
vn 0.0664 -0.4610 -0.8849
vn 0.0714 0.0000 -0.9974
vn 0.0664 0.4610 -0.8849
vn 0.0507 0.8414 -0.5380
vn 0.0273 0.9996 0.0011
vn 0.0057 0.8414 0.5404
vn -0.0091 0.4609 0.8874
vn -0.0141 0.0000 0.9999
vn -0.0091 -0.4609 0.8874
vn 0.0057 -0.8414 0.5404
vn 0.0273 -0.9996 0.0011
vn 0.0474 -0.8414 -0.5383
vn 0.0595 -0.4609 -0.8854
vn 0.0632 0.0000 -0.9980
vn 0.0595 0.4609 -0.8854
vn 0.0474 0.8414 -0.5383
vn 0.0302 0.9995 0.0009
vn 0.0125 0.8413 0.5404
vn 0.0002 0.4609 0.8874
vn -0.0040 0.0000 1.0000
vn 0.0002 -0.4609 0.8874
vn 0.0125 -0.8413 0.5404
vn 0.0302 -0.9995 0.0009
vn 0.0462 -0.8413 -0.5385
vn 0.0555 -0.4609 -0.8857
vn 0.0583 -0.0000 -0.9983
vn 0.0555 0.4609 -0.8857
vn 0.0462 0.8413 -0.5385
vn 0.0325 0.9995 0.0009
vn 0.0165 0.8413 0.5404
vn 0.0051 0.4609 0.8874
vn 0.0013 0.0000 1.0000
vn 0.0051 -0.4609 0.8874
vn 0.0165 -0.8413 0.5404
vn 0.0325 -0.9995 0.0009
vn 0.0467 -0.8413 -0.5386
vn 0.0548 -0.4609 -0.8858
vn 0.0573 0.0000 -0.9984
vn 0.0548 0.4609 -0.8858
vn 0.0467 0.8413 -0.5386
vn 0.0336 0.9994 0.0009
vn 0.0183 0.8412 0.5403
vn 0.0074 0.4609 0.8874
vn 0.0037 0.0000 1.0000
vn 0.0074 -0.4609 0.8874
vn 0.0183 -0.8412 0.5403
vn 0.0336 -0.9994 0.0009
vn 0.0470 -0.8412 -0.5386
vn 0.0546 -0.4609 -0.8858
vn 0.0568 -0.0000 -0.9984
vn 0.0546 0.4609 -0.8858
vn 0.0470 0.8412 -0.5386
vn 0.0334 0.9994 0.0009
vn 0.0180 0.8413 0.5403
vn 0.0070 0.4609 0.8874
vn 0.0032 0.0000 1.0000
vn 0.0070 -0.4609 0.8874
vn 0.0180 -0.8413 0.5403
vn 0.0334 -0.9994 0.0009
vn 0.0469 -0.8413 -0.5386
vn 0.0546 -0.4609 -0.8858
vn 0.0569 0.0000 -0.9984
vn 0.0546 0.4609 -0.8858
vn 0.0469 0.8413 -0.5386
vn 0.0330 0.9995 0.0009
vn 0.0172 0.8413 0.5403
vn 0.0061 0.4609 0.8874
vn 0.0023 0.0000 1.0000
vn 0.0061 -0.4609 0.8874
vn 0.0172 -0.8413 0.5403
vn 0.0330 -0.9995 0.0009
vn 0.0468 -0.8413 -0.5386
vn 0.0547 -0.4609 -0.8858
vn 0.0571 0.0000 -0.9984
vn 0.0547 0.4609 -0.8858
vn 0.0468 0.8413 -0.5386
vn -0.9991 -0.0000 0.0423
vn -0.9991 -0.0000 0.0423
vn -0.9991 -0.0000 0.0423
vn -0.9991 -0.0000 0.0423
vn -0.9991 -0.0000 0.0423
vn -0.9991 -0.0000 0.0423
vn -0.9991 -0.0000 0.0423
vn -0.9991 -0.0000 0.0423
vn -0.9991 -0.0000 0.0423
vn -0.9991 -0.0000 0.0423
vn -0.9991 -0.0000 0.0423
vn -0.9991 -0.0000 0.0423
vn -0.9991 -0.0000 0.0423
vn 0.9996 0.0000 0.0274
vn 0.9996 0.0000 0.0274
vn 0.9996 0.0000 0.0274
vn 0.9996 0.0000 0.0274
vn 0.9996 0.0000 0.0274
vn 0.9996 0.0000 0.0274
vn 0.9996 0.0000 0.0274
vn 0.9996 0.0000 0.0274
vn 0.9996 0.0000 0.0274
vn 0.9996 0.0000 0.0274
vn 0.9996 0.0000 0.0274
vn 0.9996 0.0000 0.0274
vn 0.9996 0.0000 0.0274
f 6817//6817 6818//6818 6830//6830 6829//6829
f 6818//6818 6819//6819 6831//6831 6830//6830
f 6819//6819 6820//6820 6832//6832 6831//6831
f 6820//6820 6821//6821 6833//6833 6832//6832
f 6821//6821 6822//6822 6834//6834 6833//6833
f 6822//6822 6823//6823 6835//6835 6834//6834
f 6823//6823 6824//6824 6836//6836 6835//6835
f 6824//6824 6825//6825 6837//6837 6836//6836
f 6825//6825 6826//6826 6838//6838 6837//6837
f 6826//6826 6827//6827 6839//6839 6838//6838
f 6827//6827 6828//6828 6840//6840 6839//6839
f 6828//6828 6817//6817 6829//6829 6840//6840
f 6829//6829 6830//6830 6842//6842 6841//6841
f 6830//6830 6831//6831 6843//6843 6842//6842
f 6831//6831 6832//6832 6844//6844 6843//6843
f 6832//6832 6833//6833 6845//6845 6844//6844
f 6833//6833 6834//6834 6846//6846 6845//6845
f 6834//6834 6835//6835 6847//6847 6846//6846
f 6835//6835 6836//6836 6848//6848 6847//6847
f 6836//6836 6837//6837 6849//6849 6848//6848
f 6837//6837 6838//6838 6850//6850 6849//6849
f 6838//6838 6839//6839 6851//6851 6850//6850
f 6839//6839 6840//6840 6852//6852 6851//6851
f 6840//6840 6829//6829 6841//6841 6852//6852
f 6841//6841 6842//6842 6854//6854 6853//6853
f 6842//6842 6843//6843 6855//6855 6854//6854
f 6843//6843 6844//6844 6856//6856 6855//6855
f 6844//6844 6845//6845 6857//6857 6856//6856
f 6845//6845 6846//6846 6858//6858 6857//6857
f 6846//6846 6847//6847 6859//6859 6858//6858
f 6847//6847 6848//6848 6860//6860 6859//6859
f 6848//6848 6849//6849 6861//6861 6860//6860
f 6849//6849 6850//6850 6862//6862 6861//6861
f 6850//6850 6851//6851 6863//6863 6862//6862
f 6851//6851 6852//6852 6864//6864 6863//6863
f 6852//6852 6841//6841 6853//6853 6864//6864
f 6853//6853 6854//6854 6866//6866 6865//6865
f 6854//6854 6855//6855 6867//6867 6866//6866
f 6855//6855 6856//6856 6868//6868 6867//6867
f 6856//6856 6857//6857 6869//6869 6868//6868
f 6857//6857 6858//6858 6870//6870 6869//6869
f 6858//6858 6859//6859 6871//6871 6870//6870
f 6859//6859 6860//6860 6872//6872 6871//6871
f 6860//6860 6861//6861 6873//6873 6872//6872
f 6861//6861 6862//6862 6874//6874 6873//6873
f 6862//6862 6863//6863 6875//6875 6874//6874
f 6863//6863 6864//6864 6876//6876 6875//6875
f 6864//6864 6853//6853 6865//6865 6876//6876
f 6865//6865 6866//6866 6878//6878 6877//6877
f 6866//6866 6867//6867 6879//6879 6878//6878
f 6867//6867 6868//6868 6880//6880 6879//6879
f 6868//6868 6869//6869 6881//6881 6880//6880
f 6869//6869 6870//6870 6882//6882 6881//6881
f 6870//6870 6871//6871 6883//6883 6882//6882
f 6871//6871 6872//6872 6884//6884 6883//6883
f 6872//6872 6873//6873 6885//6885 6884//6884
f 6873//6873 6874//6874 6886//6886 6885//6885
f 6874//6874 6875//6875 6887//6887 6886//6886
f 6875//6875 6876//6876 6888//6888 6887//6887
f 6876//6876 6865//6865 6877//6877 6888//6888
f 6877//6877 6878//6878 6890//6890 6889//6889
f 6878//6878 6879//6879 6891//6891 6890//6890
f 6879//6879 6880//6880 6892//6892 6891//6891
f 6880//6880 6881//6881 6893//6893 6892//6892
f 6881//6881 6882//6882 6894//6894 6893//6893
f 6882//6882 6883//6883 6895//6895 6894//6894
f 6883//6883 6884//6884 6896//6896 6895//6895
f 6884//6884 6885//6885 6897//6897 6896//6896
f 6885//6885 6886//6886 6898//6898 6897//6897
f 6886//6886 6887//6887 6899//6899 6898//6898
f 6887//6887 6888//6888 6900//6900 6899//6899
f 6888//6888 6877//6877 6889//6889 6900//6900
f 6889//6889 6890//6890 6902//6902 6901//6901
f 6890//6890 6891//6891 6903//6903 6902//6902
f 6891//6891 6892//6892 6904//6904 6903//6903
f 6892//6892 6893//6893 6905//6905 6904//6904
f 6893//6893 6894//6894 6906//6906 6905//6905
f 6894//6894 6895//6895 6907//6907 6906//6906
f 6895//6895 6896//6896 6908//6908 6907//6907
f 6896//6896 6897//6897 6909//6909 6908//6908
f 6897//6897 6898//6898 6910//6910 6909//6909
f 6898//6898 6899//6899 6911//6911 6910//6910
f 6899//6899 6900//6900 6912//6912 6911//6911
f 6900//6900 6889//6889 6901//6901 6912//6912
f 6901//6901 6902//6902 6914//6914 6913//6913
f 6902//6902 6903//6903 6915//6915 6914//6914
f 6903//6903 6904//6904 6916//6916 6915//6915
f 6904//6904 6905//6905 6917//6917 6916//6916
f 6905//6905 6906//6906 6918//6918 6917//6917
f 6906//6906 6907//6907 6919//6919 6918//6918
f 6907//6907 6908//6908 6920//6920 6919//6919
f 6908//6908 6909//6909 6921//6921 6920//6920
f 6909//6909 6910//6910 6922//6922 6921//6921
f 6910//6910 6911//6911 6923//6923 6922//6922
f 6911//6911 6912//6912 6924//6924 6923//6923
f 6912//6912 6901//6901 6913//6913 6924//6924
f 6913//6913 6914//6914 6926//6926 6925//6925
f 6914//6914 6915//6915 6927//6927 6926//6926
f 6915//6915 6916//6916 6928//6928 6927//6927
f 6916//6916 6917//6917 6929//6929 6928//6928
f 6917//6917 6918//6918 6930//6930 6929//6929
f 6918//6918 6919//6919 6931//6931 6930//6930
f 6919//6919 6920//6920 6932//6932 6931//6931
f 6920//6920 6921//6921 6933//6933 6932//6932
f 6921//6921 6922//6922 6934//6934 6933//6933
f 6922//6922 6923//6923 6935//6935 6934//6934
f 6923//6923 6924//6924 6936//6936 6935//6935
f 6924//6924 6913//6913 6925//6925 6936//6936
f 6925//6925 6926//6926 6938//6938 6937//6937
f 6926//6926 6927//6927 6939//6939 6938//6938
f 6927//6927 6928//6928 6940//6940 6939//6939
f 6928//6928 6929//6929 6941//6941 6940//6940
f 6929//6929 6930//6930 6942//6942 6941//6941
f 6930//6930 6931//6931 6943//6943 6942//6942
f 6931//6931 6932//6932 6944//6944 6943//6943
f 6932//6932 6933//6933 6945//6945 6944//6944
f 6933//6933 6934//6934 6946//6946 6945//6945
f 6934//6934 6935//6935 6947//6947 6946//6946
f 6935//6935 6936//6936 6948//6948 6947//6947
f 6936//6936 6925//6925 6937//6937 6948//6948
f 6937//6937 6938//6938 6950//6950 6949//6949
f 6938//6938 6939//6939 6951//6951 6950//6950
f 6939//6939 6940//6940 6952//6952 6951//6951
f 6940//6940 6941//6941 6953//6953 6952//6952
f 6941//6941 6942//6942 6954//6954 6953//6953
f 6942//6942 6943//6943 6955//6955 6954//6954
f 6943//6943 6944//6944 6956//6956 6955//6955
f 6944//6944 6945//6945 6957//6957 6956//6956
f 6945//6945 6946//6946 6958//6958 6957//6957
f 6946//6946 6947//6947 6959//6959 6958//6958
f 6947//6947 6948//6948 6960//6960 6959//6959
f 6948//6948 6937//6937 6949//6949 6960//6960
f 6949//6949 6950//6950 6962//6962 6961//6961
f 6950//6950 6951//6951 6963//6963 6962//6962
f 6951//6951 6952//6952 6964//6964 6963//6963
f 6952//6952 6953//6953 6965//6965 6964//6964
f 6953//6953 6954//6954 6966//6966 6965//6965
f 6954//6954 6955//6955 6967//6967 6966//6966
f 6955//6955 6956//6956 6968//6968 6967//6967
f 6956//6956 6957//6957 6969//6969 6968//6968
f 6957//6957 6958//6958 6970//6970 6969//6969
f 6958//6958 6959//6959 6971//6971 6970//6970
f 6959//6959 6960//6960 6972//6972 6971//6971
f 6960//6960 6949//6949 6961//6961 6972//6972
f 6961//6961 6962//6962 6974//6974 6973//6973
f 6962//6962 6963//6963 6975//6975 6974//6974
f 6963//6963 6964//6964 6976//6976 6975//6975
f 6964//6964 6965//6965 6977//6977 6976//6976
f 6965//6965 6966//6966 6978//6978 6977//6977
f 6966//6966 6967//6967 6979//6979 6978//6978
f 6967//6967 6968//6968 6980//6980 6979//6979
f 6968//6968 6969//6969 6981//6981 6980//6980
f 6969//6969 6970//6970 6982//6982 6981//6981
f 6970//6970 6971//6971 6983//6983 6982//6982
f 6971//6971 6972//6972 6984//6984 6983//6983
f 6972//6972 6961//6961 6973//6973 6984//6984
f 6973//6973 6974//6974 6986//6986 6985//6985
f 6974//6974 6975//6975 6987//6987 6986//6986
f 6975//6975 6976//6976 6988//6988 6987//6987
f 6976//6976 6977//6977 6989//6989 6988//6988
f 6977//6977 6978//6978 6990//6990 6989//6989
f 6978//6978 6979//6979 6991//6991 6990//6990
f 6979//6979 6980//6980 6992//6992 6991//6991
f 6980//6980 6981//6981 6993//6993 6992//6992
f 6981//6981 6982//6982 6994//6994 6993//6993
f 6982//6982 6983//6983 6995//6995 6994//6994
f 6983//6983 6984//6984 6996//6996 6995//6995
f 6984//6984 6973//6973 6985//6985 6996//6996
f 6985//6985 6986//6986 6998//6998 6997//6997
f 6986//6986 6987//6987 6999//6999 6998//6998
f 6987//6987 6988//6988 7000//7000 6999//6999
f 6988//6988 6989//6989 7001//7001 7000//7000
f 6989//6989 6990//6990 7002//7002 7001//7001
f 6990//6990 6991//6991 7003//7003 7002//7002
f 6991//6991 6992//6992 7004//7004 7003//7003
f 6992//6992 6993//6993 7005//7005 7004//7004
f 6993//6993 6994//6994 7006//7006 7005//7005
f 6994//6994 6995//6995 7007//7007 7006//7006
f 6995//6995 6996//6996 7008//7008 7007//7007
f 6996//6996 6985//6985 6997//6997 7008//7008
f 6997//6997 6998//6998 7010//7010 7009//7009
f 6998//6998 6999//6999 7011//7011 7010//7010
f 6999//6999 7000//7000 7012//7012 7011//7011
f 7000//7000 7001//7001 7013//7013 7012//7012
f 7001//7001 7002//7002 7014//7014 7013//7013
f 7002//7002 7003//7003 7015//7015 7014//7014
f 7003//7003 7004//7004 7016//7016 7015//7015
f 7004//7004 7005//7005 7017//7017 7016//7016
f 7005//7005 7006//7006 7018//7018 7017//7017
f 7006//7006 7007//7007 7019//7019 7018//7018
f 7007//7007 7008//7008 7020//7020 7019//7019
f 7008//7008 6997//6997 7009//7009 7020//7020
f 7009//7009 7010//7010 7022//7022 7021//7021
f 7010//7010 7011//7011 7023//7023 7022//7022
f 7011//7011 7012//7012 7024//7024 7023//7023
f 7012//7012 7013//7013 7025//7025 7024//7024
f 7013//7013 7014//7014 7026//7026 7025//7025
f 7014//7014 7015//7015 7027//7027 7026//7026
f 7015//7015 7016//7016 7028//7028 7027//7027
f 7016//7016 7017//7017 7029//7029 7028//7028
f 7017//7017 7018//7018 7030//7030 7029//7029
f 7018//7018 7019//7019 7031//7031 7030//7030
f 7019//7019 7020//7020 7032//7032 7031//7031
f 7020//7020 7009//7009 7021//7021 7032//7032
f 7021//7021 7022//7022 7034//7034 7033//7033
f 7022//7022 7023//7023 7035//7035 7034//7034
f 7023//7023 7024//7024 7036//7036 7035//7035
f 7024//7024 7025//7025 7037//7037 7036//7036
f 7025//7025 7026//7026 7038//7038 7037//7037
f 7026//7026 7027//7027 7039//7039 7038//7038
f 7027//7027 7028//7028 7040//7040 7039//7039
f 7028//7028 7029//7029 7041//7041 7040//7040
f 7029//7029 7030//7030 7042//7042 7041//7041
f 7030//7030 7031//7031 7043//7043 7042//7042
f 7031//7031 7032//7032 7044//7044 7043//7043
f 7032//7032 7021//7021 7033//7033 7044//7044
f 7033//7033 7034//7034 7046//7046 7045//7045
f 7034//7034 7035//7035 7047//7047 7046//7046
f 7035//7035 7036//7036 7048//7048 7047//7047
f 7036//7036 7037//7037 7049//7049 7048//7048
f 7037//7037 7038//7038 7050//7050 7049//7049
f 7038//7038 7039//7039 7051//7051 7050//7050
f 7039//7039 7040//7040 7052//7052 7051//7051
f 7040//7040 7041//7041 7053//7053 7052//7052
f 7041//7041 7042//7042 7054//7054 7053//7053
f 7042//7042 7043//7043 7055//7055 7054//7054
f 7043//7043 7044//7044 7056//7056 7055//7055
f 7044//7044 7033//7033 7045//7045 7056//7056
f 7045//7045 7046//7046 7058//7058 7057//7057
f 7046//7046 7047//7047 7059//7059 7058//7058
f 7047//7047 7048//7048 7060//7060 7059//7059
f 7048//7048 7049//7049 7061//7061 7060//7060
f 7049//7049 7050//7050 7062//7062 7061//7061
f 7050//7050 7051//7051 7063//7063 7062//7062
f 7051//7051 7052//7052 7064//7064 7063//7063
f 7052//7052 7053//7053 7065//7065 7064//7064
f 7053//7053 7054//7054 7066//7066 7065//7065
f 7054//7054 7055//7055 7067//7067 7066//7066
f 7055//7055 7056//7056 7068//7068 7067//7067
f 7056//7056 7045//7045 7057//7057 7068//7068
f 7070//7070 7081//7081 7069//7069
f 7071//7071 7081//7081 7070//7070
f 7072//7072 7081//7081 7071//7071
f 7073//7073 7081//7081 7072//7072
f 7074//7074 7081//7081 7073//7073
f 7075//7075 7081//7081 7074//7074
f 7076//7076 7081//7081 7075//7075
f 7077//7077 7081//7081 7076//7076
f 7078//7078 7081//7081 7077//7077
f 7079//7079 7081//7081 7078//7078
f 7080//7080 7081//7081 7079//7079
f 7069//7069 7081//7081 7080//7080
f 7083//7083 7094//7094 7082//7082
f 7084//7084 7094//7094 7083//7083
f 7085//7085 7094//7094 7084//7084
f 7086//7086 7094//7094 7085//7085
f 7087//7087 7094//7094 7086//7086
f 7088//7088 7094//7094 7087//7087
f 7089//7089 7094//7094 7088//7088
f 7090//7090 7094//7094 7089//7089
f 7091//7091 7094//7094 7090//7090
f 7092//7092 7094//7094 7091//7091
f 7093//7093 7094//7094 7092//7092
f 7082//7082 7094//7094 7093//7093
g part79
usemtl skin
v 0.82000 1.88000 -0.02000
v 0.82000 1.88000 -0.02000
v 0.82000 1.88000 -0.02000
v 0.82000 1.88000 -0.02000
v 0.82000 1.88000 -0.02000
v 0.82000 1.88000 -0.02000
v 0.82000 1.88000 -0.02000
v 0.82000 1.88000 -0.02000
v 0.82000 1.88000 -0.02000
v 0.82000 1.88000 -0.02000
v 0.82000 1.87464 -0.00000
v 0.83234 1.87464 -0.00382
v 0.83997 1.87464 -0.01382
v 0.83997 1.87464 -0.02618
v 0.83234 1.87464 -0.03618
v 0.82000 1.87464 -0.04000
v 0.80766 1.87464 -0.03618
v 0.80003 1.87464 -0.02618
v 0.80003 1.87464 -0.01382
v 0.80766 1.87464 -0.00382
v 0.82000 1.86000 0.01464
v 0.84138 1.86000 0.00803
v 0.85459 1.86000 -0.00930
v 0.85459 1.86000 -0.03070
v 0.84138 1.86000 -0.04803
v 0.82000 1.86000 -0.05464
v 0.79862 1.86000 -0.04803
v 0.78541 1.86000 -0.03070
v 0.78541 1.86000 -0.00930
v 0.79862 1.86000 0.00803
v 0.82000 1.84000 0.02000
v 0.84469 1.84000 0.01236
v 0.85994 1.84000 -0.00764
v 0.85994 1.84000 -0.03236
v 0.84469 1.84000 -0.05236
v 0.82000 1.84000 -0.06000
v 0.79531 1.84000 -0.05236
v 0.78006 1.84000 -0.03236
v 0.78006 1.84000 -0.00764
v 0.79531 1.84000 0.01236
v 0.82000 1.82000 0.01464
v 0.84138 1.82000 0.00803
v 0.85459 1.82000 -0.00930
v 0.85459 1.82000 -0.03070
v 0.84138 1.82000 -0.04803
v 0.82000 1.82000 -0.05464
v 0.79862 1.82000 -0.04803
v 0.78541 1.82000 -0.03070
v 0.78541 1.82000 -0.00930
v 0.79862 1.82000 0.00803
v 0.82000 1.80536 -0.00000
v 0.83234 1.80536 -0.00382
v 0.83997 1.80536 -0.01382
v 0.83997 1.80536 -0.02618
v 0.83234 1.80536 -0.03618
v 0.82000 1.80536 -0.04000
v 0.80766 1.80536 -0.03618
v 0.80003 1.80536 -0.02618
v 0.80003 1.80536 -0.01382
v 0.80766 1.80536 -0.00382
v 0.82000 1.80000 -0.02000
v 0.82000 1.80000 -0.02000
v 0.82000 1.80000 -0.02000
v 0.82000 1.80000 -0.02000
v 0.82000 1.80000 -0.02000
v 0.82000 1.80000 -0.02000
v 0.82000 1.80000 -0.02000
v 0.82000 1.80000 -0.02000
v 0.82000 1.80000 -0.02000
v 0.82000 1.80000 -0.02000
vn 0.0000 1.0000 0.0000
vn 0.0000 1.0000 0.0000
vn 0.0000 1.0000 0.0000
vn 0.0000 1.0000 -0.0000
vn 0.0000 1.0000 -0.0000
vn 0.0000 1.0000 -0.0000
vn -0.0000 1.0000 -0.0000
vn -0.0000 1.0000 -0.0000
vn -0.0000 1.0000 0.0000
vn -0.0000 1.0000 0.0000
vn 0.0000 0.8660 0.5000
vn 0.2810 0.8695 0.4061
vn 0.4577 0.8753 0.1562
vn 0.4577 0.8753 -0.1562
vn 0.2810 0.8695 -0.4061
vn 0.0000 0.8660 -0.5000
vn -0.2810 0.8695 -0.4061
vn -0.4577 0.8753 -0.1562
vn -0.4577 0.8753 0.1562
vn -0.2810 0.8695 0.4061
vn 0.0000 0.5000 0.8660
vn 0.4907 0.5061 0.7092
vn 0.8104 0.5166 0.2765
vn 0.8104 0.5166 -0.2765
vn 0.4907 0.5061 -0.7092
vn 0.0000 0.5000 -0.8660
vn -0.4907 0.5061 -0.7092
vn -0.8104 0.5166 -0.2765
vn -0.8104 0.5166 0.2765
vn -0.4907 0.5061 0.7092
vn 0.0000 0.0000 1.0000
vn 0.5690 0.0000 0.8223
vn 0.9464 0.0000 0.3229
vn 0.9464 0.0000 -0.3229
vn 0.5690 0.0000 -0.8223
vn 0.0000 0.0000 -1.0000
vn -0.5690 0.0000 -0.8223
vn -0.9464 0.0000 -0.3229
vn -0.9464 0.0000 0.3229
vn -0.5690 0.0000 0.8223
vn 0.0000 -0.5000 0.8660
vn 0.4907 -0.5061 0.7092
vn 0.8104 -0.5166 0.2765
vn 0.8104 -0.5166 -0.2765
vn 0.4907 -0.5061 -0.7092
vn 0.0000 -0.5000 -0.8660
vn -0.4907 -0.5061 -0.7092
vn -0.8104 -0.5166 -0.2765
vn -0.8104 -0.5166 0.2765
vn -0.4907 -0.5061 0.7092
vn 0.0000 -0.8660 0.5000
vn 0.2810 -0.8695 0.4061
vn 0.4577 -0.8753 0.1562
vn 0.4577 -0.8753 -0.1562
vn 0.2810 -0.8695 -0.4061
vn 0.0000 -0.8660 -0.5000
vn -0.2810 -0.8695 -0.4061
vn -0.4577 -0.8753 -0.1562
vn -0.4577 -0.8753 0.1562
vn -0.2810 -0.8695 0.4061
vn 0.0000 -1.0000 0.0000
vn 0.0000 -1.0000 0.0000
vn 0.0000 -1.0000 0.0000
vn 0.0000 -1.0000 -0.0000
vn 0.0000 -1.0000 -0.0000
vn 0.0000 -1.0000 -0.0000
vn -0.0000 -1.0000 -0.0000
vn -0.0000 -1.0000 -0.0000
vn -0.0000 -1.0000 0.0000
vn -0.0000 -1.0000 0.0000
f 7105//7105 7106//7106 7096//7096 7095//7095
f 7106//7106 7107//7107 7097//7097 7096//7096
f 7107//7107 7108//7108 7098//7098 7097//7097
f 7108//7108 7109//7109 7099//7099 7098//7098
f 7109//7109 7110//7110 7100//7100 7099//7099
f 7110//7110 7111//7111 7101//7101 7100//7100
f 7111//7111 7112//7112 7102//7102 7101//7101
f 7112//7112 7113//7113 7103//7103 7102//7102
f 7113//7113 7114//7114 7104//7104 7103//7103
f 7114//7114 7105//7105 7095//7095 7104//7104
f 7115//7115 7116//7116 7106//7106 7105//7105
f 7116//7116 7117//7117 7107//7107 7106//7106
f 7117//7117 7118//7118 7108//7108 7107//7107
f 7118//7118 7119//7119 7109//7109 7108//7108
f 7119//7119 7120//7120 7110//7110 7109//7109
f 7120//7120 7121//7121 7111//7111 7110//7110
f 7121//7121 7122//7122 7112//7112 7111//7111
f 7122//7122 7123//7123 7113//7113 7112//7112
f 7123//7123 7124//7124 7114//7114 7113//7113
f 7124//7124 7115//7115 7105//7105 7114//7114
f 7125//7125 7126//7126 7116//7116 7115//7115
f 7126//7126 7127//7127 7117//7117 7116//7116
f 7127//7127 7128//7128 7118//7118 7117//7117
f 7128//7128 7129//7129 7119//7119 7118//7118
f 7129//7129 7130//7130 7120//7120 7119//7119
f 7130//7130 7131//7131 7121//7121 7120//7120
f 7131//7131 7132//7132 7122//7122 7121//7121
f 7132//7132 7133//7133 7123//7123 7122//7122
f 7133//7133 7134//7134 7124//7124 7123//7123
f 7134//7134 7125//7125 7115//7115 7124//7124
f 7135//7135 7136//7136 7126//7126 7125//7125
f 7136//7136 7137//7137 7127//7127 7126//7126
f 7137//7137 7138//7138 7128//7128 7127//7127
f 7138//7138 7139//7139 7129//7129 7128//7128
f 7139//7139 7140//7140 7130//7130 7129//7129
f 7140//7140 7141//7141 7131//7131 7130//7130
f 7141//7141 7142//7142 7132//7132 7131//7131
f 7142//7142 7143//7143 7133//7133 7132//7132
f 7143//7143 7144//7144 7134//7134 7133//7133
f 7144//7144 7135//7135 7125//7125 7134//7134
f 7145//7145 7146//7146 7136//7136 7135//7135
f 7146//7146 7147//7147 7137//7137 7136//7136
f 7147//7147 7148//7148 7138//7138 7137//7137
f 7148//7148 7149//7149 7139//7139 7138//7138
f 7149//7149 7150//7150 7140//7140 7139//7139
f 7150//7150 7151//7151 7141//7141 7140//7140
f 7151//7151 7152//7152 7142//7142 7141//7141
f 7152//7152 7153//7153 7143//7143 7142//7142
f 7153//7153 7154//7154 7144//7144 7143//7143
f 7154//7154 7145//7145 7135//7135 7144//7144
f 7155//7155 7156//7156 7146//7146 7145//7145
f 7156//7156 7157//7157 7147//7147 7146//7146
f 7157//7157 7158//7158 7148//7148 7147//7147
f 7158//7158 7159//7159 7149//7149 7148//7148
f 7159//7159 7160//7160 7150//7150 7149//7149
f 7160//7160 7161//7161 7151//7151 7150//7150
f 7161//7161 7162//7162 7152//7152 7151//7151
f 7162//7162 7163//7163 7153//7153 7152//7152
f 7163//7163 7164//7164 7154//7154 7153//7153
f 7164//7164 7155//7155 7145//7145 7154//7154
g part80
usemtl skin
v 1.47000 1.85200 0.00000
v 1.47000 1.85200 0.00000
v 1.47000 1.85200 0.00000
v 1.47000 1.85200 0.00000
v 1.47000 1.85200 0.00000
v 1.47000 1.85200 0.00000
v 1.47000 1.85200 0.00000
v 1.47000 1.85200 0.00000
v 1.47000 1.85200 0.00000
v 1.47000 1.85200 0.00000
v 1.47000 1.84986 0.03100
v 1.49204 1.84986 0.02508
v 1.50566 1.84986 0.00958
v 1.50566 1.84986 -0.00958
v 1.49204 1.84986 -0.02508
v 1.47000 1.84986 -0.03100
v 1.44796 1.84986 -0.02508
v 1.43434 1.84986 -0.00958
v 1.43434 1.84986 0.00958
v 1.44796 1.84986 0.02508
v 1.47000 1.84400 0.05369
v 1.50818 1.84400 0.04344
v 1.53177 1.84400 0.01659
v 1.53177 1.84400 -0.01659
v 1.50818 1.84400 -0.04344
v 1.47000 1.84400 -0.05369
v 1.43182 1.84400 -0.04344
v 1.40823 1.84400 -0.01659
v 1.40823 1.84400 0.01659
v 1.43182 1.84400 0.04344
v 1.47000 1.83600 0.06200
v 1.51408 1.83600 0.05016
v 1.54133 1.83600 0.01916
v 1.54133 1.83600 -0.01916
v 1.51408 1.83600 -0.05016
v 1.47000 1.83600 -0.06200
v 1.42592 1.83600 -0.05016
v 1.39867 1.83600 -0.01916
v 1.39867 1.83600 0.01916
v 1.42592 1.83600 0.05016
v 1.47000 1.82800 0.05369
v 1.50818 1.82800 0.04344
v 1.53177 1.82800 0.01659
v 1.53177 1.82800 -0.01659
v 1.50818 1.82800 -0.04344
v 1.47000 1.82800 -0.05369
v 1.43182 1.82800 -0.04344
v 1.40823 1.82800 -0.01659
v 1.40823 1.82800 0.01659
v 1.43182 1.82800 0.04344
v 1.47000 1.82214 0.03100
v 1.49204 1.82214 0.02508
v 1.50566 1.82214 0.00958
v 1.50566 1.82214 -0.00958
v 1.49204 1.82214 -0.02508
v 1.47000 1.82214 -0.03100
v 1.44796 1.82214 -0.02508
v 1.43434 1.82214 -0.00958
v 1.43434 1.82214 0.00958
v 1.44796 1.82214 0.02508
v 1.47000 1.82000 0.00000
v 1.47000 1.82000 0.00000
v 1.47000 1.82000 0.00000
v 1.47000 1.82000 -0.00000
v 1.47000 1.82000 -0.00000
v 1.47000 1.82000 -0.00000
v 1.47000 1.82000 -0.00000
v 1.47000 1.82000 -0.00000
v 1.47000 1.82000 0.00000
v 1.47000 1.82000 0.00000
vn 0.0000 1.0000 0.0000
vn 0.0000 1.0000 0.0000
vn 0.0000 1.0000 0.0000
vn 0.0000 1.0000 -0.0000
vn 0.0000 1.0000 -0.0000
vn 0.0000 1.0000 -0.0000
vn -0.0000 1.0000 -0.0000
vn -0.0000 1.0000 -0.0000
vn -0.0000 1.0000 0.0000
vn -0.0000 1.0000 0.0000
vn 0.0000 0.9891 0.1474
vn 0.0717 0.9903 0.1194
vn 0.1162 0.9922 0.0457
vn 0.1162 0.9922 -0.0457
vn 0.0717 0.9903 -0.1194
vn 0.0000 0.9891 -0.1474
vn -0.0717 0.9903 -0.1194
vn -0.1162 0.9922 -0.0457
vn -0.1162 0.9922 0.0457
vn -0.0717 0.9903 0.1194
vn 0.0000 0.9130 0.4081
vn 0.2001 0.9214 0.3332
vn 0.3288 0.9355 0.1292
vn 0.3288 0.9355 -0.1292
vn 0.2001 0.9214 -0.3332
vn 0.0000 0.9130 -0.4081
vn -0.2001 0.9214 -0.3332
vn -0.3288 0.9355 -0.1292
vn -0.3288 0.9355 0.1292
vn -0.2001 0.9214 0.3332
vn 0.0000 0.0000 1.0000
vn 0.5149 0.0000 0.8573
vn 0.9307 0.0000 0.3658
vn 0.9307 0.0000 -0.3658
vn 0.5149 0.0000 -0.8573
vn 0.0000 0.0000 -1.0000
vn -0.5149 0.0000 -0.8573
vn -0.9307 0.0000 -0.3658
vn -0.9307 0.0000 0.3658
vn -0.5149 0.0000 0.8573
vn 0.0000 -0.9130 0.4081
vn 0.2001 -0.9214 0.3332
vn 0.3288 -0.9355 0.1292
vn 0.3288 -0.9355 -0.1292
vn 0.2001 -0.9214 -0.3332
vn 0.0000 -0.9130 -0.4081
vn -0.2001 -0.9214 -0.3332
vn -0.3288 -0.9355 -0.1292
vn -0.3288 -0.9355 0.1292
vn -0.2001 -0.9214 0.3332
vn 0.0000 -0.9891 0.1474
vn 0.0717 -0.9903 0.1194
vn 0.1162 -0.9922 0.0457
vn 0.1162 -0.9922 -0.0457
vn 0.0717 -0.9903 -0.1194
vn 0.0000 -0.9891 -0.1474
vn -0.0717 -0.9903 -0.1194
vn -0.1162 -0.9922 -0.0457
vn -0.1162 -0.9922 0.0457
vn -0.0717 -0.9903 0.1194
vn 0.0000 -1.0000 0.0000
vn 0.0000 -1.0000 0.0000
vn 0.0000 -1.0000 0.0000
vn 0.0000 -1.0000 -0.0000
vn 0.0000 -1.0000 -0.0000
vn 0.0000 -1.0000 -0.0000
vn -0.0000 -1.0000 -0.0000
vn -0.0000 -1.0000 -0.0000
vn -0.0000 -1.0000 0.0000
vn -0.0000 -1.0000 0.0000
f 7175//7175 7176//7176 7166//7166 7165//7165
f 7176//7176 7177//7177 7167//7167 7166//7166
f 7177//7177 7178//7178 7168//7168 7167//7167
f 7178//7178 7179//7179 7169//7169 7168//7168
f 7179//7179 7180//7180 7170//7170 7169//7169
f 7180//7180 7181//7181 7171//7171 7170//7170
f 7181//7181 7182//7182 7172//7172 7171//7171
f 7182//7182 7183//7183 7173//7173 7172//7172
f 7183//7183 7184//7184 7174//7174 7173//7173
f 7184//7184 7175//7175 7165//7165 7174//7174
f 7185//7185 7186//7186 7176//7176 7175//7175
f 7186//7186 7187//7187 7177//7177 7176//7176
f 7187//7187 7188//7188 7178//7178 7177//7177
f 7188//7188 7189//7189 7179//7179 7178//7178
f 7189//7189 7190//7190 7180//7180 7179//7179
f 7190//7190 7191//7191 7181//7181 7180//7180
f 7191//7191 7192//7192 7182//7182 7181//7181
f 7192//7192 7193//7193 7183//7183 7182//7182
f 7193//7193 7194//7194 7184//7184 7183//7183
f 7194//7194 7185//7185 7175//7175 7184//7184
f 7195//7195 7196//7196 7186//7186 7185//7185
f 7196//7196 7197//7197 7187//7187 7186//7186
f 7197//7197 7198//7198 7188//7188 7187//7187
f 7198//7198 7199//7199 7189//7189 7188//7188
f 7199//7199 7200//7200 7190//7190 7189//7189
f 7200//7200 7201//7201 7191//7191 7190//7190
f 7201//7201 7202//7202 7192//7192 7191//7191
f 7202//7202 7203//7203 7193//7193 7192//7192
f 7203//7203 7204//7204 7194//7194 7193//7193
f 7204//7204 7195//7195 7185//7185 7194//7194
f 7205//7205 7206//7206 7196//7196 7195//7195
f 7206//7206 7207//7207 7197//7197 7196//7196
f 7207//7207 7208//7208 7198//7198 7197//7197
f 7208//7208 7209//7209 7199//7199 7198//7198
f 7209//7209 7210//7210 7200//7200 7199//7199
f 7210//7210 7211//7211 7201//7201 7200//7200
f 7211//7211 7212//7212 7202//7202 7201//7201
f 7212//7212 7213//7213 7203//7203 7202//7202
f 7213//7213 7214//7214 7204//7204 7203//7203
f 7214//7214 7205//7205 7195//7195 7204//7204
f 7215//7215 7216//7216 7206//7206 7205//7205
f 7216//7216 7217//7217 7207//7207 7206//7206
f 7217//7217 7218//7218 7208//7208 7207//7207
f 7218//7218 7219//7219 7209//7209 7208//7208
f 7219//7219 7220//7220 7210//7210 7209//7209
f 7220//7220 7221//7221 7211//7211 7210//7210
f 7221//7221 7222//7222 7212//7212 7211//7211
f 7222//7222 7223//7223 7213//7213 7212//7212
f 7223//7223 7224//7224 7214//7214 7213//7213
f 7224//7224 7215//7215 7205//7205 7214//7214
f 7225//7225 7226//7226 7216//7216 7215//7215
f 7226//7226 7227//7227 7217//7217 7216//7216
f 7227//7227 7228//7228 7218//7218 7217//7217
f 7228//7228 7229//7229 7219//7219 7218//7218
f 7229//7229 7230//7230 7220//7220 7219//7219
f 7230//7230 7231//7231 7221//7221 7220//7220
f 7231//7231 7232//7232 7222//7222 7221//7221
f 7232//7232 7233//7233 7223//7223 7222//7222
f 7233//7233 7234//7234 7224//7224 7223//7223
f 7234//7234 7225//7225 7215//7215 7224//7224
g part81
usemtl skin
v 1.52752 1.84821 0.04689
v 1.52383 1.84463 0.05496
v 1.52083 1.83600 0.05778
v 1.52027 1.82737 0.05370
v 1.52248 1.82379 0.04511
v 1.52617 1.82737 0.03704
v 1.52917 1.83600 0.03422
v 1.52973 1.84463 0.03830
v 1.56027 1.83948 0.05848
v 1.55691 1.83622 0.06584
v 1.55417 1.82835 0.06841
v 1.55366 1.82048 0.06469
v 1.55568 1.81722 0.05685
v 1.55904 1.82048 0.04949
v 1.56177 1.82835 0.04692
v 1.56229 1.83622 0.05064
v 1.59326 1.83069 0.07015
v 1.59016 1.82777 0.07677
v 1.58752 1.82070 0.07903
v 1.58689 1.81363 0.07561
v 1.58863 1.81070 0.06851
v 1.59174 1.81363 0.06189
v 1.59438 1.82070 0.05963
v 1.59501 1.82777 0.06305
v 1.62404 1.82069 0.08103
v 1.62105 1.81810 0.08695
v 1.61823 1.81184 0.08884
v 1.61723 1.80559 0.08560
v 1.61863 1.80300 0.07912
v 1.62161 1.80559 0.07320
v 1.62444 1.81184 0.07131
v 1.62544 1.81810 0.07455
v 1.65115 1.80889 0.09062
v 1.64824 1.80659 0.09596
v 1.64520 1.80106 0.09753
v 1.64383 1.79553 0.09440
v 1.64492 1.79324 0.08842
v 1.64784 1.79553 0.08308
v 1.65087 1.80106 0.08152
v 1.65224 1.80659 0.08464
v 1.67540 1.79607 0.09920
v 1.67261 1.79402 0.10406
v 1.66955 1.78908 0.10540
v 1.66801 1.78413 0.10244
v 1.66890 1.78208 0.09690
v 1.67169 1.78413 0.09204
v 1.67475 1.78908 0.09070
v 1.67629 1.79402 0.09367
v 1.69758 1.78308 0.10705
v 1.69496 1.78125 0.11145
v 1.69200 1.77685 0.11260
v 1.69042 1.77245 0.10984
v 1.69115 1.77062 0.10477
v 1.69376 1.77245 0.10037
v 1.69673 1.77685 0.09922
v 1.69831 1.78125 0.10198
v 1.71741 1.77005 0.11406
v 1.71499 1.76846 0.11798
v 1.71215 1.76462 0.11895
v 1.71055 1.76079 0.11641
v 1.71113 1.75920 0.11184
v 1.71355 1.76079 0.10792
v 1.71639 1.76462 0.10695
v 1.71799 1.76846 0.10949
v 1.73518 1.75687 0.12035
v 1.73300 1.75549 0.12380
v 1.73040 1.75215 0.12463
v 1.72889 1.74882 0.12235
v 1.72937 1.74743 0.11829
v 1.73155 1.74882 0.11484
v 1.73416 1.75215 0.11401
v 1.73566 1.75549 0.11629
v 1.75281 1.74378 0.12658
v 1.75091 1.74258 0.12959
v 1.74865 1.73968 0.13031
v 1.74734 1.73678 0.12833
v 1.74776 1.73558 0.12480
v 1.74965 1.73678 0.12179
v 1.75192 1.73968 0.12107
v 1.75322 1.74258 0.12306
v 1.52752 1.84821 0.04689
v 1.52383 1.84463 0.05496
v 1.52083 1.83600 0.05778
v 1.52027 1.82737 0.05370
v 1.52248 1.82379 0.04511
v 1.52617 1.82737 0.03704
v 1.52917 1.83600 0.03422
v 1.52973 1.84463 0.03830
v 1.52500 1.83600 0.04600
vn 0.2298 0.9699 0.0813
vn -0.0649 0.6839 0.7267
vn -0.3050 -0.0066 0.9523
vn -0.3497 -0.6970 0.6260
vn -0.1730 -0.9830 -0.0612
vn 0.1217 -0.6970 -0.7066
vn 0.3617 -0.0066 -0.9323
vn 0.4065 0.6839 -0.6059
vn 0.2297 0.9699 0.0812
vn -0.0650 0.6839 0.7267
vn -0.3050 -0.0066 0.9523
vn -0.3496 -0.6970 0.6260
vn -0.1728 -0.9830 -0.0611
vn 0.1218 -0.6970 -0.7066
vn 0.3617 -0.0066 -0.9323
vn 0.4064 0.6839 -0.6059
vn 0.2524 0.9635 0.0893
vn -0.0492 0.6792 0.7323
vn -0.3056 -0.0072 0.9521
vn -0.3665 -0.6937 0.6200
vn -0.1964 -0.9781 -0.0695
vn 0.1049 -0.6937 -0.7126
vn 0.3611 -0.0072 -0.9325
vn 0.4222 0.6792 -0.6003
vn 0.3155 0.9423 0.1116
vn -0.0052 0.6638 0.7479
vn -0.3080 -0.0087 0.9513
vn -0.4155 -0.6812 0.6028
vn -0.2647 -0.9598 -0.0936
vn 0.0560 -0.6812 -0.7299
vn 0.3587 -0.0087 -0.9334
vn 0.4662 0.6638 -0.5848
vn 0.3882 0.9113 0.1373
vn 0.0454 0.6414 0.7659
vn -0.3111 -0.0100 0.9503
vn -0.4725 -0.6613 0.5826
vn -0.3442 -0.9310 -0.1218
vn -0.0010 -0.6613 -0.7502
vn 0.3557 -0.0100 -0.9346
vn 0.5168 0.6414 -0.5670
vn 0.4376 0.8857 0.1548
vn 0.0800 0.6230 0.7781
vn -0.3119 -0.0112 0.9501
vn -0.5086 -0.6454 0.5699
vn -0.3948 -0.9081 -0.1397
vn -0.0371 -0.6454 -0.7629
vn 0.3549 -0.0112 -0.9348
vn 0.5515 0.6230 -0.5547
vn 0.4754 0.8635 0.1682
vn 0.1072 0.6067 0.7877
vn -0.3102 -0.0135 0.9506
vn -0.5322 -0.6336 0.5615
vn -0.4290 -0.8905 -0.1517
vn -0.0608 -0.6336 -0.7713
vn 0.3566 -0.0135 -0.9342
vn 0.5787 0.6067 -0.5451
vn 0.5177 0.8357 0.1831
vn 0.1377 0.5862 0.7984
vn -0.3084 -0.0163 0.9511
vn -0.5593 -0.6186 0.5518
vn -0.4680 -0.8681 -0.1656
vn -0.0879 -0.6186 -0.7808
vn 0.3583 -0.0163 -0.9335
vn 0.6091 0.5862 -0.5342
vn 0.5404 0.8194 0.1912
vn 0.1539 0.5743 0.8041
vn -0.3080 -0.0176 0.9512
vn -0.5745 -0.6094 0.5464
vn -0.4897 -0.8545 -0.1732
vn -0.1032 -0.6094 -0.7861
vn 0.3587 -0.0176 -0.9333
vn 0.6252 0.5743 -0.5285
vn 0.5405 0.8193 0.1912
vn 0.1539 0.5742 0.8041
vn -0.3080 -0.0176 0.9512
vn -0.5746 -0.6093 0.5464
vn -0.4898 -0.8545 -0.1733
vn -0.1032 -0.6093 -0.7862
vn 0.3587 -0.0176 -0.9333
vn 0.6253 0.5742 -0.5285
vn -0.9210 0.2137 -0.3258
vn -0.9210 0.2137 -0.3258
vn -0.9210 0.2137 -0.3258
vn -0.9210 0.2137 -0.3258
vn -0.9210 0.2137 -0.3258
vn -0.9210 0.2137 -0.3258
vn -0.9210 0.2137 -0.3258
vn -0.9210 0.2137 -0.3258
vn -0.9210 0.2137 -0.3258
f 7235//7235 7236//7236 7244//7244 7243//7243
f 7236//7236 7237//7237 7245//7245 7244//7244
f 7237//7237 7238//7238 7246//7246 7245//7245
f 7238//7238 7239//7239 7247//7247 7246//7246
f 7239//7239 7240//7240 7248//7248 7247//7247
f 7240//7240 7241//7241 7249//7249 7248//7248
f 7241//7241 7242//7242 7250//7250 7249//7249
f 7242//7242 7235//7235 7243//7243 7250//7250
f 7243//7243 7244//7244 7252//7252 7251//7251
f 7244//7244 7245//7245 7253//7253 7252//7252
f 7245//7245 7246//7246 7254//7254 7253//7253
f 7246//7246 7247//7247 7255//7255 7254//7254
f 7247//7247 7248//7248 7256//7256 7255//7255
f 7248//7248 7249//7249 7257//7257 7256//7256
f 7249//7249 7250//7250 7258//7258 7257//7257
f 7250//7250 7243//7243 7251//7251 7258//7258
f 7251//7251 7252//7252 7260//7260 7259//7259
f 7252//7252 7253//7253 7261//7261 7260//7260
f 7253//7253 7254//7254 7262//7262 7261//7261
f 7254//7254 7255//7255 7263//7263 7262//7262
f 7255//7255 7256//7256 7264//7264 7263//7263
f 7256//7256 7257//7257 7265//7265 7264//7264
f 7257//7257 7258//7258 7266//7266 7265//7265
f 7258//7258 7251//7251 7259//7259 7266//7266
f 7259//7259 7260//7260 7268//7268 7267//7267
f 7260//7260 7261//7261 7269//7269 7268//7268
f 7261//7261 7262//7262 7270//7270 7269//7269
f 7262//7262 7263//7263 7271//7271 7270//7270
f 7263//7263 7264//7264 7272//7272 7271//7271
f 7264//7264 7265//7265 7273//7273 7272//7272
f 7265//7265 7266//7266 7274//7274 7273//7273
f 7266//7266 7259//7259 7267//7267 7274//7274
f 7267//7267 7268//7268 7276//7276 7275//7275
f 7268//7268 7269//7269 7277//7277 7276//7276
f 7269//7269 7270//7270 7278//7278 7277//7277
f 7270//7270 7271//7271 7279//7279 7278//7278
f 7271//7271 7272//7272 7280//7280 7279//7279
f 7272//7272 7273//7273 7281//7281 7280//7280
f 7273//7273 7274//7274 7282//7282 7281//7281
f 7274//7274 7267//7267 7275//7275 7282//7282
f 7275//7275 7276//7276 7284//7284 7283//7283
f 7276//7276 7277//7277 7285//7285 7284//7284
f 7277//7277 7278//7278 7286//7286 7285//7285
f 7278//7278 7279//7279 7287//7287 7286//7286
f 7279//7279 7280//7280 7288//7288 7287//7287
f 7280//7280 7281//7281 7289//7289 7288//7288
f 7281//7281 7282//7282 7290//7290 7289//7289
f 7282//7282 7275//7275 7283//7283 7290//7290
f 7283//7283 7284//7284 7292//7292 7291//7291
f 7284//7284 7285//7285 7293//7293 7292//7292
f 7285//7285 7286//7286 7294//7294 7293//7293
f 7286//7286 7287//7287 7295//7295 7294//7294
f 7287//7287 7288//7288 7296//7296 7295//7295
f 7288//7288 7289//7289 7297//7297 7296//7296
f 7289//7289 7290//7290 7298//7298 7297//7297
f 7290//7290 7283//7283 7291//7291 7298//7298
f 7291//7291 7292//7292 7300//7300 7299//7299
f 7292//7292 7293//7293 7301//7301 7300//7300
f 7293//7293 7294//7294 7302//7302 7301//7301
f 7294//7294 7295//7295 7303//7303 7302//7302
f 7295//7295 7296//7296 7304//7304 7303//7303
f 7296//7296 7297//7297 7305//7305 7304//7304
f 7297//7297 7298//7298 7306//7306 7305//7305
f 7298//7298 7291//7291 7299//7299 7306//7306
f 7299//7299 7300//7300 7308//7308 7307//7307
f 7300//7300 7301//7301 7309//7309 7308//7308
f 7301//7301 7302//7302 7310//7310 7309//7309
f 7302//7302 7303//7303 7311//7311 7310//7310
f 7303//7303 7304//7304 7312//7312 7311//7311
f 7304//7304 7305//7305 7313//7313 7312//7312
f 7305//7305 7306//7306 7314//7314 7313//7313
f 7306//7306 7299//7299 7307//7307 7314//7314
f 7316//7316 7323//7323 7315//7315
f 7317//7317 7323//7323 7316//7316
f 7318//7318 7323//7323 7317//7317
f 7319//7319 7323//7323 7318//7318
f 7320//7320 7323//7323 7319//7319
f 7321//7321 7323//7323 7320//7320
f 7322//7322 7323//7323 7321//7321
f 7315//7315 7323//7323 7322//7322
g part82
usemtl bone
v 1.75507 1.74642 0.12768
v 1.75136 1.74444 0.13265
v 1.74702 1.73968 0.13354
v 1.74459 1.73492 0.12983
v 1.74550 1.73294 0.12370
v 1.74921 1.73492 0.11873
v 1.75355 1.73968 0.11784
v 1.75598 1.74444 0.12155
v 1.77373 1.72991 0.13544
v 1.77035 1.72811 0.13997
v 1.76639 1.72377 0.14078
v 1.76418 1.71943 0.13740
v 1.76501 1.71764 0.13181
v 1.76839 1.71943 0.12729
v 1.77234 1.72377 0.12648
v 1.77455 1.72811 0.12985
v 1.79257 1.71324 0.14328
v 1.78943 1.71170 0.14732
v 1.78572 1.70790 0.14800
v 1.78361 1.70409 0.14490
v 1.78433 1.70249 0.13985
v 1.78747 1.70403 0.13580
v 1.79118 1.70783 0.13513
v 1.79329 1.71164 0.13823
v 1.81021 1.69493 0.15116
v 1.80725 1.69373 0.15467
v 1.80368 1.69064 0.15513
v 1.80158 1.68747 0.15228
v 1.80220 1.68609 0.14779
v 1.80516 1.68729 0.14428
v 1.80873 1.69038 0.14381
v 1.81082 1.69355 0.14666
v 1.82637 1.67430 0.15925
v 1.82366 1.67341 0.16223
v 1.82035 1.67098 0.16253
v 1.81837 1.66843 0.15997
v 1.81888 1.66726 0.15605
v 1.82158 1.66815 0.15307
v 1.82489 1.67058 0.15278
v 1.82688 1.67313 0.15534
v 1.84106 1.65229 0.16726
v 1.83870 1.65166 0.16972
v 1.83576 1.64982 0.16989
v 1.83397 1.64785 0.16766
v 1.83437 1.64691 0.16435
v 1.83673 1.64755 0.16189
v 1.83966 1.64939 0.16172
v 1.84145 1.65135 0.16394
v 1.85299 1.63010 0.17429
v 1.85104 1.62972 0.17620
v 1.84857 1.62851 0.17625
v 1.84701 1.62718 0.17440
v 1.84729 1.62651 0.17174
v 1.84924 1.62689 0.16983
v 1.85171 1.62810 0.16978
v 1.85327 1.62942 0.17163
v 1.86072 1.60826 0.17965
v 1.85929 1.60810 0.18097
v 1.85744 1.60747 0.18094
v 1.85626 1.60674 0.17958
v 1.85643 1.60633 0.17768
v 1.85785 1.60648 0.17635
v 1.85970 1.60711 0.17638
v 1.86089 1.60785 0.17775
v 1.86556 1.58662 0.18394
v 1.86476 1.58656 0.18467
v 1.86371 1.58627 0.18464
v 1.86303 1.58591 0.18387
v 1.86312 1.58570 0.18280
v 1.86393 1.58576 0.18207
v 1.86498 1.58605 0.18210
v 1.86566 1.58641 0.18287
v 1.87037 1.56513 0.18820
v 1.87020 1.56511 0.18835
v 1.86998 1.56505 0.18835
v 1.86984 1.56498 0.18818
v 1.86985 1.56493 0.18796
v 1.87002 1.56494 0.18780
v 1.87024 1.56501 0.18781
v 1.87039 1.56508 0.18797
v 1.87037 1.56513 0.18820
v 1.87020 1.56511 0.18835
v 1.86998 1.56505 0.18835
v 1.86984 1.56498 0.18818
v 1.86985 1.56493 0.18796
v 1.87002 1.56494 0.18780
v 1.87024 1.56501 0.18781
v 1.87039 1.56508 0.18797
v 1.87011 1.56503 0.18808
vn 0.5841 0.7745 0.2429
vn 0.1479 0.5425 0.8270
vn -0.3626 -0.0177 0.9318
vn -0.6483 -0.5778 0.4959
vn -0.5417 -0.8098 -0.2253
vn -0.1055 -0.5778 -0.8093
vn 0.4050 -0.0177 -0.9141
vn 0.6906 0.5425 -0.4783
vn 0.5841 0.7745 0.2429
vn 0.1478 0.5425 0.8270
vn -0.3626 -0.0177 0.9318
vn -0.6481 -0.5779 0.4960
vn -0.5416 -0.8099 -0.2252
vn -0.1054 -0.5778 -0.8093
vn 0.4050 -0.0176 -0.9142
vn 0.6906 0.5425 -0.4783
vn 0.6100 0.7505 0.2543
vn 0.1612 0.5292 0.8330
vn -0.3696 -0.0133 0.9291
vn -0.6713 -0.5593 0.4863
vn -0.5676 -0.7887 -0.2361
vn -0.1192 -0.5671 -0.8150
vn 0.4115 -0.0246 -0.9111
vn 0.7136 0.5211 -0.4681
vn 0.6648 0.6922 0.2809
vn 0.1881 0.4977 0.8467
vn -0.3875 -0.0006 0.9219
vn -0.7246 -0.5110 0.4624
vn -0.6258 -0.7345 -0.2625
vn -0.1489 -0.5402 -0.8282
vn 0.4266 -0.0419 -0.9035
vn 0.7637 0.4686 -0.4441
vn 0.7126 0.6312 0.3063
vn 0.2110 0.4653 0.8596
vn -0.4037 0.0133 0.9148
vn -0.7715 -0.4600 0.4395
vn -0.6768 -0.6775 -0.2878
vn -0.1752 -0.5118 -0.8410
vn 0.4396 -0.0598 -0.8962
vn 0.8073 0.4137 -0.4210
vn 0.7547 0.5669 0.3303
vn 0.2348 0.4264 0.8735
vn -0.4124 0.0203 0.9108
vn -0.8076 -0.4137 0.4203
vn -0.7195 -0.6212 -0.3106
vn -0.1997 -0.4806 -0.8539
vn 0.4474 -0.0744 -0.8912
vn 0.8427 0.3595 -0.4007
vn 0.8083 0.4632 0.3635
vn 0.2681 0.3579 0.8945
vn -0.4191 0.0225 0.9077
vn -0.8507 -0.3465 0.3954
vn -0.7739 -0.5329 -0.3423
vn -0.2336 -0.4277 -0.8732
vn 0.4536 -0.0924 -0.8864
vn 0.8851 0.2767 -0.3742
vn 0.8544 0.3353 0.3970
vn 0.2956 0.2737 0.9153
vn -0.4277 0.0263 0.9036
vn -0.8920 -0.2615 0.3688
vn -0.8251 -0.4219 -0.3757
vn -0.2662 -0.3610 -0.8938
vn 0.4572 -0.1141 -0.8820
vn 0.9213 0.1745 -0.3474
vn 0.8694 0.2758 0.4101
vn 0.3041 0.2356 0.9231
vn -0.4318 0.0297 0.9015
vn -0.9071 -0.2212 0.3580
vn -0.8436 -0.3703 -0.3890
vn -0.2783 -0.3302 -0.9020
vn 0.4576 -0.1244 -0.8804
vn 0.9330 0.1267 -0.3370
vn 0.8694 0.2755 0.4101
vn 0.3041 0.2355 0.9231
vn -0.4318 0.0297 0.9015
vn -0.9072 -0.2211 0.3580
vn -0.8436 -0.3702 -0.3890
vn -0.2783 -0.3301 -0.9020
vn 0.4576 -0.1244 -0.8804
vn 0.9330 0.1265 -0.3369
vn 0.2575 -0.9432 0.2101
vn 0.2575 -0.9432 0.2101
vn 0.2575 -0.9432 0.2101
vn 0.2575 -0.9432 0.2101
vn 0.2575 -0.9432 0.2101
vn 0.2575 -0.9432 0.2101
vn 0.2575 -0.9432 0.2101
vn 0.2575 -0.9432 0.2101
vn 0.2575 -0.9432 0.2101
f 7324//7324 7325//7325 7333//7333 7332//7332
f 7325//7325 7326//7326 7334//7334 7333//7333
f 7326//7326 7327//7327 7335//7335 7334//7334
f 7327//7327 7328//7328 7336//7336 7335//7335
f 7328//7328 7329//7329 7337//7337 7336//7336
f 7329//7329 7330//7330 7338//7338 7337//7337
f 7330//7330 7331//7331 7339//7339 7338//7338
f 7331//7331 7324//7324 7332//7332 7339//7339
f 7332//7332 7333//7333 7341//7341 7340//7340
f 7333//7333 7334//7334 7342//7342 7341//7341
f 7334//7334 7335//7335 7343//7343 7342//7342
f 7335//7335 7336//7336 7344//7344 7343//7343
f 7336//7336 7337//7337 7345//7345 7344//7344
f 7337//7337 7338//7338 7346//7346 7345//7345
f 7338//7338 7339//7339 7347//7347 7346//7346
f 7339//7339 7332//7332 7340//7340 7347//7347
f 7340//7340 7341//7341 7349//7349 7348//7348
f 7341//7341 7342//7342 7350//7350 7349//7349
f 7342//7342 7343//7343 7351//7351 7350//7350
f 7343//7343 7344//7344 7352//7352 7351//7351
f 7344//7344 7345//7345 7353//7353 7352//7352
f 7345//7345 7346//7346 7354//7354 7353//7353
f 7346//7346 7347//7347 7355//7355 7354//7354
f 7347//7347 7340//7340 7348//7348 7355//7355
f 7348//7348 7349//7349 7357//7357 7356//7356
f 7349//7349 7350//7350 7358//7358 7357//7357
f 7350//7350 7351//7351 7359//7359 7358//7358
f 7351//7351 7352//7352 7360//7360 7359//7359
f 7352//7352 7353//7353 7361//7361 7360//7360
f 7353//7353 7354//7354 7362//7362 7361//7361
f 7354//7354 7355//7355 7363//7363 7362//7362
f 7355//7355 7348//7348 7356//7356 7363//7363
f 7356//7356 7357//7357 7365//7365 7364//7364
f 7357//7357 7358//7358 7366//7366 7365//7365
f 7358//7358 7359//7359 7367//7367 7366//7366
f 7359//7359 7360//7360 7368//7368 7367//7367
f 7360//7360 7361//7361 7369//7369 7368//7368
f 7361//7361 7362//7362 7370//7370 7369//7369
f 7362//7362 7363//7363 7371//7371 7370//7370
f 7363//7363 7356//7356 7364//7364 7371//7371
f 7364//7364 7365//7365 7373//7373 7372//7372
f 7365//7365 7366//7366 7374//7374 7373//7373
f 7366//7366 7367//7367 7375//7375 7374//7374
f 7367//7367 7368//7368 7376//7376 7375//7375
f 7368//7368 7369//7369 7377//7377 7376//7376
f 7369//7369 7370//7370 7378//7378 7377//7377
f 7370//7370 7371//7371 7379//7379 7378//7378
f 7371//7371 7364//7364 7372//7372 7379//7379
f 7372//7372 7373//7373 7381//7381 7380//7380
f 7373//7373 7374//7374 7382//7382 7381//7381
f 7374//7374 7375//7375 7383//7383 7382//7382
f 7375//7375 7376//7376 7384//7384 7383//7383
f 7376//7376 7377//7377 7385//7385 7384//7384
f 7377//7377 7378//7378 7386//7386 7385//7385
f 7378//7378 7379//7379 7387//7387 7386//7386
f 7379//7379 7372//7372 7380//7380 7387//7387
f 7380//7380 7381//7381 7389//7389 7388//7388
f 7381//7381 7382//7382 7390//7390 7389//7389
f 7382//7382 7383//7383 7391//7391 7390//7390
f 7383//7383 7384//7384 7392//7392 7391//7391
f 7384//7384 7385//7385 7393//7393 7392//7392
f 7385//7385 7386//7386 7394//7394 7393//7393
f 7386//7386 7387//7387 7395//7395 7394//7394
f 7387//7387 7380//7380 7388//7388 7395//7395
f 7388//7388 7389//7389 7397//7397 7396//7396
f 7389//7389 7390//7390 7398//7398 7397//7397
f 7390//7390 7391//7391 7399//7399 7398//7398
f 7391//7391 7392//7392 7400//7400 7399//7399
f 7392//7392 7393//7393 7401//7401 7400//7400
f 7393//7393 7394//7394 7402//7402 7401//7401
f 7394//7394 7395//7395 7403//7403 7402//7402
f 7395//7395 7388//7388 7396//7396 7403//7403
f 7405//7405 7412//7412 7404//7404
f 7406//7406 7412//7412 7405//7405
f 7407//7407 7412//7412 7406//7406
f 7408//7408 7412//7412 7407//7407
f 7409//7409 7412//7412 7408//7408
f 7410//7410 7412//7412 7409//7409
f 7411//7411 7412//7412 7410//7410
f 7404//7404 7412//7412 7411//7411
g part83
usemtl skin
v 1.52767 1.84821 0.01632
v 1.52583 1.84463 0.02500
v 1.52350 1.83600 0.02841
v 1.52206 1.82737 0.02455
v 1.52233 1.82379 0.01568
v 1.52417 1.82737 0.00700
v 1.52650 1.83600 0.00359
v 1.52794 1.84463 0.00745
v 1.56898 1.83793 0.02130
v 1.56730 1.83467 0.02922
v 1.56518 1.82680 0.03232
v 1.56386 1.81893 0.02880
v 1.56412 1.81567 0.02072
v 1.56579 1.81893 0.01280
v 1.56791 1.82680 0.00970
v 1.56923 1.83467 0.01322
v 1.61053 1.82759 0.02631
v 1.60894 1.82466 0.03345
v 1.60686 1.81759 0.03624
v 1.60550 1.81052 0.03304
v 1.60566 1.80760 0.02573
v 1.60725 1.81052 0.01859
v 1.60933 1.81759 0.01580
v 1.61068 1.82466 0.01900
v 1.64859 1.81610 0.03090
v 1.64698 1.81350 0.03733
v 1.64466 1.80724 0.03980
v 1.64299 1.80098 0.03685
v 1.64295 1.79839 0.03022
v 1.64456 1.80098 0.02379
v 1.64689 1.80724 0.02133
v 1.64855 1.81350 0.02427
v 1.68097 1.80292 0.03481
v 1.67929 1.80063 0.04065
v 1.67668 1.79510 0.04284
v 1.67466 1.78956 0.04009
v 1.67442 1.78727 0.03402
v 1.67610 1.78956 0.02817
v 1.67871 1.79510 0.02598
v 1.68073 1.80063 0.02873
v 1.70918 1.78879 0.03821
v 1.70752 1.78674 0.04356
v 1.70481 1.78180 0.04553
v 1.70266 1.77686 0.04297
v 1.70231 1.77482 0.03738
v 1.70398 1.77686 0.03203
v 1.70668 1.78180 0.03005
v 1.70884 1.78674 0.03261
v 1.73512 1.77435 0.04134
v 1.73353 1.77253 0.04620
v 1.73088 1.76813 0.04798
v 1.72872 1.76373 0.04562
v 1.72833 1.76191 0.04052
v 1.72993 1.76373 0.03565
v 1.73258 1.76813 0.03388
v 1.73473 1.77253 0.03623
v 1.75885 1.75965 0.04420
v 1.75734 1.75806 0.04855
v 1.75478 1.75422 0.05012
v 1.75266 1.75039 0.04799
v 1.75223 1.74880 0.04340
v 1.75374 1.75039 0.03905
v 1.75630 1.75422 0.03748
v 1.75842 1.75806 0.03961
v 1.78034 1.74466 0.04679
v 1.77897 1.74327 0.05064
v 1.77661 1.73994 0.05201
v 1.77465 1.73660 0.05011
v 1.77423 1.73522 0.04605
v 1.77560 1.73660 0.04221
v 1.77796 1.73994 0.04083
v 1.77992 1.74327 0.04273
v 1.80169 1.72976 0.04936
v 1.80049 1.72855 0.05271
v 1.79844 1.72565 0.05391
v 1.79673 1.72275 0.05226
v 1.79637 1.72155 0.04872
v 1.79756 1.72275 0.04538
v 1.79961 1.72565 0.04418
v 1.80132 1.72855 0.04583
v 1.52767 1.84821 0.01632
v 1.52583 1.84463 0.02500
v 1.52350 1.83600 0.02841
v 1.52206 1.82737 0.02455
v 1.52233 1.82379 0.01568
v 1.52417 1.82737 0.00700
v 1.52650 1.83600 0.00359
v 1.52794 1.84463 0.00745
v 1.52500 1.83600 0.01600
vn 0.2381 0.9708 0.0287
vn 0.0911 0.6848 0.7230
vn -0.0947 -0.0055 0.9955
vn -0.2104 -0.6959 0.6866
vn -0.1882 -0.9819 -0.0227
vn -0.0411 -0.6959 -0.7170
vn 0.1446 -0.0055 -0.9895
vn 0.2603 0.6848 -0.6806
vn 0.2381 0.9708 0.0287
vn 0.0910 0.6849 0.7230
vn -0.0947 -0.0055 0.9955
vn -0.2103 -0.6959 0.6866
vn -0.1881 -0.9819 -0.0227
vn -0.0411 -0.6959 -0.7169
vn 0.1446 -0.0055 -0.9895
vn 0.2603 0.6849 -0.6806
vn 0.2608 0.9649 0.0314
vn 0.1069 0.6805 0.7249
vn -0.0951 -0.0061 0.9955
vn -0.2268 -0.6927 0.6846
vn -0.2111 -0.9771 -0.0255
vn -0.0575 -0.6927 -0.7189
vn 0.1443 -0.0061 -0.9895
vn 0.2762 0.6805 -0.6787
vn 0.3260 0.9445 0.0393
vn 0.1527 0.6657 0.7304
vn -0.0966 -0.0075 0.9953
vn -0.2756 -0.6807 0.6788
vn -0.2796 -0.9595 -0.0337
vn -0.1063 -0.6807 -0.7248
vn 0.1428 -0.0075 -0.9897
vn 0.3219 0.6657 -0.6732
vn 0.4055 0.9128 0.0489
vn 0.2083 0.6428 0.7372
vn -0.0987 -0.0089 0.9951
vn -0.3359 -0.6605 0.6715
vn -0.3641 -0.9303 -0.0439
vn -0.1666 -0.6605 -0.7321
vn 0.1407 -0.0089 -0.9900
vn 0.3776 0.6428 -0.6665
vn 0.4606 0.8859 0.0555
vn 0.2471 0.6234 0.7418
vn -0.0993 -0.0102 0.9950
vn -0.3757 -0.6437 0.6667
vn -0.4201 -0.9061 -0.0507
vn -0.2064 -0.6437 -0.7369
vn 0.1401 -0.0102 -0.9901
vn 0.4163 0.6234 -0.6618
vn 0.4997 0.8641 0.0603
vn 0.2751 0.6075 0.7452
vn -0.0980 -0.0120 0.9951
vn -0.4009 -0.6315 0.6637
vn -0.4562 -0.8882 -0.0550
vn -0.2316 -0.6315 -0.7399
vn 0.1414 -0.0120 -0.9899
vn 0.4443 0.6075 -0.6584
vn 0.5423 0.8376 0.0654
vn 0.3056 0.5881 0.7488
vn -0.0966 -0.0143 0.9952
vn -0.4289 -0.6166 0.6602
vn -0.4964 -0.8660 -0.0599
vn -0.2596 -0.6166 -0.7433
vn 0.1427 -0.0143 -0.9897
vn 0.4748 0.5881 -0.6547
vn 0.5654 0.8220 0.0682
vn 0.3220 0.5768 0.7508
vn -0.0964 -0.0153 0.9952
vn -0.4447 -0.6074 0.6583
vn -0.5188 -0.8526 -0.0626
vn -0.2754 -0.6074 -0.7452
vn 0.1430 -0.0153 -0.9896
vn 0.4912 0.5768 -0.6527
vn 0.5655 0.8219 0.0682
vn 0.3221 0.5767 0.7508
vn -0.0964 -0.0153 0.9952
vn -0.4447 -0.6073 0.6583
vn -0.5189 -0.8526 -0.0626
vn -0.2755 -0.6073 -0.7452
vn 0.1430 -0.0153 -0.9896
vn 0.4913 0.5767 -0.6527
vn -0.9696 0.2148 -0.1169
vn -0.9696 0.2148 -0.1169
vn -0.9696 0.2148 -0.1169
vn -0.9696 0.2148 -0.1169
vn -0.9696 0.2148 -0.1169
vn -0.9696 0.2148 -0.1169
vn -0.9696 0.2148 -0.1169
vn -0.9696 0.2148 -0.1169
vn -0.9696 0.2148 -0.1169
f 7413//7413 7414//7414 7422//7422 7421//7421
f 7414//7414 7415//7415 7423//7423 7422//7422
f 7415//7415 7416//7416 7424//7424 7423//7423
f 7416//7416 7417//7417 7425//7425 7424//7424
f 7417//7417 7418//7418 7426//7426 7425//7425
f 7418//7418 7419//7419 7427//7427 7426//7426
f 7419//7419 7420//7420 7428//7428 7427//7427
f 7420//7420 7413//7413 7421//7421 7428//7428
f 7421//7421 7422//7422 7430//7430 7429//7429
f 7422//7422 7423//7423 7431//7431 7430//7430
f 7423//7423 7424//7424 7432//7432 7431//7431
f 7424//7424 7425//7425 7433//7433 7432//7432
f 7425//7425 7426//7426 7434//7434 7433//7433
f 7426//7426 7427//7427 7435//7435 7434//7434
f 7427//7427 7428//7428 7436//7436 7435//7435
f 7428//7428 7421//7421 7429//7429 7436//7436
f 7429//7429 7430//7430 7438//7438 7437//7437
f 7430//7430 7431//7431 7439//7439 7438//7438
f 7431//7431 7432//7432 7440//7440 7439//7439
f 7432//7432 7433//7433 7441//7441 7440//7440
f 7433//7433 7434//7434 7442//7442 7441//7441
f 7434//7434 7435//7435 7443//7443 7442//7442
f 7435//7435 7436//7436 7444//7444 7443//7443
f 7436//7436 7429//7429 7437//7437 7444//7444
f 7437//7437 7438//7438 7446//7446 7445//7445
f 7438//7438 7439//7439 7447//7447 7446//7446
f 7439//7439 7440//7440 7448//7448 7447//7447
f 7440//7440 7441//7441 7449//7449 7448//7448
f 7441//7441 7442//7442 7450//7450 7449//7449
f 7442//7442 7443//7443 7451//7451 7450//7450
f 7443//7443 7444//7444 7452//7452 7451//7451
f 7444//7444 7437//7437 7445//7445 7452//7452
f 7445//7445 7446//7446 7454//7454 7453//7453
f 7446//7446 7447//7447 7455//7455 7454//7454
f 7447//7447 7448//7448 7456//7456 7455//7455
f 7448//7448 7449//7449 7457//7457 7456//7456
f 7449//7449 7450//7450 7458//7458 7457//7457
f 7450//7450 7451//7451 7459//7459 7458//7458
f 7451//7451 7452//7452 7460//7460 7459//7459
f 7452//7452 7445//7445 7453//7453 7460//7460
f 7453//7453 7454//7454 7462//7462 7461//7461
f 7454//7454 7455//7455 7463//7463 7462//7462
f 7455//7455 7456//7456 7464//7464 7463//7463
f 7456//7456 7457//7457 7465//7465 7464//7464
f 7457//7457 7458//7458 7466//7466 7465//7465
f 7458//7458 7459//7459 7467//7467 7466//7466
f 7459//7459 7460//7460 7468//7468 7467//7467
f 7460//7460 7453//7453 7461//7461 7468//7468
f 7461//7461 7462//7462 7470//7470 7469//7469
f 7462//7462 7463//7463 7471//7471 7470//7470
f 7463//7463 7464//7464 7472//7472 7471//7471
f 7464//7464 7465//7465 7473//7473 7472//7472
f 7465//7465 7466//7466 7474//7474 7473//7473
f 7466//7466 7467//7467 7475//7475 7474//7474
f 7467//7467 7468//7468 7476//7476 7475//7475
f 7468//7468 7461//7461 7469//7469 7476//7476
f 7469//7469 7470//7470 7478//7478 7477//7477
f 7470//7470 7471//7471 7479//7479 7478//7478
f 7471//7471 7472//7472 7480//7480 7479//7479
f 7472//7472 7473//7473 7481//7481 7480//7480
f 7473//7473 7474//7474 7482//7482 7481//7481
f 7474//7474 7475//7475 7483//7483 7482//7482
f 7475//7475 7476//7476 7484//7484 7483//7483
f 7476//7476 7469//7469 7477//7477 7484//7484
f 7477//7477 7478//7478 7486//7486 7485//7485
f 7478//7478 7479//7479 7487//7487 7486//7486
f 7479//7479 7480//7480 7488//7488 7487//7487
f 7480//7480 7481//7481 7489//7489 7488//7488
f 7481//7481 7482//7482 7490//7490 7489//7489
f 7482//7482 7483//7483 7491//7491 7490//7490
f 7483//7483 7484//7484 7492//7492 7491//7491
f 7484//7484 7477//7477 7485//7485 7492//7492
f 7494//7494 7501//7501 7493//7493
f 7495//7495 7501//7501 7494//7494
f 7496//7496 7501//7501 7495//7495
f 7497//7497 7501//7501 7496//7496
f 7498//7498 7501//7501 7497//7497
f 7499//7499 7501//7501 7498//7498
f 7500//7500 7501//7501 7499//7499
f 7493//7493 7501//7501 7500//7500
g part84
usemtl bone
v 1.80417 1.73236 0.04997
v 1.80160 1.73039 0.05561
v 1.79753 1.72565 0.05741
v 1.79433 1.72091 0.05431
v 1.79389 1.71895 0.04812
v 1.79645 1.72091 0.04247
v 1.80053 1.72565 0.04068
v 1.80373 1.73039 0.04378
v 1.82381 1.71585 0.05349
v 1.82147 1.71406 0.05864
v 1.81776 1.70974 0.06027
v 1.81484 1.70542 0.05745
v 1.81444 1.70364 0.05181
v 1.81678 1.70542 0.04667
v 1.82049 1.70974 0.04503
v 1.82341 1.71406 0.04786
v 1.84365 1.69918 0.05706
v 1.84144 1.69765 0.06168
v 1.83793 1.69388 0.06313
v 1.83518 1.69009 0.06055
v 1.83479 1.68849 0.05546
v 1.83700 1.69003 0.05084
v 1.84051 1.69379 0.04939
v 1.84327 1.69759 0.05197
v 1.86224 1.68085 0.06094
v 1.86008 1.67967 0.06500
v 1.85665 1.67662 0.06621
v 1.85397 1.67349 0.06387
v 1.85360 1.67211 0.05934
v 1.85575 1.67329 0.05529
v 1.85918 1.67634 0.05407
v 1.86187 1.67947 0.05642
v 1.87926 1.66021 0.06537
v 1.87723 1.65935 0.06885
v 1.87402 1.65697 0.06984
v 1.87151 1.65446 0.06776
v 1.87116 1.65329 0.06382
v 1.87319 1.65415 0.06034
v 1.87640 1.65654 0.05935
v 1.87891 1.65904 0.06144
v 1.89472 1.63820 0.07005
v 1.89292 1.63759 0.07295
v 1.89006 1.63581 0.07373
v 1.88780 1.63388 0.07193
v 1.88748 1.63295 0.06861
v 1.88928 1.63355 0.06571
v 1.89214 1.63534 0.06493
v 1.89440 1.63726 0.06672
v 1.90728 1.61600 0.07437
v 1.90577 1.61566 0.07665
v 1.90333 1.61450 0.07721
v 1.90140 1.61321 0.07573
v 1.90110 1.61255 0.07308
v 1.90261 1.61289 0.07080
v 1.90504 1.61405 0.07023
v 1.90698 1.61534 0.07171
v 1.91539 1.59418 0.07798
v 1.91427 1.59405 0.07957
v 1.91244 1.59346 0.07993
v 1.91098 1.59276 0.07884
v 1.91074 1.59235 0.07694
v 1.91186 1.59248 0.07535
v 1.91369 1.59307 0.07499
v 1.91515 1.59377 0.07608
v 1.92047 1.57256 0.08116
v 1.91983 1.57252 0.08205
v 1.91879 1.57225 0.08224
v 1.91796 1.57191 0.08162
v 1.91782 1.57170 0.08056
v 1.91845 1.57174 0.07967
v 1.91950 1.57201 0.07948
v 1.92033 1.57235 0.08010
v 1.92550 1.55109 0.08432
v 1.92536 1.55108 0.08451
v 1.92514 1.55103 0.08455
v 1.92497 1.55095 0.08442
v 1.92494 1.55091 0.08419
v 1.92507 1.55092 0.08401
v 1.92529 1.55097 0.08397
v 1.92547 1.55105 0.08410
v 1.92550 1.55109 0.08432
v 1.92536 1.55108 0.08451
v 1.92514 1.55103 0.08455
v 1.92497 1.55095 0.08442
v 1.92494 1.55091 0.08419
v 1.92507 1.55092 0.08401
v 1.92529 1.55097 0.08397
v 1.92547 1.55105 0.08410
v 1.92522 1.55100 0.08426
vn 0.6273 0.7706 0.1126
vn 0.3253 0.5396 0.7765
vn -0.1540 -0.0179 0.9879
vn -0.5298 -0.5755 0.6230
vn -0.5820 -0.8065 -0.1045
vn -0.2800 -0.5755 -0.7684
vn 0.1993 -0.0179 -0.9798
vn 0.5751 0.5396 -0.6148
vn 0.6273 0.7706 0.1126
vn 0.3253 0.5397 0.7765
vn -0.1540 -0.0180 0.9879
vn -0.5296 -0.5756 0.6230
vn -0.5818 -0.8066 -0.1045
vn -0.2799 -0.5756 -0.7684
vn 0.1993 -0.0179 -0.9798
vn 0.5751 0.5397 -0.6149
vn 0.6560 0.7454 0.1185
vn 0.3399 0.5259 0.7797
vn -0.1619 -0.0132 0.9867
vn -0.5554 -0.5560 0.6184
vn -0.6105 -0.7844 -0.1097
vn -0.2949 -0.5645 -0.7710
vn 0.2068 -0.0254 -0.9781
vn 0.6008 0.5171 -0.6096
vn 0.7173 0.6838 0.1334
vn 0.3697 0.4930 0.7876
vn -0.1823 0.0007 0.9833
vn -0.6151 -0.5047 0.6058
vn -0.6753 -0.7271 -0.1237
vn -0.3275 -0.5364 -0.7778
vn 0.2244 -0.0442 -0.9735
vn 0.6572 0.4613 -0.5960
vn 0.7711 0.6190 0.1490
vn 0.3952 0.4589 0.7958
vn -0.2009 0.0160 0.9795
vn -0.6681 -0.4501 0.5926
vn -0.7325 -0.6666 -0.1383
vn -0.3565 -0.5066 -0.7850
vn 0.2396 -0.0638 -0.9688
vn 0.7067 0.4025 -0.5819
vn 0.8177 0.5517 0.1641
vn 0.4212 0.4186 0.8046
vn -0.2109 0.0240 0.9772
vn -0.7083 -0.4010 0.5809
vn -0.7797 -0.6074 -0.1522
vn -0.3833 -0.4742 -0.7926
vn 0.2487 -0.0795 -0.9653
vn 0.7463 0.3454 -0.5690
vn 0.8761 0.4449 0.1858
vn 0.4571 0.3485 0.8183
vn -0.2188 0.0270 0.9754
vn -0.7557 -0.3310 0.5651
vn -0.8391 -0.5161 -0.1721
vn -0.4200 -0.4198 -0.8045
vn 0.2559 -0.0985 -0.9617
vn 0.7928 0.2597 -0.5515
vn 0.9260 0.3139 0.2095
vn 0.4866 0.2629 0.8331
vn -0.2286 0.0320 0.9730
vn -0.8009 -0.2431 0.5473
vn -0.8947 -0.4019 -0.1946
vn -0.4551 -0.3517 -0.8180
vn 0.2603 -0.1213 -0.9579
vn 0.8323 0.1547 -0.5323
vn 0.9422 0.2533 0.2194
vn 0.4956 0.2244 0.8391
vn -0.2332 0.0360 0.9718
vn -0.8174 -0.2015 0.5397
vn -0.9146 -0.3491 -0.2039
vn -0.4680 -0.3203 -0.8236
vn 0.2608 -0.1320 -0.9563
vn 0.8450 0.1056 -0.5243
vn 0.9423 0.2530 0.2194
vn 0.4956 0.2243 0.8391
vn -0.2332 0.0360 0.9718
vn -0.8174 -0.2014 0.5397
vn -0.9147 -0.3490 -0.2040
vn -0.4680 -0.3203 -0.8236
vn 0.2608 -0.1321 -0.9563
vn 0.8450 0.1054 -0.5243
vn 0.2731 -0.9498 0.1528
vn 0.2731 -0.9498 0.1528
vn 0.2731 -0.9498 0.1528
vn 0.2731 -0.9498 0.1528
vn 0.2731 -0.9498 0.1528
vn 0.2731 -0.9498 0.1528
vn 0.2731 -0.9498 0.1528
vn 0.2731 -0.9498 0.1528
vn 0.2731 -0.9498 0.1528
f 7502//7502 7503//7503 7511//7511 7510//7510
f 7503//7503 7504//7504 7512//7512 7511//7511
f 7504//7504 7505//7505 7513//7513 7512//7512
f 7505//7505 7506//7506 7514//7514 7513//7513
f 7506//7506 7507//7507 7515//7515 7514//7514
f 7507//7507 7508//7508 7516//7516 7515//7515
f 7508//7508 7509//7509 7517//7517 7516//7516
f 7509//7509 7502//7502 7510//7510 7517//7517
f 7510//7510 7511//7511 7519//7519 7518//7518
f 7511//7511 7512//7512 7520//7520 7519//7519
f 7512//7512 7513//7513 7521//7521 7520//7520
f 7513//7513 7514//7514 7522//7522 7521//7521
f 7514//7514 7515//7515 7523//7523 7522//7522
f 7515//7515 7516//7516 7524//7524 7523//7523
f 7516//7516 7517//7517 7525//7525 7524//7524
f 7517//7517 7510//7510 7518//7518 7525//7525
f 7518//7518 7519//7519 7527//7527 7526//7526
f 7519//7519 7520//7520 7528//7528 7527//7527
f 7520//7520 7521//7521 7529//7529 7528//7528
f 7521//7521 7522//7522 7530//7530 7529//7529
f 7522//7522 7523//7523 7531//7531 7530//7530
f 7523//7523 7524//7524 7532//7532 7531//7531
f 7524//7524 7525//7525 7533//7533 7532//7532
f 7525//7525 7518//7518 7526//7526 7533//7533
f 7526//7526 7527//7527 7535//7535 7534//7534
f 7527//7527 7528//7528 7536//7536 7535//7535
f 7528//7528 7529//7529 7537//7537 7536//7536
f 7529//7529 7530//7530 7538//7538 7537//7537
f 7530//7530 7531//7531 7539//7539 7538//7538
f 7531//7531 7532//7532 7540//7540 7539//7539
f 7532//7532 7533//7533 7541//7541 7540//7540
f 7533//7533 7526//7526 7534//7534 7541//7541
f 7534//7534 7535//7535 7543//7543 7542//7542
f 7535//7535 7536//7536 7544//7544 7543//7543
f 7536//7536 7537//7537 7545//7545 7544//7544
f 7537//7537 7538//7538 7546//7546 7545//7545
f 7538//7538 7539//7539 7547//7547 7546//7546
f 7539//7539 7540//7540 7548//7548 7547//7547
f 7540//7540 7541//7541 7549//7549 7548//7548
f 7541//7541 7534//7534 7542//7542 7549//7549
f 7542//7542 7543//7543 7551//7551 7550//7550
f 7543//7543 7544//7544 7552//7552 7551//7551
f 7544//7544 7545//7545 7553//7553 7552//7552
f 7545//7545 7546//7546 7554//7554 7553//7553
f 7546//7546 7547//7547 7555//7555 7554//7554
f 7547//7547 7548//7548 7556//7556 7555//7555
f 7548//7548 7549//7549 7557//7557 7556//7556
f 7549//7549 7542//7542 7550//7550 7557//7557
f 7550//7550 7551//7551 7559//7559 7558//7558
f 7551//7551 7552//7552 7560//7560 7559//7559
f 7552//7552 7553//7553 7561//7561 7560//7560
f 7553//7553 7554//7554 7562//7562 7561//7561
f 7554//7554 7555//7555 7563//7563 7562//7562
f 7555//7555 7556//7556 7564//7564 7563//7563
f 7556//7556 7557//7557 7565//7565 7564//7564
f 7557//7557 7550//7550 7558//7558 7565//7565
f 7558//7558 7559//7559 7567//7567 7566//7566
f 7559//7559 7560//7560 7568//7568 7567//7567
f 7560//7560 7561//7561 7569//7569 7568//7568
f 7561//7561 7562//7562 7570//7570 7569//7569
f 7562//7562 7563//7563 7571//7571 7570//7570
f 7563//7563 7564//7564 7572//7572 7571//7571
f 7564//7564 7565//7565 7573//7573 7572//7572
f 7565//7565 7558//7558 7566//7566 7573//7573
f 7566//7566 7567//7567 7575//7575 7574//7574
f 7567//7567 7568//7568 7576//7576 7575//7575
f 7568//7568 7569//7569 7577//7577 7576//7576
f 7569//7569 7570//7570 7578//7578 7577//7577
f 7570//7570 7571//7571 7579//7579 7578//7578
f 7571//7571 7572//7572 7580//7580 7579//7579
f 7572//7572 7573//7573 7581//7581 7580//7580
f 7573//7573 7566//7566 7574//7574 7581//7581
f 7583//7583 7590//7590 7582//7582
f 7584//7584 7590//7590 7583//7583
f 7585//7585 7590//7590 7584//7584
f 7586//7586 7590//7590 7585//7585
f 7587//7587 7590//7590 7586//7586
f 7588//7588 7590//7590 7587//7587
f 7589//7589 7590//7590 7588//7588
f 7582//7582 7590//7590 7589//7589
g part85
usemtl skin
v 1.52766 1.84821 -0.01632
v 1.52794 1.84463 -0.00745
v 1.52650 1.83600 -0.00359
v 1.52418 1.82737 -0.00700
v 1.52234 1.82379 -0.01568
v 1.52206 1.82737 -0.02455
v 1.52350 1.83600 -0.02841
v 1.52582 1.84463 -0.02500
v 1.56556 1.83870 -0.02089
v 1.56582 1.83544 -0.01280
v 1.56450 1.82757 -0.00928
v 1.56239 1.81970 -0.01239
v 1.56071 1.81644 -0.02031
v 1.56046 1.81970 -0.02839
v 1.56177 1.82757 -0.03191
v 1.56389 1.83544 -0.02881
v 1.60371 1.82914 -0.02549
v 1.60386 1.82621 -0.01818
v 1.60250 1.81915 -0.01498
v 1.60042 1.81208 -0.01776
v 1.59884 1.80915 -0.02490
v 1.59868 1.81208 -0.03221
v 1.60004 1.81915 -0.03542
v 1.60212 1.82621 -0.03263
v 1.63894 1.81839 -0.02974
v 1.63890 1.81580 -0.02311
v 1.63722 1.80954 -0.02016
v 1.63489 1.80328 -0.02263
v 1.63328 1.80069 -0.02906
v 1.63332 1.80328 -0.03568
v 1.63500 1.80954 -0.03863
v 1.63733 1.81580 -0.03617
v 1.66941 1.80590 -0.03341
v 1.66917 1.80361 -0.02733
v 1.66715 1.79808 -0.02459
v 1.66453 1.79255 -0.02678
v 1.66286 1.79025 -0.03262
v 1.66310 1.79255 -0.03870
v 1.66511 1.79808 -0.04145
v 1.66773 1.80361 -0.03926
v 1.69628 1.79243 -0.03665
v 1.69594 1.79038 -0.03106
v 1.69379 1.78544 -0.02850
v 1.69109 1.78050 -0.03047
v 1.68943 1.77845 -0.03583
v 1.68977 1.78050 -0.04142
v 1.69192 1.78544 -0.04398
v 1.69462 1.79038 -0.04201
v 1.72093 1.77872 -0.03963
v 1.72054 1.77689 -0.03452
v 1.71839 1.77249 -0.03217
v 1.71574 1.76809 -0.03394
v 1.71415 1.76627 -0.03881
v 1.71454 1.76809 -0.04391
v 1.71669 1.77249 -0.04627
v 1.71934 1.77689 -0.04449
v 1.74324 1.76485 -0.04232
v 1.74281 1.76326 -0.03773
v 1.74069 1.75942 -0.03560
v 1.73813 1.75559 -0.03716
v 1.73662 1.75400 -0.04152
v 1.73705 1.75559 -0.04610
v 1.73917 1.75942 -0.04824
v 1.74173 1.76326 -0.04667
v 1.76334 1.75076 -0.04474
v 1.76292 1.74938 -0.04068
v 1.76096 1.74604 -0.03878
v 1.75860 1.74271 -0.04015
v 1.75723 1.74133 -0.04400
v 1.75764 1.74271 -0.04806
v 1.75961 1.74604 -0.04996
v 1.76197 1.74938 -0.04859
v 1.78329 1.73677 -0.04714
v 1.78293 1.73557 -0.04361
v 1.78122 1.73267 -0.04196
v 1.77917 1.72976 -0.04316
v 1.77798 1.72856 -0.04650
v 1.77834 1.72976 -0.05004
v 1.78005 1.73267 -0.05169
v 1.78210 1.73557 -0.05049
v 1.52766 1.84821 -0.01632
v 1.52794 1.84463 -0.00745
v 1.52650 1.83600 -0.00359
v 1.52418 1.82737 -0.00700
v 1.52234 1.82379 -0.01568
v 1.52206 1.82737 -0.02455
v 1.52350 1.83600 -0.02841
v 1.52582 1.84463 -0.02500
v 1.52500 1.83600 -0.01600
vn 0.2399 0.9704 -0.0289
vn 0.2622 0.6844 0.6803
vn 0.1469 -0.0060 0.9891
vn -0.0386 -0.6964 0.7166
vn -0.1855 -0.9824 0.0224
vn -0.2078 -0.6964 -0.6869
vn -0.0925 -0.0060 -0.9957
vn 0.0930 0.6844 -0.7232
vn 0.2398 0.9704 -0.0289
vn 0.2622 0.6844 0.6803
vn 0.1469 -0.0060 0.9891
vn -0.0385 -0.6964 0.7166
vn -0.1853 -0.9824 0.0223
vn -0.2077 -0.6964 -0.6869
vn -0.0925 -0.0060 -0.9957
vn 0.0929 0.6844 -0.7232
vn 0.2631 0.9643 -0.0317
vn 0.2784 0.6799 0.6784
vn 0.1464 -0.0066 0.9892
vn -0.0555 -0.6932 0.7186
vn -0.2091 -0.9776 0.0252
vn -0.2247 -0.6932 -0.6848
vn -0.0930 -0.0066 -0.9956
vn 0.1092 0.6799 -0.7251
vn 0.3289 0.9435 -0.0397
vn 0.3244 0.6648 0.6729
vn 0.1444 -0.0080 0.9895
vn -0.1056 -0.6809 0.7247
vn -0.2792 -0.9596 0.0337
vn -0.2748 -0.6809 -0.6788
vn -0.0949 -0.0080 -0.9955
vn 0.1552 0.6648 -0.7307
vn 0.4071 0.9121 -0.0491
vn 0.3790 0.6421 0.6663
vn 0.1418 -0.0094 0.9898
vn -0.1657 -0.6608 0.7320
vn -0.3633 -0.9306 0.0438
vn -0.3350 -0.6608 -0.6716
vn -0.0975 -0.0094 -0.9952
vn 0.2098 0.6421 -0.7373
vn 0.4607 0.8858 -0.0556
vn 0.4167 0.6232 0.6618
vn 0.1411 -0.0107 0.9899
vn -0.2047 -0.6445 0.7367
vn -0.4181 -0.9070 0.0504
vn -0.3739 -0.6445 -0.6669
vn -0.0982 -0.0107 -0.9951
vn 0.2475 0.6232 -0.7419
vn 0.5002 0.8638 -0.0603
vn 0.4450 0.6071 0.6583
vn 0.1427 -0.0127 0.9897
vn -0.2298 -0.6325 0.7397
vn -0.4541 -0.8893 0.0548
vn -0.3990 -0.6325 -0.6639
vn -0.0967 -0.0127 -0.9952
vn 0.2758 0.6071 -0.7452
vn 0.5437 0.8367 -0.0656
vn 0.4762 0.5872 0.6545
vn 0.1442 -0.0152 0.9894
vn -0.2580 -0.6175 0.7430
vn -0.4948 -0.8670 0.0597
vn -0.4273 -0.6175 -0.6604
vn -0.0951 -0.0152 -0.9954
vn 0.3070 0.5872 -0.7490
vn 0.5671 0.8208 -0.0684
vn 0.4929 0.5756 0.6525
vn 0.1446 -0.0164 0.9894
vn -0.2739 -0.6083 0.7449
vn -0.5174 -0.8535 0.0624
vn -0.4432 -0.6083 -0.6585
vn -0.0948 -0.0164 -0.9954
vn 0.3237 0.5756 -0.7509
vn 0.5672 0.8207 -0.0684
vn 0.4930 0.5755 0.6525
vn 0.1446 -0.0164 0.9894
vn -0.2740 -0.6083 0.7449
vn -0.5174 -0.8534 0.0624
vn -0.4432 -0.6083 -0.6585
vn -0.0948 -0.0164 -0.9954
vn 0.3238 0.5755 -0.7509
vn -0.9697 0.2143 0.1169
vn -0.9697 0.2143 0.1169
vn -0.9697 0.2143 0.1169
vn -0.9697 0.2143 0.1169
vn -0.9697 0.2143 0.1169
vn -0.9697 0.2143 0.1169
vn -0.9697 0.2143 0.1169
vn -0.9697 0.2143 0.1169
vn -0.9697 0.2143 0.1169
f 7591//7591 7592//7592 7600//7600 7599//7599
f 7592//7592 7593//7593 7601//7601 7600//7600
f 7593//7593 7594//7594 7602//7602 7601//7601
f 7594//7594 7595//7595 7603//7603 7602//7602
f 7595//7595 7596//7596 7604//7604 7603//7603
f 7596//7596 7597//7597 7605//7605 7604//7604
f 7597//7597 7598//7598 7606//7606 7605//7605
f 7598//7598 7591//7591 7599//7599 7606//7606
f 7599//7599 7600//7600 7608//7608 7607//7607
f 7600//7600 7601//7601 7609//7609 7608//7608
f 7601//7601 7602//7602 7610//7610 7609//7609
f 7602//7602 7603//7603 7611//7611 7610//7610
f 7603//7603 7604//7604 7612//7612 7611//7611
f 7604//7604 7605//7605 7613//7613 7612//7612
f 7605//7605 7606//7606 7614//7614 7613//7613
f 7606//7606 7599//7599 7607//7607 7614//7614
f 7607//7607 7608//7608 7616//7616 7615//7615
f 7608//7608 7609//7609 7617//7617 7616//7616
f 7609//7609 7610//7610 7618//7618 7617//7617
f 7610//7610 7611//7611 7619//7619 7618//7618
f 7611//7611 7612//7612 7620//7620 7619//7619
f 7612//7612 7613//7613 7621//7621 7620//7620
f 7613//7613 7614//7614 7622//7622 7621//7621
f 7614//7614 7607//7607 7615//7615 7622//7622
f 7615//7615 7616//7616 7624//7624 7623//7623
f 7616//7616 7617//7617 7625//7625 7624//7624
f 7617//7617 7618//7618 7626//7626 7625//7625
f 7618//7618 7619//7619 7627//7627 7626//7626
f 7619//7619 7620//7620 7628//7628 7627//7627
f 7620//7620 7621//7621 7629//7629 7628//7628
f 7621//7621 7622//7622 7630//7630 7629//7629
f 7622//7622 7615//7615 7623//7623 7630//7630
f 7623//7623 7624//7624 7632//7632 7631//7631
f 7624//7624 7625//7625 7633//7633 7632//7632
f 7625//7625 7626//7626 7634//7634 7633//7633
f 7626//7626 7627//7627 7635//7635 7634//7634
f 7627//7627 7628//7628 7636//7636 7635//7635
f 7628//7628 7629//7629 7637//7637 7636//7636
f 7629//7629 7630//7630 7638//7638 7637//7637
f 7630//7630 7623//7623 7631//7631 7638//7638
f 7631//7631 7632//7632 7640//7640 7639//7639
f 7632//7632 7633//7633 7641//7641 7640//7640
f 7633//7633 7634//7634 7642//7642 7641//7641
f 7634//7634 7635//7635 7643//7643 7642//7642
f 7635//7635 7636//7636 7644//7644 7643//7643
f 7636//7636 7637//7637 7645//7645 7644//7644
f 7637//7637 7638//7638 7646//7646 7645//7645
f 7638//7638 7631//7631 7639//7639 7646//7646
f 7639//7639 7640//7640 7648//7648 7647//7647
f 7640//7640 7641//7641 7649//7649 7648//7648
f 7641//7641 7642//7642 7650//7650 7649//7649
f 7642//7642 7643//7643 7651//7651 7650//7650
f 7643//7643 7644//7644 7652//7652 7651//7651
f 7644//7644 7645//7645 7653//7653 7652//7652
f 7645//7645 7646//7646 7654//7654 7653//7653
f 7646//7646 7639//7639 7647//7647 7654//7654
f 7647//7647 7648//7648 7656//7656 7655//7655
f 7648//7648 7649//7649 7657//7657 7656//7656
f 7649//7649 7650//7650 7658//7658 7657//7657
f 7650//7650 7651//7651 7659//7659 7658//7658
f 7651//7651 7652//7652 7660//7660 7659//7659
f 7652//7652 7653//7653 7661//7661 7660//7660
f 7653//7653 7654//7654 7662//7662 7661//7661
f 7654//7654 7647//7647 7655//7655 7662//7662
f 7655//7655 7656//7656 7664//7664 7663//7663
f 7656//7656 7657//7657 7665//7665 7664//7664
f 7657//7657 7658//7658 7666//7666 7665//7665
f 7658//7658 7659//7659 7667//7667 7666//7666
f 7659//7659 7660//7660 7668//7668 7667//7667
f 7660//7660 7661//7661 7669//7669 7668//7668
f 7661//7661 7662//7662 7670//7670 7669//7669
f 7662//7662 7655//7655 7663//7663 7670//7670
f 7672//7672 7679//7679 7671//7671
f 7673//7673 7679//7679 7672//7672
f 7674//7674 7679//7679 7673//7673
f 7675//7675 7679//7679 7674//7674
f 7676//7676 7679//7679 7675//7675
f 7677//7677 7679//7679 7676//7676
f 7678//7678 7679//7679 7677//7677
f 7671//7671 7679//7679 7678//7678
g part86
usemtl bone
v 1.78590 1.73934 -0.04715
v 1.78472 1.73738 -0.04105
v 1.78116 1.73267 -0.03834
v 1.77729 1.72795 -0.04060
v 1.77538 1.72600 -0.04650
v 1.77655 1.72795 -0.05259
v 1.78011 1.73267 -0.05531
v 1.78399 1.73738 -0.05305
v 1.80552 1.72284 -0.04836
v 1.80446 1.72106 -0.04281
v 1.80121 1.71676 -0.04033
v 1.79768 1.71246 -0.04239
v 1.79594 1.71068 -0.04777
v 1.79701 1.71246 -0.05332
v 1.80026 1.71676 -0.05579
v 1.80378 1.72106 -0.05374
v 1.82537 1.70616 -0.04958
v 1.82430 1.70464 -0.04456
v 1.82120 1.70090 -0.04232
v 1.81788 1.69713 -0.04417
v 1.81629 1.69554 -0.04902
v 1.81736 1.69707 -0.05404
v 1.82046 1.70081 -0.05628
v 1.82377 1.70457 -0.05443
v 1.84397 1.68781 -0.05018
v 1.84281 1.68665 -0.04572
v 1.83973 1.68364 -0.04373
v 1.83653 1.68055 -0.04537
v 1.83508 1.67918 -0.04967
v 1.83623 1.68034 -0.05413
v 1.83932 1.68335 -0.05612
v 1.84252 1.68644 -0.05448
v 1.86100 1.66715 -0.04985
v 1.85983 1.66632 -0.04599
v 1.85690 1.66399 -0.04426
v 1.85392 1.66153 -0.04569
v 1.85264 1.66038 -0.04943
v 1.85380 1.66121 -0.05329
v 1.85673 1.66354 -0.05502
v 1.85971 1.66600 -0.05359
v 1.87645 1.64513 -0.04890
v 1.87537 1.64456 -0.04566
v 1.87273 1.64283 -0.04422
v 1.87008 1.64096 -0.04543
v 1.86897 1.64004 -0.04858
v 1.87004 1.64061 -0.05183
v 1.87268 1.64234 -0.05326
v 1.87534 1.64421 -0.05205
v 1.88899 1.62294 -0.04761
v 1.88805 1.62263 -0.04504
v 1.88579 1.62153 -0.04391
v 1.88353 1.62029 -0.04489
v 1.88260 1.61964 -0.04740
v 1.88354 1.61995 -0.04997
v 1.88580 1.62105 -0.05110
v 1.88806 1.62229 -0.05012
v 1.89708 1.60113 -0.04595
v 1.89636 1.60102 -0.04414
v 1.89465 1.60048 -0.04336
v 1.89296 1.59982 -0.04408
v 1.89227 1.59943 -0.04586
v 1.89299 1.59953 -0.04768
v 1.89470 1.60007 -0.04845
v 1.89639 1.60073 -0.04774
v 1.90212 1.57954 -0.04399
v 1.90171 1.57951 -0.04298
v 1.90073 1.57927 -0.04255
v 1.89977 1.57896 -0.04296
v 1.89938 1.57875 -0.04396
v 1.89979 1.57878 -0.04497
v 1.90077 1.57902 -0.04539
v 1.90173 1.57933 -0.04499
v 1.90711 1.55810 -0.04204
v 1.90703 1.55809 -0.04183
v 1.90682 1.55804 -0.04174
v 1.90662 1.55797 -0.04183
v 1.90654 1.55793 -0.04204
v 1.90663 1.55794 -0.04225
v 1.90683 1.55799 -0.04234
v 1.90703 1.55805 -0.04225
v 1.90711 1.55810 -0.04204
v 1.90703 1.55809 -0.04183
v 1.90682 1.55804 -0.04174
v 1.90662 1.55797 -0.04183
v 1.90654 1.55793 -0.04204
v 1.90663 1.55794 -0.04225
v 1.90683 1.55799 -0.04234
v 1.90703 1.55805 -0.04225
v 1.90683 1.55801 -0.04204
vn 0.6415 0.7661 -0.0395
vn 0.5038 0.5364 0.6771
vn 0.0845 -0.0182 0.9963
vn -0.3708 -0.5728 0.7310
vn -0.5954 -0.8026 0.0367
vn -0.4577 -0.5728 -0.6799
vn -0.0384 -0.0182 -0.9991
vn 0.4169 0.5364 -0.7338
vn 0.6415 0.7661 -0.0395
vn 0.5038 0.5364 0.6771
vn 0.0846 -0.0183 0.9963
vn -0.3706 -0.5730 0.7310
vn -0.5952 -0.8027 0.0367
vn -0.4576 -0.5729 -0.6799
vn -0.0384 -0.0182 -0.9991
vn 0.4169 0.5364 -0.7338
vn 0.6719 0.7396 -0.0407
vn 0.5195 0.5218 0.6767
vn 0.0764 -0.0134 0.9970
vn -0.3976 -0.5524 0.7326
vn -0.6254 -0.7794 0.0384
vn -0.4735 -0.5612 -0.6789
vn -0.0306 -0.0259 -0.9992
vn 0.4440 0.5127 -0.7348
vn 0.7376 0.6740 -0.0406
vn 0.5518 0.4864 0.6774
vn 0.0553 0.0010 0.9985
vn -0.4610 -0.4980 0.7345
vn -0.6945 -0.7184 0.0401
vn -0.5085 -0.5310 -0.6778
vn -0.0120 -0.0456 -0.9989
vn 0.5041 0.4536 -0.7349
vn 0.7957 0.6045 -0.0378
vn 0.5798 0.4496 0.6795
vn 0.0358 0.0170 0.9992
vn -0.5175 -0.4398 0.7340
vn -0.7560 -0.6534 0.0392
vn -0.5399 -0.4987 -0.6781
vn 0.0041 -0.0662 -0.9978
vn 0.5573 0.3909 -0.7326
vn 0.8451 0.5335 -0.0337
vn 0.6074 0.4071 0.6822
vn 0.0252 0.0254 0.9994
vn -0.5602 -0.3879 0.7319
vn -0.8060 -0.5908 0.0366
vn -0.5683 -0.4643 -0.6793
vn 0.0137 -0.0825 -0.9965
vn 0.5992 0.3307 -0.7291
vn 0.9058 0.4229 -0.0258
vn 0.6446 0.3346 0.6874
vn 0.0169 0.0289 0.9994
vn -0.6096 -0.3151 0.7274
vn -0.8678 -0.4959 0.0307
vn -0.6065 -0.4078 -0.6825
vn 0.0212 -0.1022 -0.9945
vn 0.6476 0.2419 -0.7226
vn 0.9574 0.2885 -0.0139
vn 0.6750 0.2469 0.6953
vn 0.0065 0.0344 0.9994
vn -0.6565 -0.2242 0.7202
vn -0.9255 -0.3781 0.0214
vn -0.6428 -0.3374 -0.6877
vn 0.0258 -0.1254 -0.9918
vn 0.6885 0.1341 -0.7127
vn 0.9740 0.2264 -0.0078
vn 0.6841 0.2076 0.6992
vn 0.0017 0.0387 0.9992
vn -0.6735 -0.1814 0.7166
vn -0.9460 -0.3238 0.0168
vn -0.6561 -0.3051 -0.6903
vn 0.0263 -0.1363 -0.9903
vn 0.7015 0.0840 -0.7077
vn 0.9741 0.2261 -0.0078
vn 0.6842 0.2075 0.6992
vn 0.0017 0.0387 0.9992
vn -0.6735 -0.1813 0.7166
vn -0.9460 -0.3237 0.0167
vn -0.6561 -0.3050 -0.6903
vn 0.0264 -0.1363 -0.9903
vn 0.7016 0.0837 -0.7076
vn 0.2753 -0.9574 0.0876
vn 0.2753 -0.9574 0.0876
vn 0.2753 -0.9574 0.0876
vn 0.2753 -0.9574 0.0876
vn 0.2753 -0.9574 0.0876
vn 0.2753 -0.9574 0.0876
vn 0.2753 -0.9574 0.0876
vn 0.2753 -0.9574 0.0876
vn 0.2753 -0.9574 0.0876
f 7680//7680 7681//7681 7689//7689 7688//7688
f 7681//7681 7682//7682 7690//7690 7689//7689
f 7682//7682 7683//7683 7691//7691 7690//7690
f 7683//7683 7684//7684 7692//7692 7691//7691
f 7684//7684 7685//7685 7693//7693 7692//7692
f 7685//7685 7686//7686 7694//7694 7693//7693
f 7686//7686 7687//7687 7695//7695 7694//7694
f 7687//7687 7680//7680 7688//7688 7695//7695
f 7688//7688 7689//7689 7697//7697 7696//7696
f 7689//7689 7690//7690 7698//7698 7697//7697
f 7690//7690 7691//7691 7699//7699 7698//7698
f 7691//7691 7692//7692 7700//7700 7699//7699
f 7692//7692 7693//7693 7701//7701 7700//7700
f 7693//7693 7694//7694 7702//7702 7701//7701
f 7694//7694 7695//7695 7703//7703 7702//7702
f 7695//7695 7688//7688 7696//7696 7703//7703
f 7696//7696 7697//7697 7705//7705 7704//7704
f 7697//7697 7698//7698 7706//7706 7705//7705
f 7698//7698 7699//7699 7707//7707 7706//7706
f 7699//7699 7700//7700 7708//7708 7707//7707
f 7700//7700 7701//7701 7709//7709 7708//7708
f 7701//7701 7702//7702 7710//7710 7709//7709
f 7702//7702 7703//7703 7711//7711 7710//7710
f 7703//7703 7696//7696 7704//7704 7711//7711
f 7704//7704 7705//7705 7713//7713 7712//7712
f 7705//7705 7706//7706 7714//7714 7713//7713
f 7706//7706 7707//7707 7715//7715 7714//7714
f 7707//7707 7708//7708 7716//7716 7715//7715
f 7708//7708 7709//7709 7717//7717 7716//7716
f 7709//7709 7710//7710 7718//7718 7717//7717
f 7710//7710 7711//7711 7719//7719 7718//7718
f 7711//7711 7704//7704 7712//7712 7719//7719
f 7712//7712 7713//7713 7721//7721 7720//7720
f 7713//7713 7714//7714 7722//7722 7721//7721
f 7714//7714 7715//7715 7723//7723 7722//7722
f 7715//7715 7716//7716 7724//7724 7723//7723
f 7716//7716 7717//7717 7725//7725 7724//7724
f 7717//7717 7718//7718 7726//7726 7725//7725
f 7718//7718 7719//7719 7727//7727 7726//7726
f 7719//7719 7712//7712 7720//7720 7727//7727
f 7720//7720 7721//7721 7729//7729 7728//7728
f 7721//7721 7722//7722 7730//7730 7729//7729
f 7722//7722 7723//7723 7731//7731 7730//7730
f 7723//7723 7724//7724 7732//7732 7731//7731
f 7724//7724 7725//7725 7733//7733 7732//7732
f 7725//7725 7726//7726 7734//7734 7733//7733
f 7726//7726 7727//7727 7735//7735 7734//7734
f 7727//7727 7720//7720 7728//7728 7735//7735
f 7728//7728 7729//7729 7737//7737 7736//7736
f 7729//7729 7730//7730 7738//7738 7737//7737
f 7730//7730 7731//7731 7739//7739 7738//7738
f 7731//7731 7732//7732 7740//7740 7739//7739
f 7732//7732 7733//7733 7741//7741 7740//7740
f 7733//7733 7734//7734 7742//7742 7741//7741
f 7734//7734 7735//7735 7743//7743 7742//7742
f 7735//7735 7728//7728 7736//7736 7743//7743
f 7736//7736 7737//7737 7745//7745 7744//7744
f 7737//7737 7738//7738 7746//7746 7745//7745
f 7738//7738 7739//7739 7747//7747 7746//7746
f 7739//7739 7740//7740 7748//7748 7747//7747
f 7740//7740 7741//7741 7749//7749 7748//7748
f 7741//7741 7742//7742 7750//7750 7749//7749
f 7742//7742 7743//7743 7751//7751 7750//7750
f 7743//7743 7736//7736 7744//7744 7751//7751
f 7744//7744 7745//7745 7753//7753 7752//7752
f 7745//7745 7746//7746 7754//7754 7753//7753
f 7746//7746 7747//7747 7755//7755 7754//7754
f 7747//7747 7748//7748 7756//7756 7755//7755
f 7748//7748 7749//7749 7757//7757 7756//7756
f 7749//7749 7750//7750 7758//7758 7757//7757
f 7750//7750 7751//7751 7759//7759 7758//7758
f 7751//7751 7744//7744 7752//7752 7759//7759
f 7761//7761 7768//7768 7760//7760
f 7762//7762 7768//7768 7761//7761
f 7763//7763 7768//7768 7762//7762
f 7764//7764 7768//7768 7763//7763
f 7765//7765 7768//7768 7764//7764
f 7766//7766 7768//7768 7765//7765
f 7767//7767 7768//7768 7766//7766
f 7760//7760 7768//7768 7767//7767
g part87
usemtl skin
v 1.52752 1.84821 -0.04689
v 1.52973 1.84463 -0.03830
v 1.52917 1.83600 -0.03422
v 1.52616 1.82737 -0.03704
v 1.52248 1.82379 -0.04511
v 1.52027 1.82737 -0.05370
v 1.52083 1.83600 -0.05778
v 1.52384 1.84463 -0.05496
v 1.55720 1.84018 -0.05739
v 1.55921 1.83692 -0.04955
v 1.55870 1.82905 -0.04583
v 1.55596 1.82118 -0.04840
v 1.55259 1.81792 -0.05576
v 1.55058 1.82118 -0.06360
v 1.55109 1.82905 -0.06732
v 1.55383 1.83692 -0.06475
v 1.58710 1.83209 -0.06797
v 1.58885 1.82916 -0.06087
v 1.58822 1.82210 -0.05745
v 1.58558 1.81503 -0.05971
v 1.58248 1.81210 -0.06633
v 1.58073 1.81503 -0.07343
v 1.58136 1.82210 -0.07685
v 1.58400 1.82916 -0.07459
v 1.61485 1.82299 -0.07778
v 1.61626 1.82040 -0.07131
v 1.61526 1.81414 -0.06806
v 1.61245 1.80789 -0.06996
v 1.60946 1.80529 -0.07588
v 1.60806 1.80789 -0.08236
v 1.60906 1.81414 -0.08560
v 1.61187 1.82040 -0.08371
v 1.63899 1.81242 -0.08632
v 1.64008 1.81013 -0.08034
v 1.63871 1.80460 -0.07721
v 1.63568 1.79906 -0.07878
v 1.63276 1.79677 -0.08412
v 1.63167 1.79906 -0.09010
v 1.63304 1.80460 -0.09323
v 1.63607 1.81013 -0.09166
v 1.66032 1.80104 -0.09387
v 1.66120 1.79899 -0.08833
v 1.65966 1.79405 -0.08537
v 1.65660 1.78910 -0.08670
v 1.65381 1.78705 -0.09156
v 1.65292 1.78910 -0.09710
v 1.65446 1.79405 -0.10007
v 1.65753 1.79899 -0.09873
v 1.67981 1.78949 -0.10076
v 1.68055 1.78767 -0.09570
v 1.67896 1.78327 -0.09293
v 1.67600 1.77887 -0.09409
v 1.67338 1.77704 -0.09849
v 1.67265 1.77887 -0.10355
v 1.67423 1.78327 -0.10632
v 1.67720 1.78767 -0.10516
v 1.69735 1.77787 -0.10697
v 1.69793 1.77628 -0.10240
v 1.69633 1.77245 -0.09985
v 1.69349 1.76861 -0.10083
v 1.69107 1.76702 -0.10474
v 1.69049 1.76861 -0.10931
v 1.69209 1.77245 -0.11186
v 1.69493 1.77628 -0.11089
v 1.71307 1.76611 -0.11253
v 1.71355 1.76473 -0.10847
v 1.71205 1.76140 -0.10619
v 1.70944 1.75806 -0.10702
v 1.70726 1.75668 -0.11047
v 1.70679 1.75806 -0.11453
v 1.70829 1.76140 -0.11681
v 1.71089 1.76473 -0.11598
v 1.72865 1.75445 -0.11804
v 1.72907 1.75325 -0.11451
v 1.72776 1.75035 -0.11253
v 1.72550 1.74744 -0.11325
v 1.72360 1.74624 -0.11625
v 1.72318 1.74744 -0.11978
v 1.72449 1.75035 -0.12177
v 1.72676 1.75325 -0.12104
v 1.52752 1.84821 -0.04689
v 1.52973 1.84463 -0.03830
v 1.52917 1.83600 -0.03422
v 1.52616 1.82737 -0.03704
v 1.52248 1.82379 -0.04511
v 1.52027 1.82737 -0.05370
v 1.52083 1.83600 -0.05778
v 1.52384 1.84463 -0.05496
v 1.52500 1.83600 -0.04600
vn 0.2331 0.9690 -0.0824
vn 0.4096 0.6830 0.6047
vn 0.3646 -0.0073 0.9311
vn 0.1243 -0.6976 0.7056
vn -0.1705 -0.9835 0.0603
vn -0.3471 -0.6976 -0.6268
vn -0.3020 -0.0073 -0.9533
vn -0.0617 0.6830 -0.7278
vn 0.2330 0.9690 -0.0824
vn 0.4096 0.6830 0.6047
vn 0.3646 -0.0073 0.9311
vn 0.1244 -0.6976 0.7056
vn -0.1703 -0.9835 0.0602
vn -0.3469 -0.6976 -0.6269
vn -0.3020 -0.0073 -0.9533
vn -0.0618 0.6830 -0.7278
vn 0.2551 0.9627 -0.0902
vn 0.4250 0.6784 0.5993
vn 0.3640 -0.0080 0.9314
vn 0.1081 -0.6944 0.7114
vn -0.1931 -0.9788 0.0683
vn -0.3633 -0.6944 -0.6211
vn -0.3026 -0.0080 -0.9531
vn -0.0464 0.6784 -0.7332
vn 0.3173 0.9416 -0.1123
vn 0.4684 0.6630 0.5840
vn 0.3617 -0.0097 0.9323
vn 0.0598 -0.6824 0.7285
vn -0.2604 -0.9611 0.0921
vn -0.4116 -0.6824 -0.6041
vn -0.3050 -0.0097 -0.9523
vn -0.0030 0.6630 -0.7486
vn 0.3907 0.9101 -0.1382
vn 0.5194 0.6402 0.5660
vn 0.3586 -0.0113 0.9334
vn 0.0022 -0.6626 0.7489
vn -0.3408 -0.9324 0.1206
vn -0.4692 -0.6626 -0.5837
vn -0.3081 -0.0113 -0.9513
vn 0.0480 0.6402 -0.7667
vn 0.4411 0.8838 -0.1560
vn 0.5548 0.6212 0.5535
vn 0.3578 -0.0128 0.9337
vn -0.0346 -0.6467 0.7620
vn -0.3925 -0.9092 0.1388
vn -0.5061 -0.6467 -0.5707
vn -0.3089 -0.0128 -0.9510
vn 0.0834 0.6212 -0.7792
vn 0.4789 0.8614 -0.1694
vn 0.5820 0.6046 0.5438
vn 0.3596 -0.0153 0.9330
vn -0.0580 -0.6352 0.7702
vn -0.4263 -0.8919 0.1508
vn -0.5294 -0.6352 -0.5624
vn -0.3070 -0.0153 -0.9516
vn 0.1106 0.6046 -0.7888
vn 0.5208 0.8335 -0.1842
vn 0.6122 0.5840 0.5330
vn 0.3615 -0.0184 0.9322
vn -0.0847 -0.6206 0.7795
vn -0.4647 -0.8701 0.1644
vn -0.5560 -0.6206 -0.5529
vn -0.3051 -0.0184 -0.9521
vn 0.1409 0.5840 -0.7994
vn 0.5435 0.8171 -0.1922
vn 0.6283 0.5720 0.5273
vn 0.3619 -0.0198 0.9320
vn -0.0998 -0.6116 0.7849
vn -0.4863 -0.8567 0.1720
vn -0.5711 -0.6116 -0.5475
vn -0.3046 -0.0198 -0.9523
vn 0.1570 0.5720 -0.8051
vn 0.5436 0.8170 -0.1923
vn 0.6284 0.5719 0.5272
vn 0.3619 -0.0198 0.9320
vn -0.0999 -0.6115 0.7849
vn -0.4864 -0.8566 0.1721
vn -0.5712 -0.6115 -0.5475
vn -0.3046 -0.0198 -0.9523
vn 0.1571 0.5719 -0.8051
vn -0.9209 0.2141 0.3258
vn -0.9209 0.2141 0.3258
vn -0.9209 0.2141 0.3258
vn -0.9209 0.2141 0.3258
vn -0.9209 0.2141 0.3258
vn -0.9209 0.2141 0.3258
vn -0.9209 0.2141 0.3258
vn -0.9209 0.2141 0.3258
vn -0.9209 0.2141 0.3258
f 7769//7769 7770//7770 7778//7778 7777//7777
f 7770//7770 7771//7771 7779//7779 7778//7778
f 7771//7771 7772//7772 7780//7780 7779//7779
f 7772//7772 7773//7773 7781//7781 7780//7780
f 7773//7773 7774//7774 7782//7782 7781//7781
f 7774//7774 7775//7775 7783//7783 7782//7782
f 7775//7775 7776//7776 7784//7784 7783//7783
f 7776//7776 7769//7769 7777//7777 7784//7784
f 7777//7777 7778//7778 7786//7786 7785//7785
f 7778//7778 7779//7779 7787//7787 7786//7786
f 7779//7779 7780//7780 7788//7788 7787//7787
f 7780//7780 7781//7781 7789//7789 7788//7788
f 7781//7781 7782//7782 7790//7790 7789//7789
f 7782//7782 7783//7783 7791//7791 7790//7790
f 7783//7783 7784//7784 7792//7792 7791//7791
f 7784//7784 7777//7777 7785//7785 7792//7792
f 7785//7785 7786//7786 7794//7794 7793//7793
f 7786//7786 7787//7787 7795//7795 7794//7794
f 7787//7787 7788//7788 7796//7796 7795//7795
f 7788//7788 7789//7789 7797//7797 7796//7796
f 7789//7789 7790//7790 7798//7798 7797//7797
f 7790//7790 7791//7791 7799//7799 7798//7798
f 7791//7791 7792//7792 7800//7800 7799//7799
f 7792//7792 7785//7785 7793//7793 7800//7800
f 7793//7793 7794//7794 7802//7802 7801//7801
f 7794//7794 7795//7795 7803//7803 7802//7802
f 7795//7795 7796//7796 7804//7804 7803//7803
f 7796//7796 7797//7797 7805//7805 7804//7804
f 7797//7797 7798//7798 7806//7806 7805//7805
f 7798//7798 7799//7799 7807//7807 7806//7806
f 7799//7799 7800//7800 7808//7808 7807//7807
f 7800//7800 7793//7793 7801//7801 7808//7808
f 7801//7801 7802//7802 7810//7810 7809//7809
f 7802//7802 7803//7803 7811//7811 7810//7810
f 7803//7803 7804//7804 7812//7812 7811//7811
f 7804//7804 7805//7805 7813//7813 7812//7812
f 7805//7805 7806//7806 7814//7814 7813//7813
f 7806//7806 7807//7807 7815//7815 7814//7814
f 7807//7807 7808//7808 7816//7816 7815//7815
f 7808//7808 7801//7801 7809//7809 7816//7816
f 7809//7809 7810//7810 7818//7818 7817//7817
f 7810//7810 7811//7811 7819//7819 7818//7818
f 7811//7811 7812//7812 7820//7820 7819//7819
f 7812//7812 7813//7813 7821//7821 7820//7820
f 7813//7813 7814//7814 7822//7822 7821//7821
f 7814//7814 7815//7815 7823//7823 7822//7822
f 7815//7815 7816//7816 7824//7824 7823//7823
f 7816//7816 7809//7809 7817//7817 7824//7824
f 7817//7817 7818//7818 7826//7826 7825//7825
f 7818//7818 7819//7819 7827//7827 7826//7826
f 7819//7819 7820//7820 7828//7828 7827//7827
f 7820//7820 7821//7821 7829//7829 7828//7828
f 7821//7821 7822//7822 7830//7830 7829//7829
f 7822//7822 7823//7823 7831//7831 7830//7830
f 7823//7823 7824//7824 7832//7832 7831//7831
f 7824//7824 7817//7817 7825//7825 7832//7832
f 7825//7825 7826//7826 7834//7834 7833//7833
f 7826//7826 7827//7827 7835//7835 7834//7834
f 7827//7827 7828//7828 7836//7836 7835//7835
f 7828//7828 7829//7829 7837//7837 7836//7836
f 7829//7829 7830//7830 7838//7838 7837//7837
f 7830//7830 7831//7831 7839//7839 7838//7838
f 7831//7831 7832//7832 7840//7840 7839//7839
f 7832//7832 7825//7825 7833//7833 7840//7840
f 7833//7833 7834//7834 7842//7842 7841//7841
f 7834//7834 7835//7835 7843//7843 7842//7842
f 7835//7835 7836//7836 7844//7844 7843//7843
f 7836//7836 7837//7837 7845//7845 7844//7844
f 7837//7837 7838//7838 7846//7846 7845//7845
f 7838//7838 7839//7839 7847//7847 7846//7846
f 7839//7839 7840//7840 7848//7848 7847//7847
f 7840//7840 7833//7833 7841//7841 7848//7848
f 7850//7850 7857//7857 7849//7849
f 7851//7851 7857//7857 7850//7850
f 7852//7852 7857//7857 7851//7851
f 7853//7853 7857//7857 7852//7852
f 7854//7854 7857//7857 7853//7853
f 7855//7855 7857//7857 7854//7854
f 7856//7856 7857//7857 7855//7855
f 7849//7849 7857//7857 7856//7856
g part88
usemtl bone
v 1.73122 1.75698 -0.11863
v 1.73141 1.75504 -0.11243
v 1.72851 1.75035 -0.10899
v 1.72420 1.74565 -0.11032
v 1.72103 1.74371 -0.11566
v 1.72084 1.74565 -0.12186
v 1.72375 1.75035 -0.12531
v 1.72805 1.75504 -0.12397
v 1.74985 1.74048 -0.12407
v 1.75003 1.73871 -0.11841
v 1.74738 1.73444 -0.11528
v 1.74346 1.73016 -0.11650
v 1.74056 1.72839 -0.12136
v 1.74039 1.73016 -0.12701
v 1.74304 1.73444 -0.13015
v 1.74696 1.73871 -0.12893
v 1.76870 1.72380 -0.12956
v 1.76875 1.72229 -0.12443
v 1.76620 1.71857 -0.12155
v 1.76252 1.71483 -0.12262
v 1.75989 1.71326 -0.12699
v 1.75983 1.71477 -0.13212
v 1.76239 1.71849 -0.13500
v 1.76606 1.72223 -0.13394
v 1.78638 1.70544 -0.13416
v 1.78622 1.70429 -0.12956
v 1.78362 1.70132 -0.12693
v 1.78010 1.69826 -0.12781
v 1.77772 1.69691 -0.13169
v 1.77787 1.69806 -0.13629
v 1.78047 1.70103 -0.13892
v 1.78400 1.70409 -0.13804
v 1.80255 1.68476 -0.13750
v 1.80226 1.68394 -0.13348
v 1.79974 1.68167 -0.13114
v 1.79648 1.67926 -0.13187
v 1.79438 1.67813 -0.13523
v 1.79468 1.67895 -0.13925
v 1.79719 1.68122 -0.14159
v 1.80045 1.68363 -0.14086
v 1.81722 1.66274 -0.13988
v 1.81688 1.66218 -0.13648
v 1.81459 1.66051 -0.13448
v 1.81169 1.65869 -0.13507
v 1.80989 1.65780 -0.13789
v 1.81024 1.65835 -0.14130
v 1.81253 1.66002 -0.14329
v 1.81542 1.66184 -0.14270
v 1.82911 1.64055 -0.14128
v 1.82876 1.64025 -0.13857
v 1.82678 1.63920 -0.13696
v 1.82433 1.63802 -0.13742
v 1.82285 1.63739 -0.13966
v 1.82321 1.63769 -0.14237
v 1.82519 1.63874 -0.14397
v 1.82764 1.63992 -0.14352
v 1.83677 1.61875 -0.14136
v 1.83647 1.61866 -0.13944
v 1.83496 1.61816 -0.13830
v 1.83313 1.61754 -0.13862
v 1.83206 1.61717 -0.14021
v 1.83236 1.61726 -0.14213
v 1.83387 1.61776 -0.14327
v 1.83570 1.61837 -0.14295
v 1.84153 1.59718 -0.14048
v 1.84135 1.59716 -0.13941
v 1.84049 1.59695 -0.13877
v 1.83945 1.59666 -0.13895
v 1.83884 1.59647 -0.13984
v 1.83902 1.59649 -0.14091
v 1.83988 1.59670 -0.14155
v 1.84092 1.59699 -0.14137
v 1.84624 1.57577 -0.13960
v 1.84620 1.57577 -0.13937
v 1.84602 1.57572 -0.13924
v 1.84580 1.57566 -0.13928
v 1.84567 1.57562 -0.13947
v 1.84571 1.57562 -0.13969
v 1.84589 1.57567 -0.13983
v 1.84611 1.57573 -0.13979
v 1.84624 1.57577 -0.13960
v 1.84620 1.57577 -0.13937
v 1.84602 1.57572 -0.13924
v 1.84580 1.57566 -0.13928
v 1.84567 1.57562 -0.13947
v 1.84571 1.57562 -0.13969
v 1.84589 1.57567 -0.13983
v 1.84611 1.57573 -0.13979
v 1.84595 1.57569 -0.13953
vn 0.6218 0.7619 -0.1813
vn 0.6441 0.5333 0.5484
vn 0.3021 -0.0185 0.9531
vn -0.2038 -0.5704 0.7957
vn -0.5773 -0.7990 0.1684
vn -0.5996 -0.5704 -0.5614
vn -0.2576 -0.0185 -0.9661
vn 0.2483 0.5333 -0.8087
vn 0.6217 0.7619 -0.1813
vn 0.6440 0.5334 0.5484
vn 0.3021 -0.0186 0.9531
vn -0.2037 -0.5705 0.7956
vn -0.5771 -0.7991 0.1683
vn -0.5995 -0.5705 -0.5614
vn -0.2576 -0.0185 -0.9661
vn 0.2483 0.5334 -0.8086
vn 0.6521 0.7341 -0.1894
vn 0.6601 0.5177 0.5443
vn 0.2946 -0.0139 0.9555
vn -0.2301 -0.5493 0.8033
vn -0.6071 -0.7746 0.1770
vn -0.6156 -0.5578 -0.5566
vn -0.2503 -0.0262 -0.9678
vn 0.2750 0.5088 -0.8158
vn 0.7186 0.6647 -0.2044
vn 0.6938 0.4794 0.5374
vn 0.2749 0.0000 0.9615
vn -0.2929 -0.4926 0.8195
vn -0.6767 -0.7101 0.1945
vn -0.6518 -0.5250 -0.5473
vn -0.2328 -0.0457 -0.9715
vn 0.3348 0.4472 -0.8294
vn 0.7778 0.5906 -0.2150
vn 0.7233 0.4391 0.5329
vn 0.2564 0.0157 0.9664
vn -0.3493 -0.4315 0.8317
vn -0.7391 -0.6409 0.2076
vn -0.6844 -0.4896 -0.5402
vn -0.2175 -0.0663 -0.9738
vn 0.3881 0.3813 -0.8391
vn 0.8273 0.5160 -0.2219
vn 0.7514 0.3940 0.5293
vn 0.2464 0.0240 0.9689
vn -0.3916 -0.3774 0.8392
vn -0.7891 -0.5749 0.2162
vn -0.7132 -0.4528 -0.5350
vn -0.2084 -0.0827 -0.9745
vn 0.4297 0.3186 -0.8449
vn 0.8870 0.4019 -0.2274
vn 0.7882 0.3189 0.5264
vn 0.2384 0.0272 0.9708
vn -0.4402 -0.3022 0.8455
vn -0.8501 -0.4766 0.2240
vn -0.7512 -0.3938 -0.5297
vn -0.2014 -0.1022 -0.9742
vn 0.4771 0.2274 -0.8489
vn 0.9375 0.2642 -0.2266
vn 0.8180 0.2287 0.5277
vn 0.2285 0.0325 0.9730
vn -0.4860 -0.2091 0.8486
vn -0.9067 -0.3553 0.2272
vn -0.7870 -0.3207 -0.5270
vn -0.1973 -0.1251 -0.9723
vn 0.5169 0.1175 -0.8479
vn 0.9537 0.2008 -0.2241
vn 0.8270 0.1884 0.5296
vn 0.2238 0.0367 0.9739
vn -0.5026 -0.1654 0.8486
vn -0.9267 -0.2996 0.2270
vn -0.8000 -0.2873 -0.5267
vn -0.1968 -0.1357 -0.9710
vn 0.5296 0.0666 -0.8457
vn 0.9537 0.2005 -0.2241
vn 0.8271 0.1883 0.5296
vn 0.2238 0.0367 0.9739
vn -0.5026 -0.1653 0.8486
vn -0.9267 -0.2995 0.2270
vn -0.8000 -0.2872 -0.5267
vn -0.1968 -0.1357 -0.9710
vn 0.5296 0.0663 -0.8456
vn 0.2633 -0.9643 0.0286
vn 0.2633 -0.9643 0.0286
vn 0.2633 -0.9643 0.0286
vn 0.2633 -0.9643 0.0286
vn 0.2633 -0.9643 0.0286
vn 0.2633 -0.9643 0.0286
vn 0.2633 -0.9643 0.0286
vn 0.2633 -0.9643 0.0286
vn 0.2633 -0.9643 0.0286
f 7858//7858 7859//7859 7867//7867 7866//7866
f 7859//7859 7860//7860 7868//7868 7867//7867
f 7860//7860 7861//7861 7869//7869 7868//7868
f 7861//7861 7862//7862 7870//7870 7869//7869
f 7862//7862 7863//7863 7871//7871 7870//7870
f 7863//7863 7864//7864 7872//7872 7871//7871
f 7864//7864 7865//7865 7873//7873 7872//7872
f 7865//7865 7858//7858 7866//7866 7873//7873
f 7866//7866 7867//7867 7875//7875 7874//7874
f 7867//7867 7868//7868 7876//7876 7875//7875
f 7868//7868 7869//7869 7877//7877 7876//7876
f 7869//7869 7870//7870 7878//7878 7877//7877
f 7870//7870 7871//7871 7879//7879 7878//7878
f 7871//7871 7872//7872 7880//7880 7879//7879
f 7872//7872 7873//7873 7881//7881 7880//7880
f 7873//7873 7866//7866 7874//7874 7881//7881
f 7874//7874 7875//7875 7883//7883 7882//7882
f 7875//7875 7876//7876 7884//7884 7883//7883
f 7876//7876 7877//7877 7885//7885 7884//7884
f 7877//7877 7878//7878 7886//7886 7885//7885
f 7878//7878 7879//7879 7887//7887 7886//7886
f 7879//7879 7880//7880 7888//7888 7887//7887
f 7880//7880 7881//7881 7889//7889 7888//7888
f 7881//7881 7874//7874 7882//7882 7889//7889
f 7882//7882 7883//7883 7891//7891 7890//7890
f 7883//7883 7884//7884 7892//7892 7891//7891
f 7884//7884 7885//7885 7893//7893 7892//7892
f 7885//7885 7886//7886 7894//7894 7893//7893
f 7886//7886 7887//7887 7895//7895 7894//7894
f 7887//7887 7888//7888 7896//7896 7895//7895
f 7888//7888 7889//7889 7897//7897 7896//7896
f 7889//7889 7882//7882 7890//7890 7897//7897
f 7890//7890 7891//7891 7899//7899 7898//7898
f 7891//7891 7892//7892 7900//7900 7899//7899
f 7892//7892 7893//7893 7901//7901 7900//7900
f 7893//7893 7894//7894 7902//7902 7901//7901
f 7894//7894 7895//7895 7903//7903 7902//7902
f 7895//7895 7896//7896 7904//7904 7903//7903
f 7896//7896 7897//7897 7905//7905 7904//7904
f 7897//7897 7890//7890 7898//7898 7905//7905
f 7898//7898 7899//7899 7907//7907 7906//7906
f 7899//7899 7900//7900 7908//7908 7907//7907
f 7900//7900 7901//7901 7909//7909 7908//7908
f 7901//7901 7902//7902 7910//7910 7909//7909
f 7902//7902 7903//7903 7911//7911 7910//7910
f 7903//7903 7904//7904 7912//7912 7911//7911
f 7904//7904 7905//7905 7913//7913 7912//7912
f 7905//7905 7898//7898 7906//7906 7913//7913
f 7906//7906 7907//7907 7915//7915 7914//7914
f 7907//7907 7908//7908 7916//7916 7915//7915
f 7908//7908 7909//7909 7917//7917 7916//7916
f 7909//7909 7910//7910 7918//7918 7917//7917
f 7910//7910 7911//7911 7919//7919 7918//7918
f 7911//7911 7912//7912 7920//7920 7919//7919
f 7912//7912 7913//7913 7921//7921 7920//7920
f 7913//7913 7906//7906 7914//7914 7921//7921
f 7914//7914 7915//7915 7923//7923 7922//7922
f 7915//7915 7916//7916 7924//7924 7923//7923
f 7916//7916 7917//7917 7925//7925 7924//7924
f 7917//7917 7918//7918 7926//7926 7925//7925
f 7918//7918 7919//7919 7927//7927 7926//7926
f 7919//7919 7920//7920 7928//7928 7927//7927
f 7920//7920 7921//7921 7929//7929 7928//7928
f 7921//7921 7914//7914 7922//7922 7929//7929
f 7922//7922 7923//7923 7931//7931 7930//7930
f 7923//7923 7924//7924 7932//7932 7931//7931
f 7924//7924 7925//7925 7933//7933 7932//7932
f 7925//7925 7926//7926 7934//7934 7933//7933
f 7926//7926 7927//7927 7935//7935 7934//7934
f 7927//7927 7928//7928 7936//7936 7935//7935
f 7928//7928 7929//7929 7937//7937 7936//7936
f 7929//7929 7922//7922 7930//7930 7937//7937
f 7939//7939 7946//7946 7938//7938
f 7940//7940 7946//7946 7939//7939
f 7941//7941 7946//7946 7940//7940
f 7942//7942 7946//7946 7941//7941
f 7943//7943 7946//7946 7942//7942
f 7944//7944 7946//7946 7943//7943
f 7945//7945 7946//7946 7944//7944
f 7938//7938 7946//7946 7945//7945
g part89
usemtl skin
v 1.46042 1.84944 0.04620
v 1.45129 1.84550 0.04900
v 1.44726 1.83600 0.04946
v 1.45069 1.82650 0.04731
v 1.45958 1.82256 0.04380
v 1.46871 1.82650 0.04100
v 1.47274 1.83600 0.04054
v 1.46931 1.84550 0.04269
v 1.46704 1.84689 0.06511
v 1.45835 1.84315 0.06777
v 1.45452 1.83410 0.06821
v 1.45778 1.82506 0.06616
v 1.46624 1.82132 0.06283
v 1.47493 1.82506 0.06016
v 1.47876 1.83410 0.05972
v 1.47549 1.84315 0.06177
v 1.47366 1.84434 0.08402
v 1.46541 1.84079 0.08655
v 1.46177 1.83221 0.08696
v 1.46487 1.82363 0.08502
v 1.47290 1.82007 0.08185
v 1.48114 1.82363 0.07932
v 1.48478 1.83221 0.07891
v 1.48168 1.84079 0.08085
v 1.48002 1.84183 0.10219
v 1.47226 1.83847 0.10464
v 1.46888 1.83036 0.10518
v 1.47186 1.82225 0.10349
v 1.47945 1.81889 0.10057
v 1.48721 1.82225 0.09812
v 1.49059 1.83036 0.09758
v 1.48761 1.83847 0.09927
v 1.48620 1.84003 0.11986
v 1.47898 1.83689 0.12220
v 1.47588 1.82931 0.12285
v 1.47871 1.82173 0.12142
v 1.48581 1.81859 0.11875
v 1.49303 1.82173 0.11641
v 1.49614 1.82931 0.11576
v 1.49331 1.83689 0.11719
v 1.49247 1.83818 0.13778
v 1.48573 1.83529 0.13978
v 1.48272 1.82831 0.13999
v 1.48520 1.82133 0.13827
v 1.49172 1.81844 0.13563
v 1.49846 1.82133 0.13363
v 1.50147 1.82831 0.13342
v 1.49899 1.83529 0.13514
v 1.49869 1.83401 0.15553
v 1.49229 1.83143 0.15696
v 1.48914 1.82519 0.15610
v 1.49107 1.81896 0.15347
v 1.49696 1.81637 0.15060
v 1.50335 1.81896 0.14917
v 1.50651 1.82519 0.15002
v 1.50457 1.83143 0.15266
v 1.50429 1.82618 0.17154
v 1.49818 1.82394 0.17247
v 1.49489 1.81853 0.17069
v 1.49635 1.81312 0.16725
v 1.50171 1.81088 0.16417
v 1.50782 1.81312 0.16324
v 1.51111 1.81853 0.16502
v 1.50964 1.82394 0.16846
v 1.50918 1.81664 0.18552
v 1.50341 1.81462 0.18625
v 1.50022 1.80975 0.18426
v 1.50147 1.80488 0.18071
v 1.50644 1.80286 0.17768
v 1.51221 1.80488 0.17695
v 1.51540 1.80975 0.17894
v 1.51415 1.81462 0.18250
v 1.51390 1.80739 0.19900
v 1.50852 1.80551 0.19969
v 1.50554 1.80097 0.19783
v 1.50671 1.79642 0.19452
v 1.51134 1.79454 0.19169
v 1.51672 1.79642 0.19101
v 1.51970 1.80097 0.19287
v 1.51853 1.80551 0.19618
v 1.46042 1.84944 0.04620
v 1.45129 1.84550 0.04900
v 1.44726 1.83600 0.04946
v 1.45069 1.82650 0.04731
v 1.45958 1.82256 0.04380
v 1.46871 1.82650 0.04100
v 1.47274 1.83600 0.04054
v 1.46931 1.84550 0.04269
v 1.46000 1.83600 0.04500
vn 0.0417 0.9920 0.1191
vn -0.6344 0.7006 0.3267
vn -0.9327 -0.0031 0.3607
vn -0.6783 -0.7067 0.2013
vn -0.0204 -0.9981 -0.0581
vn 0.6558 -0.7067 -0.2657
vn 0.9540 -0.0031 -0.2997
vn 0.6997 0.7006 -0.1403
vn 0.0417 0.9920 0.1191
vn -0.6344 0.7006 0.3267
vn -0.9327 -0.0031 0.3607
vn -0.6783 -0.7067 0.2013
vn -0.0204 -0.9981 -0.0581
vn 0.6558 -0.7067 -0.2657
vn 0.9540 -0.0031 -0.2997
vn 0.6997 0.7006 -0.1403
vn 0.0422 0.9918 0.1206
vn -0.6339 0.7004 0.3280
vn -0.9322 -0.0032 0.3619
vn -0.6779 -0.7067 0.2024
vn -0.0200 -0.9982 -0.0571
vn 0.6562 -0.7067 -0.2645
vn 0.9544 -0.0032 -0.2984
vn 0.7001 0.7004 -0.1389
vn 0.0373 0.9936 0.1065
vn -0.6369 0.7018 0.3191
vn -0.9308 -0.0028 0.3655
vn -0.6721 -0.7074 0.2186
vn -0.0125 -0.9993 -0.0357
vn 0.6617 -0.7074 -0.2483
vn 0.9556 -0.0028 -0.2947
vn 0.6969 0.7018 -0.1477
vn 0.0318 0.9953 0.0910
vn -0.6403 0.7032 0.3092
vn -0.9293 -0.0023 0.3694
vn -0.6656 -0.7077 0.2367
vn -0.0040 -0.9999 -0.0115
vn 0.6680 -0.7077 -0.2301
vn 0.9568 -0.0023 -0.2907
vn 0.6933 0.7032 -0.1576
vn 0.0519 0.9876 0.1483
vn -0.6262 0.6970 0.3493
vn -0.9290 -0.0049 0.3699
vn -0.6782 -0.7070 0.2005
vn -0.0217 -0.9978 -0.0620
vn 0.6552 -0.7070 -0.2662
vn 0.9570 -0.0049 -0.2902
vn 0.7074 0.6970 -0.1174
vn 0.1051 0.9481 0.3002
vn -0.5891 0.6671 0.4560
vn -0.9308 -0.0111 0.3654
vn -0.7199 -0.6892 0.0817
vn -0.0802 -0.9701 -0.2290
vn 0.6137 -0.6892 -0.3851
vn 0.9555 -0.0111 -0.2948
vn 0.7449 0.6671 -0.0109
vn 0.1585 0.8774 0.4529
vn -0.5519 0.6155 0.5627
vn -0.9333 -0.0155 0.3587
vn -0.7634 -0.6446 -0.0418
vn -0.1408 -0.9047 -0.4021
vn 0.5707 -0.6446 -0.5087
vn 0.9533 -0.0155 -0.3016
vn 0.7823 0.6155 0.0957
vn 0.1792 0.8400 0.5121
vn -0.5377 0.5891 0.6032
vn -0.9343 -0.0165 0.3560
vn -0.7785 -0.6218 -0.0850
vn -0.1615 -0.8724 -0.4613
vn 0.5556 -0.6218 -0.5520
vn 0.9524 -0.0165 -0.3043
vn 0.7965 0.5891 0.1363
vn 0.1795 0.8394 0.5130
vn -0.5375 0.5887 0.6038
vn -0.9343 -0.0165 0.3560
vn -0.7786 -0.6218 -0.0851
vn -0.1614 -0.8725 -0.4613
vn 0.5556 -0.6218 -0.5521
vn 0.9524 -0.0165 -0.3043
vn 0.7967 0.5887 0.1368
vn -0.3289 0.0940 -0.9397
vn -0.3289 0.0940 -0.9397
vn -0.3289 0.0940 -0.9397
vn -0.3289 0.0940 -0.9397
vn -0.3289 0.0940 -0.9397
vn -0.3289 0.0940 -0.9397
vn -0.3289 0.0940 -0.9397
vn -0.3289 0.0940 -0.9397
vn -0.3289 0.0940 -0.9397
f 7947//7947 7948//7948 7956//7956 7955//7955
f 7948//7948 7949//7949 7957//7957 7956//7956
f 7949//7949 7950//7950 7958//7958 7957//7957
f 7950//7950 7951//7951 7959//7959 7958//7958
f 7951//7951 7952//7952 7960//7960 7959//7959
f 7952//7952 7953//7953 7961//7961 7960//7960
f 7953//7953 7954//7954 7962//7962 7961//7961
f 7954//7954 7947//7947 7955//7955 7962//7962
f 7955//7955 7956//7956 7964//7964 7963//7963
f 7956//7956 7957//7957 7965//7965 7964//7964
f 7957//7957 7958//7958 7966//7966 7965//7965
f 7958//7958 7959//7959 7967//7967 7966//7966
f 7959//7959 7960//7960 7968//7968 7967//7967
f 7960//7960 7961//7961 7969//7969 7968//7968
f 7961//7961 7962//7962 7970//7970 7969//7969
f 7962//7962 7955//7955 7963//7963 7970//7970
f 7963//7963 7964//7964 7972//7972 7971//7971
f 7964//7964 7965//7965 7973//7973 7972//7972
f 7965//7965 7966//7966 7974//7974 7973//7973
f 7966//7966 7967//7967 7975//7975 7974//7974
f 7967//7967 7968//7968 7976//7976 7975//7975
f 7968//7968 7969//7969 7977//7977 7976//7976
f 7969//7969 7970//7970 7978//7978 7977//7977
f 7970//7970 7963//7963 7971//7971 7978//7978
f 7971//7971 7972//7972 7980//7980 7979//7979
f 7972//7972 7973//7973 7981//7981 7980//7980
f 7973//7973 7974//7974 7982//7982 7981//7981
f 7974//7974 7975//7975 7983//7983 7982//7982
f 7975//7975 7976//7976 7984//7984 7983//7983
f 7976//7976 7977//7977 7985//7985 7984//7984
f 7977//7977 7978//7978 7986//7986 7985//7985
f 7978//7978 7971//7971 7979//7979 7986//7986
f 7979//7979 7980//7980 7988//7988 7987//7987
f 7980//7980 7981//7981 7989//7989 7988//7988
f 7981//7981 7982//7982 7990//7990 7989//7989
f 7982//7982 7983//7983 7991//7991 7990//7990
f 7983//7983 7984//7984 7992//7992 7991//7991
f 7984//7984 7985//7985 7993//7993 7992//7992
f 7985//7985 7986//7986 7994//7994 7993//7993
f 7986//7986 7979//7979 7987//7987 7994//7994
f 7987//7987 7988//7988 7996//7996 7995//7995
f 7988//7988 7989//7989 7997//7997 7996//7996
f 7989//7989 7990//7990 7998//7998 7997//7997
f 7990//7990 7991//7991 7999//7999 7998//7998
f 7991//7991 7992//7992 8000//8000 7999//7999
f 7992//7992 7993//7993 8001//8001 8000//8000
f 7993//7993 7994//7994 8002//8002 8001//8001
f 7994//7994 7987//7987 7995//7995 8002//8002
f 7995//7995 7996//7996 8004//8004 8003//8003
f 7996//7996 7997//7997 8005//8005 8004//8004
f 7997//7997 7998//7998 8006//8006 8005//8005
f 7998//7998 7999//7999 8007//8007 8006//8006
f 7999//7999 8000//8000 8008//8008 8007//8007
f 8000//8000 8001//8001 8009//8009 8008//8008
f 8001//8001 8002//8002 8010//8010 8009//8009
f 8002//8002 7995//7995 8003//8003 8010//8010
f 8003//8003 8004//8004 8012//8012 8011//8011
f 8004//8004 8005//8005 8013//8013 8012//8012
f 8005//8005 8006//8006 8014//8014 8013//8013
f 8006//8006 8007//8007 8015//8015 8014//8014
f 8007//8007 8008//8008 8016//8016 8015//8015
f 8008//8008 8009//8009 8017//8017 8016//8016
f 8009//8009 8010//8010 8018//8018 8017//8017
f 8010//8010 8003//8003 8011//8011 8018//8018
f 8011//8011 8012//8012 8020//8020 8019//8019
f 8012//8012 8013//8013 8021//8021 8020//8020
f 8013//8013 8014//8014 8022//8022 8021//8021
f 8014//8014 8015//8015 8023//8023 8022//8022
f 8015//8015 8016//8016 8024//8024 8023//8023
f 8016//8016 8017//8017 8025//8025 8024//8024
f 8017//8017 8018//8018 8026//8026 8025//8025
f 8018//8018 8011//8011 8019//8019 8026//8026
f 8028//8028 8035//8035 8027//8027
f 8029//8029 8035//8035 8028//8028
f 8030//8030 8035//8035 8029//8029
f 8031//8031 8035//8035 8030//8030
f 8032//8032 8035//8035 8031//8031
f 8033//8033 8035//8035 8032//8032
f 8034//8034 8035//8035 8033//8033
f 8027//8027 8035//8035 8034//8034
g part90
usemtl bone
v 1.51413 1.80701 0.19953
v 1.50869 1.80524 0.20010
v 1.50556 1.80097 0.19789
v 1.50657 1.79669 0.19419
v 1.51112 1.79492 0.19117
v 1.51655 1.79669 0.19060
v 1.51968 1.80097 0.19281
v 1.51868 1.80524 0.19651
v 1.51884 1.79596 0.21263
v 1.51388 1.79434 0.21315
v 1.51102 1.79044 0.21113
v 1.51194 1.78654 0.20776
v 1.51609 1.78493 0.20500
v 1.52105 1.78654 0.20448
v 1.52391 1.79044 0.20650
v 1.52299 1.79434 0.20988
v 1.52360 1.78479 0.22588
v 1.51909 1.78339 0.22627
v 1.51647 1.77996 0.22433
v 1.51727 1.77651 0.22119
v 1.52102 1.77505 0.21869
v 1.52553 1.77645 0.21829
v 1.52815 1.77989 0.22024
v 1.52735 1.78334 0.22338
v 1.52836 1.77133 0.24026
v 1.52431 1.77020 0.24048
v 1.52193 1.76729 0.23859
v 1.52260 1.76432 0.23568
v 1.52594 1.76303 0.23347
v 1.52999 1.76417 0.23324
v 1.53237 1.76707 0.23513
v 1.53170 1.77004 0.23804
v 1.53340 1.75425 0.25747
v 1.52987 1.75333 0.25759
v 1.52776 1.75091 0.25584
v 1.52833 1.74839 0.25324
v 1.53123 1.74727 0.25132
v 1.53477 1.74819 0.25120
v 1.53687 1.75061 0.25296
v 1.53630 1.75313 0.25555
v 1.53845 1.73487 0.27581
v 1.53545 1.73416 0.27585
v 1.53365 1.73225 0.27425
v 1.53409 1.73026 0.27194
v 1.53652 1.72936 0.27028
v 1.53951 1.73007 0.27024
v 1.54132 1.73198 0.27184
v 1.54088 1.73397 0.27415
v 1.54253 1.71522 0.29086
v 1.54012 1.71475 0.29082
v 1.53863 1.71349 0.28934
v 1.53893 1.71217 0.28730
v 1.54083 1.71157 0.28588
v 1.54324 1.71204 0.28593
v 1.54473 1.71330 0.28740
v 1.54443 1.71462 0.28944
v 1.54492 1.69620 0.29976
v 1.54320 1.69596 0.29968
v 1.54210 1.69533 0.29849
v 1.54226 1.69466 0.29689
v 1.54360 1.69436 0.29581
v 1.54533 1.69459 0.29590
v 1.54643 1.69523 0.29709
v 1.54626 1.69589 0.29869
v 1.54626 1.67750 0.30504
v 1.54528 1.67740 0.30498
v 1.54465 1.67710 0.30428
v 1.54474 1.67680 0.30335
v 1.54549 1.67666 0.30273
v 1.54647 1.67676 0.30278
v 1.54710 1.67705 0.30348
v 1.54702 1.67736 0.30442
v 1.54758 1.65898 0.31025
v 1.54735 1.65895 0.31023
v 1.54721 1.65889 0.31007
v 1.54723 1.65882 0.30985
v 1.54740 1.65878 0.30971
v 1.54763 1.65881 0.30972
v 1.54778 1.65888 0.30988
v 1.54776 1.65895 0.31010
v 1.54758 1.65898 0.31025
v 1.54735 1.65895 0.31023
v 1.54721 1.65889 0.31007
v 1.54723 1.65882 0.30985
v 1.54740 1.65878 0.30971
v 1.54763 1.65881 0.30972
v 1.54778 1.65888 0.30988
v 1.54776 1.65895 0.31010
v 1.54749 1.65888 0.30998
vn 0.2104 0.7833 0.5850
vn -0.5132 0.5475 0.6609
vn -0.9303 -0.0218 0.3661
vn -0.7965 -0.5912 -0.1268
vn -0.1903 -0.8270 -0.5290
vn 0.5334 -0.5912 -0.6050
vn 0.9504 -0.0218 -0.3102
vn 0.8166 0.5475 0.1827
vn 0.2103 0.7834 0.5849
vn -0.5133 0.5475 0.6609
vn -0.9303 -0.0219 0.3662
vn -0.7964 -0.5913 -0.1266
vn -0.1902 -0.8272 -0.5288
vn 0.5334 -0.5912 -0.6049
vn 0.9504 -0.0218 -0.3103
vn 0.8166 0.5476 0.1826
vn 0.2175 0.7647 0.6066
vn -0.5104 0.5384 0.6705
vn -0.9339 -0.0162 0.3573
vn -0.8049 -0.5742 -0.1497
vn -0.1991 -0.8087 -0.5535
vn 0.5287 -0.5824 -0.6175
vn 0.9522 -0.0278 -0.3042
vn 0.8233 0.5301 0.2029
vn 0.2269 0.7345 0.6396
vn -0.5083 0.5272 0.6809
vn -0.9416 -0.0010 0.3367
vn -0.8192 -0.5407 -0.1914
vn -0.2127 -0.7759 -0.5940
vn 0.5226 -0.5687 -0.6352
vn 0.9559 -0.0405 -0.2910
vn 0.8334 0.4993 0.2370
vn 0.2331 0.7112 0.6632
vn -0.5070 0.5189 0.6883
vn -0.9467 0.0111 0.3220
vn -0.8284 -0.5147 -0.2210
vn -0.2215 -0.7505 -0.6226
vn 0.5186 -0.5581 -0.6477
vn 0.9582 -0.0503 -0.2816
vn 0.8400 0.4755 0.2614
vn 0.2452 0.6626 0.7076
vn -0.4989 0.4855 0.7179
vn -0.9475 0.0109 0.3195
vn -0.8377 -0.4836 -0.2538
vn -0.2338 -0.7080 -0.6664
vn 0.5102 -0.5306 -0.6768
vn 0.9587 -0.0555 -0.2789
vn 0.8490 0.4386 0.2947
vn 0.2704 0.5392 0.7976
vn -0.4800 0.3922 0.7847
vn -0.9458 -0.0033 0.3247
vn -0.8541 -0.4154 -0.3130
vn -0.2586 -0.6029 -0.7548
vn 0.4917 -0.4558 -0.7419
vn 0.9575 -0.0605 -0.2819
vn 0.8659 0.3517 0.3558
vn 0.2948 0.3617 0.8845
vn -0.4618 0.2580 0.8486
vn -0.9449 -0.0223 0.3266
vn -0.8717 -0.3140 -0.3763
vn -0.2849 -0.4471 -0.8479
vn 0.4718 -0.3446 -0.8116
vn 0.9551 -0.0657 -0.2890
vn 0.8818 0.2272 0.4134
vn 0.3021 0.2783 0.9117
vn -0.4565 0.1961 0.8678
vn -0.9452 -0.0293 0.3250
vn -0.8777 -0.2657 -0.3987
vn -0.2936 -0.3748 -0.8794
vn 0.4651 -0.2928 -0.8354
vn 0.9538 -0.0676 -0.2926
vn 0.8863 0.1690 0.4311
vn 0.3022 0.2779 0.9119
vn -0.4565 0.1959 0.8679
vn -0.9452 -0.0293 0.3250
vn -0.8778 -0.2656 -0.3987
vn -0.2936 -0.3748 -0.8794
vn 0.4651 -0.2928 -0.8354
vn 0.9538 -0.0676 -0.2926
vn 0.8864 0.1687 0.4312
vn 0.0838 -0.9449 0.3164
vn 0.0838 -0.9449 0.3164
vn 0.0838 -0.9449 0.3164
vn 0.0838 -0.9449 0.3164
vn 0.0838 -0.9449 0.3164
vn 0.0838 -0.9449 0.3164
vn 0.0838 -0.9449 0.3164
vn 0.0838 -0.9449 0.3164
vn 0.0838 -0.9449 0.3164
f 8036//8036 8037//8037 8045//8045 8044//8044
f 8037//8037 8038//8038 8046//8046 8045//8045
f 8038//8038 8039//8039 8047//8047 8046//8046
f 8039//8039 8040//8040 8048//8048 8047//8047
f 8040//8040 8041//8041 8049//8049 8048//8048
f 8041//8041 8042//8042 8050//8050 8049//8049
f 8042//8042 8043//8043 8051//8051 8050//8050
f 8043//8043 8036//8036 8044//8044 8051//8051
f 8044//8044 8045//8045 8053//8053 8052//8052
f 8045//8045 8046//8046 8054//8054 8053//8053
f 8046//8046 8047//8047 8055//8055 8054//8054
f 8047//8047 8048//8048 8056//8056 8055//8055
f 8048//8048 8049//8049 8057//8057 8056//8056
f 8049//8049 8050//8050 8058//8058 8057//8057
f 8050//8050 8051//8051 8059//8059 8058//8058
f 8051//8051 8044//8044 8052//8052 8059//8059
f 8052//8052 8053//8053 8061//8061 8060//8060
f 8053//8053 8054//8054 8062//8062 8061//8061
f 8054//8054 8055//8055 8063//8063 8062//8062
f 8055//8055 8056//8056 8064//8064 8063//8063
f 8056//8056 8057//8057 8065//8065 8064//8064
f 8057//8057 8058//8058 8066//8066 8065//8065
f 8058//8058 8059//8059 8067//8067 8066//8066
f 8059//8059 8052//8052 8060//8060 8067//8067
f 8060//8060 8061//8061 8069//8069 8068//8068
f 8061//8061 8062//8062 8070//8070 8069//8069
f 8062//8062 8063//8063 8071//8071 8070//8070
f 8063//8063 8064//8064 8072//8072 8071//8071
f 8064//8064 8065//8065 8073//8073 8072//8072
f 8065//8065 8066//8066 8074//8074 8073//8073
f 8066//8066 8067//8067 8075//8075 8074//8074
f 8067//8067 8060//8060 8068//8068 8075//8075
f 8068//8068 8069//8069 8077//8077 8076//8076
f 8069//8069 8070//8070 8078//8078 8077//8077
f 8070//8070 8071//8071 8079//8079 8078//8078
f 8071//8071 8072//8072 8080//8080 8079//8079
f 8072//8072 8073//8073 8081//8081 8080//8080
f 8073//8073 8074//8074 8082//8082 8081//8081
f 8074//8074 8075//8075 8083//8083 8082//8082
f 8075//8075 8068//8068 8076//8076 8083//8083
f 8076//8076 8077//8077 8085//8085 8084//8084
f 8077//8077 8078//8078 8086//8086 8085//8085
f 8078//8078 8079//8079 8087//8087 8086//8086
f 8079//8079 8080//8080 8088//8088 8087//8087
f 8080//8080 8081//8081 8089//8089 8088//8088
f 8081//8081 8082//8082 8090//8090 8089//8089
f 8082//8082 8083//8083 8091//8091 8090//8090
f 8083//8083 8076//8076 8084//8084 8091//8091
f 8084//8084 8085//8085 8093//8093 8092//8092
f 8085//8085 8086//8086 8094//8094 8093//8093
f 8086//8086 8087//8087 8095//8095 8094//8094
f 8087//8087 8088//8088 8096//8096 8095//8095
f 8088//8088 8089//8089 8097//8097 8096//8096
f 8089//8089 8090//8090 8098//8098 8097//8097
f 8090//8090 8091//8091 8099//8099 8098//8098
f 8091//8091 8084//8084 8092//8092 8099//8099
f 8092//8092 8093//8093 8101//8101 8100//8100
f 8093//8093 8094//8094 8102//8102 8101//8101
f 8094//8094 8095//8095 8103//8103 8102//8102
f 8095//8095 8096//8096 8104//8104 8103//8103
f 8096//8096 8097//8097 8105//8105 8104//8104
f 8097//8097 8098//8098 8106//8106 8105//8105
f 8098//8098 8099//8099 8107//8107 8106//8106
f 8099//8099 8092//8092 8100//8100 8107//8107
f 8100//8100 8101//8101 8109//8109 8108//8108
f 8101//8101 8102//8102 8110//8110 8109//8109
f 8102//8102 8103//8103 8111//8111 8110//8110
f 8103//8103 8104//8104 8112//8112 8111//8111
f 8104//8104 8105//8105 8113//8113 8112//8112
f 8105//8105 8106//8106 8114//8114 8113//8113
f 8106//8106 8107//8107 8115//8115 8114//8114
f 8107//8107 8100//8100 8108//8108 8115//8115
f 8117//8117 8124//8124 8116//8116
f 8118//8118 8124//8124 8117//8117
f 8119//8119 8124//8124 8118//8118
f 8120//8120 8124//8124 8119//8119
f 8121//8121 8124//8124 8120//8120
f 8122//8122 8124//8124 8121//8121
f 8123//8123 8124//8124 8122//8122
f 8116//8116 8124//8124 8123//8123
g part91
usemtl skin
v -0.11479 1.14370 0.07791
v -0.14691 1.14515 0.07020
v -0.17271 1.14558 0.04858
v -0.18708 1.14490 0.01734
v -0.18717 1.14325 -0.01734
v -0.17297 1.14096 -0.04858
v -0.14729 1.13848 -0.07020
v -0.11521 1.13630 -0.07791
v -0.08309 1.13485 -0.07020
v -0.05729 1.13442 -0.04858
v -0.04292 1.13510 -0.01734
v -0.04283 1.13675 0.01734
v -0.05703 1.13904 0.04858
v -0.08271 1.14152 0.07020
v -0.11772 1.09188 0.07625
v -0.14814 1.09323 0.06894
v -0.17258 1.09360 0.04847
v -0.18619 1.09293 0.01888
v -0.18628 1.09135 -0.01395
v -0.17283 1.08916 -0.04354
v -0.14850 1.08681 -0.06401
v -0.11812 1.08476 -0.07132
v -0.08770 1.08341 -0.06402
v -0.06326 1.08304 -0.04354
v -0.04965 1.08371 -0.01396
v -0.04956 1.08529 0.01888
v -0.06301 1.08748 0.04847
v -0.08734 1.08983 0.06894
v -0.12057 1.04034 0.07453
v -0.14924 1.04160 0.06764
v -0.17227 1.04194 0.04835
v -0.18510 1.04129 0.02047
v -0.18518 1.03979 -0.01048
v -0.17251 1.03772 -0.03836
v -0.14958 1.03550 -0.05765
v -0.12095 1.03358 -0.06454
v -0.09228 1.03232 -0.05766
v -0.06925 1.03198 -0.03836
v -0.05642 1.03263 -0.01048
v -0.05634 1.03413 0.02046
v -0.06901 1.03620 0.04834
v -0.09194 1.03842 0.06764
v -0.12347 0.98850 0.07284
v -0.15041 0.98973 0.06637
v -0.17205 0.99012 0.04823
v -0.18410 0.98957 0.02203
v -0.18417 0.98821 -0.00706
v -0.17226 0.98630 -0.03326
v -0.15072 0.98422 -0.05139
v -0.12381 0.98238 -0.05786
v -0.09687 0.98115 -0.05139
v -0.07523 0.98076 -0.03326
v -0.06318 0.98131 -0.00705
v -0.06311 0.98267 0.02203
v -0.07502 0.98458 0.04824
v -0.09656 0.98666 0.06637
v -0.12653 0.93590 0.07129
v -0.15185 0.93717 0.06520
v -0.17218 0.93766 0.04815
v -0.18349 0.93729 0.02352
v -0.18356 0.93613 -0.00382
v -0.17236 0.93440 -0.02845
v -0.15211 0.93245 -0.04550
v -0.12683 0.93066 -0.05158
v -0.10151 0.92939 -0.04549
v -0.08118 0.92890 -0.02844
v -0.06987 0.92927 -0.00380
v -0.06980 0.93043 0.02354
v -0.08100 0.93216 0.04817
v -0.10125 0.93411 0.06521
v -0.12987 0.88237 0.06995
v -0.15374 0.88371 0.06420
v -0.17290 0.88431 0.04811
v -0.18357 0.88406 0.02487
v -0.18363 0.88301 -0.00092
v -0.17307 0.88136 -0.02415
v -0.15397 0.87944 -0.04022
v -0.13013 0.87763 -0.04595
v -0.10626 0.87629 -0.04020
v -0.08710 0.87569 -0.02411
v -0.07643 0.87594 -0.00087
v -0.07637 0.87699 0.02492
v -0.08693 0.87864 0.04815
v -0.10603 0.88056 0.06422
v -0.13371 0.82716 0.06925
v -0.15633 0.82857 0.06379
v -0.17449 0.82922 0.04853
v -0.18461 0.82901 0.02649
v -0.18467 0.82796 0.00204
v -0.17466 0.82628 -0.01998
v -0.15657 0.82431 -0.03521
v -0.13397 0.82244 -0.04064
v -0.11135 0.82103 -0.03518
v -0.09319 0.82038 -0.01992
v -0.08307 0.82059 0.00211
v -0.08301 0.82164 0.02656
v -0.09302 0.82332 0.04859
v -0.11111 0.82529 0.06382
v -0.13800 0.77015 0.06912
v -0.15952 0.77157 0.06393
v -0.17681 0.77228 0.04940
v -0.18643 0.77214 0.02843
v -0.18648 0.77118 0.00516
v -0.17696 0.76960 -0.01580
v -0.15974 0.76769 -0.03030
v -0.13824 0.76585 -0.03546
v -0.11672 0.76443 -0.03026
v -0.09943 0.76372 -0.01574
v -0.08981 0.76386 0.00524
v -0.08976 0.76482 0.02851
v -0.09928 0.76640 0.04947
v -0.11650 0.76831 0.06396
v -0.14241 0.71230 0.06897
v -0.16296 0.71368 0.06401
v -0.17946 0.71449 0.05013
v -0.18863 0.71456 0.03009
v -0.18866 0.71390 0.00786
v -0.17955 0.71261 -0.01217
v -0.16309 0.71097 -0.02602
v -0.14255 0.70930 -0.03095
v -0.12200 0.70792 -0.02599
v -0.10550 0.70711 -0.01211
v -0.09633 0.70704 0.00793
v -0.09630 0.70770 0.03016
v -0.10541 0.70899 0.05019
v -0.12187 0.71063 0.06404
v -0.14656 0.65483 0.06814
v -0.16625 0.65612 0.06339
v -0.18205 0.65708 0.05009
v -0.19081 0.65750 0.03089
v -0.19081 0.65731 0.00957
v -0.18205 0.65654 -0.00962
v -0.16626 0.65535 -0.02290
v -0.14656 0.65397 -0.02763
v -0.12687 0.65268 -0.02288
v -0.11107 0.65172 -0.00958
v -0.10231 0.65130 0.00963
v -0.10231 0.65149 0.03094
v -0.11107 0.65226 0.05013
v -0.12686 0.65345 0.06341
v -0.15009 0.59889 0.06599
v -0.16901 0.60008 0.06142
v -0.18416 0.60125 0.04866
v -0.19255 0.60218 0.03021
v -0.19252 0.60268 0.00975
v -0.18406 0.60264 -0.00869
v -0.16885 0.60208 -0.02144
v -0.14991 0.60111 -0.02599
v -0.13099 0.59992 -0.02142
v -0.11584 0.59875 -0.00866
v -0.10745 0.59782 0.00979
v -0.10748 0.59732 0.03025
v -0.11594 0.59736 0.04869
v -0.13115 0.59792 0.06144
v -0.15280 0.54510 0.06211
v -0.17112 0.54621 0.05769
v -0.18578 0.54765 0.04535
v -0.19387 0.54912 0.02752
v -0.19380 0.55034 0.00774
v -0.18558 0.55107 -0.01007
v -0.17083 0.55115 -0.02239
v -0.15248 0.55058 -0.02678
v -0.13416 0.54947 -0.02236
v -0.11950 0.54803 -0.01002
v -0.11141 0.54656 0.00781
v -0.11148 0.54534 0.02758
v -0.11970 0.54461 0.04540
v -0.13445 0.54453 0.05772
v -0.15492 0.49329 0.05697
v -0.17282 0.49435 0.05265
v -0.18713 0.49597 0.04061
v -0.19503 0.49781 0.02323
v -0.19494 0.49952 0.00394
v -0.18688 0.50075 -0.01343
v -0.17246 0.50126 -0.02543
v -0.15452 0.50095 -0.02970
v -0.13662 0.49989 -0.02539
v -0.12231 0.49827 -0.01335
v -0.11441 0.49643 0.00404
v -0.11450 0.49472 0.02332
v -0.12256 0.49349 0.04069
v -0.13698 0.49298 0.05270
v -0.15669 0.44332 0.05118
v -0.17422 0.44434 0.04695
v -0.18824 0.44599 0.03516
v -0.19597 0.44794 0.01815
v -0.19588 0.44979 -0.00073
v -0.18798 0.45119 -0.01772
v -0.17385 0.45185 -0.02947
v -0.15627 0.45164 -0.03364
v -0.13874 0.45062 -0.02942
v -0.12472 0.44897 -0.01763
v -0.11699 0.44702 -0.00061
v -0.11708 0.44517 0.01826
v -0.12498 0.44377 0.03526
v -0.13911 0.44311 0.04701
v -0.15835 0.39484 0.04532
v -0.17545 0.39583 0.04120
v -0.18912 0.39736 0.02970
v -0.19666 0.39913 0.01309
v -0.19658 0.40078 -0.00533
v -0.18888 0.40199 -0.02191
v -0.17510 0.40253 -0.03337
v -0.15797 0.40228 -0.03745
v -0.14087 0.40129 -0.03333
v -0.12720 0.39976 -0.02182
v -0.11966 0.39799 -0.00522
v -0.11974 0.39634 0.01320
v -0.12744 0.39513 0.02978
v -0.14122 0.39459 0.04125
v -0.16016 0.34718 0.03990
v -0.17661 0.34811 0.03593
v -0.18978 0.34942 0.02485
v -0.19705 0.35085 0.00884
v -0.19698 0.35210 -0.00892
v -0.18959 0.35294 -0.02491
v -0.17633 0.35320 -0.03597
v -0.15984 0.35282 -0.03990
v -0.14339 0.35189 -0.03593
v -0.13022 0.35058 -0.02485
v -0.12295 0.34915 -0.00884
v -0.12302 0.34790 0.00892
v -0.13041 0.34706 0.02491
v -0.14367 0.34680 0.03597
v -0.16212 0.29991 0.03488
v -0.17770 0.30078 0.03112
v -0.19016 0.30189 0.02062
v -0.19705 0.30304 0.00546
v -0.19700 0.30399 -0.01135
v -0.19001 0.30455 -0.02650
v -0.17747 0.30462 -0.03697
v -0.16188 0.30417 -0.04070
v -0.14630 0.30330 -0.03694
v -0.13384 0.30219 -0.02645
v -0.12695 0.30104 -0.01129
v -0.12700 0.30009 0.00553
v -0.13399 0.29953 0.02067
v -0.14653 0.29946 0.03115
v -0.16411 0.25317 0.02988
v -0.17863 0.25396 0.02638
v -0.19026 0.25495 0.01659
v -0.19669 0.25593 0.00244
v -0.19664 0.25671 -0.01325
v -0.19013 0.25713 -0.02738
v -0.17844 0.25712 -0.03716
v -0.16389 0.25667 -0.04064
v -0.14937 0.25588 -0.03713
v -0.13774 0.25489 -0.02734
v -0.13131 0.25391 -0.01319
v -0.13136 0.25313 0.00250
v -0.13787 0.25271 0.01663
v -0.14956 0.25272 0.02641
v -0.16609 0.20677 0.02492
v -0.17948 0.20749 0.02169
v -0.19020 0.20837 0.01266
v -0.19613 0.20924 -0.00038
v -0.19609 0.20991 -0.01484
v -0.19009 0.21026 -0.02787
v -0.17931 0.21022 -0.03688
v -0.16591 0.20979 -0.04008
v -0.15252 0.20907 -0.03685
v -0.14180 0.20819 -0.02783
v -0.13587 0.20732 -0.01479
v -0.13591 0.20665 -0.00033
v -0.14191 0.20630 0.01270
v -0.15269 0.20634 0.02171
v -0.16809 0.16036 0.01995
v -0.18031 0.16102 0.01700
v -0.19010 0.16183 0.00876
v -0.19551 0.16263 -0.00315
v -0.19547 0.16325 -0.01636
v -0.18999 0.16358 -0.02825
v -0.18016 0.16355 -0.03648
v -0.16791 0.16316 -0.03941
v -0.15569 0.16250 -0.03646
v -0.14590 0.16169 -0.02821
v -0.14049 0.16089 -0.01631
v -0.14053 0.16027 -0.00310
v -0.14601 0.15994 0.00880
v -0.15584 0.15997 0.01702
v -0.17008 0.11369 0.01497
v -0.18119 0.11430 0.01229
v -0.19009 0.11504 0.00480
v -0.19500 0.11578 -0.00602
v -0.19497 0.11636 -0.01802
v -0.18999 0.11667 -0.02883
v -0.18105 0.11665 -0.03631
v -0.16992 0.11631 -0.03897
v -0.15881 0.11570 -0.03629
v -0.14991 0.11496 -0.02880
v -0.14500 0.11422 -0.01798
v -0.14503 0.11364 -0.00598
v -0.15001 0.11333 0.00483
v -0.15895 0.11335 0.01231
v -0.11479 1.14370 0.07791
v -0.14691 1.14515 0.07020
v -0.17271 1.14558 0.04858
v -0.18708 1.14490 0.01734
v -0.18717 1.14325 -0.01734
v -0.17297 1.14096 -0.04858
v -0.14729 1.13848 -0.07020
v -0.11521 1.13630 -0.07791
v -0.08309 1.13485 -0.07020
v -0.05729 1.13442 -0.04858
v -0.04292 1.13510 -0.01734
v -0.04283 1.13675 0.01734
v -0.05703 1.13904 0.04858
v -0.08271 1.14152 0.07020
v -0.11500 1.14000 0.00000
v -0.17008 0.11369 0.01497
v -0.18119 0.11430 0.01229
v -0.19009 0.11504 0.00480
v -0.19500 0.11578 -0.00602
v -0.19497 0.11636 -0.01802
v -0.18999 0.11667 -0.02883
v -0.18105 0.11665 -0.03631
v -0.16992 0.11631 -0.03897
v -0.15881 0.11570 -0.03629
v -0.14991 0.11496 -0.02880
v -0.14500 0.11422 -0.01798
v -0.14503 0.11364 -0.00598
v -0.15001 0.11333 0.00483
v -0.15895 0.11335 0.01231
v -0.17000 0.11500 -0.01200
vn -0.0018 -0.0320 0.9995
vn -0.4521 -0.0108 0.8919
vn -0.7962 -0.0033 0.6051
vn -0.9766 -0.0104 0.2147
vn -0.9778 -0.0304 -0.2075
vn -0.7994 -0.0604 -0.5978
vn -0.4568 -0.0951 -0.8845
vn -0.0071 -0.1264 -0.9920
vn 0.4432 -0.1460 -0.8844
vn 0.7875 -0.1501 -0.5977
vn 0.9681 -0.1405 -0.2075
vn 0.9692 -0.1205 0.2147
vn 0.7907 -0.0931 0.6051
vn 0.4480 -0.0617 0.8919
vn -0.0018 -0.0326 0.9995
vn -0.4520 -0.0119 0.8919
vn -0.7961 -0.0047 0.6051
vn -0.9766 -0.0122 0.2148
vn -0.9777 -0.0326 -0.2073
vn -0.7994 -0.0627 -0.5975
vn -0.4569 -0.0975 -0.8842
vn -0.0072 -0.1287 -0.9917
vn 0.4431 -0.1479 -0.8842
vn 0.7874 -0.1515 -0.5975
vn 0.9680 -0.1414 -0.2073
vn 0.9691 -0.1211 0.2147
vn 0.7907 -0.0935 0.6051
vn 0.4479 -0.0622 0.8919
vn -0.0018 -0.0329 0.9995
vn -0.4520 -0.0123 0.8919
vn -0.7961 -0.0055 0.6051
vn -0.9766 -0.0132 0.2148
vn -0.9777 -0.0338 -0.2072
vn -0.7994 -0.0641 -0.5974
vn -0.4569 -0.0989 -0.8840
vn -0.0073 -0.1299 -0.9915
vn 0.4430 -0.1489 -0.8841
vn 0.7873 -0.1522 -0.5974
vn 0.9679 -0.1419 -0.2073
vn 0.9691 -0.1213 0.2148
vn 0.7906 -0.0936 0.6051
vn 0.4479 -0.0623 0.8919
vn -0.0018 -0.0309 0.9995
vn -0.4521 -0.0096 0.8919
vn -0.7962 -0.0019 0.6050
vn -0.9767 -0.0088 0.2145
vn -0.9778 -0.0286 -0.2076
vn -0.7994 -0.0585 -0.5979
vn -0.4568 -0.0932 -0.8847
vn -0.0071 -0.1246 -0.9922
vn 0.4433 -0.1444 -0.8847
vn 0.7876 -0.1487 -0.5979
vn 0.9682 -0.1393 -0.2076
vn 0.9694 -0.1195 0.2146
vn 0.7908 -0.0922 0.6050
vn 0.4480 -0.0608 0.8919
vn -0.0018 -0.0271 0.9996
vn -0.4523 -0.0040 0.8919
vn -0.7964 0.0058 0.6047
vn -0.9769 0.0009 0.2139
vn -0.9779 -0.0172 -0.2085
vn -0.7993 -0.0459 -0.5991
vn -0.4565 -0.0803 -0.8861
vn -0.0066 -0.1126 -0.9936
vn 0.4439 -0.1343 -0.8859
vn 0.7883 -0.1411 -0.5989
vn 0.9689 -0.1340 -0.2082
vn 0.9699 -0.1159 0.2143
vn 0.7912 -0.0895 0.6050
vn 0.4482 -0.0580 0.8920
vn -0.0017 -0.0187 0.9998
vn -0.4522 0.0071 0.8919
vn -0.7965 0.0192 0.6044
vn -0.9769 0.0159 0.2133
vn -0.9778 -0.0013 -0.2095
vn -0.7992 -0.0300 -0.6003
vn -0.4563 -0.0656 -0.8874
vn -0.0062 -0.1002 -0.9950
vn 0.4445 -0.1247 -0.8871
vn 0.7889 -0.1343 -0.5997
vn 0.9694 -0.1291 -0.2087
vn 0.9704 -0.1119 0.2141
vn 0.7916 -0.0851 0.6051
vn 0.4485 -0.0520 0.8923
vn -0.0012 -0.0073 1.0000
vn -0.4518 0.0211 0.8918
vn -0.7961 0.0347 0.6041
vn -0.9766 0.0317 0.2129
vn -0.9776 0.0135 -0.2101
vn -0.7990 -0.0171 -0.6010
vn -0.4562 -0.0553 -0.8882
vn -0.0061 -0.0930 -0.9956
vn 0.4447 -0.1204 -0.8876
vn 0.7891 -0.1318 -0.6000
vn 0.9697 -0.1272 -0.2088
vn 0.9707 -0.1090 0.2142
vn 0.7920 -0.0801 0.6052
vn 0.4490 -0.0440 0.8925
vn -0.0010 -0.0023 1.0000
vn -0.4517 0.0278 0.8918
vn -0.7959 0.0428 0.6039
vn -0.9763 0.0410 0.2124
vn -0.9773 0.0235 -0.2106
vn -0.7987 -0.0070 -0.6017
vn -0.4557 -0.0458 -0.8889
vn -0.0056 -0.0849 -0.9964
vn 0.4451 -0.1141 -0.8882
vn 0.7895 -0.1273 -0.6004
vn 0.9700 -0.1240 -0.2090
vn 0.9710 -0.1065 0.2141
vn 0.7923 -0.0774 0.6052
vn 0.4492 -0.0404 0.8925
vn -0.0014 -0.0084 1.0000
vn -0.4521 0.0222 0.8917
vn -0.7962 0.0398 0.6037
vn -0.9764 0.0419 0.2120
vn -0.9770 0.0290 -0.2113
vn -0.7980 0.0030 -0.6026
vn -0.4548 -0.0322 -0.8900
vn -0.0044 -0.0695 -0.9976
vn 0.4463 -0.0993 -0.8893
vn 0.7906 -0.1152 -0.6014
vn 0.9708 -0.1160 -0.2098
vn 0.9715 -0.1030 0.2135
vn 0.7924 -0.0783 0.6049
vn 0.4490 -0.0448 0.8924
vn -0.0023 -0.0261 0.9997
vn -0.4532 0.0039 0.8914
vn -0.7971 0.0253 0.6033
vn -0.9768 0.0343 0.2115
vn -0.9768 0.0302 -0.2120
vn -0.7972 0.0136 -0.6036
vn -0.4533 -0.0135 -0.8913
vn -0.0025 -0.0457 -0.9990
vn 0.4483 -0.0750 -0.8907
vn 0.7923 -0.0948 -0.6027
vn 0.9721 -0.1025 -0.2109
vn 0.9722 -0.0984 0.2126
vn 0.7925 -0.0829 0.6043
vn 0.4485 -0.0575 0.8919
vn -0.0036 -0.0547 0.9985
vn -0.4546 -0.0260 0.8903
vn -0.7983 0.0011 0.6023
vn -0.9774 0.0211 0.2106
vn -0.9766 0.0309 -0.2129
vn -0.7960 0.0292 -0.6045
vn -0.4513 0.0155 -0.8922
vn 0.0000 -0.0082 -1.0000
vn 0.4510 -0.0363 -0.8918
vn 0.7947 -0.0620 -0.6038
vn 0.9739 -0.0809 -0.2120
vn 0.9732 -0.0907 0.2115
vn 0.7926 -0.0901 0.6031
vn 0.4478 -0.0777 0.8907
vn -0.0046 -0.0849 0.9964
vn -0.4558 -0.0573 0.8882
vn -0.7992 -0.0233 0.6006
vn -0.9778 0.0092 0.2093
vn -0.9763 0.0349 -0.2136
vn -0.7949 0.0502 -0.6046
vn -0.4495 0.0514 -0.8918
vn 0.0024 0.0370 -0.9993
vn 0.4536 0.0098 -0.8911
vn 0.7971 -0.0232 -0.6034
vn 0.9757 -0.0550 -0.2122
vn 0.9742 -0.0809 0.2108
vn 0.7928 -0.0968 0.6017
vn 0.4473 -0.0989 0.8889
vn -0.0053 -0.1065 0.9943
vn -0.4565 -0.0795 0.8861
vn -0.7998 -0.0406 0.5989
vn -0.9781 0.0010 0.2083
vn -0.9761 0.0382 -0.2138
vn -0.7943 0.0654 -0.6040
vn -0.4484 0.0771 -0.8905
vn 0.0039 0.0691 -0.9976
vn 0.4551 0.0424 -0.8894
vn 0.7984 0.0042 -0.6021
vn 0.9767 -0.0369 -0.2115
vn 0.9748 -0.0741 0.2106
vn 0.7929 -0.1019 0.6008
vn 0.4469 -0.1143 0.8872
vn -0.0056 -0.1173 0.9931
vn -0.4569 -0.0907 0.8849
vn -0.8001 -0.0500 0.5978
vn -0.9782 -0.0051 0.2075
vn -0.9761 0.0363 -0.2142
vn -0.7941 0.0680 -0.6039
vn -0.4481 0.0836 -0.8901
vn 0.0042 0.0781 -0.9969
vn 0.4555 0.0519 -0.8887
vn 0.7988 0.0121 -0.6015
vn 0.9769 -0.0322 -0.2112
vn 0.9748 -0.0736 0.2105
vn 0.7928 -0.1059 0.6002
vn 0.4467 -0.1224 0.8863
vn -0.0056 -0.1163 0.9932
vn -0.4568 -0.0900 0.8850
vn -0.8000 -0.0511 0.5978
vn -0.9782 -0.0090 0.2073
vn -0.9763 0.0290 -0.2146
vn -0.7944 0.0572 -0.6047
vn -0.4485 0.0700 -0.8910
vn 0.0037 0.0631 -0.9980
vn 0.4549 0.0373 -0.8898
vn 0.7982 -0.0004 -0.6024
vn 0.9764 -0.0416 -0.2119
vn 0.9744 -0.0796 0.2101
vn 0.7926 -0.1087 0.6000
vn 0.4466 -0.1227 0.8863
vn -0.0054 -0.1092 0.9940
vn -0.4564 -0.0831 0.8859
vn -0.7997 -0.0482 0.5984
vn -0.9781 -0.0125 0.2076
vn -0.9765 0.0176 -0.2148
vn -0.7950 0.0377 -0.6054
vn -0.4495 0.0437 -0.8922
vn 0.0024 0.0330 -0.9995
vn 0.4534 0.0078 -0.8912
vn 0.7968 -0.0256 -0.6037
vn 0.9753 -0.0600 -0.2128
vn 0.9736 -0.0902 0.2097
vn 0.7921 -0.1115 0.6002
vn 0.4465 -0.1191 0.8868
vn -0.0054 -0.1057 0.9944
vn -0.4562 -0.0801 0.8863
vn -0.7994 -0.0483 0.5988
vn -0.9780 -0.0177 0.2078
vn -0.9766 0.0063 -0.2149
vn -0.7955 0.0201 -0.6056
vn -0.4503 0.0209 -0.8926
vn 0.0012 0.0076 -1.0000
vn 0.4521 -0.0170 -0.8918
vn 0.7955 -0.0468 -0.6042
vn 0.9741 -0.0758 -0.2131
vn 0.9727 -0.0998 0.2096
vn 0.7915 -0.1152 0.6002
vn 0.4462 -0.1181 0.8871
vn -0.0054 -0.1061 0.9943
vn -0.4561 -0.0809 0.8863
vn -0.7993 -0.0507 0.5988
vn -0.9779 -0.0226 0.2078
vn -0.9766 -0.0015 -0.2149
vn -0.7957 0.0095 -0.6056
vn -0.4507 0.0079 -0.8926
vn 0.0006 -0.0065 -1.0000
vn 0.4513 -0.0306 -0.8918
vn 0.7947 -0.0584 -0.6042
vn 0.9733 -0.0847 -0.2132
vn 0.9721 -0.1058 0.2095
vn 0.7910 -0.1186 0.6002
vn 0.4460 -0.1194 0.8870
vn -0.0054 -0.1062 0.9943
vn -0.4560 -0.0812 0.8863
vn -0.7992 -0.0517 0.5988
vn -0.9778 -0.0248 0.2078
vn -0.9766 -0.0051 -0.2148
vn -0.7958 0.0045 -0.6056
vn -0.4509 0.0018 -0.8926
vn 0.0003 -0.0132 -0.9999
vn 0.4509 -0.0370 -0.8918
vn 0.7943 -0.0639 -0.6042
vn 0.9730 -0.0889 -0.2131
vn 0.9718 -0.1086 0.2095
vn 0.7908 -0.1201 0.6002
vn 0.4458 -0.1200 0.8870
vn -0.0054 -0.1061 0.9943
vn -0.4560 -0.0810 0.8863
vn -0.7992 -0.0514 0.5988
vn -0.9779 -0.0243 0.2078
vn -0.9766 -0.0044 -0.2148
vn -0.7958 0.0054 -0.6056
vn -0.4509 0.0029 -0.8926
vn 0.0003 -0.0120 -0.9999
vn 0.4510 -0.0358 -0.8918
vn 0.7943 -0.0629 -0.6042
vn 0.9730 -0.0881 -0.2132
vn 0.9718 -0.1080 0.2095
vn 0.7909 -0.1197 0.6002
vn 0.4459 -0.1197 0.8870
vn -0.0054 -0.1059 0.9944
vn -0.4560 -0.0808 0.8863
vn -0.7993 -0.0510 0.5988
vn -0.9779 -0.0234 0.2078
vn -0.9766 -0.0029 -0.2149
vn -0.7957 0.0074 -0.6056
vn -0.4508 0.0053 -0.8926
vn 0.0005 -0.0094 -1.0000
vn 0.4512 -0.0333 -0.8918
vn 0.7945 -0.0607 -0.6042
vn 0.9732 -0.0864 -0.2132
vn 0.9719 -0.1069 0.2095
vn 0.7909 -0.1191 0.6002
vn 0.4459 -0.1195 0.8871
vn 0.0563 0.9973 -0.0475
vn 0.0563 0.9973 -0.0475
vn 0.0563 0.9973 -0.0475
vn 0.0563 0.9973 -0.0475
vn 0.0563 0.9973 -0.0475
vn 0.0563 0.9973 -0.0475
vn 0.0563 0.9973 -0.0475
vn 0.0563 0.9973 -0.0475
vn 0.0563 0.9973 -0.0475
vn 0.0563 0.9973 -0.0475
vn 0.0563 0.9973 -0.0475
vn 0.0563 0.9973 -0.0475
vn 0.0563 0.9973 -0.0475
vn 0.0563 0.9973 -0.0475
vn 0.0563 0.9973 -0.0475
vn -0.0427 -0.9979 -0.0485
vn -0.0427 -0.9979 -0.0485
vn -0.0427 -0.9979 -0.0485
vn -0.0427 -0.9979 -0.0485
vn -0.0427 -0.9979 -0.0485
vn -0.0427 -0.9979 -0.0485
vn -0.0427 -0.9979 -0.0485
vn -0.0427 -0.9979 -0.0485
vn -0.0427 -0.9979 -0.0485
vn -0.0427 -0.9979 -0.0485
vn -0.0427 -0.9979 -0.0485
vn -0.0427 -0.9979 -0.0485
vn -0.0427 -0.9979 -0.0485
vn -0.0427 -0.9979 -0.0485
vn -0.0427 -0.9979 -0.0485
f 8125//8125 8126//8126 8140//8140 8139//8139
f 8126//8126 8127//8127 8141//8141 8140//8140
f 8127//8127 8128//8128 8142//8142 8141//8141
f 8128//8128 8129//8129 8143//8143 8142//8142
f 8129//8129 8130//8130 8144//8144 8143//8143
f 8130//8130 8131//8131 8145//8145 8144//8144
f 8131//8131 8132//8132 8146//8146 8145//8145
f 8132//8132 8133//8133 8147//8147 8146//8146
f 8133//8133 8134//8134 8148//8148 8147//8147
f 8134//8134 8135//8135 8149//8149 8148//8148
f 8135//8135 8136//8136 8150//8150 8149//8149
f 8136//8136 8137//8137 8151//8151 8150//8150
f 8137//8137 8138//8138 8152//8152 8151//8151
f 8138//8138 8125//8125 8139//8139 8152//8152
f 8139//8139 8140//8140 8154//8154 8153//8153
f 8140//8140 8141//8141 8155//8155 8154//8154
f 8141//8141 8142//8142 8156//8156 8155//8155
f 8142//8142 8143//8143 8157//8157 8156//8156
f 8143//8143 8144//8144 8158//8158 8157//8157
f 8144//8144 8145//8145 8159//8159 8158//8158
f 8145//8145 8146//8146 8160//8160 8159//8159
f 8146//8146 8147//8147 8161//8161 8160//8160
f 8147//8147 8148//8148 8162//8162 8161//8161
f 8148//8148 8149//8149 8163//8163 8162//8162
f 8149//8149 8150//8150 8164//8164 8163//8163
f 8150//8150 8151//8151 8165//8165 8164//8164
f 8151//8151 8152//8152 8166//8166 8165//8165
f 8152//8152 8139//8139 8153//8153 8166//8166
f 8153//8153 8154//8154 8168//8168 8167//8167
f 8154//8154 8155//8155 8169//8169 8168//8168
f 8155//8155 8156//8156 8170//8170 8169//8169
f 8156//8156 8157//8157 8171//8171 8170//8170
f 8157//8157 8158//8158 8172//8172 8171//8171
f 8158//8158 8159//8159 8173//8173 8172//8172
f 8159//8159 8160//8160 8174//8174 8173//8173
f 8160//8160 8161//8161 8175//8175 8174//8174
f 8161//8161 8162//8162 8176//8176 8175//8175
f 8162//8162 8163//8163 8177//8177 8176//8176
f 8163//8163 8164//8164 8178//8178 8177//8177
f 8164//8164 8165//8165 8179//8179 8178//8178
f 8165//8165 8166//8166 8180//8180 8179//8179
f 8166//8166 8153//8153 8167//8167 8180//8180
f 8167//8167 8168//8168 8182//8182 8181//8181
f 8168//8168 8169//8169 8183//8183 8182//8182
f 8169//8169 8170//8170 8184//8184 8183//8183
f 8170//8170 8171//8171 8185//8185 8184//8184
f 8171//8171 8172//8172 8186//8186 8185//8185
f 8172//8172 8173//8173 8187//8187 8186//8186
f 8173//8173 8174//8174 8188//8188 8187//8187
f 8174//8174 8175//8175 8189//8189 8188//8188
f 8175//8175 8176//8176 8190//8190 8189//8189
f 8176//8176 8177//8177 8191//8191 8190//8190
f 8177//8177 8178//8178 8192//8192 8191//8191
f 8178//8178 8179//8179 8193//8193 8192//8192
f 8179//8179 8180//8180 8194//8194 8193//8193
f 8180//8180 8167//8167 8181//8181 8194//8194
f 8181//8181 8182//8182 8196//8196 8195//8195
f 8182//8182 8183//8183 8197//8197 8196//8196
f 8183//8183 8184//8184 8198//8198 8197//8197
f 8184//8184 8185//8185 8199//8199 8198//8198
f 8185//8185 8186//8186 8200//8200 8199//8199
f 8186//8186 8187//8187 8201//8201 8200//8200
f 8187//8187 8188//8188 8202//8202 8201//8201
f 8188//8188 8189//8189 8203//8203 8202//8202
f 8189//8189 8190//8190 8204//8204 8203//8203
f 8190//8190 8191//8191 8205//8205 8204//8204
f 8191//8191 8192//8192 8206//8206 8205//8205
f 8192//8192 8193//8193 8207//8207 8206//8206
f 8193//8193 8194//8194 8208//8208 8207//8207
f 8194//8194 8181//8181 8195//8195 8208//8208
f 8195//8195 8196//8196 8210//8210 8209//8209
f 8196//8196 8197//8197 8211//8211 8210//8210
f 8197//8197 8198//8198 8212//8212 8211//8211
f 8198//8198 8199//8199 8213//8213 8212//8212
f 8199//8199 8200//8200 8214//8214 8213//8213
f 8200//8200 8201//8201 8215//8215 8214//8214
f 8201//8201 8202//8202 8216//8216 8215//8215
f 8202//8202 8203//8203 8217//8217 8216//8216
f 8203//8203 8204//8204 8218//8218 8217//8217
f 8204//8204 8205//8205 8219//8219 8218//8218
f 8205//8205 8206//8206 8220//8220 8219//8219
f 8206//8206 8207//8207 8221//8221 8220//8220
f 8207//8207 8208//8208 8222//8222 8221//8221
f 8208//8208 8195//8195 8209//8209 8222//8222
f 8209//8209 8210//8210 8224//8224 8223//8223
f 8210//8210 8211//8211 8225//8225 8224//8224
f 8211//8211 8212//8212 8226//8226 8225//8225
f 8212//8212 8213//8213 8227//8227 8226//8226
f 8213//8213 8214//8214 8228//8228 8227//8227
f 8214//8214 8215//8215 8229//8229 8228//8228
f 8215//8215 8216//8216 8230//8230 8229//8229
f 8216//8216 8217//8217 8231//8231 8230//8230
f 8217//8217 8218//8218 8232//8232 8231//8231
f 8218//8218 8219//8219 8233//8233 8232//8232
f 8219//8219 8220//8220 8234//8234 8233//8233
f 8220//8220 8221//8221 8235//8235 8234//8234
f 8221//8221 8222//8222 8236//8236 8235//8235
f 8222//8222 8209//8209 8223//8223 8236//8236
f 8223//8223 8224//8224 8238//8238 8237//8237
f 8224//8224 8225//8225 8239//8239 8238//8238
f 8225//8225 8226//8226 8240//8240 8239//8239
f 8226//8226 8227//8227 8241//8241 8240//8240
f 8227//8227 8228//8228 8242//8242 8241//8241
f 8228//8228 8229//8229 8243//8243 8242//8242
f 8229//8229 8230//8230 8244//8244 8243//8243
f 8230//8230 8231//8231 8245//8245 8244//8244
f 8231//8231 8232//8232 8246//8246 8245//8245
f 8232//8232 8233//8233 8247//8247 8246//8246
f 8233//8233 8234//8234 8248//8248 8247//8247
f 8234//8234 8235//8235 8249//8249 8248//8248
f 8235//8235 8236//8236 8250//8250 8249//8249
f 8236//8236 8223//8223 8237//8237 8250//8250
f 8237//8237 8238//8238 8252//8252 8251//8251
f 8238//8238 8239//8239 8253//8253 8252//8252
f 8239//8239 8240//8240 8254//8254 8253//8253
f 8240//8240 8241//8241 8255//8255 8254//8254
f 8241//8241 8242//8242 8256//8256 8255//8255
f 8242//8242 8243//8243 8257//8257 8256//8256
f 8243//8243 8244//8244 8258//8258 8257//8257
f 8244//8244 8245//8245 8259//8259 8258//8258
f 8245//8245 8246//8246 8260//8260 8259//8259
f 8246//8246 8247//8247 8261//8261 8260//8260
f 8247//8247 8248//8248 8262//8262 8261//8261
f 8248//8248 8249//8249 8263//8263 8262//8262
f 8249//8249 8250//8250 8264//8264 8263//8263
f 8250//8250 8237//8237 8251//8251 8264//8264
f 8251//8251 8252//8252 8266//8266 8265//8265
f 8252//8252 8253//8253 8267//8267 8266//8266
f 8253//8253 8254//8254 8268//8268 8267//8267
f 8254//8254 8255//8255 8269//8269 8268//8268
f 8255//8255 8256//8256 8270//8270 8269//8269
f 8256//8256 8257//8257 8271//8271 8270//8270
f 8257//8257 8258//8258 8272//8272 8271//8271
f 8258//8258 8259//8259 8273//8273 8272//8272
f 8259//8259 8260//8260 8274//8274 8273//8273
f 8260//8260 8261//8261 8275//8275 8274//8274
f 8261//8261 8262//8262 8276//8276 8275//8275
f 8262//8262 8263//8263 8277//8277 8276//8276
f 8263//8263 8264//8264 8278//8278 8277//8277
f 8264//8264 8251//8251 8265//8265 8278//8278
f 8265//8265 8266//8266 8280//8280 8279//8279
f 8266//8266 8267//8267 8281//8281 8280//8280
f 8267//8267 8268//8268 8282//8282 8281//8281
f 8268//8268 8269//8269 8283//8283 8282//8282
f 8269//8269 8270//8270 8284//8284 8283//8283
f 8270//8270 8271//8271 8285//8285 8284//8284
f 8271//8271 8272//8272 8286//8286 8285//8285
f 8272//8272 8273//8273 8287//8287 8286//8286
f 8273//8273 8274//8274 8288//8288 8287//8287
f 8274//8274 8275//8275 8289//8289 8288//8288
f 8275//8275 8276//8276 8290//8290 8289//8289
f 8276//8276 8277//8277 8291//8291 8290//8290
f 8277//8277 8278//8278 8292//8292 8291//8291
f 8278//8278 8265//8265 8279//8279 8292//8292
f 8279//8279 8280//8280 8294//8294 8293//8293
f 8280//8280 8281//8281 8295//8295 8294//8294
f 8281//8281 8282//8282 8296//8296 8295//8295
f 8282//8282 8283//8283 8297//8297 8296//8296
f 8283//8283 8284//8284 8298//8298 8297//8297
f 8284//8284 8285//8285 8299//8299 8298//8298
f 8285//8285 8286//8286 8300//8300 8299//8299
f 8286//8286 8287//8287 8301//8301 8300//8300
f 8287//8287 8288//8288 8302//8302 8301//8301
f 8288//8288 8289//8289 8303//8303 8302//8302
f 8289//8289 8290//8290 8304//8304 8303//8303
f 8290//8290 8291//8291 8305//8305 8304//8304
f 8291//8291 8292//8292 8306//8306 8305//8305
f 8292//8292 8279//8279 8293//8293 8306//8306
f 8293//8293 8294//8294 8308//8308 8307//8307
f 8294//8294 8295//8295 8309//8309 8308//8308
f 8295//8295 8296//8296 8310//8310 8309//8309
f 8296//8296 8297//8297 8311//8311 8310//8310
f 8297//8297 8298//8298 8312//8312 8311//8311
f 8298//8298 8299//8299 8313//8313 8312//8312
f 8299//8299 8300//8300 8314//8314 8313//8313
f 8300//8300 8301//8301 8315//8315 8314//8314
f 8301//8301 8302//8302 8316//8316 8315//8315
f 8302//8302 8303//8303 8317//8317 8316//8316
f 8303//8303 8304//8304 8318//8318 8317//8317
f 8304//8304 8305//8305 8319//8319 8318//8318
f 8305//8305 8306//8306 8320//8320 8319//8319
f 8306//8306 8293//8293 8307//8307 8320//8320
f 8307//8307 8308//8308 8322//8322 8321//8321
f 8308//8308 8309//8309 8323//8323 8322//8322
f 8309//8309 8310//8310 8324//8324 8323//8323
f 8310//8310 8311//8311 8325//8325 8324//8324
f 8311//8311 8312//8312 8326//8326 8325//8325
f 8312//8312 8313//8313 8327//8327 8326//8326
f 8313//8313 8314//8314 8328//8328 8327//8327
f 8314//8314 8315//8315 8329//8329 8328//8328
f 8315//8315 8316//8316 8330//8330 8329//8329
f 8316//8316 8317//8317 8331//8331 8330//8330
f 8317//8317 8318//8318 8332//8332 8331//8331
f 8318//8318 8319//8319 8333//8333 8332//8332
f 8319//8319 8320//8320 8334//8334 8333//8333
f 8320//8320 8307//8307 8321//8321 8334//8334
f 8321//8321 8322//8322 8336//8336 8335//8335
f 8322//8322 8323//8323 8337//8337 8336//8336
f 8323//8323 8324//8324 8338//8338 8337//8337
f 8324//8324 8325//8325 8339//8339 8338//8338
f 8325//8325 8326//8326 8340//8340 8339//8339
f 8326//8326 8327//8327 8341//8341 8340//8340
f 8327//8327 8328//8328 8342//8342 8341//8341
f 8328//8328 8329//8329 8343//8343 8342//8342
f 8329//8329 8330//8330 8344//8344 8343//8343
f 8330//8330 8331//8331 8345//8345 8344//8344
f 8331//8331 8332//8332 8346//8346 8345//8345
f 8332//8332 8333//8333 8347//8347 8346//8346
f 8333//8333 8334//8334 8348//8348 8347//8347
f 8334//8334 8321//8321 8335//8335 8348//8348
f 8335//8335 8336//8336 8350//8350 8349//8349
f 8336//8336 8337//8337 8351//8351 8350//8350
f 8337//8337 8338//8338 8352//8352 8351//8351
f 8338//8338 8339//8339 8353//8353 8352//8352
f 8339//8339 8340//8340 8354//8354 8353//8353
f 8340//8340 8341//8341 8355//8355 8354//8354
f 8341//8341 8342//8342 8356//8356 8355//8355
f 8342//8342 8343//8343 8357//8357 8356//8356
f 8343//8343 8344//8344 8358//8358 8357//8357
f 8344//8344 8345//8345 8359//8359 8358//8358
f 8345//8345 8346//8346 8360//8360 8359//8359
f 8346//8346 8347//8347 8361//8361 8360//8360
f 8347//8347 8348//8348 8362//8362 8361//8361
f 8348//8348 8335//8335 8349//8349 8362//8362
f 8349//8349 8350//8350 8364//8364 8363//8363
f 8350//8350 8351//8351 8365//8365 8364//8364
f 8351//8351 8352//8352 8366//8366 8365//8365
f 8352//8352 8353//8353 8367//8367 8366//8366
f 8353//8353 8354//8354 8368//8368 8367//8367
f 8354//8354 8355//8355 8369//8369 8368//8368
f 8355//8355 8356//8356 8370//8370 8369//8369
f 8356//8356 8357//8357 8371//8371 8370//8370
f 8357//8357 8358//8358 8372//8372 8371//8371
f 8358//8358 8359//8359 8373//8373 8372//8372
f 8359//8359 8360//8360 8374//8374 8373//8373
f 8360//8360 8361//8361 8375//8375 8374//8374
f 8361//8361 8362//8362 8376//8376 8375//8375
f 8362//8362 8349//8349 8363//8363 8376//8376
f 8363//8363 8364//8364 8378//8378 8377//8377
f 8364//8364 8365//8365 8379//8379 8378//8378
f 8365//8365 8366//8366 8380//8380 8379//8379
f 8366//8366 8367//8367 8381//8381 8380//8380
f 8367//8367 8368//8368 8382//8382 8381//8381
f 8368//8368 8369//8369 8383//8383 8382//8382
f 8369//8369 8370//8370 8384//8384 8383//8383
f 8370//8370 8371//8371 8385//8385 8384//8384
f 8371//8371 8372//8372 8386//8386 8385//8385
f 8372//8372 8373//8373 8387//8387 8386//8386
f 8373//8373 8374//8374 8388//8388 8387//8387
f 8374//8374 8375//8375 8389//8389 8388//8388
f 8375//8375 8376//8376 8390//8390 8389//8389
f 8376//8376 8363//8363 8377//8377 8390//8390
f 8377//8377 8378//8378 8392//8392 8391//8391
f 8378//8378 8379//8379 8393//8393 8392//8392
f 8379//8379 8380//8380 8394//8394 8393//8393
f 8380//8380 8381//8381 8395//8395 8394//8394
f 8381//8381 8382//8382 8396//8396 8395//8395
f 8382//8382 8383//8383 8397//8397 8396//8396
f 8383//8383 8384//8384 8398//8398 8397//8397
f 8384//8384 8385//8385 8399//8399 8398//8398
f 8385//8385 8386//8386 8400//8400 8399//8399
f 8386//8386 8387//8387 8401//8401 8400//8400
f 8387//8387 8388//8388 8402//8402 8401//8401
f 8388//8388 8389//8389 8403//8403 8402//8402
f 8389//8389 8390//8390 8404//8404 8403//8403
f 8390//8390 8377//8377 8391//8391 8404//8404
f 8391//8391 8392//8392 8406//8406 8405//8405
f 8392//8392 8393//8393 8407//8407 8406//8406
f 8393//8393 8394//8394 8408//8408 8407//8407
f 8394//8394 8395//8395 8409//8409 8408//8408
f 8395//8395 8396//8396 8410//8410 8409//8409
f 8396//8396 8397//8397 8411//8411 8410//8410
f 8397//8397 8398//8398 8412//8412 8411//8411
f 8398//8398 8399//8399 8413//8413 8412//8412
f 8399//8399 8400//8400 8414//8414 8413//8413
f 8400//8400 8401//8401 8415//8415 8414//8414
f 8401//8401 8402//8402 8416//8416 8415//8415
f 8402//8402 8403//8403 8417//8417 8416//8416
f 8403//8403 8404//8404 8418//8418 8417//8417
f 8404//8404 8391//8391 8405//8405 8418//8418
f 8420//8420 8433//8433 8419//8419
f 8421//8421 8433//8433 8420//8420
f 8422//8422 8433//8433 8421//8421
f 8423//8423 8433//8433 8422//8422
f 8424//8424 8433//8433 8423//8423
f 8425//8425 8433//8433 8424//8424
f 8426//8426 8433//8433 8425//8425
f 8427//8427 8433//8433 8426//8426
f 8428//8428 8433//8433 8427//8427
f 8429//8429 8433//8433 8428//8428
f 8430//8430 8433//8433 8429//8429
f 8431//8431 8433//8433 8430//8430
f 8432//8432 8433//8433 8431//8431
f 8419//8419 8433//8433 8432//8432
f 8435//8435 8448//8448 8434//8434
f 8436//8436 8448//8448 8435//8435
f 8437//8437 8448//8448 8436//8436
f 8438//8438 8448//8448 8437//8437
f 8439//8439 8448//8448 8438//8438
f 8440//8440 8448//8448 8439//8439
f 8441//8441 8448//8448 8440//8440
f 8442//8442 8448//8448 8441//8441
f 8443//8443 8448//8448 8442//8442
f 8444//8444 8448//8448 8443//8443
f 8445//8445 8448//8448 8444//8444
f 8446//8446 8448//8448 8445//8445
f 8447//8447 8448//8448 8446//8446
f 8434//8434 8448//8448 8447//8447
g part92
usemtl skin
v -0.15000 0.65200 0.03000
v -0.15000 0.65200 0.03000
v -0.15000 0.65200 0.03000
v -0.15000 0.65200 0.03000
v -0.15000 0.65200 0.03000
v -0.15000 0.65200 0.03000
v -0.15000 0.65200 0.03000
v -0.15000 0.65200 0.03000
v -0.15000 0.65200 0.03000
v -0.15000 0.65200 0.03000
v -0.15000 0.65200 0.03000
v -0.15000 0.65200 0.03000
v -0.15000 0.64804 0.04990
v -0.14062 0.64804 0.04723
v -0.13376 0.64804 0.03995
v -0.13125 0.64804 0.03000
v -0.13376 0.64804 0.02005
v -0.14062 0.64804 0.01277
v -0.15000 0.64804 0.01010
v -0.15938 0.64804 0.01277
v -0.16624 0.64804 0.02005
v -0.16875 0.64804 0.03000
v -0.16624 0.64804 0.03995
v -0.15938 0.64804 0.04723
v -0.15000 0.63677 0.06677
v -0.13268 0.63677 0.06184
v -0.11999 0.63677 0.04838
v -0.11535 0.63677 0.03000
v -0.11999 0.63677 0.01162
v -0.13268 0.63677 -0.00184
v -0.15000 0.63677 -0.00677
v -0.16732 0.63677 -0.00184
v -0.18001 0.63677 0.01162
v -0.18465 0.63677 0.03000
v -0.18001 0.63677 0.04838
v -0.16732 0.63677 0.06184
v -0.15000 0.61990 0.07804
v -0.12736 0.61990 0.07161
v -0.11079 0.61990 0.05402
v -0.10473 0.61990 0.03000
v -0.11079 0.61990 0.00598
v -0.12736 0.61990 -0.01161
v -0.15000 0.61990 -0.01804
v -0.17264 0.61990 -0.01161
v -0.18921 0.61990 0.00598
v -0.19527 0.61990 0.03000
v -0.18921 0.61990 0.05402
v -0.17264 0.61990 0.07161
v -0.15000 0.60000 0.08200
v -0.12550 0.60000 0.07503
v -0.10756 0.60000 0.05600
v -0.10100 0.60000 0.03000
v -0.10756 0.60000 0.00400
v -0.12550 0.60000 -0.01503
v -0.15000 0.60000 -0.02200
v -0.17450 0.60000 -0.01503
v -0.19244 0.60000 0.00400
v -0.19900 0.60000 0.03000
v -0.19244 0.60000 0.05600
v -0.17450 0.60000 0.07503
v -0.15000 0.58010 0.07804
v -0.12736 0.58010 0.07161
v -0.11079 0.58010 0.05402
v -0.10473 0.58010 0.03000
v -0.11079 0.58010 0.00598
v -0.12736 0.58010 -0.01161
v -0.15000 0.58010 -0.01804
v -0.17264 0.58010 -0.01161
v -0.18921 0.58010 0.00598
v -0.19527 0.58010 0.03000
v -0.18921 0.58010 0.05402
v -0.17264 0.58010 0.07161
v -0.15000 0.56323 0.06677
v -0.13268 0.56323 0.06184
v -0.11999 0.56323 0.04838
v -0.11535 0.56323 0.03000
v -0.11999 0.56323 0.01162
v -0.13268 0.56323 -0.00184
v -0.15000 0.56323 -0.00677
v -0.16732 0.56323 -0.00184
v -0.18001 0.56323 0.01162
v -0.18465 0.56323 0.03000
v -0.18001 0.56323 0.04838
v -0.16732 0.56323 0.06184
v -0.15000 0.55196 0.04990
v -0.14062 0.55196 0.04723
v -0.13376 0.55196 0.03995
v -0.13125 0.55196 0.03000
v -0.13376 0.55196 0.02005
v -0.14062 0.55196 0.01277
v -0.15000 0.55196 0.01010
v -0.15938 0.55196 0.01277
v -0.16624 0.55196 0.02005
v -0.16875 0.55196 0.03000
v -0.16624 0.55196 0.03995
v -0.15938 0.55196 0.04723
v -0.15000 0.54800 0.03000
v -0.15000 0.54800 0.03000
v -0.15000 0.54800 0.03000
v -0.15000 0.54800 0.03000
v -0.15000 0.54800 0.03000
v -0.15000 0.54800 0.03000
v -0.15000 0.54800 0.03000
v -0.15000 0.54800 0.03000
v -0.15000 0.54800 0.03000
v -0.15000 0.54800 0.03000
v -0.15000 0.54800 0.03000
v -0.15000 0.54800 0.03000
vn 0.0000 1.0000 0.0000
vn 0.0000 1.0000 0.0000
vn 0.0000 1.0000 0.0000
vn 0.0000 1.0000 0.0000
vn 0.0000 1.0000 -0.0000
vn 0.0000 1.0000 -0.0000
vn 0.0000 1.0000 -0.0000
vn -0.0000 1.0000 -0.0000
vn -0.0000 1.0000 -0.0000
vn -0.0000 1.0000 -0.0000
vn -0.0000 1.0000 0.0000
vn -0.0000 1.0000 0.0000
vn 0.0000 0.9239 0.3827
vn 0.2026 0.9218 0.3307
vn 0.3493 0.9175 0.1900
vn 0.4024 0.9155 0.0000
vn 0.3493 0.9175 -0.1900
vn 0.2026 0.9218 -0.3307
vn 0.0000 0.9239 -0.3827
vn -0.2026 0.9218 -0.3307
vn -0.3493 0.9175 -0.1900
vn -0.4024 0.9155 -0.0000
vn -0.3493 0.9175 0.1900
vn -0.2026 0.9218 0.3307
vn 0.0000 0.7071 0.7071
vn 0.3723 0.7016 0.6076
vn 0.6350 0.6909 0.3455
vn 0.7278 0.6858 0.0000
vn 0.6350 0.6909 -0.3455
vn 0.3723 0.7016 -0.6076
vn 0.0000 0.7071 -0.7071
vn -0.3723 0.7016 -0.6076
vn -0.6350 0.6909 -0.3455
vn -0.7278 0.6858 -0.0000
vn -0.6350 0.6909 0.3455
vn -0.3723 0.7016 0.6076
vn 0.0000 0.3827 0.9239
vn 0.4838 0.3776 0.7895
vn 0.8167 0.3681 0.4443
vn 0.9316 0.3636 0.0000
vn 0.8167 0.3681 -0.4443
vn 0.4838 0.3776 -0.7895
vn 0.0000 0.3827 -0.9239
vn -0.4838 0.3776 -0.7895
vn -0.8167 0.3681 -0.4443
vn -0.9316 0.3636 -0.0000
vn -0.8167 0.3681 0.4443
vn -0.4838 0.3776 0.7895
vn 0.0000 0.0000 1.0000
vn 0.5224 0.0000 0.8527
vn 0.8784 0.0000 0.4779
vn 1.0000 0.0000 0.0000
vn 0.8784 0.0000 -0.4779
vn 0.5224 0.0000 -0.8527
vn 0.0000 0.0000 -1.0000
vn -0.5224 0.0000 -0.8527
vn -0.8784 0.0000 -0.4779
vn -1.0000 0.0000 -0.0000
vn -0.8784 0.0000 0.4779
vn -0.5224 0.0000 0.8527
vn 0.0000 -0.3827 0.9239
vn 0.4838 -0.3776 0.7895
vn 0.8167 -0.3681 0.4443
vn 0.9316 -0.3636 0.0000
vn 0.8167 -0.3681 -0.4443
vn 0.4838 -0.3776 -0.7895
vn 0.0000 -0.3827 -0.9239
vn -0.4838 -0.3776 -0.7895
vn -0.8167 -0.3681 -0.4443
vn -0.9316 -0.3636 -0.0000
vn -0.8167 -0.3681 0.4443
vn -0.4838 -0.3776 0.7895
vn 0.0000 -0.7071 0.7071
vn 0.3723 -0.7016 0.6076
vn 0.6350 -0.6909 0.3455
vn 0.7278 -0.6858 0.0000
vn 0.6350 -0.6909 -0.3455
vn 0.3723 -0.7016 -0.6076
vn 0.0000 -0.7071 -0.7071
vn -0.3723 -0.7016 -0.6076
vn -0.6350 -0.6909 -0.3455
vn -0.7278 -0.6858 -0.0000
vn -0.6350 -0.6909 0.3455
vn -0.3723 -0.7016 0.6076
vn 0.0000 -0.9239 0.3827
vn 0.2026 -0.9218 0.3307
vn 0.3493 -0.9175 0.1900
vn 0.4024 -0.9155 0.0000
vn 0.3493 -0.9175 -0.1900
vn 0.2026 -0.9218 -0.3307
vn 0.0000 -0.9239 -0.3827
vn -0.2026 -0.9218 -0.3307
vn -0.3493 -0.9175 -0.1900
vn -0.4024 -0.9155 -0.0000
vn -0.3493 -0.9175 0.1900
vn -0.2026 -0.9218 0.3307
vn 0.0000 -1.0000 0.0000
vn 0.0000 -1.0000 0.0000
vn 0.0000 -1.0000 0.0000
vn 0.0000 -1.0000 0.0000
vn 0.0000 -1.0000 -0.0000
vn 0.0000 -1.0000 -0.0000
vn 0.0000 -1.0000 -0.0000
vn -0.0000 -1.0000 -0.0000
vn -0.0000 -1.0000 -0.0000
vn -0.0000 -1.0000 -0.0000
vn -0.0000 -1.0000 0.0000
vn -0.0000 -1.0000 0.0000
f 8461//8461 8462//8462 8450//8450 8449//8449
f 8462//8462 8463//8463 8451//8451 8450//8450
f 8463//8463 8464//8464 8452//8452 8451//8451
f 8464//8464 8465//8465 8453//8453 8452//8452
f 8465//8465 8466//8466 8454//8454 8453//8453
f 8466//8466 8467//8467 8455//8455 8454//8454
f 8467//8467 8468//8468 8456//8456 8455//8455
f 8468//8468 8469//8469 8457//8457 8456//8456
f 8469//8469 8470//8470 8458//8458 8457//8457
f 8470//8470 8471//8471 8459//8459 8458//8458
f 8471//8471 8472//8472 8460//8460 8459//8459
f 8472//8472 8461//8461 8449//8449 8460//8460
f 8473//8473 8474//8474 8462//8462 8461//8461
f 8474//8474 8475//8475 8463//8463 8462//8462
f 8475//8475 8476//8476 8464//8464 8463//8463
f 8476//8476 8477//8477 8465//8465 8464//8464
f 8477//8477 8478//8478 8466//8466 8465//8465
f 8478//8478 8479//8479 8467//8467 8466//8466
f 8479//8479 8480//8480 8468//8468 8467//8467
f 8480//8480 8481//8481 8469//8469 8468//8468
f 8481//8481 8482//8482 8470//8470 8469//8469
f 8482//8482 8483//8483 8471//8471 8470//8470
f 8483//8483 8484//8484 8472//8472 8471//8471
f 8484//8484 8473//8473 8461//8461 8472//8472
f 8485//8485 8486//8486 8474//8474 8473//8473
f 8486//8486 8487//8487 8475//8475 8474//8474
f 8487//8487 8488//8488 8476//8476 8475//8475
f 8488//8488 8489//8489 8477//8477 8476//8476
f 8489//8489 8490//8490 8478//8478 8477//8477
f 8490//8490 8491//8491 8479//8479 8478//8478
f 8491//8491 8492//8492 8480//8480 8479//8479
f 8492//8492 8493//8493 8481//8481 8480//8480
f 8493//8493 8494//8494 8482//8482 8481//8481
f 8494//8494 8495//8495 8483//8483 8482//8482
f 8495//8495 8496//8496 8484//8484 8483//8483
f 8496//8496 8485//8485 8473//8473 8484//8484
f 8497//8497 8498//8498 8486//8486 8485//8485
f 8498//8498 8499//8499 8487//8487 8486//8486
f 8499//8499 8500//8500 8488//8488 8487//8487
f 8500//8500 8501//8501 8489//8489 8488//8488
f 8501//8501 8502//8502 8490//8490 8489//8489
f 8502//8502 8503//8503 8491//8491 8490//8490
f 8503//8503 8504//8504 8492//8492 8491//8491
f 8504//8504 8505//8505 8493//8493 8492//8492
f 8505//8505 8506//8506 8494//8494 8493//8493
f 8506//8506 8507//8507 8495//8495 8494//8494
f 8507//8507 8508//8508 8496//8496 8495//8495
f 8508//8508 8497//8497 8485//8485 8496//8496
f 8509//8509 8510//8510 8498//8498 8497//8497
f 8510//8510 8511//8511 8499//8499 8498//8498
f 8511//8511 8512//8512 8500//8500 8499//8499
f 8512//8512 8513//8513 8501//8501 8500//8500
f 8513//8513 8514//8514 8502//8502 8501//8501
f 8514//8514 8515//8515 8503//8503 8502//8502
f 8515//8515 8516//8516 8504//8504 8503//8503
f 8516//8516 8517//8517 8505//8505 8504//8504
f 8517//8517 8518//8518 8506//8506 8505//8505
f 8518//8518 8519//8519 8507//8507 8506//8506
f 8519//8519 8520//8520 8508//8508 8507//8507
f 8520//8520 8509//8509 8497//8497 8508//8508
f 8521//8521 8522//8522 8510//8510 8509//8509
f 8522//8522 8523//8523 8511//8511 8510//8510
f 8523//8523 8524//8524 8512//8512 8511//8511
f 8524//8524 8525//8525 8513//8513 8512//8512
f 8525//8525 8526//8526 8514//8514 8513//8513
f 8526//8526 8527//8527 8515//8515 8514//8514
f 8527//8527 8528//8528 8516//8516 8515//8515
f 8528//8528 8529//8529 8517//8517 8516//8516
f 8529//8529 8530//8530 8518//8518 8517//8517
f 8530//8530 8531//8531 8519//8519 8518//8518
f 8531//8531 8532//8532 8520//8520 8519//8519
f 8532//8532 8521//8521 8509//8509 8520//8520
f 8533//8533 8534//8534 8522//8522 8521//8521
f 8534//8534 8535//8535 8523//8523 8522//8522
f 8535//8535 8536//8536 8524//8524 8523//8523
f 8536//8536 8537//8537 8525//8525 8524//8524
f 8537//8537 8538//8538 8526//8526 8525//8525
f 8538//8538 8539//8539 8527//8527 8526//8526
f 8539//8539 8540//8540 8528//8528 8527//8527
f 8540//8540 8541//8541 8529//8529 8528//8528
f 8541//8541 8542//8542 8530//8530 8529//8529
f 8542//8542 8543//8543 8531//8531 8530//8530
f 8543//8543 8544//8544 8532//8532 8531//8531
f 8544//8544 8533//8533 8521//8521 8532//8532
f 8545//8545 8546//8546 8534//8534 8533//8533
f 8546//8546 8547//8547 8535//8535 8534//8534
f 8547//8547 8548//8548 8536//8536 8535//8535
f 8548//8548 8549//8549 8537//8537 8536//8536
f 8549//8549 8550//8550 8538//8538 8537//8537
f 8550//8550 8551//8551 8539//8539 8538//8538
f 8551//8551 8552//8552 8540//8540 8539//8539
f 8552//8552 8553//8553 8541//8541 8540//8540
f 8553//8553 8554//8554 8542//8542 8541//8541
f 8554//8554 8555//8555 8543//8543 8542//8542
f 8555//8555 8556//8556 8544//8544 8543//8543
f 8556//8556 8545//8545 8533//8533 8544//8544
g part93
usemtl skin
v -0.17200 0.13400 -0.01200
v -0.17200 0.13400 -0.01200
v -0.17200 0.13400 -0.01200
v -0.17200 0.13400 -0.01200
v -0.17200 0.13400 -0.01200
v -0.17200 0.13400 -0.01200
v -0.17200 0.13400 -0.01200
v -0.17200 0.13400 -0.01200
v -0.17200 0.13400 -0.01200
v -0.17200 0.13400 -0.01200
v -0.17200 0.12944 0.00600
v -0.16201 0.12944 0.00256
v -0.15583 0.12944 -0.00644
v -0.15583 0.12944 -0.01756
v -0.16201 0.12944 -0.02656
v -0.17200 0.12944 -0.03000
v -0.18199 0.12944 -0.02656
v -0.18817 0.12944 -0.01756
v -0.18817 0.12944 -0.00644
v -0.18199 0.12944 0.00256
v -0.17200 0.11700 0.01918
v -0.15469 0.11700 0.01322
v -0.14400 0.11700 -0.00237
v -0.14400 0.11700 -0.02163
v -0.15469 0.11700 -0.03722
v -0.17200 0.11700 -0.04318
v -0.18931 0.11700 -0.03722
v -0.20000 0.11700 -0.02163
v -0.20000 0.11700 -0.00237
v -0.18931 0.11700 0.01322
v -0.17200 0.10000 0.02400
v -0.15202 0.10000 0.01712
v -0.13966 0.10000 -0.00088
v -0.13966 0.10000 -0.02312
v -0.15202 0.10000 -0.04112
v -0.17200 0.10000 -0.04800
v -0.19198 0.10000 -0.04112
v -0.20434 0.10000 -0.02312
v -0.20434 0.10000 -0.00088
v -0.19198 0.10000 0.01712
v -0.17200 0.08300 0.01918
v -0.15469 0.08300 0.01322
v -0.14400 0.08300 -0.00237
v -0.14400 0.08300 -0.02163
v -0.15469 0.08300 -0.03722
v -0.17200 0.08300 -0.04318
v -0.18931 0.08300 -0.03722
v -0.20000 0.08300 -0.02163
v -0.20000 0.08300 -0.00237
v -0.18931 0.08300 0.01322
v -0.17200 0.07056 0.00600
v -0.16201 0.07056 0.00256
v -0.15583 0.07056 -0.00644
v -0.15583 0.07056 -0.01756
v -0.16201 0.07056 -0.02656
v -0.17200 0.07056 -0.03000
v -0.18199 0.07056 -0.02656
v -0.18817 0.07056 -0.01756
v -0.18817 0.07056 -0.00644
v -0.18199 0.07056 0.00256
v -0.17200 0.06600 -0.01200
v -0.17200 0.06600 -0.01200
v -0.17200 0.06600 -0.01200
v -0.17200 0.06600 -0.01200
v -0.17200 0.06600 -0.01200
v -0.17200 0.06600 -0.01200
v -0.17200 0.06600 -0.01200
v -0.17200 0.06600 -0.01200
v -0.17200 0.06600 -0.01200
v -0.17200 0.06600 -0.01200
vn 0.0000 1.0000 0.0000
vn 0.0000 1.0000 0.0000
vn 0.0000 1.0000 0.0000
vn 0.0000 1.0000 -0.0000
vn 0.0000 1.0000 -0.0000
vn 0.0000 1.0000 -0.0000
vn -0.0000 1.0000 -0.0000
vn -0.0000 1.0000 -0.0000
vn -0.0000 1.0000 0.0000
vn -0.0000 1.0000 0.0000
vn 0.0000 0.8780 0.4787
vn 0.2965 0.8738 0.3855
vn 0.4761 0.8671 0.1461
vn 0.4761 0.8671 -0.1461
vn 0.2965 0.8738 -0.3855
vn 0.0000 0.8780 -0.4787
vn -0.2965 0.8738 -0.3855
vn -0.4761 0.8671 -0.1461
vn -0.4761 0.8671 0.1461
vn -0.2965 0.8738 0.3855
vn 0.0000 0.5216 0.8532
vn 0.5231 0.5138 0.6800
vn 0.8268 0.5019 0.2537
vn 0.8268 0.5019 -0.2537
vn 0.5231 0.5138 -0.6800
vn 0.0000 0.5216 -0.8532
vn -0.5231 0.5138 -0.6800
vn -0.8268 0.5019 -0.2537
vn -0.8268 0.5019 0.2537
vn -0.5231 0.5138 0.6800
vn 0.0000 0.0000 1.0000
vn 0.6097 0.0000 0.7926
vn 0.9560 0.0000 0.2934
vn 0.9560 0.0000 -0.2934
vn 0.6097 0.0000 -0.7926
vn 0.0000 0.0000 -1.0000
vn -0.6097 0.0000 -0.7926
vn -0.9560 0.0000 -0.2934
vn -0.9560 0.0000 0.2934
vn -0.6097 0.0000 0.7926
vn 0.0000 -0.5216 0.8532
vn 0.5231 -0.5138 0.6800
vn 0.8268 -0.5019 0.2537
vn 0.8268 -0.5019 -0.2537
vn 0.5231 -0.5138 -0.6800
vn 0.0000 -0.5216 -0.8532
vn -0.5231 -0.5138 -0.6800
vn -0.8268 -0.5019 -0.2537
vn -0.8268 -0.5019 0.2537
vn -0.5231 -0.5138 0.6800
vn 0.0000 -0.8780 0.4787
vn 0.2965 -0.8738 0.3855
vn 0.4761 -0.8671 0.1461
vn 0.4761 -0.8671 -0.1461
vn 0.2965 -0.8738 -0.3855
vn 0.0000 -0.8780 -0.4787
vn -0.2965 -0.8738 -0.3855
vn -0.4761 -0.8671 -0.1461
vn -0.4761 -0.8671 0.1461
vn -0.2965 -0.8738 0.3855
vn 0.0000 -1.0000 0.0000
vn 0.0000 -1.0000 0.0000
vn 0.0000 -1.0000 0.0000
vn 0.0000 -1.0000 -0.0000
vn 0.0000 -1.0000 -0.0000
vn 0.0000 -1.0000 -0.0000
vn -0.0000 -1.0000 -0.0000
vn -0.0000 -1.0000 -0.0000
vn -0.0000 -1.0000 0.0000
vn -0.0000 -1.0000 0.0000
f 8567//8567 8568//8568 8558//8558 8557//8557
f 8568//8568 8569//8569 8559//8559 8558//8558
f 8569//8569 8570//8570 8560//8560 8559//8559
f 8570//8570 8571//8571 8561//8561 8560//8560
f 8571//8571 8572//8572 8562//8562 8561//8561
f 8572//8572 8573//8573 8563//8563 8562//8562
f 8573//8573 8574//8574 8564//8564 8563//8563
f 8574//8574 8575//8575 8565//8565 8564//8564
f 8575//8575 8576//8576 8566//8566 8565//8565
f 8576//8576 8567//8567 8557//8557 8566//8566
f 8577//8577 8578//8578 8568//8568 8567//8567
f 8578//8578 8579//8579 8569//8569 8568//8568
f 8579//8579 8580//8580 8570//8570 8569//8569
f 8580//8580 8581//8581 8571//8571 8570//8570
f 8581//8581 8582//8582 8572//8572 8571//8571
f 8582//8582 8583//8583 8573//8573 8572//8572
f 8583//8583 8584//8584 8574//8574 8573//8573
f 8584//8584 8585//8585 8575//8575 8574//8574
f 8585//8585 8586//8586 8576//8576 8575//8575
f 8586//8586 8577//8577 8567//8567 8576//8576
f 8587//8587 8588//8588 8578//8578 8577//8577
f 8588//8588 8589//8589 8579//8579 8578//8578
f 8589//8589 8590//8590 8580//8580 8579//8579
f 8590//8590 8591//8591 8581//8581 8580//8580
f 8591//8591 8592//8592 8582//8582 8581//8581
f 8592//8592 8593//8593 8583//8583 8582//8582
f 8593//8593 8594//8594 8584//8584 8583//8583
f 8594//8594 8595//8595 8585//8585 8584//8584
f 8595//8595 8596//8596 8586//8586 8585//8585
f 8596//8596 8587//8587 8577//8577 8586//8586
f 8597//8597 8598//8598 8588//8588 8587//8587
f 8598//8598 8599//8599 8589//8589 8588//8588
f 8599//8599 8600//8600 8590//8590 8589//8589
f 8600//8600 8601//8601 8591//8591 8590//8590
f 8601//8601 8602//8602 8592//8592 8591//8591
f 8602//8602 8603//8603 8593//8593 8592//8592
f 8603//8603 8604//8604 8594//8594 8593//8593
f 8604//8604 8605//8605 8595//8595 8594//8594
f 8605//8605 8606//8606 8596//8596 8595//8595
f 8606//8606 8597//8597 8587//8587 8596//8596
f 8607//8607 8608//8608 8598//8598 8597//8597
f 8608//8608 8609//8609 8599//8599 8598//8598
f 8609//8609 8610//8610 8600//8600 8599//8599
f 8610//8610 8611//8611 8601//8601 8600//8600
f 8611//8611 8612//8612 8602//8602 8601//8601
f 8612//8612 8613//8613 8603//8603 8602//8602
f 8613//8613 8614//8614 8604//8604 8603//8603
f 8614//8614 8615//8615 8605//8605 8604//8604
f 8615//8615 8616//8616 8606//8606 8605//8605
f 8616//8616 8607//8607 8597//8597 8606//8606
f 8617//8617 8618//8618 8608//8608 8607//8607
f 8618//8618 8619//8619 8609//8609 8608//8608
f 8619//8619 8620//8620 8610//8610 8609//8609
f 8620//8620 8621//8621 8611//8611 8610//8610
f 8621//8621 8622//8622 8612//8612 8611//8611
f 8622//8622 8623//8623 8613//8613 8612//8612
f 8623//8623 8624//8624 8614//8614 8613//8613
f 8624//8624 8625//8625 8615//8615 8614//8614
f 8625//8625 8626//8626 8616//8616 8615//8615
f 8626//8626 8617//8617 8607//8607 8616//8616
g part94
usemtl skin
v -0.17200 0.10000 0.06500
v -0.17200 0.10000 0.06500
v -0.17200 0.10000 0.06500
v -0.17200 0.10000 0.06500
v -0.17200 0.10000 0.06500
v -0.17200 0.10000 0.06500
v -0.17200 0.10000 0.06500
v -0.17200 0.10000 0.06500
v -0.17200 0.10000 0.06500
v -0.17200 0.10000 0.06500
v -0.17200 0.10000 0.06500
v -0.17200 0.10000 0.06500
v -0.17200 0.09635 0.12240
v -0.16148 0.09635 0.11471
v -0.15377 0.09635 0.09370
v -0.15095 0.09635 0.06500
v -0.15377 0.09635 0.03630
v -0.16148 0.09635 0.01529
v -0.17200 0.09635 0.00760
v -0.18252 0.09635 0.01529
v -0.19023 0.09635 0.03630
v -0.19305 0.09635 0.06500
v -0.19023 0.09635 0.09370
v -0.18252 0.09635 0.11471
v -0.17200 0.08594 0.17107
v -0.15255 0.08594 0.15686
v -0.13832 0.08594 0.11803
v -0.13311 0.08594 0.06500
v -0.13832 0.08594 0.01197
v -0.15255 0.08594 -0.02686
v -0.17200 0.08594 -0.04107
v -0.19145 0.08594 -0.02686
v -0.20568 0.08594 0.01197
v -0.21089 0.08594 0.06500
v -0.20568 0.08594 0.11803
v -0.19145 0.08594 0.15686
v -0.17200 0.07037 0.20358
v -0.14659 0.07037 0.18502
v -0.12799 0.07037 0.13429
v -0.12119 0.07037 0.06500
v -0.12799 0.07037 -0.00429
v -0.14659 0.07037 -0.05502
v -0.17200 0.07037 -0.07358
v -0.19741 0.07037 -0.05502
v -0.21601 0.07037 -0.00429
v -0.22281 0.07037 0.06500
v -0.21601 0.07037 0.13429
v -0.19741 0.07037 0.18502
v -0.17200 0.05200 0.21500
v -0.14450 0.05200 0.19490
v -0.12437 0.05200 0.14000
v -0.11700 0.05200 0.06500
v -0.12437 0.05200 -0.01000
v -0.14450 0.05200 -0.06490
v -0.17200 0.05200 -0.08500
v -0.19950 0.05200 -0.06490
v -0.21963 0.05200 -0.01000
v -0.22700 0.05200 0.06500
v -0.21963 0.05200 0.14000
v -0.19950 0.05200 0.19490
v -0.17200 0.03363 0.20358
v -0.14659 0.03363 0.18502
v -0.12799 0.03363 0.13429
v -0.12119 0.03363 0.06500
v -0.12799 0.03363 -0.00429
v -0.14659 0.03363 -0.05502
v -0.17200 0.03363 -0.07358
v -0.19741 0.03363 -0.05502
v -0.21601 0.03363 -0.00429
v -0.22281 0.03363 0.06500
v -0.21601 0.03363 0.13429
v -0.19741 0.03363 0.18502
v -0.17200 0.01806 0.17107
v -0.15255 0.01806 0.15686
v -0.13832 0.01806 0.11803
v -0.13311 0.01806 0.06500
v -0.13832 0.01806 0.01197
v -0.15255 0.01806 -0.02686
v -0.17200 0.01806 -0.04107
v -0.19145 0.01806 -0.02686
v -0.20568 0.01806 0.01197
v -0.21089 0.01806 0.06500
v -0.20568 0.01806 0.11803
v -0.19145 0.01806 0.15686
v -0.17200 0.00765 0.12240
v -0.16148 0.00765 0.11471
v -0.15377 0.00765 0.09370
v -0.15095 0.00765 0.06500
v -0.15377 0.00765 0.03630
v -0.16148 0.00765 0.01529
v -0.17200 0.00765 0.00760
v -0.18252 0.00765 0.01529
v -0.19023 0.00765 0.03630
v -0.19305 0.00765 0.06500
v -0.19023 0.00765 0.09370
v -0.18252 0.00765 0.11471
v -0.17200 0.00400 0.06500
v -0.17200 0.00400 0.06500
v -0.17200 0.00400 0.06500
v -0.17200 0.00400 0.06500
v -0.17200 0.00400 0.06500
v -0.17200 0.00400 0.06500
v -0.17200 0.00400 0.06500
v -0.17200 0.00400 0.06500
v -0.17200 0.00400 0.06500
v -0.17200 0.00400 0.06500
v -0.17200 0.00400 0.06500
v -0.17200 0.00400 0.06500
vn 0.0000 1.0000 0.0000
vn 0.0000 1.0000 0.0000
vn 0.0000 1.0000 0.0000
vn 0.0000 1.0000 0.0000
vn 0.0000 1.0000 -0.0000
vn 0.0000 1.0000 -0.0000
vn 0.0000 1.0000 -0.0000
vn -0.0000 1.0000 -0.0000
vn -0.0000 1.0000 -0.0000
vn -0.0000 1.0000 -0.0000
vn -0.0000 1.0000 0.0000
vn -0.0000 1.0000 0.0000
vn 0.0000 0.9913 0.1314
vn 0.1767 0.9778 0.1122
vn 0.2982 0.9524 0.0631
vn 0.3400 0.9404 0.0000
vn 0.2982 0.9524 -0.0631
vn 0.1767 0.9778 -0.1122
vn 0.0000 0.9913 -0.1314
vn -0.1767 0.9778 -0.1122
vn -0.2982 0.9524 -0.0631
vn -0.3400 0.9404 -0.0000
vn -0.2982 0.9524 0.0631
vn -0.1767 0.9778 0.1122
vn 0.0000 0.9524 0.3048
vn 0.3876 0.8883 0.2462
vn 0.5981 0.7914 0.1266
vn 0.6575 0.7534 0.0000
vn 0.5981 0.7914 -0.1266
vn 0.3876 0.8883 -0.2462
vn 0.0000 0.9524 -0.3048
vn -0.3876 0.8883 -0.2462
vn -0.5981 0.7914 -0.1266
vn -0.6575 0.7534 -0.0000
vn -0.5981 0.7914 0.1266
vn -0.3876 0.8883 0.2462
vn 0.0000 0.7914 0.6114
vn 0.6588 0.6253 0.4184
vn 0.8622 0.4725 0.1825
vn 0.9034 0.4288 0.0000
vn 0.8622 0.4725 -0.1825
vn 0.6588 0.6253 -0.4184
vn 0.0000 0.7914 -0.6114
vn -0.6588 0.6253 -0.4184
vn -0.8622 0.4725 -0.1825
vn -0.9034 0.4288 -0.0000
vn -0.8622 0.4725 0.1825
vn -0.6588 0.6253 0.4184
vn 0.0000 0.0000 1.0000
vn 0.8441 0.0000 0.5361
vn 0.9783 0.0000 0.2071
vn 1.0000 0.0000 0.0000
vn 0.9783 0.0000 -0.2071
vn 0.8441 0.0000 -0.5361
vn 0.0000 0.0000 -1.0000
vn -0.8441 0.0000 -0.5361
vn -0.9783 0.0000 -0.2071
vn -1.0000 0.0000 -0.0000
vn -0.9783 0.0000 0.2071
vn -0.8441 0.0000 0.5361
vn 0.0000 -0.7914 0.6114
vn 0.6588 -0.6253 0.4184
vn 0.8622 -0.4725 0.1825
vn 0.9034 -0.4288 0.0000
vn 0.8622 -0.4725 -0.1825
vn 0.6588 -0.6253 -0.4184
vn 0.0000 -0.7914 -0.6114
vn -0.6588 -0.6253 -0.4184
vn -0.8622 -0.4725 -0.1825
vn -0.9034 -0.4288 -0.0000
vn -0.8622 -0.4725 0.1825
vn -0.6588 -0.6253 0.4184
vn 0.0000 -0.9524 0.3048
vn 0.3876 -0.8883 0.2462
vn 0.5981 -0.7914 0.1266
vn 0.6575 -0.7534 0.0000
vn 0.5981 -0.7914 -0.1266
vn 0.3876 -0.8883 -0.2462
vn 0.0000 -0.9524 -0.3048
vn -0.3876 -0.8883 -0.2462
vn -0.5981 -0.7914 -0.1266
vn -0.6575 -0.7534 -0.0000
vn -0.5981 -0.7914 0.1266
vn -0.3876 -0.8883 0.2462
vn 0.0000 -0.9913 0.1314
vn 0.1767 -0.9778 0.1122
vn 0.2982 -0.9524 0.0631
vn 0.3400 -0.9404 0.0000
vn 0.2982 -0.9524 -0.0631
vn 0.1767 -0.9778 -0.1122
vn 0.0000 -0.9913 -0.1314
vn -0.1767 -0.9778 -0.1122
vn -0.2982 -0.9524 -0.0631
vn -0.3400 -0.9404 -0.0000
vn -0.2982 -0.9524 0.0631
vn -0.1767 -0.9778 0.1122
vn 0.0000 -1.0000 0.0000
vn 0.0000 -1.0000 0.0000
vn 0.0000 -1.0000 0.0000
vn 0.0000 -1.0000 0.0000
vn 0.0000 -1.0000 -0.0000
vn 0.0000 -1.0000 -0.0000
vn 0.0000 -1.0000 -0.0000
vn -0.0000 -1.0000 -0.0000
vn -0.0000 -1.0000 -0.0000
vn -0.0000 -1.0000 -0.0000
vn -0.0000 -1.0000 0.0000
vn -0.0000 -1.0000 0.0000
f 8639//8639 8640//8640 8628//8628 8627//8627
f 8640//8640 8641//8641 8629//8629 8628//8628
f 8641//8641 8642//8642 8630//8630 8629//8629
f 8642//8642 8643//8643 8631//8631 8630//8630
f 8643//8643 8644//8644 8632//8632 8631//8631
f 8644//8644 8645//8645 8633//8633 8632//8632
f 8645//8645 8646//8646 8634//8634 8633//8633
f 8646//8646 8647//8647 8635//8635 8634//8634
f 8647//8647 8648//8648 8636//8636 8635//8635
f 8648//8648 8649//8649 8637//8637 8636//8636
f 8649//8649 8650//8650 8638//8638 8637//8637
f 8650//8650 8639//8639 8627//8627 8638//8638
f 8651//8651 8652//8652 8640//8640 8639//8639
f 8652//8652 8653//8653 8641//8641 8640//8640
f 8653//8653 8654//8654 8642//8642 8641//8641
f 8654//8654 8655//8655 8643//8643 8642//8642
f 8655//8655 8656//8656 8644//8644 8643//8643
f 8656//8656 8657//8657 8645//8645 8644//8644
f 8657//8657 8658//8658 8646//8646 8645//8645
f 8658//8658 8659//8659 8647//8647 8646//8646
f 8659//8659 8660//8660 8648//8648 8647//8647
f 8660//8660 8661//8661 8649//8649 8648//8648
f 8661//8661 8662//8662 8650//8650 8649//8649
f 8662//8662 8651//8651 8639//8639 8650//8650
f 8663//8663 8664//8664 8652//8652 8651//8651
f 8664//8664 8665//8665 8653//8653 8652//8652
f 8665//8665 8666//8666 8654//8654 8653//8653
f 8666//8666 8667//8667 8655//8655 8654//8654
f 8667//8667 8668//8668 8656//8656 8655//8655
f 8668//8668 8669//8669 8657//8657 8656//8656
f 8669//8669 8670//8670 8658//8658 8657//8657
f 8670//8670 8671//8671 8659//8659 8658//8658
f 8671//8671 8672//8672 8660//8660 8659//8659
f 8672//8672 8673//8673 8661//8661 8660//8660
f 8673//8673 8674//8674 8662//8662 8661//8661
f 8674//8674 8663//8663 8651//8651 8662//8662
f 8675//8675 8676//8676 8664//8664 8663//8663
f 8676//8676 8677//8677 8665//8665 8664//8664
f 8677//8677 8678//8678 8666//8666 8665//8665
f 8678//8678 8679//8679 8667//8667 8666//8666
f 8679//8679 8680//8680 8668//8668 8667//8667
f 8680//8680 8681//8681 8669//8669 8668//8668
f 8681//8681 8682//8682 8670//8670 8669//8669
f 8682//8682 8683//8683 8671//8671 8670//8670
f 8683//8683 8684//8684 8672//8672 8671//8671
f 8684//8684 8685//8685 8673//8673 8672//8672
f 8685//8685 8686//8686 8674//8674 8673//8673
f 8686//8686 8675//8675 8663//8663 8674//8674
f 8687//8687 8688//8688 8676//8676 8675//8675
f 8688//8688 8689//8689 8677//8677 8676//8676
f 8689//8689 8690//8690 8678//8678 8677//8677
f 8690//8690 8691//8691 8679//8679 8678//8678
f 8691//8691 8692//8692 8680//8680 8679//8679
f 8692//8692 8693//8693 8681//8681 8680//8680
f 8693//8693 8694//8694 8682//8682 8681//8681
f 8694//8694 8695//8695 8683//8683 8682//8682
f 8695//8695 8696//8696 8684//8684 8683//8683
f 8696//8696 8697//8697 8685//8685 8684//8684
f 8697//8697 8698//8698 8686//8686 8685//8685
f 8698//8698 8687//8687 8675//8675 8686//8686
f 8699//8699 8700//8700 8688//8688 8687//8687
f 8700//8700 8701//8701 8689//8689 8688//8688
f 8701//8701 8702//8702 8690//8690 8689//8689
f 8702//8702 8703//8703 8691//8691 8690//8690
f 8703//8703 8704//8704 8692//8692 8691//8691
f 8704//8704 8705//8705 8693//8693 8692//8692
f 8705//8705 8706//8706 8694//8694 8693//8693
f 8706//8706 8707//8707 8695//8695 8694//8694
f 8707//8707 8708//8708 8696//8696 8695//8695
f 8708//8708 8709//8709 8697//8697 8696//8696
f 8709//8709 8710//8710 8698//8698 8697//8697
f 8710//8710 8699//8699 8687//8687 8698//8698
f 8711//8711 8712//8712 8700//8700 8699//8699
f 8712//8712 8713//8713 8701//8701 8700//8700
f 8713//8713 8714//8714 8702//8702 8701//8701
f 8714//8714 8715//8715 8703//8703 8702//8702
f 8715//8715 8716//8716 8704//8704 8703//8703
f 8716//8716 8717//8717 8705//8705 8704//8704
f 8717//8717 8718//8718 8706//8706 8705//8705
f 8718//8718 8719//8719 8707//8707 8706//8706
f 8719//8719 8720//8720 8708//8708 8707//8707
f 8720//8720 8721//8721 8709//8709 8708//8708
f 8721//8721 8722//8722 8710//8710 8709//8709
f 8722//8722 8711//8711 8699//8699 8710//8710
f 8723//8723 8724//8724 8712//8712 8711//8711
f 8724//8724 8725//8725 8713//8713 8712//8712
f 8725//8725 8726//8726 8714//8714 8713//8713
f 8726//8726 8727//8727 8715//8715 8714//8714
f 8727//8727 8728//8728 8716//8716 8715//8715
f 8728//8728 8729//8729 8717//8717 8716//8716
f 8729//8729 8730//8730 8718//8718 8717//8717
f 8730//8730 8731//8731 8719//8719 8718//8718
f 8731//8731 8732//8732 8720//8720 8719//8719
f 8732//8732 8733//8733 8721//8721 8720//8720
f 8733//8733 8734//8734 8722//8722 8721//8721
f 8734//8734 8723//8723 8711//8711 8722//8722
g part95
usemtl skin
v -0.17200 0.08000 -0.08500
v -0.17200 0.08000 -0.08500
v -0.17200 0.08000 -0.08500
v -0.17200 0.08000 -0.08500
v -0.17200 0.08000 -0.08500
v -0.17200 0.08000 -0.08500
v -0.17200 0.08000 -0.08500
v -0.17200 0.08000 -0.08500
v -0.17200 0.08000 -0.08500
v -0.17200 0.08000 -0.08500
v -0.17200 0.07464 -0.06000
v -0.15907 0.07464 -0.06477
v -0.15108 0.07464 -0.07727
v -0.15108 0.07464 -0.09273
v -0.15907 0.07464 -0.10523
v -0.17200 0.07464 -0.11000
v -0.18493 0.07464 -0.10523
v -0.19292 0.07464 -0.09273
v -0.19292 0.07464 -0.07727
v -0.18493 0.07464 -0.06477
v -0.17200 0.06000 -0.04170
v -0.14960 0.06000 -0.04997
v -0.13576 0.06000 -0.07162
v -0.13576 0.06000 -0.09838
v -0.14960 0.06000 -0.12003
v -0.17200 0.06000 -0.12830
v -0.19440 0.06000 -0.12003
v -0.20824 0.06000 -0.09838
v -0.20824 0.06000 -0.07162
v -0.19440 0.06000 -0.04997
v -0.17200 0.04000 -0.03500
v -0.14614 0.04000 -0.04455
v -0.13015 0.04000 -0.06955
v -0.13015 0.04000 -0.10045
v -0.14614 0.04000 -0.12545
v -0.17200 0.04000 -0.13500
v -0.19786 0.04000 -0.12545
v -0.21385 0.04000 -0.10045
v -0.21385 0.04000 -0.06955
v -0.19786 0.04000 -0.04455
v -0.17200 0.02000 -0.04170
v -0.14960 0.02000 -0.04997
v -0.13576 0.02000 -0.07162
v -0.13576 0.02000 -0.09838
v -0.14960 0.02000 -0.12003
v -0.17200 0.02000 -0.12830
v -0.19440 0.02000 -0.12003
v -0.20824 0.02000 -0.09838
v -0.20824 0.02000 -0.07162
v -0.19440 0.02000 -0.04997
v -0.17200 0.00536 -0.06000
v -0.15907 0.00536 -0.06477
v -0.15108 0.00536 -0.07727
v -0.15108 0.00536 -0.09273
v -0.15907 0.00536 -0.10523
v -0.17200 0.00536 -0.11000
v -0.18493 0.00536 -0.10523
v -0.19292 0.00536 -0.09273
v -0.19292 0.00536 -0.07727
v -0.18493 0.00536 -0.06477
v -0.17200 0.00000 -0.08500
v -0.17200 0.00000 -0.08500
v -0.17200 0.00000 -0.08500
v -0.17200 0.00000 -0.08500
v -0.17200 0.00000 -0.08500
v -0.17200 0.00000 -0.08500
v -0.17200 0.00000 -0.08500
v -0.17200 0.00000 -0.08500
v -0.17200 0.00000 -0.08500
v -0.17200 0.00000 -0.08500
vn 0.0000 1.0000 0.0000
vn 0.0000 1.0000 0.0000
vn 0.0000 1.0000 0.0000
vn 0.0000 1.0000 -0.0000
vn 0.0000 1.0000 -0.0000
vn 0.0000 1.0000 -0.0000
vn -0.0000 1.0000 -0.0000
vn -0.0000 1.0000 -0.0000
vn -0.0000 1.0000 0.0000
vn -0.0000 1.0000 0.0000
vn 0.0000 0.9078 0.4193
vn 0.2776 0.8999 0.3363
vn 0.4430 0.8875 0.1267
vn 0.4430 0.8875 -0.1267
vn 0.2776 0.8999 -0.3363
vn 0.0000 0.9078 -0.4193
vn -0.2776 0.8999 -0.3363
vn -0.4430 0.8875 -0.1267
vn -0.4430 0.8875 0.1267
vn -0.2776 0.8999 0.3363
vn 0.0000 0.5852 0.8109
vn 0.5245 0.5668 0.6353
vn 0.8091 0.5403 0.2313
vn 0.8091 0.5403 -0.2313
vn 0.5245 0.5668 -0.6353
vn 0.0000 0.5852 -0.8109
vn -0.5245 0.5668 -0.6353
vn -0.8091 0.5403 -0.2313
vn -0.8091 0.5403 0.2313
vn -0.5245 0.5668 0.6353
vn 0.0000 0.0000 1.0000
vn 0.6367 0.0000 0.7711
vn 0.9615 0.0000 0.2749
vn 0.9615 0.0000 -0.2749
vn 0.6367 0.0000 -0.7711
vn 0.0000 0.0000 -1.0000
vn -0.6367 0.0000 -0.7711
vn -0.9615 0.0000 -0.2749
vn -0.9615 0.0000 0.2749
vn -0.6367 0.0000 0.7711
vn 0.0000 -0.5852 0.8109
vn 0.5245 -0.5668 0.6353
vn 0.8091 -0.5403 0.2313
vn 0.8091 -0.5403 -0.2313
vn 0.5245 -0.5668 -0.6353
vn 0.0000 -0.5852 -0.8109
vn -0.5245 -0.5668 -0.6353
vn -0.8091 -0.5403 -0.2313
vn -0.8091 -0.5403 0.2313
vn -0.5245 -0.5668 0.6353
vn 0.0000 -0.9078 0.4193
vn 0.2776 -0.8999 0.3363
vn 0.4430 -0.8875 0.1267
vn 0.4430 -0.8875 -0.1267
vn 0.2776 -0.8999 -0.3363
vn 0.0000 -0.9078 -0.4193
vn -0.2776 -0.8999 -0.3363
vn -0.4430 -0.8875 -0.1267
vn -0.4430 -0.8875 0.1267
vn -0.2776 -0.8999 0.3363
vn 0.0000 -1.0000 0.0000
vn 0.0000 -1.0000 0.0000
vn 0.0000 -1.0000 0.0000
vn 0.0000 -1.0000 -0.0000
vn 0.0000 -1.0000 -0.0000
vn 0.0000 -1.0000 -0.0000
vn -0.0000 -1.0000 -0.0000
vn -0.0000 -1.0000 -0.0000
vn -0.0000 -1.0000 0.0000
vn -0.0000 -1.0000 0.0000
f 8745//8745 8746//8746 8736//8736 8735//8735
f 8746//8746 8747//8747 8737//8737 8736//8736
f 8747//8747 8748//8748 8738//8738 8737//8737
f 8748//8748 8749//8749 8739//8739 8738//8738
f 8749//8749 8750//8750 8740//8740 8739//8739
f 8750//8750 8751//8751 8741//8741 8740//8740
f 8751//8751 8752//8752 8742//8742 8741//8741
f 8752//8752 8753//8753 8743//8743 8742//8742
f 8753//8753 8754//8754 8744//8744 8743//8743
f 8754//8754 8745//8745 8735//8735 8744//8744
f 8755//8755 8756//8756 8746//8746 8745//8745
f 8756//8756 8757//8757 8747//8747 8746//8746
f 8757//8757 8758//8758 8748//8748 8747//8747
f 8758//8758 8759//8759 8749//8749 8748//8748
f 8759//8759 8760//8760 8750//8750 8749//8749
f 8760//8760 8761//8761 8751//8751 8750//8750
f 8761//8761 8762//8762 8752//8752 8751//8751
f 8762//8762 8763//8763 8753//8753 8752//8752
f 8763//8763 8764//8764 8754//8754 8753//8753
f 8764//8764 8755//8755 8745//8745 8754//8754
f 8765//8765 8766//8766 8756//8756 8755//8755
f 8766//8766 8767//8767 8757//8757 8756//8756
f 8767//8767 8768//8768 8758//8758 8757//8757
f 8768//8768 8769//8769 8759//8759 8758//8758
f 8769//8769 8770//8770 8760//8760 8759//8759
f 8770//8770 8771//8771 8761//8761 8760//8760
f 8771//8771 8772//8772 8762//8762 8761//8761
f 8772//8772 8773//8773 8763//8763 8762//8762
f 8773//8773 8774//8774 8764//8764 8763//8763
f 8774//8774 8765//8765 8755//8755 8764//8764
f 8775//8775 8776//8776 8766//8766 8765//8765
f 8776//8776 8777//8777 8767//8767 8766//8766
f 8777//8777 8778//8778 8768//8768 8767//8767
f 8778//8778 8779//8779 8769//8769 8768//8768
f 8779//8779 8780//8780 8770//8770 8769//8769
f 8780//8780 8781//8781 8771//8771 8770//8770
f 8781//8781 8782//8782 8772//8772 8771//8771
f 8782//8782 8783//8783 8773//8773 8772//8772
f 8783//8783 8784//8784 8774//8774 8773//8773
f 8784//8784 8775//8775 8765//8765 8774//8774
f 8785//8785 8786//8786 8776//8776 8775//8775
f 8786//8786 8787//8787 8777//8777 8776//8776
f 8787//8787 8788//8788 8778//8778 8777//8777
f 8788//8788 8789//8789 8779//8779 8778//8778
f 8789//8789 8790//8790 8780//8780 8779//8779
f 8790//8790 8791//8791 8781//8781 8780//8780
f 8791//8791 8792//8792 8782//8782 8781//8781
f 8792//8792 8793//8793 8783//8783 8782//8782
f 8793//8793 8794//8794 8784//8784 8783//8783
f 8794//8794 8785//8785 8775//8775 8784//8784
f 8795//8795 8796//8796 8786//8786 8785//8785
f 8796//8796 8797//8797 8787//8787 8786//8786
f 8797//8797 8798//8798 8788//8788 8787//8787
f 8798//8798 8799//8799 8789//8789 8788//8788
f 8799//8799 8800//8800 8790//8790 8789//8789
f 8800//8800 8801//8801 8791//8791 8790//8790
f 8801//8801 8802//8802 8792//8792 8791//8791
f 8802//8802 8803//8803 8793//8793 8792//8792
f 8803//8803 8804//8804 8794//8794 8793//8793
f 8804//8804 8795//8795 8785//8785 8794//8794
g part96
usemtl skin
v -0.13560 0.04536 0.18691
v -0.14505 0.04145 0.18832
v -0.14921 0.03200 0.18780
v -0.14562 0.02255 0.18563
v -0.13640 0.01864 0.18309
v -0.12695 0.02255 0.18168
v -0.12279 0.03200 0.18220
v -0.12638 0.04145 0.18437
v -0.12963 0.04014 0.21510
v -0.13838 0.03652 0.21641
v -0.14222 0.02778 0.21592
v -0.13890 0.01904 0.21392
v -0.13037 0.01542 0.21157
v -0.12162 0.01904 0.21026
v -0.11778 0.02778 0.21075
v -0.12110 0.03652 0.21275
v -0.12368 0.03493 0.24316
v -0.13172 0.03160 0.24441
v -0.13523 0.02356 0.24404
v -0.13217 0.01551 0.24229
v -0.12432 0.01218 0.24017
v -0.11628 0.01551 0.23893
v -0.11277 0.02356 0.23929
v -0.11583 0.03160 0.24104
v -0.11778 0.03047 0.27106
v -0.12513 0.02741 0.27229
v -0.12830 0.02000 0.27218
v -0.12544 0.01259 0.27079
v -0.11822 0.00953 0.26894
v -0.11087 0.01259 0.26771
v -0.10770 0.02000 0.26782
v -0.11056 0.02741 0.26921
v -0.11185 0.02721 0.29902
v -0.11859 0.02438 0.30024
v -0.12147 0.01756 0.30034
v -0.11880 0.01073 0.29926
v -0.11215 0.00790 0.29764
v -0.10541 0.01073 0.29643
v -0.10253 0.01756 0.29633
v -0.10520 0.02438 0.29740
v -0.10589 0.02465 0.32720
v -0.11207 0.02205 0.32835
v -0.11470 0.01578 0.32851
v -0.11223 0.00950 0.32759
v -0.10611 0.00690 0.32613
v -0.09993 0.00950 0.32499
v -0.09730 0.01578 0.32482
v -0.09977 0.02205 0.32574
v -0.09990 0.02208 0.35549
v -0.10553 0.01972 0.35653
v -0.10792 0.01400 0.35668
v -0.10568 0.00828 0.35584
v -0.10010 0.00592 0.35451
v -0.09447 0.00828 0.35347
v -0.09208 0.01400 0.35332
v -0.09432 0.01972 0.35416
v -0.13560 0.04536 0.18691
v -0.14505 0.04145 0.18832
v -0.14921 0.03200 0.18780
v -0.14562 0.02255 0.18563
v -0.13640 0.01864 0.18309
v -0.12695 0.02255 0.18168
v -0.12279 0.03200 0.18220
v -0.12638 0.04145 0.18437
v -0.13600 0.03200 0.18500
vn 0.0369 0.9840 0.1744
vn -0.6632 0.6943 0.2795
vn -0.9707 -0.0050 0.2404
vn -0.7054 -0.7043 0.0801
vn -0.0228 -0.9939 -0.1077
vn 0.6773 -0.7043 -0.2128
vn 0.9848 -0.0050 -0.1737
vn 0.7195 0.6943 -0.0133
vn 0.0370 0.9840 0.1745
vn -0.6631 0.6943 0.2796
vn -0.9707 -0.0050 0.2404
vn -0.7054 -0.7043 0.0800
vn -0.0228 -0.9939 -0.1077
vn 0.6773 -0.7043 -0.2128
vn 0.9848 -0.0050 -0.1737
vn 0.7196 0.6943 -0.0132
vn 0.0345 0.9860 0.1629
vn -0.6650 0.6959 0.2711
vn -0.9709 -0.0045 0.2396
vn -0.7040 -0.7049 0.0868
vn -0.0207 -0.9950 -0.0978
vn 0.6787 -0.7049 -0.2061
vn 0.9846 -0.0045 -0.1746
vn 0.7178 0.6959 -0.0217
vn 0.0278 0.9910 0.1311
vn -0.6699 0.6998 0.2480
vn -0.9715 -0.0032 0.2371
vn -0.7002 -0.7062 0.1050
vn -0.0150 -0.9974 -0.0710
vn 0.6827 -0.7062 -0.1878
vn 0.9842 -0.0032 -0.1770
vn 0.7129 0.6998 -0.0449
vn 0.0209 0.9949 0.0988
vn -0.6750 0.7029 0.2244
vn -0.9721 -0.0021 0.2346
vn -0.6963 -0.7070 0.1235
vn -0.0093 -0.9990 -0.0438
vn 0.6866 -0.7070 -0.1693
vn 0.9837 -0.0021 -0.1795
vn 0.7080 0.7029 -0.0685
vn 0.0183 0.9961 0.0865
vn -0.6769 0.7038 0.2154
vn -0.9723 -0.0017 0.2337
vn -0.6949 -0.7072 0.1306
vn -0.0071 -0.9994 -0.0334
vn 0.6882 -0.7072 -0.1623
vn 0.9836 -0.0017 -0.1805
vn 0.7061 0.7038 -0.0775
vn 0.0183 0.9961 0.0865
vn -0.6769 0.7038 0.2154
vn -0.9723 -0.0017 0.2337
vn -0.6949 -0.7072 0.1306
vn -0.0071 -0.9994 -0.0333
vn 0.6882 -0.7072 -0.1622
vn 0.9836 -0.0017 -0.1805
vn 0.7061 0.7038 -0.0775
vn -0.2050 0.1443 -0.9681
vn -0.2050 0.1443 -0.9681
vn -0.2050 0.1443 -0.9681
vn -0.2050 0.1443 -0.9681
vn -0.2050 0.1443 -0.9681
vn -0.2050 0.1443 -0.9681
vn -0.2050 0.1443 -0.9681
vn -0.2050 0.1443 -0.9681
vn -0.2050 0.1443 -0.9681
f 8805//8805 8806//8806 8814//8814 8813//8813
f 8806//8806 8807//8807 8815//8815 8814//8814
f 8807//8807 8808//8808 8816//8816 8815//8815
f 8808//8808 8809//8809 8817//8817 8816//8816
f 8809//8809 8810//8810 8818//8818 8817//8817
f 8810//8810 8811//8811 8819//8819 8818//8818
f 8811//8811 8812//8812 8820//8820 8819//8819
f 8812//8812 8805//8805 8813//8813 8820//8820
f 8813//8813 8814//8814 8822//8822 8821//8821
f 8814//8814 8815//8815 8823//8823 8822//8822
f 8815//8815 8816//8816 8824//8824 8823//8823
f 8816//8816 8817//8817 8825//8825 8824//8824
f 8817//8817 8818//8818 8826//8826 8825//8825
f 8818//8818 8819//8819 8827//8827 8826//8826
f 8819//8819 8820//8820 8828//8828 8827//8827
f 8820//8820 8813//8813 8821//8821 8828//8828
f 8821//8821 8822//8822 8830//8830 8829//8829
f 8822//8822 8823//8823 8831//8831 8830//8830
f 8823//8823 8824//8824 8832//8832 8831//8831
f 8824//8824 8825//8825 8833//8833 8832//8832
f 8825//8825 8826//8826 8834//8834 8833//8833
f 8826//8826 8827//8827 8835//8835 8834//8834
f 8827//8827 8828//8828 8836//8836 8835//8835
f 8828//8828 8821//8821 8829//8829 8836//8836
f 8829//8829 8830//8830 8838//8838 8837//8837
f 8830//8830 8831//8831 8839//8839 8838//8838
f 8831//8831 8832//8832 8840//8840 8839//8839
f 8832//8832 8833//8833 8841//8841 8840//8840
f 8833//8833 8834//8834 8842//8842 8841//8841
f 8834//8834 8835//8835 8843//8843 8842//8842
f 8835//8835 8836//8836 8844//8844 8843//8843
f 8836//8836 8829//8829 8837//8837 8844//8844
f 8837//8837 8838//8838 8846//8846 8845//8845
f 8838//8838 8839//8839 8847//8847 8846//8846
f 8839//8839 8840//8840 8848//8848 8847//8847
f 8840//8840 8841//8841 8849//8849 8848//8848
f 8841//8841 8842//8842 8850//8850 8849//8849
f 8842//8842 8843//8843 8851//8851 8850//8850
f 8843//8843 8844//8844 8852//8852 8851//8851
f 8844//8844 8837//8837 8845//8845 8852//8852
f 8845//8845 8846//8846 8854//8854 8853//8853
f 8846//8846 8847//8847 8855//8855 8854//8854
f 8847//8847 8848//8848 8856//8856 8855//8855
f 8848//8848 8849//8849 8857//8857 8856//8856
f 8849//8849 8850//8850 8858//8858 8857//8857
f 8850//8850 8851//8851 8859//8859 8858//8858
f 8851//8851 8852//8852 8860//8860 8859//8859
f 8852//8852 8845//8845 8853//8853 8860//8860
f 8862//8862 8869//8869 8861//8861
f 8863//8863 8869//8869 8862//8862
f 8864//8864 8869//8869 8863//8863
f 8865//8865 8869//8869 8864//8864
f 8866//8866 8869//8869 8865//8865
f 8867//8867 8869//8869 8866//8866
f 8868//8868 8869//8869 8867//8867
f 8861//8861 8869//8869 8868//8868
g part97
usemtl bone
v -0.10000 0.02089 0.35625
v -0.10606 0.01744 0.35563
v -0.10606 0.01056 0.35437
v -0.10000 0.00711 0.35375
v -0.09394 0.01056 0.35437
v -0.09394 0.01744 0.35563
v -0.10000 0.01865 0.36314
v -0.10523 0.01570 0.36251
v -0.10523 0.00980 0.36124
v -0.10000 0.00685 0.36061
v -0.09477 0.00980 0.36124
v -0.09477 0.01570 0.36251
v -0.10000 0.01555 0.37052
v -0.10416 0.01328 0.36976
v -0.10416 0.00872 0.36824
v -0.10000 0.00645 0.36748
v -0.09584 0.00872 0.36824
v -0.09584 0.01328 0.36976
v -0.10000 0.01026 0.37797
v -0.10237 0.00900 0.37742
v -0.10237 0.00650 0.37633
v -0.10000 0.00524 0.37578
v -0.09763 0.00650 0.37633
v -0.09763 0.00900 0.37742
v -0.10000 0.00436 0.38517
v -0.10035 0.00418 0.38508
v -0.10035 0.00382 0.38492
v -0.10000 0.00364 0.38483
v -0.09965 0.00382 0.38492
v -0.09965 0.00418 0.38508
v -0.10000 0.00436 0.38517
v -0.10035 0.00418 0.38508
v -0.10035 0.00382 0.38492
v -0.10000 0.00364 0.38483
v -0.09965 0.00382 0.38492
v -0.09965 0.00418 0.38508
v -0.10000 0.00400 0.38500
vn 0.0000 0.9512 0.3085
vn -0.8581 0.4633 0.2212
vn -0.8577 -0.5120 0.0476
vn -0.0000 -0.9992 -0.0388
vn 0.8577 -0.5120 0.0476
vn 0.8581 0.4633 0.2212
vn 0.0000 0.9367 0.3502
vn -0.8564 0.4524 0.2488
vn -0.8554 -0.5156 0.0494
vn -0.0000 -0.9988 -0.0485
vn 0.8554 -0.5156 0.0494
vn 0.8564 0.4524 0.2488
vn 0.0000 0.8703 0.4926
vn -0.8488 0.4022 0.3432
vn -0.8468 -0.5301 0.0444
vn -0.0000 -0.9945 -0.1052
vn 0.8468 -0.5301 0.0444
vn 0.8488 0.4022 0.3432
vn 0.0000 0.7947 0.6070
vn -0.8405 0.3479 0.4155
vn -0.8392 -0.5429 0.0321
vn -0.0000 -0.9871 -0.1598
vn 0.8392 -0.5429 0.0321
vn 0.8405 0.3479 0.4155
vn 0.0000 0.7736 0.6337
vn -0.8381 0.3337 0.4316
vn -0.8377 -0.5454 0.0274
vn 0.0000 -0.9846 -0.1746
vn 0.8377 -0.5454 0.0274
vn 0.8381 0.3337 0.4316
vn 0.0000 -0.4191 0.9080
vn 0.0000 -0.4191 0.9080
vn 0.0000 -0.4191 0.9080
vn 0.0000 -0.4191 0.9080
vn 0.0000 -0.4191 0.9080
vn 0.0000 -0.4191 0.9080
vn 0.0000 -0.4191 0.9080
f 8870//8870 8871//8871 8877//8877 8876//8876
f 8871//8871 8872//8872 8878//8878 8877//8877
f 8872//8872 8873//8873 8879//8879 8878//8878
f 8873//8873 8874//8874 8880//8880 8879//8879
f 8874//8874 8875//8875 8881//8881 8880//8880
f 8875//8875 8870//8870 8876//8876 8881//8881
f 8876//8876 8877//8877 8883//8883 8882//8882
f 8877//8877 8878//8878 8884//8884 8883//8883
f 8878//8878 8879//8879 8885//8885 8884//8884
f 8879//8879 8880//8880 8886//8886 8885//8885
f 8880//8880 8881//8881 8887//8887 8886//8886
f 8881//8881 8876//8876 8882//8882 8887//8887
f 8882//8882 8883//8883 8889//8889 8888//8888
f 8883//8883 8884//8884 8890//8890 8889//8889
f 8884//8884 8885//8885 8891//8891 8890//8890
f 8885//8885 8886//8886 8892//8892 8891//8891
f 8886//8886 8887//8887 8893//8893 8892//8892
f 8887//8887 8882//8882 8888//8888 8893//8893
f 8888//8888 8889//8889 8895//8895 8894//8894
f 8889//8889 8890//8890 8896//8896 8895//8895
f 8890//8890 8891//8891 8897//8897 8896//8896
f 8891//8891 8892//8892 8898//8898 8897//8897
f 8892//8892 8893//8893 8899//8899 8898//8898
f 8893//8893 8888//8888 8894//8894 8899//8899
f 8901//8901 8906//8906 8900//8900
f 8902//8902 8906//8906 8901//8901
f 8903//8903 8906//8906 8902//8902
f 8904//8904 8906//8906 8903//8903
f 8905//8905 8906//8906 8904//8904
f 8900//8900 8906//8906 8905//8905
g part98
usemtl skin
v -0.15990 0.04539 0.18669
v -0.16946 0.04147 0.18677
v -0.17348 0.03200 0.18581
v -0.16960 0.02253 0.18438
v -0.16010 0.01861 0.18331
v -0.15054 0.02253 0.18323
v -0.14652 0.03200 0.18419
v -0.15040 0.04147 0.18562
v -0.15791 0.04017 0.21990
v -0.16675 0.03654 0.21997
v -0.17047 0.02778 0.21908
v -0.16688 0.01902 0.21776
v -0.15809 0.01539 0.21677
v -0.14925 0.01902 0.21670
v -0.14553 0.02778 0.21759
v -0.14912 0.03654 0.21891
v -0.15592 0.03496 0.25299
v -0.16405 0.03162 0.25309
v -0.16746 0.02356 0.25235
v -0.16416 0.01549 0.25122
v -0.15608 0.01215 0.25034
v -0.14795 0.01549 0.25024
v -0.14454 0.02356 0.25098
v -0.14784 0.03162 0.25212
v -0.15394 0.03049 0.28594
v -0.16139 0.02742 0.28611
v -0.16451 0.02000 0.28563
v -0.16147 0.01258 0.28478
v -0.15406 0.00951 0.28406
v -0.14661 0.01258 0.28389
v -0.14349 0.02000 0.28437
v -0.14653 0.02742 0.28522
v -0.15196 0.02722 0.31894
v -0.15881 0.02439 0.31917
v -0.16166 0.01756 0.31891
v -0.15886 0.01072 0.31831
v -0.15204 0.00789 0.31772
v -0.14519 0.01072 0.31749
v -0.14234 0.01756 0.31775
v -0.14514 0.02439 0.31835
v -0.14997 0.02466 0.35214
v -0.15625 0.02206 0.35238
v -0.15887 0.01578 0.35220
v -0.15629 0.00950 0.35171
v -0.15003 0.00690 0.35119
v -0.14375 0.00950 0.35096
v -0.14113 0.01578 0.35113
v -0.14371 0.02206 0.35162
v -0.14797 0.02209 0.38543
v -0.15370 0.01972 0.38565
v -0.15609 0.01400 0.38549
v -0.15374 0.00828 0.38504
v -0.14803 0.00591 0.38457
v -0.14230 0.00828 0.38435
v -0.13991 0.01400 0.38451
v -0.14226 0.01972 0.38496
v -0.15990 0.04539 0.18669
v -0.16946 0.04147 0.18677
v -0.17348 0.03200 0.18581
v -0.16960 0.02253 0.18438
v -0.16010 0.01861 0.18331
v -0.15054 0.02253 0.18323
v -0.14652 0.03200 0.18419
v -0.15040 0.04147 0.18562
v -0.16000 0.03200 0.18500
vn 0.0093 0.9879 0.1549
vn -0.6984 0.6974 0.1605
vn -0.9960 -0.0038 0.0896
vn -0.7090 -0.7050 -0.0165
vn -0.0057 -0.9954 -0.0955
vn 0.7020 -0.7050 -0.1011
vn 0.9995 -0.0038 -0.0302
vn 0.7126 0.6974 0.0759
vn 0.0093 0.9879 0.1549
vn -0.6984 0.6974 0.1606
vn -0.9960 -0.0038 0.0896
vn -0.7091 -0.7050 -0.0165
vn -0.0057 -0.9954 -0.0955
vn 0.7020 -0.7050 -0.1012
vn 0.9995 -0.0038 -0.0302
vn 0.7126 0.6974 0.0759
vn 0.0087 0.9895 0.1445
vn -0.6989 0.6987 0.1530
vn -0.9960 -0.0034 0.0888
vn -0.7087 -0.7054 -0.0105
vn -0.0052 -0.9962 -0.0867
vn 0.7024 -0.7054 -0.0952
vn 0.9995 -0.0034 -0.0310
vn 0.7122 0.6987 0.0683
vn 0.0070 0.9932 0.1162
vn -0.7002 0.7016 0.1323
vn -0.9962 -0.0024 0.0865
vn -0.7078 -0.7064 0.0057
vn -0.0038 -0.9980 -0.0628
vn 0.7034 -0.7064 -0.0790
vn 0.9994 -0.0024 -0.0332
vn 0.7110 0.7016 0.0476
vn 0.0052 0.9962 0.0875
vn -0.7015 0.7039 0.1113
vn -0.9964 -0.0015 0.0843
vn -0.7068 -0.7070 0.0221
vn -0.0023 -0.9992 -0.0387
vn 0.7044 -0.7070 -0.0626
vn 0.9994 -0.0015 -0.0355
vn 0.7098 0.7039 0.0267
vn 0.0046 0.9970 0.0766
vn -0.7020 0.7047 0.1034
vn -0.9965 -0.0013 0.0834
vn -0.7065 -0.7072 0.0283
vn -0.0018 -0.9996 -0.0296
vn 0.7048 -0.7072 -0.0563
vn 0.9993 -0.0013 -0.0363
vn 0.7093 0.7047 0.0187
vn 0.0046 0.9971 0.0766
vn -0.7020 0.7047 0.1034
vn -0.9965 -0.0013 0.0834
vn -0.7065 -0.7072 0.0284
vn -0.0018 -0.9996 -0.0295
vn 0.7048 -0.7072 -0.0563
vn 0.9993 -0.0013 -0.0363
vn 0.7093 0.7047 0.0187
vn -0.0594 0.1254 -0.9903
vn -0.0594 0.1254 -0.9903
vn -0.0594 0.1254 -0.9903
vn -0.0594 0.1254 -0.9903
vn -0.0594 0.1254 -0.9903
vn -0.0594 0.1254 -0.9903
vn -0.0594 0.1254 -0.9903
vn -0.0594 0.1254 -0.9903
vn -0.0594 0.1254 -0.9903
f 8907//8907 8908//8908 8916//8916 8915//8915
f 8908//8908 8909//8909 8917//8917 8916//8916
f 8909//8909 8910//8910 8918//8918 8917//8917
f 8910//8910 8911//8911 8919//8919 8918//8918
f 8911//8911 8912//8912 8920//8920 8919//8919
f 8912//8912 8913//8913 8921//8921 8920//8920
f 8913//8913 8914//8914 8922//8922 8921//8921
f 8914//8914 8907//8907 8915//8915 8922//8922
f 8915//8915 8916//8916 8924//8924 8923//8923
f 8916//8916 8917//8917 8925//8925 8924//8924
f 8917//8917 8918//8918 8926//8926 8925//8925
f 8918//8918 8919//8919 8927//8927 8926//8926
f 8919//8919 8920//8920 8928//8928 8927//8927
f 8920//8920 8921//8921 8929//8929 8928//8928
f 8921//8921 8922//8922 8930//8930 8929//8929
f 8922//8922 8915//8915 8923//8923 8930//8930
f 8923//8923 8924//8924 8932//8932 8931//8931
f 8924//8924 8925//8925 8933//8933 8932//8932
f 8925//8925 8926//8926 8934//8934 8933//8933
f 8926//8926 8927//8927 8935//8935 8934//8934
f 8927//8927 8928//8928 8936//8936 8935//8935
f 8928//8928 8929//8929 8937//8937 8936//8936
f 8929//8929 8930//8930 8938//8938 8937//8937
f 8930//8930 8923//8923 8931//8931 8938//8938
f 8931//8931 8932//8932 8940//8940 8939//8939
f 8932//8932 8933//8933 8941//8941 8940//8940
f 8933//8933 8934//8934 8942//8942 8941//8941
f 8934//8934 8935//8935 8943//8943 8942//8942
f 8935//8935 8936//8936 8944//8944 8943//8943
f 8936//8936 8937//8937 8945//8945 8944//8944
f 8937//8937 8938//8938 8946//8946 8945//8945
f 8938//8938 8931//8931 8939//8939 8946//8946
f 8939//8939 8940//8940 8948//8948 8947//8947
f 8940//8940 8941//8941 8949//8949 8948//8948
f 8941//8941 8942//8942 8950//8950 8949//8949
f 8942//8942 8943//8943 8951//8951 8950//8950
f 8943//8943 8944//8944 8952//8952 8951//8951
f 8944//8944 8945//8945 8953//8953 8952//8952
f 8945//8945 8946//8946 8954//8954 8953//8953
f 8946//8946 8939//8939 8947//8947 8954//8954
f 8947//8947 8948//8948 8956//8956 8955//8955
f 8948//8948 8949//8949 8957//8957 8956//8956
f 8949//8949 8950//8950 8958//8958 8957//8957
f 8950//8950 8951//8951 8959//8959 8958//8958
f 8951//8951 8952//8952 8960//8960 8959//8959
f 8952//8952 8953//8953 8961//8961 8960//8960
f 8953//8953 8954//8954 8962//8962 8961//8961
f 8954//8954 8947//8947 8955//8955 8962//8962
f 8964//8964 8971//8971 8963//8963
f 8965//8965 8971//8971 8964//8964
f 8966//8966 8971//8971 8965//8965
f 8967//8967 8971//8971 8966//8966
f 8968//8968 8971//8971 8967//8967
f 8969//8969 8971//8971 8968//8968
f 8970//8970 8971//8971 8969//8969
f 8963//8963 8971//8971 8970//8970
g part99
usemtl bone
v -0.14800 0.02089 0.38625
v -0.15406 0.01744 0.38563
v -0.15406 0.01056 0.38437
v -0.14800 0.00711 0.38375
v -0.14194 0.01056 0.38437
v -0.14194 0.01744 0.38563
v -0.14800 0.01865 0.39314
v -0.15323 0.01570 0.39251
v -0.15323 0.00980 0.39124
v -0.14800 0.00685 0.39061
v -0.14277 0.00980 0.39124
v -0.14277 0.01570 0.39251
v -0.14800 0.01555 0.40052
v -0.15216 0.01328 0.39976
v -0.15216 0.00872 0.39824
v -0.14800 0.00645 0.39748
v -0.14384 0.00872 0.39824
v -0.14384 0.01328 0.39976
v -0.14800 0.01026 0.40797
v -0.15037 0.00900 0.40742
v -0.15037 0.00650 0.40633
v -0.14800 0.00524 0.40578
v -0.14563 0.00650 0.40633
v -0.14563 0.00900 0.40742
v -0.14800 0.00436 0.41517
v -0.14835 0.00418 0.41508
v -0.14835 0.00382 0.41492
v -0.14800 0.00364 0.41483
v -0.14765 0.00382 0.41492
v -0.14765 0.00418 0.41508
v -0.14800 0.00436 0.41517
v -0.14835 0.00418 0.41508
v -0.14835 0.00382 0.41492
v -0.14800 0.00364 0.41483
v -0.14765 0.00382 0.41492
v -0.14765 0.00418 0.41508
v -0.14800 0.00400 0.41500
vn 0.0000 0.9512 0.3085
vn -0.8581 0.4633 0.2212
vn -0.8577 -0.5120 0.0476
vn -0.0000 -0.9992 -0.0388
vn 0.8577 -0.5120 0.0476
vn 0.8581 0.4633 0.2212
vn 0.0000 0.9367 0.3502
vn -0.8564 0.4524 0.2488
vn -0.8554 -0.5156 0.0494
vn -0.0000 -0.9988 -0.0485
vn 0.8554 -0.5156 0.0494
vn 0.8564 0.4524 0.2488
vn 0.0000 0.8703 0.4926
vn -0.8488 0.4022 0.3432
vn -0.8468 -0.5301 0.0444
vn -0.0000 -0.9945 -0.1052
vn 0.8468 -0.5301 0.0444
vn 0.8488 0.4022 0.3432
vn 0.0000 0.7947 0.6070
vn -0.8405 0.3479 0.4155
vn -0.8392 -0.5429 0.0321
vn -0.0000 -0.9871 -0.1598
vn 0.8392 -0.5429 0.0321
vn 0.8405 0.3479 0.4155
vn 0.0000 0.7736 0.6337
vn -0.8381 0.3337 0.4316
vn -0.8377 -0.5454 0.0274
vn 0.0000 -0.9846 -0.1746
vn 0.8377 -0.5454 0.0274
vn 0.8381 0.3337 0.4316
vn 0.0000 -0.4191 0.9080
vn 0.0000 -0.4191 0.9080
vn 0.0000 -0.4191 0.9080
vn 0.0000 -0.4191 0.9080
vn 0.0000 -0.4191 0.9080
vn 0.0000 -0.4191 0.9080
vn 0.0000 -0.4191 0.9080
f 8972//8972 8973//8973 8979//8979 8978//8978
f 8973//8973 8974//8974 8980//8980 8979//8979
f 8974//8974 8975//8975 8981//8981 8980//8980
f 8975//8975 8976//8976 8982//8982 8981//8981
f 8976//8976 8977//8977 8983//8983 8982//8982
f 8977//8977 8972//8972 8978//8978 8983//8983
f 8978//8978 8979//8979 8985//8985 8984//8984
f 8979//8979 8980//8980 8986//8986 8985//8985
f 8980//8980 8981//8981 8987//8987 8986//8986
f 8981//8981 8982//8982 8988//8988 8987//8987
f 8982//8982 8983//8983 8989//8989 8988//8988
f 8983//8983 8978//8978 8984//8984 8989//8989
f 8984//8984 8985//8985 8991//8991 8990//8990
f 8985//8985 8986//8986 8992//8992 8991//8991
f 8986//8986 8987//8987 8993//8993 8992//8992
f 8987//8987 8988//8988 8994//8994 8993//8993
f 8988//8988 8989//8989 8995//8995 8994//8994
f 8989//8989 8984//8984 8990//8990 8995//8995
f 8990//8990 8991//8991 8997//8997 8996//8996
f 8991//8991 8992//8992 8998//8998 8997//8997
f 8992//8992 8993//8993 8999//8999 8998//8998
f 8993//8993 8994//8994 9000//9000 8999//8999
f 8994//8994 8995//8995 9001//9001 9000//9000
f 8995//8995 8990//8990 8996//8996 9001//9001
f 9003//9003 9008//9008 9002//9002
f 9004//9004 9008//9008 9003//9003
f 9005//9005 9008//9008 9004//9004
f 9006//9006 9008//9008 9005//9005
f 9007//9007 9008//9008 9006//9006
f 9002//9002 9008//9008 9007//9007
g part100
usemtl skin
v -0.18411 0.04538 0.18678
v -0.19361 0.04146 0.18565
v -0.19747 0.03200 0.18415
v -0.19345 0.02254 0.18314
v -0.18389 0.01862 0.18322
v -0.17439 0.02254 0.18435
v -0.17053 0.03200 0.18585
v -0.17455 0.04146 0.18686
v -0.18610 0.04016 0.21831
v -0.19489 0.03653 0.21727
v -0.19847 0.02778 0.21588
v -0.19474 0.01902 0.21495
v -0.18590 0.01540 0.21502
v -0.17711 0.01902 0.21606
v -0.17353 0.02778 0.21745
v -0.17726 0.03653 0.21839
v -0.18809 0.03495 0.24973
v -0.19616 0.03161 0.24881
v -0.19946 0.02356 0.24761
v -0.19604 0.01550 0.24684
v -0.18791 0.01216 0.24694
v -0.17984 0.01550 0.24786
v -0.17654 0.02356 0.24906
v -0.17996 0.03161 0.24983
v -0.19006 0.03048 0.28099
v -0.19748 0.02741 0.28023
v -0.20051 0.02000 0.27934
v -0.19739 0.01259 0.27883
v -0.18994 0.00952 0.27901
v -0.18252 0.01259 0.27977
v -0.17949 0.02000 0.28066
v -0.18261 0.02741 0.28117
v -0.19204 0.02721 0.31231
v -0.19886 0.02439 0.31169
v -0.20166 0.01756 0.31106
v -0.19880 0.01073 0.31078
v -0.19196 0.00790 0.31103
v -0.18514 0.01073 0.31164
v -0.18234 0.01756 0.31228
v -0.18520 0.02439 0.31255
v -0.19403 0.02465 0.34383
v -0.20030 0.02205 0.34329
v -0.20287 0.01578 0.34277
v -0.20025 0.00950 0.34259
v -0.19397 0.00690 0.34284
v -0.18770 0.00950 0.34338
v -0.18513 0.01578 0.34389
v -0.18775 0.02205 0.34408
v -0.19603 0.02209 0.37545
v -0.20174 0.01972 0.37496
v -0.20408 0.01400 0.37449
v -0.20170 0.00828 0.37432
v -0.19597 0.00591 0.37455
v -0.19026 0.00828 0.37504
v -0.18792 0.01400 0.37551
v -0.19030 0.01972 0.37568
v -0.18411 0.04538 0.18678
v -0.19361 0.04146 0.18565
v -0.19747 0.03200 0.18415
v -0.19345 0.02254 0.18314
v -0.18389 0.01862 0.18322
v -0.17439 0.02254 0.18435
v -0.17053 0.03200 0.18585
v -0.17455 0.04146 0.18686
v -0.18400 0.03200 0.18500
vn -0.0103 0.9866 0.1628
vn -0.7132 0.6964 0.0797
vn -0.9995 -0.0042 -0.0318
vn -0.7014 -0.7047 -0.1064
vn 0.0063 -0.9949 -0.1004
vn 0.7093 -0.7047 -0.0173
vn 0.9955 -0.0042 0.0942
vn 0.6975 0.6964 0.1688
vn -0.0103 0.9866 0.1628
vn -0.7132 0.6964 0.0797
vn -0.9995 -0.0042 -0.0318
vn -0.7014 -0.7047 -0.1064
vn 0.0063 -0.9949 -0.1004
vn 0.7093 -0.7047 -0.0173
vn 0.9955 -0.0042 0.0942
vn 0.6975 0.6964 0.1688
vn -0.0096 0.9883 0.1520
vn -0.7127 0.6978 0.0718
vn -0.9995 -0.0037 -0.0326
vn -0.7019 -0.7052 -0.1001
vn 0.0058 -0.9958 -0.0911
vn 0.7089 -0.7052 -0.0110
vn 0.9956 -0.0037 0.0934
vn 0.6980 0.6978 0.1609
vn -0.0077 0.9925 0.1222
vn -0.7114 0.7010 0.0501
vn -0.9994 -0.0027 -0.0350
vn -0.7030 -0.7063 -0.0831
vn 0.0042 -0.9978 -0.0661
vn 0.7079 -0.7063 0.0060
vn 0.9958 -0.0027 0.0911
vn 0.6994 0.7010 0.1392
vn -0.0058 0.9957 0.0920
vn -0.7100 0.7036 0.0280
vn -0.9993 -0.0017 -0.0373
vn -0.7041 -0.7070 -0.0659
vn 0.0026 -0.9992 -0.0408
vn 0.7068 -0.7070 0.0233
vn 0.9961 -0.0017 0.0887
vn 0.7009 0.7036 0.1171
vn -0.0051 0.9967 0.0806
vn -0.7095 0.7044 0.0197
vn -0.9993 -0.0014 -0.0382
vn -0.7046 -0.7072 -0.0593
vn 0.0020 -0.9995 -0.0311
vn 0.7064 -0.7072 0.0298
vn 0.9961 -0.0014 0.0878
vn 0.7014 0.7044 0.1088
vn -0.0051 0.9967 0.0806
vn -0.7095 0.7044 0.0197
vn -0.9993 -0.0014 -0.0382
vn -0.7046 -0.7072 -0.0593
vn 0.0020 -0.9995 -0.0310
vn 0.7064 -0.7072 0.0299
vn 0.9961 -0.0014 0.0878
vn 0.7014 0.7044 0.1088
vn 0.0625 0.1319 -0.9893
vn 0.0625 0.1319 -0.9893
vn 0.0625 0.1319 -0.9893
vn 0.0625 0.1319 -0.9893
vn 0.0625 0.1319 -0.9893
vn 0.0625 0.1319 -0.9893
vn 0.0625 0.1319 -0.9893
vn 0.0625 0.1319 -0.9893
vn 0.0625 0.1319 -0.9893
f 9009//9009 9010//9010 9018//9018 9017//9017
f 9010//9010 9011//9011 9019//9019 9018//9018
f 9011//9011 9012//9012 9020//9020 9019//9019
f 9012//9012 9013//9013 9021//9021 9020//9020
f 9013//9013 9014//9014 9022//9022 9021//9021
f 9014//9014 9015//9015 9023//9023 9022//9022
f 9015//9015 9016//9016 9024//9024 9023//9023
f 9016//9016 9009//9009 9017//9017 9024//9024
f 9017//9017 9018//9018 9026//9026 9025//9025
f 9018//9018 9019//9019 9027//9027 9026//9026
f 9019//9019 9020//9020 9028//9028 9027//9027
f 9020//9020 9021//9021 9029//9029 9028//9028
f 9021//9021 9022//9022 9030//9030 9029//9029
f 9022//9022 9023//9023 9031//9031 9030//9030
f 9023//9023 9024//9024 9032//9032 9031//9031
f 9024//9024 9017//9017 9025//9025 9032//9032
f 9025//9025 9026//9026 9034//9034 9033//9033
f 9026//9026 9027//9027 9035//9035 9034//9034
f 9027//9027 9028//9028 9036//9036 9035//9035
f 9028//9028 9029//9029 9037//9037 9036//9036
f 9029//9029 9030//9030 9038//9038 9037//9037
f 9030//9030 9031//9031 9039//9039 9038//9038
f 9031//9031 9032//9032 9040//9040 9039//9039
f 9032//9032 9025//9025 9033//9033 9040//9040
f 9033//9033 9034//9034 9042//9042 9041//9041
f 9034//9034 9035//9035 9043//9043 9042//9042
f 9035//9035 9036//9036 9044//9044 9043//9043
f 9036//9036 9037//9037 9045//9045 9044//9044
f 9037//9037 9038//9038 9046//9046 9045//9045
f 9038//9038 9039//9039 9047//9047 9046//9046
f 9039//9039 9040//9040 9048//9048 9047//9047
f 9040//9040 9033//9033 9041//9041 9048//9048
f 9041//9041 9042//9042 9050//9050 9049//9049
f 9042//9042 9043//9043 9051//9051 9050//9050
f 9043//9043 9044//9044 9052//9052 9051//9051
f 9044//9044 9045//9045 9053//9053 9052//9052
f 9045//9045 9046//9046 9054//9054 9053//9053
f 9046//9046 9047//9047 9055//9055 9054//9054
f 9047//9047 9048//9048 9056//9056 9055//9055
f 9048//9048 9041//9041 9049//9049 9056//9056
f 9049//9049 9050//9050 9058//9058 9057//9057
f 9050//9050 9051//9051 9059//9059 9058//9058
f 9051//9051 9052//9052 9060//9060 9059//9059
f 9052//9052 9053//9053 9061//9061 9060//9060
f 9053//9053 9054//9054 9062//9062 9061//9061
f 9054//9054 9055//9055 9063//9063 9062//9062
f 9055//9055 9056//9056 9064//9064 9063//9063
f 9056//9056 9049//9049 9057//9057 9064//9064
f 9066//9066 9073//9073 9065//9065
f 9067//9067 9073//9073 9066//9066
f 9068//9068 9073//9073 9067//9067
f 9069//9069 9073//9073 9068//9068
f 9070//9070 9073//9073 9069//9069
f 9071//9071 9073//9073 9070//9070
f 9072//9072 9073//9073 9071//9071
f 9065//9065 9073//9073 9072//9072
g part101
usemtl bone
v -0.19600 0.02089 0.37625
v -0.20206 0.01744 0.37563
v -0.20206 0.01056 0.37437
v -0.19600 0.00711 0.37375
v -0.18994 0.01056 0.37437
v -0.18994 0.01744 0.37563
v -0.19600 0.01865 0.38314
v -0.20123 0.01570 0.38251
v -0.20123 0.00980 0.38124
v -0.19600 0.00685 0.38061
v -0.19077 0.00980 0.38124
v -0.19077 0.01570 0.38251
v -0.19600 0.01555 0.39052
v -0.20016 0.01328 0.38976
v -0.20016 0.00872 0.38824
v -0.19600 0.00645 0.38748
v -0.19184 0.00872 0.38824
v -0.19184 0.01328 0.38976
v -0.19600 0.01026 0.39797
v -0.19837 0.00900 0.39742
v -0.19837 0.00650 0.39633
v -0.19600 0.00524 0.39578
v -0.19363 0.00650 0.39633
v -0.19363 0.00900 0.39742
v -0.19600 0.00436 0.40517
v -0.19635 0.00418 0.40508
v -0.19635 0.00382 0.40492
v -0.19600 0.00364 0.40483
v -0.19565 0.00382 0.40492
v -0.19565 0.00418 0.40508
v -0.19600 0.00436 0.40517
v -0.19635 0.00418 0.40508
v -0.19635 0.00382 0.40492
v -0.19600 0.00364 0.40483
v -0.19565 0.00382 0.40492
v -0.19565 0.00418 0.40508
v -0.19600 0.00400 0.40500
vn 0.0000 0.9512 0.3085
vn -0.8581 0.4633 0.2212
vn -0.8577 -0.5120 0.0476
vn -0.0000 -0.9992 -0.0388
vn 0.8577 -0.5120 0.0476
vn 0.8581 0.4633 0.2212
vn 0.0000 0.9367 0.3502
vn -0.8564 0.4524 0.2488
vn -0.8554 -0.5156 0.0494
vn -0.0000 -0.9988 -0.0485
vn 0.8554 -0.5156 0.0494
vn 0.8564 0.4524 0.2488
vn 0.0000 0.8703 0.4926
vn -0.8488 0.4022 0.3432
vn -0.8468 -0.5301 0.0444
vn -0.0000 -0.9945 -0.1052
vn 0.8468 -0.5301 0.0444
vn 0.8488 0.4022 0.3432
vn 0.0000 0.7947 0.6070
vn -0.8405 0.3479 0.4155
vn -0.8392 -0.5429 0.0321
vn -0.0000 -0.9871 -0.1598
vn 0.8392 -0.5429 0.0321
vn 0.8405 0.3479 0.4155
vn 0.0000 0.7736 0.6337
vn -0.8381 0.3337 0.4316
vn -0.8377 -0.5454 0.0274
vn 0.0000 -0.9846 -0.1746
vn 0.8377 -0.5454 0.0274
vn 0.8381 0.3337 0.4316
vn 0.0000 -0.4191 0.9080
vn 0.0000 -0.4191 0.9080
vn 0.0000 -0.4191 0.9080
vn 0.0000 -0.4191 0.9080
vn 0.0000 -0.4191 0.9080
vn 0.0000 -0.4191 0.9080
vn 0.0000 -0.4191 0.9080
f 9074//9074 9075//9075 9081//9081 9080//9080
f 9075//9075 9076//9076 9082//9082 9081//9081
f 9076//9076 9077//9077 9083//9083 9082//9082
f 9077//9077 9078//9078 9084//9084 9083//9083
f 9078//9078 9079//9079 9085//9085 9084//9084
f 9079//9079 9074//9074 9080//9080 9085//9085
f 9080//9080 9081//9081 9087//9087 9086//9086
f 9081//9081 9082//9082 9088//9088 9087//9087
f 9082//9082 9083//9083 9089//9089 9088//9088
f 9083//9083 9084//9084 9090//9090 9089//9089
f 9084//9084 9085//9085 9091//9091 9090//9090
f 9085//9085 9080//9080 9086//9086 9091//9091
f 9086//9086 9087//9087 9093//9093 9092//9092
f 9087//9087 9088//9088 9094//9094 9093//9093
f 9088//9088 9089//9089 9095//9095 9094//9094
f 9089//9089 9090//9090 9096//9096 9095//9095
f 9090//9090 9091//9091 9097//9097 9096//9096
f 9091//9091 9086//9086 9092//9092 9097//9097
f 9092//9092 9093//9093 9099//9099 9098//9098
f 9093//9093 9094//9094 9100//9100 9099//9099
f 9094//9094 9095//9095 9101//9101 9100//9100
f 9095//9095 9096//9096 9102//9102 9101//9101
f 9096//9096 9097//9097 9103//9103 9102//9102
f 9097//9097 9092//9092 9098//9098 9103//9103
f 9105//9105 9110//9110 9104//9104
f 9106//9106 9110//9110 9105//9105
f 9107//9107 9110//9110 9106//9106
f 9108//9108 9110//9110 9107//9107
f 9109//9109 9110//9110 9108//9108
f 9104//9104 9110//9110 9109//9109
g part102
usemtl skin
v -0.20845 0.04534 0.18701
v -0.21763 0.04143 0.18433
v -0.22117 0.03200 0.18204
v -0.21699 0.02257 0.18148
v -0.20755 0.01866 0.18299
v -0.19837 0.02257 0.18567
v -0.19483 0.03200 0.18796
v -0.19901 0.04143 0.18852
v -0.21442 0.04012 0.21353
v -0.22291 0.03651 0.21104
v -0.22619 0.02778 0.20892
v -0.22232 0.01905 0.20841
v -0.21358 0.01543 0.20981
v -0.20509 0.01905 0.21229
v -0.20181 0.02778 0.21441
v -0.20568 0.03651 0.21492
v -0.22035 0.03492 0.23991
v -0.22817 0.03159 0.23767
v -0.23120 0.02356 0.23581
v -0.22767 0.01552 0.23544
v -0.21965 0.01219 0.23676
v -0.21183 0.01552 0.23900
v -0.20880 0.02356 0.24085
v -0.21233 0.03159 0.24123
v -0.22625 0.03047 0.26612
v -0.23344 0.02740 0.26416
v -0.23627 0.02000 0.26269
v -0.23309 0.01260 0.26257
v -0.22575 0.00953 0.26388
v -0.21856 0.01260 0.26584
v -0.21573 0.02000 0.26731
v -0.21891 0.02740 0.26743
v -0.23216 0.02721 0.29239
v -0.23879 0.02438 0.29068
v -0.24144 0.01756 0.28954
v -0.23856 0.01073 0.28965
v -0.23184 0.00790 0.29094
v -0.22521 0.01073 0.29265
v -0.22256 0.01756 0.29379
v -0.22544 0.02438 0.29368
v -0.23813 0.02465 0.31890
v -0.24422 0.02205 0.31735
v -0.24667 0.01578 0.31638
v -0.24404 0.00950 0.31656
v -0.23787 0.00691 0.31777
v -0.23178 0.00950 0.31932
v -0.22933 0.01578 0.32028
v -0.23196 0.02205 0.32011
v -0.24412 0.02208 0.34551
v -0.24967 0.01972 0.34411
v -0.25190 0.01400 0.34322
v -0.24951 0.00828 0.34338
v -0.24388 0.00592 0.34449
v -0.23833 0.00828 0.34589
v -0.23610 0.01400 0.34678
v -0.23849 0.01972 0.34662
v -0.20845 0.04534 0.18701
v -0.21763 0.04143 0.18433
v -0.22117 0.03200 0.18204
v -0.21699 0.02257 0.18148
v -0.20755 0.01866 0.18299
v -0.19837 0.02257 0.18567
v -0.19483 0.03200 0.18796
v -0.19901 0.04143 0.18852
v -0.20800 0.03200 0.18500
vn -0.0414 0.9820 0.1840
vn -0.7210 0.6928 -0.0147
vn -0.9829 -0.0056 -0.1842
vn -0.6736 -0.7039 -0.2252
vn 0.0256 -0.9932 -0.1137
vn 0.7052 -0.7039 0.0851
vn 0.9670 -0.0056 0.2546
vn 0.6578 0.6928 0.2955
vn -0.0414 0.9820 0.1841
vn -0.7210 0.6928 -0.0146
vn -0.9829 -0.0056 -0.1842
vn -0.6736 -0.7039 -0.2252
vn 0.0256 -0.9932 -0.1137
vn 0.7052 -0.7039 0.0850
vn 0.9670 -0.0056 0.2546
vn 0.6578 0.6928 0.2956
vn -0.0387 0.9843 0.1720
vn -0.7190 0.6946 -0.0235
vn -0.9827 -0.0050 -0.1851
vn -0.6753 -0.7046 -0.2181
vn 0.0232 -0.9944 -0.1033
vn 0.7036 -0.7046 0.0921
vn 0.9673 -0.0050 0.2536
vn 0.6598 0.6946 0.2867
vn -0.0312 0.9899 0.1385
vn -0.7136 0.6989 -0.0479
vn -0.9822 -0.0036 -0.1877
vn -0.6796 -0.7061 -0.1989
vn 0.0169 -0.9970 -0.0751
vn 0.6993 -0.7061 0.1114
vn 0.9679 -0.0036 0.2511
vn 0.6654 0.6989 0.2624
vn -0.0235 0.9943 0.1043
vn -0.7081 0.7024 -0.0728
vn -0.9817 -0.0023 -0.1903
vn -0.6841 -0.7070 -0.1794
vn 0.0104 -0.9989 -0.0463
vn 0.6950 -0.7070 0.1309
vn 0.9686 -0.0023 0.2485
vn 0.6710 0.7024 0.2375
vn -0.0206 0.9956 0.0914
vn -0.7060 0.7034 -0.0823
vn -0.9815 -0.0019 -0.1914
vn -0.6858 -0.7072 -0.1719
vn 0.0079 -0.9993 -0.0353
vn 0.6933 -0.7072 0.1384
vn 0.9689 -0.0019 0.2475
vn 0.6732 0.7034 0.2280
vn -0.0206 0.9956 0.0914
vn -0.7060 0.7035 -0.0823
vn -0.9815 -0.0019 -0.1914
vn -0.6858 -0.7072 -0.1718
vn 0.0079 -0.9993 -0.0352
vn 0.6933 -0.7072 0.1385
vn 0.9689 -0.0019 0.2475
vn 0.6732 0.7035 0.2280
vn 0.2169 0.1527 -0.9642
vn 0.2169 0.1527 -0.9642
vn 0.2169 0.1527 -0.9642
vn 0.2169 0.1527 -0.9642
vn 0.2169 0.1527 -0.9642
vn 0.2169 0.1527 -0.9642
vn 0.2169 0.1527 -0.9642
vn 0.2169 0.1527 -0.9642
vn 0.2169 0.1527 -0.9642
f 9111//9111 9112//9112 9120//9120 9119//9119
f 9112//9112 9113//9113 9121//9121 9120//9120
f 9113//9113 9114//9114 9122//9122 9121//9121
f 9114//9114 9115//9115 9123//9123 9122//9122
f 9115//9115 9116//9116 9124//9124 9123//9123
f 9116//9116 9117//9117 9125//9125 9124//9124
f 9117//9117 9118//9118 9126//9126 9125//9125
f 9118//9118 9111//9111 9119//9119 9126//9126
f 9119//9119 9120//9120 9128//9128 9127//9127
f 9120//9120 9121//9121 9129//9129 9128//9128
f 9121//9121 9122//9122 9130//9130 9129//9129
f 9122//9122 9123//9123 9131//9131 9130//9130
f 9123//9123 9124//9124 9132//9132 9131//9131
f 9124//9124 9125//9125 9133//9133 9132//9132
f 9125//9125 9126//9126 9134//9134 9133//9133
f 9126//9126 9119//9119 9127//9127 9134//9134
f 9127//9127 9128//9128 9136//9136 9135//9135
f 9128//9128 9129//9129 9137//9137 9136//9136
f 9129//9129 9130//9130 9138//9138 9137//9137
f 9130//9130 9131//9131 9139//9139 9138//9138
f 9131//9131 9132//9132 9140//9140 9139//9139
f 9132//9132 9133//9133 9141//9141 9140//9140
f 9133//9133 9134//9134 9142//9142 9141//9141
f 9134//9134 9127//9127 9135//9135 9142//9142
f 9135//9135 9136//9136 9144//9144 9143//9143
f 9136//9136 9137//9137 9145//9145 9144//9144
f 9137//9137 9138//9138 9146//9146 9145//9145
f 9138//9138 9139//9139 9147//9147 9146//9146
f 9139//9139 9140//9140 9148//9148 9147//9147
f 9140//9140 9141//9141 9149//9149 9148//9148
f 9141//9141 9142//9142 9150//9150 9149//9149
f 9142//9142 9135//9135 9143//9143 9150//9150
f 9143//9143 9144//9144 9152//9152 9151//9151
f 9144//9144 9145//9145 9153//9153 9152//9152
f 9145//9145 9146//9146 9154//9154 9153//9153
f 9146//9146 9147//9147 9155//9155 9154//9154
f 9147//9147 9148//9148 9156//9156 9155//9155
f 9148//9148 9149//9149 9157//9157 9156//9156
f 9149//9149 9150//9150 9158//9158 9157//9157
f 9150//9150 9143//9143 9151//9151 9158//9158
f 9151//9151 9152//9152 9160//9160 9159//9159
f 9152//9152 9153//9153 9161//9161 9160//9160
f 9153//9153 9154//9154 9162//9162 9161//9161
f 9154//9154 9155//9155 9163//9163 9162//9162
f 9155//9155 9156//9156 9164//9164 9163//9163
f 9156//9156 9157//9157 9165//9165 9164//9164
f 9157//9157 9158//9158 9166//9166 9165//9165
f 9158//9158 9151//9151 9159//9159 9166//9166
f 9168//9168 9175//9175 9167//9167
f 9169//9169 9175//9175 9168//9168
f 9170//9170 9175//9175 9169//9169
f 9171//9171 9175//9175 9170//9170
f 9172//9172 9175//9175 9171//9171
f 9173//9173 9175//9175 9172//9172
f 9174//9174 9175//9175 9173//9173
f 9167//9167 9175//9175 9174//9174
g part103
usemtl bone
v -0.24400 0.02089 0.34625
v -0.25006 0.01744 0.34563
v -0.25006 0.01056 0.34437
v -0.24400 0.00711 0.34375
v -0.23794 0.01056 0.34437
v -0.23794 0.01744 0.34563
v -0.24400 0.01865 0.35314
v -0.24923 0.01570 0.35251
v -0.24923 0.00980 0.35124
v -0.24400 0.00685 0.35061
v -0.23877 0.00980 0.35124
v -0.23877 0.01570 0.35251
v -0.24400 0.01555 0.36052
v -0.24816 0.01328 0.35976
v -0.24816 0.00872 0.35824
v -0.24400 0.00645 0.35748
v -0.23984 0.00872 0.35824
v -0.23984 0.01328 0.35976
v -0.24400 0.01026 0.36797
v -0.24637 0.00900 0.36742
v -0.24637 0.00650 0.36633
v -0.24400 0.00524 0.36578
v -0.24163 0.00650 0.36633
v -0.24163 0.00900 0.36742
v -0.24400 0.00436 0.37517
v -0.24435 0.00418 0.37508
v -0.24435 0.00382 0.37492
v -0.24400 0.00364 0.37483
v -0.24365 0.00382 0.37492
v -0.24365 0.00418 0.37508
v -0.24400 0.00436 0.37517
v -0.24435 0.00418 0.37508
v -0.24435 0.00382 0.37492
v -0.24400 0.00364 0.37483
v -0.24365 0.00382 0.37492
v -0.24365 0.00418 0.37508
v -0.24400 0.00400 0.37500
vn 0.0000 0.9512 0.3085
vn -0.8581 0.4633 0.2212
vn -0.8577 -0.5120 0.0476
vn -0.0000 -0.9992 -0.0388
vn 0.8577 -0.5120 0.0476
vn 0.8581 0.4633 0.2212
vn 0.0000 0.9367 0.3502
vn -0.8564 0.4524 0.2488
vn -0.8554 -0.5156 0.0494
vn -0.0000 -0.9988 -0.0485
vn 0.8554 -0.5156 0.0494
vn 0.8564 0.4524 0.2488
vn 0.0000 0.8703 0.4926
vn -0.8488 0.4022 0.3432
vn -0.8468 -0.5301 0.0444
vn -0.0000 -0.9945 -0.1052
vn 0.8468 -0.5301 0.0444
vn 0.8488 0.4022 0.3432
vn 0.0000 0.7947 0.6070
vn -0.8405 0.3479 0.4155
vn -0.8392 -0.5429 0.0321
vn -0.0000 -0.9871 -0.1598
vn 0.8392 -0.5429 0.0321
vn 0.8405 0.3479 0.4155
vn 0.0000 0.7736 0.6337
vn -0.8381 0.3337 0.4316
vn -0.8377 -0.5454 0.0274
vn 0.0000 -0.9846 -0.1746
vn 0.8377 -0.5454 0.0274
vn 0.8381 0.3337 0.4316
vn 0.0000 -0.4191 0.9080
vn 0.0000 -0.4191 0.9080
vn 0.0000 -0.4191 0.9080
vn 0.0000 -0.4191 0.9080
vn 0.0000 -0.4191 0.9080
vn 0.0000 -0.4191 0.9080
vn 0.0000 -0.4191 0.9080
f 9176//9176 9177//9177 9183//9183 9182//9182
f 9177//9177 9178//9178 9184//9184 9183//9183
f 9178//9178 9179//9179 9185//9185 9184//9184
f 9179//9179 9180//9180 9186//9186 9185//9185
f 9180//9180 9181//9181 9187//9187 9186//9186
f 9181//9181 9176//9176 9182//9182 9187//9187
f 9182//9182 9183//9183 9189//9189 9188//9188
f 9183//9183 9184//9184 9190//9190 9189//9189
f 9184//9184 9185//9185 9191//9191 9190//9190
f 9185//9185 9186//9186 9192//9192 9191//9191
f 9186//9186 9187//9187 9193//9193 9192//9192
f 9187//9187 9182//9182 9188//9188 9193//9193
f 9188//9188 9189//9189 9195//9195 9194//9194
f 9189//9189 9190//9190 9196//9196 9195//9195
f 9190//9190 9191//9191 9197//9197 9196//9196
f 9191//9191 9192//9192 9198//9198 9197//9197
f 9192//9192 9193//9193 9199//9199 9198//9198
f 9193//9193 9188//9188 9194//9194 9199//9199
f 9194//9194 9195//9195 9201//9201 9200//9200
f 9195//9195 9196//9196 9202//9202 9201//9201
f 9196//9196 9197//9197 9203//9203 9202//9202
f 9197//9197 9198//9198 9204//9204 9203//9203
f 9198//9198 9199//9199 9205//9205 9204//9204
f 9199//9199 9194//9194 9200//9200 9205//9205
f 9207//9207 9212//9212 9206//9206
f 9208//9208 9212//9212 9207//9207
f 9209//9209 9212//9212 9208//9208
f 9210//9210 9212//9212 9209//9209
f 9211//9211 9212//9212 9210//9210
f 9206//9206 9212//9212 9211//9211
g part104
usemtl skin
v -0.23138 0.04870 0.18786
v -0.24180 0.04381 0.18179
v -0.24531 0.03200 0.17760
v -0.23985 0.02019 0.17775
v -0.22862 0.01530 0.18214
v -0.21820 0.02019 0.18821
v -0.21469 0.03200 0.19240
v -0.22015 0.04381 0.19225
v -0.24094 0.04323 0.20764
v -0.25058 0.03870 0.20203
v -0.25383 0.02778 0.19816
v -0.24878 0.01685 0.19829
v -0.23839 0.01233 0.20236
v -0.22875 0.01685 0.20797
v -0.22551 0.02778 0.21184
v -0.23056 0.03870 0.21171
v -0.25042 0.03780 0.22724
v -0.25930 0.03362 0.22214
v -0.26235 0.02356 0.21871
v -0.25777 0.01349 0.21896
v -0.24825 0.00932 0.22276
v -0.23936 0.01349 0.22786
v -0.23632 0.02356 0.23129
v -0.24090 0.03362 0.23104
v -0.25977 0.03314 0.24660
v -0.26799 0.02929 0.24205
v -0.27094 0.02000 0.23923
v -0.26690 0.01071 0.23979
v -0.25823 0.00686 0.24340
v -0.25001 0.01071 0.24795
v -0.24706 0.02000 0.25077
v -0.25110 0.02929 0.25021
v -0.26917 0.02969 0.26604
v -0.27678 0.02614 0.26198
v -0.27964 0.01756 0.25970
v -0.27607 0.00897 0.26051
v -0.26816 0.00542 0.26396
v -0.26055 0.00897 0.26802
v -0.25769 0.01756 0.27030
v -0.26126 0.02614 0.26949
v -0.27872 0.02694 0.28580
v -0.28574 0.02367 0.28212
v -0.28841 0.01578 0.28013
v -0.28519 0.00789 0.28099
v -0.27794 0.00462 0.28420
v -0.27093 0.00789 0.28788
v -0.26825 0.01578 0.28987
v -0.27148 0.02367 0.28901
v -0.28835 0.02417 0.30573
v -0.29474 0.02119 0.30238
v -0.29718 0.01400 0.30056
v -0.29424 0.00681 0.30134
v -0.28765 0.00383 0.30427
v -0.28126 0.00681 0.30762
v -0.27882 0.01400 0.30944
v -0.28176 0.02119 0.30866
v -0.23138 0.04870 0.18786
v -0.24180 0.04381 0.18179
v -0.24531 0.03200 0.17760
v -0.23985 0.02019 0.17775
v -0.22862 0.01530 0.18214
v -0.21820 0.02019 0.18821
v -0.21469 0.03200 0.19240
v -0.22015 0.04381 0.19225
v -0.23000 0.03200 0.18500
vn -0.1051 0.9704 0.2175
vn -0.7170 0.6831 -0.1389
vn -0.9229 -0.0105 -0.3848
vn -0.6023 -0.7041 -0.3762
vn 0.0571 -0.9913 -0.1182
vn 0.6690 -0.7041 0.2382
vn 0.8749 -0.0105 0.4842
vn 0.5543 0.6831 0.4756
vn -0.1053 0.9703 0.2178
vn -0.7171 0.6830 -0.1387
vn -0.9229 -0.0105 -0.3848
vn -0.6022 -0.7040 -0.3764
vn 0.0572 -0.9913 -0.1184
vn 0.6691 -0.7040 0.2381
vn 0.8749 -0.0105 0.4842
vn 0.5542 0.6830 0.4758
vn -0.0988 0.9739 0.2045
vn -0.7124 0.6859 -0.1485
vn -0.9224 -0.0094 -0.3861
vn -0.6059 -0.7048 -0.3689
vn 0.0518 -0.9929 -0.1072
vn 0.6655 -0.7048 0.2456
vn 0.8756 -0.0094 0.4830
vn 0.5589 0.6859 0.4660
vn -0.0804 0.9828 0.1664
vn -0.6991 0.6930 -0.1764
vn -0.9210 -0.0068 -0.3896
vn -0.6161 -0.7065 -0.3481
vn 0.0369 -0.9964 -0.0764
vn 0.6556 -0.7065 0.2665
vn 0.8774 -0.0068 0.4797
vn 0.5725 0.6930 0.4382
vn -0.0614 0.9900 0.1270
vn -0.6852 0.6988 -0.2054
vn -0.9194 -0.0044 -0.3933
vn -0.6267 -0.7075 -0.3267
vn 0.0215 -0.9988 -0.0445
vn 0.6453 -0.7075 0.2881
vn 0.8794 -0.0044 0.4761
vn 0.5867 0.6988 0.4093
vn -0.0541 0.9922 0.1119
vn -0.6799 0.7006 -0.2165
vn -0.9188 -0.0036 -0.3947
vn -0.6308 -0.7077 -0.3182
vn 0.0154 -0.9994 -0.0319
vn 0.6413 -0.7077 0.2966
vn 0.8801 -0.0036 0.4748
vn 0.5921 0.7006 0.3983
vn -0.0540 0.9923 0.1118
vn -0.6799 0.7006 -0.2166
vn -0.9188 -0.0036 -0.3947
vn -0.6308 -0.7077 -0.3181
vn 0.0153 -0.9994 -0.0317
vn 0.6412 -0.7077 0.2967
vn 0.8801 -0.0036 0.4748
vn 0.5921 0.7006 0.3982
vn 0.4275 0.1867 -0.8845
vn 0.4275 0.1867 -0.8845
vn 0.4275 0.1867 -0.8845
vn 0.4275 0.1867 -0.8845
vn 0.4275 0.1867 -0.8845
vn 0.4275 0.1867 -0.8845
vn 0.4275 0.1867 -0.8845
vn 0.4275 0.1867 -0.8845
vn 0.4275 0.1867 -0.8845
f 9213//9213 9214//9214 9222//9222 9221//9221
f 9214//9214 9215//9215 9223//9223 9222//9222
f 9215//9215 9216//9216 9224//9224 9223//9223
f 9216//9216 9217//9217 9225//9225 9224//9224
f 9217//9217 9218//9218 9226//9226 9225//9225
f 9218//9218 9219//9219 9227//9227 9226//9226
f 9219//9219 9220//9220 9228//9228 9227//9227
f 9220//9220 9213//9213 9221//9221 9228//9228
f 9221//9221 9222//9222 9230//9230 9229//9229
f 9222//9222 9223//9223 9231//9231 9230//9230
f 9223//9223 9224//9224 9232//9232 9231//9231
f 9224//9224 9225//9225 9233//9233 9232//9232
f 9225//9225 9226//9226 9234//9234 9233//9233
f 9226//9226 9227//9227 9235//9235 9234//9234
f 9227//9227 9228//9228 9236//9236 9235//9235
f 9228//9228 9221//9221 9229//9229 9236//9236
f 9229//9229 9230//9230 9238//9238 9237//9237
f 9230//9230 9231//9231 9239//9239 9238//9238
f 9231//9231 9232//9232 9240//9240 9239//9239
f 9232//9232 9233//9233 9241//9241 9240//9240
f 9233//9233 9234//9234 9242//9242 9241//9241
f 9234//9234 9235//9235 9243//9243 9242//9242
f 9235//9235 9236//9236 9244//9244 9243//9243
f 9236//9236 9229//9229 9237//9237 9244//9244
f 9237//9237 9238//9238 9246//9246 9245//9245
f 9238//9238 9239//9239 9247//9247 9246//9246
f 9239//9239 9240//9240 9248//9248 9247//9247
f 9240//9240 9241//9241 9249//9249 9248//9248
f 9241//9241 9242//9242 9250//9250 9249//9249
f 9242//9242 9243//9243 9251//9251 9250//9250
f 9243//9243 9244//9244 9252//9252 9251//9251
f 9244//9244 9237//9237 9245//9245 9252//9252
f 9245//9245 9246//9246 9254//9254 9253//9253
f 9246//9246 9247//9247 9255//9255 9254//9254
f 9247//9247 9248//9248 9256//9256 9255//9255
f 9248//9248 9249//9249 9257//9257 9256//9256
f 9249//9249 9250//9250 9258//9258 9257//9257
f 9250//9250 9251//9251 9259//9259 9258//9258
f 9251//9251 9252//9252 9260//9260 9259//9259
f 9252//9252 9245//9245 9253//9253 9260//9260
f 9253//9253 9254//9254 9262//9262 9261//9261
f 9254//9254 9255//9255 9263//9263 9262//9262
f 9255//9255 9256//9256 9264//9264 9263//9263
f 9256//9256 9257//9257 9265//9265 9264//9264
f 9257//9257 9258//9258 9266//9266 9265//9265
f 9258//9258 9259//9259 9267//9267 9266//9266
f 9259//9259 9260//9260 9268//9268 9267//9267
f 9260//9260 9253//9253 9261//9261 9268//9268
f 9270//9270 9277//9277 9269//9269
f 9271//9271 9277//9277 9270//9270
f 9272//9272 9277//9277 9271//9271
f 9273//9273 9277//9277 9272//9272
f 9274//9274 9277//9277 9273//9273
f 9275//9275 9277//9277 9274//9274
f 9276//9276 9277//9277 9275//9275
f 9269//9269 9277//9277 9276//9276
g part105
usemtl bone
v -0.28800 0.02089 0.30625
v -0.29406 0.01744 0.30563
v -0.29406 0.01056 0.30437
v -0.28800 0.00711 0.30375
v -0.28194 0.01056 0.30437
v -0.28194 0.01744 0.30563
v -0.28800 0.01865 0.31314
v -0.29323 0.01570 0.31251
v -0.29323 0.00980 0.31124
v -0.28800 0.00685 0.31061
v -0.28277 0.00980 0.31124
v -0.28277 0.01570 0.31251
v -0.28800 0.01555 0.32052
v -0.29216 0.01328 0.31976
v -0.29216 0.00872 0.31824
v -0.28800 0.00645 0.31748
v -0.28384 0.00872 0.31824
v -0.28384 0.01328 0.31976
v -0.28800 0.01026 0.32797
v -0.29037 0.00900 0.32742
v -0.29037 0.00650 0.32633
v -0.28800 0.00524 0.32578
v -0.28563 0.00650 0.32633
v -0.28563 0.00900 0.32742
v -0.28800 0.00436 0.33517
v -0.28835 0.00418 0.33508
v -0.28835 0.00382 0.33492
v -0.28800 0.00364 0.33483
v -0.28765 0.00382 0.33492
v -0.28765 0.00418 0.33508
v -0.28800 0.00436 0.33517
v -0.28835 0.00418 0.33508
v -0.28835 0.00382 0.33492
v -0.28800 0.00364 0.33483
v -0.28765 0.00382 0.33492
v -0.28765 0.00418 0.33508
v -0.28800 0.00400 0.33500
vn 0.0000 0.9512 0.3085
vn -0.8581 0.4633 0.2212
vn -0.8577 -0.5120 0.0476
vn -0.0000 -0.9992 -0.0388
vn 0.8577 -0.5120 0.0476
vn 0.8581 0.4633 0.2212
vn 0.0000 0.9367 0.3502
vn -0.8564 0.4524 0.2488
vn -0.8554 -0.5156 0.0494
vn -0.0000 -0.9988 -0.0485
vn 0.8554 -0.5156 0.0494
vn 0.8564 0.4524 0.2488
vn 0.0000 0.8703 0.4926
vn -0.8488 0.4022 0.3432
vn -0.8468 -0.5301 0.0444
vn -0.0000 -0.9945 -0.1052
vn 0.8468 -0.5301 0.0444
vn 0.8488 0.4022 0.3432
vn 0.0000 0.7947 0.6070
vn -0.8405 0.3479 0.4155
vn -0.8392 -0.5429 0.0321
vn -0.0000 -0.9871 -0.1598
vn 0.8392 -0.5429 0.0321
vn 0.8405 0.3479 0.4155
vn 0.0000 0.7736 0.6337
vn -0.8381 0.3337 0.4316
vn -0.8377 -0.5454 0.0274
vn -0.0000 -0.9846 -0.1746
vn 0.8377 -0.5454 0.0274
vn 0.8381 0.3337 0.4316
vn 0.0000 -0.4191 0.9080
vn 0.0000 -0.4191 0.9080
vn 0.0000 -0.4191 0.9080
vn 0.0000 -0.4191 0.9080
vn 0.0000 -0.4191 0.9080
vn 0.0000 -0.4191 0.9080
vn 0.0000 -0.4191 0.9080
f 9278//9278 9279//9279 9285//9285 9284//9284
f 9279//9279 9280//9280 9286//9286 9285//9285
f 9280//9280 9281//9281 9287//9287 9286//9286
f 9281//9281 9282//9282 9288//9288 9287//9287
f 9282//9282 9283//9283 9289//9289 9288//9288
f 9283//9283 9278//9278 9284//9284 9289//9289
f 9284//9284 9285//9285 9291//9291 9290//9290
f 9285//9285 9286//9286 9292//9292 9291//9291
f 9286//9286 9287//9287 9293//9293 9292//9292
f 9287//9287 9288//9288 9294//9294 9293//9293
f 9288//9288 9289//9289 9295//9295 9294//9294
f 9289//9289 9284//9284 9290//9290 9295//9295
f 9290//9290 9291//9291 9297//9297 9296//9296
f 9291//9291 9292//9292 9298//9298 9297//9297
f 9292//9292 9293//9293 9299//9299 9298//9298
f 9293//9293 9294//9294 9300//9300 9299//9299
f 9294//9294 9295//9295 9301//9301 9300//9300
f 9295//9295 9290//9290 9296//9296 9301//9301
f 9296//9296 9297//9297 9303//9303 9302//9302
f 9297//9297 9298//9298 9304//9304 9303//9303
f 9298//9298 9299//9299 9305//9305 9304//9304
f 9299//9299 9300//9300 9306//9306 9305//9305
f 9300//9300 9301//9301 9307//9307 9306//9306
f 9301//9301 9296//9296 9302//9302 9307//9307
f 9309//9309 9314//9314 9308//9308
f 9310//9310 9314//9314 9309//9309
f 9311//9311 9314//9314 9310//9310
f 9312//9312 9314//9314 9311//9311
f 9313//9313 9314//9314 9312//9312
f 9308//9308 9314//9314 9313//9313
g part106
usemtl skin
v 0.11479 1.14370 0.07791
v 0.08271 1.14152 0.07020
v 0.05703 1.13904 0.04858
v 0.04283 1.13675 0.01734
v 0.04292 1.13510 -0.01734
v 0.05729 1.13442 -0.04858
v 0.08309 1.13485 -0.07020
v 0.11521 1.13630 -0.07791
v 0.14729 1.13848 -0.07020
v 0.17297 1.14096 -0.04858
v 0.18717 1.14325 -0.01734
v 0.18708 1.14490 0.01734
v 0.17271 1.14558 0.04858
v 0.14691 1.14515 0.07020
v 0.11772 1.09188 0.07625
v 0.08734 1.08983 0.06894
v 0.06301 1.08748 0.04847
v 0.04956 1.08529 0.01888
v 0.04965 1.08371 -0.01396
v 0.06326 1.08304 -0.04354
v 0.08770 1.08341 -0.06402
v 0.11812 1.08476 -0.07132
v 0.14850 1.08681 -0.06401
v 0.17283 1.08916 -0.04354
v 0.18628 1.09135 -0.01395
v 0.18619 1.09293 0.01888
v 0.17258 1.09360 0.04847
v 0.14814 1.09323 0.06894
v 0.12057 1.04034 0.07453
v 0.09194 1.03842 0.06764
v 0.06901 1.03620 0.04834
v 0.05634 1.03413 0.02046
v 0.05642 1.03263 -0.01048
v 0.06925 1.03198 -0.03836
v 0.09228 1.03232 -0.05766
v 0.12095 1.03358 -0.06454
v 0.14958 1.03550 -0.05765
v 0.17251 1.03772 -0.03836
v 0.18518 1.03979 -0.01048
v 0.18510 1.04129 0.02047
v 0.17227 1.04194 0.04835
v 0.14924 1.04160 0.06764
v 0.12347 0.98850 0.07284
v 0.09656 0.98666 0.06637
v 0.07502 0.98458 0.04824
v 0.06311 0.98267 0.02203
v 0.06318 0.98131 -0.00705
v 0.07523 0.98076 -0.03326
v 0.09687 0.98115 -0.05139
v 0.12381 0.98238 -0.05786
v 0.15072 0.98422 -0.05139
v 0.17226 0.98630 -0.03326
v 0.18417 0.98821 -0.00706
v 0.18410 0.98957 0.02203
v 0.17205 0.99012 0.04823
v 0.15041 0.98973 0.06637
v 0.12653 0.93590 0.07129
v 0.10125 0.93411 0.06521
v 0.08100 0.93216 0.04817
v 0.06980 0.93043 0.02354
v 0.06987 0.92927 -0.00380
v 0.08118 0.92890 -0.02844
v 0.10151 0.92939 -0.04549
v 0.12683 0.93066 -0.05158
v 0.15211 0.93245 -0.04550
v 0.17236 0.93440 -0.02845
v 0.18356 0.93613 -0.00382
v 0.18349 0.93729 0.02352
v 0.17218 0.93766 0.04815
v 0.15185 0.93717 0.06520
v 0.12987 0.88237 0.06995
v 0.10603 0.88056 0.06422
v 0.08693 0.87864 0.04815
v 0.07637 0.87699 0.02492
v 0.07643 0.87594 -0.00087
v 0.08710 0.87569 -0.02411
v 0.10626 0.87629 -0.04020
v 0.13013 0.87763 -0.04595
v 0.15397 0.87944 -0.04022
v 0.17307 0.88136 -0.02415
v 0.18363 0.88301 -0.00092
v 0.18357 0.88406 0.02487
v 0.17290 0.88431 0.04811
v 0.15374 0.88371 0.06420
v 0.13371 0.82716 0.06925
v 0.11111 0.82529 0.06382
v 0.09302 0.82332 0.04859
v 0.08301 0.82164 0.02656
v 0.08307 0.82059 0.00211
v 0.09319 0.82038 -0.01992
v 0.11135 0.82103 -0.03518
v 0.13397 0.82244 -0.04064
v 0.15657 0.82431 -0.03521
v 0.17466 0.82628 -0.01998
v 0.18467 0.82796 0.00204
v 0.18461 0.82901 0.02649
v 0.17449 0.82922 0.04853
v 0.15633 0.82857 0.06379
v 0.13800 0.77015 0.06912
v 0.11650 0.76831 0.06396
v 0.09928 0.76640 0.04947
v 0.08976 0.76482 0.02851
v 0.08981 0.76386 0.00524
v 0.09943 0.76372 -0.01574
v 0.11672 0.76443 -0.03026
v 0.13824 0.76585 -0.03546
v 0.15974 0.76769 -0.03030
v 0.17696 0.76960 -0.01580
v 0.18648 0.77118 0.00516
v 0.18643 0.77214 0.02843
v 0.17681 0.77228 0.04940
v 0.15952 0.77157 0.06393
v 0.14241 0.71230 0.06897
v 0.12187 0.71063 0.06404
v 0.10541 0.70899 0.05019
v 0.09630 0.70770 0.03016
v 0.09633 0.70704 0.00793
v 0.10550 0.70711 -0.01211
v 0.12200 0.70792 -0.02599
v 0.14255 0.70930 -0.03095
v 0.16309 0.71097 -0.02602
v 0.17955 0.71261 -0.01217
v 0.18866 0.71390 0.00786
v 0.18863 0.71456 0.03009
v 0.17946 0.71449 0.05013
v 0.16296 0.71368 0.06401
v 0.14656 0.65483 0.06814
v 0.12686 0.65345 0.06341
v 0.11107 0.65226 0.05013
v 0.10231 0.65149 0.03094
v 0.10231 0.65130 0.00963
v 0.11107 0.65172 -0.00958
v 0.12687 0.65268 -0.02288
v 0.14656 0.65397 -0.02763
v 0.16626 0.65535 -0.02290
v 0.18205 0.65654 -0.00962
v 0.19081 0.65731 0.00957
v 0.19081 0.65750 0.03089
v 0.18205 0.65708 0.05009
v 0.16625 0.65612 0.06339
v 0.15009 0.59889 0.06599
v 0.13115 0.59792 0.06144
v 0.11594 0.59736 0.04869
v 0.10748 0.59732 0.03025
v 0.10745 0.59782 0.00979
v 0.11584 0.59875 -0.00866
v 0.13099 0.59992 -0.02142
v 0.14991 0.60111 -0.02599
v 0.16885 0.60208 -0.02144
v 0.18406 0.60264 -0.00869
v 0.19252 0.60268 0.00975
v 0.19255 0.60218 0.03021
v 0.18416 0.60125 0.04866
v 0.16901 0.60008 0.06142
v 0.15280 0.54510 0.06211
v 0.13445 0.54453 0.05772
v 0.11970 0.54461 0.04540
v 0.11148 0.54534 0.02758
v 0.11141 0.54656 0.00781
v 0.11950 0.54803 -0.01002
v 0.13416 0.54947 -0.02236
v 0.15248 0.55058 -0.02678
v 0.17083 0.55115 -0.02239
v 0.18558 0.55107 -0.01007
v 0.19380 0.55034 0.00774
v 0.19387 0.54912 0.02752
v 0.18578 0.54765 0.04535
v 0.17112 0.54621 0.05769
v 0.15492 0.49329 0.05697
v 0.13698 0.49298 0.05270
v 0.12256 0.49349 0.04069
v 0.11450 0.49472 0.02332
v 0.11441 0.49643 0.00404
v 0.12231 0.49827 -0.01335
v 0.13662 0.49989 -0.02539
v 0.15452 0.50095 -0.02970
v 0.17246 0.50126 -0.02543
v 0.18688 0.50075 -0.01343
v 0.19494 0.49952 0.00394
v 0.19503 0.49781 0.02323
v 0.18713 0.49597 0.04061
v 0.17282 0.49435 0.05265
v 0.15669 0.44332 0.05118
v 0.13911 0.44311 0.04701
v 0.12498 0.44377 0.03526
v 0.11708 0.44517 0.01826
v 0.11699 0.44702 -0.00061
v 0.12472 0.44897 -0.01763
v 0.13874 0.45062 -0.02942
v 0.15627 0.45164 -0.03364
v 0.17385 0.45185 -0.02947
v 0.18798 0.45119 -0.01772
v 0.19588 0.44979 -0.00073
v 0.19597 0.44794 0.01815
v 0.18824 0.44599 0.03516
v 0.17422 0.44434 0.04695
v 0.15835 0.39484 0.04532
v 0.14122 0.39459 0.04125
v 0.12744 0.39513 0.02978
v 0.11974 0.39634 0.01320
v 0.11966 0.39799 -0.00522
v 0.12720 0.39976 -0.02182
v 0.14087 0.40129 -0.03333
v 0.15797 0.40228 -0.03745
v 0.17510 0.40253 -0.03337
v 0.18888 0.40199 -0.02191
v 0.19658 0.40078 -0.00533
v 0.19666 0.39913 0.01309
v 0.18912 0.39736 0.02970
v 0.17545 0.39583 0.04120
v 0.16016 0.34718 0.03990
v 0.14367 0.34680 0.03597
v 0.13041 0.34706 0.02491
v 0.12302 0.34790 0.00892
v 0.12295 0.34915 -0.00884
v 0.13022 0.35058 -0.02485
v 0.14339 0.35189 -0.03593
v 0.15984 0.35282 -0.03990
v 0.17633 0.35320 -0.03597
v 0.18959 0.35294 -0.02491
v 0.19698 0.35210 -0.00892
v 0.19705 0.35085 0.00884
v 0.18978 0.34942 0.02485
v 0.17661 0.34811 0.03593
v 0.16212 0.29991 0.03488
v 0.14653 0.29946 0.03115
v 0.13399 0.29953 0.02067
v 0.12700 0.30009 0.00553
v 0.12695 0.30104 -0.01129
v 0.13384 0.30219 -0.02645
v 0.14630 0.30330 -0.03694
v 0.16188 0.30417 -0.04070
v 0.17747 0.30462 -0.03697
v 0.19001 0.30455 -0.02650
v 0.19700 0.30399 -0.01135
v 0.19705 0.30304 0.00546
v 0.19016 0.30189 0.02062
v 0.17770 0.30078 0.03112
v 0.16411 0.25317 0.02988
v 0.14956 0.25272 0.02641
v 0.13787 0.25271 0.01663
v 0.13136 0.25313 0.00250
v 0.13131 0.25391 -0.01319
v 0.13774 0.25489 -0.02734
v 0.14937 0.25588 -0.03713
v 0.16389 0.25667 -0.04064
v 0.17844 0.25712 -0.03716
v 0.19013 0.25713 -0.02738
v 0.19664 0.25671 -0.01325
v 0.19669 0.25593 0.00244
v 0.19026 0.25495 0.01659
v 0.17863 0.25396 0.02638
v 0.16609 0.20677 0.02492
v 0.15269 0.20634 0.02171
v 0.14191 0.20630 0.01270
v 0.13591 0.20665 -0.00033
v 0.13587 0.20732 -0.01479
v 0.14180 0.20819 -0.02783
v 0.15252 0.20907 -0.03685
v 0.16591 0.20979 -0.04008
v 0.17931 0.21022 -0.03688
v 0.19009 0.21026 -0.02787
v 0.19609 0.20991 -0.01484
v 0.19613 0.20924 -0.00038
v 0.19020 0.20837 0.01266
v 0.17948 0.20749 0.02169
v 0.16809 0.16036 0.01995
v 0.15584 0.15997 0.01702
v 0.14601 0.15994 0.00880
v 0.14053 0.16027 -0.00310
v 0.14049 0.16089 -0.01631
v 0.14590 0.16169 -0.02821
v 0.15569 0.16250 -0.03646
v 0.16791 0.16316 -0.03941
v 0.18016 0.16355 -0.03648
v 0.18999 0.16358 -0.02825
v 0.19547 0.16325 -0.01636
v 0.19551 0.16263 -0.00315
v 0.19010 0.16183 0.00876
v 0.18031 0.16102 0.01700
v 0.17008 0.11369 0.01497
v 0.15895 0.11335 0.01231
v 0.15001 0.11333 0.00483
v 0.14503 0.11364 -0.00598
v 0.14500 0.11422 -0.01798
v 0.14991 0.11496 -0.02880
v 0.15881 0.11570 -0.03629
v 0.16992 0.11631 -0.03897
v 0.18105 0.11665 -0.03631
v 0.18999 0.11667 -0.02883
v 0.19497 0.11636 -0.01802
v 0.19500 0.11578 -0.00602
v 0.19009 0.11504 0.00480
v 0.18119 0.11430 0.01229
v 0.11479 1.14370 0.07791
v 0.08271 1.14152 0.07020
v 0.05703 1.13904 0.04858
v 0.04283 1.13675 0.01734
v 0.04292 1.13510 -0.01734
v 0.05729 1.13442 -0.04858
v 0.08309 1.13485 -0.07020
v 0.11521 1.13630 -0.07791
v 0.14729 1.13848 -0.07020
v 0.17297 1.14096 -0.04858
v 0.18717 1.14325 -0.01734
v 0.18708 1.14490 0.01734
v 0.17271 1.14558 0.04858
v 0.14691 1.14515 0.07020
v 0.11500 1.14000 0.00000
v 0.17008 0.11369 0.01497
v 0.15895 0.11335 0.01231
v 0.15001 0.11333 0.00483
v 0.14503 0.11364 -0.00598
v 0.14500 0.11422 -0.01798
v 0.14991 0.11496 -0.02880
v 0.15881 0.11570 -0.03629
v 0.16992 0.11631 -0.03897
v 0.18105 0.11665 -0.03631
v 0.18999 0.11667 -0.02883
v 0.19497 0.11636 -0.01802
v 0.19500 0.11578 -0.00602
v 0.19009 0.11504 0.00480
v 0.18119 0.11430 0.01229
v 0.17000 0.11500 -0.01200
vn 0.0018 -0.0320 0.9995
vn -0.4480 -0.0617 0.8919
vn -0.7907 -0.0931 0.6051
vn -0.9692 -0.1205 0.2147
vn -0.9681 -0.1405 -0.2075
vn -0.7875 -0.1501 -0.5977
vn -0.4432 -0.1460 -0.8844
vn 0.0071 -0.1264 -0.9920
vn 0.4568 -0.0951 -0.8845
vn 0.7994 -0.0604 -0.5978
vn 0.9778 -0.0304 -0.2075
vn 0.9766 -0.0104 0.2147
vn 0.7962 -0.0033 0.6051
vn 0.4521 -0.0108 0.8919
vn 0.0018 -0.0326 0.9995
vn -0.4479 -0.0622 0.8919
vn -0.7907 -0.0935 0.6051
vn -0.9691 -0.1211 0.2147
vn -0.9680 -0.1414 -0.2073
vn -0.7874 -0.1515 -0.5975
vn -0.4431 -0.1479 -0.8842
vn 0.0072 -0.1287 -0.9917
vn 0.4569 -0.0975 -0.8842
vn 0.7994 -0.0627 -0.5975
vn 0.9777 -0.0326 -0.2073
vn 0.9766 -0.0122 0.2148
vn 0.7961 -0.0047 0.6051
vn 0.4520 -0.0119 0.8919
vn 0.0018 -0.0329 0.9995
vn -0.4479 -0.0623 0.8919
vn -0.7906 -0.0936 0.6051
vn -0.9691 -0.1213 0.2148
vn -0.9679 -0.1419 -0.2073
vn -0.7873 -0.1522 -0.5974
vn -0.4430 -0.1489 -0.8841
vn 0.0073 -0.1299 -0.9915
vn 0.4569 -0.0989 -0.8840
vn 0.7994 -0.0641 -0.5974
vn 0.9777 -0.0338 -0.2072
vn 0.9766 -0.0132 0.2148
vn 0.7961 -0.0055 0.6051
vn 0.4520 -0.0123 0.8919
vn 0.0018 -0.0309 0.9995
vn -0.4480 -0.0608 0.8919
vn -0.7908 -0.0922 0.6050
vn -0.9694 -0.1195 0.2146
vn -0.9682 -0.1393 -0.2076
vn -0.7876 -0.1487 -0.5979
vn -0.4433 -0.1444 -0.8847
vn 0.0071 -0.1246 -0.9922
vn 0.4568 -0.0932 -0.8847
vn 0.7994 -0.0585 -0.5979
vn 0.9778 -0.0286 -0.2076
vn 0.9767 -0.0088 0.2145
vn 0.7962 -0.0019 0.6050
vn 0.4521 -0.0096 0.8919
vn 0.0018 -0.0271 0.9996
vn -0.4482 -0.0580 0.8920
vn -0.7912 -0.0895 0.6050
vn -0.9699 -0.1159 0.2143
vn -0.9689 -0.1340 -0.2082
vn -0.7883 -0.1411 -0.5989
vn -0.4439 -0.1343 -0.8859
vn 0.0066 -0.1126 -0.9936
vn 0.4565 -0.0803 -0.8861
vn 0.7993 -0.0459 -0.5991
vn 0.9779 -0.0172 -0.2085
vn 0.9769 0.0009 0.2139
vn 0.7964 0.0058 0.6047
vn 0.4523 -0.0040 0.8919
vn 0.0017 -0.0187 0.9998
vn -0.4485 -0.0520 0.8923
vn -0.7916 -0.0851 0.6051
vn -0.9704 -0.1119 0.2141
vn -0.9694 -0.1291 -0.2087
vn -0.7889 -0.1343 -0.5997
vn -0.4445 -0.1247 -0.8871
vn 0.0062 -0.1002 -0.9950
vn 0.4563 -0.0656 -0.8874
vn 0.7992 -0.0300 -0.6003
vn 0.9778 -0.0013 -0.2095
vn 0.9769 0.0159 0.2133
vn 0.7965 0.0192 0.6044
vn 0.4522 0.0071 0.8919
vn 0.0012 -0.0073 1.0000
vn -0.4490 -0.0440 0.8925
vn -0.7920 -0.0801 0.6052
vn -0.9707 -0.1090 0.2142
vn -0.9697 -0.1272 -0.2088
vn -0.7891 -0.1318 -0.6000
vn -0.4447 -0.1204 -0.8876
vn 0.0061 -0.0930 -0.9956
vn 0.4562 -0.0553 -0.8882
vn 0.7990 -0.0171 -0.6010
vn 0.9776 0.0135 -0.2101
vn 0.9766 0.0317 0.2129
vn 0.7961 0.0347 0.6041
vn 0.4518 0.0211 0.8918
vn 0.0010 -0.0023 1.0000
vn -0.4492 -0.0404 0.8925
vn -0.7923 -0.0774 0.6052
vn -0.9710 -0.1065 0.2141
vn -0.9700 -0.1240 -0.2090
vn -0.7895 -0.1273 -0.6004
vn -0.4451 -0.1141 -0.8882
vn 0.0056 -0.0849 -0.9964
vn 0.4557 -0.0458 -0.8889
vn 0.7987 -0.0070 -0.6017
vn 0.9773 0.0235 -0.2106
vn 0.9763 0.0410 0.2124
vn 0.7959 0.0428 0.6039
vn 0.4517 0.0278 0.8918
vn 0.0014 -0.0084 1.0000
vn -0.4490 -0.0448 0.8924
vn -0.7924 -0.0783 0.6049
vn -0.9715 -0.1030 0.2135
vn -0.9708 -0.1160 -0.2098
vn -0.7906 -0.1152 -0.6014
vn -0.4463 -0.0993 -0.8893
vn 0.0044 -0.0695 -0.9976
vn 0.4548 -0.0322 -0.8900
vn 0.7980 0.0030 -0.6026
vn 0.9770 0.0290 -0.2113
vn 0.9764 0.0419 0.2120
vn 0.7962 0.0398 0.6037
vn 0.4521 0.0222 0.8917
vn 0.0023 -0.0261 0.9997
vn -0.4485 -0.0575 0.8919
vn -0.7925 -0.0829 0.6043
vn -0.9722 -0.0984 0.2126
vn -0.9721 -0.1025 -0.2109
vn -0.7923 -0.0948 -0.6027
vn -0.4483 -0.0750 -0.8907
vn 0.0025 -0.0457 -0.9990
vn 0.4533 -0.0135 -0.8913
vn 0.7972 0.0136 -0.6036
vn 0.9768 0.0302 -0.2120
vn 0.9768 0.0343 0.2115
vn 0.7971 0.0253 0.6033
vn 0.4532 0.0039 0.8914
vn 0.0036 -0.0547 0.9985
vn -0.4478 -0.0777 0.8907
vn -0.7926 -0.0901 0.6031
vn -0.9732 -0.0907 0.2115
vn -0.9739 -0.0809 -0.2120
vn -0.7947 -0.0620 -0.6038
vn -0.4510 -0.0363 -0.8918
vn -0.0000 -0.0082 -1.0000
vn 0.4513 0.0155 -0.8922
vn 0.7960 0.0292 -0.6045
vn 0.9766 0.0309 -0.2129
vn 0.9774 0.0211 0.2106
vn 0.7983 0.0011 0.6023
vn 0.4546 -0.0260 0.8903
vn 0.0046 -0.0849 0.9964
vn -0.4473 -0.0989 0.8889
vn -0.7928 -0.0968 0.6017
vn -0.9742 -0.0809 0.2108
vn -0.9757 -0.0550 -0.2122
vn -0.7971 -0.0232 -0.6034
vn -0.4536 0.0098 -0.8911
vn -0.0024 0.0370 -0.9993
vn 0.4495 0.0514 -0.8918
vn 0.7949 0.0502 -0.6046
vn 0.9763 0.0349 -0.2136
vn 0.9778 0.0092 0.2093
vn 0.7992 -0.0233 0.6006
vn 0.4558 -0.0573 0.8882
vn 0.0053 -0.1065 0.9943
vn -0.4469 -0.1143 0.8872
vn -0.7929 -0.1019 0.6008
vn -0.9748 -0.0741 0.2106
vn -0.9767 -0.0369 -0.2115
vn -0.7984 0.0042 -0.6021
vn -0.4551 0.0424 -0.8894
vn -0.0039 0.0691 -0.9976
vn 0.4484 0.0771 -0.8905
vn 0.7943 0.0654 -0.6040
vn 0.9761 0.0382 -0.2138
vn 0.9781 0.0010 0.2083
vn 0.7998 -0.0406 0.5989
vn 0.4565 -0.0795 0.8861
vn 0.0056 -0.1173 0.9931
vn -0.4467 -0.1224 0.8863
vn -0.7928 -0.1059 0.6002
vn -0.9748 -0.0736 0.2105
vn -0.9769 -0.0322 -0.2112
vn -0.7988 0.0121 -0.6015
vn -0.4555 0.0519 -0.8887
vn -0.0042 0.0781 -0.9969
vn 0.4481 0.0836 -0.8901
vn 0.7941 0.0680 -0.6039
vn 0.9761 0.0363 -0.2142
vn 0.9782 -0.0051 0.2075
vn 0.8001 -0.0500 0.5978
vn 0.4569 -0.0907 0.8849
vn 0.0056 -0.1163 0.9932
vn -0.4466 -0.1227 0.8863
vn -0.7926 -0.1087 0.6000
vn -0.9744 -0.0796 0.2101
vn -0.9764 -0.0416 -0.2119
vn -0.7982 -0.0004 -0.6024
vn -0.4549 0.0373 -0.8898
vn -0.0037 0.0631 -0.9980
vn 0.4485 0.0700 -0.8910
vn 0.7944 0.0572 -0.6047
vn 0.9763 0.0290 -0.2146
vn 0.9782 -0.0090 0.2073
vn 0.8000 -0.0511 0.5978
vn 0.4568 -0.0900 0.8850
vn 0.0054 -0.1092 0.9940
vn -0.4465 -0.1191 0.8868
vn -0.7921 -0.1115 0.6002
vn -0.9736 -0.0902 0.2097
vn -0.9753 -0.0600 -0.2128
vn -0.7968 -0.0256 -0.6037
vn -0.4534 0.0078 -0.8912
vn -0.0024 0.0330 -0.9995
vn 0.4495 0.0437 -0.8922
vn 0.7950 0.0377 -0.6054
vn 0.9765 0.0176 -0.2148
vn 0.9781 -0.0125 0.2076
vn 0.7997 -0.0482 0.5984
vn 0.4564 -0.0831 0.8859
vn 0.0054 -0.1057 0.9944
vn -0.4462 -0.1181 0.8871
vn -0.7915 -0.1152 0.6002
vn -0.9727 -0.0998 0.2096
vn -0.9741 -0.0758 -0.2131
vn -0.7955 -0.0468 -0.6042
vn -0.4521 -0.0170 -0.8918
vn -0.0012 0.0076 -1.0000
vn 0.4503 0.0209 -0.8926
vn 0.7955 0.0201 -0.6056
vn 0.9766 0.0063 -0.2149
vn 0.9780 -0.0177 0.2078
vn 0.7994 -0.0483 0.5988
vn 0.4562 -0.0801 0.8863
vn 0.0054 -0.1061 0.9943
vn -0.4460 -0.1194 0.8870
vn -0.7910 -0.1186 0.6002
vn -0.9721 -0.1058 0.2095
vn -0.9733 -0.0847 -0.2132
vn -0.7947 -0.0584 -0.6042
vn -0.4513 -0.0306 -0.8918
vn -0.0006 -0.0065 -1.0000
vn 0.4507 0.0079 -0.8926
vn 0.7957 0.0095 -0.6056
vn 0.9766 -0.0015 -0.2149
vn 0.9779 -0.0226 0.2078
vn 0.7993 -0.0507 0.5988
vn 0.4561 -0.0809 0.8863
vn 0.0054 -0.1062 0.9943
vn -0.4458 -0.1200 0.8870
vn -0.7908 -0.1201 0.6002
vn -0.9718 -0.1086 0.2095
vn -0.9730 -0.0889 -0.2131
vn -0.7943 -0.0639 -0.6042
vn -0.4509 -0.0370 -0.8918
vn -0.0003 -0.0132 -0.9999
vn 0.4509 0.0018 -0.8926
vn 0.7958 0.0045 -0.6056
vn 0.9766 -0.0051 -0.2148
vn 0.9778 -0.0248 0.2078
vn 0.7992 -0.0517 0.5988
vn 0.4560 -0.0812 0.8863
vn 0.0054 -0.1061 0.9943
vn -0.4459 -0.1197 0.8870
vn -0.7909 -0.1197 0.6002
vn -0.9718 -0.1080 0.2095
vn -0.9730 -0.0881 -0.2132
vn -0.7943 -0.0629 -0.6042
vn -0.4510 -0.0358 -0.8918
vn -0.0003 -0.0120 -0.9999
vn 0.4509 0.0029 -0.8926
vn 0.7958 0.0054 -0.6056
vn 0.9766 -0.0044 -0.2148
vn 0.9779 -0.0243 0.2078
vn 0.7992 -0.0514 0.5988
vn 0.4560 -0.0810 0.8863
vn 0.0054 -0.1059 0.9944
vn -0.4459 -0.1195 0.8871
vn -0.7909 -0.1191 0.6002
vn -0.9719 -0.1069 0.2095
vn -0.9732 -0.0864 -0.2132
vn -0.7945 -0.0607 -0.6042
vn -0.4512 -0.0333 -0.8918
vn -0.0005 -0.0094 -1.0000
vn 0.4508 0.0053 -0.8926
vn 0.7957 0.0074 -0.6056
vn 0.9766 -0.0029 -0.2149
vn 0.9779 -0.0234 0.2078
vn 0.7993 -0.0510 0.5988
vn 0.4560 -0.0808 0.8863
vn -0.0563 0.9973 -0.0475
vn -0.0563 0.9973 -0.0475
vn -0.0563 0.9973 -0.0475
vn -0.0563 0.9973 -0.0475
vn -0.0563 0.9973 -0.0475
vn -0.0563 0.9973 -0.0475
vn -0.0563 0.9973 -0.0475
vn -0.0563 0.9973 -0.0475
vn -0.0563 0.9973 -0.0475
vn -0.0563 0.9973 -0.0475
vn -0.0563 0.9973 -0.0475
vn -0.0563 0.9973 -0.0475
vn -0.0563 0.9973 -0.0475
vn -0.0563 0.9973 -0.0475
vn -0.0563 0.9973 -0.0475
vn 0.0427 -0.9979 -0.0485
vn 0.0427 -0.9979 -0.0485
vn 0.0427 -0.9979 -0.0485
vn 0.0427 -0.9979 -0.0485
vn 0.0427 -0.9979 -0.0485
vn 0.0427 -0.9979 -0.0485
vn 0.0427 -0.9979 -0.0485
vn 0.0427 -0.9979 -0.0485
vn 0.0427 -0.9979 -0.0485
vn 0.0427 -0.9979 -0.0485
vn 0.0427 -0.9979 -0.0485
vn 0.0427 -0.9979 -0.0485
vn 0.0427 -0.9979 -0.0485
vn 0.0427 -0.9979 -0.0485
vn 0.0427 -0.9979 -0.0485
f 9315//9315 9316//9316 9330//9330 9329//9329
f 9316//9316 9317//9317 9331//9331 9330//9330
f 9317//9317 9318//9318 9332//9332 9331//9331
f 9318//9318 9319//9319 9333//9333 9332//9332
f 9319//9319 9320//9320 9334//9334 9333//9333
f 9320//9320 9321//9321 9335//9335 9334//9334
f 9321//9321 9322//9322 9336//9336 9335//9335
f 9322//9322 9323//9323 9337//9337 9336//9336
f 9323//9323 9324//9324 9338//9338 9337//9337
f 9324//9324 9325//9325 9339//9339 9338//9338
f 9325//9325 9326//9326 9340//9340 9339//9339
f 9326//9326 9327//9327 9341//9341 9340//9340
f 9327//9327 9328//9328 9342//9342 9341//9341
f 9328//9328 9315//9315 9329//9329 9342//9342
f 9329//9329 9330//9330 9344//9344 9343//9343
f 9330//9330 9331//9331 9345//9345 9344//9344
f 9331//9331 9332//9332 9346//9346 9345//9345
f 9332//9332 9333//9333 9347//9347 9346//9346
f 9333//9333 9334//9334 9348//9348 9347//9347
f 9334//9334 9335//9335 9349//9349 9348//9348
f 9335//9335 9336//9336 9350//9350 9349//9349
f 9336//9336 9337//9337 9351//9351 9350//9350
f 9337//9337 9338//9338 9352//9352 9351//9351
f 9338//9338 9339//9339 9353//9353 9352//9352
f 9339//9339 9340//9340 9354//9354 9353//9353
f 9340//9340 9341//9341 9355//9355 9354//9354
f 9341//9341 9342//9342 9356//9356 9355//9355
f 9342//9342 9329//9329 9343//9343 9356//9356
f 9343//9343 9344//9344 9358//9358 9357//9357
f 9344//9344 9345//9345 9359//9359 9358//9358
f 9345//9345 9346//9346 9360//9360 9359//9359
f 9346//9346 9347//9347 9361//9361 9360//9360
f 9347//9347 9348//9348 9362//9362 9361//9361
f 9348//9348 9349//9349 9363//9363 9362//9362
f 9349//9349 9350//9350 9364//9364 9363//9363
f 9350//9350 9351//9351 9365//9365 9364//9364
f 9351//9351 9352//9352 9366//9366 9365//9365
f 9352//9352 9353//9353 9367//9367 9366//9366
f 9353//9353 9354//9354 9368//9368 9367//9367
f 9354//9354 9355//9355 9369//9369 9368//9368
f 9355//9355 9356//9356 9370//9370 9369//9369
f 9356//9356 9343//9343 9357//9357 9370//9370
f 9357//9357 9358//9358 9372//9372 9371//9371
f 9358//9358 9359//9359 9373//9373 9372//9372
f 9359//9359 9360//9360 9374//9374 9373//9373
f 9360//9360 9361//9361 9375//9375 9374//9374
f 9361//9361 9362//9362 9376//9376 9375//9375
f 9362//9362 9363//9363 9377//9377 9376//9376
f 9363//9363 9364//9364 9378//9378 9377//9377
f 9364//9364 9365//9365 9379//9379 9378//9378
f 9365//9365 9366//9366 9380//9380 9379//9379
f 9366//9366 9367//9367 9381//9381 9380//9380
f 9367//9367 9368//9368 9382//9382 9381//9381
f 9368//9368 9369//9369 9383//9383 9382//9382
f 9369//9369 9370//9370 9384//9384 9383//9383
f 9370//9370 9357//9357 9371//9371 9384//9384
f 9371//9371 9372//9372 9386//9386 9385//9385
f 9372//9372 9373//9373 9387//9387 9386//9386
f 9373//9373 9374//9374 9388//9388 9387//9387
f 9374//9374 9375//9375 9389//9389 9388//9388
f 9375//9375 9376//9376 9390//9390 9389//9389
f 9376//9376 9377//9377 9391//9391 9390//9390
f 9377//9377 9378//9378 9392//9392 9391//9391
f 9378//9378 9379//9379 9393//9393 9392//9392
f 9379//9379 9380//9380 9394//9394 9393//9393
f 9380//9380 9381//9381 9395//9395 9394//9394
f 9381//9381 9382//9382 9396//9396 9395//9395
f 9382//9382 9383//9383 9397//9397 9396//9396
f 9383//9383 9384//9384 9398//9398 9397//9397
f 9384//9384 9371//9371 9385//9385 9398//9398
f 9385//9385 9386//9386 9400//9400 9399//9399
f 9386//9386 9387//9387 9401//9401 9400//9400
f 9387//9387 9388//9388 9402//9402 9401//9401
f 9388//9388 9389//9389 9403//9403 9402//9402
f 9389//9389 9390//9390 9404//9404 9403//9403
f 9390//9390 9391//9391 9405//9405 9404//9404
f 9391//9391 9392//9392 9406//9406 9405//9405
f 9392//9392 9393//9393 9407//9407 9406//9406
f 9393//9393 9394//9394 9408//9408 9407//9407
f 9394//9394 9395//9395 9409//9409 9408//9408
f 9395//9395 9396//9396 9410//9410 9409//9409
f 9396//9396 9397//9397 9411//9411 9410//9410
f 9397//9397 9398//9398 9412//9412 9411//9411
f 9398//9398 9385//9385 9399//9399 9412//9412
f 9399//9399 9400//9400 9414//9414 9413//9413
f 9400//9400 9401//9401 9415//9415 9414//9414
f 9401//9401 9402//9402 9416//9416 9415//9415
f 9402//9402 9403//9403 9417//9417 9416//9416
f 9403//9403 9404//9404 9418//9418 9417//9417
f 9404//9404 9405//9405 9419//9419 9418//9418
f 9405//9405 9406//9406 9420//9420 9419//9419
f 9406//9406 9407//9407 9421//9421 9420//9420
f 9407//9407 9408//9408 9422//9422 9421//9421
f 9408//9408 9409//9409 9423//9423 9422//9422
f 9409//9409 9410//9410 9424//9424 9423//9423
f 9410//9410 9411//9411 9425//9425 9424//9424
f 9411//9411 9412//9412 9426//9426 9425//9425
f 9412//9412 9399//9399 9413//9413 9426//9426
f 9413//9413 9414//9414 9428//9428 9427//9427
f 9414//9414 9415//9415 9429//9429 9428//9428
f 9415//9415 9416//9416 9430//9430 9429//9429
f 9416//9416 9417//9417 9431//9431 9430//9430
f 9417//9417 9418//9418 9432//9432 9431//9431
f 9418//9418 9419//9419 9433//9433 9432//9432
f 9419//9419 9420//9420 9434//9434 9433//9433
f 9420//9420 9421//9421 9435//9435 9434//9434
f 9421//9421 9422//9422 9436//9436 9435//9435
f 9422//9422 9423//9423 9437//9437 9436//9436
f 9423//9423 9424//9424 9438//9438 9437//9437
f 9424//9424 9425//9425 9439//9439 9438//9438
f 9425//9425 9426//9426 9440//9440 9439//9439
f 9426//9426 9413//9413 9427//9427 9440//9440
f 9427//9427 9428//9428 9442//9442 9441//9441
f 9428//9428 9429//9429 9443//9443 9442//9442
f 9429//9429 9430//9430 9444//9444 9443//9443
f 9430//9430 9431//9431 9445//9445 9444//9444
f 9431//9431 9432//9432 9446//9446 9445//9445
f 9432//9432 9433//9433 9447//9447 9446//9446
f 9433//9433 9434//9434 9448//9448 9447//9447
f 9434//9434 9435//9435 9449//9449 9448//9448
f 9435//9435 9436//9436 9450//9450 9449//9449
f 9436//9436 9437//9437 9451//9451 9450//9450
f 9437//9437 9438//9438 9452//9452 9451//9451
f 9438//9438 9439//9439 9453//9453 9452//9452
f 9439//9439 9440//9440 9454//9454 9453//9453
f 9440//9440 9427//9427 9441//9441 9454//9454
f 9441//9441 9442//9442 9456//9456 9455//9455
f 9442//9442 9443//9443 9457//9457 9456//9456
f 9443//9443 9444//9444 9458//9458 9457//9457
f 9444//9444 9445//9445 9459//9459 9458//9458
f 9445//9445 9446//9446 9460//9460 9459//9459
f 9446//9446 9447//9447 9461//9461 9460//9460
f 9447//9447 9448//9448 9462//9462 9461//9461
f 9448//9448 9449//9449 9463//9463 9462//9462
f 9449//9449 9450//9450 9464//9464 9463//9463
f 9450//9450 9451//9451 9465//9465 9464//9464
f 9451//9451 9452//9452 9466//9466 9465//9465
f 9452//9452 9453//9453 9467//9467 9466//9466
f 9453//9453 9454//9454 9468//9468 9467//9467
f 9454//9454 9441//9441 9455//9455 9468//9468
f 9455//9455 9456//9456 9470//9470 9469//9469
f 9456//9456 9457//9457 9471//9471 9470//9470
f 9457//9457 9458//9458 9472//9472 9471//9471
f 9458//9458 9459//9459 9473//9473 9472//9472
f 9459//9459 9460//9460 9474//9474 9473//9473
f 9460//9460 9461//9461 9475//9475 9474//9474
f 9461//9461 9462//9462 9476//9476 9475//9475
f 9462//9462 9463//9463 9477//9477 9476//9476
f 9463//9463 9464//9464 9478//9478 9477//9477
f 9464//9464 9465//9465 9479//9479 9478//9478
f 9465//9465 9466//9466 9480//9480 9479//9479
f 9466//9466 9467//9467 9481//9481 9480//9480
f 9467//9467 9468//9468 9482//9482 9481//9481
f 9468//9468 9455//9455 9469//9469 9482//9482
f 9469//9469 9470//9470 9484//9484 9483//9483
f 9470//9470 9471//9471 9485//9485 9484//9484
f 9471//9471 9472//9472 9486//9486 9485//9485
f 9472//9472 9473//9473 9487//9487 9486//9486
f 9473//9473 9474//9474 9488//9488 9487//9487
f 9474//9474 9475//9475 9489//9489 9488//9488
f 9475//9475 9476//9476 9490//9490 9489//9489
f 9476//9476 9477//9477 9491//9491 9490//9490
f 9477//9477 9478//9478 9492//9492 9491//9491
f 9478//9478 9479//9479 9493//9493 9492//9492
f 9479//9479 9480//9480 9494//9494 9493//9493
f 9480//9480 9481//9481 9495//9495 9494//9494
f 9481//9481 9482//9482 9496//9496 9495//9495
f 9482//9482 9469//9469 9483//9483 9496//9496
f 9483//9483 9484//9484 9498//9498 9497//9497
f 9484//9484 9485//9485 9499//9499 9498//9498
f 9485//9485 9486//9486 9500//9500 9499//9499
f 9486//9486 9487//9487 9501//9501 9500//9500
f 9487//9487 9488//9488 9502//9502 9501//9501
f 9488//9488 9489//9489 9503//9503 9502//9502
f 9489//9489 9490//9490 9504//9504 9503//9503
f 9490//9490 9491//9491 9505//9505 9504//9504
f 9491//9491 9492//9492 9506//9506 9505//9505
f 9492//9492 9493//9493 9507//9507 9506//9506
f 9493//9493 9494//9494 9508//9508 9507//9507
f 9494//9494 9495//9495 9509//9509 9508//9508
f 9495//9495 9496//9496 9510//9510 9509//9509
f 9496//9496 9483//9483 9497//9497 9510//9510
f 9497//9497 9498//9498 9512//9512 9511//9511
f 9498//9498 9499//9499 9513//9513 9512//9512
f 9499//9499 9500//9500 9514//9514 9513//9513
f 9500//9500 9501//9501 9515//9515 9514//9514
f 9501//9501 9502//9502 9516//9516 9515//9515
f 9502//9502 9503//9503 9517//9517 9516//9516
f 9503//9503 9504//9504 9518//9518 9517//9517
f 9504//9504 9505//9505 9519//9519 9518//9518
f 9505//9505 9506//9506 9520//9520 9519//9519
f 9506//9506 9507//9507 9521//9521 9520//9520
f 9507//9507 9508//9508 9522//9522 9521//9521
f 9508//9508 9509//9509 9523//9523 9522//9522
f 9509//9509 9510//9510 9524//9524 9523//9523
f 9510//9510 9497//9497 9511//9511 9524//9524
f 9511//9511 9512//9512 9526//9526 9525//9525
f 9512//9512 9513//9513 9527//9527 9526//9526
f 9513//9513 9514//9514 9528//9528 9527//9527
f 9514//9514 9515//9515 9529//9529 9528//9528
f 9515//9515 9516//9516 9530//9530 9529//9529
f 9516//9516 9517//9517 9531//9531 9530//9530
f 9517//9517 9518//9518 9532//9532 9531//9531
f 9518//9518 9519//9519 9533//9533 9532//9532
f 9519//9519 9520//9520 9534//9534 9533//9533
f 9520//9520 9521//9521 9535//9535 9534//9534
f 9521//9521 9522//9522 9536//9536 9535//9535
f 9522//9522 9523//9523 9537//9537 9536//9536
f 9523//9523 9524//9524 9538//9538 9537//9537
f 9524//9524 9511//9511 9525//9525 9538//9538
f 9525//9525 9526//9526 9540//9540 9539//9539
f 9526//9526 9527//9527 9541//9541 9540//9540
f 9527//9527 9528//9528 9542//9542 9541//9541
f 9528//9528 9529//9529 9543//9543 9542//9542
f 9529//9529 9530//9530 9544//9544 9543//9543
f 9530//9530 9531//9531 9545//9545 9544//9544
f 9531//9531 9532//9532 9546//9546 9545//9545
f 9532//9532 9533//9533 9547//9547 9546//9546
f 9533//9533 9534//9534 9548//9548 9547//9547
f 9534//9534 9535//9535 9549//9549 9548//9548
f 9535//9535 9536//9536 9550//9550 9549//9549
f 9536//9536 9537//9537 9551//9551 9550//9550
f 9537//9537 9538//9538 9552//9552 9551//9551
f 9538//9538 9525//9525 9539//9539 9552//9552
f 9539//9539 9540//9540 9554//9554 9553//9553
f 9540//9540 9541//9541 9555//9555 9554//9554
f 9541//9541 9542//9542 9556//9556 9555//9555
f 9542//9542 9543//9543 9557//9557 9556//9556
f 9543//9543 9544//9544 9558//9558 9557//9557
f 9544//9544 9545//9545 9559//9559 9558//9558
f 9545//9545 9546//9546 9560//9560 9559//9559
f 9546//9546 9547//9547 9561//9561 9560//9560
f 9547//9547 9548//9548 9562//9562 9561//9561
f 9548//9548 9549//9549 9563//9563 9562//9562
f 9549//9549 9550//9550 9564//9564 9563//9563
f 9550//9550 9551//9551 9565//9565 9564//9564
f 9551//9551 9552//9552 9566//9566 9565//9565
f 9552//9552 9539//9539 9553//9553 9566//9566
f 9553//9553 9554//9554 9568//9568 9567//9567
f 9554//9554 9555//9555 9569//9569 9568//9568
f 9555//9555 9556//9556 9570//9570 9569//9569
f 9556//9556 9557//9557 9571//9571 9570//9570
f 9557//9557 9558//9558 9572//9572 9571//9571
f 9558//9558 9559//9559 9573//9573 9572//9572
f 9559//9559 9560//9560 9574//9574 9573//9573
f 9560//9560 9561//9561 9575//9575 9574//9574
f 9561//9561 9562//9562 9576//9576 9575//9575
f 9562//9562 9563//9563 9577//9577 9576//9576
f 9563//9563 9564//9564 9578//9578 9577//9577
f 9564//9564 9565//9565 9579//9579 9578//9578
f 9565//9565 9566//9566 9580//9580 9579//9579
f 9566//9566 9553//9553 9567//9567 9580//9580
f 9567//9567 9568//9568 9582//9582 9581//9581
f 9568//9568 9569//9569 9583//9583 9582//9582
f 9569//9569 9570//9570 9584//9584 9583//9583
f 9570//9570 9571//9571 9585//9585 9584//9584
f 9571//9571 9572//9572 9586//9586 9585//9585
f 9572//9572 9573//9573 9587//9587 9586//9586
f 9573//9573 9574//9574 9588//9588 9587//9587
f 9574//9574 9575//9575 9589//9589 9588//9588
f 9575//9575 9576//9576 9590//9590 9589//9589
f 9576//9576 9577//9577 9591//9591 9590//9590
f 9577//9577 9578//9578 9592//9592 9591//9591
f 9578//9578 9579//9579 9593//9593 9592//9592
f 9579//9579 9580//9580 9594//9594 9593//9593
f 9580//9580 9567//9567 9581//9581 9594//9594
f 9581//9581 9582//9582 9596//9596 9595//9595
f 9582//9582 9583//9583 9597//9597 9596//9596
f 9583//9583 9584//9584 9598//9598 9597//9597
f 9584//9584 9585//9585 9599//9599 9598//9598
f 9585//9585 9586//9586 9600//9600 9599//9599
f 9586//9586 9587//9587 9601//9601 9600//9600
f 9587//9587 9588//9588 9602//9602 9601//9601
f 9588//9588 9589//9589 9603//9603 9602//9602
f 9589//9589 9590//9590 9604//9604 9603//9603
f 9590//9590 9591//9591 9605//9605 9604//9604
f 9591//9591 9592//9592 9606//9606 9605//9605
f 9592//9592 9593//9593 9607//9607 9606//9606
f 9593//9593 9594//9594 9608//9608 9607//9607
f 9594//9594 9581//9581 9595//9595 9608//9608
f 9610//9610 9623//9623 9609//9609
f 9611//9611 9623//9623 9610//9610
f 9612//9612 9623//9623 9611//9611
f 9613//9613 9623//9623 9612//9612
f 9614//9614 9623//9623 9613//9613
f 9615//9615 9623//9623 9614//9614
f 9616//9616 9623//9623 9615//9615
f 9617//9617 9623//9623 9616//9616
f 9618//9618 9623//9623 9617//9617
f 9619//9619 9623//9623 9618//9618
f 9620//9620 9623//9623 9619//9619
f 9621//9621 9623//9623 9620//9620
f 9622//9622 9623//9623 9621//9621
f 9609//9609 9623//9623 9622//9622
f 9625//9625 9638//9638 9624//9624
f 9626//9626 9638//9638 9625//9625
f 9627//9627 9638//9638 9626//9626
f 9628//9628 9638//9638 9627//9627
f 9629//9629 9638//9638 9628//9628
f 9630//9630 9638//9638 9629//9629
f 9631//9631 9638//9638 9630//9630
f 9632//9632 9638//9638 9631//9631
f 9633//9633 9638//9638 9632//9632
f 9634//9634 9638//9638 9633//9633
f 9635//9635 9638//9638 9634//9634
f 9636//9636 9638//9638 9635//9635
f 9637//9637 9638//9638 9636//9636
f 9624//9624 9638//9638 9637//9637
g part107
usemtl skin
v 0.15000 0.65200 0.03000
v 0.15000 0.65200 0.03000
v 0.15000 0.65200 0.03000
v 0.15000 0.65200 0.03000
v 0.15000 0.65200 0.03000
v 0.15000 0.65200 0.03000
v 0.15000 0.65200 0.03000
v 0.15000 0.65200 0.03000
v 0.15000 0.65200 0.03000
v 0.15000 0.65200 0.03000
v 0.15000 0.65200 0.03000
v 0.15000 0.65200 0.03000
v 0.15000 0.64804 0.04990
v 0.15938 0.64804 0.04723
v 0.16624 0.64804 0.03995
v 0.16875 0.64804 0.03000
v 0.16624 0.64804 0.02005
v 0.15938 0.64804 0.01277
v 0.15000 0.64804 0.01010
v 0.14062 0.64804 0.01277
v 0.13376 0.64804 0.02005
v 0.13125 0.64804 0.03000
v 0.13376 0.64804 0.03995
v 0.14062 0.64804 0.04723
v 0.15000 0.63677 0.06677
v 0.16732 0.63677 0.06184
v 0.18001 0.63677 0.04838
v 0.18465 0.63677 0.03000
v 0.18001 0.63677 0.01162
v 0.16732 0.63677 -0.00184
v 0.15000 0.63677 -0.00677
v 0.13268 0.63677 -0.00184
v 0.11999 0.63677 0.01162
v 0.11535 0.63677 0.03000
v 0.11999 0.63677 0.04838
v 0.13268 0.63677 0.06184
v 0.15000 0.61990 0.07804
v 0.17264 0.61990 0.07161
v 0.18921 0.61990 0.05402
v 0.19527 0.61990 0.03000
v 0.18921 0.61990 0.00598
v 0.17264 0.61990 -0.01161
v 0.15000 0.61990 -0.01804
v 0.12736 0.61990 -0.01161
v 0.11079 0.61990 0.00598
v 0.10473 0.61990 0.03000
v 0.11079 0.61990 0.05402
v 0.12736 0.61990 0.07161
v 0.15000 0.60000 0.08200
v 0.17450 0.60000 0.07503
v 0.19244 0.60000 0.05600
v 0.19900 0.60000 0.03000
v 0.19244 0.60000 0.00400
v 0.17450 0.60000 -0.01503
v 0.15000 0.60000 -0.02200
v 0.12550 0.60000 -0.01503
v 0.10756 0.60000 0.00400
v 0.10100 0.60000 0.03000
v 0.10756 0.60000 0.05600
v 0.12550 0.60000 0.07503
v 0.15000 0.58010 0.07804
v 0.17264 0.58010 0.07161
v 0.18921 0.58010 0.05402
v 0.19527 0.58010 0.03000
v 0.18921 0.58010 0.00598
v 0.17264 0.58010 -0.01161
v 0.15000 0.58010 -0.01804
v 0.12736 0.58010 -0.01161
v 0.11079 0.58010 0.00598
v 0.10473 0.58010 0.03000
v 0.11079 0.58010 0.05402
v 0.12736 0.58010 0.07161
v 0.15000 0.56323 0.06677
v 0.16732 0.56323 0.06184
v 0.18001 0.56323 0.04838
v 0.18465 0.56323 0.03000
v 0.18001 0.56323 0.01162
v 0.16732 0.56323 -0.00184
v 0.15000 0.56323 -0.00677
v 0.13268 0.56323 -0.00184
v 0.11999 0.56323 0.01162
v 0.11535 0.56323 0.03000
v 0.11999 0.56323 0.04838
v 0.13268 0.56323 0.06184
v 0.15000 0.55196 0.04990
v 0.15938 0.55196 0.04723
v 0.16624 0.55196 0.03995
v 0.16875 0.55196 0.03000
v 0.16624 0.55196 0.02005
v 0.15938 0.55196 0.01277
v 0.15000 0.55196 0.01010
v 0.14062 0.55196 0.01277
v 0.13376 0.55196 0.02005
v 0.13125 0.55196 0.03000
v 0.13376 0.55196 0.03995
v 0.14062 0.55196 0.04723
v 0.15000 0.54800 0.03000
v 0.15000 0.54800 0.03000
v 0.15000 0.54800 0.03000
v 0.15000 0.54800 0.03000
v 0.15000 0.54800 0.03000
v 0.15000 0.54800 0.03000
v 0.15000 0.54800 0.03000
v 0.15000 0.54800 0.03000
v 0.15000 0.54800 0.03000
v 0.15000 0.54800 0.03000
v 0.15000 0.54800 0.03000
v 0.15000 0.54800 0.03000
vn 0.0000 1.0000 0.0000
vn 0.0000 1.0000 0.0000
vn 0.0000 1.0000 0.0000
vn 0.0000 1.0000 0.0000
vn 0.0000 1.0000 -0.0000
vn 0.0000 1.0000 -0.0000
vn 0.0000 1.0000 -0.0000
vn -0.0000 1.0000 -0.0000
vn -0.0000 1.0000 -0.0000
vn -0.0000 1.0000 -0.0000
vn -0.0000 1.0000 0.0000
vn -0.0000 1.0000 0.0000
vn 0.0000 0.9239 0.3827
vn 0.2026 0.9218 0.3307
vn 0.3493 0.9175 0.1900
vn 0.4024 0.9155 0.0000
vn 0.3493 0.9175 -0.1900
vn 0.2026 0.9218 -0.3307
vn 0.0000 0.9239 -0.3827
vn -0.2026 0.9218 -0.3307
vn -0.3493 0.9175 -0.1900
vn -0.4024 0.9155 -0.0000
vn -0.3493 0.9175 0.1900
vn -0.2026 0.9218 0.3307
vn 0.0000 0.7071 0.7071
vn 0.3723 0.7016 0.6076
vn 0.6350 0.6909 0.3455
vn 0.7278 0.6858 0.0000
vn 0.6350 0.6909 -0.3455
vn 0.3723 0.7016 -0.6076
vn 0.0000 0.7071 -0.7071
vn -0.3723 0.7016 -0.6076
vn -0.6350 0.6909 -0.3455
vn -0.7278 0.6858 -0.0000
vn -0.6350 0.6909 0.3455
vn -0.3723 0.7016 0.6076
vn 0.0000 0.3827 0.9239
vn 0.4838 0.3776 0.7895
vn 0.8167 0.3681 0.4443
vn 0.9316 0.3636 0.0000
vn 0.8167 0.3681 -0.4443
vn 0.4838 0.3776 -0.7895
vn 0.0000 0.3827 -0.9239
vn -0.4838 0.3776 -0.7895
vn -0.8167 0.3681 -0.4443
vn -0.9316 0.3636 -0.0000
vn -0.8167 0.3681 0.4443
vn -0.4838 0.3776 0.7895
vn 0.0000 0.0000 1.0000
vn 0.5224 0.0000 0.8527
vn 0.8784 0.0000 0.4779
vn 1.0000 0.0000 0.0000
vn 0.8784 0.0000 -0.4779
vn 0.5224 0.0000 -0.8527
vn 0.0000 0.0000 -1.0000
vn -0.5224 0.0000 -0.8527
vn -0.8784 0.0000 -0.4779
vn -1.0000 0.0000 -0.0000
vn -0.8784 0.0000 0.4779
vn -0.5224 0.0000 0.8527
vn 0.0000 -0.3827 0.9239
vn 0.4838 -0.3776 0.7895
vn 0.8167 -0.3681 0.4443
vn 0.9316 -0.3636 0.0000
vn 0.8167 -0.3681 -0.4443
vn 0.4838 -0.3776 -0.7895
vn 0.0000 -0.3827 -0.9239
vn -0.4838 -0.3776 -0.7895
vn -0.8167 -0.3681 -0.4443
vn -0.9316 -0.3636 -0.0000
vn -0.8167 -0.3681 0.4443
vn -0.4838 -0.3776 0.7895
vn 0.0000 -0.7071 0.7071
vn 0.3723 -0.7016 0.6076
vn 0.6350 -0.6909 0.3455
vn 0.7278 -0.6858 0.0000
vn 0.6350 -0.6909 -0.3455
vn 0.3723 -0.7016 -0.6076
vn 0.0000 -0.7071 -0.7071
vn -0.3723 -0.7016 -0.6076
vn -0.6350 -0.6909 -0.3455
vn -0.7278 -0.6858 -0.0000
vn -0.6350 -0.6909 0.3455
vn -0.3723 -0.7016 0.6076
vn 0.0000 -0.9239 0.3827
vn 0.2026 -0.9218 0.3307
vn 0.3493 -0.9175 0.1900
vn 0.4024 -0.9155 0.0000
vn 0.3493 -0.9175 -0.1900
vn 0.2026 -0.9218 -0.3307
vn 0.0000 -0.9239 -0.3827
vn -0.2026 -0.9218 -0.3307
vn -0.3493 -0.9175 -0.1900
vn -0.4024 -0.9155 -0.0000
vn -0.3493 -0.9175 0.1900
vn -0.2026 -0.9218 0.3307
vn 0.0000 -1.0000 0.0000
vn 0.0000 -1.0000 0.0000
vn 0.0000 -1.0000 0.0000
vn 0.0000 -1.0000 0.0000
vn 0.0000 -1.0000 -0.0000
vn 0.0000 -1.0000 -0.0000
vn 0.0000 -1.0000 -0.0000
vn -0.0000 -1.0000 -0.0000
vn -0.0000 -1.0000 -0.0000
vn -0.0000 -1.0000 -0.0000
vn -0.0000 -1.0000 0.0000
vn -0.0000 -1.0000 0.0000
f 9651//9651 9652//9652 9640//9640 9639//9639
f 9652//9652 9653//9653 9641//9641 9640//9640
f 9653//9653 9654//9654 9642//9642 9641//9641
f 9654//9654 9655//9655 9643//9643 9642//9642
f 9655//9655 9656//9656 9644//9644 9643//9643
f 9656//9656 9657//9657 9645//9645 9644//9644
f 9657//9657 9658//9658 9646//9646 9645//9645
f 9658//9658 9659//9659 9647//9647 9646//9646
f 9659//9659 9660//9660 9648//9648 9647//9647
f 9660//9660 9661//9661 9649//9649 9648//9648
f 9661//9661 9662//9662 9650//9650 9649//9649
f 9662//9662 9651//9651 9639//9639 9650//9650
f 9663//9663 9664//9664 9652//9652 9651//9651
f 9664//9664 9665//9665 9653//9653 9652//9652
f 9665//9665 9666//9666 9654//9654 9653//9653
f 9666//9666 9667//9667 9655//9655 9654//9654
f 9667//9667 9668//9668 9656//9656 9655//9655
f 9668//9668 9669//9669 9657//9657 9656//9656
f 9669//9669 9670//9670 9658//9658 9657//9657
f 9670//9670 9671//9671 9659//9659 9658//9658
f 9671//9671 9672//9672 9660//9660 9659//9659
f 9672//9672 9673//9673 9661//9661 9660//9660
f 9673//9673 9674//9674 9662//9662 9661//9661
f 9674//9674 9663//9663 9651//9651 9662//9662
f 9675//9675 9676//9676 9664//9664 9663//9663
f 9676//9676 9677//9677 9665//9665 9664//9664
f 9677//9677 9678//9678 9666//9666 9665//9665
f 9678//9678 9679//9679 9667//9667 9666//9666
f 9679//9679 9680//9680 9668//9668 9667//9667
f 9680//9680 9681//9681 9669//9669 9668//9668
f 9681//9681 9682//9682 9670//9670 9669//9669
f 9682//9682 9683//9683 9671//9671 9670//9670
f 9683//9683 9684//9684 9672//9672 9671//9671
f 9684//9684 9685//9685 9673//9673 9672//9672
f 9685//9685 9686//9686 9674//9674 9673//9673
f 9686//9686 9675//9675 9663//9663 9674//9674
f 9687//9687 9688//9688 9676//9676 9675//9675
f 9688//9688 9689//9689 9677//9677 9676//9676
f 9689//9689 9690//9690 9678//9678 9677//9677
f 9690//9690 9691//9691 9679//9679 9678//9678
f 9691//9691 9692//9692 9680//9680 9679//9679
f 9692//9692 9693//9693 9681//9681 9680//9680
f 9693//9693 9694//9694 9682//9682 9681//9681
f 9694//9694 9695//9695 9683//9683 9682//9682
f 9695//9695 9696//9696 9684//9684 9683//9683
f 9696//9696 9697//9697 9685//9685 9684//9684
f 9697//9697 9698//9698 9686//9686 9685//9685
f 9698//9698 9687//9687 9675//9675 9686//9686
f 9699//9699 9700//9700 9688//9688 9687//9687
f 9700//9700 9701//9701 9689//9689 9688//9688
f 9701//9701 9702//9702 9690//9690 9689//9689
f 9702//9702 9703//9703 9691//9691 9690//9690
f 9703//9703 9704//9704 9692//9692 9691//9691
f 9704//9704 9705//9705 9693//9693 9692//9692
f 9705//9705 9706//9706 9694//9694 9693//9693
f 9706//9706 9707//9707 9695//9695 9694//9694
f 9707//9707 9708//9708 9696//9696 9695//9695
f 9708//9708 9709//9709 9697//9697 9696//9696
f 9709//9709 9710//9710 9698//9698 9697//9697
f 9710//9710 9699//9699 9687//9687 9698//9698
f 9711//9711 9712//9712 9700//9700 9699//9699
f 9712//9712 9713//9713 9701//9701 9700//9700
f 9713//9713 9714//9714 9702//9702 9701//9701
f 9714//9714 9715//9715 9703//9703 9702//9702
f 9715//9715 9716//9716 9704//9704 9703//9703
f 9716//9716 9717//9717 9705//9705 9704//9704
f 9717//9717 9718//9718 9706//9706 9705//9705
f 9718//9718 9719//9719 9707//9707 9706//9706
f 9719//9719 9720//9720 9708//9708 9707//9707
f 9720//9720 9721//9721 9709//9709 9708//9708
f 9721//9721 9722//9722 9710//9710 9709//9709
f 9722//9722 9711//9711 9699//9699 9710//9710
f 9723//9723 9724//9724 9712//9712 9711//9711
f 9724//9724 9725//9725 9713//9713 9712//9712
f 9725//9725 9726//9726 9714//9714 9713//9713
f 9726//9726 9727//9727 9715//9715 9714//9714
f 9727//9727 9728//9728 9716//9716 9715//9715
f 9728//9728 9729//9729 9717//9717 9716//9716
f 9729//9729 9730//9730 9718//9718 9717//9717
f 9730//9730 9731//9731 9719//9719 9718//9718
f 9731//9731 9732//9732 9720//9720 9719//9719
f 9732//9732 9733//9733 9721//9721 9720//9720
f 9733//9733 9734//9734 9722//9722 9721//9721
f 9734//9734 9723//9723 9711//9711 9722//9722
f 9735//9735 9736//9736 9724//9724 9723//9723
f 9736//9736 9737//9737 9725//9725 9724//9724
f 9737//9737 9738//9738 9726//9726 9725//9725
f 9738//9738 9739//9739 9727//9727 9726//9726
f 9739//9739 9740//9740 9728//9728 9727//9727
f 9740//9740 9741//9741 9729//9729 9728//9728
f 9741//9741 9742//9742 9730//9730 9729//9729
f 9742//9742 9743//9743 9731//9731 9730//9730
f 9743//9743 9744//9744 9732//9732 9731//9731
f 9744//9744 9745//9745 9733//9733 9732//9732
f 9745//9745 9746//9746 9734//9734 9733//9733
f 9746//9746 9735//9735 9723//9723 9734//9734
g part108
usemtl skin
v 0.17200 0.13400 -0.01200
v 0.17200 0.13400 -0.01200
v 0.17200 0.13400 -0.01200
v 0.17200 0.13400 -0.01200
v 0.17200 0.13400 -0.01200
v 0.17200 0.13400 -0.01200
v 0.17200 0.13400 -0.01200
v 0.17200 0.13400 -0.01200
v 0.17200 0.13400 -0.01200
v 0.17200 0.13400 -0.01200
v 0.17200 0.12944 0.00600
v 0.18199 0.12944 0.00256
v 0.18817 0.12944 -0.00644
v 0.18817 0.12944 -0.01756
v 0.18199 0.12944 -0.02656
v 0.17200 0.12944 -0.03000
v 0.16201 0.12944 -0.02656
v 0.15583 0.12944 -0.01756
v 0.15583 0.12944 -0.00644
v 0.16201 0.12944 0.00256
v 0.17200 0.11700 0.01918
v 0.18931 0.11700 0.01322
v 0.20000 0.11700 -0.00237
v 0.20000 0.11700 -0.02163
v 0.18931 0.11700 -0.03722
v 0.17200 0.11700 -0.04318
v 0.15469 0.11700 -0.03722
v 0.14400 0.11700 -0.02163
v 0.14400 0.11700 -0.00237
v 0.15469 0.11700 0.01322
v 0.17200 0.10000 0.02400
v 0.19198 0.10000 0.01712
v 0.20434 0.10000 -0.00088
v 0.20434 0.10000 -0.02312
v 0.19198 0.10000 -0.04112
v 0.17200 0.10000 -0.04800
v 0.15202 0.10000 -0.04112
v 0.13966 0.10000 -0.02312
v 0.13966 0.10000 -0.00088
v 0.15202 0.10000 0.01712
v 0.17200 0.08300 0.01918
v 0.18931 0.08300 0.01322
v 0.20000 0.08300 -0.00237
v 0.20000 0.08300 -0.02163
v 0.18931 0.08300 -0.03722
v 0.17200 0.08300 -0.04318
v 0.15469 0.08300 -0.03722
v 0.14400 0.08300 -0.02163
v 0.14400 0.08300 -0.00237
v 0.15469 0.08300 0.01322
v 0.17200 0.07056 0.00600
v 0.18199 0.07056 0.00256
v 0.18817 0.07056 -0.00644
v 0.18817 0.07056 -0.01756
v 0.18199 0.07056 -0.02656
v 0.17200 0.07056 -0.03000
v 0.16201 0.07056 -0.02656
v 0.15583 0.07056 -0.01756
v 0.15583 0.07056 -0.00644
v 0.16201 0.07056 0.00256
v 0.17200 0.06600 -0.01200
v 0.17200 0.06600 -0.01200
v 0.17200 0.06600 -0.01200
v 0.17200 0.06600 -0.01200
v 0.17200 0.06600 -0.01200
v 0.17200 0.06600 -0.01200
v 0.17200 0.06600 -0.01200
v 0.17200 0.06600 -0.01200
v 0.17200 0.06600 -0.01200
v 0.17200 0.06600 -0.01200
vn 0.0000 1.0000 0.0000
vn 0.0000 1.0000 0.0000
vn 0.0000 1.0000 0.0000
vn 0.0000 1.0000 -0.0000
vn 0.0000 1.0000 -0.0000
vn 0.0000 1.0000 -0.0000
vn -0.0000 1.0000 -0.0000
vn -0.0000 1.0000 -0.0000
vn -0.0000 1.0000 0.0000
vn -0.0000 1.0000 0.0000
vn 0.0000 0.8780 0.4787
vn 0.2965 0.8738 0.3855
vn 0.4761 0.8671 0.1461
vn 0.4761 0.8671 -0.1461
vn 0.2965 0.8738 -0.3855
vn 0.0000 0.8780 -0.4787
vn -0.2965 0.8738 -0.3855
vn -0.4761 0.8671 -0.1461
vn -0.4761 0.8671 0.1461
vn -0.2965 0.8738 0.3855
vn 0.0000 0.5216 0.8532
vn 0.5231 0.5138 0.6800
vn 0.8268 0.5019 0.2537
vn 0.8268 0.5019 -0.2537
vn 0.5231 0.5138 -0.6800
vn 0.0000 0.5216 -0.8532
vn -0.5231 0.5138 -0.6800
vn -0.8268 0.5019 -0.2537
vn -0.8268 0.5019 0.2537
vn -0.5231 0.5138 0.6800
vn 0.0000 0.0000 1.0000
vn 0.6097 0.0000 0.7926
vn 0.9560 0.0000 0.2934
vn 0.9560 0.0000 -0.2934
vn 0.6097 0.0000 -0.7926
vn 0.0000 0.0000 -1.0000
vn -0.6097 0.0000 -0.7926
vn -0.9560 0.0000 -0.2934
vn -0.9560 0.0000 0.2934
vn -0.6097 0.0000 0.7926
vn 0.0000 -0.5216 0.8532
vn 0.5231 -0.5138 0.6800
vn 0.8268 -0.5019 0.2537
vn 0.8268 -0.5019 -0.2537
vn 0.5231 -0.5138 -0.6800
vn 0.0000 -0.5216 -0.8532
vn -0.5231 -0.5138 -0.6800
vn -0.8268 -0.5019 -0.2537
vn -0.8268 -0.5019 0.2537
vn -0.5231 -0.5138 0.6800
vn 0.0000 -0.8780 0.4787
vn 0.2965 -0.8738 0.3855
vn 0.4761 -0.8671 0.1461
vn 0.4761 -0.8671 -0.1461
vn 0.2965 -0.8738 -0.3855
vn 0.0000 -0.8780 -0.4787
vn -0.2965 -0.8738 -0.3855
vn -0.4761 -0.8671 -0.1461
vn -0.4761 -0.8671 0.1461
vn -0.2965 -0.8738 0.3855
vn 0.0000 -1.0000 0.0000
vn 0.0000 -1.0000 0.0000
vn 0.0000 -1.0000 0.0000
vn 0.0000 -1.0000 -0.0000
vn 0.0000 -1.0000 -0.0000
vn 0.0000 -1.0000 -0.0000
vn -0.0000 -1.0000 -0.0000
vn -0.0000 -1.0000 -0.0000
vn -0.0000 -1.0000 0.0000
vn -0.0000 -1.0000 0.0000
f 9757//9757 9758//9758 9748//9748 9747//9747
f 9758//9758 9759//9759 9749//9749 9748//9748
f 9759//9759 9760//9760 9750//9750 9749//9749
f 9760//9760 9761//9761 9751//9751 9750//9750
f 9761//9761 9762//9762 9752//9752 9751//9751
f 9762//9762 9763//9763 9753//9753 9752//9752
f 9763//9763 9764//9764 9754//9754 9753//9753
f 9764//9764 9765//9765 9755//9755 9754//9754
f 9765//9765 9766//9766 9756//9756 9755//9755
f 9766//9766 9757//9757 9747//9747 9756//9756
f 9767//9767 9768//9768 9758//9758 9757//9757
f 9768//9768 9769//9769 9759//9759 9758//9758
f 9769//9769 9770//9770 9760//9760 9759//9759
f 9770//9770 9771//9771 9761//9761 9760//9760
f 9771//9771 9772//9772 9762//9762 9761//9761
f 9772//9772 9773//9773 9763//9763 9762//9762
f 9773//9773 9774//9774 9764//9764 9763//9763
f 9774//9774 9775//9775 9765//9765 9764//9764
f 9775//9775 9776//9776 9766//9766 9765//9765
f 9776//9776 9767//9767 9757//9757 9766//9766
f 9777//9777 9778//9778 9768//9768 9767//9767
f 9778//9778 9779//9779 9769//9769 9768//9768
f 9779//9779 9780//9780 9770//9770 9769//9769
f 9780//9780 9781//9781 9771//9771 9770//9770
f 9781//9781 9782//9782 9772//9772 9771//9771
f 9782//9782 9783//9783 9773//9773 9772//9772
f 9783//9783 9784//9784 9774//9774 9773//9773
f 9784//9784 9785//9785 9775//9775 9774//9774
f 9785//9785 9786//9786 9776//9776 9775//9775
f 9786//9786 9777//9777 9767//9767 9776//9776
f 9787//9787 9788//9788 9778//9778 9777//9777
f 9788//9788 9789//9789 9779//9779 9778//9778
f 9789//9789 9790//9790 9780//9780 9779//9779
f 9790//9790 9791//9791 9781//9781 9780//9780
f 9791//9791 9792//9792 9782//9782 9781//9781
f 9792//9792 9793//9793 9783//9783 9782//9782
f 9793//9793 9794//9794 9784//9784 9783//9783
f 9794//9794 9795//9795 9785//9785 9784//9784
f 9795//9795 9796//9796 9786//9786 9785//9785
f 9796//9796 9787//9787 9777//9777 9786//9786
f 9797//9797 9798//9798 9788//9788 9787//9787
f 9798//9798 9799//9799 9789//9789 9788//9788
f 9799//9799 9800//9800 9790//9790 9789//9789
f 9800//9800 9801//9801 9791//9791 9790//9790
f 9801//9801 9802//9802 9792//9792 9791//9791
f 9802//9802 9803//9803 9793//9793 9792//9792
f 9803//9803 9804//9804 9794//9794 9793//9793
f 9804//9804 9805//9805 9795//9795 9794//9794
f 9805//9805 9806//9806 9796//9796 9795//9795
f 9806//9806 9797//9797 9787//9787 9796//9796
f 9807//9807 9808//9808 9798//9798 9797//9797
f 9808//9808 9809//9809 9799//9799 9798//9798
f 9809//9809 9810//9810 9800//9800 9799//9799
f 9810//9810 9811//9811 9801//9801 9800//9800
f 9811//9811 9812//9812 9802//9802 9801//9801
f 9812//9812 9813//9813 9803//9803 9802//9802
f 9813//9813 9814//9814 9804//9804 9803//9803
f 9814//9814 9815//9815 9805//9805 9804//9804
f 9815//9815 9816//9816 9806//9806 9805//9805
f 9816//9816 9807//9807 9797//9797 9806//9806
g part109
usemtl skin
v 0.17200 0.10000 0.06500
v 0.17200 0.10000 0.06500
v 0.17200 0.10000 0.06500
v 0.17200 0.10000 0.06500
v 0.17200 0.10000 0.06500
v 0.17200 0.10000 0.06500
v 0.17200 0.10000 0.06500
v 0.17200 0.10000 0.06500
v 0.17200 0.10000 0.06500
v 0.17200 0.10000 0.06500
v 0.17200 0.10000 0.06500
v 0.17200 0.10000 0.06500
v 0.17200 0.09635 0.12240
v 0.18252 0.09635 0.11471
v 0.19023 0.09635 0.09370
v 0.19305 0.09635 0.06500
v 0.19023 0.09635 0.03630
v 0.18252 0.09635 0.01529
v 0.17200 0.09635 0.00760
v 0.16148 0.09635 0.01529
v 0.15377 0.09635 0.03630
v 0.15095 0.09635 0.06500
v 0.15377 0.09635 0.09370
v 0.16148 0.09635 0.11471
v 0.17200 0.08594 0.17107
v 0.19145 0.08594 0.15686
v 0.20568 0.08594 0.11803
v 0.21089 0.08594 0.06500
v 0.20568 0.08594 0.01197
v 0.19145 0.08594 -0.02686
v 0.17200 0.08594 -0.04107
v 0.15255 0.08594 -0.02686
v 0.13832 0.08594 0.01197
v 0.13311 0.08594 0.06500
v 0.13832 0.08594 0.11803
v 0.15255 0.08594 0.15686
v 0.17200 0.07037 0.20358
v 0.19741 0.07037 0.18502
v 0.21601 0.07037 0.13429
v 0.22281 0.07037 0.06500
v 0.21601 0.07037 -0.00429
v 0.19741 0.07037 -0.05502
v 0.17200 0.07037 -0.07358
v 0.14659 0.07037 -0.05502
v 0.12799 0.07037 -0.00429
v 0.12119 0.07037 0.06500
v 0.12799 0.07037 0.13429
v 0.14659 0.07037 0.18502
v 0.17200 0.05200 0.21500
v 0.19950 0.05200 0.19490
v 0.21963 0.05200 0.14000
v 0.22700 0.05200 0.06500
v 0.21963 0.05200 -0.01000
v 0.19950 0.05200 -0.06490
v 0.17200 0.05200 -0.08500
v 0.14450 0.05200 -0.06490
v 0.12437 0.05200 -0.01000
v 0.11700 0.05200 0.06500
v 0.12437 0.05200 0.14000
v 0.14450 0.05200 0.19490
v 0.17200 0.03363 0.20358
v 0.19741 0.03363 0.18502
v 0.21601 0.03363 0.13429
v 0.22281 0.03363 0.06500
v 0.21601 0.03363 -0.00429
v 0.19741 0.03363 -0.05502
v 0.17200 0.03363 -0.07358
v 0.14659 0.03363 -0.05502
v 0.12799 0.03363 -0.00429
v 0.12119 0.03363 0.06500
v 0.12799 0.03363 0.13429
v 0.14659 0.03363 0.18502
v 0.17200 0.01806 0.17107
v 0.19145 0.01806 0.15686
v 0.20568 0.01806 0.11803
v 0.21089 0.01806 0.06500
v 0.20568 0.01806 0.01197
v 0.19145 0.01806 -0.02686
v 0.17200 0.01806 -0.04107
v 0.15255 0.01806 -0.02686
v 0.13832 0.01806 0.01197
v 0.13311 0.01806 0.06500
v 0.13832 0.01806 0.11803
v 0.15255 0.01806 0.15686
v 0.17200 0.00765 0.12240
v 0.18252 0.00765 0.11471
v 0.19023 0.00765 0.09370
v 0.19305 0.00765 0.06500
v 0.19023 0.00765 0.03630
v 0.18252 0.00765 0.01529
v 0.17200 0.00765 0.00760
v 0.16148 0.00765 0.01529
v 0.15377 0.00765 0.03630
v 0.15095 0.00765 0.06500
v 0.15377 0.00765 0.09370
v 0.16148 0.00765 0.11471
v 0.17200 0.00400 0.06500
v 0.17200 0.00400 0.06500
v 0.17200 0.00400 0.06500
v 0.17200 0.00400 0.06500
v 0.17200 0.00400 0.06500
v 0.17200 0.00400 0.06500
v 0.17200 0.00400 0.06500
v 0.17200 0.00400 0.06500
v 0.17200 0.00400 0.06500
v 0.17200 0.00400 0.06500
v 0.17200 0.00400 0.06500
v 0.17200 0.00400 0.06500
vn 0.0000 1.0000 0.0000
vn 0.0000 1.0000 0.0000
vn 0.0000 1.0000 0.0000
vn 0.0000 1.0000 0.0000
vn 0.0000 1.0000 -0.0000
vn 0.0000 1.0000 -0.0000
vn 0.0000 1.0000 -0.0000
vn -0.0000 1.0000 -0.0000
vn -0.0000 1.0000 -0.0000
vn -0.0000 1.0000 -0.0000
vn -0.0000 1.0000 0.0000
vn -0.0000 1.0000 0.0000
vn 0.0000 0.9913 0.1314
vn 0.1767 0.9778 0.1122
vn 0.2982 0.9524 0.0631
vn 0.3400 0.9404 0.0000
vn 0.2982 0.9524 -0.0631
vn 0.1767 0.9778 -0.1122
vn 0.0000 0.9913 -0.1314
vn -0.1767 0.9778 -0.1122
vn -0.2982 0.9524 -0.0631
vn -0.3400 0.9404 -0.0000
vn -0.2982 0.9524 0.0631
vn -0.1767 0.9778 0.1122
vn 0.0000 0.9524 0.3048
vn 0.3876 0.8883 0.2462
vn 0.5981 0.7914 0.1266
vn 0.6575 0.7534 0.0000
vn 0.5981 0.7914 -0.1266
vn 0.3876 0.8883 -0.2462
vn 0.0000 0.9524 -0.3048
vn -0.3876 0.8883 -0.2462
vn -0.5981 0.7914 -0.1266
vn -0.6575 0.7534 -0.0000
vn -0.5981 0.7914 0.1266
vn -0.3876 0.8883 0.2462
vn 0.0000 0.7914 0.6114
vn 0.6588 0.6253 0.4184
vn 0.8622 0.4725 0.1825
vn 0.9034 0.4288 0.0000
vn 0.8622 0.4725 -0.1825
vn 0.6588 0.6253 -0.4184
vn 0.0000 0.7914 -0.6114
vn -0.6588 0.6253 -0.4184
vn -0.8622 0.4725 -0.1825
vn -0.9034 0.4288 -0.0000
vn -0.8622 0.4725 0.1825
vn -0.6588 0.6253 0.4184
vn 0.0000 0.0000 1.0000
vn 0.8441 0.0000 0.5361
vn 0.9783 0.0000 0.2071
vn 1.0000 0.0000 0.0000
vn 0.9783 0.0000 -0.2071
vn 0.8441 0.0000 -0.5361
vn 0.0000 0.0000 -1.0000
vn -0.8441 0.0000 -0.5361
vn -0.9783 0.0000 -0.2071
vn -1.0000 0.0000 -0.0000
vn -0.9783 0.0000 0.2071
vn -0.8441 0.0000 0.5361
vn 0.0000 -0.7914 0.6114
vn 0.6588 -0.6253 0.4184
vn 0.8622 -0.4725 0.1825
vn 0.9034 -0.4288 0.0000
vn 0.8622 -0.4725 -0.1825
vn 0.6588 -0.6253 -0.4184
vn 0.0000 -0.7914 -0.6114
vn -0.6588 -0.6253 -0.4184
vn -0.8622 -0.4725 -0.1825
vn -0.9034 -0.4288 -0.0000
vn -0.8622 -0.4725 0.1825
vn -0.6588 -0.6253 0.4184
vn 0.0000 -0.9524 0.3048
vn 0.3876 -0.8883 0.2462
vn 0.5981 -0.7914 0.1266
vn 0.6575 -0.7534 0.0000
vn 0.5981 -0.7914 -0.1266
vn 0.3876 -0.8883 -0.2462
vn 0.0000 -0.9524 -0.3048
vn -0.3876 -0.8883 -0.2462
vn -0.5981 -0.7914 -0.1266
vn -0.6575 -0.7534 -0.0000
vn -0.5981 -0.7914 0.1266
vn -0.3876 -0.8883 0.2462
vn 0.0000 -0.9913 0.1314
vn 0.1767 -0.9778 0.1122
vn 0.2982 -0.9524 0.0631
vn 0.3400 -0.9404 0.0000
vn 0.2982 -0.9524 -0.0631
vn 0.1767 -0.9778 -0.1122
vn 0.0000 -0.9913 -0.1314
vn -0.1767 -0.9778 -0.1122
vn -0.2982 -0.9524 -0.0631
vn -0.3400 -0.9404 -0.0000
vn -0.2982 -0.9524 0.0631
vn -0.1767 -0.9778 0.1122
vn 0.0000 -1.0000 0.0000
vn 0.0000 -1.0000 0.0000
vn 0.0000 -1.0000 0.0000
vn 0.0000 -1.0000 0.0000
vn 0.0000 -1.0000 -0.0000
vn 0.0000 -1.0000 -0.0000
vn 0.0000 -1.0000 -0.0000
vn -0.0000 -1.0000 -0.0000
vn -0.0000 -1.0000 -0.0000
vn -0.0000 -1.0000 -0.0000
vn -0.0000 -1.0000 0.0000
vn -0.0000 -1.0000 0.0000
f 9829//9829 9830//9830 9818//9818 9817//9817
f 9830//9830 9831//9831 9819//9819 9818//9818
f 9831//9831 9832//9832 9820//9820 9819//9819
f 9832//9832 9833//9833 9821//9821 9820//9820
f 9833//9833 9834//9834 9822//9822 9821//9821
f 9834//9834 9835//9835 9823//9823 9822//9822
f 9835//9835 9836//9836 9824//9824 9823//9823
f 9836//9836 9837//9837 9825//9825 9824//9824
f 9837//9837 9838//9838 9826//9826 9825//9825
f 9838//9838 9839//9839 9827//9827 9826//9826
f 9839//9839 9840//9840 9828//9828 9827//9827
f 9840//9840 9829//9829 9817//9817 9828//9828
f 9841//9841 9842//9842 9830//9830 9829//9829
f 9842//9842 9843//9843 9831//9831 9830//9830
f 9843//9843 9844//9844 9832//9832 9831//9831
f 9844//9844 9845//9845 9833//9833 9832//9832
f 9845//9845 9846//9846 9834//9834 9833//9833
f 9846//9846 9847//9847 9835//9835 9834//9834
f 9847//9847 9848//9848 9836//9836 9835//9835
f 9848//9848 9849//9849 9837//9837 9836//9836
f 9849//9849 9850//9850 9838//9838 9837//9837
f 9850//9850 9851//9851 9839//9839 9838//9838
f 9851//9851 9852//9852 9840//9840 9839//9839
f 9852//9852 9841//9841 9829//9829 9840//9840
f 9853//9853 9854//9854 9842//9842 9841//9841
f 9854//9854 9855//9855 9843//9843 9842//9842
f 9855//9855 9856//9856 9844//9844 9843//9843
f 9856//9856 9857//9857 9845//9845 9844//9844
f 9857//9857 9858//9858 9846//9846 9845//9845
f 9858//9858 9859//9859 9847//9847 9846//9846
f 9859//9859 9860//9860 9848//9848 9847//9847
f 9860//9860 9861//9861 9849//9849 9848//9848
f 9861//9861 9862//9862 9850//9850 9849//9849
f 9862//9862 9863//9863 9851//9851 9850//9850
f 9863//9863 9864//9864 9852//9852 9851//9851
f 9864//9864 9853//9853 9841//9841 9852//9852
f 9865//9865 9866//9866 9854//9854 9853//9853
f 9866//9866 9867//9867 9855//9855 9854//9854
f 9867//9867 9868//9868 9856//9856 9855//9855
f 9868//9868 9869//9869 9857//9857 9856//9856
f 9869//9869 9870//9870 9858//9858 9857//9857
f 9870//9870 9871//9871 9859//9859 9858//9858
f 9871//9871 9872//9872 9860//9860 9859//9859
f 9872//9872 9873//9873 9861//9861 9860//9860
f 9873//9873 9874//9874 9862//9862 9861//9861
f 9874//9874 9875//9875 9863//9863 9862//9862
f 9875//9875 9876//9876 9864//9864 9863//9863
f 9876//9876 9865//9865 9853//9853 9864//9864
f 9877//9877 9878//9878 9866//9866 9865//9865
f 9878//9878 9879//9879 9867//9867 9866//9866
f 9879//9879 9880//9880 9868//9868 9867//9867
f 9880//9880 9881//9881 9869//9869 9868//9868
f 9881//9881 9882//9882 9870//9870 9869//9869
f 9882//9882 9883//9883 9871//9871 9870//9870
f 9883//9883 9884//9884 9872//9872 9871//9871
f 9884//9884 9885//9885 9873//9873 9872//9872
f 9885//9885 9886//9886 9874//9874 9873//9873
f 9886//9886 9887//9887 9875//9875 9874//9874
f 9887//9887 9888//9888 9876//9876 9875//9875
f 9888//9888 9877//9877 9865//9865 9876//9876
f 9889//9889 9890//9890 9878//9878 9877//9877
f 9890//9890 9891//9891 9879//9879 9878//9878
f 9891//9891 9892//9892 9880//9880 9879//9879
f 9892//9892 9893//9893 9881//9881 9880//9880
f 9893//9893 9894//9894 9882//9882 9881//9881
f 9894//9894 9895//9895 9883//9883 9882//9882
f 9895//9895 9896//9896 9884//9884 9883//9883
f 9896//9896 9897//9897 9885//9885 9884//9884
f 9897//9897 9898//9898 9886//9886 9885//9885
f 9898//9898 9899//9899 9887//9887 9886//9886
f 9899//9899 9900//9900 9888//9888 9887//9887
f 9900//9900 9889//9889 9877//9877 9888//9888
f 9901//9901 9902//9902 9890//9890 9889//9889
f 9902//9902 9903//9903 9891//9891 9890//9890
f 9903//9903 9904//9904 9892//9892 9891//9891
f 9904//9904 9905//9905 9893//9893 9892//9892
f 9905//9905 9906//9906 9894//9894 9893//9893
f 9906//9906 9907//9907 9895//9895 9894//9894
f 9907//9907 9908//9908 9896//9896 9895//9895
f 9908//9908 9909//9909 9897//9897 9896//9896
f 9909//9909 9910//9910 9898//9898 9897//9897
f 9910//9910 9911//9911 9899//9899 9898//9898
f 9911//9911 9912//9912 9900//9900 9899//9899
f 9912//9912 9901//9901 9889//9889 9900//9900
f 9913//9913 9914//9914 9902//9902 9901//9901
f 9914//9914 9915//9915 9903//9903 9902//9902
f 9915//9915 9916//9916 9904//9904 9903//9903
f 9916//9916 9917//9917 9905//9905 9904//9904
f 9917//9917 9918//9918 9906//9906 9905//9905
f 9918//9918 9919//9919 9907//9907 9906//9906
f 9919//9919 9920//9920 9908//9908 9907//9907
f 9920//9920 9921//9921 9909//9909 9908//9908
f 9921//9921 9922//9922 9910//9910 9909//9909
f 9922//9922 9923//9923 9911//9911 9910//9910
f 9923//9923 9924//9924 9912//9912 9911//9911
f 9924//9924 9913//9913 9901//9901 9912//9912
g part110
usemtl skin
v 0.17200 0.08000 -0.08500
v 0.17200 0.08000 -0.08500
v 0.17200 0.08000 -0.08500
v 0.17200 0.08000 -0.08500
v 0.17200 0.08000 -0.08500
v 0.17200 0.08000 -0.08500
v 0.17200 0.08000 -0.08500
v 0.17200 0.08000 -0.08500
v 0.17200 0.08000 -0.08500
v 0.17200 0.08000 -0.08500
v 0.17200 0.07464 -0.06000
v 0.18493 0.07464 -0.06477
v 0.19292 0.07464 -0.07727
v 0.19292 0.07464 -0.09273
v 0.18493 0.07464 -0.10523
v 0.17200 0.07464 -0.11000
v 0.15907 0.07464 -0.10523
v 0.15108 0.07464 -0.09273
v 0.15108 0.07464 -0.07727
v 0.15907 0.07464 -0.06477
v 0.17200 0.06000 -0.04170
v 0.19440 0.06000 -0.04997
v 0.20824 0.06000 -0.07162
v 0.20824 0.06000 -0.09838
v 0.19440 0.06000 -0.12003
v 0.17200 0.06000 -0.12830
v 0.14960 0.06000 -0.12003
v 0.13576 0.06000 -0.09838
v 0.13576 0.06000 -0.07162
v 0.14960 0.06000 -0.04997
v 0.17200 0.04000 -0.03500
v 0.19786 0.04000 -0.04455
v 0.21385 0.04000 -0.06955
v 0.21385 0.04000 -0.10045
v 0.19786 0.04000 -0.12545
v 0.17200 0.04000 -0.13500
v 0.14614 0.04000 -0.12545
v 0.13015 0.04000 -0.10045
v 0.13015 0.04000 -0.06955
v 0.14614 0.04000 -0.04455
v 0.17200 0.02000 -0.04170
v 0.19440 0.02000 -0.04997
v 0.20824 0.02000 -0.07162
v 0.20824 0.02000 -0.09838
v 0.19440 0.02000 -0.12003
v 0.17200 0.02000 -0.12830
v 0.14960 0.02000 -0.12003
v 0.13576 0.02000 -0.09838
v 0.13576 0.02000 -0.07162
v 0.14960 0.02000 -0.04997
v 0.17200 0.00536 -0.06000
v 0.18493 0.00536 -0.06477
v 0.19292 0.00536 -0.07727
v 0.19292 0.00536 -0.09273
v 0.18493 0.00536 -0.10523
v 0.17200 0.00536 -0.11000
v 0.15907 0.00536 -0.10523
v 0.15108 0.00536 -0.09273
v 0.15108 0.00536 -0.07727
v 0.15907 0.00536 -0.06477
v 0.17200 0.00000 -0.08500
v 0.17200 0.00000 -0.08500
v 0.17200 0.00000 -0.08500
v 0.17200 0.00000 -0.08500
v 0.17200 0.00000 -0.08500
v 0.17200 0.00000 -0.08500
v 0.17200 0.00000 -0.08500
v 0.17200 0.00000 -0.08500
v 0.17200 0.00000 -0.08500
v 0.17200 0.00000 -0.08500
vn 0.0000 1.0000 0.0000
vn 0.0000 1.0000 0.0000
vn 0.0000 1.0000 0.0000
vn 0.0000 1.0000 -0.0000
vn 0.0000 1.0000 -0.0000
vn 0.0000 1.0000 -0.0000
vn -0.0000 1.0000 -0.0000
vn -0.0000 1.0000 -0.0000
vn -0.0000 1.0000 0.0000
vn -0.0000 1.0000 0.0000
vn 0.0000 0.9078 0.4193
vn 0.2776 0.8999 0.3363
vn 0.4430 0.8875 0.1267
vn 0.4430 0.8875 -0.1267
vn 0.2776 0.8999 -0.3363
vn 0.0000 0.9078 -0.4193
vn -0.2776 0.8999 -0.3363
vn -0.4430 0.8875 -0.1267
vn -0.4430 0.8875 0.1267
vn -0.2776 0.8999 0.3363
vn 0.0000 0.5852 0.8109
vn 0.5245 0.5668 0.6353
vn 0.8091 0.5403 0.2313
vn 0.8091 0.5403 -0.2313
vn 0.5245 0.5668 -0.6353
vn 0.0000 0.5852 -0.8109
vn -0.5245 0.5668 -0.6353
vn -0.8091 0.5403 -0.2313
vn -0.8091 0.5403 0.2313
vn -0.5245 0.5668 0.6353
vn 0.0000 0.0000 1.0000
vn 0.6367 0.0000 0.7711
vn 0.9615 0.0000 0.2749
vn 0.9615 0.0000 -0.2749
vn 0.6367 0.0000 -0.7711
vn 0.0000 0.0000 -1.0000
vn -0.6367 0.0000 -0.7711
vn -0.9615 0.0000 -0.2749
vn -0.9615 0.0000 0.2749
vn -0.6367 0.0000 0.7711
vn 0.0000 -0.5852 0.8109
vn 0.5245 -0.5668 0.6353
vn 0.8091 -0.5403 0.2313
vn 0.8091 -0.5403 -0.2313
vn 0.5245 -0.5668 -0.6353
vn 0.0000 -0.5852 -0.8109
vn -0.5245 -0.5668 -0.6353
vn -0.8091 -0.5403 -0.2313
vn -0.8091 -0.5403 0.2313
vn -0.5245 -0.5668 0.6353
vn 0.0000 -0.9078 0.4193
vn 0.2776 -0.8999 0.3363
vn 0.4430 -0.8875 0.1267
vn 0.4430 -0.8875 -0.1267
vn 0.2776 -0.8999 -0.3363
vn 0.0000 -0.9078 -0.4193
vn -0.2776 -0.8999 -0.3363
vn -0.4430 -0.8875 -0.1267
vn -0.4430 -0.8875 0.1267
vn -0.2776 -0.8999 0.3363
vn 0.0000 -1.0000 0.0000
vn 0.0000 -1.0000 0.0000
vn 0.0000 -1.0000 0.0000
vn 0.0000 -1.0000 -0.0000
vn 0.0000 -1.0000 -0.0000
vn 0.0000 -1.0000 -0.0000
vn -0.0000 -1.0000 -0.0000
vn -0.0000 -1.0000 -0.0000
vn -0.0000 -1.0000 0.0000
vn -0.0000 -1.0000 0.0000
f 9935//9935 9936//9936 9926//9926 9925//9925
f 9936//9936 9937//9937 9927//9927 9926//9926
f 9937//9937 9938//9938 9928//9928 9927//9927
f 9938//9938 9939//9939 9929//9929 9928//9928
f 9939//9939 9940//9940 9930//9930 9929//9929
f 9940//9940 9941//9941 9931//9931 9930//9930
f 9941//9941 9942//9942 9932//9932 9931//9931
f 9942//9942 9943//9943 9933//9933 9932//9932
f 9943//9943 9944//9944 9934//9934 9933//9933
f 9944//9944 9935//9935 9925//9925 9934//9934
f 9945//9945 9946//9946 9936//9936 9935//9935
f 9946//9946 9947//9947 9937//9937 9936//9936
f 9947//9947 9948//9948 9938//9938 9937//9937
f 9948//9948 9949//9949 9939//9939 9938//9938
f 9949//9949 9950//9950 9940//9940 9939//9939
f 9950//9950 9951//9951 9941//9941 9940//9940
f 9951//9951 9952//9952 9942//9942 9941//9941
f 9952//9952 9953//9953 9943//9943 9942//9942
f 9953//9953 9954//9954 9944//9944 9943//9943
f 9954//9954 9945//9945 9935//9935 9944//9944
f 9955//9955 9956//9956 9946//9946 9945//9945
f 9956//9956 9957//9957 9947//9947 9946//9946
f 9957//9957 9958//9958 9948//9948 9947//9947
f 9958//9958 9959//9959 9949//9949 9948//9948
f 9959//9959 9960//9960 9950//9950 9949//9949
f 9960//9960 9961//9961 9951//9951 9950//9950
f 9961//9961 9962//9962 9952//9952 9951//9951
f 9962//9962 9963//9963 9953//9953 9952//9952
f 9963//9963 9964//9964 9954//9954 9953//9953
f 9964//9964 9955//9955 9945//9945 9954//9954
f 9965//9965 9966//9966 9956//9956 9955//9955
f 9966//9966 9967//9967 9957//9957 9956//9956
f 9967//9967 9968//9968 9958//9958 9957//9957
f 9968//9968 9969//9969 9959//9959 9958//9958
f 9969//9969 9970//9970 9960//9960 9959//9959
f 9970//9970 9971//9971 9961//9961 9960//9960
f 9971//9971 9972//9972 9962//9962 9961//9961
f 9972//9972 9973//9973 9963//9963 9962//9962
f 9973//9973 9974//9974 9964//9964 9963//9963
f 9974//9974 9965//9965 9955//9955 9964//9964
f 9975//9975 9976//9976 9966//9966 9965//9965
f 9976//9976 9977//9977 9967//9967 9966//9966
f 9977//9977 9978//9978 9968//9968 9967//9967
f 9978//9978 9979//9979 9969//9969 9968//9968
f 9979//9979 9980//9980 9970//9970 9969//9969
f 9980//9980 9981//9981 9971//9971 9970//9970
f 9981//9981 9982//9982 9972//9972 9971//9971
f 9982//9982 9983//9983 9973//9973 9972//9972
f 9983//9983 9984//9984 9974//9974 9973//9973
f 9984//9984 9975//9975 9965//9965 9974//9974
f 9985//9985 9986//9986 9976//9976 9975//9975
f 9986//9986 9987//9987 9977//9977 9976//9976
f 9987//9987 9988//9988 9978//9978 9977//9977
f 9988//9988 9989//9989 9979//9979 9978//9978
f 9989//9989 9990//9990 9980//9980 9979//9979
f 9990//9990 9991//9991 9981//9981 9980//9980
f 9991//9991 9992//9992 9982//9982 9981//9981
f 9992//9992 9993//9993 9983//9983 9982//9982
f 9993//9993 9994//9994 9984//9984 9983//9983
f 9994//9994 9985//9985 9975//9975 9984//9984
g part111
usemtl skin
v 0.13560 0.04536 0.18691
v 0.12638 0.04145 0.18437
v 0.12279 0.03200 0.18220
v 0.12695 0.02255 0.18168
v 0.13640 0.01864 0.18309
v 0.14562 0.02255 0.18563
v 0.14921 0.03200 0.18780
v 0.14505 0.04145 0.18832
v 0.12963 0.04014 0.21510
v 0.12110 0.03652 0.21275
v 0.11778 0.02778 0.21075
v 0.12162 0.01904 0.21026
v 0.13037 0.01542 0.21157
v 0.13890 0.01904 0.21392
v 0.14222 0.02778 0.21592
v 0.13838 0.03652 0.21641
v 0.12368 0.03493 0.24316
v 0.11583 0.03160 0.24104
v 0.11277 0.02356 0.23929
v 0.11628 0.01551 0.23893
v 0.12432 0.01218 0.24017
v 0.13217 0.01551 0.24229
v 0.13523 0.02356 0.24404
v 0.13172 0.03160 0.24441
v 0.11778 0.03047 0.27106
v 0.11056 0.02741 0.26921
v 0.10770 0.02000 0.26782
v 0.11087 0.01259 0.26771
v 0.11822 0.00953 0.26894
v 0.12544 0.01259 0.27079
v 0.12830 0.02000 0.27218
v 0.12513 0.02741 0.27229
v 0.11185 0.02721 0.29902
v 0.10520 0.02438 0.29740
v 0.10253 0.01756 0.29633
v 0.10541 0.01073 0.29643
v 0.11215 0.00790 0.29764
v 0.11880 0.01073 0.29926
v 0.12147 0.01756 0.30034
v 0.11859 0.02438 0.30024
v 0.10589 0.02465 0.32720
v 0.09977 0.02205 0.32574
v 0.09730 0.01578 0.32482
v 0.09993 0.00950 0.32499
v 0.10611 0.00690 0.32613
v 0.11223 0.00950 0.32759
v 0.11470 0.01578 0.32851
v 0.11207 0.02205 0.32835
v 0.09990 0.02208 0.35549
v 0.09432 0.01972 0.35416
v 0.09208 0.01400 0.35332
v 0.09447 0.00828 0.35347
v 0.10010 0.00592 0.35451
v 0.10568 0.00828 0.35584
v 0.10792 0.01400 0.35668
v 0.10553 0.01972 0.35653
v 0.13560 0.04536 0.18691
v 0.12638 0.04145 0.18437
v 0.12279 0.03200 0.18220
v 0.12695 0.02255 0.18168
v 0.13640 0.01864 0.18309
v 0.14562 0.02255 0.18563
v 0.14921 0.03200 0.18780
v 0.14505 0.04145 0.18832
v 0.13600 0.03200 0.18500
vn -0.0369 0.9840 0.1744
vn -0.7195 0.6943 -0.0133
vn -0.9848 -0.0050 -0.1737
vn -0.6773 -0.7043 -0.2128
vn 0.0228 -0.9939 -0.1077
vn 0.7054 -0.7043 0.0801
vn 0.9707 -0.0050 0.2404
vn 0.6632 0.6943 0.2795
vn -0.0370 0.9840 0.1745
vn -0.7196 0.6943 -0.0132
vn -0.9848 -0.0050 -0.1737
vn -0.6773 -0.7043 -0.2128
vn 0.0228 -0.9939 -0.1077
vn 0.7054 -0.7043 0.0800
vn 0.9707 -0.0050 0.2404
vn 0.6631 0.6943 0.2796
vn -0.0345 0.9860 0.1629
vn -0.7178 0.6959 -0.0217
vn -0.9846 -0.0045 -0.1746
vn -0.6787 -0.7049 -0.2061
vn 0.0207 -0.9950 -0.0978
vn 0.7040 -0.7049 0.0868
vn 0.9709 -0.0045 0.2396
vn 0.6650 0.6959 0.2711
vn -0.0278 0.9910 0.1311
vn -0.7129 0.6998 -0.0449
vn -0.9842 -0.0032 -0.1770
vn -0.6827 -0.7062 -0.1878
vn 0.0150 -0.9974 -0.0710
vn 0.7002 -0.7062 0.1050
vn 0.9715 -0.0032 0.2371
vn 0.6699 0.6998 0.2480
vn -0.0209 0.9949 0.0988
vn -0.7080 0.7029 -0.0685
vn -0.9837 -0.0021 -0.1795
vn -0.6866 -0.7070 -0.1693
vn 0.0093 -0.9990 -0.0438
vn 0.6963 -0.7070 0.1235
vn 0.9721 -0.0021 0.2346
vn 0.6750 0.7029 0.2244
vn -0.0183 0.9961 0.0865
vn -0.7061 0.7038 -0.0775
vn -0.9836 -0.0017 -0.1805
vn -0.6882 -0.7072 -0.1623
vn 0.0071 -0.9994 -0.0334
vn 0.6949 -0.7072 0.1306
vn 0.9723 -0.0017 0.2337
vn 0.6769 0.7038 0.2154
vn -0.0183 0.9961 0.0865
vn -0.7061 0.7038 -0.0775
vn -0.9836 -0.0017 -0.1805
vn -0.6882 -0.7072 -0.1622
vn 0.0071 -0.9994 -0.0333
vn 0.6949 -0.7072 0.1306
vn 0.9723 -0.0017 0.2337
vn 0.6769 0.7038 0.2154
vn 0.2050 0.1443 -0.9681
vn 0.2050 0.1443 -0.9681
vn 0.2050 0.1443 -0.9681
vn 0.2050 0.1443 -0.9681
vn 0.2050 0.1443 -0.9681
vn 0.2050 0.1443 -0.9681
vn 0.2050 0.1443 -0.9681
vn 0.2050 0.1443 -0.9681
vn 0.2050 0.1443 -0.9681
f 9995//9995 9996//9996 10004//10004 10003//10003
f 9996//9996 9997//9997 10005//10005 10004//10004
f 9997//9997 9998//9998 10006//10006 10005//10005
f 9998//9998 9999//9999 10007//10007 10006//10006
f 9999//9999 10000//10000 10008//10008 10007//10007
f 10000//10000 10001//10001 10009//10009 10008//10008
f 10001//10001 10002//10002 10010//10010 10009//10009
f 10002//10002 9995//9995 10003//10003 10010//10010
f 10003//10003 10004//10004 10012//10012 10011//10011
f 10004//10004 10005//10005 10013//10013 10012//10012
f 10005//10005 10006//10006 10014//10014 10013//10013
f 10006//10006 10007//10007 10015//10015 10014//10014
f 10007//10007 10008//10008 10016//10016 10015//10015
f 10008//10008 10009//10009 10017//10017 10016//10016
f 10009//10009 10010//10010 10018//10018 10017//10017
f 10010//10010 10003//10003 10011//10011 10018//10018
f 10011//10011 10012//10012 10020//10020 10019//10019
f 10012//10012 10013//10013 10021//10021 10020//10020
f 10013//10013 10014//10014 10022//10022 10021//10021
f 10014//10014 10015//10015 10023//10023 10022//10022
f 10015//10015 10016//10016 10024//10024 10023//10023
f 10016//10016 10017//10017 10025//10025 10024//10024
f 10017//10017 10018//10018 10026//10026 10025//10025
f 10018//10018 10011//10011 10019//10019 10026//10026
f 10019//10019 10020//10020 10028//10028 10027//10027
f 10020//10020 10021//10021 10029//10029 10028//10028
f 10021//10021 10022//10022 10030//10030 10029//10029
f 10022//10022 10023//10023 10031//10031 10030//10030
f 10023//10023 10024//10024 10032//10032 10031//10031
f 10024//10024 10025//10025 10033//10033 10032//10032
f 10025//10025 10026//10026 10034//10034 10033//10033
f 10026//10026 10019//10019 10027//10027 10034//10034
f 10027//10027 10028//10028 10036//10036 10035//10035
f 10028//10028 10029//10029 10037//10037 10036//10036
f 10029//10029 10030//10030 10038//10038 10037//10037
f 10030//10030 10031//10031 10039//10039 10038//10038
f 10031//10031 10032//10032 10040//10040 10039//10039
f 10032//10032 10033//10033 10041//10041 10040//10040
f 10033//10033 10034//10034 10042//10042 10041//10041
f 10034//10034 10027//10027 10035//10035 10042//10042
f 10035//10035 10036//10036 10044//10044 10043//10043
f 10036//10036 10037//10037 10045//10045 10044//10044
f 10037//10037 10038//10038 10046//10046 10045//10045
f 10038//10038 10039//10039 10047//10047 10046//10046
f 10039//10039 10040//10040 10048//10048 10047//10047
f 10040//10040 10041//10041 10049//10049 10048//10048
f 10041//10041 10042//10042 10050//10050 10049//10049
f 10042//10042 10035//10035 10043//10043 10050//10050
f 10052//10052 10059//10059 10051//10051
f 10053//10053 10059//10059 10052//10052
f 10054//10054 10059//10059 10053//10053
f 10055//10055 10059//10059 10054//10054
f 10056//10056 10059//10059 10055//10055
f 10057//10057 10059//10059 10056//10056
f 10058//10058 10059//10059 10057//10057
f 10051//10051 10059//10059 10058//10058
g part112
usemtl bone
v 0.10000 0.02089 0.35625
v 0.09394 0.01744 0.35563
v 0.09394 0.01056 0.35437
v 0.10000 0.00711 0.35375
v 0.10606 0.01056 0.35437
v 0.10606 0.01744 0.35563
v 0.10000 0.01865 0.36314
v 0.09477 0.01570 0.36251
v 0.09477 0.00980 0.36124
v 0.10000 0.00685 0.36061
v 0.10523 0.00980 0.36124
v 0.10523 0.01570 0.36251
v 0.10000 0.01555 0.37052
v 0.09584 0.01328 0.36976
v 0.09584 0.00872 0.36824
v 0.10000 0.00645 0.36748
v 0.10416 0.00872 0.36824
v 0.10416 0.01328 0.36976
v 0.10000 0.01026 0.37797
v 0.09763 0.00900 0.37742
v 0.09763 0.00650 0.37633
v 0.10000 0.00524 0.37578
v 0.10237 0.00650 0.37633
v 0.10237 0.00900 0.37742
v 0.10000 0.00436 0.38517
v 0.09965 0.00418 0.38508
v 0.09965 0.00382 0.38492
v 0.10000 0.00364 0.38483
v 0.10035 0.00382 0.38492
v 0.10035 0.00418 0.38508
v 0.10000 0.00436 0.38517
v 0.09965 0.00418 0.38508
v 0.09965 0.00382 0.38492
v 0.10000 0.00364 0.38483
v 0.10035 0.00382 0.38492
v 0.10035 0.00418 0.38508
v 0.10000 0.00400 0.38500
vn 0.0000 0.9512 0.3085
vn -0.8581 0.4633 0.2212
vn -0.8577 -0.5120 0.0476
vn -0.0000 -0.9992 -0.0388
vn 0.8577 -0.5120 0.0476
vn 0.8581 0.4633 0.2212
vn 0.0000 0.9367 0.3502
vn -0.8564 0.4524 0.2488
vn -0.8554 -0.5156 0.0494
vn -0.0000 -0.9988 -0.0485
vn 0.8554 -0.5156 0.0494
vn 0.8564 0.4524 0.2488
vn 0.0000 0.8703 0.4926
vn -0.8488 0.4022 0.3432
vn -0.8468 -0.5301 0.0444
vn -0.0000 -0.9945 -0.1052
vn 0.8468 -0.5301 0.0444
vn 0.8488 0.4022 0.3432
vn 0.0000 0.7947 0.6070
vn -0.8405 0.3479 0.4155
vn -0.8392 -0.5429 0.0321
vn -0.0000 -0.9871 -0.1598
vn 0.8392 -0.5429 0.0321
vn 0.8405 0.3479 0.4155
vn 0.0000 0.7736 0.6337
vn -0.8381 0.3337 0.4316
vn -0.8377 -0.5454 0.0274
vn 0.0000 -0.9846 -0.1746
vn 0.8377 -0.5454 0.0274
vn 0.8381 0.3337 0.4316
vn 0.0000 -0.4191 0.9080
vn 0.0000 -0.4191 0.9080
vn 0.0000 -0.4191 0.9080
vn 0.0000 -0.4191 0.9080
vn 0.0000 -0.4191 0.9080
vn 0.0000 -0.4191 0.9080
vn 0.0000 -0.4191 0.9080
f 10060//10060 10061//10061 10067//10067 10066//10066
f 10061//10061 10062//10062 10068//10068 10067//10067
f 10062//10062 10063//10063 10069//10069 10068//10068
f 10063//10063 10064//10064 10070//10070 10069//10069
f 10064//10064 10065//10065 10071//10071 10070//10070
f 10065//10065 10060//10060 10066//10066 10071//10071
f 10066//10066 10067//10067 10073//10073 10072//10072
f 10067//10067 10068//10068 10074//10074 10073//10073
f 10068//10068 10069//10069 10075//10075 10074//10074
f 10069//10069 10070//10070 10076//10076 10075//10075
f 10070//10070 10071//10071 10077//10077 10076//10076
f 10071//10071 10066//10066 10072//10072 10077//10077
f 10072//10072 10073//10073 10079//10079 10078//10078
f 10073//10073 10074//10074 10080//10080 10079//10079
f 10074//10074 10075//10075 10081//10081 10080//10080
f 10075//10075 10076//10076 10082//10082 10081//10081
f 10076//10076 10077//10077 10083//10083 10082//10082
f 10077//10077 10072//10072 10078//10078 10083//10083
f 10078//10078 10079//10079 10085//10085 10084//10084
f 10079//10079 10080//10080 10086//10086 10085//10085
f 10080//10080 10081//10081 10087//10087 10086//10086
f 10081//10081 10082//10082 10088//10088 10087//10087
f 10082//10082 10083//10083 10089//10089 10088//10088
f 10083//10083 10078//10078 10084//10084 10089//10089
f 10091//10091 10096//10096 10090//10090
f 10092//10092 10096//10096 10091//10091
f 10093//10093 10096//10096 10092//10092
f 10094//10094 10096//10096 10093//10093
f 10095//10095 10096//10096 10094//10094
f 10090//10090 10096//10096 10095//10095
g part113
usemtl skin
v 0.15990 0.04539 0.18669
v 0.15040 0.04147 0.18562
v 0.14652 0.03200 0.18419
v 0.15054 0.02253 0.18323
v 0.16010 0.01861 0.18331
v 0.16960 0.02253 0.18438
v 0.17348 0.03200 0.18581
v 0.16946 0.04147 0.18677
v 0.15791 0.04017 0.21990
v 0.14912 0.03654 0.21891
v 0.14553 0.02778 0.21759
v 0.14925 0.01902 0.21670
v 0.15809 0.01539 0.21677
v 0.16688 0.01902 0.21776
v 0.17047 0.02778 0.21908
v 0.16675 0.03654 0.21997
v 0.15592 0.03496 0.25299
v 0.14784 0.03162 0.25212
v 0.14454 0.02356 0.25098
v 0.14795 0.01549 0.25024
v 0.15608 0.01215 0.25034
v 0.16416 0.01549 0.25122
v 0.16746 0.02356 0.25235
v 0.16405 0.03162 0.25309
v 0.15394 0.03049 0.28594
v 0.14653 0.02742 0.28522
v 0.14349 0.02000 0.28437
v 0.14661 0.01258 0.28389
v 0.15406 0.00951 0.28406
v 0.16147 0.01258 0.28478
v 0.16451 0.02000 0.28563
v 0.16139 0.02742 0.28611
v 0.15196 0.02722 0.31894
v 0.14514 0.02439 0.31835
v 0.14234 0.01756 0.31775
v 0.14519 0.01072 0.31749
v 0.15204 0.00789 0.31772
v 0.15886 0.01072 0.31831
v 0.16166 0.01756 0.31891
v 0.15881 0.02439 0.31917
v 0.14997 0.02466 0.35214
v 0.14371 0.02206 0.35162
v 0.14113 0.01578 0.35113
v 0.14375 0.00950 0.35096
v 0.15003 0.00690 0.35119
v 0.15629 0.00950 0.35171
v 0.15887 0.01578 0.35220
v 0.15625 0.02206 0.35238
v 0.14797 0.02209 0.38543
v 0.14226 0.01972 0.38496
v 0.13991 0.01400 0.38451
v 0.14230 0.00828 0.38435
v 0.14803 0.00591 0.38457
v 0.15374 0.00828 0.38504
v 0.15609 0.01400 0.38549
v 0.15370 0.01972 0.38565
v 0.15990 0.04539 0.18669
v 0.15040 0.04147 0.18562
v 0.14652 0.03200 0.18419
v 0.15054 0.02253 0.18323
v 0.16010 0.01861 0.18331
v 0.16960 0.02253 0.18438
v 0.17348 0.03200 0.18581
v 0.16946 0.04147 0.18677
v 0.16000 0.03200 0.18500
vn -0.0093 0.9879 0.1549
vn -0.7126 0.6974 0.0759
vn -0.9995 -0.0038 -0.0302
vn -0.7020 -0.7050 -0.1011
vn 0.0057 -0.9954 -0.0955
vn 0.7090 -0.7050 -0.0165
vn 0.9960 -0.0038 0.0896
vn 0.6984 0.6974 0.1605
vn -0.0093 0.9879 0.1549
vn -0.7126 0.6974 0.0759
vn -0.9995 -0.0038 -0.0302
vn -0.7020 -0.7050 -0.1012
vn 0.0057 -0.9954 -0.0955
vn 0.7091 -0.7050 -0.0165
vn 0.9960 -0.0038 0.0896
vn 0.6984 0.6974 0.1606
vn -0.0087 0.9895 0.1445
vn -0.7122 0.6987 0.0683
vn -0.9995 -0.0034 -0.0310
vn -0.7024 -0.7054 -0.0952
vn 0.0052 -0.9962 -0.0867
vn 0.7087 -0.7054 -0.0105
vn 0.9960 -0.0034 0.0888
vn 0.6989 0.6987 0.1530
vn -0.0070 0.9932 0.1162
vn -0.7110 0.7016 0.0476
vn -0.9994 -0.0024 -0.0332
vn -0.7034 -0.7064 -0.0790
vn 0.0038 -0.9980 -0.0628
vn 0.7078 -0.7064 0.0057
vn 0.9962 -0.0024 0.0865
vn 0.7002 0.7016 0.1323
vn -0.0052 0.9962 0.0875
vn -0.7098 0.7039 0.0267
vn -0.9994 -0.0015 -0.0355
vn -0.7044 -0.7070 -0.0626
vn 0.0023 -0.9992 -0.0387
vn 0.7068 -0.7070 0.0221
vn 0.9964 -0.0015 0.0843
vn 0.7015 0.7039 0.1113
vn -0.0046 0.9970 0.0766
vn -0.7093 0.7047 0.0187
vn -0.9993 -0.0013 -0.0363
vn -0.7048 -0.7072 -0.0563
vn 0.0018 -0.9996 -0.0296
vn 0.7065 -0.7072 0.0283
vn 0.9965 -0.0013 0.0834
vn 0.7020 0.7047 0.1034
vn -0.0046 0.9971 0.0766
vn -0.7093 0.7047 0.0187
vn -0.9993 -0.0013 -0.0363
vn -0.7048 -0.7072 -0.0563
vn 0.0018 -0.9996 -0.0295
vn 0.7065 -0.7072 0.0284
vn 0.9965 -0.0013 0.0834
vn 0.7020 0.7047 0.1034
vn 0.0594 0.1254 -0.9903
vn 0.0594 0.1254 -0.9903
vn 0.0594 0.1254 -0.9903
vn 0.0594 0.1254 -0.9903
vn 0.0594 0.1254 -0.9903
vn 0.0594 0.1254 -0.9903
vn 0.0594 0.1254 -0.9903
vn 0.0594 0.1254 -0.9903
vn 0.0594 0.1254 -0.9903
f 10097//10097 10098//10098 10106//10106 10105//10105
f 10098//10098 10099//10099 10107//10107 10106//10106
f 10099//10099 10100//10100 10108//10108 10107//10107
f 10100//10100 10101//10101 10109//10109 10108//10108
f 10101//10101 10102//10102 10110//10110 10109//10109
f 10102//10102 10103//10103 10111//10111 10110//10110
f 10103//10103 10104//10104 10112//10112 10111//10111
f 10104//10104 10097//10097 10105//10105 10112//10112
f 10105//10105 10106//10106 10114//10114 10113//10113
f 10106//10106 10107//10107 10115//10115 10114//10114
f 10107//10107 10108//10108 10116//10116 10115//10115
f 10108//10108 10109//10109 10117//10117 10116//10116
f 10109//10109 10110//10110 10118//10118 10117//10117
f 10110//10110 10111//10111 10119//10119 10118//10118
f 10111//10111 10112//10112 10120//10120 10119//10119
f 10112//10112 10105//10105 10113//10113 10120//10120
f 10113//10113 10114//10114 10122//10122 10121//10121
f 10114//10114 10115//10115 10123//10123 10122//10122
f 10115//10115 10116//10116 10124//10124 10123//10123
f 10116//10116 10117//10117 10125//10125 10124//10124
f 10117//10117 10118//10118 10126//10126 10125//10125
f 10118//10118 10119//10119 10127//10127 10126//10126
f 10119//10119 10120//10120 10128//10128 10127//10127
f 10120//10120 10113//10113 10121//10121 10128//10128
f 10121//10121 10122//10122 10130//10130 10129//10129
f 10122//10122 10123//10123 10131//10131 10130//10130
f 10123//10123 10124//10124 10132//10132 10131//10131
f 10124//10124 10125//10125 10133//10133 10132//10132
f 10125//10125 10126//10126 10134//10134 10133//10133
f 10126//10126 10127//10127 10135//10135 10134//10134
f 10127//10127 10128//10128 10136//10136 10135//10135
f 10128//10128 10121//10121 10129//10129 10136//10136
f 10129//10129 10130//10130 10138//10138 10137//10137
f 10130//10130 10131//10131 10139//10139 10138//10138
f 10131//10131 10132//10132 10140//10140 10139//10139
f 10132//10132 10133//10133 10141//10141 10140//10140
f 10133//10133 10134//10134 10142//10142 10141//10141
f 10134//10134 10135//10135 10143//10143 10142//10142
f 10135//10135 10136//10136 10144//10144 10143//10143
f 10136//10136 10129//10129 10137//10137 10144//10144
f 10137//10137 10138//10138 10146//10146 10145//10145
f 10138//10138 10139//10139 10147//10147 10146//10146
f 10139//10139 10140//10140 10148//10148 10147//10147
f 10140//10140 10141//10141 10149//10149 10148//10148
f 10141//10141 10142//10142 10150//10150 10149//10149
f 10142//10142 10143//10143 10151//10151 10150//10150
f 10143//10143 10144//10144 10152//10152 10151//10151
f 10144//10144 10137//10137 10145//10145 10152//10152
f 10154//10154 10161//10161 10153//10153
f 10155//10155 10161//10161 10154//10154
f 10156//10156 10161//10161 10155//10155
f 10157//10157 10161//10161 10156//10156
f 10158//10158 10161//10161 10157//10157
f 10159//10159 10161//10161 10158//10158
f 10160//10160 10161//10161 10159//10159
f 10153//10153 10161//10161 10160//10160
g part114
usemtl bone
v 0.14800 0.02089 0.38625
v 0.14194 0.01744 0.38563
v 0.14194 0.01056 0.38437
v 0.14800 0.00711 0.38375
v 0.15406 0.01056 0.38437
v 0.15406 0.01744 0.38563
v 0.14800 0.01865 0.39314
v 0.14277 0.01570 0.39251
v 0.14277 0.00980 0.39124
v 0.14800 0.00685 0.39061
v 0.15323 0.00980 0.39124
v 0.15323 0.01570 0.39251
v 0.14800 0.01555 0.40052
v 0.14384 0.01328 0.39976
v 0.14384 0.00872 0.39824
v 0.14800 0.00645 0.39748
v 0.15216 0.00872 0.39824
v 0.15216 0.01328 0.39976
v 0.14800 0.01026 0.40797
v 0.14563 0.00900 0.40742
v 0.14563 0.00650 0.40633
v 0.14800 0.00524 0.40578
v 0.15037 0.00650 0.40633
v 0.15037 0.00900 0.40742
v 0.14800 0.00436 0.41517
v 0.14765 0.00418 0.41508
v 0.14765 0.00382 0.41492
v 0.14800 0.00364 0.41483
v 0.14835 0.00382 0.41492
v 0.14835 0.00418 0.41508
v 0.14800 0.00436 0.41517
v 0.14765 0.00418 0.41508
v 0.14765 0.00382 0.41492
v 0.14800 0.00364 0.41483
v 0.14835 0.00382 0.41492
v 0.14835 0.00418 0.41508
v 0.14800 0.00400 0.41500
vn 0.0000 0.9512 0.3085
vn -0.8581 0.4633 0.2212
vn -0.8577 -0.5120 0.0476
vn -0.0000 -0.9992 -0.0388
vn 0.8577 -0.5120 0.0476
vn 0.8581 0.4633 0.2212
vn 0.0000 0.9367 0.3502
vn -0.8564 0.4524 0.2488
vn -0.8554 -0.5156 0.0494
vn -0.0000 -0.9988 -0.0485
vn 0.8554 -0.5156 0.0494
vn 0.8564 0.4524 0.2488
vn 0.0000 0.8703 0.4926
vn -0.8488 0.4022 0.3432
vn -0.8468 -0.5301 0.0444
vn -0.0000 -0.9945 -0.1052
vn 0.8468 -0.5301 0.0444
vn 0.8488 0.4022 0.3432
vn 0.0000 0.7947 0.6070
vn -0.8405 0.3479 0.4155
vn -0.8392 -0.5429 0.0321
vn -0.0000 -0.9871 -0.1598
vn 0.8392 -0.5429 0.0321
vn 0.8405 0.3479 0.4155
vn 0.0000 0.7736 0.6337
vn -0.8381 0.3337 0.4316
vn -0.8377 -0.5454 0.0274
vn 0.0000 -0.9846 -0.1746
vn 0.8377 -0.5454 0.0274
vn 0.8381 0.3337 0.4316
vn 0.0000 -0.4191 0.9080
vn 0.0000 -0.4191 0.9080
vn 0.0000 -0.4191 0.9080
vn 0.0000 -0.4191 0.9080
vn 0.0000 -0.4191 0.9080
vn 0.0000 -0.4191 0.9080
vn 0.0000 -0.4191 0.9080
f 10162//10162 10163//10163 10169//10169 10168//10168
f 10163//10163 10164//10164 10170//10170 10169//10169
f 10164//10164 10165//10165 10171//10171 10170//10170
f 10165//10165 10166//10166 10172//10172 10171//10171
f 10166//10166 10167//10167 10173//10173 10172//10172
f 10167//10167 10162//10162 10168//10168 10173//10173
f 10168//10168 10169//10169 10175//10175 10174//10174
f 10169//10169 10170//10170 10176//10176 10175//10175
f 10170//10170 10171//10171 10177//10177 10176//10176
f 10171//10171 10172//10172 10178//10178 10177//10177
f 10172//10172 10173//10173 10179//10179 10178//10178
f 10173//10173 10168//10168 10174//10174 10179//10179
f 10174//10174 10175//10175 10181//10181 10180//10180
f 10175//10175 10176//10176 10182//10182 10181//10181
f 10176//10176 10177//10177 10183//10183 10182//10182
f 10177//10177 10178//10178 10184//10184 10183//10183
f 10178//10178 10179//10179 10185//10185 10184//10184
f 10179//10179 10174//10174 10180//10180 10185//10185
f 10180//10180 10181//10181 10187//10187 10186//10186
f 10181//10181 10182//10182 10188//10188 10187//10187
f 10182//10182 10183//10183 10189//10189 10188//10188
f 10183//10183 10184//10184 10190//10190 10189//10189
f 10184//10184 10185//10185 10191//10191 10190//10190
f 10185//10185 10180//10180 10186//10186 10191//10191
f 10193//10193 10198//10198 10192//10192
f 10194//10194 10198//10198 10193//10193
f 10195//10195 10198//10198 10194//10194
f 10196//10196 10198//10198 10195//10195
f 10197//10197 10198//10198 10196//10196
f 10192//10192 10198//10198 10197//10197
g part115
usemtl skin
v 0.18411 0.04538 0.18678
v 0.17455 0.04146 0.18686
v 0.17053 0.03200 0.18585
v 0.17439 0.02254 0.18435
v 0.18389 0.01862 0.18322
v 0.19345 0.02254 0.18314
v 0.19747 0.03200 0.18415
v 0.19361 0.04146 0.18565
v 0.18610 0.04016 0.21831
v 0.17726 0.03653 0.21839
v 0.17353 0.02778 0.21745
v 0.17711 0.01902 0.21606
v 0.18590 0.01540 0.21502
v 0.19474 0.01902 0.21495
v 0.19847 0.02778 0.21588
v 0.19489 0.03653 0.21727
v 0.18809 0.03495 0.24973
v 0.17996 0.03161 0.24983
v 0.17654 0.02356 0.24906
v 0.17984 0.01550 0.24786
v 0.18791 0.01216 0.24694
v 0.19604 0.01550 0.24684
v 0.19946 0.02356 0.24761
v 0.19616 0.03161 0.24881
v 0.19006 0.03048 0.28099
v 0.18261 0.02741 0.28117
v 0.17949 0.02000 0.28066
v 0.18252 0.01259 0.27977
v 0.18994 0.00952 0.27901
v 0.19739 0.01259 0.27883
v 0.20051 0.02000 0.27934
v 0.19748 0.02741 0.28023
v 0.19204 0.02721 0.31231
v 0.18520 0.02439 0.31255
v 0.18234 0.01756 0.31228
v 0.18514 0.01073 0.31164
v 0.19196 0.00790 0.31103
v 0.19880 0.01073 0.31078
v 0.20166 0.01756 0.31106
v 0.19886 0.02439 0.31169
v 0.19403 0.02465 0.34383
v 0.18775 0.02205 0.34408
v 0.18513 0.01578 0.34389
v 0.18770 0.00950 0.34338
v 0.19397 0.00690 0.34284
v 0.20025 0.00950 0.34259
v 0.20287 0.01578 0.34277
v 0.20030 0.02205 0.34329
v 0.19603 0.02209 0.37545
v 0.19030 0.01972 0.37568
v 0.18792 0.01400 0.37551
v 0.19026 0.00828 0.37504
v 0.19597 0.00591 0.37455
v 0.20170 0.00828 0.37432
v 0.20408 0.01400 0.37449
v 0.20174 0.01972 0.37496
v 0.18411 0.04538 0.18678
v 0.17455 0.04146 0.18686
v 0.17053 0.03200 0.18585
v 0.17439 0.02254 0.18435
v 0.18389 0.01862 0.18322
v 0.19345 0.02254 0.18314
v 0.19747 0.03200 0.18415
v 0.19361 0.04146 0.18565
v 0.18400 0.03200 0.18500
vn 0.0103 0.9866 0.1628
vn -0.6975 0.6964 0.1688
vn -0.9955 -0.0042 0.0942
vn -0.7093 -0.7047 -0.0173
vn -0.0063 -0.9949 -0.1004
vn 0.7014 -0.7047 -0.1064
vn 0.9995 -0.0042 -0.0318
vn 0.7132 0.6964 0.0797
vn 0.0103 0.9866 0.1628
vn -0.6975 0.6964 0.1688
vn -0.9955 -0.0042 0.0942
vn -0.7093 -0.7047 -0.0173
vn -0.0063 -0.9949 -0.1004
vn 0.7014 -0.7047 -0.1064
vn 0.9995 -0.0042 -0.0318
vn 0.7132 0.6964 0.0797
vn 0.0096 0.9883 0.1520
vn -0.6980 0.6978 0.1609
vn -0.9956 -0.0037 0.0934
vn -0.7089 -0.7052 -0.0110
vn -0.0058 -0.9958 -0.0911
vn 0.7019 -0.7052 -0.1001
vn 0.9995 -0.0037 -0.0326
vn 0.7127 0.6978 0.0718
vn 0.0077 0.9925 0.1222
vn -0.6994 0.7010 0.1392
vn -0.9958 -0.0027 0.0911
vn -0.7079 -0.7063 0.0060
vn -0.0042 -0.9978 -0.0661
vn 0.7030 -0.7063 -0.0831
vn 0.9994 -0.0027 -0.0350
vn 0.7114 0.7010 0.0501
vn 0.0058 0.9957 0.0920
vn -0.7009 0.7036 0.1171
vn -0.9961 -0.0017 0.0887
vn -0.7068 -0.7070 0.0233
vn -0.0026 -0.9992 -0.0408
vn 0.7041 -0.7070 -0.0659
vn 0.9993 -0.0017 -0.0373
vn 0.7100 0.7036 0.0280
vn 0.0051 0.9967 0.0806
vn -0.7014 0.7044 0.1088
vn -0.9961 -0.0014 0.0878
vn -0.7064 -0.7072 0.0298
vn -0.0020 -0.9995 -0.0311
vn 0.7046 -0.7072 -0.0593
vn 0.9993 -0.0014 -0.0382
vn 0.7095 0.7044 0.0197
vn 0.0051 0.9967 0.0806
vn -0.7014 0.7044 0.1088
vn -0.9961 -0.0014 0.0878
vn -0.7064 -0.7072 0.0299
vn -0.0020 -0.9995 -0.0310
vn 0.7046 -0.7072 -0.0593
vn 0.9993 -0.0014 -0.0382
vn 0.7095 0.7044 0.0197
vn -0.0625 0.1319 -0.9893
vn -0.0625 0.1319 -0.9893
vn -0.0625 0.1319 -0.9893
vn -0.0625 0.1319 -0.9893
vn -0.0625 0.1319 -0.9893
vn -0.0625 0.1319 -0.9893
vn -0.0625 0.1319 -0.9893
vn -0.0625 0.1319 -0.9893
vn -0.0625 0.1319 -0.9893
f 10199//10199 10200//10200 10208//10208 10207//10207
f 10200//10200 10201//10201 10209//10209 10208//10208
f 10201//10201 10202//10202 10210//10210 10209//10209
f 10202//10202 10203//10203 10211//10211 10210//10210
f 10203//10203 10204//10204 10212//10212 10211//10211
f 10204//10204 10205//10205 10213//10213 10212//10212
f 10205//10205 10206//10206 10214//10214 10213//10213
f 10206//10206 10199//10199 10207//10207 10214//10214
f 10207//10207 10208//10208 10216//10216 10215//10215
f 10208//10208 10209//10209 10217//10217 10216//10216
f 10209//10209 10210//10210 10218//10218 10217//10217
f 10210//10210 10211//10211 10219//10219 10218//10218
f 10211//10211 10212//10212 10220//10220 10219//10219
f 10212//10212 10213//10213 10221//10221 10220//10220
f 10213//10213 10214//10214 10222//10222 10221//10221
f 10214//10214 10207//10207 10215//10215 10222//10222
f 10215//10215 10216//10216 10224//10224 10223//10223
f 10216//10216 10217//10217 10225//10225 10224//10224
f 10217//10217 10218//10218 10226//10226 10225//10225
f 10218//10218 10219//10219 10227//10227 10226//10226
f 10219//10219 10220//10220 10228//10228 10227//10227
f 10220//10220 10221//10221 10229//10229 10228//10228
f 10221//10221 10222//10222 10230//10230 10229//10229
f 10222//10222 10215//10215 10223//10223 10230//10230
f 10223//10223 10224//10224 10232//10232 10231//10231
f 10224//10224 10225//10225 10233//10233 10232//10232
f 10225//10225 10226//10226 10234//10234 10233//10233
f 10226//10226 10227//10227 10235//10235 10234//10234
f 10227//10227 10228//10228 10236//10236 10235//10235
f 10228//10228 10229//10229 10237//10237 10236//10236
f 10229//10229 10230//10230 10238//10238 10237//10237
f 10230//10230 10223//10223 10231//10231 10238//10238
f 10231//10231 10232//10232 10240//10240 10239//10239
f 10232//10232 10233//10233 10241//10241 10240//10240
f 10233//10233 10234//10234 10242//10242 10241//10241
f 10234//10234 10235//10235 10243//10243 10242//10242
f 10235//10235 10236//10236 10244//10244 10243//10243
f 10236//10236 10237//10237 10245//10245 10244//10244
f 10237//10237 10238//10238 10246//10246 10245//10245
f 10238//10238 10231//10231 10239//10239 10246//10246
f 10239//10239 10240//10240 10248//10248 10247//10247
f 10240//10240 10241//10241 10249//10249 10248//10248
f 10241//10241 10242//10242 10250//10250 10249//10249
f 10242//10242 10243//10243 10251//10251 10250//10250
f 10243//10243 10244//10244 10252//10252 10251//10251
f 10244//10244 10245//10245 10253//10253 10252//10252
f 10245//10245 10246//10246 10254//10254 10253//10253
f 10246//10246 10239//10239 10247//10247 10254//10254
f 10256//10256 10263//10263 10255//10255
f 10257//10257 10263//10263 10256//10256
f 10258//10258 10263//10263 10257//10257
f 10259//10259 10263//10263 10258//10258
f 10260//10260 10263//10263 10259//10259
f 10261//10261 10263//10263 10260//10260
f 10262//10262 10263//10263 10261//10261
f 10255//10255 10263//10263 10262//10262
g part116
usemtl bone
v 0.19600 0.02089 0.37625
v 0.18994 0.01744 0.37563
v 0.18994 0.01056 0.37437
v 0.19600 0.00711 0.37375
v 0.20206 0.01056 0.37437
v 0.20206 0.01744 0.37563
v 0.19600 0.01865 0.38314
v 0.19077 0.01570 0.38251
v 0.19077 0.00980 0.38124
v 0.19600 0.00685 0.38061
v 0.20123 0.00980 0.38124
v 0.20123 0.01570 0.38251
v 0.19600 0.01555 0.39052
v 0.19184 0.01328 0.38976
v 0.19184 0.00872 0.38824
v 0.19600 0.00645 0.38748
v 0.20016 0.00872 0.38824
v 0.20016 0.01328 0.38976
v 0.19600 0.01026 0.39797
v 0.19363 0.00900 0.39742
v 0.19363 0.00650 0.39633
v 0.19600 0.00524 0.39578
v 0.19837 0.00650 0.39633
v 0.19837 0.00900 0.39742
v 0.19600 0.00436 0.40517
v 0.19565 0.00418 0.40508
v 0.19565 0.00382 0.40492
v 0.19600 0.00364 0.40483
v 0.19635 0.00382 0.40492
v 0.19635 0.00418 0.40508
v 0.19600 0.00436 0.40517
v 0.19565 0.00418 0.40508
v 0.19565 0.00382 0.40492
v 0.19600 0.00364 0.40483
v 0.19635 0.00382 0.40492
v 0.19635 0.00418 0.40508
v 0.19600 0.00400 0.40500
vn 0.0000 0.9512 0.3085
vn -0.8581 0.4633 0.2212
vn -0.8577 -0.5120 0.0476
vn -0.0000 -0.9992 -0.0388
vn 0.8577 -0.5120 0.0476
vn 0.8581 0.4633 0.2212
vn 0.0000 0.9367 0.3502
vn -0.8564 0.4524 0.2488
vn -0.8554 -0.5156 0.0494
vn -0.0000 -0.9988 -0.0485
vn 0.8554 -0.5156 0.0494
vn 0.8564 0.4524 0.2488
vn 0.0000 0.8703 0.4926
vn -0.8488 0.4022 0.3432
vn -0.8468 -0.5301 0.0444
vn -0.0000 -0.9945 -0.1052
vn 0.8468 -0.5301 0.0444
vn 0.8488 0.4022 0.3432
vn 0.0000 0.7947 0.6070
vn -0.8405 0.3479 0.4155
vn -0.8392 -0.5429 0.0321
vn -0.0000 -0.9871 -0.1598
vn 0.8392 -0.5429 0.0321
vn 0.8405 0.3479 0.4155
vn 0.0000 0.7736 0.6337
vn -0.8381 0.3337 0.4316
vn -0.8377 -0.5454 0.0274
vn 0.0000 -0.9846 -0.1746
vn 0.8377 -0.5454 0.0274
vn 0.8381 0.3337 0.4316
vn 0.0000 -0.4191 0.9080
vn 0.0000 -0.4191 0.9080
vn 0.0000 -0.4191 0.9080
vn 0.0000 -0.4191 0.9080
vn 0.0000 -0.4191 0.9080
vn 0.0000 -0.4191 0.9080
vn 0.0000 -0.4191 0.9080
f 10264//10264 10265//10265 10271//10271 10270//10270
f 10265//10265 10266//10266 10272//10272 10271//10271
f 10266//10266 10267//10267 10273//10273 10272//10272
f 10267//10267 10268//10268 10274//10274 10273//10273
f 10268//10268 10269//10269 10275//10275 10274//10274
f 10269//10269 10264//10264 10270//10270 10275//10275
f 10270//10270 10271//10271 10277//10277 10276//10276
f 10271//10271 10272//10272 10278//10278 10277//10277
f 10272//10272 10273//10273 10279//10279 10278//10278
f 10273//10273 10274//10274 10280//10280 10279//10279
f 10274//10274 10275//10275 10281//10281 10280//10280
f 10275//10275 10270//10270 10276//10276 10281//10281
f 10276//10276 10277//10277 10283//10283 10282//10282
f 10277//10277 10278//10278 10284//10284 10283//10283
f 10278//10278 10279//10279 10285//10285 10284//10284
f 10279//10279 10280//10280 10286//10286 10285//10285
f 10280//10280 10281//10281 10287//10287 10286//10286
f 10281//10281 10276//10276 10282//10282 10287//10287
f 10282//10282 10283//10283 10289//10289 10288//10288
f 10283//10283 10284//10284 10290//10290 10289//10289
f 10284//10284 10285//10285 10291//10291 10290//10290
f 10285//10285 10286//10286 10292//10292 10291//10291
f 10286//10286 10287//10287 10293//10293 10292//10292
f 10287//10287 10282//10282 10288//10288 10293//10293
f 10295//10295 10300//10300 10294//10294
f 10296//10296 10300//10300 10295//10295
f 10297//10297 10300//10300 10296//10296
f 10298//10298 10300//10300 10297//10297
f 10299//10299 10300//10300 10298//10298
f 10294//10294 10300//10300 10299//10299
g part117
usemtl skin
v 0.20845 0.04534 0.18701
v 0.19901 0.04143 0.18852
v 0.19483 0.03200 0.18796
v 0.19837 0.02257 0.18567
v 0.20755 0.01866 0.18299
v 0.21699 0.02257 0.18148
v 0.22117 0.03200 0.18204
v 0.21763 0.04143 0.18433
v 0.21442 0.04012 0.21353
v 0.20568 0.03651 0.21492
v 0.20181 0.02778 0.21441
v 0.20509 0.01905 0.21229
v 0.21358 0.01543 0.20981
v 0.22232 0.01905 0.20841
v 0.22619 0.02778 0.20892
v 0.22291 0.03651 0.21104
v 0.22035 0.03492 0.23991
v 0.21233 0.03159 0.24123
v 0.20880 0.02356 0.24085
v 0.21183 0.01552 0.23900
v 0.21965 0.01219 0.23676
v 0.22767 0.01552 0.23544
v 0.23120 0.02356 0.23581
v 0.22817 0.03159 0.23767
v 0.22625 0.03047 0.26612
v 0.21891 0.02740 0.26743
v 0.21573 0.02000 0.26731
v 0.21856 0.01260 0.26584
v 0.22575 0.00953 0.26388
v 0.23309 0.01260 0.26257
v 0.23627 0.02000 0.26269
v 0.23344 0.02740 0.26416
v 0.23216 0.02721 0.29239
v 0.22544 0.02438 0.29368
v 0.22256 0.01756 0.29379
v 0.22521 0.01073 0.29265
v 0.23184 0.00790 0.29094
v 0.23856 0.01073 0.28965
v 0.24144 0.01756 0.28954
v 0.23879 0.02438 0.29068
v 0.23813 0.02465 0.31890
v 0.23196 0.02205 0.32011
v 0.22933 0.01578 0.32028
v 0.23178 0.00950 0.31932
v 0.23787 0.00691 0.31777
v 0.24404 0.00950 0.31656
v 0.24667 0.01578 0.31638
v 0.24422 0.02205 0.31735
v 0.24412 0.02208 0.34551
v 0.23849 0.01972 0.34662
v 0.23610 0.01400 0.34678
v 0.23833 0.00828 0.34589
v 0.24388 0.00592 0.34449
v 0.24951 0.00828 0.34338
v 0.25190 0.01400 0.34322
v 0.24967 0.01972 0.34411
v 0.20845 0.04534 0.18701
v 0.19901 0.04143 0.18852
v 0.19483 0.03200 0.18796
v 0.19837 0.02257 0.18567
v 0.20755 0.01866 0.18299
v 0.21699 0.02257 0.18148
v 0.22117 0.03200 0.18204
v 0.21763 0.04143 0.18433
v 0.20800 0.03200 0.18500
vn 0.0414 0.9820 0.1840
vn -0.6578 0.6928 0.2955
vn -0.9670 -0.0056 0.2546
vn -0.7052 -0.7039 0.0851
vn -0.0256 -0.9932 -0.1137
vn 0.6736 -0.7039 -0.2252
vn 0.9829 -0.0056 -0.1842
vn 0.7210 0.6928 -0.0147
vn 0.0414 0.9820 0.1841
vn -0.6578 0.6928 0.2956
vn -0.9670 -0.0056 0.2546
vn -0.7052 -0.7039 0.0850
vn -0.0256 -0.9932 -0.1137
vn 0.6736 -0.7039 -0.2252
vn 0.9829 -0.0056 -0.1842
vn 0.7210 0.6928 -0.0146
vn 0.0387 0.9843 0.1720
vn -0.6598 0.6946 0.2867
vn -0.9673 -0.0050 0.2536
vn -0.7036 -0.7046 0.0921
vn -0.0232 -0.9944 -0.1033
vn 0.6753 -0.7046 -0.2181
vn 0.9827 -0.0050 -0.1851
vn 0.7190 0.6946 -0.0235
vn 0.0312 0.9899 0.1385
vn -0.6654 0.6989 0.2624
vn -0.9679 -0.0036 0.2511
vn -0.6993 -0.7061 0.1114
vn -0.0169 -0.9970 -0.0751
vn 0.6796 -0.7061 -0.1989
vn 0.9822 -0.0036 -0.1877
vn 0.7136 0.6989 -0.0479
vn 0.0235 0.9943 0.1043
vn -0.6710 0.7024 0.2375
vn -0.9686 -0.0023 0.2485
vn -0.6950 -0.7070 0.1309
vn -0.0104 -0.9989 -0.0463
vn 0.6841 -0.7070 -0.1794
vn 0.9817 -0.0023 -0.1903
vn 0.7081 0.7024 -0.0728
vn 0.0206 0.9956 0.0914
vn -0.6732 0.7034 0.2280
vn -0.9689 -0.0019 0.2475
vn -0.6933 -0.7072 0.1384
vn -0.0079 -0.9993 -0.0353
vn 0.6858 -0.7072 -0.1719
vn 0.9815 -0.0019 -0.1914
vn 0.7060 0.7034 -0.0823
vn 0.0206 0.9956 0.0914
vn -0.6732 0.7035 0.2280
vn -0.9689 -0.0019 0.2475
vn -0.6933 -0.7072 0.1385
vn -0.0079 -0.9993 -0.0352
vn 0.6858 -0.7072 -0.1718
vn 0.9815 -0.0019 -0.1914
vn 0.7060 0.7035 -0.0823
vn -0.2169 0.1527 -0.9642
vn -0.2169 0.1527 -0.9642
vn -0.2169 0.1527 -0.9642
vn -0.2169 0.1527 -0.9642
vn -0.2169 0.1527 -0.9642
vn -0.2169 0.1527 -0.9642
vn -0.2169 0.1527 -0.9642
vn -0.2169 0.1527 -0.9642
vn -0.2169 0.1527 -0.9642
f 10301//10301 10302//10302 10310//10310 10309//10309
f 10302//10302 10303//10303 10311//10311 10310//10310
f 10303//10303 10304//10304 10312//10312 10311//10311
f 10304//10304 10305//10305 10313//10313 10312//10312
f 10305//10305 10306//10306 10314//10314 10313//10313
f 10306//10306 10307//10307 10315//10315 10314//10314
f 10307//10307 10308//10308 10316//10316 10315//10315
f 10308//10308 10301//10301 10309//10309 10316//10316
f 10309//10309 10310//10310 10318//10318 10317//10317
f 10310//10310 10311//10311 10319//10319 10318//10318
f 10311//10311 10312//10312 10320//10320 10319//10319
f 10312//10312 10313//10313 10321//10321 10320//10320
f 10313//10313 10314//10314 10322//10322 10321//10321
f 10314//10314 10315//10315 10323//10323 10322//10322
f 10315//10315 10316//10316 10324//10324 10323//10323
f 10316//10316 10309//10309 10317//10317 10324//10324
f 10317//10317 10318//10318 10326//10326 10325//10325
f 10318//10318 10319//10319 10327//10327 10326//10326
f 10319//10319 10320//10320 10328//10328 10327//10327
f 10320//10320 10321//10321 10329//10329 10328//10328
f 10321//10321 10322//10322 10330//10330 10329//10329
f 10322//10322 10323//10323 10331//10331 10330//10330
f 10323//10323 10324//10324 10332//10332 10331//10331
f 10324//10324 10317//10317 10325//10325 10332//10332
f 10325//10325 10326//10326 10334//10334 10333//10333
f 10326//10326 10327//10327 10335//10335 10334//10334
f 10327//10327 10328//10328 10336//10336 10335//10335
f 10328//10328 10329//10329 10337//10337 10336//10336
f 10329//10329 10330//10330 10338//10338 10337//10337
f 10330//10330 10331//10331 10339//10339 10338//10338
f 10331//10331 10332//10332 10340//10340 10339//10339
f 10332//10332 10325//10325 10333//10333 10340//10340
f 10333//10333 10334//10334 10342//10342 10341//10341
f 10334//10334 10335//10335 10343//10343 10342//10342
f 10335//10335 10336//10336 10344//10344 10343//10343
f 10336//10336 10337//10337 10345//10345 10344//10344
f 10337//10337 10338//10338 10346//10346 10345//10345
f 10338//10338 10339//10339 10347//10347 10346//10346
f 10339//10339 10340//10340 10348//10348 10347//10347
f 10340//10340 10333//10333 10341//10341 10348//10348
f 10341//10341 10342//10342 10350//10350 10349//10349
f 10342//10342 10343//10343 10351//10351 10350//10350
f 10343//10343 10344//10344 10352//10352 10351//10351
f 10344//10344 10345//10345 10353//10353 10352//10352
f 10345//10345 10346//10346 10354//10354 10353//10353
f 10346//10346 10347//10347 10355//10355 10354//10354
f 10347//10347 10348//10348 10356//10356 10355//10355
f 10348//10348 10341//10341 10349//10349 10356//10356
f 10358//10358 10365//10365 10357//10357
f 10359//10359 10365//10365 10358//10358
f 10360//10360 10365//10365 10359//10359
f 10361//10361 10365//10365 10360//10360
f 10362//10362 10365//10365 10361//10361
f 10363//10363 10365//10365 10362//10362
f 10364//10364 10365//10365 10363//10363
f 10357//10357 10365//10365 10364//10364
g part118
usemtl bone
v 0.24400 0.02089 0.34625
v 0.23794 0.01744 0.34563
v 0.23794 0.01056 0.34437
v 0.24400 0.00711 0.34375
v 0.25006 0.01056 0.34437
v 0.25006 0.01744 0.34563
v 0.24400 0.01865 0.35314
v 0.23877 0.01570 0.35251
v 0.23877 0.00980 0.35124
v 0.24400 0.00685 0.35061
v 0.24923 0.00980 0.35124
v 0.24923 0.01570 0.35251
v 0.24400 0.01555 0.36052
v 0.23984 0.01328 0.35976
v 0.23984 0.00872 0.35824
v 0.24400 0.00645 0.35748
v 0.24816 0.00872 0.35824
v 0.24816 0.01328 0.35976
v 0.24400 0.01026 0.36797
v 0.24163 0.00900 0.36742
v 0.24163 0.00650 0.36633
v 0.24400 0.00524 0.36578
v 0.24637 0.00650 0.36633
v 0.24637 0.00900 0.36742
v 0.24400 0.00436 0.37517
v 0.24365 0.00418 0.37508
v 0.24365 0.00382 0.37492
v 0.24400 0.00364 0.37483
v 0.24435 0.00382 0.37492
v 0.24435 0.00418 0.37508
v 0.24400 0.00436 0.37517
v 0.24365 0.00418 0.37508
v 0.24365 0.00382 0.37492
v 0.24400 0.00364 0.37483
v 0.24435 0.00382 0.37492
v 0.24435 0.00418 0.37508
v 0.24400 0.00400 0.37500
vn 0.0000 0.9512 0.3085
vn -0.8581 0.4633 0.2212
vn -0.8577 -0.5120 0.0476
vn -0.0000 -0.9992 -0.0388
vn 0.8577 -0.5120 0.0476
vn 0.8581 0.4633 0.2212
vn 0.0000 0.9367 0.3502
vn -0.8564 0.4524 0.2488
vn -0.8554 -0.5156 0.0494
vn -0.0000 -0.9988 -0.0485
vn 0.8554 -0.5156 0.0494
vn 0.8564 0.4524 0.2488
vn 0.0000 0.8703 0.4926
vn -0.8488 0.4022 0.3432
vn -0.8468 -0.5301 0.0444
vn -0.0000 -0.9945 -0.1052
vn 0.8468 -0.5301 0.0444
vn 0.8488 0.4022 0.3432
vn 0.0000 0.7947 0.6070
vn -0.8405 0.3479 0.4155
vn -0.8392 -0.5429 0.0321
vn -0.0000 -0.9871 -0.1598
vn 0.8392 -0.5429 0.0321
vn 0.8405 0.3479 0.4155
vn 0.0000 0.7736 0.6337
vn -0.8381 0.3337 0.4316
vn -0.8377 -0.5454 0.0274
vn 0.0000 -0.9846 -0.1746
vn 0.8377 -0.5454 0.0274
vn 0.8381 0.3337 0.4316
vn 0.0000 -0.4191 0.9080
vn 0.0000 -0.4191 0.9080
vn 0.0000 -0.4191 0.9080
vn 0.0000 -0.4191 0.9080
vn 0.0000 -0.4191 0.9080
vn 0.0000 -0.4191 0.9080
vn 0.0000 -0.4191 0.9080
f 10366//10366 10367//10367 10373//10373 10372//10372
f 10367//10367 10368//10368 10374//10374 10373//10373
f 10368//10368 10369//10369 10375//10375 10374//10374
f 10369//10369 10370//10370 10376//10376 10375//10375
f 10370//10370 10371//10371 10377//10377 10376//10376
f 10371//10371 10366//10366 10372//10372 10377//10377
f 10372//10372 10373//10373 10379//10379 10378//10378
f 10373//10373 10374//10374 10380//10380 10379//10379
f 10374//10374 10375//10375 10381//10381 10380//10380
f 10375//10375 10376//10376 10382//10382 10381//10381
f 10376//10376 10377//10377 10383//10383 10382//10382
f 10377//10377 10372//10372 10378//10378 10383//10383
f 10378//10378 10379//10379 10385//10385 10384//10384
f 10379//10379 10380//10380 10386//10386 10385//10385
f 10380//10380 10381//10381 10387//10387 10386//10386
f 10381//10381 10382//10382 10388//10388 10387//10387
f 10382//10382 10383//10383 10389//10389 10388//10388
f 10383//10383 10378//10378 10384//10384 10389//10389
f 10384//10384 10385//10385 10391//10391 10390//10390
f 10385//10385 10386//10386 10392//10392 10391//10391
f 10386//10386 10387//10387 10393//10393 10392//10392
f 10387//10387 10388//10388 10394//10394 10393//10393
f 10388//10388 10389//10389 10395//10395 10394//10394
f 10389//10389 10384//10384 10390//10390 10395//10395
f 10397//10397 10402//10402 10396//10396
f 10398//10398 10402//10402 10397//10397
f 10399//10399 10402//10402 10398//10398
f 10400//10400 10402//10402 10399//10399
f 10401//10401 10402//10402 10400//10400
f 10396//10396 10402//10402 10401//10401
g part119
usemtl skin
v 0.23138 0.04870 0.18786
v 0.22015 0.04381 0.19225
v 0.21469 0.03200 0.19240
v 0.21820 0.02019 0.18821
v 0.22862 0.01530 0.18214
v 0.23985 0.02019 0.17775
v 0.24531 0.03200 0.17760
v 0.24180 0.04381 0.18179
v 0.24094 0.04323 0.20764
v 0.23056 0.03870 0.21171
v 0.22551 0.02778 0.21184
v 0.22875 0.01685 0.20797
v 0.23839 0.01233 0.20236
v 0.24878 0.01685 0.19829
v 0.25383 0.02778 0.19816
v 0.25058 0.03870 0.20203
v 0.25042 0.03780 0.22724
v 0.24090 0.03362 0.23104
v 0.23632 0.02356 0.23129
v 0.23936 0.01349 0.22786
v 0.24825 0.00932 0.22276
v 0.25777 0.01349 0.21896
v 0.26235 0.02356 0.21871
v 0.25930 0.03362 0.22214
v 0.25977 0.03314 0.24660
v 0.25110 0.02929 0.25021
v 0.24706 0.02000 0.25077
v 0.25001 0.01071 0.24795
v 0.25823 0.00686 0.24340
v 0.26690 0.01071 0.23979
v 0.27094 0.02000 0.23923
v 0.26799 0.02929 0.24205
v 0.26917 0.02969 0.26604
v 0.26126 0.02614 0.26949
v 0.25769 0.01756 0.27030
v 0.26055 0.00897 0.26802
v 0.26816 0.00542 0.26396
v 0.27607 0.00897 0.26051
v 0.27964 0.01756 0.25970
v 0.27678 0.02614 0.26198
v 0.27872 0.02694 0.28580
v 0.27148 0.02367 0.28901
v 0.26825 0.01578 0.28987
v 0.27093 0.00789 0.28788
v 0.27794 0.00462 0.28420
v 0.28519 0.00789 0.28099
v 0.28841 0.01578 0.28013
v 0.28574 0.02367 0.28212
v 0.28835 0.02417 0.30573
v 0.28176 0.02119 0.30866
v 0.27882 0.01400 0.30944
v 0.28126 0.00681 0.30762
v 0.28765 0.00383 0.30427
v 0.29424 0.00681 0.30134
v 0.29718 0.01400 0.30056
v 0.29474 0.02119 0.30238
v 0.23138 0.04870 0.18786
v 0.22015 0.04381 0.19225
v 0.21469 0.03200 0.19240
v 0.21820 0.02019 0.18821
v 0.22862 0.01530 0.18214
v 0.23985 0.02019 0.17775
v 0.24531 0.03200 0.17760
v 0.24180 0.04381 0.18179
v 0.23000 0.03200 0.18500
vn 0.1051 0.9704 0.2175
vn -0.5543 0.6831 0.4756
vn -0.8749 -0.0105 0.4842
vn -0.6690 -0.7041 0.2382
vn -0.0571 -0.9913 -0.1182
vn 0.6023 -0.7041 -0.3762
vn 0.9229 -0.0105 -0.3848
vn 0.7170 0.6831 -0.1389
vn 0.1053 0.9703 0.2178
vn -0.5542 0.6830 0.4758
vn -0.8749 -0.0105 0.4842
vn -0.6691 -0.7040 0.2381
vn -0.0572 -0.9913 -0.1184
vn 0.6022 -0.7040 -0.3764
vn 0.9229 -0.0105 -0.3848
vn 0.7171 0.6830 -0.1387
vn 0.0988 0.9739 0.2045
vn -0.5589 0.6859 0.4660
vn -0.8756 -0.0094 0.4830
vn -0.6655 -0.7048 0.2456
vn -0.0518 -0.9929 -0.1072
vn 0.6059 -0.7048 -0.3689
vn 0.9224 -0.0094 -0.3861
vn 0.7124 0.6859 -0.1485
vn 0.0804 0.9828 0.1664
vn -0.5725 0.6930 0.4382
vn -0.8774 -0.0068 0.4797
vn -0.6556 -0.7065 0.2665
vn -0.0369 -0.9964 -0.0764
vn 0.6161 -0.7065 -0.3481
vn 0.9210 -0.0068 -0.3896
vn 0.6991 0.6930 -0.1764
vn 0.0614 0.9900 0.1270
vn -0.5867 0.6988 0.4093
vn -0.8794 -0.0044 0.4761
vn -0.6453 -0.7075 0.2881
vn -0.0215 -0.9988 -0.0445
vn 0.6267 -0.7075 -0.3267
vn 0.9194 -0.0044 -0.3933
vn 0.6852 0.6988 -0.2054
vn 0.0541 0.9922 0.1119
vn -0.5921 0.7006 0.3983
vn -0.8801 -0.0036 0.4748
vn -0.6413 -0.7077 0.2966
vn -0.0154 -0.9994 -0.0319
vn 0.6308 -0.7077 -0.3182
vn 0.9188 -0.0036 -0.3947
vn 0.6799 0.7006 -0.2165
vn 0.0540 0.9923 0.1118
vn -0.5921 0.7006 0.3982
vn -0.8801 -0.0036 0.4748
vn -0.6412 -0.7077 0.2967
vn -0.0153 -0.9994 -0.0317
vn 0.6308 -0.7077 -0.3181
vn 0.9188 -0.0036 -0.3947
vn 0.6799 0.7006 -0.2166
vn -0.4275 0.1867 -0.8845
vn -0.4275 0.1867 -0.8845
vn -0.4275 0.1867 -0.8845
vn -0.4275 0.1867 -0.8845
vn -0.4275 0.1867 -0.8845
vn -0.4275 0.1867 -0.8845
vn -0.4275 0.1867 -0.8845
vn -0.4275 0.1867 -0.8845
vn -0.4275 0.1867 -0.8845
f 10403//10403 10404//10404 10412//10412 10411//10411
f 10404//10404 10405//10405 10413//10413 10412//10412
f 10405//10405 10406//10406 10414//10414 10413//10413
f 10406//10406 10407//10407 10415//10415 10414//10414
f 10407//10407 10408//10408 10416//10416 10415//10415
f 10408//10408 10409//10409 10417//10417 10416//10416
f 10409//10409 10410//10410 10418//10418 10417//10417
f 10410//10410 10403//10403 10411//10411 10418//10418
f 10411//10411 10412//10412 10420//10420 10419//10419
f 10412//10412 10413//10413 10421//10421 10420//10420
f 10413//10413 10414//10414 10422//10422 10421//10421
f 10414//10414 10415//10415 10423//10423 10422//10422
f 10415//10415 10416//10416 10424//10424 10423//10423
f 10416//10416 10417//10417 10425//10425 10424//10424
f 10417//10417 10418//10418 10426//10426 10425//10425
f 10418//10418 10411//10411 10419//10419 10426//10426
f 10419//10419 10420//10420 10428//10428 10427//10427
f 10420//10420 10421//10421 10429//10429 10428//10428
f 10421//10421 10422//10422 10430//10430 10429//10429
f 10422//10422 10423//10423 10431//10431 10430//10430
f 10423//10423 10424//10424 10432//10432 10431//10431
f 10424//10424 10425//10425 10433//10433 10432//10432
f 10425//10425 10426//10426 10434//10434 10433//10433
f 10426//10426 10419//10419 10427//10427 10434//10434
f 10427//10427 10428//10428 10436//10436 10435//10435
f 10428//10428 10429//10429 10437//10437 10436//10436
f 10429//10429 10430//10430 10438//10438 10437//10437
f 10430//10430 10431//10431 10439//10439 10438//10438
f 10431//10431 10432//10432 10440//10440 10439//10439
f 10432//10432 10433//10433 10441//10441 10440//10440
f 10433//10433 10434//10434 10442//10442 10441//10441
f 10434//10434 10427//10427 10435//10435 10442//10442
f 10435//10435 10436//10436 10444//10444 10443//10443
f 10436//10436 10437//10437 10445//10445 10444//10444
f 10437//10437 10438//10438 10446//10446 10445//10445
f 10438//10438 10439//10439 10447//10447 10446//10446
f 10439//10439 10440//10440 10448//10448 10447//10447
f 10440//10440 10441//10441 10449//10449 10448//10448
f 10441//10441 10442//10442 10450//10450 10449//10449
f 10442//10442 10435//10435 10443//10443 10450//10450
f 10443//10443 10444//10444 10452//10452 10451//10451
f 10444//10444 10445//10445 10453//10453 10452//10452
f 10445//10445 10446//10446 10454//10454 10453//10453
f 10446//10446 10447//10447 10455//10455 10454//10454
f 10447//10447 10448//10448 10456//10456 10455//10455
f 10448//10448 10449//10449 10457//10457 10456//10456
f 10449//10449 10450//10450 10458//10458 10457//10457
f 10450//10450 10443//10443 10451//10451 10458//10458
f 10460//10460 10467//10467 10459//10459
f 10461//10461 10467//10467 10460//10460
f 10462//10462 10467//10467 10461//10461
f 10463//10463 10467//10467 10462//10462
f 10464//10464 10467//10467 10463//10463
f 10465//10465 10467//10467 10464//10464
f 10466//10466 10467//10467 10465//10465
f 10459//10459 10467//10467 10466//10466
g part120
usemtl bone
v 0.28800 0.02089 0.30625
v 0.28194 0.01744 0.30563
v 0.28194 0.01056 0.30437
v 0.28800 0.00711 0.30375
v 0.29406 0.01056 0.30437
v 0.29406 0.01744 0.30563
v 0.28800 0.01865 0.31314
v 0.28277 0.01570 0.31251
v 0.28277 0.00980 0.31124
v 0.28800 0.00685 0.31061
v 0.29323 0.00980 0.31124
v 0.29323 0.01570 0.31251
v 0.28800 0.01555 0.32052
v 0.28384 0.01328 0.31976
v 0.28384 0.00872 0.31824
v 0.28800 0.00645 0.31748
v 0.29216 0.00872 0.31824
v 0.29216 0.01328 0.31976
v 0.28800 0.01026 0.32797
v 0.28563 0.00900 0.32742
v 0.28563 0.00650 0.32633
v 0.28800 0.00524 0.32578
v 0.29037 0.00650 0.32633
v 0.29037 0.00900 0.32742
v 0.28800 0.00436 0.33517
v 0.28765 0.00418 0.33508
v 0.28765 0.00382 0.33492
v 0.28800 0.00364 0.33483
v 0.28835 0.00382 0.33492
v 0.28835 0.00418 0.33508
v 0.28800 0.00436 0.33517
v 0.28765 0.00418 0.33508
v 0.28765 0.00382 0.33492
v 0.28800 0.00364 0.33483
v 0.28835 0.00382 0.33492
v 0.28835 0.00418 0.33508
v 0.28800 0.00400 0.33500
vn 0.0000 0.9512 0.3085
vn -0.8581 0.4633 0.2212
vn -0.8577 -0.5120 0.0476
vn -0.0000 -0.9992 -0.0388
vn 0.8577 -0.5120 0.0476
vn 0.8581 0.4633 0.2212
vn 0.0000 0.9367 0.3502
vn -0.8564 0.4524 0.2488
vn -0.8554 -0.5156 0.0494
vn -0.0000 -0.9988 -0.0485
vn 0.8554 -0.5156 0.0494
vn 0.8564 0.4524 0.2488
vn 0.0000 0.8703 0.4926
vn -0.8488 0.4022 0.3432
vn -0.8468 -0.5301 0.0444
vn -0.0000 -0.9945 -0.1052
vn 0.8468 -0.5301 0.0444
vn 0.8488 0.4022 0.3432
vn 0.0000 0.7947 0.6070
vn -0.8405 0.3479 0.4155
vn -0.8392 -0.5429 0.0321
vn -0.0000 -0.9871 -0.1598
vn 0.8392 -0.5429 0.0321
vn 0.8405 0.3479 0.4155
vn 0.0000 0.7736 0.6337
vn -0.8381 0.3337 0.4316
vn -0.8377 -0.5454 0.0274
vn -0.0000 -0.9846 -0.1746
vn 0.8377 -0.5454 0.0274
vn 0.8381 0.3337 0.4316
vn 0.0000 -0.4191 0.9080
vn 0.0000 -0.4191 0.9080
vn 0.0000 -0.4191 0.9080
vn 0.0000 -0.4191 0.9080
vn 0.0000 -0.4191 0.9080
vn 0.0000 -0.4191 0.9080
vn 0.0000 -0.4191 0.9080
f 10468//10468 10469//10469 10475//10475 10474//10474
f 10469//10469 10470//10470 10476//10476 10475//10475
f 10470//10470 10471//10471 10477//10477 10476//10476
f 10471//10471 10472//10472 10478//10478 10477//10477
f 10472//10472 10473//10473 10479//10479 10478//10478
f 10473//10473 10468//10468 10474//10474 10479//10479
f 10474//10474 10475//10475 10481//10481 10480//10480
f 10475//10475 10476//10476 10482//10482 10481//10481
f 10476//10476 10477//10477 10483//10483 10482//10482
f 10477//10477 10478//10478 10484//10484 10483//10483
f 10478//10478 10479//10479 10485//10485 10484//10484
f 10479//10479 10474//10474 10480//10480 10485//10485
f 10480//10480 10481//10481 10487//10487 10486//10486
f 10481//10481 10482//10482 10488//10488 10487//10487
f 10482//10482 10483//10483 10489//10489 10488//10488
f 10483//10483 10484//10484 10490//10490 10489//10489
f 10484//10484 10485//10485 10491//10491 10490//10490
f 10485//10485 10480//10480 10486//10486 10491//10491
f 10486//10486 10487//10487 10493//10493 10492//10492
f 10487//10487 10488//10488 10494//10494 10493//10493
f 10488//10488 10489//10489 10495//10495 10494//10494
f 10489//10489 10490//10490 10496//10496 10495//10495
f 10490//10490 10491//10491 10497//10497 10496//10496
f 10491//10491 10486//10486 10492//10492 10497//10497
f 10499//10499 10504//10504 10498//10498
f 10500//10500 10504//10504 10499//10499
f 10501//10501 10504//10504 10500//10500
f 10502//10502 10504//10504 10501//10501
f 10503//10503 10504//10504 10502//10502
f 10498//10498 10504//10504 10503//10503
